time_index,z0,z1,z2,z3,z4,z5,z6,z7,z8,z9,z10,z11,z12,z13,z14,z15,z16,z17,z18,z19,z20,z21,z22,z23,z24,z25,z26,z27,z28,z29,z30,z31,z32,z33,z34,z35,z36,z37,z38,z39,z40,z41,z42,z43,z44,z45,z46,z47,z48,z49,z50,z51,z52,z53,z54,z55,z56,z57,z58,z59,z60,z61,z62,z63
0,0.566405,1.118053,2.048278,0.0,3.89076,0.0,0.417436,1.904209,0.178073,1.260145,0.0,0.0,1.685213,1.478386,1.98433,1.212577,4.698376,1.011881,4.013263,1.58065,1.667488,0.113693,1.320568,1.889532,1.438379,2.944525,1.76113,0.0,0.0,1.661813,0.0,1.776664,0.0,1.178251,4.613522,4.155998,0.0,3.13649,0.110423,0.114906,0.0,1.539805,1.499559,0.0,2.562136,0.0,0.0,0.0,1.146707,0.200511,0.0,3.892684,1.093541,0.0,0.0,0.0,1.152478,0.700712,0.0,0.0,0.0,0.82772,0.0,0.778427
1,0.49551,1.290704,2.052876,0.0,3.671709,0.0,0.452928,2.054452,0.385631,1.271917,0.0,0.0,1.589231,1.366022,1.692709,1.225255,4.574515,0.951343,3.731692,1.550708,1.753571,0.12648,1.441625,1.864775,1.280044,2.742461,1.803119,0.0,0.0,1.597519,0.0,1.876541,0.0,1.028103,4.40589,3.795051,0.0,3.043244,0.0,0.285872,0.0,1.50081,1.516341,0.0,2.567885,0.0,0.0,0.0,1.280214,0.083645,0.0,3.844838,0.965642,0.0,0.0,0.0,1.063942,0.673682,0.0,0.0,0.0,0.925959,0.0,0.633572
2,3.037066,0.0,3.231121,4.333102,0.406994,0.0,0.0,1.618263,4.618075,0.509473,0.0,0.0,0.0,2.309466,7.365043,0.299699,6.491671,0.0,5.333367,4.578351,3.754259,0.655255,2.370922,1.089492,4.353752,3.075113,0.0,0.0,0.0,0.365259,0.0,4.038885,0.0,6.755268,0.53954,7.220643,0.017442,3.498082,4.258272,0.0,0.0,0.0,0.0,0.767745,3.998551,0.0,0.0,0.0,1.043041,1.627501,0.0,2.370615,0.0,2.204381,0.792572,0.0,0.0,0.013454,0.269304,0.0,0.881327,1.992045,0.0,6.80755
3,0.376206,1.109304,1.627226,0.0,3.048432,0.0,0.0,1.68996,0.229138,1.569748,0.0,0.0,1.287174,1.354288,1.171883,0.740472,3.57179,0.994386,2.972317,0.956515,1.489964,0.163793,1.325562,1.436806,0.733222,2.389564,1.410969,0.0,0.0,1.098213,0.0,1.399897,0.0,0.73316,3.298414,3.251664,0.0,2.499582,0.0,0.269133,0.0,1.368601,0.759682,0.0,1.902551,0.0,0.0,0.0,1.162278,0.41556,0.0,3.015101,0.465624,0.004143,0.03568,0.0,0.812166,0.596273,0.00321,0.0,0.0,0.452845,0.0,0.188993
4,0.480898,0.694129,1.382303,0.093819,2.686591,0.0,0.0,1.382962,0.227294,1.282774,0.0,0.0,1.125714,1.227408,1.108034,0.568024,3.141111,1.021711,2.511323,0.832864,1.224925,0.233178,0.880151,1.015265,0.441572,2.112172,0.903102,0.0,0.0,0.951184,0.0,1.099816,0.0,0.721448,2.513417,3.063495,0.0,2.075598,0.0,0.306595,0.0,0.885447,0.551022,0.0,1.49832,0.0,0.0,0.0,0.932769,0.602209,0.0,2.328362,0.391996,0.0,0.268205,0.0,0.65174,0.494704,0.350294,0.0,0.0,0.280203,0.0,0.42819
5,0.23734,0.632909,1.100174,0.0,1.999496,0.0,0.0,1.089193,0.276331,1.367304,0.0,0.0,0.89527,1.243298,0.729907,0.346194,2.46313,0.892407,2.200083,0.465017,0.950152,0.206743,0.873526,0.828439,0.296731,1.899814,0.690878,0.0,0.0,0.65426,0.0,0.739037,0.0,0.479863,2.000483,2.590919,0.0,1.53721,0.0,0.202152,0.0,1.072782,0.392957,0.0,1.138401,0.0,0.0,0.0,0.961703,0.491348,0.0,1.914179,0.330348,0.054132,0.02998,0.0,0.443903,0.542975,0.461673,0.0,0.0,0.038045,0.0,0.322928
6,0.28464,0.113017,0.831206,0.0,1.14302,0.0,0.0,0.516906,0.228967,0.854475,0.0,0.0,0.496159,1.253649,0.568746,0.104247,1.630533,0.453387,1.684318,0.396006,0.575074,0.0,0.508262,0.473938,0.466299,1.330052,0.0,0.0,0.0,0.386014,0.0,0.323888,0.0,0.29504,1.184528,1.684889,0.0,0.838688,0.2351,0.0,0.0,0.897696,0.0,0.059472,0.886757,0.0,0.0,0.0,0.858305,0.300658,0.0,1.412722,0.570998,0.273967,0.0,0.0,0.0,0.522403,0.266561,0.0,0.164847,0.0,0.0,1.01129
7,0.22111,0.015897,0.632764,0.0,0.933697,0.0,0.0,0.467925,0.27904,0.400715,0.0,0.0,0.44388,1.130214,0.673018,0.22983,1.462511,0.401626,1.366002,0.534146,0.549147,0.0,0.346802,0.289015,0.554499,1.014053,0.0,0.0,0.0,0.408061,0.0,0.2279,0.0,0.330007,1.175996,1.504885,0.0,0.662583,0.214605,0.0,0.0,0.636025,0.140481,0.0,0.796361,0.0,0.0,0.0,0.73783,0.265771,0.0,1.201822,0.606231,0.031297,0.0,0.0,0.0,0.474596,0.082057,0.0,0.051073,0.0,0.0,1.140437
8,0.0,0.0,0.593458,0.123215,0.932017,0.0,0.0,0.83171,0.213629,0.797965,0.0,0.0,0.305642,0.763357,0.239876,0.077569,1.452749,0.547724,0.947018,0.27557,0.60698,0.0,0.365277,0.077342,0.2467,1.048892,0.141147,0.0,0.0,0.008663,0.0,0.155355,0.0,0.109409,0.913629,1.354028,0.0,0.799596,0.034082,0.0,0.0,0.680815,0.173176,0.0,0.615668,0.0,0.0,0.0,0.576856,0.322911,0.0,1.179952,0.41284,0.090136,0.0,0.0,0.0,0.356387,0.392163,0.0,0.07099,0.0,0.0,0.797238
9,0.0,0.0,0.412868,0.350738,0.861674,0.0,0.0,0.698608,0.226485,0.442249,0.0,0.0,0.354669,0.816068,0.010687,0.322847,1.177702,0.316474,0.769981,0.344887,0.658542,0.325512,0.41542,0.017234,0.703138,0.781126,0.022383,0.0,0.0,0.197878,0.0,0.488999,0.0,0.298779,0.984975,0.961529,0.0,0.794129,0.201739,0.148935,0.0,0.428664,0.065099,0.0,0.775792,0.0,0.251443,0.0,0.30345,0.520793,0.0,1.133752,0.0,0.0,0.06561,0.0,0.0,0.279736,0.291896,0.0,0.0,0.0,0.0,0.533682
10,0.0,0.187577,0.357821,0.193507,0.77065,0.0,0.0,0.684226,0.478009,0.479895,0.0,0.0,0.592436,0.916516,0.0,0.334784,1.21619,0.230115,0.694911,0.370081,0.841879,0.454269,0.443283,0.065588,0.597892,0.728724,0.039268,0.240287,0.0,0.142413,0.0,0.50237,0.0,0.365715,1.207981,0.915743,0.0,0.701078,0.327699,0.238642,0.149352,0.773583,0.151104,0.0,0.562143,0.0,0.388115,0.0,0.399056,0.59315,0.0,1.224103,0.0,0.0,0.0,0.0,0.208172,0.232919,0.230855,0.0,0.208768,0.0,0.0,0.585481
11,0.0,0.03645,0.399918,0.318639,0.827895,0.0,0.0,0.981744,0.440955,0.845605,0.0,0.0,0.60318,0.918524,0.0,0.034654,1.422329,0.39749,0.703804,0.168655,1.097959,0.463507,0.517524,0.0,0.414724,0.901454,0.145018,0.290442,0.0,0.0,0.0,0.649,0.0,0.411351,1.014945,1.039649,0.0,1.067971,0.282977,0.401812,0.089935,0.803,0.197446,0.0,0.408117,0.0,0.619092,0.0,0.317589,0.838651,0.0,1.142895,0.0,0.0,0.24389,0.0,0.171688,0.073668,0.662658,0.0,0.390581,0.0,0.0,0.652828
12,0.0,0.0,0.352891,0.361178,0.991142,0.0,0.0,0.947219,0.341299,1.102826,0.0,0.0,0.657129,0.95684,0.038357,0.060885,1.320513,0.607544,0.996809,0.062086,1.229951,0.507466,0.526092,0.0,0.371497,0.972469,0.18056,0.444548,0.0,0.0,0.0,0.672538,0.0,0.366847,0.819991,1.049835,0.0,1.26323,0.394029,0.429991,0.123284,0.846223,0.200362,0.0,0.383244,0.0,0.681326,0.0,0.405748,1.018928,0.0,1.162112,0.0,0.0,0.349389,0.0,0.22314,0.0,0.836262,0.0,0.368473,0.033764,0.0,0.784948
13,0.0,0.019726,0.285992,0.342066,0.916207,0.0,0.0,1.147769,0.476001,0.975902,0.0,0.043713,0.751425,1.06274,0.285581,0.192361,1.340482,0.739236,0.630879,0.038921,1.245496,0.457054,0.300543,0.0,0.30241,0.838361,0.07131,0.238843,0.0,0.082661,0.0,0.728877,0.0,0.284861,0.741683,1.073207,0.0,1.294782,0.023385,0.449103,0.373916,0.684241,0.316208,0.0,0.274987,0.0,0.68775,0.0,0.597672,0.926679,0.0,1.015654,0.0,0.0,0.464198,0.0,0.273095,0.0,1.076244,0.0,0.336781,0.186519,0.0,0.543026
14,0.0,0.029887,0.166869,0.401136,0.847894,0.0,0.0,0.912985,0.358395,1.303448,0.0,0.0,0.913076,1.14735,0.0,0.419567,1.025129,0.675046,1.062299,0.0,1.38783,0.84695,0.342987,0.0,0.231447,1.046372,0.148186,0.783453,0.0,0.049107,0.0,0.740545,0.0,0.215081,0.604424,0.939753,0.198335,1.179351,0.358601,0.464627,0.739447,1.057286,0.26683,0.338687,0.293318,0.0,0.890421,0.0,0.553093,1.270252,0.0,0.911168,0.0,0.0,0.528194,0.0,0.760561,0.0,1.305591,0.0,0.325456,0.215551,0.0,0.441167
15,0.0,0.0,0.0,0.459647,0.632417,0.0,0.0,0.86716,0.358658,1.582983,0.0,0.0,0.953084,1.212681,0.0,0.357632,0.819431,0.658402,1.384519,0.0,1.555332,0.759363,0.310656,0.0,0.132275,1.288622,0.268212,0.993722,0.0,0.064725,0.0,0.677004,0.0,0.265357,0.436254,0.928063,0.61347,1.369865,0.505496,0.340726,1.091524,1.43158,0.365721,0.898888,0.108205,0.0,0.775979,0.0,0.781076,1.41158,0.0,0.655889,0.0,0.0,0.639366,0.0,0.941119,0.0,1.707724,0.0,0.344052,0.482911,0.0,0.519846
16,0.0,0.0,0.0,0.67426,0.533457,0.0,0.0,0.823293,0.387021,1.794398,0.0,0.0,1.018328,1.146156,0.0,0.48154,0.673956,0.51957,1.702439,0.0,1.646699,0.967978,0.245012,0.0,0.0,1.52597,0.390176,1.255283,0.0,0.0,0.0,0.669067,0.0,0.263046,0.33818,0.866024,0.989388,1.471575,0.749409,0.387378,1.391345,1.588703,0.475999,1.308471,0.118607,0.0,0.882567,0.0,0.778034,1.764444,0.0,0.515187,0.0,0.0,0.807799,0.0,1.236308,0.0,1.921586,0.0,0.335845,0.482966,0.0,0.638529
17,0.0,0.0,0.009977,0.549418,0.691376,0.0,0.0,0.826386,0.410562,1.476687,0.0,0.074802,1.093136,1.296856,0.239757,0.76784,0.617319,0.831613,1.41079,0.0,1.47511,0.554314,0.05237,0.0,0.015459,1.05814,0.33131,0.978578,0.0,0.226067,0.0,0.591352,0.0,0.033703,0.340121,0.842367,0.922618,1.285436,0.42209,0.356055,1.391726,1.391233,0.546886,1.09062,0.116728,0.0,0.579813,0.0,1.005636,1.42421,0.0,0.394999,0.0,0.0,0.68892,0.0,0.92886,0.0,1.870722,0.0,0.055073,0.863632,0.0,0.576672
18,0.0,0.0,0.093559,0.695667,0.942985,0.0,0.0,0.835774,0.386164,1.28552,0.0,0.019781,1.19776,1.219953,0.026889,1.054965,0.530784,0.895195,1.376417,0.05398,1.321294,0.688577,0.0,0.0,0.0,0.897142,0.352715,0.989212,0.0,0.15248,0.0,0.620846,0.0,0.0,0.373678,0.744193,0.985918,1.071722,0.419494,0.554683,1.317201,1.084949,0.634847,0.858409,0.317346,0.0,0.601203,0.0,0.81819,1.603587,0.0,0.38927,0.0,0.0,0.726938,0.0,0.995608,0.0,1.658214,0.0,0.0,0.744622,0.0,0.573257
19,0.0,0.0,0.147124,0.675368,0.846496,0.0,0.0,0.6986,0.313054,1.009065,0.0,0.0,1.175305,1.056174,0.209426,1.016686,0.40269,0.890279,1.084886,0.168595,1.139018,0.487849,0.0,0.0,0.0,0.773208,0.42572,0.768121,0.0,0.216348,0.0,0.513385,0.0,0.0,0.426276,0.559636,0.953397,1.043519,0.240695,0.517364,1.229669,1.016979,0.617385,0.733039,0.379129,0.0,0.422704,0.0,0.80563,1.495306,0.0,0.316688,0.0,0.0,0.66444,0.0,0.858062,0.0,1.582608,0.0,0.0,0.523577,0.0,0.553807
20,0.0,0.0,0.047114,0.551647,0.918708,0.0,0.0,0.389693,0.369055,0.592138,0.0,0.0,1.317392,0.975047,0.316192,1.034873,0.365269,1.150998,0.691506,0.110472,0.902001,0.360013,0.0,0.0,0.0,0.532767,0.435139,0.72457,0.0,0.450484,0.0,0.286682,0.0,0.0,0.685988,0.549641,0.754248,0.671915,0.004805,0.525278,0.885459,0.982104,0.498467,0.63537,0.249313,0.0,0.151821,0.0,0.979595,1.294764,0.0,0.239119,0.0,0.0,0.507212,0.0,0.621396,0.0,1.118964,0.0,0.0,0.208045,0.0,0.568147
21,0.0,0.0,0.0,0.299543,0.829511,0.0,0.0,0.176282,0.571489,0.405543,0.0,0.0,1.307223,0.902041,0.379952,0.918432,0.473301,1.165967,0.424251,0.0,0.697424,0.298306,0.0,0.213846,0.0,0.350654,0.398874,0.590555,0.0,0.685228,0.0,0.206561,0.0,0.0,0.982035,0.427447,0.587151,0.419525,0.0,0.469482,0.662742,0.956631,0.273668,0.49843,0.219425,0.0,0.0,0.0,1.074243,1.072112,0.0,0.137485,0.0,0.114486,0.354265,0.0,0.337318,0.0,0.623163,0.0,0.0,0.05255,0.0,0.449591
22,0.179693,0.170152,0.068769,0.350676,0.68493,0.0,0.0,0.029461,0.797776,0.427544,0.0,0.0,1.198774,0.759131,0.122921,0.873249,0.368131,0.977547,0.391185,0.0,0.609236,0.365887,0.0,0.469926,0.0,0.257949,0.358975,0.408265,0.0,0.653227,0.173743,0.253668,0.0,0.0,0.948199,0.305271,0.625027,0.217396,0.105546,0.407477,0.641257,0.973378,0.069919,0.318907,0.324729,0.0,0.0,0.0,0.892029,0.960654,0.0,0.108425,0.0,0.231351,0.193521,0.0,0.242455,0.0,0.388482,0.0,0.0,0.03555,0.0,0.124633
23,0.220253,0.159142,0.04245,0.358396,0.6031,0.0,0.0,0.07584,0.638269,0.443643,0.0,0.0,0.996207,0.674138,0.02952,0.71775,0.279105,0.88633,0.448286,0.02495,0.52663,0.355774,0.032571,0.316694,0.045233,0.266877,0.37065,0.237072,0.0,0.650284,0.25793,0.177724,0.0,0.0,0.675361,0.19071,0.511086,0.149538,0.193651,0.328377,0.662249,0.835088,0.051088,0.268337,0.306807,0.0,0.0,0.0,0.618737,0.857859,0.0,0.055047,0.0,0.304371,0.217443,0.0,0.193341,0.0,0.380678,0.0,0.0,0.18658,0.0,0.066034
24,0.178013,0.0,0.0,0.442096,0.385894,0.0,0.0,0.315324,0.384639,0.583262,0.0,0.0,0.701411,0.548545,0.0,0.596111,0.20203,0.699422,0.457547,0.029435,0.538804,0.33944,0.0,0.105459,0.0,0.539711,0.468033,0.243382,0.0,0.374253,0.0,0.132431,0.0,0.0,0.199417,0.321929,0.44265,0.335635,0.095829,0.328257,0.76369,0.789052,0.27508,0.363233,0.06031,0.0,0.066529,0.0,0.416971,0.931652,0.0,0.005649,0.0,0.262606,0.44728,0.0,0.399677,0.0,0.749577,0.0,0.0,0.323613,0.0,0.02987
25,0.10504,0.0,0.0,0.237998,0.20609,0.0,0.0,0.108842,0.323179,0.786625,0.0,0.0,0.513172,0.58068,0.0,0.61872,0.163854,0.540277,0.631085,0.0,0.385715,0.161144,0.109877,0.0,0.0,0.583619,0.308303,0.217518,0.0,0.34875,0.055288,0.0,0.0,0.0,0.030209,0.479033,0.381785,0.483737,0.323194,0.186273,0.934491,0.953382,0.3247,0.750145,0.0,0.0,0.003602,0.0,0.490395,0.683469,0.0,0.236269,0.0,0.173358,0.098214,0.0,0.25918,0.007564,0.627949,0.0,0.057478,0.521982,0.0,0.147171
26,0.150924,0.0,0.0,0.15395,0.035349,0.0,0.0,0.0,0.173954,0.66518,0.0,0.0,0.407454,0.513893,0.0,0.579214,0.0,0.289051,0.411734,0.0,0.262761,0.280789,0.199173,0.129268,0.0,0.49591,0.265265,0.046252,0.0,0.315712,0.151053,0.0,0.0,0.0,0.0,0.29448,0.381217,0.312897,0.397919,0.17389,0.971251,0.767036,0.304353,0.857702,0.0,0.0,0.052485,0.0,0.298602,0.815829,0.0,0.151561,0.0,0.138663,0.290306,0.0,0.338626,0.038032,0.522023,0.0,0.0,0.634255,0.0,0.0
27,0.085138,0.0,0.0,0.106628,0.0,0.0,0.215107,0.0,0.127796,0.839771,0.0,0.111704,0.097708,0.382699,0.026497,0.608873,0.0,0.0,0.369759,0.0,0.134267,0.203353,0.400462,0.287614,0.0,0.644348,0.144811,0.0,0.0,0.295581,0.344002,0.0,0.0,0.0,0.0,0.142796,0.533701,0.276682,0.624426,0.01064,0.92664,0.779584,0.241059,0.943853,0.0,0.0,0.142667,0.0,0.18822,0.778387,0.0,0.2931,0.0,0.208973,0.207096,0.0,0.258856,0.0,0.37577,0.0,0.0,0.709634,0.0,0.0
28,0.149337,0.0,0.0,0.165634,0.0,0.0,0.237709,0.0,0.224937,0.970451,0.0,0.113166,0.0,0.324243,0.1543,0.44291,0.079459,0.0,0.289786,0.0,0.068451,0.198136,0.486996,0.331014,0.0,0.732683,0.086531,0.0,0.0,0.286505,0.567405,0.0,0.0,0.15503,0.0,0.227183,0.526024,0.124859,0.832108,0.0,0.926003,0.764566,0.263552,1.106887,0.024893,0.0,0.219619,0.0,0.067859,0.715331,0.0,0.416683,0.0,0.244615,0.246488,0.0,0.316733,0.0,0.354889,0.0,0.002187,0.752349,0.0,0.036942
29,0.326664,0.19368,0.0,0.244033,0.0,0.0,0.130303,0.0,0.561761,1.360549,0.0,0.037624,0.0,0.277108,0.0,0.440868,0.169978,0.0,0.283753,0.0,0.0,0.321999,0.879145,0.365539,0.041746,1.027021,0.176414,0.0,0.0,0.544338,0.953267,0.0,0.0,0.490943,0.0,0.166427,0.818304,0.128913,1.213744,0.0,1.190018,0.888875,0.397172,1.298175,0.0,0.0,0.410911,0.0,0.0,0.723822,0.0,0.428867,0.0,0.369322,0.209214,0.0,0.472993,0.0,0.38476,0.0,0.027413,0.817797,0.0,0.0
30,0.362816,0.190683,0.0,0.397309,0.0,0.0,0.138245,0.0,0.585285,1.239559,0.0,0.0,0.0,0.024965,0.195142,0.334639,0.01944,0.0,0.117807,0.0,0.0,0.243478,1.013492,0.356688,0.079324,0.993613,0.134055,0.0,0.086005,0.517003,1.241522,0.0,0.0,0.641768,0.0,0.091798,0.824141,0.097425,1.235174,0.004435,1.05273,0.837183,0.35763,1.263052,0.019952,0.0,0.379893,0.0,0.0,0.455368,0.0,0.654495,0.0,0.470988,0.042171,0.0,0.413454,0.053002,0.199823,0.0,0.00345,0.826449,0.0,0.011135
31,0.372966,0.435475,0.0,0.332809,0.0,0.0,0.316887,0.0,0.643428,1.071649,0.0,0.046351,0.024711,0.038039,0.199303,0.184168,0.0,0.0,0.0,0.0,0.0,0.328407,1.199772,0.431177,0.0,0.764417,0.098948,0.0,0.329334,0.381872,1.181986,0.0,0.0,0.769292,0.0,0.0,0.732855,0.245874,0.97325,0.220046,1.070279,0.839213,0.392804,1.165762,0.0,0.0,0.683234,0.0,0.0,0.015773,0.0,0.789967,0.005046,0.596176,0.0,0.0,0.559932,0.218072,0.034849,0.0,0.013695,0.637333,0.0,0.005667
32,0.322581,0.730542,0.0,0.630278,0.0,0.0,0.343289,0.035401,0.635304,0.815013,0.0,0.0,0.26942,0.0,0.238728,0.250509,0.0,0.0,0.0,0.146271,0.0,0.396215,1.451137,0.70656,0.05768,0.41307,0.090041,0.0,0.414113,0.586968,1.33116,0.0,0.0,0.865049,0.087406,0.0,0.709072,0.0,0.80089,0.339243,1.12264,0.46883,0.415447,0.957717,0.0,0.0,0.520653,0.0,0.0,0.0,0.0,0.561747,0.0,0.713183,0.19482,0.041975,0.491692,0.3138,0.0,0.0,0.0,0.393641,0.0,0.0
33,0.368724,0.705959,0.0,0.697232,0.0,0.0,0.393153,0.076308,0.71338,0.849646,0.0,0.016406,0.215493,0.0,0.15875,0.242053,0.0,0.0,0.0,0.06157,0.0,0.43882,1.323637,0.735758,0.143776,0.476501,0.06695,0.0,0.338344,0.605933,1.316562,0.0,0.0,0.781262,0.099979,0.0,0.652897,0.0,0.926129,0.391238,0.886938,0.321154,0.365343,0.841474,0.0,0.0,0.480057,0.0,0.0,0.0,0.0,0.581505,0.0,0.799485,0.187611,0.0,0.34224,0.210159,0.0,0.0,0.0,0.282484,0.0,0.0
34,0.406254,0.402174,0.0,0.36307,0.0,0.0,0.321783,0.1848,0.51761,1.011356,0.0,0.167655,0.0,0.0,0.091208,0.018586,0.0,0.0,0.0,0.0,0.0,0.327855,1.033772,0.775198,0.0,0.536194,0.222031,0.0,0.479411,0.198635,1.104909,0.0,0.0,0.599465,0.0,0.0,0.469896,0.07323,0.776972,0.331995,0.57365,0.387596,0.319268,0.876446,0.060282,0.0,0.50446,0.0,0.0,0.0,0.0,1.046872,0.113559,0.792339,0.114654,0.0,0.325395,0.178548,0.0,0.0,0.0,0.297492,0.0,0.0
35,0.378277,0.267367,0.0,0.413464,0.0,0.0,0.483828,0.378289,0.396993,0.774847,0.0,0.033882,0.0,0.0,0.11719,0.14541,0.0,0.0,0.0,0.0,0.0,0.389216,1.028126,0.924153,0.036216,0.282452,0.258424,0.0,0.386945,0.304991,1.048679,0.0,0.0,0.491974,0.05856,0.0,0.336637,0.0,0.806913,0.416981,0.545363,0.123174,0.159443,0.774397,0.0,0.0,0.321568,0.0,0.0,0.0,0.0,1.112481,0.0,0.950614,0.182308,0.0,0.175154,0.300232,0.0,0.0,0.0,0.43974,0.0,0.0
36,0.610702,0.358261,0.0,0.496888,0.0,0.0,0.450549,0.232228,0.460519,1.175891,0.0,0.094086,0.0,0.023468,0.260407,0.0,0.0,0.0,0.082267,0.081156,0.0,0.352859,1.294878,1.211691,0.137221,0.463765,0.063882,0.0,0.723429,0.367713,1.249823,0.0,0.0,0.756269,0.089372,0.090924,0.479911,0.0,0.621426,0.173468,0.576662,0.298385,0.278999,0.907171,0.023816,0.0,0.237461,0.0,0.0,0.0,0.0,1.175712,0.0,1.00435,0.052228,0.0,0.33911,0.439609,0.0,0.0,0.0,0.316902,0.0,0.0
37,0.715307,0.257467,0.088445,0.318394,0.0,0.0,0.569234,0.136137,0.455399,1.411616,0.0,0.155884,0.0,0.0,0.312655,0.0,0.0,0.0,0.275581,0.0,0.0,0.320156,1.007928,1.235615,0.069083,0.838143,0.075164,0.0,0.711806,0.35647,1.379167,0.0,0.0,0.690918,0.006755,0.0,0.424556,0.0,1.077201,0.119844,0.328413,0.433509,0.264853,0.910207,0.162602,0.0,0.142204,0.0,0.0,0.0,0.0,1.385531,0.123212,0.818127,0.0,0.0,0.287606,0.456804,0.0,0.0,0.013775,0.33198,0.0,0.129992
38,0.783049,0.620665,0.079021,0.495502,0.0,0.0,0.75115,0.104672,0.813563,1.34161,0.0,0.127177,0.0,0.0,0.530108,0.051553,0.0,0.0,0.338624,0.0,0.0,0.473494,1.223811,1.412006,0.229788,0.777686,0.0,0.0,0.827384,0.438835,1.543152,0.0,0.0,0.945463,0.397972,0.0,0.57731,0.0,0.97906,0.125976,0.452061,0.45689,0.160666,0.919783,0.293506,0.0,0.284958,0.0,0.0,0.0,0.0,1.025317,0.0,0.888967,0.019849,0.0,0.394063,0.52861,0.0,0.0,0.0,0.250484,0.0,0.0
39,0.726895,0.451688,0.0,0.295577,0.0,0.0,0.619289,0.182111,0.764366,1.646445,0.0,0.080962,0.0,0.191504,0.217344,0.0,0.0,0.0,0.603111,0.0,0.0,0.31192,1.342538,1.168506,0.283955,1.044739,0.154259,0.0,0.636673,0.358221,1.46667,0.0,0.0,0.78957,0.311007,0.012774,0.559536,0.0,1.091268,0.018884,0.451393,0.73736,0.148974,0.997717,0.145863,0.0,0.266146,0.0,0.0,0.0,0.0,1.007081,0.0,0.856146,0.0,0.0,0.215188,0.478015,0.0,0.0,0.019911,0.266071,0.0,0.0
40,0.677238,0.252042,0.0,0.086924,0.0,0.0,0.609058,0.155426,0.463555,1.664944,0.0,0.0,0.0,0.241097,0.04788,0.039847,0.0,0.0,0.638549,0.0,0.0,0.103687,1.213583,0.914758,0.261191,1.179355,0.200901,0.0,0.524247,0.39585,1.258828,0.0,0.0,0.577585,0.127739,0.036759,0.484012,0.0,1.073701,0.0,0.342741,0.92857,0.004145,0.92881,0.155932,0.0,0.106166,0.0,0.0,0.024324,0.0,1.07617,0.275433,0.814963,0.0,0.0,0.075325,0.433848,0.0,0.0,0.0,0.287778,0.0,0.103931
41,0.730287,0.438297,0.080544,0.068582,0.0,0.0,0.756184,0.119753,0.516765,1.348312,0.0,0.0,0.0,0.229661,0.142995,0.232834,0.0,0.0,0.591912,0.0,0.0,0.072984,1.027475,1.04408,0.427776,0.967318,0.0,0.0,0.490309,0.421374,1.152776,0.0,0.0,0.46846,0.376245,0.0,0.361371,0.0,0.977147,0.0,0.294065,0.899991,0.0,0.711271,0.374633,0.0,0.048704,0.0,0.0,0.0,0.0,0.819071,0.277046,0.77954,0.0,0.0,0.0,0.504858,0.0,0.0,0.0,0.128497,0.0,0.070662
42,0.689854,0.30733,0.0,0.0,0.101885,0.0,0.966491,0.198309,0.173213,0.562682,0.0,0.0,0.0,0.367789,0.394499,0.465935,0.0,0.32837,0.512055,0.0,0.0,0.0,0.653323,1.114904,0.360962,0.688399,0.0,0.0,0.557612,0.47667,0.889904,0.0,0.0,0.374776,0.693258,0.023071,0.139337,0.0,0.672567,0.0,0.0,0.713772,0.0,0.40818,0.632583,0.0,0.0,0.0,0.282594,0.106958,0.0,0.610426,0.462272,0.823996,0.112673,0.0,0.0,0.479735,0.0,0.0,0.0,0.080068,0.0,0.21588
43,0.686677,0.235771,0.0,0.0,0.264661,0.0,0.729279,0.092113,0.136382,0.693039,0.0,0.0,0.0,0.390204,0.334161,0.591351,0.0,0.627522,0.745728,0.0,0.0,0.0,0.368743,1.094643,0.245575,0.768647,0.042359,0.0,0.522043,0.555318,0.809978,0.0,0.0,0.122587,0.853731,0.095029,0.16999,0.0,0.558319,0.0,0.0,0.728251,0.0,0.366409,0.832023,0.0,0.0,0.0,0.719943,0.208909,0.0,0.555385,0.703596,0.772547,0.071327,0.0,0.0,0.349774,0.0,0.0,0.0,0.0,0.0,0.423198
44,0.648217,0.464776,0.0,0.104749,0.659109,0.0,0.679435,0.0,0.474764,0.471183,0.0,0.0,0.156576,0.481118,0.419798,0.528644,0.010466,0.55461,0.682282,0.0,0.0,0.0,0.395258,1.060879,0.347096,0.754475,0.0,0.0,0.526095,0.748991,0.742061,0.0,0.0,0.195932,1.239248,0.016649,0.340536,0.0,0.349948,0.03483,0.0,0.712142,0.0,0.265647,1.010022,0.0,0.0,0.0,0.674631,0.162846,0.0,0.072981,0.433885,0.758692,0.290403,0.0,0.0,0.31012,0.0,0.0,0.0,0.0,0.0,0.0
45,0.747906,0.320337,0.0,0.138468,0.843807,0.0,0.625604,0.0,0.363303,0.14458,0.0,0.0,0.273099,0.54472,0.50741,0.560513,0.059198,0.70707,0.692628,0.0,0.0,0.0,0.265994,1.017879,0.265307,0.646091,0.014512,0.0,0.562628,0.829747,0.723208,0.0,0.0,0.157586,1.407212,0.061795,0.325938,0.0,0.283632,0.0,0.0,0.609412,0.0,0.243715,0.908558,0.0,0.0,0.0,0.959566,0.296519,0.0,0.099667,0.479801,0.665515,0.398701,0.0,0.149692,0.208372,0.0,0.0,0.0,0.0,0.0,0.165229
46,0.332865,0.341215,0.0,0.22126,0.814071,0.0,0.199233,0.268481,0.297585,0.188404,0.0,0.0,0.553596,0.540158,0.271723,0.549602,0.187179,0.704271,0.527449,0.042183,0.046327,0.0,0.236844,0.552037,0.345525,0.403393,0.037638,0.016973,0.202686,0.698419,0.424936,0.0,0.0,0.00168,1.047859,0.186335,0.255052,0.099268,0.196949,0.332686,0.139914,0.574315,0.0,0.156355,0.721636,0.0,0.0,0.0,0.643574,0.32345,0.0,0.255953,0.456549,0.673484,0.310263,0.0,0.18017,0.233925,0.0,0.0,0.0,0.0,0.0,0.233439
47,0.290934,0.492768,0.0,0.555411,0.804213,0.0,0.041723,0.437784,0.562952,0.013863,0.0,0.0,0.694551,0.400714,0.223972,0.78797,0.436705,0.706042,0.256348,0.100995,0.070844,0.254616,0.341458,0.564885,0.175639,0.259084,0.062597,0.0,0.0,0.676418,0.433762,0.0,0.0,0.034134,0.993664,0.213736,0.483291,0.0,0.240507,0.395783,0.318789,0.416429,0.147111,0.0,0.612707,0.0,0.0,0.0,0.547675,0.67167,0.0,0.117242,0.082574,0.595219,0.562737,0.0,0.290969,0.045112,0.0,0.0,0.0,0.0,0.0,0.008331
48,0.0,0.162883,0.0,0.399447,0.519413,0.0,0.0,0.535855,0.164922,0.2311,0.0,0.0,0.509137,0.406036,0.180207,0.795727,0.278345,0.445577,0.080139,0.121775,0.140334,0.0,0.117344,0.148823,0.020836,0.476541,0.285044,0.229816,0.0,0.312541,0.000137,0.023081,0.0,0.0,0.626994,0.204399,0.601306,0.257753,0.032129,0.471215,0.435204,0.506475,0.292946,0.197092,0.408324,0.0,0.0,0.0,0.700932,0.771984,0.0,0.414792,0.287811,0.403216,0.603996,0.0,0.310048,0.0,0.274502,0.0,0.0,0.071055,0.0,0.338693
49,0.0,0.058577,0.0,0.528397,0.368658,0.0,0.0,0.445651,0.228811,0.303846,0.0,0.0,0.474185,0.440118,0.082798,0.917614,0.456712,0.320726,0.053568,0.171164,0.191743,0.190395,0.03684,0.122025,0.0,0.535248,0.214765,0.316945,0.0,0.163303,0.0,0.094786,0.0,0.0,0.62343,0.341013,0.730871,0.260361,0.190168,0.448564,0.504188,0.530141,0.437115,0.356999,0.297583,0.0,0.119929,0.0,0.765081,1.008674,0.0,0.448969,0.229787,0.267306,0.726258,0.0,0.408125,0.0,0.384981,0.0,0.0,0.0,0.0,0.481765
50,0.0,0.060683,0.03441,0.613494,0.169884,0.0,0.0,0.471197,0.274884,0.418253,0.0,0.0,0.349573,0.37364,0.194362,0.922418,0.484919,0.105994,0.0,0.326478,0.167922,0.081584,0.02205,0.061188,0.098203,0.744138,0.175406,0.119636,0.0,0.2061,0.0,0.214809,0.0,0.0,0.589854,0.16491,0.872359,0.379216,0.225903,0.407449,0.605668,0.607566,0.371003,0.433671,0.428218,0.0,0.128605,0.0,0.680352,1.151382,0.0,0.263189,0.179536,0.170409,0.7253,0.0,0.447418,0.0,0.578025,0.0,0.0,0.0,0.0,0.309907
51,0.0,0.0,0.0296,0.44419,0.155995,0.0,0.0,0.220519,0.230092,0.433374,0.0,0.0,0.3266,0.53948,0.094345,0.889453,0.487316,0.217167,0.208746,0.148628,0.087768,0.028818,0.137612,0.0,0.097695,0.806593,0.061499,0.330921,0.0,0.329065,0.0,0.188996,0.0,0.0,0.65319,0.314868,0.817362,0.108034,0.42379,0.294233,0.531594,0.766423,0.364864,0.676302,0.327485,0.0,0.0,0.0,0.831893,1.14509,0.0,0.325947,0.066698,0.0,0.600688,0.0,0.290709,0.0,0.422929,0.0,0.0,0.0,0.0,0.501481
52,0.0,0.0,0.070068,0.320749,0.187017,0.0,0.0,0.106502,0.156122,0.257828,0.0,0.0,0.308503,0.497646,0.219286,0.910049,0.50857,0.413041,0.159465,0.182396,0.085475,0.0,0.0,0.091296,0.038418,0.754802,0.066625,0.24248,0.0,0.424982,0.0,0.0,0.0,0.0,0.813318,0.385437,0.612408,0.0,0.297902,0.188829,0.346053,0.736137,0.350857,0.520205,0.423594,0.0,0.0,0.0,0.993267,1.03688,0.0,0.376187,0.346868,0.0,0.459082,0.0,0.100388,0.0,0.123247,0.0,0.0,0.0,0.0,0.667704
53,0.0,0.0,0.108767,0.182481,0.178449,0.0,0.0,0.089494,0.322137,0.280976,0.0,0.0,0.377473,0.547691,0.219204,0.761127,0.518354,0.490943,0.202829,0.199132,0.200433,0.0,0.010261,0.160781,0.159084,0.663448,0.089118,0.222852,0.0,0.499549,0.0,0.0,0.0,0.0,0.949298,0.3694,0.539548,0.0,0.295742,0.162661,0.4012,0.918178,0.249259,0.42533,0.460777,0.0,0.0,0.0,1.085056,0.857304,0.0,0.442871,0.45407,0.0,0.24334,0.0,0.0,0.052006,0.009703,0.0,0.0,0.0,0.0,0.658868
54,0.0,0.0,0.0,0.324572,0.482878,0.0,0.0,0.256255,0.394246,0.076471,0.0,0.0,0.512689,0.695338,0.124942,0.568455,0.569877,0.690934,0.194352,0.15456,0.145641,0.0,0.122293,0.198832,0.177082,0.422748,0.04089,0.171196,0.0,0.509314,0.0,0.157873,0.0,0.0,1.003352,0.404019,0.462814,0.019555,0.069833,0.278137,0.241746,0.761235,0.148443,0.008854,0.53407,0.0,0.0,0.0,0.751657,0.742201,0.0,0.419739,0.278755,0.151728,0.34873,0.0,0.0,0.086947,0.008968,0.0,0.0,0.0,0.0,0.377866
55,0.0,0.0,0.0,0.239922,0.546791,0.0,0.0,0.235344,0.330706,0.0,0.0,0.0,0.631927,0.752879,0.270311,0.476187,0.632587,0.804601,0.252909,0.187256,0.255142,0.0,0.140999,0.038243,0.268179,0.193827,0.143893,0.205571,0.0,0.553516,0.051941,0.054325,0.0,0.0,1.104228,0.308426,0.297573,0.097399,0.019659,0.251999,0.213317,0.677211,0.227968,0.0,0.502059,0.0,0.0,0.0,0.772282,0.587163,0.0,0.520177,0.427754,0.20913,0.343801,0.0,0.0,0.021081,0.0,0.0,0.0,0.0,0.0,0.703062
56,0.0,0.015673,0.0,0.565768,0.661429,0.0,0.0,0.354464,0.656757,0.064055,0.0,0.0,0.751752,0.57844,0.0,0.591238,0.816005,0.740124,0.258482,0.035471,0.494564,0.051801,0.120004,0.085117,0.05547,0.119729,0.311017,0.272863,0.0,0.36703,0.0,0.229688,0.0,0.0,1.032134,0.405901,0.355632,0.265186,0.137381,0.522067,0.301142,0.635656,0.188463,0.0,0.597859,0.0,0.137289,0.0,0.510707,0.68739,0.0,0.622751,0.243092,0.382502,0.463274,0.0,0.010007,0.0,0.142262,0.0,0.0,0.0,0.0,0.501079
57,0.0,0.556154,0.0,0.81466,0.710434,0.0,0.0,0.571609,0.966968,0.0,0.0,0.0,1.134344,0.507694,0.089449,0.633091,1.10337,0.893884,0.0,0.079727,0.465698,0.317402,0.515128,0.155497,0.290463,0.0,0.248545,0.0,0.0,0.77147,0.24472,0.282511,0.0,0.031166,1.158112,0.024887,0.390552,0.14543,0.209834,0.709823,0.509889,0.472528,0.304816,0.0,0.681047,0.0,0.145422,0.0,0.088952,0.540548,0.0,0.288932,0.0,0.768377,0.34412,0.0,0.050741,0.047932,0.0,0.0,0.0,0.0,0.0,0.197332
58,0.04762,0.47874,0.0,0.697804,0.604428,0.0,0.0,0.370575,0.83461,0.0,0.0,0.0,1.047793,0.426856,0.0,0.768277,0.633768,0.76598,0.061183,0.0,0.571071,0.062897,0.251805,0.192661,0.058245,0.0,0.626608,0.242268,0.0,0.492088,0.165686,0.265149,0.0,0.0,0.828344,0.0,0.539367,0.278761,0.302671,0.839459,0.547639,0.489442,0.175061,0.0,0.675888,0.0,0.156725,0.0,0.297961,0.686571,0.0,0.508525,0.0,0.803557,0.371014,0.0,0.215699,0.0,0.153287,0.0,0.0,0.0,0.0,0.136333
59,0.31251,0.655507,0.0,0.67436,0.496267,0.0,0.0,0.410746,0.913841,0.0,0.0,0.0,1.261349,0.201576,0.361828,0.641499,0.449269,0.757897,0.0,0.0,0.520399,0.049419,0.367723,0.363162,0.0,0.0,0.702461,0.0,0.081207,0.801219,0.545131,0.0,0.0,0.0,0.867024,0.0,0.492519,0.121088,0.13562,0.801229,0.587486,0.346053,0.169988,0.0,0.73711,0.0,0.0,0.0,0.255065,0.441383,0.0,0.336707,0.0,1.063242,0.259321,0.0,0.39529,0.0,0.0,0.0,0.066703,0.0,0.0,0.0
60,0.495161,1.118175,0.0,0.940196,0.443986,0.0,0.0,0.309765,1.195218,0.0,0.0,0.0,1.57302,0.381406,0.505754,0.639918,0.545192,0.806895,0.0,0.0,0.57588,0.121749,0.614744,0.542473,0.003648,0.0,0.656803,0.0,0.310481,0.959315,0.689835,0.0,0.0,0.0,1.070173,0.0,0.592787,0.076998,0.074389,0.965556,0.851798,0.376376,0.132125,0.080651,0.629153,0.0,0.0,0.0,0.180991,0.330555,0.0,0.0,0.0,1.123643,0.279709,0.0,0.63025,0.035963,0.0,0.0,0.0,0.046255,0.0,0.0
61,0.570771,1.232346,0.0,1.114715,0.476655,0.0,0.0,0.211756,1.356908,0.0,0.0,0.0,1.788952,0.457724,0.484678,0.796239,0.740472,0.928433,0.0,0.0,0.62817,0.347493,0.74668,0.717749,0.0,0.0,0.733535,0.0,0.197438,1.040041,0.745652,0.0,0.0,0.0,1.189077,0.0,0.63132,0.0,0.205794,1.00101,0.970168,0.36725,0.144378,0.282815,0.485328,0.0,0.0,0.0,0.182413,0.462547,0.0,0.0,0.0,1.077434,0.331368,0.0,0.72429,0.0,0.085333,0.0,0.0,0.054954,0.0,0.0
62,0.396955,0.994448,0.0,1.058062,0.337511,0.0,0.0,0.321113,1.172558,0.0,0.0,0.0,1.801535,0.395466,0.390121,0.99152,0.747594,0.895232,0.013505,0.0,0.813566,0.315532,0.687749,0.653988,0.0,0.0,0.861317,0.0,0.110999,1.196427,0.718155,0.065303,0.0,0.0,0.884055,0.0,0.360378,0.122006,0.11591,0.949653,1.198171,0.418158,0.232358,0.302389,0.528214,0.0,0.153648,0.0,0.155928,0.409763,0.0,0.0,0.0,1.048087,0.068979,0.0,0.731069,0.0,0.181371,0.0,0.0,0.474591,0.0,0.0
63,0.323685,0.505431,0.0,0.95143,0.341017,0.0,0.0,0.179444,0.904191,0.374602,0.0,0.0,1.639481,0.634188,0.0,1.179663,0.56413,0.855573,0.550363,0.0,1.045043,0.191101,0.52861,0.38718,0.0,0.0,1.122214,0.179871,0.0,0.941247,0.590169,0.319478,0.0,0.0,0.531989,0.0,0.672565,0.336836,0.549276,0.918588,1.313116,0.680682,0.321391,0.685451,0.45796,0.0,0.072355,0.0,0.214057,0.77517,0.0,0.0,0.0,0.891789,0.0,0.0,0.583421,0.0,0.465623,0.0,0.0,0.638656,0.0,0.0
64,0.298318,0.222561,0.0,0.947063,0.432399,0.0,0.0,0.032497,0.793545,0.521719,0.0,0.0,1.600112,0.795524,0.019071,1.211106,0.608832,0.822519,0.876462,0.0,1.200481,0.132232,0.443549,0.242825,0.0,0.0,1.03101,0.192964,0.0,0.867583,0.514771,0.382343,0.0,0.0,0.473744,0.0,0.722888,0.439282,0.663029,0.871578,1.340341,0.704478,0.314926,0.884959,0.495635,0.0,0.0,0.0,0.158544,0.904037,0.0,0.03492,0.0,0.700426,0.0,0.0,0.54864,0.0,0.545329,0.0,0.0,0.812642,0.0,0.0
65,0.23064,0.048446,0.0,0.897332,0.533847,0.0,0.0,0.042804,0.844095,0.459716,0.0,0.0,1.546369,0.762213,0.138998,1.186141,0.680037,0.878898,0.86879,0.0,1.19078,0.267754,0.221058,0.296841,0.0,0.0,0.872904,0.174401,0.0,0.796508,0.340123,0.238226,0.0,0.0,0.587043,0.21495,0.557644,0.369157,0.575825,0.82458,1.214988,0.581059,0.329718,0.912491,0.418125,0.0,0.124044,0.0,0.207106,0.93548,0.0,0.005233,0.0,0.533631,0.0,0.0,0.700379,0.0,0.679804,0.0,0.0,0.762405,0.0,0.0
66,0.19429,0.019292,0.0,0.652485,0.508228,0.0,0.0,0.027376,0.678591,0.629922,0.0,0.0,1.460245,0.698553,0.183193,1.061525,0.413866,0.821125,0.795693,0.0,1.140774,0.24489,0.138094,0.384438,0.0,0.011476,0.880038,0.319841,0.0,0.648767,0.198831,0.191013,0.0,0.0,0.541818,0.193257,0.727231,0.442889,0.554487,0.80526,1.140337,0.649707,0.368453,1.014663,0.256593,0.0,0.132991,0.0,0.376941,1.042538,0.0,0.0,0.0,0.587068,0.06572,0.0,0.85832,0.0,0.88516,0.0,0.02945,0.654688,0.0,0.0
67,0.496736,0.098671,0.0,0.842689,0.514895,0.0,0.0,0.0726,0.806055,0.426061,0.0,0.0,1.544311,0.492565,0.440465,1.026971,0.579458,0.857026,0.450221,0.0,0.819654,0.460151,0.371174,0.659577,0.0,0.0,0.808026,0.094508,0.0,0.768102,0.493404,0.228603,0.0,0.0,0.572452,0.176111,0.510657,0.345868,0.406543,1.108448,0.854097,0.125981,0.436133,0.925526,0.128285,0.0,0.138433,0.0,0.310677,0.971421,0.0,0.0,0.0,0.662598,0.304182,0.0,0.759288,0.0,0.570638,0.0,0.0,0.657828,0.0,0.0
68,0.288946,0.387612,0.0,0.402369,0.343256,0.0,0.0,0.067766,0.683447,0.861814,0.0,0.0,1.299999,0.173392,0.160414,0.956738,0.222543,0.581714,0.379777,0.0,0.758291,0.071113,0.556611,0.900141,0.0,0.0,0.982224,0.051035,0.0,0.656507,0.455581,0.023082,0.0,0.0,0.506864,0.0,0.736527,0.51916,0.578554,0.788968,1.03955,0.396749,0.338047,1.003205,0.181127,0.0,0.050859,0.0,0.524109,0.565684,0.0,0.041016,0.0,0.845533,0.038884,0.0,0.613761,0.0,0.664609,0.0,0.0,0.537303,0.0,0.0
69,0.37981,0.24997,0.0,0.582323,0.204497,0.0,0.0,0.011491,0.580024,0.719852,0.0,0.0,1.034161,0.0,0.302186,1.021717,0.194764,0.455074,0.245498,0.0,0.452659,0.088073,0.820057,1.321026,0.0,0.0,0.910694,0.0,0.164248,0.735697,0.703725,0.0,0.0,0.0,0.376403,0.0,0.647147,0.381354,0.63563,0.743612,0.744683,0.0,0.292148,0.954218,0.280207,0.0,0.038008,0.0,0.50383,0.440298,0.0,0.193454,0.0,0.984255,0.081524,0.0,0.496985,0.0,0.401886,0.0,0.0,0.506566,0.0,0.0
70,0.471889,0.369709,0.064924,0.567352,0.0,0.0,0.035213,0.0,0.725688,0.921967,0.0,0.0,0.985522,0.0,0.198657,0.753915,0.268684,0.423875,0.134465,0.0,0.146107,0.013502,1.202741,1.594731,0.0,0.0,0.794257,0.0,0.413166,0.842596,0.863887,0.0,0.0,0.0,0.403061,0.0,0.523757,0.065771,0.691767,0.72265,0.785579,0.069365,0.251501,1.221558,0.157061,0.0,0.0,0.0,0.332529,0.010459,0.0,0.275017,0.0,1.271646,0.0,0.0,0.391759,0.0,0.136563,0.0,0.0,0.569205,0.0,0.0
71,0.580672,0.12923,0.187028,0.475584,0.0,0.0,0.042406,0.0,0.621017,1.037894,0.0,0.0,0.676161,0.0,0.0,0.6132,0.287888,0.295193,0.235863,0.0,0.0,0.105376,1.240984,1.533519,0.0,0.0,0.701422,0.0,0.413388,0.740091,0.898183,0.0,0.0,0.0,0.225332,0.003801,0.317441,0.0,0.925766,0.691671,0.690469,0.021805,0.282076,1.375181,0.021324,0.0,0.0,0.0,0.202166,0.0,0.0,0.597541,0.0,1.327918,0.0,0.0,0.299909,0.0,0.053127,0.0,0.082757,0.729678,0.0,0.0
72,0.530969,0.0,0.144411,0.364958,0.045397,0.0,0.231636,0.074226,0.426204,0.851294,0.0,0.0,0.617034,0.0,0.0,0.702693,0.363721,0.351301,0.360598,0.0,0.0,0.348555,1.057323,1.430356,0.0,0.0,0.801156,0.0,0.250163,0.687369,0.739296,0.0,0.0,0.0,0.119532,0.169111,0.200485,0.15005,0.957235,0.706082,0.522963,0.0,0.152311,1.234761,0.0,0.0,0.086574,0.0,0.202895,0.0,0.0,0.717732,0.0,1.200381,0.0,0.0,0.241453,0.0,0.171141,0.0,0.0,0.728661,0.0,0.0
73,0.655538,0.211737,0.234793,0.44269,0.04413,0.0,0.026385,0.0,0.65359,1.390525,0.0,0.0,0.737576,0.0,0.0,0.509941,0.224601,0.280662,0.375677,0.0,0.143009,0.266834,1.133258,1.570236,0.056306,0.335919,0.833771,0.0,0.26085,0.627588,0.746935,0.0,0.0,0.0,0.294875,0.224211,0.654299,0.283578,0.771409,0.454165,0.558142,0.167952,0.132019,1.283,0.002051,0.0,0.0,0.0,0.442267,0.054231,0.0,0.486019,0.0,1.045367,0.0,0.0,0.231805,0.0,0.378432,0.0,0.0,0.505721,0.0,0.0
74,0.681375,0.0,0.281033,0.447499,0.151916,0.0,0.0,0.045519,0.45246,1.281236,0.0,0.0,0.726524,0.025795,0.0,0.498983,0.313333,0.430008,0.402867,0.0,0.192863,0.275861,0.907742,1.351162,0.0,0.211257,0.638277,0.0,0.276986,0.532444,0.499139,0.0,0.0,0.024663,0.051144,0.519886,0.32087,0.39196,0.591542,0.630805,0.539985,0.088095,0.089564,1.137449,0.0,0.0,0.0,0.0,0.459415,0.165721,0.0,0.446416,0.0,1.051153,0.084024,0.0,0.230564,0.0,0.529874,0.0,0.0,0.679147,0.0,0.0
75,0.588933,0.070641,0.089386,0.356841,0.35105,0.0,0.0,0.045156,0.265425,1.043115,0.0,0.0,0.780911,0.028751,0.0,0.597563,0.164705,0.462363,0.601479,0.0,0.408066,0.458658,0.400665,1.025235,0.0,0.442299,0.744219,0.189788,0.232954,0.37585,0.228139,0.0,0.0,0.066223,0.263164,0.186407,0.542595,0.447436,0.586692,0.600103,0.396764,0.248155,0.26663,0.985801,0.114356,0.0,0.14279,0.0,0.525821,0.428174,0.0,0.221547,0.0,0.729503,0.292384,0.0,0.481472,0.0,0.586459,0.0,0.105254,0.276829,0.0,0.0
76,0.586979,0.105946,0.035144,0.435415,0.308106,0.0,0.113117,0.0,0.507024,0.605962,0.0,0.0,0.928454,0.051841,0.346406,0.556186,0.234999,0.470277,0.364563,0.0,0.17558,0.488807,0.518367,1.072908,0.0,0.267852,0.499678,0.0,0.191822,0.676529,0.585835,0.0,0.0,0.071494,0.43523,0.212852,0.289681,0.129905,0.384961,0.554268,0.38042,0.049556,0.206685,0.919731,0.001261,0.0,0.024055,0.0,0.467053,0.330566,0.0,0.075919,0.0,0.592765,0.248643,0.0,0.44932,0.0,0.129963,0.0,0.0,0.606132,0.0,0.0
77,0.407055,0.18594,0.049209,0.30868,0.232354,0.0,0.0,0.0,0.475389,0.797908,0.0,0.0,0.955631,0.127733,0.0,0.649639,0.13331,0.474028,0.41873,0.0,0.376313,0.299462,0.43009,0.707493,0.0,0.222645,0.606906,0.079787,0.0,0.455855,0.356559,0.0,0.0,0.0,0.306038,0.148278,0.482948,0.279219,0.472209,0.511684,0.718561,0.330295,0.262596,0.967036,0.0,0.0,0.011238,0.0,0.402126,0.493368,0.0,0.066321,0.0,0.532763,0.148134,0.0,0.397942,0.0,0.487504,0.0,0.0,0.55916,0.0,0.0
78,0.203462,0.0,0.01993,0.419357,0.188919,0.0,0.0,0.099329,0.402935,0.714,0.0,0.0,0.778919,0.206833,0.0,0.833069,0.146944,0.439566,0.598104,0.0,0.51286,0.375487,0.294003,0.449739,0.0,0.272526,0.591251,0.230737,0.0,0.223144,0.201811,0.0,0.0,0.0,0.169694,0.105959,0.55454,0.448771,0.664742,0.512883,0.794252,0.325808,0.493716,0.856396,0.029875,0.0,0.257238,0.0,0.312302,0.651461,0.0,0.263679,0.0,0.514474,0.089559,0.0,0.4983,0.0,0.540481,0.0,0.0,0.549961,0.0,0.0
79,0.196982,0.0,0.0,0.467993,0.037877,0.0,0.0,0.0,0.305177,0.626542,0.0,0.0,0.724057,0.225692,0.011791,0.796074,0.220081,0.408837,0.409648,0.008557,0.327577,0.224123,0.53701,0.560267,0.0,0.0,0.513876,0.007096,0.0,0.323776,0.361004,0.0,0.0,0.0,0.0,0.114996,0.41092,0.25867,0.656764,0.614725,0.830834,0.082744,0.348432,1.011407,0.0,0.0,0.0,0.0,0.292021,0.656352,0.0,0.240207,0.0,0.525375,0.156983,0.0,0.331359,0.0,0.447006,0.0,0.0,0.719638,0.0,0.0
80,0.113615,0.124222,0.0,0.331731,0.0,0.0,0.0,0.0,0.371398,0.751784,0.0,0.0,0.650351,0.249699,0.0,0.700797,0.189428,0.282792,0.438431,0.0,0.332865,0.234628,0.541871,0.485008,0.0,0.196568,0.588384,0.081057,0.0,0.222233,0.345946,0.0,0.0,0.0,0.07545,0.0,0.582177,0.361636,0.779721,0.485803,0.875558,0.376666,0.459428,1.039166,0.0,0.0,0.163379,0.0,0.323034,0.544077,0.0,0.333901,0.0,0.522657,0.064721,0.0,0.464174,0.0,0.416379,0.0,0.0,0.499035,0.0,0.0
81,0.236131,0.241705,0.022145,0.498852,0.0,0.0,0.0,0.0,0.478541,0.765104,0.0,0.0,0.706223,0.138102,0.039355,0.571533,0.216005,0.310981,0.243021,0.0,0.184134,0.052875,0.796869,0.6392,0.0,0.138524,0.612571,0.0,0.095346,0.306773,0.56808,0.0,0.0,0.0,0.057174,0.0,0.553846,0.246152,0.737981,0.509551,0.959024,0.314417,0.468255,1.041281,0.043138,0.0,0.012078,0.0,0.344235,0.416324,0.0,0.331927,0.0,0.651834,0.0,0.0,0.330825,0.0,0.273745,0.0,0.0,0.570603,0.0,0.0
82,0.206799,0.576927,0.087171,0.591285,0.006013,0.0,0.0,0.110252,0.639844,0.506109,0.0,0.0,0.944248,0.273756,0.132438,0.526153,0.394361,0.468904,0.0,0.071882,0.216079,0.137565,0.738316,0.733756,0.0,0.0,0.599906,0.0,0.279275,0.414351,0.631013,0.0,0.0,0.0,0.224126,0.152076,0.402337,0.231652,0.283466,0.753848,0.938517,0.239309,0.427867,0.638756,0.020193,0.0,0.064224,0.0,0.325638,0.150068,0.0,0.305515,0.0,0.762323,0.247487,0.0,0.475344,0.025615,0.227581,0.0,0.0,0.549936,0.0,0.0
83,0.271864,0.685988,0.0,0.735757,0.226228,0.0,0.0,0.362481,0.792221,0.006147,0.0,0.0,1.150887,0.093146,0.310273,0.610222,0.43794,0.52899,0.0,0.0,0.292178,0.279749,0.616869,0.665572,0.0,0.0,0.64656,0.0,0.193766,0.71305,0.667902,0.0,0.0,0.101823,0.483092,0.0,0.461717,0.242457,0.117375,0.85502,0.839081,0.084678,0.470462,0.232172,0.342171,0.0,0.147432,0.0,0.209805,0.260581,0.0,0.194519,0.0,0.809083,0.394917,0.0,0.50924,0.0,0.074187,0.0,0.0,0.36416,0.0,0.0
84,0.371213,0.871436,0.0,0.588345,0.563734,0.0,0.0,0.359459,1.08772,0.196188,0.0,0.0,1.298856,0.236294,0.0,0.774819,0.516959,0.727064,0.0,0.0,0.545004,0.338113,0.456471,0.69086,0.0,0.0,0.884923,0.081093,0.0,0.760188,0.470003,0.063654,0.0,0.0,0.772846,0.0,0.750116,0.20982,0.272202,0.840714,0.689149,0.509065,0.226122,0.131176,0.54398,0.0,0.112353,0.0,0.333592,0.531836,0.0,0.028631,0.0,1.094327,0.411768,0.0,0.531238,0.0,0.316755,0.0,0.0,0.0,0.0,0.0
85,0.533489,0.723707,0.0,0.618818,0.916014,0.0,0.0,0.216751,1.182539,0.03872,0.0,0.0,1.567564,0.600233,0.119536,0.699066,0.815021,1.080239,0.238923,0.0,0.88695,0.252646,0.240564,0.446693,0.0,0.0,0.795244,0.119487,0.0,1.000062,0.373624,0.051228,0.0,0.0,1.137274,0.019321,0.554611,0.212862,0.281052,0.898491,0.634179,0.607335,0.010707,0.194696,0.69955,0.0,0.02565,0.0,0.455832,0.538373,0.0,0.0,0.0,1.218023,0.258319,0.0,0.56905,0.0,0.234703,0.0,0.042245,0.042602,0.0,0.0
86,0.727949,0.480705,0.0,0.747168,1.256922,0.0,0.0,0.170105,1.321022,0.0,0.0,0.0,1.802907,0.615801,0.125388,0.886389,1.093529,1.400751,0.464271,0.0,1.050115,0.252823,0.054143,0.529281,0.0,0.0,0.789162,0.0,0.0,1.285308,0.388874,0.206031,0.0,0.0,1.425328,0.112094,0.44987,0.227418,0.307222,0.904918,0.549523,0.681076,0.004513,0.0,1.002085,0.0,0.036838,0.0,0.458812,0.705049,0.0,0.0,0.0,1.284928,0.105457,0.0,0.530235,0.0,0.030157,0.0,0.113327,0.065179,0.0,0.0
87,1.059654,0.585214,0.0,0.466191,1.477008,0.0,0.107789,0.0,1.361046,0.0,0.0,0.0,2.037442,0.87772,0.453947,0.792984,1.158151,1.501095,0.364773,0.0,0.959981,0.0,0.266415,0.74024,0.061636,0.0,0.798822,0.0,0.0,1.774863,0.422293,0.228129,0.0,0.0,1.902092,0.0,0.484326,0.161196,0.102627,0.728262,0.555282,0.956224,0.0,0.065686,1.192137,0.0,0.0,0.0,0.648834,0.709446,0.0,0.0,0.0,1.279555,0.045754,0.0,0.456556,0.0,0.0,0.0,0.022623,0.0,0.0,0.0
88,1.165494,0.323079,0.0,0.336916,1.56321,0.0,0.263691,0.0,1.232099,0.0,0.0,0.0,1.969364,1.004362,0.484993,0.951031,1.130057,1.655764,0.789017,0.0,1.093657,0.0,0.067481,0.713705,0.098149,0.0,0.757526,0.0,0.0,1.861182,0.379695,0.133371,0.0,0.0,2.086389,0.006054,0.454971,0.110264,0.30051,0.563567,0.481516,1.129657,0.0,0.256952,1.323449,0.0,0.0,0.0,0.765663,0.823604,0.0,0.0,0.0,1.064449,0.0,0.0,0.517797,0.0,0.0,0.0,0.232646,0.0,0.0,0.054708
89,1.221719,0.208151,0.0,0.442756,1.69395,0.0,0.326583,0.0,1.335596,0.0,0.0,0.0,2.051643,1.19576,0.352783,1.034009,1.215901,1.832844,0.94971,0.0,1.110064,0.0,0.045088,0.690023,0.088568,0.0,0.809387,0.011553,0.0,1.792834,0.300249,0.184863,0.0,0.0,2.289309,0.15306,0.601639,0.130005,0.28591,0.589235,0.437292,1.24363,0.0,0.303271,1.355334,0.0,0.0,0.0,0.66297,1.022355,0.0,0.0,0.0,0.909082,0.0,0.0,0.530043,0.0,0.0,0.0,0.033086,0.0,0.0,0.0
90,0.875765,0.0,0.0,0.334741,1.647139,0.0,0.173704,0.0,0.983029,0.0,0.0,0.0,1.806606,1.143522,0.400646,0.995304,1.007643,1.778284,1.156625,0.0,1.267127,0.0,0.0,0.434407,0.033172,0.0,0.796881,0.0,0.0,1.7468,0.155475,0.166904,0.0,0.0,1.953062,0.326758,0.398345,0.334746,0.250447,0.363772,0.543638,1.169304,0.0,0.229606,1.469872,0.0,0.0,0.0,0.719513,1.053826,0.0,0.0,0.025075,0.707594,0.0,0.0,0.383129,0.0,0.103331,0.0,0.256389,0.092694,0.0,0.322397
91,0.621242,0.0,0.0,0.245413,1.540524,0.0,0.0,0.0,1.037658,0.311692,0.0,0.0,1.749642,1.363183,0.113463,0.903433,0.917287,1.811383,1.169474,0.0,1.440979,0.0,0.0,0.267868,0.032433,0.0,0.916918,0.216946,0.0,1.590208,0.014487,0.405672,0.0,0.0,1.790754,0.429207,0.665997,0.365565,0.287652,0.31094,0.849398,1.525076,0.0,0.31494,1.234781,0.0,0.0,0.0,0.841012,1.140457,0.0,0.0,0.0,0.642909,0.0,0.0,0.365656,0.0,0.299785,0.0,0.249988,0.141973,0.0,0.16779
92,0.482622,0.0,0.0,0.50967,1.468409,0.0,0.117642,0.0,1.120403,0.0,0.0,0.0,1.840068,1.169259,0.312367,0.969566,1.076734,1.781708,0.956427,0.021846,1.401005,0.0,0.0,0.161135,0.0,0.0,0.8509,0.080691,0.0,1.554433,0.098793,0.36587,0.0,0.0,1.793136,0.480889,0.393724,0.401192,0.171071,0.364583,0.76446,1.168669,0.090956,0.182334,1.181119,0.0,0.0,0.0,0.736919,1.169777,0.0,0.004648,0.0,0.396661,0.0,0.0,0.286584,0.0,0.134113,0.0,0.312863,0.131257,0.0,0.528873
93,0.256849,0.0,0.0,0.549075,1.22994,0.0,0.0,0.0,1.074998,0.093827,0.0,0.0,1.753314,1.279883,0.146661,0.735023,0.91833,1.747044,0.622499,0.0,1.453654,0.0,0.0,0.038861,0.0,0.0,0.953924,0.290244,0.0,1.260621,0.0,0.411638,0.0,0.0,1.512258,0.471297,0.559231,0.416,0.104091,0.468782,0.898097,1.291957,0.098859,0.230648,0.824039,0.0,0.0,0.0,0.697579,1.183011,0.0,0.0,0.0,0.489171,0.118674,0.0,0.35962,0.0,0.557945,0.0,0.226877,0.020786,0.0,0.204976
94,0.064711,0.0,0.0,0.58668,0.94894,0.0,0.0,0.035176,1.139287,0.147988,0.0,0.0,1.662842,1.15899,0.017466,0.768755,0.929589,1.519275,0.497152,0.0,1.400462,0.0,0.147528,0.0,0.0,0.0,1.131599,0.297071,0.0,1.13982,0.033469,0.459562,0.0,0.0,1.202542,0.182435,0.674641,0.435713,0.210497,0.611474,1.219085,1.074776,0.237888,0.116994,0.779535,0.0,0.0,0.0,0.477245,1.037894,0.0,0.028362,0.0,0.650097,0.026095,0.0,0.209897,0.0,0.601542,0.0,0.175396,0.369586,0.0,0.14617
95,0.032094,0.277767,0.0,0.664127,0.74176,0.0,0.0,0.0,1.265074,0.0,0.0,0.0,1.716226,0.887951,0.03135,0.830623,0.933612,1.30252,0.062618,0.0,1.184144,0.093918,0.461586,0.042998,0.0,0.0,0.944025,0.185119,0.0,1.227988,0.273308,0.453994,0.0,0.0,1.308888,0.0,0.695528,0.23306,0.256362,0.605937,1.106598,1.077966,0.179425,0.06837,0.739637,0.0,0.0,0.0,0.361784,0.879385,0.0,0.0,0.0,0.750674,0.0,0.0,0.210825,0.0,0.265714,0.0,0.17434,0.133016,0.0,0.0
96,0.131455,0.529801,0.0,0.63134,0.451013,0.0,0.0,0.0,1.259424,0.16632,0.0,0.0,1.607972,0.73377,0.0,0.849197,0.804991,1.029788,0.013041,0.0,1.03581,0.129597,0.64793,0.072678,0.0,0.0,0.929532,0.323328,0.0,1.014758,0.393143,0.477353,0.0,0.0,1.048118,0.0,0.898679,0.198785,0.470856,0.619543,1.186619,1.185217,0.234587,0.296147,0.417641,0.0,0.0,0.0,0.384999,0.978663,0.0,0.0,0.0,0.722193,0.013752,0.016769,0.310256,0.0,0.296667,0.0,0.181026,0.087445,0.0,0.0
97,0.131149,0.280613,0.0,0.55119,0.283848,0.0,0.0,0.0,0.8048,0.152672,0.0,0.0,1.197445,0.630245,0.067163,0.748227,0.479137,0.812213,0.173456,0.0,0.7658,0.105539,0.532746,0.0,0.0,0.0,0.833004,0.290091,0.0,0.662733,0.333026,0.298522,0.0,0.0,0.543652,0.0,0.755477,0.198945,0.515049,0.645528,1.084398,0.648277,0.316162,0.428369,0.370996,0.0,0.0,0.0,0.279401,0.957213,0.0,0.010026,0.0,0.521872,0.187591,0.023351,0.324189,0.0,0.377704,0.0,0.0,0.327503,0.0,0.0
98,0.063626,0.385677,0.0,0.615512,0.187409,0.0,0.0,0.0,0.621713,0.0,0.0,0.0,1.078763,0.441,0.34765,0.702066,0.410596,0.658552,0.0,0.0,0.47358,0.113932,0.39751,0.185834,0.0,0.0,0.644256,0.017494,0.0,0.538972,0.427018,0.040244,0.0,0.0,0.552833,0.0,0.545145,0.066141,0.284597,0.684171,0.922289,0.357912,0.264778,0.430132,0.26832,0.0,0.049485,0.0,0.271924,0.64651,0.0,0.059437,0.0,0.531802,0.313291,0.0,0.481478,0.0,0.213737,0.0,0.0,0.371614,0.0,0.0
99,0.10069,0.272839,0.0,0.600556,0.135208,0.0,0.0,0.135151,0.414735,0.125626,0.0,0.0,0.769381,0.267393,0.188645,0.687519,0.29312,0.481779,0.012834,0.0,0.319858,0.146915,0.403868,0.354542,0.0,0.0,0.512446,0.0,0.017999,0.318203,0.329769,0.0,0.0,0.0,0.279002,0.0,0.464047,0.264945,0.352218,0.613329,0.816067,0.125078,0.398313,0.354092,0.311132,0.0,0.135122,0.0,0.297246,0.55054,0.0,0.292894,0.0,0.517666,0.300521,0.0,0.36357,0.0,0.233182,0.0,0.0,0.284461,0.0,0.0
100,0.149655,0.340425,0.0,0.342558,0.07277,0.0,0.0,0.233785,0.527478,0.583187,0.0,0.0,0.465488,0.280133,0.0,0.464546,0.280145,0.261011,0.182777,0.0,0.246825,0.0,0.387233,0.405735,0.0,0.259616,0.488179,0.0,0.113362,0.053815,0.227532,0.0,0.0,0.0,0.223789,0.135635,0.38257,0.392367,0.47034,0.482611,0.692303,0.439138,0.420697,0.526748,0.215416,0.0,0.199849,0.0,0.360779,0.263453,0.0,0.553863,0.106398,0.694282,0.138432,0.0,0.320685,0.033689,0.305462,0.0,0.08914,0.194792,0.0,0.0
101,0.252234,0.511239,0.0,0.59881,0.286198,0.0,0.0,0.340828,0.511948,0.124319,0.0,0.0,0.596576,0.0,0.041965,0.693756,0.364255,0.179882,0.031339,0.0,0.0,0.0,0.615775,0.568322,0.026449,0.002083,0.333258,0.0,0.103711,0.537125,0.57291,0.0,0.0,0.016583,0.328247,0.0,0.290944,0.0,0.562286,0.489349,0.540246,0.031322,0.238881,0.276688,0.411146,0.0,0.020842,0.0,0.12036,0.25744,0.0,0.338872,0.0,0.698185,0.180775,0.0,0.219449,0.035292,0.0,0.0,0.0,0.119694,0.0,0.0
102,0.310856,0.727322,0.0,0.439157,0.445153,0.0,0.0,0.271156,0.645147,0.302653,0.0,0.0,0.625447,0.302638,0.117835,0.378482,0.327321,0.200449,0.06176,0.0,0.143568,0.0,0.539745,0.554562,0.052874,0.112598,0.391653,0.0,0.417866,0.389403,0.420332,0.0,0.0,0.125827,0.653917,0.0,0.297591,0.133071,0.359174,0.521332,0.42168,0.244969,0.080875,0.303903,0.451828,0.0,0.032977,0.0,0.244694,0.024022,0.0,0.399201,0.040732,0.922701,0.321746,0.0,0.324424,0.229717,0.0,0.0,0.0,0.001589,0.0,0.0
103,0.479094,0.701962,0.0,0.749902,0.535447,0.0,0.255406,0.509785,0.616299,0.0,0.0,0.0,0.698434,0.02275,0.334807,0.463941,0.401493,0.276751,0.078595,0.1351,0.176031,0.062466,0.705584,0.642276,0.217236,0.0,0.121635,0.0,0.418668,0.765097,0.593524,0.0,0.0,0.452554,0.737929,0.0,0.170609,0.213216,0.196743,0.404914,0.374026,0.010484,0.098379,0.0,0.697613,0.0,0.162318,0.0,0.106864,0.0,0.0,0.478397,0.172947,0.881584,0.309785,0.0,0.312716,0.292376,0.0,0.0,0.0,0.0,0.0,0.0
104,0.597354,0.912581,0.0,0.759904,0.651438,0.0,0.383589,0.315121,1.131386,0.0,0.0,0.0,0.705624,0.023776,0.391929,0.473561,0.473467,0.292306,0.188793,0.001164,0.22492,0.19497,0.585581,0.792448,0.265337,0.050857,0.140397,0.0,0.345538,0.901377,0.688591,0.0,0.0,0.389449,1.097143,0.0,0.285917,0.0,0.373864,0.381518,0.149313,0.205035,0.0,0.0,0.836526,0.0,0.062715,0.0,0.125118,0.031529,0.0,0.233101,0.059081,0.949044,0.255858,0.0,0.296999,0.224885,0.0,0.0,0.0,0.0,0.0,0.0
105,0.450487,0.678456,0.0,0.532186,0.619443,0.0,0.351687,0.452197,0.746764,0.0,0.0,0.0,0.632222,0.224865,0.283741,0.427149,0.618625,0.441595,0.452293,0.036531,0.280316,0.24302,0.511995,0.435098,0.48072,0.0,0.002494,0.0,0.03473,0.746299,0.505288,0.0,0.0,0.167871,0.919731,0.0,0.071674,0.0,0.493631,0.362833,0.108031,0.263489,0.0,0.0,0.724069,0.0,0.159025,0.0,0.015534,0.0,0.0,0.474861,0.239132,0.788389,0.0,0.0,0.142004,0.237051,0.0,0.0,0.046767,0.0,0.0,0.39606
106,0.283434,0.571078,0.0,0.354583,0.538123,0.0,0.033304,0.468757,0.600279,0.206625,0.0,0.0,0.704491,0.436452,0.046885,0.390272,0.573579,0.476644,0.572758,0.0,0.398438,0.160887,0.481145,0.081398,0.451672,0.0,0.211581,0.002132,0.0,0.570098,0.393744,0.0,0.0,0.0,0.627443,0.0,0.206568,0.151931,0.376354,0.300534,0.257415,0.656939,0.0,0.0,0.622526,0.0,0.205049,0.0,0.02631,0.045445,0.0,0.617374,0.312225,0.696055,0.0,0.0,0.047482,0.175536,0.0,0.0,0.167921,0.010363,0.0,0.507347
107,0.225546,0.510861,0.0,0.408115,0.453225,0.0,0.0,0.558477,0.580157,0.160332,0.0,0.0,0.770715,0.733155,0.204011,0.219226,0.549316,0.605214,0.337816,0.137327,0.477333,0.230079,0.284507,0.0,0.282929,0.105771,0.228219,0.0,0.029785,0.732183,0.247475,0.0,0.0,0.028707,0.640957,0.050402,0.219391,0.326407,0.0,0.336005,0.498739,0.697017,0.0,0.0,0.455002,0.0,0.078327,0.0,0.021466,0.175939,0.0,0.474224,0.185288,0.665441,0.0,0.0,0.11599,0.319068,0.279659,0.0,0.118167,0.04139,0.0,0.308334
108,0.181063,0.364488,0.0,0.40716,0.57365,0.0,0.0,0.368088,0.690812,0.537843,0.0,0.0,0.869171,0.733528,0.0,0.41584,0.531544,0.631582,0.614473,0.0,0.692155,0.517219,0.246143,0.029168,0.074916,0.427524,0.539269,0.32158,0.0,0.712864,0.196283,0.208716,0.0,0.0,0.627983,0.294774,0.627068,0.37632,0.180475,0.34372,0.616165,0.998602,0.0,0.0,0.273015,0.0,0.225777,0.0,0.280225,0.652913,0.0,0.387107,0.0,0.488701,0.171434,0.0,0.244084,0.047769,0.380622,0.0,0.327487,0.0,0.0,0.147922
109,0.341678,0.443493,0.0,0.546933,0.675755,0.0,0.0,0.553253,0.876882,0.534945,0.0,0.0,1.088678,0.830432,0.0,0.44804,0.607885,0.78326,0.637927,0.042443,0.766366,0.854371,0.269521,0.039606,0.132199,0.452399,0.54614,0.452339,0.0,0.758315,0.187411,0.166925,0.0,0.0,0.720733,0.358134,0.739715,0.355786,0.242432,0.539509,0.69756,0.958982,0.050698,0.0,0.129226,0.0,0.251073,0.0,0.286652,0.839637,0.0,0.097091,0.0,0.642398,0.380324,0.0,0.416229,0.0,0.432955,0.0,0.292939,0.0,0.0,0.053828
110,0.452284,0.515729,0.0,0.631372,0.748625,0.0,0.0,0.521008,0.972041,0.01284,0.0,0.0,1.241958,0.656899,0.061641,0.562136,0.488066,0.910325,0.338268,0.118719,0.805044,0.897701,0.026314,0.164148,0.095994,0.044229,0.446736,0.208249,0.0,0.9558,0.279343,0.068372,0.0,0.0,0.882863,0.210966,0.495655,0.220467,0.091245,0.630586,0.549422,0.671901,0.026372,0.0,0.301218,0.0,0.244245,0.0,0.366637,0.702604,0.0,0.056271,0.0,0.738675,0.188248,0.0,0.572732,0.0,0.229438,0.0,0.226347,0.0,0.0,0.144618
111,0.605313,0.490957,0.0,0.444784,0.666028,0.0,0.0,0.44418,0.678034,0.0,0.0,0.0,1.134459,0.632768,0.200869,0.546713,0.105708,0.825804,0.296975,0.0,0.576952,0.788338,0.071491,0.174623,0.085135,0.053138,0.527169,0.229479,0.017768,0.938489,0.406547,0.0,0.0,0.0,0.681873,0.0,0.613013,0.131128,0.180429,0.681274,0.457924,0.617395,0.0,0.121962,0.392059,0.0,0.045269,0.0,0.15162,0.676109,0.0,0.048375,0.0,0.851012,0.194027,0.0,0.674103,0.0,0.202228,0.0,0.10941,0.104064,0.0,0.082757
112,0.683154,0.960652,0.0,0.721111,0.480483,0.0,0.132541,0.473562,1.045556,0.04602,0.0,0.0,1.152321,0.37664,0.248881,0.644569,0.110799,0.697983,0.199738,0.0,0.476797,0.862821,0.527623,0.465903,0.420377,0.0,0.478682,0.138595,0.130323,1.058071,0.695365,0.0,0.0,0.0,0.810279,0.0,0.66114,0.106933,0.342129,0.774595,0.646953,0.575397,0.0,0.203931,0.482974,0.0,0.272463,0.0,0.134051,0.424718,0.0,0.0,0.0,1.006232,0.191712,0.0,0.662096,0.0,0.0,0.0,0.0,0.165821,0.0,0.0
113,0.690125,1.002635,0.0,0.723727,0.098776,0.0,0.08465,0.489185,1.060531,0.256682,0.0,0.0,0.911604,0.069782,0.061195,0.544203,0.0,0.302439,0.133655,0.0,0.132419,0.688277,0.706799,0.607688,0.219383,0.229959,0.806965,0.08699,0.303161,0.958845,0.944307,0.0,0.0,0.0,0.525996,0.0,0.736094,0.0,0.535521,0.875358,0.792814,0.518901,0.080022,0.429686,0.417491,0.0,0.296512,0.0,0.0,0.480072,0.0,0.0,0.0,1.093251,0.287748,0.0,0.644583,0.0,0.021393,0.0,0.0,0.439262,0.0,0.0
114,0.648698,1.148431,0.0,1.045467,0.0,0.0,0.068792,0.604288,1.146646,0.339544,0.0,0.0,0.858786,0.038741,0.194516,0.284296,0.0,0.142014,0.0,0.148711,0.0,0.601077,1.12863,0.87213,0.228133,0.203543,0.639182,0.0,0.679658,0.814792,1.262094,0.0,0.0,0.272654,0.445818,0.0,0.746869,0.0,0.216645,0.804809,1.126607,0.408691,0.391204,0.559273,0.274108,0.0,0.320054,0.0,0.0,0.123117,0.0,0.16743,0.0,1.206575,0.232845,0.0,0.852481,0.217006,0.020432,0.0,0.0,0.794328,0.0,0.0
115,0.609195,1.331733,0.0,1.202589,0.0,0.0,0.309526,0.535344,1.241404,0.377341,0.0,0.0,0.902404,0.0,0.38479,0.364001,0.0,0.0,0.0,0.191777,0.0,0.830157,1.180415,1.047849,0.357495,0.229916,0.474872,0.0,0.696865,0.785647,1.453512,0.0,0.0,0.706733,0.404083,0.0,0.787955,0.0,0.51513,0.777654,1.261601,0.330243,0.57851,0.650603,0.244501,0.0,0.568466,0.0,0.0,0.0,0.0,0.248881,0.0,1.172926,0.173779,0.0,0.943646,0.366113,0.0,0.0,0.0,0.735691,0.0,0.0
116,0.616475,1.078576,0.0,1.057991,0.0,0.0,0.128941,0.306115,1.170911,1.062233,0.0,0.023994,0.595002,0.0,0.24783,0.190672,0.0,0.0,0.152884,0.0,0.0,0.713135,1.354806,1.17895,0.180474,0.619557,0.658768,0.0,0.714169,0.589316,1.630684,0.0,0.0,0.717291,0.304304,0.0,1.023934,0.0,0.709126,0.480154,1.318669,0.47582,0.806958,1.116811,0.075462,0.0,0.471077,0.0,0.0,0.0,0.0,0.566208,0.0,0.991668,0.196321,0.0,1.071048,0.268027,0.123261,0.0,0.0,0.840632,0.0,0.0
117,0.468854,0.565703,0.0,0.865688,0.0,0.0,0.058728,0.228611,0.946417,1.458096,0.0,0.150952,0.147938,0.097603,0.0,0.219918,0.0,0.0,0.273474,0.0,0.0,0.57867,1.173255,0.982606,0.0,0.993722,0.753479,0.043015,0.400041,0.425413,1.330401,0.0,0.0,0.63971,0.118861,0.026636,1.036364,0.127606,1.05385,0.439824,1.107613,0.634307,0.836851,1.383706,0.0,0.0,0.575792,0.0,0.0,0.184923,0.0,0.686742,0.0,0.888613,0.390533,0.0,0.976164,0.063135,0.267752,0.0,0.2245,0.834324,0.0,0.0
118,0.36184,0.267745,0.0,0.67749,0.0,0.0,0.197663,0.136992,0.378329,1.060577,0.0,0.044675,0.027778,0.017008,0.017122,0.414466,0.0,0.0,0.0,0.0,0.0,0.496347,0.98524,0.963694,0.0,0.748003,0.689213,0.0,0.289101,0.54471,1.170746,0.0,0.0,0.378771,0.0,0.0,0.905464,0.0,1.139113,0.472227,1.060348,0.365648,0.667654,1.33781,0.0,0.0,0.33837,0.0,0.0,0.3524,0.0,0.782088,0.0,0.911347,0.388219,0.0,0.830895,0.092945,0.07575,0.0,0.0,1.078299,0.0,0.0
119,0.484014,0.067308,0.0,0.722724,0.0,0.0,0.121518,0.0,0.417711,1.242211,0.0,0.024244,0.0,0.0,0.397491,0.386604,0.0,0.0,0.0,0.0,0.0,0.358098,1.003561,1.147001,0.0,0.637117,0.384849,0.0,0.396139,0.643079,1.313519,0.0,0.0,0.508034,0.0,0.0,0.955126,0.0,1.129263,0.424605,1.045485,0.308824,0.698578,1.622706,0.0,0.0,0.086275,0.0,0.0,0.389948,0.0,0.820403,0.0,0.814111,0.30314,0.0,0.812144,0.200602,0.0,0.0,0.044638,1.116802,0.0,0.0
120,0.391901,0.342945,0.0,0.572632,0.0,0.0,0.271674,0.0,0.548353,1.397059,0.0,0.155322,0.0,0.0,0.212921,0.500264,0.0,0.0,0.037772,0.0,0.0,0.40783,1.012495,1.085778,0.0,0.849426,0.513153,0.0,0.254386,0.608476,1.233377,0.0,0.0,0.59048,0.00902,0.0,1.10117,0.0,1.222056,0.276412,1.023483,0.497879,0.658834,1.351522,0.0,0.0,0.371999,0.0,0.0,0.372582,0.0,0.727428,0.0,0.774242,0.411593,0.0,0.823905,0.0,0.099909,0.0,0.009727,0.807754,0.0,0.0
121,0.353512,0.438184,0.0,0.477977,0.0,0.0,0.151821,0.0,0.583636,1.437051,0.0,0.126501,0.0,0.0,0.138218,0.461127,0.0,0.0,0.018414,0.0,0.0,0.365896,1.224102,1.115019,0.0,0.787379,0.569887,0.0,0.256201,0.583361,1.21201,0.0,0.0,0.643762,0.012866,0.0,1.167427,0.045009,1.123188,0.168725,1.162726,0.576169,0.664907,1.298729,0.0,0.0,0.424409,0.0,0.0,0.249732,0.0,0.667391,0.0,0.909598,0.384821,0.023329,0.820291,0.0,0.193458,0.0,0.0,0.650148,0.0,0.0
122,0.176736,0.267789,0.0,0.410713,0.0,0.0,0.247536,0.0,0.352609,0.913108,0.0,0.044081,0.170185,0.0,0.273801,0.55435,0.0,0.0,0.0,0.0,0.0,0.169593,1.04749,1.003712,0.0,0.321441,0.556582,0.0,0.393298,0.593939,1.147653,0.0,0.0,0.421269,0.0,0.0,0.800784,0.0,0.988982,0.354622,1.111264,0.29056,0.53867,1.320056,0.0,0.0,0.246045,0.0,0.0,0.152077,0.0,0.674553,0.0,0.862604,0.262227,0.0,0.604872,0.060401,0.0,0.0,0.0,0.812142,0.0,0.0
123,0.173485,0.292392,0.0,0.422272,0.0,0.0,0.300693,0.0,0.2683,0.595198,0.0,0.0,0.450032,0.0,0.415895,0.666038,0.0,0.0,0.0,0.160977,0.0,0.107471,1.211936,1.027859,0.0,0.09658,0.458686,0.0,0.494083,0.667038,1.171692,0.0,0.0,0.514016,0.0,0.0,0.754706,0.020044,0.78884,0.326068,1.29888,0.349003,0.567192,1.206975,0.038591,0.0,0.238575,0.0,0.0,0.0,0.0,0.631178,0.0,0.880754,0.159689,0.0,0.583873,0.176135,0.0,0.0,0.0,0.740994,0.0,0.0
124,0.203313,0.347356,0.0,0.426557,0.0,0.0,0.137491,0.0,0.524455,0.921277,0.0,0.0,0.214855,0.0,0.255869,0.753843,0.0,0.0,0.0,0.0,0.06012,0.048702,1.002985,0.710131,0.0,0.377429,0.56796,0.0,0.379475,0.57347,1.022946,0.0,0.0,0.336737,0.002479,0.0,0.885326,0.043397,1.028133,0.323167,1.212294,0.544355,0.508674,1.2562,0.161466,0.0,0.230126,0.0,0.03057,0.340363,0.0,0.463654,0.0,0.92968,0.184815,0.0,0.62361,0.0,0.029377,0.0,0.0,0.724554,0.0,0.0
125,0.211783,0.133582,0.0,0.322205,0.0,0.0,0.029869,0.0,0.421991,0.956305,0.0,0.0,0.072187,0.064065,0.06738,0.973673,0.080956,0.0,0.172198,0.0,0.227834,0.006095,0.954287,0.463779,0.0,0.45773,0.665321,0.0,0.117891,0.519871,0.758646,0.0,0.0,0.240691,0.0,0.0,1.009078,0.373611,1.220784,0.340109,1.157603,0.579895,0.455721,1.252933,0.201263,0.0,0.19622,0.0,0.201695,0.7463,0.0,0.369114,0.0,0.934139,0.312447,0.0,0.534897,0.0,0.219724,0.0,0.0,0.818163,0.0,0.0
126,0.050922,0.267644,0.0,0.456312,0.0,0.0,0.215779,0.0,0.365432,0.468344,0.0,0.0,0.402924,0.0,0.067077,1.172214,0.105221,0.033236,0.0,0.027862,0.101475,0.020864,0.92443,0.590883,0.0,0.085215,0.697891,0.0,0.116692,0.674134,0.733525,0.0,0.0,0.147113,0.021466,0.0,0.805072,0.04498,0.99925,0.578906,1.073069,0.196474,0.39108,1.057353,0.157988,0.0,0.008352,0.0,0.034835,0.752168,0.0,0.124189,0.0,0.880724,0.426874,0.0,0.45332,0.0,0.075583,0.0,0.0,0.710813,0.0,0.0
127,0.117653,0.3631,0.0,0.432458,0.0,0.0,0.129438,0.0,0.414599,0.443199,0.0,0.0,0.519353,0.0,0.041439,1.039533,0.112828,0.105881,0.0,0.0,0.052981,0.0,0.925732,0.566257,0.0,0.0,0.593583,0.0,0.161022,0.72706,0.77498,0.0,0.0,0.078075,0.075189,0.0,0.668288,0.0,0.89589,0.564588,1.078184,0.272128,0.314991,0.984772,0.181368,0.0,0.0,0.0,0.0,0.599331,0.0,0.129095,0.0,0.935058,0.325024,0.0,0.388631,0.0,0.017274,0.0,0.0,0.661027,0.0,0.0
128,0.20538,0.619369,0.0,0.325852,0.0,0.0,0.330561,0.0,0.598066,0.429946,0.0,0.0,0.440712,0.0,0.198043,0.61706,0.053943,0.002892,0.0,0.0,0.161052,0.072067,0.797373,0.714789,0.0,0.042073,0.506025,0.0,0.420501,0.472904,0.789849,0.0,0.0,0.219554,0.371854,0.0,0.547258,0.0,0.670447,0.555268,0.656216,0.330832,0.178879,0.847872,0.301392,0.0,0.21183,0.0,0.051795,0.185332,0.0,0.283399,0.0,1.034747,0.40401,0.0,0.426766,0.0,0.0,0.0,0.0,0.340562,0.0,0.0
129,0.389852,0.512428,0.0,0.450476,0.0,0.0,0.356906,0.269179,0.447749,0.375079,0.0,0.0,0.402915,0.0,0.118594,0.579511,0.0,0.0,0.0,0.0,0.0,0.0,0.984203,0.849861,0.0,0.076264,0.374277,0.0,0.546095,0.545858,0.879128,0.0,0.0,0.40117,0.148807,0.0,0.345775,0.113215,0.512426,0.412505,0.507483,0.224773,0.109943,0.515467,0.488509,0.0,0.279609,0.0,0.0,0.0,0.0,0.63335,0.039305,1.128651,0.254012,0.0,0.276069,0.0,0.0,0.0,0.0,0.156109,0.0,0.0
130,0.458571,0.56284,0.0,0.388564,0.031413,0.0,0.621271,0.412518,0.42789,0.522379,0.0,0.0,0.296033,0.0,0.013354,0.443362,0.074634,0.0,0.100619,0.0,0.0,0.111224,1.131522,0.927741,0.144878,0.009062,0.146492,0.0,0.487493,0.506577,0.89758,0.0,0.0,0.491578,0.173266,0.0,0.164393,0.031171,0.706745,0.455345,0.349798,0.201208,0.035093,0.535437,0.369906,0.0,0.44616,0.0,0.0,0.0,0.0,0.842528,0.154055,1.182087,0.13181,0.0,0.15181,0.193701,0.0,0.0,0.0,0.08717,0.0,0.0
131,0.70023,0.678334,0.0,0.595374,0.0,0.0,0.627856,0.514303,0.529892,0.723184,0.0,0.0,0.178322,0.0,0.031053,0.369567,0.01381,0.0,0.106997,0.087328,0.0,0.110414,1.339223,1.103459,0.318234,0.277225,0.025386,0.0,0.642727,0.672242,1.123212,0.0,0.0,0.670938,0.184085,0.0,0.292705,0.0,0.811942,0.29536,0.53008,0.173891,0.067095,0.573335,0.257575,0.0,0.228332,0.0,0.0,0.0,0.0,0.97703,0.177033,1.300408,0.0,0.0,0.171585,0.406505,0.0,0.0,0.0,0.113397,0.0,0.0
132,0.875911,0.817442,0.0,0.622131,0.0,0.0,1.026403,0.444714,0.732199,0.557714,0.0,0.0,0.0,0.0,0.459904,0.28302,0.0,0.0,0.256807,0.0,0.0,0.377669,1.22519,1.418497,0.339228,0.487457,0.0,0.0,0.809057,0.769558,1.377261,0.0,0.0,0.975645,0.498885,0.0,0.27238,0.0,1.093858,0.12796,0.346313,0.116057,0.059853,0.662432,0.410523,0.0,0.237587,0.0,0.0,0.0,0.0,1.064276,0.308736,1.184685,0.0,0.0,0.26025,0.476911,0.0,0.0,0.0,0.013403,0.0,0.0
133,0.897579,0.675625,0.0,0.575615,0.0,0.0,0.763879,0.34976,0.823201,1.172339,0.0,0.204662,0.0,0.0,0.398152,0.073477,0.0,0.0,0.428797,0.0,0.0,0.350567,1.138471,1.356043,0.262645,0.829496,0.0,0.0,0.787309,0.578231,1.425051,0.0,0.0,0.750646,0.53545,0.0,0.350868,0.0,1.264934,0.115329,0.255088,0.1774,0.197558,0.980104,0.326497,0.0,0.060555,0.0,0.0,0.0,0.0,1.180093,0.258847,1.073115,0.0,0.0,0.213088,0.541046,0.0,0.0,0.133209,0.064152,0.0,0.049399
134,0.822284,0.615061,0.050808,0.61973,0.0,0.0,0.526457,0.297317,0.855469,1.612437,0.0,0.318512,0.0,0.156426,0.377815,0.0,0.0,0.0,0.55152,0.0,0.0,0.417397,1.159091,1.343798,0.075787,1.167729,0.019711,0.0,0.810119,0.375175,1.497195,0.0,0.0,0.941023,0.436896,0.0,0.574453,0.0,1.050579,0.121465,0.253824,0.313188,0.370354,1.243157,0.274779,0.0,0.21568,0.0,0.0,0.0,0.0,1.343955,0.191247,1.065322,0.0,0.0,0.483222,0.501963,0.0,0.0,0.294906,0.087338,0.0,0.035283
135,0.723608,0.595938,0.213339,0.645797,0.0,0.0,0.390037,0.390211,0.483086,1.322641,0.0,0.162984,0.0,0.034727,0.252802,0.0,0.0,0.0,0.387121,0.051485,0.0,0.620066,1.036114,1.324568,0.195815,1.147553,0.060307,0.0,0.568146,0.358263,1.347107,0.0,0.0,0.780187,0.214172,0.0,0.554607,0.0,1.002791,0.026503,0.280781,0.127619,0.325332,1.106936,0.172751,0.0,0.215686,0.0,0.0,0.0,0.0,1.357483,0.125824,1.044674,0.0,0.0,0.537076,0.374672,0.031895,0.0,0.01628,0.258094,0.0,0.0
136,0.472938,0.575094,0.308353,0.600175,0.0,0.0,0.1637,0.79939,0.44294,1.308797,0.0,0.477001,0.0,0.200044,0.129147,0.0,0.051868,0.0,0.275412,0.0,0.0,0.862136,0.848231,1.106286,0.0,1.060911,0.33808,0.052537,0.41262,0.0,0.878626,0.0,0.0,0.647492,0.205172,0.482406,0.147209,0.244551,0.76554,0.395927,0.246903,0.0,0.539224,1.091013,0.0,0.0,0.418516,0.0,0.0,0.0,0.0,1.452151,0.039258,1.021957,0.331011,0.0,0.487431,0.211169,0.431472,0.0,0.118972,0.454818,0.0,0.0
137,0.677213,0.606609,0.530317,0.903367,0.0,0.0,0.0,0.527294,0.737715,1.656286,0.0,0.572652,0.033704,0.199564,0.213318,0.0,0.125493,0.0,0.382889,0.281952,0.0,0.866577,1.360976,1.35934,0.108018,1.040604,0.0,0.0,0.32065,0.119756,1.109132,0.0,0.0,0.684792,0.165309,0.829817,0.478776,0.085593,0.557698,0.310089,0.365508,0.0,0.68683,1.24745,0.0,0.0,0.096593,0.0,0.068596,0.0,0.0,1.310327,0.0,0.922255,0.342021,0.0,0.590223,0.088222,0.420658,0.0,0.117241,0.760794,0.0,0.0
138,0.527968,0.514528,0.525835,0.804243,0.0,0.0,0.0,0.607127,0.726218,1.587438,0.0,0.585569,0.153399,0.369031,0.0,0.0,0.153883,0.0,0.450697,0.0,0.0,1.033375,0.95841,0.992292,0.0,1.118376,0.170817,0.203634,0.056474,0.0,0.715743,0.0,0.0,0.372198,0.256978,0.858325,0.324023,0.400655,0.668217,0.440245,0.356872,0.041104,0.767079,1.246413,0.0,0.0,0.223413,0.0,0.322594,0.16242,0.0,1.221126,0.0,0.616291,0.391293,0.0,0.637876,0.0,0.634208,0.0,0.22525,0.829586,0.0,0.0
139,0.45738,0.415992,0.419534,0.770118,0.0,0.0,0.0,0.689122,0.595351,1.427751,0.0,0.628818,0.232206,0.424672,0.037807,0.0,0.174007,0.035019,0.471707,0.0,0.0,0.988749,0.799,0.850412,0.0,1.148246,0.079828,0.137038,0.0,0.0,0.430663,0.0,0.0,0.406934,0.015427,0.902593,0.292055,0.456399,0.481486,0.366636,0.336767,0.172803,0.625213,1.07723,0.0,0.0,0.204478,0.0,0.385249,0.429072,0.0,1.010207,0.0,0.614545,0.479868,0.0,0.608329,0.0,0.781587,0.0,0.187178,0.782393,0.0,0.0
140,0.300076,0.38223,0.263426,0.64071,0.002155,0.0,0.0,0.669005,0.482587,1.505708,0.0,0.407035,0.360173,0.620305,0.0,0.117749,0.166744,0.091193,0.692581,0.0,0.144717,0.962037,0.566812,0.408955,0.0,1.311687,0.195888,0.463053,0.0,0.0,0.097691,0.0,0.0,0.213509,0.113972,0.837711,0.434471,0.695739,0.604951,0.300156,0.610334,0.720096,0.641595,1.103296,0.0,0.0,0.292936,0.0,0.515966,0.599544,0.0,0.823354,0.0,0.24721,0.412725,0.0,0.686149,0.020496,0.93672,0.0,0.270531,0.616375,0.0,0.012378
141,0.218922,0.295304,0.170211,0.469065,0.0,0.0,0.0,0.588668,0.248257,1.341815,0.0,0.251009,0.415086,0.715791,0.0,0.344248,0.049164,0.125219,0.808109,0.0,0.268665,0.886268,0.455244,0.186861,0.039541,1.234741,0.014919,0.442103,0.0,0.0,0.0,0.078599,0.0,0.104479,0.0,0.611184,0.449899,0.495593,0.695375,0.210284,0.773328,0.871313,0.433736,0.908527,0.0,0.0,0.374719,0.0,0.379883,0.931733,0.0,0.561596,0.0,0.089318,0.400909,0.0,0.578031,0.022277,0.959051,0.0,0.09313,0.600281,0.0,0.025629
142,0.0,0.0,0.033911,0.253331,0.0,0.0,0.0,0.47764,0.194831,1.53218,0.0,0.120178,0.385757,0.792066,0.0,0.451257,0.155642,0.283254,0.93283,0.0,0.387647,0.682076,0.32504,0.0,0.0,1.405178,0.05506,0.651533,0.0,0.0,0.0,0.0,0.0,0.055289,0.0,0.877545,0.50982,0.769349,0.714511,0.067141,0.910498,1.446562,0.354873,1.158442,0.0,0.0,0.361744,0.0,0.580257,0.946825,0.0,0.519891,0.0,0.01415,0.250104,0.0,0.460134,0.229934,0.98358,0.0,0.128616,0.554288,0.0,0.227685
143,0.0,0.0,0.0,0.476087,0.019073,0.0,0.0,0.661712,0.312523,1.787351,0.0,0.069316,0.456181,0.82422,0.0,0.445829,0.413551,0.192008,1.170154,0.0,0.749873,0.816014,0.454324,0.0,0.050094,1.688346,0.14442,0.76957,0.0,0.0,0.0,0.160776,0.0,0.187164,0.0,0.960198,0.653463,0.874324,0.862579,0.118264,1.081014,1.636312,0.274369,1.205105,0.0,0.0,0.696041,0.0,0.499857,1.351087,0.0,0.305834,0.0,0.164279,0.512266,0.0,0.699883,0.145505,1.08419,0.0,0.209716,0.466127,0.0,0.200378
144,0.0,0.0,0.0,0.426356,0.039914,0.0,0.0,0.643723,0.110175,1.613399,0.0,0.0,0.391428,0.769127,0.0,0.38919,0.282679,0.222402,0.985626,0.0,0.769942,0.624935,0.21162,0.0,0.0,1.531975,0.113895,0.832711,0.0,0.0,0.0,0.093822,0.0,0.156128,0.0,0.976137,0.609642,0.870508,0.688735,0.15951,0.878155,1.666061,0.204655,1.231063,0.0,0.0,0.562106,0.0,0.622253,1.324715,0.0,0.286296,0.0,0.0,0.624869,0.0,0.673124,0.097944,1.316695,0.0,0.132736,0.427674,0.0,0.655246
145,0.0,0.0,0.0,0.449286,0.127759,0.0,0.0,0.657895,0.003432,1.416102,0.0,0.0,0.437416,0.775113,0.0,0.447782,0.204834,0.206619,0.839103,0.0,0.727936,0.656975,0.095696,0.0,0.0,1.374882,0.050288,0.883767,0.0,0.0,0.0,0.125735,0.0,0.152614,0.0,0.879823,0.546914,0.736583,0.59672,0.270272,0.773515,1.494275,0.230519,1.060921,0.0,0.0,0.540598,0.0,0.591725,1.368402,0.0,0.299341,0.0,0.0,0.717286,0.0,0.73935,0.036351,1.323974,0.0,0.050875,0.286046,0.0,0.738925
146,0.0,0.103233,0.0,0.536359,0.164207,0.0,0.0,0.696687,0.127357,1.413998,0.0,0.019884,0.433579,0.764571,0.0,0.474347,0.292117,0.02592,0.793167,0.0,0.699125,0.829647,0.295457,0.0,0.210766,1.331667,0.051697,0.786666,0.0,0.0,0.0,0.337563,0.0,0.091583,0.036877,0.651849,0.623871,0.7763,0.656805,0.280295,0.804404,1.288128,0.263383,0.738592,0.0,0.0,0.747248,0.0,0.439831,1.255882,0.0,0.344153,0.0,0.0,0.660813,0.0,0.720158,0.000969,1.072289,0.0,0.038045,0.306581,0.0,0.391389
147,0.0,0.366673,0.0,0.610554,0.117682,0.0,0.0,0.868851,0.299869,1.203181,0.0,0.141128,0.28065,0.780909,0.0,0.363394,0.475679,0.028137,0.526182,0.016835,0.540189,0.7558,0.27435,0.0,0.203104,1.17452,0.0,0.489959,0.0,0.0,0.0,0.307736,0.0,0.33025,0.207139,0.689916,0.422652,0.576833,0.397443,0.282034,0.683301,0.974938,0.284325,0.388756,0.0,0.0,0.726253,0.0,0.349564,1.065987,0.0,0.311779,0.0,0.090887,0.689244,0.0,0.647604,0.041729,1.039369,0.0,0.055383,0.221541,0.0,0.15875
148,0.0,0.185405,0.0,0.501399,0.110315,0.0,0.0,0.660667,0.099237,1.056888,0.0,0.0,0.124303,0.633932,0.0,0.334997,0.343491,0.0,0.474518,0.0,0.313122,0.629948,0.40096,0.0,0.08478,1.055789,0.0,0.647916,0.0,0.0,0.0,0.099926,0.0,0.219306,0.166535,0.634924,0.376565,0.534451,0.453836,0.338199,0.462947,0.908213,0.160772,0.51281,0.0,0.0,0.63715,0.0,0.353815,0.960074,0.0,0.407543,0.0,0.043187,0.6264,0.0,0.412105,0.108963,0.822082,0.0,0.060573,0.15413,0.0,0.485015
149,0.027624,0.356471,0.0,0.441754,0.0,0.0,0.0,0.550346,0.360257,1.210646,0.0,0.132559,0.0,0.584534,0.030423,0.043282,0.291759,0.0,0.435048,0.041038,0.0,0.491347,0.579149,0.0,0.267434,1.064079,0.0,0.380235,0.0,0.0,0.220665,0.0,0.0,0.529442,0.217982,0.492069,0.386169,0.356294,0.524463,0.216525,0.421366,0.926703,0.226814,0.583204,0.0,0.0,0.559506,0.0,0.127976,0.407771,0.0,0.529919,0.105448,0.079847,0.201958,0.0,0.276553,0.338477,0.600009,0.0,0.066864,0.015356,0.0,0.452216
150,0.270099,0.416638,0.059164,0.340282,0.0,0.0,0.047974,0.432294,0.279876,1.135297,0.0,0.117284,0.0,0.322518,0.207674,0.035556,0.121944,0.0,0.18213,0.219889,0.0,0.361723,0.457735,0.137837,0.242692,1.16577,0.0,0.184956,0.0,0.0,0.550048,0.0,0.0,0.48001,0.055527,0.197785,0.33205,0.073694,0.579974,0.111579,0.260182,0.889306,0.261137,0.533823,0.0,0.0,0.429421,0.0,0.072533,0.195377,0.0,0.715127,0.413412,0.00755,0.0,0.0,0.238479,0.424303,0.257498,0.0,0.0,0.0,0.0,0.625483
151,0.191124,0.400418,0.035085,0.517057,0.0,0.0,0.141861,0.454922,0.254506,0.815691,0.0,0.015267,0.0,0.230547,0.247963,0.178996,0.041898,0.0,0.043327,0.377007,0.0,0.332686,0.392795,0.183132,0.291395,0.967897,0.0,0.071157,0.07262,0.05722,0.549294,0.0,0.0,0.526389,0.151807,0.103294,0.343721,0.0,0.547443,0.10784,0.220796,0.545941,0.141725,0.372123,0.055798,0.0,0.394784,0.0,0.0,0.20028,0.0,0.720477,0.317101,0.0,0.078062,0.0,0.260676,0.359032,0.209411,0.0,0.0,0.004381,0.0,0.567365
152,0.290399,0.597661,0.144124,0.612195,0.0,0.0,0.0,0.331221,0.595879,1.09311,0.0,0.047126,0.0,0.254404,0.248582,0.038923,0.015633,0.0,0.037802,0.394143,0.0,0.373576,0.495372,0.163759,0.307053,1.091913,0.0,0.214967,0.004686,0.042134,0.712866,0.0,0.0,0.638059,0.24083,0.040455,0.534928,0.0,0.591927,0.205147,0.394777,0.732213,0.388875,0.533864,0.0,0.0,0.463931,0.0,0.0,0.034304,0.0,0.680435,0.327049,0.0,0.0,0.0,0.396084,0.350692,0.227676,0.0,0.0,0.00888,0.0,0.622686
153,0.0,0.626685,0.0,0.80019,0.0,0.0,0.0,0.678824,0.391019,0.673203,0.0,0.0,0.0,0.30518,0.090729,0.205263,0.198301,0.0,0.0,0.310285,0.0,0.55484,0.461644,0.0,0.195518,0.837803,0.0,0.425831,0.0,0.035752,0.243438,0.0,0.0,0.60781,0.371021,0.13787,0.480707,0.246921,0.277086,0.513795,0.413763,0.481502,0.277088,0.304152,0.0,0.0,0.811117,0.0,0.0,0.397305,0.0,0.432268,0.081788,0.18577,0.525613,0.0,0.44629,0.169642,0.49719,0.0,0.0,0.0,0.0,0.440729
154,0.0,0.903016,0.0,0.94693,0.0,0.0,0.0,0.755881,0.512933,0.678777,0.0,0.0,0.304607,0.418438,0.0,0.380606,0.312192,0.0,0.0,0.41593,0.174395,0.733119,0.696877,0.0,0.347695,0.714813,0.0,0.689931,0.0,0.062279,0.206064,0.0,0.0,0.707793,0.473755,0.115206,0.723928,0.393733,0.297782,0.655305,0.701767,0.501993,0.408382,0.114044,0.0,0.0,0.914722,0.0,0.0,0.565016,0.0,0.302073,0.0,0.214121,0.682946,0.0,0.643216,0.018178,0.581785,0.0,0.0,0.0,0.0,0.367769
155,0.0,0.890059,0.0,0.956618,0.0,0.0,0.0,0.777536,0.529249,0.716532,0.0,0.0,0.391948,0.481975,0.0,0.535123,0.502987,0.0,0.0,0.391919,0.326165,0.835061,0.870677,0.0,0.351022,0.693823,0.057816,0.893887,0.0,0.054017,0.053583,0.165847,0.0,0.596439,0.481804,0.025825,0.880689,0.521039,0.503369,0.704771,0.892615,0.549521,0.46319,0.107238,0.0,0.0,0.934043,0.0,0.006735,0.880533,0.0,0.265534,0.0,0.218785,0.810444,0.0,0.72883,0.0,0.639172,0.0,0.0,0.020363,0.0,0.318347
156,0.0,0.92484,0.0,1.020103,0.0,0.0,0.0,0.726261,0.611535,0.626551,0.0,0.001356,0.530927,0.51916,0.0,0.581992,0.519522,0.0,0.0,0.424839,0.4172,0.999921,0.689689,0.0,0.277977,0.628402,0.091708,0.856464,0.0,0.0,0.0,0.096201,0.0,0.596947,0.526096,0.047821,0.881115,0.409392,0.504277,0.731932,0.957744,0.493162,0.474901,0.087301,0.0,0.0,0.978418,0.0,0.0,0.862502,0.0,0.29302,0.0,0.230467,0.870041,0.0,0.878188,0.0,0.619467,0.0,0.0,0.0,0.0,0.274404
157,0.0,0.613168,0.0,0.882912,0.0,0.0,0.0,0.675924,0.55726,0.80986,0.0,0.0,0.381897,0.3681,0.0,0.600057,0.525244,0.0,0.0,0.144309,0.507622,0.824128,0.742834,0.0,0.124458,0.712105,0.322364,0.944862,0.0,0.0,0.0,0.117506,0.0,0.492913,0.398983,0.15625,0.923934,0.678964,0.703017,0.703765,0.97052,0.5849,0.47478,0.362761,0.0,0.0,1.114292,0.0,0.092446,0.985794,0.0,0.343175,0.0,0.297816,0.854316,0.0,0.782863,0.0,0.609409,0.0,0.007924,0.117304,0.0,0.352242
158,0.0,0.712184,0.0,0.726827,0.0,0.0,0.0,0.393843,0.490059,0.476074,0.0,0.0,0.348347,0.304149,0.0,0.585764,0.247356,0.0,0.0,0.229369,0.339742,0.438384,0.698714,0.0,0.251272,0.450399,0.340948,0.504016,0.0,0.211306,0.182806,0.064291,0.0,0.270608,0.305311,0.0,0.902689,0.501104,0.546812,0.591054,0.955594,0.654878,0.347993,0.379195,0.129147,0.0,0.741734,0.0,0.117302,0.634354,0.0,0.309832,0.0,0.179168,0.552965,0.0,0.573761,0.0,0.384436,0.0,0.0,0.233209,0.0,0.164944
159,0.006145,0.577505,0.0,0.559292,0.0,0.0,0.0,0.396456,0.403978,0.239781,0.0,0.0,0.410971,0.214951,0.174152,0.51326,0.00552,0.0897,0.0,0.18436,0.083249,0.183709,0.629285,0.063571,0.053257,0.138948,0.406825,0.266489,0.111572,0.215964,0.345194,0.0,0.0,0.102327,0.275224,0.0,0.735256,0.492147,0.235513,0.57215,0.814996,0.568485,0.461808,0.339369,0.279354,0.0,0.606753,0.0,0.139868,0.126447,0.0,0.478629,0.037499,0.421578,0.312258,0.0,0.435231,0.072952,0.041363,0.0,0.0,0.31069,0.0,0.129081
160,0.054622,0.849046,0.0,0.948241,0.0,0.0,0.0,0.471886,0.666043,0.0,0.0,0.0,0.615333,0.0,0.429052,0.546679,0.028693,0.132815,0.0,0.293362,0.010586,0.241717,0.726061,0.290328,0.0,0.0,0.34602,0.0,0.343931,0.610233,0.680441,0.0,0.0,0.305412,0.459997,0.0,0.738027,0.0,0.293898,0.80475,0.829156,0.175922,0.459882,0.311298,0.322517,0.0,0.417059,0.0,0.0,0.259131,0.0,0.148087,0.0,0.618008,0.423678,0.002197,0.606332,0.070347,0.0,0.0,0.0,0.267322,0.0,0.0
161,0.231637,1.013006,0.0,0.994502,0.0,0.0,0.0,0.319686,0.947518,0.178578,0.0,0.0,0.589291,0.006565,0.045056,0.716108,0.044486,0.103807,0.0,0.0,0.098015,0.349966,0.909783,0.301937,0.0,0.0,0.513283,0.176129,0.126552,0.655626,0.733976,0.0,0.0,0.166441,0.440831,0.0,0.919175,0.0,0.67915,0.905904,0.828463,0.243782,0.413376,0.418098,0.318854,0.0,0.530928,0.0,0.0,0.533401,0.0,0.0,0.0,0.894699,0.514875,0.110186,0.648623,0.0,0.0,0.0,0.0,0.181103,0.0,0.0
162,0.263166,1.173098,0.0,1.038697,0.0,0.0,0.0,0.399547,1.033663,0.043769,0.0,0.0,0.707647,0.0,0.274475,0.552923,0.0,0.135009,0.0,0.0,0.169536,0.301572,0.916612,0.502196,0.0,0.0,0.480811,0.058788,0.404606,0.622286,0.873548,0.0,0.0,0.32792,0.518877,0.0,0.89409,0.0,0.310772,0.937822,0.877026,0.21158,0.470318,0.369669,0.48162,0.0,0.591921,0.0,0.0,0.127087,0.0,0.0,0.0,1.005984,0.422271,0.144469,0.794812,0.031455,0.0,0.0,0.0,0.258174,0.0,0.0
163,0.34472,1.427242,0.0,1.161273,0.0,0.0,0.0,0.322592,1.309917,0.260825,0.0,0.0,0.89748,0.0,0.276973,0.568616,0.02987,0.120087,0.0,0.070748,0.162064,0.288509,1.181808,0.565013,0.0,0.0,0.506788,0.0,0.380202,0.805643,1.053978,0.0,0.0,0.283695,0.674857,0.0,1.070069,0.0,0.390059,0.959802,1.082571,0.297885,0.620993,0.394547,0.378296,0.0,0.444912,0.0,0.0,0.320636,0.0,0.0,0.0,0.931409,0.5451,0.213063,0.831922,0.0,4e-05,0.0,0.0,0.287943,0.0,0.0
164,0.338871,1.100693,0.0,0.972008,0.0,0.0,0.0,0.264846,1.057931,0.090449,0.0,0.0,0.805513,0.0,0.227881,0.693467,0.009137,0.182022,0.0,0.0,0.180169,0.293876,0.882761,0.516587,0.0,0.0,0.624183,0.008698,0.281426,0.666399,0.863992,0.0,0.0,0.154009,0.560592,0.0,0.904482,0.0,0.436679,0.988567,0.855877,0.209658,0.452402,0.445152,0.35229,0.0,0.402172,0.0,0.0,0.425275,0.0,0.0,0.0,0.937986,0.576088,0.092457,0.771949,0.0,0.016174,0.0,0.0,0.322694,0.0,0.0
165,0.256216,0.70528,0.0,0.7353,0.0,0.0,0.0,0.127211,0.675773,0.108929,0.0,0.0,0.670818,0.0,0.265498,0.633809,0.0,0.12382,0.0,0.0,0.135856,0.120321,0.572628,0.441852,0.0,0.002808,0.611473,0.011223,0.356511,0.519913,0.739511,0.0,0.0,0.035196,0.333537,0.0,0.733899,0.0,0.390656,0.84897,0.639874,0.19764,0.351331,0.54365,0.443135,0.0,0.341931,0.0,0.065157,0.393009,0.0,0.002809,0.0,0.846105,0.447386,0.0,0.658386,0.0,0.0,0.0,0.0,0.344179,0.0,0.0
166,0.187233,0.375887,0.0,0.561151,0.0,0.0,0.0,0.109105,0.530616,0.247622,0.0,0.0,0.489217,0.09077,0.0,0.780042,0.035813,0.153869,0.0,0.0,0.12201,0.270893,0.518643,0.271399,0.0,0.0,0.495264,0.136372,0.018469,0.378351,0.493594,0.0,0.0,0.001733,0.185564,0.0,0.614705,0.004422,0.606991,0.727259,0.600829,0.161606,0.283319,0.532642,0.254724,0.0,0.289746,0.0,0.012791,0.640354,0.0,0.078703,0.0,0.647035,0.473087,0.0,0.472473,0.0,0.090334,0.0,0.0,0.34188,0.0,0.0
167,0.118695,0.269608,0.0,0.417599,0.0,0.0,0.012431,0.088506,0.335406,0.224761,0.0,0.0,0.409145,0.162512,0.048517,0.614345,0.221076,0.12702,0.0,0.07183,0.0,0.150818,0.570246,0.328709,0.0,0.0,0.189075,0.0,0.126092,0.404205,0.51323,0.0,0.0,0.034647,0.188174,0.0,0.406884,0.0,0.488498,0.456695,0.724489,0.246726,0.239502,0.500994,0.180755,0.0,0.153985,0.0,0.022817,0.229274,0.0,0.208476,0.0,0.539507,0.223203,0.0,0.297468,0.124114,0.0,0.0,0.0,0.41858,0.0,0.0
168,0.1638,0.131803,0.0,0.17692,0.0,0.0,0.027991,0.127533,0.272581,0.595327,0.0,0.0,0.177471,0.183209,0.0,0.347571,0.075135,0.0,0.144565,0.0,0.024994,0.190718,0.482772,0.279213,0.0,0.368203,0.130119,0.0,0.024237,0.096998,0.329613,0.0,0.0,0.0,0.033492,0.006337,0.412864,0.228317,0.454006,0.147185,0.462227,0.450812,0.159975,0.500067,0.153666,0.0,0.200998,0.0,0.108087,0.309887,0.0,0.435233,0.039549,0.328897,0.118957,0.0,0.142655,0.0,0.234202,0.0,0.0,0.199642,0.0,0.0
169,0.172699,0.12831,0.031511,0.122395,0.0,0.0,0.0,0.16378,0.175594,0.660036,0.0,0.006515,0.176836,0.180559,0.0,0.247973,0.025694,0.0,0.229027,0.0,0.0,0.264891,0.452977,0.262147,0.0,0.50965,0.116935,0.0,0.0,0.075324,0.379656,0.0,0.0,0.0,0.0,0.052285,0.351756,0.247431,0.435525,0.15059,0.327044,0.517034,0.154575,0.476462,0.118303,0.0,0.27385,0.0,0.08382,0.181913,0.0,0.550768,0.168616,0.292108,0.01843,0.0,0.091356,0.085201,0.149527,0.0,0.0,0.156422,0.0,0.175255
170,0.33548,0.288716,0.137259,0.190344,0.0,0.0,0.0,0.332692,0.417558,0.608824,0.0,0.140942,0.242703,0.280157,0.096713,0.099228,0.0,0.0,0.230123,0.109655,0.0,0.406467,0.385501,0.33084,0.09306,0.49456,0.0,0.0,0.060189,0.060286,0.523224,0.0,0.0,0.157896,0.055593,0.160464,0.339107,0.166719,0.385564,0.113479,0.379419,0.480496,0.205478,0.414068,0.170753,0.0,0.130135,0.0,0.088937,0.0,0.0,0.578001,0.171387,0.223305,0.0,0.0,0.172209,0.188703,0.11231,0.0,0.018048,0.146859,0.0,0.172785
171,0.286082,0.475297,0.054558,0.561312,0.120161,0.0,0.0,0.53757,0.570056,0.433281,0.0,0.103604,0.476694,0.360318,0.007417,0.211275,0.090601,0.119247,0.176428,0.119123,0.116873,0.801439,0.234046,0.373942,0.0,0.491943,0.16149,0.071956,0.108544,0.133617,0.361463,0.0,0.0,0.359836,0.235133,0.337401,0.365756,0.271133,0.122152,0.416116,0.371639,0.192284,0.252741,0.277037,0.057186,0.0,0.350693,0.0,0.125217,0.331857,0.0,0.300012,0.0,0.439232,0.444372,0.0,0.402844,0.10944,0.426224,0.0,0.0,0.129232,0.0,0.0
172,0.354823,0.877205,0.178741,0.850013,0.119364,0.0,0.0,0.717276,0.722497,0.347435,0.0,0.029537,0.800486,0.390469,0.085807,0.330742,0.1874,0.268042,0.093955,0.328805,0.160033,0.960787,0.504486,0.507756,0.107474,0.317826,0.202643,0.001,0.292868,0.417158,0.599341,0.0,0.0,0.534335,0.341096,0.282002,0.400268,0.200224,0.076805,0.629816,0.676836,0.087133,0.378805,0.058101,0.0,0.0,0.416235,0.0,0.078101,0.340117,0.0,0.087756,0.0,0.634816,0.607235,0.0,0.551374,0.071685,0.358709,0.0,0.0,0.318811,0.0,0.0
173,0.478664,0.699949,0.0,0.670678,0.116092,0.0,0.0,0.601282,0.664495,0.453753,0.0,0.0,0.844235,0.327484,0.0,0.472619,0.0,0.28076,0.348309,0.0,0.227049,0.971001,0.403462,0.378771,0.048412,0.442266,0.691624,0.373851,0.211115,0.476372,0.519981,0.0,0.0,0.180012,0.255221,0.047388,0.566579,0.330421,0.321463,0.761581,0.726741,0.253504,0.361073,0.411299,0.0,0.0,0.434485,0.0,0.115657,0.520807,0.0,0.171573,0.0,0.763367,0.429053,0.0,0.670788,0.0,0.366869,0.0,0.0,0.424495,0.0,0.0
174,0.621772,0.979306,0.0,0.701728,0.128518,0.0,0.0,0.454574,0.969844,0.459343,0.0,0.0,1.095822,0.167057,0.0,0.504288,0.0,0.21731,0.272645,0.0,0.271296,0.880621,0.595102,0.597047,0.047299,0.43871,0.819607,0.206855,0.258612,0.659488,0.809036,0.0,0.0,0.074131,0.419402,0.0,0.823851,0.178274,0.35093,0.746692,0.782206,0.403946,0.249146,0.521743,0.093571,0.0,0.260269,0.0,0.046108,0.588604,0.0,0.0,0.0,0.84662,0.365307,0.0,0.725955,0.0,0.272103,0.0,0.052443,0.343831,0.0,0.0
175,0.773943,1.099817,0.0,0.876557,0.094508,0.0,0.003922,0.404793,1.142413,0.139111,0.0,0.0,1.255049,0.095061,0.239313,0.480713,0.0,0.271236,0.08843,0.041011,0.197368,0.751019,0.746524,0.750994,0.087553,0.055531,0.610946,0.0,0.497227,0.870987,0.981903,0.0,0.0,0.152215,0.569458,0.0,0.74303,0.041959,0.176644,0.767145,0.901161,0.378063,0.110243,0.581356,0.329783,0.0,0.121652,0.0,0.0,0.16955,0.0,0.0,0.0,1.021281,0.0,0.0,0.811362,0.048914,0.0,0.0,0.055222,0.554267,0.0,0.0
176,0.811488,1.11242,0.0,0.907264,0.207814,0.0,0.141135,0.444068,1.109375,0.046716,0.0,0.0,1.291679,0.212191,0.109155,0.705715,0.065237,0.421631,0.305023,0.0,0.316056,1.007306,0.709993,0.640248,0.308711,0.0,0.661211,0.087538,0.395267,1.015994,0.874522,0.0,0.0,0.139554,0.644046,0.0,0.610836,0.063372,0.481813,0.784947,0.864345,0.349152,0.0,0.585583,0.30115,0.0,0.370082,0.0,0.0,0.145793,0.0,0.0,0.0,1.102043,0.044701,0.0,0.80216,0.0,0.0,0.0,0.037859,0.496973,0.0,0.0
177,0.885802,0.998901,0.0,0.6707,0.23797,0.0,0.028751,0.474471,0.997789,0.253562,0.0,0.0,1.242118,0.20881,0.0,0.617701,0.0,0.384112,0.486802,0.0,0.313177,0.86027,0.738851,0.626309,0.318225,0.084553,0.806652,0.114549,0.362304,1.044447,0.908233,0.0,0.0,0.019882,0.479742,0.0,0.629074,0.200054,0.491454,0.668104,0.806457,0.503224,0.0,0.619495,0.355878,0.0,0.302603,0.0,0.0,0.124979,0.0,0.01504,0.0,1.121978,0.0,0.0,0.645649,0.0,0.031092,0.0,0.163024,0.512986,0.0,0.0
178,0.960701,1.108391,0.006601,0.85088,0.354752,0.0,0.006337,0.692905,1.030728,0.338159,0.0,0.0,1.336557,0.426479,0.0,0.617242,0.192674,0.475743,0.531748,0.019206,0.37478,1.157987,0.708283,0.658579,0.405197,0.133142,0.73118,0.173367,0.529553,1.093203,0.760679,0.0,0.0,0.247919,0.582472,0.0,0.43279,0.243464,0.496238,0.851954,0.715253,0.340623,0.0,0.46856,0.165049,0.0,0.42284,0.0,0.022248,0.137231,0.0,0.0,0.0,1.202263,0.151069,0.0,0.771256,0.0,0.228495,0.0,0.081912,0.409909,0.0,0.0
179,1.043412,1.183935,0.194715,0.849025,0.5229,0.0,0.008318,0.810819,1.148716,0.436878,0.0,0.0,1.280685,0.488438,0.0,0.462642,0.290008,0.364933,0.680886,0.174987,0.380972,1.250087,0.60056,0.728281,0.488047,0.245114,0.611981,0.048217,0.618264,1.040406,0.661943,0.0,0.0,0.304901,0.757212,0.138592,0.293627,0.437027,0.38134,0.778128,0.450908,0.247245,0.0,0.445229,0.306971,0.0,0.474382,0.0,0.08625,0.0,0.0,0.10273,0.0,1.120034,0.110045,0.0,0.772684,0.0,0.334964,0.0,0.144065,0.340211,0.0,0.0
180,1.129024,0.94782,0.169099,0.628297,0.543286,0.0,0.051252,0.946648,0.866317,0.477928,0.0,0.0,1.022775,0.539951,0.0,0.187171,0.065094,0.223456,0.68587,0.178254,0.298215,1.089845,0.44424,0.810664,0.40842,0.544112,0.589235,0.027799,0.754876,0.808643,0.608766,0.0,0.0,0.273306,0.565448,0.197018,0.129466,0.534999,0.146825,0.621393,0.065932,0.280916,0.0,0.448695,0.449815,0.0,0.329749,0.0,0.061181,0.0,0.0,0.515287,0.0,1.264796,0.0,0.0,0.695893,0.09181,0.473668,0.0,0.284619,0.312519,0.0,0.0
181,1.377964,1.305834,0.307888,0.909618,0.431058,0.0,0.220451,1.027366,1.330015,0.572727,0.0,0.0,0.960896,0.495901,0.153107,0.174074,0.199557,0.055201,0.875754,0.676042,0.083826,1.151906,0.931674,1.039234,0.840253,0.716923,0.263275,0.0,0.889366,1.042086,0.875574,0.0,0.0,0.555232,0.777013,0.113183,0.207034,0.252053,0.264953,0.499104,0.188633,0.285592,0.0,0.349809,0.447163,0.0,0.294694,0.0,0.0,0.0,0.0,0.441544,0.0,1.437486,0.0,0.0,0.603749,0.20887,0.127641,0.0,0.216807,0.439513,0.0,0.0
182,1.416968,1.13736,0.460536,0.888925,0.498178,0.0,0.501517,1.265053,1.084056,0.59786,0.0,0.0,0.715498,0.782316,0.202282,0.027549,0.248275,0.041398,0.948848,0.807704,0.02747,1.236963,0.744743,0.998694,0.908756,0.823026,0.037244,0.0,1.175105,0.673448,0.72423,0.0,0.0,0.760275,0.737378,0.477921,0.0,0.398992,0.226513,0.427582,0.0,0.300105,0.0,0.208387,0.438269,0.0,0.455437,0.0,0.0,0.0,0.0,0.749728,0.0,1.425026,0.050023,0.0,0.550433,0.448966,0.366936,0.0,0.167963,0.467554,0.0,0.0
183,1.492569,1.295282,0.543473,0.785629,0.382171,0.0,0.871046,1.042624,1.046285,0.751681,0.0,0.0,0.532865,0.856374,0.296148,0.117327,0.057038,0.0,1.252853,0.771154,0.0,1.319034,0.896759,1.090698,1.281979,1.003881,0.0,0.0,1.23385,0.538172,1.001782,0.0,0.0,0.925097,0.84428,0.29115,0.0,0.230243,0.568942,0.084225,0.014316,0.607543,0.0,0.207319,0.588748,0.0,0.488681,0.0,0.0,0.0,0.0,0.872048,0.0,1.114304,0.0,0.0,0.468507,0.665129,0.162217,0.0,0.100749,0.257196,0.0,0.139598
184,1.58211,1.125843,0.54762,0.674081,0.0,0.0,0.956689,0.858456,1.110667,1.22079,0.0,0.0,0.21378,1.067918,0.227718,0.0,0.0398,0.0,1.420778,0.728048,0.0,1.185314,1.224688,1.094018,1.481972,1.426693,0.0,0.065757,1.223584,0.299687,1.333925,0.0,0.0,0.907156,0.722976,0.40367,0.145376,0.010912,0.702764,0.0,0.099767,0.946375,0.0,0.333467,0.390585,0.0,0.246203,0.0,0.0,0.0,0.0,1.127766,0.0,1.016813,0.0,0.0,0.288865,0.919775,0.159012,0.0,0.189386,0.232694,0.0,0.562971
185,1.478964,0.878663,0.366529,0.331845,0.0,0.0,1.175634,0.809358,0.798407,1.340134,0.0,0.086815,0.104636,1.213607,0.242298,0.0,0.092533,0.0,1.332738,0.221937,0.0,1.120666,1.016103,0.93409,1.241202,1.60326,0.0,0.182199,0.942845,0.0,1.309163,0.0,0.0,0.848171,0.504231,0.680516,0.119734,0.123067,0.794928,0.0,0.089078,1.257067,0.0,0.409067,0.261014,0.0,0.102537,0.0,0.0,0.0,0.0,1.308303,0.235723,0.808529,0.0,0.0,0.023826,1.0533,0.200179,0.0,0.123146,0.000578,0.0,0.786515
186,1.350055,0.636615,0.336876,0.122687,0.0,0.0,1.179678,0.599156,0.601705,1.416519,0.0,0.141279,0.0,1.269833,0.03334,0.11662,0.137064,0.044095,1.147314,0.0,0.0,0.93104,0.91152,0.8052,0.997934,1.850209,0.0,0.279085,0.612342,0.0,1.142236,0.0,0.0,0.59698,0.443961,0.732947,0.102183,0.0,1.046211,0.0,0.165848,1.411798,0.0,0.372553,0.168966,0.0,0.0,0.0,0.0,0.0,0.0,1.350024,0.327085,0.627624,0.0,0.0,0.0,1.058663,0.192876,0.0,0.113495,0.07856,0.0,1.02317
187,1.051389,0.403776,0.248604,0.041161,0.0,0.0,1.162464,0.428152,0.452048,1.56425,0.0,0.149053,0.0,1.317724,0.0,0.0,0.242841,0.147487,1.1997,0.0,0.0,0.853632,1.077159,0.802106,0.914925,1.96392,0.0,0.095165,0.560036,0.0,1.030278,0.0,0.0,0.674039,0.366799,0.894235,0.097672,0.105397,0.982568,0.0,0.251676,1.468528,0.0,0.443545,0.060845,0.0,0.08776,0.0,0.0,0.0,0.0,1.194942,0.098001,0.644897,0.0,0.0,0.0,1.088953,0.329567,0.0,0.033666,0.036151,0.0,0.749126
188,1.155189,0.299613,0.338035,0.0,0.0,0.0,1.07493,0.323828,0.391447,1.611563,0.0,0.117899,0.0,1.299029,0.0,0.087512,0.206073,0.203641,0.995139,0.0,0.0,0.642485,1.087345,0.765497,0.954818,1.810858,0.0,0.103283,0.454378,0.0,1.014452,0.0,0.0,0.430173,0.187006,0.822781,0.14967,0.0,0.865168,0.0,0.299894,1.450275,0.0,0.337077,0.0,0.0,0.0,0.0,0.0,0.0,0.0,1.313343,0.150426,0.606823,0.0,0.0,0.0,1.014384,0.231283,0.0,0.032959,0.161129,0.0,1.015375
189,0.963414,0.274594,0.201865,0.0,0.0,0.0,0.93403,0.284281,0.422046,1.83811,0.0,0.092032,0.0,1.335072,0.0,0.009264,0.441117,0.2844,1.280407,0.0,0.0,0.681848,1.166529,0.581132,0.785628,2.04592,0.042949,0.187534,0.234416,0.0,0.833556,0.0,0.0,0.39279,0.424264,1.003965,0.310595,0.326856,0.997798,0.0,0.386418,1.732656,0.0,0.43775,0.0,0.0,0.0,0.0,0.0,0.0,0.0,1.124528,0.156054,0.358462,0.0,0.0,0.0,0.951441,0.375003,0.0,0.247896,0.0,0.0,0.736236
190,1.009983,0.38718,0.284112,0.0,0.0,0.0,0.934016,0.221914,0.365903,1.272122,0.0,0.077073,0.140779,1.268046,0.015908,0.290768,0.284965,0.362803,1.024533,0.0,0.0,0.744933,0.69199,0.782838,0.809906,1.617291,0.009598,0.022169,0.324998,0.0,0.841891,0.0,0.0,0.430623,0.487121,0.842587,0.136728,0.130747,0.675171,0.0,0.216036,1.508298,0.0,0.076932,0.317077,0.0,0.005355,0.0,0.0,0.0,0.0,0.954896,0.0,0.318009,0.0,0.0,0.0,1.052995,0.204636,0.0,0.0,0.0,0.0,0.491278
191,1.180593,0.505791,0.331799,0.173642,0.114649,0.0,0.992835,0.243616,0.467597,0.839467,0.0,0.012752,0.241262,1.38346,0.290487,0.532861,0.524195,0.431712,0.953223,0.516805,0.0,0.815568,0.736701,0.637542,1.113219,1.129372,0.0,0.030618,0.417586,0.125155,0.659843,0.0,0.0,0.505061,0.730463,0.527639,0.033504,0.050684,0.53336,0.0,0.098152,1.235276,0.0,0.0,0.365451,0.0,0.050257,0.0,0.0,0.0,0.0,0.765178,0.0,0.317592,0.0,0.0,0.0,0.896564,0.032158,0.0,0.053648,0.0,0.0,0.882993
192,0.795427,0.328452,0.338304,0.226629,0.336147,0.0,0.745084,0.277102,0.314852,0.953272,0.0,0.0,0.417992,1.254359,0.023462,0.527735,0.768173,0.653221,1.059357,0.384177,0.080487,0.60442,0.604585,0.250281,0.879464,1.138011,0.0,0.010154,0.156321,0.297073,0.336455,0.0,0.0,0.302449,0.644535,0.622776,0.0,0.300156,0.371105,0.0,0.125964,1.222417,0.0,0.0,0.27102,0.0,0.131902,0.0,0.0,0.0,0.0,0.733352,0.053282,0.266599,0.0,0.0,0.0,0.684187,0.19044,0.0,0.182929,0.04128,0.0,0.878666
193,0.596231,0.221265,0.228571,0.159739,0.489871,0.0,0.458159,0.147289,0.437026,0.592801,0.0,0.0,0.547642,1.138484,0.058911,0.521488,0.761913,0.718096,0.958839,0.28835,0.436397,0.752874,0.383265,0.305028,0.691376,0.938781,0.174871,0.19685,0.0,0.37715,0.084835,0.131123,0.0,0.257211,1.006924,0.791485,0.0,0.292089,0.405917,0.0,0.123822,1.210801,0.0,0.0,0.568131,0.0,0.287349,0.0,0.0,0.123675,0.0,0.488804,0.0,0.065026,0.0,0.0,0.0,0.589185,0.177482,0.0,0.231173,0.0,0.0,0.669573
194,0.307967,0.224403,0.275367,0.042286,0.393532,0.0,0.230429,0.018523,0.457426,0.723358,0.0,0.0,0.737664,1.185106,0.017166,0.470737,0.883914,0.712181,1.120556,0.168828,0.628222,0.476996,0.500201,0.0,0.705426,0.747065,0.284192,0.292462,0.0,0.431439,0.0,0.213005,0.0,0.006473,0.968872,0.612675,0.105035,0.395111,0.51108,0.0,0.346804,1.365318,0.0,0.0,0.544687,0.0,0.113908,0.0,0.0,0.147591,0.0,0.601256,0.036892,0.009425,0.0,0.0,0.0,0.399919,0.179981,0.0,0.423577,0.003056,0.0,0.926759
195,0.0,0.004841,0.098993,0.122671,0.599889,0.0,0.0,0.077568,0.537956,0.654408,0.0,0.0,0.828716,1.272583,0.0,0.29878,1.09848,0.770151,1.128142,0.000955,0.902149,0.4329,0.504206,0.0,0.448069,0.702945,0.459479,0.132841,0.0,0.486985,0.0,0.463008,0.0,0.035462,1.045144,0.728538,0.057232,0.737483,0.364346,0.0,0.497861,1.336112,0.0,0.0,0.648355,0.0,0.238729,0.0,0.0,0.287898,0.0,0.643571,0.0,0.109753,0.0,0.0,0.0,0.360858,0.288772,0.0,0.47798,0.18311,0.0,0.454018
196,0.0,0.04434,0.137603,0.313906,0.827275,0.0,0.0,0.05563,0.692844,0.341023,0.0,0.0,1.097219,1.198657,0.049214,0.4545,1.269697,0.738308,1.188469,0.032924,1.027779,0.456079,0.463649,0.0,0.394491,0.355635,0.542892,0.158302,0.0,0.552433,0.0,0.638061,0.0,0.044852,1.195996,0.602125,0.089962,0.706865,0.430723,0.055613,0.497176,1.116587,0.0,0.0,0.78525,0.0,0.270414,0.0,0.0,0.464697,0.0,0.713486,0.0,0.050986,0.0,0.0,0.0,0.138823,0.09896,0.0,0.474747,0.198824,0.0,0.673516
197,0.0,0.079413,0.001756,0.484942,0.962375,0.0,0.0,0.281667,0.851962,0.218278,0.0,0.0,1.231024,1.261377,0.254747,0.421968,1.547057,0.888223,1.056651,0.144174,1.169172,0.479476,0.294859,0.0,0.205132,0.141816,0.506644,0.069854,0.0,0.691041,0.0,0.719274,0.0,0.194497,1.22923,0.645761,0.0,0.649854,0.283468,0.341522,0.61023,0.854917,0.040267,0.0,0.793795,0.0,0.151031,0.0,0.0,0.637061,0.0,0.587646,0.0,0.187531,0.026586,0.0,0.041892,0.184337,0.259282,0.0,0.338599,0.095609,0.0,0.493572
198,0.0,0.130979,0.033802,0.635397,1.112337,0.0,0.0,0.310792,1.095631,0.0,0.0,0.0,1.495239,1.021017,0.506955,0.482497,1.671224,0.86552,0.840943,0.240882,1.126855,0.437262,0.092891,0.0,0.111409,0.0,0.494948,0.0,0.0,0.874428,0.0,0.727955,0.0,0.03661,1.448774,0.481586,0.0,0.628496,0.067898,0.404357,0.508052,0.593684,0.102102,0.0,0.978649,0.0,0.138589,0.0,0.0,0.593835,0.0,0.648929,0.0,0.340191,0.0,0.0,0.118226,0.088924,0.062431,0.0,0.383635,0.0,0.0,0.664913
199,0.140474,0.191461,0.0,0.593027,1.173778,0.0,0.0,0.361669,1.070963,0.0,0.0,0.0,1.544837,1.162709,0.500993,0.363691,1.60659,0.948405,0.675106,0.25034,1.226294,0.294971,0.0,0.0,0.0,0.0,0.578164,0.0,0.0,0.875868,0.0,0.798469,0.0,0.070079,1.446687,0.572086,0.0,0.703464,0.0,0.527267,0.394221,0.741331,0.030194,0.0,0.830524,0.0,0.000449,0.0,0.21096,0.692227,0.0,0.455316,0.0,0.631854,0.267017,0.0,0.243755,0.13373,0.380051,0.0,0.302792,0.0,0.0,0.357287
200,0.190738,0.378063,0.0,0.474888,1.115949,0.0,0.0,0.178541,1.035567,0.0,0.0,0.0,1.498489,1.062729,0.336012,0.473467,1.3745,0.86064,0.867559,0.098815,1.220676,0.278258,0.087531,0.00287,0.186942,0.0,0.47036,0.00327,0.0,0.938413,0.0,0.632797,0.0,0.0,1.541212,0.354434,0.168644,0.407809,0.221951,0.354401,0.340359,0.829075,0.0,0.0,0.940194,0.0,0.0,0.0,0.359923,0.449484,0.0,0.572618,0.0,0.708165,0.0,0.0,0.322095,0.023682,0.007979,0.0,0.469884,0.0,0.0,0.494166
201,0.29169,0.496584,0.0,0.52251,1.116425,0.0,0.0,0.345751,1.010668,0.0,0.0,0.0,1.463379,0.839242,0.244966,0.52472,1.21499,0.89193,0.650535,0.0,0.93159,0.265474,0.099786,0.073409,0.181333,0.0,0.573053,0.0,0.0,1.04502,0.047255,0.494015,0.0,0.0,1.30792,0.084071,0.199441,0.410079,0.034047,0.53875,0.302832,0.707209,0.0,0.0,1.099977,0.0,0.00973,0.0,0.160087,0.38025,0.0,0.553615,0.0,0.846418,0.0,0.0,0.163375,0.142914,0.0,0.0,0.249501,0.0,0.0,0.23572
202,0.511895,0.793527,0.0,0.738995,0.960221,0.0,0.0,0.682143,1.1263,0.0,0.0,0.0,1.460771,0.735451,0.396602,0.499426,1.197765,0.86828,0.427175,0.154799,0.776409,0.442866,0.361605,0.106849,0.350321,0.0,0.394735,0.0,0.054635,1.299378,0.211417,0.271145,0.0,0.100013,1.255798,0.0,0.169023,0.29522,0.0,0.671568,0.416051,0.522974,0.0,0.0,1.003165,0.0,0.110926,0.0,0.007809,0.15388,0.0,0.327587,0.0,1.133562,0.019956,0.0,0.312087,0.340136,0.0,0.0,0.067362,0.0,0.0,0.105173
203,0.741242,1.184353,0.0,0.930116,0.779812,0.0,0.183257,0.729841,1.26599,0.0,0.0,0.0,1.334463,0.669779,0.550749,0.339541,1.074204,0.656266,0.364118,0.34169,0.656314,0.669231,0.648779,0.164783,0.588435,0.0,0.089842,0.0,0.266973,1.280636,0.44712,0.0,0.0,0.255905,1.323725,0.0,0.255355,0.066631,0.034546,0.561326,0.354723,0.532952,0.0,0.0,0.847337,0.0,0.167585,0.0,0.0,0.0,0.0,0.142505,0.0,1.186602,0.00163,0.0,0.53462,0.37147,0.0,0.0,0.123225,0.0,0.0,0.280449
204,0.661173,1.203894,0.0,0.914496,0.649479,0.0,0.081898,0.762554,1.009633,0.013915,0.0,0.0,1.039124,0.56104,0.199321,0.357575,0.631768,0.519449,0.486029,0.182498,0.473478,0.809993,0.596639,0.031287,0.64904,0.0,0.234556,0.023454,0.135924,0.940689,0.506449,0.0,0.0,0.083609,0.989797,0.0,0.31335,0.091358,0.293785,0.624653,0.204174,0.569518,0.0,0.0,0.661162,0.0,0.397383,0.0,0.0,0.018406,0.0,0.251457,0.0,1.073059,0.02402,0.0,0.502574,0.213987,0.040435,0.0,0.212902,0.0,0.0,0.215185
205,0.729101,1.258169,0.0,1.010005,0.465705,0.0,0.099424,0.734061,1.129458,0.101117,0.0,0.0,0.825315,0.573761,0.401821,0.294199,0.33161,0.273541,0.377025,0.352792,0.272881,0.946688,0.488487,0.320062,0.644597,0.083417,0.000937,0.0,0.354967,0.755711,0.61639,0.0,0.0,0.417141,0.983057,0.0,0.438532,0.130388,0.142962,0.526443,0.201347,0.424066,0.0,0.0,0.653475,0.0,0.354307,0.0,0.0,0.0,0.0,0.177194,0.0,0.914714,0.219589,0.0,0.535041,0.350754,0.121416,0.0,0.0,0.0,0.0,0.036795
206,0.523632,1.069106,0.054395,0.902127,0.235709,0.0,0.0,0.820843,0.761155,0.316961,0.0,0.0,0.448649,0.541253,0.138633,0.219598,0.058768,0.060597,0.432193,0.371038,0.021062,0.830638,0.534997,0.320525,0.530475,0.51825,0.0,0.0,0.386718,0.535611,0.635486,0.0,0.0,0.491883,0.607999,0.0,0.387567,0.098183,0.109988,0.412591,0.313854,0.314236,0.076346,0.0,0.530626,0.0,0.457733,0.0,0.0,0.171878,0.0,0.322119,0.0,0.818212,0.362462,0.0,0.48113,0.334387,0.352218,0.0,0.0,0.02822,0.0,0.0
207,0.449484,0.863851,0.302506,0.837146,0.069949,0.0,0.0,0.836688,0.578388,0.685482,0.0,0.007226,0.216403,0.601285,0.122173,0.062376,0.0,0.0,0.524636,0.411568,0.0,0.782217,0.56419,0.262891,0.444008,0.820695,0.0,0.096338,0.296038,0.104473,0.621811,0.0,0.0,0.5719,0.363288,0.297716,0.318375,0.173579,0.172851,0.241092,0.207086,0.31833,0.282984,0.083503,0.312875,0.0,0.434503,0.0,0.0,0.097195,0.0,0.649282,0.102737,0.596032,0.267508,0.0,0.501659,0.33364,0.478062,0.0,0.0,0.08192,0.0,0.207877
208,0.224689,0.473677,0.192772,0.604444,0.052167,0.0,0.0,0.909597,0.175569,0.798506,0.0,0.11231,0.0,0.561248,0.0,0.034595,0.088016,0.0,0.421146,0.082552,0.0,0.726839,0.286003,0.192697,0.0,1.3102,0.0,0.354983,0.085276,0.0,0.150969,0.0,0.0,0.295267,0.203923,0.703027,0.08404,0.353751,0.274371,0.241331,0.0,0.422343,0.375267,0.36307,0.145564,0.0,0.292681,0.0,0.24859,0.291829,0.0,0.879016,0.379928,0.398973,0.285602,0.0,0.333803,0.410485,0.546443,0.0,0.065522,0.0,0.0,0.648696
209,0.394758,0.601232,0.482838,0.62531,0.0,0.0,0.0,0.724589,0.535241,1.521679,0.0,0.32576,0.0,0.723759,0.119958,0.0,0.29655,0.0,0.706403,0.075964,0.0,0.700323,0.564377,0.223282,0.003954,1.679904,0.0,0.306012,0.0,0.0,0.403782,0.0,0.0,0.491408,0.283665,0.965851,0.250776,0.416127,0.487534,0.020327,0.042215,0.722145,0.527594,0.695493,0.049536,0.0,0.165671,0.0,0.329094,0.12482,0.0,0.952271,0.402208,0.27772,0.060666,0.0,0.290012,0.485414,0.623551,0.0,0.170842,0.0,0.0,0.667698
210,0.173841,0.590084,0.338575,0.659122,0.250223,0.0,0.0,1.064842,0.270636,1.35036,0.0,0.365101,0.093378,0.737683,0.0,0.04224,0.602259,0.0,0.81739,0.003715,0.078984,0.942849,0.500784,0.340871,0.0,1.840718,0.0,0.4775,0.0,0.0,0.0,0.0,0.0,0.641446,0.368338,1.330072,0.0,0.566865,0.432833,0.292379,0.0,0.291945,0.486342,0.578907,0.0,0.0,0.438407,0.0,0.519525,0.76927,0.0,0.78062,0.209892,0.47751,0.66052,0.0,0.253332,0.324198,0.937799,0.0,0.073471,0.0,0.0,0.54026
211,0.257339,0.291873,0.450139,0.42605,0.277363,0.0,0.0,0.927614,0.027456,1.126613,0.0,0.369793,0.0,0.748819,0.300108,0.030241,0.530527,0.0,0.561881,0.288666,0.0,0.404443,0.430113,0.382711,0.0,1.681311,0.0,0.056401,0.125189,0.0,0.124376,0.0,0.0,0.500044,0.144128,1.279662,0.0,0.345976,0.194007,0.0,0.0,0.418354,0.380461,0.497618,0.040425,0.0,0.0,0.0,0.717083,0.270477,0.0,1.116804,0.533313,0.356992,0.219849,0.0,0.099566,0.493817,0.450934,0.0,0.0,0.0,0.0,0.772741
212,0.33361,0.231033,0.457325,0.396971,0.317276,0.0,0.036628,0.573557,0.195056,1.17324,0.0,0.363769,0.0,0.796458,0.486332,0.119867,0.547438,0.0,0.694011,0.391133,0.02098,0.260338,0.496892,0.637711,0.0,1.729354,0.0,0.0,0.251656,0.0,0.290295,0.0,0.0,0.623218,0.398626,1.274538,0.04557,0.175501,0.192172,0.0,0.0,0.476633,0.295481,0.614083,0.333987,0.0,0.0,0.0,0.733096,0.182403,0.0,1.006087,0.413516,0.349345,0.18616,0.0,0.13756,0.492819,0.288126,0.0,0.0,0.0,0.0,0.635123
213,0.288739,0.255988,0.317158,0.068756,0.479492,0.0,0.206173,0.619313,0.077153,0.801507,0.0,0.235643,0.0,0.701255,0.433276,0.302522,0.538257,0.0,0.688855,0.346306,0.040247,0.209285,0.620196,0.822764,0.084234,1.467129,0.0,0.0,0.173765,0.113021,0.3759,0.0,0.0,0.638982,0.538526,1.192574,0.0,0.182493,0.336951,0.0,0.0,0.426171,0.339294,0.424971,0.335929,0.0,0.0,0.0,0.768751,0.085005,0.0,1.108931,0.558653,0.288618,0.0,0.0,0.020352,0.464515,0.0,0.0,0.0,0.0,0.0,0.499336
214,0.143061,0.0,0.329229,0.0,0.503158,0.0,0.315635,0.470741,0.0,0.704441,0.0,0.0,0.0,0.539977,0.351365,0.517275,0.717448,0.0,0.771024,0.266691,0.0,0.0,0.609584,0.857615,0.194785,1.255038,0.0,0.0,0.0,0.088298,0.317697,0.0,0.0,0.33757,0.580556,1.075617,0.0,0.137597,0.574853,0.0,0.0,0.369658,0.356177,0.481964,0.400881,0.0,0.0,0.0,0.669795,0.225325,0.0,1.324455,0.685316,0.270112,0.0,0.0,0.0,0.308456,0.0,0.0,0.0,0.0,0.0,0.793381
215,0.0,0.0,0.233754,0.0,0.660074,0.0,0.54472,0.326583,0.0,0.375183,0.0,0.0,0.0,0.449239,0.381078,0.736684,0.845202,0.0,0.76279,0.18634,0.0,0.0,0.644746,0.778966,0.341298,0.930999,0.0,0.0,0.0,0.11051,0.166688,0.0,0.0,0.384326,0.782341,1.079428,0.0,0.206305,0.72923,0.0,0.0,0.194836,0.437759,0.5049,0.475536,0.0,0.0,0.0,0.490492,0.407781,0.0,1.256382,0.634915,0.136648,0.0,0.0,0.0,0.172746,0.0,0.0,0.0,0.0,0.0,0.887932
216,0.021526,0.0,0.366179,0.0,0.545581,0.0,0.419402,0.365033,0.0,0.420604,0.0,0.0,0.0,0.132558,0.396751,0.821044,0.802172,0.0,0.548706,0.264446,0.0,0.0,0.672468,0.750156,0.373716,0.936617,0.0,0.0,0.0,0.125545,0.23315,0.0,0.0,0.297717,0.638984,0.840577,0.0,0.117156,0.684066,0.0,0.0,0.185127,0.490501,0.434846,0.465084,0.0,0.0,0.0,0.37119,0.459232,0.0,1.323727,0.6381,0.300492,0.0,0.0,0.0,0.023064,0.0,0.0,0.0,0.0,0.0,0.903192
217,0.026932,0.0,0.345422,0.0,0.40783,0.0,0.4551,0.303778,0.0,0.494238,0.0,0.0,0.0,0.0,0.28762,0.834399,0.717034,0.0,0.394151,0.273803,0.0,0.0,0.748952,0.77807,0.458325,0.955003,0.0,0.0,0.0,0.2128,0.175397,0.0,0.0,0.338762,0.536096,0.604645,0.067245,0.052708,0.785059,0.0,0.046034,0.241689,0.473455,0.494425,0.49553,0.0,0.0,0.0,0.146856,0.347865,0.0,1.18817,0.419255,0.331476,0.0,0.0,0.0,0.033045,0.0,0.0,0.0,0.0,0.0,0.607945
218,0.0,0.0,0.349289,0.132628,0.316733,0.0,0.439044,0.115002,0.078912,0.458551,0.0,0.0,0.0,0.0,0.263671,0.986854,0.66263,0.0,0.368191,0.229686,0.0,0.0,0.506745,0.671403,0.392345,1.019713,0.0,0.0,0.0,0.264008,0.063576,0.0,0.0,0.390675,0.595561,0.603604,0.161691,0.083056,0.812197,0.0,0.095904,0.212298,0.334913,0.536095,0.593022,0.0,0.0,0.0,0.16523,0.607327,0.0,1.005765,0.263009,0.130923,0.0,0.0,0.014847,0.0,0.0,0.0,0.0,0.038115,0.0,0.454933
219,0.0,0.051151,0.248533,0.023611,0.206725,0.0,0.17523,0.038143,0.065357,0.873244,0.0,0.0,0.0,0.39738,0.191833,0.759999,0.741992,0.0,0.490417,0.099274,0.117403,0.02309,0.493525,0.491901,0.186278,1.222001,0.0,0.0,0.0,0.051257,0.0,0.0,0.0,0.516612,0.517281,0.764754,0.347163,0.171345,0.821058,0.0,0.277967,0.561104,0.285311,0.87436,0.378896,0.0,0.0,0.0,0.252068,0.727545,0.0,0.861991,0.14766,0.19414,0.092545,0.0,0.156298,0.118681,0.240965,0.0,0.0,0.0,0.0,0.384168
220,0.0,0.0,0.336231,0.0,0.288096,0.0,0.118477,0.279879,0.0,0.95676,0.0,0.057345,0.0,0.632922,0.405228,0.505883,0.938598,3.7e-05,0.483414,0.120051,0.093036,0.0,0.448876,0.306353,0.06939,1.251534,0.0,0.0,0.0,0.0,0.0,0.0,0.0,0.456431,0.406804,1.032114,0.088968,0.306809,0.53209,0.0,0.169533,0.668048,0.545195,0.818677,0.225517,0.0,0.0,0.0,0.559415,0.49585,0.0,0.908244,0.406913,0.403194,0.091836,0.0,0.032431,0.295131,0.291237,0.0,0.0,0.0,0.0,0.632138
221,0.0,0.0,0.334168,0.049443,0.41924,0.0,0.223454,0.292609,0.0,0.659711,0.0,0.0,0.0,0.584651,0.374196,0.766871,0.832397,0.024959,0.597412,0.281616,0.143268,0.050385,0.346402,0.453901,0.0,1.21479,0.0,0.0,0.0,0.0,0.0,0.0,0.0,0.293895,0.263363,1.22798,0.071135,0.203273,0.441478,0.0,0.0,0.261492,0.412454,0.644041,0.44198,0.0,0.0,0.0,0.668041,0.906152,0.0,0.932595,0.305754,0.100795,0.20057,0.0,0.0,0.126918,0.289001,0.0,0.0,0.073025,0.0,0.737882
222,0.008545,0.0,0.482394,0.0,0.447942,0.0,0.326804,0.330278,0.0,0.699707,0.0,0.077698,0.0,0.748878,0.351988,0.791079,0.850072,0.211184,0.807989,0.211306,0.135296,0.127968,0.213933,0.608382,0.0,1.37317,0.0,0.0,0.0,0.0,0.0,0.0,0.0,0.223916,0.327723,1.41576,0.0,0.142642,0.42754,0.0,0.0,0.452931,0.531552,0.466257,0.458026,0.0,0.0,0.0,0.865151,0.815411,0.0,1.085331,0.513206,0.0,0.023523,0.0,0.0,0.279589,0.145622,0.0,0.0,0.0,0.0,0.805042
223,0.24932,0.0,0.586668,0.0,0.504417,0.0,0.217309,0.57142,0.0,0.979087,0.0,0.173776,0.0,0.702654,0.382548,0.679814,0.87149,0.421256,0.786517,0.391171,0.149383,0.124737,0.361779,0.851437,0.101091,1.539296,0.0,0.0,0.0,0.0,0.029934,0.0,0.0,0.160336,0.196099,1.70484,0.0,0.215168,0.241706,0.0,0.0,0.478261,0.366115,0.324857,0.458138,0.0,0.0,0.0,0.791396,0.693843,0.0,1.237216,0.605652,0.193486,0.0,0.0,0.0,0.307234,0.125957,0.0,0.0,0.0,0.0,0.822506
224,0.182731,0.0,0.699658,0.0,0.445136,0.0,0.191661,0.364881,0.0,1.308575,0.0,0.178705,0.0,1.093917,0.281676,0.609393,0.83376,0.559428,1.12649,0.117078,0.065138,0.0,0.304592,0.643195,0.105118,1.826222,0.0,0.0,0.0,0.0,0.0,0.0,0.0,0.046178,0.324207,1.538418,0.0,0.179775,0.410249,0.0,0.0,1.074349,0.452915,0.608448,0.373546,0.0,0.0,0.0,1.038805,0.583458,0.0,1.171032,0.597902,0.306031,0.0,0.0,0.0,0.460966,0.377872,0.0,0.0,0.0,0.0,0.953114
225,0.135894,0.0,0.597692,0.0,0.607631,0.0,0.208998,0.289015,0.0,1.196467,0.0,0.073776,0.168229,1.156668,0.21134,0.711102,0.69543,0.727041,1.289478,0.0,0.192385,0.075114,0.07617,0.616535,0.0,1.871111,0.0,0.005866,0.0,0.0,0.0,0.0,0.0,0.0,0.51515,1.587218,0.0,0.269984,0.228436,0.0,0.0,1.148942,0.384113,0.638253,0.532297,0.0,0.0,0.0,1.182164,0.854852,0.0,0.929337,0.411647,0.243654,0.0,0.0,0.0,0.661872,0.562101,0.0,0.0,0.0,0.0,0.787479
226,0.258871,0.0,0.50907,0.0,0.84637,0.0,0.27801,0.324048,0.0,0.829786,0.0,0.114989,0.233481,1.333137,0.430539,0.790665,0.693165,0.889532,1.16197,0.049835,0.097387,0.054146,0.0,0.598608,0.0,1.817455,0.0,0.0,0.234709,0.0,0.0,0.0,0.0,0.04119,0.696488,1.705033,0.0,0.237173,0.041555,0.0,0.0,0.98634,0.386394,0.38459,0.494228,0.0,0.0,0.0,1.216589,0.811917,0.0,0.748896,0.496185,0.210941,0.0,0.0,0.0,0.591846,0.520975,0.0,0.0,0.0,0.0,0.891554
227,0.341167,0.0,0.493863,0.049408,0.85274,0.0,0.194029,0.326726,0.0,0.917121,0.0,0.0,0.353142,1.102123,0.261741,0.770772,0.479889,0.978284,1.095801,0.03631,0.214742,0.047078,0.0,0.653314,0.0,1.686002,0.034457,0.040798,0.174309,0.0,0.0,0.0,0.0,0.0,0.650478,1.523504,0.0,0.20644,0.0,0.0,0.0,1.052435,0.244205,0.332456,0.529805,0.0,0.0,0.0,1.144742,0.860757,0.0,0.668708,0.439353,0.264168,0.070445,0.0,0.0,0.601609,0.513171,0.0,0.0,0.0,0.0,0.722072
228,0.408823,0.078068,0.505066,0.192333,0.87307,0.0,0.170846,0.170516,0.0,0.93599,0.0,0.0,0.603811,0.963111,0.020293,0.850883,0.228297,0.852369,1.047704,0.019976,0.322465,0.26055,0.0,0.733154,0.004297,1.454981,0.152628,0.312816,0.012759,0.003706,0.0,0.0,0.0,0.0,0.805043,1.267781,0.263051,0.260452,0.025785,0.135303,0.0,1.237056,0.141057,0.471098,0.547578,0.0,0.0,0.0,1.14091,0.913258,0.0,0.494524,0.185096,0.31772,0.122872,0.0,0.0,0.630036,0.483884,0.0,0.0,0.0,0.0,0.395517
229,0.573651,0.0,0.203105,0.077663,0.792634,0.0,0.371457,0.229207,0.0,0.545867,0.0,0.0,0.233858,0.881829,0.442772,0.797891,0.136078,0.703664,0.897078,0.116872,0.011649,0.18718,0.0,0.862104,0.0,1.277712,0.0,0.033165,0.209268,0.205355,0.100865,0.0,0.0,0.0,0.743034,1.124757,0.0,0.088933,0.0,0.074123,0.0,0.67932,0.105029,0.311708,0.590974,0.0,0.0,0.0,0.901746,0.868754,0.0,0.501275,0.290068,0.353541,0.191919,0.0,0.0,0.386101,0.119821,0.0,0.0,0.10793,0.0,0.68053
230,0.513717,0.0,0.23058,0.030055,0.54614,0.0,0.472917,0.118631,0.0,0.733566,0.0,0.0,0.05571,0.834549,0.554534,0.677929,0.036832,0.467913,0.871814,0.169102,0.0,0.080734,0.165787,0.969748,0.236261,1.170847,0.0,0.0,0.235591,0.188471,0.301923,0.0,0.0,0.061662,0.722985,0.864172,0.223836,0.0,0.138367,0.0,0.0,0.755958,0.049335,0.569164,0.640983,0.0,0.0,0.0,0.78919,0.59524,0.0,0.451403,0.173641,0.534999,0.057555,0.0,0.0,0.484083,0.0,0.0,0.0,0.173647,0.0,0.364956
231,0.280555,0.0,0.170401,0.064501,0.393049,0.0,0.62491,0.221082,0.0,0.859475,0.0,0.0,0.0,0.583254,0.355879,0.639923,0.095938,0.29887,0.706384,0.0,0.0,0.0,0.08049,0.937208,0.0,1.330809,0.084611,0.0,0.316361,0.096246,0.277509,0.0,0.0,0.0448,0.508479,0.689872,0.171536,0.0,0.308498,0.0,0.0,0.853529,0.155323,0.574427,0.520863,0.0,0.0,0.0,0.844972,0.537093,0.0,0.581014,0.36454,0.440409,0.138192,0.0,0.0,0.579923,0.016706,0.0,0.0,9.1e-05,0.0,0.350965
232,0.512917,0.0,0.196556,0.077832,0.088099,0.0,0.67492,0.164486,0.0,1.235379,0.0,0.096892,0.0,0.474532,0.589024,0.398705,0.0,0.0,0.718688,0.0,0.0,0.0,0.354152,1.151957,0.0,1.348518,0.0,0.0,0.549264,0.175821,0.783922,0.0,0.0,0.432292,0.363158,0.458171,0.316181,0.0,0.608876,0.0,0.0,0.86581,0.222672,0.7394,0.558173,0.0,0.0,0.0,0.629697,0.039484,0.0,0.84885,0.41906,0.489261,0.0,0.0,0.0,0.716727,0.0,0.0,0.0,0.0,0.0,0.408799
233,0.59711,0.024346,0.122287,0.164294,0.0,0.0,0.620849,0.249092,0.047092,1.488946,0.0,0.172101,0.0,0.511491,0.438523,0.151905,0.0,0.0,0.677498,0.0,0.0,0.111934,0.553183,1.05846,0.0,1.45404,0.0,0.0,0.462934,0.118269,0.910448,0.0,0.0,0.59794,0.179134,0.408018,0.391915,0.0,0.805155,0.0,0.051672,0.844411,0.352209,0.895822,0.284499,0.0,0.0,0.0,0.433369,0.0,0.0,1.024872,0.486024,0.626029,0.0,0.054393,0.021152,0.654353,0.0,0.0,0.0,0.0,0.0,0.510538
234,0.616639,0.175188,0.044388,0.264451,0.0,0.0,0.661421,0.340225,0.206504,1.109512,0.0,0.10687,0.0,0.35054,0.425435,0.071534,0.0,0.0,0.590731,0.0,0.0,0.382439,0.720417,1.289717,0.139126,1.016868,0.103271,0.0,0.595561,0.217034,1.062641,0.0,0.0,0.577608,0.311872,0.275742,0.379058,0.0,0.867444,0.007195,0.199523,0.404212,0.250579,1.04169,0.299692,0.0,0.0,0.0,0.087945,0.0,0.0,1.028057,0.046606,0.906438,0.0,0.0,0.175396,0.63562,0.0,0.0,0.0,0.199291,0.0,0.0
235,0.75234,0.502826,0.109145,0.458259,0.0,0.0,0.400577,0.385782,0.50276,1.604823,0.0,0.083733,0.057506,0.207777,0.129836,0.0,0.0,0.0,0.728452,0.0,0.0,0.363158,1.133694,1.312144,0.143445,1.130455,0.495237,0.0,0.636629,0.292452,1.289157,0.0,0.0,0.535468,0.305932,0.07852,0.622482,0.0,1.024171,0.161086,0.388391,0.52401,0.452295,1.269827,0.147345,0.0,0.011831,0.0,0.0,0.0,0.0,1.137825,0.0,1.146013,0.0,0.0,0.351135,0.449807,0.096918,0.0,0.063173,0.260505,0.0,0.0
236,0.807796,0.715034,0.0,0.766589,0.0,0.0,0.586892,0.47869,0.550409,0.848641,0.0,0.0,0.176338,0.0,0.298189,0.279057,0.0,0.0,0.306621,0.0,0.0,0.529692,1.182302,1.638849,0.198897,0.58378,0.543334,0.0,0.883129,0.634526,1.295203,0.0,0.0,0.612786,0.474431,0.0,0.572633,0.0,0.832328,0.461984,0.485965,0.052516,0.233834,1.102618,0.333292,0.0,0.179232,0.0,0.0,0.0,0.0,0.987438,0.0,1.499626,0.144689,0.0,0.514319,0.361368,0.0,0.0,0.0,0.558245,0.0,0.0
237,0.904492,1.028068,0.0,1.182778,0.0,0.0,0.611683,0.551979,0.980385,0.578773,0.0,0.0,0.57158,0.0,0.428666,0.401263,0.0,0.0,0.048271,0.221753,0.0,0.644074,1.480397,1.852231,0.229534,0.423413,0.617088,0.0,1.017245,1.026781,1.409139,0.0,0.0,0.86925,0.706672,0.0,0.629199,0.0,0.668718,0.795744,0.603945,0.0,0.183443,1.069738,0.214599,0.0,0.223487,0.0,0.0,0.0,0.0,0.650038,0.0,1.904035,0.382995,0.0,0.634209,0.28619,0.0,0.0,0.0,0.65922,0.0,0.0
238,1.031107,0.917176,0.0,1.227354,0.0,0.0,0.551699,0.480665,1.055574,0.65352,0.0,0.0,0.43334,0.0,0.275209,0.395518,0.0,0.0,0.130963,0.131206,0.0,0.500398,1.461796,1.926978,0.212502,0.425745,0.669657,0.0,0.959791,1.174789,1.46338,0.0,0.0,0.57628,0.710542,0.0,0.689758,0.0,0.889749,0.754205,0.582384,0.0,0.148096,1.272105,0.420754,0.0,0.058206,0.0,0.0,0.0,0.0,0.690295,0.0,1.991351,0.112734,0.0,0.635564,0.267708,0.0,0.0,0.0,0.660167,0.0,0.0
239,1.075556,0.868197,0.00213,0.935832,0.110101,0.0,0.365165,0.703261,0.716418,0.923697,0.0,0.0,0.508072,0.0,0.04752,0.337324,0.0,0.0,0.289192,0.0,0.0,0.246318,1.379455,1.800845,0.190762,0.494879,0.873773,0.0,1.126458,0.949085,1.384949,0.0,0.0,0.515753,0.353875,0.0,0.621473,0.0,0.741017,0.694481,0.598487,0.042811,0.290355,1.10401,0.479744,0.0,0.141734,0.0,0.0,0.0,0.0,0.999901,0.0,2.026712,0.025829,0.0,0.640451,0.230387,0.0,0.0,0.019248,0.668981,0.0,0.0
240,1.168588,0.937294,0.0,0.963438,0.250011,0.0,0.502499,0.61246,0.803224,0.79015,0.0,0.0,0.463686,0.0,0.138047,0.333395,0.0,0.0853,0.419988,0.0,0.0,0.364866,1.100369,1.764855,0.203899,0.648964,0.925241,0.0,1.30341,0.948463,1.461861,0.0,0.0,0.596263,0.64986,0.0,0.650376,0.0,0.741891,0.704671,0.410383,0.068267,0.179185,1.052345,0.719917,0.0,0.196452,0.0,0.06032,0.0,0.0,0.948884,0.0,2.034737,0.223695,0.0,0.757356,0.266344,0.0,0.0,0.106175,0.583647,0.0,0.0
241,1.254411,1.102415,0.0,1.063436,0.261339,0.0,0.776998,0.606207,1.025167,0.54037,0.0,0.0,0.440131,0.014392,0.333185,0.292176,0.0,0.130355,0.479319,0.0,0.0,0.526415,1.038356,1.747546,0.408951,0.627289,0.659443,0.0,1.309581,1.12244,1.58569,0.0,0.0,0.670081,0.968078,0.0,0.567736,0.0,0.873654,0.712363,0.322706,0.04567,0.089722,0.977855,0.828224,0.0,0.146655,0.0,0.031896,0.0,0.0,0.729616,0.0,1.963588,0.216044,0.0,0.722427,0.412999,0.0,0.0,0.026523,0.518002,0.0,0.0
242,1.257674,1.379619,0.0,1.189574,0.202471,0.0,0.910319,0.754516,1.268527,0.471569,0.0,0.0,0.679356,0.116668,0.450678,0.254623,0.0,0.166302,0.444186,0.0,0.0,0.69111,1.181378,1.724029,0.652271,0.584897,0.533422,0.0,1.340741,1.131133,1.673154,0.0,0.0,0.882123,1.094894,0.0,0.54708,0.0,0.812937,0.784902,0.381169,0.094066,0.132758,0.832322,0.738534,0.0,0.284519,0.0,0.0,0.0,0.0,0.490101,0.0,2.036838,0.275182,0.0,0.754739,0.493778,0.0,0.0,0.0,0.442923,0.0,0.0
243,1.252421,1.722498,0.0,1.189491,0.033606,0.0,0.87424,0.702047,1.547919,0.759118,0.0,0.0,0.842603,0.0,0.447784,0.406461,0.0,0.124091,0.430295,0.0,0.0,0.662482,1.429131,1.920548,0.78619,0.568239,0.535212,0.0,1.28911,1.239874,1.869969,0.0,0.0,0.884019,0.969662,0.0,0.819391,0.0,0.768844,0.679087,0.64191,0.300922,0.181389,0.725621,0.872147,0.0,0.34093,0.0,0.0,0.0,0.0,0.267533,0.0,2.066091,0.229282,0.0,0.763588,0.416675,0.0,0.0,0.0,0.303658,0.0,0.0
244,1.183983,1.452183,0.0,1.027404,0.0,0.0,1.037608,0.652905,1.203684,0.431664,0.0,0.0,0.655956,0.0,0.480838,0.501155,0.0,0.272769,0.187551,0.0,0.0,0.670803,1.334178,1.790729,0.635076,0.22993,0.573227,0.0,1.11078,1.254898,1.700112,0.0,0.0,0.637351,0.954752,0.0,0.552774,0.0,0.86223,0.820346,0.608866,0.214243,0.045824,0.839688,0.734284,0.0,0.287621,0.0,0.0,0.0,0.0,0.346999,0.0,1.951638,0.170283,0.0,0.715981,0.400546,0.0,0.0,0.0,0.631762,0.0,0.0
245,1.154221,1.049826,0.0,0.854669,0.0,0.0,0.699421,0.18568,1.188756,0.990912,0.0,0.0,0.418133,0.0,0.433992,0.528203,0.0,0.25117,0.258972,0.0,0.0,0.317281,1.318609,1.824133,0.313187,0.381401,0.619984,0.0,1.15485,1.216824,1.766953,0.0,0.0,0.52032,0.724621,0.0,0.75727,0.0,0.84939,0.626314,0.57482,0.339552,0.123512,1.086758,0.837006,0.0,0.02341,0.0,0.0,0.0,0.0,0.448253,0.0,1.744983,0.055589,0.0,0.74261,0.188549,0.0,0.0,0.051132,0.625827,0.0,0.0
246,0.897376,0.487261,0.0,0.561686,0.0,0.0,0.505599,0.002378,0.712054,0.909295,0.0,0.0,0.380523,0.0,0.121909,0.719472,0.0,0.366673,0.036121,0.0,0.0,0.11243,1.140456,1.547808,0.042089,0.188993,0.82588,0.0,0.733032,0.960801,1.329963,0.0,0.0,0.135283,0.373964,0.0,0.67351,0.0,0.83732,0.691085,0.681742,0.312571,0.063579,1.285332,0.517521,0.0,0.0,0.0,0.0,0.17078,0.0,0.35272,0.0,1.653345,0.171537,0.0,0.555402,0.0,0.0,0.0,0.0,0.820422,0.0,0.0
247,0.572489,0.111651,0.0,0.148565,0.0,0.0,0.303166,0.0,0.399066,1.177077,0.0,0.0,0.276175,0.070987,0.0,0.827785,0.0,0.44301,0.307992,0.0,0.0,0.0,0.98571,1.151779,0.002505,0.332758,0.952285,0.0,0.435491,0.858463,0.999393,0.0,0.0,0.0,0.142529,0.0,0.803279,0.0,1.062239,0.36993,0.936123,0.602773,0.221701,1.249888,0.273261,0.0,0.0,0.0,0.217026,0.45955,0.0,0.345454,0.0,1.321117,0.155168,0.0,0.385419,0.0,0.04896,0.0,0.0,0.80573,0.0,0.0
248,0.240527,0.0,0.0,0.030345,0.0,0.0,0.403327,0.0,0.071994,0.758649,0.0,0.0,0.230975,0.0,0.131785,1.041088,0.0,0.53839,0.166961,0.0,0.063596,0.0,0.664148,0.987924,0.0,0.098915,0.584585,0.0,0.351268,0.751036,0.791134,0.0,0.0,0.0,0.0,0.0,0.546662,0.114836,0.870606,0.337201,0.823532,0.480048,0.301992,1.034319,0.41102,0.0,0.0,0.0,0.385538,0.417583,0.0,0.493139,0.0,1.138897,0.006652,0.0,0.264562,0.0,0.0,0.0,0.0,0.874871,0.0,0.0
249,0.031812,0.0,0.0,0.004745,0.0,0.0,0.466071,0.0,0.084379,0.615648,0.0,0.0,0.287723,0.086006,0.271038,1.016973,0.0,0.491078,0.145427,0.0,0.267786,0.0,0.535327,0.670605,0.0,0.086544,0.585909,0.0,0.165692,0.686026,0.677807,0.0,0.0,0.0,0.087437,0.0,0.62134,0.098235,0.884185,0.344682,0.851068,0.501063,0.512501,1.061853,0.356762,0.0,0.0,0.0,0.461058,0.687675,0.0,0.207816,0.0,0.809745,0.279185,0.0,0.391361,0.0,0.0,0.0,0.0,0.863453,0.0,0.0
250,0.128855,0.0,0.0,0.186538,0.0,0.0,0.238356,0.0,0.345779,0.730905,0.0,0.0,0.22134,0.0,0.373722,1.223509,0.0,0.385111,0.081717,0.0,0.31063,0.0,0.531433,0.585751,0.0,0.259026,0.529442,0.0,0.033694,0.815642,0.629136,0.0,0.0,0.0,0.153659,0.0,0.840491,0.003516,0.980083,0.384434,0.94159,0.607881,0.429634,1.126049,0.441552,0.0,0.0,0.0,0.465438,1.075316,0.0,0.0,0.0,0.808219,0.290102,0.0,0.544313,0.0,0.12225,0.0,0.0,0.884078,0.0,0.0
251,0.155479,0.144522,0.0,0.337511,0.0,0.0,0.220248,0.0,0.428933,0.72314,0.0,0.0,0.24417,0.025384,0.52459,1.228616,0.0,0.255988,0.026229,0.0,0.349905,0.0,0.480044,0.593249,0.0,0.4166,0.615284,0.0,0.065289,0.899294,0.722568,0.0,0.0,0.008565,0.352736,0.0,0.967547,0.0,0.968242,0.445819,0.913368,0.604394,0.512005,1.238414,0.415235,0.0,0.067853,0.0,0.496126,1.356973,0.0,0.0,0.0,0.677516,0.550656,0.0,0.76503,0.0,0.167871,0.0,0.0,0.857627,0.0,0.0
252,0.139951,0.0,0.0,0.257157,0.0,0.0,0.146676,0.0,0.392849,0.846035,0.0,0.0,0.17539,0.123158,0.080779,1.286353,0.0,0.18626,0.186643,0.0,0.345668,0.0,0.512932,0.422959,0.063484,0.459659,0.590916,0.0,0.0,0.796569,0.552474,0.209735,0.0,0.0,0.11136,0.0,1.157166,0.002469,1.160817,0.364606,1.021228,0.703398,0.507939,1.307848,0.295418,0.0,0.0,0.0,0.296738,1.432659,0.0,0.0,0.0,0.7107,0.379876,0.0,0.687163,0.0,0.362782,0.0,0.0,0.996752,0.0,0.0
253,0.042181,0.0,0.0,0.137088,0.0,0.0,0.274318,0.0,0.049857,0.824326,0.0,0.0,0.171795,0.061379,0.434223,1.289241,0.0,0.355955,0.217893,0.014192,0.222248,0.0,0.497795,0.631134,0.0,0.367433,0.424578,0.0,0.0,0.698705,0.444983,0.0,0.0,0.0,0.0,0.0,0.871464,0.044654,0.924418,0.190795,0.962359,0.574398,0.505783,1.318882,0.405386,0.0,0.005204,0.0,0.419083,1.21862,0.0,0.0,0.0,0.618328,0.297478,0.0,0.531869,0.0,0.215665,0.0,0.0,1.069691,0.0,0.0
254,0.139925,0.0,0.0,0.0,0.0,0.0,0.331526,0.0,0.0,1.372373,0.0,0.0,0.0,0.301141,0.131439,1.004004,0.025096,0.516493,0.580772,0.0,0.378888,0.0,0.491972,0.64304,0.036806,0.674036,0.397978,0.0,0.0,0.523772,0.241759,0.0,0.0,0.0,0.0,0.221095,0.867067,0.341295,1.01226,0.0,0.997362,1.080339,0.5269,1.285419,0.280872,0.0,0.006073,0.0,0.466416,0.953062,0.0,0.220843,0.0,0.618766,0.091611,0.0,0.419096,0.0,0.427863,0.0,0.0,0.825315,0.0,0.0
255,0.076609,0.0,0.0,0.0,0.188021,0.0,0.623317,0.0,0.0,1.313526,0.0,0.0,0.0,0.264667,0.186229,1.065773,0.0,0.885376,0.646222,0.0,0.293653,0.0,0.343894,0.879236,0.0,0.698697,0.321379,0.0,0.0,0.566463,0.241418,0.0,0.0,0.0,0.0,0.427298,0.468552,0.088875,0.892182,0.0,0.625954,0.889663,0.396752,1.215724,0.345634,0.0,0.0,0.0,0.63728,0.827552,0.0,0.42716,0.0,0.6246,0.0,0.0,0.024323,0.0,0.205612,0.0,0.0,0.740553,0.0,0.0
256,0.313201,0.0,0.0,0.0,0.387928,0.0,0.966424,0.0,0.0,1.06133,0.0,0.0,0.05628,0.198233,0.123768,1.195961,0.0,1.019867,0.559657,0.0,0.122967,0.0,0.557055,1.278983,0.155907,0.571856,0.277676,0.0,0.059237,0.687988,0.456244,0.0,0.0,0.0,0.165231,0.508484,0.376567,0.0,0.73019,0.0,0.318342,0.69098,0.241911,1.043457,0.404893,0.0,0.0,0.0,0.525876,0.757391,0.0,0.403659,0.0,0.667248,0.0,0.0,0.0,0.0,0.0,0.0,0.0,0.680724,0.0,0.0
257,0.524224,0.0,0.060563,0.0,0.445382,0.0,1.020161,0.0,0.0,1.385364,0.0,0.0,0.0,0.233497,0.145686,1.260315,0.142778,1.242075,0.929155,0.0,0.090523,0.0,0.592454,1.602515,0.200264,0.844511,0.328952,0.0,0.29241,0.841356,0.489904,0.0,0.0,0.0,0.476443,0.473377,0.358486,0.0,0.851523,0.0,0.023243,0.79239,0.080379,1.039137,0.568581,0.0,0.0,0.0,0.754159,0.636689,0.0,0.407004,0.093373,0.868568,0.0,0.0,0.0,0.0,0.0,0.0,0.0,0.332364,0.0,0.107598
258,1.039897,0.0,0.130712,0.0,0.527623,0.0,1.067936,0.0,0.118371,1.544002,0.0,0.0,0.036457,0.24287,0.297714,1.304599,0.218347,1.330499,1.257368,0.0,0.0,0.0,0.773847,2.208652,0.496925,0.887924,0.258972,0.0,0.630434,1.122305,0.863063,0.0,0.0,0.078897,1.048462,0.374528,0.462234,0.0,0.899081,0.0,0.0,0.87309,0.0,0.9368,0.893764,0.0,0.0,0.0,0.991163,0.341638,0.0,0.520941,0.147792,1.061272,0.0,0.0,0.0,0.0,0.0,0.0,0.0,0.150478,0.0,0.0
259,0.987187,0.0,0.211729,0.0,0.880027,0.0,1.300079,0.0,0.098871,1.511736,0.0,0.0,0.445645,0.314686,0.0,1.198147,0.570648,1.437107,1.434091,0.0,0.111719,0.0,0.888708,2.23279,0.873935,0.662975,0.441317,0.0,0.498185,1.29626,0.631358,0.0,0.0,0.0,1.269336,0.61315,0.125198,0.039216,0.760235,0.0,0.0,1.000628,0.0,0.849136,0.831598,0.0,0.0,0.0,0.727149,0.0,0.0,0.631727,0.256966,1.464533,0.0,0.0,0.0,0.268266,0.0,0.0,0.0,0.110305,0.0,0.0
260,1.371756,0.0,0.133912,0.0,1.288193,0.0,1.656823,0.0,0.102111,1.134177,0.0,0.0,0.63998,0.492475,0.052156,1.197284,0.883732,1.416267,1.841312,0.0,0.190356,0.0,0.892122,2.33791,1.123389,0.562274,0.288891,0.0,0.758717,1.496856,0.687284,0.0,0.0,0.067871,1.819872,0.621709,0.0,0.128138,0.890604,0.0,0.0,0.940735,0.0,0.60729,1.073011,0.0,0.0,0.0,0.710911,0.0,0.0,0.644387,0.493136,1.541583,0.0,0.0,0.0,0.33643,0.0,0.0,0.0,0.0,0.0,0.0
261,1.776586,0.123874,0.048073,0.0,1.51089,0.0,1.677421,0.0,0.401638,1.031497,0.0,0.0,0.787398,0.541042,0.16574,1.10216,1.161718,1.282618,2.10889,0.0,0.289211,0.0,1.045954,2.595631,1.26805,0.590724,0.136397,0.0,1.027056,1.821271,0.695034,0.0,0.0,0.280091,2.072391,0.694244,0.0,0.198395,0.730942,0.0,0.0,0.93332,0.0,0.452119,1.350004,0.0,0.0,0.0,0.766021,0.0,0.0,0.746294,0.462811,1.803418,0.0,0.0,0.0,0.470027,0.0,0.0,0.0,0.0,0.0,0.0
262,2.158561,0.332076,0.0,0.174806,1.659211,0.0,1.75036,0.0,0.74332,0.812446,0.0,0.0,0.975795,0.669731,0.319343,0.882079,1.475126,1.032706,2.232039,0.31433,0.420129,0.0,1.230733,2.735287,1.373645,0.666286,0.0,0.0,1.264435,2.088539,0.655766,0.0,0.0,0.555019,2.170662,0.879516,0.0,0.311198,0.49165,0.0,0.0,0.948311,0.0,0.254904,1.506392,0.0,0.0,0.0,0.860705,0.0,0.0,0.847432,0.462959,1.887519,0.0,0.0,0.0,0.653806,0.0,0.0,0.026456,0.0,0.0,0.0
263,1.966449,0.432962,0.036207,0.136465,1.659534,0.0,1.618789,0.0,0.728439,1.030327,0.0,0.0,0.934054,0.897125,0.268885,0.866555,1.602741,0.9395,2.665159,0.187502,0.318496,0.0,1.107843,2.590937,1.47887,0.852908,0.0,0.0,1.228209,1.989903,0.489979,0.0,0.0,0.425006,2.357091,0.952628,0.0,0.385417,0.660505,0.0,0.0,1.014479,0.0,0.430213,1.611835,0.0,0.0,0.0,1.025525,0.0,0.0,0.917378,0.590431,1.865909,0.0,0.0,0.0,0.750724,0.0,0.0,0.09651,0.0,0.0,0.0
264,1.953905,0.063013,0.107995,0.189976,1.623814,0.0,1.523825,0.032269,0.405022,1.046338,0.0,0.0,0.685411,1.036355,0.223514,0.68838,1.822481,0.889086,2.57577,0.355288,0.304534,0.0,0.987328,2.298801,1.261027,0.979029,0.0,0.0,1.220352,1.731302,0.463272,0.0,0.0,0.310089,1.96609,1.179442,0.0,0.504229,0.573963,0.0,0.0,0.862046,0.0,0.237372,1.467075,0.0,0.0,0.0,0.899257,0.0,0.0,1.214327,0.725886,1.849291,0.0,0.0,0.0,0.823248,0.0,0.0,0.20502,0.0,0.0,0.4348
265,1.703834,0.191908,0.279213,0.102247,1.545011,0.0,1.448667,0.250991,0.50353,0.975076,0.0,0.0,0.750924,1.13511,0.146882,0.453886,1.949611,0.778857,2.454211,0.441709,0.363897,0.0,0.939469,1.962118,1.143817,0.984599,0.0,0.0,1.026504,1.494035,0.441698,0.0,0.0,0.303647,1.836653,1.226702,0.0,0.5756,0.600789,0.0,0.0,0.95778,0.0,0.193663,1.227074,0.0,0.0,0.0,0.884884,0.0,0.0,1.242881,0.989884,1.583751,0.0,0.0,0.0,0.879828,0.0,0.0,0.222245,0.0,0.0,0.534737
266,1.350561,0.46785,0.280149,0.0,1.438393,0.0,1.269183,0.213212,0.568924,1.009679,0.0,0.0,0.689166,0.931742,0.026326,0.406865,1.55261,0.896233,2.201071,0.171526,0.560351,0.0,0.877048,1.902056,0.961174,0.944684,0.18838,0.0,0.766671,1.297096,0.372193,0.0,0.0,0.311402,1.77423,1.037274,0.0,0.522345,0.420157,0.0,0.0,1.028215,0.0,0.164152,1.263105,0.0,0.0,0.0,1.025237,0.0,0.0,1.157856,0.969161,1.309177,0.0,0.0,0.0,0.726774,0.0,0.0,0.075703,0.0,0.0,0.02763
267,1.315125,0.342544,0.332203,0.0,1.161081,0.0,0.895192,0.0,0.590259,0.831192,0.0,0.0,0.616616,0.854056,0.271794,0.533352,1.422911,0.582078,2.044808,0.21433,0.246234,0.0,0.947718,1.701569,1.025686,0.84241,0.0,0.0,0.687124,1.281527,0.278316,0.0,0.0,0.338196,1.642229,0.996512,0.0,0.444328,0.53282,0.0,0.0,0.714193,0.0,0.368884,1.188526,0.0,0.0,0.0,0.877113,0.0,0.0,0.966626,0.53429,1.171928,0.0,0.0,0.0,0.559273,0.0,0.0,0.0,0.0,0.0,0.201363
268,1.17393,0.190679,0.44741,0.090599,1.206976,0.0,0.727307,0.241722,0.44212,0.65068,0.0,0.0,0.596411,0.617764,0.271129,0.47758,1.465565,0.611923,1.727712,0.152966,0.545069,0.0,0.728518,1.314712,0.647708,0.655212,0.117967,0.0,0.497749,0.964959,0.253628,0.0,0.0,0.22094,1.312094,1.073335,0.0,0.660323,0.45517,0.0,0.0,0.43603,0.0,0.101903,1.073168,0.0,0.0,0.0,0.485948,0.0,0.0,1.09254,0.474555,0.876975,0.0,0.0,0.0,0.249749,0.008645,0.0,0.126129,0.006605,0.0,0.229707
269,0.976125,0.067193,0.477977,0.238855,0.93692,0.0,0.168256,0.293588,0.461789,0.942638,0.0,0.0,0.672954,0.624035,0.176718,0.454047,1.556849,0.459772,1.33516,0.271617,0.431944,0.0,0.888813,1.114119,0.467183,0.541435,0.189139,0.0,0.270523,0.85144,0.199704,0.183768,0.0,0.063248,0.856639,1.143819,0.0,0.722715,0.309795,0.16124,0.0,0.282157,0.0,0.342924,0.716337,0.0,0.0,0.0,0.165122,0.0,0.0,1.026108,0.0,1.049719,0.0,0.0,0.0,0.098036,0.411285,0.0,0.093976,0.316992,0.0,0.155828
270,0.770764,0.404662,0.657996,0.457914,0.913543,0.0,0.0,0.374229,0.624306,1.016027,0.0,0.0,0.914653,0.528132,0.05792,0.525423,1.525703,0.468791,1.504537,0.151967,0.782832,0.092411,0.796897,0.884891,0.422511,0.404561,0.394097,0.0,0.187348,0.672127,0.145469,0.216826,0.0,0.144493,0.930635,1.021788,0.0,0.891372,0.635064,0.444368,0.0,0.349384,0.0,0.459489,0.620675,0.0,0.178622,0.0,0.191223,0.059444,0.0,0.930919,0.0,0.739299,0.0,0.0,0.263933,0.0,0.650372,0.0,0.237467,0.288388,0.0,0.0
271,0.751926,0.628458,0.560436,0.708813,0.589899,0.0,0.0,0.508116,1.0678,0.935448,0.0,0.0,1.146854,0.438726,0.228014,0.510158,1.802994,0.452365,0.998729,0.163913,0.712287,0.359635,1.128534,1.061673,0.341969,0.263602,0.373252,0.0,0.006268,0.878294,0.228388,0.542445,0.0,0.320822,0.965522,1.085853,0.0,0.725415,0.44922,0.750027,0.095706,0.097372,0.004357,0.486968,0.327294,0.0,0.185802,0.0,0.249848,0.312282,0.0,0.541713,0.0,0.822911,0.092967,0.0,0.201484,0.0,0.5209,0.0,0.0,0.350716,0.0,0.0
272,0.576508,0.382392,0.58214,0.732825,0.414004,0.0,0.0,0.545498,0.909253,0.872968,0.0,0.0,0.972138,0.215703,0.213491,0.606227,1.621654,0.349645,1.053856,0.130269,0.706443,0.336438,1.11322,0.968232,0.176672,0.153317,0.418603,0.0,0.0,0.681796,0.363602,0.49338,0.0,0.157163,0.619884,0.891482,0.0,0.743339,0.649815,0.737412,0.158789,0.012436,0.199922,0.608734,0.334798,0.0,0.244357,0.0,0.137315,0.381955,0.0,0.790887,0.0,0.721666,0.0,0.0,0.215004,0.0,0.428376,0.0,0.012111,0.56927,0.0,0.0
273,0.430824,0.239394,0.48415,0.563478,0.365518,0.0,0.0,0.32723,0.625258,0.913553,0.0,0.0,0.860913,0.380393,0.299328,0.517317,1.171045,0.358589,0.979809,0.114519,0.780112,0.261296,0.895591,0.80705,0.0,0.234963,0.413835,0.0,0.020106,0.502938,0.3303,0.279976,0.0,0.106551,0.413069,0.812294,0.0,0.754047,0.638639,0.667288,0.258407,0.074036,0.161306,0.830288,0.224432,0.0,0.19135,0.0,0.270732,0.547855,0.0,0.756287,0.0,0.516965,0.0,0.0,0.407389,0.0,0.74718,0.0,0.095403,0.551122,0.0,0.0
274,0.179533,0.268148,0.396822,0.397601,0.120066,0.0,0.0,0.17148,0.424718,1.185859,0.0,0.0,0.807039,0.374765,0.201527,0.559909,0.86779,0.331248,0.856781,0.06897,0.707828,0.19938,0.948108,0.824823,0.0,0.255941,0.519553,0.0,0.0,0.35841,0.307113,0.242404,0.0,0.0,0.27682,0.692111,0.19686,0.76342,0.695321,0.558093,0.517431,0.285008,0.249524,1.144384,0.008172,0.0,0.164643,0.0,0.429929,0.647716,0.0,0.704294,0.0,0.438005,0.0,0.0,0.433208,0.0,0.865598,0.0,0.0,0.508875,0.0,0.0
275,0.052311,0.183068,0.459161,0.403463,0.01832,0.0,0.0,0.197535,0.48295,1.058562,0.0,0.156289,0.765798,0.450966,0.266627,0.581936,1.052835,0.373004,0.554844,0.119713,0.484658,0.192783,1.040379,0.759455,0.0,0.159865,0.353888,0.0,0.0,0.488411,0.431394,0.188899,0.0,0.0,0.223633,0.886832,0.0,0.458683,0.552258,0.550898,0.67256,0.103627,0.403554,1.13414,0.0,0.0,0.182587,0.0,0.444072,0.511242,0.0,0.592907,0.0,0.396572,0.0,0.0,0.369389,0.0,0.637495,0.0,0.0,0.836277,0.0,0.0
276,0.0,0.219785,0.404983,0.440663,0.015,0.0,0.0,0.305892,0.407449,1.182058,0.0,0.367994,0.701418,0.47633,0.188458,0.643553,0.826712,0.290111,0.669642,0.014733,0.60589,0.392841,0.754497,0.518208,0.0,0.435602,0.368598,0.0,0.0,0.192769,0.135128,0.092781,0.0,0.000715,0.14761,0.646776,0.317088,0.66838,0.680824,0.526676,0.825776,0.19471,0.652083,1.13103,0.0,0.0,0.476789,0.0,0.504423,0.74636,0.0,0.534329,0.0,0.147447,0.128321,0.0,0.623103,0.0,0.909761,0.0,0.0,0.707567,0.0,0.0
277,0.0,0.076234,0.246507,0.371793,0.0,0.0,0.0,0.153192,0.195993,1.279311,0.0,0.373561,0.527859,0.55417,0.167585,0.711415,0.683116,0.216198,0.894796,0.096881,0.63576,0.439865,0.697577,0.331494,0.0,0.640572,0.365475,0.170352,0.0,0.064369,0.0,0.258843,0.0,0.055712,0.014495,0.474556,0.769805,0.827296,0.888772,0.405047,0.946186,0.298614,0.779189,1.423328,0.0,0.0,0.383768,0.0,0.552811,1.026572,0.0,0.499825,0.0,0.05187,0.27464,0.0,0.689721,0.0,1.071797,0.0,0.0,0.87629,0.0,0.0
278,0.0,0.217498,0.205202,0.442573,0.0,0.0,0.0,0.304672,0.247291,1.365388,0.0,0.419119,0.531102,0.674554,0.290144,0.717253,0.736601,0.203442,0.906854,0.080986,0.806899,0.667704,0.515691,0.275235,0.0,0.777373,0.335556,0.304114,0.0,0.0,0.0,0.243031,0.0,0.309139,0.16404,0.594443,0.81805,0.875175,0.838959,0.524963,1.127384,0.296784,0.906977,1.443515,0.0,0.0,0.586477,0.0,0.546499,1.307857,0.0,0.361606,0.0,0.0,0.661281,0.0,1.021993,0.0,1.343822,0.0,0.0,0.836095,0.0,0.0
279,0.0,0.042518,0.319094,0.329248,0.143997,0.0,0.0,0.221336,0.092958,1.312299,0.0,0.349138,0.506472,0.789078,0.360008,0.774602,0.680026,0.188648,0.988426,0.021494,0.758876,0.595466,0.397817,0.02913,0.0,0.768942,0.151488,0.303105,0.0,0.0,0.0,0.13116,0.0,0.177268,0.084982,0.693927,0.770545,0.872041,0.868539,0.371471,1.148663,0.467521,0.835888,1.598479,0.015625,0.0,0.675839,0.0,0.617626,1.224651,0.0,0.472641,0.0,0.0,0.56705,0.0,1.066547,0.0,1.370546,0.0,0.0,1.032546,0.0,0.219366
280,0.0,0.0,0.342738,0.245623,0.187567,0.0,0.0,0.303323,0.098614,1.104437,0.0,0.347704,0.447375,0.761024,0.601088,0.881077,0.796415,0.21839,0.752819,0.058463,0.580445,0.521728,0.32457,0.130816,0.0,0.712167,0.032808,0.003323,0.0,0.06652,0.0,0.07023,0.0,0.0,0.100573,0.95041,0.467744,0.829445,0.603502,0.274716,0.916508,0.299836,0.846654,1.449588,0.081533,0.0,0.647584,0.0,0.730728,1.056882,0.0,0.548114,0.0,0.0,0.43005,0.0,0.858378,0.0,1.208471,0.0,0.0,1.11639,0.0,0.417058
281,0.0,0.0,0.401363,0.434373,0.362299,0.0,0.0,0.540823,0.032981,1.254718,0.0,0.38808,0.461265,0.735352,0.422616,0.885537,0.762846,0.192316,1.016513,0.095705,0.894005,0.653584,0.200916,0.0,0.0,0.972556,0.0,0.191962,0.0,0.0,0.0,0.257515,0.0,0.171933,0.0,0.91437,0.652193,1.114623,0.727458,0.342843,0.870408,0.318342,0.903556,1.328112,0.249183,0.0,0.784024,0.0,0.747559,1.38411,0.0,0.614289,0.011121,0.0,0.617576,0.0,0.987723,0.0,1.459618,0.0,0.0,1.025165,0.0,0.523905
282,0.0,0.0,0.318814,0.497684,0.312914,0.0,0.0,0.579055,0.150634,1.823976,0.0,0.589423,0.344607,0.809295,0.525096,0.561175,0.931141,0.357302,1.251251,0.0,1.155708,0.574152,0.191738,0.0,0.0,1.260816,0.011823,0.224894,0.0,0.0,0.0,0.255893,0.0,0.432069,0.0,1.090073,0.710597,1.261821,0.70298,0.33143,1.082856,0.674601,0.804224,1.475903,0.109042,0.0,0.710273,0.0,0.913258,1.550115,0.0,0.49562,0.109706,0.0,0.880148,0.0,1.194524,0.0,1.848383,0.0,0.0,0.880703,0.0,0.361877
283,0.0,0.0,0.348034,0.373568,0.524899,0.0,0.0,0.686944,0.231194,1.628394,0.0,0.498254,0.55612,0.913266,0.371585,0.629511,0.922246,0.458498,1.153584,0.002428,1.094589,0.561936,0.247718,0.0,0.0,1.108041,0.045596,0.293684,0.0,0.0,0.0,0.383988,0.0,0.257365,0.109502,1.059463,0.593061,1.191314,0.580835,0.386561,0.979366,0.655594,0.789244,1.176387,0.139196,0.0,0.662877,0.0,0.820031,1.36391,0.0,0.585941,0.009282,0.0,0.695495,0.0,0.978555,0.0,1.604039,0.0,0.0,0.971901,0.0,0.303719
284,0.0,0.0,0.21754,0.455916,0.533963,0.0,0.0,0.615664,0.182492,1.335976,0.0,0.108695,0.707879,0.935462,0.230724,0.611683,0.73277,0.381872,1.139109,0.0,1.202141,0.730648,0.167882,0.0,0.0,1.105674,0.073715,0.64196,0.0,0.0,0.0,0.371483,0.0,0.352594,0.261025,1.080699,0.538275,1.036601,0.540046,0.457805,0.929411,0.757472,0.597683,1.175321,0.145178,0.0,0.771423,0.0,0.642886,1.455289,0.0,0.495654,0.0,0.0,0.761841,0.0,1.132762,0.0,1.582769,0.0,0.0,0.634733,0.0,0.428707
285,0.0,0.0,0.197688,0.264411,0.611376,0.0,0.0,0.465484,0.225726,0.918194,0.0,0.103472,0.787194,0.958329,0.276982,0.677898,0.742048,0.538997,0.866391,0.017825,0.890489,0.530412,0.195395,0.0,0.0,0.680936,0.055452,0.255827,0.0,0.161011,0.0,0.395012,0.0,0.057182,0.346092,0.935274,0.219591,0.796763,0.294391,0.369418,0.647542,0.522395,0.47853,0.675114,0.202028,0.0,0.408802,0.0,0.550417,1.030019,0.0,0.601706,0.0,0.0,0.359441,0.0,0.564649,0.0,1.098621,0.0,0.0,0.559986,0.0,0.431138
286,0.0,0.0,0.250701,0.335353,0.73198,0.0,0.0,0.415288,0.267437,1.008932,0.0,0.129083,0.578486,0.725588,0.120341,0.5602,0.814612,0.593513,1.170445,0.026185,0.949414,0.4164,0.249031,0.0,0.0,0.829397,0.093119,0.117315,0.0,0.0,0.0,0.328086,0.0,0.089878,0.293805,1.01078,0.159396,0.950619,0.444516,0.254314,0.432532,0.565504,0.426042,0.395146,0.398773,0.0,0.366361,0.0,0.406223,1.047462,0.0,0.762361,0.0,0.0,0.243323,0.0,0.297768,0.0,0.920063,0.0,0.0,0.578362,0.0,0.596392
287,0.0,0.0,0.176517,0.193673,0.550223,0.0,0.0,0.293172,0.278688,0.833641,0.0,0.046125,0.434541,0.720379,0.196108,0.467813,0.752972,0.573949,0.824791,0.0,0.737091,0.295961,0.226627,0.0,0.0,0.726844,0.015824,0.0,0.0,0.056788,0.0,0.130258,0.0,0.066176,0.33071,0.994971,0.0,0.735997,0.283107,0.141208,0.380262,0.613716,0.270941,0.287095,0.287949,0.0,0.205355,0.0,0.274616,0.800176,0.0,0.647837,0.0,0.0,0.182741,0.0,0.087359,0.0,0.821177,0.0,0.010821,0.443816,0.0,0.478162
288,0.0,0.0,0.15318,0.038064,0.339007,0.0,0.061235,0.157176,0.294724,0.661789,0.0,0.0,0.288043,0.695509,0.128754,0.455293,0.649117,0.424397,0.611551,0.0,0.401107,0.271068,0.447182,0.096422,0.149548,0.679072,0.0,0.0,0.0,0.177157,0.037358,0.0,0.0,0.109936,0.388245,0.780565,0.0,0.509515,0.351647,0.0,0.436161,0.704592,0.203262,0.298108,0.268155,0.0,0.190699,0.0,0.134492,0.562535,0.0,0.670604,0.0,0.0,0.0,0.0,0.0,0.064792,0.484432,0.0,0.024688,0.401519,0.0,0.394685
289,0.023269,0.0,0.197004,0.0,0.053631,0.0,0.221225,0.0,0.109774,0.72683,0.0,0.0,0.159303,0.615706,0.085388,0.43339,0.354851,0.179823,0.574316,0.0,0.099726,0.134066,0.469024,0.154385,0.246937,0.72232,0.0,0.0,0.0,0.074971,0.138191,0.0,0.0,0.072181,0.198166,0.534477,0.028854,0.303366,0.50877,0.0,0.376733,0.83936,0.186056,0.477741,0.240571,0.0,0.065434,0.0,0.083919,0.490981,0.0,0.65762,0.002178,0.0,0.0,0.0,0.0,0.182592,0.379482,0.0,0.0,0.328115,0.0,0.513808
290,0.091314,0.0,0.094316,0.0,0.0,0.0,0.252418,0.0,0.19064,1.148975,0.0,0.041512,0.0,0.430404,0.0,0.193155,0.370857,0.047255,0.64438,0.0,0.072994,0.05814,0.619691,0.176638,0.16887,1.008825,0.0,0.0,0.0,0.023074,0.259367,0.0,0.0,0.133354,0.06023,0.55716,0.200989,0.337224,0.688368,0.0,0.336104,1.041199,0.105411,0.704696,0.090365,0.0,0.078397,0.0,0.0676,0.431503,0.0,0.632379,0.242917,0.007794,0.0,0.0,0.0,0.26662,0.369897,0.0,0.0,0.137218,0.0,0.444345
291,0.215226,0.0,0.088443,0.027435,0.0,0.0,0.268374,0.0,0.306433,1.293126,0.0,0.055869,0.0,0.455049,0.018514,0.169242,0.369936,0.0,0.594937,0.0,0.0,0.027267,0.668293,0.23232,0.146293,1.140545,0.0,0.0,0.0,0.110839,0.424533,0.0,0.0,0.380088,0.087535,0.480274,0.257677,0.146031,0.799008,0.0,0.363662,1.083795,0.160678,0.829877,0.0,0.0,0.104108,0.0,0.092566,0.357385,0.0,0.560984,0.313539,0.005526,0.0,0.0,0.0,0.318791,0.322948,0.0,0.0,0.008687,0.0,0.465003
292,0.122742,0.0,0.023679,0.0,0.0,0.0,0.442618,0.0,0.156768,0.90865,0.0,0.106191,0.0,0.326847,0.200982,0.376367,0.287478,0.0,0.323335,0.048153,0.0,0.0,0.43366,0.478209,0.0,0.879449,0.0,0.0,0.0,0.085097,0.345037,0.0,0.0,0.385288,0.076498,0.342623,0.11486,0.0,0.577758,0.0,0.160596,0.747942,0.03613,0.67692,0.132128,0.0,0.042171,0.0,0.135541,0.319588,0.0,0.58144,0.302621,0.139259,0.0,0.0,0.0,0.394643,0.08466,0.0,0.0,0.0,0.0,0.524803
293,0.172755,0.092606,0.026803,0.134718,0.0,0.0,0.504759,0.0,0.161105,0.689479,0.0,0.106577,0.0,0.221544,0.318234,0.500715,0.14755,0.0,0.255395,0.170978,0.0,0.005085,0.411034,0.637838,0.0,0.837408,0.0,0.0,0.157538,0.214062,0.515687,0.0,0.0,0.501811,0.203461,0.158095,0.171706,0.0,0.636978,0.0,0.072502,0.520016,0.0,0.591159,0.260995,0.0,0.105626,0.0,0.188904,0.32354,0.0,0.570372,0.212621,0.135728,0.0,0.0,0.0,0.288557,0.0,0.0,0.0,0.0,0.0,0.315428
294,0.166642,0.0,0.08907,0.0,0.0,0.0,0.452048,0.106088,0.0,0.649344,0.0,0.066143,0.0,0.231914,0.349558,0.370885,0.227245,0.0,0.307894,0.159797,0.0,0.0,0.575795,0.549455,0.072117,0.693976,0.0,0.0,0.18142,0.105707,0.484457,0.0,0.0,0.441666,0.142677,0.360572,0.094495,0.0,0.678747,0.0,0.093878,0.465311,0.235239,0.629685,0.184797,0.0,0.0,0.0,0.223195,0.15195,0.0,0.850607,0.428778,0.242589,0.0,0.0,0.0,0.255656,0.0,0.0,0.0,0.019226,0.0,0.563685
295,0.190797,0.071226,0.177725,0.0,0.0,0.0,0.381501,0.047427,0.073478,1.024694,0.0,0.060417,0.0,0.157124,0.134993,0.202425,0.286737,0.0,0.282696,0.242909,0.0,0.114714,0.893977,0.705971,0.166982,0.766297,0.0,0.0,0.124169,0.149137,0.462355,0.0,0.0,0.524953,0.159463,0.39573,0.331163,0.0,0.663896,0.0,0.242727,0.560481,0.25223,0.821224,0.035111,0.0,0.079097,0.0,0.0,0.0,0.0,0.949678,0.257297,0.384598,0.0,0.0,0.061999,0.201343,0.0,0.0,0.0,0.0,0.0,0.20153
296,0.0,0.0,0.225799,0.0,0.050691,0.0,0.265218,0.064085,0.0,1.118142,0.0,0.096374,0.0,0.109341,0.002342,0.313632,0.600351,0.0,0.317334,0.054777,0.0,0.048508,0.82583,0.608682,0.050343,0.796214,0.012828,0.0,0.0,0.0,0.278773,0.0,0.0,0.313477,0.114798,0.637841,0.328918,0.228145,0.80098,0.0,0.127995,0.406729,0.247501,0.901406,0.0,0.0,0.0,0.0,0.037178,0.378684,0.0,1.247042,0.168964,0.435765,0.07836,0.0,0.0,0.015664,0.119479,0.0,0.0,0.123377,0.0,0.295496
297,0.0,0.0,0.300466,0.0,0.077401,0.0,0.325883,0.22702,0.0,0.789874,0.0,0.076143,0.0,0.0,0.149531,0.498457,0.766643,0.0,0.117091,0.280468,0.0,0.074437,1.14597,0.888317,0.124717,0.568341,0.0,0.0,0.005135,0.153158,0.512167,0.0,0.0,0.589007,0.0,0.857436,0.167156,0.0,0.777845,0.0,0.158249,0.0,0.293473,0.852019,0.0,0.0,0.0,0.0,0.0,0.331704,0.0,1.414663,0.0,0.352999,0.064064,0.0,0.0,0.0,0.0,0.0,0.0,0.286433,0.0,0.436922
298,0.0,0.0,0.378635,0.0,0.088663,0.0,0.346392,0.246004,0.0,0.900378,0.0,0.090991,0.0,0.0,0.146908,0.389926,0.746519,0.0,0.188872,0.125574,0.0,0.192218,0.95528,0.715805,0.120609,0.843009,0.0,0.0,0.0,0.0,0.382405,0.0,0.0,0.513191,0.0,0.664042,0.272674,0.188719,1.028068,0.0,0.084412,0.089631,0.362777,0.90562,0.0,0.0,0.119948,0.0,0.0,0.438706,0.0,1.47603,0.211921,0.309361,0.03782,0.0,0.0,0.0,0.0,0.0,0.0,0.085249,0.0,0.507303
299,0.193896,0.0,0.395316,0.0,0.0,0.0,0.213632,0.07736,0.0,1.287548,0.0,0.168275,0.0,0.0,0.224956,0.233897,0.716147,0.0,0.151826,0.176473,0.0,0.233533,0.96025,0.784437,0.139161,1.075472,0.0,0.0,0.0,0.014621,0.477693,0.0,0.0,0.626918,0.0,0.62287,0.515979,0.088057,1.02817,0.0,0.21167,0.321043,0.504539,1.050568,0.0,0.0,0.122215,0.0,0.0,0.287309,0.0,1.347265,0.31392,0.420186,0.011175,0.0,0.168554,0.0,0.0,0.0,0.0,0.0,0.0,0.42686
300,0.042982,0.0,0.223666,0.0,0.006702,0.0,0.167353,0.039792,0.039437,1.345474,0.0,0.295434,0.0,0.312943,0.240103,0.115163,0.86133,0.0,0.177389,0.0,0.0,0.013957,0.772285,0.50157,0.0,1.054011,0.0,0.0,0.013587,0.0,0.240253,0.0,0.0,0.587565,0.074075,0.743052,0.377797,0.187287,0.866731,0.0,0.369885,0.59353,0.617092,1.170458,0.0,0.0,0.00713,0.0,0.192058,0.171589,0.0,1.18012,0.346209,0.541097,0.078351,0.0,0.158933,0.143164,0.09871,0.0,0.047507,0.0,0.0,0.458753
301,0.063324,0.0,0.17638,0.0,0.0,0.0,0.261925,0.0,0.044814,1.015903,0.0,0.039526,0.0,0.0,0.207387,0.533208,0.584067,0.0,0.23508,0.0,0.0,0.096344,0.654214,0.762109,0.07832,0.867479,0.0,0.0,0.0,0.168469,0.328601,0.0,0.0,0.530116,0.085525,0.4085,0.530108,0.0,0.987841,0.0,0.359468,0.250861,0.242482,0.960162,0.172886,0.0,0.047623,0.0,0.097074,0.471579,0.0,0.988032,0.144432,0.430964,0.089905,0.0,0.205487,0.0,0.052709,0.0,0.0,0.0,0.0,0.035172
302,0.0,0.0,0.064342,0.0,0.152806,0.0,0.223557,0.0,0.0,0.785781,0.0,0.0,0.0,0.1917,0.311399,0.636298,0.540258,0.0,0.378187,0.0,0.0,0.0,0.56001,0.594994,0.017208,0.583266,0.001433,0.0,0.205118,0.272295,0.350907,0.0,0.0,0.405955,0.282333,0.365318,0.224811,0.0,0.840483,0.0,0.47313,0.243852,0.393912,0.920305,0.256204,0.0,0.0,0.0,0.304041,0.362912,0.0,0.950191,0.150608,0.582082,0.154682,0.0,0.173234,0.0,0.0,0.0,0.0,0.229712,0.0,0.076392
303,0.0,0.0,0.0,0.017926,0.348453,0.0,0.372989,0.0,0.01371,0.423886,0.0,0.0,0.121529,0.117308,0.115938,0.920729,0.422796,0.048089,0.430429,0.0,0.215723,0.0,0.543984,0.595657,0.008842,0.308458,0.166888,0.0,0.0,0.117208,0.265536,0.0,0.0,0.22034,0.32195,0.337154,0.235993,0.24544,0.823565,0.0,0.278281,0.0,0.241607,0.652962,0.498949,0.0,0.0,0.0,0.102024,0.522847,0.0,1.019563,0.139341,0.587427,0.182492,0.0,0.079845,0.0,0.0,0.0,0.0,0.251728,0.0,0.122297
304,0.08897,0.224221,0.0,0.364724,0.364841,0.0,0.59865,0.0,0.476941,0.0,0.0,0.0,0.584133,0.0,0.385916,1.118604,0.736592,0.187487,0.309167,0.0,0.118749,0.0,0.88744,0.746022,0.179304,0.0,0.269552,0.0,0.097655,0.646348,0.619605,0.0,0.0,0.362082,0.778836,0.065744,0.0,0.0,0.904949,0.26721,0.455269,0.0,0.151899,0.698452,0.604581,0.0,0.0,0.0,0.0,0.269962,0.0,0.72892,0.0,0.922054,0.107101,0.0,0.145539,0.0,0.0,0.0,0.0,0.249784,0.0,0.158958
305,0.157449,0.532216,0.0,0.513236,0.340107,0.0,0.513572,0.041377,0.757144,0.096508,0.0,0.0,0.799068,0.0,0.171523,1.418565,0.879501,0.317107,0.173381,0.0,0.140776,0.0,1.0367,0.921569,0.196719,0.0,0.483863,0.0,0.132332,0.817819,0.593053,0.0,0.0,0.330365,0.838032,0.0,0.0192,0.0,0.903296,0.442697,0.593878,0.0,0.063711,0.517868,0.760845,0.0,0.0,0.0,0.0,0.32084,0.0,0.650561,0.0,1.21685,0.026036,0.0,0.085196,0.033628,0.0,0.0,0.0,0.129746,0.0,0.0
306,0.285691,0.726685,0.0,0.642099,0.333151,0.0,0.518744,0.10946,0.693233,0.071238,0.0,0.0,1.058024,0.0,0.191891,1.337698,0.889341,0.477877,0.049604,0.0,0.213543,0.0,1.218989,0.967988,0.168626,0.0,0.490931,0.0,0.365484,0.911321,0.698264,0.0,0.0,0.421347,0.866302,0.0,0.060226,0.095461,0.602543,0.437564,0.704195,0.168394,0.078413,0.25331,0.823145,0.0,0.0,0.0,0.0,0.001629,0.0,0.72645,0.0,1.405472,0.0,0.0,0.217525,0.244327,0.0,0.0,0.0,0.0,0.0,0.0
307,0.348963,0.938949,0.0,0.724239,0.446625,0.0,0.657382,0.155202,1.109722,0.0,0.0,0.0,1.056231,0.0,0.201802,1.262139,0.97954,0.418857,0.171635,0.0,0.30993,0.0,1.186824,0.960328,0.24845,0.0,0.423947,0.0,0.296196,1.100528,0.73159,0.0,0.0,0.443589,1.107603,0.0,0.063896,0.0,0.779594,0.475577,0.434876,0.261811,0.0,0.174665,1.053219,0.0,0.049199,0.0,0.0,0.018029,0.0,0.476794,0.0,1.348197,0.0,0.0,0.11579,0.156141,0.0,0.0,0.0,0.0,0.0,0.0
308,0.434599,0.834207,0.0,0.552175,0.510844,0.0,0.41328,0.160414,0.749054,0.056184,0.0,0.0,1.080289,0.294277,0.320075,0.964309,0.925963,0.580864,0.241815,0.142289,0.190338,0.0,1.078779,0.799906,0.333519,0.0,0.356676,0.0,0.49341,1.081793,0.608763,0.0,0.0,0.392769,1.054095,0.0,0.0,0.115137,0.342538,0.365472,0.571522,0.383882,0.0,0.0,0.943938,0.0,0.0,0.0,0.0,0.0,0.0,0.705668,0.141688,1.367235,0.0,0.0,0.257677,0.393359,0.0,0.0,0.0,0.0,0.0,0.038648
309,0.470725,0.829878,0.0,0.286094,0.669805,0.0,0.458364,0.145203,0.986464,0.019358,0.0,0.0,0.881361,0.509055,0.376984,0.69767,1.026464,0.658189,0.670316,0.009905,0.434963,0.0,0.760239,0.65555,0.635828,0.0,0.191642,0.0,0.123064,0.935341,0.437955,0.0,0.0,0.218257,1.468348,0.0,0.0,0.0,0.626361,0.211205,0.148903,0.525554,0.0,0.0,0.971393,0.0,0.0,0.0,0.00206,0.0,0.0,0.609977,0.457505,1.044716,0.0,0.0,0.084008,0.174686,0.0,0.0,0.12708,0.0,0.0,0.450601
310,0.152226,0.455389,0.0,0.455604,1.047578,0.0,0.378237,0.203777,0.907503,0.0,0.0,0.0,0.808564,0.68749,0.177656,0.730354,1.27703,0.794725,0.885059,0.02358,0.566968,0.155522,0.40542,0.528642,0.565236,0.0,0.180956,0.0,0.0,0.860047,0.215498,0.250232,0.0,0.261826,1.522373,0.439203,0.0,0.217003,0.431818,0.228267,0.01362,0.488024,0.0,0.0,1.076279,0.0,0.120192,0.0,0.0,0.0,0.0,0.747351,0.368906,0.715553,0.097663,0.0,0.012203,0.149221,0.0,0.0,0.0,0.0,0.0,0.416667
311,0.190866,0.212497,0.0,0.407025,1.126234,0.0,0.27465,0.293195,0.76746,0.0,0.0,0.0,0.798561,0.664141,0.367584,0.641374,1.319353,0.742259,1.012681,0.234642,0.513377,0.0,0.205555,0.431642,0.58693,0.0,0.105897,0.0,0.0,0.794681,0.229579,0.238313,0.0,0.097773,1.552556,0.548439,0.0,0.320707,0.306181,0.082313,0.0,0.46668,0.050685,0.0,1.081861,0.0,0.0,0.0,0.281724,0.101668,0.0,0.93341,0.636726,0.424972,0.054134,0.0,0.0,0.091675,0.0,0.0,0.0,0.0,0.0,0.880313
312,0.009284,0.0,0.0,0.426175,1.140311,0.0,0.090932,0.29154,0.51025,0.0,0.0,0.0,0.814119,0.98857,0.388452,0.523083,1.21774,0.786567,0.93018,0.259656,0.442213,0.0,0.087191,0.12074,0.421266,0.234289,0.069286,0.0,0.0,0.759026,0.0,0.221319,0.0,0.10486,1.477314,0.668947,0.0,0.38297,0.101912,0.12367,0.043072,0.516529,0.140812,0.0,0.835801,0.0,0.0,0.0,0.494858,0.368856,0.0,0.772527,0.509094,0.314456,0.320084,0.0,0.0,0.121904,0.0,0.0,0.0,0.0,0.0,0.899192
313,0.0,0.0,0.0,0.500425,1.018401,0.0,0.004206,0.514084,0.323639,0.0,0.0,0.0,0.640032,0.746825,0.157426,0.612373,0.937995,0.595289,0.579686,0.26453,0.328503,0.0,0.049685,0.129369,0.252952,0.436365,0.168396,0.0,0.0,0.598004,0.0,0.176118,0.0,0.0,1.248723,0.593253,0.165813,0.410667,0.0,0.130383,0.130768,0.534227,0.153874,0.0,0.787396,0.0,0.0,0.0,0.588205,0.581061,0.0,0.804566,0.365032,0.258486,0.502041,0.0,0.0,0.103523,0.0,0.0,0.0,0.0,0.0,0.656993
314,0.0,0.140472,0.0,0.489915,0.700306,0.0,0.0,0.56553,0.518412,0.017087,0.0,0.0,0.633708,0.909983,0.242662,0.542888,0.880007,0.564196,0.299618,0.343719,0.335773,0.0,0.192658,0.171303,0.204299,0.568584,0.026937,0.051213,0.0,0.628332,0.0,0.122778,0.0,0.117667,1.314559,0.569349,0.31774,0.205577,0.0,0.22043,0.308079,0.778715,0.205274,0.0,0.572677,0.0,0.0,0.0,0.885443,0.484317,0.0,0.588709,0.511549,0.553586,0.432282,0.0,0.0,0.365437,0.0,0.0,0.0,0.0,0.0,0.589647
315,0.0,0.156269,0.010503,0.580025,0.382567,0.0,0.0,0.546916,0.452344,0.369204,0.0,0.0,0.337198,0.705683,0.072647,0.615398,0.721114,0.260485,0.23307,0.271349,0.343763,0.0,0.130833,0.128063,0.097755,0.895435,0.159111,0.133816,0.0,0.419059,0.0,0.11964,0.0,0.08985,1.131768,0.474456,0.512328,0.16736,0.109348,0.194229,0.335848,0.890358,0.121907,0.186646,0.523685,0.0,0.0,0.0,0.906641,0.750968,0.0,0.592345,0.459049,0.402635,0.530693,0.0,0.118581,0.197102,0.149953,0.0,0.0,0.0,0.0,0.605133
316,0.0,0.101404,0.035394,0.655856,0.495869,0.0,0.200779,0.500528,0.307149,0.157372,0.0,0.0,0.263292,0.605186,0.006549,0.877861,0.626621,0.091116,0.368213,0.368599,0.06617,0.0,0.172089,0.282096,0.207663,0.917281,0.0,0.073126,0.0,0.49465,0.011675,0.072104,0.0,0.021599,1.104707,0.396856,0.492848,0.0,0.336811,0.163114,0.087882,0.57485,0.205775,0.062978,0.663714,0.0,0.0,0.0,0.822502,0.754089,0.0,0.586801,0.390318,0.122173,0.439881,0.0,0.0,0.109413,0.0,0.0,0.0,0.0,0.0,0.70628
317,0.009706,0.305603,0.027961,0.554012,0.382264,0.0,0.3111,0.430753,0.443692,0.080964,0.0,0.0,0.133954,0.551552,0.18993,0.870567,0.49591,0.004798,0.433837,0.480704,0.073883,0.0,0.172248,0.632684,0.314207,0.883069,0.0,0.0,0.0,0.69004,0.267406,0.0,0.0,0.135356,1.23544,0.37556,0.435587,0.0,0.323399,0.0,0.183555,0.635408,0.132029,0.002014,0.690797,0.0,0.0,0.0,1.066509,0.461737,0.0,0.691402,0.668629,0.137557,0.106837,0.0,0.052687,0.294418,0.0,0.0,0.0,0.0,0.0,0.580401
318,0.011305,0.130031,0.001985,0.388404,0.476071,0.0,0.220229,0.562278,0.146453,0.180161,0.0,0.0,0.003078,0.70612,0.296844,0.546788,0.523064,0.205255,0.632958,0.394659,0.121366,0.0,0.096826,0.429523,0.341352,0.905038,0.0,0.0,0.0,0.606045,0.152443,0.0,0.0,0.066753,1.065954,0.67751,0.213284,0.0,0.072171,0.0,0.0,0.582095,0.131933,0.016612,0.669946,0.0,0.0,0.0,1.006716,0.23637,0.0,0.773961,0.888238,0.168874,0.121108,0.0,0.0,0.482074,0.0,0.0,0.0,0.0,0.0,0.750332
319,0.136859,0.200323,0.0,0.36432,0.608723,0.0,0.091086,0.683823,0.157829,0.337675,0.0,0.0,0.148348,1.009294,0.265482,0.112389,0.68117,0.30128,0.887021,0.381956,0.217882,0.0,0.129324,0.242643,0.306965,0.977911,0.0,0.0,0.179574,0.40257,0.042372,0.0,0.0,0.086713,0.961237,0.877214,0.029292,0.260977,0.0,0.0,0.0,0.716717,0.286945,0.082149,0.541539,0.0,0.0,0.0,0.834174,0.0,0.0,0.87515,0.999067,0.368273,0.016791,0.0,0.0,0.574034,0.0,0.0,0.0,0.0,0.0,0.996756
320,0.477874,0.550313,0.0,0.454572,0.67878,0.0,0.0,0.95094,0.386405,0.376733,0.0,0.0,0.184621,1.12495,0.348662,0.0,0.751048,0.137713,0.995742,0.462486,0.058742,0.145046,0.26252,0.159713,0.558749,0.946172,0.0,0.0,0.396082,0.501892,0.02784,0.0,0.0,0.085571,0.865544,0.687342,0.0,0.411856,0.0,0.106972,0.0,0.527081,0.167989,0.0,0.613921,0.0,0.0,0.0,0.400398,0.0,0.0,0.918832,0.706217,0.586756,0.082654,0.0,0.095861,0.571413,0.0,0.0,0.0,0.0,0.0,0.901654
321,0.585069,1.026623,0.0,0.966777,0.737066,0.0,0.0,1.266504,0.841699,0.247969,0.0,0.0,0.433511,0.884663,0.226224,0.0,0.825501,0.120726,1.079353,0.526024,0.316919,0.751167,0.365989,0.162257,0.641077,0.642123,0.0,0.0,0.510385,0.523654,0.156342,0.000402,0.0,0.499122,0.758893,0.713759,0.0,0.433725,0.002754,0.386403,0.0,0.25973,0.272332,0.0,0.625132,0.0,0.505033,0.0,0.107714,0.0,0.0,0.974651,0.46333,0.719941,0.221055,0.0,0.441015,0.415463,0.164489,0.0,0.117981,0.0,0.0,0.694065
322,0.795966,1.822859,0.093815,1.427542,0.565215,0.0,0.0,1.318222,1.309117,0.206784,0.0,0.0,0.828069,0.893311,0.164462,0.134463,0.804832,0.183723,0.768897,0.640785,0.324572,1.171537,0.756467,0.160567,1.034091,0.400613,0.0,0.0,0.568712,0.77706,0.401039,0.021039,0.0,0.630874,0.848927,0.317203,0.072474,0.381949,0.1559,0.731329,0.228614,0.187109,0.323053,0.0,0.667874,0.0,0.811272,0.0,0.0,0.022007,0.0,0.566969,0.0,1.131059,0.393846,0.0,0.56468,0.473006,0.271781,0.0,0.0,0.0,0.0,0.194402
323,0.910399,2.087529,0.03793,1.766826,0.346788,0.0,0.0,1.499448,1.535147,0.0,0.0,0.0,0.977436,0.690868,0.298959,0.16084,0.594581,0.157283,0.554085,0.759049,0.300439,1.328002,0.969932,0.276743,0.996347,0.248543,0.033289,0.0,0.860587,0.911006,0.557655,0.0,0.0,0.964279,0.830331,0.111921,0.150532,0.416614,0.067326,0.947343,0.41462,0.013744,0.542374,0.0,0.646845,0.0,0.958912,0.0,0.0,0.0,0.0,0.562501,0.0,1.406352,0.452043,0.0,0.832237,0.521514,0.236796,0.0,0.0,0.0,0.0,0.175537
324,1.007947,2.2552,0.0,1.725881,0.255388,0.0,0.0,1.235601,1.60609,0.034762,0.0,0.0,0.931184,0.72925,0.28779,0.026841,0.249062,0.0,0.429482,0.768193,0.160765,1.077786,1.039441,0.268905,1.097265,0.335901,0.247666,0.0,1.074673,0.98496,0.814675,0.0,0.0,0.628873,0.947113,0.0,0.412713,0.336999,0.093025,1.041388,0.466363,0.262732,0.375956,0.0,0.664671,0.0,0.811351,0.0,0.0,0.0,0.0,0.454552,0.0,1.607903,0.242388,0.0,0.858876,0.635817,0.221937,0.0,0.0,0.097681,0.0,0.034621
325,1.02629,2.405157,0.0,2.097941,0.071869,0.0,0.254071,1.270382,1.79251,0.0,0.0,0.0,1.01639,0.462229,0.505243,0.166339,0.089692,0.0,0.238315,0.866007,0.064659,1.26134,1.183976,0.562674,1.062027,0.219534,0.110871,0.0,1.293543,1.102151,1.003446,0.0,0.0,1.118698,1.009826,0.0,0.513868,0.099079,0.082592,1.110075,0.658297,0.043451,0.467023,0.0,0.729378,0.0,1.050101,0.0,0.0,0.0,0.0,0.367675,0.0,1.769825,0.34777,0.0,1.10121,0.698943,0.104408,0.0,0.0,0.057109,0.0,0.0
326,1.162932,2.162677,0.0,2.007792,0.0447,0.0,0.302387,1.202107,1.646694,0.0,0.0,0.0,0.710876,0.493878,0.470087,0.0,0.0,0.0,0.232245,0.806451,0.0,1.168057,1.144933,0.489481,0.980071,0.243499,0.078318,0.072955,1.277196,0.843807,1.187105,0.0,0.0,0.857917,1.011874,0.0,0.439813,0.0,0.372288,1.029976,0.579605,0.052295,0.465261,0.217501,0.61295,0.0,0.951226,0.0,0.0,0.0,0.0,0.610409,0.0,1.539004,0.06101,0.0,1.076075,0.742818,0.028301,0.0,0.010252,0.299136,0.0,0.26049
327,1.090847,1.876221,0.0,1.797204,0.0,0.0,0.231735,1.148033,1.358136,0.282948,0.0,0.0,0.403277,0.31603,0.10386,0.0,0.0,0.0,0.380995,0.425559,0.0,1.006248,1.222324,0.448642,0.876081,0.593051,0.284,0.266396,0.983625,0.658003,1.298864,0.0,0.0,0.688915,0.624168,0.0,0.413276,0.0,0.622688,0.898156,0.545276,0.148876,0.522477,0.388472,0.499899,0.0,1.001545,0.0,0.0,0.0,0.0,0.802109,0.020676,1.460056,0.0,0.0,0.789476,0.55981,0.175785,0.0,0.15209,0.335167,0.0,0.187918
328,0.972611,1.943713,0.0,1.820862,0.0,0.0,0.19878,0.957777,1.538838,0.544679,0.0,0.0,0.477307,0.278074,0.171577,0.0,0.0,0.0,0.584795,0.394656,0.0,1.236807,1.282789,0.793303,0.883508,0.942395,0.073712,0.271848,0.924967,0.517735,1.310565,0.0,0.0,1.145831,0.694574,0.0,0.622913,0.013898,0.660271,0.690536,0.568264,0.088724,0.629521,0.449177,0.485869,0.0,1.175431,0.0,0.0,0.0,0.0,0.642089,0.0,1.376209,0.289872,0.0,0.791938,0.491304,0.403786,0.0,0.088375,0.0,0.0,0.0
329,0.954468,1.58628,0.183585,1.606873,0.0,0.0,0.214708,0.908621,1.313449,0.711892,0.0,0.100158,0.337471,0.364063,0.206579,0.0,0.0,0.0,0.538916,0.496515,0.0,0.977957,1.325377,0.792079,0.711304,0.96248,0.0,0.169578,0.912815,0.319789,1.26584,0.0,0.0,1.10142,0.616108,0.024491,0.458191,0.117871,0.602609,0.49973,0.50274,0.105664,0.648399,0.666973,0.306087,0.0,0.934265,0.0,0.0,0.0,0.0,0.973885,0.054998,1.170172,0.0,0.0,0.69947,0.599347,0.339552,0.0,0.158884,0.0,0.0,0.156044
330,0.899167,1.118168,0.31951,1.162335,0.006223,0.0,0.342014,0.881769,0.84639,0.564097,0.0,0.195416,0.0,0.266466,0.341199,0.0,0.028938,0.0,0.406046,0.667947,0.0,0.701275,1.343724,0.992794,0.569911,0.86564,0.0,0.0,0.99705,0.417448,1.167222,0.0,0.0,1.01004,0.569457,0.206773,0.126667,0.0,0.653195,0.244685,0.428473,0.0,0.472199,0.619565,0.124616,0.0,0.511934,0.0,0.0,0.0,0.0,1.414374,0.043919,0.949446,0.0,0.0,0.591547,0.607442,0.0,0.0,0.030619,0.232042,0.0,0.287395
331,0.557084,0.60608,0.317542,0.685163,0.304027,0.0,0.220301,1.016401,0.3435,0.974265,0.0,0.517146,0.0,0.357051,0.057272,0.0,0.428716,0.0,0.415879,0.229376,0.0,0.407503,0.943637,0.80698,0.047566,1.13623,0.094197,0.0,0.702655,5.8e-05,0.67315,0.0,0.0,0.603721,0.286183,0.728038,0.0,0.356829,0.587458,0.2754,0.0,0.0,0.285311,0.808397,0.0,0.0,0.322217,0.0,0.021796,0.0,0.0,1.727933,0.235806,0.949781,0.1763,0.0,0.174509,0.334448,0.243342,0.0,0.177085,0.160826,0.0,0.421533
332,0.544581,0.557137,0.507733,0.390059,0.067413,0.0,0.21423,0.625266,0.362944,1.147153,0.0,0.419053,0.0,0.055565,0.033347,0.0,0.3709,0.0,0.48097,0.291336,0.0,0.475515,1.079996,1.179847,0.218532,1.189858,0.0,0.0,0.358984,0.141233,0.829336,0.0,0.0,0.580443,0.227107,0.652694,0.033527,0.066805,0.968159,0.0,0.0,0.0,0.328133,0.942024,0.0,0.0,0.216616,0.0,0.105314,0.0,0.0,1.793783,0.256728,0.593803,0.0,0.0,0.187679,0.208192,0.0,0.0,0.104905,0.0,0.0,0.209976
333,0.444728,0.30927,0.590543,0.20475,0.041245,0.0,0.027734,0.568119,0.21669,1.455444,0.0,0.512256,0.0,0.219778,0.0,0.0,0.609903,0.0,0.359277,0.275742,0.0,0.330323,1.232406,1.062204,0.149728,1.14342,0.0,0.0,0.216151,0.0,0.717155,0.0,0.0,0.55252,0.034778,1.013669,0.0,0.154598,0.933176,0.0,0.0,0.0,0.332031,1.152414,0.0,0.0,0.05318,0.0,0.210039,0.0,0.0,1.958994,0.203205,0.566988,0.0,0.0,0.08176,0.132678,0.057004,0.0,0.147033,0.1169,0.0,0.378566
334,0.38206,0.11517,0.5426,0.112444,0.043321,0.0,0.015776,0.606372,0.089988,1.447601,0.0,0.579705,0.0,0.244377,0.127012,0.0,0.838733,0.0,0.142474,0.161463,0.0,0.312151,1.283015,0.896328,0.0,1.110923,0.0,0.0,0.221965,0.0,0.605321,0.0,0.0,0.688815,0.0,1.259666,0.0,0.269241,0.814647,0.0,0.0,0.0,0.372578,1.171245,0.0,0.0,0.056531,0.0,0.203325,0.0,0.0,2.014565,0.255803,0.585547,0.063231,0.0,0.060493,0.167614,0.065861,0.0,0.179779,0.158328,0.0,0.535657
335,0.209687,0.346252,0.486689,0.055335,0.0,0.0,0.084945,0.559001,0.108561,1.640852,0.0,0.586848,0.0,0.20652,0.0,0.0,0.870977,0.0,0.271516,0.0,0.0,0.630859,1.228737,0.692978,0.0,1.399137,0.0,0.0,0.0,0.0,0.502994,0.0,0.0,0.753061,0.0,1.002503,0.102643,0.434169,1.193292,0.054418,0.041446,0.068009,0.484709,1.301443,0.0,0.0,0.434137,0.0,0.0,0.274308,0.0,1.802174,0.255435,0.604991,0.191287,0.0,0.149637,0.083904,0.411101,0.0,0.165708,0.009142,0.0,0.322727
336,0.322666,0.215726,0.352665,0.065331,0.0,0.0,0.153873,0.355916,0.086749,1.813841,0.0,0.536816,0.0,0.117586,0.022351,0.0,0.828729,0.0,0.312427,0.0,0.0,0.667701,1.3257,0.610944,0.020502,1.55375,0.0,0.0,0.0,0.0,0.651423,0.0,0.0,0.835127,0.0,0.81169,0.458086,0.493623,1.373824,0.0,0.116104,0.384205,0.453813,1.43349,0.0,0.0,0.525098,0.0,0.0,0.299914,0.0,1.722957,0.39443,0.684554,0.141906,0.0,0.187446,0.095332,0.319541,0.0,0.17128,0.0,0.0,0.410886
337,0.333932,0.359599,0.333752,0.168369,0.0,0.0,0.29676,0.032208,0.389343,1.658611,0.0,0.43939,0.0,0.226365,0.159523,0.0,0.469654,0.0,0.154487,0.0,0.0,0.488157,1.239445,0.82818,0.09686,1.18818,0.0,0.0,0.098225,0.05813,1.001889,0.0,0.0,0.974113,0.124864,0.639953,0.640152,0.0,1.256824,0.0,0.441814,0.403373,0.518511,1.549314,0.0,0.0,0.306949,0.0,0.0,0.0,0.0,1.606343,0.236343,0.648822,0.0,0.0,0.397499,0.245292,0.210149,0.0,0.136505,0.024017,0.0,0.107808
338,0.418145,0.236586,0.266815,0.091848,0.0,0.0,0.443382,0.0,0.302493,1.56417,0.0,0.313479,0.0,0.0,0.281275,0.0,0.224137,0.0,0.136185,0.0,0.0,0.252101,1.204874,1.027276,0.025375,1.013397,0.0,0.0,0.371308,0.248429,1.188576,0.0,0.0,0.994842,0.062196,0.343404,0.609093,0.0,1.398911,0.0,0.465681,0.403933,0.531001,1.497613,0.0,0.0,0.180397,0.0,0.0,0.0,0.0,1.692541,0.251256,0.792794,0.0,0.0,0.419906,0.245464,0.0,0.0,0.150623,0.224937,0.0,0.138239
339,0.11406,0.070262,0.0,0.097649,0.0,0.0,0.829377,0.116365,0.103456,1.262553,0.0,0.072873,0.0,0.0,0.132449,0.481676,0.334166,0.0,0.041294,0.0,0.0,0.003657,1.280775,1.249173,0.007703,0.661187,0.140017,0.0,0.357693,0.408974,1.042906,0.0,0.0,0.814169,0.0,0.122851,0.520144,0.0,1.416537,0.081744,0.392302,0.15456,0.250137,1.354692,0.0,0.0,0.147341,0.0,0.0,0.0,0.0,1.786926,0.083042,1.148915,0.060493,0.0,0.120337,0.102961,0.0,0.0,0.0,0.281323,0.0,0.0
340,0.134788,0.0,0.0,0.20313,0.0,0.0,1.1448,0.190006,0.09169,1.108206,0.0,0.0,0.0,0.0,0.149696,0.850392,0.439265,0.0,0.06944,0.0,0.0,0.0,1.627473,1.650082,0.069739,0.443203,0.264606,0.0,0.440788,0.697477,1.201614,0.0,0.0,0.937182,0.0,0.0,0.515369,0.0,1.510292,0.11479,0.438774,0.105326,0.279797,1.267731,0.0,0.0,0.02704,0.0,0.0,0.0,0.0,1.951312,0.015899,1.446925,0.0,0.0,0.005018,0.075916,0.0,0.0,0.0,0.254325,0.0,0.0
341,0.363594,0.004955,0.0,0.377368,0.0,0.0,1.151789,0.0,0.224536,1.337642,0.0,0.0,0.000685,0.0,0.256535,0.961988,0.337712,0.0,0.026685,0.0,0.0,0.0,2.047417,2.069131,0.097843,0.310311,0.298595,0.0,0.718897,0.964298,1.431063,0.0,0.0,1.100151,0.0,0.0,0.672877,0.0,1.545655,0.141362,0.77726,0.169894,0.451015,1.595362,0.0,0.0,0.0,0.0,0.0,0.0,0.0,1.968689,0.0,1.793952,0.0,0.0,0.120325,0.153341,0.0,0.0,0.0,0.371683,0.0,0.0
342,0.442078,0.0,0.0,0.529993,0.0,0.0,1.150425,0.0,0.385557,1.474418,0.0,0.0,0.146277,0.0,0.272266,1.175824,0.377401,0.0,0.0,0.035254,0.0,0.0,2.285126,2.344316,0.152725,0.20525,0.25016,0.0,0.634081,1.160179,1.495053,0.0,0.0,1.163368,0.037095,0.0,0.789904,0.0,1.545463,0.204374,0.896452,0.070244,0.45375,1.774712,0.0,0.0,0.0,0.0,0.0,0.0,0.0,1.815518,0.0,1.966958,0.0,0.0,0.097622,0.110486,0.0,0.0,0.0,0.49595,0.0,0.0
343,0.421246,0.0,0.026842,0.232198,0.0,0.0,1.044893,0.0,0.222033,1.799858,0.0,0.0,0.0,0.0,0.192628,1.041459,0.385336,0.0,0.321163,0.0,0.0,0.0,1.857947,2.245429,0.185147,0.490902,0.385111,0.0,0.653927,0.930306,1.397565,0.0,0.0,0.930889,0.0,0.092092,0.62871,0.0,1.695567,0.0,0.613118,0.203103,0.440779,1.679855,0.046903,0.0,0.0,0.0,0.0,0.0,0.0,2.028688,0.0,1.916765,0.0,0.0,0.0,0.0,0.0,0.0,0.14794,0.469081,0.0,0.0
344,0.284094,0.0,0.014108,0.0,0.0,0.0,1.040077,0.0,0.049507,2.036092,0.0,0.0,0.0,0.0,0.054714,0.985704,0.429076,0.0,0.568031,0.0,0.0,0.0,1.527987,2.174342,0.235875,0.536148,0.469134,0.0,0.590281,0.795811,1.129075,0.0,0.0,0.736607,0.0,0.270986,0.515106,0.0,1.600361,0.0,0.527572,0.283881,0.204989,1.640748,0.107672,0.0,0.0,0.0,0.02197,0.0,0.0,1.897686,0.0,1.772278,0.0,0.0,0.0,0.0,0.0,0.0,0.105878,0.399808,0.0,0.0
345,0.120421,0.0,0.041712,0.0,0.171625,0.0,1.269403,0.0,0.0,1.640572,0.0,0.0,0.0,0.0,0.064193,1.230217,0.559488,0.131136,0.745743,0.0,0.107123,0.0,1.291974,1.935621,0.206103,0.523592,0.51428,0.0,0.39565,0.814676,0.900243,0.0,0.0,0.598372,0.202821,0.250028,0.366269,0.017258,1.531708,0.0,0.292692,0.257725,0.090712,1.239267,0.198245,0.0,0.0,0.0,0.11081,0.0,0.0,1.687292,0.0,1.478872,0.0,0.0,0.0,0.0,0.0,0.0,0.050103,0.374738,0.0,0.0
346,0.231272,0.0,0.198993,0.0,0.265771,0.0,1.271152,0.0,0.0,1.46014,0.0,0.0,0.089173,0.0,0.0,1.431217,0.610031,0.269237,0.96775,0.0,0.112155,0.0,1.29468,1.816087,0.460716,0.189078,0.309143,0.0,0.174726,0.790928,0.776323,0.0,0.0,0.306452,0.205726,0.487919,0.089399,0.109709,1.559412,0.0,0.354757,0.248918,0.0,1.198301,0.240201,0.0,0.0,0.0,0.0,0.0,0.0,1.63391,0.007993,1.354667,0.0,0.0,0.0,0.0,0.0,0.0,0.0,0.498913,0.0,0.0
347,0.497916,0.0,0.122684,0.0,0.2103,0.0,1.154902,0.0,0.151298,1.4416,0.0,0.0,0.273209,0.0,0.0,1.528719,0.674389,0.409716,0.974275,0.0,0.129432,0.0,1.358253,1.905336,0.529041,0.181215,0.291995,0.0,0.290278,1.027815,0.816361,0.0,0.0,0.209543,0.402151,0.325994,0.028276,0.0,1.342114,0.0,0.277392,0.30929,0.0,1.118496,0.387844,0.0,0.0,0.0,0.0,0.0,0.0,1.306565,0.0,1.517008,0.0,0.0,0.0,0.0,0.0,0.0,0.067634,0.366579,0.0,0.0
348,0.745276,0.0,0.0,0.087021,0.262835,0.0,1.256427,0.0,0.537331,1.071885,0.0,0.0,0.5617,0.0,0.126217,1.54219,0.821405,0.512489,0.788324,0.0,0.077217,0.0,1.503713,1.974779,0.638915,0.0,0.301663,0.0,0.413679,1.393813,0.907373,0.0,0.0,0.312405,0.908672,0.131025,0.0,0.0,1.1803,0.082145,0.29935,0.287852,0.0,1.129908,0.51052,0.0,0.0,0.0,0.0,0.0,0.0,0.727219,0.0,1.674156,0.0,0.0,0.0,0.0,0.0,0.0,0.022483,0.231308,0.0,0.0
349,0.941786,0.068612,0.0,0.34411,0.414878,0.0,1.462366,0.0,0.802025,0.584688,0.0,0.0,0.739584,0.0,0.195387,1.527359,0.8403,0.545665,0.713078,0.0,0.13827,0.0,1.482593,1.957705,0.628672,0.0,0.261782,0.0,0.33598,1.557379,1.074464,0.0,0.0,0.502676,0.982971,0.0,0.0,0.0,1.050015,0.157497,0.110008,0.102847,0.0,0.799529,0.708461,0.0,0.0,0.0,0.0,0.0,0.0,0.678972,0.0,1.567896,0.0,0.0,0.0,0.0,0.0,0.0,0.011168,0.108978,0.0,0.0
350,0.868183,0.479183,0.0,0.201743,0.515141,0.0,1.35079,0.0,0.72159,0.746312,0.0,0.0,0.789207,0.0,0.075945,1.407984,0.827941,0.586819,0.840129,0.0,0.271997,0.055696,1.24238,1.628835,0.706219,0.0,0.300105,0.0,0.464573,1.419851,0.91979,0.0,0.0,0.243961,1.203191,0.0,0.0,0.0,1.221621,0.252125,0.206592,0.323213,0.0,0.823532,0.754782,0.0,0.0,0.0,0.0,0.0,0.0,0.522737,0.0,1.602737,0.0,0.0,0.078304,0.077594,0.0,0.0,0.057588,0.047119,0.0,0.0
351,0.894274,0.713769,0.0,0.105083,0.535449,0.0,1.006735,0.0,0.669101,0.995401,0.0,0.0,0.739192,0.139598,0.0,1.175589,0.627459,0.652753,0.805868,0.0,0.384944,0.0,1.169845,1.511444,0.500026,0.0,0.439767,0.0,0.744702,1.235792,0.897725,0.0,0.0,0.166035,1.040887,0.0,0.094601,0.0,1.000154,0.180902,0.287341,0.629762,0.0,0.653785,0.890228,0.0,0.0,0.0,0.001149,0.0,0.0,0.605984,0.217257,1.681931,0.0,0.0,0.12719,0.108107,0.0,0.0,0.188085,0.0,0.0,0.0
352,0.809688,0.777354,0.0,0.239073,0.61094,0.0,0.96668,0.04598,0.785101,0.593421,0.0,0.0,0.72,0.050072,0.0,1.04487,0.539344,0.611413,0.450914,0.0,0.203579,0.0,1.118393,1.410725,0.360452,0.0,0.37894,0.0,0.691715,1.197514,0.915519,0.0,0.0,0.223958,0.949515,0.0,0.092409,0.0,0.791866,0.35604,0.217702,0.423888,0.0,0.432986,1.046473,0.0,0.0,0.0,0.0,0.0,0.0,0.588936,0.254778,1.748301,0.0,0.0,0.140187,0.148832,0.0,0.0,0.0,0.0,0.0,0.0
353,0.830264,0.851388,0.0,0.595935,0.404205,0.0,0.867312,0.116411,0.875685,0.17695,0.0,0.0,0.706017,0.0,0.201437,1.162621,0.446595,0.581871,0.298683,0.0,0.0,0.0,1.205622,1.311499,0.402864,0.0,0.164754,0.0,0.667768,1.531332,1.049128,0.0,0.0,0.394103,1.014866,0.0,0.138214,0.0,0.799798,0.528513,0.416277,0.13243,0.0,0.476104,1.112499,0.0,0.0,0.0,0.0,0.0,0.0,0.511786,0.44245,1.669642,0.0,0.0,0.269178,0.168351,0.0,0.0,0.0,0.0,0.0,0.0
354,0.719718,1.029769,0.0,0.680949,0.467925,0.0,0.709145,0.190197,0.963088,0.0,0.0,0.0,0.763654,0.0,0.358552,0.949222,0.275927,0.640266,0.004853,0.0,0.111126,0.0,1.118551,1.160672,0.322876,0.0,0.184406,0.0,0.741218,1.547889,1.060979,0.0,0.0,0.509313,1.18556,0.0,0.310768,0.0,0.551786,0.676812,0.412,0.171839,0.0,0.224822,1.224784,0.0,0.0095,0.0,0.066554,0.0,0.0,0.258536,0.589903,1.606971,0.221932,0.0,0.34566,0.197673,0.0,0.0,0.0,0.0,0.0,0.0
355,0.582296,1.070521,0.0,0.57775,0.608014,0.0,0.370207,0.232107,1.199249,0.0,0.0,0.0,0.744015,0.0,0.347964,0.823844,0.218765,0.740269,0.0,0.0,0.367344,0.0,0.798925,0.914852,0.266649,0.0,0.324459,0.0,0.424689,1.337872,0.967807,0.0,0.0,0.217699,1.24411,0.0,0.457984,0.0,0.575169,0.789142,0.29562,0.374108,0.0,0.144961,1.268257,0.0,0.00839,0.0,0.192875,0.199538,0.0,0.125911,0.587029,1.601842,0.336227,0.0,0.254446,0.063805,0.0,0.0,0.0,0.0,0.0,0.0
356,0.425374,0.911492,0.0,0.441765,0.680185,0.0,0.111495,0.255771,1.125796,0.098707,0.0,0.0,0.806025,0.086095,0.014489,0.815657,0.251798,0.752774,0.0,0.0,0.397047,0.0,0.53337,0.773441,0.109094,0.0,0.547564,0.0,0.104459,1.004234,0.716157,0.0,0.0,0.0,1.138715,0.0,0.642494,0.0,0.387318,0.872638,0.290878,0.643049,0.0,0.046107,1.029195,0.0,0.012229,0.0,0.332245,0.510737,0.0,0.188635,0.454019,1.521927,0.470612,0.0,0.25476,0.002648,0.0,0.0,0.0,0.0,0.0,0.0
357,0.482894,0.746164,0.0,0.643645,0.921639,0.0,0.176989,0.317289,1.079659,0.0,0.0,0.0,0.995351,0.363056,0.052668,0.767207,0.592406,1.025353,0.0,0.0,0.306133,0.160224,0.443044,0.610698,0.141531,0.0,0.418595,0.0,0.0,0.980747,0.591519,0.076816,0.0,0.0,1.271855,0.0,0.661629,0.0,0.416057,0.896823,0.22299,0.501374,0.0,0.0,0.855669,0.0,0.0,0.0,0.268271,0.76201,0.0,0.0,0.053018,1.294103,0.590505,0.0,0.288213,0.0,0.0,0.0,0.0,0.0,0.0,0.0
358,0.502561,0.475619,0.0,0.617838,0.993079,0.0,0.040504,0.357209,0.832827,0.0,0.0,0.0,1.107861,0.488205,0.197103,0.628399,0.581969,1.230274,0.052373,0.0,0.39254,0.265415,0.178464,0.489646,0.033631,0.003802,0.466021,0.0,0.0,0.925918,0.391864,0.0,0.0,0.0,1.248746,0.216841,0.484243,0.079003,0.056607,0.736473,0.293869,0.499605,0.129965,0.0,0.664963,0.0,0.0,0.0,0.514839,0.852261,0.0,0.0,0.140243,1.015265,0.656558,0.0,0.385641,0.0,0.039952,0.0,0.0,0.0,0.0,0.0
359,0.518713,0.176511,0.0,0.260236,0.931126,0.0,0.0,0.023549,0.529996,0.269417,0.0,0.0,0.964988,0.730864,0.08693,0.683713,0.299801,1.090402,0.500559,0.0,0.331449,0.04963,0.0,0.404897,0.040223,0.284805,0.416304,0.176136,0.0,0.689534,0.255075,0.0,0.0,0.0,1.041911,0.303775,0.627187,0.041663,0.126949,0.499867,0.27648,0.853575,0.0,0.269851,0.603583,0.0,0.0,0.0,0.729689,0.925399,0.0,0.119591,0.0,0.594226,0.402408,0.0,0.261307,0.0,0.149871,0.0,0.0,0.0,0.0,0.151263
360,0.461179,0.0,0.050801,0.183228,0.96431,0.0,0.0,0.048318,0.297633,0.384654,0.0,0.0,0.854618,0.896616,0.191438,0.711407,0.328309,1.106186,0.806131,0.0,0.274203,0.0,0.0,0.275123,0.025416,0.645958,0.275523,0.225295,0.0,0.629523,0.009563,0.0,0.0,0.0,0.945186,0.654563,0.428682,0.204564,0.0284,0.350637,0.248815,0.998503,0.0,0.401794,0.59886,0.0,0.0,0.0,0.84112,0.875336,0.0,0.109839,0.110682,0.378045,0.237563,0.0,0.169422,0.131894,0.384624,0.0,0.0,0.0,0.0,0.36262
361,0.407836,0.0,0.217118,0.141969,0.957266,0.0,0.0,0.037131,0.085472,0.614523,0.0,0.0,0.766942,0.88954,0.073987,0.751484,0.324388,1.170389,1.006459,0.0,0.342899,0.0,0.0,0.29846,0.0,0.909365,0.337203,0.241092,0.0,0.537673,0.0,0.0,0.0,0.0,0.743401,0.848389,0.402106,0.212931,0.0,0.250637,0.202544,1.171993,0.0,0.390239,0.606755,0.0,0.0,0.0,0.985845,0.939459,0.0,0.228039,0.170219,0.340068,0.178586,0.0,0.027395,0.283888,0.493161,0.0,0.0,0.0,0.0,0.483999
362,0.367222,0.0,0.455165,0.197222,0.936963,0.0,0.0,0.055471,0.113578,0.762377,0.0,0.0,0.723415,0.727758,0.0,0.74033,0.341239,1.156394,1.0605,0.0,0.510636,0.0,0.0,0.429081,0.0,1.015076,0.458027,0.170559,0.0,0.360208,0.0,0.0,0.0,0.0,0.651626,1.004318,0.428167,0.197644,0.0,0.200567,0.299441,1.241397,0.0,0.305481,0.613646,0.0,0.0,0.0,0.993322,0.917689,0.0,0.409456,0.403457,0.356274,0.084687,0.0,0.033971,0.363191,0.542895,0.0,0.0,0.0,0.0,0.422787
363,0.48452,0.0,0.316854,0.133886,1.120508,0.0,0.101731,0.012988,0.144372,0.506853,0.0,0.0,0.677323,0.880426,0.17353,0.716968,0.602003,1.152241,1.110741,0.01516,0.428648,0.0,0.0,0.680596,0.0,1.038689,0.255551,0.0,0.166374,0.532398,0.0,0.0,0.0,0.0,0.998776,1.137226,0.070596,0.202557,0.0,0.048034,0.0,1.05058,0.0,0.15331,0.680069,0.0,0.0,0.0,1.148737,0.757071,0.0,0.395369,0.474618,0.327108,0.073275,0.0,0.034287,0.36023,0.294327,0.0,0.0,0.0,0.0,0.410453
364,0.67053,0.0,0.25277,0.212985,1.186069,0.0,0.143355,0.138838,0.252755,0.292558,0.0,0.0,0.669888,0.837418,0.355206,0.6262,0.768066,1.003755,1.176494,0.157244,0.431547,0.024451,0.0,0.647608,0.122658,0.905439,0.08138,0.0,0.254221,0.631002,0.045187,0.052553,0.0,0.0,1.088331,1.162031,0.0,0.284329,0.007794,0.110532,0.0,0.680933,0.0,0.040059,0.715595,0.0,0.0,0.0,0.954279,0.660506,0.0,0.422481,0.48888,0.333715,0.120506,0.0,0.111454,0.224547,0.164364,0.0,0.0,0.028116,0.0,0.545903
365,0.753412,0.0,0.262198,0.101434,0.942225,0.0,0.037004,0.172158,0.223076,0.453285,0.0,0.0,0.536765,0.789526,0.45071,0.442965,0.596649,0.67814,1.020051,0.347208,0.151841,0.0,0.054947,0.642015,0.289796,0.834164,0.0,0.0,0.259104,0.615819,0.151313,0.0,0.0,0.0,0.924991,0.856359,0.0,0.382422,0.0,0.143928,0.0,0.592893,0.0,0.131049,0.71869,0.0,0.0,0.0,0.772917,0.265806,0.0,0.483646,0.480173,0.510435,0.011616,0.0,0.0,0.316158,0.0,0.0,0.0,0.179171,0.0,0.622369
366,0.803649,0.264106,0.0,0.29644,0.944885,0.0,0.265579,0.104679,0.35637,0.181347,0.0,0.0,0.495663,0.593973,0.532664,0.492655,0.397429,0.516126,0.857807,0.30071,0.070253,0.102352,0.240397,0.775556,0.228659,0.771001,0.0,0.0,0.319223,0.683461,0.283114,0.0,0.0,0.039182,1.172219,0.424421,0.082312,0.09769,0.11267,0.13198,0.0,0.322595,0.0,0.14855,0.737783,0.0,0.0,0.0,0.670612,0.388603,0.0,0.185976,0.171708,0.474885,0.309716,0.0,0.190619,0.179095,0.0,0.0,0.0,0.0,0.0,0.246792
367,0.383459,0.388107,0.057633,0.364856,0.756415,0.0,0.202946,0.194837,0.26106,0.405924,0.0,0.0,0.345707,0.481916,0.123471,0.553389,0.236537,0.302138,0.670567,0.085773,0.03657,0.182109,0.204396,0.700149,0.146297,0.739161,0.019478,0.0,0.113481,0.396496,0.227561,0.0,0.0,0.039183,0.991588,0.340916,0.272975,0.146266,0.265494,0.149969,0.0,0.445093,0.0,0.195739,0.616078,0.0,0.0,0.0,0.603405,0.349215,0.0,0.190237,0.105888,0.452673,0.331556,0.0,0.167006,0.2014,0.039726,0.0,0.0,0.0,0.0,0.0
368,0.201969,0.324965,0.043681,0.174129,0.353978,0.0,0.144659,0.294884,0.285978,0.692372,0.0,0.0,0.097207,0.381588,0.088966,0.377998,0.152691,0.050499,0.402628,0.060914,0.065269,0.0,0.212921,0.595616,0.031898,0.798874,0.0,0.0,0.103142,0.209989,0.236829,0.0,0.0,0.210986,0.553285,0.390111,0.247705,0.119956,0.252327,0.082174,0.109042,0.656256,0.0,0.415621,0.399996,0.0,0.0,0.0,0.522611,0.129354,0.0,0.452054,0.361332,0.445095,0.144998,0.0,0.090463,0.353963,0.107437,0.0,0.0,0.0,0.0,0.098433
369,0.281529,0.211726,0.073993,0.139252,0.030733,0.0,0.234529,0.178287,0.110729,0.668365,0.0,0.0,0.0,0.201099,0.292517,0.514508,0.072258,0.0,0.339988,0.195768,0.0,0.0,0.201804,0.543603,0.094578,0.844748,0.0,0.0,0.199255,0.317148,0.438043,0.0,0.0,0.329977,0.367226,0.098523,0.180766,0.0,0.445631,0.006152,0.150788,0.567805,0.057383,0.423714,0.354771,0.0,0.0,0.0,0.477615,0.220218,0.0,0.606071,0.386732,0.302522,0.09086,0.0,0.151189,0.244245,0.0,0.0,0.0,0.062579,0.0,0.392908
370,0.21265,0.072339,0.192096,0.03589,0.0,0.0,0.15308,0.208849,0.125867,0.886146,0.0,0.0,0.0,0.257573,0.111664,0.252379,0.124999,0.0,0.23374,0.156461,0.0,0.0,0.356092,0.261866,0.239005,0.893678,0.0,0.0,0.0,0.058605,0.437438,0.0,0.0,0.345953,0.06045,0.217093,0.130754,0.0,0.722472,0.0,0.209778,0.700387,0.143832,0.54679,0.171396,0.0,0.116847,0.0,0.115023,0.290069,0.0,0.681722,0.289528,0.075436,0.0,0.0,0.033517,0.197798,0.143775,0.0,0.0,0.163131,0.0,0.496928
371,0.0,0.0,0.0,0.0,0.0,0.0,0.173102,0.225229,0.044213,1.133803,0.0,0.0,0.0,0.327232,0.0,0.115386,0.469613,0.0,0.368927,0.0,0.074404,0.19578,0.587384,0.046135,0.159069,1.010323,0.0,0.0,0.0,0.0,0.020907,0.0,0.0,0.39537,0.0,0.554699,0.151803,0.393577,0.718061,0.0,0.218892,0.874154,0.06668,0.723315,0.000539,0.0,0.451994,0.0,0.0,0.533634,0.0,0.667029,0.133546,0.15065,0.200717,0.0,0.048119,0.199143,0.299736,0.0,0.0,0.110298,0.0,0.569089
372,0.0,0.0,0.0,0.02304,0.0,0.0,0.247031,0.131424,0.044326,1.183186,0.0,0.0,0.0,0.386399,0.0,0.0,0.56637,0.0,0.378332,0.0,0.178539,0.258571,0.699176,0.0,0.394443,1.061298,0.0,0.0,0.0,0.0,0.047085,0.0,0.0,0.471979,0.0,0.608985,0.216471,0.569165,0.738349,0.0,0.343672,1.018665,0.086768,0.658416,0.0,0.0,0.490247,0.0,0.0,0.459185,0.0,0.722347,0.064016,0.001759,0.121503,0.0,0.071608,0.187396,0.400821,0.0,0.0,0.17171,0.0,0.325313
373,0.0,0.0,0.0,0.0,0.0,0.0,0.0,0.0,0.241346,1.523357,0.0,0.05138,0.016654,0.658356,0.0,0.0,0.642275,0.0,0.703557,0.0,0.432774,0.286585,0.791161,0.0,0.350609,1.287863,0.0,0.198948,0.0,0.0,0.0,0.0,0.0,0.519915,0.082382,0.767286,0.254183,0.805902,0.990664,0.0,0.693582,1.427933,0.119228,0.979992,0.0,0.0,0.681645,0.0,0.0,0.68409,0.0,0.547593,0.0,0.0,0.174876,0.0,0.151905,0.186106,0.676821,0.0,0.361472,0.370461,0.0,0.329666
374,0.0,0.0,0.0,0.005898,0.0,0.0,0.0,0.030484,0.205507,1.395241,0.0,0.0,0.179227,0.703356,0.0,0.0,0.718439,0.0,0.716433,0.0,0.724748,0.335867,0.621779,0.0,0.268213,1.281464,0.011725,0.34805,0.0,0.0,0.0,0.041956,0.0,0.386311,0.158853,0.793766,0.187738,0.901801,0.948922,0.0,0.773749,1.497078,0.0,0.907053,0.0,0.0,0.776735,0.0,0.0,0.990157,0.0,0.449491,0.0,0.0,0.354888,0.0,0.242079,0.107654,0.746954,0.0,0.380425,0.446197,0.0,0.376255
375,0.0,0.0,0.0,0.115571,0.0,0.0,0.0,0.067359,0.340671,1.390101,0.0,0.0,0.401209,0.852039,0.0,0.0,0.754862,0.0,0.854663,0.0,0.925934,0.399153,0.812159,0.0,0.438237,1.254359,0.122901,0.639399,0.0,0.018477,0.0,0.285014,0.0,0.492321,0.30596,0.720973,0.277703,0.998199,1.078434,0.0,0.996824,1.683357,0.0,0.983633,0.0,0.0,0.951935,0.0,0.0,1.014793,0.0,0.36383,0.0,0.0,0.28896,0.0,0.385529,0.03975,0.811806,0.0,0.615086,0.533988,0.0,0.323003
376,0.0,0.0,0.0,0.106581,0.018041,0.0,0.0,0.078502,0.222373,1.168713,0.0,0.0,0.471661,0.794158,0.0,0.0,0.649608,0.163213,0.773463,0.0,1.011575,0.297307,0.572245,0.0,0.489105,1.062195,0.228046,0.40316,0.0,0.001119,0.0,0.369971,0.0,0.125919,0.28546,0.478299,0.255,1.237542,0.862245,0.0,0.902542,1.533529,0.0,0.625401,0.088094,0.0,0.789767,0.0,0.044255,0.958558,0.0,0.398838,0.0,0.0,0.225903,0.0,0.112529,0.005681,0.795421,0.0,0.445409,0.626649,0.0,0.260927
377,0.0,0.0,0.0,0.261864,0.340237,0.0,0.0,0.316142,0.338852,0.991039,0.0,0.0,0.715334,0.9185,0.0,0.122822,0.704637,0.390284,0.777103,0.0,1.177749,0.444902,0.616998,0.0,0.375652,0.800685,0.310914,0.696179,0.0,0.107954,0.0,0.449338,0.0,0.287448,0.414538,0.486857,0.255085,1.137177,0.801477,0.125755,0.980601,1.329242,0.0,0.530126,0.04403,0.0,0.818891,0.0,0.004101,1.072065,0.0,0.295763,0.0,0.0,0.34545,0.0,0.28501,0.0,0.78547,0.0,0.475553,0.614184,0.0,0.309466
378,0.0,0.077708,0.0,0.306228,0.205356,0.0,0.0,0.333035,0.516539,1.24752,0.0,0.0,0.948511,0.996966,0.0,0.132661,0.72189,0.290801,0.898586,0.0,1.324373,0.585882,0.943214,0.0,0.38937,0.968656,0.502841,1.013283,0.0,0.297775,0.0,0.6196,0.0,0.288665,0.567216,0.377907,0.506127,1.096148,0.974265,0.149897,1.254532,1.62876,0.064861,0.687505,0.0,0.0,0.964738,0.0,0.100179,1.163979,0.0,0.292212,0.0,0.0,0.330457,0.0,0.538663,0.0,0.659891,0.0,0.675667,0.618111,0.0,0.230367
379,0.0,0.30441,0.0,0.448264,0.184294,0.0,0.0,0.433297,0.56523,0.973284,0.0,0.0,1.058785,0.978077,0.0,0.369154,0.782567,0.408822,0.479376,0.0,1.271175,0.68494,0.769715,0.0,0.23846,0.691958,0.482087,0.781718,0.0,0.311204,0.0,0.521091,0.0,0.257046,0.70878,0.335431,0.504238,1.031607,0.663151,0.26215,1.235531,1.287907,0.241637,0.34605,0.0,0.0,0.966111,0.0,0.085074,0.91694,0.0,0.312904,0.0,0.0,0.304278,0.0,0.627275,0.0,0.554666,0.0,0.46668,0.482741,0.0,0.263241
380,0.0,0.289732,0.0,0.512557,0.241579,0.0,0.0,0.470411,0.502283,0.675217,0.0,0.0,1.104102,1.016348,0.0,0.397554,0.67705,0.49317,0.224381,0.167697,1.053441,0.730169,0.582424,0.0,0.140896,0.443285,0.457712,0.7377,0.0,0.250222,0.0,0.473741,0.0,0.220504,0.579321,0.126181,0.404037,0.72903,0.569508,0.450833,1.11736,0.841701,0.292306,0.348115,0.0,0.0,0.754559,0.0,0.066156,1.048256,0.0,0.215784,0.0,0.0,0.562572,0.0,0.664468,0.0,0.573352,0.0,0.267355,0.302488,0.0,0.463679
381,0.0,0.415643,0.0,0.661391,0.034229,0.0,0.0,0.487648,0.445999,0.732009,0.0,0.0,0.955319,0.903381,0.09217,0.381015,0.726482,0.43364,0.213384,0.212786,1.070222,0.701081,0.55867,0.0,0.195092,0.550041,0.393236,0.545272,0.0,0.197708,0.0,0.428749,0.0,0.45649,0.659547,0.145118,0.528141,0.971902,0.498123,0.454798,1.235524,0.758803,0.471729,0.336095,0.0,0.0,0.903184,0.0,0.1055,1.057737,0.0,0.096954,0.0,0.0,0.678964,0.0,0.78075,0.0,0.808014,0.0,0.123558,0.316599,0.0,0.36463
382,0.0,0.502775,0.0,0.502431,0.0,0.0,0.0,0.318878,0.443574,1.209113,0.0,0.010691,0.765781,0.867252,0.0,0.344064,0.735285,0.157503,0.671268,0.072138,1.106322,0.622087,0.942852,0.0,0.478268,0.860589,0.368771,0.718901,0.0,0.129185,0.0,0.647223,0.0,0.562232,0.59477,0.137328,0.85291,1.221556,0.86887,0.323491,1.464456,1.14283,0.465974,0.620564,0.0,0.0,1.028133,0.0,0.144213,1.234492,0.0,0.127859,0.0,0.0,0.623227,0.0,0.81169,0.0,0.800229,0.0,0.118095,0.553037,0.0,0.149468
383,0.0,0.264674,0.0,0.321017,0.0,0.0,0.0,0.217526,0.431037,1.275608,0.0,0.043569,0.548,0.68981,0.020649,0.209583,0.73127,0.077167,0.522818,0.0,0.940151,0.465425,0.763876,0.0,0.333171,1.074855,0.319481,0.415127,0.0,0.101695,0.0,0.245544,0.0,0.42757,0.601343,0.365155,0.640409,1.217008,0.75102,0.0,1.287533,1.391121,0.372913,0.710233,0.0,0.0,1.054898,0.0,0.132874,0.78608,0.0,0.315311,0.0,0.0,0.381637,0.0,0.640035,0.0,0.751994,0.0,0.335423,0.525562,0.0,0.152704
384,0.0,0.0,0.0,0.243367,0.01034,0.0,0.0,0.084444,0.294273,1.002746,0.0,0.0,0.405291,0.745438,0.0,0.346899,0.701591,0.0,0.506272,0.0,0.73422,0.427006,0.69361,0.0,0.437603,1.012981,0.173585,0.464494,0.0,0.110606,0.0,0.381329,0.0,0.267671,0.468769,0.397583,0.403503,0.861409,0.868916,0.049916,0.827639,1.184433,0.04281,0.649684,0.110666,0.0,0.921195,0.0,0.0,0.890292,0.0,0.458542,0.0,0.0,0.354944,0.0,0.369187,0.0,0.475642,0.0,0.183526,0.587408,0.0,0.336543
385,0.0,0.0,0.0,0.248213,0.137263,0.0,0.051882,0.063043,0.230697,0.570166,0.0,0.0,0.357181,0.674407,0.051756,0.495945,0.575923,0.107207,0.376677,0.110569,0.505147,0.231087,0.502379,0.0,0.455465,0.740966,0.125647,0.272347,0.0,0.096347,0.0,0.046503,0.0,0.205007,0.42666,0.449838,0.129327,0.523647,0.853229,0.116088,0.470684,0.895783,0.031181,0.546547,0.265227,0.0,0.523365,0.0,0.0,0.850717,0.0,0.499122,0.0,0.0,0.285059,0.0,0.005268,0.0,0.366652,0.0,0.0014,0.583706,0.0,0.799516
386,0.0,0.0,0.0,0.0,0.069424,0.0,0.063977,0.120745,0.289344,0.871646,0.0,0.0,0.027378,0.587569,0.284149,0.330942,0.629337,0.198075,0.433513,0.0,0.455854,0.017319,0.582104,0.0,0.416584,0.762378,0.053021,0.13614,0.0,0.052919,0.0,0.0,0.0,0.253364,0.48703,0.785465,0.156728,0.662823,0.678475,0.0,0.385548,1.160599,0.0,0.49776,0.236847,0.0,0.42074,0.0,0.0,0.562971,0.0,0.63434,0.0,0.0,0.109449,0.0,0.0,0.061628,0.324095,0.0,0.0,0.448236,0.0,0.830543
387,0.0,0.0,0.026614,0.055925,0.0,0.0,0.224764,0.034363,0.441683,1.05369,0.0,0.0,0.175153,0.494698,0.311198,0.236957,0.547621,0.0,0.383191,0.029093,0.238243,0.020504,0.759983,0.0,0.560726,0.904199,0.034242,0.038651,0.0,0.199716,0.019589,0.0,0.0,0.501635,0.4869,0.527933,0.208663,0.558251,0.756996,0.0,0.436486,1.339892,0.123931,0.607105,0.12414,0.0,0.491659,0.0,0.0,0.355391,0.0,0.668946,0.0,0.0,0.0,0.0,0.0,0.169761,0.23698,0.0,0.04195,0.266837,0.0,0.704667
388,0.0,0.006853,0.11503,0.280337,0.0,0.0,0.236907,0.0,0.550793,1.1854,0.0,0.0,0.090044,0.329594,0.107334,0.207787,0.543371,0.0,0.472848,0.034218,0.133696,0.142115,0.915882,0.0,0.608817,1.199473,0.0,0.005354,0.0,0.310181,0.30908,0.0,0.0,0.655396,0.442259,0.35192,0.263624,0.389217,1.083631,0.0,0.377002,1.244732,0.067677,0.646958,0.180487,0.0,0.662763,0.0,0.0,0.508652,0.0,0.696644,0.0,0.0,0.0,0.0,0.0,0.062887,0.134788,0.0,0.041258,0.390772,0.0,0.544671
389,0.082608,0.200891,0.105713,0.268347,0.0,0.0,0.221848,0.0,0.524154,1.228548,0.0,0.0,0.127726,0.410672,0.141762,0.135781,0.493604,0.0,0.382354,0.09403,0.056562,0.219823,1.098212,0.0,0.594258,1.107969,0.0,0.053761,0.0,0.318438,0.403238,0.0,0.0,0.906234,0.427905,0.32046,0.385129,0.253909,1.052054,0.0,0.555045,1.32183,0.203689,0.769271,0.07179,0.0,0.711599,0.0,0.0,0.304719,0.0,0.685409,0.0,0.0,0.0,0.0,0.117244,0.188449,0.141183,0.0,0.094162,0.176679,0.0,0.544302
390,0.0,0.0,0.0,0.229082,0.0,0.0,0.112728,0.002667,0.39262,1.416612,0.0,0.0,0.0,0.299231,0.0,0.147675,0.775014,0.0,0.470937,0.0,0.179427,0.288314,0.924795,0.0,0.291227,1.461746,0.0,0.097017,0.0,0.152977,0.093358,0.0,0.0,0.740184,0.270947,0.574405,0.498403,0.461862,1.087894,0.012956,0.432586,1.308225,0.0,0.930118,0.0,0.0,0.785525,0.0,0.0,0.801134,0.0,0.6616,0.0,0.0,0.224183,0.0,0.164478,0.106315,0.248732,0.0,0.0,0.289928,0.0,0.546165
391,0.0,0.0,0.0,0.082578,0.0,0.0,0.080937,0.180833,0.114563,1.123198,0.0,0.0,0.0,0.282371,0.145674,0.290485,0.619475,0.0,0.31402,0.0,0.088759,0.206885,0.659217,0.0,0.244266,1.105719,0.0,0.0,0.0,0.038187,0.0,0.0,0.0,0.582598,0.135175,0.664975,0.408157,0.465008,0.829317,0.0,0.356849,0.976753,0.069943,0.876494,0.078803,0.0,0.615431,0.0,0.0,0.734405,0.0,0.664171,0.0,0.0,0.334699,0.0,0.083937,0.150835,0.358588,0.0,0.0,0.274256,0.0,0.507721
392,0.0,0.0,0.165549,0.0,0.0,0.0,0.048939,0.270063,0.0,0.860355,0.0,0.0,0.0,0.306756,0.353733,0.527447,0.553336,0.0,0.098099,0.088488,0.0,0.157835,0.338766,0.0,0.173266,0.936956,0.0,0.0,0.0,0.033293,0.0,0.0,0.0,0.364687,0.050646,0.62775,0.377546,0.262298,0.632427,0.020074,0.392619,0.725121,0.338009,0.853343,0.099425,0.0,0.415721,0.0,0.244803,0.632698,0.0,0.73523,0.179459,0.0,0.298917,0.0,0.221779,0.150493,0.334148,0.0,0.0,0.249725,0.0,0.59626
393,0.0,0.062874,0.182434,0.276986,0.0,0.0,0.0,0.369314,0.0,1.143805,0.0,0.165166,0.0,0.382526,0.39133,0.480147,0.756575,0.0,0.291444,0.046995,0.220915,0.370061,0.214858,0.010359,0.0,1.33413,0.0,0.0,0.0,0.0,0.0,0.0,0.0,0.540863,0.12002,0.705388,0.653291,0.484788,0.652222,0.103003,0.486842,0.723684,0.50705,1.095048,0.065412,0.0,0.495251,0.0,0.655381,0.973339,0.0,0.602587,0.280428,0.0,0.669872,0.0,0.57219,0.0,0.776096,0.0,0.0,0.033513,0.0,0.574355
394,0.0,0.140204,0.245137,0.491697,0.134507,0.0,0.0,0.751109,0.0,0.898939,0.0,0.300948,0.0,0.431895,0.440931,0.589905,0.805207,0.0,0.145952,0.245489,0.286113,0.579961,0.149727,0.0,0.0,1.11367,0.0,0.06647,0.0,0.0,0.0,0.0,0.0,0.473386,0.052089,0.849504,0.625104,0.666908,0.394369,0.329341,0.405491,0.211007,0.719293,0.912905,0.026953,0.0,0.587285,0.0,0.734482,1.08025,0.0,0.71464,0.327401,0.003934,0.973732,0.0,0.709653,0.0,0.922774,0.0,0.0,0.235644,0.0,0.628988
395,0.0,0.439051,0.405865,0.646181,0.305412,0.0,0.0,1.001389,0.170615,1.011414,0.0,0.474562,0.221375,0.57415,0.37057,0.633294,0.980556,0.0,0.174894,0.325255,0.228786,0.616515,0.337614,0.046969,0.0,0.901705,0.0,0.191267,0.0,0.0,0.0,0.296982,0.0,0.557253,0.200659,0.887844,0.674435,0.779798,0.433339,0.67014,0.501272,0.0,0.867746,0.898759,0.0,0.0,0.593862,0.0,0.765931,1.078483,0.0,0.785733,0.121352,0.139559,0.95727,0.0,0.853075,0.0,1.017944,0.0,0.0,0.428458,0.0,0.351176
396,0.0,0.564629,0.418268,0.757382,0.26283,0.0,0.0,1.013307,0.250434,0.761075,0.0,0.402027,0.347232,0.425844,0.414735,0.672252,0.881385,0.0,0.166937,0.31204,0.305812,0.679915,0.369556,0.177175,0.0,0.773529,0.194386,0.22559,0.0,0.0,0.0,0.270985,0.0,0.530741,0.26196,0.764962,0.642466,0.797919,0.389965,0.797403,0.552382,0.0,0.964561,0.787779,0.0,0.0,0.675625,0.0,0.715834,1.030519,0.0,0.856664,0.207879,0.191288,1.045263,0.0,0.964352,0.0,0.997618,0.0,0.0,0.479326,0.0,0.350132
397,0.0,1.049798,0.403029,0.869936,0.302891,0.0,0.0,0.890321,0.732959,0.74498,0.0,0.329023,0.662027,0.315367,0.192259,0.802072,0.940195,0.0,0.199479,0.132785,0.306217,0.707466,0.801943,0.493498,0.084976,0.453422,0.198084,0.265558,0.0,0.0,0.0,0.362479,0.0,0.46767,0.541408,0.498426,0.899282,0.600776,0.685305,0.823988,0.562059,0.0,0.754854,0.731605,0.107533,0.0,0.636738,0.0,0.537154,0.849994,0.0,0.684033,0.0,0.467504,0.687738,0.0,0.918676,0.0,0.784726,0.0,0.0,0.154774,0.0,0.0
398,0.06228,0.896813,0.255846,0.845138,0.41349,0.0,0.0,0.923046,0.706537,0.456736,0.0,0.164037,0.751752,0.141533,0.464394,0.551002,0.893959,0.098075,0.131429,0.189703,0.24809,0.390048,0.902452,0.616475,0.0,0.417792,0.558839,0.031426,0.181677,0.175224,0.130762,0.116127,0.0,0.422402,0.565631,0.53156,0.560063,0.709861,0.415484,0.863963,0.573896,0.0,0.878854,0.722374,0.042572,0.0,0.4197,0.0,0.64221,0.539923,0.0,0.867311,0.0,0.582727,0.760974,0.0,0.8358,0.0,0.492204,0.0,0.0,0.410768,0.0,0.005154
399,0.11065,0.746834,0.128594,0.770629,0.504077,0.0,0.0,0.68244,0.72335,0.308337,0.0,0.006316,0.739156,0.078685,0.416336,0.520427,0.892333,0.178056,0.237852,0.052869,0.074407,0.255959,0.928729,0.772309,0.0,0.244021,0.585302,0.0,0.190815,0.413013,0.265943,0.02805,0.0,0.213404,0.701904,0.407732,0.373573,0.396617,0.631572,0.835331,0.445705,0.0,0.693761,0.888921,0.080991,0.0,0.2554,0.0,0.564686,0.430659,0.0,0.767181,0.0,0.686368,0.581612,0.0,0.640723,0.0,0.258647,0.0,0.0,0.405572,0.0,0.0
400,0.284857,0.450845,0.142208,0.838428,0.434203,0.0,0.0,0.51147,0.562409,0.26445,0.0,0.008656,0.652353,0.04877,0.492531,0.491165,0.764979,0.137032,0.179293,0.30831,0.0,0.09508,0.999493,0.865228,0.0,0.166443,0.555842,0.0,0.378333,0.488114,0.34752,0.0,0.0,0.173011,0.472494,0.362424,0.260228,0.350657,0.695348,0.898987,0.400779,0.0,0.526956,1.01985,0.110682,0.0,0.140564,0.0,0.479015,0.338762,0.0,0.841822,0.0,0.849111,0.510954,0.0,0.577886,0.0,0.100658,0.0,0.0,0.566805,0.0,0.019486
401,0.234102,0.880492,0.371905,0.838882,0.18354,0.0,0.0,0.776508,0.717639,0.444436,0.0,0.133082,0.708418,0.0,0.352458,0.362237,0.588913,0.114587,0.0,0.205639,0.0,0.228381,1.150722,0.979338,0.0,0.273635,0.569608,0.0,0.430464,0.339883,0.408734,0.0,0.0,0.249192,0.419196,0.383465,0.488606,0.487323,0.479009,0.738301,0.724695,0.0,0.840066,0.76507,0.067474,0.0,0.392035,0.0,0.496944,0.0,0.0,0.874771,0.0,0.849262,0.428274,0.0,0.642068,0.0,0.0514,0.0,0.0,0.459864,0.0,0.0
402,0.226389,1.132836,0.208636,1.06729,0.020466,0.0,0.0,0.481226,0.880319,0.548154,0.0,0.236981,0.706808,0.00017,0.41999,0.3641,0.320673,0.046406,0.0,0.060906,0.184576,0.594963,0.922515,0.950512,0.0,0.554959,0.822725,0.202255,0.595649,0.234432,0.458769,0.0,0.0,0.458235,0.540091,0.087016,0.940922,0.41812,0.412385,0.850798,0.663812,0.0,0.876394,1.010975,0.229547,0.0,0.61679,0.0,0.53413,0.210713,0.0,0.67105,0.0,0.875545,0.850196,0.0,1.061607,0.0,0.281028,0.0,0.0,0.203964,0.0,0.0
403,0.113231,1.248355,0.180405,1.13632,0.0,0.0,0.0,0.670957,0.888558,0.564451,0.0,0.359637,0.823737,0.202603,0.079398,0.465536,0.306363,0.100044,0.0,0.080201,0.109485,0.859561,0.935112,0.724229,0.0,0.371292,0.855119,0.468197,0.267028,0.055798,0.351323,0.0,0.0,0.33324,0.41881,0.085615,0.897014,0.431777,0.632407,1.161821,0.880376,0.0,1.005412,1.012019,0.0,0.0,0.78576,0.0,0.244014,0.470358,0.0,0.459331,0.0,0.812754,0.812433,0.0,1.037665,0.0,0.661644,0.0,0.0,0.28906,0.0,0.0
404,0.156915,1.363054,0.14166,1.313428,0.0,0.0,0.0,0.736089,0.89652,0.596056,0.0,0.434034,0.87076,0.268952,0.015988,0.637805,0.346722,0.161945,0.0,0.248268,0.179693,0.893116,1.210557,0.615403,0.0,0.271774,0.808501,0.571865,0.299284,0.106956,0.489372,0.0,0.0,0.554745,0.333533,0.066078,0.987191,0.574884,0.690061,1.207008,1.21372,0.0,1.189083,0.908035,0.0,0.0,0.87429,0.0,0.192414,0.544942,0.0,0.401185,0.0,0.856328,0.809408,0.0,1.079826,0.0,0.606618,0.0,0.0,0.447452,0.0,0.0
405,0.031064,1.50915,0.113462,1.420617,0.0,0.0,0.0,0.52946,0.882597,0.434035,0.0,0.28186,0.974907,0.225041,0.022574,0.799825,0.567085,0.231207,0.0,0.530256,0.0,0.781278,1.620278,0.764858,0.070063,0.036494,0.664717,0.196608,0.376928,0.572944,0.884296,0.0,0.0,0.548345,0.416735,0.0,1.036196,0.22386,0.618999,1.048697,1.486129,0.0,1.209505,0.747494,0.0,0.0,0.582117,0.0,0.0,0.46828,0.0,0.159914,0.0,0.89113,0.711079,0.251465,0.940123,0.0,0.315709,0.0,0.0,0.384181,0.0,0.0
406,0.091039,1.449581,0.0,1.231522,0.0,0.0,0.0,0.360018,0.96492,0.208326,0.0,0.045401,0.989947,0.131255,0.193867,0.599253,0.259643,0.033233,0.0,0.238896,0.135331,0.710054,1.245016,0.664409,0.0,0.057345,0.64968,0.129586,0.478977,0.411053,0.890302,0.0,0.0,0.408521,0.4275,0.0,0.984915,0.13821,0.48409,0.907618,1.172812,0.0,0.846207,0.81222,0.0,0.0,0.573255,0.0,0.0,0.31823,0.0,0.17485,0.0,0.813216,0.504703,0.101938,0.931918,0.0,0.160022,0.0,0.0,0.116318,0.0,0.0
407,0.093188,1.023193,0.0,0.913992,0.0,0.0,0.0,0.333504,0.730812,0.019706,0.0,0.0,0.815508,0.125486,0.108846,0.56657,0.260107,0.126341,0.0,0.06767,0.095279,0.48372,1.029702,0.425351,0.0,0.0,0.679786,0.119692,0.447028,0.299075,0.838879,0.0,0.0,0.142084,0.237616,0.0,0.54809,0.079503,0.664683,0.84753,0.967819,0.050161,0.540315,0.769994,0.010153,0.0,0.547953,0.0,0.0,0.210224,0.0,0.419373,0.0,0.783083,0.297928,0.0,0.569187,0.0,0.0,0.0,0.0,0.259837,0.0,0.0
408,0.160949,0.956815,0.0,0.88687,0.0,0.0,0.0,0.320227,0.612733,0.041285,0.0,0.0,0.824635,0.152667,0.010173,0.540577,0.340114,0.106618,0.0,0.072695,0.075888,0.412611,1.25554,0.462854,0.0,0.0,0.552091,0.0,0.527436,0.244455,0.899648,0.0,0.0,0.293324,0.16765,0.0,0.509825,0.389994,0.516684,0.63717,0.921232,0.199094,0.595156,0.571644,0.092503,0.0,0.632927,0.0,0.0,0.103725,0.0,0.578698,0.0,0.794457,0.119681,0.0,0.384569,0.072097,0.0,0.0,0.0,0.149225,0.0,0.0
409,0.132664,0.762818,0.0,0.756831,0.0,0.0,0.0,0.227738,0.649477,0.2343,0.0,0.0,0.614819,0.185047,0.0,0.449678,0.447498,0.030768,0.0,0.0,0.113234,0.441775,1.265639,0.372807,0.0,0.0,0.54917,0.082796,0.394409,0.156718,0.809032,0.0,0.0,0.222457,0.145702,0.0,0.404023,0.337286,0.830197,0.641475,0.772573,0.205544,0.41003,0.698284,0.141664,0.0,0.734807,0.0,0.0,0.310463,0.0,0.629191,0.0,0.817423,0.216103,0.0,0.181282,0.04184,0.0,0.0,0.0,0.166107,0.0,0.0
410,0.203941,1.082426,0.0,0.990141,0.0,0.0,0.165933,0.216271,0.870194,0.095444,0.0,0.0,0.760311,0.138429,0.0,0.452715,0.569972,0.040602,0.0,0.0,0.0,0.461433,1.521546,0.507377,0.151126,0.0,0.465231,0.0,0.650195,0.283372,1.046014,0.0,0.0,0.47389,0.266719,0.0,0.371096,0.22494,0.809648,0.715251,0.917135,0.209257,0.476592,0.677289,0.072971,0.0,0.775137,0.0,0.0,0.097495,0.0,0.665299,0.0,0.967071,0.103695,0.0,0.185812,0.199466,0.0,0.0,0.0,0.017291,0.0,0.0
411,0.290983,1.399108,0.0,1.151042,0.0,0.0,0.138931,0.261998,1.027281,0.249636,0.0,0.0,1.024093,0.187935,0.0,0.436645,0.560385,0.0,0.0,0.058416,0.0,0.472637,1.967622,0.662793,0.218159,0.0,0.475203,0.0,0.947115,0.275946,1.354277,0.0,0.0,0.760464,0.303608,0.0,0.486289,0.331405,0.758809,0.742795,1.157473,0.328458,0.724739,0.755254,0.010094,0.0,0.936744,0.0,0.0,0.0,0.0,0.801897,0.0,1.202534,0.0,0.0,0.3982,0.316164,0.0,0.0,0.0,0.0,0.0,0.0
412,0.364501,1.558209,0.0,1.313583,0.0,0.0,0.095029,0.228079,1.057803,0.166779,0.0,0.0,1.197464,0.095119,0.0,0.6189,0.461504,0.0,0.0,0.074926,0.0,0.423441,2.117847,0.773165,0.233164,0.0,0.724556,0.001429,1.102012,0.388381,1.619306,0.0,0.0,0.760078,0.302529,0.0,0.552389,0.448057,0.770471,0.847758,1.312905,0.330809,0.908549,0.829866,0.124346,0.0,0.869086,0.0,0.0,0.0,0.0,0.898137,0.0,1.392559,0.0,0.0,0.384622,0.301663,0.0,0.0,0.0,0.022524,0.0,0.0
413,0.3587,1.935034,0.0,1.576657,0.0,0.0,0.274608,0.314014,1.424255,0.033126,0.0,0.0,1.290441,0.0,0.04648,0.849336,0.564777,0.0,0.0,0.019733,0.0,0.516433,2.24345,1.030703,0.254602,0.0,0.701651,0.0,1.142669,0.603929,1.716671,0.0,0.0,0.893849,0.544528,0.0,0.664018,0.088206,0.89327,1.07856,1.384577,0.100896,0.822044,0.840675,0.243554,0.0,0.889545,0.0,0.0,0.0,0.0,0.704059,0.0,1.673286,0.037048,0.0,0.529911,0.229105,0.0,0.0,0.0,0.0,0.0,0.0
414,0.370001,1.942411,0.0,1.762254,0.0,0.0,0.36326,0.375048,1.512037,0.0,0.0,0.0,1.3021,0.0,0.134824,1.041553,0.592597,0.044687,0.0,0.144981,0.0,0.450437,2.290225,1.198016,0.26173,0.0,0.790162,0.0,1.163069,0.806676,1.750966,0.0,0.0,0.894952,0.672793,0.0,0.648536,0.0,0.875724,1.138238,1.402338,0.0,0.75124,0.840128,0.34882,0.0,0.751192,0.0,0.0,0.021346,0.0,0.775879,0.0,1.858575,0.105403,0.0,0.587421,0.21399,0.0,0.0,0.0,0.0,0.0,0.0
415,0.310778,1.981811,0.0,1.568018,0.0,0.0,0.401925,0.400103,1.434965,0.0,0.0,0.0,1.163476,0.012582,0.0,1.21773,0.890883,0.220754,0.0,0.0,0.0,0.534633,2.044228,1.233228,0.31484,0.0,0.884528,0.0,0.96697,0.823122,1.409155,0.0,0.0,0.693064,0.816382,0.0,0.55978,0.0,1.015234,1.305638,1.302777,0.0,0.557682,0.740351,0.250057,0.0,0.594365,0.0,0.0,0.210114,0.0,0.678164,0.0,1.971239,0.354989,0.0,0.476436,0.265746,0.0,0.0,0.0,0.0,0.0,0.0
416,0.426805,1.82834,0.0,1.315171,0.0,0.0,0.24809,0.432213,1.302551,0.01722,0.0,0.0,1.279684,0.0,0.053332,0.943734,0.642532,0.161494,0.0,0.0,0.0,0.216149,2.042138,1.126786,0.224088,0.0,0.920946,0.0,1.029402,0.708015,1.345359,0.0,0.0,0.414223,0.681075,0.0,0.425869,0.029363,0.943409,1.013502,1.142903,0.205061,0.521593,0.793602,0.413563,0.0,0.4943,0.0,0.0,0.0,0.0,0.903548,0.0,1.927282,0.0,0.0,0.357746,0.261997,0.0,0.0,0.0,0.0,0.0,0.0
417,0.474569,1.561707,0.0,1.164389,0.0,0.0,0.272634,0.553873,0.992534,0.0,0.0,0.0,1.330291,0.0,0.166786,0.910435,0.909175,0.204159,0.0,0.104964,0.046926,0.144532,2.056792,1.124962,0.332485,0.0,0.656764,0.0,0.991072,0.730337,1.130818,0.0,0.0,0.564101,0.608123,0.0,0.115299,0.277648,0.723,0.862193,1.027309,0.144762,0.617162,0.446021,0.386707,0.0,0.475451,0.0,0.0,0.0,0.0,1.092474,0.0,1.7542,0.0,0.0,0.340922,0.430329,0.0,0.0,0.0,0.0,0.0,0.0
418,0.282347,1.080781,0.0,1.036257,0.408277,0.0,0.421167,0.617278,0.923931,0.0,0.0,0.0,0.97876,0.0,0.113312,0.980315,1.142484,0.260027,0.029558,0.0,0.119299,0.173255,1.537834,0.965218,0.371951,0.0,0.502742,0.0,0.399284,0.524414,0.700121,0.0,0.0,0.498803,0.762575,0.0,0.0,0.236015,0.921683,0.730827,0.503743,0.0,0.485314,0.252712,0.664504,0.0,0.420013,0.0,0.0,0.0,0.0,1.177143,0.0,1.311471,0.107223,0.0,0.112541,0.216385,0.0,0.0,0.0,0.0,0.0,0.008065
419,0.151929,0.884668,0.0,0.789735,0.448286,0.0,0.242786,0.508229,0.748404,0.0,0.0,0.0,0.808083,0.057055,0.286283,0.840381,0.981172,0.293581,0.0,0.0,0.184767,0.0,1.238517,0.742327,0.340381,0.0,0.4684,0.0,0.40349,0.472784,0.425146,0.0,0.0,0.528779,0.856016,0.04134,0.024742,0.327667,0.648187,0.53484,0.495465,0.0,0.443893,0.169936,0.638207,0.0,0.258395,0.0,0.0,0.073244,0.0,1.1939,0.0,1.124656,0.273855,0.0,0.072721,0.277846,0.0,0.0,0.0,0.0,0.0,0.202291
420,0.07658,0.767934,0.0,0.637717,0.495634,0.0,0.145077,0.522226,0.760718,0.0,0.0,0.0,0.71573,0.147483,0.299279,0.824647,0.989243,0.2647,0.015356,0.0,0.307868,0.0,1.032686,0.530109,0.372529,0.0,0.470712,0.0,0.166933,0.262845,0.261865,0.0,0.0,0.542027,1.031974,0.118507,0.130294,0.353889,0.583041,0.38792,0.346178,0.064838,0.498088,0.078489,0.662435,0.0,0.267838,0.0,0.0,0.285302,0.0,1.243905,0.0,1.004753,0.312594,0.0,0.113666,0.075907,0.0,0.0,0.0,0.0,0.0,0.50663
421,0.056175,0.502748,0.0,0.583528,0.547782,0.0,0.0,0.508626,0.559804,0.0,0.0,0.0,0.675618,0.258999,0.413326,0.833211,1.053395,0.285977,0.080598,0.157899,0.266561,0.0,0.985606,0.328178,0.392428,0.0,0.465402,0.0,0.028146,0.007429,0.165178,0.0,0.0,0.463531,1.013342,0.19065,0.17532,0.660985,0.516594,0.310783,0.392901,0.140989,0.681621,0.0,0.75217,0.0,0.267532,0.0,0.0,0.274832,0.0,1.253549,0.142517,0.769833,0.200429,0.0,0.054072,0.062771,0.0,0.0,0.0,0.0,0.0,0.652892
422,0.0,0.625682,0.0,0.688706,0.447709,0.0,0.047063,0.428005,0.742498,0.0,0.0,0.0,0.76127,0.180572,0.318076,0.912669,1.109525,0.236943,0.0,0.100267,0.355963,0.0,1.009649,0.260511,0.392765,0.052408,0.341374,0.0,0.0,0.216076,0.051174,0.0,0.0,0.567338,1.131223,0.121153,0.242592,0.458704,0.522691,0.374889,0.425087,0.216375,0.481197,0.0,0.743484,0.0,0.372535,0.0,0.0,0.445844,0.0,0.934051,0.0,0.638262,0.235494,0.0,0.094393,0.092208,0.0,0.0,0.0,0.0,0.0,0.548553
423,0.0,0.537361,0.0,0.841328,0.533089,0.0,0.062372,0.37793,0.758856,0.0,0.0,0.0,0.811978,0.066456,0.235495,1.057057,1.09911,0.291362,0.0,0.160001,0.305481,0.034112,0.982785,0.12989,0.535282,0.150317,0.333098,0.0,0.0,0.425178,0.088282,0.126031,0.0,0.540717,1.097765,0.0,0.254984,0.487304,0.657878,0.409836,0.390296,0.061061,0.429633,0.0,0.812884,0.0,0.253487,0.0,0.0,0.626273,0.0,0.689191,0.0,0.421746,0.171908,0.0,0.0,0.014393,0.0,0.0,0.0,0.0,0.0,0.377804
424,0.0,0.345621,0.0,0.455319,0.50474,0.0,0.122765,0.254464,0.567915,0.0,0.0,0.0,0.691086,0.322985,0.296811,0.765204,0.855183,0.388368,0.0,0.074113,0.301674,0.079687,0.710412,0.135207,0.204155,0.0,0.345939,0.0,0.0,0.351436,0.125189,0.0,0.0,0.429132,0.978933,0.220868,0.204298,0.221827,0.413927,0.327715,0.33895,0.133302,0.202648,0.038888,0.53394,0.0,0.180104,0.0,0.0,0.420095,0.0,0.726228,0.0,0.52311,0.319703,0.0,0.031591,0.075086,0.0,0.0,0.0,0.0,0.0,0.479007
425,0.021561,0.184141,0.0,0.23727,0.321298,0.0,0.0,0.07701,0.43263,0.49462,0.0,0.0,0.412796,0.493764,0.005685,0.535184,0.627368,0.263693,0.552011,0.0,0.457343,0.061575,0.616549,0.103104,0.119008,0.308832,0.391063,0.163417,0.0,0.093208,0.0,0.0,0.0,0.296118,0.73046,0.372331,0.323184,0.482975,0.622896,0.229043,0.339014,0.324579,0.0,0.469286,0.337868,0.0,0.174207,0.0,0.0,0.616163,0.0,0.81563,0.0,0.488307,0.370208,0.0,0.043026,0.0,0.310419,0.0,0.033285,0.032463,0.0,0.322772
426,0.265929,0.339512,0.0,0.194284,0.439291,0.0,0.306847,0.228354,0.384321,0.265763,0.0,0.0,0.375048,0.38191,0.112098,0.429742,0.638919,0.291751,0.534149,0.0,0.22269,0.242768,0.590919,0.464629,0.271402,0.065754,0.200007,0.0,0.062455,0.334519,0.253715,0.0,0.0,0.26499,0.716446,0.244384,0.030055,0.169114,0.579662,0.166925,0.07864,0.119406,0.0,0.337299,0.371217,0.0,0.118413,0.0,0.0,0.010247,0.0,0.853336,0.024657,0.681594,0.166846,0.0,0.054277,0.125247,0.0476,0.0,0.029465,0.0,0.0,0.175493
427,0.654346,0.494237,0.150215,0.281554,0.396532,0.0,0.482863,0.506352,0.413978,0.686274,0.0,0.0,0.472591,0.073223,0.0,0.259482,0.653473,0.10603,0.84218,0.0,0.0,0.162481,1.038062,0.9157,0.483905,0.223706,0.191189,0.0,0.354171,0.490396,0.57641,0.0,0.0,0.216304,0.392026,0.07771,0.0,0.270194,0.760194,0.06392,0.069562,0.283304,0.0,0.395514,0.304365,0.0,0.291708,0.0,0.0,0.0,0.0,1.245726,0.328542,0.985862,0.0,0.0,0.0,0.220518,0.0,0.0,0.139188,0.0,0.0,0.060579
428,0.943095,0.793812,0.158921,0.593377,0.567824,0.0,0.983386,0.649739,0.684555,0.685753,0.0,0.0,0.483704,0.0,0.0,0.276501,0.814179,0.0,1.00217,0.191296,0.0,0.458794,1.367902,1.495076,0.703368,0.173183,0.126417,0.0,0.763586,0.84481,0.882134,0.0,0.0,0.720674,0.579294,0.117632,0.0,0.254942,0.888913,0.03687,0.023558,0.06672,0.0,0.521689,0.31823,0.0,0.479767,0.0,0.0,0.0,0.0,1.469187,0.083122,1.302643,0.0,0.0,0.063084,0.342101,0.0,0.0,0.169546,0.0,0.0,0.0
429,1.381103,1.056737,0.251265,0.815601,0.394386,0.0,1.113596,0.66897,1.031391,1.064398,0.0,0.0,0.551042,0.0,0.060373,0.152022,0.822211,0.0,1.062632,0.508567,0.0,0.451312,1.948472,2.022525,0.913275,0.300155,0.01174,0.0,1.185737,1.14345,1.178429,0.0,0.0,0.95187,0.69655,0.172543,0.0,0.113292,1.075111,0.114776,0.187734,0.0,0.0,0.930574,0.137521,0.0,0.328735,0.0,0.0,0.0,0.0,1.731973,0.0,1.834014,0.0,0.0,0.147363,0.544108,0.0,0.0,0.255563,0.0,0.0,0.0
430,1.564172,0.994832,0.26531,0.860041,0.201293,0.0,1.171368,0.598541,1.166939,1.401336,0.0,0.0,0.395342,0.0,0.029306,0.020458,0.637258,0.0,1.043967,0.534616,0.0,0.346106,2.319371,2.45264,0.891469,0.504876,0.0,0.0,1.493267,1.265258,1.380617,0.0,0.0,1.086832,0.651539,0.206507,0.0,0.0,1.256873,0.069384,0.263201,0.0,0.0,1.356031,0.04847,0.0,0.12746,0.0,0.0,0.0,0.0,2.114579,0.0,2.192953,0.0,0.0,0.195525,0.637979,0.0,0.0,0.405495,0.083798,0.0,0.0
431,1.510076,0.666209,0.237362,0.788659,0.065845,0.0,1.082836,0.499268,0.916475,1.630289,0.0,0.0,0.069575,0.0,0.0,0.084326,0.478052,0.0,0.995353,0.303765,0.0,0.113619,2.313689,2.708194,0.719755,0.690409,0.1473,0.0,1.565034,1.242182,1.479814,0.0,0.0,1.034095,0.446496,0.187439,0.0,0.0,1.440552,0.001684,0.087189,0.0,0.0,1.558313,0.063629,0.0,0.01996,0.0,0.0,0.0,0.0,2.399666,0.0,2.368412,0.0,0.0,0.177407,0.487225,0.0,0.0,0.509972,0.045373,0.0,0.0
432,1.135995,0.65458,0.17753,0.729228,0.033248,0.0,1.16327,0.45262,0.913539,1.534422,0.0,0.0,0.090478,0.0,0.0,0.280053,0.307672,0.0,0.813741,0.0,0.0,0.077601,2.254167,2.822454,0.532115,0.645623,0.496397,0.0,1.258166,1.101659,1.593234,0.0,0.0,1.140985,0.227736,0.084577,0.258105,0.0,1.590279,0.0,0.233321,0.0,0.0,1.652655,0.193102,0.0,0.161411,0.0,0.0,0.0,0.0,2.38522,0.0,2.19818,0.0,0.0,0.103771,0.261056,0.0,0.0,0.299853,0.0,0.0,0.0
433,0.89121,0.447667,0.231852,0.665917,0.0,0.0,1.069214,0.582123,0.648257,1.279486,0.0,0.0,0.105684,0.0,0.0,0.370245,0.468559,0.0,0.44082,0.0,0.0,0.068606,2.328802,2.472404,0.377918,0.295609,0.482095,0.0,0.933174,0.91197,1.507951,0.0,0.0,0.947729,0.0,0.139841,0.10447,0.0,1.611374,0.221356,0.40157,0.0,0.034859,1.663447,0.0,0.0,0.161777,0.0,0.0,0.0,0.0,2.345506,0.0,2.044934,0.0,0.0,0.002599,0.190486,0.0,0.0,0.143151,0.124839,0.0,0.0
434,0.664711,0.592838,0.247033,0.446579,0.0,0.0,0.700316,0.355159,0.580455,1.354821,0.0,0.187502,0.166989,0.0,0.0,0.218515,0.369906,0.0,0.253275,0.0,0.0,0.180382,2.021753,1.986198,0.204297,0.231226,0.653788,0.0,0.880158,0.545516,1.372711,0.0,0.0,0.51961,0.0,0.06596,0.150731,0.0,1.68706,0.383592,0.672942,0.0,0.187098,1.71801,0.0,0.0,0.222102,0.0,0.0,0.0,0.0,2.072332,0.0,1.826777,0.0,0.0,0.039795,0.220008,0.0,0.0,0.295941,0.191936,0.0,0.0
435,0.553808,0.86333,0.270825,0.768128,0.0,0.0,0.425962,0.179398,0.791556,1.188375,0.0,0.194096,0.715654,0.0,0.0,0.210069,0.356172,0.0,0.0,0.0,0.0,0.327688,2.255806,1.675539,0.129786,0.165736,0.589536,0.0,0.837472,0.518769,1.534213,0.0,0.0,0.679769,0.014617,0.078803,0.482748,0.083464,1.257895,0.46735,1.063206,0.08996,0.521194,1.720723,0.0,0.0,0.264858,0.0,0.0,0.0,0.0,1.530089,0.0,1.556866,0.0,0.0,0.270865,0.212444,0.0,0.0,0.052552,0.321883,0.0,0.0
436,0.29477,0.925401,0.118208,0.82662,0.0,0.0,0.210791,0.03418,0.780521,0.953999,0.0,0.154671,0.771441,0.0,0.0,0.51971,0.555548,0.0,0.015605,0.0,0.0,0.536975,1.983745,1.15104,0.175625,0.205772,0.797577,0.0,0.409146,0.678375,1.378431,0.0,0.0,0.417519,0.130774,0.0,0.677769,0.165227,1.358617,0.566808,1.199866,0.159786,0.522628,1.48928,0.0,0.0,0.378986,0.0,0.0,0.0,0.0,1.001056,0.0,1.293347,0.0,0.0,0.269092,0.0,0.040952,0.0,0.0,0.315645,0.0,0.0
437,0.150039,1.033947,0.034408,0.896412,0.0,0.0,0.0,0.119331,0.820372,0.617805,0.0,0.143927,0.870646,0.131066,0.0,0.650037,0.556748,0.104845,0.0,0.041155,0.049919,0.558102,1.667861,1.089865,0.077189,0.071895,0.796037,0.0,0.293458,0.67894,1.175252,0.0,0.0,0.412243,0.236999,0.0,0.7727,0.311337,0.90416,0.661658,1.252318,0.120749,0.427729,1.254085,0.0,0.0,0.275944,0.0,0.0,0.352121,0.0,0.676669,0.0,1.083343,0.243744,0.0,0.44653,0.0,0.211188,0.0,0.0,0.369216,0.0,0.0
438,0.136633,1.050846,0.095803,0.775073,0.0,0.0,0.0,0.374482,0.811773,0.790126,0.0,0.223973,0.977704,0.43723,0.0,0.554868,0.605997,0.190155,0.172091,0.0,0.395315,0.529645,1.526503,0.699789,0.003799,0.212314,0.926695,0.007553,0.231339,0.573118,0.922426,0.0,0.0,0.199572,0.190161,0.027092,0.704688,0.747388,0.722746,0.705111,1.310162,0.443017,0.600072,1.047822,0.0,0.0,0.391448,0.0,0.031646,0.320976,0.0,0.64809,0.0,0.934876,0.054681,0.0,0.481633,0.0,0.327289,0.0,0.0,0.554511,0.0,0.0
439,0.115695,0.845408,0.191091,0.844574,0.0,0.0,0.0,0.666007,0.989043,0.423081,0.0,0.0,1.130027,0.4981,0.145099,0.612332,0.748628,0.365375,0.178458,0.013838,0.709818,0.695519,0.764851,0.481269,0.0,0.0,0.724622,0.014319,0.165575,0.625351,0.637769,0.038827,0.0,0.067204,0.274427,0.306342,0.297367,0.511147,0.416678,1.046285,0.996779,0.195413,0.442733,0.687247,0.003478,0.0,0.527561,0.0,0.142342,0.477065,0.0,0.578247,0.0,0.838273,0.186584,0.0,0.65274,0.0,0.447188,0.0,0.090823,0.618215,0.0,0.0
440,0.269536,0.799919,0.107097,0.951388,0.324505,0.0,0.0,0.763727,1.116989,0.32705,0.0,0.0,1.482239,0.652211,0.308238,0.687057,0.955793,0.595375,0.318964,0.10127,0.875667,0.897042,0.511347,0.373585,0.0,0.0,0.648848,0.117826,0.050059,0.797848,0.455637,0.246734,0.0,0.034462,0.458846,0.321586,0.338276,0.415561,0.378127,1.24073,0.914517,0.107588,0.445252,0.566988,0.079008,0.0,0.410808,0.0,0.264199,0.813374,0.0,0.258023,0.0,0.734483,0.408341,0.0,0.762806,0.0,0.496894,0.0,0.0,0.460146,0.0,0.0
441,0.241298,0.958195,0.15984,0.890334,0.482294,0.0,0.0,0.849904,1.244016,0.47395,0.0,0.0,1.594204,0.734536,0.403818,0.684028,1.024844,0.710773,0.262489,0.061162,1.06173,0.738287,0.532247,0.417912,0.0,0.013821,0.634551,0.072844,0.0,0.891977,0.36636,0.299912,0.0,0.0,0.647158,0.429378,0.495621,0.539442,0.094299,1.094733,1.073534,0.288863,0.499606,0.364185,0.115726,0.0,0.314767,0.0,0.549806,0.804987,0.0,0.126377,0.0,0.674706,0.447186,0.0,0.769104,0.0,0.668262,0.0,0.0,0.449114,0.0,0.0
442,0.389864,0.705532,0.0,0.76411,0.675687,0.0,0.0,0.582799,1.114761,0.375836,0.0,0.0,1.666961,0.800328,0.489153,0.672989,0.860246,0.864244,0.326692,0.0,0.963839,0.839601,0.227942,0.38751,0.0,0.16175,0.656808,0.25402,0.0,0.792674,0.26147,0.262976,0.0,0.0,0.789392,0.241775,0.708952,0.458319,0.084216,1.046677,0.783896,0.337072,0.420174,0.547932,0.140575,0.0,0.169706,0.0,0.5581,1.035129,0.0,0.024078,0.0,0.612032,0.533458,0.0,0.897171,0.0,0.654505,0.0,0.0,0.154923,0.0,0.0
443,0.166645,0.491816,0.0,0.653194,0.585656,0.0,0.0,0.554176,0.749067,0.598814,0.0,0.0,1.363177,0.690915,0.273207,0.868935,0.54197,0.691607,0.502752,0.0,0.950044,0.615135,0.119057,0.329616,0.0,0.134557,0.684414,0.486566,0.0,0.411503,0.068999,0.341767,0.0,0.0,0.482583,0.064023,1.05777,0.592213,0.250481,0.925631,0.971333,0.403787,0.533084,0.589932,0.194595,0.0,0.193655,0.0,0.646557,1.134423,0.0,0.198013,0.0,0.429752,0.432254,0.0,0.850431,0.0,0.807656,0.0,0.0,0.247292,0.0,0.013537
444,0.0,0.477902,0.009593,0.576713,0.452459,0.0,0.0,0.469241,0.672337,0.707526,0.0,0.0,1.172678,0.693903,0.166099,0.825306,0.51121,0.61254,0.423219,0.0,0.823499,0.48051,0.176934,0.182976,0.0,0.142679,0.523144,0.505235,0.0,0.333037,0.009965,0.28785,0.0,0.0,0.463891,0.094829,0.901102,0.470203,0.273081,0.818613,0.988936,0.464565,0.437395,0.585208,0.082134,0.0,0.292649,0.0,0.659973,0.93876,0.0,0.202241,0.0,0.332514,0.34127,0.0,0.73638,0.0,0.820549,0.0,0.0,0.349542,0.0,0.068651
445,0.0,0.219685,0.089232,0.510766,0.396911,0.0,0.0,0.405067,0.413065,0.542383,0.0,0.0,0.956819,0.641918,0.253455,0.725706,0.476286,0.455401,0.429422,0.0,0.581418,0.49674,0.085559,0.087308,0.0,0.148745,0.275524,0.354474,0.0,0.246244,0.005883,0.178098,0.0,0.0,0.376201,0.192149,0.597012,0.444369,0.240862,0.654817,0.778018,0.252732,0.430746,0.523154,0.068046,0.0,0.36522,0.0,0.561109,0.855097,0.0,0.338826,0.0,0.078057,0.343363,0.0,0.522423,0.0,0.711943,0.0,0.0,0.367916,0.0,0.32061
446,0.0,0.192857,0.129275,0.439253,0.118187,0.0,0.0,0.428102,0.287994,0.908084,0.0,0.193112,0.519515,0.568174,0.220593,0.436234,0.469178,0.290288,0.567435,0.053104,0.661125,0.427454,0.133449,0.105735,0.0,0.613507,0.118332,0.22133,0.0,0.037322,0.0,0.30331,0.0,0.059171,0.216864,0.248519,0.546668,0.826058,0.271886,0.404224,0.768662,0.503754,0.47925,0.465508,0.070233,0.0,0.381417,0.0,0.609807,0.90636,0.0,0.413757,0.073797,0.0,0.485746,0.0,0.447721,0.0,1.03368,0.0,0.0,0.280838,0.0,0.172048
447,0.0,0.195732,0.173598,0.279362,0.246081,0.0,0.0,0.452834,0.348074,0.894445,0.0,0.100265,0.530699,0.712553,0.0,0.341013,0.619278,0.310943,0.538997,0.0,0.564724,0.457676,0.377709,0.0,0.003435,0.711886,0.0,0.330932,0.0,0.07955,0.0,0.311792,0.0,0.009571,0.276318,0.456268,0.375296,0.640382,0.337638,0.275181,0.565777,0.722977,0.319526,0.420907,0.0,0.0,0.424321,0.0,0.491182,0.670893,0.0,0.552328,0.0,0.0,0.214763,0.0,0.30053,0.0,0.747627,0.0,0.124139,0.204802,0.0,0.189616
448,0.0,0.0,0.293618,0.24988,0.492221,0.0,0.0,0.613403,0.315604,0.625414,0.0,0.074205,0.392051,0.548965,0.070879,0.352823,0.756382,0.534951,0.469245,0.037073,0.619751,0.403699,0.194814,0.0,0.0,0.661709,0.002024,0.117057,0.0,0.029155,0.0,0.052815,0.0,0.0,0.234731,0.77321,0.0,0.573364,0.138519,0.2175,0.310046,0.492142,0.297007,0.049908,0.107232,0.0,0.380772,0.0,0.444364,0.651231,0.0,0.754609,0.144443,0.0,0.222656,0.0,0.174008,0.0,0.561289,0.0,0.130432,0.191852,0.0,0.533913
449,0.0,0.001392,0.379902,0.348042,0.669596,0.0,0.0,0.571868,0.32852,0.680093,0.0,0.016241,0.455707,0.661691,0.013446,0.4013,0.882187,0.486032,0.690607,0.134531,0.678118,0.515237,0.381631,0.0,0.106876,0.70326,0.0,0.325944,0.0,0.061526,0.0,0.152431,0.0,0.196348,0.28556,0.959749,0.0,0.612586,0.43978,0.297309,0.358983,0.500631,0.277509,0.264883,0.068092,0.0,0.515112,0.0,0.3938,0.689438,0.0,0.738044,0.0,0.0,0.236154,0.0,0.275249,0.0,0.597574,0.0,0.247598,0.19633,0.0,0.723058
