time_index,z0,z1,z2,z3,z4,z5,z6,z7,z8,z9,z10,z11,z12,z13,z14,z15,z16,z17,z18,z19,z20,z21,z22,z23,z24,z25,z26,z27,z28,z29,z30,z31,z32,z33,z34,z35,z36,z37,z38,z39,z40,z41,z42,z43,z44,z45,z46,z47
0,0.0,0.0,0.0,1.140422,0.0,1.630553,0.508138,0.0,0.0,1.809634,0.532081,0.919928,0.0,1.920552,0.197659,2.719605,0.0,1.177994,1.039943,0.345595,0.444314,0.0,0.0,0.01242,0.677927,0.088736,0.883079,0.0,0.0,1.708125,0.0,0.0,0.0,0.387179,2.356806,0.0,2.811261,0.0,1.145046,0.0,0.0,0.0,0.0,0.492055,0.0,0.01712,0.811267,0.047614
1,0.0,0.018224,0.0,0.899035,0.0,1.606342,0.45561,0.0,0.0,1.584449,0.545527,0.885293,0.0,2.060649,0.049555,2.502701,0.256894,1.190384,1.352386,0.511909,0.590162,0.0,0.0,0.0,0.446625,0.196489,0.717136,0.099361,0.0,1.578979,0.0,0.0,0.0,0.475783,2.308614,0.0,2.5779,0.0,1.083639,0.0,0.0,0.0,0.0,0.240512,0.0,0.132688,0.868996,0.50703
2,0.0,0.130965,0.0,0.872821,0.0,1.486532,0.753824,0.0,0.0,1.087274,0.493587,0.833721,0.0,1.872551,0.173605,2.128451,0.395872,1.053601,1.23736,0.523359,0.500385,0.0,0.0,0.0,0.608401,0.069886,0.539481,0.384301,0.0,1.396602,0.0,0.0,0.0,0.414641,1.931603,0.0,2.16024,0.0,1.016687,0.0,0.0,0.0,0.0,0.256868,0.0,0.149888,0.780095,0.528522
3,0.0,0.494597,0.0,0.641584,0.0,1.234905,0.508547,0.0,0.0,0.753965,0.362432,0.756234,0.0,1.665134,0.23018,1.65836,0.787201,0.976084,0.982381,0.141545,0.479996,0.0,0.085556,0.0,0.590037,0.381276,0.669254,0.502277,0.0,1.125844,0.0,0.0,0.0,0.448815,1.602356,0.0,1.859262,0.0,0.971528,0.0,0.0,0.0,0.0,0.237852,0.0,0.177646,0.778986,0.461718
4,0.078714,0.831259,0.0,0.545812,0.0,0.971241,0.318504,0.0,0.051586,0.555256,0.22968,0.774266,0.0,1.244243,0.220502,1.294014,1.006912,0.819158,0.863666,0.053633,0.454017,0.0,0.18749,0.0,0.501916,0.639447,0.57348,0.658117,0.0,0.871589,0.0,0.0,0.0,0.187129,1.357637,0.0,1.600318,0.0,0.840114,0.0,0.0,0.0,0.013957,0.074593,0.0,0.011203,0.683968,0.471488
5,0.0,0.806003,0.0,0.301181,0.011086,0.845838,0.225455,0.0,0.110533,0.257078,0.452819,0.486339,0.0,1.078905,0.301232,0.948572,0.988906,0.697625,0.805933,0.098464,0.331238,0.196235,0.0,0.0,0.344356,0.601916,0.403868,0.647726,0.0,0.699237,0.0,0.0,0.0,0.019595,0.91989,0.0,1.093614,0.0,0.731291,0.0,0.0,0.0,0.146146,0.111014,0.0,0.0,0.489492,0.670337
6,0.034759,0.766536,0.0,0.187654,0.0,0.614521,0.085616,0.0,0.150345,0.330456,0.32701,0.570619,0.0,0.876361,0.365558,0.888811,0.878327,0.444984,0.632827,0.094392,0.307336,0.205088,0.0,0.0,0.379076,0.658801,0.245833,0.612025,0.0,0.616064,0.0,0.0,0.0,0.0,0.678163,0.0,0.944433,0.0,0.593434,0.0,0.0,0.0,0.219597,0.0,0.0,0.0,0.462501,0.481141
7,0.232162,0.648433,0.0,0.110639,0.0,0.581251,0.106251,0.0,0.137107,0.418806,0.117037,0.85961,0.0,0.818008,0.440692,0.916735,0.781659,0.371743,0.46584,0.139547,0.373755,0.226097,0.006485,0.0,0.477055,0.571333,0.10014,0.444333,0.0,0.679284,0.01586,0.0,0.0,0.0563,0.655312,0.0,0.837078,0.0,0.567321,0.0,0.0,0.211076,0.22878,0.0,0.0,0.0,0.444262,0.395217
8,0.290506,0.617426,0.0,0.097466,0.0,0.520555,0.0,0.0,0.225683,0.351144,0.241153,0.704847,0.0,0.751521,0.412131,0.947186,1.113789,0.55004,0.635345,0.131373,0.529245,0.177504,0.243908,0.0,0.356118,0.634234,0.354228,0.347899,0.0,0.21316,0.0,0.0,0.0,0.0,0.575103,0.0,0.723024,0.0,0.351182,0.0,0.0,0.088032,0.054676,0.0,0.0,0.0,0.463012,0.584656
9,0.498249,0.569965,0.0,0.159932,0.0,0.723034,0.0,0.0,0.135566,0.45307,0.149392,0.869481,0.007624,0.644665,0.269477,1.083725,1.027469,0.597768,0.666138,0.355143,0.567014,0.286996,0.277607,0.0,0.171606,0.628122,0.434363,0.079684,0.011688,0.297276,0.068666,0.0,0.041893,0.111851,0.760873,0.0,0.706118,0.0,0.121376,0.0,0.0,0.212103,0.0,0.0,0.0,0.0,0.364951,0.894085
10,0.158753,0.48109,0.163078,0.349977,0.0,0.491521,0.170914,0.0,0.160063,0.39492,0.200291,0.783634,0.070474,0.42522,0.36292,1.021799,1.177546,0.567368,0.53483,0.322321,0.576903,0.345646,0.32843,0.0,0.020631,0.318895,0.484225,0.138413,0.320906,0.135095,0.0,0.0,0.183164,0.0,0.443462,0.0,0.436099,0.0,0.021812,0.0,0.0,0.192105,0.0,0.0,0.0,0.0,0.216677,0.843501
11,0.0,0.548176,0.109149,0.588234,0.0,0.247042,0.412226,0.0,0.26145,0.458346,0.239695,0.758726,0.0,0.263434,0.565731,1.004611,1.203417,0.582637,0.429932,0.341514,0.609981,0.406091,0.234039,0.0,0.0,0.105723,0.510325,0.205266,0.624359,0.111042,0.0,0.0,0.421183,0.0,0.247501,0.0,0.270109,0.0,0.039332,0.0,0.0,0.068059,0.0,0.0,0.0,0.0,0.025642,0.7703
12,0.118069,0.683885,0.137057,0.52043,0.0,0.249732,0.325987,0.0,0.472531,0.376091,0.094877,0.900888,0.020418,0.162079,0.594346,0.706076,1.225939,0.489703,0.13293,0.139771,0.686999,0.362115,0.360918,0.0,0.0,0.281915,0.406947,0.196069,0.719992,0.0,0.0,0.0,0.496954,0.0,0.082557,0.0,0.155199,0.0,0.070328,0.0,0.0,0.0,0.305864,0.0,0.0,0.0,0.0,0.504516
13,0.190627,0.841962,0.116603,0.585732,0.0,0.185194,0.299202,0.0,0.387191,0.354796,0.0,1.052155,0.0,0.067289,0.73842,0.72774,1.061575,0.415227,0.0,0.11082,0.804497,0.602618,0.242852,0.0,0.0,0.308721,0.411635,0.152601,0.751463,0.053973,0.0,0.0,0.627022,0.0,0.044327,0.0,0.067977,0.0,0.030553,0.0,0.0,0.0,0.409329,0.0,0.0,0.0,0.0,0.474777
14,0.0,0.946371,0.032734,0.695685,0.310247,0.26306,0.208458,0.0,0.584685,0.279844,0.043648,0.999352,0.0,0.0,0.824537,0.637825,1.124872,0.447227,0.080929,0.269393,0.938986,0.622711,0.0,0.150813,0.0,0.398078,0.658033,0.007366,0.697434,0.013623,0.0,0.0,0.692108,0.0,0.0,0.0,0.028075,0.0,0.230089,0.171623,0.0,0.0,0.464766,0.0,0.003918,0.0,0.0,0.38292
15,0.0,0.918553,0.0,0.745944,0.432771,0.271192,0.129355,0.0,0.495204,0.332822,0.144691,0.9618,0.0,0.13513,0.962504,0.935103,1.057721,0.307691,0.235497,0.371955,1.134254,0.638387,0.0,0.550077,0.0,0.407815,0.908594,0.0,0.706112,0.056545,0.0,0.0,0.659267,0.0,0.0,0.0,0.151576,0.0,0.363485,0.327344,0.0,0.0,0.31523,0.0,0.0,0.0,0.0,0.302273
16,0.0,0.840357,0.010202,0.75111,0.510165,0.291812,0.12503,0.0,0.677078,0.173384,0.181061,0.681189,0.0,0.083092,0.75969,0.797887,1.045382,0.399837,0.065125,0.24214,0.988228,0.517775,0.0,0.355042,0.0,0.342608,0.747507,0.0,0.495375,0.0,0.0,0.0,0.764545,0.0,0.0,0.0,0.253767,0.0,0.418165,0.278369,0.0,0.0,0.330193,0.0,0.206657,0.0,0.0,0.124211
17,0.0,0.624451,0.0,0.76645,0.264387,0.271334,0.161006,0.0,0.440067,0.185008,0.014507,0.615755,0.0,0.181713,0.705281,0.849908,0.665885,0.367911,0.034545,0.13456,0.752546,0.593185,0.0,0.428683,0.0,0.114348,0.548694,0.0,0.503216,0.068975,0.0,0.0,0.59026,0.0,0.169994,0.0,0.311101,0.0,0.313303,0.196176,0.0,0.0,0.151021,0.0,0.035809,0.0,0.0,0.138675
18,0.093318,0.520863,0.103791,0.767855,0.0,0.457405,0.134573,0.141396,0.577923,0.0,0.0,0.424791,0.13599,0.101185,0.502284,0.614278,0.519938,0.352862,0.0,0.204988,0.593558,0.394218,0.218925,0.28308,0.0,0.205743,0.188466,0.0,0.428264,0.0,0.0,0.0,0.251897,0.187,0.29595,0.0,0.316319,0.0,0.115914,0.10464,0.0,0.0,0.295973,0.0,0.032936,0.0,0.272297,0.0
19,0.0,0.27851,0.207572,0.662589,0.132277,0.406305,0.0,0.29676,0.702475,0.0,0.076591,0.189264,0.195023,0.035366,0.507947,0.64119,0.643294,0.47164,0.0,0.242235,0.597591,0.297803,0.298396,0.283521,0.0,0.273626,0.295392,0.0,0.237445,0.0,0.0,0.0,0.306832,0.387675,0.17824,0.0,0.337426,0.0,0.221662,0.09081,0.0,0.0,0.354335,0.0,0.154953,0.0,0.277523,0.0
20,0.0,0.145114,0.256651,0.718012,0.0,0.500307,0.0,0.403165,0.578904,0.0,0.143966,0.069295,0.110606,0.043708,0.384086,0.94293,0.589021,0.648245,0.038411,0.329778,0.480931,0.37096,0.242902,0.301738,0.0,0.27542,0.430103,0.0,0.0,0.0,0.0,0.0,0.335068,0.494336,0.410829,0.169639,0.459665,0.0,0.220692,0.064868,0.0,0.0,0.141091,0.02712,0.141867,0.0,0.263687,0.0
21,0.0,0.069666,0.197893,0.70659,0.0,0.415963,0.005074,0.314139,0.556113,0.0,0.065072,0.089127,0.046814,0.081497,0.204302,1.000173,0.635673,0.705211,0.174207,0.235283,0.389131,0.316185,0.243263,0.431097,0.0,0.079635,0.354786,0.0,0.0,0.0,0.0,0.0,0.241989,0.574304,0.516696,0.203402,0.460962,0.0,0.213583,0.0,0.0,0.0,0.124282,0.004483,0.064123,0.0,0.32396,0.0
22,0.0,0.0,0.32443,0.840632,0.0,0.443932,0.205168,0.436696,0.411094,0.040695,0.167735,0.0,0.013091,0.349037,0.265069,1.188115,0.733317,0.780758,0.203635,0.378165,0.421885,0.243625,0.279429,0.370662,0.0,0.0,0.395482,0.0,0.0,0.0,0.0,0.0,0.264428,0.721538,0.623251,0.297303,0.478422,0.0,0.176369,0.0,0.0,0.009924,0.0,0.0,0.0,0.0,0.298653,0.0
23,0.0,0.043354,0.330753,0.831375,0.0,0.650982,0.105362,0.537806,0.290183,0.092237,0.181679,0.0,0.199654,0.185882,0.101828,1.300047,0.769805,0.955528,0.242591,0.56189,0.310216,0.297289,0.2957,0.357167,0.0,0.07625,0.288061,0.0,0.0,0.0,0.0,0.0,0.249135,0.826493,0.678322,0.455356,0.483022,0.0,0.089522,0.0,0.0,0.097897,0.0,0.023598,0.0,0.0,0.314457,0.0
24,0.0,0.0,0.401745,0.892874,0.0,0.622611,0.282702,0.498127,0.264623,0.178958,0.158627,0.0,0.21711,0.404414,0.075483,1.308466,0.975429,0.883584,0.292608,0.53127,0.478706,0.261742,0.294565,0.273709,0.0,0.0,0.354695,0.0,0.0,0.0,0.0,0.0,0.258637,0.849947,0.776825,0.401243,0.409702,0.0,0.074035,0.0,0.0,0.070995,0.0,0.0,0.0,0.0,0.202272,0.0
25,0.0,0.0,0.318816,0.8083,0.0,0.571795,0.129676,0.562889,0.233697,0.120047,0.272988,0.0,0.033847,0.224505,0.179639,1.491987,0.860801,0.982246,0.196929,0.471434,0.425871,0.206411,0.42253,0.208222,0.0,0.0,0.35683,0.0,0.0,0.0,0.0,0.0,0.377644,0.727376,0.793956,0.301001,0.519056,0.0,0.130772,0.0,0.0,0.129096,0.0,0.099402,0.0,0.0,0.24778,0.0
26,0.0,0.0,0.251698,0.618884,0.0,0.526664,0.016243,0.495033,0.239906,0.106027,0.128016,0.065173,0.0,0.231258,0.159008,1.386009,0.767401,0.939075,0.181521,0.369614,0.452442,0.192484,0.368475,0.176817,0.0,0.0,0.241526,0.0,0.0,0.0,0.0,0.0,0.28245,0.649311,0.896246,0.289746,0.675449,0.0,0.099301,0.0,0.0,0.167002,0.0,0.057161,0.0,0.0,0.368976,0.0
27,0.026784,0.0,0.282812,0.44535,0.0,0.571641,0.0,0.517222,0.332834,0.177012,0.18669,0.129148,0.0,0.305944,0.156802,1.272022,0.770936,0.81107,0.201811,0.337286,0.487369,0.12439,0.435881,0.051763,0.0,0.217034,0.318363,0.0,0.0,0.0,0.0,0.0,0.305383,0.638761,0.805251,0.297186,0.733319,0.0,0.183653,0.0,0.0,0.18874,0.045504,0.032787,0.055429,0.0,0.327545,0.0
28,0.0,0.0,0.167242,0.52019,0.0,0.527841,0.043407,0.50025,0.252171,0.0,0.084924,0.187678,0.062275,0.28768,0.091933,1.154348,0.663322,0.656334,0.053016,0.389245,0.234848,0.30863,0.261091,0.31045,0.0,0.0,0.138834,0.0,0.0,0.0,0.0,0.0,0.356489,0.727108,0.690376,0.367518,0.499589,0.0,0.247112,0.0,0.0,0.181465,0.166467,0.150989,0.068112,0.0,0.376941,0.0
29,0.0,0.052179,0.046518,0.593805,0.0,0.671125,0.172771,0.160601,0.062702,0.11889,0.0,0.231807,0.069509,0.404432,0.0,1.125288,0.43735,0.524963,0.266391,0.467724,0.158503,0.568283,0.094696,0.408441,0.0,0.072148,0.118825,0.0,0.0,0.0,0.0,0.0,0.276446,0.795531,0.884544,0.555644,0.574997,0.0,0.272981,0.0,0.0,0.066731,0.0,0.059338,0.0,0.0,0.442722,0.0
30,0.0,0.125205,0.058065,0.615261,0.0,0.620497,0.168407,0.027068,0.096193,0.122803,0.012363,0.244455,0.0,0.549721,0.070913,1.089392,0.380061,0.377194,0.456064,0.407218,0.17292,0.669966,0.0,0.380967,0.0,0.293023,0.367087,0.0,0.0,0.041948,0.069119,0.0,0.338434,0.729253,0.765543,0.48752,0.638358,0.0,0.451931,0.0,0.0,0.019514,0.0,0.032156,0.0,0.0,0.429156,0.110819
31,0.0,0.23719,0.0,0.652346,0.0,0.704802,0.022596,0.023895,0.074362,0.12844,0.0,0.376581,0.0,0.275562,0.02337,0.979197,0.262479,0.44992,0.434754,0.514157,0.092455,0.829382,0.0,0.316414,0.0,0.474048,0.295762,0.0,0.0,0.0,0.081577,0.0,0.529899,0.562162,0.817111,0.524483,0.5765,0.0,0.413085,0.0,0.0,0.0,0.0,0.035011,0.0,0.0,0.351392,0.041952
32,0.0,0.127182,0.0,0.50383,0.228109,0.491321,0.014179,0.094367,0.283049,0.109263,0.0,0.399823,0.0,0.452159,0.133801,0.701987,0.243285,0.177616,0.480902,0.273981,0.350755,0.525419,0.0,0.382728,0.0,0.341294,0.504768,0.0,0.0,0.0,0.319617,0.0,0.549498,0.518139,0.493804,0.547383,0.511739,0.0,0.617311,0.0,0.0,0.032008,0.056605,0.123179,0.0,0.0,0.314005,0.0
33,0.0,0.156364,0.0,0.485029,0.469472,0.391676,0.101953,0.155754,0.183787,0.248369,0.0,0.545935,0.0,0.296807,0.159677,0.447036,0.247278,0.119587,0.556229,0.230163,0.460397,0.343225,0.0,0.400378,0.0,0.280247,0.419918,0.019925,0.0,0.0,0.401051,0.0,0.484064,0.467017,0.464955,0.581453,0.455863,0.0,0.6278,0.0,0.0,0.157331,0.324268,0.213485,0.0,0.0,0.488554,0.0
34,0.0,0.331188,0.0,0.364614,0.271231,0.526934,0.15004,0.0,0.0,0.295526,0.0,0.490143,0.0,0.285635,0.045696,0.618265,0.064462,0.150283,0.578253,0.501049,0.475414,0.579118,0.0,0.302711,0.0,0.533821,0.287916,0.140177,0.0,0.23063,0.346481,0.0,0.525707,0.480544,0.783504,0.67928,0.530058,0.0,0.507858,0.0,0.0,0.403375,0.035919,0.130025,0.0,0.0,0.536285,0.0
35,0.0,0.404855,0.0,0.330719,0.148313,0.65114,0.061182,0.072147,0.0,0.334273,0.074182,0.412887,0.0,0.349626,0.168134,0.858046,0.039723,0.446418,0.593837,0.554373,0.533983,0.732418,0.0,0.341715,0.0,0.754628,0.386827,0.074578,0.0,0.284426,0.206101,0.0,0.631339,0.660577,0.790547,0.67858,0.410138,0.0,0.365205,0.0,0.0,0.617436,0.033358,0.255594,0.0,0.013111,0.345855,0.048803
36,0.0,0.239542,0.0,0.603375,0.356091,0.475406,0.522676,0.090736,0.0,0.410482,0.048707,0.441375,0.0,0.470111,0.025618,0.638268,0.323556,0.531714,0.411512,0.437927,0.423344,0.560122,0.0,0.421648,0.0,0.327565,0.147739,0.267563,0.103836,0.417727,0.0,0.0,0.617907,0.713181,0.934483,0.751381,0.517508,0.0,0.423906,0.002683,0.0,0.385729,0.0,0.237785,0.0,0.062625,0.557372,0.014881
37,0.0,0.14831,0.0,0.589808,0.422683,0.173053,0.420063,0.41066,0.0,0.608319,0.152433,0.086116,0.0,0.56634,0.205211,0.383441,0.365089,0.554969,0.281476,0.337219,0.501015,0.272786,0.0,0.500686,0.153445,0.211205,0.076218,0.157296,0.300651,0.441263,0.0,0.0,0.581376,0.425856,0.610233,0.642272,0.432511,0.0,0.202235,0.0,0.0,0.330237,0.059692,0.483463,0.0,0.0,0.384558,0.0
38,0.0,0.0,0.0,0.627298,0.324868,0.001192,0.2608,0.589737,0.0,0.80213,0.210313,0.0,0.0,0.776917,0.286134,0.241007,0.431638,0.548337,0.224587,0.205971,0.491034,0.183679,0.0,0.450749,0.42661,0.350777,0.0,0.0,0.457047,0.547044,0.0,0.0,0.552398,0.270364,0.305713,0.497796,0.23024,0.0,0.215134,0.0,0.0,0.167191,0.132176,0.670898,0.0,0.0,0.319899,0.0
39,0.0,0.123795,0.125971,0.945666,0.323122,0.275905,0.318998,0.827544,0.0,0.685118,0.25111,0.0,0.0,0.65351,0.24886,0.360593,0.486933,0.864254,0.0,0.434165,0.722561,0.0,0.0,0.673761,0.250492,0.169902,0.057778,0.0,0.521629,0.639268,0.0,0.0,0.54455,0.290346,0.386328,0.602093,0.086367,0.0,0.0,0.0,0.0,0.432975,0.199139,0.579915,0.0,0.0,0.0,0.0
40,0.0,0.0,0.0,1.016657,0.183291,0.0,0.165378,0.780886,0.0,1.148092,0.231962,0.0,0.0,0.478056,0.0,0.253278,0.249329,0.831417,0.112003,0.209821,0.503622,0.0,0.0,0.624157,0.338133,0.052388,0.000902,0.013572,0.530177,0.76687,0.0,0.0,0.572263,0.0,0.338767,0.683704,0.33328,0.0,0.005034,0.020079,0.0,0.0,0.0,0.74661,0.0,0.0,0.128004,0.0
41,0.0,0.0,0.019365,1.449024,0.175226,0.0,0.367162,0.901617,0.0,1.190035,0.270842,0.0,0.0,0.483988,0.021906,0.377181,0.272411,0.852015,0.015934,0.376041,0.556951,0.0,0.0,0.71834,0.252102,0.0,0.083932,0.0,0.64779,0.813359,0.0,0.0,0.546063,0.017523,0.433241,0.775681,0.40712,0.0,0.0,0.102049,0.0,0.0,0.0,0.682823,0.0,0.0,0.0,0.0
42,0.0,0.009629,0.0814,1.682544,0.059781,0.222931,0.583786,0.91804,0.0,1.029692,0.352721,0.0,0.0,0.671509,0.040714,0.573408,0.280412,0.872826,0.083538,0.511689,0.504185,0.0,0.0,0.846978,0.171,0.0,0.194575,0.0,0.571177,0.708753,0.0,0.0,0.339163,0.331443,0.495344,0.924855,0.435949,0.0,0.090472,0.118095,0.0,0.0,0.0,0.489133,0.0,0.0,0.0,0.0
43,0.0,0.0,0.0,1.459975,0.0,0.103567,0.404471,0.814169,0.0,0.938801,0.208686,0.0,0.0,0.794551,0.0,0.277245,0.145612,0.613001,0.313963,0.083297,0.041852,0.0,0.0,0.643745,0.162641,0.0,0.295399,0.0,0.499248,0.425291,0.0,0.0,0.006371,0.321042,0.275527,0.690265,0.415511,0.0,0.212228,0.009114,0.0,0.0,0.117273,0.550602,0.0,0.0,0.147954,0.0
44,0.0,0.0,0.0,1.110976,0.0,0.349515,0.394601,0.528017,0.0,0.862715,0.479816,0.0,0.0,1.109275,0.071202,0.533471,0.0,0.655591,0.755067,0.114206,0.0,0.0,0.0,0.583255,0.175968,0.174571,0.614573,0.0,0.448374,0.247711,0.0,0.0,0.0,0.683586,0.203402,0.696719,0.504838,0.0,0.617872,0.086531,0.0,0.0,0.089767,0.55969,0.0,0.0,0.463588,0.0
45,0.0,0.0,0.0,0.909161,0.0,0.32504,0.286923,0.289403,0.067483,0.958201,0.492497,0.0,0.0,1.153073,0.106698,0.541027,0.0,0.633491,0.853865,0.0,0.0,0.0,0.027467,0.540162,0.146797,0.303436,0.709261,0.0,0.460824,0.276391,0.028157,0.0,0.0,0.819089,0.266764,0.550757,0.817481,0.0,0.887405,0.22021,0.0,0.0,0.14725,0.639645,0.0,0.005709,0.687029,0.0
46,0.0,0.0,0.0,0.808817,0.0,0.367028,0.230174,0.1834,0.026317,1.050735,0.70666,0.0,0.0,1.214593,0.446034,0.635274,0.0,0.431669,0.90435,0.0,0.0,0.0,0.120442,0.97611,0.390893,0.10556,0.627262,0.0,0.702323,0.130909,0.242455,0.0,0.0,0.793371,0.155618,0.58569,0.740731,0.0,1.094332,0.541273,0.0,0.0,0.225185,0.775624,0.0,0.070256,0.643383,0.0
47,0.0,0.0,0.0,0.52151,0.0,0.107703,0.081349,0.007313,0.0,1.164928,0.866052,0.0,0.0,1.32741,0.559615,0.49155,0.0,0.052953,1.005111,0.0,0.0,0.0,0.12392,1.274015,0.557056,0.07148,0.620393,0.0,0.863526,0.280911,0.471282,0.0,0.0,0.713487,0.0,0.460171,0.79409,0.0,1.332969,0.726065,0.0,0.0,0.168829,0.906767,0.0,0.0,0.797029,0.0
48,0.0,0.0,0.0,0.711401,0.112411,0.170884,0.207217,0.170424,0.0,1.25714,0.439543,0.0,0.0,1.121343,0.438111,0.283267,0.0,0.095273,0.58983,0.0,0.152524,0.0,0.0,1.266909,0.361503,0.0,0.356338,0.0,0.770617,0.631945,0.231295,0.0,0.0,0.461316,0.178297,0.287796,0.70604,0.0,1.04257,0.546283,0.0,0.0,0.251275,0.74656,0.0,0.0,0.553169,0.0
49,0.0,0.161257,0.0,0.767519,0.222736,0.194856,0.395375,0.379019,0.0,1.008607,0.230235,0.0,0.0,0.885641,0.502655,0.066148,0.0,0.125039,0.208193,0.0,0.489777,0.0,0.0,1.448509,0.352137,0.0,0.334888,0.0,0.778838,0.652038,0.057028,0.0,0.0,0.362369,0.119349,0.383228,0.488015,0.0,0.820387,0.568413,0.0,0.0,0.441675,0.609418,0.0,0.0,0.216901,0.0
50,0.0,0.43111,0.0,0.658145,0.206874,0.252648,0.248032,0.223611,0.0,0.681061,0.242662,0.040222,0.0,0.656296,0.456762,0.0,0.0,0.101558,0.459437,0.036602,0.569325,0.011356,0.0,1.445677,0.210014,0.0,0.646555,0.0,0.737389,0.649947,0.113346,0.0,0.0,0.346521,0.0,0.456391,0.227715,0.0,0.899731,0.629885,0.0,0.0,0.440795,0.348392,0.0,0.0,0.056301,0.0
51,0.0,0.521764,0.0,0.776928,0.398491,0.245676,0.378401,0.298081,0.0,0.563612,0.200704,0.186534,0.0,0.607655,0.582748,0.0,0.000892,0.17879,0.195723,0.113633,0.765945,0.0,0.0,1.390048,0.134587,0.0,0.639682,0.0,0.561297,0.725883,0.008778,0.0,0.056896,0.239083,0.000523,0.367226,0.238757,0.0,0.758742,0.498058,0.0,0.0,0.550766,0.134481,0.0,0.0,0.0,0.0
52,0.0,0.619128,0.099428,0.772833,0.426649,0.079614,0.415731,0.420028,0.0,0.587438,0.228636,0.16405,0.0,0.577487,0.597216,0.0,0.0,0.130492,0.042945,0.04738,0.741292,0.135237,0.0,0.884368,0.206449,0.0,0.316556,0.0,0.354646,0.751237,0.0,0.0,0.362368,0.0,0.0,0.016178,0.225185,0.0,0.553427,0.135381,0.0,0.0,0.452949,0.230022,0.0,0.0,0.0,0.025347
53,0.0,0.632492,0.195245,0.866238,0.340432,0.007026,0.408007,0.434213,0.0,0.634227,0.000786,0.154915,0.0,0.378928,0.542169,0.0,0.0,0.121749,0.056369,0.032729,0.614149,0.14246,0.0,0.73705,0.199064,0.0,0.309095,0.0,0.211204,0.818222,0.0,0.0,0.402203,0.0,0.104087,0.186912,0.301219,0.0,0.485596,0.127929,0.0,0.0,0.352585,0.283876,0.0,0.0,0.0,0.0
54,0.0,0.653526,0.128646,0.869386,0.292413,0.0,0.252419,0.463588,0.0,0.668343,0.0,0.0,0.0,0.414199,0.265152,0.0,0.0,0.048792,0.088593,0.0,0.547273,0.011106,0.0,0.524743,0.105743,0.0,0.199183,0.0,0.390391,0.570239,0.0,0.0,0.415799,0.0,0.127669,0.26069,0.296503,0.0,0.544733,0.155018,0.0,0.0,0.162858,0.282544,0.0,0.0,0.059434,0.0
55,0.0,0.555796,0.12175,0.904622,0.187189,0.0,0.282534,0.474716,0.0,0.60528,0.0,0.0,0.0,0.2557,0.162381,0.0,0.014988,0.180429,0.117204,0.0,0.444555,0.0,0.000112,0.613888,0.049358,0.0,0.335441,0.0,0.499932,0.505561,0.0,0.0,0.325098,0.0,0.033975,0.329868,0.205374,0.0,0.577263,0.218323,0.0,0.0,0.226921,0.311644,0.0,0.0,0.03881,0.0
56,0.0,0.593023,0.144365,0.842257,0.194641,0.181335,0.344003,0.544314,0.0,0.459131,0.098289,0.267977,0.0,0.450651,0.401536,0.083432,0.182714,0.295834,0.316409,0.143171,0.741649,0.036898,0.0,0.650115,0.027025,0.0,0.627073,0.0,0.381835,0.667905,0.0,0.0,0.214706,0.0,0.0,0.166715,0.052283,0.0,0.326993,0.29026,0.0,0.0,0.363325,0.20493,0.0,0.0,0.0,0.14306
57,0.0,0.434164,0.260613,0.975651,0.288869,0.015946,0.640589,0.718579,0.0,0.736478,0.228878,0.347999,0.0,0.568431,0.624357,0.203306,0.322946,0.183539,0.225888,0.369968,1.111083,0.0,0.0,0.947883,0.102383,0.0,0.820595,0.0,0.619244,0.985821,0.0,0.0,0.283116,0.0,0.0,0.052216,0.07963,0.0,0.241111,0.263089,0.0,0.0,0.49193,0.133947,0.0,0.0,0.0,0.130718
58,0.0,0.478399,0.565237,1.142664,0.31106,0.0,0.89018,0.961991,0.0,0.711343,0.201547,0.384042,0.0,0.292274,0.707734,0.017812,0.494641,0.443478,0.0,0.314345,1.25009,0.0,0.0,0.847523,0.028486,0.0,0.535395,0.0,0.699845,1.122563,0.0,0.0,0.69723,0.0,0.0,0.0,0.075593,0.0,0.019149,0.240225,0.0,0.0719,0.530356,0.157452,0.0,0.0,0.0,0.124818
59,0.0,0.292874,0.470178,1.179714,0.2081,0.0,0.785881,1.117599,0.0,0.828454,0.031272,0.093958,0.0,0.0,0.473498,0.0,0.596318,0.610496,0.0,0.055811,1.043463,0.0,0.103525,0.603099,0.0,0.0,0.061212,0.0,0.754039,0.752991,0.0,0.0,0.899494,0.0,0.0,0.184664,0.109392,0.0,0.0,0.192846,0.0,0.0,0.275344,0.300469,0.0,0.0,0.0,0.0
60,0.0,0.253009,0.277157,0.931003,0.023273,0.0,0.362529,1.040885,0.0,0.665671,0.0,0.062302,0.0,0.0,0.196486,0.0,0.447863,0.612773,0.041674,0.0,0.732001,0.0,0.028297,0.736207,0.0,0.0,0.202101,0.0,0.600172,0.483785,0.0,0.0,0.638112,0.0,0.0,0.490165,0.0,0.0,0.0,0.34997,0.0,0.0,0.365891,0.192497,0.0,0.0,0.0,0.0
61,0.0,0.358306,0.492117,0.800534,0.095175,0.0,0.519913,1.063622,0.209791,0.406379,0.115685,0.209496,0.0,0.0,0.524228,0.0,0.734617,0.640748,0.077434,0.260946,1.00115,0.0,0.08252,0.538286,0.0,0.0,0.258816,0.0,0.779611,0.374389,0.0,0.0,0.526252,0.0,0.0,0.176974,0.0,0.0,0.0,0.325626,0.0,0.084236,0.574305,0.0,0.0,0.0,0.0,0.02236
62,0.0,0.434577,0.396595,0.692848,0.0,0.148323,0.358655,0.884994,0.120535,0.122896,0.083412,0.046082,0.16614,0.0,0.32287,0.0,0.958834,0.848756,0.184216,0.271734,0.789393,0.0,0.15078,0.276895,0.0,0.120996,0.128834,0.0,0.587016,0.020414,0.0,0.0,0.515377,0.199171,0.0,0.274453,0.0,0.0,0.0,0.180192,0.0,0.0,0.423711,0.0,0.0,0.0,0.0,0.209366
63,0.0,0.151052,0.349264,0.831922,0.0,0.0,0.50694,0.95348,0.145746,0.373681,0.33566,0.098684,0.0,0.037922,0.539781,0.329082,0.938459,0.725502,0.0,0.525778,0.93393,0.0,0.012677,0.623619,0.0,0.0,0.066309,0.0,0.945278,0.137998,0.0,0.0,0.533899,0.134471,0.0,0.127672,0.005829,0.0,0.0,0.21285,0.0,0.051536,0.374172,0.080457,0.0,0.0,0.0,0.0
64,0.0,0.030307,0.450378,0.933143,0.0,0.0,0.58001,1.066752,0.252947,0.442366,0.504026,0.0,0.0,0.071881,0.451567,0.314116,1.133749,0.962374,0.0,0.62452,0.975292,0.0,0.026244,0.700497,0.0,0.0,0.0,0.0,1.138574,0.0,0.0,0.0,0.443247,0.358156,0.0,0.324474,0.179446,0.0,0.0,0.288562,0.0,0.022629,0.220676,0.091098,0.0,0.0,0.0,0.0
65,0.0,0.0,0.209628,0.941099,0.0,0.125848,0.25715,0.995226,0.253883,0.33515,0.48564,0.0,0.0,0.194373,0.454102,0.672236,0.934309,0.900705,0.0,0.615777,0.695835,0.0,0.0,0.850777,0.0,0.0,0.125129,0.0,1.015609,0.0,0.0,0.0,0.368263,0.593688,0.0,0.325874,0.16076,0.0,0.0,0.294911,0.0,0.0,0.296764,0.247852,0.0,0.0,0.0,0.0
66,0.0,0.0,0.12375,1.066776,0.138505,0.213285,0.377121,0.98372,0.074212,0.570895,0.773122,0.0,0.0,0.52952,0.619931,0.922002,0.939545,0.888179,0.0,0.737125,0.863898,0.0,0.0,0.941561,0.0,0.0,0.325014,0.0,1.066537,0.0,0.0,0.0,0.296356,0.691435,0.037924,0.265107,0.255512,0.0,0.010855,0.271774,0.0,0.0,0.11629,0.36588,0.0,0.0,0.0,0.0
67,0.0,0.0,0.054848,0.811117,0.0,0.347084,0.277477,0.588788,0.039192,0.32293,0.516105,0.0,0.0,0.588658,0.370181,0.763315,0.434359,0.761336,0.191644,0.264021,0.394092,0.0,0.057393,0.839779,0.0,0.0,0.35322,0.0,0.737436,0.0,0.0,0.0,0.062202,0.694051,0.0,0.290782,0.395738,0.0,0.252266,0.180113,0.0,0.0,0.243177,0.408744,0.0,0.0,0.213093,0.0
68,0.0,0.181162,0.072613,0.751886,0.0,0.40557,0.194707,0.540019,0.158323,0.320796,0.409291,0.0,0.0,0.518647,0.111856,0.459668,0.16582,0.707458,0.182709,0.0,0.199613,0.0,0.090791,0.601788,0.0,0.19513,0.463471,0.0,0.488665,0.0,0.0,0.0,0.146631,0.490441,0.0,0.364851,0.496107,0.0,0.380152,0.091969,0.0,0.0,0.29999,0.292474,0.0,0.000693,0.345156,0.01631
69,0.0,0.180169,0.0,0.827972,0.0,0.155688,0.359569,0.44612,0.193698,0.42198,0.161998,0.0,0.0,0.501163,0.15212,0.219261,0.0,0.371627,0.352118,0.0,0.315611,0.0,0.059275,0.863131,0.0,0.0,0.493174,0.0,0.648208,0.097241,0.0,0.0,0.065535,0.295189,0.0,0.359719,0.431419,0.0,0.658668,0.346553,0.0,0.0,0.348166,0.261003,0.0,0.0,0.253929,0.0
70,0.0,0.24936,0.0,0.837397,0.200292,0.364994,0.400429,0.423889,0.139125,0.573561,0.368854,0.215268,0.0,0.673205,0.46429,0.311626,0.0,0.450478,0.370356,0.0,0.70286,0.0,0.0,1.256516,0.0,0.0,0.846662,0.0,0.508062,0.301631,0.175143,0.0,0.127106,0.232974,0.0,0.328253,0.397464,0.0,0.838951,0.544946,0.0,0.0,0.472984,0.140718,0.0,0.0,0.0,0.0
71,0.0,0.273951,0.0,0.993317,0.287987,0.27204,0.613563,0.398322,0.0,0.654059,0.22402,0.198116,0.0,0.711306,0.360716,0.108429,0.0,0.301043,0.384696,0.0,0.778769,0.0,0.0,1.369474,0.0,0.0,0.892178,0.0,0.635113,0.652192,0.099553,0.0,0.328702,0.014197,0.010908,0.360366,0.380997,0.0,0.877525,0.483582,0.0,0.0,0.36466,0.078763,0.0,0.0,0.0,0.190031
72,0.0,0.34933,0.0,0.87544,0.102145,0.203432,0.57722,0.489209,0.0,0.589438,0.075042,0.234576,0.0,0.443881,0.452323,0.025137,0.0,0.22592,0.372786,0.0,0.777042,0.229541,0.0,1.604347,0.0,0.0,0.735731,0.0,0.631455,0.729064,0.204274,0.0,0.331447,0.002036,0.0,0.343941,0.146001,0.0,0.804493,0.429442,0.0,0.0,0.569449,0.146447,0.0,0.0,0.0,0.0
73,0.0,0.355587,0.0,0.743866,0.193911,0.332997,0.49706,0.544276,0.0,0.470291,0.392669,0.382286,0.0,0.553828,0.622328,0.101592,0.069733,0.350967,0.324928,0.177145,1.094584,0.162218,0.0,1.694222,0.0,0.0,0.869566,0.0,0.891825,0.468426,0.206693,0.0,0.413581,0.129119,0.0,0.289259,0.048592,0.0,0.799065,0.589099,0.0,0.0,0.641767,0.019526,0.0,0.0,0.0,0.141025
74,0.0,0.423845,0.07021,0.734664,0.32417,0.484039,0.712886,0.710535,0.0,0.491011,0.319355,0.578427,0.0,0.477812,0.841902,0.0,0.24987,0.53762,0.131271,0.316235,1.45671,0.0,0.0,1.782269,0.0,0.0,0.756721,0.0,1.209157,0.484428,0.253486,0.0,0.387038,0.303471,0.0,0.318625,0.062406,0.0,0.748296,0.723358,0.0,0.0,0.837025,0.0,0.0,0.0,0.0,0.130162
75,0.0,0.276562,0.210225,0.719642,0.15597,0.346569,0.564778,0.841579,0.022052,0.458187,0.115257,0.255736,0.0,0.171272,0.517687,0.0,0.430768,0.553319,0.0,0.23517,1.331194,0.0,0.0,1.75036,0.0,0.0,0.387177,0.0,1.367281,0.321515,0.0,0.0,0.555828,0.248173,0.0,0.58371,0.0,0.0,0.639274,0.66716,0.0,0.0,0.666222,0.0,0.0,0.0,0.0,0.039155
76,0.0,0.147583,0.0,0.564828,0.21699,0.266794,0.609608,0.735055,0.0,0.648613,0.329486,0.282802,0.0,0.511413,0.75743,0.004929,0.612942,0.390935,0.0,0.446247,1.566904,0.0,0.0,2.134366,0.021965,0.0,0.392123,0.0,1.461444,0.455127,0.139017,0.0,0.434823,0.324231,0.0,0.388926,0.006451,0.0,0.550524,0.689582,0.0,0.0,0.664885,0.097346,0.0,0.0,0.0,0.087467
77,0.0,0.105653,0.0,0.524299,0.283141,0.367301,0.631095,0.813168,0.0,0.816937,0.38172,0.351553,0.0,0.576394,0.917915,0.111552,0.709309,0.476647,0.0,0.539883,1.718442,0.0,0.0,2.389725,0.140141,0.0,0.393165,0.0,1.572142,0.439639,0.216392,0.0,0.306282,0.517287,0.0,0.485025,0.0,0.0,0.594838,0.816844,0.0,0.0,0.705806,0.132267,0.0,0.0,0.0,0.011541
78,0.0,0.052202,0.0,0.417501,0.159914,0.382031,0.498438,0.56478,0.0,0.665277,0.358726,0.352062,0.0,0.557622,0.666478,0.06221,0.449626,0.491318,0.130441,0.204532,1.14849,0.035491,0.0,2.202799,0.143923,0.0,0.25347,0.0,1.61126,0.289909,0.120492,0.0,0.332341,0.562808,0.0,0.326668,0.028961,0.0,0.646496,0.700378,0.0,0.0,0.67384,0.329561,0.0,0.0,0.0,0.096648
79,0.0,0.0,0.0,0.302543,0.0,0.276303,0.308071,0.551015,0.0,0.653446,0.510506,0.226457,0.0,0.630581,0.749399,0.0,0.436211,0.361667,0.143828,0.163851,0.970365,0.061828,0.0,2.058722,0.20209,0.0,0.145441,0.0,1.805879,0.059013,0.171196,0.0,0.266222,0.660169,0.0,0.548788,0.11805,0.0,0.822398,0.824559,0.0,0.0,0.556769,0.43925,0.0,0.0,0.266299,0.0
80,0.0,0.0,0.0,0.119792,0.0,0.26677,0.262646,0.495181,0.0,0.737855,0.562951,0.293218,0.0,0.722102,0.971238,0.091168,0.466156,0.276412,0.162415,0.312784,1.077666,0.073522,0.0,2.147927,0.40448,0.0,0.095301,0.0,1.876405,0.063009,0.291597,0.0,0.151475,0.713757,0.0,0.593251,0.106286,0.0,0.859383,0.85943,0.0,0.0,0.604636,0.508435,0.0,0.0,0.205694,0.0
81,0.0,0.104993,0.0,0.339547,0.16754,0.460491,0.493936,0.619421,0.036598,0.667176,0.470635,0.571217,0.0,0.750476,1.011535,0.04317,0.863163,0.566753,0.011693,0.331281,1.117374,0.0,0.0,1.942715,0.240652,0.0,0.0,0.0,1.990645,0.0,0.227277,0.0,0.162836,0.807046,0.0,0.644658,0.097033,0.0,0.801914,0.830795,0.0,0.0,0.729825,0.303643,0.0,0.0,0.132679,0.182019
82,0.0,0.059776,0.0,0.017308,0.0,0.293818,0.295249,0.388288,0.0,0.720909,0.440917,0.454037,0.0,0.731946,0.937305,0.0,0.726536,0.358833,0.184617,0.248903,0.918371,0.033259,0.0,2.199519,0.499875,0.0,0.0,0.0,1.93658,0.011123,0.289122,0.0,0.0,0.732862,0.0,0.605947,0.049005,0.0,0.844201,0.776802,0.0,0.0,0.815251,0.498712,0.0,0.0,0.218319,0.081584
83,0.0,0.00224,0.0,0.146367,0.086587,0.108901,0.302608,0.472318,0.0,1.062539,0.515411,0.316286,0.0,0.82135,1.087059,0.162221,0.783591,0.223109,0.054821,0.373103,1.047484,0.008079,0.0,2.260465,0.775888,0.0,0.0,0.0,1.900151,0.326362,0.305361,0.0,0.106999,0.461534,0.0,0.473269,0.0,0.0,0.690032,0.638685,0.0,0.013047,0.643236,0.710393,0.0,0.0,0.054891,0.0
84,0.0,0.0,0.0,0.441467,0.048174,0.0,0.300431,0.533628,0.0,0.884262,0.450956,0.166071,0.0,0.719401,0.893533,0.0,0.904899,0.245609,0.0,0.198262,0.761567,0.03789,0.0,1.806269,0.643709,0.0,0.0,0.0,1.829805,0.336687,0.08483,0.0,0.323694,0.184767,0.0,0.426721,0.08682,0.0,0.476996,0.453913,0.0,0.0,0.481749,0.690838,0.0,0.0,0.297311,0.025575
85,0.0,0.057378,0.0,0.187659,0.080786,0.0,0.111035,0.305736,0.0,0.845386,0.497033,0.007695,0.0,0.714662,0.920625,0.044567,0.818012,0.045196,0.058402,0.12223,0.80291,0.065854,0.0,1.913364,0.717871,0.0,0.0,0.0,1.589084,0.468133,0.18971,0.0,0.153051,0.223491,0.0,0.27462,0.07187,0.0,0.566368,0.442598,0.0,0.0,0.526572,0.652257,0.0,0.0,0.287632,0.0
86,0.0,0.334906,0.0,0.419633,0.152525,0.034935,0.277464,0.442019,0.0,0.56068,0.0,0.13771,0.0,0.293207,0.731739,0.000798,0.848423,0.369763,0.0,0.225059,0.820884,0.049855,0.0,1.352891,0.301655,0.0,0.0,0.0,1.267121,0.32805,0.0,0.0,0.306409,0.210748,0.0,0.469981,0.058172,0.0,0.273594,0.388884,0.0,0.0,0.411183,0.338143,0.0,0.0,0.207399,0.0
87,0.0,0.48674,0.052025,0.297804,0.315926,0.116063,0.260278,0.308222,0.198624,0.25323,0.0,0.282223,0.0,0.259591,0.725414,0.109048,0.898781,0.389605,0.0,0.271868,0.953647,0.019195,0.0,0.797485,0.079677,0.0,0.0,0.059243,0.936769,0.140202,0.0,0.0,0.394495,0.142412,0.0,0.183588,0.047103,0.0,0.163691,0.253267,0.0,0.126962,0.464583,0.057582,0.0,0.0,0.169144,0.0
88,0.0,0.504129,0.088645,0.128218,0.316407,0.344608,0.0,0.130551,0.442649,0.0,0.015677,0.390718,0.0,0.008729,0.709181,0.08194,0.829732,0.47754,0.0,0.417317,0.89444,0.23413,0.0,0.56309,0.0,0.213237,0.0,0.0,0.644725,0.0,0.0,0.0,0.339173,0.341157,0.0,0.0,0.0,0.0,0.184775,0.378992,0.0,0.155818,0.523396,0.0,0.0,0.0,0.05901,0.0
89,0.0,0.496916,0.215262,0.462345,0.094119,0.485768,0.0,0.083374,0.416226,0.0,0.0,0.49007,0.015878,0.0,0.500212,0.45226,0.77013,0.489601,0.0,0.61108,0.848858,0.512412,0.0,0.320946,0.0,0.3363,0.0,0.0,0.492558,0.0,0.0,0.0,0.559031,0.331366,0.257432,0.005389,0.049403,0.0,0.054469,0.295616,0.0,0.235006,0.174483,0.0,0.077819,0.0,0.1483,0.054904
90,0.0,0.469763,0.148026,0.587596,0.289663,0.577251,0.0,0.086211,0.378675,0.060632,0.0,0.58851,0.0,0.0,0.484188,0.681193,0.805173,0.429375,0.0,0.658228,0.997232,0.518553,0.0,0.271975,0.0,0.372678,0.137483,0.0,0.221356,0.089582,0.0,0.0,0.807387,0.203417,0.325452,0.082668,0.042137,0.0,0.142276,0.230153,0.0,0.211683,0.209826,0.0,0.271319,0.0,0.143055,0.0
91,0.0,0.371911,0.113323,0.729336,0.442784,0.478002,0.022383,0.0,0.255932,0.112821,0.0,0.582564,0.0,0.082926,0.573538,0.982799,1.009136,0.475322,0.0,0.577402,1.244137,0.702625,0.0,0.261393,0.0,0.161837,0.404662,0.0,0.408926,0.234543,0.0,0.0,1.069037,0.301465,0.372393,0.0,0.111671,0.0,0.440501,0.327125,0.0,0.22248,0.0,0.0,0.225995,0.0,0.044766,0.086391
92,0.0,0.528882,0.0,0.797258,0.487747,0.577763,0.022944,0.0,0.329639,0.101664,0.0,0.725111,0.0,0.0,0.520486,0.899775,0.989354,0.468464,0.128307,0.710132,1.315172,0.715505,0.0,0.282934,0.0,0.367737,0.180036,0.0,0.422565,0.188353,0.0,0.0,1.029957,0.3221,0.474003,0.0,0.070524,0.0,0.340139,0.263921,0.0,0.410611,0.089907,0.011175,0.239831,0.0,0.118966,0.0
93,0.0,0.587147,0.0,0.675695,0.431046,0.646317,0.036051,0.0,0.159428,0.07786,0.0,0.895645,0.0,0.0,0.430505,0.977828,0.895668,0.366292,0.06909,0.656763,1.303202,0.835997,0.0,0.282044,0.0,0.569776,0.0,0.159001,0.187025,0.248135,0.081533,0.0,0.969133,0.312222,0.514788,0.0,0.065597,0.0,0.431747,0.16371,0.0,0.643558,0.239001,0.0,0.278812,0.0,0.279684,0.0
94,0.0,0.538908,0.0,0.620177,0.605108,0.671747,0.0,0.0,0.358951,0.114774,0.0,0.896429,0.0,0.0,0.495531,0.872598,0.93045,0.24712,0.225994,0.613672,1.464086,0.657896,0.0,0.250646,0.0,0.809057,0.0,0.193094,0.100546,0.103999,0.295656,0.0,0.852885,0.338345,0.43267,0.0,0.081312,0.0,0.484671,0.120393,0.0,0.620398,0.430432,0.0,0.374691,0.0,0.378868,0.0
95,0.0,0.594773,0.0,0.52105,0.690707,0.721658,0.0,0.0,0.287899,0.025334,0.0,0.893819,0.0,0.0,0.567904,0.836101,0.812414,0.421395,0.213366,0.621505,1.45708,0.702084,0.0,0.310297,0.0,0.980584,0.084073,0.152048,0.0,0.005792,0.329619,0.0,0.882128,0.357092,0.306788,0.0,0.00898,0.0,0.453609,0.040034,0.0,0.701476,0.578792,0.083192,0.360293,0.0,0.349283,0.0
96,0.0,0.57487,0.0,0.601286,0.621507,0.692487,0.0,0.0,0.263766,0.0,0.0,0.78589,0.0,0.0,0.457135,0.913369,0.876794,0.480353,0.252877,0.630542,1.271219,0.825913,0.0,0.347376,0.0,0.800738,0.104547,0.043576,0.0,0.0,0.235743,0.0,0.896054,0.376965,0.423006,0.030636,0.0,0.0,0.41979,0.100278,0.0,0.560108,0.381575,0.095075,0.251672,0.0,0.277275,0.0
97,0.0,0.306205,0.032047,0.645544,0.459504,0.567338,0.0,0.0,0.326899,0.0,0.0,0.555721,0.0,0.006473,0.340925,0.982675,0.903962,0.426667,0.28214,0.563335,1.182714,0.754066,0.0,0.241392,0.0,0.551442,0.336949,0.0,0.066209,0.054423,0.076161,0.0,0.895075,0.475104,0.466135,0.076469,0.096315,0.0,0.449849,0.156341,0.0,0.445983,0.110508,0.0,0.173528,0.0,0.15841,0.05398
98,0.0,0.133586,0.055875,0.66653,0.193863,0.508633,0.262834,0.0,0.156321,0.0,0.0,0.468296,0.0,0.21183,0.260598,0.996064,0.794057,0.522834,0.33165,0.538202,0.904223,0.734008,0.0,0.303579,0.0,0.359913,0.267519,0.0,0.166279,0.128776,0.0,0.0,0.751705,0.686446,0.731289,0.225943,0.223242,0.0,0.370494,0.0,0.0,0.515499,0.0,0.0,0.0,0.0,0.335476,0.126096
99,0.0,0.03852,0.140007,0.570341,0.057933,0.555132,0.20025,0.358949,0.267444,7.4e-05,0.0,0.305384,0.145324,0.107174,0.130738,0.914344,0.588556,0.597255,0.335048,0.501166,0.732058,0.455605,0.0,0.303656,0.0,0.446003,0.283222,0.0,0.0,0.0,0.000645,0.0,0.604483,0.704208,0.703342,0.465969,0.244999,0.0,0.167924,0.0,0.0,0.456185,0.152046,0.02361,0.065356,0.0,0.273041,0.0
100,0.0,0.027553,0.0,0.613536,0.030128,0.413149,0.385664,0.401509,0.0,0.172879,0.0,0.237111,0.0,0.207392,0.062038,1.046676,0.552458,0.636981,0.316044,0.342336,0.509915,0.361131,0.0,0.465656,0.0,0.01326,0.080874,0.0,0.0,0.0,0.02864,0.0,0.606182,0.621044,0.944167,0.653641,0.519205,0.0,0.168192,0.0,0.0,0.492616,0.047798,0.060826,0.0,0.0,0.457944,0.0
101,0.0,0.127068,0.085441,0.518875,0.0,0.627514,0.252469,0.480657,0.0,0.237906,0.014894,0.258109,0.0,0.2226,0.0,1.204071,0.514296,0.824341,0.402733,0.574637,0.373255,0.409746,0.0,0.399886,0.0,0.374593,0.219336,0.0,0.0,0.0,0.0,0.0,0.611971,0.730018,0.893288,0.772063,0.502498,0.0,0.149813,0.0,0.0,0.566384,0.0,0.08266,0.0,0.0,0.484172,0.0
102,0.0,0.0,0.053658,0.501572,0.0,0.628987,0.130965,0.457268,0.0,0.29684,0.165222,0.307464,0.0,0.47502,0.0,1.370085,0.595729,0.792256,0.32399,0.450103,0.305528,0.488652,0.0,0.242353,0.0,0.362018,0.365563,0.0,0.0,0.0,0.004176,0.0,0.749711,0.875024,0.90164,0.687187,0.486072,0.0,0.322574,0.0,0.0,0.398157,0.0,0.104947,0.0,0.0,0.421937,0.0
103,0.0,0.0,0.034922,0.693415,0.0,0.639534,0.272932,0.266515,0.0,0.313368,0.142934,0.126053,0.0,0.502368,0.019509,1.469759,0.564071,0.826865,0.355775,0.507811,0.24346,0.651163,0.0,0.421641,0.0,0.099639,0.289659,0.0,0.0,0.074858,0.0,0.0,0.660169,1.048777,1.012671,0.691305,0.469941,0.0,0.381342,0.0,0.0,0.292887,0.0,0.174575,0.0,0.0,0.437143,0.0
104,0.0,0.0,0.16577,0.717644,0.0,0.534896,0.212659,0.485484,0.0,0.261617,0.17111,0.095508,0.0,0.424027,0.132978,1.442224,0.586178,0.7638,0.394179,0.591683,0.286534,0.532522,0.027977,0.384185,0.0,0.0,0.210314,0.0,0.0,0.0,0.0,0.0,0.668869,0.860185,0.923754,0.588813,0.370517,0.0,0.292998,0.0,0.0,0.35157,0.0,0.214301,0.0,0.0,0.311658,0.0
105,0.0,0.194309,0.171357,0.617103,0.0,0.449728,0.339837,0.579155,0.095918,0.129777,0.0,0.087835,0.201649,0.300258,0.066859,1.079653,0.690804,0.657676,0.443056,0.657489,0.173961,0.458183,0.0,0.574816,0.0,0.010865,0.0,0.0,0.0,0.0,0.0,0.0,0.306967,0.77597,0.821597,0.595134,0.340854,0.0,0.021016,0.0,0.0,0.303961,0.003203,0.087745,0.0,0.0,0.408838,0.0
106,0.0,0.168584,0.137495,0.316087,0.0,0.394385,0.237059,0.440914,0.48253,0.0,0.009341,0.244851,0.37475,0.361316,0.13291,1.003676,0.881826,0.58739,0.83153,0.41213,0.079685,0.626376,0.041476,0.36937,0.0,0.403321,0.143648,0.0,0.0,0.0,0.0,0.0,0.137565,0.779049,0.597565,0.3108,0.438571,0.0,0.196278,0.0,0.0,0.293611,0.326481,0.064701,0.0,0.0,0.529744,0.0
107,0.0,0.320142,0.252573,0.259551,0.0,0.734469,0.103426,0.228228,0.598056,0.064761,0.155051,0.311489,0.579808,0.430469,0.135893,1.109276,1.054466,0.600794,1.142566,0.474858,0.016325,0.911623,0.174996,0.238271,0.0,0.818769,0.491539,0.0,0.0,0.0,0.120369,0.0,0.080017,1.041434,0.626693,0.139989,0.617348,0.0,0.4303,0.0,0.0,0.459994,0.212148,0.071593,0.0,0.0,0.503342,0.098792
108,0.157362,0.334948,0.0,0.300029,0.0,0.854051,0.237427,0.0,0.590018,0.042572,0.0,0.461504,0.532466,0.656369,0.047579,1.030135,1.185497,0.471508,1.230672,0.345588,0.0,1.012173,0.124653,0.411112,0.0,0.796319,0.442225,0.0,0.0,0.0,0.170969,0.0,0.0,1.169021,0.782205,0.180765,0.759969,0.0,0.553742,0.0,0.0,0.221869,0.243039,0.0,0.0,0.0,0.569917,0.43466
109,0.055495,0.505097,0.0,0.395564,0.0,0.885501,0.11481,0.0,0.725908,0.058039,0.038843,0.413066,0.50272,0.513802,0.085114,0.998545,1.161037,0.414199,1.328846,0.293994,0.0,1.043388,0.091718,0.359567,0.0,0.967101,0.665663,0.0,0.0,0.0,0.23861,0.0,0.0,0.895238,0.669413,0.0,0.867324,0.0,0.699312,0.0,0.0,0.051766,0.250401,0.037185,0.0,0.0,0.509222,0.510553
110,0.0,0.302703,0.0,0.448403,0.0,0.546797,0.053603,0.0,0.848186,0.078254,0.037748,0.504074,0.101567,0.248036,0.181258,0.851436,1.039741,0.382631,1.263911,0.126426,0.0,1.071949,0.0,0.471725,0.0,0.764824,0.566254,0.000721,0.0,0.0,0.056852,0.0,0.011037,0.361912,0.476637,0.0,0.807824,0.0,0.870182,0.0,0.0,0.0,0.441514,0.255268,0.0,0.0,0.379475,0.328295
111,0.0,0.267294,0.0,0.401924,0.0,0.602007,0.0,0.0,0.964088,0.16517,0.105892,0.45284,0.039146,0.29516,0.197658,0.739142,0.84382,0.307884,1.180267,0.0,0.0,0.914486,0.013573,0.46593,0.0,0.703963,0.635327,0.0,0.0,0.0,0.165096,0.0,0.002892,0.372879,0.391189,0.0,0.885731,0.0,1.037492,0.12299,0.0,0.0,0.571068,0.368279,0.0,0.0,0.364445,0.229732
112,0.0,0.120616,0.0,0.450982,0.0,0.541902,0.029974,0.0,1.029402,0.249124,0.200245,0.34391,0.0,0.32674,0.369674,0.77698,0.373832,0.216044,1.3677,0.0,0.0,0.838788,0.100782,0.695385,0.136709,0.756023,0.620543,0.0,0.0,0.0,0.355283,0.0,0.0,0.45793,0.169214,0.0,1.027391,0.0,1.249045,0.31784,0.0,0.0,0.664278,0.493875,0.0,0.0,0.592333,0.038803
113,0.0,0.054933,0.0,0.560804,0.0,0.643044,0.216588,0.0,0.83959,0.345868,0.097526,0.34889,0.0,0.435296,0.265398,0.575886,0.111598,0.139466,1.476655,0.0,0.0,0.730974,0.00888,0.857865,0.195633,0.706353,0.596281,0.0,0.022888,0.0,0.121312,0.0,0.0,0.544506,0.271888,0.031384,1.017422,0.0,1.26214,0.274451,0.0,0.0,0.644411,0.463599,0.0,0.0,0.683558,0.15299
114,0.0,0.0,0.0,0.567185,0.0,0.688397,0.244312,0.0,0.678276,0.560855,0.241814,0.269559,0.0,0.709258,0.418683,0.662628,0.0,0.0,1.720682,0.0,0.0,0.674823,0.023284,1.073298,0.340789,0.76396,0.838604,0.0,0.058314,0.0,0.492911,0.0,0.0,0.780935,0.290369,0.281265,1.184718,0.0,1.479908,0.446269,0.0,0.0,0.433596,0.448403,0.0,0.015378,0.830906,0.225033
115,0.0,0.0,0.0,0.629513,0.0,0.799439,0.129169,0.0,0.679918,0.598219,0.388104,0.15803,0.0,0.69846,0.485636,0.843539,0.0,0.039938,1.694235,0.0,0.0,0.788691,0.085059,1.062511,0.294501,0.85349,0.865094,0.0,0.028936,0.0,0.571491,0.0,0.0,0.952929,0.336837,0.274808,1.334388,0.0,1.522413,0.61989,0.0,0.0,0.466101,0.544916,0.0,0.014741,0.921667,0.106237
116,0.0,0.0,0.0,0.592673,0.0,0.54276,0.173301,0.0,0.771683,0.588245,0.271656,0.096995,0.0,0.572931,0.476961,0.623756,0.0,0.0,1.841097,0.0,0.0,0.935033,0.019851,1.150066,0.394731,0.769505,0.603535,0.0,0.206503,0.0,0.392075,0.0,0.0,0.807344,0.20836,0.215306,1.293345,0.0,1.581197,0.59906,0.0,0.0,0.589334,0.68003,0.0,0.0,1.00377,0.0
117,0.0,0.018978,0.0,0.465597,0.0,0.546692,0.123972,0.0,0.691022,0.573649,0.131146,0.185168,0.0,0.668551,0.52094,0.530843,0.0,0.0,1.934979,0.0,0.0,0.970698,0.0,1.375837,0.492462,0.750272,0.591668,0.0,0.259904,0.0,0.318458,0.0,0.0,0.933962,0.224425,0.313217,1.207574,0.0,1.695572,0.68204,0.0,0.0,0.739026,0.611879,0.0,0.008833,0.954728,0.0
118,0.0,0.0,0.0,0.411579,0.0,0.529975,0.0,0.0,0.739605,0.644742,0.335079,0.116031,0.0,0.808371,0.725746,0.631084,0.0,0.0,1.810798,0.0,0.0,1.054482,0.0,1.546857,0.43244,0.891528,0.641945,0.0,0.232027,0.0,0.460339,0.0,0.0,1.085685,0.086021,0.314738,1.21832,0.0,1.846072,0.880709,0.0,0.0,0.924614,0.611875,0.046142,0.0,0.958651,0.0
119,0.0,0.02325,0.0,0.526549,0.0,0.474123,0.0,0.0,0.654435,0.67473,0.365111,0.120863,0.0,0.657923,0.667573,0.696022,0.0,0.0,2.13043,0.0,0.0,1.197513,0.0,1.453708,0.477475,0.97437,0.817262,0.0,0.366161,0.0,0.514706,0.0,0.0,0.996704,0.03954,0.421218,1.244824,0.0,1.842739,0.949025,0.0,0.0,0.650595,0.624884,0.129271,0.0,1.028303,0.0
120,0.0,0.114022,0.0,0.611604,0.0,0.553055,0.079455,0.0,0.472161,0.666854,0.250101,0.240191,0.0,0.825583,0.629088,0.76492,0.0,0.0,2.06591,0.0,0.0,1.130052,0.0,1.517293,0.398729,0.9287,0.964688,0.0,0.271591,0.0,0.472804,0.0,0.0,1.143286,0.24543,0.664635,1.147391,0.0,1.678661,0.853857,0.0,0.0,0.580253,0.448983,0.0,0.004954,0.897153,0.0
121,0.0,0.099458,0.0,0.650883,0.0,0.45773,0.102077,0.0,0.473696,0.619349,0.390849,0.180582,0.0,0.731281,0.562595,0.948601,0.0,0.103186,2.110626,0.0,0.0,1.092602,0.0,1.356194,0.351389,0.916052,1.1988,0.0,0.193349,0.0,0.550821,0.0,0.0,1.046255,0.192805,0.627418,1.076947,0.0,1.669914,0.767935,0.0,0.0,0.40863,0.501622,0.0,0.0,0.739728,0.0
122,0.0,0.192901,0.0,0.67084,0.0,0.341129,0.253189,0.0,0.269398,0.67831,0.385061,0.071271,0.0,0.840512,0.373249,0.653136,0.0,0.068509,1.819149,0.029626,0.0,0.934796,0.008039,0.86415,0.280728,0.964895,1.022311,0.0,0.228916,0.040814,0.408357,0.0,0.0,0.895105,0.059869,0.592053,0.930587,0.0,1.385413,0.444157,0.0,0.0,0.231011,0.581643,0.0,0.0,0.881129,0.040714
123,0.0,0.252339,0.0,0.673269,0.0,0.191343,0.453118,0.222905,0.279256,0.556711,0.03944,0.097855,0.0,0.673028,0.216647,0.235963,0.0,0.0,1.437611,0.0,0.0,0.553611,0.0,0.840579,0.268175,0.426322,0.67385,0.0,0.169594,0.0,0.135913,0.0,0.0,0.570362,0.337862,0.666098,0.677137,0.0,0.906347,0.12067,0.0,0.0,0.363607,0.509807,0.0,0.0,0.421692,0.0
124,0.0,0.422366,0.0,0.731972,0.0,0.237835,0.472285,0.351866,0.084896,0.626296,0.0,0.069901,0.158727,0.573749,0.020617,0.182683,0.0,0.0,1.106156,0.058019,0.0,0.518107,0.0,0.651086,0.073979,0.438355,0.435373,0.0,0.0,0.0,0.064595,0.0,0.174028,0.411317,0.418931,0.667433,0.561978,0.0,0.653188,0.0,0.0,0.0,0.280924,0.392596,0.0,0.0,0.307134,0.0
125,0.0,0.377878,0.0,0.824207,0.00149,0.290999,0.457803,0.195989,0.0,0.780868,0.090513,0.177186,0.102998,0.456847,0.07596,0.246348,0.0,0.070949,0.964387,0.226962,0.0,0.708481,0.0,0.594679,0.020896,0.421667,0.39857,0.0,0.0,0.419278,0.227451,0.0,0.444721,0.305928,0.639079,0.761566,0.725176,0.0,0.72874,0.0,0.0,0.0,0.0,0.449261,0.0,0.0,0.244048,0.170758
126,0.0,0.63862,0.0,0.688014,0.190883,0.157078,0.513346,0.451985,0.0,0.929698,0.062486,0.300698,0.0,0.528412,0.09551,0.0,0.0,0.185465,1.076371,0.207831,0.068909,0.630681,0.0,0.338566,0.018479,0.459974,0.26288,0.060124,0.0,0.305215,0.187072,0.0,0.638445,0.197494,0.662495,0.668986,0.554082,0.0,0.615074,0.0,0.0,0.0,0.05831,0.453535,0.0,0.0,0.17186,0.054427
127,0.0,0.508253,0.0,0.752404,0.378322,0.029306,0.612422,0.51177,0.0,0.869371,0.107175,0.323749,0.0,0.449851,0.298468,0.0,0.0,0.068184,1.043974,0.174666,0.043315,0.634478,0.0,0.451487,0.023045,0.411642,0.188377,0.02936,0.0,0.374459,0.242216,0.0,0.75569,0.022375,0.504138,0.485607,0.460722,0.0,0.682654,0.0,0.0,0.0,0.336728,0.550633,0.0,0.0,0.083797,0.0
128,0.0,0.462387,0.0,0.754999,0.409554,0.0,0.615087,0.42337,0.0,1.030893,0.088722,0.272667,0.0,0.412898,0.314824,0.0,0.0,0.0,1.058323,0.043046,0.0,0.662534,0.0,0.57691,0.0,0.358524,0.219489,0.0,0.002043,0.382875,0.310913,0.0,0.812963,0.110175,0.575389,0.581816,0.505627,0.0,0.770178,0.0,0.0,0.0,0.258706,0.59651,0.0,0.0,0.203057,0.0
129,0.0,0.45673,0.0,0.763546,0.408352,0.006934,0.61285,0.47204,0.0,0.957458,0.157557,0.217015,0.0,0.407514,0.349953,0.0,0.0,0.008001,1.156484,0.1366,0.093466,0.58933,0.0,0.601161,0.0,0.478853,0.367041,0.0,0.107177,0.322971,0.268036,0.0,0.708655,0.11491,0.517495,0.682446,0.482839,0.0,0.702811,0.0,0.0,0.0,0.353885,0.540291,0.0,0.0,0.153232,0.0
130,0.0,0.389087,0.0,0.589146,0.107039,0.0,0.357804,0.320797,0.0,1.05617,0.39962,0.058681,0.0,0.421466,0.269254,0.0,0.0,0.07295,1.442666,0.176271,0.095255,0.642706,0.0,0.551618,0.0,0.630723,0.603931,0.011087,0.34659,0.230245,0.317692,0.0,0.447371,0.191534,0.300814,0.831122,0.518776,0.0,0.904382,0.0,0.0,0.0,0.118335,0.561661,0.0,0.0,0.445048,0.005896
131,0.0,0.287123,0.0,0.933732,0.107967,0.205207,0.676234,0.373623,0.0,1.023556,0.26325,0.217755,0.0,0.470125,0.167422,0.005244,0.0,0.374592,1.013415,0.271577,0.160654,0.51229,0.0,0.807325,0.0,0.394439,0.327481,0.190107,0.358939,0.334637,0.05712,0.0,0.516063,0.365773,0.589695,0.872544,0.633548,0.0,0.69939,0.060437,0.0,0.0,0.20048,0.502207,0.0,0.0,0.458774,0.08695
132,0.0,0.0,0.0,0.923914,0.0,0.490632,0.580836,0.386777,0.0,1.034562,0.529893,0.197157,0.0,0.945956,0.268907,0.374985,0.0,0.412727,0.826109,0.171535,0.295727,0.114129,0.0,1.343057,0.120074,0.015712,0.668359,0.0,0.888472,0.364655,0.184399,0.0,0.263527,0.810969,0.440146,0.699478,0.49617,0.0,0.839764,0.372849,0.0,0.0,0.438971,0.668913,0.0,0.0,0.184591,0.0
133,0.0,0.0,0.0,0.660936,0.0,0.354716,0.343341,0.299567,0.0,1.089578,1.012471,0.0,0.0,1.312588,0.362128,0.373402,0.0,0.39395,0.889329,0.038911,0.173084,0.0,0.0,1.588883,0.139676,0.0,0.956309,0.0,1.298955,0.272461,0.316794,0.0,0.0,1.012262,0.0,0.574434,0.476249,0.0,1.138055,0.627066,0.0,0.0,0.453576,0.887129,0.0,0.0,0.383686,0.0
134,0.0,0.0,0.0,0.83455,0.0,0.398994,0.43101,0.614297,0.0,1.363852,1.061367,0.0,0.0,1.353197,0.543728,0.512214,0.0,0.523335,0.656322,0.361559,0.565858,0.0,0.0,1.961411,0.276525,0.0,0.954648,0.0,1.561326,0.283488,0.373106,0.0,0.0,1.046615,0.027297,0.783474,0.395562,0.0,1.081507,0.755981,0.0,0.0,0.469658,0.882286,0.0,0.0,0.123569,0.0
135,0.0,0.0,0.0,1.071385,0.03906,0.44255,0.66361,0.575182,0.0,1.448215,0.757319,0.0,0.0,1.22169,0.44489,0.441078,0.0,0.681671,0.611296,0.413271,0.589937,0.0,0.0,1.899456,0.231413,0.0,0.666052,0.0,1.506159,0.494571,0.129989,0.0,0.0,1.003103,0.313568,0.900821,0.476132,0.0,1.016295,0.684606,0.0,0.0,0.335226,0.75923,0.0,0.0,0.233445,0.0
136,0.0,0.0,0.0,0.804909,0.0,0.188466,0.282527,0.581946,0.0,1.260897,0.800527,0.0,0.0,1.103628,0.337414,0.096946,0.0,0.464851,0.630054,0.122551,0.387415,0.0,0.0,1.57566,0.380403,0.019758,0.439989,0.0,1.485532,0.396819,0.129923,0.0,0.0,0.651812,0.0,0.79675,0.351642,0.0,0.943911,0.748831,0.0,0.0,0.312501,0.916082,0.0,0.0,0.464658,0.0
137,0.0,0.0,0.0,0.965224,0.077934,0.197964,0.392996,0.589365,0.0,1.249428,0.482323,0.0,0.0,0.738646,0.203016,0.0,0.0,0.558105,0.373917,0.000975,0.481396,0.0,0.0,1.532952,0.216237,0.0,0.269428,0.0,1.293032,0.609797,0.0,0.0,0.346509,0.471049,0.039863,0.635955,0.341821,0.0,0.660066,0.621102,0.0,0.0,0.352762,0.873847,0.0,0.0,0.267355,0.0
138,0.0,0.0,0.0,0.774741,0.19432,0.040642,0.248572,0.493269,0.0,1.091698,0.409825,0.0,0.0,0.530933,0.209118,0.0,0.0,0.494173,0.426168,0.081255,0.636797,0.0,0.0,1.377437,0.152924,0.0,0.350124,0.0,1.204792,0.621939,0.0,0.0,0.322625,0.360403,0.0,0.705845,0.219719,0.0,0.652581,0.567074,0.0,0.0,0.293546,0.693977,0.0,0.0,0.357763,0.0
139,0.0,0.0,0.0,0.956907,0.356294,0.251984,0.463433,0.66504,0.0,0.917789,0.19682,0.0,0.0,0.54627,0.430791,0.0,0.213006,0.574322,0.0,0.231778,1.167638,0.0,0.0,1.541722,0.04188,0.0,0.444656,0.0,1.06156,0.70751,0.0,0.0,0.493676,0.449329,0.186472,0.649216,0.154138,0.0,0.348951,0.548289,0.0,0.0,0.497237,0.440456,0.0,0.0,0.0,0.0
140,0.0,0.0,0.12672,1.020289,0.344158,0.065903,0.51167,0.822384,0.0,0.928398,0.023159,0.061548,0.0,0.225945,0.465466,0.08086,0.298924,0.673012,0.0,0.381343,1.37694,0.0,0.0,1.302388,0.086659,0.0,0.119784,0.0,0.82634,0.892627,0.0,0.0,0.805585,0.07359,0.326467,0.561584,0.125802,0.0,0.140513,0.42516,0.0,0.213387,0.36642,0.470275,0.0,0.0,0.004384,0.0
141,0.0,0.0,0.047276,0.785939,0.457178,0.428194,0.241181,0.705299,0.0,0.531815,0.330594,0.072225,0.0,0.490872,0.668835,0.154364,0.466158,0.604881,0.0,0.499268,1.656613,0.0,0.0,1.537451,0.0,0.0,0.837876,0.0,0.936476,0.680733,0.0,0.0,0.525455,0.638677,0.093622,0.458204,0.0,0.0,0.283991,0.649781,0.0,0.300425,0.679967,0.212234,0.0,0.0,0.0,0.0
142,0.0,0.0,0.142123,0.976904,0.437349,0.351807,0.45261,0.720506,0.0,0.461309,0.271855,0.100859,0.0,0.445923,0.584777,0.200826,0.610056,0.620324,0.0,0.498938,1.62029,0.0,0.0,1.382116,0.0,0.0,0.777333,0.0,0.970295,0.839373,0.0,0.0,0.569541,0.587284,0.249967,0.443971,0.0,0.0,0.265269,0.592691,0.0,0.357023,0.544619,0.201191,0.0,0.0,0.0,0.0
143,0.0,0.0,0.185358,0.946138,0.364291,0.227679,0.270043,0.771935,0.0,0.54263,0.081769,0.0,0.0,0.164203,0.29811,0.034405,0.338089,0.652163,0.0,0.295559,1.220873,0.0,0.0,1.024931,0.0,0.0,0.530043,0.0,0.702806,0.742656,0.0,0.0,0.679984,0.311582,0.293023,0.553991,0.0,0.0,0.148416,0.362032,0.0,0.176826,0.444727,0.253526,0.0,0.0,0.0,0.0
144,0.0,0.0,0.117786,1.003948,0.415082,0.0,0.345815,0.680439,0.0,0.778066,0.0,0.0,0.0,0.0,0.224503,0.0453,0.301326,0.582219,0.0,0.264255,1.025337,0.0,0.0,0.887287,0.0,0.0,0.236671,0.0,0.515474,0.84679,0.0,0.0,0.713875,0.099745,0.438732,0.632474,0.316481,0.0,0.142438,0.30557,0.0,0.029651,0.226735,0.357955,0.0,0.0,0.265895,0.0
145,0.0,0.063487,0.134164,0.962831,0.305365,0.150548,0.286042,0.613514,0.0,0.554507,0.145318,0.0,0.0,0.195224,0.340832,0.311839,0.250828,0.53093,0.0,0.247444,0.912962,0.0,0.0,0.787094,0.0,0.0,0.355555,0.0,0.440969,0.763048,0.0,0.0,0.514796,0.289831,0.440203,0.507572,0.311529,0.0,0.103731,0.250135,0.0,0.174938,0.262374,0.355299,0.0,0.0,0.062449,0.0
146,0.0,0.016272,0.0,0.646855,0.196086,0.261551,0.0,0.333885,0.019295,0.30869,0.227785,0.0,0.0,0.406783,0.261724,0.356401,0.133208,0.324791,0.12929,0.126179,0.528379,0.108187,0.0,0.519122,0.004385,0.106127,0.386945,0.0,0.316831,0.384344,0.0,0.0,0.251309,0.419519,0.276037,0.289456,0.235516,0.0,0.252238,0.190685,0.0,0.0,0.169752,0.383024,0.0,0.0,0.182454,0.0
147,0.0,0.173425,0.0,0.58929,0.156299,0.224533,0.182841,0.269292,0.184692,0.131502,0.140564,0.005032,0.0,0.377835,0.313542,0.409569,0.32925,0.320972,0.164339,0.184106,0.405262,0.14047,0.000705,0.463442,0.030524,0.063527,0.141576,0.0,0.238621,0.080559,0.0,0.0,0.098192,0.462454,0.380562,0.320519,0.335043,0.0,0.252171,0.153911,0.0,0.001445,0.241124,0.293663,0.0,0.0,0.330526,0.0
148,0.0,0.191664,0.0,0.327356,0.092644,0.173603,0.059027,0.168344,0.491837,0.0,0.201701,0.001592,0.052245,0.421483,0.326824,0.344309,0.418996,0.194342,0.508716,0.229906,0.05213,0.289033,0.0,0.412814,0.014415,0.318066,0.182849,0.0,0.135192,0.0,0.0,0.0,0.0,0.614299,0.21754,0.331223,0.367442,0.0,0.408987,0.169646,0.0,0.016821,0.39664,0.261956,0.0,0.0,0.555393,0.0
149,0.0,0.301885,0.091006,0.245162,0.0,0.384031,0.0,0.084724,0.559382,0.0,0.365845,0.034907,0.232475,0.36945,0.328208,0.631483,0.646395,0.236046,0.793859,0.35855,0.0,0.664671,0.0,0.400756,0.043358,0.777972,0.275379,0.0,0.0,0.0,0.211104,0.0,0.0,0.852774,0.254152,0.239761,0.507319,0.0,0.577115,0.162499,0.0,0.241759,0.306297,0.345221,0.0,0.0,0.640109,0.0
150,0.0,0.256031,0.0,0.133974,0.0,0.441571,0.109161,0.0,0.510973,0.115001,0.152956,0.28465,0.102625,0.586916,0.288379,0.605823,0.709864,0.263112,1.023103,0.301248,0.0,0.709436,0.0,0.420797,0.194524,0.746863,0.151854,0.0,0.0,0.0,0.239024,0.0,0.0,0.878284,0.556281,0.235975,0.673934,0.0,0.656742,0.04976,0.0,0.254219,0.27448,0.255233,0.0,0.0,0.714753,0.043114
151,0.0,0.464684,0.0,0.099812,0.0,0.655019,0.221222,0.0,0.388449,0.163927,0.180935,0.336245,0.251299,0.639288,0.073094,0.815413,0.837762,0.405701,1.394084,0.382662,0.0,0.937802,0.0,0.526012,0.107372,0.897597,0.12585,0.119743,0.0,0.0,0.154775,0.0,0.0,1.058527,0.751734,0.424829,0.773285,0.0,0.62456,0.0,0.0,0.38623,0.122513,0.122857,0.0,0.0,0.807185,0.355576
152,0.0,0.321333,0.0,0.056175,0.0,0.689614,0.267903,0.011339,0.54007,0.100865,0.152983,0.378099,0.27629,0.629594,0.039417,0.912006,1.030143,0.504112,1.286585,0.365788,0.0,0.926919,0.0,0.612956,0.135315,0.798532,0.154764,0.0,0.0,0.0,0.214848,0.0,0.0,1.140391,0.814585,0.296835,0.741398,0.0,0.669923,0.0,0.0,0.366861,0.282555,0.151438,0.0,0.0,0.666716,0.107131
153,0.0,0.076827,0.0,0.288951,0.0,0.555082,0.419096,0.14035,0.435643,0.08579,0.160882,0.251995,0.252997,0.660506,0.152357,1.10583,1.117479,0.512768,1.18904,0.521073,0.0,0.986587,0.0,0.766737,0.245466,0.426366,0.10654,0.0,0.0,0.0,0.073003,0.0,0.157408,1.043914,0.813274,0.281481,0.578733,0.0,0.598997,0.0,0.0,0.411635,0.160621,0.249201,0.0,0.0,0.5889,0.028507
154,0.0,0.227408,0.0,0.266611,0.0,0.602752,0.346988,0.286189,0.411765,0.149975,0.087478,0.357794,0.381838,0.673956,0.098081,1.201859,1.264894,0.651994,1.308471,0.648536,0.0,1.034802,0.0,0.659774,0.091287,0.671023,0.0,0.0,0.0,0.0,0.005362,0.0,0.137107,1.120249,0.885493,0.472098,0.67913,0.0,0.424969,0.0,0.0,0.457753,0.103945,0.152688,0.0,0.0,0.623465,0.025489
155,0.0,0.226464,0.07966,0.271203,0.0,0.71739,0.18495,0.256909,0.302107,0.202326,0.075815,0.430058,0.409358,0.660704,0.045041,1.380606,1.328285,0.773545,1.313441,0.859807,0.0,1.209472,0.0,0.663182,0.001746,0.823371,0.051708,0.0,0.0,0.0,0.0,0.0,0.279969,1.319279,0.952155,0.567072,0.705278,0.0,0.41451,0.0,0.0,0.601522,0.0,0.132901,0.0,0.0,0.634949,0.094878
156,0.0,0.224818,0.0,0.21536,0.0,0.828791,0.179359,0.289091,0.576643,0.064575,0.081183,0.423581,0.484962,0.673761,0.0,1.459316,1.459051,0.972315,1.217522,0.573667,0.0,1.143451,0.0,0.653647,0.0,0.869904,0.131247,0.0,0.0,0.0,0.015854,0.0,0.493996,1.527091,0.926174,0.522099,0.782379,0.0,0.518457,0.0,0.0,0.49794,0.197241,0.137946,0.0,0.0,0.608769,0.0
157,0.0,0.08837,0.070039,0.400101,0.0,0.485392,0.317945,0.537929,0.524148,0.016886,0.0,0.183789,0.517594,0.478214,0.111381,1.30069,1.291726,0.851893,0.981143,0.662156,0.0,1.046426,0.0,0.894565,0.0,0.512646,0.0,0.0,0.0,0.0,0.0,0.0,0.299419,1.269752,0.679463,0.620895,0.49237,0.0,0.28608,0.0,0.0,0.474278,0.239321,0.235852,0.0,0.0,0.623095,0.0
158,0.0,0.140399,0.326637,0.337679,0.0,0.491742,0.095301,0.628607,0.468412,0.0,0.181218,0.074142,0.50622,0.29155,0.118279,1.253138,1.130848,1.033876,0.849038,0.618156,0.000377,0.887491,0.0,0.792466,0.0,0.648344,0.000162,0.0,0.0,0.0,0.0,0.0,0.352574,1.192952,0.409181,0.587291,0.379806,0.0,0.224703,0.0,0.0,0.595091,0.27831,0.388657,0.0,0.0,0.618517,0.0
159,0.0,0.0,0.31343,0.658263,0.0,0.413017,0.177107,0.830361,0.520856,0.110114,0.15026,0.0,0.471566,0.476711,0.230889,1.196658,1.222539,0.905444,0.693157,0.482126,0.150905,0.683317,0.105067,0.557537,0.0,0.447467,0.09236,0.0,0.0,0.0,0.0,0.0,0.431004,1.111613,0.421951,0.62667,0.393635,0.0,0.080663,0.0,0.0,0.307397,0.114305,0.325526,0.0,0.0,0.343822,0.0
160,0.0,0.0,0.216993,0.738627,0.0,0.271076,0.23796,0.890323,0.335107,0.029213,0.025951,0.0,0.343174,0.326196,0.18046,1.16188,1.099594,0.932774,0.506191,0.550545,0.282635,0.494824,0.132509,0.695878,0.0,0.094841,0.0,0.0,0.0,0.0,0.0,0.0,0.412228,0.799357,0.42941,0.711818,0.244096,0.0,0.0,0.0,0.0,0.230455,0.074241,0.279925,0.0,0.0,0.35119,0.0
161,0.0,0.0,0.375925,0.77421,0.0,0.303588,0.244596,0.889897,0.583069,0.050339,0.155298,0.0,0.294785,0.388531,0.203115,1.233707,1.128908,0.921666,0.475776,0.531744,0.387997,0.42765,0.053675,0.747124,0.0,0.0,0.269666,0.0,0.095467,0.0,0.0,0.0,0.41458,1.064687,0.495627,0.639304,0.392283,0.0,0.034319,0.0,0.0,0.285054,0.018369,0.097362,0.0,0.0,0.178149,0.0
162,0.0,0.0,0.250646,0.699023,0.0,0.328324,0.256837,0.626821,0.450366,0.0,0.0,0.0,0.197502,0.293171,0.022297,1.224476,1.18116,0.992958,0.478807,0.581198,0.445389,0.458402,0.046395,0.904641,0.0,0.0,0.053428,0.0,0.0,0.0,0.0,0.0,0.37928,1.020106,0.692554,0.659281,0.461191,0.0,0.014428,0.0,0.0,0.321251,0.0,0.0,0.0,0.0,0.346202,0.0
163,0.0,0.057969,0.359681,0.642341,0.0,0.617141,0.040641,0.539167,0.530837,0.0,0.0,0.137392,0.39142,0.196073,0.0,1.455882,1.185964,1.127221,0.384883,0.665573,0.416413,0.75525,0.183106,0.770043,0.0,0.368318,0.215751,0.0,0.0,0.0,0.0,0.0,0.600933,1.187059,0.679044,0.460788,0.465179,0.0,0.027936,0.0,0.0,0.33652,0.167401,0.0,0.113186,0.0,0.400398,0.0
164,0.0,0.0,0.527904,0.66547,0.0,0.611718,0.0,0.592669,0.713164,0.0,0.0,0.208248,0.449204,0.0,0.114089,1.528819,1.292257,1.204649,0.38039,0.781218,0.591953,0.811747,0.24404,0.68892,0.0,0.426784,0.38185,0.0,0.0,0.0,0.0,0.0,0.659474,1.141182,0.688686,0.253248,0.468382,0.0,0.053233,0.0,0.0,0.347945,0.211666,0.0,0.244556,0.0,0.285976,0.0
165,0.0,0.0,0.663883,0.682773,0.0,0.434485,0.0,0.679489,0.875195,0.0,0.0,0.192524,0.313168,0.0,0.249067,1.545121,1.452442,1.13902,0.406099,0.853535,0.860917,0.685449,0.159093,0.638888,0.0,0.277496,0.465827,0.0,0.0,0.0,0.0,0.0,0.62244,1.03564,0.719039,0.192309,0.527541,0.0,0.166734,0.0,0.0,0.328545,0.119061,0.0,0.310797,0.0,0.108256,0.0
166,0.0,0.0,0.508653,0.642267,0.0,0.51271,0.088475,0.560933,0.667945,0.0,0.0,0.27175,0.382314,0.149454,0.069294,1.637364,1.606226,1.125687,0.366294,0.731671,0.808988,0.783487,0.358031,0.580535,0.0,0.067499,0.225109,0.0,0.0,0.0,0.0,0.0,0.707147,1.09665,0.865129,0.205935,0.58461,0.0,0.010885,0.0,0.0,0.336152,0.124014,0.0,0.311978,0.0,0.278039,0.0
167,0.0,0.0,0.461563,0.743949,0.0,0.319695,0.239789,0.696437,0.41415,0.0,0.0,0.285936,0.330603,0.196597,0.234817,1.607526,1.490705,1.025734,0.229244,0.891112,0.768701,0.689981,0.243128,0.574424,0.0,0.0,0.0,0.0,0.0,0.0,0.0,0.0,0.629385,0.990073,0.797169,0.224309,0.444281,0.0,0.0,0.0,0.0,0.426607,0.080602,0.0,0.027692,0.0,0.416782,0.0
168,0.0,0.0,0.468337,0.617755,0.0,0.595057,0.208141,0.488807,0.450747,0.0,0.0,0.308829,0.378857,0.125315,0.0,1.683507,1.354156,1.102696,0.312542,0.850119,0.639521,0.831481,0.126768,0.648088,0.0,0.139152,0.125939,0.0,0.0,0.0,0.0,0.0,0.648382,1.210585,0.969649,0.286945,0.513912,0.0,0.016443,0.0,0.0,0.442442,0.0,0.0,0.053275,0.0,0.365329,0.0
169,0.0,0.0,0.465053,0.577039,0.0,0.624666,0.226862,0.608272,0.532427,0.0,0.0,0.221564,0.405665,0.178979,0.0,1.582835,1.221509,1.003314,0.364868,0.674486,0.643878,0.712062,0.104992,0.547623,0.0,0.178543,0.219469,0.0,0.0,0.0,0.0,0.0,0.608623,1.160442,0.948009,0.364047,0.470812,0.0,0.054358,0.0,0.0,0.428756,0.105642,0.0,0.107484,0.0,0.276019,0.0
170,0.0,0.0,0.442066,0.470038,0.0,0.584349,0.142275,0.705071,0.128051,0.029539,0.0,0.308044,0.076356,0.284762,0.003557,1.514868,1.135874,0.978282,0.421144,0.677537,0.655104,0.532369,0.053625,0.425641,0.0,0.273002,0.192102,0.0,0.0,0.0,0.0,0.0,0.614576,0.940009,0.912348,0.569658,0.441197,0.0,0.0,0.0,0.0,0.619477,0.117708,0.037479,0.05776,0.0,0.390758,0.0
171,0.0,0.0,0.277959,0.443723,0.0,0.806138,0.17035,0.627715,0.0,0.067163,0.0,0.290699,0.06243,0.356145,0.0,1.604187,1.115412,1.117348,0.360159,0.702556,0.594752,0.660393,0.010449,0.402906,0.0,0.428087,0.213269,0.0,0.0,0.0,0.0,0.0,0.784547,1.155076,1.046708,0.742862,0.458732,0.0,0.079787,0.0,0.0,0.65338,0.0,0.0,0.045078,0.0,0.324406,0.0
172,0.0,0.0,0.010981,0.673487,0.0,0.522217,0.50801,0.716097,0.0,0.149868,0.0,0.271218,0.0,0.305053,0.0,1.49121,1.127811,1.091368,0.356024,0.501762,0.652713,0.466985,0.0,0.622329,0.0,0.101536,0.0,0.0,0.0,0.0,0.0,0.0,0.697548,0.927199,0.986178,0.982778,0.449238,0.0,0.011698,0.0,0.0,0.564194,0.089477,0.037841,0.0,0.0,0.459839,0.0
173,0.0,0.0,0.17107,0.849334,0.0,0.509169,0.723722,0.800567,0.0,0.260689,0.0,0.043263,0.063487,0.286622,0.0,1.410599,1.345655,1.273152,0.321614,0.666043,0.878474,0.401583,0.0,0.671392,0.0,0.10306,0.0,0.0,0.07893,0.0,0.0,0.0,0.900635,1.076658,0.902398,1.004103,0.274959,0.0,0.0,0.0,0.0,0.709748,0.009554,0.101121,0.0,0.0,0.287615,0.0
174,0.0,0.0,0.388037,0.784791,0.0,0.602531,0.493425,0.990551,0.0,0.249076,0.000951,0.0,0.036954,0.142153,0.0,1.318833,1.416143,1.578665,0.229143,0.834615,1.075747,0.275311,0.0,0.577973,0.0,0.370433,0.115768,0.0,0.346369,0.0,0.0,0.0,1.183608,1.100222,0.65807,1.010765,0.060887,0.0,0.0,0.0,0.0,0.900271,0.12526,0.234858,0.0,0.0,0.153075,0.0
175,0.0,0.0,0.450313,0.935111,0.0,0.468538,0.454982,1.171524,0.0,0.58955,0.059547,0.0,0.0,0.043656,0.17503,1.402826,1.580697,1.65337,0.0,0.999904,1.475257,0.04585,0.0,0.855197,0.0,0.072302,0.0,0.0,0.629645,0.252964,0.0,0.0,1.353739,0.930965,0.704752,0.868661,0.0,0.0,0.0,0.0,0.0,1.086136,0.081809,0.480786,0.0,0.0,0.0,0.0
176,0.0,0.0,0.500691,1.144646,0.183363,0.300658,0.63058,1.48214,0.0,0.777244,0.093446,0.0,0.0,0.0,0.34296,1.243136,1.70657,1.717497,0.0,1.066371,1.795508,0.0,0.0,1.240666,0.0,0.0,0.0,0.0,0.906097,0.350626,0.0,0.0,1.213911,0.864819,0.681264,0.988636,0.0,0.0,0.0,0.02148,0.0,1.137971,0.244795,0.468351,0.0,0.0,0.0,0.0
177,0.0,0.0,0.456145,0.8852,0.0,0.353562,0.435648,1.357604,0.0,0.531458,0.197317,0.014459,0.0,0.0,0.204556,1.461452,1.683112,1.855997,0.0,0.891564,1.589531,0.0,0.0,1.100475,0.0,0.0,0.0,0.0,0.944164,0.10828,0.0,0.0,1.287455,0.84393,0.27778,0.894952,0.0,0.0,0.0,0.080249,0.0,1.076505,0.242156,0.512876,0.0,0.0,0.0,0.0
178,0.0,0.0,0.395478,0.881145,0.0,0.361346,0.340572,1.311266,0.0,0.229811,0.245613,0.0,0.144308,0.054025,0.258998,1.324879,1.801886,1.773055,0.0,0.824077,1.345961,0.0,0.029716,0.819528,0.0,0.0,0.0,0.0,1.015743,0.0,0.0,0.0,1.088644,0.913486,0.085694,0.635764,0.0,0.0,0.0,0.130523,0.0,0.676755,0.257962,0.429373,0.0,0.0,0.0,0.0
179,0.0,0.0,0.483055,0.963892,0.0,0.334958,0.424029,1.238259,0.050104,0.105296,0.159589,0.0,0.248001,0.252382,0.368483,1.192183,1.903134,1.610618,0.0,0.825309,1.149931,0.096067,0.087235,0.584525,0.0,0.025561,0.0,0.0,0.802103,0.0,0.0,0.0,0.858989,0.912469,0.032834,0.53674,0.0,0.0,0.0,0.0,0.0,0.332941,0.075837,0.304658,0.0,0.0,0.0,0.0
180,0.0,0.0,0.495728,0.842519,0.0,0.355908,0.368095,1.182264,0.367477,0.007886,0.041903,0.0,0.35998,0.1172,0.182408,0.976138,1.68562,1.534745,0.031613,0.607814,0.837968,0.092273,0.112304,0.626906,0.0,0.055725,0.0,0.0,0.483239,0.0,0.0,0.0,0.589215,0.93515,0.0,0.670209,0.0,0.0,0.0,0.0,0.0,0.122755,0.24377,0.088828,0.0,0.0,0.0,0.0
181,0.0,0.0,0.433193,0.780423,0.0,0.267105,0.340906,1.133893,0.555466,0.00557,0.133332,0.0,0.171036,0.144551,0.149482,0.948003,1.494085,1.356205,0.165583,0.506248,0.810751,0.0,0.101797,0.777269,0.0,0.0,0.043588,0.0,0.49094,0.0,0.0,0.0,0.373709,0.954261,0.0,0.652776,0.183945,0.0,0.0,0.034167,0.0,0.082997,0.322327,0.0,0.0,0.0,0.006404,0.0
182,0.0,0.0,0.426458,0.789854,0.0,0.285819,0.226727,1.113801,0.441433,0.137165,0.229472,0.0,0.0,0.253497,0.290331,1.054036,1.400118,1.326008,0.130689,0.714892,0.949092,0.0,0.027651,0.872572,0.0,0.0,0.144038,0.0,0.632754,0.0,0.0,0.0,0.264464,1.074826,0.134773,0.545424,0.171979,0.0,0.0,0.166557,0.0,0.26139,0.236323,0.0,0.0,0.0,0.0,0.0
183,0.0,0.0,0.427476,0.712068,0.0,0.444228,0.024101,0.9469,0.346807,0.0,0.181243,0.0,0.0,0.067737,0.0,1.202963,1.190575,1.470223,0.146642,0.339649,0.605253,0.0,0.142291,0.868433,0.0,0.015258,0.265446,0.0,0.496402,0.0,0.0,0.0,0.51639,1.060855,0.02042,0.582753,0.192162,0.0,0.0,0.124436,0.0,0.101508,0.538626,0.0,0.097487,0.0,0.073725,0.0
184,0.0,0.0,0.322745,1.00827,0.0,0.293276,0.210556,1.120293,0.060265,0.242969,0.189891,0.0,0.0,0.156073,0.073628,1.28838,1.376843,1.543726,0.0,0.48435,0.760595,0.0,0.142417,0.942863,0.0,0.0,0.0,0.0,0.602405,0.0,0.0,0.0,0.772087,0.861184,0.224106,0.726772,0.225745,0.0,0.0,0.113977,0.0,0.316721,0.335058,0.221057,0.0,0.0,0.098362,0.0
185,0.0,0.0,0.349767,1.208855,0.0,0.478811,0.31144,1.131621,0.0,0.411124,0.390833,0.0,0.030757,0.501639,0.250697,1.695021,1.838059,1.598817,0.0,0.81166,1.08575,0.002466,0.003505,0.958533,0.0,0.0,0.018188,0.0,0.915919,0.0,0.0,0.0,0.965131,1.227669,0.37571,0.649207,0.031352,0.0,0.0,0.0,0.0,0.421344,0.017834,0.280614,0.0,0.0,0.0,0.0
186,0.0,0.0,0.423826,1.245079,0.0,0.513787,0.35151,1.362023,0.0,0.53514,0.308967,0.0,0.036959,0.312936,0.229688,1.762488,1.936703,1.92754,0.0,1.031877,1.232649,0.0,0.0,0.953711,0.0,0.0,0.0,0.0,0.987263,0.0,0.0,0.0,1.153013,1.175357,0.509329,0.853998,0.0,0.0,0.0,0.0,0.0,0.740745,0.0,0.437764,0.0,0.0,0.0,0.0
187,0.0,0.0,0.514498,1.102096,0.0,0.503275,0.437963,1.488087,0.0,0.62713,0.232627,0.0,0.0,0.074324,0.070413,1.637647,1.86031,2.209111,0.0,0.979471,1.227759,0.0,0.0,1.07636,0.0,0.0,0.0,0.0,0.864948,0.0,0.0,0.0,1.202561,1.177584,0.624618,1.116946,0.018859,0.0,0.0,0.0,0.0,0.860737,0.120445,0.437027,0.0,0.0,0.0,0.0
188,0.0,0.0,0.537519,1.080915,0.0,0.593539,0.473683,1.444039,0.0,0.49959,0.228833,0.0,0.035475,0.069969,0.0,1.932499,2.008142,2.296388,0.0,1.160788,1.273869,0.0,0.0,0.948569,0.0,0.047982,0.0,0.0,0.76792,0.0,0.0,0.0,1.379634,1.247413,0.635156,1.297,0.088025,0.0,0.0,0.0,0.0,0.900265,0.048627,0.365345,0.0,0.0,0.034892,0.0
189,0.0,0.0,0.457234,1.207577,0.0,0.363447,0.643028,1.398876,0.0,0.532151,0.10636,0.0,0.0903,0.234553,0.126336,2.073465,2.067144,2.091707,0.0,1.221733,1.346958,0.054855,0.0,0.966004,0.0,0.0,0.0,0.0,0.76898,0.0,0.0,0.0,1.335693,1.206783,0.75707,1.197418,0.118842,0.0,0.0,0.0,0.0,0.85558,0.0,0.32612,0.0,0.0,0.066275,0.0
190,0.0,0.0,0.541645,0.932966,0.0,0.651959,0.333036,1.251318,0.060206,0.235777,0.159263,0.0,0.220481,0.312213,0.0,2.055903,1.961363,1.925195,0.072742,1.028431,1.11163,0.370227,0.0,0.740358,0.0,0.0,0.0,0.0,0.601936,0.0,0.0,0.0,1.239204,1.474195,0.669081,0.771485,0.014717,0.0,0.0,0.0,0.0,0.707103,0.026203,0.25141,0.0,0.0,0.0,0.0
191,0.0,0.0,0.37933,0.881194,0.0,0.489039,0.495962,1.074763,0.2396,0.193033,0.0,0.0,0.348918,0.380784,0.0,1.949311,1.899983,1.719868,0.335256,0.904489,0.897708,0.388222,0.0,0.738508,0.0,0.0,0.0,0.0,0.334556,0.0,0.0,0.0,0.928273,1.282069,0.697167,0.888837,0.211062,0.0,0.0,0.0,0.0,0.528599,0.02747,0.066823,0.0,0.0,0.138123,0.0
192,0.0,0.0,0.533625,0.569433,0.0,0.7589,0.05054,1.018592,0.214966,0.222805,0.135228,0.033083,0.397896,0.36486,0.0,1.836145,1.702276,1.75641,0.539446,0.768771,0.597079,0.391595,0.157398,0.45052,0.0,0.492374,0.0,0.0,0.014443,0.0,0.0,0.0,0.725792,1.222209,0.582599,0.840053,0.325053,0.0,0.0,0.0,0.0,0.619827,0.110268,0.100981,0.0,0.0,0.223223,0.0
193,0.0,0.0,0.242758,0.649693,0.0,0.4201,0.282497,0.981436,0.33747,0.218775,0.109637,0.0,0.315455,0.538047,0.0,1.689642,1.655016,1.542773,0.643951,0.625516,0.499557,0.232234,0.170833,0.536096,0.0,0.190887,0.0,0.0,0.033135,0.0,0.0,0.0,0.349853,0.910441,0.504064,0.794953,0.322961,0.0,0.0,0.0,0.0,0.495818,0.192411,0.0687,0.0,0.0,0.34805,0.0
194,0.0,0.0,0.0,0.611105,0.0,0.564434,0.302645,0.84083,0.525281,0.122531,0.182268,0.0,0.450997,0.609825,0.0,1.581248,1.745943,1.64432,0.67257,0.292292,0.231331,0.18749,0.221748,0.497154,0.040069,0.291622,0.0,0.0,0.0,0.0,0.0,0.0,0.281785,1.084896,0.423206,0.698969,0.424426,0.0,0.0,0.0,0.0,0.318411,0.412132,0.096604,0.0,0.0,0.31923,0.0
195,0.0,0.018354,0.043215,1.027857,0.0,0.552582,0.368899,0.851071,0.36059,0.449022,0.426338,0.0,0.358005,0.702799,0.0,1.657953,1.515215,1.529296,0.894077,0.455264,0.194359,0.168087,0.110499,0.483773,0.125167,0.130343,0.251792,0.0,0.161608,0.0,0.0,0.0,0.142455,0.992184,0.489054,0.843365,0.507764,0.0,0.0,0.0,0.0,0.329506,0.0,0.106513,0.0,0.0,0.160788,0.0
196,0.0,0.018689,0.0,1.250676,0.0,0.545038,0.370433,0.910681,0.136439,0.544591,0.512834,0.0,0.266622,0.787515,0.0,1.498593,1.419261,1.546031,0.76659,0.516052,0.119877,0.0,0.0,0.54804,0.237566,0.080218,0.178127,0.0,0.36197,0.0,0.0,0.0,0.040067,0.956936,0.310125,0.851774,0.341564,0.0,0.036367,0.0,0.0,0.126952,0.0,0.276834,0.0,0.0,0.090336,0.0
197,0.0,0.0,0.0,1.455791,0.0,0.339043,0.33355,1.038406,0.0,0.944816,0.514956,0.0,0.066821,1.058767,0.0,1.239809,1.24705,1.488045,0.752058,0.333285,0.042725,0.0,0.073995,0.442204,0.379247,0.06486,0.131725,0.0,0.604194,0.0,0.0,0.0,0.085126,0.71902,0.140565,0.898073,0.470489,0.0,0.0,0.0,0.0,0.0,0.0,0.476065,0.0,0.0,0.148424,0.0
198,0.0,0.0,0.0,1.664879,0.0,0.168412,0.475595,1.131675,0.0,1.24742,0.450589,0.0,0.0,0.950538,0.0,0.798,0.853947,1.343554,0.394383,0.16322,0.0,0.0,0.0,1.039073,0.373653,0.0,0.0,0.011542,1.10124,0.0,0.0,0.0,0.033982,0.628972,0.0,0.902732,0.348392,0.0,0.136499,0.0,0.0,0.0,0.190008,0.729233,0.0,0.0,0.143179,0.0
199,0.0,0.0,0.0,1.752911,0.0,0.076019,0.391976,1.251865,0.0,1.711066,0.838542,0.0,0.0,1.180927,0.147325,0.753694,0.517795,1.231359,0.27282,0.389337,0.21162,0.0,0.0,1.417514,0.432014,0.0,0.0,0.0,1.734907,0.253806,0.0,0.0,0.0,0.511007,0.0,0.807548,0.233244,0.0,0.397989,0.353004,0.0,0.0,0.134016,1.121807,0.0,0.0,0.0,0.0
200,0.0,0.0,0.0,1.660088,0.0,0.386814,0.487099,1.303969,0.0,1.810634,0.976735,0.0,0.0,1.333313,0.174966,0.768862,0.305374,1.432619,0.119699,0.451157,0.455676,0.0,0.0,1.679506,0.41684,0.0,0.067732,0.0,1.847759,0.375822,0.0,0.0,0.0,0.681222,0.0,0.874084,0.149714,0.0,0.469598,0.55953,0.0,0.0,0.252061,1.221785,0.0,0.0,0.0,0.0
201,0.0,0.0,0.0,1.383559,0.0,0.130458,0.428684,1.16022,0.0,1.714128,0.980511,0.0,0.0,1.302477,0.0,0.331356,0.223642,1.321244,0.198327,0.098942,0.242348,0.0,0.0,1.864856,0.324241,0.0,0.129472,0.0,2.209069,0.426488,0.0,0.0,0.0,0.720214,0.0,0.869565,0.101222,0.0,0.66887,0.765097,0.0,0.0,0.39836,1.325579,0.0,0.0,0.047073,0.0
202,0.0,0.0,0.0,1.765793,0.0,0.200315,0.543379,1.38201,0.0,1.905409,1.04323,0.0,0.0,1.455686,0.095947,0.408865,0.373789,1.232487,0.0,0.310306,0.611787,0.0,0.0,2.143685,0.269463,0.0,0.228648,0.0,2.258578,0.614668,0.0,0.0,0.242112,0.650029,0.0,0.846941,0.095167,0.0,0.434585,0.685361,0.0,0.0,0.438524,1.196008,0.0,0.0,0.0,0.0
203,0.0,0.0,0.0,1.912348,0.0,0.034298,0.565244,1.458024,0.0,1.871225,0.890222,0.0,0.0,1.292853,0.0,0.197187,0.579995,1.167988,0.0,0.40327,0.675839,0.0,0.0,2.040608,0.226687,0.0,0.066024,0.0,2.261177,0.664092,0.0,0.0,0.445473,0.429719,0.0,0.928225,0.052038,0.0,0.252448,0.569298,0.0,0.0,0.369161,1.070889,0.0,0.0,0.0,0.0
204,0.0,0.0,0.0,2.024936,0.0,0.242366,0.798211,1.560275,0.0,1.757353,0.839368,0.0,0.0,1.220712,0.086506,0.137407,0.727415,1.346593,0.0,0.571702,0.948429,0.0,0.0,2.078097,0.061867,0.0,0.253364,0.0,2.164886,0.702248,0.0,0.0,0.378124,0.602252,0.0,1.075339,0.025502,0.0,0.19806,0.655726,0.0,0.0,0.487832,0.784453,0.0,0.0,0.0,0.0
205,0.0,0.0,0.0,2.093941,0.017235,0.0,0.821583,1.642404,0.0,1.874404,0.667208,0.0,0.0,0.842234,0.017009,0.0,0.786108,1.335686,0.0,0.550462,0.956849,0.0,0.0,2.058355,0.050298,0.0,0.146791,0.0,2.06892,0.820079,0.0,0.0,0.49484,0.379627,0.0,1.175283,0.213205,0.0,0.112731,0.733598,0.0,0.0,0.448908,0.778979,0.0,0.0,0.0,0.0
206,0.0,0.0,0.0,2.05,0.057811,0.093316,0.818555,1.57467,0.0,1.845255,0.860554,0.0,0.0,1.077272,0.278074,0.158468,0.647787,1.115336,0.0,0.652996,1.214041,0.0,0.0,2.214992,0.129762,0.0,0.378627,0.0,2.004835,1.010291,0.0,0.0,0.476365,0.379991,0.0,0.875848,0.056606,0.0,0.163558,0.650342,0.0,0.0,0.479808,0.761115,0.0,0.0,0.0,0.0
207,0.0,0.0,0.0,1.734703,0.0,0.152329,0.682324,1.407894,0.0,1.548624,0.841956,0.0,0.0,1.061579,0.200713,0.0,0.461007,0.987557,0.0,0.353737,1.079951,0.0,0.0,2.053911,0.048514,0.0,0.500464,0.0,1.755652,0.837646,0.0,0.0,0.38738,0.298002,0.0,0.702679,0.039301,0.0,0.195049,0.672317,0.0,0.0,0.633618,0.634499,0.0,0.0,0.0,0.0
208,0.0,0.0,0.0,1.683722,0.001086,0.003593,0.683569,1.158343,0.0,1.542143,0.598513,0.0,0.0,1.044941,0.182098,0.0,0.293713,0.701614,0.0,0.240646,0.975712,0.0,0.0,1.887818,0.106268,0.0,0.465425,0.0,1.564944,0.857821,0.0,0.0,0.329696,0.204596,0.0,0.6641,0.183081,0.0,0.284402,0.495105,0.0,0.0,0.421158,0.613931,0.0,0.0,0.0,0.0
209,0.0,0.0,0.0,1.236578,0.129099,0.023549,0.563502,0.845858,0.0,1.374381,0.477602,0.0,0.0,0.865134,0.267449,0.0,0.0,0.646294,0.250654,0.170401,0.821055,0.0,0.0,1.669588,0.18289,0.0,0.581324,0.0,1.213833,0.807277,0.0,0.0,0.024007,0.272709,0.0,0.613804,0.146801,0.0,0.545215,0.509184,0.0,0.0,0.449662,0.671901,0.0,0.0,0.0,0.0
210,0.0,0.017678,0.0,1.019272,0.112906,0.0,0.303068,0.694952,0.0,1.158302,0.286837,0.0,0.0,0.466978,0.0,0.0,0.0,0.479404,0.400734,0.0,0.344817,0.0,0.002052,1.145207,0.175368,0.0,0.348017,0.0,0.896474,0.5042,0.0,0.0,0.115243,0.0,0.0,0.630703,0.214339,0.020717,0.562164,0.435835,0.0,0.0,0.250762,0.663688,0.0,0.0,0.14056,0.0
211,0.0,0.029631,0.0,0.766542,0.073083,0.084093,0.213156,0.487546,0.0,0.953665,0.48951,0.0,0.0,0.715994,0.158305,0.0,0.0,0.288271,0.61265,0.0,0.327672,0.0,0.02168,1.11112,0.159819,0.0,0.595239,0.0,0.69533,0.42101,0.136311,0.0,0.0,0.278904,0.0,0.441289,0.252441,0.0,0.720712,0.447139,0.0,0.0,0.401301,0.549224,0.0,0.0,0.0,0.0
212,0.0,0.21581,0.0,0.705239,0.001859,0.180964,0.179253,0.472927,0.083716,0.620177,0.407128,0.0,0.0,0.570793,0.095551,0.059125,0.0,0.394835,0.680483,0.0,0.092304,0.0,0.181632,0.671954,0.0,0.173261,0.638042,0.0,0.490746,0.067789,0.03382,0.0,0.0,0.442,0.032767,0.558483,0.293757,0.0,0.6572,0.235622,0.0,0.0,0.309478,0.390715,0.0,0.0,0.213394,0.0
213,0.0,0.204239,0.0,0.551943,0.0,0.084038,0.264703,0.331791,0.088273,0.570502,0.330271,0.0,0.0,0.670467,0.158194,0.238757,0.0,0.212953,0.909291,0.095993,0.001041,0.099576,0.108792,0.576019,0.054305,0.186987,0.463419,0.0,0.206759,0.104812,0.135998,0.0,0.0,0.46683,0.23072,0.520332,0.453931,0.0,0.652925,0.092045,0.0,0.0,0.16039,0.472369,0.0,0.0,0.384028,0.0
214,0.0,0.152701,0.0,0.738058,0.0,0.379912,0.419447,0.322094,0.213937,0.508587,0.198751,0.0,0.0,0.644195,0.043466,0.697791,0.0,0.365761,0.855614,0.287309,0.0,0.326715,0.002309,0.678609,0.0,0.115312,0.359764,0.0,0.0,0.0,0.0,0.0,0.016243,0.808684,0.693548,0.628772,0.630188,0.0,0.563655,0.0,0.0,0.0,0.0,0.385402,0.0,0.0,0.391532,0.0
215,0.0,0.078263,0.0,0.634589,0.0,0.536105,0.32937,0.227359,0.241983,0.471339,0.223966,0.118991,0.062385,0.724347,0.0,1.051106,0.089183,0.33135,1.066495,0.490169,0.0,0.716977,0.0,0.688577,0.0,0.47034,0.520239,0.0,0.0,0.0,0.133651,0.0,0.067025,1.143369,0.832732,0.742192,0.828321,0.0,0.714078,0.0,0.0,0.0,0.0,0.289769,0.0,0.0,0.617574,0.0
216,0.0,0.070057,0.0,0.495627,0.0,0.698656,0.390746,0.314073,0.353824,0.449864,0.237556,0.318349,0.195556,0.825562,0.0,1.283258,0.428029,0.364544,1.317358,0.435007,0.0,0.952075,0.0,0.652171,0.0,0.625916,0.628155,0.0,0.0,0.0,0.296269,0.0,0.185953,1.389828,0.930562,0.660649,1.025564,0.0,0.78388,0.0,0.0,0.161075,0.0,0.298024,0.0,0.0,0.659246,0.0
217,0.0,0.046742,0.0,0.418596,0.0,0.870704,0.358498,0.153553,0.16679,0.523903,0.171211,0.484209,0.070629,0.900263,0.0,1.524559,0.473323,0.36842,1.515764,0.62544,0.0,1.217675,0.0,0.742508,0.0,0.812073,0.552163,0.0,0.0,0.0,0.405189,0.0,0.211036,1.576911,1.178557,0.809779,1.177736,0.0,0.927639,0.0,0.0,0.350647,0.0,0.233537,0.0,0.0,0.814353,0.0
218,0.0,0.050461,0.0,0.289019,0.0,0.809267,0.326316,0.267236,0.057549,0.595153,0.225904,0.62744,0.0,0.983005,0.0,1.63036,0.494711,0.419345,1.524821,0.675676,0.0,1.155584,0.0,0.724552,0.050512,0.879933,0.456067,0.0,0.0,0.0,0.543767,0.0,0.457758,1.493975,1.181712,0.661213,1.188677,0.0,0.979999,0.0,0.0,0.511982,0.0,0.331816,0.0,0.0,0.904038,0.0
219,0.0,0.02887,0.0,0.319624,0.0,0.988156,0.339609,0.0,0.0,0.645152,0.076584,0.790452,0.0,0.934677,0.0,1.609147,0.328167,0.389038,1.472201,0.786062,0.0,1.400036,0.0,0.787622,0.0,0.963541,0.337415,0.0,0.0,0.0,0.417056,0.0,0.40869,1.68765,1.44215,0.988838,1.159611,0.0,0.999761,0.0,0.0,0.439283,0.0,0.200007,0.0,0.0,0.977202,0.0
220,0.0,0.138794,0.0,0.324835,0.0,0.712103,0.253297,0.218502,0.0,0.501481,0.277215,0.483777,0.0,0.653996,0.0,1.481486,0.141315,0.382856,1.280478,0.689912,0.0,1.116619,0.0,0.692841,0.0,0.7883,0.454745,0.0,0.0,0.0,0.387777,0.0,0.542419,1.262309,1.083829,0.819902,0.939813,0.0,0.76381,0.0,0.0,0.421048,0.0,0.458163,0.0,0.0,0.7896,0.0
221,0.0,0.063013,0.0,0.500996,0.0,0.682228,0.437615,0.216834,0.0,0.515496,0.09071,0.344749,0.0,0.723586,0.0,1.12167,0.0,0.296922,0.966769,0.442167,0.0,0.822407,0.0,0.755748,0.0,0.400947,0.28679,0.025641,0.0,0.0,0.119142,0.0,0.405766,1.178482,1.091769,0.819555,0.831792,0.0,0.618761,0.0,0.0,0.064956,0.0,0.370393,0.0,0.0,0.643597,0.0
222,0.0,0.142087,0.0,0.459065,0.134732,0.374038,0.328607,0.246197,0.0,0.666752,0.116029,0.288194,0.0,0.55694,0.0,0.702528,0.0,0.224629,0.875258,0.283107,0.0,0.390495,0.0,0.599551,0.0,0.24912,0.336921,0.129532,0.0,0.127073,0.19542,0.0,0.167869,0.66518,0.888773,0.624755,0.851389,0.0,0.692418,0.0,0.0,0.0,0.068429,0.388623,0.0,0.0,0.676745,0.0
223,0.0,0.0,0.0,0.617272,0.158472,0.268969,0.306838,0.0887,0.185117,0.690806,0.024928,0.192269,0.0,0.721743,0.0,0.465295,0.0,0.059146,0.591148,0.009682,0.0,0.150935,0.0,0.716514,0.044945,0.0,0.303503,0.0,0.081174,0.368094,0.248068,0.0,0.0,0.64527,0.702188,0.377797,0.849288,0.0,0.785585,0.123555,0.0,0.0,0.095477,0.519421,0.0,0.0,0.574027,0.0
224,0.0,0.0,0.0,0.517663,0.0,0.243152,0.168803,0.089969,0.243981,0.487904,0.452604,0.0,0.0,0.971319,0.248152,0.737482,0.0,0.183889,0.75201,0.0,0.0,0.0,0.0,0.708193,0.075287,0.0,0.79552,0.0,0.167482,0.252503,0.439387,0.0,0.0,0.702259,0.174095,0.343056,0.804225,0.0,0.795453,0.135142,0.0,0.0,0.167833,0.493376,0.0,0.0,0.508221,0.0
225,0.0,0.0,0.0,0.658465,0.132679,0.369755,0.071796,0.239481,0.31916,0.549706,0.556417,0.0436,0.0,0.848859,0.256908,0.887672,0.0,0.396411,0.509397,0.060425,0.131929,0.0,0.00583,0.809467,0.049609,0.0,0.803391,0.0,0.279516,0.0,0.292146,0.0,0.0,0.696401,0.32435,0.365057,0.734208,0.0,0.759776,0.302182,0.0,0.0,0.167989,0.487824,0.0,0.016404,0.234828,0.0
226,0.0,0.0,0.0,0.64125,0.0,0.354482,0.129994,0.264769,0.382516,0.322886,0.336039,0.0,0.0,0.560328,0.190982,0.679854,0.0,0.49817,0.522143,0.016962,0.0,0.0,0.268245,0.516458,0.0,0.014859,0.587751,0.0,0.188149,0.0,0.076379,0.0,0.0,0.573061,0.191593,0.37219,0.735435,0.0,0.60337,0.099341,0.0,0.0,0.237492,0.428198,0.0,0.0,0.487522,0.0
227,0.0,0.0,0.0,0.718569,0.0,0.377989,0.105562,0.276084,0.527874,0.26157,0.24716,0.004338,0.0,0.504526,0.055962,0.67899,0.07753,0.404809,0.318754,0.0,0.0,0.026306,0.188625,0.561578,0.0,0.0,0.570708,0.0,0.105019,0.0,0.0,0.0,0.0,0.54161,0.343762,0.375075,0.663909,0.0,0.530274,0.04125,0.0,0.0,0.160398,0.306514,0.0,0.0,0.293399,0.0
228,0.0,0.040847,0.025735,0.729703,0.0,0.395045,0.160026,0.203649,0.26134,0.251603,0.081926,0.0,0.0,0.521783,0.093926,0.67727,0.24063,0.436875,0.414411,0.198322,0.084864,0.252914,0.138812,0.527723,0.0,0.217948,0.315258,0.0,0.0,0.0,0.0,0.0,0.0,0.517318,0.371738,0.540424,0.679793,0.0,0.431022,0.0,0.0,0.0,0.009067,0.147125,0.0,0.0,0.543689,0.056842
229,0.0,0.103845,0.135093,0.691783,0.0,0.274324,0.232903,0.271438,0.368326,0.144502,0.364446,0.0,0.0,0.593351,0.296191,0.888415,0.193977,0.381025,0.615846,0.093461,0.123719,0.199359,0.154947,0.558943,0.0,0.205896,0.708801,0.0,0.005216,0.0,0.08918,0.0,0.0,0.649167,0.219113,0.492502,0.622776,0.0,0.545074,0.0,0.0,0.0,0.0,0.138285,0.0,0.0,0.458799,0.0
230,0.0,0.133409,0.0,0.727548,0.0,0.382676,0.116623,0.252722,0.356801,0.0,0.172907,0.0,0.0,0.262384,0.118933,0.764251,0.262305,0.601626,0.330246,0.137249,0.062527,0.392693,0.170038,0.448195,0.0,0.160281,0.36766,0.0,0.0,0.0,0.0,0.0,0.205267,0.440049,0.357136,0.389115,0.390949,0.0,0.270341,0.029657,0.0,0.0,0.055942,0.200191,0.0,0.0,0.295,0.0
231,0.0,0.221922,0.239224,0.628484,0.0,0.297109,0.066409,0.386686,0.464782,0.0,0.154808,0.0,0.115568,0.237844,0.188697,0.686845,0.286275,0.441273,0.439298,0.148523,0.352641,0.214737,0.065867,0.495975,0.0,0.358673,0.599059,0.0,0.028655,0.0,0.00135,0.0,0.060358,0.516043,0.174928,0.432271,0.303688,0.0,0.37944,0.057841,0.0,0.0,0.195384,0.0,0.0,0.0,0.345688,0.0
232,0.0,0.218828,0.129298,0.559197,0.0,0.333222,0.0,0.400527,0.384774,0.006428,0.071075,0.125362,0.154317,0.000693,0.188125,0.429437,0.348289,0.581384,0.203992,0.161737,0.378652,0.293042,0.118186,0.368373,0.0,0.399042,0.371847,0.0,0.02935,0.0,0.0,0.0,0.229916,0.424866,0.25094,0.367249,0.151195,0.0,0.211961,0.035182,0.0,0.0,0.266935,0.02341,0.0,0.0,0.288575,0.0
233,0.0,0.202127,0.290672,0.60524,0.163462,0.053446,0.179978,0.400927,0.293972,0.038913,0.078464,0.15519,0.0,0.171294,0.436971,0.444615,0.614529,0.409811,0.133274,0.2272,0.71059,0.246232,0.144446,0.293134,0.0,0.027954,0.482419,0.0,0.316005,0.050991,0.0,0.0,0.3788,0.277491,0.239331,0.113504,0.139418,0.0,0.211845,0.134231,0.0,0.205928,0.155554,0.081906,0.0,0.0,0.042519,0.0
234,0.0,0.247941,0.301279,0.489456,0.201756,0.062325,0.078359,0.551142,0.152432,0.178864,0.0,0.293885,0.0,0.0,0.468653,0.390798,0.366954,0.370663,0.059837,0.204672,0.68245,0.173997,0.042859,0.340384,0.0,0.08224,0.386034,0.0,0.05853,0.124211,0.0,0.0,0.313305,0.169553,0.280021,0.153931,0.086621,0.0,0.044741,0.078877,0.0,0.331834,0.343345,0.117233,0.0,0.0,0.0,0.0
235,0.0,0.189588,0.258025,0.549605,0.202363,0.12727,0.367983,0.42452,0.148115,0.204072,0.138561,0.182843,0.0,0.009605,0.311363,0.479914,0.567131,0.522321,0.0,0.185623,0.521654,0.185681,0.080116,0.401769,0.0,0.0,0.081301,0.0,0.16249,0.173719,0.0,0.0,0.372948,0.270708,0.399978,0.15507,0.250968,0.0,0.142967,0.063758,0.0,0.342266,0.169152,0.140611,0.0,0.0,0.228843,0.0
236,0.0,0.234804,0.291441,0.427158,0.04565,0.315417,0.151157,0.452116,0.261236,0.041086,0.108146,0.154078,0.190662,0.221674,0.249572,0.597757,0.769897,0.534164,0.277718,0.334066,0.458231,0.39124,0.097492,0.026826,0.0,0.416598,0.288597,0.0,0.087909,0.0,0.0,0.0,0.333645,0.422831,0.381866,0.199559,0.069054,0.0,0.0,0.0,0.0,0.260521,0.116987,0.051129,0.0,0.0,0.1763,0.05119
237,0.0,0.244086,0.102751,0.456312,0.0,0.386612,0.267623,0.261169,0.163167,0.091448,0.106318,0.163416,0.139237,0.396267,0.084687,0.777148,0.762007,0.547572,0.415079,0.274912,0.268729,0.514569,0.032313,0.243428,0.0,0.287475,0.283029,0.0,0.0,0.0,0.0,0.0,0.308104,0.611315,0.609694,0.465646,0.23848,0.0,0.072785,0.0,0.0,0.219935,0.0,0.0,0.0,0.0,0.33823,0.272868
238,0.0,0.312291,0.156444,0.418584,0.0,0.355656,0.241376,0.313346,0.164478,0.093825,0.052385,0.136664,0.176181,0.412306,0.112348,0.716352,0.813052,0.557733,0.541862,0.358727,0.214596,0.535906,0.020694,0.198052,0.0,0.454448,0.209008,0.0,0.0,0.0,0.0,0.0,0.159208,0.590104,0.579731,0.586151,0.303751,0.0,0.0,0.0,0.0,0.190709,0.0,0.0,0.0,0.0,0.376732,0.277751
239,0.0,0.27766,0.097153,0.429702,0.0,0.281701,0.248705,0.362568,0.383943,0.0,0.048235,0.029628,0.25333,0.247311,0.150499,0.609517,0.568487,0.508427,0.494081,0.257404,0.104088,0.491152,0.021101,0.48228,0.0,0.353915,0.137249,0.000251,0.0,0.0,0.0,0.0,0.060982,0.595984,0.375869,0.555158,0.251892,0.0,0.119678,0.0,0.0,0.053378,0.266856,0.055189,0.0,0.0,0.456095,0.005056
240,0.0,0.282439,0.082769,0.421017,0.0,0.345266,0.10727,0.36448,0.54856,0.071143,0.139241,0.0,0.204992,0.248915,0.160507,0.528199,0.411416,0.425198,0.672411,0.172571,0.076784,0.527757,0.052971,0.532991,0.0,0.517151,0.395487,0.0,0.0,0.0,0.015489,0.0,0.07899,0.632691,0.252842,0.536696,0.348448,0.0,0.424449,0.060085,0.0,0.0,0.358289,0.114248,0.0,0.0,0.413199,0.0
241,0.0,0.074033,0.0,0.405817,0.0,0.155873,0.02609,0.343552,0.497161,0.226893,0.052288,0.0,0.034332,0.363114,0.305465,0.394066,0.127763,0.324198,0.871892,0.044466,0.085398,0.578128,0.014297,0.74843,0.143039,0.446381,0.352519,0.0,0.168072,0.0,0.112925,0.0,0.034814,0.610826,0.182148,0.589481,0.424239,0.0,0.629665,0.234476,0.0,0.0,0.407111,0.354624,0.0,0.0,0.49905,0.0
242,0.0,0.030928,0.0,0.438888,0.0,0.112378,0.084237,0.287174,0.440012,0.409436,0.11482,0.0,0.0,0.594191,0.36241,0.342958,0.0,0.127231,1.168491,0.0,0.106752,0.617311,0.040291,1.067514,0.250363,0.494115,0.518882,0.0,0.384375,0.0,0.279601,0.0,0.0,0.840613,0.087803,0.809268,0.618492,0.0,0.928428,0.40596,0.0,0.0,0.291699,0.390096,0.0,0.0,0.702123,0.0
243,0.0,0.0,0.0,0.252631,0.0,0.044083,0.0,0.069073,0.417193,0.538231,0.500186,0.0,0.0,0.743113,0.513501,0.610994,0.0,0.0391,1.639627,0.0,0.207203,0.662108,0.178979,1.46209,0.4438,0.559209,0.865184,0.0,0.614964,0.0,0.590819,0.0,0.0,1.108682,0.0,0.737971,0.764869,0.0,1.442896,0.72323,0.0,0.0,0.360476,0.530717,0.0,0.0,0.848689,0.0
244,0.0,0.0,0.0,0.344858,0.0,0.155701,0.0,0.164608,0.3301,0.585654,0.546123,0.0,0.0,0.71709,0.342437,0.64358,0.0,0.299734,1.496749,0.0,0.053464,0.651295,0.169085,1.36878,0.34457,0.499162,0.785395,0.0,0.696649,0.0,0.320103,0.0,0.0,1.112339,0.0,0.604508,0.817138,0.0,1.315094,0.62657,0.0,0.0,0.339765,0.716755,0.0,0.0,0.852037,0.0
245,0.0,0.0,0.0,0.465459,0.0,0.439397,0.102987,0.283983,0.258083,0.453983,0.507938,0.082841,0.0,0.748344,0.248548,0.82759,0.0,0.662968,1.170894,0.020002,0.013125,0.475139,0.182394,1.280475,0.156997,0.444782,0.73761,0.0,0.686886,0.0,0.009879,0.0,0.0,1.312626,0.156831,0.644174,0.800993,0.0,1.044723,0.478175,0.0,0.0,0.460807,0.645916,0.0,0.182953,0.751624,0.0
246,0.0,0.0,0.0,0.621359,0.0,0.424737,0.127587,0.517974,0.365074,0.553822,0.598074,0.0,0.0,0.861159,0.162729,0.831695,0.008679,0.6002,0.748657,0.03073,0.0,0.193436,0.076469,1.243313,0.075732,0.191651,0.598458,0.0,0.684634,0.0,0.026764,0.0,0.0,1.262917,0.10023,0.577946,0.824488,0.0,0.861572,0.459655,0.0,0.0,0.373762,0.728294,0.0,0.050624,0.63518,0.0
247,0.0,0.0,0.0,0.976512,0.0,0.313966,0.148795,0.84029,0.297069,0.781738,0.687914,0.0,0.0,0.788746,0.373471,0.956606,0.298005,0.644454,0.416229,0.483754,0.295161,0.0,0.0,1.19864,0.042047,0.0,0.361807,0.0,0.764654,0.0,0.0,0.0,0.0,0.976764,0.25999,0.621386,0.657402,0.0,0.487864,0.289144,0.0,0.0,0.209915,0.711873,0.0,0.0,0.323906,0.0
248,0.0,0.0,0.0,0.882726,0.0,0.238044,0.243564,0.629939,0.419255,0.515369,0.352696,0.0,0.0,0.555204,0.251025,0.759575,0.433739,0.659301,0.340287,0.356088,0.262044,0.0,0.017783,1.054595,0.023907,0.0,0.066438,0.0,0.628796,0.0,0.0,0.0,0.0,0.776508,0.258654,0.471802,0.652689,0.0,0.233244,0.092786,0.0,0.0,0.238174,0.590465,0.0,0.0,0.370484,0.0
249,0.0,0.0,0.0,0.75682,0.0,0.160338,0.221641,0.483534,0.656991,0.229028,0.261054,0.0,0.0,0.346367,0.133143,0.630885,0.557396,0.598064,0.251312,0.092172,0.211409,0.0,0.11009,0.858903,0.0,0.0,0.128018,0.0,0.608662,0.0,0.0,0.0,0.038048,0.645422,0.08231,0.35089,0.681724,0.0,0.197867,0.040757,0.0,0.0,0.322233,0.374101,0.0,0.0,0.467974,0.0
250,0.0,0.0,0.058417,0.554599,0.0,0.309417,0.1116,0.400206,0.780436,0.0,0.364962,0.07011,0.0,0.131031,0.195499,0.774027,0.712326,0.696164,0.220447,0.246599,0.421831,0.0,0.262187,0.628651,0.0,0.0,0.258137,0.0,0.583072,0.0,0.0,0.0,0.182564,0.666016,0.074503,0.134963,0.626566,0.0,0.211436,0.237431,0.0,0.0,0.450909,0.176146,0.0,0.0,0.402792,0.0
251,0.0,0.125344,0.101448,0.409911,0.029288,0.284207,0.0,0.313625,0.726204,0.0,0.357882,0.294196,0.0,0.0,0.395043,0.754148,0.895646,0.676638,0.067437,0.514843,0.694941,0.058545,0.175522,0.626006,0.0,0.013554,0.183523,0.0,0.630785,0.0,0.0,0.0,0.302141,0.568781,0.079224,0.008101,0.378187,0.0,0.142831,0.388083,0.0,0.0,0.468221,0.003034,0.0,0.0,0.301388,0.024573
252,0.0,0.234818,0.178133,0.272941,0.245413,0.129958,0.0,0.287026,0.723403,0.0,0.28817,0.447579,0.0,0.0,0.693011,0.596405,1.200059,0.619892,0.0,0.757241,1.063548,0.019369,0.054155,0.737439,0.0,0.0,0.140604,0.0,0.934353,0.0,0.0,0.0,0.410727,0.607413,0.021287,0.0,0.136528,0.0,0.15355,0.502877,0.0,0.090833,0.448494,0.0,0.0,0.0,0.149191,0.0
253,0.0,0.49439,0.25363,0.213935,0.312727,0.103229,0.074894,0.267401,0.630649,0.0,0.154639,0.595395,0.0,0.0,0.791058,0.410359,1.345435,0.812677,0.0,0.643203,1.131956,0.286091,0.0,0.595699,0.0,0.037441,0.0,0.0,0.943736,0.0,0.0,0.0,0.59776,0.383685,0.0,0.0,0.0,0.0,0.067558,0.392839,0.0,0.230309,0.499444,0.0,0.0,0.0,0.173703,0.186943
254,0.0,0.527659,0.196728,0.127543,0.359655,0.0,0.018428,0.25943,0.482234,0.0,0.036805,0.7249,0.0,0.0,1.126929,0.379534,1.407714,0.560661,0.0,0.690111,1.490003,0.330981,0.0,0.779568,0.0,0.111013,0.0,0.0,1.149035,0.0,0.0,0.0,0.729721,0.363643,0.0,0.0,0.0,0.0,0.003927,0.430875,0.0,0.462033,0.527865,0.0,0.0,0.0,0.074644,0.028528
255,0.0,0.656045,0.183289,0.10842,0.39566,0.050049,0.154332,0.318065,0.370868,0.0,0.0,0.745183,0.0,0.0,1.142571,0.242695,1.230756,0.56274,0.0,0.50137,1.5113,0.299558,0.0,0.802118,0.0,0.172482,0.0,0.0,1.058872,0.210712,0.0,0.0,0.778181,0.253294,0.0,0.0,0.0,0.0,0.054835,0.405312,0.0,0.486401,0.591025,0.0,0.0,0.0,0.138747,0.0
256,0.0,0.800729,0.14909,0.0,0.484168,0.288944,0.029422,0.255444,0.327459,0.0,0.0,0.804685,0.0,0.0,1.127911,0.015183,1.072546,0.47904,0.0,0.479889,1.579098,0.31298,0.0,1.055654,0.0,0.251045,0.0,0.0,0.964301,0.244456,0.083871,0.0,0.643048,0.395016,0.0,0.0,0.0,0.0,0.248809,0.595019,0.0,0.555268,0.770563,0.0,0.0,0.0,0.031089,0.0
257,0.0,0.723605,0.081756,0.095941,0.640058,0.21521,0.277811,0.357381,0.273039,0.102676,0.0,0.820109,0.0,0.0,1.047575,0.0,1.016458,0.505309,0.0,0.328607,1.622472,0.255963,0.0,1.321227,0.0,0.03942,0.0,0.0,1.040949,0.378468,0.055389,0.0,0.736444,0.342618,0.0,0.093708,0.0,0.0,0.453287,0.626812,0.0,0.449643,0.710704,0.0,0.083162,0.0,0.200297,0.0
258,0.0,0.660872,0.0,0.0,0.520736,0.20617,0.245059,0.296659,0.218926,0.0,0.0,0.731319,0.0,0.0,1.1765,0.0,1.066285,0.273059,0.0,0.426603,1.932559,0.370652,0.0,1.582577,0.022822,0.136085,0.0,0.0,1.321587,0.40551,0.221548,0.0,0.692634,0.461412,0.0,0.191016,0.0,0.0,0.632556,0.832474,0.0,0.544864,0.707195,0.0,0.0,0.0,0.183948,0.018211
259,0.0,0.539581,0.039271,0.0,0.546078,0.34333,0.084452,0.288008,0.216802,0.0,0.264829,0.853287,0.0,0.094717,1.330156,0.0,1.185372,0.35534,0.0,0.549791,2.181504,0.4073,0.0,1.850643,0.0,0.247022,0.161731,0.0,1.617481,0.312189,0.260256,0.0,0.694648,0.750313,0.0,0.118445,0.0,0.0,0.807231,1.147344,0.0,0.734571,0.869535,0.0,0.0,0.0,0.0,0.118815
260,0.0,0.510885,0.057128,0.0,0.515768,0.541816,0.109051,0.395495,0.05545,0.0,0.297505,0.980687,0.0,0.022473,1.246943,0.0,1.036742,0.629555,0.0,0.612874,2.222947,0.30815,0.0,1.999592,0.0,0.16065,0.341191,0.0,1.660648,0.259037,0.27971,0.0,0.617122,0.85419,0.0,0.232592,0.0,0.0,0.758918,1.222039,0.0,0.778176,1.007726,0.0,0.0,0.0,0.0,0.141568
261,0.0,0.287135,0.075553,0.192616,0.483281,0.270023,0.367725,0.693453,0.0,0.390575,0.080834,0.645821,0.0,0.0,0.890917,0.0,1.021203,0.532466,0.0,0.612634,2.173518,0.000164,0.0,2.193017,0.022647,0.0,0.118829,0.0,1.604,0.468136,0.05135,0.0,0.610303,0.552944,0.0,0.648635,0.0,0.0,0.560335,1.015011,0.0,0.559701,0.89665,0.0,0.0,0.0,0.0,0.0
262,0.0,0.089845,0.154599,0.551311,0.419566,0.420261,0.450338,0.961238,0.0,0.462234,0.104937,0.520087,0.0,0.119868,0.861139,0.0,0.963745,0.886334,0.0,0.534014,2.133059,0.0,0.0,1.967222,0.0,0.0,0.14561,0.0,1.744914,0.559354,0.0,0.0,0.780624,0.464124,0.0,0.438576,0.0,0.0,0.324723,0.957173,0.0,0.590952,0.888778,0.075488,0.0,0.0,0.0,0.124673
263,0.0,0.0,0.0,1.061108,0.254748,0.154509,0.518558,1.028922,0.0,0.816464,0.224218,0.009338,0.0,0.367564,0.583339,0.0,0.88051,0.747682,0.0,0.363159,1.752905,0.0,0.0,1.990802,0.047567,0.0,0.281828,0.0,1.794327,0.835398,0.0,0.0,0.776762,0.336718,0.0,0.608972,0.0,0.0,0.247241,0.75047,0.0,0.180242,0.653786,0.288534,0.0,0.0,0.0,0.0
264,0.0,0.0,0.092234,1.568939,0.220604,0.0,0.591666,1.366092,0.0,1.35433,0.123375,0.0,0.0,0.116324,0.418871,0.0,0.618047,0.894389,0.0,0.24019,1.497921,0.0,0.0,1.827981,0.194934,0.0,0.01276,0.0,1.537072,1.037628,0.0,0.0,0.971784,0.0,0.0,0.974959,0.0,0.0,0.0,0.604783,0.0,0.0,0.40996,0.579399,0.0,0.0,0.0,0.0
265,0.0,0.0,0.087356,1.834584,0.319036,0.0,0.657849,1.391772,0.0,1.618534,0.262463,0.0,0.0,0.41606,0.641305,0.0,0.531359,0.736874,0.0,0.539589,1.628953,0.0,0.0,1.620865,0.332527,0.0,0.262639,0.0,1.423427,1.25458,0.0,0.0,0.873262,0.0,0.0,0.879834,0.0,0.0,0.0,0.364821,0.0,0.019937,0.263953,0.676441,0.0,0.0,0.0,0.0
266,0.0,0.0,0.0,1.627251,0.181481,0.0,0.336804,1.048084,0.0,1.480272,0.260324,0.0,0.0,0.416527,0.311928,0.0,0.127917,0.620587,0.143,0.135468,1.11178,0.0,0.0,1.273646,0.336465,0.0,0.425383,0.0,1.136478,1.237958,0.0,0.0,0.879929,0.0,0.0,0.678134,0.064774,0.087815,0.141182,0.23282,0.0,0.0,0.275018,0.796261,0.0,0.0,0.0,0.0
267,0.0,0.0,0.094749,1.542252,0.169774,0.0,0.447719,1.021955,0.0,1.336727,0.163872,0.0,0.0,0.324321,0.323477,0.0,0.0,0.426844,0.19192,0.065655,0.939578,0.0,0.0,1.0832,0.282778,0.0,0.485522,0.0,0.841256,1.140253,0.0,0.0,0.804315,0.0,0.0,0.658734,0.172492,0.051994,0.12826,0.219478,0.0,0.0,0.342404,0.742133,0.0,0.0,0.0,0.0
268,0.0,0.252111,0.137726,1.255962,0.243255,0.053841,0.476888,0.795238,0.0,1.06447,0.143366,0.073505,0.0,0.233083,0.232486,0.0,0.0,0.367306,0.407695,0.060014,0.603328,0.135786,0.0,0.696172,0.172905,0.0,0.249342,0.0,0.376676,0.850089,0.0,0.0,0.797931,0.0,0.106539,0.587714,0.195691,0.0,0.27651,0.029808,0.0,0.0,0.338971,0.55474,0.0,0.0,0.0,0.0
269,0.0,0.566874,0.0,1.038582,0.353497,0.052389,0.515819,0.474416,0.0,0.790308,0.0,0.097912,0.015482,0.184273,0.23662,0.0,0.0,0.0947,0.686758,0.114259,0.360576,0.310488,0.0,0.48223,0.0,0.15602,0.25899,0.0,0.179612,0.494618,0.0,0.0,0.572443,0.0,0.32315,0.677824,0.335365,0.0,0.44481,0.0,0.0,0.0,0.317899,0.300415,0.0,0.0,0.0,0.0
270,0.0,0.640581,0.0,0.626977,0.330708,0.027637,0.41755,0.107162,0.0,0.684235,0.0,0.107951,0.074725,0.374821,0.339951,0.0,0.0,0.0,0.871455,0.013154,0.149529,0.432636,0.0,0.262874,0.0,0.37653,0.249131,0.0,0.164623,0.314679,0.34431,0.0,0.419307,0.028383,0.415108,0.558025,0.452759,0.0,0.771191,0.031737,0.0,0.0,0.204976,0.2937,0.0,0.0,0.223855,0.15711
271,0.0,0.928007,0.0,0.536883,0.031654,0.35727,0.276655,0.0,0.0,0.549063,0.0,0.316176,0.100093,0.293795,0.360595,0.0,0.216856,0.0,1.125253,0.208357,0.0,0.903422,0.0,0.196896,0.0,0.815507,0.238922,0.083979,0.0,0.30843,0.419522,0.0,0.404167,0.101221,0.525588,0.444868,0.496513,0.0,0.752767,0.036447,0.0,0.0,0.235298,0.15386,0.0,0.0,0.283963,0.504628
272,0.0,0.979911,0.0,0.431043,0.213866,0.425611,0.107456,0.0,0.155335,0.210945,0.0,0.242749,0.02085,0.273246,0.689551,0.0,0.448511,0.0,0.990478,0.017113,0.0,1.099062,0.0,0.351792,0.0,1.011638,0.076607,0.083131,0.055782,0.105739,0.385068,0.0,0.433724,0.0,0.246009,0.012401,0.254489,0.0,0.894485,0.02883,0.0,0.0,0.612488,0.22152,0.0,0.0,0.061268,0.3985
273,0.0,1.192079,0.0,0.291455,0.254261,0.529097,0.0,0.0,0.275232,0.04707,0.019269,0.334264,0.0,0.215922,0.896164,0.002868,0.720125,0.0,1.031636,0.043485,0.0,1.19396,0.0,0.42757,0.0,1.367205,0.121926,0.037558,0.264862,0.0,0.449706,0.0,0.393761,0.0,0.065216,0.0,0.091845,0.0,1.051765,0.185268,0.0,0.0,0.744609,0.132003,0.0,0.0,0.0,0.457117
274,0.0,1.254931,0.0,0.29048,0.355868,0.470973,0.0,0.0,0.191259,0.206987,0.0,0.519336,0.0,0.064131,0.917814,0.0,0.733526,0.0,0.965992,0.0,0.0,1.473088,0.0,0.613516,0.0,1.295626,0.028342,0.091597,0.198525,0.204336,0.414284,0.0,0.571495,0.0,0.19434,0.0,0.108632,0.0,1.079982,0.16197,0.0,0.0,0.758214,0.180221,0.0,0.0,0.0,0.466241
275,0.102069,1.276952,0.0,0.16412,0.412558,0.350576,0.0,0.0,0.13315,0.421365,0.0,0.5519,0.0,0.127186,0.994277,0.0,0.688258,0.0,0.934669,0.0,0.014423,1.411583,0.0,0.745502,0.048784,1.228342,0.003718,0.05389,0.358542,0.41166,0.595896,0.0,0.532585,0.0,0.208088,0.0,0.172446,0.0,1.163204,0.225951,0.0,0.171659,0.706459,0.242774,0.0,0.0,0.0,0.375229
276,0.005494,1.214003,0.0,0.132563,0.535521,0.322919,0.0,0.0,0.149834,0.415315,0.0,0.57445,0.0,0.01314,1.047315,0.0,0.743322,0.0,0.944193,0.0,0.002636,1.538811,0.0,0.854206,0.016898,1.208313,0.0,0.122541,0.327014,0.288222,0.517375,0.0,0.595061,0.0,0.153153,0.0,0.042279,0.0,1.258948,0.166445,0.0,0.140561,0.866903,0.358548,0.0,0.0,0.0,0.289328
277,0.235135,1.162787,0.0,0.241928,0.325815,0.500369,0.009666,0.0,0.132045,0.441935,0.0,0.608694,0.100438,0.033253,0.83916,0.0,0.862466,0.0,1.120188,0.0,0.0,1.578842,0.0,0.772125,0.0,1.245861,0.0,0.230694,0.379362,0.204053,0.500882,0.0,0.590141,0.0,0.449143,0.0,0.114558,0.0,1.27041,0.196876,0.0,0.156688,0.734783,0.33615,0.0,0.0,0.111356,0.44164
278,0.215593,1.361514,0.0,0.155011,0.170805,0.709421,0.025423,0.0,0.228891,0.091821,0.0,0.651792,0.257337,0.27937,0.910647,0.120472,1.169904,0.004655,1.403968,0.152829,0.0,1.773593,0.0,0.501247,0.0,1.671903,0.0,0.14805,0.244362,0.0,0.432912,0.0,0.421484,0.074752,0.374284,0.0,0.0,0.0,1.160764,0.113079,0.0,0.229618,0.763102,0.110756,0.0,0.0,0.063182,0.854088
279,0.26416,1.36886,0.0,0.015915,0.0,0.712626,0.0,0.0,0.22338,0.14025,0.0,0.612959,0.46587,0.311756,0.828847,0.339631,1.213224,0.019204,1.707883,0.210415,0.0,1.832418,0.0,0.399152,0.0,1.87119,0.162552,0.060428,0.149495,0.0,0.591071,0.0,0.241405,0.181218,0.381772,0.0,0.029174,0.0,1.183521,0.082976,0.0,0.321313,0.615068,0.163004,0.0,0.0,0.159289,0.954868
280,0.338931,1.261084,0.0,0.0,0.0,0.672813,0.200369,0.0,0.267595,0.324236,0.056797,0.521603,0.466955,0.448626,0.571838,0.409814,1.226675,0.216124,1.565608,0.0,0.0,1.557818,0.0,0.331643,0.039258,1.54854,0.151886,0.264835,0.018374,0.0,0.377084,0.0,0.253012,0.166861,0.536121,0.0,0.299516,0.0,1.094116,0.0,0.0,0.215355,0.51439,0.158013,0.0,0.0,0.257595,0.919732
281,0.373409,1.233595,0.0,0.0,0.0,0.722181,0.120627,0.0,0.291916,0.364836,0.188573,0.473964,0.41098,0.473369,0.425584,0.47891,1.281513,0.476547,1.605617,0.0,0.0,1.5591,0.0,0.072443,0.051242,1.494082,0.26557,0.195955,0.0,0.0,0.275465,0.0,0.271896,0.086878,0.629864,0.0,0.33872,0.0,0.951258,0.0,0.0,0.165327,0.386379,0.216062,0.0,0.0,0.130575,0.975376
282,0.391119,1.14173,0.0,0.0,0.0,0.651366,0.214698,0.0,0.23224,0.442031,0.130916,0.396647,0.54004,0.546838,0.280555,0.402839,1.111675,0.396218,1.353911,0.0,0.0,1.156437,0.0,0.0,0.063562,1.226624,0.379942,0.227335,0.0,0.0,0.136692,0.0,0.218057,0.150625,0.598852,0.0,0.376779,0.0,0.713044,0.0,0.0,0.159134,0.283175,0.214432,0.0,0.0,0.113997,0.847552
283,0.260643,1.122516,0.0,0.122737,0.0,0.640654,0.330095,0.0,0.124327,0.406291,0.1211,0.380119,0.451444,0.517747,0.113689,0.336868,0.949802,0.46463,1.114732,0.0,0.101998,0.904231,0.034335,0.0,0.0,0.949422,0.569595,0.190204,0.0,0.029955,0.0,0.0,0.290493,0.063168,0.701495,0.0,0.434567,0.0,0.413427,0.0,0.0,0.0,0.126761,0.06017,0.0,0.0,0.0,0.932719
284,0.0,0.909799,0.180413,0.55759,0.0,0.266384,0.558499,0.130698,0.150593,0.447085,0.059105,0.367805,0.250902,0.31099,0.253381,0.174855,0.652412,0.190132,0.719935,0.0,0.262425,0.494267,0.184755,0.0,0.0,0.537,0.500427,0.271771,0.0,0.24617,0.0,0.0,0.281001,0.0,0.388198,0.0,0.408092,0.0,0.372913,0.0,0.0,0.0,0.315635,0.016024,0.0,0.0,0.0,0.453997
285,0.0,0.8437,0.266517,0.906145,0.0,0.216271,0.514541,0.364549,0.100247,0.494366,0.071849,0.442173,0.142493,0.200905,0.242676,0.120169,0.319732,0.152801,0.648287,0.074887,0.479145,0.422153,0.260603,0.0,0.0,0.313555,0.716153,0.130104,0.0,0.571225,0.0,0.0,0.404326,0.0,0.382438,0.0,0.386257,0.0,0.322316,0.0,0.0,0.0,0.310662,0.02405,0.0,0.0,0.0,0.38802
286,0.0,0.744927,0.22476,1.093773,0.0,0.121492,0.463316,0.525172,0.016293,0.609814,0.0,0.364505,0.056708,0.165389,0.084248,0.0,0.038186,0.198358,0.587616,0.0,0.500196,0.269165,0.237157,0.0,0.0,0.039059,0.841919,0.0025,0.0,0.680911,0.0,0.0,0.500855,0.0,0.418255,1.2e-05,0.362312,0.0,0.384689,0.056083,0.0,0.0,0.255988,0.169189,0.0,0.0,0.0,0.187854
287,0.0,0.636705,0.225157,1.317476,0.077612,0.078035,0.470695,0.567076,0.0,0.684025,0.023041,0.29938,0.0,0.100456,0.035005,0.0,0.0,0.301358,0.432562,0.0,0.478033,0.188932,0.061408,0.327108,0.0,0.0,0.842116,0.003641,0.0,0.863012,0.0,0.0,0.519128,0.0,0.313292,0.054389,0.322838,0.0,0.507245,0.167382,0.0,0.0,0.283086,0.305944,0.0,0.0,0.0,0.114692
288,0.0,0.458781,0.253983,1.310954,0.040706,0.014213,0.574145,0.657037,0.0,0.876229,0.038447,0.269438,0.0,0.341566,0.275699,0.0,0.0,0.111184,0.466035,0.0,0.541052,0.0,0.0,0.533604,0.074989,0.0,0.915607,0.0,0.0,1.053114,0.0,0.0,0.218527,0.0,0.17656,0.150688,0.395828,0.0,0.472076,0.031506,0.0,0.0,0.435498,0.282435,0.0,0.0,0.0,0.0
289,0.0,0.397772,0.263488,1.282409,0.111546,0.037679,0.52281,0.627764,0.0,0.82568,0.050756,0.0,0.0,0.471836,0.164546,0.0,0.0,0.191423,0.311183,0.0,0.490585,0.0,0.055521,0.428567,0.104104,0.0,0.616777,0.0,0.111243,0.837046,0.0,0.0,0.120822,0.0,0.202217,0.233336,0.461312,0.0,0.521992,0.112131,0.0,0.0,0.33031,0.338919,0.0,0.0,0.0,0.0
290,0.0,0.236505,0.0,1.048052,0.094665,0.0,0.299092,0.317776,0.0,0.914328,0.266859,0.0,0.0,0.749069,0.139156,0.058626,0.0,0.13578,0.487666,0.0,0.236285,0.0,0.059429,0.504355,0.237855,0.0,0.670606,0.0,0.218428,0.722059,0.0,0.0,0.0,0.03623,0.195239,0.168673,0.621965,0.019653,0.689038,0.100085,0.0,0.0,0.02682,0.528773,0.0,0.0,0.099486,0.0
291,0.0,0.233157,0.0,0.957309,0.187186,0.172893,0.204124,0.444986,0.0,0.871012,0.211025,0.0,0.0,0.745087,0.141299,0.21188,0.0,0.453295,0.468567,0.0,0.266589,0.0,0.023807,0.269888,0.189564,0.080714,0.426113,0.0,0.095324,0.649745,0.0,0.0,0.0,0.04349,0.378255,0.244864,0.542199,0.0,0.482121,0.048831,0.0,0.0,0.078394,0.493658,0.0,0.0,0.158046,0.0
292,0.0,0.11617,0.0,0.687076,0.10865,0.153676,0.032276,0.378084,0.0,0.886653,0.386972,0.0,0.0,0.774219,0.207079,0.308462,0.0,0.368215,0.570829,0.0,0.248419,0.0,0.039504,0.247955,0.324016,0.292614,0.497818,0.0,0.107505,0.563059,0.017096,0.0,0.0,0.06284,0.269427,0.229478,0.54308,0.0,0.452579,0.001267,0.0,0.0,0.038979,0.587571,0.0,0.0,0.127277,0.0
293,0.0,0.371064,0.0,0.71823,0.019979,0.075793,0.122558,0.403615,0.0,0.587333,0.277991,0.0,0.0,0.55724,0.049632,0.247047,0.0,0.410617,0.575609,0.044884,0.113616,0.0,0.112024,0.156154,0.146837,0.275778,0.35853,0.046829,0.270891,0.363548,0.0,0.0,0.0,0.119519,0.207075,0.478325,0.400854,0.0,0.343611,0.072891,0.0,0.0,0.0,0.446409,0.0,0.0,0.341357,0.0
294,0.0,0.419871,0.232367,0.899891,0.245257,0.114054,0.391384,0.605507,0.0,0.45995,0.143202,0.0,0.082162,0.380829,0.214969,0.210464,0.30083,0.512238,0.202891,0.350832,0.357411,0.0,0.0,0.334665,0.042186,0.114321,0.159686,0.086769,0.223713,0.26685,0.0,0.0,0.116085,0.134617,0.358407,0.648626,0.208261,0.0,0.0,0.0,0.0,0.0,0.04459,0.274219,0.0,0.0,0.072046,0.0
295,0.0,0.39997,0.089909,0.64489,0.220004,0.033336,0.322389,0.542065,0.0,0.409091,0.162541,0.0,0.054829,0.30559,0.139824,0.023606,0.505047,0.59192,0.183563,0.040915,0.233197,0.08167,0.0,0.429667,0.077211,0.156576,0.04175,0.11133,0.271743,0.167496,0.0,0.0,0.259154,0.145309,0.232382,0.617966,0.129723,0.0,0.020102,0.0,0.0,0.0,0.171451,0.296758,0.0,0.0,0.196554,0.0
296,0.0,0.449919,0.231405,0.31185,0.309544,0.071693,0.175617,0.536962,0.0,0.481401,0.226435,0.084794,0.0,0.360495,0.316676,0.0,0.557622,0.601676,0.248083,0.134674,0.500115,0.270646,0.0,0.29215,0.24342,0.293771,0.0,0.0,0.273534,0.300779,0.0,0.0,0.40509,0.0,0.103936,0.143768,0.0,0.0,0.0,0.0,0.0,0.314664,0.215247,0.438158,0.0,0.0,0.0,0.05389
297,0.0,0.400747,0.195181,0.316507,0.318651,0.0,0.226239,0.553375,0.0,0.589601,0.122077,0.106445,0.0,0.159498,0.443975,0.0,0.730997,0.6625,0.072951,0.162404,0.595544,0.25513,0.0,0.373997,0.290806,0.154792,0.0,0.0,0.377433,0.330897,0.0,0.0,0.571757,0.0,0.181255,0.22913,0.025985,0.0,0.0,0.0,0.0,0.282734,0.074955,0.488696,0.0,0.0,0.000347,0.0
298,0.0,0.523474,0.240001,0.313328,0.338237,0.0,0.361792,0.524748,0.0,0.474106,0.083259,0.181231,0.0,0.119506,0.637613,0.0,0.918795,0.67876,0.0,0.261918,0.649601,0.274127,0.0,0.495763,0.215043,0.122526,0.0,0.0,0.39907,0.39343,0.0,0.0,0.529761,0.0,0.081957,0.163384,0.014788,0.0,0.0,0.0,0.0,0.372789,0.189493,0.387252,0.0,0.0,0.018707,0.095476
299,0.0,0.525299,0.023327,0.105073,0.400937,0.0,0.250126,0.46425,0.0,0.456254,0.173291,0.128747,0.0,0.129088,0.664748,0.0,0.847321,0.671451,0.07874,0.09539,0.567085,0.229326,0.0,0.507274,0.116526,0.069764,0.0,0.0,0.613401,0.304593,0.0,0.0,0.507882,0.0,0.0,0.0,0.0,0.0,0.020229,0.0,0.0,0.335508,0.329742,0.356816,0.0,0.0,0.015979,0.078623
300,0.0,0.588535,0.151581,0.0,0.289475,0.10786,0.091435,0.467759,0.0,0.201288,0.133725,0.277678,0.0,0.0,0.709433,0.0,0.843959,0.70901,0.009415,0.249798,0.536271,0.297495,0.0,0.552032,0.0,0.283398,0.0,0.0,0.554825,0.182424,0.0,0.0,0.303093,0.0,0.0,0.0,0.0,0.0,0.0,0.02325,0.0,0.400453,0.596007,0.273619,0.0,0.0,0.0,0.120635
301,0.0,0.553172,0.03695,0.0,0.047287,0.178297,0.0,0.319034,0.133569,0.083605,0.224184,0.246262,0.0,0.0,0.614421,0.0,0.879384,0.780075,0.243174,0.210495,0.430833,0.25017,0.0,0.386581,0.0,0.44571,0.0,0.0,0.682486,0.001921,0.0,0.0,0.284783,0.009589,0.0,0.053173,0.0,0.0,0.086828,0.12258,0.0,0.321397,0.564604,0.268833,0.0,0.0,0.083971,0.231309
302,0.05972,0.39431,0.0,0.024001,0.0,0.0,0.126304,0.438446,0.173587,0.217043,0.125187,0.200975,0.0,0.056698,0.687853,0.004869,0.900196,0.587224,0.128734,0.214173,0.514398,0.150782,0.0,0.432073,0.0,0.153684,0.0,0.0,0.81367,0.030478,0.0,0.0,0.347931,0.0,0.0,0.212443,0.0,0.0,0.0,0.043012,0.0,0.203565,0.37339,0.186947,0.0,0.0,0.239833,0.139795
303,0.0,0.38015,0.163243,0.187303,0.181239,0.0,0.34557,0.521829,0.296037,0.23355,0.148484,0.16785,0.0,0.0,0.665183,0.071713,1.097526,0.722928,0.0,0.3711,0.772061,0.0,0.0,0.609765,0.0,0.0,0.0,0.0,0.837934,0.0,0.0,0.0,0.371999,0.005569,0.0,0.164623,0.0,0.0,0.0,0.141747,0.0,0.306276,0.311183,0.053849,0.0,0.0,0.076259,0.148912
304,0.0,0.362594,0.195816,0.264639,0.09457,0.260336,0.139484,0.490804,0.504158,0.0,0.236439,0.415479,0.0,0.0,0.489045,0.287579,1.137255,0.765067,0.0,0.497399,0.885727,0.173986,0.0,0.633404,0.0,0.056142,0.0,0.0,0.83275,0.0,0.0,0.0,0.510073,0.267744,0.0,0.045316,0.0,0.0,0.0,0.381978,0.0,0.172559,0.494561,0.0,0.0,0.0,0.048669,0.2036
305,0.0,0.209797,0.327318,0.208829,0.239469,0.279217,0.070153,0.686874,0.626858,0.0,0.381492,0.517086,0.0,0.0,0.552035,0.27153,1.262882,0.974842,0.0,0.615669,1.197397,0.078184,0.0,0.797356,0.0,0.002598,0.0,0.0,1.006038,0.0,0.0,0.0,0.660471,0.379138,0.0,0.0,0.0,0.0,0.0,0.593641,0.0,0.280252,0.630799,0.0,0.0,0.0,0.0,0.060063
306,0.0,0.137912,0.347917,0.265483,0.110393,0.162476,0.304155,0.745646,0.393532,0.0,0.116555,0.50953,0.0,0.0,0.60703,0.191952,1.328354,0.948071,0.0,0.578102,1.437598,0.0,0.0,1.13418,0.0,0.0,0.0,0.0,1.321895,0.0,0.0,0.0,0.741488,0.58226,0.0,0.113002,0.0,0.0,0.0,0.493688,0.0,0.330343,0.53003,0.021914,0.0,0.0,0.0,0.0
307,0.0,0.058103,0.43246,0.438821,0.44446,0.115449,0.553889,1.045568,0.161159,0.281318,0.29661,0.538937,0.0,0.0,0.999668,0.390395,1.821214,0.954585,0.0,1.086061,2.172646,0.0,0.0,1.629586,0.0,0.0,0.0,0.0,1.787927,0.204444,0.0,0.0,0.789585,0.786863,0.0,0.013875,0.0,0.0,0.0,0.62307,0.0,0.782187,0.382561,0.069546,0.0,0.0,0.0,0.083718
308,0.0,0.0,0.431788,0.253712,0.276591,0.199297,0.386463,1.214889,0.349864,0.164697,0.217768,0.723951,0.0,0.0,0.90137,0.0456,1.85885,1.105004,0.0,0.962308,2.21107,0.0,0.0,1.613633,0.0,0.0,0.0,0.0,1.858212,0.14881,0.0,0.0,0.90404,0.71873,0.0,0.197327,0.0,0.0,0.0,0.739479,0.0,0.742223,0.690939,0.13835,0.0,0.0,0.0,0.0
309,0.0,0.0,0.364877,0.386556,0.276703,0.082322,0.626831,1.438715,0.263252,0.300041,0.088021,0.70449,0.0,0.0,0.987591,0.0,1.997423,1.283143,0.0,0.869011,2.339674,0.0,0.0,1.691049,0.0,0.0,0.0,0.0,1.878435,0.29632,0.0,0.0,1.103776,0.466934,0.0,0.292931,0.0,0.0,0.0,0.636332,0.0,0.692086,0.689054,0.176146,0.0,0.0,0.0,0.0
310,0.0,0.0,0.323065,0.189013,0.292812,0.303761,0.321579,1.190843,0.418774,0.0,0.179824,0.941195,0.0,0.0,1.009037,0.0,2.096462,1.293455,0.0,0.985804,2.329195,0.0,0.0,1.599746,0.0,0.0,0.0,0.0,2.098034,0.073056,0.0,0.0,1.159213,0.737609,0.0,0.065762,0.0,0.0,0.0,0.802297,0.0,0.657883,0.834158,0.198214,0.0,0.0,0.0,0.0
311,0.0,0.011618,0.185123,0.32965,0.579257,0.080833,0.359171,1.072161,0.350355,0.093753,0.25787,0.929137,0.0,0.0,1.350693,0.333447,2.457058,1.00534,0.0,1.28214,2.667327,0.0,0.0,1.83932,0.0,0.0,0.0,0.0,2.295559,0.14709,0.0,0.0,1.169186,0.800267,0.0,0.0,0.0,0.0,0.0,0.766139,0.0,0.802034,0.630963,0.134873,0.0,0.0,0.0,0.0
312,0.0,0.243154,0.175868,0.105643,0.454465,0.209719,0.257065,0.796356,0.371251,0.0,0.191498,0.955427,0.0,0.0,1.145884,0.410101,2.181957,0.833036,0.0,1.028463,2.378978,0.0,0.0,1.761595,0.0,0.0,0.0,0.0,1.949989,0.099186,0.0,0.0,0.902375,0.917964,0.0,0.0,0.0,0.0,0.0,0.795895,0.0,0.693563,0.74587,0.169176,0.0,0.0,0.0,0.0
313,0.0,0.239815,0.042924,0.140178,0.567487,0.137205,0.303337,0.640044,0.340364,0.102402,0.204975,0.919006,0.0,0.224554,1.187499,0.635086,2.055094,0.77447,0.0,0.928852,2.215408,0.0,0.0,1.707654,0.0,0.0,0.0,0.0,1.780732,0.0,0.0,0.0,0.787823,1.017079,0.0,0.0,0.0,0.0,0.082104,0.713597,0.0,0.633689,0.625529,0.138639,0.0,0.0,0.083233,0.0
314,0.0,0.207837,0.0,0.121613,0.470964,0.084067,0.079728,0.5157,0.379781,0.0,0.167161,0.81157,0.0,0.138539,0.973385,0.799954,1.597196,0.76513,0.0,0.59428,1.702298,0.068944,0.0,1.34148,0.0,0.0,0.0,0.0,1.301253,0.0,0.0,0.0,0.936552,0.806331,0.0,0.0,0.030388,0.0,0.0,0.54848,0.0,0.391783,0.622736,0.243119,0.0,0.0,0.38723,0.0
315,0.0,0.19923,0.0,0.243962,0.281242,0.013581,0.027127,0.341149,0.524889,0.0,0.092107,0.469793,0.0,0.251085,0.917167,0.847784,1.346925,0.434855,0.0,0.51699,1.361673,0.131935,0.025208,1.045388,0.0,0.0,0.0,0.0,1.049505,0.0,0.0,0.0,0.578932,0.848233,0.0,0.022913,0.212892,0.0,0.119123,0.490985,0.0,0.30005,0.320656,0.199074,0.0,0.0,0.576103,0.0
316,0.0,0.152375,0.253817,0.268047,0.196665,0.26106,0.0,0.323632,0.736009,0.0,0.235035,0.360054,0.0,0.0,0.630926,0.88228,1.168671,0.616501,0.0,0.531605,0.982053,0.273373,0.183254,0.693884,0.0,0.209046,0.0,0.0,0.737988,0.0,0.0,0.0,0.667663,0.856982,0.036283,0.0,0.268752,0.0,0.203021,0.576516,0.0,0.242968,0.301042,0.209299,0.178314,0.0,0.522948,0.0
317,0.0,0.069165,0.286598,0.457067,0.082156,0.226202,0.0,0.47856,0.872453,0.0,0.050349,0.283483,0.146575,0.007892,0.525067,0.680103,1.258013,0.709855,0.0,0.560839,0.810483,0.323984,0.133717,0.590544,0.0,0.100731,0.0,0.0,0.584806,0.0,0.0,0.0,0.480517,0.846515,0.143985,0.06823,0.338244,0.0,0.083122,0.381477,0.0,0.106447,0.379392,0.064207,0.113093,0.0,0.514154,0.0
318,0.0,0.146259,0.341259,0.558752,0.0,0.329842,0.103558,0.564354,0.734465,0.0,0.009669,0.227429,0.301899,0.0,0.363951,0.601104,1.06339,0.827664,0.0,0.512825,0.708444,0.413894,0.112797,0.640184,0.0,0.163473,0.0,0.0,0.439132,0.0,0.0,0.0,0.49475,0.854948,0.208643,0.280428,0.39173,0.0,0.0,0.2074,0.0,0.0,0.273464,0.018055,0.101185,0.0,0.535911,0.0
319,0.0,0.103409,0.355483,0.579694,0.099111,0.241503,0.127475,0.615045,0.630596,0.0,0.205966,0.302051,0.0,0.213243,0.671899,0.783088,0.994545,0.705553,0.175639,0.801833,1.016553,0.216824,0.006963,0.889431,0.0,0.0,0.304603,0.0,0.74086,0.0,0.0,0.0,0.316741,0.977732,0.301577,0.214326,0.281077,0.0,0.235394,0.370369,0.0,0.090688,0.259235,0.0,0.0,0.0,0.131094,0.0
320,0.0,0.190994,0.228505,0.640606,0.045579,0.41226,0.17075,0.494099,0.39919,0.0,0.329843,0.3082,0.0,0.233876,0.484037,0.776976,0.837314,0.73479,0.133836,0.688678,0.797083,0.383587,0.0,0.860354,0.0,0.068336,0.26493,0.0,0.575406,0.0,0.0,0.0,0.455319,0.780302,0.306413,0.136801,0.291497,0.0,0.155633,0.243362,0.0,0.0,0.295979,0.105421,0.0,0.0,0.207806,0.026658
321,0.0,0.094873,0.0,0.543825,0.074929,0.313793,0.208634,0.431694,0.436655,0.154465,0.24567,0.444472,0.0,0.382034,0.559734,0.688077,0.526852,0.565306,0.439056,0.614741,0.825099,0.154608,0.0,1.123346,0.0,0.0,0.397996,0.0,0.688129,0.0,0.0,0.0,0.142588,0.837343,0.350665,0.282941,0.360779,0.0,0.468947,0.396738,0.0,0.0,0.425746,0.098367,0.0,0.0,0.120646,0.0
322,0.0,0.113452,0.0,0.395122,0.0,0.504924,0.075699,0.119209,0.625652,0.078718,0.214626,0.398692,0.0,0.26498,0.197689,0.431062,0.245929,0.448011,0.680869,0.181953,0.302795,0.300724,0.0,1.021627,0.0,0.178124,0.349124,0.0,0.473026,0.0,0.0,0.0,0.0,0.788543,0.275838,0.275815,0.589483,0.0,0.675113,0.432894,0.0,0.0,0.53614,0.200262,0.0,0.036008,0.38477,0.0
323,0.0,0.059364,0.0,0.396946,0.0,0.488552,0.147028,0.0,0.641816,0.349033,0.3612,0.195489,0.0,0.483752,0.293896,0.596712,0.0,0.171561,1.185588,0.0,0.0,0.404306,0.0,1.01556,0.137094,0.46213,0.453114,0.0,0.332587,0.0,0.294967,0.0,0.0,0.774273,0.234771,0.272225,0.900811,0.0,1.048936,0.420693,0.0,0.0,0.443261,0.467152,0.0,0.010692,0.595706,0.0
324,0.0,0.0,0.0,0.350749,0.0,0.480058,0.069716,0.0,0.691781,0.595142,0.562762,0.0,0.0,0.654822,0.516971,0.560513,0.0,0.013252,1.520364,0.0,0.0,0.612367,0.010584,0.94132,0.359058,0.793373,0.445661,0.0,0.194595,0.0,0.535578,0.0,0.0,0.917223,0.170804,0.172345,1.208131,0.0,1.421979,0.436807,0.0,0.0,0.443175,0.699584,0.0,0.0,0.913796,0.0
325,0.0,0.0,0.0,0.322001,0.0,0.567814,0.043055,0.0,0.699179,0.78719,0.496448,0.0,0.0,0.794654,0.637075,0.425498,0.0,0.0,1.707972,0.0,0.0,0.763576,0.0,0.95936,0.520852,1.030388,0.357323,0.0,0.042868,0.0,0.520695,0.0,0.0,1.057426,0.261977,0.106176,1.292358,0.0,1.664604,0.378883,0.0,0.0,0.637292,0.832834,0.0,0.0,1.01114,0.0
326,0.0,0.02228,0.0,0.388159,0.0,0.617973,0.159961,0.0,0.439066,1.060853,0.596482,0.010776,0.0,0.878097,0.708956,0.567949,0.0,0.0,2.313492,0.0,0.0,0.987875,0.036535,1.009674,0.680588,1.299142,0.47785,0.0,0.027902,0.0,0.709357,0.0,0.0,1.126518,0.24337,0.312362,1.485206,0.0,1.896784,0.479388,0.0,0.0,0.402882,0.85823,0.0,0.0,1.224118,0.0
327,0.0,0.001484,0.0,0.451935,0.0,0.574251,0.241171,0.0,0.336963,1.175606,0.662905,0.098648,0.0,0.886539,0.794724,0.626354,0.0,0.0,2.464038,0.0,0.0,0.980233,0.0,1.062102,0.663992,1.345333,0.566203,0.0,0.049661,0.0,0.746912,0.0,0.0,1.049375,0.208337,0.443942,1.430396,0.0,1.920766,0.482734,0.0,0.0,0.36615,0.864401,0.0,0.0,1.149961,0.0
328,0.0,0.020578,0.0,0.530061,0.0,0.411671,0.213427,0.0,0.265376,1.325461,0.585308,0.070578,0.0,0.790217,0.584628,0.360082,0.0,0.0,2.315841,0.0,0.0,0.936046,0.0,1.052276,0.611086,1.106056,0.606118,0.0,0.2704,0.17333,0.561965,0.0,0.0,0.786357,0.152086,0.423147,1.2223,0.0,1.866688,0.506668,0.0,0.0,0.341541,0.947618,0.0,0.0,0.965158,0.0
329,0.0,0.225987,0.0,0.640432,0.0,0.323019,0.312369,0.0,0.097013,1.251274,0.372112,0.134161,0.0,0.780682,0.391877,0.291617,0.0,0.0,2.019728,0.0,0.0,0.816942,0.0,0.905093,0.357264,0.950661,0.730138,0.0,0.264089,0.382319,0.583586,0.0,0.0,0.731806,0.241477,0.659912,1.087719,0.0,1.770613,0.480681,0.0,0.0,0.200242,0.740808,0.0,0.0,0.92643,0.057426
330,0.0,0.24694,0.0,0.78263,0.0,0.288806,0.468183,0.0,0.207083,0.972045,0.276491,0.183009,0.0,0.849217,0.479823,0.248094,0.0,0.0,1.719672,0.0,0.0,0.536161,0.0,0.885699,0.318365,0.567793,0.885337,0.0,0.196423,0.323999,0.505039,0.0,0.0,0.502586,0.181091,0.669027,0.816333,0.0,1.368171,0.313459,0.0,0.0,0.395446,0.553712,0.0,0.0,0.362192,0.0
331,0.0,0.438714,0.0,0.9091,0.035703,0.227476,0.423052,0.110051,0.165176,0.736081,0.043393,0.336203,0.0,0.58328,0.297024,0.281974,0.0,0.0,1.529831,0.0,0.081468,0.501976,0.0,0.726536,0.217238,0.511343,1.021428,0.0,0.17201,0.331251,0.345942,0.0,0.048403,0.212804,0.152433,0.677174,0.542639,0.0,1.159489,0.155037,0.0,0.0,0.465201,0.311585,0.0,0.0,0.161851,0.0
332,0.0,0.449777,0.0,1.015114,0.107116,0.319709,0.39058,0.052796,0.117162,0.630019,0.0,0.467377,0.0,0.415178,0.066957,0.274151,0.0,0.0,0.948744,0.0,0.121229,0.608289,0.0,0.539643,0.119265,0.4963,0.751,0.0,0.0,0.444333,0.180909,0.0,0.400819,0.005395,0.419984,0.613689,0.473368,0.0,0.949245,0.023766,0.0,0.0,0.301856,0.134398,0.0,0.0,0.099722,0.125416
333,0.0,0.416099,0.0,0.936444,0.058257,0.351512,0.29024,0.0,0.0,0.559612,0.0,0.56357,0.0,0.322568,0.0,0.44867,0.0,0.090901,0.728495,0.0,0.090582,0.703038,0.0,0.367576,0.05749,0.516164,0.783404,0.0,0.0,0.394663,0.170873,0.0,0.560842,0.0,0.491005,0.556434,0.40573,0.0,0.911363,0.0,0.0,0.0,0.062414,0.079199,0.0,0.0,0.054328,0.288215
334,0.0,0.489072,0.0,0.913513,0.016194,0.367205,0.28908,0.166426,0.099487,0.430862,0.0,0.546734,0.09088,0.302706,0.045615,0.568417,0.122577,0.142235,0.743622,0.067258,0.187287,0.759445,0.0,0.15945,0.0,0.557609,0.826414,0.094985,0.0,0.124917,0.063735,0.0,0.589046,0.0,0.402818,0.414814,0.315113,0.0,0.638279,0.0,0.0,0.0,0.074086,0.009197,0.0,0.0,0.0,0.322066
335,0.05419,0.616113,0.064726,0.580657,0.0,0.515107,0.124924,0.205009,0.0,0.448001,0.0,0.615915,0.288279,0.565558,0.034376,0.693,0.582911,0.309203,0.822685,0.217173,0.321123,0.806646,0.0,0.0,0.0,0.838043,0.944104,0.0,0.0,0.0,0.195556,0.0,0.524424,0.088676,0.581964,0.37841,0.33793,0.0,0.401461,0.0,0.0,0.007522,0.0,0.0,0.0,0.0,0.0,0.640512
336,0.025114,0.683954,0.001871,0.498216,0.0,0.619637,0.310551,0.135386,0.0,0.439852,0.0,0.593604,0.280125,0.639983,0.0,0.796696,0.758701,0.38388,0.791308,0.185669,0.229617,0.782049,0.078344,0.0,0.0,0.649709,0.697428,0.148781,0.0,0.0,0.0,0.0,0.523974,0.201104,0.719088,0.244723,0.336841,0.0,0.384502,0.0,0.0,0.12894,0.0,0.0,0.0,0.0,0.020466,0.686527
337,0.0,0.651709,0.0,0.512502,0.0,0.561317,0.435845,0.165721,0.0,0.416857,0.064361,0.601238,0.16114,0.567039,0.0,0.747037,0.781462,0.409057,0.723292,0.254451,0.159225,0.72256,0.060744,0.0,0.044419,0.53295,0.529311,0.277028,0.0,0.091689,0.0,0.0,0.390721,0.122389,0.646796,0.082196,0.386497,0.0,0.400421,0.0,0.0,0.155488,0.016594,0.0,0.0,0.0,0.068899,0.564915
338,0.0,0.399399,0.058391,0.514208,0.0,0.388348,0.4375,0.192793,0.055265,0.452523,0.049673,0.505817,0.011281,0.464132,0.031948,0.683755,0.741484,0.365424,0.643301,0.102266,0.133137,0.555117,0.121205,0.0,0.165255,0.307547,0.551915,0.262988,0.0,0.200906,0.0,0.0,0.333572,0.0,0.632214,0.0028,0.438656,0.0,0.408211,0.0,0.0,0.174045,0.0,0.063476,0.0,0.0,0.022203,0.366663
339,0.0,0.387932,0.003144,0.300871,0.0,0.499792,0.272949,0.032204,0.007944,0.502959,0.096289,0.569461,0.0,0.675401,0.074589,0.788572,0.677053,0.461801,0.734895,0.062886,0.23459,0.505161,0.223141,0.0,0.183008,0.493769,0.644776,0.045508,0.0,0.329169,0.082758,0.0,0.268976,0.219589,0.835972,0.0,0.571658,0.0,0.515341,0.0,0.0,0.177182,0.0,0.039356,0.0,0.0,0.170573,0.526429
340,0.0,0.509359,0.063207,0.202211,0.0,0.47479,0.200158,0.162886,0.114095,0.411399,0.156465,0.46696,0.073162,0.658074,0.042662,0.74557,0.554268,0.40984,0.948621,0.148112,0.216849,0.449207,0.071141,0.0,0.132933,0.690867,0.65958,0.093848,0.0,0.261635,0.126028,0.0,0.0224,0.124899,0.723263,0.0,0.619665,0.0,0.417938,0.0,0.0,0.243267,0.0,0.034369,0.0,0.0,0.274522,0.599284
341,0.039945,0.634589,0.156255,0.162442,0.0,0.527422,0.22967,0.22017,0.095227,0.288766,0.112317,0.429756,0.199984,0.587233,0.0,0.689308,0.593748,0.295818,0.989461,0.458738,0.159817,0.454248,0.0,0.0,0.058246,0.800454,0.355973,0.307224,0.0,0.191315,0.063479,0.0,0.0,0.13466,0.71806,0.0,0.606191,0.0,0.246351,0.0,0.0,0.300644,0.046975,0.0,0.0,0.0,0.317158,0.589692
342,0.357122,0.814516,0.0,0.0,0.0,0.701544,0.186429,0.005105,0.016472,0.373974,0.159742,0.616143,0.151426,0.691759,0.0,0.808935,0.832216,0.548437,1.048706,0.318455,0.094319,0.504453,0.0,0.0,0.115726,0.908575,0.283748,0.375298,0.0,0.099318,0.152946,0.0,0.0,0.35926,0.853264,0.0,0.669762,0.0,0.329629,0.0,0.0,0.322489,0.089486,0.0,0.0,0.0,0.401893,0.649222
343,0.492757,0.814591,0.0,0.0,0.0,0.59185,0.077791,0.0,0.010136,0.592364,0.20465,0.739961,0.005958,0.587665,0.0,0.811197,0.958062,0.581707,1.063759,0.1985,0.10577,0.585365,0.022677,0.0,0.204721,0.92636,0.31212,0.373031,0.0,0.140343,0.275791,0.0,0.028784,0.227649,0.962799,0.0,0.818599,0.0,0.433088,0.0,0.0,0.305968,0.0,0.019964,0.0,0.0,0.43539,0.662618
344,0.059222,0.644916,0.0,0.0,0.088171,0.501225,0.285804,0.0,0.200107,0.294719,0.336649,0.601957,0.0,0.620116,0.315855,0.677275,1.163917,0.573481,0.672041,0.0,0.114424,0.596432,0.0,0.0,0.180959,0.642527,0.215545,0.480511,0.0,0.223647,0.018417,0.0,0.115755,0.083968,0.595397,0.0,0.599326,0.0,0.558481,0.0,0.0,0.326681,0.247868,0.128745,0.0,0.0,0.214961,0.676974
345,0.18264,0.863263,0.0,0.0,0.11514,0.405539,0.081973,0.0,0.187047,0.211178,0.45466,0.728552,0.0,0.638823,0.380011,0.750154,1.566105,0.655421,0.894245,0.15827,0.27851,0.771908,0.0,0.0,0.106717,0.803684,0.359749,0.464771,0.085111,0.0,0.021671,0.0,0.130589,0.0,0.463196,0.0,0.517006,0.0,0.420129,0.0,0.0,0.4242,0.177604,0.053072,0.0,0.0,0.249885,1.052209
346,0.328482,0.839003,0.0,0.0,0.0,0.468149,0.053119,0.0,0.34487,0.259818,0.327619,0.793844,0.0,0.45536,0.390599,0.840612,1.557899,0.736308,0.765754,0.0,0.157561,0.803505,0.0,0.0,0.05361,0.828239,0.303992,0.495152,0.220601,0.0,0.028997,0.0,0.24977,0.0,0.516444,0.0,0.421414,0.0,0.428466,0.0,0.0,0.300929,0.237464,0.064091,0.0,0.0,0.154548,0.926052
347,0.554593,1.01755,0.0,0.0,0.0,0.653709,0.0,0.0,0.379296,0.164182,0.250423,0.905337,0.127244,0.288802,0.31031,0.812093,1.597597,0.527849,0.787097,0.373476,0.270199,0.817079,0.0,0.0,0.0,1.085952,0.227091,0.36069,0.203997,0.0,0.200387,0.0,0.174932,0.0,0.51249,0.0,0.309811,0.0,0.206766,0.0,0.0,0.30413,0.243601,0.0,0.0,0.0,0.091283,0.97049
348,0.250689,0.999062,0.0,0.0,0.002175,0.447991,0.000475,0.0,0.338337,0.032004,0.269949,0.80874,0.078956,0.289718,0.417449,0.729934,1.559432,0.420035,0.634312,0.371392,0.213742,0.834125,0.0,0.0,0.0,0.86687,0.15225,0.460106,0.391631,0.0,0.003798,0.0,0.180049,0.0,0.322347,0.0,0.184672,0.0,0.332034,0.0,0.0,0.16402,0.305847,0.0,0.0,0.0,0.195244,0.926503
349,0.277915,0.925906,0.0,0.0,0.0,0.421421,0.0,0.0,0.299258,0.01804,0.177764,0.783979,0.067313,0.239941,0.491573,0.605051,1.241775,0.309412,0.519622,0.410157,0.14529,0.846371,0.0,0.0,0.0,0.82892,0.069124,0.46736,0.366063,0.0,0.025014,0.0,0.138184,0.053363,0.258804,0.0,0.164561,0.0,0.306813,0.027917,0.0,0.130584,0.360091,0.0,0.0,0.0,0.225367,0.737625
350,0.0,0.824141,0.0,0.012934,0.179182,0.132873,0.0,0.0,0.243707,0.168629,0.267707,0.594433,0.0,0.339558,0.53722,0.634196,1.111365,0.228045,0.517377,0.239027,0.164077,0.827891,0.0,0.0,0.004055,0.608001,0.21056,0.321259,0.293901,0.0,0.060189,0.0,0.321597,0.0,0.123453,0.0,0.25609,0.0,0.488308,0.0,0.0,0.011605,0.299405,0.0,0.0,0.0,0.199778,0.617151
351,0.233481,0.844992,0.0,0.188355,0.0,0.514147,0.033347,0.0,0.320247,0.142006,0.053723,0.574915,0.083847,0.393361,0.302924,0.389295,0.6685,0.226863,0.615999,0.149573,0.022967,0.639102,0.0,0.0,0.017517,0.72754,0.178462,0.300691,0.083862,0.00271,0.208751,0.0,0.137899,0.079852,0.272946,0.0,0.254462,0.0,0.434431,0.0,0.0,0.0,0.417338,0.0,0.0,0.0,0.154558,0.527288
352,0.0,0.729523,0.0,0.312443,0.00753,0.28784,0.005416,0.0,0.222559,0.268076,0.037396,0.328897,0.01809,0.39251,0.25517,0.273218,0.341327,0.032301,0.7937,0.0,0.082149,0.452814,0.0,0.0,0.155624,0.652948,0.436526,0.102853,0.048287,0.038911,0.314775,0.0,0.124717,0.0,0.161622,0.053409,0.331621,0.0,0.616616,0.0,0.0,0.0,0.325814,0.140593,0.0,0.0,0.138619,0.302988
353,0.0,0.512216,0.0,0.48616,0.178534,0.125356,0.210194,0.091017,0.011356,0.495106,0.076331,0.329529,0.0,0.582995,0.23679,0.166853,0.01963,0.0,0.837771,0.0,0.173708,0.379173,0.0,0.0,0.164716,0.435062,0.657662,0.0,0.0,0.434862,0.336788,0.0,0.252953,0.014634,0.391465,0.137283,0.591276,0.0,0.72311,0.0,0.0,0.0,0.053797,0.328022,0.0,0.0,0.158517,0.326651
354,0.0,0.611303,0.0,0.741048,0.133691,0.160513,0.392937,0.425285,0.0,0.594214,0.0,0.391738,0.028435,0.373014,0.0,0.224327,0.0,0.0,0.767775,0.211308,0.142973,0.398608,0.0,0.072969,0.029368,0.349532,0.370355,0.212415,0.0,0.402138,0.127724,0.0,0.469991,0.0,0.630087,0.46241,0.600095,0.0,0.444925,0.0,0.0,0.0,0.107403,0.171779,0.0,0.0,0.21041,0.123509
355,0.0,0.295727,0.0,0.887759,0.251639,0.060764,0.528164,0.50778,0.0,0.891376,0.0,0.600541,0.0,0.279516,0.0,0.255374,0.0,0.0,0.70135,0.268317,0.19137,0.414819,0.0,0.232465,0.184077,0.141649,0.31277,0.167388,0.0,0.662657,0.167529,0.0,0.688502,0.0,0.848404,0.520903,0.870081,0.0,0.646345,0.0,0.0,0.0,0.0,0.351953,0.0,0.0,0.265624,0.0
356,0.0,0.42724,0.0,0.68964,0.096509,0.310524,0.56141,0.633552,0.0,0.805871,0.0,0.641057,0.0,0.629377,0.0,0.41312,0.012694,0.118034,0.907958,0.398724,0.175592,0.516988,0.0,0.09083,0.202111,0.222575,0.385299,0.175421,0.0,0.519853,0.139813,0.0,0.692373,0.205282,0.892961,0.559087,0.723207,0.0,0.518939,0.0,0.0,0.169863,0.0,0.183919,0.0,0.0,0.213192,0.053724
357,0.0,0.443614,0.0,0.546253,0.0,0.552716,0.422009,0.485129,0.0,0.626536,0.0,0.663681,0.0,0.797801,0.0,0.70964,0.088188,0.199974,0.941804,0.515376,0.168825,0.645544,0.0,0.0,0.116285,0.388249,0.585435,0.0,0.0,0.4805,0.246089,0.0,0.678882,0.380864,1.015878,0.646169,0.736237,0.0,0.470119,0.0,0.0,0.268477,0.0,0.099107,0.0,0.0,0.218305,0.366679
358,0.0,0.3924,0.0,0.46828,0.0,0.630587,0.382211,0.158416,0.0,0.818112,0.0,0.782176,0.0,0.804793,0.0,0.855817,0.133964,0.25801,0.930923,0.518984,0.143642,0.605127,0.0,0.0,0.107695,0.413145,0.495271,0.0,0.0,0.588632,0.374459,0.0,0.555334,0.529593,1.278683,0.7084,0.9854,0.0,0.664568,0.0,0.0,0.145543,0.0,0.0,0.0,0.0,0.409404,0.425451
359,0.0,0.389321,0.0,0.451333,0.0,0.584932,0.335942,0.276866,0.0,0.386467,0.0,0.541312,0.0,0.712289,0.0,0.776967,0.218626,0.146464,0.851649,0.538992,0.0,0.558558,0.0,0.0,0.068067,0.396803,0.391634,0.137063,0.0,0.35378,0.165036,0.0,0.289247,0.411381,0.925217,0.509121,0.677268,0.0,0.419597,0.0,0.0,0.199092,0.0,0.042628,0.0,0.0,0.348898,0.349435
360,0.0,0.375908,0.0,0.40668,0.0,0.560102,0.255814,0.07242,0.028155,0.310519,0.119734,0.385511,0.0,0.644198,0.0,0.825556,0.249963,0.196288,0.853152,0.413213,0.0,0.488836,0.0,0.030892,0.147612,0.44776,0.300493,0.215366,0.0,0.248243,0.107797,0.0,0.030641,0.401223,0.795065,0.399838,0.75119,0.0,0.481072,0.0,0.0,0.116292,0.0,0.10589,0.0,0.0,0.448894,0.267831
361,0.0,0.385514,0.0,0.232827,0.0151,0.448984,0.184427,0.0,0.194509,0.224739,0.240207,0.255429,0.0,0.763427,0.226559,0.63156,0.421485,0.10842,0.780578,0.233844,0.0,0.264004,0.0,0.07304,0.301008,0.47811,0.232798,0.199857,0.0,0.249415,0.201873,0.0,0.0,0.406807,0.57482,0.141199,0.744128,0.0,0.582069,0.0,0.0,0.129299,0.146295,0.190704,0.0,0.0,0.547001,0.187118
362,0.0,0.491849,0.0,0.076027,0.003182,0.47927,0.0,0.0,0.269227,0.239148,0.321926,0.252611,0.0,0.712774,0.341917,0.575995,0.523934,0.21087,0.712136,0.208185,0.0,0.139774,0.0,0.0,0.359426,0.691633,0.020161,0.259456,0.0,0.142577,0.196571,0.0,0.0,0.431268,0.603811,0.040663,0.824086,0.0,0.642009,0.0,0.0,0.108407,0.24073,0.2483,0.0,0.0,0.630977,0.07449
363,0.032595,0.442774,0.0,0.013741,0.005899,0.353172,0.0,0.0,0.235052,0.428195,0.53403,0.229156,0.0,0.935055,0.520748,0.646907,0.540725,0.266804,0.754958,0.023923,0.0,0.127613,0.0,0.0,0.531503,0.790851,0.091435,0.13242,0.009876,0.295131,0.352486,0.0,0.0,0.445414,0.578087,0.0,0.985145,0.0,0.785503,0.0,0.0,0.064574,0.122538,0.474282,0.0,0.0,0.788909,0.086086
364,0.0,0.325235,0.0,0.276951,0.218606,0.408689,0.100815,0.0,0.237168,0.315248,0.420037,0.106435,0.0,0.83467,0.547441,0.574166,0.397706,0.37932,0.543805,0.005398,0.0,0.083593,0.0,0.303356,0.365474,0.372322,0.0,0.257776,0.015876,0.456622,0.049137,0.0,0.0,0.430539,0.550971,0.0,0.840789,0.0,0.7018,0.0,0.0,0.0,0.356633,0.453925,0.0,0.0,0.671155,0.081919
365,0.0,0.238649,0.0,0.519797,0.237363,0.312103,0.157595,0.0,0.300785,0.37231,0.343452,0.0,0.0,0.789276,0.554869,0.337969,0.284438,0.228468,0.282408,0.0,0.0,0.0,0.0,0.526151,0.445457,0.357085,0.0,0.324741,0.168301,0.599891,0.0,0.0,0.0,0.347059,0.421998,0.0,0.807553,0.0,0.7263,0.0,0.0,0.0,0.436432,0.556312,0.0,0.0,0.714669,0.0
366,0.0,0.29068,0.0,0.358191,0.037221,0.365198,0.017183,0.0,0.154123,0.47831,0.650016,0.0,0.0,0.93523,0.624522,0.563823,0.107257,0.131517,0.79647,0.0,0.0,0.0,0.0,0.753377,0.411117,0.347302,0.272857,0.024602,0.143892,0.48057,0.309872,0.0,0.0,0.468807,0.200305,0.113339,0.813475,0.0,0.968912,0.312781,0.0,0.0,0.401243,0.569469,0.0,0.0,0.60825,0.0
367,0.0,0.27,0.0,0.464093,0.0,0.190089,0.0,0.0,0.01273,0.924553,0.579833,0.0,0.0,0.895982,0.512266,0.378298,0.0,0.003335,0.956367,0.0,0.0,0.196357,0.0,0.560826,0.324788,0.435585,0.380601,0.0,0.153429,0.72473,0.316099,0.0,0.0,0.323992,0.362733,0.083814,1.021553,0.0,1.030878,0.208827,0.0,0.0,0.037492,0.731018,0.0,0.0,0.611276,0.0
368,0.0,0.353272,0.0,0.569428,0.121445,0.11011,0.038705,0.0,0.0,0.943779,0.265332,0.0,0.0,0.554959,0.425764,0.040235,0.0,0.0,0.783426,0.0,0.0,0.246727,0.0,0.584392,0.253772,0.34513,0.088553,0.102384,0.211205,0.681433,0.195353,0.0,0.0,0.184858,0.397587,0.14084,0.833112,0.0,1.010131,0.252699,0.0,0.0,0.305811,0.677192,0.0,0.0,0.466585,0.0
369,0.0,0.538731,0.0,0.616311,0.147442,0.229882,0.143295,0.0,0.0,0.680672,0.266443,0.010175,0.0,0.73118,0.483872,0.030815,0.0,0.0,0.855571,0.00731,0.0,0.340719,0.0,0.551468,0.103906,0.476643,0.17784,0.041049,0.165242,0.559655,0.280862,0.0,0.0,0.426883,0.301386,0.355092,0.744196,0.0,0.979308,0.234392,0.0,0.0,0.371583,0.467173,0.0,0.0,0.506504,0.0
370,0.0,0.767029,0.0,0.644731,0.154175,0.243267,0.133241,0.0,0.0,0.702226,0.272573,0.112215,0.0,0.431934,0.43313,0.166869,0.0,0.0,1.02058,0.213245,0.0,0.607693,0.0,0.545429,0.002809,0.627045,0.115703,0.260055,0.09837,0.572367,0.199641,0.0,0.096962,0.306926,0.450407,0.534558,0.741554,0.0,0.834355,0.17148,0.0,0.0,0.239599,0.358443,0.0,0.0,0.52154,0.036564
371,0.0,0.582364,0.0,0.271343,0.287156,0.0,0.0,0.0,0.0,0.822126,0.344118,0.0,0.0,0.493353,0.566252,0.0,0.0,0.0,0.845771,0.05384,0.0,0.421588,0.0,0.576192,0.373077,0.519923,0.105466,0.0,0.295782,0.513804,0.308484,0.0,0.141918,0.1149,0.060526,0.306327,0.589946,0.0,0.950083,0.215947,0.0,0.0,0.29199,0.624973,0.0,0.0,0.446831,0.0
372,0.0,0.509787,0.0,0.394082,0.533201,0.0,0.204883,0.120555,0.0,0.80686,0.018089,0.287153,0.0,0.460546,0.609023,0.0,0.0,0.0,0.368839,0.107077,0.199344,0.364528,0.0,0.638075,0.337936,0.313141,0.0,0.002299,0.1654,0.70589,0.137347,0.0,0.358393,0.064477,0.311665,0.126372,0.418125,0.0,0.693424,0.091227,0.0,0.024546,0.459941,0.472369,0.0,0.0,0.238625,0.0
373,0.0,0.708082,0.025744,0.215436,0.206474,0.0,0.0,0.130137,0.0,0.75045,0.183005,0.039551,0.0,0.433189,0.468957,0.0,0.198679,0.080539,0.643138,0.193769,0.364142,0.436935,0.0,0.208278,0.329967,0.590115,0.159695,0.0,0.246387,0.580181,0.093423,0.0,0.383127,0.0,0.078576,0.176105,0.279213,0.0,0.421313,0.169547,0.0,0.168017,0.096681,0.525708,0.0,0.0,0.145497,0.007097
374,0.0,0.587716,0.266017,0.605941,0.353737,0.0,0.152346,0.432945,0.0,0.675016,0.0,0.039036,0.0,0.477685,0.480765,0.0,0.487817,0.232906,0.152339,0.17916,0.632824,0.173878,0.0,0.340892,0.340679,0.19218,0.069378,0.0,0.214989,0.747354,0.0,0.0,0.476635,0.0,0.079184,0.093719,0.157458,0.0,0.05717,0.016599,0.0,0.015316,0.292277,0.346015,0.0,0.0,0.0,0.0
375,0.0,0.535219,0.536135,0.935958,0.373908,0.0,0.482693,0.661473,0.0,0.768844,0.0,0.153654,0.0,0.337137,0.472854,0.026894,0.702337,0.483924,0.0,0.17536,0.909851,0.010785,0.0,0.325154,0.323004,0.0,0.212572,0.0,0.298324,1.001202,0.0,0.0,0.610792,0.0,0.105894,0.075303,0.168674,0.0,0.0,0.071447,0.0,0.090727,0.25508,0.314687,0.0,0.0,0.0,0.0
376,0.0,0.571499,0.62908,1.137954,0.32576,0.0,0.520091,0.855762,0.0,0.812735,0.0,0.21157,0.0,0.318637,0.397418,0.135396,0.875207,0.709267,0.0,0.257912,1.206018,0.0,0.070553,0.178204,0.254934,0.0,0.345386,0.0,0.345529,1.079339,0.0,0.0,0.846936,0.0,0.179605,0.210383,0.132364,0.0,0.0,0.202111,0.0,0.079598,0.138935,0.211574,0.0,0.0,0.0,0.116215
377,0.0,0.377919,0.830353,1.411875,0.319999,0.0,0.789227,1.042585,0.0,0.946938,0.100537,0.147112,0.0,0.172117,0.552185,0.135779,0.918675,0.705342,0.0,0.408842,1.420001,0.0,0.041019,0.477717,0.262705,0.0,0.444948,0.0,0.613221,1.432649,0.0,0.0,1.065271,0.0,0.0,0.040385,0.190838,0.0,0.0,0.318629,0.0,0.298178,0.14493,0.256033,0.0,0.0,0.0,0.043245
378,0.0,0.283475,0.795236,1.29778,0.236738,0.0,0.692969,1.137396,0.0,0.897691,0.0,0.136795,0.0,0.193043,0.528245,0.0,0.835521,0.477113,0.0,0.438002,1.43911,0.0,0.0,0.774578,0.043495,0.0,0.670582,0.0,0.624231,1.232598,0.0,0.0,0.696229,0.0,0.0,0.155802,0.0,0.0,0.0,0.435899,0.0,0.110607,0.418821,0.050794,0.0,0.0,0.0,0.0
379,0.0,0.316637,0.735746,1.347523,0.209958,0.0,0.700959,1.224408,0.0,0.752002,0.0,0.048685,0.0,0.04633,0.357385,0.0,0.836855,0.770868,0.0,0.296999,1.285071,0.0,0.0,0.606174,0.0,0.0,0.539838,0.0,0.604661,0.880979,0.0,0.0,0.696613,0.0,0.0,0.548199,0.0,0.0,0.0,0.486842,0.0,0.0,0.364249,0.0,0.0,0.0,0.0,0.0
380,0.0,0.16924,0.576765,1.185943,0.231297,0.0,0.633196,1.062941,0.0,0.658625,0.058819,0.140728,0.0,0.332129,0.538665,0.122967,0.805219,0.664988,0.0,0.401732,1.407136,0.0,0.0,0.825761,0.0,0.0,0.631933,0.0,0.704761,0.921962,0.0,0.0,0.515973,0.033994,0.0,0.237536,0.0,0.0,0.0,0.535405,0.0,0.081296,0.501777,0.062644,0.0,0.0,0.0,0.0
381,0.0,0.057579,0.378702,1.007123,0.189877,0.06506,0.319119,0.991096,0.0,0.591058,0.0,0.0,0.0,0.272305,0.341301,0.088986,0.539006,0.828581,0.0,0.243994,1.022072,0.0,0.0,0.829884,0.0,0.0,0.592274,0.0,0.64693,0.703854,0.0,0.0,0.404971,0.245746,0.0,0.388192,0.0,0.0,0.013797,0.464035,0.0,0.0,0.582897,0.199,0.0,0.0,0.0,0.0
382,0.0,0.0,0.293446,1.293617,0.044533,0.0,0.438988,1.13385,0.0,0.803321,0.341426,0.0,0.0,0.470933,0.433876,0.494957,0.697494,0.81516,0.0,0.409666,1.125289,0.0,0.0,0.818578,0.01975,0.0,0.353713,0.0,0.843162,0.774301,0.0,0.0,0.712217,0.095377,0.0,0.359312,0.0,0.0,0.0,0.378376,0.0,0.115586,0.311621,0.387133,0.0,0.0,0.0,0.0
383,0.0,0.0,0.27852,1.373088,0.0,0.065778,0.483849,1.144613,0.0,0.793458,0.318632,0.0,0.0,0.48005,0.326988,0.388067,0.728772,0.925903,0.0,0.448222,1.031048,0.0,0.0,0.828234,0.0,0.0,0.388686,0.0,0.938935,0.656754,0.0,0.0,0.601562,0.276887,0.056329,0.575641,0.0,0.0,0.0,0.390954,0.0,0.047066,0.351834,0.340665,0.0,0.0,0.0,0.0
384,0.0,0.0,0.251041,1.429031,0.0,0.096522,0.43998,1.161925,0.0,0.796121,0.232167,0.0,0.0,0.415376,0.063227,0.20261,0.670565,0.988699,0.043102,0.418346,0.779501,0.0,0.0,0.778226,0.0,0.0,0.380965,0.0,0.824597,0.560478,0.0,0.0,0.563935,0.350118,0.08559,0.854654,0.0,0.0,0.0,0.178952,0.0,0.0,0.340883,0.272297,0.0,0.0,0.0,0.0
385,0.0,0.0,0.326444,1.743385,0.020052,0.026319,0.698162,1.390004,0.0,1.142842,0.331732,0.0,0.0,0.382468,0.318377,0.348163,0.454401,1.006131,0.0,0.648792,0.891162,0.0,0.0,1.009667,0.0,0.0,0.326129,0.0,0.743464,0.804703,0.0,0.0,0.672572,0.325796,0.32014,1.021113,0.122473,0.0,0.030616,0.233108,0.0,0.163456,0.27254,0.382305,0.0,0.0,0.0,0.0
386,0.0,0.0,0.002344,1.424203,0.0,0.038509,0.483198,1.030156,0.0,0.94557,0.275724,0.0,0.0,0.497559,0.0,0.191546,0.080855,0.721573,0.374325,0.140798,0.340425,0.0,0.0,0.88293,0.0,0.0,0.452307,0.0,0.606147,0.633347,0.0,0.0,0.659935,0.322551,0.141497,0.890041,0.225041,0.0,0.275578,0.134919,0.0,0.0,0.325707,0.462824,0.0,0.0,0.0,0.0
387,0.0,0.039782,0.0,1.220184,0.0,0.15498,0.425737,0.678434,0.0,0.964188,0.285155,0.0,0.0,0.689436,0.0,0.36351,0.0,0.607638,0.647678,0.202314,0.130445,0.007003,0.0,0.735103,0.0,0.048171,0.541806,0.0,0.246613,0.660035,0.0,0.0,0.485713,0.440933,0.363381,0.913222,0.347365,0.0,0.510206,0.0,0.0,0.0,0.143825,0.373246,0.0,0.0,0.100277,0.0
388,0.0,0.051937,0.0,1.026351,0.0,0.235961,0.267974,0.668447,0.0,1.084943,0.273756,0.0,0.0,0.720428,0.0,0.331378,0.0,0.45577,0.757329,0.119948,0.0,0.12144,0.0,0.609182,0.0,0.264779,0.48577,0.0,0.090445,0.457255,0.0,0.0,0.396676,0.403183,0.416577,0.813358,0.391871,0.0,0.717603,0.0,0.0,0.0,0.076648,0.437973,0.0,0.0,0.216921,0.0
389,0.0,0.134614,0.0,0.784382,0.0,0.29053,0.255521,0.549115,0.0,1.000885,0.471879,0.0,0.0,1.074625,0.032924,0.657985,0.0,0.480595,1.127729,0.191595,0.0,0.221734,0.069721,0.233544,0.0,0.600439,0.849377,0.0,0.022371,0.367988,0.251441,0.0,0.0,0.593964,0.330241,0.786357,0.549928,0.0,0.908434,0.0,0.0,0.0,0.0,0.429259,0.0,0.0,0.390863,0.0
390,0.0,0.087481,0.0,0.998573,0.0,0.457266,0.492983,0.513793,0.0,0.912187,0.176277,0.11372,0.0,0.971502,0.0,0.754202,0.0,0.348141,0.818871,0.106171,0.0,0.095862,0.075318,0.521903,0.0,0.20459,0.6042,0.0,0.0,0.335195,0.197864,0.0,0.080319,0.695581,0.698745,0.769183,0.638767,0.0,0.822596,0.0,0.0,0.0,0.012489,0.308542,0.0,0.0,0.251425,0.0
391,0.0,0.0,0.0,0.767897,0.0,0.353428,0.438089,0.364772,0.0,1.022429,0.316537,0.063034,0.0,1.036075,0.0,0.739593,0.0,0.317011,1.026471,0.064731,0.0,0.149498,0.0,0.500365,0.0,0.286648,0.724786,0.0,0.0,0.484894,0.27984,0.0,0.0,0.683996,0.70067,0.673964,0.803118,0.0,1.024815,0.0,0.0,0.0,0.0,0.440962,0.0,0.0,0.483773,0.0
392,0.0,0.0,0.0,0.95588,0.0,0.631039,0.541441,0.468104,0.0,1.03875,0.258087,0.183757,0.0,1.014416,0.0,0.973584,0.0,0.327866,0.871865,0.152627,0.0,0.15086,0.0,0.65098,0.0,0.0,0.562708,0.0,0.0,0.451131,0.270286,0.0,0.074023,0.763675,0.951151,0.666929,0.862578,0.0,0.906154,0.0,0.0,0.0,0.0,0.527906,0.0,0.0,0.319275,0.0
393,0.0,0.0,0.0,1.043154,0.0,0.791461,0.595427,0.405431,0.0,1.079081,0.302801,0.266844,0.0,0.974141,0.0,1.239425,0.0,0.416324,0.878026,0.189976,0.0,0.321651,0.0,0.75644,0.028825,0.0,0.493737,0.0,0.0,0.490126,0.283732,0.0,0.294615,0.920169,1.141471,0.707906,0.992421,0.0,0.950587,0.0,0.0,0.0,0.0,0.710925,0.0,0.0,0.356346,0.0
394,0.0,0.0,0.0,0.670279,0.0,0.952135,0.273558,0.405919,0.0,1.065156,0.385858,0.480765,0.0,1.130237,0.0,1.423392,0.0,0.410798,1.262869,0.503203,0.0,0.631128,0.0,0.435152,0.0,0.715199,0.753999,0.0,0.0,0.254648,0.486828,0.0,0.256575,1.162529,0.988506,1.052543,1.119543,0.0,1.04963,0.0,0.0,0.0,0.0,0.427669,0.0,0.0,0.740984,0.0
395,0.0,0.0,0.0,0.545894,0.0,0.882041,0.295387,0.125834,0.0,1.009398,0.273404,0.63311,0.0,0.941457,0.0,1.340797,0.0,0.251459,1.371458,0.439284,0.0,0.833461,0.0,0.59227,0.0,0.672599,0.567407,0.0,0.0,0.246537,0.619866,0.0,0.23936,1.16511,1.118305,0.976523,1.26489,0.0,1.17679,0.0,0.0,0.0,0.0,0.503353,0.0,0.0,0.939328,0.0
396,0.0,0.0,0.0,0.510232,0.0,0.81014,0.365587,0.0,0.0,0.813109,0.080952,0.783818,0.0,0.876435,0.003964,1.282742,0.0,0.0,1.488755,0.390266,0.0,1.05675,0.0,0.71827,0.014398,0.665501,0.428964,0.0,0.0,0.136369,0.679622,0.0,0.223659,1.275613,1.120995,0.909828,1.273292,0.0,1.15138,0.0,0.0,0.045142,0.0,0.431487,0.0,0.0,1.04131,0.0
397,0.0,0.086848,0.0,0.488474,0.0,0.844912,0.365907,0.0,0.0,0.598129,0.041745,0.752964,0.0,0.712147,0.117912,1.310414,0.065901,0.01588,1.645058,0.541808,0.0,1.325161,0.0,0.767303,0.110562,0.863349,0.285687,0.0,0.0,0.0,0.496363,0.0,0.30279,1.305159,1.093834,0.807785,1.248112,0.0,1.018925,0.0,0.0,0.190433,0.0,0.388168,0.0,0.0,1.149557,0.0
398,0.0,0.120892,0.0,0.297125,0.0,0.7886,0.203048,0.0,0.126185,0.431518,0.222631,0.604759,0.0,0.80605,0.489729,1.208846,0.192719,0.0,1.708466,0.49121,0.0,1.32372,0.0,0.690093,0.205368,1.090074,0.39937,0.0,0.0,0.0,0.664256,0.0,0.231908,1.378297,0.740039,0.627196,1.195837,0.0,1.120322,0.169815,0.0,0.277894,0.017825,0.460534,0.0,0.0,1.05615,0.0
399,0.0,0.069667,0.0,0.306525,0.005614,0.783188,0.216283,0.0,0.317043,0.290541,0.0,0.734534,0.0,0.720757,0.357881,0.959669,0.545878,0.0,1.274758,0.38321,0.0,1.373974,0.0,0.74251,0.168328,0.892569,0.181032,0.0,0.0,0.0,0.456638,0.0,0.410082,1.368587,0.830015,0.386915,1.029353,0.0,1.104663,0.138654,0.0,0.224518,0.242383,0.377808,0.0,0.0,0.949825,0.0
400,0.0,0.267208,0.0,0.244282,0.0,0.702506,0.247522,0.0,0.202259,0.205081,0.0,0.791826,0.010529,0.663047,0.399388,0.87399,0.601754,0.0,1.291121,0.478545,0.0,1.380408,0.0,0.764235,0.061035,0.877247,0.018353,0.051592,0.0,0.0,0.452847,0.0,0.191847,1.361026,0.901373,0.437437,1.009896,0.0,0.953971,0.174972,0.0,0.372781,0.067677,0.294752,0.0,0.0,1.060057,0.0
401,0.0,0.298586,0.0,0.298705,0.0,0.863564,0.0,0.0,0.244465,0.039138,0.0,0.699105,0.053748,0.48605,0.406577,1.032813,0.707762,0.041758,1.072227,0.724304,0.0,1.562383,0.0,0.641864,0.0,1.130028,0.100138,0.0,0.0,0.0,0.290785,0.0,0.505326,1.385495,0.871694,0.303224,0.813744,0.0,0.846026,0.182507,0.0,0.447794,0.035198,0.252124,0.0,0.0,0.77205,0.0
402,0.0,0.374762,0.0,0.220318,0.415173,0.59767,0.043021,0.0,0.27542,0.0,0.0,0.628283,0.0,0.372392,0.303327,0.788033,0.773977,0.112846,0.850371,0.491298,0.013267,1.092671,0.0,0.688775,0.0,0.580184,0.0,0.136431,0.0,0.0,0.348774,0.0,0.564253,0.964511,0.808099,0.314742,0.632493,0.0,0.704479,0.0,0.0,0.300945,0.350711,0.432309,0.0,0.0,0.748849,0.0
403,0.0,0.381337,0.0,0.333412,0.131779,0.738242,0.109166,0.0,0.179725,0.0,0.0,0.689893,0.053962,0.262172,0.113306,0.949617,0.676987,0.220371,0.737222,0.671065,0.0,1.24538,0.0,0.60793,0.0,0.656084,0.0,0.197843,0.0,0.0,0.137621,0.0,0.652393,1.082093,0.993153,0.38046,0.568251,0.0,0.559246,0.0,0.0,0.344363,0.108066,0.26829,0.0,0.0,0.6705,0.0
404,0.0,0.383157,0.0,0.263241,0.0,0.863652,0.041826,0.0,0.090146,0.117991,0.0,0.723764,0.012194,0.437097,0.128438,0.871972,0.662119,0.198922,0.724707,0.727093,0.0,1.294717,0.0,0.423972,0.0,0.914616,0.031082,0.103696,0.0,0.0,0.13782,0.0,0.544087,1.212765,0.916734,0.461373,0.618951,0.0,0.584907,0.050481,0.0,0.493293,0.0,0.130022,0.0,0.0,0.629188,0.198359
405,0.0,0.316115,0.0,0.218935,0.161731,0.523058,0.183113,0.0,0.147072,0.103398,0.0,0.583587,0.0,0.446026,0.221111,0.647889,0.408507,0.059683,0.646847,0.360259,0.048089,0.932202,0.0,0.486769,0.0,0.488854,0.0,0.161121,0.0,0.147745,0.268875,0.0,0.393221,0.919841,0.889996,0.431305,0.646872,0.0,0.673925,0.103473,0.0,0.228217,0.0,0.164495,0.0,0.097528,0.817241,0.159185
406,0.0,0.291983,0.0,0.091485,0.416368,0.276275,0.22877,0.0,0.21329,0.20764,0.0,0.563932,0.0,0.419395,0.430771,0.330752,0.224633,0.0,0.466617,0.135184,0.1571,0.683947,0.0,0.549842,0.23851,0.292628,0.0,0.117376,0.000651,0.231102,0.316123,0.0,0.360234,0.684716,0.685557,0.160786,0.573431,0.0,0.714908,0.204814,0.0,0.218558,0.265428,0.363447,0.0,0.0,0.719947,0.0
407,0.0,0.598782,0.0,0.0,0.404278,0.380625,0.068386,0.0,0.246839,0.040949,0.012877,0.525331,0.0,0.299067,0.560392,0.371674,0.214152,0.0,0.863299,0.222269,0.238401,0.732188,0.0,0.662558,0.302167,0.602903,0.120623,0.138999,0.006836,0.159285,0.365141,0.0,0.096641,0.720717,0.377165,0.320244,0.428798,0.0,0.757044,0.317039,0.0,0.330254,0.500809,0.293616,0.0,0.0,0.672309,0.0
408,0.0,0.568273,0.0,0.060156,0.143112,0.548464,0.0,0.0,0.314764,0.0,0.244619,0.400209,0.0,0.450407,0.742541,0.498652,0.480923,0.0,1.031195,0.353364,0.152021,1.094153,0.0,0.553717,0.220498,1.262364,0.209113,0.0,0.136538,0.012407,0.505288,0.0,0.099719,0.97325,0.129295,0.243147,0.427738,0.0,0.992175,0.515358,0.0,0.47658,0.297742,0.235807,0.0,0.0,0.759628,0.098094
409,0.0,0.650078,0.0,0.0,0.431623,0.51189,0.0,0.0,0.206646,0.0,0.067724,0.644978,0.0,0.327402,0.660728,0.407595,0.613318,0.0,0.903462,0.262413,0.134159,1.147159,0.0,0.622596,0.229127,1.0892,0.0,0.259261,0.0,0.0,0.469058,0.0,0.25088,0.719601,0.250385,0.120825,0.307934,0.0,0.932868,0.301218,0.0,0.419052,0.58402,0.297346,0.0,0.0,0.692185,0.034221
410,0.0,0.54052,0.0,0.0,0.518578,0.573919,0.080703,0.0,0.198121,0.127964,0.028257,0.950368,0.0,0.456923,0.519022,0.456846,0.783756,0.0,0.97982,0.286775,0.08674,1.113757,0.0,0.501042,0.1724,1.083128,0.0,0.407193,0.0,0.0,0.61518,0.0,0.322719,0.827019,0.54803,0.113959,0.49464,0.0,1.153126,0.219867,0.0,0.467565,0.50565,0.288785,0.0,0.0,0.932512,0.09557
411,0.0,0.592445,0.0,0.015211,0.392544,0.729707,0.262093,0.0,0.0,0.083072,0.0,1.117475,0.0,0.636202,0.346878,0.821304,1.005563,0.210047,0.818512,0.389767,0.074104,1.271282,0.0,0.467519,0.090672,0.978381,0.0,0.402416,0.0,0.108572,0.63771,0.0,0.546408,1.056772,0.881164,0.104069,0.542199,0.0,1.071187,0.129684,0.0,0.563457,0.248392,0.233759,0.0,0.0,0.903235,0.363243
412,0.0,0.604564,0.0,0.002566,0.466666,0.722679,0.143536,0.0,0.102417,0.0,0.0,1.074973,0.0,0.402964,0.398491,0.812492,1.132478,0.238789,0.818248,0.644496,0.338669,1.191365,0.0,0.395368,0.0,1.132036,0.0,0.472438,0.0,0.0,0.50905,0.0,0.592837,0.978361,0.771409,0.044431,0.387545,0.0,0.834377,0.0,0.0,0.68376,0.410119,0.217844,0.0,0.0,0.74279,0.210412
413,0.0,0.60841,0.0,0.036101,0.358597,0.68599,0.082519,0.0,0.0,0.0,0.0,1.061939,0.0,0.285088,0.397973,1.039383,1.132233,0.295867,0.689705,0.93137,0.502631,1.34838,0.0,0.459927,0.0,1.080103,0.0,0.4551,0.0,0.0,0.354738,0.0,0.710072,0.959186,0.778583,0.119661,0.305066,0.0,0.580837,0.0,0.0,0.870551,0.181477,0.211903,0.0,0.0,0.637953,0.275441
414,0.0,0.462036,0.0,0.093413,0.472091,0.493716,0.230231,0.0,0.0,0.0,0.0,0.806043,0.0,0.392035,0.389177,1.024002,1.190359,0.460561,0.504951,0.770879,0.546199,1.269632,0.0,0.387426,0.0,0.757812,0.0,0.310302,0.0,0.0,0.11708,0.0,0.801724,0.955803,0.76076,0.0,0.243123,0.0,0.699265,0.0,0.0,0.71367,0.173992,0.226341,0.0,0.0,0.626367,0.261785
415,0.0,0.384047,0.0,0.141787,0.403941,0.52835,0.143628,0.0,0.0,0.012044,0.0,0.867325,0.0,0.257011,0.27698,0.991533,0.839543,0.440814,0.490676,0.606722,0.531177,0.925122,0.0,0.422986,0.0,0.622874,0.0,0.264815,0.0,0.0,0.376263,0.0,0.687418,0.769304,0.764448,0.289973,0.294697,0.0,0.586568,0.0,0.0,0.644303,0.188804,0.244635,0.0,0.0,0.647292,0.0
416,0.0,0.259967,0.0,0.281616,0.21319,0.639426,0.142093,0.0,0.032735,0.108885,0.0,0.727241,0.0,0.251497,0.154195,0.877753,0.601526,0.436258,0.443078,0.561272,0.450677,0.806263,0.0,0.429057,0.0,0.592011,0.0,0.178433,0.0,0.0,0.271102,0.0,0.549896,0.807458,0.818321,0.456165,0.403923,0.0,0.502796,0.034474,0.0,0.48731,0.0,0.073756,0.0,0.0,0.645093,0.102217
417,0.0,0.38409,0.024149,0.304021,0.241786,0.595371,0.092771,0.067543,0.209663,0.079365,0.062712,0.433013,0.057839,0.121096,0.211188,0.658887,0.444606,0.417779,0.568225,0.452068,0.561543,0.56954,0.0,0.439369,0.0,0.646815,0.186768,0.122143,0.0,0.0,0.195402,0.0,0.254035,0.593312,0.388476,0.394915,0.354695,0.0,0.427723,0.078345,0.0,0.327673,0.111916,0.083106,0.0,0.0,0.613677,0.042363
418,0.0,0.119574,0.031569,0.478615,0.310584,0.457007,0.202941,0.113291,0.314614,0.046357,0.105308,0.22194,0.0,0.494883,0.361676,0.554789,0.303371,0.221722,0.40028,0.167498,0.642375,0.387845,0.0,0.555867,0.0,0.340234,0.468795,0.0,0.186965,0.231782,0.207624,0.0,0.240986,0.532552,0.238451,0.405025,0.464376,0.0,0.627541,0.19526,0.0,0.0,0.080012,0.027179,0.0,0.0,0.497554,0.067832
419,0.0,0.149235,0.0,0.688755,0.135088,0.565275,0.347415,0.32994,0.214411,0.198901,0.0,0.31341,0.0,0.350386,0.355315,0.508085,0.108065,0.385839,0.076651,0.118808,0.606299,0.33905,0.0,0.57664,0.0,0.031754,0.339089,0.0,0.351205,0.273268,0.0,0.0,0.525551,0.260629,0.347278,0.243127,0.349273,0.0,0.472017,0.260123,0.0,0.0,0.156609,0.193879,0.0,0.0,0.223918,0.0
420,0.0,0.230413,0.0,0.778592,0.252354,0.515834,0.307943,0.365726,0.098381,0.394372,0.220899,0.38337,0.0,0.514256,0.630394,0.677109,0.213223,0.363627,0.01427,0.171283,1.049617,0.218388,0.0,1.091319,0.0,0.0,0.851401,0.0,0.568077,0.374581,0.0,0.0,0.609686,0.220843,0.240694,0.259675,0.376918,0.0,0.634956,0.393847,0.0,0.0,0.286612,0.127424,0.0,0.0,0.0,0.0
421,0.0,0.393886,0.0,0.908856,0.300924,0.619888,0.419799,0.417229,0.084429,0.489793,0.117471,0.578791,0.0,0.475883,0.802935,0.597809,0.12767,0.433329,0.044749,0.191183,1.223395,0.163106,0.0,1.316536,0.0,0.0,0.94271,0.0,0.674453,0.506871,0.032769,0.0,0.59025,0.138392,0.321649,0.215853,0.368672,0.0,0.735931,0.482568,0.0,0.0,0.467468,0.046296,0.0,0.0,0.0,0.0
422,0.0,0.598787,0.0,0.95799,0.312349,0.529799,0.481494,0.272039,0.146512,0.332334,0.0,0.607845,0.0,0.463836,0.75145,0.486993,0.159543,0.349322,0.315621,0.118708,1.114473,0.306996,0.0,1.225049,0.0,0.064582,1.09045,0.0,0.542557,0.49871,0.082799,0.0,0.53141,0.068382,0.079037,0.346623,0.318175,0.0,0.838062,0.41703,0.0,0.0,0.477907,0.0,0.025659,0.0,0.0,0.0
423,0.0,0.570488,0.0,0.934025,0.333586,0.555254,0.407605,0.179812,0.265313,0.278763,0.11664,0.567709,0.0,0.560392,0.712801,0.513272,0.146638,0.397954,0.372486,0.061498,0.992701,0.468927,0.0,1.068979,0.0,0.257369,1.060236,0.0,0.509335,0.458497,0.036658,0.0,0.570794,0.0,0.0,0.219212,0.256078,0.0,0.87315,0.441645,0.0,0.0,0.384661,0.0,0.004841,0.0,0.0,0.122572
424,0.0,0.577096,0.0,0.991769,0.342369,0.535909,0.27775,0.22065,0.344437,0.187528,0.092137,0.561739,0.0,0.281838,0.570167,0.42033,0.092379,0.557448,0.354253,0.0,0.759326,0.5152,0.0,0.786394,0.0,0.329503,0.913694,0.0,0.383683,0.405253,0.0,0.0,0.696508,0.0,0.0,0.164293,0.133961,0.0,0.753382,0.443116,0.0,0.0,0.362679,0.0,0.038194,0.0,0.0,0.177558
425,0.0,0.569828,0.0,0.955189,0.28393,0.37226,0.260464,0.303369,0.342551,0.103722,0.0,0.410931,0.0,0.080315,0.392366,0.197135,0.256511,0.421434,0.127576,0.0,0.763502,0.338227,0.0,0.567814,0.0,0.236424,0.595606,0.0,0.498434,0.446456,0.0,0.0,0.659866,0.0,0.0,0.128755,0.0,0.0,0.564467,0.420069,0.0,0.0,0.385397,0.0,0.0,0.0,0.0,0.20817
426,0.0,0.517513,0.262348,0.841547,0.263274,0.056784,0.45936,0.516537,0.225877,0.244043,0.0,0.31965,0.0,0.086611,0.577863,0.205654,0.467758,0.307624,0.0,0.018765,1.154967,0.114533,0.0,0.431616,0.0,0.118411,0.407686,0.0,0.666948,0.519131,0.0,0.0,0.698786,0.0,0.0,0.039456,0.0,0.0,0.295296,0.319574,0.0,0.018468,0.368326,0.0,0.057768,0.0,0.0,0.057676
427,0.0,0.474209,0.400886,0.685352,0.371676,0.024462,0.323304,0.667335,0.137294,0.202147,0.0,0.396582,0.0,0.0,0.727256,0.017485,0.642844,0.381556,0.0,0.225578,1.489925,0.121461,0.0,0.547895,0.0,0.227355,0.391246,0.0,0.525661,0.528885,0.0,0.0,0.69593,0.109895,0.0,0.147499,0.0,0.0,0.139151,0.394005,0.0,0.256236,0.514233,0.0,0.067706,0.0,0.0,0.0
428,0.0,0.367762,0.584996,0.667712,0.548746,0.02225,0.306707,0.880561,0.0,0.300861,0.0,0.587559,0.0,0.0,0.881528,0.0,0.76544,0.521658,0.0,0.472134,1.901424,0.068695,0.0,0.665565,0.0,0.253041,0.457495,0.0,0.531125,0.789128,0.0,0.0,0.836126,0.174374,0.0,0.030925,0.0,0.0,0.006044,0.426529,0.0,0.613727,0.636522,0.038922,0.106549,0.0,0.0,0.0
429,0.0,0.251628,0.721931,0.826018,0.647181,0.041642,0.465109,1.091715,0.0,0.33534,0.0,0.634807,0.0,0.0,0.915408,0.0,0.918193,0.858708,0.0,0.66166,2.178554,0.0,0.0,0.803246,0.0,0.131629,0.317439,0.0,0.694266,1.078749,0.0,0.0,1.055525,0.152333,0.0,0.0,0.0,0.0,0.0,0.507802,0.0,1.056969,0.655889,0.081292,0.201112,0.0,0.0,0.0
430,0.0,0.117102,0.722099,0.978662,0.56111,0.0,0.617054,1.162189,0.0,0.500787,0.0,0.560671,0.0,0.0,0.71363,0.0,1.068138,1.029345,0.0,0.597021,2.175894,0.0,0.0,0.754371,0.0,0.1191,0.17995,0.0,0.746818,1.085746,0.0,0.0,1.27236,0.055853,0.0,0.2769,0.0,0.0,0.0,0.47651,0.0,0.849394,0.509778,0.052514,0.28101,0.0,0.0,0.0
431,0.0,0.0,0.829519,1.217565,0.501568,0.0,0.889198,1.269961,0.0,0.578166,0.0,0.527204,0.0,0.0,0.854955,0.0,1.185179,1.014511,0.0,0.74248,2.413546,0.0,0.0,0.808045,0.0,0.0,0.275009,0.0,0.950026,1.419441,0.0,0.0,1.494372,0.0,0.0,0.185068,0.0,0.0,0.0,0.516751,0.0,1.030779,0.369903,0.073543,0.262773,0.0,0.0,0.0
432,0.0,0.065112,0.791753,0.998017,0.478933,0.0,0.565123,1.220623,0.0,0.565985,0.0,0.518675,0.0,0.0,0.737865,0.0,1.129702,0.995364,0.0,0.70702,2.126313,0.0,0.0,0.733464,0.0,0.114454,0.330598,0.0,0.709287,1.149912,0.0,0.0,1.29749,0.100389,0.0,0.287516,0.0,0.0,0.0,0.394348,0.0,0.957878,0.49785,0.0,0.187974,0.0,0.0,0.0
433,0.0,0.019987,0.631096,1.109567,0.458402,0.0,0.598725,1.032128,0.0,0.464887,0.0,0.557286,0.0,0.0,0.741085,0.10144,1.130919,0.777336,0.0,0.694046,2.024122,0.00211,0.0,0.758689,0.0,0.0,0.595501,0.0,0.85291,1.293941,0.0,0.0,1.206302,0.181945,0.0,0.167734,0.0,0.0,0.0,0.42886,0.0,0.913519,0.418207,0.012696,0.165766,0.0,0.0,0.0
434,0.0,0.200528,0.653275,1.056543,0.425798,0.0,0.631257,1.087061,0.0,0.52178,0.0,0.587114,0.0,0.0,0.598793,0.016202,0.971359,0.725783,0.014212,0.399877,1.839024,0.0,0.0,0.434619,0.0,0.077522,0.438769,0.0,0.590161,0.864322,0.0,0.0,0.937764,0.04544,0.0,0.316752,0.0,0.0,0.043821,0.413804,0.0,0.487831,0.519903,0.0,0.190849,0.0,0.0,0.0
435,0.0,0.261199,0.486759,0.806951,0.388184,0.0,0.475853,0.958714,0.0,0.482979,0.0,0.710655,0.0,0.0,0.559171,0.07425,0.869556,0.740936,0.0,0.251113,1.607357,0.0,0.0,0.152462,0.0,0.238085,0.17893,0.0,0.323853,0.62261,0.0,0.0,0.851989,0.0,0.0,0.132788,0.0,0.0,0.018545,0.242287,0.0,0.417939,0.603863,0.0,0.176489,0.0,0.0,0.0
436,0.0,0.237006,0.4707,0.74927,0.463191,0.0,0.484809,0.706599,0.0,0.420853,0.0,0.669776,0.0,0.0,0.571762,0.282866,1.007565,0.760499,0.03144,0.451562,1.567464,0.069505,0.0,0.108591,0.0,0.160995,0.18998,0.0,0.474263,0.721258,0.0,0.0,0.965125,0.0,0.017864,0.0,0.0,0.0,0.006659,0.24576,0.0,0.654586,0.390468,0.015131,0.082393,0.0,0.0,0.182113
437,0.0,0.322601,0.455625,0.64871,0.416385,0.028612,0.298801,0.593858,0.0,0.346499,0.0,0.68402,0.0,0.0,0.478231,0.32725,1.073341,0.703543,0.213935,0.649055,1.481441,0.204495,0.0,0.0,0.0,0.428375,0.185688,0.0,0.334448,0.568962,0.0,0.0,0.861132,0.111245,0.196962,0.048134,0.0,0.0,0.0,0.157593,0.0,0.72263,0.314682,0.0,0.092388,0.0,0.0,0.262094
438,0.0,0.181172,0.498265,0.617007,0.523892,0.0,0.410477,0.432372,0.0,0.316069,0.0,0.583352,0.0,0.0,0.569545,0.426526,1.214391,0.719994,0.089373,0.724458,1.537354,0.283446,0.0,0.035938,0.0,0.302167,0.145174,0.0,0.604722,0.635702,0.0,0.0,1.008589,0.099821,0.186025,0.0,0.0,0.0,0.113331,0.114779,0.0,0.864466,0.218257,0.112309,0.0,0.0,0.0,0.306571
439,0.0,0.172298,0.427595,0.548475,0.548482,0.0,0.276525,0.570724,0.0,0.396494,0.0,0.75079,0.0,0.0,0.570281,0.404867,0.895766,0.570184,0.0,0.684819,1.459004,0.194159,0.0,0.144326,0.0,0.266867,0.127039,0.0,0.2928,0.589829,0.0,0.0,0.8561,0.103911,0.284196,0.043585,0.0,0.0,0.020307,0.026451,0.0,0.863968,0.376154,0.166065,0.085386,0.0,0.0034,0.0
440,0.0,0.172404,0.235927,0.582965,0.641172,0.019385,0.343175,0.538239,0.0,0.514968,0.0,0.694167,0.0,0.0,0.401163,0.36999,0.662556,0.525081,0.0,0.463156,1.139744,0.0,0.0,0.242823,0.0,0.139797,0.0,0.141743,0.164656,0.614547,0.039627,0.0,0.726284,0.207644,0.502665,0.317534,0.013998,0.0,0.135108,0.015161,0.0,0.646137,0.432231,0.1848,0.073009,0.0,0.258555,0.0
441,0.0,0.320917,0.201175,0.498984,0.429667,0.333843,0.13939,0.317907,0.0,0.421,0.0,0.690586,0.0,0.089594,0.173452,0.65661,0.520321,0.51715,0.01561,0.629347,0.865516,0.447864,0.0,0.379562,0.004225,0.326632,0.029935,0.140409,0.0,0.688176,0.0,0.0,0.723832,0.373946,0.683719,0.363975,0.115756,0.0,0.051447,0.080999,0.0,0.756696,0.052783,0.250878,0.0,0.0,0.281083,0.019269
442,0.0,0.230227,0.0,0.391085,0.433664,0.269737,0.05945,0.019447,0.0,0.419114,0.0,0.378441,0.0,0.372919,0.187528,0.697648,0.405197,0.38173,0.122059,0.393271,0.645362,0.455759,0.0,0.330966,0.117469,0.356169,0.062722,0.0,0.067374,0.599994,0.0,0.0,0.603221,0.515842,0.752844,0.3026,0.343306,0.0,0.322983,0.116719,0.0,0.418068,0.0,0.316269,0.0,0.0,0.392849,0.0
443,0.0,0.188085,0.0,0.36585,0.469435,0.217662,0.126457,0.0,0.059171,0.47157,0.112253,0.225858,0.0,0.810616,0.293865,0.49405,0.43107,0.199006,0.263874,0.19818,0.258614,0.329966,0.0,0.309008,0.244031,0.397526,0.0,0.05914,0.204308,0.592189,0.0,0.0,0.275992,0.6748,0.660793,0.254548,0.551685,0.0,0.567681,0.119342,0.0,0.114865,0.068656,0.355202,0.0,0.0,0.636228,0.0
444,0.0,0.228049,0.0,0.26449,0.40279,0.212686,0.101119,0.0,0.081212,0.450221,0.326935,0.0052,0.0,0.920294,0.441504,0.567421,0.407124,0.215288,0.426793,0.111035,0.059896,0.27184,0.0,0.490382,0.358922,0.444639,0.0,0.152064,0.256014,0.314836,0.032229,0.0,0.012993,0.751304,0.496158,0.304852,0.603993,0.0,0.618479,0.18444,0.0,0.111226,0.298692,0.500648,0.0,0.0,0.698752,0.0
445,0.0,0.292328,0.0,0.292915,0.240997,0.245996,0.123738,0.020751,0.0,0.499191,0.429408,0.04902,0.0,0.99648,0.389971,0.750421,0.41559,0.328223,0.577709,0.21117,0.0,0.402232,0.0,0.539544,0.392027,0.619501,0.0,0.334124,0.306207,0.233658,0.0,0.0,0.0,0.880217,0.541642,0.515742,0.714162,0.0,0.657989,0.181551,0.0,0.148773,0.196226,0.583931,0.0,0.0,0.885591,0.0
446,0.0,0.171081,0.0,0.51498,0.228848,0.314472,0.370018,0.12113,0.0,0.709658,0.201956,0.292875,0.0,1.112967,0.275362,0.884218,0.442815,0.448738,0.546807,0.350617,0.0,0.547618,0.0,0.640321,0.375449,0.577565,0.0,0.389035,0.332358,0.346185,0.0,0.0,0.122685,1.031969,0.892213,0.596105,0.904493,0.0,0.7084,0.156373,0.0,0.0,0.070982,0.599645,0.0,0.0,0.981175,0.0
447,0.0,0.177549,0.0,0.403975,0.0,0.529583,0.144684,0.0,0.0,0.733639,0.551279,0.262479,0.0,1.166845,0.169277,1.34814,0.479559,0.638872,0.814924,0.381927,0.0,0.773283,0.0,0.650705,0.164379,0.732626,0.104744,0.189134,0.456544,0.253259,0.0,0.0,0.206424,1.344874,0.957465,0.643962,0.904589,0.0,0.867733,0.231325,0.0,0.119993,0.0,0.661776,0.0,0.065016,0.975869,0.0
448,0.0,0.0,0.0,0.583979,0.120218,0.688892,0.122017,0.049024,0.0,0.843757,0.652176,0.203936,0.0,1.187811,0.236335,1.565727,0.492849,0.736524,0.577238,0.633366,0.0,0.671193,0.0,0.891068,0.25804,0.439533,0.047754,0.0,0.542778,0.141583,0.0,0.0,0.418108,1.430492,1.137802,0.682559,0.691213,0.0,0.802414,0.235826,0.0,0.157042,0.0,0.861563,0.0,0.098372,0.689475,0.0
449,0.0,0.0,0.0,0.851586,0.359789,0.533891,0.550412,0.55124,0.0,0.770231,0.489893,0.149268,0.0,1.242751,0.223491,1.411272,0.636604,0.842113,0.210754,0.675007,0.043453,0.227753,0.0,1.159111,0.220055,0.0,0.0,0.106741,0.583091,0.098592,0.0,0.0,0.549381,1.390076,1.144406,0.893262,0.620259,0.0,0.58707,0.055477,0.0,0.151354,0.167187,0.768328,0.0,0.0,0.607104,0.0
