time_index,z0,z1,z2,z3,z4,z5,z6,z7,z8,z9,z10,z11,z12,z13,z14,z15,z16,z17,z18,z19,z20,z21,z22,z23,z24,z25,z26,z27,z28,z29,z30,z31,z32,z33,z34,z35,z36,z37,z38,z39,z40,z41,z42,z43,z44,z45,z46,z47
0,0.0,0.0,0.0,1.077122,0.0,2.721103,0.0,0.0,0.0,1.875453,0.604376,0.876992,0.0,2.872194,0.039826,2.664572,0.0,1.152815,0.962012,0.418845,1.145714,0.0,0.0,0.134114,0.651751,0.0,1.525421,0.589726,0.0,0.782876,0.0,0.0,0.0,0.726477,2.190178,0.0,2.943571,0.0,0.973253,0.0,0.0,0.0,0.0,0.372487,0.0,0.0,0.56681,0.073712
1,0.0,0.0,0.0,0.862844,0.0,2.577355,0.0,0.0,0.0,1.659092,0.584423,0.871418,0.0,2.933867,0.0,2.499233,0.239567,1.215032,1.257152,0.558497,1.234,0.0,0.0,0.0,0.463149,0.0,1.326816,0.739839,0.0,0.698926,0.0,0.0,0.0,0.75582,2.228281,0.0,2.704563,0.0,0.971218,0.0,0.0,0.0,0.0,0.098784,0.0,0.033221,0.59793,0.527865
2,0.0,0.0,0.0,0.870798,0.027057,2.276127,0.389154,0.0,0.0,1.176435,0.532667,0.854932,0.0,2.630664,0.135261,2.101599,0.415859,1.140227,1.072204,0.491107,1.063046,0.0,0.0,0.0,0.598509,0.0,1.17833,0.95753,0.0,0.556062,0.0,0.0,0.0,0.658443,1.925786,0.0,2.273894,0.0,0.990407,0.0,0.0,0.0,0.187245,0.065742,0.0,0.073337,0.563041,0.553368
3,0.0,0.113144,0.0,0.65123,0.004098,1.880447,0.249928,0.0,0.0,0.859903,0.388902,0.738064,0.0,2.383786,0.232771,1.74202,0.860399,1.034413,0.903683,0.173964,1.041794,0.0,0.0,0.0,0.587932,0.01668,1.295246,1.077076,0.0,0.396626,0.0,0.0,0.0,0.583351,1.663711,0.0,2.00933,0.0,0.914233,0.0,0.0,0.0,0.364517,0.013816,0.0,0.086793,0.572516,0.51107
4,0.0,0.491899,0.0,0.51856,0.0,1.418442,0.131577,0.0,0.0,0.665916,0.258737,0.733967,0.0,1.85114,0.285103,1.342206,1.071633,0.881695,0.781199,0.058592,0.951286,0.0,0.17451,0.0,0.479674,0.368621,1.189672,1.187977,0.0,0.263849,0.0,0.0,0.0,0.239489,1.489648,0.0,1.724332,0.0,0.827074,0.0,0.0,0.0,0.449841,0.0,0.0,0.0,0.471723,0.544395
5,0.0,0.629768,0.0,0.303698,0.159664,1.135863,0.20451,0.0,0.0,0.286704,0.403681,0.593439,0.0,1.51141,0.426142,0.97509,1.078373,0.845193,0.732813,0.040153,0.813602,0.016525,0.125946,0.0,0.370002,0.478469,1.029061,1.105245,0.0,0.067995,0.0,0.0,0.0,0.008643,1.068106,0.0,1.187503,0.0,0.805467,0.0,0.0,0.0,0.4972,0.0,0.0,0.0,0.296522,0.770414
6,0.0,0.645834,0.0,0.152512,0.078475,0.799317,0.112535,0.0,0.0,0.329522,0.218044,0.658525,0.0,1.204804,0.474558,0.9036,0.941322,0.586087,0.57063,0.060535,0.754097,0.084077,0.215718,0.0,0.439096,0.61384,0.802318,1.007417,0.0,0.054423,0.0,0.0,0.0,0.0,0.843484,0.0,1.005604,0.0,0.662298,0.0,0.0,0.0,0.513394,0.0,0.0,0.0,0.243762,0.60493
7,0.0,0.578445,0.0,0.100477,0.03842,0.616567,0.212171,0.106692,0.0,0.433586,0.0,0.977918,0.0,1.09619,0.555354,0.992434,0.825271,0.48747,0.400464,0.117575,0.755535,0.141812,0.418536,0.0,0.600587,0.568839,0.601167,0.795779,0.0,0.171487,0.0,0.0,0.0,0.0,0.83283,0.0,0.931176,0.0,0.656295,0.0,0.0,0.0,0.39162,0.0,0.0,0.0,0.188457,0.48044
8,0.0,0.558908,0.0,0.082472,0.0,0.47012,0.11152,0.083219,0.0,0.367267,0.051369,0.840147,0.002287,0.953674,0.552565,1.074062,1.088047,0.67994,0.563796,0.121793,0.857976,0.088681,0.709066,0.0,0.530202,0.615154,0.775947,0.658999,0.154962,0.0,0.0,0.0,0.0,0.0,0.732447,0.0,0.825759,0.0,0.413292,0.0,0.0,0.0,0.119567,0.0,0.0,0.0,0.179162,0.621298
9,0.045126,0.555571,0.0,0.126625,0.0,0.526577,0.128743,0.125443,0.0,0.461935,0.0,1.064758,0.170588,0.870636,0.420385,1.265887,0.910189,0.745146,0.597357,0.316098,0.808914,0.169147,0.773133,0.0,0.454571,0.63261,0.801015,0.384456,0.256661,0.0,0.074313,0.0,0.0,0.0,0.882848,0.0,0.808988,0.0,0.228696,0.0,0.0,0.0,0.0,0.0,0.0,0.0,0.084715,0.886311
10,0.0,0.514051,0.027583,0.31945,0.0,0.205492,0.385112,0.210288,0.0,0.398154,0.0,0.997767,0.224651,0.5791,0.540682,1.179471,1.083245,0.728419,0.451951,0.300368,0.762814,0.251516,0.940081,0.0,0.309735,0.359204,0.834964,0.446866,0.573882,0.0,0.0,0.0,0.034276,0.0,0.5383,0.0,0.543336,0.0,0.116909,0.0,0.0,0.0,0.0,0.0,0.0,0.0,0.0,0.805336
11,0.0,0.578604,0.04255,0.591535,0.0,0.0,0.64406,0.226157,0.0,0.469281,0.028608,0.959375,0.167814,0.348181,0.702656,1.085208,1.15267,0.738439,0.321712,0.292595,0.734507,0.357314,0.929858,0.0,0.091654,0.124377,0.856187,0.506605,0.864022,0.0,0.0,0.0,0.235312,0.0,0.298969,0.0,0.344888,0.0,0.145469,0.0,0.0,0.0,0.0,0.0,0.0,0.0,0.0,0.733322
12,0.0,0.748962,0.057661,0.58258,0.0,0.0,0.548586,0.316896,0.092891,0.368706,0.0,1.088893,0.259601,0.174271,0.717274,0.771365,1.252727,0.663131,0.030128,0.072408,0.758322,0.355459,1.236596,0.0,0.0,0.389552,0.717356,0.506576,0.992884,0.0,0.0,0.0,0.369178,0.0,0.18732,0.0,0.188422,0.0,0.185781,0.0,0.0,0.0,0.223639,0.0,0.0,0.0,0.0,0.464217
13,0.022696,0.9034,0.039512,0.701822,0.0,0.0,0.481611,0.29254,0.003105,0.355584,0.0,1.2377,0.144107,0.090326,0.824249,0.767448,1.142893,0.628025,0.0,0.018671,0.840775,0.671974,1.156074,0.0,0.0,0.435009,0.76591,0.48375,1.002781,0.0,0.0,0.0,0.544935,0.0,0.137228,0.0,0.059221,0.0,0.124836,0.0,0.0,0.0,0.352006,0.0,0.0,0.0,0.0,0.483957
14,0.0,0.973885,0.0,0.864626,0.301878,0.0,0.360906,0.191659,0.141464,0.239091,0.0,1.20201,0.185648,0.015031,0.850568,0.65001,1.14303,0.736414,0.080581,0.151712,0.883828,0.769923,0.824188,0.0,0.0,0.508291,1.01107,0.299792,0.913196,0.0,0.0,0.0,0.622412,0.0,0.0,0.0,0.0,0.0,0.26337,0.0,0.0,0.0,0.410868,0.0,0.0,0.0,0.0,0.457479
15,0.0,0.934901,0.0,0.938148,0.501635,0.167181,0.122202,0.0,0.036633,0.339603,0.0,1.164047,0.0,0.259385,0.942906,0.903402,1.033007,0.566036,0.25828,0.26036,1.118164,0.774392,0.572428,0.387972,0.0,0.49305,1.235681,0.0,0.787692,0.0,0.0,0.0,0.647203,0.0,0.0,0.0,0.039383,0.0,0.320771,0.08295,0.0,0.0,0.36419,0.0,0.0,0.0,0.0,0.349891
16,0.0,0.886013,0.0,0.954668,0.554156,0.141499,0.173962,0.121362,0.243856,0.149908,0.013705,0.826228,0.070185,0.119816,0.728151,0.79332,0.992054,0.660486,0.061207,0.141553,0.928232,0.647356,0.603289,0.256976,0.0,0.428155,1.047201,0.0,0.606249,0.0,0.0,0.0,0.744068,0.0,0.0,0.0,0.112997,0.0,0.395493,0.067181,0.0,0.0,0.338952,0.0,0.141743,0.0,0.0,0.155202
17,0.0,0.629402,0.0,0.931883,0.327132,0.161989,0.149211,0.026967,0.081476,0.207217,0.0,0.733011,0.0,0.270996,0.633165,0.824086,0.585092,0.527536,0.032781,0.071129,0.68971,0.649088,0.570699,0.304895,0.0,0.19587,0.797202,0.0,0.561484,0.0,0.0,0.0,0.557157,0.0,0.113441,0.0,0.220495,0.0,0.30215,0.018706,0.0,0.0,0.158338,0.089854,0.0,0.0,0.0,0.147453
18,0.0,0.551287,0.030814,0.910421,0.034729,0.259133,0.20859,0.314832,0.305882,0.0,0.0,0.476743,0.370098,0.180845,0.421848,0.653273,0.390974,0.478675,0.0,0.153592,0.488469,0.40553,0.735491,0.184381,0.0,0.237507,0.369391,0.123662,0.490342,0.0,0.0,0.0,0.218112,0.037802,0.296639,0.0,0.269883,0.0,0.168422,0.00644,0.0,0.0,0.253404,0.029943,0.0,0.0,0.214838,0.017054
19,0.0,0.384466,0.100096,0.825276,0.148172,0.13181,0.042165,0.539992,0.442131,0.0,0.0,0.222313,0.414251,0.092602,0.433503,0.708695,0.469633,0.609092,0.0,0.186135,0.443008,0.320961,0.836395,0.28132,0.0,0.299853,0.497647,0.0,0.291455,0.0,0.0,0.0,0.202562,0.212454,0.142226,0.008456,0.301967,0.0,0.302372,0.004077,0.0,0.0,0.310404,0.118888,0.109303,0.0,0.204665,0.0
20,0.0,0.26656,0.126221,0.860007,0.020016,0.215602,0.00902,0.63,0.327551,0.0,0.039875,0.063764,0.262641,0.130911,0.326222,1.024323,0.332003,0.765188,0.0,0.257672,0.306392,0.359738,0.694991,0.390537,0.0,0.313537,0.610243,0.0,0.0,0.0,0.0,0.0,0.158546,0.384847,0.323331,0.255884,0.42598,0.0,0.346818,0.001753,0.0,0.0,0.1163,0.126045,0.074894,0.0,0.192582,0.0
21,0.0,0.176189,0.093543,0.841384,0.0,0.119507,0.155845,0.549792,0.33155,0.0,0.0,0.041652,0.194044,0.122152,0.159098,1.073086,0.341566,0.79715,0.047877,0.175098,0.210417,0.278907,0.674895,0.511597,0.0,0.139419,0.511086,0.0,0.000636,0.0,0.0,0.0,0.031741,0.482211,0.447947,0.272696,0.402099,0.0,0.327716,0.0,0.0,0.0,0.106449,0.081637,0.0,0.0,0.181455,0.0
22,0.0,0.039676,0.188531,0.970917,0.0,0.140811,0.365125,0.699421,0.200054,0.0,0.050323,0.0,0.107935,0.356943,0.213641,1.254981,0.348526,0.837149,0.057729,0.340926,0.196086,0.173352,0.682216,0.475023,0.0,0.0,0.518994,0.0,0.0,0.0,0.0,0.0,0.010037,0.588311,0.550011,0.380564,0.388627,0.0,0.282995,0.0,0.0,0.0,0.0,0.054712,0.0,0.0,0.110129,0.0
23,0.0,0.188429,0.102913,0.977405,0.0,0.252833,0.374325,0.857809,0.095158,0.047681,0.074234,0.0,0.251815,0.216118,0.037797,1.388968,0.375141,1.014909,0.105457,0.508289,0.07885,0.205507,0.744499,0.514493,0.0,0.099028,0.429729,0.0,0.0,0.0,0.0,0.0,0.0,0.624075,0.585732,0.552178,0.466204,0.0,0.252985,0.0,0.0,0.0,0.0,0.027668,0.0,0.0,0.12349,0.0
24,0.0,0.066215,0.173517,0.983593,0.0,0.233361,0.539258,0.797165,0.047153,0.162214,0.01628,0.0,0.257615,0.444005,0.062056,1.446871,0.561134,0.944102,0.151134,0.514568,0.285638,0.141805,0.794373,0.3702,0.025971,0.0,0.423461,0.0,0.0,0.0,0.0,0.0,0.0,0.610683,0.760216,0.420364,0.40654,0.0,0.243568,0.0,0.0,0.0,0.0,0.0,0.0,0.0,0.0,0.0
25,0.0,0.0,0.12505,0.930117,0.0,0.209316,0.371592,0.905112,0.0,0.121447,0.102685,0.0,0.084815,0.282013,0.143717,1.606898,0.480421,1.059633,0.057361,0.483013,0.265337,0.096312,0.898274,0.34437,0.062926,0.0,0.475064,0.0,0.0,0.0,0.0,0.0,0.117359,0.508534,0.756152,0.349218,0.522667,0.0,0.258134,0.0,0.0,0.0,0.0,0.13052,0.0,0.0,0.0,0.0
26,0.0,0.027862,0.078596,0.736483,0.0,0.178858,0.239827,0.842217,0.0,0.120771,0.0,0.030464,0.017708,0.310807,0.137056,1.536165,0.382218,1.024536,0.050858,0.364074,0.279814,0.08813,0.783444,0.329656,0.008942,0.033817,0.361325,0.0,0.0,0.0,0.0,0.0,0.002503,0.496441,0.860662,0.345435,0.688126,0.0,0.246598,0.0,0.0,0.0,0.0,0.098275,0.0,0.0,0.113993,0.0
27,0.0,0.096546,0.084394,0.587418,0.0,0.238737,0.076532,0.881625,0.083514,0.194497,0.0,0.111185,0.047062,0.383777,0.125226,1.4537,0.373895,0.886435,0.081055,0.314741,0.28301,0.056407,0.861894,0.211479,0.027449,0.270249,0.451783,0.0,0.0,0.0,0.0,0.0,0.039573,0.491552,0.799276,0.333191,0.750918,0.0,0.333564,0.0,0.0,0.0,0.0,0.079932,0.030942,0.0,0.06904,0.0
28,0.0,0.059358,0.0,0.683033,0.0,0.154452,0.28451,0.864991,0.030336,0.0,0.0,0.159242,0.165447,0.340796,0.035798,1.246937,0.317639,0.73468,0.0,0.356046,0.03665,0.266974,0.697927,0.440608,0.017011,0.007424,0.313195,0.0,0.0,0.0,0.0,0.0,0.08241,0.528101,0.666553,0.411427,0.500135,0.0,0.412842,0.0,0.0,0.0,0.107201,0.186109,0.047823,0.0,0.112792,0.0
29,0.0,0.1709,0.0,0.715469,0.0,0.349881,0.371899,0.525637,0.0,0.114544,0.0,0.153543,0.178352,0.50191,0.0,1.152142,0.038161,0.530344,0.165593,0.381261,0.0,0.454923,0.412732,0.541268,0.024511,0.105338,0.260367,0.0,0.0,0.0,0.0,0.0,0.0,0.67997,0.819749,0.70562,0.566303,0.0,0.446996,0.0,0.0,0.0,0.0,0.048625,0.0,0.0,0.193903,0.0
30,0.0,0.253427,0.0,0.72371,0.0,0.362715,0.317688,0.328453,0.0,0.11601,0.0,0.169088,0.102911,0.697024,0.004505,1.11406,0.008011,0.399143,0.382535,0.263287,0.0,0.61391,0.157537,0.493762,0.002576,0.359868,0.510912,0.0,0.0,0.0,0.04392,0.0,0.0,0.685716,0.678117,0.607284,0.604034,0.0,0.64803,0.0,0.0,0.0,0.0,0.040941,0.0,0.0,0.215423,0.135078
31,0.0,0.390916,0.0,0.802413,0.0,0.431133,0.172203,0.328746,0.0,0.107548,0.0,0.27991,0.087058,0.420317,0.0,0.998501,0.0,0.469659,0.376501,0.347376,0.0,0.815889,0.071753,0.454204,0.0,0.561591,0.481603,0.0,0.0,0.0,0.047633,0.0,0.197581,0.508554,0.744227,0.65059,0.549731,0.0,0.61879,0.0,0.0,0.0,0.0,0.034075,0.0,0.0,0.14592,0.096866
32,0.0,0.256407,0.0,0.625455,0.253327,0.345034,0.046396,0.298989,0.16887,0.080062,0.0,0.323927,0.01649,0.548576,0.100495,0.703037,0.0,0.218651,0.401287,0.14893,0.160403,0.578411,0.077189,0.525085,0.0,0.441904,0.67455,0.0,0.0,0.0,0.214351,0.0,0.339294,0.48619,0.453901,0.628535,0.462198,0.0,0.781493,0.0,0.0,0.0,0.094503,0.146094,0.0,0.0,0.12621,0.0
33,0.0,0.323014,0.0,0.589978,0.509165,0.290128,0.113917,0.325204,0.098942,0.205001,0.0,0.433241,0.0,0.333642,0.125819,0.427642,0.067743,0.145416,0.452836,0.154638,0.325343,0.447225,0.05111,0.560752,0.0,0.362333,0.59334,0.199674,0.0,0.0,0.229337,0.0,0.347365,0.42213,0.44942,0.645286,0.413934,0.0,0.822856,0.0,0.0,0.0,0.401285,0.202043,0.0,0.0,0.313878,0.0
34,0.0,0.526035,0.0,0.414348,0.322625,0.461575,0.168687,0.185814,0.0,0.213715,0.0,0.392938,0.0,0.330671,0.039523,0.62368,0.0,0.127225,0.460136,0.485064,0.340399,0.626353,0.0,0.459683,0.045311,0.645387,0.418144,0.334903,0.0,0.0,0.202079,0.0,0.34742,0.505316,0.772251,0.743159,0.501264,0.0,0.728143,0.0,0.0,0.187392,0.159212,0.074963,0.0,0.0,0.34182,0.0
35,0.0,0.62595,0.0,0.331075,0.214105,0.673547,0.056657,0.221952,0.0,0.238658,0.025118,0.347112,0.0,0.425666,0.156488,0.895169,0.0,0.415884,0.469421,0.585376,0.408003,0.778132,0.0,0.484975,0.066264,0.862106,0.496776,0.300153,0.0,0.053229,0.071798,0.0,0.498023,0.744805,0.768105,0.778781,0.379428,0.0,0.553899,0.0,0.0,0.413322,0.206034,0.223565,0.0,0.0,0.18381,0.084482
36,0.0,0.470381,0.0,0.555455,0.426647,0.466582,0.595327,0.269073,0.0,0.319918,0.0,0.372023,0.031971,0.528367,0.001112,0.683396,0.221257,0.498382,0.249542,0.52578,0.373832,0.599861,0.0,0.496614,0.064675,0.41596,0.224972,0.538899,0.018258,0.197625,0.0,0.0,0.508759,0.809355,0.936138,0.82155,0.511795,0.0,0.597719,0.03722,0.0,0.224417,0.100598,0.157788,0.0,0.0,0.405455,0.043986
37,0.0,0.338573,0.0,0.439678,0.508922,0.301057,0.424114,0.455701,0.0,0.487471,0.104589,0.017389,0.0,0.637672,0.183827,0.447715,0.440804,0.519307,0.103563,0.537139,0.536635,0.374262,0.044915,0.542524,0.135085,0.297075,0.145055,0.446662,0.101646,0.222747,0.0,0.0,0.655865,0.596879,0.595369,0.737318,0.400012,0.0,0.301729,0.043902,0.0,0.17907,0.311318,0.404688,0.0,0.0,0.323166,0.0
38,0.0,0.081105,0.0,0.376397,0.433795,0.289498,0.217273,0.551071,0.0,0.676122,0.187841,0.0,0.0,0.881607,0.247037,0.350543,0.617364,0.457124,0.053158,0.467525,0.574658,0.351608,0.114825,0.442558,0.359798,0.414097,0.0,0.263762,0.161414,0.353951,0.0,0.0,0.793623,0.498619,0.300716,0.60987,0.190393,0.0,0.235235,0.0,0.0,0.016663,0.407201,0.597408,0.0,0.0,0.326491,0.0
39,0.0,0.286969,0.226324,0.738391,0.442315,0.522418,0.314382,0.787704,0.0,0.537855,0.251188,0.0,0.0,0.762543,0.231353,0.434716,0.706497,0.800615,0.0,0.700084,0.814621,0.167512,0.105359,0.646527,0.173905,0.278645,0.123989,0.271957,0.254336,0.40822,0.0,0.0,0.766297,0.529749,0.359634,0.769513,0.064869,0.0,0.0,0.038889,0.0,0.283892,0.542928,0.483632,0.0,0.0,0.0,0.0
40,0.0,0.091685,0.0346,0.741298,0.316221,0.363132,0.057001,0.631339,0.0,0.972477,0.236198,0.0,0.0,0.63449,0.0,0.317338,0.58055,0.713883,0.0,0.532256,0.677849,0.151625,0.118775,0.53206,0.170135,0.101686,0.074407,0.346236,0.179985,0.588247,0.0,0.0,0.955676,0.298331,0.26422,0.84002,0.299156,0.0,0.0,0.079377,0.0,0.0,0.400757,0.677338,0.0,0.0,0.231364,0.0
41,0.0,0.03886,0.203668,1.219921,0.32093,0.393681,0.278308,0.75897,0.0,1.021858,0.332054,0.0,0.0,0.670601,0.0,0.415918,0.601499,0.786395,0.0,0.659996,0.751961,0.0,0.138484,0.650889,0.085101,0.0,0.1665,0.266681,0.320673,0.629478,0.0,0.0,0.899545,0.35056,0.336694,0.958628,0.397543,0.0,0.0,0.190928,0.0,0.0,0.396646,0.603149,0.0,0.0,0.094305,0.0
42,0.0,0.044482,0.220957,1.518759,0.229775,0.603091,0.514345,0.81479,0.0,0.897148,0.443302,0.0,0.022984,0.85723,0.0,0.582653,0.511889,0.785422,0.0,0.752457,0.677815,0.0,0.05398,0.819045,0.032624,0.0,0.259886,0.184145,0.291665,0.524536,0.0,0.0,0.619747,0.626694,0.417042,1.110193,0.43092,0.0,0.0,0.16021,0.0,0.0,0.372661,0.424201,0.0,0.0,0.057053,0.0
43,0.0,0.0,0.0,1.277339,0.036673,0.594645,0.291133,0.615722,0.0,0.780047,0.268047,0.0,0.0,0.987049,0.0,0.346755,0.409953,0.533682,0.155299,0.326651,0.25329,0.0,0.033692,0.611369,0.0,0.0,0.347237,0.154411,0.15761,0.297478,0.0,0.0,0.424808,0.633517,0.182609,0.834304,0.421842,0.0,0.008589,0.01552,0.0,0.0,0.502403,0.496648,0.0,0.0,0.292122,0.0
44,0.0,0.0,0.0,0.940378,0.001094,0.914053,0.1838,0.26735,0.0,0.694614,0.58178,0.0,0.0,1.290299,0.0,0.561183,0.051883,0.515742,0.548929,0.350057,0.012258,0.0,0.0,0.61572,0.0,0.0,0.598716,0.0,0.059835,0.163878,0.0,0.0,0.0,1.046788,0.095484,0.879431,0.4658,0.0,0.436389,0.043983,0.0,0.0,0.441391,0.539703,0.0,0.0,0.621966,0.04832
45,0.0,0.0,0.0,0.737526,0.0,1.0056,0.0,0.0,0.0,0.780092,0.642662,0.0,0.0,1.385334,0.0,0.575219,0.0,0.458284,0.62574,0.07558,0.0,0.0,0.0,0.627679,0.0,0.050892,0.7207,0.0,0.003402,0.229507,0.0,0.0,0.0,1.211254,0.135022,0.745159,0.795794,0.0,0.702907,0.135418,0.0,0.0,0.524293,0.604664,0.0,0.0,0.859605,0.004632
46,0.0,0.0,0.0,0.636155,0.160173,1.218878,0.0,0.0,0.0,0.857685,0.890235,0.0,0.0,1.501093,0.313312,0.596657,0.0,0.256391,0.659219,0.172631,0.176578,0.0,0.0,1.002356,0.036719,0.0,0.608526,0.0,0.153951,0.079349,0.0,0.0,0.0,1.289073,0.001536,0.86077,0.656597,0.0,0.818495,0.458758,0.0,0.0,0.675312,0.786066,0.0,0.016043,0.907066,0.0
47,0.0,0.0,0.0,0.336854,0.214422,1.164559,0.0,0.0,0.0,0.888142,1.101439,0.0,0.0,1.687623,0.454149,0.400256,0.0,0.0,0.75217,0.125793,0.347954,0.0,0.0,1.299495,0.124909,0.0,0.668839,0.0,0.209246,0.258521,0.0,0.0,0.0,1.330862,0.0,0.828925,0.614901,0.0,0.981457,0.582659,0.0,0.0,0.738159,0.938312,0.0,0.0,1.101976,0.0
48,0.0,0.0,0.0,0.546633,0.354587,1.209421,0.0,0.0,0.0,0.985336,0.667352,0.0,0.0,1.47029,0.2812,0.171223,0.0,0.0,0.386977,0.052395,0.54726,0.058088,0.0,1.250087,0.0,0.0,0.359544,0.0,0.183187,0.546092,0.0,0.0,0.496141,1.024197,0.100577,0.649975,0.566612,0.0,0.762389,0.49116,0.0,0.0,0.782808,0.751535,0.0,0.0,0.91788,0.0
49,0.0,0.258147,0.0,0.661632,0.498243,1.165459,0.0,0.0,0.0,0.746996,0.441865,0.0,0.0,1.233383,0.419895,0.0,0.092726,0.006093,0.024509,0.194227,0.915913,0.031943,0.0,1.402261,0.0,0.0,0.402463,0.0,0.297746,0.527655,0.0,0.0,0.609357,0.901882,0.095441,0.763345,0.304603,0.0,0.538276,0.538911,0.0,0.0,1.002312,0.580554,0.0,0.0,0.606361,0.0
50,0.0,0.542812,0.0,0.581757,0.502861,1.209421,0.0,0.0,0.0,0.41321,0.495866,0.136538,0.0,0.994461,0.431328,0.0,0.104307,0.015093,0.343495,0.159519,0.990448,0.235978,0.0,1.347973,0.0,0.0,0.72586,0.0,0.313262,0.466775,0.0,0.0,0.603791,0.828377,0.0,0.796971,0.02468,0.0,0.637238,0.543693,0.0,0.0,1.009603,0.300226,0.0,0.0,0.431996,0.0
51,0.0,0.625368,0.093512,0.765721,0.632085,1.032933,0.0,0.0,0.0,0.331849,0.425114,0.282924,0.0,0.905071,0.595772,0.0,0.294902,0.159366,0.109553,0.167073,1.121186,0.189401,0.0,1.263672,0.0,0.0,0.75545,0.0,0.263075,0.48484,0.0,0.0,0.68426,0.646567,0.072754,0.665729,0.056187,0.0,0.546014,0.441632,0.0,0.0,1.092409,0.087611,0.0,0.0,0.158564,0.0
52,0.0,0.6979,0.207354,0.711078,0.532047,0.718936,0.072054,0.06595,0.0,0.360518,0.382776,0.258991,0.0,0.790911,0.61925,0.0,0.291049,0.125877,0.0,0.100546,0.995742,0.445493,0.0,0.717398,0.0,0.0,0.436847,0.053771,0.089458,0.539097,0.0,0.0,0.845542,0.096982,0.051474,0.24289,0.080853,0.0,0.436899,0.126459,0.0,0.0,0.911636,0.14493,0.0,0.0,0.177837,0.087097
53,0.0,0.70161,0.312761,0.816625,0.458316,0.577111,0.068449,0.094612,0.0,0.439814,0.130753,0.236216,0.0,0.614301,0.580803,0.0,0.11549,0.111737,0.055394,0.106539,0.875886,0.413969,0.0,0.586639,0.0,0.0,0.463874,0.058775,0.0,0.609777,0.0,0.0,0.839179,0.038684,0.165682,0.410948,0.170874,0.0,0.372807,0.115916,0.0,0.0,0.811858,0.151621,0.0,0.0,0.111085,0.0
54,0.0,0.740659,0.226071,0.769221,0.374784,0.434459,0.0,0.141699,0.0,0.442764,0.03553,0.011683,0.0,0.587922,0.266171,0.0,0.281949,0.033035,0.072241,0.014804,0.799867,0.25695,0.080759,0.30802,0.0,0.0,0.353248,0.162925,0.155042,0.378216,0.0,0.0,0.880355,0.0,0.19857,0.391527,0.186438,0.0,0.468039,0.152588,0.0,0.0,0.60011,0.129707,0.0,0.0,0.274293,0.0
55,0.0,0.625303,0.225139,0.82376,0.260056,0.482728,0.0,0.16493,0.0,0.35905,0.073622,0.021307,0.0,0.432492,0.146196,0.0,0.328286,0.186207,0.100999,0.0,0.692005,0.15836,0.17866,0.389059,0.0,0.0,0.509239,0.130407,0.269892,0.27912,0.0,0.0,0.813889,0.085877,0.072905,0.463558,0.088167,0.0,0.473307,0.200268,0.0,0.0,0.671877,0.15796,0.0,0.0,0.247824,0.0
56,0.0,0.606863,0.249171,0.811641,0.308735,0.709009,0.009391,0.20732,0.0,0.301015,0.197532,0.375178,0.0,0.716879,0.404689,0.0,0.469582,0.331082,0.342006,0.181333,1.01466,0.223351,0.0,0.48775,0.0,0.0,0.762878,0.0,0.171882,0.386559,0.0,0.0,0.675409,0.165451,0.0,0.36429,0.0,0.0,0.173894,0.279231,0.0,0.0,0.817657,0.096948,0.0,0.0,0.0,0.204885
57,0.0,0.450718,0.428704,0.969695,0.426785,0.515175,0.28217,0.33371,0.0,0.598721,0.346223,0.457563,0.0,0.863151,0.658267,0.062687,0.640991,0.246759,0.26584,0.489247,1.428504,0.076577,0.0,0.793798,0.0,0.0,0.985183,0.0,0.434537,0.630637,0.0,0.0,0.738768,0.095167,0.0,0.27809,0.0,0.0,0.025272,0.270523,0.0,0.0,0.942986,0.06078,0.0,0.0,0.0,0.193173
58,0.0,0.537775,0.694997,1.147308,0.381255,0.11628,0.673029,0.75937,0.0,0.552221,0.2775,0.553913,0.0,0.469259,0.790706,0.0,0.819814,0.607242,0.0,0.390735,1.455895,0.169921,0.323637,0.599142,0.0,0.0,0.74725,0.0,0.590928,0.756375,0.0,0.0,1.086262,0.0,0.0,0.100161,0.0,0.0,0.0,0.230602,0.0,0.047155,0.966352,0.09923,0.0,0.0,0.0,0.117283
59,0.0,0.436185,0.571218,1.154012,0.220509,0.0,0.692126,1.009046,0.0,0.677035,0.040322,0.182675,0.089671,0.095677,0.55008,0.0,0.985738,0.755173,0.0,0.137176,1.22397,0.008629,0.669801,0.319523,0.0,0.0,0.306549,0.297505,0.707101,0.414336,0.0,0.0,1.321965,0.0,0.007005,0.262711,0.065782,0.0,0.0,0.20362,0.0,0.0,0.5837,0.223698,0.0,0.0,0.024512,0.0
60,0.0,0.42456,0.368803,0.920627,0.041422,0.033239,0.240431,0.935709,0.0,0.50098,0.0,0.164733,0.074071,0.0,0.313348,0.0,0.750188,0.754194,0.0,0.061414,0.867885,0.123774,0.669996,0.462024,0.0,0.0,0.449203,0.056504,0.560774,0.140728,0.0,0.0,1.014784,0.0,0.0,0.552573,0.0,0.0,0.0,0.353329,0.0,0.0,0.641033,0.143802,0.0,0.0,0.0,0.0
61,0.0,0.508871,0.51926,0.852459,0.051857,0.0,0.52685,1.079281,0.0,0.276161,0.080444,0.311342,0.121451,0.0,0.626044,0.0,0.954845,0.823499,0.0,0.322804,0.998168,0.0,0.802623,0.311464,0.0,0.0,0.425173,0.062073,0.776605,0.04783,0.0,0.0,0.78773,0.0,0.0,0.190459,0.0,0.0,0.0,0.347864,0.0,0.020125,0.750376,0.0,0.0,0.0,0.0,0.0
62,0.0,0.612478,0.364337,0.712848,0.0,0.0692,0.446259,0.957948,0.0,0.03492,0.0,0.117566,0.401505,0.0,0.416479,0.040445,1.066782,1.001842,0.082613,0.326461,0.749686,0.157063,0.927429,0.110387,0.0,0.23524,0.216294,0.0,0.586939,0.0,0.0,0.0,0.694652,0.042074,0.0,0.269857,0.0,0.0,0.0,0.226838,0.0,0.0,0.494111,0.013082,0.0,0.0,0.0,0.164443
63,0.0,0.304688,0.393269,0.890703,0.0,0.0,0.535347,1.030128,0.0,0.296883,0.265088,0.169957,0.098377,0.019597,0.614364,0.355311,1.036502,0.898801,0.0,0.631755,0.904688,0.0,0.777638,0.466531,0.0,0.0,0.141675,0.0,0.914135,0.0,0.0,0.0,0.779703,0.020382,0.0,0.185735,0.0,0.0,0.0,0.261284,0.0,0.0,0.440391,0.221705,0.0,0.0,0.0,0.0
64,0.0,0.174623,0.467768,0.98029,0.0,0.0,0.618854,1.159078,0.0,0.392971,0.431561,0.0,0.110004,0.004368,0.493357,0.336814,1.170701,1.104536,0.0,0.742448,0.893485,0.0,0.78102,0.579604,0.0,0.0,0.043211,0.0,1.08467,0.0,0.0,0.0,0.692846,0.208519,0.0,0.399442,0.079879,0.0,0.0,0.34011,0.0,0.0,0.273424,0.276042,0.0,0.0,0.0,0.0
65,0.0,0.0,0.270675,0.99352,0.000266,0.172839,0.283239,1.023207,0.020902,0.263601,0.410987,0.0,0.074716,0.11608,0.452976,0.676493,0.943685,1.018472,0.0,0.789575,0.687532,0.0,0.705934,0.823822,0.0,0.0,0.103013,0.0,0.850394,0.0,0.0,0.0,0.621546,0.508159,0.0,0.500554,0.049208,0.0,0.0,0.362548,0.0,0.0,0.388391,0.410747,0.0,0.0,0.0,0.0
66,0.0,0.0,0.180448,1.112875,0.249718,0.357908,0.378216,0.959727,0.0,0.492756,0.778328,0.0,0.0,0.523952,0.574902,0.880695,0.908846,0.969418,0.0,0.922637,0.906517,0.0,0.531999,0.913579,0.0,0.0,0.259611,0.0,0.85296,0.0,0.0,0.0,0.599628,0.658179,0.0,0.500187,0.147022,0.0,0.0,0.325924,0.0,0.0,0.272951,0.525823,0.0,0.0,0.0,0.0
67,0.0,0.025097,0.099556,0.832363,0.088694,0.620779,0.141402,0.49103,0.0,0.191412,0.497265,0.0,0.0,0.60206,0.296062,0.713893,0.464872,0.792257,0.055393,0.389277,0.449342,0.003103,0.459894,0.853902,0.0,0.0,0.297326,0.0,0.458486,0.0,0.0,0.0,0.392261,0.802133,0.0,0.540661,0.266314,0.0,0.023676,0.189887,0.0,0.0,0.44254,0.515499,0.0,0.0,0.347897,0.0
68,0.0,0.182285,0.081487,0.741829,0.048701,0.700355,0.057425,0.424773,0.0,0.139088,0.394752,0.0,0.032171,0.587566,0.032371,0.40588,0.211162,0.740052,0.045206,0.0,0.261403,0.058412,0.350073,0.61259,0.0,0.073246,0.411325,0.0,0.223582,0.0,0.0,0.0,0.471112,0.642289,0.0,0.57386,0.414628,0.0,0.214114,0.119956,0.0,0.0,0.507184,0.347673,0.0,0.0,0.528409,0.019852
69,0.0,0.183399,0.002563,0.82764,0.118088,0.64546,0.036634,0.192168,0.0,0.177894,0.220676,0.0,0.0,0.621716,0.087771,0.127733,0.117161,0.450876,0.233187,0.0,0.500494,0.039655,0.257477,0.804313,0.0,0.0,0.530243,0.0,0.3421,0.0,0.0,0.0,0.509259,0.534911,0.0,0.656534,0.285762,0.0,0.395116,0.304042,0.0,0.0,0.680168,0.264085,0.0,0.0,0.496293,0.0
70,0.0,0.225663,0.0,0.894793,0.377824,0.950313,0.0,0.030454,0.0,0.311324,0.536826,0.301279,0.0,0.891114,0.423043,0.143506,0.080904,0.542186,0.289182,0.0,0.977586,0.096792,0.001138,1.20358,0.0,0.0,0.921784,0.0,0.191478,0.017626,0.0,0.0,0.644366,0.568997,0.0,0.68911,0.223887,0.0,0.523575,0.479089,0.0,0.0,0.902396,0.161364,0.0,0.0,0.086092,0.0
71,0.0,0.248027,0.063072,1.089178,0.489418,0.937604,0.121008,0.0,0.0,0.370015,0.407935,0.303018,0.0,0.998853,0.322578,0.0,0.205081,0.373037,0.342837,0.0,1.120973,0.13992,0.0,1.325669,0.0,0.0,1.021286,0.0,0.328581,0.379944,0.0,0.0,0.897198,0.395507,0.009492,0.744461,0.201209,0.0,0.530232,0.39593,0.0,0.0,0.888438,0.024547,0.0,0.0,0.177285,0.222463
72,0.0,0.379406,0.0,0.927365,0.323697,0.927,0.013718,0.0,0.0,0.265691,0.243398,0.316193,0.0,0.740208,0.417883,0.0,0.078147,0.271533,0.347511,0.0,1.149842,0.476809,0.0,1.509526,0.0,0.0,0.825562,0.0,0.258272,0.433962,0.0,0.0,0.998459,0.384408,0.0,0.733558,0.0,0.0,0.430532,0.379083,0.0,0.0,1.091193,0.116935,0.0,0.0,0.235043,0.058575
73,0.0,0.403739,0.0,0.86073,0.387043,1.045152,0.0,0.0,0.0,0.138314,0.567708,0.476645,0.0,0.814716,0.602208,0.0,0.386191,0.461408,0.232545,0.151927,1.389397,0.51663,0.0,1.575998,0.0,0.0,0.924824,0.0,0.525387,0.145882,0.0,0.0,1.136294,0.493903,0.0,0.675593,0.0,0.0,0.392185,0.558858,0.0,0.0,1.134462,0.107944,0.0,0.0,0.114767,0.148981
74,0.0,0.485617,0.209084,0.894034,0.506636,1.13586,0.199026,0.172058,0.0,0.192108,0.49916,0.671496,0.0,0.690729,0.80542,0.0,0.567086,0.633222,0.023952,0.283894,1.702977,0.219959,0.225318,1.624719,0.0,0.0,0.777616,0.0,0.901406,0.12407,0.0,0.0,1.11509,0.611363,0.0,0.690054,0.0,0.0,0.324544,0.716602,0.0,0.0,1.28013,0.0,0.0,0.0,0.011807,0.108594
75,0.0,0.40951,0.378762,0.822531,0.292237,0.982324,0.140724,0.354236,0.0,0.128311,0.232439,0.336076,0.0,0.303017,0.526279,0.0,0.787052,0.659932,0.0,0.273125,1.534665,0.311998,0.419675,1.553092,0.0,0.0,0.38758,0.0,1.032762,0.0,0.0,0.0,1.307441,0.489897,0.0,0.928176,0.0,0.0,0.226016,0.711601,0.0,0.0,1.074122,0.143855,0.0,0.0,0.34916,0.0
76,0.0,0.274649,0.202076,0.688968,0.380875,1.025242,0.109611,0.189534,0.0,0.315415,0.459447,0.353938,0.0,0.703715,0.752689,0.0,0.98322,0.495958,0.0,0.547627,1.815315,0.368516,0.210154,1.961459,0.0,0.0,0.40163,0.0,1.051175,0.137053,0.0,0.0,1.259112,0.662371,0.0,0.792058,0.0,0.0,0.051962,0.737163,0.0,0.0,1.123364,0.303085,0.0,0.0,0.20191,0.079603
77,0.0,0.248415,0.134704,0.647983,0.509767,1.176841,0.10252,0.221287,0.0,0.496135,0.541152,0.446698,0.0,0.823057,0.951011,0.0,1.051432,0.53791,0.0,0.69233,2.02708,0.249172,0.262057,2.1872,0.0,0.0,0.344507,0.0,1.140986,0.126469,0.0,0.0,1.195077,0.871243,0.0,0.854329,0.0,0.0,0.066672,0.854318,0.0,0.033431,1.166448,0.366308,0.0,0.0,0.132451,0.015905
78,0.0,0.190358,0.0,0.49628,0.362738,1.216124,0.0,0.020159,0.0,0.306218,0.486682,0.47464,0.0,0.776596,0.638182,0.0,0.869173,0.534058,0.0,0.32954,1.421335,0.529478,0.165481,2.053893,0.0,0.0,0.247154,0.0,1.097679,0.040416,0.0,0.0,1.240127,0.948726,0.0,0.740717,0.0,0.0,0.147989,0.722472,0.0,0.0,1.177114,0.55898,0.0,0.0,0.48607,0.088854
79,0.0,0.126517,0.0,0.33081,0.213857,1.117497,0.0,0.069716,0.0,0.314622,0.582284,0.2825,0.0,0.796131,0.718069,0.0,0.837696,0.378885,0.0,0.297665,1.26008,0.559964,0.561917,1.935021,0.0,0.0,0.086701,0.0,1.266936,0.0,0.0,0.0,1.206111,1.017735,0.0,0.909352,0.0,0.0,0.382859,0.837607,0.0,0.0,1.020031,0.665239,0.0,0.0,0.765026,0.0
80,0.0,0.176696,0.0,0.139712,0.223651,1.124027,0.0,0.022996,0.0,0.394614,0.615379,0.340457,0.0,0.850883,0.970016,0.0,0.849244,0.273775,0.0,0.521316,1.382419,0.604333,0.706431,1.974309,0.0,0.0,0.0,0.0,1.30837,0.0,0.0,0.0,1.123767,1.056578,0.0,0.921091,0.0,0.0,0.395673,0.867704,0.0,0.0,1.033852,0.768612,0.0,0.0,0.675787,0.0
81,0.0,0.3392,0.0,0.39178,0.447966,1.151054,0.126755,0.289899,0.0,0.37591,0.539684,0.62895,0.0,0.86698,1.051012,0.0,1.171573,0.552878,0.0,0.535449,1.395307,0.375846,0.683276,1.735934,0.0,0.0,0.0,0.0,1.561183,0.0,0.0,0.0,1.029898,1.042372,0.0,0.893364,0.0,0.0,0.402178,0.834556,0.0,0.0,1.063777,0.56195,0.0,0.0,0.598588,0.174734
82,0.0,0.330709,0.0,0.0,0.263338,1.111124,0.0,0.003584,0.0,0.379969,0.510239,0.529517,0.0,0.846884,0.987242,0.0,1.110371,0.384123,0.0,0.464737,1.232112,0.57142,0.614914,1.997734,0.078438,0.0,0.0,0.0,1.414303,0.0,0.0,0.0,0.921257,1.069897,0.0,0.912359,0.0,0.0,0.41794,0.778127,0.0,0.0,1.248488,0.711007,0.0,0.0,0.706246,0.08326
83,0.0,0.296704,0.0,0.028378,0.346064,0.954845,0.0,0.015215,0.0,0.701817,0.574683,0.390158,0.0,0.956122,1.124773,0.026271,1.206194,0.221566,0.0,0.635844,1.40139,0.548397,0.440897,2.038956,0.365643,0.0,0.0,0.0,1.377306,0.10812,0.0,0.0,1.025631,0.846898,0.0,0.780135,0.0,0.0,0.25582,0.639262,0.0,0.0616,1.118798,0.892321,0.0,0.0,0.555293,0.065063
84,0.0,0.277359,0.0,0.280391,0.258117,0.652783,0.0,0.195884,0.0,0.571414,0.478037,0.239646,0.0,0.814325,0.952666,0.0,1.330385,0.275478,0.0,0.449043,1.067602,0.525948,0.411476,1.580647,0.284897,0.0,0.0,0.011586,1.434135,0.108845,0.0,0.0,1.135317,0.52249,0.0,0.657798,0.0,0.0,0.130134,0.468798,0.0,0.0,0.888211,0.817644,0.0,0.0,0.752049,0.055404
85,0.0,0.322134,0.0,0.017632,0.28073,0.530798,0.0,0.0,0.0,0.556956,0.538002,0.062275,0.0,0.822128,0.979768,0.0,1.234761,0.095336,0.0,0.373659,1.108493,0.533056,0.364836,1.714811,0.352512,0.0,0.0,0.0,1.195736,0.237366,0.0,0.0,0.906684,0.576711,0.0,0.506893,0.0,0.0,0.258181,0.439113,0.0,0.0,0.952231,0.774886,0.0,0.0,0.679271,0.0
86,0.0,0.568065,0.044974,0.388997,0.28397,0.423822,0.033146,0.305712,0.0,0.348488,0.0,0.194755,0.0,0.361788,0.803049,0.0,1.146005,0.435568,0.0,0.387518,0.987031,0.399455,0.547796,1.169595,0.056071,0.0,0.0,0.197575,1.069867,0.096566,0.0,0.0,0.828074,0.420898,0.0,0.600846,0.0,0.0,0.067199,0.408196,0.0,0.0,0.700903,0.432298,0.0,0.0,0.497677,0.0
87,0.0,0.653826,0.118264,0.349952,0.375938,0.239652,0.203912,0.365592,0.0,0.161192,0.0,0.313811,0.0,0.296186,0.799774,0.142249,1.001584,0.478526,0.0,0.357748,0.955787,0.267601,0.685441,0.636524,0.0,0.003372,0.0,0.251964,0.895188,0.0,0.0,0.0,0.666158,0.153101,0.0,0.194059,0.0,0.0,0.068734,0.245951,0.0,0.072139,0.536867,0.208566,0.0,0.0,0.310381,0.0
88,0.0,0.656084,0.072238,0.301838,0.329869,0.28505,0.0,0.270599,0.192596,0.0,0.0,0.397837,0.147392,0.053018,0.706049,0.179377,0.804615,0.643325,0.0,0.385112,0.740914,0.426641,0.677219,0.449348,0.0,0.314247,0.026719,0.059127,0.622569,0.0,0.0,0.0,0.47291,0.186551,0.0,0.0,0.0,0.0,0.183548,0.319728,0.0,0.037504,0.50521,0.136017,0.0,0.0,0.087081,0.0
89,0.0,0.635728,0.089687,0.684399,0.112376,0.266043,0.120293,0.341235,0.166528,0.0,0.0,0.525691,0.288037,0.0,0.459703,0.573444,0.645379,0.627438,0.0,0.533162,0.619939,0.603448,0.638356,0.296881,0.0,0.440868,0.134947,0.114543,0.532808,0.0,0.0,0.0,0.514201,0.097932,0.245864,0.0,0.011967,0.0,0.139794,0.216204,0.0,0.079662,0.138381,0.0,0.054625,0.0,0.042734,0.026622
90,0.0,0.590419,0.004563,0.819187,0.279645,0.277107,0.0,0.402781,0.056222,0.11814,0.0,0.612737,0.183685,0.0,0.414087,0.75775,0.597478,0.600825,0.0,0.533095,0.716272,0.559136,0.469482,0.343697,0.0,0.501609,0.415646,0.0,0.276331,0.0,0.018144,0.0,0.653566,0.0,0.258845,0.118931,0.010645,0.0,0.261592,0.131971,0.0,0.004797,0.140797,0.107741,0.208866,0.0,0.0,0.0
91,0.0,0.468138,0.0,0.992123,0.412416,0.188828,0.14929,0.198077,0.0,0.156132,0.0,0.618551,0.0,0.214026,0.45076,1.042221,0.75565,0.650697,0.0,0.418423,0.93215,0.727205,0.540921,0.291912,0.0,0.284144,0.71724,0.0,0.483287,0.0,0.0,0.0,0.878509,0.0,0.279269,0.021139,0.07957,0.0,0.561054,0.212962,0.0,0.0,0.0,0.199483,0.203117,0.0,0.0,0.071797
92,0.0,0.655572,0.0,1.090055,0.428875,0.192312,0.208132,0.245032,0.0,0.126326,0.0,0.722724,0.178169,0.0,0.366489,0.960886,0.71874,0.656607,0.0,0.523323,0.939648,0.726104,0.469433,0.317515,0.0,0.483931,0.505798,0.16637,0.514473,0.0,0.0,0.0,0.795743,0.0,0.416838,0.025968,0.034949,0.0,0.502016,0.160247,0.0,0.136942,0.0,0.208317,0.21706,0.0,0.0,0.014992
93,0.0,0.758464,0.0,1.020598,0.410968,0.192588,0.267961,0.240742,0.0,0.120989,0.0,0.89526,0.143257,0.0,0.349483,1.099538,0.652886,0.588156,0.0,0.478108,0.951545,0.922083,0.396789,0.382256,0.0,0.686074,0.343819,0.368135,0.323236,0.0,0.029189,0.0,0.725019,0.0,0.52398,0.0,0.035421,0.0,0.646509,0.022989,0.0,0.385481,0.146127,0.170349,0.214129,0.0,0.00598,0.015614
94,0.0,0.736868,0.0,0.946973,0.571666,0.218633,0.189519,0.223072,0.0,0.209752,0.0,0.86776,0.32133,0.0,0.430342,1.00931,0.701022,0.467227,0.096658,0.461497,1.10903,0.741305,0.36482,0.376342,0.0,0.944876,0.310244,0.368149,0.239933,0.0,0.235777,0.0,0.621047,0.0,0.471546,0.0,0.063367,0.0,0.723989,0.0,0.0,0.355147,0.294697,0.175967,0.28666,0.0,0.120222,0.0
95,0.0,0.818745,0.0,0.890197,0.643724,0.241428,0.043976,0.308405,0.0,0.089748,0.0,0.854532,0.241179,0.0,0.529103,0.976792,0.592829,0.652504,0.085099,0.456257,1.074227,0.846343,0.238773,0.493521,0.0,1.125202,0.453585,0.355398,0.0,0.0,0.244305,0.0,0.638951,0.012449,0.337283,0.0,0.0,0.0,0.68644,0.0,0.0,0.427141,0.457106,0.280369,0.25984,0.0,0.106696,0.0
96,0.0,0.7972,0.0,0.952888,0.546808,0.219324,0.120556,0.274591,0.0,0.0,0.0,0.717574,0.245425,0.0,0.39587,1.030101,0.629827,0.727994,0.136937,0.460566,0.872197,0.94353,0.195158,0.489957,0.0,0.94712,0.446837,0.265312,0.0,0.0,0.144466,0.0,0.620608,0.038263,0.412046,0.008321,0.0,0.0,0.643886,0.006274,0.0,0.31869,0.257076,0.285512,0.17275,0.0,0.031384,0.0
97,0.0,0.493245,0.0,0.895074,0.396528,0.180961,0.211161,0.284177,0.099935,0.0,0.0,0.507289,0.205375,0.059952,0.272147,1.056447,0.630488,0.588243,0.152413,0.431942,0.800969,0.782364,0.334061,0.338371,0.0,0.711273,0.591385,0.0,0.144363,0.0,0.042523,0.0,0.590031,0.195248,0.439265,0.115912,0.055624,0.0,0.648486,0.110422,0.0,0.207036,0.012722,0.15695,0.126371,0.0,0.0,0.053646
98,0.0,0.318836,0.0,0.847789,0.151513,0.120125,0.485231,0.318974,0.009826,0.0,0.0,0.394275,0.187225,0.247857,0.184058,1.089233,0.479546,0.610875,0.199552,0.422194,0.556807,0.713105,0.36703,0.384807,0.0,0.482107,0.461365,0.02194,0.198293,0.0,0.0,0.0,0.413295,0.438732,0.698955,0.286018,0.195442,0.0,0.564346,0.0,0.0,0.28237,0.0,0.064606,0.0,0.0,0.082814,0.12726
99,0.0,0.216158,0.0,0.764126,0.030702,0.166395,0.443667,0.675137,0.141752,0.0,0.0,0.211331,0.347202,0.128134,0.099472,1.038447,0.261885,0.68424,0.191119,0.399628,0.388161,0.475083,0.365095,0.478321,0.0,0.534283,0.454368,0.0,0.0,0.0,0.0,0.0,0.265406,0.539553,0.675516,0.526438,0.212466,0.0,0.354744,0.0,0.0,0.236165,0.128427,0.08291,0.026599,0.0,0.040901,0.0
100,0.0,0.197496,0.0,0.772944,0.025439,0.060244,0.565476,0.734968,0.0,0.151456,0.0,0.135509,0.0,0.169943,0.045326,1.154927,0.206259,0.699428,0.159917,0.307121,0.257332,0.338775,0.387785,0.610064,0.00458,0.117339,0.19661,0.108139,0.0,0.0,0.0,0.0,0.266025,0.472146,0.93675,0.702647,0.497259,0.0,0.349132,0.0,0.0,0.28563,0.047421,0.09135,0.0,0.0,0.167369,0.0
101,0.0,0.342029,0.0,0.676563,0.0,0.261745,0.489038,0.84174,0.0,0.200904,0.0,0.113657,0.002283,0.233085,0.0,1.334414,0.10917,0.852356,0.236498,0.496619,0.075131,0.356356,0.23669,0.62418,0.009974,0.436576,0.311892,0.069665,0.0,0.0,0.0,0.0,0.211548,0.608752,0.851457,0.873782,0.518411,0.0,0.361121,0.0,0.0,0.31194,0.0,0.075461,0.0,0.0,0.196115,0.0
102,0.0,0.108301,0.0,0.601693,0.0,0.302564,0.30042,0.840152,0.0,0.277418,0.074913,0.167706,0.0,0.508637,0.0,1.511208,0.132997,0.808504,0.160571,0.398068,0.015916,0.385045,0.28438,0.48956,0.0,0.447152,0.448863,0.0,0.0,0.0,0.0,0.0,0.361052,0.766596,0.853725,0.77941,0.510436,0.0,0.513338,0.0,0.0,0.143769,0.0,0.119871,0.0,0.0,0.10884,0.0
103,0.0,0.027667,0.0,0.784375,0.0,0.353417,0.439635,0.630629,0.0,0.281993,0.08004,0.01426,0.0,0.573506,0.0,1.586853,0.102394,0.852315,0.208849,0.443199,0.0,0.534476,0.111824,0.612368,0.0,0.149154,0.380623,0.0,0.0,0.0,0.0,0.0,0.263095,0.972043,0.972116,0.797286,0.490556,0.0,0.564584,0.0,0.0,0.058012,0.0,0.198872,0.0,0.0,0.10457,0.0
104,0.0,0.077906,0.0,0.817403,0.0,0.208809,0.413935,0.864171,0.0,0.239574,0.087439,0.0,0.031902,0.455149,0.104698,1.562932,0.155509,0.797113,0.228168,0.576078,0.012642,0.45306,0.409633,0.561471,0.091464,0.038526,0.274134,0.0,0.0,0.0,0.0,0.0,0.282465,0.746132,0.894259,0.694357,0.401214,0.0,0.439378,0.0,0.0,0.135689,0.0,0.244882,0.0,0.0,0.026604,0.0
105,0.0,0.406371,0.0,0.739452,0.0,0.039258,0.663331,0.959324,0.022217,0.092414,0.0,0.0,0.292365,0.26103,0.051595,1.242042,0.298975,0.68917,0.286043,0.653352,0.0,0.426059,0.416622,0.726518,0.094532,0.073417,0.0,0.084648,0.0,0.0,0.0,0.0,0.0,0.629728,0.831891,0.696142,0.379742,0.0,0.19486,0.0,0.0,0.115929,0.0,0.044122,0.0,0.0,0.154903,0.0
106,0.0,0.442504,0.0,0.375359,0.0,0.0,0.592547,0.788359,0.344351,0.0,0.0,0.085277,0.528872,0.346519,0.185919,1.233595,0.511779,0.627082,0.700917,0.448417,0.0,0.575407,0.590014,0.455094,0.120782,0.529822,0.216619,0.019237,0.0,0.0,0.0,0.0,0.0,0.641634,0.664187,0.272251,0.429426,0.0,0.351093,0.0,0.0,0.148555,0.222629,0.048703,0.0,0.0,0.29988,0.0
107,0.0,0.680069,0.0,0.250824,0.0,0.192814,0.575327,0.591501,0.441839,0.050802,0.0,0.134039,0.763525,0.471074,0.202,1.413465,0.642141,0.651694,1.083238,0.482576,0.0,0.816109,0.758449,0.347615,0.19238,0.965123,0.608348,0.0,0.0,0.0,0.135624,0.0,0.0,0.859417,0.719306,0.082325,0.629659,0.0,0.66321,0.0,0.0,0.285715,0.087586,0.0,0.0,0.0,0.317733,0.196235
108,0.0,0.639125,0.0,0.274294,0.0,0.271352,0.619595,0.232286,0.415912,0.020285,0.0,0.355725,0.677694,0.645032,0.17587,1.297004,0.754242,0.519431,1.153419,0.383507,0.0,0.93293,0.726776,0.404912,0.264182,0.958968,0.574444,0.047604,0.0,0.0,0.200193,0.0,0.0,0.960432,0.944041,0.0,0.768093,0.0,0.792367,0.0,0.0,0.058332,0.054048,0.0,0.0,0.0,0.351029,0.500375
109,0.0,0.753208,0.0,0.37472,0.0,0.341195,0.503369,0.092556,0.527043,0.0,0.0,0.316101,0.675581,0.490899,0.196005,1.207117,0.822783,0.494598,1.209927,0.313915,0.0,0.998353,0.683135,0.357746,0.171078,1.060062,0.86037,0.025286,0.0,0.0,0.230707,0.0,0.0,0.724272,0.757823,0.0,0.844777,0.0,0.93076,0.0,0.0,0.0,0.118385,0.0,0.0,0.0,0.324449,0.616091
110,0.0,0.479244,0.0,0.438481,0.0,0.161693,0.357794,0.0,0.597169,0.0,0.0,0.493009,0.305267,0.21036,0.283313,0.944556,0.818752,0.489345,1.139115,0.126283,0.0,1.045939,0.492915,0.405777,0.068974,0.838655,0.817208,0.215408,0.028939,0.0,0.048024,0.0,0.0,0.233457,0.511483,0.0,0.7404,0.0,1.027196,0.0,0.0,0.0,0.377445,0.134455,0.0,0.0,0.264069,0.419342
111,0.0,0.418095,0.0,0.39507,0.0,0.380599,0.171401,0.0,0.670197,0.037897,0.0,0.46276,0.248474,0.289147,0.281437,0.827994,0.67405,0.447413,1.036833,0.0,0.0,0.880296,0.531065,0.384342,0.00834,0.718312,0.869024,0.08572,0.090068,0.0,0.129484,0.0,0.0,0.273129,0.44164,0.0,0.805083,0.0,1.129734,0.0,0.0,0.0,0.543407,0.248182,0.0,0.0,0.305105,0.312537
112,0.0,0.235458,0.0,0.450642,0.0,0.557045,0.0133,0.0,0.700654,0.098575,0.078175,0.348452,0.19815,0.358906,0.399174,0.823101,0.264494,0.330736,1.222818,0.0,0.0,0.802599,0.48452,0.594527,0.0,0.692495,0.818523,0.057518,0.035577,0.0,0.2547,0.0,0.0,0.433018,0.208416,0.0,0.926907,0.0,1.219779,0.097597,0.0,0.0,0.729227,0.375429,0.0,0.0,0.593778,0.120478
113,0.0,0.120344,0.0,0.552943,0.0,0.816646,0.080079,0.0,0.522578,0.18889,0.030235,0.383789,0.014845,0.508727,0.281023,0.558003,0.04597,0.188217,1.303415,0.0,0.0,0.677038,0.27715,0.756665,0.0,0.587812,0.770424,0.081069,0.027224,0.0,0.00263,0.0,0.0,0.607204,0.289783,0.065024,0.901171,0.0,1.181265,0.037429,0.0,0.0,0.784843,0.32499,0.0,0.0,0.74954,0.201983
114,0.0,0.020136,0.0,0.550556,0.0,1.089377,0.0,0.0,0.380063,0.378443,0.215187,0.280242,0.0,0.879607,0.409907,0.633892,0.0,0.0,1.546087,0.0,0.0,0.598529,0.114335,1.011231,0.069417,0.593316,0.950065,0.0,0.0,0.0,0.312203,0.0,0.0,0.957309,0.316091,0.404988,1.00761,0.0,1.350474,0.195335,0.0,0.0,0.681567,0.275676,0.0,0.0,0.924356,0.292621
115,0.0,0.070131,0.0,0.597506,0.0,1.245347,0.0,0.0,0.391495,0.349592,0.365769,0.169951,0.0,0.869934,0.457906,0.785034,0.0,0.00681,1.467327,0.0,0.0,0.762515,0.19404,1.003586,0.0,0.685937,0.926107,0.0,0.0,0.0,0.372278,0.0,0.0,1.166709,0.32723,0.422877,1.161304,0.0,1.394134,0.390809,0.0,0.0,0.725668,0.420966,0.0,0.0,1.035608,0.170493
116,0.0,0.130931,0.0,0.516667,0.0,1.045297,0.0,0.0,0.470126,0.282692,0.248992,0.135796,0.027678,0.676934,0.507011,0.586075,0.0,0.0,1.580131,0.0,0.0,0.955886,0.188498,1.018838,0.045639,0.644264,0.664246,0.0,0.0,0.0,0.10491,0.0,0.0,1.010534,0.207953,0.355502,1.099257,0.0,1.45798,0.379436,0.0,0.0,0.848822,0.565744,0.058686,0.0,1.167559,0.0
117,0.0,0.198068,0.0,0.435504,0.0,1.080649,0.0,0.0,0.401641,0.236635,0.110075,0.236657,0.0,0.773768,0.583788,0.484321,0.0,0.0,1.648558,0.0,0.0,1.038477,0.138662,1.238364,0.132184,0.654768,0.636726,0.0,0.0,0.0,0.0,0.0,0.0,1.163353,0.245021,0.476504,0.993743,0.0,1.552543,0.476326,0.0,0.0,1.02994,0.490608,0.070078,0.0,1.146146,0.0
118,0.0,0.181093,0.0,0.404012,0.0,1.049207,0.0,0.0,0.45543,0.290901,0.293848,0.141605,0.0,0.89276,0.76431,0.579679,0.0,0.0,1.532181,0.0,0.0,1.196167,0.138066,1.409101,0.067956,0.839946,0.663469,0.0,0.0,0.0,0.065679,0.0,0.0,1.284516,0.098236,0.471946,0.978224,0.0,1.699892,0.661705,0.0,0.0,1.195706,0.564108,0.124633,0.0,1.139944,0.0
119,0.0,0.280498,0.0,0.455556,0.0,1.031046,0.0,0.0,0.374414,0.306096,0.361734,0.12544,0.079802,0.793312,0.712988,0.671943,0.0,0.0,1.853154,0.001806,0.0,1.344266,0.251136,1.328379,0.084314,0.959724,0.833696,0.0,0.0,0.0,0.104265,0.0,0.0,1.249976,0.032453,0.598428,0.998839,0.0,1.751279,0.71495,0.0,0.0,0.928596,0.558351,0.188724,0.0,1.224342,0.0
120,0.0,0.32065,0.0,0.568633,0.0,1.08091,0.0,0.0,0.219554,0.317201,0.265591,0.256946,0.0,1.000956,0.668026,0.719641,0.0,0.0,1.795279,0.0,0.0,1.241373,0.110739,1.416053,0.055165,0.912688,0.955837,0.0,0.0,0.0,0.079441,0.0,0.0,1.455978,0.219963,0.868202,0.914799,0.0,1.579118,0.661833,0.0,0.0,0.902348,0.350387,0.017572,0.0,1.101711,0.023336
121,0.0,0.287866,0.0,0.58261,0.0,0.941176,0.0,0.0,0.23063,0.280426,0.442604,0.171734,0.0,0.894278,0.603282,0.923327,0.0,0.071728,1.864374,0.0,0.0,1.199883,0.055577,1.327597,0.021477,0.918908,1.22058,0.0,0.0,0.0,0.17988,0.0,0.0,1.374728,0.132278,0.837665,0.856989,0.0,1.60174,0.569465,0.0,0.0,0.725734,0.394861,0.0,0.0,0.915411,0.0
122,0.0,0.385641,0.0,0.526068,0.0,0.689809,0.04289,0.0,0.143654,0.355774,0.417691,0.038063,0.184985,0.952217,0.393624,0.671449,0.0,0.0,1.608704,0.119318,0.0,1.002749,0.129304,0.842518,0.026519,0.936806,0.991169,0.0,0.0,0.140759,0.119223,0.0,0.0,1.196782,0.012777,0.737708,0.767622,0.0,1.418395,0.300297,0.0,0.0,0.503592,0.441363,0.0,0.0,1.016164,0.113303
123,0.0,0.403146,0.0,0.554663,0.028125,0.485764,0.293679,0.123208,0.167899,0.29876,0.051622,0.107795,0.117113,0.757498,0.253248,0.251376,0.0,0.0,1.293147,0.141066,0.001698,0.616235,0.093343,0.753531,0.11237,0.423464,0.703026,0.0,0.0,0.0,0.0,0.0,0.0,0.828438,0.35043,0.785122,0.509313,0.0,0.91916,0.011123,0.0,0.0,0.62172,0.329446,0.0,0.0,0.507608,0.0
124,0.0,0.588514,0.0,0.612876,0.0,0.356825,0.45027,0.3581,0.124904,0.39929,0.028548,0.037468,0.304973,0.609928,0.010316,0.173173,0.0,0.0,0.956485,0.138863,0.0,0.580091,0.088937,0.559471,0.0,0.458007,0.493859,0.231552,0.0,0.0,0.0,0.0,0.216594,0.603167,0.428367,0.744113,0.493281,0.0,0.760613,0.0,0.0,0.0,0.49549,0.200342,0.0,0.0,0.329458,0.036721
125,0.0,0.546423,0.0,0.695059,0.102754,0.408869,0.402352,0.218794,0.0,0.565324,0.126431,0.149338,0.234469,0.553262,0.072942,0.233113,0.0,0.0,0.869415,0.316306,0.070295,0.786509,0.0,0.544004,0.0,0.460684,0.544647,0.150503,0.0,0.324687,0.007797,0.0,0.466827,0.549717,0.653718,0.816834,0.640882,0.0,0.871911,0.0,0.0,0.0,0.269211,0.248333,0.0,0.0,0.184284,0.209227
126,0.0,0.87701,0.0,0.513361,0.22955,0.258729,0.501952,0.465857,0.0,0.711592,0.143683,0.234398,0.132355,0.564867,0.122521,0.0,0.0,0.053598,0.956796,0.303444,0.179046,0.733481,0.057412,0.174474,0.0,0.556308,0.453246,0.48619,0.0,0.097596,0.0,0.0,0.738344,0.42822,0.722819,0.734272,0.518369,0.0,0.825394,0.0,0.0,0.0,0.356413,0.217802,0.0,0.0,0.10569,0.081504
127,0.0,0.749247,0.0,0.547748,0.414636,0.195378,0.552977,0.488871,0.0,0.631917,0.215655,0.280159,0.02773,0.479005,0.341234,0.0,0.0,0.0,0.909304,0.298024,0.171901,0.805037,0.0,0.278912,0.0,0.536906,0.425078,0.481696,0.0,0.170527,0.0,0.0,0.879896,0.280928,0.558505,0.586509,0.382479,0.0,0.907544,0.0,0.0,0.0,0.683502,0.299888,0.0,0.0,0.047089,0.0
128,0.0,0.720416,0.0,0.574799,0.448821,0.151155,0.564872,0.391336,0.0,0.776129,0.199869,0.233655,0.084423,0.476347,0.329399,0.0,0.0,0.0,0.915159,0.151786,0.155722,0.850609,0.0,0.406956,0.0,0.449355,0.471617,0.445536,0.0,0.213017,0.0,0.0,1.036563,0.406914,0.605152,0.685636,0.433327,0.0,1.020484,0.0,0.0,0.0,0.641854,0.361378,0.0,0.0,0.186744,0.0
129,0.0,0.752978,0.0,0.514727,0.523505,0.291132,0.46626,0.317968,0.0,0.679158,0.271859,0.230357,0.018141,0.442437,0.426706,0.0,0.0,0.0,0.941537,0.300292,0.304849,0.788718,0.0,0.502818,0.0,0.588036,0.545246,0.399513,0.0,0.14331,0.0,0.0,0.94272,0.484948,0.526365,0.853794,0.347102,0.0,0.958587,0.0,0.0,0.0,0.77694,0.308221,0.0,0.0,0.205939,0.0
130,0.0,0.678359,0.0,0.278092,0.224394,0.434377,0.08262,0.034723,0.0,0.683333,0.492782,0.034052,0.0,0.444849,0.297839,0.0,0.0,0.0,1.18172,0.369719,0.316969,0.856551,0.123352,0.485347,0.0,0.696365,0.694354,0.442319,0.026803,0.087085,0.0,0.0,0.833938,0.609496,0.265622,1.03183,0.329349,0.0,1.060292,0.0,0.0,0.0,0.570441,0.392729,0.0,0.0,0.477955,0.027483
131,0.0,0.530145,0.0,0.725402,0.271233,0.709422,0.457668,0.088898,0.0,0.680762,0.344035,0.246097,0.0,0.564469,0.131438,0.0,0.0,0.169598,0.748349,0.421676,0.361783,0.668309,0.0,0.74429,0.0,0.358407,0.369336,0.533975,0.059584,0.22727,0.0,0.0,0.895706,0.774044,0.544867,1.112149,0.494192,0.0,0.778527,0.037064,0.0,0.0,0.637787,0.356552,0.0,0.0,0.630179,0.112838
132,0.0,0.0,0.0,0.768057,0.24709,1.248664,0.199187,0.0,0.0,0.72057,0.740368,0.272602,0.0,1.241167,0.2105,0.266894,0.0,0.241585,0.521348,0.366076,0.65114,0.26796,0.0,1.356566,0.0,0.0,0.672214,0.0,0.443381,0.242889,0.0,0.0,0.878092,1.354419,0.311455,1.064699,0.379054,0.0,0.680423,0.397453,0.0,0.0,0.931367,0.627328,0.0,0.0,0.466721,0.024316
133,0.0,0.0,0.0,0.480777,0.258658,1.357648,0.0,0.0,0.0,0.756432,1.269734,0.006637,0.0,1.679908,0.239344,0.289647,0.0,0.19097,0.576063,0.286153,0.594951,0.202008,0.0,1.691257,0.0,0.0,0.952681,0.0,0.65123,0.244061,0.0,0.0,0.77439,1.677531,0.0,1.054242,0.338978,0.0,0.820323,0.61332,0.0,0.0,1.041859,0.8972,0.0,0.0,0.774379,0.0
134,0.0,0.0,0.0,0.720728,0.383718,1.496741,0.0,0.0,0.0,1.018504,1.362934,0.0,0.0,1.737854,0.419683,0.38754,0.120329,0.308441,0.290727,0.686558,1.0396,0.0,0.0,2.028338,0.0,0.0,0.925822,0.0,0.887514,0.20313,0.0,0.0,0.755619,1.717348,0.0,1.316213,0.225592,0.0,0.607685,0.752439,0.0,0.0,1.090742,0.943746,0.0,0.0,0.58088,0.0
135,0.0,0.0,0.0,0.910059,0.415718,1.557649,0.105603,0.0,0.0,1.106997,1.002086,0.0,0.0,1.628494,0.312739,0.286291,0.239042,0.409746,0.267847,0.698145,1.077526,0.0,0.0,1.914406,0.0,0.0,0.576183,0.0,0.871424,0.419042,0.0,0.0,0.714737,1.684636,0.133189,1.373609,0.311592,0.0,0.615882,0.724709,0.0,0.0,1.00553,0.757909,0.0,0.0,0.690956,0.0
136,0.0,0.0,0.0,0.555352,0.17636,1.310426,0.0,0.0,0.0,0.887777,1.027547,0.0,0.0,1.412346,0.224231,0.002756,0.169445,0.213138,0.289587,0.477121,0.803944,0.129861,0.012338,1.617135,0.0,0.0,0.418228,0.0,0.798378,0.376369,0.0,0.0,0.956566,1.315657,0.0,1.263973,0.182009,0.0,0.603463,0.766132,0.0,0.0,0.954234,0.920547,0.0,0.0,0.90718,0.0
137,0.0,0.0,0.0,0.707975,0.370484,1.240525,0.0,0.0,0.0,0.906211,0.685678,0.0,0.0,1.039452,0.095171,0.0,0.197583,0.298488,0.089765,0.276577,0.868927,0.193357,0.0,1.55647,0.0,0.0,0.294184,0.0216,0.700221,0.544211,0.0,0.0,1.230196,1.078893,0.0,1.053294,0.181412,0.0,0.426933,0.666438,0.0,0.0,0.988901,0.838845,0.0,0.0,0.674174,0.0
138,0.0,0.059367,0.0,0.529019,0.460284,1.015865,0.0,0.0,0.0,0.750482,0.578466,0.0,0.0,0.792081,0.137367,0.0,0.34616,0.274176,0.168053,0.334265,0.983572,0.28565,0.04548,1.386639,0.0,0.0,0.397889,0.095879,0.650298,0.518534,0.0,0.0,1.155865,0.923455,0.0,1.056293,0.037643,0.0,0.466025,0.626252,0.0,0.0,0.900765,0.67883,0.0,0.0,0.713769,0.0
139,0.0,0.0,0.055864,0.847871,0.581843,1.056688,0.090988,0.109051,0.0,0.651398,0.364686,0.0,0.0,0.815635,0.373091,0.0,0.638466,0.463276,0.0,0.420755,1.480476,0.1073,0.0,1.523048,0.0,0.0,0.510514,0.0,0.636183,0.515595,0.0,0.0,1.192962,0.901743,0.061096,0.982107,0.0,0.0,0.13049,0.669432,0.0,0.0,1.052082,0.469341,0.0,0.0,0.277418,0.0
140,0.0,0.052644,0.282091,0.92743,0.528219,0.701381,0.221417,0.379422,0.0,0.714855,0.157994,0.11544,0.0,0.423034,0.410022,0.0,0.669658,0.634426,0.0,0.540076,1.606378,0.270608,0.062518,1.276042,0.0,0.0,0.180088,0.085278,0.460086,0.638513,0.0,0.0,1.398944,0.382895,0.246412,0.859703,0.013187,0.0,0.0,0.561574,0.0,0.148572,0.852944,0.493286,0.0,0.0,0.388157,0.0
141,0.0,0.020006,0.30683,0.804924,0.676509,1.114612,0.0,0.228726,0.0,0.301196,0.517276,0.149166,0.0,0.711345,0.596513,0.0,0.796169,0.633347,0.0,0.628253,1.875475,0.102935,0.000936,1.543741,0.0,0.0,0.998467,0.0,0.543167,0.330078,0.0,0.0,1.103034,0.942849,0.0,0.797158,0.0,0.0,0.0,0.770328,0.0,0.257399,1.200068,0.340024,0.0,0.0,0.0,0.0
142,0.0,0.0,0.355113,1.018223,0.628262,0.922923,0.137041,0.298341,0.0,0.246429,0.456162,0.157718,0.0,0.645873,0.49631,0.031465,0.897888,0.690732,0.0,0.584906,1.803137,0.108313,0.0,1.404828,0.0,0.0,0.93612,0.0,0.66513,0.459161,0.0,0.0,1.068143,0.852094,0.148865,0.747426,0.0,0.0,0.008232,0.739134,0.0,0.303958,1.030586,0.302859,0.0,0.0,0.0,0.0
143,0.0,0.00736,0.347509,0.90585,0.513881,0.727964,0.007024,0.416678,0.0,0.345382,0.2144,0.019879,0.0,0.310283,0.22923,0.0,0.625642,0.69167,0.0,0.375452,1.394884,0.053795,0.010421,1.045727,0.0,0.0,0.657219,0.0,0.402598,0.401262,0.0,0.0,1.102049,0.547668,0.196193,0.810704,0.0,0.0,0.0,0.509957,0.0,0.114123,0.883389,0.282406,0.0,0.0,0.186557,0.0
144,0.0,0.069303,0.291434,0.95661,0.557119,0.310364,0.122936,0.407518,0.0,0.578954,0.042355,0.0,0.0,0.100852,0.137997,0.0,0.583013,0.610476,0.0,0.376115,1.21338,0.0,0.0,0.882575,0.0,0.0,0.38371,0.103769,0.266504,0.565103,0.0,0.0,1.053242,0.302973,0.3589,0.87171,0.207858,0.0,0.0,0.404893,0.0,0.0,0.678226,0.32272,0.0,0.0,0.491465,0.0
145,0.0,0.101304,0.270441,0.934403,0.434707,0.54028,0.103684,0.403249,0.0,0.403085,0.206029,0.0,0.0,0.316927,0.268312,0.218972,0.447003,0.581117,0.0,0.348927,1.064447,0.0,0.054153,0.797474,0.0,0.0,0.454848,0.0,0.227828,0.481424,0.0,0.0,0.764575,0.496332,0.3819,0.720616,0.199044,0.0,0.0,0.350082,0.0,0.120561,0.640784,0.350226,0.0,0.0,0.215019,0.0
146,0.0,0.010843,0.0,0.585878,0.301972,0.582605,0.0,0.200943,0.0,0.189989,0.284174,0.0,0.0,0.54062,0.213023,0.324144,0.235565,0.361924,0.034843,0.221465,0.624414,0.193035,0.063906,0.566675,0.0,0.07007,0.474819,0.0,0.107175,0.181916,0.0,0.0,0.47521,0.627273,0.183897,0.456337,0.164793,0.0,0.156366,0.255085,0.0,0.0,0.457367,0.40404,0.0,0.0,0.266202,0.0
147,0.0,0.220722,0.0,0.567468,0.231438,0.345032,0.171641,0.299524,0.08957,0.055433,0.161692,0.0,0.055002,0.432709,0.293201,0.409388,0.324369,0.380399,0.061594,0.282763,0.428044,0.208764,0.242053,0.462431,0.0,0.044561,0.173755,0.0,0.118727,0.0,0.0,0.0,0.170484,0.550822,0.357384,0.420322,0.296761,0.0,0.213373,0.186582,0.0,0.0,0.393651,0.311674,0.0,0.0,0.378035,0.0
148,0.0,0.286906,0.0,0.295815,0.134592,0.139671,0.146715,0.298271,0.389524,0.0,0.171009,0.0,0.213346,0.406249,0.322719,0.400329,0.307867,0.258557,0.396347,0.301603,0.002474,0.31308,0.265188,0.428611,0.017296,0.345977,0.247031,0.0,0.064869,0.0,0.0,0.0,0.0,0.639114,0.217462,0.36901,0.332341,0.0,0.445924,0.152041,0.0,0.0,0.447317,0.273043,0.0,0.0,0.539484,0.0
149,0.0,0.512273,0.0,0.223134,0.0,0.171688,0.139829,0.34007,0.449677,0.0,0.291509,0.0,0.42104,0.359843,0.33149,0.83175,0.430349,0.315393,0.715512,0.397948,0.0,0.657073,0.3676,0.468565,0.128378,0.824401,0.39947,0.0,0.0,0.0,0.137179,0.0,0.0,0.83545,0.307918,0.228233,0.504827,0.0,0.715933,0.093893,0.0,0.161938,0.288793,0.305374,0.0,0.0,0.537875,0.0
150,0.0,0.464036,0.0,0.061323,0.0,0.129103,0.377511,0.280043,0.417713,0.063068,0.008381,0.132645,0.268949,0.562134,0.318055,0.818112,0.416544,0.313853,0.971486,0.391407,0.0,0.646217,0.328157,0.437993,0.372944,0.857524,0.25063,0.0,0.0,0.0,0.217905,0.0,0.0,0.838113,0.665085,0.156773,0.658121,0.0,0.826154,0.018487,0.0,0.195107,0.214785,0.165743,0.0,0.0,0.574313,0.144977
151,0.0,0.722729,0.0,0.027399,0.0,0.202585,0.549628,0.244175,0.312046,0.101329,0.028387,0.129291,0.421248,0.597085,0.148103,1.104357,0.463926,0.460981,1.31496,0.478238,0.0,0.849301,0.318796,0.539326,0.345582,1.05266,0.250745,0.249763,0.0,0.0,0.134575,0.0,0.0,0.995431,0.872436,0.334859,0.775443,0.0,0.838144,0.0,0.0,0.313431,0.037376,0.0,0.0,0.0,0.597331,0.471161
152,0.0,0.573299,0.0,0.025145,0.0,0.183224,0.642094,0.458194,0.448575,0.064383,0.0,0.142749,0.389884,0.572998,0.103691,1.217401,0.586342,0.525643,1.172836,0.417095,0.0,0.797549,0.314314,0.69947,0.452921,0.945737,0.278123,0.013602,0.0,0.0,0.219362,0.0,0.0,1.029683,0.975154,0.194121,0.773823,0.0,0.881454,0.0,0.0,0.266135,0.166721,0.011539,0.0,0.0,0.364478,0.186117
153,0.0,0.366771,0.0,0.22612,0.0,0.02605,0.841696,0.605184,0.348602,0.047291,0.0,0.006237,0.342537,0.589884,0.215151,1.373044,0.673936,0.543749,1.061528,0.599837,0.0,0.843441,0.301134,0.847883,0.594077,0.596525,0.200261,0.0,0.0,0.0,0.059459,0.0,0.0,0.902818,0.978849,0.209101,0.61198,0.0,0.815715,0.0,0.0,0.324234,0.042815,0.093638,0.0,0.0,0.246992,0.134121
154,0.0,0.582396,0.0,0.205492,0.0,0.0,0.825618,0.777587,0.311273,0.114086,0.0,0.080212,0.492015,0.609717,0.168055,1.546595,0.730221,0.677785,1.194885,0.737289,0.0,0.881477,0.415499,0.757743,0.521548,0.867427,0.061454,0.0,0.0,0.0,0.01457,0.0,0.0,0.958561,1.064787,0.432821,0.72461,0.0,0.651828,0.0,0.0,0.342904,0.0,0.0,0.0,0.0,0.297369,0.131824
155,0.0,0.649634,0.0,0.248353,0.0,0.047773,0.699562,0.788741,0.218773,0.171819,0.0,0.107956,0.522716,0.609809,0.106151,1.761077,0.692915,0.773022,1.197698,0.948534,0.0,1.032725,0.463753,0.79961,0.471395,1.049785,0.090962,0.0,0.0,0.0,0.0,0.0,0.0,1.137814,1.129555,0.581799,0.781068,0.0,0.680857,0.0,0.0,0.434025,0.0,0.0,0.0,0.0,0.287894,0.167625
156,0.0,0.655256,0.0,0.236748,0.0,0.151214,0.711597,0.848702,0.435115,0.05009,0.0,0.090785,0.624096,0.651512,0.0,1.887619,0.807507,0.980519,1.083971,0.624696,0.0,1.013216,0.686202,0.852096,0.397768,1.070737,0.200417,0.0,0.0,0.0,0.051123,0.0,0.0,1.376292,1.082298,0.503737,0.874625,0.0,0.773355,0.0,0.0,0.30305,0.0,0.034309,0.0,0.0,0.2602,0.0
157,0.0,0.521347,0.0,0.42,0.0,0.0,0.846046,1.058146,0.416302,0.0,0.0,0.0,0.664812,0.364105,0.156817,1.6537,0.734681,0.902217,0.854865,0.795412,0.0,0.966421,0.54599,1.038913,0.33509,0.727656,0.0,0.0,0.0,0.0,0.0,0.0,0.0,1.125596,0.808052,0.693929,0.553523,0.0,0.507475,0.0,0.0,0.348763,0.070579,0.157285,0.0,0.0,0.323252,0.0
158,0.0,0.598654,0.071278,0.36932,0.0,0.0,0.597706,1.117272,0.316681,0.0,0.065685,0.0,0.662207,0.150739,0.177681,1.612615,0.62111,1.109519,0.704651,0.758492,0.0,0.858537,0.760274,0.97991,0.230824,0.855005,0.006457,0.0,0.0,0.0,0.0,0.0,0.0,1.078112,0.4631,0.673347,0.432459,0.0,0.44262,0.0,0.0,0.487898,0.118778,0.378844,0.0,0.0,0.394807,0.0
159,0.0,0.337272,0.056153,0.644596,0.0,0.0,0.631642,1.211768,0.409206,0.088857,0.007135,0.0,0.614729,0.385311,0.292798,1.538325,0.760988,0.977536,0.561741,0.631128,0.0,0.651418,0.88728,0.6982,0.204547,0.636167,0.041641,0.0,0.0,0.0,0.0,0.0,0.005335,1.0207,0.514751,0.678317,0.429608,0.0,0.243205,0.0,0.0,0.158493,0.0,0.299141,0.0,0.0,0.158463,0.0
160,0.0,0.306126,0.041129,0.754135,0.0,0.0,0.578196,1.246727,0.220036,0.002991,0.0,0.0,0.463457,0.157967,0.244454,1.409695,0.682128,0.998175,0.347397,0.724834,0.0,0.495018,0.842187,0.817248,0.252201,0.288587,0.0,0.0,0.0,0.0,0.0,0.0,0.077859,0.717573,0.48431,0.770744,0.236743,0.0,0.0,0.0,0.0,0.141259,0.0,0.339687,0.0,0.0,0.174528,0.0
161,0.0,0.183765,0.198724,0.798314,0.0,0.0,0.59691,1.229756,0.445614,0.0,0.037741,0.0,0.434949,0.2466,0.205308,1.425114,0.700365,1.016528,0.314196,0.626944,0.004123,0.435531,0.695967,0.884622,0.000566,0.142338,0.206032,0.0,0.0,0.0,0.0,0.0,0.0,0.958472,0.476244,0.754285,0.330062,0.0,0.138829,0.0,0.0,0.173495,0.0,0.165967,0.0,0.0,0.0,0.0
162,0.0,0.22635,0.087633,0.768372,0.0,0.0,0.584844,0.984226,0.309187,0.0,0.0,0.0,0.370895,0.13649,0.022185,1.376627,0.702277,1.058896,0.315603,0.636113,0.01962,0.448882,0.662505,1.008256,0.029906,0.155021,0.027125,0.0,0.0,0.0,0.0,0.0,0.0,0.892098,0.682501,0.734409,0.369741,0.0,0.106,0.0,0.0,0.191345,0.0,0.075807,0.0,0.0,0.089808,0.0
163,0.0,0.429067,0.110647,0.78781,0.0,0.026975,0.510021,0.967736,0.375506,0.0,0.0,0.0,0.578979,0.181404,0.0,1.662358,0.656675,1.177852,0.271996,0.68353,0.0,0.673383,0.856496,1.016228,0.0,0.4818,0.252101,0.0,0.0,0.0,0.0,0.0,0.01542,1.019691,0.628015,0.612226,0.478334,0.0,0.219619,0.0,0.0,0.170212,0.023536,0.0,0.045363,0.0,0.22739,0.0
164,0.0,0.399673,0.259399,0.853943,0.0,0.0,0.451989,1.067291,0.497837,0.0,0.0,0.0,0.647868,0.0,0.113335,1.760966,0.767039,1.308163,0.280773,0.778268,0.090446,0.736998,1.030363,0.944174,0.0,0.556665,0.485742,0.0,0.0,0.0,0.0,0.0,0.037632,0.915733,0.636064,0.396374,0.517134,0.0,0.269794,0.0,0.0,0.190766,0.032409,0.016477,0.206075,0.0,0.076206,0.0
165,0.0,0.270936,0.37485,0.897731,0.0,0.0,0.457628,1.141469,0.580071,0.0,0.0,0.0,0.522982,0.0,0.229846,1.82119,0.888575,1.292746,0.289971,0.849027,0.314856,0.649088,1.04377,0.857094,0.0,0.413039,0.580367,0.0,0.0,0.0,0.0,0.0,0.024908,0.740058,0.680576,0.2888,0.52739,0.0,0.380696,0.0,0.0,0.171016,0.0,0.077558,0.246144,0.0,0.0,0.0
166,0.0,0.416982,0.159754,0.864138,0.0,0.0,0.62715,1.019254,0.362047,0.0,0.0,0.055686,0.550266,0.169991,0.123087,1.956586,0.994563,1.250193,0.276738,0.765533,0.313454,0.692469,1.225776,0.770514,0.0,0.266298,0.315477,0.0,0.0,0.0,0.0,0.0,0.167002,0.767704,0.921569,0.240932,0.61196,0.0,0.194238,0.0,0.0,0.085051,0.0,0.0,0.205383,0.0,0.006751,0.0
167,0.0,0.366428,0.085488,0.981001,0.0,0.0,0.765649,1.186435,0.15678,0.0,0.0,0.105643,0.494693,0.166689,0.275733,1.930163,0.888777,1.142008,0.172321,0.950306,0.297679,0.617212,1.152354,0.758032,0.0,0.128474,0.017276,0.0,0.0,0.0,0.0,0.0,0.120227,0.643188,0.860305,0.285375,0.498973,0.0,0.068546,0.0,0.0,0.168388,0.0,0.071229,0.0,0.0,0.136689,0.0
168,0.0,0.407605,0.178294,0.78299,0.0,0.0,0.717675,0.998885,0.234463,0.0,0.0,0.054024,0.556701,0.12314,0.0,1.904358,0.749518,1.181842,0.211874,0.856091,0.112531,0.713235,0.880817,0.877109,0.0,0.328527,0.272951,0.0,0.0,0.0,0.0,0.0,0.0,0.92127,0.955044,0.431731,0.533229,0.0,0.283663,0.0,0.0,0.243584,0.0,0.0,0.010299,0.0,0.00896,0.0
169,0.0,0.263475,0.199913,0.700625,0.0,0.008735,0.699451,1.093342,0.3108,0.0,0.0,0.0,0.560084,0.166105,0.0,1.79736,0.648719,1.096616,0.259763,0.673307,0.119351,0.604984,0.776867,0.76114,0.0,0.365542,0.348647,0.0,0.0,0.0,0.0,0.0,0.0,0.862728,0.957678,0.491788,0.468144,0.0,0.2844,0.0,0.0,0.2387,0.0,0.007092,0.048555,0.0,0.0,0.0
170,0.0,0.217715,0.14486,0.61991,0.0,0.0,0.58277,1.161534,0.0,0.018254,0.0,0.099652,0.227843,0.298403,0.061726,1.769733,0.57186,1.082894,0.267383,0.649157,0.195971,0.497018,0.71067,0.682098,0.028177,0.423159,0.268849,0.0,0.0,0.0,0.0,0.0,0.093103,0.723335,0.930761,0.635363,0.478321,0.0,0.211219,0.0,0.0,0.393328,0.0,0.108455,0.006835,0.0,0.072348,0.0
171,0.0,0.158215,0.0,0.595454,0.0,0.235284,0.60476,1.122102,0.0,0.046891,0.0,0.103916,0.195968,0.393722,0.0,1.840541,0.553995,1.192637,0.227825,0.654413,0.166575,0.59672,0.606527,0.710995,0.065305,0.600103,0.308877,0.0,0.0,0.0,0.0,0.0,0.2236,0.922082,1.061222,0.83109,0.486868,0.0,0.322817,0.0,0.0,0.394159,0.0,0.000637,0.030629,0.0,0.0,0.0
172,0.0,0.0,0.0,0.827273,0.0,0.043376,0.877933,1.213275,0.0,0.131071,0.0,0.115596,0.073303,0.263537,0.0,1.667594,0.660913,1.150658,0.174857,0.444926,0.280762,0.421031,0.588056,0.859505,0.131065,0.224265,0.0,0.0,0.0,0.0,0.0,0.0,0.229018,0.676294,1.009197,1.089573,0.471795,0.0,0.183381,0.0,0.0,0.319136,0.036042,0.065492,0.0,0.0,0.079409,0.0
173,0.0,0.0,0.0,0.945108,0.0,0.078945,1.058903,1.273628,0.0,0.255659,0.0,0.0,0.134046,0.220792,0.0,1.561365,0.91666,1.342366,0.14258,0.637464,0.52722,0.343455,0.404699,0.879172,0.0,0.270697,0.032569,0.0,0.042386,0.0,0.0,0.0,0.441811,0.785353,0.908576,1.121443,0.274345,0.0,0.126763,0.0,0.0,0.471706,0.001313,0.151294,0.0,0.0,0.0,0.0
174,0.0,0.0,0.150543,0.894096,0.0,0.186069,0.820706,1.463503,0.0,0.242542,0.0,0.0,0.124276,0.067908,0.0,1.504079,1.03793,1.662467,0.0,0.81269,0.684857,0.285635,0.49803,0.855203,0.0,0.525944,0.213616,0.0,0.252907,0.0,0.0,0.0,0.814912,0.826749,0.625756,1.137109,0.080969,0.0,0.0,0.0,0.0,0.636997,0.110492,0.358075,0.013596,0.0,0.0,0.0
175,0.0,0.0,0.300248,1.032542,0.0,0.153112,0.750684,1.568536,0.0,0.571375,0.0,0.0,0.0,0.0,0.151302,1.556527,1.295169,1.784929,0.0,1.087321,1.14261,0.127125,0.541245,1.044844,0.00013,0.256856,0.0,0.0,0.486124,0.0,0.0,0.0,1.122998,0.679927,0.657018,1.029239,0.0,0.0,0.0,0.0,0.0,0.842825,0.102389,0.662031,0.0,0.0,0.0,0.0
176,0.0,0.0,0.411898,1.291141,0.165346,0.027811,0.890281,1.843435,0.0,0.771551,0.052339,0.0,0.0,0.0,0.327986,1.409415,1.481635,1.881754,0.0,1.195186,1.486379,0.0,0.58131,1.37818,0.0,0.0,0.0,0.0,0.75852,0.0,0.0,0.0,1.108169,0.626888,0.627082,1.157619,0.0,0.0,0.0,0.16432,0.0,0.89935,0.260926,0.711668,0.0,0.0,0.0,0.0
177,0.0,0.0,0.317684,1.00936,0.0,0.075171,0.727413,1.751845,0.0,0.527142,0.119176,0.0,0.042878,0.0,0.197001,1.633284,1.441173,1.967789,0.0,1.030066,1.255098,0.0,0.919217,1.290122,0.045104,0.159376,0.0,0.0,0.738375,0.0,0.0,0.0,1.150267,0.573809,0.225565,1.079878,0.0,0.0,0.0,0.16643,0.0,0.850469,0.257461,0.737915,0.0,0.0,0.0,0.0
178,0.0,0.0,0.262353,0.956466,0.0,0.049097,0.691515,1.669822,0.0,0.23391,0.135759,0.0,0.252299,0.0,0.258541,1.523083,1.531252,1.894401,0.0,0.991692,1.014549,0.0,1.09619,0.977237,0.0,0.169824,0.0,0.0,0.836634,0.0,0.0,0.0,0.968697,0.630763,0.048574,0.810022,0.0,0.0,0.0,0.199867,0.0,0.479258,0.198863,0.644533,0.0,0.0,0.0,0.0
179,0.0,0.0,0.340747,0.997584,0.0,0.0,0.811711,1.589145,0.0,0.126452,0.026332,0.0,0.375945,0.129849,0.401857,1.438799,1.589191,1.714475,0.0,0.98769,0.846026,0.176258,1.188454,0.683229,0.0,0.200101,0.0,0.0,0.653906,0.0,0.0,0.0,0.731005,0.632955,0.035006,0.666211,0.0,0.0,0.0,0.017324,0.0,0.167129,0.0,0.474354,0.0,0.0,0.0,0.0
180,0.0,0.076219,0.347987,0.900415,0.0,0.0,0.753899,1.495917,0.122505,0.024712,0.0,0.0,0.517592,0.0,0.224237,1.244771,1.398646,1.681792,0.0,0.720345,0.55804,0.167974,1.126275,0.714136,0.0,0.211059,0.0,0.0,0.39338,0.0,0.0,0.0,0.455317,0.668445,0.0,0.743084,0.0,0.0,0.0,0.0,0.0,0.0,0.12384,0.259059,0.0,0.0,0.0,0.0
181,0.0,0.045478,0.380167,0.849772,0.0,0.0,0.620013,1.416514,0.313648,0.0,0.0,0.0,0.37479,0.0,0.141015,1.110966,1.251353,1.505491,0.003014,0.622772,0.537643,0.012383,0.962991,0.85139,0.0,0.070142,0.05627,0.0,0.383688,0.0,0.0,0.0,0.232458,0.713021,0.0,0.745691,0.086192,0.0,0.0,0.080952,0.0,0.0,0.252854,0.072897,0.0,0.0,0.0,0.0
182,0.0,0.049449,0.368297,0.921342,0.0,0.006133,0.510421,1.374377,0.229446,0.078381,0.156465,0.0,0.178383,0.1303,0.283243,1.187446,1.128506,1.498859,0.0,0.828339,0.706404,0.0,0.872913,0.947761,0.0,0.0,0.175548,0.0,0.508529,0.0,0.0,0.0,0.173512,0.834021,0.044148,0.660931,0.117075,0.0,0.0,0.223365,0.0,0.179229,0.175809,0.111421,0.0,0.0,0.0,0.0
183,0.0,0.0,0.363972,0.828639,0.0,0.222162,0.23503,1.182472,0.120098,0.0,0.075369,0.0,0.169212,0.0,0.0,1.346222,0.93638,1.5941,0.0,0.404235,0.356511,0.0,0.893894,1.031137,0.0,0.107789,0.29977,0.0,0.323823,0.0,0.0,0.0,0.453202,0.917106,0.0,0.750351,0.126746,0.0,0.0,0.179562,0.0,0.0,0.52034,0.193852,0.071235,0.0,0.0,0.0
184,0.0,0.0,0.260014,1.090614,0.0,0.052779,0.377836,1.398685,0.0,0.205588,0.093048,0.0,0.03739,0.06635,0.029484,1.405363,1.149248,1.630755,0.0,0.622279,0.530614,0.0,0.884892,1.112134,0.0,0.0,0.0,0.0,0.453738,0.0,0.0,0.0,0.713406,0.675693,0.111723,0.889697,0.158859,0.0,0.0,0.207862,0.0,0.170862,0.341583,0.429537,0.0,0.0,0.0,0.0
185,0.0,0.0,0.222915,1.298891,0.0,0.244112,0.560902,1.473247,0.0,0.417098,0.3171,0.0,0.065395,0.48103,0.188035,1.852667,1.505569,1.662983,0.0,0.933213,0.821053,0.05659,0.834629,1.203932,0.0,0.0,0.027367,0.0,0.751291,0.0,0.0,0.0,0.853988,1.004185,0.289219,0.847741,0.036328,0.0,0.0,0.095963,0.0,0.230955,0.044003,0.470822,0.0,0.0,0.0,0.0
186,0.0,0.0,0.253936,1.324862,0.0,0.194089,0.670812,1.787506,0.0,0.574632,0.227524,0.0,0.050265,0.206158,0.188195,1.940066,1.558455,2.000465,0.0,1.165473,0.8951,0.0,0.849288,1.224925,0.0,0.0,0.0,0.0,0.784209,0.0,0.0,0.0,0.990646,0.892309,0.446743,1.06131,0.0,0.0,0.0,0.0,0.0,0.514184,0.0,0.646084,0.0,0.0,0.0,0.0
187,0.0,0.0,0.331399,1.198758,0.0,0.099544,0.799204,1.987566,0.0,0.654779,0.121192,0.0,0.0,0.0,0.041975,1.850786,1.455959,2.309835,0.0,1.108446,0.814255,0.0,0.794174,1.361259,0.0,0.0,0.0,0.0,0.643561,0.0,0.0,0.0,0.98531,0.868608,0.553702,1.334902,0.026399,0.0,0.0,0.0,0.0,0.610508,0.077372,0.677948,0.0,0.0,0.0,0.0
188,0.0,0.0,0.245277,1.187713,0.0,0.066195,0.921456,2.056544,0.0,0.545638,0.092349,0.0,0.050528,0.0,0.0,2.1789,1.485312,2.371106,0.0,1.267694,0.787419,0.0,0.984529,1.288566,0.0,0.277791,0.0,0.0,0.571081,0.0,0.0,0.0,1.013664,0.842013,0.606774,1.496053,0.146886,0.0,0.0,0.0,0.0,0.6016,0.0,0.550515,0.0,0.0,0.0,0.0
189,0.0,0.0,0.157632,1.307559,0.0,0.0,1.120829,2.029807,0.0,0.583873,0.0,0.0,0.090857,0.061642,0.111371,2.333859,1.512006,2.187409,0.0,1.3393,0.857157,0.057246,0.980266,1.267654,0.093228,0.0,0.0,0.0,0.60624,0.0,0.0,0.0,0.908072,0.800704,0.774627,1.365297,0.189807,0.0,0.0,0.0,0.0,0.583382,0.0,0.488573,0.0,0.0,0.0,0.0
190,0.0,0.0,0.227394,1.023666,0.0,0.055249,0.854674,1.851081,0.0,0.262201,0.006734,0.0,0.258553,0.173412,0.0,2.383148,1.361153,2.030671,0.0,1.132941,0.589643,0.32035,1.058777,1.068127,0.0,0.21653,0.0,0.0,0.456933,0.0,0.0,0.0,0.777362,1.116986,0.678352,0.91391,0.080776,0.0,0.0,0.0,0.0,0.437861,0.0,0.405768,0.0,0.0,0.0,0.0
191,0.0,0.093913,0.046235,0.930684,0.0,0.0,1.026111,1.653708,0.0,0.212206,0.0,0.0,0.369175,0.254541,0.0,2.302513,1.304453,1.834831,0.122706,1.001962,0.438908,0.278686,1.052795,0.997926,0.059544,0.067454,0.0,0.0,0.281621,0.0,0.0,0.0,0.399447,0.927321,0.774847,0.965243,0.269221,0.0,0.0,0.0,0.0,0.305231,0.0,0.147768,0.0,0.0,0.0,0.0
192,0.0,0.332102,0.181025,0.596037,0.0,0.122588,0.606411,1.539689,0.0,0.241501,0.0,0.0,0.475562,0.295047,0.0,2.301924,1.129465,1.859415,0.331143,0.872468,0.174783,0.296919,1.15255,0.760701,0.131533,0.720013,0.013595,0.0,0.0,0.0,0.0,0.0,0.216469,0.995394,0.673264,0.878977,0.434165,0.0,0.0,0.0,0.0,0.404032,0.0,0.122838,0.0,0.0,0.0,0.0
193,0.0,0.228782,0.0,0.631624,0.0,0.0,0.761809,1.453858,0.086076,0.234781,0.0,0.0,0.355771,0.400416,0.065023,2.113788,1.156658,1.647496,0.43422,0.765552,0.182182,0.126938,1.114176,0.736755,0.374435,0.411719,0.0,0.0,0.016481,0.0,0.0,0.0,0.0,0.730375,0.644149,0.788361,0.403617,0.0,0.0,0.0,0.0,0.345954,0.01503,0.062927,0.0,0.0,0.024027,0.0
194,0.0,0.287702,0.0,0.567386,0.0,0.037624,0.762749,1.269575,0.259294,0.10421,0.0,0.0,0.506862,0.464909,0.0,2.005341,1.331272,1.703808,0.460163,0.430487,0.0009,0.07555,1.124808,0.671424,0.384715,0.501391,0.0,0.0,0.0,0.0,0.0,0.0,0.0,0.926766,0.575127,0.613385,0.495071,0.0,0.054565,0.0,0.0,0.171753,0.245139,0.031546,0.0,0.0,0.004678,0.0
195,0.0,0.269355,0.0,0.909883,0.0,0.152117,0.776046,1.171042,0.159014,0.399881,0.234367,0.0,0.399114,0.608865,0.0,2.061828,1.157681,1.550404,0.680671,0.626179,0.04275,0.031896,0.877316,0.629315,0.404005,0.257448,0.217396,0.0,0.12327,0.0,0.0,0.0,0.0,0.903651,0.588049,0.792657,0.56981,0.0,0.054397,0.0,0.0,0.17402,0.0,0.0,0.0,0.0,0.0,0.0
196,0.0,0.249811,0.0,1.079429,0.0,0.301754,0.707815,1.133452,0.0,0.469643,0.377632,0.0,0.281966,0.723678,0.0,1.842638,1.220565,1.501302,0.552656,0.741489,0.100675,0.0,0.738073,0.651847,0.41996,0.142719,0.135421,0.0,0.248738,0.0,0.0,0.0,0.0,0.90591,0.34197,0.84512,0.414794,0.0,0.015274,0.0,0.0,0.0,0.0,0.106996,0.0,0.0,0.0,0.0
197,0.0,0.0,0.0,1.191704,0.0,0.408956,0.490264,1.065895,0.0,0.811068,0.387973,0.0,0.117614,1.02716,0.0,1.555578,1.235327,1.392773,0.515615,0.642894,0.146402,0.0,0.719819,0.51017,0.435993,0.071631,0.050263,0.0,0.335354,0.0,0.0,0.0,0.241918,0.825551,0.124422,0.877224,0.473344,0.0,0.0,0.0,0.0,0.0,0.086345,0.378652,0.0,0.0,0.104721,0.0
198,0.0,0.0,0.0,1.368915,0.0,0.560041,0.450075,0.973268,0.0,1.036665,0.436765,0.0,0.013482,1.003699,0.0,1.013808,1.078849,1.232531,0.0724,0.531157,0.181715,0.0,0.496764,1.007788,0.236068,0.0,0.0,0.117885,0.682628,0.0,0.0,0.0,0.484134,0.913637,0.0,1.027161,0.318714,0.0,0.0,0.075642,0.0,0.0,0.498483,0.634784,0.0,0.0,0.271397,0.0
199,0.0,0.0,0.0,1.394668,0.0,0.799835,0.196716,0.849016,0.0,1.476033,0.912555,0.0,0.0,1.355708,0.052492,0.864888,0.944431,1.075724,0.0,0.853115,0.546349,0.0,0.297887,1.365587,0.164229,0.0,0.0,0.0,1.111392,0.146604,0.0,0.0,0.754947,0.980698,0.0,1.089058,0.145181,0.0,0.0,0.441013,0.0,0.0,0.6191,1.077924,0.0,0.0,0.275889,0.0
200,0.0,0.0,0.0,1.323664,0.078947,1.320684,0.155912,0.757213,0.0,1.534439,1.115164,0.0,0.0,1.552285,0.032744,0.769256,0.84587,1.193977,0.0,0.9349,0.841859,0.0,0.196979,1.638198,0.082569,0.0,0.0,0.0,1.131291,0.26307,0.0,0.0,0.901928,1.275167,0.0,1.287507,0.0,0.0,0.0,0.6385,0.0,0.0,0.861344,1.218722,0.0,0.0,0.177262,0.0
201,0.0,0.0,0.0,0.988245,0.03141,1.287134,0.0,0.454,0.0,1.373349,1.232159,0.0,0.0,1.605292,0.0,0.286956,0.933787,1.040446,0.0,0.585322,0.734735,0.0,0.301965,1.839952,0.0,0.0,0.09521,0.0,1.340426,0.302126,0.0,0.0,1.125212,1.430876,0.0,1.399696,0.0,0.0,0.088549,0.839845,0.0,0.0,1.147007,1.338634,0.0,0.0,0.510311,0.0
202,0.0,0.0,0.0,1.458047,0.159132,1.409118,0.069722,0.653878,0.0,1.575089,1.32867,0.0,0.0,1.80135,0.0,0.334897,1.086567,1.033274,0.0,0.794046,1.1031,0.0,0.0,2.089959,0.0,0.0,0.202661,0.0,1.439025,0.437377,0.0,0.0,1.495997,1.384109,0.0,1.422841,0.0,0.0,0.0,0.783582,0.0,0.0,1.168791,1.255208,0.0,0.0,0.171573,0.0
203,0.0,0.0,0.0,1.57804,0.100674,1.246959,0.110363,0.72553,0.0,1.528674,1.190324,0.0,0.0,1.630497,0.0,0.096355,1.290648,0.978227,0.0,0.846845,1.167034,0.0,0.0,1.943893,0.0,0.0,0.067652,0.0,1.475173,0.459039,0.0,0.0,1.705748,1.141164,0.0,1.499763,0.0,0.0,0.0,0.692767,0.0,0.0,1.113735,1.134385,0.0,0.0,0.284833,0.0
204,0.0,0.0,0.17985,1.760933,0.237691,1.386924,0.340192,0.843708,0.0,1.422348,1.147937,0.0,0.0,1.518888,0.0,0.0,1.40611,1.16606,0.0,0.921707,1.417205,0.0,0.0,1.980691,0.0,0.0,0.259753,0.0,1.47301,0.461254,0.0,0.0,1.563241,1.27035,0.0,1.640883,0.0,0.0,0.0,0.831263,0.0,0.0,1.266826,0.876549,0.0,0.0,0.0,0.0
205,0.0,0.0,0.414228,1.838302,0.330888,1.053302,0.365867,0.93831,0.0,1.539022,0.988028,0.0,0.0,1.12814,0.0,0.0,1.487606,1.210672,0.0,0.893664,1.461298,0.0,0.0,1.977288,0.0,0.0,0.258821,0.0,1.402658,0.526289,0.0,0.0,1.616073,1.035751,0.0,1.785562,0.0,0.0,0.0,0.904744,0.0,0.0,1.261383,0.816144,0.0,0.0,0.093941,0.0
206,0.0,0.0,0.332983,1.808755,0.380708,1.258385,0.35313,0.838781,0.0,1.524385,1.197676,0.0,0.0,1.424673,0.107102,0.0,1.34644,1.029042,0.0,0.96231,1.739697,0.0,0.0,2.118189,0.0,0.0,0.455077,0.0,1.306757,0.675778,0.0,0.0,1.564363,1.040903,0.0,1.498141,0.0,0.0,0.0,0.788748,0.0,0.0,1.321426,0.813473,0.0,0.0,0.0,0.0
207,0.0,0.0,0.297707,1.490717,0.286041,1.325883,0.138094,0.701185,0.0,1.215816,1.185254,0.0,0.0,1.331671,0.053715,0.0,1.074767,0.944947,0.0,0.662152,1.56997,0.0,0.0,1.949834,0.0,0.0,0.607409,0.0,1.101068,0.497421,0.0,0.0,1.451458,0.948329,0.0,1.322127,0.0,0.0,0.0,0.780795,0.0,0.0,1.426533,0.693924,0.0,0.0,0.0,0.0
208,0.0,0.0,0.167983,1.45549,0.251326,1.13821,0.20657,0.434386,0.0,1.208839,0.933252,0.0,0.0,1.417487,0.04302,0.0,0.925943,0.621639,0.0,0.479753,1.458311,0.0,0.0,1.786135,0.0,0.0,0.553846,0.0,0.96668,0.630563,0.0,0.0,1.337167,0.870992,0.0,1.220327,0.0,0.0,0.0,0.593065,0.0,0.0,1.189521,0.637592,0.0,0.0,0.174844,0.0
209,0.0,0.0,0.135527,1.012196,0.444042,1.127909,0.0,0.126538,0.0,1.051942,0.776896,0.0,0.0,1.20007,0.153704,0.0,0.531766,0.525772,0.122296,0.420704,1.342099,0.0,0.0,1.62825,0.0,0.0,0.695053,0.0,0.620156,0.570238,0.0,0.0,0.927179,0.909566,0.0,1.160812,0.0,0.0,0.09799,0.563213,0.0,0.0,1.196566,0.61001,0.0,0.0,0.192045,0.0
210,0.0,0.070824,0.074333,0.762741,0.345979,0.797935,0.0,0.112096,0.0,0.829941,0.50265,0.0,0.0,0.713438,0.0,0.0,0.106238,0.360406,0.223494,0.09214,0.752571,0.0,0.023181,1.10209,0.0,0.0,0.422354,0.080031,0.382914,0.369016,0.0,0.0,0.908843,0.52288,0.0,1.013473,0.037878,0.0,0.313487,0.454078,0.0,0.0,0.854317,0.565678,0.0,0.0,0.551967,0.0
211,0.0,0.0751,0.0,0.600699,0.328884,0.88935,0.0,0.0,0.0,0.675902,0.715297,0.0,0.0,0.972606,0.118735,0.0,0.0,0.21417,0.436334,0.03216,0.694694,0.0,0.0,1.10184,0.0,0.0,0.675125,0.0,0.252632,0.281852,0.0,0.0,0.58032,0.773624,0.0,0.786624,0.100618,0.0,0.481077,0.420745,0.0,0.0,0.902398,0.476037,0.0,0.0,0.294281,0.0
212,0.0,0.279182,0.013636,0.558785,0.136114,0.688739,0.0,0.184285,0.030488,0.368094,0.540805,0.0,0.0,0.696366,0.055556,0.017784,0.0,0.351211,0.465436,0.0,0.274215,0.026597,0.290751,0.632143,0.0,0.096861,0.631464,0.01261,0.157088,0.0,0.0,0.0,0.377512,0.765348,0.0,0.775205,0.219075,0.0,0.592198,0.24918,0.0,0.0,0.635407,0.334524,0.0,0.0,0.426647,0.0
213,0.0,0.30021,0.0,0.436989,0.142091,0.421667,0.111597,0.155782,0.025276,0.364592,0.376056,0.0,0.0,0.78609,0.141608,0.28019,0.0,0.167561,0.730213,0.239321,0.112373,0.125135,0.199093,0.599753,0.0,0.119867,0.453295,0.0,0.0,0.035115,0.0,0.0,0.0,0.761963,0.149761,0.681722,0.367988,0.0,0.629604,0.064626,0.0,0.0,0.44386,0.388841,0.0,0.0,0.480394,0.0
214,0.0,0.243471,0.0,0.690642,0.026738,0.449782,0.439459,0.374957,0.162778,0.376876,0.192347,0.0,0.046213,0.704866,0.0,0.740486,0.0,0.353837,0.693553,0.388293,0.0,0.282735,0.121328,0.735721,0.020817,0.081418,0.360159,0.0,0.0,0.0,0.0,0.0,0.0,0.969631,0.655061,0.752658,0.607372,0.0,0.625102,0.0,0.0,0.0,0.138235,0.321983,0.0,0.0,0.344848,0.0
215,0.0,0.236163,0.0,0.601508,0.0,0.385347,0.476212,0.444219,0.216241,0.362398,0.157023,0.0,0.165538,0.758761,0.0,1.171077,0.0,0.315032,0.902391,0.551144,0.0,0.620221,0.04006,0.8423,0.048156,0.493322,0.520077,0.0,0.0,0.0,0.04671,0.0,0.0,1.245092,0.809543,0.823095,0.834922,0.0,0.891554,0.0,0.0,0.0,0.0,0.206918,0.0,0.0,0.421832,0.0
216,0.0,0.308845,0.0,0.484039,0.0,0.386207,0.622871,0.617902,0.29149,0.369757,0.140365,0.033469,0.317385,0.850493,0.0,1.527354,0.0,0.350335,1.175794,0.506819,0.0,0.837071,0.167848,0.893427,0.143136,0.681988,0.676859,0.0,0.0,0.0,0.234585,0.0,0.0,1.42945,0.93087,0.710008,1.055812,0.0,1.045955,0.0,0.0,0.0,0.0,0.197074,0.0,0.0,0.366536,0.0
217,0.0,0.322831,0.0,0.427463,0.0,0.465295,0.617996,0.573192,0.135856,0.495246,0.057032,0.182492,0.193733,0.949848,0.0,1.819504,0.0,0.358786,1.371789,0.66498,0.0,1.044313,0.124613,0.999722,0.22614,0.916407,0.590408,0.0,0.0,0.0,0.345461,0.0,0.0,1.588045,1.207599,0.865735,1.253453,0.0,1.272241,0.0,0.0,0.102122,0.0,0.133825,0.0,0.0,0.471588,0.0
218,0.0,0.354399,0.0,0.300693,0.0,0.397425,0.573861,0.733287,0.009617,0.585156,0.112581,0.280495,0.014781,1.032057,0.0,1.930062,0.0,0.373339,1.39758,0.748939,0.0,1.024843,0.174144,1.020879,0.401482,0.999536,0.504192,0.0,0.0,0.0,0.459694,0.0,0.0,1.501036,1.210095,0.675193,1.241456,0.0,1.345783,0.0,0.0,0.245342,0.0,0.281523,0.0,0.0,0.512214,0.0
219,0.0,0.344987,0.0,0.363037,0.0,0.607839,0.58466,0.489704,0.0,0.629815,0.0,0.465235,0.006798,1.017051,0.0,1.880377,0.0,0.337338,1.315018,0.795999,0.0,1.215053,0.0,1.052065,0.255621,1.099018,0.399502,0.0,0.0,0.0,0.320103,0.0,0.0,1.692664,1.471536,1.053548,1.252552,0.0,1.379706,0.0,0.0,0.146418,0.0,0.091599,0.0,0.0,0.554013,0.0
220,0.0,0.430698,0.0,0.351537,0.0,0.501438,0.427596,0.587045,0.0,0.447395,0.227567,0.18227,0.041561,0.712219,0.0,1.666162,0.0,0.337559,1.095559,0.737443,0.0,0.989568,0.085842,0.979402,0.098232,0.86066,0.532412,0.068872,0.0,0.0,0.248494,0.0,0.042838,1.338367,1.037196,0.92652,0.997857,0.0,1.089836,0.0,0.0,0.148793,0.0,0.384982,0.0,0.0,0.439966,0.0
221,0.0,0.2874,0.0,0.518466,0.0,0.59294,0.527885,0.471538,0.007943,0.450755,0.071398,0.139565,0.03242,0.794862,0.0,1.206082,0.0,0.249741,0.781887,0.497997,0.0,0.700049,0.019716,0.935425,0.037859,0.42539,0.332777,0.222819,0.0,0.0,0.0,0.0,0.051314,1.273946,1.056631,0.940289,0.867414,0.0,0.844069,0.0,0.0,0.0,0.106975,0.293505,0.0,0.0,0.39725,0.0
222,0.0,0.284201,0.0,0.405907,0.205435,0.469274,0.253133,0.313659,0.0,0.527451,0.125666,0.128641,0.0,0.640689,0.0,0.726212,0.0,0.144034,0.678024,0.375603,0.0,0.313465,0.023455,0.698356,0.0,0.197761,0.350127,0.340877,0.0,0.0,0.008362,0.0,0.064826,0.814151,0.794783,0.730955,0.843974,0.0,0.804768,0.0,0.0,0.0,0.272055,0.320774,0.0,0.0,0.57074,0.0
223,0.0,0.0,0.0,0.537237,0.271459,0.601692,0.100348,0.0,0.112603,0.575112,0.055115,0.10529,0.0,0.901441,0.0,0.464459,0.0,0.03672,0.475472,0.098471,0.031073,0.060369,0.0,0.75575,0.0,0.0,0.337268,0.0,0.0,0.222073,0.063482,0.0,0.043641,0.875162,0.627489,0.521293,0.803594,0.0,0.75615,0.101063,0.0,0.0,0.364615,0.468044,0.0,0.0,0.596341,0.0
224,0.0,0.0,0.0,0.486369,0.237288,0.713393,0.0,0.0,0.057656,0.387652,0.573639,0.0,0.0,1.230186,0.142523,0.709012,0.0,0.150647,0.612444,0.027184,0.15304,0.0,0.0,0.838053,0.0,0.0,0.863099,0.0,0.0,0.151627,0.254074,0.0,0.0,1.03497,0.079772,0.570137,0.711104,0.0,0.639115,0.041929,0.0,0.0,0.490999,0.471811,0.0,0.0,0.606765,0.0
225,0.0,0.0,0.0,0.690347,0.336399,0.756746,0.0,0.072421,0.120577,0.467978,0.676692,0.040468,0.0,1.035273,0.142878,0.80752,0.0,0.400793,0.352794,0.137066,0.298458,0.0,0.035359,0.888297,0.0,0.0,0.848364,0.0,0.033408,0.0,0.132958,0.0,0.125488,0.947036,0.234683,0.601489,0.639901,0.0,0.584867,0.218184,0.0,0.0,0.423178,0.531395,0.0,0.0,0.327002,0.0
226,0.0,0.0,0.0,0.629934,0.053148,0.613691,0.0,0.166718,0.210006,0.18622,0.37525,0.0,0.0,0.669313,0.072913,0.630626,0.0,0.52178,0.378457,0.060658,0.085058,0.0,0.372891,0.545002,0.0,0.0,0.596601,0.0,0.0,0.0,0.0,0.0,0.0,0.750887,0.101833,0.549892,0.667152,0.0,0.494127,0.039718,0.0,0.0,0.433819,0.439011,0.0,0.0,0.611073,0.0
227,0.0,0.0,0.0,0.734201,0.052961,0.508347,0.008302,0.272497,0.356024,0.143683,0.249321,0.0,0.0,0.615754,0.0,0.666555,0.0,0.469018,0.189177,0.0,0.0,0.0,0.308865,0.606401,0.0,0.0,0.61887,0.0,0.0,0.0,0.0,0.0,0.01975,0.675199,0.267576,0.505493,0.610204,0.0,0.469323,0.0,0.0,0.0,0.274198,0.332133,0.0,0.0,0.374135,0.0
228,0.0,0.062988,0.0,0.737858,0.0,0.371405,0.141055,0.282166,0.135969,0.161326,0.028409,0.0,0.0,0.576895,0.026982,0.694688,0.042589,0.462565,0.309132,0.21968,0.032943,0.182025,0.294248,0.552118,0.0,0.148042,0.318715,0.0,0.0,0.0,0.0,0.0,0.0,0.599117,0.334131,0.649182,0.629334,0.0,0.420119,0.0,0.0,0.0,0.081673,0.135043,0.0,0.0,0.561734,0.082159
229,0.0,0.146166,0.059847,0.716822,0.048328,0.241002,0.196489,0.345544,0.206455,0.061942,0.326057,0.0,0.008019,0.669906,0.246453,0.909303,0.011606,0.422041,0.50336,0.113244,0.074944,0.145571,0.328156,0.618966,0.0,0.165974,0.761687,0.0,0.0,0.0,0.042324,0.0,0.0,0.755829,0.168703,0.608966,0.534764,0.0,0.55839,0.0,0.0,0.0,0.063911,0.116143,0.0,0.0,0.442743,0.0
230,0.0,0.210824,0.0,0.766067,0.0,0.21756,0.186427,0.368387,0.230579,0.0,0.130126,0.0,0.077282,0.327806,0.084682,0.760802,0.106892,0.650845,0.256223,0.122534,0.0,0.363428,0.427752,0.47757,0.0,0.175534,0.44355,0.0,0.0,0.0,0.0,0.0,0.071174,0.467815,0.291993,0.468391,0.350184,0.0,0.331186,0.0,0.0,0.0,0.095121,0.192299,0.0,0.0,0.259074,0.0
231,0.0,0.332224,0.165058,0.700968,0.025519,0.147618,0.10972,0.501176,0.312471,0.0,0.092221,0.0,0.26182,0.297075,0.156533,0.72481,0.134133,0.525707,0.333812,0.109678,0.220322,0.238374,0.387733,0.536861,0.0,0.401419,0.681582,0.0,0.0,0.0,0.0,0.0,0.0,0.547605,0.122686,0.505821,0.229491,0.0,0.432601,0.014058,0.0,0.0,0.253626,0.0,0.0,0.0,0.320025,0.0
232,0.0,0.356191,0.060864,0.676287,0.0,0.111853,0.145818,0.553549,0.25857,0.0,0.0,0.110429,0.328714,0.035606,0.171408,0.458086,0.259429,0.657792,0.120371,0.128053,0.242519,0.341199,0.526619,0.381988,0.0,0.440585,0.460446,0.0,0.03392,0.0,0.0,0.0,0.136324,0.372698,0.232055,0.402706,0.107443,0.0,0.276395,0.012095,0.0,0.0,0.297372,0.033393,0.0,0.0,0.217989,0.0
233,0.0,0.299299,0.25874,0.696174,0.164947,0.0,0.297608,0.529593,0.164417,0.0,0.02481,0.182179,0.064135,0.205922,0.441563,0.477345,0.545886,0.516489,0.063572,0.240894,0.59795,0.28412,0.578313,0.241135,0.0,0.097798,0.596496,0.0,0.334804,0.0,0.0,0.0,0.300267,0.174277,0.231175,0.140008,0.09742,0.0,0.27726,0.129208,0.0,0.094295,0.171642,0.120093,0.0,0.0,0.0,0.0
234,0.0,0.37264,0.277007,0.589058,0.192713,0.0,0.150941,0.689252,0.0,0.122065,0.0,0.308025,0.0,0.0,0.488583,0.446085,0.31226,0.49548,0.0,0.220295,0.56784,0.238537,0.503014,0.307905,0.0,0.189374,0.528457,0.0,0.054685,0.0,0.0,0.0,0.249674,0.075674,0.28396,0.185728,0.051193,0.0,0.109079,0.068274,0.0,0.208753,0.361719,0.153746,0.0,0.0,0.0,0.0
235,0.0,0.332117,0.201339,0.653398,0.191091,0.0,0.545839,0.663467,0.046359,0.13855,0.063191,0.179956,0.041558,0.0,0.359185,0.531661,0.485904,0.600738,0.0,0.215632,0.384416,0.236706,0.519959,0.370687,0.080634,0.114181,0.195648,0.15115,0.204982,0.0,0.0,0.0,0.230233,0.13368,0.42066,0.160868,0.22698,0.0,0.228953,0.054152,0.0,0.210503,0.170297,0.149917,0.0,0.0,0.058951,0.0
236,0.0,0.416924,0.165879,0.470147,0.007445,0.0,0.428709,0.696642,0.165213,0.021737,0.0,0.147156,0.324084,0.252905,0.305103,0.710608,0.616903,0.603345,0.185495,0.333039,0.310446,0.37205,0.587197,0.036942,0.004239,0.503012,0.361518,0.0,0.123395,0.0,0.0,0.0,0.122566,0.284082,0.425717,0.190848,0.091602,0.0,0.090365,0.0,0.0,0.125907,0.068026,0.040723,0.0,0.0,0.001668,0.031361
237,0.0,0.443929,0.0,0.48095,0.0,0.049822,0.565713,0.518473,0.110265,0.065306,0.001559,0.113193,0.257846,0.423456,0.141508,0.886671,0.520448,0.57443,0.342512,0.277316,0.134537,0.456541,0.456032,0.275868,0.10484,0.376225,0.337506,0.0,0.0,0.0,0.0,0.0,0.009586,0.481884,0.662431,0.461925,0.258184,0.0,0.201552,0.0,0.0,0.08306,0.0,0.0,0.0,0.0,0.127282,0.273811
238,0.0,0.563473,0.002737,0.414408,0.0,0.0,0.533635,0.541587,0.101877,0.058488,0.0,0.034926,0.312205,0.410505,0.169929,0.900201,0.545411,0.591635,0.494066,0.377466,0.065496,0.491885,0.436081,0.246622,0.104686,0.575932,0.24402,0.077921,0.0,0.0,0.0,0.0,0.0,0.488232,0.653887,0.59,0.303372,0.0,0.10642,0.0,0.0,0.05713,0.0,0.0,0.0,0.0,0.23456,0.315733
239,0.0,0.510281,0.012576,0.468191,0.0,0.0,0.543884,0.594384,0.32228,0.0,0.0,0.0,0.422928,0.198719,0.200041,0.710852,0.385722,0.534743,0.384016,0.303093,0.0,0.527024,0.430997,0.506805,0.045599,0.427833,0.161339,0.128187,0.0,0.0,0.0,0.0,0.0,0.536364,0.401599,0.567179,0.231561,0.0,0.208549,0.0,0.0,0.0,0.218391,0.027998,0.0,0.0,0.326319,0.059139
240,0.0,0.53741,0.012736,0.40977,0.0,0.122023,0.311978,0.528501,0.453495,0.0,0.065092,0.0,0.419333,0.198069,0.203191,0.635923,0.267112,0.463627,0.566065,0.252673,0.0,0.592857,0.429392,0.555336,0.007184,0.616739,0.411591,0.0,0.0,0.0,0.0,0.0,0.0,0.609214,0.269734,0.555472,0.283427,0.0,0.511379,0.005653,0.0,0.0,0.324941,0.099359,0.0,0.0,0.361221,0.0
241,0.0,0.330815,0.0,0.369662,0.019887,0.145907,0.104081,0.408258,0.391087,0.003852,0.0,0.0,0.282494,0.314244,0.358981,0.47498,0.068584,0.367721,0.715635,0.179453,0.029352,0.686139,0.397312,0.695054,0.119912,0.524709,0.320802,0.0,0.011015,0.0,0.0,0.0,0.020029,0.668786,0.168511,0.646181,0.283148,0.0,0.655844,0.189782,0.0,0.0,0.473806,0.335308,0.0,0.0,0.550211,0.0
242,0.0,0.279303,0.0,0.378753,0.0,0.295364,0.002237,0.250775,0.30799,0.135083,0.067197,0.0,0.224937,0.610842,0.424495,0.395602,0.0,0.131114,0.955748,0.126759,0.137565,0.725165,0.371157,0.987769,0.148862,0.542858,0.451906,0.0,0.119297,0.0,0.0,0.0,0.0,0.994631,0.06642,0.920881,0.42472,0.0,0.913111,0.346273,0.0,0.0,0.465888,0.323622,0.0,0.0,0.813498,0.0
243,0.0,0.193477,0.0,0.161994,0.0,0.463005,0.0,0.0,0.198645,0.203712,0.50867,0.0,0.043854,0.81533,0.562212,0.654098,0.0,0.03201,1.388602,0.155392,0.295819,0.804886,0.505699,1.404282,0.20827,0.600684,0.789442,0.0,0.178032,0.0,0.195418,0.0,0.0,1.387298,0.0,0.953308,0.521712,0.0,1.368655,0.62232,0.0,0.0,0.666175,0.468035,0.0,0.0,1.022282,0.0
244,0.0,0.094405,0.0,0.242096,0.0,0.605831,0.0,0.0,0.114618,0.259698,0.552338,0.0,0.00752,0.789489,0.358266,0.676747,0.0,0.2391,1.233721,0.17175,0.137744,0.777019,0.487124,1.335315,0.09446,0.50948,0.704778,0.0,0.220885,0.0,0.0,0.0,0.101309,1.420003,0.0,0.864243,0.599403,0.0,1.224419,0.52701,0.0,0.0,0.653897,0.674115,0.0,0.0,1.050783,0.0
245,0.0,0.145904,0.0,0.440849,0.0,0.816699,0.0,0.134338,0.052198,0.1785,0.494672,0.059124,0.024907,0.802299,0.231467,0.830947,0.0,0.582154,0.932713,0.217332,0.10316,0.57983,0.552158,1.255102,0.0,0.411386,0.613686,0.0,0.26128,0.0,0.0,0.0,0.118815,1.575351,0.022006,0.918297,0.632877,0.0,0.922876,0.409826,0.0,0.0,0.718454,0.642028,0.0,0.129822,0.943164,0.0
246,0.0,0.0,0.0,0.60069,0.0,0.775677,0.0,0.398302,0.148553,0.343037,0.589023,0.0,0.045214,0.917703,0.1226,0.811737,0.006104,0.527144,0.497132,0.237426,0.050006,0.293147,0.404837,1.250595,0.0,0.112978,0.471638,0.0,0.295301,0.0,0.0,0.0,0.195726,1.507398,0.0,0.832175,0.656824,0.0,0.706119,0.403871,0.0,0.0,0.589276,0.777834,0.0,0.0,0.796192,0.0
247,0.0,0.0,0.0,0.980549,0.036561,0.559009,0.076015,0.763266,0.08817,0.615664,0.646016,0.0,0.029567,0.785191,0.32902,0.908221,0.298337,0.609457,0.189286,0.722616,0.386645,0.0,0.414045,1.175297,0.0,0.0,0.218575,0.0,0.441606,0.0,0.0,0.0,0.2844,1.109747,0.142489,0.843116,0.509285,0.0,0.258763,0.273717,0.0,0.0,0.40338,0.799082,0.0,0.0,0.466062,0.0
248,0.0,0.0,0.0,0.891104,0.0,0.435119,0.182799,0.601861,0.188167,0.394678,0.296982,0.0,0.03293,0.557659,0.220349,0.751048,0.422545,0.676241,0.147312,0.567059,0.33675,0.0,0.444689,1.019512,0.0,0.0,0.0,0.0,0.388005,0.0,0.0,0.0,0.204724,0.86616,0.155026,0.643763,0.512587,0.0,0.017618,0.091321,0.0,0.0,0.3953,0.679789,0.0,0.0,0.48424,0.0
249,0.0,0.0,0.0,0.776418,0.0,0.283038,0.186372,0.511773,0.388416,0.126489,0.187607,0.0,0.062655,0.349641,0.113299,0.677152,0.515429,0.690558,0.074933,0.258499,0.247772,0.0,0.560268,0.823295,0.0,0.0,0.121125,0.0,0.443915,0.0,0.0,0.0,0.263632,0.656246,0.0,0.464181,0.561308,0.0,0.030781,0.048168,0.0,0.0,0.412366,0.458677,0.0,0.0,0.577741,0.0
250,0.0,0.156958,0.058181,0.605406,0.0,0.295203,0.156088,0.494114,0.490123,0.0,0.248965,0.052209,0.285045,0.142765,0.192894,0.831796,0.637649,0.80481,0.080282,0.378587,0.39043,0.0,0.883172,0.600877,0.0,0.0,0.280093,0.0,0.482013,0.0,0.0,0.0,0.291354,0.589049,0.0,0.207898,0.536164,0.0,0.090029,0.206569,0.0,0.0,0.472812,0.309578,0.0,0.0,0.441501,0.0
251,0.0,0.305148,0.050452,0.572175,0.031658,0.170624,0.112926,0.48012,0.417736,0.0,0.261242,0.291872,0.227343,0.01661,0.407845,0.852231,0.779853,0.866962,0.0,0.575383,0.539313,0.158125,0.963897,0.545485,0.0,0.05315,0.23004,0.0,0.594365,0.0,0.0,0.0,0.389607,0.418453,0.0,0.026497,0.335435,0.0,0.036962,0.332983,0.0,0.0,0.410744,0.237458,0.0,0.0,0.33072,0.0
252,0.0,0.412592,0.138188,0.489305,0.20324,0.0,0.077198,0.484124,0.388613,0.0,0.18855,0.423981,0.171734,0.0,0.697257,0.702167,1.070342,0.843346,0.0,0.82753,0.818533,0.164704,0.994019,0.618024,0.0,0.021183,0.222587,0.0,0.923909,0.0,0.0,0.0,0.459556,0.360017,0.0,0.0,0.092482,0.0,0.062029,0.434462,0.0,0.0,0.361548,0.165566,0.0,0.0,0.164688,0.0
253,0.0,0.678243,0.157839,0.393324,0.226188,0.0,0.25462,0.453622,0.319466,0.0,0.044473,0.572996,0.076353,0.0,0.783048,0.517302,1.248697,1.022441,0.0,0.679623,0.836362,0.423932,0.961308,0.454199,0.0,0.226179,0.0,0.0,0.955696,0.0,0.0,0.0,0.614655,0.071726,0.0,0.0,0.0,0.0,0.022944,0.34808,0.0,0.076482,0.383086,0.181566,0.0,0.0,0.20567,0.087792
254,0.0,0.737267,0.178759,0.336857,0.337449,0.0,0.133859,0.421924,0.140257,0.0,0.0,0.714706,0.131413,0.0,1.137375,0.505754,1.342005,0.767586,0.0,0.797354,1.237345,0.503005,1.036036,0.558779,0.0,0.31791,0.0,0.0,1.17532,0.0,0.0,0.0,0.828382,0.059619,0.0,0.0,0.0,0.0,0.0,0.386319,0.0,0.355621,0.408266,0.269332,0.0,0.0,0.113978,0.0
255,0.0,0.864314,0.177337,0.283249,0.379547,0.0,0.184537,0.413488,0.034014,0.0,0.0,0.7365,0.109611,0.0,1.160272,0.342558,1.242518,0.771762,0.0,0.611163,1.305007,0.540929,0.891988,0.601591,0.0,0.415054,0.0,0.119702,1.073247,0.0,0.0,0.0,0.937309,0.010415,0.0,0.0,0.0,0.0,0.002987,0.375574,0.0,0.427438,0.515214,0.296206,0.0,0.0,0.225062,0.0
256,0.0,1.02482,0.150055,0.126275,0.49083,0.330731,0.0,0.245302,0.0,0.0,0.0,0.795514,0.071239,0.0,1.14146,0.069361,1.17247,0.706994,0.0,0.55417,1.395295,0.643675,0.742464,0.893384,0.0,0.519683,0.0,0.133757,0.914494,0.0,0.0,0.0,0.925086,0.228599,0.0,0.0,0.0,0.0,0.198555,0.574705,0.0,0.524551,0.776575,0.321565,0.0,0.0,0.183486,0.0
257,0.0,0.944296,0.096138,0.288347,0.677938,0.390664,0.062074,0.24421,0.0,0.023227,0.0,0.823828,0.0,0.0,1.043066,0.0,1.187837,0.696611,0.0,0.392687,1.52928,0.638994,0.454388,1.180321,0.0,0.284555,0.0,0.235709,0.95892,0.091025,0.0,0.0,1.108462,0.268951,0.0,0.094968,0.0,0.0,0.377365,0.607626,0.0,0.450066,0.826961,0.305948,0.060687,0.0,0.424643,0.0
258,0.0,0.915911,0.054227,0.193175,0.611956,0.526679,0.0,0.093574,0.0,0.0,0.0,0.762296,0.048348,0.007198,1.19906,0.0,1.263094,0.446166,0.0,0.528703,1.899989,0.820435,0.650549,1.412876,0.0,0.380926,0.0,0.001979,1.173227,0.165961,0.0,0.0,1.231832,0.500519,0.0,0.22757,0.0,0.0,0.506243,0.837108,0.0,0.58336,0.879236,0.278736,0.0,0.0,0.468685,0.0
259,0.0,0.829124,0.132218,0.144717,0.681158,0.79595,0.0,0.0,0.0,0.0,0.27418,0.890063,0.003706,0.209853,1.357364,0.0,1.382958,0.501227,0.0,0.662555,2.186642,0.939777,0.749056,1.673584,0.0,0.504382,0.177223,0.0,1.356729,0.091854,0.0,0.0,1.31256,0.809364,0.0,0.209559,0.0,0.0,0.61015,1.148046,0.0,0.781361,1.112069,0.246398,0.0,0.0,0.262928,0.061221
260,0.0,0.771216,0.213179,0.130921,0.691446,1.107547,0.0,0.007729,0.0,0.0,0.363544,1.033898,0.0,0.168227,1.263495,0.0,1.290159,0.743393,0.0,0.724065,2.294439,0.865028,0.681451,1.834639,0.0,0.414544,0.325897,0.0,1.326734,0.0,0.0,0.0,1.322531,0.974524,0.0,0.421494,0.0,0.0,0.501875,1.268257,0.0,0.839919,1.301455,0.265346,0.0,0.0,0.073633,0.094935
261,0.0,0.516589,0.290081,0.354106,0.645337,0.898567,0.0,0.222039,0.0,0.119828,0.161317,0.736293,0.0,0.023725,0.906956,0.0,1.399998,0.656847,0.0,0.744356,2.300832,0.605441,0.413131,2.003689,0.0,0.008883,0.20433,0.0,1.232865,0.17252,0.0,0.0,1.433519,0.769249,0.0,0.921619,0.0,0.0,0.24091,1.089027,0.0,0.619142,1.30082,0.365789,0.0,0.0,0.249022,0.0
262,0.0,0.282683,0.427259,0.596241,0.58874,1.028929,0.131258,0.451425,0.0,0.180696,0.169367,0.595625,0.0,0.226907,0.825472,0.0,1.399843,0.989848,0.0,0.685388,2.319919,0.477032,0.511149,1.782961,0.0,0.023208,0.172345,0.0,1.380486,0.216592,0.0,0.0,1.595633,0.713073,0.0,0.781942,0.0,0.0,0.015926,1.117168,0.0,0.643999,1.303246,0.326434,0.0,0.0,0.0,0.129957
263,0.0,0.0,0.289604,0.977403,0.483653,0.956397,0.143767,0.40854,0.0,0.51566,0.322125,0.102407,0.0,0.597095,0.52441,0.0,1.44352,0.734814,0.0,0.571943,2.103214,0.266712,0.125827,1.861461,0.0,0.0,0.365613,0.0,1.353784,0.544605,0.0,0.0,1.69304,0.768927,0.0,1.021624,0.0,0.0,0.0,0.913001,0.0,0.222398,1.21835,0.432069,0.0,0.0,0.060945,0.002406
264,0.0,0.0,0.48316,1.369557,0.472886,0.677147,0.223879,0.741501,0.0,0.997219,0.285156,0.0,0.0,0.353308,0.356086,0.0,1.301308,0.840306,0.0,0.495895,1.941957,0.003998,0.091934,1.681733,0.0,0.0,0.184751,0.12303,1.099665,0.794097,0.0,0.0,1.924187,0.43586,0.0,1.409548,0.0,0.0,0.0,0.776796,0.0,0.0,1.123286,0.599104,0.0,0.0,0.226056,0.0
265,0.0,0.0,0.528472,1.588749,0.576722,0.750156,0.273996,0.752443,0.0,1.287112,0.488603,0.0,0.0,0.725534,0.604676,0.0,1.221405,0.690816,0.0,0.819743,2.101954,0.0,0.0,1.44531,0.0,0.0,0.401296,0.0,0.949783,0.957562,0.0,0.0,1.827278,0.435191,0.0,1.287478,0.0,0.0,0.0,0.544555,0.0,0.069882,1.026839,0.702616,0.0,0.0,0.0,0.0
266,0.0,0.0,0.284395,1.289,0.414258,0.814712,0.0,0.405834,0.0,1.154954,0.50506,0.0,0.0,0.769389,0.256664,0.0,0.799164,0.521048,0.005215,0.397993,1.592457,0.200827,0.0,1.133572,0.0,0.0,0.57682,0.0,0.645761,0.990592,0.0,0.0,1.786524,0.425913,0.0,1.068099,0.0,0.002621,0.0,0.367304,0.0,0.0,1.061345,0.749464,0.0,0.0,0.109009,0.0
267,0.0,0.079122,0.490435,1.204759,0.438525,0.739239,0.042075,0.47035,0.0,1.070103,0.417614,0.0,0.0,0.633554,0.278285,0.0,0.482351,0.335135,0.139253,0.329631,1.442383,0.135266,0.0,0.965579,0.0,0.0,0.724284,0.0,0.434911,0.865068,0.0,0.0,1.508707,0.309298,0.0,1.06121,0.0,0.018243,0.0,0.267408,0.0,0.0,1.078041,0.580382,0.0,0.0,0.0,0.0
268,0.0,0.399797,0.35976,0.947689,0.397148,0.636294,0.240267,0.451577,0.0,0.77884,0.318907,0.119537,0.045148,0.403973,0.212816,0.0,0.129259,0.262301,0.281001,0.206196,0.912345,0.429026,0.0,0.520666,0.0,0.024653,0.425365,0.336918,0.088274,0.620584,0.0,0.0,1.294279,0.113254,0.084082,0.81416,0.068645,0.0,0.269564,0.072742,0.0,0.0,0.904378,0.383997,0.0,0.0,0.055625,0.0
269,0.0,0.750211,0.136076,0.827737,0.474759,0.429292,0.338812,0.270368,0.0,0.560152,0.110459,0.147567,0.176957,0.298407,0.289976,0.0,0.110927,0.0,0.593035,0.24264,0.611311,0.542378,0.0,0.330743,0.0,0.262628,0.463116,0.352993,0.048003,0.305814,0.0,0.0,0.882926,0.158121,0.364796,0.839071,0.207133,0.0,0.551634,0.0,0.0,0.0,0.770795,0.102312,0.0,0.0,0.111873,0.000419
270,0.0,0.864858,0.0,0.520079,0.373513,0.264017,0.35536,0.083938,0.0,0.487745,0.023624,0.150835,0.275633,0.455273,0.38481,0.0,0.126914,0.0,0.835362,0.084172,0.3206,0.66098,0.0,0.108942,0.0,0.490031,0.499803,0.218039,0.128285,0.191033,0.045564,0.0,0.670491,0.227049,0.522615,0.628219,0.320466,0.0,0.898117,0.0,0.0,0.0,0.563017,0.063351,0.0,0.0,0.211798,0.212155
271,0.0,1.238068,0.0,0.423208,0.036227,0.401146,0.34391,0.0,0.0,0.372705,0.0,0.306897,0.377548,0.321303,0.45544,0.0,0.275024,0.0,1.131751,0.28373,0.039872,1.089256,0.0,0.020393,0.0,1.019183,0.461258,0.468017,0.047944,0.161499,0.161442,0.0,0.453191,0.167504,0.686072,0.451406,0.355346,0.0,0.948259,0.0,0.0,0.0,0.460279,0.0,0.0,0.0,0.180345,0.61693
272,0.0,1.258952,0.0,0.371591,0.186823,0.366682,0.207238,0.0,0.164107,0.091355,0.0,0.264232,0.28488,0.24633,0.797697,0.0,0.550482,0.0,0.990456,0.030136,0.0,1.316026,0.0,0.149272,0.0,1.265841,0.337756,0.406019,0.184343,0.0,0.119911,0.0,0.452854,0.0,0.446528,0.0,0.114544,0.0,1.090975,0.0,0.0,0.0,0.731197,0.029799,0.0,0.0,0.0,0.539155
273,0.0,1.497408,0.0,0.263312,0.207238,0.417303,0.010843,0.0,0.23114,0.0,0.0,0.359365,0.347465,0.168275,1.036627,0.0,0.845001,0.0,1.058228,0.051394,0.0,1.462783,0.0,0.215293,0.0,1.657288,0.385639,0.362698,0.42053,0.0,0.21008,0.0,0.343455,0.0,0.311751,0.0,0.0,0.0,1.25035,0.0,0.0,0.0,0.783848,0.0,0.0,0.0,0.0,0.621516
274,0.0,1.563469,0.0,0.250674,0.313341,0.362046,0.0,0.0,0.158991,0.102797,0.0,0.550768,0.122716,0.009802,1.082182,0.0,0.865732,0.0,0.992952,0.0,0.0,1.793078,0.0,0.364526,0.0,1.641197,0.318256,0.423812,0.380075,0.0,0.144447,0.0,0.566081,0.0,0.485345,0.0,0.0,0.0,1.257805,0.0,0.0,0.0,0.796442,0.032519,0.0,0.0,0.0,0.626787
275,0.0,1.618387,0.0,0.094919,0.364659,0.254379,0.0,0.0,0.094738,0.318493,0.0,0.58881,0.159968,0.05908,1.151213,0.0,0.840316,0.0,0.966722,0.014755,0.044191,1.750059,0.0,0.483094,0.0,1.579545,0.295378,0.409237,0.540062,0.167829,0.300167,0.0,0.554778,0.0,0.540748,0.0,0.017884,0.0,1.313473,0.008182,0.0,0.073114,0.751893,0.078462,0.0,0.0,0.0,0.5317
276,0.0,1.581643,0.0,0.040087,0.464265,0.188214,0.0,0.0,0.103126,0.321337,0.0,0.598587,0.167071,0.0,1.212407,0.0,0.902542,0.0,0.964703,0.0,0.0,1.913781,0.0,0.564507,0.0,1.595369,0.215748,0.50483,0.523974,0.022104,0.189765,0.0,0.617222,0.0,0.49612,0.0,0.0,0.0,1.433939,0.0,0.0,0.01812,0.909647,0.198942,0.0,0.0,0.0,0.462487
277,0.0,1.569182,0.0,0.140356,0.255173,0.259511,0.193109,0.0,0.12569,0.359512,0.0,0.585433,0.476994,0.0,1.017315,0.0,0.974146,0.0,1.153777,0.0,0.0,1.910007,0.0,0.498045,0.0,1.62059,0.207666,0.601459,0.631873,0.0,0.168741,0.0,0.518866,0.0,0.824005,0.0,0.005996,0.0,1.479036,0.0,0.0,0.011477,0.740027,0.107144,0.0,0.0,0.0,0.62884
278,0.0,1.797552,0.0,0.123334,0.107063,0.331932,0.398811,0.0,0.225103,0.045738,0.0,0.611743,0.680595,0.174531,1.109892,0.172812,1.224984,0.0,1.483369,0.232095,0.0,2.023747,0.0,0.238355,0.0,2.053778,0.317119,0.485616,0.546689,0.0,0.189001,0.0,0.160415,0.0,0.729545,0.0,0.0,0.0,1.399923,0.0,0.0,0.077759,0.71045,0.0,0.0,0.0,0.0,1.067142
279,0.0,1.856036,0.0,0.0,0.0,0.265571,0.355836,0.0,0.144198,0.093782,0.0,0.570623,0.891748,0.210218,1.030001,0.437459,1.236799,0.015782,1.804173,0.303431,0.0,2.048606,0.124502,0.148409,0.042039,2.206213,0.515879,0.434878,0.497514,0.0,0.356841,0.0,0.0,0.0,0.698506,0.0,0.0,0.0,1.471159,0.0,0.0,0.157791,0.559613,0.0,0.0,0.0,0.0,1.198319
280,0.0,1.682726,0.0,0.0,0.0,0.168651,0.657746,0.0,0.231241,0.265374,0.0,0.497581,0.810897,0.353314,0.831451,0.451757,1.258586,0.185794,1.568255,0.069937,0.0,1.764655,0.244605,0.099159,0.147233,1.813014,0.503567,0.633673,0.377944,0.0,0.14144,0.0,0.0,0.0,0.819385,0.0,0.211536,0.0,1.348052,0.0,0.0,0.0,0.496563,0.0,0.0,0.0,0.0,1.111953
281,0.0,1.607083,0.0,0.0,0.0,0.206485,0.582222,0.0,0.210075,0.314747,0.0,0.489679,0.70158,0.409581,0.703237,0.510961,1.308868,0.43231,1.58686,0.007482,0.0,1.709385,0.34803,0.0,0.205016,1.717459,0.63529,0.602856,0.190797,0.0,0.046826,0.0,0.031858,0.0,0.894977,0.0,0.271936,0.0,1.234672,0.0,0.0,0.0,0.364252,0.0,0.0,0.0,0.0,1.141625
282,0.0,1.472832,0.0,0.0,0.0,0.22538,0.617611,0.0,0.164962,0.352122,0.0,0.451025,0.792395,0.530002,0.564047,0.441279,1.161086,0.365232,1.306991,0.0,0.011071,1.294209,0.565864,0.0,0.203747,1.384768,0.704684,0.640849,0.193431,0.0,0.0,0.0,0.052198,0.0,0.85556,0.0,0.317747,0.0,0.947461,0.0,0.0,0.0,0.329967,0.0,0.0,0.0,0.0,0.974696
283,0.0,1.377504,0.0,0.109393,0.0,0.301966,0.623499,0.053465,0.052343,0.298866,0.0,0.441183,0.675933,0.552956,0.389853,0.359157,1.005317,0.431504,1.069432,0.0,0.309182,1.00608,0.59973,0.0,0.066514,1.092622,0.881695,0.597604,0.0,0.0,0.0,0.0,0.180563,0.0,0.904919,0.0,0.405511,0.0,0.637164,0.0,0.0,0.0,0.217081,0.0,0.0,0.0,0.0,1.018274
284,0.0,1.123713,0.156525,0.547852,0.0,0.064716,0.744129,0.305142,0.047426,0.284568,0.0,0.494794,0.445346,0.363179,0.491464,0.148666,0.807848,0.212957,0.656459,0.017218,0.477031,0.647363,0.705972,0.0,0.0,0.651069,0.846527,0.65835,0.04785,0.0,0.0,0.0,0.250173,0.0,0.556691,0.0,0.347479,0.0,0.525553,0.0,0.0,0.0,0.525734,0.0,0.0,0.0,0.0,0.532762
285,0.0,0.97857,0.298951,0.889477,0.0,0.162984,0.560045,0.420823,0.0,0.315671,0.009837,0.565262,0.284255,0.340687,0.420955,0.034085,0.532578,0.195471,0.58657,0.079858,0.743512,0.527909,0.596371,0.0,0.0,0.411247,1.014507,0.518211,0.0,0.256176,0.0,0.0,0.489852,0.0,0.514022,0.0,0.329745,0.0,0.402821,0.0,0.0,0.0,0.604995,0.0,0.0,0.0,0.0,0.436776
286,0.0,0.812079,0.298049,1.090855,0.027938,0.270145,0.351081,0.450646,0.0,0.393576,0.0,0.501162,0.148588,0.359647,0.213687,0.0,0.308851,0.228472,0.557082,0.0,0.8392,0.384617,0.425334,0.0,0.0,0.101888,1.151472,0.38886,0.0,0.381445,0.0,0.0,0.737688,0.0,0.531495,0.038575,0.283747,0.0,0.408621,0.019892,0.0,0.0,0.662123,0.0,0.0,0.0,0.0,0.232201
287,0.0,0.651587,0.324738,1.321303,0.175781,0.38841,0.242692,0.390819,0.0,0.433893,0.112955,0.435134,0.0,0.330103,0.12223,0.0,0.174281,0.340448,0.395334,0.0,0.838367,0.333074,0.13332,0.08528,0.0,0.0,1.164523,0.388786,0.0,0.573875,0.0,0.0,0.855721,0.0,0.405527,0.165676,0.223423,0.0,0.477689,0.08642,0.0,0.0,0.80539,0.0,0.0,0.0,0.0,0.15845
288,0.0,0.391776,0.40021,1.303653,0.180625,0.543539,0.239244,0.356683,0.0,0.691499,0.192663,0.3968,0.0,0.69162,0.300224,0.0,0.0,0.167502,0.502555,0.0,0.955434,0.085567,0.0,0.363336,0.0,0.0,1.239244,0.059286,0.0,0.761914,0.0,0.0,0.593436,0.0,0.249661,0.407319,0.266003,0.0,0.322789,0.0,0.0,0.0,0.99504,0.0,0.0,0.0,0.0,0.0
289,0.0,0.339965,0.432572,1.219783,0.236887,0.609628,0.260245,0.374354,0.0,0.656246,0.206314,0.031833,0.0,0.823609,0.142102,0.0,0.042761,0.231322,0.309844,0.0,0.853315,0.0,0.0,0.26599,0.0,0.0,0.920082,0.220017,0.0,0.6048,0.0,0.0,0.492801,0.050143,0.244423,0.486869,0.363639,0.0,0.357519,0.035074,0.0,0.0,0.863571,0.094339,0.0,0.0,0.037124,0.0
290,0.0,0.12552,0.0,0.916327,0.232536,0.640646,0.0,0.0,0.0,0.721585,0.434585,0.0,0.0,1.092674,0.007993,0.009601,0.090541,0.11908,0.470151,0.0,0.625869,0.0,0.0,0.410367,0.0,0.0,0.884728,0.0,0.0,0.46914,0.0,0.0,0.350826,0.335367,0.182423,0.403104,0.548999,0.0,0.459467,0.016862,0.0,0.0,0.544781,0.327133,0.0,0.0,0.278,0.0
291,0.0,0.141648,0.0,0.794329,0.306838,0.724739,0.013123,0.211102,0.0,0.737813,0.309753,0.0,0.0,1.00269,0.039574,0.194031,0.051493,0.409424,0.401015,0.0,0.54485,0.0,0.0,0.17061,0.001471,0.0,0.540394,0.126115,0.0,0.452392,0.0,0.0,0.285199,0.299219,0.365145,0.364348,0.508791,0.0,0.345691,0.023659,0.0,0.0,0.484354,0.3558,0.0,0.0,0.302225,0.0
292,0.0,0.071329,0.0,0.473663,0.241228,0.661036,0.0,0.13632,0.0,0.75164,0.466718,0.0,0.0,0.971441,0.143321,0.336575,0.0,0.30804,0.477977,0.144088,0.512433,0.0,0.007934,0.176019,0.151404,0.15173,0.55995,0.003787,0.0,0.380857,0.0,0.0,0.127412,0.33941,0.25048,0.344882,0.508655,0.0,0.321522,0.0,0.0,0.0,0.402146,0.496751,0.0,0.0,0.249592,0.0
293,0.0,0.403326,0.0055,0.526125,0.14565,0.416029,0.028873,0.260068,0.0,0.434516,0.304714,0.0,0.0,0.684383,0.056259,0.291152,0.156541,0.354047,0.460572,0.216208,0.293448,0.025043,0.212483,0.08836,0.034438,0.223351,0.421441,0.263974,0.0,0.231029,0.0,0.0,0.07225,0.369392,0.192336,0.55944,0.344456,0.0,0.29501,0.043644,0.0,0.0,0.314747,0.352854,0.0,0.0,0.406507,0.018175
294,0.0,0.54565,0.31428,0.783582,0.32553,0.206178,0.421244,0.626698,0.0,0.329331,0.130053,0.0,0.19285,0.417095,0.27344,0.249368,0.422823,0.489392,0.077726,0.522192,0.462627,0.06194,0.193068,0.251139,0.0,0.188923,0.241318,0.297413,0.113921,0.112011,0.0,0.0,0.211517,0.291209,0.385757,0.703125,0.162475,0.0,0.0,0.0,0.0,0.0,0.276843,0.175865,0.0,0.0,0.134306,0.0
295,0.0,0.573745,0.152279,0.521888,0.256004,0.080736,0.387325,0.609368,0.0,0.294228,0.131669,0.0,0.213446,0.30871,0.205637,0.101198,0.642337,0.607154,0.078613,0.181366,0.330016,0.207846,0.342921,0.279998,0.034596,0.28728,0.150769,0.366448,0.201684,0.0,0.0,0.0,0.366608,0.268795,0.319359,0.649905,0.10617,0.0,0.054708,0.0,0.0,0.0,0.353057,0.192766,0.0,0.0,0.222977,0.0
296,0.0,0.621569,0.272599,0.145155,0.326427,0.110897,0.223821,0.598993,0.0,0.368321,0.192124,0.119788,0.076069,0.37162,0.401251,0.06994,0.737752,0.601671,0.18358,0.274728,0.581864,0.453617,0.406975,0.111368,0.216111,0.478902,0.118198,0.182002,0.194204,0.075542,0.0,0.0,0.52273,0.045494,0.216685,0.145424,0.0,0.0,0.013059,0.0,0.0,0.248072,0.3735,0.341542,0.0,0.0,0.0,0.099063
297,0.0,0.610603,0.251669,0.154604,0.323681,0.0,0.28379,0.635419,0.0,0.490619,0.052979,0.150893,0.075957,0.152197,0.552261,0.091186,0.942641,0.692628,0.025581,0.334197,0.687643,0.483046,0.499996,0.142421,0.267221,0.373016,0.0,0.260812,0.331826,0.055401,0.0,0.0,0.701587,0.0,0.331974,0.203388,0.0,0.0,0.0,0.0,0.0,0.227144,0.21222,0.406503,0.0,0.0,0.043363,0.020015
298,0.0,0.759275,0.278111,0.180542,0.324705,0.0,0.449535,0.655789,0.0,0.40055,0.001314,0.236473,0.155146,0.099401,0.749932,0.154342,1.112751,0.748786,0.0,0.428965,0.722432,0.501935,0.486943,0.2361,0.19865,0.371619,0.0,0.297298,0.398386,0.077139,0.0,0.0,0.627236,0.0,0.26185,0.105503,0.0,0.0,0.0,0.0,0.0,0.317721,0.289395,0.313611,0.0,0.0,0.06792,0.123654
299,0.0,0.75985,0.056798,0.0,0.374273,0.0,0.32622,0.595975,0.0,0.370927,0.062478,0.197658,0.086933,0.099512,0.781235,0.04757,1.060237,0.758726,0.043536,0.243561,0.629317,0.471163,0.566952,0.260719,0.078405,0.312679,0.0,0.180582,0.608368,0.0,0.0,0.0,0.636171,0.0,0.110207,0.0,0.0,0.0,0.072429,0.0,0.0,0.287425,0.40981,0.331869,0.0,0.0,0.060286,0.087954
300,0.0,0.878111,0.153681,0.0,0.239076,0.0,0.217928,0.626308,0.0,0.115664,0.018673,0.327429,0.11961,0.0,0.817954,0.0,1.006054,0.840736,0.0,0.384938,0.535136,0.520906,0.657813,0.286534,0.0,0.574022,0.0,0.210198,0.567733,0.0,0.0,0.0,0.412723,0.0,0.0,0.0,0.0,0.0,0.021515,0.014985,0.0,0.33243,0.600062,0.283857,0.0,0.0,0.0,0.127575
301,0.0,0.855398,0.023364,0.0,0.0,0.047431,0.10405,0.477342,0.012344,0.0,0.095286,0.304565,0.292748,0.0,0.723348,0.006135,1.008842,0.951566,0.200571,0.335853,0.406399,0.446307,0.832297,0.141646,0.0,0.685721,0.0,0.172257,0.725503,0.0,0.0,0.0,0.392484,0.0,0.0,0.0,0.0,0.0,0.142684,0.081535,0.0,0.28342,0.517823,0.326453,0.0,0.0,0.134943,0.251914
302,0.0,0.687908,0.0,0.0,0.0,0.0,0.241756,0.580271,0.024392,0.144375,0.0,0.23654,0.256681,0.0,0.794543,0.225304,1.024048,0.767959,0.040014,0.366723,0.482797,0.341645,0.875056,0.212243,0.0,0.373413,0.0,0.126344,0.811983,0.0,0.0,0.0,0.473141,0.0,0.0,0.083265,0.0,0.0,0.0,0.023054,0.0,0.155081,0.323535,0.277285,0.0,0.0,0.28247,0.096838
303,0.0,0.606015,0.144358,0.210237,0.134654,0.0,0.452226,0.685475,0.119589,0.190346,0.0,0.193952,0.044745,0.0,0.783099,0.239515,1.137676,0.882023,0.0,0.533312,0.664627,0.135822,0.690864,0.440939,0.0,0.159911,0.0,0.141726,0.8838,0.0,0.0,0.0,0.428151,0.0,0.0,0.083929,0.0,0.0,0.0,0.12467,0.0,0.257323,0.253983,0.184629,0.0,0.0,0.135371,0.064049
304,0.0,0.594886,0.149225,0.328699,0.054321,0.095113,0.303373,0.615788,0.275934,0.0,0.122531,0.406684,0.336732,0.0,0.563363,0.439888,1.111957,0.952693,0.0,0.605611,0.715545,0.327347,0.858793,0.50885,0.0,0.243943,0.0,0.0,0.822686,0.0,0.0,0.0,0.569547,0.094266,0.0,0.0,0.0,0.0,0.0,0.36931,0.0,0.119354,0.396976,0.125047,0.0,0.0,0.083219,0.137416
305,0.0,0.437857,0.275447,0.382228,0.207386,0.108893,0.23393,0.764964,0.339302,0.0,0.267634,0.470522,0.276014,0.0,0.600618,0.428162,1.225442,1.191528,0.0,0.700161,0.971888,0.316604,0.892506,0.714501,0.0,0.209032,0.0,0.0,0.971404,0.0,0.0,0.0,0.771234,0.164894,0.0,0.0,0.0,0.0,0.0,0.570729,0.0,0.189014,0.545773,0.244261,0.0,0.0,0.0,0.0
306,0.0,0.347883,0.360911,0.478902,0.093542,0.1202,0.344364,0.794065,0.030956,0.0,0.031157,0.494652,0.231746,0.0,0.633438,0.310571,1.359134,1.129815,0.0,0.699593,1.227076,0.226291,0.947109,1.001466,0.0,0.103654,0.0,0.0,1.258247,0.0,0.0,0.0,0.939746,0.434684,0.0,0.179189,0.0,0.0,0.0,0.535448,0.0,0.256638,0.502487,0.354155,0.0,0.0,0.125463,0.0
307,0.0,0.255462,0.506106,0.734195,0.478096,0.171703,0.538516,1.025607,0.0,0.292287,0.275223,0.534431,0.0,0.030664,1.042663,0.480541,1.821078,1.158384,0.0,1.270985,1.98667,0.084521,0.728596,1.464124,0.0,0.0,0.0,0.0,1.71148,0.0,0.0,0.0,1.10646,0.670909,0.0,0.08822,0.0,0.0,0.0,0.696902,0.0,0.759883,0.389604,0.505065,0.0,0.0,0.0,0.0
308,0.0,0.281472,0.494607,0.576996,0.317784,0.215526,0.374853,1.224164,0.0,0.194293,0.139844,0.734573,0.135184,0.0,0.925072,0.165015,1.915759,1.376443,0.0,1.13164,2.007948,0.040062,1.024237,1.40515,0.0,0.0,0.0,0.0,1.755829,0.0,0.0,0.0,1.305157,0.529732,0.0,0.287117,0.0,0.0,0.0,0.815684,0.0,0.674039,0.683613,0.668516,0.0,0.0,0.0,0.0
309,0.0,0.284669,0.404152,0.618701,0.303195,0.061375,0.60123,1.436075,0.0,0.355736,0.0,0.682789,0.106655,0.0,1.00011,0.101423,2.101531,1.562789,0.0,1.084261,2.098994,0.033021,1.156146,1.445906,0.0,0.0,0.0,0.174263,1.781653,0.0,0.0,0.0,1.547822,0.238066,0.0,0.307551,0.0,0.0,0.0,0.710275,0.0,0.631645,0.678395,0.765905,0.0,0.0,0.031059,0.0
310,0.0,0.307889,0.363483,0.488317,0.296076,0.306516,0.364355,1.223821,0.0,0.016376,0.067349,0.893371,0.291047,0.0,1.02228,0.118412,2.155858,1.600061,0.0,1.166085,2.041079,0.308948,1.37806,1.349216,0.0,0.244959,0.0,0.0,1.998204,0.0,0.0,0.0,1.588893,0.50945,0.0,0.04767,0.0,0.0,0.0,0.851433,0.0,0.582227,0.79965,0.841713,0.0,0.0,0.006808,0.0
311,0.0,0.317854,0.23772,0.661953,0.622011,0.130008,0.391586,1.115346,0.0,0.169533,0.191306,0.870526,0.122135,0.0,1.363868,0.443972,2.446285,1.275622,0.0,1.52275,2.40947,0.364733,1.228069,1.564011,0.0,0.0,0.0,0.0,2.170168,0.0,0.0,0.0,1.59899,0.568938,0.0,0.0,0.0,0.0,0.0,0.826968,0.0,0.735885,0.60864,0.79841,0.0,0.0,0.0,0.0
312,0.0,0.524101,0.244915,0.438186,0.521541,0.301545,0.194251,0.825676,0.0,0.02746,0.146611,0.915385,0.147655,0.0,1.149535,0.486184,2.170968,1.093415,0.0,1.242863,2.169955,0.334578,1.157763,1.555011,0.0,0.0,0.0,0.0,1.825734,0.0,0.0,0.0,1.311136,0.745313,0.0,0.0,0.0,0.0,0.0,0.833113,0.0,0.659331,0.752749,0.807871,0.0,0.0,0.118141,0.0
313,0.0,0.457212,0.110847,0.463488,0.633888,0.250914,0.210047,0.679138,0.0,0.186084,0.193405,0.874953,0.0,0.256312,1.140061,0.674585,1.98776,0.998225,0.0,1.13727,2.014872,0.260428,0.976134,1.533096,0.0,0.0,0.0,0.0,1.65783,0.0,0.0,0.0,1.151322,0.85142,0.0,0.0,0.0,0.0,0.0,0.742756,0.0,0.593313,0.657138,0.750643,0.0,0.0,0.211962,0.0
314,0.0,0.438751,0.0,0.394613,0.477897,0.088053,0.089441,0.625095,0.0,0.0,0.102726,0.767175,0.023527,0.161392,0.896994,0.880528,1.492072,0.955511,0.0,0.753847,1.475606,0.373008,0.998366,1.239443,0.0,0.0,0.0,0.0,1.200503,0.0,0.0,0.0,1.161646,0.614638,0.0,0.0,0.0,0.0,0.0,0.561311,0.0,0.311469,0.60409,0.744925,0.0,0.0,0.506664,0.0
315,0.0,0.412366,0.0,0.45289,0.292824,0.00514,0.036955,0.472873,0.087497,0.010496,0.04302,0.394684,0.216118,0.264548,0.86203,0.938352,1.184636,0.60436,0.0,0.688642,1.15589,0.320572,1.032455,0.948615,0.0,0.0,0.0,0.0,0.957542,0.0,0.0,0.0,0.731182,0.680682,0.0,0.075194,0.154438,0.0,0.011362,0.496267,0.0,0.227932,0.270071,0.61483,0.0,0.0,0.618862,0.0
316,0.0,0.44103,0.185387,0.465536,0.171692,0.126008,0.0,0.553796,0.371351,0.0,0.134529,0.281707,0.372338,0.031121,0.603636,1.026433,0.973537,0.770769,0.0,0.653531,0.730135,0.399238,1.118022,0.688231,0.0,0.345199,0.0,0.0,0.652915,0.0,0.0,0.0,0.639907,0.680648,0.0,0.0,0.234478,0.0,0.167537,0.554229,0.0,0.163626,0.239389,0.508356,0.167191,0.0,0.496629,0.0
317,0.0,0.326661,0.193214,0.653177,0.055601,0.0,0.176904,0.710921,0.527766,0.0,0.0,0.185848,0.475523,0.0,0.495924,0.881196,0.965202,0.859991,0.0,0.656602,0.507498,0.403614,1.004111,0.577198,0.0,0.230068,0.0,0.0,0.570844,0.0,0.0,0.0,0.398847,0.616835,0.113728,0.117346,0.326205,0.0,0.08178,0.321361,0.0,0.010937,0.256379,0.325159,0.098046,0.0,0.513995,0.0
318,0.0,0.389672,0.244787,0.713326,0.0,0.062988,0.302295,0.75625,0.436952,0.0,0.0,0.095303,0.593556,0.0,0.313003,0.766368,0.809997,0.949842,0.0,0.58573,0.416761,0.488186,0.873349,0.649853,0.0,0.27084,0.0,0.0,0.381687,0.0,0.0,0.0,0.395838,0.64983,0.146744,0.374714,0.369232,0.0,0.0,0.160228,0.0,0.0,0.204092,0.220549,0.086168,0.0,0.542693,0.0
319,0.0,0.30509,0.313298,0.792621,0.095222,0.079805,0.225302,0.757982,0.317361,0.0,0.185706,0.157071,0.198593,0.182861,0.629671,0.906932,0.757685,0.861036,0.010687,0.878267,0.79395,0.294698,0.80014,0.852006,0.0,0.0,0.3036,0.0,0.646245,0.0,0.0,0.0,0.352171,0.837992,0.213378,0.344186,0.232419,0.0,0.111528,0.356449,0.0,0.026088,0.203802,0.18906,0.0,0.0,0.191866,0.0
320,0.0,0.362976,0.195987,0.825629,0.064282,0.31965,0.265185,0.589992,0.173231,0.0,0.287626,0.20718,0.225928,0.236079,0.442277,0.822175,0.687691,0.833488,0.0,0.768322,0.643428,0.436622,0.679901,0.803515,0.0,0.083007,0.196946,0.0,0.454724,0.0,0.0,0.0,0.480546,0.705382,0.207975,0.315092,0.222739,0.0,0.031715,0.25104,0.0,0.0,0.317997,0.28916,0.0,0.0,0.318139,0.0
321,0.0,0.178989,0.0,0.736901,0.154012,0.424326,0.092841,0.443434,0.135672,0.07166,0.245101,0.406373,0.0,0.397893,0.549424,0.697031,0.430475,0.679663,0.243634,0.716371,0.775709,0.22513,0.505551,1.03366,0.0,0.0,0.39694,0.0,0.565616,0.0,0.0,0.0,0.324922,0.884336,0.288058,0.430662,0.234232,0.0,0.259052,0.351472,0.0,0.0,0.509067,0.293808,0.0,0.0,0.235141,0.0
322,0.0,0.208808,0.0,0.482399,0.0,0.671113,0.0,0.117147,0.342729,0.0,0.180045,0.382227,0.096158,0.307104,0.18293,0.431412,0.202567,0.543121,0.509238,0.265866,0.323417,0.35887,0.422853,0.939323,0.0,0.168214,0.358932,0.0,0.331075,0.0,0.0,0.0,0.117535,0.842985,0.219414,0.394506,0.467221,0.0,0.524136,0.344085,0.0,0.0,0.66332,0.277583,0.0,0.034075,0.523863,0.0
323,0.0,0.127537,0.0,0.378955,0.0,0.805189,0.0,0.0,0.38378,0.179341,0.344506,0.186888,0.0,0.573305,0.296759,0.598965,0.0,0.204161,1.004646,0.0,0.0,0.394183,0.188314,0.970754,0.0,0.389628,0.50685,0.0,0.134264,0.0,0.11414,0.0,0.0,0.931525,0.202868,0.412567,0.762845,0.0,0.918609,0.289612,0.0,0.0,0.661367,0.416624,0.0,0.006926,0.706715,0.0
324,0.0,0.030864,0.0,0.283719,0.0,0.859506,0.0,0.0,0.487628,0.395046,0.544853,0.0,0.0,0.779649,0.474117,0.602164,0.0,0.012408,1.328745,0.0,0.0,0.554845,0.163398,0.866973,0.070504,0.665002,0.551656,0.0,0.0,0.0,0.356153,0.0,0.0,1.053456,0.15923,0.259598,1.105751,0.0,1.329222,0.253969,0.0,0.0,0.639469,0.580118,0.0,0.0,0.985037,0.0
325,0.0,0.0,0.0,0.221759,0.0,0.965397,0.0,0.0,0.524841,0.600125,0.461504,0.0,0.0,0.92557,0.616209,0.507564,0.0,0.0,1.509751,0.0,0.0,0.681165,0.054788,0.873059,0.206747,0.872337,0.516012,0.0,0.0,0.0,0.34481,0.0,0.0,1.213034,0.295175,0.167341,1.229534,0.0,1.652608,0.173439,0.0,0.0,0.806158,0.661592,0.0,0.0,1.053489,0.0
326,0.0,0.086459,0.0,0.204577,0.0,1.173034,0.0,0.0,0.28982,0.837149,0.618979,0.0,0.0,1.068668,0.682905,0.627307,0.0,0.0,2.104527,0.0,0.0,0.852363,0.012297,0.904107,0.309357,1.103469,0.637546,0.023652,0.0,0.002801,0.471165,0.0,0.0,1.366986,0.251979,0.411702,1.398454,0.0,1.898228,0.238065,0.0,0.0,0.659727,0.640995,0.0,0.0,1.266717,0.068102
327,0.0,0.018602,0.0,0.248663,0.0,1.231707,0.0,0.0,0.192001,0.95692,0.728464,0.004289,0.0,1.116908,0.738864,0.615945,0.0,0.0,2.24055,0.0,0.0,0.856102,0.0,1.017646,0.250609,1.115037,0.696579,0.0,0.0,0.055172,0.462319,0.0,0.0,1.342941,0.165702,0.596152,1.315755,0.0,1.879913,0.251861,0.0,0.0,0.696,0.646414,0.0,0.0,1.229553,0.004104
328,0.0,0.074019,0.0,0.27587,0.0,1.150151,0.0,0.0,0.134935,1.047869,0.697499,0.000863,0.0,1.033213,0.557839,0.314011,0.0,0.0,2.083031,0.0,0.0,0.863633,0.0,0.962415,0.170503,0.882934,0.688993,0.0281,0.0,0.213694,0.209013,0.0,0.0,1.123004,0.132368,0.597605,1.095281,0.0,1.832908,0.302425,0.0,0.0,0.721881,0.727215,0.0,0.0,1.095462,0.0
329,0.0,0.337239,0.0,0.412419,0.0,1.040114,0.0,0.0,0.0,0.935136,0.474737,0.096153,0.0,1.062256,0.408366,0.192894,0.0,0.0,1.797217,0.0,0.0,0.79092,0.0,0.864213,0.0,0.782966,0.789094,0.001377,0.0,0.469007,0.197568,0.0,0.0,1.145781,0.217989,0.854004,0.875042,0.0,1.777902,0.273907,0.0,0.0,0.69207,0.475322,0.0,0.0,1.017064,0.0962
330,0.0,0.348833,0.0,0.609987,0.123829,0.966508,0.010263,0.0,0.056272,0.713911,0.390885,0.195768,0.0,1.101192,0.465164,0.110432,0.0,0.0,1.587385,0.0,0.032089,0.540762,0.0,0.866249,0.0,0.514029,0.997057,0.0,0.0,0.290265,0.168205,0.0,0.073236,0.863296,0.177449,0.928858,0.612601,0.0,1.330217,0.105926,0.0,0.0,0.841403,0.241493,0.0,0.0,0.481065,0.0
331,0.0,0.574381,0.0,0.808059,0.215139,0.705899,0.044847,0.0,0.0,0.476453,0.157775,0.378199,0.0,0.763814,0.337447,0.131108,0.0,0.0,1.388423,0.0,0.268696,0.587418,0.0,0.669773,0.0,0.520024,1.168945,0.0,0.0,0.214596,0.020815,0.0,0.304579,0.525984,0.12899,0.894651,0.362127,0.0,1.149922,0.00222,0.0,0.0,0.835148,0.066211,0.0,0.0,0.268169,0.030733
332,0.0,0.59023,0.0,1.009377,0.218299,0.525092,0.241832,0.0,0.019726,0.399387,0.0,0.512405,0.0,0.553727,0.091008,0.112143,0.0,0.0,0.86198,0.0,0.198743,0.681798,0.0,0.490194,0.0,0.492248,0.881067,0.095801,0.0,0.307795,0.0,0.0,0.440806,0.223348,0.470333,0.720995,0.321677,0.0,1.014349,0.0,0.0,0.0,0.586791,0.0,0.0,0.0,0.091943,0.185985
333,0.0,0.569229,0.0,0.965042,0.159162,0.331085,0.228937,0.0,0.0,0.348646,0.0,0.589363,0.0,0.408071,0.042368,0.268836,0.0,0.046911,0.64376,0.0,0.140109,0.791474,0.0,0.329722,0.014229,0.572546,0.944857,0.214836,0.0,0.224329,0.0,0.0,0.477459,0.012927,0.517843,0.601426,0.282461,0.0,1.024394,0.0,0.0,0.0,0.286307,0.0,0.0,0.0,0.0,0.339559
334,0.0,0.676727,0.0,0.966223,0.066959,0.136581,0.375886,0.316858,0.006726,0.274199,0.0,0.56541,0.24077,0.329579,0.122693,0.443899,0.021203,0.162142,0.622575,0.0,0.183691,0.858602,0.104626,0.11671,0.044675,0.668938,0.99658,0.411128,0.0,0.0,0.0,0.0,0.424749,0.0,0.446837,0.38631,0.23464,0.0,0.769764,0.0,0.0,0.0,0.194716,0.0,0.0,0.0,0.0,0.388078
335,0.0,0.829052,0.0,0.607469,0.0,0.155472,0.348452,0.45855,0.0,0.333462,0.0,0.610369,0.442409,0.634963,0.143622,0.654427,0.376411,0.342345,0.708589,0.0351,0.31233,0.849276,0.374399,0.0,0.045322,0.943399,1.117666,0.321213,0.0,0.0,0.018729,0.0,0.270231,0.002086,0.662802,0.266515,0.300496,0.0,0.593774,0.0,0.0,0.0,0.0,0.0,0.0,0.0,0.0,0.694189
336,0.0,0.945989,0.0,0.553924,0.0,0.131614,0.645158,0.502134,0.0,0.35091,0.0,0.614122,0.45073,0.69853,0.112951,0.798745,0.6123,0.430618,0.648575,0.06205,0.258382,0.837804,0.584857,0.0,0.249322,0.758749,0.942169,0.542108,0.0,0.0,0.0,0.0,0.204589,0.036638,0.793688,0.075017,0.351293,0.0,0.595656,0.0,0.0,0.0,0.0,0.0,0.0,0.0,0.0,0.736242
337,0.0,0.893347,0.0,0.569421,0.0,0.056093,0.771302,0.565104,0.0,0.316372,0.0,0.625552,0.35472,0.585933,0.177667,0.748437,0.688998,0.461771,0.574409,0.179812,0.226297,0.787482,0.598696,0.0,0.33416,0.678849,0.819171,0.654369,0.0,0.0,0.0,0.0,0.043818,0.0,0.732907,0.0,0.400392,0.0,0.610537,0.0,0.0,0.0,0.025846,0.0,0.0,0.0,0.0,0.616747
338,0.0,0.590997,0.0,0.530553,0.0,0.0,0.690197,0.559212,0.0,0.345899,0.0,0.562918,0.170709,0.489337,0.20683,0.692893,0.685503,0.411712,0.520485,0.052445,0.260055,0.573584,0.591571,0.0,0.392846,0.450316,0.85919,0.631095,0.0,0.0,0.0,0.0,0.029835,0.0,0.717739,0.0,0.431124,0.0,0.586357,0.0,0.0,0.0,0.080771,0.0,0.0,0.0,0.0,0.406177
339,0.0,0.508787,0.0,0.296029,0.0,0.199737,0.469619,0.389243,0.0,0.41615,0.0,0.601794,0.126722,0.787457,0.24019,0.849488,0.560024,0.496832,0.644405,0.020941,0.423295,0.48844,0.615584,0.0,0.426685,0.602028,0.910942,0.409934,0.0,0.0,0.0,0.0,0.02876,0.088556,0.949966,0.0,0.582075,0.0,0.69048,0.0,0.0,0.0,0.0,0.0,0.0,0.0,0.0,0.532307
340,0.0,0.589024,0.0,0.178192,0.0,0.216214,0.35749,0.486477,0.008978,0.335666,0.0,0.49947,0.230077,0.780609,0.188048,0.832984,0.442222,0.433675,0.839759,0.099769,0.40892,0.4073,0.390073,0.0,0.328543,0.752729,0.93856,0.440173,0.0,0.0,0.003891,0.0,0.0,0.028759,0.837985,0.0,0.630523,0.0,0.570853,0.0,0.0,0.031942,0.038664,0.0,0.0,0.0,0.0,0.623872
341,0.0,0.764019,0.066677,0.125978,0.0,0.223251,0.446247,0.556724,0.010854,0.223075,0.0,0.469357,0.365551,0.67848,0.130241,0.804171,0.489059,0.327503,0.871616,0.439909,0.360107,0.384783,0.274232,0.0,0.286888,0.91241,0.638197,0.636257,0.0,0.0,0.0,0.0,0.0,0.021145,0.865419,0.0,0.63212,0.0,0.420044,0.0,0.0,0.097141,0.148095,0.0,0.0,0.0,0.034552,0.641849
342,0.0,0.947233,0.0,0.0,0.0,0.338802,0.462127,0.415877,0.0,0.33965,0.0,0.625101,0.343826,0.804494,0.137593,0.934285,0.721202,0.545758,0.931724,0.325208,0.319909,0.446865,0.445926,0.0,0.41828,1.014928,0.59326,0.717218,0.0,0.0,0.054724,0.0,0.0,0.184018,1.026549,0.0,0.722727,0.0,0.533413,0.0,0.0,0.106944,0.11991,0.0,0.0,0.0,0.099659,0.686158
343,0.0,0.945462,0.0,0.0,0.0,0.27296,0.335556,0.234594,0.0,0.534754,0.0,0.747192,0.212961,0.716587,0.199281,0.946718,0.918346,0.591835,0.991855,0.222918,0.39781,0.569901,0.502369,0.0,0.464837,1.02056,0.682232,0.779975,0.0,0.0,0.134711,0.0,0.0,0.025028,1.163799,0.0,0.840689,0.0,0.615973,0.0,0.0,0.082426,0.0,0.0,0.0,0.0,0.096843,0.719308
344,0.0,0.78144,0.0,0.0,0.105296,0.120289,0.595829,0.08673,0.01086,0.255095,0.083218,0.713486,0.084516,0.684628,0.544092,0.805938,1.20835,0.659579,0.568548,0.0,0.398384,0.574935,0.670442,0.0,0.423966,0.788027,0.689071,0.841111,0.283363,0.0,0.0,0.0,0.0,0.0,0.797891,0.0,0.651475,0.0,0.734348,0.0,0.0,0.104443,0.266195,0.0,0.0,0.0,0.0,0.740721
345,0.0,0.979647,0.0,0.0,0.114218,0.0,0.442251,0.0,0.0,0.213222,0.156709,0.879826,0.13322,0.670748,0.635047,0.914497,1.565953,0.766925,0.796063,0.159856,0.528877,0.739589,0.735744,0.0,0.380064,0.963301,0.811713,0.791856,0.480391,0.0,0.0,0.0,0.0,0.0,0.686323,0.0,0.582243,0.0,0.628975,0.0,0.0,0.217191,0.092332,0.0,0.0,0.0,0.0,1.09051
346,0.0,0.942468,0.0,0.0,0.0,0.021225,0.395664,0.0,0.086716,0.282973,0.035798,0.934756,0.132317,0.460628,0.638622,0.995605,1.547236,0.849978,0.681169,0.0,0.375391,0.774316,0.76462,0.0,0.299301,0.9802,0.769597,0.813669,0.629647,0.0,0.0,0.0,0.0,0.0,0.713604,0.0,0.486822,0.0,0.612309,0.0,0.0,0.095143,0.144968,0.0,0.0,0.0,0.0,0.954386
347,0.194204,1.171543,0.0,0.0,0.0,0.138548,0.225641,0.0,0.086926,0.18823,0.0,1.078222,0.394093,0.311805,0.538037,1.043041,1.492986,0.688772,0.75495,0.342469,0.345604,0.792987,0.796496,0.0,0.247565,1.250818,0.638994,0.675397,0.622632,0.0,0.193503,0.0,0.0,0.0,0.722645,0.0,0.364888,0.0,0.411643,0.0,0.0,0.116026,0.036865,0.0,0.0,0.0,0.0,1.022387
348,0.0,1.144588,0.0,0.0,0.0,0.0,0.439501,0.0,0.086966,0.054665,0.0,0.955577,0.366996,0.252066,0.567186,0.9016,1.467859,0.556127,0.634976,0.328444,0.197951,0.852265,0.665426,0.0,0.100892,1.020437,0.573101,0.745749,0.75803,0.0,0.0,0.0,0.0,0.0,0.475806,0.0,0.223125,0.0,0.520845,0.0,0.0,0.007653,0.127733,0.0,0.0,0.0,0.0,1.011236
349,0.014798,1.072991,0.0,0.012778,0.0,0.0,0.31137,0.0,0.080226,0.050477,0.0,0.889283,0.338391,0.245954,0.626371,0.782584,1.174118,0.426475,0.524707,0.356785,0.127712,0.892743,0.561094,0.0,0.088712,0.973457,0.452944,0.730334,0.67964,0.0,0.0,0.0,0.0,0.0,0.4088,0.0,0.214019,0.0,0.476658,0.0,0.0,0.0,0.19656,0.0,0.0,0.0,0.0,0.838841
350,0.0,0.923882,0.0,0.0193,0.135036,0.0,0.223765,0.0,0.034014,0.185631,0.085112,0.695731,0.060334,0.341818,0.639697,0.705591,1.04335,0.308778,0.531445,0.194846,0.187794,0.851052,0.375632,0.0,0.143771,0.741258,0.559116,0.559841,0.549004,0.0,0.028489,0.0,0.116081,0.0,0.229025,0.0,0.272991,0.0,0.633494,0.0,0.0,0.0,0.2051,0.0,0.0,0.0,0.0,0.704754
351,0.0,0.963481,0.0,0.228501,0.0,0.294435,0.214538,0.0244,0.16165,0.136011,0.0,0.627669,0.282574,0.41093,0.415666,0.450257,0.640284,0.272711,0.570922,0.106968,0.096073,0.672667,0.30722,0.0,0.109632,0.828079,0.459259,0.539727,0.273547,0.0,0.120572,0.0,0.025226,0.0,0.407708,0.0,0.271347,0.0,0.570463,0.0,0.0,0.0,0.400588,0.0,0.0,0.0,0.0,0.589235
352,0.0,0.84442,0.0,0.30874,0.03617,0.238872,0.035287,0.047637,0.106237,0.176241,0.0,0.338006,0.196871,0.445255,0.330643,0.272352,0.376582,0.042378,0.757688,0.0,0.229144,0.531367,0.220799,0.0,0.129089,0.718613,0.692963,0.394086,0.12772,0.0,0.15374,0.0,0.1286,0.0,0.268214,0.0,0.286352,0.0,0.721492,0.0,0.0,0.0,0.460379,0.0,0.0,0.0,0.0,0.399841
353,0.0,0.611225,0.0,0.472032,0.254969,0.196637,0.09737,0.153439,0.0,0.388234,0.051329,0.358326,0.0,0.729065,0.299104,0.16216,0.088902,0.0,0.797239,0.0,0.370319,0.47413,0.0,0.0,0.10399,0.463834,0.925034,0.188525,0.0,0.264234,0.119775,0.0,0.343393,0.09632,0.475506,0.122313,0.520391,0.0,0.78853,0.0,0.0,0.0,0.353023,0.095889,0.0,0.0,0.013367,0.366661
354,0.0,0.809713,0.0,0.745399,0.204369,0.119747,0.410732,0.564897,0.0,0.467504,0.0,0.412518,0.196995,0.471881,0.04413,0.179312,0.0,0.0,0.697244,0.225925,0.306324,0.484192,0.058413,0.0,0.063752,0.430698,0.626898,0.580696,0.0,0.177966,0.0,0.0,0.413774,0.089261,0.71075,0.468758,0.544704,0.0,0.614398,0.0,0.0,0.0,0.420906,0.0,0.0,0.0,0.0283,0.154111
355,0.0,0.545875,0.0,0.846894,0.320149,0.00998,0.545873,0.661877,0.0,0.720692,0.0,0.557362,0.055825,0.365718,0.055479,0.203869,0.0,0.0,0.621573,0.314619,0.413092,0.515103,0.04676,0.073249,0.221886,0.21906,0.563462,0.635016,0.0,0.304103,0.0,0.0,0.588444,0.047071,0.9313,0.532884,0.852019,0.0,0.852823,0.0,0.0,0.0,0.288673,0.070903,0.0,0.0,0.061863,0.0
356,0.0,0.655797,0.0,0.660438,0.13947,0.14604,0.647626,0.877416,0.0,0.666762,0.0,0.58347,0.075651,0.721226,0.0,0.363069,0.0,0.050527,0.744779,0.388231,0.284447,0.573166,0.125179,0.0,0.338366,0.353185,0.60856,0.624469,0.0,0.179942,0.0,0.0,0.518931,0.269302,0.962821,0.54856,0.744393,0.0,0.77524,0.0,0.0,0.0,0.220898,0.0,0.0,0.0,0.0,0.065609
357,0.0,0.615021,0.0,0.579276,0.0,0.315533,0.528848,0.820345,0.0,0.508839,0.0,0.629218,0.179041,0.921683,0.0,0.720642,0.0,0.167668,0.770202,0.446634,0.212452,0.668092,0.096422,0.0,0.328774,0.477645,0.79448,0.382029,0.0,0.166457,0.059476,0.0,0.442777,0.422474,1.076012,0.551632,0.78637,0.0,0.713961,0.0,0.0,0.0,0.0,0.0,0.0,0.0,0.0,0.338788
358,0.0,0.566698,0.0,0.498725,0.0,0.399467,0.501624,0.515334,0.0,0.704217,0.0,0.712738,0.0,0.954906,0.0,0.879688,0.0,0.223645,0.795085,0.487248,0.231778,0.591342,0.07572,0.0,0.358523,0.502163,0.672061,0.373835,0.0,0.252372,0.194228,0.0,0.245911,0.538843,1.347616,0.61697,1.039714,0.0,0.912279,0.0,0.0,0.0,0.0,0.0,0.0,0.0,0.035168,0.411777
359,0.0,0.527026,0.0,0.475082,0.0,0.365422,0.478756,0.607997,0.0,0.30039,0.0,0.498158,0.120212,0.846434,0.0,0.820468,0.0,0.154283,0.703861,0.497039,0.037618,0.49638,0.052875,0.0,0.29651,0.473184,0.588602,0.46122,0.0,0.055105,0.012694,0.0,0.0,0.406324,0.974008,0.439376,0.731749,0.0,0.632286,0.0,0.0,0.0,0.0,0.0,0.0,0.0,0.024024,0.36906
360,0.0,0.413756,0.0,0.426481,0.0,0.436951,0.333938,0.37634,0.0,0.302373,0.067916,0.35305,0.0,0.805441,0.02078,0.887849,0.039621,0.221294,0.739865,0.355085,0.0,0.3924,0.016972,0.044681,0.295205,0.473626,0.543036,0.478881,0.0,0.0,0.005501,0.0,0.0,0.415301,0.848989,0.346581,0.816031,0.0,0.642648,0.0,0.0,0.0,0.02712,0.0,0.0,0.0,0.173584,0.291761
361,0.0,0.380714,0.0,0.228602,0.074636,0.423051,0.242752,0.194742,0.076907,0.23586,0.176368,0.251455,0.0,0.926326,0.254862,0.737619,0.278854,0.145323,0.674994,0.240988,0.069409,0.164864,0.047897,0.045153,0.395715,0.438991,0.482319,0.434371,0.0,0.0,0.109297,0.0,0.0,0.42783,0.667245,0.048204,0.811841,0.0,0.680907,0.0,0.0,0.0,0.241611,0.096532,0.0,0.0,0.352395,0.217546
362,0.0,0.480913,0.0,0.040717,0.06671,0.533786,0.0,0.0,0.133553,0.247481,0.259707,0.258507,0.0,0.8802,0.380715,0.713106,0.434904,0.259569,0.61369,0.258834,0.117785,0.034553,0.211279,0.0,0.394613,0.64205,0.28549,0.488618,0.0,0.0,0.133558,0.0,0.0,0.459772,0.717466,0.0,0.892145,0.0,0.723849,0.0,0.0,0.0,0.318113,0.140981,0.0,0.0,0.498123,0.121148
363,0.0,0.399494,0.0,0.0,0.079067,0.5826,0.0,0.0,0.079061,0.45723,0.491654,0.205834,0.0,1.13702,0.496446,0.794152,0.532183,0.269072,0.721262,0.134502,0.167056,0.036162,0.165519,0.0,0.482517,0.686992,0.343138,0.363589,0.0,0.035235,0.269307,0.0,0.0,0.488388,0.704862,0.0,1.029055,0.0,0.797481,0.0,0.0,0.0,0.244301,0.361764,0.0,0.0,0.69029,0.159999
364,0.0,0.304729,0.0,0.16926,0.334379,0.743853,0.008951,0.0,0.071181,0.302689,0.426113,0.175937,0.0,1.049603,0.53258,0.653164,0.462159,0.43835,0.456057,0.100113,0.183525,0.014235,0.0,0.159776,0.243618,0.249869,0.220599,0.481014,0.0,0.125953,0.0,0.0,0.0,0.553365,0.670938,0.0,0.86554,0.0,0.685138,0.0,0.0,0.0,0.536552,0.325103,0.0,0.0,0.696733,0.176605
365,0.0,0.231742,0.0,0.35309,0.347382,0.766645,0.013721,0.0,0.14472,0.329846,0.378745,0.0,0.0,1.012138,0.520471,0.372117,0.423426,0.269933,0.169908,0.06879,0.111605,0.0,0.0,0.382542,0.251611,0.193406,0.085693,0.547981,0.0,0.290707,0.0,0.0,0.0,0.526256,0.52699,0.0,0.804225,0.0,0.659617,0.0,0.0,0.0,0.678521,0.421591,0.0,0.0,0.808402,0.0
366,0.0,0.273459,0.0,0.219316,0.257616,1.025979,0.0,0.0,0.0,0.400214,0.770952,0.0,0.0,1.242866,0.603187,0.531955,0.286677,0.076153,0.682387,0.097708,0.218143,0.0,0.0,0.67158,0.151057,0.171741,0.476864,0.208205,0.0,0.237205,0.094385,0.0,0.0,0.773917,0.282502,0.251444,0.709004,0.0,0.825969,0.164093,0.0,0.0,0.785242,0.45684,0.0,0.0,0.720696,0.046297
367,0.0,0.251672,0.0,0.283348,0.149037,0.941277,0.0,0.0,0.0,0.785052,0.710672,0.0,0.0,1.246003,0.421012,0.361966,0.0,0.0,0.88532,0.069019,0.112867,0.205205,0.0,0.485227,0.018724,0.22623,0.605596,0.154656,0.0,0.587709,0.02224,0.0,0.05448,0.643507,0.39164,0.271563,0.933708,0.0,0.889239,0.057298,0.0,0.0,0.471704,0.556014,0.0,0.0,0.722469,0.080007
368,0.0,0.450377,0.0,0.3579,0.281971,0.815,0.0,0.0,0.0,0.778195,0.399392,0.0,0.0,0.821521,0.400522,0.013662,0.0,0.0,0.670112,0.173687,0.07646,0.299107,0.0,0.454894,0.0,0.204568,0.301768,0.453012,0.0,0.523331,0.0,0.0,0.23476,0.479316,0.446932,0.320329,0.73577,0.0,0.966482,0.127458,0.0,0.0,0.723838,0.487556,0.0,0.0,0.585621,0.0
369,0.0,0.652172,0.0,0.47762,0.271697,0.81236,0.0,0.0,0.028601,0.537287,0.402868,0.010569,0.0,1.028813,0.465186,0.0,0.0,0.0,0.735277,0.14213,0.055907,0.362095,0.0,0.404847,0.0,0.393131,0.348093,0.364769,0.0,0.46147,0.0,0.0,0.316336,0.692004,0.368417,0.480346,0.68045,0.0,1.036745,0.144223,0.0,0.0,0.717529,0.278295,0.0,0.0,0.59326,0.0
370,0.0,0.973396,0.0,0.491333,0.321308,0.750526,0.0,0.0,0.0,0.511391,0.387313,0.16402,0.0,0.632292,0.542268,0.117021,0.0,0.0,0.8692,0.377905,0.084849,0.695511,0.0,0.415907,0.0,0.646929,0.315917,0.607586,0.0,0.455556,0.0,0.0,0.392363,0.621307,0.529899,0.657953,0.610436,0.0,0.978565,0.068356,0.0,0.0,0.625786,0.155509,0.0,0.0,0.546177,0.054239
371,0.0,0.776345,0.0,0.023906,0.410333,0.425044,0.0,0.0,0.0,0.585673,0.412214,0.029649,0.0,0.615644,0.620949,0.0,0.10635,0.0,0.67811,0.265301,0.253422,0.597281,0.0,0.442522,0.128266,0.553009,0.336021,0.382695,0.060279,0.4283,0.0,0.0,0.490433,0.389809,0.097389,0.408562,0.426207,0.0,1.083954,0.150873,0.0,0.0,0.721971,0.431864,0.0,0.0,0.49557,0.0
372,0.0,0.734014,0.0,0.177233,0.618036,0.347804,0.013739,0.056042,0.0,0.637998,0.105191,0.333967,0.0,0.587992,0.653932,0.0,0.199824,0.0,0.259443,0.248462,0.449301,0.560749,0.0,0.40498,0.158306,0.399497,0.027969,0.448289,0.034532,0.493773,0.0,0.0,0.645448,0.271324,0.424645,0.180239,0.353064,0.0,0.839028,0.060426,0.0,0.0,0.769681,0.259568,0.0,0.0,0.332607,0.0
373,0.0,0.866997,0.121689,0.0,0.29908,0.378562,0.0,0.0,0.0,0.550904,0.184273,0.094494,0.0,0.57722,0.53951,0.0,0.47796,0.0,0.539279,0.375133,0.646711,0.627228,0.123513,0.015527,0.167899,0.720142,0.365785,0.203908,0.053659,0.393953,0.0,0.0,0.694426,0.15521,0.165771,0.178508,0.146187,0.0,0.527004,0.152336,0.0,0.080966,0.453942,0.37864,0.0,0.0,0.156899,0.07257
374,0.0,0.685694,0.405673,0.362324,0.408362,0.214368,0.0,0.338214,0.0,0.546905,0.0,0.106868,0.047863,0.631244,0.559636,0.0,0.797278,0.226229,0.104961,0.336485,0.902045,0.404456,0.14173,0.058639,0.222689,0.342529,0.282728,0.100564,0.123051,0.434268,0.0,0.0,0.746666,0.0,0.213581,0.055761,0.076686,0.0,0.08669,0.044424,0.0,0.0,0.598258,0.197156,0.0,0.0,0.061888,0.033495
375,0.0,0.633447,0.674851,0.750518,0.417337,0.0,0.358027,0.633284,0.0,0.668437,0.0,0.229046,0.028957,0.536409,0.588201,0.005573,1.085407,0.57279,0.0,0.326911,1.208083,0.25307,0.361478,0.0,0.181247,0.0,0.47609,0.198759,0.255855,0.629244,0.0,0.0,0.859529,0.0,0.237333,0.049834,0.15491,0.0,0.0,0.093758,0.0,0.042255,0.618635,0.128089,0.0,0.0,0.020383,0.031381
376,0.0,0.659902,0.75163,1.000431,0.364893,0.0,0.424082,0.823285,0.0,0.705633,0.0,0.305649,0.103352,0.534272,0.516269,0.10291,1.28599,0.80951,0.0,0.389112,1.485859,0.150096,0.564015,0.0,0.137228,0.0,0.590084,0.140113,0.319039,0.675681,0.0,0.0,1.123777,0.0,0.295919,0.162008,0.114657,0.0,0.0,0.237358,0.0,0.015527,0.508509,0.026189,0.0,0.0,0.0,0.147036
377,0.0,0.471021,0.982393,1.320948,0.366498,0.0,0.685043,0.982031,0.0,0.7968,0.156523,0.30408,0.0,0.414363,0.667131,0.068864,1.376451,0.879423,0.0,0.527504,1.685849,0.067584,0.523703,0.159632,0.130127,0.0,0.779848,0.20763,0.572037,0.989825,0.0,0.0,1.374157,0.0,0.067121,0.057003,0.166326,0.0,0.0,0.333542,0.0,0.225583,0.577109,0.102552,0.0,0.0,0.0,0.068829
378,0.0,0.322711,0.963457,1.242641,0.304567,0.0,0.485751,0.961717,0.0,0.7492,0.051751,0.315386,0.0,0.441081,0.641631,0.0,1.233328,0.691479,0.0,0.551427,1.706591,0.0,0.300692,0.51296,0.0,0.0,1.012071,0.0,0.500108,0.809953,0.0,0.0,1.054294,0.0,0.0,0.274256,0.0,0.0,0.0,0.442158,0.0,0.052706,0.915012,0.0,0.0,0.0,0.0,0.0
379,0.0,0.374844,0.902211,1.320577,0.27389,0.0,0.506374,1.068866,0.0,0.590184,0.0,0.179601,0.017805,0.21861,0.404641,0.0,1.20068,0.934717,0.0,0.389705,1.517156,0.0,0.46566,0.37518,0.0,0.0,0.796758,0.068674,0.51424,0.495977,0.0,0.0,1.102489,0.0,0.009998,0.671668,0.0,0.0,0.0,0.559325,0.0,0.0,0.768784,0.0,0.0,0.0,0.0,0.0
380,0.0,0.173908,0.749045,1.16361,0.323911,0.263137,0.42556,0.843724,0.0,0.511055,0.157881,0.256165,0.0,0.525071,0.527752,0.007641,1.107879,0.834421,0.0,0.493734,1.621832,0.0,0.321101,0.666643,0.0,0.0,0.808147,0.0,0.516432,0.508494,0.0,0.0,0.910414,0.116155,0.0,0.445022,0.0,0.0,0.0,0.596926,0.0,0.023048,0.932349,0.07742,0.0,0.0,0.0,0.0
381,0.0,0.042722,0.565896,0.959924,0.300766,0.520023,0.083283,0.73832,0.0,0.414773,0.094818,0.071059,0.0,0.445255,0.302435,0.015456,0.815229,0.952266,0.0,0.337451,1.207193,0.0,0.189058,0.739108,0.0,0.0,0.771992,0.0,0.377615,0.321002,0.0,0.0,0.838207,0.40479,0.0,0.639685,0.0,0.0,0.0,0.544797,0.0,0.0,1.014226,0.229864,0.0,0.0,0.0,0.0
382,0.0,0.0,0.472832,1.218518,0.15728,0.378775,0.267923,0.927594,0.0,0.641837,0.425048,0.0,0.0,0.633703,0.373827,0.442697,0.982682,0.923545,0.0,0.561078,1.322234,0.0,0.305259,0.797201,0.0,0.0,0.45422,0.0,0.541774,0.412634,0.0,0.0,1.138279,0.219078,0.0,0.635811,0.0,0.0,0.0,0.487542,0.0,0.054868,0.710624,0.425774,0.0,0.0,0.0,0.0
383,0.0,0.0,0.440247,1.283928,0.1464,0.48338,0.312717,0.93835,0.0,0.631319,0.442299,0.0,0.0,0.608871,0.260466,0.309253,0.994394,0.993802,0.0,0.597576,1.226651,0.0,0.242673,0.839664,0.0,0.0,0.468803,0.0,0.645512,0.312829,0.0,0.0,1.040573,0.421194,0.0,0.861089,0.0,0.0,0.0,0.51688,0.0,0.0,0.750184,0.390481,0.0,0.0,0.0,0.0
384,0.0,0.0,0.420205,1.293751,0.010182,0.499234,0.29361,0.943017,0.0,0.558579,0.336775,0.0,0.0,0.470701,0.009382,0.143084,0.930282,1.021062,0.0,0.5456,0.956839,0.0,0.154669,0.781693,0.0,0.0,0.483964,0.0,0.514973,0.273941,0.0,0.0,0.983833,0.550582,0.0,1.134261,0.0,0.0,0.0,0.330157,0.0,0.0,0.777941,0.261482,0.0,0.0,0.002904,0.0
385,0.0,0.0,0.516967,1.613263,0.204686,0.445997,0.51524,1.156817,0.0,0.92917,0.491934,0.0,0.0,0.431761,0.2601,0.238902,0.709864,1.034525,0.0,0.824387,1.129631,0.0,0.074469,1.046332,0.0,0.0,0.459802,0.0,0.45155,0.447443,0.0,0.0,1.016019,0.572454,0.212606,1.348967,0.007761,0.0,0.0,0.369465,0.0,0.088612,0.754519,0.319435,0.0,0.0,0.0,0.0
386,0.0,0.0,0.196433,1.229719,0.0,0.498177,0.27113,0.781242,0.0,0.684733,0.435542,0.0,0.0,0.570172,0.0,0.119632,0.331377,0.699216,0.217995,0.271947,0.554077,0.0,0.059753,0.927428,0.0,0.0,0.615637,0.061806,0.285113,0.368754,0.0,0.0,1.004993,0.615062,0.0,1.179426,0.131712,0.0,0.117393,0.211074,0.0,0.0,0.818336,0.35953,0.0,0.0,0.000767,0.0
387,0.0,0.117589,0.0,1.00352,0.065455,0.577846,0.230834,0.449206,0.0,0.730889,0.439231,0.0,0.0,0.81458,0.0,0.34082,0.0,0.54889,0.513315,0.312242,0.305016,0.061094,0.0,0.808041,0.0,0.009282,0.654411,0.035102,0.0,0.440722,0.0,0.0,0.724799,0.791842,0.235095,1.160935,0.267698,0.0,0.435956,0.0,0.0,0.0,0.620602,0.250208,0.0,0.0,0.174537,0.0
388,0.0,0.116764,0.0,0.776218,0.0,0.612331,0.080354,0.500326,0.0,0.809339,0.407706,0.0,0.0,0.806047,0.0,0.303773,0.0,0.36727,0.563937,0.241123,0.0,0.145739,0.0,0.679447,0.0,0.194086,0.565559,0.140979,0.0,0.267359,0.0,0.0,0.599277,0.69288,0.24819,1.009753,0.357408,0.0,0.677117,0.0,0.0,0.0,0.47458,0.316921,0.0,0.0,0.231921,0.0
389,0.0,0.150182,0.0,0.536575,0.0,0.675497,0.059003,0.377575,0.0,0.771752,0.599406,0.0,0.0,1.236938,0.0,0.674852,0.0,0.40111,0.960866,0.301349,0.0,0.160117,0.001996,0.341397,0.0,0.503268,0.89361,0.01697,0.0,0.208045,0.043404,0.0,0.10738,0.923507,0.173405,0.975944,0.517752,0.0,0.890706,0.0,0.0,0.0,0.267309,0.312574,0.0,0.0,0.376463,0.0
390,0.0,0.087548,0.0,0.85429,0.0,0.74103,0.354582,0.437339,0.0,0.736063,0.299911,0.0,0.0,1.136548,0.0,0.759189,0.0,0.329037,0.642358,0.192666,0.0,0.0,0.012255,0.639527,0.0,0.084205,0.674009,0.142135,0.0,0.142404,0.024678,0.0,0.095544,0.948709,0.572833,0.929036,0.651111,0.0,0.819355,0.0,0.0,0.0,0.317002,0.189188,0.0,0.0,0.204126,0.0
391,0.0,0.0,0.0,0.611417,0.0,0.68568,0.249137,0.263922,0.0,0.854084,0.411398,0.0,0.0,1.259698,0.0,0.786141,0.0,0.287282,0.872206,0.164307,0.0,0.020134,0.0,0.61765,0.0,0.139221,0.808762,0.1021,0.0,0.312539,0.078635,0.0,0.0,0.971048,0.567853,0.808422,0.815982,0.0,1.025531,0.0,0.0,0.0,0.239547,0.328555,0.0,0.0,0.415923,0.0
392,0.0,0.0,0.0,0.855593,0.0,0.898352,0.3717,0.445521,0.0,0.920916,0.343254,0.05345,0.0,1.243618,0.0,0.995815,0.0,0.317159,0.716969,0.244185,0.0,0.0,0.0,0.815589,0.0,0.0,0.650373,0.0,0.0,0.228881,0.096307,0.0,0.00923,1.005095,0.80971,0.804749,0.899709,0.0,0.915688,0.0,0.0,0.0,0.211972,0.447294,0.0,0.0,0.220495,0.0
393,0.0,0.0,0.0,0.983621,0.0,1.038589,0.408814,0.447875,0.0,0.989987,0.375146,0.142171,0.0,1.241272,0.0,1.239663,0.0,0.39879,0.725448,0.267865,0.0,0.148703,0.0,0.949755,0.062874,0.0,0.609562,0.0,0.0,0.233097,0.124477,0.0,0.173096,1.164099,0.988623,0.856121,1.038696,0.0,0.97486,0.0,0.0,0.0,0.102959,0.649895,0.0,0.0,0.210159,0.0
394,0.0,0.0,0.0,0.591256,0.0,1.051825,0.145332,0.56608,0.0,0.978134,0.406227,0.290134,0.0,1.316989,0.0,1.454242,0.0,0.344278,1.072007,0.538919,0.0,0.444253,0.0,0.729136,0.0,0.633781,0.810438,0.0,0.0,0.068655,0.35607,0.0,0.0,1.344753,0.853179,1.21545,1.196519,0.0,1.202776,0.0,0.0,0.0,0.0,0.370469,0.0,0.0,0.53298,0.0
395,0.0,0.0,0.0,0.483871,0.0,0.95771,0.171285,0.368267,0.0,0.952329,0.272144,0.38017,0.0,1.163244,0.0,1.38478,0.0,0.152373,1.186537,0.474,0.0,0.660686,0.0,0.881712,0.062929,0.626669,0.62362,0.0,0.0,0.081576,0.453851,0.0,0.0,1.356839,0.984128,1.092049,1.304987,0.0,1.389871,0.0,0.0,0.0,0.0,0.444736,0.0,0.0,0.66816,0.0
396,0.0,0.034848,0.0,0.504362,0.0,0.803704,0.337268,0.225189,0.0,0.770405,0.058515,0.518233,0.0,1.07557,0.0,1.364046,0.0,0.0,1.29372,0.387309,0.0,0.882411,0.0,0.976923,0.154846,0.66053,0.533594,0.0,0.0,0.026538,0.511964,0.0,0.0,1.451495,1.050594,0.990513,1.307724,0.0,1.434003,0.0,0.0,0.0,0.0,0.348655,0.0,0.0,0.728822,0.0
397,0.0,0.332525,0.0,0.523743,0.0,0.739911,0.411605,0.186195,0.003325,0.580984,0.0,0.462492,0.032076,0.831996,0.057531,1.419257,0.0,0.0,1.460253,0.540824,0.0,1.199109,0.0,1.029592,0.275356,0.912804,0.413868,0.176525,0.0,0.0,0.330079,0.0,0.0,1.418199,1.065018,0.878267,1.265308,0.0,1.327181,0.0,0.0,0.0,0.005769,0.310971,0.0,0.0,0.817343,0.0
398,0.0,0.391323,0.0,0.289339,0.0,0.677431,0.208536,0.13944,0.106544,0.427048,0.159029,0.307217,0.070744,0.903589,0.4309,1.324618,0.0,0.0,1.548196,0.504929,0.0,1.272707,0.0,0.921333,0.330851,1.179801,0.544259,0.0,0.0,0.0,0.480085,0.0,0.0,1.442177,0.717496,0.705011,1.156343,0.0,1.405751,0.080958,0.0,0.0,0.067733,0.450565,0.0,0.0,0.760445,0.0
399,0.0,0.392975,0.0,0.324919,0.019486,0.523039,0.391568,0.216215,0.309977,0.281938,0.0,0.416696,0.139246,0.75835,0.304201,1.079573,0.083839,0.0,1.181801,0.415071,0.0,1.360319,0.0,0.954632,0.396833,1.05514,0.351601,0.0,0.0,0.0,0.318853,0.0,0.0,1.304843,0.84107,0.441264,0.963031,0.0,1.405166,0.07184,0.0,0.014074,0.202929,0.349449,0.0,0.0,0.653423,0.0
400,0.0,0.580879,0.0,0.257827,0.0,0.391259,0.459476,0.012191,0.228632,0.205131,0.0,0.479188,0.300541,0.659832,0.348575,1.007074,0.114495,0.0,1.199554,0.474333,0.0,1.378688,0.0,0.928842,0.318918,1.026252,0.166171,0.211611,0.0,0.0,0.301571,0.0,0.0,1.284709,0.961551,0.483154,0.961792,0.0,1.261305,0.132523,0.0,0.174581,0.041694,0.237494,0.0,0.0,0.755169,0.053181
401,0.0,0.662506,0.0,0.358984,0.0,0.469539,0.297715,0.154859,0.222347,0.05657,0.0,0.374907,0.340175,0.500968,0.367583,1.186172,0.228362,0.061697,1.002165,0.687127,0.0,1.555571,0.0,0.864619,0.25095,1.310267,0.297938,0.034134,0.0,0.0,0.209751,0.0,0.0,1.241292,0.927475,0.400945,0.779836,0.0,1.169991,0.108775,0.0,0.247629,0.0,0.238529,0.0,0.0,0.477994,0.059909
402,0.0,0.631205,0.0,0.342661,0.360687,0.18358,0.332479,0.327449,0.226335,0.0,0.0,0.393841,0.176222,0.289726,0.291346,0.870762,0.376121,0.181495,0.731125,0.438446,0.0,1.139377,0.0,0.897123,0.198897,0.70506,0.151263,0.268093,0.0,0.0,0.209369,0.0,0.063193,0.809158,0.834372,0.37293,0.610663,0.0,0.953645,0.0,0.0,0.120395,0.284825,0.453041,0.0,0.0,0.454356,0.0
403,0.0,0.676852,0.0,0.436198,0.100545,0.318099,0.422779,0.277283,0.154739,0.0,0.0,0.418686,0.296026,0.230868,0.076268,1.057927,0.266291,0.262767,0.65784,0.610565,0.0,1.244187,0.0,0.814237,0.12185,0.811547,0.105513,0.318179,0.0,0.0,0.057875,0.0,0.112524,0.926827,1.047962,0.465309,0.554327,0.0,0.829137,0.0,0.0,0.163264,0.027221,0.250363,0.0,0.0,0.367897,0.0
404,0.0,0.677211,0.0,0.345148,0.0,0.538957,0.316772,0.208195,0.102112,0.111492,0.0,0.516209,0.267479,0.486181,0.120555,1.002234,0.225772,0.178622,0.666876,0.71207,0.0,1.244608,0.0,0.583259,0.122191,1.079777,0.170658,0.240833,0.0,0.0,0.130124,0.0,0.03215,1.099028,0.997679,0.529614,0.603822,0.0,0.844059,0.004145,0.0,0.320447,0.0,0.076288,0.0,0.0,0.365793,0.269698
405,0.0,0.52195,0.0,0.259436,0.18771,0.353947,0.322141,0.038185,0.171281,0.079701,0.0,0.445912,0.063351,0.452747,0.204619,0.708322,0.088339,0.056813,0.533994,0.391476,0.0,0.8939,0.0,0.562394,0.15878,0.580277,0.076782,0.297136,0.0,0.0,0.179127,0.0,0.057729,0.882152,0.951527,0.474427,0.635072,0.0,0.867,0.109363,0.0,0.101402,0.0,0.14256,0.0,0.0,0.591215,0.180362
406,0.0,0.481326,0.0,0.101394,0.445986,0.226307,0.269691,0.082727,0.223295,0.15656,0.0,0.448932,0.0,0.410129,0.420068,0.379673,0.063522,0.0,0.350392,0.213541,0.058014,0.725047,0.0,0.58901,0.302884,0.358128,0.0,0.281688,0.0,0.070896,0.165265,0.0,0.198264,0.682412,0.730341,0.18916,0.549494,0.0,0.879279,0.216559,0.0,0.133771,0.32044,0.363233,0.0,0.0,0.591656,0.0
407,0.0,0.804629,0.0,0.0,0.46184,0.429987,0.01515,0.0,0.173896,0.0,0.0,0.428099,0.0,0.31076,0.584565,0.393353,0.097813,0.0,0.75449,0.294792,0.156558,0.809462,0.0,0.697351,0.274374,0.718643,0.247954,0.273423,0.0,0.0,0.170618,0.0,0.012627,0.759851,0.435901,0.351109,0.342953,0.0,0.900845,0.279891,0.0,0.206144,0.584574,0.309224,0.0,0.0,0.565357,0.0
408,0.0,0.813143,0.0,0.029853,0.156309,0.530427,0.0,0.0,0.249963,0.0,0.181589,0.31063,0.153674,0.461538,0.780554,0.555766,0.301164,0.0,0.92351,0.421206,0.0,1.166784,0.0,0.584313,0.197135,1.409594,0.363515,0.144428,0.032572,0.0,0.338733,0.0,0.0,0.976133,0.226099,0.253423,0.34598,0.0,1.13945,0.446892,0.0,0.372102,0.358496,0.239716,0.0,0.0,0.632751,0.197018
409,0.0,0.907937,0.0,0.0,0.418861,0.387436,0.0,0.0,0.16926,0.0,0.0,0.474843,0.0,0.237572,0.692488,0.442585,0.47017,0.0,0.81467,0.299719,0.0,1.268885,0.0,0.671501,0.2417,1.284249,0.196233,0.42729,0.0,0.0,0.258108,0.0,0.044104,0.618412,0.374725,0.089874,0.245678,0.0,1.128545,0.222801,0.0,0.295569,0.573784,0.296416,0.0,0.0,0.508712,0.170854
410,0.0,0.796912,0.0,0.0,0.500137,0.327467,0.280104,0.0,0.184954,0.172054,0.0,0.71675,0.0,0.38911,0.529116,0.515685,0.583088,0.044495,0.924195,0.288325,0.0,1.208728,0.0,0.595212,0.316993,1.263317,0.012898,0.553031,0.0,0.0,0.414951,0.0,0.024678,0.688281,0.768308,0.069621,0.485286,0.0,1.378892,0.12824,0.0,0.302204,0.414508,0.235796,0.0,0.0,0.633167,0.238017
411,0.0,0.866867,0.0,0.014342,0.328367,0.317112,0.563177,0.0,0.0,0.157035,0.0,0.901775,0.0,0.573306,0.349184,0.94923,0.708023,0.288969,0.766822,0.382837,0.0,1.290838,0.0,0.551925,0.374264,1.19896,0.0,0.522827,0.0,0.0,0.534552,0.0,0.076043,0.852487,1.119178,0.082637,0.577724,0.0,1.306116,0.067244,0.0,0.403096,0.094971,0.131094,0.0,0.0,0.516371,0.468596
412,0.0,0.925248,0.0,0.006529,0.385942,0.195353,0.539375,0.066906,0.041147,0.052647,0.0,0.844768,0.165637,0.338498,0.378842,0.998198,0.834172,0.364708,0.775442,0.595415,0.029728,1.190998,0.0,0.496877,0.272838,1.35925,0.0,0.604188,0.0,0.0,0.424695,0.0,0.085856,0.722745,1.0303,0.0,0.44001,0.0,1.10748,0.0,0.0,0.505318,0.216331,0.16675,0.0,0.0,0.361493,0.364257
413,0.0,0.93237,0.0,0.094077,0.24748,0.103807,0.483185,0.230634,0.0,0.014646,0.0,0.835348,0.086773,0.206446,0.372367,1.223998,0.73892,0.429956,0.61562,0.885246,0.093112,1.310425,0.0,0.598426,0.266294,1.312198,0.005625,0.593313,0.0,0.0,0.330182,0.0,0.152809,0.660135,1.009473,0.140586,0.336124,0.0,0.860698,0.0,0.0,0.658073,0.0,0.197527,0.0,0.0,0.257773,0.384279
414,0.0,0.749889,0.0,0.231977,0.373275,0.0,0.680814,0.268693,0.0,0.0,0.0,0.650508,0.0,0.271887,0.327887,1.172971,0.829465,0.615484,0.400058,0.709772,0.099272,1.247153,0.027915,0.550249,0.126822,0.933495,0.0,0.463308,0.111113,0.0,0.053139,0.0,0.263811,0.635764,0.949703,0.021424,0.244,0.0,0.970436,0.0,0.0,0.496683,0.035097,0.226482,0.0,0.0,0.225725,0.313484
415,0.0,0.622044,0.0,0.309746,0.350416,0.044137,0.491514,0.387391,0.0,0.052523,0.0,0.712802,0.0,0.206575,0.244887,1.112627,0.512802,0.575186,0.361356,0.527097,0.176202,0.931289,0.0,0.616427,0.18632,0.744662,0.101777,0.400142,0.0,0.0,0.268786,0.0,0.259951,0.539888,0.88753,0.330215,0.325438,0.0,0.835904,0.0,0.0,0.419771,0.062996,0.269576,0.0,0.0,0.334004,0.023063
416,0.0,0.458446,0.0,0.405441,0.162272,0.276244,0.398697,0.350131,0.0,0.121724,0.0,0.576671,0.059529,0.28671,0.12308,1.002903,0.240384,0.514549,0.340992,0.498602,0.142495,0.774962,0.027155,0.58912,0.121346,0.690967,0.135894,0.282372,0.0,0.0,0.225261,0.0,0.174651,0.669894,0.912131,0.526105,0.418803,0.0,0.709668,0.003833,0.0,0.304668,0.0,0.077163,0.0,0.0,0.398392,0.130364
417,0.0,0.552589,0.0,0.409024,0.20349,0.380823,0.21883,0.316888,0.049601,0.037344,0.0,0.300289,0.296917,0.164253,0.168936,0.738817,0.195678,0.511081,0.446248,0.371178,0.307449,0.596877,0.172288,0.56742,0.0,0.696436,0.336635,0.222944,0.0,0.0,0.111801,0.0,0.042223,0.520118,0.402616,0.485357,0.323158,0.0,0.579355,0.040455,0.0,0.16246,0.132778,0.116436,0.0,0.0,0.475926,0.090945
418,0.0,0.146701,0.0,0.567509,0.3705,0.508998,0.121491,0.191196,0.120395,0.002189,0.060269,0.19104,0.0,0.666006,0.30951,0.559649,0.133615,0.297575,0.312015,0.095005,0.560692,0.391213,0.076582,0.630024,0.0,0.317809,0.584994,0.0,0.069619,0.042381,0.120594,0.0,0.21355,0.587929,0.213019,0.536991,0.404917,0.0,0.636529,0.183236,0.0,0.0,0.197162,0.094036,0.0,0.0,0.46019,0.060485
419,0.0,0.111545,0.0,0.820224,0.218146,0.711189,0.188657,0.306813,0.0,0.128568,0.00168,0.346518,0.0,0.515244,0.271979,0.46713,0.043792,0.487849,0.008915,0.036117,0.59244,0.390648,0.219875,0.612992,0.0,0.0,0.436276,0.0,0.249091,0.000803,0.0,0.0,0.63322,0.32268,0.318431,0.393514,0.298056,0.0,0.410558,0.250438,0.0,0.0,0.311501,0.278809,0.0,0.0,0.286222,0.0
420,0.0,0.181205,0.0,0.966788,0.397048,0.823942,0.0,0.161475,0.0,0.291341,0.301,0.458356,0.0,0.751598,0.544702,0.590442,0.241423,0.528178,0.0,0.093855,1.152193,0.391062,0.151188,1.1082,0.0,0.0,1.010722,0.0,0.423103,0.021604,0.0,0.0,0.885496,0.383754,0.185328,0.492604,0.267925,0.0,0.427962,0.313894,0.0,0.0,0.536672,0.280255,0.0,0.0,0.031739,0.0
421,0.0,0.328244,0.0,1.154995,0.489693,0.987495,0.0,0.125988,0.0,0.360688,0.238688,0.697818,0.0,0.731961,0.700467,0.477186,0.214516,0.604048,0.030822,0.080418,1.380693,0.355446,0.14508,1.287465,0.0,0.0,1.125558,0.0,0.524226,0.107388,0.0,0.0,0.961644,0.329358,0.270072,0.483851,0.225641,0.0,0.459116,0.362552,0.0,0.0,0.785076,0.196779,0.0,0.0,0.0,0.0
422,0.0,0.545294,0.0,1.223509,0.525855,0.920479,0.0,0.001459,0.0,0.2124,0.111878,0.763825,0.0,0.713089,0.658486,0.343526,0.281274,0.515319,0.296498,0.0,1.290507,0.460688,0.0,1.186816,0.0,0.045949,1.299206,0.0,0.364726,0.098306,0.0,0.0,0.920929,0.266284,0.020829,0.649205,0.126899,0.0,0.552567,0.256447,0.0,0.0,0.84427,0.064294,0.014543,0.0,0.0,0.0
423,0.0,0.529388,0.0,1.202854,0.543013,0.91991,0.0,0.0,0.0,0.150532,0.184526,0.699073,0.0,0.836753,0.634187,0.370845,0.244698,0.55585,0.366525,0.0,1.145554,0.65257,0.0,1.02343,0.0,0.242733,1.248212,0.0,0.347635,0.121065,0.0,0.0,0.915651,0.190696,0.0,0.476073,0.085624,0.0,0.639338,0.271653,0.0,0.0,0.707044,0.0,0.0,0.0,0.0,0.131318
424,0.0,0.565259,0.0,1.205506,0.501088,0.776537,0.0,0.039329,0.0,0.05031,0.108119,0.694697,0.0,0.502447,0.523513,0.304847,0.175959,0.742378,0.339657,0.0,0.856835,0.703965,0.0,0.718701,0.0,0.350172,1.080806,0.0,0.263741,0.070802,0.0,0.0,0.975243,0.0,0.0,0.342918,0.0,0.0,0.592936,0.300763,0.0,0.0,0.610446,0.010511,0.024052,0.0,0.0,0.190928
425,0.0,0.59759,0.0,1.120125,0.367358,0.495522,0.103931,0.197914,0.030404,0.0,0.0,0.527093,0.0,0.229537,0.383023,0.140266,0.351494,0.60723,0.123763,0.0,0.804671,0.529004,0.218384,0.45556,0.0,0.269442,0.752715,0.0,0.456869,0.146747,0.0,0.0,0.883226,0.0,0.0,0.204946,0.0,0.0,0.493594,0.323534,0.0,0.0,0.547252,0.0,0.0,0.0,0.0,0.224368
426,0.0,0.594517,0.302008,0.955902,0.284681,0.116907,0.362463,0.464344,0.0,0.148761,0.0,0.416303,0.081158,0.158248,0.574901,0.166877,0.610216,0.477537,0.0,0.0,1.182977,0.310667,0.553154,0.294207,0.0,0.180485,0.562689,0.052947,0.645469,0.231933,0.0,0.0,0.904351,0.0,0.023663,0.044675,0.0,0.0,0.248809,0.279613,0.0,0.0,0.508763,0.0,0.033401,0.0,0.058616,0.060917
427,0.0,0.574933,0.462047,0.825171,0.371199,0.079626,0.226633,0.61994,0.0,0.113641,0.0,0.490125,0.167137,0.0,0.756026,0.011914,0.774206,0.575465,0.0,0.2314,1.465575,0.361373,0.559962,0.400786,0.0,0.351152,0.585851,0.0,0.495068,0.220419,0.0,0.0,0.914695,0.013573,0.0,0.131082,0.0,0.0,0.10416,0.402228,0.0,0.20176,0.64645,0.0,0.03187,0.0,0.0,0.0
428,0.0,0.50243,0.675438,0.844793,0.540772,0.080624,0.2009,0.822701,0.0,0.197263,0.0,0.680799,0.022998,0.0,0.92055,0.0,0.91323,0.748162,0.0,0.501185,1.853979,0.369327,0.501597,0.514523,0.0,0.429742,0.721074,0.0,0.471585,0.402473,0.0,0.0,1.102868,0.046906,0.0,0.041352,0.0,0.0,0.0,0.454839,0.0,0.53928,0.793168,0.199633,0.060843,0.0,0.0,0.0
429,0.0,0.393635,0.753946,1.043529,0.613008,0.0,0.437735,1.079034,0.0,0.258705,0.0,0.688555,0.030598,0.0,0.934182,0.0,1.082623,1.097279,0.0,0.650869,2.054658,0.293619,0.45425,0.65497,0.0,0.331116,0.561018,0.0,0.631694,0.612234,0.0,0.0,1.277375,0.0,0.0,0.0,0.0,0.0,0.0,0.562242,0.0,0.909067,0.834608,0.245114,0.151704,0.0,0.0,0.0
430,0.0,0.247842,0.755035,1.177907,0.528329,0.0,0.58779,1.181438,0.0,0.434142,0.0,0.615489,0.045936,0.0,0.717613,0.0,1.253081,1.257202,0.0,0.586164,2.092936,0.14346,0.461064,0.619917,0.0,0.300039,0.458775,0.140828,0.717909,0.60499,0.0,0.0,1.493743,0.0,0.0,0.280584,0.0,0.0,0.0,0.571338,0.0,0.69228,0.695902,0.203341,0.220668,0.0,0.0,0.0
431,0.0,0.115919,0.907247,1.404112,0.481282,0.0,0.836168,1.282072,0.0,0.505396,0.0,0.621205,0.0,0.0,0.870271,0.0,1.398099,1.25624,0.0,0.758282,2.365865,0.14717,0.590844,0.643731,0.0,0.02589,0.590203,0.085262,0.918607,0.909866,0.0,0.0,1.732968,0.0,0.0,0.213465,0.0,0.0,0.0,0.610488,0.0,0.875411,0.594221,0.233215,0.199486,0.0,0.0,0.0
432,0.0,0.19817,0.850769,1.184099,0.45635,0.0,0.533022,1.219879,0.0,0.479376,0.0,0.610556,0.0,0.0,0.767722,0.0,1.317949,1.20941,0.0,0.700434,2.07292,0.241847,0.31899,0.606385,0.0,0.293478,0.660904,0.0,0.689363,0.644296,0.0,0.0,1.473159,0.0,0.0,0.314383,0.0,0.0,0.0,0.4932,0.0,0.791938,0.71586,0.091304,0.109419,0.0,0.0,0.0
433,0.0,0.148267,0.788461,1.273166,0.476579,0.0,0.53609,0.995616,0.0,0.357461,0.0,0.724341,0.0,0.0,0.786088,0.076398,1.334852,0.978758,0.0,0.691151,2.05067,0.275734,0.228092,0.615726,0.0,0.131795,0.989143,0.0,0.85752,0.807497,0.0,0.0,1.376748,0.047616,0.0,0.193677,0.0,0.0,0.0,0.494755,0.0,0.804143,0.680377,0.084626,0.073269,0.0,0.0,0.0
434,0.0,0.324679,0.751618,1.181359,0.40943,0.0,0.594033,1.09764,0.0,0.427569,0.0,0.729085,0.0,0.0,0.67471,0.0,1.159252,0.941608,0.0,0.395852,1.838346,0.035282,0.423383,0.275038,0.0,0.255745,0.796967,0.0,0.613114,0.418581,0.0,0.0,1.103441,0.0,0.0,0.284802,0.0,0.0,0.038014,0.425132,0.0,0.364107,0.744432,0.0,0.090621,0.0,0.0,0.0
435,0.0,0.392533,0.470074,0.903832,0.337999,0.0,0.494986,1.067861,0.0,0.42953,0.0,0.802727,0.0,0.0,0.646889,0.083641,1.027309,0.930462,0.0,0.230426,1.548917,0.167127,0.589394,0.026426,0.0,0.410178,0.524718,0.030993,0.362425,0.190196,0.0,0.0,0.985926,0.0,0.0,0.05591,0.0,0.0,0.072966,0.217555,0.0,0.262564,0.73057,0.006435,0.088045,0.0,0.0,0.0
436,0.0,0.375642,0.434922,0.855197,0.373656,0.0,0.608694,0.887586,0.0,0.38793,0.0,0.798827,0.0,0.0,0.649616,0.344003,1.126714,0.960479,0.0,0.393191,1.451296,0.25537,0.555287,0.0,0.0,0.345192,0.51743,0.029247,0.551465,0.283811,0.0,0.0,1.008326,0.0,0.083389,0.0,0.0,0.0,0.099001,0.232346,0.0,0.45986,0.451177,0.030737,0.012066,0.0,0.0,0.157412
437,0.0,0.490911,0.395776,0.786899,0.282575,0.0,0.516203,0.852743,0.0,0.303572,0.0,0.768212,0.171581,0.0,0.546624,0.4441,1.112912,0.919322,0.092319,0.579843,1.295995,0.339991,0.478908,0.0,0.0,0.622664,0.498253,0.094806,0.422421,0.115635,0.0,0.0,0.826705,0.0,0.284816,0.0,0.0,0.0,0.0,0.14666,0.0,0.476724,0.288251,0.0,0.035354,0.0,0.0,0.266611
438,0.0,0.355998,0.405411,0.746097,0.418209,0.0,0.661879,0.765186,0.0,0.279305,0.0,0.688478,0.0,0.054568,0.639063,0.51675,1.255173,0.924094,0.0,0.67009,1.329326,0.422015,0.493596,0.0,0.0,0.507932,0.482414,0.153615,0.684171,0.183905,0.0,0.0,0.907547,0.0,0.276882,0.0,0.0,0.0,0.256201,0.078839,0.0,0.615861,0.197436,0.13112,0.0,0.0,0.0,0.289536
439,0.0,0.328948,0.339869,0.702442,0.462482,0.0,0.448852,0.915617,0.0,0.345378,0.0,0.806111,0.0,0.0,0.605221,0.476698,0.883412,0.772476,0.0,0.64679,1.253293,0.316583,0.359433,0.130222,0.0,0.458406,0.454999,0.212499,0.345245,0.107985,0.0,0.0,0.761129,0.0,0.363533,0.0,0.0,0.0,0.169483,0.0,0.0,0.620891,0.379989,0.190874,0.028949,0.0,0.0,0.0
440,0.0,0.320679,0.187599,0.715162,0.587273,0.0,0.462561,0.879533,0.0,0.477366,0.0,0.720158,0.0,0.0,0.428055,0.409085,0.670931,0.683618,0.0,0.46136,1.009794,0.055685,0.275948,0.264013,0.0,0.281547,0.301071,0.43384,0.210865,0.178569,0.0,0.0,0.64149,0.022814,0.566964,0.30703,0.016112,0.0,0.281376,0.009746,0.0,0.434395,0.513196,0.159182,0.005105,0.0,0.064836,0.0
441,0.0,0.459138,0.140869,0.592636,0.407128,0.21444,0.240926,0.612144,0.0,0.35018,0.0,0.70506,0.0,0.16364,0.177052,0.694658,0.439121,0.628757,0.0,0.636636,0.747257,0.522478,0.0,0.41767,0.10345,0.453252,0.254963,0.400532,0.0,0.334827,0.0,0.0,0.582708,0.274948,0.755424,0.388059,0.098451,0.0,0.208734,0.070029,0.0,0.558796,0.17196,0.198066,0.0,0.0,0.083336,0.053677
442,0.0,0.31078,0.0,0.389331,0.460131,0.340157,0.052093,0.239213,0.0,0.396665,0.0,0.369389,0.0,0.522525,0.175552,0.729486,0.358382,0.453109,0.008884,0.461733,0.638915,0.470715,0.0,0.375394,0.15979,0.396222,0.248078,0.21361,0.0,0.322249,0.0,0.0,0.535889,0.552775,0.79076,0.340555,0.320804,0.0,0.431774,0.121058,0.0,0.268822,0.141646,0.327338,0.0,0.0,0.22284,0.000641
443,0.0,0.259477,0.0,0.283812,0.511889,0.377619,0.104119,0.153454,0.018739,0.423534,0.035223,0.173568,0.0,0.949236,0.236134,0.560838,0.399796,0.210485,0.141753,0.332893,0.312885,0.330441,0.0,0.307351,0.256717,0.39157,0.114814,0.282291,0.071001,0.403514,0.0,0.0,0.286019,0.756894,0.713111,0.264258,0.54609,0.0,0.660573,0.11354,0.0,0.0,0.234452,0.327976,0.0,0.0,0.483232,0.0
444,0.0,0.304767,0.0,0.121794,0.487552,0.436107,0.047472,0.113645,0.0,0.412255,0.283478,0.0,0.0,1.039132,0.37999,0.646188,0.384793,0.187722,0.284993,0.310854,0.122983,0.25596,0.0,0.545852,0.316377,0.429458,0.092539,0.337649,0.008757,0.167063,0.0,0.0,0.038887,0.895079,0.498092,0.3722,0.578864,0.0,0.71457,0.169538,0.0,0.0,0.49548,0.476374,0.0,0.0,0.606554,0.0
445,0.0,0.431052,0.0,0.131288,0.345907,0.460394,0.098112,0.161791,0.0,0.453252,0.373027,0.0,0.0,1.086563,0.322463,0.888006,0.34378,0.246212,0.416129,0.461685,0.0,0.372811,0.0,0.62677,0.361295,0.603477,0.0,0.524734,0.0,0.13035,0.0,0.0,0.002045,1.026021,0.535044,0.598204,0.70163,0.0,0.774807,0.140979,0.0,0.0,0.388118,0.536865,0.0,0.0,0.787766,0.0
446,0.0,0.348516,0.0,0.375626,0.317621,0.48807,0.383654,0.335967,0.0,0.675811,0.106365,0.144822,0.0,1.195153,0.169294,1.074651,0.318861,0.346857,0.381212,0.620691,0.0,0.523587,0.0,0.714587,0.417942,0.550837,0.0,0.600311,0.026164,0.263297,0.0,0.0,0.133535,1.158852,0.902523,0.67981,0.935021,0.0,0.809101,0.117653,0.0,0.0,0.259248,0.549019,0.0,0.0,0.853087,0.0
447,0.0,0.327322,0.0,0.256816,0.043389,0.748049,0.113228,0.0,0.0,0.686716,0.470828,0.113018,0.0,1.306094,0.034652,1.507921,0.274718,0.515712,0.63978,0.614741,0.0,0.708513,0.0,0.802858,0.208562,0.705011,0.132102,0.3677,0.076849,0.178728,0.0,0.0,0.186125,1.522224,0.931778,0.786744,0.931835,0.0,0.971365,0.200304,0.0,0.0,0.092743,0.646695,0.0,0.0,0.7948,0.0
448,0.0,0.138617,0.0,0.489054,0.236123,0.869975,0.12024,0.24912,0.0,0.807437,0.570181,0.0488,0.0,1.307021,0.0895,1.687888,0.254732,0.591104,0.396201,0.902687,0.0,0.634454,0.0,1.076321,0.333275,0.425827,0.039038,0.036504,0.161796,0.012447,0.0,0.0,0.387904,1.584204,1.103128,0.874806,0.716451,0.0,0.877455,0.222958,0.0,0.0,0.066194,0.864398,0.0,0.0,0.502878,0.0
449,0.0,0.172801,0.0,0.793068,0.468565,0.636023,0.627941,0.804866,0.0,0.774064,0.411718,0.0,0.0,1.342785,0.096737,1.511649,0.401883,0.694904,0.0,0.951507,0.0,0.21217,0.0,1.369572,0.328361,0.0,0.0,0.254847,0.238816,0.0,0.0,0.0,0.492476,1.497739,1.112427,1.096494,0.663647,0.0,0.651628,0.039548,0.0,0.0,0.372035,0.747192,0.0,0.0,0.44771,0.0
