timestamp,datetime,source_agent,target_agent,conflict_type,parameter,affected_service,affected_kpi,observed_value,threshold_value,observed_delta_from_threshold,previous_observed_value,observed_delta_from_previous,conflict_decision,mitigation_action,latest_energy_command,latest_power_percent,rapp_decision,rapp_confidence,energy_state,slicer_state,ml_decision,ml_confidence,ml_predicted_cvar_ms,sim_time_s,cvar_ms,p95_ms,throughput_mbps,global_packet_loss_percent,total_active_cameras,total_active_ues,graph_path,conflict_reason,rapp_reason
1777008540,2026-04-24 02:29:00,rApp-CVaR/ML-Arbiter,xApp1-RANSlicer,implicit,global_health_policy,App1-Vigilancia,camera_throughput_mbps,22.5,25.0,-2.5,,,BLOCKED,FULL_POWER,FULL_POWER,100,BLOCKED,1.0,FULL_POWER,NORMAL,,0.0,0.0,68.25,24.8625,3.500582396694215,0.6287999999999999,0.09683189247096809,3,20,CVaR/ML global KPI -> energy recommendation -> App1 KPI -> rApp mitigation,CÂMERA SLA: Throughput 22.5Mbps < 25Mbps (mínimo),CÂMERA SLA: Throughput 22.5Mbps < 25Mbps (mínimo)
1777008545,2026-04-24 02:29:05,rApp-CVaR/ML-Arbiter,xApp1-RANSlicer,implicit,global_health_policy,App1-Vigilancia,camera_throughput_mbps,22.5,25.0,-2.5,22.5,0.0,BLOCKED,FULL_POWER,FULL_POWER,100,BLOCKED,1.0,FULL_POWER,NORMAL,,0.0,0.0,68.25,24.8625,3.500582396694215,474.98166214876034,0.10001962385291709,3,20,CVaR/ML global KPI -> energy recommendation -> App1 KPI -> rApp mitigation,CÂMERA SLA: Throughput 22.5Mbps < 25Mbps (mínimo),CÂMERA SLA: Throughput 22.5Mbps < 25Mbps (mínimo)
1777008550,2026-04-24 02:29:10,rApp-CVaR/ML-Arbiter,xApp1-RANSlicer,implicit,global_health_policy,App1-Vigilancia,camera_throughput_mbps,22.5,25.0,-2.5,22.5,0.0,BLOCKED,FULL_POWER,FULL_POWER,100,BLOCKED,1.0,FULL_POWER,NORMAL,,0.0,0.0,68.5,24.8625,3.500613388429752,0.0,0.10042035298552161,3,20,CVaR/ML global KPI -> energy recommendation -> App1 KPI -> rApp mitigation,CÂMERA SLA: Throughput 22.5Mbps < 25Mbps (mínimo),CÂMERA SLA: Throughput 22.5Mbps < 25Mbps (mínimo)
1777008555,2026-04-24 02:29:15,rApp-CVaR/ML-Arbiter,xApp1-RANSlicer,implicit,global_health_policy,App1-Vigilancia,camera_throughput_mbps,22.5,25.0,-2.5,22.5,0.0,BLOCKED,FULL_POWER,FULL_POWER,100,BLOCKED,1.0,FULL_POWER,NORMAL,,0.0,0.0,68.5,24.8625,3.500613388429752,474.97715834710743,0.10500688225439,3,20,CVaR/ML global KPI -> energy recommendation -> App1 KPI -> rApp mitigation,CÂMERA SLA: Throughput 22.5Mbps < 25Mbps (mínimo),CÂMERA SLA: Throughput 22.5Mbps < 25Mbps (mínimo)
1777008560,2026-04-24 02:29:20,rApp-CVaR/ML-Arbiter,xApp1-RANSlicer,implicit,global_health_policy,App1-Vigilancia,camera_throughput_mbps,22.5,25.0,-2.5,22.5,0.0,BLOCKED,FULL_POWER,FULL_POWER,100,BLOCKED,1.0,FULL_POWER,NORMAL,,0.0,0.0,68.75,24.8625,3.5004847933884293,2.01216,0.10479564903032412,3,20,CVaR/ML global KPI -> energy recommendation -> App1 KPI -> rApp mitigation,CÂMERA SLA: Throughput 22.5Mbps < 25Mbps (mínimo),CÂMERA SLA: Throughput 22.5Mbps < 25Mbps (mínimo)
1777008565,2026-04-24 02:29:25,rApp-CVaR/ML-Arbiter,xApp1-RANSlicer,implicit,global_health_policy,App1-Vigilancia,camera_throughput_mbps,22.5,25.0,-2.5,22.5,0.0,BLOCKED,FULL_POWER,FULL_POWER,100,BLOCKED,1.0,FULL_POWER,NORMAL,,0.0,0.0,68.75,24.8625,3.5004847933884293,474.99378776859504,0.09829597013366528,3,20,CVaR/ML global KPI -> energy recommendation -> App1 KPI -> rApp mitigation,CÂMERA SLA: Throughput 22.5Mbps < 25Mbps (mínimo),CÂMERA SLA: Throughput 22.5Mbps < 25Mbps (mínimo)
1777008570,2026-04-24 02:29:30,rApp-CVaR/ML-Arbiter,xApp1-RANSlicer,implicit,global_health_policy,App1-Vigilancia,camera_throughput_mbps,22.5,25.0,-2.5,22.5,0.0,BLOCKED,FULL_POWER,FULL_POWER,100,BLOCKED,1.0,FULL_POWER,NORMAL,,0.0,0.0,69.0,24.8625,3.5003314049586773,474.97958347107436,0.09857079947623835,3,20,CVaR/ML global KPI -> energy recommendation -> App1 KPI -> rApp mitigation,CÂMERA SLA: Throughput 22.5Mbps < 25Mbps (mínimo),CÂMERA SLA: Throughput 22.5Mbps < 25Mbps (mínimo)
1777008575,2026-04-24 02:29:35,rApp-CVaR/ML-Arbiter,xApp1-RANSlicer,implicit,global_health_policy,App1-Vigilancia,camera_throughput_mbps,22.5,25.0,-2.5,22.5,0.0,BLOCKED,FULL_POWER,FULL_POWER,100,BLOCKED,1.0,FULL_POWER,NORMAL,,0.0,0.0,69.0,24.8625,3.5003314049586773,474.97958347107436,0.09814157894295192,3,20,CVaR/ML global KPI -> energy recommendation -> App1 KPI -> rApp mitigation,CÂMERA SLA: Throughput 22.5Mbps < 25Mbps (mínimo),CÂMERA SLA: Throughput 22.5Mbps < 25Mbps (mínimo)
1777008580,2026-04-24 02:29:40,rApp-CVaR/ML-Arbiter,xApp1-RANSlicer,implicit,global_health_policy,App1-Vigilancia,camera_throughput_mbps,22.5,25.0,-2.5,22.5,0.0,BLOCKED,FULL_POWER,FULL_POWER,100,BLOCKED,1.0,FULL_POWER,NORMAL,,0.0,0.0,69.25,24.8625,3.50029173553719,474.97438677685955,0.09764870678974072,3,20,CVaR/ML global KPI -> energy recommendation -> App1 KPI -> rApp mitigation,CÂMERA SLA: Throughput 22.5Mbps < 25Mbps (mínimo),CÂMERA SLA: Throughput 22.5Mbps < 25Mbps (mínimo)
1777008585,2026-04-24 02:29:45,rApp-CVaR/ML-Arbiter,xApp1-RANSlicer,implicit,global_health_policy,App1-Vigilancia,camera_throughput_mbps,22.5,25.0,-2.5,22.5,0.0,BLOCKED,FULL_POWER,FULL_POWER,100,BLOCKED,1.0,FULL_POWER,NORMAL,,0.0,0.0,69.5,24.8625,3.500217355371901,0.79648,0.09484780138125298,3,20,CVaR/ML global KPI -> energy recommendation -> App1 KPI -> rApp mitigation,CÂMERA SLA: Throughput 22.5Mbps < 25Mbps (mínimo),CÂMERA SLA: Throughput 22.5Mbps < 25Mbps (mínimo)
1777008590,2026-04-24 02:29:50,rApp-CVaR/ML-Arbiter,xApp1-RANSlicer,implicit,global_health_policy,App1-Vigilancia,camera_throughput_mbps,22.5,25.0,-2.5,22.5,0.0,BLOCKED,FULL_POWER,FULL_POWER,100,BLOCKED,1.0,FULL_POWER,NORMAL,,0.0,0.0,69.5,24.8625,3.500217355371901,474.9809692561983,0.09534951048220339,3,20,CVaR/ML global KPI -> energy recommendation -> App1 KPI -> rApp mitigation,CÂMERA SLA: Throughput 22.5Mbps < 25Mbps (mínimo),CÂMERA SLA: Throughput 22.5Mbps < 25Mbps (mínimo)
1777008595,2026-04-24 02:29:55,rApp-CVaR/ML-Arbiter,xApp1-RANSlicer,implicit,global_health_policy,App1-Vigilancia,camera_throughput_mbps,22.5,25.0,-2.5,22.5,0.0,BLOCKED,FULL_POWER,FULL_POWER,100,BLOCKED,1.0,FULL_POWER,NORMAL,,0.0,0.0,69.75,24.8625,3.5002931404958675,0.0,0.09984250538786242,3,20,CVaR/ML global KPI -> energy recommendation -> App1 KPI -> rApp mitigation,CÂMERA SLA: Throughput 22.5Mbps < 25Mbps (mínimo),CÂMERA SLA: Throughput 22.5Mbps < 25Mbps (mínimo)
1777008660,2026-04-24 02:31:00,rApp-CVaR/ML-Arbiter,xApp1-RANSlicer,implicit,global_health_policy,App1-Vigilancia,camera_throughput_mbps,22.5,25.0,-2.5,,,BLOCKED,FULL_POWER,FULL_POWER,100,BLOCKED,1.0,POWER_DOWN,NORMAL,,0.0,0.0,71.5,24.8625,3.500709504132231,474.98062280991735,0.09549402228714779,3,20,CVaR/ML global KPI -> energy recommendation -> App1 KPI -> rApp mitigation,CÂMERA SLA: Throughput 22.5Mbps < 25Mbps (mínimo),CÂMERA SLA: Throughput 22.5Mbps < 25Mbps (mínimo)
1777008665,2026-04-24 02:31:05,rApp-CVaR/ML-Arbiter,xApp1-RANSlicer,implicit,global_health_policy,App1-Vigilancia,camera_throughput_mbps,22.5,25.0,-2.5,22.5,0.0,BLOCKED,FULL_POWER,FULL_POWER,100,BLOCKED,1.0,POWER_DOWN,NORMAL,,0.0,0.0,71.75,24.8625,3.500547355371901,0.25152,0.09691387270454631,3,20,CVaR/ML global KPI -> energy recommendation -> App1 KPI -> rApp mitigation,CÂMERA SLA: Throughput 22.5Mbps < 25Mbps (mínimo),CÂMERA SLA: Throughput 22.5Mbps < 25Mbps (mínimo)
1777008670,2026-04-24 02:31:10,rApp-CVaR/ML-Arbiter,xApp1-RANSlicer,implicit,global_health_policy,App1-Vigilancia,camera_throughput_mbps,22.5,25.0,-2.5,22.5,0.0,BLOCKED,FULL_POWER,FULL_POWER,100,BLOCKED,1.0,POWER_DOWN,NORMAL,,0.0,0.0,71.75,24.8625,3.500547355371901,474.9827014876033,0.0958170272222039,3,20,CVaR/ML global KPI -> energy recommendation -> App1 KPI -> rApp mitigation,CÂMERA SLA: Throughput 22.5Mbps < 25Mbps (mínimo),CÂMERA SLA: Throughput 22.5Mbps < 25Mbps (mínimo)
1777008675,2026-04-24 02:31:15,rApp-CVaR/ML-Arbiter,xApp1-RANSlicer,implicit,global_health_policy,App1-Vigilancia,camera_throughput_mbps,22.5,25.0,-2.5,22.5,0.0,BLOCKED,FULL_POWER,FULL_POWER,100,BLOCKED,1.0,POWER_DOWN,NORMAL,,0.0,0.0,72.0,24.8625,3.5008684297520665,474.97750479338845,0.0933793657323427,3,20,CVaR/ML global KPI -> energy recommendation -> App1 KPI -> rApp mitigation,CÂMERA SLA: Throughput 22.5Mbps < 25Mbps (mínimo),CÂMERA SLA: Throughput 22.5Mbps < 25Mbps (mínimo)
1777008680,2026-04-24 02:31:20,rApp-CVaR/ML-Arbiter,xApp1-RANSlicer,implicit,global_health_policy,App1-Vigilancia,camera_throughput_mbps,22.5,25.0,-2.5,22.5,0.0,BLOCKED,FULL_POWER,FULL_POWER,100,BLOCKED,1.0,POWER_DOWN,NORMAL,,0.0,0.0,72.0,24.8625,3.5008684297520665,474.97750479338845,0.09169899323586368,3,20,CVaR/ML global KPI -> energy recommendation -> App1 KPI -> rApp mitigation,CÂMERA SLA: Throughput 22.5Mbps < 25Mbps (mínimo),CÂMERA SLA: Throughput 22.5Mbps < 25Mbps (mínimo)
1777008685,2026-04-24 02:31:25,rApp-CVaR/ML-Arbiter,xApp1-RANSlicer,implicit,global_health_policy,App1-Vigilancia,camera_throughput_mbps,22.5,25.0,-2.5,22.5,0.0,BLOCKED,FULL_POWER,FULL_POWER,100,BLOCKED,1.0,POWER_DOWN,NORMAL,,0.0,0.0,72.25,24.8625,3.5006819834710745,474.97507966942146,0.09579361263024394,3,20,CVaR/ML global KPI -> energy recommendation -> App1 KPI -> rApp mitigation,CÂMERA SLA: Throughput 22.5Mbps < 25Mbps (mínimo),CÂMERA SLA: Throughput 22.5Mbps < 25Mbps (mínimo)
1777008690,2026-04-24 02:31:30,rApp-CVaR/ML-Arbiter,xApp1-RANSlicer,implicit,global_health_policy,App1-Vigilancia,camera_throughput_mbps,22.5,25.0,-2.5,22.5,0.0,BLOCKED,FULL_POWER,FULL_POWER,100,BLOCKED,1.0,POWER_DOWN,NORMAL,,0.0,0.0,72.25,24.8625,3.5006819834710745,474.97507966942146,0.09656155707469197,3,20,CVaR/ML global KPI -> energy recommendation -> App1 KPI -> rApp mitigation,CÂMERA SLA: Throughput 22.5Mbps < 25Mbps (mínimo),CÂMERA SLA: Throughput 22.5Mbps < 25Mbps (mínimo)
1777008695,2026-04-24 02:31:35,rApp-CVaR/ML-Arbiter,xApp1-RANSlicer,implicit,global_health_policy,App1-Vigilancia,camera_throughput_mbps,22.5,25.0,-2.5,22.5,0.0,BLOCKED,FULL_POWER,FULL_POWER,100,BLOCKED,1.0,POWER_DOWN,NORMAL,,0.0,0.0,72.5,24.8625,3.5006169421487607,474.97611900826445,0.09729098448780782,3,20,CVaR/ML global KPI -> energy recommendation -> App1 KPI -> rApp mitigation,CÂMERA SLA: Throughput 22.5Mbps < 25Mbps (mínimo),CÂMERA SLA: Throughput 22.5Mbps < 25Mbps (mínimo)
1777008700,2026-04-24 02:31:40,rApp-CVaR/ML-Arbiter,xApp1-RANSlicer,implicit,global_health_policy,App1-Vigilancia,camera_throughput_mbps,22.5,25.0,-2.5,22.5,0.0,BLOCKED,FULL_POWER,FULL_POWER,100,BLOCKED,1.0,POWER_DOWN,NORMAL,,0.0,0.0,72.75,24.8625,3.50078173553719,0.04192,0.09675297728431945,3,20,CVaR/ML global KPI -> energy recommendation -> App1 KPI -> rApp mitigation,CÂMERA SLA: Throughput 22.5Mbps < 25Mbps (mínimo),CÂMERA SLA: Throughput 22.5Mbps < 25Mbps (mínimo)
1777008705,2026-04-24 02:31:45,rApp-CVaR/ML-Arbiter,xApp1-RANSlicer,implicit,global_health_policy,App1-Vigilancia,camera_throughput_mbps,22.5,25.0,-2.5,22.5,0.0,BLOCKED,FULL_POWER,FULL_POWER,100,BLOCKED,1.0,POWER_DOWN,NORMAL,,0.0,0.0,72.75,24.8625,3.50078173553719,474.97646545454546,0.09952684840973519,3,20,CVaR/ML global KPI -> energy recommendation -> App1 KPI -> rApp mitigation,CÂMERA SLA: Throughput 22.5Mbps < 25Mbps (mínimo),CÂMERA SLA: Throughput 22.5Mbps < 25Mbps (mínimo)
1777008710,2026-04-24 02:31:50,rApp-CVaR/ML-Arbiter,xApp1-RANSlicer,implicit,global_health_policy,App1-Vigilancia,camera_throughput_mbps,22.5,25.0,-2.5,22.5,0.0,BLOCKED,FULL_POWER,FULL_POWER,100,BLOCKED,1.0,POWER_DOWN,NORMAL,,0.0,0.0,73.0,24.8625,3.500672892561983,0.16768,0.09973249100343484,3,20,CVaR/ML global KPI -> energy recommendation -> App1 KPI -> rApp mitigation,CÂMERA SLA: Throughput 22.5Mbps < 25Mbps (mínimo),CÂMERA SLA: Throughput 22.5Mbps < 25Mbps (mínimo)
1777008715,2026-04-24 02:31:55,rApp-CVaR/ML-Arbiter,xApp1-RANSlicer,implicit,global_health_policy,App1-Vigilancia,camera_throughput_mbps,22.5,25.0,-2.5,22.5,0.0,BLOCKED,FULL_POWER,FULL_POWER,100,BLOCKED,1.0,POWER_DOWN,NORMAL,,0.0,0.0,73.0,24.8625,3.500672892561983,474.9778512396694,0.10060068248993438,3,20,CVaR/ML global KPI -> energy recommendation -> App1 KPI -> rApp mitigation,CÂMERA SLA: Throughput 22.5Mbps < 25Mbps (mínimo),CÂMERA SLA: Throughput 22.5Mbps < 25Mbps (mínimo)
1777008780,2026-04-24 02:33:00,rApp-CVaR/ML-Arbiter,xApp1-RANSlicer,implicit,global_health_policy,App1-Vigilancia,camera_throughput_mbps,22.5,25.0,-2.5,,,BLOCKED,FULL_POWER,FULL_POWER,100,BLOCKED,1.0,POWER_DOWN_ECO,NORMAL,,0.0,0.0,75.0,24.8625,3.5007825619834714,0.0,0.09723043099871001,3,20,CVaR/ML global KPI -> energy recommendation -> App1 KPI -> rApp mitigation,CÂMERA SLA: Throughput 22.5Mbps < 25Mbps (mínimo),CÂMERA SLA: Throughput 22.5Mbps < 25Mbps (mínimo)
1777008785,2026-04-24 02:33:05,rApp-CVaR/ML-Arbiter,xApp1-RANSlicer,implicit,global_health_policy,App1-Vigilancia,camera_throughput_mbps,22.5,25.0,-2.5,22.5,0.0,BLOCKED,FULL_POWER,FULL_POWER,100,BLOCKED,1.0,POWER_DOWN_ECO,NORMAL,,0.0,0.0,75.0,24.8625,3.5007825619834714,474.9785441322314,0.09434317894081973,3,20,CVaR/ML global KPI -> energy recommendation -> App1 KPI -> rApp mitigation,CÂMERA SLA: Throughput 22.5Mbps < 25Mbps (mínimo),CÂMERA SLA: Throughput 22.5Mbps < 25Mbps (mínimo)
1777008790,2026-04-24 02:33:10,rApp-CVaR/ML-Arbiter,xApp1-RANSlicer,implicit,global_health_policy,App1-Vigilancia,camera_throughput_mbps,22.5,25.0,-2.5,22.5,0.0,BLOCKED,FULL_POWER,FULL_POWER,100,BLOCKED,1.0,POWER_DOWN_ECO,NORMAL,,0.0,0.0,75.25,24.8625,3.5008946280991737,0.0,0.09451644115058125,3,20,CVaR/ML global KPI -> energy recommendation -> App1 KPI -> rApp mitigation,CÂMERA SLA: Throughput 22.5Mbps < 25Mbps (mínimo),CÂMERA SLA: Throughput 22.5Mbps < 25Mbps (mínimo)
1777008795,2026-04-24 02:33:15,rApp-CVaR/ML-Arbiter,xApp1-RANSlicer,implicit,global_health_policy,App1-Vigilancia,camera_throughput_mbps,22.5,25.0,-2.5,22.5,0.0,BLOCKED,FULL_POWER,FULL_POWER,100,BLOCKED,1.0,POWER_DOWN_ECO,NORMAL,,0.0,0.0,75.25,24.8625,3.5008946280991737,474.97715834710743,0.09654001869899745,3,20,CVaR/ML global KPI -> energy recommendation -> App1 KPI -> rApp mitigation,CÂMERA SLA: Throughput 22.5Mbps < 25Mbps (mínimo),CÂMERA SLA: Throughput 22.5Mbps < 25Mbps (mínimo)
1777008800,2026-04-24 02:33:20,rApp-CVaR/ML-Arbiter,xApp1-RANSlicer,implicit,global_health_policy,App1-Vigilancia,camera_throughput_mbps,22.5,25.0,-2.5,22.5,0.0,BLOCKED,FULL_POWER,FULL_POWER,100,BLOCKED,1.0,POWER_DOWN_ECO,NORMAL,,0.0,0.0,75.5,24.8625,3.5007554545454544,474.98859107438017,0.09461239355264983,3,20,CVaR/ML global KPI -> energy recommendation -> App1 KPI -> rApp mitigation,CÂMERA SLA: Throughput 22.5Mbps < 25Mbps (mínimo),CÂMERA SLA: Throughput 22.5Mbps < 25Mbps (mínimo)
1777008805,2026-04-24 02:33:25,rApp-CVaR/ML-Arbiter,xApp1-RANSlicer,implicit,global_health_policy,App1-Vigilancia,camera_throughput_mbps,22.5,25.0,-2.5,22.5,0.0,BLOCKED,FULL_POWER,FULL_POWER,100,BLOCKED,1.0,POWER_DOWN_ECO,NORMAL,,0.0,0.0,75.5,24.8625,3.5007554545454544,474.98859107438017,0.09416657767336317,3,20,CVaR/ML global KPI -> energy recommendation -> App1 KPI -> rApp mitigation,CÂMERA SLA: Throughput 22.5Mbps < 25Mbps (mínimo),CÂMERA SLA: Throughput 22.5Mbps < 25Mbps (mínimo)
1777008810,2026-04-24 02:33:30,rApp-CVaR/ML-Arbiter,xApp1-RANSlicer,implicit,global_health_policy,App1-Vigilancia,camera_throughput_mbps,22.5,25.0,-2.5,22.5,0.0,BLOCKED,FULL_POWER,FULL_POWER,100,BLOCKED,1.0,POWER_DOWN_ECO,NORMAL,,0.0,0.0,75.75,24.8625,3.5006538016528923,474.9799299173554,0.09300122535981015,3,20,CVaR/ML global KPI -> energy recommendation -> App1 KPI -> rApp mitigation,CÂMERA SLA: Throughput 22.5Mbps < 25Mbps (mínimo),CÂMERA SLA: Throughput 22.5Mbps < 25Mbps (mínimo)
1777008815,2026-04-24 02:33:35,rApp-CVaR/ML-Arbiter,xApp1-RANSlicer,implicit,global_health_policy,App1-Vigilancia,camera_throughput_mbps,22.5,25.0,-2.5,22.5,0.0,BLOCKED,FULL_POWER,FULL_POWER,100,BLOCKED,1.0,POWER_DOWN_ECO,NORMAL,,0.0,0.0,76.0,24.8625,3.500848842975207,1.8444800000000001,0.09599123044032697,3,20,CVaR/ML global KPI -> energy recommendation -> App1 KPI -> rApp mitigation,CÂMERA SLA: Throughput 22.5Mbps < 25Mbps (mínimo),CÂMERA SLA: Throughput 22.5Mbps < 25Mbps (mínimo)
1777008820,2026-04-24 02:33:40,rApp-CVaR/ML-Arbiter,xApp1-RANSlicer,implicit,global_health_policy,App1-Vigilancia,camera_throughput_mbps,22.5,25.0,-2.5,22.5,0.0,BLOCKED,FULL_POWER,FULL_POWER,100,BLOCKED,1.0,POWER_DOWN_ECO,NORMAL,,0.0,0.0,76.0,24.8625,3.500848842975207,474.995173553719,0.09870092876493178,3,20,CVaR/ML global KPI -> energy recommendation -> App1 KPI -> rApp mitigation,CÂMERA SLA: Throughput 22.5Mbps < 25Mbps (mínimo),CÂMERA SLA: Throughput 22.5Mbps < 25Mbps (mínimo)
1777008825,2026-04-24 02:33:45,rApp-CVaR/ML-Arbiter,xApp1-RANSlicer,implicit,global_health_policy,App1-Vigilancia,camera_throughput_mbps,22.5,25.0,-2.5,22.5,0.0,BLOCKED,FULL_POWER,FULL_POWER,100,BLOCKED,1.0,POWER_DOWN_ECO,NORMAL,,0.0,0.0,76.25,24.8625,3.5007844628099174,0.0,0.09871985495550442,3,20,CVaR/ML global KPI -> energy recommendation -> App1 KPI -> rApp mitigation,CÂMERA SLA: Throughput 22.5Mbps < 25Mbps (mínimo),CÂMERA SLA: Throughput 22.5Mbps < 25Mbps (mínimo)
1777008830,2026-04-24 02:33:50,rApp-CVaR/ML-Arbiter,xApp1-RANSlicer,implicit,global_health_policy,App1-Vigilancia,camera_throughput_mbps,22.5,25.0,-2.5,22.5,0.0,BLOCKED,FULL_POWER,FULL_POWER,100,BLOCKED,1.0,POWER_DOWN_ECO,NORMAL,,0.0,0.0,76.25,24.8625,3.5007844628099174,474.98304793388434,0.09773153905860729,3,20,CVaR/ML global KPI -> energy recommendation -> App1 KPI -> rApp mitigation,CÂMERA SLA: Throughput 22.5Mbps < 25Mbps (mínimo),CÂMERA SLA: Throughput 22.5Mbps < 25Mbps (mínimo)
1777008835,2026-04-24 02:33:55,rApp-CVaR/ML-Arbiter,xApp1-RANSlicer,implicit,global_health_policy,App1-Vigilancia,camera_throughput_mbps,22.5,25.0,-2.5,22.5,0.0,BLOCKED,FULL_POWER,FULL_POWER,100,BLOCKED,1.0,POWER_DOWN_ECO,NORMAL,,0.0,0.0,76.5,24.8625,3.5007412396694217,474.9768119008265,0.09556818928170092,3,20,CVaR/ML global KPI -> energy recommendation -> App1 KPI -> rApp mitigation,CÂMERA SLA: Throughput 22.5Mbps < 25Mbps (mínimo),CÂMERA SLA: Throughput 22.5Mbps < 25Mbps (mínimo)
1777008900,2026-04-24 02:35:00,rApp-CVaR/ML-Arbiter,xApp1-RANSlicer,implicit,global_health_policy,App1-Vigilancia,camera_throughput_mbps,22.5,25.0,-2.5,,,BLOCKED,FULL_POWER,FULL_POWER,100,BLOCKED,1.0,POWER_DOWN_ECO,NORMAL,,0.0,0.0,78.25,24.8625,3.5006779338842975,2.01216,0.09942974763542173,3,20,CVaR/ML global KPI -> energy recommendation -> App1 KPI -> rApp mitigation,CÂMERA SLA: Throughput 22.5Mbps < 25Mbps (mínimo),CÂMERA SLA: Throughput 22.5Mbps < 25Mbps (mínimo)
1777008905,2026-04-24 02:35:05,rApp-CVaR/ML-Arbiter,xApp1-RANSlicer,implicit,global_health_policy,App1-Vigilancia,camera_throughput_mbps,22.5,25.0,-2.5,22.5,0.0,BLOCKED,FULL_POWER,FULL_POWER,100,BLOCKED,1.0,POWER_DOWN_ECO,NORMAL,,0.0,0.0,78.5,24.8625,3.5005520661157026,0.0,0.09924204551444496,3,20,CVaR/ML global KPI -> energy recommendation -> App1 KPI -> rApp mitigation,CÂMERA SLA: Throughput 22.5Mbps < 25Mbps (mínimo),CÂMERA SLA: Throughput 22.5Mbps < 25Mbps (mínimo)
1777008910,2026-04-24 02:35:10,rApp-CVaR/ML-Arbiter,xApp1-RANSlicer,implicit,global_health_policy,App1-Vigilancia,camera_throughput_mbps,22.5,25.0,-2.5,22.5,0.0,BLOCKED,FULL_POWER,FULL_POWER,100,BLOCKED,1.0,POWER_DOWN_ECO,NORMAL,,0.0,0.0,78.5,24.8625,3.5005520661157026,474.9799299173554,0.09992948868825502,3,20,CVaR/ML global KPI -> energy recommendation -> App1 KPI -> rApp mitigation,CÂMERA SLA: Throughput 22.5Mbps < 25Mbps (mínimo),CÂMERA SLA: Throughput 22.5Mbps < 25Mbps (mínimo)
1777008915,2026-04-24 02:35:15,rApp-CVaR/ML-Arbiter,xApp1-RANSlicer,implicit,global_health_policy,App1-Vigilancia,camera_throughput_mbps,22.5,25.0,-2.5,22.5,0.0,BLOCKED,FULL_POWER,FULL_POWER,100,BLOCKED,1.0,POWER_DOWN_ECO,NORMAL,,0.0,0.0,78.75,24.8625,3.500499752066116,0.0,0.10116249273200452,3,20,CVaR/ML global KPI -> energy recommendation -> App1 KPI -> rApp mitigation,CÂMERA SLA: Throughput 22.5Mbps < 25Mbps (mínimo),CÂMERA SLA: Throughput 22.5Mbps < 25Mbps (mínimo)
1777008920,2026-04-24 02:35:20,rApp-CVaR/ML-Arbiter,xApp1-RANSlicer,implicit,global_health_policy,App1-Vigilancia,camera_throughput_mbps,22.5,25.0,-2.5,22.5,0.0,BLOCKED,FULL_POWER,FULL_POWER,100,BLOCKED,1.0,POWER_DOWN_ECO,NORMAL,,0.0,0.0,79.0,24.8625,3.50058652892562,0.50304,0.0991071283301874,3,20,CVaR/ML global KPI -> energy recommendation -> App1 KPI -> rApp mitigation,CÂMERA SLA: Throughput 22.5Mbps < 25Mbps (mínimo),CÂMERA SLA: Throughput 22.5Mbps < 25Mbps (mínimo)
1777008925,2026-04-24 02:35:25,rApp-CVaR/ML-Arbiter,xApp1-RANSlicer,implicit,global_health_policy,App1-Vigilancia,camera_throughput_mbps,22.5,25.0,-2.5,22.5,0.0,BLOCKED,FULL_POWER,FULL_POWER,100,BLOCKED,1.0,POWER_DOWN_ECO,NORMAL,,0.0,0.0,79.0,24.8625,3.50058652892562,474.9802763636364,0.09578456169670975,3,20,CVaR/ML global KPI -> energy recommendation -> App1 KPI -> rApp mitigation,CÂMERA SLA: Throughput 22.5Mbps < 25Mbps (mínimo),CÂMERA SLA: Throughput 22.5Mbps < 25Mbps (mínimo)
1777008930,2026-04-24 02:35:30,rApp-CVaR/ML-Arbiter,xApp1-RANSlicer,implicit,global_health_policy,App1-Vigilancia,camera_throughput_mbps,22.5,25.0,-2.5,22.5,0.0,BLOCKED,FULL_POWER,FULL_POWER,100,BLOCKED,1.0,POWER_DOWN_ECO,NORMAL,,0.0,0.0,79.0,24.8625,3.50058652892562,474.9802763636364,0.09404204685472559,3,20,CVaR/ML global KPI -> energy recommendation -> App1 KPI -> rApp mitigation,CÂMERA SLA: Throughput 22.5Mbps < 25Mbps (mínimo),CÂMERA SLA: Throughput 22.5Mbps < 25Mbps (mínimo)
1777008935,2026-04-24 02:35:35,rApp-CVaR/ML-Arbiter,xApp1-RANSlicer,implicit,global_health_policy,App1-Vigilancia,camera_throughput_mbps,22.5,25.0,-2.5,22.5,0.0,BLOCKED,FULL_POWER,FULL_POWER,100,BLOCKED,1.0,POWER_DOWN_ECO,NORMAL,,0.0,0.0,79.25,24.8625,3.5007664462809918,474.97715834710743,0.09347823663270165,3,20,CVaR/ML global KPI -> energy recommendation -> App1 KPI -> rApp mitigation,CÂMERA SLA: Throughput 22.5Mbps < 25Mbps (mínimo),CÂMERA SLA: Throughput 22.5Mbps < 25Mbps (mínimo)
1777008940,2026-04-24 02:35:40,rApp-CVaR/ML-Arbiter,xApp1-RANSlicer,implicit,global_health_policy,App1-Vigilancia,camera_throughput_mbps,22.5,25.0,-2.5,22.5,0.0,BLOCKED,FULL_POWER,FULL_POWER,100,BLOCKED,1.0,POWER_DOWN_ECO,NORMAL,,0.0,0.0,79.5,24.8625,3.5006802479338845,0.0,0.09792739415606276,3,20,CVaR/ML global KPI -> energy recommendation -> App1 KPI -> rApp mitigation,CÂMERA SLA: Throughput 22.5Mbps < 25Mbps (mínimo),CÂMERA SLA: Throughput 22.5Mbps < 25Mbps (mínimo)
1777008945,2026-04-24 02:35:45,rApp-CVaR/ML-Arbiter,xApp1-RANSlicer,implicit,global_health_policy,App1-Vigilancia,camera_throughput_mbps,22.5,25.0,-2.5,22.5,0.0,BLOCKED,FULL_POWER,FULL_POWER,100,BLOCKED,1.0,POWER_DOWN_ECO,NORMAL,,0.0,0.0,79.5,24.8625,3.5006802479338845,474.97646545454546,0.09769809964694377,3,20,CVaR/ML global KPI -> energy recommendation -> App1 KPI -> rApp mitigation,CÂMERA SLA: Throughput 22.5Mbps < 25Mbps (mínimo),CÂMERA SLA: Throughput 22.5Mbps < 25Mbps (mínimo)
1777008950,2026-04-24 02:35:50,rApp-CVaR/ML-Arbiter,xApp1-RANSlicer,implicit,global_health_policy,App1-Vigilancia,camera_throughput_mbps,22.5,25.0,-2.5,22.5,0.0,BLOCKED,FULL_POWER,FULL_POWER,100,BLOCKED,1.0,POWER_DOWN_ECO,NORMAL,,0.0,0.0,79.75,24.8625,3.5009139669421487,474.97611900826445,0.09863870245854515,3,20,CVaR/ML global KPI -> energy recommendation -> App1 KPI -> rApp mitigation,CÂMERA SLA: Throughput 22.5Mbps < 25Mbps (mínimo),CÂMERA SLA: Throughput 22.5Mbps < 25Mbps (mínimo)
1777008955,2026-04-24 02:35:55,rApp-CVaR/ML-Arbiter,xApp1-RANSlicer,implicit,global_health_policy,App1-Vigilancia,camera_throughput_mbps,22.5,25.0,-2.5,22.5,0.0,BLOCKED,FULL_POWER,FULL_POWER,100,BLOCKED,1.0,POWER_DOWN_ECO,NORMAL,,0.0,0.0,79.75,24.8625,3.5009139669421487,474.97611900826445,0.09840374115097184,3,20,CVaR/ML global KPI -> energy recommendation -> App1 KPI -> rApp mitigation,CÂMERA SLA: Throughput 22.5Mbps < 25Mbps (mínimo),CÂMERA SLA: Throughput 22.5Mbps < 25Mbps (mínimo)
1777009020,2026-04-24 02:37:00,rApp-CVaR/ML-Arbiter,xApp1-RANSlicer,implicit,global_health_policy,App1-Vigilancia,camera_throughput_mbps,22.5,25.0,-2.5,,,BLOCKED,FULL_POWER,FULL_POWER,100,BLOCKED,1.0,POWER_DOWN_ECO,NORMAL,,0.0,0.0,81.75,24.8625,3.5007261983471074,0.04192,0.09877457959966386,3,20,CVaR/ML global KPI -> energy recommendation -> App1 KPI -> rApp mitigation,CÂMERA SLA: Throughput 22.5Mbps < 25Mbps (mínimo),CÂMERA SLA: Throughput 22.5Mbps < 25Mbps (mínimo)
1777009025,2026-04-24 02:37:05,rApp-CVaR/ML-Arbiter,xApp1-RANSlicer,implicit,global_health_policy,App1-Vigilancia,camera_throughput_mbps,22.5,25.0,-2.5,22.5,0.0,BLOCKED,FULL_POWER,FULL_POWER,100,BLOCKED,1.0,POWER_DOWN_ECO,NORMAL,,0.0,0.0,81.75,24.8625,3.5007261983471074,474.97404033057853,0.10202738779643628,3,20,CVaR/ML global KPI -> energy recommendation -> App1 KPI -> rApp mitigation,CÂMERA SLA: Throughput 22.5Mbps < 25Mbps (mínimo),CÂMERA SLA: Throughput 22.5Mbps < 25Mbps (mínimo)
1777009030,2026-04-24 02:37:10,rApp-CVaR/ML-Arbiter,xApp1-RANSlicer,implicit,global_health_policy,App1-Vigilancia,camera_throughput_mbps,22.5,25.0,-2.5,22.5,0.0,BLOCKED,FULL_POWER,FULL_POWER,100,BLOCKED,1.0,POWER_DOWN_ECO,NORMAL,,0.0,0.0,82.0,24.8625,3.5007900000000003,0.08384,0.10097625429314348,3,20,CVaR/ML global KPI -> energy recommendation -> App1 KPI -> rApp mitigation,CÂMERA SLA: Throughput 22.5Mbps < 25Mbps (mínimo),CÂMERA SLA: Throughput 22.5Mbps < 25Mbps (mínimo)
1777009035,2026-04-24 02:37:15,rApp-CVaR/ML-Arbiter,xApp1-RANSlicer,implicit,global_health_policy,App1-Vigilancia,camera_throughput_mbps,22.5,25.0,-2.5,22.5,0.0,BLOCKED,FULL_POWER,FULL_POWER,100,BLOCKED,1.0,POWER_DOWN_ECO,NORMAL,,0.0,0.0,82.25,24.8625,3.500716611570248,0.0,0.10581803618452115,3,20,CVaR/ML global KPI -> energy recommendation -> App1 KPI -> rApp mitigation,CÂMERA SLA: Throughput 22.5Mbps < 25Mbps (mínimo),CÂMERA SLA: Throughput 22.5Mbps < 25Mbps (mínimo)
1777009040,2026-04-24 02:37:20,rApp-CVaR/ML-Arbiter,xApp1-RANSlicer,implicit,global_health_policy,App1-Vigilancia,camera_throughput_mbps,22.5,25.0,-2.5,22.5,0.0,BLOCKED,FULL_POWER,FULL_POWER,100,BLOCKED,1.0,POWER_DOWN_ECO,NORMAL,,0.0,0.0,82.25,24.8625,3.500716611570248,474.9723080991735,0.10306683394857527,3,20,CVaR/ML global KPI -> energy recommendation -> App1 KPI -> rApp mitigation,CÂMERA SLA: Throughput 22.5Mbps < 25Mbps (mínimo),CÂMERA SLA: Throughput 22.5Mbps < 25Mbps (mínimo)
1777009045,2026-04-24 02:37:25,rApp-CVaR/ML-Arbiter,xApp1-RANSlicer,implicit,global_health_policy,App1-Vigilancia,camera_throughput_mbps,22.5,25.0,-2.5,22.5,0.0,BLOCKED,FULL_POWER,FULL_POWER,100,BLOCKED,1.0,POWER_DOWN_ECO,NORMAL,,0.0,0.0,82.5,24.8625,3.50064652892562,0.0,0.09797751765893194,3,20,CVaR/ML global KPI -> energy recommendation -> App1 KPI -> rApp mitigation,CÂMERA SLA: Throughput 22.5Mbps < 25Mbps (mínimo),CÂMERA SLA: Throughput 22.5Mbps < 25Mbps (mínimo)
1777009050,2026-04-24 02:37:30,rApp-CVaR/ML-Arbiter,xApp1-RANSlicer,implicit,global_health_policy,App1-Vigilancia,camera_throughput_mbps,22.5,25.0,-2.5,22.5,0.0,BLOCKED,FULL_POWER,FULL_POWER,100,BLOCKED,1.0,POWER_DOWN_ECO,NORMAL,,0.0,0.0,82.5,24.8625,3.50064652892562,474.9723080991735,0.10163698073972957,3,20,CVaR/ML global KPI -> energy recommendation -> App1 KPI -> rApp mitigation,CÂMERA SLA: Throughput 22.5Mbps < 25Mbps (mínimo),CÂMERA SLA: Throughput 22.5Mbps < 25Mbps (mínimo)
1777009055,2026-04-24 02:37:35,rApp-CVaR/ML-Arbiter,xApp1-RANSlicer,implicit,global_health_policy,App1-Vigilancia,camera_throughput_mbps,22.5,25.0,-2.5,22.5,0.0,BLOCKED,FULL_POWER,FULL_POWER,100,BLOCKED,1.0,POWER_DOWN_ECO,NORMAL,,0.0,0.0,82.75,24.8625,3.500753140495868,2.22176,0.1022184724496111,3,20,CVaR/ML global KPI -> energy recommendation -> App1 KPI -> rApp mitigation,CÂMERA SLA: Throughput 22.5Mbps < 25Mbps (mínimo),CÂMERA SLA: Throughput 22.5Mbps < 25Mbps (mínimo)
1777009060,2026-04-24 02:37:40,rApp-CVaR/ML-Arbiter,xApp1-RANSlicer,implicit,global_health_policy,App1-Vigilancia,camera_throughput_mbps,22.5,25.0,-2.5,22.5,0.0,BLOCKED,FULL_POWER,FULL_POWER,100,BLOCKED,1.0,POWER_DOWN_ECO,NORMAL,,0.0,0.0,82.75,24.8625,3.500753140495868,474.99066975206614,0.10386556031902079,3,20,CVaR/ML global KPI -> energy recommendation -> App1 KPI -> rApp mitigation,CÂMERA SLA: Throughput 22.5Mbps < 25Mbps (mínimo),CÂMERA SLA: Throughput 22.5Mbps < 25Mbps (mínimo)
1777009065,2026-04-24 02:37:45,rApp-CVaR/ML-Arbiter,xApp1-RANSlicer,implicit,global_health_policy,App1-Vigilancia,camera_throughput_mbps,22.5,25.0,-2.5,22.5,0.0,BLOCKED,FULL_POWER,FULL_POWER,100,BLOCKED,1.0,POWER_DOWN_ECO,NORMAL,,0.0,0.0,83.0,24.8625,3.5009686776859508,474.9757725619835,0.10409623233682634,3,20,CVaR/ML global KPI -> energy recommendation -> App1 KPI -> rApp mitigation,CÂMERA SLA: Throughput 22.5Mbps < 25Mbps (mínimo),CÂMERA SLA: Throughput 22.5Mbps < 25Mbps (mínimo)
1777009070,2026-04-24 02:37:50,rApp-CVaR/ML-Arbiter,xApp1-RANSlicer,implicit,global_health_policy,App1-Vigilancia,camera_throughput_mbps,22.5,25.0,-2.5,22.5,0.0,BLOCKED,FULL_POWER,FULL_POWER,100,BLOCKED,1.0,POWER_DOWN_ECO,NORMAL,,0.0,0.0,83.0,24.8625,3.5009686776859508,474.9757725619835,0.10374818008405735,3,20,CVaR/ML global KPI -> energy recommendation -> App1 KPI -> rApp mitigation,CÂMERA SLA: Throughput 22.5Mbps < 25Mbps (mínimo),CÂMERA SLA: Throughput 22.5Mbps < 25Mbps (mínimo)
1777009075,2026-04-24 02:37:55,rApp-CVaR/ML-Arbiter,xApp1-RANSlicer,implicit,global_health_policy,App1-Vigilancia,camera_throughput_mbps,22.5,25.0,-2.5,22.5,0.0,BLOCKED,FULL_POWER,FULL_POWER,100,BLOCKED,1.0,POWER_DOWN_ECO,NORMAL,,0.0,0.0,83.25,24.8625,3.5010709917355376,474.98616595041324,0.10504856470514397,3,20,CVaR/ML global KPI -> energy recommendation -> App1 KPI -> rApp mitigation,CÂMERA SLA: Throughput 22.5Mbps < 25Mbps (mínimo),CÂMERA SLA: Throughput 22.5Mbps < 25Mbps (mínimo)
1777009140,2026-04-24 02:39:00,rApp-CVaR/ML-Arbiter,xApp1-RANSlicer,implicit,global_health_policy,App1-Vigilancia,camera_throughput_mbps,22.5,25.0,-2.5,,,BLOCKED,FULL_POWER,FULL_POWER,100,BLOCKED,1.0,POWER_DOWN_ECO,NORMAL,,0.0,0.0,85.0,24.8625,3.5003419008264465,474.98512661157025,0.10059329888983068,3,20,CVaR/ML global KPI -> energy recommendation -> App1 KPI -> rApp mitigation,CÂMERA SLA: Throughput 22.5Mbps < 25Mbps (mínimo),CÂMERA SLA: Throughput 22.5Mbps < 25Mbps (mínimo)
1777009145,2026-04-24 02:39:05,rApp-CVaR/ML-Arbiter,xApp1-RANSlicer,implicit,global_health_policy,App1-Vigilancia,camera_throughput_mbps,22.5,25.0,-2.5,22.5,0.0,BLOCKED,FULL_POWER,FULL_POWER,100,BLOCKED,1.0,POWER_DOWN_ECO,NORMAL,,0.0,0.0,85.25,24.8625,3.500557355371901,0.0,0.09910708768605171,3,20,CVaR/ML global KPI -> energy recommendation -> App1 KPI -> rApp mitigation,CÂMERA SLA: Throughput 22.5Mbps < 25Mbps (mínimo),CÂMERA SLA: Throughput 22.5Mbps < 25Mbps (mínimo)
1777009150,2026-04-24 02:39:10,rApp-CVaR/ML-Arbiter,xApp1-RANSlicer,implicit,global_health_policy,App1-Vigilancia,camera_throughput_mbps,22.5,25.0,-2.5,22.5,0.0,BLOCKED,FULL_POWER,FULL_POWER,100,BLOCKED,1.0,POWER_DOWN_ECO,NORMAL,,0.0,0.0,85.5,24.8625,3.5004089256198343,2.096,0.10188189967844691,3,20,CVaR/ML global KPI -> energy recommendation -> App1 KPI -> rApp mitigation,CÂMERA SLA: Throughput 22.5Mbps < 25Mbps (mínimo),CÂMERA SLA: Throughput 22.5Mbps < 25Mbps (mínimo)
1777009155,2026-04-24 02:39:15,rApp-CVaR/ML-Arbiter,xApp1-RANSlicer,implicit,global_health_policy,App1-Vigilancia,camera_throughput_mbps,22.5,25.0,-2.5,22.5,0.0,BLOCKED,FULL_POWER,FULL_POWER,100,BLOCKED,1.0,POWER_DOWN_ECO,NORMAL,,0.0,0.0,85.5,24.8625,3.5004089256198343,474.99274842975206,0.10264735074732771,3,20,CVaR/ML global KPI -> energy recommendation -> App1 KPI -> rApp mitigation,CÂMERA SLA: Throughput 22.5Mbps < 25Mbps (mínimo),CÂMERA SLA: Throughput 22.5Mbps < 25Mbps (mínimo)
1777009160,2026-04-24 02:39:20,rApp-CVaR/ML-Arbiter,xApp1-RANSlicer,implicit,global_health_policy,App1-Vigilancia,camera_throughput_mbps,22.5,25.0,-2.5,22.5,0.0,BLOCKED,FULL_POWER,FULL_POWER,100,BLOCKED,1.0,POWER_DOWN_ECO,NORMAL,,0.0,0.0,85.75,24.8625,3.5003101652892563,0.0,0.10136132040472104,3,20,CVaR/ML global KPI -> energy recommendation -> App1 KPI -> rApp mitigation,CÂMERA SLA: Throughput 22.5Mbps < 25Mbps (mínimo),CÂMERA SLA: Throughput 22.5Mbps < 25Mbps (mínimo)
1777009165,2026-04-24 02:39:25,rApp-CVaR/ML-Arbiter,xApp1-RANSlicer,implicit,global_health_policy,App1-Vigilancia,camera_throughput_mbps,22.5,25.0,-2.5,22.5,0.0,BLOCKED,FULL_POWER,FULL_POWER,100,BLOCKED,1.0,POWER_DOWN_ECO,NORMAL,,0.0,0.0,85.75,24.8625,3.5003101652892563,474.9813157024793,0.10019722693423708,3,20,CVaR/ML global KPI -> energy recommendation -> App1 KPI -> rApp mitigation,CÂMERA SLA: Throughput 22.5Mbps < 25Mbps (mínimo),CÂMERA SLA: Throughput 22.5Mbps < 25Mbps (mínimo)
1777009170,2026-04-24 02:39:30,rApp-CVaR/ML-Arbiter,xApp1-RANSlicer,implicit,global_health_policy,App1-Vigilancia,camera_throughput_mbps,22.5,25.0,-2.5,22.5,0.0,BLOCKED,FULL_POWER,FULL_POWER,100,BLOCKED,1.0,POWER_DOWN_ECO,NORMAL,,0.0,0.0,86.0,24.8625,3.5004761983471075,0.0,0.09877435772438342,3,20,CVaR/ML global KPI -> energy recommendation -> App1 KPI -> rApp mitigation,CÂMERA SLA: Throughput 22.5Mbps < 25Mbps (mínimo),CÂMERA SLA: Throughput 22.5Mbps < 25Mbps (mínimo)
1777009175,2026-04-24 02:39:35,rApp-CVaR/ML-Arbiter,xApp1-RANSlicer,implicit,global_health_policy,App1-Vigilancia,camera_throughput_mbps,22.5,25.0,-2.5,22.5,0.0,BLOCKED,FULL_POWER,FULL_POWER,100,BLOCKED,1.0,POWER_DOWN_ECO,NORMAL,,0.0,0.0,86.0,24.8625,3.5004761983471075,474.97507966942146,0.09702804747350281,3,20,CVaR/ML global KPI -> energy recommendation -> App1 KPI -> rApp mitigation,CÂMERA SLA: Throughput 22.5Mbps < 25Mbps (mínimo),CÂMERA SLA: Throughput 22.5Mbps < 25Mbps (mínimo)
1777009180,2026-04-24 02:39:40,rApp-CVaR/ML-Arbiter,xApp1-RANSlicer,implicit,global_health_policy,App1-Vigilancia,camera_throughput_mbps,22.5,25.0,-2.5,22.5,0.0,BLOCKED,FULL_POWER,FULL_POWER,100,BLOCKED,1.0,POWER_DOWN_ECO,NORMAL,,0.0,0.0,86.25,24.8625,3.5003976859504133,0.16768,0.09712144134462584,3,20,CVaR/ML global KPI -> energy recommendation -> App1 KPI -> rApp mitigation,CÂMERA SLA: Throughput 22.5Mbps < 25Mbps (mínimo),CÂMERA SLA: Throughput 22.5Mbps < 25Mbps (mínimo)
1777009185,2026-04-24 02:39:45,rApp-CVaR/ML-Arbiter,xApp1-RANSlicer,implicit,global_health_policy,App1-Vigilancia,camera_throughput_mbps,22.5,25.0,-2.5,22.5,0.0,BLOCKED,FULL_POWER,FULL_POWER,100,BLOCKED,1.0,POWER_DOWN_ECO,NORMAL,,0.0,0.0,86.5,24.8625,3.500546363636363,0.0,0.09255201875463806,3,20,CVaR/ML global KPI -> energy recommendation -> App1 KPI -> rApp mitigation,CÂMERA SLA: Throughput 22.5Mbps < 25Mbps (mínimo),CÂMERA SLA: Throughput 22.5Mbps < 25Mbps (mínimo)
1777009190,2026-04-24 02:39:50,rApp-CVaR/ML-Arbiter,xApp1-RANSlicer,implicit,global_health_policy,App1-Vigilancia,camera_throughput_mbps,22.5,25.0,-2.5,22.5,0.0,BLOCKED,FULL_POWER,FULL_POWER,100,BLOCKED,1.0,POWER_DOWN_ECO,NORMAL,,0.0,0.0,86.5,24.8625,3.500546363636363,474.97646545454546,0.09479443380803504,3,20,CVaR/ML global KPI -> energy recommendation -> App1 KPI -> rApp mitigation,CÂMERA SLA: Throughput 22.5Mbps < 25Mbps (mínimo),CÂMERA SLA: Throughput 22.5Mbps < 25Mbps (mínimo)
1777009195,2026-04-24 02:39:55,rApp-CVaR/ML-Arbiter,xApp1-RANSlicer,implicit,global_health_policy,App1-Vigilancia,camera_throughput_mbps,22.5,25.0,-2.5,22.5,0.0,BLOCKED,FULL_POWER,FULL_POWER,100,BLOCKED,1.0,POWER_DOWN_ECO,NORMAL,,0.0,0.0,86.75,24.8625,3.5004009917355376,0.0,0.09808140906015483,3,20,CVaR/ML global KPI -> energy recommendation -> App1 KPI -> rApp mitigation,CÂMERA SLA: Throughput 22.5Mbps < 25Mbps (mínimo),CÂMERA SLA: Throughput 22.5Mbps < 25Mbps (mínimo)
1777009260,2026-04-24 02:41:00,rApp-CVaR/ML-Arbiter,xApp1-RANSlicer,implicit,global_health_policy,App1-Vigilancia,camera_throughput_mbps,22.5,25.0,-2.5,,,BLOCKED,FULL_POWER,FULL_POWER,100,BLOCKED,1.0,POWER_DOWN_ECO,NORMAL,,0.0,0.0,88.5,24.8625,3.5008070247933887,0.33536,0.10056945853926867,3,20,CVaR/ML global KPI -> energy recommendation -> App1 KPI -> rApp mitigation,CÂMERA SLA: Throughput 22.5Mbps < 25Mbps (mínimo),CÂMERA SLA: Throughput 22.5Mbps < 25Mbps (mínimo)
1777009265,2026-04-24 02:41:05,rApp-CVaR/ML-Arbiter,xApp1-RANSlicer,implicit,global_health_policy,App1-Vigilancia,camera_throughput_mbps,22.5,25.0,-2.5,22.5,0.0,BLOCKED,FULL_POWER,FULL_POWER,100,BLOCKED,1.0,POWER_DOWN_ECO,NORMAL,,0.0,0.0,88.5,24.8625,3.5008070247933887,474.9778512396694,0.10195608868706686,3,20,CVaR/ML global KPI -> energy recommendation -> App1 KPI -> rApp mitigation,CÂMERA SLA: Throughput 22.5Mbps < 25Mbps (mínimo),CÂMERA SLA: Throughput 22.5Mbps < 25Mbps (mínimo)
1777009270,2026-04-24 02:41:10,rApp-CVaR/ML-Arbiter,xApp1-RANSlicer,implicit,global_health_policy,App1-Vigilancia,camera_throughput_mbps,22.5,25.0,-2.5,22.5,0.0,BLOCKED,FULL_POWER,FULL_POWER,100,BLOCKED,1.0,POWER_DOWN_ECO,NORMAL,,0.0,0.0,88.75,24.8625,3.5006736363636364,0.0,0.1045943993539586,3,20,CVaR/ML global KPI -> energy recommendation -> App1 KPI -> rApp mitigation,CÂMERA SLA: Throughput 22.5Mbps < 25Mbps (mínimo),CÂMERA SLA: Throughput 22.5Mbps < 25Mbps (mínimo)
1777009275,2026-04-24 02:41:15,rApp-CVaR/ML-Arbiter,xApp1-RANSlicer,implicit,global_health_policy,App1-Vigilancia,camera_throughput_mbps,22.5,25.0,-2.5,22.5,0.0,BLOCKED,FULL_POWER,FULL_POWER,100,BLOCKED,1.0,POWER_DOWN_ECO,NORMAL,,0.0,0.0,88.75,24.8625,3.5006736363636364,474.97334743801656,0.10429822796922295,3,20,CVaR/ML global KPI -> energy recommendation -> App1 KPI -> rApp mitigation,CÂMERA SLA: Throughput 22.5Mbps < 25Mbps (mínimo),CÂMERA SLA: Throughput 22.5Mbps < 25Mbps (mínimo)
1777009280,2026-04-24 02:41:20,rApp-CVaR/ML-Arbiter,xApp1-RANSlicer,implicit,global_health_policy,App1-Vigilancia,camera_throughput_mbps,22.5,25.0,-2.5,22.5,0.0,BLOCKED,FULL_POWER,FULL_POWER,100,BLOCKED,1.0,POWER_DOWN_ECO,NORMAL,,0.0,0.0,89.0,24.8625,3.500660991735537,474.97438677685955,0.10069659596069384,3,20,CVaR/ML global KPI -> energy recommendation -> App1 KPI -> rApp mitigation,CÂMERA SLA: Throughput 22.5Mbps < 25Mbps (mínimo),CÂMERA SLA: Throughput 22.5Mbps < 25Mbps (mínimo)
1777009285,2026-04-24 02:41:25,rApp-CVaR/ML-Arbiter,xApp1-RANSlicer,implicit,global_health_policy,App1-Vigilancia,camera_throughput_mbps,22.5,25.0,-2.5,22.5,0.0,BLOCKED,FULL_POWER,FULL_POWER,100,BLOCKED,1.0,POWER_DOWN_ECO,NORMAL,,0.0,0.0,89.0,24.8625,3.500660991735537,474.97438677685955,0.10108234648173743,3,20,CVaR/ML global KPI -> energy recommendation -> App1 KPI -> rApp mitigation,CÂMERA SLA: Throughput 22.5Mbps < 25Mbps (mínimo),CÂMERA SLA: Throughput 22.5Mbps < 25Mbps (mínimo)
1777009290,2026-04-24 02:41:30,rApp-CVaR/ML-Arbiter,xApp1-RANSlicer,implicit,global_health_policy,App1-Vigilancia,camera_throughput_mbps,22.5,25.0,-2.5,22.5,0.0,BLOCKED,FULL_POWER,FULL_POWER,100,BLOCKED,1.0,POWER_DOWN_ECO,NORMAL,,0.0,0.0,89.25,24.8625,3.500390330578512,474.97265454545453,0.10025154802380651,3,20,CVaR/ML global KPI -> energy recommendation -> App1 KPI -> rApp mitigation,CÂMERA SLA: Throughput 22.5Mbps < 25Mbps (mínimo),CÂMERA SLA: Throughput 22.5Mbps < 25Mbps (mínimo)
1777009295,2026-04-24 02:41:35,rApp-CVaR/ML-Arbiter,xApp1-RANSlicer,implicit,global_health_policy,App1-Vigilancia,camera_throughput_mbps,22.5,25.0,-2.5,22.5,0.0,BLOCKED,FULL_POWER,FULL_POWER,100,BLOCKED,1.0,POWER_DOWN_ECO,NORMAL,,0.0,0.0,89.5,24.8625,3.5003055371900826,0.0,0.09820655316126993,3,20,CVaR/ML global KPI -> energy recommendation -> App1 KPI -> rApp mitigation,CÂMERA SLA: Throughput 22.5Mbps < 25Mbps (mínimo),CÂMERA SLA: Throughput 22.5Mbps < 25Mbps (mínimo)
1777009300,2026-04-24 02:41:40,rApp-CVaR/ML-Arbiter,xApp1-RANSlicer,implicit,global_health_policy,App1-Vigilancia,camera_throughput_mbps,22.5,25.0,-2.5,22.5,0.0,BLOCKED,FULL_POWER,FULL_POWER,100,BLOCKED,1.0,POWER_DOWN_ECO,NORMAL,,0.0,0.0,89.5,24.8625,3.5003055371900826,474.9723080991735,0.10038846700871755,3,20,CVaR/ML global KPI -> energy recommendation -> App1 KPI -> rApp mitigation,CÂMERA SLA: Throughput 22.5Mbps < 25Mbps (mínimo),CÂMERA SLA: Throughput 22.5Mbps < 25Mbps (mínimo)
1777009305,2026-04-24 02:41:45,rApp-CVaR/ML-Arbiter,xApp1-RANSlicer,implicit,global_health_policy,App1-Vigilancia,camera_throughput_mbps,22.5,25.0,-2.5,22.5,0.0,BLOCKED,FULL_POWER,FULL_POWER,100,BLOCKED,1.0,POWER_DOWN_ECO,NORMAL,,0.0,0.0,89.75,24.8625,3.500489090909091,0.08384,0.09638768344343542,3,20,CVaR/ML global KPI -> energy recommendation -> App1 KPI -> rApp mitigation,CÂMERA SLA: Throughput 22.5Mbps < 25Mbps (mínimo),CÂMERA SLA: Throughput 22.5Mbps < 25Mbps (mínimo)
1777009310,2026-04-24 02:41:50,rApp-CVaR/ML-Arbiter,xApp1-RANSlicer,implicit,global_health_policy,App1-Vigilancia,camera_throughput_mbps,22.5,25.0,-2.5,22.5,0.0,BLOCKED,FULL_POWER,FULL_POWER,100,BLOCKED,1.0,POWER_DOWN_ECO,NORMAL,,0.0,0.0,89.75,24.8625,3.500489090909091,474.97300099173555,0.09650171426782443,3,20,CVaR/ML global KPI -> energy recommendation -> App1 KPI -> rApp mitigation,CÂMERA SLA: Throughput 22.5Mbps < 25Mbps (mínimo),CÂMERA SLA: Throughput 22.5Mbps < 25Mbps (mínimo)
1777009315,2026-04-24 02:41:55,rApp-CVaR/ML-Arbiter,xApp1-RANSlicer,implicit,global_health_policy,App1-Vigilancia,camera_throughput_mbps,22.5,25.0,-2.5,22.5,0.0,BLOCKED,FULL_POWER,FULL_POWER,100,BLOCKED,1.0,POWER_DOWN_ECO,NORMAL,,0.0,0.0,90.0,24.8625,3.5005937190082643,2.01216,0.09492480843661773,3,20,CVaR/ML global KPI -> energy recommendation -> App1 KPI -> rApp mitigation,CÂMERA SLA: Throughput 22.5Mbps < 25Mbps (mínimo),CÂMERA SLA: Throughput 22.5Mbps < 25Mbps (mínimo)
1777009380,2026-04-24 02:43:00,rApp-CVaR/ML-Arbiter,xApp1-RANSlicer,implicit,global_health_policy,App1-Vigilancia,camera_throughput_mbps,22.5,25.0,-2.5,,,BLOCKED,FULL_POWER,FULL_POWER,100,BLOCKED,1.0,POWER_DOWN_ECO,NORMAL,,0.0,0.0,91.75,24.8625,3.500732727272727,474.97300099173555,0.09654059549175635,3,20,CVaR/ML global KPI -> energy recommendation -> App1 KPI -> rApp mitigation,CÂMERA SLA: Throughput 22.5Mbps < 25Mbps (mínimo),CÂMERA SLA: Throughput 22.5Mbps < 25Mbps (mínimo)
1777009385,2026-04-24 02:43:05,rApp-CVaR/ML-Arbiter,xApp1-RANSlicer,implicit,global_health_policy,App1-Vigilancia,camera_throughput_mbps,22.5,25.0,-2.5,22.5,0.0,BLOCKED,FULL_POWER,FULL_POWER,100,BLOCKED,1.0,POWER_DOWN_ECO,NORMAL,,0.0,0.0,92.0,24.8625,3.5008680991735535,0.0,0.09781560223642675,3,20,CVaR/ML global KPI -> energy recommendation -> App1 KPI -> rApp mitigation,CÂMERA SLA: Throughput 22.5Mbps < 25Mbps (mínimo),CÂMERA SLA: Throughput 22.5Mbps < 25Mbps (mínimo)
1777009390,2026-04-24 02:43:10,rApp-CVaR/ML-Arbiter,xApp1-RANSlicer,implicit,global_health_policy,App1-Vigilancia,camera_throughput_mbps,22.5,25.0,-2.5,22.5,0.0,BLOCKED,FULL_POWER,FULL_POWER,100,BLOCKED,1.0,POWER_DOWN_ECO,NORMAL,,0.0,0.0,92.0,24.8625,3.5008680991735535,474.9723080991735,0.09612072615863516,3,20,CVaR/ML global KPI -> energy recommendation -> App1 KPI -> rApp mitigation,CÂMERA SLA: Throughput 22.5Mbps < 25Mbps (mínimo),CÂMERA SLA: Throughput 22.5Mbps < 25Mbps (mínimo)
1777009395,2026-04-24 02:43:15,rApp-CVaR/ML-Arbiter,xApp1-RANSlicer,implicit,global_health_policy,App1-Vigilancia,camera_throughput_mbps,22.5,25.0,-2.5,22.5,0.0,BLOCKED,FULL_POWER,FULL_POWER,100,BLOCKED,1.0,POWER_DOWN_ECO,NORMAL,,0.0,0.0,92.25,24.8625,3.500785454545454,1.80256,0.09413246287074091,3,20,CVaR/ML global KPI -> energy recommendation -> App1 KPI -> rApp mitigation,CÂMERA SLA: Throughput 22.5Mbps < 25Mbps (mínimo),CÂMERA SLA: Throughput 22.5Mbps < 25Mbps (mínimo)
1777009400,2026-04-24 02:43:20,rApp-CVaR/ML-Arbiter,xApp1-RANSlicer,implicit,global_health_policy,App1-Vigilancia,camera_throughput_mbps,22.5,25.0,-2.5,22.5,0.0,BLOCKED,FULL_POWER,FULL_POWER,100,BLOCKED,1.0,POWER_DOWN_ECO,NORMAL,,0.0,0.0,92.25,24.8625,3.500785454545454,474.98720528925617,0.0920255282267353,3,20,CVaR/ML global KPI -> energy recommendation -> App1 KPI -> rApp mitigation,CÂMERA SLA: Throughput 22.5Mbps < 25Mbps (mínimo),CÂMERA SLA: Throughput 22.5Mbps < 25Mbps (mínimo)
1777009405,2026-04-24 02:43:25,rApp-CVaR/ML-Arbiter,xApp1-RANSlicer,implicit,global_health_policy,App1-Vigilancia,camera_throughput_mbps,22.5,25.0,-2.5,22.5,0.0,BLOCKED,FULL_POWER,FULL_POWER,100,BLOCKED,1.0,POWER_DOWN_ECO,NORMAL,,0.0,0.0,92.5,24.8625,3.5007743801652893,474.97265454545453,0.09391082263106734,3,20,CVaR/ML global KPI -> energy recommendation -> App1 KPI -> rApp mitigation,CÂMERA SLA: Throughput 22.5Mbps < 25Mbps (mínimo),CÂMERA SLA: Throughput 22.5Mbps < 25Mbps (mínimo)
1777009410,2026-04-24 02:43:30,rApp-CVaR/ML-Arbiter,xApp1-RANSlicer,implicit,global_health_policy,App1-Vigilancia,camera_throughput_mbps,22.5,25.0,-2.5,22.5,0.0,BLOCKED,FULL_POWER,FULL_POWER,100,BLOCKED,1.0,POWER_DOWN_ECO,NORMAL,,0.0,0.0,92.75,24.8625,3.5007593388429754,1.7606400000000002,0.09634603288802274,3,20,CVaR/ML global KPI -> energy recommendation -> App1 KPI -> rApp mitigation,CÂMERA SLA: Throughput 22.5Mbps < 25Mbps (mínimo),CÂMERA SLA: Throughput 22.5Mbps < 25Mbps (mínimo)
1777009415,2026-04-24 02:43:35,rApp-CVaR/ML-Arbiter,xApp1-RANSlicer,implicit,global_health_policy,App1-Vigilancia,camera_throughput_mbps,22.5,25.0,-2.5,22.5,0.0,BLOCKED,FULL_POWER,FULL_POWER,100,BLOCKED,1.0,POWER_DOWN_ECO,NORMAL,,0.0,0.0,92.75,24.8625,3.5007593388429754,474.98720528925617,0.09676010089335388,3,20,CVaR/ML global KPI -> energy recommendation -> App1 KPI -> rApp mitigation,CÂMERA SLA: Throughput 22.5Mbps < 25Mbps (mínimo),CÂMERA SLA: Throughput 22.5Mbps < 25Mbps (mínimo)
1777009420,2026-04-24 02:43:40,rApp-CVaR/ML-Arbiter,xApp1-RANSlicer,implicit,global_health_policy,App1-Vigilancia,camera_throughput_mbps,22.5,25.0,-2.5,22.5,0.0,BLOCKED,FULL_POWER,FULL_POWER,100,BLOCKED,1.0,POWER_DOWN_ECO,NORMAL,,0.0,0.0,93.0,24.8625,3.500697685950413,0.0,0.0976927076609008,3,20,CVaR/ML global KPI -> energy recommendation -> App1 KPI -> rApp mitigation,CÂMERA SLA: Throughput 22.5Mbps < 25Mbps (mínimo),CÂMERA SLA: Throughput 22.5Mbps < 25Mbps (mínimo)
1777009425,2026-04-24 02:43:45,rApp-CVaR/ML-Arbiter,xApp1-RANSlicer,implicit,global_health_policy,App1-Vigilancia,camera_throughput_mbps,22.5,25.0,-2.5,22.5,0.0,BLOCKED,FULL_POWER,FULL_POWER,100,BLOCKED,1.0,POWER_DOWN_ECO,NORMAL,,0.0,0.0,93.0,24.8625,3.500697685950413,474.97715834710743,0.09730099801797135,3,20,CVaR/ML global KPI -> energy recommendation -> App1 KPI -> rApp mitigation,CÂMERA SLA: Throughput 22.5Mbps < 25Mbps (mínimo),CÂMERA SLA: Throughput 22.5Mbps < 25Mbps (mínimo)
1777009430,2026-04-24 02:43:50,rApp-CVaR/ML-Arbiter,xApp1-RANSlicer,implicit,global_health_policy,App1-Vigilancia,camera_throughput_mbps,22.5,25.0,-2.5,22.5,0.0,BLOCKED,FULL_POWER,FULL_POWER,100,BLOCKED,1.0,POWER_DOWN_ECO,NORMAL,,0.0,0.0,93.25,24.8625,3.5009238016528927,0.0,0.09646424781829402,3,20,CVaR/ML global KPI -> energy recommendation -> App1 KPI -> rApp mitigation,CÂMERA SLA: Throughput 22.5Mbps < 25Mbps (mínimo),CÂMERA SLA: Throughput 22.5Mbps < 25Mbps (mínimo)
1777009435,2026-04-24 02:43:55,rApp-CVaR/ML-Arbiter,xApp1-RANSlicer,implicit,global_health_policy,App1-Vigilancia,camera_throughput_mbps,22.5,25.0,-2.5,22.5,0.0,BLOCKED,FULL_POWER,FULL_POWER,100,BLOCKED,1.0,POWER_DOWN_ECO,NORMAL,,0.0,0.0,93.25,24.8625,3.5009238016528927,474.9702294214876,0.10151557013818532,3,20,CVaR/ML global KPI -> energy recommendation -> App1 KPI -> rApp mitigation,CÂMERA SLA: Throughput 22.5Mbps < 25Mbps (mínimo),CÂMERA SLA: Throughput 22.5Mbps < 25Mbps (mínimo)
1777009500,2026-04-24 02:45:00,rApp-CVaR/ML-Arbiter,xApp1-RANSlicer,implicit,global_health_policy,App1-Vigilancia,camera_throughput_mbps,22.5,25.0,-2.5,,,BLOCKED,FULL_POWER,FULL_POWER,100,BLOCKED,1.0,FULL_POWER,NORMAL,,0.0,0.0,95.0,34.9604,3.500841570247934,474.9899768595041,0.12368793525048417,3,20,CVaR/ML global KPI -> energy recommendation -> App1 KPI -> rApp mitigation,CÂMERA SLA: Throughput 22.5Mbps < 25Mbps (mínimo),CÂMERA SLA: Throughput 22.5Mbps < 25Mbps (mínimo)
1777009505,2026-04-24 02:45:05,rApp-CVaR/ML-Arbiter,xApp1-RANSlicer,implicit,global_health_policy,App1-Vigilancia,camera_throughput_mbps,22.5,25.0,-2.5,22.5,0.0,BLOCKED,FULL_POWER,FULL_POWER,100,BLOCKED,1.0,FULL_POWER,NORMAL,,0.0,0.0,95.25,34.9604,3.500928925619835,0.0,0.13505330645634828,3,20,CVaR/ML global KPI -> energy recommendation -> App1 KPI -> rApp mitigation,CÂMERA SLA: Throughput 22.5Mbps < 25Mbps (mínimo),CÂMERA SLA: Throughput 22.5Mbps < 25Mbps (mínimo)
1777009510,2026-04-24 02:45:10,rApp-CVaR/ML-Arbiter,xApp1-RANSlicer,implicit,global_health_policy,App1-Vigilancia,camera_throughput_mbps,22.5,25.0,-2.5,22.5,0.0,BLOCKED,FULL_POWER,FULL_POWER,100,BLOCKED,1.0,FULL_POWER,NORMAL,,0.0,0.0,95.25,34.9604,3.500928925619835,474.9646862809917,0.14057014810124965,3,20,CVaR/ML global KPI -> energy recommendation -> App1 KPI -> rApp mitigation,CÂMERA SLA: Throughput 22.5Mbps < 25Mbps (mínimo),CÂMERA SLA: Throughput 22.5Mbps < 25Mbps (mínimo)
1777009515,2026-04-24 02:45:15,rApp-CVaR/ML-Arbiter,xApp1-RANSlicer,implicit,global_health_policy,App1-Vigilancia,camera_throughput_mbps,22.5,25.0,-2.5,22.5,0.0,BLOCKED,FULL_POWER,FULL_POWER,100,BLOCKED,1.0,FULL_POWER,NORMAL,,0.0,0.0,95.5,34.9604,3.5009131404958675,1.29952,0.1454885700101409,3,20,CVaR/ML global KPI -> energy recommendation -> App1 KPI -> rApp mitigation,CÂMERA SLA: Throughput 22.5Mbps < 25Mbps (mínimo),CÂMERA SLA: Throughput 22.5Mbps < 25Mbps (mínimo)
1777009520,2026-04-24 02:45:20,rApp-CVaR/ML-Arbiter,xApp1-RANSlicer,implicit,global_health_policy,App1-Vigilancia,camera_throughput_mbps,22.5,25.0,-2.5,22.5,0.0,BLOCKED,FULL_POWER,FULL_POWER,100,BLOCKED,1.0,FULL_POWER,NORMAL,,0.0,0.0,95.5,34.9604,3.5009131404958675,474.9754261157025,0.15374576809378027,3,20,CVaR/ML global KPI -> energy recommendation -> App1 KPI -> rApp mitigation,CÂMERA SLA: Throughput 22.5Mbps < 25Mbps (mínimo),CÂMERA SLA: Throughput 22.5Mbps < 25Mbps (mínimo)
1777009525,2026-04-24 02:45:25,rApp-CVaR/ML-Arbiter,xApp1-RANSlicer,implicit,global_health_policy,App1-Vigilancia,camera_throughput_mbps,22.5,25.0,-2.5,22.5,0.0,BLOCKED,FULL_POWER,FULL_POWER,100,BLOCKED,1.0,FULL_POWER,NORMAL,,0.0,0.0,95.75,34.9604,3.5008269421487603,0.37727999999999995,0.15709817890863903,3,20,CVaR/ML global KPI -> energy recommendation -> App1 KPI -> rApp mitigation,CÂMERA SLA: Throughput 22.5Mbps < 25Mbps (mínimo),CÂMERA SLA: Throughput 22.5Mbps < 25Mbps (mínimo)
1777009530,2026-04-24 02:45:30,rApp-CVaR/ML-Arbiter,xApp1-RANSlicer,implicit,global_health_policy,App1-Vigilancia,camera_throughput_mbps,22.5,25.0,-2.5,22.5,0.0,BLOCKED,FULL_POWER,FULL_POWER,100,BLOCKED,1.0,FULL_POWER,NORMAL,,0.0,0.0,95.75,34.9604,3.5008269421487603,474.9785441322314,0.15497882281343198,3,20,CVaR/ML global KPI -> energy recommendation -> App1 KPI -> rApp mitigation,CÂMERA SLA: Throughput 22.5Mbps < 25Mbps (mínimo),CÂMERA SLA: Throughput 22.5Mbps < 25Mbps (mínimo)
1777009535,2026-04-24 02:45:35,rApp-CVaR/ML-Arbiter,xApp1-RANSlicer,implicit,global_health_policy,App1-Vigilancia,camera_throughput_mbps,22.5,25.0,-2.5,22.5,0.0,BLOCKED,FULL_POWER,FULL_POWER,100,BLOCKED,1.0,FULL_POWER,NORMAL,,0.0,0.0,96.0,34.9604,3.500975785123967,474.97438677685955,0.15301555497401845,3,20,CVaR/ML global KPI -> energy recommendation -> App1 KPI -> rApp mitigation,CÂMERA SLA: Throughput 22.5Mbps < 25Mbps (mínimo),CÂMERA SLA: Throughput 22.5Mbps < 25Mbps (mínimo)
1777009540,2026-04-24 02:45:40,rApp-CVaR/ML-Arbiter,xApp1-RANSlicer,implicit,global_health_policy,App1-Vigilancia,camera_throughput_mbps,22.5,25.0,-2.5,22.5,0.0,BLOCKED,FULL_POWER,FULL_POWER,100,BLOCKED,1.0,FULL_POWER,NORMAL,,0.0,0.0,96.25,34.9604,3.5009026446280997,0.04192,0.15074717146207037,3,20,CVaR/ML global KPI -> energy recommendation -> App1 KPI -> rApp mitigation,CÂMERA SLA: Throughput 22.5Mbps < 25Mbps (mínimo),CÂMERA SLA: Throughput 22.5Mbps < 25Mbps (mínimo)
1777009545,2026-04-24 02:45:45,rApp-CVaR/ML-Arbiter,xApp1-RANSlicer,implicit,global_health_policy,App1-Vigilancia,camera_throughput_mbps,22.5,25.0,-2.5,22.5,0.0,BLOCKED,FULL_POWER,FULL_POWER,100,BLOCKED,1.0,FULL_POWER,NORMAL,,0.0,0.0,96.25,34.9604,3.5009026446280997,474.97473322314045,0.1478051381056925,3,20,CVaR/ML global KPI -> energy recommendation -> App1 KPI -> rApp mitigation,CÂMERA SLA: Throughput 22.5Mbps < 25Mbps (mínimo),CÂMERA SLA: Throughput 22.5Mbps < 25Mbps (mínimo)
1777009550,2026-04-24 02:45:50,rApp-CVaR/ML-Arbiter,xApp1-RANSlicer,implicit,global_health_policy,App1-Vigilancia,camera_throughput_mbps,22.5,25.0,-2.5,22.5,0.0,BLOCKED,FULL_POWER,FULL_POWER,100,BLOCKED,1.0,FULL_POWER,NORMAL,,0.0,0.0,96.25,34.9604,3.5009026446280997,474.97473322314045,0.1448413355604037,3,20,CVaR/ML global KPI -> energy recommendation -> App1 KPI -> rApp mitigation,CÂMERA SLA: Throughput 22.5Mbps < 25Mbps (mínimo),CÂMERA SLA: Throughput 22.5Mbps < 25Mbps (mínimo)
1777009555,2026-04-24 02:45:55,rApp-CVaR/ML-Arbiter,xApp1-RANSlicer,implicit,global_health_policy,App1-Vigilancia,camera_throughput_mbps,22.5,25.0,-2.5,22.5,0.0,BLOCKED,FULL_POWER,FULL_POWER,100,BLOCKED,1.0,FULL_POWER,NORMAL,,0.0,0.0,96.5,34.9604,3.5008310743801654,474.97438677685955,0.1412129535865271,3,20,CVaR/ML global KPI -> energy recommendation -> App1 KPI -> rApp mitigation,CÂMERA SLA: Throughput 22.5Mbps < 25Mbps (mínimo),CÂMERA SLA: Throughput 22.5Mbps < 25Mbps (mínimo)
1777009619,2026-04-24 02:46:59,rApp-CVaR/ML-Arbiter,xApp1-RANSlicer,implicit,global_health_policy,App1-Vigilancia,camera_throughput_mbps,22.5,25.0,-2.5,,,BLOCKED,FULL_POWER,FULL_POWER,100,BLOCKED,1.0,POWER_DOWN,NORMAL,,0.0,0.0,98.25,34.9604,3.5007567768595043,474.97300099173555,0.15111926458505634,3,20,CVaR/ML global KPI -> energy recommendation -> App1 KPI -> rApp mitigation,CÂMERA SLA: Throughput 22.5Mbps < 25Mbps (mínimo),CÂMERA SLA: Throughput 22.5Mbps < 25Mbps (mínimo)
1777009625,2026-04-24 02:47:05,rApp-CVaR/ML-Arbiter,xApp1-RANSlicer,implicit,global_health_policy,App1-Vigilancia,camera_throughput_mbps,22.5,25.0,-2.5,22.5,0.0,BLOCKED,FULL_POWER,FULL_POWER,100,BLOCKED,1.0,POWER_DOWN,NORMAL,,0.0,0.0,98.5,34.9604,3.5008938016528925,474.97334743801656,0.15345586506738304,3,20,CVaR/ML global KPI -> energy recommendation -> App1 KPI -> rApp mitigation,CÂMERA SLA: Throughput 22.5Mbps < 25Mbps (mínimo),CÂMERA SLA: Throughput 22.5Mbps < 25Mbps (mínimo)
1777009630,2026-04-24 02:47:10,rApp-CVaR/ML-Arbiter,xApp1-RANSlicer,implicit,global_health_policy,App1-Vigilancia,camera_throughput_mbps,22.5,25.0,-2.5,22.5,0.0,BLOCKED,FULL_POWER,FULL_POWER,100,BLOCKED,1.0,POWER_DOWN,NORMAL,,0.0,0.0,98.75,34.9604,3.5009068595041324,0.0,0.15829000911348354,3,20,CVaR/ML global KPI -> energy recommendation -> App1 KPI -> rApp mitigation,CÂMERA SLA: Throughput 22.5Mbps < 25Mbps (mínimo),CÂMERA SLA: Throughput 22.5Mbps < 25Mbps (mínimo)
1777009635,2026-04-24 02:47:15,rApp-CVaR/ML-Arbiter,xApp1-RANSlicer,implicit,global_health_policy,App1-Vigilancia,camera_throughput_mbps,22.5,25.0,-2.5,22.5,0.0,BLOCKED,FULL_POWER,FULL_POWER,100,BLOCKED,1.0,POWER_DOWN,NORMAL,,0.0,0.0,98.75,34.9604,3.5009068595041324,474.97300099173555,0.15750171303706423,3,20,CVaR/ML global KPI -> energy recommendation -> App1 KPI -> rApp mitigation,CÂMERA SLA: Throughput 22.5Mbps < 25Mbps (mínimo),CÂMERA SLA: Throughput 22.5Mbps < 25Mbps (mínimo)
1777009640,2026-04-24 02:47:20,rApp-CVaR/ML-Arbiter,xApp1-RANSlicer,implicit,global_health_policy,App1-Vigilancia,camera_throughput_mbps,22.5,25.0,-2.5,22.5,0.0,BLOCKED,FULL_POWER,FULL_POWER,100,BLOCKED,1.0,POWER_DOWN,NORMAL,,0.0,0.0,98.75,34.9604,3.5009068595041324,474.97300099173555,0.1537756727202522,3,20,CVaR/ML global KPI -> energy recommendation -> App1 KPI -> rApp mitigation,CÂMERA SLA: Throughput 22.5Mbps < 25Mbps (mínimo),CÂMERA SLA: Throughput 22.5Mbps < 25Mbps (mínimo)
1777009645,2026-04-24 02:47:25,rApp-CVaR/ML-Arbiter,xApp1-RANSlicer,implicit,global_health_policy,App1-Vigilancia,camera_throughput_mbps,22.5,25.0,-2.5,22.5,0.0,BLOCKED,FULL_POWER,FULL_POWER,100,BLOCKED,1.0,POWER_DOWN,NORMAL,,0.0,0.0,99.0,34.9604,3.500747603305785,474.97265454545453,0.14670192226226053,3,20,CVaR/ML global KPI -> energy recommendation -> App1 KPI -> rApp mitigation,CÂMERA SLA: Throughput 22.5Mbps < 25Mbps (mínimo),CÂMERA SLA: Throughput 22.5Mbps < 25Mbps (mínimo)
1777009650,2026-04-24 02:47:30,rApp-CVaR/ML-Arbiter,xApp1-RANSlicer,implicit,global_health_policy,App1-Vigilancia,camera_throughput_mbps,22.5,25.0,-2.5,22.5,0.0,BLOCKED,FULL_POWER,FULL_POWER,100,BLOCKED,1.0,POWER_DOWN,NORMAL,,0.0,0.0,99.25,34.9604,3.500675123966942,0.08384,0.14749352415378625,3,20,CVaR/ML global KPI -> energy recommendation -> App1 KPI -> rApp mitigation,CÂMERA SLA: Throughput 22.5Mbps < 25Mbps (mínimo),CÂMERA SLA: Throughput 22.5Mbps < 25Mbps (mínimo)
1777009655,2026-04-24 02:47:35,rApp-CVaR/ML-Arbiter,xApp1-RANSlicer,implicit,global_health_policy,App1-Vigilancia,camera_throughput_mbps,22.5,25.0,-2.5,22.5,0.0,BLOCKED,FULL_POWER,FULL_POWER,100,BLOCKED,1.0,POWER_DOWN,NORMAL,,0.0,0.0,99.25,34.9604,3.500675123966942,474.97334743801656,0.14601340995651332,3,20,CVaR/ML global KPI -> energy recommendation -> App1 KPI -> rApp mitigation,CÂMERA SLA: Throughput 22.5Mbps < 25Mbps (mínimo),CÂMERA SLA: Throughput 22.5Mbps < 25Mbps (mínimo)
1777009660,2026-04-24 02:47:40,rApp-CVaR/ML-Arbiter,xApp1-RANSlicer,implicit,global_health_policy,App1-Vigilancia,camera_throughput_mbps,22.5,25.0,-2.5,22.5,0.0,BLOCKED,FULL_POWER,FULL_POWER,100,BLOCKED,1.0,POWER_DOWN,NORMAL,,0.0,0.0,99.5,34.9604,3.500602066115702,474.9896304132231,0.1475598374211102,3,20,CVaR/ML global KPI -> energy recommendation -> App1 KPI -> rApp mitigation,CÂMERA SLA: Throughput 22.5Mbps < 25Mbps (mínimo),CÂMERA SLA: Throughput 22.5Mbps < 25Mbps (mínimo)
1777009665,2026-04-24 02:47:45,rApp-CVaR/ML-Arbiter,xApp1-RANSlicer,implicit,global_health_policy,App1-Vigilancia,camera_throughput_mbps,22.5,25.0,-2.5,22.5,0.0,BLOCKED,FULL_POWER,FULL_POWER,100,BLOCKED,1.0,POWER_DOWN,NORMAL,,0.0,0.0,99.75,34.9604,3.5007361983471075,0.0,0.1503265406313924,3,20,CVaR/ML global KPI -> energy recommendation -> App1 KPI -> rApp mitigation,CÂMERA SLA: Throughput 22.5Mbps < 25Mbps (mínimo),CÂMERA SLA: Throughput 22.5Mbps < 25Mbps (mínimo)
1777009670,2026-04-24 02:47:50,rApp-CVaR/ML-Arbiter,xApp1-RANSlicer,implicit,global_health_policy,App1-Vigilancia,camera_throughput_mbps,22.5,25.0,-2.5,22.5,0.0,BLOCKED,FULL_POWER,FULL_POWER,100,BLOCKED,1.0,POWER_DOWN,NORMAL,,0.0,0.0,99.75,34.9604,3.5007361983471075,474.97300099173555,0.1514005035611638,3,20,CVaR/ML global KPI -> energy recommendation -> App1 KPI -> rApp mitigation,CÂMERA SLA: Throughput 22.5Mbps < 25Mbps (mínimo),CÂMERA SLA: Throughput 22.5Mbps < 25Mbps (mínimo)
1777009675,2026-04-24 02:47:55,rApp-CVaR/ML-Arbiter,xApp1-RANSlicer,implicit,global_health_policy,App1-Vigilancia,camera_throughput_mbps,22.5,25.0,-2.5,22.5,0.0,BLOCKED,FULL_POWER,FULL_POWER,100,BLOCKED,1.0,POWER_DOWN,NORMAL,,0.0,0.0,99.75,34.9604,3.5007361983471075,474.97300099173555,0.1509472367802693,3,20,CVaR/ML global KPI -> energy recommendation -> App1 KPI -> rApp mitigation,CÂMERA SLA: Throughput 22.5Mbps < 25Mbps (mínimo),CÂMERA SLA: Throughput 22.5Mbps < 25Mbps (mínimo)
1777009739,2026-04-24 02:48:59,rApp-CVaR/ML-Arbiter,xApp1-RANSlicer,implicit,global_health_policy,App1-Vigilancia,camera_throughput_mbps,22.5,25.0,-2.5,,,BLOCKED,FULL_POWER,FULL_POWER,100,BLOCKED,1.0,POWER_DOWN,NORMAL,,0.0,0.0,101.75,34.9604,3.5003243801652895,1.6767999999999998,0.15031440849557434,3,20,CVaR/ML global KPI -> energy recommendation -> App1 KPI -> rApp mitigation,CÂMERA SLA: Throughput 22.5Mbps < 25Mbps (mínimo),CÂMERA SLA: Throughput 22.5Mbps < 25Mbps (mínimo)
1777009744,2026-04-24 02:49:04,rApp-CVaR/ML-Arbiter,xApp1-RANSlicer,implicit,global_health_policy,App1-Vigilancia,camera_throughput_mbps,22.5,25.0,-2.5,22.5,0.0,BLOCKED,FULL_POWER,FULL_POWER,100,BLOCKED,1.0,POWER_DOWN,NORMAL,,0.0,0.0,101.75,34.9604,3.5003243801652895,474.98408727272727,0.14821645849888457,3,20,CVaR/ML global KPI -> energy recommendation -> App1 KPI -> rApp mitigation,CÂMERA SLA: Throughput 22.5Mbps < 25Mbps (mínimo),CÂMERA SLA: Throughput 22.5Mbps < 25Mbps (mínimo)
1777009749,2026-04-24 02:49:09,rApp-CVaR/ML-Arbiter,xApp1-RANSlicer,implicit,global_health_policy,App1-Vigilancia,camera_throughput_mbps,22.5,25.0,-2.5,22.5,0.0,BLOCKED,FULL_POWER,FULL_POWER,100,BLOCKED,1.0,POWER_DOWN,NORMAL,,0.0,0.0,102.0,34.9604,3.500577438016529,0.0,0.15120672145588865,3,20,CVaR/ML global KPI -> energy recommendation -> App1 KPI -> rApp mitigation,CÂMERA SLA: Throughput 22.5Mbps < 25Mbps (mínimo),CÂMERA SLA: Throughput 22.5Mbps < 25Mbps (mínimo)
1777009754,2026-04-24 02:49:14,rApp-CVaR/ML-Arbiter,xApp1-RANSlicer,implicit,global_health_policy,App1-Vigilancia,camera_throughput_mbps,22.5,25.0,-2.5,22.5,0.0,BLOCKED,FULL_POWER,FULL_POWER,100,BLOCKED,1.0,POWER_DOWN,NORMAL,,0.0,0.0,102.0,34.9604,3.500577438016529,474.9712687603306,0.15079343855266597,3,20,CVaR/ML global KPI -> energy recommendation -> App1 KPI -> rApp mitigation,CÂMERA SLA: Throughput 22.5Mbps < 25Mbps (mínimo),CÂMERA SLA: Throughput 22.5Mbps < 25Mbps (mínimo)
1777009759,2026-04-24 02:49:19,rApp-CVaR/ML-Arbiter,xApp1-RANSlicer,implicit,global_health_policy,App1-Vigilancia,camera_throughput_mbps,22.5,25.0,-2.5,22.5,0.0,BLOCKED,FULL_POWER,FULL_POWER,100,BLOCKED,1.0,POWER_DOWN,NORMAL,,0.0,0.0,102.25,34.9604,3.500442479338843,1.8444800000000001,0.15242131550559537,3,20,CVaR/ML global KPI -> energy recommendation -> App1 KPI -> rApp mitigation,CÂMERA SLA: Throughput 22.5Mbps < 25Mbps (mínimo),CÂMERA SLA: Throughput 22.5Mbps < 25Mbps (mínimo)
1777009764,2026-04-24 02:49:24,rApp-CVaR/ML-Arbiter,xApp1-RANSlicer,implicit,global_health_policy,App1-Vigilancia,camera_throughput_mbps,22.5,25.0,-2.5,22.5,0.0,BLOCKED,FULL_POWER,FULL_POWER,100,BLOCKED,1.0,POWER_DOWN,NORMAL,,0.0,0.0,102.5,34.9604,3.500297851239669,0.0,0.15097953783424953,3,20,CVaR/ML global KPI -> energy recommendation -> App1 KPI -> rApp mitigation,CÂMERA SLA: Throughput 22.5Mbps < 25Mbps (mínimo),CÂMERA SLA: Throughput 22.5Mbps < 25Mbps (mínimo)
1777009769,2026-04-24 02:49:29,rApp-CVaR/ML-Arbiter,xApp1-RANSlicer,implicit,global_health_policy,App1-Vigilancia,camera_throughput_mbps,22.5,25.0,-2.5,22.5,0.0,BLOCKED,FULL_POWER,FULL_POWER,100,BLOCKED,1.0,POWER_DOWN,NORMAL,,0.0,0.0,102.5,34.9604,3.500297851239669,474.9781976859504,0.14693535734717544,3,20,CVaR/ML global KPI -> energy recommendation -> App1 KPI -> rApp mitigation,CÂMERA SLA: Throughput 22.5Mbps < 25Mbps (mínimo),CÂMERA SLA: Throughput 22.5Mbps < 25Mbps (mínimo)
1777009774,2026-04-24 02:49:34,rApp-CVaR/ML-Arbiter,xApp1-RANSlicer,implicit,global_health_policy,App1-Vigilancia,camera_throughput_mbps,22.5,25.0,-2.5,22.5,0.0,BLOCKED,FULL_POWER,FULL_POWER,100,BLOCKED,1.0,POWER_DOWN,NORMAL,,0.0,0.0,102.75,34.9604,3.5005804958677684,0.0,0.14547224071363632,3,20,CVaR/ML global KPI -> energy recommendation -> App1 KPI -> rApp mitigation,CÂMERA SLA: Throughput 22.5Mbps < 25Mbps (mínimo),CÂMERA SLA: Throughput 22.5Mbps < 25Mbps (mínimo)
1777009779,2026-04-24 02:49:39,rApp-CVaR/ML-Arbiter,xApp1-RANSlicer,implicit,global_health_policy,App1-Vigilancia,camera_throughput_mbps,22.5,25.0,-2.5,22.5,0.0,BLOCKED,FULL_POWER,FULL_POWER,100,BLOCKED,1.0,POWER_DOWN,NORMAL,,0.0,0.0,102.75,34.9604,3.5005804958677684,474.9716152066116,0.1447111189254636,3,20,CVaR/ML global KPI -> energy recommendation -> App1 KPI -> rApp mitigation,CÂMERA SLA: Throughput 22.5Mbps < 25Mbps (mínimo),CÂMERA SLA: Throughput 22.5Mbps < 25Mbps (mínimo)
1777009784,2026-04-24 02:49:44,rApp-CVaR/ML-Arbiter,xApp1-RANSlicer,implicit,global_health_policy,App1-Vigilancia,camera_throughput_mbps,22.5,25.0,-2.5,22.5,0.0,BLOCKED,FULL_POWER,FULL_POWER,100,BLOCKED,1.0,POWER_DOWN,NORMAL,,0.0,0.0,103.0,34.9604,3.5006555371900827,474.97473322314045,0.14990475598665828,3,20,CVaR/ML global KPI -> energy recommendation -> App1 KPI -> rApp mitigation,CÂMERA SLA: Throughput 22.5Mbps < 25Mbps (mínimo),CÂMERA SLA: Throughput 22.5Mbps < 25Mbps (mínimo)
1777009790,2026-04-24 02:49:50,rApp-CVaR/ML-Arbiter,xApp1-RANSlicer,implicit,global_health_policy,App1-Vigilancia,camera_throughput_mbps,22.5,25.0,-2.5,22.5,0.0,BLOCKED,FULL_POWER,FULL_POWER,100,BLOCKED,1.0,POWER_DOWN,NORMAL,,0.0,0.0,103.0,34.9604,3.5006555371900827,474.97473322314045,0.14667961621122474,3,20,CVaR/ML global KPI -> energy recommendation -> App1 KPI -> rApp mitigation,CÂMERA SLA: Throughput 22.5Mbps < 25Mbps (mínimo),CÂMERA SLA: Throughput 22.5Mbps < 25Mbps (mínimo)
1777009795,2026-04-24 02:49:55,rApp-CVaR/ML-Arbiter,xApp1-RANSlicer,implicit,global_health_policy,App1-Vigilancia,camera_throughput_mbps,22.5,25.0,-2.5,22.5,0.0,BLOCKED,FULL_POWER,FULL_POWER,100,BLOCKED,1.0,POWER_DOWN,NORMAL,,0.0,0.0,103.25,34.9604,3.500806776859504,0.0,0.142179853823459,3,20,CVaR/ML global KPI -> energy recommendation -> App1 KPI -> rApp mitigation,CÂMERA SLA: Throughput 22.5Mbps < 25Mbps (mínimo),CÂMERA SLA: Throughput 22.5Mbps < 25Mbps (mínimo)
1777009859,2026-04-24 02:50:59,rApp-CVaR/ML-Arbiter,xApp1-RANSlicer,implicit,global_health_policy,App1-Vigilancia,camera_throughput_mbps,22.5,25.0,-2.5,,,BLOCKED,FULL_POWER,FULL_POWER,100,BLOCKED,1.0,POWER_DOWN,NORMAL,,0.0,0.0,105.0,34.9604,3.500144958677686,474.96849719008264,0.14155866232844228,3,20,CVaR/ML global KPI -> energy recommendation -> App1 KPI -> rApp mitigation,CÂMERA SLA: Throughput 22.5Mbps < 25Mbps (mínimo),CÂMERA SLA: Throughput 22.5Mbps < 25Mbps (mínimo)
1777009864,2026-04-24 02:51:04,rApp-CVaR/ML-Arbiter,xApp1-RANSlicer,implicit,global_health_policy,App1-Vigilancia,camera_throughput_mbps,22.5,25.0,-2.5,22.5,0.0,BLOCKED,FULL_POWER,FULL_POWER,100,BLOCKED,1.0,POWER_DOWN,NORMAL,,0.0,0.0,105.25,34.9604,3.5003594214876035,0.54496,0.144965032998702,3,20,CVaR/ML global KPI -> energy recommendation -> App1 KPI -> rApp mitigation,CÂMERA SLA: Throughput 22.5Mbps < 25Mbps (mínimo),CÂMERA SLA: Throughput 22.5Mbps < 25Mbps (mínimo)
1777009869,2026-04-24 02:51:09,rApp-CVaR/ML-Arbiter,xApp1-RANSlicer,implicit,global_health_policy,App1-Vigilancia,camera_throughput_mbps,22.5,25.0,-2.5,22.5,0.0,BLOCKED,FULL_POWER,FULL_POWER,100,BLOCKED,1.0,POWER_DOWN,NORMAL,,0.0,0.0,105.25,34.9604,3.5003594214876035,474.97300099173555,0.1454769253926899,3,20,CVaR/ML global KPI -> energy recommendation -> App1 KPI -> rApp mitigation,CÂMERA SLA: Throughput 22.5Mbps < 25Mbps (mínimo),CÂMERA SLA: Throughput 22.5Mbps < 25Mbps (mínimo)
1777009874,2026-04-24 02:51:14,rApp-CVaR/ML-Arbiter,xApp1-RANSlicer,implicit,global_health_policy,App1-Vigilancia,camera_throughput_mbps,22.5,25.0,-2.5,22.5,0.0,BLOCKED,FULL_POWER,FULL_POWER,100,BLOCKED,1.0,POWER_DOWN,NORMAL,,0.0,0.0,105.25,34.9604,3.5003594214876035,474.97300099173555,0.14497916962651886,3,20,CVaR/ML global KPI -> energy recommendation -> App1 KPI -> rApp mitigation,CÂMERA SLA: Throughput 22.5Mbps < 25Mbps (mínimo),CÂMERA SLA: Throughput 22.5Mbps < 25Mbps (mínimo)
1777009879,2026-04-24 02:51:19,rApp-CVaR/ML-Arbiter,xApp1-RANSlicer,implicit,global_health_policy,App1-Vigilancia,camera_throughput_mbps,22.5,25.0,-2.5,22.5,0.0,BLOCKED,FULL_POWER,FULL_POWER,100,BLOCKED,1.0,POWER_DOWN,NORMAL,,0.0,0.0,105.5,34.9604,3.5003523140495867,474.9698829752066,0.14672319978868167,3,20,CVaR/ML global KPI -> energy recommendation -> App1 KPI -> rApp mitigation,CÂMERA SLA: Throughput 22.5Mbps < 25Mbps (mínimo),CÂMERA SLA: Throughput 22.5Mbps < 25Mbps (mínimo)
1777009884,2026-04-24 02:51:24,rApp-CVaR/ML-Arbiter,xApp1-RANSlicer,implicit,global_health_policy,App1-Vigilancia,camera_throughput_mbps,22.5,25.0,-2.5,22.5,0.0,BLOCKED,FULL_POWER,FULL_POWER,100,BLOCKED,1.0,POWER_DOWN,NORMAL,,0.0,0.0,105.75,34.9604,3.5002641322314054,0.0,0.14502032848247656,3,20,CVaR/ML global KPI -> energy recommendation -> App1 KPI -> rApp mitigation,CÂMERA SLA: Throughput 22.5Mbps < 25Mbps (mínimo),CÂMERA SLA: Throughput 22.5Mbps < 25Mbps (mínimo)
1777009889,2026-04-24 02:51:29,rApp-CVaR/ML-Arbiter,xApp1-RANSlicer,implicit,global_health_policy,App1-Vigilancia,camera_throughput_mbps,22.5,25.0,-2.5,22.5,0.0,BLOCKED,FULL_POWER,FULL_POWER,100,BLOCKED,1.0,POWER_DOWN,NORMAL,,0.0,0.0,105.75,34.9604,3.5002641322314054,474.9698829752066,0.14780193520400894,3,20,CVaR/ML global KPI -> energy recommendation -> App1 KPI -> rApp mitigation,CÂMERA SLA: Throughput 22.5Mbps < 25Mbps (mínimo),CÂMERA SLA: Throughput 22.5Mbps < 25Mbps (mínimo)
1777009894,2026-04-24 02:51:34,rApp-CVaR/ML-Arbiter,xApp1-RANSlicer,implicit,global_health_policy,App1-Vigilancia,camera_throughput_mbps,22.5,25.0,-2.5,22.5,0.0,BLOCKED,FULL_POWER,FULL_POWER,100,BLOCKED,1.0,POWER_DOWN,NORMAL,,0.0,0.0,106.0,34.9604,3.500473305785124,0.0,0.15125467816136853,3,20,CVaR/ML global KPI -> energy recommendation -> App1 KPI -> rApp mitigation,CÂMERA SLA: Throughput 22.5Mbps < 25Mbps (mínimo),CÂMERA SLA: Throughput 22.5Mbps < 25Mbps (mínimo)
1777009899,2026-04-24 02:51:39,rApp-CVaR/ML-Arbiter,xApp1-RANSlicer,implicit,global_health_policy,App1-Vigilancia,camera_throughput_mbps,22.5,25.0,-2.5,22.5,0.0,BLOCKED,FULL_POWER,FULL_POWER,100,BLOCKED,1.0,POWER_DOWN,NORMAL,,0.0,0.0,106.25,34.9604,3.5002358677685947,0.16768,0.15193764998059936,3,20,CVaR/ML global KPI -> energy recommendation -> App1 KPI -> rApp mitigation,CÂMERA SLA: Throughput 22.5Mbps < 25Mbps (mínimo),CÂMERA SLA: Throughput 22.5Mbps < 25Mbps (mínimo)
1777009904,2026-04-24 02:51:44,rApp-CVaR/ML-Arbiter,xApp1-RANSlicer,implicit,global_health_policy,App1-Vigilancia,camera_throughput_mbps,22.5,25.0,-2.5,22.5,0.0,BLOCKED,FULL_POWER,FULL_POWER,100,BLOCKED,1.0,POWER_DOWN,NORMAL,,0.0,0.0,106.25,34.9604,3.5002358677685947,474.9705758677686,0.14706871729138218,3,20,CVaR/ML global KPI -> energy recommendation -> App1 KPI -> rApp mitigation,CÂMERA SLA: Throughput 22.5Mbps < 25Mbps (mínimo),CÂMERA SLA: Throughput 22.5Mbps < 25Mbps (mínimo)
1777009910,2026-04-24 02:51:50,rApp-CVaR/ML-Arbiter,xApp1-RANSlicer,implicit,global_health_policy,App1-Vigilancia,camera_throughput_mbps,22.5,25.0,-2.5,22.5,0.0,BLOCKED,FULL_POWER,FULL_POWER,100,BLOCKED,1.0,POWER_DOWN,NORMAL,,0.0,0.0,106.5,34.9604,3.5002880991735537,0.0,0.14575028511265792,3,20,CVaR/ML global KPI -> energy recommendation -> App1 KPI -> rApp mitigation,CÂMERA SLA: Throughput 22.5Mbps < 25Mbps (mínimo),CÂMERA SLA: Throughput 22.5Mbps < 25Mbps (mínimo)
1777009915,2026-04-24 02:51:55,rApp-CVaR/ML-Arbiter,xApp1-RANSlicer,implicit,global_health_policy,App1-Vigilancia,camera_throughput_mbps,22.5,25.0,-2.5,22.5,0.0,BLOCKED,FULL_POWER,FULL_POWER,100,BLOCKED,1.0,POWER_DOWN,NORMAL,,0.0,0.0,106.5,34.9604,3.5002880991735537,474.9702294214876,0.1423200743054204,3,20,CVaR/ML global KPI -> energy recommendation -> App1 KPI -> rApp mitigation,CÂMERA SLA: Throughput 22.5Mbps < 25Mbps (mínimo),CÂMERA SLA: Throughput 22.5Mbps < 25Mbps (mínimo)
1777009979,2026-04-24 02:52:59,rApp-CVaR/ML-Arbiter,xApp1-RANSlicer,implicit,global_health_policy,App1-Vigilancia,camera_throughput_mbps,22.5,25.0,-2.5,,,BLOCKED,FULL_POWER,FULL_POWER,100,BLOCKED,1.0,POWER_DOWN,NORMAL,,0.0,0.0,108.25,34.9604,3.500557024793389,474.9691900826446,0.15129301895914646,3,20,CVaR/ML global KPI -> energy recommendation -> App1 KPI -> rApp mitigation,CÂMERA SLA: Throughput 22.5Mbps < 25Mbps (mínimo),CÂMERA SLA: Throughput 22.5Mbps < 25Mbps (mínimo)
1777009984,2026-04-24 02:53:04,rApp-CVaR/ML-Arbiter,xApp1-RANSlicer,implicit,global_health_policy,App1-Vigilancia,camera_throughput_mbps,22.5,25.0,-2.5,22.5,0.0,BLOCKED,FULL_POWER,FULL_POWER,100,BLOCKED,1.0,POWER_DOWN,NORMAL,,0.0,0.0,108.5,34.9604,3.5005739669421487,474.9688436363636,0.15587881010293939,3,20,CVaR/ML global KPI -> energy recommendation -> App1 KPI -> rApp mitigation,CÂMERA SLA: Throughput 22.5Mbps < 25Mbps (mínimo),CÂMERA SLA: Throughput 22.5Mbps < 25Mbps (mínimo)
1777009989,2026-04-24 02:53:09,rApp-CVaR/ML-Arbiter,xApp1-RANSlicer,implicit,global_health_policy,App1-Vigilancia,camera_throughput_mbps,22.5,25.0,-2.5,22.5,0.0,BLOCKED,FULL_POWER,FULL_POWER,100,BLOCKED,1.0,POWER_DOWN,NORMAL,,0.0,0.0,108.75,34.9604,3.5006957024793386,0.0,0.15591318394213308,3,20,CVaR/ML global KPI -> energy recommendation -> App1 KPI -> rApp mitigation,CÂMERA SLA: Throughput 22.5Mbps < 25Mbps (mínimo),CÂMERA SLA: Throughput 22.5Mbps < 25Mbps (mínimo)
1777009994,2026-04-24 02:53:14,rApp-CVaR/ML-Arbiter,xApp1-RANSlicer,implicit,global_health_policy,App1-Vigilancia,camera_throughput_mbps,22.5,25.0,-2.5,22.5,0.0,BLOCKED,FULL_POWER,FULL_POWER,100,BLOCKED,1.0,POWER_DOWN,NORMAL,,0.0,0.0,108.75,34.9604,3.5006957024793386,474.96849719008264,0.15246150080303378,3,20,CVaR/ML global KPI -> energy recommendation -> App1 KPI -> rApp mitigation,CÂMERA SLA: Throughput 22.5Mbps < 25Mbps (mínimo),CÂMERA SLA: Throughput 22.5Mbps < 25Mbps (mínimo)
1777009999,2026-04-24 02:53:19,rApp-CVaR/ML-Arbiter,xApp1-RANSlicer,implicit,global_health_policy,App1-Vigilancia,camera_throughput_mbps,22.5,25.0,-2.5,22.5,0.0,BLOCKED,FULL_POWER,FULL_POWER,100,BLOCKED,1.0,POWER_DOWN,NORMAL,,0.0,0.0,108.75,34.9604,3.5006957024793386,474.96849719008264,0.15632620435011185,3,20,CVaR/ML global KPI -> energy recommendation -> App1 KPI -> rApp mitigation,CÂMERA SLA: Throughput 22.5Mbps < 25Mbps (mínimo),CÂMERA SLA: Throughput 22.5Mbps < 25Mbps (mínimo)
1777010004,2026-04-24 02:53:24,rApp-CVaR/ML-Arbiter,xApp1-RANSlicer,implicit,global_health_policy,App1-Vigilancia,camera_throughput_mbps,22.5,25.0,-2.5,22.5,0.0,BLOCKED,FULL_POWER,FULL_POWER,100,BLOCKED,1.0,POWER_DOWN,NORMAL,,0.0,0.0,109.0,34.9604,3.500600909090909,2.22176,0.1577238170326703,3,20,CVaR/ML global KPI -> energy recommendation -> App1 KPI -> rApp mitigation,CÂMERA SLA: Throughput 22.5Mbps < 25Mbps (mínimo),CÂMERA SLA: Throughput 22.5Mbps < 25Mbps (mínimo)
1777010009,2026-04-24 02:53:29,rApp-CVaR/ML-Arbiter,xApp1-RANSlicer,implicit,global_health_policy,App1-Vigilancia,camera_throughput_mbps,22.5,25.0,-2.5,22.5,0.0,BLOCKED,FULL_POWER,FULL_POWER,100,BLOCKED,1.0,POWER_DOWN,NORMAL,,0.0,0.0,109.25,34.9604,3.5003640495867767,0.0,0.15485852006264222,3,20,CVaR/ML global KPI -> energy recommendation -> App1 KPI -> rApp mitigation,CÂMERA SLA: Throughput 22.5Mbps < 25Mbps (mínimo),CÂMERA SLA: Throughput 22.5Mbps < 25Mbps (mínimo)
1777010014,2026-04-24 02:53:34,rApp-CVaR/ML-Arbiter,xApp1-RANSlicer,implicit,global_health_policy,App1-Vigilancia,camera_throughput_mbps,22.5,25.0,-2.5,22.5,0.0,BLOCKED,FULL_POWER,FULL_POWER,100,BLOCKED,1.0,POWER_DOWN,NORMAL,,0.0,0.0,109.25,34.9604,3.5003640495867767,474.9712687603306,0.15507635745282256,3,20,CVaR/ML global KPI -> energy recommendation -> App1 KPI -> rApp mitigation,CÂMERA SLA: Throughput 22.5Mbps < 25Mbps (mínimo),CÂMERA SLA: Throughput 22.5Mbps < 25Mbps (mínimo)
1777010019,2026-04-24 02:53:39,rApp-CVaR/ML-Arbiter,xApp1-RANSlicer,implicit,global_health_policy,App1-Vigilancia,camera_throughput_mbps,22.5,25.0,-2.5,22.5,0.0,BLOCKED,FULL_POWER,FULL_POWER,100,BLOCKED,1.0,POWER_DOWN,NORMAL,,0.0,0.0,109.5,34.9604,3.500216280991735,1.2575999999999998,0.1531325690912268,3,20,CVaR/ML global KPI -> energy recommendation -> App1 KPI -> rApp mitigation,CÂMERA SLA: Throughput 22.5Mbps < 25Mbps (mínimo),CÂMERA SLA: Throughput 22.5Mbps < 25Mbps (mínimo)
1777010024,2026-04-24 02:53:44,rApp-CVaR/ML-Arbiter,xApp1-RANSlicer,implicit,global_health_policy,App1-Vigilancia,camera_throughput_mbps,22.5,25.0,-2.5,22.5,0.0,BLOCKED,FULL_POWER,FULL_POWER,100,BLOCKED,1.0,POWER_DOWN,NORMAL,,0.0,0.0,109.5,34.9604,3.500216280991735,474.98166214876034,0.14940468707866236,3,20,CVaR/ML global KPI -> energy recommendation -> App1 KPI -> rApp mitigation,CÂMERA SLA: Throughput 22.5Mbps < 25Mbps (mínimo),CÂMERA SLA: Throughput 22.5Mbps < 25Mbps (mínimo)
1777010029,2026-04-24 02:53:49,rApp-CVaR/ML-Arbiter,xApp1-RANSlicer,implicit,global_health_policy,App1-Vigilancia,camera_throughput_mbps,22.5,25.0,-2.5,22.5,0.0,BLOCKED,FULL_POWER,FULL_POWER,100,BLOCKED,1.0,POWER_DOWN,NORMAL,,0.0,0.0,109.75,34.9604,3.5001093388429747,0.0,0.14612540593429668,3,20,CVaR/ML global KPI -> energy recommendation -> App1 KPI -> rApp mitigation,CÂMERA SLA: Throughput 22.5Mbps < 25Mbps (mínimo),CÂMERA SLA: Throughput 22.5Mbps < 25Mbps (mínimo)
1777010034,2026-04-24 02:53:54,rApp-CVaR/ML-Arbiter,xApp1-RANSlicer,implicit,global_health_policy,App1-Vigilancia,camera_throughput_mbps,22.5,25.0,-2.5,22.5,0.0,BLOCKED,FULL_POWER,FULL_POWER,100,BLOCKED,1.0,POWER_DOWN,NORMAL,,0.0,0.0,109.75,34.9604,3.5001093388429747,474.9736938842975,0.14473385593694127,3,20,CVaR/ML global KPI -> energy recommendation -> App1 KPI -> rApp mitigation,CÂMERA SLA: Throughput 22.5Mbps < 25Mbps (mínimo),CÂMERA SLA: Throughput 22.5Mbps < 25Mbps (mínimo)
1777010101,2026-04-24 02:55:01,rApp-CVaR/ML-Arbiter,xApp1-RANSlicer,implicit,global_health_policy,App1-Vigilancia,camera_throughput_mbps,22.5,25.0,-2.5,,,BLOCKED,FULL_POWER,FULL_POWER,100,BLOCKED,1.0,POWER_DOWN,NORMAL,,0.0,0.0,111.75,34.9604,3.5006095867768594,1.92832,0.14268222928095997,3,20,CVaR/ML global KPI -> energy recommendation -> App1 KPI -> rApp mitigation,CÂMERA SLA: Throughput 22.5Mbps < 25Mbps (mínimo),CÂMERA SLA: Throughput 22.5Mbps < 25Mbps (mínimo)
1777010106,2026-04-24 02:55:06,rApp-CVaR/ML-Arbiter,xApp1-RANSlicer,implicit,global_health_policy,App1-Vigilancia,camera_throughput_mbps,22.5,25.0,-2.5,22.5,0.0,BLOCKED,FULL_POWER,FULL_POWER,100,BLOCKED,1.0,POWER_DOWN,NORMAL,,0.0,0.0,111.75,34.9604,3.5006095867768594,474.98928396694214,0.14469360931195663,3,20,CVaR/ML global KPI -> energy recommendation -> App1 KPI -> rApp mitigation,CÂMERA SLA: Throughput 22.5Mbps < 25Mbps (mínimo),CÂMERA SLA: Throughput 22.5Mbps < 25Mbps (mínimo)
1777010111,2026-04-24 02:55:11,rApp-CVaR/ML-Arbiter,xApp1-RANSlicer,implicit,global_health_policy,App1-Vigilancia,camera_throughput_mbps,22.5,25.0,-2.5,22.5,0.0,BLOCKED,FULL_POWER,FULL_POWER,100,BLOCKED,1.0,POWER_DOWN,NORMAL,,0.0,0.0,112.0,34.9604,3.500773305785124,0.0,0.1459779839268495,3,20,CVaR/ML global KPI -> energy recommendation -> App1 KPI -> rApp mitigation,CÂMERA SLA: Throughput 22.5Mbps < 25Mbps (mínimo),CÂMERA SLA: Throughput 22.5Mbps < 25Mbps (mínimo)
1777010116,2026-04-24 02:55:16,rApp-CVaR/ML-Arbiter,xApp1-RANSlicer,implicit,global_health_policy,App1-Vigilancia,camera_throughput_mbps,22.5,25.0,-2.5,22.5,0.0,BLOCKED,FULL_POWER,FULL_POWER,100,BLOCKED,1.0,POWER_DOWN,NORMAL,,0.0,0.0,112.0,34.9604,3.500773305785124,474.97646545454546,0.14575725934972078,3,20,CVaR/ML global KPI -> energy recommendation -> App1 KPI -> rApp mitigation,CÂMERA SLA: Throughput 22.5Mbps < 25Mbps (mínimo),CÂMERA SLA: Throughput 22.5Mbps < 25Mbps (mínimo)
1777010121,2026-04-24 02:55:21,rApp-CVaR/ML-Arbiter,xApp1-RANSlicer,implicit,global_health_policy,App1-Vigilancia,camera_throughput_mbps,22.5,25.0,-2.5,22.5,0.0,BLOCKED,FULL_POWER,FULL_POWER,100,BLOCKED,1.0,POWER_DOWN,NORMAL,,0.0,0.0,112.25,34.9604,3.500780991735537,0.0,0.14836083404228706,3,20,CVaR/ML global KPI -> energy recommendation -> App1 KPI -> rApp mitigation,CÂMERA SLA: Throughput 22.5Mbps < 25Mbps (mínimo),CÂMERA SLA: Throughput 22.5Mbps < 25Mbps (mínimo)
1777010126,2026-04-24 02:55:26,rApp-CVaR/ML-Arbiter,xApp1-RANSlicer,implicit,global_health_policy,App1-Vigilancia,camera_throughput_mbps,22.5,25.0,-2.5,22.5,0.0,BLOCKED,FULL_POWER,FULL_POWER,100,BLOCKED,1.0,POWER_DOWN,NORMAL,,0.0,0.0,112.5,34.9604,3.5007304958677685,0.79648,0.14692202571893606,3,20,CVaR/ML global KPI -> energy recommendation -> App1 KPI -> rApp mitigation,CÂMERA SLA: Throughput 22.5Mbps < 25Mbps (mínimo),CÂMERA SLA: Throughput 22.5Mbps < 25Mbps (mínimo)
1777010131,2026-04-24 02:55:31,rApp-CVaR/ML-Arbiter,xApp1-RANSlicer,implicit,global_health_policy,App1-Vigilancia,camera_throughput_mbps,22.5,25.0,-2.5,22.5,0.0,BLOCKED,FULL_POWER,FULL_POWER,100,BLOCKED,1.0,POWER_DOWN,NORMAL,,0.0,0.0,112.5,34.9604,3.5007304958677685,474.9768119008265,0.14803304293760916,3,20,CVaR/ML global KPI -> energy recommendation -> App1 KPI -> rApp mitigation,CÂMERA SLA: Throughput 22.5Mbps < 25Mbps (mínimo),CÂMERA SLA: Throughput 22.5Mbps < 25Mbps (mínimo)
1777010136,2026-04-24 02:55:36,rApp-CVaR/ML-Arbiter,xApp1-RANSlicer,implicit,global_health_policy,App1-Vigilancia,camera_throughput_mbps,22.5,25.0,-2.5,22.5,0.0,BLOCKED,FULL_POWER,FULL_POWER,100,BLOCKED,1.0,POWER_DOWN,NORMAL,,0.0,0.0,112.75,34.9604,3.500842975206612,0.0,0.14573023824168987,3,20,CVaR/ML global KPI -> energy recommendation -> App1 KPI -> rApp mitigation,CÂMERA SLA: Throughput 22.5Mbps < 25Mbps (mínimo),CÂMERA SLA: Throughput 22.5Mbps < 25Mbps (mínimo)
1777010141,2026-04-24 02:55:41,rApp-CVaR/ML-Arbiter,xApp1-RANSlicer,implicit,global_health_policy,App1-Vigilancia,camera_throughput_mbps,22.5,25.0,-2.5,22.5,0.0,BLOCKED,FULL_POWER,FULL_POWER,100,BLOCKED,1.0,POWER_DOWN,NORMAL,,0.0,0.0,112.75,34.9604,3.500842975206612,474.97300099173555,0.14635620995696214,3,20,CVaR/ML global KPI -> energy recommendation -> App1 KPI -> rApp mitigation,CÂMERA SLA: Throughput 22.5Mbps < 25Mbps (mínimo),CÂMERA SLA: Throughput 22.5Mbps < 25Mbps (mínimo)
1777010146,2026-04-24 02:55:46,rApp-CVaR/ML-Arbiter,xApp1-RANSlicer,implicit,global_health_policy,App1-Vigilancia,camera_throughput_mbps,22.5,25.0,-2.5,22.5,0.0,BLOCKED,FULL_POWER,FULL_POWER,100,BLOCKED,1.0,POWER_DOWN,NORMAL,,0.0,0.0,113.0,34.9604,3.5007606611570243,0.0,0.14101451954092498,3,20,CVaR/ML global KPI -> energy recommendation -> App1 KPI -> rApp mitigation,CÂMERA SLA: Throughput 22.5Mbps < 25Mbps (mínimo),CÂMERA SLA: Throughput 22.5Mbps < 25Mbps (mínimo)
1777010151,2026-04-24 02:55:51,rApp-CVaR/ML-Arbiter,xApp1-RANSlicer,implicit,global_health_policy,App1-Vigilancia,camera_throughput_mbps,22.5,25.0,-2.5,22.5,0.0,BLOCKED,FULL_POWER,FULL_POWER,100,BLOCKED,1.0,POWER_DOWN,NORMAL,,0.0,0.0,113.0,34.9604,3.5007606611570243,474.9716152066116,0.13686747581172531,3,20,CVaR/ML global KPI -> energy recommendation -> App1 KPI -> rApp mitigation,CÂMERA SLA: Throughput 22.5Mbps < 25Mbps (mínimo),CÂMERA SLA: Throughput 22.5Mbps < 25Mbps (mínimo)
1777010156,2026-04-24 02:55:56,rApp-CVaR/ML-Arbiter,xApp1-RANSlicer,implicit,global_health_policy,App1-Vigilancia,camera_throughput_mbps,22.5,25.0,-2.5,22.5,0.0,BLOCKED,FULL_POWER,FULL_POWER,100,BLOCKED,1.0,POWER_DOWN,NORMAL,,0.0,0.0,113.25,34.9604,3.5007013223140495,0.0,0.13993964184443689,3,20,CVaR/ML global KPI -> energy recommendation -> App1 KPI -> rApp mitigation,CÂMERA SLA: Throughput 22.5Mbps < 25Mbps (mínimo),CÂMERA SLA: Throughput 22.5Mbps < 25Mbps (mínimo)
1777010220,2026-04-24 02:57:00,rApp-CVaR/ML-Arbiter,xApp1-RANSlicer,implicit,global_health_policy,App1-Vigilancia,camera_throughput_mbps,22.5,25.0,-2.5,,,BLOCKED,FULL_POWER,FULL_POWER,100,BLOCKED,1.0,POWER_DOWN,NORMAL,,0.0,0.0,115.0,34.9604,3.50039479338843,474.9705758677686,0.13598070577600002,3,20,CVaR/ML global KPI -> energy recommendation -> App1 KPI -> rApp mitigation,CÂMERA SLA: Throughput 22.5Mbps < 25Mbps (mínimo),CÂMERA SLA: Throughput 22.5Mbps < 25Mbps (mínimo)
1777010225,2026-04-24 02:57:05,rApp-CVaR/ML-Arbiter,xApp1-RANSlicer,implicit,global_health_policy,App1-Vigilancia,camera_throughput_mbps,22.5,25.0,-2.5,22.5,0.0,BLOCKED,FULL_POWER,FULL_POWER,100,BLOCKED,1.0,POWER_DOWN,NORMAL,,0.0,0.0,115.25,34.9604,3.5005323966942146,0.20959999999999998,0.13575188514934508,3,20,CVaR/ML global KPI -> energy recommendation -> App1 KPI -> rApp mitigation,CÂMERA SLA: Throughput 22.5Mbps < 25Mbps (mínimo),CÂMERA SLA: Throughput 22.5Mbps < 25Mbps (mínimo)
1777010230,2026-04-24 02:57:10,rApp-CVaR/ML-Arbiter,xApp1-RANSlicer,implicit,global_health_policy,App1-Vigilancia,camera_throughput_mbps,22.5,25.0,-2.5,22.5,0.0,BLOCKED,FULL_POWER,FULL_POWER,100,BLOCKED,1.0,POWER_DOWN,NORMAL,,0.0,0.0,115.25,34.9604,3.5005323966942146,474.9723080991735,0.13602104087957056,3,20,CVaR/ML global KPI -> energy recommendation -> App1 KPI -> rApp mitigation,CÂMERA SLA: Throughput 22.5Mbps < 25Mbps (mínimo),CÂMERA SLA: Throughput 22.5Mbps < 25Mbps (mínimo)
1777010235,2026-04-24 02:57:15,rApp-CVaR/ML-Arbiter,xApp1-RANSlicer,implicit,global_health_policy,App1-Vigilancia,camera_throughput_mbps,22.5,25.0,-2.5,22.5,0.0,BLOCKED,FULL_POWER,FULL_POWER,100,BLOCKED,1.0,POWER_DOWN,NORMAL,,0.0,0.0,115.5,34.9604,3.5003821487603304,0.04192,0.13670548028691323,3,20,CVaR/ML global KPI -> energy recommendation -> App1 KPI -> rApp mitigation,CÂMERA SLA: Throughput 22.5Mbps < 25Mbps (mínimo),CÂMERA SLA: Throughput 22.5Mbps < 25Mbps (mínimo)
1777010240,2026-04-24 02:57:20,rApp-CVaR/ML-Arbiter,xApp1-RANSlicer,implicit,global_health_policy,App1-Vigilancia,camera_throughput_mbps,22.5,25.0,-2.5,22.5,0.0,BLOCKED,FULL_POWER,FULL_POWER,100,BLOCKED,1.0,POWER_DOWN,NORMAL,,0.0,0.0,115.75,34.9604,3.500478016528926,0.0,0.1440168799077439,3,20,CVaR/ML global KPI -> energy recommendation -> App1 KPI -> rApp mitigation,CÂMERA SLA: Throughput 22.5Mbps < 25Mbps (mínimo),CÂMERA SLA: Throughput 22.5Mbps < 25Mbps (mínimo)
1777010245,2026-04-24 02:57:25,rApp-CVaR/ML-Arbiter,xApp1-RANSlicer,implicit,global_health_policy,App1-Vigilancia,camera_throughput_mbps,22.5,25.0,-2.5,22.5,0.0,BLOCKED,FULL_POWER,FULL_POWER,100,BLOCKED,1.0,POWER_DOWN,NORMAL,,0.0,0.0,115.75,34.9604,3.500478016528926,474.97265454545453,0.14814928069731426,3,20,CVaR/ML global KPI -> energy recommendation -> App1 KPI -> rApp mitigation,CÂMERA SLA: Throughput 22.5Mbps < 25Mbps (mínimo),CÂMERA SLA: Throughput 22.5Mbps < 25Mbps (mínimo)
1777010250,2026-04-24 02:57:30,rApp-CVaR/ML-Arbiter,xApp1-RANSlicer,implicit,global_health_policy,App1-Vigilancia,camera_throughput_mbps,22.5,25.0,-2.5,22.5,0.0,BLOCKED,FULL_POWER,FULL_POWER,100,BLOCKED,1.0,POWER_DOWN,NORMAL,,0.0,0.0,116.0,34.9604,3.5005493388429754,0.0,0.14862053029844607,3,20,CVaR/ML global KPI -> energy recommendation -> App1 KPI -> rApp mitigation,CÂMERA SLA: Throughput 22.5Mbps < 25Mbps (mínimo),CÂMERA SLA: Throughput 22.5Mbps < 25Mbps (mínimo)
1777010255,2026-04-24 02:57:35,rApp-CVaR/ML-Arbiter,xApp1-RANSlicer,implicit,global_health_policy,App1-Vigilancia,camera_throughput_mbps,22.5,25.0,-2.5,22.5,0.0,BLOCKED,FULL_POWER,FULL_POWER,100,BLOCKED,1.0,POWER_DOWN,NORMAL,,0.0,0.0,116.0,34.9604,3.5005493388429754,474.9712687603306,0.15019458776120603,3,20,CVaR/ML global KPI -> energy recommendation -> App1 KPI -> rApp mitigation,CÂMERA SLA: Throughput 22.5Mbps < 25Mbps (mínimo),CÂMERA SLA: Throughput 22.5Mbps < 25Mbps (mínimo)
1777010260,2026-04-24 02:57:40,rApp-CVaR/ML-Arbiter,xApp1-RANSlicer,implicit,global_health_policy,App1-Vigilancia,camera_throughput_mbps,22.5,25.0,-2.5,22.5,0.0,BLOCKED,FULL_POWER,FULL_POWER,100,BLOCKED,1.0,POWER_DOWN,NORMAL,,0.0,0.0,116.25,34.9604,3.5004628099173556,2.17984,0.1473797965139318,3,20,CVaR/ML global KPI -> energy recommendation -> App1 KPI -> rApp mitigation,CÂMERA SLA: Throughput 22.5Mbps < 25Mbps (mínimo),CÂMERA SLA: Throughput 22.5Mbps < 25Mbps (mínimo)
1777010265,2026-04-24 02:57:45,rApp-CVaR/ML-Arbiter,xApp1-RANSlicer,implicit,global_health_policy,App1-Vigilancia,camera_throughput_mbps,22.5,25.0,-2.5,22.5,0.0,BLOCKED,FULL_POWER,FULL_POWER,100,BLOCKED,1.0,POWER_DOWN,NORMAL,,0.0,0.0,116.25,34.9604,3.5004628099173556,474.98928396694214,0.14979364823695393,3,20,CVaR/ML global KPI -> energy recommendation -> App1 KPI -> rApp mitigation,CÂMERA SLA: Throughput 22.5Mbps < 25Mbps (mínimo),CÂMERA SLA: Throughput 22.5Mbps < 25Mbps (mínimo)
1777010271,2026-04-24 02:57:51,rApp-CVaR/ML-Arbiter,xApp1-RANSlicer,implicit,global_health_policy,App1-Vigilancia,camera_throughput_mbps,22.5,25.0,-2.5,22.5,0.0,BLOCKED,FULL_POWER,FULL_POWER,100,BLOCKED,1.0,POWER_DOWN,NORMAL,,0.0,0.0,116.5,34.9604,3.5006292561983474,0.0,0.1527991996725226,3,20,CVaR/ML global KPI -> energy recommendation -> App1 KPI -> rApp mitigation,CÂMERA SLA: Throughput 22.5Mbps < 25Mbps (mínimo),CÂMERA SLA: Throughput 22.5Mbps < 25Mbps (mínimo)
1777010276,2026-04-24 02:57:56,rApp-CVaR/ML-Arbiter,xApp1-RANSlicer,implicit,global_health_policy,App1-Vigilancia,camera_throughput_mbps,22.5,25.0,-2.5,22.5,0.0,BLOCKED,FULL_POWER,FULL_POWER,100,BLOCKED,1.0,POWER_DOWN,NORMAL,,0.0,0.0,116.5,34.9604,3.5006292561983474,474.97646545454546,0.15465639305640272,3,20,CVaR/ML global KPI -> energy recommendation -> App1 KPI -> rApp mitigation,CÂMERA SLA: Throughput 22.5Mbps < 25Mbps (mínimo),CÂMERA SLA: Throughput 22.5Mbps < 25Mbps (mínimo)
1777010340,2026-04-24 02:59:00,rApp-CVaR/ML-Arbiter,xApp1-RANSlicer,implicit,global_health_policy,App1-Vigilancia,camera_throughput_mbps,22.5,25.0,-2.5,,,BLOCKED,FULL_POWER,FULL_POWER,100,BLOCKED,1.0,POWER_DOWN,NORMAL,,0.0,0.0,118.5,34.9604,3.50066867768595,2.096,0.14320794931505448,3,20,CVaR/ML global KPI -> energy recommendation -> App1 KPI -> rApp mitigation,CÂMERA SLA: Throughput 22.5Mbps < 25Mbps (mínimo),CÂMERA SLA: Throughput 22.5Mbps < 25Mbps (mínimo)
1777010345,2026-04-24 02:59:05,rApp-CVaR/ML-Arbiter,xApp1-RANSlicer,implicit,global_health_policy,App1-Vigilancia,camera_throughput_mbps,22.5,25.0,-2.5,22.5,0.0,BLOCKED,FULL_POWER,FULL_POWER,100,BLOCKED,1.0,POWER_DOWN,NORMAL,,0.0,0.0,118.5,34.9604,3.50066867768595,474.9910161983471,0.14691838919504208,3,20,CVaR/ML global KPI -> energy recommendation -> App1 KPI -> rApp mitigation,CÂMERA SLA: Throughput 22.5Mbps < 25Mbps (mínimo),CÂMERA SLA: Throughput 22.5Mbps < 25Mbps (mínimo)
1777010350,2026-04-24 02:59:10,rApp-CVaR/ML-Arbiter,xApp1-RANSlicer,implicit,global_health_policy,App1-Vigilancia,camera_throughput_mbps,22.5,25.0,-2.5,22.5,0.0,BLOCKED,FULL_POWER,FULL_POWER,100,BLOCKED,1.0,POWER_DOWN,NORMAL,,0.0,0.0,118.75,34.9604,3.500824297520661,0.0,0.14866087459047422,3,20,CVaR/ML global KPI -> energy recommendation -> App1 KPI -> rApp mitigation,CÂMERA SLA: Throughput 22.5Mbps < 25Mbps (mínimo),CÂMERA SLA: Throughput 22.5Mbps < 25Mbps (mínimo)
1777010355,2026-04-24 02:59:15,rApp-CVaR/ML-Arbiter,xApp1-RANSlicer,implicit,global_health_policy,App1-Vigilancia,camera_throughput_mbps,22.5,25.0,-2.5,22.5,0.0,BLOCKED,FULL_POWER,FULL_POWER,100,BLOCKED,1.0,POWER_DOWN,NORMAL,,0.0,0.0,118.75,34.9604,3.500824297520661,474.9781976859504,0.1507433751218817,3,20,CVaR/ML global KPI -> energy recommendation -> App1 KPI -> rApp mitigation,CÂMERA SLA: Throughput 22.5Mbps < 25Mbps (mínimo),CÂMERA SLA: Throughput 22.5Mbps < 25Mbps (mínimo)
1777010360,2026-04-24 02:59:20,rApp-CVaR/ML-Arbiter,xApp1-RANSlicer,implicit,global_health_policy,App1-Vigilancia,camera_throughput_mbps,22.5,25.0,-2.5,22.5,0.0,BLOCKED,FULL_POWER,FULL_POWER,100,BLOCKED,1.0,POWER_DOWN,NORMAL,,0.0,0.0,119.0,34.9604,3.500735867768595,1.38336,0.14883268999925198,3,20,CVaR/ML global KPI -> energy recommendation -> App1 KPI -> rApp mitigation,CÂMERA SLA: Throughput 22.5Mbps < 25Mbps (mínimo),CÂMERA SLA: Throughput 22.5Mbps < 25Mbps (mínimo)
1777010365,2026-04-24 02:59:25,rApp-CVaR/ML-Arbiter,xApp1-RANSlicer,implicit,global_health_policy,App1-Vigilancia,camera_throughput_mbps,22.5,25.0,-2.5,22.5,0.0,BLOCKED,FULL_POWER,FULL_POWER,100,BLOCKED,1.0,POWER_DOWN,NORMAL,,0.0,0.0,119.0,34.9604,3.500735867768595,474.9896304132231,0.15257144294510605,3,20,CVaR/ML global KPI -> energy recommendation -> App1 KPI -> rApp mitigation,CÂMERA SLA: Throughput 22.5Mbps < 25Mbps (mínimo),CÂMERA SLA: Throughput 22.5Mbps < 25Mbps (mínimo)
1777010370,2026-04-24 02:59:30,rApp-CVaR/ML-Arbiter,xApp1-RANSlicer,implicit,global_health_policy,App1-Vigilancia,camera_throughput_mbps,22.5,25.0,-2.5,22.5,0.0,BLOCKED,FULL_POWER,FULL_POWER,100,BLOCKED,1.0,POWER_DOWN,NORMAL,,0.0,0.0,119.25,34.9604,3.500567355371901,0.0,0.14943890210074098,3,20,CVaR/ML global KPI -> energy recommendation -> App1 KPI -> rApp mitigation,CÂMERA SLA: Throughput 22.5Mbps < 25Mbps (mínimo),CÂMERA SLA: Throughput 22.5Mbps < 25Mbps (mínimo)
1777010375,2026-04-24 02:59:35,rApp-CVaR/ML-Arbiter,xApp1-RANSlicer,implicit,global_health_policy,App1-Vigilancia,camera_throughput_mbps,22.5,25.0,-2.5,22.5,0.0,BLOCKED,FULL_POWER,FULL_POWER,100,BLOCKED,1.0,POWER_DOWN,NORMAL,,0.0,0.0,119.25,34.9604,3.500567355371901,474.9799299173554,0.14934613397293203,3,20,CVaR/ML global KPI -> energy recommendation -> App1 KPI -> rApp mitigation,CÂMERA SLA: Throughput 22.5Mbps < 25Mbps (mínimo),CÂMERA SLA: Throughput 22.5Mbps < 25Mbps (mínimo)
1777010380,2026-04-24 02:59:40,rApp-CVaR/ML-Arbiter,xApp1-RANSlicer,implicit,global_health_policy,App1-Vigilancia,camera_throughput_mbps,22.5,25.0,-2.5,22.5,0.0,BLOCKED,FULL_POWER,FULL_POWER,100,BLOCKED,1.0,POWER_DOWN,NORMAL,,0.0,0.0,119.5,34.9604,3.5006861983471076,0.0,0.14878757418442082,3,20,CVaR/ML global KPI -> energy recommendation -> App1 KPI -> rApp mitigation,CÂMERA SLA: Throughput 22.5Mbps < 25Mbps (mínimo),CÂMERA SLA: Throughput 22.5Mbps < 25Mbps (mínimo)
1777010385,2026-04-24 02:59:45,rApp-CVaR/ML-Arbiter,xApp1-RANSlicer,implicit,global_health_policy,App1-Vigilancia,camera_throughput_mbps,22.5,25.0,-2.5,22.5,0.0,BLOCKED,FULL_POWER,FULL_POWER,100,BLOCKED,1.0,POWER_DOWN,NORMAL,,0.0,0.0,119.75,34.9604,3.5005779338842977,0.50304,0.15238711075627231,3,20,CVaR/ML global KPI -> energy recommendation -> App1 KPI -> rApp mitigation,CÂMERA SLA: Throughput 22.5Mbps < 25Mbps (mínimo),CÂMERA SLA: Throughput 22.5Mbps < 25Mbps (mínimo)
1777010390,2026-04-24 02:59:50,rApp-CVaR/ML-Arbiter,xApp1-RANSlicer,implicit,global_health_policy,App1-Vigilancia,camera_throughput_mbps,22.5,25.0,-2.5,22.5,0.0,BLOCKED,FULL_POWER,FULL_POWER,100,BLOCKED,1.0,POWER_DOWN,NORMAL,,0.0,0.0,119.75,34.9604,3.5005779338842977,474.9802763636364,0.15112751079054404,3,20,CVaR/ML global KPI -> energy recommendation -> App1 KPI -> rApp mitigation,CÂMERA SLA: Throughput 22.5Mbps < 25Mbps (mínimo),CÂMERA SLA: Throughput 22.5Mbps < 25Mbps (mínimo)
1777010395,2026-04-24 02:59:55,rApp-CVaR/ML-Arbiter,xApp1-RANSlicer,implicit,global_health_policy,App1-Vigilancia,camera_throughput_mbps,22.5,25.0,-2.5,22.5,0.0,BLOCKED,FULL_POWER,FULL_POWER,100,BLOCKED,1.0,POWER_DOWN,NORMAL,,0.0,0.0,120.0,34.9604,3.5004404132231404,0.0,0.14986606161358457,3,20,CVaR/ML global KPI -> energy recommendation -> App1 KPI -> rApp mitigation,CÂMERA SLA: Throughput 22.5Mbps < 25Mbps (mínimo),CÂMERA SLA: Throughput 22.5Mbps < 25Mbps (mínimo)
1777010460,2026-04-24 03:01:00,rApp-CVaR/ML-Arbiter,xApp1-RANSlicer,implicit,global_health_policy,App1-Vigilancia,camera_throughput_mbps,22.5,25.0,-2.5,,,BLOCKED,FULL_POWER,FULL_POWER,100,BLOCKED,1.0,POWER_DOWN,NORMAL,,0.0,0.0,121.75,34.9604,3.5004147107438017,474.9778512396694,0.1533208569481652,3,20,CVaR/ML global KPI -> energy recommendation -> App1 KPI -> rApp mitigation,CÂMERA SLA: Throughput 22.5Mbps < 25Mbps (mínimo),CÂMERA SLA: Throughput 22.5Mbps < 25Mbps (mínimo)
1777010465,2026-04-24 03:01:05,rApp-CVaR/ML-Arbiter,xApp1-RANSlicer,implicit,global_health_policy,App1-Vigilancia,camera_throughput_mbps,22.5,25.0,-2.5,22.5,0.0,BLOCKED,FULL_POWER,FULL_POWER,100,BLOCKED,1.0,POWER_DOWN,NORMAL,,0.0,0.0,122.0,34.9604,3.5005055371900826,0.33536,0.15682758927751866,3,20,CVaR/ML global KPI -> energy recommendation -> App1 KPI -> rApp mitigation,CÂMERA SLA: Throughput 22.5Mbps < 25Mbps (mínimo),CÂMERA SLA: Throughput 22.5Mbps < 25Mbps (mínimo)
1777010470,2026-04-24 03:01:10,rApp-CVaR/ML-Arbiter,xApp1-RANSlicer,implicit,global_health_policy,App1-Vigilancia,camera_throughput_mbps,22.5,25.0,-2.5,22.5,0.0,BLOCKED,FULL_POWER,FULL_POWER,100,BLOCKED,1.0,POWER_DOWN,NORMAL,,0.0,0.0,122.0,34.9604,3.5005055371900826,474.98062280991735,0.15689358060587805,3,20,CVaR/ML global KPI -> energy recommendation -> App1 KPI -> rApp mitigation,CÂMERA SLA: Throughput 22.5Mbps < 25Mbps (mínimo),CÂMERA SLA: Throughput 22.5Mbps < 25Mbps (mínimo)
1777010475,2026-04-24 03:01:15,rApp-CVaR/ML-Arbiter,xApp1-RANSlicer,implicit,global_health_policy,App1-Vigilancia,camera_throughput_mbps,22.5,25.0,-2.5,22.5,0.0,BLOCKED,FULL_POWER,FULL_POWER,100,BLOCKED,1.0,POWER_DOWN,NORMAL,,0.0,0.0,122.25,34.9604,3.500433719008264,0.0,0.1557811827194417,3,20,CVaR/ML global KPI -> energy recommendation -> App1 KPI -> rApp mitigation,CÂMERA SLA: Throughput 22.5Mbps < 25Mbps (mínimo),CÂMERA SLA: Throughput 22.5Mbps < 25Mbps (mínimo)
1777010480,2026-04-24 03:01:20,rApp-CVaR/ML-Arbiter,xApp1-RANSlicer,implicit,global_health_policy,App1-Vigilancia,camera_throughput_mbps,22.5,25.0,-2.5,22.5,0.0,BLOCKED,FULL_POWER,FULL_POWER,100,BLOCKED,1.0,POWER_DOWN,NORMAL,,0.0,0.0,122.25,34.9604,3.500433719008264,474.97646545454546,0.15665658995951554,3,20,CVaR/ML global KPI -> energy recommendation -> App1 KPI -> rApp mitigation,CÂMERA SLA: Throughput 22.5Mbps < 25Mbps (mínimo),CÂMERA SLA: Throughput 22.5Mbps < 25Mbps (mínimo)
1777010485,2026-04-24 03:01:25,rApp-CVaR/ML-Arbiter,xApp1-RANSlicer,implicit,global_health_policy,App1-Vigilancia,camera_throughput_mbps,22.5,25.0,-2.5,22.5,0.0,BLOCKED,FULL_POWER,FULL_POWER,100,BLOCKED,1.0,POWER_DOWN,NORMAL,,0.0,0.0,122.5,34.9604,3.500331900826446,0.33536,0.15586056080958546,3,20,CVaR/ML global KPI -> energy recommendation -> App1 KPI -> rApp mitigation,CÂMERA SLA: Throughput 22.5Mbps < 25Mbps (mínimo),CÂMERA SLA: Throughput 22.5Mbps < 25Mbps (mínimo)
1777010490,2026-04-24 03:01:30,rApp-CVaR/ML-Arbiter,xApp1-RANSlicer,implicit,global_health_policy,App1-Vigilancia,camera_throughput_mbps,22.5,25.0,-2.5,22.5,0.0,BLOCKED,FULL_POWER,FULL_POWER,100,BLOCKED,1.0,POWER_DOWN,NORMAL,,0.0,0.0,122.5,34.9604,3.500331900826446,474.9792370247934,0.1513349529234527,3,20,CVaR/ML global KPI -> energy recommendation -> App1 KPI -> rApp mitigation,CÂMERA SLA: Throughput 22.5Mbps < 25Mbps (mínimo),CÂMERA SLA: Throughput 22.5Mbps < 25Mbps (mínimo)
1777010495,2026-04-24 03:01:35,rApp-CVaR/ML-Arbiter,xApp1-RANSlicer,implicit,global_health_policy,App1-Vigilancia,camera_throughput_mbps,22.5,25.0,-2.5,22.5,0.0,BLOCKED,FULL_POWER,FULL_POWER,100,BLOCKED,1.0,POWER_DOWN,NORMAL,,0.0,0.0,122.75,34.9604,3.500438512396694,0.0,0.15499352980286676,3,20,CVaR/ML global KPI -> energy recommendation -> App1 KPI -> rApp mitigation,CÂMERA SLA: Throughput 22.5Mbps < 25Mbps (mínimo),CÂMERA SLA: Throughput 22.5Mbps < 25Mbps (mínimo)
1777010500,2026-04-24 03:01:40,rApp-CVaR/ML-Arbiter,xApp1-RANSlicer,implicit,global_health_policy,App1-Vigilancia,camera_throughput_mbps,22.5,25.0,-2.5,22.5,0.0,BLOCKED,FULL_POWER,FULL_POWER,100,BLOCKED,1.0,POWER_DOWN,NORMAL,,0.0,0.0,122.75,34.9604,3.500438512396694,474.9778512396694,0.1529236413979629,3,20,CVaR/ML global KPI -> energy recommendation -> App1 KPI -> rApp mitigation,CÂMERA SLA: Throughput 22.5Mbps < 25Mbps (mínimo),CÂMERA SLA: Throughput 22.5Mbps < 25Mbps (mínimo)
1777010505,2026-04-24 03:01:45,rApp-CVaR/ML-Arbiter,xApp1-RANSlicer,implicit,global_health_policy,App1-Vigilancia,camera_throughput_mbps,22.5,25.0,-2.5,22.5,0.0,BLOCKED,FULL_POWER,FULL_POWER,100,BLOCKED,1.0,POWER_DOWN,NORMAL,,0.0,0.0,123.0,34.9604,3.500644132231405,0.08384,0.1522934979324469,3,20,CVaR/ML global KPI -> energy recommendation -> App1 KPI -> rApp mitigation,CÂMERA SLA: Throughput 22.5Mbps < 25Mbps (mínimo),CÂMERA SLA: Throughput 22.5Mbps < 25Mbps (mínimo)
1777010510,2026-04-24 03:01:50,rApp-CVaR/ML-Arbiter,xApp1-RANSlicer,implicit,global_health_policy,App1-Vigilancia,camera_throughput_mbps,22.5,25.0,-2.5,22.5,0.0,BLOCKED,FULL_POWER,FULL_POWER,100,BLOCKED,1.0,POWER_DOWN,NORMAL,,0.0,0.0,123.25,34.9604,3.5007836363636367,0.0,0.15562379740279025,3,20,CVaR/ML global KPI -> energy recommendation -> App1 KPI -> rApp mitigation,CÂMERA SLA: Throughput 22.5Mbps < 25Mbps (mínimo),CÂMERA SLA: Throughput 22.5Mbps < 25Mbps (mínimo)
1777010515,2026-04-24 03:01:55,rApp-CVaR/ML-Arbiter,xApp1-RANSlicer,implicit,global_health_policy,App1-Vigilancia,camera_throughput_mbps,22.5,25.0,-2.5,22.5,0.0,BLOCKED,FULL_POWER,FULL_POWER,100,BLOCKED,1.0,POWER_DOWN,NORMAL,,0.0,0.0,123.25,34.9604,3.5007836363636367,474.9778512396694,0.15187426020004172,3,20,CVaR/ML global KPI -> energy recommendation -> App1 KPI -> rApp mitigation,CÂMERA SLA: Throughput 22.5Mbps < 25Mbps (mínimo),CÂMERA SLA: Throughput 22.5Mbps < 25Mbps (mínimo)
1777010580,2026-04-24 03:03:00,rApp-CVaR/ML-Arbiter,xApp1-RANSlicer,implicit,global_health_policy,App1-Vigilancia,camera_throughput_mbps,22.5,25.0,-2.5,,,BLOCKED,FULL_POWER,FULL_POWER,100,BLOCKED,1.0,POWER_DOWN,NORMAL,,0.0,0.0,125.0,28.3854,3.5002730578512398,475.0072991735537,0.13356358723152084,3,20,CVaR/ML global KPI -> energy recommendation -> App1 KPI -> rApp mitigation,CÂMERA SLA: Throughput 22.5Mbps < 25Mbps (mínimo),CÂMERA SLA: Throughput 22.5Mbps < 25Mbps (mínimo)
1777010585,2026-04-24 03:03:05,rApp-CVaR/ML-Arbiter,xApp1-RANSlicer,implicit,global_health_policy,App1-Vigilancia,camera_throughput_mbps,22.5,25.0,-2.5,22.5,0.0,BLOCKED,FULL_POWER,FULL_POWER,100,BLOCKED,1.0,POWER_DOWN,NORMAL,,0.0,0.0,125.25,28.3854,3.5004095041322314,0.0,0.12934976477123658,3,20,CVaR/ML global KPI -> energy recommendation -> App1 KPI -> rApp mitigation,CÂMERA SLA: Throughput 22.5Mbps < 25Mbps (mínimo),CÂMERA SLA: Throughput 22.5Mbps < 25Mbps (mínimo)
1777010590,2026-04-24 03:03:10,rApp-CVaR/ML-Arbiter,xApp1-RANSlicer,implicit,global_health_policy,App1-Vigilancia,camera_throughput_mbps,22.5,25.0,-2.5,22.5,0.0,BLOCKED,FULL_POWER,FULL_POWER,100,BLOCKED,1.0,POWER_DOWN,NORMAL,,0.0,0.0,125.25,28.3854,3.5004095041322314,474.9809692561983,0.12688443081592232,3,20,CVaR/ML global KPI -> energy recommendation -> App1 KPI -> rApp mitigation,CÂMERA SLA: Throughput 22.5Mbps < 25Mbps (mínimo),CÂMERA SLA: Throughput 22.5Mbps < 25Mbps (mínimo)
1777010595,2026-04-24 03:03:15,rApp-CVaR/ML-Arbiter,xApp1-RANSlicer,implicit,global_health_policy,App1-Vigilancia,camera_throughput_mbps,22.5,25.0,-2.5,22.5,0.0,BLOCKED,FULL_POWER,FULL_POWER,100,BLOCKED,1.0,POWER_DOWN,NORMAL,,0.0,0.0,125.5,28.3854,3.5004071074380168,474.99586644628096,0.11756011856240535,3,20,CVaR/ML global KPI -> energy recommendation -> App1 KPI -> rApp mitigation,CÂMERA SLA: Throughput 22.5Mbps < 25Mbps (mínimo),CÂMERA SLA: Throughput 22.5Mbps < 25Mbps (mínimo)
1777010600,2026-04-24 03:03:20,rApp-CVaR/ML-Arbiter,xApp1-RANSlicer,implicit,global_health_policy,App1-Vigilancia,camera_throughput_mbps,22.5,25.0,-2.5,22.5,0.0,BLOCKED,FULL_POWER,FULL_POWER,100,BLOCKED,1.0,POWER_DOWN,NORMAL,,0.0,0.0,125.75,3.55025,3.5002903305785127,0.33536,0.11067530390095484,3,20,CVaR/ML global KPI -> energy recommendation -> App1 KPI -> rApp mitigation,CÂMERA SLA: Throughput 22.5Mbps < 25Mbps (mínimo),CÂMERA SLA: Throughput 22.5Mbps < 25Mbps (mínimo)
1777010605,2026-04-24 03:03:25,rApp-CVaR/ML-Arbiter,xApp1-RANSlicer,implicit,global_health_policy,App1-Vigilancia,camera_throughput_mbps,22.5,25.0,-2.5,22.5,0.0,BLOCKED,FULL_POWER,FULL_POWER,100,BLOCKED,1.0,POWER_DOWN,NORMAL,,0.0,0.0,125.75,3.55025,3.5002903305785127,474.9986380165289,0.10675633217758003,3,20,CVaR/ML global KPI -> energy recommendation -> App1 KPI -> rApp mitigation,CÂMERA SLA: Throughput 22.5Mbps < 25Mbps (mínimo),CÂMERA SLA: Throughput 22.5Mbps < 25Mbps (mínimo)
1777010610,2026-04-24 03:03:30,rApp-CVaR/ML-Arbiter,xApp1-RANSlicer,implicit,global_health_policy,App1-Vigilancia,camera_throughput_mbps,22.5,25.0,-2.5,22.5,0.0,BLOCKED,FULL_POWER,FULL_POWER,100,BLOCKED,1.0,POWER_DOWN,NORMAL,,0.0,0.0,126.0,3.55025,3.5004235537190085,0.0,0.09976721911616289,3,20,CVaR/ML global KPI -> energy recommendation -> App1 KPI -> rApp mitigation,CÂMERA SLA: Throughput 22.5Mbps < 25Mbps (mínimo),CÂMERA SLA: Throughput 22.5Mbps < 25Mbps (mínimo)
1777010615,2026-04-24 03:03:35,rApp-CVaR/ML-Arbiter,xApp1-RANSlicer,implicit,global_health_policy,App1-Vigilancia,camera_throughput_mbps,22.5,25.0,-2.5,22.5,0.0,BLOCKED,FULL_POWER,FULL_POWER,100,BLOCKED,1.0,POWER_DOWN,NORMAL,,0.0,0.0,126.0,3.55025,3.5004235537190085,474.98200859504135,0.09616803646090202,3,20,CVaR/ML global KPI -> energy recommendation -> App1 KPI -> rApp mitigation,CÂMERA SLA: Throughput 22.5Mbps < 25Mbps (mínimo),CÂMERA SLA: Throughput 22.5Mbps < 25Mbps (mínimo)
1777010620,2026-04-24 03:03:40,rApp-CVaR/ML-Arbiter,xApp1-RANSlicer,implicit,global_health_policy,App1-Vigilancia,camera_throughput_mbps,22.5,25.0,-2.5,22.5,0.0,BLOCKED,FULL_POWER,FULL_POWER,100,BLOCKED,1.0,POWER_DOWN,NORMAL,,0.0,0.0,126.25,3.55025,3.5003387603305782,0.96416,0.09827693714415625,3,20,CVaR/ML global KPI -> energy recommendation -> App1 KPI -> rApp mitigation,CÂMERA SLA: Throughput 22.5Mbps < 25Mbps (mínimo),CÂMERA SLA: Throughput 22.5Mbps < 25Mbps (mínimo)
1777010625,2026-04-24 03:03:45,rApp-CVaR/ML-Arbiter,xApp1-RANSlicer,implicit,global_health_policy,App1-Vigilancia,camera_throughput_mbps,22.5,25.0,-2.5,22.5,0.0,BLOCKED,FULL_POWER,FULL_POWER,100,BLOCKED,1.0,POWER_DOWN,NORMAL,,0.0,0.0,126.25,3.55025,3.5003387603305782,474.9899768595041,0.1008569878783204,3,20,CVaR/ML global KPI -> energy recommendation -> App1 KPI -> rApp mitigation,CÂMERA SLA: Throughput 22.5Mbps < 25Mbps (mínimo),CÂMERA SLA: Throughput 22.5Mbps < 25Mbps (mínimo)
1777010630,2026-04-24 03:03:50,rApp-CVaR/ML-Arbiter,xApp1-RANSlicer,implicit,global_health_policy,App1-Vigilancia,camera_throughput_mbps,22.5,25.0,-2.5,22.5,0.0,BLOCKED,FULL_POWER,FULL_POWER,100,BLOCKED,1.0,POWER_DOWN,NORMAL,,0.0,0.0,126.5,3.55025,3.500425867768595,0.0,0.10159840338074123,3,20,CVaR/ML global KPI -> energy recommendation -> App1 KPI -> rApp mitigation,CÂMERA SLA: Throughput 22.5Mbps < 25Mbps (mínimo),CÂMERA SLA: Throughput 22.5Mbps < 25Mbps (mínimo)
1777010635,2026-04-24 03:03:55,rApp-CVaR/ML-Arbiter,xApp1-RANSlicer,implicit,global_health_policy,App1-Vigilancia,camera_throughput_mbps,22.5,25.0,-2.5,22.5,0.0,BLOCKED,FULL_POWER,FULL_POWER,100,BLOCKED,1.0,POWER_DOWN,NORMAL,,0.0,0.0,126.75,3.55025,3.500539834710744,0.0,0.10046661554431881,3,20,CVaR/ML global KPI -> energy recommendation -> App1 KPI -> rApp mitigation,CÂMERA SLA: Throughput 22.5Mbps < 25Mbps (mínimo),CÂMERA SLA: Throughput 22.5Mbps < 25Mbps (mínimo)
1777010700,2026-04-24 03:05:00,rApp-CVaR/ML-Arbiter,xApp1-RANSlicer,implicit,global_health_policy,App1-Vigilancia,camera_throughput_mbps,22.5,25.0,-2.5,,,BLOCKED,FULL_POWER,FULL_POWER,100,BLOCKED,1.0,POWER_DOWN_ECO,NORMAL,,0.0,0.0,128.5,3.55025,3.5006898347107436,2.096,0.09453373034102722,3,20,CVaR/ML global KPI -> energy recommendation -> App1 KPI -> rApp mitigation,CÂMERA SLA: Throughput 22.5Mbps < 25Mbps (mínimo),CÂMERA SLA: Throughput 22.5Mbps < 25Mbps (mínimo)
1777010705,2026-04-24 03:05:05,rApp-CVaR/ML-Arbiter,xApp1-RANSlicer,implicit,global_health_policy,App1-Vigilancia,camera_throughput_mbps,22.5,25.0,-2.5,22.5,0.0,BLOCKED,FULL_POWER,FULL_POWER,100,BLOCKED,1.0,POWER_DOWN_ECO,NORMAL,,0.0,0.0,128.5,3.55025,3.5006898347107436,474.9996773553719,0.09778885665495173,3,20,CVaR/ML global KPI -> energy recommendation -> App1 KPI -> rApp mitigation,CÂMERA SLA: Throughput 22.5Mbps < 25Mbps (mínimo),CÂMERA SLA: Throughput 22.5Mbps < 25Mbps (mínimo)
1777010710,2026-04-24 03:05:10,rApp-CVaR/ML-Arbiter,xApp1-RANSlicer,implicit,global_health_policy,App1-Vigilancia,camera_throughput_mbps,22.5,25.0,-2.5,22.5,0.0,BLOCKED,FULL_POWER,FULL_POWER,100,BLOCKED,1.0,POWER_DOWN_ECO,NORMAL,,0.0,0.0,128.75,3.55025,3.5004887603305788,0.0,0.09718699750154276,3,20,CVaR/ML global KPI -> energy recommendation -> App1 KPI -> rApp mitigation,CÂMERA SLA: Throughput 22.5Mbps < 25Mbps (mínimo),CÂMERA SLA: Throughput 22.5Mbps < 25Mbps (mínimo)
1777010715,2026-04-24 03:05:15,rApp-CVaR/ML-Arbiter,xApp1-RANSlicer,implicit,global_health_policy,App1-Vigilancia,camera_throughput_mbps,22.5,25.0,-2.5,22.5,0.0,BLOCKED,FULL_POWER,FULL_POWER,100,BLOCKED,1.0,POWER_DOWN_ECO,NORMAL,,0.0,0.0,128.75,3.55025,3.5004887603305788,474.9889375206612,0.09770264366304691,3,20,CVaR/ML global KPI -> energy recommendation -> App1 KPI -> rApp mitigation,CÂMERA SLA: Throughput 22.5Mbps < 25Mbps (mínimo),CÂMERA SLA: Throughput 22.5Mbps < 25Mbps (mínimo)
1777010720,2026-04-24 03:05:20,rApp-CVaR/ML-Arbiter,xApp1-RANSlicer,implicit,global_health_policy,App1-Vigilancia,camera_throughput_mbps,22.5,25.0,-2.5,22.5,0.0,BLOCKED,FULL_POWER,FULL_POWER,100,BLOCKED,1.0,POWER_DOWN_ECO,NORMAL,,0.0,0.0,129.0,3.55025,3.500604958677686,0.0,0.09547444973446344,3,20,CVaR/ML global KPI -> energy recommendation -> App1 KPI -> rApp mitigation,CÂMERA SLA: Throughput 22.5Mbps < 25Mbps (mínimo),CÂMERA SLA: Throughput 22.5Mbps < 25Mbps (mínimo)
1777010725,2026-04-24 03:05:25,rApp-CVaR/ML-Arbiter,xApp1-RANSlicer,implicit,global_health_policy,App1-Vigilancia,camera_throughput_mbps,22.5,25.0,-2.5,22.5,0.0,BLOCKED,FULL_POWER,FULL_POWER,100,BLOCKED,1.0,POWER_DOWN_ECO,NORMAL,,0.0,0.0,129.0,3.55025,3.500604958677686,474.98200859504135,0.09539279970008177,3,20,CVaR/ML global KPI -> energy recommendation -> App1 KPI -> rApp mitigation,CÂMERA SLA: Throughput 22.5Mbps < 25Mbps (mínimo),CÂMERA SLA: Throughput 22.5Mbps < 25Mbps (mínimo)
1777010730,2026-04-24 03:05:30,rApp-CVaR/ML-Arbiter,xApp1-RANSlicer,implicit,global_health_policy,App1-Vigilancia,camera_throughput_mbps,22.5,25.0,-2.5,22.5,0.0,BLOCKED,FULL_POWER,FULL_POWER,100,BLOCKED,1.0,POWER_DOWN_ECO,NORMAL,,0.0,0.0,129.25,3.55025,3.500524214876033,0.46112000000000003,0.09533073589792351,3,20,CVaR/ML global KPI -> energy recommendation -> App1 KPI -> rApp mitigation,CÂMERA SLA: Throughput 22.5Mbps < 25Mbps (mínimo),CÂMERA SLA: Throughput 22.5Mbps < 25Mbps (mínimo)
1777010735,2026-04-24 03:05:35,rApp-CVaR/ML-Arbiter,xApp1-RANSlicer,implicit,global_health_policy,App1-Vigilancia,camera_throughput_mbps,22.5,25.0,-2.5,22.5,0.0,BLOCKED,FULL_POWER,FULL_POWER,100,BLOCKED,1.0,POWER_DOWN_ECO,NORMAL,,0.0,0.0,129.25,3.55025,3.500524214876033,474.9858195041322,0.09765734143751638,3,20,CVaR/ML global KPI -> energy recommendation -> App1 KPI -> rApp mitigation,CÂMERA SLA: Throughput 22.5Mbps < 25Mbps (mínimo),CÂMERA SLA: Throughput 22.5Mbps < 25Mbps (mínimo)
1777010740,2026-04-24 03:05:40,rApp-CVaR/ML-Arbiter,xApp1-RANSlicer,implicit,global_health_policy,App1-Vigilancia,camera_throughput_mbps,22.5,25.0,-2.5,22.5,0.0,BLOCKED,FULL_POWER,FULL_POWER,100,BLOCKED,1.0,POWER_DOWN_ECO,NORMAL,,0.0,0.0,129.5,3.55025,3.500711074380165,0.0,0.10009735701493332,3,20,CVaR/ML global KPI -> energy recommendation -> App1 KPI -> rApp mitigation,CÂMERA SLA: Throughput 22.5Mbps < 25Mbps (mínimo),CÂMERA SLA: Throughput 22.5Mbps < 25Mbps (mínimo)
1777010745,2026-04-24 03:05:45,rApp-CVaR/ML-Arbiter,xApp1-RANSlicer,implicit,global_health_policy,App1-Vigilancia,camera_throughput_mbps,22.5,25.0,-2.5,22.5,0.0,BLOCKED,FULL_POWER,FULL_POWER,100,BLOCKED,1.0,POWER_DOWN_ECO,NORMAL,,0.0,0.0,129.75,3.55025,3.500594958677686,474.9844337190083,0.10236455113580248,3,20,CVaR/ML global KPI -> energy recommendation -> App1 KPI -> rApp mitigation,CÂMERA SLA: Throughput 22.5Mbps < 25Mbps (mínimo),CÂMERA SLA: Throughput 22.5Mbps < 25Mbps (mínimo)
1777010750,2026-04-24 03:05:50,rApp-CVaR/ML-Arbiter,xApp1-RANSlicer,implicit,global_health_policy,App1-Vigilancia,camera_throughput_mbps,22.5,25.0,-2.5,22.5,0.0,BLOCKED,FULL_POWER,FULL_POWER,100,BLOCKED,1.0,POWER_DOWN_ECO,NORMAL,,0.0,0.0,130.0,3.55025,3.5005209090909095,0.0,0.10228206473958854,3,20,CVaR/ML global KPI -> energy recommendation -> App1 KPI -> rApp mitigation,CÂMERA SLA: Throughput 22.5Mbps < 25Mbps (mínimo),CÂMERA SLA: Throughput 22.5Mbps < 25Mbps (mínimo)
1777010755,2026-04-24 03:05:55,rApp-CVaR/ML-Arbiter,xApp1-RANSlicer,implicit,global_health_policy,App1-Vigilancia,camera_throughput_mbps,22.5,25.0,-2.5,22.5,0.0,BLOCKED,FULL_POWER,FULL_POWER,100,BLOCKED,1.0,POWER_DOWN_ECO,NORMAL,,0.0,0.0,130.0,3.55025,3.5005209090909095,474.98304793388434,0.10185638360990991,3,20,CVaR/ML global KPI -> energy recommendation -> App1 KPI -> rApp mitigation,CÂMERA SLA: Throughput 22.5Mbps < 25Mbps (mínimo),CÂMERA SLA: Throughput 22.5Mbps < 25Mbps (mínimo)
1777010820,2026-04-24 03:07:00,rApp-CVaR/ML-Arbiter,xApp1-RANSlicer,implicit,global_health_policy,App1-Vigilancia,camera_throughput_mbps,22.5,25.0,-2.5,,,BLOCKED,FULL_POWER,FULL_POWER,100,BLOCKED,1.0,POWER_DOWN_ECO,NORMAL,,0.0,0.0,131.75,3.55025,3.500649421487603,474.98616595041324,0.09730332450113555,3,20,CVaR/ML global KPI -> energy recommendation -> App1 KPI -> rApp mitigation,CÂMERA SLA: Throughput 22.5Mbps < 25Mbps (mínimo),CÂMERA SLA: Throughput 22.5Mbps < 25Mbps (mínimo)
1777010825,2026-04-24 03:07:05,rApp-CVaR/ML-Arbiter,xApp1-RANSlicer,implicit,global_health_policy,App1-Vigilancia,camera_throughput_mbps,22.5,25.0,-2.5,22.5,0.0,BLOCKED,FULL_POWER,FULL_POWER,100,BLOCKED,1.0,POWER_DOWN_ECO,NORMAL,,0.0,0.0,132.0,3.55025,3.5008033884297522,0.0,0.09991985250419529,3,20,CVaR/ML global KPI -> energy recommendation -> App1 KPI -> rApp mitigation,CÂMERA SLA: Throughput 22.5Mbps < 25Mbps (mínimo),CÂMERA SLA: Throughput 22.5Mbps < 25Mbps (mínimo)
1777010830,2026-04-24 03:07:10,rApp-CVaR/ML-Arbiter,xApp1-RANSlicer,implicit,global_health_policy,App1-Vigilancia,camera_throughput_mbps,22.5,25.0,-2.5,22.5,0.0,BLOCKED,FULL_POWER,FULL_POWER,100,BLOCKED,1.0,POWER_DOWN_ECO,NORMAL,,0.0,0.0,132.0,3.55025,3.5008033884297522,474.9858195041322,0.10035886292034221,3,20,CVaR/ML global KPI -> energy recommendation -> App1 KPI -> rApp mitigation,CÂMERA SLA: Throughput 22.5Mbps < 25Mbps (mínimo),CÂMERA SLA: Throughput 22.5Mbps < 25Mbps (mínimo)
1777010835,2026-04-24 03:07:15,rApp-CVaR/ML-Arbiter,xApp1-RANSlicer,implicit,global_health_policy,App1-Vigilancia,camera_throughput_mbps,22.5,25.0,-2.5,22.5,0.0,BLOCKED,FULL_POWER,FULL_POWER,100,BLOCKED,1.0,POWER_DOWN_ECO,NORMAL,,0.0,0.0,132.25,3.55025,3.500734297520661,0.0,0.10200780324715127,3,20,CVaR/ML global KPI -> energy recommendation -> App1 KPI -> rApp mitigation,CÂMERA SLA: Throughput 22.5Mbps < 25Mbps (mínimo),CÂMERA SLA: Throughput 22.5Mbps < 25Mbps (mínimo)
1777010840,2026-04-24 03:07:20,rApp-CVaR/ML-Arbiter,xApp1-RANSlicer,implicit,global_health_policy,App1-Vigilancia,camera_throughput_mbps,22.5,25.0,-2.5,22.5,0.0,BLOCKED,FULL_POWER,FULL_POWER,100,BLOCKED,1.0,POWER_DOWN_ECO,NORMAL,,0.0,0.0,132.25,3.55025,3.500734297520661,474.98478016528924,0.10060822012098766,3,20,CVaR/ML global KPI -> energy recommendation -> App1 KPI -> rApp mitigation,CÂMERA SLA: Throughput 22.5Mbps < 25Mbps (mínimo),CÂMERA SLA: Throughput 22.5Mbps < 25Mbps (mínimo)
1777010845,2026-04-24 03:07:25,rApp-CVaR/ML-Arbiter,xApp1-RANSlicer,implicit,global_health_policy,App1-Vigilancia,camera_throughput_mbps,22.5,25.0,-2.5,22.5,0.0,BLOCKED,FULL_POWER,FULL_POWER,100,BLOCKED,1.0,POWER_DOWN_ECO,NORMAL,,0.0,0.0,132.5,3.55025,3.5005671074380165,0.16768,0.10253156177382297,3,20,CVaR/ML global KPI -> energy recommendation -> App1 KPI -> rApp mitigation,CÂMERA SLA: Throughput 22.5Mbps < 25Mbps (mínimo),CÂMERA SLA: Throughput 22.5Mbps < 25Mbps (mínimo)
1777010850,2026-04-24 03:07:30,rApp-CVaR/ML-Arbiter,xApp1-RANSlicer,implicit,global_health_policy,App1-Vigilancia,camera_throughput_mbps,22.5,25.0,-2.5,22.5,0.0,BLOCKED,FULL_POWER,FULL_POWER,100,BLOCKED,1.0,POWER_DOWN_ECO,NORMAL,,0.0,0.0,132.5,3.55025,3.5005671074380165,474.98616595041324,0.10360357628777617,3,20,CVaR/ML global KPI -> energy recommendation -> App1 KPI -> rApp mitigation,CÂMERA SLA: Throughput 22.5Mbps < 25Mbps (mínimo),CÂMERA SLA: Throughput 22.5Mbps < 25Mbps (mínimo)
1777010855,2026-04-24 03:07:35,rApp-CVaR/ML-Arbiter,xApp1-RANSlicer,implicit,global_health_policy,App1-Vigilancia,camera_throughput_mbps,22.5,25.0,-2.5,22.5,0.0,BLOCKED,FULL_POWER,FULL_POWER,100,BLOCKED,1.0,POWER_DOWN_ECO,NORMAL,,0.0,0.0,132.75,3.55025,3.5008845454545456,0.0,0.10370829134950822,3,20,CVaR/ML global KPI -> energy recommendation -> App1 KPI -> rApp mitigation,CÂMERA SLA: Throughput 22.5Mbps < 25Mbps (mínimo),CÂMERA SLA: Throughput 22.5Mbps < 25Mbps (mínimo)
1777010860,2026-04-24 03:07:40,rApp-CVaR/ML-Arbiter,xApp1-RANSlicer,implicit,global_health_policy,App1-Vigilancia,camera_throughput_mbps,22.5,25.0,-2.5,22.5,0.0,BLOCKED,FULL_POWER,FULL_POWER,100,BLOCKED,1.0,POWER_DOWN_ECO,NORMAL,,0.0,0.0,133.0,3.55025,3.5007128925619835,2.096,0.10455238330983198,3,20,CVaR/ML global KPI -> energy recommendation -> App1 KPI -> rApp mitigation,CÂMERA SLA: Throughput 22.5Mbps < 25Mbps (mínimo),CÂMERA SLA: Throughput 22.5Mbps < 25Mbps (mínimo)
1777010865,2026-04-24 03:07:45,rApp-CVaR/ML-Arbiter,xApp1-RANSlicer,implicit,global_health_policy,App1-Vigilancia,camera_throughput_mbps,22.5,25.0,-2.5,22.5,0.0,BLOCKED,FULL_POWER,FULL_POWER,100,BLOCKED,1.0,POWER_DOWN_ECO,NORMAL,,0.0,0.0,133.0,3.55025,3.5007128925619835,475.0021024793388,0.10338179021267613,3,20,CVaR/ML global KPI -> energy recommendation -> App1 KPI -> rApp mitigation,CÂMERA SLA: Throughput 22.5Mbps < 25Mbps (mínimo),CÂMERA SLA: Throughput 22.5Mbps < 25Mbps (mínimo)
1777010870,2026-04-24 03:07:50,rApp-CVaR/ML-Arbiter,xApp1-RANSlicer,implicit,global_health_policy,App1-Vigilancia,camera_throughput_mbps,22.5,25.0,-2.5,22.5,0.0,BLOCKED,FULL_POWER,FULL_POWER,100,BLOCKED,1.0,POWER_DOWN_ECO,NORMAL,,0.0,0.0,133.25,3.55025,3.5006354545454546,0.0,0.10563153138208145,3,20,CVaR/ML global KPI -> energy recommendation -> App1 KPI -> rApp mitigation,CÂMERA SLA: Throughput 22.5Mbps < 25Mbps (mínimo),CÂMERA SLA: Throughput 22.5Mbps < 25Mbps (mínimo)
1777010875,2026-04-24 03:07:55,rApp-CVaR/ML-Arbiter,xApp1-RANSlicer,implicit,global_health_policy,App1-Vigilancia,camera_throughput_mbps,22.5,25.0,-2.5,22.5,0.0,BLOCKED,FULL_POWER,FULL_POWER,100,BLOCKED,1.0,POWER_DOWN_ECO,NORMAL,,0.0,0.0,133.25,3.55025,3.5006354545454546,474.98720528925617,0.10425800701652319,3,20,CVaR/ML global KPI -> energy recommendation -> App1 KPI -> rApp mitigation,CÂMERA SLA: Throughput 22.5Mbps < 25Mbps (mínimo),CÂMERA SLA: Throughput 22.5Mbps < 25Mbps (mínimo)
1777010940,2026-04-24 03:09:00,rApp-CVaR/ML-Arbiter,xApp1-RANSlicer,implicit,global_health_policy,App1-Vigilancia,camera_throughput_mbps,22.5,25.0,-2.5,,,BLOCKED,FULL_POWER,FULL_POWER,100,BLOCKED,1.0,POWER_DOWN_ECO,NORMAL,,0.0,0.0,135.0,3.55025,3.50055347107438,474.9827014876033,0.10344420503997434,3,20,CVaR/ML global KPI -> energy recommendation -> App1 KPI -> rApp mitigation,CÂMERA SLA: Throughput 22.5Mbps < 25Mbps (mínimo),CÂMERA SLA: Throughput 22.5Mbps < 25Mbps (mínimo)
1777010945,2026-04-24 03:09:05,rApp-CVaR/ML-Arbiter,xApp1-RANSlicer,implicit,global_health_policy,App1-Vigilancia,camera_throughput_mbps,22.5,25.0,-2.5,22.5,0.0,BLOCKED,FULL_POWER,FULL_POWER,100,BLOCKED,1.0,POWER_DOWN_ECO,NORMAL,,0.0,0.0,135.25,3.55025,3.500486033057851,2.22176,0.10591380728414262,3,20,CVaR/ML global KPI -> energy recommendation -> App1 KPI -> rApp mitigation,CÂMERA SLA: Throughput 22.5Mbps < 25Mbps (mínimo),CÂMERA SLA: Throughput 22.5Mbps < 25Mbps (mínimo)
1777010950,2026-04-24 03:09:10,rApp-CVaR/ML-Arbiter,xApp1-RANSlicer,implicit,global_health_policy,App1-Vigilancia,camera_throughput_mbps,22.5,25.0,-2.5,22.5,0.0,BLOCKED,FULL_POWER,FULL_POWER,100,BLOCKED,1.0,POWER_DOWN_ECO,NORMAL,,0.0,0.0,135.5,3.55025,3.5004411570247935,0.0,0.10633301283874046,3,20,CVaR/ML global KPI -> energy recommendation -> App1 KPI -> rApp mitigation,CÂMERA SLA: Throughput 22.5Mbps < 25Mbps (mínimo),CÂMERA SLA: Throughput 22.5Mbps < 25Mbps (mínimo)
1777010955,2026-04-24 03:09:15,rApp-CVaR/ML-Arbiter,xApp1-RANSlicer,implicit,global_health_policy,App1-Vigilancia,camera_throughput_mbps,22.5,25.0,-2.5,22.5,0.0,BLOCKED,FULL_POWER,FULL_POWER,100,BLOCKED,1.0,POWER_DOWN_ECO,NORMAL,,0.0,0.0,135.5,3.55025,3.5004411570247935,474.98478016528924,0.10462223147978127,3,20,CVaR/ML global KPI -> energy recommendation -> App1 KPI -> rApp mitigation,CÂMERA SLA: Throughput 22.5Mbps < 25Mbps (mínimo),CÂMERA SLA: Throughput 22.5Mbps < 25Mbps (mínimo)
1777010960,2026-04-24 03:09:20,rApp-CVaR/ML-Arbiter,xApp1-RANSlicer,implicit,global_health_policy,App1-Vigilancia,camera_throughput_mbps,22.5,25.0,-2.5,22.5,0.0,BLOCKED,FULL_POWER,FULL_POWER,100,BLOCKED,1.0,POWER_DOWN_ECO,NORMAL,,0.0,0.0,135.75,3.55025,3.5003038842975207,1.048,0.1015137750319606,3,20,CVaR/ML global KPI -> energy recommendation -> App1 KPI -> rApp mitigation,CÂMERA SLA: Throughput 22.5Mbps < 25Mbps (mínimo),CÂMERA SLA: Throughput 22.5Mbps < 25Mbps (mínimo)
1777010965,2026-04-24 03:09:25,rApp-CVaR/ML-Arbiter,xApp1-RANSlicer,implicit,global_health_policy,App1-Vigilancia,camera_throughput_mbps,22.5,25.0,-2.5,22.5,0.0,BLOCKED,FULL_POWER,FULL_POWER,100,BLOCKED,1.0,POWER_DOWN_ECO,NORMAL,,0.0,0.0,135.75,3.55025,3.5003038842975207,474.993441322314,0.09805386691245647,3,20,CVaR/ML global KPI -> energy recommendation -> App1 KPI -> rApp mitigation,CÂMERA SLA: Throughput 22.5Mbps < 25Mbps (mínimo),CÂMERA SLA: Throughput 22.5Mbps < 25Mbps (mínimo)
1777010970,2026-04-24 03:09:30,rApp-CVaR/ML-Arbiter,xApp1-RANSlicer,implicit,global_health_policy,App1-Vigilancia,camera_throughput_mbps,22.5,25.0,-2.5,22.5,0.0,BLOCKED,FULL_POWER,FULL_POWER,100,BLOCKED,1.0,POWER_DOWN_ECO,NORMAL,,0.0,0.0,136.0,3.55025,3.500473884297521,0.0,0.0985087536629274,3,20,CVaR/ML global KPI -> energy recommendation -> App1 KPI -> rApp mitigation,CÂMERA SLA: Throughput 22.5Mbps < 25Mbps (mínimo),CÂMERA SLA: Throughput 22.5Mbps < 25Mbps (mínimo)
1777010975,2026-04-24 03:09:35,rApp-CVaR/ML-Arbiter,xApp1-RANSlicer,implicit,global_health_policy,App1-Vigilancia,camera_throughput_mbps,22.5,25.0,-2.5,22.5,0.0,BLOCKED,FULL_POWER,FULL_POWER,100,BLOCKED,1.0,POWER_DOWN_ECO,NORMAL,,0.0,0.0,136.0,3.55025,3.500473884297521,474.98928396694214,0.09942573595810932,3,20,CVaR/ML global KPI -> energy recommendation -> App1 KPI -> rApp mitigation,CÂMERA SLA: Throughput 22.5Mbps < 25Mbps (mínimo),CÂMERA SLA: Throughput 22.5Mbps < 25Mbps (mínimo)
1777010980,2026-04-24 03:09:40,rApp-CVaR/ML-Arbiter,xApp1-RANSlicer,implicit,global_health_policy,App1-Vigilancia,camera_throughput_mbps,22.5,25.0,-2.5,22.5,0.0,BLOCKED,FULL_POWER,FULL_POWER,100,BLOCKED,1.0,POWER_DOWN_ECO,NORMAL,,0.0,0.0,136.25,3.55025,3.500410082644628,0.0,0.09821882922616436,3,20,CVaR/ML global KPI -> energy recommendation -> App1 KPI -> rApp mitigation,CÂMERA SLA: Throughput 22.5Mbps < 25Mbps (mínimo),CÂMERA SLA: Throughput 22.5Mbps < 25Mbps (mínimo)
1777010985,2026-04-24 03:09:45,rApp-CVaR/ML-Arbiter,xApp1-RANSlicer,implicit,global_health_policy,App1-Vigilancia,camera_throughput_mbps,22.5,25.0,-2.5,22.5,0.0,BLOCKED,FULL_POWER,FULL_POWER,100,BLOCKED,1.0,POWER_DOWN_ECO,NORMAL,,0.0,0.0,136.5,3.55025,3.50065694214876,0.16768,0.09563856919154763,3,20,CVaR/ML global KPI -> energy recommendation -> App1 KPI -> rApp mitigation,CÂMERA SLA: Throughput 22.5Mbps < 25Mbps (mínimo),CÂMERA SLA: Throughput 22.5Mbps < 25Mbps (mínimo)
1777010990,2026-04-24 03:09:50,rApp-CVaR/ML-Arbiter,xApp1-RANSlicer,implicit,global_health_policy,App1-Vigilancia,camera_throughput_mbps,22.5,25.0,-2.5,22.5,0.0,BLOCKED,FULL_POWER,FULL_POWER,100,BLOCKED,1.0,POWER_DOWN_ECO,NORMAL,,0.0,0.0,136.5,3.55025,3.50065694214876,474.98512661157025,0.09654382191454167,3,20,CVaR/ML global KPI -> energy recommendation -> App1 KPI -> rApp mitigation,CÂMERA SLA: Throughput 22.5Mbps < 25Mbps (mínimo),CÂMERA SLA: Throughput 22.5Mbps < 25Mbps (mínimo)
1777010995,2026-04-24 03:09:55,rApp-CVaR/ML-Arbiter,xApp1-RANSlicer,implicit,global_health_policy,App1-Vigilancia,camera_throughput_mbps,22.5,25.0,-2.5,22.5,0.0,BLOCKED,FULL_POWER,FULL_POWER,100,BLOCKED,1.0,POWER_DOWN_ECO,NORMAL,,0.0,0.0,136.75,3.55025,3.5004878512396695,0.0,0.094096783914866,3,20,CVaR/ML global KPI -> energy recommendation -> App1 KPI -> rApp mitigation,CÂMERA SLA: Throughput 22.5Mbps < 25Mbps (mínimo),CÂMERA SLA: Throughput 22.5Mbps < 25Mbps (mínimo)
1777011060,2026-04-24 03:11:00,rApp-CVaR/ML-Arbiter,xApp1-RANSlicer,implicit,global_health_policy,App1-Vigilancia,camera_throughput_mbps,22.5,25.0,-2.5,,,BLOCKED,FULL_POWER,FULL_POWER,100,BLOCKED,1.0,POWER_DOWN_ECO,NORMAL,,0.0,0.0,138.25,3.55025,3.50038652892562,474.98720528925617,0.10753048574176113,3,20,CVaR/ML global KPI -> energy recommendation -> App1 KPI -> rApp mitigation,CÂMERA SLA: Throughput 22.5Mbps < 25Mbps (mínimo),CÂMERA SLA: Throughput 22.5Mbps < 25Mbps (mínimo)
1777011065,2026-04-24 03:11:05,rApp-CVaR/ML-Arbiter,xApp1-RANSlicer,implicit,global_health_policy,App1-Vigilancia,camera_throughput_mbps,22.5,25.0,-2.5,22.5,0.0,BLOCKED,FULL_POWER,FULL_POWER,100,BLOCKED,1.0,POWER_DOWN_ECO,NORMAL,,0.0,0.0,138.5,3.55025,3.500714876033058,0.0,0.10622108222778062,3,20,CVaR/ML global KPI -> energy recommendation -> App1 KPI -> rApp mitigation,CÂMERA SLA: Throughput 22.5Mbps < 25Mbps (mínimo),CÂMERA SLA: Throughput 22.5Mbps < 25Mbps (mínimo)
1777011070,2026-04-24 03:11:10,rApp-CVaR/ML-Arbiter,xApp1-RANSlicer,implicit,global_health_policy,App1-Vigilancia,camera_throughput_mbps,22.5,25.0,-2.5,22.5,0.0,BLOCKED,FULL_POWER,FULL_POWER,100,BLOCKED,1.0,POWER_DOWN_ECO,NORMAL,,0.0,0.0,138.75,3.55025,3.5007512396694214,0.41919999999999996,0.10315525711207393,3,20,CVaR/ML global KPI -> energy recommendation -> App1 KPI -> rApp mitigation,CÂMERA SLA: Throughput 22.5Mbps < 25Mbps (mínimo),CÂMERA SLA: Throughput 22.5Mbps < 25Mbps (mínimo)
1777011075,2026-04-24 03:11:15,rApp-CVaR/ML-Arbiter,xApp1-RANSlicer,implicit,global_health_policy,App1-Vigilancia,camera_throughput_mbps,22.5,25.0,-2.5,22.5,0.0,BLOCKED,FULL_POWER,FULL_POWER,100,BLOCKED,1.0,POWER_DOWN_ECO,NORMAL,,0.0,0.0,138.75,3.55025,3.5007512396694214,474.9865123966942,0.10164118630005138,3,20,CVaR/ML global KPI -> energy recommendation -> App1 KPI -> rApp mitigation,CÂMERA SLA: Throughput 22.5Mbps < 25Mbps (mínimo),CÂMERA SLA: Throughput 22.5Mbps < 25Mbps (mínimo)
1777011080,2026-04-24 03:11:20,rApp-CVaR/ML-Arbiter,xApp1-RANSlicer,implicit,global_health_policy,App1-Vigilancia,camera_throughput_mbps,22.5,25.0,-2.5,22.5,0.0,BLOCKED,FULL_POWER,FULL_POWER,100,BLOCKED,1.0,POWER_DOWN_ECO,NORMAL,,0.0,0.0,139.0,3.55025,3.5006975206611575,0.0,0.09934881350190203,3,20,CVaR/ML global KPI -> energy recommendation -> App1 KPI -> rApp mitigation,CÂMERA SLA: Throughput 22.5Mbps < 25Mbps (mínimo),CÂMERA SLA: Throughput 22.5Mbps < 25Mbps (mínimo)
1777011085,2026-04-24 03:11:25,rApp-CVaR/ML-Arbiter,xApp1-RANSlicer,implicit,global_health_policy,App1-Vigilancia,camera_throughput_mbps,22.5,25.0,-2.5,22.5,0.0,BLOCKED,FULL_POWER,FULL_POWER,100,BLOCKED,1.0,POWER_DOWN_ECO,NORMAL,,0.0,0.0,139.0,3.55025,3.5006975206611575,474.9827014876033,0.09763940997517537,3,20,CVaR/ML global KPI -> energy recommendation -> App1 KPI -> rApp mitigation,CÂMERA SLA: Throughput 22.5Mbps < 25Mbps (mínimo),CÂMERA SLA: Throughput 22.5Mbps < 25Mbps (mínimo)
1777011090,2026-04-24 03:11:30,rApp-CVaR/ML-Arbiter,xApp1-RANSlicer,implicit,global_health_policy,App1-Vigilancia,camera_throughput_mbps,22.5,25.0,-2.5,22.5,0.0,BLOCKED,FULL_POWER,FULL_POWER,100,BLOCKED,1.0,POWER_DOWN_ECO,NORMAL,,0.0,0.0,139.25,3.55025,3.500827603305785,0.08384,0.09838410691595169,3,20,CVaR/ML global KPI -> energy recommendation -> App1 KPI -> rApp mitigation,CÂMERA SLA: Throughput 22.5Mbps < 25Mbps (mínimo),CÂMERA SLA: Throughput 22.5Mbps < 25Mbps (mínimo)
1777011095,2026-04-24 03:11:35,rApp-CVaR/ML-Arbiter,xApp1-RANSlicer,implicit,global_health_policy,App1-Vigilancia,camera_throughput_mbps,22.5,25.0,-2.5,22.5,0.0,BLOCKED,FULL_POWER,FULL_POWER,100,BLOCKED,1.0,POWER_DOWN_ECO,NORMAL,,0.0,0.0,139.25,3.55025,3.500827603305785,474.98339438016524,0.0991419372939102,3,20,CVaR/ML global KPI -> energy recommendation -> App1 KPI -> rApp mitigation,CÂMERA SLA: Throughput 22.5Mbps < 25Mbps (mínimo),CÂMERA SLA: Throughput 22.5Mbps < 25Mbps (mínimo)
1777011100,2026-04-24 03:11:40,rApp-CVaR/ML-Arbiter,xApp1-RANSlicer,implicit,global_health_policy,App1-Vigilancia,camera_throughput_mbps,22.5,25.0,-2.5,22.5,0.0,BLOCKED,FULL_POWER,FULL_POWER,100,BLOCKED,1.0,POWER_DOWN_ECO,NORMAL,,0.0,0.0,139.5,3.55025,3.5009586776859507,0.0,0.09917643332979771,3,20,CVaR/ML global KPI -> energy recommendation -> App1 KPI -> rApp mitigation,CÂMERA SLA: Throughput 22.5Mbps < 25Mbps (mínimo),CÂMERA SLA: Throughput 22.5Mbps < 25Mbps (mínimo)
1777011105,2026-04-24 03:11:45,rApp-CVaR/ML-Arbiter,xApp1-RANSlicer,implicit,global_health_policy,App1-Vigilancia,camera_throughput_mbps,22.5,25.0,-2.5,22.5,0.0,BLOCKED,FULL_POWER,FULL_POWER,100,BLOCKED,1.0,POWER_DOWN_ECO,NORMAL,,0.0,0.0,139.75,3.55025,3.500897768595041,0.6287999999999999,0.1003369312122451,3,20,CVaR/ML global KPI -> energy recommendation -> App1 KPI -> rApp mitigation,CÂMERA SLA: Throughput 22.5Mbps < 25Mbps (mínimo),CÂMERA SLA: Throughput 22.5Mbps < 25Mbps (mínimo)
1777011110,2026-04-24 03:11:50,rApp-CVaR/ML-Arbiter,xApp1-RANSlicer,implicit,global_health_policy,App1-Vigilancia,camera_throughput_mbps,22.5,25.0,-2.5,22.5,0.0,BLOCKED,FULL_POWER,FULL_POWER,100,BLOCKED,1.0,POWER_DOWN_ECO,NORMAL,,0.0,0.0,139.75,3.55025,3.500897768595041,474.98859107438017,0.09933316490090491,3,20,CVaR/ML global KPI -> energy recommendation -> App1 KPI -> rApp mitigation,CÂMERA SLA: Throughput 22.5Mbps < 25Mbps (mínimo),CÂMERA SLA: Throughput 22.5Mbps < 25Mbps (mínimo)
1777011115,2026-04-24 03:11:55,rApp-CVaR/ML-Arbiter,xApp1-RANSlicer,implicit,global_health_policy,App1-Vigilancia,camera_throughput_mbps,22.5,25.0,-2.5,22.5,0.0,BLOCKED,FULL_POWER,FULL_POWER,100,BLOCKED,1.0,POWER_DOWN_ECO,NORMAL,,0.0,0.0,140.0,3.55025,3.500939173553719,0.0,0.09861988120012843,3,20,CVaR/ML global KPI -> energy recommendation -> App1 KPI -> rApp mitigation,CÂMERA SLA: Throughput 22.5Mbps < 25Mbps (mínimo),CÂMERA SLA: Throughput 22.5Mbps < 25Mbps (mínimo)
1777011180,2026-04-24 03:13:00,rApp-CVaR/ML-Arbiter,xApp1-RANSlicer,implicit,global_health_policy,App1-Vigilancia,camera_throughput_mbps,22.5,25.0,-2.5,,,BLOCKED,FULL_POWER,FULL_POWER,100,BLOCKED,1.0,POWER_DOWN_ECO,NORMAL,,0.0,0.0,141.75,3.54025,3.5003180165289254,0.0,0.09841973148154554,3,20,CVaR/ML global KPI -> energy recommendation -> App1 KPI -> rApp mitigation,CÂMERA SLA: Throughput 22.5Mbps < 25Mbps (mínimo),CÂMERA SLA: Throughput 22.5Mbps < 25Mbps (mínimo)
1777011185,2026-04-24 03:13:05,rApp-CVaR/ML-Arbiter,xApp1-RANSlicer,implicit,global_health_policy,App1-Vigilancia,camera_throughput_mbps,22.5,25.0,-2.5,22.5,0.0,BLOCKED,FULL_POWER,FULL_POWER,100,BLOCKED,1.0,POWER_DOWN_ECO,NORMAL,,0.0,0.0,141.75,3.54025,3.5003180165289254,474.98200859504135,0.0978700685382266,3,20,CVaR/ML global KPI -> energy recommendation -> App1 KPI -> rApp mitigation,CÂMERA SLA: Throughput 22.5Mbps < 25Mbps (mínimo),CÂMERA SLA: Throughput 22.5Mbps < 25Mbps (mínimo)
1777011190,2026-04-24 03:13:10,rApp-CVaR/ML-Arbiter,xApp1-RANSlicer,implicit,global_health_policy,App1-Vigilancia,camera_throughput_mbps,22.5,25.0,-2.5,22.5,0.0,BLOCKED,FULL_POWER,FULL_POWER,100,BLOCKED,1.0,POWER_DOWN_ECO,NORMAL,,0.0,0.0,142.0,3.54025,3.500455041322314,0.0,0.09592758160059603,3,20,CVaR/ML global KPI -> energy recommendation -> App1 KPI -> rApp mitigation,CÂMERA SLA: Throughput 22.5Mbps < 25Mbps (mínimo),CÂMERA SLA: Throughput 22.5Mbps < 25Mbps (mínimo)
1777011195,2026-04-24 03:13:15,rApp-CVaR/ML-Arbiter,xApp1-RANSlicer,implicit,global_health_policy,App1-Vigilancia,camera_throughput_mbps,22.5,25.0,-2.5,22.5,0.0,BLOCKED,FULL_POWER,FULL_POWER,100,BLOCKED,1.0,POWER_DOWN_ECO,NORMAL,,0.0,0.0,142.0,3.54025,3.500455041322314,474.98200859504135,0.09680182921390479,3,20,CVaR/ML global KPI -> energy recommendation -> App1 KPI -> rApp mitigation,CÂMERA SLA: Throughput 22.5Mbps < 25Mbps (mínimo),CÂMERA SLA: Throughput 22.5Mbps < 25Mbps (mínimo)
1777011200,2026-04-24 03:13:20,rApp-CVaR/ML-Arbiter,xApp1-RANSlicer,implicit,global_health_policy,App1-Vigilancia,camera_throughput_mbps,22.5,25.0,-2.5,22.5,0.0,BLOCKED,FULL_POWER,FULL_POWER,100,BLOCKED,1.0,POWER_DOWN_ECO,NORMAL,,0.0,0.0,142.25,3.54025,3.5003976033057853,0.0,0.0984345820917952,3,20,CVaR/ML global KPI -> energy recommendation -> App1 KPI -> rApp mitigation,CÂMERA SLA: Throughput 22.5Mbps < 25Mbps (mínimo),CÂMERA SLA: Throughput 22.5Mbps < 25Mbps (mínimo)
1777011205,2026-04-24 03:13:25,rApp-CVaR/ML-Arbiter,xApp1-RANSlicer,implicit,global_health_policy,App1-Vigilancia,camera_throughput_mbps,22.5,25.0,-2.5,22.5,0.0,BLOCKED,FULL_POWER,FULL_POWER,100,BLOCKED,1.0,POWER_DOWN_ECO,NORMAL,,0.0,0.0,142.5,3.54025,3.500377685950413,2.22176,0.10000910192208401,3,20,CVaR/ML global KPI -> energy recommendation -> App1 KPI -> rApp mitigation,CÂMERA SLA: Throughput 22.5Mbps < 25Mbps (mínimo),CÂMERA SLA: Throughput 22.5Mbps < 25Mbps (mínimo)
1777011210,2026-04-24 03:13:30,rApp-CVaR/ML-Arbiter,xApp1-RANSlicer,implicit,global_health_policy,App1-Vigilancia,camera_throughput_mbps,22.5,25.0,-2.5,22.5,0.0,BLOCKED,FULL_POWER,FULL_POWER,100,BLOCKED,1.0,POWER_DOWN_ECO,NORMAL,,0.0,0.0,142.5,3.54025,3.500377685950413,474.9996773553719,0.09875896319034896,3,20,CVaR/ML global KPI -> energy recommendation -> App1 KPI -> rApp mitigation,CÂMERA SLA: Throughput 22.5Mbps < 25Mbps (mínimo),CÂMERA SLA: Throughput 22.5Mbps < 25Mbps (mínimo)
1777011215,2026-04-24 03:13:35,rApp-CVaR/ML-Arbiter,xApp1-RANSlicer,implicit,global_health_policy,App1-Vigilancia,camera_throughput_mbps,22.5,25.0,-2.5,22.5,0.0,BLOCKED,FULL_POWER,FULL_POWER,100,BLOCKED,1.0,POWER_DOWN_ECO,NORMAL,,0.0,0.0,142.75,3.54025,3.5004590909090907,0.0,0.09909403094054907,3,20,CVaR/ML global KPI -> energy recommendation -> App1 KPI -> rApp mitigation,CÂMERA SLA: Throughput 22.5Mbps < 25Mbps (mínimo),CÂMERA SLA: Throughput 22.5Mbps < 25Mbps (mínimo)
1777011220,2026-04-24 03:13:40,rApp-CVaR/ML-Arbiter,xApp1-RANSlicer,implicit,global_health_policy,App1-Vigilancia,camera_throughput_mbps,22.5,25.0,-2.5,22.5,0.0,BLOCKED,FULL_POWER,FULL_POWER,100,BLOCKED,1.0,POWER_DOWN_ECO,NORMAL,,0.0,0.0,142.75,3.54025,3.5004590909090907,474.98304793388434,0.09955179464150402,3,20,CVaR/ML global KPI -> energy recommendation -> App1 KPI -> rApp mitigation,CÂMERA SLA: Throughput 22.5Mbps < 25Mbps (mínimo),CÂMERA SLA: Throughput 22.5Mbps < 25Mbps (mínimo)
1777011225,2026-04-24 03:13:45,rApp-CVaR/ML-Arbiter,xApp1-RANSlicer,implicit,global_health_policy,App1-Vigilancia,camera_throughput_mbps,22.5,25.0,-2.5,22.5,0.0,BLOCKED,FULL_POWER,FULL_POWER,100,BLOCKED,1.0,POWER_DOWN_ECO,NORMAL,,0.0,0.0,143.0,3.54025,3.500380743801653,0.46112000000000003,0.1011868652339583,3,20,CVaR/ML global KPI -> energy recommendation -> App1 KPI -> rApp mitigation,CÂMERA SLA: Throughput 22.5Mbps < 25Mbps (mínimo),CÂMERA SLA: Throughput 22.5Mbps < 25Mbps (mínimo)
1777011230,2026-04-24 03:13:50,rApp-CVaR/ML-Arbiter,xApp1-RANSlicer,implicit,global_health_policy,App1-Vigilancia,camera_throughput_mbps,22.5,25.0,-2.5,22.5,0.0,BLOCKED,FULL_POWER,FULL_POWER,100,BLOCKED,1.0,POWER_DOWN_ECO,NORMAL,,0.0,0.0,143.25,3.54025,3.500528016528926,0.04192,0.09802385232578147,3,20,CVaR/ML global KPI -> energy recommendation -> App1 KPI -> rApp mitigation,CÂMERA SLA: Throughput 22.5Mbps < 25Mbps (mínimo),CÂMERA SLA: Throughput 22.5Mbps < 25Mbps (mínimo)
1777011235,2026-04-24 03:13:55,rApp-CVaR/ML-Arbiter,xApp1-RANSlicer,implicit,global_health_policy,App1-Vigilancia,camera_throughput_mbps,22.5,25.0,-2.5,22.5,0.0,BLOCKED,FULL_POWER,FULL_POWER,100,BLOCKED,1.0,POWER_DOWN_ECO,NORMAL,,0.0,0.0,143.25,3.54025,3.500528016528926,474.98720528925617,0.09973665697143866,3,20,CVaR/ML global KPI -> energy recommendation -> App1 KPI -> rApp mitigation,CÂMERA SLA: Throughput 22.5Mbps < 25Mbps (mínimo),CÂMERA SLA: Throughput 22.5Mbps < 25Mbps (mínimo)
1777011299,2026-04-24 03:14:59,rApp-CVaR/ML-Arbiter,xApp1-RANSlicer,implicit,global_health_policy,App1-Vigilancia,camera_throughput_mbps,22.5,25.0,-2.5,,,BLOCKED,FULL_POWER,FULL_POWER,100,BLOCKED,1.0,POWER_DOWN_ECO,NORMAL,,0.0,0.0,145.0,3.54025,3.5006967768595043,474.98512661157025,0.10629183839789753,3,20,CVaR/ML global KPI -> energy recommendation -> App1 KPI -> rApp mitigation,CÂMERA SLA: Throughput 22.5Mbps < 25Mbps (mínimo),CÂMERA SLA: Throughput 22.5Mbps < 25Mbps (mínimo)
1777011304,2026-04-24 03:15:04,rApp-CVaR/ML-Arbiter,xApp1-RANSlicer,implicit,global_health_policy,App1-Vigilancia,camera_throughput_mbps,22.5,25.0,-2.5,22.5,0.0,BLOCKED,FULL_POWER,FULL_POWER,100,BLOCKED,1.0,POWER_DOWN_ECO,NORMAL,,0.0,0.0,145.25,3.54025,3.500579338842975,1.38336,0.104545620680466,3,20,CVaR/ML global KPI -> energy recommendation -> App1 KPI -> rApp mitigation,CÂMERA SLA: Throughput 22.5Mbps < 25Mbps (mínimo),CÂMERA SLA: Throughput 22.5Mbps < 25Mbps (mínimo)
1777011310,2026-04-24 03:15:10,rApp-CVaR/ML-Arbiter,xApp1-RANSlicer,implicit,global_health_policy,App1-Vigilancia,camera_throughput_mbps,22.5,25.0,-2.5,22.5,0.0,BLOCKED,FULL_POWER,FULL_POWER,100,BLOCKED,1.0,POWER_DOWN_ECO,NORMAL,,0.0,0.0,145.25,3.54025,3.500579338842975,474.996559338843,0.10487411301125181,3,20,CVaR/ML global KPI -> energy recommendation -> App1 KPI -> rApp mitigation,CÂMERA SLA: Throughput 22.5Mbps < 25Mbps (mínimo),CÂMERA SLA: Throughput 22.5Mbps < 25Mbps (mínimo)
1777011315,2026-04-24 03:15:15,rApp-CVaR/ML-Arbiter,xApp1-RANSlicer,implicit,global_health_policy,App1-Vigilancia,camera_throughput_mbps,22.5,25.0,-2.5,22.5,0.0,BLOCKED,FULL_POWER,FULL_POWER,100,BLOCKED,1.0,POWER_DOWN_ECO,NORMAL,,0.0,0.0,145.5,3.54025,3.5003404958677686,0.0,0.10457402602160076,3,20,CVaR/ML global KPI -> energy recommendation -> App1 KPI -> rApp mitigation,CÂMERA SLA: Throughput 22.5Mbps < 25Mbps (mínimo),CÂMERA SLA: Throughput 22.5Mbps < 25Mbps (mínimo)
1777011320,2026-04-24 03:15:20,rApp-CVaR/ML-Arbiter,xApp1-RANSlicer,implicit,global_health_policy,App1-Vigilancia,camera_throughput_mbps,22.5,25.0,-2.5,22.5,0.0,BLOCKED,FULL_POWER,FULL_POWER,100,BLOCKED,1.0,POWER_DOWN_ECO,NORMAL,,0.0,0.0,145.75,3.54025,3.500210082644628,0.0,0.10154906348132318,3,20,CVaR/ML global KPI -> energy recommendation -> App1 KPI -> rApp mitigation,CÂMERA SLA: Throughput 22.5Mbps < 25Mbps (mínimo),CÂMERA SLA: Throughput 22.5Mbps < 25Mbps (mínimo)
1777011325,2026-04-24 03:15:25,rApp-CVaR/ML-Arbiter,xApp1-RANSlicer,implicit,global_health_policy,App1-Vigilancia,camera_throughput_mbps,22.5,25.0,-2.5,22.5,0.0,BLOCKED,FULL_POWER,FULL_POWER,100,BLOCKED,1.0,POWER_DOWN_ECO,NORMAL,,0.0,0.0,145.75,3.54025,3.500210082644628,474.98200859504135,0.1006110096053879,3,20,CVaR/ML global KPI -> energy recommendation -> App1 KPI -> rApp mitigation,CÂMERA SLA: Throughput 22.5Mbps < 25Mbps (mínimo),CÂMERA SLA: Throughput 22.5Mbps < 25Mbps (mínimo)
1777011330,2026-04-24 03:15:30,rApp-CVaR/ML-Arbiter,xApp1-RANSlicer,implicit,global_health_policy,App1-Vigilancia,camera_throughput_mbps,22.5,25.0,-2.5,22.5,0.0,BLOCKED,FULL_POWER,FULL_POWER,100,BLOCKED,1.0,POWER_DOWN_ECO,NORMAL,,0.0,0.0,146.0,3.54025,3.5003532231404955,0.54496,0.10137282619811444,3,20,CVaR/ML global KPI -> energy recommendation -> App1 KPI -> rApp mitigation,CÂMERA SLA: Throughput 22.5Mbps < 25Mbps (mínimo),CÂMERA SLA: Throughput 22.5Mbps < 25Mbps (mínimo)
1777011335,2026-04-24 03:15:35,rApp-CVaR/ML-Arbiter,xApp1-RANSlicer,implicit,global_health_policy,App1-Vigilancia,camera_throughput_mbps,22.5,25.0,-2.5,22.5,0.0,BLOCKED,FULL_POWER,FULL_POWER,100,BLOCKED,1.0,POWER_DOWN_ECO,NORMAL,,0.0,0.0,146.0,3.54025,3.5003532231404955,0.54496,0.10137282619811444,3,20,CVaR/ML global KPI -> energy recommendation -> App1 KPI -> rApp mitigation,CÂMERA SLA: Throughput 22.5Mbps < 25Mbps (mínimo),CÂMERA SLA: Throughput 22.5Mbps < 25Mbps (mínimo)
1777011340,2026-04-24 03:15:40,rApp-CVaR/ML-Arbiter,xApp1-RANSlicer,implicit,global_health_policy,App1-Vigilancia,camera_throughput_mbps,22.5,25.0,-2.5,22.5,0.0,BLOCKED,FULL_POWER,FULL_POWER,100,BLOCKED,1.0,POWER_DOWN_ECO,NORMAL,,0.0,0.0,146.25,3.54025,3.500278429752066,0.0,0.0988836557072356,3,20,CVaR/ML global KPI -> energy recommendation -> App1 KPI -> rApp mitigation,CÂMERA SLA: Throughput 22.5Mbps < 25Mbps (mínimo),CÂMERA SLA: Throughput 22.5Mbps < 25Mbps (mínimo)
1777011345,2026-04-24 03:15:45,rApp-CVaR/ML-Arbiter,xApp1-RANSlicer,implicit,global_health_policy,App1-Vigilancia,camera_throughput_mbps,22.5,25.0,-2.5,22.5,0.0,BLOCKED,FULL_POWER,FULL_POWER,100,BLOCKED,1.0,POWER_DOWN_ECO,NORMAL,,0.0,0.0,146.25,3.54025,3.500278429752066,474.98200859504135,0.09807419780337272,3,20,CVaR/ML global KPI -> energy recommendation -> App1 KPI -> rApp mitigation,CÂMERA SLA: Throughput 22.5Mbps < 25Mbps (mínimo),CÂMERA SLA: Throughput 22.5Mbps < 25Mbps (mínimo)
1777011350,2026-04-24 03:15:50,rApp-CVaR/ML-Arbiter,xApp1-RANSlicer,implicit,global_health_policy,App1-Vigilancia,camera_throughput_mbps,22.5,25.0,-2.5,22.5,0.0,BLOCKED,FULL_POWER,FULL_POWER,100,BLOCKED,1.0,POWER_DOWN_ECO,NORMAL,,0.0,0.0,146.5,3.54025,3.500474214876033,0.12576,0.09845810171762992,3,20,CVaR/ML global KPI -> energy recommendation -> App1 KPI -> rApp mitigation,CÂMERA SLA: Throughput 22.5Mbps < 25Mbps (mínimo),CÂMERA SLA: Throughput 22.5Mbps < 25Mbps (mínimo)
1777011355,2026-04-24 03:15:55,rApp-CVaR/ML-Arbiter,xApp1-RANSlicer,implicit,global_health_policy,App1-Vigilancia,camera_throughput_mbps,22.5,25.0,-2.5,22.5,0.0,BLOCKED,FULL_POWER,FULL_POWER,100,BLOCKED,1.0,POWER_DOWN_ECO,NORMAL,,0.0,0.0,146.5,3.54025,3.500474214876033,474.98304793388434,0.09473206461371896,3,20,CVaR/ML global KPI -> energy recommendation -> App1 KPI -> rApp mitigation,CÂMERA SLA: Throughput 22.5Mbps < 25Mbps (mínimo),CÂMERA SLA: Throughput 22.5Mbps < 25Mbps (mínimo)
1777011419,2026-04-24 03:16:59,rApp-CVaR/ML-Arbiter,xApp1-RANSlicer,implicit,global_health_policy,App1-Vigilancia,camera_throughput_mbps,22.5,25.0,-2.5,,,BLOCKED,FULL_POWER,FULL_POWER,100,BLOCKED,1.0,POWER_DOWN_ECO,NORMAL,,0.0,0.0,148.5,3.54025,3.500514049586777,0.0,0.0946970362957407,3,20,CVaR/ML global KPI -> energy recommendation -> App1 KPI -> rApp mitigation,CÂMERA SLA: Throughput 22.5Mbps < 25Mbps (mínimo),CÂMERA SLA: Throughput 22.5Mbps < 25Mbps (mínimo)
1777011424,2026-04-24 03:17:04,rApp-CVaR/ML-Arbiter,xApp1-RANSlicer,implicit,global_health_policy,App1-Vigilancia,camera_throughput_mbps,22.5,25.0,-2.5,22.5,0.0,BLOCKED,FULL_POWER,FULL_POWER,100,BLOCKED,1.0,POWER_DOWN_ECO,NORMAL,,0.0,0.0,148.5,3.54025,3.500514049586777,474.98304793388434,0.0927131271714072,3,20,CVaR/ML global KPI -> energy recommendation -> App1 KPI -> rApp mitigation,CÂMERA SLA: Throughput 22.5Mbps < 25Mbps (mínimo),CÂMERA SLA: Throughput 22.5Mbps < 25Mbps (mínimo)
1777011430,2026-04-24 03:17:10,rApp-CVaR/ML-Arbiter,xApp1-RANSlicer,implicit,global_health_policy,App1-Vigilancia,camera_throughput_mbps,22.5,25.0,-2.5,22.5,0.0,BLOCKED,FULL_POWER,FULL_POWER,100,BLOCKED,1.0,POWER_DOWN_ECO,NORMAL,,0.0,0.0,148.75,3.54025,3.500398512396694,0.0,0.09181760281782586,3,20,CVaR/ML global KPI -> energy recommendation -> App1 KPI -> rApp mitigation,CÂMERA SLA: Throughput 22.5Mbps < 25Mbps (mínimo),CÂMERA SLA: Throughput 22.5Mbps < 25Mbps (mínimo)
1777011435,2026-04-24 03:17:15,rApp-CVaR/ML-Arbiter,xApp1-RANSlicer,implicit,global_health_policy,App1-Vigilancia,camera_throughput_mbps,22.5,25.0,-2.5,22.5,0.0,BLOCKED,FULL_POWER,FULL_POWER,100,BLOCKED,1.0,POWER_DOWN_ECO,NORMAL,,0.0,0.0,148.75,3.54025,3.500398512396694,474.98304793388434,0.0935921136338604,3,20,CVaR/ML global KPI -> energy recommendation -> App1 KPI -> rApp mitigation,CÂMERA SLA: Throughput 22.5Mbps < 25Mbps (mínimo),CÂMERA SLA: Throughput 22.5Mbps < 25Mbps (mínimo)
1777011440,2026-04-24 03:17:20,rApp-CVaR/ML-Arbiter,xApp1-RANSlicer,implicit,global_health_policy,App1-Vigilancia,camera_throughput_mbps,22.5,25.0,-2.5,22.5,0.0,BLOCKED,FULL_POWER,FULL_POWER,100,BLOCKED,1.0,POWER_DOWN_ECO,NORMAL,,0.0,0.0,149.0,3.54025,3.5003328099173556,0.0,0.0954263812693696,3,20,CVaR/ML global KPI -> energy recommendation -> App1 KPI -> rApp mitigation,CÂMERA SLA: Throughput 22.5Mbps < 25Mbps (mínimo),CÂMERA SLA: Throughput 22.5Mbps < 25Mbps (mínimo)
1777011445,2026-04-24 03:17:25,rApp-CVaR/ML-Arbiter,xApp1-RANSlicer,implicit,global_health_policy,App1-Vigilancia,camera_throughput_mbps,22.5,25.0,-2.5,22.5,0.0,BLOCKED,FULL_POWER,FULL_POWER,100,BLOCKED,1.0,POWER_DOWN_ECO,NORMAL,,0.0,0.0,149.25,3.54025,3.5002536363636363,0.50304,0.09452817096280373,3,20,CVaR/ML global KPI -> energy recommendation -> App1 KPI -> rApp mitigation,CÂMERA SLA: Throughput 22.5Mbps < 25Mbps (mínimo),CÂMERA SLA: Throughput 22.5Mbps < 25Mbps (mínimo)
1777011450,2026-04-24 03:17:30,rApp-CVaR/ML-Arbiter,xApp1-RANSlicer,implicit,global_health_policy,App1-Vigilancia,camera_throughput_mbps,22.5,25.0,-2.5,22.5,0.0,BLOCKED,FULL_POWER,FULL_POWER,100,BLOCKED,1.0,POWER_DOWN_ECO,NORMAL,,0.0,0.0,149.25,3.54025,3.5002536363636363,474.98547305785127,0.09741002562823449,3,20,CVaR/ML global KPI -> energy recommendation -> App1 KPI -> rApp mitigation,CÂMERA SLA: Throughput 22.5Mbps < 25Mbps (mínimo),CÂMERA SLA: Throughput 22.5Mbps < 25Mbps (mínimo)
1777011455,2026-04-24 03:17:35,rApp-CVaR/ML-Arbiter,xApp1-RANSlicer,implicit,global_health_policy,App1-Vigilancia,camera_throughput_mbps,22.5,25.0,-2.5,22.5,0.0,BLOCKED,FULL_POWER,FULL_POWER,100,BLOCKED,1.0,POWER_DOWN_ECO,NORMAL,,0.0,0.0,149.25,3.54025,3.5002536363636363,474.98547305785127,0.09741002562823449,3,20,CVaR/ML global KPI -> energy recommendation -> App1 KPI -> rApp mitigation,CÂMERA SLA: Throughput 22.5Mbps < 25Mbps (mínimo),CÂMERA SLA: Throughput 22.5Mbps < 25Mbps (mínimo)
1777011460,2026-04-24 03:17:40,rApp-CVaR/ML-Arbiter,xApp1-RANSlicer,implicit,global_health_policy,App1-Vigilancia,camera_throughput_mbps,22.5,25.0,-2.5,22.5,0.0,BLOCKED,FULL_POWER,FULL_POWER,100,BLOCKED,1.0,POWER_DOWN_ECO,NORMAL,,0.0,0.0,149.5,3.54025,3.5003130578512396,0.0,0.09724533223560763,3,20,CVaR/ML global KPI -> energy recommendation -> App1 KPI -> rApp mitigation,CÂMERA SLA: Throughput 22.5Mbps < 25Mbps (mínimo),CÂMERA SLA: Throughput 22.5Mbps < 25Mbps (mínimo)
1777011465,2026-04-24 03:17:45,rApp-CVaR/ML-Arbiter,xApp1-RANSlicer,implicit,global_health_policy,App1-Vigilancia,camera_throughput_mbps,22.5,25.0,-2.5,22.5,0.0,BLOCKED,FULL_POWER,FULL_POWER,100,BLOCKED,1.0,POWER_DOWN_ECO,NORMAL,,0.0,0.0,149.5,3.54025,3.5003130578512396,474.9827014876033,0.09849064074799745,3,20,CVaR/ML global KPI -> energy recommendation -> App1 KPI -> rApp mitigation,CÂMERA SLA: Throughput 22.5Mbps < 25Mbps (mínimo),CÂMERA SLA: Throughput 22.5Mbps < 25Mbps (mínimo)
1777011470,2026-04-24 03:17:50,rApp-CVaR/ML-Arbiter,xApp1-RANSlicer,implicit,global_health_policy,App1-Vigilancia,camera_throughput_mbps,22.5,25.0,-2.5,22.5,0.0,BLOCKED,FULL_POWER,FULL_POWER,100,BLOCKED,1.0,POWER_DOWN_ECO,NORMAL,,0.0,0.0,149.75,3.54025,3.5003230578512396,2.01216,0.0979511106645606,3,20,CVaR/ML global KPI -> energy recommendation -> App1 KPI -> rApp mitigation,CÂMERA SLA: Throughput 22.5Mbps < 25Mbps (mínimo),CÂMERA SLA: Throughput 22.5Mbps < 25Mbps (mínimo)
1777011475,2026-04-24 03:17:55,rApp-CVaR/ML-Arbiter,xApp1-RANSlicer,implicit,global_health_policy,App1-Vigilancia,camera_throughput_mbps,22.5,25.0,-2.5,22.5,0.0,BLOCKED,FULL_POWER,FULL_POWER,100,BLOCKED,1.0,POWER_DOWN_ECO,NORMAL,,0.0,0.0,150.0,3.54025,3.5004343801652893,0.0,0.10013975328999106,3,20,CVaR/ML global KPI -> energy recommendation -> App1 KPI -> rApp mitigation,CÂMERA SLA: Throughput 22.5Mbps < 25Mbps (mínimo),CÂMERA SLA: Throughput 22.5Mbps < 25Mbps (mínimo)
1777011539,2026-04-24 03:18:59,rApp-CVaR/ML-Arbiter,xApp1-RANSlicer,implicit,global_health_policy,App1-Vigilancia,camera_throughput_mbps,22.5,25.0,-2.5,,,BLOCKED,FULL_POWER,FULL_POWER,100,BLOCKED,1.0,POWER_DOWN_ECO,NORMAL,,0.0,0.0,151.75,3.54025,3.5003780165289253,0.0,0.09918898639159547,3,20,CVaR/ML global KPI -> energy recommendation -> App1 KPI -> rApp mitigation,CÂMERA SLA: Throughput 22.5Mbps < 25Mbps (mínimo),CÂMERA SLA: Throughput 22.5Mbps < 25Mbps (mínimo)
1777011544,2026-04-24 03:19:04,rApp-CVaR/ML-Arbiter,xApp1-RANSlicer,implicit,global_health_policy,App1-Vigilancia,camera_throughput_mbps,22.5,25.0,-2.5,22.5,0.0,BLOCKED,FULL_POWER,FULL_POWER,100,BLOCKED,1.0,POWER_DOWN_ECO,NORMAL,,0.0,0.0,152.0,3.54025,3.5005169421487605,2.096,0.10067665047798274,3,20,CVaR/ML global KPI -> energy recommendation -> App1 KPI -> rApp mitigation,CÂMERA SLA: Throughput 22.5Mbps < 25Mbps (mínimo),CÂMERA SLA: Throughput 22.5Mbps < 25Mbps (mínimo)
1777011549,2026-04-24 03:19:09,rApp-CVaR/ML-Arbiter,xApp1-RANSlicer,implicit,global_health_policy,App1-Vigilancia,camera_throughput_mbps,22.5,25.0,-2.5,22.5,0.0,BLOCKED,FULL_POWER,FULL_POWER,100,BLOCKED,1.0,POWER_DOWN_ECO,NORMAL,,0.0,0.0,152.0,3.54025,3.5005169421487605,474.99759867768597,0.10105165346660223,3,20,CVaR/ML global KPI -> energy recommendation -> App1 KPI -> rApp mitigation,CÂMERA SLA: Throughput 22.5Mbps < 25Mbps (mínimo),CÂMERA SLA: Throughput 22.5Mbps < 25Mbps (mínimo)
1777011554,2026-04-24 03:19:14,rApp-CVaR/ML-Arbiter,xApp1-RANSlicer,implicit,global_health_policy,App1-Vigilancia,camera_throughput_mbps,22.5,25.0,-2.5,22.5,0.0,BLOCKED,FULL_POWER,FULL_POWER,100,BLOCKED,1.0,POWER_DOWN_ECO,NORMAL,,0.0,0.0,152.25,3.54025,3.5004514049586777,0.0,0.09848290841131037,3,20,CVaR/ML global KPI -> energy recommendation -> App1 KPI -> rApp mitigation,CÂMERA SLA: Throughput 22.5Mbps < 25Mbps (mínimo),CÂMERA SLA: Throughput 22.5Mbps < 25Mbps (mínimo)
1777011559,2026-04-24 03:19:19,rApp-CVaR/ML-Arbiter,xApp1-RANSlicer,implicit,global_health_policy,App1-Vigilancia,camera_throughput_mbps,22.5,25.0,-2.5,22.5,0.0,BLOCKED,FULL_POWER,FULL_POWER,100,BLOCKED,1.0,POWER_DOWN_ECO,NORMAL,,0.0,0.0,152.25,3.54025,3.5004514049586777,0.0,0.09848290841131037,3,20,CVaR/ML global KPI -> energy recommendation -> App1 KPI -> rApp mitigation,CÂMERA SLA: Throughput 22.5Mbps < 25Mbps (mínimo),CÂMERA SLA: Throughput 22.5Mbps < 25Mbps (mínimo)
1777011564,2026-04-24 03:19:24,rApp-CVaR/ML-Arbiter,xApp1-RANSlicer,implicit,global_health_policy,App1-Vigilancia,camera_throughput_mbps,22.5,25.0,-2.5,22.5,0.0,BLOCKED,FULL_POWER,FULL_POWER,100,BLOCKED,1.0,POWER_DOWN_ECO,NORMAL,,0.0,0.0,152.25,3.54025,3.5004514049586777,474.98304793388434,0.09828829711352426,3,20,CVaR/ML global KPI -> energy recommendation -> App1 KPI -> rApp mitigation,CÂMERA SLA: Throughput 22.5Mbps < 25Mbps (mínimo),CÂMERA SLA: Throughput 22.5Mbps < 25Mbps (mínimo)
1777011569,2026-04-24 03:19:29,rApp-CVaR/ML-Arbiter,xApp1-RANSlicer,implicit,global_health_policy,App1-Vigilancia,camera_throughput_mbps,22.5,25.0,-2.5,22.5,0.0,BLOCKED,FULL_POWER,FULL_POWER,100,BLOCKED,1.0,POWER_DOWN_ECO,NORMAL,,0.0,0.0,152.5,3.54025,3.500377603305785,0.8383999999999999,0.09661205154974746,3,20,CVaR/ML global KPI -> energy recommendation -> App1 KPI -> rApp mitigation,CÂMERA SLA: Throughput 22.5Mbps < 25Mbps (mínimo),CÂMERA SLA: Throughput 22.5Mbps < 25Mbps (mínimo)
1777011574,2026-04-24 03:19:34,rApp-CVaR/ML-Arbiter,xApp1-RANSlicer,implicit,global_health_policy,App1-Vigilancia,camera_throughput_mbps,22.5,25.0,-2.5,22.5,0.0,BLOCKED,FULL_POWER,FULL_POWER,100,BLOCKED,1.0,POWER_DOWN_ECO,NORMAL,,0.0,0.0,152.75,3.54025,3.5005052892561985,0.0,0.09919131018114435,3,20,CVaR/ML global KPI -> energy recommendation -> App1 KPI -> rApp mitigation,CÂMERA SLA: Throughput 22.5Mbps < 25Mbps (mínimo),CÂMERA SLA: Throughput 22.5Mbps < 25Mbps (mínimo)
1777011579,2026-04-24 03:19:39,rApp-CVaR/ML-Arbiter,xApp1-RANSlicer,implicit,global_health_policy,App1-Vigilancia,camera_throughput_mbps,22.5,25.0,-2.5,22.5,0.0,BLOCKED,FULL_POWER,FULL_POWER,100,BLOCKED,1.0,POWER_DOWN_ECO,NORMAL,,0.0,0.0,152.75,3.54025,3.5005052892561985,474.98478016528924,0.09967293509633392,3,20,CVaR/ML global KPI -> energy recommendation -> App1 KPI -> rApp mitigation,CÂMERA SLA: Throughput 22.5Mbps < 25Mbps (mínimo),CÂMERA SLA: Throughput 22.5Mbps < 25Mbps (mínimo)
1777011584,2026-04-24 03:19:44,rApp-CVaR/ML-Arbiter,xApp1-RANSlicer,implicit,global_health_policy,App1-Vigilancia,camera_throughput_mbps,22.5,25.0,-2.5,22.5,0.0,BLOCKED,FULL_POWER,FULL_POWER,100,BLOCKED,1.0,POWER_DOWN_ECO,NORMAL,,0.0,0.0,153.0,3.54025,3.5004410743801655,0.0,0.09929724573495863,3,20,CVaR/ML global KPI -> energy recommendation -> App1 KPI -> rApp mitigation,CÂMERA SLA: Throughput 22.5Mbps < 25Mbps (mínimo),CÂMERA SLA: Throughput 22.5Mbps < 25Mbps (mínimo)
1777011589,2026-04-24 03:19:49,rApp-CVaR/ML-Arbiter,xApp1-RANSlicer,implicit,global_health_policy,App1-Vigilancia,camera_throughput_mbps,22.5,25.0,-2.5,22.5,0.0,BLOCKED,FULL_POWER,FULL_POWER,100,BLOCKED,1.0,POWER_DOWN_ECO,NORMAL,,0.0,0.0,153.25,3.54025,3.5003599173553717,0.37727999999999995,0.09981622889064627,3,20,CVaR/ML global KPI -> energy recommendation -> App1 KPI -> rApp mitigation,CÂMERA SLA: Throughput 22.5Mbps < 25Mbps (mínimo),CÂMERA SLA: Throughput 22.5Mbps < 25Mbps (mínimo)
1777011594,2026-04-24 03:19:54,rApp-CVaR/ML-Arbiter,xApp1-RANSlicer,implicit,global_health_policy,App1-Vigilancia,camera_throughput_mbps,22.5,25.0,-2.5,22.5,0.0,BLOCKED,FULL_POWER,FULL_POWER,100,BLOCKED,1.0,POWER_DOWN_ECO,NORMAL,,0.0,0.0,153.25,3.54025,3.5003599173553717,474.98408727272727,0.09992519209109713,3,20,CVaR/ML global KPI -> energy recommendation -> App1 KPI -> rApp mitigation,CÂMERA SLA: Throughput 22.5Mbps < 25Mbps (mínimo),CÂMERA SLA: Throughput 22.5Mbps < 25Mbps (mínimo)
1777011659,2026-04-24 03:20:59,rApp-CVaR/ML-Arbiter,xApp1-RANSlicer,implicit,global_health_policy,App1-Vigilancia,camera_throughput_mbps,22.5,25.0,-2.5,,,BLOCKED,FULL_POWER,FULL_POWER,100,BLOCKED,1.0,POWER_DOWN_ECO,NORMAL,,0.0,0.0,155.0,4.09268,3.5006204132231407,0.0,0.0957551271002587,3,20,CVaR/ML global KPI -> energy recommendation -> App1 KPI -> rApp mitigation,CÂMERA SLA: Throughput 22.5Mbps < 25Mbps (mínimo),CÂMERA SLA: Throughput 22.5Mbps < 25Mbps (mínimo)
1777011664,2026-04-24 03:21:04,rApp-CVaR/ML-Arbiter,xApp1-RANSlicer,implicit,global_health_policy,App1-Vigilancia,camera_throughput_mbps,22.5,25.0,-2.5,22.5,0.0,BLOCKED,FULL_POWER,FULL_POWER,100,BLOCKED,1.0,POWER_DOWN_ECO,NORMAL,,0.0,0.0,155.25,4.09268,3.5006404958677684,0.0,0.09687065473981223,3,20,CVaR/ML global KPI -> energy recommendation -> App1 KPI -> rApp mitigation,CÂMERA SLA: Throughput 22.5Mbps < 25Mbps (mínimo),CÂMERA SLA: Throughput 22.5Mbps < 25Mbps (mínimo)
1777011669,2026-04-24 03:21:09,rApp-CVaR/ML-Arbiter,xApp1-RANSlicer,implicit,global_health_policy,App1-Vigilancia,camera_throughput_mbps,22.5,25.0,-2.5,22.5,0.0,BLOCKED,FULL_POWER,FULL_POWER,100,BLOCKED,1.0,POWER_DOWN_ECO,NORMAL,,0.0,0.0,155.25,4.09268,3.5006404958677684,474.98166214876034,0.09734596574388803,3,20,CVaR/ML global KPI -> energy recommendation -> App1 KPI -> rApp mitigation,CÂMERA SLA: Throughput 22.5Mbps < 25Mbps (mínimo),CÂMERA SLA: Throughput 22.5Mbps < 25Mbps (mínimo)
1777011674,2026-04-24 03:21:14,rApp-CVaR/ML-Arbiter,xApp1-RANSlicer,implicit,global_health_policy,App1-Vigilancia,camera_throughput_mbps,22.5,25.0,-2.5,22.5,0.0,BLOCKED,FULL_POWER,FULL_POWER,100,BLOCKED,1.0,POWER_DOWN_ECO,NORMAL,,0.0,0.0,155.5,4.09268,3.50066520661157,0.12576,0.09822001652570544,3,20,CVaR/ML global KPI -> energy recommendation -> App1 KPI -> rApp mitigation,CÂMERA SLA: Throughput 22.5Mbps < 25Mbps (mínimo),CÂMERA SLA: Throughput 22.5Mbps < 25Mbps (mínimo)
1777011679,2026-04-24 03:21:19,rApp-CVaR/ML-Arbiter,xApp1-RANSlicer,implicit,global_health_policy,App1-Vigilancia,camera_throughput_mbps,22.5,25.0,-2.5,22.5,0.0,BLOCKED,FULL_POWER,FULL_POWER,100,BLOCKED,1.0,POWER_DOWN_ECO,NORMAL,,0.0,0.0,155.5,4.09268,3.50066520661157,474.9827014876033,0.10205134906853722,3,20,CVaR/ML global KPI -> energy recommendation -> App1 KPI -> rApp mitigation,CÂMERA SLA: Throughput 22.5Mbps < 25Mbps (mínimo),CÂMERA SLA: Throughput 22.5Mbps < 25Mbps (mínimo)
1777011684,2026-04-24 03:21:24,rApp-CVaR/ML-Arbiter,xApp1-RANSlicer,implicit,global_health_policy,App1-Vigilancia,camera_throughput_mbps,22.5,25.0,-2.5,22.5,0.0,BLOCKED,FULL_POWER,FULL_POWER,100,BLOCKED,1.0,POWER_DOWN_ECO,NORMAL,,0.0,0.0,155.75,4.09268,3.5004980991735537,0.0,0.10180517385402553,3,20,CVaR/ML global KPI -> energy recommendation -> App1 KPI -> rApp mitigation,CÂMERA SLA: Throughput 22.5Mbps < 25Mbps (mínimo),CÂMERA SLA: Throughput 22.5Mbps < 25Mbps (mínimo)
1777011689,2026-04-24 03:21:29,rApp-CVaR/ML-Arbiter,xApp1-RANSlicer,implicit,global_health_policy,App1-Vigilancia,camera_throughput_mbps,22.5,25.0,-2.5,22.5,0.0,BLOCKED,FULL_POWER,FULL_POWER,100,BLOCKED,1.0,POWER_DOWN_ECO,NORMAL,,0.0,0.0,156.0,4.09268,3.5004217355371896,0.0,0.1016253784773046,3,20,CVaR/ML global KPI -> energy recommendation -> App1 KPI -> rApp mitigation,CÂMERA SLA: Throughput 22.5Mbps < 25Mbps (mínimo),CÂMERA SLA: Throughput 22.5Mbps < 25Mbps (mínimo)
1777011694,2026-04-24 03:21:34,rApp-CVaR/ML-Arbiter,xApp1-RANSlicer,implicit,global_health_policy,App1-Vigilancia,camera_throughput_mbps,22.5,25.0,-2.5,22.5,0.0,BLOCKED,FULL_POWER,FULL_POWER,100,BLOCKED,1.0,POWER_DOWN_ECO,NORMAL,,0.0,0.0,156.0,4.09268,3.5004217355371896,0.0,0.1016253784773046,3,20,CVaR/ML global KPI -> energy recommendation -> App1 KPI -> rApp mitigation,CÂMERA SLA: Throughput 22.5Mbps < 25Mbps (mínimo),CÂMERA SLA: Throughput 22.5Mbps < 25Mbps (mínimo)
1777011699,2026-04-24 03:21:39,rApp-CVaR/ML-Arbiter,xApp1-RANSlicer,implicit,global_health_policy,App1-Vigilancia,camera_throughput_mbps,22.5,25.0,-2.5,22.5,0.0,BLOCKED,FULL_POWER,FULL_POWER,100,BLOCKED,1.0,POWER_DOWN_ECO,NORMAL,,0.0,0.0,156.0,4.09268,3.5004217355371896,474.9802763636364,0.10028332077174427,3,20,CVaR/ML global KPI -> energy recommendation -> App1 KPI -> rApp mitigation,CÂMERA SLA: Throughput 22.5Mbps < 25Mbps (mínimo),CÂMERA SLA: Throughput 22.5Mbps < 25Mbps (mínimo)
1777011704,2026-04-24 03:21:44,rApp-CVaR/ML-Arbiter,xApp1-RANSlicer,implicit,global_health_policy,App1-Vigilancia,camera_throughput_mbps,22.5,25.0,-2.5,22.5,0.0,BLOCKED,FULL_POWER,FULL_POWER,100,BLOCKED,1.0,POWER_DOWN_ECO,NORMAL,,0.0,0.0,156.25,4.09268,3.5003543801652897,0.12576,0.10202022200580935,3,20,CVaR/ML global KPI -> energy recommendation -> App1 KPI -> rApp mitigation,CÂMERA SLA: Throughput 22.5Mbps < 25Mbps (mínimo),CÂMERA SLA: Throughput 22.5Mbps < 25Mbps (mínimo)
1777011709,2026-04-24 03:21:49,rApp-CVaR/ML-Arbiter,xApp1-RANSlicer,implicit,global_health_policy,App1-Vigilancia,camera_throughput_mbps,22.5,25.0,-2.5,22.5,0.0,BLOCKED,FULL_POWER,FULL_POWER,100,BLOCKED,1.0,POWER_DOWN_ECO,NORMAL,,0.0,0.0,156.5,4.09268,3.5004746280991736,1.00608,0.10070725696902334,3,20,CVaR/ML global KPI -> energy recommendation -> App1 KPI -> rApp mitigation,CÂMERA SLA: Throughput 22.5Mbps < 25Mbps (mínimo),CÂMERA SLA: Throughput 22.5Mbps < 25Mbps (mínimo)
1777011714,2026-04-24 03:21:54,rApp-CVaR/ML-Arbiter,xApp1-RANSlicer,implicit,global_health_policy,App1-Vigilancia,camera_throughput_mbps,22.5,25.0,-2.5,22.5,0.0,BLOCKED,FULL_POWER,FULL_POWER,100,BLOCKED,1.0,POWER_DOWN_ECO,NORMAL,,0.0,0.0,156.5,4.09268,3.5004746280991736,474.9896304132231,0.0989817961243382,3,20,CVaR/ML global KPI -> energy recommendation -> App1 KPI -> rApp mitigation,CÂMERA SLA: Throughput 22.5Mbps < 25Mbps (mínimo),CÂMERA SLA: Throughput 22.5Mbps < 25Mbps (mínimo)
1777011779,2026-04-24 03:22:59,rApp-CVaR/ML-Arbiter,xApp1-RANSlicer,implicit,global_health_policy,App1-Vigilancia,camera_throughput_mbps,22.5,25.0,-2.5,,,BLOCKED,FULL_POWER,FULL_POWER,100,BLOCKED,1.0,POWER_DOWN_ECO,NORMAL,,0.0,0.0,158.25,4.09268,3.500411652892562,474.9823550413223,0.09506201077728439,3,20,CVaR/ML global KPI -> energy recommendation -> App1 KPI -> rApp mitigation,CÂMERA SLA: Throughput 22.5Mbps < 25Mbps (mínimo),CÂMERA SLA: Throughput 22.5Mbps < 25Mbps (mínimo)
1777011784,2026-04-24 03:23:04,rApp-CVaR/ML-Arbiter,xApp1-RANSlicer,implicit,global_health_policy,App1-Vigilancia,camera_throughput_mbps,22.5,25.0,-2.5,22.5,0.0,BLOCKED,FULL_POWER,FULL_POWER,100,BLOCKED,1.0,POWER_DOWN_ECO,NORMAL,,0.0,0.0,158.5,4.09268,3.5003156198347107,0.0,0.09508842424789332,3,20,CVaR/ML global KPI -> energy recommendation -> App1 KPI -> rApp mitigation,CÂMERA SLA: Throughput 22.5Mbps < 25Mbps (mínimo),CÂMERA SLA: Throughput 22.5Mbps < 25Mbps (mínimo)
1777011789,2026-04-24 03:23:09,rApp-CVaR/ML-Arbiter,xApp1-RANSlicer,implicit,global_health_policy,App1-Vigilancia,camera_throughput_mbps,22.5,25.0,-2.5,22.5,0.0,BLOCKED,FULL_POWER,FULL_POWER,100,BLOCKED,1.0,POWER_DOWN_ECO,NORMAL,,0.0,0.0,158.75,4.09268,3.500482975206612,0.0,0.09845718526112007,3,20,CVaR/ML global KPI -> energy recommendation -> App1 KPI -> rApp mitigation,CÂMERA SLA: Throughput 22.5Mbps < 25Mbps (mínimo),CÂMERA SLA: Throughput 22.5Mbps < 25Mbps (mínimo)
1777011794,2026-04-24 03:23:14,rApp-CVaR/ML-Arbiter,xApp1-RANSlicer,implicit,global_health_policy,App1-Vigilancia,camera_throughput_mbps,22.5,25.0,-2.5,22.5,0.0,BLOCKED,FULL_POWER,FULL_POWER,100,BLOCKED,1.0,POWER_DOWN_ECO,NORMAL,,0.0,0.0,158.75,4.09268,3.500482975206612,474.9802763636364,0.09755279031022507,3,20,CVaR/ML global KPI -> energy recommendation -> App1 KPI -> rApp mitigation,CÂMERA SLA: Throughput 22.5Mbps < 25Mbps (mínimo),CÂMERA SLA: Throughput 22.5Mbps < 25Mbps (mínimo)
1777011799,2026-04-24 03:23:19,rApp-CVaR/ML-Arbiter,xApp1-RANSlicer,implicit,global_health_policy,App1-Vigilancia,camera_throughput_mbps,22.5,25.0,-2.5,22.5,0.0,BLOCKED,FULL_POWER,FULL_POWER,100,BLOCKED,1.0,POWER_DOWN_ECO,NORMAL,,0.0,0.0,159.0,4.09268,3.500409421487603,0.0,0.10050717732709195,3,20,CVaR/ML global KPI -> energy recommendation -> App1 KPI -> rApp mitigation,CÂMERA SLA: Throughput 22.5Mbps < 25Mbps (mínimo),CÂMERA SLA: Throughput 22.5Mbps < 25Mbps (mínimo)
1777011804,2026-04-24 03:23:24,rApp-CVaR/ML-Arbiter,xApp1-RANSlicer,implicit,global_health_policy,App1-Vigilancia,camera_throughput_mbps,22.5,25.0,-2.5,22.5,0.0,BLOCKED,FULL_POWER,FULL_POWER,100,BLOCKED,1.0,POWER_DOWN_ECO,NORMAL,,0.0,0.0,159.25,4.09268,3.500555123966942,2.26368,0.09872876992720511,3,20,CVaR/ML global KPI -> energy recommendation -> App1 KPI -> rApp mitigation,CÂMERA SLA: Throughput 22.5Mbps < 25Mbps (mínimo),CÂMERA SLA: Throughput 22.5Mbps < 25Mbps (mínimo)
1777011809,2026-04-24 03:23:29,rApp-CVaR/ML-Arbiter,xApp1-RANSlicer,implicit,global_health_policy,App1-Vigilancia,camera_throughput_mbps,22.5,25.0,-2.5,22.5,0.0,BLOCKED,FULL_POWER,FULL_POWER,100,BLOCKED,1.0,POWER_DOWN_ECO,NORMAL,,0.0,0.0,159.25,4.09268,3.500555123966942,2.26368,0.09872876992720511,3,20,CVaR/ML global KPI -> energy recommendation -> App1 KPI -> rApp mitigation,CÂMERA SLA: Throughput 22.5Mbps < 25Mbps (mínimo),CÂMERA SLA: Throughput 22.5Mbps < 25Mbps (mínimo)
1777011814,2026-04-24 03:23:34,rApp-CVaR/ML-Arbiter,xApp1-RANSlicer,implicit,global_health_policy,App1-Vigilancia,camera_throughput_mbps,22.5,25.0,-2.5,22.5,0.0,BLOCKED,FULL_POWER,FULL_POWER,100,BLOCKED,1.0,POWER_DOWN_ECO,NORMAL,,0.0,0.0,159.25,4.09268,3.500555123966942,474.9986380165289,0.09839336988789177,3,20,CVaR/ML global KPI -> energy recommendation -> App1 KPI -> rApp mitigation,CÂMERA SLA: Throughput 22.5Mbps < 25Mbps (mínimo),CÂMERA SLA: Throughput 22.5Mbps < 25Mbps (mínimo)
1777011819,2026-04-24 03:23:39,rApp-CVaR/ML-Arbiter,xApp1-RANSlicer,implicit,global_health_policy,App1-Vigilancia,camera_throughput_mbps,22.5,25.0,-2.5,22.5,0.0,BLOCKED,FULL_POWER,FULL_POWER,100,BLOCKED,1.0,POWER_DOWN_ECO,NORMAL,,0.0,0.0,159.5,4.09268,3.500755785123967,0.0,0.09616407497974666,3,20,CVaR/ML global KPI -> energy recommendation -> App1 KPI -> rApp mitigation,CÂMERA SLA: Throughput 22.5Mbps < 25Mbps (mínimo),CÂMERA SLA: Throughput 22.5Mbps < 25Mbps (mínimo)
1777011824,2026-04-24 03:23:44,rApp-CVaR/ML-Arbiter,xApp1-RANSlicer,implicit,global_health_policy,App1-Vigilancia,camera_throughput_mbps,22.5,25.0,-2.5,22.5,0.0,BLOCKED,FULL_POWER,FULL_POWER,100,BLOCKED,1.0,POWER_DOWN_ECO,NORMAL,,0.0,0.0,159.5,4.09268,3.500755785123967,474.98408727272727,0.09936991502986527,3,20,CVaR/ML global KPI -> energy recommendation -> App1 KPI -> rApp mitigation,CÂMERA SLA: Throughput 22.5Mbps < 25Mbps (mínimo),CÂMERA SLA: Throughput 22.5Mbps < 25Mbps (mínimo)
1777011829,2026-04-24 03:23:49,rApp-CVaR/ML-Arbiter,xApp1-RANSlicer,implicit,global_health_policy,App1-Vigilancia,camera_throughput_mbps,22.5,25.0,-2.5,22.5,0.0,BLOCKED,FULL_POWER,FULL_POWER,100,BLOCKED,1.0,POWER_DOWN_ECO,NORMAL,,0.0,0.0,159.75,4.09268,3.500624876033058,0.0,0.09589344760585737,3,20,CVaR/ML global KPI -> energy recommendation -> App1 KPI -> rApp mitigation,CÂMERA SLA: Throughput 22.5Mbps < 25Mbps (mínimo),CÂMERA SLA: Throughput 22.5Mbps < 25Mbps (mínimo)
1777011834,2026-04-24 03:23:54,rApp-CVaR/ML-Arbiter,xApp1-RANSlicer,implicit,global_health_policy,App1-Vigilancia,camera_throughput_mbps,22.5,25.0,-2.5,22.5,0.0,BLOCKED,FULL_POWER,FULL_POWER,100,BLOCKED,1.0,POWER_DOWN_ECO,NORMAL,,0.0,0.0,160.0,4.09268,3.5007619008264466,0.16768,0.09644015031064351,3,20,CVaR/ML global KPI -> energy recommendation -> App1 KPI -> rApp mitigation,CÂMERA SLA: Throughput 22.5Mbps < 25Mbps (mínimo),CÂMERA SLA: Throughput 22.5Mbps < 25Mbps (mínimo)
1777011899,2026-04-24 03:24:59,rApp-CVaR/ML-Arbiter,xApp1-RANSlicer,implicit,global_health_policy,App1-Vigilancia,camera_throughput_mbps,22.5,25.0,-2.5,,,BLOCKED,FULL_POWER,FULL_POWER,100,BLOCKED,1.0,POWER_DOWN_ECO,NORMAL,,0.0,0.0,161.75,4.09268,3.5002737190082645,0.0,0.09645376887612359,3,20,CVaR/ML global KPI -> energy recommendation -> App1 KPI -> rApp mitigation,CÂMERA SLA: Throughput 22.5Mbps < 25Mbps (mínimo),CÂMERA SLA: Throughput 22.5Mbps < 25Mbps (mínimo)
1777011904,2026-04-24 03:25:04,rApp-CVaR/ML-Arbiter,xApp1-RANSlicer,implicit,global_health_policy,App1-Vigilancia,camera_throughput_mbps,22.5,25.0,-2.5,22.5,0.0,BLOCKED,FULL_POWER,FULL_POWER,100,BLOCKED,1.0,POWER_DOWN_ECO,NORMAL,,0.0,0.0,161.75,4.09268,3.5002737190082645,474.98166214876034,0.09682182204759765,3,20,CVaR/ML global KPI -> energy recommendation -> App1 KPI -> rApp mitigation,CÂMERA SLA: Throughput 22.5Mbps < 25Mbps (mínimo),CÂMERA SLA: Throughput 22.5Mbps < 25Mbps (mínimo)
1777011909,2026-04-24 03:25:09,rApp-CVaR/ML-Arbiter,xApp1-RANSlicer,implicit,global_health_policy,App1-Vigilancia,camera_throughput_mbps,22.5,25.0,-2.5,22.5,0.0,BLOCKED,FULL_POWER,FULL_POWER,100,BLOCKED,1.0,POWER_DOWN_ECO,NORMAL,,0.0,0.0,162.0,4.09268,3.5004015702479343,0.9222400000000001,0.09842424183123301,3,20,CVaR/ML global KPI -> energy recommendation -> App1 KPI -> rApp mitigation,CÂMERA SLA: Throughput 22.5Mbps < 25Mbps (mínimo),CÂMERA SLA: Throughput 22.5Mbps < 25Mbps (mínimo)
1777011914,2026-04-24 03:25:14,rApp-CVaR/ML-Arbiter,xApp1-RANSlicer,implicit,global_health_policy,App1-Vigilancia,camera_throughput_mbps,22.5,25.0,-2.5,22.5,0.0,BLOCKED,FULL_POWER,FULL_POWER,100,BLOCKED,1.0,POWER_DOWN_ECO,NORMAL,,0.0,0.0,162.0,4.09268,3.5004015702479343,0.9222400000000001,0.09842424183123301,3,20,CVaR/ML global KPI -> energy recommendation -> App1 KPI -> rApp mitigation,CÂMERA SLA: Throughput 22.5Mbps < 25Mbps (mínimo),CÂMERA SLA: Throughput 22.5Mbps < 25Mbps (mínimo)
1777011919,2026-04-24 03:25:19,rApp-CVaR/ML-Arbiter,xApp1-RANSlicer,implicit,global_health_policy,App1-Vigilancia,camera_throughput_mbps,22.5,25.0,-2.5,22.5,0.0,BLOCKED,FULL_POWER,FULL_POWER,100,BLOCKED,1.0,POWER_DOWN_ECO,NORMAL,,0.0,0.0,162.25,4.09268,3.500531900826446,0.0,0.0970069798340145,3,20,CVaR/ML global KPI -> energy recommendation -> App1 KPI -> rApp mitigation,CÂMERA SLA: Throughput 22.5Mbps < 25Mbps (mínimo),CÂMERA SLA: Throughput 22.5Mbps < 25Mbps (mínimo)
1777011924,2026-04-24 03:25:24,rApp-CVaR/ML-Arbiter,xApp1-RANSlicer,implicit,global_health_policy,App1-Vigilancia,camera_throughput_mbps,22.5,25.0,-2.5,22.5,0.0,BLOCKED,FULL_POWER,FULL_POWER,100,BLOCKED,1.0,POWER_DOWN_ECO,NORMAL,,0.0,0.0,162.25,4.09268,3.500531900826446,474.98547305785127,0.09917468429130004,3,20,CVaR/ML global KPI -> energy recommendation -> App1 KPI -> rApp mitigation,CÂMERA SLA: Throughput 22.5Mbps < 25Mbps (mínimo),CÂMERA SLA: Throughput 22.5Mbps < 25Mbps (mínimo)
1777011929,2026-04-24 03:25:29,rApp-CVaR/ML-Arbiter,xApp1-RANSlicer,implicit,global_health_policy,App1-Vigilancia,camera_throughput_mbps,22.5,25.0,-2.5,22.5,0.0,BLOCKED,FULL_POWER,FULL_POWER,100,BLOCKED,1.0,POWER_DOWN_ECO,NORMAL,,0.0,0.0,162.5,4.09268,3.500417520661157,0.0,0.10111121260249455,3,20,CVaR/ML global KPI -> energy recommendation -> App1 KPI -> rApp mitigation,CÂMERA SLA: Throughput 22.5Mbps < 25Mbps (mínimo),CÂMERA SLA: Throughput 22.5Mbps < 25Mbps (mínimo)
1777011934,2026-04-24 03:25:34,rApp-CVaR/ML-Arbiter,xApp1-RANSlicer,implicit,global_health_policy,App1-Vigilancia,camera_throughput_mbps,22.5,25.0,-2.5,22.5,0.0,BLOCKED,FULL_POWER,FULL_POWER,100,BLOCKED,1.0,POWER_DOWN_ECO,NORMAL,,0.0,0.0,162.75,4.09268,3.5006090082644628,0.20959999999999998,0.1033267832927641,3,20,CVaR/ML global KPI -> energy recommendation -> App1 KPI -> rApp mitigation,CÂMERA SLA: Throughput 22.5Mbps < 25Mbps (mínimo),CÂMERA SLA: Throughput 22.5Mbps < 25Mbps (mínimo)
1777011939,2026-04-24 03:25:39,rApp-CVaR/ML-Arbiter,xApp1-RANSlicer,implicit,global_health_policy,App1-Vigilancia,camera_throughput_mbps,22.5,25.0,-2.5,22.5,0.0,BLOCKED,FULL_POWER,FULL_POWER,100,BLOCKED,1.0,POWER_DOWN_ECO,NORMAL,,0.0,0.0,162.75,4.09268,3.5006090082644628,474.98166214876034,0.10480034436797402,3,20,CVaR/ML global KPI -> energy recommendation -> App1 KPI -> rApp mitigation,CÂMERA SLA: Throughput 22.5Mbps < 25Mbps (mínimo),CÂMERA SLA: Throughput 22.5Mbps < 25Mbps (mínimo)
1777011944,2026-04-24 03:25:44,rApp-CVaR/ML-Arbiter,xApp1-RANSlicer,implicit,global_health_policy,App1-Vigilancia,camera_throughput_mbps,22.5,25.0,-2.5,22.5,0.0,BLOCKED,FULL_POWER,FULL_POWER,100,BLOCKED,1.0,POWER_DOWN_ECO,NORMAL,,0.0,0.0,163.0,4.09268,3.500545867768595,0.0,0.10255969691814351,3,20,CVaR/ML global KPI -> energy recommendation -> App1 KPI -> rApp mitigation,CÂMERA SLA: Throughput 22.5Mbps < 25Mbps (mínimo),CÂMERA SLA: Throughput 22.5Mbps < 25Mbps (mínimo)
1777011949,2026-04-24 03:25:49,rApp-CVaR/ML-Arbiter,xApp1-RANSlicer,implicit,global_health_policy,App1-Vigilancia,camera_throughput_mbps,22.5,25.0,-2.5,22.5,0.0,BLOCKED,FULL_POWER,FULL_POWER,100,BLOCKED,1.0,POWER_DOWN_ECO,NORMAL,,0.0,0.0,163.0,4.09268,3.500545867768595,0.0,0.10255969691814351,3,20,CVaR/ML global KPI -> energy recommendation -> App1 KPI -> rApp mitigation,CÂMERA SLA: Throughput 22.5Mbps < 25Mbps (mínimo),CÂMERA SLA: Throughput 22.5Mbps < 25Mbps (mínimo)
1777011954,2026-04-24 03:25:54,rApp-CVaR/ML-Arbiter,xApp1-RANSlicer,implicit,global_health_policy,App1-Vigilancia,camera_throughput_mbps,22.5,25.0,-2.5,22.5,0.0,BLOCKED,FULL_POWER,FULL_POWER,100,BLOCKED,1.0,POWER_DOWN_ECO,NORMAL,,0.0,0.0,163.25,4.09268,3.500774710743802,0.0,0.1044789300129616,3,20,CVaR/ML global KPI -> energy recommendation -> App1 KPI -> rApp mitigation,CÂMERA SLA: Throughput 22.5Mbps < 25Mbps (mínimo),CÂMERA SLA: Throughput 22.5Mbps < 25Mbps (mínimo)
1777012019,2026-04-24 03:26:59,rApp-CVaR/ML-Arbiter,xApp1-RANSlicer,implicit,global_health_policy,App1-Vigilancia,camera_throughput_mbps,22.5,25.0,-2.5,,,BLOCKED,FULL_POWER,FULL_POWER,100,BLOCKED,1.0,POWER_DOWN_ECO,NORMAL,,0.0,0.0,165.0,4.09268,3.5008104958677686,0.50304,0.09731162964528066,3,20,CVaR/ML global KPI -> energy recommendation -> App1 KPI -> rApp mitigation,CÂMERA SLA: Throughput 22.5Mbps < 25Mbps (mínimo),CÂMERA SLA: Throughput 22.5Mbps < 25Mbps (mínimo)
1777012024,2026-04-24 03:27:04,rApp-CVaR/ML-Arbiter,xApp1-RANSlicer,implicit,global_health_policy,App1-Vigilancia,camera_throughput_mbps,22.5,25.0,-2.5,22.5,0.0,BLOCKED,FULL_POWER,FULL_POWER,100,BLOCKED,1.0,POWER_DOWN_ECO,NORMAL,,0.0,0.0,165.25,4.09268,3.500825041322314,0.0,0.09811279012932186,3,20,CVaR/ML global KPI -> energy recommendation -> App1 KPI -> rApp mitigation,CÂMERA SLA: Throughput 22.5Mbps < 25Mbps (mínimo),CÂMERA SLA: Throughput 22.5Mbps < 25Mbps (mínimo)
1777012029,2026-04-24 03:27:09,rApp-CVaR/ML-Arbiter,xApp1-RANSlicer,implicit,global_health_policy,App1-Vigilancia,camera_throughput_mbps,22.5,25.0,-2.5,22.5,0.0,BLOCKED,FULL_POWER,FULL_POWER,100,BLOCKED,1.0,POWER_DOWN_ECO,NORMAL,,0.0,0.0,165.25,4.09268,3.500825041322314,474.98304793388434,0.09982165180913034,3,20,CVaR/ML global KPI -> energy recommendation -> App1 KPI -> rApp mitigation,CÂMERA SLA: Throughput 22.5Mbps < 25Mbps (mínimo),CÂMERA SLA: Throughput 22.5Mbps < 25Mbps (mínimo)
1777012034,2026-04-24 03:27:14,rApp-CVaR/ML-Arbiter,xApp1-RANSlicer,implicit,global_health_policy,App1-Vigilancia,camera_throughput_mbps,22.5,25.0,-2.5,22.5,0.0,BLOCKED,FULL_POWER,FULL_POWER,100,BLOCKED,1.0,POWER_DOWN_ECO,NORMAL,,0.0,0.0,165.5,4.09268,3.5009168595041325,0.0,0.09940054788216855,3,20,CVaR/ML global KPI -> energy recommendation -> App1 KPI -> rApp mitigation,CÂMERA SLA: Throughput 22.5Mbps < 25Mbps (mínimo),CÂMERA SLA: Throughput 22.5Mbps < 25Mbps (mínimo)
1777012039,2026-04-24 03:27:19,rApp-CVaR/ML-Arbiter,xApp1-RANSlicer,implicit,global_health_policy,App1-Vigilancia,camera_throughput_mbps,22.5,25.0,-2.5,22.5,0.0,BLOCKED,FULL_POWER,FULL_POWER,100,BLOCKED,1.0,POWER_DOWN_ECO,NORMAL,,0.0,0.0,165.5,4.09268,3.5009168595041325,0.0,0.09940054788216855,3,20,CVaR/ML global KPI -> energy recommendation -> App1 KPI -> rApp mitigation,CÂMERA SLA: Throughput 22.5Mbps < 25Mbps (mínimo),CÂMERA SLA: Throughput 22.5Mbps < 25Mbps (mínimo)
1777012044,2026-04-24 03:27:24,rApp-CVaR/ML-Arbiter,xApp1-RANSlicer,implicit,global_health_policy,App1-Vigilancia,camera_throughput_mbps,22.5,25.0,-2.5,22.5,0.0,BLOCKED,FULL_POWER,FULL_POWER,100,BLOCKED,1.0,POWER_DOWN_ECO,NORMAL,,0.0,0.0,165.75,4.09268,3.5008121487603305,0.12576,0.10227436492384269,3,20,CVaR/ML global KPI -> energy recommendation -> App1 KPI -> rApp mitigation,CÂMERA SLA: Throughput 22.5Mbps < 25Mbps (mínimo),CÂMERA SLA: Throughput 22.5Mbps < 25Mbps (mínimo)
1777012049,2026-04-24 03:27:29,rApp-CVaR/ML-Arbiter,xApp1-RANSlicer,implicit,global_health_policy,App1-Vigilancia,camera_throughput_mbps,22.5,25.0,-2.5,22.5,0.0,BLOCKED,FULL_POWER,FULL_POWER,100,BLOCKED,1.0,POWER_DOWN_ECO,NORMAL,,0.0,0.0,165.75,4.09268,3.5008121487603305,474.98408727272727,0.09998742383847975,3,20,CVaR/ML global KPI -> energy recommendation -> App1 KPI -> rApp mitigation,CÂMERA SLA: Throughput 22.5Mbps < 25Mbps (mínimo),CÂMERA SLA: Throughput 22.5Mbps < 25Mbps (mínimo)
1777012054,2026-04-24 03:27:34,rApp-CVaR/ML-Arbiter,xApp1-RANSlicer,implicit,global_health_policy,App1-Vigilancia,camera_throughput_mbps,22.5,25.0,-2.5,22.5,0.0,BLOCKED,FULL_POWER,FULL_POWER,100,BLOCKED,1.0,POWER_DOWN_ECO,NORMAL,,0.0,0.0,166.0,4.09268,3.500732561983471,0.79648,0.10114548578998299,3,20,CVaR/ML global KPI -> energy recommendation -> App1 KPI -> rApp mitigation,CÂMERA SLA: Throughput 22.5Mbps < 25Mbps (mínimo),CÂMERA SLA: Throughput 22.5Mbps < 25Mbps (mínimo)
1777012059,2026-04-24 03:27:39,rApp-CVaR/ML-Arbiter,xApp1-RANSlicer,implicit,global_health_policy,App1-Vigilancia,camera_throughput_mbps,22.5,25.0,-2.5,22.5,0.0,BLOCKED,FULL_POWER,FULL_POWER,100,BLOCKED,1.0,POWER_DOWN_ECO,NORMAL,,0.0,0.0,166.25,4.09268,3.500512975206612,0.0,0.10203958193783123,3,20,CVaR/ML global KPI -> energy recommendation -> App1 KPI -> rApp mitigation,CÂMERA SLA: Throughput 22.5Mbps < 25Mbps (mínimo),CÂMERA SLA: Throughput 22.5Mbps < 25Mbps (mínimo)
1777012064,2026-04-24 03:27:44,rApp-CVaR/ML-Arbiter,xApp1-RANSlicer,implicit,global_health_policy,App1-Vigilancia,camera_throughput_mbps,22.5,25.0,-2.5,22.5,0.0,BLOCKED,FULL_POWER,FULL_POWER,100,BLOCKED,1.0,POWER_DOWN_ECO,NORMAL,,0.0,0.0,166.25,4.09268,3.500512975206612,474.98339438016524,0.09981352253895777,3,20,CVaR/ML global KPI -> energy recommendation -> App1 KPI -> rApp mitigation,CÂMERA SLA: Throughput 22.5Mbps < 25Mbps (mínimo),CÂMERA SLA: Throughput 22.5Mbps < 25Mbps (mínimo)
1777012069,2026-04-24 03:27:49,rApp-CVaR/ML-Arbiter,xApp1-RANSlicer,implicit,global_health_policy,App1-Vigilancia,camera_throughput_mbps,22.5,25.0,-2.5,22.5,0.0,BLOCKED,FULL_POWER,FULL_POWER,100,BLOCKED,1.0,POWER_DOWN_ECO,NORMAL,,0.0,0.0,166.25,4.09268,3.500512975206612,474.98339438016524,0.09981352253895777,3,20,CVaR/ML global KPI -> energy recommendation -> App1 KPI -> rApp mitigation,CÂMERA SLA: Throughput 22.5Mbps < 25Mbps (mínimo),CÂMERA SLA: Throughput 22.5Mbps < 25Mbps (mínimo)
1777012074,2026-04-24 03:27:54,rApp-CVaR/ML-Arbiter,xApp1-RANSlicer,implicit,global_health_policy,App1-Vigilancia,camera_throughput_mbps,22.5,25.0,-2.5,22.5,0.0,BLOCKED,FULL_POWER,FULL_POWER,100,BLOCKED,1.0,POWER_DOWN_ECO,NORMAL,,0.0,0.0,166.5,4.09268,3.500515371900826,2.096,0.10049773950700033,3,20,CVaR/ML global KPI -> energy recommendation -> App1 KPI -> rApp mitigation,CÂMERA SLA: Throughput 22.5Mbps < 25Mbps (mínimo),CÂMERA SLA: Throughput 22.5Mbps < 25Mbps (mínimo)
1777012139,2026-04-24 03:28:59,rApp-CVaR/ML-Arbiter,xApp1-RANSlicer,implicit,global_health_policy,App1-Vigilancia,camera_throughput_mbps,22.5,25.0,-2.5,,,BLOCKED,FULL_POWER,FULL_POWER,100,BLOCKED,1.0,POWER_DOWN_ECO,NORMAL,,0.0,0.0,168.25,4.09268,3.5011002479338846,474.98478016528924,0.09418588083936442,3,20,CVaR/ML global KPI -> energy recommendation -> App1 KPI -> rApp mitigation,CÂMERA SLA: Throughput 22.5Mbps < 25Mbps (mínimo),CÂMERA SLA: Throughput 22.5Mbps < 25Mbps (mínimo)
1777012144,2026-04-24 03:29:04,rApp-CVaR/ML-Arbiter,xApp1-RANSlicer,implicit,global_health_policy,App1-Vigilancia,camera_throughput_mbps,22.5,25.0,-2.5,22.5,0.0,BLOCKED,FULL_POWER,FULL_POWER,100,BLOCKED,1.0,POWER_DOWN_ECO,NORMAL,,0.0,0.0,168.5,4.09268,3.50094867768595,0.12576,0.09436162274081329,3,20,CVaR/ML global KPI -> energy recommendation -> App1 KPI -> rApp mitigation,CÂMERA SLA: Throughput 22.5Mbps < 25Mbps (mínimo),CÂMERA SLA: Throughput 22.5Mbps < 25Mbps (mínimo)
1777012149,2026-04-24 03:29:09,rApp-CVaR/ML-Arbiter,xApp1-RANSlicer,implicit,global_health_policy,App1-Vigilancia,camera_throughput_mbps,22.5,25.0,-2.5,22.5,0.0,BLOCKED,FULL_POWER,FULL_POWER,100,BLOCKED,1.0,POWER_DOWN_ECO,NORMAL,,0.0,0.0,168.75,4.09268,3.5008834710743804,2.01216,0.09685742355485709,3,20,CVaR/ML global KPI -> energy recommendation -> App1 KPI -> rApp mitigation,CÂMERA SLA: Throughput 22.5Mbps < 25Mbps (mínimo),CÂMERA SLA: Throughput 22.5Mbps < 25Mbps (mínimo)
1777012154,2026-04-24 03:29:14,rApp-CVaR/ML-Arbiter,xApp1-RANSlicer,implicit,global_health_policy,App1-Vigilancia,camera_throughput_mbps,22.5,25.0,-2.5,22.5,0.0,BLOCKED,FULL_POWER,FULL_POWER,100,BLOCKED,1.0,POWER_DOWN_ECO,NORMAL,,0.0,0.0,168.75,4.09268,3.5008834710743804,475.00244892561983,0.09878846960043723,3,20,CVaR/ML global KPI -> energy recommendation -> App1 KPI -> rApp mitigation,CÂMERA SLA: Throughput 22.5Mbps < 25Mbps (mínimo),CÂMERA SLA: Throughput 22.5Mbps < 25Mbps (mínimo)
1777012159,2026-04-24 03:29:19,rApp-CVaR/ML-Arbiter,xApp1-RANSlicer,implicit,global_health_policy,App1-Vigilancia,camera_throughput_mbps,22.5,25.0,-2.5,22.5,0.0,BLOCKED,FULL_POWER,FULL_POWER,100,BLOCKED,1.0,POWER_DOWN_ECO,NORMAL,,0.0,0.0,168.75,4.09268,3.5008834710743804,475.00244892561983,0.09878846960043723,3,20,CVaR/ML global KPI -> energy recommendation -> App1 KPI -> rApp mitigation,CÂMERA SLA: Throughput 22.5Mbps < 25Mbps (mínimo),CÂMERA SLA: Throughput 22.5Mbps < 25Mbps (mínimo)
1777012164,2026-04-24 03:29:24,rApp-CVaR/ML-Arbiter,xApp1-RANSlicer,implicit,global_health_policy,App1-Vigilancia,camera_throughput_mbps,22.5,25.0,-2.5,22.5,0.0,BLOCKED,FULL_POWER,FULL_POWER,100,BLOCKED,1.0,POWER_DOWN_ECO,NORMAL,,0.0,0.0,169.0,4.09268,3.50097479338843,0.0,0.09988977396266346,3,20,CVaR/ML global KPI -> energy recommendation -> App1 KPI -> rApp mitigation,CÂMERA SLA: Throughput 22.5Mbps < 25Mbps (mínimo),CÂMERA SLA: Throughput 22.5Mbps < 25Mbps (mínimo)
1777012169,2026-04-24 03:29:29,rApp-CVaR/ML-Arbiter,xApp1-RANSlicer,implicit,global_health_policy,App1-Vigilancia,camera_throughput_mbps,22.5,25.0,-2.5,22.5,0.0,BLOCKED,FULL_POWER,FULL_POWER,100,BLOCKED,1.0,POWER_DOWN_ECO,NORMAL,,0.0,0.0,169.25,4.09268,3.5009436363636364,0.46112000000000003,0.09910634077723895,3,20,CVaR/ML global KPI -> energy recommendation -> App1 KPI -> rApp mitigation,CÂMERA SLA: Throughput 22.5Mbps < 25Mbps (mínimo),CÂMERA SLA: Throughput 22.5Mbps < 25Mbps (mínimo)
1777012174,2026-04-24 03:29:34,rApp-CVaR/ML-Arbiter,xApp1-RANSlicer,implicit,global_health_policy,App1-Vigilancia,camera_throughput_mbps,22.5,25.0,-2.5,22.5,0.0,BLOCKED,FULL_POWER,FULL_POWER,100,BLOCKED,1.0,POWER_DOWN_ECO,NORMAL,,0.0,0.0,169.25,4.09268,3.5009436363636364,474.9910161983471,0.1005536219825755,3,20,CVaR/ML global KPI -> energy recommendation -> App1 KPI -> rApp mitigation,CÂMERA SLA: Throughput 22.5Mbps < 25Mbps (mínimo),CÂMERA SLA: Throughput 22.5Mbps < 25Mbps (mínimo)
1777012179,2026-04-24 03:29:39,rApp-CVaR/ML-Arbiter,xApp1-RANSlicer,implicit,global_health_policy,App1-Vigilancia,camera_throughput_mbps,22.5,25.0,-2.5,22.5,0.0,BLOCKED,FULL_POWER,FULL_POWER,100,BLOCKED,1.0,POWER_DOWN_ECO,NORMAL,,0.0,0.0,169.5,4.09268,3.5007861157024793,0.0,0.099995308665725,3,20,CVaR/ML global KPI -> energy recommendation -> App1 KPI -> rApp mitigation,CÂMERA SLA: Throughput 22.5Mbps < 25Mbps (mínimo),CÂMERA SLA: Throughput 22.5Mbps < 25Mbps (mínimo)
1777012184,2026-04-24 03:29:44,rApp-CVaR/ML-Arbiter,xApp1-RANSlicer,implicit,global_health_policy,App1-Vigilancia,camera_throughput_mbps,22.5,25.0,-2.5,22.5,0.0,BLOCKED,FULL_POWER,FULL_POWER,100,BLOCKED,1.0,POWER_DOWN_ECO,NORMAL,,0.0,0.0,169.75,4.09268,3.5006519834710743,0.0,0.10071021470629549,3,20,CVaR/ML global KPI -> energy recommendation -> App1 KPI -> rApp mitigation,CÂMERA SLA: Throughput 22.5Mbps < 25Mbps (mínimo),CÂMERA SLA: Throughput 22.5Mbps < 25Mbps (mínimo)
1777012189,2026-04-24 03:29:49,rApp-CVaR/ML-Arbiter,xApp1-RANSlicer,implicit,global_health_policy,App1-Vigilancia,camera_throughput_mbps,22.5,25.0,-2.5,22.5,0.0,BLOCKED,FULL_POWER,FULL_POWER,100,BLOCKED,1.0,POWER_DOWN_ECO,NORMAL,,0.0,0.0,169.75,4.09268,3.5006519834710743,0.0,0.10071021470629549,3,20,CVaR/ML global KPI -> energy recommendation -> App1 KPI -> rApp mitigation,CÂMERA SLA: Throughput 22.5Mbps < 25Mbps (mínimo),CÂMERA SLA: Throughput 22.5Mbps < 25Mbps (mínimo)
1777012194,2026-04-24 03:29:54,rApp-CVaR/ML-Arbiter,xApp1-RANSlicer,implicit,global_health_policy,App1-Vigilancia,camera_throughput_mbps,22.5,25.0,-2.5,22.5,0.0,BLOCKED,FULL_POWER,FULL_POWER,100,BLOCKED,1.0,POWER_DOWN_ECO,NORMAL,,0.0,0.0,169.75,4.09268,3.5006519834710743,474.98374082644625,0.10265254305463165,3,20,CVaR/ML global KPI -> energy recommendation -> App1 KPI -> rApp mitigation,CÂMERA SLA: Throughput 22.5Mbps < 25Mbps (mínimo),CÂMERA SLA: Throughput 22.5Mbps < 25Mbps (mínimo)
1777012259,2026-04-24 03:30:59,xApp2-EnergySaver,xApp1-RANSlicer,indirect,energy_policy,App1-Vigilancia,camera_throughput_mbps,22.5,25.0,-2.5,,,BLOCKED,FULL_POWER,FULL_POWER,100,BLOCKED,1.0,FULL_POWER,NORMAL,,0.0,0.0,171.75,58.458400000000005,3.5003034710743806,0.0,0.12224419793965673,3,20,xApp2-EnergySaver -> energy_policy -> App1 KPI -> xApp1-RANSlicer/rApp,CÂMERA SLA: Throughput 22.5Mbps < 25Mbps (mínimo),CÂMERA SLA: Throughput 22.5Mbps < 25Mbps (mínimo)
1777012264,2026-04-24 03:31:04,xApp2-EnergySaver,xApp1-RANSlicer,indirect,energy_policy,App1-Vigilancia,camera_throughput_mbps,22.5,25.0,-2.5,22.5,0.0,BLOCKED,FULL_POWER,FULL_POWER,100,BLOCKED,1.0,FULL_POWER,NORMAL,,0.0,0.0,171.75,58.458400000000005,3.5003034710743806,474.9899768595041,0.13517617854665556,3,20,xApp2-EnergySaver -> energy_policy -> App1 KPI -> xApp1-RANSlicer/rApp,CÂMERA SLA: Throughput 22.5Mbps < 25Mbps (mínimo),CÂMERA SLA: Throughput 22.5Mbps < 25Mbps (mínimo)
1777012269,2026-04-24 03:31:09,xApp2-EnergySaver,xApp1-RANSlicer,indirect,energy_policy,App1-Vigilancia,camera_throughput_mbps,22.5,25.0,-2.5,22.5,0.0,BLOCKED,FULL_POWER,FULL_POWER,100,BLOCKED,1.0,FULL_POWER,NORMAL,,0.0,0.0,171.75,58.458400000000005,3.5003034710743806,474.9899768595041,0.13517617854665556,3,20,xApp2-EnergySaver -> energy_policy -> App1 KPI -> xApp1-RANSlicer/rApp,CÂMERA SLA: Throughput 22.5Mbps < 25Mbps (mínimo),CÂMERA SLA: Throughput 22.5Mbps < 25Mbps (mínimo)
1777012274,2026-04-24 03:31:14,xApp2-EnergySaver,xApp1-RANSlicer,indirect,energy_policy,App1-Vigilancia,camera_throughput_mbps,22.5,25.0,-2.5,22.5,0.0,BLOCKED,FULL_POWER,FULL_POWER,100,BLOCKED,1.0,FULL_POWER,NORMAL,,0.0,0.0,172.0,58.458400000000005,3.5004343801652893,0.0,0.14760374116366648,3,20,xApp2-EnergySaver -> energy_policy -> App1 KPI -> xApp1-RANSlicer/rApp,CÂMERA SLA: Throughput 22.5Mbps < 25Mbps (mínimo),CÂMERA SLA: Throughput 22.5Mbps < 25Mbps (mínimo)
1777012279,2026-04-24 03:31:19,xApp2-EnergySaver,xApp1-RANSlicer,indirect,energy_policy,App1-Vigilancia,camera_throughput_mbps,22.5,25.0,-2.5,22.5,0.0,BLOCKED,FULL_POWER,FULL_POWER,100,BLOCKED,1.0,FULL_POWER,NORMAL,,0.0,0.0,172.25,58.458400000000005,3.5002851239669424,0.33536,0.15675794821832212,3,20,xApp2-EnergySaver -> energy_policy -> App1 KPI -> xApp1-RANSlicer/rApp,CÂMERA SLA: Throughput 22.5Mbps < 25Mbps (mínimo),CÂMERA SLA: Throughput 22.5Mbps < 25Mbps (mínimo)
1777012284,2026-04-24 03:31:24,xApp2-EnergySaver,xApp1-RANSlicer,indirect,energy_policy,App1-Vigilancia,camera_throughput_mbps,22.5,25.0,-2.5,22.5,0.0,BLOCKED,FULL_POWER,FULL_POWER,100,BLOCKED,1.0,FULL_POWER,NORMAL,,0.0,0.0,172.25,58.458400000000005,3.5002851239669424,474.9889375206612,0.1635254149431709,3,20,xApp2-EnergySaver -> energy_policy -> App1 KPI -> xApp1-RANSlicer/rApp,CÂMERA SLA: Throughput 22.5Mbps < 25Mbps (mínimo),CÂMERA SLA: Throughput 22.5Mbps < 25Mbps (mínimo)
1777012289,2026-04-24 03:31:29,xApp2-EnergySaver,xApp1-RANSlicer,indirect,energy_policy,App1-Vigilancia,camera_throughput_mbps,22.5,25.0,-2.5,22.5,0.0,BLOCKED,FULL_POWER,FULL_POWER,100,BLOCKED,1.0,FULL_POWER,NORMAL,,0.0,0.0,172.5,58.458400000000005,3.500159504132231,0.0,0.17096535939652518,3,20,xApp2-EnergySaver -> energy_policy -> App1 KPI -> xApp1-RANSlicer/rApp,CÂMERA SLA: Throughput 22.5Mbps < 25Mbps (mínimo),CÂMERA SLA: Throughput 22.5Mbps < 25Mbps (mínimo)
1777012294,2026-04-24 03:31:34,xApp2-EnergySaver,xApp1-RANSlicer,indirect,energy_policy,App1-Vigilancia,camera_throughput_mbps,22.5,25.0,-2.5,22.5,0.0,BLOCKED,FULL_POWER,FULL_POWER,100,BLOCKED,1.0,FULL_POWER,NORMAL,,0.0,0.0,172.5,58.458400000000005,3.500159504132231,0.0,0.17096535939652518,3,20,xApp2-EnergySaver -> energy_policy -> App1 KPI -> xApp1-RANSlicer/rApp,CÂMERA SLA: Throughput 22.5Mbps < 25Mbps (mínimo),CÂMERA SLA: Throughput 22.5Mbps < 25Mbps (mínimo)
1777012299,2026-04-24 03:31:39,xApp2-EnergySaver,xApp1-RANSlicer,indirect,energy_policy,App1-Vigilancia,camera_throughput_mbps,22.5,25.0,-2.5,22.5,0.0,BLOCKED,FULL_POWER,FULL_POWER,100,BLOCKED,1.0,FULL_POWER,NORMAL,,0.0,0.0,172.75,58.458400000000005,3.500414049586777,0.0,0.18257200384478203,3,20,xApp2-EnergySaver -> energy_policy -> App1 KPI -> xApp1-RANSlicer/rApp,CÂMERA SLA: Throughput 22.5Mbps < 25Mbps (mínimo),CÂMERA SLA: Throughput 22.5Mbps < 25Mbps (mínimo)
1777012304,2026-04-24 03:31:44,xApp2-EnergySaver,xApp1-RANSlicer,indirect,energy_policy,App1-Vigilancia,camera_throughput_mbps,22.5,25.0,-2.5,22.5,0.0,BLOCKED,FULL_POWER,FULL_POWER,100,BLOCKED,1.0,FULL_POWER,NORMAL,,0.0,0.0,173.0,58.458400000000005,3.5003390909090912,0.12576,0.19056826891026116,3,20,xApp2-EnergySaver -> energy_policy -> App1 KPI -> xApp1-RANSlicer/rApp,CÂMERA SLA: Throughput 22.5Mbps < 25Mbps (mínimo),CÂMERA SLA: Throughput 22.5Mbps < 25Mbps (mínimo)
1777012309,2026-04-24 03:31:49,xApp2-EnergySaver,xApp1-RANSlicer,indirect,energy_policy,App1-Vigilancia,camera_throughput_mbps,22.5,25.0,-2.5,22.5,0.0,BLOCKED,FULL_POWER,FULL_POWER,100,BLOCKED,1.0,FULL_POWER,NORMAL,,0.0,0.0,173.0,58.458400000000005,3.5003390909090912,474.98720528925617,0.2025411201715813,3,20,xApp2-EnergySaver -> energy_policy -> App1 KPI -> xApp1-RANSlicer/rApp,CÂMERA SLA: Throughput 22.5Mbps < 25Mbps (mínimo),CÂMERA SLA: Throughput 22.5Mbps < 25Mbps (mínimo)
1777012314,2026-04-24 03:31:54,xApp2-EnergySaver,xApp1-RANSlicer,indirect,energy_policy,App1-Vigilancia,camera_throughput_mbps,22.5,25.0,-2.5,22.5,0.0,BLOCKED,FULL_POWER,FULL_POWER,100,BLOCKED,1.0,FULL_POWER,NORMAL,,0.0,0.0,173.25,58.458400000000005,3.500514958677686,1.4252799999999999,0.20080074520293098,3,20,xApp2-EnergySaver -> energy_policy -> App1 KPI -> xApp1-RANSlicer/rApp,CÂMERA SLA: Throughput 22.5Mbps < 25Mbps (mínimo),CÂMERA SLA: Throughput 22.5Mbps < 25Mbps (mínimo)
1777012379,2026-04-24 03:32:59,xApp2-EnergySaver,xApp1-RANSlicer,indirect,energy_policy,App1-Vigilancia,camera_throughput_mbps,22.5,25.0,-2.5,,,BLOCKED,FULL_POWER,FULL_POWER,100,BLOCKED,1.0,FULL_POWER,NORMAL,,0.0,0.0,175.0,58.458400000000005,3.500837685950413,0.04192,0.20634081316414227,3,20,xApp2-EnergySaver -> energy_policy -> App1 KPI -> xApp1-RANSlicer/rApp,CÂMERA SLA: Throughput 22.5Mbps < 25Mbps (mínimo),CÂMERA SLA: Throughput 22.5Mbps < 25Mbps (mínimo)
1777012384,2026-04-24 03:33:04,xApp2-EnergySaver,xApp1-RANSlicer,indirect,energy_policy,App1-Vigilancia,camera_throughput_mbps,22.5,25.0,-2.5,22.5,0.0,BLOCKED,FULL_POWER,FULL_POWER,100,BLOCKED,1.0,FULL_POWER,NORMAL,,0.0,0.0,175.0,58.458400000000005,3.500837685950413,474.9865123966942,0.2091959980238593,3,20,xApp2-EnergySaver -> energy_policy -> App1 KPI -> xApp1-RANSlicer/rApp,CÂMERA SLA: Throughput 22.5Mbps < 25Mbps (mínimo),CÂMERA SLA: Throughput 22.5Mbps < 25Mbps (mínimo)
1777012389,2026-04-24 03:33:09,xApp2-EnergySaver,xApp1-RANSlicer,indirect,energy_policy,App1-Vigilancia,camera_throughput_mbps,22.5,25.0,-2.5,22.5,0.0,BLOCKED,FULL_POWER,FULL_POWER,100,BLOCKED,1.0,FULL_POWER,NORMAL,,0.0,0.0,175.25,58.458400000000005,3.500784049586777,0.0,0.20698283523439368,3,20,xApp2-EnergySaver -> energy_policy -> App1 KPI -> xApp1-RANSlicer/rApp,CÂMERA SLA: Throughput 22.5Mbps < 25Mbps (mínimo),CÂMERA SLA: Throughput 22.5Mbps < 25Mbps (mínimo)
1777012394,2026-04-24 03:33:14,xApp2-EnergySaver,xApp1-RANSlicer,indirect,energy_policy,App1-Vigilancia,camera_throughput_mbps,22.5,25.0,-2.5,22.5,0.0,BLOCKED,FULL_POWER,FULL_POWER,100,BLOCKED,1.0,FULL_POWER,NORMAL,,0.0,0.0,175.25,58.458400000000005,3.500784049586777,0.0,0.20698283523439368,3,20,xApp2-EnergySaver -> energy_policy -> App1 KPI -> xApp1-RANSlicer/rApp,CÂMERA SLA: Throughput 22.5Mbps < 25Mbps (mínimo),CÂMERA SLA: Throughput 22.5Mbps < 25Mbps (mínimo)
1777012399,2026-04-24 03:33:19,xApp2-EnergySaver,xApp1-RANSlicer,indirect,energy_policy,App1-Vigilancia,camera_throughput_mbps,22.5,25.0,-2.5,22.5,0.0,BLOCKED,FULL_POWER,FULL_POWER,100,BLOCKED,1.0,FULL_POWER,NORMAL,,0.0,0.0,175.5,58.458400000000005,3.5008901652892566,0.54496,0.20512906514436804,3,20,xApp2-EnergySaver -> energy_policy -> App1 KPI -> xApp1-RANSlicer/rApp,CÂMERA SLA: Throughput 22.5Mbps < 25Mbps (mínimo),CÂMERA SLA: Throughput 22.5Mbps < 25Mbps (mínimo)
1777012404,2026-04-24 03:33:24,xApp2-EnergySaver,xApp1-RANSlicer,indirect,energy_policy,App1-Vigilancia,camera_throughput_mbps,22.5,25.0,-2.5,22.5,0.0,BLOCKED,FULL_POWER,FULL_POWER,100,BLOCKED,1.0,FULL_POWER,NORMAL,,0.0,0.0,175.5,58.458400000000005,3.5008901652892566,474.99066975206614,0.20687195635141378,3,20,xApp2-EnergySaver -> energy_policy -> App1 KPI -> xApp1-RANSlicer/rApp,CÂMERA SLA: Throughput 22.5Mbps < 25Mbps (mínimo),CÂMERA SLA: Throughput 22.5Mbps < 25Mbps (mínimo)
1777012409,2026-04-24 03:33:29,xApp2-EnergySaver,xApp1-RANSlicer,indirect,energy_policy,App1-Vigilancia,camera_throughput_mbps,22.5,25.0,-2.5,22.5,0.0,BLOCKED,FULL_POWER,FULL_POWER,100,BLOCKED,1.0,FULL_POWER,NORMAL,,0.0,0.0,175.75,58.458400000000005,3.5008403305785123,0.0,0.20655212529009265,3,20,xApp2-EnergySaver -> energy_policy -> App1 KPI -> xApp1-RANSlicer/rApp,CÂMERA SLA: Throughput 22.5Mbps < 25Mbps (mínimo),CÂMERA SLA: Throughput 22.5Mbps < 25Mbps (mínimo)
1777012414,2026-04-24 03:33:34,xApp2-EnergySaver,xApp1-RANSlicer,indirect,energy_policy,App1-Vigilancia,camera_throughput_mbps,22.5,25.0,-2.5,22.5,0.0,BLOCKED,FULL_POWER,FULL_POWER,100,BLOCKED,1.0,FULL_POWER,NORMAL,,0.0,0.0,176.0,58.458400000000005,3.5007683471074382,2.096,0.20767881176491565,3,20,xApp2-EnergySaver -> energy_policy -> App1 KPI -> xApp1-RANSlicer/rApp,CÂMERA SLA: Throughput 22.5Mbps < 25Mbps (mínimo),CÂMERA SLA: Throughput 22.5Mbps < 25Mbps (mínimo)
1777012419,2026-04-24 03:33:39,xApp2-EnergySaver,xApp1-RANSlicer,indirect,energy_policy,App1-Vigilancia,camera_throughput_mbps,22.5,25.0,-2.5,22.5,0.0,BLOCKED,FULL_POWER,FULL_POWER,100,BLOCKED,1.0,FULL_POWER,NORMAL,,0.0,0.0,176.0,58.458400000000005,3.5007683471074382,2.096,0.20767881176491565,3,20,xApp2-EnergySaver -> energy_policy -> App1 KPI -> xApp1-RANSlicer/rApp,CÂMERA SLA: Throughput 22.5Mbps < 25Mbps (mínimo),CÂMERA SLA: Throughput 22.5Mbps < 25Mbps (mínimo)
1777012424,2026-04-24 03:33:44,xApp2-EnergySaver,xApp1-RANSlicer,indirect,energy_policy,App1-Vigilancia,camera_throughput_mbps,22.5,25.0,-2.5,22.5,0.0,BLOCKED,FULL_POWER,FULL_POWER,100,BLOCKED,1.0,FULL_POWER,NORMAL,,0.0,0.0,176.0,58.458400000000005,3.5007683471074382,475.00314181818186,0.20808673111660284,3,20,xApp2-EnergySaver -> energy_policy -> App1 KPI -> xApp1-RANSlicer/rApp,CÂMERA SLA: Throughput 22.5Mbps < 25Mbps (mínimo),CÂMERA SLA: Throughput 22.5Mbps < 25Mbps (mínimo)
1777012429,2026-04-24 03:33:49,xApp2-EnergySaver,xApp1-RANSlicer,indirect,energy_policy,App1-Vigilancia,camera_throughput_mbps,22.5,25.0,-2.5,22.5,0.0,BLOCKED,FULL_POWER,FULL_POWER,100,BLOCKED,1.0,FULL_POWER,NORMAL,,0.0,0.0,176.25,58.458400000000005,3.5005571074380164,0.0,0.21162320354284306,3,20,xApp2-EnergySaver -> energy_policy -> App1 KPI -> xApp1-RANSlicer/rApp,CÂMERA SLA: Throughput 22.5Mbps < 25Mbps (mínimo),CÂMERA SLA: Throughput 22.5Mbps < 25Mbps (mínimo)
1777012434,2026-04-24 03:33:54,xApp2-EnergySaver,xApp1-RANSlicer,indirect,energy_policy,App1-Vigilancia,camera_throughput_mbps,22.5,25.0,-2.5,22.5,0.0,BLOCKED,FULL_POWER,FULL_POWER,100,BLOCKED,1.0,FULL_POWER,NORMAL,,0.0,0.0,176.5,58.458400000000005,3.5007010743801654,0.0,0.21595004843121346,3,20,xApp2-EnergySaver -> energy_policy -> App1 KPI -> xApp1-RANSlicer/rApp,CÂMERA SLA: Throughput 22.5Mbps < 25Mbps (mínimo),CÂMERA SLA: Throughput 22.5Mbps < 25Mbps (mínimo)
1777012504,2026-04-24 03:35:04,xApp2-EnergySaver,xApp1-RANSlicer,indirect,energy_policy,App1-Vigilancia,camera_throughput_mbps,22.5,25.0,-2.5,,,BLOCKED,FULL_POWER,FULL_POWER,100,BLOCKED,1.0,FULL_POWER,NORMAL,,0.0,0.0,178.5,58.458400000000005,3.5005434710743804,0.0,0.20251308297629028,3,20,xApp2-EnergySaver -> energy_policy -> App1 KPI -> xApp1-RANSlicer/rApp,CÂMERA SLA: Throughput 22.5Mbps < 25Mbps (mínimo),CÂMERA SLA: Throughput 22.5Mbps < 25Mbps (mínimo)
1777012509,2026-04-24 03:35:09,xApp2-EnergySaver,xApp1-RANSlicer,indirect,energy_policy,App1-Vigilancia,camera_throughput_mbps,22.5,25.0,-2.5,22.5,0.0,BLOCKED,FULL_POWER,FULL_POWER,100,BLOCKED,1.0,FULL_POWER,NORMAL,,0.0,0.0,178.5,58.458400000000005,3.5005434710743804,474.98928396694214,0.2040082427830316,3,20,xApp2-EnergySaver -> energy_policy -> App1 KPI -> xApp1-RANSlicer/rApp,CÂMERA SLA: Throughput 22.5Mbps < 25Mbps (mínimo),CÂMERA SLA: Throughput 22.5Mbps < 25Mbps (mínimo)
1777012514,2026-04-24 03:35:14,xApp2-EnergySaver,xApp1-RANSlicer,indirect,energy_policy,App1-Vigilancia,camera_throughput_mbps,22.5,25.0,-2.5,22.5,0.0,BLOCKED,FULL_POWER,FULL_POWER,100,BLOCKED,1.0,FULL_POWER,NORMAL,,0.0,0.0,178.5,58.458400000000005,3.5005434710743804,474.98928396694214,0.2040082427830316,3,20,xApp2-EnergySaver -> energy_policy -> App1 KPI -> xApp1-RANSlicer/rApp,CÂMERA SLA: Throughput 22.5Mbps < 25Mbps (mínimo),CÂMERA SLA: Throughput 22.5Mbps < 25Mbps (mínimo)
1777012519,2026-04-24 03:35:19,xApp2-EnergySaver,xApp1-RANSlicer,indirect,energy_policy,App1-Vigilancia,camera_throughput_mbps,22.5,25.0,-2.5,22.5,0.0,BLOCKED,FULL_POWER,FULL_POWER,100,BLOCKED,1.0,FULL_POWER,NORMAL,,0.0,0.0,178.75,58.458400000000005,3.500615619834711,0.25152,0.19655552733351972,3,20,xApp2-EnergySaver -> energy_policy -> App1 KPI -> xApp1-RANSlicer/rApp,CÂMERA SLA: Throughput 22.5Mbps < 25Mbps (mínimo),CÂMERA SLA: Throughput 22.5Mbps < 25Mbps (mínimo)
1777012524,2026-04-24 03:35:24,xApp2-EnergySaver,xApp1-RANSlicer,indirect,energy_policy,App1-Vigilancia,camera_throughput_mbps,22.5,25.0,-2.5,22.5,0.0,BLOCKED,FULL_POWER,FULL_POWER,100,BLOCKED,1.0,FULL_POWER,NORMAL,,0.0,0.0,179.0,58.458400000000005,3.5005364462809916,0.0,0.1925385406899423,3,20,xApp2-EnergySaver -> energy_policy -> App1 KPI -> xApp1-RANSlicer/rApp,CÂMERA SLA: Throughput 22.5Mbps < 25Mbps (mínimo),CÂMERA SLA: Throughput 22.5Mbps < 25Mbps (mínimo)
1777012529,2026-04-24 03:35:29,xApp2-EnergySaver,xApp1-RANSlicer,indirect,energy_policy,App1-Vigilancia,camera_throughput_mbps,22.5,25.0,-2.5,22.5,0.0,BLOCKED,FULL_POWER,FULL_POWER,100,BLOCKED,1.0,FULL_POWER,NORMAL,,0.0,0.0,179.0,58.458400000000005,3.5005364462809916,474.98720528925617,0.19943429763261714,3,20,xApp2-EnergySaver -> energy_policy -> App1 KPI -> xApp1-RANSlicer/rApp,CÂMERA SLA: Throughput 22.5Mbps < 25Mbps (mínimo),CÂMERA SLA: Throughput 22.5Mbps < 25Mbps (mínimo)
1777012534,2026-04-24 03:35:34,xApp2-EnergySaver,xApp1-RANSlicer,indirect,energy_policy,App1-Vigilancia,camera_throughput_mbps,22.5,25.0,-2.5,22.5,0.0,BLOCKED,FULL_POWER,FULL_POWER,100,BLOCKED,1.0,FULL_POWER,NORMAL,,0.0,0.0,179.25,58.458400000000005,3.500679834710744,0.0,0.19908128252908694,3,20,xApp2-EnergySaver -> energy_policy -> App1 KPI -> xApp1-RANSlicer/rApp,CÂMERA SLA: Throughput 22.5Mbps < 25Mbps (mínimo),CÂMERA SLA: Throughput 22.5Mbps < 25Mbps (mínimo)
1777012539,2026-04-24 03:35:39,xApp2-EnergySaver,xApp1-RANSlicer,indirect,energy_policy,App1-Vigilancia,camera_throughput_mbps,22.5,25.0,-2.5,22.5,0.0,BLOCKED,FULL_POWER,FULL_POWER,100,BLOCKED,1.0,FULL_POWER,NORMAL,,0.0,0.0,179.25,58.458400000000005,3.500679834710744,0.0,0.19908128252908694,3,20,xApp2-EnergySaver -> energy_policy -> App1 KPI -> xApp1-RANSlicer/rApp,CÂMERA SLA: Throughput 22.5Mbps < 25Mbps (mínimo),CÂMERA SLA: Throughput 22.5Mbps < 25Mbps (mínimo)
1777012544,2026-04-24 03:35:44,xApp2-EnergySaver,xApp1-RANSlicer,indirect,energy_policy,App1-Vigilancia,camera_throughput_mbps,22.5,25.0,-2.5,22.5,0.0,BLOCKED,FULL_POWER,FULL_POWER,100,BLOCKED,1.0,FULL_POWER,NORMAL,,0.0,0.0,179.5,58.458400000000005,3.500783223140496,0.04192,0.199404091591109,3,20,xApp2-EnergySaver -> energy_policy -> App1 KPI -> xApp1-RANSlicer/rApp,CÂMERA SLA: Throughput 22.5Mbps < 25Mbps (mínimo),CÂMERA SLA: Throughput 22.5Mbps < 25Mbps (mínimo)
1777012549,2026-04-24 03:35:49,xApp2-EnergySaver,xApp1-RANSlicer,indirect,energy_policy,App1-Vigilancia,camera_throughput_mbps,22.5,25.0,-2.5,22.5,0.0,BLOCKED,FULL_POWER,FULL_POWER,100,BLOCKED,1.0,FULL_POWER,NORMAL,,0.0,0.0,179.5,58.458400000000005,3.500783223140496,474.98720528925617,0.2029957636820467,3,20,xApp2-EnergySaver -> energy_policy -> App1 KPI -> xApp1-RANSlicer/rApp,CÂMERA SLA: Throughput 22.5Mbps < 25Mbps (mínimo),CÂMERA SLA: Throughput 22.5Mbps < 25Mbps (mínimo)
1777012554,2026-04-24 03:35:54,xApp2-EnergySaver,xApp1-RANSlicer,indirect,energy_policy,App1-Vigilancia,camera_throughput_mbps,22.5,25.0,-2.5,22.5,0.0,BLOCKED,FULL_POWER,FULL_POWER,100,BLOCKED,1.0,FULL_POWER,NORMAL,,0.0,0.0,179.75,58.458400000000005,3.5007689256198344,0.0,0.19753093206690328,3,20,xApp2-EnergySaver -> energy_policy -> App1 KPI -> xApp1-RANSlicer/rApp,CÂMERA SLA: Throughput 22.5Mbps < 25Mbps (mínimo),CÂMERA SLA: Throughput 22.5Mbps < 25Mbps (mínimo)
1777012623,2026-04-24 03:37:03,xApp2-EnergySaver,xApp1-RANSlicer,indirect,energy_policy,App1-Vigilancia,camera_throughput_mbps,22.5,25.0,-2.5,,,BLOCKED,FULL_POWER,FULL_POWER,100,BLOCKED,1.0,FULL_POWER,NORMAL,,0.0,0.0,181.5,58.458400000000005,3.500410743801653,0.0,0.21122169962624524,3,20,xApp2-EnergySaver -> energy_policy -> App1 KPI -> xApp1-RANSlicer/rApp,CÂMERA SLA: Throughput 22.5Mbps < 25Mbps (mínimo),CÂMERA SLA: Throughput 22.5Mbps < 25Mbps (mínimo)
1777012629,2026-04-24 03:37:09,xApp2-EnergySaver,xApp1-RANSlicer,indirect,energy_policy,App1-Vigilancia,camera_throughput_mbps,22.5,25.0,-2.5,22.5,0.0,BLOCKED,FULL_POWER,FULL_POWER,100,BLOCKED,1.0,FULL_POWER,NORMAL,,0.0,0.0,181.75,58.458400000000005,3.5003913223140493,0.12576,0.21019711509953254,3,20,xApp2-EnergySaver -> energy_policy -> App1 KPI -> xApp1-RANSlicer/rApp,CÂMERA SLA: Throughput 22.5Mbps < 25Mbps (mínimo),CÂMERA SLA: Throughput 22.5Mbps < 25Mbps (mínimo)
1777012634,2026-04-24 03:37:14,xApp2-EnergySaver,xApp1-RANSlicer,indirect,energy_policy,App1-Vigilancia,camera_throughput_mbps,22.5,25.0,-2.5,22.5,0.0,BLOCKED,FULL_POWER,FULL_POWER,100,BLOCKED,1.0,FULL_POWER,NORMAL,,0.0,0.0,182.0,58.458400000000005,3.5005352066115702,0.0,0.21571973006353648,3,20,xApp2-EnergySaver -> energy_policy -> App1 KPI -> xApp1-RANSlicer/rApp,CÂMERA SLA: Throughput 22.5Mbps < 25Mbps (mínimo),CÂMERA SLA: Throughput 22.5Mbps < 25Mbps (mínimo)
1777012639,2026-04-24 03:37:19,xApp2-EnergySaver,xApp1-RANSlicer,indirect,energy_policy,App1-Vigilancia,camera_throughput_mbps,22.5,25.0,-2.5,22.5,0.0,BLOCKED,FULL_POWER,FULL_POWER,100,BLOCKED,1.0,FULL_POWER,NORMAL,,0.0,0.0,182.0,58.458400000000005,3.5005352066115702,474.9868588429752,0.2168078396117331,3,20,xApp2-EnergySaver -> energy_policy -> App1 KPI -> xApp1-RANSlicer/rApp,CÂMERA SLA: Throughput 22.5Mbps < 25Mbps (mínimo),CÂMERA SLA: Throughput 22.5Mbps < 25Mbps (mínimo)
1777012644,2026-04-24 03:37:24,xApp2-EnergySaver,xApp1-RANSlicer,indirect,energy_policy,App1-Vigilancia,camera_throughput_mbps,22.5,25.0,-2.5,22.5,0.0,BLOCKED,FULL_POWER,FULL_POWER,100,BLOCKED,1.0,FULL_POWER,NORMAL,,0.0,0.0,182.25,58.458400000000005,3.500767190082645,0.08384,0.21929254472040505,3,20,xApp2-EnergySaver -> energy_policy -> App1 KPI -> xApp1-RANSlicer/rApp,CÂMERA SLA: Throughput 22.5Mbps < 25Mbps (mínimo),CÂMERA SLA: Throughput 22.5Mbps < 25Mbps (mínimo)
1777012649,2026-04-24 03:37:29,xApp2-EnergySaver,xApp1-RANSlicer,indirect,energy_policy,App1-Vigilancia,camera_throughput_mbps,22.5,25.0,-2.5,22.5,0.0,BLOCKED,FULL_POWER,FULL_POWER,100,BLOCKED,1.0,FULL_POWER,NORMAL,,0.0,0.0,182.25,58.458400000000005,3.500767190082645,0.08384,0.21929254472040505,3,20,xApp2-EnergySaver -> energy_policy -> App1 KPI -> xApp1-RANSlicer/rApp,CÂMERA SLA: Throughput 22.5Mbps < 25Mbps (mínimo),CÂMERA SLA: Throughput 22.5Mbps < 25Mbps (mínimo)
1777012654,2026-04-24 03:37:34,xApp2-EnergySaver,xApp1-RANSlicer,indirect,energy_policy,App1-Vigilancia,camera_throughput_mbps,22.5,25.0,-2.5,22.5,0.0,BLOCKED,FULL_POWER,FULL_POWER,100,BLOCKED,1.0,FULL_POWER,NORMAL,,0.0,0.0,182.5,58.458400000000005,3.500666115702479,0.0,0.22123931640912367,3,20,xApp2-EnergySaver -> energy_policy -> App1 KPI -> xApp1-RANSlicer/rApp,CÂMERA SLA: Throughput 22.5Mbps < 25Mbps (mínimo),CÂMERA SLA: Throughput 22.5Mbps < 25Mbps (mínimo)
1777012659,2026-04-24 03:37:39,xApp2-EnergySaver,xApp1-RANSlicer,indirect,energy_policy,App1-Vigilancia,camera_throughput_mbps,22.5,25.0,-2.5,22.5,0.0,BLOCKED,FULL_POWER,FULL_POWER,100,BLOCKED,1.0,FULL_POWER,NORMAL,,0.0,0.0,182.5,58.458400000000005,3.500666115702479,474.9875517355372,0.22311904716012065,3,20,xApp2-EnergySaver -> energy_policy -> App1 KPI -> xApp1-RANSlicer/rApp,CÂMERA SLA: Throughput 22.5Mbps < 25Mbps (mínimo),CÂMERA SLA: Throughput 22.5Mbps < 25Mbps (mínimo)
1777012664,2026-04-24 03:37:44,xApp2-EnergySaver,xApp1-RANSlicer,indirect,energy_policy,App1-Vigilancia,camera_throughput_mbps,22.5,25.0,-2.5,22.5,0.0,BLOCKED,FULL_POWER,FULL_POWER,100,BLOCKED,1.0,FULL_POWER,NORMAL,,0.0,0.0,182.75,58.458400000000005,3.500757355371901,0.9222400000000001,0.22437837459752824,3,20,xApp2-EnergySaver -> energy_policy -> App1 KPI -> xApp1-RANSlicer/rApp,CÂMERA SLA: Throughput 22.5Mbps < 25Mbps (mínimo),CÂMERA SLA: Throughput 22.5Mbps < 25Mbps (mínimo)
1777012669,2026-04-24 03:37:49,xApp2-EnergySaver,xApp1-RANSlicer,indirect,energy_policy,App1-Vigilancia,camera_throughput_mbps,22.5,25.0,-2.5,22.5,0.0,BLOCKED,FULL_POWER,FULL_POWER,100,BLOCKED,1.0,FULL_POWER,NORMAL,,0.0,0.0,182.75,58.458400000000005,3.500757355371901,0.9222400000000001,0.22437837459752824,3,20,xApp2-EnergySaver -> energy_policy -> App1 KPI -> xApp1-RANSlicer/rApp,CÂMERA SLA: Throughput 22.5Mbps < 25Mbps (mínimo),CÂMERA SLA: Throughput 22.5Mbps < 25Mbps (mínimo)
1777012674,2026-04-24 03:37:54,xApp2-EnergySaver,xApp1-RANSlicer,indirect,energy_policy,App1-Vigilancia,camera_throughput_mbps,22.5,25.0,-2.5,22.5,0.0,BLOCKED,FULL_POWER,FULL_POWER,100,BLOCKED,1.0,FULL_POWER,NORMAL,,0.0,0.0,183.0,58.458400000000005,3.500985702479339,0.0,0.22589168533123796,3,20,xApp2-EnergySaver -> energy_policy -> App1 KPI -> xApp1-RANSlicer/rApp,CÂMERA SLA: Throughput 22.5Mbps < 25Mbps (mínimo),CÂMERA SLA: Throughput 22.5Mbps < 25Mbps (mínimo)
1777012682,2026-04-24 03:38:02,xApp2-EnergySaver,App2-Monitoramento,indirect,energy_policy,App2-Monitoramento,app2_connected_ratio,88.23529411764706,95.0,-6.764705882352942,,,CONDITIONAL,FULL_POWER_GUARD,FULL_POWER,100,CONDITIONAL,0.7,FULL_POWER,NORMAL,,0.0,0.0,183.25,58.458400000000005,3.501010991735537,2.1379200000000003,0.22289374790363864,3,20,xApp2-EnergySaver -> energy_policy/slice resources -> App2 mMTC KPI -> rApp,APP2 mMTC: sensores conectados 88% < 90% - margem protegida,APP2 mMTC: sensores conectados 88% < 90% - margem protegida
1777012743,2026-04-24 03:39:03,xApp2-EnergySaver,xApp1-RANSlicer,indirect,energy_policy,App1-Vigilancia,camera_throughput_mbps,22.5,25.0,-2.5,,,BLOCKED,FULL_POWER,FULL_POWER,100,BLOCKED,1.0,FULL_POWER,NORMAL,,0.0,0.0,185.0,58.458400000000005,3.50075132231405,0.12576,0.19416964005079343,3,20,xApp2-EnergySaver -> energy_policy -> App1 KPI -> xApp1-RANSlicer/rApp,CÂMERA SLA: Throughput 22.5Mbps < 25Mbps (mínimo),CÂMERA SLA: Throughput 22.5Mbps < 25Mbps (mínimo)
1777012748,2026-04-24 03:39:08,xApp2-EnergySaver,xApp1-RANSlicer,indirect,energy_policy,App1-Vigilancia,camera_throughput_mbps,22.5,25.0,-2.5,22.5,0.0,BLOCKED,FULL_POWER,FULL_POWER,100,BLOCKED,1.0,FULL_POWER,NORMAL,,0.0,0.0,185.25,58.458400000000005,3.5006345454545458,0.0,0.19455665100603642,3,20,xApp2-EnergySaver -> energy_policy -> App1 KPI -> xApp1-RANSlicer/rApp,CÂMERA SLA: Throughput 22.5Mbps < 25Mbps (mínimo),CÂMERA SLA: Throughput 22.5Mbps < 25Mbps (mínimo)
1777012753,2026-04-24 03:39:13,xApp2-EnergySaver,xApp1-RANSlicer,indirect,energy_policy,App1-Vigilancia,camera_throughput_mbps,22.5,25.0,-2.5,22.5,0.0,BLOCKED,FULL_POWER,FULL_POWER,100,BLOCKED,1.0,FULL_POWER,NORMAL,,0.0,0.0,185.25,58.458400000000005,3.5006345454545458,0.0,0.19455665100603642,3,20,xApp2-EnergySaver -> energy_policy -> App1 KPI -> xApp1-RANSlicer/rApp,CÂMERA SLA: Throughput 22.5Mbps < 25Mbps (mínimo),CÂMERA SLA: Throughput 22.5Mbps < 25Mbps (mínimo)
1777012758,2026-04-24 03:39:18,xApp2-EnergySaver,xApp1-RANSlicer,indirect,energy_policy,App1-Vigilancia,camera_throughput_mbps,22.5,25.0,-2.5,22.5,0.0,BLOCKED,FULL_POWER,FULL_POWER,100,BLOCKED,1.0,FULL_POWER,NORMAL,,0.0,0.0,185.25,58.458400000000005,3.5006345454545458,474.98720528925617,0.19211051546599606,3,20,xApp2-EnergySaver -> energy_policy -> App1 KPI -> xApp1-RANSlicer/rApp,CÂMERA SLA: Throughput 22.5Mbps < 25Mbps (mínimo),CÂMERA SLA: Throughput 22.5Mbps < 25Mbps (mínimo)
1777012763,2026-04-24 03:39:23,xApp2-EnergySaver,xApp1-RANSlicer,indirect,energy_policy,App1-Vigilancia,camera_throughput_mbps,22.5,25.0,-2.5,22.5,0.0,BLOCKED,FULL_POWER,FULL_POWER,100,BLOCKED,1.0,FULL_POWER,NORMAL,,0.0,0.0,185.5,58.458400000000005,3.500742396694215,2.1379200000000003,0.1950862811060445,3,20,xApp2-EnergySaver -> energy_policy -> App1 KPI -> xApp1-RANSlicer/rApp,CÂMERA SLA: Throughput 22.5Mbps < 25Mbps (mínimo),CÂMERA SLA: Throughput 22.5Mbps < 25Mbps (mínimo)
1777012768,2026-04-24 03:39:28,xApp2-EnergySaver,xApp1-RANSlicer,indirect,energy_policy,App1-Vigilancia,camera_throughput_mbps,22.5,25.0,-2.5,22.5,0.0,BLOCKED,FULL_POWER,FULL_POWER,100,BLOCKED,1.0,FULL_POWER,NORMAL,,0.0,0.0,185.75,58.458400000000005,3.5007218181818183,0.0,0.19604472559883657,3,20,xApp2-EnergySaver -> energy_policy -> App1 KPI -> xApp1-RANSlicer/rApp,CÂMERA SLA: Throughput 22.5Mbps < 25Mbps (mínimo),CÂMERA SLA: Throughput 22.5Mbps < 25Mbps (mínimo)
1777012773,2026-04-24 03:39:33,xApp2-EnergySaver,xApp1-RANSlicer,indirect,energy_policy,App1-Vigilancia,camera_throughput_mbps,22.5,25.0,-2.5,22.5,0.0,BLOCKED,FULL_POWER,FULL_POWER,100,BLOCKED,1.0,FULL_POWER,NORMAL,,0.0,0.0,185.75,58.458400000000005,3.5007218181818183,0.0,0.19604472559883657,3,20,xApp2-EnergySaver -> energy_policy -> App1 KPI -> xApp1-RANSlicer/rApp,CÂMERA SLA: Throughput 22.5Mbps < 25Mbps (mínimo),CÂMERA SLA: Throughput 22.5Mbps < 25Mbps (mínimo)
1777012778,2026-04-24 03:39:38,xApp2-EnergySaver,xApp1-RANSlicer,indirect,energy_policy,App1-Vigilancia,camera_throughput_mbps,22.5,25.0,-2.5,22.5,0.0,BLOCKED,FULL_POWER,FULL_POWER,100,BLOCKED,1.0,FULL_POWER,NORMAL,,0.0,0.0,185.75,58.458400000000005,3.5007218181818183,474.9910161983471,0.19496324292371306,3,20,xApp2-EnergySaver -> energy_policy -> App1 KPI -> xApp1-RANSlicer/rApp,CÂMERA SLA: Throughput 22.5Mbps < 25Mbps (mínimo),CÂMERA SLA: Throughput 22.5Mbps < 25Mbps (mínimo)
1777012784,2026-04-24 03:39:44,xApp2-EnergySaver,xApp1-RANSlicer,indirect,energy_policy,App1-Vigilancia,camera_throughput_mbps,22.5,25.0,-2.5,22.5,0.0,BLOCKED,FULL_POWER,FULL_POWER,100,BLOCKED,1.0,FULL_POWER,NORMAL,,0.0,0.0,186.0,58.458400000000005,3.5006709090909087,0.0,0.1973734005268758,3,20,xApp2-EnergySaver -> energy_policy -> App1 KPI -> xApp1-RANSlicer/rApp,CÂMERA SLA: Throughput 22.5Mbps < 25Mbps (mínimo),CÂMERA SLA: Throughput 22.5Mbps < 25Mbps (mínimo)
1777012789,2026-04-24 03:39:49,xApp2-EnergySaver,xApp1-RANSlicer,indirect,energy_policy,App1-Vigilancia,camera_throughput_mbps,22.5,25.0,-2.5,22.5,0.0,BLOCKED,FULL_POWER,FULL_POWER,100,BLOCKED,1.0,FULL_POWER,NORMAL,,0.0,0.0,186.25,58.458400000000005,3.5010893388429754,0.54496,0.19976353894121754,3,20,xApp2-EnergySaver -> energy_policy -> App1 KPI -> xApp1-RANSlicer/rApp,CÂMERA SLA: Throughput 22.5Mbps < 25Mbps (mínimo),CÂMERA SLA: Throughput 22.5Mbps < 25Mbps (mínimo)
1777012794,2026-04-24 03:39:54,xApp2-EnergySaver,xApp1-RANSlicer,indirect,energy_policy,App1-Vigilancia,camera_throughput_mbps,22.5,25.0,-2.5,22.5,0.0,BLOCKED,FULL_POWER,FULL_POWER,100,BLOCKED,1.0,FULL_POWER,NORMAL,,0.0,0.0,186.5,58.458400000000005,3.5009843801652893,0.0,0.19718730365892853,3,20,xApp2-EnergySaver -> energy_policy -> App1 KPI -> xApp1-RANSlicer/rApp,CÂMERA SLA: Throughput 22.5Mbps < 25Mbps (mínimo),CÂMERA SLA: Throughput 22.5Mbps < 25Mbps (mínimo)
1777012802,2026-04-24 03:40:02,xApp2-EnergySaver,App2-Monitoramento,indirect,energy_policy,App2-Monitoramento,app2_connected_ratio,88.23529411764706,95.0,-6.764705882352942,,,CONDITIONAL,FULL_POWER_GUARD,FULL_POWER,100,CONDITIONAL,0.7,FULL_POWER,NORMAL,,0.0,0.0,186.5,58.458400000000005,3.5009843801652893,0.0,0.19718730365892853,3,20,xApp2-EnergySaver -> energy_policy/slice resources -> App2 mMTC KPI -> rApp,APP2 mMTC: sensores conectados 88% < 90% - margem protegida,APP2 mMTC: sensores conectados 88% < 90% - margem protegida
1777012863,2026-04-24 03:41:03,xApp2-EnergySaver,xApp1-RANSlicer,indirect,energy_policy,App1-Vigilancia,camera_throughput_mbps,22.5,25.0,-2.5,,,BLOCKED,FULL_POWER,FULL_POWER,100,BLOCKED,1.0,FULL_POWER,NORMAL,,0.0,0.0,188.25,58.458400000000005,3.5011505785123966,0.96416,0.20607006545774942,3,20,xApp2-EnergySaver -> energy_policy -> App1 KPI -> xApp1-RANSlicer/rApp,CÂMERA SLA: Throughput 22.5Mbps < 25Mbps (mínimo),CÂMERA SLA: Throughput 22.5Mbps < 25Mbps (mínimo)
1777012868,2026-04-24 03:41:08,xApp2-EnergySaver,xApp1-RANSlicer,indirect,energy_policy,App1-Vigilancia,camera_throughput_mbps,22.5,25.0,-2.5,22.5,0.0,BLOCKED,FULL_POWER,FULL_POWER,100,BLOCKED,1.0,FULL_POWER,NORMAL,,0.0,0.0,188.5,58.458400000000005,3.5010279338842976,0.0,0.20259134572970416,3,20,xApp2-EnergySaver -> energy_policy -> App1 KPI -> xApp1-RANSlicer/rApp,CÂMERA SLA: Throughput 22.5Mbps < 25Mbps (mínimo),CÂMERA SLA: Throughput 22.5Mbps < 25Mbps (mínimo)
1777012873,2026-04-24 03:41:13,xApp2-EnergySaver,xApp1-RANSlicer,indirect,energy_policy,App1-Vigilancia,camera_throughput_mbps,22.5,25.0,-2.5,22.5,0.0,BLOCKED,FULL_POWER,FULL_POWER,100,BLOCKED,1.0,FULL_POWER,NORMAL,,0.0,0.0,188.5,58.458400000000005,3.5010279338842976,474.9913626446281,0.20187076697363754,3,20,xApp2-EnergySaver -> energy_policy -> App1 KPI -> xApp1-RANSlicer/rApp,CÂMERA SLA: Throughput 22.5Mbps < 25Mbps (mínimo),CÂMERA SLA: Throughput 22.5Mbps < 25Mbps (mínimo)
1777012878,2026-04-24 03:41:18,xApp2-EnergySaver,xApp1-RANSlicer,indirect,energy_policy,App1-Vigilancia,camera_throughput_mbps,22.5,25.0,-2.5,22.5,0.0,BLOCKED,FULL_POWER,FULL_POWER,100,BLOCKED,1.0,FULL_POWER,NORMAL,,0.0,0.0,188.5,58.458400000000005,3.5010279338842976,474.9913626446281,0.20187076697363754,3,20,xApp2-EnergySaver -> energy_policy -> App1 KPI -> xApp1-RANSlicer/rApp,CÂMERA SLA: Throughput 22.5Mbps < 25Mbps (mínimo),CÂMERA SLA: Throughput 22.5Mbps < 25Mbps (mínimo)
1777012883,2026-04-24 03:41:23,xApp2-EnergySaver,xApp1-RANSlicer,indirect,energy_policy,App1-Vigilancia,camera_throughput_mbps,22.5,25.0,-2.5,22.5,0.0,BLOCKED,FULL_POWER,FULL_POWER,100,BLOCKED,1.0,FULL_POWER,NORMAL,,0.0,0.0,188.75,58.458400000000005,3.5011663636363637,0.0,0.199526925437725,3,20,xApp2-EnergySaver -> energy_policy -> App1 KPI -> xApp1-RANSlicer/rApp,CÂMERA SLA: Throughput 22.5Mbps < 25Mbps (mínimo),CÂMERA SLA: Throughput 22.5Mbps < 25Mbps (mínimo)
1777012888,2026-04-24 03:41:28,xApp2-EnergySaver,xApp1-RANSlicer,indirect,energy_policy,App1-Vigilancia,camera_throughput_mbps,22.5,25.0,-2.5,22.5,0.0,BLOCKED,FULL_POWER,FULL_POWER,100,BLOCKED,1.0,FULL_POWER,NORMAL,,0.0,0.0,189.0,58.458400000000005,3.50108826446281,0.08384,0.2059370001313196,3,20,xApp2-EnergySaver -> energy_policy -> App1 KPI -> xApp1-RANSlicer/rApp,CÂMERA SLA: Throughput 22.5Mbps < 25Mbps (mínimo),CÂMERA SLA: Throughput 22.5Mbps < 25Mbps (mínimo)
1777012893,2026-04-24 03:41:33,xApp2-EnergySaver,xApp1-RANSlicer,indirect,energy_policy,App1-Vigilancia,camera_throughput_mbps,22.5,25.0,-2.5,22.5,0.0,BLOCKED,FULL_POWER,FULL_POWER,100,BLOCKED,1.0,FULL_POWER,NORMAL,,0.0,0.0,189.25,58.458400000000005,3.5009567768595042,0.08384,0.20451322960086815,3,20,xApp2-EnergySaver -> energy_policy -> App1 KPI -> xApp1-RANSlicer/rApp,CÂMERA SLA: Throughput 22.5Mbps < 25Mbps (mínimo),CÂMERA SLA: Throughput 22.5Mbps < 25Mbps (mínimo)
1777012898,2026-04-24 03:41:38,xApp2-EnergySaver,xApp1-RANSlicer,indirect,energy_policy,App1-Vigilancia,camera_throughput_mbps,22.5,25.0,-2.5,22.5,0.0,BLOCKED,FULL_POWER,FULL_POWER,100,BLOCKED,1.0,FULL_POWER,NORMAL,,0.0,0.0,189.25,58.458400000000005,3.5009567768595042,0.08384,0.20451322960086815,3,20,xApp2-EnergySaver -> energy_policy -> App1 KPI -> xApp1-RANSlicer/rApp,CÂMERA SLA: Throughput 22.5Mbps < 25Mbps (mínimo),CÂMERA SLA: Throughput 22.5Mbps < 25Mbps (mínimo)
1777012903,2026-04-24 03:41:43,xApp2-EnergySaver,xApp1-RANSlicer,indirect,energy_policy,App1-Vigilancia,camera_throughput_mbps,22.5,25.0,-2.5,22.5,0.0,BLOCKED,FULL_POWER,FULL_POWER,100,BLOCKED,1.0,FULL_POWER,NORMAL,,0.0,0.0,189.25,58.458400000000005,3.5009567768595042,474.98720528925617,0.20236287915850287,3,20,xApp2-EnergySaver -> energy_policy -> App1 KPI -> xApp1-RANSlicer/rApp,CÂMERA SLA: Throughput 22.5Mbps < 25Mbps (mínimo),CÂMERA SLA: Throughput 22.5Mbps < 25Mbps (mínimo)
1777012908,2026-04-24 03:41:48,xApp2-EnergySaver,xApp1-RANSlicer,indirect,energy_policy,App1-Vigilancia,camera_throughput_mbps,22.5,25.0,-2.5,22.5,0.0,BLOCKED,FULL_POWER,FULL_POWER,100,BLOCKED,1.0,FULL_POWER,NORMAL,,0.0,0.0,189.5,58.458400000000005,3.500835454545455,0.0,0.19990460230795742,3,20,xApp2-EnergySaver -> energy_policy -> App1 KPI -> xApp1-RANSlicer/rApp,CÂMERA SLA: Throughput 22.5Mbps < 25Mbps (mínimo),CÂMERA SLA: Throughput 22.5Mbps < 25Mbps (mínimo)
1777012913,2026-04-24 03:41:53,xApp2-EnergySaver,xApp1-RANSlicer,indirect,energy_policy,App1-Vigilancia,camera_throughput_mbps,22.5,25.0,-2.5,22.5,0.0,BLOCKED,FULL_POWER,FULL_POWER,100,BLOCKED,1.0,FULL_POWER,NORMAL,,0.0,0.0,189.75,58.458400000000005,3.500663884297521,0.0,0.20543621603596965,3,20,xApp2-EnergySaver -> energy_policy -> App1 KPI -> xApp1-RANSlicer/rApp,CÂMERA SLA: Throughput 22.5Mbps < 25Mbps (mínimo),CÂMERA SLA: Throughput 22.5Mbps < 25Mbps (mínimo)
1777012922,2026-04-24 03:42:02,xApp2-EnergySaver,App2-Monitoramento,indirect,energy_policy,App2-Monitoramento,app2_connected_ratio,88.23529411764706,95.0,-6.764705882352942,,,CONDITIONAL,FULL_POWER_GUARD,FULL_POWER,100,CONDITIONAL,0.7,FULL_POWER,NORMAL,,0.0,0.0,189.75,58.458400000000005,3.500663884297521,0.0,0.20543621603596965,3,20,xApp2-EnergySaver -> energy_policy/slice resources -> App2 mMTC KPI -> rApp,APP2 mMTC: sensores conectados 88% < 90% - margem protegida,APP2 mMTC: sensores conectados 88% < 90% - margem protegida
1777012983,2026-04-24 03:43:03,xApp2-EnergySaver,xApp1-RANSlicer,indirect,energy_policy,App1-Vigilancia,camera_throughput_mbps,22.5,25.0,-2.5,,,BLOCKED,FULL_POWER,FULL_POWER,100,BLOCKED,1.0,FULL_POWER,NORMAL,,0.0,0.0,191.5,58.458400000000005,3.500901570247934,0.0,0.20841782235687573,3,20,xApp2-EnergySaver -> energy_policy -> App1 KPI -> xApp1-RANSlicer/rApp,CÂMERA SLA: Throughput 22.5Mbps < 25Mbps (mínimo),CÂMERA SLA: Throughput 22.5Mbps < 25Mbps (mínimo)
1777012988,2026-04-24 03:43:08,xApp2-EnergySaver,xApp1-RANSlicer,indirect,energy_policy,App1-Vigilancia,camera_throughput_mbps,22.5,25.0,-2.5,22.5,0.0,BLOCKED,FULL_POWER,FULL_POWER,100,BLOCKED,1.0,FULL_POWER,NORMAL,,0.0,0.0,191.75,58.458400000000005,3.500712396694215,0.0,0.20758090180354352,3,20,xApp2-EnergySaver -> energy_policy -> App1 KPI -> xApp1-RANSlicer/rApp,CÂMERA SLA: Throughput 22.5Mbps < 25Mbps (mínimo),CÂMERA SLA: Throughput 22.5Mbps < 25Mbps (mínimo)
1777012993,2026-04-24 03:43:13,xApp2-EnergySaver,xApp1-RANSlicer,indirect,energy_policy,App1-Vigilancia,camera_throughput_mbps,22.5,25.0,-2.5,22.5,0.0,BLOCKED,FULL_POWER,FULL_POWER,100,BLOCKED,1.0,FULL_POWER,NORMAL,,0.0,0.0,192.0,58.458400000000005,3.500650495867769,0.20959999999999998,0.2085029095375957,3,20,xApp2-EnergySaver -> energy_policy -> App1 KPI -> xApp1-RANSlicer/rApp,CÂMERA SLA: Throughput 22.5Mbps < 25Mbps (mínimo),CÂMERA SLA: Throughput 22.5Mbps < 25Mbps (mínimo)
1777012998,2026-04-24 03:43:18,xApp2-EnergySaver,xApp1-RANSlicer,indirect,energy_policy,App1-Vigilancia,camera_throughput_mbps,22.5,25.0,-2.5,22.5,0.0,BLOCKED,FULL_POWER,FULL_POWER,100,BLOCKED,1.0,FULL_POWER,NORMAL,,0.0,0.0,192.0,58.458400000000005,3.500650495867769,0.20959999999999998,0.2085029095375957,3,20,xApp2-EnergySaver -> energy_policy -> App1 KPI -> xApp1-RANSlicer/rApp,CÂMERA SLA: Throughput 22.5Mbps < 25Mbps (mínimo),CÂMERA SLA: Throughput 22.5Mbps < 25Mbps (mínimo)
1777013003,2026-04-24 03:43:23,xApp2-EnergySaver,xApp1-RANSlicer,indirect,energy_policy,App1-Vigilancia,camera_throughput_mbps,22.5,25.0,-2.5,22.5,0.0,BLOCKED,FULL_POWER,FULL_POWER,100,BLOCKED,1.0,FULL_POWER,NORMAL,,0.0,0.0,192.0,58.458400000000005,3.500650495867769,474.9868588429752,0.2026840641944852,3,20,xApp2-EnergySaver -> energy_policy -> App1 KPI -> xApp1-RANSlicer/rApp,CÂMERA SLA: Throughput 22.5Mbps < 25Mbps (mínimo),CÂMERA SLA: Throughput 22.5Mbps < 25Mbps (mínimo)
1777013008,2026-04-24 03:43:28,xApp2-EnergySaver,xApp1-RANSlicer,indirect,energy_policy,App1-Vigilancia,camera_throughput_mbps,22.5,25.0,-2.5,22.5,0.0,BLOCKED,FULL_POWER,FULL_POWER,100,BLOCKED,1.0,FULL_POWER,NORMAL,,0.0,0.0,192.25,58.458400000000005,3.500586694214876,0.8383999999999999,0.19984789281687243,3,20,xApp2-EnergySaver -> energy_policy -> App1 KPI -> xApp1-RANSlicer/rApp,CÂMERA SLA: Throughput 22.5Mbps < 25Mbps (mínimo),CÂMERA SLA: Throughput 22.5Mbps < 25Mbps (mínimo)
1777013013,2026-04-24 03:43:33,xApp2-EnergySaver,xApp1-RANSlicer,indirect,energy_policy,App1-Vigilancia,camera_throughput_mbps,22.5,25.0,-2.5,22.5,0.0,BLOCKED,FULL_POWER,FULL_POWER,100,BLOCKED,1.0,FULL_POWER,NORMAL,,0.0,0.0,192.5,58.458400000000005,3.500365867768595,0.0,0.19790875016207948,3,20,xApp2-EnergySaver -> energy_policy -> App1 KPI -> xApp1-RANSlicer/rApp,CÂMERA SLA: Throughput 22.5Mbps < 25Mbps (mínimo),CÂMERA SLA: Throughput 22.5Mbps < 25Mbps (mínimo)
