% time	cellId	IMSI	frame	sframe	RNTI	mcsTb1	sizeTb1	mcsTb2	sizeTb2	ccId
0.112	1	5	12	3	3	28	9422	0	0	0
0.113	1	3	12	4	4	28	9422	0	0	0
0.114	1	4	12	5	5	28	9422	0	0	0
0.115	1	5	12	6	3	28	9422	0	0	0
0.116	1	3	12	7	4	28	9422	0	0	0
0.117	1	4	12	8	5	28	9422	0	0	0
0.118	1	5	12	9	3	28	9422	0	0	0
0.119	1	3	12	10	4	28	9422	0	0	0
0.12	1	4	13	1	5	28	9422	0	0	0
0.121	1	5	13	2	3	28	9422	0	0	0
0.122	1	3	13	3	4	28	9422	0	0	0
0.123	1	4	13	4	5	28	9422	0	0	0
0.124	1	5	13	5	3	28	9422	0	0	0
0.125	1	3	13	6	4	28	9422	0	0	0
0.126	1	4	13	7	5	28	9422	0	0	0
0.127	1	5	13	8	3	28	9422	0	0	0
0.128	1	3	13	9	4	28	9422	0	0	0
0.129	1	4	13	10	5	28	9422	0	0	0
0.13	1	5	14	1	3	28	9422	0	0	0
0.131	1	3	14	2	4	28	9422	0	0	0
0.132	1	4	14	3	5	28	9422	0	0	0
0.133	1	5	14	4	3	28	9422	0	0	0
0.134	1	3	14	5	4	28	9422	0	0	0
0.135	1	4	14	6	5	28	9422	0	0	0
0.136	1	5	14	7	3	28	9422	0	0	0
0.137	1	3	14	8	4	28	9422	0	0	0
0.138	1	4	14	9	5	28	9422	0	0	0
0.139	1	5	14	10	3	28	9422	0	0	0
0.14	1	3	15	1	4	28	9422	0	0	0
0.141	1	4	15	2	5	28	9422	0	0	0
0.142	1	5	15	3	3	28	9422	0	0	0
0.143	1	3	15	4	4	28	9422	0	0	0
0.144	1	4	15	5	5	28	9422	0	0	0
0.145	1	5	15	6	3	28	9422	0	0	0
0.146	1	3	15	7	4	28	9422	0	0	0
0.147	1	4	15	8	5	28	9422	0	0	0
0.148	1	5	15	9	3	28	9422	0	0	0
0.149	1	3	15	10	4	28	9422	0	0	0
0.15	1	4	16	1	5	28	9422	0	0	0
0.151	1	5	16	2	3	28	9422	0	0	0
0.152	1	3	16	3	4	28	9422	0	0	0
0.153	1	4	16	4	5	28	9422	0	0	0
0.154	1	5	16	5	3	28	9422	0	0	0
0.155	1	3	16	6	4	28	9422	0	0	0
0.156	1	4	16	7	5	28	9422	0	0	0
0.157	1	5	16	8	3	28	9422	0	0	0
0.158	1	3	16	9	4	28	9422	0	0	0
0.159	1	4	16	10	5	28	9422	0	0	0
0.16	1	5	17	1	3	28	9422	0	0	0
0.161	1	3	17	2	4	28	9422	0	0	0
0.162	1	4	17	3	5	28	9422	0	0	0
0.163	1	5	17	4	3	28	9422	0	0	0
0.164	1	3	17	5	4	28	9422	0	0	0
0.165	1	4	17	6	5	28	9422	0	0	0
0.166	1	5	17	7	3	28	9422	0	0	0
0.167	1	3	17	8	4	28	9422	0	0	0
0.168	1	4	17	9	5	28	9422	0	0	0
0.169	1	5	17	10	3	28	9422	0	0	0
0.17	1	3	18	1	4	28	9422	0	0	0
0.171	1	4	18	2	5	28	9422	0	0	0
0.172	1	5	18	3	3	28	9422	0	0	0
0.173	1	3	18	4	4	28	9422	0	0	0
0.174	1	4	18	5	5	28	9422	0	0	0
0.175	1	5	18	6	3	28	9422	0	0	0
0.176	1	3	18	7	4	28	9422	0	0	0
0.177	1	4	18	8	5	28	9422	0	0	0
0.178	1	5	18	9	3	28	9422	0	0	0
0.179	1	3	18	10	4	28	9422	0	0	0
0.18	1	4	19	1	5	28	9422	0	0	0
0.181	1	5	19	2	3	28	9422	0	0	0
0.182	1	3	19	3	4	28	9422	0	0	0
0.183	1	4	19	4	5	28	9422	0	0	0
0.184	1	5	19	5	3	28	9422	0	0	0
0.185	1	3	19	6	4	28	9422	0	0	0
0.186	1	4	19	7	5	28	9422	0	0	0
0.187	1	5	19	8	3	28	9422	0	0	0
0.188	1	3	19	9	4	28	9422	0	0	0
0.189	1	4	19	10	5	28	9422	0	0	0
0.19	1	5	20	1	3	28	9422	0	0	0
0.191	1	3	20	2	4	28	9422	0	0	0
0.192	1	4	20	3	5	28	9422	0	0	0
0.193	1	5	20	4	3	28	9422	0	0	0
0.194	1	3	20	5	4	28	9422	0	0	0
0.195	1	4	20	6	5	28	9422	0	0	0
0.196	1	5	20	7	3	28	9422	0	0	0
0.197	1	3	20	8	4	28	9422	0	0	0
0.198	1	4	20	9	5	28	9422	0	0	0
0.199	1	5	20	10	3	28	9422	0	0	0
0.2	1	3	21	1	4	28	9422	0	0	0
0.201	1	4	21	2	5	28	9422	0	0	0
0.202	1	5	21	3	3	28	9422	0	0	0
0.203	1	3	21	4	4	28	9422	0	0	0
0.204	1	4	21	5	5	28	9422	0	0	0
0.205	1	5	21	6	3	28	9422	0	0	0
0.206	1	3	21	7	4	28	9422	0	0	0
0.207	1	4	21	8	5	28	9422	0	0	0
0.208	1	5	21	9	3	28	9422	0	0	0
0.209	1	3	21	10	4	28	9422	0	0	0
0.21	1	4	22	1	5	28	9422	0	0	0
0.211	1	5	22	2	3	28	9422	0	0	0
0.212	1	3	22	3	4	28	9422	0	0	0
0.213	1	4	22	4	5	28	9422	0	0	0
0.214	1	5	22	5	3	28	9422	0	0	0
0.215	1	3	22	6	4	28	9422	0	0	0
0.216	1	4	22	7	5	28	9422	0	0	0
0.217	1	5	22	8	3	28	9422	0	0	0
0.218	1	3	22	9	4	28	9422	0	0	0
0.219	1	4	22	10	5	28	9422	0	0	0
0.22	1	5	23	1	3	28	9422	0	0	0
0.221	1	3	23	2	4	28	9422	0	0	0
0.222	1	4	23	3	5	28	9422	0	0	0
0.223	1	5	23	4	3	28	9422	0	0	0
0.224	1	3	23	5	4	28	9422	0	0	0
0.225	1	4	23	6	5	28	9422	0	0	0
0.226	1	5	23	7	3	28	9422	0	0	0
0.227	1	3	23	8	4	28	9422	0	0	0
0.228	1	4	23	9	5	28	9422	0	0	0
0.229	1	5	23	10	3	28	9422	0	0	0
0.23	1	3	24	1	4	28	9422	0	0	0
0.231	1	4	24	2	5	28	9422	0	0	0
0.232	1	5	24	3	3	28	9422	0	0	0
0.233	1	3	24	4	4	28	9422	0	0	0
0.234	1	4	24	5	5	28	9422	0	0	0
0.235	1	5	24	6	3	28	9422	0	0	0
0.236	1	3	24	7	4	28	9422	0	0	0
0.237	1	4	24	8	5	28	9422	0	0	0
0.238	1	5	24	9	3	28	9422	0	0	0
0.239	1	3	24	10	4	28	9422	0	0	0
0.24	1	4	25	1	5	28	9422	0	0	0
0.241	1	5	25	2	3	28	9422	0	0	0
0.242	1	3	25	3	4	28	9422	0	0	0
0.243	1	4	25	4	5	28	9422	0	0	0
0.244	1	5	25	5	3	28	9422	0	0	0
0.245	1	3	25	6	4	28	9422	0	0	0
0.246	1	4	25	7	5	28	9422	0	0	0
0.247	1	5	25	8	3	28	9422	0	0	0
0.248	1	3	25	9	4	28	9422	0	0	0
0.249	1	4	25	10	5	28	9422	0	0	0
0.25	1	5	26	1	3	28	9422	0	0	0
0.251	1	3	26	2	4	28	9422	0	0	0
0.252	1	4	26	3	5	28	9422	0	0	0
0.253	1	5	26	4	3	28	9422	0	0	0
0.254	1	3	26	5	4	28	9422	0	0	0
0.255	1	4	26	6	5	28	9422	0	0	0
0.256	1	5	26	7	3	28	9422	0	0	0
0.257	1	3	26	8	4	28	9422	0	0	0
0.258	1	4	26	9	5	28	9422	0	0	0
0.259	1	5	26	10	3	28	9422	0	0	0
0.26	1	3	27	1	4	28	9422	0	0	0
0.261	1	4	27	2	5	28	9422	0	0	0
0.262	1	5	27	3	3	28	9422	0	0	0
0.263	1	3	27	4	4	28	9422	0	0	0
0.264	1	4	27	5	5	28	9422	0	0	0
0.265	1	5	27	6	3	28	9422	0	0	0
0.266	1	3	27	7	4	28	9422	0	0	0
0.267	1	4	27	8	5	28	9422	0	0	0
0.268	1	5	27	9	3	28	9422	0	0	0
0.269	1	3	27	10	4	28	9422	0	0	0
0.27	1	4	28	1	5	28	9422	0	0	0
0.271	1	5	28	2	3	28	9422	0	0	0
0.272	1	3	28	3	4	28	9422	0	0	0
0.273	1	4	28	4	5	28	9422	0	0	0
0.274	1	5	28	5	3	28	9422	0	0	0
0.275	1	3	28	6	4	28	9422	0	0	0
0.276	1	4	28	7	5	28	9422	0	0	0
0.277	1	5	28	8	3	28	9422	0	0	0
0.278	1	3	28	9	4	28	9422	0	0	0
0.279	1	4	28	10	5	28	9422	0	0	0
0.28	1	5	29	1	3	28	9422	0	0	0
0.281	1	3	29	2	4	28	9422	0	0	0
0.282	1	4	29	3	5	28	9422	0	0	0
0.283	1	5	29	4	3	28	9422	0	0	0
0.284	1	3	29	5	4	28	9422	0	0	0
0.285	1	4	29	6	5	28	9422	0	0	0
0.286	1	5	29	7	3	28	9422	0	0	0
0.287	1	3	29	8	4	28	9422	0	0	0
0.288	1	4	29	9	5	28	9422	0	0	0
0.289	1	5	29	10	3	28	9422	0	0	0
0.29	1	3	30	1	4	28	9422	0	0	0
0.291	1	4	30	2	5	28	9422	0	0	0
0.292	1	5	30	3	3	28	9422	0	0	0
0.293	1	3	30	4	4	28	9422	0	0	0
0.294	1	4	30	5	5	28	9422	0	0	0
0.295	1	5	30	6	3	28	9422	0	0	0
0.296	1	3	30	7	4	28	9422	0	0	0
0.297	1	4	30	8	5	28	9422	0	0	0
0.298	1	5	30	9	3	28	9422	0	0	0
0.299	1	3	30	10	4	28	9422	0	0	0
0.3	1	4	31	1	5	28	9422	0	0	0
0.301	1	5	31	2	3	28	9422	0	0	0
0.302	1	3	31	3	4	28	9422	0	0	0
0.303	1	4	31	4	5	28	9422	0	0	0
0.304	1	5	31	5	3	28	9422	0	0	0
0.305	1	3	31	6	4	28	9422	0	0	0
0.306	1	4	31	7	5	28	9422	0	0	0
0.307	1	5	31	8	3	28	9422	0	0	0
0.308	1	3	31	9	4	28	9422	0	0	0
0.309	1	4	31	10	5	28	9422	0	0	0
0.31	1	5	32	1	3	28	9422	0	0	0
0.311	1	3	32	2	4	28	9422	0	0	0
0.312	1	4	32	3	5	28	9422	0	0	0
0.313	1	5	32	4	3	28	9422	0	0	0
0.314	1	3	32	5	4	28	9422	0	0	0
0.315	1	4	32	6	5	28	9422	0	0	0
0.316	1	5	32	7	3	28	9422	0	0	0
0.317	1	3	32	8	4	28	9422	0	0	0
0.318	1	4	32	9	5	28	9422	0	0	0
0.319	1	5	32	10	3	28	9422	0	0	0
0.32	1	3	33	1	4	28	9422	0	0	0
0.321	1	4	33	2	5	28	9422	0	0	0
0.322	1	5	33	3	3	28	9422	0	0	0
0.323	1	3	33	4	4	28	9422	0	0	0
0.324	1	4	33	5	5	28	9422	0	0	0
0.325	1	5	33	6	3	28	9422	0	0	0
0.326	1	3	33	7	4	28	9422	0	0	0
0.327	1	4	33	8	5	28	9422	0	0	0
0.328	1	5	33	9	3	28	9422	0	0	0
0.329	1	3	33	10	4	28	9422	0	0	0
0.33	1	4	34	1	5	28	9422	0	0	0
0.331	1	5	34	2	3	28	9422	0	0	0
0.332	1	3	34	3	4	28	9422	0	0	0
0.333	1	4	34	4	5	28	9422	0	0	0
0.334	1	5	34	5	3	28	9422	0	0	0
0.335	1	3	34	6	4	28	9422	0	0	0
0.336	1	4	34	7	5	28	9422	0	0	0
0.337	1	5	34	8	3	28	9422	0	0	0
0.338	1	3	34	9	4	28	9422	0	0	0
0.339	1	4	34	10	5	28	9422	0	0	0
0.34	1	5	35	1	3	28	9422	0	0	0
0.341	1	3	35	2	4	28	9422	0	0	0
0.342	1	4	35	3	5	28	9422	0	0	0
0.343	1	5	35	4	3	28	9422	0	0	0
0.344	1	3	35	5	4	28	9422	0	0	0
0.345	1	4	35	6	5	28	9422	0	0	0
0.346	1	5	35	7	3	28	9422	0	0	0
0.347	1	3	35	8	4	28	9422	0	0	0
0.348	1	4	35	9	5	28	9422	0	0	0
0.349	1	5	35	10	3	28	9422	0	0	0
0.35	1	3	36	1	4	28	9422	0	0	0
0.351	1	4	36	2	5	28	9422	0	0	0
0.352	1	5	36	3	3	28	9422	0	0	0
0.353	1	3	36	4	4	28	9422	0	0	0
0.354	1	4	36	5	5	28	9422	0	0	0
0.355	1	5	36	6	3	28	9422	0	0	0
0.356	1	3	36	7	4	28	9422	0	0	0
0.357	1	4	36	8	5	28	9422	0	0	0
0.358	1	5	36	9	3	28	9422	0	0	0
0.359	1	3	36	10	4	28	9422	0	0	0
0.36	1	4	37	1	5	28	9422	0	0	0
0.361	1	5	37	2	3	28	9422	0	0	0
0.362	1	3	37	3	4	28	9422	0	0	0
0.363	1	4	37	4	5	28	9422	0	0	0
0.364	1	5	37	5	3	28	9422	0	0	0
0.365	1	3	37	6	4	28	9422	0	0	0
0.366	1	4	37	7	5	28	9422	0	0	0
0.367	1	5	37	8	3	28	9422	0	0	0
0.368	1	3	37	9	4	28	9422	0	0	0
0.369	1	4	37	10	5	28	9422	0	0	0
0.37	1	5	38	1	3	28	9422	0	0	0
0.371	1	3	38	2	4	28	9422	0	0	0
0.372	1	4	38	3	5	28	9422	0	0	0
0.373	1	5	38	4	3	28	9422	0	0	0
0.374	1	3	38	5	4	28	9422	0	0	0
0.375	1	4	38	6	5	28	9422	0	0	0
0.376	1	5	38	7	3	28	9422	0	0	0
0.377	1	3	38	8	4	28	9422	0	0	0
0.378	1	4	38	9	5	28	9422	0	0	0
0.379	1	5	38	10	3	28	9422	0	0	0
0.38	1	3	39	1	4	28	9422	0	0	0
0.381	1	4	39	2	5	28	9422	0	0	0
0.382	1	5	39	3	3	28	9422	0	0	0
0.383	1	3	39	4	4	28	9422	0	0	0
0.384	1	4	39	5	5	28	9422	0	0	0
0.385	1	5	39	6	3	28	9422	0	0	0
0.386	1	3	39	7	4	28	9422	0	0	0
0.387	1	4	39	8	5	28	9422	0	0	0
0.388	1	5	39	9	3	28	9422	0	0	0
0.389	1	3	39	10	4	28	9422	0	0	0
0.39	1	4	40	1	5	28	9422	0	0	0
0.391	1	5	40	2	3	28	9422	0	0	0
0.392	1	3	40	3	4	28	9422	0	0	0
0.393	1	4	40	4	5	28	9422	0	0	0
0.394	1	5	40	5	3	28	9422	0	0	0
0.395	1	3	40	6	4	28	9422	0	0	0
0.396	1	4	40	7	5	28	9422	0	0	0
0.397	1	5	40	8	3	28	9422	0	0	0
0.398	1	3	40	9	4	28	9422	0	0	0
0.399	1	4	40	10	5	28	9422	0	0	0
0.4	1	5	41	1	3	28	9422	0	0	0
0.401	1	3	41	2	4	28	9422	0	0	0
0.402	1	4	41	3	5	28	9422	0	0	0
0.403	1	5	41	4	3	28	9422	0	0	0
0.404	1	3	41	5	4	28	9422	0	0	0
0.405	1	4	41	6	5	28	9422	0	0	0
0.406	1	5	41	7	3	28	9422	0	0	0
0.407	1	3	41	8	4	28	9422	0	0	0
0.408	1	4	41	9	5	28	9422	0	0	0
0.409	1	5	41	10	3	28	9422	0	0	0
0.41	1	3	42	1	4	28	9422	0	0	0
0.411	1	4	42	2	5	28	9422	0	0	0
0.412	1	5	42	3	3	28	9422	0	0	0
0.413	1	3	42	4	4	28	9422	0	0	0
0.414	1	4	42	5	5	28	9422	0	0	0
0.415	1	5	42	6	3	28	9422	0	0	0
0.416	1	3	42	7	4	28	9422	0	0	0
0.417	1	4	42	8	5	28	9422	0	0	0
0.418	1	5	42	9	3	28	9422	0	0	0
0.419	1	3	42	10	4	28	9422	0	0	0
0.42	1	4	43	1	5	28	9422	0	0	0
0.421	1	5	43	2	3	28	9422	0	0	0
0.422	1	3	43	3	4	28	9422	0	0	0
0.423	1	4	43	4	5	28	9422	0	0	0
0.424	1	5	43	5	3	28	9422	0	0	0
0.425	1	3	43	6	4	28	9422	0	0	0
0.426	1	4	43	7	5	28	9422	0	0	0
0.427	1	5	43	8	3	28	9422	0	0	0
0.428	1	3	43	9	4	28	9422	0	0	0
0.429	1	4	43	10	5	28	9422	0	0	0
0.43	1	5	44	1	3	28	9422	0	0	0
0.431	1	3	44	2	4	28	9422	0	0	0
0.432	1	4	44	3	5	28	9422	0	0	0
0.433	1	5	44	4	3	28	9422	0	0	0
0.434	1	3	44	5	4	28	9422	0	0	0
0.435	1	4	44	6	5	28	9422	0	0	0
0.436	1	5	44	7	3	28	9422	0	0	0
0.437	1	3	44	8	4	28	9422	0	0	0
0.438	1	4	44	9	5	28	9422	0	0	0
0.439	1	5	44	10	3	28	9422	0	0	0
0.44	1	3	45	1	4	28	9422	0	0	0
0.441	1	4	45	2	5	28	9422	0	0	0
0.442	1	5	45	3	3	28	9422	0	0	0
0.443	1	3	45	4	4	28	9422	0	0	0
0.444	1	4	45	5	5	28	9422	0	0	0
0.445	1	5	45	6	3	28	9422	0	0	0
0.446	1	3	45	7	4	28	9422	0	0	0
0.447	1	4	45	8	5	28	9422	0	0	0
0.448	1	5	45	9	3	28	9422	0	0	0
0.449	1	3	45	10	4	28	9422	0	0	0
0.45	1	4	46	1	5	28	9422	0	0	0
0.451	1	5	46	2	3	28	9422	0	0	0
0.452	1	3	46	3	4	28	9422	0	0	0
0.453	1	4	46	4	5	28	9422	0	0	0
0.454	1	5	46	5	3	28	9422	0	0	0
0.455	1	3	46	6	4	28	9422	0	0	0
0.456	1	4	46	7	5	28	9422	0	0	0
0.457	1	5	46	8	3	28	9422	0	0	0
0.458	1	3	46	9	4	28	9422	0	0	0
0.459	1	4	46	10	5	28	9422	0	0	0
0.46	1	5	47	1	3	28	9422	0	0	0
0.461	1	3	47	2	4	28	9422	0	0	0
0.462	1	4	47	3	5	28	9422	0	0	0
0.463	1	5	47	4	3	28	9422	0	0	0
0.464	1	3	47	5	4	28	9422	0	0	0
0.465	1	4	47	6	5	28	9422	0	0	0
0.466	1	5	47	7	3	28	9422	0	0	0
0.467	1	3	47	8	4	28	9422	0	0	0
0.468	1	4	47	9	5	28	9422	0	0	0
0.469	1	5	47	10	3	28	9422	0	0	0
0.47	1	3	48	1	4	28	9422	0	0	0
0.471	1	4	48	2	5	28	9422	0	0	0
0.472	1	5	48	3	3	28	9422	0	0	0
0.473	1	3	48	4	4	28	9422	0	0	0
0.474	1	4	48	5	5	28	9422	0	0	0
0.475	1	5	48	6	3	28	9422	0	0	0
0.476	1	3	48	7	4	28	9422	0	0	0
0.477	1	4	48	8	5	28	9422	0	0	0
0.478	1	5	48	9	3	28	9422	0	0	0
0.479	1	3	48	10	4	28	9422	0	0	0
0.48	1	4	49	1	5	28	9422	0	0	0
0.481	1	5	49	2	3	28	9422	0	0	0
0.482	1	3	49	3	4	28	9422	0	0	0
0.483	1	4	49	4	5	28	9422	0	0	0
0.484	1	5	49	5	3	28	9422	0	0	0
0.485	1	3	49	6	4	28	9422	0	0	0
0.486	1	4	49	7	5	28	9422	0	0	0
0.487	1	5	49	8	3	28	9422	0	0	0
0.488	1	3	49	9	4	28	9422	0	0	0
0.489	1	4	49	10	5	28	9422	0	0	0
0.49	1	5	50	1	3	28	9422	0	0	0
0.491	1	3	50	2	4	28	9422	0	0	0
0.492	1	4	50	3	5	28	9422	0	0	0
0.493	1	5	50	4	3	28	9422	0	0	0
0.494	1	3	50	5	4	28	9422	0	0	0
0.495	1	4	50	6	5	28	9422	0	0	0
0.496	1	5	50	7	3	28	9422	0	0	0
0.497	1	3	50	8	4	28	9422	0	0	0
0.498	1	4	50	9	5	28	9422	0	0	0
0.499	1	5	50	10	3	28	9422	0	0	0
0.5	1	3	51	1	4	28	9422	0	0	0
0.501	1	4	51	2	5	28	9422	0	0	0
0.502	1	5	51	3	3	28	9422	0	0	0
0.503	1	3	51	4	4	28	9422	0	0	0
0.504	1	4	51	5	5	28	9422	0	0	0
0.505	1	5	51	6	3	28	9422	0	0	0
0.506	1	3	51	7	4	28	9422	0	0	0
0.507	1	4	51	8	5	28	9422	0	0	0
0.508	1	5	51	9	3	28	9422	0	0	0
0.509	1	3	51	10	4	28	9422	0	0	0
0.51	1	4	52	1	5	28	9422	0	0	0
0.511	1	5	52	2	3	28	9422	0	0	0
0.512	1	3	52	3	4	28	9422	0	0	0
0.513	1	4	52	4	5	28	9422	0	0	0
0.514	1	5	52	5	3	28	9422	0	0	0
0.515	1	3	52	6	4	28	9422	0	0	0
0.516	1	4	52	7	5	28	9422	0	0	0
0.517	1	5	52	8	3	28	9422	0	0	0
0.518	1	3	52	9	4	28	9422	0	0	0
0.519	1	4	52	10	5	28	9422	0	0	0
0.52	1	5	53	1	3	28	9422	0	0	0
0.521	1	3	53	2	4	28	9422	0	0	0
0.522	1	4	53	3	5	28	9422	0	0	0
0.523	1	5	53	4	3	28	9422	0	0	0
0.524	1	3	53	5	4	28	9422	0	0	0
0.525	1	4	53	6	5	28	9422	0	0	0
0.526	1	5	53	7	3	28	9422	0	0	0
0.527	1	3	53	8	4	28	9422	0	0	0
0.528	1	4	53	9	5	28	9422	0	0	0
0.529	1	5	53	10	3	28	9422	0	0	0
0.53	1	3	54	1	4	28	9422	0	0	0
0.531	1	4	54	2	5	28	9422	0	0	0
0.532	1	5	54	3	3	28	9422	0	0	0
0.533	1	3	54	4	4	28	9422	0	0	0
0.534	1	4	54	5	5	28	9422	0	0	0
0.535	1	5	54	6	3	28	9422	0	0	0
0.536	1	3	54	7	4	28	9422	0	0	0
0.537	1	4	54	8	5	28	9422	0	0	0
0.538	1	5	54	9	3	28	9422	0	0	0
0.539	1	3	54	10	4	28	9422	0	0	0
0.54	1	4	55	1	5	28	9422	0	0	0
0.541	1	5	55	2	3	28	9422	0	0	0
0.542	1	3	55	3	4	28	9422	0	0	0
0.543	1	4	55	4	5	28	9422	0	0	0
0.544	1	5	55	5	3	28	9422	0	0	0
0.545	1	3	55	6	4	28	9422	0	0	0
0.546	1	4	55	7	5	28	9422	0	0	0
0.547	1	5	55	8	3	28	9422	0	0	0
0.548	1	3	55	9	4	28	9422	0	0	0
0.549	1	4	55	10	5	28	9422	0	0	0
0.55	1	5	56	1	3	28	9422	0	0	0
0.551	1	3	56	2	4	28	9422	0	0	0
0.552	1	4	56	3	5	28	9422	0	0	0
0.553	1	5	56	4	3	28	9422	0	0	0
0.554	1	3	56	5	4	28	9422	0	0	0
0.555	1	4	56	6	5	28	9422	0	0	0
0.556	1	5	56	7	3	28	9422	0	0	0
0.557	1	3	56	8	4	28	9422	0	0	0
0.558	1	4	56	9	5	28	9422	0	0	0
0.559	1	5	56	10	3	28	9422	0	0	0
0.56	1	3	57	1	4	28	9422	0	0	0
0.561	1	4	57	2	5	28	9422	0	0	0
0.562	1	5	57	3	3	28	9422	0	0	0
0.563	1	3	57	4	4	28	9422	0	0	0
0.564	1	4	57	5	5	28	9422	0	0	0
0.565	1	5	57	6	3	28	9422	0	0	0
0.566	1	3	57	7	4	28	9422	0	0	0
0.567	1	4	57	8	5	28	9422	0	0	0
0.568	1	5	57	9	3	28	9422	0	0	0
0.569	1	3	57	10	4	28	9422	0	0	0
0.57	1	4	58	1	5	28	9422	0	0	0
0.571	1	5	58	2	3	28	9422	0	0	0
0.572	1	3	58	3	4	28	9422	0	0	0
0.573	1	4	58	4	5	28	9422	0	0	0
0.574	1	5	58	5	3	28	9422	0	0	0
0.575	1	3	58	6	4	28	9422	0	0	0
0.576	1	4	58	7	5	28	9422	0	0	0
0.577	1	5	58	8	3	28	9422	0	0	0
0.578	1	3	58	9	4	28	9422	0	0	0
0.579	1	4	58	10	5	28	9422	0	0	0
0.58	1	5	59	1	3	28	9422	0	0	0
0.581	1	3	59	2	4	28	9422	0	0	0
0.582	1	4	59	3	5	28	9422	0	0	0
0.583	1	5	59	4	3	28	9422	0	0	0
0.584	1	3	59	5	4	28	9422	0	0	0
0.585	1	4	59	6	5	28	9422	0	0	0
0.586	1	5	59	7	3	28	9422	0	0	0
0.587	1	3	59	8	4	28	9422	0	0	0
0.588	1	4	59	9	5	28	9422	0	0	0
0.589	1	5	59	10	3	28	9422	0	0	0
0.59	1	3	60	1	4	28	9422	0	0	0
0.591	1	4	60	2	5	28	9422	0	0	0
0.592	1	5	60	3	3	28	9422	0	0	0
0.593	1	3	60	4	4	28	9422	0	0	0
0.594	1	4	60	5	5	28	9422	0	0	0
0.595	1	5	60	6	3	28	9422	0	0	0
0.596	1	3	60	7	4	28	9422	0	0	0
0.597	1	4	60	8	5	28	9422	0	0	0
0.598	1	5	60	9	3	28	9422	0	0	0
0.599	1	3	60	10	4	28	9422	0	0	0
0.6	1	4	61	1	5	28	9422	0	0	0
0.601	1	5	61	2	3	28	9422	0	0	0
0.602	1	3	61	3	4	28	9422	0	0	0
0.603	1	4	61	4	5	28	9422	0	0	0
0.604	1	5	61	5	3	28	9422	0	0	0
0.605	1	3	61	6	4	28	9422	0	0	0
0.606	1	4	61	7	5	28	9422	0	0	0
0.607	1	5	61	8	3	28	9422	0	0	0
0.608	1	3	61	9	4	28	9422	0	0	0
0.609	1	4	61	10	5	28	9422	0	0	0
0.61	1	5	62	1	3	28	9422	0	0	0
0.611	1	3	62	2	4	28	9422	0	0	0
0.612	1	4	62	3	5	28	9422	0	0	0
0.613	1	5	62	4	3	28	9422	0	0	0
0.614	1	3	62	5	4	28	9422	0	0	0
0.615	1	4	62	6	5	28	9422	0	0	0
0.616	1	5	62	7	3	28	9422	0	0	0
0.617	1	3	62	8	4	28	9422	0	0	0
0.618	1	4	62	9	5	28	9422	0	0	0
0.619	1	5	62	10	3	28	9422	0	0	0
0.62	1	3	63	1	4	28	9422	0	0	0
0.621	1	4	63	2	5	28	9422	0	0	0
0.622	1	5	63	3	3	28	9422	0	0	0
0.623	1	3	63	4	4	28	9422	0	0	0
0.624	1	4	63	5	5	28	9422	0	0	0
0.625	1	5	63	6	3	28	9422	0	0	0
0.626	1	3	63	7	4	28	9422	0	0	0
0.627	1	4	63	8	5	28	9422	0	0	0
0.628	1	5	63	9	3	28	9422	0	0	0
0.629	1	3	63	10	4	28	9422	0	0	0
0.63	1	4	64	1	5	28	9422	0	0	0
0.631	1	5	64	2	3	28	9422	0	0	0
0.632	1	3	64	3	4	28	9422	0	0	0
0.633	1	4	64	4	5	28	9422	0	0	0
0.634	1	5	64	5	3	28	9422	0	0	0
0.635	1	3	64	6	4	28	9422	0	0	0
0.636	1	4	64	7	5	28	9422	0	0	0
0.637	1	5	64	8	3	28	9422	0	0	0
0.638	1	3	64	9	4	28	9422	0	0	0
0.639	1	4	64	10	5	28	9422	0	0	0
0.64	1	5	65	1	3	28	9422	0	0	0
0.641	1	3	65	2	4	28	9422	0	0	0
0.642	1	4	65	3	5	28	9422	0	0	0
0.643	1	5	65	4	3	28	9422	0	0	0
0.644	1	3	65	5	4	28	9422	0	0	0
0.645	1	4	65	6	5	28	9422	0	0	0
0.646	1	5	65	7	3	28	9422	0	0	0
0.647	1	3	65	8	4	28	9422	0	0	0
0.648	1	4	65	9	5	28	9422	0	0	0
0.649	1	5	65	10	3	28	9422	0	0	0
0.65	1	3	66	1	4	28	9422	0	0	0
0.651	1	4	66	2	5	28	9422	0	0	0
0.652	1	5	66	3	3	28	9422	0	0	0
0.653	1	3	66	4	4	28	9422	0	0	0
0.654	1	4	66	5	5	28	9422	0	0	0
0.655	1	5	66	6	3	28	9422	0	0	0
0.656	1	3	66	7	4	28	9422	0	0	0
0.657	1	4	66	8	5	28	9422	0	0	0
0.658	1	5	66	9	3	28	9422	0	0	0
0.659	1	3	66	10	4	28	9422	0	0	0
0.66	1	4	67	1	5	28	9422	0	0	0
0.661	1	5	67	2	3	28	9422	0	0	0
0.662	1	3	67	3	4	28	9422	0	0	0
0.663	1	4	67	4	5	28	9422	0	0	0
0.664	1	5	67	5	3	28	9422	0	0	0
0.665	1	3	67	6	4	28	9422	0	0	0
0.666	1	4	67	7	5	28	9422	0	0	0
0.667	1	5	67	8	3	28	9422	0	0	0
0.668	1	3	67	9	4	28	9422	0	0	0
0.669	1	4	67	10	5	28	9422	0	0	0
0.67	1	5	68	1	3	28	9422	0	0	0
0.671	1	3	68	2	4	28	9422	0	0	0
0.672	1	4	68	3	5	28	9422	0	0	0
0.673	1	5	68	4	3	28	9422	0	0	0
0.674	1	3	68	5	4	28	9422	0	0	0
0.675	1	4	68	6	5	28	9422	0	0	0
0.676	1	5	68	7	3	28	9422	0	0	0
0.677	1	3	68	8	4	28	9422	0	0	0
0.678	1	4	68	9	5	28	9422	0	0	0
0.679	1	5	68	10	3	28	9422	0	0	0
0.68	1	3	69	1	4	28	9422	0	0	0
0.681	1	4	69	2	5	28	9422	0	0	0
0.682	1	5	69	3	3	28	9422	0	0	0
0.683	1	3	69	4	4	28	9422	0	0	0
0.684	1	4	69	5	5	28	9422	0	0	0
0.685	1	5	69	6	3	28	9422	0	0	0
0.686	1	3	69	7	4	28	9422	0	0	0
0.687	1	4	69	8	5	28	9422	0	0	0
0.688	1	5	69	9	3	28	9422	0	0	0
0.689	1	3	69	10	4	28	9422	0	0	0
0.69	1	4	70	1	5	28	9422	0	0	0
0.691	1	5	70	2	3	28	9422	0	0	0
0.692	1	3	70	3	4	28	9422	0	0	0
0.693	1	4	70	4	5	28	9422	0	0	0
0.694	1	5	70	5	3	28	9422	0	0	0
0.695	1	3	70	6	4	28	9422	0	0	0
0.696	1	4	70	7	5	28	9422	0	0	0
0.697	1	5	70	8	3	28	9422	0	0	0
0.698	1	3	70	9	4	28	9422	0	0	0
0.699	1	4	70	10	5	28	9422	0	0	0
0.7	1	5	71	1	3	28	9422	0	0	0
0.701	1	3	71	2	4	28	9422	0	0	0
0.702	1	4	71	3	5	28	9422	0	0	0
0.703	1	5	71	4	3	28	9422	0	0	0
0.704	1	3	71	5	4	28	9422	0	0	0
0.705	1	4	71	6	5	28	9422	0	0	0
0.706	1	5	71	7	3	28	9422	0	0	0
0.707	1	3	71	8	4	28	9422	0	0	0
0.708	1	4	71	9	5	28	9422	0	0	0
0.709	1	5	71	10	3	28	9422	0	0	0
0.71	1	3	72	1	4	28	9422	0	0	0
0.711	1	4	72	2	5	28	9422	0	0	0
0.712	1	5	72	3	3	28	9422	0	0	0
0.713	1	3	72	4	4	28	9422	0	0	0
0.714	1	4	72	5	5	28	9422	0	0	0
0.715	1	5	72	6	3	28	9422	0	0	0
0.716	1	3	72	7	4	28	9422	0	0	0
0.717	1	4	72	8	5	28	9422	0	0	0
0.718	1	5	72	9	3	28	9422	0	0	0
0.719	1	3	72	10	4	28	9422	0	0	0
0.72	1	4	73	1	5	28	9422	0	0	0
0.721	1	5	73	2	3	28	9422	0	0	0
0.722	1	3	73	3	4	28	9422	0	0	0
0.723	1	4	73	4	5	28	9422	0	0	0
0.724	1	5	73	5	3	28	9422	0	0	0
0.725	1	3	73	6	4	28	9422	0	0	0
0.726	1	4	73	7	5	28	9422	0	0	0
0.727	1	5	73	8	3	28	9422	0	0	0
0.728	1	3	73	9	4	28	9422	0	0	0
0.729	1	4	73	10	5	28	9422	0	0	0
0.73	1	5	74	1	3	28	9422	0	0	0
0.731	1	3	74	2	4	28	9422	0	0	0
0.732	1	4	74	3	5	28	9422	0	0	0
0.733	1	5	74	4	3	28	9422	0	0	0
0.734	1	3	74	5	4	28	9422	0	0	0
0.735	1	4	74	6	5	28	9422	0	0	0
0.736	1	5	74	7	3	28	9422	0	0	0
0.737	1	3	74	8	4	28	9422	0	0	0
0.738	1	4	74	9	5	28	9422	0	0	0
0.739	1	5	74	10	3	28	9422	0	0	0
0.74	1	3	75	1	4	28	9422	0	0	0
0.741	1	4	75	2	5	28	9422	0	0	0
0.742	1	5	75	3	3	28	9422	0	0	0
0.743	1	3	75	4	4	28	9422	0	0	0
0.744	1	4	75	5	5	28	9422	0	0	0
0.745	1	5	75	6	3	28	9422	0	0	0
0.746	1	3	75	7	4	28	9422	0	0	0
0.747	1	4	75	8	5	28	9422	0	0	0
0.748	1	5	75	9	3	28	9422	0	0	0
0.749	1	3	75	10	4	28	9422	0	0	0
0.75	1	4	76	1	5	28	9422	0	0	0
0.751	1	5	76	2	3	28	9422	0	0	0
0.752	1	3	76	3	4	28	9422	0	0	0
0.753	1	4	76	4	5	28	9422	0	0	0
0.754	1	5	76	5	3	28	9422	0	0	0
0.755	1	3	76	6	4	28	9422	0	0	0
0.756	1	4	76	7	5	28	9422	0	0	0
0.757	1	5	76	8	3	28	9422	0	0	0
0.758	1	3	76	9	4	28	9422	0	0	0
0.759	1	4	76	10	5	28	9422	0	0	0
0.76	1	5	77	1	3	28	9422	0	0	0
0.761	1	3	77	2	4	28	9422	0	0	0
0.762	1	4	77	3	5	28	9422	0	0	0
0.763	1	5	77	4	3	28	9422	0	0	0
0.764	1	3	77	5	4	28	9422	0	0	0
0.765	1	4	77	6	5	28	9422	0	0	0
0.766	1	5	77	7	3	28	9422	0	0	0
0.767	1	3	77	8	4	28	9422	0	0	0
0.768	1	4	77	9	5	28	9422	0	0	0
0.769	1	5	77	10	3	28	9422	0	0	0
0.77	1	3	78	1	4	28	9422	0	0	0
0.771	1	4	78	2	5	28	9422	0	0	0
0.772	1	5	78	3	3	28	9422	0	0	0
0.773	1	3	78	4	4	28	9422	0	0	0
0.774	1	4	78	5	5	28	9422	0	0	0
0.775	1	5	78	6	3	28	9422	0	0	0
0.776	1	3	78	7	4	28	9422	0	0	0
0.777	1	4	78	8	5	28	9422	0	0	0
0.778	1	5	78	9	3	28	9422	0	0	0
0.779	1	3	78	10	4	28	9422	0	0	0
0.78	1	4	79	1	5	28	9422	0	0	0
0.781	1	5	79	2	3	28	9422	0	0	0
0.782	1	3	79	3	4	28	9422	0	0	0
0.783	1	4	79	4	5	28	9422	0	0	0
0.784	1	5	79	5	3	28	9422	0	0	0
0.785	1	3	79	6	4	28	9422	0	0	0
0.786	1	4	79	7	5	28	9422	0	0	0
0.787	1	5	79	8	3	28	9422	0	0	0
0.788	1	3	79	9	4	28	9422	0	0	0
0.789	1	4	79	10	5	28	9422	0	0	0
0.79	1	5	80	1	3	28	9422	0	0	0
0.791	1	3	80	2	4	28	9422	0	0	0
0.792	1	4	80	3	5	28	9422	0	0	0
0.793	1	5	80	4	3	28	9422	0	0	0
0.794	1	3	80	5	4	28	9422	0	0	0
0.795	1	4	80	6	5	28	9422	0	0	0
0.796	1	5	80	7	3	28	9422	0	0	0
0.797	1	3	80	8	4	28	9422	0	0	0
0.798	1	4	80	9	5	28	9422	0	0	0
0.799	1	5	80	10	3	28	9422	0	0	0
0.8	1	3	81	1	4	28	9422	0	0	0
0.801	1	4	81	2	5	28	9422	0	0	0
0.802	1	5	81	3	3	28	9422	0	0	0
0.803	1	3	81	4	4	28	9422	0	0	0
0.804	1	4	81	5	5	28	9422	0	0	0
0.805	1	5	81	6	3	28	9422	0	0	0
0.806	1	3	81	7	4	28	9422	0	0	0
0.807	1	4	81	8	5	28	9422	0	0	0
0.808	1	5	81	9	3	28	9422	0	0	0
0.809	1	3	81	10	4	28	9422	0	0	0
0.81	1	4	82	1	5	28	9422	0	0	0
0.811	1	5	82	2	3	28	9422	0	0	0
0.812	1	3	82	3	4	28	9422	0	0	0
0.813	1	4	82	4	5	28	9422	0	0	0
0.814	1	5	82	5	3	28	9422	0	0	0
0.815	1	3	82	6	4	28	9422	0	0	0
0.816	1	4	82	7	5	28	9422	0	0	0
0.817	1	5	82	8	3	28	9422	0	0	0
0.818	1	3	82	9	4	28	9422	0	0	0
0.819	1	4	82	10	5	28	9422	0	0	0
0.82	1	5	83	1	3	28	9422	0	0	0
0.821	1	3	83	2	4	28	9422	0	0	0
0.822	1	4	83	3	5	28	9422	0	0	0
0.823	1	5	83	4	3	28	9422	0	0	0
0.824	1	3	83	5	4	28	9422	0	0	0
0.825	1	4	83	6	5	28	9422	0	0	0
0.826	1	5	83	7	3	28	9422	0	0	0
0.827	1	3	83	8	4	28	9422	0	0	0
0.828	1	4	83	9	5	28	9422	0	0	0
0.829	1	5	83	10	3	28	9422	0	0	0
0.83	1	3	84	1	4	28	9422	0	0	0
0.831	1	4	84	2	5	28	9422	0	0	0
0.832	1	5	84	3	3	28	9422	0	0	0
0.833	1	3	84	4	4	28	9422	0	0	0
0.834	1	4	84	5	5	28	9422	0	0	0
0.835	1	5	84	6	3	28	9422	0	0	0
0.836	1	3	84	7	4	28	9422	0	0	0
0.837	1	4	84	8	5	28	9422	0	0	0
0.838	1	5	84	9	3	28	9422	0	0	0
0.839	1	3	84	10	4	28	9422	0	0	0
0.84	1	4	85	1	5	28	9422	0	0	0
0.841	1	5	85	2	3	28	9422	0	0	0
0.842	1	3	85	3	4	28	9422	0	0	0
0.843	1	4	85	4	5	28	9422	0	0	0
0.844	1	5	85	5	3	28	9422	0	0	0
0.845	1	3	85	6	4	28	9422	0	0	0
0.846	1	4	85	7	5	28	9422	0	0	0
0.847	1	5	85	8	3	28	9422	0	0	0
0.848	1	3	85	9	4	28	9422	0	0	0
0.849	1	4	85	10	5	28	9422	0	0	0
0.85	1	5	86	1	3	28	9422	0	0	0
0.851	1	3	86	2	4	28	9422	0	0	0
0.852	1	4	86	3	5	28	9422	0	0	0
0.853	1	5	86	4	3	28	9422	0	0	0
0.854	1	3	86	5	4	28	9422	0	0	0
0.855	1	4	86	6	5	28	9422	0	0	0
0.856	1	5	86	7	3	28	9422	0	0	0
0.857	1	3	86	8	4	28	9422	0	0	0
0.858	1	4	86	9	5	28	9422	0	0	0
0.859	1	5	86	10	3	28	9422	0	0	0
0.86	1	3	87	1	4	28	9422	0	0	0
0.861	1	4	87	2	5	28	9422	0	0	0
0.862	1	5	87	3	3	28	9422	0	0	0
0.863	1	3	87	4	4	28	9422	0	0	0
0.864	1	4	87	5	5	28	9422	0	0	0
0.865	1	5	87	6	3	28	9422	0	0	0
0.866	1	3	87	7	4	28	9422	0	0	0
0.867	1	4	87	8	5	28	9422	0	0	0
0.868	1	5	87	9	3	28	9422	0	0	0
0.869	1	3	87	10	4	28	9422	0	0	0
0.87	1	4	88	1	5	28	9422	0	0	0
0.871	1	5	88	2	3	28	9422	0	0	0
0.872	1	3	88	3	4	28	9422	0	0	0
0.873	1	4	88	4	5	28	9422	0	0	0
0.874	1	5	88	5	3	28	9422	0	0	0
0.875	1	3	88	6	4	28	9422	0	0	0
0.876	1	4	88	7	5	28	9422	0	0	0
0.877	1	5	88	8	3	28	9422	0	0	0
0.878	1	3	88	9	4	28	9422	0	0	0
0.879	1	4	88	10	5	28	9422	0	0	0
0.88	1	5	89	1	3	28	9422	0	0	0
0.881	1	3	89	2	4	28	9422	0	0	0
0.882	1	4	89	3	5	28	9422	0	0	0
0.883	1	5	89	4	3	28	9422	0	0	0
0.884	1	3	89	5	4	28	9422	0	0	0
0.885	1	4	89	6	5	28	9422	0	0	0
0.886	1	5	89	7	3	28	9422	0	0	0
0.887	1	3	89	8	4	28	9422	0	0	0
0.888	1	4	89	9	5	28	9422	0	0	0
0.889	1	5	89	10	3	28	9422	0	0	0
0.89	1	3	90	1	4	28	9422	0	0	0
0.891	1	4	90	2	5	28	9422	0	0	0
0.892	1	5	90	3	3	28	9422	0	0	0
0.893	1	3	90	4	4	28	9422	0	0	0
0.894	1	4	90	5	5	28	9422	0	0	0
0.895	1	5	90	6	3	28	9422	0	0	0
0.896	1	3	90	7	4	28	9422	0	0	0
0.897	1	4	90	8	5	28	9422	0	0	0
0.898	1	5	90	9	3	28	9422	0	0	0
0.899	1	3	90	10	4	28	9422	0	0	0
0.9	1	4	91	1	5	28	9422	0	0	0
0.901	1	5	91	2	3	28	9422	0	0	0
0.902	1	3	91	3	4	28	9422	0	0	0
0.903	1	4	91	4	5	28	9422	0	0	0
0.904	1	5	91	5	3	28	9422	0	0	0
0.905	1	3	91	6	4	28	9422	0	0	0
0.906	1	4	91	7	5	28	9422	0	0	0
0.907	1	5	91	8	3	28	9422	0	0	0
0.908	1	3	91	9	4	28	9422	0	0	0
0.909	1	4	91	10	5	28	9422	0	0	0
0.91	1	5	92	1	3	28	9422	0	0	0
0.911	1	3	92	2	4	28	9422	0	0	0
0.912	1	4	92	3	5	28	9422	0	0	0
0.913	1	5	92	4	3	28	9422	0	0	0
0.914	1	3	92	5	4	28	9422	0	0	0
0.915	1	4	92	6	5	28	9422	0	0	0
0.916	1	5	92	7	3	28	9422	0	0	0
0.917	1	3	92	8	4	28	9422	0	0	0
0.918	1	4	92	9	5	28	9422	0	0	0
0.919	1	5	92	10	3	28	9422	0	0	0
0.92	1	3	93	1	4	28	9422	0	0	0
0.921	1	4	93	2	5	28	9422	0	0	0
0.922	1	5	93	3	3	28	9422	0	0	0
0.923	1	3	93	4	4	28	9422	0	0	0
0.924	1	4	93	5	5	28	9422	0	0	0
0.925	1	5	93	6	3	28	9422	0	0	0
0.926	1	3	93	7	4	28	9422	0	0	0
0.927	1	4	93	8	5	28	9422	0	0	0
0.928	1	5	93	9	3	28	9422	0	0	0
0.929	1	3	93	10	4	28	9422	0	0	0
0.93	1	4	94	1	5	28	9422	0	0	0
0.931	1	5	94	2	3	28	9422	0	0	0
0.932	1	3	94	3	4	28	9422	0	0	0
0.933	1	4	94	4	5	28	9422	0	0	0
0.934	1	5	94	5	3	28	9422	0	0	0
0.935	1	3	94	6	4	28	9422	0	0	0
0.936	1	4	94	7	5	28	9422	0	0	0
0.937	1	5	94	8	3	28	9422	0	0	0
0.938	1	3	94	9	4	28	9422	0	0	0
0.939	1	4	94	10	5	28	9422	0	0	0
0.94	1	5	95	1	3	28	9422	0	0	0
0.941	1	3	95	2	4	28	9422	0	0	0
0.942	1	4	95	3	5	28	9422	0	0	0
0.943	1	5	95	4	3	28	9422	0	0	0
0.944	1	3	95	5	4	28	9422	0	0	0
0.945	1	4	95	6	5	28	9422	0	0	0
0.946	1	5	95	7	3	28	9422	0	0	0
0.947	1	3	95	8	4	28	9422	0	0	0
0.948	1	4	95	9	5	28	9422	0	0	0
0.949	1	5	95	10	3	28	9422	0	0	0
0.95	1	3	96	1	4	28	9422	0	0	0
0.951	1	4	96	2	5	28	9422	0	0	0
0.952	1	5	96	3	3	28	9422	0	0	0
0.953	1	3	96	4	4	28	9422	0	0	0
0.954	1	4	96	5	5	28	9422	0	0	0
0.955	1	5	96	6	3	28	9422	0	0	0
0.956	1	3	96	7	4	28	9422	0	0	0
0.957	1	4	96	8	5	28	9422	0	0	0
0.958	1	5	96	9	3	28	9422	0	0	0
0.959	1	3	96	10	4	28	9422	0	0	0
0.96	1	4	97	1	5	28	9422	0	0	0
0.961	1	5	97	2	3	28	9422	0	0	0
0.962	1	3	97	3	4	28	9422	0	0	0
0.963	1	4	97	4	5	28	9422	0	0	0
0.964	1	5	97	5	3	28	9422	0	0	0
0.965	1	3	97	6	4	28	9422	0	0	0
0.966	1	4	97	7	5	28	9422	0	0	0
0.967	1	5	97	8	3	28	9422	0	0	0
0.968	1	3	97	9	4	28	9422	0	0	0
0.969	1	4	97	10	5	28	9422	0	0	0
0.97	1	5	98	1	3	28	9422	0	0	0
0.971	1	3	98	2	4	28	9422	0	0	0
0.972	1	4	98	3	5	28	9422	0	0	0
0.973	1	5	98	4	3	28	9422	0	0	0
0.974	1	3	98	5	4	28	9422	0	0	0
0.975	1	4	98	6	5	28	9422	0	0	0
0.976	1	5	98	7	3	28	9422	0	0	0
0.977	1	3	98	8	4	28	9422	0	0	0
0.978	1	4	98	9	5	28	9422	0	0	0
0.979	1	5	98	10	3	28	9422	0	0	0
0.98	1	3	99	1	4	28	9422	0	0	0
0.981	1	4	99	2	5	28	9422	0	0	0
0.982	1	5	99	3	3	28	9422	0	0	0
0.983	1	3	99	4	4	28	9422	0	0	0
0.984	1	4	99	5	5	28	9422	0	0	0
0.985	1	5	99	6	3	28	9422	0	0	0
0.986	1	3	99	7	4	28	9422	0	0	0
0.987	1	4	99	8	5	28	9422	0	0	0
0.988	1	5	99	9	3	28	9422	0	0	0
0.989	1	3	99	10	4	28	9422	0	0	0
0.99	1	4	100	1	5	28	9422	0	0	0
0.991	1	5	100	2	3	28	9422	0	0	0
0.992	1	3	100	3	4	28	9422	0	0	0
0.993	1	4	100	4	5	28	9422	0	0	0
0.994	1	5	100	5	3	28	9422	0	0	0
0.995	1	3	100	6	4	28	9422	0	0	0
0.996	1	4	100	7	5	28	9422	0	0	0
0.997	1	5	100	8	3	28	9422	0	0	0
0.998	1	3	100	9	4	28	9422	0	0	0
0.999	1	4	100	10	5	28	9422	0	0	0
1	1	5	101	1	3	28	9422	0	0	0
1.001	1	3	101	2	4	28	9422	0	0	0
1.002	1	4	101	3	5	28	9422	0	0	0
1.003	1	5	101	4	3	28	9422	0	0	0
1.004	1	3	101	5	4	28	9422	0	0	0
1.005	1	4	101	6	5	28	9422	0	0	0
1.006	1	5	101	7	3	28	9422	0	0	0
1.007	1	3	101	8	4	28	9422	0	0	0
1.008	1	4	101	9	5	28	9422	0	0	0
1.009	1	5	101	10	3	28	9422	0	0	0
1.01	1	3	102	1	4	28	9422	0	0	0
1.011	1	4	102	2	5	28	9422	0	0	0
1.012	1	5	102	3	3	28	9422	0	0	0
1.013	1	3	102	4	4	28	9422	0	0	0
1.014	1	4	102	5	5	28	9422	0	0	0
1.015	1	5	102	6	3	28	9422	0	0	0
1.016	1	3	102	7	4	28	9422	0	0	0
1.017	1	4	102	8	5	28	9422	0	0	0
1.018	1	5	102	9	3	28	9422	0	0	0
1.019	1	3	102	10	4	28	9422	0	0	0
1.02	1	4	103	1	5	28	9422	0	0	0
1.021	1	5	103	2	3	28	9422	0	0	0
1.022	1	3	103	3	4	28	9422	0	0	0
1.023	1	4	103	4	5	28	9422	0	0	0
1.024	1	5	103	5	3	28	9422	0	0	0
1.025	1	3	103	6	4	28	9422	0	0	0
1.026	1	4	103	7	5	28	9422	0	0	0
1.027	1	5	103	8	3	28	9422	0	0	0
1.028	1	3	103	9	4	28	9422	0	0	0
1.029	1	4	103	10	5	28	9422	0	0	0
1.03	1	5	104	1	3	28	9422	0	0	0
1.031	1	3	104	2	4	28	9422	0	0	0
1.032	1	4	104	3	5	28	9422	0	0	0
1.033	1	5	104	4	3	28	9422	0	0	0
1.034	1	3	104	5	4	28	9422	0	0	0
1.035	1	4	104	6	5	28	9422	0	0	0
1.036	1	5	104	7	3	28	9422	0	0	0
1.037	1	3	104	8	4	28	9422	0	0	0
1.038	1	4	104	9	5	28	9422	0	0	0
1.039	1	5	104	10	3	28	9422	0	0	0
1.04	1	3	105	1	4	28	9422	0	0	0
1.041	1	4	105	2	5	28	9422	0	0	0
1.042	1	5	105	3	3	28	9422	0	0	0
1.043	1	3	105	4	4	28	9422	0	0	0
1.044	1	4	105	5	5	28	9422	0	0	0
1.045	1	5	105	6	3	28	9422	0	0	0
1.046	1	3	105	7	4	28	9422	0	0	0
1.047	1	4	105	8	5	28	9422	0	0	0
1.048	1	5	105	9	3	28	9422	0	0	0
1.049	1	3	105	10	4	28	9422	0	0	0
1.05	1	4	106	1	5	28	9422	0	0	0
1.051	1	5	106	2	3	28	9422	0	0	0
1.052	1	3	106	3	4	28	9422	0	0	0
1.053	1	4	106	4	5	28	9422	0	0	0
1.054	1	5	106	5	3	28	9422	0	0	0
1.055	1	3	106	6	4	28	9422	0	0	0
1.056	1	4	106	7	5	28	9422	0	0	0
1.057	1	5	106	8	3	28	9422	0	0	0
1.058	1	3	106	9	4	28	9422	0	0	0
1.059	1	4	106	10	5	28	9422	0	0	0
1.06	1	5	107	1	3	28	9422	0	0	0
1.061	1	3	107	2	4	28	9422	0	0	0
1.062	1	4	107	3	5	28	9422	0	0	0
1.063	1	5	107	4	3	28	9422	0	0	0
1.064	1	3	107	5	4	28	9422	0	0	0
1.065	1	4	107	6	5	28	9422	0	0	0
1.066	1	5	107	7	3	28	9422	0	0	0
1.067	1	3	107	8	4	28	9422	0	0	0
1.068	1	4	107	9	5	28	9422	0	0	0
1.069	1	5	107	10	3	28	9422	0	0	0
1.07	1	3	108	1	4	28	9422	0	0	0
1.071	1	4	108	2	5	28	9422	0	0	0
1.072	1	5	108	3	3	28	9422	0	0	0
1.073	1	3	108	4	4	28	9422	0	0	0
1.074	1	4	108	5	5	28	9422	0	0	0
1.075	1	5	108	6	3	28	9422	0	0	0
1.076	1	3	108	7	4	28	9422	0	0	0
1.077	1	4	108	8	5	28	9422	0	0	0
1.078	1	5	108	9	3	28	9422	0	0	0
1.079	1	3	108	10	4	28	9422	0	0	0
1.08	1	4	109	1	5	28	9422	0	0	0
1.081	1	5	109	2	3	28	9422	0	0	0
1.082	1	3	109	3	4	28	9422	0	0	0
1.083	1	4	109	4	5	28	9422	0	0	0
1.084	1	5	109	5	3	28	9422	0	0	0
1.085	1	3	109	6	4	28	9422	0	0	0
1.086	1	4	109	7	5	28	9422	0	0	0
1.087	1	5	109	8	3	28	9422	0	0	0
1.088	1	3	109	9	4	28	9422	0	0	0
1.089	1	4	109	10	5	28	9422	0	0	0
1.09	1	5	110	1	3	28	9422	0	0	0
1.091	1	3	110	2	4	28	9422	0	0	0
1.092	1	4	110	3	5	28	9422	0	0	0
1.093	1	5	110	4	3	28	9422	0	0	0
1.094	1	3	110	5	4	28	9422	0	0	0
1.095	1	4	110	6	5	28	9422	0	0	0
1.096	1	5	110	7	3	28	9422	0	0	0
1.097	1	3	110	8	4	28	9422	0	0	0
1.098	1	4	110	9	5	28	9422	0	0	0
1.099	1	5	110	10	3	28	9422	0	0	0
1.1	1	3	111	1	4	28	9422	0	0	0
1.101	1	4	111	2	5	28	9422	0	0	0
1.102	1	5	111	3	3	28	9422	0	0	0
1.103	1	3	111	4	4	28	9422	0	0	0
1.104	1	4	111	5	5	28	9422	0	0	0
1.105	1	5	111	6	3	28	9422	0	0	0
1.106	1	3	111	7	4	28	9422	0	0	0
1.107	1	4	111	8	5	28	9422	0	0	0
1.108	1	5	111	9	3	28	9422	0	0	0
1.109	1	3	111	10	4	28	9422	0	0	0
1.11	1	4	112	1	5	28	9422	0	0	0
1.111	1	5	112	2	3	28	9422	0	0	0
1.112	1	3	112	3	4	28	9422	0	0	0
1.113	1	4	112	4	5	28	9422	0	0	0
1.114	1	5	112	5	3	28	9422	0	0	0
1.115	1	3	112	6	4	28	9422	0	0	0
1.116	1	4	112	7	5	28	9422	0	0	0
1.117	1	5	112	8	3	28	9422	0	0	0
1.118	1	3	112	9	4	28	9422	0	0	0
1.119	1	4	112	10	5	28	9422	0	0	0
1.12	1	5	113	1	3	28	9422	0	0	0
1.121	1	3	113	2	4	28	9422	0	0	0
1.122	1	4	113	3	5	28	9422	0	0	0
1.123	1	5	113	4	3	28	9422	0	0	0
1.124	1	3	113	5	4	28	9422	0	0	0
1.125	1	4	113	6	5	28	9422	0	0	0
1.126	1	5	113	7	3	28	9422	0	0	0
1.127	1	3	113	8	4	28	9422	0	0	0
1.128	1	4	113	9	5	28	9422	0	0	0
1.129	1	5	113	10	3	28	9422	0	0	0
1.13	1	3	114	1	4	28	9422	0	0	0
1.131	1	4	114	2	5	28	9422	0	0	0
1.132	1	5	114	3	3	28	9422	0	0	0
1.133	1	3	114	4	4	28	9422	0	0	0
1.134	1	4	114	5	5	28	9422	0	0	0
1.135	1	5	114	6	3	28	9422	0	0	0
1.136	1	3	114	7	4	28	9422	0	0	0
1.137	1	4	114	8	5	28	9422	0	0	0
1.138	1	5	114	9	3	28	9422	0	0	0
1.139	1	3	114	10	4	28	9422	0	0	0
1.14	1	4	115	1	5	28	9422	0	0	0
1.141	1	5	115	2	3	28	9422	0	0	0
1.142	1	3	115	3	4	28	9422	0	0	0
1.143	1	4	115	4	5	28	9422	0	0	0
1.144	1	5	115	5	3	28	9422	0	0	0
1.145	1	3	115	6	4	28	9422	0	0	0
1.146	1	4	115	7	5	28	9422	0	0	0
1.147	1	5	115	8	3	28	9422	0	0	0
1.148	1	3	115	9	4	28	9422	0	0	0
1.149	1	4	115	10	5	28	9422	0	0	0
1.15	1	5	116	1	3	28	9422	0	0	0
1.151	1	3	116	2	4	28	9422	0	0	0
1.152	1	4	116	3	5	28	9422	0	0	0
1.153	1	5	116	4	3	28	9422	0	0	0
1.154	1	3	116	5	4	28	9422	0	0	0
1.155	1	4	116	6	5	28	9422	0	0	0
1.156	1	5	116	7	3	28	9422	0	0	0
1.157	1	3	116	8	4	28	9422	0	0	0
1.158	1	4	116	9	5	28	9422	0	0	0
1.159	1	5	116	10	3	28	9422	0	0	0
1.16	1	3	117	1	4	28	9422	0	0	0
1.161	1	4	117	2	5	28	9422	0	0	0
1.162	1	5	117	3	3	28	9422	0	0	0
1.163	1	3	117	4	4	28	9422	0	0	0
1.164	1	4	117	5	5	28	9422	0	0	0
1.165	1	5	117	6	3	28	9422	0	0	0
1.166	1	3	117	7	4	28	9422	0	0	0
1.167	1	4	117	8	5	28	9422	0	0	0
1.168	1	5	117	9	3	28	9422	0	0	0
1.169	1	3	117	10	4	28	9422	0	0	0
1.17	1	4	118	1	5	28	9422	0	0	0
1.171	1	5	118	2	3	28	9422	0	0	0
1.172	1	3	118	3	4	28	9422	0	0	0
1.173	1	4	118	4	5	28	9422	0	0	0
1.174	1	5	118	5	3	28	9422	0	0	0
1.175	1	3	118	6	4	28	9422	0	0	0
1.176	1	4	118	7	5	28	9422	0	0	0
1.177	1	5	118	8	3	28	9422	0	0	0
1.178	1	3	118	9	4	28	9422	0	0	0
1.179	1	4	118	10	5	28	9422	0	0	0
1.18	1	5	119	1	3	28	9422	0	0	0
1.181	1	3	119	2	4	28	9422	0	0	0
1.182	1	4	119	3	5	28	9422	0	0	0
1.183	1	5	119	4	3	28	9422	0	0	0
1.184	1	3	119	5	4	28	9422	0	0	0
1.185	1	4	119	6	5	28	9422	0	0	0
1.186	1	5	119	7	3	28	9422	0	0	0
1.187	1	3	119	8	4	28	9422	0	0	0
1.188	1	4	119	9	5	28	9422	0	0	0
1.189	1	5	119	10	3	28	9422	0	0	0
1.19	1	3	120	1	4	28	9422	0	0	0
1.191	1	4	120	2	5	28	9422	0	0	0
1.192	1	5	120	3	3	28	9422	0	0	0
1.193	1	3	120	4	4	28	9422	0	0	0
1.194	1	4	120	5	5	28	9422	0	0	0
1.195	1	5	120	6	3	28	9422	0	0	0
1.196	1	3	120	7	4	28	9422	0	0	0
1.197	1	4	120	8	5	28	9422	0	0	0
1.198	1	5	120	9	3	28	9422	0	0	0
1.199	1	3	120	10	4	28	9422	0	0	0
1.2	1	4	121	1	5	28	9422	0	0	0
1.201	1	5	121	2	3	28	9422	0	0	0
1.202	1	3	121	3	4	28	9422	0	0	0
1.203	1	4	121	4	5	28	9422	0	0	0
1.204	1	5	121	5	3	28	9422	0	0	0
1.205	1	3	121	6	4	28	9422	0	0	0
1.206	1	4	121	7	5	28	9422	0	0	0
1.207	1	5	121	8	3	28	9422	0	0	0
1.208	1	3	121	9	4	28	9422	0	0	0
1.209	1	4	121	10	5	28	9422	0	0	0
1.21	1	5	122	1	3	28	9422	0	0	0
1.211	1	3	122	2	4	28	9422	0	0	0
1.212	1	4	122	3	5	28	9422	0	0	0
1.213	1	5	122	4	3	28	9422	0	0	0
1.214	1	3	122	5	4	28	9422	0	0	0
1.215	1	4	122	6	5	28	9422	0	0	0
1.216	1	5	122	7	3	28	9422	0	0	0
1.217	1	3	122	8	4	28	9422	0	0	0
1.218	1	4	122	9	5	28	9422	0	0	0
1.219	1	5	122	10	3	28	9422	0	0	0
1.22	1	3	123	1	4	28	9422	0	0	0
1.221	1	4	123	2	5	28	9422	0	0	0
1.222	1	5	123	3	3	28	9422	0	0	0
1.223	1	3	123	4	4	28	9422	0	0	0
1.224	1	4	123	5	5	28	9422	0	0	0
1.225	1	5	123	6	3	28	9422	0	0	0
1.226	1	3	123	7	4	28	9422	0	0	0
1.227	1	4	123	8	5	28	9422	0	0	0
1.228	1	5	123	9	3	28	9422	0	0	0
1.229	1	3	123	10	4	28	9422	0	0	0
1.23	1	4	124	1	5	28	9422	0	0	0
1.231	1	5	124	2	3	28	9422	0	0	0
1.232	1	3	124	3	4	28	9422	0	0	0
1.233	1	4	124	4	5	28	9422	0	0	0
1.234	1	5	124	5	3	28	9422	0	0	0
1.235	1	3	124	6	4	28	9422	0	0	0
1.236	1	4	124	7	5	28	9422	0	0	0
1.237	1	5	124	8	3	28	9422	0	0	0
1.238	1	3	124	9	4	28	9422	0	0	0
1.239	1	4	124	10	5	28	9422	0	0	0
1.24	1	5	125	1	3	28	9422	0	0	0
1.241	1	3	125	2	4	28	9422	0	0	0
1.242	1	4	125	3	5	28	9422	0	0	0
1.243	1	5	125	4	3	28	9422	0	0	0
1.244	1	3	125	5	4	28	9422	0	0	0
1.245	1	4	125	6	5	28	9422	0	0	0
1.246	1	5	125	7	3	28	9422	0	0	0
1.247	1	3	125	8	4	28	9422	0	0	0
1.248	1	4	125	9	5	28	9422	0	0	0
1.249	1	5	125	10	3	28	9422	0	0	0
1.25	1	3	126	1	4	28	9422	0	0	0
1.251	1	4	126	2	5	28	9422	0	0	0
1.252	1	5	126	3	3	28	9422	0	0	0
1.253	1	3	126	4	4	28	9422	0	0	0
1.254	1	4	126	5	5	28	9422	0	0	0
1.255	1	5	126	6	3	28	9422	0	0	0
1.256	1	3	126	7	4	28	9422	0	0	0
1.257	1	4	126	8	5	28	9422	0	0	0
1.258	1	5	126	9	3	28	9422	0	0	0
1.259	1	3	126	10	4	28	9422	0	0	0
1.26	1	4	127	1	5	28	9422	0	0	0
1.261	1	5	127	2	3	28	9422	0	0	0
1.262	1	3	127	3	4	28	9422	0	0	0
1.263	1	4	127	4	5	28	9422	0	0	0
1.264	1	5	127	5	3	28	9422	0	0	0
1.265	1	3	127	6	4	28	9422	0	0	0
1.266	1	4	127	7	5	28	9422	0	0	0
1.267	1	5	127	8	3	28	9422	0	0	0
1.268	1	3	127	9	4	28	9422	0	0	0
1.269	1	4	127	10	5	28	9422	0	0	0
1.27	1	5	128	1	3	28	9422	0	0	0
1.271	1	3	128	2	4	28	9422	0	0	0
1.272	1	4	128	3	5	28	9422	0	0	0
1.273	1	5	128	4	3	28	9422	0	0	0
1.274	1	3	128	5	4	28	9422	0	0	0
1.275	1	4	128	6	5	28	9422	0	0	0
1.276	1	5	128	7	3	28	9422	0	0	0
1.277	1	3	128	8	4	28	9422	0	0	0
1.278	1	4	128	9	5	28	9422	0	0	0
1.279	1	5	128	10	3	28	9422	0	0	0
1.28	1	3	129	1	4	28	9422	0	0	0
1.281	1	4	129	2	5	28	9422	0	0	0
1.282	1	5	129	3	3	28	9422	0	0	0
1.283	1	3	129	4	4	28	9422	0	0	0
1.284	1	4	129	5	5	28	9422	0	0	0
1.285	1	5	129	6	3	28	9422	0	0	0
1.286	1	3	129	7	4	28	9422	0	0	0
1.287	1	4	129	8	5	28	9422	0	0	0
1.288	1	5	129	9	3	28	9422	0	0	0
1.289	1	3	129	10	4	28	9422	0	0	0
1.29	1	4	130	1	5	28	9422	0	0	0
1.291	1	5	130	2	3	28	9422	0	0	0
1.292	1	3	130	3	4	28	9422	0	0	0
1.293	1	4	130	4	5	28	9422	0	0	0
1.294	1	5	130	5	3	28	9422	0	0	0
1.295	1	3	130	6	4	28	9422	0	0	0
1.296	1	4	130	7	5	28	9422	0	0	0
1.297	1	5	130	8	3	28	9422	0	0	0
1.298	1	3	130	9	4	28	9422	0	0	0
1.299	1	4	130	10	5	28	9422	0	0	0
1.3	1	5	131	1	3	28	9422	0	0	0
1.301	1	3	131	2	4	28	9422	0	0	0
1.302	1	4	131	3	5	28	9422	0	0	0
1.303	1	5	131	4	3	28	9422	0	0	0
1.304	1	3	131	5	4	28	9422	0	0	0
1.305	1	4	131	6	5	28	9422	0	0	0
1.306	1	5	131	7	3	28	9422	0	0	0
1.307	1	3	131	8	4	28	9422	0	0	0
1.308	1	4	131	9	5	28	9422	0	0	0
1.309	1	5	131	10	3	28	9422	0	0	0
1.31	1	3	132	1	4	28	9422	0	0	0
1.311	1	4	132	2	5	28	9422	0	0	0
1.312	1	5	132	3	3	28	9422	0	0	0
1.313	1	3	132	4	4	28	9422	0	0	0
1.314	1	4	132	5	5	28	9422	0	0	0
1.315	1	5	132	6	3	28	9422	0	0	0
1.316	1	3	132	7	4	28	9422	0	0	0
1.317	1	4	132	8	5	28	9422	0	0	0
1.318	1	5	132	9	3	28	9422	0	0	0
1.319	1	3	132	10	4	28	9422	0	0	0
1.32	1	4	133	1	5	28	9422	0	0	0
1.321	1	5	133	2	3	28	9422	0	0	0
1.322	1	3	133	3	4	28	9422	0	0	0
1.323	1	4	133	4	5	28	9422	0	0	0
1.324	1	5	133	5	3	28	9422	0	0	0
1.325	1	3	133	6	4	28	9422	0	0	0
1.326	1	4	133	7	5	28	9422	0	0	0
1.327	1	5	133	8	3	28	9422	0	0	0
1.328	1	3	133	9	4	28	9422	0	0	0
1.329	1	4	133	10	5	28	9422	0	0	0
1.33	1	5	134	1	3	28	9422	0	0	0
1.331	1	3	134	2	4	28	9422	0	0	0
1.332	1	4	134	3	5	28	9422	0	0	0
1.333	1	5	134	4	3	28	9422	0	0	0
1.334	1	3	134	5	4	28	9422	0	0	0
1.335	1	4	134	6	5	28	9422	0	0	0
1.336	1	5	134	7	3	28	9422	0	0	0
1.337	1	3	134	8	4	28	9422	0	0	0
1.338	1	4	134	9	5	28	9422	0	0	0
1.339	1	5	134	10	3	28	9422	0	0	0
1.34	1	3	135	1	4	28	9422	0	0	0
1.341	1	4	135	2	5	28	9422	0	0	0
1.342	1	5	135	3	3	28	9422	0	0	0
1.343	1	3	135	4	4	28	9422	0	0	0
1.344	1	4	135	5	5	28	9422	0	0	0
1.345	1	5	135	6	3	28	9422	0	0	0
1.346	1	3	135	7	4	28	9422	0	0	0
1.347	1	4	135	8	5	28	9422	0	0	0
1.348	1	5	135	9	3	28	9422	0	0	0
1.349	1	3	135	10	4	28	9422	0	0	0
1.35	1	4	136	1	5	28	9422	0	0	0
1.351	1	5	136	2	3	28	9422	0	0	0
1.352	1	3	136	3	4	28	9422	0	0	0
1.353	1	4	136	4	5	28	9422	0	0	0
1.354	1	5	136	5	3	28	9422	0	0	0
1.355	1	3	136	6	4	28	9422	0	0	0
1.356	1	4	136	7	5	28	9422	0	0	0
1.357	1	5	136	8	3	28	9422	0	0	0
1.358	1	3	136	9	4	28	9422	0	0	0
1.359	1	4	136	10	5	28	9422	0	0	0
1.36	1	5	137	1	3	28	9422	0	0	0
1.361	1	3	137	2	4	28	9422	0	0	0
1.362	1	4	137	3	5	28	9422	0	0	0
1.363	1	5	137	4	3	28	9422	0	0	0
1.364	1	3	137	5	4	28	9422	0	0	0
1.365	1	4	137	6	5	28	9422	0	0	0
1.366	1	5	137	7	3	28	9422	0	0	0
1.367	1	3	137	8	4	28	9422	0	0	0
1.368	1	4	137	9	5	28	9422	0	0	0
1.369	1	5	137	10	3	28	9422	0	0	0
1.37	1	3	138	1	4	28	9422	0	0	0
1.371	1	4	138	2	5	28	9422	0	0	0
1.372	1	5	138	3	3	28	9422	0	0	0
1.373	1	3	138	4	4	28	9422	0	0	0
1.374	1	4	138	5	5	28	9422	0	0	0
1.375	1	5	138	6	3	28	9422	0	0	0
1.376	1	3	138	7	4	28	9422	0	0	0
1.377	1	4	138	8	5	28	9422	0	0	0
1.378	1	5	138	9	3	28	9422	0	0	0
1.379	1	3	138	10	4	28	9422	0	0	0
1.38	1	4	139	1	5	28	9422	0	0	0
1.381	1	5	139	2	3	28	9422	0	0	0
1.382	1	3	139	3	4	28	9422	0	0	0
1.383	1	4	139	4	5	28	9422	0	0	0
1.384	1	5	139	5	3	28	9422	0	0	0
1.385	1	3	139	6	4	28	9422	0	0	0
1.386	1	4	139	7	5	28	9422	0	0	0
1.387	1	5	139	8	3	28	9422	0	0	0
1.388	1	3	139	9	4	28	9422	0	0	0
1.389	1	4	139	10	5	28	9422	0	0	0
1.39	1	5	140	1	3	28	9422	0	0	0
1.391	1	3	140	2	4	28	9422	0	0	0
1.392	1	4	140	3	5	28	9422	0	0	0
1.393	1	5	140	4	3	28	9422	0	0	0
1.394	1	3	140	5	4	28	9422	0	0	0
1.395	1	4	140	6	5	28	9422	0	0	0
1.396	1	5	140	7	3	28	9422	0	0	0
1.397	1	3	140	8	4	28	9422	0	0	0
1.398	1	4	140	9	5	28	9422	0	0	0
1.399	1	5	140	10	3	28	9422	0	0	0
1.4	1	3	141	1	4	28	9422	0	0	0
1.401	1	4	141	2	5	28	9422	0	0	0
1.402	1	5	141	3	3	28	9422	0	0	0
1.403	1	3	141	4	4	28	9422	0	0	0
1.404	1	4	141	5	5	28	9422	0	0	0
1.405	1	5	141	6	3	28	9422	0	0	0
1.406	1	3	141	7	4	28	9422	0	0	0
1.407	1	4	141	8	5	28	9422	0	0	0
1.408	1	5	141	9	3	28	9422	0	0	0
1.409	1	3	141	10	4	28	9422	0	0	0
1.41	1	4	142	1	5	28	9422	0	0	0
1.411	1	5	142	2	3	28	9422	0	0	0
1.412	1	3	142	3	4	28	9422	0	0	0
1.413	1	4	142	4	5	28	9422	0	0	0
1.414	1	5	142	5	3	28	9422	0	0	0
1.415	1	3	142	6	4	28	9422	0	0	0
1.416	1	4	142	7	5	28	9422	0	0	0
1.417	1	5	142	8	3	28	9422	0	0	0
1.418	1	3	142	9	4	28	9422	0	0	0
1.419	1	4	142	10	5	28	9422	0	0	0
1.42	1	5	143	1	3	28	9422	0	0	0
1.421	1	3	143	2	4	28	9422	0	0	0
1.422	1	4	143	3	5	28	9422	0	0	0
1.423	1	5	143	4	3	28	9422	0	0	0
1.424	1	3	143	5	4	28	9422	0	0	0
1.425	1	4	143	6	5	28	9422	0	0	0
1.426	1	5	143	7	3	28	9422	0	0	0
1.427	1	3	143	8	4	28	9422	0	0	0
1.428	1	4	143	9	5	28	9422	0	0	0
1.429	1	5	143	10	3	28	9422	0	0	0
1.43	1	3	144	1	4	28	9422	0	0	0
1.431	1	4	144	2	5	28	9422	0	0	0
1.432	1	5	144	3	3	28	9422	0	0	0
1.433	1	3	144	4	4	28	9422	0	0	0
1.434	1	4	144	5	5	28	9422	0	0	0
1.435	1	5	144	6	3	28	9422	0	0	0
1.436	1	3	144	7	4	28	9422	0	0	0
1.437	1	4	144	8	5	28	9422	0	0	0
1.438	1	5	144	9	3	28	9422	0	0	0
1.439	1	3	144	10	4	28	9422	0	0	0
1.44	1	4	145	1	5	28	9422	0	0	0
1.441	1	5	145	2	3	28	9422	0	0	0
1.442	1	3	145	3	4	28	9422	0	0	0
1.443	1	4	145	4	5	28	9422	0	0	0
1.444	1	5	145	5	3	28	9422	0	0	0
1.445	1	3	145	6	4	28	9422	0	0	0
1.446	1	4	145	7	5	28	9422	0	0	0
1.447	1	5	145	8	3	28	9422	0	0	0
1.448	1	3	145	9	4	28	9422	0	0	0
1.449	1	4	145	10	5	28	9422	0	0	0
1.45	1	5	146	1	3	28	9422	0	0	0
1.451	1	3	146	2	4	28	9422	0	0	0
1.452	1	4	146	3	5	28	9422	0	0	0
1.453	1	5	146	4	3	28	9422	0	0	0
1.454	1	3	146	5	4	28	9422	0	0	0
1.455	1	4	146	6	5	28	9422	0	0	0
1.456	1	5	146	7	3	28	9422	0	0	0
1.457	1	3	146	8	4	28	9422	0	0	0
1.458	1	4	146	9	5	28	9422	0	0	0
1.459	1	5	146	10	3	28	9422	0	0	0
1.46	1	3	147	1	4	28	9422	0	0	0
1.461	1	4	147	2	5	28	9422	0	0	0
1.462	1	5	147	3	3	28	9422	0	0	0
1.463	1	3	147	4	4	28	9422	0	0	0
1.464	1	4	147	5	5	28	9422	0	0	0
1.465	1	5	147	6	3	28	9422	0	0	0
1.466	1	3	147	7	4	28	9422	0	0	0
1.467	1	4	147	8	5	28	9422	0	0	0
1.468	1	5	147	9	3	28	9422	0	0	0
1.469	1	3	147	10	4	28	9422	0	0	0
1.47	1	4	148	1	5	28	9422	0	0	0
1.471	1	5	148	2	3	28	9422	0	0	0
1.472	1	3	148	3	4	28	9422	0	0	0
1.473	1	4	148	4	5	28	9422	0	0	0
1.474	1	5	148	5	3	28	9422	0	0	0
1.475	1	3	148	6	4	28	9422	0	0	0
1.476	1	4	148	7	5	28	9422	0	0	0
1.477	1	5	148	8	3	28	9422	0	0	0
1.478	1	3	148	9	4	28	9422	0	0	0
1.479	1	4	148	10	5	28	9422	0	0	0
1.48	1	5	149	1	3	28	9422	0	0	0
1.481	1	3	149	2	4	28	9422	0	0	0
1.482	1	4	149	3	5	28	9422	0	0	0
1.483	1	5	149	4	3	28	9422	0	0	0
1.484	1	3	149	5	4	28	9422	0	0	0
1.485	1	4	149	6	5	28	9422	0	0	0
1.486	1	5	149	7	3	28	9422	0	0	0
1.487	1	3	149	8	4	28	9422	0	0	0
1.488	1	4	149	9	5	28	9422	0	0	0
1.489	1	5	149	10	3	28	9422	0	0	0
1.49	1	3	150	1	4	28	9422	0	0	0
1.491	1	4	150	2	5	28	9422	0	0	0
1.492	1	5	150	3	3	28	9422	0	0	0
1.493	1	3	150	4	4	28	9422	0	0	0
1.494	1	4	150	5	5	28	9422	0	0	0
1.495	1	5	150	6	3	28	9422	0	0	0
1.496	1	3	150	7	4	28	9422	0	0	0
1.497	1	4	150	8	5	28	9422	0	0	0
1.498	1	5	150	9	3	28	9422	0	0	0
1.499	1	3	150	10	4	28	9422	0	0	0
1.5	1	4	151	1	5	28	9422	0	0	0
1.501	1	5	151	2	3	28	9422	0	0	0
1.502	1	3	151	3	4	28	9422	0	0	0
1.503	1	4	151	4	5	28	9422	0	0	0
1.504	1	5	151	5	3	28	9422	0	0	0
1.505	1	3	151	6	4	28	9422	0	0	0
1.506	1	4	151	7	5	28	9422	0	0	0
1.507	1	5	151	8	3	28	9422	0	0	0
1.508	1	3	151	9	4	28	9422	0	0	0
1.509	1	4	151	10	5	28	9422	0	0	0
1.51	1	5	152	1	3	28	9422	0	0	0
1.511	1	3	152	2	4	28	9422	0	0	0
1.512	1	4	152	3	5	28	9422	0	0	0
1.513	1	5	152	4	3	28	9422	0	0	0
1.514	1	3	152	5	4	28	9422	0	0	0
1.515	1	4	152	6	5	28	9422	0	0	0
1.516	1	5	152	7	3	28	9422	0	0	0
1.517	1	3	152	8	4	28	9422	0	0	0
1.518	1	4	152	9	5	28	9422	0	0	0
1.519	1	5	152	10	3	28	9422	0	0	0
1.52	1	3	153	1	4	28	9422	0	0	0
1.521	1	4	153	2	5	28	9422	0	0	0
1.522	1	5	153	3	3	28	9422	0	0	0
1.523	1	3	153	4	4	28	9422	0	0	0
1.524	1	4	153	5	5	28	9422	0	0	0
1.525	1	5	153	6	3	28	9422	0	0	0
1.526	1	3	153	7	4	28	9422	0	0	0
1.527	1	4	153	8	5	28	9422	0	0	0
1.528	1	5	153	9	3	28	9422	0	0	0
1.529	1	3	153	10	4	28	9422	0	0	0
1.53	1	4	154	1	5	28	9422	0	0	0
1.531	1	5	154	2	3	28	9422	0	0	0
1.532	1	3	154	3	4	28	9422	0	0	0
1.533	1	4	154	4	5	28	9422	0	0	0
1.534	1	5	154	5	3	28	9422	0	0	0
1.535	1	3	154	6	4	28	9422	0	0	0
1.536	1	4	154	7	5	28	9422	0	0	0
1.537	1	5	154	8	3	28	9422	0	0	0
1.538	1	3	154	9	4	28	9422	0	0	0
1.539	1	4	154	10	5	28	9422	0	0	0
1.54	1	5	155	1	3	28	9422	0	0	0
1.541	1	3	155	2	4	28	9422	0	0	0
1.542	1	4	155	3	5	28	9422	0	0	0
1.543	1	5	155	4	3	28	9422	0	0	0
1.544	1	3	155	5	4	28	9422	0	0	0
1.545	1	4	155	6	5	28	9422	0	0	0
1.546	1	5	155	7	3	28	9422	0	0	0
1.547	1	3	155	8	4	28	9422	0	0	0
1.548	1	4	155	9	5	28	9422	0	0	0
1.549	1	5	155	10	3	28	9422	0	0	0
1.55	1	3	156	1	4	28	9422	0	0	0
1.551	1	4	156	2	5	28	9422	0	0	0
1.552	1	5	156	3	3	28	9422	0	0	0
1.553	1	3	156	4	4	28	9422	0	0	0
1.554	1	4	156	5	5	28	9422	0	0	0
1.555	1	5	156	6	3	28	9422	0	0	0
1.556	1	3	156	7	4	28	9422	0	0	0
1.557	1	4	156	8	5	28	9422	0	0	0
1.558	1	5	156	9	3	28	9422	0	0	0
1.559	1	3	156	10	4	28	9422	0	0	0
1.56	1	4	157	1	5	28	9422	0	0	0
1.561	1	5	157	2	3	28	9422	0	0	0
1.562	1	3	157	3	4	28	9422	0	0	0
1.563	1	4	157	4	5	28	9422	0	0	0
1.564	1	5	157	5	3	28	9422	0	0	0
1.565	1	3	157	6	4	28	9422	0	0	0
1.566	1	4	157	7	5	28	9422	0	0	0
1.567	1	5	157	8	3	28	9422	0	0	0
1.568	1	3	157	9	4	28	9422	0	0	0
1.569	1	4	157	10	5	28	9422	0	0	0
1.57	1	5	158	1	3	28	9422	0	0	0
1.571	1	3	158	2	4	28	9422	0	0	0
1.572	1	4	158	3	5	28	9422	0	0	0
1.573	1	5	158	4	3	28	9422	0	0	0
1.574	1	3	158	5	4	28	9422	0	0	0
1.575	1	4	158	6	5	28	9422	0	0	0
1.576	1	5	158	7	3	28	9422	0	0	0
1.577	1	3	158	8	4	28	9422	0	0	0
1.578	1	4	158	9	5	28	9422	0	0	0
1.579	1	5	158	10	3	28	9422	0	0	0
1.58	1	3	159	1	4	28	9422	0	0	0
1.581	1	4	159	2	5	28	9422	0	0	0
1.582	1	5	159	3	3	28	9422	0	0	0
1.583	1	3	159	4	4	28	9422	0	0	0
1.584	1	4	159	5	5	28	9422	0	0	0
1.585	1	5	159	6	3	28	9422	0	0	0
1.586	1	3	159	7	4	28	9422	0	0	0
1.587	1	4	159	8	5	28	9422	0	0	0
1.588	1	5	159	9	3	28	9422	0	0	0
1.589	1	3	159	10	4	28	9422	0	0	0
1.59	1	4	160	1	5	28	9422	0	0	0
1.591	1	5	160	2	3	28	9422	0	0	0
1.592	1	3	160	3	4	28	9422	0	0	0
1.593	1	4	160	4	5	28	9422	0	0	0
1.594	1	5	160	5	3	28	9422	0	0	0
1.595	1	3	160	6	4	28	9422	0	0	0
1.596	1	4	160	7	5	28	9422	0	0	0
1.597	1	5	160	8	3	28	9422	0	0	0
1.598	1	3	160	9	4	28	9422	0	0	0
1.599	1	4	160	10	5	28	9422	0	0	0
1.6	1	5	161	1	3	28	9422	0	0	0
1.601	1	3	161	2	4	28	9422	0	0	0
1.602	1	4	161	3	5	28	9422	0	0	0
1.603	1	5	161	4	3	28	9422	0	0	0
1.604	1	3	161	5	4	28	9422	0	0	0
1.605	1	4	161	6	5	28	9422	0	0	0
1.606	1	5	161	7	3	28	9422	0	0	0
1.607	1	3	161	8	4	28	9422	0	0	0
1.608	1	4	161	9	5	28	9422	0	0	0
1.609	1	5	161	10	3	28	9422	0	0	0
1.61	1	3	162	1	4	28	9422	0	0	0
1.611	1	4	162	2	5	28	9422	0	0	0
1.612	1	5	162	3	3	28	9422	0	0	0
1.613	1	3	162	4	4	28	9422	0	0	0
1.614	1	4	162	5	5	28	9422	0	0	0
1.615	1	5	162	6	3	28	9422	0	0	0
1.616	1	3	162	7	4	28	9422	0	0	0
1.617	1	4	162	8	5	28	9422	0	0	0
1.618	1	5	162	9	3	28	9422	0	0	0
1.619	1	3	162	10	4	28	9422	0	0	0
1.62	1	4	163	1	5	28	9422	0	0	0
1.621	1	5	163	2	3	28	9422	0	0	0
1.622	1	3	163	3	4	28	9422	0	0	0
1.623	1	4	163	4	5	28	9422	0	0	0
1.624	1	5	163	5	3	28	9422	0	0	0
1.625	1	3	163	6	4	28	9422	0	0	0
1.626	1	4	163	7	5	28	9422	0	0	0
1.627	1	5	163	8	3	28	9422	0	0	0
1.628	1	3	163	9	4	28	9422	0	0	0
1.629	1	4	163	10	5	28	9422	0	0	0
1.63	1	5	164	1	3	28	9422	0	0	0
1.631	1	3	164	2	4	28	9422	0	0	0
1.632	1	4	164	3	5	28	9422	0	0	0
1.633	1	5	164	4	3	28	9422	0	0	0
1.634	1	3	164	5	4	28	9422	0	0	0
1.635	1	4	164	6	5	28	9422	0	0	0
1.636	1	5	164	7	3	28	9422	0	0	0
1.637	1	3	164	8	4	28	9422	0	0	0
1.638	1	4	164	9	5	28	9422	0	0	0
1.639	1	5	164	10	3	28	9422	0	0	0
1.64	1	3	165	1	4	28	9422	0	0	0
1.641	1	4	165	2	5	28	9422	0	0	0
1.642	1	5	165	3	3	28	9422	0	0	0
1.643	1	3	165	4	4	28	9422	0	0	0
1.644	1	4	165	5	5	28	9422	0	0	0
1.645	1	5	165	6	3	28	9422	0	0	0
1.646	1	3	165	7	4	28	9422	0	0	0
1.647	1	4	165	8	5	28	9422	0	0	0
1.648	1	5	165	9	3	28	9422	0	0	0
1.649	1	3	165	10	4	28	9422	0	0	0
1.65	1	4	166	1	5	28	9422	0	0	0
1.651	1	5	166	2	3	28	9422	0	0	0
1.652	1	3	166	3	4	28	9422	0	0	0
1.653	1	4	166	4	5	28	9422	0	0	0
1.654	1	5	166	5	3	28	9422	0	0	0
1.655	1	3	166	6	4	28	9422	0	0	0
1.656	1	4	166	7	5	28	9422	0	0	0
1.657	1	5	166	8	3	28	9422	0	0	0
1.658	1	3	166	9	4	28	9422	0	0	0
1.659	1	4	166	10	5	28	9422	0	0	0
1.66	1	5	167	1	3	28	9422	0	0	0
1.661	1	3	167	2	4	28	9422	0	0	0
1.662	1	4	167	3	5	28	9422	0	0	0
1.663	1	5	167	4	3	28	9422	0	0	0
1.664	1	3	167	5	4	28	9422	0	0	0
1.665	1	4	167	6	5	28	9422	0	0	0
1.666	1	5	167	7	3	28	9422	0	0	0
1.667	1	3	167	8	4	28	9422	0	0	0
1.668	1	4	167	9	5	28	9422	0	0	0
1.669	1	5	167	10	3	28	9422	0	0	0
1.67	1	3	168	1	4	28	9422	0	0	0
1.671	1	4	168	2	5	28	9422	0	0	0
1.672	1	5	168	3	3	28	9422	0	0	0
1.673	1	3	168	4	4	28	9422	0	0	0
1.674	1	4	168	5	5	28	9422	0	0	0
1.675	1	5	168	6	3	28	9422	0	0	0
1.676	1	3	168	7	4	28	9422	0	0	0
1.677	1	4	168	8	5	28	9422	0	0	0
1.678	1	5	168	9	3	28	9422	0	0	0
1.679	1	3	168	10	4	28	9422	0	0	0
1.68	1	4	169	1	5	28	9422	0	0	0
1.681	1	5	169	2	3	28	9422	0	0	0
1.682	1	3	169	3	4	28	9422	0	0	0
1.683	1	4	169	4	5	28	9422	0	0	0
1.684	1	5	169	5	3	28	9422	0	0	0
1.685	1	3	169	6	4	28	9422	0	0	0
1.686	1	4	169	7	5	28	9422	0	0	0
1.687	1	5	169	8	3	28	9422	0	0	0
1.688	1	3	169	9	4	28	9422	0	0	0
1.689	1	4	169	10	5	28	9422	0	0	0
1.69	1	5	170	1	3	28	9422	0	0	0
1.691	1	3	170	2	4	28	9422	0	0	0
1.692	1	4	170	3	5	28	9422	0	0	0
1.693	1	5	170	4	3	28	9422	0	0	0
1.694	1	3	170	5	4	28	9422	0	0	0
1.695	1	4	170	6	5	28	9422	0	0	0
1.696	1	5	170	7	3	28	9422	0	0	0
1.697	1	3	170	8	4	28	9422	0	0	0
1.698	1	4	170	9	5	28	9422	0	0	0
1.699	1	5	170	10	3	28	9422	0	0	0
1.7	1	3	171	1	4	28	9422	0	0	0
1.701	1	4	171	2	5	28	9422	0	0	0
1.702	1	5	171	3	3	28	9422	0	0	0
1.703	1	3	171	4	4	28	9422	0	0	0
1.704	1	4	171	5	5	28	9422	0	0	0
1.705	1	5	171	6	3	28	9422	0	0	0
1.706	1	3	171	7	4	28	9422	0	0	0
1.707	1	4	171	8	5	28	9422	0	0	0
1.708	1	5	171	9	3	28	9422	0	0	0
1.709	1	3	171	10	4	28	9422	0	0	0
1.71	1	4	172	1	5	28	9422	0	0	0
1.711	1	5	172	2	3	28	9422	0	0	0
1.712	1	3	172	3	4	28	9422	0	0	0
1.713	1	4	172	4	5	28	9422	0	0	0
1.714	1	5	172	5	3	28	9422	0	0	0
1.715	1	3	172	6	4	28	9422	0	0	0
1.716	1	4	172	7	5	28	9422	0	0	0
1.717	1	5	172	8	3	28	9422	0	0	0
1.718	1	3	172	9	4	28	9422	0	0	0
1.719	1	4	172	10	5	28	9422	0	0	0
1.72	1	5	173	1	3	28	9422	0	0	0
1.721	1	3	173	2	4	28	9422	0	0	0
1.722	1	4	173	3	5	28	9422	0	0	0
1.723	1	5	173	4	3	28	9422	0	0	0
1.724	1	3	173	5	4	28	9422	0	0	0
1.725	1	4	173	6	5	28	9422	0	0	0
1.726	1	5	173	7	3	28	9422	0	0	0
1.727	1	3	173	8	4	28	9422	0	0	0
1.728	1	4	173	9	5	28	9422	0	0	0
1.729	1	5	173	10	3	28	9422	0	0	0
1.73	1	3	174	1	4	28	9422	0	0	0
1.731	1	4	174	2	5	28	9422	0	0	0
1.732	1	5	174	3	3	28	9422	0	0	0
1.733	1	3	174	4	4	28	9422	0	0	0
1.734	1	4	174	5	5	28	9422	0	0	0
1.735	1	5	174	6	3	28	9422	0	0	0
1.736	1	3	174	7	4	28	9422	0	0	0
1.737	1	4	174	8	5	28	9422	0	0	0
1.738	1	5	174	9	3	28	9422	0	0	0
1.739	1	3	174	10	4	28	9422	0	0	0
1.74	1	4	175	1	5	28	9422	0	0	0
1.741	1	5	175	2	3	28	9422	0	0	0
1.742	1	3	175	3	4	28	9422	0	0	0
1.743	1	4	175	4	5	28	9422	0	0	0
1.744	1	5	175	5	3	28	9422	0	0	0
1.745	1	3	175	6	4	28	9422	0	0	0
1.746	1	4	175	7	5	28	9422	0	0	0
1.747	1	5	175	8	3	28	9422	0	0	0
1.748	1	3	175	9	4	28	9422	0	0	0
1.749	1	4	175	10	5	28	9422	0	0	0
1.75	1	5	176	1	3	28	9422	0	0	0
1.751	1	3	176	2	4	28	9422	0	0	0
1.752	1	4	176	3	5	28	9422	0	0	0
1.753	1	5	176	4	3	28	9422	0	0	0
1.754	1	3	176	5	4	28	9422	0	0	0
1.755	1	4	176	6	5	28	9422	0	0	0
1.756	1	5	176	7	3	28	9422	0	0	0
1.757	1	3	176	8	4	28	9422	0	0	0
1.758	1	4	176	9	5	28	9422	0	0	0
1.759	1	5	176	10	3	28	9422	0	0	0
1.76	1	3	177	1	4	28	9422	0	0	0
1.761	1	4	177	2	5	28	9422	0	0	0
1.762	1	5	177	3	3	28	9422	0	0	0
1.763	1	3	177	4	4	28	9422	0	0	0
1.764	1	4	177	5	5	28	9422	0	0	0
1.765	1	5	177	6	3	28	9422	0	0	0
1.766	1	3	177	7	4	28	9422	0	0	0
1.767	1	4	177	8	5	28	9422	0	0	0
1.768	1	5	177	9	3	28	9422	0	0	0
1.769	1	3	177	10	4	28	9422	0	0	0
1.77	1	4	178	1	5	28	9422	0	0	0
1.771	1	5	178	2	3	28	9422	0	0	0
1.772	1	3	178	3	4	28	9422	0	0	0
1.773	1	4	178	4	5	28	9422	0	0	0
1.774	1	5	178	5	3	28	9422	0	0	0
1.775	1	3	178	6	4	28	9422	0	0	0
1.776	1	4	178	7	5	28	9422	0	0	0
1.777	1	5	178	8	3	28	9422	0	0	0
1.778	1	3	178	9	4	28	9422	0	0	0
1.779	1	4	178	10	5	28	9422	0	0	0
1.78	1	5	179	1	3	28	9422	0	0	0
1.781	1	3	179	2	4	28	9422	0	0	0
1.782	1	4	179	3	5	28	9422	0	0	0
1.783	1	5	179	4	3	28	9422	0	0	0
1.784	1	3	179	5	4	28	9422	0	0	0
1.785	1	4	179	6	5	28	9422	0	0	0
1.786	1	5	179	7	3	28	9422	0	0	0
1.787	1	3	179	8	4	28	9422	0	0	0
1.788	1	4	179	9	5	28	9422	0	0	0
1.789	1	5	179	10	3	28	9422	0	0	0
1.79	1	3	180	1	4	28	9422	0	0	0
1.791	1	4	180	2	5	28	9422	0	0	0
1.792	1	5	180	3	3	28	9422	0	0	0
1.793	1	3	180	4	4	28	9422	0	0	0
1.794	1	4	180	5	5	28	9422	0	0	0
1.795	1	5	180	6	3	28	9422	0	0	0
1.796	1	3	180	7	4	28	9422	0	0	0
1.797	1	4	180	8	5	28	9422	0	0	0
1.798	1	5	180	9	3	28	9422	0	0	0
1.799	1	3	180	10	4	28	9422	0	0	0
1.8	1	4	181	1	5	28	9422	0	0	0
1.801	1	5	181	2	3	28	9422	0	0	0
1.802	1	3	181	3	4	28	9422	0	0	0
1.803	1	4	181	4	5	28	9422	0	0	0
1.804	1	5	181	5	3	28	9422	0	0	0
1.805	1	3	181	6	4	28	9422	0	0	0
1.806	1	4	181	7	5	28	9422	0	0	0
1.807	1	5	181	8	3	28	9422	0	0	0
1.808	1	3	181	9	4	28	9422	0	0	0
1.809	1	4	181	10	5	28	9422	0	0	0
1.81	1	5	182	1	3	28	9422	0	0	0
1.811	1	3	182	2	4	28	9422	0	0	0
1.812	1	4	182	3	5	28	9422	0	0	0
1.813	1	5	182	4	3	28	9422	0	0	0
1.814	1	3	182	5	4	28	9422	0	0	0
1.815	1	4	182	6	5	28	9422	0	0	0
1.816	1	5	182	7	3	28	9422	0	0	0
1.817	1	3	182	8	4	28	9422	0	0	0
1.818	1	4	182	9	5	28	9422	0	0	0
1.819	1	5	182	10	3	28	9422	0	0	0
1.82	1	3	183	1	4	28	9422	0	0	0
1.821	1	4	183	2	5	28	9422	0	0	0
1.822	1	5	183	3	3	28	9422	0	0	0
1.823	1	3	183	4	4	28	9422	0	0	0
1.824	1	4	183	5	5	28	9422	0	0	0
1.825	1	5	183	6	3	28	9422	0	0	0
1.826	1	3	183	7	4	28	9422	0	0	0
1.827	1	4	183	8	5	28	9422	0	0	0
1.828	1	5	183	9	3	28	9422	0	0	0
1.829	1	3	183	10	4	28	9422	0	0	0
1.83	1	4	184	1	5	28	9422	0	0	0
1.831	1	5	184	2	3	28	9422	0	0	0
1.832	1	3	184	3	4	28	9422	0	0	0
1.833	1	4	184	4	5	28	9422	0	0	0
1.834	1	5	184	5	3	28	9422	0	0	0
1.835	1	3	184	6	4	28	9422	0	0	0
1.836	1	4	184	7	5	28	9422	0	0	0
1.837	1	5	184	8	3	28	9422	0	0	0
1.838	1	3	184	9	4	28	9422	0	0	0
1.839	1	4	184	10	5	28	9422	0	0	0
1.84	1	5	185	1	3	28	9422	0	0	0
1.841	1	3	185	2	4	28	9422	0	0	0
1.842	1	4	185	3	5	28	9422	0	0	0
1.843	1	5	185	4	3	28	9422	0	0	0
1.844	1	3	185	5	4	28	9422	0	0	0
1.845	1	4	185	6	5	28	9422	0	0	0
1.846	1	5	185	7	3	28	9422	0	0	0
1.847	1	3	185	8	4	28	9422	0	0	0
1.848	1	4	185	9	5	28	9422	0	0	0
1.849	1	5	185	10	3	28	9422	0	0	0
1.85	1	3	186	1	4	28	9422	0	0	0
1.851	1	4	186	2	5	28	9422	0	0	0
1.852	1	5	186	3	3	28	9422	0	0	0
1.853	1	3	186	4	4	28	9422	0	0	0
1.854	1	4	186	5	5	28	9422	0	0	0
1.855	1	5	186	6	3	28	9422	0	0	0
1.856	1	3	186	7	4	28	9422	0	0	0
1.857	1	4	186	8	5	28	9422	0	0	0
1.858	1	5	186	9	3	28	9422	0	0	0
1.859	1	3	186	10	4	28	9422	0	0	0
1.86	1	4	187	1	5	28	9422	0	0	0
1.861	1	5	187	2	3	28	9422	0	0	0
1.862	1	3	187	3	4	28	9422	0	0	0
1.863	1	4	187	4	5	28	9422	0	0	0
1.864	1	5	187	5	3	28	9422	0	0	0
1.865	1	3	187	6	4	28	9422	0	0	0
1.866	1	4	187	7	5	28	9422	0	0	0
1.867	1	5	187	8	3	28	9422	0	0	0
1.868	1	3	187	9	4	28	9422	0	0	0
1.869	1	4	187	10	5	28	9422	0	0	0
1.87	1	5	188	1	3	28	9422	0	0	0
1.871	1	3	188	2	4	28	9422	0	0	0
1.872	1	4	188	3	5	28	9422	0	0	0
1.873	1	5	188	4	3	28	9422	0	0	0
1.874	1	3	188	5	4	28	9422	0	0	0
1.875	1	4	188	6	5	28	9422	0	0	0
1.876	1	5	188	7	3	28	9422	0	0	0
1.877	1	3	188	8	4	28	9422	0	0	0
1.878	1	4	188	9	5	28	9422	0	0	0
1.879	1	5	188	10	3	28	9422	0	0	0
1.88	1	3	189	1	4	28	9422	0	0	0
1.881	1	4	189	2	5	28	9422	0	0	0
1.882	1	5	189	3	3	28	9422	0	0	0
1.883	1	3	189	4	4	28	9422	0	0	0
1.884	1	4	189	5	5	28	9422	0	0	0
1.885	1	5	189	6	3	28	9422	0	0	0
1.886	1	3	189	7	4	28	9422	0	0	0
1.887	1	4	189	8	5	28	9422	0	0	0
1.888	1	5	189	9	3	28	9422	0	0	0
1.889	1	3	189	10	4	28	9422	0	0	0
1.89	1	4	190	1	5	28	9422	0	0	0
1.891	1	5	190	2	3	28	9422	0	0	0
1.892	1	3	190	3	4	28	9422	0	0	0
1.893	1	4	190	4	5	28	9422	0	0	0
1.894	1	5	190	5	3	28	9422	0	0	0
1.895	1	3	190	6	4	28	9422	0	0	0
1.896	1	4	190	7	5	28	9422	0	0	0
1.897	1	5	190	8	3	28	9422	0	0	0
1.898	1	3	190	9	4	28	9422	0	0	0
1.899	1	4	190	10	5	28	9422	0	0	0
1.9	1	5	191	1	3	28	9422	0	0	0
1.901	1	3	191	2	4	28	9422	0	0	0
1.902	1	4	191	3	5	28	9422	0	0	0
1.903	1	5	191	4	3	28	9422	0	0	0
1.904	1	3	191	5	4	28	9422	0	0	0
1.905	1	4	191	6	5	28	9422	0	0	0
1.906	1	5	191	7	3	28	9422	0	0	0
1.907	1	3	191	8	4	28	9422	0	0	0
1.908	1	4	191	9	5	28	9422	0	0	0
1.909	1	5	191	10	3	28	9422	0	0	0
1.91	1	3	192	1	4	28	9422	0	0	0
1.911	1	4	192	2	5	28	9422	0	0	0
1.912	1	5	192	3	3	28	9422	0	0	0
1.913	1	3	192	4	4	28	9422	0	0	0
1.914	1	4	192	5	5	28	9422	0	0	0
1.915	1	5	192	6	3	28	9422	0	0	0
1.916	1	3	192	7	4	28	9422	0	0	0
1.917	1	4	192	8	5	28	9422	0	0	0
1.918	1	5	192	9	3	28	9422	0	0	0
1.919	1	3	192	10	4	28	9422	0	0	0
1.92	1	4	193	1	5	28	9422	0	0	0
1.921	1	5	193	2	3	28	9422	0	0	0
1.922	1	3	193	3	4	28	9422	0	0	0
1.923	1	4	193	4	5	28	9422	0	0	0
1.924	1	5	193	5	3	28	9422	0	0	0
1.925	1	3	193	6	4	28	9422	0	0	0
1.926	1	4	193	7	5	28	9422	0	0	0
1.927	1	5	193	8	3	28	9422	0	0	0
1.928	1	3	193	9	4	28	9422	0	0	0
1.929	1	4	193	10	5	28	9422	0	0	0
1.93	1	5	194	1	3	28	9422	0	0	0
1.931	1	3	194	2	4	28	9422	0	0	0
1.932	1	4	194	3	5	28	9422	0	0	0
1.933	1	5	194	4	3	28	9422	0	0	0
1.934	1	3	194	5	4	28	9422	0	0	0
1.935	1	4	194	6	5	28	9422	0	0	0
1.936	1	5	194	7	3	28	9422	0	0	0
1.937	1	3	194	8	4	28	9422	0	0	0
1.938	1	4	194	9	5	28	9422	0	0	0
1.939	1	5	194	10	3	28	9422	0	0	0
1.94	1	3	195	1	4	28	9422	0	0	0
1.941	1	4	195	2	5	28	9422	0	0	0
1.942	1	5	195	3	3	28	9422	0	0	0
1.943	1	3	195	4	4	28	9422	0	0	0
1.944	1	4	195	5	5	28	9422	0	0	0
1.945	1	5	195	6	3	28	9422	0	0	0
1.946	1	3	195	7	4	28	9422	0	0	0
1.947	1	4	195	8	5	28	9422	0	0	0
1.948	1	5	195	9	3	28	9422	0	0	0
1.949	1	3	195	10	4	28	9422	0	0	0
1.95	1	4	196	1	5	28	9422	0	0	0
1.951	1	5	196	2	3	28	9422	0	0	0
1.952	1	3	196	3	4	28	9422	0	0	0
1.953	1	4	196	4	5	28	9422	0	0	0
1.954	1	5	196	5	3	28	9422	0	0	0
1.955	1	3	196	6	4	28	9422	0	0	0
1.956	1	4	196	7	5	28	9422	0	0	0
1.957	1	5	196	8	3	28	9422	0	0	0
1.958	1	3	196	9	4	28	9422	0	0	0
1.959	1	4	196	10	5	28	9422	0	0	0
1.96	1	5	197	1	3	28	9422	0	0	0
1.961	1	3	197	2	4	28	9422	0	0	0
1.962	1	4	197	3	5	28	9422	0	0	0
1.963	1	5	197	4	3	28	9422	0	0	0
1.964	1	3	197	5	4	28	9422	0	0	0
1.965	1	4	197	6	5	28	9422	0	0	0
1.966	1	5	197	7	3	28	9422	0	0	0
1.967	1	3	197	8	4	28	9422	0	0	0
1.968	1	4	197	9	5	28	9422	0	0	0
1.969	1	5	197	10	3	28	9422	0	0	0
1.97	1	3	198	1	4	28	9422	0	0	0
1.971	1	4	198	2	5	28	9422	0	0	0
1.972	1	5	198	3	3	28	9422	0	0	0
1.973	1	3	198	4	4	28	9422	0	0	0
1.974	1	4	198	5	5	28	9422	0	0	0
1.975	1	5	198	6	3	28	9422	0	0	0
1.976	1	3	198	7	4	28	9422	0	0	0
1.977	1	4	198	8	5	28	9422	0	0	0
1.978	1	5	198	9	3	28	9422	0	0	0
1.979	1	3	198	10	4	28	9422	0	0	0
1.98	1	4	199	1	5	28	9422	0	0	0
1.981	1	5	199	2	3	28	9422	0	0	0
1.982	1	3	199	3	4	28	9422	0	0	0
1.983	1	4	199	4	5	28	9422	0	0	0
1.984	1	5	199	5	3	28	9422	0	0	0
1.985	1	3	199	6	4	28	9422	0	0	0
1.986	1	4	199	7	5	28	9422	0	0	0
1.987	1	5	199	8	3	28	9422	0	0	0
1.988	1	3	199	9	4	28	9422	0	0	0
1.989	1	4	199	10	5	28	9422	0	0	0
1.99	1	5	200	1	3	28	9422	0	0	0
1.991	1	3	200	2	4	28	9422	0	0	0
1.992	1	4	200	3	5	28	9422	0	0	0
1.993	1	5	200	4	3	28	9422	0	0	0
1.994	1	3	200	5	4	28	9422	0	0	0
1.995	1	4	200	6	5	28	9422	0	0	0
1.996	1	5	200	7	3	28	9422	0	0	0
1.997	1	3	200	8	4	28	9422	0	0	0
1.998	1	4	200	9	5	28	9422	0	0	0
1.999	1	5	200	10	3	28	9422	0	0	0
2	1	3	201	1	4	28	9422	0	0	0
2.001	1	4	201	2	5	28	9422	0	0	0
2.002	1	5	201	3	3	28	9422	0	0	0
2.003	1	3	201	4	4	28	9422	0	0	0
2.004	1	4	201	5	5	28	9422	0	0	0
2.005	1	5	201	6	3	28	9422	0	0	0
2.006	1	3	201	7	4	28	9422	0	0	0
2.007	1	4	201	8	5	28	9422	0	0	0
2.008	1	5	201	9	3	28	9422	0	0	0
2.009	1	3	201	10	4	28	9422	0	0	0
2.01	1	4	202	1	5	28	9422	0	0	0
2.011	1	5	202	2	3	28	9422	0	0	0
2.012	1	3	202	3	4	28	9422	0	0	0
2.013	1	4	202	4	5	28	9422	0	0	0
2.014	1	5	202	5	3	28	9422	0	0	0
2.015	1	3	202	6	4	28	9422	0	0	0
2.016	1	4	202	7	5	28	9422	0	0	0
2.017	1	5	202	8	3	28	9422	0	0	0
2.018	1	3	202	9	4	28	9422	0	0	0
2.019	1	4	202	10	5	28	9422	0	0	0
2.02	1	5	203	1	3	28	9422	0	0	0
2.021	1	3	203	2	4	28	9422	0	0	0
2.022	1	4	203	3	5	28	9422	0	0	0
2.023	1	5	203	4	3	28	9422	0	0	0
2.024	1	3	203	5	4	28	9422	0	0	0
2.025	1	4	203	6	5	28	9422	0	0	0
2.026	1	5	203	7	3	28	9422	0	0	0
2.027	1	3	203	8	4	28	9422	0	0	0
2.028	1	4	203	9	5	28	9422	0	0	0
2.029	1	5	203	10	3	28	9422	0	0	0
2.03	1	3	204	1	4	28	9422	0	0	0
2.031	1	4	204	2	5	28	9422	0	0	0
2.032	1	5	204	3	3	28	9422	0	0	0
2.033	1	3	204	4	4	28	9422	0	0	0
2.034	1	4	204	5	5	28	9422	0	0	0
2.035	1	5	204	6	3	28	9422	0	0	0
2.036	1	3	204	7	4	28	9422	0	0	0
2.037	1	4	204	8	5	28	9422	0	0	0
2.038	1	5	204	9	3	28	9422	0	0	0
2.039	1	3	204	10	4	28	9422	0	0	0
2.04	1	4	205	1	5	28	9422	0	0	0
2.041	1	5	205	2	3	28	9422	0	0	0
2.042	1	3	205	3	4	28	9422	0	0	0
2.043	1	4	205	4	5	28	9422	0	0	0
2.044	1	5	205	5	3	28	9422	0	0	0
2.045	1	3	205	6	4	28	9422	0	0	0
2.046	1	4	205	7	5	28	9422	0	0	0
2.047	1	5	205	8	3	28	9422	0	0	0
2.048	1	3	205	9	4	28	9422	0	0	0
2.049	1	4	205	10	5	28	9422	0	0	0
2.05	1	5	206	1	3	28	9422	0	0	0
2.051	1	3	206	2	4	28	9422	0	0	0
2.052	1	4	206	3	5	28	9422	0	0	0
2.053	1	5	206	4	3	28	9422	0	0	0
2.054	1	3	206	5	4	28	9422	0	0	0
2.055	1	4	206	6	5	28	9422	0	0	0
2.056	1	5	206	7	3	28	9422	0	0	0
2.057	1	3	206	8	4	28	9422	0	0	0
2.058	1	4	206	9	5	28	9422	0	0	0
2.059	1	5	206	10	3	28	9422	0	0	0
2.06	1	3	207	1	4	28	9422	0	0	0
2.061	1	4	207	2	5	28	9422	0	0	0
2.062	1	5	207	3	3	28	9422	0	0	0
2.063	1	3	207	4	4	28	9422	0	0	0
2.064	1	4	207	5	5	28	9422	0	0	0
2.065	1	5	207	6	3	28	9422	0	0	0
2.066	1	3	207	7	4	28	9422	0	0	0
2.067	1	4	207	8	5	28	9422	0	0	0
2.068	1	5	207	9	3	28	9422	0	0	0
2.069	1	3	207	10	4	28	9422	0	0	0
2.07	1	4	208	1	5	28	9422	0	0	0
2.071	1	5	208	2	3	28	9422	0	0	0
2.072	1	3	208	3	4	28	9422	0	0	0
2.073	1	4	208	4	5	28	9422	0	0	0
2.074	1	5	208	5	3	28	9422	0	0	0
2.075	1	3	208	6	4	28	9422	0	0	0
2.076	1	4	208	7	5	28	9422	0	0	0
2.077	1	5	208	8	3	28	9422	0	0	0
2.078	1	3	208	9	4	28	9422	0	0	0
2.079	1	4	208	10	5	28	9422	0	0	0
2.08	1	5	209	1	3	28	9422	0	0	0
2.081	1	3	209	2	4	28	9422	0	0	0
2.082	1	4	209	3	5	28	9422	0	0	0
2.083	1	5	209	4	3	28	9422	0	0	0
2.084	1	3	209	5	4	28	9422	0	0	0
2.085	1	4	209	6	5	28	9422	0	0	0
2.086	1	5	209	7	3	28	9422	0	0	0
2.087	1	3	209	8	4	28	9422	0	0	0
2.088	1	4	209	9	5	28	9422	0	0	0
2.089	1	5	209	10	3	28	9422	0	0	0
2.09	1	3	210	1	4	28	9422	0	0	0
2.091	1	4	210	2	5	28	9422	0	0	0
2.092	1	5	210	3	3	28	9422	0	0	0
2.093	1	3	210	4	4	28	9422	0	0	0
2.094	1	4	210	5	5	28	9422	0	0	0
2.095	1	5	210	6	3	28	9422	0	0	0
2.096	1	3	210	7	4	28	9422	0	0	0
2.097	1	4	210	8	5	28	9422	0	0	0
2.098	1	5	210	9	3	28	9422	0	0	0
2.099	1	3	210	10	4	28	9422	0	0	0
2.1	1	4	211	1	5	28	9422	0	0	0
2.101	1	5	211	2	3	28	9422	0	0	0
2.102	1	3	211	3	4	28	9422	0	0	0
2.103	1	4	211	4	5	28	9422	0	0	0
2.104	1	5	211	5	3	28	9422	0	0	0
2.105	1	3	211	6	4	28	9422	0	0	0
2.106	1	4	211	7	5	28	9422	0	0	0
2.107	1	5	211	8	3	28	9422	0	0	0
2.108	1	3	211	9	4	28	9422	0	0	0
2.109	1	4	211	10	5	28	9422	0	0	0
2.11	1	5	212	1	3	28	9422	0	0	0
2.111	1	3	212	2	4	28	9422	0	0	0
2.112	1	4	212	3	5	28	9422	0	0	0
2.113	1	5	212	4	3	28	9422	0	0	0
2.114	1	3	212	5	4	28	9422	0	0	0
2.115	1	4	212	6	5	28	9422	0	0	0
2.116	1	5	212	7	3	28	9422	0	0	0
2.117	1	3	212	8	4	28	9422	0	0	0
2.118	1	4	212	9	5	28	9422	0	0	0
2.119	1	5	212	10	3	28	9422	0	0	0
2.12	1	3	213	1	4	28	9422	0	0	0
2.121	1	4	213	2	5	28	9422	0	0	0
2.122	1	5	213	3	3	28	9422	0	0	0
2.123	1	3	213	4	4	28	9422	0	0	0
2.124	1	4	213	5	5	28	9422	0	0	0
2.125	1	5	213	6	3	28	9422	0	0	0
2.126	1	3	213	7	4	28	9422	0	0	0
2.127	1	4	213	8	5	28	9422	0	0	0
2.128	1	5	213	9	3	28	9422	0	0	0
2.129	1	3	213	10	4	28	9422	0	0	0
2.13	1	4	214	1	5	28	9422	0	0	0
2.131	1	5	214	2	3	28	9422	0	0	0
2.132	1	3	214	3	4	28	9422	0	0	0
2.133	1	4	214	4	5	28	9422	0	0	0
2.134	1	5	214	5	3	28	9422	0	0	0
2.135	1	3	214	6	4	28	9422	0	0	0
2.136	1	4	214	7	5	28	9422	0	0	0
2.137	1	5	214	8	3	28	9422	0	0	0
2.138	1	3	214	9	4	28	9422	0	0	0
2.139	1	4	214	10	5	28	9422	0	0	0
2.14	1	5	215	1	3	28	9422	0	0	0
2.141	1	3	215	2	4	28	9422	0	0	0
2.142	1	4	215	3	5	28	9422	0	0	0
2.143	1	5	215	4	3	28	9422	0	0	0
2.144	1	3	215	5	4	28	9422	0	0	0
2.145	1	4	215	6	5	28	9422	0	0	0
2.146	1	5	215	7	3	28	9422	0	0	0
2.147	1	3	215	8	4	28	9422	0	0	0
2.148	1	4	215	9	5	28	9422	0	0	0
2.149	1	5	215	10	3	28	9422	0	0	0
2.15	1	3	216	1	4	28	9422	0	0	0
2.151	1	4	216	2	5	28	9422	0	0	0
2.152	1	5	216	3	3	28	9422	0	0	0
2.153	1	3	216	4	4	28	9422	0	0	0
2.154	1	4	216	5	5	28	9422	0	0	0
2.155	1	5	216	6	3	28	9422	0	0	0
2.156	1	3	216	7	4	28	9422	0	0	0
2.157	1	4	216	8	5	28	9422	0	0	0
2.158	1	5	216	9	3	28	9422	0	0	0
2.159	1	3	216	10	4	28	9422	0	0	0
2.16	1	4	217	1	5	28	9422	0	0	0
2.161	1	5	217	2	3	28	9422	0	0	0
2.162	1	3	217	3	4	28	9422	0	0	0
2.163	1	4	217	4	5	28	9422	0	0	0
2.164	1	5	217	5	3	28	9422	0	0	0
2.165	1	3	217	6	4	28	9422	0	0	0
2.166	1	4	217	7	5	28	9422	0	0	0
2.167	1	5	217	8	3	28	9422	0	0	0
2.168	1	3	217	9	4	28	9422	0	0	0
2.169	1	4	217	10	5	28	9422	0	0	0
2.17	1	5	218	1	3	28	9422	0	0	0
2.171	1	3	218	2	4	28	9422	0	0	0
2.172	1	4	218	3	5	28	9422	0	0	0
2.173	1	5	218	4	3	28	9422	0	0	0
2.174	1	3	218	5	4	28	9422	0	0	0
2.175	1	4	218	6	5	28	9422	0	0	0
2.176	1	5	218	7	3	28	9422	0	0	0
2.177	1	3	218	8	4	28	9422	0	0	0
2.178	1	4	218	9	5	28	9422	0	0	0
2.179	1	5	218	10	3	28	9422	0	0	0
2.18	1	3	219	1	4	28	9422	0	0	0
2.181	1	4	219	2	5	28	9422	0	0	0
2.182	1	5	219	3	3	28	9422	0	0	0
2.183	1	3	219	4	4	28	9422	0	0	0
2.184	1	4	219	5	5	28	9422	0	0	0
2.185	1	5	219	6	3	28	9422	0	0	0
2.186	1	3	219	7	4	28	9422	0	0	0
2.187	1	4	219	8	5	28	9422	0	0	0
2.188	1	5	219	9	3	28	9422	0	0	0
2.189	1	3	219	10	4	28	9422	0	0	0
2.19	1	4	220	1	5	28	9422	0	0	0
2.191	1	5	220	2	3	28	9422	0	0	0
2.192	1	3	220	3	4	28	9422	0	0	0
2.193	1	4	220	4	5	28	9422	0	0	0
2.194	1	5	220	5	3	28	9422	0	0	0
2.195	1	3	220	6	4	28	9422	0	0	0
2.196	1	4	220	7	5	28	9422	0	0	0
2.197	1	5	220	8	3	28	9422	0	0	0
2.198	1	3	220	9	4	28	9422	0	0	0
2.199	1	4	220	10	5	28	9422	0	0	0
2.2	1	5	221	1	3	28	9422	0	0	0
2.201	1	3	221	2	4	28	9422	0	0	0
2.202	1	4	221	3	5	28	9422	0	0	0
2.203	1	5	221	4	3	28	9422	0	0	0
2.204	1	3	221	5	4	28	9422	0	0	0
2.205	1	4	221	6	5	28	9422	0	0	0
2.206	1	5	221	7	3	28	9422	0	0	0
2.207	1	3	221	8	4	28	9422	0	0	0
2.208	1	4	221	9	5	28	9422	0	0	0
2.209	1	5	221	10	3	28	9422	0	0	0
2.21	1	3	222	1	4	28	9422	0	0	0
2.211	1	4	222	2	5	28	9422	0	0	0
2.212	1	5	222	3	3	28	9422	0	0	0
2.213	1	3	222	4	4	28	9422	0	0	0
2.214	1	4	222	5	5	28	9422	0	0	0
2.215	1	5	222	6	3	28	9422	0	0	0
2.216	1	3	222	7	4	28	9422	0	0	0
2.217	1	4	222	8	5	28	9422	0	0	0
2.218	1	5	222	9	3	28	9422	0	0	0
2.219	1	3	222	10	4	28	9422	0	0	0
2.22	1	4	223	1	5	28	9422	0	0	0
2.221	1	5	223	2	3	28	9422	0	0	0
2.222	1	3	223	3	4	28	9422	0	0	0
2.223	1	4	223	4	5	28	9422	0	0	0
2.224	1	5	223	5	3	28	9422	0	0	0
2.225	1	3	223	6	4	28	9422	0	0	0
2.226	1	4	223	7	5	28	9422	0	0	0
2.227	1	5	223	8	3	28	9422	0	0	0
2.228	1	3	223	9	4	28	9422	0	0	0
2.229	1	4	223	10	5	28	9422	0	0	0
2.23	1	5	224	1	3	28	9422	0	0	0
2.231	1	3	224	2	4	28	9422	0	0	0
2.232	1	4	224	3	5	28	9422	0	0	0
2.233	1	5	224	4	3	28	9422	0	0	0
2.234	1	3	224	5	4	28	9422	0	0	0
2.235	1	4	224	6	5	28	9422	0	0	0
2.236	1	5	224	7	3	28	9422	0	0	0
2.237	1	3	224	8	4	28	9422	0	0	0
2.238	1	4	224	9	5	28	9422	0	0	0
2.239	1	5	224	10	3	28	9422	0	0	0
2.24	1	3	225	1	4	28	9422	0	0	0
2.241	1	4	225	2	5	28	9422	0	0	0
2.242	1	5	225	3	3	28	9422	0	0	0
2.243	1	3	225	4	4	28	9422	0	0	0
2.244	1	4	225	5	5	28	9422	0	0	0
2.245	1	5	225	6	3	28	9422	0	0	0
2.246	1	3	225	7	4	28	9422	0	0	0
2.247	1	4	225	8	5	28	9422	0	0	0
2.248	1	5	225	9	3	28	9422	0	0	0
2.249	1	3	225	10	4	28	9422	0	0	0
2.25	1	4	226	1	5	28	9422	0	0	0
2.251	1	5	226	2	3	28	9422	0	0	0
2.252	1	3	226	3	4	28	9422	0	0	0
2.253	1	4	226	4	5	28	9422	0	0	0
2.254	1	5	226	5	3	28	9422	0	0	0
2.255	1	3	226	6	4	28	9422	0	0	0
2.256	1	4	226	7	5	28	9422	0	0	0
2.257	1	5	226	8	3	28	9422	0	0	0
2.258	1	3	226	9	4	28	9422	0	0	0
2.259	1	4	226	10	5	28	9422	0	0	0
2.26	1	5	227	1	3	28	9422	0	0	0
2.261	1	3	227	2	4	28	9422	0	0	0
2.262	1	4	227	3	5	28	9422	0	0	0
2.263	1	5	227	4	3	28	9422	0	0	0
2.264	1	3	227	5	4	28	9422	0	0	0
2.265	1	4	227	6	5	28	9422	0	0	0
2.266	1	5	227	7	3	28	9422	0	0	0
2.267	1	3	227	8	4	28	9422	0	0	0
2.268	1	4	227	9	5	28	9422	0	0	0
2.269	1	5	227	10	3	28	9422	0	0	0
2.27	1	3	228	1	4	28	9422	0	0	0
2.271	1	4	228	2	5	28	9422	0	0	0
2.272	1	5	228	3	3	28	9422	0	0	0
2.273	1	3	228	4	4	28	9422	0	0	0
2.274	1	4	228	5	5	28	9422	0	0	0
2.275	1	5	228	6	3	28	9422	0	0	0
2.276	1	3	228	7	4	28	9422	0	0	0
2.277	1	4	228	8	5	28	9422	0	0	0
2.278	1	5	228	9	3	28	9422	0	0	0
2.279	1	3	228	10	4	28	9422	0	0	0
2.28	1	4	229	1	5	28	9422	0	0	0
2.281	1	5	229	2	3	28	9422	0	0	0
2.282	1	3	229	3	4	28	9422	0	0	0
2.283	1	4	229	4	5	28	9422	0	0	0
2.284	1	5	229	5	3	28	9422	0	0	0
2.285	1	3	229	6	4	28	9422	0	0	0
2.286	1	4	229	7	5	28	9422	0	0	0
2.287	1	5	229	8	3	28	9422	0	0	0
2.288	1	3	229	9	4	28	9422	0	0	0
2.289	1	4	229	10	5	28	9422	0	0	0
2.29	1	5	230	1	3	28	9422	0	0	0
2.291	1	3	230	2	4	28	9422	0	0	0
2.292	1	4	230	3	5	28	9422	0	0	0
2.293	1	5	230	4	3	28	9422	0	0	0
2.294	1	3	230	5	4	28	9422	0	0	0
2.295	1	4	230	6	5	28	9422	0	0	0
2.296	1	5	230	7	3	28	9422	0	0	0
2.297	1	3	230	8	4	28	9422	0	0	0
2.298	1	4	230	9	5	28	9422	0	0	0
2.299	1	5	230	10	3	28	9422	0	0	0
2.3	1	3	231	1	4	28	9422	0	0	0
2.301	1	4	231	2	5	28	9422	0	0	0
2.302	1	5	231	3	3	28	9422	0	0	0
2.303	1	3	231	4	4	28	9422	0	0	0
2.304	1	4	231	5	5	28	9422	0	0	0
2.305	1	5	231	6	3	28	9422	0	0	0
2.306	1	3	231	7	4	28	9422	0	0	0
2.307	1	4	231	8	5	28	9422	0	0	0
2.308	1	5	231	9	3	28	9422	0	0	0
2.309	1	3	231	10	4	28	9422	0	0	0
2.31	1	4	232	1	5	28	9422	0	0	0
2.311	1	5	232	2	3	28	9422	0	0	0
2.312	1	3	232	3	4	28	9422	0	0	0
2.313	1	4	232	4	5	28	9422	0	0	0
2.314	1	5	232	5	3	28	9422	0	0	0
2.315	1	3	232	6	4	28	9422	0	0	0
2.316	1	4	232	7	5	28	9422	0	0	0
2.317	1	5	232	8	3	28	9422	0	0	0
2.318	1	3	232	9	4	28	9422	0	0	0
2.319	1	4	232	10	5	28	9422	0	0	0
2.32	1	5	233	1	3	28	9422	0	0	0
2.321	1	3	233	2	4	28	9422	0	0	0
2.322	1	4	233	3	5	28	9422	0	0	0
2.323	1	5	233	4	3	28	9422	0	0	0
2.324	1	3	233	5	4	28	9422	0	0	0
2.325	1	4	233	6	5	28	9422	0	0	0
2.326	1	5	233	7	3	28	9422	0	0	0
2.327	1	3	233	8	4	28	9422	0	0	0
2.328	1	4	233	9	5	28	9422	0	0	0
2.329	1	5	233	10	3	28	9422	0	0	0
2.33	1	3	234	1	4	28	9422	0	0	0
2.331	1	4	234	2	5	28	9422	0	0	0
2.332	1	5	234	3	3	28	9422	0	0	0
2.333	1	3	234	4	4	28	9422	0	0	0
2.334	1	4	234	5	5	28	9422	0	0	0
2.335	1	5	234	6	3	28	9422	0	0	0
2.336	1	3	234	7	4	28	9422	0	0	0
2.337	1	4	234	8	5	28	9422	0	0	0
2.338	1	5	234	9	3	28	9422	0	0	0
2.339	1	3	234	10	4	28	9422	0	0	0
2.34	1	4	235	1	5	28	9422	0	0	0
2.341	1	5	235	2	3	28	9422	0	0	0
2.342	1	3	235	3	4	28	9422	0	0	0
2.343	1	4	235	4	5	28	9422	0	0	0
2.344	1	5	235	5	3	28	9422	0	0	0
2.345	1	3	235	6	4	28	9422	0	0	0
2.346	1	4	235	7	5	28	9422	0	0	0
2.347	1	5	235	8	3	28	9422	0	0	0
2.348	1	3	235	9	4	28	9422	0	0	0
2.349	1	4	235	10	5	28	9422	0	0	0
2.35	1	5	236	1	3	28	9422	0	0	0
2.351	1	3	236	2	4	28	9422	0	0	0
2.352	1	4	236	3	5	28	9422	0	0	0
2.353	1	5	236	4	3	28	9422	0	0	0
2.354	1	3	236	5	4	28	9422	0	0	0
2.355	1	4	236	6	5	28	9422	0	0	0
2.356	1	5	236	7	3	28	9422	0	0	0
2.357	1	3	236	8	4	28	9422	0	0	0
2.358	1	4	236	9	5	28	9422	0	0	0
2.359	1	5	236	10	3	28	9422	0	0	0
2.36	1	3	237	1	4	28	9422	0	0	0
2.361	1	4	237	2	5	28	9422	0	0	0
2.362	1	5	237	3	3	28	9422	0	0	0
2.363	1	3	237	4	4	28	9422	0	0	0
2.364	1	4	237	5	5	28	9422	0	0	0
2.365	1	5	237	6	3	28	9422	0	0	0
2.366	1	3	237	7	4	28	9422	0	0	0
2.367	1	4	237	8	5	28	9422	0	0	0
2.368	1	5	237	9	3	28	9422	0	0	0
2.369	1	3	237	10	4	28	9422	0	0	0
2.37	1	4	238	1	5	28	9422	0	0	0
2.371	1	5	238	2	3	28	9422	0	0	0
2.372	1	3	238	3	4	28	9422	0	0	0
2.373	1	4	238	4	5	28	9422	0	0	0
2.374	1	5	238	5	3	28	9422	0	0	0
2.375	1	3	238	6	4	28	9422	0	0	0
2.376	1	4	238	7	5	28	9422	0	0	0
2.377	1	5	238	8	3	28	9422	0	0	0
2.378	1	3	238	9	4	28	9422	0	0	0
2.379	1	4	238	10	5	28	9422	0	0	0
2.38	1	5	239	1	3	28	9422	0	0	0
2.381	1	3	239	2	4	28	9422	0	0	0
2.382	1	4	239	3	5	28	9422	0	0	0
2.383	1	5	239	4	3	28	9422	0	0	0
2.384	1	3	239	5	4	28	9422	0	0	0
2.385	1	4	239	6	5	28	9422	0	0	0
2.386	1	5	239	7	3	28	9422	0	0	0
2.387	1	3	239	8	4	28	9422	0	0	0
2.388	1	4	239	9	5	28	9422	0	0	0
2.389	1	5	239	10	3	28	9422	0	0	0
2.39	1	3	240	1	4	28	9422	0	0	0
2.391	1	4	240	2	5	28	9422	0	0	0
2.392	1	5	240	3	3	28	9422	0	0	0
2.393	1	3	240	4	4	28	9422	0	0	0
2.394	1	4	240	5	5	28	9422	0	0	0
2.395	1	5	240	6	3	28	9422	0	0	0
2.396	1	3	240	7	4	28	9422	0	0	0
2.397	1	4	240	8	5	28	9422	0	0	0
2.398	1	5	240	9	3	28	9422	0	0	0
2.399	1	3	240	10	4	28	9422	0	0	0
2.4	1	4	241	1	5	28	9422	0	0	0
2.401	1	5	241	2	3	28	9422	0	0	0
2.402	1	3	241	3	4	28	9422	0	0	0
2.403	1	4	241	4	5	28	9422	0	0	0
2.404	1	5	241	5	3	28	9422	0	0	0
2.405	1	3	241	6	4	28	9422	0	0	0
2.406	1	4	241	7	5	28	9422	0	0	0
2.407	1	5	241	8	3	28	9422	0	0	0
2.408	1	3	241	9	4	28	9422	0	0	0
2.409	1	4	241	10	5	28	9422	0	0	0
2.41	1	5	242	1	3	28	9422	0	0	0
2.411	1	3	242	2	4	28	9422	0	0	0
2.412	1	4	242	3	5	28	9422	0	0	0
2.413	1	5	242	4	3	28	9422	0	0	0
2.414	1	3	242	5	4	28	9422	0	0	0
2.415	1	4	242	6	5	28	9422	0	0	0
2.416	1	5	242	7	3	28	9422	0	0	0
2.417	1	3	242	8	4	28	9422	0	0	0
2.418	1	4	242	9	5	28	9422	0	0	0
2.419	1	5	242	10	3	28	9422	0	0	0
2.42	1	3	243	1	4	28	9422	0	0	0
2.421	1	4	243	2	5	28	9422	0	0	0
2.422	1	5	243	3	3	28	9422	0	0	0
2.423	1	3	243	4	4	28	9422	0	0	0
2.424	1	4	243	5	5	28	9422	0	0	0
2.425	1	5	243	6	3	28	9422	0	0	0
2.426	1	3	243	7	4	28	9422	0	0	0
2.427	1	4	243	8	5	28	9422	0	0	0
2.428	1	5	243	9	3	28	9422	0	0	0
2.429	1	3	243	10	4	28	9422	0	0	0
2.43	1	4	244	1	5	28	9422	0	0	0
2.431	1	5	244	2	3	28	9422	0	0	0
2.432	1	3	244	3	4	28	9422	0	0	0
2.433	1	4	244	4	5	28	9422	0	0	0
2.434	1	5	244	5	3	28	9422	0	0	0
2.435	1	3	244	6	4	28	9422	0	0	0
2.436	1	4	244	7	5	28	9422	0	0	0
2.437	1	5	244	8	3	28	9422	0	0	0
2.438	1	3	244	9	4	28	9422	0	0	0
2.439	1	4	244	10	5	28	9422	0	0	0
2.44	1	5	245	1	3	28	9422	0	0	0
2.441	1	3	245	2	4	28	9422	0	0	0
2.442	1	4	245	3	5	28	9422	0	0	0
2.443	1	5	245	4	3	28	9422	0	0	0
2.444	1	3	245	5	4	28	9422	0	0	0
2.445	1	4	245	6	5	28	9422	0	0	0
2.446	1	5	245	7	3	28	9422	0	0	0
2.447	1	3	245	8	4	28	9422	0	0	0
2.448	1	4	245	9	5	28	9422	0	0	0
2.449	1	5	245	10	3	28	9422	0	0	0
2.45	1	3	246	1	4	28	9422	0	0	0
2.451	1	4	246	2	5	28	9422	0	0	0
2.452	1	5	246	3	3	28	9422	0	0	0
2.453	1	3	246	4	4	28	9422	0	0	0
2.454	1	4	246	5	5	28	9422	0	0	0
2.455	1	5	246	6	3	28	9422	0	0	0
2.456	1	3	246	7	4	28	9422	0	0	0
2.457	1	4	246	8	5	28	9422	0	0	0
2.458	1	5	246	9	3	28	9422	0	0	0
2.459	1	3	246	10	4	28	9422	0	0	0
2.46	1	4	247	1	5	28	9422	0	0	0
2.461	1	5	247	2	3	28	9422	0	0	0
2.462	1	3	247	3	4	28	9422	0	0	0
2.463	1	4	247	4	5	28	9422	0	0	0
2.464	1	5	247	5	3	28	9422	0	0	0
2.465	1	3	247	6	4	28	9422	0	0	0
2.466	1	4	247	7	5	28	9422	0	0	0
2.467	1	5	247	8	3	28	9422	0	0	0
2.468	1	3	247	9	4	28	9422	0	0	0
2.469	1	4	247	10	5	28	9422	0	0	0
2.47	1	5	248	1	3	28	9422	0	0	0
2.471	1	3	248	2	4	28	9422	0	0	0
2.472	1	4	248	3	5	28	9422	0	0	0
2.473	1	5	248	4	3	28	9422	0	0	0
2.474	1	3	248	5	4	28	9422	0	0	0
2.475	1	4	248	6	5	28	9422	0	0	0
2.476	1	5	248	7	3	28	9422	0	0	0
2.477	1	3	248	8	4	28	9422	0	0	0
2.478	1	4	248	9	5	28	9422	0	0	0
2.479	1	5	248	10	3	28	9422	0	0	0
2.48	1	3	249	1	4	28	9422	0	0	0
2.481	1	4	249	2	5	28	9422	0	0	0
2.482	1	5	249	3	3	28	9422	0	0	0
2.483	1	3	249	4	4	28	9422	0	0	0
2.484	1	4	249	5	5	28	9422	0	0	0
2.485	1	5	249	6	3	28	9422	0	0	0
2.486	1	3	249	7	4	28	9422	0	0	0
2.487	1	4	249	8	5	28	9422	0	0	0
2.488	1	5	249	9	3	28	9422	0	0	0
2.489	1	3	249	10	4	28	9422	0	0	0
2.49	1	4	250	1	5	28	9422	0	0	0
2.491	1	5	250	2	3	28	9422	0	0	0
2.492	1	3	250	3	4	28	9422	0	0	0
2.493	1	4	250	4	5	28	9422	0	0	0
2.494	1	5	250	5	3	28	9422	0	0	0
2.495	1	3	250	6	4	28	9422	0	0	0
2.496	1	4	250	7	5	28	9422	0	0	0
2.497	1	5	250	8	3	28	9422	0	0	0
2.498	1	3	250	9	4	28	9422	0	0	0
2.499	1	4	250	10	5	28	9422	0	0	0
2.5	1	5	251	1	3	28	9422	0	0	0
2.501	1	3	251	2	4	28	9422	0	0	0
2.502	1	4	251	3	5	28	9422	0	0	0
2.503	1	5	251	4	3	28	9422	0	0	0
2.504	1	3	251	5	4	28	9422	0	0	0
2.505	1	4	251	6	5	28	9422	0	0	0
2.506	1	5	251	7	3	28	9422	0	0	0
2.507	1	3	251	8	4	28	9422	0	0	0
2.508	1	4	251	9	5	28	9422	0	0	0
2.509	1	5	251	10	3	28	9422	0	0	0
2.51	1	3	252	1	4	28	9422	0	0	0
2.511	1	4	252	2	5	28	9422	0	0	0
2.512	1	5	252	3	3	28	9422	0	0	0
2.513	1	3	252	4	4	28	9422	0	0	0
2.514	1	4	252	5	5	28	9422	0	0	0
2.515	1	5	252	6	3	28	9422	0	0	0
2.516	1	3	252	7	4	28	9422	0	0	0
2.517	1	4	252	8	5	28	9422	0	0	0
2.518	1	5	252	9	3	28	9422	0	0	0
2.519	1	3	252	10	4	28	9422	0	0	0
2.52	1	4	253	1	5	28	9422	0	0	0
2.521	1	5	253	2	3	28	9422	0	0	0
2.522	1	3	253	3	4	28	9422	0	0	0
2.523	1	4	253	4	5	28	9422	0	0	0
2.524	1	5	253	5	3	28	9422	0	0	0
2.525	1	3	253	6	4	28	9422	0	0	0
2.526	1	4	253	7	5	28	9422	0	0	0
2.527	1	5	253	8	3	28	9422	0	0	0
2.528	1	3	253	9	4	28	9422	0	0	0
2.529	1	4	253	10	5	28	9422	0	0	0
2.53	1	5	254	1	3	28	9422	0	0	0
2.531	1	3	254	2	4	28	9422	0	0	0
2.532	1	4	254	3	5	28	9422	0	0	0
2.533	1	5	254	4	3	28	9422	0	0	0
2.534	1	3	254	5	4	28	9422	0	0	0
2.535	1	4	254	6	5	28	9422	0	0	0
2.536	1	5	254	7	3	28	9422	0	0	0
2.537	1	3	254	8	4	28	9422	0	0	0
2.538	1	4	254	9	5	28	9422	0	0	0
2.539	1	5	254	10	3	28	9422	0	0	0
2.54	1	3	255	1	4	28	9422	0	0	0
2.541	1	4	255	2	5	28	9422	0	0	0
2.542	1	5	255	3	3	28	9422	0	0	0
2.543	1	3	255	4	4	28	9422	0	0	0
2.544	1	4	255	5	5	28	9422	0	0	0
2.545	1	5	255	6	3	28	9422	0	0	0
2.546	1	3	255	7	4	28	9422	0	0	0
2.547	1	4	255	8	5	28	9422	0	0	0
2.548	1	5	255	9	3	28	9422	0	0	0
2.549	1	3	255	10	4	28	9422	0	0	0
2.55	1	4	256	1	5	28	9422	0	0	0
2.551	1	5	256	2	3	28	9422	0	0	0
2.552	1	3	256	3	4	28	9422	0	0	0
2.553	1	4	256	4	5	28	9422	0	0	0
2.554	1	5	256	5	3	28	9422	0	0	0
2.555	1	3	256	6	4	28	9422	0	0	0
2.556	1	4	256	7	5	28	9422	0	0	0
2.557	1	5	256	8	3	28	9422	0	0	0
2.558	1	3	256	9	4	28	9422	0	0	0
2.559	1	4	256	10	5	28	9422	0	0	0
2.56	1	5	257	1	3	28	9422	0	0	0
2.561	1	3	257	2	4	28	9422	0	0	0
2.562	1	4	257	3	5	28	9422	0	0	0
2.563	1	5	257	4	3	28	9422	0	0	0
2.564	1	3	257	5	4	28	9422	0	0	0
2.565	1	4	257	6	5	28	9422	0	0	0
2.566	1	5	257	7	3	28	9422	0	0	0
2.567	1	3	257	8	4	28	9422	0	0	0
2.568	1	4	257	9	5	28	9422	0	0	0
2.569	1	5	257	10	3	28	9422	0	0	0
2.57	1	3	258	1	4	28	9422	0	0	0
2.571	1	4	258	2	5	28	9422	0	0	0
2.572	1	5	258	3	3	28	9422	0	0	0
2.573	1	3	258	4	4	28	9422	0	0	0
2.574	1	4	258	5	5	28	9422	0	0	0
2.575	1	5	258	6	3	28	9422	0	0	0
2.576	1	3	258	7	4	28	9422	0	0	0
2.577	1	4	258	8	5	28	9422	0	0	0
2.578	1	5	258	9	3	28	9422	0	0	0
2.579	1	3	258	10	4	28	9422	0	0	0
2.58	1	4	259	1	5	28	9422	0	0	0
2.581	1	5	259	2	3	28	9422	0	0	0
2.582	1	3	259	3	4	28	9422	0	0	0
2.583	1	4	259	4	5	28	9422	0	0	0
2.584	1	5	259	5	3	28	9422	0	0	0
2.585	1	3	259	6	4	28	9422	0	0	0
2.586	1	4	259	7	5	28	9422	0	0	0
2.587	1	5	259	8	3	28	9422	0	0	0
2.588	1	3	259	9	4	28	9422	0	0	0
2.589	1	4	259	10	5	28	9422	0	0	0
2.59	1	5	260	1	3	28	9422	0	0	0
2.591	1	3	260	2	4	28	9422	0	0	0
2.592	1	4	260	3	5	28	9422	0	0	0
2.593	1	5	260	4	3	28	9422	0	0	0
2.594	1	3	260	5	4	28	9422	0	0	0
2.595	1	4	260	6	5	28	9422	0	0	0
2.596	1	5	260	7	3	28	9422	0	0	0
2.597	1	3	260	8	4	28	9422	0	0	0
2.598	1	4	260	9	5	28	9422	0	0	0
2.599	1	5	260	10	3	28	9422	0	0	0
2.6	1	3	261	1	4	28	9422	0	0	0
2.601	1	4	261	2	5	28	9422	0	0	0
2.602	1	5	261	3	3	28	9422	0	0	0
2.603	1	3	261	4	4	28	9422	0	0	0
2.604	1	4	261	5	5	28	9422	0	0	0
2.605	1	5	261	6	3	28	9422	0	0	0
2.606	1	3	261	7	4	28	9422	0	0	0
2.607	1	4	261	8	5	28	9422	0	0	0
2.608	1	5	261	9	3	28	9422	0	0	0
2.609	1	3	261	10	4	28	9422	0	0	0
2.61	1	4	262	1	5	28	9422	0	0	0
2.611	1	5	262	2	3	28	9422	0	0	0
2.612	1	3	262	3	4	28	9422	0	0	0
2.613	1	4	262	4	5	28	9422	0	0	0
2.614	1	5	262	5	3	28	9422	0	0	0
2.615	1	3	262	6	4	28	9422	0	0	0
2.616	1	4	262	7	5	28	9422	0	0	0
2.617	1	5	262	8	3	28	9422	0	0	0
2.618	1	3	262	9	4	28	9422	0	0	0
2.619	1	4	262	10	5	28	9422	0	0	0
2.62	1	5	263	1	3	28	9422	0	0	0
2.621	1	3	263	2	4	28	9422	0	0	0
2.622	1	4	263	3	5	28	9422	0	0	0
2.623	1	5	263	4	3	28	9422	0	0	0
2.624	1	3	263	5	4	28	9422	0	0	0
2.625	1	4	263	6	5	28	9422	0	0	0
2.626	1	5	263	7	3	28	9422	0	0	0
2.627	1	3	263	8	4	28	9422	0	0	0
2.628	1	4	263	9	5	28	9422	0	0	0
2.629	1	5	263	10	3	28	9422	0	0	0
2.63	1	3	264	1	4	28	9422	0	0	0
2.631	1	4	264	2	5	28	9422	0	0	0
2.632	1	5	264	3	3	28	9422	0	0	0
2.633	1	3	264	4	4	28	9422	0	0	0
2.634	1	4	264	5	5	28	9422	0	0	0
2.635	1	5	264	6	3	28	9422	0	0	0
2.636	1	3	264	7	4	28	9422	0	0	0
2.637	1	4	264	8	5	28	9422	0	0	0
2.638	1	5	264	9	3	28	9422	0	0	0
2.639	1	3	264	10	4	28	9422	0	0	0
2.64	1	4	265	1	5	28	9422	0	0	0
2.641	1	5	265	2	3	28	9422	0	0	0
2.642	1	3	265	3	4	28	9422	0	0	0
2.643	1	4	265	4	5	28	9422	0	0	0
2.644	1	5	265	5	3	28	9422	0	0	0
2.645	1	3	265	6	4	28	9422	0	0	0
2.646	1	4	265	7	5	28	9422	0	0	0
2.647	1	5	265	8	3	28	9422	0	0	0
2.648	1	3	265	9	4	28	9422	0	0	0
2.649	1	4	265	10	5	28	9422	0	0	0
2.65	1	5	266	1	3	28	9422	0	0	0
2.651	1	3	266	2	4	28	9422	0	0	0
2.652	1	4	266	3	5	28	9422	0	0	0
2.653	1	5	266	4	3	28	9422	0	0	0
2.654	1	3	266	5	4	28	9422	0	0	0
2.655	1	4	266	6	5	28	9422	0	0	0
2.656	1	5	266	7	3	28	9422	0	0	0
2.657	1	3	266	8	4	28	9422	0	0	0
2.658	1	4	266	9	5	28	9422	0	0	0
2.659	1	5	266	10	3	28	9422	0	0	0
2.66	1	3	267	1	4	28	9422	0	0	0
2.661	1	4	267	2	5	28	9422	0	0	0
2.662	1	5	267	3	3	28	9422	0	0	0
2.663	1	3	267	4	4	28	9422	0	0	0
2.664	1	4	267	5	5	28	9422	0	0	0
2.665	1	5	267	6	3	28	9422	0	0	0
2.666	1	3	267	7	4	28	9422	0	0	0
2.667	1	4	267	8	5	28	9422	0	0	0
2.668	1	5	267	9	3	28	9422	0	0	0
2.669	1	3	267	10	4	28	9422	0	0	0
2.67	1	4	268	1	5	28	9422	0	0	0
2.671	1	5	268	2	3	28	9422	0	0	0
2.672	1	3	268	3	4	28	9422	0	0	0
2.673	1	4	268	4	5	28	9422	0	0	0
2.674	1	5	268	5	3	28	9422	0	0	0
2.675	1	3	268	6	4	28	9422	0	0	0
2.676	1	4	268	7	5	28	9422	0	0	0
2.677	1	5	268	8	3	28	9422	0	0	0
2.678	1	3	268	9	4	28	9422	0	0	0
2.679	1	4	268	10	5	28	9422	0	0	0
2.68	1	5	269	1	3	28	9422	0	0	0
2.681	1	3	269	2	4	28	9422	0	0	0
2.682	1	4	269	3	5	28	9422	0	0	0
2.683	1	5	269	4	3	28	9422	0	0	0
2.684	1	3	269	5	4	28	9422	0	0	0
2.685	1	4	269	6	5	28	9422	0	0	0
2.686	1	5	269	7	3	28	9422	0	0	0
2.687	1	3	269	8	4	28	9422	0	0	0
2.688	1	4	269	9	5	28	9422	0	0	0
2.689	1	5	269	10	3	28	9422	0	0	0
2.69	1	3	270	1	4	28	9422	0	0	0
2.691	1	4	270	2	5	28	9422	0	0	0
2.692	1	5	270	3	3	28	9422	0	0	0
2.693	1	3	270	4	4	28	9422	0	0	0
2.694	1	4	270	5	5	28	9422	0	0	0
2.695	1	5	270	6	3	28	9422	0	0	0
2.696	1	3	270	7	4	28	9422	0	0	0
2.697	1	4	270	8	5	28	9422	0	0	0
2.698	1	5	270	9	3	28	9422	0	0	0
2.699	1	3	270	10	4	28	9422	0	0	0
2.7	1	4	271	1	5	28	9422	0	0	0
2.701	1	5	271	2	3	28	9422	0	0	0
2.702	1	3	271	3	4	28	9422	0	0	0
2.703	1	4	271	4	5	28	9422	0	0	0
2.704	1	5	271	5	3	28	9422	0	0	0
2.705	1	3	271	6	4	28	9422	0	0	0
2.706	1	4	271	7	5	28	9422	0	0	0
2.707	1	5	271	8	3	28	9422	0	0	0
2.708	1	3	271	9	4	28	9422	0	0	0
2.709	1	4	271	10	5	28	9422	0	0	0
2.71	1	5	272	1	3	28	9422	0	0	0
2.711	1	3	272	2	4	28	9422	0	0	0
2.712	1	4	272	3	5	28	9422	0	0	0
2.713	1	5	272	4	3	28	9422	0	0	0
2.714	1	3	272	5	4	28	9422	0	0	0
2.715	1	4	272	6	5	28	9422	0	0	0
2.716	1	5	272	7	3	28	9422	0	0	0
2.717	1	3	272	8	4	28	9422	0	0	0
2.718	1	4	272	9	5	28	9422	0	0	0
2.719	1	5	272	10	3	28	9422	0	0	0
2.72	1	3	273	1	4	28	9422	0	0	0
2.721	1	4	273	2	5	28	9422	0	0	0
2.722	1	5	273	3	3	28	9422	0	0	0
2.723	1	3	273	4	4	28	9422	0	0	0
2.724	1	4	273	5	5	28	9422	0	0	0
2.725	1	5	273	6	3	28	9422	0	0	0
2.726	1	3	273	7	4	28	9422	0	0	0
2.727	1	4	273	8	5	28	9422	0	0	0
2.728	1	5	273	9	3	28	9422	0	0	0
2.729	1	3	273	10	4	28	9422	0	0	0
2.73	1	4	274	1	5	28	9422	0	0	0
2.731	1	5	274	2	3	28	9422	0	0	0
2.732	1	3	274	3	4	28	9422	0	0	0
2.733	1	4	274	4	5	28	9422	0	0	0
2.734	1	5	274	5	3	28	9422	0	0	0
2.735	1	3	274	6	4	28	9422	0	0	0
2.736	1	4	274	7	5	28	9422	0	0	0
2.737	1	5	274	8	3	28	9422	0	0	0
2.738	1	3	274	9	4	28	9422	0	0	0
2.739	1	4	274	10	5	28	9422	0	0	0
2.74	1	5	275	1	3	28	9422	0	0	0
2.741	1	3	275	2	4	28	9422	0	0	0
2.742	1	4	275	3	5	28	9422	0	0	0
2.743	1	5	275	4	3	28	9422	0	0	0
2.744	1	3	275	5	4	28	9422	0	0	0
2.745	1	4	275	6	5	28	9422	0	0	0
2.746	1	5	275	7	3	28	9422	0	0	0
2.747	1	3	275	8	4	28	9422	0	0	0
2.748	1	4	275	9	5	28	9422	0	0	0
2.749	1	5	275	10	3	28	9422	0	0	0
2.75	1	3	276	1	4	28	9422	0	0	0
2.751	1	4	276	2	5	28	9422	0	0	0
2.752	1	5	276	3	3	28	9422	0	0	0
2.753	1	3	276	4	4	28	9422	0	0	0
2.754	1	4	276	5	5	28	9422	0	0	0
2.755	1	5	276	6	3	28	9422	0	0	0
2.756	1	3	276	7	4	28	9422	0	0	0
2.757	1	4	276	8	5	28	9422	0	0	0
2.758	1	5	276	9	3	28	9422	0	0	0
2.759	1	3	276	10	4	28	9422	0	0	0
2.76	1	4	277	1	5	28	9422	0	0	0
2.761	1	5	277	2	3	28	9422	0	0	0
2.762	1	3	277	3	4	28	9422	0	0	0
2.763	1	4	277	4	5	28	9422	0	0	0
2.764	1	5	277	5	3	28	9422	0	0	0
2.765	1	3	277	6	4	28	9422	0	0	0
2.766	1	4	277	7	5	28	9422	0	0	0
2.767	1	5	277	8	3	28	9422	0	0	0
2.768	1	3	277	9	4	28	9422	0	0	0
2.769	1	4	277	10	5	28	9422	0	0	0
2.77	1	5	278	1	3	28	9422	0	0	0
2.771	1	3	278	2	4	28	9422	0	0	0
2.772	1	4	278	3	5	28	9422	0	0	0
2.773	1	5	278	4	3	28	9422	0	0	0
2.774	1	3	278	5	4	28	9422	0	0	0
2.775	1	4	278	6	5	28	9422	0	0	0
2.776	1	5	278	7	3	28	9422	0	0	0
2.777	1	3	278	8	4	28	9422	0	0	0
2.778	1	4	278	9	5	28	9422	0	0	0
2.779	1	5	278	10	3	28	9422	0	0	0
2.78	1	3	279	1	4	28	9422	0	0	0
2.781	1	4	279	2	5	28	9422	0	0	0
2.782	1	5	279	3	3	28	9422	0	0	0
2.783	1	3	279	4	4	28	9422	0	0	0
2.784	1	4	279	5	5	28	9422	0	0	0
2.785	1	5	279	6	3	28	9422	0	0	0
2.786	1	3	279	7	4	28	9422	0	0	0
2.787	1	4	279	8	5	28	9422	0	0	0
2.788	1	5	279	9	3	28	9422	0	0	0
2.789	1	3	279	10	4	28	9422	0	0	0
2.79	1	4	280	1	5	28	9422	0	0	0
2.791	1	5	280	2	3	28	9422	0	0	0
2.792	1	3	280	3	4	28	9422	0	0	0
2.793	1	4	280	4	5	28	9422	0	0	0
2.794	1	5	280	5	3	28	9422	0	0	0
2.795	1	3	280	6	4	28	9422	0	0	0
2.796	1	4	280	7	5	28	9422	0	0	0
2.797	1	5	280	8	3	28	9422	0	0	0
2.798	1	3	280	9	4	28	9422	0	0	0
2.799	1	4	280	10	5	28	9422	0	0	0
2.8	1	5	281	1	3	28	9422	0	0	0
2.801	1	3	281	2	4	28	9422	0	0	0
2.802	1	4	281	3	5	28	9422	0	0	0
2.803	1	5	281	4	3	28	9422	0	0	0
2.804	1	3	281	5	4	28	9422	0	0	0
2.805	1	4	281	6	5	28	9422	0	0	0
2.806	1	5	281	7	3	28	9422	0	0	0
2.807	1	3	281	8	4	28	9422	0	0	0
2.808	1	4	281	9	5	28	9422	0	0	0
2.809	1	5	281	10	3	28	9422	0	0	0
2.81	1	3	282	1	4	28	9422	0	0	0
2.811	1	4	282	2	5	28	9422	0	0	0
2.812	1	5	282	3	3	28	9422	0	0	0
2.813	1	3	282	4	4	28	9422	0	0	0
2.814	1	4	282	5	5	28	9422	0	0	0
2.815	1	5	282	6	3	28	9422	0	0	0
2.816	1	3	282	7	4	28	9422	0	0	0
2.817	1	4	282	8	5	28	9422	0	0	0
2.818	1	5	282	9	3	28	9422	0	0	0
2.819	1	3	282	10	4	28	9422	0	0	0
2.82	1	4	283	1	5	28	9422	0	0	0
2.821	1	5	283	2	3	28	9422	0	0	0
2.822	1	3	283	3	4	28	9422	0	0	0
2.823	1	4	283	4	5	28	9422	0	0	0
2.824	1	5	283	5	3	28	9422	0	0	0
2.825	1	3	283	6	4	28	9422	0	0	0
2.826	1	4	283	7	5	28	9422	0	0	0
2.827	1	5	283	8	3	28	9422	0	0	0
2.828	1	3	283	9	4	28	9422	0	0	0
2.829	1	4	283	10	5	28	9422	0	0	0
2.83	1	5	284	1	3	28	9422	0	0	0
2.831	1	3	284	2	4	28	9422	0	0	0
2.832	1	4	284	3	5	28	9422	0	0	0
2.833	1	5	284	4	3	28	9422	0	0	0
2.834	1	3	284	5	4	28	9422	0	0	0
2.835	1	4	284	6	5	28	9422	0	0	0
2.836	1	5	284	7	3	28	9422	0	0	0
2.837	1	3	284	8	4	28	9422	0	0	0
2.838	1	4	284	9	5	28	9422	0	0	0
2.839	1	5	284	10	3	28	9422	0	0	0
2.84	1	3	285	1	4	28	9422	0	0	0
2.841	1	4	285	2	5	28	9422	0	0	0
2.842	1	5	285	3	3	28	9422	0	0	0
2.843	1	3	285	4	4	28	9422	0	0	0
2.844	1	4	285	5	5	28	9422	0	0	0
2.845	1	5	285	6	3	28	9422	0	0	0
2.846	1	3	285	7	4	28	9422	0	0	0
2.847	1	4	285	8	5	28	9422	0	0	0
2.848	1	5	285	9	3	28	9422	0	0	0
2.849	1	3	285	10	4	28	9422	0	0	0
2.85	1	4	286	1	5	28	9422	0	0	0
2.851	1	5	286	2	3	28	9422	0	0	0
2.852	1	3	286	3	4	28	9422	0	0	0
2.853	1	4	286	4	5	28	9422	0	0	0
2.854	1	5	286	5	3	28	9422	0	0	0
2.855	1	3	286	6	4	28	9422	0	0	0
2.856	1	4	286	7	5	28	9422	0	0	0
2.857	1	5	286	8	3	28	9422	0	0	0
2.858	1	3	286	9	4	28	9422	0	0	0
2.859	1	4	286	10	5	28	9422	0	0	0
2.86	1	5	287	1	3	28	9422	0	0	0
2.861	1	3	287	2	4	28	9422	0	0	0
2.862	1	4	287	3	5	28	9422	0	0	0
2.863	1	5	287	4	3	28	9422	0	0	0
2.864	1	3	287	5	4	28	9422	0	0	0
2.865	1	4	287	6	5	28	9422	0	0	0
2.866	1	5	287	7	3	28	9422	0	0	0
2.867	1	3	287	8	4	28	9422	0	0	0
2.868	1	4	287	9	5	28	9422	0	0	0
2.869	1	5	287	10	3	28	9422	0	0	0
2.87	1	3	288	1	4	28	9422	0	0	0
2.871	1	4	288	2	5	28	9422	0	0	0
2.872	1	5	288	3	3	28	9422	0	0	0
2.873	1	3	288	4	4	28	9422	0	0	0
2.874	1	4	288	5	5	28	9422	0	0	0
2.875	1	5	288	6	3	28	9422	0	0	0
2.876	1	3	288	7	4	28	9422	0	0	0
2.877	1	4	288	8	5	28	9422	0	0	0
2.878	1	5	288	9	3	28	9422	0	0	0
2.879	1	3	288	10	4	28	9422	0	0	0
2.88	1	4	289	1	5	28	9422	0	0	0
2.881	1	5	289	2	3	28	9422	0	0	0
2.882	1	3	289	3	4	28	9422	0	0	0
2.883	1	4	289	4	5	28	9422	0	0	0
2.884	1	5	289	5	3	28	9422	0	0	0
2.885	1	3	289	6	4	28	9422	0	0	0
2.886	1	4	289	7	5	28	9422	0	0	0
2.887	1	5	289	8	3	28	9422	0	0	0
2.888	1	3	289	9	4	28	9422	0	0	0
2.889	1	4	289	10	5	28	9422	0	0	0
2.89	1	5	290	1	3	28	9422	0	0	0
2.891	1	3	290	2	4	28	9422	0	0	0
2.892	1	4	290	3	5	28	9422	0	0	0
2.893	1	5	290	4	3	28	9422	0	0	0
2.894	1	3	290	5	4	28	9422	0	0	0
2.895	1	4	290	6	5	28	9422	0	0	0
2.896	1	5	290	7	3	28	9422	0	0	0
2.897	1	3	290	8	4	28	9422	0	0	0
2.898	1	4	290	9	5	28	9422	0	0	0
2.899	1	5	290	10	3	28	9422	0	0	0
2.9	1	3	291	1	4	28	9422	0	0	0
2.901	1	4	291	2	5	28	9422	0	0	0
2.902	1	5	291	3	3	28	9422	0	0	0
2.903	1	3	291	4	4	28	9422	0	0	0
2.904	1	4	291	5	5	28	9422	0	0	0
2.905	1	5	291	6	3	28	9422	0	0	0
2.906	1	3	291	7	4	28	9422	0	0	0
2.907	1	4	291	8	5	28	9422	0	0	0
2.908	1	5	291	9	3	28	9422	0	0	0
2.909	1	3	291	10	4	28	9422	0	0	0
2.91	1	4	292	1	5	28	9422	0	0	0
2.911	1	5	292	2	3	28	9422	0	0	0
2.912	1	3	292	3	4	28	9422	0	0	0
2.913	1	4	292	4	5	28	9422	0	0	0
2.914	1	5	292	5	3	28	9422	0	0	0
2.915	1	3	292	6	4	28	9422	0	0	0
2.916	1	4	292	7	5	28	9422	0	0	0
2.917	1	5	292	8	3	28	9422	0	0	0
2.918	1	3	292	9	4	28	9422	0	0	0
2.919	1	4	292	10	5	28	9422	0	0	0
2.92	1	5	293	1	3	28	9422	0	0	0
2.921	1	3	293	2	4	28	9422	0	0	0
2.922	1	4	293	3	5	28	9422	0	0	0
2.923	1	5	293	4	3	28	9422	0	0	0
2.924	1	3	293	5	4	28	9422	0	0	0
2.925	1	4	293	6	5	28	9422	0	0	0
2.926	1	5	293	7	3	28	9422	0	0	0
2.927	1	3	293	8	4	28	9422	0	0	0
2.928	1	4	293	9	5	28	9422	0	0	0
2.929	1	5	293	10	3	28	9422	0	0	0
2.93	1	3	294	1	4	28	9422	0	0	0
2.931	1	4	294	2	5	28	9422	0	0	0
2.932	1	5	294	3	3	28	9422	0	0	0
2.933	1	3	294	4	4	28	9422	0	0	0
2.934	1	4	294	5	5	28	9422	0	0	0
2.935	1	5	294	6	3	28	9422	0	0	0
2.936	1	3	294	7	4	28	9422	0	0	0
2.937	1	4	294	8	5	28	9422	0	0	0
2.938	1	5	294	9	3	28	9422	0	0	0
2.939	1	3	294	10	4	28	9422	0	0	0
2.94	1	4	295	1	5	28	9422	0	0	0
2.941	1	5	295	2	3	28	9422	0	0	0
2.942	1	3	295	3	4	28	9422	0	0	0
2.943	1	4	295	4	5	28	9422	0	0	0
2.944	1	5	295	5	3	28	9422	0	0	0
2.945	1	3	295	6	4	28	9422	0	0	0
2.946	1	4	295	7	5	28	9422	0	0	0
2.947	1	5	295	8	3	28	9422	0	0	0
2.948	1	3	295	9	4	28	9422	0	0	0
2.949	1	4	295	10	5	28	9422	0	0	0
2.95	1	5	296	1	3	28	9422	0	0	0
2.951	1	3	296	2	4	28	9422	0	0	0
2.952	1	4	296	3	5	28	9422	0	0	0
2.953	1	5	296	4	3	28	9422	0	0	0
2.954	1	3	296	5	4	28	9422	0	0	0
2.955	1	4	296	6	5	28	9422	0	0	0
2.956	1	5	296	7	3	28	9422	0	0	0
2.957	1	3	296	8	4	28	9422	0	0	0
2.958	1	4	296	9	5	28	9422	0	0	0
2.959	1	5	296	10	3	28	9422	0	0	0
2.96	1	3	297	1	4	28	9422	0	0	0
2.961	1	4	297	2	5	28	9422	0	0	0
2.962	1	5	297	3	3	28	9422	0	0	0
2.963	1	3	297	4	4	28	9422	0	0	0
2.964	1	4	297	5	5	28	9422	0	0	0
2.965	1	5	297	6	3	28	9422	0	0	0
2.966	1	3	297	7	4	28	9422	0	0	0
2.967	1	4	297	8	5	28	9422	0	0	0
2.968	1	5	297	9	3	28	9422	0	0	0
2.969	1	3	297	10	4	28	9422	0	0	0
2.97	1	4	298	1	5	28	9422	0	0	0
2.971	1	5	298	2	3	28	9422	0	0	0
2.972	1	3	298	3	4	28	9422	0	0	0
2.973	1	4	298	4	5	28	9422	0	0	0
2.974	1	5	298	5	3	28	9422	0	0	0
2.975	1	3	298	6	4	28	9422	0	0	0
2.976	1	4	298	7	5	28	9422	0	0	0
2.977	1	5	298	8	3	28	9422	0	0	0
2.978	1	3	298	9	4	28	9422	0	0	0
2.979	1	4	298	10	5	28	9422	0	0	0
2.98	1	5	299	1	3	28	9422	0	0	0
2.981	1	3	299	2	4	28	9422	0	0	0
2.982	1	4	299	3	5	28	9422	0	0	0
2.983	1	5	299	4	3	28	9422	0	0	0
2.984	1	3	299	5	4	28	9422	0	0	0
2.985	1	4	299	6	5	28	9422	0	0	0
2.986	1	5	299	7	3	28	9422	0	0	0
2.987	1	3	299	8	4	28	9422	0	0	0
2.988	1	4	299	9	5	28	9422	0	0	0
2.989	1	5	299	10	3	28	9422	0	0	0
2.99	1	3	300	1	4	28	9422	0	0	0
2.991	1	4	300	2	5	28	9422	0	0	0
2.992	1	5	300	3	3	28	9422	0	0	0
2.993	1	3	300	4	4	28	9422	0	0	0
2.994	1	4	300	5	5	28	9422	0	0	0
2.995	1	5	300	6	3	28	9422	0	0	0
2.996	1	3	300	7	4	28	9422	0	0	0
2.997	1	4	300	8	5	28	9422	0	0	0
2.998	1	5	300	9	3	28	9422	0	0	0
2.999	1	3	300	10	4	28	9422	0	0	0
3	1	4	301	1	5	28	9422	0	0	0
3.001	1	5	301	2	3	28	9422	0	0	0
3.002	1	3	301	3	4	28	9422	0	0	0
3.003	1	4	301	4	5	28	9422	0	0	0
3.004	1	5	301	5	3	28	9422	0	0	0
3.005	1	3	301	6	4	28	9422	0	0	0
3.006	1	4	301	7	5	28	9422	0	0	0
3.007	1	5	301	8	3	28	9422	0	0	0
3.008	1	3	301	9	4	28	9422	0	0	0
3.009	1	4	301	10	5	28	9422	0	0	0
3.01	1	5	302	1	3	28	9422	0	0	0
3.011	1	3	302	2	4	28	9422	0	0	0
3.012	1	4	302	3	5	28	9422	0	0	0
3.013	1	5	302	4	3	28	9422	0	0	0
3.014	1	3	302	5	4	28	9422	0	0	0
3.015	1	4	302	6	5	28	9422	0	0	0
3.016	1	5	302	7	3	28	9422	0	0	0
3.017	1	3	302	8	4	28	9422	0	0	0
3.018	1	4	302	9	5	28	9422	0	0	0
3.019	1	5	302	10	3	28	9422	0	0	0
3.02	1	3	303	1	4	28	9422	0	0	0
3.021	1	4	303	2	5	28	9422	0	0	0
3.022	1	5	303	3	3	28	9422	0	0	0
3.023	1	3	303	4	4	28	9422	0	0	0
3.024	1	4	303	5	5	28	9422	0	0	0
3.025	1	5	303	6	3	28	9422	0	0	0
3.026	1	3	303	7	4	28	9422	0	0	0
3.027	1	4	303	8	5	28	9422	0	0	0
3.028	1	5	303	9	3	28	9422	0	0	0
3.029	1	3	303	10	4	28	9422	0	0	0
3.03	1	4	304	1	5	28	9422	0	0	0
3.031	1	5	304	2	3	28	9422	0	0	0
3.032	1	3	304	3	4	28	9422	0	0	0
3.033	1	4	304	4	5	28	9422	0	0	0
3.034	1	5	304	5	3	28	9422	0	0	0
3.035	1	3	304	6	4	28	9422	0	0	0
3.036	1	4	304	7	5	28	9422	0	0	0
3.037	1	5	304	8	3	28	9422	0	0	0
3.038	1	3	304	9	4	28	9422	0	0	0
3.039	1	4	304	10	5	28	9422	0	0	0
3.04	1	5	305	1	3	28	9422	0	0	0
3.041	1	3	305	2	4	28	9422	0	0	0
3.042	1	4	305	3	5	28	9422	0	0	0
3.043	1	5	305	4	3	28	9422	0	0	0
3.044	1	3	305	5	4	28	9422	0	0	0
3.045	1	4	305	6	5	28	9422	0	0	0
3.046	1	5	305	7	3	28	9422	0	0	0
3.047	1	3	305	8	4	28	9422	0	0	0
3.048	1	4	305	9	5	28	9422	0	0	0
3.049	1	5	305	10	3	28	9422	0	0	0
3.05	1	3	306	1	4	28	9422	0	0	0
3.051	1	4	306	2	5	28	9422	0	0	0
3.052	1	5	306	3	3	28	9422	0	0	0
3.053	1	3	306	4	4	28	9422	0	0	0
3.054	1	4	306	5	5	28	9422	0	0	0
3.055	1	5	306	6	3	28	9422	0	0	0
3.056	1	3	306	7	4	28	9422	0	0	0
3.057	1	4	306	8	5	28	9422	0	0	0
3.058	1	5	306	9	3	28	9422	0	0	0
3.059	1	3	306	10	4	28	9422	0	0	0
3.06	1	4	307	1	5	28	9422	0	0	0
3.061	1	5	307	2	3	28	9422	0	0	0
3.062	1	3	307	3	4	28	9422	0	0	0
3.063	1	4	307	4	5	28	9422	0	0	0
3.064	1	5	307	5	3	28	9422	0	0	0
3.065	1	3	307	6	4	28	9422	0	0	0
3.066	1	4	307	7	5	28	9422	0	0	0
3.067	1	5	307	8	3	28	9422	0	0	0
3.068	1	3	307	9	4	28	9422	0	0	0
3.069	1	4	307	10	5	28	9422	0	0	0
3.07	1	5	308	1	3	28	9422	0	0	0
3.071	1	3	308	2	4	28	9422	0	0	0
3.072	1	4	308	3	5	28	9422	0	0	0
3.073	1	5	308	4	3	28	9422	0	0	0
3.074	1	3	308	5	4	28	9422	0	0	0
3.075	1	4	308	6	5	28	9422	0	0	0
3.076	1	5	308	7	3	28	9422	0	0	0
3.077	1	3	308	8	4	28	9422	0	0	0
3.078	1	4	308	9	5	28	9422	0	0	0
3.079	1	5	308	10	3	28	9422	0	0	0
3.08	1	3	309	1	4	28	9422	0	0	0
3.081	1	4	309	2	5	28	9422	0	0	0
3.082	1	5	309	3	3	28	9422	0	0	0
3.083	1	3	309	4	4	28	9422	0	0	0
3.084	1	4	309	5	5	28	9422	0	0	0
3.085	1	5	309	6	3	28	9422	0	0	0
3.086	1	3	309	7	4	28	9422	0	0	0
3.087	1	4	309	8	5	28	9422	0	0	0
3.088	1	5	309	9	3	28	9422	0	0	0
3.089	1	3	309	10	4	28	9422	0	0	0
3.09	1	4	310	1	5	28	9422	0	0	0
3.091	1	5	310	2	3	28	9422	0	0	0
3.092	1	3	310	3	4	28	9422	0	0	0
3.093	1	4	310	4	5	28	9422	0	0	0
3.094	1	5	310	5	3	28	9422	0	0	0
3.095	1	3	310	6	4	28	9422	0	0	0
3.096	1	4	310	7	5	28	9422	0	0	0
3.097	1	5	310	8	3	28	9422	0	0	0
3.098	1	3	310	9	4	28	9422	0	0	0
3.099	1	4	310	10	5	28	9422	0	0	0
3.1	1	5	311	1	3	28	9422	0	0	0
3.101	1	3	311	2	4	28	9422	0	0	0
3.102	1	4	311	3	5	28	9422	0	0	0
3.103	1	5	311	4	3	28	9422	0	0	0
3.104	1	3	311	5	4	28	9422	0	0	0
3.105	1	4	311	6	5	28	9422	0	0	0
3.106	1	5	311	7	3	28	9422	0	0	0
3.107	1	3	311	8	4	28	9422	0	0	0
3.108	1	4	311	9	5	28	9422	0	0	0
3.109	1	5	311	10	3	28	9422	0	0	0
3.11	1	3	312	1	4	28	9422	0	0	0
3.111	1	4	312	2	5	28	9422	0	0	0
3.112	1	5	312	3	3	28	9422	0	0	0
3.113	1	3	312	4	4	28	9422	0	0	0
3.114	1	4	312	5	5	28	9422	0	0	0
3.115	1	5	312	6	3	28	9422	0	0	0
3.116	1	3	312	7	4	28	9422	0	0	0
3.117	1	4	312	8	5	28	9422	0	0	0
3.118	1	5	312	9	3	28	9422	0	0	0
3.119	1	3	312	10	4	28	9422	0	0	0
3.12	1	4	313	1	5	28	9422	0	0	0
3.121	1	5	313	2	3	28	9422	0	0	0
3.122	1	3	313	3	4	28	9422	0	0	0
3.123	1	4	313	4	5	28	9422	0	0	0
3.124	1	5	313	5	3	28	9422	0	0	0
3.125	1	3	313	6	4	28	9422	0	0	0
3.126	1	4	313	7	5	28	9422	0	0	0
3.127	1	5	313	8	3	28	9422	0	0	0
3.128	1	3	313	9	4	28	9422	0	0	0
3.129	1	4	313	10	5	28	9422	0	0	0
3.13	1	5	314	1	3	28	9422	0	0	0
3.131	1	3	314	2	4	28	9422	0	0	0
3.132	1	4	314	3	5	28	9422	0	0	0
3.133	1	5	314	4	3	28	9422	0	0	0
3.134	1	3	314	5	4	28	9422	0	0	0
3.135	1	4	314	6	5	28	9422	0	0	0
3.136	1	5	314	7	3	28	9422	0	0	0
3.137	1	3	314	8	4	28	9422	0	0	0
3.138	1	4	314	9	5	28	9422	0	0	0
3.139	1	5	314	10	3	28	9422	0	0	0
3.14	1	3	315	1	4	28	9422	0	0	0
3.141	1	4	315	2	5	28	9422	0	0	0
3.142	1	5	315	3	3	28	9422	0	0	0
3.143	1	3	315	4	4	28	9422	0	0	0
3.144	1	4	315	5	5	28	9422	0	0	0
3.145	1	5	315	6	3	28	9422	0	0	0
3.146	1	3	315	7	4	28	9422	0	0	0
3.147	1	4	315	8	5	28	9422	0	0	0
3.148	1	5	315	9	3	28	9422	0	0	0
3.149	1	3	315	10	4	28	9422	0	0	0
3.15	1	4	316	1	5	28	9422	0	0	0
3.151	1	5	316	2	3	28	9422	0	0	0
3.152	1	3	316	3	4	28	9422	0	0	0
3.153	1	4	316	4	5	28	9422	0	0	0
3.154	1	5	316	5	3	28	9422	0	0	0
3.155	1	3	316	6	4	28	9422	0	0	0
3.156	1	4	316	7	5	28	9422	0	0	0
3.157	1	5	316	8	3	28	9422	0	0	0
3.158	1	3	316	9	4	28	9422	0	0	0
3.159	1	4	316	10	5	28	9422	0	0	0
3.16	1	5	317	1	3	28	9422	0	0	0
3.161	1	3	317	2	4	28	9422	0	0	0
3.162	1	4	317	3	5	28	9422	0	0	0
3.163	1	5	317	4	3	28	9422	0	0	0
3.164	1	3	317	5	4	28	9422	0	0	0
3.165	1	4	317	6	5	28	9422	0	0	0
3.166	1	5	317	7	3	28	9422	0	0	0
3.167	1	3	317	8	4	28	9422	0	0	0
3.168	1	4	317	9	5	28	9422	0	0	0
3.169	1	5	317	10	3	28	9422	0	0	0
3.17	1	3	318	1	4	28	9422	0	0	0
3.171	1	4	318	2	5	28	9422	0	0	0
3.172	1	5	318	3	3	28	9422	0	0	0
3.173	1	3	318	4	4	28	9422	0	0	0
3.174	1	4	318	5	5	28	9422	0	0	0
3.175	1	5	318	6	3	28	9422	0	0	0
3.176	1	3	318	7	4	28	9422	0	0	0
3.177	1	4	318	8	5	28	9422	0	0	0
3.178	1	5	318	9	3	28	9422	0	0	0
3.179	1	3	318	10	4	28	9422	0	0	0
3.18	1	4	319	1	5	28	9422	0	0	0
3.181	1	5	319	2	3	28	9422	0	0	0
3.182	1	3	319	3	4	28	9422	0	0	0
3.183	1	4	319	4	5	28	9422	0	0	0
3.184	1	5	319	5	3	28	9422	0	0	0
3.185	1	3	319	6	4	28	9422	0	0	0
3.186	1	4	319	7	5	28	9422	0	0	0
3.187	1	5	319	8	3	28	9422	0	0	0
3.188	1	3	319	9	4	28	9422	0	0	0
3.189	1	4	319	10	5	28	9422	0	0	0
3.19	1	5	320	1	3	28	9422	0	0	0
3.191	1	3	320	2	4	28	9422	0	0	0
3.192	1	4	320	3	5	28	9422	0	0	0
3.193	1	5	320	4	3	28	9422	0	0	0
3.194	1	3	320	5	4	28	9422	0	0	0
3.195	1	4	320	6	5	28	9422	0	0	0
3.196	1	5	320	7	3	28	9422	0	0	0
3.197	1	3	320	8	4	28	9422	0	0	0
3.198	1	4	320	9	5	28	9422	0	0	0
3.199	1	5	320	10	3	28	9422	0	0	0
3.2	1	3	321	1	4	28	9422	0	0	0
3.201	1	4	321	2	5	28	9422	0	0	0
3.202	1	5	321	3	3	28	9422	0	0	0
3.203	1	3	321	4	4	28	9422	0	0	0
3.204	1	4	321	5	5	28	9422	0	0	0
3.205	1	5	321	6	3	28	9422	0	0	0
3.206	1	3	321	7	4	28	9422	0	0	0
3.207	1	4	321	8	5	28	9422	0	0	0
3.208	1	5	321	9	3	28	9422	0	0	0
3.209	1	3	321	10	4	28	9422	0	0	0
3.21	1	4	322	1	5	28	9422	0	0	0
3.211	1	5	322	2	3	28	9422	0	0	0
3.212	1	3	322	3	4	28	9422	0	0	0
3.213	1	4	322	4	5	28	9422	0	0	0
3.214	1	5	322	5	3	28	9422	0	0	0
3.215	1	3	322	6	4	28	9422	0	0	0
3.216	1	4	322	7	5	28	9422	0	0	0
3.217	1	5	322	8	3	28	9422	0	0	0
3.218	1	3	322	9	4	28	9422	0	0	0
3.219	1	4	322	10	5	28	9422	0	0	0
3.22	1	5	323	1	3	28	9422	0	0	0
3.221	1	3	323	2	4	28	9422	0	0	0
3.222	1	4	323	3	5	28	9422	0	0	0
3.223	1	5	323	4	3	28	9422	0	0	0
3.224	1	3	323	5	4	28	9422	0	0	0
3.225	1	4	323	6	5	28	9422	0	0	0
3.226	1	5	323	7	3	28	9422	0	0	0
3.227	1	3	323	8	4	28	9422	0	0	0
3.228	1	4	323	9	5	28	9422	0	0	0
3.229	1	5	323	10	3	28	9422	0	0	0
3.23	1	3	324	1	4	28	9422	0	0	0
3.231	1	4	324	2	5	28	9422	0	0	0
3.232	1	5	324	3	3	28	9422	0	0	0
3.233	1	3	324	4	4	28	9422	0	0	0
3.234	1	4	324	5	5	28	9422	0	0	0
3.235	1	5	324	6	3	28	9422	0	0	0
3.236	1	3	324	7	4	28	9422	0	0	0
3.237	1	4	324	8	5	28	9422	0	0	0
3.238	1	5	324	9	3	28	9422	0	0	0
3.239	1	3	324	10	4	28	9422	0	0	0
3.24	1	4	325	1	5	28	9422	0	0	0
3.241	1	5	325	2	3	28	9422	0	0	0
3.242	1	3	325	3	4	28	9422	0	0	0
3.243	1	4	325	4	5	28	9422	0	0	0
3.244	1	5	325	5	3	28	9422	0	0	0
3.245	1	3	325	6	4	28	9422	0	0	0
3.246	1	4	325	7	5	28	9422	0	0	0
3.247	1	5	325	8	3	28	9422	0	0	0
3.248	1	3	325	9	4	28	9422	0	0	0
3.249	1	4	325	10	5	28	9422	0	0	0
3.25	1	5	326	1	3	28	9422	0	0	0
3.251	1	3	326	2	4	28	9422	0	0	0
3.252	1	4	326	3	5	28	9422	0	0	0
3.253	1	5	326	4	3	28	9422	0	0	0
3.254	1	3	326	5	4	28	9422	0	0	0
3.255	1	4	326	6	5	28	9422	0	0	0
3.256	1	5	326	7	3	28	9422	0	0	0
3.257	1	3	326	8	4	28	9422	0	0	0
3.258	1	4	326	9	5	28	9422	0	0	0
3.259	1	5	326	10	3	28	9422	0	0	0
3.26	1	3	327	1	4	28	9422	0	0	0
3.261	1	4	327	2	5	28	9422	0	0	0
3.262	1	5	327	3	3	28	9422	0	0	0
3.263	1	3	327	4	4	28	9422	0	0	0
3.264	1	4	327	5	5	28	9422	0	0	0
3.265	1	5	327	6	3	28	9422	0	0	0
3.266	1	3	327	7	4	28	9422	0	0	0
3.267	1	4	327	8	5	28	9422	0	0	0
3.268	1	5	327	9	3	28	9422	0	0	0
3.269	1	3	327	10	4	28	9422	0	0	0
3.27	1	4	328	1	5	28	9422	0	0	0
3.271	1	5	328	2	3	28	9422	0	0	0
3.272	1	3	328	3	4	28	9422	0	0	0
3.273	1	4	328	4	5	28	9422	0	0	0
3.274	1	5	328	5	3	28	9422	0	0	0
3.275	1	3	328	6	4	28	9422	0	0	0
3.276	1	4	328	7	5	28	9422	0	0	0
3.277	1	5	328	8	3	28	9422	0	0	0
3.278	1	3	328	9	4	28	9422	0	0	0
3.279	1	4	328	10	5	28	9422	0	0	0
3.28	1	5	329	1	3	28	9422	0	0	0
3.281	1	3	329	2	4	28	9422	0	0	0
3.282	1	4	329	3	5	28	9422	0	0	0
3.283	1	5	329	4	3	28	9422	0	0	0
3.284	1	3	329	5	4	28	9422	0	0	0
3.285	1	4	329	6	5	28	9422	0	0	0
3.286	1	5	329	7	3	28	9422	0	0	0
3.287	1	3	329	8	4	28	9422	0	0	0
3.288	1	4	329	9	5	28	9422	0	0	0
3.289	1	5	329	10	3	28	9422	0	0	0
3.29	1	3	330	1	4	28	9422	0	0	0
3.291	1	4	330	2	5	28	9422	0	0	0
3.292	1	5	330	3	3	28	9422	0	0	0
3.293	1	3	330	4	4	28	9422	0	0	0
3.294	1	4	330	5	5	28	9422	0	0	0
3.295	1	5	330	6	3	28	9422	0	0	0
3.296	1	3	330	7	4	28	9422	0	0	0
3.297	1	4	330	8	5	28	9422	0	0	0
3.298	1	5	330	9	3	28	9422	0	0	0
3.299	1	3	330	10	4	28	9422	0	0	0
3.3	1	4	331	1	5	28	9422	0	0	0
3.301	1	5	331	2	3	28	9422	0	0	0
3.302	1	3	331	3	4	28	9422	0	0	0
3.303	1	4	331	4	5	28	9422	0	0	0
3.304	1	5	331	5	3	28	9422	0	0	0
3.305	1	3	331	6	4	28	9422	0	0	0
3.306	1	4	331	7	5	28	9422	0	0	0
3.307	1	5	331	8	3	28	9422	0	0	0
3.308	1	3	331	9	4	28	9422	0	0	0
3.309	1	4	331	10	5	28	9422	0	0	0
3.31	1	5	332	1	3	28	9422	0	0	0
3.311	1	3	332	2	4	28	9422	0	0	0
3.312	1	4	332	3	5	28	9422	0	0	0
3.313	1	5	332	4	3	28	9422	0	0	0
3.314	1	3	332	5	4	28	9422	0	0	0
3.315	1	4	332	6	5	28	9422	0	0	0
3.316	1	5	332	7	3	28	9422	0	0	0
3.317	1	3	332	8	4	28	9422	0	0	0
3.318	1	4	332	9	5	28	9422	0	0	0
3.319	1	5	332	10	3	28	9422	0	0	0
3.32	1	3	333	1	4	28	9422	0	0	0
3.321	1	4	333	2	5	28	9422	0	0	0
3.322	1	5	333	3	3	28	9422	0	0	0
3.323	1	3	333	4	4	28	9422	0	0	0
3.324	1	4	333	5	5	28	9422	0	0	0
3.325	1	5	333	6	3	28	9422	0	0	0
3.326	1	3	333	7	4	28	9422	0	0	0
3.327	1	4	333	8	5	28	9422	0	0	0
3.328	1	5	333	9	3	28	9422	0	0	0
3.329	1	3	333	10	4	28	9422	0	0	0
3.33	1	4	334	1	5	28	9422	0	0	0
3.331	1	5	334	2	3	28	9422	0	0	0
3.332	1	3	334	3	4	28	9422	0	0	0
3.333	1	4	334	4	5	28	9422	0	0	0
3.334	1	5	334	5	3	28	9422	0	0	0
3.335	1	3	334	6	4	28	9422	0	0	0
3.336	1	4	334	7	5	28	9422	0	0	0
3.337	1	5	334	8	3	28	9422	0	0	0
3.338	1	3	334	9	4	28	9422	0	0	0
3.339	1	4	334	10	5	28	9422	0	0	0
3.34	1	5	335	1	3	28	9422	0	0	0
3.341	1	3	335	2	4	28	9422	0	0	0
3.342	1	4	335	3	5	28	9422	0	0	0
3.343	1	5	335	4	3	28	9422	0	0	0
3.344	1	3	335	5	4	28	9422	0	0	0
3.345	1	4	335	6	5	28	9422	0	0	0
3.346	1	5	335	7	3	28	9422	0	0	0
3.347	1	3	335	8	4	28	9422	0	0	0
3.348	1	4	335	9	5	28	9422	0	0	0
3.349	1	5	335	10	3	28	9422	0	0	0
3.35	1	3	336	1	4	28	9422	0	0	0
3.351	1	4	336	2	5	28	9422	0	0	0
3.352	1	5	336	3	3	28	9422	0	0	0
3.353	1	3	336	4	4	28	9422	0	0	0
3.354	1	4	336	5	5	28	9422	0	0	0
3.355	1	5	336	6	3	28	9422	0	0	0
3.356	1	3	336	7	4	28	9422	0	0	0
3.357	1	4	336	8	5	28	9422	0	0	0
3.358	1	5	336	9	3	28	9422	0	0	0
3.359	1	3	336	10	4	28	9422	0	0	0
3.36	1	4	337	1	5	28	9422	0	0	0
3.361	1	5	337	2	3	28	9422	0	0	0
3.362	1	3	337	3	4	28	9422	0	0	0
3.363	1	4	337	4	5	28	9422	0	0	0
3.364	1	5	337	5	3	28	9422	0	0	0
3.365	1	3	337	6	4	28	9422	0	0	0
3.366	1	4	337	7	5	28	9422	0	0	0
3.367	1	5	337	8	3	28	9422	0	0	0
3.368	1	3	337	9	4	28	9422	0	0	0
3.369	1	4	337	10	5	28	9422	0	0	0
3.37	1	5	338	1	3	28	9422	0	0	0
3.371	1	3	338	2	4	28	9422	0	0	0
3.372	1	4	338	3	5	28	9422	0	0	0
3.373	1	5	338	4	3	28	9422	0	0	0
3.374	1	3	338	5	4	28	9422	0	0	0
3.375	1	4	338	6	5	28	9422	0	0	0
3.376	1	5	338	7	3	28	9422	0	0	0
3.377	1	3	338	8	4	28	9422	0	0	0
3.378	1	4	338	9	5	28	9422	0	0	0
3.379	1	5	338	10	3	28	9422	0	0	0
3.38	1	3	339	1	4	28	9422	0	0	0
3.381	1	4	339	2	5	28	9422	0	0	0
3.382	1	5	339	3	3	28	9422	0	0	0
3.383	1	3	339	4	4	28	9422	0	0	0
3.384	1	4	339	5	5	28	9422	0	0	0
3.385	1	5	339	6	3	28	9422	0	0	0
3.386	1	3	339	7	4	28	9422	0	0	0
3.387	1	4	339	8	5	28	9422	0	0	0
3.388	1	5	339	9	3	28	9422	0	0	0
3.389	1	3	339	10	4	28	9422	0	0	0
3.39	1	4	340	1	5	28	9422	0	0	0
3.391	1	5	340	2	3	28	9422	0	0	0
3.392	1	3	340	3	4	28	9422	0	0	0
3.393	1	4	340	4	5	28	9422	0	0	0
3.394	1	5	340	5	3	28	9422	0	0	0
3.395	1	3	340	6	4	28	9422	0	0	0
3.396	1	4	340	7	5	28	9422	0	0	0
3.397	1	5	340	8	3	28	9422	0	0	0
3.398	1	3	340	9	4	28	9422	0	0	0
3.399	1	4	340	10	5	28	9422	0	0	0
3.4	1	5	341	1	3	28	9422	0	0	0
3.401	1	3	341	2	4	28	9422	0	0	0
3.402	1	4	341	3	5	28	9422	0	0	0
3.403	1	5	341	4	3	28	9422	0	0	0
3.404	1	3	341	5	4	28	9422	0	0	0
3.405	1	4	341	6	5	28	9422	0	0	0
3.406	1	5	341	7	3	28	9422	0	0	0
3.407	1	3	341	8	4	28	9422	0	0	0
3.408	1	4	341	9	5	28	9422	0	0	0
3.409	1	5	341	10	3	28	9422	0	0	0
3.41	1	3	342	1	4	28	9422	0	0	0
3.411	1	4	342	2	5	28	9422	0	0	0
3.412	1	5	342	3	3	28	9422	0	0	0
3.413	1	3	342	4	4	28	9422	0	0	0
3.414	1	4	342	5	5	28	9422	0	0	0
3.415	1	5	342	6	3	28	9422	0	0	0
3.416	1	3	342	7	4	28	9422	0	0	0
3.417	1	4	342	8	5	28	9422	0	0	0
3.418	1	5	342	9	3	28	9422	0	0	0
3.419	1	3	342	10	4	28	9422	0	0	0
3.42	1	4	343	1	5	28	9422	0	0	0
3.421	1	5	343	2	3	28	9422	0	0	0
3.422	1	3	343	3	4	28	9422	0	0	0
3.423	1	4	343	4	5	28	9422	0	0	0
3.424	1	5	343	5	3	28	9422	0	0	0
3.425	1	3	343	6	4	28	9422	0	0	0
3.426	1	4	343	7	5	28	9422	0	0	0
3.427	1	5	343	8	3	28	9422	0	0	0
3.428	1	3	343	9	4	28	9422	0	0	0
3.429	1	4	343	10	5	28	9422	0	0	0
3.43	1	5	344	1	3	28	9422	0	0	0
3.431	1	3	344	2	4	28	9422	0	0	0
3.432	1	4	344	3	5	28	9422	0	0	0
3.433	1	5	344	4	3	28	9422	0	0	0
3.434	1	3	344	5	4	28	9422	0	0	0
3.435	1	4	344	6	5	28	9422	0	0	0
3.436	1	5	344	7	3	28	9422	0	0	0
3.437	1	3	344	8	4	28	9422	0	0	0
3.438	1	4	344	9	5	28	9422	0	0	0
3.439	1	5	344	10	3	28	9422	0	0	0
3.44	1	3	345	1	4	28	9422	0	0	0
3.441	1	4	345	2	5	28	9422	0	0	0
3.442	1	5	345	3	3	28	9422	0	0	0
3.443	1	3	345	4	4	28	9422	0	0	0
3.444	1	4	345	5	5	28	9422	0	0	0
3.445	1	5	345	6	3	28	9422	0	0	0
3.446	1	3	345	7	4	28	9422	0	0	0
3.447	1	4	345	8	5	28	9422	0	0	0
3.448	1	5	345	9	3	28	9422	0	0	0
3.449	1	3	345	10	4	28	9422	0	0	0
3.45	1	4	346	1	5	28	9422	0	0	0
3.451	1	5	346	2	3	28	9422	0	0	0
3.452	1	3	346	3	4	28	9422	0	0	0
3.453	1	4	346	4	5	28	9422	0	0	0
3.454	1	5	346	5	3	28	9422	0	0	0
3.455	1	3	346	6	4	28	9422	0	0	0
3.456	1	4	346	7	5	28	9422	0	0	0
3.457	1	5	346	8	3	28	9422	0	0	0
3.458	1	3	346	9	4	28	9422	0	0	0
3.459	1	4	346	10	5	28	9422	0	0	0
3.46	1	5	347	1	3	28	9422	0	0	0
3.461	1	3	347	2	4	28	9422	0	0	0
3.462	1	4	347	3	5	28	9422	0	0	0
3.463	1	5	347	4	3	28	9422	0	0	0
3.464	1	3	347	5	4	28	9422	0	0	0
3.465	1	4	347	6	5	28	9422	0	0	0
3.466	1	5	347	7	3	28	9422	0	0	0
3.467	1	3	347	8	4	28	9422	0	0	0
3.468	1	4	347	9	5	28	9422	0	0	0
3.469	1	5	347	10	3	28	9422	0	0	0
3.47	1	3	348	1	4	28	9422	0	0	0
3.471	1	4	348	2	5	28	9422	0	0	0
3.472	1	5	348	3	3	28	9422	0	0	0
3.473	1	3	348	4	4	28	9422	0	0	0
3.474	1	4	348	5	5	28	9422	0	0	0
3.475	1	5	348	6	3	28	9422	0	0	0
3.476	1	3	348	7	4	28	9422	0	0	0
3.477	1	4	348	8	5	28	9422	0	0	0
3.478	1	5	348	9	3	28	9422	0	0	0
3.479	1	3	348	10	4	28	9422	0	0	0
3.48	1	4	349	1	5	28	9422	0	0	0
3.481	1	5	349	2	3	28	9422	0	0	0
3.482	1	3	349	3	4	28	9422	0	0	0
3.483	1	4	349	4	5	28	9422	0	0	0
3.484	1	5	349	5	3	28	9422	0	0	0
3.485	1	3	349	6	4	28	9422	0	0	0
3.486	1	4	349	7	5	28	9422	0	0	0
3.487	1	5	349	8	3	28	9422	0	0	0
3.488	1	3	349	9	4	28	9422	0	0	0
3.489	1	4	349	10	5	28	9422	0	0	0
3.49	1	5	350	1	3	28	9422	0	0	0
3.491	1	3	350	2	4	28	9422	0	0	0
3.492	1	4	350	3	5	28	9422	0	0	0
3.493	1	5	350	4	3	28	9422	0	0	0
3.494	1	3	350	5	4	28	9422	0	0	0
3.495	1	4	350	6	5	28	9422	0	0	0
3.496	1	5	350	7	3	28	9422	0	0	0
3.497	1	3	350	8	4	28	9422	0	0	0
3.498	1	4	350	9	5	28	9422	0	0	0
3.499	1	5	350	10	3	28	9422	0	0	0
3.5	1	3	351	1	4	28	9422	0	0	0
3.501	1	4	351	2	5	28	9422	0	0	0
3.502	1	5	351	3	3	28	9422	0	0	0
3.503	1	3	351	4	4	28	9422	0	0	0
3.504	1	4	351	5	5	28	9422	0	0	0
3.505	1	5	351	6	3	28	9422	0	0	0
3.506	1	3	351	7	4	28	9422	0	0	0
3.507	1	4	351	8	5	28	9422	0	0	0
3.508	1	5	351	9	3	28	9422	0	0	0
3.509	1	3	351	10	4	28	9422	0	0	0
3.51	1	4	352	1	5	28	9422	0	0	0
3.511	1	5	352	2	3	28	9422	0	0	0
3.512	1	3	352	3	4	28	9422	0	0	0
3.513	1	4	352	4	5	28	9422	0	0	0
3.514	1	5	352	5	3	28	9422	0	0	0
3.515	1	3	352	6	4	28	9422	0	0	0
3.516	1	4	352	7	5	28	9422	0	0	0
3.517	1	5	352	8	3	28	9422	0	0	0
3.518	1	3	352	9	4	28	9422	0	0	0
3.519	1	4	352	10	5	28	9422	0	0	0
3.52	1	5	353	1	3	28	9422	0	0	0
3.521	1	3	353	2	4	28	9422	0	0	0
3.522	1	4	353	3	5	28	9422	0	0	0
3.523	1	5	353	4	3	28	9422	0	0	0
3.524	1	3	353	5	4	28	9422	0	0	0
3.525	1	4	353	6	5	28	9422	0	0	0
3.526	1	5	353	7	3	28	9422	0	0	0
3.527	1	3	353	8	4	28	9422	0	0	0
3.528	1	4	353	9	5	28	9422	0	0	0
3.529	1	5	353	10	3	28	9422	0	0	0
3.53	1	3	354	1	4	28	9422	0	0	0
3.531	1	4	354	2	5	28	9422	0	0	0
3.532	1	5	354	3	3	28	9422	0	0	0
3.533	1	3	354	4	4	28	9422	0	0	0
3.534	1	4	354	5	5	28	9422	0	0	0
3.535	1	5	354	6	3	28	9422	0	0	0
3.536	1	3	354	7	4	28	9422	0	0	0
3.537	1	4	354	8	5	28	9422	0	0	0
3.538	1	5	354	9	3	28	9422	0	0	0
3.539	1	3	354	10	4	28	9422	0	0	0
3.54	1	4	355	1	5	28	9422	0	0	0
3.541	1	5	355	2	3	28	9422	0	0	0
3.542	1	3	355	3	4	28	9422	0	0	0
3.543	1	4	355	4	5	28	9422	0	0	0
3.544	1	5	355	5	3	28	9422	0	0	0
3.545	1	3	355	6	4	28	9422	0	0	0
3.546	1	4	355	7	5	28	9422	0	0	0
3.547	1	5	355	8	3	28	9422	0	0	0
3.548	1	3	355	9	4	28	9422	0	0	0
3.549	1	4	355	10	5	28	9422	0	0	0
3.55	1	5	356	1	3	28	9422	0	0	0
3.551	1	3	356	2	4	28	9422	0	0	0
3.552	1	4	356	3	5	28	9422	0	0	0
3.553	1	5	356	4	3	28	9422	0	0	0
3.554	1	3	356	5	4	28	9422	0	0	0
3.555	1	4	356	6	5	28	9422	0	0	0
3.556	1	5	356	7	3	28	9422	0	0	0
3.557	1	3	356	8	4	28	9422	0	0	0
3.558	1	4	356	9	5	28	9422	0	0	0
3.559	1	5	356	10	3	28	9422	0	0	0
3.56	1	3	357	1	4	28	9422	0	0	0
3.561	1	4	357	2	5	28	9422	0	0	0
3.562	1	5	357	3	3	28	9422	0	0	0
3.563	1	3	357	4	4	28	9422	0	0	0
3.564	1	4	357	5	5	28	9422	0	0	0
3.565	1	5	357	6	3	28	9422	0	0	0
3.566	1	3	357	7	4	28	9422	0	0	0
3.567	1	4	357	8	5	28	9422	0	0	0
3.568	1	5	357	9	3	28	9422	0	0	0
3.569	1	3	357	10	4	28	9422	0	0	0
3.57	1	4	358	1	5	28	9422	0	0	0
3.571	1	5	358	2	3	28	9422	0	0	0
3.572	1	3	358	3	4	28	9422	0	0	0
3.573	1	4	358	4	5	28	9422	0	0	0
3.574	1	5	358	5	3	28	9422	0	0	0
3.575	1	3	358	6	4	28	9422	0	0	0
3.576	1	4	358	7	5	28	9422	0	0	0
3.577	1	5	358	8	3	28	9422	0	0	0
3.578	1	3	358	9	4	28	9422	0	0	0
3.579	1	4	358	10	5	28	9422	0	0	0
3.58	1	5	359	1	3	28	9422	0	0	0
3.581	1	3	359	2	4	28	9422	0	0	0
3.582	1	4	359	3	5	28	9422	0	0	0
3.583	1	5	359	4	3	28	9422	0	0	0
3.584	1	3	359	5	4	28	9422	0	0	0
3.585	1	4	359	6	5	28	9422	0	0	0
3.586	1	5	359	7	3	28	9422	0	0	0
3.587	1	3	359	8	4	28	9422	0	0	0
3.588	1	4	359	9	5	28	9422	0	0	0
3.589	1	5	359	10	3	28	9422	0	0	0
3.59	1	3	360	1	4	28	9422	0	0	0
3.591	1	4	360	2	5	28	9422	0	0	0
3.592	1	5	360	3	3	28	9422	0	0	0
3.593	1	3	360	4	4	28	9422	0	0	0
3.594	1	4	360	5	5	28	9422	0	0	0
3.595	1	5	360	6	3	28	9422	0	0	0
3.596	1	3	360	7	4	28	9422	0	0	0
3.597	1	4	360	8	5	28	9422	0	0	0
3.598	1	5	360	9	3	28	9422	0	0	0
3.599	1	3	360	10	4	28	9422	0	0	0
3.6	1	4	361	1	5	28	9422	0	0	0
3.601	1	5	361	2	3	28	9422	0	0	0
3.602	1	3	361	3	4	28	9422	0	0	0
3.603	1	4	361	4	5	28	9422	0	0	0
3.604	1	5	361	5	3	28	9422	0	0	0
3.605	1	3	361	6	4	28	9422	0	0	0
3.606	1	4	361	7	5	28	9422	0	0	0
3.607	1	5	361	8	3	28	9422	0	0	0
3.608	1	3	361	9	4	28	9422	0	0	0
3.609	1	4	361	10	5	28	9422	0	0	0
3.61	1	5	362	1	3	28	9422	0	0	0
3.611	1	3	362	2	4	28	9422	0	0	0
3.612	1	4	362	3	5	28	9422	0	0	0
3.613	1	5	362	4	3	28	9422	0	0	0
3.614	1	3	362	5	4	28	9422	0	0	0
3.615	1	4	362	6	5	28	9422	0	0	0
3.616	1	5	362	7	3	28	9422	0	0	0
3.617	1	3	362	8	4	28	9422	0	0	0
3.618	1	4	362	9	5	28	9422	0	0	0
3.619	1	5	362	10	3	28	9422	0	0	0
3.62	1	3	363	1	4	28	9422	0	0	0
3.621	1	4	363	2	5	28	9422	0	0	0
3.622	1	5	363	3	3	28	9422	0	0	0
3.623	1	3	363	4	4	28	9422	0	0	0
3.624	1	4	363	5	5	28	9422	0	0	0
3.625	1	5	363	6	3	28	9422	0	0	0
3.626	1	3	363	7	4	28	9422	0	0	0
3.627	1	4	363	8	5	28	9422	0	0	0
3.628	1	5	363	9	3	28	9422	0	0	0
3.629	1	3	363	10	4	28	9422	0	0	0
3.63	1	4	364	1	5	28	9422	0	0	0
3.631	1	5	364	2	3	28	9422	0	0	0
3.632	1	3	364	3	4	28	9422	0	0	0
3.633	1	4	364	4	5	28	9422	0	0	0
3.634	1	5	364	5	3	28	9422	0	0	0
3.635	1	3	364	6	4	28	9422	0	0	0
3.636	1	4	364	7	5	28	9422	0	0	0
3.637	1	5	364	8	3	28	9422	0	0	0
3.638	1	3	364	9	4	28	9422	0	0	0
3.639	1	4	364	10	5	28	9422	0	0	0
3.64	1	5	365	1	3	28	9422	0	0	0
3.641	1	3	365	2	4	28	9422	0	0	0
3.642	1	4	365	3	5	28	9422	0	0	0
3.643	1	5	365	4	3	28	9422	0	0	0
3.644	1	3	365	5	4	28	9422	0	0	0
3.645	1	4	365	6	5	28	9422	0	0	0
3.646	1	5	365	7	3	28	9422	0	0	0
3.647	1	3	365	8	4	28	9422	0	0	0
3.648	1	4	365	9	5	28	9422	0	0	0
3.649	1	5	365	10	3	28	9422	0	0	0
3.65	1	3	366	1	4	28	9422	0	0	0
3.651	1	4	366	2	5	28	9422	0	0	0
3.652	1	5	366	3	3	28	9422	0	0	0
3.653	1	3	366	4	4	28	9422	0	0	0
3.654	1	4	366	5	5	28	9422	0	0	0
3.655	1	5	366	6	3	28	9422	0	0	0
3.656	1	3	366	7	4	28	9422	0	0	0
3.657	1	4	366	8	5	28	9422	0	0	0
3.658	1	5	366	9	3	28	9422	0	0	0
3.659	1	3	366	10	4	28	9422	0	0	0
3.66	1	4	367	1	5	28	9422	0	0	0
3.661	1	5	367	2	3	28	9422	0	0	0
3.662	1	3	367	3	4	28	9422	0	0	0
3.663	1	4	367	4	5	28	9422	0	0	0
3.664	1	5	367	5	3	28	9422	0	0	0
3.665	1	3	367	6	4	28	9422	0	0	0
3.666	1	4	367	7	5	28	9422	0	0	0
3.667	1	5	367	8	3	28	9422	0	0	0
3.668	1	3	367	9	4	28	9422	0	0	0
3.669	1	4	367	10	5	28	9422	0	0	0
3.67	1	5	368	1	3	28	9422	0	0	0
3.671	1	3	368	2	4	28	9422	0	0	0
3.672	1	4	368	3	5	28	9422	0	0	0
3.673	1	5	368	4	3	28	9422	0	0	0
3.674	1	3	368	5	4	28	9422	0	0	0
3.675	1	4	368	6	5	28	9422	0	0	0
3.676	1	5	368	7	3	28	9422	0	0	0
3.677	1	3	368	8	4	28	9422	0	0	0
3.678	1	4	368	9	5	28	9422	0	0	0
3.679	1	5	368	10	3	28	9422	0	0	0
3.68	1	3	369	1	4	28	9422	0	0	0
3.681	1	4	369	2	5	28	9422	0	0	0
3.682	1	5	369	3	3	28	9422	0	0	0
3.683	1	3	369	4	4	28	9422	0	0	0
3.684	1	4	369	5	5	28	9422	0	0	0
3.685	1	5	369	6	3	28	9422	0	0	0
3.686	1	3	369	7	4	28	9422	0	0	0
3.687	1	4	369	8	5	28	9422	0	0	0
3.688	1	5	369	9	3	28	9422	0	0	0
3.689	1	3	369	10	4	28	9422	0	0	0
3.69	1	4	370	1	5	28	9422	0	0	0
3.691	1	5	370	2	3	28	9422	0	0	0
3.692	1	3	370	3	4	28	9422	0	0	0
3.693	1	4	370	4	5	28	9422	0	0	0
3.694	1	5	370	5	3	28	9422	0	0	0
3.695	1	3	370	6	4	28	9422	0	0	0
3.696	1	4	370	7	5	28	9422	0	0	0
3.697	1	5	370	8	3	28	9422	0	0	0
3.698	1	3	370	9	4	28	9422	0	0	0
3.699	1	4	370	10	5	28	9422	0	0	0
3.7	1	5	371	1	3	28	9422	0	0	0
3.701	1	3	371	2	4	28	9422	0	0	0
3.702	1	4	371	3	5	28	9422	0	0	0
3.703	1	5	371	4	3	28	9422	0	0	0
3.704	1	3	371	5	4	28	9422	0	0	0
3.705	1	4	371	6	5	28	9422	0	0	0
3.706	1	5	371	7	3	28	9422	0	0	0
3.707	1	3	371	8	4	28	9422	0	0	0
3.708	1	4	371	9	5	28	9422	0	0	0
3.709	1	5	371	10	3	28	9422	0	0	0
3.71	1	3	372	1	4	28	9422	0	0	0
3.711	1	4	372	2	5	28	9422	0	0	0
3.712	1	5	372	3	3	28	9422	0	0	0
3.713	1	3	372	4	4	28	9422	0	0	0
3.714	1	4	372	5	5	28	9422	0	0	0
3.715	1	5	372	6	3	28	9422	0	0	0
3.716	1	3	372	7	4	28	9422	0	0	0
3.717	1	4	372	8	5	28	9422	0	0	0
3.718	1	5	372	9	3	28	9422	0	0	0
3.719	1	3	372	10	4	28	9422	0	0	0
3.72	1	4	373	1	5	28	9422	0	0	0
3.721	1	5	373	2	3	28	9422	0	0	0
3.722	1	3	373	3	4	28	9422	0	0	0
3.723	1	4	373	4	5	28	9422	0	0	0
3.724	1	5	373	5	3	28	9422	0	0	0
3.725	1	3	373	6	4	28	9422	0	0	0
3.726	1	4	373	7	5	28	9422	0	0	0
3.727	1	5	373	8	3	28	9422	0	0	0
3.728	1	3	373	9	4	28	9422	0	0	0
3.729	1	4	373	10	5	28	9422	0	0	0
3.73	1	5	374	1	3	28	9422	0	0	0
3.731	1	3	374	2	4	28	9422	0	0	0
3.732	1	4	374	3	5	28	9422	0	0	0
3.733	1	5	374	4	3	28	9422	0	0	0
3.734	1	3	374	5	4	28	9422	0	0	0
3.735	1	4	374	6	5	28	9422	0	0	0
3.736	1	5	374	7	3	28	9422	0	0	0
3.737	1	3	374	8	4	28	9422	0	0	0
3.738	1	4	374	9	5	28	9422	0	0	0
3.739	1	5	374	10	3	28	9422	0	0	0
3.74	1	3	375	1	4	28	9422	0	0	0
3.741	1	4	375	2	5	28	9422	0	0	0
3.742	1	5	375	3	3	28	9422	0	0	0
3.743	1	3	375	4	4	28	9422	0	0	0
3.744	1	4	375	5	5	28	9422	0	0	0
3.745	1	5	375	6	3	28	9422	0	0	0
3.746	1	3	375	7	4	28	9422	0	0	0
3.747	1	4	375	8	5	28	9422	0	0	0
3.748	1	5	375	9	3	28	9422	0	0	0
3.749	1	3	375	10	4	28	9422	0	0	0
3.75	1	4	376	1	5	28	9422	0	0	0
3.751	1	5	376	2	3	28	9422	0	0	0
3.752	1	3	376	3	4	28	9422	0	0	0
3.753	1	4	376	4	5	28	9422	0	0	0
3.754	1	5	376	5	3	28	9422	0	0	0
3.755	1	3	376	6	4	28	9422	0	0	0
3.756	1	4	376	7	5	28	9422	0	0	0
3.757	1	5	376	8	3	28	9422	0	0	0
3.758	1	3	376	9	4	28	9422	0	0	0
3.759	1	4	376	10	5	28	9422	0	0	0
3.76	1	5	377	1	3	28	9422	0	0	0
3.761	1	3	377	2	4	28	9422	0	0	0
3.762	1	4	377	3	5	28	9422	0	0	0
3.763	1	5	377	4	3	28	9422	0	0	0
3.764	1	3	377	5	4	28	9422	0	0	0
3.765	1	4	377	6	5	28	9422	0	0	0
3.766	1	5	377	7	3	28	9422	0	0	0
3.767	1	3	377	8	4	28	9422	0	0	0
3.768	1	4	377	9	5	28	9422	0	0	0
3.769	1	5	377	10	3	28	9422	0	0	0
3.77	1	3	378	1	4	28	9422	0	0	0
3.771	1	4	378	2	5	28	9422	0	0	0
3.772	1	5	378	3	3	28	9422	0	0	0
3.773	1	3	378	4	4	28	9422	0	0	0
3.774	1	4	378	5	5	28	9422	0	0	0
3.775	1	5	378	6	3	28	9422	0	0	0
3.776	1	3	378	7	4	28	9422	0	0	0
3.777	1	4	378	8	5	28	9422	0	0	0
3.778	1	5	378	9	3	28	9422	0	0	0
3.779	1	3	378	10	4	28	9422	0	0	0
3.78	1	4	379	1	5	28	9422	0	0	0
3.781	1	5	379	2	3	28	9422	0	0	0
3.782	1	3	379	3	4	28	9422	0	0	0
3.783	1	4	379	4	5	28	9422	0	0	0
3.784	1	5	379	5	3	28	9422	0	0	0
3.785	1	3	379	6	4	28	9422	0	0	0
3.786	1	4	379	7	5	28	9422	0	0	0
3.787	1	5	379	8	3	28	9422	0	0	0
3.788	1	3	379	9	4	28	9422	0	0	0
3.789	1	4	379	10	5	28	9422	0	0	0
3.79	1	5	380	1	3	28	9422	0	0	0
3.791	1	3	380	2	4	28	9422	0	0	0
3.792	1	4	380	3	5	28	9422	0	0	0
3.793	1	5	380	4	3	28	9422	0	0	0
3.794	1	3	380	5	4	28	9422	0	0	0
3.795	1	4	380	6	5	28	9422	0	0	0
3.796	1	5	380	7	3	28	9422	0	0	0
3.797	1	3	380	8	4	28	9422	0	0	0
3.798	1	4	380	9	5	28	9422	0	0	0
3.799	1	5	380	10	3	28	9422	0	0	0
3.8	1	3	381	1	4	28	9422	0	0	0
3.801	1	4	381	2	5	28	9422	0	0	0
3.802	1	5	381	3	3	28	9422	0	0	0
3.803	1	3	381	4	4	28	9422	0	0	0
3.804	1	4	381	5	5	28	9422	0	0	0
3.805	1	5	381	6	3	28	9422	0	0	0
3.806	1	3	381	7	4	28	9422	0	0	0
3.807	1	4	381	8	5	28	9422	0	0	0
3.808	1	5	381	9	3	28	9422	0	0	0
3.809	1	3	381	10	4	28	9422	0	0	0
3.81	1	4	382	1	5	28	9422	0	0	0
3.811	1	5	382	2	3	28	9422	0	0	0
3.812	1	3	382	3	4	28	9422	0	0	0
3.813	1	4	382	4	5	28	9422	0	0	0
3.814	1	5	382	5	3	28	9422	0	0	0
3.815	1	3	382	6	4	28	9422	0	0	0
3.816	1	4	382	7	5	28	9422	0	0	0
3.817	1	5	382	8	3	28	9422	0	0	0
3.818	1	3	382	9	4	28	9422	0	0	0
3.819	1	4	382	10	5	28	9422	0	0	0
3.82	1	5	383	1	3	28	9422	0	0	0
3.821	1	3	383	2	4	28	9422	0	0	0
3.822	1	4	383	3	5	28	9422	0	0	0
3.823	1	5	383	4	3	28	9422	0	0	0
3.824	1	3	383	5	4	28	9422	0	0	0
3.825	1	4	383	6	5	28	9422	0	0	0
3.826	1	5	383	7	3	28	9422	0	0	0
3.827	1	3	383	8	4	28	9422	0	0	0
3.828	1	4	383	9	5	28	9422	0	0	0
3.829	1	5	383	10	3	28	9422	0	0	0
3.83	1	3	384	1	4	28	9422	0	0	0
3.831	1	4	384	2	5	28	9422	0	0	0
3.832	1	5	384	3	3	28	9422	0	0	0
3.833	1	3	384	4	4	28	9422	0	0	0
3.834	1	4	384	5	5	28	9422	0	0	0
3.835	1	5	384	6	3	28	9422	0	0	0
3.836	1	3	384	7	4	28	9422	0	0	0
3.837	1	4	384	8	5	28	9422	0	0	0
3.838	1	5	384	9	3	28	9422	0	0	0
3.839	1	3	384	10	4	28	9422	0	0	0
3.84	1	4	385	1	5	28	9422	0	0	0
3.841	1	5	385	2	3	28	9422	0	0	0
3.842	1	3	385	3	4	28	9422	0	0	0
3.843	1	4	385	4	5	28	9422	0	0	0
3.844	1	5	385	5	3	28	9422	0	0	0
3.845	1	3	385	6	4	28	9422	0	0	0
3.846	1	4	385	7	5	28	9422	0	0	0
3.847	1	5	385	8	3	28	9422	0	0	0
3.848	1	3	385	9	4	28	9422	0	0	0
3.849	1	4	385	10	5	28	9422	0	0	0
3.85	1	5	386	1	3	28	9422	0	0	0
3.851	1	3	386	2	4	28	9422	0	0	0
3.852	1	4	386	3	5	28	9422	0	0	0
3.853	1	5	386	4	3	28	9422	0	0	0
3.854	1	3	386	5	4	28	9422	0	0	0
3.855	1	4	386	6	5	28	9422	0	0	0
3.856	1	5	386	7	3	28	9422	0	0	0
3.857	1	3	386	8	4	28	9422	0	0	0
3.858	1	4	386	9	5	28	9422	0	0	0
3.859	1	5	386	10	3	28	9422	0	0	0
3.86	1	3	387	1	4	28	9422	0	0	0
3.861	1	4	387	2	5	28	9422	0	0	0
3.862	1	5	387	3	3	28	9422	0	0	0
3.863	1	3	387	4	4	28	9422	0	0	0
3.864	1	4	387	5	5	28	9422	0	0	0
3.865	1	5	387	6	3	28	9422	0	0	0
3.866	1	3	387	7	4	28	9422	0	0	0
3.867	1	4	387	8	5	28	9422	0	0	0
3.868	1	5	387	9	3	28	9422	0	0	0
3.869	1	3	387	10	4	28	9422	0	0	0
3.87	1	4	388	1	5	28	9422	0	0	0
3.871	1	5	388	2	3	28	9422	0	0	0
3.872	1	3	388	3	4	28	9422	0	0	0
3.873	1	4	388	4	5	28	9422	0	0	0
3.874	1	5	388	5	3	28	9422	0	0	0
3.875	1	3	388	6	4	28	9422	0	0	0
3.876	1	4	388	7	5	28	9422	0	0	0
3.877	1	5	388	8	3	28	9422	0	0	0
3.878	1	3	388	9	4	28	9422	0	0	0
3.879	1	4	388	10	5	28	9422	0	0	0
3.88	1	5	389	1	3	28	9422	0	0	0
3.881	1	3	389	2	4	28	9422	0	0	0
3.882	1	4	389	3	5	28	9422	0	0	0
3.883	1	5	389	4	3	28	9422	0	0	0
3.884	1	3	389	5	4	28	9422	0	0	0
3.885	1	4	389	6	5	28	9422	0	0	0
3.886	1	5	389	7	3	28	9422	0	0	0
3.887	1	3	389	8	4	28	9422	0	0	0
3.888	1	4	389	9	5	28	9422	0	0	0
3.889	1	5	389	10	3	28	9422	0	0	0
3.89	1	3	390	1	4	28	9422	0	0	0
3.891	1	4	390	2	5	28	9422	0	0	0
3.892	1	5	390	3	3	28	9422	0	0	0
3.893	1	3	390	4	4	28	9422	0	0	0
3.894	1	4	390	5	5	28	9422	0	0	0
3.895	1	5	390	6	3	28	9422	0	0	0
3.896	1	3	390	7	4	28	9422	0	0	0
3.897	1	4	390	8	5	28	9422	0	0	0
3.898	1	5	390	9	3	28	9422	0	0	0
3.899	1	3	390	10	4	28	9422	0	0	0
3.9	1	4	391	1	5	28	9422	0	0	0
3.901	1	5	391	2	3	28	9422	0	0	0
3.902	1	3	391	3	4	28	9422	0	0	0
3.903	1	4	391	4	5	28	9422	0	0	0
3.904	1	5	391	5	3	28	9422	0	0	0
3.905	1	3	391	6	4	28	9422	0	0	0
3.906	1	4	391	7	5	28	9422	0	0	0
3.907	1	5	391	8	3	28	9422	0	0	0
3.908	1	3	391	9	4	28	9422	0	0	0
3.909	1	4	391	10	5	28	9422	0	0	0
3.91	1	5	392	1	3	28	9422	0	0	0
3.911	1	3	392	2	4	28	9422	0	0	0
3.912	1	4	392	3	5	28	9422	0	0	0
3.913	1	5	392	4	3	28	9422	0	0	0
3.914	1	3	392	5	4	28	9422	0	0	0
3.915	1	4	392	6	5	28	9422	0	0	0
3.916	1	5	392	7	3	28	9422	0	0	0
3.917	1	3	392	8	4	28	9422	0	0	0
3.918	1	4	392	9	5	28	9422	0	0	0
3.919	1	5	392	10	3	28	9422	0	0	0
3.92	1	3	393	1	4	28	9422	0	0	0
3.921	1	4	393	2	5	28	9422	0	0	0
3.922	1	5	393	3	3	28	9422	0	0	0
3.923	1	3	393	4	4	28	9422	0	0	0
3.924	1	4	393	5	5	28	9422	0	0	0
3.925	1	5	393	6	3	28	9422	0	0	0
3.926	1	3	393	7	4	28	9422	0	0	0
3.927	1	4	393	8	5	28	9422	0	0	0
3.928	1	5	393	9	3	28	9422	0	0	0
3.929	1	3	393	10	4	28	9422	0	0	0
3.93	1	4	394	1	5	28	9422	0	0	0
3.931	1	5	394	2	3	28	9422	0	0	0
3.932	1	3	394	3	4	28	9422	0	0	0
3.933	1	4	394	4	5	28	9422	0	0	0
3.934	1	5	394	5	3	28	9422	0	0	0
3.935	1	3	394	6	4	28	9422	0	0	0
3.936	1	4	394	7	5	28	9422	0	0	0
3.937	1	5	394	8	3	28	9422	0	0	0
3.938	1	3	394	9	4	28	9422	0	0	0
3.939	1	4	394	10	5	28	9422	0	0	0
3.94	1	5	395	1	3	28	9422	0	0	0
3.941	1	3	395	2	4	28	9422	0	0	0
3.942	1	4	395	3	5	28	9422	0	0	0
3.943	1	5	395	4	3	28	9422	0	0	0
3.944	1	3	395	5	4	28	9422	0	0	0
3.945	1	4	395	6	5	28	9422	0	0	0
3.946	1	5	395	7	3	28	9422	0	0	0
3.947	1	3	395	8	4	28	9422	0	0	0
3.948	1	4	395	9	5	28	9422	0	0	0
3.949	1	5	395	10	3	28	9422	0	0	0
3.95	1	3	396	1	4	28	9422	0	0	0
3.951	1	4	396	2	5	28	9422	0	0	0
3.952	1	5	396	3	3	28	9422	0	0	0
3.953	1	3	396	4	4	28	9422	0	0	0
3.954	1	4	396	5	5	28	9422	0	0	0
3.955	1	5	396	6	3	28	9422	0	0	0
3.956	1	3	396	7	4	28	9422	0	0	0
3.957	1	4	396	8	5	28	9422	0	0	0
3.958	1	5	396	9	3	28	9422	0	0	0
3.959	1	3	396	10	4	28	9422	0	0	0
3.96	1	4	397	1	5	28	9422	0	0	0
3.961	1	5	397	2	3	28	9422	0	0	0
3.962	1	3	397	3	4	28	9422	0	0	0
3.963	1	4	397	4	5	28	9422	0	0	0
3.964	1	5	397	5	3	28	9422	0	0	0
3.965	1	3	397	6	4	28	9422	0	0	0
3.966	1	4	397	7	5	28	9422	0	0	0
3.967	1	5	397	8	3	28	9422	0	0	0
3.968	1	3	397	9	4	28	9422	0	0	0
3.969	1	4	397	10	5	28	9422	0	0	0
3.97	1	5	398	1	3	28	9422	0	0	0
3.971	1	3	398	2	4	28	9422	0	0	0
3.972	1	4	398	3	5	28	9422	0	0	0
3.973	1	5	398	4	3	28	9422	0	0	0
3.974	1	3	398	5	4	28	9422	0	0	0
3.975	1	4	398	6	5	28	9422	0	0	0
3.976	1	5	398	7	3	28	9422	0	0	0
3.977	1	3	398	8	4	28	9422	0	0	0
3.978	1	4	398	9	5	28	9422	0	0	0
3.979	1	5	398	10	3	28	9422	0	0	0
3.98	1	3	399	1	4	28	9422	0	0	0
3.981	1	4	399	2	5	28	9422	0	0	0
3.982	1	5	399	3	3	28	9422	0	0	0
3.983	1	3	399	4	4	28	9422	0	0	0
3.984	1	4	399	5	5	28	9422	0	0	0
3.985	1	5	399	6	3	28	9422	0	0	0
3.986	1	3	399	7	4	28	9422	0	0	0
3.987	1	4	399	8	5	28	9422	0	0	0
3.988	1	5	399	9	3	28	9422	0	0	0
3.989	1	3	399	10	4	28	9422	0	0	0
3.99	1	4	400	1	5	28	9422	0	0	0
3.991	1	5	400	2	3	28	9422	0	0	0
3.992	1	3	400	3	4	28	9422	0	0	0
3.993	1	4	400	4	5	28	9422	0	0	0
3.994	1	5	400	5	3	28	9422	0	0	0
3.995	1	3	400	6	4	28	9422	0	0	0
3.996	1	4	400	7	5	28	9422	0	0	0
3.997	1	5	400	8	3	28	9422	0	0	0
3.998	1	3	400	9	4	28	9422	0	0	0
3.999	1	4	400	10	5	28	9422	0	0	0
4	1	5	401	1	3	28	9422	0	0	0
4.001	1	3	401	2	4	28	9422	0	0	0
4.002	1	4	401	3	5	28	9422	0	0	0
4.003	1	5	401	4	3	28	9422	0	0	0
4.004	1	3	401	5	4	28	9422	0	0	0
4.005	1	4	401	6	5	28	9422	0	0	0
4.006	1	5	401	7	3	28	9422	0	0	0
4.007	1	3	401	8	4	28	9422	0	0	0
4.008	1	4	401	9	5	28	9422	0	0	0
4.009	1	5	401	10	3	28	9422	0	0	0
4.01	1	3	402	1	4	28	9422	0	0	0
4.011	1	4	402	2	5	28	9422	0	0	0
4.012	1	5	402	3	3	28	9422	0	0	0
4.013	1	3	402	4	4	28	9422	0	0	0
4.014	1	4	402	5	5	28	9422	0	0	0
4.015	1	5	402	6	3	28	9422	0	0	0
4.016	1	3	402	7	4	28	9422	0	0	0
4.017	1	4	402	8	5	28	9422	0	0	0
4.018	1	5	402	9	3	28	9422	0	0	0
4.019	1	3	402	10	4	28	9422	0	0	0
4.02	1	4	403	1	5	28	9422	0	0	0
4.021	1	5	403	2	3	28	9422	0	0	0
4.022	1	3	403	3	4	28	9422	0	0	0
4.023	1	4	403	4	5	28	9422	0	0	0
4.024	1	5	403	5	3	28	9422	0	0	0
4.025	1	3	403	6	4	28	9422	0	0	0
4.026	1	4	403	7	5	28	9422	0	0	0
4.027	1	5	403	8	3	28	9422	0	0	0
4.028	1	3	403	9	4	28	9422	0	0	0
4.029	1	4	403	10	5	28	9422	0	0	0
4.03	1	5	404	1	3	28	9422	0	0	0
4.031	1	3	404	2	4	28	9422	0	0	0
4.032	1	4	404	3	5	28	9422	0	0	0
4.033	1	5	404	4	3	28	9422	0	0	0
4.034	1	3	404	5	4	28	9422	0	0	0
4.035	1	4	404	6	5	28	9422	0	0	0
4.036	1	5	404	7	3	28	9422	0	0	0
4.037	1	3	404	8	4	28	9422	0	0	0
4.038	1	4	404	9	5	28	9422	0	0	0
4.039	1	5	404	10	3	28	9422	0	0	0
4.04	1	3	405	1	4	28	9422	0	0	0
4.041	1	4	405	2	5	28	9422	0	0	0
4.042	1	5	405	3	3	28	9422	0	0	0
4.043	1	3	405	4	4	28	9422	0	0	0
4.044	1	4	405	5	5	28	9422	0	0	0
4.045	1	5	405	6	3	28	9422	0	0	0
4.046	1	3	405	7	4	28	9422	0	0	0
4.047	1	4	405	8	5	28	9422	0	0	0
4.048	1	5	405	9	3	28	9422	0	0	0
4.049	1	3	405	10	4	28	9422	0	0	0
4.05	1	4	406	1	5	28	9422	0	0	0
4.051	1	5	406	2	3	28	9422	0	0	0
4.052	1	3	406	3	4	28	9422	0	0	0
4.053	1	4	406	4	5	28	9422	0	0	0
4.054	1	5	406	5	3	28	9422	0	0	0
4.055	1	3	406	6	4	28	9422	0	0	0
4.056	1	4	406	7	5	28	9422	0	0	0
4.057	1	5	406	8	3	28	9422	0	0	0
4.058	1	3	406	9	4	28	9422	0	0	0
4.059	1	4	406	10	5	28	9422	0	0	0
4.06	1	5	407	1	3	28	9422	0	0	0
4.061	1	3	407	2	4	28	9422	0	0	0
4.062	1	4	407	3	5	28	9422	0	0	0
4.063	1	5	407	4	3	28	9422	0	0	0
4.064	1	3	407	5	4	28	9422	0	0	0
4.065	1	4	407	6	5	28	9422	0	0	0
4.066	1	5	407	7	3	28	9422	0	0	0
4.067	1	3	407	8	4	28	9422	0	0	0
4.068	1	4	407	9	5	28	9422	0	0	0
4.069	1	5	407	10	3	28	9422	0	0	0
4.07	1	3	408	1	4	28	9422	0	0	0
4.071	1	4	408	2	5	28	9422	0	0	0
4.072	1	5	408	3	3	28	9422	0	0	0
4.073	1	3	408	4	4	28	9422	0	0	0
4.074	1	4	408	5	5	28	9422	0	0	0
4.075	1	5	408	6	3	28	9422	0	0	0
4.076	1	3	408	7	4	28	9422	0	0	0
4.077	1	4	408	8	5	28	9422	0	0	0
4.078	1	5	408	9	3	28	9422	0	0	0
4.079	1	3	408	10	4	28	9422	0	0	0
4.08	1	4	409	1	5	28	9422	0	0	0
4.081	1	5	409	2	3	28	9422	0	0	0
4.082	1	3	409	3	4	28	9422	0	0	0
4.083	1	4	409	4	5	28	9422	0	0	0
4.084	1	5	409	5	3	28	9422	0	0	0
4.085	1	3	409	6	4	28	9422	0	0	0
4.086	1	4	409	7	5	28	9422	0	0	0
4.087	1	5	409	8	3	28	9422	0	0	0
4.088	1	3	409	9	4	28	9422	0	0	0
4.089	1	4	409	10	5	28	9422	0	0	0
4.09	1	5	410	1	3	28	9422	0	0	0
4.091	1	3	410	2	4	28	9422	0	0	0
4.092	1	4	410	3	5	28	9422	0	0	0
4.093	1	5	410	4	3	28	9422	0	0	0
4.094	1	3	410	5	4	28	9422	0	0	0
4.095	1	4	410	6	5	28	9422	0	0	0
4.096	1	5	410	7	3	28	9422	0	0	0
4.097	1	3	410	8	4	28	9422	0	0	0
4.098	1	4	410	9	5	28	9422	0	0	0
4.099	1	5	410	10	3	28	9422	0	0	0
4.1	1	3	411	1	4	28	9422	0	0	0
4.101	1	4	411	2	5	28	9422	0	0	0
4.102	1	5	411	3	3	28	9422	0	0	0
4.103	1	3	411	4	4	28	9422	0	0	0
4.104	1	4	411	5	5	28	9422	0	0	0
4.105	1	5	411	6	3	28	9422	0	0	0
4.106	1	3	411	7	4	28	9422	0	0	0
4.107	1	4	411	8	5	28	9422	0	0	0
4.108	1	5	411	9	3	28	9422	0	0	0
4.109	1	3	411	10	4	28	9422	0	0	0
4.11	1	4	412	1	5	28	9422	0	0	0
4.111	1	5	412	2	3	28	9422	0	0	0
4.112	1	3	412	3	4	28	9422	0	0	0
4.113	1	4	412	4	5	28	9422	0	0	0
4.114	1	5	412	5	3	28	9422	0	0	0
4.115	1	3	412	6	4	28	9422	0	0	0
4.116	1	4	412	7	5	28	9422	0	0	0
4.117	1	5	412	8	3	28	9422	0	0	0
4.118	1	3	412	9	4	28	9422	0	0	0
4.119	1	4	412	10	5	28	9422	0	0	0
4.12	1	5	413	1	3	28	9422	0	0	0
4.121	1	3	413	2	4	28	9422	0	0	0
4.122	1	4	413	3	5	28	9422	0	0	0
4.123	1	5	413	4	3	28	9422	0	0	0
4.124	1	3	413	5	4	28	9422	0	0	0
4.125	1	4	413	6	5	28	9422	0	0	0
4.126	1	5	413	7	3	28	9422	0	0	0
4.127	1	3	413	8	4	28	9422	0	0	0
4.128	1	4	413	9	5	28	9422	0	0	0
4.129	1	5	413	10	3	28	9422	0	0	0
4.13	1	3	414	1	4	28	9422	0	0	0
4.131	1	4	414	2	5	28	9422	0	0	0
4.132	1	5	414	3	3	28	9422	0	0	0
4.133	1	3	414	4	4	28	9422	0	0	0
4.134	1	4	414	5	5	28	9422	0	0	0
4.135	1	5	414	6	3	28	9422	0	0	0
4.136	1	3	414	7	4	28	9422	0	0	0
4.137	1	4	414	8	5	28	9422	0	0	0
4.138	1	5	414	9	3	28	9422	0	0	0
4.139	1	3	414	10	4	28	9422	0	0	0
4.14	1	4	415	1	5	28	9422	0	0	0
4.141	1	5	415	2	3	28	9422	0	0	0
4.142	1	3	415	3	4	28	9422	0	0	0
4.143	1	4	415	4	5	28	9422	0	0	0
4.144	1	5	415	5	3	28	9422	0	0	0
4.145	1	3	415	6	4	28	9422	0	0	0
4.146	1	4	415	7	5	28	9422	0	0	0
4.147	1	5	415	8	3	28	9422	0	0	0
4.148	1	3	415	9	4	28	9422	0	0	0
4.149	1	4	415	10	5	28	9422	0	0	0
4.15	1	5	416	1	3	28	9422	0	0	0
4.151	1	3	416	2	4	28	9422	0	0	0
4.152	1	4	416	3	5	28	9422	0	0	0
4.153	1	5	416	4	3	28	9422	0	0	0
4.154	1	3	416	5	4	28	9422	0	0	0
4.155	1	4	416	6	5	28	9422	0	0	0
4.156	1	5	416	7	3	28	9422	0	0	0
4.157	1	3	416	8	4	28	9422	0	0	0
4.158	1	4	416	9	5	28	9422	0	0	0
4.159	1	5	416	10	3	28	9422	0	0	0
4.16	1	3	417	1	4	28	9422	0	0	0
4.161	1	4	417	2	5	28	9422	0	0	0
4.162	1	5	417	3	3	28	9422	0	0	0
4.163	1	3	417	4	4	28	9422	0	0	0
4.164	1	4	417	5	5	28	9422	0	0	0
4.165	1	5	417	6	3	28	9422	0	0	0
4.166	1	3	417	7	4	28	9422	0	0	0
4.167	1	4	417	8	5	28	9422	0	0	0
4.168	1	5	417	9	3	28	9422	0	0	0
4.169	1	3	417	10	4	28	9422	0	0	0
4.17	1	4	418	1	5	28	9422	0	0	0
4.171	1	5	418	2	3	28	9422	0	0	0
4.172	1	3	418	3	4	28	9422	0	0	0
4.173	1	4	418	4	5	28	9422	0	0	0
4.174	1	5	418	5	3	28	9422	0	0	0
4.175	1	3	418	6	4	28	9422	0	0	0
4.176	1	4	418	7	5	28	9422	0	0	0
4.177	1	5	418	8	3	28	9422	0	0	0
4.178	1	3	418	9	4	28	9422	0	0	0
4.179	1	4	418	10	5	28	9422	0	0	0
4.18	1	5	419	1	3	28	9422	0	0	0
4.181	1	3	419	2	4	28	9422	0	0	0
4.182	1	4	419	3	5	28	9422	0	0	0
4.183	1	5	419	4	3	28	9422	0	0	0
4.184	1	3	419	5	4	28	9422	0	0	0
4.185	1	4	419	6	5	28	9422	0	0	0
4.186	1	5	419	7	3	28	9422	0	0	0
4.187	1	3	419	8	4	28	9422	0	0	0
4.188	1	4	419	9	5	28	9422	0	0	0
4.189	1	5	419	10	3	28	9422	0	0	0
4.19	1	3	420	1	4	28	9422	0	0	0
4.191	1	4	420	2	5	28	9422	0	0	0
4.192	1	5	420	3	3	28	9422	0	0	0
4.193	1	3	420	4	4	28	9422	0	0	0
4.194	1	4	420	5	5	28	9422	0	0	0
4.195	1	5	420	6	3	28	9422	0	0	0
4.196	1	3	420	7	4	28	9422	0	0	0
4.197	1	4	420	8	5	28	9422	0	0	0
4.198	1	5	420	9	3	28	9422	0	0	0
4.199	1	3	420	10	4	28	9422	0	0	0
4.2	1	4	421	1	5	28	9422	0	0	0
4.201	1	5	421	2	3	28	9422	0	0	0
4.202	1	3	421	3	4	28	9422	0	0	0
4.203	1	4	421	4	5	28	9422	0	0	0
4.204	1	5	421	5	3	28	9422	0	0	0
4.205	1	3	421	6	4	28	9422	0	0	0
4.206	1	4	421	7	5	28	9422	0	0	0
4.207	1	5	421	8	3	28	9422	0	0	0
4.208	1	3	421	9	4	28	9422	0	0	0
4.209	1	4	421	10	5	28	9422	0	0	0
4.21	1	5	422	1	3	28	9422	0	0	0
4.211	1	3	422	2	4	28	9422	0	0	0
4.212	1	4	422	3	5	28	9422	0	0	0
4.213	1	5	422	4	3	28	9422	0	0	0
4.214	1	3	422	5	4	28	9422	0	0	0
4.215	1	4	422	6	5	28	9422	0	0	0
4.216	1	5	422	7	3	28	9422	0	0	0
4.217	1	3	422	8	4	28	9422	0	0	0
4.218	1	4	422	9	5	28	9422	0	0	0
4.219	1	5	422	10	3	28	9422	0	0	0
4.22	1	3	423	1	4	28	9422	0	0	0
4.221	1	4	423	2	5	28	9422	0	0	0
4.222	1	5	423	3	3	28	9422	0	0	0
4.223	1	3	423	4	4	28	9422	0	0	0
4.224	1	4	423	5	5	28	9422	0	0	0
4.225	1	5	423	6	3	28	9422	0	0	0
4.226	1	3	423	7	4	28	9422	0	0	0
4.227	1	4	423	8	5	28	9422	0	0	0
4.228	1	5	423	9	3	28	9422	0	0	0
4.229	1	3	423	10	4	28	9422	0	0	0
4.23	1	4	424	1	5	28	9422	0	0	0
4.231	1	5	424	2	3	28	9422	0	0	0
4.232	1	3	424	3	4	28	9422	0	0	0
4.233	1	4	424	4	5	28	9422	0	0	0
4.234	1	5	424	5	3	28	9422	0	0	0
4.235	1	3	424	6	4	28	9422	0	0	0
4.236	1	4	424	7	5	28	9422	0	0	0
4.237	1	5	424	8	3	28	9422	0	0	0
4.238	1	3	424	9	4	28	9422	0	0	0
4.239	1	4	424	10	5	28	9422	0	0	0
4.24	1	5	425	1	3	28	9422	0	0	0
4.241	1	3	425	2	4	28	9422	0	0	0
4.242	1	4	425	3	5	28	9422	0	0	0
4.243	1	5	425	4	3	28	9422	0	0	0
4.244	1	3	425	5	4	28	9422	0	0	0
4.245	1	4	425	6	5	28	9422	0	0	0
4.246	1	5	425	7	3	28	9422	0	0	0
4.247	1	3	425	8	4	28	9422	0	0	0
4.248	1	4	425	9	5	28	9422	0	0	0
4.249	1	5	425	10	3	28	9422	0	0	0
4.25	1	3	426	1	4	28	9422	0	0	0
4.251	1	4	426	2	5	28	9422	0	0	0
4.252	1	5	426	3	3	28	9422	0	0	0
4.253	1	3	426	4	4	28	9422	0	0	0
4.254	1	4	426	5	5	28	9422	0	0	0
4.255	1	5	426	6	3	28	9422	0	0	0
4.256	1	3	426	7	4	28	9422	0	0	0
4.257	1	4	426	8	5	28	9422	0	0	0
4.258	1	5	426	9	3	28	9422	0	0	0
4.259	1	3	426	10	4	28	9422	0	0	0
4.26	1	4	427	1	5	28	9422	0	0	0
4.261	1	5	427	2	3	28	9422	0	0	0
4.262	1	3	427	3	4	28	9422	0	0	0
4.263	1	4	427	4	5	28	9422	0	0	0
4.264	1	5	427	5	3	28	9422	0	0	0
4.265	1	3	427	6	4	28	9422	0	0	0
4.266	1	4	427	7	5	28	9422	0	0	0
4.267	1	5	427	8	3	28	9422	0	0	0
4.268	1	3	427	9	4	28	9422	0	0	0
4.269	1	4	427	10	5	28	9422	0	0	0
4.27	1	5	428	1	3	28	9422	0	0	0
4.271	1	3	428	2	4	28	9422	0	0	0
4.272	1	4	428	3	5	28	9422	0	0	0
4.273	1	5	428	4	3	28	9422	0	0	0
4.274	1	3	428	5	4	28	9422	0	0	0
4.275	1	4	428	6	5	28	9422	0	0	0
4.276	1	5	428	7	3	28	9422	0	0	0
4.277	1	3	428	8	4	28	9422	0	0	0
4.278	1	4	428	9	5	28	9422	0	0	0
4.279	1	5	428	10	3	28	9422	0	0	0
4.28	1	3	429	1	4	28	9422	0	0	0
4.281	1	4	429	2	5	28	9422	0	0	0
4.282	1	5	429	3	3	28	9422	0	0	0
4.283	1	3	429	4	4	28	9422	0	0	0
4.284	1	4	429	5	5	28	9422	0	0	0
4.285	1	5	429	6	3	28	9422	0	0	0
4.286	1	3	429	7	4	28	9422	0	0	0
4.287	1	4	429	8	5	28	9422	0	0	0
4.288	1	5	429	9	3	28	9422	0	0	0
4.289	1	3	429	10	4	28	9422	0	0	0
4.29	1	4	430	1	5	28	9422	0	0	0
4.291	1	5	430	2	3	28	9422	0	0	0
4.292	1	3	430	3	4	28	9422	0	0	0
4.293	1	4	430	4	5	28	9422	0	0	0
4.294	1	5	430	5	3	28	9422	0	0	0
4.295	1	3	430	6	4	28	9422	0	0	0
4.296	1	4	430	7	5	28	9422	0	0	0
4.297	1	5	430	8	3	28	9422	0	0	0
4.298	1	3	430	9	4	28	9422	0	0	0
4.299	1	4	430	10	5	28	9422	0	0	0
4.3	1	5	431	1	3	28	9422	0	0	0
4.301	1	3	431	2	4	28	9422	0	0	0
4.302	1	4	431	3	5	28	9422	0	0	0
4.303	1	5	431	4	3	28	9422	0	0	0
4.304	1	3	431	5	4	28	9422	0	0	0
4.305	1	4	431	6	5	28	9422	0	0	0
4.306	1	5	431	7	3	28	9422	0	0	0
4.307	1	3	431	8	4	28	9422	0	0	0
4.308	1	4	431	9	5	28	9422	0	0	0
4.309	1	5	431	10	3	28	9422	0	0	0
4.31	1	3	432	1	4	28	9422	0	0	0
4.311	1	4	432	2	5	28	9422	0	0	0
4.312	1	5	432	3	3	28	9422	0	0	0
4.313	1	3	432	4	4	28	9422	0	0	0
4.314	1	4	432	5	5	28	9422	0	0	0
4.315	1	5	432	6	3	28	9422	0	0	0
4.316	1	3	432	7	4	28	9422	0	0	0
4.317	1	4	432	8	5	28	9422	0	0	0
4.318	1	5	432	9	3	28	9422	0	0	0
4.319	1	3	432	10	4	28	9422	0	0	0
4.32	1	4	433	1	5	28	9422	0	0	0
4.321	1	5	433	2	3	28	9422	0	0	0
4.322	1	3	433	3	4	28	9422	0	0	0
4.323	1	4	433	4	5	28	9422	0	0	0
4.324	1	5	433	5	3	28	9422	0	0	0
4.325	1	3	433	6	4	28	9422	0	0	0
4.326	1	4	433	7	5	28	9422	0	0	0
4.327	1	5	433	8	3	28	9422	0	0	0
4.328	1	3	433	9	4	28	9422	0	0	0
4.329	1	4	433	10	5	28	9422	0	0	0
4.33	1	5	434	1	3	28	9422	0	0	0
4.331	1	3	434	2	4	28	9422	0	0	0
4.332	1	4	434	3	5	28	9422	0	0	0
4.333	1	5	434	4	3	28	9422	0	0	0
4.334	1	3	434	5	4	28	9422	0	0	0
4.335	1	4	434	6	5	28	9422	0	0	0
4.336	1	5	434	7	3	28	9422	0	0	0
4.337	1	3	434	8	4	28	9422	0	0	0
4.338	1	4	434	9	5	28	9422	0	0	0
4.339	1	5	434	10	3	28	9422	0	0	0
4.34	1	3	435	1	4	28	9422	0	0	0
4.341	1	4	435	2	5	28	9422	0	0	0
4.342	1	5	435	3	3	28	9422	0	0	0
4.343	1	3	435	4	4	28	9422	0	0	0
4.344	1	4	435	5	5	28	9422	0	0	0
4.345	1	5	435	6	3	28	9422	0	0	0
4.346	1	3	435	7	4	28	9422	0	0	0
4.347	1	4	435	8	5	28	9422	0	0	0
4.348	1	5	435	9	3	28	9422	0	0	0
4.349	1	3	435	10	4	28	9422	0	0	0
4.35	1	4	436	1	5	28	9422	0	0	0
4.351	1	5	436	2	3	28	9422	0	0	0
4.352	1	3	436	3	4	28	9422	0	0	0
4.353	1	4	436	4	5	28	9422	0	0	0
4.354	1	5	436	5	3	28	9422	0	0	0
4.355	1	3	436	6	4	28	9422	0	0	0
4.356	1	4	436	7	5	28	9422	0	0	0
4.357	1	5	436	8	3	28	9422	0	0	0
4.358	1	3	436	9	4	28	9422	0	0	0
4.359	1	4	436	10	5	28	9422	0	0	0
4.36	1	5	437	1	3	28	9422	0	0	0
4.361	1	3	437	2	4	28	9422	0	0	0
4.362	1	4	437	3	5	28	9422	0	0	0
4.363	1	5	437	4	3	28	9422	0	0	0
4.364	1	3	437	5	4	28	9422	0	0	0
4.365	1	4	437	6	5	28	9422	0	0	0
4.366	1	5	437	7	3	28	9422	0	0	0
4.367	1	3	437	8	4	28	9422	0	0	0
4.368	1	4	437	9	5	28	9422	0	0	0
4.369	1	5	437	10	3	28	9422	0	0	0
4.37	1	3	438	1	4	28	9422	0	0	0
4.371	1	4	438	2	5	28	9422	0	0	0
4.372	1	5	438	3	3	28	9422	0	0	0
4.373	1	3	438	4	4	28	9422	0	0	0
4.374	1	4	438	5	5	28	9422	0	0	0
4.375	1	5	438	6	3	28	9422	0	0	0
4.376	1	3	438	7	4	28	9422	0	0	0
4.377	1	4	438	8	5	28	9422	0	0	0
4.378	1	5	438	9	3	28	9422	0	0	0
4.379	1	3	438	10	4	28	9422	0	0	0
4.38	1	4	439	1	5	28	9422	0	0	0
4.381	1	5	439	2	3	28	9422	0	0	0
4.382	1	3	439	3	4	28	9422	0	0	0
4.383	1	4	439	4	5	28	9422	0	0	0
4.384	1	5	439	5	3	28	9422	0	0	0
4.385	1	3	439	6	4	28	9422	0	0	0
4.386	1	4	439	7	5	28	9422	0	0	0
4.387	1	5	439	8	3	28	9422	0	0	0
4.388	1	3	439	9	4	28	9422	0	0	0
4.389	1	4	439	10	5	28	9422	0	0	0
4.39	1	5	440	1	3	28	9422	0	0	0
4.391	1	3	440	2	4	28	9422	0	0	0
4.392	1	4	440	3	5	28	9422	0	0	0
4.393	1	5	440	4	3	28	9422	0	0	0
4.394	1	3	440	5	4	28	9422	0	0	0
4.395	1	4	440	6	5	28	9422	0	0	0
4.396	1	5	440	7	3	28	9422	0	0	0
4.397	1	3	440	8	4	28	9422	0	0	0
4.398	1	4	440	9	5	28	9422	0	0	0
4.399	1	5	440	10	3	28	9422	0	0	0
4.4	1	3	441	1	4	28	9422	0	0	0
4.401	1	4	441	2	5	28	9422	0	0	0
4.402	1	5	441	3	3	28	9422	0	0	0
4.403	1	3	441	4	4	28	9422	0	0	0
4.404	1	4	441	5	5	28	9422	0	0	0
4.405	1	5	441	6	3	28	9422	0	0	0
4.406	1	3	441	7	4	28	9422	0	0	0
4.407	1	4	441	8	5	28	9422	0	0	0
4.408	1	5	441	9	3	28	9422	0	0	0
4.409	1	3	441	10	4	28	9422	0	0	0
4.41	1	4	442	1	5	28	9422	0	0	0
4.411	1	5	442	2	3	28	9422	0	0	0
4.412	1	3	442	3	4	28	9422	0	0	0
4.413	1	4	442	4	5	28	9422	0	0	0
4.414	1	5	442	5	3	28	9422	0	0	0
4.415	1	3	442	6	4	28	9422	0	0	0
4.416	1	4	442	7	5	28	9422	0	0	0
4.417	1	5	442	8	3	28	9422	0	0	0
4.418	1	3	442	9	4	28	9422	0	0	0
4.419	1	4	442	10	5	28	9422	0	0	0
4.42	1	5	443	1	3	28	9422	0	0	0
4.421	1	3	443	2	4	28	9422	0	0	0
4.422	1	4	443	3	5	28	9422	0	0	0
4.423	1	5	443	4	3	28	9422	0	0	0
4.424	1	3	443	5	4	28	9422	0	0	0
4.425	1	4	443	6	5	28	9422	0	0	0
4.426	1	5	443	7	3	28	9422	0	0	0
4.427	1	3	443	8	4	28	9422	0	0	0
4.428	1	4	443	9	5	28	9422	0	0	0
4.429	1	5	443	10	3	28	9422	0	0	0
4.43	1	3	444	1	4	28	9422	0	0	0
4.431	1	4	444	2	5	28	9422	0	0	0
4.432	1	5	444	3	3	28	9422	0	0	0
4.433	1	3	444	4	4	28	9422	0	0	0
4.434	1	4	444	5	5	28	9422	0	0	0
4.435	1	5	444	6	3	28	9422	0	0	0
4.436	1	3	444	7	4	28	9422	0	0	0
4.437	1	4	444	8	5	28	9422	0	0	0
4.438	1	5	444	9	3	28	9422	0	0	0
4.439	1	3	444	10	4	28	9422	0	0	0
4.44	1	4	445	1	5	28	9422	0	0	0
4.441	1	5	445	2	3	28	9422	0	0	0
4.442	1	3	445	3	4	28	9422	0	0	0
4.443	1	4	445	4	5	28	9422	0	0	0
4.444	1	5	445	5	3	28	9422	0	0	0
4.445	1	3	445	6	4	28	9422	0	0	0
4.446	1	4	445	7	5	28	9422	0	0	0
4.447	1	5	445	8	3	28	9422	0	0	0
4.448	1	3	445	9	4	28	9422	0	0	0
4.449	1	4	445	10	5	28	9422	0	0	0
4.45	1	5	446	1	3	28	9422	0	0	0
4.451	1	3	446	2	4	28	9422	0	0	0
4.452	1	4	446	3	5	28	9422	0	0	0
4.453	1	5	446	4	3	28	9422	0	0	0
4.454	1	3	446	5	4	28	9422	0	0	0
4.455	1	4	446	6	5	28	9422	0	0	0
4.456	1	5	446	7	3	28	9422	0	0	0
4.457	1	3	446	8	4	28	9422	0	0	0
4.458	1	4	446	9	5	28	9422	0	0	0
4.459	1	5	446	10	3	28	9422	0	0	0
4.46	1	3	447	1	4	28	9422	0	0	0
4.461	1	4	447	2	5	28	9422	0	0	0
4.462	1	5	447	3	3	28	9422	0	0	0
4.463	1	3	447	4	4	28	9422	0	0	0
4.464	1	4	447	5	5	28	9422	0	0	0
4.465	1	5	447	6	3	28	9422	0	0	0
4.466	1	3	447	7	4	28	9422	0	0	0
4.467	1	4	447	8	5	28	9422	0	0	0
4.468	1	5	447	9	3	28	9422	0	0	0
4.469	1	3	447	10	4	28	9422	0	0	0
4.47	1	4	448	1	5	28	9422	0	0	0
4.471	1	5	448	2	3	28	9422	0	0	0
4.472	1	3	448	3	4	28	9422	0	0	0
4.473	1	4	448	4	5	28	9422	0	0	0
4.474	1	5	448	5	3	28	9422	0	0	0
4.475	1	3	448	6	4	28	9422	0	0	0
4.476	1	4	448	7	5	28	9422	0	0	0
4.477	1	5	448	8	3	28	9422	0	0	0
4.478	1	3	448	9	4	28	9422	0	0	0
4.479	1	4	448	10	5	28	9422	0	0	0
4.48	1	5	449	1	3	28	9422	0	0	0
4.481	1	3	449	2	4	28	9422	0	0	0
4.482	1	4	449	3	5	28	9422	0	0	0
4.483	1	5	449	4	3	28	9422	0	0	0
4.484	1	3	449	5	4	28	9422	0	0	0
4.485	1	4	449	6	5	28	9422	0	0	0
4.486	1	5	449	7	3	28	9422	0	0	0
4.487	1	3	449	8	4	28	9422	0	0	0
4.488	1	4	449	9	5	28	9422	0	0	0
4.489	1	5	449	10	3	28	9422	0	0	0
4.49	1	3	450	1	4	28	9422	0	0	0
4.491	1	4	450	2	5	28	9422	0	0	0
4.492	1	5	450	3	3	28	9422	0	0	0
4.493	1	3	450	4	4	28	9422	0	0	0
4.494	1	4	450	5	5	28	9422	0	0	0
4.495	1	5	450	6	3	28	9422	0	0	0
4.496	1	3	450	7	4	28	9422	0	0	0
4.497	1	4	450	8	5	28	9422	0	0	0
4.498	1	5	450	9	3	28	9422	0	0	0
4.499	1	3	450	10	4	28	9422	0	0	0
4.5	1	4	451	1	5	28	9422	0	0	0
4.501	1	5	451	2	3	28	9422	0	0	0
4.502	1	3	451	3	4	28	9422	0	0	0
4.503	1	4	451	4	5	28	9422	0	0	0
4.504	1	5	451	5	3	28	9422	0	0	0
4.505	1	3	451	6	4	28	9422	0	0	0
4.506	1	4	451	7	5	28	9422	0	0	0
4.507	1	5	451	8	3	28	9422	0	0	0
4.508	1	3	451	9	4	28	9422	0	0	0
4.509	1	4	451	10	5	28	9422	0	0	0
4.51	1	5	452	1	3	28	9422	0	0	0
4.511	1	3	452	2	4	28	9422	0	0	0
4.512	1	4	452	3	5	28	9422	0	0	0
4.513	1	5	452	4	3	28	9422	0	0	0
4.514	1	3	452	5	4	28	9422	0	0	0
4.515	1	4	452	6	5	28	9422	0	0	0
4.516	1	5	452	7	3	28	9422	0	0	0
4.517	1	3	452	8	4	28	9422	0	0	0
4.518	1	4	452	9	5	28	9422	0	0	0
4.519	1	5	452	10	3	28	9422	0	0	0
4.52	1	3	453	1	4	28	9422	0	0	0
4.521	1	4	453	2	5	28	9422	0	0	0
4.522	1	5	453	3	3	28	9422	0	0	0
4.523	1	3	453	4	4	28	9422	0	0	0
4.524	1	4	453	5	5	28	9422	0	0	0
4.525	1	5	453	6	3	28	9422	0	0	0
4.526	1	3	453	7	4	28	9422	0	0	0
4.527	1	4	453	8	5	28	9422	0	0	0
4.528	1	5	453	9	3	28	9422	0	0	0
4.529	1	3	453	10	4	28	9422	0	0	0
4.53	1	4	454	1	5	28	9422	0	0	0
4.531	1	5	454	2	3	28	9422	0	0	0
4.532	1	3	454	3	4	28	9422	0	0	0
4.533	1	4	454	4	5	28	9422	0	0	0
4.534	1	5	454	5	3	28	9422	0	0	0
4.535	1	3	454	6	4	28	9422	0	0	0
4.536	1	4	454	7	5	28	9422	0	0	0
4.537	1	5	454	8	3	28	9422	0	0	0
4.538	1	3	454	9	4	28	9422	0	0	0
4.539	1	4	454	10	5	28	9422	0	0	0
4.54	1	5	455	1	3	28	9422	0	0	0
4.541	1	3	455	2	4	28	9422	0	0	0
4.542	1	4	455	3	5	28	9422	0	0	0
4.543	1	5	455	4	3	28	9422	0	0	0
4.544	1	3	455	5	4	28	9422	0	0	0
4.545	1	4	455	6	5	28	9422	0	0	0
4.546	1	5	455	7	3	28	9422	0	0	0
4.547	1	3	455	8	4	28	9422	0	0	0
4.548	1	4	455	9	5	28	9422	0	0	0
4.549	1	5	455	10	3	28	9422	0	0	0
4.55	1	3	456	1	4	28	9422	0	0	0
4.551	1	4	456	2	5	28	9422	0	0	0
4.552	1	5	456	3	3	28	9422	0	0	0
4.553	1	3	456	4	4	28	9422	0	0	0
4.554	1	4	456	5	5	28	9422	0	0	0
4.555	1	5	456	6	3	28	9422	0	0	0
4.556	1	3	456	7	4	28	9422	0	0	0
4.557	1	4	456	8	5	28	9422	0	0	0
4.558	1	5	456	9	3	28	9422	0	0	0
4.559	1	3	456	10	4	28	9422	0	0	0
4.56	1	4	457	1	5	28	9422	0	0	0
4.561	1	5	457	2	3	28	9422	0	0	0
4.562	1	3	457	3	4	28	9422	0	0	0
4.563	1	4	457	4	5	28	9422	0	0	0
4.564	1	5	457	5	3	28	9422	0	0	0
4.565	1	3	457	6	4	28	9422	0	0	0
4.566	1	4	457	7	5	28	9422	0	0	0
4.567	1	5	457	8	3	28	9422	0	0	0
4.568	1	3	457	9	4	28	9422	0	0	0
4.569	1	4	457	10	5	28	9422	0	0	0
4.57	1	5	458	1	3	28	9422	0	0	0
4.571	1	3	458	2	4	28	9422	0	0	0
4.572	1	4	458	3	5	28	9422	0	0	0
4.573	1	5	458	4	3	28	9422	0	0	0
4.574	1	3	458	5	4	28	9422	0	0	0
4.575	1	4	458	6	5	28	9422	0	0	0
4.576	1	5	458	7	3	28	9422	0	0	0
4.577	1	3	458	8	4	28	9422	0	0	0
4.578	1	4	458	9	5	28	9422	0	0	0
4.579	1	5	458	10	3	28	9422	0	0	0
4.58	1	3	459	1	4	28	9422	0	0	0
4.581	1	4	459	2	5	28	9422	0	0	0
4.582	1	5	459	3	3	28	9422	0	0	0
4.583	1	3	459	4	4	28	9422	0	0	0
4.584	1	4	459	5	5	28	9422	0	0	0
4.585	1	5	459	6	3	28	9422	0	0	0
4.586	1	3	459	7	4	28	9422	0	0	0
4.587	1	4	459	8	5	28	9422	0	0	0
4.588	1	5	459	9	3	28	9422	0	0	0
4.589	1	3	459	10	4	28	9422	0	0	0
4.59	1	4	460	1	5	28	9422	0	0	0
4.591	1	5	460	2	3	28	9422	0	0	0
4.592	1	3	460	3	4	28	9422	0	0	0
4.593	1	4	460	4	5	28	9422	0	0	0
4.594	1	5	460	5	3	28	9422	0	0	0
4.595	1	3	460	6	4	28	9422	0	0	0
4.596	1	4	460	7	5	28	9422	0	0	0
4.597	1	5	460	8	3	28	9422	0	0	0
4.598	1	3	460	9	4	28	9422	0	0	0
4.599	1	4	460	10	5	28	9422	0	0	0
4.6	1	5	461	1	3	28	9422	0	0	0
4.601	1	3	461	2	4	28	9422	0	0	0
4.602	1	4	461	3	5	28	9422	0	0	0
4.603	1	5	461	4	3	28	9422	0	0	0
4.604	1	3	461	5	4	28	9422	0	0	0
4.605	1	4	461	6	5	28	9422	0	0	0
4.606	1	5	461	7	3	28	9422	0	0	0
4.607	1	3	461	8	4	28	9422	0	0	0
4.608	1	4	461	9	5	28	9422	0	0	0
4.609	1	5	461	10	3	28	9422	0	0	0
4.61	1	3	462	1	4	28	9422	0	0	0
4.611	1	4	462	2	5	28	9422	0	0	0
4.612	1	5	462	3	3	28	9422	0	0	0
4.613	1	3	462	4	4	28	9422	0	0	0
4.614	1	4	462	5	5	28	9422	0	0	0
4.615	1	5	462	6	3	28	9422	0	0	0
4.616	1	3	462	7	4	28	9422	0	0	0
4.617	1	4	462	8	5	28	9422	0	0	0
4.618	1	5	462	9	3	28	9422	0	0	0
4.619	1	3	462	10	4	28	9422	0	0	0
4.62	1	4	463	1	5	28	9422	0	0	0
4.621	1	5	463	2	3	28	9422	0	0	0
4.622	1	3	463	3	4	28	9422	0	0	0
4.623	1	4	463	4	5	28	9422	0	0	0
4.624	1	5	463	5	3	28	9422	0	0	0
4.625	1	3	463	6	4	28	9422	0	0	0
4.626	1	4	463	7	5	28	9422	0	0	0
4.627	1	5	463	8	3	28	9422	0	0	0
4.628	1	3	463	9	4	28	9422	0	0	0
4.629	1	4	463	10	5	28	9422	0	0	0
4.63	1	5	464	1	3	28	9422	0	0	0
4.631	1	3	464	2	4	28	9422	0	0	0
4.632	1	4	464	3	5	28	9422	0	0	0
4.633	1	5	464	4	3	28	9422	0	0	0
4.634	1	3	464	5	4	28	9422	0	0	0
4.635	1	4	464	6	5	28	9422	0	0	0
4.636	1	5	464	7	3	28	9422	0	0	0
4.637	1	3	464	8	4	28	9422	0	0	0
4.638	1	4	464	9	5	28	9422	0	0	0
4.639	1	5	464	10	3	28	9422	0	0	0
4.64	1	3	465	1	4	28	9422	0	0	0
4.641	1	4	465	2	5	28	9422	0	0	0
4.642	1	5	465	3	3	28	9422	0	0	0
4.643	1	3	465	4	4	28	9422	0	0	0
4.644	1	4	465	5	5	28	9422	0	0	0
4.645	1	5	465	6	3	28	9422	0	0	0
4.646	1	3	465	7	4	28	9422	0	0	0
4.647	1	4	465	8	5	28	9422	0	0	0
4.648	1	5	465	9	3	28	9422	0	0	0
4.649	1	3	465	10	4	28	9422	0	0	0
4.65	1	4	466	1	5	28	9422	0	0	0
4.651	1	5	466	2	3	28	9422	0	0	0
4.652	1	3	466	3	4	28	9422	0	0	0
4.653	1	4	466	4	5	28	9422	0	0	0
4.654	1	5	466	5	3	28	9422	0	0	0
4.655	1	3	466	6	4	28	9422	0	0	0
4.656	1	4	466	7	5	28	9422	0	0	0
4.657	1	5	466	8	3	28	9422	0	0	0
4.658	1	3	466	9	4	28	9422	0	0	0
4.659	1	4	466	10	5	28	9422	0	0	0
4.66	1	5	467	1	3	28	9422	0	0	0
4.661	1	3	467	2	4	28	9422	0	0	0
4.662	1	4	467	3	5	28	9422	0	0	0
4.663	1	5	467	4	3	28	9422	0	0	0
4.664	1	3	467	5	4	28	9422	0	0	0
4.665	1	4	467	6	5	28	9422	0	0	0
4.666	1	5	467	7	3	28	9422	0	0	0
4.667	1	3	467	8	4	28	9422	0	0	0
4.668	1	4	467	9	5	28	9422	0	0	0
4.669	1	5	467	10	3	28	9422	0	0	0
4.67	1	3	468	1	4	28	9422	0	0	0
4.671	1	4	468	2	5	28	9422	0	0	0
4.672	1	5	468	3	3	28	9422	0	0	0
4.673	1	3	468	4	4	28	9422	0	0	0
4.674	1	4	468	5	5	28	9422	0	0	0
4.675	1	5	468	6	3	28	9422	0	0	0
4.676	1	3	468	7	4	28	9422	0	0	0
4.677	1	4	468	8	5	28	9422	0	0	0
4.678	1	5	468	9	3	28	9422	0	0	0
4.679	1	3	468	10	4	28	9422	0	0	0
4.68	1	4	469	1	5	28	9422	0	0	0
4.681	1	5	469	2	3	28	9422	0	0	0
4.682	1	3	469	3	4	28	9422	0	0	0
4.683	1	4	469	4	5	28	9422	0	0	0
4.684	1	5	469	5	3	28	9422	0	0	0
4.685	1	3	469	6	4	28	9422	0	0	0
4.686	1	4	469	7	5	28	9422	0	0	0
4.687	1	5	469	8	3	28	9422	0	0	0
4.688	1	3	469	9	4	28	9422	0	0	0
4.689	1	4	469	10	5	28	9422	0	0	0
4.69	1	5	470	1	3	28	9422	0	0	0
4.691	1	3	470	2	4	28	9422	0	0	0
4.692	1	4	470	3	5	28	9422	0	0	0
4.693	1	5	470	4	3	28	9422	0	0	0
4.694	1	3	470	5	4	28	9422	0	0	0
4.695	1	4	470	6	5	28	9422	0	0	0
4.696	1	5	470	7	3	28	9422	0	0	0
4.697	1	3	470	8	4	28	9422	0	0	0
4.698	1	4	470	9	5	28	9422	0	0	0
4.699	1	5	470	10	3	28	9422	0	0	0
4.7	1	3	471	1	4	28	9422	0	0	0
4.701	1	4	471	2	5	28	9422	0	0	0
4.702	1	5	471	3	3	28	9422	0	0	0
4.703	1	3	471	4	4	28	9422	0	0	0
4.704	1	4	471	5	5	28	9422	0	0	0
4.705	1	5	471	6	3	28	9422	0	0	0
4.706	1	3	471	7	4	28	9422	0	0	0
4.707	1	4	471	8	5	28	9422	0	0	0
4.708	1	5	471	9	3	28	9422	0	0	0
4.709	1	3	471	10	4	28	9422	0	0	0
4.71	1	4	472	1	5	28	9422	0	0	0
4.711	1	5	472	2	3	28	9422	0	0	0
4.712	1	3	472	3	4	28	9422	0	0	0
4.713	1	4	472	4	5	28	9422	0	0	0
4.714	1	5	472	5	3	28	9422	0	0	0
4.715	1	3	472	6	4	28	9422	0	0	0
4.716	1	4	472	7	5	28	9422	0	0	0
4.717	1	5	472	8	3	28	9422	0	0	0
4.718	1	3	472	9	4	28	9422	0	0	0
4.719	1	4	472	10	5	28	9422	0	0	0
4.72	1	5	473	1	3	28	9422	0	0	0
4.721	1	3	473	2	4	28	9422	0	0	0
4.722	1	4	473	3	5	28	9422	0	0	0
4.723	1	5	473	4	3	28	9422	0	0	0
4.724	1	3	473	5	4	28	9422	0	0	0
4.725	1	4	473	6	5	28	9422	0	0	0
4.726	1	5	473	7	3	28	9422	0	0	0
4.727	1	3	473	8	4	28	9422	0	0	0
4.728	1	4	473	9	5	28	9422	0	0	0
4.729	1	5	473	10	3	28	9422	0	0	0
4.73	1	3	474	1	4	28	9422	0	0	0
4.731	1	4	474	2	5	28	9422	0	0	0
4.732	1	5	474	3	3	28	9422	0	0	0
4.733	1	3	474	4	4	28	9422	0	0	0
4.734	1	4	474	5	5	28	9422	0	0	0
4.735	1	5	474	6	3	28	9422	0	0	0
4.736	1	3	474	7	4	28	9422	0	0	0
4.737	1	4	474	8	5	28	9422	0	0	0
4.738	1	5	474	9	3	28	9422	0	0	0
4.739	1	3	474	10	4	28	9422	0	0	0
4.74	1	4	475	1	5	28	9422	0	0	0
4.741	1	5	475	2	3	28	9422	0	0	0
4.742	1	3	475	3	4	28	9422	0	0	0
4.743	1	4	475	4	5	28	9422	0	0	0
4.744	1	5	475	5	3	28	9422	0	0	0
4.745	1	3	475	6	4	28	9422	0	0	0
4.746	1	4	475	7	5	28	9422	0	0	0
4.747	1	5	475	8	3	28	9422	0	0	0
4.748	1	3	475	9	4	28	9422	0	0	0
4.749	1	4	475	10	5	28	9422	0	0	0
4.75	1	5	476	1	3	28	9422	0	0	0
4.751	1	3	476	2	4	28	9422	0	0	0
4.752	1	4	476	3	5	28	9422	0	0	0
4.753	1	5	476	4	3	28	9422	0	0	0
4.754	1	3	476	5	4	28	9422	0	0	0
4.755	1	4	476	6	5	28	9422	0	0	0
4.756	1	5	476	7	3	28	9422	0	0	0
4.757	1	3	476	8	4	28	9422	0	0	0
4.758	1	4	476	9	5	28	9422	0	0	0
4.759	1	5	476	10	3	28	9422	0	0	0
4.76	1	3	477	1	4	28	9422	0	0	0
4.761	1	4	477	2	5	28	9422	0	0	0
4.762	1	5	477	3	3	28	9422	0	0	0
4.763	1	3	477	4	4	28	9422	0	0	0
4.764	1	4	477	5	5	28	9422	0	0	0
4.765	1	5	477	6	3	28	9422	0	0	0
4.766	1	3	477	7	4	28	9422	0	0	0
4.767	1	4	477	8	5	28	9422	0	0	0
4.768	1	5	477	9	3	28	9422	0	0	0
4.769	1	3	477	10	4	28	9422	0	0	0
4.77	1	4	478	1	5	28	9422	0	0	0
4.771	1	5	478	2	3	28	9422	0	0	0
4.772	1	3	478	3	4	28	9422	0	0	0
4.773	1	4	478	4	5	28	9422	0	0	0
4.774	1	5	478	5	3	28	9422	0	0	0
4.775	1	3	478	6	4	28	9422	0	0	0
4.776	1	4	478	7	5	28	9422	0	0	0
4.777	1	5	478	8	3	28	9422	0	0	0
4.778	1	3	478	9	4	28	9422	0	0	0
4.779	1	4	478	10	5	28	9422	0	0	0
4.78	1	5	479	1	3	28	9422	0	0	0
4.781	1	3	479	2	4	28	9422	0	0	0
4.782	1	4	479	3	5	28	9422	0	0	0
4.783	1	5	479	4	3	28	9422	0	0	0
4.784	1	3	479	5	4	28	9422	0	0	0
4.785	1	4	479	6	5	28	9422	0	0	0
4.786	1	5	479	7	3	28	9422	0	0	0
4.787	1	3	479	8	4	28	9422	0	0	0
4.788	1	4	479	9	5	28	9422	0	0	0
4.789	1	5	479	10	3	28	9422	0	0	0
4.79	1	3	480	1	4	28	9422	0	0	0
4.791	1	4	480	2	5	28	9422	0	0	0
4.792	1	5	480	3	3	28	9422	0	0	0
4.793	1	3	480	4	4	28	9422	0	0	0
4.794	1	4	480	5	5	28	9422	0	0	0
4.795	1	5	480	6	3	28	9422	0	0	0
4.796	1	3	480	7	4	28	9422	0	0	0
4.797	1	4	480	8	5	28	9422	0	0	0
4.798	1	5	480	9	3	28	9422	0	0	0
4.799	1	3	480	10	4	28	9422	0	0	0
4.8	1	4	481	1	5	28	9422	0	0	0
4.801	1	5	481	2	3	28	9422	0	0	0
4.802	1	3	481	3	4	28	9422	0	0	0
4.803	1	4	481	4	5	28	9422	0	0	0
4.804	1	5	481	5	3	28	9422	0	0	0
4.805	1	3	481	6	4	28	9422	0	0	0
4.806	1	4	481	7	5	28	9422	0	0	0
4.807	1	5	481	8	3	28	9422	0	0	0
4.808	1	3	481	9	4	28	9422	0	0	0
4.809	1	4	481	10	5	28	9422	0	0	0
4.81	1	5	482	1	3	28	9422	0	0	0
4.811	1	3	482	2	4	28	9422	0	0	0
4.812	1	4	482	3	5	28	9422	0	0	0
4.813	1	5	482	4	3	28	9422	0	0	0
4.814	1	3	482	5	4	28	9422	0	0	0
4.815	1	4	482	6	5	28	9422	0	0	0
4.816	1	5	482	7	3	28	9422	0	0	0
4.817	1	3	482	8	4	28	9422	0	0	0
4.818	1	4	482	9	5	28	9422	0	0	0
4.819	1	5	482	10	3	28	9422	0	0	0
4.82	1	3	483	1	4	28	9422	0	0	0
4.821	1	4	483	2	5	28	9422	0	0	0
4.822	1	5	483	3	3	28	9422	0	0	0
4.823	1	3	483	4	4	28	9422	0	0	0
4.824	1	4	483	5	5	28	9422	0	0	0
4.825	1	5	483	6	3	28	9422	0	0	0
4.826	1	3	483	7	4	28	9422	0	0	0
4.827	1	4	483	8	5	28	9422	0	0	0
4.828	1	5	483	9	3	28	9422	0	0	0
4.829	1	3	483	10	4	28	9422	0	0	0
4.83	1	4	484	1	5	28	9422	0	0	0
4.831	1	5	484	2	3	28	9422	0	0	0
4.832	1	3	484	3	4	28	9422	0	0	0
4.833	1	4	484	4	5	28	9422	0	0	0
4.834	1	5	484	5	3	28	9422	0	0	0
4.835	1	3	484	6	4	28	9422	0	0	0
4.836	1	4	484	7	5	28	9422	0	0	0
4.837	1	5	484	8	3	28	9422	0	0	0
4.838	1	3	484	9	4	28	9422	0	0	0
4.839	1	4	484	10	5	28	9422	0	0	0
4.84	1	5	485	1	3	28	9422	0	0	0
4.841	1	3	485	2	4	28	9422	0	0	0
4.842	1	4	485	3	5	28	9422	0	0	0
4.843	1	5	485	4	3	28	9422	0	0	0
4.844	1	3	485	5	4	28	9422	0	0	0
4.845	1	4	485	6	5	28	9422	0	0	0
4.846	1	5	485	7	3	28	9422	0	0	0
4.847	1	3	485	8	4	28	9422	0	0	0
4.848	1	4	485	9	5	28	9422	0	0	0
4.849	1	5	485	10	3	28	9422	0	0	0
4.85	1	3	486	1	4	28	9422	0	0	0
4.851	1	4	486	2	5	28	9422	0	0	0
4.852	1	5	486	3	3	28	9422	0	0	0
4.853	1	3	486	4	4	28	9422	0	0	0
4.854	1	4	486	5	5	28	9422	0	0	0
4.855	1	5	486	6	3	28	9422	0	0	0
4.856	1	3	486	7	4	28	9422	0	0	0
4.857	1	4	486	8	5	28	9422	0	0	0
4.858	1	5	486	9	3	28	9422	0	0	0
4.859	1	3	486	10	4	28	9422	0	0	0
4.86	1	4	487	1	5	28	9422	0	0	0
4.861	1	5	487	2	3	28	9422	0	0	0
4.862	1	3	487	3	4	28	9422	0	0	0
4.863	1	4	487	4	5	28	9422	0	0	0
4.864	1	5	487	5	3	28	9422	0	0	0
4.865	1	3	487	6	4	28	9422	0	0	0
4.866	1	4	487	7	5	28	9422	0	0	0
4.867	1	5	487	8	3	28	9422	0	0	0
4.868	1	3	487	9	4	28	9422	0	0	0
4.869	1	4	487	10	5	28	9422	0	0	0
4.87	1	5	488	1	3	28	9422	0	0	0
4.871	1	3	488	2	4	28	9422	0	0	0
4.872	1	4	488	3	5	28	9422	0	0	0
4.873	1	5	488	4	3	28	9422	0	0	0
4.874	1	3	488	5	4	28	9422	0	0	0
4.875	1	4	488	6	5	28	9422	0	0	0
4.876	1	5	488	7	3	28	9422	0	0	0
4.877	1	3	488	8	4	28	9422	0	0	0
4.878	1	4	488	9	5	28	9422	0	0	0
4.879	1	5	488	10	3	28	9422	0	0	0
4.88	1	3	489	1	4	28	9422	0	0	0
4.881	1	4	489	2	5	28	9422	0	0	0
4.882	1	5	489	3	3	28	9422	0	0	0
4.883	1	3	489	4	4	28	9422	0	0	0
4.884	1	4	489	5	5	28	9422	0	0	0
4.885	1	5	489	6	3	28	9422	0	0	0
4.886	1	3	489	7	4	28	9422	0	0	0
4.887	1	4	489	8	5	28	9422	0	0	0
4.888	1	5	489	9	3	28	9422	0	0	0
4.889	1	3	489	10	4	28	9422	0	0	0
4.89	1	4	490	1	5	28	9422	0	0	0
4.891	1	5	490	2	3	28	9422	0	0	0
4.892	1	3	490	3	4	28	9422	0	0	0
4.893	1	4	490	4	5	28	9422	0	0	0
4.894	1	5	490	5	3	28	9422	0	0	0
4.895	1	3	490	6	4	28	9422	0	0	0
4.896	1	4	490	7	5	28	9422	0	0	0
4.897	1	5	490	8	3	28	9422	0	0	0
4.898	1	3	490	9	4	28	9422	0	0	0
4.899	1	4	490	10	5	28	9422	0	0	0
4.9	1	5	491	1	3	28	9422	0	0	0
4.901	1	3	491	2	4	28	9422	0	0	0
4.902	1	4	491	3	5	28	9422	0	0	0
4.903	1	5	491	4	3	28	9422	0	0	0
4.904	1	3	491	5	4	28	9422	0	0	0
4.905	1	4	491	6	5	28	9422	0	0	0
4.906	1	5	491	7	3	28	9422	0	0	0
4.907	1	3	491	8	4	28	9422	0	0	0
4.908	1	4	491	9	5	28	9422	0	0	0
4.909	1	5	491	10	3	28	9422	0	0	0
4.91	1	3	492	1	4	28	9422	0	0	0
4.911	1	4	492	2	5	28	9422	0	0	0
4.912	1	5	492	3	3	28	9422	0	0	0
4.913	1	3	492	4	4	28	9422	0	0	0
4.914	1	4	492	5	5	28	9422	0	0	0
4.915	1	5	492	6	3	28	9422	0	0	0
4.916	1	3	492	7	4	28	9422	0	0	0
4.917	1	4	492	8	5	28	9422	0	0	0
4.918	1	5	492	9	3	28	9422	0	0	0
4.919	1	3	492	10	4	28	9422	0	0	0
4.92	1	4	493	1	5	28	9422	0	0	0
4.921	1	5	493	2	3	28	9422	0	0	0
4.922	1	3	493	3	4	28	9422	0	0	0
4.923	1	4	493	4	5	28	9422	0	0	0
4.924	1	5	493	5	3	28	9422	0	0	0
4.925	1	3	493	6	4	28	9422	0	0	0
4.926	1	4	493	7	5	28	9422	0	0	0
4.927	1	5	493	8	3	28	9422	0	0	0
4.928	1	3	493	9	4	28	9422	0	0	0
4.929	1	4	493	10	5	28	9422	0	0	0
4.93	1	5	494	1	3	28	9422	0	0	0
4.931	1	3	494	2	4	28	9422	0	0	0
4.932	1	4	494	3	5	28	9422	0	0	0
4.933	1	5	494	4	3	28	9422	0	0	0
4.934	1	3	494	5	4	28	9422	0	0	0
4.935	1	4	494	6	5	28	9422	0	0	0
4.936	1	5	494	7	3	28	9422	0	0	0
4.937	1	3	494	8	4	28	9422	0	0	0
4.938	1	4	494	9	5	28	9422	0	0	0
4.939	1	5	494	10	3	28	9422	0	0	0
4.94	1	3	495	1	4	28	9422	0	0	0
4.941	1	4	495	2	5	28	9422	0	0	0
4.942	1	5	495	3	3	28	9422	0	0	0
4.943	1	3	495	4	4	28	9422	0	0	0
4.944	1	4	495	5	5	28	9422	0	0	0
4.945	1	5	495	6	3	28	9422	0	0	0
4.946	1	3	495	7	4	28	9422	0	0	0
4.947	1	4	495	8	5	28	9422	0	0	0
4.948	1	5	495	9	3	28	9422	0	0	0
4.949	1	3	495	10	4	28	9422	0	0	0
4.95	1	4	496	1	5	28	9422	0	0	0
4.951	1	5	496	2	3	28	9422	0	0	0
4.952	1	3	496	3	4	28	9422	0	0	0
4.953	1	4	496	4	5	28	9422	0	0	0
4.954	1	5	496	5	3	28	9422	0	0	0
4.955	1	3	496	6	4	28	9422	0	0	0
4.956	1	4	496	7	5	28	9422	0	0	0
4.957	1	5	496	8	3	28	9422	0	0	0
4.958	1	3	496	9	4	28	9422	0	0	0
4.959	1	4	496	10	5	28	9422	0	0	0
4.96	1	5	497	1	3	28	9422	0	0	0
4.961	1	3	497	2	4	28	9422	0	0	0
4.962	1	4	497	3	5	28	9422	0	0	0
4.963	1	5	497	4	3	28	9422	0	0	0
4.964	1	3	497	5	4	28	9422	0	0	0
4.965	1	4	497	6	5	28	9422	0	0	0
4.966	1	5	497	7	3	28	9422	0	0	0
4.967	1	3	497	8	4	28	9422	0	0	0
4.968	1	4	497	9	5	28	9422	0	0	0
4.969	1	5	497	10	3	28	9422	0	0	0
4.97	1	3	498	1	4	28	9422	0	0	0
4.971	1	4	498	2	5	28	9422	0	0	0
4.972	1	5	498	3	3	28	9422	0	0	0
4.973	1	3	498	4	4	28	9422	0	0	0
4.974	1	4	498	5	5	28	9422	0	0	0
4.975	1	5	498	6	3	28	9422	0	0	0
4.976	1	3	498	7	4	28	9422	0	0	0
4.977	1	4	498	8	5	28	9422	0	0	0
4.978	1	5	498	9	3	28	9422	0	0	0
4.979	1	3	498	10	4	28	9422	0	0	0
4.98	1	4	499	1	5	28	9422	0	0	0
4.981	1	5	499	2	3	28	9422	0	0	0
4.982	1	3	499	3	4	28	9422	0	0	0
4.983	1	4	499	4	5	28	9422	0	0	0
4.984	1	5	499	5	3	28	9422	0	0	0
4.985	1	3	499	6	4	28	9422	0	0	0
4.986	1	4	499	7	5	28	9422	0	0	0
4.987	1	5	499	8	3	28	9422	0	0	0
4.988	1	3	499	9	4	28	9422	0	0	0
4.989	1	4	499	10	5	28	9422	0	0	0
4.99	1	5	500	1	3	28	9422	0	0	0
4.991	1	3	500	2	4	28	9422	0	0	0
4.992	1	4	500	3	5	28	9422	0	0	0
4.993	1	5	500	4	3	28	9422	0	0	0
4.994	1	3	500	5	4	28	9422	0	0	0
4.995	1	4	500	6	5	28	9422	0	0	0
4.996	1	5	500	7	3	28	9422	0	0	0
4.997	1	3	500	8	4	28	9422	0	0	0
4.998	1	4	500	9	5	28	9422	0	0	0
4.999	1	5	500	10	3	28	9422	0	0	0
5	1	3	501	1	4	28	9422	0	0	0
5.001	1	4	501	2	5	28	9422	0	0	0
5.002	1	5	501	3	3	28	9422	0	0	0
5.003	1	3	501	4	4	28	9422	0	0	0
5.004	1	4	501	5	5	28	9422	0	0	0
5.005	1	5	501	6	3	28	9422	0	0	0
5.006	1	3	501	7	4	28	9422	0	0	0
5.007	1	4	501	8	5	28	9422	0	0	0
5.008	1	5	501	9	3	28	9422	0	0	0
5.009	1	3	501	10	4	28	9422	0	0	0
5.01	1	4	502	1	5	28	9422	0	0	0
5.011	1	5	502	2	3	28	9422	0	0	0
5.012	1	3	502	3	4	28	9422	0	0	0
5.013	1	4	502	4	5	28	9422	0	0	0
5.014	1	5	502	5	3	28	9422	0	0	0
5.015	1	3	502	6	4	28	9422	0	0	0
5.016	1	4	502	7	5	28	9422	0	0	0
5.017	1	5	502	8	3	28	9422	0	0	0
5.018	1	3	502	9	4	28	9422	0	0	0
5.019	1	4	502	10	5	28	9422	0	0	0
5.02	1	5	503	1	3	28	9422	0	0	0
5.021	1	3	503	2	4	28	9422	0	0	0
5.022	1	4	503	3	5	28	9422	0	0	0
5.023	1	5	503	4	3	28	9422	0	0	0
5.024	1	3	503	5	4	28	9422	0	0	0
5.025	1	4	503	6	5	28	9422	0	0	0
5.026	1	5	503	7	3	28	9422	0	0	0
5.027	1	3	503	8	4	28	9422	0	0	0
5.028	1	4	503	9	5	28	9422	0	0	0
5.029	1	5	503	10	3	28	9422	0	0	0
5.03	1	3	504	1	4	28	9422	0	0	0
5.031	1	4	504	2	5	28	9422	0	0	0
5.032	1	5	504	3	3	28	9422	0	0	0
5.033	1	3	504	4	4	28	9422	0	0	0
5.034	1	4	504	5	5	28	9422	0	0	0
5.035	1	5	504	6	3	28	9422	0	0	0
5.036	1	3	504	7	4	28	9422	0	0	0
5.037	1	4	504	8	5	28	9422	0	0	0
5.038	1	5	504	9	3	28	9422	0	0	0
5.039	1	3	504	10	4	28	9422	0	0	0
5.04	1	4	505	1	5	28	9422	0	0	0
5.041	1	5	505	2	3	28	9422	0	0	0
5.042	1	3	505	3	4	28	9422	0	0	0
5.043	1	4	505	4	5	28	9422	0	0	0
5.044	1	5	505	5	3	28	9422	0	0	0
5.045	1	3	505	6	4	28	9422	0	0	0
5.046	1	4	505	7	5	28	9422	0	0	0
5.047	1	5	505	8	3	28	9422	0	0	0
5.048	1	3	505	9	4	28	9422	0	0	0
5.049	1	4	505	10	5	28	9422	0	0	0
5.05	1	5	506	1	3	28	9422	0	0	0
5.051	1	3	506	2	4	28	9422	0	0	0
5.052	1	4	506	3	5	28	9422	0	0	0
5.053	1	5	506	4	3	28	9422	0	0	0
5.054	1	3	506	5	4	28	9422	0	0	0
5.055	1	4	506	6	5	28	9422	0	0	0
5.056	1	5	506	7	3	28	9422	0	0	0
5.057	1	3	506	8	4	28	9422	0	0	0
5.058	1	4	506	9	5	28	9422	0	0	0
5.059	1	5	506	10	3	28	9422	0	0	0
5.06	1	3	507	1	4	28	9422	0	0	0
5.061	1	4	507	2	5	28	9422	0	0	0
5.062	1	5	507	3	3	28	9422	0	0	0
5.063	1	3	507	4	4	28	9422	0	0	0
5.064	1	4	507	5	5	28	9422	0	0	0
5.065	1	5	507	6	3	28	9422	0	0	0
5.066	1	3	507	7	4	28	9422	0	0	0
5.067	1	4	507	8	5	28	9422	0	0	0
5.068	1	5	507	9	3	28	9422	0	0	0
5.069	1	3	507	10	4	28	9422	0	0	0
5.07	1	4	508	1	5	28	9422	0	0	0
5.071	1	5	508	2	3	28	9422	0	0	0
5.072	1	3	508	3	4	28	9422	0	0	0
5.073	1	4	508	4	5	28	9422	0	0	0
5.074	1	5	508	5	3	28	9422	0	0	0
5.075	1	3	508	6	4	28	9422	0	0	0
5.076	1	4	508	7	5	28	9422	0	0	0
5.077	1	5	508	8	3	28	9422	0	0	0
5.078	1	3	508	9	4	28	9422	0	0	0
5.079	1	4	508	10	5	28	9422	0	0	0
5.08	1	5	509	1	3	28	9422	0	0	0
5.081	1	3	509	2	4	28	9422	0	0	0
5.082	1	4	509	3	5	28	9422	0	0	0
5.083	1	5	509	4	3	28	9422	0	0	0
5.084	1	3	509	5	4	28	9422	0	0	0
5.085	1	4	509	6	5	28	9422	0	0	0
5.086	1	5	509	7	3	28	9422	0	0	0
5.087	1	3	509	8	4	28	9422	0	0	0
5.088	1	4	509	9	5	28	9422	0	0	0
5.089	1	5	509	10	3	28	9422	0	0	0
5.09	1	3	510	1	4	28	9422	0	0	0
5.091	1	4	510	2	5	28	9422	0	0	0
5.092	1	5	510	3	3	28	9422	0	0	0
5.093	1	3	510	4	4	28	9422	0	0	0
5.094	1	4	510	5	5	28	9422	0	0	0
5.095	1	5	510	6	3	28	9422	0	0	0
5.096	1	3	510	7	4	28	9422	0	0	0
5.097	1	4	510	8	5	28	9422	0	0	0
5.098	1	5	510	9	3	28	9422	0	0	0
5.099	1	3	510	10	4	28	9422	0	0	0
5.1	1	4	511	1	5	28	9422	0	0	0
5.101	1	5	511	2	3	28	9422	0	0	0
5.102	1	3	511	3	4	28	9422	0	0	0
5.103	1	4	511	4	5	28	9422	0	0	0
5.104	1	5	511	5	3	28	9422	0	0	0
5.105	1	3	511	6	4	28	9422	0	0	0
5.106	1	4	511	7	5	28	9422	0	0	0
5.107	1	5	511	8	3	28	9422	0	0	0
5.108	1	3	511	9	4	28	9422	0	0	0
5.109	1	4	511	10	5	28	9422	0	0	0
5.11	1	5	512	1	3	28	9422	0	0	0
5.111	1	3	512	2	4	28	9422	0	0	0
5.112	1	4	512	3	5	28	9422	0	0	0
5.113	1	5	512	4	3	28	9422	0	0	0
5.114	1	3	512	5	4	28	9422	0	0	0
5.115	1	4	512	6	5	28	9422	0	0	0
5.116	1	5	512	7	3	28	9422	0	0	0
5.117	1	3	512	8	4	28	9422	0	0	0
5.118	1	4	512	9	5	28	9422	0	0	0
5.119	1	5	512	10	3	28	9422	0	0	0
5.12	1	3	513	1	4	28	9422	0	0	0
5.121	1	4	513	2	5	28	9422	0	0	0
5.122	1	5	513	3	3	28	9422	0	0	0
5.123	1	3	513	4	4	28	9422	0	0	0
5.124	1	4	513	5	5	28	9422	0	0	0
5.125	1	5	513	6	3	28	9422	0	0	0
5.126	1	3	513	7	4	28	9422	0	0	0
5.127	1	4	513	8	5	28	9422	0	0	0
5.128	1	5	513	9	3	28	9422	0	0	0
5.129	1	3	513	10	4	28	9422	0	0	0
5.13	1	4	514	1	5	28	9422	0	0	0
5.131	1	5	514	2	3	28	9422	0	0	0
5.132	1	3	514	3	4	28	9422	0	0	0
5.133	1	4	514	4	5	28	9422	0	0	0
5.134	1	5	514	5	3	28	9422	0	0	0
5.135	1	3	514	6	4	28	9422	0	0	0
5.136	1	4	514	7	5	28	9422	0	0	0
5.137	1	5	514	8	3	28	9422	0	0	0
5.138	1	3	514	9	4	28	9422	0	0	0
5.139	1	4	514	10	5	28	9422	0	0	0
5.14	1	5	515	1	3	28	9422	0	0	0
5.141	1	3	515	2	4	28	9422	0	0	0
5.142	1	4	515	3	5	28	9422	0	0	0
5.143	1	5	515	4	3	28	9422	0	0	0
5.144	1	3	515	5	4	28	9422	0	0	0
5.145	1	4	515	6	5	28	9422	0	0	0
5.146	1	5	515	7	3	28	9422	0	0	0
5.147	1	3	515	8	4	28	9422	0	0	0
5.148	1	4	515	9	5	28	9422	0	0	0
5.149	1	5	515	10	3	28	9422	0	0	0
5.15	1	3	516	1	4	28	9422	0	0	0
5.151	1	4	516	2	5	28	9422	0	0	0
5.152	1	5	516	3	3	28	9422	0	0	0
5.153	1	3	516	4	4	28	9422	0	0	0
5.154	1	4	516	5	5	28	9422	0	0	0
5.155	1	5	516	6	3	28	9422	0	0	0
5.156	1	3	516	7	4	28	9422	0	0	0
5.157	1	4	516	8	5	28	9422	0	0	0
5.158	1	5	516	9	3	28	9422	0	0	0
5.159	1	3	516	10	4	28	9422	0	0	0
5.16	1	4	517	1	5	28	9422	0	0	0
5.161	1	5	517	2	3	28	9422	0	0	0
5.162	1	3	517	3	4	28	9422	0	0	0
5.163	1	4	517	4	5	28	9422	0	0	0
5.164	1	5	517	5	3	28	9422	0	0	0
5.165	1	3	517	6	4	28	9422	0	0	0
5.166	1	4	517	7	5	28	9422	0	0	0
5.167	1	5	517	8	3	28	9422	0	0	0
5.168	1	3	517	9	4	28	9422	0	0	0
5.169	1	4	517	10	5	28	9422	0	0	0
5.17	1	5	518	1	3	28	9422	0	0	0
5.171	1	3	518	2	4	28	9422	0	0	0
5.172	1	4	518	3	5	28	9422	0	0	0
5.173	1	5	518	4	3	28	9422	0	0	0
5.174	1	3	518	5	4	28	9422	0	0	0
5.175	1	4	518	6	5	28	9422	0	0	0
5.176	1	5	518	7	3	28	9422	0	0	0
5.177	1	3	518	8	4	28	9422	0	0	0
5.178	1	4	518	9	5	28	9422	0	0	0
5.179	1	5	518	10	3	28	9422	0	0	0
5.18	1	3	519	1	4	28	9422	0	0	0
5.181	1	4	519	2	5	28	9422	0	0	0
5.182	1	5	519	3	3	28	9422	0	0	0
5.183	1	3	519	4	4	28	9422	0	0	0
5.184	1	4	519	5	5	28	9422	0	0	0
5.185	1	5	519	6	3	28	9422	0	0	0
5.186	1	3	519	7	4	28	9422	0	0	0
5.187	1	4	519	8	5	28	9422	0	0	0
5.188	1	5	519	9	3	28	9422	0	0	0
5.189	1	3	519	10	4	28	9422	0	0	0
5.19	1	4	520	1	5	28	9422	0	0	0
5.191	1	5	520	2	3	28	9422	0	0	0
5.192	1	3	520	3	4	28	9422	0	0	0
5.193	1	4	520	4	5	28	9422	0	0	0
5.194	1	5	520	5	3	28	9422	0	0	0
5.195	1	3	520	6	4	28	9422	0	0	0
5.196	1	4	520	7	5	28	9422	0	0	0
5.197	1	5	520	8	3	28	9422	0	0	0
5.198	1	3	520	9	4	28	9422	0	0	0
5.199	1	4	520	10	5	28	9422	0	0	0
5.2	1	5	521	1	3	28	9422	0	0	0
5.201	1	3	521	2	4	28	9422	0	0	0
5.202	1	4	521	3	5	28	9422	0	0	0
5.203	1	5	521	4	3	28	9422	0	0	0
5.204	1	3	521	5	4	28	9422	0	0	0
5.205	1	4	521	6	5	28	9422	0	0	0
5.206	1	5	521	7	3	28	9422	0	0	0
5.207	1	3	521	8	4	28	9422	0	0	0
5.208	1	4	521	9	5	28	9422	0	0	0
5.209	1	5	521	10	3	28	9422	0	0	0
5.21	1	3	522	1	4	28	9422	0	0	0
5.211	1	4	522	2	5	28	9422	0	0	0
5.212	1	5	522	3	3	28	9422	0	0	0
5.213	1	3	522	4	4	28	9422	0	0	0
5.214	1	4	522	5	5	28	9422	0	0	0
5.215	1	5	522	6	3	28	9422	0	0	0
5.216	1	3	522	7	4	28	9422	0	0	0
5.217	1	4	522	8	5	28	9422	0	0	0
5.218	1	5	522	9	3	28	9422	0	0	0
5.219	1	3	522	10	4	28	9422	0	0	0
5.22	1	4	523	1	5	28	9422	0	0	0
5.221	1	5	523	2	3	28	9422	0	0	0
5.222	1	3	523	3	4	28	9422	0	0	0
5.223	1	4	523	4	5	28	9422	0	0	0
5.224	1	5	523	5	3	28	9422	0	0	0
5.225	1	3	523	6	4	28	9422	0	0	0
5.226	1	4	523	7	5	28	9422	0	0	0
5.227	1	5	523	8	3	28	9422	0	0	0
5.228	1	3	523	9	4	28	9422	0	0	0
5.229	1	4	523	10	5	28	9422	0	0	0
5.23	1	5	524	1	3	28	9422	0	0	0
5.231	1	3	524	2	4	28	9422	0	0	0
5.232	1	4	524	3	5	28	9422	0	0	0
5.233	1	5	524	4	3	28	9422	0	0	0
5.234	1	3	524	5	4	28	9422	0	0	0
5.235	1	4	524	6	5	28	9422	0	0	0
5.236	1	5	524	7	3	28	9422	0	0	0
5.237	1	3	524	8	4	28	9422	0	0	0
5.238	1	4	524	9	5	28	9422	0	0	0
5.239	1	5	524	10	3	28	9422	0	0	0
5.24	1	3	525	1	4	28	9422	0	0	0
5.241	1	4	525	2	5	28	9422	0	0	0
5.242	1	5	525	3	3	28	9422	0	0	0
5.243	1	3	525	4	4	28	9422	0	0	0
5.244	1	4	525	5	5	28	9422	0	0	0
5.245	1	5	525	6	3	28	9422	0	0	0
5.246	1	3	525	7	4	28	9422	0	0	0
5.247	1	4	525	8	5	28	9422	0	0	0
5.248	1	5	525	9	3	28	9422	0	0	0
5.249	1	3	525	10	4	28	9422	0	0	0
5.25	1	4	526	1	5	28	9422	0	0	0
5.251	1	5	526	2	3	28	9422	0	0	0
5.252	1	3	526	3	4	28	9422	0	0	0
5.253	1	4	526	4	5	28	9422	0	0	0
5.254	1	5	526	5	3	28	9422	0	0	0
5.255	1	3	526	6	4	28	9422	0	0	0
5.256	1	4	526	7	5	28	9422	0	0	0
5.257	1	5	526	8	3	28	9422	0	0	0
5.258	1	3	526	9	4	28	9422	0	0	0
5.259	1	4	526	10	5	28	9422	0	0	0
5.26	1	5	527	1	3	28	9422	0	0	0
5.261	1	3	527	2	4	28	9422	0	0	0
5.262	1	4	527	3	5	28	9422	0	0	0
5.263	1	5	527	4	3	28	9422	0	0	0
5.264	1	3	527	5	4	28	9422	0	0	0
5.265	1	4	527	6	5	28	9422	0	0	0
5.266	1	5	527	7	3	28	9422	0	0	0
5.267	1	3	527	8	4	28	9422	0	0	0
5.268	1	4	527	9	5	28	9422	0	0	0
5.269	1	5	527	10	3	28	9422	0	0	0
5.27	1	3	528	1	4	28	9422	0	0	0
5.271	1	4	528	2	5	28	9422	0	0	0
5.272	1	5	528	3	3	28	9422	0	0	0
5.273	1	3	528	4	4	28	9422	0	0	0
5.274	1	4	528	5	5	28	9422	0	0	0
5.275	1	5	528	6	3	28	9422	0	0	0
5.276	1	3	528	7	4	28	9422	0	0	0
5.277	1	4	528	8	5	28	9422	0	0	0
5.278	1	5	528	9	3	28	9422	0	0	0
5.279	1	3	528	10	4	28	9422	0	0	0
5.28	1	4	529	1	5	28	9422	0	0	0
5.281	1	5	529	2	3	28	9422	0	0	0
5.282	1	3	529	3	4	28	9422	0	0	0
5.283	1	4	529	4	5	28	9422	0	0	0
5.284	1	5	529	5	3	28	9422	0	0	0
5.285	1	3	529	6	4	28	9422	0	0	0
5.286	1	4	529	7	5	28	9422	0	0	0
5.287	1	5	529	8	3	28	9422	0	0	0
5.288	1	3	529	9	4	28	9422	0	0	0
5.289	1	4	529	10	5	28	9422	0	0	0
5.29	1	5	530	1	3	28	9422	0	0	0
5.291	1	3	530	2	4	28	9422	0	0	0
5.292	1	4	530	3	5	28	9422	0	0	0
5.293	1	5	530	4	3	28	9422	0	0	0
5.294	1	3	530	5	4	28	9422	0	0	0
5.295	1	4	530	6	5	28	9422	0	0	0
5.296	1	5	530	7	3	28	9422	0	0	0
5.297	1	3	530	8	4	28	9422	0	0	0
5.298	1	4	530	9	5	28	9422	0	0	0
5.299	1	5	530	10	3	28	9422	0	0	0
5.3	1	3	531	1	4	28	9422	0	0	0
5.301	1	4	531	2	5	28	9422	0	0	0
5.302	1	5	531	3	3	28	9422	0	0	0
5.303	1	3	531	4	4	28	9422	0	0	0
5.304	1	4	531	5	5	28	9422	0	0	0
5.305	1	5	531	6	3	28	9422	0	0	0
5.306	1	3	531	7	4	28	9422	0	0	0
5.307	1	4	531	8	5	28	9422	0	0	0
5.308	1	5	531	9	3	28	9422	0	0	0
5.309	1	3	531	10	4	28	9422	0	0	0
5.31	1	4	532	1	5	28	9422	0	0	0
5.311	1	5	532	2	3	28	9422	0	0	0
5.312	1	3	532	3	4	28	9422	0	0	0
5.313	1	4	532	4	5	28	9422	0	0	0
5.314	1	5	532	5	3	28	9422	0	0	0
5.315	1	3	532	6	4	28	9422	0	0	0
5.316	1	4	532	7	5	28	9422	0	0	0
5.317	1	5	532	8	3	28	9422	0	0	0
5.318	1	3	532	9	4	28	9422	0	0	0
5.319	1	4	532	10	5	28	9422	0	0	0
5.32	1	5	533	1	3	28	9422	0	0	0
5.321	1	3	533	2	4	28	9422	0	0	0
5.322	1	4	533	3	5	28	9422	0	0	0
5.323	1	5	533	4	3	28	9422	0	0	0
5.324	1	3	533	5	4	28	9422	0	0	0
5.325	1	4	533	6	5	28	9422	0	0	0
5.326	1	5	533	7	3	28	9422	0	0	0
5.327	1	3	533	8	4	28	9422	0	0	0
5.328	1	4	533	9	5	28	9422	0	0	0
5.329	1	5	533	10	3	28	9422	0	0	0
5.33	1	3	534	1	4	28	9422	0	0	0
5.331	1	4	534	2	5	28	9422	0	0	0
5.332	1	5	534	3	3	28	9422	0	0	0
5.333	1	3	534	4	4	28	9422	0	0	0
5.334	1	4	534	5	5	28	9422	0	0	0
5.335	1	5	534	6	3	28	9422	0	0	0
5.336	1	3	534	7	4	28	9422	0	0	0
5.337	1	4	534	8	5	28	9422	0	0	0
5.338	1	5	534	9	3	28	9422	0	0	0
5.339	1	3	534	10	4	28	9422	0	0	0
5.34	1	4	535	1	5	28	9422	0	0	0
5.341	1	5	535	2	3	28	9422	0	0	0
5.342	1	3	535	3	4	28	9422	0	0	0
5.343	1	4	535	4	5	28	9422	0	0	0
5.344	1	5	535	5	3	28	9422	0	0	0
5.345	1	3	535	6	4	28	9422	0	0	0
5.346	1	4	535	7	5	28	9422	0	0	0
5.347	1	5	535	8	3	28	9422	0	0	0
5.348	1	3	535	9	4	28	9422	0	0	0
5.349	1	4	535	10	5	28	9422	0	0	0
5.35	1	5	536	1	3	28	9422	0	0	0
5.351	1	3	536	2	4	28	9422	0	0	0
5.352	1	4	536	3	5	28	9422	0	0	0
5.353	1	5	536	4	3	28	9422	0	0	0
5.354	1	3	536	5	4	28	9422	0	0	0
5.355	1	4	536	6	5	28	9422	0	0	0
5.356	1	5	536	7	3	28	9422	0	0	0
5.357	1	3	536	8	4	28	9422	0	0	0
5.358	1	4	536	9	5	28	9422	0	0	0
5.359	1	5	536	10	3	28	9422	0	0	0
5.36	1	3	537	1	4	28	9422	0	0	0
5.361	1	4	537	2	5	28	9422	0	0	0
5.362	1	5	537	3	3	28	9422	0	0	0
5.363	1	3	537	4	4	28	9422	0	0	0
5.364	1	4	537	5	5	28	9422	0	0	0
5.365	1	5	537	6	3	28	9422	0	0	0
5.366	1	3	537	7	4	28	9422	0	0	0
5.367	1	4	537	8	5	28	9422	0	0	0
5.368	1	5	537	9	3	28	9422	0	0	0
5.369	1	3	537	10	4	28	9422	0	0	0
5.37	1	4	538	1	5	28	9422	0	0	0
5.371	1	5	538	2	3	28	9422	0	0	0
5.372	1	3	538	3	4	28	9422	0	0	0
5.373	1	4	538	4	5	28	9422	0	0	0
5.374	1	5	538	5	3	28	9422	0	0	0
5.375	1	3	538	6	4	28	9422	0	0	0
5.376	1	4	538	7	5	28	9422	0	0	0
5.377	1	5	538	8	3	28	9422	0	0	0
5.378	1	3	538	9	4	28	9422	0	0	0
5.379	1	4	538	10	5	28	9422	0	0	0
5.38	1	5	539	1	3	28	9422	0	0	0
5.381	1	3	539	2	4	28	9422	0	0	0
5.382	1	4	539	3	5	28	9422	0	0	0
5.383	1	5	539	4	3	28	9422	0	0	0
5.384	1	3	539	5	4	28	9422	0	0	0
5.385	1	4	539	6	5	28	9422	0	0	0
5.386	1	5	539	7	3	28	9422	0	0	0
5.387	1	3	539	8	4	28	9422	0	0	0
5.388	1	4	539	9	5	28	9422	0	0	0
5.389	1	5	539	10	3	28	9422	0	0	0
5.39	1	3	540	1	4	28	9422	0	0	0
5.391	1	4	540	2	5	28	9422	0	0	0
5.392	1	5	540	3	3	28	9422	0	0	0
5.393	1	3	540	4	4	28	9422	0	0	0
5.394	1	4	540	5	5	28	9422	0	0	0
5.395	1	5	540	6	3	28	9422	0	0	0
5.396	1	3	540	7	4	28	9422	0	0	0
5.397	1	4	540	8	5	28	9422	0	0	0
5.398	1	5	540	9	3	28	9422	0	0	0
5.399	1	3	540	10	4	28	9422	0	0	0
5.4	1	4	541	1	5	28	9422	0	0	0
5.401	1	5	541	2	3	28	9422	0	0	0
5.402	1	3	541	3	4	28	9422	0	0	0
5.403	1	4	541	4	5	28	9422	0	0	0
5.404	1	5	541	5	3	28	9422	0	0	0
5.405	1	3	541	6	4	28	9422	0	0	0
5.406	1	4	541	7	5	28	9422	0	0	0
5.407	1	5	541	8	3	28	9422	0	0	0
5.408	1	3	541	9	4	28	9422	0	0	0
5.409	1	4	541	10	5	28	9422	0	0	0
5.41	1	5	542	1	3	28	9422	0	0	0
5.411	1	3	542	2	4	28	9422	0	0	0
5.412	1	4	542	3	5	28	9422	0	0	0
5.413	1	5	542	4	3	28	9422	0	0	0
5.414	1	3	542	5	4	28	9422	0	0	0
5.415	1	4	542	6	5	28	9422	0	0	0
5.416	1	5	542	7	3	28	9422	0	0	0
5.417	1	3	542	8	4	28	9422	0	0	0
5.418	1	4	542	9	5	28	9422	0	0	0
5.419	1	5	542	10	3	28	9422	0	0	0
5.42	1	3	543	1	4	28	9422	0	0	0
5.421	1	4	543	2	5	28	9422	0	0	0
5.422	1	5	543	3	3	28	9422	0	0	0
5.423	1	3	543	4	4	28	9422	0	0	0
5.424	1	4	543	5	5	28	9422	0	0	0
5.425	1	5	543	6	3	28	9422	0	0	0
5.426	1	3	543	7	4	28	9422	0	0	0
5.427	1	4	543	8	5	28	9422	0	0	0
5.428	1	5	543	9	3	28	9422	0	0	0
5.429	1	3	543	10	4	28	9422	0	0	0
5.43	1	4	544	1	5	28	9422	0	0	0
5.431	1	5	544	2	3	28	9422	0	0	0
5.432	1	3	544	3	4	28	9422	0	0	0
5.433	1	4	544	4	5	28	9422	0	0	0
5.434	1	5	544	5	3	28	9422	0	0	0
5.435	1	3	544	6	4	28	9422	0	0	0
5.436	1	4	544	7	5	28	9422	0	0	0
5.437	1	5	544	8	3	28	9422	0	0	0
5.438	1	3	544	9	4	28	9422	0	0	0
5.439	1	4	544	10	5	28	9422	0	0	0
5.44	1	5	545	1	3	28	9422	0	0	0
5.441	1	3	545	2	4	28	9422	0	0	0
5.442	1	4	545	3	5	28	9422	0	0	0
5.443	1	5	545	4	3	28	9422	0	0	0
5.444	1	3	545	5	4	28	9422	0	0	0
5.445	1	4	545	6	5	28	9422	0	0	0
5.446	1	5	545	7	3	28	9422	0	0	0
5.447	1	3	545	8	4	28	9422	0	0	0
5.448	1	4	545	9	5	28	9422	0	0	0
5.449	1	5	545	10	3	28	9422	0	0	0
5.45	1	3	546	1	4	28	9422	0	0	0
5.451	1	4	546	2	5	28	9422	0	0	0
5.452	1	5	546	3	3	28	9422	0	0	0
5.453	1	3	546	4	4	28	9422	0	0	0
5.454	1	4	546	5	5	28	9422	0	0	0
5.455	1	5	546	6	3	28	9422	0	0	0
5.456	1	3	546	7	4	28	9422	0	0	0
5.457	1	4	546	8	5	28	9422	0	0	0
5.458	1	5	546	9	3	28	9422	0	0	0
5.459	1	3	546	10	4	28	9422	0	0	0
5.46	1	4	547	1	5	28	9422	0	0	0
5.461	1	5	547	2	3	28	9422	0	0	0
5.462	1	3	547	3	4	28	9422	0	0	0
5.463	1	4	547	4	5	28	9422	0	0	0
5.464	1	5	547	5	3	28	9422	0	0	0
5.465	1	3	547	6	4	28	9422	0	0	0
5.466	1	4	547	7	5	28	9422	0	0	0
5.467	1	5	547	8	3	28	9422	0	0	0
5.468	1	3	547	9	4	28	9422	0	0	0
5.469	1	4	547	10	5	28	9422	0	0	0
5.47	1	5	548	1	3	28	9422	0	0	0
5.471	1	3	548	2	4	28	9422	0	0	0
5.472	1	4	548	3	5	28	9422	0	0	0
5.473	1	5	548	4	3	28	9422	0	0	0
5.474	1	3	548	5	4	28	9422	0	0	0
5.475	1	4	548	6	5	28	9422	0	0	0
5.476	1	5	548	7	3	28	9422	0	0	0
5.477	1	3	548	8	4	28	9422	0	0	0
5.478	1	4	548	9	5	28	9422	0	0	0
5.479	1	5	548	10	3	28	9422	0	0	0
5.48	1	3	549	1	4	28	9422	0	0	0
5.481	1	4	549	2	5	28	9422	0	0	0
5.482	1	5	549	3	3	28	9422	0	0	0
5.483	1	3	549	4	4	28	9422	0	0	0
5.484	1	4	549	5	5	28	9422	0	0	0
5.485	1	5	549	6	3	28	9422	0	0	0
5.486	1	3	549	7	4	28	9422	0	0	0
5.487	1	4	549	8	5	28	9422	0	0	0
5.488	1	5	549	9	3	28	9422	0	0	0
5.489	1	3	549	10	4	28	9422	0	0	0
5.49	1	4	550	1	5	28	9422	0	0	0
5.491	1	5	550	2	3	28	9422	0	0	0
5.492	1	3	550	3	4	28	9422	0	0	0
5.493	1	4	550	4	5	28	9422	0	0	0
5.494	1	5	550	5	3	28	9422	0	0	0
5.495	1	3	550	6	4	28	9422	0	0	0
5.496	1	4	550	7	5	28	9422	0	0	0
5.497	1	5	550	8	3	28	9422	0	0	0
5.498	1	3	550	9	4	28	9422	0	0	0
5.499	1	4	550	10	5	28	9422	0	0	0
5.5	1	5	551	1	3	28	9422	0	0	0
5.501	1	3	551	2	4	28	9422	0	0	0
5.502	1	4	551	3	5	28	9422	0	0	0
5.503	1	5	551	4	3	28	9422	0	0	0
5.504	1	3	551	5	4	28	9422	0	0	0
5.505	1	4	551	6	5	28	9422	0	0	0
5.506	1	5	551	7	3	28	9422	0	0	0
5.507	1	3	551	8	4	28	9422	0	0	0
5.508	1	4	551	9	5	28	9422	0	0	0
5.509	1	5	551	10	3	28	9422	0	0	0
5.51	1	3	552	1	4	28	9422	0	0	0
5.511	1	4	552	2	5	28	9422	0	0	0
5.512	1	5	552	3	3	28	9422	0	0	0
5.513	1	3	552	4	4	28	9422	0	0	0
5.514	1	4	552	5	5	28	9422	0	0	0
5.515	1	5	552	6	3	28	9422	0	0	0
5.516	1	3	552	7	4	28	9422	0	0	0
5.517	1	4	552	8	5	28	9422	0	0	0
5.518	1	5	552	9	3	28	9422	0	0	0
5.519	1	3	552	10	4	28	9422	0	0	0
5.52	1	4	553	1	5	28	9422	0	0	0
5.521	1	5	553	2	3	28	9422	0	0	0
5.522	1	3	553	3	4	28	9422	0	0	0
5.523	1	4	553	4	5	28	9422	0	0	0
5.524	1	5	553	5	3	28	9422	0	0	0
5.525	1	3	553	6	4	28	9422	0	0	0
5.526	1	4	553	7	5	28	9422	0	0	0
5.527	1	5	553	8	3	28	9422	0	0	0
5.528	1	3	553	9	4	28	9422	0	0	0
5.529	1	4	553	10	5	28	9422	0	0	0
5.53	1	5	554	1	3	28	9422	0	0	0
5.531	1	3	554	2	4	28	9422	0	0	0
5.532	1	4	554	3	5	28	9422	0	0	0
5.533	1	5	554	4	3	28	9422	0	0	0
5.534	1	3	554	5	4	28	9422	0	0	0
5.535	1	4	554	6	5	28	9422	0	0	0
5.536	1	5	554	7	3	28	9422	0	0	0
5.537	1	3	554	8	4	28	9422	0	0	0
5.538	1	4	554	9	5	28	9422	0	0	0
5.539	1	5	554	10	3	28	9422	0	0	0
5.54	1	3	555	1	4	28	9422	0	0	0
5.541	1	4	555	2	5	28	9422	0	0	0
5.542	1	5	555	3	3	28	9422	0	0	0
5.543	1	3	555	4	4	28	9422	0	0	0
5.544	1	4	555	5	5	28	9422	0	0	0
5.545	1	5	555	6	3	28	9422	0	0	0
5.546	1	3	555	7	4	28	9422	0	0	0
5.547	1	4	555	8	5	28	9422	0	0	0
5.548	1	5	555	9	3	28	9422	0	0	0
5.549	1	3	555	10	4	28	9422	0	0	0
5.55	1	4	556	1	5	28	9422	0	0	0
5.551	1	5	556	2	3	28	9422	0	0	0
5.552	1	3	556	3	4	28	9422	0	0	0
5.553	1	4	556	4	5	28	9422	0	0	0
5.554	1	5	556	5	3	28	9422	0	0	0
5.555	1	3	556	6	4	28	9422	0	0	0
5.556	1	4	556	7	5	28	9422	0	0	0
5.557	1	5	556	8	3	28	9422	0	0	0
5.558	1	3	556	9	4	28	9422	0	0	0
5.559	1	4	556	10	5	28	9422	0	0	0
5.56	1	5	557	1	3	28	9422	0	0	0
5.561	1	3	557	2	4	28	9422	0	0	0
5.562	1	4	557	3	5	28	9422	0	0	0
5.563	1	5	557	4	3	28	9422	0	0	0
5.564	1	3	557	5	4	28	9422	0	0	0
5.565	1	4	557	6	5	28	9422	0	0	0
5.566	1	5	557	7	3	28	9422	0	0	0
5.567	1	3	557	8	4	28	9422	0	0	0
5.568	1	4	557	9	5	28	9422	0	0	0
5.569	1	5	557	10	3	28	9422	0	0	0
5.57	1	3	558	1	4	28	9422	0	0	0
5.571	1	4	558	2	5	28	9422	0	0	0
5.572	1	5	558	3	3	28	9422	0	0	0
5.573	1	3	558	4	4	28	9422	0	0	0
5.574	1	4	558	5	5	28	9422	0	0	0
5.575	1	5	558	6	3	28	9422	0	0	0
5.576	1	3	558	7	4	28	9422	0	0	0
5.577	1	4	558	8	5	28	9422	0	0	0
5.578	1	5	558	9	3	28	9422	0	0	0
5.579	1	3	558	10	4	28	9422	0	0	0
5.58	1	4	559	1	5	28	9422	0	0	0
5.581	1	5	559	2	3	28	9422	0	0	0
5.582	1	3	559	3	4	28	9422	0	0	0
5.583	1	4	559	4	5	28	9422	0	0	0
5.584	1	5	559	5	3	28	9422	0	0	0
5.585	1	3	559	6	4	28	9422	0	0	0
5.586	1	4	559	7	5	28	9422	0	0	0
5.587	1	5	559	8	3	28	9422	0	0	0
5.588	1	3	559	9	4	28	9422	0	0	0
5.589	1	4	559	10	5	28	9422	0	0	0
5.59	1	5	560	1	3	28	9422	0	0	0
5.591	1	3	560	2	4	28	9422	0	0	0
5.592	1	4	560	3	5	28	9422	0	0	0
5.593	1	5	560	4	3	28	9422	0	0	0
5.594	1	3	560	5	4	28	9422	0	0	0
5.595	1	4	560	6	5	28	9422	0	0	0
5.596	1	5	560	7	3	28	9422	0	0	0
5.597	1	3	560	8	4	28	9422	0	0	0
5.598	1	4	560	9	5	28	9422	0	0	0
5.599	1	5	560	10	3	28	9422	0	0	0
5.6	1	3	561	1	4	28	9422	0	0	0
5.601	1	4	561	2	5	28	9422	0	0	0
5.602	1	5	561	3	3	28	9422	0	0	0
5.603	1	3	561	4	4	28	9422	0	0	0
5.604	1	4	561	5	5	28	9422	0	0	0
5.605	1	5	561	6	3	28	9422	0	0	0
5.606	1	3	561	7	4	28	9422	0	0	0
5.607	1	4	561	8	5	28	9422	0	0	0
5.608	1	5	561	9	3	28	9422	0	0	0
5.609	1	3	561	10	4	28	9422	0	0	0
5.61	1	4	562	1	5	28	9422	0	0	0
5.611	1	5	562	2	3	28	9422	0	0	0
5.612	1	3	562	3	4	28	9422	0	0	0
5.613	1	4	562	4	5	28	9422	0	0	0
5.614	1	5	562	5	3	28	9422	0	0	0
5.615	1	3	562	6	4	28	9422	0	0	0
5.616	1	4	562	7	5	28	9422	0	0	0
5.617	1	5	562	8	3	28	9422	0	0	0
5.618	1	3	562	9	4	28	9422	0	0	0
5.619	1	4	562	10	5	28	9422	0	0	0
5.62	1	5	563	1	3	28	9422	0	0	0
5.621	1	3	563	2	4	28	9422	0	0	0
5.622	1	4	563	3	5	28	9422	0	0	0
5.623	1	5	563	4	3	28	9422	0	0	0
5.624	1	3	563	5	4	28	9422	0	0	0
5.625	1	4	563	6	5	28	9422	0	0	0
5.626	1	5	563	7	3	28	9422	0	0	0
5.627	1	3	563	8	4	28	9422	0	0	0
5.628	1	4	563	9	5	28	9422	0	0	0
5.629	1	5	563	10	3	28	9422	0	0	0
5.63	1	3	564	1	4	28	9422	0	0	0
5.631	1	4	564	2	5	28	9422	0	0	0
5.632	1	5	564	3	3	28	9422	0	0	0
5.633	1	3	564	4	4	28	9422	0	0	0
5.634	1	4	564	5	5	28	9422	0	0	0
5.635	1	5	564	6	3	28	9422	0	0	0
5.636	1	3	564	7	4	28	9422	0	0	0
5.637	1	4	564	8	5	28	9422	0	0	0
5.638	1	5	564	9	3	28	9422	0	0	0
5.639	1	3	564	10	4	28	9422	0	0	0
5.64	1	4	565	1	5	28	9422	0	0	0
5.641	1	5	565	2	3	28	9422	0	0	0
5.642	1	3	565	3	4	28	9422	0	0	0
5.643	1	4	565	4	5	28	9422	0	0	0
5.644	1	5	565	5	3	28	9422	0	0	0
5.645	1	3	565	6	4	28	9422	0	0	0
5.646	1	4	565	7	5	28	9422	0	0	0
5.647	1	5	565	8	3	28	9422	0	0	0
5.648	1	3	565	9	4	28	9422	0	0	0
5.649	1	4	565	10	5	28	9422	0	0	0
5.65	1	5	566	1	3	28	9422	0	0	0
5.651	1	3	566	2	4	28	9422	0	0	0
5.652	1	4	566	3	5	28	9422	0	0	0
5.653	1	5	566	4	3	28	9422	0	0	0
5.654	1	3	566	5	4	28	9422	0	0	0
5.655	1	4	566	6	5	28	9422	0	0	0
5.656	1	5	566	7	3	28	9422	0	0	0
5.657	1	3	566	8	4	28	9422	0	0	0
5.658	1	4	566	9	5	28	9422	0	0	0
5.659	1	5	566	10	3	28	9422	0	0	0
5.66	1	3	567	1	4	28	9422	0	0	0
5.661	1	4	567	2	5	28	9422	0	0	0
5.662	1	5	567	3	3	28	9422	0	0	0
5.663	1	3	567	4	4	28	9422	0	0	0
5.664	1	4	567	5	5	28	9422	0	0	0
5.665	1	5	567	6	3	28	9422	0	0	0
5.666	1	3	567	7	4	28	9422	0	0	0
5.667	1	4	567	8	5	28	9422	0	0	0
5.668	1	5	567	9	3	28	9422	0	0	0
5.669	1	3	567	10	4	28	9422	0	0	0
5.67	1	4	568	1	5	28	9422	0	0	0
5.671	1	5	568	2	3	28	9422	0	0	0
5.672	1	3	568	3	4	28	9422	0	0	0
5.673	1	4	568	4	5	28	9422	0	0	0
5.674	1	5	568	5	3	28	9422	0	0	0
5.675	1	3	568	6	4	28	9422	0	0	0
5.676	1	4	568	7	5	28	9422	0	0	0
5.677	1	5	568	8	3	28	9422	0	0	0
5.678	1	3	568	9	4	28	9422	0	0	0
5.679	1	4	568	10	5	28	9422	0	0	0
5.68	1	5	569	1	3	28	9422	0	0	0
5.681	1	3	569	2	4	28	9422	0	0	0
5.682	1	4	569	3	5	28	9422	0	0	0
5.683	1	5	569	4	3	28	9422	0	0	0
5.684	1	3	569	5	4	28	9422	0	0	0
5.685	1	4	569	6	5	28	9422	0	0	0
5.686	1	5	569	7	3	28	9422	0	0	0
5.687	1	3	569	8	4	28	9422	0	0	0
5.688	1	4	569	9	5	28	9422	0	0	0
5.689	1	5	569	10	3	28	9422	0	0	0
5.69	1	3	570	1	4	28	9422	0	0	0
5.691	1	4	570	2	5	28	9422	0	0	0
5.692	1	5	570	3	3	28	9422	0	0	0
5.693	1	3	570	4	4	28	9422	0	0	0
5.694	1	4	570	5	5	28	9422	0	0	0
5.695	1	5	570	6	3	28	9422	0	0	0
5.696	1	3	570	7	4	28	9422	0	0	0
5.697	1	4	570	8	5	28	9422	0	0	0
5.698	1	5	570	9	3	28	9422	0	0	0
5.699	1	3	570	10	4	28	9422	0	0	0
5.7	1	4	571	1	5	28	9422	0	0	0
5.701	1	5	571	2	3	28	9422	0	0	0
5.702	1	3	571	3	4	28	9422	0	0	0
5.703	1	4	571	4	5	28	9422	0	0	0
5.704	1	5	571	5	3	28	9422	0	0	0
5.705	1	3	571	6	4	28	9422	0	0	0
5.706	1	4	571	7	5	28	9422	0	0	0
5.707	1	5	571	8	3	28	9422	0	0	0
5.708	1	3	571	9	4	28	9422	0	0	0
5.709	1	4	571	10	5	28	9422	0	0	0
5.71	1	5	572	1	3	28	9422	0	0	0
5.711	1	3	572	2	4	28	9422	0	0	0
5.712	1	4	572	3	5	28	9422	0	0	0
5.713	1	5	572	4	3	28	9422	0	0	0
5.714	1	3	572	5	4	28	9422	0	0	0
5.715	1	4	572	6	5	28	9422	0	0	0
5.716	1	5	572	7	3	28	9422	0	0	0
5.717	1	3	572	8	4	28	9422	0	0	0
5.718	1	4	572	9	5	28	9422	0	0	0
5.719	1	5	572	10	3	28	9422	0	0	0
5.72	1	3	573	1	4	28	9422	0	0	0
5.721	1	4	573	2	5	28	9422	0	0	0
5.722	1	5	573	3	3	28	9422	0	0	0
5.723	1	3	573	4	4	28	9422	0	0	0
5.724	1	4	573	5	5	28	9422	0	0	0
5.725	1	5	573	6	3	28	9422	0	0	0
5.726	1	3	573	7	4	28	9422	0	0	0
5.727	1	4	573	8	5	28	9422	0	0	0
5.728	1	5	573	9	3	28	9422	0	0	0
5.729	1	3	573	10	4	28	9422	0	0	0
5.73	1	4	574	1	5	28	9422	0	0	0
5.731	1	5	574	2	3	28	9422	0	0	0
5.732	1	3	574	3	4	28	9422	0	0	0
5.733	1	4	574	4	5	28	9422	0	0	0
5.734	1	5	574	5	3	28	9422	0	0	0
5.735	1	3	574	6	4	28	9422	0	0	0
5.736	1	4	574	7	5	28	9422	0	0	0
5.737	1	5	574	8	3	28	9422	0	0	0
5.738	1	3	574	9	4	28	9422	0	0	0
5.739	1	4	574	10	5	28	9422	0	0	0
5.74	1	5	575	1	3	28	9422	0	0	0
5.741	1	3	575	2	4	28	9422	0	0	0
5.742	1	4	575	3	5	28	9422	0	0	0
5.743	1	5	575	4	3	28	9422	0	0	0
5.744	1	3	575	5	4	28	9422	0	0	0
5.745	1	4	575	6	5	28	9422	0	0	0
5.746	1	5	575	7	3	28	9422	0	0	0
5.747	1	3	575	8	4	28	9422	0	0	0
5.748	1	4	575	9	5	28	9422	0	0	0
5.749	1	5	575	10	3	28	9422	0	0	0
5.75	1	3	576	1	4	28	9422	0	0	0
5.751	1	4	576	2	5	28	9422	0	0	0
5.752	1	5	576	3	3	28	9422	0	0	0
5.753	1	3	576	4	4	28	9422	0	0	0
5.754	1	4	576	5	5	28	9422	0	0	0
5.755	1	5	576	6	3	28	9422	0	0	0
5.756	1	3	576	7	4	28	9422	0	0	0
5.757	1	4	576	8	5	28	9422	0	0	0
5.758	1	5	576	9	3	28	9422	0	0	0
5.759	1	3	576	10	4	28	9422	0	0	0
5.76	1	4	577	1	5	28	9422	0	0	0
5.761	1	5	577	2	3	28	9422	0	0	0
5.762	1	3	577	3	4	28	9422	0	0	0
5.763	1	4	577	4	5	28	9422	0	0	0
5.764	1	5	577	5	3	28	9422	0	0	0
5.765	1	3	577	6	4	28	9422	0	0	0
5.766	1	4	577	7	5	28	9422	0	0	0
5.767	1	5	577	8	3	28	9422	0	0	0
5.768	1	3	577	9	4	28	9422	0	0	0
5.769	1	4	577	10	5	28	9422	0	0	0
5.77	1	5	578	1	3	28	9422	0	0	0
5.771	1	3	578	2	4	28	9422	0	0	0
5.772	1	4	578	3	5	28	9422	0	0	0
5.773	1	5	578	4	3	28	9422	0	0	0
5.774	1	3	578	5	4	28	9422	0	0	0
5.775	1	4	578	6	5	28	9422	0	0	0
5.776	1	5	578	7	3	28	9422	0	0	0
5.777	1	3	578	8	4	28	9422	0	0	0
5.778	1	4	578	9	5	28	9422	0	0	0
5.779	1	5	578	10	3	28	9422	0	0	0
5.78	1	3	579	1	4	28	9422	0	0	0
5.781	1	4	579	2	5	28	9422	0	0	0
5.782	1	5	579	3	3	28	9422	0	0	0
5.783	1	3	579	4	4	28	9422	0	0	0
5.784	1	4	579	5	5	28	9422	0	0	0
5.785	1	5	579	6	3	28	9422	0	0	0
5.786	1	3	579	7	4	28	9422	0	0	0
5.787	1	4	579	8	5	28	9422	0	0	0
5.788	1	5	579	9	3	28	9422	0	0	0
5.789	1	3	579	10	4	28	9422	0	0	0
5.79	1	4	580	1	5	28	9422	0	0	0
5.791	1	5	580	2	3	28	9422	0	0	0
5.792	1	3	580	3	4	28	9422	0	0	0
5.793	1	4	580	4	5	28	9422	0	0	0
5.794	1	5	580	5	3	28	9422	0	0	0
5.795	1	3	580	6	4	28	9422	0	0	0
5.796	1	4	580	7	5	28	9422	0	0	0
5.797	1	5	580	8	3	28	9422	0	0	0
5.798	1	3	580	9	4	28	9422	0	0	0
5.799	1	4	580	10	5	28	9422	0	0	0
5.8	1	5	581	1	3	28	9422	0	0	0
5.801	1	3	581	2	4	28	9422	0	0	0
5.802	1	4	581	3	5	28	9422	0	0	0
5.803	1	5	581	4	3	28	9422	0	0	0
5.804	1	3	581	5	4	28	9422	0	0	0
5.805	1	4	581	6	5	28	9422	0	0	0
5.806	1	5	581	7	3	28	9422	0	0	0
5.807	1	3	581	8	4	28	9422	0	0	0
5.808	1	4	581	9	5	28	9422	0	0	0
5.809	1	5	581	10	3	28	9422	0	0	0
5.81	1	3	582	1	4	28	9422	0	0	0
5.811	1	4	582	2	5	28	9422	0	0	0
5.812	1	5	582	3	3	28	9422	0	0	0
5.813	1	3	582	4	4	28	9422	0	0	0
5.814	1	4	582	5	5	28	9422	0	0	0
5.815	1	5	582	6	3	28	9422	0	0	0
5.816	1	3	582	7	4	28	9422	0	0	0
5.817	1	4	582	8	5	28	9422	0	0	0
5.818	1	5	582	9	3	28	9422	0	0	0
5.819	1	3	582	10	4	28	9422	0	0	0
5.82	1	4	583	1	5	28	9422	0	0	0
5.821	1	5	583	2	3	28	9422	0	0	0
5.822	1	3	583	3	4	28	9422	0	0	0
5.823	1	4	583	4	5	28	9422	0	0	0
5.824	1	5	583	5	3	28	9422	0	0	0
5.825	1	3	583	6	4	28	9422	0	0	0
5.826	1	4	583	7	5	28	9422	0	0	0
5.827	1	5	583	8	3	28	9422	0	0	0
5.828	1	3	583	9	4	28	9422	0	0	0
5.829	1	4	583	10	5	28	9422	0	0	0
5.83	1	5	584	1	3	28	9422	0	0	0
5.831	1	3	584	2	4	28	9422	0	0	0
5.832	1	4	584	3	5	28	9422	0	0	0
5.833	1	5	584	4	3	28	9422	0	0	0
5.834	1	3	584	5	4	28	9422	0	0	0
5.835	1	4	584	6	5	28	9422	0	0	0
5.836	1	5	584	7	3	28	9422	0	0	0
5.837	1	3	584	8	4	28	9422	0	0	0
5.838	1	4	584	9	5	28	9422	0	0	0
5.839	1	5	584	10	3	28	9422	0	0	0
5.84	1	3	585	1	4	28	9422	0	0	0
5.841	1	4	585	2	5	28	9422	0	0	0
5.842	1	5	585	3	3	28	9422	0	0	0
5.843	1	3	585	4	4	28	9422	0	0	0
5.844	1	4	585	5	5	28	9422	0	0	0
5.845	1	5	585	6	3	28	9422	0	0	0
5.846	1	3	585	7	4	28	9422	0	0	0
5.847	1	4	585	8	5	28	9422	0	0	0
5.848	1	5	585	9	3	28	9422	0	0	0
5.849	1	3	585	10	4	28	9422	0	0	0
5.85	1	4	586	1	5	28	9422	0	0	0
5.851	1	5	586	2	3	28	9422	0	0	0
5.852	1	3	586	3	4	28	9422	0	0	0
5.853	1	4	586	4	5	28	9422	0	0	0
5.854	1	5	586	5	3	28	9422	0	0	0
5.855	1	3	586	6	4	28	9422	0	0	0
5.856	1	4	586	7	5	28	9422	0	0	0
5.857	1	5	586	8	3	28	9422	0	0	0
5.858	1	3	586	9	4	28	9422	0	0	0
5.859	1	4	586	10	5	28	9422	0	0	0
5.86	1	5	587	1	3	28	9422	0	0	0
5.861	1	3	587	2	4	28	9422	0	0	0
5.862	1	4	587	3	5	28	9422	0	0	0
5.863	1	5	587	4	3	28	9422	0	0	0
5.864	1	3	587	5	4	28	9422	0	0	0
5.865	1	4	587	6	5	28	9422	0	0	0
5.866	1	5	587	7	3	28	9422	0	0	0
5.867	1	3	587	8	4	28	9422	0	0	0
5.868	1	4	587	9	5	28	9422	0	0	0
5.869	1	5	587	10	3	28	9422	0	0	0
5.87	1	3	588	1	4	28	9422	0	0	0
5.871	1	4	588	2	5	28	9422	0	0	0
5.872	1	5	588	3	3	28	9422	0	0	0
5.873	1	3	588	4	4	28	9422	0	0	0
5.874	1	4	588	5	5	28	9422	0	0	0
5.875	1	5	588	6	3	28	9422	0	0	0
5.876	1	3	588	7	4	28	9422	0	0	0
5.877	1	4	588	8	5	28	9422	0	0	0
5.878	1	5	588	9	3	28	9422	0	0	0
5.879	1	3	588	10	4	28	9422	0	0	0
5.88	1	4	589	1	5	28	9422	0	0	0
5.881	1	5	589	2	3	28	9422	0	0	0
5.882	1	3	589	3	4	28	9422	0	0	0
5.883	1	4	589	4	5	28	9422	0	0	0
5.884	1	5	589	5	3	28	9422	0	0	0
5.885	1	3	589	6	4	28	9422	0	0	0
5.886	1	4	589	7	5	28	9422	0	0	0
5.887	1	5	589	8	3	28	9422	0	0	0
5.888	1	3	589	9	4	28	9422	0	0	0
5.889	1	4	589	10	5	28	9422	0	0	0
5.89	1	5	590	1	3	28	9422	0	0	0
5.891	1	3	590	2	4	28	9422	0	0	0
5.892	1	4	590	3	5	28	9422	0	0	0
5.893	1	5	590	4	3	28	9422	0	0	0
5.894	1	3	590	5	4	28	9422	0	0	0
5.895	1	4	590	6	5	28	9422	0	0	0
5.896	1	5	590	7	3	28	9422	0	0	0
5.897	1	3	590	8	4	28	9422	0	0	0
5.898	1	4	590	9	5	28	9422	0	0	0
5.899	1	5	590	10	3	28	9422	0	0	0
5.9	1	3	591	1	4	28	9422	0	0	0
5.901	1	4	591	2	5	28	9422	0	0	0
5.902	1	5	591	3	3	28	9422	0	0	0
5.903	1	3	591	4	4	28	9422	0	0	0
5.904	1	4	591	5	5	28	9422	0	0	0
5.905	1	5	591	6	3	28	9422	0	0	0
5.906	1	3	591	7	4	28	9422	0	0	0
5.907	1	4	591	8	5	28	9422	0	0	0
5.908	1	5	591	9	3	28	9422	0	0	0
5.909	1	3	591	10	4	28	9422	0	0	0
5.91	1	4	592	1	5	28	9422	0	0	0
5.911	1	5	592	2	3	28	9422	0	0	0
5.912	1	3	592	3	4	28	9422	0	0	0
5.913	1	4	592	4	5	28	9422	0	0	0
5.914	1	5	592	5	3	28	9422	0	0	0
5.915	1	3	592	6	4	28	9422	0	0	0
5.916	1	4	592	7	5	28	9422	0	0	0
5.917	1	5	592	8	3	28	9422	0	0	0
5.918	1	3	592	9	4	28	9422	0	0	0
5.919	1	4	592	10	5	28	9422	0	0	0
5.92	1	5	593	1	3	28	9422	0	0	0
5.921	1	3	593	2	4	28	9422	0	0	0
5.922	1	4	593	3	5	28	9422	0	0	0
5.923	1	5	593	4	3	28	9422	0	0	0
5.924	1	3	593	5	4	28	9422	0	0	0
5.925	1	4	593	6	5	28	9422	0	0	0
5.926	1	5	593	7	3	28	9422	0	0	0
5.927	1	3	593	8	4	28	9422	0	0	0
5.928	1	4	593	9	5	28	9422	0	0	0
5.929	1	5	593	10	3	28	9422	0	0	0
5.93	1	3	594	1	4	28	9422	0	0	0
5.931	1	4	594	2	5	28	9422	0	0	0
5.932	1	5	594	3	3	28	9422	0	0	0
5.933	1	3	594	4	4	28	9422	0	0	0
5.934	1	4	594	5	5	28	9422	0	0	0
5.935	1	5	594	6	3	28	9422	0	0	0
5.936	1	3	594	7	4	28	9422	0	0	0
5.937	1	4	594	8	5	28	9422	0	0	0
5.938	1	5	594	9	3	28	9422	0	0	0
5.939	1	3	594	10	4	28	9422	0	0	0
5.94	1	4	595	1	5	28	9422	0	0	0
5.941	1	5	595	2	3	28	9422	0	0	0
5.942	1	3	595	3	4	28	9422	0	0	0
5.943	1	4	595	4	5	28	9422	0	0	0
5.944	1	5	595	5	3	28	9422	0	0	0
5.945	1	3	595	6	4	28	9422	0	0	0
5.946	1	4	595	7	5	28	9422	0	0	0
5.947	1	5	595	8	3	28	9422	0	0	0
5.948	1	3	595	9	4	28	9422	0	0	0
5.949	1	4	595	10	5	28	9422	0	0	0
5.95	1	5	596	1	3	28	9422	0	0	0
5.951	1	3	596	2	4	28	9422	0	0	0
5.952	1	4	596	3	5	28	9422	0	0	0
5.953	1	5	596	4	3	28	9422	0	0	0
5.954	1	3	596	5	4	28	9422	0	0	0
5.955	1	4	596	6	5	28	9422	0	0	0
5.956	1	5	596	7	3	28	9422	0	0	0
5.957	1	3	596	8	4	28	9422	0	0	0
5.958	1	4	596	9	5	28	9422	0	0	0
5.959	1	5	596	10	3	28	9422	0	0	0
5.96	1	3	597	1	4	28	9422	0	0	0
5.961	1	4	597	2	5	28	9422	0	0	0
5.962	1	5	597	3	3	28	9422	0	0	0
5.963	1	3	597	4	4	28	9422	0	0	0
5.964	1	4	597	5	5	28	9422	0	0	0
5.965	1	5	597	6	3	28	9422	0	0	0
5.966	1	3	597	7	4	28	9422	0	0	0
5.967	1	4	597	8	5	28	9422	0	0	0
5.968	1	5	597	9	3	28	9422	0	0	0
5.969	1	3	597	10	4	28	9422	0	0	0
5.97	1	4	598	1	5	28	9422	0	0	0
5.971	1	5	598	2	3	28	9422	0	0	0
5.972	1	3	598	3	4	28	9422	0	0	0
5.973	1	4	598	4	5	28	9422	0	0	0
5.974	1	5	598	5	3	28	9422	0	0	0
5.975	1	3	598	6	4	28	9422	0	0	0
5.976	1	4	598	7	5	28	9422	0	0	0
5.977	1	5	598	8	3	28	9422	0	0	0
5.978	1	3	598	9	4	28	9422	0	0	0
5.979	1	4	598	10	5	28	9422	0	0	0
5.98	1	5	599	1	3	28	9422	0	0	0
5.981	1	3	599	2	4	28	9422	0	0	0
5.982	1	4	599	3	5	28	9422	0	0	0
5.983	1	5	599	4	3	28	9422	0	0	0
5.984	1	3	599	5	4	28	9422	0	0	0
5.985	1	4	599	6	5	28	9422	0	0	0
5.986	1	5	599	7	3	28	9422	0	0	0
5.987	1	3	599	8	4	28	9422	0	0	0
5.988	1	4	599	9	5	28	9422	0	0	0
5.989	1	5	599	10	3	28	9422	0	0	0
5.99	1	3	600	1	4	28	9422	0	0	0
5.991	1	4	600	2	5	28	9422	0	0	0
5.992	1	5	600	3	3	28	9422	0	0	0
5.993	1	3	600	4	4	28	9422	0	0	0
5.994	1	4	600	5	5	28	9422	0	0	0
5.995	1	5	600	6	3	28	9422	0	0	0
5.996	1	3	600	7	4	28	9422	0	0	0
5.997	1	4	600	8	5	28	9422	0	0	0
5.998	1	5	600	9	3	28	9422	0	0	0
5.999	1	3	600	10	4	28	9422	0	0	0
6	1	4	601	1	5	28	9422	0	0	0
6.001	1	5	601	2	3	28	9422	0	0	0
6.002	1	3	601	3	4	28	9422	0	0	0
6.003	1	4	601	4	5	28	9422	0	0	0
6.004	1	5	601	5	3	28	9422	0	0	0
6.005	1	3	601	6	4	28	9422	0	0	0
6.006	1	4	601	7	5	28	9422	0	0	0
6.007	1	5	601	8	3	28	9422	0	0	0
6.008	1	3	601	9	4	28	9422	0	0	0
6.009	1	4	601	10	5	28	9422	0	0	0
6.01	1	5	602	1	3	28	9422	0	0	0
6.011	1	3	602	2	4	28	9422	0	0	0
6.012	1	4	602	3	5	28	9422	0	0	0
6.013	1	5	602	4	3	28	9422	0	0	0
6.014	1	3	602	5	4	28	9422	0	0	0
6.015	1	4	602	6	5	28	9422	0	0	0
6.016	1	5	602	7	3	28	9422	0	0	0
6.017	1	3	602	8	4	28	9422	0	0	0
6.018	1	4	602	9	5	28	9422	0	0	0
6.019	1	5	602	10	3	28	9422	0	0	0
6.02	1	3	603	1	4	28	9422	0	0	0
6.021	1	4	603	2	5	28	9422	0	0	0
6.022	1	5	603	3	3	28	9422	0	0	0
6.023	1	3	603	4	4	28	9422	0	0	0
6.024	1	4	603	5	5	28	9422	0	0	0
6.025	1	5	603	6	3	28	9422	0	0	0
6.026	1	3	603	7	4	28	9422	0	0	0
6.027	1	4	603	8	5	28	9422	0	0	0
6.028	1	5	603	9	3	28	9422	0	0	0
6.029	1	3	603	10	4	28	9422	0	0	0
6.03	1	4	604	1	5	28	9422	0	0	0
6.031	1	5	604	2	3	28	9422	0	0	0
6.032	1	3	604	3	4	28	9422	0	0	0
6.033	1	4	604	4	5	28	9422	0	0	0
6.034	1	5	604	5	3	28	9422	0	0	0
6.035	1	3	604	6	4	28	9422	0	0	0
6.036	1	4	604	7	5	28	9422	0	0	0
6.037	1	5	604	8	3	28	9422	0	0	0
6.038	1	3	604	9	4	28	9422	0	0	0
6.039	1	4	604	10	5	28	9422	0	0	0
6.04	1	5	605	1	3	28	9422	0	0	0
6.041	1	3	605	2	4	28	9422	0	0	0
6.042	1	4	605	3	5	28	9422	0	0	0
6.043	1	5	605	4	3	28	9422	0	0	0
6.044	1	3	605	5	4	28	9422	0	0	0
6.045	1	4	605	6	5	28	9422	0	0	0
6.046	1	5	605	7	3	28	9422	0	0	0
6.047	1	3	605	8	4	28	9422	0	0	0
6.048	1	4	605	9	5	28	9422	0	0	0
6.049	1	5	605	10	3	28	9422	0	0	0
6.05	1	3	606	1	4	28	9422	0	0	0
6.051	1	4	606	2	5	28	9422	0	0	0
6.052	1	5	606	3	3	28	9422	0	0	0
6.053	1	3	606	4	4	28	9422	0	0	0
6.054	1	4	606	5	5	28	9422	0	0	0
6.055	1	5	606	6	3	28	9422	0	0	0
6.056	1	3	606	7	4	28	9422	0	0	0
6.057	1	4	606	8	5	28	9422	0	0	0
6.058	1	5	606	9	3	28	9422	0	0	0
6.059	1	3	606	10	4	28	9422	0	0	0
6.06	1	4	607	1	5	28	9422	0	0	0
6.061	1	5	607	2	3	28	9422	0	0	0
6.062	1	3	607	3	4	28	9422	0	0	0
6.063	1	4	607	4	5	28	9422	0	0	0
6.064	1	5	607	5	3	28	9422	0	0	0
6.065	1	3	607	6	4	28	9422	0	0	0
6.066	1	4	607	7	5	28	9422	0	0	0
6.067	1	5	607	8	3	28	9422	0	0	0
6.068	1	3	607	9	4	28	9422	0	0	0
6.069	1	4	607	10	5	28	9422	0	0	0
6.07	1	5	608	1	3	28	9422	0	0	0
6.071	1	3	608	2	4	28	9422	0	0	0
6.072	1	4	608	3	5	28	9422	0	0	0
6.073	1	5	608	4	3	28	9422	0	0	0
6.074	1	3	608	5	4	28	9422	0	0	0
6.075	1	4	608	6	5	28	9422	0	0	0
6.076	1	5	608	7	3	28	9422	0	0	0
6.077	1	3	608	8	4	28	9422	0	0	0
6.078	1	4	608	9	5	28	9422	0	0	0
6.079	1	5	608	10	3	28	9422	0	0	0
6.08	1	3	609	1	4	28	9422	0	0	0
6.081	1	4	609	2	5	28	9422	0	0	0
6.082	1	5	609	3	3	28	9422	0	0	0
6.083	1	3	609	4	4	28	9422	0	0	0
6.084	1	4	609	5	5	28	9422	0	0	0
6.085	1	5	609	6	3	28	9422	0	0	0
6.086	1	3	609	7	4	28	9422	0	0	0
6.087	1	4	609	8	5	28	9422	0	0	0
6.088	1	5	609	9	3	28	9422	0	0	0
6.089	1	3	609	10	4	28	9422	0	0	0
6.09	1	4	610	1	5	28	9422	0	0	0
6.091	1	5	610	2	3	28	9422	0	0	0
6.092	1	3	610	3	4	28	9422	0	0	0
6.093	1	4	610	4	5	28	9422	0	0	0
6.094	1	5	610	5	3	28	9422	0	0	0
6.095	1	3	610	6	4	28	9422	0	0	0
6.096	1	4	610	7	5	28	9422	0	0	0
6.097	1	5	610	8	3	28	9422	0	0	0
6.098	1	3	610	9	4	28	9422	0	0	0
6.099	1	4	610	10	5	28	9422	0	0	0
6.1	1	5	611	1	3	28	9422	0	0	0
6.101	1	3	611	2	4	28	9422	0	0	0
6.102	1	4	611	3	5	28	9422	0	0	0
6.103	1	5	611	4	3	28	9422	0	0	0
6.104	1	3	611	5	4	28	9422	0	0	0
6.105	1	4	611	6	5	28	9422	0	0	0
6.106	1	5	611	7	3	28	9422	0	0	0
6.107	1	3	611	8	4	28	9422	0	0	0
6.108	1	4	611	9	5	28	9422	0	0	0
6.109	1	5	611	10	3	28	9422	0	0	0
6.11	1	3	612	1	4	28	9422	0	0	0
6.111	1	4	612	2	5	28	9422	0	0	0
6.112	1	5	612	3	3	28	9422	0	0	0
6.113	1	3	612	4	4	28	9422	0	0	0
6.114	1	4	612	5	5	28	9422	0	0	0
6.115	1	5	612	6	3	28	9422	0	0	0
6.116	1	3	612	7	4	28	9422	0	0	0
6.117	1	4	612	8	5	28	9422	0	0	0
6.118	1	5	612	9	3	28	9422	0	0	0
6.119	1	3	612	10	4	28	9422	0	0	0
6.12	1	4	613	1	5	28	9422	0	0	0
6.121	1	5	613	2	3	28	9422	0	0	0
6.122	1	3	613	3	4	28	9422	0	0	0
6.123	1	4	613	4	5	28	9422	0	0	0
6.124	1	5	613	5	3	28	9422	0	0	0
6.125	1	3	613	6	4	28	9422	0	0	0
6.126	1	4	613	7	5	28	9422	0	0	0
6.127	1	5	613	8	3	28	9422	0	0	0
6.128	1	3	613	9	4	28	9422	0	0	0
6.129	1	4	613	10	5	28	9422	0	0	0
6.13	1	5	614	1	3	28	9422	0	0	0
6.131	1	3	614	2	4	28	9422	0	0	0
6.132	1	4	614	3	5	28	9422	0	0	0
6.133	1	5	614	4	3	28	9422	0	0	0
6.134	1	3	614	5	4	28	9422	0	0	0
6.135	1	4	614	6	5	28	9422	0	0	0
6.136	1	5	614	7	3	28	9422	0	0	0
6.137	1	3	614	8	4	28	9422	0	0	0
6.138	1	4	614	9	5	28	9422	0	0	0
6.139	1	5	614	10	3	28	9422	0	0	0
6.14	1	3	615	1	4	28	9422	0	0	0
6.141	1	4	615	2	5	28	9422	0	0	0
6.142	1	5	615	3	3	28	9422	0	0	0
6.143	1	3	615	4	4	28	9422	0	0	0
6.144	1	4	615	5	5	28	9422	0	0	0
6.145	1	5	615	6	3	28	9422	0	0	0
6.146	1	3	615	7	4	28	9422	0	0	0
6.147	1	4	615	8	5	28	9422	0	0	0
6.148	1	5	615	9	3	28	9422	0	0	0
6.149	1	3	615	10	4	28	9422	0	0	0
6.15	1	4	616	1	5	28	9422	0	0	0
6.151	1	5	616	2	3	28	9422	0	0	0
6.152	1	3	616	3	4	28	9422	0	0	0
6.153	1	4	616	4	5	28	9422	0	0	0
6.154	1	5	616	5	3	28	9422	0	0	0
6.155	1	3	616	6	4	28	9422	0	0	0
6.156	1	4	616	7	5	28	9422	0	0	0
6.157	1	5	616	8	3	28	9422	0	0	0
6.158	1	3	616	9	4	28	9422	0	0	0
6.159	1	4	616	10	5	28	9422	0	0	0
6.16	1	5	617	1	3	28	9422	0	0	0
6.161	1	3	617	2	4	28	9422	0	0	0
6.162	1	4	617	3	5	28	9422	0	0	0
6.163	1	5	617	4	3	28	9422	0	0	0
6.164	1	3	617	5	4	28	9422	0	0	0
6.165	1	4	617	6	5	28	9422	0	0	0
6.166	1	5	617	7	3	28	9422	0	0	0
6.167	1	3	617	8	4	28	9422	0	0	0
6.168	1	4	617	9	5	28	9422	0	0	0
6.169	1	5	617	10	3	28	9422	0	0	0
6.17	1	3	618	1	4	28	9422	0	0	0
6.171	1	4	618	2	5	28	9422	0	0	0
6.172	1	5	618	3	3	28	9422	0	0	0
6.173	1	3	618	4	4	28	9422	0	0	0
6.174	1	4	618	5	5	28	9422	0	0	0
6.175	1	5	618	6	3	28	9422	0	0	0
6.176	1	3	618	7	4	28	9422	0	0	0
6.177	1	4	618	8	5	28	9422	0	0	0
6.178	1	5	618	9	3	28	9422	0	0	0
6.179	1	3	618	10	4	28	9422	0	0	0
6.18	1	4	619	1	5	28	9422	0	0	0
6.181	1	5	619	2	3	28	9422	0	0	0
6.182	1	3	619	3	4	28	9422	0	0	0
6.183	1	4	619	4	5	28	9422	0	0	0
6.184	1	5	619	5	3	28	9422	0	0	0
6.185	1	3	619	6	4	28	9422	0	0	0
6.186	1	4	619	7	5	28	9422	0	0	0
6.187	1	5	619	8	3	28	9422	0	0	0
6.188	1	3	619	9	4	28	9422	0	0	0
6.189	1	4	619	10	5	28	9422	0	0	0
6.19	1	5	620	1	3	28	9422	0	0	0
6.191	1	3	620	2	4	28	9422	0	0	0
6.192	1	4	620	3	5	28	9422	0	0	0
6.193	1	5	620	4	3	28	9422	0	0	0
6.194	1	3	620	5	4	28	9422	0	0	0
6.195	1	4	620	6	5	28	9422	0	0	0
6.196	1	5	620	7	3	28	9422	0	0	0
6.197	1	3	620	8	4	28	9422	0	0	0
6.198	1	4	620	9	5	28	9422	0	0	0
6.199	1	5	620	10	3	28	9422	0	0	0
6.2	1	3	621	1	4	28	9422	0	0	0
6.201	1	4	621	2	5	28	9422	0	0	0
6.202	1	5	621	3	3	28	9422	0	0	0
6.203	1	3	621	4	4	28	9422	0	0	0
6.204	1	4	621	5	5	28	9422	0	0	0
6.205	1	5	621	6	3	28	9422	0	0	0
6.206	1	3	621	7	4	28	9422	0	0	0
6.207	1	4	621	8	5	28	9422	0	0	0
6.208	1	5	621	9	3	28	9422	0	0	0
6.209	1	3	621	10	4	28	9422	0	0	0
6.21	1	4	622	1	5	28	9422	0	0	0
6.211	1	5	622	2	3	28	9422	0	0	0
6.212	1	3	622	3	4	28	9422	0	0	0
6.213	1	4	622	4	5	28	9422	0	0	0
6.214	1	5	622	5	3	28	9422	0	0	0
6.215	1	3	622	6	4	28	9422	0	0	0
6.216	1	4	622	7	5	28	9422	0	0	0
6.217	1	5	622	8	3	28	9422	0	0	0
6.218	1	3	622	9	4	28	9422	0	0	0
6.219	1	4	622	10	5	28	9422	0	0	0
6.22	1	5	623	1	3	28	9422	0	0	0
6.221	1	3	623	2	4	28	9422	0	0	0
6.222	1	4	623	3	5	28	9422	0	0	0
6.223	1	5	623	4	3	28	9422	0	0	0
6.224	1	3	623	5	4	28	9422	0	0	0
6.225	1	4	623	6	5	28	9422	0	0	0
6.226	1	5	623	7	3	28	9422	0	0	0
6.227	1	3	623	8	4	28	9422	0	0	0
6.228	1	4	623	9	5	28	9422	0	0	0
6.229	1	5	623	10	3	28	9422	0	0	0
6.23	1	3	624	1	4	28	9422	0	0	0
6.231	1	4	624	2	5	28	9422	0	0	0
6.232	1	5	624	3	3	28	9422	0	0	0
6.233	1	3	624	4	4	28	9422	0	0	0
6.234	1	4	624	5	5	28	9422	0	0	0
6.235	1	5	624	6	3	28	9422	0	0	0
6.236	1	3	624	7	4	28	9422	0	0	0
6.237	1	4	624	8	5	28	9422	0	0	0
6.238	1	5	624	9	3	28	9422	0	0	0
6.239	1	3	624	10	4	28	9422	0	0	0
6.24	1	4	625	1	5	28	9422	0	0	0
6.241	1	5	625	2	3	28	9422	0	0	0
6.242	1	3	625	3	4	28	9422	0	0	0
6.243	1	4	625	4	5	28	9422	0	0	0
6.244	1	5	625	5	3	28	9422	0	0	0
6.245	1	3	625	6	4	28	9422	0	0	0
6.246	1	4	625	7	5	28	9422	0	0	0
6.247	1	5	625	8	3	28	9422	0	0	0
6.248	1	3	625	9	4	28	9422	0	0	0
6.249	1	4	625	10	5	28	9422	0	0	0
6.25	1	5	626	1	3	28	9422	0	0	0
6.251	1	3	626	2	4	28	9422	0	0	0
6.252	1	4	626	3	5	28	9422	0	0	0
6.253	1	5	626	4	3	28	9422	0	0	0
6.254	1	3	626	5	4	28	9422	0	0	0
6.255	1	4	626	6	5	28	9422	0	0	0
6.256	1	5	626	7	3	28	9422	0	0	0
6.257	1	3	626	8	4	28	9422	0	0	0
6.258	1	4	626	9	5	28	9422	0	0	0
6.259	1	5	626	10	3	28	9422	0	0	0
6.26	1	3	627	1	4	28	9422	0	0	0
6.261	1	4	627	2	5	28	9422	0	0	0
6.262	1	5	627	3	3	28	9422	0	0	0
6.263	1	3	627	4	4	28	9422	0	0	0
6.264	1	4	627	5	5	28	9422	0	0	0
6.265	1	5	627	6	3	28	9422	0	0	0
6.266	1	3	627	7	4	28	9422	0	0	0
6.267	1	4	627	8	5	28	9422	0	0	0
6.268	1	5	627	9	3	28	9422	0	0	0
6.269	1	3	627	10	4	28	9422	0	0	0
6.27	1	4	628	1	5	28	9422	0	0	0
6.271	1	5	628	2	3	28	9422	0	0	0
6.272	1	3	628	3	4	28	9422	0	0	0
6.273	1	4	628	4	5	28	9422	0	0	0
6.274	1	5	628	5	3	28	9422	0	0	0
6.275	1	3	628	6	4	28	9422	0	0	0
6.276	1	4	628	7	5	28	9422	0	0	0
6.277	1	5	628	8	3	28	9422	0	0	0
6.278	1	3	628	9	4	28	9422	0	0	0
6.279	1	4	628	10	5	28	9422	0	0	0
6.28	1	5	629	1	3	28	9422	0	0	0
6.281	1	3	629	2	4	28	9422	0	0	0
6.282	1	4	629	3	5	28	9422	0	0	0
6.283	1	5	629	4	3	28	9422	0	0	0
6.284	1	3	629	5	4	28	9422	0	0	0
6.285	1	4	629	6	5	28	9422	0	0	0
6.286	1	5	629	7	3	28	9422	0	0	0
6.287	1	3	629	8	4	28	9422	0	0	0
6.288	1	4	629	9	5	28	9422	0	0	0
6.289	1	5	629	10	3	28	9422	0	0	0
6.29	1	3	630	1	4	28	9422	0	0	0
6.291	1	4	630	2	5	28	9422	0	0	0
6.292	1	5	630	3	3	28	9422	0	0	0
6.293	1	3	630	4	4	28	9422	0	0	0
6.294	1	4	630	5	5	28	9422	0	0	0
6.295	1	5	630	6	3	28	9422	0	0	0
6.296	1	3	630	7	4	28	9422	0	0	0
6.297	1	4	630	8	5	28	9422	0	0	0
6.298	1	5	630	9	3	28	9422	0	0	0
6.299	1	3	630	10	4	28	9422	0	0	0
6.3	1	4	631	1	5	28	9422	0	0	0
6.301	1	5	631	2	3	28	9422	0	0	0
6.302	1	3	631	3	4	28	9422	0	0	0
6.303	1	4	631	4	5	28	9422	0	0	0
6.304	1	5	631	5	3	28	9422	0	0	0
6.305	1	3	631	6	4	28	9422	0	0	0
6.306	1	4	631	7	5	28	9422	0	0	0
6.307	1	5	631	8	3	28	9422	0	0	0
6.308	1	3	631	9	4	28	9422	0	0	0
6.309	1	4	631	10	5	28	9422	0	0	0
6.31	1	5	632	1	3	28	9422	0	0	0
6.311	1	3	632	2	4	28	9422	0	0	0
6.312	1	4	632	3	5	28	9422	0	0	0
6.313	1	5	632	4	3	28	9422	0	0	0
6.314	1	3	632	5	4	28	9422	0	0	0
6.315	1	4	632	6	5	28	9422	0	0	0
6.316	1	5	632	7	3	28	9422	0	0	0
6.317	1	3	632	8	4	28	9422	0	0	0
6.318	1	4	632	9	5	28	9422	0	0	0
6.319	1	5	632	10	3	28	9422	0	0	0
6.32	1	3	633	1	4	28	9422	0	0	0
6.321	1	4	633	2	5	28	9422	0	0	0
6.322	1	5	633	3	3	28	9422	0	0	0
6.323	1	3	633	4	4	28	9422	0	0	0
6.324	1	4	633	5	5	28	9422	0	0	0
6.325	1	5	633	6	3	28	9422	0	0	0
6.326	1	3	633	7	4	28	9422	0	0	0
6.327	1	4	633	8	5	28	9422	0	0	0
6.328	1	5	633	9	3	28	9422	0	0	0
6.329	1	3	633	10	4	28	9422	0	0	0
6.33	1	4	634	1	5	28	9422	0	0	0
6.331	1	5	634	2	3	28	9422	0	0	0
6.332	1	3	634	3	4	28	9422	0	0	0
6.333	1	4	634	4	5	28	9422	0	0	0
6.334	1	5	634	5	3	28	9422	0	0	0
6.335	1	3	634	6	4	28	9422	0	0	0
6.336	1	4	634	7	5	28	9422	0	0	0
6.337	1	5	634	8	3	28	9422	0	0	0
6.338	1	3	634	9	4	28	9422	0	0	0
6.339	1	4	634	10	5	28	9422	0	0	0
6.34	1	5	635	1	3	28	9422	0	0	0
6.341	1	3	635	2	4	28	9422	0	0	0
6.342	1	4	635	3	5	28	9422	0	0	0
6.343	1	5	635	4	3	28	9422	0	0	0
6.344	1	3	635	5	4	28	9422	0	0	0
6.345	1	4	635	6	5	28	9422	0	0	0
6.346	1	5	635	7	3	28	9422	0	0	0
6.347	1	3	635	8	4	28	9422	0	0	0
6.348	1	4	635	9	5	28	9422	0	0	0
6.349	1	5	635	10	3	28	9422	0	0	0
6.35	1	3	636	1	4	28	9422	0	0	0
6.351	1	4	636	2	5	28	9422	0	0	0
6.352	1	5	636	3	3	28	9422	0	0	0
6.353	1	3	636	4	4	28	9422	0	0	0
6.354	1	4	636	5	5	28	9422	0	0	0
6.355	1	5	636	6	3	28	9422	0	0	0
6.356	1	3	636	7	4	28	9422	0	0	0
6.357	1	4	636	8	5	28	9422	0	0	0
6.358	1	5	636	9	3	28	9422	0	0	0
6.359	1	3	636	10	4	28	9422	0	0	0
6.36	1	4	637	1	5	28	9422	0	0	0
6.361	1	5	637	2	3	28	9422	0	0	0
6.362	1	3	637	3	4	28	9422	0	0	0
6.363	1	4	637	4	5	28	9422	0	0	0
6.364	1	5	637	5	3	28	9422	0	0	0
6.365	1	3	637	6	4	28	9422	0	0	0
6.366	1	4	637	7	5	28	9422	0	0	0
6.367	1	5	637	8	3	28	9422	0	0	0
6.368	1	3	637	9	4	28	9422	0	0	0
6.369	1	4	637	10	5	28	9422	0	0	0
6.37	1	5	638	1	3	28	9422	0	0	0
6.371	1	3	638	2	4	28	9422	0	0	0
6.372	1	4	638	3	5	28	9422	0	0	0
6.373	1	5	638	4	3	28	9422	0	0	0
6.374	1	3	638	5	4	28	9422	0	0	0
6.375	1	4	638	6	5	28	9422	0	0	0
6.376	1	5	638	7	3	28	9422	0	0	0
6.377	1	3	638	8	4	28	9422	0	0	0
6.378	1	4	638	9	5	28	9422	0	0	0
6.379	1	5	638	10	3	28	9422	0	0	0
6.38	1	3	639	1	4	28	9422	0	0	0
6.381	1	4	639	2	5	28	9422	0	0	0
6.382	1	5	639	3	3	28	9422	0	0	0
6.383	1	3	639	4	4	28	9422	0	0	0
6.384	1	4	639	5	5	28	9422	0	0	0
6.385	1	5	639	6	3	28	9422	0	0	0
6.386	1	3	639	7	4	28	9422	0	0	0
6.387	1	4	639	8	5	28	9422	0	0	0
6.388	1	5	639	9	3	28	9422	0	0	0
6.389	1	3	639	10	4	28	9422	0	0	0
6.39	1	4	640	1	5	28	9422	0	0	0
6.391	1	5	640	2	3	28	9422	0	0	0
6.392	1	3	640	3	4	28	9422	0	0	0
6.393	1	4	640	4	5	28	9422	0	0	0
6.394	1	5	640	5	3	28	9422	0	0	0
6.395	1	3	640	6	4	28	9422	0	0	0
6.396	1	4	640	7	5	28	9422	0	0	0
6.397	1	5	640	8	3	28	9422	0	0	0
6.398	1	3	640	9	4	28	9422	0	0	0
6.399	1	4	640	10	5	28	9422	0	0	0
6.4	1	5	641	1	3	28	9422	0	0	0
6.401	1	3	641	2	4	28	9422	0	0	0
6.402	1	4	641	3	5	28	9422	0	0	0
6.403	1	5	641	4	3	28	9422	0	0	0
6.404	1	3	641	5	4	28	9422	0	0	0
6.405	1	4	641	6	5	28	9422	0	0	0
6.406	1	5	641	7	3	28	9422	0	0	0
6.407	1	3	641	8	4	28	9422	0	0	0
6.408	1	4	641	9	5	28	9422	0	0	0
6.409	1	5	641	10	3	28	9422	0	0	0
6.41	1	3	642	1	4	28	9422	0	0	0
6.411	1	4	642	2	5	28	9422	0	0	0
6.412	1	5	642	3	3	28	9422	0	0	0
6.413	1	3	642	4	4	28	9422	0	0	0
6.414	1	4	642	5	5	28	9422	0	0	0
6.415	1	5	642	6	3	28	9422	0	0	0
6.416	1	3	642	7	4	28	9422	0	0	0
6.417	1	4	642	8	5	28	9422	0	0	0
6.418	1	5	642	9	3	28	9422	0	0	0
6.419	1	3	642	10	4	28	9422	0	0	0
6.42	1	4	643	1	5	28	9422	0	0	0
6.421	1	5	643	2	3	28	9422	0	0	0
6.422	1	3	643	3	4	28	9422	0	0	0
6.423	1	4	643	4	5	28	9422	0	0	0
6.424	1	5	643	5	3	28	9422	0	0	0
6.425	1	3	643	6	4	28	9422	0	0	0
6.426	1	4	643	7	5	28	9422	0	0	0
6.427	1	5	643	8	3	28	9422	0	0	0
6.428	1	3	643	9	4	28	9422	0	0	0
6.429	1	4	643	10	5	28	9422	0	0	0
6.43	1	5	644	1	3	28	9422	0	0	0
6.431	1	3	644	2	4	28	9422	0	0	0
6.432	1	4	644	3	5	28	9422	0	0	0
6.433	1	5	644	4	3	28	9422	0	0	0
6.434	1	3	644	5	4	28	9422	0	0	0
6.435	1	4	644	6	5	28	9422	0	0	0
6.436	1	5	644	7	3	28	9422	0	0	0
6.437	1	3	644	8	4	28	9422	0	0	0
6.438	1	4	644	9	5	28	9422	0	0	0
6.439	1	5	644	10	3	28	9422	0	0	0
6.44	1	3	645	1	4	28	9422	0	0	0
6.441	1	4	645	2	5	28	9422	0	0	0
6.442	1	5	645	3	3	28	9422	0	0	0
6.443	1	3	645	4	4	28	9422	0	0	0
6.444	1	4	645	5	5	28	9422	0	0	0
6.445	1	5	645	6	3	28	9422	0	0	0
6.446	1	3	645	7	4	28	9422	0	0	0
6.447	1	4	645	8	5	28	9422	0	0	0
6.448	1	5	645	9	3	28	9422	0	0	0
6.449	1	3	645	10	4	28	9422	0	0	0
6.45	1	4	646	1	5	28	9422	0	0	0
6.451	1	5	646	2	3	28	9422	0	0	0
6.452	1	3	646	3	4	28	9422	0	0	0
6.453	1	4	646	4	5	28	9422	0	0	0
6.454	1	5	646	5	3	28	9422	0	0	0
6.455	1	3	646	6	4	28	9422	0	0	0
6.456	1	4	646	7	5	28	9422	0	0	0
6.457	1	5	646	8	3	28	9422	0	0	0
6.458	1	3	646	9	4	28	9422	0	0	0
6.459	1	4	646	10	5	28	9422	0	0	0
6.46	1	5	647	1	3	28	9422	0	0	0
6.461	1	3	647	2	4	28	9422	0	0	0
6.462	1	4	647	3	5	28	9422	0	0	0
6.463	1	5	647	4	3	28	9422	0	0	0
6.464	1	3	647	5	4	28	9422	0	0	0
6.465	1	4	647	6	5	28	9422	0	0	0
6.466	1	5	647	7	3	28	9422	0	0	0
6.467	1	3	647	8	4	28	9422	0	0	0
6.468	1	4	647	9	5	28	9422	0	0	0
6.469	1	5	647	10	3	28	9422	0	0	0
6.47	1	3	648	1	4	28	9422	0	0	0
6.471	1	4	648	2	5	28	9422	0	0	0
6.472	1	5	648	3	3	28	9422	0	0	0
6.473	1	3	648	4	4	28	9422	0	0	0
6.474	1	4	648	5	5	28	9422	0	0	0
6.475	1	5	648	6	3	28	9422	0	0	0
6.476	1	3	648	7	4	28	9422	0	0	0
6.477	1	4	648	8	5	28	9422	0	0	0
6.478	1	5	648	9	3	28	9422	0	0	0
6.479	1	3	648	10	4	28	9422	0	0	0
6.48	1	4	649	1	5	28	9422	0	0	0
6.481	1	5	649	2	3	28	9422	0	0	0
6.482	1	3	649	3	4	28	9422	0	0	0
6.483	1	4	649	4	5	28	9422	0	0	0
6.484	1	5	649	5	3	28	9422	0	0	0
6.485	1	3	649	6	4	28	9422	0	0	0
6.486	1	4	649	7	5	28	9422	0	0	0
6.487	1	5	649	8	3	28	9422	0	0	0
6.488	1	3	649	9	4	28	9422	0	0	0
6.489	1	4	649	10	5	28	9422	0	0	0
6.49	1	5	650	1	3	28	9422	0	0	0
6.491	1	3	650	2	4	28	9422	0	0	0
6.492	1	4	650	3	5	28	9422	0	0	0
6.493	1	5	650	4	3	28	9422	0	0	0
6.494	1	3	650	5	4	28	9422	0	0	0
6.495	1	4	650	6	5	28	9422	0	0	0
6.496	1	5	650	7	3	28	9422	0	0	0
6.497	1	3	650	8	4	28	9422	0	0	0
6.498	1	4	650	9	5	28	9422	0	0	0
6.499	1	5	650	10	3	28	9422	0	0	0
6.5	1	3	651	1	4	28	9422	0	0	0
6.501	1	4	651	2	5	28	9422	0	0	0
6.502	1	5	651	3	3	28	9422	0	0	0
