0.02 0 1 1 0
0.02 0 2 1 0
0.02 0 3 1 0
0.0232143 0 2 1 0
0.0232143 0 1 1 0
0.0232143 0 3 1 0
0.025 0 4 1 0
0.025 0 5 1 0
0.0282143 0 4 1 0
0.0282143 0 5 1 0
0.03 0 1 1 0
0.03 0 2 1 0
0.03 0 3 1 0
0.0332143 0 2 1 0
0.0332143 0 1 1 0
0.0332143 0 3 1 0
0.035 0 4 1 0
0.035 0 5 1 0
0.0382143 0 4 1 0
0.0382143 0 5 1 0
0.04 0 1 1 0
0.04 0 2 1 0
0.04 0 3 1 0
0.0432143 0 2 1 0
0.0432143 0 1 1 0
0.0432143 0 3 1 0
0.04475 0 1 1 0
0.04475 0 1 1 0
0.045 0 4 1 0
0.045 0 5 1 0
0.0462679 0 1 1 0
0.0462679 0 1 1 0
0.0482143 0 4 1 0
0.0482143 0 5 1 0
0.05 0 1 1 0
0.05 0 2 1 0
0.05 0 3 1 0
0.0532143 0 2 1 0
0.0532143 0 1 1 0
0.0532143 0 3 1 0
0.05475 0 1 1 0
0.05475 0 1 1 0
0.055 0 4 1 0
0.055 0 5 1 0
0.0562679 0 1 1 0
0.0562679 0 1 1 0
0.0582143 0 4 1 0
0.0582143 0 5 1 0
0.06 0 1 1 0
0.06 0 2 1 0
0.06 0 3 1 0
0.0632143 0 2 1 0
0.0632143 0 1 1 0
0.0632143 0 3 1 0
0.06475 0 1 1 0
0.06475 0 1 1 0
0.065 0 4 1 0
0.065 0 5 1 0
0.0662679 0 1 1 0
0.0662679 0 1 1 0
0.0682143 0 4 1 0
0.0682143 0 5 1 0
0.07 0 1 1 0
0.07 0 2 1 0
0.07 0 3 1 0
0.0732143 0 2 1 0
0.0732143 0 1 1 0
0.0732143 0 3 1 0
0.07475 0 1 1 0
0.07475 0 1 1 0
0.075 0 4 1 0
0.075 0 5 1 0
0.0762679 0 1 1 0
0.0762679 0 1 1 0
0.0782143 0 4 1 0
0.0782143 0 5 1 0
0.08 0 1 1 0
0.08 0 2 1 0
0.08 0 3 1 0
0.0832143 0 2 1 0
0.0832143 0 1 1 0
0.0832143 0 3 1 0
0.08475 0 1 1 0
0.08475 0 1 1 0
0.085 0 4 1 0
0.085 0 5 1 0
0.0862679 0 1 1 0
0.0862679 0 1 1 0
0.0882143 0 4 1 0
0.0882143 0 5 1 0
0.09 0 1 1 0
0.09 0 2 1 0
0.09 0 3 1 0
0.0932143 0 2 1 0
0.0932143 0 1 1 0
0.0932143 0 3 1 0
0.09475 0 1 1 0
0.09475 0 1 1 0
0.095 0 4 1 0
0.095 0 5 1 0
0.0962679 0 1 1 0
0.0962679 0 1 1 0
0.0982143 0 4 1 0
0.0982143 0 5 1 0
0.1 0 1 1 0
0.1 0 2 1 0
0.1 0 3 1 0
0.103214 0 2 1 0
0.103214 0 1 1 0
0.103214 0 3 1 0
0.10475 0 1 1 0
0.10475 0 1 1 0
0.105 0 4 1 0
0.105 0 5 1 0
0.106268 0 1 1 0
0.106268 0 1 1 0
0.108214 0 4 1 0
0.108214 0 5 1 0
0.11 0 1 1 0
0.11 0 2 1 0
0.11 0 3 1 0
0.113214 0 2 1 0
0.113214 0 1 1 0
0.113214 0 3 1 0
0.11475 0 1 1 0
0.11475 0 1 1 0
0.115 0 4 1 0
0.115 0 5 1 0
0.116268 0 1 1 0
0.116268 0 1 1 0
0.118214 0 4 1 0
0.118214 0 5 1 0
0.12 0 1 1 0
0.12 0 2 1 0
0.12 0 3 1 0
0.123214 0 2 1 0
0.123214 0 1 1 0
0.123214 0 3 1 0
0.12475 0 1 1 0
0.12475 0 1 1 0
0.125 0 4 1 0
0.125 0 5 1 0
0.126268 0 1 1 0
0.126268 0 1 1 0
0.128214 0 4 1 0
0.128214 0 5 1 0
0.13 0 1 1 0
0.13 0 2 1 0
0.13 0 3 1 0
0.133214 0 2 1 0
0.133214 0 1 1 0
0.133214 0 3 1 0
0.13475 0 1 1 0
0.13475 0 1 1 0
0.135 0 4 1 0
0.135 0 5 1 0
0.136268 0 1 1 0
0.136268 0 1 1 0
0.138214 0 4 1 0
0.138214 0 5 1 0
0.14 0 1 1 0
0.14 0 2 1 0
0.14 0 3 1 0
0.143214 0 2 1 0
0.143214 0 1 1 0
0.143214 0 3 1 0
0.14475 0 1 1 0
0.14475 0 1 1 0
0.145 0 4 1 0
0.145 0 5 1 0
0.146268 0 1 1 0
0.146268 0 1 1 0
0.148214 0 4 1 0
0.148214 0 5 1 0
0.15 0 1 1 0
0.15 0 2 1 0
0.15 0 3 1 0
0.153214 0 2 1 0
0.153214 0 1 1 0
0.153214 0 3 1 0
0.15475 0 1 1 0
0.15475 0 1 1 0
0.155 0 4 1 0
0.155 0 5 1 0
0.156268 0 1 1 0
0.156268 0 1 1 0
0.158214 0 4 1 0
0.158214 0 5 1 0
0.16 0 1 1 0
0.16 0 2 1 0
0.16 0 3 1 0
0.163214 0 2 1 0
0.163214 0 1 1 0
0.163214 0 3 1 0
0.16475 0 1 1 0
0.16475 0 1 1 0
0.165 0 4 1 0
0.165 0 5 1 0
0.166268 0 1 1 0
0.166268 0 1 1 0
0.168214 0 4 1 0
0.168214 0 5 1 0
0.17 0 1 1 0
0.17 0 2 1 0
0.17 0 3 1 0
0.173214 0 2 1 0
0.173214 0 1 1 0
0.173214 0 3 1 0
0.17475 0 1 1 0
0.17475 0 1 1 0
0.175 0 4 1 0
0.175 0 5 1 0
0.176268 0 1 1 0
0.176268 0 1 1 0
0.178214 0 4 1 0
0.178214 0 5 1 0
0.18 0 1 1 0
0.18 0 2 1 0
0.18 0 3 1 0
0.183214 0 2 1 0
0.183214 0 1 1 0
0.183214 0 3 1 0
0.18475 0 1 1 0
0.18475 0 1 1 0
0.185 0 4 1 0
0.185 0 5 1 0
0.186268 0 1 1 0
0.186268 0 1 1 0
0.188214 0 4 1 0
0.188214 0 5 1 0
0.19 0 1 1 0
0.19 0 2 1 0
0.19 0 3 1 0
0.193214 0 2 1 0
0.193214 0 1 1 0
0.193214 0 3 1 0
0.19475 0 1 1 0
0.19475 0 1 1 0
0.195 0 4 1 0
0.195 0 5 1 0
0.196268 0 1 1 0
0.196268 0 1 1 0
0.198214 0 4 1 0
0.198214 0 5 1 0
0.2 0 1 1 0
0.2 0 2 1 0
0.2 0 3 1 0
0.203214 0 2 1 0
0.203214 0 1 1 0
0.203214 0 3 1 0
0.20475 0 1 1 0
0.20475 0 1 1 0
0.205 0 4 1 0
0.205 0 5 1 0
0.206268 0 1 1 0
0.206268 0 1 1 0
0.208214 0 4 1 0
0.208214 0 5 1 0
0.21 0 1 1 0
0.21 0 2 1 0
0.21 0 3 1 0
0.213214 0 2 1 0
0.213214 0 1 1 0
0.213214 0 3 1 0
0.21475 0 1 1 0
0.21475 0 1 1 0
0.215 0 4 1 0
0.215 0 5 1 0
0.216268 0 1 1 0
0.216268 0 1 1 0
0.218214 0 4 1 0
0.218214 0 5 1 0
0.22 0 1 1 0
0.22 0 2 1 0
0.22 0 3 1 0
0.223214 0 2 1 0
0.223214 0 1 1 0
0.223214 0 3 1 0
0.22475 0 1 1 0
0.22475 0 1 1 0
0.225 0 4 1 0
0.225 0 5 1 0
0.226268 0 1 1 0
0.226268 0 1 1 0
0.228214 0 4 1 0
0.228214 0 5 1 0
0.23 0 1 1 0
0.23 0 2 1 0
0.23 0 3 1 0
0.233214 0 2 1 0
0.233214 0 1 1 0
0.233214 0 3 1 0
0.23475 0 1 1 0
0.23475 0 1 1 0
0.235 0 4 1 0
0.235 0 5 1 0
0.236268 0 1 1 0
0.236268 0 1 1 0
0.238214 0 4 1 0
0.238214 0 5 1 0
0.24 0 1 1 0
0.24 0 2 1 0
0.24 0 3 1 0
0.243214 0 2 1 0
0.243214 0 1 1 0
0.243214 0 3 1 0
0.24475 0 1 1 0
0.24475 0 1 1 0
0.245 0 4 1 0
0.245 0 5 1 0
0.246268 0 1 1 0
0.246268 0 1 1 0
0.248214 0 4 1 0
0.248214 0 5 1 0
0.25 0 1 1 0
0.25 0 2 1 0
0.25 0 3 1 0
0.253214 0 2 1 0
0.253214 0 1 1 0
0.253214 0 3 1 0
0.25475 0 1 1 0
0.25475 0 1 1 0
0.255 0 4 1 0
0.255 0 5 1 0
0.256268 0 1 1 0
0.256268 0 1 1 0
0.258214 0 4 1 0
0.258214 0 5 1 0
0.26 0 1 1 0
0.26 0 2 1 0
0.26 0 3 1 0
0.263214 0 2 1 0
0.263214 0 1 1 0
0.263214 0 3 1 0
0.26475 0 1 1 0
0.26475 0 1 1 0
0.265 0 4 1 0
0.265 0 5 1 0
0.266268 0 1 1 0
0.266268 0 1 1 0
0.268214 0 4 1 0
0.268214 0 5 1 0
0.27 0 1 1 0
0.27 0 2 1 0
0.27 0 3 1 0
0.273214 0 2 1 0
0.273214 0 1 1 0
0.273214 0 3 1 0
0.27475 0 1 1 0
0.27475 0 1 1 0
0.275 0 4 1 0
0.275 0 5 1 0
0.276268 0 1 1 0
0.276268 0 1 1 0
0.278214 0 4 1 0
0.278214 0 5 1 0
0.28 0 1 1 0
0.28 0 2 1 0
0.28 0 3 1 0
0.283214 0 2 1 0
0.283214 0 1 1 0
0.283214 0 3 1 0
0.28475 0 1 1 0
0.28475 0 1 1 0
0.285 0 4 1 0
0.285 0 5 1 0
0.286268 0 1 1 0
0.286268 0 1 1 0
0.288214 0 4 1 0
0.288214 0 5 1 0
0.29 0 1 1 0
0.29 0 2 1 0
0.29 0 3 1 0
0.293214 0 2 1 0
0.293214 0 1 1 0
0.293214 0 3 1 0
0.29475 0 1 1 0
0.29475 0 1 1 0
0.295 0 4 1 0
0.295 0 5 1 0
0.296268 0 1 1 0
0.296268 0 1 1 0
0.298214 0 4 1 0
0.298214 0 5 1 0
0.3 0 1 1 0
0.3 0 2 1 0
0.3 0 3 1 0
0.303214 0 2 1 0
0.303214 0 1 1 0
0.303214 0 3 1 0
0.30475 0 1 1 0
0.30475 0 1 1 0
0.305 0 4 1 0
0.305 0 5 1 0
0.306268 0 1 1 0
0.306268 0 1 1 0
0.308214 0 4 1 0
0.308214 0 5 1 0
0.31 0 1 1 0
0.31 0 2 1 0
0.31 0 3 1 0
0.313214 0 2 1 0
0.313214 0 1 1 0
0.313214 0 3 1 0
0.31475 0 1 1 0
0.31475 0 1 1 0
0.315 0 4 1 0
0.315 0 5 1 0
0.316268 0 1 1 0
0.316268 0 1 1 0
0.318214 0 4 1 0
0.318214 0 5 1 0
0.32 0 1 1 0
0.32 0 2 1 0
0.32 0 3 1 0
0.323214 0 2 1 0
0.323214 0 1 1 0
0.323214 0 3 1 0
0.32475 0 1 1 0
0.32475 0 1 1 0
0.325 0 4 1 0
0.325 0 5 1 0
0.326268 0 1 1 0
0.326268 0 1 1 0
0.328214 0 4 1 0
0.328214 0 5 1 0
0.33 0 1 1 0
0.33 0 2 1 0
0.33 0 3 1 0
0.333214 0 2 1 0
0.333214 0 1 1 0
0.333214 0 3 1 0
0.33475 0 1 1 0
0.33475 0 1 1 0
0.335 0 4 1 0
0.335 0 5 1 0
0.336268 0 1 1 0
0.336268 0 1 1 0
0.338214 0 4 1 0
0.338214 0 5 1 0
0.34 0 1 1 0
0.34 0 2 1 0
0.34 0 3 1 0
0.343214 0 2 1 0
0.343214 0 1 1 0
0.343214 0 3 1 0
0.34475 0 1 1 0
0.34475 0 1 1 0
0.345 0 4 1 0
0.345 0 5 1 0
0.346268 0 1 1 0
0.346268 0 1 1 0
0.348214 0 4 1 0
0.348214 0 5 1 0
0.35 0 1 1 0
0.35 0 2 1 0
0.35 0 3 1 0
0.353214 0 2 1 0
0.353214 0 1 1 0
0.353214 0 3 1 0
0.35475 0 1 1 0
0.35475 0 1 1 0
0.355 0 4 1 0
0.355 0 5 1 0
0.356268 0 1 1 0
0.356268 0 1 1 0
0.358214 0 4 1 0
0.358214 0 5 1 0
0.36 0 1 1 0
0.36 0 2 1 0
0.36 0 3 1 0
0.363214 0 2 1 0
0.363214 0 1 1 0
0.363214 0 3 1 0
0.36475 0 1 1 0
0.36475 0 1 1 0
0.365 0 4 1 0
0.365 0 5 1 0
0.366268 0 1 1 0
0.366268 0 1 1 0
0.368214 0 4 1 0
0.368214 0 5 1 0
0.37 0 1 1 0
0.37 0 2 1 0
0.37 0 3 1 0
0.373214 0 2 1 0
0.373214 0 1 1 0
0.373214 0 3 1 0
0.37475 0 1 1 0
0.37475 0 1 1 0
0.375 0 4 1 0
0.375 0 5 1 0
0.376268 0 1 1 0
0.376268 0 1 1 0
0.378214 0 4 1 0
0.378214 0 5 1 0
0.38 0 1 1 0
0.38 0 2 1 0
0.38 0 3 1 0
0.383214 0 2 1 0
0.383214 0 1 1 0
0.383214 0 3 1 0
0.38475 0 1 1 0
0.38475 0 1 1 0
0.385 0 4 1 0
0.385 0 5 1 0
0.386268 0 1 1 0
0.386268 0 1 1 0
0.388214 0 4 1 0
0.388214 0 5 1 0
0.39 0 1 1 0
0.39 0 2 1 0
0.39 0 3 1 0
0.393214 0 2 1 0
0.393214 0 1 1 0
0.393214 0 3 1 0
0.39475 0 1 1 0
0.39475 0 1 1 0
0.395 0 4 1 0
0.395 0 5 1 0
0.396268 0 1 1 0
0.396268 0 1 1 0
0.398214 0 4 1 0
0.398214 0 5 1 0
0.4 0 1 1 0
0.4 0 2 1 0
0.4 0 3 1 0
0.403214 0 2 1 0
0.403214 0 1 1 0
0.403214 0 3 1 0
0.40475 0 1 1 0
0.40475 0 1 1 0
0.405 0 4 1 0
0.405 0 5 1 0
0.406268 0 1 1 0
0.406268 0 1 1 0
0.408214 0 4 1 0
0.408214 0 5 1 0
0.41 0 1 1 0
0.41 0 2 1 0
0.41 0 3 1 0
0.413214 0 2 1 0
0.413214 0 1 1 0
0.413214 0 3 1 0
0.41475 0 1 1 0
0.41475 0 1 1 0
0.415 0 4 1 0
0.415 0 5 1 0
0.416268 0 1 1 0
0.416268 0 1 1 0
0.418214 0 4 1 0
0.418214 0 5 1 0
0.42 0 1 1 0
0.42 0 2 1 0
0.42 0 3 1 0
0.423214 0 2 1 0
0.423214 0 1 1 0
0.423214 0 3 1 0
0.42475 0 1 1 0
0.42475 0 1 1 0
0.425 0 4 1 0
0.425 0 5 1 0
0.426268 0 1 1 0
0.426268 0 1 1 0
0.428214 0 4 1 0
0.428214 0 5 1 0
0.43 0 1 1 0
0.43 0 2 1 0
0.43 0 3 1 0
0.433214 0 2 1 0
0.433214 0 1 1 0
0.433214 0 3 1 0
0.43475 0 1 1 0
0.43475 0 1 1 0
0.435 0 4 1 0
0.435 0 5 1 0
0.436268 0 1 1 0
0.436268 0 1 1 0
0.438214 0 4 1 0
0.438214 0 5 1 0
0.44 0 1 1 0
0.44 0 2 1 0
0.44 0 3 1 0
0.443214 0 2 1 0
0.443214 0 1 1 0
0.443214 0 3 1 0
0.44475 0 1 1 0
0.44475 0 1 1 0
0.445 0 4 1 0
0.445 0 5 1 0
0.446268 0 1 1 0
0.446268 0 1 1 0
0.448214 0 4 1 0
0.448214 0 5 1 0
0.45 0 1 1 0
0.45 0 2 1 0
0.45 0 3 1 0
0.453214 0 2 1 0
0.453214 0 1 1 0
0.453214 0 3 1 0
0.45475 0 1 1 0
0.45475 0 1 1 0
0.455 0 4 1 0
0.455 0 5 1 0
0.456268 0 1 1 0
0.456268 0 1 1 0
0.458214 0 4 1 0
0.458214 0 5 1 0
0.46 0 1 1 0
0.46 0 2 1 0
0.46 0 3 1 0
0.463214 0 2 1 0
0.463214 0 1 1 0
0.463214 0 3 1 0
0.46475 0 1 1 0
0.46475 0 1 1 0
0.465 0 4 1 0
0.465 0 5 1 0
0.466268 0 1 1 0
0.466268 0 1 1 0
0.468214 0 4 1 0
0.468214 0 5 1 0
0.47 0 1 1 0
0.47 0 2 1 0
0.47 0 3 1 0
0.473214 0 2 1 0
0.473214 0 1 1 0
0.473214 0 3 1 0
0.47475 0 1 1 0
0.47475 0 1 1 0
0.475 0 4 1 0
0.475 0 5 1 0
0.476268 0 1 1 0
0.476268 0 1 1 0
0.478214 0 4 1 0
0.478214 0 5 1 0
0.48 0 1 1 0
0.48 0 2 1 0
0.48 0 3 1 0
0.483214 0 2 1 0
0.483214 0 1 1 0
0.483214 0 3 1 0
0.48475 0 1 1 0
0.48475 0 1 1 0
0.485 0 4 1 0
0.485 0 5 1 0
0.486268 0 1 1 0
0.486268 0 1 1 0
0.488214 0 4 1 0
0.488214 0 5 1 0
0.49 0 1 1 0
0.49 0 2 1 0
0.49 0 3 1 0
0.493214 0 2 1 0
0.493214 0 1 1 0
0.493214 0 3 1 0
0.49475 0 1 1 0
0.49475 0 1 1 0
0.495 0 4 1 0
0.495 0 5 1 0
0.496268 0 1 1 0
0.496268 0 1 1 0
0.498214 0 4 1 0
0.498214 0 5 1 0
0.5 0 1 1 0
0.5 0 2 1 0
0.5 0 3 1 0
0.503214 0 2 1 0
0.503214 0 1 1 0
0.503214 0 3 1 0
0.50475 0 1 1 0
0.50475 0 1 1 0
0.505 0 4 1 0
0.505 0 5 1 0
0.506268 0 1 1 0
0.506268 0 1 1 0
0.508214 0 4 1 0
0.508214 0 5 1 0
0.51 0 1 1 0
0.51 0 2 1 0
0.51 0 3 1 0
0.513214 0 2 1 0
0.513214 0 1 1 0
0.513214 0 3 1 0
0.51475 0 1 1 0
0.51475 0 1 1 0
0.515 0 4 1 0
0.515 0 5 1 0
0.516268 0 1 1 0
0.516268 0 1 1 0
0.518214 0 4 1 0
0.518214 0 5 1 0
0.52 0 1 1 0
0.52 0 2 1 0
0.52 0 3 1 0
0.523214 0 2 1 0
0.523214 0 1 1 0
0.523214 0 3 1 0
0.52475 0 1 1 0
0.52475 0 1 1 0
0.525 0 4 1 0
0.525 0 5 1 0
0.526268 0 1 1 0
0.526268 0 1 1 0
0.528214 0 4 1 0
0.528214 0 5 1 0
0.53 0 1 1 0
0.53 0 2 1 0
0.53 0 3 1 0
0.533214 0 2 1 0
0.533214 0 1 1 0
0.533214 0 3 1 0
0.53475 0 1 1 0
0.53475 0 1 1 0
0.535 0 4 1 0
0.535 0 5 1 0
0.536268 0 1 1 0
0.536268 0 1 1 0
0.538214 0 4 1 0
0.538214 0 5 1 0
0.54 0 1 1 0
0.54 0 2 1 0
0.54 0 3 1 0
0.543214 0 2 1 0
0.543214 0 1 1 0
0.543214 0 3 1 0
0.54475 0 1 1 0
0.54475 0 1 1 0
0.545 0 4 1 0
0.545 0 5 1 0
0.546268 0 1 1 0
0.546268 0 1 1 0
0.548214 0 4 1 0
0.548214 0 5 1 0
0.55 0 1 1 0
0.55 0 2 1 0
0.55 0 3 1 0
0.553214 0 2 1 0
0.553214 0 1 1 0
0.553214 0 3 1 0
0.55475 0 1 1 0
0.55475 0 1 1 0
0.555 0 4 1 0
0.555 0 5 1 0
0.556268 0 1 1 0
0.556268 0 1 1 0
0.558214 0 4 1 0
0.558214 0 5 1 0
0.56 0 1 1 0
0.56 0 2 1 0
0.56 0 3 1 0
0.563214 0 2 1 0
0.563214 0 1 1 0
0.563214 0 3 1 0
0.56475 0 1 1 0
0.56475 0 1 1 0
0.565 0 4 1 0
0.565 0 5 1 0
0.566268 0 1 1 0
0.566268 0 1 1 0
0.568214 0 4 1 0
0.568214 0 5 1 0
0.57 0 1 1 0
0.57 0 2 1 0
0.57 0 3 1 0
0.573214 0 2 1 0
0.573214 0 1 1 0
0.573214 0 3 1 0
0.57475 0 1 1 0
0.57475 0 1 1 0
0.575 0 4 1 0
0.575 0 5 1 0
0.576268 0 1 1 0
0.576268 0 1 1 0
0.578214 0 4 1 0
0.578214 0 5 1 0
0.58 0 1 1 0
0.58 0 2 1 0
0.58 0 3 1 0
0.583214 0 2 1 0
0.583214 0 1 1 0
0.583214 0 3 1 0
0.58475 0 1 1 0
0.58475 0 1 1 0
0.585 0 4 1 0
0.585 0 5 1 0
0.586268 0 1 1 0
0.586268 0 1 1 0
0.588214 0 4 1 0
0.588214 0 5 1 0
0.59 0 1 1 0
0.59 0 2 1 0
0.59 0 3 1 0
0.593214 0 2 1 0
0.593214 0 1 1 0
0.593214 0 3 1 0
0.59475 0 1 1 0
0.59475 0 1 1 0
0.595 0 4 1 0
0.595 0 5 1 0
0.596268 0 1 1 0
0.596268 0 1 1 0
0.598214 0 4 1 0
0.598214 0 5 1 0
0.6 0 1 1 0
0.6 0 2 1 0
0.6 0 3 1 0
0.603214 0 2 1 0
0.603214 0 1 1 0
0.603214 0 3 1 0
0.60475 0 1 1 0
0.60475 0 1 1 0
0.605 0 4 1 0
0.605 0 5 1 0
0.606268 0 1 1 0
0.606268 0 1 1 0
0.608214 0 4 1 0
0.608214 0 5 1 0
0.61 0 1 1 0
0.61 0 2 1 0
0.61 0 3 1 0
0.613214 0 2 1 0
0.613214 0 1 1 0
0.613214 0 3 1 0
0.61475 0 1 1 0
0.61475 0 1 1 0
0.615 0 4 1 0
0.615 0 5 1 0
0.616268 0 1 1 0
0.616268 0 1 1 0
0.618214 0 4 1 0
0.618214 0 5 1 0
0.62 0 1 1 0
0.62 0 2 1 0
0.62 0 3 1 0
0.623214 0 2 1 0
0.623214 0 1 1 0
0.623214 0 3 1 0
0.62475 0 1 1 0
0.62475 0 1 1 0
0.625 0 4 1 0
0.625 0 5 1 0
0.626268 0 1 1 0
0.626268 0 1 1 0
0.628214 0 4 1 0
0.628214 0 5 1 0
0.63 0 1 1 0
0.63 0 2 1 0
0.63 0 3 1 0
0.633214 0 2 1 0
0.633214 0 1 1 0
0.633214 0 3 1 0
0.63475 0 1 1 0
0.63475 0 1 1 0
0.635 0 4 1 0
0.635 0 5 1 0
0.636268 0 1 1 0
0.636268 0 1 1 0
0.638214 0 4 1 0
0.638214 0 5 1 0
0.64 0 1 1 0
0.64 0 2 1 0
0.64 0 3 1 0
0.643214 0 2 1 0
0.643214 0 1 1 0
0.643214 0 3 1 0
0.64475 0 1 1 0
0.64475 0 1 1 0
0.645 0 4 1 0
0.645 0 5 1 0
0.646268 0 1 1 0
0.646268 0 1 1 0
0.648214 0 4 1 0
0.648214 0 5 1 0
0.65 0 1 1 0
0.65 0 2 1 0
0.65 0 3 1 0
0.653214 0 2 1 0
0.653214 0 1 1 0
0.653214 0 3 1 0
0.65475 0 1 1 0
0.65475 0 1 1 0
0.655 0 4 1 0
0.655 0 5 1 0
0.656268 0 1 1 0
0.656268 0 1 1 0
0.658214 0 4 1 0
0.658214 0 5 1 0
0.66 0 1 1 0
0.66 0 2 1 0
0.66 0 3 1 0
0.663214 0 2 1 0
0.663214 0 1 1 0
0.663214 0 3 1 0
0.66475 0 1 1 0
0.66475 0 1 1 0
0.665 0 4 1 0
0.665 0 5 1 0
0.666268 0 1 1 0
0.666268 0 1 1 0
0.668214 0 4 1 0
0.668214 0 5 1 0
0.67 0 1 1 0
0.67 0 2 1 0
0.67 0 3 1 0
0.673214 0 2 1 0
0.673214 0 1 1 0
0.673214 0 3 1 0
0.67475 0 1 1 0
0.67475 0 1 1 0
0.675 0 4 1 0
0.675 0 5 1 0
0.676268 0 1 1 0
0.676268 0 1 1 0
0.678214 0 4 1 0
0.678214 0 5 1 0
0.68 0 1 1 0
0.68 0 2 1 0
0.68 0 3 1 0
0.683214 0 2 1 0
0.683214 0 1 1 0
0.683214 0 3 1 0
0.68475 0 1 1 0
0.68475 0 1 1 0
0.685 0 4 1 0
0.685 0 5 1 0
0.686268 0 1 1 0
0.686268 0 1 1 0
0.688214 0 4 1 0
0.688214 0 5 1 0
0.69 0 1 1 0
0.69 0 2 1 0
0.69 0 3 1 0
0.693214 0 2 1 0
0.693214 0 1 1 0
0.693214 0 3 1 0
0.69475 0 1 1 0
0.69475 0 1 1 0
0.695 0 4 1 0
0.695 0 5 1 0
0.696268 0 1 1 0
0.696268 0 1 1 0
0.698214 0 4 1 0
0.698214 0 5 1 0
0.7 0 1 1 0
0.7 0 2 1 0
0.7 0 3 1 0
0.703214 0 2 1 0
0.703214 0 1 1 0
0.703214 0 3 1 0
0.70475 0 1 1 0
0.70475 0 1 1 0
0.705 0 4 1 0
0.705 0 5 1 0
0.706268 0 1 1 0
0.706268 0 1 1 0
0.708214 0 4 1 0
0.708214 0 5 1 0
0.71 0 1 1 0
0.71 0 2 1 0
0.71 0 3 1 0
0.713214 0 2 1 0
0.713214 0 1 1 0
0.713214 0 3 1 0
0.71475 0 1 1 0
0.71475 0 1 1 0
0.715 0 4 1 0
0.715 0 5 1 0
0.716268 0 1 1 0
0.716268 0 1 1 0
0.718214 0 4 1 0
0.718214 0 5 1 0
0.72 0 1 1 0
0.72 0 2 1 0
0.72 0 3 1 0
0.723214 0 2 1 0
0.723214 0 1 1 0
0.723214 0 3 1 0
0.72475 0 1 1 0
0.72475 0 1 1 0
0.725 0 4 1 0
0.725 0 5 1 0
0.726268 0 1 1 0
0.726268 0 1 1 0
0.728214 0 4 1 0
0.728214 0 5 1 0
0.73 0 1 1 0
0.73 0 2 1 0
0.73 0 3 1 0
0.733214 0 2 1 0
0.733214 0 1 1 0
0.733214 0 3 1 0
0.73475 0 1 1 0
0.73475 0 1 1 0
0.735 0 4 1 0
0.735 0 5 1 0
0.736268 0 1 1 0
0.736268 0 1 1 0
0.738214 0 4 1 0
0.738214 0 5 1 0
0.74 0 1 1 0
0.74 0 2 1 0
0.74 0 3 1 0
0.743214 0 2 1 0
0.743214 0 1 1 0
0.743214 0 3 1 0
0.74475 0 1 1 0
0.74475 0 1 1 0
0.745 0 4 1 0
0.745 0 5 1 0
0.746268 0 1 1 0
0.746268 0 1 1 0
0.748214 0 4 1 0
0.748214 0 5 1 0
0.75 0 1 1 0
0.75 0 2 1 0
0.75 0 3 1 0
0.753214 0 2 1 0
0.753214 0 1 1 0
0.753214 0 3 1 0
0.75475 0 1 1 0
0.75475 0 1 1 0
0.755 0 4 1 0
0.755 0 5 1 0
0.756268 0 1 1 0
0.756268 0 1 1 0
0.758214 0 4 1 0
0.758214 0 5 1 0
0.76 0 1 1 0
0.76 0 2 1 0
0.76 0 3 1 0
0.763214 0 2 1 0
0.763214 0 1 1 0
0.763214 0 3 1 0
0.76475 0 1 1 0
0.76475 0 1 1 0
0.765 0 4 1 0
0.765 0 5 1 0
0.766268 0 1 1 0
0.766268 0 1 1 0
0.768214 0 4 1 0
0.768214 0 5 1 0
0.77 0 1 1 0
0.77 0 2 1 0
0.77 0 3 1 0
0.773214 0 2 1 0
0.773214 0 1 1 0
0.773214 0 3 1 0
0.77475 0 1 1 0
0.77475 0 1 1 0
0.775 0 4 1 0
0.775 0 5 1 0
0.776268 0 1 1 0
0.776268 0 1 1 0
0.778214 0 4 1 0
0.778214 0 5 1 0
0.78 0 1 1 0
0.78 0 2 1 0
0.78 0 3 1 0
0.783214 0 2 1 0
0.783214 0 1 1 0
0.783214 0 3 1 0
0.78475 0 1 1 0
0.78475 0 1 1 0
0.785 0 4 1 0
0.785 0 5 1 0
0.786268 0 1 1 0
0.786268 0 1 1 0
0.788214 0 4 1 0
0.788214 0 5 1 0
0.79 0 1 1 0
0.79 0 2 1 0
0.79 0 3 1 0
0.793214 0 2 1 0
0.793214 0 1 1 0
0.793214 0 3 1 0
0.79475 0 1 1 0
0.79475 0 1 1 0
0.795 0 4 1 0
0.795 0 5 1 0
0.796268 0 1 1 0
0.796268 0 1 1 0
0.798214 0 4 1 0
0.798214 0 5 1 0
0.8 0 1 1 0
0.8 0 2 1 0
0.8 0 3 1 0
0.803214 0 2 1 0
0.803214 0 1 1 0
0.803214 0 3 1 0
0.80475 0 1 1 0
0.80475 0 1 1 0
0.805 0 4 1 0
0.805 0 5 1 0
0.806268 0 1 1 0
0.806268 0 1 1 0
0.808214 0 4 1 0
0.808214 0 5 1 0
0.81 0 1 1 0
0.81 0 2 1 0
0.81 0 3 1 0
0.813214 0 2 1 0
0.813214 0 1 1 0
0.813214 0 3 1 0
0.81475 0 1 1 0
0.81475 0 1 1 0
0.815 0 4 1 0
0.815 0 5 1 0
0.816268 0 1 1 0
0.816268 0 1 1 0
0.818214 0 4 1 0
0.818214 0 5 1 0
0.82 0 1 1 0
0.82 0 2 1 0
0.82 0 3 1 0
0.823214 0 2 1 0
0.823214 0 1 1 0
0.823214 0 3 1 0
0.82475 0 1 1 0
0.82475 0 1 1 0
0.825 0 4 1 0
0.825 0 5 1 0
0.826268 0 1 1 0
0.826268 0 1 1 0
0.828214 0 4 1 0
0.828214 0 5 1 0
0.83 0 1 1 0
0.83 0 2 1 0
0.83 0 3 1 0
0.833214 0 2 1 0
0.833214 0 1 1 0
0.833214 0 3 1 0
0.83475 0 1 1 0
0.83475 0 1 1 0
0.835 0 4 1 0
0.835 0 5 1 0
0.836268 0 1 1 0
0.836268 0 1 1 0
0.838214 0 4 1 0
0.838214 0 5 1 0
0.84 0 1 1 0
0.84 0 2 1 0
0.84 0 3 1 0
0.843214 0 2 1 0
0.843214 0 1 1 0
0.843214 0 3 1 0
0.84475 0 1 1 0
0.84475 0 1 1 0
0.845 0 4 1 0
0.845 0 5 1 0
0.846268 0 1 1 0
0.846268 0 1 1 0
0.848214 0 4 1 0
0.848214 0 5 1 0
0.85 0 1 1 0
0.85 0 2 1 0
0.85 0 3 1 0
0.853214 0 2 1 0
0.853214 0 1 1 0
0.853214 0 3 1 0
0.85475 0 1 1 0
0.85475 0 1 1 0
0.855 0 4 1 0
0.855 0 5 1 0
0.856268 0 1 1 0
0.856268 0 1 1 0
0.858214 0 4 1 0
0.858214 0 5 1 0
0.86 0 1 1 0
0.86 0 2 1 0
0.86 0 3 1 0
0.863214 0 2 1 0
0.863214 0 1 1 0
0.863214 0 3 1 0
0.86475 0 1 1 0
0.86475 0 1 1 0
0.865 0 4 1 0
0.865 0 5 1 0
0.866268 0 1 1 0
0.866268 0 1 1 0
0.868214 0 4 1 0
0.868214 0 5 1 0
0.87 0 1 1 0
0.87 0 2 1 0
0.87 0 3 1 0
0.873214 0 2 1 0
0.873214 0 1 1 0
0.873214 0 3 1 0
0.87475 0 1 1 0
0.87475 0 1 1 0
0.875 0 4 1 0
0.875 0 5 1 0
0.876268 0 1 1 0
0.876268 0 1 1 0
0.878214 0 4 1 0
0.878214 0 5 1 0
0.88 0 1 1 0
0.88 0 2 1 0
0.88 0 3 1 0
0.883214 0 2 1 0
0.883214 0 1 1 0
0.883214 0 3 1 0
0.88475 0 1 1 0
0.88475 0 1 1 0
0.885 0 4 1 0
0.885 0 5 1 0
0.886268 0 1 1 0
0.886268 0 1 1 0
0.888214 0 4 1 0
0.888214 0 5 1 0
0.89 0 1 1 0
0.89 0 2 1 0
0.89 0 3 1 0
0.893214 0 2 1 0
0.893214 0 1 1 0
0.893214 0 3 1 0
0.89475 0 1 1 0
0.89475 0 1 1 0
0.895 0 4 1 0
0.895 0 5 1 0
0.896268 0 1 1 0
0.896268 0 1 1 0
0.898214 0 4 1 0
0.898214 0 5 1 0
0.9 0 1 1 0
0.9 0 2 1 0
0.9 0 3 1 0
0.903214 0 2 1 0
0.903214 0 1 1 0
0.903214 0 3 1 0
0.90475 0 1 1 0
0.90475 0 1 1 0
0.905 0 4 1 0
0.905 0 5 1 0
0.906268 0 1 1 0
0.906268 0 1 1 0
0.908214 0 4 1 0
0.908214 0 5 1 0
0.91 0 1 1 0
0.91 0 2 1 0
0.91 0 3 1 0
0.913214 0 2 1 0
0.913214 0 1 1 0
0.913214 0 3 1 0
0.91475 0 1 1 0
0.91475 0 1 1 0
0.915 0 4 1 0
0.915 0 5 1 0
0.916268 0 1 1 0
0.916268 0 1 1 0
0.918214 0 4 1 0
0.918214 0 5 1 0
0.92 0 1 1 0
0.92 0 2 1 0
0.92 0 3 1 0
0.923214 0 2 1 0
0.923214 0 1 1 0
0.923214 0 3 1 0
0.92475 0 1 1 0
0.92475 0 1 1 0
0.925 0 4 1 0
0.925 0 5 1 0
0.926268 0 1 1 0
0.926268 0 1 1 0
0.928214 0 4 1 0
0.928214 0 5 1 0
0.93 0 1 1 0
0.93 0 2 1 0
0.93 0 3 1 0
0.933214 0 2 1 0
0.933214 0 1 1 0
0.933214 0 3 1 0
0.93475 0 1 1 0
0.93475 0 1 1 0
0.935 0 4 1 0
0.935 0 5 1 0
0.936268 0 1 1 0
0.936268 0 1 1 0
0.938214 0 4 1 0
0.938214 0 5 1 0
0.94 0 1 1 0
0.94 0 2 1 0
0.94 0 3 1 0
0.943214 0 2 1 0
0.943214 0 1 1 0
0.943214 0 3 1 0
0.94475 0 1 1 0
0.94475 0 1 1 0
0.945 0 4 1 0
0.945 0 5 1 0
0.946268 0 1 1 0
0.946268 0 1 1 0
0.948214 0 4 1 0
0.948214 0 5 1 0
0.95 0 1 1 0
0.95 0 2 1 0
0.95 0 3 1 0
0.953214 0 2 1 0
0.953214 0 1 1 0
0.953214 0 3 1 0
0.95475 0 1 1 0
0.95475 0 1 1 0
0.955 0 4 1 0
0.955 0 5 1 0
0.956268 0 1 1 0
0.956268 0 1 1 0
0.958214 0 4 1 0
0.958214 0 5 1 0
0.96 0 1 1 0
0.96 0 2 1 0
0.96 0 3 1 0
0.963214 0 2 1 0
0.963214 0 1 1 0
0.963214 0 3 1 0
0.96475 0 1 1 0
0.96475 0 1 1 0
0.965 0 4 1 0
0.965 0 5 1 0
0.966268 0 1 1 0
0.966268 0 1 1 0
0.968214 0 4 1 0
0.968214 0 5 1 0
0.97 0 1 1 0
0.97 0 2 1 0
0.97 0 3 1 0
0.973214 0 2 1 0
0.973214 0 1 1 0
0.973214 0 3 1 0
0.97475 0 1 1 0
0.97475 0 1 1 0
0.975 0 4 1 0
0.975 0 5 1 0
0.976268 0 1 1 0
0.976268 0 1 1 0
0.978214 0 4 1 0
0.978214 0 5 1 0
0.98 0 1 1 0
0.98 0 2 1 0
0.98 0 3 1 0
0.983214 0 2 1 0
0.983214 0 1 1 0
0.983214 0 3 1 0
0.98475 0 1 1 0
0.98475 0 1 1 0
0.985 0 4 1 0
0.985 0 5 1 0
0.986268 0 1 1 0
0.986268 0 1 1 0
0.988214 0 4 1 0
0.988214 0 5 1 0
0.99 0 1 1 0
0.99 0 2 1 0
0.99 0 3 1 0
0.993214 0 2 1 0
0.993214 0 1 1 0
0.993214 0 3 1 0
0.99475 0 1 1 0
0.99475 0 1 1 0
0.995 0 4 1 0
0.995 0 5 1 0
0.996268 0 1 1 0
0.996268 0 1 1 0
0.998214 0 4 1 0
0.998214 0 5 1 0
1 0 1 1 0
1 0 2 1 0
1 0 3 1 0
1.00321 0 2 1 0
1.00321 0 1 1 0
1.00321 0 3 1 0
1.00475 0 1 1 0
1.00475 0 1 1 0
1.005 0 4 1 0
1.005 0 5 1 0
1.00627 0 1 1 0
1.00627 0 1 1 0
1.00821 0 4 1 0
1.00821 0 5 1 0
1.01 0 1 1 0
1.01 0 2 1 0
1.01 0 3 1 0
1.01321 0 2 1 0
1.01321 0 1 1 0
1.01321 0 3 1 0
1.01475 0 1 1 0
1.01475 0 1 1 0
1.015 0 4 1 0
1.015 0 5 1 0
1.01627 0 1 1 0
1.01627 0 1 1 0
1.01821 0 4 1 0
1.01821 0 5 1 0
1.02 0 1 1 0
1.02 0 2 1 0
1.02 0 3 1 0
1.02321 0 2 1 0
1.02321 0 1 1 0
1.02321 0 3 1 0
1.02475 0 1 1 0
1.02475 0 1 1 0
1.025 0 4 1 0
1.025 0 5 1 0
1.02627 0 1 1 0
1.02627 0 1 1 0
1.02821 0 4 1 0
1.02821 0 5 1 0
1.03 0 1 1 0
1.03 0 2 1 0
1.03 0 3 1 0
1.03321 0 2 1 0
1.03321 0 1 1 0
1.03321 0 3 1 0
1.03475 0 1 1 0
1.03475 0 1 1 0
1.035 0 4 1 0
1.035 0 5 1 0
1.03627 0 1 1 0
1.03627 0 1 1 0
1.03821 0 4 1 0
1.03821 0 5 1 0
1.04 0 1 1 0
1.04 0 2 1 0
1.04 0 3 1 0
1.04321 0 2 1 0
1.04321 0 1 1 0
1.04321 0 3 1 0
1.04475 0 1 1 0
1.04475 0 1 1 0
1.045 0 4 1 0
1.045 0 5 1 0
1.04627 0 1 1 0
1.04627 0 1 1 0
1.04821 0 4 1 0
1.04821 0 5 1 0
1.05 0 1 1 0
1.05 0 2 1 0
1.05 0 3 1 0
1.05321 0 2 1 0
1.05321 0 1 1 0
1.05321 0 3 1 0
1.05475 0 1 1 0
1.05475 0 1 1 0
1.055 0 4 1 0
1.055 0 5 1 0
1.05627 0 1 1 0
1.05627 0 1 1 0
1.05821 0 4 1 0
1.05821 0 5 1 0
1.06 0 1 1 0
1.06 0 2 1 0
1.06 0 3 1 0
1.06321 0 2 1 0
1.06321 0 1 1 0
1.06321 0 3 1 0
1.06475 0 1 1 0
1.06475 0 1 1 0
1.065 0 4 1 0
1.065 0 5 1 0
1.06627 0 1 1 0
1.06627 0 1 1 0
1.06821 0 4 1 0
1.06821 0 5 1 0
1.07 0 1 1 0
1.07 0 2 1 0
1.07 0 3 1 0
1.07321 0 2 1 0
1.07321 0 1 1 0
1.07321 0 3 1 0
1.07475 0 1 1 0
1.07475 0 1 1 0
1.075 0 4 1 0
1.075 0 5 1 0
1.07627 0 1 1 0
1.07627 0 1 1 0
1.07821 0 4 1 0
1.07821 0 5 1 0
1.08 0 1 1 0
1.08 0 2 1 0
1.08 0 3 1 0
1.08321 0 2 1 0
1.08321 0 1 1 0
1.08321 0 3 1 0
1.08475 0 1 1 0
1.08475 0 1 1 0
1.085 0 4 1 0
1.085 0 5 1 0
1.08627 0 1 1 0
1.08627 0 1 1 0
1.08821 0 4 1 0
1.08821 0 5 1 0
1.09 0 1 1 0
1.09 0 2 1 0
1.09 0 3 1 0
1.09321 0 2 1 0
1.09321 0 1 1 0
1.09321 0 3 1 0
1.09475 0 1 1 0
1.09475 0 1 1 0
1.095 0 4 1 0
1.095 0 5 1 0
1.09627 0 1 1 0
1.09627 0 1 1 0
1.09821 0 4 1 0
1.09821 0 5 1 0
1.1 0 1 1 0
1.1 0 2 1 0
1.1 0 3 1 0
1.10321 0 2 1 0
1.10321 0 1 1 0
1.10321 0 3 1 0
1.10475 0 1 1 0
1.10475 0 1 1 0
1.105 0 4 1 0
1.105 0 5 1 0
1.10627 0 1 1 0
1.10627 0 1 1 0
1.10821 0 4 1 0
1.10821 0 5 1 0
1.11 0 1 1 0
1.11 0 2 1 0
1.11 0 3 1 0
1.11321 0 2 1 0
1.11321 0 1 1 0
1.11321 0 3 1 0
1.11475 0 1 1 0
1.11475 0 1 1 0
1.115 0 4 1 0
1.115 0 5 1 0
1.11627 0 1 1 0
1.11627 0 1 1 0
1.11821 0 4 1 0
1.11821 0 5 1 0
1.12 0 1 1 0
1.12 0 2 1 0
1.12 0 3 1 0
1.12321 0 2 1 0
1.12321 0 1 1 0
1.12321 0 3 1 0
1.12475 0 1 1 0
1.12475 0 1 1 0
1.125 0 4 1 0
1.125 0 5 1 0
1.12627 0 1 1 0
1.12627 0 1 1 0
1.12821 0 4 1 0
1.12821 0 5 1 0
1.13 0 1 1 0
1.13 0 2 1 0
1.13 0 3 1 0
1.13321 0 2 1 0
1.13321 0 1 1 0
1.13321 0 3 1 0
1.13475 0 1 1 0
1.13475 0 1 1 0
1.135 0 4 1 0
1.135 0 5 1 0
1.13627 0 1 1 0
1.13627 0 1 1 0
1.13821 0 4 1 0
1.13821 0 5 1 0
1.14 0 1 1 0
1.14 0 2 1 0
1.14 0 3 1 0
1.14321 0 2 1 0
1.14321 0 1 1 0
1.14321 0 3 1 0
1.14475 0 1 1 0
1.14475 0 1 1 0
1.145 0 4 1 0
1.145 0 5 1 0
1.14627 0 1 1 0
1.14627 0 1 1 0
1.14821 0 4 1 0
1.14821 0 5 1 0
1.15 0 1 1 0
1.15 0 2 1 0
1.15 0 3 1 0
1.15321 0 2 1 0
1.15321 0 1 1 0
1.15321 0 3 1 0
1.15475 0 1 1 0
1.15475 0 1 1 0
1.155 0 4 1 0
1.155 0 5 1 0
1.15627 0 1 1 0
1.15627 0 1 1 0
1.15821 0 4 1 0
1.15821 0 5 1 0
1.16 0 1 1 0
1.16 0 2 1 0
1.16 0 3 1 0
1.16321 0 2 1 0
1.16321 0 1 1 0
1.16321 0 3 1 0
1.16475 0 1 1 0
1.16475 0 1 1 0
1.165 0 4 1 0
1.165 0 5 1 0
1.16627 0 1 1 0
1.16627 0 1 1 0
1.16821 0 4 1 0
1.16821 0 5 1 0
1.17 0 1 1 0
1.17 0 2 1 0
1.17 0 3 1 0
1.17321 0 2 1 0
1.17321 0 1 1 0
1.17321 0 3 1 0
1.17475 0 1 1 0
1.17475 0 1 1 0
1.175 0 4 1 0
1.175 0 5 1 0
1.17627 0 1 1 0
1.17627 0 1 1 0
1.17821 0 4 1 0
1.17821 0 5 1 0
1.18 0 1 1 0
1.18 0 2 1 0
1.18 0 3 1 0
1.18321 0 2 1 0
1.18321 0 1 1 0
1.18321 0 3 1 0
1.18475 0 1 1 0
1.18475 0 1 1 0
1.185 0 4 1 0
1.185 0 5 1 0
1.18627 0 1 1 0
1.18627 0 1 1 0
1.18821 0 4 1 0
1.18821 0 5 1 0
1.19 0 1 1 0
1.19 0 2 1 0
1.19 0 3 1 0
1.19321 0 2 1 0
1.19321 0 1 1 0
1.19321 0 3 1 0
1.19475 0 1 1 0
1.19475 0 1 1 0
1.195 0 4 1 0
1.195 0 5 1 0
1.19627 0 1 1 0
1.19627 0 1 1 0
1.19821 0 4 1 0
1.19821 0 5 1 0
1.2 0 1 1 0
1.2 0 2 1 0
1.2 0 3 1 0
1.20321 0 2 1 0
1.20321 0 1 1 0
1.20321 0 3 1 0
1.20475 0 1 1 0
1.20475 0 1 1 0
1.205 0 4 1 0
1.205 0 5 1 0
1.20627 0 1 1 0
1.20627 0 1 1 0
1.20821 0 4 1 0
1.20821 0 5 1 0
1.21 0 1 1 0
1.21 0 2 1 0
1.21 0 3 1 0
1.21321 0 2 1 0
1.21321 0 1 1 0
1.21321 0 3 1 0
1.21475 0 1 1 0
1.21475 0 1 1 0
1.215 0 4 1 0
1.215 0 5 1 0
1.21627 0 1 1 0
1.21627 0 1 1 0
1.21821 0 4 1 0
1.21821 0 5 1 0
1.22 0 1 1 0
1.22 0 2 1 0
1.22 0 3 1 0
1.22321 0 2 1 0
1.22321 0 1 1 0
1.22321 0 3 1 0
1.22475 0 1 1 0
1.22475 0 1 1 0
1.225 0 4 1 0
1.225 0 5 1 0
1.22627 0 1 1 0
1.22627 0 1 1 0
1.22821 0 4 1 0
1.22821 0 5 1 0
1.23 0 1 1 0
1.23 0 2 1 0
1.23 0 3 1 0
1.23321 0 2 1 0
1.23321 0 1 1 0
1.23321 0 3 1 0
1.23475 0 1 1 0
1.23475 0 1 1 0
1.235 0 4 1 0
1.235 0 5 1 0
1.23627 0 1 1 0
1.23627 0 1 1 0
1.23821 0 4 1 0
1.23821 0 5 1 0
1.24 0 1 1 0
1.24 0 2 1 0
1.24 0 3 1 0
1.24321 0 2 1 0
1.24321 0 1 1 0
1.24321 0 3 1 0
1.24475 0 1 1 0
1.24475 0 1 1 0
1.245 0 4 1 0
1.245 0 5 1 0
1.24627 0 1 1 0
1.24627 0 1 1 0
1.24821 0 4 1 0
1.24821 0 5 1 0
1.25 0 1 1 0
1.25 0 2 1 0
1.25 0 3 1 0
1.25321 0 2 1 0
1.25321 0 1 1 0
1.25321 0 3 1 0
1.25475 0 1 1 0
1.25475 0 1 1 0
1.255 0 4 1 0
1.255 0 5 1 0
1.25627 0 1 1 0
1.25627 0 1 1 0
1.25821 0 4 1 0
1.25821 0 5 1 0
1.26 0 1 1 0
1.26 0 2 1 0
1.26 0 3 1 0
1.26321 0 2 1 0
1.26321 0 1 1 0
1.26321 0 3 1 0
1.26475 0 1 1 0
1.26475 0 1 1 0
1.265 0 4 1 0
1.265 0 5 1 0
1.26627 0 1 1 0
1.26627 0 1 1 0
1.26821 0 4 1 0
1.26821 0 5 1 0
1.27 0 1 1 0
1.27 0 2 1 0
1.27 0 3 1 0
1.27321 0 2 1 0
1.27321 0 1 1 0
1.27321 0 3 1 0
1.27475 0 1 1 0
1.27475 0 1 1 0
1.275 0 4 1 0
1.275 0 5 1 0
1.27627 0 1 1 0
1.27627 0 1 1 0
1.27821 0 4 1 0
1.27821 0 5 1 0
1.28 0 1 1 0
1.28 0 2 1 0
1.28 0 3 1 0
1.28321 0 2 1 0
1.28321 0 1 1 0
1.28321 0 3 1 0
1.28475 0 1 1 0
1.28475 0 1 1 0
1.285 0 4 1 0
1.285 0 5 1 0
1.28627 0 1 1 0
1.28627 0 1 1 0
1.28821 0 4 1 0
1.28821 0 5 1 0
1.29 0 1 1 0
1.29 0 2 1 0
1.29 0 3 1 0
1.29321 0 2 1 0
1.29321 0 1 1 0
1.29321 0 3 1 0
1.29475 0 1 1 0
1.29475 0 1 1 0
1.295 0 4 1 0
1.295 0 5 1 0
1.29627 0 1 1 0
1.29627 0 1 1 0
1.29821 0 4 1 0
1.29821 0 5 1 0
1.3 0 1 1 0
1.3 0 2 1 0
1.3 0 3 1 0
1.30321 0 2 1 0
1.30321 0 1 1 0
1.30321 0 3 1 0
1.30475 0 1 1 0
1.30475 0 1 1 0
1.305 0 4 1 0
1.305 0 5 1 0
1.30627 0 1 1 0
1.30627 0 1 1 0
1.30821 0 4 1 0
1.30821 0 5 1 0
1.31 0 1 1 0
1.31 0 2 1 0
1.31 0 3 1 0
1.31321 0 2 1 0
1.31321 0 1 1 0
1.31321 0 3 1 0
1.31475 0 1 1 0
1.31475 0 1 1 0
1.315 0 4 1 0
1.315 0 5 1 0
1.31627 0 1 1 0
1.31627 0 1 1 0
1.31821 0 4 1 0
1.31821 0 5 1 0
1.32 0 1 1 0
1.32 0 2 1 0
1.32 0 3 1 0
1.32321 0 2 1 0
1.32321 0 1 1 0
1.32321 0 3 1 0
1.32475 0 1 1 0
1.32475 0 1 1 0
1.325 0 4 1 0
1.325 0 5 1 0
1.32627 0 1 1 0
1.32627 0 1 1 0
1.32821 0 4 1 0
1.32821 0 5 1 0
1.33 0 1 1 0
1.33 0 2 1 0
1.33 0 3 1 0
1.33321 0 2 1 0
1.33321 0 1 1 0
1.33321 0 3 1 0
1.33475 0 1 1 0
1.33475 0 1 1 0
1.335 0 4 1 0
1.335 0 5 1 0
1.33627 0 1 1 0
1.33627 0 1 1 0
1.33821 0 4 1 0
1.33821 0 5 1 0
1.34 0 1 1 0
1.34 0 2 1 0
1.34 0 3 1 0
1.34321 0 2 1 0
1.34321 0 1 1 0
1.34321 0 3 1 0
1.34475 0 1 1 0
1.34475 0 1 1 0
1.345 0 4 1 0
1.345 0 5 1 0
1.34627 0 1 1 0
1.34627 0 1 1 0
1.34821 0 4 1 0
1.34821 0 5 1 0
1.35 0 1 1 0
1.35 0 2 1 0
1.35 0 3 1 0
1.35321 0 2 1 0
1.35321 0 1 1 0
1.35321 0 3 1 0
1.35475 0 1 1 0
1.35475 0 1 1 0
1.355 0 4 1 0
1.355 0 5 1 0
1.35627 0 1 1 0
1.35627 0 1 1 0
1.35821 0 4 1 0
1.35821 0 5 1 0
1.36 0 1 1 0
1.36 0 2 1 0
1.36 0 3 1 0
1.36321 0 2 1 0
1.36321 0 1 1 0
1.36321 0 3 1 0
1.36475 0 1 1 0
1.36475 0 1 1 0
1.365 0 4 1 0
1.365 0 5 1 0
1.36627 0 1 1 0
1.36627 0 1 1 0
1.36821 0 4 1 0
1.36821 0 5 1 0
1.37 0 1 1 0
1.37 0 2 1 0
1.37 0 3 1 0
1.37321 0 2 1 0
1.37321 0 1 1 0
1.37321 0 3 1 0
1.37475 0 1 1 0
1.37475 0 1 1 0
1.375 0 4 1 0
1.375 0 5 1 0
1.37627 0 1 1 0
1.37627 0 1 1 0
1.37821 0 4 1 0
1.37821 0 5 1 0
1.38 0 1 1 0
1.38 0 2 1 0
1.38 0 3 1 0
1.38321 0 2 1 0
1.38321 0 1 1 0
1.38321 0 3 1 0
1.38475 0 1 1 0
1.38475 0 1 1 0
1.385 0 4 1 0
1.385 0 5 1 0
1.38627 0 1 1 0
1.38627 0 1 1 0
1.38821 0 4 1 0
1.38821 0 5 1 0
1.39 0 1 1 0
1.39 0 2 1 0
1.39 0 3 1 0
1.39321 0 2 1 0
1.39321 0 1 1 0
1.39321 0 3 1 0
1.39475 0 1 1 0
1.39475 0 1 1 0
1.395 0 4 1 0
1.395 0 5 1 0
1.39627 0 1 1 0
1.39627 0 1 1 0
1.39821 0 4 1 0
1.39821 0 5 1 0
1.4 0 1 1 0
1.4 0 2 1 0
1.4 0 3 1 0
1.40321 0 2 1 0
1.40321 0 1 1 0
1.40321 0 3 1 0
1.40475 0 1 1 0
1.40475 0 1 1 0
1.405 0 4 1 0
1.405 0 5 1 0
1.40627 0 1 1 0
1.40627 0 1 1 0
1.40821 0 4 1 0
1.40821 0 5 1 0
1.41 0 1 1 0
1.41 0 2 1 0
1.41 0 3 1 0
1.41321 0 2 1 0
1.41321 0 1 1 0
1.41321 0 3 1 0
1.41475 0 1 1 0
1.41475 0 1 1 0
1.415 0 4 1 0
1.415 0 5 1 0
1.41627 0 1 1 0
1.41627 0 1 1 0
1.41821 0 4 1 0
1.41821 0 5 1 0
1.42 0 1 1 0
1.42 0 2 1 0
1.42 0 3 1 0
1.42321 0 2 1 0
1.42321 0 1 1 0
1.42321 0 3 1 0
1.42475 0 1 1 0
1.42475 0 1 1 0
1.425 0 4 1 0
1.425 0 5 1 0
1.42627 0 1 1 0
1.42627 0 1 1 0
1.42821 0 4 1 0
1.42821 0 5 1 0
1.43 0 1 1 0
1.43 0 2 1 0
1.43 0 3 1 0
1.43321 0 2 1 0
1.43321 0 1 1 0
1.43321 0 3 1 0
1.43475 0 1 1 0
1.43475 0 1 1 0
1.435 0 4 1 0
1.435 0 5 1 0
1.43627 0 1 1 0
1.43627 0 1 1 0
1.43821 0 4 1 0
1.43821 0 5 1 0
1.44 0 1 1 0
1.44 0 2 1 0
1.44 0 3 1 0
1.44321 0 2 1 0
1.44321 0 1 1 0
1.44321 0 3 1 0
1.44475 0 1 1 0
1.44475 0 1 1 0
1.445 0 4 1 0
1.445 0 5 1 0
1.44627 0 1 1 0
1.44627 0 1 1 0
1.44821 0 4 1 0
1.44821 0 5 1 0
1.45 0 1 1 0
1.45 0 2 1 0
1.45 0 3 1 0
1.45321 0 2 1 0
1.45321 0 1 1 0
1.45321 0 3 1 0
1.45475 0 1 1 0
1.45475 0 1 1 0
1.455 0 4 1 0
1.455 0 5 1 0
1.45627 0 1 1 0
1.45627 0 1 1 0
1.45821 0 4 1 0
1.45821 0 5 1 0
1.46 0 1 1 0
1.46 0 2 1 0
1.46 0 3 1 0
1.46321 0 2 1 0
1.46321 0 1 1 0
1.46321 0 3 1 0
1.46475 0 1 1 0
1.46475 0 1 1 0
1.465 0 4 1 0
1.465 0 5 1 0
1.46627 0 1 1 0
1.46627 0 1 1 0
1.46821 0 4 1 0
1.46821 0 5 1 0
1.47 0 1 1 0
1.47 0 2 1 0
1.47 0 3 1 0
1.47321 0 2 1 0
1.47321 0 1 1 0
1.47321 0 3 1 0
1.47475 0 1 1 0
1.47475 0 1 1 0
1.475 0 4 1 0
1.475 0 5 1 0
1.47627 0 1 1 0
1.47627 0 1 1 0
1.47821 0 4 1 0
1.47821 0 5 1 0
1.48 0 1 1 0
1.48 0 2 1 0
1.48 0 3 1 0
1.48321 0 2 1 0
1.48321 0 1 1 0
1.48321 0 3 1 0
1.48475 0 1 1 0
1.48475 0 1 1 0
1.485 0 4 1 0
1.485 0 5 1 0
1.48627 0 1 1 0
1.48627 0 1 1 0
1.48821 0 4 1 0
1.48821 0 5 1 0
1.49 0 1 1 0
1.49 0 2 1 0
1.49 0 3 1 0
1.49321 0 2 1 0
1.49321 0 1 1 0
1.49321 0 3 1 0
1.49475 0 1 1 0
1.49475 0 1 1 0
1.495 0 4 1 0
1.495 0 5 1 0
1.49627 0 1 1 0
1.49627 0 1 1 0
1.49821 0 4 1 0
1.49821 0 5 1 0
1.5 0 1 1 0
1.5 0 2 1 0
1.5 0 3 1 0
1.50321 0 2 1 0
1.50321 0 1 1 0
1.50321 0 3 1 0
1.50475 0 1 1 0
1.50475 0 1 1 0
1.505 0 4 1 0
1.505 0 5 1 0
1.50627 0 1 1 0
1.50627 0 1 1 0
1.50821 0 4 1 0
1.50821 0 5 1 0
1.51 0 1 1 0
1.51 0 2 1 0
1.51 0 3 1 0
1.51321 0 2 1 0
1.51321 0 1 1 0
1.51321 0 3 1 0
1.51475 0 1 1 0
1.51475 0 1 1 0
1.515 0 4 1 0
1.515 0 5 1 0
1.51627 0 1 1 0
1.51627 0 1 1 0
1.51821 0 4 1 0
1.51821 0 5 1 0
1.52 0 1 1 0
1.52 0 2 1 0
1.52 0 3 1 0
1.52321 0 2 1 0
1.52321 0 1 1 0
1.52321 0 3 1 0
1.52475 0 1 1 0
1.52475 0 1 1 0
1.525 0 4 1 0
1.525 0 5 1 0
1.52627 0 1 1 0
1.52627 0 1 1 0
1.52821 0 4 1 0
1.52821 0 5 1 0
1.53 0 1 1 0
1.53 0 2 1 0
1.53 0 3 1 0
1.53321 0 2 1 0
1.53321 0 1 1 0
1.53321 0 3 1 0
1.53475 0 1 1 0
1.53475 0 1 1 0
1.535 0 4 1 0
1.535 0 5 1 0
1.53627 0 1 1 0
1.53627 0 1 1 0
1.53821 0 4 1 0
1.53821 0 5 1 0
1.54 0 1 1 0
1.54 0 2 1 0
1.54 0 3 1 0
1.54321 0 2 1 0
1.54321 0 1 1 0
1.54321 0 3 1 0
1.54475 0 1 1 0
1.54475 0 1 1 0
1.545 0 4 1 0
1.545 0 5 1 0
1.54627 0 1 1 0
1.54627 0 1 1 0
1.54821 0 4 1 0
1.54821 0 5 1 0
1.55 0 1 1 0
1.55 0 2 1 0
1.55 0 3 1 0
1.55321 0 2 1 0
1.55321 0 1 1 0
1.55321 0 3 1 0
1.55475 0 1 1 0
1.55475 0 1 1 0
1.555 0 4 1 0
1.555 0 5 1 0
1.55627 0 1 1 0
1.55627 0 1 1 0
1.55821 0 4 1 0
1.55821 0 5 1 0
1.56 0 1 1 0
1.56 0 2 1 0
1.56 0 3 1 0
1.56321 0 2 1 0
1.56321 0 1 1 0
1.56321 0 3 1 0
1.56475 0 1 1 0
1.56475 0 1 1 0
1.565 0 4 1 0
1.565 0 5 1 0
1.56627 0 1 1 0
1.56627 0 1 1 0
1.56821 0 4 1 0
1.56821 0 5 1 0
1.57 0 1 1 0
1.57 0 2 1 0
1.57 0 3 1 0
1.57321 0 2 1 0
1.57321 0 1 1 0
1.57321 0 3 1 0
1.57475 0 1 1 0
1.57475 0 1 1 0
1.575 0 4 1 0
1.575 0 5 1 0
1.57627 0 1 1 0
1.57627 0 1 1 0
1.57821 0 4 1 0
1.57821 0 5 1 0
1.58 0 1 1 0
1.58 0 2 1 0
1.58 0 3 1 0
1.58321 0 2 1 0
1.58321 0 1 1 0
1.58321 0 3 1 0
1.58475 0 1 1 0
1.58475 0 1 1 0
1.585 0 4 1 0
1.585 0 5 1 0
1.58627 0 1 1 0
1.58627 0 1 1 0
1.58821 0 4 1 0
1.58821 0 5 1 0
1.59 0 1 1 0
1.59 0 2 1 0
1.59 0 3 1 0
1.59321 0 2 1 0
1.59321 0 1 1 0
1.59321 0 3 1 0
1.59475 0 1 1 0
1.59475 0 1 1 0
1.595 0 4 1 0
1.595 0 5 1 0
1.59627 0 1 1 0
1.59627 0 1 1 0
1.59821 0 4 1 0
1.59821 0 5 1 0
1.6 0 1 1 0
1.6 0 2 1 0
1.6 0 3 1 0
1.60321 0 2 1 0
1.60321 0 1 1 0
1.60321 0 3 1 0
1.60475 0 1 1 0
1.60475 0 1 1 0
1.605 0 4 1 0
1.605 0 5 1 0
1.60627 0 1 1 0
1.60627 0 1 1 0
1.60821 0 4 1 0
1.60821 0 5 1 0
1.61 0 1 1 0
1.61 0 2 1 0
1.61 0 3 1 0
1.61321 0 2 1 0
1.61321 0 1 1 0
1.61321 0 3 1 0
1.61475 0 1 1 0
1.61475 0 1 1 0
1.615 0 4 1 0
1.615 0 5 1 0
1.61627 0 1 1 0
1.61627 0 1 1 0
1.61821 0 4 1 0
1.61821 0 5 1 0
1.62 0 1 1 0
1.62 0 2 1 0
1.62 0 3 1 0
1.62321 0 2 1 0
1.62321 0 1 1 0
1.62321 0 3 1 0
1.62475 0 1 1 0
1.62475 0 1 1 0
1.625 0 4 1 0
1.625 0 5 1 0
1.62627 0 1 1 0
1.62627 0 1 1 0
1.62821 0 4 1 0
1.62821 0 5 1 0
1.63 0 1 1 0
1.63 0 2 1 0
1.63 0 3 1 0
1.63321 0 2 1 0
1.63321 0 1 1 0
1.63321 0 3 1 0
1.63475 0 1 1 0
1.63475 0 1 1 0
1.635 0 4 1 0
1.635 0 5 1 0
1.63627 0 1 1 0
1.63627 0 1 1 0
1.63821 0 4 1 0
1.63821 0 5 1 0
1.64 0 1 1 0
1.64 0 2 1 0
1.64 0 3 1 0
1.64321 0 2 1 0
1.64321 0 1 1 0
1.64321 0 3 1 0
1.64475 0 1 1 0
1.64475 0 1 1 0
1.645 0 4 1 0
1.645 0 5 1 0
1.64627 0 1 1 0
1.64627 0 1 1 0
1.64821 0 4 1 0
1.64821 0 5 1 0
1.65 0 1 1 0
1.65 0 2 1 0
1.65 0 3 1 0
1.65321 0 2 1 0
1.65321 0 1 1 0
1.65321 0 3 1 0
1.65475 0 1 1 0
1.65475 0 1 1 0
1.655 0 4 1 0
1.655 0 5 1 0
1.65627 0 1 1 0
1.65627 0 1 1 0
1.65821 0 4 1 0
1.65821 0 5 1 0
1.66 0 1 1 0
1.66 0 2 1 0
1.66 0 3 1 0
1.66321 0 2 1 0
1.66321 0 1 1 0
1.66321 0 3 1 0
1.66475 0 1 1 0
1.66475 0 1 1 0
1.665 0 4 1 0
1.665 0 5 1 0
1.66627 0 1 1 0
1.66627 0 1 1 0
1.66821 0 4 1 0
1.66821 0 5 1 0
1.67 0 1 1 0
1.67 0 2 1 0
1.67 0 3 1 0
1.67321 0 2 1 0
1.67321 0 1 1 0
1.67321 0 3 1 0
1.67475 0 1 1 0
1.67475 0 1 1 0
1.675 0 4 1 0
1.675 0 5 1 0
1.67627 0 1 1 0
1.67627 0 1 1 0
1.67821 0 4 1 0
1.67821 0 5 1 0
1.68 0 1 1 0
1.68 0 2 1 0
1.68 0 3 1 0
1.68321 0 2 1 0
1.68321 0 1 1 0
1.68321 0 3 1 0
1.68475 0 1 1 0
1.68475 0 1 1 0
1.685 0 4 1 0
1.685 0 5 1 0
1.68627 0 1 1 0
1.68627 0 1 1 0
1.68821 0 4 1 0
1.68821 0 5 1 0
1.69 0 1 1 0
1.69 0 2 1 0
1.69 0 3 1 0
1.69321 0 2 1 0
1.69321 0 1 1 0
1.69321 0 3 1 0
1.69475 0 1 1 0
1.69475 0 1 1 0
1.695 0 4 1 0
1.695 0 5 1 0
1.69627 0 1 1 0
1.69627 0 1 1 0
1.69821 0 4 1 0
1.69821 0 5 1 0
1.7 0 1 1 0
1.7 0 2 1 0
1.7 0 3 1 0
1.70321 0 2 1 0
1.70321 0 1 1 0
1.70321 0 3 1 0
1.70475 0 1 1 0
1.70475 0 1 1 0
1.705 0 4 1 0
1.705 0 5 1 0
1.70627 0 1 1 0
1.70627 0 1 1 0
1.70821 0 4 1 0
1.70821 0 5 1 0
1.71 0 1 1 0
1.71 0 2 1 0
1.71 0 3 1 0
1.71321 0 2 1 0
1.71321 0 1 1 0
1.71321 0 3 1 0
1.71475 0 1 1 0
1.71475 0 1 1 0
1.715 0 4 1 0
1.715 0 5 1 0
1.71627 0 1 1 0
1.71627 0 1 1 0
1.71821 0 4 1 0
1.71821 0 5 1 0
1.72 0 1 1 0
1.72 0 2 1 0
1.72 0 3 1 0
1.72321 0 2 1 0
1.72321 0 1 1 0
1.72321 0 3 1 0
1.72475 0 1 1 0
1.72475 0 1 1 0
1.725 0 4 1 0
1.725 0 5 1 0
1.72627 0 1 1 0
1.72627 0 1 1 0
1.72821 0 4 1 0
1.72821 0 5 1 0
1.73 0 1 1 0
1.73 0 2 1 0
1.73 0 3 1 0
1.73321 0 2 1 0
1.73321 0 1 1 0
1.73321 0 3 1 0
1.73475 0 1 1 0
1.73475 0 1 1 0
1.735 0 4 1 0
1.735 0 5 1 0
1.73627 0 1 1 0
1.73627 0 1 1 0
1.73821 0 4 1 0
1.73821 0 5 1 0
1.74 0 1 1 0
1.74 0 2 1 0
1.74 0 3 1 0
1.74321 0 2 1 0
1.74321 0 1 1 0
1.74321 0 3 1 0
1.74475 0 1 1 0
1.74475 0 1 1 0
1.745 0 4 1 0
1.745 0 5 1 0
1.74627 0 1 1 0
1.74627 0 1 1 0
1.74821 0 4 1 0
1.74821 0 5 1 0
1.75 0 1 1 0
1.75 0 2 1 0
1.75 0 3 1 0
1.75321 0 2 1 0
1.75321 0 1 1 0
1.75321 0 3 1 0
1.75475 0 1 1 0
1.75475 0 1 1 0
1.755 0 4 1 0
1.755 0 5 1 0
1.75627 0 1 1 0
1.75627 0 1 1 0
1.75821 0 4 1 0
1.75821 0 5 1 0
1.76 0 1 1 0
1.76 0 2 1 0
1.76 0 3 1 0
1.76321 0 2 1 0
1.76321 0 1 1 0
1.76321 0 3 1 0
1.76475 0 1 1 0
1.76475 0 1 1 0
1.765 0 4 1 0
1.765 0 5 1 0
1.76627 0 1 1 0
1.76627 0 1 1 0
1.76821 0 4 1 0
1.76821 0 5 1 0
1.77 0 1 1 0
1.77 0 2 1 0
1.77 0 3 1 0
1.77321 0 2 1 0
1.77321 0 1 1 0
1.77321 0 3 1 0
1.77475 0 1 1 0
1.77475 0 1 1 0
1.775 0 4 1 0
1.775 0 5 1 0
1.77627 0 1 1 0
1.77627 0 1 1 0
1.77821 0 4 1 0
1.77821 0 5 1 0
1.78 0 1 1 0
1.78 0 2 1 0
1.78 0 3 1 0
1.78321 0 2 1 0
1.78321 0 1 1 0
1.78321 0 3 1 0
1.78475 0 1 1 0
1.78475 0 1 1 0
1.785 0 4 1 0
1.785 0 5 1 0
1.78627 0 1 1 0
1.78627 0 1 1 0
1.78821 0 4 1 0
1.78821 0 5 1 0
1.79 0 1 1 0
1.79 0 2 1 0
1.79 0 3 1 0
1.79321 0 2 1 0
1.79321 0 1 1 0
1.79321 0 3 1 0
1.79475 0 1 1 0
1.79475 0 1 1 0
1.795 0 4 1 0
1.795 0 5 1 0
1.79627 0 1 1 0
1.79627 0 1 1 0
1.79821 0 4 1 0
1.79821 0 5 1 0
1.8 0 1 1 0
1.8 0 2 1 0
1.8 0 3 1 0
1.80321 0 2 1 0
1.80321 0 1 1 0
1.80321 0 3 1 0
1.80475 0 1 1 0
1.80475 0 1 1 0
1.805 0 4 1 0
1.805 0 5 1 0
1.80627 0 1 1 0
1.80627 0 1 1 0
1.80821 0 4 1 0
1.80821 0 5 1 0
1.81 0 1 1 0
1.81 0 2 1 0
1.81 0 3 1 0
1.81321 0 2 1 0
1.81321 0 1 1 0
1.81321 0 3 1 0
1.81475 0 1 1 0
1.81475 0 1 1 0
1.815 0 4 1 0
1.815 0 5 1 0
1.81627 0 1 1 0
1.81627 0 1 1 0
1.81821 0 4 1 0
1.81821 0 5 1 0
1.82 0 1 1 0
1.82 0 2 1 0
1.82 0 3 1 0
1.82321 0 2 1 0
1.82321 0 1 1 0
1.82321 0 3 1 0
1.82475 0 1 1 0
1.82475 0 1 1 0
1.825 0 4 1 0
1.825 0 5 1 0
1.82627 0 1 1 0
1.82627 0 1 1 0
1.82821 0 4 1 0
1.82821 0 5 1 0
1.83 0 1 1 0
1.83 0 2 1 0
1.83 0 3 1 0
1.83321 0 2 1 0
1.83321 0 1 1 0
1.83321 0 3 1 0
1.83475 0 1 1 0
1.83475 0 1 1 0
1.835 0 4 1 0
1.835 0 5 1 0
1.83627 0 1 1 0
1.83627 0 1 1 0
1.83821 0 4 1 0
1.83821 0 5 1 0
1.84 0 1 1 0
1.84 0 2 1 0
1.84 0 3 1 0
1.84321 0 2 1 0
1.84321 0 1 1 0
1.84321 0 3 1 0
1.84475 0 1 1 0
1.84475 0 1 1 0
1.845 0 4 1 0
1.845 0 5 1 0
1.84627 0 1 1 0
1.84627 0 1 1 0
1.84821 0 4 1 0
1.84821 0 5 1 0
1.85 0 1 1 0
1.85 0 2 1 0
1.85 0 3 1 0
1.85321 0 2 1 0
1.85321 0 1 1 0
1.85321 0 3 1 0
1.85475 0 1 1 0
1.85475 0 1 1 0
1.855 0 4 1 0
1.855 0 5 1 0
1.85627 0 1 1 0
1.85627 0 1 1 0
1.85821 0 4 1 0
1.85821 0 5 1 0
1.86 0 1 1 0
1.86 0 2 1 0
1.86 0 3 1 0
1.86321 0 2 1 0
1.86321 0 1 1 0
1.86321 0 3 1 0
1.86475 0 1 1 0
1.86475 0 1 1 0
1.865 0 4 1 0
1.865 0 5 1 0
1.86627 0 1 1 0
1.86627 0 1 1 0
1.86821 0 4 1 0
1.86821 0 5 1 0
1.87 0 1 1 0
1.87 0 2 1 0
1.87 0 3 1 0
1.87321 0 2 1 0
1.87321 0 1 1 0
1.87321 0 3 1 0
1.87475 0 1 1 0
1.87475 0 1 1 0
1.875 0 4 1 0
1.875 0 5 1 0
1.87627 0 1 1 0
1.87627 0 1 1 0
1.87821 0 4 1 0
1.87821 0 5 1 0
1.88 0 1 1 0
1.88 0 2 1 0
1.88 0 3 1 0
1.88321 0 2 1 0
1.88321 0 1 1 0
1.88321 0 3 1 0
1.88475 0 1 1 0
1.88475 0 1 1 0
1.885 0 4 1 0
1.885 0 5 1 0
1.88627 0 1 1 0
1.88627 0 1 1 0
1.88821 0 4 1 0
1.88821 0 5 1 0
1.89 0 1 1 0
1.89 0 2 1 0
1.89 0 3 1 0
1.89321 0 2 1 0
1.89321 0 1 1 0
1.89321 0 3 1 0
1.89475 0 1 1 0
1.89475 0 1 1 0
1.895 0 4 1 0
1.895 0 5 1 0
1.89627 0 1 1 0
1.89627 0 1 1 0
1.89821 0 4 1 0
1.89821 0 5 1 0
1.9 0 1 1 0
1.9 0 2 1 0
1.9 0 3 1 0
1.90321 0 2 1 0
1.90321 0 1 1 0
1.90321 0 3 1 0
1.90475 0 1 1 0
1.90475 0 1 1 0
1.905 0 4 1 0
1.905 0 5 1 0
1.90627 0 1 1 0
1.90627 0 1 1 0
1.90821 0 4 1 0
1.90821 0 5 1 0
1.91 0 1 1 0
1.91 0 2 1 0
1.91 0 3 1 0
1.91321 0 2 1 0
1.91321 0 1 1 0
1.91321 0 3 1 0
1.91475 0 1 1 0
1.91475 0 1 1 0
1.915 0 4 1 0
1.915 0 5 1 0
1.91627 0 1 1 0
1.91627 0 1 1 0
1.91821 0 4 1 0
1.91821 0 5 1 0
1.92 0 1 1 0
1.92 0 2 1 0
1.92 0 3 1 0
1.92321 0 2 1 0
1.92321 0 1 1 0
1.92321 0 3 1 0
1.92475 0 1 1 0
1.92475 0 1 1 0
1.925 0 4 1 0
1.925 0 5 1 0
1.92627 0 1 1 0
1.92627 0 1 1 0
1.92821 0 4 1 0
1.92821 0 5 1 0
1.93 0 1 1 0
1.93 0 2 1 0
1.93 0 3 1 0
1.93321 0 2 1 0
1.93321 0 1 1 0
1.93321 0 3 1 0
1.93475 0 1 1 0
1.93475 0 1 1 0
1.935 0 4 1 0
1.935 0 5 1 0
1.93627 0 1 1 0
1.93627 0 1 1 0
1.93821 0 4 1 0
1.93821 0 5 1 0
1.94 0 1 1 0
1.94 0 2 1 0
1.94 0 3 1 0
1.94321 0 2 1 0
1.94321 0 1 1 0
1.94321 0 3 1 0
1.94475 0 1 1 0
1.94475 0 1 1 0
1.945 0 4 1 0
1.945 0 5 1 0
1.94627 0 1 1 0
1.94627 0 1 1 0
1.94821 0 4 1 0
1.94821 0 5 1 0
1.95 0 1 1 0
1.95 0 2 1 0
1.95 0 3 1 0
1.95321 0 2 1 0
1.95321 0 1 1 0
1.95321 0 3 1 0
1.95475 0 1 1 0
1.95475 0 1 1 0
1.955 0 4 1 0
1.955 0 5 1 0
1.95627 0 1 1 0
1.95627 0 1 1 0
1.95821 0 4 1 0
1.95821 0 5 1 0
1.96 0 1 1 0
1.96 0 2 1 0
1.96 0 3 1 0
1.96321 0 2 1 0
1.96321 0 1 1 0
1.96321 0 3 1 0
1.96475 0 1 1 0
1.96475 0 1 1 0
1.965 0 4 1 0
1.965 0 5 1 0
1.96627 0 1 1 0
1.96627 0 1 1 0
1.96821 0 4 1 0
1.96821 0 5 1 0
1.97 0 1 1 0
1.97 0 2 1 0
1.97 0 3 1 0
1.97321 0 2 1 0
1.97321 0 1 1 0
1.97321 0 3 1 0
1.97475 0 1 1 0
1.97475 0 1 1 0
1.975 0 4 1 0
1.975 0 5 1 0
1.97627 0 1 1 0
1.97627 0 1 1 0
1.97821 0 4 1 0
1.97821 0 5 1 0
1.98 0 1 1 0
1.98 0 2 1 0
1.98 0 3 1 0
1.98321 0 2 1 0
1.98321 0 1 1 0
1.98321 0 3 1 0
1.98475 0 1 1 0
1.98475 0 1 1 0
1.985 0 4 1 0
1.985 0 5 1 0
1.98627 0 1 1 0
1.98627 0 1 1 0
1.98821 0 4 1 0
1.98821 0 5 1 0
1.99 0 1 1 0
1.99 0 2 1 0
1.99 0 3 1 0
1.99321 0 2 1 0
1.99321 0 1 1 0
1.99321 0 3 1 0
1.99475 0 1 1 0
1.99475 0 1 1 0
1.995 0 4 1 0
1.995 0 5 1 0
1.99627 0 1 1 0
1.99627 0 1 1 0
1.99821 0 4 1 0
1.99821 0 5 1 0
2 0 1 1 0
2 0 2 1 0
2 0 3 1 0
2.00321 0 2 1 0
2.00321 0 1 1 0
2.00321 0 3 1 0
2.00475 0 1 1 0
2.00475 0 1 1 0
2.005 0 4 1 0
2.005 0 5 1 0
2.00627 0 1 1 0
2.00627 0 1 1 0
2.00821 0 4 1 0
2.00821 0 5 1 0
2.01 0 1 1 0
2.01 0 2 1 0
2.01 0 3 1 0
2.01321 0 2 1 0
2.01321 0 1 1 0
2.01321 0 3 1 0
2.01475 0 1 1 0
2.01475 0 1 1 0
2.015 0 4 1 0
2.015 0 5 1 0
2.01627 0 1 1 0
2.01627 0 1 1 0
2.01821 0 4 1 0
2.01821 0 5 1 0
2.02 0 1 1 0
2.02 0 2 1 0
2.02 0 3 1 0
2.02321 0 2 1 0
2.02321 0 1 1 0
2.02321 0 3 1 0
2.02475 0 1 1 0
2.02475 0 1 1 0
2.025 0 4 1 0
2.025 0 5 1 0
2.02627 0 1 1 0
2.02627 0 1 1 0
2.02821 0 4 1 0
2.02821 0 5 1 0
2.03 0 1 1 0
2.03 0 2 1 0
2.03 0 3 1 0
2.03321 0 2 1 0
2.03321 0 1 1 0
2.03321 0 3 1 0
2.03475 0 1 1 0
2.03475 0 1 1 0
2.035 0 4 1 0
2.035 0 5 1 0
2.03627 0 1 1 0
2.03627 0 1 1 0
2.03821 0 4 1 0
2.03821 0 5 1 0
2.04 0 1 1 0
2.04 0 2 1 0
2.04 0 3 1 0
2.04321 0 2 1 0
2.04321 0 1 1 0
2.04321 0 3 1 0
2.04475 0 1 1 0
2.04475 0 1 1 0
2.045 0 4 1 0
2.045 0 5 1 0
2.04627 0 1 1 0
2.04627 0 1 1 0
2.04821 0 4 1 0
2.04821 0 5 1 0
2.05 0 1 1 0
2.05 0 2 1 0
2.05 0 3 1 0
2.05321 0 2 1 0
2.05321 0 1 1 0
2.05321 0 3 1 0
2.05475 0 1 1 0
2.05475 0 1 1 0
2.055 0 4 1 0
2.055 0 5 1 0
2.05627 0 1 1 0
2.05627 0 1 1 0
2.05821 0 4 1 0
2.05821 0 5 1 0
2.06 0 1 1 0
2.06 0 2 1 0
2.06 0 3 1 0
2.06321 0 2 1 0
2.06321 0 1 1 0
2.06321 0 3 1 0
2.06475 0 1 1 0
2.06475 0 1 1 0
2.065 0 4 1 0
2.065 0 5 1 0
2.06627 0 1 1 0
2.06627 0 1 1 0
2.06821 0 4 1 0
2.06821 0 5 1 0
2.07 0 1 1 0
2.07 0 2 1 0
2.07 0 3 1 0
2.07321 0 2 1 0
2.07321 0 1 1 0
2.07321 0 3 1 0
2.07475 0 1 1 0
2.07475 0 1 1 0
2.075 0 4 1 0
2.075 0 5 1 0
2.07627 0 1 1 0
2.07627 0 1 1 0
2.07821 0 4 1 0
2.07821 0 5 1 0
2.08 0 1 1 0
2.08 0 2 1 0
2.08 0 3 1 0
2.08321 0 2 1 0
2.08321 0 1 1 0
2.08321 0 3 1 0
2.08475 0 1 1 0
2.08475 0 1 1 0
2.085 0 4 1 0
2.085 0 5 1 0
2.08627 0 1 1 0
2.08627 0 1 1 0
2.08821 0 4 1 0
2.08821 0 5 1 0
2.09 0 1 1 0
2.09 0 2 1 0
2.09 0 3 1 0
2.09321 0 2 1 0
2.09321 0 1 1 0
2.09321 0 3 1 0
2.09475 0 1 1 0
2.09475 0 1 1 0
2.095 0 4 1 0
2.095 0 5 1 0
2.09627 0 1 1 0
2.09627 0 1 1 0
2.09821 0 4 1 0
2.09821 0 5 1 0
2.1 0 1 1 0
2.1 0 2 1 0
2.1 0 3 1 0
2.10321 0 2 1 0
2.10321 0 1 1 0
2.10321 0 3 1 0
2.10475 0 1 1 0
2.10475 0 1 1 0
2.105 0 4 1 0
2.105 0 5 1 0
2.10627 0 1 1 0
2.10627 0 1 1 0
2.10821 0 4 1 0
2.10821 0 5 1 0
2.11 0 1 1 0
2.11 0 2 1 0
2.11 0 3 1 0
2.11321 0 2 1 0
2.11321 0 1 1 0
2.11321 0 3 1 0
2.11475 0 1 1 0
2.11475 0 1 1 0
2.115 0 4 1 0
2.115 0 5 1 0
2.11627 0 1 1 0
2.11627 0 1 1 0
2.11821 0 4 1 0
2.11821 0 5 1 0
2.12 0 1 1 0
2.12 0 2 1 0
2.12 0 3 1 0
2.12321 0 2 1 0
2.12321 0 1 1 0
2.12321 0 3 1 0
2.12475 0 1 1 0
2.12475 0 1 1 0
2.125 0 4 1 0
2.125 0 5 1 0
2.12627 0 1 1 0
2.12627 0 1 1 0
2.12821 0 4 1 0
2.12821 0 5 1 0
2.13 0 1 1 0
2.13 0 2 1 0
2.13 0 3 1 0
2.13321 0 2 1 0
2.13321 0 1 1 0
2.13321 0 3 1 0
2.13475 0 1 1 0
2.13475 0 1 1 0
2.135 0 4 1 0
2.135 0 5 1 0
2.13627 0 1 1 0
2.13627 0 1 1 0
2.13821 0 4 1 0
2.13821 0 5 1 0
2.14 0 1 1 0
2.14 0 2 1 0
2.14 0 3 1 0
2.14321 0 2 1 0
2.14321 0 1 1 0
2.14321 0 3 1 0
2.14475 0 1 1 0
2.14475 0 1 1 0
2.145 0 4 1 0
2.145 0 5 1 0
2.14627 0 1 1 0
2.14627 0 1 1 0
2.14821 0 4 1 0
2.14821 0 5 1 0
2.15 0 1 1 0
2.15 0 2 1 0
2.15 0 3 1 0
2.15321 0 2 1 0
2.15321 0 1 1 0
2.15321 0 3 1 0
2.15475 0 1 1 0
2.15475 0 1 1 0
2.155 0 4 1 0
2.155 0 5 1 0
2.15627 0 1 1 0
2.15627 0 1 1 0
2.15821 0 4 1 0
2.15821 0 5 1 0
2.16 0 1 1 0
2.16 0 2 1 0
2.16 0 3 1 0
2.16321 0 2 1 0
2.16321 0 1 1 0
2.16321 0 3 1 0
2.16475 0 1 1 0
2.16475 0 1 1 0
2.165 0 4 1 0
2.165 0 5 1 0
2.16627 0 1 1 0
2.16627 0 1 1 0
2.16821 0 4 1 0
2.16821 0 5 1 0
2.17 0 1 1 0
2.17 0 2 1 0
2.17 0 3 1 0
2.17321 0 2 1 0
2.17321 0 1 1 0
2.17321 0 3 1 0
2.17475 0 1 1 0
2.17475 0 1 1 0
2.175 0 4 1 0
2.175 0 5 1 0
2.17627 0 1 1 0
2.17627 0 1 1 0
2.17821 0 4 1 0
2.17821 0 5 1 0
2.18 0 1 1 0
2.18 0 2 1 0
2.18 0 3 1 0
2.18321 0 2 1 0
2.18321 0 1 1 0
2.18321 0 3 1 0
2.18475 0 1 1 0
2.18475 0 1 1 0
2.185 0 4 1 0
2.185 0 5 1 0
2.18627 0 1 1 0
2.18627 0 1 1 0
2.18821 0 4 1 0
2.18821 0 5 1 0
2.19 0 1 1 0
2.19 0 2 1 0
2.19 0 3 1 0
2.19321 0 2 1 0
2.19321 0 1 1 0
2.19321 0 3 1 0
2.19475 0 1 1 0
2.19475 0 1 1 0
2.195 0 4 1 0
2.195 0 5 1 0
2.19627 0 1 1 0
2.19627 0 1 1 0
2.19821 0 4 1 0
2.19821 0 5 1 0
2.2 0 1 1 0
2.2 0 2 1 0
2.2 0 3 1 0
2.20321 0 2 1 0
2.20321 0 1 1 0
2.20321 0 3 1 0
2.20475 0 1 1 0
2.20475 0 1 1 0
2.205 0 4 1 0
2.205 0 5 1 0
2.20627 0 1 1 0
2.20627 0 1 1 0
2.20821 0 4 1 0
2.20821 0 5 1 0
2.21 0 1 1 0
2.21 0 2 1 0
2.21 0 3 1 0
2.21321 0 2 1 0
2.21321 0 1 1 0
2.21321 0 3 1 0
2.21475 0 1 1 0
2.21475 0 1 1 0
2.215 0 4 1 0
2.215 0 5 1 0
2.21627 0 1 1 0
2.21627 0 1 1 0
2.21821 0 4 1 0
2.21821 0 5 1 0
2.22 0 1 1 0
2.22 0 2 1 0
2.22 0 3 1 0
2.22321 0 2 1 0
2.22321 0 1 1 0
2.22321 0 3 1 0
2.22475 0 1 1 0
2.22475 0 1 1 0
2.225 0 4 1 0
2.225 0 5 1 0
2.22627 0 1 1 0
2.22627 0 1 1 0
2.22821 0 4 1 0
2.22821 0 5 1 0
2.23 0 1 1 0
2.23 0 2 1 0
2.23 0 3 1 0
2.23321 0 2 1 0
2.23321 0 1 1 0
2.23321 0 3 1 0
2.23475 0 1 1 0
2.23475 0 1 1 0
2.235 0 4 1 0
2.235 0 5 1 0
2.23627 0 1 1 0
2.23627 0 1 1 0
2.23821 0 4 1 0
2.23821 0 5 1 0
2.24 0 1 1 0
2.24 0 2 1 0
2.24 0 3 1 0
2.24321 0 2 1 0
2.24321 0 1 1 0
2.24321 0 3 1 0
2.24475 0 1 1 0
2.24475 0 1 1 0
2.245 0 4 1 0
2.245 0 5 1 0
2.24627 0 1 1 0
2.24627 0 1 1 0
2.24821 0 4 1 0
2.24821 0 5 1 0
2.25 0 1 1 0
2.25 0 2 1 0
2.25 0 3 1 0
2.25321 0 2 1 0
2.25321 0 1 1 0
2.25321 0 3 1 0
2.25475 0 1 1 0
2.25475 0 1 1 0
2.255 0 4 1 0
2.255 0 5 1 0
2.25627 0 1 1 0
2.25627 0 1 1 0
2.25821 0 4 1 0
2.25821 0 5 1 0
2.26 0 1 1 0
2.26 0 2 1 0
2.26 0 3 1 0
2.26321 0 2 1 0
2.26321 0 1 1 0
2.26321 0 3 1 0
2.26475 0 1 1 0
2.26475 0 1 1 0
2.265 0 4 1 0
2.265 0 5 1 0
2.26627 0 1 1 0
2.26627 0 1 1 0
2.26821 0 4 1 0
2.26821 0 5 1 0
2.27 0 1 1 0
2.27 0 2 1 0
2.27 0 3 1 0
2.27321 0 2 1 0
2.27321 0 1 1 0
2.27321 0 3 1 0
2.27475 0 1 1 0
2.27475 0 1 1 0
2.275 0 4 1 0
2.275 0 5 1 0
2.27627 0 1 1 0
2.27627 0 1 1 0
2.27821 0 4 1 0
2.27821 0 5 1 0
2.28 0 1 1 0
2.28 0 2 1 0
2.28 0 3 1 0
2.28321 0 2 1 0
2.28321 0 1 1 0
2.28321 0 3 1 0
2.28475 0 1 1 0
2.28475 0 1 1 0
2.285 0 4 1 0
2.285 0 5 1 0
2.28627 0 1 1 0
2.28627 0 1 1 0
2.28821 0 4 1 0
2.28821 0 5 1 0
2.29 0 1 1 0
2.29 0 2 1 0
2.29 0 3 1 0
2.29321 0 2 1 0
2.29321 0 1 1 0
2.29321 0 3 1 0
2.29475 0 1 1 0
2.29475 0 1 1 0
2.295 0 4 1 0
2.295 0 5 1 0
2.29627 0 1 1 0
2.29627 0 1 1 0
2.29821 0 4 1 0
2.29821 0 5 1 0
2.3 0 1 1 0
2.3 0 2 1 0
2.3 0 3 1 0
2.30321 0 2 1 0
2.30321 0 1 1 0
2.30321 0 3 1 0
2.30475 0 1 1 0
2.30475 0 1 1 0
2.305 0 4 1 0
2.305 0 5 1 0
2.30627 0 1 1 0
2.30627 0 1 1 0
2.30821 0 4 1 0
2.30821 0 5 1 0
2.31 0 1 1 0
2.31 0 2 1 0
2.31 0 3 1 0
2.31321 0 2 1 0
2.31321 0 1 1 0
2.31321 0 3 1 0
2.31475 0 1 1 0
2.31475 0 1 1 0
2.315 0 4 1 0
2.315 0 5 1 0
2.31627 0 1 1 0
2.31627 0 1 1 0
2.31821 0 4 1 0
2.31821 0 5 1 0
2.32 0 1 1 0
2.32 0 2 1 0
2.32 0 3 1 0
2.32321 0 2 1 0
2.32321 0 1 1 0
2.32321 0 3 1 0
2.32475 0 1 1 0
2.32475 0 1 1 0
2.325 0 4 1 0
2.325 0 5 1 0
2.32627 0 1 1 0
2.32627 0 1 1 0
2.32821 0 4 1 0
2.32821 0 5 1 0
2.33 0 1 1 0
2.33 0 2 1 0
2.33 0 3 1 0
2.33321 0 2 1 0
2.33321 0 1 1 0
2.33321 0 3 1 0
2.33475 0 1 1 0
2.33475 0 1 1 0
2.335 0 4 1 0
2.335 0 5 1 0
2.33627 0 1 1 0
2.33627 0 1 1 0
2.33821 0 4 1 0
2.33821 0 5 1 0
2.34 0 1 1 0
2.34 0 2 1 0
2.34 0 3 1 0
2.34321 0 2 1 0
2.34321 0 1 1 0
2.34321 0 3 1 0
2.34475 0 1 1 0
2.34475 0 1 1 0
2.345 0 4 1 0
2.345 0 5 1 0
2.34627 0 1 1 0
2.34627 0 1 1 0
2.34821 0 4 1 0
2.34821 0 5 1 0
2.35 0 1 1 0
2.35 0 2 1 0
2.35 0 3 1 0
2.35321 0 2 1 0
2.35321 0 1 1 0
2.35321 0 3 1 0
2.35475 0 1 1 0
2.35475 0 1 1 0
2.355 0 4 1 0
2.355 0 5 1 0
2.35627 0 1 1 0
2.35627 0 1 1 0
2.35821 0 4 1 0
2.35821 0 5 1 0
2.36 0 1 1 0
2.36 0 2 1 0
2.36 0 3 1 0
2.36321 0 2 1 0
2.36321 0 1 1 0
2.36321 0 3 1 0
2.36475 0 1 1 0
2.36475 0 1 1 0
2.365 0 4 1 0
2.365 0 5 1 0
2.36627 0 1 1 0
2.36627 0 1 1 0
2.36821 0 4 1 0
2.36821 0 5 1 0
2.37 0 1 1 0
2.37 0 2 1 0
2.37 0 3 1 0
2.37321 0 2 1 0
2.37321 0 1 1 0
2.37321 0 3 1 0
2.37475 0 1 1 0
2.37475 0 1 1 0
2.375 0 4 1 0
2.375 0 5 1 0
2.37627 0 1 1 0
2.37627 0 1 1 0
2.37821 0 4 1 0
2.37821 0 5 1 0
2.38 0 1 1 0
2.38 0 2 1 0
2.38 0 3 1 0
2.38321 0 2 1 0
2.38321 0 1 1 0
2.38321 0 3 1 0
2.38475 0 1 1 0
2.38475 0 1 1 0
2.385 0 4 1 0
2.385 0 5 1 0
2.38627 0 1 1 0
2.38627 0 1 1 0
2.38821 0 4 1 0
2.38821 0 5 1 0
2.39 0 1 1 0
2.39 0 2 1 0
2.39 0 3 1 0
2.39321 0 2 1 0
2.39321 0 1 1 0
2.39321 0 3 1 0
2.39475 0 1 1 0
2.39475 0 1 1 0
2.395 0 4 1 0
2.395 0 5 1 0
2.39627 0 1 1 0
2.39627 0 1 1 0
2.39821 0 4 1 0
2.39821 0 5 1 0
2.4 0 1 1 0
2.4 0 2 1 0
2.4 0 3 1 0
2.40321 0 2 1 0
2.40321 0 1 1 0
2.40321 0 3 1 0
2.40475 0 1 1 0
2.40475 0 1 1 0
2.405 0 4 1 0
2.405 0 5 1 0
2.40627 0 1 1 0
2.40627 0 1 1 0
2.40821 0 4 1 0
2.40821 0 5 1 0
2.41 0 1 1 0
2.41 0 2 1 0
2.41 0 3 1 0
2.41321 0 2 1 0
2.41321 0 1 1 0
2.41321 0 3 1 0
2.41475 0 1 1 0
2.41475 0 1 1 0
2.415 0 4 1 0
2.415 0 5 1 0
2.41627 0 1 1 0
2.41627 0 1 1 0
2.41821 0 4 1 0
2.41821 0 5 1 0
2.42 0 1 1 0
2.42 0 2 1 0
2.42 0 3 1 0
2.42321 0 2 1 0
2.42321 0 1 1 0
2.42321 0 3 1 0
2.42475 0 1 1 0
2.42475 0 1 1 0
2.425 0 4 1 0
2.425 0 5 1 0
2.42627 0 1 1 0
2.42627 0 1 1 0
2.42821 0 4 1 0
2.42821 0 5 1 0
2.43 0 1 1 0
2.43 0 2 1 0
2.43 0 3 1 0
2.43321 0 2 1 0
2.43321 0 1 1 0
2.43321 0 3 1 0
2.43475 0 1 1 0
2.43475 0 1 1 0
2.435 0 4 1 0
2.435 0 5 1 0
2.43627 0 1 1 0
2.43627 0 1 1 0
2.43821 0 4 1 0
2.43821 0 5 1 0
2.44 0 1 1 0
2.44 0 2 1 0
2.44 0 3 1 0
2.44321 0 2 1 0
2.44321 0 1 1 0
2.44321 0 3 1 0
2.44475 0 1 1 0
2.44475 0 1 1 0
2.445 0 4 1 0
2.445 0 5 1 0
2.44627 0 1 1 0
2.44627 0 1 1 0
2.44821 0 4 1 0
2.44821 0 5 1 0
2.45 0 1 1 0
2.45 0 2 1 0
2.45 0 3 1 0
2.45321 0 2 1 0
2.45321 0 1 1 0
2.45321 0 3 1 0
2.45475 0 1 1 0
2.45475 0 1 1 0
2.455 0 4 1 0
2.455 0 5 1 0
2.45627 0 1 1 0
2.45627 0 1 1 0
2.45821 0 4 1 0
2.45821 0 5 1 0
2.46 0 1 1 0
2.46 0 2 1 0
2.46 0 3 1 0
2.46321 0 2 1 0
2.46321 0 1 1 0
2.46321 0 3 1 0
2.46475 0 1 1 0
2.46475 0 1 1 0
2.465 0 4 1 0
2.465 0 5 1 0
2.46627 0 1 1 0
2.46627 0 1 1 0
2.46821 0 4 1 0
2.46821 0 5 1 0
2.47 0 1 1 0
2.47 0 2 1 0
2.47 0 3 1 0
2.47321 0 2 1 0
2.47321 0 1 1 0
2.47321 0 3 1 0
2.47475 0 1 1 0
2.47475 0 1 1 0
2.475 0 4 1 0
2.475 0 5 1 0
2.47627 0 1 1 0
2.47627 0 1 1 0
2.47821 0 4 1 0
2.47821 0 5 1 0
2.48 0 1 1 0
2.48 0 2 1 0
2.48 0 3 1 0
2.48321 0 2 1 0
2.48321 0 1 1 0
2.48321 0 3 1 0
2.48475 0 1 1 0
2.48475 0 1 1 0
2.485 0 4 1 0
2.485 0 5 1 0
2.48627 0 1 1 0
2.48627 0 1 1 0
2.48821 0 4 1 0
2.48821 0 5 1 0
2.49 0 1 1 0
2.49 0 2 1 0
2.49 0 3 1 0
2.49321 0 2 1 0
2.49321 0 1 1 0
2.49321 0 3 1 0
2.49475 0 1 1 0
2.49475 0 1 1 0
2.495 0 4 1 0
2.495 0 5 1 0
2.49627 0 1 1 0
2.49627 0 1 1 0
2.49821 0 4 1 0
2.49821 0 5 1 0
2.5 0 1 1 0
2.5 0 2 1 0
2.5 0 3 1 0
2.50321 0 2 1 0
2.50321 0 1 1 0
2.50321 0 3 1 0
2.50475 0 1 1 0
2.50475 0 1 1 0
2.505 0 4 1 0
2.505 0 5 1 0
2.50627 0 1 1 0
2.50627 0 1 1 0
2.50821 0 4 1 0
2.50821 0 5 1 0
2.51 0 1 1 0
2.51 0 2 1 0
2.51 0 3 1 0
2.51321 0 2 1 0
2.51321 0 1 1 0
2.51321 0 3 1 0
2.51475 0 1 1 0
2.51475 0 1 1 0
2.515 0 4 1 0
2.515 0 5 1 0
2.51627 0 1 1 0
2.51627 0 1 1 0
2.51821 0 4 1 0
2.51821 0 5 1 0
2.52 0 1 1 0
2.52 0 2 1 0
2.52 0 3 1 0
2.52321 0 2 1 0
2.52321 0 1 1 0
2.52321 0 3 1 0
2.52475 0 1 1 0
2.52475 0 1 1 0
2.525 0 4 1 0
2.525 0 5 1 0
2.52627 0 1 1 0
2.52627 0 1 1 0
2.52821 0 4 1 0
2.52821 0 5 1 0
2.53 0 1 1 0
2.53 0 2 1 0
2.53 0 3 1 0
2.53321 0 2 1 0
2.53321 0 1 1 0
2.53321 0 3 1 0
2.53475 0 1 1 0
2.53475 0 1 1 0
2.535 0 4 1 0
2.535 0 5 1 0
2.53627 0 1 1 0
2.53627 0 1 1 0
2.53821 0 4 1 0
2.53821 0 5 1 0
2.54 0 1 1 0
2.54 0 2 1 0
2.54 0 3 1 0
2.54321 0 2 1 0
2.54321 0 1 1 0
2.54321 0 3 1 0
2.54475 0 1 1 0
2.54475 0 1 1 0
2.545 0 4 1 0
2.545 0 5 1 0
2.54627 0 1 1 0
2.54627 0 1 1 0
2.54821 0 4 1 0
2.54821 0 5 1 0
2.55 0 1 1 0
2.55 0 2 1 0
2.55 0 3 1 0
2.55321 0 2 1 0
2.55321 0 1 1 0
2.55321 0 3 1 0
2.55475 0 1 1 0
2.55475 0 1 1 0
2.555 0 4 1 0
2.555 0 5 1 0
2.55627 0 1 1 0
2.55627 0 1 1 0
2.55821 0 4 1 0
2.55821 0 5 1 0
2.56 0 1 1 0
2.56 0 2 1 0
2.56 0 3 1 0
2.56321 0 2 1 0
2.56321 0 1 1 0
2.56321 0 3 1 0
2.56475 0 1 1 0
2.56475 0 1 1 0
2.565 0 4 1 0
2.565 0 5 1 0
2.56627 0 1 1 0
2.56627 0 1 1 0
2.56821 0 4 1 0
2.56821 0 5 1 0
2.57 0 1 1 0
2.57 0 2 1 0
2.57 0 3 1 0
2.57321 0 2 1 0
2.57321 0 1 1 0
2.57321 0 3 1 0
2.57475 0 1 1 0
2.57475 0 1 1 0
2.575 0 4 1 0
2.575 0 5 1 0
2.57627 0 1 1 0
2.57627 0 1 1 0
2.57821 0 4 1 0
2.57821 0 5 1 0
2.58 0 1 1 0
2.58 0 2 1 0
2.58 0 3 1 0
2.58321 0 2 1 0
2.58321 0 1 1 0
2.58321 0 3 1 0
2.58475 0 1 1 0
2.58475 0 1 1 0
2.585 0 4 1 0
2.585 0 5 1 0
2.58627 0 1 1 0
2.58627 0 1 1 0
2.58821 0 4 1 0
2.58821 0 5 1 0
2.59 0 1 1 0
2.59 0 2 1 0
2.59 0 3 1 0
2.59321 0 2 1 0
2.59321 0 1 1 0
2.59321 0 3 1 0
2.59475 0 1 1 0
2.59475 0 1 1 0
2.595 0 4 1 0
2.595 0 5 1 0
2.59627 0 1 1 0
2.59627 0 1 1 0
2.59821 0 4 1 0
2.59821 0 5 1 0
2.6 0 1 1 0
2.6 0 2 1 0
2.6 0 3 1 0
2.60321 0 2 1 0
2.60321 0 1 1 0
2.60321 0 3 1 0
2.60475 0 1 1 0
2.60475 0 1 1 0
2.605 0 4 1 0
2.605 0 5 1 0
2.60627 0 1 1 0
2.60627 0 1 1 0
2.60821 0 4 1 0
2.60821 0 5 1 0
2.61 0 1 1 0
2.61 0 2 1 0
2.61 0 3 1 0
2.61321 0 2 1 0
2.61321 0 1 1 0
2.61321 0 3 1 0
2.61475 0 1 1 0
2.61475 0 1 1 0
2.615 0 4 1 0
2.615 0 5 1 0
2.61627 0 1 1 0
2.61627 0 1 1 0
2.61821 0 4 1 0
2.61821 0 5 1 0
2.62 0 1 1 0
2.62 0 2 1 0
2.62 0 3 1 0
2.62321 0 2 1 0
2.62321 0 1 1 0
2.62321 0 3 1 0
2.62475 0 1 1 0
2.62475 0 1 1 0
2.625 0 4 1 0
2.625 0 5 1 0
2.62627 0 1 1 0
2.62627 0 1 1 0
2.62821 0 4 1 0
2.62821 0 5 1 0
2.63 0 1 1 0
2.63 0 2 1 0
2.63 0 3 1 0
2.63321 0 2 1 0
2.63321 0 1 1 0
2.63321 0 3 1 0
2.63475 0 1 1 0
2.63475 0 1 1 0
2.635 0 4 1 0
2.635 0 5 1 0
2.63627 0 1 1 0
2.63627 0 1 1 0
2.63821 0 4 1 0
2.63821 0 5 1 0
2.64 0 1 1 0
2.64 0 2 1 0
2.64 0 3 1 0
2.64321 0 2 1 0
2.64321 0 1 1 0
2.64321 0 3 1 0
2.64475 0 1 1 0
2.64475 0 1 1 0
2.645 0 4 1 0
2.645 0 5 1 0
2.64627 0 1 1 0
2.64627 0 1 1 0
2.64821 0 4 1 0
2.64821 0 5 1 0
2.65 0 1 1 0
2.65 0 2 1 0
2.65 0 3 1 0
2.65321 0 2 1 0
2.65321 0 1 1 0
2.65321 0 3 1 0
2.65475 0 1 1 0
2.65475 0 1 1 0
2.655 0 4 1 0
2.655 0 5 1 0
2.65627 0 1 1 0
2.65627 0 1 1 0
2.65821 0 4 1 0
2.65821 0 5 1 0
2.66 0 1 1 0
2.66 0 2 1 0
2.66 0 3 1 0
2.66321 0 2 1 0
2.66321 0 1 1 0
2.66321 0 3 1 0
2.66475 0 1 1 0
2.66475 0 1 1 0
2.665 0 4 1 0
2.665 0 5 1 0
2.66627 0 1 1 0
2.66627 0 1 1 0
2.66821 0 4 1 0
2.66821 0 5 1 0
2.67 0 1 1 0
2.67 0 2 1 0
2.67 0 3 1 0
2.67321 0 2 1 0
2.67321 0 1 1 0
2.67321 0 3 1 0
2.67475 0 1 1 0
2.67475 0 1 1 0
2.675 0 4 1 0
2.675 0 5 1 0
2.67627 0 1 1 0
2.67627 0 1 1 0
2.67821 0 4 1 0
2.67821 0 5 1 0
2.68 0 1 1 0
2.68 0 2 1 0
2.68 0 3 1 0
2.68321 0 2 1 0
2.68321 0 1 1 0
2.68321 0 3 1 0
2.68475 0 1 1 0
2.68475 0 1 1 0
2.685 0 4 1 0
2.685 0 5 1 0
2.68627 0 1 1 0
2.68627 0 1 1 0
2.68821 0 4 1 0
2.68821 0 5 1 0
2.69 0 1 1 0
2.69 0 2 1 0
2.69 0 3 1 0
2.69321 0 2 1 0
2.69321 0 1 1 0
2.69321 0 3 1 0
2.69475 0 1 1 0
2.69475 0 1 1 0
2.695 0 4 1 0
2.695 0 5 1 0
2.69627 0 1 1 0
2.69627 0 1 1 0
2.69821 0 4 1 0
2.69821 0 5 1 0
2.7 0 1 1 0
2.7 0 2 1 0
2.7 0 3 1 0
2.70321 0 2 1 0
2.70321 0 1 1 0
2.70321 0 3 1 0
2.70475 0 1 1 0
2.70475 0 1 1 0
2.705 0 4 1 0
2.705 0 5 1 0
2.70627 0 1 1 0
2.70627 0 1 1 0
2.70821 0 4 1 0
2.70821 0 5 1 0
2.71 0 1 1 0
2.71 0 2 1 0
2.71 0 3 1 0
2.71321 0 2 1 0
2.71321 0 1 1 0
2.71321 0 3 1 0
2.71475 0 1 1 0
2.71475 0 1 1 0
2.715 0 4 1 0
2.715 0 5 1 0
2.71627 0 1 1 0
2.71627 0 1 1 0
2.71821 0 4 1 0
2.71821 0 5 1 0
2.72 0 1 1 0
2.72 0 2 1 0
2.72 0 3 1 0
2.72321 0 2 1 0
2.72321 0 1 1 0
2.72321 0 3 1 0
2.72475 0 1 1 0
2.72475 0 1 1 0
2.725 0 4 1 0
2.725 0 5 1 0
2.72627 0 1 1 0
2.72627 0 1 1 0
2.72821 0 4 1 0
2.72821 0 5 1 0
2.73 0 1 1 0
2.73 0 2 1 0
2.73 0 3 1 0
2.73321 0 2 1 0
2.73321 0 1 1 0
2.73321 0 3 1 0
2.73475 0 1 1 0
2.73475 0 1 1 0
2.735 0 4 1 0
2.735 0 5 1 0
2.73627 0 1 1 0
2.73627 0 1 1 0
2.73821 0 4 1 0
2.73821 0 5 1 0
2.74 0 1 1 0
2.74 0 2 1 0
2.74 0 3 1 0
2.74321 0 2 1 0
2.74321 0 1 1 0
2.74321 0 3 1 0
2.74475 0 1 1 0
2.74475 0 1 1 0
2.745 0 4 1 0
2.745 0 5 1 0
2.74627 0 1 1 0
2.74627 0 1 1 0
2.74821 0 4 1 0
2.74821 0 5 1 0
2.75 0 1 1 0
2.75 0 2 1 0
2.75 0 3 1 0
2.75321 0 2 1 0
2.75321 0 1 1 0
2.75321 0 3 1 0
2.75475 0 1 1 0
2.75475 0 1 1 0
2.755 0 4 1 0
2.755 0 5 1 0
2.75627 0 1 1 0
2.75627 0 1 1 0
2.75821 0 4 1 0
2.75821 0 5 1 0
2.76 0 1 1 0
2.76 0 2 1 0
2.76 0 3 1 0
2.76321 0 2 1 0
2.76321 0 1 1 0
2.76321 0 3 1 0
2.76475 0 1 1 0
2.76475 0 1 1 0
2.765 0 4 1 0
2.765 0 5 1 0
2.76627 0 1 1 0
2.76627 0 1 1 0
2.76821 0 4 1 0
2.76821 0 5 1 0
2.77 0 1 1 0
2.77 0 2 1 0
2.77 0 3 1 0
2.77321 0 2 1 0
2.77321 0 1 1 0
2.77321 0 3 1 0
2.77475 0 1 1 0
2.77475 0 1 1 0
2.775 0 4 1 0
2.775 0 5 1 0
2.77627 0 1 1 0
2.77627 0 1 1 0
2.77821 0 4 1 0
2.77821 0 5 1 0
2.78 0 1 1 0
2.78 0 2 1 0
2.78 0 3 1 0
2.78321 0 2 1 0
2.78321 0 1 1 0
2.78321 0 3 1 0
2.78475 0 1 1 0
2.78475 0 1 1 0
2.785 0 4 1 0
2.785 0 5 1 0
2.78627 0 1 1 0
2.78627 0 1 1 0
2.78821 0 4 1 0
2.78821 0 5 1 0
2.79 0 1 1 0
2.79 0 2 1 0
2.79 0 3 1 0
2.79321 0 2 1 0
2.79321 0 1 1 0
2.79321 0 3 1 0
2.79475 0 1 1 0
2.79475 0 1 1 0
2.795 0 4 1 0
2.795 0 5 1 0
2.79627 0 1 1 0
2.79627 0 1 1 0
2.79821 0 4 1 0
2.79821 0 5 1 0
2.8 0 1 1 0
2.8 0 2 1 0
2.8 0 3 1 0
2.80321 0 2 1 0
2.80321 0 1 1 0
2.80321 0 3 1 0
2.80475 0 1 1 0
2.80475 0 1 1 0
2.805 0 4 1 0
2.805 0 5 1 0
2.80627 0 1 1 0
2.80627 0 1 1 0
2.80821 0 4 1 0
2.80821 0 5 1 0
2.81 0 1 1 0
2.81 0 2 1 0
2.81 0 3 1 0
2.81321 0 2 1 0
2.81321 0 1 1 0
2.81321 0 3 1 0
2.81475 0 1 1 0
2.81475 0 1 1 0
2.815 0 4 1 0
2.815 0 5 1 0
2.81627 0 1 1 0
2.81627 0 1 1 0
2.81821 0 4 1 0
2.81821 0 5 1 0
2.82 0 1 1 0
2.82 0 2 1 0
2.82 0 3 1 0
2.82321 0 2 1 0
2.82321 0 1 1 0
2.82321 0 3 1 0
2.82475 0 1 1 0
2.82475 0 1 1 0
2.825 0 4 1 0
2.825 0 5 1 0
2.82627 0 1 1 0
2.82627 0 1 1 0
2.82821 0 4 1 0
2.82821 0 5 1 0
2.83 0 1 1 0
2.83 0 2 1 0
2.83 0 3 1 0
2.83321 0 2 1 0
2.83321 0 1 1 0
2.83321 0 3 1 0
2.83475 0 1 1 0
2.83475 0 1 1 0
2.835 0 4 1 0
2.835 0 5 1 0
2.83627 0 1 1 0
2.83627 0 1 1 0
2.83821 0 4 1 0
2.83821 0 5 1 0
2.84 0 1 1 0
2.84 0 2 1 0
2.84 0 3 1 0
2.84321 0 2 1 0
2.84321 0 1 1 0
2.84321 0 3 1 0
2.84475 0 1 1 0
2.84475 0 1 1 0
2.845 0 4 1 0
2.845 0 5 1 0
2.84627 0 1 1 0
2.84627 0 1 1 0
2.84821 0 4 1 0
2.84821 0 5 1 0
2.85 0 1 1 0
2.85 0 2 1 0
2.85 0 3 1 0
2.85321 0 2 1 0
2.85321 0 1 1 0
2.85321 0 3 1 0
2.85475 0 1 1 0
2.85475 0 1 1 0
2.855 0 4 1 0
2.855 0 5 1 0
2.85627 0 1 1 0
2.85627 0 1 1 0
2.85821 0 4 1 0
2.85821 0 5 1 0
2.86 0 1 1 0
2.86 0 2 1 0
2.86 0 3 1 0
2.86321 0 2 1 0
2.86321 0 1 1 0
2.86321 0 3 1 0
2.86475 0 1 1 0
2.86475 0 1 1 0
2.865 0 4 1 0
2.865 0 5 1 0
2.86627 0 1 1 0
2.86627 0 1 1 0
2.86821 0 4 1 0
2.86821 0 5 1 0
2.87 0 1 1 0
2.87 0 2 1 0
2.87 0 3 1 0
2.87321 0 2 1 0
2.87321 0 1 1 0
2.87321 0 3 1 0
2.87475 0 1 1 0
2.87475 0 1 1 0
2.875 0 4 1 0
2.875 0 5 1 0
2.87627 0 1 1 0
2.87627 0 1 1 0
2.87821 0 4 1 0
2.87821 0 5 1 0
2.88 0 1 1 0
2.88 0 2 1 0
2.88 0 3 1 0
2.88321 0 2 1 0
2.88321 0 1 1 0
2.88321 0 3 1 0
2.88475 0 1 1 0
2.88475 0 1 1 0
2.885 0 4 1 0
2.885 0 5 1 0
2.88627 0 1 1 0
2.88627 0 1 1 0
2.88821 0 4 1 0
2.88821 0 5 1 0
2.89 0 1 1 0
2.89 0 2 1 0
2.89 0 3 1 0
2.89321 0 2 1 0
2.89321 0 1 1 0
2.89321 0 3 1 0
2.89475 0 1 1 0
2.89475 0 1 1 0
2.895 0 4 1 0
2.895 0 5 1 0
2.89627 0 1 1 0
2.89627 0 1 1 0
2.89821 0 4 1 0
2.89821 0 5 1 0
2.9 0 1 1 0
2.9 0 2 1 0
2.9 0 3 1 0
2.90321 0 2 1 0
2.90321 0 1 1 0
2.90321 0 3 1 0
2.90475 0 1 1 0
2.90475 0 1 1 0
2.905 0 4 1 0
2.905 0 5 1 0
2.90627 0 1 1 0
2.90627 0 1 1 0
2.90821 0 4 1 0
2.90821 0 5 1 0
2.91 0 1 1 0
2.91 0 2 1 0
2.91 0 3 1 0
2.91321 0 2 1 0
2.91321 0 1 1 0
2.91321 0 3 1 0
2.91475 0 1 1 0
2.91475 0 1 1 0
2.915 0 4 1 0
2.915 0 5 1 0
2.91627 0 1 1 0
2.91627 0 1 1 0
2.91821 0 4 1 0
2.91821 0 5 1 0
2.92 0 1 1 0
2.92 0 2 1 0
2.92 0 3 1 0
2.92321 0 2 1 0
2.92321 0 1 1 0
2.92321 0 3 1 0
2.92475 0 1 1 0
2.92475 0 1 1 0
2.925 0 4 1 0
2.925 0 5 1 0
2.92627 0 1 1 0
2.92627 0 1 1 0
2.92821 0 4 1 0
2.92821 0 5 1 0
2.93 0 1 1 0
2.93 0 2 1 0
2.93 0 3 1 0
2.93321 0 2 1 0
2.93321 0 1 1 0
2.93321 0 3 1 0
2.93475 0 1 1 0
2.93475 0 1 1 0
2.935 0 4 1 0
2.935 0 5 1 0
2.93627 0 1 1 0
2.93627 0 1 1 0
2.93821 0 4 1 0
2.93821 0 5 1 0
2.94 0 1 1 0
2.94 0 2 1 0
2.94 0 3 1 0
2.94321 0 2 1 0
2.94321 0 1 1 0
2.94321 0 3 1 0
2.94475 0 1 1 0
2.94475 0 1 1 0
2.945 0 4 1 0
2.945 0 5 1 0
2.94627 0 1 1 0
2.94627 0 1 1 0
2.94821 0 4 1 0
2.94821 0 5 1 0
2.95 0 1 1 0
2.95 0 2 1 0
2.95 0 3 1 0
2.95321 0 2 1 0
2.95321 0 1 1 0
2.95321 0 3 1 0
2.95475 0 1 1 0
2.95475 0 1 1 0
2.955 0 4 1 0
2.955 0 5 1 0
2.95627 0 1 1 0
2.95627 0 1 1 0
2.95821 0 4 1 0
2.95821 0 5 1 0
2.96 0 1 1 0
2.96 0 2 1 0
2.96 0 3 1 0
2.96321 0 2 1 0
2.96321 0 1 1 0
2.96321 0 3 1 0
2.96475 0 1 1 0
2.96475 0 1 1 0
2.965 0 4 1 0
2.965 0 5 1 0
2.96627 0 1 1 0
2.96627 0 1 1 0
2.96821 0 4 1 0
2.96821 0 5 1 0
2.97 0 1 1 0
2.97 0 2 1 0
2.97 0 3 1 0
2.97321 0 2 1 0
2.97321 0 1 1 0
2.97321 0 3 1 0
2.97475 0 1 1 0
2.97475 0 1 1 0
2.975 0 4 1 0
2.975 0 5 1 0
2.97627 0 1 1 0
2.97627 0 1 1 0
2.97821 0 4 1 0
2.97821 0 5 1 0
2.98 0 1 1 0
2.98 0 2 1 0
2.98 0 3 1 0
2.98321 0 2 1 0
2.98321 0 1 1 0
2.98321 0 3 1 0
2.98475 0 1 1 0
2.98475 0 1 1 0
2.985 0 4 1 0
2.985 0 5 1 0
2.98627 0 1 1 0
2.98627 0 1 1 0
2.98821 0 4 1 0
2.98821 0 5 1 0
2.99 0 1 1 0
2.99 0 2 1 0
2.99 0 3 1 0
2.99321 0 2 1 0
2.99321 0 1 1 0
2.99321 0 3 1 0
2.99475 0 1 1 0
2.99475 0 1 1 0
2.995 0 4 1 0
2.995 0 5 1 0
2.99627 0 1 1 0
2.99627 0 1 1 0
2.99821 0 4 1 0
2.99821 0 5 1 0
3 0 1 1 0
3 0 2 1 0
3 0 3 1 0
3.00321 0 2 1 0
3.00321 0 1 1 0
3.00321 0 3 1 0
3.00475 0 1 1 0
3.00475 0 1 1 0
3.005 0 4 1 0
3.005 0 5 1 0
3.00627 0 1 1 0
3.00627 0 1 1 0
3.00821 0 4 1 0
3.00821 0 5 1 0
3.01 0 1 1 0
3.01 0 2 1 0
3.01 0 3 1 0
3.01321 0 2 1 0
3.01321 0 1 1 0
3.01321 0 3 1 0
3.01475 0 1 1 0
3.01475 0 1 1 0
3.015 0 4 1 0
3.015 0 5 1 0
3.01627 0 1 1 0
3.01627 0 1 1 0
3.01821 0 4 1 0
3.01821 0 5 1 0
3.02 0 1 1 0
3.02 0 2 1 0
3.02 0 3 1 0
3.02321 0 2 1 0
3.02321 0 1 1 0
3.02321 0 3 1 0
3.02475 0 1 1 0
3.02475 0 1 1 0
3.025 0 4 1 0
3.025 0 5 1 0
3.02627 0 1 1 0
3.02627 0 1 1 0
3.02821 0 4 1 0
3.02821 0 5 1 0
3.03 0 1 1 0
3.03 0 2 1 0
3.03 0 3 1 0
3.03321 0 2 1 0
3.03321 0 1 1 0
3.03321 0 3 1 0
3.03475 0 1 1 0
3.03475 0 1 1 0
3.035 0 4 1 0
3.035 0 5 1 0
3.03627 0 1 1 0
3.03627 0 1 1 0
3.03821 0 4 1 0
3.03821 0 5 1 0
3.04 0 1 1 0
3.04 0 2 1 0
3.04 0 3 1 0
3.04321 0 2 1 0
3.04321 0 1 1 0
3.04321 0 3 1 0
3.04475 0 1 1 0
3.04475 0 1 1 0
3.045 0 4 1 0
3.045 0 5 1 0
3.04627 0 1 1 0
3.04627 0 1 1 0
3.04821 0 4 1 0
3.04821 0 5 1 0
3.05 0 1 1 0
3.05 0 2 1 0
3.05 0 3 1 0
3.05321 0 2 1 0
3.05321 0 1 1 0
3.05321 0 3 1 0
3.05475 0 1 1 0
3.05475 0 1 1 0
3.055 0 4 1 0
3.055 0 5 1 0
3.05627 0 1 1 0
3.05627 0 1 1 0
3.05821 0 4 1 0
3.05821 0 5 1 0
3.06 0 1 1 0
3.06 0 2 1 0
3.06 0 3 1 0
3.06321 0 2 1 0
3.06321 0 1 1 0
3.06321 0 3 1 0
3.06475 0 1 1 0
3.06475 0 1 1 0
3.065 0 4 1 0
3.065 0 5 1 0
3.06627 0 1 1 0
3.06627 0 1 1 0
3.06821 0 4 1 0
3.06821 0 5 1 0
3.07 0 1 1 0
3.07 0 2 1 0
3.07 0 3 1 0
3.07321 0 2 1 0
3.07321 0 1 1 0
3.07321 0 3 1 0
3.07475 0 1 1 0
3.07475 0 1 1 0
3.075 0 4 1 0
3.075 0 5 1 0
3.07627 0 1 1 0
3.07627 0 1 1 0
3.07821 0 4 1 0
3.07821 0 5 1 0
3.08 0 1 1 0
3.08 0 2 1 0
3.08 0 3 1 0
3.08321 0 2 1 0
3.08321 0 1 1 0
3.08321 0 3 1 0
3.08475 0 1 1 0
3.08475 0 1 1 0
3.085 0 4 1 0
3.085 0 5 1 0
3.08627 0 1 1 0
3.08627 0 1 1 0
3.08821 0 4 1 0
3.08821 0 5 1 0
3.09 0 1 1 0
3.09 0 2 1 0
3.09 0 3 1 0
3.09321 0 2 1 0
3.09321 0 1 1 0
3.09321 0 3 1 0
3.09475 0 1 1 0
3.09475 0 1 1 0
3.095 0 4 1 0
3.095 0 5 1 0
3.09627 0 1 1 0
3.09627 0 1 1 0
3.09821 0 4 1 0
3.09821 0 5 1 0
3.1 0 1 1 0
3.1 0 2 1 0
3.1 0 3 1 0
3.10321 0 2 1 0
3.10321 0 1 1 0
3.10321 0 3 1 0
3.10475 0 1 1 0
3.10475 0 1 1 0
3.105 0 4 1 0
3.105 0 5 1 0
3.10627 0 1 1 0
3.10627 0 1 1 0
3.10821 0 4 1 0
3.10821 0 5 1 0
3.11 0 1 1 0
3.11 0 2 1 0
3.11 0 3 1 0
3.11321 0 2 1 0
3.11321 0 1 1 0
3.11321 0 3 1 0
3.11475 0 1 1 0
3.11475 0 1 1 0
3.115 0 4 1 0
3.115 0 5 1 0
3.11627 0 1 1 0
3.11627 0 1 1 0
3.11821 0 4 1 0
3.11821 0 5 1 0
3.12 0 1 1 0
3.12 0 2 1 0
3.12 0 3 1 0
3.12321 0 2 1 0
3.12321 0 1 1 0
3.12321 0 3 1 0
3.12475 0 1 1 0
3.12475 0 1 1 0
3.125 0 4 1 0
3.125 0 5 1 0
3.12627 0 1 1 0
3.12627 0 1 1 0
3.12821 0 4 1 0
3.12821 0 5 1 0
3.13 0 1 1 0
3.13 0 2 1 0
3.13 0 3 1 0
3.13321 0 2 1 0
3.13321 0 1 1 0
3.13321 0 3 1 0
3.13475 0 1 1 0
3.13475 0 1 1 0
3.135 0 4 1 0
3.135 0 5 1 0
3.13627 0 1 1 0
3.13627 0 1 1 0
3.13821 0 4 1 0
3.13821 0 5 1 0
3.14 0 1 1 0
3.14 0 2 1 0
3.14 0 3 1 0
3.14321 0 2 1 0
3.14321 0 1 1 0
3.14321 0 3 1 0
3.14475 0 1 1 0
3.14475 0 1 1 0
3.145 0 4 1 0
3.145 0 5 1 0
3.14627 0 1 1 0
3.14627 0 1 1 0
3.14821 0 4 1 0
3.14821 0 5 1 0
3.15 0 1 1 0
3.15 0 2 1 0
3.15 0 3 1 0
3.15321 0 2 1 0
3.15321 0 1 1 0
3.15321 0 3 1 0
3.15475 0 1 1 0
3.15475 0 1 1 0
3.155 0 4 1 0
3.155 0 5 1 0
3.15627 0 1 1 0
3.15627 0 1 1 0
3.15821 0 4 1 0
3.15821 0 5 1 0
3.16 0 1 1 0
3.16 0 2 1 0
3.16 0 3 1 0
3.16321 0 2 1 0
3.16321 0 1 1 0
3.16321 0 3 1 0
3.16475 0 1 1 0
3.16475 0 1 1 0
3.165 0 4 1 0
3.165 0 5 1 0
3.16627 0 1 1 0
3.16627 0 1 1 0
3.16821 0 4 1 0
3.16821 0 5 1 0
3.17 0 1 1 0
3.17 0 2 1 0
3.17 0 3 1 0
3.17321 0 2 1 0
3.17321 0 1 1 0
3.17321 0 3 1 0
3.17475 0 1 1 0
3.17475 0 1 1 0
3.175 0 4 1 0
3.175 0 5 1 0
3.17627 0 1 1 0
3.17627 0 1 1 0
3.17821 0 4 1 0
3.17821 0 5 1 0
3.18 0 1 1 0
3.18 0 2 1 0
3.18 0 3 1 0
3.18321 0 2 1 0
3.18321 0 1 1 0
3.18321 0 3 1 0
3.18475 0 1 1 0
3.18475 0 1 1 0
3.185 0 4 1 0
3.185 0 5 1 0
3.18627 0 1 1 0
3.18627 0 1 1 0
3.18821 0 4 1 0
3.18821 0 5 1 0
3.19 0 1 1 0
3.19 0 2 1 0
3.19 0 3 1 0
3.19321 0 2 1 0
3.19321 0 1 1 0
3.19321 0 3 1 0
3.19475 0 1 1 0
3.19475 0 1 1 0
3.195 0 4 1 0
3.195 0 5 1 0
3.19627 0 1 1 0
3.19627 0 1 1 0
3.19821 0 4 1 0
3.19821 0 5 1 0
3.2 0 1 1 0
3.2 0 2 1 0
3.2 0 3 1 0
3.20321 0 2 1 0
3.20321 0 1 1 0
3.20321 0 3 1 0
3.20475 0 1 1 0
3.20475 0 1 1 0
3.205 0 4 1 0
3.205 0 5 1 0
3.20627 0 1 1 0
3.20627 0 1 1 0
3.20821 0 4 1 0
3.20821 0 5 1 0
3.21 0 1 1 0
3.21 0 2 1 0
3.21 0 3 1 0
3.21321 0 2 1 0
3.21321 0 1 1 0
3.21321 0 3 1 0
3.21475 0 1 1 0
3.21475 0 1 1 0
3.215 0 4 1 0
3.215 0 5 1 0
3.21627 0 1 1 0
3.21627 0 1 1 0
3.21821 0 4 1 0
3.21821 0 5 1 0
3.22 0 1 1 0
3.22 0 2 1 0
3.22 0 3 1 0
3.22321 0 2 1 0
3.22321 0 1 1 0
3.22321 0 3 1 0
3.22475 0 1 1 0
3.22475 0 1 1 0
3.225 0 4 1 0
3.225 0 5 1 0
3.22627 0 1 1 0
3.22627 0 1 1 0
3.22821 0 4 1 0
3.22821 0 5 1 0
3.23 0 1 1 0
3.23 0 2 1 0
3.23 0 3 1 0
3.23321 0 2 1 0
3.23321 0 1 1 0
3.23321 0 3 1 0
3.23475 0 1 1 0
3.23475 0 1 1 0
3.235 0 4 1 0
3.235 0 5 1 0
3.23627 0 1 1 0
3.23627 0 1 1 0
3.23821 0 4 1 0
3.23821 0 5 1 0
3.24 0 1 1 0
3.24 0 2 1 0
3.24 0 3 1 0
3.24321 0 2 1 0
3.24321 0 1 1 0
3.24321 0 3 1 0
3.24475 0 1 1 0
3.24475 0 1 1 0
3.245 0 4 1 0
3.245 0 5 1 0
3.24627 0 1 1 0
3.24627 0 1 1 0
3.24821 0 4 1 0
3.24821 0 5 1 0
3.25 0 1 1 0
3.25 0 2 1 0
3.25 0 3 1 0
3.25321 0 2 1 0
3.25321 0 1 1 0
3.25321 0 3 1 0
3.25475 0 1 1 0
3.25475 0 1 1 0
3.255 0 4 1 0
3.255 0 5 1 0
3.25627 0 1 1 0
3.25627 0 1 1 0
3.25821 0 4 1 0
3.25821 0 5 1 0
3.26 0 1 1 0
3.26 0 2 1 0
3.26 0 3 1 0
3.26321 0 2 1 0
3.26321 0 1 1 0
3.26321 0 3 1 0
3.26475 0 1 1 0
3.26475 0 1 1 0
3.265 0 4 1 0
3.265 0 5 1 0
3.26627 0 1 1 0
3.26627 0 1 1 0
3.26821 0 4 1 0
3.26821 0 5 1 0
3.27 0 1 1 0
3.27 0 2 1 0
3.27 0 3 1 0
3.27321 0 2 1 0
3.27321 0 1 1 0
3.27321 0 3 1 0
3.27475 0 1 1 0
3.27475 0 1 1 0
3.275 0 4 1 0
3.275 0 5 1 0
3.27627 0 1 1 0
3.27627 0 1 1 0
3.27821 0 4 1 0
3.27821 0 5 1 0
3.28 0 1 1 0
3.28 0 2 1 0
3.28 0 3 1 0
3.28321 0 2 1 0
3.28321 0 1 1 0
3.28321 0 3 1 0
3.28475 0 1 1 0
3.28475 0 1 1 0
3.285 0 4 1 0
3.285 0 5 1 0
3.28627 0 1 1 0
3.28627 0 1 1 0
3.28821 0 4 1 0
3.28821 0 5 1 0
3.29 0 1 1 0
3.29 0 2 1 0
3.29 0 3 1 0
3.29321 0 2 1 0
3.29321 0 1 1 0
3.29321 0 3 1 0
3.29475 0 1 1 0
3.29475 0 1 1 0
3.295 0 4 1 0
3.295 0 5 1 0
3.29627 0 1 1 0
3.29627 0 1 1 0
3.29821 0 4 1 0
3.29821 0 5 1 0
3.3 0 1 1 0
3.3 0 2 1 0
3.3 0 3 1 0
3.30321 0 2 1 0
3.30321 0 1 1 0
3.30321 0 3 1 0
3.30475 0 1 1 0
3.30475 0 1 1 0
3.305 0 4 1 0
3.305 0 5 1 0
3.30627 0 1 1 0
3.30627 0 1 1 0
3.30821 0 4 1 0
3.30821 0 5 1 0
3.31 0 1 1 0
3.31 0 2 1 0
3.31 0 3 1 0
3.31321 0 2 1 0
3.31321 0 1 1 0
3.31321 0 3 1 0
3.31475 0 1 1 0
3.31475 0 1 1 0
3.315 0 4 1 0
3.315 0 5 1 0
3.31627 0 1 1 0
3.31627 0 1 1 0
3.31821 0 4 1 0
3.31821 0 5 1 0
3.32 0 1 1 0
3.32 0 2 1 0
3.32 0 3 1 0
3.32321 0 2 1 0
3.32321 0 1 1 0
3.32321 0 3 1 0
3.32475 0 1 1 0
3.32475 0 1 1 0
3.325 0 4 1 0
3.325 0 5 1 0
3.32627 0 1 1 0
3.32627 0 1 1 0
3.32821 0 4 1 0
3.32821 0 5 1 0
3.33 0 1 1 0
3.33 0 2 1 0
3.33 0 3 1 0
3.33321 0 2 1 0
3.33321 0 1 1 0
3.33321 0 3 1 0
3.33475 0 1 1 0
3.33475 0 1 1 0
3.335 0 4 1 0
3.335 0 5 1 0
3.33627 0 1 1 0
3.33627 0 1 1 0
3.33821 0 4 1 0
3.33821 0 5 1 0
3.34 0 1 1 0
3.34 0 2 1 0
3.34 0 3 1 0
3.34321 0 2 1 0
3.34321 0 1 1 0
3.34321 0 3 1 0
3.34475 0 1 1 0
3.34475 0 1 1 0
3.345 0 4 1 0
3.345 0 5 1 0
3.34627 0 1 1 0
3.34627 0 1 1 0
3.34821 0 4 1 0
3.34821 0 5 1 0
3.35 0 1 1 0
3.35 0 2 1 0
3.35 0 3 1 0
3.35321 0 2 1 0
3.35321 0 1 1 0
3.35321 0 3 1 0
3.35475 0 1 1 0
3.35475 0 1 1 0
3.355 0 4 1 0
3.355 0 5 1 0
3.35627 0 1 1 0
3.35627 0 1 1 0
3.35821 0 4 1 0
3.35821 0 5 1 0
3.36 0 1 1 0
3.36 0 2 1 0
3.36 0 3 1 0
3.36321 0 2 1 0
3.36321 0 1 1 0
3.36321 0 3 1 0
3.36475 0 1 1 0
3.36475 0 1 1 0
3.365 0 4 1 0
3.365 0 5 1 0
3.36627 0 1 1 0
3.36627 0 1 1 0
3.36821 0 4 1 0
3.36821 0 5 1 0
3.37 0 1 1 0
3.37 0 2 1 0
3.37 0 3 1 0
3.37321 0 2 1 0
3.37321 0 1 1 0
3.37321 0 3 1 0
3.37475 0 1 1 0
3.37475 0 1 1 0
3.375 0 4 1 0
3.375 0 5 1 0
3.37627 0 1 1 0
3.37627 0 1 1 0
3.37821 0 4 1 0
3.37821 0 5 1 0
3.38 0 1 1 0
3.38 0 2 1 0
3.38 0 3 1 0
3.38321 0 2 1 0
3.38321 0 1 1 0
3.38321 0 3 1 0
3.38475 0 1 1 0
3.38475 0 1 1 0
3.385 0 4 1 0
3.385 0 5 1 0
3.38627 0 1 1 0
3.38627 0 1 1 0
3.38821 0 4 1 0
3.38821 0 5 1 0
3.39 0 1 1 0
3.39 0 2 1 0
3.39 0 3 1 0
3.39321 0 2 1 0
3.39321 0 1 1 0
3.39321 0 3 1 0
3.39475 0 1 1 0
3.39475 0 1 1 0
3.395 0 4 1 0
3.395 0 5 1 0
3.39627 0 1 1 0
3.39627 0 1 1 0
3.39821 0 4 1 0
3.39821 0 5 1 0
3.4 0 1 1 0
3.4 0 2 1 0
3.4 0 3 1 0
3.40321 0 2 1 0
3.40321 0 1 1 0
3.40321 0 3 1 0
3.40475 0 1 1 0
3.40475 0 1 1 0
3.405 0 4 1 0
3.405 0 5 1 0
3.40627 0 1 1 0
3.40627 0 1 1 0
3.40821 0 4 1 0
3.40821 0 5 1 0
3.41 0 1 1 0
3.41 0 2 1 0
3.41 0 3 1 0
3.41321 0 2 1 0
3.41321 0 1 1 0
3.41321 0 3 1 0
3.41475 0 1 1 0
3.41475 0 1 1 0
3.415 0 4 1 0
3.415 0 5 1 0
3.41627 0 1 1 0
3.41627 0 1 1 0
3.41821 0 4 1 0
3.41821 0 5 1 0
3.42 0 1 1 0
3.42 0 2 1 0
3.42 0 3 1 0
3.42321 0 2 1 0
3.42321 0 1 1 0
3.42321 0 3 1 0
3.42475 0 1 1 0
3.42475 0 1 1 0
3.425 0 4 1 0
3.425 0 5 1 0
3.42627 0 1 1 0
3.42627 0 1 1 0
3.42821 0 4 1 0
3.42821 0 5 1 0
3.43 0 1 1 0
3.43 0 2 1 0
3.43 0 3 1 0
3.43321 0 2 1 0
3.43321 0 1 1 0
3.43321 0 3 1 0
3.43475 0 1 1 0
3.43475 0 1 1 0
3.435 0 4 1 0
3.435 0 5 1 0
3.43627 0 1 1 0
3.43627 0 1 1 0
3.43821 0 4 1 0
3.43821 0 5 1 0
3.44 0 1 1 0
3.44 0 2 1 0
3.44 0 3 1 0
3.44321 0 2 1 0
3.44321 0 1 1 0
3.44321 0 3 1 0
3.44475 0 1 1 0
3.44475 0 1 1 0
3.445 0 4 1 0
3.445 0 5 1 0
3.44627 0 1 1 0
3.44627 0 1 1 0
3.44821 0 4 1 0
3.44821 0 5 1 0
3.45 0 1 1 0
3.45 0 2 1 0
3.45 0 3 1 0
3.45321 0 2 1 0
3.45321 0 1 1 0
3.45321 0 3 1 0
3.45475 0 1 1 0
3.45475 0 1 1 0
3.455 0 4 1 0
3.455 0 5 1 0
3.45627 0 1 1 0
3.45627 0 1 1 0
3.45821 0 4 1 0
3.45821 0 5 1 0
3.46 0 1 1 0
3.46 0 2 1 0
3.46 0 3 1 0
3.46321 0 2 1 0
3.46321 0 1 1 0
3.46321 0 3 1 0
3.46475 0 1 1 0
3.46475 0 1 1 0
3.465 0 4 1 0
3.465 0 5 1 0
3.46627 0 1 1 0
3.46627 0 1 1 0
3.46821 0 4 1 0
3.46821 0 5 1 0
3.47 0 1 1 0
3.47 0 2 1 0
3.47 0 3 1 0
3.47321 0 2 1 0
3.47321 0 1 1 0
3.47321 0 3 1 0
3.47475 0 1 1 0
3.47475 0 1 1 0
3.475 0 4 1 0
3.475 0 5 1 0
3.47627 0 1 1 0
3.47627 0 1 1 0
3.47821 0 4 1 0
3.47821 0 5 1 0
3.48 0 1 1 0
3.48 0 2 1 0
3.48 0 3 1 0
3.48321 0 2 1 0
3.48321 0 1 1 0
3.48321 0 3 1 0
3.48475 0 1 1 0
3.48475 0 1 1 0
3.485 0 4 1 0
3.485 0 5 1 0
3.48627 0 1 1 0
3.48627 0 1 1 0
3.48821 0 4 1 0
3.48821 0 5 1 0
3.49 0 1 1 0
3.49 0 2 1 0
3.49 0 3 1 0
3.49321 0 2 1 0
3.49321 0 1 1 0
3.49321 0 3 1 0
3.49475 0 1 1 0
3.49475 0 1 1 0
3.495 0 4 1 0
3.495 0 5 1 0
3.49627 0 1 1 0
3.49627 0 1 1 0
3.49821 0 4 1 0
3.49821 0 5 1 0
3.5 0 1 1 0
3.5 0 2 1 0
3.5 0 3 1 0
3.50321 0 2 1 0
3.50321 0 1 1 0
3.50321 0 3 1 0
3.50475 0 1 1 0
3.50475 0 1 1 0
3.505 0 4 1 0
3.505 0 5 1 0
3.50627 0 1 1 0
3.50627 0 1 1 0
3.50821 0 4 1 0
3.50821 0 5 1 0
3.51 0 1 1 0
3.51 0 2 1 0
3.51 0 3 1 0
3.51321 0 2 1 0
3.51321 0 1 1 0
3.51321 0 3 1 0
3.51475 0 1 1 0
3.51475 0 1 1 0
3.515 0 4 1 0
3.515 0 5 1 0
3.51627 0 1 1 0
3.51627 0 1 1 0
3.51821 0 4 1 0
3.51821 0 5 1 0
3.52 0 1 1 0
3.52 0 2 1 0
3.52 0 3 1 0
3.52321 0 2 1 0
3.52321 0 1 1 0
3.52321 0 3 1 0
3.52475 0 1 1 0
3.52475 0 1 1 0
3.525 0 4 1 0
3.525 0 5 1 0
3.52627 0 1 1 0
3.52627 0 1 1 0
3.52821 0 4 1 0
3.52821 0 5 1 0
3.53 0 1 1 0
3.53 0 2 1 0
3.53 0 3 1 0
3.53321 0 2 1 0
3.53321 0 1 1 0
3.53321 0 3 1 0
3.53475 0 1 1 0
3.53475 0 1 1 0
3.535 0 4 1 0
3.535 0 5 1 0
3.53627 0 1 1 0
3.53627 0 1 1 0
3.53821 0 4 1 0
3.53821 0 5 1 0
3.54 0 1 1 0
3.54 0 2 1 0
3.54 0 3 1 0
3.54321 0 2 1 0
3.54321 0 1 1 0
3.54321 0 3 1 0
3.54475 0 1 1 0
3.54475 0 1 1 0
3.545 0 4 1 0
3.545 0 5 1 0
3.54627 0 1 1 0
3.54627 0 1 1 0
3.54821 0 4 1 0
3.54821 0 5 1 0
3.55 0 1 1 0
3.55 0 2 1 0
3.55 0 3 1 0
3.55321 0 2 1 0
3.55321 0 1 1 0
3.55321 0 3 1 0
3.55475 0 1 1 0
3.55475 0 1 1 0
3.555 0 4 1 0
3.555 0 5 1 0
3.55627 0 1 1 0
3.55627 0 1 1 0
3.55821 0 4 1 0
3.55821 0 5 1 0
3.56 0 1 1 0
3.56 0 2 1 0
3.56 0 3 1 0
3.56321 0 2 1 0
3.56321 0 1 1 0
3.56321 0 3 1 0
3.56475 0 1 1 0
3.56475 0 1 1 0
3.565 0 4 1 0
3.565 0 5 1 0
3.56627 0 1 1 0
3.56627 0 1 1 0
3.56821 0 4 1 0
3.56821 0 5 1 0
3.57 0 1 1 0
3.57 0 2 1 0
3.57 0 3 1 0
3.57321 0 2 1 0
3.57321 0 1 1 0
3.57321 0 3 1 0
3.57475 0 1 1 0
3.57475 0 1 1 0
3.575 0 4 1 0
3.575 0 5 1 0
3.57627 0 1 1 0
3.57627 0 1 1 0
3.57821 0 4 1 0
3.57821 0 5 1 0
3.58 0 1 1 0
3.58 0 2 1 0
3.58 0 3 1 0
3.58321 0 2 1 0
3.58321 0 1 1 0
3.58321 0 3 1 0
3.58475 0 1 1 0
3.58475 0 1 1 0
3.585 0 4 1 0
3.585 0 5 1 0
3.58627 0 1 1 0
3.58627 0 1 1 0
3.58821 0 4 1 0
3.58821 0 5 1 0
3.59 0 1 1 0
3.59 0 2 1 0
3.59 0 3 1 0
3.59321 0 2 1 0
3.59321 0 1 1 0
3.59321 0 3 1 0
3.59475 0 1 1 0
3.59475 0 1 1 0
3.595 0 4 1 0
3.595 0 5 1 0
3.59627 0 1 1 0
3.59627 0 1 1 0
3.59821 0 4 1 0
3.59821 0 5 1 0
3.6 0 1 1 0
3.6 0 2 1 0
3.6 0 3 1 0
3.60321 0 2 1 0
3.60321 0 1 1 0
3.60321 0 3 1 0
3.60475 0 1 1 0
3.60475 0 1 1 0
3.605 0 4 1 0
3.605 0 5 1 0
3.60627 0 1 1 0
3.60627 0 1 1 0
3.60821 0 4 1 0
3.60821 0 5 1 0
3.61 0 1 1 0
3.61 0 2 1 0
3.61 0 3 1 0
3.61321 0 2 1 0
3.61321 0 1 1 0
3.61321 0 3 1 0
3.61475 0 1 1 0
3.61475 0 1 1 0
3.615 0 4 1 0
3.615 0 5 1 0
3.61627 0 1 1 0
3.61627 0 1 1 0
3.61821 0 4 1 0
3.61821 0 5 1 0
3.62 0 1 1 0
3.62 0 2 1 0
3.62 0 3 1 0
3.62321 0 2 1 0
3.62321 0 1 1 0
3.62321 0 3 1 0
3.62475 0 1 1 0
3.62475 0 1 1 0
3.625 0 4 1 0
3.625 0 5 1 0
3.62627 0 1 1 0
3.62627 0 1 1 0
3.62821 0 4 1 0
3.62821 0 5 1 0
3.63 0 1 1 0
3.63 0 2 1 0
3.63 0 3 1 0
3.63321 0 2 1 0
3.63321 0 1 1 0
3.63321 0 3 1 0
3.63475 0 1 1 0
3.63475 0 1 1 0
3.635 0 4 1 0
3.635 0 5 1 0
3.63627 0 1 1 0
3.63627 0 1 1 0
3.63821 0 4 1 0
3.63821 0 5 1 0
3.64 0 1 1 0
3.64 0 2 1 0
3.64 0 3 1 0
3.64321 0 2 1 0
3.64321 0 1 1 0
3.64321 0 3 1 0
3.64475 0 1 1 0
3.64475 0 1 1 0
3.645 0 4 1 0
3.645 0 5 1 0
3.64627 0 1 1 0
3.64627 0 1 1 0
3.64821 0 4 1 0
3.64821 0 5 1 0
3.65 0 1 1 0
3.65 0 2 1 0
3.65 0 3 1 0
3.65321 0 2 1 0
3.65321 0 1 1 0
3.65321 0 3 1 0
3.65475 0 1 1 0
3.65475 0 1 1 0
3.655 0 4 1 0
3.655 0 5 1 0
3.65627 0 1 1 0
3.65627 0 1 1 0
3.65821 0 4 1 0
3.65821 0 5 1 0
3.66 0 1 1 0
3.66 0 2 1 0
3.66 0 3 1 0
3.66321 0 2 1 0
3.66321 0 1 1 0
3.66321 0 3 1 0
3.66475 0 1 1 0
3.66475 0 1 1 0
3.665 0 4 1 0
3.665 0 5 1 0
3.66627 0 1 1 0
3.66627 0 1 1 0
3.66821 0 4 1 0
3.66821 0 5 1 0
3.67 0 1 1 0
3.67 0 2 1 0
3.67 0 3 1 0
3.67321 0 2 1 0
3.67321 0 1 1 0
3.67321 0 3 1 0
3.67475 0 1 1 0
3.67475 0 1 1 0
3.675 0 4 1 0
3.675 0 5 1 0
3.67627 0 1 1 0
3.67627 0 1 1 0
3.67821 0 4 1 0
3.67821 0 5 1 0
3.68 0 1 1 0
3.68 0 2 1 0
3.68 0 3 1 0
3.68321 0 2 1 0
3.68321 0 1 1 0
3.68321 0 3 1 0
3.68475 0 1 1 0
3.68475 0 1 1 0
3.685 0 4 1 0
3.685 0 5 1 0
3.68627 0 1 1 0
3.68627 0 1 1 0
3.68821 0 4 1 0
3.68821 0 5 1 0
3.69 0 1 1 0
3.69 0 2 1 0
3.69 0 3 1 0
3.69321 0 2 1 0
3.69321 0 1 1 0
3.69321 0 3 1 0
3.69475 0 1 1 0
3.69475 0 1 1 0
3.695 0 4 1 0
3.695 0 5 1 0
3.69627 0 1 1 0
3.69627 0 1 1 0
3.69821 0 4 1 0
3.69821 0 5 1 0
3.7 0 1 1 0
3.7 0 2 1 0
3.7 0 3 1 0
3.70321 0 2 1 0
3.70321 0 1 1 0
3.70321 0 3 1 0
3.70475 0 1 1 0
3.70475 0 1 1 0
3.705 0 4 1 0
3.705 0 5 1 0
3.70627 0 1 1 0
3.70627 0 1 1 0
3.70821 0 4 1 0
3.70821 0 5 1 0
3.71 0 1 1 0
3.71 0 2 1 0
3.71 0 3 1 0
3.71321 0 2 1 0
3.71321 0 1 1 0
3.71321 0 3 1 0
3.71475 0 1 1 0
3.71475 0 1 1 0
3.715 0 4 1 0
3.715 0 5 1 0
3.71627 0 1 1 0
3.71627 0 1 1 0
3.71821 0 4 1 0
3.71821 0 5 1 0
3.72 0 1 1 0
3.72 0 2 1 0
3.72 0 3 1 0
3.72321 0 2 1 0
3.72321 0 1 1 0
3.72321 0 3 1 0
3.72475 0 1 1 0
3.72475 0 1 1 0
3.725 0 4 1 0
3.725 0 5 1 0
3.72627 0 1 1 0
3.72627 0 1 1 0
3.72821 0 4 1 0
3.72821 0 5 1 0
3.73 0 1 1 0
3.73 0 2 1 0
3.73 0 3 1 0
3.73321 0 2 1 0
3.73321 0 1 1 0
3.73321 0 3 1 0
3.73475 0 1 1 0
3.73475 0 1 1 0
3.735 0 4 1 0
3.735 0 5 1 0
3.73627 0 1 1 0
3.73627 0 1 1 0
3.73821 0 4 1 0
3.73821 0 5 1 0
3.74 0 1 1 0
3.74 0 2 1 0
3.74 0 3 1 0
3.74321 0 2 1 0
3.74321 0 1 1 0
3.74321 0 3 1 0
3.74475 0 1 1 0
3.74475 0 1 1 0
3.745 0 4 1 0
3.745 0 5 1 0
3.74627 0 1 1 0
3.74627 0 1 1 0
3.74821 0 4 1 0
3.74821 0 5 1 0
3.75 0 1 1 0
3.75 0 2 1 0
3.75 0 3 1 0
3.75321 0 2 1 0
3.75321 0 1 1 0
3.75321 0 3 1 0
3.75475 0 1 1 0
3.75475 0 1 1 0
3.755 0 4 1 0
3.755 0 5 1 0
3.75627 0 1 1 0
3.75627 0 1 1 0
3.75821 0 4 1 0
3.75821 0 5 1 0
3.76 0 1 1 0
3.76 0 2 1 0
3.76 0 3 1 0
3.76321 0 2 1 0
3.76321 0 1 1 0
3.76321 0 3 1 0
3.76475 0 1 1 0
3.76475 0 1 1 0
3.765 0 4 1 0
3.765 0 5 1 0
3.76627 0 1 1 0
3.76627 0 1 1 0
3.76821 0 4 1 0
3.76821 0 5 1 0
3.77 0 1 1 0
3.77 0 2 1 0
3.77 0 3 1 0
3.77321 0 2 1 0
3.77321 0 1 1 0
3.77321 0 3 1 0
3.77475 0 1 1 0
3.77475 0 1 1 0
3.775 0 4 1 0
3.775 0 5 1 0
3.77627 0 1 1 0
3.77627 0 1 1 0
3.77821 0 4 1 0
3.77821 0 5 1 0
3.78 0 1 1 0
3.78 0 2 1 0
3.78 0 3 1 0
3.78321 0 2 1 0
3.78321 0 1 1 0
3.78321 0 3 1 0
3.78475 0 1 1 0
3.78475 0 1 1 0
3.785 0 4 1 0
3.785 0 5 1 0
3.78627 0 1 1 0
3.78627 0 1 1 0
3.78821 0 4 1 0
3.78821 0 5 1 0
3.79 0 1 1 0
3.79 0 2 1 0
3.79 0 3 1 0
3.79321 0 2 1 0
3.79321 0 1 1 0
3.79321 0 3 1 0
3.79475 0 1 1 0
3.79475 0 1 1 0
3.795 0 4 1 0
3.795 0 5 1 0
3.79627 0 1 1 0
3.79627 0 1 1 0
3.79821 0 4 1 0
3.79821 0 5 1 0
3.8 0 1 1 0
3.8 0 2 1 0
3.8 0 3 1 0
3.80321 0 2 1 0
3.80321 0 1 1 0
3.80321 0 3 1 0
3.80475 0 1 1 0
3.80475 0 1 1 0
3.805 0 4 1 0
3.805 0 5 1 0
3.80627 0 1 1 0
3.80627 0 1 1 0
3.80821 0 4 1 0
3.80821 0 5 1 0
3.81 0 1 1 0
3.81 0 2 1 0
3.81 0 3 1 0
3.81321 0 2 1 0
3.81321 0 1 1 0
3.81321 0 3 1 0
3.81475 0 1 1 0
3.81475 0 1 1 0
3.815 0 4 1 0
3.815 0 5 1 0
3.81627 0 1 1 0
3.81627 0 1 1 0
3.81821 0 4 1 0
3.81821 0 5 1 0
3.82 0 1 1 0
3.82 0 2 1 0
3.82 0 3 1 0
3.82321 0 2 1 0
3.82321 0 1 1 0
3.82321 0 3 1 0
3.82475 0 1 1 0
3.82475 0 1 1 0
3.825 0 4 1 0
3.825 0 5 1 0
3.82627 0 1 1 0
3.82627 0 1 1 0
3.82821 0 4 1 0
3.82821 0 5 1 0
3.83 0 1 1 0
3.83 0 2 1 0
3.83 0 3 1 0
3.83321 0 2 1 0
3.83321 0 1 1 0
3.83321 0 3 1 0
3.83475 0 1 1 0
3.83475 0 1 1 0
3.835 0 4 1 0
3.835 0 5 1 0
3.83627 0 1 1 0
3.83627 0 1 1 0
3.83821 0 4 1 0
3.83821 0 5 1 0
3.84 0 1 1 0
3.84 0 2 1 0
3.84 0 3 1 0
3.84321 0 2 1 0
3.84321 0 1 1 0
3.84321 0 3 1 0
3.84475 0 1 1 0
3.84475 0 1 1 0
3.845 0 4 1 0
3.845 0 5 1 0
3.84627 0 1 1 0
3.84627 0 1 1 0
3.84821 0 4 1 0
3.84821 0 5 1 0
3.85 0 1 1 0
3.85 0 2 1 0
3.85 0 3 1 0
3.85321 0 2 1 0
3.85321 0 1 1 0
3.85321 0 3 1 0
3.85475 0 1 1 0
3.85475 0 1 1 0
3.855 0 4 1 0
3.855 0 5 1 0
3.85627 0 1 1 0
3.85627 0 1 1 0
3.85821 0 4 1 0
3.85821 0 5 1 0
3.86 0 1 1 0
3.86 0 2 1 0
3.86 0 3 1 0
3.86321 0 2 1 0
3.86321 0 1 1 0
3.86321 0 3 1 0
3.86475 0 1 1 0
3.86475 0 1 1 0
3.865 0 4 1 0
3.865 0 5 1 0
3.86627 0 1 1 0
3.86627 0 1 1 0
3.86821 0 4 1 0
3.86821 0 5 1 0
3.87 0 1 1 0
3.87 0 2 1 0
3.87 0 3 1 0
3.87321 0 2 1 0
3.87321 0 1 1 0
3.87321 0 3 1 0
3.87475 0 1 1 0
3.87475 0 1 1 0
3.875 0 4 1 0
3.875 0 5 1 0
3.87627 0 1 1 0
3.87627 0 1 1 0
3.87821 0 4 1 0
3.87821 0 5 1 0
3.88 0 1 1 0
3.88 0 2 1 0
3.88 0 3 1 0
3.88321 0 2 1 0
3.88321 0 1 1 0
3.88321 0 3 1 0
3.88475 0 1 1 0
3.88475 0 1 1 0
3.885 0 4 1 0
3.885 0 5 1 0
3.88627 0 1 1 0
3.88627 0 1 1 0
3.88821 0 4 1 0
3.88821 0 5 1 0
3.89 0 1 1 0
3.89 0 2 1 0
3.89 0 3 1 0
3.89321 0 2 1 0
3.89321 0 1 1 0
3.89321 0 3 1 0
3.89475 0 1 1 0
3.89475 0 1 1 0
3.895 0 4 1 0
3.895 0 5 1 0
3.89627 0 1 1 0
3.89627 0 1 1 0
3.89821 0 4 1 0
3.89821 0 5 1 0
3.9 0 1 1 0
3.9 0 2 1 0
3.9 0 3 1 0
3.90321 0 2 1 0
3.90321 0 1 1 0
3.90321 0 3 1 0
3.90475 0 1 1 0
3.90475 0 1 1 0
3.905 0 4 1 0
3.905 0 5 1 0
3.90627 0 1 1 0
3.90627 0 1 1 0
3.90821 0 4 1 0
3.90821 0 5 1 0
3.91 0 1 1 0
3.91 0 2 1 0
3.91 0 3 1 0
3.91321 0 2 1 0
3.91321 0 1 1 0
3.91321 0 3 1 0
3.91475 0 1 1 0
3.91475 0 1 1 0
3.915 0 4 1 0
3.915 0 5 1 0
3.91627 0 1 1 0
3.91627 0 1 1 0
3.91821 0 4 1 0
3.91821 0 5 1 0
3.92 0 1 1 0
3.92 0 2 1 0
3.92 0 3 1 0
3.92321 0 2 1 0
3.92321 0 1 1 0
3.92321 0 3 1 0
3.92475 0 1 1 0
3.92475 0 1 1 0
3.925 0 4 1 0
3.925 0 5 1 0
3.92627 0 1 1 0
3.92627 0 1 1 0
3.92821 0 4 1 0
3.92821 0 5 1 0
3.93 0 1 1 0
3.93 0 2 1 0
3.93 0 3 1 0
3.93321 0 2 1 0
3.93321 0 1 1 0
3.93321 0 3 1 0
3.93475 0 1 1 0
3.93475 0 1 1 0
3.935 0 4 1 0
3.935 0 5 1 0
3.93627 0 1 1 0
3.93627 0 1 1 0
3.93821 0 4 1 0
3.93821 0 5 1 0
3.94 0 1 1 0
3.94 0 2 1 0
3.94 0 3 1 0
3.94321 0 2 1 0
3.94321 0 1 1 0
3.94321 0 3 1 0
3.94475 0 1 1 0
3.94475 0 1 1 0
3.945 0 4 1 0
3.945 0 5 1 0
3.94627 0 1 1 0
3.94627 0 1 1 0
3.94821 0 4 1 0
3.94821 0 5 1 0
3.95 0 1 1 0
3.95 0 2 1 0
3.95 0 3 1 0
3.95321 0 2 1 0
3.95321 0 1 1 0
3.95321 0 3 1 0
3.95475 0 1 1 0
3.95475 0 1 1 0
3.955 0 4 1 0
3.955 0 5 1 0
3.95627 0 1 1 0
3.95627 0 1 1 0
3.95821 0 4 1 0
3.95821 0 5 1 0
3.96 0 1 1 0
3.96 0 2 1 0
3.96 0 3 1 0
3.96321 0 2 1 0
3.96321 0 1 1 0
3.96321 0 3 1 0
3.96475 0 1 1 0
3.96475 0 1 1 0
3.965 0 4 1 0
3.965 0 5 1 0
3.96627 0 1 1 0
3.96627 0 1 1 0
3.96821 0 4 1 0
3.96821 0 5 1 0
3.97 0 1 1 0
3.97 0 2 1 0
3.97 0 3 1 0
3.97321 0 2 1 0
3.97321 0 1 1 0
3.97321 0 3 1 0
3.97475 0 1 1 0
3.97475 0 1 1 0
3.975 0 4 1 0
3.975 0 5 1 0
3.97627 0 1 1 0
3.97627 0 1 1 0
3.97821 0 4 1 0
3.97821 0 5 1 0
3.98 0 1 1 0
3.98 0 2 1 0
3.98 0 3 1 0
3.98321 0 2 1 0
3.98321 0 1 1 0
3.98321 0 3 1 0
3.98475 0 1 1 0
3.98475 0 1 1 0
3.985 0 4 1 0
3.985 0 5 1 0
3.98627 0 1 1 0
3.98627 0 1 1 0
3.98821 0 4 1 0
3.98821 0 5 1 0
3.99 0 1 1 0
3.99 0 2 1 0
3.99 0 3 1 0
3.99321 0 2 1 0
3.99321 0 1 1 0
3.99321 0 3 1 0
3.99475 0 1 1 0
3.99475 0 1 1 0
3.995 0 4 1 0
3.995 0 5 1 0
3.99627 0 1 1 0
3.99627 0 1 1 0
3.99821 0 4 1 0
3.99821 0 5 1 0
4 0 1 1 0
4 0 2 1 0
4 0 3 1 0
4.00321 0 2 1 0
4.00321 0 1 1 0
4.00321 0 3 1 0
4.00475 0 1 1 0
4.00475 0 1 1 0
4.005 0 4 1 0
4.005 0 5 1 0
4.00627 0 1 1 0
4.00627 0 1 1 0
4.00821 0 4 1 0
4.00821 0 5 1 0
4.01 0 1 1 0
4.01 0 2 1 0
4.01 0 3 1 0
4.01321 0 2 1 0
4.01321 0 1 1 0
4.01321 0 3 1 0
4.01475 0 1 1 0
4.01475 0 1 1 0
4.015 0 4 1 0
4.015 0 5 1 0
4.01627 0 1 1 0
4.01627 0 1 1 0
4.01821 0 4 1 0
4.01821 0 5 1 0
4.02 0 1 1 0
4.02 0 2 1 0
4.02 0 3 1 0
4.02321 0 2 1 0
4.02321 0 1 1 0
4.02321 0 3 1 0
4.02475 0 1 1 0
4.02475 0 1 1 0
4.025 0 4 1 0
4.025 0 5 1 0
4.02627 0 1 1 0
4.02627 0 1 1 0
4.02821 0 4 1 0
4.02821 0 5 1 0
4.03 0 1 1 0
4.03 0 2 1 0
4.03 0 3 1 0
4.03321 0 2 1 0
4.03321 0 1 1 0
4.03321 0 3 1 0
4.03475 0 1 1 0
4.03475 0 1 1 0
4.035 0 4 1 0
4.035 0 5 1 0
4.03627 0 1 1 0
4.03627 0 1 1 0
4.03821 0 4 1 0
4.03821 0 5 1 0
4.04 0 1 1 0
4.04 0 2 1 0
4.04 0 3 1 0
4.04321 0 2 1 0
4.04321 0 1 1 0
4.04321 0 3 1 0
4.04475 0 1 1 0
4.04475 0 1 1 0
4.045 0 4 1 0
4.045 0 5 1 0
4.04627 0 1 1 0
4.04627 0 1 1 0
4.04821 0 4 1 0
4.04821 0 5 1 0
4.05 0 1 1 0
4.05 0 2 1 0
4.05 0 3 1 0
4.05321 0 2 1 0
4.05321 0 1 1 0
4.05321 0 3 1 0
4.05475 0 1 1 0
4.05475 0 1 1 0
4.055 0 4 1 0
4.055 0 5 1 0
4.05627 0 1 1 0
4.05627 0 1 1 0
4.05821 0 4 1 0
4.05821 0 5 1 0
4.06 0 1 1 0
4.06 0 2 1 0
4.06 0 3 1 0
4.06321 0 2 1 0
4.06321 0 1 1 0
4.06321 0 3 1 0
4.06475 0 1 1 0
4.06475 0 1 1 0
4.065 0 4 1 0
4.065 0 5 1 0
4.06627 0 1 1 0
4.06627 0 1 1 0
4.06821 0 4 1 0
4.06821 0 5 1 0
4.07 0 1 1 0
4.07 0 2 1 0
4.07 0 3 1 0
4.07321 0 2 1 0
4.07321 0 1 1 0
4.07321 0 3 1 0
4.07475 0 1 1 0
4.07475 0 1 1 0
4.075 0 4 1 0
4.075 0 5 1 0
4.07627 0 1 1 0
4.07627 0 1 1 0
4.07821 0 4 1 0
4.07821 0 5 1 0
4.08 0 1 1 0
4.08 0 2 1 0
4.08 0 3 1 0
4.08321 0 2 1 0
4.08321 0 1 1 0
4.08321 0 3 1 0
4.08475 0 1 1 0
4.08475 0 1 1 0
4.085 0 4 1 0
4.085 0 5 1 0
4.08627 0 1 1 0
4.08627 0 1 1 0
4.08821 0 4 1 0
4.08821 0 5 1 0
4.09 0 1 1 0
4.09 0 2 1 0
4.09 0 3 1 0
4.09321 0 2 1 0
4.09321 0 1 1 0
4.09321 0 3 1 0
4.09475 0 1 1 0
4.09475 0 1 1 0
4.095 0 4 1 0
4.095 0 5 1 0
4.09627 0 1 1 0
4.09627 0 1 1 0
4.09821 0 4 1 0
4.09821 0 5 1 0
4.1 0 1 1 0
4.1 0 2 1 0
4.1 0 3 1 0
4.10321 0 2 1 0
4.10321 0 1 1 0
4.10321 0 3 1 0
4.10475 0 1 1 0
4.10475 0 1 1 0
4.105 0 4 1 0
4.105 0 5 1 0
4.10627 0 1 1 0
4.10627 0 1 1 0
4.10821 0 4 1 0
4.10821 0 5 1 0
4.11 0 1 1 0
4.11 0 2 1 0
4.11 0 3 1 0
4.11321 0 2 1 0
4.11321 0 1 1 0
4.11321 0 3 1 0
4.11475 0 1 1 0
4.11475 0 1 1 0
4.115 0 4 1 0
4.115 0 5 1 0
4.11627 0 1 1 0
4.11627 0 1 1 0
4.11821 0 4 1 0
4.11821 0 5 1 0
4.12 0 1 1 0
4.12 0 2 1 0
4.12 0 3 1 0
4.12321 0 2 1 0
4.12321 0 1 1 0
4.12321 0 3 1 0
4.12475 0 1 1 0
4.12475 0 1 1 0
4.125 0 4 1 0
4.125 0 5 1 0
4.12627 0 1 1 0
4.12627 0 1 1 0
4.12821 0 4 1 0
4.12821 0 5 1 0
4.13 0 1 1 0
4.13 0 2 1 0
4.13 0 3 1 0
4.13321 0 2 1 0
4.13321 0 1 1 0
4.13321 0 3 1 0
4.13475 0 1 1 0
4.13475 0 1 1 0
4.135 0 4 1 0
4.135 0 5 1 0
4.13627 0 1 1 0
4.13627 0 1 1 0
4.13821 0 4 1 0
4.13821 0 5 1 0
4.14 0 1 1 0
4.14 0 2 1 0
4.14 0 3 1 0
4.14321 0 2 1 0
4.14321 0 1 1 0
4.14321 0 3 1 0
4.14475 0 1 1 0
4.14475 0 1 1 0
4.145 0 4 1 0
4.145 0 5 1 0
4.14627 0 1 1 0
4.14627 0 1 1 0
4.14821 0 4 1 0
4.14821 0 5 1 0
4.15 0 1 1 0
4.15 0 2 1 0
4.15 0 3 1 0
4.15321 0 2 1 0
4.15321 0 1 1 0
4.15321 0 3 1 0
4.15475 0 1 1 0
4.15475 0 1 1 0
4.155 0 4 1 0
4.155 0 5 1 0
4.15627 0 1 1 0
4.15627 0 1 1 0
4.15821 0 4 1 0
4.15821 0 5 1 0
4.16 0 1 1 0
4.16 0 2 1 0
4.16 0 3 1 0
4.16321 0 2 1 0
4.16321 0 1 1 0
4.16321 0 3 1 0
4.16475 0 1 1 0
4.16475 0 1 1 0
4.165 0 4 1 0
4.165 0 5 1 0
4.16627 0 1 1 0
4.16627 0 1 1 0
4.16821 0 4 1 0
4.16821 0 5 1 0
4.17 0 1 1 0
4.17 0 2 1 0
4.17 0 3 1 0
4.17321 0 2 1 0
4.17321 0 1 1 0
4.17321 0 3 1 0
4.17475 0 1 1 0
4.17475 0 1 1 0
4.175 0 4 1 0
4.175 0 5 1 0
4.17627 0 1 1 0
4.17627 0 1 1 0
4.17821 0 4 1 0
4.17821 0 5 1 0
4.18 0 1 1 0
4.18 0 2 1 0
4.18 0 3 1 0
4.18321 0 2 1 0
4.18321 0 1 1 0
4.18321 0 3 1 0
4.18475 0 1 1 0
4.18475 0 1 1 0
4.185 0 4 1 0
4.185 0 5 1 0
4.18627 0 1 1 0
4.18627 0 1 1 0
4.18821 0 4 1 0
4.18821 0 5 1 0
4.19 0 1 1 0
4.19 0 2 1 0
4.19 0 3 1 0
4.19321 0 2 1 0
4.19321 0 1 1 0
4.19321 0 3 1 0
4.19475 0 1 1 0
4.19475 0 1 1 0
4.195 0 4 1 0
4.195 0 5 1 0
4.19627 0 1 1 0
4.19627 0 1 1 0
4.19821 0 4 1 0
4.19821 0 5 1 0
4.2 0 1 1 0
4.2 0 2 1 0
4.2 0 3 1 0
4.20321 0 2 1 0
4.20321 0 1 1 0
4.20321 0 3 1 0
4.20475 0 1 1 0
4.20475 0 1 1 0
4.205 0 4 1 0
4.205 0 5 1 0
4.20627 0 1 1 0
4.20627 0 1 1 0
4.20821 0 4 1 0
4.20821 0 5 1 0
4.21 0 1 1 0
4.21 0 2 1 0
4.21 0 3 1 0
4.21321 0 2 1 0
4.21321 0 1 1 0
4.21321 0 3 1 0
4.21475 0 1 1 0
4.21475 0 1 1 0
4.215 0 4 1 0
4.215 0 5 1 0
4.21627 0 1 1 0
4.21627 0 1 1 0
4.21821 0 4 1 0
4.21821 0 5 1 0
4.22 0 1 1 0
4.22 0 2 1 0
4.22 0 3 1 0
4.22321 0 2 1 0
4.22321 0 1 1 0
4.22321 0 3 1 0
4.22475 0 1 1 0
4.22475 0 1 1 0
4.225 0 4 1 0
4.225 0 5 1 0
4.22627 0 1 1 0
4.22627 0 1 1 0
4.22821 0 4 1 0
4.22821 0 5 1 0
4.23 0 1 1 0
4.23 0 2 1 0
4.23 0 3 1 0
4.23321 0 2 1 0
4.23321 0 1 1 0
4.23321 0 3 1 0
4.23475 0 1 1 0
4.23475 0 1 1 0
4.235 0 4 1 0
4.235 0 5 1 0
4.23627 0 1 1 0
4.23627 0 1 1 0
4.23821 0 4 1 0
4.23821 0 5 1 0
4.24 0 1 1 0
4.24 0 2 1 0
4.24 0 3 1 0
4.24321 0 2 1 0
4.24321 0 1 1 0
4.24321 0 3 1 0
4.24475 0 1 1 0
4.24475 0 1 1 0
4.245 0 4 1 0
4.245 0 5 1 0
4.24627 0 1 1 0
4.24627 0 1 1 0
4.24821 0 4 1 0
4.24821 0 5 1 0
4.25 0 1 1 0
4.25 0 2 1 0
4.25 0 3 1 0
4.25321 0 2 1 0
4.25321 0 1 1 0
4.25321 0 3 1 0
4.25475 0 1 1 0
4.25475 0 1 1 0
4.255 0 4 1 0
4.255 0 5 1 0
4.25627 0 1 1 0
4.25627 0 1 1 0
4.25821 0 4 1 0
4.25821 0 5 1 0
4.26 0 1 1 0
4.26 0 2 1 0
4.26 0 3 1 0
4.26321 0 2 1 0
4.26321 0 1 1 0
4.26321 0 3 1 0
4.26475 0 1 1 0
4.26475 0 1 1 0
4.265 0 4 1 0
4.265 0 5 1 0
4.26627 0 1 1 0
4.26627 0 1 1 0
4.26821 0 4 1 0
4.26821 0 5 1 0
4.27 0 1 1 0
4.27 0 2 1 0
4.27 0 3 1 0
4.27321 0 2 1 0
4.27321 0 1 1 0
4.27321 0 3 1 0
4.27475 0 1 1 0
4.27475 0 1 1 0
4.275 0 4 1 0
4.275 0 5 1 0
4.27627 0 1 1 0
4.27627 0 1 1 0
4.27821 0 4 1 0
4.27821 0 5 1 0
4.28 0 1 1 0
4.28 0 2 1 0
4.28 0 3 1 0
4.28321 0 2 1 0
4.28321 0 1 1 0
4.28321 0 3 1 0
4.28475 0 1 1 0
4.28475 0 1 1 0
4.285 0 4 1 0
4.285 0 5 1 0
4.28627 0 1 1 0
4.28627 0 1 1 0
4.28821 0 4 1 0
4.28821 0 5 1 0
4.29 0 1 1 0
4.29 0 2 1 0
4.29 0 3 1 0
4.29321 0 2 1 0
4.29321 0 1 1 0
4.29321 0 3 1 0
4.29475 0 1 1 0
4.29475 0 1 1 0
4.295 0 4 1 0
4.295 0 5 1 0
4.29627 0 1 1 0
4.29627 0 1 1 0
4.29821 0 4 1 0
4.29821 0 5 1 0
4.3 0 1 1 0
4.3 0 2 1 0
4.3 0 3 1 0
4.30321 0 2 1 0
4.30321 0 1 1 0
4.30321 0 3 1 0
4.30475 0 1 1 0
4.30475 0 1 1 0
4.305 0 4 1 0
4.305 0 5 1 0
4.30627 0 1 1 0
4.30627 0 1 1 0
4.30821 0 4 1 0
4.30821 0 5 1 0
4.31 0 1 1 0
4.31 0 2 1 0
4.31 0 3 1 0
4.31321 0 2 1 0
4.31321 0 1 1 0
4.31321 0 3 1 0
4.31475 0 1 1 0
4.31475 0 1 1 0
4.315 0 4 1 0
4.315 0 5 1 0
4.31627 0 1 1 0
4.31627 0 1 1 0
4.31821 0 4 1 0
4.31821 0 5 1 0
4.32 0 1 1 0
4.32 0 2 1 0
4.32 0 3 1 0
4.32321 0 2 1 0
4.32321 0 1 1 0
4.32321 0 3 1 0
4.32475 0 1 1 0
4.32475 0 1 1 0
4.325 0 4 1 0
4.325 0 5 1 0
4.32627 0 1 1 0
4.32627 0 1 1 0
4.32821 0 4 1 0
4.32821 0 5 1 0
4.33 0 1 1 0
4.33 0 2 1 0
4.33 0 3 1 0
4.33321 0 2 1 0
4.33321 0 1 1 0
4.33321 0 3 1 0
4.33475 0 1 1 0
4.33475 0 1 1 0
4.335 0 4 1 0
4.335 0 5 1 0
4.33627 0 1 1 0
4.33627 0 1 1 0
4.33821 0 4 1 0
4.33821 0 5 1 0
4.34 0 1 1 0
4.34 0 2 1 0
4.34 0 3 1 0
4.34321 0 2 1 0
4.34321 0 1 1 0
4.34321 0 3 1 0
4.34475 0 1 1 0
4.34475 0 1 1 0
4.345 0 4 1 0
4.345 0 5 1 0
4.34627 0 1 1 0
4.34627 0 1 1 0
4.34821 0 4 1 0
4.34821 0 5 1 0
4.35 0 1 1 0
4.35 0 2 1 0
4.35 0 3 1 0
4.35321 0 2 1 0
4.35321 0 1 1 0
4.35321 0 3 1 0
4.35475 0 1 1 0
4.35475 0 1 1 0
4.355 0 4 1 0
4.355 0 5 1 0
4.35627 0 1 1 0
4.35627 0 1 1 0
4.35821 0 4 1 0
4.35821 0 5 1 0
4.36 0 1 1 0
4.36 0 2 1 0
4.36 0 3 1 0
4.36321 0 2 1 0
4.36321 0 1 1 0
4.36321 0 3 1 0
4.36475 0 1 1 0
4.36475 0 1 1 0
4.365 0 4 1 0
4.365 0 5 1 0
4.36627 0 1 1 0
4.36627 0 1 1 0
4.36821 0 4 1 0
4.36821 0 5 1 0
4.37 0 1 1 0
4.37 0 2 1 0
4.37 0 3 1 0
4.37321 0 2 1 0
4.37321 0 1 1 0
4.37321 0 3 1 0
4.37475 0 1 1 0
4.37475 0 1 1 0
4.375 0 4 1 0
4.375 0 5 1 0
4.37627 0 1 1 0
4.37627 0 1 1 0
4.37821 0 4 1 0
4.37821 0 5 1 0
4.38 0 1 1 0
4.38 0 2 1 0
4.38 0 3 1 0
4.38321 0 2 1 0
4.38321 0 1 1 0
4.38321 0 3 1 0
4.38475 0 1 1 0
4.38475 0 1 1 0
4.385 0 4 1 0
4.385 0 5 1 0
4.38627 0 1 1 0
4.38627 0 1 1 0
4.38821 0 4 1 0
4.38821 0 5 1 0
4.39 0 1 1 0
4.39 0 2 1 0
4.39 0 3 1 0
4.39321 0 2 1 0
4.39321 0 1 1 0
4.39321 0 3 1 0
4.39475 0 1 1 0
4.39475 0 1 1 0
4.395 0 4 1 0
4.395 0 5 1 0
4.39627 0 1 1 0
4.39627 0 1 1 0
4.39821 0 4 1 0
4.39821 0 5 1 0
4.4 0 1 1 0
4.4 0 2 1 0
4.4 0 3 1 0
4.40321 0 2 1 0
4.40321 0 1 1 0
4.40321 0 3 1 0
4.40475 0 1 1 0
4.40475 0 1 1 0
4.405 0 4 1 0
4.405 0 5 1 0
4.40627 0 1 1 0
4.40627 0 1 1 0
4.40821 0 4 1 0
4.40821 0 5 1 0
4.41 0 1 1 0
4.41 0 2 1 0
4.41 0 3 1 0
4.41321 0 2 1 0
4.41321 0 1 1 0
4.41321 0 3 1 0
4.41475 0 1 1 0
4.41475 0 1 1 0
4.415 0 4 1 0
4.415 0 5 1 0
4.41627 0 1 1 0
4.41627 0 1 1 0
4.41821 0 4 1 0
4.41821 0 5 1 0
4.42 0 1 1 0
4.42 0 2 1 0
4.42 0 3 1 0
4.42321 0 2 1 0
4.42321 0 1 1 0
4.42321 0 3 1 0
4.42475 0 1 1 0
4.42475 0 1 1 0
4.425 0 4 1 0
4.425 0 5 1 0
4.42627 0 1 1 0
4.42627 0 1 1 0
4.42821 0 4 1 0
4.42821 0 5 1 0
4.43 0 1 1 0
4.43 0 2 1 0
4.43 0 3 1 0
4.43321 0 2 1 0
4.43321 0 1 1 0
4.43321 0 3 1 0
4.43475 0 1 1 0
4.43475 0 1 1 0
4.435 0 4 1 0
4.435 0 5 1 0
4.43627 0 1 1 0
4.43627 0 1 1 0
4.43821 0 4 1 0
4.43821 0 5 1 0
4.44 0 1 1 0
4.44 0 2 1 0
4.44 0 3 1 0
4.44321 0 2 1 0
4.44321 0 1 1 0
4.44321 0 3 1 0
4.44475 0 1 1 0
4.44475 0 1 1 0
4.445 0 4 1 0
4.445 0 5 1 0
4.44627 0 1 1 0
4.44627 0 1 1 0
4.44821 0 4 1 0
4.44821 0 5 1 0
4.45 0 1 1 0
4.45 0 2 1 0
4.45 0 3 1 0
4.45321 0 2 1 0
4.45321 0 1 1 0
4.45321 0 3 1 0
4.45475 0 1 1 0
4.45475 0 1 1 0
4.455 0 4 1 0
4.455 0 5 1 0
4.45627 0 1 1 0
4.45627 0 1 1 0
4.45821 0 4 1 0
4.45821 0 5 1 0
4.46 0 1 1 0
4.46 0 2 1 0
4.46 0 3 1 0
4.46321 0 2 1 0
4.46321 0 1 1 0
4.46321 0 3 1 0
4.46475 0 1 1 0
4.46475 0 1 1 0
4.465 0 4 1 0
4.465 0 5 1 0
4.46627 0 1 1 0
4.46627 0 1 1 0
4.46821 0 4 1 0
4.46821 0 5 1 0
4.47 0 1 1 0
4.47 0 2 1 0
4.47 0 3 1 0
4.47321 0 2 1 0
4.47321 0 1 1 0
4.47321 0 3 1 0
4.47475 0 1 1 0
4.47475 0 1 1 0
4.475 0 4 1 0
4.475 0 5 1 0
4.47627 0 1 1 0
4.47627 0 1 1 0
4.47821 0 4 1 0
4.47821 0 5 1 0
4.48 0 1 1 0
4.48 0 2 1 0
4.48 0 3 1 0
4.48321 0 2 1 0
4.48321 0 1 1 0
4.48321 0 3 1 0
4.48475 0 1 1 0
4.48475 0 1 1 0
4.485 0 4 1 0
4.485 0 5 1 0
4.48627 0 1 1 0
4.48627 0 1 1 0
4.48821 0 4 1 0
4.48821 0 5 1 0
4.49 0 1 1 0
4.49 0 2 1 0
4.49 0 3 1 0
4.49321 0 2 1 0
4.49321 0 1 1 0
4.49321 0 3 1 0
4.49475 0 1 1 0
4.49475 0 1 1 0
4.495 0 4 1 0
4.495 0 5 1 0
4.49627 0 1 1 0
4.49627 0 1 1 0
4.49821 0 4 1 0
4.49821 0 5 1 0
4.5 0 1 1 0
4.5 0 2 1 0
4.5 0 3 1 0
4.50321 0 2 1 0
4.50321 0 1 1 0
4.50321 0 3 1 0
4.50475 0 1 1 0
4.50475 0 1 1 0
4.505 0 4 1 0
4.505 0 5 1 0
4.50627 0 1 1 0
4.50627 0 1 1 0
4.50821 0 4 1 0
4.50821 0 5 1 0
4.51 0 1 1 0
4.51 0 2 1 0
4.51 0 3 1 0
4.51321 0 2 1 0
4.51321 0 1 1 0
4.51321 0 3 1 0
4.51475 0 1 1 0
4.51475 0 1 1 0
4.515 0 4 1 0
4.515 0 5 1 0
4.51627 0 1 1 0
4.51627 0 1 1 0
4.51821 0 4 1 0
4.51821 0 5 1 0
4.52 0 1 1 0
4.52 0 2 1 0
4.52 0 3 1 0
4.52321 0 2 1 0
4.52321 0 1 1 0
4.52321 0 3 1 0
4.52475 0 1 1 0
4.52475 0 1 1 0
4.525 0 4 1 0
4.525 0 5 1 0
4.52627 0 1 1 0
4.52627 0 1 1 0
4.52821 0 4 1 0
4.52821 0 5 1 0
4.53 0 1 1 0
4.53 0 2 1 0
4.53 0 3 1 0
4.53321 0 2 1 0
4.53321 0 1 1 0
4.53321 0 3 1 0
4.53475 0 1 1 0
4.53475 0 1 1 0
4.535 0 4 1 0
4.535 0 5 1 0
4.53627 0 1 1 0
4.53627 0 1 1 0
4.53821 0 4 1 0
4.53821 0 5 1 0
4.54 0 1 1 0
4.54 0 2 1 0
4.54 0 3 1 0
4.54321 0 2 1 0
4.54321 0 1 1 0
4.54321 0 3 1 0
4.54475 0 1 1 0
4.54475 0 1 1 0
4.545 0 4 1 0
4.545 0 5 1 0
4.54627 0 1 1 0
4.54627 0 1 1 0
4.54821 0 4 1 0
4.54821 0 5 1 0
4.55 0 1 1 0
4.55 0 2 1 0
4.55 0 3 1 0
4.55321 0 2 1 0
4.55321 0 1 1 0
4.55321 0 3 1 0
4.55475 0 1 1 0
4.55475 0 1 1 0
4.555 0 4 1 0
4.555 0 5 1 0
4.55627 0 1 1 0
4.55627 0 1 1 0
4.55821 0 4 1 0
4.55821 0 5 1 0
4.56 0 1 1 0
4.56 0 2 1 0
4.56 0 3 1 0
4.56321 0 2 1 0
4.56321 0 1 1 0
4.56321 0 3 1 0
4.56475 0 1 1 0
4.56475 0 1 1 0
4.565 0 4 1 0
4.565 0 5 1 0
4.56627 0 1 1 0
4.56627 0 1 1 0
4.56821 0 4 1 0
4.56821 0 5 1 0
4.57 0 1 1 0
4.57 0 2 1 0
4.57 0 3 1 0
4.57321 0 2 1 0
4.57321 0 1 1 0
4.57321 0 3 1 0
4.57475 0 1 1 0
4.57475 0 1 1 0
4.575 0 4 1 0
4.575 0 5 1 0
4.57627 0 1 1 0
4.57627 0 1 1 0
4.57821 0 4 1 0
4.57821 0 5 1 0
4.58 0 1 1 0
4.58 0 2 1 0
4.58 0 3 1 0
4.58321 0 2 1 0
4.58321 0 1 1 0
4.58321 0 3 1 0
4.58475 0 1 1 0
4.58475 0 1 1 0
4.585 0 4 1 0
4.585 0 5 1 0
4.58627 0 1 1 0
4.58627 0 1 1 0
4.58821 0 4 1 0
4.58821 0 5 1 0
4.59 0 1 1 0
4.59 0 2 1 0
4.59 0 3 1 0
4.59321 0 2 1 0
4.59321 0 1 1 0
4.59321 0 3 1 0
4.59475 0 1 1 0
4.59475 0 1 1 0
4.595 0 4 1 0
4.595 0 5 1 0
4.59627 0 1 1 0
4.59627 0 1 1 0
4.59821 0 4 1 0
4.59821 0 5 1 0
4.6 0 1 1 0
4.6 0 2 1 0
4.6 0 3 1 0
4.60321 0 2 1 0
4.60321 0 1 1 0
4.60321 0 3 1 0
4.60475 0 1 1 0
4.60475 0 1 1 0
4.605 0 4 1 0
4.605 0 5 1 0
4.60627 0 1 1 0
4.60627 0 1 1 0
4.60821 0 4 1 0
4.60821 0 5 1 0
4.61 0 1 1 0
4.61 0 2 1 0
4.61 0 3 1 0
4.61321 0 2 1 0
4.61321 0 1 1 0
4.61321 0 3 1 0
4.61475 0 1 1 0
4.61475 0 1 1 0
4.615 0 4 1 0
4.615 0 5 1 0
4.61627 0 1 1 0
4.61627 0 1 1 0
4.61821 0 4 1 0
4.61821 0 5 1 0
4.62 0 1 1 0
4.62 0 2 1 0
4.62 0 3 1 0
4.62321 0 2 1 0
4.62321 0 1 1 0
4.62321 0 3 1 0
4.62475 0 1 1 0
4.62475 0 1 1 0
4.625 0 4 1 0
4.625 0 5 1 0
4.62627 0 1 1 0
4.62627 0 1 1 0
4.62821 0 4 1 0
4.62821 0 5 1 0
4.63 0 1 1 0
4.63 0 2 1 0
4.63 0 3 1 0
4.63321 0 2 1 0
4.63321 0 1 1 0
4.63321 0 3 1 0
4.63475 0 1 1 0
4.63475 0 1 1 0
4.635 0 4 1 0
4.635 0 5 1 0
4.63627 0 1 1 0
4.63627 0 1 1 0
4.63821 0 4 1 0
4.63821 0 5 1 0
4.64 0 1 1 0
4.64 0 2 1 0
4.64 0 3 1 0
4.64321 0 2 1 0
4.64321 0 1 1 0
4.64321 0 3 1 0
4.64475 0 1 1 0
4.64475 0 1 1 0
4.645 0 4 1 0
4.645 0 5 1 0
4.64627 0 1 1 0
4.64627 0 1 1 0
4.64821 0 4 1 0
4.64821 0 5 1 0
4.65 0 1 1 0
4.65 0 2 1 0
4.65 0 3 1 0
4.65321 0 2 1 0
4.65321 0 1 1 0
4.65321 0 3 1 0
4.65475 0 1 1 0
4.65475 0 1 1 0
4.655 0 4 1 0
4.655 0 5 1 0
4.65627 0 1 1 0
4.65627 0 1 1 0
4.65821 0 4 1 0
4.65821 0 5 1 0
4.66 0 1 1 0
4.66 0 2 1 0
4.66 0 3 1 0
4.66321 0 2 1 0
4.66321 0 1 1 0
4.66321 0 3 1 0
4.66475 0 1 1 0
4.66475 0 1 1 0
4.665 0 4 1 0
4.665 0 5 1 0
4.66627 0 1 1 0
4.66627 0 1 1 0
4.66821 0 4 1 0
4.66821 0 5 1 0
4.67 0 1 1 0
4.67 0 2 1 0
4.67 0 3 1 0
4.67321 0 2 1 0
4.67321 0 1 1 0
4.67321 0 3 1 0
4.67475 0 1 1 0
4.67475 0 1 1 0
4.675 0 4 1 0
4.675 0 5 1 0
4.67627 0 1 1 0
4.67627 0 1 1 0
4.67821 0 4 1 0
4.67821 0 5 1 0
4.68 0 1 1 0
4.68 0 2 1 0
4.68 0 3 1 0
4.68321 0 2 1 0
4.68321 0 1 1 0
4.68321 0 3 1 0
4.68475 0 1 1 0
4.68475 0 1 1 0
4.685 0 4 1 0
4.685 0 5 1 0
4.68627 0 1 1 0
4.68627 0 1 1 0
4.68821 0 4 1 0
4.68821 0 5 1 0
4.69 0 1 1 0
4.69 0 2 1 0
4.69 0 3 1 0
4.69321 0 2 1 0
4.69321 0 1 1 0
4.69321 0 3 1 0
4.69475 0 1 1 0
4.69475 0 1 1 0
4.695 0 4 1 0
4.695 0 5 1 0
4.69627 0 1 1 0
4.69627 0 1 1 0
4.69821 0 4 1 0
4.69821 0 5 1 0
4.7 0 1 1 0
4.7 0 2 1 0
4.7 0 3 1 0
4.70321 0 2 1 0
4.70321 0 1 1 0
4.70321 0 3 1 0
4.70475 0 1 1 0
4.70475 0 1 1 0
4.705 0 4 1 0
4.705 0 5 1 0
4.70627 0 1 1 0
4.70627 0 1 1 0
4.70821 0 4 1 0
4.70821 0 5 1 0
4.71 0 1 1 0
4.71 0 2 1 0
4.71 0 3 1 0
4.71321 0 2 1 0
4.71321 0 1 1 0
4.71321 0 3 1 0
4.71475 0 1 1 0
4.71475 0 1 1 0
4.715 0 4 1 0
4.715 0 5 1 0
4.71627 0 1 1 0
4.71627 0 1 1 0
4.71821 0 4 1 0
4.71821 0 5 1 0
4.72 0 1 1 0
4.72 0 2 1 0
4.72 0 3 1 0
4.72321 0 2 1 0
4.72321 0 1 1 0
4.72321 0 3 1 0
4.72475 0 1 1 0
4.72475 0 1 1 0
4.725 0 4 1 0
4.725 0 5 1 0
4.72627 0 1 1 0
4.72627 0 1 1 0
4.72821 0 4 1 0
4.72821 0 5 1 0
4.73 0 1 1 0
4.73 0 2 1 0
4.73 0 3 1 0
4.73321 0 2 1 0
4.73321 0 1 1 0
4.73321 0 3 1 0
4.73475 0 1 1 0
4.73475 0 1 1 0
4.735 0 4 1 0
4.735 0 5 1 0
4.73627 0 1 1 0
4.73627 0 1 1 0
4.73821 0 4 1 0
4.73821 0 5 1 0
4.74 0 1 1 0
4.74 0 2 1 0
4.74 0 3 1 0
4.74321 0 2 1 0
4.74321 0 1 1 0
4.74321 0 3 1 0
4.74475 0 1 1 0
4.74475 0 1 1 0
4.745 0 4 1 0
4.745 0 5 1 0
4.74627 0 1 1 0
4.74627 0 1 1 0
4.74821 0 4 1 0
4.74821 0 5 1 0
4.75 0 1 1 0
4.75 0 2 1 0
4.75 0 3 1 0
4.75321 0 2 1 0
4.75321 0 1 1 0
4.75321 0 3 1 0
4.75475 0 1 1 0
4.75475 0 1 1 0
4.755 0 4 1 0
4.755 0 5 1 0
4.75627 0 1 1 0
4.75627 0 1 1 0
4.75821 0 4 1 0
4.75821 0 5 1 0
4.76 0 1 1 0
4.76 0 2 1 0
4.76 0 3 1 0
4.76321 0 2 1 0
4.76321 0 1 1 0
4.76321 0 3 1 0
4.76475 0 1 1 0
4.76475 0 1 1 0
4.765 0 4 1 0
4.765 0 5 1 0
4.76627 0 1 1 0
4.76627 0 1 1 0
4.76821 0 4 1 0
4.76821 0 5 1 0
4.77 0 1 1 0
4.77 0 2 1 0
4.77 0 3 1 0
4.77321 0 2 1 0
4.77321 0 1 1 0
4.77321 0 3 1 0
4.77475 0 1 1 0
4.77475 0 1 1 0
4.775 0 4 1 0
4.775 0 5 1 0
4.77627 0 1 1 0
4.77627 0 1 1 0
4.77821 0 4 1 0
4.77821 0 5 1 0
4.78 0 1 1 0
4.78 0 2 1 0
4.78 0 3 1 0
4.78321 0 2 1 0
4.78321 0 1 1 0
4.78321 0 3 1 0
4.78475 0 1 1 0
4.78475 0 1 1 0
4.785 0 4 1 0
4.785 0 5 1 0
4.78627 0 1 1 0
4.78627 0 1 1 0
4.78821 0 4 1 0
4.78821 0 5 1 0
4.79 0 1 1 0
4.79 0 2 1 0
4.79 0 3 1 0
4.79321 0 2 1 0
4.79321 0 1 1 0
4.79321 0 3 1 0
4.79475 0 1 1 0
4.79475 0 1 1 0
4.795 0 4 1 0
4.795 0 5 1 0
4.79627 0 1 1 0
4.79627 0 1 1 0
4.79821 0 4 1 0
4.79821 0 5 1 0
4.8 0 1 1 0
4.8 0 2 1 0
4.8 0 3 1 0
4.80321 0 2 1 0
4.80321 0 1 1 0
4.80321 0 3 1 0
4.80475 0 1 1 0
4.80475 0 1 1 0
4.805 0 4 1 0
4.805 0 5 1 0
4.80627 0 1 1 0
4.80627 0 1 1 0
4.80821 0 4 1 0
4.80821 0 5 1 0
4.81 0 1 1 0
4.81 0 2 1 0
4.81 0 3 1 0
4.81321 0 2 1 0
4.81321 0 1 1 0
4.81321 0 3 1 0
4.81475 0 1 1 0
4.81475 0 1 1 0
4.815 0 4 1 0
4.815 0 5 1 0
4.81627 0 1 1 0
4.81627 0 1 1 0
4.81821 0 4 1 0
4.81821 0 5 1 0
4.82 0 1 1 0
4.82 0 2 1 0
4.82 0 3 1 0
4.82321 0 2 1 0
4.82321 0 1 1 0
4.82321 0 3 1 0
4.82475 0 1 1 0
4.82475 0 1 1 0
4.825 0 4 1 0
4.825 0 5 1 0
4.82627 0 1 1 0
4.82627 0 1 1 0
4.82821 0 4 1 0
4.82821 0 5 1 0
4.83 0 1 1 0
4.83 0 2 1 0
4.83 0 3 1 0
4.83321 0 2 1 0
4.83321 0 1 1 0
4.83321 0 3 1 0
4.83475 0 1 1 0
4.83475 0 1 1 0
4.835 0 4 1 0
4.835 0 5 1 0
4.83627 0 1 1 0
4.83627 0 1 1 0
4.83821 0 4 1 0
4.83821 0 5 1 0
4.84 0 1 1 0
4.84 0 2 1 0
4.84 0 3 1 0
4.84321 0 2 1 0
4.84321 0 1 1 0
4.84321 0 3 1 0
4.84475 0 1 1 0
4.84475 0 1 1 0
4.845 0 4 1 0
4.845 0 5 1 0
4.84627 0 1 1 0
4.84627 0 1 1 0
4.84821 0 4 1 0
4.84821 0 5 1 0
4.85 0 1 1 0
4.85 0 2 1 0
4.85 0 3 1 0
4.85321 0 2 1 0
4.85321 0 1 1 0
4.85321 0 3 1 0
4.85475 0 1 1 0
4.85475 0 1 1 0
4.855 0 4 1 0
4.855 0 5 1 0
4.85627 0 1 1 0
4.85627 0 1 1 0
4.85821 0 4 1 0
4.85821 0 5 1 0
4.86 0 1 1 0
4.86 0 2 1 0
4.86 0 3 1 0
4.86321 0 2 1 0
4.86321 0 1 1 0
4.86321 0 3 1 0
4.86475 0 1 1 0
4.86475 0 1 1 0
4.865 0 4 1 0
4.865 0 5 1 0
4.86627 0 1 1 0
4.86627 0 1 1 0
4.86821 0 4 1 0
4.86821 0 5 1 0
4.87 0 1 1 0
4.87 0 2 1 0
4.87 0 3 1 0
4.87321 0 2 1 0
4.87321 0 1 1 0
4.87321 0 3 1 0
4.87475 0 1 1 0
4.87475 0 1 1 0
4.875 0 4 1 0
4.875 0 5 1 0
4.87627 0 1 1 0
4.87627 0 1 1 0
4.87821 0 4 1 0
4.87821 0 5 1 0
4.88 0 1 1 0
4.88 0 2 1 0
4.88 0 3 1 0
4.88321 0 2 1 0
4.88321 0 1 1 0
4.88321 0 3 1 0
4.88475 0 1 1 0
4.88475 0 1 1 0
4.885 0 4 1 0
4.885 0 5 1 0
4.88627 0 1 1 0
4.88627 0 1 1 0
4.88821 0 4 1 0
4.88821 0 5 1 0
4.89 0 1 1 0
4.89 0 2 1 0
4.89 0 3 1 0
4.89321 0 2 1 0
4.89321 0 1 1 0
4.89321 0 3 1 0
4.89475 0 1 1 0
4.89475 0 1 1 0
4.895 0 4 1 0
4.895 0 5 1 0
4.89627 0 1 1 0
4.89627 0 1 1 0
4.89821 0 4 1 0
4.89821 0 5 1 0
4.9 0 1 1 0
4.9 0 2 1 0
4.9 0 3 1 0
4.90321 0 2 1 0
4.90321 0 1 1 0
4.90321 0 3 1 0
4.90475 0 1 1 0
4.90475 0 1 1 0
4.905 0 4 1 0
4.905 0 5 1 0
4.90627 0 1 1 0
4.90627 0 1 1 0
4.90821 0 4 1 0
4.90821 0 5 1 0
4.91 0 1 1 0
4.91 0 2 1 0
4.91 0 3 1 0
4.91321 0 2 1 0
4.91321 0 1 1 0
4.91321 0 3 1 0
4.91475 0 1 1 0
4.91475 0 1 1 0
4.915 0 4 1 0
4.915 0 5 1 0
4.91627 0 1 1 0
4.91627 0 1 1 0
4.91821 0 4 1 0
4.91821 0 5 1 0
4.92 0 1 1 0
4.92 0 2 1 0
4.92 0 3 1 0
4.92321 0 2 1 0
4.92321 0 1 1 0
4.92321 0 3 1 0
4.92475 0 1 1 0
4.92475 0 1 1 0
4.925 0 4 1 0
4.925 0 5 1 0
4.92627 0 1 1 0
4.92627 0 1 1 0
4.92821 0 4 1 0
4.92821 0 5 1 0
4.93 0 1 1 0
4.93 0 2 1 0
4.93 0 3 1 0
4.93321 0 2 1 0
4.93321 0 1 1 0
4.93321 0 3 1 0
4.93475 0 1 1 0
4.93475 0 1 1 0
4.935 0 4 1 0
4.935 0 5 1 0
4.93627 0 1 1 0
4.93627 0 1 1 0
4.93821 0 4 1 0
4.93821 0 5 1 0
4.94 0 1 1 0
4.94 0 2 1 0
4.94 0 3 1 0
4.94321 0 2 1 0
4.94321 0 1 1 0
4.94321 0 3 1 0
4.94475 0 1 1 0
4.94475 0 1 1 0
4.945 0 4 1 0
4.945 0 5 1 0
4.94627 0 1 1 0
4.94627 0 1 1 0
4.94821 0 4 1 0
4.94821 0 5 1 0
4.95 0 1 1 0
4.95 0 2 1 0
4.95 0 3 1 0
4.95321 0 2 1 0
4.95321 0 1 1 0
4.95321 0 3 1 0
4.95475 0 1 1 0
4.95475 0 1 1 0
4.955 0 4 1 0
4.955 0 5 1 0
4.95627 0 1 1 0
4.95627 0 1 1 0
4.95821 0 4 1 0
4.95821 0 5 1 0
4.96 0 1 1 0
4.96 0 2 1 0
4.96 0 3 1 0
4.96321 0 2 1 0
4.96321 0 1 1 0
4.96321 0 3 1 0
4.96475 0 1 1 0
4.96475 0 1 1 0
4.965 0 4 1 0
4.965 0 5 1 0
4.96627 0 1 1 0
4.96627 0 1 1 0
4.96821 0 4 1 0
4.96821 0 5 1 0
4.97 0 1 1 0
4.97 0 2 1 0
4.97 0 3 1 0
4.97321 0 2 1 0
4.97321 0 1 1 0
4.97321 0 3 1 0
4.97475 0 1 1 0
4.97475 0 1 1 0
4.975 0 4 1 0
4.975 0 5 1 0
4.97627 0 1 1 0
4.97627 0 1 1 0
4.97821 0 4 1 0
4.97821 0 5 1 0
4.98 0 1 1 0
4.98 0 2 1 0
4.98 0 3 1 0
4.98321 0 2 1 0
4.98321 0 1 1 0
4.98321 0 3 1 0
4.98475 0 1 1 0
4.98475 0 1 1 0
4.985 0 4 1 0
4.985 0 5 1 0
4.98627 0 1 1 0
4.98627 0 1 1 0
4.98821 0 4 1 0
4.98821 0 5 1 0
4.99 0 1 1 0
4.99 0 2 1 0
4.99 0 3 1 0
4.99321 0 2 1 0
4.99321 0 1 1 0
4.99321 0 3 1 0
4.99475 0 1 1 0
4.99475 0 1 1 0
4.995 0 4 1 0
4.995 0 5 1 0
4.99627 0 1 1 0
4.99627 0 1 1 0
4.99821 0 4 1 0
4.99821 0 5 1 0
5 0 1 1 0
5 0 2 1 0
5 0 3 1 0
5.00321 0 2 1 0
5.00321 0 1 1 0
5.00321 0 3 1 0
5.00475 0 1 1 0
5.00475 0 1 1 0
5.005 0 4 1 0
5.005 0 5 1 0
5.00627 0 1 1 0
5.00627 0 1 1 0
5.00821 0 4 1 0
5.00821 0 5 1 0
5.01 0 1 1 0
5.01 0 2 1 0
5.01 0 3 1 0
5.01321 0 2 1 0
5.01321 0 1 1 0
5.01321 0 3 1 0
5.01475 0 1 1 0
5.01475 0 1 1 0
5.015 0 4 1 0
5.015 0 5 1 0
5.01627 0 1 1 0
5.01627 0 1 1 0
5.01821 0 4 1 0
5.01821 0 5 1 0
5.02 0 1 1 0
5.02 0 2 1 0
5.02 0 3 1 0
5.02321 0 2 1 0
5.02321 0 1 1 0
5.02321 0 3 1 0
5.02475 0 1 1 0
5.02475 0 1 1 0
5.025 0 4 1 0
5.025 0 5 1 0
5.02627 0 1 1 0
5.02627 0 1 1 0
5.02821 0 4 1 0
5.02821 0 5 1 0
5.03 0 1 1 0
5.03 0 2 1 0
5.03 0 3 1 0
5.03321 0 2 1 0
5.03321 0 1 1 0
5.03321 0 3 1 0
5.03475 0 1 1 0
5.03475 0 1 1 0
5.035 0 4 1 0
5.035 0 5 1 0
5.03627 0 1 1 0
5.03627 0 1 1 0
5.03821 0 4 1 0
5.03821 0 5 1 0
5.04 0 1 1 0
5.04 0 2 1 0
5.04 0 3 1 0
5.04321 0 2 1 0
5.04321 0 1 1 0
5.04321 0 3 1 0
5.04475 0 1 1 0
5.04475 0 1 1 0
5.045 0 4 1 0
5.045 0 5 1 0
5.04627 0 1 1 0
5.04627 0 1 1 0
5.04821 0 4 1 0
5.04821 0 5 1 0
5.05 0 1 1 0
5.05 0 2 1 0
5.05 0 3 1 0
5.05321 0 2 1 0
5.05321 0 1 1 0
5.05321 0 3 1 0
5.05475 0 1 1 0
5.05475 0 1 1 0
5.055 0 4 1 0
5.055 0 5 1 0
5.05627 0 1 1 0
5.05627 0 1 1 0
5.05821 0 4 1 0
5.05821 0 5 1 0
5.06 0 1 1 0
5.06 0 2 1 0
5.06 0 3 1 0
5.06321 0 2 1 0
5.06321 0 1 1 0
5.06321 0 3 1 0
5.06475 0 1 1 0
5.06475 0 1 1 0
5.065 0 4 1 0
5.065 0 5 1 0
5.06627 0 1 1 0
5.06627 0 1 1 0
5.06821 0 4 1 0
5.06821 0 5 1 0
5.07 0 1 1 0
5.07 0 2 1 0
5.07 0 3 1 0
5.07321 0 2 1 0
5.07321 0 1 1 0
5.07321 0 3 1 0
5.07475 0 1 1 0
5.07475 0 1 1 0
5.075 0 4 1 0
5.075 0 5 1 0
5.07627 0 1 1 0
5.07627 0 1 1 0
5.07821 0 4 1 0
5.07821 0 5 1 0
5.08 0 1 1 0
5.08 0 2 1 0
5.08 0 3 1 0
5.08321 0 2 1 0
5.08321 0 1 1 0
5.08321 0 3 1 0
5.08475 0 1 1 0
5.08475 0 1 1 0
5.085 0 4 1 0
5.085 0 5 1 0
5.08627 0 1 1 0
5.08627 0 1 1 0
5.08821 0 4 1 0
5.08821 0 5 1 0
5.09 0 1 1 0
5.09 0 2 1 0
5.09 0 3 1 0
5.09321 0 2 1 0
5.09321 0 1 1 0
5.09321 0 3 1 0
5.09475 0 1 1 0
5.09475 0 1 1 0
5.095 0 4 1 0
5.095 0 5 1 0
5.09627 0 1 1 0
5.09627 0 1 1 0
5.09821 0 4 1 0
5.09821 0 5 1 0
5.1 0 1 1 0
5.1 0 2 1 0
5.1 0 3 1 0
5.10321 0 2 1 0
5.10321 0 1 1 0
5.10321 0 3 1 0
5.10475 0 1 1 0
5.10475 0 1 1 0
5.105 0 4 1 0
5.105 0 5 1 0
5.10627 0 1 1 0
5.10627 0 1 1 0
5.10821 0 4 1 0
5.10821 0 5 1 0
5.11 0 1 1 0
5.11 0 2 1 0
5.11 0 3 1 0
5.11321 0 2 1 0
5.11321 0 1 1 0
5.11321 0 3 1 0
5.11475 0 1 1 0
5.11475 0 1 1 0
5.115 0 4 1 0
5.115 0 5 1 0
5.11627 0 1 1 0
5.11627 0 1 1 0
5.11821 0 4 1 0
5.11821 0 5 1 0
5.12 0 1 1 0
5.12 0 2 1 0
5.12 0 3 1 0
5.12321 0 2 1 0
5.12321 0 1 1 0
5.12321 0 3 1 0
5.12475 0 1 1 0
5.12475 0 1 1 0
5.125 0 4 1 0
5.125 0 5 1 0
5.12627 0 1 1 0
5.12627 0 1 1 0
5.12821 0 4 1 0
5.12821 0 5 1 0
5.13 0 1 1 0
5.13 0 2 1 0
5.13 0 3 1 0
5.13321 0 2 1 0
5.13321 0 1 1 0
5.13321 0 3 1 0
5.13475 0 1 1 0
5.13475 0 1 1 0
5.135 0 4 1 0
5.135 0 5 1 0
5.13627 0 1 1 0
5.13627 0 1 1 0
5.13821 0 4 1 0
5.13821 0 5 1 0
5.14 0 1 1 0
5.14 0 2 1 0
5.14 0 3 1 0
5.14321 0 2 1 0
5.14321 0 1 1 0
5.14321 0 3 1 0
5.14475 0 1 1 0
5.14475 0 1 1 0
5.145 0 4 1 0
5.145 0 5 1 0
5.14627 0 1 1 0
5.14627 0 1 1 0
5.14821 0 4 1 0
5.14821 0 5 1 0
5.15 0 1 1 0
5.15 0 2 1 0
5.15 0 3 1 0
5.15321 0 2 1 0
5.15321 0 1 1 0
5.15321 0 3 1 0
5.15475 0 1 1 0
5.15475 0 1 1 0
5.155 0 4 1 0
5.155 0 5 1 0
5.15627 0 1 1 0
5.15627 0 1 1 0
5.15821 0 4 1 0
5.15821 0 5 1 0
5.16 0 1 1 0
5.16 0 2 1 0
5.16 0 3 1 0
5.16321 0 2 1 0
5.16321 0 1 1 0
5.16321 0 3 1 0
5.16475 0 1 1 0
5.16475 0 1 1 0
5.165 0 4 1 0
5.165 0 5 1 0
5.16627 0 1 1 0
5.16627 0 1 1 0
5.16821 0 4 1 0
5.16821 0 5 1 0
5.17 0 1 1 0
5.17 0 2 1 0
5.17 0 3 1 0
5.17321 0 2 1 0
5.17321 0 1 1 0
5.17321 0 3 1 0
5.17475 0 1 1 0
5.17475 0 1 1 0
5.175 0 4 1 0
5.175 0 5 1 0
5.17627 0 1 1 0
5.17627 0 1 1 0
5.17821 0 4 1 0
5.17821 0 5 1 0
5.18 0 1 1 0
5.18 0 2 1 0
5.18 0 3 1 0
5.18321 0 2 1 0
5.18321 0 1 1 0
5.18321 0 3 1 0
5.18475 0 1 1 0
5.18475 0 1 1 0
5.185 0 4 1 0
5.185 0 5 1 0
5.18627 0 1 1 0
5.18627 0 1 1 0
5.18821 0 4 1 0
5.18821 0 5 1 0
5.19 0 1 1 0
5.19 0 2 1 0
5.19 0 3 1 0
5.19321 0 2 1 0
5.19321 0 1 1 0
5.19321 0 3 1 0
5.19475 0 1 1 0
5.19475 0 1 1 0
5.195 0 4 1 0
5.195 0 5 1 0
5.19627 0 1 1 0
5.19627 0 1 1 0
5.19821 0 4 1 0
5.19821 0 5 1 0
5.2 0 1 1 0
5.2 0 2 1 0
5.2 0 3 1 0
5.20321 0 2 1 0
5.20321 0 1 1 0
5.20321 0 3 1 0
5.20475 0 1 1 0
5.20475 0 1 1 0
5.205 0 4 1 0
5.205 0 5 1 0
5.20627 0 1 1 0
5.20627 0 1 1 0
5.20821 0 4 1 0
5.20821 0 5 1 0
5.21 0 1 1 0
5.21 0 2 1 0
5.21 0 3 1 0
5.21321 0 2 1 0
5.21321 0 1 1 0
5.21321 0 3 1 0
5.21475 0 1 1 0
5.21475 0 1 1 0
5.215 0 4 1 0
5.215 0 5 1 0
5.21627 0 1 1 0
5.21627 0 1 1 0
5.21821 0 4 1 0
5.21821 0 5 1 0
5.22 0 1 1 0
5.22 0 2 1 0
5.22 0 3 1 0
5.22321 0 2 1 0
5.22321 0 1 1 0
5.22321 0 3 1 0
5.22475 0 1 1 0
5.22475 0 1 1 0
5.225 0 4 1 0
5.225 0 5 1 0
5.22627 0 1 1 0
5.22627 0 1 1 0
5.22821 0 4 1 0
5.22821 0 5 1 0
5.23 0 1 1 0
5.23 0 2 1 0
5.23 0 3 1 0
5.23321 0 2 1 0
5.23321 0 1 1 0
5.23321 0 3 1 0
5.23475 0 1 1 0
5.23475 0 1 1 0
5.235 0 4 1 0
5.235 0 5 1 0
5.23627 0 1 1 0
5.23627 0 1 1 0
5.23821 0 4 1 0
5.23821 0 5 1 0
5.24 0 1 1 0
5.24 0 2 1 0
5.24 0 3 1 0
5.24321 0 2 1 0
5.24321 0 1 1 0
5.24321 0 3 1 0
5.24475 0 1 1 0
5.24475 0 1 1 0
5.245 0 4 1 0
5.245 0 5 1 0
5.24627 0 1 1 0
5.24627 0 1 1 0
5.24821 0 4 1 0
5.24821 0 5 1 0
5.25 0 1 1 0
5.25 0 2 1 0
5.25 0 3 1 0
5.25321 0 2 1 0
5.25321 0 1 1 0
5.25321 0 3 1 0
5.25475 0 1 1 0
5.25475 0 1 1 0
5.255 0 4 1 0
5.255 0 5 1 0
5.25627 0 1 1 0
5.25627 0 1 1 0
5.25821 0 4 1 0
5.25821 0 5 1 0
5.26 0 1 1 0
5.26 0 2 1 0
5.26 0 3 1 0
5.26321 0 2 1 0
5.26321 0 1 1 0
5.26321 0 3 1 0
5.26475 0 1 1 0
5.26475 0 1 1 0
5.265 0 4 1 0
5.265 0 5 1 0
5.26627 0 1 1 0
5.26627 0 1 1 0
5.26821 0 4 1 0
5.26821 0 5 1 0
5.27 0 1 1 0
5.27 0 2 1 0
5.27 0 3 1 0
5.27321 0 2 1 0
5.27321 0 1 1 0
5.27321 0 3 1 0
5.27475 0 1 1 0
5.27475 0 1 1 0
5.275 0 4 1 0
5.275 0 5 1 0
5.27627 0 1 1 0
5.27627 0 1 1 0
5.27821 0 4 1 0
5.27821 0 5 1 0
5.28 0 1 1 0
5.28 0 2 1 0
5.28 0 3 1 0
5.28321 0 2 1 0
5.28321 0 1 1 0
5.28321 0 3 1 0
5.28475 0 1 1 0
5.28475 0 1 1 0
5.285 0 4 1 0
5.285 0 5 1 0
5.28627 0 1 1 0
5.28627 0 1 1 0
5.28821 0 4 1 0
5.28821 0 5 1 0
5.29 0 1 1 0
5.29 0 2 1 0
5.29 0 3 1 0
5.29321 0 2 1 0
5.29321 0 1 1 0
5.29321 0 3 1 0
5.29475 0 1 1 0
5.29475 0 1 1 0
5.295 0 4 1 0
5.295 0 5 1 0
5.29627 0 1 1 0
5.29627 0 1 1 0
5.29821 0 4 1 0
5.29821 0 5 1 0
5.3 0 1 1 0
5.3 0 2 1 0
5.3 0 3 1 0
5.30321 0 2 1 0
5.30321 0 1 1 0
5.30321 0 3 1 0
5.30475 0 1 1 0
5.30475 0 1 1 0
5.305 0 4 1 0
5.305 0 5 1 0
5.30627 0 1 1 0
5.30627 0 1 1 0
5.30821 0 4 1 0
5.30821 0 5 1 0
5.31 0 1 1 0
5.31 0 2 1 0
5.31 0 3 1 0
5.31321 0 2 1 0
5.31321 0 1 1 0
5.31321 0 3 1 0
5.31475 0 1 1 0
5.31475 0 1 1 0
5.315 0 4 1 0
5.315 0 5 1 0
5.31627 0 1 1 0
5.31627 0 1 1 0
5.31821 0 4 1 0
5.31821 0 5 1 0
5.32 0 1 1 0
5.32 0 2 1 0
5.32 0 3 1 0
5.32321 0 2 1 0
5.32321 0 1 1 0
5.32321 0 3 1 0
5.32475 0 1 1 0
5.32475 0 1 1 0
5.325 0 4 1 0
5.325 0 5 1 0
5.32627 0 1 1 0
5.32627 0 1 1 0
5.32821 0 4 1 0
5.32821 0 5 1 0
5.33 0 1 1 0
5.33 0 2 1 0
5.33 0 3 1 0
5.33321 0 2 1 0
5.33321 0 1 1 0
5.33321 0 3 1 0
5.33475 0 1 1 0
5.33475 0 1 1 0
5.335 0 4 1 0
5.335 0 5 1 0
5.33627 0 1 1 0
5.33627 0 1 1 0
5.33821 0 4 1 0
5.33821 0 5 1 0
5.34 0 1 1 0
5.34 0 2 1 0
5.34 0 3 1 0
5.34321 0 2 1 0
5.34321 0 1 1 0
5.34321 0 3 1 0
5.34475 0 1 1 0
5.34475 0 1 1 0
5.345 0 4 1 0
5.345 0 5 1 0
5.34627 0 1 1 0
5.34627 0 1 1 0
5.34821 0 4 1 0
5.34821 0 5 1 0
5.35 0 1 1 0
5.35 0 2 1 0
5.35 0 3 1 0
5.35321 0 2 1 0
5.35321 0 1 1 0
5.35321 0 3 1 0
5.35475 0 1 1 0
5.35475 0 1 1 0
5.355 0 4 1 0
5.355 0 5 1 0
5.35627 0 1 1 0
5.35627 0 1 1 0
5.35821 0 4 1 0
5.35821 0 5 1 0
5.36 0 1 1 0
5.36 0 2 1 0
5.36 0 3 1 0
5.36321 0 2 1 0
5.36321 0 1 1 0
5.36321 0 3 1 0
5.36475 0 1 1 0
5.36475 0 1 1 0
5.365 0 4 1 0
5.365 0 5 1 0
5.36627 0 1 1 0
5.36627 0 1 1 0
5.36821 0 4 1 0
5.36821 0 5 1 0
5.37 0 1 1 0
5.37 0 2 1 0
5.37 0 3 1 0
5.37321 0 2 1 0
5.37321 0 1 1 0
5.37321 0 3 1 0
5.37475 0 1 1 0
5.37475 0 1 1 0
5.375 0 4 1 0
5.375 0 5 1 0
5.37627 0 1 1 0
5.37627 0 1 1 0
5.37821 0 4 1 0
5.37821 0 5 1 0
5.38 0 1 1 0
5.38 0 2 1 0
5.38 0 3 1 0
5.38321 0 2 1 0
5.38321 0 1 1 0
5.38321 0 3 1 0
5.38475 0 1 1 0
5.38475 0 1 1 0
5.385 0 4 1 0
5.385 0 5 1 0
5.38627 0 1 1 0
5.38627 0 1 1 0
5.38821 0 4 1 0
5.38821 0 5 1 0
5.39 0 1 1 0
5.39 0 2 1 0
5.39 0 3 1 0
5.39321 0 2 1 0
5.39321 0 1 1 0
5.39321 0 3 1 0
5.39475 0 1 1 0
5.39475 0 1 1 0
5.395 0 4 1 0
5.395 0 5 1 0
5.39627 0 1 1 0
5.39627 0 1 1 0
5.39821 0 4 1 0
5.39821 0 5 1 0
5.4 0 1 1 0
5.4 0 2 1 0
5.4 0 3 1 0
5.40321 0 2 1 0
5.40321 0 1 1 0
5.40321 0 3 1 0
5.40475 0 1 1 0
5.40475 0 1 1 0
5.405 0 4 1 0
5.405 0 5 1 0
5.40627 0 1 1 0
5.40627 0 1 1 0
5.40821 0 4 1 0
5.40821 0 5 1 0
5.41 0 1 1 0
5.41 0 2 1 0
5.41 0 3 1 0
5.41321 0 2 1 0
5.41321 0 1 1 0
5.41321 0 3 1 0
5.41475 0 1 1 0
5.41475 0 1 1 0
5.415 0 4 1 0
5.415 0 5 1 0
5.41627 0 1 1 0
5.41627 0 1 1 0
5.41821 0 4 1 0
5.41821 0 5 1 0
5.42 0 1 1 0
5.42 0 2 1 0
5.42 0 3 1 0
5.42321 0 2 1 0
5.42321 0 1 1 0
5.42321 0 3 1 0
5.42475 0 1 1 0
5.42475 0 1 1 0
5.425 0 4 1 0
5.425 0 5 1 0
5.42627 0 1 1 0
5.42627 0 1 1 0
5.42821 0 4 1 0
5.42821 0 5 1 0
5.43 0 1 1 0
5.43 0 2 1 0
5.43 0 3 1 0
5.43321 0 2 1 0
5.43321 0 1 1 0
5.43321 0 3 1 0
5.43475 0 1 1 0
5.43475 0 1 1 0
5.435 0 4 1 0
5.435 0 5 1 0
5.43627 0 1 1 0
5.43627 0 1 1 0
5.43821 0 4 1 0
5.43821 0 5 1 0
5.44 0 1 1 0
5.44 0 2 1 0
5.44 0 3 1 0
5.44321 0 2 1 0
5.44321 0 1 1 0
5.44321 0 3 1 0
5.44475 0 1 1 0
5.44475 0 1 1 0
5.445 0 4 1 0
5.445 0 5 1 0
5.44627 0 1 1 0
5.44627 0 1 1 0
5.44821 0 4 1 0
5.44821 0 5 1 0
5.45 0 1 1 0
5.45 0 2 1 0
5.45 0 3 1 0
5.45321 0 2 1 0
5.45321 0 1 1 0
5.45321 0 3 1 0
5.45475 0 1 1 0
5.45475 0 1 1 0
5.455 0 4 1 0
5.455 0 5 1 0
5.45627 0 1 1 0
5.45627 0 1 1 0
5.45821 0 4 1 0
5.45821 0 5 1 0
5.46 0 1 1 0
5.46 0 2 1 0
5.46 0 3 1 0
5.46321 0 2 1 0
5.46321 0 1 1 0
5.46321 0 3 1 0
5.46475 0 1 1 0
5.46475 0 1 1 0
5.465 0 4 1 0
5.465 0 5 1 0
5.46627 0 1 1 0
5.46627 0 1 1 0
5.46821 0 4 1 0
5.46821 0 5 1 0
5.47 0 1 1 0
5.47 0 2 1 0
5.47 0 3 1 0
5.47321 0 2 1 0
5.47321 0 1 1 0
5.47321 0 3 1 0
5.47475 0 1 1 0
5.47475 0 1 1 0
5.475 0 4 1 0
5.475 0 5 1 0
5.47627 0 1 1 0
5.47627 0 1 1 0
5.47821 0 4 1 0
5.47821 0 5 1 0
5.48 0 1 1 0
5.48 0 2 1 0
5.48 0 3 1 0
5.48321 0 2 1 0
5.48321 0 1 1 0
5.48321 0 3 1 0
5.48475 0 1 1 0
5.48475 0 1 1 0
5.485 0 4 1 0
5.485 0 5 1 0
5.48627 0 1 1 0
5.48627 0 1 1 0
5.48821 0 4 1 0
5.48821 0 5 1 0
5.49 0 1 1 0
5.49 0 2 1 0
5.49 0 3 1 0
5.49321 0 2 1 0
5.49321 0 1 1 0
5.49321 0 3 1 0
5.49475 0 1 1 0
5.49475 0 1 1 0
5.495 0 4 1 0
5.495 0 5 1 0
5.49627 0 1 1 0
5.49627 0 1 1 0
5.49821 0 4 1 0
5.49821 0 5 1 0
5.5 0 1 1 0
5.5 0 2 1 0
5.5 0 3 1 0
5.50321 0 2 1 0
5.50321 0 1 1 0
5.50321 0 3 1 0
5.50475 0 1 1 0
5.50475 0 1 1 0
5.505 0 4 1 0
5.505 0 5 1 0
5.50627 0 1 1 0
5.50627 0 1 1 0
5.50821 0 4 1 0
5.50821 0 5 1 0
5.51 0 1 1 0
5.51 0 2 1 0
5.51 0 3 1 0
5.51321 0 2 1 0
5.51321 0 1 1 0
5.51321 0 3 1 0
5.51475 0 1 1 0
5.51475 0 1 1 0
5.515 0 4 1 0
5.515 0 5 1 0
5.51627 0 1 1 0
5.51627 0 1 1 0
5.51821 0 4 1 0
5.51821 0 5 1 0
5.52 0 1 1 0
5.52 0 2 1 0
5.52 0 3 1 0
5.52321 0 2 1 0
5.52321 0 1 1 0
5.52321 0 3 1 0
5.52475 0 1 1 0
5.52475 0 1 1 0
5.525 0 4 1 0
5.525 0 5 1 0
5.52627 0 1 1 0
5.52627 0 1 1 0
5.52821 0 4 1 0
5.52821 0 5 1 0
5.53 0 1 1 0
5.53 0 2 1 0
5.53 0 3 1 0
5.53321 0 2 1 0
5.53321 0 1 1 0
5.53321 0 3 1 0
5.53475 0 1 1 0
5.53475 0 1 1 0
5.535 0 4 1 0
5.535 0 5 1 0
5.53627 0 1 1 0
5.53627 0 1 1 0
5.53821 0 4 1 0
5.53821 0 5 1 0
5.54 0 1 1 0
5.54 0 2 1 0
5.54 0 3 1 0
5.54321 0 2 1 0
5.54321 0 1 1 0
5.54321 0 3 1 0
5.54475 0 1 1 0
5.54475 0 1 1 0
5.545 0 4 1 0
5.545 0 5 1 0
5.54627 0 1 1 0
5.54627 0 1 1 0
5.54821 0 4 1 0
5.54821 0 5 1 0
5.55 0 1 1 0
5.55 0 2 1 0
5.55 0 3 1 0
5.55321 0 2 1 0
5.55321 0 1 1 0
5.55321 0 3 1 0
5.55475 0 1 1 0
5.55475 0 1 1 0
5.555 0 4 1 0
5.555 0 5 1 0
5.55627 0 1 1 0
5.55627 0 1 1 0
5.55821 0 4 1 0
5.55821 0 5 1 0
5.56 0 1 1 0
5.56 0 2 1 0
5.56 0 3 1 0
5.56321 0 2 1 0
5.56321 0 1 1 0
5.56321 0 3 1 0
5.56475 0 1 1 0
5.56475 0 1 1 0
5.565 0 4 1 0
5.565 0 5 1 0
5.56627 0 1 1 0
5.56627 0 1 1 0
5.56821 0 4 1 0
5.56821 0 5 1 0
5.57 0 1 1 0
5.57 0 2 1 0
5.57 0 3 1 0
5.57321 0 2 1 0
5.57321 0 1 1 0
5.57321 0 3 1 0
5.57475 0 1 1 0
5.57475 0 1 1 0
5.575 0 4 1 0
5.575 0 5 1 0
5.57627 0 1 1 0
5.57627 0 1 1 0
5.57821 0 4 1 0
5.57821 0 5 1 0
5.58 0 1 1 0
5.58 0 2 1 0
5.58 0 3 1 0
5.58321 0 2 1 0
5.58321 0 1 1 0
5.58321 0 3 1 0
5.58475 0 1 1 0
5.58475 0 1 1 0
5.585 0 4 1 0
5.585 0 5 1 0
5.58627 0 1 1 0
5.58627 0 1 1 0
5.58821 0 4 1 0
5.58821 0 5 1 0
5.59 0 1 1 0
5.59 0 2 1 0
5.59 0 3 1 0
5.59321 0 2 1 0
5.59321 0 1 1 0
5.59321 0 3 1 0
5.59475 0 1 1 0
5.59475 0 1 1 0
5.595 0 4 1 0
5.595 0 5 1 0
5.59627 0 1 1 0
5.59627 0 1 1 0
5.59821 0 4 1 0
5.59821 0 5 1 0
5.6 0 1 1 0
5.6 0 2 1 0
5.6 0 3 1 0
5.60321 0 2 1 0
5.60321 0 1 1 0
5.60321 0 3 1 0
5.60475 0 1 1 0
5.60475 0 1 1 0
5.605 0 4 1 0
5.605 0 5 1 0
5.60627 0 1 1 0
5.60627 0 1 1 0
5.60821 0 4 1 0
5.60821 0 5 1 0
5.61 0 1 1 0
5.61 0 2 1 0
5.61 0 3 1 0
5.61321 0 2 1 0
5.61321 0 1 1 0
5.61321 0 3 1 0
5.61475 0 1 1 0
5.61475 0 1 1 0
5.615 0 4 1 0
5.615 0 5 1 0
5.61627 0 1 1 0
5.61627 0 1 1 0
5.61821 0 4 1 0
5.61821 0 5 1 0
5.62 0 1 1 0
5.62 0 2 1 0
5.62 0 3 1 0
5.62321 0 2 1 0
5.62321 0 1 1 0
5.62321 0 3 1 0
5.62475 0 1 1 0
5.62475 0 1 1 0
5.625 0 4 1 0
5.625 0 5 1 0
5.62627 0 1 1 0
5.62627 0 1 1 0
5.62821 0 4 1 0
5.62821 0 5 1 0
5.63 0 1 1 0
5.63 0 2 1 0
5.63 0 3 1 0
5.63321 0 2 1 0
5.63321 0 1 1 0
5.63321 0 3 1 0
5.63475 0 1 1 0
5.63475 0 1 1 0
5.635 0 4 1 0
5.635 0 5 1 0
5.63627 0 1 1 0
5.63627 0 1 1 0
5.63821 0 4 1 0
5.63821 0 5 1 0
5.64 0 1 1 0
5.64 0 2 1 0
5.64 0 3 1 0
5.64321 0 2 1 0
5.64321 0 1 1 0
5.64321 0 3 1 0
5.64475 0 1 1 0
5.64475 0 1 1 0
5.645 0 4 1 0
5.645 0 5 1 0
5.64627 0 1 1 0
5.64627 0 1 1 0
5.64821 0 4 1 0
5.64821 0 5 1 0
5.65 0 1 1 0
5.65 0 2 1 0
5.65 0 3 1 0
5.65321 0 2 1 0
5.65321 0 1 1 0
5.65321 0 3 1 0
5.65475 0 1 1 0
5.65475 0 1 1 0
5.655 0 4 1 0
5.655 0 5 1 0
5.65627 0 1 1 0
5.65627 0 1 1 0
5.65821 0 4 1 0
5.65821 0 5 1 0
5.66 0 1 1 0
5.66 0 2 1 0
5.66 0 3 1 0
5.66321 0 2 1 0
5.66321 0 1 1 0
5.66321 0 3 1 0
5.66475 0 1 1 0
5.66475 0 1 1 0
5.665 0 4 1 0
5.665 0 5 1 0
5.66627 0 1 1 0
5.66627 0 1 1 0
5.66821 0 4 1 0
5.66821 0 5 1 0
5.67 0 1 1 0
5.67 0 2 1 0
5.67 0 3 1 0
5.67321 0 2 1 0
5.67321 0 1 1 0
5.67321 0 3 1 0
5.67475 0 1 1 0
5.67475 0 1 1 0
5.675 0 4 1 0
5.675 0 5 1 0
5.67627 0 1 1 0
5.67627 0 1 1 0
5.67821 0 4 1 0
5.67821 0 5 1 0
5.68 0 1 1 0
5.68 0 2 1 0
5.68 0 3 1 0
5.68321 0 2 1 0
5.68321 0 1 1 0
5.68321 0 3 1 0
5.68475 0 1 1 0
5.68475 0 1 1 0
5.685 0 4 1 0
5.685 0 5 1 0
5.68627 0 1 1 0
5.68627 0 1 1 0
5.68821 0 4 1 0
5.68821 0 5 1 0
5.69 0 1 1 0
5.69 0 2 1 0
5.69 0 3 1 0
5.69321 0 2 1 0
5.69321 0 1 1 0
5.69321 0 3 1 0
5.69475 0 1 1 0
5.69475 0 1 1 0
5.695 0 4 1 0
5.695 0 5 1 0
5.69627 0 1 1 0
5.69627 0 1 1 0
5.69821 0 4 1 0
5.69821 0 5 1 0
5.7 0 1 1 0
5.7 0 2 1 0
5.7 0 3 1 0
5.70321 0 2 1 0
5.70321 0 1 1 0
5.70321 0 3 1 0
5.70475 0 1 1 0
5.70475 0 1 1 0
5.705 0 4 1 0
5.705 0 5 1 0
5.70627 0 1 1 0
5.70627 0 1 1 0
5.70821 0 4 1 0
5.70821 0 5 1 0
5.71 0 1 1 0
5.71 0 2 1 0
5.71 0 3 1 0
5.71321 0 2 1 0
5.71321 0 1 1 0
5.71321 0 3 1 0
5.71475 0 1 1 0
5.71475 0 1 1 0
5.715 0 4 1 0
5.715 0 5 1 0
5.71627 0 1 1 0
5.71627 0 1 1 0
5.71821 0 4 1 0
5.71821 0 5 1 0
5.72 0 1 1 0
5.72 0 2 1 0
5.72 0 3 1 0
5.72321 0 2 1 0
5.72321 0 1 1 0
5.72321 0 3 1 0
5.72475 0 1 1 0
5.72475 0 1 1 0
5.725 0 4 1 0
5.725 0 5 1 0
5.72627 0 1 1 0
5.72627 0 1 1 0
5.72821 0 4 1 0
5.72821 0 5 1 0
5.73 0 1 1 0
5.73 0 2 1 0
5.73 0 3 1 0
5.73321 0 2 1 0
5.73321 0 1 1 0
5.73321 0 3 1 0
5.73475 0 1 1 0
5.73475 0 1 1 0
5.735 0 4 1 0
5.735 0 5 1 0
5.73627 0 1 1 0
5.73627 0 1 1 0
5.73821 0 4 1 0
5.73821 0 5 1 0
5.74 0 1 1 0
5.74 0 2 1 0
5.74 0 3 1 0
5.74321 0 2 1 0
5.74321 0 1 1 0
5.74321 0 3 1 0
5.74475 0 1 1 0
5.74475 0 1 1 0
5.745 0 4 1 0
5.745 0 5 1 0
5.74627 0 1 1 0
5.74627 0 1 1 0
5.74821 0 4 1 0
5.74821 0 5 1 0
5.75 0 1 1 0
5.75 0 2 1 0
5.75 0 3 1 0
5.75321 0 2 1 0
5.75321 0 1 1 0
5.75321 0 3 1 0
5.75475 0 1 1 0
5.75475 0 1 1 0
5.755 0 4 1 0
5.755 0 5 1 0
5.75627 0 1 1 0
5.75627 0 1 1 0
5.75821 0 4 1 0
5.75821 0 5 1 0
5.76 0 1 1 0
5.76 0 2 1 0
5.76 0 3 1 0
5.76321 0 2 1 0
5.76321 0 1 1 0
5.76321 0 3 1 0
5.76475 0 1 1 0
5.76475 0 1 1 0
5.765 0 4 1 0
5.765 0 5 1 0
5.76627 0 1 1 0
5.76627 0 1 1 0
5.76821 0 4 1 0
5.76821 0 5 1 0
5.77 0 1 1 0
5.77 0 2 1 0
5.77 0 3 1 0
5.77321 0 2 1 0
5.77321 0 1 1 0
5.77321 0 3 1 0
5.77475 0 1 1 0
5.77475 0 1 1 0
5.775 0 4 1 0
5.775 0 5 1 0
5.77627 0 1 1 0
5.77627 0 1 1 0
5.77821 0 4 1 0
5.77821 0 5 1 0
5.78 0 1 1 0
5.78 0 2 1 0
5.78 0 3 1 0
5.78321 0 2 1 0
5.78321 0 1 1 0
5.78321 0 3 1 0
5.78475 0 1 1 0
5.78475 0 1 1 0
5.785 0 4 1 0
5.785 0 5 1 0
5.78627 0 1 1 0
5.78627 0 1 1 0
5.78821 0 4 1 0
5.78821 0 5 1 0
5.79 0 1 1 0
5.79 0 2 1 0
5.79 0 3 1 0
5.79321 0 2 1 0
5.79321 0 1 1 0
5.79321 0 3 1 0
5.79475 0 1 1 0
5.79475 0 1 1 0
5.795 0 4 1 0
5.795 0 5 1 0
5.79627 0 1 1 0
5.79627 0 1 1 0
5.79821 0 4 1 0
5.79821 0 5 1 0
5.8 0 1 1 0
5.8 0 2 1 0
5.8 0 3 1 0
5.80321 0 2 1 0
5.80321 0 1 1 0
5.80321 0 3 1 0
5.80475 0 1 1 0
5.80475 0 1 1 0
5.805 0 4 1 0
5.805 0 5 1 0
5.80627 0 1 1 0
5.80627 0 1 1 0
5.80821 0 4 1 0
5.80821 0 5 1 0
5.81 0 1 1 0
5.81 0 2 1 0
5.81 0 3 1 0
5.81321 0 2 1 0
5.81321 0 1 1 0
5.81321 0 3 1 0
5.81475 0 1 1 0
5.81475 0 1 1 0
5.815 0 4 1 0
5.815 0 5 1 0
5.81627 0 1 1 0
5.81627 0 1 1 0
5.81821 0 4 1 0
5.81821 0 5 1 0
5.82 0 1 1 0
5.82 0 2 1 0
5.82 0 3 1 0
5.82321 0 2 1 0
5.82321 0 1 1 0
5.82321 0 3 1 0
5.82475 0 1 1 0
5.82475 0 1 1 0
5.825 0 4 1 0
5.825 0 5 1 0
5.82627 0 1 1 0
5.82627 0 1 1 0
5.82821 0 4 1 0
5.82821 0 5 1 0
5.83 0 1 1 0
5.83 0 2 1 0
5.83 0 3 1 0
5.83321 0 2 1 0
5.83321 0 1 1 0
5.83321 0 3 1 0
5.83475 0 1 1 0
5.83475 0 1 1 0
5.835 0 4 1 0
5.835 0 5 1 0
5.83627 0 1 1 0
5.83627 0 1 1 0
5.83821 0 4 1 0
5.83821 0 5 1 0
5.84 0 1 1 0
5.84 0 2 1 0
5.84 0 3 1 0
5.84321 0 2 1 0
5.84321 0 1 1 0
5.84321 0 3 1 0
5.84475 0 1 1 0
5.84475 0 1 1 0
5.845 0 4 1 0
5.845 0 5 1 0
5.84627 0 1 1 0
5.84627 0 1 1 0
5.84821 0 4 1 0
5.84821 0 5 1 0
5.85 0 1 1 0
5.85 0 2 1 0
5.85 0 3 1 0
5.85321 0 2 1 0
5.85321 0 1 1 0
5.85321 0 3 1 0
5.85475 0 1 1 0
5.85475 0 1 1 0
5.855 0 4 1 0
5.855 0 5 1 0
5.85627 0 1 1 0
5.85627 0 1 1 0
5.85821 0 4 1 0
5.85821 0 5 1 0
5.86 0 1 1 0
5.86 0 2 1 0
5.86 0 3 1 0
5.86321 0 2 1 0
5.86321 0 1 1 0
5.86321 0 3 1 0
5.86475 0 1 1 0
5.86475 0 1 1 0
5.865 0 4 1 0
5.865 0 5 1 0
5.86627 0 1 1 0
5.86627 0 1 1 0
5.86821 0 4 1 0
5.86821 0 5 1 0
5.87 0 1 1 0
5.87 0 2 1 0
5.87 0 3 1 0
5.87321 0 2 1 0
5.87321 0 1 1 0
5.87321 0 3 1 0
5.87475 0 1 1 0
5.87475 0 1 1 0
5.875 0 4 1 0
5.875 0 5 1 0
5.87627 0 1 1 0
5.87627 0 1 1 0
5.87821 0 4 1 0
5.87821 0 5 1 0
5.88 0 1 1 0
5.88 0 2 1 0
5.88 0 3 1 0
5.88321 0 2 1 0
5.88321 0 1 1 0
5.88321 0 3 1 0
5.88475 0 1 1 0
5.88475 0 1 1 0
5.885 0 4 1 0
5.885 0 5 1 0
5.88627 0 1 1 0
5.88627 0 1 1 0
5.88821 0 4 1 0
5.88821 0 5 1 0
5.89 0 1 1 0
5.89 0 2 1 0
5.89 0 3 1 0
5.89321 0 2 1 0
5.89321 0 1 1 0
5.89321 0 3 1 0
5.89475 0 1 1 0
5.89475 0 1 1 0
5.895 0 4 1 0
5.895 0 5 1 0
5.89627 0 1 1 0
5.89627 0 1 1 0
5.89821 0 4 1 0
5.89821 0 5 1 0
5.9 0 1 1 0
5.9 0 2 1 0
5.9 0 3 1 0
5.90321 0 2 1 0
5.90321 0 1 1 0
5.90321 0 3 1 0
5.90475 0 1 1 0
5.90475 0 1 1 0
5.905 0 4 1 0
5.905 0 5 1 0
5.90627 0 1 1 0
5.90627 0 1 1 0
5.90821 0 4 1 0
5.90821 0 5 1 0
5.91 0 1 1 0
5.91 0 2 1 0
5.91 0 3 1 0
5.91321 0 2 1 0
5.91321 0 1 1 0
5.91321 0 3 1 0
5.91475 0 1 1 0
5.91475 0 1 1 0
5.915 0 4 1 0
5.915 0 5 1 0
5.91627 0 1 1 0
5.91627 0 1 1 0
5.91821 0 4 1 0
5.91821 0 5 1 0
5.92 0 1 1 0
5.92 0 2 1 0
5.92 0 3 1 0
5.92321 0 2 1 0
5.92321 0 1 1 0
5.92321 0 3 1 0
5.92475 0 1 1 0
5.92475 0 1 1 0
5.925 0 4 1 0
5.925 0 5 1 0
5.92627 0 1 1 0
5.92627 0 1 1 0
5.92821 0 4 1 0
5.92821 0 5 1 0
5.93 0 1 1 0
5.93 0 2 1 0
5.93 0 3 1 0
5.93321 0 2 1 0
5.93321 0 1 1 0
5.93321 0 3 1 0
5.93475 0 1 1 0
5.93475 0 1 1 0
5.935 0 4 1 0
5.935 0 5 1 0
5.93627 0 1 1 0
5.93627 0 1 1 0
5.93821 0 4 1 0
5.93821 0 5 1 0
5.94 0 1 1 0
5.94 0 2 1 0
5.94 0 3 1 0
5.94321 0 2 1 0
5.94321 0 1 1 0
5.94321 0 3 1 0
5.94475 0 1 1 0
5.94475 0 1 1 0
5.945 0 4 1 0
5.945 0 5 1 0
5.94627 0 1 1 0
5.94627 0 1 1 0
5.94821 0 4 1 0
5.94821 0 5 1 0
5.95 0 1 1 0
5.95 0 2 1 0
5.95 0 3 1 0
5.95321 0 2 1 0
5.95321 0 1 1 0
5.95321 0 3 1 0
5.95475 0 1 1 0
5.95475 0 1 1 0
5.955 0 4 1 0
5.955 0 5 1 0
5.95627 0 1 1 0
5.95627 0 1 1 0
5.95821 0 4 1 0
5.95821 0 5 1 0
5.96 0 1 1 0
5.96 0 2 1 0
5.96 0 3 1 0
5.96321 0 2 1 0
5.96321 0 1 1 0
5.96321 0 3 1 0
5.96475 0 1 1 0
5.96475 0 1 1 0
5.965 0 4 1 0
5.965 0 5 1 0
5.96627 0 1 1 0
5.96627 0 1 1 0
5.96821 0 4 1 0
5.96821 0 5 1 0
5.97 0 1 1 0
5.97 0 2 1 0
5.97 0 3 1 0
5.97321 0 2 1 0
5.97321 0 1 1 0
5.97321 0 3 1 0
5.97475 0 1 1 0
5.97475 0 1 1 0
5.975 0 4 1 0
5.975 0 5 1 0
5.97627 0 1 1 0
5.97627 0 1 1 0
5.97821 0 4 1 0
5.97821 0 5 1 0
5.98 0 1 1 0
5.98 0 2 1 0
5.98 0 3 1 0
5.98321 0 2 1 0
5.98321 0 1 1 0
5.98321 0 3 1 0
5.98475 0 1 1 0
5.98475 0 1 1 0
5.985 0 4 1 0
5.985 0 5 1 0
5.98627 0 1 1 0
5.98627 0 1 1 0
5.98821 0 4 1 0
5.98821 0 5 1 0
5.99 0 1 1 0
5.99 0 2 1 0
5.99 0 3 1 0
5.99321 0 2 1 0
5.99321 0 1 1 0
5.99321 0 3 1 0
5.99475 0 1 1 0
5.99475 0 1 1 0
5.995 0 4 1 0
5.995 0 5 1 0
5.99627 0 1 1 0
5.99627 0 1 1 0
5.99821 0 4 1 0
5.99821 0 5 1 0
6 0 1 1 0
6 0 2 1 0
6 0 3 1 0
6.00321 0 2 1 0
6.00321 0 1 1 0
6.00321 0 3 1 0
6.00475 0 1 1 0
6.00475 0 1 1 0
6.005 0 4 1 0
6.005 0 5 1 0
6.00627 0 1 1 0
6.00627 0 1 1 0
6.00821 0 4 1 0
6.00821 0 5 1 0
6.01 0 1 1 0
6.01 0 2 1 0
6.01 0 3 1 0
6.01321 0 2 1 0
6.01321 0 1 1 0
6.01321 0 3 1 0
6.01475 0 1 1 0
6.01475 0 1 1 0
6.015 0 4 1 0
6.015 0 5 1 0
6.01627 0 1 1 0
6.01627 0 1 1 0
6.01821 0 4 1 0
6.01821 0 5 1 0
6.02 0 1 1 0
6.02 0 2 1 0
6.02 0 3 1 0
6.02321 0 2 1 0
6.02321 0 1 1 0
6.02321 0 3 1 0
6.02475 0 1 1 0
6.02475 0 1 1 0
6.025 0 4 1 0
6.025 0 5 1 0
6.02627 0 1 1 0
6.02627 0 1 1 0
6.02821 0 4 1 0
6.02821 0 5 1 0
6.03 0 1 1 0
6.03 0 2 1 0
6.03 0 3 1 0
6.03321 0 2 1 0
6.03321 0 1 1 0
6.03321 0 3 1 0
6.03475 0 1 1 0
6.03475 0 1 1 0
6.035 0 4 1 0
6.035 0 5 1 0
6.03627 0 1 1 0
6.03627 0 1 1 0
6.03821 0 4 1 0
6.03821 0 5 1 0
6.04 0 1 1 0
6.04 0 2 1 0
6.04 0 3 1 0
6.04321 0 2 1 0
6.04321 0 1 1 0
6.04321 0 3 1 0
6.04475 0 1 1 0
6.04475 0 1 1 0
6.045 0 4 1 0
6.045 0 5 1 0
6.04627 0 1 1 0
6.04627 0 1 1 0
6.04821 0 4 1 0
6.04821 0 5 1 0
6.05 0 1 1 0
6.05 0 2 1 0
6.05 0 3 1 0
6.05321 0 2 1 0
6.05321 0 1 1 0
6.05321 0 3 1 0
6.05475 0 1 1 0
6.05475 0 1 1 0
6.055 0 4 1 0
6.055 0 5 1 0
6.05627 0 1 1 0
6.05627 0 1 1 0
6.05821 0 4 1 0
6.05821 0 5 1 0
6.06 0 1 1 0
6.06 0 2 1 0
6.06 0 3 1 0
6.06321 0 2 1 0
6.06321 0 1 1 0
6.06321 0 3 1 0
6.06475 0 1 1 0
6.06475 0 1 1 0
6.065 0 4 1 0
6.065 0 5 1 0
6.06627 0 1 1 0
6.06627 0 1 1 0
6.06821 0 4 1 0
6.06821 0 5 1 0
6.07 0 1 1 0
6.07 0 2 1 0
6.07 0 3 1 0
6.07321 0 2 1 0
6.07321 0 1 1 0
6.07321 0 3 1 0
6.07475 0 1 1 0
6.07475 0 1 1 0
6.075 0 4 1 0
6.075 0 5 1 0
6.07627 0 1 1 0
6.07627 0 1 1 0
6.07821 0 4 1 0
6.07821 0 5 1 0
6.08 0 1 1 0
6.08 0 2 1 0
6.08 0 3 1 0
6.08321 0 2 1 0
6.08321 0 1 1 0
6.08321 0 3 1 0
6.08475 0 1 1 0
6.08475 0 1 1 0
6.085 0 4 1 0
6.085 0 5 1 0
6.08627 0 1 1 0
6.08627 0 1 1 0
6.08821 0 4 1 0
6.08821 0 5 1 0
6.09 0 1 1 0
6.09 0 2 1 0
6.09 0 3 1 0
6.09321 0 2 1 0
6.09321 0 1 1 0
6.09321 0 3 1 0
6.09475 0 1 1 0
6.09475 0 1 1 0
6.095 0 4 1 0
6.095 0 5 1 0
6.09627 0 1 1 0
6.09627 0 1 1 0
6.09821 0 4 1 0
6.09821 0 5 1 0
6.1 0 1 1 0
6.1 0 2 1 0
6.1 0 3 1 0
6.10321 0 2 1 0
6.10321 0 1 1 0
6.10321 0 3 1 0
6.10475 0 1 1 0
6.10475 0 1 1 0
6.105 0 4 1 0
6.105 0 5 1 0
6.10627 0 1 1 0
6.10627 0 1 1 0
6.10821 0 4 1 0
6.10821 0 5 1 0
6.11 0 1 1 0
6.11 0 2 1 0
6.11 0 3 1 0
6.11321 0 2 1 0
6.11321 0 1 1 0
6.11321 0 3 1 0
6.11475 0 1 1 0
6.11475 0 1 1 0
6.115 0 4 1 0
6.115 0 5 1 0
6.11627 0 1 1 0
6.11627 0 1 1 0
6.11821 0 4 1 0
6.11821 0 5 1 0
6.12 0 1 1 0
6.12 0 2 1 0
6.12 0 3 1 0
6.12321 0 2 1 0
6.12321 0 1 1 0
6.12321 0 3 1 0
6.12475 0 1 1 0
6.12475 0 1 1 0
6.125 0 4 1 0
6.125 0 5 1 0
6.12627 0 1 1 0
6.12627 0 1 1 0
6.12821 0 4 1 0
6.12821 0 5 1 0
6.13 0 1 1 0
6.13 0 2 1 0
6.13 0 3 1 0
6.13321 0 2 1 0
6.13321 0 1 1 0
6.13321 0 3 1 0
6.13475 0 1 1 0
6.13475 0 1 1 0
6.135 0 4 1 0
6.135 0 5 1 0
6.13627 0 1 1 0
6.13627 0 1 1 0
6.13821 0 4 1 0
6.13821 0 5 1 0
6.14 0 1 1 0
6.14 0 2 1 0
6.14 0 3 1 0
6.14321 0 2 1 0
6.14321 0 1 1 0
6.14321 0 3 1 0
6.14475 0 1 1 0
6.14475 0 1 1 0
6.145 0 4 1 0
6.145 0 5 1 0
6.14627 0 1 1 0
6.14627 0 1 1 0
6.14821 0 4 1 0
6.14821 0 5 1 0
6.15 0 1 1 0
6.15 0 2 1 0
6.15 0 3 1 0
6.15321 0 2 1 0
6.15321 0 1 1 0
6.15321 0 3 1 0
6.15475 0 1 1 0
6.15475 0 1 1 0
6.155 0 4 1 0
6.155 0 5 1 0
6.15627 0 1 1 0
6.15627 0 1 1 0
6.15821 0 4 1 0
6.15821 0 5 1 0
6.16 0 1 1 0
6.16 0 2 1 0
6.16 0 3 1 0
6.16321 0 2 1 0
6.16321 0 1 1 0
6.16321 0 3 1 0
6.16475 0 1 1 0
6.16475 0 1 1 0
6.165 0 4 1 0
6.165 0 5 1 0
6.16627 0 1 1 0
6.16627 0 1 1 0
6.16821 0 4 1 0
6.16821 0 5 1 0
6.17 0 1 1 0
6.17 0 2 1 0
6.17 0 3 1 0
6.17321 0 2 1 0
6.17321 0 1 1 0
6.17321 0 3 1 0
6.17475 0 1 1 0
6.17475 0 1 1 0
6.175 0 4 1 0
6.175 0 5 1 0
6.17627 0 1 1 0
6.17627 0 1 1 0
6.17821 0 4 1 0
6.17821 0 5 1 0
6.18 0 1 1 0
6.18 0 2 1 0
6.18 0 3 1 0
6.18321 0 2 1 0
6.18321 0 1 1 0
6.18321 0 3 1 0
6.18475 0 1 1 0
6.18475 0 1 1 0
6.185 0 4 1 0
6.185 0 5 1 0
6.18627 0 1 1 0
6.18627 0 1 1 0
6.18821 0 4 1 0
6.18821 0 5 1 0
6.19 0 1 1 0
6.19 0 2 1 0
6.19 0 3 1 0
6.19321 0 2 1 0
6.19321 0 1 1 0
6.19321 0 3 1 0
6.19475 0 1 1 0
6.19475 0 1 1 0
6.195 0 4 1 0
6.195 0 5 1 0
6.19627 0 1 1 0
6.19627 0 1 1 0
6.19821 0 4 1 0
6.19821 0 5 1 0
6.2 0 1 1 0
6.2 0 2 1 0
6.2 0 3 1 0
6.20321 0 2 1 0
6.20321 0 1 1 0
6.20321 0 3 1 0
6.20475 0 1 1 0
6.20475 0 1 1 0
6.205 0 4 1 0
6.205 0 5 1 0
6.20627 0 1 1 0
6.20627 0 1 1 0
6.20821 0 4 1 0
6.20821 0 5 1 0
6.21 0 1 1 0
6.21 0 2 1 0
6.21 0 3 1 0
6.21321 0 2 1 0
6.21321 0 1 1 0
6.21321 0 3 1 0
6.21475 0 1 1 0
6.21475 0 1 1 0
6.215 0 4 1 0
6.215 0 5 1 0
6.21627 0 1 1 0
6.21627 0 1 1 0
6.21821 0 4 1 0
6.21821 0 5 1 0
6.22 0 1 1 0
6.22 0 2 1 0
6.22 0 3 1 0
6.22321 0 2 1 0
6.22321 0 1 1 0
6.22321 0 3 1 0
6.22475 0 1 1 0
6.22475 0 1 1 0
6.225 0 4 1 0
6.225 0 5 1 0
6.22627 0 1 1 0
6.22627 0 1 1 0
6.22821 0 4 1 0
6.22821 0 5 1 0
6.23 0 1 1 0
6.23 0 2 1 0
6.23 0 3 1 0
6.23321 0 2 1 0
6.23321 0 1 1 0
6.23321 0 3 1 0
6.23475 0 1 1 0
6.23475 0 1 1 0
6.235 0 4 1 0
6.235 0 5 1 0
6.23627 0 1 1 0
6.23627 0 1 1 0
6.23821 0 4 1 0
6.23821 0 5 1 0
6.24 0 1 1 0
6.24 0 2 1 0
6.24 0 3 1 0
6.24321 0 2 1 0
6.24321 0 1 1 0
6.24321 0 3 1 0
6.24475 0 1 1 0
6.24475 0 1 1 0
6.245 0 4 1 0
6.245 0 5 1 0
6.24627 0 1 1 0
6.24627 0 1 1 0
6.24821 0 4 1 0
6.24821 0 5 1 0
6.25 0 1 1 0
6.25 0 2 1 0
6.25 0 3 1 0
6.25321 0 2 1 0
6.25321 0 1 1 0
6.25321 0 3 1 0
6.25475 0 1 1 0
6.25475 0 1 1 0
6.255 0 4 1 0
6.255 0 5 1 0
6.25627 0 1 1 0
6.25627 0 1 1 0
6.25821 0 4 1 0
6.25821 0 5 1 0
6.26 0 1 1 0
6.26 0 2 1 0
6.26 0 3 1 0
6.26321 0 2 1 0
6.26321 0 1 1 0
6.26321 0 3 1 0
6.26475 0 1 1 0
6.26475 0 1 1 0
6.265 0 4 1 0
6.265 0 5 1 0
6.26627 0 1 1 0
6.26627 0 1 1 0
6.26821 0 4 1 0
6.26821 0 5 1 0
6.27 0 1 1 0
6.27 0 2 1 0
6.27 0 3 1 0
6.27321 0 2 1 0
6.27321 0 1 1 0
6.27321 0 3 1 0
6.27475 0 1 1 0
6.27475 0 1 1 0
6.275 0 4 1 0
6.275 0 5 1 0
6.27627 0 1 1 0
6.27627 0 1 1 0
6.27821 0 4 1 0
6.27821 0 5 1 0
6.28 0 1 1 0
6.28 0 2 1 0
6.28 0 3 1 0
6.28321 0 2 1 0
6.28321 0 1 1 0
6.28321 0 3 1 0
6.28475 0 1 1 0
6.28475 0 1 1 0
6.285 0 4 1 0
6.285 0 5 1 0
6.28627 0 1 1 0
6.28627 0 1 1 0
6.28821 0 4 1 0
6.28821 0 5 1 0
6.29 0 1 1 0
6.29 0 2 1 0
6.29 0 3 1 0
6.29321 0 2 1 0
6.29321 0 1 1 0
6.29321 0 3 1 0
6.29475 0 1 1 0
6.29475 0 1 1 0
6.295 0 4 1 0
6.295 0 5 1 0
6.29627 0 1 1 0
6.29627 0 1 1 0
6.29821 0 4 1 0
6.29821 0 5 1 0
6.3 0 1 1 0
6.3 0 2 1 0
6.3 0 3 1 0
6.30321 0 2 1 0
6.30321 0 1 1 0
6.30321 0 3 1 0
6.30475 0 1 1 0
6.30475 0 1 1 0
6.305 0 4 1 0
6.305 0 5 1 0
6.30627 0 1 1 0
6.30627 0 1 1 0
6.30821 0 4 1 0
6.30821 0 5 1 0
6.31 0 1 1 0
6.31 0 2 1 0
6.31 0 3 1 0
6.31321 0 2 1 0
6.31321 0 1 1 0
6.31321 0 3 1 0
6.31475 0 1 1 0
6.31475 0 1 1 0
6.315 0 4 1 0
6.315 0 5 1 0
6.31627 0 1 1 0
6.31627 0 1 1 0
6.31821 0 4 1 0
6.31821 0 5 1 0
6.32 0 1 1 0
6.32 0 2 1 0
6.32 0 3 1 0
6.32321 0 2 1 0
6.32321 0 1 1 0
6.32321 0 3 1 0
6.32475 0 1 1 0
6.32475 0 1 1 0
6.325 0 4 1 0
6.325 0 5 1 0
6.32627 0 1 1 0
6.32627 0 1 1 0
6.32821 0 4 1 0
6.32821 0 5 1 0
6.33 0 1 1 0
6.33 0 2 1 0
6.33 0 3 1 0
6.33321 0 2 1 0
6.33321 0 1 1 0
6.33321 0 3 1 0
6.33475 0 1 1 0
6.33475 0 1 1 0
6.335 0 4 1 0
6.335 0 5 1 0
6.33627 0 1 1 0
6.33627 0 1 1 0
6.33821 0 4 1 0
6.33821 0 5 1 0
6.34 0 1 1 0
6.34 0 2 1 0
6.34 0 3 1 0
6.34321 0 2 1 0
6.34321 0 1 1 0
6.34321 0 3 1 0
6.34475 0 1 1 0
6.34475 0 1 1 0
6.345 0 4 1 0
6.345 0 5 1 0
6.34627 0 1 1 0
6.34627 0 1 1 0
6.34821 0 4 1 0
6.34821 0 5 1 0
6.35 0 1 1 0
6.35 0 2 1 0
6.35 0 3 1 0
6.35321 0 2 1 0
6.35321 0 1 1 0
6.35321 0 3 1 0
6.35475 0 1 1 0
6.35475 0 1 1 0
6.355 0 4 1 0
6.355 0 5 1 0
6.35627 0 1 1 0
6.35627 0 1 1 0
6.35821 0 4 1 0
6.35821 0 5 1 0
6.36 0 1 1 0
6.36 0 2 1 0
6.36 0 3 1 0
6.36321 0 2 1 0
6.36321 0 1 1 0
6.36321 0 3 1 0
6.36475 0 1 1 0
6.36475 0 1 1 0
6.365 0 4 1 0
6.365 0 5 1 0
6.36627 0 1 1 0
6.36627 0 1 1 0
6.36821 0 4 1 0
6.36821 0 5 1 0
6.37 0 1 1 0
6.37 0 2 1 0
6.37 0 3 1 0
6.37321 0 2 1 0
6.37321 0 1 1 0
6.37321 0 3 1 0
6.37475 0 1 1 0
6.37475 0 1 1 0
6.375 0 4 1 0
6.375 0 5 1 0
6.37627 0 1 1 0
6.37627 0 1 1 0
6.37821 0 4 1 0
6.37821 0 5 1 0
6.38 0 1 1 0
6.38 0 2 1 0
6.38 0 3 1 0
6.38321 0 2 1 0
6.38321 0 1 1 0
6.38321 0 3 1 0
6.38475 0 1 1 0
6.38475 0 1 1 0
6.385 0 4 1 0
6.385 0 5 1 0
6.38627 0 1 1 0
6.38627 0 1 1 0
6.38821 0 4 1 0
6.38821 0 5 1 0
6.39 0 1 1 0
6.39 0 2 1 0
6.39 0 3 1 0
6.39321 0 2 1 0
6.39321 0 1 1 0
6.39321 0 3 1 0
6.39475 0 1 1 0
6.39475 0 1 1 0
6.395 0 4 1 0
6.395 0 5 1 0
6.39627 0 1 1 0
6.39627 0 1 1 0
6.39821 0 4 1 0
6.39821 0 5 1 0
6.4 0 1 1 0
6.4 0 2 1 0
6.4 0 3 1 0
6.40321 0 2 1 0
6.40321 0 1 1 0
6.40321 0 3 1 0
6.40475 0 1 1 0
6.40475 0 1 1 0
6.405 0 4 1 0
6.405 0 5 1 0
6.40627 0 1 1 0
6.40627 0 1 1 0
6.40821 0 4 1 0
6.40821 0 5 1 0
6.41 0 1 1 0
6.41 0 2 1 0
6.41 0 3 1 0
6.41321 0 2 1 0
6.41321 0 1 1 0
6.41321 0 3 1 0
6.41475 0 1 1 0
6.41475 0 1 1 0
6.415 0 4 1 0
6.415 0 5 1 0
6.41627 0 1 1 0
6.41627 0 1 1 0
6.41821 0 4 1 0
6.41821 0 5 1 0
6.42 0 1 1 0
6.42 0 2 1 0
6.42 0 3 1 0
6.42321 0 2 1 0
6.42321 0 1 1 0
6.42321 0 3 1 0
6.42475 0 1 1 0
6.42475 0 1 1 0
6.425 0 4 1 0
6.425 0 5 1 0
6.42627 0 1 1 0
6.42627 0 1 1 0
6.42821 0 4 1 0
6.42821 0 5 1 0
6.43 0 1 1 0
6.43 0 2 1 0
6.43 0 3 1 0
6.43321 0 2 1 0
6.43321 0 1 1 0
6.43321 0 3 1 0
6.43475 0 1 1 0
6.43475 0 1 1 0
6.435 0 4 1 0
6.435 0 5 1 0
6.43627 0 1 1 0
6.43627 0 1 1 0
6.43821 0 4 1 0
6.43821 0 5 1 0
6.44 0 1 1 0
6.44 0 2 1 0
6.44 0 3 1 0
6.44321 0 2 1 0
6.44321 0 1 1 0
6.44321 0 3 1 0
6.44475 0 1 1 0
6.44475 0 1 1 0
6.445 0 4 1 0
6.445 0 5 1 0
6.44627 0 1 1 0
6.44627 0 1 1 0
6.44821 0 4 1 0
6.44821 0 5 1 0
6.45 0 1 1 0
6.45 0 2 1 0
6.45 0 3 1 0
6.45321 0 2 1 0
6.45321 0 1 1 0
6.45321 0 3 1 0
6.45475 0 1 1 0
6.45475 0 1 1 0
6.455 0 4 1 0
6.455 0 5 1 0
6.45627 0 1 1 0
6.45627 0 1 1 0
6.45821 0 4 1 0
6.45821 0 5 1 0
6.46 0 1 1 0
6.46 0 2 1 0
6.46 0 3 1 0
6.46321 0 2 1 0
6.46321 0 1 1 0
6.46321 0 3 1 0
6.46475 0 1 1 0
6.46475 0 1 1 0
6.465 0 4 1 0
6.465 0 5 1 0
6.46627 0 1 1 0
6.46627 0 1 1 0
6.46821 0 4 1 0
6.46821 0 5 1 0
6.47 0 1 1 0
6.47 0 2 1 0
6.47 0 3 1 0
6.47321 0 2 1 0
6.47321 0 1 1 0
6.47321 0 3 1 0
6.47475 0 1 1 0
6.47475 0 1 1 0
6.475 0 4 1 0
6.475 0 5 1 0
6.47627 0 1 1 0
6.47627 0 1 1 0
6.47821 0 4 1 0
6.47821 0 5 1 0
6.48 0 1 1 0
6.48 0 2 1 0
6.48 0 3 1 0
6.48321 0 2 1 0
6.48321 0 1 1 0
6.48321 0 3 1 0
6.48475 0 1 1 0
6.48475 0 1 1 0
6.485 0 4 1 0
6.485 0 5 1 0
6.48627 0 1 1 0
6.48627 0 1 1 0
6.48821 0 4 1 0
6.48821 0 5 1 0
6.49 0 1 1 0
6.49 0 2 1 0
6.49 0 3 1 0
6.49321 0 2 1 0
6.49321 0 1 1 0
6.49321 0 3 1 0
6.49475 0 1 1 0
6.49475 0 1 1 0
6.495 0 4 1 0
6.495 0 5 1 0
6.49627 0 1 1 0
6.49627 0 1 1 0
6.49821 0 4 1 0
6.49821 0 5 1 0
6.5 0 1 1 0
6.5 0 2 1 0
6.5 0 3 1 0
