Time,Imsi,Rnti,Connectivity,ServingCellId,ServingSinrDb,BestMmWaveCellId,BestMmWaveSinrDb,SinrDeltaDb,OutageThresholdDb,Outage,Cqi,Mcs,HarqNackStreak,HarqMaxRetxDrops,Event,Reason
0.00100003,16,0,mmwave,4,3.52315,4,3.52315,0,-5,false,-1,-1,-1,-1,measurement,native_mmwave_sinr_report
0.00100003,17,0,mmwave,4,2.43279,4,2.43279,0,-5,false,-1,-1,-1,-1,measurement,native_mmwave_sinr_report
0.00100003,18,0,mmwave,4,1.05765,4,1.05765,0,-5,false,-1,-1,-1,-1,measurement,native_mmwave_sinr_report
0.00100003,19,0,mmwave,4,11.2142,4,11.2142,0,-5,false,-1,-1,-1,-1,measurement,native_mmwave_sinr_report
0.00100003,20,0,mmwave,4,-1.07318,4,-1.07318,0,-5,false,-1,-1,-1,-1,measurement,native_mmwave_sinr_report
0.00260003,16,0,mmwave,4,3.52459,4,3.52459,0,-5,false,-1,-1,-1,-1,measurement,native_mmwave_sinr_report
0.00260003,17,0,mmwave,4,2.43484,4,2.43484,0,-5,false,-1,-1,-1,-1,measurement,native_mmwave_sinr_report
0.00260003,18,0,mmwave,4,1.05869,4,1.05869,0,-5,false,-1,-1,-1,-1,measurement,native_mmwave_sinr_report
0.00260003,19,0,mmwave,4,11.2161,4,11.2161,0,-5,false,-1,-1,-1,-1,measurement,native_mmwave_sinr_report
0.00260003,20,0,mmwave,4,-1.07158,4,-1.07158,0,-5,false,-1,-1,-1,-1,measurement,native_mmwave_sinr_report
0.00420003,16,0,mmwave,4,3.52602,4,3.52602,0,-5,false,-1,-1,-1,-1,measurement,native_mmwave_sinr_report
0.00420003,17,0,mmwave,4,2.43688,4,2.43688,0,-5,false,-1,-1,-1,-1,measurement,native_mmwave_sinr_report
0.00420003,18,0,mmwave,4,1.05972,4,1.05972,0,-5,false,-1,-1,-1,-1,measurement,native_mmwave_sinr_report
0.00420003,19,0,mmwave,4,11.218,4,11.218,0,-5,false,-1,-1,-1,-1,measurement,native_mmwave_sinr_report
0.00420003,20,0,mmwave,4,-1.06998,4,-1.06998,0,-5,false,-1,-1,-1,-1,measurement,native_mmwave_sinr_report
0.00580003,16,0,mmwave,4,3.52746,4,3.52746,0,-5,false,-1,-1,-1,-1,measurement,native_mmwave_sinr_report
0.00580003,17,0,mmwave,4,2.43893,4,2.43893,0,-5,false,-1,-1,-1,-1,measurement,native_mmwave_sinr_report
0.00580003,18,0,mmwave,4,1.06076,4,1.06076,0,-5,false,-1,-1,-1,-1,measurement,native_mmwave_sinr_report
0.00580003,19,0,mmwave,4,11.22,4,11.22,0,-5,false,-1,-1,-1,-1,measurement,native_mmwave_sinr_report
0.00580003,20,0,mmwave,4,-1.06838,4,-1.06838,0,-5,false,-1,-1,-1,-1,measurement,native_mmwave_sinr_report
0.00740003,16,0,mmwave,4,3.5289,4,3.5289,0,-5,false,-1,-1,-1,-1,measurement,native_mmwave_sinr_report
0.00740003,17,0,mmwave,4,2.44098,4,2.44098,0,-5,false,-1,-1,-1,-1,measurement,native_mmwave_sinr_report
0.00740003,18,0,mmwave,4,1.0618,4,1.0618,0,-5,false,-1,-1,-1,-1,measurement,native_mmwave_sinr_report
0.00740003,19,0,mmwave,4,11.2219,4,11.2219,0,-5,false,-1,-1,-1,-1,measurement,native_mmwave_sinr_report
0.00740003,20,0,mmwave,4,-1.06679,4,-1.06679,0,-5,false,-1,-1,-1,-1,measurement,native_mmwave_sinr_report
0.00900003,16,0,mmwave,4,3.53034,4,3.53034,0,-5,false,-1,-1,-1,-1,measurement,native_mmwave_sinr_report
0.00900003,17,0,mmwave,4,2.44302,4,2.44302,0,-5,false,-1,-1,-1,-1,measurement,native_mmwave_sinr_report
0.00900003,18,0,mmwave,4,1.06284,4,1.06284,0,-5,false,-1,-1,-1,-1,measurement,native_mmwave_sinr_report
0.00900003,19,0,mmwave,4,11.2238,4,11.2238,0,-5,false,-1,-1,-1,-1,measurement,native_mmwave_sinr_report
0.00900003,20,0,mmwave,4,-1.06519,4,-1.06519,0,-5,false,-1,-1,-1,-1,measurement,native_mmwave_sinr_report
0.0106,16,0,mmwave,4,3.53178,4,3.53178,0,-5,false,-1,-1,-1,-1,measurement,native_mmwave_sinr_report
0.0106,17,0,mmwave,4,2.44507,4,2.44507,0,-5,false,-1,-1,-1,-1,measurement,native_mmwave_sinr_report
0.0106,18,0,mmwave,4,1.06387,4,1.06387,0,-5,false,-1,-1,-1,-1,measurement,native_mmwave_sinr_report
0.0106,19,0,mmwave,4,11.2258,4,11.2258,0,-5,false,-1,-1,-1,-1,measurement,native_mmwave_sinr_report
0.0106,20,0,mmwave,4,-1.06359,4,-1.06359,0,-5,false,-1,-1,-1,-1,measurement,native_mmwave_sinr_report
0.0122,16,0,mmwave,4,3.53322,4,3.53322,0,-5,false,-1,-1,-1,-1,measurement,native_mmwave_sinr_report
0.0122,17,0,mmwave,4,2.44712,4,2.44712,0,-5,false,-1,-1,-1,-1,measurement,native_mmwave_sinr_report
0.0122,18,0,mmwave,4,1.06491,4,1.06491,0,-5,false,-1,-1,-1,-1,measurement,native_mmwave_sinr_report
0.0122,19,0,mmwave,4,11.2277,4,11.2277,0,-5,false,-1,-1,-1,-1,measurement,native_mmwave_sinr_report
0.0122,20,0,mmwave,4,-1.06199,4,-1.06199,0,-5,false,-1,-1,-1,-1,measurement,native_mmwave_sinr_report
0.0138,16,0,mmwave,4,3.53466,4,3.53466,0,-5,false,-1,-1,-1,-1,measurement,native_mmwave_sinr_report
0.0138,17,0,mmwave,4,2.44917,4,2.44917,0,-5,false,-1,-1,-1,-1,measurement,native_mmwave_sinr_report
0.0138,18,0,mmwave,4,1.06595,4,1.06595,0,-5,false,-1,-1,-1,-1,measurement,native_mmwave_sinr_report
0.0138,19,0,mmwave,4,11.2296,4,11.2296,0,-5,false,-1,-1,-1,-1,measurement,native_mmwave_sinr_report
0.0138,20,0,mmwave,4,-1.0604,4,-1.0604,0,-5,false,-1,-1,-1,-1,measurement,native_mmwave_sinr_report
0.0154,16,0,mmwave,4,3.5361,4,3.5361,0,-5,false,-1,-1,-1,-1,measurement,native_mmwave_sinr_report
0.0154,17,0,mmwave,4,2.45122,4,2.45122,0,-5,false,-1,-1,-1,-1,measurement,native_mmwave_sinr_report
0.0154,18,0,mmwave,4,1.06699,4,1.06699,0,-5,false,-1,-1,-1,-1,measurement,native_mmwave_sinr_report
0.0154,19,0,mmwave,4,11.2316,4,11.2316,0,-5,false,-1,-1,-1,-1,measurement,native_mmwave_sinr_report
0.0154,20,0,mmwave,4,-1.0588,4,-1.0588,0,-5,false,-1,-1,-1,-1,measurement,native_mmwave_sinr_report
0.017,16,0,mmwave,4,3.53754,4,3.53754,0,-5,false,-1,-1,-1,-1,measurement,native_mmwave_sinr_report
0.017,17,0,mmwave,4,2.45326,4,2.45326,0,-5,false,-1,-1,-1,-1,measurement,native_mmwave_sinr_report
0.017,18,0,mmwave,4,1.06803,4,1.06803,0,-5,false,-1,-1,-1,-1,measurement,native_mmwave_sinr_report
0.017,19,0,mmwave,4,11.2335,4,11.2335,0,-5,false,-1,-1,-1,-1,measurement,native_mmwave_sinr_report
0.017,20,0,mmwave,4,-1.0572,4,-1.0572,0,-5,false,-1,-1,-1,-1,measurement,native_mmwave_sinr_report
0.0186,16,0,mmwave,4,3.53898,4,3.53898,0,-5,false,-1,-1,-1,-1,measurement,native_mmwave_sinr_report
0.0186,17,0,mmwave,4,2.45531,4,2.45531,0,-5,false,-1,-1,-1,-1,measurement,native_mmwave_sinr_report
0.0186,18,0,mmwave,4,1.06907,4,1.06907,0,-5,false,-1,-1,-1,-1,measurement,native_mmwave_sinr_report
0.0186,19,0,mmwave,4,11.2354,4,11.2354,0,-5,false,-1,-1,-1,-1,measurement,native_mmwave_sinr_report
0.0186,20,0,mmwave,4,-1.0556,4,-1.0556,0,-5,false,-1,-1,-1,-1,measurement,native_mmwave_sinr_report
0.0202,16,0,mmwave,4,3.54042,4,3.54042,0,-5,false,-1,-1,-1,-1,measurement,native_mmwave_sinr_report
0.0202,17,0,mmwave,4,2.45736,4,2.45736,0,-5,false,-1,-1,-1,-1,measurement,native_mmwave_sinr_report
0.0202,18,0,mmwave,4,1.0701,4,1.0701,0,-5,false,-1,-1,-1,-1,measurement,native_mmwave_sinr_report
0.0202,19,0,mmwave,4,11.2374,4,11.2374,0,-5,false,-1,-1,-1,-1,measurement,native_mmwave_sinr_report
0.0202,20,0,mmwave,4,-1.054,4,-1.054,0,-5,false,-1,-1,-1,-1,measurement,native_mmwave_sinr_report
0.0218,16,0,mmwave,4,3.54186,4,3.54186,0,-5,false,-1,-1,-1,-1,measurement,native_mmwave_sinr_report
0.0218,17,0,mmwave,4,2.45941,4,2.45941,0,-5,false,-1,-1,-1,-1,measurement,native_mmwave_sinr_report
0.0218,18,0,mmwave,4,1.07114,4,1.07114,0,-5,false,-1,-1,-1,-1,measurement,native_mmwave_sinr_report
0.0218,19,0,mmwave,4,11.2393,4,11.2393,0,-5,false,-1,-1,-1,-1,measurement,native_mmwave_sinr_report
0.0218,20,0,mmwave,4,-1.0524,4,-1.0524,0,-5,false,-1,-1,-1,-1,measurement,native_mmwave_sinr_report
0.0234,16,0,mmwave,4,3.5433,4,3.5433,0,-5,false,-1,-1,-1,-1,measurement,native_mmwave_sinr_report
0.0234,17,0,mmwave,4,2.46146,4,2.46146,0,-5,false,-1,-1,-1,-1,measurement,native_mmwave_sinr_report
0.0234,18,0,mmwave,4,1.07218,4,1.07218,0,-5,false,-1,-1,-1,-1,measurement,native_mmwave_sinr_report
0.0234,19,0,mmwave,4,11.2412,4,11.2412,0,-5,false,-1,-1,-1,-1,measurement,native_mmwave_sinr_report
0.0234,20,0,mmwave,4,-1.0508,4,-1.0508,0,-5,false,-1,-1,-1,-1,measurement,native_mmwave_sinr_report
0.025,16,0,mmwave,4,3.54474,4,3.54474,0,-5,false,-1,-1,-1,-1,measurement,native_mmwave_sinr_report
0.025,17,0,mmwave,4,2.46351,4,2.46351,0,-5,false,-1,-1,-1,-1,measurement,native_mmwave_sinr_report
0.025,18,0,mmwave,4,1.07322,4,1.07322,0,-5,false,-1,-1,-1,-1,measurement,native_mmwave_sinr_report
0.025,19,0,mmwave,4,11.2432,4,11.2432,0,-5,false,-1,-1,-1,-1,measurement,native_mmwave_sinr_report
0.025,20,0,mmwave,4,-1.04921,4,-1.04921,0,-5,false,-1,-1,-1,-1,measurement,native_mmwave_sinr_report
0.0266,16,0,mmwave,4,3.54618,4,3.54618,0,-5,false,-1,-1,-1,-1,measurement,native_mmwave_sinr_report
0.0266,17,0,mmwave,4,2.46556,4,2.46556,0,-5,false,-1,-1,-1,-1,measurement,native_mmwave_sinr_report
0.0266,18,0,mmwave,4,1.07426,4,1.07426,0,-5,false,-1,-1,-1,-1,measurement,native_mmwave_sinr_report
0.0266,19,0,mmwave,4,11.2451,4,11.2451,0,-5,false,-1,-1,-1,-1,measurement,native_mmwave_sinr_report
0.0266,20,0,mmwave,4,-1.04761,4,-1.04761,0,-5,false,-1,-1,-1,-1,measurement,native_mmwave_sinr_report
0.0282,16,0,mmwave,4,3.54762,4,3.54762,0,-5,false,-1,-1,-1,-1,measurement,native_mmwave_sinr_report
0.0282,17,0,mmwave,4,2.46761,4,2.46761,0,-5,false,-1,-1,-1,-1,measurement,native_mmwave_sinr_report
0.0282,18,0,mmwave,4,1.0753,4,1.0753,0,-5,false,-1,-1,-1,-1,measurement,native_mmwave_sinr_report
0.0282,19,0,mmwave,4,11.247,4,11.247,0,-5,false,-1,-1,-1,-1,measurement,native_mmwave_sinr_report
0.0282,20,0,mmwave,4,-1.04601,4,-1.04601,0,-5,false,-1,-1,-1,-1,measurement,native_mmwave_sinr_report
0.0298,16,0,mmwave,4,3.54906,4,3.54906,0,-5,false,-1,-1,-1,-1,measurement,native_mmwave_sinr_report
0.0298,17,0,mmwave,4,2.46966,4,2.46966,0,-5,false,-1,-1,-1,-1,measurement,native_mmwave_sinr_report
0.0298,18,0,mmwave,4,1.07634,4,1.07634,0,-5,false,-1,-1,-1,-1,measurement,native_mmwave_sinr_report
0.0298,19,0,mmwave,4,11.249,4,11.249,0,-5,false,-1,-1,-1,-1,measurement,native_mmwave_sinr_report
0.0298,20,0,mmwave,4,-1.04441,4,-1.04441,0,-5,false,-1,-1,-1,-1,measurement,native_mmwave_sinr_report
0.0314,16,0,mmwave,4,3.5505,4,3.5505,0,-5,false,-1,-1,-1,-1,measurement,native_mmwave_sinr_report
0.0314,17,0,mmwave,4,2.47171,4,2.47171,0,-5,false,-1,-1,-1,-1,measurement,native_mmwave_sinr_report
0.0314,18,0,mmwave,4,1.07738,4,1.07738,0,-5,false,-1,-1,-1,-1,measurement,native_mmwave_sinr_report
0.0314,19,0,mmwave,4,11.2509,4,11.2509,0,-5,false,-1,-1,-1,-1,measurement,native_mmwave_sinr_report
0.0314,20,0,mmwave,4,-1.04281,4,-1.04281,0,-5,false,-1,-1,-1,-1,measurement,native_mmwave_sinr_report
0.033,16,0,mmwave,4,3.55194,4,3.55194,0,-5,false,-1,-1,-1,-1,measurement,native_mmwave_sinr_report
0.033,17,0,mmwave,4,2.47376,4,2.47376,0,-5,false,-1,-1,-1,-1,measurement,native_mmwave_sinr_report
0.033,18,0,mmwave,4,1.07841,4,1.07841,0,-5,false,-1,-1,-1,-1,measurement,native_mmwave_sinr_report
0.033,19,0,mmwave,4,11.2528,4,11.2528,0,-5,false,-1,-1,-1,-1,measurement,native_mmwave_sinr_report
0.033,20,0,mmwave,4,-1.04121,4,-1.04121,0,-5,false,-1,-1,-1,-1,measurement,native_mmwave_sinr_report
0.0346,16,0,mmwave,4,3.55338,4,3.55338,0,-5,false,-1,-1,-1,-1,measurement,native_mmwave_sinr_report
0.0346,17,0,mmwave,4,2.47581,4,2.47581,0,-5,false,-1,-1,-1,-1,measurement,native_mmwave_sinr_report
0.0346,18,0,mmwave,4,1.07945,4,1.07945,0,-5,false,-1,-1,-1,-1,measurement,native_mmwave_sinr_report
0.0346,19,0,mmwave,4,11.2548,4,11.2548,0,-5,false,-1,-1,-1,-1,measurement,native_mmwave_sinr_report
0.0346,20,0,mmwave,4,-1.03961,4,-1.03961,0,-5,false,-1,-1,-1,-1,measurement,native_mmwave_sinr_report
0.0362,16,0,mmwave,4,3.55483,4,3.55483,0,-5,false,-1,-1,-1,-1,measurement,native_mmwave_sinr_report
0.0362,17,0,mmwave,4,2.47787,4,2.47787,0,-5,false,-1,-1,-1,-1,measurement,native_mmwave_sinr_report
0.0362,18,0,mmwave,4,1.08049,4,1.08049,0,-5,false,-1,-1,-1,-1,measurement,native_mmwave_sinr_report
0.0362,19,0,mmwave,4,11.2567,4,11.2567,0,-5,false,-1,-1,-1,-1,measurement,native_mmwave_sinr_report
0.0362,20,0,mmwave,4,-1.03801,4,-1.03801,0,-5,false,-1,-1,-1,-1,measurement,native_mmwave_sinr_report
0.0378,16,0,mmwave,4,3.55627,4,3.55627,0,-5,false,-1,-1,-1,-1,measurement,native_mmwave_sinr_report
0.0378,17,0,mmwave,4,2.47992,4,2.47992,0,-5,false,-1,-1,-1,-1,measurement,native_mmwave_sinr_report
0.0378,18,0,mmwave,4,1.08153,4,1.08153,0,-5,false,-1,-1,-1,-1,measurement,native_mmwave_sinr_report
0.0378,19,0,mmwave,4,11.2586,4,11.2586,0,-5,false,-1,-1,-1,-1,measurement,native_mmwave_sinr_report
0.0378,20,0,mmwave,4,-1.03641,4,-1.03641,0,-5,false,-1,-1,-1,-1,measurement,native_mmwave_sinr_report
0.0394,16,0,mmwave,4,3.55771,4,3.55771,0,-5,false,-1,-1,-1,-1,measurement,native_mmwave_sinr_report
0.0394,17,0,mmwave,4,2.48197,4,2.48197,0,-5,false,-1,-1,-1,-1,measurement,native_mmwave_sinr_report
0.0394,18,0,mmwave,4,1.08257,4,1.08257,0,-5,false,-1,-1,-1,-1,measurement,native_mmwave_sinr_report
0.0394,19,0,mmwave,4,11.2606,4,11.2606,0,-5,false,-1,-1,-1,-1,measurement,native_mmwave_sinr_report
0.0394,20,0,mmwave,4,-1.03481,4,-1.03481,0,-5,false,-1,-1,-1,-1,measurement,native_mmwave_sinr_report
0.041,16,0,mmwave,4,3.55915,4,3.55915,0,-5,false,-1,-1,-1,-1,measurement,native_mmwave_sinr_report
0.041,17,0,mmwave,4,2.48402,4,2.48402,0,-5,false,-1,-1,-1,-1,measurement,native_mmwave_sinr_report
0.041,18,0,mmwave,4,1.08361,4,1.08361,0,-5,false,-1,-1,-1,-1,measurement,native_mmwave_sinr_report
0.041,19,0,mmwave,4,11.2625,4,11.2625,0,-5,false,-1,-1,-1,-1,measurement,native_mmwave_sinr_report
0.041,20,0,mmwave,4,-1.0332,4,-1.0332,0,-5,false,-1,-1,-1,-1,measurement,native_mmwave_sinr_report
0.0426,16,0,mmwave,4,3.56059,4,3.56059,0,-5,false,-1,-1,-1,-1,measurement,native_mmwave_sinr_report
0.0426,17,0,mmwave,4,2.48608,4,2.48608,0,-5,false,-1,-1,-1,-1,measurement,native_mmwave_sinr_report
0.0426,18,0,mmwave,4,1.08465,4,1.08465,0,-5,false,-1,-1,-1,-1,measurement,native_mmwave_sinr_report
0.0426,19,0,mmwave,4,11.2644,4,11.2644,0,-5,false,-1,-1,-1,-1,measurement,native_mmwave_sinr_report
0.0426,20,0,mmwave,4,-1.0316,4,-1.0316,0,-5,false,-1,-1,-1,-1,measurement,native_mmwave_sinr_report
0.0442,16,0,mmwave,4,3.56203,4,3.56203,0,-5,false,-1,-1,-1,-1,measurement,native_mmwave_sinr_report
0.0442,17,0,mmwave,4,2.48813,4,2.48813,0,-5,false,-1,-1,-1,-1,measurement,native_mmwave_sinr_report
0.0442,18,0,mmwave,4,1.08569,4,1.08569,0,-5,false,-1,-1,-1,-1,measurement,native_mmwave_sinr_report
0.0442,19,0,mmwave,4,11.2664,4,11.2664,0,-5,false,-1,-1,-1,-1,measurement,native_mmwave_sinr_report
0.0442,20,0,mmwave,4,-1.03,4,-1.03,0,-5,false,-1,-1,-1,-1,measurement,native_mmwave_sinr_report
0.0458,16,0,mmwave,4,3.56348,4,3.56348,0,-5,false,-1,-1,-1,-1,measurement,native_mmwave_sinr_report
0.0458,17,0,mmwave,4,2.49018,4,2.49018,0,-5,false,-1,-1,-1,-1,measurement,native_mmwave_sinr_report
0.0458,18,0,mmwave,4,1.08673,4,1.08673,0,-5,false,-1,-1,-1,-1,measurement,native_mmwave_sinr_report
0.0458,19,0,mmwave,4,11.2683,4,11.2683,0,-5,false,-1,-1,-1,-1,measurement,native_mmwave_sinr_report
0.0458,20,0,mmwave,4,-1.0284,4,-1.0284,0,-5,false,-1,-1,-1,-1,measurement,native_mmwave_sinr_report
0.0474,16,0,mmwave,4,3.56492,4,3.56492,0,-5,false,-1,-1,-1,-1,measurement,native_mmwave_sinr_report
0.0474,17,0,mmwave,4,2.49224,4,2.49224,0,-5,false,-1,-1,-1,-1,measurement,native_mmwave_sinr_report
0.0474,18,0,mmwave,4,1.08777,4,1.08777,0,-5,false,-1,-1,-1,-1,measurement,native_mmwave_sinr_report
0.0474,19,0,mmwave,4,11.2702,4,11.2702,0,-5,false,-1,-1,-1,-1,measurement,native_mmwave_sinr_report
0.0474,20,0,mmwave,4,-1.0268,4,-1.0268,0,-5,false,-1,-1,-1,-1,measurement,native_mmwave_sinr_report
0.049,16,0,mmwave,4,3.56636,4,3.56636,0,-5,false,-1,-1,-1,-1,measurement,native_mmwave_sinr_report
0.049,17,0,mmwave,4,2.49429,4,2.49429,0,-5,false,-1,-1,-1,-1,measurement,native_mmwave_sinr_report
0.049,18,0,mmwave,4,1.08881,4,1.08881,0,-5,false,-1,-1,-1,-1,measurement,native_mmwave_sinr_report
0.049,19,0,mmwave,4,11.2722,4,11.2722,0,-5,false,-1,-1,-1,-1,measurement,native_mmwave_sinr_report
0.049,20,0,mmwave,4,-1.0252,4,-1.0252,0,-5,false,-1,-1,-1,-1,measurement,native_mmwave_sinr_report
0.0506,16,0,mmwave,4,3.5678,4,3.5678,0,-5,false,-1,-1,-1,-1,measurement,native_mmwave_sinr_report
0.0506,17,0,mmwave,4,2.49634,4,2.49634,0,-5,false,-1,-1,-1,-1,measurement,native_mmwave_sinr_report
0.0506,18,0,mmwave,4,1.08985,4,1.08985,0,-5,false,-1,-1,-1,-1,measurement,native_mmwave_sinr_report
0.0506,19,0,mmwave,4,11.2741,4,11.2741,0,-5,false,-1,-1,-1,-1,measurement,native_mmwave_sinr_report
0.0506,20,0,mmwave,4,-1.0236,4,-1.0236,0,-5,false,-1,-1,-1,-1,measurement,native_mmwave_sinr_report
0.0512155,16,12,mmwave,4,3.5678,4,3.5678,0,-5,false,-1,-1,-1,-1,attach,mmwave_connection_reconfigured
0.0512156,17,14,mmwave,4,2.49634,4,2.49634,0,-5,false,-1,-1,-1,-1,attach,mmwave_connection_reconfigured
0.0512156,18,2,mmwave,4,1.08985,4,1.08985,0,-5,false,-1,-1,-1,-1,attach,mmwave_connection_reconfigured
0.0512157,19,7,mmwave,4,11.2741,4,11.2741,0,-5,false,-1,-1,-1,-1,attach,mmwave_connection_reconfigured
0.0522,16,12,mmwave,4,3.56925,4,3.56925,0,-5,false,-1,-1,-1,-1,measurement,native_mmwave_sinr_report
0.0522,17,14,mmwave,4,2.4984,4,2.4984,0,-5,false,-1,-1,-1,-1,measurement,native_mmwave_sinr_report
0.0522,18,2,mmwave,4,1.09089,4,1.09089,0,-5,false,-1,-1,-1,-1,measurement,native_mmwave_sinr_report
0.0522,19,7,mmwave,4,11.276,4,11.276,0,-5,false,-1,-1,-1,-1,measurement,native_mmwave_sinr_report
0.0522,20,0,mmwave,4,-1.02199,4,-1.02199,0,-5,false,-1,-1,-1,-1,measurement,native_mmwave_sinr_report
0.0538,16,12,mmwave,4,3.57069,4,3.57069,0,-5,false,-1,-1,-1,-1,measurement,native_mmwave_sinr_report
0.0538,17,14,mmwave,4,2.50045,4,2.50045,0,-5,false,-1,-1,-1,-1,measurement,native_mmwave_sinr_report
0.0538,18,2,mmwave,4,1.09193,4,1.09193,0,-5,false,-1,-1,-1,-1,measurement,native_mmwave_sinr_report
0.0538,19,7,mmwave,4,11.278,4,11.278,0,-5,false,-1,-1,-1,-1,measurement,native_mmwave_sinr_report
0.0538,20,0,mmwave,4,-1.02039,4,-1.02039,0,-5,false,-1,-1,-1,-1,measurement,native_mmwave_sinr_report
0.0542157,19,7,mmwave,4,11.278,4,11.278,0,-5,false,-1,-1,-1,-1,attach,mmwave_connection_reconfigured
0.0554,16,12,mmwave,4,3.57213,4,3.57213,0,-5,false,-1,-1,-1,-1,measurement,native_mmwave_sinr_report
0.0554,17,14,mmwave,4,2.50251,4,2.50251,0,-5,false,-1,-1,-1,-1,measurement,native_mmwave_sinr_report
0.0554,18,2,mmwave,4,1.09297,4,1.09297,0,-5,false,-1,-1,-1,-1,measurement,native_mmwave_sinr_report
0.0554,19,7,mmwave,4,11.2799,4,11.2799,0,-5,false,-1,-1,-1,-1,measurement,native_mmwave_sinr_report
0.0554,20,0,mmwave,4,-1.01879,4,-1.01879,0,-5,false,-1,-1,-1,-1,measurement,native_mmwave_sinr_report
0.0562147,20,19,mmwave,4,-1.01879,4,-1.01879,0,-5,false,-1,-1,-1,-1,attach,mmwave_connection_reconfigured
0.057,16,12,mmwave,4,3.57358,4,3.57358,0,-5,false,-1,-1,-1,-1,measurement,native_mmwave_sinr_report
0.057,17,14,mmwave,4,2.50456,4,2.50456,0,-5,false,-1,-1,-1,-1,measurement,native_mmwave_sinr_report
0.057,18,2,mmwave,4,1.09401,4,1.09401,0,-5,false,-1,-1,-1,-1,measurement,native_mmwave_sinr_report
0.057,19,7,mmwave,4,11.2819,4,11.2819,0,-5,false,-1,-1,-1,-1,measurement,native_mmwave_sinr_report
0.057,20,19,mmwave,4,-1.01719,4,-1.01719,0,-5,false,-1,-1,-1,-1,measurement,native_mmwave_sinr_report
0.0586,16,12,mmwave,4,3.57502,4,3.57502,0,-5,false,-1,-1,-1,-1,measurement,native_mmwave_sinr_report
0.0586,17,14,mmwave,4,2.50662,4,2.50662,0,-5,false,-1,-1,-1,-1,measurement,native_mmwave_sinr_report
0.0586,18,2,mmwave,4,1.09505,4,1.09505,0,-5,false,-1,-1,-1,-1,measurement,native_mmwave_sinr_report
0.0586,19,7,mmwave,4,11.2838,4,11.2838,0,-5,false,-1,-1,-1,-1,measurement,native_mmwave_sinr_report
0.0586,20,19,mmwave,4,-1.01558,4,-1.01558,0,-5,false,-1,-1,-1,-1,measurement,native_mmwave_sinr_report
0.0602,16,12,mmwave,4,3.57646,4,3.57646,0,-5,false,-1,-1,-1,-1,measurement,native_mmwave_sinr_report
0.0602,17,14,mmwave,4,2.50867,4,2.50867,0,-5,false,-1,-1,-1,-1,measurement,native_mmwave_sinr_report
0.0602,18,2,mmwave,4,1.09609,4,1.09609,0,-5,false,-1,-1,-1,-1,measurement,native_mmwave_sinr_report
0.0602,19,7,mmwave,4,11.2857,4,11.2857,0,-5,false,-1,-1,-1,-1,measurement,native_mmwave_sinr_report
0.0602,20,19,mmwave,4,-1.01398,4,-1.01398,0,-5,false,-1,-1,-1,-1,measurement,native_mmwave_sinr_report
0.0618,16,12,mmwave,4,3.57791,4,3.57791,0,-5,false,-1,-1,-1,-1,measurement,native_mmwave_sinr_report
0.0618,17,14,mmwave,4,2.51073,4,2.51073,0,-5,false,-1,-1,-1,-1,measurement,native_mmwave_sinr_report
0.0618,18,2,mmwave,4,1.09713,4,1.09713,0,-5,false,-1,-1,-1,-1,measurement,native_mmwave_sinr_report
0.0618,19,7,mmwave,4,11.2877,4,11.2877,0,-5,false,-1,-1,-1,-1,measurement,native_mmwave_sinr_report
0.0618,20,19,mmwave,4,-1.01238,4,-1.01238,0,-5,false,-1,-1,-1,-1,measurement,native_mmwave_sinr_report
0.0634,16,12,mmwave,4,3.57935,4,3.57935,0,-5,false,-1,-1,-1,-1,measurement,native_mmwave_sinr_report
0.0634,17,14,mmwave,4,2.51279,4,2.51279,0,-5,false,-1,-1,-1,-1,measurement,native_mmwave_sinr_report
0.0634,18,2,mmwave,4,1.09817,4,1.09817,0,-5,false,-1,-1,-1,-1,measurement,native_mmwave_sinr_report
0.0634,19,7,mmwave,4,11.2896,4,11.2896,0,-5,false,-1,-1,-1,-1,measurement,native_mmwave_sinr_report
0.0634,20,19,mmwave,4,-1.01078,4,-1.01078,0,-5,false,-1,-1,-1,-1,measurement,native_mmwave_sinr_report
0.065,16,12,mmwave,4,3.58079,4,3.58079,0,-5,false,-1,-1,-1,-1,measurement,native_mmwave_sinr_report
0.065,17,14,mmwave,4,2.51484,4,2.51484,0,-5,false,-1,-1,-1,-1,measurement,native_mmwave_sinr_report
0.065,18,2,mmwave,4,1.09921,4,1.09921,0,-5,false,-1,-1,-1,-1,measurement,native_mmwave_sinr_report
0.065,19,7,mmwave,4,11.2915,4,11.2915,0,-5,false,-1,-1,-1,-1,measurement,native_mmwave_sinr_report
0.065,20,19,mmwave,4,-1.00917,4,-1.00917,0,-5,false,-1,-1,-1,-1,measurement,native_mmwave_sinr_report
0.0666,16,12,mmwave,4,3.58224,4,3.58224,0,-5,false,-1,-1,-1,-1,measurement,native_mmwave_sinr_report
0.0666,17,14,mmwave,4,2.5169,4,2.5169,0,-5,false,-1,-1,-1,-1,measurement,native_mmwave_sinr_report
0.0666,18,2,mmwave,4,1.10025,4,1.10025,0,-5,false,-1,-1,-1,-1,measurement,native_mmwave_sinr_report
0.0666,19,7,mmwave,4,11.2935,4,11.2935,0,-5,false,-1,-1,-1,-1,measurement,native_mmwave_sinr_report
0.0666,20,19,mmwave,4,-1.00757,4,-1.00757,0,-5,false,-1,-1,-1,-1,measurement,native_mmwave_sinr_report
0.0682,16,12,mmwave,4,3.58368,4,3.58368,0,-5,false,-1,-1,-1,-1,measurement,native_mmwave_sinr_report
0.0682,17,14,mmwave,4,2.51896,4,2.51896,0,-5,false,-1,-1,-1,-1,measurement,native_mmwave_sinr_report
0.0682,18,2,mmwave,4,1.10129,4,1.10129,0,-5,false,-1,-1,-1,-1,measurement,native_mmwave_sinr_report
0.0682,19,7,mmwave,4,11.2954,4,11.2954,0,-5,false,-1,-1,-1,-1,measurement,native_mmwave_sinr_report
0.0682,20,19,mmwave,4,-1.00597,4,-1.00597,0,-5,false,-1,-1,-1,-1,measurement,native_mmwave_sinr_report
0.0698,16,12,mmwave,4,3.58512,4,3.58512,0,-5,false,-1,-1,-1,-1,measurement,native_mmwave_sinr_report
0.0698,17,14,mmwave,4,2.52101,4,2.52101,0,-5,false,-1,-1,-1,-1,measurement,native_mmwave_sinr_report
0.0698,18,2,mmwave,4,1.10233,4,1.10233,0,-5,false,-1,-1,-1,-1,measurement,native_mmwave_sinr_report
0.0698,19,7,mmwave,4,11.2974,4,11.2974,0,-5,false,-1,-1,-1,-1,measurement,native_mmwave_sinr_report
0.0698,20,19,mmwave,4,-1.00436,4,-1.00436,0,-5,false,-1,-1,-1,-1,measurement,native_mmwave_sinr_report
0.0714,16,12,mmwave,4,3.58657,4,3.58657,0,-5,false,-1,-1,-1,-1,measurement,native_mmwave_sinr_report
0.0714,17,14,mmwave,4,2.52307,4,2.52307,0,-5,false,-1,-1,-1,-1,measurement,native_mmwave_sinr_report
0.0714,18,2,mmwave,4,1.10337,4,1.10337,0,-5,false,-1,-1,-1,-1,measurement,native_mmwave_sinr_report
0.0714,19,7,mmwave,4,11.2993,4,11.2993,0,-5,false,-1,-1,-1,-1,measurement,native_mmwave_sinr_report
0.0714,20,19,mmwave,4,-1.00276,4,-1.00276,0,-5,false,-1,-1,-1,-1,measurement,native_mmwave_sinr_report
0.073,16,12,mmwave,4,3.58801,4,3.58801,0,-5,false,-1,-1,-1,-1,measurement,native_mmwave_sinr_report
0.073,17,14,mmwave,4,2.52513,4,2.52513,0,-5,false,-1,-1,-1,-1,measurement,native_mmwave_sinr_report
0.073,18,2,mmwave,4,1.10441,4,1.10441,0,-5,false,-1,-1,-1,-1,measurement,native_mmwave_sinr_report
0.073,19,7,mmwave,4,11.3012,4,11.3012,0,-5,false,-1,-1,-1,-1,measurement,native_mmwave_sinr_report
0.073,20,19,mmwave,4,-1.00115,4,-1.00115,0,-5,false,-1,-1,-1,-1,measurement,native_mmwave_sinr_report
0.0746,16,12,mmwave,4,3.58946,4,3.58946,0,-5,false,-1,-1,-1,-1,measurement,native_mmwave_sinr_report
0.0746,17,14,mmwave,4,2.52719,4,2.52719,0,-5,false,-1,-1,-1,-1,measurement,native_mmwave_sinr_report
0.0746,18,2,mmwave,4,1.10545,4,1.10545,0,-5,false,-1,-1,-1,-1,measurement,native_mmwave_sinr_report
0.0746,19,7,mmwave,4,11.3032,4,11.3032,0,-5,false,-1,-1,-1,-1,measurement,native_mmwave_sinr_report
0.0746,20,19,mmwave,4,-0.999549,4,-0.999549,0,-5,false,-1,-1,-1,-1,measurement,native_mmwave_sinr_report
0.0762,16,12,mmwave,4,3.5909,4,3.5909,0,-5,false,-1,-1,-1,-1,measurement,native_mmwave_sinr_report
0.0762,17,14,mmwave,4,2.52925,4,2.52925,0,-5,false,-1,-1,-1,-1,measurement,native_mmwave_sinr_report
0.0762,18,2,mmwave,4,1.10649,4,1.10649,0,-5,false,-1,-1,-1,-1,measurement,native_mmwave_sinr_report
0.0762,19,7,mmwave,4,11.3051,4,11.3051,0,-5,false,-1,-1,-1,-1,measurement,native_mmwave_sinr_report
0.0762,20,19,mmwave,4,-0.997945,4,-0.997945,0,-5,false,-1,-1,-1,-1,measurement,native_mmwave_sinr_report
0.0778,16,12,mmwave,4,3.59235,4,3.59235,0,-5,false,-1,-1,-1,-1,measurement,native_mmwave_sinr_report
0.0778,17,14,mmwave,4,2.53131,4,2.53131,0,-5,false,-1,-1,-1,-1,measurement,native_mmwave_sinr_report
0.0778,18,2,mmwave,4,1.10753,4,1.10753,0,-5,false,-1,-1,-1,-1,measurement,native_mmwave_sinr_report
0.0778,19,7,mmwave,4,11.3071,4,11.3071,0,-5,false,-1,-1,-1,-1,measurement,native_mmwave_sinr_report
0.0778,20,19,mmwave,4,-0.99634,4,-0.99634,0,-5,false,-1,-1,-1,-1,measurement,native_mmwave_sinr_report
0.0794,16,12,mmwave,4,3.59379,4,3.59379,0,-5,false,-1,-1,-1,-1,measurement,native_mmwave_sinr_report
0.0794,17,14,mmwave,4,2.53337,4,2.53337,0,-5,false,-1,-1,-1,-1,measurement,native_mmwave_sinr_report
0.0794,18,2,mmwave,4,1.10857,4,1.10857,0,-5,false,-1,-1,-1,-1,measurement,native_mmwave_sinr_report
0.0794,19,7,mmwave,4,11.309,4,11.309,0,-5,false,-1,-1,-1,-1,measurement,native_mmwave_sinr_report
0.0794,20,19,mmwave,4,-0.994735,4,-0.994735,0,-5,false,-1,-1,-1,-1,measurement,native_mmwave_sinr_report
0.081,16,12,mmwave,4,3.59524,4,3.59524,0,-5,false,-1,-1,-1,-1,measurement,native_mmwave_sinr_report
0.081,17,14,mmwave,4,2.53542,4,2.53542,0,-5,false,-1,-1,-1,-1,measurement,native_mmwave_sinr_report
0.081,18,2,mmwave,4,1.10961,4,1.10961,0,-5,false,-1,-1,-1,-1,measurement,native_mmwave_sinr_report
0.081,19,7,mmwave,4,11.3109,4,11.3109,0,-5,false,-1,-1,-1,-1,measurement,native_mmwave_sinr_report
0.081,20,19,mmwave,4,-0.99313,4,-0.99313,0,-5,false,-1,-1,-1,-1,measurement,native_mmwave_sinr_report
0.0826,16,12,mmwave,4,3.59668,4,3.59668,0,-5,false,-1,-1,-1,-1,measurement,native_mmwave_sinr_report
0.0826,17,14,mmwave,4,2.53748,4,2.53748,0,-5,false,-1,-1,-1,-1,measurement,native_mmwave_sinr_report
0.0826,18,2,mmwave,4,1.11066,4,1.11066,0,-5,false,-1,-1,-1,-1,measurement,native_mmwave_sinr_report
0.0826,19,7,mmwave,4,11.3129,4,11.3129,0,-5,false,-1,-1,-1,-1,measurement,native_mmwave_sinr_report
0.0826,20,19,mmwave,4,-0.991525,4,-0.991525,0,-5,false,-1,-1,-1,-1,measurement,native_mmwave_sinr_report
0.0842,16,12,mmwave,4,3.59813,4,3.59813,0,-5,false,-1,-1,-1,-1,measurement,native_mmwave_sinr_report
0.0842,17,14,mmwave,4,2.53954,4,2.53954,0,-5,false,-1,-1,-1,-1,measurement,native_mmwave_sinr_report
0.0842,18,2,mmwave,4,1.1117,4,1.1117,0,-5,false,-1,-1,-1,-1,measurement,native_mmwave_sinr_report
0.0842,19,7,mmwave,4,11.3148,4,11.3148,0,-5,false,-1,-1,-1,-1,measurement,native_mmwave_sinr_report
0.0842,20,19,mmwave,4,-0.98992,4,-0.98992,0,-5,false,-1,-1,-1,-1,measurement,native_mmwave_sinr_report
0.0858,16,12,mmwave,4,3.59957,4,3.59957,0,-5,false,-1,-1,-1,-1,measurement,native_mmwave_sinr_report
0.0858,17,14,mmwave,4,2.5416,4,2.5416,0,-5,false,-1,-1,-1,-1,measurement,native_mmwave_sinr_report
0.0858,18,2,mmwave,4,1.11274,4,1.11274,0,-5,false,-1,-1,-1,-1,measurement,native_mmwave_sinr_report
0.0858,19,7,mmwave,4,11.3168,4,11.3168,0,-5,false,-1,-1,-1,-1,measurement,native_mmwave_sinr_report
0.0858,20,19,mmwave,4,-0.988315,4,-0.988315,0,-5,false,-1,-1,-1,-1,measurement,native_mmwave_sinr_report
0.0874,16,12,mmwave,4,3.60102,4,3.60102,0,-5,false,-1,-1,-1,-1,measurement,native_mmwave_sinr_report
0.0874,17,14,mmwave,4,2.54367,4,2.54367,0,-5,false,-1,-1,-1,-1,measurement,native_mmwave_sinr_report
0.0874,18,2,mmwave,4,1.11378,4,1.11378,0,-5,false,-1,-1,-1,-1,measurement,native_mmwave_sinr_report
0.0874,19,7,mmwave,4,11.3187,4,11.3187,0,-5,false,-1,-1,-1,-1,measurement,native_mmwave_sinr_report
0.0874,20,19,mmwave,4,-0.986709,4,-0.986709,0,-5,false,-1,-1,-1,-1,measurement,native_mmwave_sinr_report
0.089,16,12,mmwave,4,3.60246,4,3.60246,0,-5,false,-1,-1,-1,-1,measurement,native_mmwave_sinr_report
0.089,17,14,mmwave,4,2.54573,4,2.54573,0,-5,false,-1,-1,-1,-1,measurement,native_mmwave_sinr_report
0.089,18,2,mmwave,4,1.11482,4,1.11482,0,-5,false,-1,-1,-1,-1,measurement,native_mmwave_sinr_report
0.089,19,7,mmwave,4,11.3206,4,11.3206,0,-5,false,-1,-1,-1,-1,measurement,native_mmwave_sinr_report
0.089,20,19,mmwave,4,-0.985103,4,-0.985103,0,-5,false,-1,-1,-1,-1,measurement,native_mmwave_sinr_report
0.0906,16,12,mmwave,4,3.60391,4,3.60391,0,-5,false,-1,-1,-1,-1,measurement,native_mmwave_sinr_report
0.0906,17,14,mmwave,4,2.54779,4,2.54779,0,-5,false,-1,-1,-1,-1,measurement,native_mmwave_sinr_report
0.0906,18,2,mmwave,4,1.11586,4,1.11586,0,-5,false,-1,-1,-1,-1,measurement,native_mmwave_sinr_report
0.0906,19,7,mmwave,4,11.3226,4,11.3226,0,-5,false,-1,-1,-1,-1,measurement,native_mmwave_sinr_report
0.0906,20,19,mmwave,4,-0.983497,4,-0.983497,0,-5,false,-1,-1,-1,-1,measurement,native_mmwave_sinr_report
0.0922,16,12,mmwave,4,3.60536,4,3.60536,0,-5,false,-1,-1,-1,-1,measurement,native_mmwave_sinr_report
0.0922,17,14,mmwave,4,2.54985,4,2.54985,0,-5,false,-1,-1,-1,-1,measurement,native_mmwave_sinr_report
0.0922,18,2,mmwave,4,1.1169,4,1.1169,0,-5,false,-1,-1,-1,-1,measurement,native_mmwave_sinr_report
0.0922,19,7,mmwave,4,11.3245,4,11.3245,0,-5,false,-1,-1,-1,-1,measurement,native_mmwave_sinr_report
0.0922,20,19,mmwave,4,-0.981891,4,-0.981891,0,-5,false,-1,-1,-1,-1,measurement,native_mmwave_sinr_report
0.0938,16,12,mmwave,4,3.6068,4,3.6068,0,-5,false,-1,-1,-1,-1,measurement,native_mmwave_sinr_report
0.0938,17,14,mmwave,4,2.55191,4,2.55191,0,-5,false,-1,-1,-1,-1,measurement,native_mmwave_sinr_report
0.0938,18,2,mmwave,4,1.11794,4,1.11794,0,-5,false,-1,-1,-1,-1,measurement,native_mmwave_sinr_report
0.0938,19,7,mmwave,4,11.3265,4,11.3265,0,-5,false,-1,-1,-1,-1,measurement,native_mmwave_sinr_report
0.0938,20,19,mmwave,4,-0.980285,4,-0.980285,0,-5,false,-1,-1,-1,-1,measurement,native_mmwave_sinr_report
0.0954,16,12,mmwave,4,3.60825,4,3.60825,0,-5,false,-1,-1,-1,-1,measurement,native_mmwave_sinr_report
0.0954,17,14,mmwave,4,2.55397,4,2.55397,0,-5,false,-1,-1,-1,-1,measurement,native_mmwave_sinr_report
0.0954,18,2,mmwave,4,1.11899,4,1.11899,0,-5,false,-1,-1,-1,-1,measurement,native_mmwave_sinr_report
0.0954,19,7,mmwave,4,11.3284,4,11.3284,0,-5,false,-1,-1,-1,-1,measurement,native_mmwave_sinr_report
0.0954,20,19,mmwave,4,-0.978679,4,-0.978679,0,-5,false,-1,-1,-1,-1,measurement,native_mmwave_sinr_report
0.097,16,12,mmwave,4,3.60969,4,3.60969,0,-5,false,-1,-1,-1,-1,measurement,native_mmwave_sinr_report
0.097,17,14,mmwave,4,2.55603,4,2.55603,0,-5,false,-1,-1,-1,-1,measurement,native_mmwave_sinr_report
0.097,18,2,mmwave,4,1.12003,4,1.12003,0,-5,false,-1,-1,-1,-1,measurement,native_mmwave_sinr_report
0.097,19,7,mmwave,4,11.3304,4,11.3304,0,-5,false,-1,-1,-1,-1,measurement,native_mmwave_sinr_report
0.097,20,19,mmwave,4,-0.977072,4,-0.977072,0,-5,false,-1,-1,-1,-1,measurement,native_mmwave_sinr_report
0.0986,16,12,mmwave,4,3.61114,4,3.61114,0,-5,false,-1,-1,-1,-1,measurement,native_mmwave_sinr_report
0.0986,17,14,mmwave,4,2.5581,4,2.5581,0,-5,false,-1,-1,-1,-1,measurement,native_mmwave_sinr_report
0.0986,18,2,mmwave,4,1.12107,4,1.12107,0,-5,false,-1,-1,-1,-1,measurement,native_mmwave_sinr_report
0.0986,19,7,mmwave,4,11.3323,4,11.3323,0,-5,false,-1,-1,-1,-1,measurement,native_mmwave_sinr_report
0.0986,20,19,mmwave,4,-0.975465,4,-0.975465,0,-5,false,-1,-1,-1,-1,measurement,native_mmwave_sinr_report
0.1002,16,12,mmwave,4,3.61259,4,3.61259,0,-5,false,-1,-1,-1,-1,measurement,native_mmwave_sinr_report
0.1002,17,14,mmwave,4,2.56016,4,2.56016,0,-5,false,-1,-1,-1,-1,measurement,native_mmwave_sinr_report
0.1002,18,2,mmwave,4,1.12211,4,1.12211,0,-5,false,-1,-1,-1,-1,measurement,native_mmwave_sinr_report
0.1002,19,7,mmwave,4,11.3342,4,11.3342,0,-5,false,-1,-1,-1,-1,measurement,native_mmwave_sinr_report
0.1002,20,19,mmwave,4,-0.973858,4,-0.973858,0,-5,false,-1,-1,-1,-1,measurement,native_mmwave_sinr_report
0.1018,16,12,mmwave,4,3.61403,4,3.61403,0,-5,false,-1,-1,-1,-1,measurement,native_mmwave_sinr_report
0.1018,17,14,mmwave,4,2.56222,4,2.56222,0,-5,false,-1,-1,-1,-1,measurement,native_mmwave_sinr_report
0.1018,18,2,mmwave,4,1.12315,4,1.12315,0,-5,false,-1,-1,-1,-1,measurement,native_mmwave_sinr_report
0.1018,19,7,mmwave,4,0.204598,4,0.204598,0,-5,false,-1,-1,-1,-1,measurement,native_mmwave_sinr_report
0.1018,20,19,mmwave,4,-0.972251,4,-0.972251,0,-5,false,-1,-1,-1,-1,measurement,native_mmwave_sinr_report
0.1034,16,12,mmwave,4,3.61548,4,3.61548,0,-5,false,-1,-1,-1,-1,measurement,native_mmwave_sinr_report
0.1034,17,14,mmwave,4,2.56429,4,2.56429,0,-5,false,-1,-1,-1,-1,measurement,native_mmwave_sinr_report
0.1034,18,2,mmwave,4,1.1242,4,1.1242,0,-5,false,-1,-1,-1,-1,measurement,native_mmwave_sinr_report
0.1034,19,7,mmwave,4,0.206313,4,0.206313,0,-5,false,-1,-1,-1,-1,measurement,native_mmwave_sinr_report
0.1034,20,19,mmwave,4,-0.970644,4,-0.970644,0,-5,false,-1,-1,-1,-1,measurement,native_mmwave_sinr_report
0.105,16,12,mmwave,4,3.61693,4,3.61693,0,-5,false,-1,-1,-1,-1,measurement,native_mmwave_sinr_report
0.105,17,14,mmwave,4,2.56635,4,2.56635,0,-5,false,-1,-1,-1,-1,measurement,native_mmwave_sinr_report
0.105,18,2,mmwave,4,1.12524,4,1.12524,0,-5,false,-1,-1,-1,-1,measurement,native_mmwave_sinr_report
0.105,19,7,mmwave,4,0.208029,4,0.208029,0,-5,false,-1,-1,-1,-1,measurement,native_mmwave_sinr_report
0.105,20,19,mmwave,4,-0.969037,4,-0.969037,0,-5,false,-1,-1,-1,-1,measurement,native_mmwave_sinr_report
0.1066,16,12,mmwave,4,3.61837,4,3.61837,0,-5,false,-1,-1,-1,-1,measurement,native_mmwave_sinr_report
0.1066,17,14,mmwave,4,2.56841,4,2.56841,0,-5,false,-1,-1,-1,-1,measurement,native_mmwave_sinr_report
0.1066,18,2,mmwave,4,1.12628,4,1.12628,0,-5,false,-1,-1,-1,-1,measurement,native_mmwave_sinr_report
0.1066,19,7,mmwave,4,0.209744,4,0.209744,0,-5,false,-1,-1,-1,-1,measurement,native_mmwave_sinr_report
0.1066,20,19,mmwave,4,-0.967429,4,-0.967429,0,-5,false,-1,-1,-1,-1,measurement,native_mmwave_sinr_report
0.1082,16,12,mmwave,4,3.61982,4,3.61982,0,-5,false,-1,-1,-1,-1,measurement,native_mmwave_sinr_report
0.1082,17,14,mmwave,4,2.57048,4,2.57048,0,-5,false,-1,-1,-1,-1,measurement,native_mmwave_sinr_report
0.1082,18,2,mmwave,4,1.12732,4,1.12732,0,-5,false,-1,-1,-1,-1,measurement,native_mmwave_sinr_report
0.1082,19,7,mmwave,4,0.21146,4,0.21146,0,-5,false,-1,-1,-1,-1,measurement,native_mmwave_sinr_report
0.1082,20,19,mmwave,4,-0.965821,4,-0.965821,0,-5,false,-1,-1,-1,-1,measurement,native_mmwave_sinr_report
0.1098,16,12,mmwave,4,3.62127,4,3.62127,0,-5,false,-1,-1,-1,-1,measurement,native_mmwave_sinr_report
0.1098,17,14,mmwave,4,2.57254,4,2.57254,0,-5,false,-1,-1,-1,-1,measurement,native_mmwave_sinr_report
0.1098,18,2,mmwave,4,1.12836,4,1.12836,0,-5,false,-1,-1,-1,-1,measurement,native_mmwave_sinr_report
0.1098,19,7,mmwave,4,0.213176,4,0.213176,0,-5,false,-1,-1,-1,-1,measurement,native_mmwave_sinr_report
0.1098,20,19,mmwave,4,-0.964213,4,-0.964213,0,-5,false,-1,-1,-1,-1,measurement,native_mmwave_sinr_report
0.1114,16,12,mmwave,4,3.62272,4,3.62272,0,-5,false,-1,-1,-1,-1,measurement,native_mmwave_sinr_report
0.1114,17,14,mmwave,4,2.57461,4,2.57461,0,-5,false,-1,-1,-1,-1,measurement,native_mmwave_sinr_report
0.1114,18,2,mmwave,4,1.12941,4,1.12941,0,-5,false,-1,-1,-1,-1,measurement,native_mmwave_sinr_report
0.1114,19,7,mmwave,4,0.214892,4,0.214892,0,-5,false,-1,-1,-1,-1,measurement,native_mmwave_sinr_report
0.1114,20,19,mmwave,4,-0.962605,4,-0.962605,0,-5,false,-1,-1,-1,-1,measurement,native_mmwave_sinr_report
0.113,16,12,mmwave,4,3.62416,4,3.62416,0,-5,false,-1,-1,-1,-1,measurement,native_mmwave_sinr_report
0.113,17,14,mmwave,4,2.57667,4,2.57667,0,-5,false,-1,-1,-1,-1,measurement,native_mmwave_sinr_report
0.113,18,2,mmwave,4,1.13045,4,1.13045,0,-5,false,-1,-1,-1,-1,measurement,native_mmwave_sinr_report
0.113,19,7,mmwave,4,0.216608,4,0.216608,0,-5,false,-1,-1,-1,-1,measurement,native_mmwave_sinr_report
0.113,20,19,mmwave,4,-0.960997,4,-0.960997,0,-5,false,-1,-1,-1,-1,measurement,native_mmwave_sinr_report
0.1146,16,12,mmwave,4,3.62561,4,3.62561,0,-5,false,-1,-1,-1,-1,measurement,native_mmwave_sinr_report
0.1146,17,14,mmwave,4,2.57874,4,2.57874,0,-5,false,-1,-1,-1,-1,measurement,native_mmwave_sinr_report
0.1146,18,2,mmwave,4,1.13149,4,1.13149,0,-5,false,-1,-1,-1,-1,measurement,native_mmwave_sinr_report
0.1146,19,7,mmwave,4,0.218325,4,0.218325,0,-5,false,-1,-1,-1,-1,measurement,native_mmwave_sinr_report
0.1146,20,19,mmwave,4,-0.959389,4,-0.959389,0,-5,false,-1,-1,-1,-1,measurement,native_mmwave_sinr_report
0.1162,16,12,mmwave,4,3.62706,4,3.62706,0,-5,false,-1,-1,-1,-1,measurement,native_mmwave_sinr_report
0.1162,17,14,mmwave,4,2.5808,4,2.5808,0,-5,false,-1,-1,-1,-1,measurement,native_mmwave_sinr_report
0.1162,18,2,mmwave,4,1.13253,4,1.13253,0,-5,false,-1,-1,-1,-1,measurement,native_mmwave_sinr_report
0.1162,19,7,mmwave,4,0.220041,4,0.220041,0,-5,false,-1,-1,-1,-1,measurement,native_mmwave_sinr_report
0.1162,20,19,mmwave,4,-0.95778,4,-0.95778,0,-5,false,-1,-1,-1,-1,measurement,native_mmwave_sinr_report
0.1178,16,12,mmwave,4,3.62851,4,3.62851,0,-5,false,-1,-1,-1,-1,measurement,native_mmwave_sinr_report
0.1178,17,14,mmwave,4,2.58287,4,2.58287,0,-5,false,-1,-1,-1,-1,measurement,native_mmwave_sinr_report
0.1178,18,2,mmwave,4,1.13358,4,1.13358,0,-5,false,-1,-1,-1,-1,measurement,native_mmwave_sinr_report
0.1178,19,7,mmwave,4,0.221758,4,0.221758,0,-5,false,-1,-1,-1,-1,measurement,native_mmwave_sinr_report
0.1178,20,19,mmwave,4,-0.956171,4,-0.956171,0,-5,false,-1,-1,-1,-1,measurement,native_mmwave_sinr_report
0.1194,16,12,mmwave,4,3.62996,4,3.62996,0,-5,false,-1,-1,-1,-1,measurement,native_mmwave_sinr_report
0.1194,17,14,mmwave,4,2.58493,4,2.58493,0,-5,false,-1,-1,-1,-1,measurement,native_mmwave_sinr_report
0.1194,18,2,mmwave,4,1.13462,4,1.13462,0,-5,false,-1,-1,-1,-1,measurement,native_mmwave_sinr_report
0.1194,19,7,mmwave,4,0.223475,4,0.223475,0,-5,false,-1,-1,-1,-1,measurement,native_mmwave_sinr_report
0.1194,20,19,mmwave,4,-0.954562,4,-0.954562,0,-5,false,-1,-1,-1,-1,measurement,native_mmwave_sinr_report
0.121,16,12,mmwave,4,3.6314,4,3.6314,0,-5,false,-1,-1,-1,-1,measurement,native_mmwave_sinr_report
0.121,17,14,mmwave,4,2.587,4,2.587,0,-5,false,-1,-1,-1,-1,measurement,native_mmwave_sinr_report
0.121,18,2,mmwave,4,1.13566,4,1.13566,0,-5,false,-1,-1,-1,-1,measurement,native_mmwave_sinr_report
0.121,19,7,mmwave,4,0.225192,4,0.225192,0,-5,false,-1,-1,-1,-1,measurement,native_mmwave_sinr_report
0.121,20,19,mmwave,4,-0.952953,4,-0.952953,0,-5,false,-1,-1,-1,-1,measurement,native_mmwave_sinr_report
0.1226,16,12,mmwave,4,3.63285,4,3.63285,0,-5,false,-1,-1,-1,-1,measurement,native_mmwave_sinr_report
0.1226,17,14,mmwave,4,2.58907,4,2.58907,0,-5,false,-1,-1,-1,-1,measurement,native_mmwave_sinr_report
0.1226,18,2,mmwave,4,1.1367,4,1.1367,0,-5,false,-1,-1,-1,-1,measurement,native_mmwave_sinr_report
0.1226,19,7,mmwave,4,0.22691,4,0.22691,0,-5,false,-1,-1,-1,-1,measurement,native_mmwave_sinr_report
0.1226,20,19,mmwave,4,-0.951344,4,-0.951344,0,-5,false,-1,-1,-1,-1,measurement,native_mmwave_sinr_report
0.1242,16,12,mmwave,4,3.6343,4,3.6343,0,-5,false,-1,-1,-1,-1,measurement,native_mmwave_sinr_report
0.1242,17,14,mmwave,4,2.59113,4,2.59113,0,-5,false,-1,-1,-1,-1,measurement,native_mmwave_sinr_report
0.1242,18,2,mmwave,4,1.13775,4,1.13775,0,-5,false,-1,-1,-1,-1,measurement,native_mmwave_sinr_report
0.1242,19,7,mmwave,4,0.228628,4,0.228628,0,-5,false,-1,-1,-1,-1,measurement,native_mmwave_sinr_report
0.1242,20,19,mmwave,4,-0.949735,4,-0.949735,0,-5,false,-1,-1,-1,-1,measurement,native_mmwave_sinr_report
0.1258,16,12,mmwave,4,3.63575,4,3.63575,0,-5,false,-1,-1,-1,-1,measurement,native_mmwave_sinr_report
0.1258,17,14,mmwave,4,2.5932,4,2.5932,0,-5,false,-1,-1,-1,-1,measurement,native_mmwave_sinr_report
0.1258,18,2,mmwave,4,1.13879,4,1.13879,0,-5,false,-1,-1,-1,-1,measurement,native_mmwave_sinr_report
0.1258,19,7,mmwave,4,0.230345,4,0.230345,0,-5,false,-1,-1,-1,-1,measurement,native_mmwave_sinr_report
0.1258,20,19,mmwave,4,-0.948125,4,-0.948125,0,-5,false,-1,-1,-1,-1,measurement,native_mmwave_sinr_report
0.1274,16,12,mmwave,4,3.6372,4,3.6372,0,-5,false,-1,-1,-1,-1,measurement,native_mmwave_sinr_report
0.1274,17,14,mmwave,4,2.59527,4,2.59527,0,-5,false,-1,-1,-1,-1,measurement,native_mmwave_sinr_report
0.1274,18,2,mmwave,4,1.13983,4,1.13983,0,-5,false,-1,-1,-1,-1,measurement,native_mmwave_sinr_report
0.1274,19,7,mmwave,4,0.232063,4,0.232063,0,-5,false,-1,-1,-1,-1,measurement,native_mmwave_sinr_report
0.1274,20,19,mmwave,4,-0.946515,4,-0.946515,0,-5,false,-1,-1,-1,-1,measurement,native_mmwave_sinr_report
0.129,16,12,mmwave,4,3.63865,4,3.63865,0,-5,false,-1,-1,-1,-1,measurement,native_mmwave_sinr_report
0.129,17,14,mmwave,4,2.59734,4,2.59734,0,-5,false,-1,-1,-1,-1,measurement,native_mmwave_sinr_report
0.129,18,2,mmwave,4,1.14088,4,1.14088,0,-5,false,-1,-1,-1,-1,measurement,native_mmwave_sinr_report
0.129,19,7,mmwave,4,0.233782,4,0.233782,0,-5,false,-1,-1,-1,-1,measurement,native_mmwave_sinr_report
0.129,20,19,mmwave,4,-0.944906,4,-0.944906,0,-5,false,-1,-1,-1,-1,measurement,native_mmwave_sinr_report
0.1306,16,12,mmwave,4,3.6401,4,3.6401,0,-5,false,-1,-1,-1,-1,measurement,native_mmwave_sinr_report
0.1306,17,14,mmwave,4,2.5994,4,2.5994,0,-5,false,-1,-1,-1,-1,measurement,native_mmwave_sinr_report
0.1306,18,2,mmwave,4,1.14192,4,1.14192,0,-5,false,-1,-1,-1,-1,measurement,native_mmwave_sinr_report
0.1306,19,7,mmwave,4,0.2355,4,0.2355,0,-5,false,-1,-1,-1,-1,measurement,native_mmwave_sinr_report
0.1306,20,19,mmwave,4,-0.943296,4,-0.943296,0,-5,false,-1,-1,-1,-1,measurement,native_mmwave_sinr_report
0.1322,16,12,mmwave,4,3.64155,4,3.64155,0,-5,false,-1,-1,-1,-1,measurement,native_mmwave_sinr_report
0.1322,17,14,mmwave,4,2.60147,4,2.60147,0,-5,false,-1,-1,-1,-1,measurement,native_mmwave_sinr_report
0.1322,18,2,mmwave,4,1.14296,4,1.14296,0,-5,false,-1,-1,-1,-1,measurement,native_mmwave_sinr_report
0.1322,19,7,mmwave,4,0.237219,4,0.237219,0,-5,false,-1,-1,-1,-1,measurement,native_mmwave_sinr_report
0.1322,20,19,mmwave,4,-0.941685,4,-0.941685,0,-5,false,-1,-1,-1,-1,measurement,native_mmwave_sinr_report
0.1338,16,12,mmwave,4,3.643,4,3.643,0,-5,false,-1,-1,-1,-1,measurement,native_mmwave_sinr_report
0.1338,17,14,mmwave,4,2.60354,4,2.60354,0,-5,false,-1,-1,-1,-1,measurement,native_mmwave_sinr_report
0.1338,18,2,mmwave,4,1.14401,4,1.14401,0,-5,false,-1,-1,-1,-1,measurement,native_mmwave_sinr_report
0.1338,19,7,mmwave,4,0.238937,4,0.238937,0,-5,false,-1,-1,-1,-1,measurement,native_mmwave_sinr_report
0.1338,20,19,mmwave,4,-0.940075,4,-0.940075,0,-5,false,-1,-1,-1,-1,measurement,native_mmwave_sinr_report
0.1354,16,12,mmwave,4,3.64445,4,3.64445,0,-5,false,-1,-1,-1,-1,measurement,native_mmwave_sinr_report
0.1354,17,14,mmwave,4,2.60561,4,2.60561,0,-5,false,-1,-1,-1,-1,measurement,native_mmwave_sinr_report
0.1354,18,2,mmwave,4,1.14505,4,1.14505,0,-5,false,-1,-1,-1,-1,measurement,native_mmwave_sinr_report
0.1354,19,7,mmwave,4,0.240656,4,0.240656,0,-5,false,-1,-1,-1,-1,measurement,native_mmwave_sinr_report
0.1354,20,19,mmwave,4,-0.938464,4,-0.938464,0,-5,false,-1,-1,-1,-1,measurement,native_mmwave_sinr_report
0.137,16,12,mmwave,4,3.6459,4,3.6459,0,-5,false,-1,-1,-1,-1,measurement,native_mmwave_sinr_report
0.137,17,14,mmwave,4,2.60768,4,2.60768,0,-5,false,-1,-1,-1,-1,measurement,native_mmwave_sinr_report
0.137,18,2,mmwave,4,1.14609,4,1.14609,0,-5,false,-1,-1,-1,-1,measurement,native_mmwave_sinr_report
0.137,19,7,mmwave,4,0.242376,4,0.242376,0,-5,false,-1,-1,-1,-1,measurement,native_mmwave_sinr_report
0.137,20,19,mmwave,4,-0.936854,4,-0.936854,0,-5,false,-1,-1,-1,-1,measurement,native_mmwave_sinr_report
0.1386,16,12,mmwave,4,3.64735,4,3.64735,0,-5,false,-1,-1,-1,-1,measurement,native_mmwave_sinr_report
0.1386,17,14,mmwave,4,2.60975,4,2.60975,0,-5,false,-1,-1,-1,-1,measurement,native_mmwave_sinr_report
0.1386,18,2,mmwave,4,1.14714,4,1.14714,0,-5,false,-1,-1,-1,-1,measurement,native_mmwave_sinr_report
0.1386,19,7,mmwave,4,0.244095,4,0.244095,0,-5,false,-1,-1,-1,-1,measurement,native_mmwave_sinr_report
0.1386,20,19,mmwave,4,-0.935243,4,-0.935243,0,-5,false,-1,-1,-1,-1,measurement,native_mmwave_sinr_report
0.1402,16,12,mmwave,4,3.64879,4,3.64879,0,-5,false,-1,-1,-1,-1,measurement,native_mmwave_sinr_report
0.1402,17,14,mmwave,4,2.61182,4,2.61182,0,-5,false,-1,-1,-1,-1,measurement,native_mmwave_sinr_report
0.1402,18,2,mmwave,4,1.14818,4,1.14818,0,-5,false,-1,-1,-1,-1,measurement,native_mmwave_sinr_report
0.1402,19,7,mmwave,4,0.245814,4,0.245814,0,-5,false,-1,-1,-1,-1,measurement,native_mmwave_sinr_report
0.1402,20,19,mmwave,4,-0.933632,4,-0.933632,0,-5,false,-1,-1,-1,-1,measurement,native_mmwave_sinr_report
0.1418,16,12,mmwave,4,3.65024,4,3.65024,0,-5,false,-1,-1,-1,-1,measurement,native_mmwave_sinr_report
0.1418,17,14,mmwave,4,2.61389,4,2.61389,0,-5,false,-1,-1,-1,-1,measurement,native_mmwave_sinr_report
0.1418,18,2,mmwave,4,1.14922,4,1.14922,0,-5,false,-1,-1,-1,-1,measurement,native_mmwave_sinr_report
0.1418,19,7,mmwave,4,0.247534,4,0.247534,0,-5,false,-1,-1,-1,-1,measurement,native_mmwave_sinr_report
0.1418,20,19,mmwave,4,-0.93202,4,-0.93202,0,-5,false,-1,-1,-1,-1,measurement,native_mmwave_sinr_report
0.1434,16,12,mmwave,4,3.6517,4,3.6517,0,-5,false,-1,-1,-1,-1,measurement,native_mmwave_sinr_report
0.1434,17,14,mmwave,4,2.61596,4,2.61596,0,-5,false,-1,-1,-1,-1,measurement,native_mmwave_sinr_report
0.1434,18,2,mmwave,4,1.15027,4,1.15027,0,-5,false,-1,-1,-1,-1,measurement,native_mmwave_sinr_report
0.1434,19,7,mmwave,4,0.249254,4,0.249254,0,-5,false,-1,-1,-1,-1,measurement,native_mmwave_sinr_report
0.1434,20,19,mmwave,4,-0.930409,4,-0.930409,0,-5,false,-1,-1,-1,-1,measurement,native_mmwave_sinr_report
0.145,16,12,mmwave,4,3.65315,4,3.65315,0,-5,false,-1,-1,-1,-1,measurement,native_mmwave_sinr_report
0.145,17,14,mmwave,4,2.61803,4,2.61803,0,-5,false,-1,-1,-1,-1,measurement,native_mmwave_sinr_report
0.145,18,2,mmwave,4,1.15131,4,1.15131,0,-5,false,-1,-1,-1,-1,measurement,native_mmwave_sinr_report
0.145,19,7,mmwave,4,0.250974,4,0.250974,0,-5,false,-1,-1,-1,-1,measurement,native_mmwave_sinr_report
0.145,20,19,mmwave,4,-0.928798,4,-0.928798,0,-5,false,-1,-1,-1,-1,measurement,native_mmwave_sinr_report
0.1466,16,12,mmwave,4,3.6546,4,3.6546,0,-5,false,-1,-1,-1,-1,measurement,native_mmwave_sinr_report
0.1466,17,14,mmwave,4,2.6201,4,2.6201,0,-5,false,-1,-1,-1,-1,measurement,native_mmwave_sinr_report
0.1466,18,2,mmwave,4,1.15236,4,1.15236,0,-5,false,-1,-1,-1,-1,measurement,native_mmwave_sinr_report
0.1466,19,7,mmwave,4,0.252695,4,0.252695,0,-5,false,-1,-1,-1,-1,measurement,native_mmwave_sinr_report
0.1466,20,19,mmwave,4,-0.927186,4,-0.927186,0,-5,false,-1,-1,-1,-1,measurement,native_mmwave_sinr_report
0.1482,16,12,mmwave,4,3.65605,4,3.65605,0,-5,false,-1,-1,-1,-1,measurement,native_mmwave_sinr_report
0.1482,17,14,mmwave,4,2.62217,4,2.62217,0,-5,false,-1,-1,-1,-1,measurement,native_mmwave_sinr_report
0.1482,18,2,mmwave,4,1.1534,4,1.1534,0,-5,false,-1,-1,-1,-1,measurement,native_mmwave_sinr_report
0.1482,19,7,mmwave,4,0.254415,4,0.254415,0,-5,false,-1,-1,-1,-1,measurement,native_mmwave_sinr_report
0.1482,20,19,mmwave,4,-0.925574,4,-0.925574,0,-5,false,-1,-1,-1,-1,measurement,native_mmwave_sinr_report
0.1498,16,12,mmwave,4,3.6575,4,3.6575,0,-5,false,-1,-1,-1,-1,measurement,native_mmwave_sinr_report
0.1498,17,14,mmwave,4,2.62424,4,2.62424,0,-5,false,-1,-1,-1,-1,measurement,native_mmwave_sinr_report
0.1498,18,2,mmwave,4,1.15444,4,1.15444,0,-5,false,-1,-1,-1,-1,measurement,native_mmwave_sinr_report
0.1498,19,7,mmwave,4,0.256136,4,0.256136,0,-5,false,-1,-1,-1,-1,measurement,native_mmwave_sinr_report
0.1498,20,19,mmwave,4,-0.923962,4,-0.923962,0,-5,false,-1,-1,-1,-1,measurement,native_mmwave_sinr_report
0.1514,16,12,mmwave,4,3.65895,4,3.65895,0,-5,false,-1,-1,-1,-1,measurement,native_mmwave_sinr_report
0.1514,17,14,mmwave,4,2.62631,4,2.62631,0,-5,false,-1,-1,-1,-1,measurement,native_mmwave_sinr_report
0.1514,18,2,mmwave,4,1.15549,4,1.15549,0,-5,false,-1,-1,-1,-1,measurement,native_mmwave_sinr_report
0.1514,19,7,mmwave,4,0.257857,4,0.257857,0,-5,false,-1,-1,-1,-1,measurement,native_mmwave_sinr_report
0.1514,20,19,mmwave,4,-0.92235,4,-0.92235,0,-5,false,-1,-1,-1,-1,measurement,native_mmwave_sinr_report
0.153,16,12,mmwave,4,3.6604,4,3.6604,0,-5,false,-1,-1,-1,-1,measurement,native_mmwave_sinr_report
0.153,17,14,mmwave,4,2.62838,4,2.62838,0,-5,false,-1,-1,-1,-1,measurement,native_mmwave_sinr_report
0.153,18,2,mmwave,4,1.15653,4,1.15653,0,-5,false,-1,-1,-1,-1,measurement,native_mmwave_sinr_report
0.153,19,7,mmwave,4,0.259578,4,0.259578,0,-5,false,-1,-1,-1,-1,measurement,native_mmwave_sinr_report
0.153,20,19,mmwave,4,-0.920737,4,-0.920737,0,-5,false,-1,-1,-1,-1,measurement,native_mmwave_sinr_report
0.1546,16,12,mmwave,4,3.66185,4,3.66185,0,-5,false,-1,-1,-1,-1,measurement,native_mmwave_sinr_report
0.1546,17,14,mmwave,4,2.63046,4,2.63046,0,-5,false,-1,-1,-1,-1,measurement,native_mmwave_sinr_report
0.1546,18,2,mmwave,4,1.15758,4,1.15758,0,-5,false,-1,-1,-1,-1,measurement,native_mmwave_sinr_report
0.1546,19,7,mmwave,4,0.261299,4,0.261299,0,-5,false,-1,-1,-1,-1,measurement,native_mmwave_sinr_report
0.1546,20,19,mmwave,4,-0.919125,4,-0.919125,0,-5,false,-1,-1,-1,-1,measurement,native_mmwave_sinr_report
0.1562,16,12,mmwave,4,3.6633,4,3.6633,0,-5,false,-1,-1,-1,-1,measurement,native_mmwave_sinr_report
0.1562,17,14,mmwave,4,2.63253,4,2.63253,0,-5,false,-1,-1,-1,-1,measurement,native_mmwave_sinr_report
0.1562,18,2,mmwave,4,1.15862,4,1.15862,0,-5,false,-1,-1,-1,-1,measurement,native_mmwave_sinr_report
0.1562,19,7,mmwave,4,0.263021,4,0.263021,0,-5,false,-1,-1,-1,-1,measurement,native_mmwave_sinr_report
0.1562,20,19,mmwave,4,-0.917512,4,-0.917512,0,-5,false,-1,-1,-1,-1,measurement,native_mmwave_sinr_report
0.1578,16,12,mmwave,4,3.66475,4,3.66475,0,-5,false,-1,-1,-1,-1,measurement,native_mmwave_sinr_report
0.1578,17,14,mmwave,4,2.6346,4,2.6346,0,-5,false,-1,-1,-1,-1,measurement,native_mmwave_sinr_report
0.1578,18,2,mmwave,4,1.15966,4,1.15966,0,-5,false,-1,-1,-1,-1,measurement,native_mmwave_sinr_report
0.1578,19,7,mmwave,4,0.264742,4,0.264742,0,-5,false,-1,-1,-1,-1,measurement,native_mmwave_sinr_report
0.1578,20,19,mmwave,4,-0.915899,4,-0.915899,0,-5,false,-1,-1,-1,-1,measurement,native_mmwave_sinr_report
0.1594,16,12,mmwave,4,3.6662,4,3.6662,0,-5,false,-1,-1,-1,-1,measurement,native_mmwave_sinr_report
0.1594,17,14,mmwave,4,2.63667,4,2.63667,0,-5,false,-1,-1,-1,-1,measurement,native_mmwave_sinr_report
0.1594,18,2,mmwave,4,1.16071,4,1.16071,0,-5,false,-1,-1,-1,-1,measurement,native_mmwave_sinr_report
0.1594,19,7,mmwave,4,0.266464,4,0.266464,0,-5,false,-1,-1,-1,-1,measurement,native_mmwave_sinr_report
0.1594,20,19,mmwave,4,-0.914286,4,-0.914286,0,-5,false,-1,-1,-1,-1,measurement,native_mmwave_sinr_report
0.161,16,12,mmwave,4,3.66766,4,3.66766,0,-5,false,-1,-1,-1,-1,measurement,native_mmwave_sinr_report
0.161,17,14,mmwave,4,2.63875,4,2.63875,0,-5,false,-1,-1,-1,-1,measurement,native_mmwave_sinr_report
0.161,18,2,mmwave,4,1.16175,4,1.16175,0,-5,false,-1,-1,-1,-1,measurement,native_mmwave_sinr_report
0.161,19,7,mmwave,4,0.268186,4,0.268186,0,-5,false,-1,-1,-1,-1,measurement,native_mmwave_sinr_report
0.161,20,19,mmwave,4,-0.912673,4,-0.912673,0,-5,false,-1,-1,-1,-1,measurement,native_mmwave_sinr_report
0.1626,16,12,mmwave,4,3.66911,4,3.66911,0,-5,false,-1,-1,-1,-1,measurement,native_mmwave_sinr_report
0.1626,17,14,mmwave,4,2.64082,4,2.64082,0,-5,false,-1,-1,-1,-1,measurement,native_mmwave_sinr_report
0.1626,18,2,mmwave,4,1.1628,4,1.1628,0,-5,false,-1,-1,-1,-1,measurement,native_mmwave_sinr_report
0.1626,19,7,mmwave,4,0.269909,4,0.269909,0,-5,false,-1,-1,-1,-1,measurement,native_mmwave_sinr_report
0.1626,20,19,mmwave,4,-0.911059,4,-0.911059,0,-5,false,-1,-1,-1,-1,measurement,native_mmwave_sinr_report
0.1642,16,12,mmwave,4,3.67056,4,3.67056,0,-5,false,-1,-1,-1,-1,measurement,native_mmwave_sinr_report
0.1642,17,14,mmwave,4,2.64289,4,2.64289,0,-5,false,-1,-1,-1,-1,measurement,native_mmwave_sinr_report
0.1642,18,2,mmwave,4,1.16384,4,1.16384,0,-5,false,-1,-1,-1,-1,measurement,native_mmwave_sinr_report
0.1642,19,7,mmwave,4,0.271631,4,0.271631,0,-5,false,-1,-1,-1,-1,measurement,native_mmwave_sinr_report
0.1642,20,19,mmwave,4,-0.909446,4,-0.909446,0,-5,false,-1,-1,-1,-1,measurement,native_mmwave_sinr_report
0.1658,16,12,mmwave,4,3.67201,4,3.67201,0,-5,false,-1,-1,-1,-1,measurement,native_mmwave_sinr_report
0.1658,17,14,mmwave,4,2.64497,4,2.64497,0,-5,false,-1,-1,-1,-1,measurement,native_mmwave_sinr_report
0.1658,18,2,mmwave,4,1.16489,4,1.16489,0,-5,false,-1,-1,-1,-1,measurement,native_mmwave_sinr_report
0.1658,19,7,mmwave,4,0.273354,4,0.273354,0,-5,false,-1,-1,-1,-1,measurement,native_mmwave_sinr_report
0.1658,20,19,mmwave,4,-0.907832,4,-0.907832,0,-5,false,-1,-1,-1,-1,measurement,native_mmwave_sinr_report
0.1674,16,12,mmwave,4,3.67346,4,3.67346,0,-5,false,-1,-1,-1,-1,measurement,native_mmwave_sinr_report
0.1674,17,14,mmwave,4,2.64704,4,2.64704,0,-5,false,-1,-1,-1,-1,measurement,native_mmwave_sinr_report
0.1674,18,2,mmwave,4,1.16593,4,1.16593,0,-5,false,-1,-1,-1,-1,measurement,native_mmwave_sinr_report
0.1674,19,7,mmwave,4,0.275076,4,0.275076,0,-5,false,-1,-1,-1,-1,measurement,native_mmwave_sinr_report
0.1674,20,19,mmwave,4,-0.906218,4,-0.906218,0,-5,false,-1,-1,-1,-1,measurement,native_mmwave_sinr_report
0.169,16,12,mmwave,4,3.67492,4,3.67492,0,-5,false,-1,-1,-1,-1,measurement,native_mmwave_sinr_report
0.169,17,14,mmwave,4,2.64912,4,2.64912,0,-5,false,-1,-1,-1,-1,measurement,native_mmwave_sinr_report
0.169,18,2,mmwave,4,1.16698,4,1.16698,0,-5,false,-1,-1,-1,-1,measurement,native_mmwave_sinr_report
0.169,19,7,mmwave,4,0.276799,4,0.276799,0,-5,false,-1,-1,-1,-1,measurement,native_mmwave_sinr_report
0.169,20,19,mmwave,4,-0.904604,4,-0.904604,0,-5,false,-1,-1,-1,-1,measurement,native_mmwave_sinr_report
0.1706,16,12,mmwave,4,3.67637,4,3.67637,0,-5,false,-1,-1,-1,-1,measurement,native_mmwave_sinr_report
0.1706,17,14,mmwave,4,2.65119,4,2.65119,0,-5,false,-1,-1,-1,-1,measurement,native_mmwave_sinr_report
0.1706,18,2,mmwave,4,1.16802,4,1.16802,0,-5,false,-1,-1,-1,-1,measurement,native_mmwave_sinr_report
0.1706,19,7,mmwave,4,0.278523,4,0.278523,0,-5,false,-1,-1,-1,-1,measurement,native_mmwave_sinr_report
0.1706,20,19,mmwave,4,-0.90299,4,-0.90299,0,-5,false,-1,-1,-1,-1,measurement,native_mmwave_sinr_report
0.1722,16,12,mmwave,4,3.67782,4,3.67782,0,-5,false,-1,-1,-1,-1,measurement,native_mmwave_sinr_report
0.1722,17,14,mmwave,4,2.65327,4,2.65327,0,-5,false,-1,-1,-1,-1,measurement,native_mmwave_sinr_report
0.1722,18,2,mmwave,4,1.16907,4,1.16907,0,-5,false,-1,-1,-1,-1,measurement,native_mmwave_sinr_report
0.1722,19,7,mmwave,4,0.280246,4,0.280246,0,-5,false,-1,-1,-1,-1,measurement,native_mmwave_sinr_report
0.1722,20,19,mmwave,4,-0.901376,4,-0.901376,0,-5,false,-1,-1,-1,-1,measurement,native_mmwave_sinr_report
0.1738,16,12,mmwave,4,3.67927,4,3.67927,0,-5,false,-1,-1,-1,-1,measurement,native_mmwave_sinr_report
0.1738,17,14,mmwave,4,2.65534,4,2.65534,0,-5,false,-1,-1,-1,-1,measurement,native_mmwave_sinr_report
0.1738,18,2,mmwave,4,1.17011,4,1.17011,0,-5,false,-1,-1,-1,-1,measurement,native_mmwave_sinr_report
0.1738,19,7,mmwave,4,0.28197,4,0.28197,0,-5,false,-1,-1,-1,-1,measurement,native_mmwave_sinr_report
0.1738,20,19,mmwave,4,-0.899761,4,-0.899761,0,-5,false,-1,-1,-1,-1,measurement,native_mmwave_sinr_report
0.1754,16,12,mmwave,4,3.68073,4,3.68073,0,-5,false,-1,-1,-1,-1,measurement,native_mmwave_sinr_report
0.1754,17,14,mmwave,4,2.65742,4,2.65742,0,-5,false,-1,-1,-1,-1,measurement,native_mmwave_sinr_report
0.1754,18,2,mmwave,4,1.17116,4,1.17116,0,-5,false,-1,-1,-1,-1,measurement,native_mmwave_sinr_report
0.1754,19,7,mmwave,4,0.283694,4,0.283694,0,-5,false,-1,-1,-1,-1,measurement,native_mmwave_sinr_report
0.1754,20,19,mmwave,4,-0.898146,4,-0.898146,0,-5,false,-1,-1,-1,-1,measurement,native_mmwave_sinr_report
0.177,16,12,mmwave,4,3.68218,4,3.68218,0,-5,false,-1,-1,-1,-1,measurement,native_mmwave_sinr_report
0.177,17,14,mmwave,4,2.6595,4,2.6595,0,-5,false,-1,-1,-1,-1,measurement,native_mmwave_sinr_report
0.177,18,2,mmwave,4,1.1722,4,1.1722,0,-5,false,-1,-1,-1,-1,measurement,native_mmwave_sinr_report
0.177,19,7,mmwave,4,0.285418,4,0.285418,0,-5,false,-1,-1,-1,-1,measurement,native_mmwave_sinr_report
0.177,20,19,mmwave,4,-0.896531,4,-0.896531,0,-5,false,-1,-1,-1,-1,measurement,native_mmwave_sinr_report
0.1786,16,12,mmwave,4,3.68363,4,3.68363,0,-5,false,-1,-1,-1,-1,measurement,native_mmwave_sinr_report
0.1786,17,14,mmwave,4,2.66157,4,2.66157,0,-5,false,-1,-1,-1,-1,measurement,native_mmwave_sinr_report
0.1786,18,2,mmwave,4,1.17325,4,1.17325,0,-5,false,-1,-1,-1,-1,measurement,native_mmwave_sinr_report
0.1786,19,7,mmwave,4,0.287142,4,0.287142,0,-5,false,-1,-1,-1,-1,measurement,native_mmwave_sinr_report
0.1786,20,19,mmwave,4,-0.894916,4,-0.894916,0,-5,false,-1,-1,-1,-1,measurement,native_mmwave_sinr_report
0.1802,16,12,mmwave,4,3.68509,4,3.68509,0,-5,false,-1,-1,-1,-1,measurement,native_mmwave_sinr_report
0.1802,17,14,mmwave,4,2.66365,4,2.66365,0,-5,false,-1,-1,-1,-1,measurement,native_mmwave_sinr_report
0.1802,18,2,mmwave,4,1.17429,4,1.17429,0,-5,false,-1,-1,-1,-1,measurement,native_mmwave_sinr_report
0.1802,19,7,mmwave,4,0.288866,4,0.288866,0,-5,false,-1,-1,-1,-1,measurement,native_mmwave_sinr_report
0.1802,20,19,mmwave,4,-0.893301,4,-0.893301,0,-5,false,-1,-1,-1,-1,measurement,native_mmwave_sinr_report
0.1818,16,12,mmwave,4,3.68654,4,3.68654,0,-5,false,-1,-1,-1,-1,measurement,native_mmwave_sinr_report
0.1818,17,14,mmwave,4,2.66573,4,2.66573,0,-5,false,-1,-1,-1,-1,measurement,native_mmwave_sinr_report
0.1818,18,2,mmwave,4,1.17534,4,1.17534,0,-5,false,-1,-1,-1,-1,measurement,native_mmwave_sinr_report
0.1818,19,7,mmwave,4,0.290591,4,0.290591,0,-5,false,-1,-1,-1,-1,measurement,native_mmwave_sinr_report
0.1818,20,19,mmwave,4,-0.891686,4,-0.891686,0,-5,false,-1,-1,-1,-1,measurement,native_mmwave_sinr_report
0.1834,16,12,mmwave,4,3.68799,4,3.68799,0,-5,false,-1,-1,-1,-1,measurement,native_mmwave_sinr_report
0.1834,17,14,mmwave,4,2.6678,4,2.6678,0,-5,false,-1,-1,-1,-1,measurement,native_mmwave_sinr_report
0.1834,18,2,mmwave,4,1.17638,4,1.17638,0,-5,false,-1,-1,-1,-1,measurement,native_mmwave_sinr_report
0.1834,19,7,mmwave,4,0.292315,4,0.292315,0,-5,false,-1,-1,-1,-1,measurement,native_mmwave_sinr_report
0.1834,20,19,mmwave,4,-0.89007,4,-0.89007,0,-5,false,-1,-1,-1,-1,measurement,native_mmwave_sinr_report
0.185,16,12,mmwave,4,3.68945,4,3.68945,0,-5,false,-1,-1,-1,-1,measurement,native_mmwave_sinr_report
0.185,17,14,mmwave,4,2.66988,4,2.66988,0,-5,false,-1,-1,-1,-1,measurement,native_mmwave_sinr_report
0.185,18,2,mmwave,4,1.17743,4,1.17743,0,-5,false,-1,-1,-1,-1,measurement,native_mmwave_sinr_report
0.185,19,7,mmwave,4,0.29404,4,0.29404,0,-5,false,-1,-1,-1,-1,measurement,native_mmwave_sinr_report
0.185,20,19,mmwave,4,-0.888454,4,-0.888454,0,-5,false,-1,-1,-1,-1,measurement,native_mmwave_sinr_report
0.1866,16,12,mmwave,4,3.6909,4,3.6909,0,-5,false,-1,-1,-1,-1,measurement,native_mmwave_sinr_report
0.1866,17,14,mmwave,4,2.67196,4,2.67196,0,-5,false,-1,-1,-1,-1,measurement,native_mmwave_sinr_report
0.1866,18,2,mmwave,4,1.17847,4,1.17847,0,-5,false,-1,-1,-1,-1,measurement,native_mmwave_sinr_report
0.1866,19,7,mmwave,4,0.295766,4,0.295766,0,-5,false,-1,-1,-1,-1,measurement,native_mmwave_sinr_report
0.1866,20,19,mmwave,4,-0.886839,4,-0.886839,0,-5,false,-1,-1,-1,-1,measurement,native_mmwave_sinr_report
0.1882,16,12,mmwave,4,3.69235,4,3.69235,0,-5,false,-1,-1,-1,-1,measurement,native_mmwave_sinr_report
0.1882,17,14,mmwave,4,2.67404,4,2.67404,0,-5,false,-1,-1,-1,-1,measurement,native_mmwave_sinr_report
0.1882,18,2,mmwave,4,1.17952,4,1.17952,0,-5,false,-1,-1,-1,-1,measurement,native_mmwave_sinr_report
0.1882,19,7,mmwave,4,0.297491,4,0.297491,0,-5,false,-1,-1,-1,-1,measurement,native_mmwave_sinr_report
0.1882,20,19,mmwave,4,-0.885223,4,-0.885223,0,-5,false,-1,-1,-1,-1,measurement,native_mmwave_sinr_report
0.1898,16,12,mmwave,4,3.69381,4,3.69381,0,-5,false,-1,-1,-1,-1,measurement,native_mmwave_sinr_report
0.1898,17,14,mmwave,4,2.67611,4,2.67611,0,-5,false,-1,-1,-1,-1,measurement,native_mmwave_sinr_report
0.1898,18,2,mmwave,4,1.18057,4,1.18057,0,-5,false,-1,-1,-1,-1,measurement,native_mmwave_sinr_report
0.1898,19,7,mmwave,4,0.299216,4,0.299216,0,-5,false,-1,-1,-1,-1,measurement,native_mmwave_sinr_report
0.1898,20,19,mmwave,4,-0.883606,4,-0.883606,0,-5,false,-1,-1,-1,-1,measurement,native_mmwave_sinr_report
0.1914,16,12,mmwave,4,3.69526,4,3.69526,0,-5,false,-1,-1,-1,-1,measurement,native_mmwave_sinr_report
0.1914,17,14,mmwave,4,2.67819,4,2.67819,0,-5,false,-1,-1,-1,-1,measurement,native_mmwave_sinr_report
0.1914,18,2,mmwave,4,1.18161,4,1.18161,0,-5,false,-1,-1,-1,-1,measurement,native_mmwave_sinr_report
0.1914,19,7,mmwave,4,0.300942,4,0.300942,0,-5,false,-1,-1,-1,-1,measurement,native_mmwave_sinr_report
0.1914,20,19,mmwave,4,-0.88199,4,-0.88199,0,-5,false,-1,-1,-1,-1,measurement,native_mmwave_sinr_report
0.193,16,12,mmwave,4,3.69672,4,3.69672,0,-5,false,-1,-1,-1,-1,measurement,native_mmwave_sinr_report
0.193,17,14,mmwave,4,2.68027,4,2.68027,0,-5,false,-1,-1,-1,-1,measurement,native_mmwave_sinr_report
0.193,18,2,mmwave,4,1.18266,4,1.18266,0,-5,false,-1,-1,-1,-1,measurement,native_mmwave_sinr_report
0.193,19,7,mmwave,4,0.302668,4,0.302668,0,-5,false,-1,-1,-1,-1,measurement,native_mmwave_sinr_report
0.193,20,19,mmwave,4,-0.880373,4,-0.880373,0,-5,false,-1,-1,-1,-1,measurement,native_mmwave_sinr_report
0.1946,16,12,mmwave,4,3.69817,4,3.69817,0,-5,false,-1,-1,-1,-1,measurement,native_mmwave_sinr_report
0.1946,17,14,mmwave,4,2.68235,4,2.68235,0,-5,false,-1,-1,-1,-1,measurement,native_mmwave_sinr_report
0.1946,18,2,mmwave,4,1.1837,4,1.1837,0,-5,false,-1,-1,-1,-1,measurement,native_mmwave_sinr_report
0.1946,19,7,mmwave,4,0.304394,4,0.304394,0,-5,false,-1,-1,-1,-1,measurement,native_mmwave_sinr_report
0.1946,20,19,mmwave,4,-0.878757,4,-0.878757,0,-5,false,-1,-1,-1,-1,measurement,native_mmwave_sinr_report
0.1962,16,12,mmwave,4,3.69962,4,3.69962,0,-5,false,-1,-1,-1,-1,measurement,native_mmwave_sinr_report
0.1962,17,14,mmwave,4,2.68443,4,2.68443,0,-5,false,-1,-1,-1,-1,measurement,native_mmwave_sinr_report
0.1962,18,2,mmwave,4,1.18475,4,1.18475,0,-5,false,-1,-1,-1,-1,measurement,native_mmwave_sinr_report
0.1962,19,7,mmwave,4,0.306121,4,0.306121,0,-5,false,-1,-1,-1,-1,measurement,native_mmwave_sinr_report
0.1962,20,19,mmwave,4,-0.87714,4,-0.87714,0,-5,false,-1,-1,-1,-1,measurement,native_mmwave_sinr_report
0.1978,16,12,mmwave,4,3.70108,4,3.70108,0,-5,false,-1,-1,-1,-1,measurement,native_mmwave_sinr_report
0.1978,17,14,mmwave,4,2.68651,4,2.68651,0,-5,false,-1,-1,-1,-1,measurement,native_mmwave_sinr_report
0.1978,18,2,mmwave,4,1.18579,4,1.18579,0,-5,false,-1,-1,-1,-1,measurement,native_mmwave_sinr_report
0.1978,19,7,mmwave,4,0.307847,4,0.307847,0,-5,false,-1,-1,-1,-1,measurement,native_mmwave_sinr_report
0.1978,20,19,mmwave,4,-0.875523,4,-0.875523,0,-5,false,-1,-1,-1,-1,measurement,native_mmwave_sinr_report
0.1994,16,12,mmwave,4,3.70253,4,3.70253,0,-5,false,-1,-1,-1,-1,measurement,native_mmwave_sinr_report
0.1994,17,14,mmwave,4,2.68859,4,2.68859,0,-5,false,-1,-1,-1,-1,measurement,native_mmwave_sinr_report
0.1994,18,2,mmwave,4,1.18684,4,1.18684,0,-5,false,-1,-1,-1,-1,measurement,native_mmwave_sinr_report
0.1994,19,7,mmwave,4,0.309574,4,0.309574,0,-5,false,-1,-1,-1,-1,measurement,native_mmwave_sinr_report
0.1994,20,19,mmwave,4,-0.873905,4,-0.873905,0,-5,false,-1,-1,-1,-1,measurement,native_mmwave_sinr_report
0.201,16,12,mmwave,4,3.70399,4,3.70399,0,-5,false,-1,-1,-1,-1,measurement,native_mmwave_sinr_report
0.201,17,14,mmwave,4,2.69067,4,2.69067,0,-5,false,-1,-1,-1,-1,measurement,native_mmwave_sinr_report
0.201,18,2,mmwave,4,1.18789,4,1.18789,0,-5,false,-1,-1,-1,-1,measurement,native_mmwave_sinr_report
0.201,19,7,mmwave,4,0.311301,4,0.311301,0,-5,false,-1,-1,-1,-1,measurement,native_mmwave_sinr_report
0.201,20,19,mmwave,4,-0.872288,4,-0.872288,0,-5,false,-1,-1,-1,-1,measurement,native_mmwave_sinr_report
0.2026,16,12,mmwave,4,3.70544,4,3.70544,0,-5,false,-1,-1,-1,-1,measurement,native_mmwave_sinr_report
0.2026,17,14,mmwave,4,2.69275,4,2.69275,0,-5,false,-1,-1,-1,-1,measurement,native_mmwave_sinr_report
0.2026,18,2,mmwave,4,12.4516,4,12.4516,0,-5,false,-1,-1,-1,-1,measurement,native_mmwave_sinr_report
0.2026,19,7,mmwave,4,0.313028,4,0.313028,0,-5,false,-1,-1,-1,-1,measurement,native_mmwave_sinr_report
0.2026,20,19,mmwave,4,10.1178,4,10.1178,0,-5,false,-1,-1,-1,-1,measurement,native_mmwave_sinr_report
0.2042,16,12,mmwave,4,3.7069,4,3.7069,0,-5,false,-1,-1,-1,-1,measurement,native_mmwave_sinr_report
0.2042,17,14,mmwave,4,2.69483,4,2.69483,0,-5,false,-1,-1,-1,-1,measurement,native_mmwave_sinr_report
0.2042,18,2,mmwave,4,12.4528,4,12.4528,0,-5,false,-1,-1,-1,-1,measurement,native_mmwave_sinr_report
0.2042,19,7,mmwave,4,0.314755,4,0.314755,0,-5,false,-1,-1,-1,-1,measurement,native_mmwave_sinr_report
0.2042,20,19,mmwave,4,10.1196,4,10.1196,0,-5,false,-1,-1,-1,-1,measurement,native_mmwave_sinr_report
0.2058,16,12,mmwave,4,3.70835,4,3.70835,0,-5,false,-1,-1,-1,-1,measurement,native_mmwave_sinr_report
0.2058,17,14,mmwave,4,2.69691,4,2.69691,0,-5,false,-1,-1,-1,-1,measurement,native_mmwave_sinr_report
0.2058,18,2,mmwave,4,12.454,4,12.454,0,-5,false,-1,-1,-1,-1,measurement,native_mmwave_sinr_report
0.2058,19,7,mmwave,4,0.316483,4,0.316483,0,-5,false,-1,-1,-1,-1,measurement,native_mmwave_sinr_report
0.2058,20,19,mmwave,4,10.1214,4,10.1214,0,-5,false,-1,-1,-1,-1,measurement,native_mmwave_sinr_report
0.2074,16,12,mmwave,4,3.70981,4,3.70981,0,-5,false,-1,-1,-1,-1,measurement,native_mmwave_sinr_report
0.2074,17,14,mmwave,4,2.69899,4,2.69899,0,-5,false,-1,-1,-1,-1,measurement,native_mmwave_sinr_report
0.2074,18,2,mmwave,4,12.4551,4,12.4551,0,-5,false,-1,-1,-1,-1,measurement,native_mmwave_sinr_report
0.2074,19,7,mmwave,4,0.31821,4,0.31821,0,-5,false,-1,-1,-1,-1,measurement,native_mmwave_sinr_report
0.2074,20,19,mmwave,4,10.1233,4,10.1233,0,-5,false,-1,-1,-1,-1,measurement,native_mmwave_sinr_report
0.209,16,12,mmwave,4,3.71127,4,3.71127,0,-5,false,-1,-1,-1,-1,measurement,native_mmwave_sinr_report
0.209,17,14,mmwave,4,2.70108,4,2.70108,0,-5,false,-1,-1,-1,-1,measurement,native_mmwave_sinr_report
0.209,18,2,mmwave,4,12.4563,4,12.4563,0,-5,false,-1,-1,-1,-1,measurement,native_mmwave_sinr_report
0.209,19,7,mmwave,4,0.319938,4,0.319938,0,-5,false,-1,-1,-1,-1,measurement,native_mmwave_sinr_report
0.209,20,19,mmwave,4,10.1251,4,10.1251,0,-5,false,-1,-1,-1,-1,measurement,native_mmwave_sinr_report
0.2106,16,12,mmwave,4,3.71272,4,3.71272,0,-5,false,-1,-1,-1,-1,measurement,native_mmwave_sinr_report
0.2106,17,14,mmwave,4,2.70316,4,2.70316,0,-5,false,-1,-1,-1,-1,measurement,native_mmwave_sinr_report
0.2106,18,2,mmwave,4,12.4575,4,12.4575,0,-5,false,-1,-1,-1,-1,measurement,native_mmwave_sinr_report
0.2106,19,7,mmwave,4,0.321666,4,0.321666,0,-5,false,-1,-1,-1,-1,measurement,native_mmwave_sinr_report
0.2106,20,19,mmwave,4,10.1269,4,10.1269,0,-5,false,-1,-1,-1,-1,measurement,native_mmwave_sinr_report
0.2122,16,12,mmwave,4,3.71418,4,3.71418,0,-5,false,-1,-1,-1,-1,measurement,native_mmwave_sinr_report
0.2122,17,14,mmwave,4,2.70524,4,2.70524,0,-5,false,-1,-1,-1,-1,measurement,native_mmwave_sinr_report
0.2122,18,2,mmwave,4,12.4587,4,12.4587,0,-5,false,-1,-1,-1,-1,measurement,native_mmwave_sinr_report
0.2122,19,7,mmwave,4,0.323394,4,0.323394,0,-5,false,-1,-1,-1,-1,measurement,native_mmwave_sinr_report
0.2122,20,19,mmwave,4,10.1288,4,10.1288,0,-5,false,-1,-1,-1,-1,measurement,native_mmwave_sinr_report
0.2138,16,12,mmwave,4,3.71563,4,3.71563,0,-5,false,-1,-1,-1,-1,measurement,native_mmwave_sinr_report
0.2138,17,14,mmwave,4,2.70732,4,2.70732,0,-5,false,-1,-1,-1,-1,measurement,native_mmwave_sinr_report
0.2138,18,2,mmwave,4,12.4599,4,12.4599,0,-5,false,-1,-1,-1,-1,measurement,native_mmwave_sinr_report
0.2138,19,7,mmwave,4,0.325123,4,0.325123,0,-5,false,-1,-1,-1,-1,measurement,native_mmwave_sinr_report
0.2138,20,19,mmwave,4,10.1306,4,10.1306,0,-5,false,-1,-1,-1,-1,measurement,native_mmwave_sinr_report
0.2154,16,12,mmwave,4,3.71709,4,3.71709,0,-5,false,-1,-1,-1,-1,measurement,native_mmwave_sinr_report
0.2154,17,14,mmwave,4,2.70941,4,2.70941,0,-5,false,-1,-1,-1,-1,measurement,native_mmwave_sinr_report
0.2154,18,2,mmwave,4,12.4611,4,12.4611,0,-5,false,-1,-1,-1,-1,measurement,native_mmwave_sinr_report
0.2154,19,7,mmwave,4,0.326852,4,0.326852,0,-5,false,-1,-1,-1,-1,measurement,native_mmwave_sinr_report
0.2154,20,19,mmwave,4,10.1324,4,10.1324,0,-5,false,-1,-1,-1,-1,measurement,native_mmwave_sinr_report
0.217,16,12,mmwave,4,3.71855,4,3.71855,0,-5,false,-1,-1,-1,-1,measurement,native_mmwave_sinr_report
0.217,17,14,mmwave,4,2.71149,4,2.71149,0,-5,false,-1,-1,-1,-1,measurement,native_mmwave_sinr_report
0.217,18,2,mmwave,4,12.4623,4,12.4623,0,-5,false,-1,-1,-1,-1,measurement,native_mmwave_sinr_report
0.217,19,7,mmwave,4,0.32858,4,0.32858,0,-5,false,-1,-1,-1,-1,measurement,native_mmwave_sinr_report
0.217,20,19,mmwave,4,10.1343,4,10.1343,0,-5,false,-1,-1,-1,-1,measurement,native_mmwave_sinr_report
0.2186,16,12,mmwave,4,3.72,4,3.72,0,-5,false,-1,-1,-1,-1,measurement,native_mmwave_sinr_report
0.2186,17,14,mmwave,4,2.71357,4,2.71357,0,-5,false,-1,-1,-1,-1,measurement,native_mmwave_sinr_report
0.2186,18,2,mmwave,4,12.4634,4,12.4634,0,-5,false,-1,-1,-1,-1,measurement,native_mmwave_sinr_report
0.2186,19,7,mmwave,4,0.330309,4,0.330309,0,-5,false,-1,-1,-1,-1,measurement,native_mmwave_sinr_report
0.2186,20,19,mmwave,4,10.1361,4,10.1361,0,-5,false,-1,-1,-1,-1,measurement,native_mmwave_sinr_report
0.2202,16,12,mmwave,4,3.72146,4,3.72146,0,-5,false,-1,-1,-1,-1,measurement,native_mmwave_sinr_report
0.2202,17,14,mmwave,4,2.71566,4,2.71566,0,-5,false,-1,-1,-1,-1,measurement,native_mmwave_sinr_report
0.2202,18,2,mmwave,4,12.4646,4,12.4646,0,-5,false,-1,-1,-1,-1,measurement,native_mmwave_sinr_report
0.2202,19,7,mmwave,4,0.332039,4,0.332039,0,-5,false,-1,-1,-1,-1,measurement,native_mmwave_sinr_report
0.2202,20,19,mmwave,4,10.1379,4,10.1379,0,-5,false,-1,-1,-1,-1,measurement,native_mmwave_sinr_report
0.2218,16,12,mmwave,4,3.72292,4,3.72292,0,-5,false,-1,-1,-1,-1,measurement,native_mmwave_sinr_report
0.2218,17,14,mmwave,4,2.71774,4,2.71774,0,-5,false,-1,-1,-1,-1,measurement,native_mmwave_sinr_report
0.2218,18,2,mmwave,4,12.4658,4,12.4658,0,-5,false,-1,-1,-1,-1,measurement,native_mmwave_sinr_report
0.2218,19,7,mmwave,4,0.333768,4,0.333768,0,-5,false,-1,-1,-1,-1,measurement,native_mmwave_sinr_report
0.2218,20,19,mmwave,4,10.1398,4,10.1398,0,-5,false,-1,-1,-1,-1,measurement,native_mmwave_sinr_report
0.2234,16,12,mmwave,4,3.72437,4,3.72437,0,-5,false,-1,-1,-1,-1,measurement,native_mmwave_sinr_report
0.2234,17,14,mmwave,4,2.71982,4,2.71982,0,-5,false,-1,-1,-1,-1,measurement,native_mmwave_sinr_report
0.2234,18,2,mmwave,4,12.467,4,12.467,0,-5,false,-1,-1,-1,-1,measurement,native_mmwave_sinr_report
0.2234,19,7,mmwave,4,0.335498,4,0.335498,0,-5,false,-1,-1,-1,-1,measurement,native_mmwave_sinr_report
0.2234,20,19,mmwave,4,10.1416,4,10.1416,0,-5,false,-1,-1,-1,-1,measurement,native_mmwave_sinr_report
0.225,16,12,mmwave,4,3.72583,4,3.72583,0,-5,false,-1,-1,-1,-1,measurement,native_mmwave_sinr_report
0.225,17,14,mmwave,4,2.72191,4,2.72191,0,-5,false,-1,-1,-1,-1,measurement,native_mmwave_sinr_report
0.225,18,2,mmwave,4,12.4682,4,12.4682,0,-5,false,-1,-1,-1,-1,measurement,native_mmwave_sinr_report
0.225,19,7,mmwave,4,0.337227,4,0.337227,0,-5,false,-1,-1,-1,-1,measurement,native_mmwave_sinr_report
0.225,20,19,mmwave,4,10.1434,4,10.1434,0,-5,false,-1,-1,-1,-1,measurement,native_mmwave_sinr_report
0.2266,16,12,mmwave,4,3.72729,4,3.72729,0,-5,false,-1,-1,-1,-1,measurement,native_mmwave_sinr_report
0.2266,17,14,mmwave,4,2.72399,4,2.72399,0,-5,false,-1,-1,-1,-1,measurement,native_mmwave_sinr_report
0.2266,18,2,mmwave,4,12.4694,4,12.4694,0,-5,false,-1,-1,-1,-1,measurement,native_mmwave_sinr_report
0.2266,19,7,mmwave,4,0.338957,4,0.338957,0,-5,false,-1,-1,-1,-1,measurement,native_mmwave_sinr_report
0.2266,20,19,mmwave,4,10.1453,4,10.1453,0,-5,false,-1,-1,-1,-1,measurement,native_mmwave_sinr_report
0.227268,18,2,mmwave,4,12.4694,4,12.4694,0,-5,false,-1,-1,-1,-1,attach,mmwave_connection_reconfigured
0.227268,20,19,mmwave,4,10.1453,4,10.1453,0,-5,false,-1,-1,-1,-1,attach,mmwave_connection_reconfigured
0.2282,16,12,mmwave,4,3.72874,4,3.72874,0,-5,false,-1,-1,-1,-1,measurement,native_mmwave_sinr_report
0.2282,17,14,mmwave,4,2.72608,4,2.72608,0,-5,false,-1,-1,-1,-1,measurement,native_mmwave_sinr_report
0.2282,18,2,mmwave,4,12.4706,4,12.4706,0,-5,false,-1,-1,-1,-1,measurement,native_mmwave_sinr_report
0.2282,19,7,mmwave,4,0.340688,4,0.340688,0,-5,false,-1,-1,-1,-1,measurement,native_mmwave_sinr_report
0.2282,20,19,mmwave,4,10.1471,4,10.1471,0,-5,false,-1,-1,-1,-1,measurement,native_mmwave_sinr_report
0.2298,16,12,mmwave,4,3.7302,4,3.7302,0,-5,false,-1,-1,-1,-1,measurement,native_mmwave_sinr_report
0.2298,17,14,mmwave,4,2.72816,4,2.72816,0,-5,false,-1,-1,-1,-1,measurement,native_mmwave_sinr_report
0.2298,18,2,mmwave,4,12.4717,4,12.4717,0,-5,false,-1,-1,-1,-1,measurement,native_mmwave_sinr_report
0.2298,19,7,mmwave,4,0.342418,4,0.342418,0,-5,false,-1,-1,-1,-1,measurement,native_mmwave_sinr_report
0.2298,20,19,mmwave,4,10.1489,4,10.1489,0,-5,false,-1,-1,-1,-1,measurement,native_mmwave_sinr_report
0.2314,16,12,mmwave,4,3.73166,4,3.73166,0,-5,false,-1,-1,-1,-1,measurement,native_mmwave_sinr_report
0.2314,17,14,mmwave,4,2.73025,4,2.73025,0,-5,false,-1,-1,-1,-1,measurement,native_mmwave_sinr_report
0.2314,18,2,mmwave,4,12.4729,4,12.4729,0,-5,false,-1,-1,-1,-1,measurement,native_mmwave_sinr_report
0.2314,19,7,mmwave,4,0.344149,4,0.344149,0,-5,false,-1,-1,-1,-1,measurement,native_mmwave_sinr_report
0.2314,20,19,mmwave,4,10.1508,4,10.1508,0,-5,false,-1,-1,-1,-1,measurement,native_mmwave_sinr_report
0.233,16,12,mmwave,4,3.73312,4,3.73312,0,-5,false,-1,-1,-1,-1,measurement,native_mmwave_sinr_report
0.233,17,14,mmwave,4,2.73233,4,2.73233,0,-5,false,-1,-1,-1,-1,measurement,native_mmwave_sinr_report
0.233,18,2,mmwave,4,12.4741,4,12.4741,0,-5,false,-1,-1,-1,-1,measurement,native_mmwave_sinr_report
0.233,19,7,mmwave,4,0.345879,4,0.345879,0,-5,false,-1,-1,-1,-1,measurement,native_mmwave_sinr_report
0.233,20,19,mmwave,4,10.1526,4,10.1526,0,-5,false,-1,-1,-1,-1,measurement,native_mmwave_sinr_report
0.2346,16,12,mmwave,4,3.73457,4,3.73457,0,-5,false,-1,-1,-1,-1,measurement,native_mmwave_sinr_report
0.2346,17,14,mmwave,4,2.73442,4,2.73442,0,-5,false,-1,-1,-1,-1,measurement,native_mmwave_sinr_report
0.2346,18,2,mmwave,4,12.4753,4,12.4753,0,-5,false,-1,-1,-1,-1,measurement,native_mmwave_sinr_report
0.2346,19,7,mmwave,4,0.34761,4,0.34761,0,-5,false,-1,-1,-1,-1,measurement,native_mmwave_sinr_report
0.2346,20,19,mmwave,4,10.1545,4,10.1545,0,-5,false,-1,-1,-1,-1,measurement,native_mmwave_sinr_report
0.2362,16,12,mmwave,4,3.73603,4,3.73603,0,-5,false,-1,-1,-1,-1,measurement,native_mmwave_sinr_report
0.2362,17,14,mmwave,4,2.73651,4,2.73651,0,-5,false,-1,-1,-1,-1,measurement,native_mmwave_sinr_report
0.2362,18,2,mmwave,4,12.4765,4,12.4765,0,-5,false,-1,-1,-1,-1,measurement,native_mmwave_sinr_report
0.2362,19,7,mmwave,4,0.349342,4,0.349342,0,-5,false,-1,-1,-1,-1,measurement,native_mmwave_sinr_report
0.2362,20,19,mmwave,4,10.1563,4,10.1563,0,-5,false,-1,-1,-1,-1,measurement,native_mmwave_sinr_report
0.2378,16,12,mmwave,4,3.73749,4,3.73749,0,-5,false,-1,-1,-1,-1,measurement,native_mmwave_sinr_report
0.2378,17,14,mmwave,4,2.73859,4,2.73859,0,-5,false,-1,-1,-1,-1,measurement,native_mmwave_sinr_report
0.2378,18,2,mmwave,4,12.4777,4,12.4777,0,-5,false,-1,-1,-1,-1,measurement,native_mmwave_sinr_report
0.2378,19,7,mmwave,4,0.351073,4,0.351073,0,-5,false,-1,-1,-1,-1,measurement,native_mmwave_sinr_report
0.2378,20,19,mmwave,4,10.1581,4,10.1581,0,-5,false,-1,-1,-1,-1,measurement,native_mmwave_sinr_report
0.2394,16,12,mmwave,4,3.73895,4,3.73895,0,-5,false,-1,-1,-1,-1,measurement,native_mmwave_sinr_report
0.2394,17,14,mmwave,4,2.74068,4,2.74068,0,-5,false,-1,-1,-1,-1,measurement,native_mmwave_sinr_report
0.2394,18,2,mmwave,4,12.4789,4,12.4789,0,-5,false,-1,-1,-1,-1,measurement,native_mmwave_sinr_report
0.2394,19,7,mmwave,4,0.352805,4,0.352805,0,-5,false,-1,-1,-1,-1,measurement,native_mmwave_sinr_report
0.2394,20,19,mmwave,4,10.16,4,10.16,0,-5,false,-1,-1,-1,-1,measurement,native_mmwave_sinr_report
0.241,16,12,mmwave,4,3.74041,4,3.74041,0,-5,false,-1,-1,-1,-1,measurement,native_mmwave_sinr_report
0.241,17,14,mmwave,4,2.74277,4,2.74277,0,-5,false,-1,-1,-1,-1,measurement,native_mmwave_sinr_report
0.241,18,2,mmwave,4,12.4801,4,12.4801,0,-5,false,-1,-1,-1,-1,measurement,native_mmwave_sinr_report
0.241,19,7,mmwave,4,0.354536,4,0.354536,0,-5,false,-1,-1,-1,-1,measurement,native_mmwave_sinr_report
0.241,20,19,mmwave,4,10.1618,4,10.1618,0,-5,false,-1,-1,-1,-1,measurement,native_mmwave_sinr_report
0.2426,16,12,mmwave,4,3.74186,4,3.74186,0,-5,false,-1,-1,-1,-1,measurement,native_mmwave_sinr_report
0.2426,17,14,mmwave,4,2.74486,4,2.74486,0,-5,false,-1,-1,-1,-1,measurement,native_mmwave_sinr_report
0.2426,18,2,mmwave,4,12.4812,4,12.4812,0,-5,false,-1,-1,-1,-1,measurement,native_mmwave_sinr_report
0.2426,19,7,mmwave,4,0.356268,4,0.356268,0,-5,false,-1,-1,-1,-1,measurement,native_mmwave_sinr_report
0.2426,20,19,mmwave,4,10.1636,4,10.1636,0,-5,false,-1,-1,-1,-1,measurement,native_mmwave_sinr_report
0.2442,16,12,mmwave,4,3.74332,4,3.74332,0,-5,false,-1,-1,-1,-1,measurement,native_mmwave_sinr_report
0.2442,17,14,mmwave,4,2.74694,4,2.74694,0,-5,false,-1,-1,-1,-1,measurement,native_mmwave_sinr_report
0.2442,18,2,mmwave,4,12.4824,4,12.4824,0,-5,false,-1,-1,-1,-1,measurement,native_mmwave_sinr_report
0.2442,19,7,mmwave,4,0.358,4,0.358,0,-5,false,-1,-1,-1,-1,measurement,native_mmwave_sinr_report
0.2442,20,19,mmwave,4,10.1655,4,10.1655,0,-5,false,-1,-1,-1,-1,measurement,native_mmwave_sinr_report
0.2458,16,12,mmwave,4,3.74478,4,3.74478,0,-5,false,-1,-1,-1,-1,measurement,native_mmwave_sinr_report
0.2458,17,14,mmwave,4,2.74903,4,2.74903,0,-5,false,-1,-1,-1,-1,measurement,native_mmwave_sinr_report
0.2458,18,2,mmwave,4,12.4836,4,12.4836,0,-5,false,-1,-1,-1,-1,measurement,native_mmwave_sinr_report
0.2458,19,7,mmwave,4,0.359733,4,0.359733,0,-5,false,-1,-1,-1,-1,measurement,native_mmwave_sinr_report
0.2458,20,19,mmwave,4,10.1673,4,10.1673,0,-5,false,-1,-1,-1,-1,measurement,native_mmwave_sinr_report
0.2474,16,12,mmwave,4,3.74624,4,3.74624,0,-5,false,-1,-1,-1,-1,measurement,native_mmwave_sinr_report
0.2474,17,14,mmwave,4,2.75112,4,2.75112,0,-5,false,-1,-1,-1,-1,measurement,native_mmwave_sinr_report
0.2474,18,2,mmwave,4,12.4848,4,12.4848,0,-5,false,-1,-1,-1,-1,measurement,native_mmwave_sinr_report
0.2474,19,7,mmwave,4,0.361465,4,0.361465,0,-5,false,-1,-1,-1,-1,measurement,native_mmwave_sinr_report
0.2474,20,19,mmwave,4,10.1692,4,10.1692,0,-5,false,-1,-1,-1,-1,measurement,native_mmwave_sinr_report
0.249,16,12,mmwave,4,3.7477,4,3.7477,0,-5,false,-1,-1,-1,-1,measurement,native_mmwave_sinr_report
0.249,17,14,mmwave,4,2.75321,4,2.75321,0,-5,false,-1,-1,-1,-1,measurement,native_mmwave_sinr_report
0.249,18,2,mmwave,4,12.486,4,12.486,0,-5,false,-1,-1,-1,-1,measurement,native_mmwave_sinr_report
0.249,19,7,mmwave,4,0.363198,4,0.363198,0,-5,false,-1,-1,-1,-1,measurement,native_mmwave_sinr_report
0.249,20,19,mmwave,4,10.171,4,10.171,0,-5,false,-1,-1,-1,-1,measurement,native_mmwave_sinr_report
0.2506,16,12,mmwave,4,3.74916,4,3.74916,0,-5,false,-1,-1,-1,-1,measurement,native_mmwave_sinr_report
0.2506,17,14,mmwave,4,2.7553,4,2.7553,0,-5,false,-1,-1,-1,-1,measurement,native_mmwave_sinr_report
0.2506,18,2,mmwave,4,12.4872,4,12.4872,0,-5,false,-1,-1,-1,-1,measurement,native_mmwave_sinr_report
0.2506,19,7,mmwave,4,0.364931,4,0.364931,0,-5,false,-1,-1,-1,-1,measurement,native_mmwave_sinr_report
0.2506,20,19,mmwave,4,10.1728,4,10.1728,0,-5,false,-1,-1,-1,-1,measurement,native_mmwave_sinr_report
0.2522,16,12,mmwave,4,3.75062,4,3.75062,0,-5,false,-1,-1,-1,-1,measurement,native_mmwave_sinr_report
0.2522,17,14,mmwave,4,2.75739,4,2.75739,0,-5,false,-1,-1,-1,-1,measurement,native_mmwave_sinr_report
0.2522,18,2,mmwave,4,12.4884,4,12.4884,0,-5,false,-1,-1,-1,-1,measurement,native_mmwave_sinr_report
0.2522,19,7,mmwave,4,0.366664,4,0.366664,0,-5,false,-1,-1,-1,-1,measurement,native_mmwave_sinr_report
0.2522,20,19,mmwave,4,10.1747,4,10.1747,0,-5,false,-1,-1,-1,-1,measurement,native_mmwave_sinr_report
0.2538,16,12,mmwave,4,3.75208,4,3.75208,0,-5,false,-1,-1,-1,-1,measurement,native_mmwave_sinr_report
0.2538,17,14,mmwave,4,2.75948,4,2.75948,0,-5,false,-1,-1,-1,-1,measurement,native_mmwave_sinr_report
0.2538,18,2,mmwave,4,12.4896,4,12.4896,0,-5,false,-1,-1,-1,-1,measurement,native_mmwave_sinr_report
0.2538,19,7,mmwave,4,0.368397,4,0.368397,0,-5,false,-1,-1,-1,-1,measurement,native_mmwave_sinr_report
0.2538,20,19,mmwave,4,10.1765,4,10.1765,0,-5,false,-1,-1,-1,-1,measurement,native_mmwave_sinr_report
0.2554,16,12,mmwave,4,3.75354,4,3.75354,0,-5,false,-1,-1,-1,-1,measurement,native_mmwave_sinr_report
0.2554,17,14,mmwave,4,2.76157,4,2.76157,0,-5,false,-1,-1,-1,-1,measurement,native_mmwave_sinr_report
0.2554,18,2,mmwave,4,12.4907,4,12.4907,0,-5,false,-1,-1,-1,-1,measurement,native_mmwave_sinr_report
0.2554,19,7,mmwave,4,0.370131,4,0.370131,0,-5,false,-1,-1,-1,-1,measurement,native_mmwave_sinr_report
0.2554,20,19,mmwave,4,10.1783,4,10.1783,0,-5,false,-1,-1,-1,-1,measurement,native_mmwave_sinr_report
0.257,16,12,mmwave,4,3.755,4,3.755,0,-5,false,-1,-1,-1,-1,measurement,native_mmwave_sinr_report
0.257,17,14,mmwave,4,2.76366,4,2.76366,0,-5,false,-1,-1,-1,-1,measurement,native_mmwave_sinr_report
0.257,18,2,mmwave,4,12.4919,4,12.4919,0,-5,false,-1,-1,-1,-1,measurement,native_mmwave_sinr_report
0.257,19,7,mmwave,4,0.371865,4,0.371865,0,-5,false,-1,-1,-1,-1,measurement,native_mmwave_sinr_report
0.257,20,19,mmwave,4,10.1802,4,10.1802,0,-5,false,-1,-1,-1,-1,measurement,native_mmwave_sinr_report
0.2586,16,12,mmwave,4,3.75646,4,3.75646,0,-5,false,-1,-1,-1,-1,measurement,native_mmwave_sinr_report
0.2586,17,14,mmwave,4,2.76575,4,2.76575,0,-5,false,-1,-1,-1,-1,measurement,native_mmwave_sinr_report
0.2586,18,2,mmwave,4,12.4931,4,12.4931,0,-5,false,-1,-1,-1,-1,measurement,native_mmwave_sinr_report
0.2586,19,7,mmwave,4,0.373599,4,0.373599,0,-5,false,-1,-1,-1,-1,measurement,native_mmwave_sinr_report
0.2586,20,19,mmwave,4,10.182,4,10.182,0,-5,false,-1,-1,-1,-1,measurement,native_mmwave_sinr_report
0.2602,16,12,mmwave,4,3.75792,4,3.75792,0,-5,false,-1,-1,-1,-1,measurement,native_mmwave_sinr_report
0.2602,17,14,mmwave,4,2.76784,4,2.76784,0,-5,false,-1,-1,-1,-1,measurement,native_mmwave_sinr_report
0.2602,18,2,mmwave,4,12.4943,4,12.4943,0,-5,false,-1,-1,-1,-1,measurement,native_mmwave_sinr_report
0.2602,19,7,mmwave,4,0.375333,4,0.375333,0,-5,false,-1,-1,-1,-1,measurement,native_mmwave_sinr_report
0.2602,20,19,mmwave,4,10.1839,4,10.1839,0,-5,false,-1,-1,-1,-1,measurement,native_mmwave_sinr_report
0.2618,16,12,mmwave,4,3.75938,4,3.75938,0,-5,false,-1,-1,-1,-1,measurement,native_mmwave_sinr_report
0.2618,17,14,mmwave,4,2.76993,4,2.76993,0,-5,false,-1,-1,-1,-1,measurement,native_mmwave_sinr_report
0.2618,18,2,mmwave,4,12.4955,4,12.4955,0,-5,false,-1,-1,-1,-1,measurement,native_mmwave_sinr_report
0.2618,19,7,mmwave,4,0.377067,4,0.377067,0,-5,false,-1,-1,-1,-1,measurement,native_mmwave_sinr_report
0.2618,20,19,mmwave,4,10.1857,4,10.1857,0,-5,false,-1,-1,-1,-1,measurement,native_mmwave_sinr_report
0.2634,16,12,mmwave,4,3.76084,4,3.76084,0,-5,false,-1,-1,-1,-1,measurement,native_mmwave_sinr_report
0.2634,17,14,mmwave,4,2.77202,4,2.77202,0,-5,false,-1,-1,-1,-1,measurement,native_mmwave_sinr_report
0.2634,18,2,mmwave,4,12.4967,4,12.4967,0,-5,false,-1,-1,-1,-1,measurement,native_mmwave_sinr_report
0.2634,19,7,mmwave,4,0.378802,4,0.378802,0,-5,false,-1,-1,-1,-1,measurement,native_mmwave_sinr_report
0.2634,20,19,mmwave,4,10.1875,4,10.1875,0,-5,false,-1,-1,-1,-1,measurement,native_mmwave_sinr_report
0.265,16,12,mmwave,4,3.7623,4,3.7623,0,-5,false,-1,-1,-1,-1,measurement,native_mmwave_sinr_report
0.265,17,14,mmwave,4,2.77411,4,2.77411,0,-5,false,-1,-1,-1,-1,measurement,native_mmwave_sinr_report
0.265,18,2,mmwave,4,12.4979,4,12.4979,0,-5,false,-1,-1,-1,-1,measurement,native_mmwave_sinr_report
0.265,19,7,mmwave,4,0.380536,4,0.380536,0,-5,false,-1,-1,-1,-1,measurement,native_mmwave_sinr_report
0.265,20,19,mmwave,4,10.1894,4,10.1894,0,-5,false,-1,-1,-1,-1,measurement,native_mmwave_sinr_report
0.2666,16,12,mmwave,4,3.76376,4,3.76376,0,-5,false,-1,-1,-1,-1,measurement,native_mmwave_sinr_report
0.2666,17,14,mmwave,4,2.7762,4,2.7762,0,-5,false,-1,-1,-1,-1,measurement,native_mmwave_sinr_report
0.2666,18,2,mmwave,4,12.4991,4,12.4991,0,-5,false,-1,-1,-1,-1,measurement,native_mmwave_sinr_report
0.2666,19,7,mmwave,4,0.382271,4,0.382271,0,-5,false,-1,-1,-1,-1,measurement,native_mmwave_sinr_report
0.2666,20,19,mmwave,4,10.1912,4,10.1912,0,-5,false,-1,-1,-1,-1,measurement,native_mmwave_sinr_report
0.2682,16,12,mmwave,4,3.76522,4,3.76522,0,-5,false,-1,-1,-1,-1,measurement,native_mmwave_sinr_report
0.2682,17,14,mmwave,4,2.7783,4,2.7783,0,-5,false,-1,-1,-1,-1,measurement,native_mmwave_sinr_report
0.2682,18,2,mmwave,4,12.5003,4,12.5003,0,-5,false,-1,-1,-1,-1,measurement,native_mmwave_sinr_report
0.2682,19,7,mmwave,4,0.384006,4,0.384006,0,-5,false,-1,-1,-1,-1,measurement,native_mmwave_sinr_report
0.2682,20,19,mmwave,4,10.1931,4,10.1931,0,-5,false,-1,-1,-1,-1,measurement,native_mmwave_sinr_report
0.2698,16,12,mmwave,4,3.76668,4,3.76668,0,-5,false,-1,-1,-1,-1,measurement,native_mmwave_sinr_report
0.2698,17,14,mmwave,4,2.78039,4,2.78039,0,-5,false,-1,-1,-1,-1,measurement,native_mmwave_sinr_report
0.2698,18,2,mmwave,4,12.5014,4,12.5014,0,-5,false,-1,-1,-1,-1,measurement,native_mmwave_sinr_report
0.2698,19,7,mmwave,4,0.385741,4,0.385741,0,-5,false,-1,-1,-1,-1,measurement,native_mmwave_sinr_report
0.2698,20,19,mmwave,4,10.1949,4,10.1949,0,-5,false,-1,-1,-1,-1,measurement,native_mmwave_sinr_report
0.2714,16,12,mmwave,4,3.76814,4,3.76814,0,-5,false,-1,-1,-1,-1,measurement,native_mmwave_sinr_report
0.2714,17,14,mmwave,4,2.78248,4,2.78248,0,-5,false,-1,-1,-1,-1,measurement,native_mmwave_sinr_report
0.2714,18,2,mmwave,4,12.5026,4,12.5026,0,-5,false,-1,-1,-1,-1,measurement,native_mmwave_sinr_report
0.2714,19,7,mmwave,4,0.387477,4,0.387477,0,-5,false,-1,-1,-1,-1,measurement,native_mmwave_sinr_report
0.2714,20,19,mmwave,4,10.1967,4,10.1967,0,-5,false,-1,-1,-1,-1,measurement,native_mmwave_sinr_report
0.273,16,12,mmwave,4,3.7696,4,3.7696,0,-5,false,-1,-1,-1,-1,measurement,native_mmwave_sinr_report
0.273,17,14,mmwave,4,2.78457,4,2.78457,0,-5,false,-1,-1,-1,-1,measurement,native_mmwave_sinr_report
0.273,18,2,mmwave,4,12.5038,4,12.5038,0,-5,false,-1,-1,-1,-1,measurement,native_mmwave_sinr_report
0.273,19,7,mmwave,4,0.389213,4,0.389213,0,-5,false,-1,-1,-1,-1,measurement,native_mmwave_sinr_report
0.273,20,19,mmwave,4,10.1986,4,10.1986,0,-5,false,-1,-1,-1,-1,measurement,native_mmwave_sinr_report
0.2746,16,12,mmwave,4,3.77106,4,3.77106,0,-5,false,-1,-1,-1,-1,measurement,native_mmwave_sinr_report
0.2746,17,14,mmwave,4,2.78667,4,2.78667,0,-5,false,-1,-1,-1,-1,measurement,native_mmwave_sinr_report
0.2746,18,2,mmwave,4,12.505,4,12.505,0,-5,false,-1,-1,-1,-1,measurement,native_mmwave_sinr_report
0.2746,19,7,mmwave,4,0.390948,4,0.390948,0,-5,false,-1,-1,-1,-1,measurement,native_mmwave_sinr_report
0.2746,20,19,mmwave,4,10.2004,4,10.2004,0,-5,false,-1,-1,-1,-1,measurement,native_mmwave_sinr_report
0.2762,16,12,mmwave,4,3.77252,4,3.77252,0,-5,false,-1,-1,-1,-1,measurement,native_mmwave_sinr_report
0.2762,17,14,mmwave,4,2.78876,4,2.78876,0,-5,false,-1,-1,-1,-1,measurement,native_mmwave_sinr_report
0.2762,18,2,mmwave,4,12.5062,4,12.5062,0,-5,false,-1,-1,-1,-1,measurement,native_mmwave_sinr_report
0.2762,19,7,mmwave,4,0.392685,4,0.392685,0,-5,false,-1,-1,-1,-1,measurement,native_mmwave_sinr_report
0.2762,20,19,mmwave,4,10.2023,4,10.2023,0,-5,false,-1,-1,-1,-1,measurement,native_mmwave_sinr_report
0.2778,16,12,mmwave,4,3.77398,4,3.77398,0,-5,false,-1,-1,-1,-1,measurement,native_mmwave_sinr_report
0.2778,17,14,mmwave,4,2.79086,4,2.79086,0,-5,false,-1,-1,-1,-1,measurement,native_mmwave_sinr_report
0.2778,18,2,mmwave,4,12.5074,4,12.5074,0,-5,false,-1,-1,-1,-1,measurement,native_mmwave_sinr_report
0.2778,19,7,mmwave,4,0.394421,4,0.394421,0,-5,false,-1,-1,-1,-1,measurement,native_mmwave_sinr_report
0.2778,20,19,mmwave,4,10.2041,4,10.2041,0,-5,false,-1,-1,-1,-1,measurement,native_mmwave_sinr_report
0.2794,16,12,mmwave,4,3.77545,4,3.77545,0,-5,false,-1,-1,-1,-1,measurement,native_mmwave_sinr_report
0.2794,17,14,mmwave,4,2.79295,4,2.79295,0,-5,false,-1,-1,-1,-1,measurement,native_mmwave_sinr_report
0.2794,18,2,mmwave,4,12.5086,4,12.5086,0,-5,false,-1,-1,-1,-1,measurement,native_mmwave_sinr_report
0.2794,19,7,mmwave,4,0.396157,4,0.396157,0,-5,false,-1,-1,-1,-1,measurement,native_mmwave_sinr_report
0.2794,20,19,mmwave,4,10.206,4,10.206,0,-5,false,-1,-1,-1,-1,measurement,native_mmwave_sinr_report
0.281,16,12,mmwave,4,3.77691,4,3.77691,0,-5,false,-1,-1,-1,-1,measurement,native_mmwave_sinr_report
0.281,17,14,mmwave,4,2.79504,4,2.79504,0,-5,false,-1,-1,-1,-1,measurement,native_mmwave_sinr_report
0.281,18,2,mmwave,4,12.5098,4,12.5098,0,-5,false,-1,-1,-1,-1,measurement,native_mmwave_sinr_report
0.281,19,7,mmwave,4,0.397894,4,0.397894,0,-5,false,-1,-1,-1,-1,measurement,native_mmwave_sinr_report
0.281,20,19,mmwave,4,10.2078,4,10.2078,0,-5,false,-1,-1,-1,-1,measurement,native_mmwave_sinr_report
0.2826,16,12,mmwave,4,3.77837,4,3.77837,0,-5,false,-1,-1,-1,-1,measurement,native_mmwave_sinr_report
0.2826,17,14,mmwave,4,2.79714,4,2.79714,0,-5,false,-1,-1,-1,-1,measurement,native_mmwave_sinr_report
0.2826,18,2,mmwave,4,12.511,4,12.511,0,-5,false,-1,-1,-1,-1,measurement,native_mmwave_sinr_report
0.2826,19,7,mmwave,4,0.399631,4,0.399631,0,-5,false,-1,-1,-1,-1,measurement,native_mmwave_sinr_report
0.2826,20,19,mmwave,4,10.2096,4,10.2096,0,-5,false,-1,-1,-1,-1,measurement,native_mmwave_sinr_report
0.2842,16,12,mmwave,4,3.77983,4,3.77983,0,-5,false,-1,-1,-1,-1,measurement,native_mmwave_sinr_report
0.2842,17,14,mmwave,4,2.79923,4,2.79923,0,-5,false,-1,-1,-1,-1,measurement,native_mmwave_sinr_report
0.2842,18,2,mmwave,4,12.5122,4,12.5122,0,-5,false,-1,-1,-1,-1,measurement,native_mmwave_sinr_report
0.2842,19,7,mmwave,4,0.401368,4,0.401368,0,-5,false,-1,-1,-1,-1,measurement,native_mmwave_sinr_report
0.2842,20,19,mmwave,4,10.2115,4,10.2115,0,-5,false,-1,-1,-1,-1,measurement,native_mmwave_sinr_report
0.2858,16,12,mmwave,4,3.78129,4,3.78129,0,-5,false,-1,-1,-1,-1,measurement,native_mmwave_sinr_report
0.2858,17,14,mmwave,4,2.80133,4,2.80133,0,-5,false,-1,-1,-1,-1,measurement,native_mmwave_sinr_report
0.2858,18,2,mmwave,4,12.5133,4,12.5133,0,-5,false,-1,-1,-1,-1,measurement,native_mmwave_sinr_report
0.2858,19,7,mmwave,4,0.403105,4,0.403105,0,-5,false,-1,-1,-1,-1,measurement,native_mmwave_sinr_report
0.2858,20,19,mmwave,4,10.2133,4,10.2133,0,-5,false,-1,-1,-1,-1,measurement,native_mmwave_sinr_report
0.2874,16,12,mmwave,4,3.78275,4,3.78275,0,-5,false,-1,-1,-1,-1,measurement,native_mmwave_sinr_report
0.2874,17,14,mmwave,4,2.80342,4,2.80342,0,-5,false,-1,-1,-1,-1,measurement,native_mmwave_sinr_report
0.2874,18,2,mmwave,4,12.5145,4,12.5145,0,-5,false,-1,-1,-1,-1,measurement,native_mmwave_sinr_report
0.2874,19,7,mmwave,4,0.404843,4,0.404843,0,-5,false,-1,-1,-1,-1,measurement,native_mmwave_sinr_report
0.2874,20,19,mmwave,4,10.2152,4,10.2152,0,-5,false,-1,-1,-1,-1,measurement,native_mmwave_sinr_report
0.289,16,12,mmwave,4,3.78422,4,3.78422,0,-5,false,-1,-1,-1,-1,measurement,native_mmwave_sinr_report
0.289,17,14,mmwave,4,2.80552,4,2.80552,0,-5,false,-1,-1,-1,-1,measurement,native_mmwave_sinr_report
0.289,18,2,mmwave,4,12.5157,4,12.5157,0,-5,false,-1,-1,-1,-1,measurement,native_mmwave_sinr_report
0.289,19,7,mmwave,4,0.40658,4,0.40658,0,-5,false,-1,-1,-1,-1,measurement,native_mmwave_sinr_report
0.289,20,19,mmwave,4,10.217,4,10.217,0,-5,false,-1,-1,-1,-1,measurement,native_mmwave_sinr_report
0.2906,16,12,mmwave,4,3.78568,4,3.78568,0,-5,false,-1,-1,-1,-1,measurement,native_mmwave_sinr_report
0.2906,17,14,mmwave,4,2.80762,4,2.80762,0,-5,false,-1,-1,-1,-1,measurement,native_mmwave_sinr_report
0.2906,18,2,mmwave,4,12.5169,4,12.5169,0,-5,false,-1,-1,-1,-1,measurement,native_mmwave_sinr_report
0.2906,19,7,mmwave,4,0.408318,4,0.408318,0,-5,false,-1,-1,-1,-1,measurement,native_mmwave_sinr_report
0.2906,20,19,mmwave,4,10.2189,4,10.2189,0,-5,false,-1,-1,-1,-1,measurement,native_mmwave_sinr_report
0.2922,16,12,mmwave,4,3.78714,4,3.78714,0,-5,false,-1,-1,-1,-1,measurement,native_mmwave_sinr_report
0.2922,17,14,mmwave,4,2.80971,4,2.80971,0,-5,false,-1,-1,-1,-1,measurement,native_mmwave_sinr_report
0.2922,18,2,mmwave,4,12.5181,4,12.5181,0,-5,false,-1,-1,-1,-1,measurement,native_mmwave_sinr_report
0.2922,19,7,mmwave,4,0.410056,4,0.410056,0,-5,false,-1,-1,-1,-1,measurement,native_mmwave_sinr_report
0.2922,20,19,mmwave,4,10.2207,4,10.2207,0,-5,false,-1,-1,-1,-1,measurement,native_mmwave_sinr_report
0.2938,16,12,mmwave,4,3.7886,4,3.7886,0,-5,false,-1,-1,-1,-1,measurement,native_mmwave_sinr_report
0.2938,17,14,mmwave,4,2.81181,4,2.81181,0,-5,false,-1,-1,-1,-1,measurement,native_mmwave_sinr_report
0.2938,18,2,mmwave,4,12.5193,4,12.5193,0,-5,false,-1,-1,-1,-1,measurement,native_mmwave_sinr_report
0.2938,19,7,mmwave,4,0.411794,4,0.411794,0,-5,false,-1,-1,-1,-1,measurement,native_mmwave_sinr_report
0.2938,20,19,mmwave,4,10.2225,4,10.2225,0,-5,false,-1,-1,-1,-1,measurement,native_mmwave_sinr_report
0.2954,16,12,mmwave,4,3.79007,4,3.79007,0,-5,false,-1,-1,-1,-1,measurement,native_mmwave_sinr_report
0.2954,17,14,mmwave,4,2.81391,4,2.81391,0,-5,false,-1,-1,-1,-1,measurement,native_mmwave_sinr_report
0.2954,18,2,mmwave,4,12.5205,4,12.5205,0,-5,false,-1,-1,-1,-1,measurement,native_mmwave_sinr_report
0.2954,19,7,mmwave,4,0.413533,4,0.413533,0,-5,false,-1,-1,-1,-1,measurement,native_mmwave_sinr_report
0.2954,20,19,mmwave,4,10.2244,4,10.2244,0,-5,false,-1,-1,-1,-1,measurement,native_mmwave_sinr_report
0.297,16,12,mmwave,4,3.79153,4,3.79153,0,-5,false,-1,-1,-1,-1,measurement,native_mmwave_sinr_report
0.297,17,14,mmwave,4,2.816,4,2.816,0,-5,false,-1,-1,-1,-1,measurement,native_mmwave_sinr_report
0.297,18,2,mmwave,4,12.5217,4,12.5217,0,-5,false,-1,-1,-1,-1,measurement,native_mmwave_sinr_report
0.297,19,7,mmwave,4,0.415271,4,0.415271,0,-5,false,-1,-1,-1,-1,measurement,native_mmwave_sinr_report
0.297,20,19,mmwave,4,10.2262,4,10.2262,0,-5,false,-1,-1,-1,-1,measurement,native_mmwave_sinr_report
0.2986,16,12,mmwave,4,3.79299,4,3.79299,0,-5,false,-1,-1,-1,-1,measurement,native_mmwave_sinr_report
0.2986,17,14,mmwave,4,2.8181,4,2.8181,0,-5,false,-1,-1,-1,-1,measurement,native_mmwave_sinr_report
0.2986,18,2,mmwave,4,12.5229,4,12.5229,0,-5,false,-1,-1,-1,-1,measurement,native_mmwave_sinr_report
0.2986,19,7,mmwave,4,0.41701,4,0.41701,0,-5,false,-1,-1,-1,-1,measurement,native_mmwave_sinr_report
0.2986,20,19,mmwave,4,10.2281,4,10.2281,0,-5,false,-1,-1,-1,-1,measurement,native_mmwave_sinr_report
0.3002,16,12,mmwave,4,3.79446,4,3.79446,0,-5,false,-1,-1,-1,-1,measurement,native_mmwave_sinr_report
0.3002,17,14,mmwave,4,2.8202,4,2.8202,0,-5,false,-1,-1,-1,-1,measurement,native_mmwave_sinr_report
0.3002,18,2,mmwave,4,12.5241,4,12.5241,0,-5,false,-1,-1,-1,-1,measurement,native_mmwave_sinr_report
0.3002,19,7,mmwave,4,0.418749,4,0.418749,0,-5,false,-1,-1,-1,-1,measurement,native_mmwave_sinr_report
0.3002,20,19,mmwave,4,10.2299,4,10.2299,0,-5,false,-1,-1,-1,-1,measurement,native_mmwave_sinr_report
0.3018,16,12,mmwave,4,3.79592,4,3.79592,0,-5,false,-1,-1,-1,-1,measurement,native_mmwave_sinr_report
0.3018,17,14,mmwave,4,2.8223,4,2.8223,0,-5,false,-1,-1,-1,-1,measurement,native_mmwave_sinr_report
0.3018,18,2,mmwave,4,12.5252,4,12.5252,0,-5,false,-1,-1,-1,-1,measurement,native_mmwave_sinr_report
0.3018,19,7,mmwave,4,0.420488,4,0.420488,0,-5,false,-1,-1,-1,-1,measurement,native_mmwave_sinr_report
0.3018,20,19,mmwave,4,-0.770053,4,-0.770053,0,-5,false,-1,-1,-1,-1,measurement,native_mmwave_sinr_report
0.3034,16,12,mmwave,4,3.79738,4,3.79738,0,-5,false,-1,-1,-1,-1,measurement,native_mmwave_sinr_report
0.3034,17,14,mmwave,4,2.8244,4,2.8244,0,-5,false,-1,-1,-1,-1,measurement,native_mmwave_sinr_report
0.3034,18,2,mmwave,4,12.5264,4,12.5264,0,-5,false,-1,-1,-1,-1,measurement,native_mmwave_sinr_report
0.3034,19,7,mmwave,4,0.422228,4,0.422228,0,-5,false,-1,-1,-1,-1,measurement,native_mmwave_sinr_report
0.3034,20,19,mmwave,4,-0.768425,4,-0.768425,0,-5,false,-1,-1,-1,-1,measurement,native_mmwave_sinr_report
0.305,16,12,mmwave,4,3.79885,4,3.79885,0,-5,false,-1,-1,-1,-1,measurement,native_mmwave_sinr_report
0.305,17,14,mmwave,4,2.82649,4,2.82649,0,-5,false,-1,-1,-1,-1,measurement,native_mmwave_sinr_report
0.305,18,2,mmwave,4,12.5276,4,12.5276,0,-5,false,-1,-1,-1,-1,measurement,native_mmwave_sinr_report
0.305,19,7,mmwave,4,0.423967,4,0.423967,0,-5,false,-1,-1,-1,-1,measurement,native_mmwave_sinr_report
0.305,20,19,mmwave,4,-0.766797,4,-0.766797,0,-5,false,-1,-1,-1,-1,measurement,native_mmwave_sinr_report
0.3066,16,12,mmwave,4,3.80031,4,3.80031,0,-5,false,-1,-1,-1,-1,measurement,native_mmwave_sinr_report
0.3066,17,14,mmwave,4,2.82859,4,2.82859,0,-5,false,-1,-1,-1,-1,measurement,native_mmwave_sinr_report
0.3066,18,2,mmwave,4,12.5288,4,12.5288,0,-5,false,-1,-1,-1,-1,measurement,native_mmwave_sinr_report
0.3066,19,7,mmwave,4,0.425707,4,0.425707,0,-5,false,-1,-1,-1,-1,measurement,native_mmwave_sinr_report
0.3066,20,19,mmwave,4,-0.765168,4,-0.765168,0,-5,false,-1,-1,-1,-1,measurement,native_mmwave_sinr_report
0.3082,16,12,mmwave,4,3.80178,4,3.80178,0,-5,false,-1,-1,-1,-1,measurement,native_mmwave_sinr_report
0.3082,17,14,mmwave,4,2.83069,4,2.83069,0,-5,false,-1,-1,-1,-1,measurement,native_mmwave_sinr_report
0.3082,18,2,mmwave,4,12.53,4,12.53,0,-5,false,-1,-1,-1,-1,measurement,native_mmwave_sinr_report
0.3082,19,7,mmwave,4,0.427447,4,0.427447,0,-5,false,-1,-1,-1,-1,measurement,native_mmwave_sinr_report
0.3082,20,19,mmwave,4,-0.76354,4,-0.76354,0,-5,false,-1,-1,-1,-1,measurement,native_mmwave_sinr_report
0.3098,16,12,mmwave,4,3.80324,4,3.80324,0,-5,false,-1,-1,-1,-1,measurement,native_mmwave_sinr_report
0.3098,17,14,mmwave,4,2.83279,4,2.83279,0,-5,false,-1,-1,-1,-1,measurement,native_mmwave_sinr_report
0.3098,18,2,mmwave,4,12.5312,4,12.5312,0,-5,false,-1,-1,-1,-1,measurement,native_mmwave_sinr_report
0.3098,19,7,mmwave,4,0.429187,4,0.429187,0,-5,false,-1,-1,-1,-1,measurement,native_mmwave_sinr_report
0.3098,20,19,mmwave,4,-0.761911,4,-0.761911,0,-5,false,-1,-1,-1,-1,measurement,native_mmwave_sinr_report
0.3114,16,12,mmwave,4,3.8047,4,3.8047,0,-5,false,-1,-1,-1,-1,measurement,native_mmwave_sinr_report
0.3114,17,14,mmwave,4,2.83489,4,2.83489,0,-5,false,-1,-1,-1,-1,measurement,native_mmwave_sinr_report
0.3114,18,2,mmwave,4,12.5324,4,12.5324,0,-5,false,-1,-1,-1,-1,measurement,native_mmwave_sinr_report
0.3114,19,7,mmwave,4,0.430928,4,0.430928,0,-5,false,-1,-1,-1,-1,measurement,native_mmwave_sinr_report
0.3114,20,19,mmwave,4,-0.760282,4,-0.760282,0,-5,false,-1,-1,-1,-1,measurement,native_mmwave_sinr_report
0.313,16,12,mmwave,4,3.80617,4,3.80617,0,-5,false,-1,-1,-1,-1,measurement,native_mmwave_sinr_report
0.313,17,14,mmwave,4,2.83699,4,2.83699,0,-5,false,-1,-1,-1,-1,measurement,native_mmwave_sinr_report
0.313,18,2,mmwave,4,12.5336,4,12.5336,0,-5,false,-1,-1,-1,-1,measurement,native_mmwave_sinr_report
0.313,19,7,mmwave,4,0.432668,4,0.432668,0,-5,false,-1,-1,-1,-1,measurement,native_mmwave_sinr_report
0.313,20,19,mmwave,4,-0.758653,4,-0.758653,0,-5,false,-1,-1,-1,-1,measurement,native_mmwave_sinr_report
0.3146,16,12,mmwave,4,3.80763,4,3.80763,0,-5,false,-1,-1,-1,-1,measurement,native_mmwave_sinr_report
0.3146,17,14,mmwave,4,2.83909,4,2.83909,0,-5,false,-1,-1,-1,-1,measurement,native_mmwave_sinr_report
0.3146,18,2,mmwave,4,12.5348,4,12.5348,0,-5,false,-1,-1,-1,-1,measurement,native_mmwave_sinr_report
0.3146,19,7,mmwave,4,0.434409,4,0.434409,0,-5,false,-1,-1,-1,-1,measurement,native_mmwave_sinr_report
0.3146,20,19,mmwave,4,-0.757023,4,-0.757023,0,-5,false,-1,-1,-1,-1,measurement,native_mmwave_sinr_report
0.3162,16,12,mmwave,4,3.8091,4,3.8091,0,-5,false,-1,-1,-1,-1,measurement,native_mmwave_sinr_report
0.3162,17,14,mmwave,4,2.84119,4,2.84119,0,-5,false,-1,-1,-1,-1,measurement,native_mmwave_sinr_report
0.3162,18,2,mmwave,4,12.536,4,12.536,0,-5,false,-1,-1,-1,-1,measurement,native_mmwave_sinr_report
0.3162,19,7,mmwave,4,0.43615,4,0.43615,0,-5,false,-1,-1,-1,-1,measurement,native_mmwave_sinr_report
0.3162,20,19,mmwave,4,-0.755394,4,-0.755394,0,-5,false,-1,-1,-1,-1,measurement,native_mmwave_sinr_report
0.3178,16,12,mmwave,4,3.81056,4,3.81056,0,-5,false,-1,-1,-1,-1,measurement,native_mmwave_sinr_report
0.3178,17,14,mmwave,4,2.84329,4,2.84329,0,-5,false,-1,-1,-1,-1,measurement,native_mmwave_sinr_report
0.3178,18,2,mmwave,4,12.5372,4,12.5372,0,-5,false,-1,-1,-1,-1,measurement,native_mmwave_sinr_report
0.3178,19,7,mmwave,4,0.437891,4,0.437891,0,-5,false,-1,-1,-1,-1,measurement,native_mmwave_sinr_report
0.3178,20,19,mmwave,4,-0.753764,4,-0.753764,0,-5,false,-1,-1,-1,-1,measurement,native_mmwave_sinr_report
0.3194,16,12,mmwave,4,3.81203,4,3.81203,0,-5,false,-1,-1,-1,-1,measurement,native_mmwave_sinr_report
0.3194,17,14,mmwave,4,2.8454,4,2.8454,0,-5,false,-1,-1,-1,-1,measurement,native_mmwave_sinr_report
0.3194,18,2,mmwave,4,12.5383,4,12.5383,0,-5,false,-1,-1,-1,-1,measurement,native_mmwave_sinr_report
0.3194,19,7,mmwave,4,0.439633,4,0.439633,0,-5,false,-1,-1,-1,-1,measurement,native_mmwave_sinr_report
0.3194,20,19,mmwave,4,-0.752134,4,-0.752134,0,-5,false,-1,-1,-1,-1,measurement,native_mmwave_sinr_report
0.321,16,12,mmwave,4,3.81349,4,3.81349,0,-5,false,-1,-1,-1,-1,measurement,native_mmwave_sinr_report
0.321,17,14,mmwave,4,2.8475,4,2.8475,0,-5,false,-1,-1,-1,-1,measurement,native_mmwave_sinr_report
0.321,18,2,mmwave,4,12.5395,4,12.5395,0,-5,false,-1,-1,-1,-1,measurement,native_mmwave_sinr_report
0.321,19,7,mmwave,4,0.441374,4,0.441374,0,-5,false,-1,-1,-1,-1,measurement,native_mmwave_sinr_report
0.321,20,19,mmwave,4,-0.750504,4,-0.750504,0,-5,false,-1,-1,-1,-1,measurement,native_mmwave_sinr_report
0.3226,16,12,mmwave,4,3.81496,4,3.81496,0,-5,false,-1,-1,-1,-1,measurement,native_mmwave_sinr_report
0.3226,17,14,mmwave,4,2.8496,4,2.8496,0,-5,false,-1,-1,-1,-1,measurement,native_mmwave_sinr_report
0.3226,18,2,mmwave,4,12.5407,4,12.5407,0,-5,false,-1,-1,-1,-1,measurement,native_mmwave_sinr_report
0.3226,19,7,mmwave,4,0.443116,4,0.443116,0,-5,false,-1,-1,-1,-1,measurement,native_mmwave_sinr_report
0.3226,20,19,mmwave,4,-0.748874,4,-0.748874,0,-5,false,-1,-1,-1,-1,measurement,native_mmwave_sinr_report
0.3242,16,12,mmwave,4,3.81642,4,3.81642,0,-5,false,-1,-1,-1,-1,measurement,native_mmwave_sinr_report
0.3242,17,14,mmwave,4,2.8517,4,2.8517,0,-5,false,-1,-1,-1,-1,measurement,native_mmwave_sinr_report
0.3242,18,2,mmwave,4,12.5419,4,12.5419,0,-5,false,-1,-1,-1,-1,measurement,native_mmwave_sinr_report
0.3242,19,7,mmwave,4,0.444858,4,0.444858,0,-5,false,-1,-1,-1,-1,measurement,native_mmwave_sinr_report
0.3242,20,19,mmwave,4,-0.747243,4,-0.747243,0,-5,false,-1,-1,-1,-1,measurement,native_mmwave_sinr_report
0.3258,16,12,mmwave,4,3.81789,4,3.81789,0,-5,false,-1,-1,-1,-1,measurement,native_mmwave_sinr_report
0.3258,17,14,mmwave,4,2.8538,4,2.8538,0,-5,false,-1,-1,-1,-1,measurement,native_mmwave_sinr_report
0.3258,18,2,mmwave,4,12.5431,4,12.5431,0,-5,false,-1,-1,-1,-1,measurement,native_mmwave_sinr_report
0.3258,19,7,mmwave,4,0.4466,4,0.4466,0,-5,false,-1,-1,-1,-1,measurement,native_mmwave_sinr_report
0.3258,20,19,mmwave,4,-0.745613,4,-0.745613,0,-5,false,-1,-1,-1,-1,measurement,native_mmwave_sinr_report
0.3274,16,12,mmwave,4,3.81935,4,3.81935,0,-5,false,-1,-1,-1,-1,measurement,native_mmwave_sinr_report
0.3274,17,14,mmwave,4,2.85591,4,2.85591,0,-5,false,-1,-1,-1,-1,measurement,native_mmwave_sinr_report
0.3274,18,2,mmwave,4,12.5443,4,12.5443,0,-5,false,-1,-1,-1,-1,measurement,native_mmwave_sinr_report
0.3274,19,7,mmwave,4,0.448342,4,0.448342,0,-5,false,-1,-1,-1,-1,measurement,native_mmwave_sinr_report
0.3274,20,19,mmwave,4,-0.743982,4,-0.743982,0,-5,false,-1,-1,-1,-1,measurement,native_mmwave_sinr_report
0.329,16,12,mmwave,4,3.82082,4,3.82082,0,-5,false,-1,-1,-1,-1,measurement,native_mmwave_sinr_report
0.329,17,14,mmwave,4,2.85801,4,2.85801,0,-5,false,-1,-1,-1,-1,measurement,native_mmwave_sinr_report
0.329,18,2,mmwave,4,12.5455,4,12.5455,0,-5,false,-1,-1,-1,-1,measurement,native_mmwave_sinr_report
0.329,19,7,mmwave,4,0.450085,4,0.450085,0,-5,false,-1,-1,-1,-1,measurement,native_mmwave_sinr_report
0.329,20,19,mmwave,4,-0.742351,4,-0.742351,0,-5,false,-1,-1,-1,-1,measurement,native_mmwave_sinr_report
0.3306,16,12,mmwave,4,3.82228,4,3.82228,0,-5,false,-1,-1,-1,-1,measurement,native_mmwave_sinr_report
0.3306,17,14,mmwave,4,2.86011,4,2.86011,0,-5,false,-1,-1,-1,-1,measurement,native_mmwave_sinr_report
0.3306,18,2,mmwave,4,12.5467,4,12.5467,0,-5,false,-1,-1,-1,-1,measurement,native_mmwave_sinr_report
0.3306,19,7,mmwave,4,0.451828,4,0.451828,0,-5,false,-1,-1,-1,-1,measurement,native_mmwave_sinr_report
0.3306,20,19,mmwave,4,-0.74072,4,-0.74072,0,-5,false,-1,-1,-1,-1,measurement,native_mmwave_sinr_report
0.3322,16,12,mmwave,4,3.82375,4,3.82375,0,-5,false,-1,-1,-1,-1,measurement,native_mmwave_sinr_report
0.3322,17,14,mmwave,4,2.86222,4,2.86222,0,-5,false,-1,-1,-1,-1,measurement,native_mmwave_sinr_report
0.3322,18,2,mmwave,4,12.5479,4,12.5479,0,-5,false,-1,-1,-1,-1,measurement,native_mmwave_sinr_report
0.3322,19,7,mmwave,4,0.453571,4,0.453571,0,-5,false,-1,-1,-1,-1,measurement,native_mmwave_sinr_report
0.3322,20,19,mmwave,4,-0.739089,4,-0.739089,0,-5,false,-1,-1,-1,-1,measurement,native_mmwave_sinr_report
0.3338,16,12,mmwave,4,3.82522,4,3.82522,0,-5,false,-1,-1,-1,-1,measurement,native_mmwave_sinr_report
0.3338,17,14,mmwave,4,2.86432,4,2.86432,0,-5,false,-1,-1,-1,-1,measurement,native_mmwave_sinr_report
0.3338,18,2,mmwave,4,12.5491,4,12.5491,0,-5,false,-1,-1,-1,-1,measurement,native_mmwave_sinr_report
0.3338,19,7,mmwave,4,0.455314,4,0.455314,0,-5,false,-1,-1,-1,-1,measurement,native_mmwave_sinr_report
0.3338,20,19,mmwave,4,-0.737458,4,-0.737458,0,-5,false,-1,-1,-1,-1,measurement,native_mmwave_sinr_report
0.3354,16,12,mmwave,4,3.82668,4,3.82668,0,-5,false,-1,-1,-1,-1,measurement,native_mmwave_sinr_report
0.3354,17,14,mmwave,4,2.86642,4,2.86642,0,-5,false,-1,-1,-1,-1,measurement,native_mmwave_sinr_report
0.3354,18,2,mmwave,4,12.5503,4,12.5503,0,-5,false,-1,-1,-1,-1,measurement,native_mmwave_sinr_report
0.3354,19,7,mmwave,4,0.457057,4,0.457057,0,-5,false,-1,-1,-1,-1,measurement,native_mmwave_sinr_report
0.3354,20,19,mmwave,4,-0.735826,4,-0.735826,0,-5,false,-1,-1,-1,-1,measurement,native_mmwave_sinr_report
0.337,16,12,mmwave,4,3.82815,4,3.82815,0,-5,false,-1,-1,-1,-1,measurement,native_mmwave_sinr_report
0.337,17,14,mmwave,4,2.86853,4,2.86853,0,-5,false,-1,-1,-1,-1,measurement,native_mmwave_sinr_report
0.337,18,2,mmwave,4,12.5515,4,12.5515,0,-5,false,-1,-1,-1,-1,measurement,native_mmwave_sinr_report
0.337,19,7,mmwave,4,0.458801,4,0.458801,0,-5,false,-1,-1,-1,-1,measurement,native_mmwave_sinr_report
0.337,20,19,mmwave,4,-0.734194,4,-0.734194,0,-5,false,-1,-1,-1,-1,measurement,native_mmwave_sinr_report
0.3386,16,12,mmwave,4,3.82962,4,3.82962,0,-5,false,-1,-1,-1,-1,measurement,native_mmwave_sinr_report
0.3386,17,14,mmwave,4,2.87063,4,2.87063,0,-5,false,-1,-1,-1,-1,measurement,native_mmwave_sinr_report
0.3386,18,2,mmwave,4,12.5526,4,12.5526,0,-5,false,-1,-1,-1,-1,measurement,native_mmwave_sinr_report
0.3386,19,7,mmwave,4,0.460545,4,0.460545,0,-5,false,-1,-1,-1,-1,measurement,native_mmwave_sinr_report
0.3386,20,19,mmwave,4,-0.732562,4,-0.732562,0,-5,false,-1,-1,-1,-1,measurement,native_mmwave_sinr_report
0.3402,16,12,mmwave,4,3.83108,4,3.83108,0,-5,false,-1,-1,-1,-1,measurement,native_mmwave_sinr_report
0.3402,17,14,mmwave,4,2.87274,4,2.87274,0,-5,false,-1,-1,-1,-1,measurement,native_mmwave_sinr_report
0.3402,18,2,mmwave,4,12.5538,4,12.5538,0,-5,false,-1,-1,-1,-1,measurement,native_mmwave_sinr_report
0.3402,19,7,mmwave,4,0.462288,4,0.462288,0,-5,false,-1,-1,-1,-1,measurement,native_mmwave_sinr_report
0.3402,20,19,mmwave,4,-0.73093,4,-0.73093,0,-5,false,-1,-1,-1,-1,measurement,native_mmwave_sinr_report
0.3418,16,12,mmwave,4,3.83255,4,3.83255,0,-5,false,-1,-1,-1,-1,measurement,native_mmwave_sinr_report
0.3418,17,14,mmwave,4,2.87484,4,2.87484,0,-5,false,-1,-1,-1,-1,measurement,native_mmwave_sinr_report
0.3418,18,2,mmwave,4,12.555,4,12.555,0,-5,false,-1,-1,-1,-1,measurement,native_mmwave_sinr_report
0.3418,19,7,mmwave,4,0.464033,4,0.464033,0,-5,false,-1,-1,-1,-1,measurement,native_mmwave_sinr_report
0.3418,20,19,mmwave,4,-0.729298,4,-0.729298,0,-5,false,-1,-1,-1,-1,measurement,native_mmwave_sinr_report
0.3434,16,12,mmwave,4,3.83402,4,3.83402,0,-5,false,-1,-1,-1,-1,measurement,native_mmwave_sinr_report
0.3434,17,14,mmwave,4,2.87695,4,2.87695,0,-5,false,-1,-1,-1,-1,measurement,native_mmwave_sinr_report
0.3434,18,2,mmwave,4,12.5562,4,12.5562,0,-5,false,-1,-1,-1,-1,measurement,native_mmwave_sinr_report
0.3434,19,7,mmwave,4,0.465777,4,0.465777,0,-5,false,-1,-1,-1,-1,measurement,native_mmwave_sinr_report
0.3434,20,19,mmwave,4,-0.727666,4,-0.727666,0,-5,false,-1,-1,-1,-1,measurement,native_mmwave_sinr_report
0.345,16,12,mmwave,4,3.83548,4,3.83548,0,-5,false,-1,-1,-1,-1,measurement,native_mmwave_sinr_report
0.345,17,14,mmwave,4,2.87906,4,2.87906,0,-5,false,-1,-1,-1,-1,measurement,native_mmwave_sinr_report
0.345,18,2,mmwave,4,12.5574,4,12.5574,0,-5,false,-1,-1,-1,-1,measurement,native_mmwave_sinr_report
0.345,19,7,mmwave,4,0.467521,4,0.467521,0,-5,false,-1,-1,-1,-1,measurement,native_mmwave_sinr_report
0.345,20,19,mmwave,4,-0.726033,4,-0.726033,0,-5,false,-1,-1,-1,-1,measurement,native_mmwave_sinr_report
0.3466,16,12,mmwave,4,3.83695,4,3.83695,0,-5,false,-1,-1,-1,-1,measurement,native_mmwave_sinr_report
0.3466,17,14,mmwave,4,2.88116,4,2.88116,0,-5,false,-1,-1,-1,-1,measurement,native_mmwave_sinr_report
0.3466,18,2,mmwave,4,12.5586,4,12.5586,0,-5,false,-1,-1,-1,-1,measurement,native_mmwave_sinr_report
0.3466,19,7,mmwave,4,0.469266,4,0.469266,0,-5,false,-1,-1,-1,-1,measurement,native_mmwave_sinr_report
0.3466,20,19,mmwave,4,-0.7244,4,-0.7244,0,-5,false,-1,-1,-1,-1,measurement,native_mmwave_sinr_report
0.3482,16,12,mmwave,4,3.83842,4,3.83842,0,-5,false,-1,-1,-1,-1,measurement,native_mmwave_sinr_report
0.3482,17,14,mmwave,4,2.88327,4,2.88327,0,-5,false,-1,-1,-1,-1,measurement,native_mmwave_sinr_report
0.3482,18,2,mmwave,4,12.5598,4,12.5598,0,-5,false,-1,-1,-1,-1,measurement,native_mmwave_sinr_report
0.3482,19,7,mmwave,4,0.471011,4,0.471011,0,-5,false,-1,-1,-1,-1,measurement,native_mmwave_sinr_report
0.3482,20,19,mmwave,4,-0.722767,4,-0.722767,0,-5,false,-1,-1,-1,-1,measurement,native_mmwave_sinr_report
0.3498,16,12,mmwave,4,3.83988,4,3.83988,0,-5,false,-1,-1,-1,-1,measurement,native_mmwave_sinr_report
0.3498,17,14,mmwave,4,2.88537,4,2.88537,0,-5,false,-1,-1,-1,-1,measurement,native_mmwave_sinr_report
0.3498,18,2,mmwave,4,12.561,4,12.561,0,-5,false,-1,-1,-1,-1,measurement,native_mmwave_sinr_report
0.3498,19,7,mmwave,4,0.472756,4,0.472756,0,-5,false,-1,-1,-1,-1,measurement,native_mmwave_sinr_report
0.3498,20,19,mmwave,4,-0.721134,4,-0.721134,0,-5,false,-1,-1,-1,-1,measurement,native_mmwave_sinr_report
0.3514,16,12,mmwave,4,3.84135,4,3.84135,0,-5,false,-1,-1,-1,-1,measurement,native_mmwave_sinr_report
0.3514,17,14,mmwave,4,2.88748,4,2.88748,0,-5,false,-1,-1,-1,-1,measurement,native_mmwave_sinr_report
0.3514,18,2,mmwave,4,12.5622,4,12.5622,0,-5,false,-1,-1,-1,-1,measurement,native_mmwave_sinr_report
0.3514,19,7,mmwave,4,0.474502,4,0.474502,0,-5,false,-1,-1,-1,-1,measurement,native_mmwave_sinr_report
0.3514,20,19,mmwave,4,-0.719501,4,-0.719501,0,-5,false,-1,-1,-1,-1,measurement,native_mmwave_sinr_report
0.353,16,12,mmwave,4,3.84282,4,3.84282,0,-5,false,-1,-1,-1,-1,measurement,native_mmwave_sinr_report
0.353,17,14,mmwave,4,2.88959,4,2.88959,0,-5,false,-1,-1,-1,-1,measurement,native_mmwave_sinr_report
0.353,18,2,mmwave,4,12.5634,4,12.5634,0,-5,false,-1,-1,-1,-1,measurement,native_mmwave_sinr_report
0.353,19,7,mmwave,4,0.476247,4,0.476247,0,-5,false,-1,-1,-1,-1,measurement,native_mmwave_sinr_report
0.353,20,19,mmwave,4,-0.717867,4,-0.717867,0,-5,false,-1,-1,-1,-1,measurement,native_mmwave_sinr_report
0.3546,16,12,mmwave,4,3.84429,4,3.84429,0,-5,false,-1,-1,-1,-1,measurement,native_mmwave_sinr_report
0.3546,17,14,mmwave,4,2.8917,4,2.8917,0,-5,false,-1,-1,-1,-1,measurement,native_mmwave_sinr_report
0.3546,18,2,mmwave,4,12.5646,4,12.5646,0,-5,false,-1,-1,-1,-1,measurement,native_mmwave_sinr_report
0.3546,19,7,mmwave,4,0.477993,4,0.477993,0,-5,false,-1,-1,-1,-1,measurement,native_mmwave_sinr_report
0.3546,20,19,mmwave,4,-0.716234,4,-0.716234,0,-5,false,-1,-1,-1,-1,measurement,native_mmwave_sinr_report
0.3562,16,12,mmwave,4,3.84576,4,3.84576,0,-5,false,-1,-1,-1,-1,measurement,native_mmwave_sinr_report
0.3562,17,14,mmwave,4,2.8938,4,2.8938,0,-5,false,-1,-1,-1,-1,measurement,native_mmwave_sinr_report
0.3562,18,2,mmwave,4,12.5658,4,12.5658,0,-5,false,-1,-1,-1,-1,measurement,native_mmwave_sinr_report
0.3562,19,7,mmwave,4,0.479739,4,0.479739,0,-5,false,-1,-1,-1,-1,measurement,native_mmwave_sinr_report
0.3562,20,19,mmwave,4,-0.7146,4,-0.7146,0,-5,false,-1,-1,-1,-1,measurement,native_mmwave_sinr_report
0.3578,16,12,mmwave,4,3.84722,4,3.84722,0,-5,false,-1,-1,-1,-1,measurement,native_mmwave_sinr_report
0.3578,17,14,mmwave,4,2.89591,4,2.89591,0,-5,false,-1,-1,-1,-1,measurement,native_mmwave_sinr_report
0.3578,18,2,mmwave,4,12.567,4,12.567,0,-5,false,-1,-1,-1,-1,measurement,native_mmwave_sinr_report
0.3578,19,7,mmwave,4,0.481485,4,0.481485,0,-5,false,-1,-1,-1,-1,measurement,native_mmwave_sinr_report
0.3578,20,19,mmwave,4,-0.712966,4,-0.712966,0,-5,false,-1,-1,-1,-1,measurement,native_mmwave_sinr_report
0.3594,16,12,mmwave,4,3.84869,4,3.84869,0,-5,false,-1,-1,-1,-1,measurement,native_mmwave_sinr_report
0.3594,17,14,mmwave,4,2.89802,4,2.89802,0,-5,false,-1,-1,-1,-1,measurement,native_mmwave_sinr_report
0.3594,18,2,mmwave,4,12.5682,4,12.5682,0,-5,false,-1,-1,-1,-1,measurement,native_mmwave_sinr_report
0.3594,19,7,mmwave,4,0.483231,4,0.483231,0,-5,false,-1,-1,-1,-1,measurement,native_mmwave_sinr_report
0.3594,20,19,mmwave,4,-0.711332,4,-0.711332,0,-5,false,-1,-1,-1,-1,measurement,native_mmwave_sinr_report
0.361,16,12,mmwave,4,3.85016,4,3.85016,0,-5,false,-1,-1,-1,-1,measurement,native_mmwave_sinr_report
0.361,17,14,mmwave,4,2.90013,4,2.90013,0,-5,false,-1,-1,-1,-1,measurement,native_mmwave_sinr_report
0.361,18,2,mmwave,4,12.5693,4,12.5693,0,-5,false,-1,-1,-1,-1,measurement,native_mmwave_sinr_report
0.361,19,7,mmwave,4,0.484978,4,0.484978,0,-5,false,-1,-1,-1,-1,measurement,native_mmwave_sinr_report
0.361,20,19,mmwave,4,-0.709698,4,-0.709698,0,-5,false,-1,-1,-1,-1,measurement,native_mmwave_sinr_report
0.3626,16,12,mmwave,4,3.85163,4,3.85163,0,-5,false,-1,-1,-1,-1,measurement,native_mmwave_sinr_report
0.3626,17,14,mmwave,4,2.90224,4,2.90224,0,-5,false,-1,-1,-1,-1,measurement,native_mmwave_sinr_report
0.3626,18,2,mmwave,4,12.5705,4,12.5705,0,-5,false,-1,-1,-1,-1,measurement,native_mmwave_sinr_report
0.3626,19,7,mmwave,4,0.486724,4,0.486724,0,-5,false,-1,-1,-1,-1,measurement,native_mmwave_sinr_report
0.3626,20,19,mmwave,4,-0.708063,4,-0.708063,0,-5,false,-1,-1,-1,-1,measurement,native_mmwave_sinr_report
0.3642,16,12,mmwave,4,3.8531,4,3.8531,0,-5,false,-1,-1,-1,-1,measurement,native_mmwave_sinr_report
0.3642,17,14,mmwave,4,2.90435,4,2.90435,0,-5,false,-1,-1,-1,-1,measurement,native_mmwave_sinr_report
0.3642,18,2,mmwave,4,12.5717,4,12.5717,0,-5,false,-1,-1,-1,-1,measurement,native_mmwave_sinr_report
0.3642,19,7,mmwave,4,0.488471,4,0.488471,0,-5,false,-1,-1,-1,-1,measurement,native_mmwave_sinr_report
0.3642,20,19,mmwave,4,-0.706429,4,-0.706429,0,-5,false,-1,-1,-1,-1,measurement,native_mmwave_sinr_report
0.3658,16,12,mmwave,4,3.85457,4,3.85457,0,-5,false,-1,-1,-1,-1,measurement,native_mmwave_sinr_report
0.3658,17,14,mmwave,4,2.90646,4,2.90646,0,-5,false,-1,-1,-1,-1,measurement,native_mmwave_sinr_report
0.3658,18,2,mmwave,4,12.5729,4,12.5729,0,-5,false,-1,-1,-1,-1,measurement,native_mmwave_sinr_report
0.3658,19,7,mmwave,4,0.490218,4,0.490218,0,-5,false,-1,-1,-1,-1,measurement,native_mmwave_sinr_report
0.3658,20,19,mmwave,4,-0.704794,4,-0.704794,0,-5,false,-1,-1,-1,-1,measurement,native_mmwave_sinr_report
0.3674,16,12,mmwave,4,3.85604,4,3.85604,0,-5,false,-1,-1,-1,-1,measurement,native_mmwave_sinr_report
0.3674,17,14,mmwave,4,2.90857,4,2.90857,0,-5,false,-1,-1,-1,-1,measurement,native_mmwave_sinr_report
0.3674,18,2,mmwave,4,12.5741,4,12.5741,0,-5,false,-1,-1,-1,-1,measurement,native_mmwave_sinr_report
0.3674,19,7,mmwave,4,0.491966,4,0.491966,0,-5,false,-1,-1,-1,-1,measurement,native_mmwave_sinr_report
0.3674,20,19,mmwave,4,-0.703159,4,-0.703159,0,-5,false,-1,-1,-1,-1,measurement,native_mmwave_sinr_report
0.369,16,12,mmwave,4,3.8575,4,3.8575,0,-5,false,-1,-1,-1,-1,measurement,native_mmwave_sinr_report
0.369,17,14,mmwave,4,2.91068,4,2.91068,0,-5,false,-1,-1,-1,-1,measurement,native_mmwave_sinr_report
0.369,18,2,mmwave,4,12.5753,4,12.5753,0,-5,false,-1,-1,-1,-1,measurement,native_mmwave_sinr_report
0.369,19,7,mmwave,4,0.493713,4,0.493713,0,-5,false,-1,-1,-1,-1,measurement,native_mmwave_sinr_report
0.369,20,19,mmwave,4,-0.701524,4,-0.701524,0,-5,false,-1,-1,-1,-1,measurement,native_mmwave_sinr_report
0.3706,16,12,mmwave,4,3.85897,4,3.85897,0,-5,false,-1,-1,-1,-1,measurement,native_mmwave_sinr_report
0.3706,17,14,mmwave,4,2.91279,4,2.91279,0,-5,false,-1,-1,-1,-1,measurement,native_mmwave_sinr_report
0.3706,18,2,mmwave,4,12.5765,4,12.5765,0,-5,false,-1,-1,-1,-1,measurement,native_mmwave_sinr_report
0.3706,19,7,mmwave,4,0.495461,4,0.495461,0,-5,false,-1,-1,-1,-1,measurement,native_mmwave_sinr_report
0.3706,20,19,mmwave,4,-0.699888,4,-0.699888,0,-5,false,-1,-1,-1,-1,measurement,native_mmwave_sinr_report
0.3722,16,12,mmwave,4,3.86044,4,3.86044,0,-5,false,-1,-1,-1,-1,measurement,native_mmwave_sinr_report
0.3722,17,14,mmwave,4,2.9149,4,2.9149,0,-5,false,-1,-1,-1,-1,measurement,native_mmwave_sinr_report
0.3722,18,2,mmwave,4,12.5777,4,12.5777,0,-5,false,-1,-1,-1,-1,measurement,native_mmwave_sinr_report
0.3722,19,7,mmwave,4,0.497209,4,0.497209,0,-5,false,-1,-1,-1,-1,measurement,native_mmwave_sinr_report
0.3722,20,19,mmwave,4,-0.698253,4,-0.698253,0,-5,false,-1,-1,-1,-1,measurement,native_mmwave_sinr_report
0.3738,16,12,mmwave,4,3.86191,4,3.86191,0,-5,false,-1,-1,-1,-1,measurement,native_mmwave_sinr_report
0.3738,17,14,mmwave,4,2.91701,4,2.91701,0,-5,false,-1,-1,-1,-1,measurement,native_mmwave_sinr_report
0.3738,18,2,mmwave,4,12.5789,4,12.5789,0,-5,false,-1,-1,-1,-1,measurement,native_mmwave_sinr_report
0.3738,19,7,mmwave,4,0.498957,4,0.498957,0,-5,false,-1,-1,-1,-1,measurement,native_mmwave_sinr_report
0.3738,20,19,mmwave,4,-0.696617,4,-0.696617,0,-5,false,-1,-1,-1,-1,measurement,native_mmwave_sinr_report
0.3754,16,12,mmwave,4,3.86338,4,3.86338,0,-5,false,-1,-1,-1,-1,measurement,native_mmwave_sinr_report
0.3754,17,14,mmwave,4,2.91912,4,2.91912,0,-5,false,-1,-1,-1,-1,measurement,native_mmwave_sinr_report
0.3754,18,2,mmwave,4,12.5801,4,12.5801,0,-5,false,-1,-1,-1,-1,measurement,native_mmwave_sinr_report
0.3754,19,7,mmwave,4,0.500705,4,0.500705,0,-5,false,-1,-1,-1,-1,measurement,native_mmwave_sinr_report
0.3754,20,19,mmwave,4,-0.694981,4,-0.694981,0,-5,false,-1,-1,-1,-1,measurement,native_mmwave_sinr_report
0.377,16,12,mmwave,4,3.86485,4,3.86485,0,-5,false,-1,-1,-1,-1,measurement,native_mmwave_sinr_report
0.377,17,14,mmwave,4,2.92123,4,2.92123,0,-5,false,-1,-1,-1,-1,measurement,native_mmwave_sinr_report
0.377,18,2,mmwave,4,12.5813,4,12.5813,0,-5,false,-1,-1,-1,-1,measurement,native_mmwave_sinr_report
0.377,19,7,mmwave,4,0.502454,4,0.502454,0,-5,false,-1,-1,-1,-1,measurement,native_mmwave_sinr_report
0.377,20,19,mmwave,4,-0.693345,4,-0.693345,0,-5,false,-1,-1,-1,-1,measurement,native_mmwave_sinr_report
0.3786,16,12,mmwave,4,3.86632,4,3.86632,0,-5,false,-1,-1,-1,-1,measurement,native_mmwave_sinr_report
0.3786,17,14,mmwave,4,2.92335,4,2.92335,0,-5,false,-1,-1,-1,-1,measurement,native_mmwave_sinr_report
0.3786,18,2,mmwave,4,12.5825,4,12.5825,0,-5,false,-1,-1,-1,-1,measurement,native_mmwave_sinr_report
0.3786,19,7,mmwave,4,0.504203,4,0.504203,0,-5,false,-1,-1,-1,-1,measurement,native_mmwave_sinr_report
0.3786,20,19,mmwave,4,-0.691709,4,-0.691709,0,-5,false,-1,-1,-1,-1,measurement,native_mmwave_sinr_report
0.3802,16,12,mmwave,4,3.86779,4,3.86779,0,-5,false,-1,-1,-1,-1,measurement,native_mmwave_sinr_report
0.3802,17,14,mmwave,4,2.92546,4,2.92546,0,-5,false,-1,-1,-1,-1,measurement,native_mmwave_sinr_report
0.3802,18,2,mmwave,4,12.5837,4,12.5837,0,-5,false,-1,-1,-1,-1,measurement,native_mmwave_sinr_report
0.3802,19,7,mmwave,4,0.505951,4,0.505951,0,-5,false,-1,-1,-1,-1,measurement,native_mmwave_sinr_report
0.3802,20,19,mmwave,4,-0.690073,4,-0.690073,0,-5,false,-1,-1,-1,-1,measurement,native_mmwave_sinr_report
0.3818,16,12,mmwave,4,3.86926,4,3.86926,0,-5,false,-1,-1,-1,-1,measurement,native_mmwave_sinr_report
0.3818,17,14,mmwave,4,2.92757,4,2.92757,0,-5,false,-1,-1,-1,-1,measurement,native_mmwave_sinr_report
0.3818,18,2,mmwave,4,12.5849,4,12.5849,0,-5,false,-1,-1,-1,-1,measurement,native_mmwave_sinr_report
0.3818,19,7,mmwave,4,0.507701,4,0.507701,0,-5,false,-1,-1,-1,-1,measurement,native_mmwave_sinr_report
0.3818,20,19,mmwave,4,-0.688436,4,-0.688436,0,-5,false,-1,-1,-1,-1,measurement,native_mmwave_sinr_report
0.3834,16,12,mmwave,4,3.87073,4,3.87073,0,-5,false,-1,-1,-1,-1,measurement,native_mmwave_sinr_report
0.3834,17,14,mmwave,4,2.92968,4,2.92968,0,-5,false,-1,-1,-1,-1,measurement,native_mmwave_sinr_report
0.3834,18,2,mmwave,4,12.5861,4,12.5861,0,-5,false,-1,-1,-1,-1,measurement,native_mmwave_sinr_report
0.3834,19,7,mmwave,4,0.50945,4,0.50945,0,-5,false,-1,-1,-1,-1,measurement,native_mmwave_sinr_report
0.3834,20,19,mmwave,4,-0.686799,4,-0.686799,0,-5,false,-1,-1,-1,-1,measurement,native_mmwave_sinr_report
0.385,16,12,mmwave,4,3.8722,4,3.8722,0,-5,false,-1,-1,-1,-1,measurement,native_mmwave_sinr_report
0.385,17,14,mmwave,4,2.9318,4,2.9318,0,-5,false,-1,-1,-1,-1,measurement,native_mmwave_sinr_report
0.385,18,2,mmwave,4,12.5873,4,12.5873,0,-5,false,-1,-1,-1,-1,measurement,native_mmwave_sinr_report
0.385,19,7,mmwave,4,0.511199,4,0.511199,0,-5,false,-1,-1,-1,-1,measurement,native_mmwave_sinr_report
0.385,20,19,mmwave,4,-0.685163,4,-0.685163,0,-5,false,-1,-1,-1,-1,measurement,native_mmwave_sinr_report
0.3866,16,12,mmwave,4,3.87367,4,3.87367,0,-5,false,-1,-1,-1,-1,measurement,native_mmwave_sinr_report
0.3866,17,14,mmwave,4,2.93391,4,2.93391,0,-5,false,-1,-1,-1,-1,measurement,native_mmwave_sinr_report
0.3866,18,2,mmwave,4,12.5885,4,12.5885,0,-5,false,-1,-1,-1,-1,measurement,native_mmwave_sinr_report
0.3866,19,7,mmwave,4,0.512949,4,0.512949,0,-5,false,-1,-1,-1,-1,measurement,native_mmwave_sinr_report
0.3866,20,19,mmwave,4,-0.683525,4,-0.683525,0,-5,false,-1,-1,-1,-1,measurement,native_mmwave_sinr_report
0.3882,16,12,mmwave,4,3.87514,4,3.87514,0,-5,false,-1,-1,-1,-1,measurement,native_mmwave_sinr_report
0.3882,17,14,mmwave,4,2.93602,4,2.93602,0,-5,false,-1,-1,-1,-1,measurement,native_mmwave_sinr_report
0.3882,18,2,mmwave,4,12.5896,4,12.5896,0,-5,false,-1,-1,-1,-1,measurement,native_mmwave_sinr_report
0.3882,19,7,mmwave,4,0.514699,4,0.514699,0,-5,false,-1,-1,-1,-1,measurement,native_mmwave_sinr_report
0.3882,20,19,mmwave,4,-0.681888,4,-0.681888,0,-5,false,-1,-1,-1,-1,measurement,native_mmwave_sinr_report
0.3898,16,12,mmwave,4,3.87661,4,3.87661,0,-5,false,-1,-1,-1,-1,measurement,native_mmwave_sinr_report
0.3898,17,14,mmwave,4,2.93814,4,2.93814,0,-5,false,-1,-1,-1,-1,measurement,native_mmwave_sinr_report
0.3898,18,2,mmwave,4,12.5908,4,12.5908,0,-5,false,-1,-1,-1,-1,measurement,native_mmwave_sinr_report
0.3898,19,7,mmwave,4,0.516449,4,0.516449,0,-5,false,-1,-1,-1,-1,measurement,native_mmwave_sinr_report
0.3898,20,19,mmwave,4,-0.680251,4,-0.680251,0,-5,false,-1,-1,-1,-1,measurement,native_mmwave_sinr_report
0.3914,16,12,mmwave,4,3.87809,4,3.87809,0,-5,false,-1,-1,-1,-1,measurement,native_mmwave_sinr_report
0.3914,17,14,mmwave,4,2.94025,4,2.94025,0,-5,false,-1,-1,-1,-1,measurement,native_mmwave_sinr_report
0.3914,18,2,mmwave,4,12.592,4,12.592,0,-5,false,-1,-1,-1,-1,measurement,native_mmwave_sinr_report
0.3914,19,7,mmwave,4,0.518199,4,0.518199,0,-5,false,-1,-1,-1,-1,measurement,native_mmwave_sinr_report
0.3914,20,19,mmwave,4,-0.678613,4,-0.678613,0,-5,false,-1,-1,-1,-1,measurement,native_mmwave_sinr_report
0.393,16,12,mmwave,4,3.87956,4,3.87956,0,-5,false,-1,-1,-1,-1,measurement,native_mmwave_sinr_report
0.393,17,14,mmwave,4,2.94237,4,2.94237,0,-5,false,-1,-1,-1,-1,measurement,native_mmwave_sinr_report
0.393,18,2,mmwave,4,12.5932,4,12.5932,0,-5,false,-1,-1,-1,-1,measurement,native_mmwave_sinr_report
0.393,19,7,mmwave,4,0.51995,4,0.51995,0,-5,false,-1,-1,-1,-1,measurement,native_mmwave_sinr_report
0.393,20,19,mmwave,4,-0.676976,4,-0.676976,0,-5,false,-1,-1,-1,-1,measurement,native_mmwave_sinr_report
0.3946,16,12,mmwave,4,3.88103,4,3.88103,0,-5,false,-1,-1,-1,-1,measurement,native_mmwave_sinr_report
0.3946,17,14,mmwave,4,2.94448,4,2.94448,0,-5,false,-1,-1,-1,-1,measurement,native_mmwave_sinr_report
0.3946,18,2,mmwave,4,12.5944,4,12.5944,0,-5,false,-1,-1,-1,-1,measurement,native_mmwave_sinr_report
0.3946,19,7,mmwave,4,0.521701,4,0.521701,0,-5,false,-1,-1,-1,-1,measurement,native_mmwave_sinr_report
0.3946,20,19,mmwave,4,-0.675338,4,-0.675338,0,-5,false,-1,-1,-1,-1,measurement,native_mmwave_sinr_report
0.3962,16,12,mmwave,4,3.8825,4,3.8825,0,-5,false,-1,-1,-1,-1,measurement,native_mmwave_sinr_report
0.3962,17,14,mmwave,4,2.9466,4,2.9466,0,-5,false,-1,-1,-1,-1,measurement,native_mmwave_sinr_report
0.3962,18,2,mmwave,4,12.5956,4,12.5956,0,-5,false,-1,-1,-1,-1,measurement,native_mmwave_sinr_report
0.3962,19,7,mmwave,4,0.523451,4,0.523451,0,-5,false,-1,-1,-1,-1,measurement,native_mmwave_sinr_report
0.3962,20,19,mmwave,4,-0.6737,4,-0.6737,0,-5,false,-1,-1,-1,-1,measurement,native_mmwave_sinr_report
0.3978,16,12,mmwave,4,3.88397,4,3.88397,0,-5,false,-1,-1,-1,-1,measurement,native_mmwave_sinr_report
0.3978,17,14,mmwave,4,2.94871,4,2.94871,0,-5,false,-1,-1,-1,-1,measurement,native_mmwave_sinr_report
0.3978,18,2,mmwave,4,12.5968,4,12.5968,0,-5,false,-1,-1,-1,-1,measurement,native_mmwave_sinr_report
0.3978,19,7,mmwave,4,0.525203,4,0.525203,0,-5,false,-1,-1,-1,-1,measurement,native_mmwave_sinr_report
0.3978,20,19,mmwave,4,-0.672061,4,-0.672061,0,-5,false,-1,-1,-1,-1,measurement,native_mmwave_sinr_report
0.3994,16,12,mmwave,4,3.88544,4,3.88544,0,-5,false,-1,-1,-1,-1,measurement,native_mmwave_sinr_report
0.3994,17,14,mmwave,4,2.95083,4,2.95083,0,-5,false,-1,-1,-1,-1,measurement,native_mmwave_sinr_report
0.3994,18,2,mmwave,4,12.598,4,12.598,0,-5,false,-1,-1,-1,-1,measurement,native_mmwave_sinr_report
0.3994,19,7,mmwave,4,0.526954,4,0.526954,0,-5,false,-1,-1,-1,-1,measurement,native_mmwave_sinr_report
0.3994,20,19,mmwave,4,-0.670423,4,-0.670423,0,-5,false,-1,-1,-1,-1,measurement,native_mmwave_sinr_report
0.401,16,12,mmwave,4,3.88691,4,3.88691,0,-5,false,-1,-1,-1,-1,measurement,native_mmwave_sinr_report
0.401,17,14,mmwave,4,2.95294,4,2.95294,0,-5,false,-1,-1,-1,-1,measurement,native_mmwave_sinr_report
0.401,18,2,mmwave,4,12.5992,4,12.5992,0,-5,false,-1,-1,-1,-1,measurement,native_mmwave_sinr_report
0.401,19,7,mmwave,4,0.528705,4,0.528705,0,-5,false,-1,-1,-1,-1,measurement,native_mmwave_sinr_report
0.401,20,19,mmwave,4,-0.668784,4,-0.668784,0,-5,false,-1,-1,-1,-1,measurement,native_mmwave_sinr_report
0.4026,16,12,mmwave,4,3.88839,4,3.88839,0,-5,false,-1,-1,-1,-1,measurement,native_mmwave_sinr_report
0.4026,17,14,mmwave,4,2.95506,4,2.95506,0,-5,false,-1,-1,-1,-1,measurement,native_mmwave_sinr_report
0.4026,18,2,mmwave,4,1.32027,4,1.32027,0,-5,false,-1,-1,-1,-1,measurement,native_mmwave_sinr_report
0.4026,19,7,mmwave,4,0.530457,4,0.530457,0,-5,false,-1,-1,-1,-1,measurement,native_mmwave_sinr_report
0.4026,20,19,mmwave,4,-0.667146,4,-0.667146,0,-5,false,-1,-1,-1,-1,measurement,native_mmwave_sinr_report
0.4042,16,12,mmwave,4,3.88986,4,3.88986,0,-5,false,-1,-1,-1,-1,measurement,native_mmwave_sinr_report
0.4042,17,14,mmwave,4,2.95718,4,2.95718,0,-5,false,-1,-1,-1,-1,measurement,native_mmwave_sinr_report
0.4042,18,2,mmwave,4,1.32132,4,1.32132,0,-5,false,-1,-1,-1,-1,measurement,native_mmwave_sinr_report
0.4042,19,7,mmwave,4,0.532209,4,0.532209,0,-5,false,-1,-1,-1,-1,measurement,native_mmwave_sinr_report
0.4042,20,19,mmwave,4,-0.665507,4,-0.665507,0,-5,false,-1,-1,-1,-1,measurement,native_mmwave_sinr_report
0.4058,16,12,mmwave,4,3.89133,4,3.89133,0,-5,false,-1,-1,-1,-1,measurement,native_mmwave_sinr_report
0.4058,17,14,mmwave,4,2.95929,4,2.95929,0,-5,false,-1,-1,-1,-1,measurement,native_mmwave_sinr_report
0.4058,18,2,mmwave,4,1.32238,4,1.32238,0,-5,false,-1,-1,-1,-1,measurement,native_mmwave_sinr_report
0.4058,19,7,mmwave,4,0.533961,4,0.533961,0,-5,false,-1,-1,-1,-1,measurement,native_mmwave_sinr_report
0.4058,20,19,mmwave,4,-0.663868,4,-0.663868,0,-5,false,-1,-1,-1,-1,measurement,native_mmwave_sinr_report
0.4074,16,12,mmwave,4,3.8928,4,3.8928,0,-5,false,-1,-1,-1,-1,measurement,native_mmwave_sinr_report
0.4074,17,14,mmwave,4,2.96141,4,2.96141,0,-5,false,-1,-1,-1,-1,measurement,native_mmwave_sinr_report
0.4074,18,2,mmwave,4,1.32343,4,1.32343,0,-5,false,-1,-1,-1,-1,measurement,native_mmwave_sinr_report
0.4074,19,7,mmwave,4,0.535713,4,0.535713,0,-5,false,-1,-1,-1,-1,measurement,native_mmwave_sinr_report
0.4074,20,19,mmwave,4,-0.662228,4,-0.662228,0,-5,false,-1,-1,-1,-1,measurement,native_mmwave_sinr_report
0.409,16,12,mmwave,4,3.89427,4,3.89427,0,-5,false,-1,-1,-1,-1,measurement,native_mmwave_sinr_report
0.409,17,14,mmwave,4,2.96353,4,2.96353,0,-5,false,-1,-1,-1,-1,measurement,native_mmwave_sinr_report
0.409,18,2,mmwave,4,1.32449,4,1.32449,0,-5,false,-1,-1,-1,-1,measurement,native_mmwave_sinr_report
0.409,19,7,mmwave,4,0.537466,4,0.537466,0,-5,false,-1,-1,-1,-1,measurement,native_mmwave_sinr_report
0.409,20,19,mmwave,4,-0.660589,4,-0.660589,0,-5,false,-1,-1,-1,-1,measurement,native_mmwave_sinr_report
0.4106,16,12,mmwave,4,3.89575,4,3.89575,0,-5,false,-1,-1,-1,-1,measurement,native_mmwave_sinr_report
0.4106,17,14,mmwave,4,2.96565,4,2.96565,0,-5,false,-1,-1,-1,-1,measurement,native_mmwave_sinr_report
0.4106,18,2,mmwave,4,1.32554,4,1.32554,0,-5,false,-1,-1,-1,-1,measurement,native_mmwave_sinr_report
0.4106,19,7,mmwave,4,0.539218,4,0.539218,0,-5,false,-1,-1,-1,-1,measurement,native_mmwave_sinr_report
0.4106,20,19,mmwave,4,-0.658949,4,-0.658949,0,-5,false,-1,-1,-1,-1,measurement,native_mmwave_sinr_report
0.4122,16,12,mmwave,4,3.89722,4,3.89722,0,-5,false,-1,-1,-1,-1,measurement,native_mmwave_sinr_report
0.4122,17,14,mmwave,4,2.96776,4,2.96776,0,-5,false,-1,-1,-1,-1,measurement,native_mmwave_sinr_report
0.4122,18,2,mmwave,4,1.3266,4,1.3266,0,-5,false,-1,-1,-1,-1,measurement,native_mmwave_sinr_report
0.4122,19,7,mmwave,4,0.540971,4,0.540971,0,-5,false,-1,-1,-1,-1,measurement,native_mmwave_sinr_report
0.4122,20,19,mmwave,4,-0.657309,4,-0.657309,0,-5,false,-1,-1,-1,-1,measurement,native_mmwave_sinr_report
0.4138,16,12,mmwave,4,3.89869,4,3.89869,0,-5,false,-1,-1,-1,-1,measurement,native_mmwave_sinr_report
0.4138,17,14,mmwave,4,2.96988,4,2.96988,0,-5,false,-1,-1,-1,-1,measurement,native_mmwave_sinr_report
0.4138,18,2,mmwave,4,1.32766,4,1.32766,0,-5,false,-1,-1,-1,-1,measurement,native_mmwave_sinr_report
0.4138,19,7,mmwave,4,0.542724,4,0.542724,0,-5,false,-1,-1,-1,-1,measurement,native_mmwave_sinr_report
0.4138,20,19,mmwave,4,-0.65567,4,-0.65567,0,-5,false,-1,-1,-1,-1,measurement,native_mmwave_sinr_report
0.4154,16,12,mmwave,4,3.90017,4,3.90017,0,-5,false,-1,-1,-1,-1,measurement,native_mmwave_sinr_report
0.4154,17,14,mmwave,4,2.972,4,2.972,0,-5,false,-1,-1,-1,-1,measurement,native_mmwave_sinr_report
0.4154,18,2,mmwave,4,1.32871,4,1.32871,0,-5,false,-1,-1,-1,-1,measurement,native_mmwave_sinr_report
0.4154,19,7,mmwave,4,0.544478,4,0.544478,0,-5,false,-1,-1,-1,-1,measurement,native_mmwave_sinr_report
0.4154,20,19,mmwave,4,-0.654029,4,-0.654029,0,-5,false,-1,-1,-1,-1,measurement,native_mmwave_sinr_report
0.417,16,12,mmwave,4,3.90164,4,3.90164,0,-5,false,-1,-1,-1,-1,measurement,native_mmwave_sinr_report
0.417,17,14,mmwave,4,2.97412,4,2.97412,0,-5,false,-1,-1,-1,-1,measurement,native_mmwave_sinr_report
0.417,18,2,mmwave,4,1.32977,4,1.32977,0,-5,false,-1,-1,-1,-1,measurement,native_mmwave_sinr_report
0.417,19,7,mmwave,4,0.546231,4,0.546231,0,-5,false,-1,-1,-1,-1,measurement,native_mmwave_sinr_report
0.417,20,19,mmwave,4,-0.652389,4,-0.652389,0,-5,false,-1,-1,-1,-1,measurement,native_mmwave_sinr_report
0.4186,16,12,mmwave,4,3.90311,4,3.90311,0,-5,false,-1,-1,-1,-1,measurement,native_mmwave_sinr_report
0.4186,17,14,mmwave,4,2.97624,4,2.97624,0,-5,false,-1,-1,-1,-1,measurement,native_mmwave_sinr_report
0.4186,18,2,mmwave,4,1.33082,4,1.33082,0,-5,false,-1,-1,-1,-1,measurement,native_mmwave_sinr_report
0.4186,19,7,mmwave,4,0.547985,4,0.547985,0,-5,false,-1,-1,-1,-1,measurement,native_mmwave_sinr_report
0.4186,20,19,mmwave,4,-0.650749,4,-0.650749,0,-5,false,-1,-1,-1,-1,measurement,native_mmwave_sinr_report
0.4202,16,12,mmwave,4,3.90459,4,3.90459,0,-5,false,-1,-1,-1,-1,measurement,native_mmwave_sinr_report
0.4202,17,14,mmwave,4,2.97836,4,2.97836,0,-5,false,-1,-1,-1,-1,measurement,native_mmwave_sinr_report
0.4202,18,2,mmwave,4,1.33188,4,1.33188,0,-5,false,-1,-1,-1,-1,measurement,native_mmwave_sinr_report
0.4202,19,7,mmwave,4,0.549739,4,0.549739,0,-5,false,-1,-1,-1,-1,measurement,native_mmwave_sinr_report
0.4202,20,19,mmwave,4,-0.649108,4,-0.649108,0,-5,false,-1,-1,-1,-1,measurement,native_mmwave_sinr_report
0.4218,16,12,mmwave,4,3.90606,4,3.90606,0,-5,false,-1,-1,-1,-1,measurement,native_mmwave_sinr_report
0.4218,17,14,mmwave,4,2.98048,4,2.98048,0,-5,false,-1,-1,-1,-1,measurement,native_mmwave_sinr_report
0.4218,18,2,mmwave,4,1.33293,4,1.33293,0,-5,false,-1,-1,-1,-1,measurement,native_mmwave_sinr_report
0.4218,19,7,mmwave,4,0.551493,4,0.551493,0,-5,false,-1,-1,-1,-1,measurement,native_mmwave_sinr_report
0.4218,20,19,mmwave,4,-0.647467,4,-0.647467,0,-5,false,-1,-1,-1,-1,measurement,native_mmwave_sinr_report
0.4234,16,12,mmwave,4,3.90753,4,3.90753,0,-5,false,-1,-1,-1,-1,measurement,native_mmwave_sinr_report
0.4234,17,14,mmwave,4,2.9826,4,2.9826,0,-5,false,-1,-1,-1,-1,measurement,native_mmwave_sinr_report
0.4234,18,2,mmwave,4,1.33399,4,1.33399,0,-5,false,-1,-1,-1,-1,measurement,native_mmwave_sinr_report
0.4234,19,7,mmwave,4,0.553247,4,0.553247,0,-5,false,-1,-1,-1,-1,measurement,native_mmwave_sinr_report
0.4234,20,19,mmwave,4,-0.645826,4,-0.645826,0,-5,false,-1,-1,-1,-1,measurement,native_mmwave_sinr_report
0.425,16,12,mmwave,4,3.90901,4,3.90901,0,-5,false,-1,-1,-1,-1,measurement,native_mmwave_sinr_report
0.425,17,14,mmwave,4,2.98472,4,2.98472,0,-5,false,-1,-1,-1,-1,measurement,native_mmwave_sinr_report
0.425,18,2,mmwave,4,1.33505,4,1.33505,0,-5,false,-1,-1,-1,-1,measurement,native_mmwave_sinr_report
0.425,19,7,mmwave,4,0.555002,4,0.555002,0,-5,false,-1,-1,-1,-1,measurement,native_mmwave_sinr_report
0.425,20,19,mmwave,4,-0.644185,4,-0.644185,0,-5,false,-1,-1,-1,-1,measurement,native_mmwave_sinr_report
0.4266,16,12,mmwave,4,3.91048,4,3.91048,0,-5,false,-1,-1,-1,-1,measurement,native_mmwave_sinr_report
0.4266,17,14,mmwave,4,2.98684,4,2.98684,0,-5,false,-1,-1,-1,-1,measurement,native_mmwave_sinr_report
0.4266,18,2,mmwave,4,1.3361,4,1.3361,0,-5,false,-1,-1,-1,-1,measurement,native_mmwave_sinr_report
0.4266,19,7,mmwave,4,0.556756,4,0.556756,0,-5,false,-1,-1,-1,-1,measurement,native_mmwave_sinr_report
0.4266,20,19,mmwave,4,-0.642544,4,-0.642544,0,-5,false,-1,-1,-1,-1,measurement,native_mmwave_sinr_report
0.4282,16,12,mmwave,4,3.91195,4,3.91195,0,-5,false,-1,-1,-1,-1,measurement,native_mmwave_sinr_report
0.4282,17,14,mmwave,4,2.98896,4,2.98896,0,-5,false,-1,-1,-1,-1,measurement,native_mmwave_sinr_report
0.4282,18,2,mmwave,4,1.33716,4,1.33716,0,-5,false,-1,-1,-1,-1,measurement,native_mmwave_sinr_report
0.4282,19,7,mmwave,4,0.558511,4,0.558511,0,-5,false,-1,-1,-1,-1,measurement,native_mmwave_sinr_report
0.4282,20,19,mmwave,4,-0.640902,4,-0.640902,0,-5,false,-1,-1,-1,-1,measurement,native_mmwave_sinr_report
0.4298,16,12,mmwave,4,3.91343,4,3.91343,0,-5,false,-1,-1,-1,-1,measurement,native_mmwave_sinr_report
0.4298,17,14,mmwave,4,2.99108,4,2.99108,0,-5,false,-1,-1,-1,-1,measurement,native_mmwave_sinr_report
0.4298,18,2,mmwave,4,1.33822,4,1.33822,0,-5,false,-1,-1,-1,-1,measurement,native_mmwave_sinr_report
0.4298,19,7,mmwave,4,0.560266,4,0.560266,0,-5,false,-1,-1,-1,-1,measurement,native_mmwave_sinr_report
0.4298,20,19,mmwave,4,-0.63926,4,-0.63926,0,-5,false,-1,-1,-1,-1,measurement,native_mmwave_sinr_report
0.4314,16,12,mmwave,4,3.9149,4,3.9149,0,-5,false,-1,-1,-1,-1,measurement,native_mmwave_sinr_report
0.4314,17,14,mmwave,4,2.9932,4,2.9932,0,-5,false,-1,-1,-1,-1,measurement,native_mmwave_sinr_report
0.4314,18,2,mmwave,4,1.33927,4,1.33927,0,-5,false,-1,-1,-1,-1,measurement,native_mmwave_sinr_report
0.4314,19,7,mmwave,4,0.562022,4,0.562022,0,-5,false,-1,-1,-1,-1,measurement,native_mmwave_sinr_report
0.4314,20,19,mmwave,4,-0.637619,4,-0.637619,0,-5,false,-1,-1,-1,-1,measurement,native_mmwave_sinr_report
0.433,16,12,mmwave,4,3.91638,4,3.91638,0,-5,false,-1,-1,-1,-1,measurement,native_mmwave_sinr_report
0.433,17,14,mmwave,4,2.99533,4,2.99533,0,-5,false,-1,-1,-1,-1,measurement,native_mmwave_sinr_report
0.433,18,2,mmwave,4,1.34033,4,1.34033,0,-5,false,-1,-1,-1,-1,measurement,native_mmwave_sinr_report
0.433,19,7,mmwave,4,0.563777,4,0.563777,0,-5,false,-1,-1,-1,-1,measurement,native_mmwave_sinr_report
0.433,20,19,mmwave,4,-0.635977,4,-0.635977,0,-5,false,-1,-1,-1,-1,measurement,native_mmwave_sinr_report
0.4346,16,12,mmwave,4,3.91785,4,3.91785,0,-5,false,-1,-1,-1,-1,measurement,native_mmwave_sinr_report
0.4346,17,14,mmwave,4,2.99745,4,2.99745,0,-5,false,-1,-1,-1,-1,measurement,native_mmwave_sinr_report
0.4346,18,2,mmwave,4,1.34138,4,1.34138,0,-5,false,-1,-1,-1,-1,measurement,native_mmwave_sinr_report
0.4346,19,7,mmwave,4,0.565533,4,0.565533,0,-5,false,-1,-1,-1,-1,measurement,native_mmwave_sinr_report
0.4346,20,19,mmwave,4,-0.634334,4,-0.634334,0,-5,false,-1,-1,-1,-1,measurement,native_mmwave_sinr_report
0.4362,16,12,mmwave,4,3.91933,4,3.91933,0,-5,false,-1,-1,-1,-1,measurement,native_mmwave_sinr_report
0.4362,17,14,mmwave,4,2.99957,4,2.99957,0,-5,false,-1,-1,-1,-1,measurement,native_mmwave_sinr_report
0.4362,18,2,mmwave,4,1.34244,4,1.34244,0,-5,false,-1,-1,-1,-1,measurement,native_mmwave_sinr_report
0.4362,19,7,mmwave,4,0.567289,4,0.567289,0,-5,false,-1,-1,-1,-1,measurement,native_mmwave_sinr_report
0.4362,20,19,mmwave,4,-0.632692,4,-0.632692,0,-5,false,-1,-1,-1,-1,measurement,native_mmwave_sinr_report
0.4378,16,12,mmwave,4,3.9208,4,3.9208,0,-5,false,-1,-1,-1,-1,measurement,native_mmwave_sinr_report
0.4378,17,14,mmwave,4,3.00169,4,3.00169,0,-5,false,-1,-1,-1,-1,measurement,native_mmwave_sinr_report
0.4378,18,2,mmwave,4,1.3435,4,1.3435,0,-5,false,-1,-1,-1,-1,measurement,native_mmwave_sinr_report
0.4378,19,7,mmwave,4,0.569045,4,0.569045,0,-5,false,-1,-1,-1,-1,measurement,native_mmwave_sinr_report
0.4378,20,19,mmwave,4,-0.631049,4,-0.631049,0,-5,false,-1,-1,-1,-1,measurement,native_mmwave_sinr_report
0.4394,16,12,mmwave,4,3.92228,4,3.92228,0,-5,false,-1,-1,-1,-1,measurement,native_mmwave_sinr_report
0.4394,17,14,mmwave,4,3.00382,4,3.00382,0,-5,false,-1,-1,-1,-1,measurement,native_mmwave_sinr_report
0.4394,18,2,mmwave,4,1.34455,4,1.34455,0,-5,false,-1,-1,-1,-1,measurement,native_mmwave_sinr_report
0.4394,19,7,mmwave,4,0.570801,4,0.570801,0,-5,false,-1,-1,-1,-1,measurement,native_mmwave_sinr_report
0.4394,20,19,mmwave,4,-0.629407,4,-0.629407,0,-5,false,-1,-1,-1,-1,measurement,native_mmwave_sinr_report
0.441,16,12,mmwave,4,3.92375,4,3.92375,0,-5,false,-1,-1,-1,-1,measurement,native_mmwave_sinr_report
0.441,17,14,mmwave,4,3.00594,4,3.00594,0,-5,false,-1,-1,-1,-1,measurement,native_mmwave_sinr_report
0.441,18,2,mmwave,4,1.34561,4,1.34561,0,-5,false,-1,-1,-1,-1,measurement,native_mmwave_sinr_report
0.441,19,7,mmwave,4,0.572558,4,0.572558,0,-5,false,-1,-1,-1,-1,measurement,native_mmwave_sinr_report
0.441,20,19,mmwave,4,-0.627764,4,-0.627764,0,-5,false,-1,-1,-1,-1,measurement,native_mmwave_sinr_report
0.4426,16,12,mmwave,4,3.92523,4,3.92523,0,-5,false,-1,-1,-1,-1,measurement,native_mmwave_sinr_report
0.4426,17,14,mmwave,4,3.00806,4,3.00806,0,-5,false,-1,-1,-1,-1,measurement,native_mmwave_sinr_report
0.4426,18,2,mmwave,4,1.34667,4,1.34667,0,-5,false,-1,-1,-1,-1,measurement,native_mmwave_sinr_report
0.4426,19,7,mmwave,4,0.574314,4,0.574314,0,-5,false,-1,-1,-1,-1,measurement,native_mmwave_sinr_report
0.4426,20,19,mmwave,4,-0.626121,4,-0.626121,0,-5,false,-1,-1,-1,-1,measurement,native_mmwave_sinr_report
0.4442,16,12,mmwave,4,3.9267,4,3.9267,0,-5,false,-1,-1,-1,-1,measurement,native_mmwave_sinr_report
0.4442,17,14,mmwave,4,3.01019,4,3.01019,0,-5,false,-1,-1,-1,-1,measurement,native_mmwave_sinr_report
0.4442,18,2,mmwave,4,1.34772,4,1.34772,0,-5,false,-1,-1,-1,-1,measurement,native_mmwave_sinr_report
0.4442,19,7,mmwave,4,0.576071,4,0.576071,0,-5,false,-1,-1,-1,-1,measurement,native_mmwave_sinr_report
0.4442,20,19,mmwave,4,-0.624478,4,-0.624478,0,-5,false,-1,-1,-1,-1,measurement,native_mmwave_sinr_report
0.4458,16,12,mmwave,4,3.92818,4,3.92818,0,-5,false,-1,-1,-1,-1,measurement,native_mmwave_sinr_report
0.4458,17,14,mmwave,4,3.01231,4,3.01231,0,-5,false,-1,-1,-1,-1,measurement,native_mmwave_sinr_report
0.4458,18,2,mmwave,4,1.34878,4,1.34878,0,-5,false,-1,-1,-1,-1,measurement,native_mmwave_sinr_report
0.4458,19,7,mmwave,4,0.577828,4,0.577828,0,-5,false,-1,-1,-1,-1,measurement,native_mmwave_sinr_report
0.4458,20,19,mmwave,4,-0.622834,4,-0.622834,0,-5,false,-1,-1,-1,-1,measurement,native_mmwave_sinr_report
0.4474,16,12,mmwave,4,3.92965,4,3.92965,0,-5,false,-1,-1,-1,-1,measurement,native_mmwave_sinr_report
0.4474,17,14,mmwave,4,3.01444,4,3.01444,0,-5,false,-1,-1,-1,-1,measurement,native_mmwave_sinr_report
0.4474,18,2,mmwave,4,1.34984,4,1.34984,0,-5,false,-1,-1,-1,-1,measurement,native_mmwave_sinr_report
0.4474,19,7,mmwave,4,0.579586,4,0.579586,0,-5,false,-1,-1,-1,-1,measurement,native_mmwave_sinr_report
0.4474,20,19,mmwave,4,-0.621191,4,-0.621191,0,-5,false,-1,-1,-1,-1,measurement,native_mmwave_sinr_report
0.449,16,12,mmwave,4,3.93113,4,3.93113,0,-5,false,-1,-1,-1,-1,measurement,native_mmwave_sinr_report
0.449,17,14,mmwave,4,3.01656,4,3.01656,0,-5,false,-1,-1,-1,-1,measurement,native_mmwave_sinr_report
0.449,18,2,mmwave,4,1.3509,4,1.3509,0,-5,false,-1,-1,-1,-1,measurement,native_mmwave_sinr_report
0.449,19,7,mmwave,4,0.581343,4,0.581343,0,-5,false,-1,-1,-1,-1,measurement,native_mmwave_sinr_report
0.449,20,19,mmwave,4,-0.619547,4,-0.619547,0,-5,false,-1,-1,-1,-1,measurement,native_mmwave_sinr_report
0.4506,16,12,mmwave,4,3.93261,4,3.93261,0,-5,false,-1,-1,-1,-1,measurement,native_mmwave_sinr_report
0.4506,17,14,mmwave,4,3.01869,4,3.01869,0,-5,false,-1,-1,-1,-1,measurement,native_mmwave_sinr_report
0.4506,18,2,mmwave,4,1.35195,4,1.35195,0,-5,false,-1,-1,-1,-1,measurement,native_mmwave_sinr_report
0.4506,19,7,mmwave,4,0.583101,4,0.583101,0,-5,false,-1,-1,-1,-1,measurement,native_mmwave_sinr_report
0.4506,20,19,mmwave,4,-0.617903,4,-0.617903,0,-5,false,-1,-1,-1,-1,measurement,native_mmwave_sinr_report
0.4522,16,12,mmwave,4,3.93408,4,3.93408,0,-5,false,-1,-1,-1,-1,measurement,native_mmwave_sinr_report
0.4522,17,14,mmwave,4,3.02081,4,3.02081,0,-5,false,-1,-1,-1,-1,measurement,native_mmwave_sinr_report
0.4522,18,2,mmwave,4,1.35301,4,1.35301,0,-5,false,-1,-1,-1,-1,measurement,native_mmwave_sinr_report
0.4522,19,7,mmwave,4,0.584859,4,0.584859,0,-5,false,-1,-1,-1,-1,measurement,native_mmwave_sinr_report
0.4522,20,19,mmwave,4,-0.616259,4,-0.616259,0,-5,false,-1,-1,-1,-1,measurement,native_mmwave_sinr_report
0.4538,16,12,mmwave,4,3.93556,4,3.93556,0,-5,false,-1,-1,-1,-1,measurement,native_mmwave_sinr_report
0.4538,17,14,mmwave,4,3.02294,4,3.02294,0,-5,false,-1,-1,-1,-1,measurement,native_mmwave_sinr_report
0.4538,18,2,mmwave,4,1.35407,4,1.35407,0,-5,false,-1,-1,-1,-1,measurement,native_mmwave_sinr_report
0.4538,19,7,mmwave,4,0.586617,4,0.586617,0,-5,false,-1,-1,-1,-1,measurement,native_mmwave_sinr_report
0.4538,20,19,mmwave,4,-0.614615,4,-0.614615,0,-5,false,-1,-1,-1,-1,measurement,native_mmwave_sinr_report
0.4554,16,12,mmwave,4,3.93704,4,3.93704,0,-5,false,-1,-1,-1,-1,measurement,native_mmwave_sinr_report
0.4554,17,14,mmwave,4,3.02506,4,3.02506,0,-5,false,-1,-1,-1,-1,measurement,native_mmwave_sinr_report
0.4554,18,2,mmwave,4,1.35512,4,1.35512,0,-5,false,-1,-1,-1,-1,measurement,native_mmwave_sinr_report
0.4554,19,7,mmwave,4,0.588375,4,0.588375,0,-5,false,-1,-1,-1,-1,measurement,native_mmwave_sinr_report
0.4554,20,19,mmwave,4,-0.61297,4,-0.61297,0,-5,false,-1,-1,-1,-1,measurement,native_mmwave_sinr_report
0.457,16,12,mmwave,4,3.93851,4,3.93851,0,-5,false,-1,-1,-1,-1,measurement,native_mmwave_sinr_report
0.457,17,14,mmwave,4,3.02719,4,3.02719,0,-5,false,-1,-1,-1,-1,measurement,native_mmwave_sinr_report
0.457,18,2,mmwave,4,1.35618,4,1.35618,0,-5,false,-1,-1,-1,-1,measurement,native_mmwave_sinr_report
0.457,19,7,mmwave,4,0.590134,4,0.590134,0,-5,false,-1,-1,-1,-1,measurement,native_mmwave_sinr_report
0.457,20,19,mmwave,4,-0.611325,4,-0.611325,0,-5,false,-1,-1,-1,-1,measurement,native_mmwave_sinr_report
0.4586,16,12,mmwave,4,3.93999,4,3.93999,0,-5,false,-1,-1,-1,-1,measurement,native_mmwave_sinr_report
0.4586,17,14,mmwave,4,3.02932,4,3.02932,0,-5,false,-1,-1,-1,-1,measurement,native_mmwave_sinr_report
0.4586,18,2,mmwave,4,1.35724,4,1.35724,0,-5,false,-1,-1,-1,-1,measurement,native_mmwave_sinr_report
0.4586,19,7,mmwave,4,0.591892,4,0.591892,0,-5,false,-1,-1,-1,-1,measurement,native_mmwave_sinr_report
0.4586,20,19,mmwave,4,-0.609681,4,-0.609681,0,-5,false,-1,-1,-1,-1,measurement,native_mmwave_sinr_report
0.4602,16,12,mmwave,4,3.94147,4,3.94147,0,-5,false,-1,-1,-1,-1,measurement,native_mmwave_sinr_report
0.4602,17,14,mmwave,4,3.03144,4,3.03144,0,-5,false,-1,-1,-1,-1,measurement,native_mmwave_sinr_report
0.4602,18,2,mmwave,4,1.3583,4,1.3583,0,-5,false,-1,-1,-1,-1,measurement,native_mmwave_sinr_report
0.4602,19,7,mmwave,4,0.593651,4,0.593651,0,-5,false,-1,-1,-1,-1,measurement,native_mmwave_sinr_report
0.4602,20,19,mmwave,4,-0.608036,4,-0.608036,0,-5,false,-1,-1,-1,-1,measurement,native_mmwave_sinr_report
0.4618,16,12,mmwave,4,3.94294,4,3.94294,0,-5,false,-1,-1,-1,-1,measurement,native_mmwave_sinr_report
0.4618,17,14,mmwave,4,3.03357,4,3.03357,0,-5,false,-1,-1,-1,-1,measurement,native_mmwave_sinr_report
0.4618,18,2,mmwave,4,1.35936,4,1.35936,0,-5,false,-1,-1,-1,-1,measurement,native_mmwave_sinr_report
0.4618,19,7,mmwave,4,0.59541,4,0.59541,0,-5,false,-1,-1,-1,-1,measurement,native_mmwave_sinr_report
0.4618,20,19,mmwave,4,-0.606391,4,-0.606391,0,-5,false,-1,-1,-1,-1,measurement,native_mmwave_sinr_report
0.4634,16,12,mmwave,4,3.94442,4,3.94442,0,-5,false,-1,-1,-1,-1,measurement,native_mmwave_sinr_report
0.4634,17,14,mmwave,4,3.0357,4,3.0357,0,-5,false,-1,-1,-1,-1,measurement,native_mmwave_sinr_report
0.4634,18,2,mmwave,4,1.36041,4,1.36041,0,-5,false,-1,-1,-1,-1,measurement,native_mmwave_sinr_report
0.4634,19,7,mmwave,4,0.59717,4,0.59717,0,-5,false,-1,-1,-1,-1,measurement,native_mmwave_sinr_report
0.4634,20,19,mmwave,4,-0.604745,4,-0.604745,0,-5,false,-1,-1,-1,-1,measurement,native_mmwave_sinr_report
0.465,16,12,mmwave,4,3.9459,4,3.9459,0,-5,false,-1,-1,-1,-1,measurement,native_mmwave_sinr_report
0.465,17,14,mmwave,4,3.03782,4,3.03782,0,-5,false,-1,-1,-1,-1,measurement,native_mmwave_sinr_report
0.465,18,2,mmwave,4,1.36147,4,1.36147,0,-5,false,-1,-1,-1,-1,measurement,native_mmwave_sinr_report
0.465,19,7,mmwave,4,0.598929,4,0.598929,0,-5,false,-1,-1,-1,-1,measurement,native_mmwave_sinr_report
0.465,20,19,mmwave,4,-0.6031,4,-0.6031,0,-5,false,-1,-1,-1,-1,measurement,native_mmwave_sinr_report
0.4666,16,12,mmwave,4,3.94737,4,3.94737,0,-5,false,-1,-1,-1,-1,measurement,native_mmwave_sinr_report
0.4666,17,14,mmwave,4,3.03995,4,3.03995,0,-5,false,-1,-1,-1,-1,measurement,native_mmwave_sinr_report
0.4666,18,2,mmwave,4,1.36253,4,1.36253,0,-5,false,-1,-1,-1,-1,measurement,native_mmwave_sinr_report
0.4666,19,7,mmwave,4,0.600689,4,0.600689,0,-5,false,-1,-1,-1,-1,measurement,native_mmwave_sinr_report
0.4666,20,19,mmwave,4,-0.601454,4,-0.601454,0,-5,false,-1,-1,-1,-1,measurement,native_mmwave_sinr_report
0.4682,16,12,mmwave,4,3.94885,4,3.94885,0,-5,false,-1,-1,-1,-1,measurement,native_mmwave_sinr_report
0.4682,17,14,mmwave,4,3.04208,4,3.04208,0,-5,false,-1,-1,-1,-1,measurement,native_mmwave_sinr_report
0.4682,18,2,mmwave,4,1.36359,4,1.36359,0,-5,false,-1,-1,-1,-1,measurement,native_mmwave_sinr_report
0.4682,19,7,mmwave,4,0.602449,4,0.602449,0,-5,false,-1,-1,-1,-1,measurement,native_mmwave_sinr_report
0.4682,20,19,mmwave,4,-0.599808,4,-0.599808,0,-5,false,-1,-1,-1,-1,measurement,native_mmwave_sinr_report
0.4698,16,12,mmwave,4,3.95033,4,3.95033,0,-5,false,-1,-1,-1,-1,measurement,native_mmwave_sinr_report
0.4698,17,14,mmwave,4,3.04421,4,3.04421,0,-5,false,-1,-1,-1,-1,measurement,native_mmwave_sinr_report
0.4698,18,2,mmwave,4,1.36464,4,1.36464,0,-5,false,-1,-1,-1,-1,measurement,native_mmwave_sinr_report
0.4698,19,7,mmwave,4,0.604209,4,0.604209,0,-5,false,-1,-1,-1,-1,measurement,native_mmwave_sinr_report
0.4698,20,19,mmwave,4,-0.598162,4,-0.598162,0,-5,false,-1,-1,-1,-1,measurement,native_mmwave_sinr_report
0.4714,16,12,mmwave,4,3.95181,4,3.95181,0,-5,false,-1,-1,-1,-1,measurement,native_mmwave_sinr_report
0.4714,17,14,mmwave,4,3.04634,4,3.04634,0,-5,false,-1,-1,-1,-1,measurement,native_mmwave_sinr_report
0.4714,18,2,mmwave,4,1.3657,4,1.3657,0,-5,false,-1,-1,-1,-1,measurement,native_mmwave_sinr_report
0.4714,19,7,mmwave,4,0.605969,4,0.605969,0,-5,false,-1,-1,-1,-1,measurement,native_mmwave_sinr_report
0.4714,20,19,mmwave,4,-0.596516,4,-0.596516,0,-5,false,-1,-1,-1,-1,measurement,native_mmwave_sinr_report
0.473,16,12,mmwave,4,3.95329,4,3.95329,0,-5,false,-1,-1,-1,-1,measurement,native_mmwave_sinr_report
0.473,17,14,mmwave,4,3.04847,4,3.04847,0,-5,false,-1,-1,-1,-1,measurement,native_mmwave_sinr_report
0.473,18,2,mmwave,4,1.36676,4,1.36676,0,-5,false,-1,-1,-1,-1,measurement,native_mmwave_sinr_report
0.473,19,7,mmwave,4,0.60773,4,0.60773,0,-5,false,-1,-1,-1,-1,measurement,native_mmwave_sinr_report
0.473,20,19,mmwave,4,-0.59487,4,-0.59487,0,-5,false,-1,-1,-1,-1,measurement,native_mmwave_sinr_report
0.4746,16,12,mmwave,4,3.95476,4,3.95476,0,-5,false,-1,-1,-1,-1,measurement,native_mmwave_sinr_report
0.4746,17,14,mmwave,4,3.0506,4,3.0506,0,-5,false,-1,-1,-1,-1,measurement,native_mmwave_sinr_report
0.4746,18,2,mmwave,4,1.36782,4,1.36782,0,-5,false,-1,-1,-1,-1,measurement,native_mmwave_sinr_report
0.4746,19,7,mmwave,4,0.60949,4,0.60949,0,-5,false,-1,-1,-1,-1,measurement,native_mmwave_sinr_report
0.4746,20,19,mmwave,4,-0.593223,4,-0.593223,0,-5,false,-1,-1,-1,-1,measurement,native_mmwave_sinr_report
0.4762,16,12,mmwave,4,3.95624,4,3.95624,0,-5,false,-1,-1,-1,-1,measurement,native_mmwave_sinr_report
0.4762,17,14,mmwave,4,3.05273,4,3.05273,0,-5,false,-1,-1,-1,-1,measurement,native_mmwave_sinr_report
0.4762,18,2,mmwave,4,1.36888,4,1.36888,0,-5,false,-1,-1,-1,-1,measurement,native_mmwave_sinr_report
0.4762,19,7,mmwave,4,0.611251,4,0.611251,0,-5,false,-1,-1,-1,-1,measurement,native_mmwave_sinr_report
0.4762,20,19,mmwave,4,-0.591577,4,-0.591577,0,-5,false,-1,-1,-1,-1,measurement,native_mmwave_sinr_report
0.4778,16,12,mmwave,4,3.95772,4,3.95772,0,-5,false,-1,-1,-1,-1,measurement,native_mmwave_sinr_report
0.4778,17,14,mmwave,4,3.05486,4,3.05486,0,-5,false,-1,-1,-1,-1,measurement,native_mmwave_sinr_report
0.4778,18,2,mmwave,4,1.36994,4,1.36994,0,-5,false,-1,-1,-1,-1,measurement,native_mmwave_sinr_report
0.4778,19,7,mmwave,4,0.613013,4,0.613013,0,-5,false,-1,-1,-1,-1,measurement,native_mmwave_sinr_report
0.4778,20,19,mmwave,4,-0.58993,4,-0.58993,0,-5,false,-1,-1,-1,-1,measurement,native_mmwave_sinr_report
0.4794,16,12,mmwave,4,3.9592,4,3.9592,0,-5,false,-1,-1,-1,-1,measurement,native_mmwave_sinr_report
0.4794,17,14,mmwave,4,3.05699,4,3.05699,0,-5,false,-1,-1,-1,-1,measurement,native_mmwave_sinr_report
0.4794,18,2,mmwave,4,1.37099,4,1.37099,0,-5,false,-1,-1,-1,-1,measurement,native_mmwave_sinr_report
0.4794,19,7,mmwave,4,0.614774,4,0.614774,0,-5,false,-1,-1,-1,-1,measurement,native_mmwave_sinr_report
0.4794,20,19,mmwave,4,-0.588283,4,-0.588283,0,-5,false,-1,-1,-1,-1,measurement,native_mmwave_sinr_report
0.481,16,12,mmwave,4,3.96068,4,3.96068,0,-5,false,-1,-1,-1,-1,measurement,native_mmwave_sinr_report
0.481,17,14,mmwave,4,3.05912,4,3.05912,0,-5,false,-1,-1,-1,-1,measurement,native_mmwave_sinr_report
0.481,18,2,mmwave,4,1.37205,4,1.37205,0,-5,false,-1,-1,-1,-1,measurement,native_mmwave_sinr_report
0.481,19,7,mmwave,4,0.616535,4,0.616535,0,-5,false,-1,-1,-1,-1,measurement,native_mmwave_sinr_report
0.481,20,19,mmwave,4,-0.586635,4,-0.586635,0,-5,false,-1,-1,-1,-1,measurement,native_mmwave_sinr_report
0.4826,16,12,mmwave,4,3.96216,4,3.96216,0,-5,false,-1,-1,-1,-1,measurement,native_mmwave_sinr_report
0.4826,17,14,mmwave,4,3.06125,4,3.06125,0,-5,false,-1,-1,-1,-1,measurement,native_mmwave_sinr_report
0.4826,18,2,mmwave,4,1.37311,4,1.37311,0,-5,false,-1,-1,-1,-1,measurement,native_mmwave_sinr_report
0.4826,19,7,mmwave,4,0.618297,4,0.618297,0,-5,false,-1,-1,-1,-1,measurement,native_mmwave_sinr_report
0.4826,20,19,mmwave,4,-0.584988,4,-0.584988,0,-5,false,-1,-1,-1,-1,measurement,native_mmwave_sinr_report
0.4842,16,12,mmwave,4,3.96363,4,3.96363,0,-5,false,-1,-1,-1,-1,measurement,native_mmwave_sinr_report
0.4842,17,14,mmwave,4,3.06338,4,3.06338,0,-5,false,-1,-1,-1,-1,measurement,native_mmwave_sinr_report
0.4842,18,2,mmwave,4,1.37417,4,1.37417,0,-5,false,-1,-1,-1,-1,measurement,native_mmwave_sinr_report
0.4842,19,7,mmwave,4,0.620059,4,0.620059,0,-5,false,-1,-1,-1,-1,measurement,native_mmwave_sinr_report
0.4842,20,19,mmwave,4,-0.58334,4,-0.58334,0,-5,false,-1,-1,-1,-1,measurement,native_mmwave_sinr_report
0.4858,16,12,mmwave,4,3.96511,4,3.96511,0,-5,false,-1,-1,-1,-1,measurement,native_mmwave_sinr_report
0.4858,17,14,mmwave,4,3.06551,4,3.06551,0,-5,false,-1,-1,-1,-1,measurement,native_mmwave_sinr_report
0.4858,18,2,mmwave,4,1.37523,4,1.37523,0,-5,false,-1,-1,-1,-1,measurement,native_mmwave_sinr_report
0.4858,19,7,mmwave,4,0.621821,4,0.621821,0,-5,false,-1,-1,-1,-1,measurement,native_mmwave_sinr_report
0.4858,20,19,mmwave,4,-0.581693,4,-0.581693,0,-5,false,-1,-1,-1,-1,measurement,native_mmwave_sinr_report
0.4874,16,12,mmwave,4,3.96659,4,3.96659,0,-5,false,-1,-1,-1,-1,measurement,native_mmwave_sinr_report
0.4874,17,14,mmwave,4,3.06764,4,3.06764,0,-5,false,-1,-1,-1,-1,measurement,native_mmwave_sinr_report
0.4874,18,2,mmwave,4,1.37629,4,1.37629,0,-5,false,-1,-1,-1,-1,measurement,native_mmwave_sinr_report
0.4874,19,7,mmwave,4,0.623583,4,0.623583,0,-5,false,-1,-1,-1,-1,measurement,native_mmwave_sinr_report
0.4874,20,19,mmwave,4,-0.580045,4,-0.580045,0,-5,false,-1,-1,-1,-1,measurement,native_mmwave_sinr_report
0.489,16,12,mmwave,4,3.96807,4,3.96807,0,-5,false,-1,-1,-1,-1,measurement,native_mmwave_sinr_report
0.489,17,14,mmwave,4,3.06978,4,3.06978,0,-5,false,-1,-1,-1,-1,measurement,native_mmwave_sinr_report
0.489,18,2,mmwave,4,1.37735,4,1.37735,0,-5,false,-1,-1,-1,-1,measurement,native_mmwave_sinr_report
0.489,19,7,mmwave,4,0.625346,4,0.625346,0,-5,false,-1,-1,-1,-1,measurement,native_mmwave_sinr_report
0.489,20,19,mmwave,4,-0.578397,4,-0.578397,0,-5,false,-1,-1,-1,-1,measurement,native_mmwave_sinr_report
0.4906,16,12,mmwave,4,3.96955,4,3.96955,0,-5,false,-1,-1,-1,-1,measurement,native_mmwave_sinr_report
0.4906,17,14,mmwave,4,3.07191,4,3.07191,0,-5,false,-1,-1,-1,-1,measurement,native_mmwave_sinr_report
0.4906,18,2,mmwave,4,1.37841,4,1.37841,0,-5,false,-1,-1,-1,-1,measurement,native_mmwave_sinr_report
0.4906,19,7,mmwave,4,0.627109,4,0.627109,0,-5,false,-1,-1,-1,-1,measurement,native_mmwave_sinr_report
0.4906,20,19,mmwave,4,-0.576748,4,-0.576748,0,-5,false,-1,-1,-1,-1,measurement,native_mmwave_sinr_report
0.4922,16,12,mmwave,4,3.97103,4,3.97103,0,-5,false,-1,-1,-1,-1,measurement,native_mmwave_sinr_report
0.4922,17,14,mmwave,4,3.07404,4,3.07404,0,-5,false,-1,-1,-1,-1,measurement,native_mmwave_sinr_report
0.4922,18,2,mmwave,4,1.37946,4,1.37946,0,-5,false,-1,-1,-1,-1,measurement,native_mmwave_sinr_report
0.4922,19,7,mmwave,4,0.628872,4,0.628872,0,-5,false,-1,-1,-1,-1,measurement,native_mmwave_sinr_report
0.4922,20,19,mmwave,4,-0.5751,4,-0.5751,0,-5,false,-1,-1,-1,-1,measurement,native_mmwave_sinr_report
0.4938,16,12,mmwave,4,3.97251,4,3.97251,0,-5,false,-1,-1,-1,-1,measurement,native_mmwave_sinr_report
0.4938,17,14,mmwave,4,3.07617,4,3.07617,0,-5,false,-1,-1,-1,-1,measurement,native_mmwave_sinr_report
0.4938,18,2,mmwave,4,1.38052,4,1.38052,0,-5,false,-1,-1,-1,-1,measurement,native_mmwave_sinr_report
0.4938,19,7,mmwave,4,0.630635,4,0.630635,0,-5,false,-1,-1,-1,-1,measurement,native_mmwave_sinr_report
0.4938,20,19,mmwave,4,-0.573451,4,-0.573451,0,-5,false,-1,-1,-1,-1,measurement,native_mmwave_sinr_report
0.4954,16,12,mmwave,4,3.97399,4,3.97399,0,-5,false,-1,-1,-1,-1,measurement,native_mmwave_sinr_report
0.4954,17,14,mmwave,4,3.07831,4,3.07831,0,-5,false,-1,-1,-1,-1,measurement,native_mmwave_sinr_report
0.4954,18,2,mmwave,4,1.38158,4,1.38158,0,-5,false,-1,-1,-1,-1,measurement,native_mmwave_sinr_report
0.4954,19,7,mmwave,4,0.632398,4,0.632398,0,-5,false,-1,-1,-1,-1,measurement,native_mmwave_sinr_report
0.4954,20,19,mmwave,4,-0.571803,4,-0.571803,0,-5,false,-1,-1,-1,-1,measurement,native_mmwave_sinr_report
0.497,16,12,mmwave,4,3.97547,4,3.97547,0,-5,false,-1,-1,-1,-1,measurement,native_mmwave_sinr_report
0.497,17,14,mmwave,4,3.08044,4,3.08044,0,-5,false,-1,-1,-1,-1,measurement,native_mmwave_sinr_report
0.497,18,2,mmwave,4,1.38264,4,1.38264,0,-5,false,-1,-1,-1,-1,measurement,native_mmwave_sinr_report
0.497,19,7,mmwave,4,0.634162,4,0.634162,0,-5,false,-1,-1,-1,-1,measurement,native_mmwave_sinr_report
0.497,20,19,mmwave,4,-0.570154,4,-0.570154,0,-5,false,-1,-1,-1,-1,measurement,native_mmwave_sinr_report
0.4986,16,12,mmwave,4,3.97695,4,3.97695,0,-5,false,-1,-1,-1,-1,measurement,native_mmwave_sinr_report
0.4986,17,14,mmwave,4,3.08257,4,3.08257,0,-5,false,-1,-1,-1,-1,measurement,native_mmwave_sinr_report
0.4986,18,2,mmwave,4,1.3837,4,1.3837,0,-5,false,-1,-1,-1,-1,measurement,native_mmwave_sinr_report
0.4986,19,7,mmwave,4,0.635926,4,0.635926,0,-5,false,-1,-1,-1,-1,measurement,native_mmwave_sinr_report
0.4986,20,19,mmwave,4,-0.568505,4,-0.568505,0,-5,false,-1,-1,-1,-1,measurement,native_mmwave_sinr_report
0.5002,16,12,mmwave,4,3.97843,4,3.97843,0,-5,false,-1,-1,-1,-1,measurement,native_mmwave_sinr_report
0.5002,17,14,mmwave,4,3.08471,4,3.08471,0,-5,false,-1,-1,-1,-1,measurement,native_mmwave_sinr_report
0.5002,18,2,mmwave,4,1.38476,4,1.38476,0,-5,false,-1,-1,-1,-1,measurement,native_mmwave_sinr_report
0.5002,19,7,mmwave,4,0.637689,4,0.637689,0,-5,false,-1,-1,-1,-1,measurement,native_mmwave_sinr_report
0.5002,20,19,mmwave,4,-0.566855,4,-0.566855,0,-5,false,-1,-1,-1,-1,measurement,native_mmwave_sinr_report
0.5018,16,12,mmwave,4,3.97991,4,3.97991,0,-5,false,-1,-1,-1,-1,measurement,native_mmwave_sinr_report
0.5018,17,14,mmwave,4,3.08684,4,3.08684,0,-5,false,-1,-1,-1,-1,measurement,native_mmwave_sinr_report
0.5018,18,2,mmwave,4,1.38582,4,1.38582,0,-5,false,-1,-1,-1,-1,measurement,native_mmwave_sinr_report
0.5018,19,7,mmwave,4,0.639454,4,0.639454,0,-5,false,-1,-1,-1,-1,measurement,native_mmwave_sinr_report
0.5018,20,19,mmwave,4,-0.565206,4,-0.565206,0,-5,false,-1,-1,-1,-1,measurement,native_mmwave_sinr_report
0.5034,16,12,mmwave,4,3.98139,4,3.98139,0,-5,false,-1,-1,-1,-1,measurement,native_mmwave_sinr_report
0.5034,17,14,mmwave,4,3.08898,4,3.08898,0,-5,false,-1,-1,-1,-1,measurement,native_mmwave_sinr_report
0.5034,18,2,mmwave,4,1.38688,4,1.38688,0,-5,false,-1,-1,-1,-1,measurement,native_mmwave_sinr_report
0.5034,19,7,mmwave,4,0.641218,4,0.641218,0,-5,false,-1,-1,-1,-1,measurement,native_mmwave_sinr_report
0.5034,20,19,mmwave,4,-0.563556,4,-0.563556,0,-5,false,-1,-1,-1,-1,measurement,native_mmwave_sinr_report
0.505,16,12,mmwave,4,3.98287,4,3.98287,0,-5,false,-1,-1,-1,-1,measurement,native_mmwave_sinr_report
0.505,17,14,mmwave,4,3.09111,4,3.09111,0,-5,false,-1,-1,-1,-1,measurement,native_mmwave_sinr_report
0.505,18,2,mmwave,4,1.38794,4,1.38794,0,-5,false,-1,-1,-1,-1,measurement,native_mmwave_sinr_report
0.505,19,7,mmwave,4,0.642983,4,0.642983,0,-5,false,-1,-1,-1,-1,measurement,native_mmwave_sinr_report
0.505,20,19,mmwave,4,-0.561906,4,-0.561906,0,-5,false,-1,-1,-1,-1,measurement,native_mmwave_sinr_report
0.5066,16,12,mmwave,4,3.98435,4,3.98435,0,-5,false,-1,-1,-1,-1,measurement,native_mmwave_sinr_report
0.5066,17,14,mmwave,4,3.09325,4,3.09325,0,-5,false,-1,-1,-1,-1,measurement,native_mmwave_sinr_report
0.5066,18,2,mmwave,4,1.389,4,1.389,0,-5,false,-1,-1,-1,-1,measurement,native_mmwave_sinr_report
0.5066,19,7,mmwave,4,0.644747,4,0.644747,0,-5,false,-1,-1,-1,-1,measurement,native_mmwave_sinr_report
0.5066,20,19,mmwave,4,-0.560256,4,-0.560256,0,-5,false,-1,-1,-1,-1,measurement,native_mmwave_sinr_report
0.5082,16,12,mmwave,4,3.98583,4,3.98583,0,-5,false,-1,-1,-1,-1,measurement,native_mmwave_sinr_report
0.5082,17,14,mmwave,4,3.09538,4,3.09538,0,-5,false,-1,-1,-1,-1,measurement,native_mmwave_sinr_report
0.5082,18,2,mmwave,4,1.39006,4,1.39006,0,-5,false,-1,-1,-1,-1,measurement,native_mmwave_sinr_report
0.5082,19,7,mmwave,4,0.646512,4,0.646512,0,-5,false,-1,-1,-1,-1,measurement,native_mmwave_sinr_report
0.5082,20,19,mmwave,4,-0.558606,4,-0.558606,0,-5,false,-1,-1,-1,-1,measurement,native_mmwave_sinr_report
0.5098,16,12,mmwave,4,3.98732,4,3.98732,0,-5,false,-1,-1,-1,-1,measurement,native_mmwave_sinr_report
0.5098,17,14,mmwave,4,3.09752,4,3.09752,0,-5,false,-1,-1,-1,-1,measurement,native_mmwave_sinr_report
0.5098,18,2,mmwave,4,1.39112,4,1.39112,0,-5,false,-1,-1,-1,-1,measurement,native_mmwave_sinr_report
0.5098,19,7,mmwave,4,0.648277,4,0.648277,0,-5,false,-1,-1,-1,-1,measurement,native_mmwave_sinr_report
0.5098,20,19,mmwave,4,-0.556956,4,-0.556956,0,-5,false,-1,-1,-1,-1,measurement,native_mmwave_sinr_report
0.5114,16,12,mmwave,4,3.9888,4,3.9888,0,-5,false,-1,-1,-1,-1,measurement,native_mmwave_sinr_report
0.5114,17,14,mmwave,4,3.09966,4,3.09966,0,-5,false,-1,-1,-1,-1,measurement,native_mmwave_sinr_report
0.5114,18,2,mmwave,4,1.39218,4,1.39218,0,-5,false,-1,-1,-1,-1,measurement,native_mmwave_sinr_report
0.5114,19,7,mmwave,4,0.650043,4,0.650043,0,-5,false,-1,-1,-1,-1,measurement,native_mmwave_sinr_report
0.5114,20,19,mmwave,4,-0.555305,4,-0.555305,0,-5,false,-1,-1,-1,-1,measurement,native_mmwave_sinr_report
0.513,16,12,mmwave,4,3.99028,4,3.99028,0,-5,false,-1,-1,-1,-1,measurement,native_mmwave_sinr_report
0.513,17,14,mmwave,4,3.10179,4,3.10179,0,-5,false,-1,-1,-1,-1,measurement,native_mmwave_sinr_report
0.513,18,2,mmwave,4,1.39324,4,1.39324,0,-5,false,-1,-1,-1,-1,measurement,native_mmwave_sinr_report
0.513,19,7,mmwave,4,0.651808,4,0.651808,0,-5,false,-1,-1,-1,-1,measurement,native_mmwave_sinr_report
0.513,20,19,mmwave,4,-0.553655,4,-0.553655,0,-5,false,-1,-1,-1,-1,measurement,native_mmwave_sinr_report
0.5146,16,12,mmwave,4,3.99176,4,3.99176,0,-5,false,-1,-1,-1,-1,measurement,native_mmwave_sinr_report
0.5146,17,14,mmwave,4,3.10393,4,3.10393,0,-5,false,-1,-1,-1,-1,measurement,native_mmwave_sinr_report
0.5146,18,2,mmwave,4,1.3943,4,1.3943,0,-5,false,-1,-1,-1,-1,measurement,native_mmwave_sinr_report
0.5146,19,7,mmwave,4,0.653574,4,0.653574,0,-5,false,-1,-1,-1,-1,measurement,native_mmwave_sinr_report
0.5146,20,19,mmwave,4,-0.552004,4,-0.552004,0,-5,false,-1,-1,-1,-1,measurement,native_mmwave_sinr_report
0.5162,16,12,mmwave,4,3.99324,4,3.99324,0,-5,false,-1,-1,-1,-1,measurement,native_mmwave_sinr_report
0.5162,17,14,mmwave,4,3.10607,4,3.10607,0,-5,false,-1,-1,-1,-1,measurement,native_mmwave_sinr_report
0.5162,18,2,mmwave,4,1.39536,4,1.39536,0,-5,false,-1,-1,-1,-1,measurement,native_mmwave_sinr_report
0.5162,19,7,mmwave,4,0.65534,4,0.65534,0,-5,false,-1,-1,-1,-1,measurement,native_mmwave_sinr_report
0.5162,20,19,mmwave,4,-0.550353,4,-0.550353,0,-5,false,-1,-1,-1,-1,measurement,native_mmwave_sinr_report
0.5178,16,12,mmwave,4,3.99472,4,3.99472,0,-5,false,-1,-1,-1,-1,measurement,native_mmwave_sinr_report
0.5178,17,14,mmwave,4,3.1082,4,3.1082,0,-5,false,-1,-1,-1,-1,measurement,native_mmwave_sinr_report
0.5178,18,2,mmwave,4,1.39642,4,1.39642,0,-5,false,-1,-1,-1,-1,measurement,native_mmwave_sinr_report
0.5178,19,7,mmwave,4,0.657106,4,0.657106,0,-5,false,-1,-1,-1,-1,measurement,native_mmwave_sinr_report
0.5178,20,19,mmwave,4,-0.548701,4,-0.548701,0,-5,false,-1,-1,-1,-1,measurement,native_mmwave_sinr_report
0.5194,16,12,mmwave,4,3.99621,4,3.99621,0,-5,false,-1,-1,-1,-1,measurement,native_mmwave_sinr_report
0.5194,17,14,mmwave,4,3.11034,4,3.11034,0,-5,false,-1,-1,-1,-1,measurement,native_mmwave_sinr_report
0.5194,18,2,mmwave,4,1.39748,4,1.39748,0,-5,false,-1,-1,-1,-1,measurement,native_mmwave_sinr_report
0.5194,19,7,mmwave,4,0.658873,4,0.658873,0,-5,false,-1,-1,-1,-1,measurement,native_mmwave_sinr_report
0.5194,20,19,mmwave,4,-0.54705,4,-0.54705,0,-5,false,-1,-1,-1,-1,measurement,native_mmwave_sinr_report
0.521,16,12,mmwave,4,3.99769,4,3.99769,0,-5,false,-1,-1,-1,-1,measurement,native_mmwave_sinr_report
0.521,17,14,mmwave,4,3.11248,4,3.11248,0,-5,false,-1,-1,-1,-1,measurement,native_mmwave_sinr_report
0.521,18,2,mmwave,4,1.39854,4,1.39854,0,-5,false,-1,-1,-1,-1,measurement,native_mmwave_sinr_report
0.521,19,7,mmwave,4,0.660639,4,0.660639,0,-5,false,-1,-1,-1,-1,measurement,native_mmwave_sinr_report
0.521,20,19,mmwave,4,-0.545399,4,-0.545399,0,-5,false,-1,-1,-1,-1,measurement,native_mmwave_sinr_report
0.5226,16,12,mmwave,4,3.99917,4,3.99917,0,-5,false,-1,-1,-1,-1,measurement,native_mmwave_sinr_report
0.5226,17,14,mmwave,4,3.11462,4,3.11462,0,-5,false,-1,-1,-1,-1,measurement,native_mmwave_sinr_report
0.5226,18,2,mmwave,4,1.3996,4,1.3996,0,-5,false,-1,-1,-1,-1,measurement,native_mmwave_sinr_report
0.5226,19,7,mmwave,4,0.662406,4,0.662406,0,-5,false,-1,-1,-1,-1,measurement,native_mmwave_sinr_report
0.5226,20,19,mmwave,4,-0.543747,4,-0.543747,0,-5,false,-1,-1,-1,-1,measurement,native_mmwave_sinr_report
0.5242,16,12,mmwave,4,4.00065,4,4.00065,0,-5,false,-1,-1,-1,-1,measurement,native_mmwave_sinr_report
0.5242,17,14,mmwave,4,3.11676,4,3.11676,0,-5,false,-1,-1,-1,-1,measurement,native_mmwave_sinr_report
0.5242,18,2,mmwave,4,1.40066,4,1.40066,0,-5,false,-1,-1,-1,-1,measurement,native_mmwave_sinr_report
0.5242,19,7,mmwave,4,0.664173,4,0.664173,0,-5,false,-1,-1,-1,-1,measurement,native_mmwave_sinr_report
0.5242,20,19,mmwave,4,-0.542095,4,-0.542095,0,-5,false,-1,-1,-1,-1,measurement,native_mmwave_sinr_report
0.5258,16,12,mmwave,4,4.00213,4,4.00213,0,-5,false,-1,-1,-1,-1,measurement,native_mmwave_sinr_report
0.5258,17,14,mmwave,4,3.1189,4,3.1189,0,-5,false,-1,-1,-1,-1,measurement,native_mmwave_sinr_report
0.5258,18,2,mmwave,4,1.40172,4,1.40172,0,-5,false,-1,-1,-1,-1,measurement,native_mmwave_sinr_report
0.5258,19,7,mmwave,4,0.66594,4,0.66594,0,-5,false,-1,-1,-1,-1,measurement,native_mmwave_sinr_report
0.5258,20,19,mmwave,4,-0.540443,4,-0.540443,0,-5,false,-1,-1,-1,-1,measurement,native_mmwave_sinr_report
0.5274,16,12,mmwave,4,4.00362,4,4.00362,0,-5,false,-1,-1,-1,-1,measurement,native_mmwave_sinr_report
0.5274,17,14,mmwave,4,3.12104,4,3.12104,0,-5,false,-1,-1,-1,-1,measurement,native_mmwave_sinr_report
0.5274,18,2,mmwave,4,1.40278,4,1.40278,0,-5,false,-1,-1,-1,-1,measurement,native_mmwave_sinr_report
0.5274,19,7,mmwave,4,0.667708,4,0.667708,0,-5,false,-1,-1,-1,-1,measurement,native_mmwave_sinr_report
0.5274,20,19,mmwave,4,-0.538791,4,-0.538791,0,-5,false,-1,-1,-1,-1,measurement,native_mmwave_sinr_report
0.529,16,12,mmwave,4,4.0051,4,4.0051,0,-5,false,-1,-1,-1,-1,measurement,native_mmwave_sinr_report
0.529,17,14,mmwave,4,3.12318,4,3.12318,0,-5,false,-1,-1,-1,-1,measurement,native_mmwave_sinr_report
0.529,18,2,mmwave,4,1.40384,4,1.40384,0,-5,false,-1,-1,-1,-1,measurement,native_mmwave_sinr_report
0.529,19,7,mmwave,4,0.669475,4,0.669475,0,-5,false,-1,-1,-1,-1,measurement,native_mmwave_sinr_report
0.529,20,19,mmwave,4,-0.537138,4,-0.537138,0,-5,false,-1,-1,-1,-1,measurement,native_mmwave_sinr_report
0.5306,16,12,mmwave,4,4.00658,4,4.00658,0,-5,false,-1,-1,-1,-1,measurement,native_mmwave_sinr_report
0.5306,17,14,mmwave,4,3.12532,4,3.12532,0,-5,false,-1,-1,-1,-1,measurement,native_mmwave_sinr_report
0.5306,18,2,mmwave,4,1.4049,4,1.4049,0,-5,false,-1,-1,-1,-1,measurement,native_mmwave_sinr_report
0.5306,19,7,mmwave,4,0.671243,4,0.671243,0,-5,false,-1,-1,-1,-1,measurement,native_mmwave_sinr_report
0.5306,20,19,mmwave,4,-0.535485,4,-0.535485,0,-5,false,-1,-1,-1,-1,measurement,native_mmwave_sinr_report
0.5322,16,12,mmwave,4,4.00807,4,4.00807,0,-5,false,-1,-1,-1,-1,measurement,native_mmwave_sinr_report
0.5322,17,14,mmwave,4,3.12746,4,3.12746,0,-5,false,-1,-1,-1,-1,measurement,native_mmwave_sinr_report
0.5322,18,2,mmwave,4,1.40596,4,1.40596,0,-5,false,-1,-1,-1,-1,measurement,native_mmwave_sinr_report
0.5322,19,7,mmwave,4,0.673011,4,0.673011,0,-5,false,-1,-1,-1,-1,measurement,native_mmwave_sinr_report
0.5322,20,19,mmwave,4,-0.533833,4,-0.533833,0,-5,false,-1,-1,-1,-1,measurement,native_mmwave_sinr_report
0.5338,16,12,mmwave,4,4.00955,4,4.00955,0,-5,false,-1,-1,-1,-1,measurement,native_mmwave_sinr_report
0.5338,17,14,mmwave,4,3.1296,4,3.1296,0,-5,false,-1,-1,-1,-1,measurement,native_mmwave_sinr_report
0.5338,18,2,mmwave,4,1.40702,4,1.40702,0,-5,false,-1,-1,-1,-1,measurement,native_mmwave_sinr_report
0.5338,19,7,mmwave,4,0.674779,4,0.674779,0,-5,false,-1,-1,-1,-1,measurement,native_mmwave_sinr_report
0.5338,20,19,mmwave,4,-0.53218,4,-0.53218,0,-5,false,-1,-1,-1,-1,measurement,native_mmwave_sinr_report
0.5354,16,12,mmwave,4,4.01103,4,4.01103,0,-5,false,-1,-1,-1,-1,measurement,native_mmwave_sinr_report
0.5354,17,14,mmwave,4,3.13174,4,3.13174,0,-5,false,-1,-1,-1,-1,measurement,native_mmwave_sinr_report
0.5354,18,2,mmwave,4,1.40809,4,1.40809,0,-5,false,-1,-1,-1,-1,measurement,native_mmwave_sinr_report
0.5354,19,7,mmwave,4,0.676548,4,0.676548,0,-5,false,-1,-1,-1,-1,measurement,native_mmwave_sinr_report
0.5354,20,19,mmwave,4,-0.530527,4,-0.530527,0,-5,false,-1,-1,-1,-1,measurement,native_mmwave_sinr_report
0.537,16,12,mmwave,4,4.01252,4,4.01252,0,-5,false,-1,-1,-1,-1,measurement,native_mmwave_sinr_report
0.537,17,14,mmwave,4,3.13388,4,3.13388,0,-5,false,-1,-1,-1,-1,measurement,native_mmwave_sinr_report
0.537,18,2,mmwave,4,1.40915,4,1.40915,0,-5,false,-1,-1,-1,-1,measurement,native_mmwave_sinr_report
0.537,19,7,mmwave,4,0.678316,4,0.678316,0,-5,false,-1,-1,-1,-1,measurement,native_mmwave_sinr_report
0.537,20,19,mmwave,4,-0.528873,4,-0.528873,0,-5,false,-1,-1,-1,-1,measurement,native_mmwave_sinr_report
0.5386,16,12,mmwave,4,4.014,4,4.014,0,-5,false,-1,-1,-1,-1,measurement,native_mmwave_sinr_report
0.5386,17,14,mmwave,4,3.13602,4,3.13602,0,-5,false,-1,-1,-1,-1,measurement,native_mmwave_sinr_report
0.5386,18,2,mmwave,4,1.41021,4,1.41021,0,-5,false,-1,-1,-1,-1,measurement,native_mmwave_sinr_report
0.5386,19,7,mmwave,4,0.680085,4,0.680085,0,-5,false,-1,-1,-1,-1,measurement,native_mmwave_sinr_report
0.5386,20,19,mmwave,4,-0.52722,4,-0.52722,0,-5,false,-1,-1,-1,-1,measurement,native_mmwave_sinr_report
0.5402,16,12,mmwave,4,4.01548,4,4.01548,0,-5,false,-1,-1,-1,-1,measurement,native_mmwave_sinr_report
0.5402,17,14,mmwave,4,3.13816,4,3.13816,0,-5,false,-1,-1,-1,-1,measurement,native_mmwave_sinr_report
0.5402,18,2,mmwave,4,1.41127,4,1.41127,0,-5,false,-1,-1,-1,-1,measurement,native_mmwave_sinr_report
0.5402,19,7,mmwave,4,0.681854,4,0.681854,0,-5,false,-1,-1,-1,-1,measurement,native_mmwave_sinr_report
0.5402,20,19,mmwave,4,-0.525566,4,-0.525566,0,-5,false,-1,-1,-1,-1,measurement,native_mmwave_sinr_report
0.5418,16,12,mmwave,4,4.01697,4,4.01697,0,-5,false,-1,-1,-1,-1,measurement,native_mmwave_sinr_report
0.5418,17,14,mmwave,4,3.1403,4,3.1403,0,-5,false,-1,-1,-1,-1,measurement,native_mmwave_sinr_report
0.5418,18,2,mmwave,4,1.41233,4,1.41233,0,-5,false,-1,-1,-1,-1,measurement,native_mmwave_sinr_report
0.5418,19,7,mmwave,4,0.683623,4,0.683623,0,-5,false,-1,-1,-1,-1,measurement,native_mmwave_sinr_report
0.5418,20,19,mmwave,4,-0.523912,4,-0.523912,0,-5,false,-1,-1,-1,-1,measurement,native_mmwave_sinr_report
0.5434,16,12,mmwave,4,4.01845,4,4.01845,0,-5,false,-1,-1,-1,-1,measurement,native_mmwave_sinr_report
0.5434,17,14,mmwave,4,3.14244,4,3.14244,0,-5,false,-1,-1,-1,-1,measurement,native_mmwave_sinr_report
0.5434,18,2,mmwave,4,1.41339,4,1.41339,0,-5,false,-1,-1,-1,-1,measurement,native_mmwave_sinr_report
0.5434,19,7,mmwave,4,0.685393,4,0.685393,0,-5,false,-1,-1,-1,-1,measurement,native_mmwave_sinr_report
0.5434,20,19,mmwave,4,-0.522258,4,-0.522258,0,-5,false,-1,-1,-1,-1,measurement,native_mmwave_sinr_report
0.545,16,12,mmwave,4,4.01993,4,4.01993,0,-5,false,-1,-1,-1,-1,measurement,native_mmwave_sinr_report
0.545,17,14,mmwave,4,3.14459,4,3.14459,0,-5,false,-1,-1,-1,-1,measurement,native_mmwave_sinr_report
0.545,18,2,mmwave,4,1.41445,4,1.41445,0,-5,false,-1,-1,-1,-1,measurement,native_mmwave_sinr_report
0.545,19,7,mmwave,4,0.687162,4,0.687162,0,-5,false,-1,-1,-1,-1,measurement,native_mmwave_sinr_report
0.545,20,19,mmwave,4,-0.520604,4,-0.520604,0,-5,false,-1,-1,-1,-1,measurement,native_mmwave_sinr_report
0.5466,16,12,mmwave,4,4.02142,4,4.02142,0,-5,false,-1,-1,-1,-1,measurement,native_mmwave_sinr_report
0.5466,17,14,mmwave,4,3.14673,4,3.14673,0,-5,false,-1,-1,-1,-1,measurement,native_mmwave_sinr_report
0.5466,18,2,mmwave,4,1.41551,4,1.41551,0,-5,false,-1,-1,-1,-1,measurement,native_mmwave_sinr_report
0.5466,19,7,mmwave,4,0.688932,4,0.688932,0,-5,false,-1,-1,-1,-1,measurement,native_mmwave_sinr_report
0.5466,20,19,mmwave,4,-0.51895,4,-0.51895,0,-5,false,-1,-1,-1,-1,measurement,native_mmwave_sinr_report
0.5482,16,12,mmwave,4,4.0229,4,4.0229,0,-5,false,-1,-1,-1,-1,measurement,native_mmwave_sinr_report
0.5482,17,14,mmwave,4,3.14887,4,3.14887,0,-5,false,-1,-1,-1,-1,measurement,native_mmwave_sinr_report
0.5482,18,2,mmwave,4,1.41658,4,1.41658,0,-5,false,-1,-1,-1,-1,measurement,native_mmwave_sinr_report
0.5482,19,7,mmwave,4,0.690702,4,0.690702,0,-5,false,-1,-1,-1,-1,measurement,native_mmwave_sinr_report
0.5482,20,19,mmwave,4,-0.517295,4,-0.517295,0,-5,false,-1,-1,-1,-1,measurement,native_mmwave_sinr_report
0.5498,16,12,mmwave,4,4.02439,4,4.02439,0,-5,false,-1,-1,-1,-1,measurement,native_mmwave_sinr_report
0.5498,17,14,mmwave,4,3.15102,4,3.15102,0,-5,false,-1,-1,-1,-1,measurement,native_mmwave_sinr_report
0.5498,18,2,mmwave,4,1.41764,4,1.41764,0,-5,false,-1,-1,-1,-1,measurement,native_mmwave_sinr_report
0.5498,19,7,mmwave,4,0.692473,4,0.692473,0,-5,false,-1,-1,-1,-1,measurement,native_mmwave_sinr_report
0.5498,20,19,mmwave,4,-0.515641,4,-0.515641,0,-5,false,-1,-1,-1,-1,measurement,native_mmwave_sinr_report
0.5514,16,12,mmwave,4,4.02587,4,4.02587,0,-5,false,-1,-1,-1,-1,measurement,native_mmwave_sinr_report
0.5514,17,14,mmwave,4,3.15316,4,3.15316,0,-5,false,-1,-1,-1,-1,measurement,native_mmwave_sinr_report
0.5514,18,2,mmwave,4,1.4187,4,1.4187,0,-5,false,-1,-1,-1,-1,measurement,native_mmwave_sinr_report
0.5514,19,7,mmwave,4,0.694243,4,0.694243,0,-5,false,-1,-1,-1,-1,measurement,native_mmwave_sinr_report
0.5514,20,19,mmwave,4,-0.513986,4,-0.513986,0,-5,false,-1,-1,-1,-1,measurement,native_mmwave_sinr_report
0.553,16,12,mmwave,4,4.02736,4,4.02736,0,-5,false,-1,-1,-1,-1,measurement,native_mmwave_sinr_report
0.553,17,14,mmwave,4,3.1553,4,3.1553,0,-5,false,-1,-1,-1,-1,measurement,native_mmwave_sinr_report
0.553,18,2,mmwave,4,1.41976,4,1.41976,0,-5,false,-1,-1,-1,-1,measurement,native_mmwave_sinr_report
0.553,19,7,mmwave,4,0.696014,4,0.696014,0,-5,false,-1,-1,-1,-1,measurement,native_mmwave_sinr_report
0.553,20,19,mmwave,4,-0.512331,4,-0.512331,0,-5,false,-1,-1,-1,-1,measurement,native_mmwave_sinr_report
0.5546,16,12,mmwave,4,4.02884,4,4.02884,0,-5,false,-1,-1,-1,-1,measurement,native_mmwave_sinr_report
0.5546,17,14,mmwave,4,3.15745,4,3.15745,0,-5,false,-1,-1,-1,-1,measurement,native_mmwave_sinr_report
0.5546,18,2,mmwave,4,1.42082,4,1.42082,0,-5,false,-1,-1,-1,-1,measurement,native_mmwave_sinr_report
0.5546,19,7,mmwave,4,0.697785,4,0.697785,0,-5,false,-1,-1,-1,-1,measurement,native_mmwave_sinr_report
0.5546,20,19,mmwave,4,-0.510675,4,-0.510675,0,-5,false,-1,-1,-1,-1,measurement,native_mmwave_sinr_report
0.5562,16,12,mmwave,4,4.03033,4,4.03033,0,-5,false,-1,-1,-1,-1,measurement,native_mmwave_sinr_report
0.5562,17,14,mmwave,4,3.15959,4,3.15959,0,-5,false,-1,-1,-1,-1,measurement,native_mmwave_sinr_report
0.5562,18,2,mmwave,4,1.42188,4,1.42188,0,-5,false,-1,-1,-1,-1,measurement,native_mmwave_sinr_report
0.5562,19,7,mmwave,4,0.699556,4,0.699556,0,-5,false,-1,-1,-1,-1,measurement,native_mmwave_sinr_report
0.5562,20,19,mmwave,4,-0.50902,4,-0.50902,0,-5,false,-1,-1,-1,-1,measurement,native_mmwave_sinr_report
0.5578,16,12,mmwave,4,4.03181,4,4.03181,0,-5,false,-1,-1,-1,-1,measurement,native_mmwave_sinr_report
0.5578,17,14,mmwave,4,3.16174,4,3.16174,0,-5,false,-1,-1,-1,-1,measurement,native_mmwave_sinr_report
0.5578,18,2,mmwave,4,1.42295,4,1.42295,0,-5,false,-1,-1,-1,-1,measurement,native_mmwave_sinr_report
0.5578,19,7,mmwave,4,0.701327,4,0.701327,0,-5,false,-1,-1,-1,-1,measurement,native_mmwave_sinr_report
0.5578,20,19,mmwave,4,-0.507364,4,-0.507364,0,-5,false,-1,-1,-1,-1,measurement,native_mmwave_sinr_report
0.5594,16,12,mmwave,4,4.0333,4,4.0333,0,-5,false,-1,-1,-1,-1,measurement,native_mmwave_sinr_report
0.5594,17,14,mmwave,4,3.16388,4,3.16388,0,-5,false,-1,-1,-1,-1,measurement,native_mmwave_sinr_report
0.5594,18,2,mmwave,4,1.42401,4,1.42401,0,-5,false,-1,-1,-1,-1,measurement,native_mmwave_sinr_report
0.5594,19,7,mmwave,4,0.703098,4,0.703098,0,-5,false,-1,-1,-1,-1,measurement,native_mmwave_sinr_report
0.5594,20,19,mmwave,4,-0.505709,4,-0.505709,0,-5,false,-1,-1,-1,-1,measurement,native_mmwave_sinr_report
0.561,16,12,mmwave,4,4.03478,4,4.03478,0,-5,false,-1,-1,-1,-1,measurement,native_mmwave_sinr_report
0.561,17,14,mmwave,4,3.16603,4,3.16603,0,-5,false,-1,-1,-1,-1,measurement,native_mmwave_sinr_report
0.561,18,2,mmwave,4,1.42507,4,1.42507,0,-5,false,-1,-1,-1,-1,measurement,native_mmwave_sinr_report
0.561,19,7,mmwave,4,0.70487,4,0.70487,0,-5,false,-1,-1,-1,-1,measurement,native_mmwave_sinr_report
0.561,20,19,mmwave,4,-0.504053,4,-0.504053,0,-5,false,-1,-1,-1,-1,measurement,native_mmwave_sinr_report
0.5626,16,12,mmwave,4,4.03627,4,4.03627,0,-5,false,-1,-1,-1,-1,measurement,native_mmwave_sinr_report
0.5626,17,14,mmwave,4,3.16817,4,3.16817,0,-5,false,-1,-1,-1,-1,measurement,native_mmwave_sinr_report
0.5626,18,2,mmwave,4,1.42613,4,1.42613,0,-5,false,-1,-1,-1,-1,measurement,native_mmwave_sinr_report
0.5626,19,7,mmwave,4,0.706642,4,0.706642,0,-5,false,-1,-1,-1,-1,measurement,native_mmwave_sinr_report
0.5626,20,19,mmwave,4,-0.502397,4,-0.502397,0,-5,false,-1,-1,-1,-1,measurement,native_mmwave_sinr_report
0.5642,16,12,mmwave,4,4.03776,4,4.03776,0,-5,false,-1,-1,-1,-1,measurement,native_mmwave_sinr_report
0.5642,17,14,mmwave,4,3.17032,4,3.17032,0,-5,false,-1,-1,-1,-1,measurement,native_mmwave_sinr_report
0.5642,18,2,mmwave,4,1.42719,4,1.42719,0,-5,false,-1,-1,-1,-1,measurement,native_mmwave_sinr_report
0.5642,19,7,mmwave,4,0.708414,4,0.708414,0,-5,false,-1,-1,-1,-1,measurement,native_mmwave_sinr_report
0.5642,20,19,mmwave,4,-0.50074,4,-0.50074,0,-5,false,-1,-1,-1,-1,measurement,native_mmwave_sinr_report
0.5658,16,12,mmwave,4,4.03924,4,4.03924,0,-5,false,-1,-1,-1,-1,measurement,native_mmwave_sinr_report
0.5658,17,14,mmwave,4,3.17247,4,3.17247,0,-5,false,-1,-1,-1,-1,measurement,native_mmwave_sinr_report
0.5658,18,2,mmwave,4,1.42826,4,1.42826,0,-5,false,-1,-1,-1,-1,measurement,native_mmwave_sinr_report
0.5658,19,7,mmwave,4,0.710186,4,0.710186,0,-5,false,-1,-1,-1,-1,measurement,native_mmwave_sinr_report
0.5658,20,19,mmwave,4,-0.499084,4,-0.499084,0,-5,false,-1,-1,-1,-1,measurement,native_mmwave_sinr_report
0.5674,16,12,mmwave,4,4.04073,4,4.04073,0,-5,false,-1,-1,-1,-1,measurement,native_mmwave_sinr_report
0.5674,17,14,mmwave,4,3.17461,4,3.17461,0,-5,false,-1,-1,-1,-1,measurement,native_mmwave_sinr_report
0.5674,18,2,mmwave,4,1.42932,4,1.42932,0,-5,false,-1,-1,-1,-1,measurement,native_mmwave_sinr_report
0.5674,19,7,mmwave,4,0.711959,4,0.711959,0,-5,false,-1,-1,-1,-1,measurement,native_mmwave_sinr_report
0.5674,20,19,mmwave,4,-0.497427,4,-0.497427,0,-5,false,-1,-1,-1,-1,measurement,native_mmwave_sinr_report
0.569,16,12,mmwave,4,4.04221,4,4.04221,0,-5,false,-1,-1,-1,-1,measurement,native_mmwave_sinr_report
0.569,17,14,mmwave,4,3.17676,4,3.17676,0,-5,false,-1,-1,-1,-1,measurement,native_mmwave_sinr_report
0.569,18,2,mmwave,4,1.43038,4,1.43038,0,-5,false,-1,-1,-1,-1,measurement,native_mmwave_sinr_report
0.569,19,7,mmwave,4,0.713732,4,0.713732,0,-5,false,-1,-1,-1,-1,measurement,native_mmwave_sinr_report
0.569,20,19,mmwave,4,-0.49577,4,-0.49577,0,-5,false,-1,-1,-1,-1,measurement,native_mmwave_sinr_report
0.5706,16,12,mmwave,4,4.0437,4,4.0437,0,-5,false,-1,-1,-1,-1,measurement,native_mmwave_sinr_report
0.5706,17,14,mmwave,4,3.17891,4,3.17891,0,-5,false,-1,-1,-1,-1,measurement,native_mmwave_sinr_report
0.5706,18,2,mmwave,4,1.43144,4,1.43144,0,-5,false,-1,-1,-1,-1,measurement,native_mmwave_sinr_report
0.5706,19,7,mmwave,4,0.715504,4,0.715504,0,-5,false,-1,-1,-1,-1,measurement,native_mmwave_sinr_report
0.5706,20,19,mmwave,4,-0.494113,4,-0.494113,0,-5,false,-1,-1,-1,-1,measurement,native_mmwave_sinr_report
0.5722,16,12,mmwave,4,4.04519,4,4.04519,0,-5,false,-1,-1,-1,-1,measurement,native_mmwave_sinr_report
0.5722,17,14,mmwave,4,3.18106,4,3.18106,0,-5,false,-1,-1,-1,-1,measurement,native_mmwave_sinr_report
0.5722,18,2,mmwave,4,1.43251,4,1.43251,0,-5,false,-1,-1,-1,-1,measurement,native_mmwave_sinr_report
0.5722,19,7,mmwave,4,0.717278,4,0.717278,0,-5,false,-1,-1,-1,-1,measurement,native_mmwave_sinr_report
0.5722,20,19,mmwave,4,-0.492456,4,-0.492456,0,-5,false,-1,-1,-1,-1,measurement,native_mmwave_sinr_report
0.5738,16,12,mmwave,4,4.04667,4,4.04667,0,-5,false,-1,-1,-1,-1,measurement,native_mmwave_sinr_report
0.5738,17,14,mmwave,4,3.1832,4,3.1832,0,-5,false,-1,-1,-1,-1,measurement,native_mmwave_sinr_report
0.5738,18,2,mmwave,4,1.43357,4,1.43357,0,-5,false,-1,-1,-1,-1,measurement,native_mmwave_sinr_report
0.5738,19,7,mmwave,4,0.719051,4,0.719051,0,-5,false,-1,-1,-1,-1,measurement,native_mmwave_sinr_report
0.5738,20,19,mmwave,4,-0.490799,4,-0.490799,0,-5,false,-1,-1,-1,-1,measurement,native_mmwave_sinr_report
0.5754,16,12,mmwave,4,4.04816,4,4.04816,0,-5,false,-1,-1,-1,-1,measurement,native_mmwave_sinr_report
0.5754,17,14,mmwave,4,3.18535,4,3.18535,0,-5,false,-1,-1,-1,-1,measurement,native_mmwave_sinr_report
0.5754,18,2,mmwave,4,1.43463,4,1.43463,0,-5,false,-1,-1,-1,-1,measurement,native_mmwave_sinr_report
0.5754,19,7,mmwave,4,0.720824,4,0.720824,0,-5,false,-1,-1,-1,-1,measurement,native_mmwave_sinr_report
0.5754,20,19,mmwave,4,-0.489141,4,-0.489141,0,-5,false,-1,-1,-1,-1,measurement,native_mmwave_sinr_report
0.577,16,12,mmwave,4,4.04965,4,4.04965,0,-5,false,-1,-1,-1,-1,measurement,native_mmwave_sinr_report
0.577,17,14,mmwave,4,3.1875,4,3.1875,0,-5,false,-1,-1,-1,-1,measurement,native_mmwave_sinr_report
0.577,18,2,mmwave,4,1.43569,4,1.43569,0,-5,false,-1,-1,-1,-1,measurement,native_mmwave_sinr_report
0.577,19,7,mmwave,4,0.722598,4,0.722598,0,-5,false,-1,-1,-1,-1,measurement,native_mmwave_sinr_report
0.577,20,19,mmwave,4,-0.487484,4,-0.487484,0,-5,false,-1,-1,-1,-1,measurement,native_mmwave_sinr_report
0.5786,16,12,mmwave,4,4.05113,4,4.05113,0,-5,false,-1,-1,-1,-1,measurement,native_mmwave_sinr_report
0.5786,17,14,mmwave,4,3.18965,4,3.18965,0,-5,false,-1,-1,-1,-1,measurement,native_mmwave_sinr_report
0.5786,18,2,mmwave,4,1.43676,4,1.43676,0,-5,false,-1,-1,-1,-1,measurement,native_mmwave_sinr_report
0.5786,19,7,mmwave,4,0.724372,4,0.724372,0,-5,false,-1,-1,-1,-1,measurement,native_mmwave_sinr_report
0.5786,20,19,mmwave,4,-0.485826,4,-0.485826,0,-5,false,-1,-1,-1,-1,measurement,native_mmwave_sinr_report
0.5802,16,12,mmwave,4,4.05262,4,4.05262,0,-5,false,-1,-1,-1,-1,measurement,native_mmwave_sinr_report
0.5802,17,14,mmwave,4,3.1918,4,3.1918,0,-5,false,-1,-1,-1,-1,measurement,native_mmwave_sinr_report
0.5802,18,2,mmwave,4,1.43782,4,1.43782,0,-5,false,-1,-1,-1,-1,measurement,native_mmwave_sinr_report
0.5802,19,7,mmwave,4,0.726146,4,0.726146,0,-5,false,-1,-1,-1,-1,measurement,native_mmwave_sinr_report
0.5802,20,19,mmwave,4,-0.484168,4,-0.484168,0,-5,false,-1,-1,-1,-1,measurement,native_mmwave_sinr_report
0.5818,16,12,mmwave,4,4.05411,4,4.05411,0,-5,false,-1,-1,-1,-1,measurement,native_mmwave_sinr_report
0.5818,17,14,mmwave,4,3.19395,4,3.19395,0,-5,false,-1,-1,-1,-1,measurement,native_mmwave_sinr_report
0.5818,18,2,mmwave,4,1.43888,4,1.43888,0,-5,false,-1,-1,-1,-1,measurement,native_mmwave_sinr_report
0.5818,19,7,mmwave,4,0.72792,4,0.72792,0,-5,false,-1,-1,-1,-1,measurement,native_mmwave_sinr_report
0.5818,20,19,mmwave,4,-0.48251,4,-0.48251,0,-5,false,-1,-1,-1,-1,measurement,native_mmwave_sinr_report
0.5834,16,12,mmwave,4,4.0556,4,4.0556,0,-5,false,-1,-1,-1,-1,measurement,native_mmwave_sinr_report
0.5834,17,14,mmwave,4,3.1961,4,3.1961,0,-5,false,-1,-1,-1,-1,measurement,native_mmwave_sinr_report
0.5834,18,2,mmwave,4,1.43995,4,1.43995,0,-5,false,-1,-1,-1,-1,measurement,native_mmwave_sinr_report
0.5834,19,7,mmwave,4,0.729695,4,0.729695,0,-5,false,-1,-1,-1,-1,measurement,native_mmwave_sinr_report
0.5834,20,19,mmwave,4,-0.480851,4,-0.480851,0,-5,false,-1,-1,-1,-1,measurement,native_mmwave_sinr_report
0.585,16,12,mmwave,4,4.05708,4,4.05708,0,-5,false,-1,-1,-1,-1,measurement,native_mmwave_sinr_report
0.585,17,14,mmwave,4,3.19825,4,3.19825,0,-5,false,-1,-1,-1,-1,measurement,native_mmwave_sinr_report
0.585,18,2,mmwave,4,1.44101,4,1.44101,0,-5,false,-1,-1,-1,-1,measurement,native_mmwave_sinr_report
0.585,19,7,mmwave,4,0.73147,4,0.73147,0,-5,false,-1,-1,-1,-1,measurement,native_mmwave_sinr_report
0.585,20,19,mmwave,4,-0.479193,4,-0.479193,0,-5,false,-1,-1,-1,-1,measurement,native_mmwave_sinr_report
0.5866,16,12,mmwave,4,4.05857,4,4.05857,0,-5,false,-1,-1,-1,-1,measurement,native_mmwave_sinr_report
0.5866,17,14,mmwave,4,3.2004,4,3.2004,0,-5,false,-1,-1,-1,-1,measurement,native_mmwave_sinr_report
0.5866,18,2,mmwave,4,1.44207,4,1.44207,0,-5,false,-1,-1,-1,-1,measurement,native_mmwave_sinr_report
0.5866,19,7,mmwave,4,0.733245,4,0.733245,0,-5,false,-1,-1,-1,-1,measurement,native_mmwave_sinr_report
0.5866,20,19,mmwave,4,-0.477534,4,-0.477534,0,-5,false,-1,-1,-1,-1,measurement,native_mmwave_sinr_report
0.5882,16,12,mmwave,4,4.06006,4,4.06006,0,-5,false,-1,-1,-1,-1,measurement,native_mmwave_sinr_report
0.5882,17,14,mmwave,4,3.20255,4,3.20255,0,-5,false,-1,-1,-1,-1,measurement,native_mmwave_sinr_report
0.5882,18,2,mmwave,4,1.44314,4,1.44314,0,-5,false,-1,-1,-1,-1,measurement,native_mmwave_sinr_report
0.5882,19,7,mmwave,4,0.73502,4,0.73502,0,-5,false,-1,-1,-1,-1,measurement,native_mmwave_sinr_report
0.5882,20,19,mmwave,4,-0.475875,4,-0.475875,0,-5,false,-1,-1,-1,-1,measurement,native_mmwave_sinr_report
0.5898,16,12,mmwave,4,4.06155,4,4.06155,0,-5,false,-1,-1,-1,-1,measurement,native_mmwave_sinr_report
0.5898,17,14,mmwave,4,3.2047,4,3.2047,0,-5,false,-1,-1,-1,-1,measurement,native_mmwave_sinr_report
0.5898,18,2,mmwave,4,1.4442,4,1.4442,0,-5,false,-1,-1,-1,-1,measurement,native_mmwave_sinr_report
0.5898,19,7,mmwave,4,0.736795,4,0.736795,0,-5,false,-1,-1,-1,-1,measurement,native_mmwave_sinr_report
0.5898,20,19,mmwave,4,-0.474216,4,-0.474216,0,-5,false,-1,-1,-1,-1,measurement,native_mmwave_sinr_report
0.5914,16,12,mmwave,4,4.06304,4,4.06304,0,-5,false,-1,-1,-1,-1,measurement,native_mmwave_sinr_report
0.5914,17,14,mmwave,4,3.20685,4,3.20685,0,-5,false,-1,-1,-1,-1,measurement,native_mmwave_sinr_report
0.5914,18,2,mmwave,4,1.44526,4,1.44526,0,-5,false,-1,-1,-1,-1,measurement,native_mmwave_sinr_report
0.5914,19,7,mmwave,4,0.738571,4,0.738571,0,-5,false,-1,-1,-1,-1,measurement,native_mmwave_sinr_report
0.5914,20,19,mmwave,4,-0.472557,4,-0.472557,0,-5,false,-1,-1,-1,-1,measurement,native_mmwave_sinr_report
0.593,16,12,mmwave,4,4.06452,4,4.06452,0,-5,false,-1,-1,-1,-1,measurement,native_mmwave_sinr_report
0.593,17,14,mmwave,4,3.209,4,3.209,0,-5,false,-1,-1,-1,-1,measurement,native_mmwave_sinr_report
0.593,18,2,mmwave,4,1.44633,4,1.44633,0,-5,false,-1,-1,-1,-1,measurement,native_mmwave_sinr_report
0.593,19,7,mmwave,4,0.740347,4,0.740347,0,-5,false,-1,-1,-1,-1,measurement,native_mmwave_sinr_report
0.593,20,19,mmwave,4,-0.470897,4,-0.470897,0,-5,false,-1,-1,-1,-1,measurement,native_mmwave_sinr_report
0.5946,16,12,mmwave,4,4.06601,4,4.06601,0,-5,false,-1,-1,-1,-1,measurement,native_mmwave_sinr_report
0.5946,17,14,mmwave,4,3.21115,4,3.21115,0,-5,false,-1,-1,-1,-1,measurement,native_mmwave_sinr_report
0.5946,18,2,mmwave,4,1.44739,4,1.44739,0,-5,false,-1,-1,-1,-1,measurement,native_mmwave_sinr_report
0.5946,19,7,mmwave,4,0.742123,4,0.742123,0,-5,false,-1,-1,-1,-1,measurement,native_mmwave_sinr_report
0.5946,20,19,mmwave,4,-0.469237,4,-0.469237,0,-5,false,-1,-1,-1,-1,measurement,native_mmwave_sinr_report
0.5962,16,12,mmwave,4,4.0675,4,4.0675,0,-5,false,-1,-1,-1,-1,measurement,native_mmwave_sinr_report
0.5962,17,14,mmwave,4,3.21331,4,3.21331,0,-5,false,-1,-1,-1,-1,measurement,native_mmwave_sinr_report
0.5962,18,2,mmwave,4,1.44845,4,1.44845,0,-5,false,-1,-1,-1,-1,measurement,native_mmwave_sinr_report
0.5962,19,7,mmwave,4,0.743899,4,0.743899,0,-5,false,-1,-1,-1,-1,measurement,native_mmwave_sinr_report
0.5962,20,19,mmwave,4,-0.467578,4,-0.467578,0,-5,false,-1,-1,-1,-1,measurement,native_mmwave_sinr_report
0.5978,16,12,mmwave,4,4.06899,4,4.06899,0,-5,false,-1,-1,-1,-1,measurement,native_mmwave_sinr_report
0.5978,17,14,mmwave,4,3.21546,4,3.21546,0,-5,false,-1,-1,-1,-1,measurement,native_mmwave_sinr_report
0.5978,18,2,mmwave,4,1.44952,4,1.44952,0,-5,false,-1,-1,-1,-1,measurement,native_mmwave_sinr_report
0.5978,19,7,mmwave,4,0.745675,4,0.745675,0,-5,false,-1,-1,-1,-1,measurement,native_mmwave_sinr_report
0.5978,20,19,mmwave,4,-0.465918,4,-0.465918,0,-5,false,-1,-1,-1,-1,measurement,native_mmwave_sinr_report
0.5994,16,12,mmwave,4,4.07048,4,4.07048,0,-5,false,-1,-1,-1,-1,measurement,native_mmwave_sinr_report
0.5994,17,14,mmwave,4,3.21761,4,3.21761,0,-5,false,-1,-1,-1,-1,measurement,native_mmwave_sinr_report
0.5994,18,2,mmwave,4,1.45058,4,1.45058,0,-5,false,-1,-1,-1,-1,measurement,native_mmwave_sinr_report
0.5994,19,7,mmwave,4,0.747452,4,0.747452,0,-5,false,-1,-1,-1,-1,measurement,native_mmwave_sinr_report
0.5994,20,19,mmwave,4,-0.464258,4,-0.464258,0,-5,false,-1,-1,-1,-1,measurement,native_mmwave_sinr_report
0.601,16,12,mmwave,4,4.07197,4,4.07197,0,-5,false,-1,-1,-1,-1,measurement,native_mmwave_sinr_report
0.601,17,14,mmwave,4,3.21976,4,3.21976,0,-5,false,-1,-1,-1,-1,measurement,native_mmwave_sinr_report
0.601,18,2,mmwave,4,1.45165,4,1.45165,0,-5,false,-1,-1,-1,-1,measurement,native_mmwave_sinr_report
0.601,19,7,mmwave,4,0.749228,4,0.749228,0,-5,false,-1,-1,-1,-1,measurement,native_mmwave_sinr_report
0.601,20,19,mmwave,4,-0.462597,4,-0.462597,0,-5,false,-1,-1,-1,-1,measurement,native_mmwave_sinr_report
0.6026,16,12,mmwave,4,4.07346,4,4.07346,0,-5,false,-1,-1,-1,-1,measurement,native_mmwave_sinr_report
0.6026,17,14,mmwave,4,3.22192,4,3.22192,0,-5,false,-1,-1,-1,-1,measurement,native_mmwave_sinr_report
0.6026,18,2,mmwave,4,1.45271,4,1.45271,0,-5,false,-1,-1,-1,-1,measurement,native_mmwave_sinr_report
0.6026,19,7,mmwave,4,0.751005,4,0.751005,0,-5,false,-1,-1,-1,-1,measurement,native_mmwave_sinr_report
0.6026,20,19,mmwave,4,-0.460937,4,-0.460937,0,-5,false,-1,-1,-1,-1,measurement,native_mmwave_sinr_report
0.6042,16,12,mmwave,4,4.07495,4,4.07495,0,-5,false,-1,-1,-1,-1,measurement,native_mmwave_sinr_report
0.6042,17,14,mmwave,4,3.22407,4,3.22407,0,-5,false,-1,-1,-1,-1,measurement,native_mmwave_sinr_report
0.6042,18,2,mmwave,4,1.45377,4,1.45377,0,-5,false,-1,-1,-1,-1,measurement,native_mmwave_sinr_report
0.6042,19,7,mmwave,4,0.752783,4,0.752783,0,-5,false,-1,-1,-1,-1,measurement,native_mmwave_sinr_report
0.6042,20,19,mmwave,4,-0.459276,4,-0.459276,0,-5,false,-1,-1,-1,-1,measurement,native_mmwave_sinr_report
0.6058,16,12,mmwave,4,4.07643,4,4.07643,0,-5,false,-1,-1,-1,-1,measurement,native_mmwave_sinr_report
0.6058,17,14,mmwave,4,3.22623,4,3.22623,0,-5,false,-1,-1,-1,-1,measurement,native_mmwave_sinr_report
0.6058,18,2,mmwave,4,1.45484,4,1.45484,0,-5,false,-1,-1,-1,-1,measurement,native_mmwave_sinr_report
0.6058,19,7,mmwave,4,0.75456,4,0.75456,0,-5,false,-1,-1,-1,-1,measurement,native_mmwave_sinr_report
0.6058,20,19,mmwave,4,-0.457615,4,-0.457615,0,-5,false,-1,-1,-1,-1,measurement,native_mmwave_sinr_report
0.6074,16,12,mmwave,4,4.07792,4,4.07792,0,-5,false,-1,-1,-1,-1,measurement,native_mmwave_sinr_report
0.6074,17,14,mmwave,4,3.22838,4,3.22838,0,-5,false,-1,-1,-1,-1,measurement,native_mmwave_sinr_report
0.6074,18,2,mmwave,4,1.4559,4,1.4559,0,-5,false,-1,-1,-1,-1,measurement,native_mmwave_sinr_report
0.6074,19,7,mmwave,4,0.756338,4,0.756338,0,-5,false,-1,-1,-1,-1,measurement,native_mmwave_sinr_report
0.6074,20,19,mmwave,4,-0.455954,4,-0.455954,0,-5,false,-1,-1,-1,-1,measurement,native_mmwave_sinr_report
0.609,16,12,mmwave,4,4.07941,4,4.07941,0,-5,false,-1,-1,-1,-1,measurement,native_mmwave_sinr_report
0.609,17,14,mmwave,4,3.23053,4,3.23053,0,-5,false,-1,-1,-1,-1,measurement,native_mmwave_sinr_report
0.609,18,2,mmwave,4,1.45697,4,1.45697,0,-5,false,-1,-1,-1,-1,measurement,native_mmwave_sinr_report
0.609,19,7,mmwave,4,0.758116,4,0.758116,0,-5,false,-1,-1,-1,-1,measurement,native_mmwave_sinr_report
0.609,20,19,mmwave,4,-0.454293,4,-0.454293,0,-5,false,-1,-1,-1,-1,measurement,native_mmwave_sinr_report
0.6106,16,12,mmwave,4,4.0809,4,4.0809,0,-5,false,-1,-1,-1,-1,measurement,native_mmwave_sinr_report
0.6106,17,14,mmwave,4,3.23269,4,3.23269,0,-5,false,-1,-1,-1,-1,measurement,native_mmwave_sinr_report
0.6106,18,2,mmwave,4,1.45803,4,1.45803,0,-5,false,-1,-1,-1,-1,measurement,native_mmwave_sinr_report
0.6106,19,7,mmwave,4,0.759894,4,0.759894,0,-5,false,-1,-1,-1,-1,measurement,native_mmwave_sinr_report
0.6106,20,19,mmwave,4,-0.452632,4,-0.452632,0,-5,false,-1,-1,-1,-1,measurement,native_mmwave_sinr_report
0.6122,16,12,mmwave,4,4.08239,4,4.08239,0,-5,false,-1,-1,-1,-1,measurement,native_mmwave_sinr_report
0.6122,17,14,mmwave,4,3.23484,4,3.23484,0,-5,false,-1,-1,-1,-1,measurement,native_mmwave_sinr_report
0.6122,18,2,mmwave,4,1.4591,4,1.4591,0,-5,false,-1,-1,-1,-1,measurement,native_mmwave_sinr_report
0.6122,19,7,mmwave,4,0.761672,4,0.761672,0,-5,false,-1,-1,-1,-1,measurement,native_mmwave_sinr_report
0.6122,20,19,mmwave,4,-0.45097,4,-0.45097,0,-5,false,-1,-1,-1,-1,measurement,native_mmwave_sinr_report
0.6138,16,12,mmwave,4,4.08388,4,4.08388,0,-5,false,-1,-1,-1,-1,measurement,native_mmwave_sinr_report
0.6138,17,14,mmwave,4,3.237,4,3.237,0,-5,false,-1,-1,-1,-1,measurement,native_mmwave_sinr_report
0.6138,18,2,mmwave,4,1.46016,4,1.46016,0,-5,false,-1,-1,-1,-1,measurement,native_mmwave_sinr_report
0.6138,19,7,mmwave,4,0.76345,4,0.76345,0,-5,false,-1,-1,-1,-1,measurement,native_mmwave_sinr_report
0.6138,20,19,mmwave,4,-0.449308,4,-0.449308,0,-5,false,-1,-1,-1,-1,measurement,native_mmwave_sinr_report
0.6154,16,12,mmwave,4,4.08537,4,4.08537,0,-5,false,-1,-1,-1,-1,measurement,native_mmwave_sinr_report
0.6154,17,14,mmwave,4,3.23916,4,3.23916,0,-5,false,-1,-1,-1,-1,measurement,native_mmwave_sinr_report
0.6154,18,2,mmwave,4,1.46122,4,1.46122,0,-5,false,-1,-1,-1,-1,measurement,native_mmwave_sinr_report
0.6154,19,7,mmwave,4,0.765229,4,0.765229,0,-5,false,-1,-1,-1,-1,measurement,native_mmwave_sinr_report
0.6154,20,19,mmwave,4,-0.447646,4,-0.447646,0,-5,false,-1,-1,-1,-1,measurement,native_mmwave_sinr_report
0.617,16,12,mmwave,4,4.08686,4,4.08686,0,-5,false,-1,-1,-1,-1,measurement,native_mmwave_sinr_report
0.617,17,14,mmwave,4,3.24131,4,3.24131,0,-5,false,-1,-1,-1,-1,measurement,native_mmwave_sinr_report
0.617,18,2,mmwave,4,1.46229,4,1.46229,0,-5,false,-1,-1,-1,-1,measurement,native_mmwave_sinr_report
0.617,19,7,mmwave,4,0.767008,4,0.767008,0,-5,false,-1,-1,-1,-1,measurement,native_mmwave_sinr_report
0.617,20,19,mmwave,4,-0.445984,4,-0.445984,0,-5,false,-1,-1,-1,-1,measurement,native_mmwave_sinr_report
0.6186,16,12,mmwave,4,4.08836,4,4.08836,0,-5,false,-1,-1,-1,-1,measurement,native_mmwave_sinr_report
0.6186,17,14,mmwave,4,3.24347,4,3.24347,0,-5,false,-1,-1,-1,-1,measurement,native_mmwave_sinr_report
0.6186,18,2,mmwave,4,1.46335,4,1.46335,0,-5,false,-1,-1,-1,-1,measurement,native_mmwave_sinr_report
0.6186,19,7,mmwave,4,0.768787,4,0.768787,0,-5,false,-1,-1,-1,-1,measurement,native_mmwave_sinr_report
0.6186,20,19,mmwave,4,-0.444322,4,-0.444322,0,-5,false,-1,-1,-1,-1,measurement,native_mmwave_sinr_report
0.6202,16,12,mmwave,4,4.08985,4,4.08985,0,-5,false,-1,-1,-1,-1,measurement,native_mmwave_sinr_report
0.6202,17,14,mmwave,4,3.24562,4,3.24562,0,-5,false,-1,-1,-1,-1,measurement,native_mmwave_sinr_report
0.6202,18,2,mmwave,4,1.46442,4,1.46442,0,-5,false,-1,-1,-1,-1,measurement,native_mmwave_sinr_report
0.6202,19,7,mmwave,4,0.770566,4,0.770566,0,-5,false,-1,-1,-1,-1,measurement,native_mmwave_sinr_report
0.6202,20,19,mmwave,4,-0.44266,4,-0.44266,0,-5,false,-1,-1,-1,-1,measurement,native_mmwave_sinr_report
0.6218,16,12,mmwave,4,4.09134,4,4.09134,0,-5,false,-1,-1,-1,-1,measurement,native_mmwave_sinr_report
0.6218,17,14,mmwave,4,3.24778,4,3.24778,0,-5,false,-1,-1,-1,-1,measurement,native_mmwave_sinr_report
0.6218,18,2,mmwave,4,1.46548,4,1.46548,0,-5,false,-1,-1,-1,-1,measurement,native_mmwave_sinr_report
0.6218,19,7,mmwave,4,0.772346,4,0.772346,0,-5,false,-1,-1,-1,-1,measurement,native_mmwave_sinr_report
0.6218,20,19,mmwave,4,-0.440997,4,-0.440997,0,-5,false,-1,-1,-1,-1,measurement,native_mmwave_sinr_report
0.6234,16,12,mmwave,4,4.09283,4,4.09283,0,-5,false,-1,-1,-1,-1,measurement,native_mmwave_sinr_report
0.6234,17,14,mmwave,4,3.24994,4,3.24994,0,-5,false,-1,-1,-1,-1,measurement,native_mmwave_sinr_report
0.6234,18,2,mmwave,4,1.46655,4,1.46655,0,-5,false,-1,-1,-1,-1,measurement,native_mmwave_sinr_report
0.6234,19,7,mmwave,4,0.774125,4,0.774125,0,-5,false,-1,-1,-1,-1,measurement,native_mmwave_sinr_report
0.6234,20,19,mmwave,4,-0.439334,4,-0.439334,0,-5,false,-1,-1,-1,-1,measurement,native_mmwave_sinr_report
0.625,16,12,mmwave,4,4.09432,4,4.09432,0,-5,false,-1,-1,-1,-1,measurement,native_mmwave_sinr_report
0.625,17,14,mmwave,4,3.2521,4,3.2521,0,-5,false,-1,-1,-1,-1,measurement,native_mmwave_sinr_report
0.625,18,2,mmwave,4,1.46761,4,1.46761,0,-5,false,-1,-1,-1,-1,measurement,native_mmwave_sinr_report
0.625,19,7,mmwave,4,0.775905,4,0.775905,0,-5,false,-1,-1,-1,-1,measurement,native_mmwave_sinr_report
0.625,20,19,mmwave,4,-0.437671,4,-0.437671,0,-5,false,-1,-1,-1,-1,measurement,native_mmwave_sinr_report
0.6266,16,12,mmwave,4,4.09581,4,4.09581,0,-5,false,-1,-1,-1,-1,measurement,native_mmwave_sinr_report
0.6266,17,14,mmwave,4,3.25425,4,3.25425,0,-5,false,-1,-1,-1,-1,measurement,native_mmwave_sinr_report
0.6266,18,2,mmwave,4,1.46868,4,1.46868,0,-5,false,-1,-1,-1,-1,measurement,native_mmwave_sinr_report
0.6266,19,7,mmwave,4,0.777685,4,0.777685,0,-5,false,-1,-1,-1,-1,measurement,native_mmwave_sinr_report
0.6266,20,19,mmwave,4,-0.436008,4,-0.436008,0,-5,false,-1,-1,-1,-1,measurement,native_mmwave_sinr_report
0.6282,16,12,mmwave,4,4.0973,4,4.0973,0,-5,false,-1,-1,-1,-1,measurement,native_mmwave_sinr_report
0.6282,17,14,mmwave,4,3.25641,4,3.25641,0,-5,false,-1,-1,-1,-1,measurement,native_mmwave_sinr_report
0.6282,18,2,mmwave,4,1.46974,4,1.46974,0,-5,false,-1,-1,-1,-1,measurement,native_mmwave_sinr_report
0.6282,19,7,mmwave,4,0.779465,4,0.779465,0,-5,false,-1,-1,-1,-1,measurement,native_mmwave_sinr_report
0.6282,20,19,mmwave,4,-0.434345,4,-0.434345,0,-5,false,-1,-1,-1,-1,measurement,native_mmwave_sinr_report
0.6298,16,12,mmwave,4,4.09879,4,4.09879,0,-5,false,-1,-1,-1,-1,measurement,native_mmwave_sinr_report
0.6298,17,14,mmwave,4,3.25857,4,3.25857,0,-5,false,-1,-1,-1,-1,measurement,native_mmwave_sinr_report
0.6298,18,2,mmwave,4,1.47081,4,1.47081,0,-5,false,-1,-1,-1,-1,measurement,native_mmwave_sinr_report
0.6298,19,7,mmwave,4,0.781246,4,0.781246,0,-5,false,-1,-1,-1,-1,measurement,native_mmwave_sinr_report
0.6298,20,19,mmwave,4,-0.432681,4,-0.432681,0,-5,false,-1,-1,-1,-1,measurement,native_mmwave_sinr_report
0.6314,16,12,mmwave,4,4.10028,4,4.10028,0,-5,false,-1,-1,-1,-1,measurement,native_mmwave_sinr_report
0.6314,17,14,mmwave,4,3.26073,4,3.26073,0,-5,false,-1,-1,-1,-1,measurement,native_mmwave_sinr_report
0.6314,18,2,mmwave,4,1.47187,4,1.47187,0,-5,false,-1,-1,-1,-1,measurement,native_mmwave_sinr_report
0.6314,19,7,mmwave,4,0.783027,4,0.783027,0,-5,false,-1,-1,-1,-1,measurement,native_mmwave_sinr_report
0.6314,20,19,mmwave,4,-0.431017,4,-0.431017,0,-5,false,-1,-1,-1,-1,measurement,native_mmwave_sinr_report
0.633,16,12,mmwave,4,4.10178,4,4.10178,0,-5,false,-1,-1,-1,-1,measurement,native_mmwave_sinr_report
0.633,17,14,mmwave,4,3.26289,4,3.26289,0,-5,false,-1,-1,-1,-1,measurement,native_mmwave_sinr_report
0.633,18,2,mmwave,4,1.47294,4,1.47294,0,-5,false,-1,-1,-1,-1,measurement,native_mmwave_sinr_report
0.633,19,7,mmwave,4,0.784808,4,0.784808,0,-5,false,-1,-1,-1,-1,measurement,native_mmwave_sinr_report
0.633,20,19,mmwave,4,-0.429354,4,-0.429354,0,-5,false,-1,-1,-1,-1,measurement,native_mmwave_sinr_report
0.6346,16,12,mmwave,4,4.10327,4,4.10327,0,-5,false,-1,-1,-1,-1,measurement,native_mmwave_sinr_report
0.6346,17,14,mmwave,4,3.26505,4,3.26505,0,-5,false,-1,-1,-1,-1,measurement,native_mmwave_sinr_report
0.6346,18,2,mmwave,4,1.474,4,1.474,0,-5,false,-1,-1,-1,-1,measurement,native_mmwave_sinr_report
0.6346,19,7,mmwave,4,0.786589,4,0.786589,0,-5,false,-1,-1,-1,-1,measurement,native_mmwave_sinr_report
0.6346,20,19,mmwave,4,-0.42769,4,-0.42769,0,-5,false,-1,-1,-1,-1,measurement,native_mmwave_sinr_report
0.6362,16,12,mmwave,4,4.10476,4,4.10476,0,-5,false,-1,-1,-1,-1,measurement,native_mmwave_sinr_report
0.6362,17,14,mmwave,4,3.26721,4,3.26721,0,-5,false,-1,-1,-1,-1,measurement,native_mmwave_sinr_report
0.6362,18,2,mmwave,4,1.47507,4,1.47507,0,-5,false,-1,-1,-1,-1,measurement,native_mmwave_sinr_report
0.6362,19,7,mmwave,4,0.78837,4,0.78837,0,-5,false,-1,-1,-1,-1,measurement,native_mmwave_sinr_report
0.6362,20,19,mmwave,4,-0.426025,4,-0.426025,0,-5,false,-1,-1,-1,-1,measurement,native_mmwave_sinr_report
0.6378,16,12,mmwave,4,4.10625,4,4.10625,0,-5,false,-1,-1,-1,-1,measurement,native_mmwave_sinr_report
0.6378,17,14,mmwave,4,3.26937,4,3.26937,0,-5,false,-1,-1,-1,-1,measurement,native_mmwave_sinr_report
0.6378,18,2,mmwave,4,1.47614,4,1.47614,0,-5,false,-1,-1,-1,-1,measurement,native_mmwave_sinr_report
0.6378,19,7,mmwave,4,0.790152,4,0.790152,0,-5,false,-1,-1,-1,-1,measurement,native_mmwave_sinr_report
0.6378,20,19,mmwave,4,-0.424361,4,-0.424361,0,-5,false,-1,-1,-1,-1,measurement,native_mmwave_sinr_report
0.6394,16,12,mmwave,4,4.10774,4,4.10774,0,-5,false,-1,-1,-1,-1,measurement,native_mmwave_sinr_report
0.6394,17,14,mmwave,4,3.27153,4,3.27153,0,-5,false,-1,-1,-1,-1,measurement,native_mmwave_sinr_report
0.6394,18,2,mmwave,4,1.4772,4,1.4772,0,-5,false,-1,-1,-1,-1,measurement,native_mmwave_sinr_report
0.6394,19,7,mmwave,4,0.791933,4,0.791933,0,-5,false,-1,-1,-1,-1,measurement,native_mmwave_sinr_report
0.6394,20,19,mmwave,4,-0.422696,4,-0.422696,0,-5,false,-1,-1,-1,-1,measurement,native_mmwave_sinr_report
0.641,16,12,mmwave,4,4.10924,4,4.10924,0,-5,false,-1,-1,-1,-1,measurement,native_mmwave_sinr_report
0.641,17,14,mmwave,4,3.27369,4,3.27369,0,-5,false,-1,-1,-1,-1,measurement,native_mmwave_sinr_report
0.641,18,2,mmwave,4,1.47827,4,1.47827,0,-5,false,-1,-1,-1,-1,measurement,native_mmwave_sinr_report
0.641,19,7,mmwave,4,0.793715,4,0.793715,0,-5,false,-1,-1,-1,-1,measurement,native_mmwave_sinr_report
0.641,20,19,mmwave,4,-0.421032,4,-0.421032,0,-5,false,-1,-1,-1,-1,measurement,native_mmwave_sinr_report
0.6426,16,12,mmwave,4,4.11073,4,4.11073,0,-5,false,-1,-1,-1,-1,measurement,native_mmwave_sinr_report
0.6426,17,14,mmwave,4,3.27585,4,3.27585,0,-5,false,-1,-1,-1,-1,measurement,native_mmwave_sinr_report
0.6426,18,2,mmwave,4,1.47933,4,1.47933,0,-5,false,-1,-1,-1,-1,measurement,native_mmwave_sinr_report
0.6426,19,7,mmwave,4,0.795497,4,0.795497,0,-5,false,-1,-1,-1,-1,measurement,native_mmwave_sinr_report
0.6426,20,19,mmwave,4,-0.419367,4,-0.419367,0,-5,false,-1,-1,-1,-1,measurement,native_mmwave_sinr_report
0.6442,16,12,mmwave,4,4.11222,4,4.11222,0,-5,false,-1,-1,-1,-1,measurement,native_mmwave_sinr_report
0.6442,17,14,mmwave,4,3.27801,4,3.27801,0,-5,false,-1,-1,-1,-1,measurement,native_mmwave_sinr_report
0.6442,18,2,mmwave,4,1.4804,4,1.4804,0,-5,false,-1,-1,-1,-1,measurement,native_mmwave_sinr_report
0.6442,19,7,mmwave,4,0.79728,4,0.79728,0,-5,false,-1,-1,-1,-1,measurement,native_mmwave_sinr_report
0.6442,20,19,mmwave,4,-0.417702,4,-0.417702,0,-5,false,-1,-1,-1,-1,measurement,native_mmwave_sinr_report
0.6458,16,12,mmwave,4,4.11372,4,4.11372,0,-5,false,-1,-1,-1,-1,measurement,native_mmwave_sinr_report
0.6458,17,14,mmwave,4,3.28017,4,3.28017,0,-5,false,-1,-1,-1,-1,measurement,native_mmwave_sinr_report
0.6458,18,2,mmwave,4,1.48146,4,1.48146,0,-5,false,-1,-1,-1,-1,measurement,native_mmwave_sinr_report
0.6458,19,7,mmwave,4,0.799062,4,0.799062,0,-5,false,-1,-1,-1,-1,measurement,native_mmwave_sinr_report
0.6458,20,19,mmwave,4,-0.416036,4,-0.416036,0,-5,false,-1,-1,-1,-1,measurement,native_mmwave_sinr_report
0.6474,16,12,mmwave,4,4.11521,4,4.11521,0,-5,false,-1,-1,-1,-1,measurement,native_mmwave_sinr_report
0.6474,17,14,mmwave,4,3.28233,4,3.28233,0,-5,false,-1,-1,-1,-1,measurement,native_mmwave_sinr_report
0.6474,18,2,mmwave,4,1.48253,4,1.48253,0,-5,false,-1,-1,-1,-1,measurement,native_mmwave_sinr_report
0.6474,19,7,mmwave,4,0.800845,4,0.800845,0,-5,false,-1,-1,-1,-1,measurement,native_mmwave_sinr_report
0.6474,20,19,mmwave,4,-0.414371,4,-0.414371,0,-5,false,-1,-1,-1,-1,measurement,native_mmwave_sinr_report
0.649,16,12,mmwave,4,4.1167,4,4.1167,0,-5,false,-1,-1,-1,-1,measurement,native_mmwave_sinr_report
0.649,17,14,mmwave,4,3.2845,4,3.2845,0,-5,false,-1,-1,-1,-1,measurement,native_mmwave_sinr_report
0.649,18,2,mmwave,4,1.4836,4,1.4836,0,-5,false,-1,-1,-1,-1,measurement,native_mmwave_sinr_report
0.649,19,7,mmwave,4,0.802628,4,0.802628,0,-5,false,-1,-1,-1,-1,measurement,native_mmwave_sinr_report
0.649,20,19,mmwave,4,-0.412705,4,-0.412705,0,-5,false,-1,-1,-1,-1,measurement,native_mmwave_sinr_report
0.6506,16,12,mmwave,4,4.1182,4,4.1182,0,-5,false,-1,-1,-1,-1,measurement,native_mmwave_sinr_report
0.6506,17,14,mmwave,4,3.28666,4,3.28666,0,-5,false,-1,-1,-1,-1,measurement,native_mmwave_sinr_report
0.6506,18,2,mmwave,4,1.48466,4,1.48466,0,-5,false,-1,-1,-1,-1,measurement,native_mmwave_sinr_report
0.6506,19,7,mmwave,4,0.804411,4,0.804411,0,-5,false,-1,-1,-1,-1,measurement,native_mmwave_sinr_report
0.6506,20,19,mmwave,4,-0.411039,4,-0.411039,0,-5,false,-1,-1,-1,-1,measurement,native_mmwave_sinr_report
0.6522,16,12,mmwave,4,4.11969,4,4.11969,0,-5,false,-1,-1,-1,-1,measurement,native_mmwave_sinr_report
0.6522,17,14,mmwave,4,3.28882,4,3.28882,0,-5,false,-1,-1,-1,-1,measurement,native_mmwave_sinr_report
0.6522,18,2,mmwave,4,1.48573,4,1.48573,0,-5,false,-1,-1,-1,-1,measurement,native_mmwave_sinr_report
0.6522,19,7,mmwave,4,0.806195,4,0.806195,0,-5,false,-1,-1,-1,-1,measurement,native_mmwave_sinr_report
0.6522,20,19,mmwave,4,-0.409373,4,-0.409373,0,-5,false,-1,-1,-1,-1,measurement,native_mmwave_sinr_report
0.6538,16,12,mmwave,4,4.12118,4,4.12118,0,-5,false,-1,-1,-1,-1,measurement,native_mmwave_sinr_report
0.6538,17,14,mmwave,4,3.29098,4,3.29098,0,-5,false,-1,-1,-1,-1,measurement,native_mmwave_sinr_report
0.6538,18,2,mmwave,4,1.48679,4,1.48679,0,-5,false,-1,-1,-1,-1,measurement,native_mmwave_sinr_report
0.6538,19,7,mmwave,4,0.807978,4,0.807978,0,-5,false,-1,-1,-1,-1,measurement,native_mmwave_sinr_report
0.6538,20,19,mmwave,4,-0.407707,4,-0.407707,0,-5,false,-1,-1,-1,-1,measurement,native_mmwave_sinr_report
0.6554,16,12,mmwave,4,4.12268,4,4.12268,0,-5,false,-1,-1,-1,-1,measurement,native_mmwave_sinr_report
0.6554,17,14,mmwave,4,3.29315,4,3.29315,0,-5,false,-1,-1,-1,-1,measurement,native_mmwave_sinr_report
0.6554,18,2,mmwave,4,1.48786,4,1.48786,0,-5,false,-1,-1,-1,-1,measurement,native_mmwave_sinr_report
0.6554,19,7,mmwave,4,0.809762,4,0.809762,0,-5,false,-1,-1,-1,-1,measurement,native_mmwave_sinr_report
0.6554,20,19,mmwave,4,-0.406041,4,-0.406041,0,-5,false,-1,-1,-1,-1,measurement,native_mmwave_sinr_report
0.657,16,12,mmwave,4,4.12417,4,4.12417,0,-5,false,-1,-1,-1,-1,measurement,native_mmwave_sinr_report
0.657,17,14,mmwave,4,3.29531,4,3.29531,0,-5,false,-1,-1,-1,-1,measurement,native_mmwave_sinr_report
0.657,18,2,mmwave,4,1.48893,4,1.48893,0,-5,false,-1,-1,-1,-1,measurement,native_mmwave_sinr_report
0.657,19,7,mmwave,4,0.811546,4,0.811546,0,-5,false,-1,-1,-1,-1,measurement,native_mmwave_sinr_report
0.657,20,19,mmwave,4,-0.404374,4,-0.404374,0,-5,false,-1,-1,-1,-1,measurement,native_mmwave_sinr_report
0.6586,16,12,mmwave,4,4.12566,4,4.12566,0,-5,false,-1,-1,-1,-1,measurement,native_mmwave_sinr_report
0.6586,17,14,mmwave,4,3.29747,4,3.29747,0,-5,false,-1,-1,-1,-1,measurement,native_mmwave_sinr_report
0.6586,18,2,mmwave,4,1.48999,4,1.48999,0,-5,false,-1,-1,-1,-1,measurement,native_mmwave_sinr_report
0.6586,19,7,mmwave,4,0.81333,4,0.81333,0,-5,false,-1,-1,-1,-1,measurement,native_mmwave_sinr_report
0.6586,20,19,mmwave,4,-0.402708,4,-0.402708,0,-5,false,-1,-1,-1,-1,measurement,native_mmwave_sinr_report
0.6602,16,12,mmwave,4,4.12716,4,4.12716,0,-5,false,-1,-1,-1,-1,measurement,native_mmwave_sinr_report
0.6602,17,14,mmwave,4,3.29964,4,3.29964,0,-5,false,-1,-1,-1,-1,measurement,native_mmwave_sinr_report
0.6602,18,2,mmwave,4,1.49106,4,1.49106,0,-5,false,-1,-1,-1,-1,measurement,native_mmwave_sinr_report
0.6602,19,7,mmwave,4,0.815115,4,0.815115,0,-5,false,-1,-1,-1,-1,measurement,native_mmwave_sinr_report
0.6602,20,19,mmwave,4,-0.401041,4,-0.401041,0,-5,false,-1,-1,-1,-1,measurement,native_mmwave_sinr_report
0.6618,16,12,mmwave,4,4.12865,4,4.12865,0,-5,false,-1,-1,-1,-1,measurement,native_mmwave_sinr_report
0.6618,17,14,mmwave,4,3.3018,4,3.3018,0,-5,false,-1,-1,-1,-1,measurement,native_mmwave_sinr_report
0.6618,18,2,mmwave,4,1.49213,4,1.49213,0,-5,false,-1,-1,-1,-1,measurement,native_mmwave_sinr_report
0.6618,19,7,mmwave,4,0.816899,4,0.816899,0,-5,false,-1,-1,-1,-1,measurement,native_mmwave_sinr_report
0.6618,20,19,mmwave,4,-0.399374,4,-0.399374,0,-5,false,-1,-1,-1,-1,measurement,native_mmwave_sinr_report
0.6634,16,12,mmwave,4,4.13015,4,4.13015,0,-5,false,-1,-1,-1,-1,measurement,native_mmwave_sinr_report
0.6634,17,14,mmwave,4,3.30397,4,3.30397,0,-5,false,-1,-1,-1,-1,measurement,native_mmwave_sinr_report
0.6634,18,2,mmwave,4,1.49319,4,1.49319,0,-5,false,-1,-1,-1,-1,measurement,native_mmwave_sinr_report
0.6634,19,7,mmwave,4,0.818684,4,0.818684,0,-5,false,-1,-1,-1,-1,measurement,native_mmwave_sinr_report
0.6634,20,19,mmwave,4,-0.397707,4,-0.397707,0,-5,false,-1,-1,-1,-1,measurement,native_mmwave_sinr_report
0.665,16,12,mmwave,4,4.13164,4,4.13164,0,-5,false,-1,-1,-1,-1,measurement,native_mmwave_sinr_report
0.665,17,14,mmwave,4,3.30613,4,3.30613,0,-5,false,-1,-1,-1,-1,measurement,native_mmwave_sinr_report
0.665,18,2,mmwave,4,1.49426,4,1.49426,0,-5,false,-1,-1,-1,-1,measurement,native_mmwave_sinr_report
0.665,19,7,mmwave,4,0.820469,4,0.820469,0,-5,false,-1,-1,-1,-1,measurement,native_mmwave_sinr_report
0.665,20,19,mmwave,4,-0.396039,4,-0.396039,0,-5,false,-1,-1,-1,-1,measurement,native_mmwave_sinr_report
0.6666,16,12,mmwave,4,4.13314,4,4.13314,0,-5,false,-1,-1,-1,-1,measurement,native_mmwave_sinr_report
0.6666,17,14,mmwave,4,3.3083,4,3.3083,0,-5,false,-1,-1,-1,-1,measurement,native_mmwave_sinr_report
0.6666,18,2,mmwave,4,1.49533,4,1.49533,0,-5,false,-1,-1,-1,-1,measurement,native_mmwave_sinr_report
0.6666,19,7,mmwave,4,0.822254,4,0.822254,0,-5,false,-1,-1,-1,-1,measurement,native_mmwave_sinr_report
0.6666,20,19,mmwave,4,-0.394372,4,-0.394372,0,-5,false,-1,-1,-1,-1,measurement,native_mmwave_sinr_report
0.6682,16,12,mmwave,4,4.13463,4,4.13463,0,-5,false,-1,-1,-1,-1,measurement,native_mmwave_sinr_report
0.6682,17,14,mmwave,4,3.31046,4,3.31046,0,-5,false,-1,-1,-1,-1,measurement,native_mmwave_sinr_report
0.6682,18,2,mmwave,4,1.49639,4,1.49639,0,-5,false,-1,-1,-1,-1,measurement,native_mmwave_sinr_report
0.6682,19,7,mmwave,4,0.82404,4,0.82404,0,-5,false,-1,-1,-1,-1,measurement,native_mmwave_sinr_report
0.6682,20,19,mmwave,4,-0.392704,4,-0.392704,0,-5,false,-1,-1,-1,-1,measurement,native_mmwave_sinr_report
0.6698,16,12,mmwave,4,4.13613,4,4.13613,0,-5,false,-1,-1,-1,-1,measurement,native_mmwave_sinr_report
0.6698,17,14,mmwave,4,3.31263,4,3.31263,0,-5,false,-1,-1,-1,-1,measurement,native_mmwave_sinr_report
0.6698,18,2,mmwave,4,1.49746,4,1.49746,0,-5,false,-1,-1,-1,-1,measurement,native_mmwave_sinr_report
0.6698,19,7,mmwave,4,0.825826,4,0.825826,0,-5,false,-1,-1,-1,-1,measurement,native_mmwave_sinr_report
0.6698,20,19,mmwave,4,-0.391036,4,-0.391036,0,-5,false,-1,-1,-1,-1,measurement,native_mmwave_sinr_report
0.6714,16,12,mmwave,4,4.13762,4,4.13762,0,-5,false,-1,-1,-1,-1,measurement,native_mmwave_sinr_report
0.6714,17,14,mmwave,4,3.3148,4,3.3148,0,-5,false,-1,-1,-1,-1,measurement,native_mmwave_sinr_report
0.6714,18,2,mmwave,4,1.49853,4,1.49853,0,-5,false,-1,-1,-1,-1,measurement,native_mmwave_sinr_report
0.6714,19,7,mmwave,4,0.827611,4,0.827611,0,-5,false,-1,-1,-1,-1,measurement,native_mmwave_sinr_report
0.6714,20,19,mmwave,4,-0.389368,4,-0.389368,0,-5,false,-1,-1,-1,-1,measurement,native_mmwave_sinr_report
0.673,16,12,mmwave,4,4.13912,4,4.13912,0,-5,false,-1,-1,-1,-1,measurement,native_mmwave_sinr_report
0.673,17,14,mmwave,4,3.31696,4,3.31696,0,-5,false,-1,-1,-1,-1,measurement,native_mmwave_sinr_report
0.673,18,2,mmwave,4,1.4996,4,1.4996,0,-5,false,-1,-1,-1,-1,measurement,native_mmwave_sinr_report
0.673,19,7,mmwave,4,0.829398,4,0.829398,0,-5,false,-1,-1,-1,-1,measurement,native_mmwave_sinr_report
0.673,20,19,mmwave,4,-0.387699,4,-0.387699,0,-5,false,-1,-1,-1,-1,measurement,native_mmwave_sinr_report
0.6746,16,12,mmwave,4,4.14061,4,4.14061,0,-5,false,-1,-1,-1,-1,measurement,native_mmwave_sinr_report
0.6746,17,14,mmwave,4,3.31913,4,3.31913,0,-5,false,-1,-1,-1,-1,measurement,native_mmwave_sinr_report
0.6746,18,2,mmwave,4,1.50066,4,1.50066,0,-5,false,-1,-1,-1,-1,measurement,native_mmwave_sinr_report
0.6746,19,7,mmwave,4,0.831184,4,0.831184,0,-5,false,-1,-1,-1,-1,measurement,native_mmwave_sinr_report
0.6746,20,19,mmwave,4,-0.386031,4,-0.386031,0,-5,false,-1,-1,-1,-1,measurement,native_mmwave_sinr_report
0.6762,16,12,mmwave,4,4.14211,4,4.14211,0,-5,false,-1,-1,-1,-1,measurement,native_mmwave_sinr_report
0.6762,17,14,mmwave,4,3.3213,4,3.3213,0,-5,false,-1,-1,-1,-1,measurement,native_mmwave_sinr_report
0.6762,18,2,mmwave,4,1.50173,4,1.50173,0,-5,false,-1,-1,-1,-1,measurement,native_mmwave_sinr_report
0.6762,19,7,mmwave,4,0.83297,4,0.83297,0,-5,false,-1,-1,-1,-1,measurement,native_mmwave_sinr_report
0.6762,20,19,mmwave,4,-0.384362,4,-0.384362,0,-5,false,-1,-1,-1,-1,measurement,native_mmwave_sinr_report
0.6778,16,12,mmwave,4,4.1436,4,4.1436,0,-5,false,-1,-1,-1,-1,measurement,native_mmwave_sinr_report
0.6778,17,14,mmwave,4,3.32347,4,3.32347,0,-5,false,-1,-1,-1,-1,measurement,native_mmwave_sinr_report
0.6778,18,2,mmwave,4,1.5028,4,1.5028,0,-5,false,-1,-1,-1,-1,measurement,native_mmwave_sinr_report
0.6778,19,7,mmwave,4,0.834757,4,0.834757,0,-5,false,-1,-1,-1,-1,measurement,native_mmwave_sinr_report
0.6778,20,19,mmwave,4,-0.382694,4,-0.382694,0,-5,false,-1,-1,-1,-1,measurement,native_mmwave_sinr_report
0.6794,16,12,mmwave,4,4.1451,4,4.1451,0,-5,false,-1,-1,-1,-1,measurement,native_mmwave_sinr_report
0.6794,17,14,mmwave,4,3.32563,4,3.32563,0,-5,false,-1,-1,-1,-1,measurement,native_mmwave_sinr_report
0.6794,18,2,mmwave,4,1.50386,4,1.50386,0,-5,false,-1,-1,-1,-1,measurement,native_mmwave_sinr_report
0.6794,19,7,mmwave,4,0.836544,4,0.836544,0,-5,false,-1,-1,-1,-1,measurement,native_mmwave_sinr_report
0.6794,20,19,mmwave,4,-0.381025,4,-0.381025,0,-5,false,-1,-1,-1,-1,measurement,native_mmwave_sinr_report
0.681,16,12,mmwave,4,4.1466,4,4.1466,0,-5,false,-1,-1,-1,-1,measurement,native_mmwave_sinr_report
0.681,17,14,mmwave,4,3.3278,4,3.3278,0,-5,false,-1,-1,-1,-1,measurement,native_mmwave_sinr_report
0.681,18,2,mmwave,4,1.50493,4,1.50493,0,-5,false,-1,-1,-1,-1,measurement,native_mmwave_sinr_report
0.681,19,7,mmwave,4,0.838331,4,0.838331,0,-5,false,-1,-1,-1,-1,measurement,native_mmwave_sinr_report
0.681,20,19,mmwave,4,-0.379355,4,-0.379355,0,-5,false,-1,-1,-1,-1,measurement,native_mmwave_sinr_report
0.6826,16,12,mmwave,4,4.14809,4,4.14809,0,-5,false,-1,-1,-1,-1,measurement,native_mmwave_sinr_report
0.6826,17,14,mmwave,4,3.32997,4,3.32997,0,-5,false,-1,-1,-1,-1,measurement,native_mmwave_sinr_report
0.6826,18,2,mmwave,4,1.506,4,1.506,0,-5,false,-1,-1,-1,-1,measurement,native_mmwave_sinr_report
0.6826,19,7,mmwave,4,0.840118,4,0.840118,0,-5,false,-1,-1,-1,-1,measurement,native_mmwave_sinr_report
0.6826,20,19,mmwave,4,-0.377686,4,-0.377686,0,-5,false,-1,-1,-1,-1,measurement,native_mmwave_sinr_report
0.6842,16,12,mmwave,4,4.14959,4,4.14959,0,-5,false,-1,-1,-1,-1,measurement,native_mmwave_sinr_report
0.6842,17,14,mmwave,4,3.33214,4,3.33214,0,-5,false,-1,-1,-1,-1,measurement,native_mmwave_sinr_report
0.6842,18,2,mmwave,4,1.50707,4,1.50707,0,-5,false,-1,-1,-1,-1,measurement,native_mmwave_sinr_report
0.6842,19,7,mmwave,4,0.841906,4,0.841906,0,-5,false,-1,-1,-1,-1,measurement,native_mmwave_sinr_report
0.6842,20,19,mmwave,4,-0.376016,4,-0.376016,0,-5,false,-1,-1,-1,-1,measurement,native_mmwave_sinr_report
0.6858,16,12,mmwave,4,4.15108,4,4.15108,0,-5,false,-1,-1,-1,-1,measurement,native_mmwave_sinr_report
0.6858,17,14,mmwave,4,3.33431,4,3.33431,0,-5,false,-1,-1,-1,-1,measurement,native_mmwave_sinr_report
0.6858,18,2,mmwave,4,1.50814,4,1.50814,0,-5,false,-1,-1,-1,-1,measurement,native_mmwave_sinr_report
0.6858,19,7,mmwave,4,0.843694,4,0.843694,0,-5,false,-1,-1,-1,-1,measurement,native_mmwave_sinr_report
0.6858,20,19,mmwave,4,-0.374347,4,-0.374347,0,-5,false,-1,-1,-1,-1,measurement,native_mmwave_sinr_report
0.6874,16,12,mmwave,4,4.15258,4,4.15258,0,-5,false,-1,-1,-1,-1,measurement,native_mmwave_sinr_report
0.6874,17,14,mmwave,4,3.33648,4,3.33648,0,-5,false,-1,-1,-1,-1,measurement,native_mmwave_sinr_report
0.6874,18,2,mmwave,4,1.5092,4,1.5092,0,-5,false,-1,-1,-1,-1,measurement,native_mmwave_sinr_report
0.6874,19,7,mmwave,4,0.845482,4,0.845482,0,-5,false,-1,-1,-1,-1,measurement,native_mmwave_sinr_report
0.6874,20,19,mmwave,4,-0.372677,4,-0.372677,0,-5,false,-1,-1,-1,-1,measurement,native_mmwave_sinr_report
0.689,16,12,mmwave,4,4.15408,4,4.15408,0,-5,false,-1,-1,-1,-1,measurement,native_mmwave_sinr_report
0.689,17,14,mmwave,4,3.33865,4,3.33865,0,-5,false,-1,-1,-1,-1,measurement,native_mmwave_sinr_report
0.689,18,2,mmwave,4,1.51027,4,1.51027,0,-5,false,-1,-1,-1,-1,measurement,native_mmwave_sinr_report
0.689,19,7,mmwave,4,0.84727,4,0.84727,0,-5,false,-1,-1,-1,-1,measurement,native_mmwave_sinr_report
0.689,20,19,mmwave,4,-0.371007,4,-0.371007,0,-5,false,-1,-1,-1,-1,measurement,native_mmwave_sinr_report
0.6906,16,12,mmwave,4,4.15557,4,4.15557,0,-5,false,-1,-1,-1,-1,measurement,native_mmwave_sinr_report
0.6906,17,14,mmwave,4,3.34082,4,3.34082,0,-5,false,-1,-1,-1,-1,measurement,native_mmwave_sinr_report
0.6906,18,2,mmwave,4,1.51134,4,1.51134,0,-5,false,-1,-1,-1,-1,measurement,native_mmwave_sinr_report
0.6906,19,7,mmwave,4,0.849058,4,0.849058,0,-5,false,-1,-1,-1,-1,measurement,native_mmwave_sinr_report
0.6906,20,19,mmwave,4,-0.369336,4,-0.369336,0,-5,false,-1,-1,-1,-1,measurement,native_mmwave_sinr_report
0.6922,16,12,mmwave,4,4.15707,4,4.15707,0,-5,false,-1,-1,-1,-1,measurement,native_mmwave_sinr_report
0.6922,17,14,mmwave,4,3.34299,4,3.34299,0,-5,false,-1,-1,-1,-1,measurement,native_mmwave_sinr_report
0.6922,18,2,mmwave,4,1.51241,4,1.51241,0,-5,false,-1,-1,-1,-1,measurement,native_mmwave_sinr_report
0.6922,19,7,mmwave,4,0.850847,4,0.850847,0,-5,false,-1,-1,-1,-1,measurement,native_mmwave_sinr_report
0.6922,20,19,mmwave,4,-0.367666,4,-0.367666,0,-5,false,-1,-1,-1,-1,measurement,native_mmwave_sinr_report
0.6938,16,12,mmwave,4,4.15857,4,4.15857,0,-5,false,-1,-1,-1,-1,measurement,native_mmwave_sinr_report
0.6938,17,14,mmwave,4,3.34516,4,3.34516,0,-5,false,-1,-1,-1,-1,measurement,native_mmwave_sinr_report
0.6938,18,2,mmwave,4,1.51347,4,1.51347,0,-5,false,-1,-1,-1,-1,measurement,native_mmwave_sinr_report
0.6938,19,7,mmwave,4,0.852636,4,0.852636,0,-5,false,-1,-1,-1,-1,measurement,native_mmwave_sinr_report
0.6938,20,19,mmwave,4,-0.365995,4,-0.365995,0,-5,false,-1,-1,-1,-1,measurement,native_mmwave_sinr_report
0.6954,16,12,mmwave,4,4.16007,4,4.16007,0,-5,false,-1,-1,-1,-1,measurement,native_mmwave_sinr_report
0.6954,17,14,mmwave,4,3.34733,4,3.34733,0,-5,false,-1,-1,-1,-1,measurement,native_mmwave_sinr_report
0.6954,18,2,mmwave,4,1.51454,4,1.51454,0,-5,false,-1,-1,-1,-1,measurement,native_mmwave_sinr_report
0.6954,19,7,mmwave,4,0.854425,4,0.854425,0,-5,false,-1,-1,-1,-1,measurement,native_mmwave_sinr_report
0.6954,20,19,mmwave,4,-0.364325,4,-0.364325,0,-5,false,-1,-1,-1,-1,measurement,native_mmwave_sinr_report
0.697,16,12,mmwave,4,4.16156,4,4.16156,0,-5,false,-1,-1,-1,-1,measurement,native_mmwave_sinr_report
0.697,17,14,mmwave,4,3.3495,4,3.3495,0,-5,false,-1,-1,-1,-1,measurement,native_mmwave_sinr_report
0.697,18,2,mmwave,4,1.51561,4,1.51561,0,-5,false,-1,-1,-1,-1,measurement,native_mmwave_sinr_report
0.697,19,7,mmwave,4,0.856214,4,0.856214,0,-5,false,-1,-1,-1,-1,measurement,native_mmwave_sinr_report
0.697,20,19,mmwave,4,-0.362654,4,-0.362654,0,-5,false,-1,-1,-1,-1,measurement,native_mmwave_sinr_report
0.6986,16,12,mmwave,4,4.16306,4,4.16306,0,-5,false,-1,-1,-1,-1,measurement,native_mmwave_sinr_report
0.6986,17,14,mmwave,4,3.35167,4,3.35167,0,-5,false,-1,-1,-1,-1,measurement,native_mmwave_sinr_report
0.6986,18,2,mmwave,4,1.51668,4,1.51668,0,-5,false,-1,-1,-1,-1,measurement,native_mmwave_sinr_report
0.6986,19,7,mmwave,4,0.858003,4,0.858003,0,-5,false,-1,-1,-1,-1,measurement,native_mmwave_sinr_report
0.6986,20,19,mmwave,4,-0.360983,4,-0.360983,0,-5,false,-1,-1,-1,-1,measurement,native_mmwave_sinr_report
0.7002,16,12,mmwave,4,4.16456,4,4.16456,0,-5,false,-1,-1,-1,-1,measurement,native_mmwave_sinr_report
0.7002,17,14,mmwave,4,3.35384,4,3.35384,0,-5,false,-1,-1,-1,-1,measurement,native_mmwave_sinr_report
0.7002,18,2,mmwave,4,1.51775,4,1.51775,0,-5,false,-1,-1,-1,-1,measurement,native_mmwave_sinr_report
0.7002,19,7,mmwave,4,0.859793,4,0.859793,0,-5,false,-1,-1,-1,-1,measurement,native_mmwave_sinr_report
0.7002,20,19,mmwave,4,-0.359311,4,-0.359311,0,-5,false,-1,-1,-1,-1,measurement,native_mmwave_sinr_report
0.7018,16,12,mmwave,4,4.16606,4,4.16606,0,-5,false,-1,-1,-1,-1,measurement,native_mmwave_sinr_report
0.7018,17,14,mmwave,4,3.35602,4,3.35602,0,-5,false,-1,-1,-1,-1,measurement,native_mmwave_sinr_report
0.7018,18,2,mmwave,4,1.51882,4,1.51882,0,-5,false,-1,-1,-1,-1,measurement,native_mmwave_sinr_report
0.7018,19,7,mmwave,4,0.861583,4,0.861583,0,-5,false,-1,-1,-1,-1,measurement,native_mmwave_sinr_report
0.7018,20,19,mmwave,4,-0.35764,4,-0.35764,0,-5,false,-1,-1,-1,-1,measurement,native_mmwave_sinr_report
0.7034,16,12,mmwave,4,4.16755,4,4.16755,0,-5,false,-1,-1,-1,-1,measurement,native_mmwave_sinr_report
0.7034,17,14,mmwave,4,3.35819,4,3.35819,0,-5,false,-1,-1,-1,-1,measurement,native_mmwave_sinr_report
0.7034,18,2,mmwave,4,1.51988,4,1.51988,0,-5,false,-1,-1,-1,-1,measurement,native_mmwave_sinr_report
0.7034,19,7,mmwave,4,0.863373,4,0.863373,0,-5,false,-1,-1,-1,-1,measurement,native_mmwave_sinr_report
0.7034,20,19,mmwave,4,-0.355968,4,-0.355968,0,-5,false,-1,-1,-1,-1,measurement,native_mmwave_sinr_report
0.705,16,12,mmwave,4,4.16905,4,4.16905,0,-5,false,-1,-1,-1,-1,measurement,native_mmwave_sinr_report
0.705,17,14,mmwave,4,3.36036,4,3.36036,0,-5,false,-1,-1,-1,-1,measurement,native_mmwave_sinr_report
0.705,18,2,mmwave,4,1.52095,4,1.52095,0,-5,false,-1,-1,-1,-1,measurement,native_mmwave_sinr_report
0.705,19,7,mmwave,4,0.865163,4,0.865163,0,-5,false,-1,-1,-1,-1,measurement,native_mmwave_sinr_report
0.705,20,19,mmwave,4,-0.354296,4,-0.354296,0,-5,false,-1,-1,-1,-1,measurement,native_mmwave_sinr_report
0.7066,16,12,mmwave,4,4.17055,4,4.17055,0,-5,false,-1,-1,-1,-1,measurement,native_mmwave_sinr_report
0.7066,17,14,mmwave,4,3.36253,4,3.36253,0,-5,false,-1,-1,-1,-1,measurement,native_mmwave_sinr_report
0.7066,18,2,mmwave,4,1.52202,4,1.52202,0,-5,false,-1,-1,-1,-1,measurement,native_mmwave_sinr_report
0.7066,19,7,mmwave,4,0.866953,4,0.866953,0,-5,false,-1,-1,-1,-1,measurement,native_mmwave_sinr_report
0.7066,20,19,mmwave,4,-0.352624,4,-0.352624,0,-5,false,-1,-1,-1,-1,measurement,native_mmwave_sinr_report
0.7082,16,12,mmwave,4,4.17205,4,4.17205,0,-5,false,-1,-1,-1,-1,measurement,native_mmwave_sinr_report
0.7082,17,14,mmwave,4,3.36471,4,3.36471,0,-5,false,-1,-1,-1,-1,measurement,native_mmwave_sinr_report
0.7082,18,2,mmwave,4,1.52309,4,1.52309,0,-5,false,-1,-1,-1,-1,measurement,native_mmwave_sinr_report
0.7082,19,7,mmwave,4,0.868744,4,0.868744,0,-5,false,-1,-1,-1,-1,measurement,native_mmwave_sinr_report
0.7082,20,19,mmwave,4,-0.350952,4,-0.350952,0,-5,false,-1,-1,-1,-1,measurement,native_mmwave_sinr_report
0.7098,16,12,mmwave,4,4.17355,4,4.17355,0,-5,false,-1,-1,-1,-1,measurement,native_mmwave_sinr_report
0.7098,17,14,mmwave,4,3.36688,4,3.36688,0,-5,false,-1,-1,-1,-1,measurement,native_mmwave_sinr_report
0.7098,18,2,mmwave,4,1.52416,4,1.52416,0,-5,false,-1,-1,-1,-1,measurement,native_mmwave_sinr_report
0.7098,19,7,mmwave,4,0.870535,4,0.870535,0,-5,false,-1,-1,-1,-1,measurement,native_mmwave_sinr_report
0.7098,20,19,mmwave,4,-0.34928,4,-0.34928,0,-5,false,-1,-1,-1,-1,measurement,native_mmwave_sinr_report
0.7114,16,12,mmwave,4,4.17505,4,4.17505,0,-5,false,-1,-1,-1,-1,measurement,native_mmwave_sinr_report
0.7114,17,14,mmwave,4,3.36906,4,3.36906,0,-5,false,-1,-1,-1,-1,measurement,native_mmwave_sinr_report
0.7114,18,2,mmwave,4,1.52523,4,1.52523,0,-5,false,-1,-1,-1,-1,measurement,native_mmwave_sinr_report
0.7114,19,7,mmwave,4,0.872326,4,0.872326,0,-5,false,-1,-1,-1,-1,measurement,native_mmwave_sinr_report
0.7114,20,19,mmwave,4,-0.347607,4,-0.347607,0,-5,false,-1,-1,-1,-1,measurement,native_mmwave_sinr_report
0.713,16,12,mmwave,4,4.17654,4,4.17654,0,-5,false,-1,-1,-1,-1,measurement,native_mmwave_sinr_report
0.713,17,14,mmwave,4,3.37123,4,3.37123,0,-5,false,-1,-1,-1,-1,measurement,native_mmwave_sinr_report
0.713,18,2,mmwave,4,1.5263,4,1.5263,0,-5,false,-1,-1,-1,-1,measurement,native_mmwave_sinr_report
0.713,19,7,mmwave,4,0.874117,4,0.874117,0,-5,false,-1,-1,-1,-1,measurement,native_mmwave_sinr_report
0.713,20,19,mmwave,4,-0.345934,4,-0.345934,0,-5,false,-1,-1,-1,-1,measurement,native_mmwave_sinr_report
0.7146,16,12,mmwave,4,4.17804,4,4.17804,0,-5,false,-1,-1,-1,-1,measurement,native_mmwave_sinr_report
0.7146,17,14,mmwave,4,3.3734,4,3.3734,0,-5,false,-1,-1,-1,-1,measurement,native_mmwave_sinr_report
0.7146,18,2,mmwave,4,1.52737,4,1.52737,0,-5,false,-1,-1,-1,-1,measurement,native_mmwave_sinr_report
0.7146,19,7,mmwave,4,0.875909,4,0.875909,0,-5,false,-1,-1,-1,-1,measurement,native_mmwave_sinr_report
0.7146,20,19,mmwave,4,-0.344261,4,-0.344261,0,-5,false,-1,-1,-1,-1,measurement,native_mmwave_sinr_report
0.7162,16,12,mmwave,4,4.17954,4,4.17954,0,-5,false,-1,-1,-1,-1,measurement,native_mmwave_sinr_report
0.7162,17,14,mmwave,4,3.37558,4,3.37558,0,-5,false,-1,-1,-1,-1,measurement,native_mmwave_sinr_report
0.7162,18,2,mmwave,4,1.52844,4,1.52844,0,-5,false,-1,-1,-1,-1,measurement,native_mmwave_sinr_report
0.7162,19,7,mmwave,4,0.8777,4,0.8777,0,-5,false,-1,-1,-1,-1,measurement,native_mmwave_sinr_report
0.7162,20,19,mmwave,4,-0.342588,4,-0.342588,0,-5,false,-1,-1,-1,-1,measurement,native_mmwave_sinr_report
0.7178,16,12,mmwave,4,4.18104,4,4.18104,0,-5,false,-1,-1,-1,-1,measurement,native_mmwave_sinr_report
0.7178,17,14,mmwave,4,3.37775,4,3.37775,0,-5,false,-1,-1,-1,-1,measurement,native_mmwave_sinr_report
0.7178,18,2,mmwave,4,1.5295,4,1.5295,0,-5,false,-1,-1,-1,-1,measurement,native_mmwave_sinr_report
0.7178,19,7,mmwave,4,0.879492,4,0.879492,0,-5,false,-1,-1,-1,-1,measurement,native_mmwave_sinr_report
0.7178,20,19,mmwave,4,-0.340915,4,-0.340915,0,-5,false,-1,-1,-1,-1,measurement,native_mmwave_sinr_report
0.7194,16,12,mmwave,4,4.18254,4,4.18254,0,-5,false,-1,-1,-1,-1,measurement,native_mmwave_sinr_report
0.7194,17,14,mmwave,4,3.37993,4,3.37993,0,-5,false,-1,-1,-1,-1,measurement,native_mmwave_sinr_report
0.7194,18,2,mmwave,4,1.53057,4,1.53057,0,-5,false,-1,-1,-1,-1,measurement,native_mmwave_sinr_report
0.7194,19,7,mmwave,4,0.881284,4,0.881284,0,-5,false,-1,-1,-1,-1,measurement,native_mmwave_sinr_report
0.7194,20,19,mmwave,4,-0.339241,4,-0.339241,0,-5,false,-1,-1,-1,-1,measurement,native_mmwave_sinr_report
0.721,16,12,mmwave,4,4.18404,4,4.18404,0,-5,false,-1,-1,-1,-1,measurement,native_mmwave_sinr_report
0.721,17,14,mmwave,4,3.38211,4,3.38211,0,-5,false,-1,-1,-1,-1,measurement,native_mmwave_sinr_report
0.721,18,2,mmwave,4,1.53164,4,1.53164,0,-5,false,-1,-1,-1,-1,measurement,native_mmwave_sinr_report
0.721,19,7,mmwave,4,0.883077,4,0.883077,0,-5,false,-1,-1,-1,-1,measurement,native_mmwave_sinr_report
0.721,20,19,mmwave,4,-0.337568,4,-0.337568,0,-5,false,-1,-1,-1,-1,measurement,native_mmwave_sinr_report
0.7226,16,12,mmwave,4,4.18554,4,4.18554,0,-5,false,-1,-1,-1,-1,measurement,native_mmwave_sinr_report
0.7226,17,14,mmwave,4,3.38428,4,3.38428,0,-5,false,-1,-1,-1,-1,measurement,native_mmwave_sinr_report
0.7226,18,2,mmwave,4,1.53271,4,1.53271,0,-5,false,-1,-1,-1,-1,measurement,native_mmwave_sinr_report
0.7226,19,7,mmwave,4,0.884869,4,0.884869,0,-5,false,-1,-1,-1,-1,measurement,native_mmwave_sinr_report
0.7226,20,19,mmwave,4,-0.335894,4,-0.335894,0,-5,false,-1,-1,-1,-1,measurement,native_mmwave_sinr_report
0.7242,16,12,mmwave,4,4.18704,4,4.18704,0,-5,false,-1,-1,-1,-1,measurement,native_mmwave_sinr_report
0.7242,17,14,mmwave,4,3.38646,4,3.38646,0,-5,false,-1,-1,-1,-1,measurement,native_mmwave_sinr_report
0.7242,18,2,mmwave,4,1.53378,4,1.53378,0,-5,false,-1,-1,-1,-1,measurement,native_mmwave_sinr_report
0.7242,19,7,mmwave,4,0.886662,4,0.886662,0,-5,false,-1,-1,-1,-1,measurement,native_mmwave_sinr_report
0.7242,20,19,mmwave,4,-0.33422,4,-0.33422,0,-5,false,-1,-1,-1,-1,measurement,native_mmwave_sinr_report
0.7258,16,12,mmwave,4,4.18854,4,4.18854,0,-5,false,-1,-1,-1,-1,measurement,native_mmwave_sinr_report
0.7258,17,14,mmwave,4,3.38864,4,3.38864,0,-5,false,-1,-1,-1,-1,measurement,native_mmwave_sinr_report
0.7258,18,2,mmwave,4,1.53485,4,1.53485,0,-5,false,-1,-1,-1,-1,measurement,native_mmwave_sinr_report
0.7258,19,7,mmwave,4,0.888455,4,0.888455,0,-5,false,-1,-1,-1,-1,measurement,native_mmwave_sinr_report
0.7258,20,19,mmwave,4,-0.332546,4,-0.332546,0,-5,false,-1,-1,-1,-1,measurement,native_mmwave_sinr_report
0.7274,16,12,mmwave,4,4.19004,4,4.19004,0,-5,false,-1,-1,-1,-1,measurement,native_mmwave_sinr_report
0.7274,17,14,mmwave,4,3.39081,4,3.39081,0,-5,false,-1,-1,-1,-1,measurement,native_mmwave_sinr_report
0.7274,18,2,mmwave,4,1.53592,4,1.53592,0,-5,false,-1,-1,-1,-1,measurement,native_mmwave_sinr_report
0.7274,19,7,mmwave,4,0.890248,4,0.890248,0,-5,false,-1,-1,-1,-1,measurement,native_mmwave_sinr_report
0.7274,20,19,mmwave,4,-0.330871,4,-0.330871,0,-5,false,-1,-1,-1,-1,measurement,native_mmwave_sinr_report
0.729,16,12,mmwave,4,4.19154,4,4.19154,0,-5,false,-1,-1,-1,-1,measurement,native_mmwave_sinr_report
0.729,17,14,mmwave,4,3.39299,4,3.39299,0,-5,false,-1,-1,-1,-1,measurement,native_mmwave_sinr_report
0.729,18,2,mmwave,4,1.53699,4,1.53699,0,-5,false,-1,-1,-1,-1,measurement,native_mmwave_sinr_report
0.729,19,7,mmwave,4,0.892042,4,0.892042,0,-5,false,-1,-1,-1,-1,measurement,native_mmwave_sinr_report
0.729,20,19,mmwave,4,-0.329197,4,-0.329197,0,-5,false,-1,-1,-1,-1,measurement,native_mmwave_sinr_report
0.7306,16,12,mmwave,4,4.19304,4,4.19304,0,-5,false,-1,-1,-1,-1,measurement,native_mmwave_sinr_report
0.7306,17,14,mmwave,4,3.39517,4,3.39517,0,-5,false,-1,-1,-1,-1,measurement,native_mmwave_sinr_report
0.7306,18,2,mmwave,4,1.53806,4,1.53806,0,-5,false,-1,-1,-1,-1,measurement,native_mmwave_sinr_report
0.7306,19,7,mmwave,4,0.893835,4,0.893835,0,-5,false,-1,-1,-1,-1,measurement,native_mmwave_sinr_report
0.7306,20,19,mmwave,4,-0.327522,4,-0.327522,0,-5,false,-1,-1,-1,-1,measurement,native_mmwave_sinr_report
0.7322,16,12,mmwave,4,4.19454,4,4.19454,0,-5,false,-1,-1,-1,-1,measurement,native_mmwave_sinr_report
0.7322,17,14,mmwave,4,3.39735,4,3.39735,0,-5,false,-1,-1,-1,-1,measurement,native_mmwave_sinr_report
0.7322,18,2,mmwave,4,1.53913,4,1.53913,0,-5,false,-1,-1,-1,-1,measurement,native_mmwave_sinr_report
0.7322,19,7,mmwave,4,0.895629,4,0.895629,0,-5,false,-1,-1,-1,-1,measurement,native_mmwave_sinr_report
0.7322,20,19,mmwave,4,-0.325847,4,-0.325847,0,-5,false,-1,-1,-1,-1,measurement,native_mmwave_sinr_report
0.7338,16,12,mmwave,4,4.19604,4,4.19604,0,-5,false,-1,-1,-1,-1,measurement,native_mmwave_sinr_report
0.7338,17,14,mmwave,4,3.39952,4,3.39952,0,-5,false,-1,-1,-1,-1,measurement,native_mmwave_sinr_report
0.7338,18,2,mmwave,4,1.5402,4,1.5402,0,-5,false,-1,-1,-1,-1,measurement,native_mmwave_sinr_report
0.7338,19,7,mmwave,4,0.897423,4,0.897423,0,-5,false,-1,-1,-1,-1,measurement,native_mmwave_sinr_report
0.7338,20,19,mmwave,4,-0.324172,4,-0.324172,0,-5,false,-1,-1,-1,-1,measurement,native_mmwave_sinr_report
0.7354,16,12,mmwave,4,4.19754,4,4.19754,0,-5,false,-1,-1,-1,-1,measurement,native_mmwave_sinr_report
0.7354,17,14,mmwave,4,3.4017,4,3.4017,0,-5,false,-1,-1,-1,-1,measurement,native_mmwave_sinr_report
0.7354,18,2,mmwave,4,1.54127,4,1.54127,0,-5,false,-1,-1,-1,-1,measurement,native_mmwave_sinr_report
0.7354,19,7,mmwave,4,0.899217,4,0.899217,0,-5,false,-1,-1,-1,-1,measurement,native_mmwave_sinr_report
0.7354,20,19,mmwave,4,-0.322497,4,-0.322497,0,-5,false,-1,-1,-1,-1,measurement,native_mmwave_sinr_report
0.737,16,12,mmwave,4,4.19904,4,4.19904,0,-5,false,-1,-1,-1,-1,measurement,native_mmwave_sinr_report
0.737,17,14,mmwave,4,3.40388,4,3.40388,0,-5,false,-1,-1,-1,-1,measurement,native_mmwave_sinr_report
0.737,18,2,mmwave,4,1.54234,4,1.54234,0,-5,false,-1,-1,-1,-1,measurement,native_mmwave_sinr_report
0.737,19,7,mmwave,4,0.901012,4,0.901012,0,-5,false,-1,-1,-1,-1,measurement,native_mmwave_sinr_report
0.737,20,19,mmwave,4,-0.320821,4,-0.320821,0,-5,false,-1,-1,-1,-1,measurement,native_mmwave_sinr_report
0.7386,16,12,mmwave,4,4.20054,4,4.20054,0,-5,false,-1,-1,-1,-1,measurement,native_mmwave_sinr_report
0.7386,17,14,mmwave,4,3.40606,4,3.40606,0,-5,false,-1,-1,-1,-1,measurement,native_mmwave_sinr_report
0.7386,18,2,mmwave,4,1.54341,4,1.54341,0,-5,false,-1,-1,-1,-1,measurement,native_mmwave_sinr_report
0.7386,19,7,mmwave,4,0.902806,4,0.902806,0,-5,false,-1,-1,-1,-1,measurement,native_mmwave_sinr_report
0.7386,20,19,mmwave,4,-0.319146,4,-0.319146,0,-5,false,-1,-1,-1,-1,measurement,native_mmwave_sinr_report
0.7402,16,12,mmwave,4,4.20205,4,4.20205,0,-5,false,-1,-1,-1,-1,measurement,native_mmwave_sinr_report
0.7402,17,14,mmwave,4,3.40824,4,3.40824,0,-5,false,-1,-1,-1,-1,measurement,native_mmwave_sinr_report
0.7402,18,2,mmwave,4,1.54448,4,1.54448,0,-5,false,-1,-1,-1,-1,measurement,native_mmwave_sinr_report
0.7402,19,7,mmwave,4,0.904601,4,0.904601,0,-5,false,-1,-1,-1,-1,measurement,native_mmwave_sinr_report
0.7402,20,19,mmwave,4,-0.31747,4,-0.31747,0,-5,false,-1,-1,-1,-1,measurement,native_mmwave_sinr_report
0.7418,16,12,mmwave,4,4.20355,4,4.20355,0,-5,false,-1,-1,-1,-1,measurement,native_mmwave_sinr_report
0.7418,17,14,mmwave,4,3.41042,4,3.41042,0,-5,false,-1,-1,-1,-1,measurement,native_mmwave_sinr_report
0.7418,18,2,mmwave,4,1.54555,4,1.54555,0,-5,false,-1,-1,-1,-1,measurement,native_mmwave_sinr_report
0.7418,19,7,mmwave,4,0.906396,4,0.906396,0,-5,false,-1,-1,-1,-1,measurement,native_mmwave_sinr_report
0.7418,20,19,mmwave,4,-0.315794,4,-0.315794,0,-5,false,-1,-1,-1,-1,measurement,native_mmwave_sinr_report
0.7434,16,12,mmwave,4,4.20505,4,4.20505,0,-5,false,-1,-1,-1,-1,measurement,native_mmwave_sinr_report
0.7434,17,14,mmwave,4,3.4126,4,3.4126,0,-5,false,-1,-1,-1,-1,measurement,native_mmwave_sinr_report
0.7434,18,2,mmwave,4,1.54662,4,1.54662,0,-5,false,-1,-1,-1,-1,measurement,native_mmwave_sinr_report
0.7434,19,7,mmwave,4,0.908191,4,0.908191,0,-5,false,-1,-1,-1,-1,measurement,native_mmwave_sinr_report
0.7434,20,19,mmwave,4,-0.314118,4,-0.314118,0,-5,false,-1,-1,-1,-1,measurement,native_mmwave_sinr_report
0.745,16,12,mmwave,4,4.20655,4,4.20655,0,-5,false,-1,-1,-1,-1,measurement,native_mmwave_sinr_report
0.745,17,14,mmwave,4,3.41478,4,3.41478,0,-5,false,-1,-1,-1,-1,measurement,native_mmwave_sinr_report
0.745,18,2,mmwave,4,1.54769,4,1.54769,0,-5,false,-1,-1,-1,-1,measurement,native_mmwave_sinr_report
0.745,19,7,mmwave,4,0.909987,4,0.909987,0,-5,false,-1,-1,-1,-1,measurement,native_mmwave_sinr_report
0.745,20,19,mmwave,4,-0.312442,4,-0.312442,0,-5,false,-1,-1,-1,-1,measurement,native_mmwave_sinr_report
0.7466,16,12,mmwave,4,4.20805,4,4.20805,0,-5,false,-1,-1,-1,-1,measurement,native_mmwave_sinr_report
0.7466,17,14,mmwave,4,3.41696,4,3.41696,0,-5,false,-1,-1,-1,-1,measurement,native_mmwave_sinr_report
0.7466,18,2,mmwave,4,1.54876,4,1.54876,0,-5,false,-1,-1,-1,-1,measurement,native_mmwave_sinr_report
0.7466,19,7,mmwave,4,0.911782,4,0.911782,0,-5,false,-1,-1,-1,-1,measurement,native_mmwave_sinr_report
0.7466,20,19,mmwave,4,-0.310765,4,-0.310765,0,-5,false,-1,-1,-1,-1,measurement,native_mmwave_sinr_report
0.7482,16,12,mmwave,4,4.20955,4,4.20955,0,-5,false,-1,-1,-1,-1,measurement,native_mmwave_sinr_report
0.7482,17,14,mmwave,4,3.41914,4,3.41914,0,-5,false,-1,-1,-1,-1,measurement,native_mmwave_sinr_report
0.7482,18,2,mmwave,4,1.54983,4,1.54983,0,-5,false,-1,-1,-1,-1,measurement,native_mmwave_sinr_report
0.7482,19,7,mmwave,4,0.913578,4,0.913578,0,-5,false,-1,-1,-1,-1,measurement,native_mmwave_sinr_report
0.7482,20,19,mmwave,4,-0.309088,4,-0.309088,0,-5,false,-1,-1,-1,-1,measurement,native_mmwave_sinr_report
0.7498,16,12,mmwave,4,4.21106,4,4.21106,0,-5,false,-1,-1,-1,-1,measurement,native_mmwave_sinr_report
0.7498,17,14,mmwave,4,3.42132,4,3.42132,0,-5,false,-1,-1,-1,-1,measurement,native_mmwave_sinr_report
0.7498,18,2,mmwave,4,1.5509,4,1.5509,0,-5,false,-1,-1,-1,-1,measurement,native_mmwave_sinr_report
0.7498,19,7,mmwave,4,0.915374,4,0.915374,0,-5,false,-1,-1,-1,-1,measurement,native_mmwave_sinr_report
0.7498,20,19,mmwave,4,-0.307411,4,-0.307411,0,-5,false,-1,-1,-1,-1,measurement,native_mmwave_sinr_report
0.7514,16,12,mmwave,4,4.21256,4,4.21256,0,-5,false,-1,-1,-1,-1,measurement,native_mmwave_sinr_report
0.7514,17,14,mmwave,4,3.42351,4,3.42351,0,-5,false,-1,-1,-1,-1,measurement,native_mmwave_sinr_report
0.7514,18,2,mmwave,4,1.55197,4,1.55197,0,-5,false,-1,-1,-1,-1,measurement,native_mmwave_sinr_report
0.7514,19,7,mmwave,4,0.917171,4,0.917171,0,-5,false,-1,-1,-1,-1,measurement,native_mmwave_sinr_report
0.7514,20,19,mmwave,4,-0.305734,4,-0.305734,0,-5,false,-1,-1,-1,-1,measurement,native_mmwave_sinr_report
0.753,16,12,mmwave,4,4.21406,4,4.21406,0,-5,false,-1,-1,-1,-1,measurement,native_mmwave_sinr_report
0.753,17,14,mmwave,4,3.42569,4,3.42569,0,-5,false,-1,-1,-1,-1,measurement,native_mmwave_sinr_report
0.753,18,2,mmwave,4,1.55304,4,1.55304,0,-5,false,-1,-1,-1,-1,measurement,native_mmwave_sinr_report
0.753,19,7,mmwave,4,0.918967,4,0.918967,0,-5,false,-1,-1,-1,-1,measurement,native_mmwave_sinr_report
0.753,20,19,mmwave,4,-0.304057,4,-0.304057,0,-5,false,-1,-1,-1,-1,measurement,native_mmwave_sinr_report
0.7546,16,12,mmwave,4,4.21556,4,4.21556,0,-5,false,-1,-1,-1,-1,measurement,native_mmwave_sinr_report
0.7546,17,14,mmwave,4,3.42787,4,3.42787,0,-5,false,-1,-1,-1,-1,measurement,native_mmwave_sinr_report
0.7546,18,2,mmwave,4,1.55412,4,1.55412,0,-5,false,-1,-1,-1,-1,measurement,native_mmwave_sinr_report
0.7546,19,7,mmwave,4,0.920764,4,0.920764,0,-5,false,-1,-1,-1,-1,measurement,native_mmwave_sinr_report
0.7546,20,19,mmwave,4,-0.30238,4,-0.30238,0,-5,false,-1,-1,-1,-1,measurement,native_mmwave_sinr_report
0.7562,16,12,mmwave,4,4.21707,4,4.21707,0,-5,false,-1,-1,-1,-1,measurement,native_mmwave_sinr_report
0.7562,17,14,mmwave,4,3.43005,4,3.43005,0,-5,false,-1,-1,-1,-1,measurement,native_mmwave_sinr_report
0.7562,18,2,mmwave,4,1.55519,4,1.55519,0,-5,false,-1,-1,-1,-1,measurement,native_mmwave_sinr_report
0.7562,19,7,mmwave,4,0.922561,4,0.922561,0,-5,false,-1,-1,-1,-1,measurement,native_mmwave_sinr_report
0.7562,20,19,mmwave,4,-0.300702,4,-0.300702,0,-5,false,-1,-1,-1,-1,measurement,native_mmwave_sinr_report
0.7578,16,12,mmwave,4,4.21857,4,4.21857,0,-5,false,-1,-1,-1,-1,measurement,native_mmwave_sinr_report
0.7578,17,14,mmwave,4,3.43224,4,3.43224,0,-5,false,-1,-1,-1,-1,measurement,native_mmwave_sinr_report
0.7578,18,2,mmwave,4,1.55626,4,1.55626,0,-5,false,-1,-1,-1,-1,measurement,native_mmwave_sinr_report
0.7578,19,7,mmwave,4,0.924358,4,0.924358,0,-5,false,-1,-1,-1,-1,measurement,native_mmwave_sinr_report
0.7578,20,19,mmwave,4,-0.299024,4,-0.299024,0,-5,false,-1,-1,-1,-1,measurement,native_mmwave_sinr_report
0.7594,16,12,mmwave,4,4.22007,4,4.22007,0,-5,false,-1,-1,-1,-1,measurement,native_mmwave_sinr_report
0.7594,17,14,mmwave,4,3.43442,4,3.43442,0,-5,false,-1,-1,-1,-1,measurement,native_mmwave_sinr_report
0.7594,18,2,mmwave,4,1.55733,4,1.55733,0,-5,false,-1,-1,-1,-1,measurement,native_mmwave_sinr_report
0.7594,19,7,mmwave,4,0.926155,4,0.926155,0,-5,false,-1,-1,-1,-1,measurement,native_mmwave_sinr_report
0.7594,20,19,mmwave,4,-0.297346,4,-0.297346,0,-5,false,-1,-1,-1,-1,measurement,native_mmwave_sinr_report
0.761,16,12,mmwave,4,4.22157,4,4.22157,0,-5,false,-1,-1,-1,-1,measurement,native_mmwave_sinr_report
0.761,17,14,mmwave,4,3.4366,4,3.4366,0,-5,false,-1,-1,-1,-1,measurement,native_mmwave_sinr_report
0.761,18,2,mmwave,4,1.5584,4,1.5584,0,-5,false,-1,-1,-1,-1,measurement,native_mmwave_sinr_report
0.761,19,7,mmwave,4,0.927953,4,0.927953,0,-5,false,-1,-1,-1,-1,measurement,native_mmwave_sinr_report
0.761,20,19,mmwave,4,-0.295668,4,-0.295668,0,-5,false,-1,-1,-1,-1,measurement,native_mmwave_sinr_report
0.7626,16,12,mmwave,4,4.22308,4,4.22308,0,-5,false,-1,-1,-1,-1,measurement,native_mmwave_sinr_report
0.7626,17,14,mmwave,4,3.43879,4,3.43879,0,-5,false,-1,-1,-1,-1,measurement,native_mmwave_sinr_report
0.7626,18,2,mmwave,4,1.55947,4,1.55947,0,-5,false,-1,-1,-1,-1,measurement,native_mmwave_sinr_report
0.7626,19,7,mmwave,4,0.929751,4,0.929751,0,-5,false,-1,-1,-1,-1,measurement,native_mmwave_sinr_report
0.7626,20,19,mmwave,4,-0.29399,4,-0.29399,0,-5,false,-1,-1,-1,-1,measurement,native_mmwave_sinr_report
0.7642,16,12,mmwave,4,4.22458,4,4.22458,0,-5,false,-1,-1,-1,-1,measurement,native_mmwave_sinr_report
0.7642,17,14,mmwave,4,3.44097,4,3.44097,0,-5,false,-1,-1,-1,-1,measurement,native_mmwave_sinr_report
0.7642,18,2,mmwave,4,1.56054,4,1.56054,0,-5,false,-1,-1,-1,-1,measurement,native_mmwave_sinr_report
0.7642,19,7,mmwave,4,0.931549,4,0.931549,0,-5,false,-1,-1,-1,-1,measurement,native_mmwave_sinr_report
0.7642,20,19,mmwave,4,-0.292311,4,-0.292311,0,-5,false,-1,-1,-1,-1,measurement,native_mmwave_sinr_report
0.7658,16,12,mmwave,4,4.22608,4,4.22608,0,-5,false,-1,-1,-1,-1,measurement,native_mmwave_sinr_report
0.7658,17,14,mmwave,4,3.44316,4,3.44316,0,-5,false,-1,-1,-1,-1,measurement,native_mmwave_sinr_report
0.7658,18,2,mmwave,4,1.56161,4,1.56161,0,-5,false,-1,-1,-1,-1,measurement,native_mmwave_sinr_report
0.7658,19,7,mmwave,4,0.933347,4,0.933347,0,-5,false,-1,-1,-1,-1,measurement,native_mmwave_sinr_report
0.7658,20,19,mmwave,4,-0.290633,4,-0.290633,0,-5,false,-1,-1,-1,-1,measurement,native_mmwave_sinr_report
0.7674,16,12,mmwave,4,4.22759,4,4.22759,0,-5,false,-1,-1,-1,-1,measurement,native_mmwave_sinr_report
0.7674,17,14,mmwave,4,3.44534,4,3.44534,0,-5,false,-1,-1,-1,-1,measurement,native_mmwave_sinr_report
0.7674,18,2,mmwave,4,1.56268,4,1.56268,0,-5,false,-1,-1,-1,-1,measurement,native_mmwave_sinr_report
0.7674,19,7,mmwave,4,0.935145,4,0.935145,0,-5,false,-1,-1,-1,-1,measurement,native_mmwave_sinr_report
0.7674,20,19,mmwave,4,-0.288954,4,-0.288954,0,-5,false,-1,-1,-1,-1,measurement,native_mmwave_sinr_report
0.769,16,12,mmwave,4,4.22909,4,4.22909,0,-5,false,-1,-1,-1,-1,measurement,native_mmwave_sinr_report
0.769,17,14,mmwave,4,3.44753,4,3.44753,0,-5,false,-1,-1,-1,-1,measurement,native_mmwave_sinr_report
0.769,18,2,mmwave,4,1.56376,4,1.56376,0,-5,false,-1,-1,-1,-1,measurement,native_mmwave_sinr_report
0.769,19,7,mmwave,4,0.936944,4,0.936944,0,-5,false,-1,-1,-1,-1,measurement,native_mmwave_sinr_report
0.769,20,19,mmwave,4,-0.287275,4,-0.287275,0,-5,false,-1,-1,-1,-1,measurement,native_mmwave_sinr_report
0.7706,16,12,mmwave,4,4.2306,4,4.2306,0,-5,false,-1,-1,-1,-1,measurement,native_mmwave_sinr_report
0.7706,17,14,mmwave,4,3.44971,4,3.44971,0,-5,false,-1,-1,-1,-1,measurement,native_mmwave_sinr_report
0.7706,18,2,mmwave,4,1.56483,4,1.56483,0,-5,false,-1,-1,-1,-1,measurement,native_mmwave_sinr_report
0.7706,19,7,mmwave,4,0.938743,4,0.938743,0,-5,false,-1,-1,-1,-1,measurement,native_mmwave_sinr_report
0.7706,20,19,mmwave,4,-0.285596,4,-0.285596,0,-5,false,-1,-1,-1,-1,measurement,native_mmwave_sinr_report
0.7722,16,12,mmwave,4,4.2321,4,4.2321,0,-5,false,-1,-1,-1,-1,measurement,native_mmwave_sinr_report
0.7722,17,14,mmwave,4,3.4519,4,3.4519,0,-5,false,-1,-1,-1,-1,measurement,native_mmwave_sinr_report
0.7722,18,2,mmwave,4,1.5659,4,1.5659,0,-5,false,-1,-1,-1,-1,measurement,native_mmwave_sinr_report
0.7722,19,7,mmwave,4,0.940542,4,0.940542,0,-5,false,-1,-1,-1,-1,measurement,native_mmwave_sinr_report
0.7722,20,19,mmwave,4,-0.283916,4,-0.283916,0,-5,false,-1,-1,-1,-1,measurement,native_mmwave_sinr_report
0.7738,16,12,mmwave,4,4.2336,4,4.2336,0,-5,false,-1,-1,-1,-1,measurement,native_mmwave_sinr_report
0.7738,17,14,mmwave,4,3.45408,4,3.45408,0,-5,false,-1,-1,-1,-1,measurement,native_mmwave_sinr_report
0.7738,18,2,mmwave,4,1.56697,4,1.56697,0,-5,false,-1,-1,-1,-1,measurement,native_mmwave_sinr_report
0.7738,19,7,mmwave,4,0.942341,4,0.942341,0,-5,false,-1,-1,-1,-1,measurement,native_mmwave_sinr_report
0.7738,20,19,mmwave,4,-0.282237,4,-0.282237,0,-5,false,-1,-1,-1,-1,measurement,native_mmwave_sinr_report
0.7754,16,12,mmwave,4,4.23511,4,4.23511,0,-5,false,-1,-1,-1,-1,measurement,native_mmwave_sinr_report
0.7754,17,14,mmwave,4,3.45627,4,3.45627,0,-5,false,-1,-1,-1,-1,measurement,native_mmwave_sinr_report
0.7754,18,2,mmwave,4,1.56804,4,1.56804,0,-5,false,-1,-1,-1,-1,measurement,native_mmwave_sinr_report
0.7754,19,7,mmwave,4,0.944141,4,0.944141,0,-5,false,-1,-1,-1,-1,measurement,native_mmwave_sinr_report
0.7754,20,19,mmwave,4,-0.280557,4,-0.280557,0,-5,false,-1,-1,-1,-1,measurement,native_mmwave_sinr_report
0.777,16,12,mmwave,4,4.23661,4,4.23661,0,-5,false,-1,-1,-1,-1,measurement,native_mmwave_sinr_report
0.777,17,14,mmwave,4,3.45846,4,3.45846,0,-5,false,-1,-1,-1,-1,measurement,native_mmwave_sinr_report
0.777,18,2,mmwave,4,1.56912,4,1.56912,0,-5,false,-1,-1,-1,-1,measurement,native_mmwave_sinr_report
0.777,19,7,mmwave,4,0.94594,4,0.94594,0,-5,false,-1,-1,-1,-1,measurement,native_mmwave_sinr_report
0.777,20,19,mmwave,4,-0.278877,4,-0.278877,0,-5,false,-1,-1,-1,-1,measurement,native_mmwave_sinr_report
0.7786,16,12,mmwave,4,4.23812,4,4.23812,0,-5,false,-1,-1,-1,-1,measurement,native_mmwave_sinr_report
0.7786,17,14,mmwave,4,3.46064,4,3.46064,0,-5,false,-1,-1,-1,-1,measurement,native_mmwave_sinr_report
0.7786,18,2,mmwave,4,1.57019,4,1.57019,0,-5,false,-1,-1,-1,-1,measurement,native_mmwave_sinr_report
0.7786,19,7,mmwave,4,0.94774,4,0.94774,0,-5,false,-1,-1,-1,-1,measurement,native_mmwave_sinr_report
0.7786,20,19,mmwave,4,-0.277197,4,-0.277197,0,-5,false,-1,-1,-1,-1,measurement,native_mmwave_sinr_report
0.7802,16,12,mmwave,4,4.23962,4,4.23962,0,-5,false,-1,-1,-1,-1,measurement,native_mmwave_sinr_report
0.7802,17,14,mmwave,4,3.46283,4,3.46283,0,-5,false,-1,-1,-1,-1,measurement,native_mmwave_sinr_report
0.7802,18,2,mmwave,4,1.57126,4,1.57126,0,-5,false,-1,-1,-1,-1,measurement,native_mmwave_sinr_report
0.7802,19,7,mmwave,4,0.94954,4,0.94954,0,-5,false,-1,-1,-1,-1,measurement,native_mmwave_sinr_report
0.7802,20,19,mmwave,4,-0.275517,4,-0.275517,0,-5,false,-1,-1,-1,-1,measurement,native_mmwave_sinr_report
0.7818,16,12,mmwave,4,4.24113,4,4.24113,0,-5,false,-1,-1,-1,-1,measurement,native_mmwave_sinr_report
0.7818,17,14,mmwave,4,3.46502,4,3.46502,0,-5,false,-1,-1,-1,-1,measurement,native_mmwave_sinr_report
0.7818,18,2,mmwave,4,1.57233,4,1.57233,0,-5,false,-1,-1,-1,-1,measurement,native_mmwave_sinr_report
0.7818,19,7,mmwave,4,0.951341,4,0.951341,0,-5,false,-1,-1,-1,-1,measurement,native_mmwave_sinr_report
0.7818,20,19,mmwave,4,-0.273836,4,-0.273836,0,-5,false,-1,-1,-1,-1,measurement,native_mmwave_sinr_report
0.7834,16,12,mmwave,4,4.24263,4,4.24263,0,-5,false,-1,-1,-1,-1,measurement,native_mmwave_sinr_report
0.7834,17,14,mmwave,4,3.46721,4,3.46721,0,-5,false,-1,-1,-1,-1,measurement,native_mmwave_sinr_report
0.7834,18,2,mmwave,4,1.5734,4,1.5734,0,-5,false,-1,-1,-1,-1,measurement,native_mmwave_sinr_report
0.7834,19,7,mmwave,4,0.953141,4,0.953141,0,-5,false,-1,-1,-1,-1,measurement,native_mmwave_sinr_report
0.7834,20,19,mmwave,4,-0.272156,4,-0.272156,0,-5,false,-1,-1,-1,-1,measurement,native_mmwave_sinr_report
0.785,16,12,mmwave,4,4.24414,4,4.24414,0,-5,false,-1,-1,-1,-1,measurement,native_mmwave_sinr_report
0.785,17,14,mmwave,4,3.46939,4,3.46939,0,-5,false,-1,-1,-1,-1,measurement,native_mmwave_sinr_report
0.785,18,2,mmwave,4,1.57448,4,1.57448,0,-5,false,-1,-1,-1,-1,measurement,native_mmwave_sinr_report
0.785,19,7,mmwave,4,0.954942,4,0.954942,0,-5,false,-1,-1,-1,-1,measurement,native_mmwave_sinr_report
0.785,20,19,mmwave,4,-0.270475,4,-0.270475,0,-5,false,-1,-1,-1,-1,measurement,native_mmwave_sinr_report
0.7866,16,12,mmwave,4,4.24564,4,4.24564,0,-5,false,-1,-1,-1,-1,measurement,native_mmwave_sinr_report
0.7866,17,14,mmwave,4,3.47158,4,3.47158,0,-5,false,-1,-1,-1,-1,measurement,native_mmwave_sinr_report
0.7866,18,2,mmwave,4,1.57555,4,1.57555,0,-5,false,-1,-1,-1,-1,measurement,native_mmwave_sinr_report
0.7866,19,7,mmwave,4,0.956743,4,0.956743,0,-5,false,-1,-1,-1,-1,measurement,native_mmwave_sinr_report
0.7866,20,19,mmwave,4,-0.268794,4,-0.268794,0,-5,false,-1,-1,-1,-1,measurement,native_mmwave_sinr_report
0.7882,16,12,mmwave,4,4.24715,4,4.24715,0,-5,false,-1,-1,-1,-1,measurement,native_mmwave_sinr_report
0.7882,17,14,mmwave,4,3.47377,4,3.47377,0,-5,false,-1,-1,-1,-1,measurement,native_mmwave_sinr_report
0.7882,18,2,mmwave,4,1.57662,4,1.57662,0,-5,false,-1,-1,-1,-1,measurement,native_mmwave_sinr_report
0.7882,19,7,mmwave,4,0.958544,4,0.958544,0,-5,false,-1,-1,-1,-1,measurement,native_mmwave_sinr_report
0.7882,20,19,mmwave,4,-0.267112,4,-0.267112,0,-5,false,-1,-1,-1,-1,measurement,native_mmwave_sinr_report
0.7898,16,12,mmwave,4,4.24865,4,4.24865,0,-5,false,-1,-1,-1,-1,measurement,native_mmwave_sinr_report
0.7898,17,14,mmwave,4,3.47596,4,3.47596,0,-5,false,-1,-1,-1,-1,measurement,native_mmwave_sinr_report
0.7898,18,2,mmwave,4,1.57769,4,1.57769,0,-5,false,-1,-1,-1,-1,measurement,native_mmwave_sinr_report
0.7898,19,7,mmwave,4,0.960345,4,0.960345,0,-5,false,-1,-1,-1,-1,measurement,native_mmwave_sinr_report
0.7898,20,19,mmwave,4,-0.265431,4,-0.265431,0,-5,false,-1,-1,-1,-1,measurement,native_mmwave_sinr_report
0.7914,16,12,mmwave,4,4.25016,4,4.25016,0,-5,false,-1,-1,-1,-1,measurement,native_mmwave_sinr_report
0.7914,17,14,mmwave,4,3.47815,4,3.47815,0,-5,false,-1,-1,-1,-1,measurement,native_mmwave_sinr_report
0.7914,18,2,mmwave,4,1.57877,4,1.57877,0,-5,false,-1,-1,-1,-1,measurement,native_mmwave_sinr_report
0.7914,19,7,mmwave,4,0.962147,4,0.962147,0,-5,false,-1,-1,-1,-1,measurement,native_mmwave_sinr_report
0.7914,20,19,mmwave,4,-0.26375,4,-0.26375,0,-5,false,-1,-1,-1,-1,measurement,native_mmwave_sinr_report
0.793,16,12,mmwave,4,4.25167,4,4.25167,0,-5,false,-1,-1,-1,-1,measurement,native_mmwave_sinr_report
0.793,17,14,mmwave,4,3.48034,4,3.48034,0,-5,false,-1,-1,-1,-1,measurement,native_mmwave_sinr_report
0.793,18,2,mmwave,4,1.57984,4,1.57984,0,-5,false,-1,-1,-1,-1,measurement,native_mmwave_sinr_report
0.793,19,7,mmwave,4,0.963949,4,0.963949,0,-5,false,-1,-1,-1,-1,measurement,native_mmwave_sinr_report
0.793,20,19,mmwave,4,-0.262068,4,-0.262068,0,-5,false,-1,-1,-1,-1,measurement,native_mmwave_sinr_report
0.7946,16,12,mmwave,4,4.25317,4,4.25317,0,-5,false,-1,-1,-1,-1,measurement,native_mmwave_sinr_report
0.7946,17,14,mmwave,4,3.48253,4,3.48253,0,-5,false,-1,-1,-1,-1,measurement,native_mmwave_sinr_report
0.7946,18,2,mmwave,4,1.58091,4,1.58091,0,-5,false,-1,-1,-1,-1,measurement,native_mmwave_sinr_report
0.7946,19,7,mmwave,4,0.965751,4,0.965751,0,-5,false,-1,-1,-1,-1,measurement,native_mmwave_sinr_report
0.7946,20,19,mmwave,4,-0.260386,4,-0.260386,0,-5,false,-1,-1,-1,-1,measurement,native_mmwave_sinr_report
0.7962,16,12,mmwave,4,4.25468,4,4.25468,0,-5,false,-1,-1,-1,-1,measurement,native_mmwave_sinr_report
0.7962,17,14,mmwave,4,3.48472,4,3.48472,0,-5,false,-1,-1,-1,-1,measurement,native_mmwave_sinr_report
0.7962,18,2,mmwave,4,1.58198,4,1.58198,0,-5,false,-1,-1,-1,-1,measurement,native_mmwave_sinr_report
0.7962,19,7,mmwave,4,0.967553,4,0.967553,0,-5,false,-1,-1,-1,-1,measurement,native_mmwave_sinr_report
0.7962,20,19,mmwave,4,-0.258704,4,-0.258704,0,-5,false,-1,-1,-1,-1,measurement,native_mmwave_sinr_report
0.7978,16,12,mmwave,4,4.25618,4,4.25618,0,-5,false,-1,-1,-1,-1,measurement,native_mmwave_sinr_report
0.7978,17,14,mmwave,4,3.48691,4,3.48691,0,-5,false,-1,-1,-1,-1,measurement,native_mmwave_sinr_report
0.7978,18,2,mmwave,4,1.58306,4,1.58306,0,-5,false,-1,-1,-1,-1,measurement,native_mmwave_sinr_report
0.7978,19,7,mmwave,4,0.969355,4,0.969355,0,-5,false,-1,-1,-1,-1,measurement,native_mmwave_sinr_report
0.7978,20,19,mmwave,4,-0.257021,4,-0.257021,0,-5,false,-1,-1,-1,-1,measurement,native_mmwave_sinr_report
0.7994,16,12,mmwave,4,4.25769,4,4.25769,0,-5,false,-1,-1,-1,-1,measurement,native_mmwave_sinr_report
0.7994,17,14,mmwave,4,3.4891,4,3.4891,0,-5,false,-1,-1,-1,-1,measurement,native_mmwave_sinr_report
0.7994,18,2,mmwave,4,1.58413,4,1.58413,0,-5,false,-1,-1,-1,-1,measurement,native_mmwave_sinr_report
0.7994,19,7,mmwave,4,0.971158,4,0.971158,0,-5,false,-1,-1,-1,-1,measurement,native_mmwave_sinr_report
0.7994,20,19,mmwave,4,-0.255339,4,-0.255339,0,-5,false,-1,-1,-1,-1,measurement,native_mmwave_sinr_report
0.801,16,12,mmwave,4,4.2592,4,4.2592,0,-5,false,-1,-1,-1,-1,measurement,native_mmwave_sinr_report
0.801,17,14,mmwave,4,3.49129,4,3.49129,0,-5,false,-1,-1,-1,-1,measurement,native_mmwave_sinr_report
0.801,18,2,mmwave,4,1.5852,4,1.5852,0,-5,false,-1,-1,-1,-1,measurement,native_mmwave_sinr_report
0.801,19,7,mmwave,4,0.972961,4,0.972961,0,-5,false,-1,-1,-1,-1,measurement,native_mmwave_sinr_report
0.801,20,19,mmwave,4,-0.253656,4,-0.253656,0,-5,false,-1,-1,-1,-1,measurement,native_mmwave_sinr_report
0.8026,16,12,mmwave,4,4.2607,4,4.2607,0,-5,false,-1,-1,-1,-1,measurement,native_mmwave_sinr_report
0.8026,17,14,mmwave,4,3.49348,4,3.49348,0,-5,false,-1,-1,-1,-1,measurement,native_mmwave_sinr_report
0.8026,18,2,mmwave,4,1.58627,4,1.58627,0,-5,false,-1,-1,-1,-1,measurement,native_mmwave_sinr_report
0.8026,19,7,mmwave,4,0.974764,4,0.974764,0,-5,false,-1,-1,-1,-1,measurement,native_mmwave_sinr_report
0.8026,20,19,mmwave,4,-0.251974,4,-0.251974,0,-5,false,-1,-1,-1,-1,measurement,native_mmwave_sinr_report
0.8042,16,12,mmwave,4,4.26221,4,4.26221,0,-5,false,-1,-1,-1,-1,measurement,native_mmwave_sinr_report
0.8042,17,14,mmwave,4,3.49568,4,3.49568,0,-5,false,-1,-1,-1,-1,measurement,native_mmwave_sinr_report
0.8042,18,2,mmwave,4,1.58735,4,1.58735,0,-5,false,-1,-1,-1,-1,measurement,native_mmwave_sinr_report
0.8042,19,7,mmwave,4,0.976567,4,0.976567,0,-5,false,-1,-1,-1,-1,measurement,native_mmwave_sinr_report
0.8042,20,19,mmwave,4,-0.250291,4,-0.250291,0,-5,false,-1,-1,-1,-1,measurement,native_mmwave_sinr_report
0.8058,16,12,mmwave,4,4.26372,4,4.26372,0,-5,false,-1,-1,-1,-1,measurement,native_mmwave_sinr_report
0.8058,17,14,mmwave,4,3.49787,4,3.49787,0,-5,false,-1,-1,-1,-1,measurement,native_mmwave_sinr_report
0.8058,18,2,mmwave,4,1.58842,4,1.58842,0,-5,false,-1,-1,-1,-1,measurement,native_mmwave_sinr_report
0.8058,19,7,mmwave,4,0.97837,4,0.97837,0,-5,false,-1,-1,-1,-1,measurement,native_mmwave_sinr_report
0.8058,20,19,mmwave,4,-0.248607,4,-0.248607,0,-5,false,-1,-1,-1,-1,measurement,native_mmwave_sinr_report
0.8074,16,12,mmwave,4,4.26522,4,4.26522,0,-5,false,-1,-1,-1,-1,measurement,native_mmwave_sinr_report
0.8074,17,14,mmwave,4,3.50006,4,3.50006,0,-5,false,-1,-1,-1,-1,measurement,native_mmwave_sinr_report
0.8074,18,2,mmwave,4,1.58949,4,1.58949,0,-5,false,-1,-1,-1,-1,measurement,native_mmwave_sinr_report
0.8074,19,7,mmwave,4,0.980174,4,0.980174,0,-5,false,-1,-1,-1,-1,measurement,native_mmwave_sinr_report
0.8074,20,19,mmwave,4,-0.246924,4,-0.246924,0,-5,false,-1,-1,-1,-1,measurement,native_mmwave_sinr_report
0.809,16,12,mmwave,4,4.26673,4,4.26673,0,-5,false,-1,-1,-1,-1,measurement,native_mmwave_sinr_report
0.809,17,14,mmwave,4,3.50225,4,3.50225,0,-5,false,-1,-1,-1,-1,measurement,native_mmwave_sinr_report
0.809,18,2,mmwave,4,1.59057,4,1.59057,0,-5,false,-1,-1,-1,-1,measurement,native_mmwave_sinr_report
0.809,19,7,mmwave,4,0.981978,4,0.981978,0,-5,false,-1,-1,-1,-1,measurement,native_mmwave_sinr_report
0.809,20,19,mmwave,4,-0.24524,4,-0.24524,0,-5,false,-1,-1,-1,-1,measurement,native_mmwave_sinr_report
0.8106,16,12,mmwave,4,4.26824,4,4.26824,0,-5,false,-1,-1,-1,-1,measurement,native_mmwave_sinr_report
0.8106,17,14,mmwave,4,3.50445,4,3.50445,0,-5,false,-1,-1,-1,-1,measurement,native_mmwave_sinr_report
0.8106,18,2,mmwave,4,1.59164,4,1.59164,0,-5,false,-1,-1,-1,-1,measurement,native_mmwave_sinr_report
0.8106,19,7,mmwave,4,0.983782,4,0.983782,0,-5,false,-1,-1,-1,-1,measurement,native_mmwave_sinr_report
0.8106,20,19,mmwave,4,-0.243557,4,-0.243557,0,-5,false,-1,-1,-1,-1,measurement,native_mmwave_sinr_report
0.8122,16,12,mmwave,4,4.26975,4,4.26975,0,-5,false,-1,-1,-1,-1,measurement,native_mmwave_sinr_report
0.8122,17,14,mmwave,4,3.50664,4,3.50664,0,-5,false,-1,-1,-1,-1,measurement,native_mmwave_sinr_report
0.8122,18,2,mmwave,4,1.59271,4,1.59271,0,-5,false,-1,-1,-1,-1,measurement,native_mmwave_sinr_report
0.8122,19,7,mmwave,4,0.985586,4,0.985586,0,-5,false,-1,-1,-1,-1,measurement,native_mmwave_sinr_report
0.8122,20,19,mmwave,4,-0.241873,4,-0.241873,0,-5,false,-1,-1,-1,-1,measurement,native_mmwave_sinr_report
0.8138,16,12,mmwave,4,4.27125,4,4.27125,0,-5,false,-1,-1,-1,-1,measurement,native_mmwave_sinr_report
0.8138,17,14,mmwave,4,3.50883,4,3.50883,0,-5,false,-1,-1,-1,-1,measurement,native_mmwave_sinr_report
0.8138,18,2,mmwave,4,1.59379,4,1.59379,0,-5,false,-1,-1,-1,-1,measurement,native_mmwave_sinr_report
0.8138,19,7,mmwave,4,0.987391,4,0.987391,0,-5,false,-1,-1,-1,-1,measurement,native_mmwave_sinr_report
0.8138,20,19,mmwave,4,-0.240189,4,-0.240189,0,-5,false,-1,-1,-1,-1,measurement,native_mmwave_sinr_report
0.8154,16,12,mmwave,4,4.27276,4,4.27276,0,-5,false,-1,-1,-1,-1,measurement,native_mmwave_sinr_report
0.8154,17,14,mmwave,4,3.51103,4,3.51103,0,-5,false,-1,-1,-1,-1,measurement,native_mmwave_sinr_report
0.8154,18,2,mmwave,4,1.59486,4,1.59486,0,-5,false,-1,-1,-1,-1,measurement,native_mmwave_sinr_report
0.8154,19,7,mmwave,4,0.989196,4,0.989196,0,-5,false,-1,-1,-1,-1,measurement,native_mmwave_sinr_report
0.8154,20,19,mmwave,4,-0.238504,4,-0.238504,0,-5,false,-1,-1,-1,-1,measurement,native_mmwave_sinr_report
0.817,16,12,mmwave,4,4.27427,4,4.27427,0,-5,false,-1,-1,-1,-1,measurement,native_mmwave_sinr_report
0.817,17,14,mmwave,4,3.51322,4,3.51322,0,-5,false,-1,-1,-1,-1,measurement,native_mmwave_sinr_report
0.817,18,2,mmwave,4,1.59594,4,1.59594,0,-5,false,-1,-1,-1,-1,measurement,native_mmwave_sinr_report
0.817,19,7,mmwave,4,0.991001,4,0.991001,0,-5,false,-1,-1,-1,-1,measurement,native_mmwave_sinr_report
0.817,20,19,mmwave,4,-0.23682,4,-0.23682,0,-5,false,-1,-1,-1,-1,measurement,native_mmwave_sinr_report
0.8186,16,12,mmwave,4,4.27578,4,4.27578,0,-5,false,-1,-1,-1,-1,measurement,native_mmwave_sinr_report
0.8186,17,14,mmwave,4,3.51542,4,3.51542,0,-5,false,-1,-1,-1,-1,measurement,native_mmwave_sinr_report
0.8186,18,2,mmwave,4,1.59701,4,1.59701,0,-5,false,-1,-1,-1,-1,measurement,native_mmwave_sinr_report
0.8186,19,7,mmwave,4,0.992806,4,0.992806,0,-5,false,-1,-1,-1,-1,measurement,native_mmwave_sinr_report
0.8186,20,19,mmwave,4,-0.235135,4,-0.235135,0,-5,false,-1,-1,-1,-1,measurement,native_mmwave_sinr_report
0.8202,16,12,mmwave,4,4.27729,4,4.27729,0,-5,false,-1,-1,-1,-1,measurement,native_mmwave_sinr_report
0.8202,17,14,mmwave,4,3.51761,4,3.51761,0,-5,false,-1,-1,-1,-1,measurement,native_mmwave_sinr_report
0.8202,18,2,mmwave,4,1.59808,4,1.59808,0,-5,false,-1,-1,-1,-1,measurement,native_mmwave_sinr_report
0.8202,19,7,mmwave,4,0.994611,4,0.994611,0,-5,false,-1,-1,-1,-1,measurement,native_mmwave_sinr_report
0.8202,20,19,mmwave,4,-0.233451,4,-0.233451,0,-5,false,-1,-1,-1,-1,measurement,native_mmwave_sinr_report
0.8218,16,12,mmwave,4,4.2788,4,4.2788,0,-5,false,-1,-1,-1,-1,measurement,native_mmwave_sinr_report
0.8218,17,14,mmwave,4,3.51981,4,3.51981,0,-5,false,-1,-1,-1,-1,measurement,native_mmwave_sinr_report
0.8218,18,2,mmwave,4,1.59916,4,1.59916,0,-5,false,-1,-1,-1,-1,measurement,native_mmwave_sinr_report
0.8218,19,7,mmwave,4,0.996417,4,0.996417,0,-5,false,-1,-1,-1,-1,measurement,native_mmwave_sinr_report
0.8218,20,19,mmwave,4,-0.231766,4,-0.231766,0,-5,false,-1,-1,-1,-1,measurement,native_mmwave_sinr_report
0.8234,16,12,mmwave,4,4.2803,4,4.2803,0,-5,false,-1,-1,-1,-1,measurement,native_mmwave_sinr_report
0.8234,17,14,mmwave,4,3.522,4,3.522,0,-5,false,-1,-1,-1,-1,measurement,native_mmwave_sinr_report
0.8234,18,2,mmwave,4,1.60023,4,1.60023,0,-5,false,-1,-1,-1,-1,measurement,native_mmwave_sinr_report
0.8234,19,7,mmwave,4,0.998223,4,0.998223,0,-5,false,-1,-1,-1,-1,measurement,native_mmwave_sinr_report
0.8234,20,19,mmwave,4,-0.23008,4,-0.23008,0,-5,false,-1,-1,-1,-1,measurement,native_mmwave_sinr_report
0.825,16,12,mmwave,4,4.28181,4,4.28181,0,-5,false,-1,-1,-1,-1,measurement,native_mmwave_sinr_report
0.825,17,14,mmwave,4,3.5242,4,3.5242,0,-5,false,-1,-1,-1,-1,measurement,native_mmwave_sinr_report
0.825,18,2,mmwave,4,1.6013,4,1.6013,0,-5,false,-1,-1,-1,-1,measurement,native_mmwave_sinr_report
0.825,19,7,mmwave,4,1.00003,4,1.00003,0,-5,false,-1,-1,-1,-1,measurement,native_mmwave_sinr_report
0.825,20,19,mmwave,4,-0.228395,4,-0.228395,0,-5,false,-1,-1,-1,-1,measurement,native_mmwave_sinr_report
0.8266,16,12,mmwave,4,4.28332,4,4.28332,0,-5,false,-1,-1,-1,-1,measurement,native_mmwave_sinr_report
0.8266,17,14,mmwave,4,3.5264,4,3.5264,0,-5,false,-1,-1,-1,-1,measurement,native_mmwave_sinr_report
0.8266,18,2,mmwave,4,1.60238,4,1.60238,0,-5,false,-1,-1,-1,-1,measurement,native_mmwave_sinr_report
0.8266,19,7,mmwave,4,1.00183,4,1.00183,0,-5,false,-1,-1,-1,-1,measurement,native_mmwave_sinr_report
0.8266,20,19,mmwave,4,-0.226709,4,-0.226709,0,-5,false,-1,-1,-1,-1,measurement,native_mmwave_sinr_report
0.8282,16,12,mmwave,4,4.28483,4,4.28483,0,-5,false,-1,-1,-1,-1,measurement,native_mmwave_sinr_report
0.8282,17,14,mmwave,4,3.52859,4,3.52859,0,-5,false,-1,-1,-1,-1,measurement,native_mmwave_sinr_report
0.8282,18,2,mmwave,4,1.60345,4,1.60345,0,-5,false,-1,-1,-1,-1,measurement,native_mmwave_sinr_report
0.8282,19,7,mmwave,4,1.00364,4,1.00364,0,-5,false,-1,-1,-1,-1,measurement,native_mmwave_sinr_report
0.8282,20,19,mmwave,4,-0.225024,4,-0.225024,0,-5,false,-1,-1,-1,-1,measurement,native_mmwave_sinr_report
0.8298,16,12,mmwave,4,4.28634,4,4.28634,0,-5,false,-1,-1,-1,-1,measurement,native_mmwave_sinr_report
0.8298,17,14,mmwave,4,3.53079,4,3.53079,0,-5,false,-1,-1,-1,-1,measurement,native_mmwave_sinr_report
0.8298,18,2,mmwave,4,1.60453,4,1.60453,0,-5,false,-1,-1,-1,-1,measurement,native_mmwave_sinr_report
0.8298,19,7,mmwave,4,1.00545,4,1.00545,0,-5,false,-1,-1,-1,-1,measurement,native_mmwave_sinr_report
0.8298,20,19,mmwave,4,-0.223338,4,-0.223338,0,-5,false,-1,-1,-1,-1,measurement,native_mmwave_sinr_report
0.8314,16,12,mmwave,4,4.28785,4,4.28785,0,-5,false,-1,-1,-1,-1,measurement,native_mmwave_sinr_report
0.8314,17,14,mmwave,4,3.53299,4,3.53299,0,-5,false,-1,-1,-1,-1,measurement,native_mmwave_sinr_report
0.8314,18,2,mmwave,4,1.6056,4,1.6056,0,-5,false,-1,-1,-1,-1,measurement,native_mmwave_sinr_report
0.8314,19,7,mmwave,4,1.00725,4,1.00725,0,-5,false,-1,-1,-1,-1,measurement,native_mmwave_sinr_report
0.8314,20,19,mmwave,4,-0.221652,4,-0.221652,0,-5,false,-1,-1,-1,-1,measurement,native_mmwave_sinr_report
0.833,16,12,mmwave,4,4.28936,4,4.28936,0,-5,false,-1,-1,-1,-1,measurement,native_mmwave_sinr_report
0.833,17,14,mmwave,4,3.53519,4,3.53519,0,-5,false,-1,-1,-1,-1,measurement,native_mmwave_sinr_report
0.833,18,2,mmwave,4,1.60668,4,1.60668,0,-5,false,-1,-1,-1,-1,measurement,native_mmwave_sinr_report
0.833,19,7,mmwave,4,1.00906,4,1.00906,0,-5,false,-1,-1,-1,-1,measurement,native_mmwave_sinr_report
0.833,20,19,mmwave,4,-0.219965,4,-0.219965,0,-5,false,-1,-1,-1,-1,measurement,native_mmwave_sinr_report
0.8346,16,12,mmwave,4,4.29087,4,4.29087,0,-5,false,-1,-1,-1,-1,measurement,native_mmwave_sinr_report
0.8346,17,14,mmwave,4,3.53738,4,3.53738,0,-5,false,-1,-1,-1,-1,measurement,native_mmwave_sinr_report
0.8346,18,2,mmwave,4,1.60775,4,1.60775,0,-5,false,-1,-1,-1,-1,measurement,native_mmwave_sinr_report
0.8346,19,7,mmwave,4,1.01087,4,1.01087,0,-5,false,-1,-1,-1,-1,measurement,native_mmwave_sinr_report
0.8346,20,19,mmwave,4,-0.218279,4,-0.218279,0,-5,false,-1,-1,-1,-1,measurement,native_mmwave_sinr_report
0.8362,16,12,mmwave,4,4.29238,4,4.29238,0,-5,false,-1,-1,-1,-1,measurement,native_mmwave_sinr_report
0.8362,17,14,mmwave,4,3.53958,4,3.53958,0,-5,false,-1,-1,-1,-1,measurement,native_mmwave_sinr_report
0.8362,18,2,mmwave,4,1.60883,4,1.60883,0,-5,false,-1,-1,-1,-1,measurement,native_mmwave_sinr_report
0.8362,19,7,mmwave,4,1.01268,4,1.01268,0,-5,false,-1,-1,-1,-1,measurement,native_mmwave_sinr_report
0.8362,20,19,mmwave,4,-0.216592,4,-0.216592,0,-5,false,-1,-1,-1,-1,measurement,native_mmwave_sinr_report
0.8378,16,12,mmwave,4,4.29389,4,4.29389,0,-5,false,-1,-1,-1,-1,measurement,native_mmwave_sinr_report
0.8378,17,14,mmwave,4,3.54178,4,3.54178,0,-5,false,-1,-1,-1,-1,measurement,native_mmwave_sinr_report
0.8378,18,2,mmwave,4,1.6099,4,1.6099,0,-5,false,-1,-1,-1,-1,measurement,native_mmwave_sinr_report
0.8378,19,7,mmwave,4,1.01448,4,1.01448,0,-5,false,-1,-1,-1,-1,measurement,native_mmwave_sinr_report
0.8378,20,19,mmwave,4,-0.214906,4,-0.214906,0,-5,false,-1,-1,-1,-1,measurement,native_mmwave_sinr_report
0.8394,16,12,mmwave,4,4.2954,4,4.2954,0,-5,false,-1,-1,-1,-1,measurement,native_mmwave_sinr_report
0.8394,17,14,mmwave,4,3.54398,4,3.54398,0,-5,false,-1,-1,-1,-1,measurement,native_mmwave_sinr_report
0.8394,18,2,mmwave,4,1.61097,4,1.61097,0,-5,false,-1,-1,-1,-1,measurement,native_mmwave_sinr_report
0.8394,19,7,mmwave,4,1.01629,4,1.01629,0,-5,false,-1,-1,-1,-1,measurement,native_mmwave_sinr_report
0.8394,20,19,mmwave,4,-0.213219,4,-0.213219,0,-5,false,-1,-1,-1,-1,measurement,native_mmwave_sinr_report
0.841,16,12,mmwave,4,4.29691,4,4.29691,0,-5,false,-1,-1,-1,-1,measurement,native_mmwave_sinr_report
0.841,17,14,mmwave,4,3.54618,4,3.54618,0,-5,false,-1,-1,-1,-1,measurement,native_mmwave_sinr_report
0.841,18,2,mmwave,4,1.61205,4,1.61205,0,-5,false,-1,-1,-1,-1,measurement,native_mmwave_sinr_report
0.841,19,7,mmwave,4,1.0181,4,1.0181,0,-5,false,-1,-1,-1,-1,measurement,native_mmwave_sinr_report
0.841,20,19,mmwave,4,-0.211531,4,-0.211531,0,-5,false,-1,-1,-1,-1,measurement,native_mmwave_sinr_report
0.8426,16,12,mmwave,4,4.29842,4,4.29842,0,-5,false,-1,-1,-1,-1,measurement,native_mmwave_sinr_report
0.8426,17,14,mmwave,4,3.54838,4,3.54838,0,-5,false,-1,-1,-1,-1,measurement,native_mmwave_sinr_report
0.8426,18,2,mmwave,4,1.61312,4,1.61312,0,-5,false,-1,-1,-1,-1,measurement,native_mmwave_sinr_report
0.8426,19,7,mmwave,4,1.01991,4,1.01991,0,-5,false,-1,-1,-1,-1,measurement,native_mmwave_sinr_report
0.8426,20,19,mmwave,4,-0.209844,4,-0.209844,0,-5,false,-1,-1,-1,-1,measurement,native_mmwave_sinr_report
0.8442,16,12,mmwave,4,4.29993,4,4.29993,0,-5,false,-1,-1,-1,-1,measurement,native_mmwave_sinr_report
0.8442,17,14,mmwave,4,3.55058,4,3.55058,0,-5,false,-1,-1,-1,-1,measurement,native_mmwave_sinr_report
0.8442,18,2,mmwave,4,1.6142,4,1.6142,0,-5,false,-1,-1,-1,-1,measurement,native_mmwave_sinr_report
0.8442,19,7,mmwave,4,1.02172,4,1.02172,0,-5,false,-1,-1,-1,-1,measurement,native_mmwave_sinr_report
0.8442,20,19,mmwave,4,-0.208156,4,-0.208156,0,-5,false,-1,-1,-1,-1,measurement,native_mmwave_sinr_report
0.8458,16,12,mmwave,4,4.30144,4,4.30144,0,-5,false,-1,-1,-1,-1,measurement,native_mmwave_sinr_report
0.8458,17,14,mmwave,4,3.55278,4,3.55278,0,-5,false,-1,-1,-1,-1,measurement,native_mmwave_sinr_report
0.8458,18,2,mmwave,4,1.61527,4,1.61527,0,-5,false,-1,-1,-1,-1,measurement,native_mmwave_sinr_report
0.8458,19,7,mmwave,4,1.02353,4,1.02353,0,-5,false,-1,-1,-1,-1,measurement,native_mmwave_sinr_report
0.8458,20,19,mmwave,4,-0.206469,4,-0.206469,0,-5,false,-1,-1,-1,-1,measurement,native_mmwave_sinr_report
0.8474,16,12,mmwave,4,4.30295,4,4.30295,0,-5,false,-1,-1,-1,-1,measurement,native_mmwave_sinr_report
0.8474,17,14,mmwave,4,3.55498,4,3.55498,0,-5,false,-1,-1,-1,-1,measurement,native_mmwave_sinr_report
0.8474,18,2,mmwave,4,1.61635,4,1.61635,0,-5,false,-1,-1,-1,-1,measurement,native_mmwave_sinr_report
0.8474,19,7,mmwave,4,1.02534,4,1.02534,0,-5,false,-1,-1,-1,-1,measurement,native_mmwave_sinr_report
0.8474,20,19,mmwave,4,-0.204781,4,-0.204781,0,-5,false,-1,-1,-1,-1,measurement,native_mmwave_sinr_report
0.849,16,12,mmwave,4,4.30446,4,4.30446,0,-5,false,-1,-1,-1,-1,measurement,native_mmwave_sinr_report
0.849,17,14,mmwave,4,3.55718,4,3.55718,0,-5,false,-1,-1,-1,-1,measurement,native_mmwave_sinr_report
0.849,18,2,mmwave,4,1.61742,4,1.61742,0,-5,false,-1,-1,-1,-1,measurement,native_mmwave_sinr_report
0.849,19,7,mmwave,4,1.02714,4,1.02714,0,-5,false,-1,-1,-1,-1,measurement,native_mmwave_sinr_report
0.849,20,19,mmwave,4,-0.203093,4,-0.203093,0,-5,false,-1,-1,-1,-1,measurement,native_mmwave_sinr_report
0.8506,16,12,mmwave,4,4.30597,4,4.30597,0,-5,false,-1,-1,-1,-1,measurement,native_mmwave_sinr_report
0.8506,17,14,mmwave,4,3.55938,4,3.55938,0,-5,false,-1,-1,-1,-1,measurement,native_mmwave_sinr_report
0.8506,18,2,mmwave,4,1.6185,4,1.6185,0,-5,false,-1,-1,-1,-1,measurement,native_mmwave_sinr_report
0.8506,19,7,mmwave,4,1.02895,4,1.02895,0,-5,false,-1,-1,-1,-1,measurement,native_mmwave_sinr_report
0.8506,20,19,mmwave,4,-0.201405,4,-0.201405,0,-5,false,-1,-1,-1,-1,measurement,native_mmwave_sinr_report
0.8522,16,12,mmwave,4,4.30748,4,4.30748,0,-5,false,-1,-1,-1,-1,measurement,native_mmwave_sinr_report
0.8522,17,14,mmwave,4,3.56158,4,3.56158,0,-5,false,-1,-1,-1,-1,measurement,native_mmwave_sinr_report
0.8522,18,2,mmwave,4,1.61957,4,1.61957,0,-5,false,-1,-1,-1,-1,measurement,native_mmwave_sinr_report
0.8522,19,7,mmwave,4,1.03076,4,1.03076,0,-5,false,-1,-1,-1,-1,measurement,native_mmwave_sinr_report
0.8522,20,19,mmwave,4,-0.199716,4,-0.199716,0,-5,false,-1,-1,-1,-1,measurement,native_mmwave_sinr_report
0.8538,16,12,mmwave,4,4.30899,4,4.30899,0,-5,false,-1,-1,-1,-1,measurement,native_mmwave_sinr_report
0.8538,17,14,mmwave,4,3.56378,4,3.56378,0,-5,false,-1,-1,-1,-1,measurement,native_mmwave_sinr_report
0.8538,18,2,mmwave,4,1.62065,4,1.62065,0,-5,false,-1,-1,-1,-1,measurement,native_mmwave_sinr_report
0.8538,19,7,mmwave,4,1.03257,4,1.03257,0,-5,false,-1,-1,-1,-1,measurement,native_mmwave_sinr_report
0.8538,20,19,mmwave,4,-0.198027,4,-0.198027,0,-5,false,-1,-1,-1,-1,measurement,native_mmwave_sinr_report
0.8554,16,12,mmwave,4,4.31051,4,4.31051,0,-5,false,-1,-1,-1,-1,measurement,native_mmwave_sinr_report
0.8554,17,14,mmwave,4,3.56598,4,3.56598,0,-5,false,-1,-1,-1,-1,measurement,native_mmwave_sinr_report
0.8554,18,2,mmwave,4,1.62173,4,1.62173,0,-5,false,-1,-1,-1,-1,measurement,native_mmwave_sinr_report
0.8554,19,7,mmwave,4,1.03438,4,1.03438,0,-5,false,-1,-1,-1,-1,measurement,native_mmwave_sinr_report
0.8554,20,19,mmwave,4,-0.196339,4,-0.196339,0,-5,false,-1,-1,-1,-1,measurement,native_mmwave_sinr_report
0.857,16,12,mmwave,4,4.31202,4,4.31202,0,-5,false,-1,-1,-1,-1,measurement,native_mmwave_sinr_report
0.857,17,14,mmwave,4,3.56819,4,3.56819,0,-5,false,-1,-1,-1,-1,measurement,native_mmwave_sinr_report
0.857,18,2,mmwave,4,1.6228,4,1.6228,0,-5,false,-1,-1,-1,-1,measurement,native_mmwave_sinr_report
0.857,19,7,mmwave,4,1.03619,4,1.03619,0,-5,false,-1,-1,-1,-1,measurement,native_mmwave_sinr_report
0.857,20,19,mmwave,4,-0.19465,4,-0.19465,0,-5,false,-1,-1,-1,-1,measurement,native_mmwave_sinr_report
0.8586,16,12,mmwave,4,4.31353,4,4.31353,0,-5,false,-1,-1,-1,-1,measurement,native_mmwave_sinr_report
0.8586,17,14,mmwave,4,3.57039,4,3.57039,0,-5,false,-1,-1,-1,-1,measurement,native_mmwave_sinr_report
0.8586,18,2,mmwave,4,1.62388,4,1.62388,0,-5,false,-1,-1,-1,-1,measurement,native_mmwave_sinr_report
0.8586,19,7,mmwave,4,1.038,4,1.038,0,-5,false,-1,-1,-1,-1,measurement,native_mmwave_sinr_report
0.8586,20,19,mmwave,4,-0.19296,4,-0.19296,0,-5,false,-1,-1,-1,-1,measurement,native_mmwave_sinr_report
0.8602,16,12,mmwave,4,4.31504,4,4.31504,0,-5,false,-1,-1,-1,-1,measurement,native_mmwave_sinr_report
0.8602,17,14,mmwave,4,3.57259,4,3.57259,0,-5,false,-1,-1,-1,-1,measurement,native_mmwave_sinr_report
0.8602,18,2,mmwave,4,1.62495,4,1.62495,0,-5,false,-1,-1,-1,-1,measurement,native_mmwave_sinr_report
0.8602,19,7,mmwave,4,1.03981,4,1.03981,0,-5,false,-1,-1,-1,-1,measurement,native_mmwave_sinr_report
0.8602,20,19,mmwave,4,-0.191271,4,-0.191271,0,-5,false,-1,-1,-1,-1,measurement,native_mmwave_sinr_report
0.8618,16,12,mmwave,4,4.31655,4,4.31655,0,-5,false,-1,-1,-1,-1,measurement,native_mmwave_sinr_report
0.8618,17,14,mmwave,4,3.5748,4,3.5748,0,-5,false,-1,-1,-1,-1,measurement,native_mmwave_sinr_report
0.8618,18,2,mmwave,4,1.62603,4,1.62603,0,-5,false,-1,-1,-1,-1,measurement,native_mmwave_sinr_report
0.8618,19,7,mmwave,4,1.04163,4,1.04163,0,-5,false,-1,-1,-1,-1,measurement,native_mmwave_sinr_report
0.8618,20,19,mmwave,4,-0.189582,4,-0.189582,0,-5,false,-1,-1,-1,-1,measurement,native_mmwave_sinr_report
0.8634,16,12,mmwave,4,4.31807,4,4.31807,0,-5,false,-1,-1,-1,-1,measurement,native_mmwave_sinr_report
0.8634,17,14,mmwave,4,3.577,4,3.577,0,-5,false,-1,-1,-1,-1,measurement,native_mmwave_sinr_report
0.8634,18,2,mmwave,4,1.6271,4,1.6271,0,-5,false,-1,-1,-1,-1,measurement,native_mmwave_sinr_report
0.8634,19,7,mmwave,4,1.04344,4,1.04344,0,-5,false,-1,-1,-1,-1,measurement,native_mmwave_sinr_report
0.8634,20,19,mmwave,4,-0.187892,4,-0.187892,0,-5,false,-1,-1,-1,-1,measurement,native_mmwave_sinr_report
0.865,16,12,mmwave,4,4.31958,4,4.31958,0,-5,false,-1,-1,-1,-1,measurement,native_mmwave_sinr_report
0.865,17,14,mmwave,4,3.5792,4,3.5792,0,-5,false,-1,-1,-1,-1,measurement,native_mmwave_sinr_report
0.865,18,2,mmwave,4,1.62818,4,1.62818,0,-5,false,-1,-1,-1,-1,measurement,native_mmwave_sinr_report
0.865,19,7,mmwave,4,1.04525,4,1.04525,0,-5,false,-1,-1,-1,-1,measurement,native_mmwave_sinr_report
0.865,20,19,mmwave,4,-0.186202,4,-0.186202,0,-5,false,-1,-1,-1,-1,measurement,native_mmwave_sinr_report
0.8666,16,12,mmwave,4,4.32109,4,4.32109,0,-5,false,-1,-1,-1,-1,measurement,native_mmwave_sinr_report
0.8666,17,14,mmwave,4,3.58141,4,3.58141,0,-5,false,-1,-1,-1,-1,measurement,native_mmwave_sinr_report
0.8666,18,2,mmwave,4,1.62926,4,1.62926,0,-5,false,-1,-1,-1,-1,measurement,native_mmwave_sinr_report
0.8666,19,7,mmwave,4,1.04706,4,1.04706,0,-5,false,-1,-1,-1,-1,measurement,native_mmwave_sinr_report
0.8666,20,19,mmwave,4,-0.184512,4,-0.184512,0,-5,false,-1,-1,-1,-1,measurement,native_mmwave_sinr_report
0.8682,16,12,mmwave,4,4.3226,4,4.3226,0,-5,false,-1,-1,-1,-1,measurement,native_mmwave_sinr_report
0.8682,17,14,mmwave,4,3.58361,4,3.58361,0,-5,false,-1,-1,-1,-1,measurement,native_mmwave_sinr_report
0.8682,18,2,mmwave,4,1.63033,4,1.63033,0,-5,false,-1,-1,-1,-1,measurement,native_mmwave_sinr_report
0.8682,19,7,mmwave,4,1.04887,4,1.04887,0,-5,false,-1,-1,-1,-1,measurement,native_mmwave_sinr_report
0.8682,20,19,mmwave,4,-0.182822,4,-0.182822,0,-5,false,-1,-1,-1,-1,measurement,native_mmwave_sinr_report
0.8698,16,12,mmwave,4,4.32412,4,4.32412,0,-5,false,-1,-1,-1,-1,measurement,native_mmwave_sinr_report
0.8698,17,14,mmwave,4,3.58582,4,3.58582,0,-5,false,-1,-1,-1,-1,measurement,native_mmwave_sinr_report
0.8698,18,2,mmwave,4,1.63141,4,1.63141,0,-5,false,-1,-1,-1,-1,measurement,native_mmwave_sinr_report
0.8698,19,7,mmwave,4,1.05068,4,1.05068,0,-5,false,-1,-1,-1,-1,measurement,native_mmwave_sinr_report
0.8698,20,19,mmwave,4,-0.181131,4,-0.181131,0,-5,false,-1,-1,-1,-1,measurement,native_mmwave_sinr_report
0.8714,16,12,mmwave,4,4.32563,4,4.32563,0,-5,false,-1,-1,-1,-1,measurement,native_mmwave_sinr_report
0.8714,17,14,mmwave,4,3.58802,4,3.58802,0,-5,false,-1,-1,-1,-1,measurement,native_mmwave_sinr_report
0.8714,18,2,mmwave,4,1.63248,4,1.63248,0,-5,false,-1,-1,-1,-1,measurement,native_mmwave_sinr_report
0.8714,19,7,mmwave,4,1.0525,4,1.0525,0,-5,false,-1,-1,-1,-1,measurement,native_mmwave_sinr_report
0.8714,20,19,mmwave,4,-0.17944,4,-0.17944,0,-5,false,-1,-1,-1,-1,measurement,native_mmwave_sinr_report
0.873,16,12,mmwave,4,4.32714,4,4.32714,0,-5,false,-1,-1,-1,-1,measurement,native_mmwave_sinr_report
0.873,17,14,mmwave,4,3.59023,4,3.59023,0,-5,false,-1,-1,-1,-1,measurement,native_mmwave_sinr_report
0.873,18,2,mmwave,4,1.63356,4,1.63356,0,-5,false,-1,-1,-1,-1,measurement,native_mmwave_sinr_report
0.873,19,7,mmwave,4,1.05431,4,1.05431,0,-5,false,-1,-1,-1,-1,measurement,native_mmwave_sinr_report
0.873,20,19,mmwave,4,-0.17775,4,-0.17775,0,-5,false,-1,-1,-1,-1,measurement,native_mmwave_sinr_report
0.8746,16,12,mmwave,4,4.32866,4,4.32866,0,-5,false,-1,-1,-1,-1,measurement,native_mmwave_sinr_report
0.8746,17,14,mmwave,4,3.59243,4,3.59243,0,-5,false,-1,-1,-1,-1,measurement,native_mmwave_sinr_report
0.8746,18,2,mmwave,4,1.63464,4,1.63464,0,-5,false,-1,-1,-1,-1,measurement,native_mmwave_sinr_report
0.8746,19,7,mmwave,4,1.05612,4,1.05612,0,-5,false,-1,-1,-1,-1,measurement,native_mmwave_sinr_report
0.8746,20,19,mmwave,4,-0.176059,4,-0.176059,0,-5,false,-1,-1,-1,-1,measurement,native_mmwave_sinr_report
0.8762,16,12,mmwave,4,4.33017,4,4.33017,0,-5,false,-1,-1,-1,-1,measurement,native_mmwave_sinr_report
0.8762,17,14,mmwave,4,3.59464,4,3.59464,0,-5,false,-1,-1,-1,-1,measurement,native_mmwave_sinr_report
0.8762,18,2,mmwave,4,1.63571,4,1.63571,0,-5,false,-1,-1,-1,-1,measurement,native_mmwave_sinr_report
0.8762,19,7,mmwave,4,1.05793,4,1.05793,0,-5,false,-1,-1,-1,-1,measurement,native_mmwave_sinr_report
0.8762,20,19,mmwave,4,-0.174367,4,-0.174367,0,-5,false,-1,-1,-1,-1,measurement,native_mmwave_sinr_report
0.8778,16,12,mmwave,4,4.33168,4,4.33168,0,-5,false,-1,-1,-1,-1,measurement,native_mmwave_sinr_report
0.8778,17,14,mmwave,4,3.59685,4,3.59685,0,-5,false,-1,-1,-1,-1,measurement,native_mmwave_sinr_report
0.8778,18,2,mmwave,4,1.63679,4,1.63679,0,-5,false,-1,-1,-1,-1,measurement,native_mmwave_sinr_report
0.8778,19,7,mmwave,4,1.05975,4,1.05975,0,-5,false,-1,-1,-1,-1,measurement,native_mmwave_sinr_report
0.8778,20,19,mmwave,4,-0.172676,4,-0.172676,0,-5,false,-1,-1,-1,-1,measurement,native_mmwave_sinr_report
0.8794,16,12,mmwave,4,4.3332,4,4.3332,0,-5,false,-1,-1,-1,-1,measurement,native_mmwave_sinr_report
0.8794,17,14,mmwave,4,3.59905,4,3.59905,0,-5,false,-1,-1,-1,-1,measurement,native_mmwave_sinr_report
0.8794,18,2,mmwave,4,1.63787,4,1.63787,0,-5,false,-1,-1,-1,-1,measurement,native_mmwave_sinr_report
0.8794,19,7,mmwave,4,1.06156,4,1.06156,0,-5,false,-1,-1,-1,-1,measurement,native_mmwave_sinr_report
0.8794,20,19,mmwave,4,-0.170984,4,-0.170984,0,-5,false,-1,-1,-1,-1,measurement,native_mmwave_sinr_report
0.881,16,12,mmwave,4,4.33471,4,4.33471,0,-5,false,-1,-1,-1,-1,measurement,native_mmwave_sinr_report
0.881,17,14,mmwave,4,3.60126,4,3.60126,0,-5,false,-1,-1,-1,-1,measurement,native_mmwave_sinr_report
0.881,18,2,mmwave,4,1.63894,4,1.63894,0,-5,false,-1,-1,-1,-1,measurement,native_mmwave_sinr_report
0.881,19,7,mmwave,4,1.06337,4,1.06337,0,-5,false,-1,-1,-1,-1,measurement,native_mmwave_sinr_report
0.881,20,19,mmwave,4,-0.169293,4,-0.169293,0,-5,false,-1,-1,-1,-1,measurement,native_mmwave_sinr_report
0.8826,16,12,mmwave,4,4.33622,4,4.33622,0,-5,false,-1,-1,-1,-1,measurement,native_mmwave_sinr_report
0.8826,17,14,mmwave,4,3.60347,4,3.60347,0,-5,false,-1,-1,-1,-1,measurement,native_mmwave_sinr_report
0.8826,18,2,mmwave,4,1.64002,4,1.64002,0,-5,false,-1,-1,-1,-1,measurement,native_mmwave_sinr_report
0.8826,19,7,mmwave,4,1.06519,4,1.06519,0,-5,false,-1,-1,-1,-1,measurement,native_mmwave_sinr_report
0.8826,20,19,mmwave,4,-0.167601,4,-0.167601,0,-5,false,-1,-1,-1,-1,measurement,native_mmwave_sinr_report
0.8842,16,12,mmwave,4,4.33774,4,4.33774,0,-5,false,-1,-1,-1,-1,measurement,native_mmwave_sinr_report
0.8842,17,14,mmwave,4,3.60567,4,3.60567,0,-5,false,-1,-1,-1,-1,measurement,native_mmwave_sinr_report
0.8842,18,2,mmwave,4,1.6411,4,1.6411,0,-5,false,-1,-1,-1,-1,measurement,native_mmwave_sinr_report
0.8842,19,7,mmwave,4,1.067,4,1.067,0,-5,false,-1,-1,-1,-1,measurement,native_mmwave_sinr_report
0.8842,20,19,mmwave,4,-0.165909,4,-0.165909,0,-5,false,-1,-1,-1,-1,measurement,native_mmwave_sinr_report
0.8858,16,12,mmwave,4,4.33925,4,4.33925,0,-5,false,-1,-1,-1,-1,measurement,native_mmwave_sinr_report
0.8858,17,14,mmwave,4,3.60788,4,3.60788,0,-5,false,-1,-1,-1,-1,measurement,native_mmwave_sinr_report
0.8858,18,2,mmwave,4,1.64217,4,1.64217,0,-5,false,-1,-1,-1,-1,measurement,native_mmwave_sinr_report
0.8858,19,7,mmwave,4,1.06881,4,1.06881,0,-5,false,-1,-1,-1,-1,measurement,native_mmwave_sinr_report
0.8858,20,19,mmwave,4,-0.164216,4,-0.164216,0,-5,false,-1,-1,-1,-1,measurement,native_mmwave_sinr_report
0.8874,16,12,mmwave,4,4.34077,4,4.34077,0,-5,false,-1,-1,-1,-1,measurement,native_mmwave_sinr_report
0.8874,17,14,mmwave,4,3.61009,4,3.61009,0,-5,false,-1,-1,-1,-1,measurement,native_mmwave_sinr_report
0.8874,18,2,mmwave,4,1.64325,4,1.64325,0,-5,false,-1,-1,-1,-1,measurement,native_mmwave_sinr_report
0.8874,19,7,mmwave,4,1.07063,4,1.07063,0,-5,false,-1,-1,-1,-1,measurement,native_mmwave_sinr_report
0.8874,20,19,mmwave,4,-0.162524,4,-0.162524,0,-5,false,-1,-1,-1,-1,measurement,native_mmwave_sinr_report
0.889,16,12,mmwave,4,4.34228,4,4.34228,0,-5,false,-1,-1,-1,-1,measurement,native_mmwave_sinr_report
0.889,17,14,mmwave,4,3.6123,4,3.6123,0,-5,false,-1,-1,-1,-1,measurement,native_mmwave_sinr_report
0.889,18,2,mmwave,4,1.64433,4,1.64433,0,-5,false,-1,-1,-1,-1,measurement,native_mmwave_sinr_report
0.889,19,7,mmwave,4,1.07244,4,1.07244,0,-5,false,-1,-1,-1,-1,measurement,native_mmwave_sinr_report
0.889,20,19,mmwave,4,-0.160831,4,-0.160831,0,-5,false,-1,-1,-1,-1,measurement,native_mmwave_sinr_report
0.8906,16,12,mmwave,4,4.34379,4,4.34379,0,-5,false,-1,-1,-1,-1,measurement,native_mmwave_sinr_report
0.8906,17,14,mmwave,4,3.61451,4,3.61451,0,-5,false,-1,-1,-1,-1,measurement,native_mmwave_sinr_report
0.8906,18,2,mmwave,4,1.6454,4,1.6454,0,-5,false,-1,-1,-1,-1,measurement,native_mmwave_sinr_report
0.8906,19,7,mmwave,4,1.07426,4,1.07426,0,-5,false,-1,-1,-1,-1,measurement,native_mmwave_sinr_report
0.8906,20,19,mmwave,4,-0.159139,4,-0.159139,0,-5,false,-1,-1,-1,-1,measurement,native_mmwave_sinr_report
0.8922,16,12,mmwave,4,4.34531,4,4.34531,0,-5,false,-1,-1,-1,-1,measurement,native_mmwave_sinr_report
0.8922,17,14,mmwave,4,3.61672,4,3.61672,0,-5,false,-1,-1,-1,-1,measurement,native_mmwave_sinr_report
0.8922,18,2,mmwave,4,1.64648,4,1.64648,0,-5,false,-1,-1,-1,-1,measurement,native_mmwave_sinr_report
0.8922,19,7,mmwave,4,1.07607,4,1.07607,0,-5,false,-1,-1,-1,-1,measurement,native_mmwave_sinr_report
0.8922,20,19,mmwave,4,-0.157446,4,-0.157446,0,-5,false,-1,-1,-1,-1,measurement,native_mmwave_sinr_report
0.8938,16,12,mmwave,4,4.34682,4,4.34682,0,-5,false,-1,-1,-1,-1,measurement,native_mmwave_sinr_report
0.8938,17,14,mmwave,4,3.61893,4,3.61893,0,-5,false,-1,-1,-1,-1,measurement,native_mmwave_sinr_report
0.8938,18,2,mmwave,4,1.64756,4,1.64756,0,-5,false,-1,-1,-1,-1,measurement,native_mmwave_sinr_report
0.8938,19,7,mmwave,4,1.07789,4,1.07789,0,-5,false,-1,-1,-1,-1,measurement,native_mmwave_sinr_report
0.8938,20,19,mmwave,4,-0.155752,4,-0.155752,0,-5,false,-1,-1,-1,-1,measurement,native_mmwave_sinr_report
0.8954,16,12,mmwave,4,4.34834,4,4.34834,0,-5,false,-1,-1,-1,-1,measurement,native_mmwave_sinr_report
0.8954,17,14,mmwave,4,3.62114,4,3.62114,0,-5,false,-1,-1,-1,-1,measurement,native_mmwave_sinr_report
0.8954,18,2,mmwave,4,1.64864,4,1.64864,0,-5,false,-1,-1,-1,-1,measurement,native_mmwave_sinr_report
0.8954,19,7,mmwave,4,1.0797,4,1.0797,0,-5,false,-1,-1,-1,-1,measurement,native_mmwave_sinr_report
0.8954,20,19,mmwave,4,-0.154059,4,-0.154059,0,-5,false,-1,-1,-1,-1,measurement,native_mmwave_sinr_report
0.897,16,12,mmwave,4,4.34985,4,4.34985,0,-5,false,-1,-1,-1,-1,measurement,native_mmwave_sinr_report
0.897,17,14,mmwave,4,3.62335,4,3.62335,0,-5,false,-1,-1,-1,-1,measurement,native_mmwave_sinr_report
0.897,18,2,mmwave,4,1.64971,4,1.64971,0,-5,false,-1,-1,-1,-1,measurement,native_mmwave_sinr_report
0.897,19,7,mmwave,4,1.08152,4,1.08152,0,-5,false,-1,-1,-1,-1,measurement,native_mmwave_sinr_report
0.897,20,19,mmwave,4,-0.152365,4,-0.152365,0,-5,false,-1,-1,-1,-1,measurement,native_mmwave_sinr_report
0.8986,16,12,mmwave,4,4.35137,4,4.35137,0,-5,false,-1,-1,-1,-1,measurement,native_mmwave_sinr_report
0.8986,17,14,mmwave,4,3.62556,4,3.62556,0,-5,false,-1,-1,-1,-1,measurement,native_mmwave_sinr_report
0.8986,18,2,mmwave,4,1.65079,4,1.65079,0,-5,false,-1,-1,-1,-1,measurement,native_mmwave_sinr_report
0.8986,19,7,mmwave,4,1.08334,4,1.08334,0,-5,false,-1,-1,-1,-1,measurement,native_mmwave_sinr_report
0.8986,20,19,mmwave,4,-0.150672,4,-0.150672,0,-5,false,-1,-1,-1,-1,measurement,native_mmwave_sinr_report
0.9002,16,12,mmwave,4,4.35289,4,4.35289,0,-5,false,-1,-1,-1,-1,measurement,native_mmwave_sinr_report
0.9002,17,14,mmwave,4,3.62777,4,3.62777,0,-5,false,-1,-1,-1,-1,measurement,native_mmwave_sinr_report
0.9002,18,2,mmwave,4,1.65187,4,1.65187,0,-5,false,-1,-1,-1,-1,measurement,native_mmwave_sinr_report
0.9002,19,7,mmwave,4,1.08515,4,1.08515,0,-5,false,-1,-1,-1,-1,measurement,native_mmwave_sinr_report
0.9002,20,19,mmwave,4,-0.148978,4,-0.148978,0,-5,false,-1,-1,-1,-1,measurement,native_mmwave_sinr_report
0.9018,16,12,mmwave,4,4.3544,4,4.3544,0,-5,false,-1,-1,-1,-1,measurement,native_mmwave_sinr_report
0.9018,17,14,mmwave,4,3.62998,4,3.62998,0,-5,false,-1,-1,-1,-1,measurement,native_mmwave_sinr_report
0.9018,18,2,mmwave,4,1.65295,4,1.65295,0,-5,false,-1,-1,-1,-1,measurement,native_mmwave_sinr_report
0.9018,19,7,mmwave,4,1.08697,4,1.08697,0,-5,false,-1,-1,-1,-1,measurement,native_mmwave_sinr_report
0.9018,20,19,mmwave,4,-0.147284,4,-0.147284,0,-5,false,-1,-1,-1,-1,measurement,native_mmwave_sinr_report
0.9034,16,12,mmwave,4,4.35592,4,4.35592,0,-5,false,-1,-1,-1,-1,measurement,native_mmwave_sinr_report
0.9034,17,14,mmwave,4,3.63219,4,3.63219,0,-5,false,-1,-1,-1,-1,measurement,native_mmwave_sinr_report
0.9034,18,2,mmwave,4,1.65402,4,1.65402,0,-5,false,-1,-1,-1,-1,measurement,native_mmwave_sinr_report
0.9034,19,7,mmwave,4,1.08878,4,1.08878,0,-5,false,-1,-1,-1,-1,measurement,native_mmwave_sinr_report
0.9034,20,19,mmwave,4,-0.145589,4,-0.145589,0,-5,false,-1,-1,-1,-1,measurement,native_mmwave_sinr_report
0.905,16,12,mmwave,4,4.35743,4,4.35743,0,-5,false,-1,-1,-1,-1,measurement,native_mmwave_sinr_report
0.905,17,14,mmwave,4,3.6344,4,3.6344,0,-5,false,-1,-1,-1,-1,measurement,native_mmwave_sinr_report
0.905,18,2,mmwave,4,1.6551,4,1.6551,0,-5,false,-1,-1,-1,-1,measurement,native_mmwave_sinr_report
0.905,19,7,mmwave,4,1.0906,4,1.0906,0,-5,false,-1,-1,-1,-1,measurement,native_mmwave_sinr_report
0.905,20,19,mmwave,4,-0.143895,4,-0.143895,0,-5,false,-1,-1,-1,-1,measurement,native_mmwave_sinr_report
0.9066,16,12,mmwave,4,4.35895,4,4.35895,0,-5,false,-1,-1,-1,-1,measurement,native_mmwave_sinr_report
0.9066,17,14,mmwave,4,3.63662,4,3.63662,0,-5,false,-1,-1,-1,-1,measurement,native_mmwave_sinr_report
0.9066,18,2,mmwave,4,1.65618,4,1.65618,0,-5,false,-1,-1,-1,-1,measurement,native_mmwave_sinr_report
0.9066,19,7,mmwave,4,1.09242,4,1.09242,0,-5,false,-1,-1,-1,-1,measurement,native_mmwave_sinr_report
0.9066,20,19,mmwave,4,-0.1422,4,-0.1422,0,-5,false,-1,-1,-1,-1,measurement,native_mmwave_sinr_report
0.9082,16,12,mmwave,4,4.36047,4,4.36047,0,-5,false,-1,-1,-1,-1,measurement,native_mmwave_sinr_report
0.9082,17,14,mmwave,4,3.63883,4,3.63883,0,-5,false,-1,-1,-1,-1,measurement,native_mmwave_sinr_report
0.9082,18,2,mmwave,4,1.65726,4,1.65726,0,-5,false,-1,-1,-1,-1,measurement,native_mmwave_sinr_report
0.9082,19,7,mmwave,4,1.09423,4,1.09423,0,-5,false,-1,-1,-1,-1,measurement,native_mmwave_sinr_report
0.9082,20,19,mmwave,4,-0.140505,4,-0.140505,0,-5,false,-1,-1,-1,-1,measurement,native_mmwave_sinr_report
0.9098,16,12,mmwave,4,4.36198,4,4.36198,0,-5,false,-1,-1,-1,-1,measurement,native_mmwave_sinr_report
0.9098,17,14,mmwave,4,3.64104,4,3.64104,0,-5,false,-1,-1,-1,-1,measurement,native_mmwave_sinr_report
0.9098,18,2,mmwave,4,1.65833,4,1.65833,0,-5,false,-1,-1,-1,-1,measurement,native_mmwave_sinr_report
0.9098,19,7,mmwave,4,1.09605,4,1.09605,0,-5,false,-1,-1,-1,-1,measurement,native_mmwave_sinr_report
0.9098,20,19,mmwave,4,-0.13881,4,-0.13881,0,-5,false,-1,-1,-1,-1,measurement,native_mmwave_sinr_report
0.9114,16,12,mmwave,4,4.3635,4,4.3635,0,-5,false,-1,-1,-1,-1,measurement,native_mmwave_sinr_report
0.9114,17,14,mmwave,4,3.64325,4,3.64325,0,-5,false,-1,-1,-1,-1,measurement,native_mmwave_sinr_report
0.9114,18,2,mmwave,4,1.65941,4,1.65941,0,-5,false,-1,-1,-1,-1,measurement,native_mmwave_sinr_report
0.9114,19,7,mmwave,4,1.09787,4,1.09787,0,-5,false,-1,-1,-1,-1,measurement,native_mmwave_sinr_report
0.9114,20,19,mmwave,4,-0.137115,4,-0.137115,0,-5,false,-1,-1,-1,-1,measurement,native_mmwave_sinr_report
0.913,16,12,mmwave,4,4.36501,4,4.36501,0,-5,false,-1,-1,-1,-1,measurement,native_mmwave_sinr_report
0.913,17,14,mmwave,4,3.64547,4,3.64547,0,-5,false,-1,-1,-1,-1,measurement,native_mmwave_sinr_report
0.913,18,2,mmwave,4,1.66049,4,1.66049,0,-5,false,-1,-1,-1,-1,measurement,native_mmwave_sinr_report
0.913,19,7,mmwave,4,1.09969,4,1.09969,0,-5,false,-1,-1,-1,-1,measurement,native_mmwave_sinr_report
0.913,20,19,mmwave,4,-0.13542,4,-0.13542,0,-5,false,-1,-1,-1,-1,measurement,native_mmwave_sinr_report
0.9146,16,12,mmwave,4,4.36653,4,4.36653,0,-5,false,-1,-1,-1,-1,measurement,native_mmwave_sinr_report
0.9146,17,14,mmwave,4,3.64768,4,3.64768,0,-5,false,-1,-1,-1,-1,measurement,native_mmwave_sinr_report
0.9146,18,2,mmwave,4,1.66157,4,1.66157,0,-5,false,-1,-1,-1,-1,measurement,native_mmwave_sinr_report
0.9146,19,7,mmwave,4,1.10151,4,1.10151,0,-5,false,-1,-1,-1,-1,measurement,native_mmwave_sinr_report
0.9146,20,19,mmwave,4,-0.133724,4,-0.133724,0,-5,false,-1,-1,-1,-1,measurement,native_mmwave_sinr_report
0.9162,16,12,mmwave,4,4.36805,4,4.36805,0,-5,false,-1,-1,-1,-1,measurement,native_mmwave_sinr_report
0.9162,17,14,mmwave,4,3.64989,4,3.64989,0,-5,false,-1,-1,-1,-1,measurement,native_mmwave_sinr_report
0.9162,18,2,mmwave,4,1.66265,4,1.66265,0,-5,false,-1,-1,-1,-1,measurement,native_mmwave_sinr_report
0.9162,19,7,mmwave,4,1.10332,4,1.10332,0,-5,false,-1,-1,-1,-1,measurement,native_mmwave_sinr_report
0.9162,20,19,mmwave,4,-0.132028,4,-0.132028,0,-5,false,-1,-1,-1,-1,measurement,native_mmwave_sinr_report
0.9178,16,12,mmwave,4,4.36957,4,4.36957,0,-5,false,-1,-1,-1,-1,measurement,native_mmwave_sinr_report
0.9178,17,14,mmwave,4,3.65211,4,3.65211,0,-5,false,-1,-1,-1,-1,measurement,native_mmwave_sinr_report
0.9178,18,2,mmwave,4,1.66373,4,1.66373,0,-5,false,-1,-1,-1,-1,measurement,native_mmwave_sinr_report
0.9178,19,7,mmwave,4,1.10514,4,1.10514,0,-5,false,-1,-1,-1,-1,measurement,native_mmwave_sinr_report
0.9178,20,19,mmwave,4,-0.130332,4,-0.130332,0,-5,false,-1,-1,-1,-1,measurement,native_mmwave_sinr_report
0.9194,16,12,mmwave,4,4.37108,4,4.37108,0,-5,false,-1,-1,-1,-1,measurement,native_mmwave_sinr_report
0.9194,17,14,mmwave,4,3.65432,4,3.65432,0,-5,false,-1,-1,-1,-1,measurement,native_mmwave_sinr_report
0.9194,18,2,mmwave,4,1.6648,4,1.6648,0,-5,false,-1,-1,-1,-1,measurement,native_mmwave_sinr_report
0.9194,19,7,mmwave,4,1.10696,4,1.10696,0,-5,false,-1,-1,-1,-1,measurement,native_mmwave_sinr_report
0.9194,20,19,mmwave,4,-0.128636,4,-0.128636,0,-5,false,-1,-1,-1,-1,measurement,native_mmwave_sinr_report
0.921,16,12,mmwave,4,4.3726,4,4.3726,0,-5,false,-1,-1,-1,-1,measurement,native_mmwave_sinr_report
0.921,17,14,mmwave,4,3.65654,4,3.65654,0,-5,false,-1,-1,-1,-1,measurement,native_mmwave_sinr_report
0.921,18,2,mmwave,4,1.66588,4,1.66588,0,-5,false,-1,-1,-1,-1,measurement,native_mmwave_sinr_report
0.921,19,7,mmwave,4,1.10878,4,1.10878,0,-5,false,-1,-1,-1,-1,measurement,native_mmwave_sinr_report
0.921,20,19,mmwave,4,-0.12694,4,-0.12694,0,-5,false,-1,-1,-1,-1,measurement,native_mmwave_sinr_report
0.9226,16,12,mmwave,4,4.37412,4,4.37412,0,-5,false,-1,-1,-1,-1,measurement,native_mmwave_sinr_report
0.9226,17,14,mmwave,4,3.65875,4,3.65875,0,-5,false,-1,-1,-1,-1,measurement,native_mmwave_sinr_report
0.9226,18,2,mmwave,4,1.66696,4,1.66696,0,-5,false,-1,-1,-1,-1,measurement,native_mmwave_sinr_report
0.9226,19,7,mmwave,4,1.1106,4,1.1106,0,-5,false,-1,-1,-1,-1,measurement,native_mmwave_sinr_report
0.9226,20,19,mmwave,4,-0.125243,4,-0.125243,0,-5,false,-1,-1,-1,-1,measurement,native_mmwave_sinr_report
0.9242,16,12,mmwave,4,4.37564,4,4.37564,0,-5,false,-1,-1,-1,-1,measurement,native_mmwave_sinr_report
0.9242,17,14,mmwave,4,3.66097,4,3.66097,0,-5,false,-1,-1,-1,-1,measurement,native_mmwave_sinr_report
0.9242,18,2,mmwave,4,1.66804,4,1.66804,0,-5,false,-1,-1,-1,-1,measurement,native_mmwave_sinr_report
0.9242,19,7,mmwave,4,1.11242,4,1.11242,0,-5,false,-1,-1,-1,-1,measurement,native_mmwave_sinr_report
0.9242,20,19,mmwave,4,-0.123547,4,-0.123547,0,-5,false,-1,-1,-1,-1,measurement,native_mmwave_sinr_report
0.9258,16,12,mmwave,4,4.37715,4,4.37715,0,-5,false,-1,-1,-1,-1,measurement,native_mmwave_sinr_report
0.9258,17,14,mmwave,4,3.66319,4,3.66319,0,-5,false,-1,-1,-1,-1,measurement,native_mmwave_sinr_report
0.9258,18,2,mmwave,4,1.66912,4,1.66912,0,-5,false,-1,-1,-1,-1,measurement,native_mmwave_sinr_report
0.9258,19,7,mmwave,4,1.11424,4,1.11424,0,-5,false,-1,-1,-1,-1,measurement,native_mmwave_sinr_report
0.9258,20,19,mmwave,4,-0.12185,4,-0.12185,0,-5,false,-1,-1,-1,-1,measurement,native_mmwave_sinr_report
0.9274,16,12,mmwave,4,4.37867,4,4.37867,0,-5,false,-1,-1,-1,-1,measurement,native_mmwave_sinr_report
0.9274,17,14,mmwave,4,3.6654,4,3.6654,0,-5,false,-1,-1,-1,-1,measurement,native_mmwave_sinr_report
0.9274,18,2,mmwave,4,1.6702,4,1.6702,0,-5,false,-1,-1,-1,-1,measurement,native_mmwave_sinr_report
0.9274,19,7,mmwave,4,1.11606,4,1.11606,0,-5,false,-1,-1,-1,-1,measurement,native_mmwave_sinr_report
0.9274,20,19,mmwave,4,-0.120153,4,-0.120153,0,-5,false,-1,-1,-1,-1,measurement,native_mmwave_sinr_report
0.929,16,12,mmwave,4,4.38019,4,4.38019,0,-5,false,-1,-1,-1,-1,measurement,native_mmwave_sinr_report
0.929,17,14,mmwave,4,3.66762,4,3.66762,0,-5,false,-1,-1,-1,-1,measurement,native_mmwave_sinr_report
0.929,18,2,mmwave,4,1.67128,4,1.67128,0,-5,false,-1,-1,-1,-1,measurement,native_mmwave_sinr_report
0.929,19,7,mmwave,4,1.11788,4,1.11788,0,-5,false,-1,-1,-1,-1,measurement,native_mmwave_sinr_report
0.929,20,19,mmwave,4,-0.118456,4,-0.118456,0,-5,false,-1,-1,-1,-1,measurement,native_mmwave_sinr_report
0.9306,16,12,mmwave,4,4.38171,4,4.38171,0,-5,false,-1,-1,-1,-1,measurement,native_mmwave_sinr_report
0.9306,17,14,mmwave,4,3.66984,4,3.66984,0,-5,false,-1,-1,-1,-1,measurement,native_mmwave_sinr_report
0.9306,18,2,mmwave,4,1.67235,4,1.67235,0,-5,false,-1,-1,-1,-1,measurement,native_mmwave_sinr_report
0.9306,19,7,mmwave,4,1.1197,4,1.1197,0,-5,false,-1,-1,-1,-1,measurement,native_mmwave_sinr_report
0.9306,20,19,mmwave,4,-0.116758,4,-0.116758,0,-5,false,-1,-1,-1,-1,measurement,native_mmwave_sinr_report
0.9322,16,12,mmwave,4,4.38323,4,4.38323,0,-5,false,-1,-1,-1,-1,measurement,native_mmwave_sinr_report
0.9322,17,14,mmwave,4,3.67205,4,3.67205,0,-5,false,-1,-1,-1,-1,measurement,native_mmwave_sinr_report
0.9322,18,2,mmwave,4,1.67343,4,1.67343,0,-5,false,-1,-1,-1,-1,measurement,native_mmwave_sinr_report
0.9322,19,7,mmwave,4,1.12152,4,1.12152,0,-5,false,-1,-1,-1,-1,measurement,native_mmwave_sinr_report
0.9322,20,19,mmwave,4,-0.115061,4,-0.115061,0,-5,false,-1,-1,-1,-1,measurement,native_mmwave_sinr_report
0.9338,16,12,mmwave,4,4.38474,4,4.38474,0,-5,false,-1,-1,-1,-1,measurement,native_mmwave_sinr_report
0.9338,17,14,mmwave,4,3.67427,4,3.67427,0,-5,false,-1,-1,-1,-1,measurement,native_mmwave_sinr_report
0.9338,18,2,mmwave,4,1.67451,4,1.67451,0,-5,false,-1,-1,-1,-1,measurement,native_mmwave_sinr_report
0.9338,19,7,mmwave,4,1.12334,4,1.12334,0,-5,false,-1,-1,-1,-1,measurement,native_mmwave_sinr_report
0.9338,20,19,mmwave,4,-0.113363,4,-0.113363,0,-5,false,-1,-1,-1,-1,measurement,native_mmwave_sinr_report
0.9354,16,12,mmwave,4,4.38626,4,4.38626,0,-5,false,-1,-1,-1,-1,measurement,native_mmwave_sinr_report
0.9354,17,14,mmwave,4,3.67649,4,3.67649,0,-5,false,-1,-1,-1,-1,measurement,native_mmwave_sinr_report
0.9354,18,2,mmwave,4,1.67559,4,1.67559,0,-5,false,-1,-1,-1,-1,measurement,native_mmwave_sinr_report
0.9354,19,7,mmwave,4,1.12516,4,1.12516,0,-5,false,-1,-1,-1,-1,measurement,native_mmwave_sinr_report
0.9354,20,19,mmwave,4,-0.111665,4,-0.111665,0,-5,false,-1,-1,-1,-1,measurement,native_mmwave_sinr_report
0.937,16,12,mmwave,4,4.38778,4,4.38778,0,-5,false,-1,-1,-1,-1,measurement,native_mmwave_sinr_report
0.937,17,14,mmwave,4,3.67871,4,3.67871,0,-5,false,-1,-1,-1,-1,measurement,native_mmwave_sinr_report
0.937,18,2,mmwave,4,1.67667,4,1.67667,0,-5,false,-1,-1,-1,-1,measurement,native_mmwave_sinr_report
0.937,19,7,mmwave,4,1.12698,4,1.12698,0,-5,false,-1,-1,-1,-1,measurement,native_mmwave_sinr_report
0.937,20,19,mmwave,4,-0.109967,4,-0.109967,0,-5,false,-1,-1,-1,-1,measurement,native_mmwave_sinr_report
0.9386,16,12,mmwave,4,4.3893,4,4.3893,0,-5,false,-1,-1,-1,-1,measurement,native_mmwave_sinr_report
0.9386,17,14,mmwave,4,3.68092,4,3.68092,0,-5,false,-1,-1,-1,-1,measurement,native_mmwave_sinr_report
0.9386,18,2,mmwave,4,1.67775,4,1.67775,0,-5,false,-1,-1,-1,-1,measurement,native_mmwave_sinr_report
0.9386,19,7,mmwave,4,1.1288,4,1.1288,0,-5,false,-1,-1,-1,-1,measurement,native_mmwave_sinr_report
0.9386,20,19,mmwave,4,-0.108268,4,-0.108268,0,-5,false,-1,-1,-1,-1,measurement,native_mmwave_sinr_report
0.9402,16,12,mmwave,4,4.39082,4,4.39082,0,-5,false,-1,-1,-1,-1,measurement,native_mmwave_sinr_report
0.9402,17,14,mmwave,4,3.68314,4,3.68314,0,-5,false,-1,-1,-1,-1,measurement,native_mmwave_sinr_report
0.9402,18,2,mmwave,4,1.67883,4,1.67883,0,-5,false,-1,-1,-1,-1,measurement,native_mmwave_sinr_report
0.9402,19,7,mmwave,4,1.13062,4,1.13062,0,-5,false,-1,-1,-1,-1,measurement,native_mmwave_sinr_report
0.9402,20,19,mmwave,4,-0.10657,4,-0.10657,0,-5,false,-1,-1,-1,-1,measurement,native_mmwave_sinr_report
0.9418,16,12,mmwave,4,4.39234,4,4.39234,0,-5,false,-1,-1,-1,-1,measurement,native_mmwave_sinr_report
0.9418,17,14,mmwave,4,3.68536,4,3.68536,0,-5,false,-1,-1,-1,-1,measurement,native_mmwave_sinr_report
0.9418,18,2,mmwave,4,1.67991,4,1.67991,0,-5,false,-1,-1,-1,-1,measurement,native_mmwave_sinr_report
0.9418,19,7,mmwave,4,1.13244,4,1.13244,0,-5,false,-1,-1,-1,-1,measurement,native_mmwave_sinr_report
0.9418,20,19,mmwave,4,-0.104871,4,-0.104871,0,-5,false,-1,-1,-1,-1,measurement,native_mmwave_sinr_report
0.9434,16,12,mmwave,4,4.39386,4,4.39386,0,-5,false,-1,-1,-1,-1,measurement,native_mmwave_sinr_report
0.9434,17,14,mmwave,4,3.68758,4,3.68758,0,-5,false,-1,-1,-1,-1,measurement,native_mmwave_sinr_report
0.9434,18,2,mmwave,4,1.68099,4,1.68099,0,-5,false,-1,-1,-1,-1,measurement,native_mmwave_sinr_report
0.9434,19,7,mmwave,4,1.13427,4,1.13427,0,-5,false,-1,-1,-1,-1,measurement,native_mmwave_sinr_report
0.9434,20,19,mmwave,4,-0.103172,4,-0.103172,0,-5,false,-1,-1,-1,-1,measurement,native_mmwave_sinr_report
0.945,16,12,mmwave,4,4.39538,4,4.39538,0,-5,false,-1,-1,-1,-1,measurement,native_mmwave_sinr_report
0.945,17,14,mmwave,4,3.6898,4,3.6898,0,-5,false,-1,-1,-1,-1,measurement,native_mmwave_sinr_report
0.945,18,2,mmwave,4,1.68207,4,1.68207,0,-5,false,-1,-1,-1,-1,measurement,native_mmwave_sinr_report
0.945,19,7,mmwave,4,1.13609,4,1.13609,0,-5,false,-1,-1,-1,-1,measurement,native_mmwave_sinr_report
0.945,20,19,mmwave,4,-0.101473,4,-0.101473,0,-5,false,-1,-1,-1,-1,measurement,native_mmwave_sinr_report
0.9466,16,12,mmwave,4,4.3969,4,4.3969,0,-5,false,-1,-1,-1,-1,measurement,native_mmwave_sinr_report
0.9466,17,14,mmwave,4,3.69202,4,3.69202,0,-5,false,-1,-1,-1,-1,measurement,native_mmwave_sinr_report
0.9466,18,2,mmwave,4,1.68315,4,1.68315,0,-5,false,-1,-1,-1,-1,measurement,native_mmwave_sinr_report
0.9466,19,7,mmwave,4,1.13791,4,1.13791,0,-5,false,-1,-1,-1,-1,measurement,native_mmwave_sinr_report
0.9466,20,19,mmwave,4,-0.0997738,4,-0.0997738,0,-5,false,-1,-1,-1,-1,measurement,native_mmwave_sinr_report
0.9482,16,12,mmwave,4,4.39842,4,4.39842,0,-5,false,-1,-1,-1,-1,measurement,native_mmwave_sinr_report
0.9482,17,14,mmwave,4,3.69424,4,3.69424,0,-5,false,-1,-1,-1,-1,measurement,native_mmwave_sinr_report
0.9482,18,2,mmwave,4,1.68423,4,1.68423,0,-5,false,-1,-1,-1,-1,measurement,native_mmwave_sinr_report
0.9482,19,7,mmwave,4,1.13973,4,1.13973,0,-5,false,-1,-1,-1,-1,measurement,native_mmwave_sinr_report
0.9482,20,19,mmwave,4,-0.0980744,4,-0.0980744,0,-5,false,-1,-1,-1,-1,measurement,native_mmwave_sinr_report
0.9498,16,12,mmwave,4,4.39994,4,4.39994,0,-5,false,-1,-1,-1,-1,measurement,native_mmwave_sinr_report
0.9498,17,14,mmwave,4,3.69646,4,3.69646,0,-5,false,-1,-1,-1,-1,measurement,native_mmwave_sinr_report
0.9498,18,2,mmwave,4,1.68531,4,1.68531,0,-5,false,-1,-1,-1,-1,measurement,native_mmwave_sinr_report
0.9498,19,7,mmwave,4,1.14156,4,1.14156,0,-5,false,-1,-1,-1,-1,measurement,native_mmwave_sinr_report
0.9498,20,19,mmwave,4,-0.0963747,4,-0.0963747,0,-5,false,-1,-1,-1,-1,measurement,native_mmwave_sinr_report
0.9514,16,12,mmwave,4,4.40146,4,4.40146,0,-5,false,-1,-1,-1,-1,measurement,native_mmwave_sinr_report
0.9514,17,14,mmwave,4,3.69868,4,3.69868,0,-5,false,-1,-1,-1,-1,measurement,native_mmwave_sinr_report
0.9514,18,2,mmwave,4,1.68639,4,1.68639,0,-5,false,-1,-1,-1,-1,measurement,native_mmwave_sinr_report
0.9514,19,7,mmwave,4,1.14338,4,1.14338,0,-5,false,-1,-1,-1,-1,measurement,native_mmwave_sinr_report
0.9514,20,19,mmwave,4,-0.0946749,4,-0.0946749,0,-5,false,-1,-1,-1,-1,measurement,native_mmwave_sinr_report
0.953,16,12,mmwave,4,4.40298,4,4.40298,0,-5,false,-1,-1,-1,-1,measurement,native_mmwave_sinr_report
0.953,17,14,mmwave,4,3.70091,4,3.70091,0,-5,false,-1,-1,-1,-1,measurement,native_mmwave_sinr_report
0.953,18,2,mmwave,4,1.68747,4,1.68747,0,-5,false,-1,-1,-1,-1,measurement,native_mmwave_sinr_report
0.953,19,7,mmwave,4,1.1452,4,1.1452,0,-5,false,-1,-1,-1,-1,measurement,native_mmwave_sinr_report
0.953,20,19,mmwave,4,-0.0929749,4,-0.0929749,0,-5,false,-1,-1,-1,-1,measurement,native_mmwave_sinr_report
0.9546,16,12,mmwave,4,4.4045,4,4.4045,0,-5,false,-1,-1,-1,-1,measurement,native_mmwave_sinr_report
0.9546,17,14,mmwave,4,3.70313,4,3.70313,0,-5,false,-1,-1,-1,-1,measurement,native_mmwave_sinr_report
0.9546,18,2,mmwave,4,1.68855,4,1.68855,0,-5,false,-1,-1,-1,-1,measurement,native_mmwave_sinr_report
0.9546,19,7,mmwave,4,1.14702,4,1.14702,0,-5,false,-1,-1,-1,-1,measurement,native_mmwave_sinr_report
0.9546,20,19,mmwave,4,-0.0912747,4,-0.0912747,0,-5,false,-1,-1,-1,-1,measurement,native_mmwave_sinr_report
0.9562,16,12,mmwave,4,4.40602,4,4.40602,0,-5,false,-1,-1,-1,-1,measurement,native_mmwave_sinr_report
0.9562,17,14,mmwave,4,3.70535,4,3.70535,0,-5,false,-1,-1,-1,-1,measurement,native_mmwave_sinr_report
0.9562,18,2,mmwave,4,1.68963,4,1.68963,0,-5,false,-1,-1,-1,-1,measurement,native_mmwave_sinr_report
0.9562,19,7,mmwave,4,1.14885,4,1.14885,0,-5,false,-1,-1,-1,-1,measurement,native_mmwave_sinr_report
0.9562,20,19,mmwave,4,-0.0895744,4,-0.0895744,0,-5,false,-1,-1,-1,-1,measurement,native_mmwave_sinr_report
0.9578,16,12,mmwave,4,4.40754,4,4.40754,0,-5,false,-1,-1,-1,-1,measurement,native_mmwave_sinr_report
0.9578,17,14,mmwave,4,3.70757,4,3.70757,0,-5,false,-1,-1,-1,-1,measurement,native_mmwave_sinr_report
0.9578,18,2,mmwave,4,1.69071,4,1.69071,0,-5,false,-1,-1,-1,-1,measurement,native_mmwave_sinr_report
0.9578,19,7,mmwave,4,1.15067,4,1.15067,0,-5,false,-1,-1,-1,-1,measurement,native_mmwave_sinr_report
0.9578,20,19,mmwave,4,-0.0878738,4,-0.0878738,0,-5,false,-1,-1,-1,-1,measurement,native_mmwave_sinr_report
0.9594,16,12,mmwave,4,4.40906,4,4.40906,0,-5,false,-1,-1,-1,-1,measurement,native_mmwave_sinr_report
0.9594,17,14,mmwave,4,3.70979,4,3.70979,0,-5,false,-1,-1,-1,-1,measurement,native_mmwave_sinr_report
0.9594,18,2,mmwave,4,1.69179,4,1.69179,0,-5,false,-1,-1,-1,-1,measurement,native_mmwave_sinr_report
0.9594,19,7,mmwave,4,1.1525,4,1.1525,0,-5,false,-1,-1,-1,-1,measurement,native_mmwave_sinr_report
0.9594,20,19,mmwave,4,-0.0861731,4,-0.0861731,0,-5,false,-1,-1,-1,-1,measurement,native_mmwave_sinr_report
0.961,16,12,mmwave,4,4.41058,4,4.41058,0,-5,false,-1,-1,-1,-1,measurement,native_mmwave_sinr_report
0.961,17,14,mmwave,4,3.71202,4,3.71202,0,-5,false,-1,-1,-1,-1,measurement,native_mmwave_sinr_report
0.961,18,2,mmwave,4,1.69287,4,1.69287,0,-5,false,-1,-1,-1,-1,measurement,native_mmwave_sinr_report
0.961,19,7,mmwave,4,1.15432,4,1.15432,0,-5,false,-1,-1,-1,-1,measurement,native_mmwave_sinr_report
0.961,20,19,mmwave,4,-0.0844722,4,-0.0844722,0,-5,false,-1,-1,-1,-1,measurement,native_mmwave_sinr_report
0.9626,16,12,mmwave,4,4.4121,4,4.4121,0,-5,false,-1,-1,-1,-1,measurement,native_mmwave_sinr_report
0.9626,17,14,mmwave,4,3.71424,4,3.71424,0,-5,false,-1,-1,-1,-1,measurement,native_mmwave_sinr_report
0.9626,18,2,mmwave,4,1.69395,4,1.69395,0,-5,false,-1,-1,-1,-1,measurement,native_mmwave_sinr_report
0.9626,19,7,mmwave,4,1.15614,4,1.15614,0,-5,false,-1,-1,-1,-1,measurement,native_mmwave_sinr_report
0.9626,20,19,mmwave,4,-0.082771,4,-0.082771,0,-5,false,-1,-1,-1,-1,measurement,native_mmwave_sinr_report
0.9642,16,12,mmwave,4,4.41362,4,4.41362,0,-5,false,-1,-1,-1,-1,measurement,native_mmwave_sinr_report
0.9642,17,14,mmwave,4,3.71646,4,3.71646,0,-5,false,-1,-1,-1,-1,measurement,native_mmwave_sinr_report
0.9642,18,2,mmwave,4,1.69503,4,1.69503,0,-5,false,-1,-1,-1,-1,measurement,native_mmwave_sinr_report
0.9642,19,7,mmwave,4,1.15797,4,1.15797,0,-5,false,-1,-1,-1,-1,measurement,native_mmwave_sinr_report
0.9642,20,19,mmwave,4,-0.0810698,4,-0.0810698,0,-5,false,-1,-1,-1,-1,measurement,native_mmwave_sinr_report
0.9658,16,12,mmwave,4,4.41514,4,4.41514,0,-5,false,-1,-1,-1,-1,measurement,native_mmwave_sinr_report
0.9658,17,14,mmwave,4,3.71869,4,3.71869,0,-5,false,-1,-1,-1,-1,measurement,native_mmwave_sinr_report
0.9658,18,2,mmwave,4,1.69611,4,1.69611,0,-5,false,-1,-1,-1,-1,measurement,native_mmwave_sinr_report
0.9658,19,7,mmwave,4,1.15979,4,1.15979,0,-5,false,-1,-1,-1,-1,measurement,native_mmwave_sinr_report
0.9658,20,19,mmwave,4,-0.0793683,4,-0.0793683,0,-5,false,-1,-1,-1,-1,measurement,native_mmwave_sinr_report
0.9674,16,12,mmwave,4,4.41667,4,4.41667,0,-5,false,-1,-1,-1,-1,measurement,native_mmwave_sinr_report
0.9674,17,14,mmwave,4,3.72091,4,3.72091,0,-5,false,-1,-1,-1,-1,measurement,native_mmwave_sinr_report
0.9674,18,2,mmwave,4,1.69719,4,1.69719,0,-5,false,-1,-1,-1,-1,measurement,native_mmwave_sinr_report
0.9674,19,7,mmwave,4,1.16162,4,1.16162,0,-5,false,-1,-1,-1,-1,measurement,native_mmwave_sinr_report
0.9674,20,19,mmwave,4,-0.0776666,4,-0.0776666,0,-5,false,-1,-1,-1,-1,measurement,native_mmwave_sinr_report
0.969,16,12,mmwave,4,4.41819,4,4.41819,0,-5,false,-1,-1,-1,-1,measurement,native_mmwave_sinr_report
0.969,17,14,mmwave,4,3.72314,4,3.72314,0,-5,false,-1,-1,-1,-1,measurement,native_mmwave_sinr_report
0.969,18,2,mmwave,4,1.69827,4,1.69827,0,-5,false,-1,-1,-1,-1,measurement,native_mmwave_sinr_report
0.969,19,7,mmwave,4,1.16344,4,1.16344,0,-5,false,-1,-1,-1,-1,measurement,native_mmwave_sinr_report
0.969,20,19,mmwave,4,-0.0759648,4,-0.0759648,0,-5,false,-1,-1,-1,-1,measurement,native_mmwave_sinr_report
0.9706,16,12,mmwave,4,4.41971,4,4.41971,0,-5,false,-1,-1,-1,-1,measurement,native_mmwave_sinr_report
0.9706,17,14,mmwave,4,3.72536,4,3.72536,0,-5,false,-1,-1,-1,-1,measurement,native_mmwave_sinr_report
0.9706,18,2,mmwave,4,1.69935,4,1.69935,0,-5,false,-1,-1,-1,-1,measurement,native_mmwave_sinr_report
0.9706,19,7,mmwave,4,1.16527,4,1.16527,0,-5,false,-1,-1,-1,-1,measurement,native_mmwave_sinr_report
0.9706,20,19,mmwave,4,-0.0742627,4,-0.0742627,0,-5,false,-1,-1,-1,-1,measurement,native_mmwave_sinr_report
0.9722,16,12,mmwave,4,4.42123,4,4.42123,0,-5,false,-1,-1,-1,-1,measurement,native_mmwave_sinr_report
0.9722,17,14,mmwave,4,3.72759,4,3.72759,0,-5,false,-1,-1,-1,-1,measurement,native_mmwave_sinr_report
0.9722,18,2,mmwave,4,1.70043,4,1.70043,0,-5,false,-1,-1,-1,-1,measurement,native_mmwave_sinr_report
0.9722,19,7,mmwave,4,1.1671,4,1.1671,0,-5,false,-1,-1,-1,-1,measurement,native_mmwave_sinr_report
0.9722,20,19,mmwave,4,-0.0725605,4,-0.0725605,0,-5,false,-1,-1,-1,-1,measurement,native_mmwave_sinr_report
0.9738,16,12,mmwave,4,4.42275,4,4.42275,0,-5,false,-1,-1,-1,-1,measurement,native_mmwave_sinr_report
0.9738,17,14,mmwave,4,3.72981,4,3.72981,0,-5,false,-1,-1,-1,-1,measurement,native_mmwave_sinr_report
0.9738,18,2,mmwave,4,1.70151,4,1.70151,0,-5,false,-1,-1,-1,-1,measurement,native_mmwave_sinr_report
0.9738,19,7,mmwave,4,1.16892,4,1.16892,0,-5,false,-1,-1,-1,-1,measurement,native_mmwave_sinr_report
0.9738,20,19,mmwave,4,-0.0708581,4,-0.0708581,0,-5,false,-1,-1,-1,-1,measurement,native_mmwave_sinr_report
0.9754,16,12,mmwave,4,4.42428,4,4.42428,0,-5,false,-1,-1,-1,-1,measurement,native_mmwave_sinr_report
0.9754,17,14,mmwave,4,3.73204,4,3.73204,0,-5,false,-1,-1,-1,-1,measurement,native_mmwave_sinr_report
0.9754,18,2,mmwave,4,1.70259,4,1.70259,0,-5,false,-1,-1,-1,-1,measurement,native_mmwave_sinr_report
0.9754,19,7,mmwave,4,1.17075,4,1.17075,0,-5,false,-1,-1,-1,-1,measurement,native_mmwave_sinr_report
0.9754,20,19,mmwave,4,-0.0691555,4,-0.0691555,0,-5,false,-1,-1,-1,-1,measurement,native_mmwave_sinr_report
0.977,16,12,mmwave,4,4.4258,4,4.4258,0,-5,false,-1,-1,-1,-1,measurement,native_mmwave_sinr_report
0.977,17,14,mmwave,4,3.73426,4,3.73426,0,-5,false,-1,-1,-1,-1,measurement,native_mmwave_sinr_report
0.977,18,2,mmwave,4,1.70368,4,1.70368,0,-5,false,-1,-1,-1,-1,measurement,native_mmwave_sinr_report
0.977,19,7,mmwave,4,1.17257,4,1.17257,0,-5,false,-1,-1,-1,-1,measurement,native_mmwave_sinr_report
0.977,20,19,mmwave,4,-0.0674528,4,-0.0674528,0,-5,false,-1,-1,-1,-1,measurement,native_mmwave_sinr_report
0.9786,16,12,mmwave,4,4.42732,4,4.42732,0,-5,false,-1,-1,-1,-1,measurement,native_mmwave_sinr_report
0.9786,17,14,mmwave,4,3.73649,4,3.73649,0,-5,false,-1,-1,-1,-1,measurement,native_mmwave_sinr_report
0.9786,18,2,mmwave,4,1.70476,4,1.70476,0,-5,false,-1,-1,-1,-1,measurement,native_mmwave_sinr_report
0.9786,19,7,mmwave,4,1.1744,4,1.1744,0,-5,false,-1,-1,-1,-1,measurement,native_mmwave_sinr_report
0.9786,20,19,mmwave,4,-0.0657498,4,-0.0657498,0,-5,false,-1,-1,-1,-1,measurement,native_mmwave_sinr_report
0.9802,16,12,mmwave,4,4.42884,4,4.42884,0,-5,false,-1,-1,-1,-1,measurement,native_mmwave_sinr_report
0.9802,17,14,mmwave,4,3.73872,4,3.73872,0,-5,false,-1,-1,-1,-1,measurement,native_mmwave_sinr_report
0.9802,18,2,mmwave,4,1.70584,4,1.70584,0,-5,false,-1,-1,-1,-1,measurement,native_mmwave_sinr_report
0.9802,19,7,mmwave,4,1.17623,4,1.17623,0,-5,false,-1,-1,-1,-1,measurement,native_mmwave_sinr_report
0.9802,20,19,mmwave,4,-0.0640467,4,-0.0640467,0,-5,false,-1,-1,-1,-1,measurement,native_mmwave_sinr_report
0.9818,16,12,mmwave,4,4.43037,4,4.43037,0,-5,false,-1,-1,-1,-1,measurement,native_mmwave_sinr_report
0.9818,17,14,mmwave,4,3.74095,4,3.74095,0,-5,false,-1,-1,-1,-1,measurement,native_mmwave_sinr_report
0.9818,18,2,mmwave,4,1.70692,4,1.70692,0,-5,false,-1,-1,-1,-1,measurement,native_mmwave_sinr_report
0.9818,19,7,mmwave,4,1.17805,4,1.17805,0,-5,false,-1,-1,-1,-1,measurement,native_mmwave_sinr_report
0.9818,20,19,mmwave,4,-0.0623433,4,-0.0623433,0,-5,false,-1,-1,-1,-1,measurement,native_mmwave_sinr_report
0.9834,16,12,mmwave,4,4.43189,4,4.43189,0,-5,false,-1,-1,-1,-1,measurement,native_mmwave_sinr_report
0.9834,17,14,mmwave,4,3.74317,4,3.74317,0,-5,false,-1,-1,-1,-1,measurement,native_mmwave_sinr_report
0.9834,18,2,mmwave,4,1.708,4,1.708,0,-5,false,-1,-1,-1,-1,measurement,native_mmwave_sinr_report
0.9834,19,7,mmwave,4,1.17988,4,1.17988,0,-5,false,-1,-1,-1,-1,measurement,native_mmwave_sinr_report
0.9834,20,19,mmwave,4,-0.0606398,4,-0.0606398,0,-5,false,-1,-1,-1,-1,measurement,native_mmwave_sinr_report
0.985,16,12,mmwave,4,4.43341,4,4.43341,0,-5,false,-1,-1,-1,-1,measurement,native_mmwave_sinr_report
0.985,17,14,mmwave,4,3.7454,4,3.7454,0,-5,false,-1,-1,-1,-1,measurement,native_mmwave_sinr_report
0.985,18,2,mmwave,4,1.70908,4,1.70908,0,-5,false,-1,-1,-1,-1,measurement,native_mmwave_sinr_report
0.985,19,7,mmwave,4,1.18171,4,1.18171,0,-5,false,-1,-1,-1,-1,measurement,native_mmwave_sinr_report
0.985,20,19,mmwave,4,-0.0589361,4,-0.0589361,0,-5,false,-1,-1,-1,-1,measurement,native_mmwave_sinr_report
0.9866,16,12,mmwave,4,4.43494,4,4.43494,0,-5,false,-1,-1,-1,-1,measurement,native_mmwave_sinr_report
0.9866,17,14,mmwave,4,3.74763,4,3.74763,0,-5,false,-1,-1,-1,-1,measurement,native_mmwave_sinr_report
0.9866,18,2,mmwave,4,1.71016,4,1.71016,0,-5,false,-1,-1,-1,-1,measurement,native_mmwave_sinr_report
0.9866,19,7,mmwave,4,1.18354,4,1.18354,0,-5,false,-1,-1,-1,-1,measurement,native_mmwave_sinr_report
0.9866,20,19,mmwave,4,-0.0572322,4,-0.0572322,0,-5,false,-1,-1,-1,-1,measurement,native_mmwave_sinr_report
0.9882,16,12,mmwave,4,4.43646,4,4.43646,0,-5,false,-1,-1,-1,-1,measurement,native_mmwave_sinr_report
0.9882,17,14,mmwave,4,3.74986,4,3.74986,0,-5,false,-1,-1,-1,-1,measurement,native_mmwave_sinr_report
0.9882,18,2,mmwave,4,1.71124,4,1.71124,0,-5,false,-1,-1,-1,-1,measurement,native_mmwave_sinr_report
0.9882,19,7,mmwave,4,1.18537,4,1.18537,0,-5,false,-1,-1,-1,-1,measurement,native_mmwave_sinr_report
0.9882,20,19,mmwave,4,-0.0555282,4,-0.0555282,0,-5,false,-1,-1,-1,-1,measurement,native_mmwave_sinr_report
0.9898,16,12,mmwave,4,4.43798,4,4.43798,0,-5,false,-1,-1,-1,-1,measurement,native_mmwave_sinr_report
0.9898,17,14,mmwave,4,3.75209,4,3.75209,0,-5,false,-1,-1,-1,-1,measurement,native_mmwave_sinr_report
0.9898,18,2,mmwave,4,1.71233,4,1.71233,0,-5,false,-1,-1,-1,-1,measurement,native_mmwave_sinr_report
0.9898,19,7,mmwave,4,1.18719,4,1.18719,0,-5,false,-1,-1,-1,-1,measurement,native_mmwave_sinr_report
0.9898,20,19,mmwave,4,-0.0538239,4,-0.0538239,0,-5,false,-1,-1,-1,-1,measurement,native_mmwave_sinr_report
0.9914,16,12,mmwave,4,4.43951,4,4.43951,0,-5,false,-1,-1,-1,-1,measurement,native_mmwave_sinr_report
0.9914,17,14,mmwave,4,3.75431,4,3.75431,0,-5,false,-1,-1,-1,-1,measurement,native_mmwave_sinr_report
0.9914,18,2,mmwave,4,1.71341,4,1.71341,0,-5,false,-1,-1,-1,-1,measurement,native_mmwave_sinr_report
0.9914,19,7,mmwave,4,1.18902,4,1.18902,0,-5,false,-1,-1,-1,-1,measurement,native_mmwave_sinr_report
0.9914,20,19,mmwave,4,-0.0521195,4,-0.0521195,0,-5,false,-1,-1,-1,-1,measurement,native_mmwave_sinr_report
0.993,16,12,mmwave,4,4.44103,4,4.44103,0,-5,false,-1,-1,-1,-1,measurement,native_mmwave_sinr_report
0.993,17,14,mmwave,4,3.75654,4,3.75654,0,-5,false,-1,-1,-1,-1,measurement,native_mmwave_sinr_report
0.993,18,2,mmwave,4,1.71449,4,1.71449,0,-5,false,-1,-1,-1,-1,measurement,native_mmwave_sinr_report
0.993,19,7,mmwave,4,1.19085,4,1.19085,0,-5,false,-1,-1,-1,-1,measurement,native_mmwave_sinr_report
0.993,20,19,mmwave,4,-0.0504149,4,-0.0504149,0,-5,false,-1,-1,-1,-1,measurement,native_mmwave_sinr_report
0.9946,16,12,mmwave,4,4.44256,4,4.44256,0,-5,false,-1,-1,-1,-1,measurement,native_mmwave_sinr_report
0.9946,17,14,mmwave,4,3.75877,4,3.75877,0,-5,false,-1,-1,-1,-1,measurement,native_mmwave_sinr_report
0.9946,18,2,mmwave,4,1.71557,4,1.71557,0,-5,false,-1,-1,-1,-1,measurement,native_mmwave_sinr_report
0.9946,19,7,mmwave,4,1.19268,4,1.19268,0,-5,false,-1,-1,-1,-1,measurement,native_mmwave_sinr_report
0.9946,20,19,mmwave,4,-0.04871,4,-0.04871,0,-5,false,-1,-1,-1,-1,measurement,native_mmwave_sinr_report
0.9962,16,12,mmwave,4,4.44408,4,4.44408,0,-5,false,-1,-1,-1,-1,measurement,native_mmwave_sinr_report
0.9962,17,14,mmwave,4,3.761,4,3.761,0,-5,false,-1,-1,-1,-1,measurement,native_mmwave_sinr_report
0.9962,18,2,mmwave,4,1.71665,4,1.71665,0,-5,false,-1,-1,-1,-1,measurement,native_mmwave_sinr_report
0.9962,19,7,mmwave,4,1.19451,4,1.19451,0,-5,false,-1,-1,-1,-1,measurement,native_mmwave_sinr_report
0.9962,20,19,mmwave,4,-0.0470051,4,-0.0470051,0,-5,false,-1,-1,-1,-1,measurement,native_mmwave_sinr_report
0.9978,16,12,mmwave,4,4.4456,4,4.4456,0,-5,false,-1,-1,-1,-1,measurement,native_mmwave_sinr_report
0.9978,17,14,mmwave,4,3.76323,4,3.76323,0,-5,false,-1,-1,-1,-1,measurement,native_mmwave_sinr_report
0.9978,18,2,mmwave,4,1.71774,4,1.71774,0,-5,false,-1,-1,-1,-1,measurement,native_mmwave_sinr_report
0.9978,19,7,mmwave,4,1.19634,4,1.19634,0,-5,false,-1,-1,-1,-1,measurement,native_mmwave_sinr_report
0.9978,20,19,mmwave,4,-0.0452999,4,-0.0452999,0,-5,false,-1,-1,-1,-1,measurement,native_mmwave_sinr_report
0.9994,16,12,mmwave,4,4.44713,4,4.44713,0,-5,false,-1,-1,-1,-1,measurement,native_mmwave_sinr_report
0.9994,17,14,mmwave,4,3.76547,4,3.76547,0,-5,false,-1,-1,-1,-1,measurement,native_mmwave_sinr_report
0.9994,18,2,mmwave,4,1.71882,4,1.71882,0,-5,false,-1,-1,-1,-1,measurement,native_mmwave_sinr_report
0.9994,19,7,mmwave,4,1.19817,4,1.19817,0,-5,false,-1,-1,-1,-1,measurement,native_mmwave_sinr_report
0.9994,20,19,mmwave,4,-0.0435945,4,-0.0435945,0,-5,false,-1,-1,-1,-1,measurement,native_mmwave_sinr_report
1.001,16,12,mmwave,4,4.44865,4,4.44865,0,-5,false,-1,-1,-1,-1,measurement,native_mmwave_sinr_report
1.001,17,14,mmwave,4,3.7677,4,3.7677,0,-5,false,-1,-1,-1,-1,measurement,native_mmwave_sinr_report
1.001,18,2,mmwave,4,1.7199,4,1.7199,0,-5,false,-1,-1,-1,-1,measurement,native_mmwave_sinr_report
1.001,19,7,mmwave,4,1.2,4,1.2,0,-5,false,-1,-1,-1,-1,measurement,native_mmwave_sinr_report
1.001,20,19,mmwave,4,-0.041889,4,-0.041889,0,-5,false,-1,-1,-1,-1,measurement,native_mmwave_sinr_report
1.0026,16,12,mmwave,4,4.45018,4,4.45018,0,-5,false,-1,-1,-1,-1,measurement,native_mmwave_sinr_report
1.0026,17,14,mmwave,4,3.76993,4,3.76993,0,-5,false,-1,-1,-1,-1,measurement,native_mmwave_sinr_report
1.0026,18,2,mmwave,4,1.72098,4,1.72098,0,-5,false,-1,-1,-1,-1,measurement,native_mmwave_sinr_report
1.0026,19,7,mmwave,4,12.4662,4,12.4662,0,-5,false,-1,-1,-1,-1,measurement,native_mmwave_sinr_report
1.0026,20,19,mmwave,4,-0.0401832,4,-0.0401832,0,-5,false,-1,-1,-1,-1,measurement,native_mmwave_sinr_report
1.0042,16,12,mmwave,4,4.4517,4,4.4517,0,-5,false,-1,-1,-1,-1,measurement,native_mmwave_sinr_report
1.0042,17,14,mmwave,4,3.77216,4,3.77216,0,-5,false,-1,-1,-1,-1,measurement,native_mmwave_sinr_report
1.0042,18,2,mmwave,4,1.72206,4,1.72206,0,-5,false,-1,-1,-1,-1,measurement,native_mmwave_sinr_report
1.0042,19,7,mmwave,4,12.4683,4,12.4683,0,-5,false,-1,-1,-1,-1,measurement,native_mmwave_sinr_report
1.0042,20,19,mmwave,4,-0.0384773,4,-0.0384773,0,-5,false,-1,-1,-1,-1,measurement,native_mmwave_sinr_report
1.0058,16,12,mmwave,4,4.45323,4,4.45323,0,-5,false,-1,-1,-1,-1,measurement,native_mmwave_sinr_report
1.0058,17,14,mmwave,4,3.77439,4,3.77439,0,-5,false,-1,-1,-1,-1,measurement,native_mmwave_sinr_report
1.0058,18,2,mmwave,4,1.72315,4,1.72315,0,-5,false,-1,-1,-1,-1,measurement,native_mmwave_sinr_report
1.0058,19,7,mmwave,4,12.4703,4,12.4703,0,-5,false,-1,-1,-1,-1,measurement,native_mmwave_sinr_report
1.0058,20,19,mmwave,4,-0.0367712,4,-0.0367712,0,-5,false,-1,-1,-1,-1,measurement,native_mmwave_sinr_report
1.0074,16,12,mmwave,4,4.45475,4,4.45475,0,-5,false,-1,-1,-1,-1,measurement,native_mmwave_sinr_report
1.0074,17,14,mmwave,4,3.77662,4,3.77662,0,-5,false,-1,-1,-1,-1,measurement,native_mmwave_sinr_report
1.0074,18,2,mmwave,4,1.72423,4,1.72423,0,-5,false,-1,-1,-1,-1,measurement,native_mmwave_sinr_report
1.0074,19,7,mmwave,4,12.4724,4,12.4724,0,-5,false,-1,-1,-1,-1,measurement,native_mmwave_sinr_report
1.0074,20,19,mmwave,4,-0.0350649,4,-0.0350649,0,-5,false,-1,-1,-1,-1,measurement,native_mmwave_sinr_report
1.009,16,12,mmwave,4,4.45628,4,4.45628,0,-5,false,-1,-1,-1,-1,measurement,native_mmwave_sinr_report
1.009,17,14,mmwave,4,3.77886,4,3.77886,0,-5,false,-1,-1,-1,-1,measurement,native_mmwave_sinr_report
1.009,18,2,mmwave,4,1.72531,4,1.72531,0,-5,false,-1,-1,-1,-1,measurement,native_mmwave_sinr_report
1.009,19,7,mmwave,4,12.4745,4,12.4745,0,-5,false,-1,-1,-1,-1,measurement,native_mmwave_sinr_report
1.009,20,19,mmwave,4,-0.0333584,4,-0.0333584,0,-5,false,-1,-1,-1,-1,measurement,native_mmwave_sinr_report
1.0106,16,12,mmwave,4,4.4578,4,4.4578,0,-5,false,-1,-1,-1,-1,measurement,native_mmwave_sinr_report
1.0106,17,14,mmwave,4,3.78109,4,3.78109,0,-5,false,-1,-1,-1,-1,measurement,native_mmwave_sinr_report
1.0106,18,2,mmwave,4,1.72639,4,1.72639,0,-5,false,-1,-1,-1,-1,measurement,native_mmwave_sinr_report
1.0106,19,7,mmwave,4,12.4766,4,12.4766,0,-5,false,-1,-1,-1,-1,measurement,native_mmwave_sinr_report
1.0106,20,19,mmwave,4,-0.0316517,4,-0.0316517,0,-5,false,-1,-1,-1,-1,measurement,native_mmwave_sinr_report
1.0122,16,12,mmwave,4,4.45933,4,4.45933,0,-5,false,-1,-1,-1,-1,measurement,native_mmwave_sinr_report
1.0122,17,14,mmwave,4,3.78332,4,3.78332,0,-5,false,-1,-1,-1,-1,measurement,native_mmwave_sinr_report
1.0122,18,2,mmwave,4,1.72748,4,1.72748,0,-5,false,-1,-1,-1,-1,measurement,native_mmwave_sinr_report
1.0122,19,7,mmwave,4,12.4786,4,12.4786,0,-5,false,-1,-1,-1,-1,measurement,native_mmwave_sinr_report
1.0122,20,19,mmwave,4,-0.0299449,4,-0.0299449,0,-5,false,-1,-1,-1,-1,measurement,native_mmwave_sinr_report
1.0138,16,12,mmwave,4,4.46085,4,4.46085,0,-5,false,-1,-1,-1,-1,measurement,native_mmwave_sinr_report
1.0138,17,14,mmwave,4,3.78556,4,3.78556,0,-5,false,-1,-1,-1,-1,measurement,native_mmwave_sinr_report
1.0138,18,2,mmwave,4,1.72856,4,1.72856,0,-5,false,-1,-1,-1,-1,measurement,native_mmwave_sinr_report
1.0138,19,7,mmwave,4,12.4807,4,12.4807,0,-5,false,-1,-1,-1,-1,measurement,native_mmwave_sinr_report
1.0138,20,19,mmwave,4,-0.0282378,4,-0.0282378,0,-5,false,-1,-1,-1,-1,measurement,native_mmwave_sinr_report
1.0154,16,12,mmwave,4,4.46238,4,4.46238,0,-5,false,-1,-1,-1,-1,measurement,native_mmwave_sinr_report
1.0154,17,14,mmwave,4,3.78779,4,3.78779,0,-5,false,-1,-1,-1,-1,measurement,native_mmwave_sinr_report
1.0154,18,2,mmwave,4,1.72964,4,1.72964,0,-5,false,-1,-1,-1,-1,measurement,native_mmwave_sinr_report
1.0154,19,7,mmwave,4,12.4828,4,12.4828,0,-5,false,-1,-1,-1,-1,measurement,native_mmwave_sinr_report
1.0154,20,19,mmwave,4,-0.0265306,4,-0.0265306,0,-5,false,-1,-1,-1,-1,measurement,native_mmwave_sinr_report
1.017,16,12,mmwave,4,4.46391,4,4.46391,0,-5,false,-1,-1,-1,-1,measurement,native_mmwave_sinr_report
1.017,17,14,mmwave,4,3.79002,4,3.79002,0,-5,false,-1,-1,-1,-1,measurement,native_mmwave_sinr_report
1.017,18,2,mmwave,4,1.73073,4,1.73073,0,-5,false,-1,-1,-1,-1,measurement,native_mmwave_sinr_report
1.017,19,7,mmwave,4,12.4849,4,12.4849,0,-5,false,-1,-1,-1,-1,measurement,native_mmwave_sinr_report
1.017,20,19,mmwave,4,-0.0248232,4,-0.0248232,0,-5,false,-1,-1,-1,-1,measurement,native_mmwave_sinr_report
1.0186,16,12,mmwave,4,4.46543,4,4.46543,0,-5,false,-1,-1,-1,-1,measurement,native_mmwave_sinr_report
1.0186,17,14,mmwave,4,3.79226,4,3.79226,0,-5,false,-1,-1,-1,-1,measurement,native_mmwave_sinr_report
1.0186,18,2,mmwave,4,1.73181,4,1.73181,0,-5,false,-1,-1,-1,-1,measurement,native_mmwave_sinr_report
1.0186,19,7,mmwave,4,12.4869,4,12.4869,0,-5,false,-1,-1,-1,-1,measurement,native_mmwave_sinr_report
1.0186,20,19,mmwave,4,-0.0231156,4,-0.0231156,0,-5,false,-1,-1,-1,-1,measurement,native_mmwave_sinr_report
1.0202,16,12,mmwave,4,4.46696,4,4.46696,0,-5,false,-1,-1,-1,-1,measurement,native_mmwave_sinr_report
1.0202,17,14,mmwave,4,3.79449,4,3.79449,0,-5,false,-1,-1,-1,-1,measurement,native_mmwave_sinr_report
1.0202,18,2,mmwave,4,1.73289,4,1.73289,0,-5,false,-1,-1,-1,-1,measurement,native_mmwave_sinr_report
1.0202,19,7,mmwave,4,12.489,4,12.489,0,-5,false,-1,-1,-1,-1,measurement,native_mmwave_sinr_report
1.0202,20,19,mmwave,4,-0.0214078,4,-0.0214078,0,-5,false,-1,-1,-1,-1,measurement,native_mmwave_sinr_report
1.0218,16,12,mmwave,4,4.46849,4,4.46849,0,-5,false,-1,-1,-1,-1,measurement,native_mmwave_sinr_report
1.0218,17,14,mmwave,4,3.79673,4,3.79673,0,-5,false,-1,-1,-1,-1,measurement,native_mmwave_sinr_report
1.0218,18,2,mmwave,4,1.73398,4,1.73398,0,-5,false,-1,-1,-1,-1,measurement,native_mmwave_sinr_report
1.0218,19,7,mmwave,4,12.4911,4,12.4911,0,-5,false,-1,-1,-1,-1,measurement,native_mmwave_sinr_report
1.0218,20,19,mmwave,4,-0.0196999,4,-0.0196999,0,-5,false,-1,-1,-1,-1,measurement,native_mmwave_sinr_report
1.0234,16,12,mmwave,4,4.47001,4,4.47001,0,-5,false,-1,-1,-1,-1,measurement,native_mmwave_sinr_report
1.0234,17,14,mmwave,4,3.79896,4,3.79896,0,-5,false,-1,-1,-1,-1,measurement,native_mmwave_sinr_report
1.0234,18,2,mmwave,4,1.73506,4,1.73506,0,-5,false,-1,-1,-1,-1,measurement,native_mmwave_sinr_report
1.0234,19,7,mmwave,4,12.4932,4,12.4932,0,-5,false,-1,-1,-1,-1,measurement,native_mmwave_sinr_report
1.0234,20,19,mmwave,4,-0.0179917,4,-0.0179917,0,-5,false,-1,-1,-1,-1,measurement,native_mmwave_sinr_report
1.025,16,12,mmwave,4,4.47154,4,4.47154,0,-5,false,-1,-1,-1,-1,measurement,native_mmwave_sinr_report
1.025,17,14,mmwave,4,3.8012,4,3.8012,0,-5,false,-1,-1,-1,-1,measurement,native_mmwave_sinr_report
1.025,18,2,mmwave,4,1.73614,4,1.73614,0,-5,false,-1,-1,-1,-1,measurement,native_mmwave_sinr_report
1.025,19,7,mmwave,4,12.4952,4,12.4952,0,-5,false,-1,-1,-1,-1,measurement,native_mmwave_sinr_report
1.025,20,19,mmwave,4,-0.0162834,4,-0.0162834,0,-5,false,-1,-1,-1,-1,measurement,native_mmwave_sinr_report
1.0266,16,12,mmwave,4,4.47307,4,4.47307,0,-5,false,-1,-1,-1,-1,measurement,native_mmwave_sinr_report
1.0266,17,14,mmwave,4,3.80344,4,3.80344,0,-5,false,-1,-1,-1,-1,measurement,native_mmwave_sinr_report
1.0266,18,2,mmwave,4,1.73722,4,1.73722,0,-5,false,-1,-1,-1,-1,measurement,native_mmwave_sinr_report
1.0266,19,7,mmwave,4,12.4973,4,12.4973,0,-5,false,-1,-1,-1,-1,measurement,native_mmwave_sinr_report
1.0266,20,19,mmwave,4,-0.0145748,4,-0.0145748,0,-5,false,-1,-1,-1,-1,measurement,native_mmwave_sinr_report
1.0282,16,12,mmwave,4,4.47459,4,4.47459,0,-5,false,-1,-1,-1,-1,measurement,native_mmwave_sinr_report
1.0282,17,14,mmwave,4,3.80567,4,3.80567,0,-5,false,-1,-1,-1,-1,measurement,native_mmwave_sinr_report
1.0282,18,2,mmwave,4,1.73831,4,1.73831,0,-5,false,-1,-1,-1,-1,measurement,native_mmwave_sinr_report
1.0282,19,7,mmwave,4,12.4994,4,12.4994,0,-5,false,-1,-1,-1,-1,measurement,native_mmwave_sinr_report
1.0282,20,19,mmwave,4,-0.0128661,4,-0.0128661,0,-5,false,-1,-1,-1,-1,measurement,native_mmwave_sinr_report
1.0298,16,12,mmwave,4,4.47612,4,4.47612,0,-5,false,-1,-1,-1,-1,measurement,native_mmwave_sinr_report
1.0298,17,14,mmwave,4,3.80791,4,3.80791,0,-5,false,-1,-1,-1,-1,measurement,native_mmwave_sinr_report
1.0298,18,2,mmwave,4,1.73939,4,1.73939,0,-5,false,-1,-1,-1,-1,measurement,native_mmwave_sinr_report
1.0298,19,7,mmwave,4,12.5015,4,12.5015,0,-5,false,-1,-1,-1,-1,measurement,native_mmwave_sinr_report
1.0298,20,19,mmwave,4,-0.0111572,4,-0.0111572,0,-5,false,-1,-1,-1,-1,measurement,native_mmwave_sinr_report
1.0314,16,12,mmwave,4,4.47765,4,4.47765,0,-5,false,-1,-1,-1,-1,measurement,native_mmwave_sinr_report
1.0314,17,14,mmwave,4,3.81015,4,3.81015,0,-5,false,-1,-1,-1,-1,measurement,native_mmwave_sinr_report
1.0314,18,2,mmwave,4,1.74048,4,1.74048,0,-5,false,-1,-1,-1,-1,measurement,native_mmwave_sinr_report
1.0314,19,7,mmwave,4,12.5036,4,12.5036,0,-5,false,-1,-1,-1,-1,measurement,native_mmwave_sinr_report
1.0314,20,19,mmwave,4,-0.00944812,4,-0.00944812,0,-5,false,-1,-1,-1,-1,measurement,native_mmwave_sinr_report
1.033,16,12,mmwave,4,4.47918,4,4.47918,0,-5,false,-1,-1,-1,-1,measurement,native_mmwave_sinr_report
1.033,17,14,mmwave,4,3.81238,4,3.81238,0,-5,false,-1,-1,-1,-1,measurement,native_mmwave_sinr_report
1.033,18,2,mmwave,4,1.74156,4,1.74156,0,-5,false,-1,-1,-1,-1,measurement,native_mmwave_sinr_report
1.033,19,7,mmwave,4,12.5056,4,12.5056,0,-5,false,-1,-1,-1,-1,measurement,native_mmwave_sinr_report
1.033,20,19,mmwave,4,-0.00773884,4,-0.00773884,0,-5,false,-1,-1,-1,-1,measurement,native_mmwave_sinr_report
1.0346,16,12,mmwave,4,4.4807,4,4.4807,0,-5,false,-1,-1,-1,-1,measurement,native_mmwave_sinr_report
1.0346,17,14,mmwave,4,3.81462,4,3.81462,0,-5,false,-1,-1,-1,-1,measurement,native_mmwave_sinr_report
1.0346,18,2,mmwave,4,1.74264,4,1.74264,0,-5,false,-1,-1,-1,-1,measurement,native_mmwave_sinr_report
1.0346,19,7,mmwave,4,12.5077,4,12.5077,0,-5,false,-1,-1,-1,-1,measurement,native_mmwave_sinr_report
1.0346,20,19,mmwave,4,-0.00602938,4,-0.00602938,0,-5,false,-1,-1,-1,-1,measurement,native_mmwave_sinr_report
1.0362,16,12,mmwave,4,4.48223,4,4.48223,0,-5,false,-1,-1,-1,-1,measurement,native_mmwave_sinr_report
1.0362,17,14,mmwave,4,3.81686,4,3.81686,0,-5,false,-1,-1,-1,-1,measurement,native_mmwave_sinr_report
1.0362,18,2,mmwave,4,1.74373,4,1.74373,0,-5,false,-1,-1,-1,-1,measurement,native_mmwave_sinr_report
1.0362,19,7,mmwave,4,12.5098,4,12.5098,0,-5,false,-1,-1,-1,-1,measurement,native_mmwave_sinr_report
1.0362,20,19,mmwave,4,-0.00431973,4,-0.00431973,0,-5,false,-1,-1,-1,-1,measurement,native_mmwave_sinr_report
1.0378,16,12,mmwave,4,4.48376,4,4.48376,0,-5,false,-1,-1,-1,-1,measurement,native_mmwave_sinr_report
1.0378,17,14,mmwave,4,3.8191,4,3.8191,0,-5,false,-1,-1,-1,-1,measurement,native_mmwave_sinr_report
1.0378,18,2,mmwave,4,1.74481,4,1.74481,0,-5,false,-1,-1,-1,-1,measurement,native_mmwave_sinr_report
1.0378,19,7,mmwave,4,12.5119,4,12.5119,0,-5,false,-1,-1,-1,-1,measurement,native_mmwave_sinr_report
1.0378,20,19,mmwave,4,-0.0026099,4,-0.0026099,0,-5,false,-1,-1,-1,-1,measurement,native_mmwave_sinr_report
1.0394,16,12,mmwave,4,4.48529,4,4.48529,0,-5,false,-1,-1,-1,-1,measurement,native_mmwave_sinr_report
1.0394,17,14,mmwave,4,3.82134,4,3.82134,0,-5,false,-1,-1,-1,-1,measurement,native_mmwave_sinr_report
1.0394,18,2,mmwave,4,1.74589,4,1.74589,0,-5,false,-1,-1,-1,-1,measurement,native_mmwave_sinr_report
1.0394,19,7,mmwave,4,12.514,4,12.514,0,-5,false,-1,-1,-1,-1,measurement,native_mmwave_sinr_report
1.0394,20,19,mmwave,4,-0.000899877,4,-0.000899877,0,-5,false,-1,-1,-1,-1,measurement,native_mmwave_sinr_report
1.041,16,12,mmwave,4,4.48682,4,4.48682,0,-5,false,-1,-1,-1,-1,measurement,native_mmwave_sinr_report
1.041,17,14,mmwave,4,3.82358,4,3.82358,0,-5,false,-1,-1,-1,-1,measurement,native_mmwave_sinr_report
1.041,18,2,mmwave,4,1.74698,4,1.74698,0,-5,false,-1,-1,-1,-1,measurement,native_mmwave_sinr_report
1.041,19,7,mmwave,4,12.516,4,12.516,0,-5,false,-1,-1,-1,-1,measurement,native_mmwave_sinr_report
1.041,20,19,mmwave,4,0.000810331,4,0.000810331,0,-5,false,-1,-1,-1,-1,measurement,native_mmwave_sinr_report
1.0426,16,12,mmwave,4,4.48834,4,4.48834,0,-5,false,-1,-1,-1,-1,measurement,native_mmwave_sinr_report
1.0426,17,14,mmwave,4,3.82582,4,3.82582,0,-5,false,-1,-1,-1,-1,measurement,native_mmwave_sinr_report
1.0426,18,2,mmwave,4,1.74806,4,1.74806,0,-5,false,-1,-1,-1,-1,measurement,native_mmwave_sinr_report
1.0426,19,7,mmwave,4,12.5181,4,12.5181,0,-5,false,-1,-1,-1,-1,measurement,native_mmwave_sinr_report
1.0426,20,19,mmwave,4,0.00252073,4,0.00252073,0,-5,false,-1,-1,-1,-1,measurement,native_mmwave_sinr_report
1.0442,16,12,mmwave,4,4.48987,4,4.48987,0,-5,false,-1,-1,-1,-1,measurement,native_mmwave_sinr_report
1.0442,17,14,mmwave,4,3.82806,4,3.82806,0,-5,false,-1,-1,-1,-1,measurement,native_mmwave_sinr_report
1.0442,18,2,mmwave,4,1.74915,4,1.74915,0,-5,false,-1,-1,-1,-1,measurement,native_mmwave_sinr_report
1.0442,19,7,mmwave,4,12.5202,4,12.5202,0,-5,false,-1,-1,-1,-1,measurement,native_mmwave_sinr_report
1.0442,20,19,mmwave,4,0.00423131,4,0.00423131,0,-5,false,-1,-1,-1,-1,measurement,native_mmwave_sinr_report
1.0458,16,12,mmwave,4,4.4914,4,4.4914,0,-5,false,-1,-1,-1,-1,measurement,native_mmwave_sinr_report
1.0458,17,14,mmwave,4,3.8303,4,3.8303,0,-5,false,-1,-1,-1,-1,measurement,native_mmwave_sinr_report
1.0458,18,2,mmwave,4,1.75023,4,1.75023,0,-5,false,-1,-1,-1,-1,measurement,native_mmwave_sinr_report
1.0458,19,7,mmwave,4,12.5223,4,12.5223,0,-5,false,-1,-1,-1,-1,measurement,native_mmwave_sinr_report
1.0458,20,19,mmwave,4,0.00594208,4,0.00594208,0,-5,false,-1,-1,-1,-1,measurement,native_mmwave_sinr_report
1.0474,16,12,mmwave,4,4.49293,4,4.49293,0,-5,false,-1,-1,-1,-1,measurement,native_mmwave_sinr_report
1.0474,17,14,mmwave,4,3.83254,4,3.83254,0,-5,false,-1,-1,-1,-1,measurement,native_mmwave_sinr_report
1.0474,18,2,mmwave,4,1.75132,4,1.75132,0,-5,false,-1,-1,-1,-1,measurement,native_mmwave_sinr_report
1.0474,19,7,mmwave,4,12.5243,4,12.5243,0,-5,false,-1,-1,-1,-1,measurement,native_mmwave_sinr_report
1.0474,20,19,mmwave,4,0.00765303,4,0.00765303,0,-5,false,-1,-1,-1,-1,measurement,native_mmwave_sinr_report
1.049,16,12,mmwave,4,4.49446,4,4.49446,0,-5,false,-1,-1,-1,-1,measurement,native_mmwave_sinr_report
1.049,17,14,mmwave,4,3.83478,4,3.83478,0,-5,false,-1,-1,-1,-1,measurement,native_mmwave_sinr_report
1.049,18,2,mmwave,4,1.7524,4,1.7524,0,-5,false,-1,-1,-1,-1,measurement,native_mmwave_sinr_report
1.049,19,7,mmwave,4,12.5264,4,12.5264,0,-5,false,-1,-1,-1,-1,measurement,native_mmwave_sinr_report
1.049,20,19,mmwave,4,0.00936417,4,0.00936417,0,-5,false,-1,-1,-1,-1,measurement,native_mmwave_sinr_report
1.0506,16,12,mmwave,4,4.49599,4,4.49599,0,-5,false,-1,-1,-1,-1,measurement,native_mmwave_sinr_report
1.0506,17,14,mmwave,4,3.83702,4,3.83702,0,-5,false,-1,-1,-1,-1,measurement,native_mmwave_sinr_report
1.0506,18,2,mmwave,4,1.75348,4,1.75348,0,-5,false,-1,-1,-1,-1,measurement,native_mmwave_sinr_report
1.0506,19,7,mmwave,4,12.5285,4,12.5285,0,-5,false,-1,-1,-1,-1,measurement,native_mmwave_sinr_report
1.0506,20,19,mmwave,4,0.0110755,4,0.0110755,0,-5,false,-1,-1,-1,-1,measurement,native_mmwave_sinr_report
1.0522,16,12,mmwave,4,4.49752,4,4.49752,0,-5,false,-1,-1,-1,-1,measurement,native_mmwave_sinr_report
1.0522,17,14,mmwave,4,3.83926,4,3.83926,0,-5,false,-1,-1,-1,-1,measurement,native_mmwave_sinr_report
1.0522,18,2,mmwave,4,1.75457,4,1.75457,0,-5,false,-1,-1,-1,-1,measurement,native_mmwave_sinr_report
1.0522,19,7,mmwave,4,12.5306,4,12.5306,0,-5,false,-1,-1,-1,-1,measurement,native_mmwave_sinr_report
1.0522,20,19,mmwave,4,0.012787,4,0.012787,0,-5,false,-1,-1,-1,-1,measurement,native_mmwave_sinr_report
1.0538,16,12,mmwave,4,4.49905,4,4.49905,0,-5,false,-1,-1,-1,-1,measurement,native_mmwave_sinr_report
1.0538,17,14,mmwave,4,3.8415,4,3.8415,0,-5,false,-1,-1,-1,-1,measurement,native_mmwave_sinr_report
1.0538,18,2,mmwave,4,1.75565,4,1.75565,0,-5,false,-1,-1,-1,-1,measurement,native_mmwave_sinr_report
1.0538,19,7,mmwave,4,12.5327,4,12.5327,0,-5,false,-1,-1,-1,-1,measurement,native_mmwave_sinr_report
1.0538,20,19,mmwave,4,0.0144987,4,0.0144987,0,-5,false,-1,-1,-1,-1,measurement,native_mmwave_sinr_report
1.0554,16,12,mmwave,4,4.50058,4,4.50058,0,-5,false,-1,-1,-1,-1,measurement,native_mmwave_sinr_report
1.0554,17,14,mmwave,4,3.84374,4,3.84374,0,-5,false,-1,-1,-1,-1,measurement,native_mmwave_sinr_report
1.0554,18,2,mmwave,4,1.75674,4,1.75674,0,-5,false,-1,-1,-1,-1,measurement,native_mmwave_sinr_report
1.0554,19,7,mmwave,4,12.5348,4,12.5348,0,-5,false,-1,-1,-1,-1,measurement,native_mmwave_sinr_report
1.0554,20,19,mmwave,4,0.0162106,4,0.0162106,0,-5,false,-1,-1,-1,-1,measurement,native_mmwave_sinr_report
1.057,16,12,mmwave,4,4.50211,4,4.50211,0,-5,false,-1,-1,-1,-1,measurement,native_mmwave_sinr_report
1.057,17,14,mmwave,4,3.84599,4,3.84599,0,-5,false,-1,-1,-1,-1,measurement,native_mmwave_sinr_report
1.057,18,2,mmwave,4,1.75782,4,1.75782,0,-5,false,-1,-1,-1,-1,measurement,native_mmwave_sinr_report
1.057,19,7,mmwave,4,12.5368,4,12.5368,0,-5,false,-1,-1,-1,-1,measurement,native_mmwave_sinr_report
1.057,20,19,mmwave,4,0.0179227,4,0.0179227,0,-5,false,-1,-1,-1,-1,measurement,native_mmwave_sinr_report
1.0586,16,12,mmwave,4,4.50364,4,4.50364,0,-5,false,-1,-1,-1,-1,measurement,native_mmwave_sinr_report
1.0586,17,14,mmwave,4,3.84823,4,3.84823,0,-5,false,-1,-1,-1,-1,measurement,native_mmwave_sinr_report
1.0586,18,2,mmwave,4,1.75891,4,1.75891,0,-5,false,-1,-1,-1,-1,measurement,native_mmwave_sinr_report
1.0586,19,7,mmwave,4,12.5389,4,12.5389,0,-5,false,-1,-1,-1,-1,measurement,native_mmwave_sinr_report
1.0586,20,19,mmwave,4,0.019635,4,0.019635,0,-5,false,-1,-1,-1,-1,measurement,native_mmwave_sinr_report
1.0602,16,12,mmwave,4,4.50517,4,4.50517,0,-5,false,-1,-1,-1,-1,measurement,native_mmwave_sinr_report
1.0602,17,14,mmwave,4,3.85047,4,3.85047,0,-5,false,-1,-1,-1,-1,measurement,native_mmwave_sinr_report
1.0602,18,2,mmwave,4,1.75999,4,1.75999,0,-5,false,-1,-1,-1,-1,measurement,native_mmwave_sinr_report
1.0602,19,7,mmwave,4,12.541,4,12.541,0,-5,false,-1,-1,-1,-1,measurement,native_mmwave_sinr_report
1.0602,20,19,mmwave,4,0.0213474,4,0.0213474,0,-5,false,-1,-1,-1,-1,measurement,native_mmwave_sinr_report
1.0618,16,12,mmwave,4,4.5067,4,4.5067,0,-5,false,-1,-1,-1,-1,measurement,native_mmwave_sinr_report
1.0618,17,14,mmwave,4,3.85272,4,3.85272,0,-5,false,-1,-1,-1,-1,measurement,native_mmwave_sinr_report
1.0618,18,2,mmwave,4,1.76108,4,1.76108,0,-5,false,-1,-1,-1,-1,measurement,native_mmwave_sinr_report
1.0618,19,7,mmwave,4,12.5431,4,12.5431,0,-5,false,-1,-1,-1,-1,measurement,native_mmwave_sinr_report
1.0618,20,19,mmwave,4,0.02306,4,0.02306,0,-5,false,-1,-1,-1,-1,measurement,native_mmwave_sinr_report
1.0634,16,12,mmwave,4,4.50823,4,4.50823,0,-5,false,-1,-1,-1,-1,measurement,native_mmwave_sinr_report
1.0634,17,14,mmwave,4,3.85496,4,3.85496,0,-5,false,-1,-1,-1,-1,measurement,native_mmwave_sinr_report
1.0634,18,2,mmwave,4,1.76216,4,1.76216,0,-5,false,-1,-1,-1,-1,measurement,native_mmwave_sinr_report
1.0634,19,7,mmwave,4,12.5452,4,12.5452,0,-5,false,-1,-1,-1,-1,measurement,native_mmwave_sinr_report
1.0634,20,19,mmwave,4,0.0247729,4,0.0247729,0,-5,false,-1,-1,-1,-1,measurement,native_mmwave_sinr_report
1.065,16,12,mmwave,4,4.50976,4,4.50976,0,-5,false,-1,-1,-1,-1,measurement,native_mmwave_sinr_report
1.065,17,14,mmwave,4,3.8572,4,3.8572,0,-5,false,-1,-1,-1,-1,measurement,native_mmwave_sinr_report
1.065,18,2,mmwave,4,1.76325,4,1.76325,0,-5,false,-1,-1,-1,-1,measurement,native_mmwave_sinr_report
1.065,19,7,mmwave,4,12.5473,4,12.5473,0,-5,false,-1,-1,-1,-1,measurement,native_mmwave_sinr_report
1.065,20,19,mmwave,4,0.0264859,4,0.0264859,0,-5,false,-1,-1,-1,-1,measurement,native_mmwave_sinr_report
1.0666,16,12,mmwave,4,4.51129,4,4.51129,0,-5,false,-1,-1,-1,-1,measurement,native_mmwave_sinr_report
1.0666,17,14,mmwave,4,3.85945,4,3.85945,0,-5,false,-1,-1,-1,-1,measurement,native_mmwave_sinr_report
1.0666,18,2,mmwave,4,1.76433,4,1.76433,0,-5,false,-1,-1,-1,-1,measurement,native_mmwave_sinr_report
1.0666,19,7,mmwave,4,12.5493,4,12.5493,0,-5,false,-1,-1,-1,-1,measurement,native_mmwave_sinr_report
1.0666,20,19,mmwave,4,0.0281991,4,0.0281991,0,-5,false,-1,-1,-1,-1,measurement,native_mmwave_sinr_report
1.0682,16,12,mmwave,4,4.51282,4,4.51282,0,-5,false,-1,-1,-1,-1,measurement,native_mmwave_sinr_report
1.0682,17,14,mmwave,4,3.86169,4,3.86169,0,-5,false,-1,-1,-1,-1,measurement,native_mmwave_sinr_report
1.0682,18,2,mmwave,4,1.76542,4,1.76542,0,-5,false,-1,-1,-1,-1,measurement,native_mmwave_sinr_report
1.0682,19,7,mmwave,4,12.5514,4,12.5514,0,-5,false,-1,-1,-1,-1,measurement,native_mmwave_sinr_report
1.0682,20,19,mmwave,4,0.0299125,4,0.0299125,0,-5,false,-1,-1,-1,-1,measurement,native_mmwave_sinr_report
1.0698,16,12,mmwave,4,4.51435,4,4.51435,0,-5,false,-1,-1,-1,-1,measurement,native_mmwave_sinr_report
1.0698,17,14,mmwave,4,3.86394,4,3.86394,0,-5,false,-1,-1,-1,-1,measurement,native_mmwave_sinr_report
1.0698,18,2,mmwave,4,1.7665,4,1.7665,0,-5,false,-1,-1,-1,-1,measurement,native_mmwave_sinr_report
1.0698,19,7,mmwave,4,12.5535,4,12.5535,0,-5,false,-1,-1,-1,-1,measurement,native_mmwave_sinr_report
1.0698,20,19,mmwave,4,0.031626,4,0.031626,0,-5,false,-1,-1,-1,-1,measurement,native_mmwave_sinr_report
1.0714,16,12,mmwave,4,4.51588,4,4.51588,0,-5,false,-1,-1,-1,-1,measurement,native_mmwave_sinr_report
1.0714,17,14,mmwave,4,3.86618,4,3.86618,0,-5,false,-1,-1,-1,-1,measurement,native_mmwave_sinr_report
1.0714,18,2,mmwave,4,1.76759,4,1.76759,0,-5,false,-1,-1,-1,-1,measurement,native_mmwave_sinr_report
1.0714,19,7,mmwave,4,12.5556,4,12.5556,0,-5,false,-1,-1,-1,-1,measurement,native_mmwave_sinr_report
1.0714,20,19,mmwave,4,0.0333398,4,0.0333398,0,-5,false,-1,-1,-1,-1,measurement,native_mmwave_sinr_report
1.073,16,12,mmwave,4,4.51741,4,4.51741,0,-5,false,-1,-1,-1,-1,measurement,native_mmwave_sinr_report
1.073,17,14,mmwave,4,3.86843,4,3.86843,0,-5,false,-1,-1,-1,-1,measurement,native_mmwave_sinr_report
1.073,18,2,mmwave,4,1.76867,4,1.76867,0,-5,false,-1,-1,-1,-1,measurement,native_mmwave_sinr_report
1.073,19,7,mmwave,4,12.5577,4,12.5577,0,-5,false,-1,-1,-1,-1,measurement,native_mmwave_sinr_report
1.073,20,19,mmwave,4,0.0350538,4,0.0350538,0,-5,false,-1,-1,-1,-1,measurement,native_mmwave_sinr_report
1.0746,16,12,mmwave,4,4.51894,4,4.51894,0,-5,false,-1,-1,-1,-1,measurement,native_mmwave_sinr_report
1.0746,17,14,mmwave,4,3.87067,4,3.87067,0,-5,false,-1,-1,-1,-1,measurement,native_mmwave_sinr_report
1.0746,18,2,mmwave,4,1.76976,4,1.76976,0,-5,false,-1,-1,-1,-1,measurement,native_mmwave_sinr_report
1.0746,19,7,mmwave,4,12.5598,4,12.5598,0,-5,false,-1,-1,-1,-1,measurement,native_mmwave_sinr_report
1.0746,20,19,mmwave,4,0.0367679,4,0.0367679,0,-5,false,-1,-1,-1,-1,measurement,native_mmwave_sinr_report
1.0762,16,12,mmwave,4,4.52047,4,4.52047,0,-5,false,-1,-1,-1,-1,measurement,native_mmwave_sinr_report
1.0762,17,14,mmwave,4,3.87292,4,3.87292,0,-5,false,-1,-1,-1,-1,measurement,native_mmwave_sinr_report
1.0762,18,2,mmwave,4,1.77085,4,1.77085,0,-5,false,-1,-1,-1,-1,measurement,native_mmwave_sinr_report
1.0762,19,7,mmwave,4,12.5618,4,12.5618,0,-5,false,-1,-1,-1,-1,measurement,native_mmwave_sinr_report
1.0762,20,19,mmwave,4,0.0384822,4,0.0384822,0,-5,false,-1,-1,-1,-1,measurement,native_mmwave_sinr_report
1.0778,16,12,mmwave,4,4.52201,4,4.52201,0,-5,false,-1,-1,-1,-1,measurement,native_mmwave_sinr_report
1.0778,17,14,mmwave,4,3.87517,4,3.87517,0,-5,false,-1,-1,-1,-1,measurement,native_mmwave_sinr_report
1.0778,18,2,mmwave,4,1.77193,4,1.77193,0,-5,false,-1,-1,-1,-1,measurement,native_mmwave_sinr_report
1.0778,19,7,mmwave,4,12.5639,4,12.5639,0,-5,false,-1,-1,-1,-1,measurement,native_mmwave_sinr_report
1.0778,20,19,mmwave,4,0.0401967,4,0.0401967,0,-5,false,-1,-1,-1,-1,measurement,native_mmwave_sinr_report
1.0794,16,12,mmwave,4,4.52354,4,4.52354,0,-5,false,-1,-1,-1,-1,measurement,native_mmwave_sinr_report
1.0794,17,14,mmwave,4,3.87741,4,3.87741,0,-5,false,-1,-1,-1,-1,measurement,native_mmwave_sinr_report
1.0794,18,2,mmwave,4,1.77302,4,1.77302,0,-5,false,-1,-1,-1,-1,measurement,native_mmwave_sinr_report
1.0794,19,7,mmwave,4,12.566,4,12.566,0,-5,false,-1,-1,-1,-1,measurement,native_mmwave_sinr_report
1.0794,20,19,mmwave,4,0.0419114,4,0.0419114,0,-5,false,-1,-1,-1,-1,measurement,native_mmwave_sinr_report
1.081,16,12,mmwave,4,4.52507,4,4.52507,0,-5,false,-1,-1,-1,-1,measurement,native_mmwave_sinr_report
1.081,17,14,mmwave,4,3.87966,4,3.87966,0,-5,false,-1,-1,-1,-1,measurement,native_mmwave_sinr_report
1.081,18,2,mmwave,4,1.7741,4,1.7741,0,-5,false,-1,-1,-1,-1,measurement,native_mmwave_sinr_report
1.081,19,7,mmwave,4,12.5681,4,12.5681,0,-5,false,-1,-1,-1,-1,measurement,native_mmwave_sinr_report
1.081,20,19,mmwave,4,0.0436263,4,0.0436263,0,-5,false,-1,-1,-1,-1,measurement,native_mmwave_sinr_report
1.0826,16,12,mmwave,4,4.5266,4,4.5266,0,-5,false,-1,-1,-1,-1,measurement,native_mmwave_sinr_report
1.0826,17,14,mmwave,4,3.88191,4,3.88191,0,-5,false,-1,-1,-1,-1,measurement,native_mmwave_sinr_report
1.0826,18,2,mmwave,4,1.77519,4,1.77519,0,-5,false,-1,-1,-1,-1,measurement,native_mmwave_sinr_report
1.0826,19,7,mmwave,4,12.5702,4,12.5702,0,-5,false,-1,-1,-1,-1,measurement,native_mmwave_sinr_report
1.0826,20,19,mmwave,4,0.0453414,4,0.0453414,0,-5,false,-1,-1,-1,-1,measurement,native_mmwave_sinr_report
1.0842,16,12,mmwave,4,4.52813,4,4.52813,0,-5,false,-1,-1,-1,-1,measurement,native_mmwave_sinr_report
1.0842,17,14,mmwave,4,3.88416,4,3.88416,0,-5,false,-1,-1,-1,-1,measurement,native_mmwave_sinr_report
1.0842,18,2,mmwave,4,1.77628,4,1.77628,0,-5,false,-1,-1,-1,-1,measurement,native_mmwave_sinr_report
1.0842,19,7,mmwave,4,12.5723,4,12.5723,0,-5,false,-1,-1,-1,-1,measurement,native_mmwave_sinr_report
1.0842,20,19,mmwave,4,0.0470567,4,0.0470567,0,-5,false,-1,-1,-1,-1,measurement,native_mmwave_sinr_report
1.0858,16,12,mmwave,4,4.52967,4,4.52967,0,-5,false,-1,-1,-1,-1,measurement,native_mmwave_sinr_report
1.0858,17,14,mmwave,4,3.88641,4,3.88641,0,-5,false,-1,-1,-1,-1,measurement,native_mmwave_sinr_report
1.0858,18,2,mmwave,4,1.77736,4,1.77736,0,-5,false,-1,-1,-1,-1,measurement,native_mmwave_sinr_report
1.0858,19,7,mmwave,4,12.5744,4,12.5744,0,-5,false,-1,-1,-1,-1,measurement,native_mmwave_sinr_report
1.0858,20,19,mmwave,4,0.0487721,4,0.0487721,0,-5,false,-1,-1,-1,-1,measurement,native_mmwave_sinr_report
1.0874,16,12,mmwave,4,4.5312,4,4.5312,0,-5,false,-1,-1,-1,-1,measurement,native_mmwave_sinr_report
1.0874,17,14,mmwave,4,3.88865,4,3.88865,0,-5,false,-1,-1,-1,-1,measurement,native_mmwave_sinr_report
1.0874,18,2,mmwave,4,1.77845,4,1.77845,0,-5,false,-1,-1,-1,-1,measurement,native_mmwave_sinr_report
1.0874,19,7,mmwave,4,12.5764,4,12.5764,0,-5,false,-1,-1,-1,-1,measurement,native_mmwave_sinr_report
1.0874,20,19,mmwave,4,0.0504877,4,0.0504877,0,-5,false,-1,-1,-1,-1,measurement,native_mmwave_sinr_report
1.089,16,12,mmwave,4,4.53273,4,4.53273,0,-5,false,-1,-1,-1,-1,measurement,native_mmwave_sinr_report
1.089,17,14,mmwave,4,3.8909,4,3.8909,0,-5,false,-1,-1,-1,-1,measurement,native_mmwave_sinr_report
1.089,18,2,mmwave,4,1.77953,4,1.77953,0,-5,false,-1,-1,-1,-1,measurement,native_mmwave_sinr_report
1.089,19,7,mmwave,4,12.5785,4,12.5785,0,-5,false,-1,-1,-1,-1,measurement,native_mmwave_sinr_report
1.089,20,19,mmwave,4,0.0522036,4,0.0522036,0,-5,false,-1,-1,-1,-1,measurement,native_mmwave_sinr_report
1.0906,16,12,mmwave,4,4.53426,4,4.53426,0,-5,false,-1,-1,-1,-1,measurement,native_mmwave_sinr_report
1.0906,17,14,mmwave,4,3.89315,4,3.89315,0,-5,false,-1,-1,-1,-1,measurement,native_mmwave_sinr_report
1.0906,18,2,mmwave,4,1.78062,4,1.78062,0,-5,false,-1,-1,-1,-1,measurement,native_mmwave_sinr_report
1.0906,19,7,mmwave,4,12.5806,4,12.5806,0,-5,false,-1,-1,-1,-1,measurement,native_mmwave_sinr_report
1.0906,20,19,mmwave,4,0.0539196,4,0.0539196,0,-5,false,-1,-1,-1,-1,measurement,native_mmwave_sinr_report
1.0922,16,12,mmwave,4,4.5358,4,4.5358,0,-5,false,-1,-1,-1,-1,measurement,native_mmwave_sinr_report
1.0922,17,14,mmwave,4,3.8954,4,3.8954,0,-5,false,-1,-1,-1,-1,measurement,native_mmwave_sinr_report
1.0922,18,2,mmwave,4,1.78171,4,1.78171,0,-5,false,-1,-1,-1,-1,measurement,native_mmwave_sinr_report
1.0922,19,7,mmwave,4,12.5827,4,12.5827,0,-5,false,-1,-1,-1,-1,measurement,native_mmwave_sinr_report
1.0922,20,19,mmwave,4,0.0556358,4,0.0556358,0,-5,false,-1,-1,-1,-1,measurement,native_mmwave_sinr_report
1.0938,16,12,mmwave,4,4.53733,4,4.53733,0,-5,false,-1,-1,-1,-1,measurement,native_mmwave_sinr_report
1.0938,17,14,mmwave,4,3.89765,4,3.89765,0,-5,false,-1,-1,-1,-1,measurement,native_mmwave_sinr_report
1.0938,18,2,mmwave,4,1.78279,4,1.78279,0,-5,false,-1,-1,-1,-1,measurement,native_mmwave_sinr_report
1.0938,19,7,mmwave,4,12.5848,4,12.5848,0,-5,false,-1,-1,-1,-1,measurement,native_mmwave_sinr_report
1.0938,20,19,mmwave,4,0.0573522,4,0.0573522,0,-5,false,-1,-1,-1,-1,measurement,native_mmwave_sinr_report
1.0954,16,12,mmwave,4,4.53886,4,4.53886,0,-5,false,-1,-1,-1,-1,measurement,native_mmwave_sinr_report
1.0954,17,14,mmwave,4,3.8999,4,3.8999,0,-5,false,-1,-1,-1,-1,measurement,native_mmwave_sinr_report
1.0954,18,2,mmwave,4,1.78388,4,1.78388,0,-5,false,-1,-1,-1,-1,measurement,native_mmwave_sinr_report
1.0954,19,7,mmwave,4,12.5869,4,12.5869,0,-5,false,-1,-1,-1,-1,measurement,native_mmwave_sinr_report
1.0954,20,19,mmwave,4,0.0590688,4,0.0590688,0,-5,false,-1,-1,-1,-1,measurement,native_mmwave_sinr_report
1.097,16,12,mmwave,4,4.5404,4,4.5404,0,-5,false,-1,-1,-1,-1,measurement,native_mmwave_sinr_report
1.097,17,14,mmwave,4,3.90215,4,3.90215,0,-5,false,-1,-1,-1,-1,measurement,native_mmwave_sinr_report
1.097,18,2,mmwave,4,1.78497,4,1.78497,0,-5,false,-1,-1,-1,-1,measurement,native_mmwave_sinr_report
1.097,19,7,mmwave,4,12.589,4,12.589,0,-5,false,-1,-1,-1,-1,measurement,native_mmwave_sinr_report
1.097,20,19,mmwave,4,0.0607855,4,0.0607855,0,-5,false,-1,-1,-1,-1,measurement,native_mmwave_sinr_report
1.0986,16,12,mmwave,4,4.54193,4,4.54193,0,-5,false,-1,-1,-1,-1,measurement,native_mmwave_sinr_report
1.0986,17,14,mmwave,4,3.9044,4,3.9044,0,-5,false,-1,-1,-1,-1,measurement,native_mmwave_sinr_report
1.0986,18,2,mmwave,4,1.78605,4,1.78605,0,-5,false,-1,-1,-1,-1,measurement,native_mmwave_sinr_report
1.0986,19,7,mmwave,4,12.5911,4,12.5911,0,-5,false,-1,-1,-1,-1,measurement,native_mmwave_sinr_report
1.0986,20,19,mmwave,4,0.0625025,4,0.0625025,0,-5,false,-1,-1,-1,-1,measurement,native_mmwave_sinr_report
1.1002,16,12,mmwave,4,4.54346,4,4.54346,0,-5,false,-1,-1,-1,-1,measurement,native_mmwave_sinr_report
1.1002,17,14,mmwave,4,3.90666,4,3.90666,0,-5,false,-1,-1,-1,-1,measurement,native_mmwave_sinr_report
1.1002,18,2,mmwave,4,1.78714,4,1.78714,0,-5,false,-1,-1,-1,-1,measurement,native_mmwave_sinr_report
1.1002,19,7,mmwave,4,12.5931,4,12.5931,0,-5,false,-1,-1,-1,-1,measurement,native_mmwave_sinr_report
1.1002,20,19,mmwave,4,0.0642196,4,0.0642196,0,-5,false,-1,-1,-1,-1,measurement,native_mmwave_sinr_report
1.1018,16,12,mmwave,4,4.545,4,4.545,0,-5,false,-1,-1,-1,-1,measurement,native_mmwave_sinr_report
1.1018,17,14,mmwave,4,3.90891,4,3.90891,0,-5,false,-1,-1,-1,-1,measurement,native_mmwave_sinr_report
1.1018,18,2,mmwave,4,1.78823,4,1.78823,0,-5,false,-1,-1,-1,-1,measurement,native_mmwave_sinr_report
1.1018,19,7,mmwave,4,12.5952,4,12.5952,0,-5,false,-1,-1,-1,-1,measurement,native_mmwave_sinr_report
1.1018,20,19,mmwave,4,0.065937,4,0.065937,0,-5,false,-1,-1,-1,-1,measurement,native_mmwave_sinr_report
1.1034,16,12,mmwave,4,4.54653,4,4.54653,0,-5,false,-1,-1,-1,-1,measurement,native_mmwave_sinr_report
1.1034,17,14,mmwave,4,3.91116,4,3.91116,0,-5,false,-1,-1,-1,-1,measurement,native_mmwave_sinr_report
1.1034,18,2,mmwave,4,1.78931,4,1.78931,0,-5,false,-1,-1,-1,-1,measurement,native_mmwave_sinr_report
1.1034,19,7,mmwave,4,1.31755,4,1.31755,0,-5,false,-1,-1,-1,-1,measurement,native_mmwave_sinr_report
1.1034,20,19,mmwave,4,0.0676545,4,0.0676545,0,-5,false,-1,-1,-1,-1,measurement,native_mmwave_sinr_report
1.105,16,12,mmwave,4,4.54807,4,4.54807,0,-5,false,-1,-1,-1,-1,measurement,native_mmwave_sinr_report
1.105,17,14,mmwave,4,3.91341,4,3.91341,0,-5,false,-1,-1,-1,-1,measurement,native_mmwave_sinr_report
1.105,18,2,mmwave,4,1.7904,4,1.7904,0,-5,false,-1,-1,-1,-1,measurement,native_mmwave_sinr_report
1.105,19,7,mmwave,4,1.31939,4,1.31939,0,-5,false,-1,-1,-1,-1,measurement,native_mmwave_sinr_report
1.105,20,19,mmwave,4,0.0693722,4,0.0693722,0,-5,false,-1,-1,-1,-1,measurement,native_mmwave_sinr_report
1.1066,16,12,mmwave,4,4.5496,4,4.5496,0,-5,false,-1,-1,-1,-1,measurement,native_mmwave_sinr_report
1.1066,17,14,mmwave,4,3.91566,4,3.91566,0,-5,false,-1,-1,-1,-1,measurement,native_mmwave_sinr_report
1.1066,18,2,mmwave,4,1.79149,4,1.79149,0,-5,false,-1,-1,-1,-1,measurement,native_mmwave_sinr_report
1.1066,19,7,mmwave,4,1.32124,4,1.32124,0,-5,false,-1,-1,-1,-1,measurement,native_mmwave_sinr_report
1.1066,20,19,mmwave,4,0.0710901,4,0.0710901,0,-5,false,-1,-1,-1,-1,measurement,native_mmwave_sinr_report
1.1082,16,12,mmwave,4,4.55114,4,4.55114,0,-5,false,-1,-1,-1,-1,measurement,native_mmwave_sinr_report
1.1082,17,14,mmwave,4,3.91792,4,3.91792,0,-5,false,-1,-1,-1,-1,measurement,native_mmwave_sinr_report
1.1082,18,2,mmwave,4,1.79258,4,1.79258,0,-5,false,-1,-1,-1,-1,measurement,native_mmwave_sinr_report
1.1082,19,7,mmwave,4,1.32308,4,1.32308,0,-5,false,-1,-1,-1,-1,measurement,native_mmwave_sinr_report
1.1082,20,19,mmwave,4,0.0728082,4,0.0728082,0,-5,false,-1,-1,-1,-1,measurement,native_mmwave_sinr_report
1.1098,16,12,mmwave,4,4.55267,4,4.55267,0,-5,false,-1,-1,-1,-1,measurement,native_mmwave_sinr_report
1.1098,17,14,mmwave,4,3.92017,4,3.92017,0,-5,false,-1,-1,-1,-1,measurement,native_mmwave_sinr_report
1.1098,18,2,mmwave,4,1.79366,4,1.79366,0,-5,false,-1,-1,-1,-1,measurement,native_mmwave_sinr_report
1.1098,19,7,mmwave,4,1.32493,4,1.32493,0,-5,false,-1,-1,-1,-1,measurement,native_mmwave_sinr_report
1.1098,20,19,mmwave,4,0.0745264,4,0.0745264,0,-5,false,-1,-1,-1,-1,measurement,native_mmwave_sinr_report
1.1114,16,12,mmwave,4,4.5542,4,4.5542,0,-5,false,-1,-1,-1,-1,measurement,native_mmwave_sinr_report
1.1114,17,14,mmwave,4,3.92242,4,3.92242,0,-5,false,-1,-1,-1,-1,measurement,native_mmwave_sinr_report
1.1114,18,2,mmwave,4,1.79475,4,1.79475,0,-5,false,-1,-1,-1,-1,measurement,native_mmwave_sinr_report
1.1114,19,7,mmwave,4,1.32677,4,1.32677,0,-5,false,-1,-1,-1,-1,measurement,native_mmwave_sinr_report
1.1114,20,19,mmwave,4,0.0762449,4,0.0762449,0,-5,false,-1,-1,-1,-1,measurement,native_mmwave_sinr_report
1.113,16,12,mmwave,4,4.55574,4,4.55574,0,-5,false,-1,-1,-1,-1,measurement,native_mmwave_sinr_report
1.113,17,14,mmwave,4,3.92468,4,3.92468,0,-5,false,-1,-1,-1,-1,measurement,native_mmwave_sinr_report
1.113,18,2,mmwave,4,1.79584,4,1.79584,0,-5,false,-1,-1,-1,-1,measurement,native_mmwave_sinr_report
1.113,19,7,mmwave,4,1.32862,4,1.32862,0,-5,false,-1,-1,-1,-1,measurement,native_mmwave_sinr_report
1.113,20,19,mmwave,4,0.0779636,4,0.0779636,0,-5,false,-1,-1,-1,-1,measurement,native_mmwave_sinr_report
1.1146,16,12,mmwave,4,4.55727,4,4.55727,0,-5,false,-1,-1,-1,-1,measurement,native_mmwave_sinr_report
1.1146,17,14,mmwave,4,3.92693,4,3.92693,0,-5,false,-1,-1,-1,-1,measurement,native_mmwave_sinr_report
1.1146,18,2,mmwave,4,1.79692,4,1.79692,0,-5,false,-1,-1,-1,-1,measurement,native_mmwave_sinr_report
1.1146,19,7,mmwave,4,1.33046,4,1.33046,0,-5,false,-1,-1,-1,-1,measurement,native_mmwave_sinr_report
1.1146,20,19,mmwave,4,0.0796824,4,0.0796824,0,-5,false,-1,-1,-1,-1,measurement,native_mmwave_sinr_report
1.1162,16,12,mmwave,4,4.55881,4,4.55881,0,-5,false,-1,-1,-1,-1,measurement,native_mmwave_sinr_report
1.1162,17,14,mmwave,4,3.92919,4,3.92919,0,-5,false,-1,-1,-1,-1,measurement,native_mmwave_sinr_report
1.1162,18,2,mmwave,4,1.79801,4,1.79801,0,-5,false,-1,-1,-1,-1,measurement,native_mmwave_sinr_report
1.1162,19,7,mmwave,4,1.33231,4,1.33231,0,-5,false,-1,-1,-1,-1,measurement,native_mmwave_sinr_report
1.1162,20,19,mmwave,4,0.0814014,4,0.0814014,0,-5,false,-1,-1,-1,-1,measurement,native_mmwave_sinr_report
1.1178,16,12,mmwave,4,4.56035,4,4.56035,0,-5,false,-1,-1,-1,-1,measurement,native_mmwave_sinr_report
1.1178,17,14,mmwave,4,3.93144,4,3.93144,0,-5,false,-1,-1,-1,-1,measurement,native_mmwave_sinr_report
1.1178,18,2,mmwave,4,1.7991,4,1.7991,0,-5,false,-1,-1,-1,-1,measurement,native_mmwave_sinr_report
1.1178,19,7,mmwave,4,1.33415,4,1.33415,0,-5,false,-1,-1,-1,-1,measurement,native_mmwave_sinr_report
1.1178,20,19,mmwave,4,0.0831206,4,0.0831206,0,-5,false,-1,-1,-1,-1,measurement,native_mmwave_sinr_report
1.1194,16,12,mmwave,4,4.56188,4,4.56188,0,-5,false,-1,-1,-1,-1,measurement,native_mmwave_sinr_report
1.1194,17,14,mmwave,4,3.9337,4,3.9337,0,-5,false,-1,-1,-1,-1,measurement,native_mmwave_sinr_report
1.1194,18,2,mmwave,4,1.80019,4,1.80019,0,-5,false,-1,-1,-1,-1,measurement,native_mmwave_sinr_report
1.1194,19,7,mmwave,4,1.336,4,1.336,0,-5,false,-1,-1,-1,-1,measurement,native_mmwave_sinr_report
1.1194,20,19,mmwave,4,0.08484,4,0.08484,0,-5,false,-1,-1,-1,-1,measurement,native_mmwave_sinr_report
1.121,16,12,mmwave,4,4.56342,4,4.56342,0,-5,false,-1,-1,-1,-1,measurement,native_mmwave_sinr_report
1.121,17,14,mmwave,4,3.93595,4,3.93595,0,-5,false,-1,-1,-1,-1,measurement,native_mmwave_sinr_report
1.121,18,2,mmwave,4,1.80128,4,1.80128,0,-5,false,-1,-1,-1,-1,measurement,native_mmwave_sinr_report
1.121,19,7,mmwave,4,1.33784,4,1.33784,0,-5,false,-1,-1,-1,-1,measurement,native_mmwave_sinr_report
1.121,20,19,mmwave,4,0.0865596,4,0.0865596,0,-5,false,-1,-1,-1,-1,measurement,native_mmwave_sinr_report
1.1226,16,12,mmwave,4,4.56495,4,4.56495,0,-5,false,-1,-1,-1,-1,measurement,native_mmwave_sinr_report
1.1226,17,14,mmwave,4,3.93821,4,3.93821,0,-5,false,-1,-1,-1,-1,measurement,native_mmwave_sinr_report
1.1226,18,2,mmwave,4,1.80236,4,1.80236,0,-5,false,-1,-1,-1,-1,measurement,native_mmwave_sinr_report
1.1226,19,7,mmwave,4,1.33969,4,1.33969,0,-5,false,-1,-1,-1,-1,measurement,native_mmwave_sinr_report
1.1226,20,19,mmwave,4,0.0882794,4,0.0882794,0,-5,false,-1,-1,-1,-1,measurement,native_mmwave_sinr_report
1.1242,16,12,mmwave,4,4.56649,4,4.56649,0,-5,false,-1,-1,-1,-1,measurement,native_mmwave_sinr_report
1.1242,17,14,mmwave,4,3.94046,4,3.94046,0,-5,false,-1,-1,-1,-1,measurement,native_mmwave_sinr_report
1.1242,18,2,mmwave,4,1.80345,4,1.80345,0,-5,false,-1,-1,-1,-1,measurement,native_mmwave_sinr_report
1.1242,19,7,mmwave,4,1.34154,4,1.34154,0,-5,false,-1,-1,-1,-1,measurement,native_mmwave_sinr_report
1.1242,20,19,mmwave,4,0.0899994,4,0.0899994,0,-5,false,-1,-1,-1,-1,measurement,native_mmwave_sinr_report
1.1258,16,12,mmwave,4,4.56802,4,4.56802,0,-5,false,-1,-1,-1,-1,measurement,native_mmwave_sinr_report
1.1258,17,14,mmwave,4,3.94272,4,3.94272,0,-5,false,-1,-1,-1,-1,measurement,native_mmwave_sinr_report
1.1258,18,2,mmwave,4,1.80454,4,1.80454,0,-5,false,-1,-1,-1,-1,measurement,native_mmwave_sinr_report
1.1258,19,7,mmwave,4,1.34338,4,1.34338,0,-5,false,-1,-1,-1,-1,measurement,native_mmwave_sinr_report
1.1258,20,19,mmwave,4,0.0917195,4,0.0917195,0,-5,false,-1,-1,-1,-1,measurement,native_mmwave_sinr_report
1.1274,16,12,mmwave,4,4.56956,4,4.56956,0,-5,false,-1,-1,-1,-1,measurement,native_mmwave_sinr_report
1.1274,17,14,mmwave,4,3.94498,4,3.94498,0,-5,false,-1,-1,-1,-1,measurement,native_mmwave_sinr_report
1.1274,18,2,mmwave,4,1.80563,4,1.80563,0,-5,false,-1,-1,-1,-1,measurement,native_mmwave_sinr_report
1.1274,19,7,mmwave,4,1.34523,4,1.34523,0,-5,false,-1,-1,-1,-1,measurement,native_mmwave_sinr_report
1.1274,20,19,mmwave,4,0.0934399,4,0.0934399,0,-5,false,-1,-1,-1,-1,measurement,native_mmwave_sinr_report
1.129,16,12,mmwave,4,4.5711,4,4.5711,0,-5,false,-1,-1,-1,-1,measurement,native_mmwave_sinr_report
1.129,17,14,mmwave,4,3.94723,4,3.94723,0,-5,false,-1,-1,-1,-1,measurement,native_mmwave_sinr_report
1.129,18,2,mmwave,4,1.80672,4,1.80672,0,-5,false,-1,-1,-1,-1,measurement,native_mmwave_sinr_report
1.129,19,7,mmwave,4,1.34708,4,1.34708,0,-5,false,-1,-1,-1,-1,measurement,native_mmwave_sinr_report
1.129,20,19,mmwave,4,0.0951604,4,0.0951604,0,-5,false,-1,-1,-1,-1,measurement,native_mmwave_sinr_report
1.1306,16,12,mmwave,4,4.57263,4,4.57263,0,-5,false,-1,-1,-1,-1,measurement,native_mmwave_sinr_report
1.1306,17,14,mmwave,4,3.94949,4,3.94949,0,-5,false,-1,-1,-1,-1,measurement,native_mmwave_sinr_report
1.1306,18,2,mmwave,4,1.8078,4,1.8078,0,-5,false,-1,-1,-1,-1,measurement,native_mmwave_sinr_report
1.1306,19,7,mmwave,4,1.34893,4,1.34893,0,-5,false,-1,-1,-1,-1,measurement,native_mmwave_sinr_report
1.1306,20,19,mmwave,4,0.0968812,4,0.0968812,0,-5,false,-1,-1,-1,-1,measurement,native_mmwave_sinr_report
1.1322,16,12,mmwave,4,4.57417,4,4.57417,0,-5,false,-1,-1,-1,-1,measurement,native_mmwave_sinr_report
1.1322,17,14,mmwave,4,3.95175,4,3.95175,0,-5,false,-1,-1,-1,-1,measurement,native_mmwave_sinr_report
1.1322,18,2,mmwave,4,1.80889,4,1.80889,0,-5,false,-1,-1,-1,-1,measurement,native_mmwave_sinr_report
1.1322,19,7,mmwave,4,1.35077,4,1.35077,0,-5,false,-1,-1,-1,-1,measurement,native_mmwave_sinr_report
1.1322,20,19,mmwave,4,0.0986021,4,0.0986021,0,-5,false,-1,-1,-1,-1,measurement,native_mmwave_sinr_report
1.1338,16,12,mmwave,4,4.57571,4,4.57571,0,-5,false,-1,-1,-1,-1,measurement,native_mmwave_sinr_report
1.1338,17,14,mmwave,4,3.95401,4,3.95401,0,-5,false,-1,-1,-1,-1,measurement,native_mmwave_sinr_report
1.1338,18,2,mmwave,4,1.80998,4,1.80998,0,-5,false,-1,-1,-1,-1,measurement,native_mmwave_sinr_report
1.1338,19,7,mmwave,4,1.35262,4,1.35262,0,-5,false,-1,-1,-1,-1,measurement,native_mmwave_sinr_report
1.1338,20,19,mmwave,4,0.100323,4,0.100323,0,-5,false,-1,-1,-1,-1,measurement,native_mmwave_sinr_report
1.1354,16,12,mmwave,4,4.57724,4,4.57724,0,-5,false,-1,-1,-1,-1,measurement,native_mmwave_sinr_report
1.1354,17,14,mmwave,4,3.95627,4,3.95627,0,-5,false,-1,-1,-1,-1,measurement,native_mmwave_sinr_report
1.1354,18,2,mmwave,4,1.81107,4,1.81107,0,-5,false,-1,-1,-1,-1,measurement,native_mmwave_sinr_report
1.1354,19,7,mmwave,4,1.35447,4,1.35447,0,-5,false,-1,-1,-1,-1,measurement,native_mmwave_sinr_report
1.1354,20,19,mmwave,4,0.102044,4,0.102044,0,-5,false,-1,-1,-1,-1,measurement,native_mmwave_sinr_report
1.137,16,12,mmwave,4,4.57878,4,4.57878,0,-5,false,-1,-1,-1,-1,measurement,native_mmwave_sinr_report
1.137,17,14,mmwave,4,3.95853,4,3.95853,0,-5,false,-1,-1,-1,-1,measurement,native_mmwave_sinr_report
1.137,18,2,mmwave,4,1.81216,4,1.81216,0,-5,false,-1,-1,-1,-1,measurement,native_mmwave_sinr_report
1.137,19,7,mmwave,4,1.35632,4,1.35632,0,-5,false,-1,-1,-1,-1,measurement,native_mmwave_sinr_report
1.137,20,19,mmwave,4,0.103766,4,0.103766,0,-5,false,-1,-1,-1,-1,measurement,native_mmwave_sinr_report
1.1386,16,12,mmwave,4,4.58032,4,4.58032,0,-5,false,-1,-1,-1,-1,measurement,native_mmwave_sinr_report
1.1386,17,14,mmwave,4,3.96078,4,3.96078,0,-5,false,-1,-1,-1,-1,measurement,native_mmwave_sinr_report
1.1386,18,2,mmwave,4,1.81325,4,1.81325,0,-5,false,-1,-1,-1,-1,measurement,native_mmwave_sinr_report
1.1386,19,7,mmwave,4,1.35817,4,1.35817,0,-5,false,-1,-1,-1,-1,measurement,native_mmwave_sinr_report
1.1386,20,19,mmwave,4,0.105488,4,0.105488,0,-5,false,-1,-1,-1,-1,measurement,native_mmwave_sinr_report
1.1402,16,12,mmwave,4,4.58186,4,4.58186,0,-5,false,-1,-1,-1,-1,measurement,native_mmwave_sinr_report
1.1402,17,14,mmwave,4,3.96304,4,3.96304,0,-5,false,-1,-1,-1,-1,measurement,native_mmwave_sinr_report
1.1402,18,2,mmwave,4,1.81433,4,1.81433,0,-5,false,-1,-1,-1,-1,measurement,native_mmwave_sinr_report
1.1402,19,7,mmwave,4,1.36002,4,1.36002,0,-5,false,-1,-1,-1,-1,measurement,native_mmwave_sinr_report
1.1402,20,19,mmwave,4,0.107209,4,0.107209,0,-5,false,-1,-1,-1,-1,measurement,native_mmwave_sinr_report
1.1418,16,12,mmwave,4,4.58339,4,4.58339,0,-5,false,-1,-1,-1,-1,measurement,native_mmwave_sinr_report
1.1418,17,14,mmwave,4,3.9653,4,3.9653,0,-5,false,-1,-1,-1,-1,measurement,native_mmwave_sinr_report
1.1418,18,2,mmwave,4,1.81542,4,1.81542,0,-5,false,-1,-1,-1,-1,measurement,native_mmwave_sinr_report
1.1418,19,7,mmwave,4,1.36186,4,1.36186,0,-5,false,-1,-1,-1,-1,measurement,native_mmwave_sinr_report
1.1418,20,19,mmwave,4,0.108932,4,0.108932,0,-5,false,-1,-1,-1,-1,measurement,native_mmwave_sinr_report
1.1434,16,12,mmwave,4,4.58493,4,4.58493,0,-5,false,-1,-1,-1,-1,measurement,native_mmwave_sinr_report
1.1434,17,14,mmwave,4,3.96756,4,3.96756,0,-5,false,-1,-1,-1,-1,measurement,native_mmwave_sinr_report
1.1434,18,2,mmwave,4,1.81651,4,1.81651,0,-5,false,-1,-1,-1,-1,measurement,native_mmwave_sinr_report
1.1434,19,7,mmwave,4,1.36371,4,1.36371,0,-5,false,-1,-1,-1,-1,measurement,native_mmwave_sinr_report
1.1434,20,19,mmwave,4,0.110654,4,0.110654,0,-5,false,-1,-1,-1,-1,measurement,native_mmwave_sinr_report
1.145,16,12,mmwave,4,4.58647,4,4.58647,0,-5,false,-1,-1,-1,-1,measurement,native_mmwave_sinr_report
1.145,17,14,mmwave,4,3.96982,4,3.96982,0,-5,false,-1,-1,-1,-1,measurement,native_mmwave_sinr_report
1.145,18,2,mmwave,4,1.8176,4,1.8176,0,-5,false,-1,-1,-1,-1,measurement,native_mmwave_sinr_report
1.145,19,7,mmwave,4,1.36556,4,1.36556,0,-5,false,-1,-1,-1,-1,measurement,native_mmwave_sinr_report
1.145,20,19,mmwave,4,0.112376,4,0.112376,0,-5,false,-1,-1,-1,-1,measurement,native_mmwave_sinr_report
1.1466,16,12,mmwave,4,4.58801,4,4.58801,0,-5,false,-1,-1,-1,-1,measurement,native_mmwave_sinr_report
1.1466,17,14,mmwave,4,3.97209,4,3.97209,0,-5,false,-1,-1,-1,-1,measurement,native_mmwave_sinr_report
1.1466,18,2,mmwave,4,1.81869,4,1.81869,0,-5,false,-1,-1,-1,-1,measurement,native_mmwave_sinr_report
1.1466,19,7,mmwave,4,1.36741,4,1.36741,0,-5,false,-1,-1,-1,-1,measurement,native_mmwave_sinr_report
1.1466,20,19,mmwave,4,0.114099,4,0.114099,0,-5,false,-1,-1,-1,-1,measurement,native_mmwave_sinr_report
1.1482,16,12,mmwave,4,4.58954,4,4.58954,0,-5,false,-1,-1,-1,-1,measurement,native_mmwave_sinr_report
1.1482,17,14,mmwave,4,3.97435,4,3.97435,0,-5,false,-1,-1,-1,-1,measurement,native_mmwave_sinr_report
1.1482,18,2,mmwave,4,1.81978,4,1.81978,0,-5,false,-1,-1,-1,-1,measurement,native_mmwave_sinr_report
1.1482,19,7,mmwave,4,1.36926,4,1.36926,0,-5,false,-1,-1,-1,-1,measurement,native_mmwave_sinr_report
1.1482,20,19,mmwave,4,0.115822,4,0.115822,0,-5,false,-1,-1,-1,-1,measurement,native_mmwave_sinr_report
1.1498,16,12,mmwave,4,4.59108,4,4.59108,0,-5,false,-1,-1,-1,-1,measurement,native_mmwave_sinr_report
1.1498,17,14,mmwave,4,3.97661,4,3.97661,0,-5,false,-1,-1,-1,-1,measurement,native_mmwave_sinr_report
1.1498,18,2,mmwave,4,1.82087,4,1.82087,0,-5,false,-1,-1,-1,-1,measurement,native_mmwave_sinr_report
1.1498,19,7,mmwave,4,1.37111,4,1.37111,0,-5,false,-1,-1,-1,-1,measurement,native_mmwave_sinr_report
1.1498,20,19,mmwave,4,0.117545,4,0.117545,0,-5,false,-1,-1,-1,-1,measurement,native_mmwave_sinr_report
1.1514,16,12,mmwave,4,4.59262,4,4.59262,0,-5,false,-1,-1,-1,-1,measurement,native_mmwave_sinr_report
1.1514,17,14,mmwave,4,3.97887,4,3.97887,0,-5,false,-1,-1,-1,-1,measurement,native_mmwave_sinr_report
1.1514,18,2,mmwave,4,1.82196,4,1.82196,0,-5,false,-1,-1,-1,-1,measurement,native_mmwave_sinr_report
1.1514,19,7,mmwave,4,1.37296,4,1.37296,0,-5,false,-1,-1,-1,-1,measurement,native_mmwave_sinr_report
1.1514,20,19,mmwave,4,0.119268,4,0.119268,0,-5,false,-1,-1,-1,-1,measurement,native_mmwave_sinr_report
1.153,16,12,mmwave,4,4.59416,4,4.59416,0,-5,false,-1,-1,-1,-1,measurement,native_mmwave_sinr_report
1.153,17,14,mmwave,4,3.98113,4,3.98113,0,-5,false,-1,-1,-1,-1,measurement,native_mmwave_sinr_report
1.153,18,2,mmwave,4,1.82305,4,1.82305,0,-5,false,-1,-1,-1,-1,measurement,native_mmwave_sinr_report
1.153,19,7,mmwave,4,1.37481,4,1.37481,0,-5,false,-1,-1,-1,-1,measurement,native_mmwave_sinr_report
1.153,20,19,mmwave,4,0.120991,4,0.120991,0,-5,false,-1,-1,-1,-1,measurement,native_mmwave_sinr_report
1.1546,16,12,mmwave,4,4.5957,4,4.5957,0,-5,false,-1,-1,-1,-1,measurement,native_mmwave_sinr_report
1.1546,17,14,mmwave,4,3.98339,4,3.98339,0,-5,false,-1,-1,-1,-1,measurement,native_mmwave_sinr_report
1.1546,18,2,mmwave,4,1.82414,4,1.82414,0,-5,false,-1,-1,-1,-1,measurement,native_mmwave_sinr_report
1.1546,19,7,mmwave,4,1.37666,4,1.37666,0,-5,false,-1,-1,-1,-1,measurement,native_mmwave_sinr_report
1.1546,20,19,mmwave,4,0.122715,4,0.122715,0,-5,false,-1,-1,-1,-1,measurement,native_mmwave_sinr_report
1.1562,16,12,mmwave,4,4.59724,4,4.59724,0,-5,false,-1,-1,-1,-1,measurement,native_mmwave_sinr_report
1.1562,17,14,mmwave,4,3.98566,4,3.98566,0,-5,false,-1,-1,-1,-1,measurement,native_mmwave_sinr_report
1.1562,18,2,mmwave,4,1.82523,4,1.82523,0,-5,false,-1,-1,-1,-1,measurement,native_mmwave_sinr_report
1.1562,19,7,mmwave,4,1.37852,4,1.37852,0,-5,false,-1,-1,-1,-1,measurement,native_mmwave_sinr_report
1.1562,20,19,mmwave,4,0.124439,4,0.124439,0,-5,false,-1,-1,-1,-1,measurement,native_mmwave_sinr_report
1.1578,16,12,mmwave,4,4.59878,4,4.59878,0,-5,false,-1,-1,-1,-1,measurement,native_mmwave_sinr_report
1.1578,17,14,mmwave,4,3.98792,4,3.98792,0,-5,false,-1,-1,-1,-1,measurement,native_mmwave_sinr_report
1.1578,18,2,mmwave,4,1.82631,4,1.82631,0,-5,false,-1,-1,-1,-1,measurement,native_mmwave_sinr_report
1.1578,19,7,mmwave,4,1.38037,4,1.38037,0,-5,false,-1,-1,-1,-1,measurement,native_mmwave_sinr_report
1.1578,20,19,mmwave,4,0.126162,4,0.126162,0,-5,false,-1,-1,-1,-1,measurement,native_mmwave_sinr_report
1.1594,16,12,mmwave,4,4.60032,4,4.60032,0,-5,false,-1,-1,-1,-1,measurement,native_mmwave_sinr_report
1.1594,17,14,mmwave,4,3.99018,4,3.99018,0,-5,false,-1,-1,-1,-1,measurement,native_mmwave_sinr_report
1.1594,18,2,mmwave,4,1.8274,4,1.8274,0,-5,false,-1,-1,-1,-1,measurement,native_mmwave_sinr_report
1.1594,19,7,mmwave,4,1.38222,4,1.38222,0,-5,false,-1,-1,-1,-1,measurement,native_mmwave_sinr_report
1.1594,20,19,mmwave,4,0.127887,4,0.127887,0,-5,false,-1,-1,-1,-1,measurement,native_mmwave_sinr_report
1.161,16,12,mmwave,4,4.60185,4,4.60185,0,-5,false,-1,-1,-1,-1,measurement,native_mmwave_sinr_report
1.161,17,14,mmwave,4,3.99245,4,3.99245,0,-5,false,-1,-1,-1,-1,measurement,native_mmwave_sinr_report
1.161,18,2,mmwave,4,1.82849,4,1.82849,0,-5,false,-1,-1,-1,-1,measurement,native_mmwave_sinr_report
1.161,19,7,mmwave,4,1.38407,4,1.38407,0,-5,false,-1,-1,-1,-1,measurement,native_mmwave_sinr_report
1.161,20,19,mmwave,4,0.129611,4,0.129611,0,-5,false,-1,-1,-1,-1,measurement,native_mmwave_sinr_report
1.1626,16,12,mmwave,4,4.60339,4,4.60339,0,-5,false,-1,-1,-1,-1,measurement,native_mmwave_sinr_report
1.1626,17,14,mmwave,4,3.99471,4,3.99471,0,-5,false,-1,-1,-1,-1,measurement,native_mmwave_sinr_report
1.1626,18,2,mmwave,4,1.82958,4,1.82958,0,-5,false,-1,-1,-1,-1,measurement,native_mmwave_sinr_report
1.1626,19,7,mmwave,4,1.38592,4,1.38592,0,-5,false,-1,-1,-1,-1,measurement,native_mmwave_sinr_report
1.1626,20,19,mmwave,4,0.131335,4,0.131335,0,-5,false,-1,-1,-1,-1,measurement,native_mmwave_sinr_report
1.1642,16,12,mmwave,4,4.60493,4,4.60493,0,-5,false,-1,-1,-1,-1,measurement,native_mmwave_sinr_report
1.1642,17,14,mmwave,4,3.99698,4,3.99698,0,-5,false,-1,-1,-1,-1,measurement,native_mmwave_sinr_report
1.1642,18,2,mmwave,4,1.83067,4,1.83067,0,-5,false,-1,-1,-1,-1,measurement,native_mmwave_sinr_report
1.1642,19,7,mmwave,4,1.38777,4,1.38777,0,-5,false,-1,-1,-1,-1,measurement,native_mmwave_sinr_report
1.1642,20,19,mmwave,4,0.13306,4,0.13306,0,-5,false,-1,-1,-1,-1,measurement,native_mmwave_sinr_report
1.1658,16,12,mmwave,4,4.60647,4,4.60647,0,-5,false,-1,-1,-1,-1,measurement,native_mmwave_sinr_report
1.1658,17,14,mmwave,4,3.99924,4,3.99924,0,-5,false,-1,-1,-1,-1,measurement,native_mmwave_sinr_report
1.1658,18,2,mmwave,4,1.83176,4,1.83176,0,-5,false,-1,-1,-1,-1,measurement,native_mmwave_sinr_report
1.1658,19,7,mmwave,4,1.38963,4,1.38963,0,-5,false,-1,-1,-1,-1,measurement,native_mmwave_sinr_report
1.1658,20,19,mmwave,4,0.134785,4,0.134785,0,-5,false,-1,-1,-1,-1,measurement,native_mmwave_sinr_report
1.1674,16,12,mmwave,4,4.60801,4,4.60801,0,-5,false,-1,-1,-1,-1,measurement,native_mmwave_sinr_report
1.1674,17,14,mmwave,4,4.00151,4,4.00151,0,-5,false,-1,-1,-1,-1,measurement,native_mmwave_sinr_report
1.1674,18,2,mmwave,4,1.83285,4,1.83285,0,-5,false,-1,-1,-1,-1,measurement,native_mmwave_sinr_report
1.1674,19,7,mmwave,4,1.39148,4,1.39148,0,-5,false,-1,-1,-1,-1,measurement,native_mmwave_sinr_report
1.1674,20,19,mmwave,4,0.13651,4,0.13651,0,-5,false,-1,-1,-1,-1,measurement,native_mmwave_sinr_report
1.169,16,12,mmwave,4,4.60955,4,4.60955,0,-5,false,-1,-1,-1,-1,measurement,native_mmwave_sinr_report
1.169,17,14,mmwave,4,4.00377,4,4.00377,0,-5,false,-1,-1,-1,-1,measurement,native_mmwave_sinr_report
1.169,18,2,mmwave,4,1.83394,4,1.83394,0,-5,false,-1,-1,-1,-1,measurement,native_mmwave_sinr_report
1.169,19,7,mmwave,4,1.39333,4,1.39333,0,-5,false,-1,-1,-1,-1,measurement,native_mmwave_sinr_report
1.169,20,19,mmwave,4,0.138235,4,0.138235,0,-5,false,-1,-1,-1,-1,measurement,native_mmwave_sinr_report
1.1706,16,12,mmwave,4,4.61109,4,4.61109,0,-5,false,-1,-1,-1,-1,measurement,native_mmwave_sinr_report
1.1706,17,14,mmwave,4,4.00604,4,4.00604,0,-5,false,-1,-1,-1,-1,measurement,native_mmwave_sinr_report
1.1706,18,2,mmwave,4,1.83503,4,1.83503,0,-5,false,-1,-1,-1,-1,measurement,native_mmwave_sinr_report
1.1706,19,7,mmwave,4,1.39518,4,1.39518,0,-5,false,-1,-1,-1,-1,measurement,native_mmwave_sinr_report
1.1706,20,19,mmwave,4,0.139961,4,0.139961,0,-5,false,-1,-1,-1,-1,measurement,native_mmwave_sinr_report
1.1722,16,12,mmwave,4,4.61263,4,4.61263,0,-5,false,-1,-1,-1,-1,measurement,native_mmwave_sinr_report
1.1722,17,14,mmwave,4,4.0083,4,4.0083,0,-5,false,-1,-1,-1,-1,measurement,native_mmwave_sinr_report
1.1722,18,2,mmwave,4,1.83612,4,1.83612,0,-5,false,-1,-1,-1,-1,measurement,native_mmwave_sinr_report
1.1722,19,7,mmwave,4,1.39704,4,1.39704,0,-5,false,-1,-1,-1,-1,measurement,native_mmwave_sinr_report
1.1722,20,19,mmwave,4,0.141686,4,0.141686,0,-5,false,-1,-1,-1,-1,measurement,native_mmwave_sinr_report
1.1738,16,12,mmwave,4,4.61417,4,4.61417,0,-5,false,-1,-1,-1,-1,measurement,native_mmwave_sinr_report
1.1738,17,14,mmwave,4,4.01057,4,4.01057,0,-5,false,-1,-1,-1,-1,measurement,native_mmwave_sinr_report
1.1738,18,2,mmwave,4,1.83721,4,1.83721,0,-5,false,-1,-1,-1,-1,measurement,native_mmwave_sinr_report
1.1738,19,7,mmwave,4,1.39889,4,1.39889,0,-5,false,-1,-1,-1,-1,measurement,native_mmwave_sinr_report
1.1738,20,19,mmwave,4,0.143412,4,0.143412,0,-5,false,-1,-1,-1,-1,measurement,native_mmwave_sinr_report
1.1754,16,12,mmwave,4,4.61572,4,4.61572,0,-5,false,-1,-1,-1,-1,measurement,native_mmwave_sinr_report
1.1754,17,14,mmwave,4,4.01284,4,4.01284,0,-5,false,-1,-1,-1,-1,measurement,native_mmwave_sinr_report
1.1754,18,2,mmwave,4,1.8383,4,1.8383,0,-5,false,-1,-1,-1,-1,measurement,native_mmwave_sinr_report
1.1754,19,7,mmwave,4,1.40074,4,1.40074,0,-5,false,-1,-1,-1,-1,measurement,native_mmwave_sinr_report
1.1754,20,19,mmwave,4,0.145138,4,0.145138,0,-5,false,-1,-1,-1,-1,measurement,native_mmwave_sinr_report
1.177,16,12,mmwave,4,4.61726,4,4.61726,0,-5,false,-1,-1,-1,-1,measurement,native_mmwave_sinr_report
1.177,17,14,mmwave,4,4.0151,4,4.0151,0,-5,false,-1,-1,-1,-1,measurement,native_mmwave_sinr_report
1.177,18,2,mmwave,4,1.83939,4,1.83939,0,-5,false,-1,-1,-1,-1,measurement,native_mmwave_sinr_report
1.177,19,7,mmwave,4,1.4026,4,1.4026,0,-5,false,-1,-1,-1,-1,measurement,native_mmwave_sinr_report
1.177,20,19,mmwave,4,0.146865,4,0.146865,0,-5,false,-1,-1,-1,-1,measurement,native_mmwave_sinr_report
1.1786,16,12,mmwave,4,4.6188,4,4.6188,0,-5,false,-1,-1,-1,-1,measurement,native_mmwave_sinr_report
1.1786,17,14,mmwave,4,4.01737,4,4.01737,0,-5,false,-1,-1,-1,-1,measurement,native_mmwave_sinr_report
1.1786,18,2,mmwave,4,1.84049,4,1.84049,0,-5,false,-1,-1,-1,-1,measurement,native_mmwave_sinr_report
1.1786,19,7,mmwave,4,1.40445,4,1.40445,0,-5,false,-1,-1,-1,-1,measurement,native_mmwave_sinr_report
1.1786,20,19,mmwave,4,0.148591,4,0.148591,0,-5,false,-1,-1,-1,-1,measurement,native_mmwave_sinr_report
1.1802,16,12,mmwave,4,4.62034,4,4.62034,0,-5,false,-1,-1,-1,-1,measurement,native_mmwave_sinr_report
1.1802,17,14,mmwave,4,4.01964,4,4.01964,0,-5,false,-1,-1,-1,-1,measurement,native_mmwave_sinr_report
1.1802,18,2,mmwave,4,1.84158,4,1.84158,0,-5,false,-1,-1,-1,-1,measurement,native_mmwave_sinr_report
1.1802,19,7,mmwave,4,1.40631,4,1.40631,0,-5,false,-1,-1,-1,-1,measurement,native_mmwave_sinr_report
1.1802,20,19,mmwave,4,0.150318,4,0.150318,0,-5,false,-1,-1,-1,-1,measurement,native_mmwave_sinr_report
1.1818,16,12,mmwave,4,4.62188,4,4.62188,0,-5,false,-1,-1,-1,-1,measurement,native_mmwave_sinr_report
1.1818,17,14,mmwave,4,4.02191,4,4.02191,0,-5,false,-1,-1,-1,-1,measurement,native_mmwave_sinr_report
1.1818,18,2,mmwave,4,1.84267,4,1.84267,0,-5,false,-1,-1,-1,-1,measurement,native_mmwave_sinr_report
1.1818,19,7,mmwave,4,1.40816,4,1.40816,0,-5,false,-1,-1,-1,-1,measurement,native_mmwave_sinr_report
1.1818,20,19,mmwave,4,0.152044,4,0.152044,0,-5,false,-1,-1,-1,-1,measurement,native_mmwave_sinr_report
1.1834,16,12,mmwave,4,4.62342,4,4.62342,0,-5,false,-1,-1,-1,-1,measurement,native_mmwave_sinr_report
1.1834,17,14,mmwave,4,4.02418,4,4.02418,0,-5,false,-1,-1,-1,-1,measurement,native_mmwave_sinr_report
1.1834,18,2,mmwave,4,1.84376,4,1.84376,0,-5,false,-1,-1,-1,-1,measurement,native_mmwave_sinr_report
1.1834,19,7,mmwave,4,1.41002,4,1.41002,0,-5,false,-1,-1,-1,-1,measurement,native_mmwave_sinr_report
1.1834,20,19,mmwave,4,0.153771,4,0.153771,0,-5,false,-1,-1,-1,-1,measurement,native_mmwave_sinr_report
1.185,16,12,mmwave,4,4.62496,4,4.62496,0,-5,false,-1,-1,-1,-1,measurement,native_mmwave_sinr_report
1.185,17,14,mmwave,4,4.02645,4,4.02645,0,-5,false,-1,-1,-1,-1,measurement,native_mmwave_sinr_report
1.185,18,2,mmwave,4,1.84485,4,1.84485,0,-5,false,-1,-1,-1,-1,measurement,native_mmwave_sinr_report
1.185,19,7,mmwave,4,1.41187,4,1.41187,0,-5,false,-1,-1,-1,-1,measurement,native_mmwave_sinr_report
1.185,20,19,mmwave,4,0.155499,4,0.155499,0,-5,false,-1,-1,-1,-1,measurement,native_mmwave_sinr_report
1.1866,16,12,mmwave,4,4.6265,4,4.6265,0,-5,false,-1,-1,-1,-1,measurement,native_mmwave_sinr_report
1.1866,17,14,mmwave,4,4.02871,4,4.02871,0,-5,false,-1,-1,-1,-1,measurement,native_mmwave_sinr_report
1.1866,18,2,mmwave,4,1.84594,4,1.84594,0,-5,false,-1,-1,-1,-1,measurement,native_mmwave_sinr_report
1.1866,19,7,mmwave,4,1.41373,4,1.41373,0,-5,false,-1,-1,-1,-1,measurement,native_mmwave_sinr_report
1.1866,20,19,mmwave,4,0.157226,4,0.157226,0,-5,false,-1,-1,-1,-1,measurement,native_mmwave_sinr_report
1.1882,16,12,mmwave,4,4.62805,4,4.62805,0,-5,false,-1,-1,-1,-1,measurement,native_mmwave_sinr_report
1.1882,17,14,mmwave,4,4.03098,4,4.03098,0,-5,false,-1,-1,-1,-1,measurement,native_mmwave_sinr_report
1.1882,18,2,mmwave,4,1.84703,4,1.84703,0,-5,false,-1,-1,-1,-1,measurement,native_mmwave_sinr_report
1.1882,19,7,mmwave,4,1.41558,4,1.41558,0,-5,false,-1,-1,-1,-1,measurement,native_mmwave_sinr_report
1.1882,20,19,mmwave,4,0.158953,4,0.158953,0,-5,false,-1,-1,-1,-1,measurement,native_mmwave_sinr_report
1.1898,16,12,mmwave,4,4.62959,4,4.62959,0,-5,false,-1,-1,-1,-1,measurement,native_mmwave_sinr_report
1.1898,17,14,mmwave,4,4.03325,4,4.03325,0,-5,false,-1,-1,-1,-1,measurement,native_mmwave_sinr_report
1.1898,18,2,mmwave,4,1.84812,4,1.84812,0,-5,false,-1,-1,-1,-1,measurement,native_mmwave_sinr_report
1.1898,19,7,mmwave,4,1.41744,4,1.41744,0,-5,false,-1,-1,-1,-1,measurement,native_mmwave_sinr_report
1.1898,20,19,mmwave,4,0.160681,4,0.160681,0,-5,false,-1,-1,-1,-1,measurement,native_mmwave_sinr_report
1.1914,16,12,mmwave,4,4.63113,4,4.63113,0,-5,false,-1,-1,-1,-1,measurement,native_mmwave_sinr_report
1.1914,17,14,mmwave,4,4.03552,4,4.03552,0,-5,false,-1,-1,-1,-1,measurement,native_mmwave_sinr_report
1.1914,18,2,mmwave,4,1.84921,4,1.84921,0,-5,false,-1,-1,-1,-1,measurement,native_mmwave_sinr_report
1.1914,19,7,mmwave,4,1.41929,4,1.41929,0,-5,false,-1,-1,-1,-1,measurement,native_mmwave_sinr_report
1.1914,20,19,mmwave,4,0.162409,4,0.162409,0,-5,false,-1,-1,-1,-1,measurement,native_mmwave_sinr_report
1.193,16,12,mmwave,4,4.63267,4,4.63267,0,-5,false,-1,-1,-1,-1,measurement,native_mmwave_sinr_report
1.193,17,14,mmwave,4,4.03779,4,4.03779,0,-5,false,-1,-1,-1,-1,measurement,native_mmwave_sinr_report
1.193,18,2,mmwave,4,1.8503,4,1.8503,0,-5,false,-1,-1,-1,-1,measurement,native_mmwave_sinr_report
1.193,19,7,mmwave,4,1.42115,4,1.42115,0,-5,false,-1,-1,-1,-1,measurement,native_mmwave_sinr_report
1.193,20,19,mmwave,4,0.164137,4,0.164137,0,-5,false,-1,-1,-1,-1,measurement,native_mmwave_sinr_report
1.1946,16,12,mmwave,4,4.63421,4,4.63421,0,-5,false,-1,-1,-1,-1,measurement,native_mmwave_sinr_report
1.1946,17,14,mmwave,4,4.04007,4,4.04007,0,-5,false,-1,-1,-1,-1,measurement,native_mmwave_sinr_report
1.1946,18,2,mmwave,4,1.85139,4,1.85139,0,-5,false,-1,-1,-1,-1,measurement,native_mmwave_sinr_report
1.1946,19,7,mmwave,4,1.42301,4,1.42301,0,-5,false,-1,-1,-1,-1,measurement,native_mmwave_sinr_report
1.1946,20,19,mmwave,4,0.165866,4,0.165866,0,-5,false,-1,-1,-1,-1,measurement,native_mmwave_sinr_report
1.1962,16,12,mmwave,4,4.63576,4,4.63576,0,-5,false,-1,-1,-1,-1,measurement,native_mmwave_sinr_report
1.1962,17,14,mmwave,4,4.04234,4,4.04234,0,-5,false,-1,-1,-1,-1,measurement,native_mmwave_sinr_report
1.1962,18,2,mmwave,4,1.85249,4,1.85249,0,-5,false,-1,-1,-1,-1,measurement,native_mmwave_sinr_report
1.1962,19,7,mmwave,4,1.42486,4,1.42486,0,-5,false,-1,-1,-1,-1,measurement,native_mmwave_sinr_report
1.1962,20,19,mmwave,4,0.167594,4,0.167594,0,-5,false,-1,-1,-1,-1,measurement,native_mmwave_sinr_report
1.1978,16,12,mmwave,4,4.6373,4,4.6373,0,-5,false,-1,-1,-1,-1,measurement,native_mmwave_sinr_report
1.1978,17,14,mmwave,4,4.04461,4,4.04461,0,-5,false,-1,-1,-1,-1,measurement,native_mmwave_sinr_report
1.1978,18,2,mmwave,4,1.85358,4,1.85358,0,-5,false,-1,-1,-1,-1,measurement,native_mmwave_sinr_report
1.1978,19,7,mmwave,4,1.42672,4,1.42672,0,-5,false,-1,-1,-1,-1,measurement,native_mmwave_sinr_report
1.1978,20,19,mmwave,4,0.169323,4,0.169323,0,-5,false,-1,-1,-1,-1,measurement,native_mmwave_sinr_report
1.1994,16,12,mmwave,4,4.63884,4,4.63884,0,-5,false,-1,-1,-1,-1,measurement,native_mmwave_sinr_report
1.1994,17,14,mmwave,4,4.04688,4,4.04688,0,-5,false,-1,-1,-1,-1,measurement,native_mmwave_sinr_report
1.1994,18,2,mmwave,4,1.85467,4,1.85467,0,-5,false,-1,-1,-1,-1,measurement,native_mmwave_sinr_report
1.1994,19,7,mmwave,4,1.42858,4,1.42858,0,-5,false,-1,-1,-1,-1,measurement,native_mmwave_sinr_report
1.1994,20,19,mmwave,4,0.171052,4,0.171052,0,-5,false,-1,-1,-1,-1,measurement,native_mmwave_sinr_report
