Event,EventId,TxTimeNs,RxTimeNs,CellId,IMSI,RNTI,LCID,PacketSize,DelayNs,CorrelationStatus
TX,276,111005242,,1,16,12,3,830,0,tx
TX,277,111005938,,1,17,14,3,830,0,tx
TX,278,111006634,,1,18,2,3,830,0,tx
TX,279,111007330,,1,19,7,3,830,0,tx
TX,280,111008026,,1,20,19,3,830,0,tx
RX,0,112007400,113564283,1,19,7,3,830,1556883,unmatched_rx
RX,0,111006634,114999999,1,18,2,3,830,3993365,unmatched_rx
TX,323,115000762,,1,16,12,3,830,0,tx
TX,324,115001458,,1,17,14,3,830,0,tx
TX,325,115002154,,1,18,2,3,830,0,tx
TX,326,115002850,,1,19,7,3,830,0,tx
TX,327,115003546,,1,20,19,3,830,0,tx
RX,0,111005242,115999999,1,16,12,3,830,4994757,unmatched_rx
RX,0,116002920,116903570,1,19,7,3,830,900650,unmatched_rx
RX,0,111005938,116999999,1,17,14,3,830,5994061,unmatched_rx
RX,0,111008026,117999999,1,20,19,3,830,6991973,unmatched_rx
RX,0,115002154,118999999,1,18,2,3,830,3997845,unmatched_rx
TX,373,119000762,,1,16,12,3,830,0,tx
TX,374,119001458,,1,17,14,3,830,0,tx
TX,375,119002154,,1,18,2,3,830,0,tx
TX,376,119002850,,1,19,7,3,830,0,tx
TX,377,119003546,,1,20,19,3,830,0,tx
RX,0,115000762,119999999,1,16,12,3,830,4999237,unmatched_rx
RX,0,120002920,120903570,1,19,7,3,830,900650,unmatched_rx
RX,0,115001458,120999999,1,17,14,3,830,5998541,unmatched_rx
RX,0,115003546,121999999,1,20,19,3,830,6996453,unmatched_rx
RX,0,119002154,122999999,1,18,2,3,830,3997845,unmatched_rx
TX,435,123000762,,1,16,12,3,830,0,tx
TX,436,123001458,,1,17,14,3,830,0,tx
TX,437,123002154,,1,18,2,3,830,0,tx
TX,438,123002850,,1,19,7,3,830,0,tx
TX,439,123003546,,1,20,19,3,830,0,tx
RX,0,119000762,123999999,1,16,12,3,830,4999237,unmatched_rx
RX,0,124002920,124903570,1,19,7,3,830,900650,unmatched_rx
RX,0,119001458,124999999,1,17,14,3,830,5998541,unmatched_rx
RX,0,119003546,125999999,1,20,19,3,830,6996453,unmatched_rx
RX,0,123002154,126999999,1,18,2,3,830,3997845,unmatched_rx
TX,651,127000762,,1,16,12,3,830,0,tx
TX,652,127001458,,1,17,14,3,830,0,tx
TX,653,127002154,,1,18,2,3,830,0,tx
TX,654,127002850,,1,19,7,3,830,0,tx
TX,655,127003546,,1,20,19,3,830,0,tx
RX,0,123000762,127999999,1,16,12,3,830,4999237,unmatched_rx
RX,0,128002920,128903570,1,19,7,3,830,900650,unmatched_rx
RX,0,123001458,128999999,1,17,14,3,830,5998541,unmatched_rx
RX,0,123003546,129999999,1,20,19,3,830,6996453,unmatched_rx
RX,0,127002154,130999999,1,18,2,3,830,3997845,unmatched_rx
TX,798,131002605,,1,16,12,3,830,0,tx
TX,799,131003301,,1,17,14,3,830,0,tx
TX,800,131003997,,1,18,2,3,830,0,tx
TX,801,131004693,,1,19,7,3,830,0,tx
TX,802,131005389,,1,20,19,3,830,0,tx
RX,0,127000762,131999999,1,16,12,3,830,4999237,unmatched_rx
RX,0,132004763,132903570,1,19,7,3,830,898807,unmatched_rx
RX,0,127001458,132999999,1,17,14,3,830,5998541,unmatched_rx
RX,0,127003546,133999999,1,20,19,3,830,6996453,unmatched_rx
RX,0,131003997,134999999,1,18,2,3,830,3996002,unmatched_rx
TX,960,135000762,,1,16,12,3,830,0,tx
TX,961,135001458,,1,17,14,3,830,0,tx
TX,962,135002154,,1,18,2,3,830,0,tx
TX,963,135002850,,1,19,7,3,830,0,tx
TX,964,135003546,,1,20,19,3,830,0,tx
RX,0,131002605,135999999,1,16,12,3,830,4997394,unmatched_rx
RX,0,136002920,136903570,1,19,7,3,830,900650,unmatched_rx
RX,0,131003301,136999999,1,17,14,3,830,5996698,unmatched_rx
RX,0,131005389,137999999,1,20,19,3,830,6994610,unmatched_rx
RX,0,135002154,138999999,1,18,2,3,830,3997845,unmatched_rx
TX,1095,139000762,,1,16,12,3,830,0,tx
TX,1096,139001458,,1,17,14,3,830,0,tx
TX,1097,139002154,,1,18,2,3,830,0,tx
TX,1098,139002850,,1,19,7,3,830,0,tx
TX,1099,139003546,,1,20,19,3,830,0,tx
RX,0,135000762,139999999,1,16,12,3,830,4999237,unmatched_rx
RX,0,140002920,140903570,1,19,7,3,830,900650,unmatched_rx
RX,0,135001458,140999999,1,17,14,3,830,5998541,unmatched_rx
RX,0,135003546,141999999,1,20,19,3,830,6996453,unmatched_rx
RX,0,139002154,142999999,1,18,2,3,830,3997845,unmatched_rx
TX,1235,143000762,,1,16,12,3,830,0,tx
TX,1236,143001458,,1,17,14,3,830,0,tx
TX,1237,143002154,,1,18,2,3,830,0,tx
TX,1238,143002850,,1,19,7,3,830,0,tx
TX,1239,143003546,,1,20,19,3,830,0,tx
RX,0,139000762,143999999,1,16,12,3,830,4999237,unmatched_rx
RX,0,144002920,144903570,1,19,7,3,830,900650,unmatched_rx
RX,0,139001458,144999999,1,17,14,3,830,5998541,unmatched_rx
RX,0,139003546,145999999,1,20,19,3,830,6996453,unmatched_rx
RX,0,143002154,146999999,1,18,2,3,830,3997845,unmatched_rx
TX,1393,147000762,,1,16,12,3,830,0,tx
TX,1394,147001458,,1,17,14,3,830,0,tx
TX,1395,147002154,,1,18,2,3,830,0,tx
TX,1396,147002850,,1,19,7,3,830,0,tx
TX,1397,147003546,,1,20,19,3,830,0,tx
RX,0,143000762,147999999,1,16,12,3,830,4999237,unmatched_rx
RX,0,148002920,148903570,1,19,7,3,830,900650,unmatched_rx
RX,0,143001458,148999999,1,17,14,3,830,5998541,unmatched_rx
RX,0,143003546,149999999,1,20,19,3,830,6996453,unmatched_rx
RX,0,147002154,150999999,1,18,2,3,830,3997845,unmatched_rx
TX,1533,151002605,,1,16,12,3,830,0,tx
TX,1534,151003301,,1,17,14,3,830,0,tx
TX,1535,151003997,,1,18,2,3,830,0,tx
TX,1536,151004693,,1,19,7,3,830,0,tx
TX,1537,151005389,,1,20,19,3,830,0,tx
RX,0,147000762,151999999,1,16,12,3,830,4999237,unmatched_rx
RX,0,152004763,152903570,1,19,7,3,830,898807,unmatched_rx
RX,0,147001458,152999999,1,17,14,3,830,5998541,unmatched_rx
RX,0,147003546,153999999,1,20,19,3,830,6996453,unmatched_rx
RX,0,151003997,154999999,1,18,2,3,830,3996002,unmatched_rx
TX,1691,155000762,,1,16,12,3,830,0,tx
TX,1692,155001458,,1,17,14,3,830,0,tx
TX,1693,155002154,,1,18,2,3,830,0,tx
TX,1694,155002850,,1,19,7,3,830,0,tx
TX,1695,155003546,,1,20,19,3,830,0,tx
RX,0,151002605,155999999,1,16,12,3,830,4997394,unmatched_rx
RX,0,156002920,156903570,1,19,7,3,830,900650,unmatched_rx
RX,0,151003301,156999999,1,17,14,3,830,5996698,unmatched_rx
RX,0,151005389,157999999,1,20,19,3,830,6994610,unmatched_rx
RX,0,155002154,158999999,1,18,2,3,830,3997845,unmatched_rx
TX,1819,159000762,,1,16,12,3,830,0,tx
TX,1820,159001458,,1,17,14,3,830,0,tx
TX,1821,159002154,,1,18,2,3,830,0,tx
TX,1822,159002850,,1,19,7,3,830,0,tx
TX,1823,159003546,,1,20,19,3,830,0,tx
RX,0,155000762,159999999,1,16,12,3,830,4999237,unmatched_rx
RX,0,160002920,160903570,1,19,7,3,830,900650,unmatched_rx
RX,0,155001458,160999999,1,17,14,3,830,5998541,unmatched_rx
RX,0,155003546,161999999,1,20,19,3,830,6996453,unmatched_rx
RX,0,159002154,162999999,1,18,2,3,830,3997845,unmatched_rx
TX,1965,163000762,,1,16,12,3,830,0,tx
TX,1966,163001458,,1,17,14,3,830,0,tx
TX,1967,163002154,,1,18,2,3,830,0,tx
TX,1968,163002850,,1,19,7,3,830,0,tx
TX,1969,163003546,,1,20,19,3,830,0,tx
RX,0,159000762,163999999,1,16,12,3,830,4999237,unmatched_rx
RX,0,164002920,164903570,1,19,7,3,830,900650,unmatched_rx
RX,0,159001458,164999999,1,17,14,3,830,5998541,unmatched_rx
RX,0,159003546,165999999,1,20,19,3,830,6996453,unmatched_rx
RX,0,163002154,166999999,1,18,2,3,830,3997845,unmatched_rx
TX,2119,167000762,,1,16,12,3,830,0,tx
TX,2120,167001458,,1,17,14,3,830,0,tx
TX,2121,167002154,,1,18,2,3,830,0,tx
TX,2122,167002850,,1,19,7,3,830,0,tx
TX,2123,167003546,,1,20,19,3,830,0,tx
RX,0,163000762,167999999,1,16,12,3,830,4999237,unmatched_rx
RX,0,168002920,168903570,1,19,7,3,830,900650,unmatched_rx
RX,0,163001458,168999999,1,17,14,3,830,5998541,unmatched_rx
RX,0,163003546,169999999,1,20,19,3,830,6996453,unmatched_rx
RX,0,167002154,170999999,1,18,2,3,830,3997845,unmatched_rx
TX,2265,171002605,,1,16,12,3,830,0,tx
TX,2266,171003301,,1,17,14,3,830,0,tx
TX,2267,171003997,,1,18,2,3,830,0,tx
TX,2268,171004693,,1,19,7,3,830,0,tx
TX,2269,171005389,,1,20,19,3,830,0,tx
RX,0,167000762,171999999,1,16,12,3,830,4999237,unmatched_rx
RX,0,172004763,172903570,1,19,7,3,830,898807,unmatched_rx
RX,0,167001458,172999999,1,17,14,3,830,5998541,unmatched_rx
RX,0,167003546,173999999,1,20,19,3,830,6996453,unmatched_rx
RX,0,171003997,174999999,1,18,2,3,830,3996002,unmatched_rx
TX,2423,175000762,,1,16,12,3,830,0,tx
TX,2424,175001458,,1,17,14,3,830,0,tx
TX,2425,175002154,,1,18,2,3,830,0,tx
TX,2426,175002850,,1,19,7,3,830,0,tx
TX,2427,175003546,,1,20,19,3,830,0,tx
RX,0,171002605,175999999,1,16,12,3,830,4997394,unmatched_rx
RX,0,176002920,176903570,1,19,7,3,830,900650,unmatched_rx
RX,0,171003301,176999999,1,17,14,3,830,5996698,unmatched_rx
RX,0,171005389,177999999,1,20,19,3,830,6994610,unmatched_rx
RX,0,175002154,178999999,1,18,2,3,830,3997845,unmatched_rx
TX,2557,179000762,,1,16,12,3,830,0,tx
TX,2558,179001458,,1,17,14,3,830,0,tx
TX,2559,179002154,,1,18,2,3,830,0,tx
TX,2560,179002850,,1,19,7,3,830,0,tx
TX,2561,179003546,,1,20,19,3,830,0,tx
RX,0,175000762,179999999,1,16,12,3,830,4999237,unmatched_rx
RX,0,180002920,180903570,1,19,7,3,830,900650,unmatched_rx
RX,0,175001458,180999999,1,17,14,3,830,5998541,unmatched_rx
RX,0,175003546,181999999,1,20,19,3,830,6996453,unmatched_rx
RX,0,179002154,182999999,1,18,2,3,830,3997845,unmatched_rx
TX,2697,183000762,,1,16,12,3,830,0,tx
TX,2698,183001458,,1,17,14,3,830,0,tx
TX,2699,183002154,,1,18,2,3,830,0,tx
TX,2700,183002850,,1,19,7,3,830,0,tx
TX,2701,183003546,,1,20,19,3,830,0,tx
RX,0,179000762,183999999,1,16,12,3,830,4999237,unmatched_rx
RX,0,184002920,184903570,1,19,7,3,830,900650,unmatched_rx
RX,0,179001458,184999999,1,17,14,3,830,5998541,unmatched_rx
RX,0,179003546,185999999,1,20,19,3,830,6996453,unmatched_rx
RX,0,183002154,186999999,1,18,2,3,830,3997845,unmatched_rx
TX,2855,187000762,,1,16,12,3,830,0,tx
TX,2856,187001458,,1,17,14,3,830,0,tx
TX,2857,187002154,,1,18,2,3,830,0,tx
TX,2858,187002850,,1,19,7,3,830,0,tx
TX,2859,187003546,,1,20,19,3,830,0,tx
RX,0,183000762,187999999,1,16,12,3,830,4999237,unmatched_rx
RX,0,188002920,188903570,1,19,7,3,830,900650,unmatched_rx
RX,0,183001458,188999999,1,17,14,3,830,5998541,unmatched_rx
RX,0,183003546,189999999,1,20,19,3,830,6996453,unmatched_rx
RX,0,187002154,190999999,1,18,2,3,830,3997845,unmatched_rx
TX,2995,191002605,,1,16,12,3,830,0,tx
TX,2996,191003301,,1,17,14,3,830,0,tx
TX,2997,191003997,,1,18,2,3,830,0,tx
TX,2998,191004693,,1,19,7,3,830,0,tx
TX,2999,191005389,,1,20,19,3,830,0,tx
RX,0,187000762,191999999,1,16,12,3,830,4999237,unmatched_rx
RX,0,192004763,192903570,1,19,7,3,830,898807,unmatched_rx
RX,0,187001458,192999999,1,17,14,3,830,5998541,unmatched_rx
RX,0,187003546,193999999,1,20,19,3,830,6996453,unmatched_rx
RX,0,191003997,194999999,1,18,2,3,830,3996002,unmatched_rx
TX,3153,195000762,,1,16,12,3,830,0,tx
TX,3154,195001458,,1,17,14,3,830,0,tx
TX,3155,195002154,,1,18,2,3,830,0,tx
TX,3156,195002850,,1,19,7,3,830,0,tx
TX,3157,195003546,,1,20,19,3,830,0,tx
RX,0,191002605,195999999,1,16,12,3,830,4997394,unmatched_rx
RX,0,196002920,196903570,1,19,7,3,830,900650,unmatched_rx
RX,0,191003301,196999999,1,17,14,3,830,5996698,unmatched_rx
RX,0,191005389,197999999,1,20,19,3,830,6994610,unmatched_rx
RX,0,195002154,198999999,1,18,2,3,830,3997845,unmatched_rx
TX,3281,199000762,,1,16,12,3,830,0,tx
TX,3282,199001458,,1,17,14,3,830,0,tx
TX,3283,199002154,,1,18,2,3,830,0,tx
TX,3284,199002850,,1,19,7,3,830,0,tx
TX,3285,199003546,,1,20,19,3,830,0,tx
RX,0,195000762,199999999,1,16,12,3,830,4999237,unmatched_rx
RX,0,195001458,200999999,1,17,14,3,830,5998541,unmatched_rx
RX,0,200002920,201653570,1,19,7,3,830,1650650,unmatched_rx
RX,0,195003546,201999999,1,20,19,3,830,6996453,unmatched_rx
RX,0,199002154,202999999,1,18,2,3,830,3997845,unmatched_rx
TX,3427,203000762,,1,16,12,3,830,0,tx
TX,3428,203001458,,1,17,14,3,830,0,tx
TX,3429,203002154,,1,18,2,3,830,0,tx
TX,3430,203002850,,1,19,7,3,830,0,tx
TX,3431,203003546,,1,20,19,3,830,0,tx
RX,0,199000762,203999999,1,16,12,3,830,4999237,unmatched_rx
RX,0,204002920,204903570,1,19,7,3,830,900650,unmatched_rx
RX,0,199001458,204999999,1,17,14,3,830,5998541,unmatched_rx
RX,0,199003546,205999999,1,20,19,3,830,6996453,unmatched_rx
RX,0,203002154,206999999,1,18,2,3,830,3997845,unmatched_rx
TX,3581,207000762,,1,16,12,3,830,0,tx
TX,3582,207001458,,1,17,14,3,830,0,tx
TX,3583,207002154,,1,18,2,3,830,0,tx
TX,3584,207002850,,1,19,7,3,830,0,tx
TX,3585,207003546,,1,20,19,3,830,0,tx
RX,0,203000762,207999999,1,16,12,3,830,4999237,unmatched_rx
RX,0,208002920,208903570,1,19,7,3,830,900650,unmatched_rx
RX,0,203001458,208999999,1,17,14,3,830,5998541,unmatched_rx
RX,0,203003546,209999999,1,20,19,3,830,6996453,unmatched_rx
RX,0,207002154,210999999,1,18,2,3,830,3997845,unmatched_rx
TX,3727,211002605,,1,16,12,3,830,0,tx
TX,3728,211003301,,1,17,14,3,830,0,tx
TX,3729,211003997,,1,18,2,3,830,0,tx
TX,3730,211004693,,1,19,7,3,830,0,tx
TX,3731,211005389,,1,20,19,3,830,0,tx
RX,0,207000762,211999999,1,16,12,3,830,4999237,unmatched_rx
RX,0,212004763,212903570,1,19,7,3,830,898807,unmatched_rx
RX,0,207001458,212999999,1,17,14,3,830,5998541,unmatched_rx
RX,0,207003546,213999999,1,20,19,3,830,6996453,unmatched_rx
RX,0,211003997,214999999,1,18,2,3,830,3996002,unmatched_rx
TX,3879,215000762,,1,16,12,3,830,0,tx
TX,3880,215001458,,1,17,14,3,830,0,tx
TX,3881,215002154,,1,18,2,3,830,0,tx
TX,3882,215002850,,1,19,7,3,830,0,tx
TX,3883,215003546,,1,20,19,3,830,0,tx
RX,0,211002605,215999999,1,16,12,3,830,4997394,unmatched_rx
RX,0,216002920,216903570,1,19,7,3,830,900650,unmatched_rx
RX,0,211003301,216999999,1,17,14,3,830,5996698,unmatched_rx
RX,0,211005389,217999999,1,20,19,3,830,6994610,unmatched_rx
RX,0,215002154,218999999,1,18,2,3,830,3997845,unmatched_rx
TX,4013,219000762,,1,16,12,3,830,0,tx
TX,4014,219001458,,1,17,14,3,830,0,tx
TX,4015,219002154,,1,18,2,3,830,0,tx
TX,4016,219002850,,1,19,7,3,830,0,tx
TX,4017,219003546,,1,20,19,3,830,0,tx
RX,0,215000762,219999999,1,16,12,3,830,4999237,unmatched_rx
RX,0,220002920,220903570,1,19,7,3,830,900650,unmatched_rx
RX,0,215001458,220999999,1,17,14,3,830,5998541,unmatched_rx
RX,0,215003546,221999999,1,20,19,3,830,6996453,unmatched_rx
RX,0,219002154,222999999,1,18,2,3,830,3997845,unmatched_rx
TX,4153,223000762,,1,16,12,3,830,0,tx
TX,4154,223001458,,1,17,14,3,830,0,tx
TX,4155,223002154,,1,18,2,3,830,0,tx
TX,4156,223002850,,1,19,7,3,830,0,tx
TX,4157,223003546,,1,20,19,3,830,0,tx
RX,0,219000762,223999999,1,16,12,3,830,4999237,unmatched_rx
RX,0,224002920,224903570,1,19,7,3,830,900650,unmatched_rx
RX,0,219001458,224999999,1,17,14,3,830,5998541,unmatched_rx
RX,0,219003546,225999999,1,20,19,3,830,6996453,unmatched_rx
RX,0,223002154,226999999,1,18,2,3,830,3997845,unmatched_rx
TX,4309,227000762,,1,16,12,3,830,0,tx
TX,4310,227001458,,1,17,14,3,830,0,tx
TX,4311,227002154,,1,18,2,3,830,0,tx
TX,4312,227002850,,1,19,7,3,830,0,tx
TX,4313,227003546,,1,20,19,3,830,0,tx
TX,4311,227767868,,1,18,2,3,830,0,tx
TX,4313,227767876,,1,20,19,3,830,0,tx
RX,0,223000762,227999999,1,16,12,3,830,4999237,unmatched_rx
RX,0,228002920,228903570,1,19,7,3,830,900650,unmatched_rx
RX,0,223001458,228999999,1,17,14,3,830,5998541,unmatched_rx
RX,0,223003546,229999999,1,20,19,3,830,6996453,unmatched_rx
RX,0,227002154,230385713,1,18,2,3,830,3383559,unmatched_rx
RX,0,227003546,230403570,1,20,19,3,830,3400024,unmatched_rx
TX,4451,231002605,,1,16,12,3,830,0,tx
TX,4452,231003301,,1,17,14,3,830,0,tx
TX,4453,231003997,,1,18,2,3,830,0,tx
TX,4454,231004693,,1,19,7,3,830,0,tx
TX,4455,231005389,,1,20,19,3,830,0,tx
RX,0,227000762,231999999,1,16,12,3,830,4999237,unmatched_rx
RX,0,232004067,232885713,1,18,2,3,830,881646,unmatched_rx
RX,0,232005459,232903570,1,20,19,3,830,898111,unmatched_rx
RX,0,232004763,232957141,1,19,7,3,830,952378,unmatched_rx
RX,0,227001458,232999999,1,17,14,3,830,5998541,unmatched_rx
RX,0,231002605,234999999,1,16,12,3,830,3997394,unmatched_rx
TX,4607,235000762,,1,16,12,3,830,0,tx
TX,4608,235001458,,1,17,14,3,830,0,tx
TX,4609,235002154,,1,18,2,3,830,0,tx
TX,4610,235002850,,1,19,7,3,830,0,tx
TX,4611,235003546,,1,20,19,3,830,0,tx
RX,0,231003301,235999999,1,17,14,3,830,4996698,unmatched_rx
RX,0,236002224,236885713,1,18,2,3,830,883489,unmatched_rx
RX,0,236003616,236903570,1,20,19,3,830,899954,unmatched_rx
RX,0,236002920,236939284,1,19,7,3,830,936364,unmatched_rx
RX,0,235000762,238999999,1,16,12,3,830,3999237,unmatched_rx
TX,4741,239000762,,1,16,12,3,830,0,tx
TX,4742,239001458,,1,17,14,3,830,0,tx
TX,4743,239002154,,1,18,2,3,830,0,tx
TX,4744,239002850,,1,19,7,3,830,0,tx
TX,4745,239003546,,1,20,19,3,830,0,tx
RX,0,235001458,239999999,1,17,14,3,830,4998541,unmatched_rx
RX,0,240002224,240885713,1,18,2,3,830,883489,unmatched_rx
RX,0,240003616,240903570,1,20,19,3,830,899954,unmatched_rx
RX,0,240002920,240939284,1,19,7,3,830,936364,unmatched_rx
RX,0,239000762,242999999,1,16,12,3,830,3999237,unmatched_rx
TX,4899,243000762,,1,16,12,3,830,0,tx
TX,4900,243001458,,1,17,14,3,830,0,tx
TX,4901,243002154,,1,18,2,3,830,0,tx
TX,4902,243002850,,1,19,7,3,830,0,tx
TX,4903,243003546,,1,20,19,3,830,0,tx
RX,0,239001458,243999999,1,17,14,3,830,4998541,unmatched_rx
RX,0,244002920,244903570,1,19,7,3,830,900650,unmatched_rx
RX,0,244002224,244921427,1,18,2,3,830,919203,unmatched_rx
RX,0,244003616,244939284,1,20,19,3,830,935668,unmatched_rx
RX,0,243000762,246999999,1,16,12,3,830,3999237,unmatched_rx
TX,5053,247000762,,1,16,12,3,830,0,tx
TX,5054,247001458,,1,17,14,3,830,0,tx
TX,5055,247002154,,1,18,2,3,830,0,tx
TX,5056,247002850,,1,19,7,3,830,0,tx
TX,5057,247003546,,1,20,19,3,830,0,tx
RX,0,243001458,247999999,1,17,14,3,830,4998541,unmatched_rx
RX,0,248002224,248885713,1,18,2,3,830,883489,unmatched_rx
RX,0,248003616,248903570,1,20,19,3,830,899954,unmatched_rx
RX,0,248002920,248939284,1,19,7,3,830,936364,unmatched_rx
RX,0,247000762,250999999,1,16,12,3,830,3999237,unmatched_rx
TX,5197,251002605,,1,16,12,3,830,0,tx
TX,5198,251003301,,1,17,14,3,830,0,tx
TX,5199,251003997,,1,18,2,3,830,0,tx
TX,5200,251004693,,1,19,7,3,830,0,tx
TX,5201,251005389,,1,20,19,3,830,0,tx
RX,0,247001458,251999999,1,17,14,3,830,4998541,unmatched_rx
RX,0,252004067,252885713,1,18,2,3,830,881646,unmatched_rx
RX,0,252005459,252903570,1,20,19,3,830,898111,unmatched_rx
RX,0,252004763,252957141,1,19,7,3,830,952378,unmatched_rx
RX,0,251002605,254999999,1,16,12,3,830,3997394,unmatched_rx
TX,5355,255000762,,1,16,12,3,830,0,tx
TX,5356,255001458,,1,17,14,3,830,0,tx
TX,5357,255002154,,1,18,2,3,830,0,tx
TX,5358,255002850,,1,19,7,3,830,0,tx
TX,5359,255003546,,1,20,19,3,830,0,tx
RX,0,251003301,255999999,1,17,14,3,830,4996698,unmatched_rx
RX,0,256002224,256885713,1,18,2,3,830,883489,unmatched_rx
RX,0,256003616,256903570,1,20,19,3,830,899954,unmatched_rx
RX,0,256002920,256939284,1,19,7,3,830,936364,unmatched_rx
RX,0,255000762,258999999,1,16,12,3,830,3999237,unmatched_rx
TX,5491,259000762,,1,16,12,3,830,0,tx
TX,5492,259001458,,1,17,14,3,830,0,tx
TX,5493,259002154,,1,18,2,3,830,0,tx
TX,5494,259002850,,1,19,7,3,830,0,tx
TX,5495,259003546,,1,20,19,3,830,0,tx
RX,0,255001458,259999999,1,17,14,3,830,4998541,unmatched_rx
RX,0,260002224,260885713,1,18,2,3,830,883489,unmatched_rx
RX,0,260003616,260903570,1,20,19,3,830,899954,unmatched_rx
RX,0,260002920,260939284,1,19,7,3,830,936364,unmatched_rx
RX,0,259000762,262999999,1,16,12,3,830,3999237,unmatched_rx
TX,5633,263000762,,1,16,12,3,830,0,tx
TX,5634,263001458,,1,17,14,3,830,0,tx
TX,5635,263002154,,1,18,2,3,830,0,tx
TX,5636,263002850,,1,19,7,3,830,0,tx
TX,5637,263003546,,1,20,19,3,830,0,tx
RX,0,259001458,263999999,1,17,14,3,830,4998541,unmatched_rx
RX,0,264002920,264903570,1,19,7,3,830,900650,unmatched_rx
RX,0,264002224,264921427,1,18,2,3,830,919203,unmatched_rx
RX,0,264003616,264939284,1,20,19,3,830,935668,unmatched_rx
RX,0,263000762,266999999,1,16,12,3,830,3999237,unmatched_rx
TX,5791,267000762,,1,16,12,3,830,0,tx
TX,5792,267001458,,1,17,14,3,830,0,tx
TX,5793,267002154,,1,18,2,3,830,0,tx
TX,5794,267002850,,1,19,7,3,830,0,tx
TX,5795,267003546,,1,20,19,3,830,0,tx
RX,0,263001458,267999999,1,17,14,3,830,4998541,unmatched_rx
RX,0,268002224,268885713,1,18,2,3,830,883489,unmatched_rx
RX,0,268003616,268903570,1,20,19,3,830,899954,unmatched_rx
RX,0,268002920,268939284,1,19,7,3,830,936364,unmatched_rx
RX,0,267000762,270999999,1,16,12,3,830,3999237,unmatched_rx
TX,5933,271002605,,1,16,12,3,830,0,tx
TX,5934,271003301,,1,17,14,3,830,0,tx
TX,5935,271003997,,1,18,2,3,830,0,tx
TX,5936,271004693,,1,19,7,3,830,0,tx
TX,5937,271005389,,1,20,19,3,830,0,tx
RX,0,267001458,271999999,1,17,14,3,830,4998541,unmatched_rx
RX,0,272004067,272885713,1,18,2,3,830,881646,unmatched_rx
RX,0,272005459,272903570,1,20,19,3,830,898111,unmatched_rx
RX,0,272004763,272957141,1,19,7,3,830,952378,unmatched_rx
RX,0,271002605,274999999,1,16,12,3,830,3997394,unmatched_rx
TX,6087,275000762,,1,16,12,3,830,0,tx
TX,6088,275001458,,1,17,14,3,830,0,tx
TX,6089,275002154,,1,18,2,3,830,0,tx
TX,6090,275002850,,1,19,7,3,830,0,tx
TX,6091,275003546,,1,20,19,3,830,0,tx
RX,0,271003301,275999999,1,17,14,3,830,4996698,unmatched_rx
RX,0,276002224,276885713,1,18,2,3,830,883489,unmatched_rx
RX,0,276003616,276903570,1,20,19,3,830,899954,unmatched_rx
RX,0,276002920,276939284,1,19,7,3,830,936364,unmatched_rx
RX,0,275000762,278999999,1,16,12,3,830,3999237,unmatched_rx
TX,6217,279000762,,1,16,12,3,830,0,tx
TX,6218,279001458,,1,17,14,3,830,0,tx
TX,6219,279002154,,1,18,2,3,830,0,tx
TX,6220,279002850,,1,19,7,3,830,0,tx
TX,6221,279003546,,1,20,19,3,830,0,tx
RX,0,275001458,279999999,1,17,14,3,830,4998541,unmatched_rx
RX,0,280002224,280885713,1,18,2,3,830,883489,unmatched_rx
RX,0,280003616,280903570,1,20,19,3,830,899954,unmatched_rx
RX,0,280002920,280939284,1,19,7,3,830,936364,unmatched_rx
RX,0,279000762,282999999,1,16,12,3,830,3999237,unmatched_rx
TX,6361,283000762,,1,16,12,3,830,0,tx
TX,6362,283001458,,1,17,14,3,830,0,tx
TX,6363,283002154,,1,18,2,3,830,0,tx
TX,6364,283002850,,1,19,7,3,830,0,tx
TX,6365,283003546,,1,20,19,3,830,0,tx
RX,0,279001458,283999999,1,17,14,3,830,4998541,unmatched_rx
RX,0,284002920,284903570,1,19,7,3,830,900650,unmatched_rx
RX,0,284002224,284921427,1,18,2,3,830,919203,unmatched_rx
RX,0,284003616,284939284,1,20,19,3,830,935668,unmatched_rx
RX,0,283000762,286999999,1,16,12,3,830,3999237,unmatched_rx
TX,6515,287000762,,1,16,12,3,830,0,tx
TX,6516,287001458,,1,17,14,3,830,0,tx
TX,6517,287002154,,1,18,2,3,830,0,tx
TX,6518,287002850,,1,19,7,3,830,0,tx
TX,6519,287003546,,1,20,19,3,830,0,tx
RX,0,283001458,287999999,1,17,14,3,830,4998541,unmatched_rx
RX,0,288002224,288885713,1,18,2,3,830,883489,unmatched_rx
RX,0,288003616,288903570,1,20,19,3,830,899954,unmatched_rx
RX,0,288002920,288939284,1,19,7,3,830,936364,unmatched_rx
RX,0,287000762,290999999,1,16,12,3,830,3999237,unmatched_rx
TX,6659,291002605,,1,16,12,3,830,0,tx
TX,6660,291003301,,1,17,14,3,830,0,tx
TX,6661,291003997,,1,18,2,3,830,0,tx
TX,6662,291004693,,1,19,7,3,830,0,tx
TX,6663,291005389,,1,20,19,3,830,0,tx
RX,0,287001458,291999999,1,17,14,3,830,4998541,unmatched_rx
RX,0,292004067,292885713,1,18,2,3,830,881646,unmatched_rx
RX,0,292005459,292903570,1,20,19,3,830,898111,unmatched_rx
RX,0,292004763,292957141,1,19,7,3,830,952378,unmatched_rx
RX,0,291002605,294999999,1,16,12,3,830,3997394,unmatched_rx
TX,6817,295000762,,1,16,12,3,830,0,tx
TX,6818,295001458,,1,17,14,3,830,0,tx
TX,6819,295002154,,1,18,2,3,830,0,tx
TX,6820,295002850,,1,19,7,3,830,0,tx
TX,6821,295003546,,1,20,19,3,830,0,tx
RX,0,291003301,295999999,1,17,14,3,830,4996698,unmatched_rx
RX,0,296002224,296885713,1,18,2,3,830,883489,unmatched_rx
RX,0,296003616,296903570,1,20,19,3,830,899954,unmatched_rx
RX,0,296002920,296939284,1,19,7,3,830,936364,unmatched_rx
RX,0,295000762,298999999,1,16,12,3,830,3999237,unmatched_rx
TX,6953,299000762,,1,16,12,3,830,0,tx
TX,6954,299001458,,1,17,14,3,830,0,tx
TX,6955,299002154,,1,18,2,3,830,0,tx
TX,6956,299002850,,1,19,7,3,830,0,tx
TX,6957,299003546,,1,20,19,3,830,0,tx
RX,0,295001458,299999999,1,17,14,3,830,4998541,unmatched_rx
RX,0,300002224,300885713,1,18,2,3,830,883489,unmatched_rx
RX,0,300002920,300939284,1,19,7,3,830,936364,unmatched_rx
RX,0,300003616,301653570,1,20,19,3,830,1649954,unmatched_rx
RX,0,299000762,302999999,1,16,12,3,830,3999237,unmatched_rx
TX,7095,303000762,,1,16,12,3,830,0,tx
TX,7096,303001458,,1,17,14,3,830,0,tx
TX,7097,303002154,,1,18,2,3,830,0,tx
TX,7098,303002850,,1,19,7,3,830,0,tx
TX,7099,303003546,,1,20,19,3,830,0,tx
RX,0,299001458,303999999,1,17,14,3,830,4998541,unmatched_rx
RX,0,304002920,304903570,1,19,7,3,830,900650,unmatched_rx
RX,0,304002224,304921427,1,18,2,3,830,919203,unmatched_rx
RX,0,304003616,304957141,1,20,19,3,830,953525,unmatched_rx
RX,0,303000762,306999999,1,16,12,3,830,3999237,unmatched_rx
TX,7253,307000762,,1,16,12,3,830,0,tx
TX,7254,307001458,,1,17,14,3,830,0,tx
TX,7255,307002154,,1,18,2,3,830,0,tx
TX,7256,307002850,,1,19,7,3,830,0,tx
TX,7257,307003546,,1,20,19,3,830,0,tx
RX,0,303001458,307999999,1,17,14,3,830,4998541,unmatched_rx
RX,0,308002920,308903570,1,19,7,3,830,900650,unmatched_rx
RX,0,308002224,308921427,1,18,2,3,830,919203,unmatched_rx
RX,0,308003616,308957141,1,20,19,3,830,953525,unmatched_rx
RX,0,307000762,310999999,1,16,12,3,830,3999237,unmatched_rx
TX,7395,311002605,,1,16,12,3,830,0,tx
TX,7396,311003301,,1,17,14,3,830,0,tx
TX,7397,311003997,,1,18,2,3,830,0,tx
TX,7398,311004693,,1,19,7,3,830,0,tx
TX,7399,311005389,,1,20,19,3,830,0,tx
RX,0,307001458,311999999,1,17,14,3,830,4998541,unmatched_rx
RX,0,312004763,312903570,1,19,7,3,830,898807,unmatched_rx
RX,0,312004067,312921427,1,18,2,3,830,917360,unmatched_rx
RX,0,312005459,312957141,1,20,19,3,830,951682,unmatched_rx
RX,0,311002605,314999999,1,16,12,3,830,3997394,unmatched_rx
TX,7554,315000762,,1,16,12,3,830,0,tx
TX,7555,315001458,,1,17,14,3,830,0,tx
TX,7556,315002154,,1,18,2,3,830,0,tx
TX,7557,315002850,,1,19,7,3,830,0,tx
TX,7558,315003546,,1,20,19,3,830,0,tx
RX,0,311003301,315999999,1,17,14,3,830,4996698,unmatched_rx
RX,0,316002920,316903570,1,19,7,3,830,900650,unmatched_rx
RX,0,316002224,316921427,1,18,2,3,830,919203,unmatched_rx
RX,0,316003616,316957141,1,20,19,3,830,953525,unmatched_rx
RX,0,315000762,318999999,1,16,12,3,830,3999237,unmatched_rx
TX,7684,319000762,,1,16,12,3,830,0,tx
TX,7685,319001458,,1,17,14,3,830,0,tx
TX,7686,319002154,,1,18,2,3,830,0,tx
TX,7687,319002850,,1,19,7,3,830,0,tx
TX,7688,319003546,,1,20,19,3,830,0,tx
RX,0,315001458,319999999,1,17,14,3,830,4998541,unmatched_rx
RX,0,320002920,320903570,1,19,7,3,830,900650,unmatched_rx
RX,0,320002224,320921427,1,18,2,3,830,919203,unmatched_rx
RX,0,320003616,321653570,1,20,19,3,830,1649954,unmatched_rx
RX,0,319000762,322999999,1,16,12,3,830,3999237,unmatched_rx
TX,7832,323000762,,1,16,12,3,830,0,tx
TX,7833,323001458,,1,17,14,3,830,0,tx
TX,7834,323002154,,1,18,2,3,830,0,tx
TX,7835,323002850,,1,19,7,3,830,0,tx
TX,7836,323003546,,1,20,19,3,830,0,tx
RX,0,319001458,323999999,1,17,14,3,830,4998541,unmatched_rx
RX,0,324002920,324903570,1,19,7,3,830,900650,unmatched_rx
RX,0,324002224,324921427,1,18,2,3,830,919203,unmatched_rx
RX,0,324003616,324957141,1,20,19,3,830,953525,unmatched_rx
RX,0,323000762,326999999,1,16,12,3,830,3999237,unmatched_rx
TX,7984,327000762,,1,16,12,3,830,0,tx
TX,7985,327001458,,1,17,14,3,830,0,tx
TX,7986,327002154,,1,18,2,3,830,0,tx
TX,7987,327002850,,1,19,7,3,830,0,tx
TX,7988,327003546,,1,20,19,3,830,0,tx
RX,0,323001458,327999999,1,17,14,3,830,4998541,unmatched_rx
RX,0,328002920,328903570,1,19,7,3,830,900650,unmatched_rx
RX,0,328002224,328921427,1,18,2,3,830,919203,unmatched_rx
RX,0,328003616,328957141,1,20,19,3,830,953525,unmatched_rx
RX,0,327000762,330999999,1,16,12,3,830,3999237,unmatched_rx
TX,8132,331002605,,1,16,12,3,830,0,tx
TX,8133,331003301,,1,17,14,3,830,0,tx
TX,8134,331003997,,1,18,2,3,830,0,tx
TX,8135,331004693,,1,19,7,3,830,0,tx
TX,8136,331005389,,1,20,19,3,830,0,tx
RX,0,327001458,331999999,1,17,14,3,830,4998541,unmatched_rx
RX,0,332004763,332903570,1,19,7,3,830,898807,unmatched_rx
RX,0,332004067,332921427,1,18,2,3,830,917360,unmatched_rx
RX,0,332005459,332957141,1,20,19,3,830,951682,unmatched_rx
RX,0,331002605,334999999,1,16,12,3,830,3997394,unmatched_rx
TX,8290,335000762,,1,16,12,3,830,0,tx
TX,8291,335001458,,1,17,14,3,830,0,tx
TX,8292,335002154,,1,18,2,3,830,0,tx
TX,8293,335002850,,1,19,7,3,830,0,tx
TX,8294,335003546,,1,20,19,3,830,0,tx
RX,0,331003301,335999999,1,17,14,3,830,4996698,unmatched_rx
RX,0,336002920,336903570,1,19,7,3,830,900650,unmatched_rx
RX,0,336002224,336921427,1,18,2,3,830,919203,unmatched_rx
RX,0,336003616,336957141,1,20,19,3,830,953525,unmatched_rx
RX,0,335000762,338999999,1,16,12,3,830,3999237,unmatched_rx
TX,8426,339000762,,1,16,12,3,830,0,tx
TX,8427,339001458,,1,17,14,3,830,0,tx
TX,8428,339002154,,1,18,2,3,830,0,tx
TX,8429,339002850,,1,19,7,3,830,0,tx
TX,8430,339003546,,1,20,19,3,830,0,tx
RX,0,335001458,339999999,1,17,14,3,830,4998541,unmatched_rx
RX,0,340002920,340903570,1,19,7,3,830,900650,unmatched_rx
RX,0,340002224,340921427,1,18,2,3,830,919203,unmatched_rx
RX,0,340003616,340957141,1,20,19,3,830,953525,unmatched_rx
RX,0,339000762,342999999,1,16,12,3,830,3999237,unmatched_rx
TX,8568,343000762,,1,16,12,3,830,0,tx
TX,8569,343001458,,1,17,14,3,830,0,tx
TX,8570,343002154,,1,18,2,3,830,0,tx
TX,8571,343002850,,1,19,7,3,830,0,tx
TX,8572,343003546,,1,20,19,3,830,0,tx
RX,0,339001458,343999999,1,17,14,3,830,4998541,unmatched_rx
RX,0,344002920,344903570,1,19,7,3,830,900650,unmatched_rx
RX,0,344002224,344921427,1,18,2,3,830,919203,unmatched_rx
RX,0,344003616,344957141,1,20,19,3,830,953525,unmatched_rx
RX,0,343000762,346999999,1,16,12,3,830,3999237,unmatched_rx
TX,8726,347000762,,1,16,12,3,830,0,tx
TX,8727,347001458,,1,17,14,3,830,0,tx
TX,8728,347002154,,1,18,2,3,830,0,tx
TX,8729,347002850,,1,19,7,3,830,0,tx
TX,8730,347003546,,1,20,19,3,830,0,tx
RX,0,343001458,347999999,1,17,14,3,830,4998541,unmatched_rx
RX,0,348002920,348903570,1,19,7,3,830,900650,unmatched_rx
RX,0,348002224,348921427,1,18,2,3,830,919203,unmatched_rx
RX,0,348003616,348957141,1,20,19,3,830,953525,unmatched_rx
RX,0,347000762,350999999,1,16,12,3,830,3999237,unmatched_rx
TX,8868,351002605,,1,16,12,3,830,0,tx
TX,8869,351003301,,1,17,14,3,830,0,tx
TX,8870,351003997,,1,18,2,3,830,0,tx
TX,8871,351004693,,1,19,7,3,830,0,tx
TX,8872,351005389,,1,20,19,3,830,0,tx
RX,0,347001458,351999999,1,17,14,3,830,4998541,unmatched_rx
RX,0,352004763,352903570,1,19,7,3,830,898807,unmatched_rx
RX,0,352004067,352921427,1,18,2,3,830,917360,unmatched_rx
RX,0,352005459,352957141,1,20,19,3,830,951682,unmatched_rx
RX,0,351002605,354999999,1,16,12,3,830,3997394,unmatched_rx
TX,9026,355000762,,1,16,12,3,830,0,tx
TX,9027,355001458,,1,17,14,3,830,0,tx
TX,9028,355002154,,1,18,2,3,830,0,tx
TX,9029,355002850,,1,19,7,3,830,0,tx
TX,9030,355003546,,1,20,19,3,830,0,tx
RX,0,351003301,355999999,1,17,14,3,830,4996698,unmatched_rx
RX,0,356002920,356903570,1,19,7,3,830,900650,unmatched_rx
RX,0,356002224,356921427,1,18,2,3,830,919203,unmatched_rx
RX,0,356003616,356957141,1,20,19,3,830,953525,unmatched_rx
RX,0,355000762,358999999,1,16,12,3,830,3999237,unmatched_rx
TX,9156,359000762,,1,16,12,3,830,0,tx
TX,9157,359001458,,1,17,14,3,830,0,tx
TX,9158,359002154,,1,18,2,3,830,0,tx
TX,9159,359002850,,1,19,7,3,830,0,tx
TX,9160,359003546,,1,20,19,3,830,0,tx
RX,0,355001458,359999999,1,17,14,3,830,4998541,unmatched_rx
RX,0,360002920,360903570,1,19,7,3,830,900650,unmatched_rx
RX,0,360002224,360921427,1,18,2,3,830,919203,unmatched_rx
RX,0,360003616,360957141,1,20,19,3,830,953525,unmatched_rx
RX,0,359000762,362999999,1,16,12,3,830,3999237,unmatched_rx
TX,9304,363000762,,1,16,12,3,830,0,tx
TX,9305,363001458,,1,17,14,3,830,0,tx
TX,9306,363002154,,1,18,2,3,830,0,tx
TX,9307,363002850,,1,19,7,3,830,0,tx
TX,9308,363003546,,1,20,19,3,830,0,tx
RX,0,359001458,363999999,1,17,14,3,830,4998541,unmatched_rx
RX,0,364002920,364903570,1,19,7,3,830,900650,unmatched_rx
RX,0,364002224,364921427,1,18,2,3,830,919203,unmatched_rx
RX,0,364003616,364957141,1,20,19,3,830,953525,unmatched_rx
RX,0,363000762,366999999,1,16,12,3,830,3999237,unmatched_rx
TX,9456,367000762,,1,16,12,3,830,0,tx
TX,9457,367001458,,1,17,14,3,830,0,tx
TX,9458,367002154,,1,18,2,3,830,0,tx
TX,9459,367002850,,1,19,7,3,830,0,tx
TX,9460,367003546,,1,20,19,3,830,0,tx
RX,0,363001458,367999999,1,17,14,3,830,4998541,unmatched_rx
RX,0,368002920,368903570,1,19,7,3,830,900650,unmatched_rx
RX,0,368002224,368921427,1,18,2,3,830,919203,unmatched_rx
RX,0,368003616,369653570,1,20,19,3,830,1649954,unmatched_rx
RX,0,367000762,370999999,1,16,12,3,830,3999237,unmatched_rx
TX,9604,371002605,,1,16,12,3,830,0,tx
TX,9605,371003301,,1,17,14,3,830,0,tx
TX,9606,371003997,,1,18,2,3,830,0,tx
TX,9607,371004693,,1,19,7,3,830,0,tx
TX,9608,371005389,,1,20,19,3,830,0,tx
RX,0,367001458,371999999,1,17,14,3,830,4998541,unmatched_rx
RX,0,372005459,372903570,1,20,19,3,830,898111,unmatched_rx
RX,0,372004763,372957141,1,19,7,3,830,952378,unmatched_rx
RX,0,372004067,372974998,1,18,2,3,830,970931,unmatched_rx
RX,0,371002605,374999999,1,16,12,3,830,3997394,unmatched_rx
TX,9762,375000762,,1,16,12,3,830,0,tx
TX,9763,375001458,,1,17,14,3,830,0,tx
TX,9764,375002154,,1,18,2,3,830,0,tx
TX,9765,375002850,,1,19,7,3,830,0,tx
TX,9766,375003546,,1,20,19,3,830,0,tx
RX,0,371003301,375999999,1,17,14,3,830,4996698,unmatched_rx
RX,0,376002920,376903570,1,19,7,3,830,900650,unmatched_rx
RX,0,376002224,376921427,1,18,2,3,830,919203,unmatched_rx
RX,0,376003616,376957141,1,20,19,3,830,953525,unmatched_rx
RX,0,375000762,378999999,1,16,12,3,830,3999237,unmatched_rx
TX,9898,379000762,,1,16,12,3,830,0,tx
TX,9899,379001458,,1,17,14,3,830,0,tx
TX,9900,379002154,,1,18,2,3,830,0,tx
TX,9901,379002850,,1,19,7,3,830,0,tx
TX,9902,379003546,,1,20,19,3,830,0,tx
RX,0,375001458,379999999,1,17,14,3,830,4998541,unmatched_rx
RX,0,380002920,380903570,1,19,7,3,830,900650,unmatched_rx
RX,0,380002224,380921427,1,18,2,3,830,919203,unmatched_rx
RX,0,380003616,380957141,1,20,19,3,830,953525,unmatched_rx
RX,0,379000762,382999999,1,16,12,3,830,3999237,unmatched_rx
TX,10040,383000762,,1,16,12,3,830,0,tx
TX,10041,383001458,,1,17,14,3,830,0,tx
TX,10042,383002154,,1,18,2,3,830,0,tx
TX,10043,383002850,,1,19,7,3,830,0,tx
TX,10044,383003546,,1,20,19,3,830,0,tx
RX,0,379001458,383999999,1,17,14,3,830,4998541,unmatched_rx
RX,0,384002920,384903570,1,19,7,3,830,900650,unmatched_rx
RX,0,384002224,384921427,1,18,2,3,830,919203,unmatched_rx
RX,0,384003616,384957141,1,20,19,3,830,953525,unmatched_rx
RX,0,383000762,386999999,1,16,12,3,830,3999237,unmatched_rx
TX,10198,387000762,,1,16,12,3,830,0,tx
TX,10199,387001458,,1,17,14,3,830,0,tx
TX,10200,387002154,,1,18,2,3,830,0,tx
TX,10201,387002850,,1,19,7,3,830,0,tx
TX,10202,387003546,,1,20,19,3,830,0,tx
RX,0,383001458,387999999,1,17,14,3,830,4998541,unmatched_rx
RX,0,388002920,388903570,1,19,7,3,830,900650,unmatched_rx
RX,0,388002224,388921427,1,18,2,3,830,919203,unmatched_rx
RX,0,388003616,388957141,1,20,19,3,830,953525,unmatched_rx
RX,0,387000762,390999999,1,16,12,3,830,3999237,unmatched_rx
TX,10340,391002605,,1,16,12,3,830,0,tx
TX,10341,391003301,,1,17,14,3,830,0,tx
TX,10342,391003997,,1,18,2,3,830,0,tx
TX,10343,391004693,,1,19,7,3,830,0,tx
TX,10344,391005389,,1,20,19,3,830,0,tx
RX,0,387001458,391999999,1,17,14,3,830,4998541,unmatched_rx
RX,0,392004763,392903570,1,19,7,3,830,898807,unmatched_rx
RX,0,392004067,392921427,1,18,2,3,830,917360,unmatched_rx
RX,0,392005459,392957141,1,20,19,3,830,951682,unmatched_rx
RX,0,391002605,394999999,1,16,12,3,830,3997394,unmatched_rx
TX,10498,395000762,,1,16,12,3,830,0,tx
TX,10499,395001458,,1,17,14,3,830,0,tx
TX,10500,395002154,,1,18,2,3,830,0,tx
TX,10501,395002850,,1,19,7,3,830,0,tx
TX,10502,395003546,,1,20,19,3,830,0,tx
RX,0,391003301,395999999,1,17,14,3,830,4996698,unmatched_rx
RX,0,396002920,396903570,1,19,7,3,830,900650,unmatched_rx
RX,0,396002224,396921427,1,18,2,3,830,919203,unmatched_rx
RX,0,396003616,396957141,1,20,19,3,830,953525,unmatched_rx
RX,0,395000762,398999999,1,16,12,3,830,3999237,unmatched_rx
TX,10628,399000762,,1,16,12,3,830,0,tx
TX,10629,399001458,,1,17,14,3,830,0,tx
TX,10630,399002154,,1,18,2,3,830,0,tx
TX,10631,399002850,,1,19,7,3,830,0,tx
TX,10632,399003546,,1,20,19,3,830,0,tx
RX,0,395001458,399999999,1,17,14,3,830,4998541,unmatched_rx
RX,0,400002920,400903570,1,19,7,3,830,900650,unmatched_rx
RX,0,400003616,400957141,1,20,19,3,830,953525,unmatched_rx
RX,0,400002224,401635713,1,18,2,3,830,1633489,unmatched_rx
RX,0,399000762,402999999,1,16,12,3,830,3999237,unmatched_rx
TX,10776,403000762,,1,16,12,3,830,0,tx
TX,10777,403001458,,1,17,14,3,830,0,tx
TX,10778,403002154,,1,18,2,3,830,0,tx
TX,10779,403002850,,1,19,7,3,830,0,tx
TX,10780,403003546,,1,20,19,3,830,0,tx
RX,0,399001458,403999999,1,17,14,3,830,4998541,unmatched_rx
RX,0,404002920,404903570,1,19,7,3,830,900650,unmatched_rx
RX,0,404002224,404939284,1,18,2,3,830,937060,unmatched_rx
RX,0,404003616,404974998,1,20,19,3,830,971382,unmatched_rx
RX,0,403000762,406999999,1,16,12,3,830,3999237,unmatched_rx
TX,10928,407000762,,1,16,12,3,830,0,tx
TX,10929,407001458,,1,17,14,3,830,0,tx
TX,10930,407002154,,1,18,2,3,830,0,tx
TX,10931,407002850,,1,19,7,3,830,0,tx
TX,10932,407003546,,1,20,19,3,830,0,tx
RX,0,403001458,407999999,1,17,14,3,830,4998541,unmatched_rx
RX,0,408002920,408903570,1,19,7,3,830,900650,unmatched_rx
RX,0,408003616,408974998,1,20,19,3,830,971382,unmatched_rx
RX,0,408002224,409653570,1,18,2,3,830,1651346,unmatched_rx
RX,0,407000762,410999999,1,16,12,3,830,3999237,unmatched_rx
TX,11076,411002605,,1,16,12,3,830,0,tx
TX,11077,411003301,,1,17,14,3,830,0,tx
TX,11078,411003997,,1,18,2,3,830,0,tx
TX,11079,411004693,,1,19,7,3,830,0,tx
TX,11080,411005389,,1,20,19,3,830,0,tx
RX,0,407001458,411999999,1,17,14,3,830,4998541,unmatched_rx
RX,0,412004067,412903570,1,18,2,3,830,899503,unmatched_rx
RX,0,412005459,412939284,1,20,19,3,830,933825,unmatched_rx
RX,0,412004763,412992855,1,19,7,3,830,988092,unmatched_rx
RX,0,411002605,414999999,1,16,12,3,830,3997394,unmatched_rx
TX,11234,415000762,,1,16,12,3,830,0,tx
TX,11235,415001458,,1,17,14,3,830,0,tx
TX,11236,415002154,,1,18,2,3,830,0,tx
TX,11237,415002850,,1,19,7,3,830,0,tx
TX,11238,415003546,,1,20,19,3,830,0,tx
RX,0,411003301,415999999,1,17,14,3,830,4996698,unmatched_rx
RX,0,416002224,416903570,1,18,2,3,830,901346,unmatched_rx
RX,0,416003616,416939284,1,20,19,3,830,935668,unmatched_rx
RX,0,416002920,416974998,1,19,7,3,830,972078,unmatched_rx
RX,0,415000762,418999999,1,16,12,3,830,3999237,unmatched_rx
TX,11370,419000762,,1,16,12,3,830,0,tx
TX,11371,419001458,,1,17,14,3,830,0,tx
TX,11372,419002154,,1,18,2,3,830,0,tx
TX,11373,419002850,,1,19,7,3,830,0,tx
TX,11374,419003546,,1,20,19,3,830,0,tx
RX,0,415001458,419999999,1,17,14,3,830,4998541,unmatched_rx
RX,0,420002224,420903570,1,18,2,3,830,901346,unmatched_rx
RX,0,420003616,420939284,1,20,19,3,830,935668,unmatched_rx
RX,0,420002920,420974998,1,19,7,3,830,972078,unmatched_rx
RX,0,419000762,422999999,1,16,12,3,830,3999237,unmatched_rx
TX,11512,423000762,,1,16,12,3,830,0,tx
TX,11513,423001458,,1,17,14,3,830,0,tx
TX,11514,423002154,,1,18,2,3,830,0,tx
TX,11515,423002850,,1,19,7,3,830,0,tx
TX,11516,423003546,,1,20,19,3,830,0,tx
RX,0,419001458,423999999,1,17,14,3,830,4998541,unmatched_rx
RX,0,424002920,424903570,1,19,7,3,830,900650,unmatched_rx
RX,0,424002224,424939284,1,18,2,3,830,937060,unmatched_rx
RX,0,424003616,424974998,1,20,19,3,830,971382,unmatched_rx
RX,0,423000762,426999999,1,16,12,3,830,3999237,unmatched_rx
TX,11670,427000762,,1,16,12,3,830,0,tx
TX,11671,427001458,,1,17,14,3,830,0,tx
TX,11672,427002154,,1,18,2,3,830,0,tx
TX,11673,427002850,,1,19,7,3,830,0,tx
TX,11674,427003546,,1,20,19,3,830,0,tx
RX,0,423001458,427999999,1,17,14,3,830,4998541,unmatched_rx
RX,0,428002920,428903570,1,19,7,3,830,900650,unmatched_rx
RX,0,428002224,428921427,1,18,2,3,830,919203,unmatched_rx
RX,0,428003616,428957141,1,20,19,3,830,953525,unmatched_rx
RX,0,427000762,430999999,1,16,12,3,830,3999237,unmatched_rx
TX,11812,431002605,,1,16,12,3,830,0,tx
TX,11813,431003301,,1,17,14,3,830,0,tx
TX,11814,431003997,,1,18,2,3,830,0,tx
TX,11815,431004693,,1,19,7,3,830,0,tx
TX,11816,431005389,,1,20,19,3,830,0,tx
RX,0,427001458,431999999,1,17,14,3,830,4998541,unmatched_rx
RX,0,432004763,432903570,1,19,7,3,830,898807,unmatched_rx
RX,0,432005459,432957141,1,20,19,3,830,951682,unmatched_rx
RX,0,432004067,433635713,1,18,2,3,830,1631646,unmatched_rx
RX,0,431002605,434999999,1,16,12,3,830,3997394,unmatched_rx
TX,11970,435000762,,1,16,12,3,830,0,tx
TX,11971,435001458,,1,17,14,3,830,0,tx
TX,11972,435002154,,1,18,2,3,830,0,tx
TX,11973,435002850,,1,19,7,3,830,0,tx
TX,11974,435003546,,1,20,19,3,830,0,tx
RX,0,431003301,435999999,1,17,14,3,830,4996698,unmatched_rx
RX,0,436002920,436903570,1,19,7,3,830,900650,unmatched_rx
RX,0,436002224,436939284,1,18,2,3,830,937060,unmatched_rx
RX,0,436003616,436974998,1,20,19,3,830,971382,unmatched_rx
RX,0,435000762,438999999,1,16,12,3,830,3999237,unmatched_rx
TX,12100,439000762,,1,16,12,3,830,0,tx
TX,12101,439001458,,1,17,14,3,830,0,tx
TX,12102,439002154,,1,18,2,3,830,0,tx
TX,12103,439002850,,1,19,7,3,830,0,tx
TX,12104,439003546,,1,20,19,3,830,0,tx
RX,0,435001458,439999999,1,17,14,3,830,4998541,unmatched_rx
RX,0,440002920,440903570,1,19,7,3,830,900650,unmatched_rx
RX,0,440002224,440939284,1,18,2,3,830,937060,unmatched_rx
RX,0,440003616,440974998,1,20,19,3,830,971382,unmatched_rx
RX,0,439000762,442999999,1,16,12,3,830,3999237,unmatched_rx
TX,12248,443000762,,1,16,12,3,830,0,tx
TX,12249,443001458,,1,17,14,3,830,0,tx
TX,12250,443002154,,1,18,2,3,830,0,tx
TX,12251,443002850,,1,19,7,3,830,0,tx
TX,12252,443003546,,1,20,19,3,830,0,tx
RX,0,439001458,443999999,1,17,14,3,830,4998541,unmatched_rx
RX,0,444002920,444903570,1,19,7,3,830,900650,unmatched_rx
RX,0,444002224,444939284,1,18,2,3,830,937060,unmatched_rx
RX,0,444003616,444974998,1,20,19,3,830,971382,unmatched_rx
RX,0,443000762,446999999,1,16,12,3,830,3999237,unmatched_rx
TX,12400,447000762,,1,16,12,3,830,0,tx
TX,12401,447001458,,1,17,14,3,830,0,tx
TX,12402,447002154,,1,18,2,3,830,0,tx
TX,12403,447002850,,1,19,7,3,830,0,tx
TX,12404,447003546,,1,20,19,3,830,0,tx
RX,0,443001458,447999999,1,17,14,3,830,4998541,unmatched_rx
RX,0,448002920,448903570,1,19,7,3,830,900650,unmatched_rx
RX,0,448002224,448939284,1,18,2,3,830,937060,unmatched_rx
RX,0,448003616,448974998,1,20,19,3,830,971382,unmatched_rx
RX,0,447000762,450999999,1,16,12,3,830,3999237,unmatched_rx
TX,12548,451002605,,1,16,12,3,830,0,tx
TX,12549,451003301,,1,17,14,3,830,0,tx
TX,12550,451003997,,1,18,2,3,830,0,tx
TX,12551,451004693,,1,19,7,3,830,0,tx
TX,12552,451005389,,1,20,19,3,830,0,tx
RX,0,447001458,451999999,1,17,14,3,830,4998541,unmatched_rx
RX,0,452004763,452903570,1,19,7,3,830,898807,unmatched_rx
RX,0,452004067,452939284,1,18,2,3,830,935217,unmatched_rx
RX,0,452005459,452974998,1,20,19,3,830,969539,unmatched_rx
RX,0,451002605,454999999,1,16,12,3,830,3997394,unmatched_rx
TX,12706,455000762,,1,16,12,3,830,0,tx
TX,12707,455001458,,1,17,14,3,830,0,tx
TX,12708,455002154,,1,18,2,3,830,0,tx
TX,12709,455002850,,1,19,7,3,830,0,tx
TX,12710,455003546,,1,20,19,3,830,0,tx
RX,0,451003301,455999999,1,17,14,3,830,4996698,unmatched_rx
RX,0,456002920,456903570,1,19,7,3,830,900650,unmatched_rx
RX,0,456002224,456939284,1,18,2,3,830,937060,unmatched_rx
RX,0,456003616,456974998,1,20,19,3,830,971382,unmatched_rx
RX,0,455000762,458999999,1,16,12,3,830,3999237,unmatched_rx
TX,12842,459000762,,1,16,12,3,830,0,tx
TX,12843,459001458,,1,17,14,3,830,0,tx
TX,12844,459002154,,1,18,2,3,830,0,tx
TX,12845,459002850,,1,19,7,3,830,0,tx
TX,12846,459003546,,1,20,19,3,830,0,tx
RX,0,455001458,459999999,1,17,14,3,830,4998541,unmatched_rx
RX,0,460002920,460903570,1,19,7,3,830,900650,unmatched_rx
RX,0,460002224,460939284,1,18,2,3,830,937060,unmatched_rx
RX,0,460003616,460974998,1,20,19,3,830,971382,unmatched_rx
RX,0,459000762,462999999,1,16,12,3,830,3999237,unmatched_rx
TX,12984,463000762,,1,16,12,3,830,0,tx
TX,12985,463001458,,1,17,14,3,830,0,tx
TX,12986,463002154,,1,18,2,3,830,0,tx
TX,12987,463002850,,1,19,7,3,830,0,tx
TX,12988,463003546,,1,20,19,3,830,0,tx
RX,0,459001458,463999999,1,17,14,3,830,4998541,unmatched_rx
RX,0,464002920,464903570,1,19,7,3,830,900650,unmatched_rx
RX,0,464003616,464974998,1,20,19,3,830,971382,unmatched_rx
RX,0,464002224,465653570,1,18,2,3,830,1651346,unmatched_rx
RX,0,463000762,466999999,1,16,12,3,830,3999237,unmatched_rx
TX,13142,467000762,,1,16,12,3,830,0,tx
TX,13143,467001458,,1,17,14,3,830,0,tx
TX,13144,467002154,,1,18,2,3,830,0,tx
TX,13145,467002850,,1,19,7,3,830,0,tx
TX,13146,467003546,,1,20,19,3,830,0,tx
RX,0,463001458,467999999,1,17,14,3,830,4998541,unmatched_rx
RX,0,468002224,468903570,1,18,2,3,830,901346,unmatched_rx
RX,0,468003616,468939284,1,20,19,3,830,935668,unmatched_rx
RX,0,468002920,468974998,1,19,7,3,830,972078,unmatched_rx
RX,0,467000762,470999999,1,16,12,3,830,3999237,unmatched_rx
TX,13284,471002605,,1,16,12,3,830,0,tx
TX,13285,471003301,,1,17,14,3,830,0,tx
TX,13286,471003997,,1,18,2,3,830,0,tx
TX,13287,471004693,,1,19,7,3,830,0,tx
TX,13288,471005389,,1,20,19,3,830,0,tx
RX,0,467001458,471999999,1,17,14,3,830,4998541,unmatched_rx
RX,0,472004067,472903570,1,18,2,3,830,899503,unmatched_rx
RX,0,472005459,472939284,1,20,19,3,830,933825,unmatched_rx
RX,0,472004763,472992855,1,19,7,3,830,988092,unmatched_rx
RX,0,471002605,474999999,1,16,12,3,830,3997394,unmatched_rx
TX,13442,475000762,,1,16,12,3,830,0,tx
TX,13443,475001458,,1,17,14,3,830,0,tx
TX,13444,475002154,,1,18,2,3,830,0,tx
TX,13445,475002850,,1,19,7,3,830,0,tx
TX,13446,475003546,,1,20,19,3,830,0,tx
RX,0,471003301,475999999,1,17,14,3,830,4996698,unmatched_rx
RX,0,476002224,476903570,1,18,2,3,830,901346,unmatched_rx
RX,0,476003616,476939284,1,20,19,3,830,935668,unmatched_rx
RX,0,476002920,476974998,1,19,7,3,830,972078,unmatched_rx
RX,0,475000762,478999999,1,16,12,3,830,3999237,unmatched_rx
TX,13572,479000762,,1,16,12,3,830,0,tx
TX,13573,479001458,,1,17,14,3,830,0,tx
TX,13574,479002154,,1,18,2,3,830,0,tx
TX,13575,479002850,,1,19,7,3,830,0,tx
TX,13576,479003546,,1,20,19,3,830,0,tx
RX,0,475001458,479999999,1,17,14,3,830,4998541,unmatched_rx
RX,0,480003616,480921427,1,20,19,3,830,917811,unmatched_rx
RX,0,480002920,480957141,1,19,7,3,830,954221,unmatched_rx
RX,0,480002224,481635713,1,18,2,3,830,1633489,unmatched_rx
RX,0,479000762,482999999,1,16,12,3,830,3999237,unmatched_rx
TX,13720,483000762,,1,16,12,3,830,0,tx
TX,13721,483001458,,1,17,14,3,830,0,tx
TX,13722,483002154,,1,18,2,3,830,0,tx
TX,13723,483002850,,1,19,7,3,830,0,tx
TX,13724,483003546,,1,20,19,3,830,0,tx
RX,0,479001458,483999999,1,17,14,3,830,4998541,unmatched_rx
RX,0,484002920,484903570,1,19,7,3,830,900650,unmatched_rx
RX,0,484002224,484939284,1,18,2,3,830,937060,unmatched_rx
RX,0,484003616,484974998,1,20,19,3,830,971382,unmatched_rx
RX,0,483000762,486999999,1,16,12,3,830,3999237,unmatched_rx
TX,13872,487000762,,1,16,12,3,830,0,tx
TX,13873,487001458,,1,17,14,3,830,0,tx
TX,13874,487002154,,1,18,2,3,830,0,tx
TX,13875,487002850,,1,19,7,3,830,0,tx
TX,13876,487003546,,1,20,19,3,830,0,tx
RX,0,483001458,487999999,1,17,14,3,830,4998541,unmatched_rx
RX,0,488002920,488903570,1,19,7,3,830,900650,unmatched_rx
RX,0,488003616,488974998,1,20,19,3,830,971382,unmatched_rx
RX,0,488002224,489653570,1,18,2,3,830,1651346,unmatched_rx
RX,0,487000762,490999999,1,16,12,3,830,3999237,unmatched_rx
TX,14020,491002605,,1,16,12,3,830,0,tx
TX,14021,491003301,,1,17,14,3,830,0,tx
TX,14022,491003997,,1,18,2,3,830,0,tx
TX,14023,491004693,,1,19,7,3,830,0,tx
TX,14024,491005389,,1,20,19,3,830,0,tx
RX,0,487001458,491999999,1,17,14,3,830,4998541,unmatched_rx
RX,0,492004067,492903570,1,18,2,3,830,899503,unmatched_rx
RX,0,492005459,492939284,1,20,19,3,830,933825,unmatched_rx
RX,0,492004763,492992855,1,19,7,3,830,988092,unmatched_rx
RX,0,491002605,494999999,1,16,12,3,830,3997394,unmatched_rx
TX,14178,495000762,,1,16,12,3,830,0,tx
TX,14179,495001458,,1,17,14,3,830,0,tx
TX,14180,495002154,,1,18,2,3,830,0,tx
TX,14181,495002850,,1,19,7,3,830,0,tx
TX,14182,495003546,,1,20,19,3,830,0,tx
RX,0,491003301,495999999,1,17,14,3,830,4996698,unmatched_rx
RX,0,496002224,496903570,1,18,2,3,830,901346,unmatched_rx
RX,0,496003616,496939284,1,20,19,3,830,935668,unmatched_rx
RX,0,496002920,496974998,1,19,7,3,830,972078,unmatched_rx
RX,0,495000762,498999999,1,16,12,3,830,3999237,unmatched_rx
TX,14314,499000762,,1,16,12,3,830,0,tx
TX,14315,499001458,,1,17,14,3,830,0,tx
TX,14316,499002154,,1,18,2,3,830,0,tx
TX,14317,499002850,,1,19,7,3,830,0,tx
TX,14318,499003546,,1,20,19,3,830,0,tx
RX,0,495001458,499999999,1,17,14,3,830,4998541,unmatched_rx
RX,0,500002224,500903570,1,18,2,3,830,901346,unmatched_rx
RX,0,500002920,500974998,1,19,7,3,830,972078,unmatched_rx
RX,0,500003616,501653570,1,20,19,3,830,1649954,unmatched_rx
RX,0,499000762,502999999,1,16,12,3,830,3999237,unmatched_rx
TX,14456,503000762,,1,16,12,3,830,0,tx
TX,14457,503001458,,1,17,14,3,830,0,tx
TX,14458,503002154,,1,18,2,3,830,0,tx
TX,14459,503002850,,1,19,7,3,830,0,tx
TX,14460,503003546,,1,20,19,3,830,0,tx
RX,0,499001458,503999999,1,17,14,3,830,4998541,unmatched_rx
RX,0,504002920,504903570,1,19,7,3,830,900650,unmatched_rx
RX,0,504002224,504939284,1,18,2,3,830,937060,unmatched_rx
RX,0,504003616,504974998,1,20,19,3,830,971382,unmatched_rx
RX,0,503000762,506999999,1,16,12,3,830,3999237,unmatched_rx
TX,14614,507000762,,1,16,12,3,830,0,tx
TX,14615,507001458,,1,17,14,3,830,0,tx
TX,14616,507002154,,1,18,2,3,830,0,tx
TX,14617,507002850,,1,19,7,3,830,0,tx
TX,14618,507003546,,1,20,19,3,830,0,tx
RX,0,503001458,507999999,1,17,14,3,830,4998541,unmatched_rx
RX,0,508002920,508903570,1,19,7,3,830,900650,unmatched_rx
RX,0,508002224,508939284,1,18,2,3,830,937060,unmatched_rx
RX,0,508003616,508992855,1,20,19,3,830,989239,unmatched_rx
RX,0,507000762,510999999,1,16,12,3,830,3999237,unmatched_rx
TX,14756,511002605,,1,16,12,3,830,0,tx
TX,14757,511003301,,1,17,14,3,830,0,tx
TX,14758,511003997,,1,18,2,3,830,0,tx
TX,14759,511004693,,1,19,7,3,830,0,tx
TX,14760,511005389,,1,20,19,3,830,0,tx
RX,0,507001458,511999999,1,17,14,3,830,4998541,unmatched_rx
RX,0,512004763,512885713,1,19,7,3,830,880950,unmatched_rx
RX,0,512004067,512921427,1,18,2,3,830,917360,unmatched_rx
RX,0,512005459,512957141,1,20,19,3,830,951682,unmatched_rx
RX,0,511002605,514999999,1,16,12,3,830,3997394,unmatched_rx
TX,14910,515000762,,1,16,12,3,830,0,tx
TX,14911,515001458,,1,17,14,3,830,0,tx
TX,14912,515002154,,1,18,2,3,830,0,tx
TX,14913,515002850,,1,19,7,3,830,0,tx
TX,14914,515003546,,1,20,19,3,830,0,tx
RX,0,511003301,515999999,1,17,14,3,830,4996698,unmatched_rx
RX,0,516002920,516885713,1,19,7,3,830,882793,unmatched_rx
RX,0,516002224,516921427,1,18,2,3,830,919203,unmatched_rx
RX,0,516003616,516957141,1,20,19,3,830,953525,unmatched_rx
RX,0,515000762,518999999,1,16,12,3,830,3999237,unmatched_rx
TX,15040,519000762,,1,16,12,3,830,0,tx
TX,15041,519001458,,1,17,14,3,830,0,tx
TX,15042,519002154,,1,18,2,3,830,0,tx
TX,15043,519002850,,1,19,7,3,830,0,tx
TX,15044,519003546,,1,20,19,3,830,0,tx
RX,0,515001458,519999999,1,17,14,3,830,4998541,unmatched_rx
RX,0,520002920,520903570,1,19,7,3,830,900650,unmatched_rx
RX,0,520002224,520939284,1,18,2,3,830,937060,unmatched_rx
RX,0,520003616,520974998,1,20,19,3,830,971382,unmatched_rx
RX,0,519000762,522999999,1,16,12,3,830,3999237,unmatched_rx
TX,15188,523000762,,1,16,12,3,830,0,tx
TX,15189,523001458,,1,17,14,3,830,0,tx
TX,15190,523002154,,1,18,2,3,830,0,tx
TX,15191,523002850,,1,19,7,3,830,0,tx
TX,15192,523003546,,1,20,19,3,830,0,tx
RX,0,519001458,523999999,1,17,14,3,830,4998541,unmatched_rx
RX,0,524002920,524903570,1,19,7,3,830,900650,unmatched_rx
RX,0,524002224,524939284,1,18,2,3,830,937060,unmatched_rx
RX,0,524003616,524974998,1,20,19,3,830,971382,unmatched_rx
RX,0,523000762,526999999,1,16,12,3,830,3999237,unmatched_rx
TX,15340,527000762,,1,16,12,3,830,0,tx
TX,15341,527001458,,1,17,14,3,830,0,tx
TX,15342,527002154,,1,18,2,3,830,0,tx
TX,15343,527002850,,1,19,7,3,830,0,tx
TX,15344,527003546,,1,20,19,3,830,0,tx
RX,0,523001458,527999999,1,17,14,3,830,4998541,unmatched_rx
RX,0,528002920,528903570,1,19,7,3,830,900650,unmatched_rx
RX,0,528002224,528939284,1,18,2,3,830,937060,unmatched_rx
RX,0,528003616,528974998,1,20,19,3,830,971382,unmatched_rx
RX,0,527000762,530999999,1,16,12,3,830,3999237,unmatched_rx
TX,15491,531002605,,1,16,12,3,830,0,tx
TX,15492,531003301,,1,17,14,3,830,0,tx
TX,15493,531003997,,1,18,2,3,830,0,tx
TX,15494,531004693,,1,19,7,3,830,0,tx
TX,15495,531005389,,1,20,19,3,830,0,tx
RX,0,527001458,531999999,1,17,14,3,830,4998541,unmatched_rx
RX,0,532004763,532903570,1,19,7,3,830,898807,unmatched_rx
RX,0,532004067,532939284,1,18,2,3,830,935217,unmatched_rx
RX,0,532005459,532974998,1,20,19,3,830,969539,unmatched_rx
RX,0,531002605,534999999,1,16,12,3,830,3997394,unmatched_rx
TX,15652,535000762,,1,16,12,3,830,0,tx
TX,15653,535001458,,1,17,14,3,830,0,tx
TX,15654,535002154,,1,18,2,3,830,0,tx
TX,15655,535002850,,1,19,7,3,830,0,tx
TX,15656,535003546,,1,20,19,3,830,0,tx
RX,0,531003301,535999999,1,17,14,3,830,4996698,unmatched_rx
RX,0,536002920,536903570,1,19,7,3,830,900650,unmatched_rx
RX,0,536002224,536939284,1,18,2,3,830,937060,unmatched_rx
RX,0,536003616,537653570,1,20,19,3,830,1649954,unmatched_rx
RX,0,535000762,538999999,1,16,12,3,830,3999237,unmatched_rx
TX,15788,539000762,,1,16,12,3,830,0,tx
TX,15789,539001458,,1,17,14,3,830,0,tx
TX,15790,539002154,,1,18,2,3,830,0,tx
TX,15791,539002850,,1,19,7,3,830,0,tx
TX,15792,539003546,,1,20,19,3,830,0,tx
RX,0,535001458,539999999,1,17,14,3,830,4998541,unmatched_rx
RX,0,540003616,540903570,1,20,19,3,830,899954,unmatched_rx
RX,0,540002920,540921427,1,19,7,3,830,918507,unmatched_rx
RX,0,540002224,541653570,1,18,2,3,830,1651346,unmatched_rx
RX,0,539000762,542999999,1,16,12,3,830,3999237,unmatched_rx
TX,15930,543000762,,1,16,12,3,830,0,tx
TX,15931,543001458,,1,17,14,3,830,0,tx
TX,15932,543002154,,1,18,2,3,830,0,tx
TX,15933,543002850,,1,19,7,3,830,0,tx
TX,15934,543003546,,1,20,19,3,830,0,tx
RX,0,539001458,543999999,1,17,14,3,830,4998541,unmatched_rx
RX,0,544002224,544903570,1,18,2,3,830,901346,unmatched_rx
RX,0,544003616,544939284,1,20,19,3,830,935668,unmatched_rx
RX,0,544002920,545635713,1,19,7,3,830,1632793,unmatched_rx
RX,0,543000762,546999999,1,16,12,3,830,3999237,unmatched_rx
TX,16092,547000762,,1,16,12,3,830,0,tx
TX,16093,547001458,,1,17,14,3,830,0,tx
TX,16094,547002154,,1,18,2,3,830,0,tx
TX,16095,547002850,,1,19,7,3,830,0,tx
TX,16096,547003546,,1,20,19,3,830,0,tx
RX,0,543001458,547999999,1,17,14,3,830,4998541,unmatched_rx
RX,0,548002920,548885713,1,19,7,3,830,882793,unmatched_rx
RX,0,548002224,548921427,1,18,2,3,830,919203,unmatched_rx
RX,0,548003616,548957141,1,20,19,3,830,953525,unmatched_rx
RX,0,547000762,550999999,1,16,12,3,830,3999237,unmatched_rx
TX,16234,551002605,,1,16,12,3,830,0,tx
TX,16235,551003301,,1,17,14,3,830,0,tx
TX,16236,551003997,,1,18,2,3,830,0,tx
TX,16237,551004693,,1,19,7,3,830,0,tx
TX,16238,551005389,,1,20,19,3,830,0,tx
RX,0,547001458,551999999,1,17,14,3,830,4998541,unmatched_rx
RX,0,552004763,552903570,1,19,7,3,830,898807,unmatched_rx
RX,0,552005459,552974998,1,20,19,3,830,969539,unmatched_rx
RX,0,552004067,553653570,1,18,2,3,830,1649503,unmatched_rx
RX,0,551002605,554999999,1,16,12,3,830,3997394,unmatched_rx
TX,16392,555000762,,1,16,12,3,830,0,tx
TX,16393,555001458,,1,17,14,3,830,0,tx
TX,16394,555002154,,1,18,2,3,830,0,tx
TX,16395,555002850,,1,19,7,3,830,0,tx
TX,16396,555003546,,1,20,19,3,830,0,tx
RX,0,551003301,555999999,1,17,14,3,830,4996698,unmatched_rx
RX,0,556002224,556903570,1,18,2,3,830,901346,unmatched_rx
RX,0,556002920,556974998,1,19,7,3,830,972078,unmatched_rx
RX,0,556003616,557653570,1,20,19,3,830,1649954,unmatched_rx
RX,0,555000762,558999999,1,16,12,3,830,3999237,unmatched_rx
TX,16522,559000762,,1,16,12,3,830,0,tx
TX,16523,559001458,,1,17,14,3,830,0,tx
TX,16524,559002154,,1,18,2,3,830,0,tx
TX,16525,559002850,,1,19,7,3,830,0,tx
TX,16526,559003546,,1,20,19,3,830,0,tx
RX,0,555001458,559999999,1,17,14,3,830,4998541,unmatched_rx
RX,0,560003616,560903570,1,20,19,3,830,899954,unmatched_rx
RX,0,560002920,560939284,1,19,7,3,830,936364,unmatched_rx
RX,0,560002224,560974998,1,18,2,3,830,972774,unmatched_rx
RX,0,559000762,562999999,1,16,12,3,830,3999237,unmatched_rx
TX,16670,563000762,,1,16,12,3,830,0,tx
TX,16671,563001458,,1,17,14,3,830,0,tx
TX,16672,563002154,,1,18,2,3,830,0,tx
TX,16673,563002850,,1,19,7,3,830,0,tx
TX,16674,563003546,,1,20,19,3,830,0,tx
RX,0,559001458,563999999,1,17,14,3,830,4998541,unmatched_rx
RX,0,564003616,564903570,1,20,19,3,830,899954,unmatched_rx
RX,0,564002920,564939284,1,19,7,3,830,936364,unmatched_rx
RX,0,564002224,564974998,1,18,2,3,830,972774,unmatched_rx
RX,0,563000762,566999999,1,16,12,3,830,3999237,unmatched_rx
TX,16822,567000762,,1,16,12,3,830,0,tx
TX,16823,567001458,,1,17,14,3,830,0,tx
TX,16824,567002154,,1,18,2,3,830,0,tx
TX,16825,567002850,,1,19,7,3,830,0,tx
TX,16826,567003546,,1,20,19,3,830,0,tx
RX,0,563001458,567999999,1,17,14,3,830,4998541,unmatched_rx
RX,0,568003616,568903570,1,20,19,3,830,899954,unmatched_rx
RX,0,568002920,568939284,1,19,7,3,830,936364,unmatched_rx
RX,0,568002224,568974998,1,18,2,3,830,972774,unmatched_rx
RX,0,567000762,570999999,1,16,12,3,830,3999237,unmatched_rx
TX,16970,571002605,,1,16,12,3,830,0,tx
TX,16971,571003301,,1,17,14,3,830,0,tx
TX,16972,571003997,,1,18,2,3,830,0,tx
TX,16973,571004693,,1,19,7,3,830,0,tx
TX,16974,571005389,,1,20,19,3,830,0,tx
RX,0,567001458,571999999,1,17,14,3,830,4998541,unmatched_rx
RX,0,572004763,572939284,1,19,7,3,830,934521,unmatched_rx
RX,0,572004067,572974998,1,18,2,3,830,970931,unmatched_rx
RX,0,572005459,573653570,1,20,19,3,830,1648111,unmatched_rx
RX,0,571002605,574999999,1,16,12,3,830,3997394,unmatched_rx
TX,17126,575000762,,1,16,12,3,830,0,tx
TX,17127,575001458,,1,17,14,3,830,0,tx
TX,17128,575002154,,1,18,2,3,830,0,tx
TX,17129,575002850,,1,19,7,3,830,0,tx
TX,17130,575003546,,1,20,19,3,830,0,tx
RX,0,571003301,575999999,1,17,14,3,830,4996698,unmatched_rx
RX,0,576003616,576903570,1,20,19,3,830,899954,unmatched_rx
RX,0,576002920,576939284,1,19,7,3,830,936364,unmatched_rx
RX,0,576002224,576974998,1,18,2,3,830,972774,unmatched_rx
RX,0,575000762,578999999,1,16,12,3,830,3999237,unmatched_rx
TX,17262,579000762,,1,16,12,3,830,0,tx
TX,17263,579001458,,1,17,14,3,830,0,tx
TX,17264,579002154,,1,18,2,3,830,0,tx
TX,17265,579002850,,1,19,7,3,830,0,tx
TX,17266,579003546,,1,20,19,3,830,0,tx
RX,0,575001458,579999999,1,17,14,3,830,4998541,unmatched_rx
RX,0,580003616,580903570,1,20,19,3,830,899954,unmatched_rx
RX,0,580002920,580939284,1,19,7,3,830,936364,unmatched_rx
RX,0,580002224,580974998,1,18,2,3,830,972774,unmatched_rx
RX,0,579000762,582999999,1,16,12,3,830,3999237,unmatched_rx
TX,17404,583000762,,1,16,12,3,830,0,tx
TX,17405,583001458,,1,17,14,3,830,0,tx
TX,17406,583002154,,1,18,2,3,830,0,tx
TX,17407,583002850,,1,19,7,3,830,0,tx
TX,17408,583003546,,1,20,19,3,830,0,tx
RX,0,579001458,583999999,1,17,14,3,830,4998541,unmatched_rx
RX,0,584003616,584903570,1,20,19,3,830,899954,unmatched_rx
RX,0,584002920,584939284,1,19,7,3,830,936364,unmatched_rx
RX,0,584002224,584974998,1,18,2,3,830,972774,unmatched_rx
RX,0,583000762,586999999,1,16,12,3,830,3999237,unmatched_rx
TX,17560,587000762,,1,16,12,3,830,0,tx
TX,17561,587001458,,1,17,14,3,830,0,tx
TX,17562,587002154,,1,18,2,3,830,0,tx
TX,17563,587002850,,1,19,7,3,830,0,tx
TX,17564,587003546,,1,20,19,3,830,0,tx
RX,0,583001458,587999999,1,17,14,3,830,4998541,unmatched_rx
RX,0,588003616,588903570,1,20,19,3,830,899954,unmatched_rx
RX,0,588002920,588939284,1,19,7,3,830,936364,unmatched_rx
RX,0,588002224,588974998,1,18,2,3,830,972774,unmatched_rx
RX,0,587000762,590999999,1,16,12,3,830,3999237,unmatched_rx
TX,17702,591002605,,1,16,12,3,830,0,tx
TX,17703,591003301,,1,17,14,3,830,0,tx
TX,17704,591003997,,1,18,2,3,830,0,tx
TX,17705,591004693,,1,19,7,3,830,0,tx
TX,17706,591005389,,1,20,19,3,830,0,tx
RX,0,587001458,591999999,1,17,14,3,830,4998541,unmatched_rx
RX,0,592005459,592903570,1,20,19,3,830,898111,unmatched_rx
RX,0,592004763,592939284,1,19,7,3,830,934521,unmatched_rx
RX,0,592004067,592974998,1,18,2,3,830,970931,unmatched_rx
RX,0,591002605,594999999,1,16,12,3,830,3997394,unmatched_rx
TX,17858,595000762,,1,16,12,3,830,0,tx
TX,17859,595001458,,1,17,14,3,830,0,tx
TX,17860,595002154,,1,18,2,3,830,0,tx
TX,17861,595002850,,1,19,7,3,830,0,tx
TX,17862,595003546,,1,20,19,3,830,0,tx
RX,0,591003301,595999999,1,17,14,3,830,4996698,unmatched_rx
RX,0,596003616,596903570,1,20,19,3,830,899954,unmatched_rx
RX,0,596002224,596957141,1,18,2,3,830,954917,unmatched_rx
RX,0,596002920,597635713,1,19,7,3,830,1632793,unmatched_rx
RX,0,595000762,598999999,1,16,12,3,830,3999237,unmatched_rx
TX,17988,599000762,,1,16,12,3,830,0,tx
TX,17989,599001458,,1,17,14,3,830,0,tx
TX,17990,599002154,,1,18,2,3,830,0,tx
TX,17991,599002850,,1,19,7,3,830,0,tx
TX,17992,599003546,,1,20,19,3,830,0,tx
RX,0,595001458,599999999,1,17,14,3,830,4998541,unmatched_rx
RX,0,600002224,600921427,1,18,2,3,830,919203,unmatched_rx
RX,0,600003616,600957141,1,20,19,3,830,953525,unmatched_rx
RX,0,600002920,601635713,1,19,7,3,830,1632793,unmatched_rx
RX,0,599000762,602999999,1,16,12,3,830,3999237,unmatched_rx
TX,18136,603000762,,1,16,12,3,830,0,tx
TX,18137,603001458,,1,17,14,3,830,0,tx
TX,18138,603002154,,1,18,2,3,830,0,tx
TX,18139,603002850,,1,19,7,3,830,0,tx
TX,18140,603003546,,1,20,19,3,830,0,tx
RX,0,599001458,603999999,1,17,14,3,830,4998541,unmatched_rx
RX,0,604002920,604903570,1,19,7,3,830,900650,unmatched_rx
RX,0,604002224,604939284,1,18,2,3,830,937060,unmatched_rx
RX,0,604003616,604974998,1,20,19,3,830,971382,unmatched_rx
RX,0,603000762,606999999,1,16,12,3,830,3999237,unmatched_rx
TX,18286,607000762,,1,16,12,3,830,0,tx
TX,18287,607001458,,1,17,14,3,830,0,tx
TX,18288,607002154,,1,18,2,3,830,0,tx
TX,18289,607002850,,1,19,7,3,830,0,tx
TX,18290,607003546,,1,20,19,3,830,0,tx
RX,0,603001458,607999999,1,17,14,3,830,4998541,unmatched_rx
RX,0,608002920,608903570,1,19,7,3,830,900650,unmatched_rx
RX,0,608002224,608939284,1,18,2,3,830,937060,unmatched_rx
RX,0,608003616,608974998,1,20,19,3,830,971382,unmatched_rx
RX,0,607000762,610999999,1,16,12,3,830,3999237,unmatched_rx
TX,18434,611002605,,1,16,12,3,830,0,tx
TX,18435,611003301,,1,17,14,3,830,0,tx
TX,18436,611003997,,1,18,2,3,830,0,tx
TX,18437,611004693,,1,19,7,3,830,0,tx
TX,18438,611005389,,1,20,19,3,830,0,tx
RX,0,607001458,611999999,1,17,14,3,830,4998541,unmatched_rx
RX,0,612004763,612903570,1,19,7,3,830,898807,unmatched_rx
RX,0,612004067,612939284,1,18,2,3,830,935217,unmatched_rx
RX,0,612005459,612974998,1,20,19,3,830,969539,unmatched_rx
RX,0,611002605,614999999,1,16,12,3,830,3997394,unmatched_rx
TX,18592,615000762,,1,16,12,3,830,0,tx
TX,18593,615001458,,1,17,14,3,830,0,tx
TX,18594,615002154,,1,18,2,3,830,0,tx
TX,18595,615002850,,1,19,7,3,830,0,tx
TX,18596,615003546,,1,20,19,3,830,0,tx
RX,0,611003301,615999999,1,17,14,3,830,4996698,unmatched_rx
RX,0,616002920,616903570,1,19,7,3,830,900650,unmatched_rx
RX,0,616002224,616939284,1,18,2,3,830,937060,unmatched_rx
RX,0,616003616,616974998,1,20,19,3,830,971382,unmatched_rx
RX,0,615000762,618999999,1,16,12,3,830,3999237,unmatched_rx
TX,18728,619000762,,1,16,12,3,830,0,tx
TX,18729,619001458,,1,17,14,3,830,0,tx
TX,18730,619002154,,1,18,2,3,830,0,tx
TX,18731,619002850,,1,19,7,3,830,0,tx
TX,18732,619003546,,1,20,19,3,830,0,tx
RX,0,615001458,619999999,1,17,14,3,830,4998541,unmatched_rx
RX,0,620002224,620939284,1,18,2,3,830,937060,unmatched_rx
RX,0,620003616,620974998,1,20,19,3,830,971382,unmatched_rx
RX,0,620002920,621653570,1,19,7,3,830,1650650,unmatched_rx
RX,0,619000762,622999999,1,16,12,3,830,3999237,unmatched_rx
TX,18870,623000762,,1,16,12,3,830,0,tx
TX,18871,623001458,,1,17,14,3,830,0,tx
TX,18872,623002154,,1,18,2,3,830,0,tx
TX,18873,623002850,,1,19,7,3,830,0,tx
TX,18874,623003546,,1,20,19,3,830,0,tx
RX,0,619001458,623999999,1,17,14,3,830,4998541,unmatched_rx
RX,0,624002920,624903570,1,19,7,3,830,900650,unmatched_rx
RX,0,624002224,624939284,1,18,2,3,830,937060,unmatched_rx
RX,0,624003616,624974998,1,20,19,3,830,971382,unmatched_rx
RX,0,623000762,626999999,1,16,12,3,830,3999237,unmatched_rx
TX,19026,627000762,,1,16,12,3,830,0,tx
TX,19027,627001458,,1,17,14,3,830,0,tx
TX,19028,627002154,,1,18,2,3,830,0,tx
TX,19029,627002850,,1,19,7,3,830,0,tx
TX,19030,627003546,,1,20,19,3,830,0,tx
RX,0,623001458,627999999,1,17,14,3,830,4998541,unmatched_rx
RX,0,628002920,628903570,1,19,7,3,830,900650,unmatched_rx
RX,0,628002224,628939284,1,18,2,3,830,937060,unmatched_rx
RX,0,628003616,628974998,1,20,19,3,830,971382,unmatched_rx
RX,0,627000762,630999999,1,16,12,3,830,3999237,unmatched_rx
TX,19168,631002605,,1,16,12,3,830,0,tx
TX,19169,631003301,,1,17,14,3,830,0,tx
TX,19170,631003997,,1,18,2,3,830,0,tx
TX,19171,631004693,,1,19,7,3,830,0,tx
TX,19172,631005389,,1,20,19,3,830,0,tx
RX,0,627001458,631999999,1,17,14,3,830,4998541,unmatched_rx
RX,0,632004067,632921427,1,18,2,3,830,917360,unmatched_rx
RX,0,632005459,632957141,1,20,19,3,830,951682,unmatched_rx
RX,0,632004763,633653570,1,19,7,3,830,1648807,unmatched_rx
RX,0,631002605,634999999,1,16,12,3,830,3997394,unmatched_rx
TX,19324,635000762,,1,16,12,3,830,0,tx
TX,19325,635001458,,1,17,14,3,830,0,tx
TX,19326,635002154,,1,18,2,3,830,0,tx
TX,19327,635002850,,1,19,7,3,830,0,tx
TX,19328,635003546,,1,20,19,3,830,0,tx
RX,0,631003301,635999999,1,17,14,3,830,4996698,unmatched_rx
RX,0,636002920,636903570,1,19,7,3,830,900650,unmatched_rx
RX,0,636002224,636921427,1,18,2,3,830,919203,unmatched_rx
RX,0,636003616,637653570,1,20,19,3,830,1649954,unmatched_rx
RX,0,635000762,638999999,1,16,12,3,830,3999237,unmatched_rx
TX,19454,639000762,,1,16,12,3,830,0,tx
TX,19455,639001458,,1,17,14,3,830,0,tx
TX,19456,639002154,,1,18,2,3,830,0,tx
TX,19457,639002850,,1,19,7,3,830,0,tx
TX,19458,639003546,,1,20,19,3,830,0,tx
RX,0,635001458,639999999,1,17,14,3,830,4998541,unmatched_rx
RX,0,640003616,640903570,1,20,19,3,830,899954,unmatched_rx
RX,0,640002920,640939284,1,19,7,3,830,936364,unmatched_rx
RX,0,640002224,640974998,1,18,2,3,830,972774,unmatched_rx
RX,0,639000762,642999999,1,16,12,3,830,3999237,unmatched_rx
TX,19602,643000762,,1,16,12,3,830,0,tx
TX,19603,643001458,,1,17,14,3,830,0,tx
TX,19604,643002154,,1,18,2,3,830,0,tx
TX,19605,643002850,,1,19,7,3,830,0,tx
TX,19606,643003546,,1,20,19,3,830,0,tx
RX,0,639001458,643999999,1,17,14,3,830,4998541,unmatched_rx
RX,0,644003616,644903570,1,20,19,3,830,899954,unmatched_rx
RX,0,644002920,644939284,1,19,7,3,830,936364,unmatched_rx
RX,0,644002224,644957141,1,18,2,3,830,954917,unmatched_rx
RX,0,643000762,646999999,1,16,12,3,830,3999237,unmatched_rx
TX,19752,647000762,,1,16,12,3,830,0,tx
TX,19753,647001458,,1,17,14,3,830,0,tx
TX,19754,647002154,,1,18,2,3,830,0,tx
TX,19755,647002850,,1,19,7,3,830,0,tx
TX,19756,647003546,,1,20,19,3,830,0,tx
RX,0,643001458,647999999,1,17,14,3,830,4998541,unmatched_rx
RX,0,648002224,649635713,1,18,2,3,830,1633489,unmatched_rx
RX,0,648003616,649689284,1,20,19,3,830,1685668,unmatched_rx
RX,0,648002920,649760712,1,19,7,3,830,1757792,unmatched_rx
RX,0,647000762,650999999,1,16,12,3,830,3999237,unmatched_rx
TX,19900,651002605,,1,16,12,3,830,0,tx
TX,19901,651003301,,1,17,14,3,830,0,tx
TX,19902,651003997,,1,18,2,3,830,0,tx
TX,19903,651004693,,1,19,7,3,830,0,tx
TX,19904,651005389,,1,20,19,3,830,0,tx
RX,0,647001458,651999999,1,17,14,3,830,4998541,unmatched_rx
RX,0,652004067,652903570,1,18,2,3,830,899503,unmatched_rx
RX,0,652005459,652939284,1,20,19,3,830,933825,unmatched_rx
RX,0,652004763,652974998,1,19,7,3,830,970235,unmatched_rx
RX,0,651002605,654999999,1,16,12,3,830,3997394,unmatched_rx
TX,20056,655000762,,1,16,12,3,830,0,tx
TX,20057,655001458,,1,17,14,3,830,0,tx
TX,20058,655002154,,1,18,2,3,830,0,tx
TX,20059,655002850,,1,19,7,3,830,0,tx
TX,20060,655003546,,1,20,19,3,830,0,tx
RX,0,651003301,655999999,1,17,14,3,830,4996698,unmatched_rx
RX,0,656002224,656903570,1,18,2,3,830,901346,unmatched_rx
RX,0,656002920,656974998,1,19,7,3,830,972078,unmatched_rx
RX,0,656003616,657653570,1,20,19,3,830,1649954,unmatched_rx
RX,0,655000762,658999999,1,16,12,3,830,3999237,unmatched_rx
TX,20192,659000762,,1,16,12,3,830,0,tx
TX,20193,659001458,,1,17,14,3,830,0,tx
TX,20194,659002154,,1,18,2,3,830,0,tx
TX,20195,659002850,,1,19,7,3,830,0,tx
TX,20196,659003546,,1,20,19,3,830,0,tx
RX,0,655001458,659999999,1,17,14,3,830,4998541,unmatched_rx
RX,0,660003616,660903570,1,20,19,3,830,899954,unmatched_rx
RX,0,660002920,660939284,1,19,7,3,830,936364,unmatched_rx
RX,0,660002224,660974998,1,18,2,3,830,972774,unmatched_rx
RX,0,659000762,662999999,1,16,12,3,830,3999237,unmatched_rx
TX,20334,663000762,,1,16,12,3,830,0,tx
TX,20335,663001458,,1,17,14,3,830,0,tx
TX,20336,663002154,,1,18,2,3,830,0,tx
TX,20337,663002850,,1,19,7,3,830,0,tx
TX,20338,663003546,,1,20,19,3,830,0,tx
RX,0,659001458,663999999,1,17,14,3,830,4998541,unmatched_rx
RX,0,664003616,664903570,1,20,19,3,830,899954,unmatched_rx
RX,0,664002920,664939284,1,19,7,3,830,936364,unmatched_rx
RX,0,664002224,664974998,1,18,2,3,830,972774,unmatched_rx
RX,0,663000762,666999999,1,16,12,3,830,3999237,unmatched_rx
TX,20490,667000762,,1,16,12,3,830,0,tx
TX,20491,667001458,,1,17,14,3,830,0,tx
TX,20492,667002154,,1,18,2,3,830,0,tx
TX,20493,667002850,,1,19,7,3,830,0,tx
TX,20494,667003546,,1,20,19,3,830,0,tx
RX,0,663001458,667999999,1,17,14,3,830,4998541,unmatched_rx
RX,0,668003616,668903570,1,20,19,3,830,899954,unmatched_rx
RX,0,668002920,668939284,1,19,7,3,830,936364,unmatched_rx
RX,0,668002224,668957141,1,18,2,3,830,954917,unmatched_rx
RX,0,667000762,670999999,1,16,12,3,830,3999237,unmatched_rx
TX,20632,671002605,,1,16,12,3,830,0,tx
TX,20633,671003301,,1,17,14,3,830,0,tx
TX,20634,671003997,,1,18,2,3,830,0,tx
TX,20635,671004693,,1,19,7,3,830,0,tx
TX,20636,671005389,,1,20,19,3,830,0,tx
RX,0,667001458,671999999,1,17,14,3,830,4998541,unmatched_rx
RX,0,672004067,672903570,1,18,2,3,830,899503,unmatched_rx
RX,0,672005459,672939284,1,20,19,3,830,933825,unmatched_rx
RX,0,672004763,672974998,1,19,7,3,830,970235,unmatched_rx
RX,0,671002605,674999999,1,16,12,3,830,3997394,unmatched_rx
TX,20788,675000762,,1,16,12,3,830,0,tx
TX,20789,675001458,,1,17,14,3,830,0,tx
TX,20790,675002154,,1,18,2,3,830,0,tx
TX,20791,675002850,,1,19,7,3,830,0,tx
TX,20792,675003546,,1,20,19,3,830,0,tx
RX,0,671003301,675999999,1,17,14,3,830,4996698,unmatched_rx
RX,0,676002224,676903570,1,18,2,3,830,901346,unmatched_rx
RX,0,676003616,676939284,1,20,19,3,830,935668,unmatched_rx
RX,0,676002920,676974998,1,19,7,3,830,972078,unmatched_rx
RX,0,675000762,678999999,1,16,12,3,830,3999237,unmatched_rx
TX,20918,679000762,,1,16,12,3,830,0,tx
TX,20919,679001458,,1,17,14,3,830,0,tx
TX,20920,679002154,,1,18,2,3,830,0,tx
TX,20921,679002850,,1,19,7,3,830,0,tx
TX,20922,679003546,,1,20,19,3,830,0,tx
RX,0,675001458,679999999,1,17,14,3,830,4998541,unmatched_rx
RX,0,680003616,680921427,1,20,19,3,830,917811,unmatched_rx
RX,0,680002224,681635713,1,18,2,3,830,1633489,unmatched_rx
RX,0,680002920,681689284,1,19,7,3,830,1686364,unmatched_rx
RX,0,679000762,682999999,1,16,12,3,830,3999237,unmatched_rx
TX,21066,683000762,,1,16,12,3,830,0,tx
TX,21067,683001458,,1,17,14,3,830,0,tx
TX,21068,683002154,,1,18,2,3,830,0,tx
TX,21069,683002850,,1,19,7,3,830,0,tx
TX,21070,683003546,,1,20,19,3,830,0,tx
RX,0,679001458,683999999,1,17,14,3,830,4998541,unmatched_rx
RX,0,684002224,684903570,1,18,2,3,830,901346,unmatched_rx
RX,0,684003616,684939284,1,20,19,3,830,935668,unmatched_rx
RX,0,684002920,684974998,1,19,7,3,830,972078,unmatched_rx
RX,0,683000762,686999999,1,16,12,3,830,3999237,unmatched_rx
TX,21218,687000762,,1,16,12,3,830,0,tx
TX,21219,687001458,,1,17,14,3,830,0,tx
TX,21220,687002154,,1,18,2,3,830,0,tx
TX,21221,687002850,,1,19,7,3,830,0,tx
TX,21222,687003546,,1,20,19,3,830,0,tx
RX,0,683001458,687999999,1,17,14,3,830,4998541,unmatched_rx
RX,0,688002224,688903570,1,18,2,3,830,901346,unmatched_rx
RX,0,688003616,688939284,1,20,19,3,830,935668,unmatched_rx
RX,0,688002920,688974998,1,19,7,3,830,972078,unmatched_rx
RX,0,687000762,690999999,1,16,12,3,830,3999237,unmatched_rx
TX,21364,691002605,,1,16,12,3,830,0,tx
TX,21365,691003301,,1,17,14,3,830,0,tx
TX,21366,691003997,,1,18,2,3,830,0,tx
TX,21367,691004693,,1,19,7,3,830,0,tx
TX,21368,691005389,,1,20,19,3,830,0,tx
RX,0,687001458,691999999,1,17,14,3,830,4998541,unmatched_rx
RX,0,692004067,692903570,1,18,2,3,830,899503,unmatched_rx
RX,0,692005459,692939284,1,20,19,3,830,933825,unmatched_rx
RX,0,692004763,692974998,1,19,7,3,830,970235,unmatched_rx
RX,0,691002605,694999999,1,16,12,3,830,3997394,unmatched_rx
TX,21522,695000762,,1,16,12,3,830,0,tx
TX,21523,695001458,,1,17,14,3,830,0,tx
TX,21524,695002154,,1,18,2,3,830,0,tx
TX,21525,695002850,,1,19,7,3,830,0,tx
TX,21526,695003546,,1,20,19,3,830,0,tx
RX,0,691003301,695999999,1,17,14,3,830,4996698,unmatched_rx
RX,0,696002224,696903570,1,18,2,3,830,901346,unmatched_rx
RX,0,696003616,696939284,1,20,19,3,830,935668,unmatched_rx
RX,0,696002920,696974998,1,19,7,3,830,972078,unmatched_rx
RX,0,695000762,698999999,1,16,12,3,830,3999237,unmatched_rx
TX,21658,699000762,,1,16,12,3,830,0,tx
TX,21659,699001458,,1,17,14,3,830,0,tx
TX,21660,699002154,,1,18,2,3,830,0,tx
TX,21661,699002850,,1,19,7,3,830,0,tx
TX,21662,699003546,,1,20,19,3,830,0,tx
RX,0,695001458,699999999,1,17,14,3,830,4998541,unmatched_rx
RX,0,700002224,700903570,1,18,2,3,830,901346,unmatched_rx
RX,0,700002920,700974998,1,19,7,3,830,972078,unmatched_rx
RX,0,700003616,701653570,1,20,19,3,830,1649954,unmatched_rx
RX,0,699000762,702999999,1,16,12,3,830,3999237,unmatched_rx
TX,21800,703000762,,1,16,12,3,830,0,tx
TX,21801,703001458,,1,17,14,3,830,0,tx
TX,21802,703002154,,1,18,2,3,830,0,tx
TX,21803,703002850,,1,19,7,3,830,0,tx
TX,21804,703003546,,1,20,19,3,830,0,tx
RX,0,699001458,703999999,1,17,14,3,830,4998541,unmatched_rx
RX,0,704003616,704903570,1,20,19,3,830,899954,unmatched_rx
RX,0,704002920,704921427,1,19,7,3,830,918507,unmatched_rx
RX,0,704002224,705635713,1,18,2,3,830,1633489,unmatched_rx
RX,0,703000762,706999999,1,16,12,3,830,3999237,unmatched_rx
TX,21960,707000762,,1,16,12,3,830,0,tx
TX,21961,707001458,,1,17,14,3,830,0,tx
TX,21962,707002154,,1,18,2,3,830,0,tx
TX,21963,707002850,,1,19,7,3,830,0,tx
TX,21964,707003546,,1,20,19,3,830,0,tx
RX,0,703001458,707999999,1,17,14,3,830,4998541,unmatched_rx
RX,0,708002224,708903570,1,18,2,3,830,901346,unmatched_rx
RX,0,708003616,708939284,1,20,19,3,830,935668,unmatched_rx
RX,0,708002920,708957141,1,19,7,3,830,954221,unmatched_rx
RX,0,707000762,710999999,1,16,12,3,830,3999237,unmatched_rx
TX,22102,711002605,,1,16,12,3,830,0,tx
TX,22103,711003301,,1,17,14,3,830,0,tx
TX,22104,711003997,,1,18,2,3,830,0,tx
TX,22105,711004693,,1,19,7,3,830,0,tx
TX,22106,711005389,,1,20,19,3,830,0,tx
RX,0,707001458,711999999,1,17,14,3,830,4998541,unmatched_rx
RX,0,712004763,712885713,1,19,7,3,830,880950,unmatched_rx
RX,0,712004067,712921427,1,18,2,3,830,917360,unmatched_rx
RX,0,712005459,712957141,1,20,19,3,830,951682,unmatched_rx
RX,0,711002605,714999999,1,16,12,3,830,3997394,unmatched_rx
TX,22262,715000762,,1,16,12,3,830,0,tx
TX,22263,715001458,,1,17,14,3,830,0,tx
TX,22264,715002154,,1,18,2,3,830,0,tx
TX,22265,715002850,,1,19,7,3,830,0,tx
TX,22266,715003546,,1,20,19,3,830,0,tx
RX,0,711003301,715999999,1,17,14,3,830,4996698,unmatched_rx
RX,0,716002920,716885713,1,19,7,3,830,882793,unmatched_rx
RX,0,716002224,716921427,1,18,2,3,830,919203,unmatched_rx
RX,0,716003616,716957141,1,20,19,3,830,953525,unmatched_rx
RX,0,715000762,718999999,1,16,12,3,830,3999237,unmatched_rx
TX,22394,719000762,,1,16,12,3,830,0,tx
TX,22395,719001458,,1,17,14,3,830,0,tx
TX,22396,719002154,,1,18,2,3,830,0,tx
TX,22397,719002850,,1,19,7,3,830,0,tx
TX,22398,719003546,,1,20,19,3,830,0,tx
RX,0,715001458,719999999,1,17,14,3,830,4998541,unmatched_rx
RX,0,720002920,720885713,1,19,7,3,830,882793,unmatched_rx
RX,0,720002224,720921427,1,18,2,3,830,919203,unmatched_rx
RX,0,720003616,720957141,1,20,19,3,830,953525,unmatched_rx
RX,0,719000762,722999999,1,16,12,3,830,3999237,unmatched_rx
TX,22538,723000762,,1,16,12,3,830,0,tx
TX,22539,723001458,,1,17,14,3,830,0,tx
TX,22540,723002154,,1,18,2,3,830,0,tx
TX,22541,723002850,,1,19,7,3,830,0,tx
TX,22542,723003546,,1,20,19,3,830,0,tx
RX,0,719001458,723999999,1,17,14,3,830,4998541,unmatched_rx
RX,0,724002920,724885713,1,19,7,3,830,882793,unmatched_rx
RX,0,724002224,724921427,1,18,2,3,830,919203,unmatched_rx
RX,0,724003616,724957141,1,20,19,3,830,953525,unmatched_rx
RX,0,723000762,726999999,1,16,12,3,830,3999237,unmatched_rx
TX,22688,727000762,,1,16,12,3,830,0,tx
TX,22689,727001458,,1,17,14,3,830,0,tx
TX,22690,727002154,,1,18,2,3,830,0,tx
TX,22691,727002850,,1,19,7,3,830,0,tx
TX,22692,727003546,,1,20,19,3,830,0,tx
RX,0,723001458,727999999,1,17,14,3,830,4998541,unmatched_rx
RX,0,728002920,728885713,1,19,7,3,830,882793,unmatched_rx
RX,0,728002224,728921427,1,18,2,3,830,919203,unmatched_rx
RX,0,728003616,728957141,1,20,19,3,830,953525,unmatched_rx
RX,0,727000762,730999999,1,16,12,3,830,3999237,unmatched_rx
TX,22836,731002605,,1,16,12,3,830,0,tx
TX,22837,731003301,,1,17,14,3,830,0,tx
TX,22838,731003997,,1,18,2,3,830,0,tx
TX,22839,731004693,,1,19,7,3,830,0,tx
TX,22840,731005389,,1,20,19,3,830,0,tx
RX,0,727001458,731999999,1,17,14,3,830,4998541,unmatched_rx
RX,0,732004763,732885713,1,19,7,3,830,880950,unmatched_rx
RX,0,732004067,732921427,1,18,2,3,830,917360,unmatched_rx
RX,0,732005459,732957141,1,20,19,3,830,951682,unmatched_rx
RX,0,731002605,734999999,1,16,12,3,830,3997394,unmatched_rx
TX,22992,735000762,,1,16,12,3,830,0,tx
TX,22993,735001458,,1,17,14,3,830,0,tx
TX,22994,735002154,,1,18,2,3,830,0,tx
TX,22995,735002850,,1,19,7,3,830,0,tx
TX,22996,735003546,,1,20,19,3,830,0,tx
RX,0,731003301,735999999,1,17,14,3,830,4996698,unmatched_rx
RX,0,736002920,736885713,1,19,7,3,830,882793,unmatched_rx
RX,0,736002224,736921427,1,18,2,3,830,919203,unmatched_rx
RX,0,736003616,736957141,1,20,19,3,830,953525,unmatched_rx
RX,0,735000762,738999999,1,16,12,3,830,3999237,unmatched_rx
TX,23128,739000762,,1,16,12,3,830,0,tx
TX,23129,739001458,,1,17,14,3,830,0,tx
TX,23130,739002154,,1,18,2,3,830,0,tx
TX,23131,739002850,,1,19,7,3,830,0,tx
TX,23132,739003546,,1,20,19,3,830,0,tx
RX,0,735001458,739999999,1,17,14,3,830,4998541,unmatched_rx
RX,0,740002920,740885713,1,19,7,3,830,882793,unmatched_rx
RX,0,740002224,740921427,1,18,2,3,830,919203,unmatched_rx
RX,0,740003616,740957141,1,20,19,3,830,953525,unmatched_rx
RX,0,739000762,742999999,1,16,12,3,830,3999237,unmatched_rx
TX,23270,743000762,,1,16,12,3,830,0,tx
TX,23271,743001458,,1,17,14,3,830,0,tx
TX,23272,743002154,,1,18,2,3,830,0,tx
TX,23273,743002850,,1,19,7,3,830,0,tx
TX,23274,743003546,,1,20,19,3,830,0,tx
RX,0,739001458,743999999,1,17,14,3,830,4998541,unmatched_rx
RX,0,744002920,744885713,1,19,7,3,830,882793,unmatched_rx
RX,0,744002224,744921427,1,18,2,3,830,919203,unmatched_rx
RX,0,744003616,744957141,1,20,19,3,830,953525,unmatched_rx
RX,0,743000762,746999999,1,16,12,3,830,3999237,unmatched_rx
TX,23426,747000762,,1,16,12,3,830,0,tx
TX,23427,747001458,,1,17,14,3,830,0,tx
TX,23428,747002154,,1,18,2,3,830,0,tx
TX,23429,747002850,,1,19,7,3,830,0,tx
TX,23430,747003546,,1,20,19,3,830,0,tx
RX,0,743001458,747999999,1,17,14,3,830,4998541,unmatched_rx
RX,0,748002920,748885713,1,19,7,3,830,882793,unmatched_rx
RX,0,748002224,748921427,1,18,2,3,830,919203,unmatched_rx
RX,0,748003616,748957141,1,20,19,3,830,953525,unmatched_rx
RX,0,747000762,750999999,1,16,12,3,830,3999237,unmatched_rx
TX,23568,751002605,,1,16,12,3,830,0,tx
TX,23569,751003301,,1,17,14,3,830,0,tx
TX,23570,751003997,,1,18,2,3,830,0,tx
TX,23571,751004693,,1,19,7,3,830,0,tx
TX,23572,751005389,,1,20,19,3,830,0,tx
RX,0,747001458,751999999,1,17,14,3,830,4998541,unmatched_rx
RX,0,752004763,752885713,1,19,7,3,830,880950,unmatched_rx
RX,0,752004067,752921427,1,18,2,3,830,917360,unmatched_rx
RX,0,752005459,752957141,1,20,19,3,830,951682,unmatched_rx
RX,0,751002605,754999999,1,16,12,3,830,3997394,unmatched_rx
TX,23724,755000762,,1,16,12,3,830,0,tx
TX,23725,755001458,,1,17,14,3,830,0,tx
TX,23726,755002154,,1,18,2,3,830,0,tx
TX,23727,755002850,,1,19,7,3,830,0,tx
TX,23728,755003546,,1,20,19,3,830,0,tx
RX,0,751003301,755999999,1,17,14,3,830,4996698,unmatched_rx
RX,0,756002920,756885713,1,19,7,3,830,882793,unmatched_rx
RX,0,756002224,756921427,1,18,2,3,830,919203,unmatched_rx
RX,0,756003616,756957141,1,20,19,3,830,953525,unmatched_rx
RX,0,755000762,758999999,1,16,12,3,830,3999237,unmatched_rx
TX,23854,759000762,,1,16,12,3,830,0,tx
TX,23855,759001458,,1,17,14,3,830,0,tx
TX,23856,759002154,,1,18,2,3,830,0,tx
TX,23857,759002850,,1,19,7,3,830,0,tx
TX,23858,759003546,,1,20,19,3,830,0,tx
RX,0,755001458,759999999,1,17,14,3,830,4998541,unmatched_rx
RX,0,760002920,760885713,1,19,7,3,830,882793,unmatched_rx
RX,0,760002224,760921427,1,18,2,3,830,919203,unmatched_rx
RX,0,760003616,760957141,1,20,19,3,830,953525,unmatched_rx
RX,0,759000762,762999999,1,16,12,3,830,3999237,unmatched_rx
TX,24002,763000762,,1,16,12,3,830,0,tx
TX,24003,763001458,,1,17,14,3,830,0,tx
TX,24004,763002154,,1,18,2,3,830,0,tx
TX,24005,763002850,,1,19,7,3,830,0,tx
TX,24006,763003546,,1,20,19,3,830,0,tx
RX,0,759001458,763999999,1,17,14,3,830,4998541,unmatched_rx
RX,0,764002920,764885713,1,19,7,3,830,882793,unmatched_rx
RX,0,764002224,764921427,1,18,2,3,830,919203,unmatched_rx
RX,0,764003616,764957141,1,20,19,3,830,953525,unmatched_rx
RX,0,763000762,766999999,1,16,12,3,830,3999237,unmatched_rx
TX,24152,767000762,,1,16,12,3,830,0,tx
TX,24153,767001458,,1,17,14,3,830,0,tx
TX,24154,767002154,,1,18,2,3,830,0,tx
TX,24155,767002850,,1,19,7,3,830,0,tx
TX,24156,767003546,,1,20,19,3,830,0,tx
RX,0,763001458,767999999,1,17,14,3,830,4998541,unmatched_rx
RX,0,768002920,768885713,1,19,7,3,830,882793,unmatched_rx
RX,0,768002224,768921427,1,18,2,3,830,919203,unmatched_rx
RX,0,768003616,768957141,1,20,19,3,830,953525,unmatched_rx
RX,0,767000762,770999999,1,16,12,3,830,3999237,unmatched_rx
TX,24300,771002605,,1,16,12,3,830,0,tx
TX,24301,771003301,,1,17,14,3,830,0,tx
TX,24302,771003997,,1,18,2,3,830,0,tx
TX,24303,771004693,,1,19,7,3,830,0,tx
TX,24304,771005389,,1,20,19,3,830,0,tx
RX,0,767001458,771999999,1,17,14,3,830,4998541,unmatched_rx
RX,0,772004763,772885713,1,19,7,3,830,880950,unmatched_rx
RX,0,772004067,772921427,1,18,2,3,830,917360,unmatched_rx
RX,0,772005459,772957141,1,20,19,3,830,951682,unmatched_rx
RX,0,771002605,774999999,1,16,12,3,830,3997394,unmatched_rx
TX,24456,775000762,,1,16,12,3,830,0,tx
TX,24457,775001458,,1,17,14,3,830,0,tx
TX,24458,775002154,,1,18,2,3,830,0,tx
TX,24459,775002850,,1,19,7,3,830,0,tx
TX,24460,775003546,,1,20,19,3,830,0,tx
RX,0,771003301,775999999,1,17,14,3,830,4996698,unmatched_rx
RX,0,776002920,776885713,1,19,7,3,830,882793,unmatched_rx
RX,0,776002224,776921427,1,18,2,3,830,919203,unmatched_rx
RX,0,776003616,776957141,1,20,19,3,830,953525,unmatched_rx
RX,0,775000762,778999999,1,16,12,3,830,3999237,unmatched_rx
TX,24592,779000762,,1,16,12,3,830,0,tx
TX,24593,779001458,,1,17,14,3,830,0,tx
TX,24594,779002154,,1,18,2,3,830,0,tx
TX,24595,779002850,,1,19,7,3,830,0,tx
TX,24596,779003546,,1,20,19,3,830,0,tx
RX,0,775001458,779999999,1,17,14,3,830,4998541,unmatched_rx
RX,0,780002920,780885713,1,19,7,3,830,882793,unmatched_rx
RX,0,780002224,780921427,1,18,2,3,830,919203,unmatched_rx
RX,0,780003616,780957141,1,20,19,3,830,953525,unmatched_rx
RX,0,779000762,782999999,1,16,12,3,830,3999237,unmatched_rx
TX,24734,783000762,,1,16,12,3,830,0,tx
TX,24735,783001458,,1,17,14,3,830,0,tx
TX,24736,783002154,,1,18,2,3,830,0,tx
TX,24737,783002850,,1,19,7,3,830,0,tx
TX,24738,783003546,,1,20,19,3,830,0,tx
RX,0,779001458,783999999,1,17,14,3,830,4998541,unmatched_rx
RX,0,784002920,784885713,1,19,7,3,830,882793,unmatched_rx
RX,0,784002224,784921427,1,18,2,3,830,919203,unmatched_rx
RX,0,784003616,784957141,1,20,19,3,830,953525,unmatched_rx
RX,0,783000762,786999999,1,16,12,3,830,3999237,unmatched_rx
TX,24890,787000762,,1,16,12,3,830,0,tx
TX,24891,787001458,,1,17,14,3,830,0,tx
TX,24892,787002154,,1,18,2,3,830,0,tx
TX,24893,787002850,,1,19,7,3,830,0,tx
TX,24894,787003546,,1,20,19,3,830,0,tx
RX,0,783001458,787999999,1,17,14,3,830,4998541,unmatched_rx
RX,0,788002920,788885713,1,19,7,3,830,882793,unmatched_rx
RX,0,788002224,788921427,1,18,2,3,830,919203,unmatched_rx
RX,0,788003616,788957141,1,20,19,3,830,953525,unmatched_rx
RX,0,787000762,790999999,1,16,12,3,830,3999237,unmatched_rx
TX,25032,791002605,,1,16,12,3,830,0,tx
TX,25033,791003301,,1,17,14,3,830,0,tx
TX,25034,791003997,,1,18,2,3,830,0,tx
TX,25035,791004693,,1,19,7,3,830,0,tx
TX,25036,791005389,,1,20,19,3,830,0,tx
RX,0,787001458,791999999,1,17,14,3,830,4998541,unmatched_rx
RX,0,792004763,792885713,1,19,7,3,830,880950,unmatched_rx
RX,0,792004067,792921427,1,18,2,3,830,917360,unmatched_rx
RX,0,792005459,792957141,1,20,19,3,830,951682,unmatched_rx
RX,0,791002605,794999999,1,16,12,3,830,3997394,unmatched_rx
TX,25188,795000762,,1,16,12,3,830,0,tx
TX,25189,795001458,,1,17,14,3,830,0,tx
TX,25190,795002154,,1,18,2,3,830,0,tx
TX,25191,795002850,,1,19,7,3,830,0,tx
TX,25192,795003546,,1,20,19,3,830,0,tx
RX,0,791003301,795999999,1,17,14,3,830,4996698,unmatched_rx
RX,0,796002920,796885713,1,19,7,3,830,882793,unmatched_rx
RX,0,796002224,796921427,1,18,2,3,830,919203,unmatched_rx
RX,0,796003616,796957141,1,20,19,3,830,953525,unmatched_rx
RX,0,795000762,798999999,1,16,12,3,830,3999237,unmatched_rx
TX,25318,799000762,,1,16,12,3,830,0,tx
TX,25319,799001458,,1,17,14,3,830,0,tx
TX,25320,799002154,,1,18,2,3,830,0,tx
TX,25321,799002850,,1,19,7,3,830,0,tx
TX,25322,799003546,,1,20,19,3,830,0,tx
RX,0,795001458,799999999,1,17,14,3,830,4998541,unmatched_rx
RX,0,800002920,800885713,1,19,7,3,830,882793,unmatched_rx
RX,0,800002224,800921427,1,18,2,3,830,919203,unmatched_rx
RX,0,800003616,800957141,1,20,19,3,830,953525,unmatched_rx
RX,0,799000762,802999999,1,16,12,3,830,3999237,unmatched_rx
TX,25466,803000762,,1,16,12,3,830,0,tx
TX,25467,803001458,,1,17,14,3,830,0,tx
TX,25468,803002154,,1,18,2,3,830,0,tx
TX,25469,803002850,,1,19,7,3,830,0,tx
TX,25470,803003546,,1,20,19,3,830,0,tx
RX,0,799001458,803999999,1,17,14,3,830,4998541,unmatched_rx
RX,0,804002224,804921427,1,18,2,3,830,919203,unmatched_rx
RX,0,804003616,804957141,1,20,19,3,830,953525,unmatched_rx
RX,0,804002920,805635713,1,19,7,3,830,1632793,unmatched_rx
RX,0,803000762,806999999,1,16,12,3,830,3999237,unmatched_rx
TX,25616,807000762,,1,16,12,3,830,0,tx
TX,25617,807001458,,1,17,14,3,830,0,tx
TX,25618,807002154,,1,18,2,3,830,0,tx
TX,25619,807002850,,1,19,7,3,830,0,tx
TX,25620,807003546,,1,20,19,3,830,0,tx
RX,0,803001458,807999999,1,17,14,3,830,4998541,unmatched_rx
RX,0,808002920,808903570,1,19,7,3,830,900650,unmatched_rx
RX,0,808002224,808939284,1,18,2,3,830,937060,unmatched_rx
RX,0,808003616,809653570,1,20,19,3,830,1649954,unmatched_rx
RX,0,807000762,810999999,1,16,12,3,830,3999237,unmatched_rx
TX,25764,811002605,,1,16,12,3,830,0,tx
TX,25765,811003301,,1,17,14,3,830,0,tx
TX,25766,811003997,,1,18,2,3,830,0,tx
TX,25767,811004693,,1,19,7,3,830,0,tx
TX,25768,811005389,,1,20,19,3,830,0,tx
RX,0,807001458,811999999,1,17,14,3,830,4998541,unmatched_rx
RX,0,812005459,812903570,1,20,19,3,830,898111,unmatched_rx
RX,0,812004763,812939284,1,19,7,3,830,934521,unmatched_rx
RX,0,812004067,812974998,1,18,2,3,830,970931,unmatched_rx
RX,0,811002605,814999999,1,16,12,3,830,3997394,unmatched_rx
TX,25924,815000762,,1,16,12,3,830,0,tx
TX,25925,815001458,,1,17,14,3,830,0,tx
TX,25926,815002154,,1,18,2,3,830,0,tx
TX,25927,815002850,,1,19,7,3,830,0,tx
TX,25928,815003546,,1,20,19,3,830,0,tx
RX,0,811003301,815999999,1,17,14,3,830,4996698,unmatched_rx
RX,0,816003616,816903570,1,20,19,3,830,899954,unmatched_rx
RX,0,816002920,816939284,1,19,7,3,830,936364,unmatched_rx
RX,0,816002224,816974998,1,18,2,3,830,972774,unmatched_rx
RX,0,815000762,818999999,1,16,12,3,830,3999237,unmatched_rx
TX,26060,819000762,,1,16,12,3,830,0,tx
TX,26061,819001458,,1,17,14,3,830,0,tx
TX,26062,819002154,,1,18,2,3,830,0,tx
TX,26063,819002850,,1,19,7,3,830,0,tx
TX,26064,819003546,,1,20,19,3,830,0,tx
RX,0,815001458,819999999,1,17,14,3,830,4998541,unmatched_rx
RX,0,820003616,820903570,1,20,19,3,830,899954,unmatched_rx
RX,0,820002920,820939284,1,19,7,3,830,936364,unmatched_rx
RX,0,820002224,820957141,1,18,2,3,830,954917,unmatched_rx
RX,0,819000762,822999999,1,16,12,3,830,3999237,unmatched_rx
TX,26202,823000762,,1,16,12,3,830,0,tx
TX,26203,823001458,,1,17,14,3,830,0,tx
TX,26204,823002154,,1,18,2,3,830,0,tx
TX,26205,823002850,,1,19,7,3,830,0,tx
TX,26206,823003546,,1,20,19,3,830,0,tx
RX,0,819001458,823999999,1,17,14,3,830,4998541,unmatched_rx
RX,0,824002224,824885713,1,18,2,3,830,883489,unmatched_rx
RX,0,824003616,824921427,1,20,19,3,830,917811,unmatched_rx
RX,0,824002920,824957141,1,19,7,3,830,954221,unmatched_rx
RX,0,823000762,826999999,1,16,12,3,830,3999237,unmatched_rx
TX,26360,827000762,,1,16,12,3,830,0,tx
TX,26361,827001458,,1,17,14,3,830,0,tx
TX,26362,827002154,,1,18,2,3,830,0,tx
TX,26363,827002850,,1,19,7,3,830,0,tx
TX,26364,827003546,,1,20,19,3,830,0,tx
RX,0,823001458,827999999,1,17,14,3,830,4998541,unmatched_rx
RX,0,828002224,828903570,1,18,2,3,830,901346,unmatched_rx
RX,0,828003616,828939284,1,20,19,3,830,935668,unmatched_rx
RX,0,828002920,828974998,1,19,7,3,830,972078,unmatched_rx
RX,0,827000762,830999999,1,16,12,3,830,3999237,unmatched_rx
TX,26502,831002605,,1,16,12,3,830,0,tx
TX,26503,831003301,,1,17,14,3,830,0,tx
TX,26504,831003997,,1,18,2,3,830,0,tx
TX,26505,831004693,,1,19,7,3,830,0,tx
TX,26506,831005389,,1,20,19,3,830,0,tx
RX,0,827001458,831999999,1,17,14,3,830,4998541,unmatched_rx
RX,0,832004067,832903570,1,18,2,3,830,899503,unmatched_rx
RX,0,832005459,832939284,1,20,19,3,830,933825,unmatched_rx
RX,0,832004763,832974998,1,19,7,3,830,970235,unmatched_rx
RX,0,831002605,834999999,1,16,12,3,830,3997394,unmatched_rx
TX,26658,835000762,,1,16,12,3,830,0,tx
TX,26659,835001458,,1,17,14,3,830,0,tx
TX,26660,835002154,,1,18,2,3,830,0,tx
TX,26661,835002850,,1,19,7,3,830,0,tx
TX,26662,835003546,,1,20,19,3,830,0,tx
RX,0,831003301,835999999,1,17,14,3,830,4996698,unmatched_rx
RX,0,836002224,836903570,1,18,2,3,830,901346,unmatched_rx
RX,0,836003616,836939284,1,20,19,3,830,935668,unmatched_rx
RX,0,836002920,836974998,1,19,7,3,830,972078,unmatched_rx
RX,0,835000762,838999999,1,16,12,3,830,3999237,unmatched_rx
TX,26788,839000762,,1,16,12,3,830,0,tx
TX,26789,839001458,,1,17,14,3,830,0,tx
TX,26790,839002154,,1,18,2,3,830,0,tx
TX,26791,839002850,,1,19,7,3,830,0,tx
TX,26792,839003546,,1,20,19,3,830,0,tx
RX,0,835001458,839999999,1,17,14,3,830,4998541,unmatched_rx
RX,0,840002224,840903570,1,18,2,3,830,901346,unmatched_rx
RX,0,840003616,840939284,1,20,19,3,830,935668,unmatched_rx
RX,0,840002920,840974998,1,19,7,3,830,972078,unmatched_rx
RX,0,839000762,842999999,1,16,12,3,830,3999237,unmatched_rx
TX,26932,843000762,,1,16,12,3,830,0,tx
TX,26933,843001458,,1,17,14,3,830,0,tx
TX,26934,843002154,,1,18,2,3,830,0,tx
TX,26935,843002850,,1,19,7,3,830,0,tx
TX,26936,843003546,,1,20,19,3,830,0,tx
RX,0,839001458,843999999,1,17,14,3,830,4998541,unmatched_rx
RX,0,844002224,844885713,1,18,2,3,830,883489,unmatched_rx
RX,0,844003616,844921427,1,20,19,3,830,917811,unmatched_rx
RX,0,844002920,844957141,1,19,7,3,830,954221,unmatched_rx
RX,0,843000762,846999999,1,16,12,3,830,3999237,unmatched_rx
TX,27088,847000762,,1,16,12,3,830,0,tx
TX,27089,847001458,,1,17,14,3,830,0,tx
TX,27090,847002154,,1,18,2,3,830,0,tx
TX,27091,847002850,,1,19,7,3,830,0,tx
TX,27092,847003546,,1,20,19,3,830,0,tx
RX,0,843001458,847999999,1,17,14,3,830,4998541,unmatched_rx
RX,0,848002224,848885713,1,18,2,3,830,883489,unmatched_rx
RX,0,848003616,848921427,1,20,19,3,830,917811,unmatched_rx
RX,0,848002920,848957141,1,19,7,3,830,954221,unmatched_rx
RX,0,847000762,850999999,1,16,12,3,830,3999237,unmatched_rx
TX,27236,851002605,,1,16,12,3,830,0,tx
TX,27237,851003301,,1,17,14,3,830,0,tx
TX,27238,851003997,,1,18,2,3,830,0,tx
TX,27239,851004693,,1,19,7,3,830,0,tx
TX,27240,851005389,,1,20,19,3,830,0,tx
RX,0,847001458,851999999,1,17,14,3,830,4998541,unmatched_rx
RX,0,852004067,852885713,1,18,2,3,830,881646,unmatched_rx
RX,0,852005459,852921427,1,20,19,3,830,915968,unmatched_rx
RX,0,852004763,852957141,1,19,7,3,830,952378,unmatched_rx
RX,0,851002605,854999999,1,16,12,3,830,3997394,unmatched_rx
TX,27392,855000762,,1,16,12,3,830,0,tx
TX,27393,855001458,,1,17,14,3,830,0,tx
TX,27394,855002154,,1,18,2,3,830,0,tx
TX,27395,855002850,,1,19,7,3,830,0,tx
TX,27396,855003546,,1,20,19,3,830,0,tx
RX,0,851003301,855999999,1,17,14,3,830,4996698,unmatched_rx
RX,0,856002224,856903570,1,18,2,3,830,901346,unmatched_rx
RX,0,856003616,856939284,1,20,19,3,830,935668,unmatched_rx
RX,0,856002920,856974998,1,19,7,3,830,972078,unmatched_rx
RX,0,855000762,858999999,1,16,12,3,830,3999237,unmatched_rx
TX,27528,859000762,,1,16,12,3,830,0,tx
TX,27529,859001458,,1,17,14,3,830,0,tx
TX,27530,859002154,,1,18,2,3,830,0,tx
TX,27531,859002850,,1,19,7,3,830,0,tx
TX,27532,859003546,,1,20,19,3,830,0,tx
RX,0,855001458,859999999,1,17,14,3,830,4998541,unmatched_rx
RX,0,860002224,860903570,1,18,2,3,830,901346,unmatched_rx
RX,0,860002920,860974998,1,19,7,3,830,972078,unmatched_rx
RX,0,860003616,861653570,1,20,19,3,830,1649954,unmatched_rx
RX,0,859000762,862999999,1,16,12,3,830,3999237,unmatched_rx
TX,27670,863000762,,1,16,12,3,830,0,tx
TX,27671,863001458,,1,17,14,3,830,0,tx
TX,27672,863002154,,1,18,2,3,830,0,tx
TX,27673,863002850,,1,19,7,3,830,0,tx
TX,27674,863003546,,1,20,19,3,830,0,tx
RX,0,859001458,863999999,1,17,14,3,830,4998541,unmatched_rx
RX,0,864003616,864903570,1,20,19,3,830,899954,unmatched_rx
RX,0,864002920,864939284,1,19,7,3,830,936364,unmatched_rx
RX,0,864002224,864974998,1,18,2,3,830,972774,unmatched_rx
RX,0,863000762,866999999,1,16,12,3,830,3999237,unmatched_rx
TX,27826,867000762,,1,16,12,3,830,0,tx
TX,27827,867001458,,1,17,14,3,830,0,tx
TX,27828,867002154,,1,18,2,3,830,0,tx
TX,27829,867002850,,1,19,7,3,830,0,tx
TX,27830,867003546,,1,20,19,3,830,0,tx
RX,0,863001458,867999999,1,17,14,3,830,4998541,unmatched_rx
RX,0,868003616,868903570,1,20,19,3,830,899954,unmatched_rx
RX,0,868002920,868939284,1,19,7,3,830,936364,unmatched_rx
RX,0,868002224,868974998,1,18,2,3,830,972774,unmatched_rx
RX,0,867000762,870999999,1,16,12,3,830,3999237,unmatched_rx
TX,27968,871002605,,1,16,12,3,830,0,tx
TX,27969,871003301,,1,17,14,3,830,0,tx
TX,27970,871003997,,1,18,2,3,830,0,tx
TX,27971,871004693,,1,19,7,3,830,0,tx
TX,27972,871005389,,1,20,19,3,830,0,tx
RX,0,867001458,871999999,1,17,14,3,830,4998541,unmatched_rx
RX,0,872005459,872903570,1,20,19,3,830,898111,unmatched_rx
RX,0,872004763,872939284,1,19,7,3,830,934521,unmatched_rx
RX,0,872004067,872957141,1,18,2,3,830,953074,unmatched_rx
RX,0,871002605,874999999,1,16,12,3,830,3997394,unmatched_rx
TX,28126,875000762,,1,16,12,3,830,0,tx
TX,28127,875001458,,1,17,14,3,830,0,tx
TX,28128,875002154,,1,18,2,3,830,0,tx
TX,28129,875002850,,1,19,7,3,830,0,tx
TX,28130,875003546,,1,20,19,3,830,0,tx
RX,0,871003301,875999999,1,17,14,3,830,4996698,unmatched_rx
RX,0,876002224,876885713,1,18,2,3,830,883489,unmatched_rx
RX,0,876003616,876921427,1,20,19,3,830,917811,unmatched_rx
RX,0,876002920,876957141,1,19,7,3,830,954221,unmatched_rx
RX,0,875000762,878999999,1,16,12,3,830,3999237,unmatched_rx
TX,28256,879000762,,1,16,12,3,830,0,tx
TX,28257,879001458,,1,17,14,3,830,0,tx
TX,28258,879002154,,1,18,2,3,830,0,tx
TX,28259,879002850,,1,19,7,3,830,0,tx
TX,28260,879003546,,1,20,19,3,830,0,tx
RX,0,875001458,879999999,1,17,14,3,830,4998541,unmatched_rx
RX,0,880002224,880885713,1,18,2,3,830,883489,unmatched_rx
RX,0,880003616,880921427,1,20,19,3,830,917811,unmatched_rx
RX,0,880002920,880957141,1,19,7,3,830,954221,unmatched_rx
RX,0,879000762,882999999,1,16,12,3,830,3999237,unmatched_rx
TX,28400,883000762,,1,16,12,3,830,0,tx
TX,28401,883001458,,1,17,14,3,830,0,tx
TX,28402,883002154,,1,18,2,3,830,0,tx
TX,28403,883002850,,1,19,7,3,830,0,tx
TX,28404,883003546,,1,20,19,3,830,0,tx
RX,0,879001458,883999999,1,17,14,3,830,4998541,unmatched_rx
RX,0,884002224,884885713,1,18,2,3,830,883489,unmatched_rx
RX,0,884003616,884921427,1,20,19,3,830,917811,unmatched_rx
RX,0,884002920,884957141,1,19,7,3,830,954221,unmatched_rx
RX,0,883000762,886999999,1,16,12,3,830,3999237,unmatched_rx
TX,28554,887000762,,1,16,12,3,830,0,tx
TX,28555,887001458,,1,17,14,3,830,0,tx
TX,28556,887002154,,1,18,2,3,830,0,tx
TX,28557,887002850,,1,19,7,3,830,0,tx
TX,28558,887003546,,1,20,19,3,830,0,tx
RX,0,883001458,887999999,1,17,14,3,830,4998541,unmatched_rx
RX,0,888002224,888903570,1,18,2,3,830,901346,unmatched_rx
RX,0,888003616,888939284,1,20,19,3,830,935668,unmatched_rx
RX,0,888002920,888974998,1,19,7,3,830,972078,unmatched_rx
RX,0,887000762,890999999,1,16,12,3,830,3999237,unmatched_rx
TX,28702,891002605,,1,16,12,3,830,0,tx
TX,28703,891003301,,1,17,14,3,830,0,tx
TX,28704,891003997,,1,18,2,3,830,0,tx
TX,28705,891004693,,1,19,7,3,830,0,tx
TX,28706,891005389,,1,20,19,3,830,0,tx
RX,0,887001458,891999999,1,17,14,3,830,4998541,unmatched_rx
RX,0,892004067,892903570,1,18,2,3,830,899503,unmatched_rx
RX,0,892005459,892939284,1,20,19,3,830,933825,unmatched_rx
RX,0,892004763,892974998,1,19,7,3,830,970235,unmatched_rx
RX,0,891002605,894999999,1,16,12,3,830,3997394,unmatched_rx
TX,28862,895000762,,1,16,12,3,830,0,tx
TX,28863,895001458,,1,17,14,3,830,0,tx
TX,28864,895002154,,1,18,2,3,830,0,tx
TX,28865,895002850,,1,19,7,3,830,0,tx
TX,28866,895003546,,1,20,19,3,830,0,tx
RX,0,891003301,895999999,1,17,14,3,830,4996698,unmatched_rx
RX,0,896002224,896903570,1,18,2,3,830,901346,unmatched_rx
RX,0,896003616,896939284,1,20,19,3,830,935668,unmatched_rx
RX,0,896002920,896974998,1,19,7,3,830,972078,unmatched_rx
RX,0,895000762,898999999,1,16,12,3,830,3999237,unmatched_rx
TX,28998,899000762,,1,16,12,3,830,0,tx
TX,28999,899001458,,1,17,14,3,830,0,tx
TX,29000,899002154,,1,18,2,3,830,0,tx
TX,29001,899002850,,1,19,7,3,830,0,tx
TX,29002,899003546,,1,20,19,3,830,0,tx
RX,0,895001458,899999999,1,17,14,3,830,4998541,unmatched_rx
RX,0,900002224,900903570,1,18,2,3,830,901346,unmatched_rx
RX,0,900003616,900939284,1,20,19,3,830,935668,unmatched_rx
RX,0,900002920,900974998,1,19,7,3,830,972078,unmatched_rx
RX,0,899000762,902999999,1,16,12,3,830,3999237,unmatched_rx
TX,29140,903000762,,1,16,12,3,830,0,tx
TX,29141,903001458,,1,17,14,3,830,0,tx
TX,29142,903002154,,1,18,2,3,830,0,tx
TX,29143,903002850,,1,19,7,3,830,0,tx
TX,29144,903003546,,1,20,19,3,830,0,tx
RX,0,899001458,903999999,1,17,14,3,830,4998541,unmatched_rx
RX,0,904003616,904921427,1,20,19,3,830,917811,unmatched_rx
RX,0,904002920,904957141,1,19,7,3,830,954221,unmatched_rx
RX,0,904002224,905635713,1,18,2,3,830,1633489,unmatched_rx
RX,0,903000762,906999999,1,16,12,3,830,3999237,unmatched_rx
TX,29298,907000762,,1,16,12,3,830,0,tx
TX,29299,907001458,,1,17,14,3,830,0,tx
TX,29300,907002154,,1,18,2,3,830,0,tx
TX,29301,907002850,,1,19,7,3,830,0,tx
TX,29302,907003546,,1,20,19,3,830,0,tx
RX,0,903001458,907999999,1,17,14,3,830,4998541,unmatched_rx
RX,0,908002224,908903570,1,18,2,3,830,901346,unmatched_rx
RX,0,908003616,908939284,1,20,19,3,830,935668,unmatched_rx
RX,0,908002920,909653570,1,19,7,3,830,1650650,unmatched_rx
RX,0,907000762,910999999,1,16,12,3,830,3999237,unmatched_rx
TX,29440,911002605,,1,16,12,3,830,0,tx
TX,29441,911003301,,1,17,14,3,830,0,tx
TX,29442,911003997,,1,18,2,3,830,0,tx
TX,29443,911004693,,1,19,7,3,830,0,tx
TX,29444,911005389,,1,20,19,3,830,0,tx
RX,0,907001458,911999999,1,17,14,3,830,4998541,unmatched_rx
RX,0,912004067,912939284,1,18,2,3,830,935217,unmatched_rx
RX,0,912005459,912974998,1,20,19,3,830,969539,unmatched_rx
RX,0,912004763,913653570,1,19,7,3,830,1648807,unmatched_rx
RX,0,911002605,914999999,1,16,12,3,830,3997394,unmatched_rx
TX,29592,915000762,,1,16,12,3,830,0,tx
TX,29593,915001458,,1,17,14,3,830,0,tx
TX,29594,915002154,,1,18,2,3,830,0,tx
TX,29595,915002850,,1,19,7,3,830,0,tx
TX,29596,915003546,,1,20,19,3,830,0,tx
RX,0,911003301,915999999,1,17,14,3,830,4996698,unmatched_rx
RX,0,916002920,916903570,1,19,7,3,830,900650,unmatched_rx
RX,0,916002224,916939284,1,18,2,3,830,937060,unmatched_rx
RX,0,916003616,916974998,1,20,19,3,830,971382,unmatched_rx
RX,0,915000762,918999999,1,16,12,3,830,3999237,unmatched_rx
TX,29722,919000762,,1,16,12,3,830,0,tx
TX,29723,919001458,,1,17,14,3,830,0,tx
TX,29724,919002154,,1,18,2,3,830,0,tx
TX,29725,919002850,,1,19,7,3,830,0,tx
TX,29726,919003546,,1,20,19,3,830,0,tx
RX,0,915001458,919999999,1,17,14,3,830,4998541,unmatched_rx
RX,0,920002920,920903570,1,19,7,3,830,900650,unmatched_rx
RX,0,920002224,920939284,1,18,2,3,830,937060,unmatched_rx
RX,0,920003616,920974998,1,20,19,3,830,971382,unmatched_rx
RX,0,919000762,922999999,1,16,12,3,830,3999237,unmatched_rx
TX,29870,923000762,,1,16,12,3,830,0,tx
TX,29871,923001458,,1,17,14,3,830,0,tx
TX,29872,923002154,,1,18,2,3,830,0,tx
TX,29873,923002850,,1,19,7,3,830,0,tx
TX,29874,923003546,,1,20,19,3,830,0,tx
RX,0,919001458,923999999,1,17,14,3,830,4998541,unmatched_rx
RX,0,924002920,924903570,1,19,7,3,830,900650,unmatched_rx
RX,0,924002224,924939284,1,18,2,3,830,937060,unmatched_rx
RX,0,924003616,924974998,1,20,19,3,830,971382,unmatched_rx
RX,0,923000762,926999999,1,16,12,3,830,3999237,unmatched_rx
TX,30020,927000762,,1,16,12,3,830,0,tx
TX,30021,927001458,,1,17,14,3,830,0,tx
TX,30022,927002154,,1,18,2,3,830,0,tx
TX,30023,927002850,,1,19,7,3,830,0,tx
TX,30024,927003546,,1,20,19,3,830,0,tx
RX,0,923001458,927999999,1,17,14,3,830,4998541,unmatched_rx
RX,0,928002920,928903570,1,19,7,3,830,900650,unmatched_rx
RX,0,928002224,928939284,1,18,2,3,830,937060,unmatched_rx
RX,0,928003616,928974998,1,20,19,3,830,971382,unmatched_rx
RX,0,927000762,930999999,1,16,12,3,830,3999237,unmatched_rx
TX,30168,931002605,,1,16,12,3,830,0,tx
TX,30169,931003301,,1,17,14,3,830,0,tx
TX,30170,931003997,,1,18,2,3,830,0,tx
TX,30171,931004693,,1,19,7,3,830,0,tx
TX,30172,931005389,,1,20,19,3,830,0,tx
RX,0,927001458,931999999,1,17,14,3,830,4998541,unmatched_rx
RX,0,932004763,932903570,1,19,7,3,830,898807,unmatched_rx
RX,0,932004067,932939284,1,18,2,3,830,935217,unmatched_rx
RX,0,932005459,932974998,1,20,19,3,830,969539,unmatched_rx
RX,0,931002605,934999999,1,16,12,3,830,3997394,unmatched_rx
TX,30328,935000762,,1,16,12,3,830,0,tx
TX,30329,935001458,,1,17,14,3,830,0,tx
TX,30330,935002154,,1,18,2,3,830,0,tx
TX,30331,935002850,,1,19,7,3,830,0,tx
TX,30332,935003546,,1,20,19,3,830,0,tx
RX,0,931003301,935999999,1,17,14,3,830,4996698,unmatched_rx
RX,0,936002920,936903570,1,19,7,3,830,900650,unmatched_rx
RX,0,936002224,936939284,1,18,2,3,830,937060,unmatched_rx
RX,0,936003616,936974998,1,20,19,3,830,971382,unmatched_rx
RX,0,935000762,938999999,1,16,12,3,830,3999237,unmatched_rx
TX,30464,939000762,,1,16,12,3,830,0,tx
TX,30465,939001458,,1,17,14,3,830,0,tx
TX,30466,939002154,,1,18,2,3,830,0,tx
TX,30467,939002850,,1,19,7,3,830,0,tx
TX,30468,939003546,,1,20,19,3,830,0,tx
RX,0,935001458,939999999,1,17,14,3,830,4998541,unmatched_rx
RX,0,940002920,940903570,1,19,7,3,830,900650,unmatched_rx
RX,0,940002224,940939284,1,18,2,3,830,937060,unmatched_rx
RX,0,940003616,940974998,1,20,19,3,830,971382,unmatched_rx
RX,0,939000762,942999999,1,16,12,3,830,3999237,unmatched_rx
TX,30606,943000762,,1,16,12,3,830,0,tx
TX,30607,943001458,,1,17,14,3,830,0,tx
TX,30608,943002154,,1,18,2,3,830,0,tx
TX,30609,943002850,,1,19,7,3,830,0,tx
TX,30610,943003546,,1,20,19,3,830,0,tx
RX,0,939001458,943999999,1,17,14,3,830,4998541,unmatched_rx
RX,0,944002920,944903570,1,19,7,3,830,900650,unmatched_rx
RX,0,944002224,944939284,1,18,2,3,830,937060,unmatched_rx
RX,0,944003616,944974998,1,20,19,3,830,971382,unmatched_rx
RX,0,943000762,946999999,1,16,12,3,830,3999237,unmatched_rx
TX,30764,947000762,,1,16,12,3,830,0,tx
TX,30765,947001458,,1,17,14,3,830,0,tx
TX,30766,947002154,,1,18,2,3,830,0,tx
TX,30767,947002850,,1,19,7,3,830,0,tx
TX,30768,947003546,,1,20,19,3,830,0,tx
RX,0,943001458,947999999,1,17,14,3,830,4998541,unmatched_rx
RX,0,948002920,948903570,1,19,7,3,830,900650,unmatched_rx
RX,0,948002224,948939284,1,18,2,3,830,937060,unmatched_rx
RX,0,948003616,948974998,1,20,19,3,830,971382,unmatched_rx
RX,0,947000762,950999999,1,16,12,3,830,3999237,unmatched_rx
TX,30906,951002605,,1,16,12,3,830,0,tx
TX,30907,951003301,,1,17,14,3,830,0,tx
TX,30908,951003997,,1,18,2,3,830,0,tx
TX,30909,951004693,,1,19,7,3,830,0,tx
TX,30910,951005389,,1,20,19,3,830,0,tx
RX,0,947001458,951999999,1,17,14,3,830,4998541,unmatched_rx
RX,0,952004763,952903570,1,19,7,3,830,898807,unmatched_rx
RX,0,952004067,952939284,1,18,2,3,830,935217,unmatched_rx
RX,0,952005459,952974998,1,20,19,3,830,969539,unmatched_rx
RX,0,951002605,954999999,1,16,12,3,830,3997394,unmatched_rx
TX,31064,955000762,,1,16,12,3,830,0,tx
TX,31065,955001458,,1,17,14,3,830,0,tx
TX,31066,955002154,,1,18,2,3,830,0,tx
TX,31067,955002850,,1,19,7,3,830,0,tx
TX,31068,955003546,,1,20,19,3,830,0,tx
RX,0,951003301,955999999,1,17,14,3,830,4996698,unmatched_rx
RX,0,956002920,956903570,1,19,7,3,830,900650,unmatched_rx
RX,0,956002224,956939284,1,18,2,3,830,937060,unmatched_rx
RX,0,956003616,956974998,1,20,19,3,830,971382,unmatched_rx
RX,0,955000762,958999999,1,16,12,3,830,3999237,unmatched_rx
TX,31194,959000762,,1,16,12,3,830,0,tx
TX,31195,959001458,,1,17,14,3,830,0,tx
TX,31196,959002154,,1,18,2,3,830,0,tx
TX,31197,959002850,,1,19,7,3,830,0,tx
TX,31198,959003546,,1,20,19,3,830,0,tx
RX,0,955001458,959999999,1,17,14,3,830,4998541,unmatched_rx
RX,0,960002920,960903570,1,19,7,3,830,900650,unmatched_rx
RX,0,960002224,960939284,1,18,2,3,830,937060,unmatched_rx
RX,0,960003616,960974998,1,20,19,3,830,971382,unmatched_rx
RX,0,959000762,962999999,1,16,12,3,830,3999237,unmatched_rx
TX,31338,963000762,,1,16,12,3,830,0,tx
TX,31339,963001458,,1,17,14,3,830,0,tx
TX,31340,963002154,,1,18,2,3,830,0,tx
TX,31341,963002850,,1,19,7,3,830,0,tx
TX,31342,963003546,,1,20,19,3,830,0,tx
RX,0,959001458,963999999,1,17,14,3,830,4998541,unmatched_rx
RX,0,964002920,964903570,1,19,7,3,830,900650,unmatched_rx
RX,0,964002224,964939284,1,18,2,3,830,937060,unmatched_rx
RX,0,964003616,964974998,1,20,19,3,830,971382,unmatched_rx
RX,0,963000762,966999999,1,16,12,3,830,3999237,unmatched_rx
TX,31490,967000762,,1,16,12,3,830,0,tx
TX,31491,967001458,,1,17,14,3,830,0,tx
TX,31492,967002154,,1,18,2,3,830,0,tx
TX,31493,967002850,,1,19,7,3,830,0,tx
TX,31494,967003546,,1,20,19,3,830,0,tx
RX,0,963001458,967999999,1,17,14,3,830,4998541,unmatched_rx
RX,0,968002920,968903570,1,19,7,3,830,900650,unmatched_rx
RX,0,968002224,968939284,1,18,2,3,830,937060,unmatched_rx
RX,0,968003616,968974998,1,20,19,3,830,971382,unmatched_rx
RX,0,967000762,970999999,1,16,12,3,830,3999237,unmatched_rx
TX,31638,971002605,,1,16,12,3,830,0,tx
TX,31639,971003301,,1,17,14,3,830,0,tx
TX,31640,971003997,,1,18,2,3,830,0,tx
TX,31641,971004693,,1,19,7,3,830,0,tx
TX,31642,971005389,,1,20,19,3,830,0,tx
RX,0,967001458,971999999,1,17,14,3,830,4998541,unmatched_rx
RX,0,972004067,972939284,1,18,2,3,830,935217,unmatched_rx
RX,0,972005459,972974998,1,20,19,3,830,969539,unmatched_rx
RX,0,972004763,973653570,1,19,7,3,830,1648807,unmatched_rx
RX,0,971002605,974999999,1,16,12,3,830,3997394,unmatched_rx
TX,31796,975000762,,1,16,12,3,830,0,tx
TX,31797,975001458,,1,17,14,3,830,0,tx
TX,31798,975002154,,1,18,2,3,830,0,tx
TX,31799,975002850,,1,19,7,3,830,0,tx
TX,31800,975003546,,1,20,19,3,830,0,tx
RX,0,971003301,975999999,1,17,14,3,830,4996698,unmatched_rx
RX,0,976002920,976903570,1,19,7,3,830,900650,unmatched_rx
RX,0,976002224,976939284,1,18,2,3,830,937060,unmatched_rx
RX,0,976003616,976974998,1,20,19,3,830,971382,unmatched_rx
RX,0,975000762,978999999,1,16,12,3,830,3999237,unmatched_rx
TX,31928,979000762,,1,16,12,3,830,0,tx
TX,31929,979001458,,1,17,14,3,830,0,tx
TX,31930,979002154,,1,18,2,3,830,0,tx
TX,31931,979002850,,1,19,7,3,830,0,tx
TX,31932,979003546,,1,20,19,3,830,0,tx
RX,0,975001458,979999999,1,17,14,3,830,4998541,unmatched_rx
RX,0,980002920,980903570,1,19,7,3,830,900650,unmatched_rx
RX,0,980002224,980939284,1,18,2,3,830,937060,unmatched_rx
RX,0,980003616,980974998,1,20,19,3,830,971382,unmatched_rx
RX,0,979000762,982999999,1,16,12,3,830,3999237,unmatched_rx
TX,32070,983000762,,1,16,12,3,830,0,tx
TX,32071,983001458,,1,17,14,3,830,0,tx
TX,32072,983002154,,1,18,2,3,830,0,tx
TX,32073,983002850,,1,19,7,3,830,0,tx
TX,32074,983003546,,1,20,19,3,830,0,tx
RX,0,979001458,983999999,1,17,14,3,830,4998541,unmatched_rx
RX,0,984002920,984903570,1,19,7,3,830,900650,unmatched_rx
RX,0,984002224,984939284,1,18,2,3,830,937060,unmatched_rx
RX,0,984003616,984974998,1,20,19,3,830,971382,unmatched_rx
RX,0,983000762,986999999,1,16,12,3,830,3999237,unmatched_rx
TX,32228,987000762,,1,16,12,3,830,0,tx
TX,32229,987001458,,1,17,14,3,830,0,tx
TX,32230,987002154,,1,18,2,3,830,0,tx
TX,32231,987002850,,1,19,7,3,830,0,tx
TX,32232,987003546,,1,20,19,3,830,0,tx
RX,0,983001458,987999999,1,17,14,3,830,4998541,unmatched_rx
RX,0,988002920,988903570,1,19,7,3,830,900650,unmatched_rx
RX,0,988002224,988939284,1,18,2,3,830,937060,unmatched_rx
RX,0,988003616,988974998,1,20,19,3,830,971382,unmatched_rx
RX,0,987000762,990999999,1,16,12,3,830,3999237,unmatched_rx
TX,32370,991002605,,1,16,12,3,830,0,tx
TX,32371,991003301,,1,17,14,3,830,0,tx
TX,32372,991003997,,1,18,2,3,830,0,tx
TX,32373,991004693,,1,19,7,3,830,0,tx
TX,32374,991005389,,1,20,19,3,830,0,tx
RX,0,987001458,991999999,1,17,14,3,830,4998541,unmatched_rx
RX,0,992004763,992903570,1,19,7,3,830,898807,unmatched_rx
RX,0,992004067,992939284,1,18,2,3,830,935217,unmatched_rx
RX,0,992005459,992974998,1,20,19,3,830,969539,unmatched_rx
RX,0,991002605,994999999,1,16,12,3,830,3997394,unmatched_rx
TX,32528,995000762,,1,16,12,3,830,0,tx
TX,32529,995001458,,1,17,14,3,830,0,tx
TX,32530,995002154,,1,18,2,3,830,0,tx
TX,32531,995002850,,1,19,7,3,830,0,tx
TX,32532,995003546,,1,20,19,3,830,0,tx
RX,0,991003301,995999999,1,17,14,3,830,4996698,unmatched_rx
RX,0,996002224,996939284,1,18,2,3,830,937060,unmatched_rx
RX,0,996003616,996974998,1,20,19,3,830,971382,unmatched_rx
RX,0,996002920,997653570,1,19,7,3,830,1650650,unmatched_rx
RX,0,995000762,998999999,1,16,12,3,830,3999237,unmatched_rx
TX,32658,999000762,,1,16,12,3,830,0,tx
TX,32659,999001458,,1,17,14,3,830,0,tx
TX,32660,999002154,,1,18,2,3,830,0,tx
TX,32661,999002850,,1,19,7,3,830,0,tx
TX,32662,999003546,,1,20,19,3,830,0,tx
RX,0,995001458,999999999,1,17,14,3,830,4998541,unmatched_rx
RX,0,1000002920,1000903570,1,19,7,3,830,900650,unmatched_rx
RX,0,1000002224,1000939284,1,18,2,3,830,937060,unmatched_rx
RX,0,1000003616,1000974998,1,20,19,3,830,971382,unmatched_rx
RX,0,999000762,1002999999,1,16,12,3,830,3999237,unmatched_rx
TX,32806,1003000762,,1,16,12,3,830,0,tx
TX,32807,1003001458,,1,17,14,3,830,0,tx
TX,32808,1003002154,,1,18,2,3,830,0,tx
TX,32809,1003002850,,1,19,7,3,830,0,tx
TX,32810,1003003546,,1,20,19,3,830,0,tx
RX,0,999001458,1003999999,1,17,14,3,830,4998541,unmatched_rx
RX,0,1004002920,1004903570,1,19,7,3,830,900650,unmatched_rx
RX,0,1004002224,1004939284,1,18,2,3,830,937060,unmatched_rx
RX,0,1004003616,1005653570,1,20,19,3,830,1649954,unmatched_rx
RX,0,1003000762,1006999999,1,16,12,3,830,3999237,unmatched_rx
TX,32958,1007000762,,1,16,12,3,830,0,tx
TX,32959,1007001458,,1,17,14,3,830,0,tx
TX,32960,1007002154,,1,18,2,3,830,0,tx
TX,32961,1007002850,,1,19,7,3,830,0,tx
TX,32962,1007003546,,1,20,19,3,830,0,tx
RX,0,1003001458,1007999999,1,17,14,3,830,4998541,unmatched_rx
RX,0,1008003616,1008903570,1,20,19,3,830,899954,unmatched_rx
RX,0,1008002920,1008921427,1,19,7,3,830,918507,unmatched_rx
RX,0,1008002224,1008957141,1,18,2,3,830,954917,unmatched_rx
RX,0,1007000762,1010999999,1,16,12,3,830,3999237,unmatched_rx
TX,33106,1011002605,,1,16,12,3,830,0,tx
TX,33107,1011003301,,1,17,14,3,830,0,tx
TX,33108,1011003997,,1,18,2,3,830,0,tx
TX,33109,1011004693,,1,19,7,3,830,0,tx
TX,33110,1011005389,,1,20,19,3,830,0,tx
RX,0,1007001458,1011999999,1,17,14,3,830,4998541,unmatched_rx
RX,0,1012005459,1012903570,1,20,19,3,830,898111,unmatched_rx
RX,0,1012004763,1012921427,1,19,7,3,830,916664,unmatched_rx
RX,0,1012004067,1012957141,1,18,2,3,830,953074,unmatched_rx
RX,0,1011002605,1014999999,1,16,12,3,830,3997394,unmatched_rx
TX,33264,1015000762,,1,16,12,3,830,0,tx
TX,33265,1015001458,,1,17,14,3,830,0,tx
TX,33266,1015002154,,1,18,2,3,830,0,tx
TX,33267,1015002850,,1,19,7,3,830,0,tx
TX,33268,1015003546,,1,20,19,3,830,0,tx
RX,0,1011003301,1015999999,1,17,14,3,830,4996698,unmatched_rx
RX,0,1016003616,1016903570,1,20,19,3,830,899954,unmatched_rx
RX,0,1016002920,1016921427,1,19,7,3,830,918507,unmatched_rx
RX,0,1016002224,1017653570,1,18,2,3,830,1651346,unmatched_rx
RX,0,1015000762,1018999999,1,16,12,3,830,3999237,unmatched_rx
TX,33400,1019000762,,1,16,12,3,830,0,tx
TX,33401,1019001458,,1,17,14,3,830,0,tx
TX,33402,1019002154,,1,18,2,3,830,0,tx
TX,33403,1019002850,,1,19,7,3,830,0,tx
TX,33404,1019003546,,1,20,19,3,830,0,tx
RX,0,1015001458,1019999999,1,17,14,3,830,4998541,unmatched_rx
RX,0,1020002224,1020903570,1,18,2,3,830,901346,unmatched_rx
RX,0,1020003616,1020939284,1,20,19,3,830,935668,unmatched_rx
RX,0,1020002920,1020957141,1,19,7,3,830,954221,unmatched_rx
RX,0,1019000762,1022999999,1,16,12,3,830,3999237,unmatched_rx
TX,33542,1023000762,,1,16,12,3,830,0,tx
TX,33543,1023001458,,1,17,14,3,830,0,tx
TX,33544,1023002154,,1,18,2,3,830,0,tx
TX,33545,1023002850,,1,19,7,3,830,0,tx
TX,33546,1023003546,,1,20,19,3,830,0,tx
RX,0,1019001458,1023999999,1,17,14,3,830,4998541,unmatched_rx
RX,0,1024002920,1024885713,1,19,7,3,830,882793,unmatched_rx
RX,0,1024002224,1024921427,1,18,2,3,830,919203,unmatched_rx
RX,0,1024003616,1024957141,1,20,19,3,830,953525,unmatched_rx
RX,0,1023000762,1026999999,1,16,12,3,830,3999237,unmatched_rx
TX,33700,1027000762,,1,16,12,3,830,0,tx
TX,33701,1027001458,,1,17,14,3,830,0,tx
TX,33702,1027002154,,1,18,2,3,830,0,tx
TX,33703,1027002850,,1,19,7,3,830,0,tx
TX,33704,1027003546,,1,20,19,3,830,0,tx
RX,0,1023001458,1027999999,1,17,14,3,830,4998541,unmatched_rx
RX,0,1028002920,1028885713,1,19,7,3,830,882793,unmatched_rx
RX,0,1028003616,1028939284,1,20,19,3,830,935668,unmatched_rx
RX,0,1028002224,1029635713,1,18,2,3,830,1633489,unmatched_rx
RX,0,1027000762,1030999999,1,16,12,3,830,3999237,unmatched_rx
TX,33842,1031002605,,1,16,12,3,830,0,tx
TX,33843,1031003301,,1,17,14,3,830,0,tx
TX,33844,1031003997,,1,18,2,3,830,0,tx
TX,33845,1031004693,,1,19,7,3,830,0,tx
TX,33846,1031005389,,1,20,19,3,830,0,tx
RX,0,1027001458,1031999999,1,17,14,3,830,4998541,unmatched_rx
RX,0,1032004067,1032903570,1,18,2,3,830,899503,unmatched_rx
RX,0,1032005459,1032939284,1,20,19,3,830,933825,unmatched_rx
RX,0,1032004763,1032957141,1,19,7,3,830,952378,unmatched_rx
RX,0,1031002605,1034999999,1,16,12,3,830,3997394,unmatched_rx
TX,33998,1035000762,,1,16,12,3,830,0,tx
TX,33999,1035001458,,1,17,14,3,830,0,tx
TX,34000,1035002154,,1,18,2,3,830,0,tx
TX,34001,1035002850,,1,19,7,3,830,0,tx
TX,34002,1035003546,,1,20,19,3,830,0,tx
RX,0,1031003301,1035999999,1,17,14,3,830,4996698,unmatched_rx
RX,0,1036002920,1036885713,1,19,7,3,830,882793,unmatched_rx
RX,0,1036002224,1036921427,1,18,2,3,830,919203,unmatched_rx
RX,0,1036003616,1036957141,1,20,19,3,830,953525,unmatched_rx
RX,0,1035000762,1038999999,1,16,12,3,830,3999237,unmatched_rx
TX,34128,1039000762,,1,16,12,3,830,0,tx
TX,34129,1039001458,,1,17,14,3,830,0,tx
TX,34130,1039002154,,1,18,2,3,830,0,tx
TX,34131,1039002850,,1,19,7,3,830,0,tx
TX,34132,1039003546,,1,20,19,3,830,0,tx
RX,0,1035001458,1039999999,1,17,14,3,830,4998541,unmatched_rx
RX,0,1040002920,1040885713,1,19,7,3,830,882793,unmatched_rx
RX,0,1040003616,1040939284,1,20,19,3,830,935668,unmatched_rx
RX,0,1040002224,1041635713,1,18,2,3,830,1633489,unmatched_rx
RX,0,1039000762,1042999999,1,16,12,3,830,3999237,unmatched_rx
TX,34276,1043000762,,1,16,12,3,830,0,tx
TX,34277,1043001458,,1,17,14,3,830,0,tx
TX,34278,1043002154,,1,18,2,3,830,0,tx
TX,34279,1043002850,,1,19,7,3,830,0,tx
TX,34280,1043003546,,1,20,19,3,830,0,tx
RX,0,1039001458,1043999999,1,17,14,3,830,4998541,unmatched_rx
RX,0,1044002224,1044903570,1,18,2,3,830,901346,unmatched_rx
RX,0,1044003616,1044939284,1,20,19,3,830,935668,unmatched_rx
RX,0,1044002920,1044957141,1,19,7,3,830,954221,unmatched_rx
RX,0,1043000762,1046999999,1,16,12,3,830,3999237,unmatched_rx
TX,34430,1047000762,,1,16,12,3,830,0,tx
TX,34431,1047001458,,1,17,14,3,830,0,tx
TX,34432,1047002154,,1,18,2,3,830,0,tx
TX,34433,1047002850,,1,19,7,3,830,0,tx
TX,34434,1047003546,,1,20,19,3,830,0,tx
RX,0,1043001458,1047999999,1,17,14,3,830,4998541,unmatched_rx
RX,0,1048002920,1048885713,1,19,7,3,830,882793,unmatched_rx
RX,0,1048002224,1048921427,1,18,2,3,830,919203,unmatched_rx
RX,0,1048003616,1048957141,1,20,19,3,830,953525,unmatched_rx
RX,0,1047000762,1050999999,1,16,12,3,830,3999237,unmatched_rx
TX,34578,1051002605,,1,16,12,3,830,0,tx
TX,34579,1051003301,,1,17,14,3,830,0,tx
TX,34580,1051003997,,1,18,2,3,830,0,tx
TX,34581,1051004693,,1,19,7,3,830,0,tx
TX,34582,1051005389,,1,20,19,3,830,0,tx
RX,0,1047001458,1051999999,1,17,14,3,830,4998541,unmatched_rx
RX,0,1052004763,1052885713,1,19,7,3,830,880950,unmatched_rx
RX,0,1052004067,1052921427,1,18,2,3,830,917360,unmatched_rx
RX,0,1052005459,1052957141,1,20,19,3,830,951682,unmatched_rx
RX,0,1051002605,1054999999,1,16,12,3,830,3997394,unmatched_rx
TX,34738,1055000762,,1,16,12,3,830,0,tx
TX,34739,1055001458,,1,17,14,3,830,0,tx
TX,34740,1055002154,,1,18,2,3,830,0,tx
TX,34741,1055002850,,1,19,7,3,830,0,tx
TX,34742,1055003546,,1,20,19,3,830,0,tx
RX,0,1051003301,1055999999,1,17,14,3,830,4996698,unmatched_rx
RX,0,1056002920,1056885713,1,19,7,3,830,882793,unmatched_rx
RX,0,1056003616,1056939284,1,20,19,3,830,935668,unmatched_rx
RX,0,1056002224,1057635713,1,18,2,3,830,1633489,unmatched_rx
RX,0,1055000762,1058999999,1,16,12,3,830,3999237,unmatched_rx
TX,34874,1059000762,,1,16,12,3,830,0,tx
TX,34875,1059001458,,1,17,14,3,830,0,tx
TX,34876,1059002154,,1,18,2,3,830,0,tx
TX,34877,1059002850,,1,19,7,3,830,0,tx
TX,34878,1059003546,,1,20,19,3,830,0,tx
RX,0,1055001458,1059999999,1,17,14,3,830,4998541,unmatched_rx
RX,0,1060002224,1060903570,1,18,2,3,830,901346,unmatched_rx
RX,0,1060003616,1060939284,1,20,19,3,830,935668,unmatched_rx
RX,0,1060002920,1060957141,1,19,7,3,830,954221,unmatched_rx
RX,0,1059000762,1062999999,1,16,12,3,830,3999237,unmatched_rx
TX,35016,1063000762,,1,16,12,3,830,0,tx
TX,35017,1063001458,,1,17,14,3,830,0,tx
TX,35018,1063002154,,1,18,2,3,830,0,tx
TX,35019,1063002850,,1,19,7,3,830,0,tx
TX,35020,1063003546,,1,20,19,3,830,0,tx
RX,0,1059001458,1063999999,1,17,14,3,830,4998541,unmatched_rx
RX,0,1064002920,1064885713,1,19,7,3,830,882793,unmatched_rx
RX,0,1064002224,1064921427,1,18,2,3,830,919203,unmatched_rx
RX,0,1064003616,1064957141,1,20,19,3,830,953525,unmatched_rx
RX,0,1063000762,1066999999,1,16,12,3,830,3999237,unmatched_rx
TX,35174,1067000762,,1,16,12,3,830,0,tx
TX,35175,1067001458,,1,17,14,3,830,0,tx
TX,35176,1067002154,,1,18,2,3,830,0,tx
TX,35177,1067002850,,1,19,7,3,830,0,tx
TX,35178,1067003546,,1,20,19,3,830,0,tx
RX,0,1063001458,1067999999,1,17,14,3,830,4998541,unmatched_rx
RX,0,1068002920,1068885713,1,19,7,3,830,882793,unmatched_rx
RX,0,1068002224,1068903570,1,18,2,3,830,901346,unmatched_rx
RX,0,1068003616,1068939284,1,20,19,3,830,935668,unmatched_rx
RX,0,1067000762,1070999999,1,16,12,3,830,3999237,unmatched_rx
TX,35316,1071002605,,1,16,12,3,830,0,tx
TX,35317,1071003301,,1,17,14,3,830,0,tx
TX,35318,1071003997,,1,18,2,3,830,0,tx
TX,35319,1071004693,,1,19,7,3,830,0,tx
TX,35320,1071005389,,1,20,19,3,830,0,tx
RX,0,1067001458,1071999999,1,17,14,3,830,4998541,unmatched_rx
RX,0,1072004763,1072885713,1,19,7,3,830,880950,unmatched_rx
RX,0,1072005459,1072957141,1,20,19,3,830,951682,unmatched_rx
RX,0,1072004067,1073653570,1,18,2,3,830,1649503,unmatched_rx
RX,0,1071002605,1074999999,1,16,12,3,830,3997394,unmatched_rx
TX,35474,1075000762,,1,16,12,3,830,0,tx
TX,35475,1075001458,,1,17,14,3,830,0,tx
TX,35476,1075002154,,1,18,2,3,830,0,tx
TX,35477,1075002850,,1,19,7,3,830,0,tx
TX,35478,1075003546,,1,20,19,3,830,0,tx
RX,0,1071003301,1075999999,1,17,14,3,830,4996698,unmatched_rx
RX,0,1076002224,1076903570,1,18,2,3,830,901346,unmatched_rx
RX,0,1076003616,1076939284,1,20,19,3,830,935668,unmatched_rx
RX,0,1076002920,1076957141,1,19,7,3,830,954221,unmatched_rx
RX,0,1075000762,1078999999,1,16,12,3,830,3999237,unmatched_rx
TX,35604,1079000762,,1,16,12,3,830,0,tx
TX,35605,1079001458,,1,17,14,3,830,0,tx
TX,35606,1079002154,,1,18,2,3,830,0,tx
TX,35607,1079002850,,1,19,7,3,830,0,tx
TX,35608,1079003546,,1,20,19,3,830,0,tx
RX,0,1075001458,1079999999,1,17,14,3,830,4998541,unmatched_rx
RX,0,1080002920,1080885713,1,19,7,3,830,882793,unmatched_rx
RX,0,1080002224,1080921427,1,18,2,3,830,919203,unmatched_rx
RX,0,1080003616,1080957141,1,20,19,3,830,953525,unmatched_rx
RX,0,1079000762,1082999999,1,16,12,3,830,3999237,unmatched_rx
TX,35752,1083000762,,1,16,12,3,830,0,tx
TX,35753,1083001458,,1,17,14,3,830,0,tx
TX,35754,1083002154,,1,18,2,3,830,0,tx
TX,35755,1083002850,,1,19,7,3,830,0,tx
TX,35756,1083003546,,1,20,19,3,830,0,tx
RX,0,1079001458,1083999999,1,17,14,3,830,4998541,unmatched_rx
RX,0,1084002920,1084885713,1,19,7,3,830,882793,unmatched_rx
RX,0,1084003616,1084939284,1,20,19,3,830,935668,unmatched_rx
RX,0,1084002224,1085635713,1,18,2,3,830,1633489,unmatched_rx
RX,0,1083000762,1086999999,1,16,12,3,830,3999237,unmatched_rx
TX,35904,1087000762,,1,16,12,3,830,0,tx
TX,35905,1087001458,,1,17,14,3,830,0,tx
TX,35906,1087002154,,1,18,2,3,830,0,tx
TX,35907,1087002850,,1,19,7,3,830,0,tx
TX,35908,1087003546,,1,20,19,3,830,0,tx
RX,0,1083001458,1087999999,1,17,14,3,830,4998541,unmatched_rx
RX,0,1088002224,1088903570,1,18,2,3,830,901346,unmatched_rx
RX,0,1088003616,1088939284,1,20,19,3,830,935668,unmatched_rx
RX,0,1088002920,1088957141,1,19,7,3,830,954221,unmatched_rx
RX,0,1087000762,1090999999,1,16,12,3,830,3999237,unmatched_rx
TX,36052,1091002605,,1,16,12,3,830,0,tx
TX,36053,1091003301,,1,17,14,3,830,0,tx
TX,36054,1091003997,,1,18,2,3,830,0,tx
TX,36055,1091004693,,1,19,7,3,830,0,tx
TX,36056,1091005389,,1,20,19,3,830,0,tx
RX,0,1087001458,1091999999,1,17,14,3,830,4998541,unmatched_rx
RX,0,1092004763,1092885713,1,19,7,3,830,880950,unmatched_rx
RX,0,1092004067,1092921427,1,18,2,3,830,917360,unmatched_rx
RX,0,1092005459,1092957141,1,20,19,3,830,951682,unmatched_rx
RX,0,1091002605,1094999999,1,16,12,3,830,3997394,unmatched_rx
TX,36210,1095000762,,1,16,12,3,830,0,tx
TX,36211,1095001458,,1,17,14,3,830,0,tx
TX,36212,1095002154,,1,18,2,3,830,0,tx
TX,36213,1095002850,,1,19,7,3,830,0,tx
TX,36214,1095003546,,1,20,19,3,830,0,tx
RX,0,1091003301,1095999999,1,17,14,3,830,4996698,unmatched_rx
RX,0,1096002920,1096885713,1,19,7,3,830,882793,unmatched_rx
RX,0,1096002224,1096921427,1,18,2,3,830,919203,unmatched_rx
RX,0,1096003616,1096957141,1,20,19,3,830,953525,unmatched_rx
RX,0,1095000762,1098999999,1,16,12,3,830,3999237,unmatched_rx
TX,36346,1099000762,,1,16,12,3,830,0,tx
TX,36347,1099001458,,1,17,14,3,830,0,tx
TX,36348,1099002154,,1,18,2,3,830,0,tx
TX,36349,1099002850,,1,19,7,3,830,0,tx
TX,36350,1099003546,,1,20,19,3,830,0,tx
RX,0,1095001458,1099999999,1,17,14,3,830,4998541,unmatched_rx
RX,0,1100002920,1100885713,1,19,7,3,830,882793,unmatched_rx
RX,0,1100003616,1100939284,1,20,19,3,830,935668,unmatched_rx
RX,0,1100002224,1101635713,1,18,2,3,830,1633489,unmatched_rx
RX,0,1099000762,1102999999,1,16,12,3,830,3999237,unmatched_rx
TX,36488,1103000762,,1,16,12,3,830,0,tx
TX,36489,1103001458,,1,17,14,3,830,0,tx
TX,36490,1103002154,,1,18,2,3,830,0,tx
TX,36491,1103002850,,1,19,7,3,830,0,tx
TX,36492,1103003546,,1,20,19,3,830,0,tx
RX,0,1099001458,1103999999,1,17,14,3,830,4998541,unmatched_rx
RX,0,1104002224,1104903570,1,18,2,3,830,901346,unmatched_rx
RX,0,1104003616,1105653570,1,20,19,3,830,1649954,unmatched_rx
RX,0,1104002920,1105707141,1,19,7,3,830,1704221,unmatched_rx
RX,0,1103000762,1106999999,1,16,12,3,830,3999237,unmatched_rx
TX,36646,1107000762,,1,16,12,3,830,0,tx
TX,36647,1107001458,,1,17,14,3,830,0,tx
TX,36648,1107002154,,1,18,2,3,830,0,tx
TX,36649,1107002850,,1,19,7,3,830,0,tx
TX,36650,1107003546,,1,20,19,3,830,0,tx
RX,0,1103001458,1107999999,1,17,14,3,830,4998541,unmatched_rx
RX,0,1108002920,1108903570,1,19,7,3,830,900650,unmatched_rx
RX,0,1108002224,1108939284,1,18,2,3,830,937060,unmatched_rx
RX,0,1108003616,1108974998,1,20,19,3,830,971382,unmatched_rx
RX,0,1107000762,1110999999,1,16,12,3,830,3999237,unmatched_rx
RX,0,1107001458,1111999999,1,17,14,3,830,4998541,unmatched_rx
