time_index,z0,z1,z2,z3,z4,z5,z6,z7,z8,z9,z10,z11,z12,z13,z14,z15,z16,z17,z18,z19,z20,z21,z22,z23,z24,z25,z26,z27,z28,z29,z30,z31,z32,z33,z34,z35,z36,z37,z38,z39,z40,z41,z42,z43,z44,z45,z46,z47
0,0.775828,0.0,0.0,0.0,0.0,0.299867,0.0,0.174738,0.0,2.050401,0.319713,1.881969,0.0,2.587574,0.0,1.392045,0.0,1.469094,0.0,0.648921,0.854679,0.155234,0.0,0.0,0.0,1.032745,2.631278,0.0,1.730613,0.0,0.0,1.389762,1.986192,0.0,0.324656,0.058657,0.140643,0.0,0.0,0.0,0.324591,0.0,0.818599,1.129954,0.0,0.0,0.0,0.0
1,0.549177,0.0,0.0,0.0,0.0,0.0,0.0,0.406995,0.0,1.682014,0.298126,2.002312,0.0,2.478219,0.0,0.982373,0.0,1.26409,0.0,0.527467,0.699026,0.053075,0.0,0.0,0.0,0.931421,2.877313,0.0,1.858742,0.0,0.0,1.489731,2.127695,0.0,0.485298,0.0,0.663739,0.0,0.0,0.0,0.123056,0.207404,1.074569,0.907534,0.0,0.0,0.0,0.0
2,0.417461,0.0,0.0,0.0,0.0,0.0,0.0,0.307975,0.0,1.345562,0.065416,1.493725,0.0,2.236188,0.0,0.745274,0.0,1.268008,0.0,0.490886,0.282932,0.0,0.0,0.0,0.0,0.814252,2.064656,0.0,1.432186,0.0,0.0,0.933604,1.712714,0.0,0.089898,0.512363,0.0,0.0,0.0,0.0,0.353306,0.002015,0.71033,1.022396,0.049113,0.0,0.0,0.0
3,0.341284,0.0,0.0,0.0,0.0,0.0,0.0,0.058472,0.0,1.322714,0.133536,1.261598,0.008796,1.940018,0.0,0.849019,0.0,1.107394,0.0,0.42373,0.243246,0.234245,0.0,0.0,0.0,0.763007,1.769492,0.0,1.191967,0.0,0.0,0.754338,1.37586,0.0,0.11171,0.298649,0.0,0.0,0.0,0.0,0.474094,0.103146,0.606634,0.851529,0.0,0.0,0.0,0.0
4,0.331568,0.0,0.0,0.0,0.0,0.070995,0.0,0.046469,0.0,0.98214,0.0,0.857788,0.100158,1.62855,0.0,0.585639,0.0,0.978114,0.0,0.331322,0.0,0.181911,0.0,0.0,0.0,0.794355,1.258109,0.0,0.879146,0.0,0.0,0.554009,1.178125,0.0,0.0,0.61949,0.0,0.0,0.0,0.0,0.43297,0.093552,0.399902,0.706203,0.493449,0.0,0.0,0.0
5,0.02694,0.0,0.0,0.0,0.0,0.0,0.0,0.053431,0.0,0.652184,0.0,0.776767,0.13124,0.924737,0.0,0.564322,0.249019,0.643127,0.0,0.105618,0.0,0.390112,0.0,0.0,0.0,0.804598,0.640642,0.0,0.483888,0.0,0.0,0.0,0.66663,0.0,0.0,0.570965,0.0,0.0,0.0,0.0,0.549117,0.0,0.0,0.7431,0.518378,0.0,0.0,0.0
6,0.0,0.0,0.0,0.0,0.0,0.0,0.0,0.169869,0.0,0.567732,0.0,0.556633,0.107483,0.773651,0.0,0.303359,0.244292,0.649738,0.0,0.117991,0.0,0.329438,0.0,0.0,0.080832,0.620703,0.429245,0.0,0.264554,0.0,0.0,0.0,0.470107,0.0,0.0,0.713364,0.0,0.0,0.0,0.0,0.614679,0.0,0.130451,0.750385,0.680603,0.0,0.0,0.0
7,0.0,0.0,0.0,0.0,0.0,0.0,0.0,0.223723,0.0,0.511061,0.0,0.41433,0.311428,0.437835,0.073953,0.051601,0.461294,0.607846,0.0,0.113739,0.0,0.16596,0.0,0.0,0.207769,0.407386,0.209885,0.0,0.211033,0.0,0.0,0.0,0.621697,0.0,0.0,0.73453,0.0,0.0,0.0,0.0,0.57728,0.0,0.145732,0.688739,0.930586,0.0,0.0,0.0
8,0.0,0.017765,0.0,0.000772,0.0,0.0,0.0,0.0,0.0,0.630917,0.0,0.194776,0.435249,0.512401,0.25144,0.0,0.275495,0.645291,0.0,0.047315,0.0,0.149148,0.0,0.0,0.120277,0.293693,0.173144,0.0,0.0,0.0,0.0,0.0,0.363737,0.0,0.0,0.882517,0.0,0.0,0.0,0.0,0.654262,0.0,0.364253,0.651055,0.980457,0.0,0.187304,0.0
9,0.0,0.018026,0.0,0.002768,0.0,0.0,0.0,0.010353,0.0,0.521098,0.0,0.336879,0.386772,0.499043,0.274093,0.0,0.226685,0.533421,0.0,0.0,0.0,0.180926,0.0,0.0,0.063468,0.230732,0.074943,0.0,0.0,0.0,0.0,0.0,0.388051,0.0,0.0,0.71629,0.0,0.0,0.0,0.0,0.622221,0.0,0.281899,0.777331,0.814567,0.002345,0.108412,0.0
10,0.0,0.0,0.0,0.0,0.070351,0.0,0.0,0.274477,0.0,0.486626,0.0,0.596003,0.244871,0.590152,0.115867,0.162552,0.130946,0.496108,0.0,0.0,0.128057,0.063501,0.0,0.0,0.207174,0.258559,0.175717,0.0,0.046411,0.0,0.0,0.0,0.491786,0.0,0.0,0.674667,0.0,0.0,0.0,0.0,0.643853,0.0,0.371838,0.715879,0.518373,0.0,0.032048,0.0
11,0.0,0.0,0.0,0.0,0.029544,0.0,0.0,0.140525,0.0,0.42471,0.0,0.6385,0.311249,0.76686,0.0,0.352927,0.0,0.461456,0.0,0.0,0.216613,0.0,0.0,0.0,0.183344,0.370579,0.300981,0.0,0.193902,0.0,0.0,0.0,0.542599,0.0,0.0,0.615358,0.0,0.0,0.0,0.0,0.59551,0.0,0.494857,0.573163,0.184676,0.0,0.056069,0.0
12,0.0,0.0,0.0,0.0,0.116254,0.046777,0.0,0.0,0.0,0.32063,0.0,0.896427,0.699841,0.974779,0.0,0.951189,0.0,0.147126,0.0,0.0,0.370092,0.0,0.0,0.0,0.0,0.708635,0.452451,0.0,0.538142,0.0,0.0,0.0,0.701505,0.0,0.0,0.375365,0.0,0.0,0.0,0.125591,0.359176,0.0,0.258476,0.538153,0.0,0.0,0.056883,0.0
13,0.0,0.0,0.0,0.0,0.140519,0.0,0.0,0.0,0.0,0.057594,0.144874,1.258336,0.691741,1.221679,0.0,0.782387,0.0,0.0,0.0,0.0,0.302428,0.0,0.0,0.0,0.188128,0.744732,0.904107,0.0,0.703035,0.0,0.0,0.0,0.987769,0.0,0.107987,0.247307,0.567678,0.0,0.065342,0.160609,0.20362,0.0093,0.09765,0.633206,0.0,0.0,0.0,0.0
14,0.0,0.0,0.0,0.0,0.300296,0.0,0.0,0.13034,0.0,0.107896,0.228489,1.276458,0.327609,1.03054,0.0,0.501014,0.0,0.010353,0.0,0.411675,0.128407,0.0,0.0,0.0,0.090247,0.606763,0.836173,0.0,0.332318,0.0,0.0,0.0,1.307999,0.0,0.097624,0.091606,0.459404,0.0,0.0,0.156356,0.506153,0.0,0.0,0.447137,0.0,0.0,0.0,0.0
15,0.0,0.0,0.0,0.0,0.226634,0.0,0.0,0.288535,0.0,0.195856,0.150726,1.312822,0.106046,0.991712,0.0,0.757789,0.170918,0.217018,0.0,0.163875,0.126877,0.0,0.0,0.0,0.207081,0.625194,0.630369,0.0,0.351831,0.0,0.0,0.0,1.004043,0.0,0.023766,0.000887,0.203919,0.0,0.01923,0.0,0.749125,0.0,0.0,0.398994,0.0,0.0,0.0,0.0
16,0.0,0.0,0.0,0.0,0.207213,0.0,0.0,0.269708,0.0,0.114704,0.224097,1.437673,0.343783,1.146751,0.0,1.130878,0.155697,0.231229,0.0,0.0,0.10499,0.0,0.0,0.0,0.34498,0.919439,0.634711,0.0,0.802079,0.0,0.0,0.0,0.947634,0.0,0.237694,0.0,0.020534,0.0,0.0,0.0,0.655007,0.0,0.0,0.348559,0.0,0.144833,0.146067,0.0
17,0.057711,0.0,0.0,0.0,0.198533,0.0,0.0,0.0,0.0,0.025076,0.499604,1.624466,0.471897,1.109816,0.0,0.951845,0.0,0.086083,0.009102,0.0,0.0,0.0,0.0,0.0,0.22053,0.853092,0.605161,0.0,0.591132,0.0,0.0,0.0,1.037492,0.0,0.431475,0.0,0.178646,0.0,0.0,0.055108,0.660281,0.098433,0.0,0.143784,0.0,0.279858,0.157936,0.0
18,0.07823,0.0,0.0,0.0,0.349573,0.107699,0.0,0.0,0.0,0.0,0.699407,1.518646,0.586933,0.922608,0.0,0.961266,0.026096,0.0,0.033649,0.0,0.006218,0.019737,0.0,0.0,0.295608,1.017366,0.348187,0.0,0.339651,0.0,0.0,0.0,0.784749,0.0,0.317758,0.0,0.0,0.0,0.0,0.001356,0.946908,0.037064,0.0,0.244475,0.0,0.514734,0.442889,0.0
19,0.0,0.0,0.0,0.0,0.555387,0.0,0.0,0.0,0.0,0.0,0.506239,1.485842,0.692464,1.225548,0.0,1.148753,0.0,0.102877,0.02711,0.0,0.071254,0.0,0.0,0.0,0.362914,0.752247,0.648504,0.0,0.652985,0.0,0.0,0.028449,0.974349,0.0,0.450337,0.0,0.105397,0.0,0.0,0.252051,0.818596,0.10608,0.0,0.051756,0.0,0.455543,0.449378,0.0
20,0.0,0.0,0.0,0.0,0.784833,0.0,0.0,0.0,0.0,0.0,0.575164,1.668863,0.82787,1.291971,0.0,0.963756,0.0,0.092634,0.0,0.052114,0.260681,0.0,0.0,0.0,0.528851,0.695855,0.932755,0.0,0.804715,0.0,0.0,0.056197,1.055183,0.0,0.530178,0.021907,0.392978,0.0,0.0,0.570677,0.690608,0.213582,0.0,0.026683,0.0,0.571356,0.388468,0.0
21,0.0,0.0,0.0,0.0,1.000615,0.0,0.0,0.0,0.0,0.0,0.688289,1.806358,0.858548,1.162523,0.0,0.86762,0.0,0.0,0.0,0.104804,0.54179,0.0,0.0,0.0,0.580055,0.691171,1.156957,0.0,0.685992,0.0,0.0,0.002901,0.967367,0.0,0.43085,0.108557,0.572765,0.0,0.0,0.721218,0.800949,0.160229,0.0,0.073147,0.0,0.550319,0.342704,0.0
22,0.0,0.0,0.0,0.0,1.042692,0.0,0.0,0.0,0.0,0.0,0.611706,1.714645,0.823457,1.428769,0.0,0.760041,0.0,0.105305,0.0,0.531715,0.456012,0.0,0.0,0.0,0.619043,0.570294,1.46011,0.0,0.855496,0.0,0.0,0.269741,1.303418,0.0,0.5291,0.193313,0.69801,0.0,0.0,0.921435,0.570583,0.233292,0.344866,0.0,0.0,0.420624,0.122274,0.0
23,0.10826,0.0,0.0,0.0,0.75449,0.22044,0.0,0.0,0.0,0.042453,0.815919,1.665582,0.922114,1.274864,0.0,1.107282,0.0,0.0,0.0,0.127971,0.551292,0.0,0.0,0.0,0.464259,0.688653,1.21067,0.0,0.597304,0.0,0.0,0.105855,0.951666,0.0,0.382112,0.0,0.564726,0.0,0.0,0.653765,0.621388,0.28162,0.143276,0.025835,0.0,0.481262,0.338386,0.015565
24,0.125308,0.0,0.0,0.0,0.708539,0.042203,0.0,0.0,0.0,0.0,0.580905,1.773102,0.993458,1.190027,0.0,1.11974,0.0,0.0,0.0,0.0,0.332406,0.0,0.0,0.0,0.342362,0.693593,0.913499,0.0,0.726532,0.0,0.0,0.024212,0.91166,0.0,0.433438,0.0,0.388659,0.0,0.0,0.560693,0.332927,0.389864,0.135244,0.0,0.0,0.339841,0.239179,0.0
25,0.0,0.0,0.0,0.0,0.673025,0.0,0.0,0.0,0.0,0.0,0.289946,1.333965,0.872037,1.189493,0.0,1.063304,0.0,0.0,0.0,0.0,0.0,0.0,0.0,0.0,0.209585,0.630508,0.548704,0.0,0.54268,0.0,0.0,0.0,0.50241,0.0,0.244976,0.0,0.015108,0.0,0.067304,0.593338,0.253056,0.427943,0.291027,0.0,0.0,0.257625,0.359823,0.0
26,0.0,0.0,0.0,0.0,0.559086,0.0,0.15492,0.0,0.0,0.0,0.094978,0.910849,1.002539,0.894332,0.0,1.227208,0.039971,0.088539,0.0,0.0,0.0,0.0,0.0,0.0,0.188962,0.774301,0.21308,0.0,0.650951,0.0,0.0,0.0,0.337796,0.0,0.051899,0.0,0.0,0.0,0.093691,0.501826,0.249427,0.44363,0.46483,0.0,0.0,0.07573,0.322359,0.0
27,0.0,0.0,0.0,0.149121,0.814601,0.0,0.253337,0.0,0.0,0.0,0.0,0.530074,0.849989,0.464058,0.0,1.005548,0.281575,0.0,0.166974,0.0,0.0,0.169749,0.0,0.0,0.0,0.799739,0.0,0.0,0.244785,0.0,0.0,0.0,0.0,0.0,0.0,0.03037,0.0,0.0,0.120062,0.169499,0.313655,0.262842,0.004457,0.004875,0.0,0.075004,0.21424,0.0
28,0.0,0.0,0.0,0.14082,0.638474,0.0,0.384637,0.0,0.0,0.0,0.090084,0.320149,0.936166,0.285138,0.0,0.645859,0.310209,0.0,0.170909,0.0,0.0,0.421949,0.0,0.0,0.203522,0.67045,0.0,0.0,0.0,0.0,0.0,0.0,0.036312,0.0,0.0,0.18771,0.0,0.0,0.269093,0.16985,0.416323,0.410095,0.3744,0.0,0.09849,0.361611,0.35789,0.0
29,0.0,0.0,0.0,0.101722,0.553581,0.0,0.312086,0.0,0.0,0.162685,0.0,0.414905,0.764595,0.220913,0.0,0.526399,0.191082,0.036038,0.10558,0.0,0.0,0.516463,0.0,0.0,0.025738,0.627861,0.0,0.0,0.0,0.066555,0.0,0.0,0.0,0.0,0.0,0.223032,0.0,0.0,0.270843,0.211883,0.565239,0.22235,0.34543,0.102947,0.250307,0.347307,0.313069,0.0
30,0.0,0.0,0.0,0.127054,0.611038,0.0,0.396704,0.0,0.0,0.222331,0.0,0.362298,0.683384,0.153508,0.0,0.526598,0.400445,0.069635,0.292745,0.0,0.0,0.338845,0.0,0.0,0.147034,0.64914,0.0,0.0,0.0,0.0,0.0,0.0,0.0,0.0,0.0,0.272191,0.0,0.0,0.346137,0.106145,0.563234,0.0,0.307832,0.0,0.300848,0.361926,0.253222,0.0
31,0.0,0.0,0.0,0.0,0.482915,0.0,0.381117,0.0,0.0,0.161517,0.0,0.502804,0.832524,0.220073,0.0,0.77883,0.274426,0.0,0.057624,0.0,0.0,0.305607,0.0,0.0,0.22357,0.595178,0.0,0.0,0.0,0.0,0.0,0.0,0.0,0.0,0.0,0.149068,0.0,0.0,0.315743,0.305183,0.509587,0.095593,0.315742,0.022994,0.175343,0.435381,0.330004,0.0
32,0.0,0.0,0.0,0.0,0.487688,0.0,0.270663,0.0,0.0,0.281384,0.0,0.586232,0.79102,0.214513,0.0,1.021347,0.211381,0.0,0.191842,0.0,0.0,0.110858,0.0,0.0,0.0,0.635991,0.0,0.0,0.027786,0.0,0.0,0.0,0.0,0.0,0.0,0.010721,0.0,0.0,0.22853,0.270641,0.470227,0.0,0.199949,0.036943,0.0,0.153595,0.341069,0.0
33,0.0,0.0,0.0,0.0,0.467738,0.0,0.270587,0.0,0.0,0.346619,0.0,0.683295,0.675823,0.118651,0.0,0.82981,0.224297,0.036035,0.093924,0.0,0.016244,0.076496,0.0,0.0,0.0,0.437718,0.0,0.0,0.0,0.0,0.0,0.0,0.0,0.0,0.150896,0.0,0.0,0.0,0.081369,0.139305,0.609416,0.0,0.118074,0.230895,0.0,0.195888,0.280309,0.0
34,0.0,0.0,0.0,0.0,0.275323,0.0,0.118274,0.0,0.0,0.426201,0.068615,0.734782,0.490323,0.160448,0.0,0.573542,0.118277,0.009451,0.08778,0.0,0.116848,0.038978,0.0,0.0,0.001031,0.450428,0.004408,0.0,0.0,0.0,0.0,0.0,0.271166,0.0,0.151284,0.0,0.0,0.0,0.0,0.193692,0.743878,0.0,0.046428,0.466072,0.0,0.118511,0.219219,0.0
35,0.031022,0.0,0.0,0.0,0.165665,0.0,0.0,0.0,0.0,0.548381,0.0,0.699335,0.657877,0.155385,0.0,0.362571,0.067139,0.166947,0.115288,0.0,0.34778,0.0,0.0,0.0,0.021007,0.305953,0.253998,0.0,0.048927,0.007878,0.0,0.0,0.43716,0.0,0.224226,0.0,0.0047,0.0,0.0,0.036148,0.776924,0.0,0.113984,0.74743,0.0,0.069246,0.000649,0.0
36,0.0,0.0,0.0,0.0,0.248305,0.0,0.0,0.098288,0.0,0.617413,0.0,0.763667,0.561736,0.055203,0.0,0.1475,0.087798,0.22079,0.0,0.031957,0.617409,0.0,0.0,0.0,0.082854,0.025685,0.544119,0.0,0.019931,0.412037,0.0,0.0,0.371609,0.0,0.256973,0.123755,0.155837,0.0,0.0,0.287585,1.02838,0.0,0.396834,0.938536,0.0,0.0,0.0,0.0
37,0.0,0.0,0.0,0.0,0.083941,0.0,0.0,0.0,0.0,0.582698,0.0,0.722273,0.565939,0.226419,0.0,0.08553,0.0,0.280694,0.0,0.058806,0.764121,0.0,0.0,0.0,0.088592,0.17309,0.636682,0.0,0.1516,0.436541,0.0,0.0,0.377716,0.0,0.410785,0.286045,0.314238,0.0,0.0,0.201417,0.910757,0.0,0.232131,1.099068,0.0,0.126004,0.0,0.0
38,0.0,0.0,0.0,0.0,0.050672,0.0,0.0,0.07619,0.0,0.615899,0.0,0.717172,0.405685,0.436922,0.0,0.0,0.0,0.525792,0.0,0.144927,0.810064,0.0,0.0,0.0,0.198354,0.048244,0.869924,0.0,0.241572,0.705175,0.0,0.0,0.308517,0.0,0.474754,0.575306,0.386782,0.0,0.0,0.371657,1.012994,0.0,0.584472,1.170271,0.0,0.075689,0.0,0.0
39,0.0,0.0,0.0,0.0,0.0,0.0,0.048704,0.0,0.0,1.089907,0.0,0.545293,0.317923,0.482602,0.0,0.18334,0.068933,0.637552,0.0,0.177612,0.895877,0.0,0.0,0.0,0.0,0.0,0.757069,0.0,0.004927,0.714882,0.0,0.0,0.119031,0.0,0.407012,0.441708,0.268531,0.0,0.0,0.135541,1.211392,0.0,0.39677,1.351547,0.0,0.0,0.031311,0.0
40,0.0,0.0,0.0,0.0,0.119339,0.0,0.0,0.0,0.0,1.235409,0.0,0.740547,0.076261,0.337948,0.0,0.392304,0.366589,0.629422,0.0,0.0,1.034157,0.0,0.0,0.0,0.0,0.0,0.525561,0.0,0.025022,0.581332,0.0,0.0,0.048921,0.0,0.477726,0.428006,0.028781,0.0,0.0,0.361637,1.288664,0.0,0.230318,1.483642,0.0,0.0,0.186734,0.0
41,0.0,0.0,0.0,0.0,0.0,0.0,0.373507,0.0,0.0,1.389071,0.051651,0.843805,0.287485,0.749308,0.0,0.193991,0.045524,0.517651,0.0,0.0,1.042559,0.0,0.0,0.0,0.0,0.0,1.025793,0.0,0.171271,0.697022,0.0,0.0,0.334789,0.0,0.541224,0.421512,0.593737,0.0,0.0,0.416672,1.18521,0.0,0.511732,1.591794,0.0,0.0,0.0,0.0
42,0.0,0.0,0.0,0.0,0.0,0.0,0.363664,0.0,0.0,1.387775,0.0,1.01027,0.100948,0.912643,0.0,0.315481,0.129053,0.575407,0.0,0.0,1.14563,0.0,0.0,0.0,0.0,0.032904,1.068425,0.0,0.530318,0.577034,0.0,0.025131,0.341843,0.0,0.563655,0.644421,0.548748,0.0,0.0,0.46158,1.144046,0.0,0.704723,1.766986,0.0,0.0,0.0,0.0
43,0.0,0.0,0.0,0.0,0.0,0.0,0.440577,0.0,0.0,1.515791,0.011328,0.881281,0.146171,1.322053,0.0,0.297365,0.0,0.754591,0.0,0.0,1.146956,0.0,0.0,0.0,0.0,0.022917,1.342414,0.0,0.611072,0.771695,0.0,0.344784,0.473679,0.0,0.548803,0.61764,0.671562,0.0,0.0,0.444511,1.13702,0.0,0.960312,1.681407,0.0,0.0,0.0,0.0
44,0.0,0.0,0.0,0.0,0.001978,0.083824,0.077792,0.0,0.0,1.352717,0.198209,1.019677,0.218514,1.028755,0.0,0.439065,0.090187,0.398158,0.0,0.0,1.18188,0.0,0.0,0.0,0.0,0.069426,1.017856,0.0,0.326313,0.399029,0.0,0.058599,0.591366,0.0,0.513477,0.389891,0.625735,0.0,0.0,0.423591,0.940542,0.0,0.238735,1.765653,0.0,0.0,0.006782,0.0
45,0.0,0.0,0.0,0.0,0.230417,0.0,0.052266,0.0,0.0,1.212602,0.0,1.046065,0.220169,1.062631,0.0,0.238954,0.017085,0.549713,0.0,0.227335,1.186628,0.0,0.0,0.0,0.0,0.0,1.387256,0.0,0.642645,0.742797,0.0,0.226723,0.874241,0.0,0.550943,0.511072,0.779762,0.0,0.0,0.453381,0.806716,0.0,0.592604,1.569467,0.0,0.0,0.0,0.0
46,0.0,0.0,0.0,0.0,0.278983,0.0,0.0,0.0,0.0,0.925253,0.0,0.980092,0.102363,1.077793,0.0,0.33368,0.0,0.53724,0.0,0.0,1.175682,0.0,0.0,0.0,0.0,0.073589,1.097228,0.0,0.77969,0.629839,0.0,0.054706,0.624877,0.0,0.489647,0.671916,0.451812,0.0,0.0,0.426166,0.686802,0.0,0.615219,1.479052,0.0,0.0,0.0,0.0
47,0.0,0.0,0.0,0.0,0.403015,0.012575,0.0,0.0,0.0,0.708569,0.0,0.917766,0.032833,0.969292,0.0,0.313501,0.0,0.560997,0.0,0.0,0.979232,0.0,0.0,0.0,0.0,0.0,0.932042,0.0,0.743219,0.660624,0.0,0.0,0.713086,0.0,0.469819,0.588448,0.286618,0.0,0.0,0.354207,0.476111,0.0,0.509941,1.209351,0.0,0.0,0.0,0.0
48,0.0,0.0,0.0,0.0,0.589897,0.0,0.0,0.0,0.0,0.542691,0.0,0.869969,0.222183,1.224445,0.0,0.012645,0.0,0.568406,0.0,0.129084,1.093253,0.0,0.0,0.0,0.218026,0.042796,1.388861,0.0,0.763251,0.942613,0.0,0.230716,0.71372,0.0,0.379068,0.711477,0.366663,0.0,0.0,0.680406,0.450626,0.008594,0.970939,0.918653,0.0,0.0,0.0,0.0
49,0.043218,0.0,0.0,0.0,0.750043,0.289266,0.0,0.0,0.0,0.339307,0.027735,0.913419,0.562314,1.092507,0.0,0.0,0.0,0.334016,0.0,0.422332,1.106515,0.0,0.0,0.0,0.189448,0.0,1.463314,0.0,0.688604,0.944398,0.0,0.233528,0.888653,0.0,0.351098,0.437887,0.516243,0.0,0.0,0.761204,0.032369,0.289956,0.688987,0.80438,0.0,0.0,0.0,0.0
50,0.169115,0.0,0.0,0.0,0.727733,0.491814,0.0,0.0,0.0,0.24474,0.122436,1.056319,0.669145,1.178927,0.0,0.227085,0.0,0.289538,0.0,0.145125,1.06803,0.0,0.0,0.0,0.312093,0.026368,1.486624,0.0,0.938275,0.795557,0.0,0.212351,0.824036,0.0,0.426116,0.219179,0.517018,0.0,0.0,0.646555,0.0,0.382538,0.941971,0.540646,0.0,0.0,0.0,0.0
51,0.128056,0.0,0.0,0.0,0.999382,0.442869,0.0,0.0,0.0,0.047487,0.083092,1.200278,0.877089,1.338271,0.0,0.0,0.0,0.301113,0.0,0.202487,0.917823,0.0,0.0,0.0,0.425507,0.233891,1.701778,0.0,1.263167,0.767455,0.0,0.421444,1.039646,0.0,0.510004,0.180467,0.595062,0.0,0.0,1.010233,0.0,0.512963,1.164281,0.279197,0.0,0.0,0.0,0.0
52,0.048144,0.0,0.0,0.0,0.962291,0.528935,0.0,0.0,0.0,0.107499,0.0,1.052219,0.891305,1.432442,0.0,0.562399,0.0,0.409732,0.0,0.032619,0.806475,0.0,0.0,0.0,0.231257,0.233583,1.528724,0.0,1.190537,0.684083,0.0,0.274761,0.856563,0.0,0.32686,0.0,0.067965,0.0,0.0,0.869667,0.0,0.453068,1.137973,0.0,0.0,0.0,0.0,0.0
53,0.29849,0.0,0.0,0.0,0.775566,0.689937,0.0,0.0,0.0,0.0,0.358846,1.199996,1.064441,1.290495,0.0,0.535258,0.0,0.150918,0.0,0.135647,0.713956,0.0,0.0,0.0,0.114987,0.249754,1.418808,0.0,0.968962,0.306253,0.0,0.205752,0.774838,0.0,0.163258,0.0,0.214903,0.0,0.0,0.761791,0.0,0.661537,0.707392,0.0,0.0,0.0,0.0,0.0
54,0.469091,0.0,0.0,0.0,0.905407,0.604476,0.0,0.0,0.0,0.0,0.420396,1.119239,0.961305,1.141735,0.0,0.654201,0.0,0.009793,0.0,0.0,0.362503,0.0,0.0,0.0,0.216289,0.432504,1.177731,0.0,0.852079,0.136295,0.0,0.065963,0.61282,0.0,0.079064,0.0,0.0,0.0,0.0,0.730414,0.0,0.70426,0.599877,0.0,0.0,0.0,0.112598,0.0
55,0.633821,0.0,0.0,0.0,0.992257,0.568987,0.0,0.0,0.0,0.0,0.256086,0.924178,1.032095,1.089697,0.0,0.74066,0.0,0.0163,0.0,0.0,0.127374,0.0,0.0,0.0,0.417425,0.702273,1.104378,0.0,0.982046,0.0,0.0,0.155334,0.627615,0.0,0.03822,0.0,0.0,0.0,0.0,0.610168,0.0,0.853934,0.486191,0.0,0.0,0.003905,0.254549,0.0
56,0.727041,0.0,0.0,0.212803,1.20953,0.463697,0.0,0.0,0.0,0.0,0.326019,1.098874,0.877383,0.872874,0.0,0.539008,0.0,0.0,0.0,0.066496,0.052088,0.0,0.0,0.0,0.327789,0.633807,1.216234,0.0,0.935705,0.0,0.0,0.0,0.689634,0.0,0.0,0.0,0.0,0.0,0.0,0.636575,0.0,0.853924,0.259406,0.0,0.0,0.0,0.0,0.0
57,0.695134,0.0,0.0,0.148417,0.85655,0.6088,0.0,0.0,0.0,0.0,0.181558,0.860141,0.976553,1.065818,0.0,0.794115,0.0,0.155823,0.0,0.0,0.007722,0.0,0.0,0.0,0.42913,0.980281,1.124344,0.0,1.062529,0.0,0.0,0.212178,0.474429,0.0,0.0,0.0,0.0,0.0,0.0,0.637782,0.0,0.930243,0.289266,0.0,0.0,0.0,0.20029,0.0
58,0.701885,0.0,0.0,0.142148,0.55376,0.697021,0.0,0.0,0.0,0.0,0.441541,1.080206,0.939998,1.089584,0.0,0.696209,0.0,0.139179,0.0,0.174789,0.077443,0.020923,0.0,0.0,0.354858,1.122371,1.547209,0.0,1.186958,0.0,0.0,0.525823,0.578428,0.0,0.0,0.0,0.0,0.0,0.0,0.68186,0.0,0.962411,0.560381,0.0,0.0,0.0,0.099828,0.164538
59,0.885117,0.0,0.0,0.399952,0.784903,0.574432,0.0,0.0,0.0,0.0,0.281923,0.93711,0.937352,0.796137,0.0,0.553989,0.0,0.145667,0.0,0.157552,0.107343,0.0,0.0,0.0,0.268874,0.754281,1.415386,0.0,1.15807,0.0,0.0,0.123419,0.591837,0.0,0.0,0.0,0.0,0.0,0.0,0.334719,0.0,1.004707,0.322551,0.0,0.0,0.0,0.068203,0.0
60,0.81729,0.0,0.0,0.481896,0.737018,0.625037,0.0,0.0,0.0,0.0,0.167497,0.580794,0.94462,0.760944,0.0,0.573901,0.0,0.25302,0.0,0.167661,0.343352,0.031975,0.0,0.0,0.042642,0.62413,1.402797,0.0,1.098255,0.0,0.0,0.0,0.319104,0.0,0.0,0.0,0.0,0.0,0.0,0.0,0.0,1.01843,0.261376,0.0,0.0,0.0,0.259067,0.0
61,0.924895,0.0,0.0,0.191647,0.452979,0.7167,0.0,0.0,0.0,0.496859,0.458475,0.805122,0.751609,0.814774,0.0,0.406489,0.0,0.412472,0.0,0.639051,0.396846,0.0,0.0,0.0,0.0,0.541625,1.68273,0.0,1.025111,0.0,0.0,0.359229,0.480506,0.0,0.0,0.051264,0.0,0.0,0.0,0.247644,0.0,0.868561,0.781567,0.0,0.0,0.0,0.090816,0.0
62,0.761736,0.0,0.0,0.0,0.48647,0.462116,0.0,0.0,0.0,0.784227,0.228744,0.929835,0.614769,1.223297,0.0,0.230717,0.0,0.744855,0.0,0.743189,0.626167,0.0,0.0,0.0,0.0,0.471064,2.045885,0.0,1.55461,0.091449,0.0,0.889673,0.763315,0.0,0.215285,0.064338,0.056864,0.0,0.0,0.549668,0.0,0.763102,1.249697,0.277166,0.0,0.0,0.0,0.038294
63,0.749346,0.0,0.0,0.0,0.274627,0.459454,0.0,0.0,0.0,1.14,0.09826,0.741518,0.632124,1.277018,0.0,0.580451,0.0,0.931572,0.0,0.723457,0.720435,0.0,0.0,0.0,0.0,0.141713,1.917012,0.0,1.365833,0.071542,0.0,0.745568,0.708051,0.0,0.341258,0.084096,0.0,0.0,0.0,0.376864,0.0,0.63719,1.241191,0.353735,0.0,0.0,0.0,0.0
64,0.474669,0.0,0.0,0.0,0.427892,0.157933,0.064746,0.0,0.0,1.180158,0.075669,0.773598,0.319632,1.480771,0.0,0.297906,0.0,0.873352,0.0,0.623611,0.846659,0.0,0.0,0.0,0.0,0.093561,2.243082,0.0,1.52161,0.251343,0.0,1.131198,0.708384,0.0,0.396581,0.106112,0.335031,0.0,0.0,0.591703,0.0,0.609908,1.519379,0.730006,0.0,0.0,0.0,0.0
65,0.381865,0.0,0.0,0.0,0.266685,0.062773,0.241102,0.0,0.0,1.48535,0.0,0.696034,0.24504,1.625465,0.0,0.448256,0.0,1.079949,0.0,0.337788,0.579163,0.0,0.0,0.0,0.0,0.197572,1.784487,0.0,1.271724,0.152719,0.0,1.003912,0.915638,0.0,0.242114,0.291129,0.0,0.0,0.0,0.406004,0.039256,0.430585,1.441156,0.708067,0.0,0.0,0.0,0.0
66,0.228318,0.0,0.0,0.0,0.059476,0.134789,0.402819,0.0,0.0,1.506792,0.22409,0.879605,0.174051,1.465777,0.0,0.728647,0.0,0.616119,0.0,0.0,0.516958,0.0,0.0,0.0,0.0,0.342506,1.310895,0.0,0.792864,0.0,0.0,0.607592,0.546895,0.0,0.021626,0.152644,0.0,0.0,0.0,0.197508,0.232849,0.349088,0.939526,0.92325,0.0,0.0,0.0,0.0
67,0.0,0.0,0.0,0.0,0.170441,0.0,0.711757,0.0,0.0,1.415079,0.084529,0.59797,0.380381,1.451096,0.0,0.684831,0.0,0.728303,0.0,0.0,0.173051,0.0,0.0,0.0,0.0,0.473006,0.962081,0.0,0.651762,0.0,0.0,0.442752,0.478776,0.0,0.108674,0.31347,0.0,0.0,0.0,0.413479,0.653802,0.267588,1.024917,0.761457,0.0,0.0,0.287124,0.0
68,0.0,0.0,0.0,0.0,0.102322,0.0,1.009013,0.0,0.0,1.510069,0.099849,0.674726,0.424804,1.476556,0.0,0.858462,0.206942,0.797329,0.0,0.0,0.234678,0.0,0.0,0.0,0.0,0.701054,0.843968,0.0,0.61848,0.0,0.0,0.520656,0.343114,0.0,0.0,0.17493,0.0,0.0,0.0,0.511605,0.978305,0.041914,1.111311,0.658044,0.0,0.0,0.380244,0.0
69,0.0,0.0,0.0,0.0,0.248516,0.0,0.894771,0.0,0.0,1.540199,0.252124,0.880422,0.614698,1.202791,0.0,0.860254,0.36076,0.559192,0.0,0.0,0.096171,0.0,0.0,0.0,0.0,0.761379,0.400797,0.0,0.416994,0.0,0.0,0.341993,0.404616,0.0,0.087189,0.07541,0.0,0.0,0.0,0.536293,0.898201,0.08411,0.821887,0.536551,0.0,0.0,0.565132,0.0
70,0.0,0.0,0.0,0.0,0.292609,0.0,0.906556,0.0,0.0,1.246047,0.32417,0.819365,0.721762,1.004855,0.0,1.07955,0.252883,0.401862,0.0,0.0,0.055378,0.0,0.0,0.0,0.0,0.818188,0.070469,0.0,0.23631,0.0,0.0,0.195321,0.144475,0.0,0.179595,0.090149,0.0,0.0,0.0,0.796551,0.847082,0.158344,0.737243,0.34672,0.0,0.0,0.873731,0.0
71,0.0,0.0,0.0,0.0,0.321586,0.0,0.921673,0.0,0.0,1.215545,0.363244,0.941062,0.724351,1.109095,0.0,0.956033,0.032097,0.296908,0.0,0.0,0.078579,0.0,0.0,0.0,0.0,0.557558,0.229429,0.0,0.280042,0.0,0.0,0.195839,0.133628,0.0,0.338885,0.0,0.0,0.0,0.0,0.886016,0.918883,0.25634,0.840097,0.383246,0.0,0.0,0.78048,0.0
72,0.0,0.0,0.0,0.0,0.39084,0.0,0.899031,0.0,0.0,1.144693,0.374567,0.780839,0.813302,1.034809,0.0,0.910049,0.037032,0.249764,0.0,0.0,0.148668,0.0,0.0,0.0,0.0,0.454295,0.407065,0.0,0.124371,0.0,0.0,0.220269,0.079365,0.0,0.274504,0.0,0.0,0.0,0.0,1.056506,1.131258,0.234747,0.913327,0.168714,0.0,0.0,0.825614,0.0
73,0.0,0.0,0.0,0.0,0.466794,0.0,0.840308,0.0,0.0,0.942374,0.401414,0.925061,0.686155,0.7943,0.0,0.737763,0.149055,0.081086,0.0,0.0,0.102522,0.0,0.0,0.0,0.0,0.428803,0.140356,0.0,0.0,0.0,0.0,0.0,0.0,0.0,0.262466,0.0,0.0,0.0,0.01885,1.079241,1.084592,0.250938,0.683,0.218955,0.0,0.062198,0.778074,0.0
74,0.0,0.0,0.109988,0.0,0.663821,0.0,0.774956,0.0,0.0,0.686809,0.336619,0.631526,0.576269,0.496188,0.0,0.632837,0.484106,0.050862,0.0,0.0,0.042622,0.0,0.0,0.0,0.003129,0.450387,0.0,0.0,0.0,0.0,0.0,0.0,0.0,0.0,0.114379,0.0,0.0,0.0,0.008184,0.965244,1.1265,0.168954,0.489161,0.126051,0.0,0.175619,0.858706,0.0
75,0.040334,0.0,0.0,0.0,0.654063,0.0,0.70426,0.0,0.0,0.560021,0.284619,0.521977,0.670606,0.314836,0.0,0.497664,0.668984,0.0,0.031778,0.0,0.0,0.054489,0.0,0.0,0.041665,0.587255,0.0,0.0,0.0,0.0,0.0,0.0,0.0,0.0,0.13702,0.060746,0.0,0.0,0.0,0.716234,0.962935,0.183679,0.367788,0.108257,0.0,0.435586,0.894918,0.0
76,0.0,0.0,0.0,0.0,0.571702,0.0,0.570568,0.0,0.0,0.405157,0.156777,0.265749,0.643587,0.411413,0.0,0.503375,0.598321,0.0,0.0,0.0,0.015177,0.0,0.0,0.0,0.159394,0.450645,0.024316,0.0,0.0,0.0,0.0,0.0,0.0,0.0,0.104663,0.181904,0.0,0.0,0.0,0.678375,0.856233,0.245182,0.450138,0.112697,0.0,0.452084,0.848779,0.0
77,0.0,0.0,0.0,0.0,0.44349,0.0,0.366455,0.0,0.0,0.473937,0.0,0.306972,0.665908,0.553761,0.0,0.372952,0.288759,0.145954,0.0,0.008802,0.230332,0.0,0.0,0.0,0.138767,0.214773,0.368854,0.0,0.137514,0.110993,0.0,0.0,0.268129,0.0,0.149823,0.139846,0.0,0.0,0.0,0.680285,0.54007,0.402418,0.652479,0.172516,0.0,0.226584,0.45556,0.0
78,0.0,0.0,0.0,0.0,0.642358,0.0,0.164407,0.0,0.0,0.340873,0.0,0.433647,0.57284,0.384791,0.0,0.14335,0.0,0.250525,0.0,0.106097,0.293539,0.0,0.0,0.0,0.062225,0.101867,0.334577,0.0,0.013858,0.450509,0.0,0.0,0.258261,0.0,0.103938,0.143878,0.0,0.0,0.0,0.748502,0.580243,0.213166,0.54343,0.278528,0.0,0.054767,0.30078,0.0
79,0.0,0.0,0.0,0.0,0.71894,0.0,0.127707,0.0,0.0,0.18351,0.0,0.53231,0.61925,0.217838,0.023825,0.047559,0.0,0.027116,0.0,0.0,0.354849,0.0,0.0,0.0,0.159221,0.018306,0.385302,0.0,0.0,0.539177,0.0,0.0,0.253478,0.0,0.076844,0.211306,0.036789,0.0,0.006027,0.900402,0.535645,0.076603,0.541208,0.270468,0.0,0.0,0.163591,0.0
80,0.0,0.0,0.0,0.0,0.399926,0.0,0.094472,0.0,0.0,0.275039,0.0,0.393955,0.671398,0.333362,0.0,0.255929,0.0,0.188536,0.0,0.0,0.324553,0.0,0.0,0.0,0.11113,0.151945,0.168138,0.0,0.0,0.720831,0.0,0.0,0.14739,0.0,0.099883,0.036713,0.0,0.0,0.007041,0.588171,0.664354,0.0,0.721782,0.050612,0.0,0.100875,0.322619,0.0
81,0.0,0.0,0.0,0.0,0.47545,0.254374,0.038634,0.0,0.0,0.288035,0.0,0.120904,0.782745,0.191161,0.0,0.418782,0.117901,0.02633,0.040188,0.0,0.356272,0.0,0.0,0.0,0.0,0.309892,0.0,0.0,0.0,0.650349,0.0,0.0,0.0,0.0,0.109315,0.0,0.0,0.0,0.0,0.381909,0.721272,0.0,0.422151,0.18961,0.0,0.078046,0.418849,0.0
82,0.0,0.0,0.0,0.0,0.615958,0.0,0.019817,0.0,0.0,0.039179,0.0,0.488976,0.970145,0.179454,0.017244,0.323478,0.073747,0.0,0.0,0.0,0.23298,0.0,0.0,0.0,0.055804,0.160637,0.050035,0.0,0.0,0.507277,0.0,0.0,0.298062,0.0,0.159533,0.0,0.0,0.0,0.069175,0.593094,0.401187,0.0,0.566967,0.0,0.0,0.323645,0.193093,0.0
83,0.0,0.0,0.0,0.0,0.493568,0.002681,0.038127,0.0,0.0,0.099102,0.0,0.368389,0.791097,0.347696,0.0,0.329883,0.0,0.0,0.0,0.0,0.20908,0.0,0.0,0.0,0.059154,0.283,0.015637,0.0,0.0,0.61408,0.0,0.0,0.153108,0.0,0.160584,0.017988,0.0,0.0,0.121171,0.548672,0.498218,0.0,0.696981,0.0,0.0,0.292517,0.331284,0.0
84,0.0,0.0,0.0,0.0,0.547433,0.027723,0.0,0.0,0.0,0.0,0.0,0.382188,0.784632,0.201315,0.0,0.258602,0.0,0.129135,0.0,0.0,0.276623,0.0,0.0,0.0,0.162505,0.226122,0.05914,0.0,0.008761,0.583547,0.0,0.0,0.252106,0.0,0.217454,0.0,0.0,0.0,0.0,0.499122,0.433544,0.004764,0.634565,0.0,0.0,0.231659,0.291337,0.0
85,0.0,0.0,0.0,0.0,0.628319,0.030466,0.0,0.0,0.0,0.0,0.0,0.437345,0.786736,0.326898,0.170082,0.253618,0.0,0.0,0.0,0.0,0.33777,0.0,0.0,0.0,0.164757,0.257983,0.22774,0.0,0.0,0.450839,0.0,0.0,0.253607,0.0,0.203042,0.076471,0.0,0.0,0.0,0.653144,0.552633,0.046296,0.328029,0.0,0.0,0.362774,0.298542,0.0
86,0.0,0.0,0.0,0.0,0.762981,0.0,0.0,0.0,0.0,0.0,0.0,0.608686,0.67274,0.478678,0.014673,0.286323,0.0,0.013642,0.104981,0.127459,0.490063,0.0,0.0,0.0,0.274064,0.149528,0.470853,0.0,0.171927,0.200391,0.0,0.0,0.371791,0.0,0.229366,0.192527,0.145537,0.0,0.0,0.752818,0.50508,0.054706,0.287979,0.0,0.0,0.387297,0.207834,0.0
87,0.117243,0.0,0.0,0.0,0.927209,0.0,0.0,0.0,0.0,0.0,0.184481,0.678496,0.772546,0.405266,0.025528,0.133534,0.0,0.0,0.138081,0.195247,0.548147,0.0,0.0,0.0,0.528109,0.290519,0.658766,0.0,0.186504,0.067457,0.0,0.0,0.403039,0.0,0.164612,0.334304,0.318463,0.0,0.0,0.906945,0.644474,0.126719,0.0,0.049752,0.0,0.613369,0.307191,0.0
88,0.175278,0.0,0.0,0.0,0.819156,0.0,0.0,0.0,0.0,0.0,0.242387,0.342983,0.785593,0.583025,0.079838,0.313865,0.143611,0.0,0.220746,0.305341,0.523286,0.0,0.0,0.0,0.591938,0.412172,0.692669,0.0,0.252566,0.128475,0.0,0.0,0.358154,0.0,0.368906,0.46313,0.037874,0.0,0.0,0.713435,0.787595,0.287138,0.068751,0.0,0.0,0.798445,0.505818,0.0
89,0.19292,0.0,0.0,0.0,0.96554,0.0,0.0,0.0,0.0,0.0,0.303894,0.477332,0.728275,0.488498,0.173821,0.129783,0.0,0.0,0.122339,0.284853,0.443186,0.0,0.0,0.0,0.7064,0.579886,0.717389,0.0,0.234821,0.153326,0.0,0.0,0.336462,0.0,0.187474,0.598494,0.04606,0.0,0.0,0.817011,0.888511,0.223206,0.0,0.07624,0.0,0.707092,0.50382,0.0
90,0.137627,0.0,0.0,0.0,0.86851,0.0,0.0,0.0,0.0,0.0,0.459522,0.792138,0.776946,0.775553,0.183995,0.269423,0.0,0.0,0.268182,0.294409,0.49267,0.0,0.0,0.0,0.612826,0.409691,0.805445,0.0,0.256313,0.0,0.0,0.077557,0.545106,0.0,0.080267,0.449522,0.494801,0.0,0.0,1.094447,0.593755,0.30394,0.0,0.173624,0.0,0.714723,0.381624,0.0
91,0.0,0.0,0.0,0.0,0.98699,0.0,0.0,0.0,0.0,0.0,0.0,0.66364,0.629326,0.888055,0.0,0.234704,0.0,0.130895,0.041373,0.174037,0.222349,0.0,0.0,0.0,0.596454,0.485496,0.652554,0.0,0.379114,0.0,0.0,0.030632,0.596762,0.0,0.131182,0.525175,0.127849,0.0,0.0,0.963528,0.608634,0.143037,0.110305,0.0,0.0,0.457817,0.265312,0.0
92,0.0,0.0,0.0,0.0,0.895354,0.0,0.0,0.0,0.0,0.0,0.0,0.679537,0.679828,0.698001,0.0,0.587483,0.167151,0.058545,0.029102,0.0,0.133624,0.0,0.0,0.0,0.440038,0.494879,0.211176,0.0,0.310586,0.0,0.0,0.0,0.547704,0.0,0.102929,0.187695,0.0,0.0,0.003654,0.714143,0.554785,0.031886,0.068722,0.0,0.0,0.31998,0.321331,0.0
93,0.0,0.0,0.0,0.0,0.704914,0.0,0.058511,0.0,0.0,0.0,0.04722,0.454387,0.82561,0.439117,0.047952,0.782157,0.381527,0.0,0.0,0.0,0.010155,0.0,0.0,0.0,0.342338,0.675683,0.0,0.0,0.018547,0.0,0.0,0.0,0.042354,0.0,0.055877,0.136949,0.0,0.0,0.145278,0.610536,0.641885,0.0,0.005206,0.062172,0.0,0.480245,0.551103,0.0
94,0.0,0.0,0.0,0.0,0.589285,0.0,0.140559,0.0,0.0,0.105166,0.089371,0.510513,0.708258,0.40191,0.174002,0.459314,0.287901,0.0,0.0,0.0,0.0,0.025946,0.0,0.0,0.309144,0.50916,0.0,0.0,0.0,0.0,0.0,0.0,0.117806,0.0,0.005029,0.229852,0.0,0.0,0.299143,0.677633,0.77866,0.011209,0.193064,0.087573,0.070788,0.365658,0.544933,0.0
95,0.0,0.0,0.0,0.0,0.46992,0.0,0.294124,0.0,0.0,0.310806,0.093953,0.524871,0.752153,0.392608,0.308466,0.613809,0.20347,0.03526,0.0,0.0,0.0,0.0,0.0,0.0,0.064657,0.487037,0.0,0.0,0.0,0.0,0.0,0.0,0.0,0.0,0.023406,0.180752,0.0,0.0,0.241149,0.763954,0.861943,0.0,0.318834,0.092145,0.003685,0.307208,0.494555,0.0
96,0.0,0.0,0.0,0.0,0.421476,0.0,0.283496,0.0,0.0,0.436884,0.0,0.427333,0.467358,0.263469,0.169594,0.394132,0.318392,0.328376,0.0,0.0,0.0,0.039171,0.0,0.0,0.15272,0.509223,0.0,0.0,0.0,0.0,0.0,0.0,0.0,0.0,0.0,0.282684,0.0,0.0,0.369511,0.475961,1.043031,0.0,0.38655,0.088999,0.172596,0.290518,0.585953,0.0
97,0.0,0.0,0.0,0.0,0.506253,0.0,0.373478,0.0,0.0,0.459409,0.0,0.342894,0.531283,0.152394,0.054648,0.530976,0.566881,0.249511,0.0,0.0,0.0,0.270776,0.0,0.0,0.054136,0.740741,0.0,0.0,0.0,0.0,0.0,0.0,0.0,0.0,0.0,0.361379,0.0,0.0,0.273902,0.207736,1.004849,0.0,0.19896,0.251134,0.461032,0.349273,0.575136,0.0
98,0.0,0.070831,0.0,0.0,0.281988,0.0,0.493602,0.0,0.0,0.466879,0.0,0.445915,0.639972,0.379947,0.162139,0.604698,0.249332,0.277135,0.0,0.0,0.0,0.213451,0.0,0.0,0.162106,0.662398,0.0,0.0,0.0,0.0,0.0,0.0,0.0,0.0,0.0,0.38318,0.0,0.0,0.28995,0.34154,0.871852,0.0,0.497538,0.204759,0.411645,0.431966,0.60564,0.0
99,0.0,0.0,0.0,0.0,0.254655,0.0,0.530856,0.0,0.0,0.530302,0.015484,0.412466,0.811704,0.394308,0.139322,0.657552,0.422389,0.269464,0.0,0.0,0.0,0.163724,0.0,0.0,0.234714,0.786027,0.0,0.0,0.005854,0.0,0.0,0.0,0.0,0.0,0.0,0.475449,0.0,0.0,0.289227,0.35585,0.82376,0.036493,0.56867,0.098698,0.510087,0.321286,0.596759,0.0
100,0.0,0.0,0.0,0.0,0.300883,0.0,0.471015,0.0,0.0,0.433635,0.0,0.533162,0.771297,0.331362,0.0,0.797675,0.473816,0.279159,0.0,0.0,0.0,0.142004,0.0,0.0,0.159997,0.873243,0.0,0.0,0.185764,0.0,0.0,0.0,0.0,0.0,0.0,0.324857,0.0,0.0,0.299182,0.186836,0.66152,0.050082,0.369818,0.024504,0.322217,0.172991,0.534476,0.0
101,0.0,0.0,0.0,0.0,0.317112,0.0,0.47975,0.0,0.0,0.579758,0.0,0.448414,0.517672,0.383767,0.0,0.650674,0.421763,0.406228,0.0,0.0,0.0,0.345933,0.0,0.0,0.083482,0.840556,0.0,0.0,0.0,0.0,0.0,0.026918,0.0,0.0,0.0,0.49896,0.0,0.0,0.28782,0.099397,0.765796,0.0,0.358093,0.105844,0.369827,0.236566,0.66799,0.0
102,0.0,0.0,0.0,0.0,0.148402,0.0,0.422423,0.0,0.0,0.548208,0.153184,0.576978,0.578435,0.589674,0.0,0.608737,0.302734,0.292261,0.0,0.0,0.0,0.297954,0.0,0.0,0.083003,0.85283,0.060156,0.0,0.112317,0.0,0.0,0.064732,0.118829,0.0,0.0,0.230374,0.0,0.0,0.220619,0.158717,0.794047,0.200143,0.418189,0.036155,0.271976,0.197153,0.606558,0.0
103,0.0,0.0,0.0,0.0,0.076455,0.0,0.518805,0.0,0.0,0.72327,0.09407,0.769535,0.693768,0.601589,0.0,0.880734,0.075875,0.410486,0.0,0.0,0.0,0.132775,0.0,0.0,0.0,1.009266,0.102089,0.0,0.455537,0.0,0.0,0.04355,0.219741,0.0,0.086609,0.0,0.0,0.0,0.0,0.185361,0.703905,0.25093,0.405241,0.01977,0.0,0.015908,0.436419,0.0
104,0.0,0.0,0.0,0.0,0.279532,0.0,0.293952,0.0,0.0,0.695579,0.0,0.639126,0.1557,0.475212,0.0,0.488683,0.237794,0.339829,0.0,0.0,0.002616,0.338339,0.0,0.0,0.0,0.754745,0.156252,0.0,0.015732,0.0,0.0,0.0,0.0,0.0,0.0,0.062291,0.0,0.0,0.0,0.110293,0.781327,0.147193,0.305196,0.263304,0.154317,0.199278,0.484095,0.0
105,0.297069,0.0,0.0,0.0,0.0,0.028615,0.302087,0.0,0.0,0.699384,0.057787,0.784372,0.461294,0.744151,0.0,0.512619,0.0,0.352515,0.0,0.0,0.0,0.242201,0.0,0.0,0.069037,0.815049,0.628832,0.0,0.459454,0.0,0.0,0.137261,0.216835,0.0,0.240337,0.0,0.0,0.0,0.0,0.081018,0.418083,0.584843,0.626304,0.208533,0.0,0.213015,0.368535,0.146988
106,0.01979,0.0,0.203986,0.0,0.127745,0.0,0.216676,0.0,0.0,0.67002,0.0,0.320209,0.308333,0.472751,0.0,0.312307,0.0,0.36307,0.0,0.111868,0.074526,0.419512,0.0,0.0,0.0,0.670862,0.486241,0.0,0.232856,0.0,0.0,0.0,0.0,0.0,0.0,0.06372,0.0,0.0,0.0,0.0,0.591035,0.466847,0.613514,0.382885,0.174731,0.188713,0.520329,0.0
107,0.0,0.0,0.142842,0.116407,0.032184,0.0,0.240884,0.0,0.0,0.633689,0.0,0.032716,0.680555,0.35724,0.0,0.257521,0.007195,0.406031,0.0,0.244955,0.029933,0.342515,0.0,0.0,0.0,0.720409,0.585776,0.0,0.403741,0.0,0.0,0.0,0.0,0.0,0.0,0.304425,0.0,0.0,0.0,0.0,0.424515,0.60335,0.910807,0.250924,0.282769,0.179355,0.567717,0.0
108,0.073774,0.0,0.034674,0.433041,0.0,0.0,0.372501,0.0,0.0,0.735984,0.0,0.0,1.008509,0.212743,0.0,0.226937,0.207763,0.370228,0.067942,0.142501,0.01063,0.348578,0.0,0.0,0.0,0.820194,0.609,0.0,0.436792,0.0,0.0,0.0,0.0,0.0,0.0,0.635686,0.0,0.0,0.0,0.0,0.370158,0.626587,0.991453,0.181187,0.389757,0.136954,0.55115,0.0
109,0.0,0.0,0.0,0.490202,0.006172,0.0,0.317725,0.0,0.0,0.894071,0.0,0.0,1.011964,0.030627,0.0,0.018042,0.284013,0.375313,0.228133,0.280536,0.0,0.434484,0.0,0.0,0.0,0.743263,0.484969,0.0,0.174155,0.0,0.0,0.0,0.0,0.0,0.0,0.818484,0.0,0.0,0.0,0.0,0.458996,0.419232,0.975792,0.393054,0.546277,0.149088,0.444688,0.0
110,0.203785,0.0,0.0,0.471705,0.144777,0.0,0.033268,0.0,0.0,0.935875,0.0,0.0,0.896748,0.021436,0.0,0.0,0.314727,0.300619,0.269405,0.282537,0.0,0.392796,0.0,0.0,0.0,0.44629,0.391675,0.0,0.029808,0.0,0.0,0.0,0.0,0.0,0.0,0.71589,0.0,0.0,0.0,0.0,0.425158,0.362366,0.838786,0.704363,0.665761,0.238813,0.212636,0.0
111,0.424516,0.0,0.0,0.369347,0.0,0.0,0.034173,0.0,0.0,1.079999,0.0,0.0,0.849873,0.196294,0.0,0.0,0.199956,0.501148,0.294292,0.26878,0.0,0.327344,0.0,0.0,0.0,0.35093,0.226506,0.0,0.0,0.0,0.0,0.0,0.00664,0.0,0.0,0.707251,0.0,0.0,0.0,0.0,0.708596,0.17696,0.901713,0.723456,0.75571,0.201856,0.0,0.221186
112,0.490785,0.0,0.0,0.258377,0.0,0.0,0.0,0.132847,0.0,1.125885,0.0,0.0,0.775896,0.394362,0.0,0.0,0.133784,0.772585,0.269091,0.316983,0.0,0.228057,0.0,0.0,0.063322,0.226272,0.047089,0.0,0.0,0.0,0.0,0.0,0.0,0.0,0.0,0.761198,0.0,0.0,0.0,0.0,0.829894,0.0,0.885447,0.768847,0.826414,0.110302,0.0,0.30598
113,0.443943,0.0,0.0,0.378357,0.0,0.0,0.0,0.148619,0.0,1.294771,0.0,0.049618,0.687238,0.238056,0.0,0.0,0.211013,0.72975,0.237551,0.18874,0.0,0.0977,0.0,0.0,0.116669,0.0,0.113027,0.0,0.0,0.0,0.0,0.0,0.0,0.0,0.0,0.661311,0.0,0.0,0.0,0.0,0.990361,0.0,0.894115,1.063587,0.698734,0.03313,0.0,0.241462
114,0.438645,0.0,0.0,0.353586,0.0,0.0,0.0,0.039385,0.0,1.426723,0.0,0.023238,0.834723,0.233132,0.0,0.0,0.096391,0.723934,0.374303,0.103454,0.043103,0.027053,0.0,0.0,0.108784,0.0,0.141341,0.0,0.0,0.0,0.0,0.0,0.0,0.0,0.0,0.467966,0.0,0.0,0.0,0.0,0.935431,0.0,0.831419,1.033677,0.517765,0.050554,0.0,0.188248
115,0.59492,0.0,0.0,0.260775,0.0,0.0,0.021302,0.0,0.0,1.118864,0.0,0.0,0.661797,0.084422,0.0,0.0,0.155221,0.594989,0.181991,0.06867,0.269563,0.0,0.0,0.0,0.168342,0.0,0.234168,0.0,0.0,0.0,0.0,0.0,0.0,0.0,0.0,0.25925,0.0,0.0,0.0,0.0,0.876619,0.0,0.632704,1.03705,0.243065,0.18793,0.0,0.000842
116,0.569702,0.0,0.0,0.179492,0.0,0.0,0.228623,0.0,0.0,1.198333,0.0,0.0,0.488109,0.0,0.0,0.0,0.091763,0.5719,0.152024,0.184174,0.374903,0.0,0.0,0.0,0.224763,0.0,0.399124,0.0,0.0,0.009616,0.0,0.0,0.0,0.0,0.0,0.171885,0.0,0.0,0.0,0.0,1.120799,0.0,0.656955,1.061165,0.033114,0.085678,0.0,0.173081
117,0.386447,0.0,0.0,0.188465,0.0,0.0,0.426104,0.0,0.0,1.098835,0.0,0.0,0.505338,0.0,0.0,0.0,0.103931,0.501645,0.069989,0.265184,0.581594,0.0,0.0,0.0,0.217822,0.0,0.588049,0.0,0.0,0.335012,0.0,0.0,0.0,0.0,0.178601,0.145391,0.078957,0.0,0.0,0.10145,1.144376,0.0,0.811613,0.942908,0.0,0.069258,0.0,0.082169
118,0.30609,0.0,0.0,0.0,0.0,0.0,0.540028,0.0,0.0,1.104415,0.0,0.002416,0.488972,0.035904,0.0,0.0,0.0,0.407055,0.06325,0.142395,0.784546,0.0,0.0,0.0,0.250574,0.0,0.626026,0.0,0.0,0.378165,0.0,0.0,0.0,0.0,0.252817,0.117406,0.258145,0.0,0.0,0.266976,1.277429,0.0,0.652474,0.889382,0.0,0.219869,0.089733,0.171187
119,0.25279,0.0,0.0,0.0,0.0,0.0,0.487932,0.0,0.0,1.157384,0.091648,0.107321,0.229688,0.0,0.0,0.218084,0.20717,0.367929,0.263958,0.0,0.700233,0.0,0.0,0.0,0.141811,0.0,0.370514,0.0,0.0,0.122489,0.0,0.0,0.0,0.0,0.273822,0.048678,0.051227,0.0,0.0,0.493057,1.52256,0.0,0.410695,0.843402,0.0,0.542292,0.50253,0.012586
120,0.255649,0.0,0.0,0.0,0.002268,0.0,0.593666,0.0,0.0,1.138089,0.372138,0.053836,0.31593,0.0,0.0,0.32457,0.38081,0.269377,0.439456,0.0,0.626497,0.0,0.0,0.0,0.259544,0.0,0.305418,0.0,0.0,0.155561,0.0,0.0,0.0,0.0,0.324619,0.145982,0.0,0.0,0.0,0.464716,1.797228,0.0,0.362421,0.689125,0.0,0.824283,0.821395,0.0
121,0.439752,0.0,0.0,0.0,0.0,0.0,0.634278,0.0,0.0,1.09871,0.504254,0.056749,0.32634,0.0,0.140774,0.32079,0.45885,0.216757,0.581618,0.0,0.683157,0.073996,0.0,0.0,0.349287,0.030478,0.197092,0.0,0.0,0.010836,0.0,0.0,0.0,0.0,0.235046,0.074929,0.0,0.0,0.0,0.374335,2.123412,0.0,0.145165,0.572673,0.0,1.074631,0.85073,0.0
122,0.678038,0.0,0.0,0.0,0.0,0.0,0.559218,0.0,0.0,0.974273,0.398761,0.049388,0.410199,0.0,0.118353,0.267547,0.52476,0.124548,0.582236,0.0,0.636148,0.290275,0.0,0.0,0.504435,0.150377,0.402534,0.0,0.0,0.048037,0.0,0.0,0.0,0.0,0.345403,0.046025,0.0,0.0428,0.0,0.215839,2.268923,0.0,0.0,0.675447,0.0,1.372139,0.847003,0.0
123,0.444408,0.0,0.0,0.0,0.0,0.0,0.340861,0.0,0.0,1.318254,0.064531,0.154865,0.0,0.0,0.0,0.239666,0.48465,0.570869,0.554407,0.0,0.748633,0.130657,0.0,0.0,0.186921,0.0,0.21099,0.0,0.0,0.0,0.0,0.0,0.0,0.0,0.375563,0.381186,0.0,0.0,0.0,0.245136,2.307441,0.0,0.007113,0.979146,0.0,1.002411,0.620117,0.0
124,0.604177,0.0,0.0,0.0,0.0,0.0,0.158777,0.0,0.0,1.560938,0.0,0.159529,0.0,0.0,0.0,0.074727,0.500144,0.83666,0.407405,0.138798,0.798622,0.0,0.0,0.0,0.138718,0.0,0.219668,0.0,0.0,0.09172,0.0,0.0,0.0,0.0,0.37543,0.49863,0.0,0.0,0.0,0.131663,2.262747,0.0,0.103196,1.190513,0.0,0.761784,0.240029,0.0
125,0.569508,0.0,0.0,0.0,0.0,0.0,0.442226,0.0,0.0,1.794161,0.0,0.172071,0.0,0.0,0.0,0.0,0.288202,0.900263,0.136261,0.375115,1.032444,0.0,0.0,0.0,0.0,0.0,0.578569,0.0,0.0,0.324976,0.0,0.0,0.0,0.0,0.518519,0.621697,0.302054,0.0,0.0,0.103246,2.286517,0.0,0.228228,1.439571,0.0,0.513854,0.0,0.021598
126,0.559566,0.0,0.024907,0.17816,0.0,0.0,0.246277,0.0,0.0,1.899223,0.0,0.13774,0.0,0.070325,0.0,0.0,0.44172,1.098557,0.062395,0.298906,0.880194,0.0,0.0,0.0,0.0,0.0,0.254674,0.0,0.0,0.243467,0.0,0.0,0.0,0.0,0.287183,0.845789,0.079891,0.0,0.0,0.0,2.165112,0.0,0.144903,1.642461,0.0,0.342296,0.045478,0.0
127,0.541493,0.103608,0.258882,0.301481,0.0,0.0,0.318881,0.0,0.0,1.856519,0.0,0.129048,0.0,0.075321,0.0,0.0,0.513689,1.140554,0.0,0.400475,0.817585,0.0,0.0,0.0,0.057115,0.0,0.298107,0.0,0.0,0.258015,0.0,0.0,0.0,0.0,0.093869,0.936151,0.182551,0.0,0.0,0.0,2.065216,0.0,0.333297,1.621046,0.102075,0.115442,0.0,0.0
128,0.407948,0.0,0.066303,0.453682,0.0,0.0,0.0,0.0,0.0,1.909728,0.0,0.176357,0.0,0.0,0.212125,0.0,0.837588,1.028092,0.0,0.148582,0.763549,0.0,0.002066,0.0,0.0,0.0,0.0,0.0,0.0,0.0,0.0,0.0,0.0,0.0,0.0,0.921271,0.0,0.0,0.0,0.0,1.886524,0.0,0.0,1.729791,0.346772,0.117948,0.0,0.0
129,0.364938,0.0,0.202174,0.388626,0.0,0.0,0.0,0.0,0.0,1.495421,0.0,0.047604,0.0,0.216775,0.10378,0.0,0.834225,1.022301,0.0,0.202137,0.345887,0.002353,0.0,0.0,0.0,0.0,0.0,0.0,0.0,0.0,0.0,0.0,0.0,0.0,0.0,1.007709,0.0,0.0,0.0,0.0,1.595745,0.0,0.135216,1.490564,0.548607,0.228372,0.0,0.0
130,0.352591,0.03008,0.362036,0.387721,0.0,0.0,0.0,0.0,0.0,1.282313,0.0,0.0,0.0,0.342134,0.078087,0.0,0.670049,0.938014,0.0,0.347063,0.041411,0.129379,0.0,0.0,0.064562,0.0,0.177593,0.0,0.0,0.0,0.0,0.0,0.0,0.0,0.0,0.996732,0.0,0.0,0.0,0.0,1.441271,0.0,0.239382,1.34891,0.754297,0.230575,0.0,0.0
131,0.239744,0.0,0.277561,0.454613,0.0,0.0,0.0,0.0,0.0,1.283646,0.0,0.0,0.0,0.376948,0.011085,0.0,0.575948,0.950421,0.0,0.217138,0.0,0.091224,0.0,0.0,0.0502,0.0,0.002624,0.0,0.0,0.0,0.0,0.0,0.0,0.0,0.0,0.918571,0.0,0.0,0.0,0.0,1.221692,0.0,0.49013,1.126017,0.862268,0.169565,0.002011,0.0
132,0.163811,0.0,0.448309,0.531685,0.025114,0.0,0.0,0.0,0.0,1.066929,0.0,0.0,0.055771,0.197106,0.064828,0.0,0.513794,0.67502,0.0,0.390011,0.0,0.279429,0.0,0.0,0.0,0.118428,0.212639,0.0,0.0,0.0,0.0,0.0,0.0,0.0,0.0,0.773614,0.0,0.0,0.0,0.0,1.034159,0.0,0.508673,1.01177,0.801837,0.373587,0.136087,0.0
133,0.152418,0.0,0.128644,0.272386,0.0,0.0,0.143321,0.0,0.0,0.830233,0.0,0.0,0.420156,0.38155,0.0,0.0,0.150194,0.761662,0.0,0.415601,0.0,0.110784,0.0,0.0,0.0,0.425719,0.436827,0.0,0.152848,0.0,0.0,0.0,0.0,0.0,0.0,0.694026,0.0,0.0,0.0,0.0,0.808547,0.153201,0.725595,0.786293,0.759122,0.356514,0.144428,0.093627
134,0.259139,0.0,0.0,0.445722,0.0,0.0,0.156637,0.0,0.0,0.622205,0.0,0.0,0.590851,0.362274,0.0,0.0,0.360302,0.695287,0.0,0.153683,0.0,0.143655,0.0,0.0,0.281732,0.714855,0.426237,0.0,0.257493,0.0,0.0,0.0,0.0,0.0,0.0,0.861407,0.0,0.0,0.0,0.0,0.669839,0.25967,0.486579,0.564089,0.820228,0.422481,0.266423,0.0
135,0.302725,0.0,0.185098,0.742819,0.057334,0.0,0.0,0.0,0.0,0.431103,0.0,0.0,0.533649,0.087787,0.0,0.0,0.660673,0.497286,0.090487,0.323841,0.0,0.365515,0.0,0.0,0.400311,0.752671,0.49118,0.0,0.133922,0.0,0.0,0.0,0.0,0.0,0.0,0.817006,0.0,0.0,0.0,0.0,0.646094,0.368485,0.298614,0.579025,0.985197,0.516376,0.256264,0.0
136,0.321606,0.0,0.208295,0.963906,0.034088,0.0,0.0,0.0,0.0,0.296768,0.0,0.0,0.51744,0.0,0.0,0.0,0.709201,0.450178,0.284295,0.248984,0.0,0.379983,0.106109,0.0,0.462977,0.681866,0.364085,0.0,0.24364,0.0,0.0,0.0,0.0,0.0,0.0,0.798757,0.0,0.0,0.0,0.0,0.50707,0.431446,0.354497,0.481246,0.919512,0.506037,0.276372,0.0
137,0.386372,0.0,0.185481,0.83034,0.0,0.0,0.0,0.0,0.0,0.203753,0.0,0.0,0.452075,0.0,0.0,0.0,0.556008,0.39904,0.310575,0.504547,0.0,0.436849,0.0,0.0,0.305761,0.675939,0.440193,0.0,0.152099,0.0,0.0,0.0,0.0,0.0,0.0,0.690759,0.0,0.0,0.0,0.0,0.462237,0.406408,0.473791,0.50055,0.736604,0.567756,0.337916,0.0
138,0.484343,0.0,0.310489,0.717637,0.0,0.0,0.0,0.0,0.0,0.355909,0.0,0.0,0.361838,0.0,0.0,0.0,0.564284,0.320228,0.387185,0.479286,0.0,0.557013,0.0,0.0,0.312728,0.679285,0.574134,0.0,0.078051,0.0,0.0,0.0,0.0,0.0,0.0,0.541016,0.0,0.0,0.0,0.0,0.604625,0.419299,0.581789,0.483944,0.521032,0.636785,0.318906,0.0
139,0.549386,0.0,0.346618,0.673895,0.102973,0.0,0.045426,0.0,0.0,0.495136,0.0,0.0,0.108689,0.0,0.035725,0.0,0.626885,0.224224,0.252569,0.116031,0.0,0.52086,0.0,0.0,0.358084,0.629746,0.381184,0.0,0.0,0.0,0.0,0.0,0.0,0.0,0.0,0.361186,0.0,0.0,0.0,0.0,0.771083,0.314415,0.370121,0.658845,0.537358,0.73448,0.189178,0.0
140,0.195715,0.0,0.356298,0.615473,0.141061,0.0,0.066921,0.0,0.0,0.848427,0.0,0.0,0.09994,0.0,0.07122,0.0,0.66882,0.451481,0.207446,0.019821,0.0,0.202417,0.0,0.0,0.195281,0.235512,0.101948,0.0,0.0,0.0,0.0,0.0,0.0,0.0,0.0,0.488336,0.0,0.0,0.0,0.0,0.846968,0.092224,0.518541,0.890446,0.655784,0.432209,0.214956,0.0
141,0.0,0.0,0.234029,0.263741,0.0,0.0,0.235192,0.0,0.0,1.041492,0.0,0.0,0.134299,0.319444,0.0,0.0,0.387688,0.756667,0.040114,0.096555,0.00514,0.0,0.0,0.0,0.074462,0.208116,0.006394,0.0,0.0,0.0,0.0,0.0,0.0,0.0,0.0,0.571424,0.0,0.0,0.0,0.0,1.082935,0.0,0.65512,0.985007,0.687979,0.304225,0.27645,0.0
142,0.0,0.0,0.076646,0.035961,0.0,0.0,0.555822,0.0,0.0,0.97332,0.0,0.002199,0.098682,0.430295,0.0,0.0,0.271586,0.572581,0.0,0.013427,0.180385,0.0,0.0,0.0,0.032451,0.166984,0.126717,0.0,0.0,0.0,0.0,0.0,0.0,0.0,0.05473,0.50629,0.0,0.0,0.0,0.064384,1.28239,0.0,0.637467,1.047842,0.543678,0.471722,0.15827,0.0
143,0.0,0.0,0.131326,0.0,0.0,0.0,0.570107,0.0,0.0,1.137926,0.0,0.0,0.112319,0.254186,0.0,0.0,0.269089,0.730234,0.0,0.0,0.199522,0.0,0.0,0.0,0.035168,0.272736,0.0,0.0,0.0,0.071589,0.0,0.0,0.0,0.0,0.005193,0.56177,0.0,0.0,0.0,0.063191,1.456451,0.0,0.595537,0.711861,0.334729,0.381971,0.500476,0.0
144,0.0,0.0,0.341772,0.080865,0.045633,0.0,0.360841,0.0,0.0,1.081231,0.0,0.0,0.116885,0.091625,0.102301,0.0,0.475687,0.559243,0.037461,0.0,0.210326,0.0,0.0,0.0,0.0,0.07463,0.0,0.0,0.0,0.151214,0.0,0.0,0.0,0.0,0.148938,0.484685,0.0,0.0,0.0,0.143001,1.463119,0.0,0.407858,0.688384,0.296224,0.405579,0.582098,0.0
145,0.18321,0.0,0.27059,0.0,0.130299,0.0,0.490715,0.0,0.0,0.999151,0.029289,0.0,0.139639,0.0,0.205216,0.023195,0.634019,0.255695,0.166789,0.0,0.307236,0.118761,0.0,0.085658,0.153605,0.135663,0.012333,0.0,0.0,0.068111,0.0,0.0,0.0,0.0,0.117695,0.253125,0.0,0.0,0.0,0.297509,1.660246,0.0,0.086853,0.58985,0.012115,0.741984,0.592465,0.0
146,0.143887,0.0,0.057644,0.0,0.133135,0.0,0.403524,0.0,0.0,1.028412,0.115807,0.0,0.160112,0.0,0.129976,0.113926,0.50691,0.22376,0.269346,0.0,0.366606,0.12339,0.0,0.010859,0.098079,0.023413,0.082752,0.0,0.0,0.094671,0.0,0.0,0.0,0.0,0.222564,0.28022,0.0,0.0,0.0,0.385654,1.648304,0.0,0.110031,0.655952,0.0,0.770562,0.674688,0.0
147,0.109468,0.0,0.0,0.0,0.04251,0.0,0.336993,0.0,0.0,0.969854,0.0,0.0,0.08815,0.0,0.057967,0.141606,0.354623,0.418158,0.240874,0.0,0.377895,0.0,0.0,0.0,0.071108,0.0,0.0,0.0,0.0,0.112107,0.0,0.0,0.0,0.0,0.250584,0.287515,0.0,0.0,0.0,0.246211,1.587738,0.0,0.166258,0.527901,0.0,0.529609,0.638522,0.0
148,0.289598,0.0,0.0,0.0,0.0,0.0,0.354772,0.0,0.0,0.961303,0.0,0.005508,0.224862,0.0,0.03263,0.093099,0.225806,0.355889,0.195815,0.013288,0.345023,0.0,0.0,0.0,0.133475,0.0,0.136792,0.0,0.0,0.201476,0.0,0.0,0.0,0.0,0.209169,0.324752,0.0,0.0,0.0,0.19884,1.536156,0.0,0.061854,0.587608,0.0,0.559988,0.515592,0.0
149,0.293993,0.0,0.0,0.0,0.038371,0.0,0.361445,0.0,0.0,1.059966,0.0,0.107467,0.308998,0.0,0.0,0.0,0.153025,0.35093,0.103234,0.164129,0.491948,0.0,0.0,0.0,0.005024,0.0,0.22953,0.0,0.0,0.182296,0.0,0.0,0.0,0.0,0.293226,0.31525,0.049381,0.0,0.0,0.253998,1.461417,0.0,0.058738,0.790607,0.0,0.475395,0.24708,0.0
150,0.132057,0.0,0.0,0.0,0.074296,0.0,0.37206,0.0,0.0,1.081356,0.0,0.215167,0.19347,0.0,0.0,0.038857,0.378764,0.482546,0.049325,0.0,0.439282,0.0,0.0,0.0,0.0,0.0,0.0,0.0,0.0,0.111462,0.0,0.0,0.0,0.0,0.268425,0.295374,0.0,0.0,0.0,0.192248,1.439543,0.0,0.168636,0.930237,0.0,0.282705,0.196953,0.0
151,0.086711,0.0,0.0,0.0,0.0,0.0,0.300073,0.0,0.0,1.321779,0.0,0.144218,0.006904,0.166538,0.0,0.09596,0.376273,0.821664,0.143743,0.0,0.329262,0.0,0.0,0.0,0.092942,0.0,0.0,0.0,0.0,0.054925,0.0,0.0,0.0,0.0,0.290157,0.540828,0.0,0.0,0.0,0.062334,1.37803,0.0,0.421861,1.030604,0.111273,0.0755,0.352027,0.0
152,0.118594,0.0,0.050665,0.0,0.0,0.0,0.770137,0.0,0.0,1.512791,0.0,0.12617,0.08978,0.0,0.0,0.0,0.512477,0.524316,0.071796,0.0,0.639257,0.0,0.0,0.0,0.0,0.0,0.064528,0.0,0.0,0.181931,0.0,0.0,0.0,0.0,0.245211,0.529863,0.0,0.0,0.0,0.203387,1.748056,0.0,0.280731,1.273689,0.0,0.271088,0.320763,0.0
153,0.339869,0.0,0.228903,0.063332,0.0,0.0,0.578218,0.0,0.0,1.879658,0.0,0.018946,0.0,0.0,0.130226,0.0,0.575983,0.618388,0.219195,0.0,0.636454,0.0,0.0,0.0,0.0,0.0,0.0,0.0,0.0,0.068138,0.0,0.0,0.0,0.0,0.051459,0.506868,0.0,0.0,0.0,0.20289,1.831848,0.0,0.269901,1.237787,0.0,0.228799,0.464109,0.0
154,0.33148,0.0,0.374563,0.077968,0.0,0.0,0.993784,0.0,0.0,2.10524,0.0,0.0,0.0,0.0,0.0,0.0,0.405499,0.496917,0.027696,0.0,0.765535,0.0,0.0,0.0,0.0,0.0,0.350877,0.0,0.0,0.30294,0.0,0.0,0.0,0.0,0.201686,0.406275,0.0,0.0,0.0,0.240325,1.917994,0.0,0.658747,1.260076,0.0,0.208161,0.308857,0.0
155,0.395458,0.0,0.534548,0.058244,0.0,0.0,0.960531,0.0,0.0,2.15558,0.0,0.0,0.0,0.0,0.0,0.0,0.417407,0.599057,0.064176,0.084846,0.691296,0.0,0.0,0.0,0.0,0.0,0.267169,0.0,0.0,0.36124,0.0,0.0,0.0,0.0,0.172981,0.357129,0.0,0.0,0.0,0.139852,1.86633,0.0,0.864791,1.098478,0.0,0.122561,0.412269,0.0
156,0.487126,0.0,0.444186,0.031332,0.0,0.0,1.005287,0.0,0.0,2.044408,0.0,0.0,0.0,0.0,0.0,0.0,0.380496,0.540114,0.010165,0.056392,0.771779,0.0,0.0,0.0,0.0,0.0,0.25722,0.0,0.0,0.260637,0.0,0.0,0.0,0.0,0.217633,0.276962,0.0,0.0,0.0,0.081871,1.588167,0.0,0.850182,1.231812,0.0,0.089182,0.166428,0.0
157,0.460036,0.0,0.457608,0.292639,0.0,0.0,0.827543,0.0,0.0,2.028419,0.0,0.0,0.0,0.043103,0.0,0.0,0.529072,0.620341,0.205647,0.018784,0.646737,0.0,0.0,0.0,0.0,0.0,0.048398,0.0,0.0,0.123857,0.0,0.0,0.0,0.0,0.066316,0.359066,0.0,0.0,0.0,0.0,1.33032,0.0,0.910375,1.205191,0.0,0.023535,0.248,0.0
158,0.257302,0.0,0.228694,0.257268,0.0,0.0,0.95052,0.0,0.0,1.860177,0.0,0.0,0.0,0.157432,0.0,0.0,0.295425,0.595425,0.093921,0.013131,0.788703,0.0,0.0,0.0,0.0,0.010509,0.248652,0.0,0.0,0.076462,0.0,0.0,0.0,0.0,0.201798,0.284913,0.0,0.0,0.0,0.033705,1.281289,0.0,1.036258,1.458157,0.0,0.0,0.053967,0.0
159,0.403781,0.0,0.090586,0.283578,0.0,0.0,0.813457,0.0,0.0,1.915717,0.0,0.0,0.0,0.03633,0.0,0.0,0.123952,0.628095,0.155347,0.140589,0.757846,0.0,0.0,0.0,0.0,0.0,0.321349,0.0,0.0,0.135032,0.0,0.0,0.0,0.0,0.140507,0.168692,0.0,0.0,0.0,0.030314,1.369729,0.0,1.07777,1.134187,0.0,0.0,0.218852,0.0
160,0.731956,0.0,0.151991,0.173714,0.0,0.0,0.646366,0.0,0.0,1.712023,0.0,0.0,0.0,0.0,0.0,0.0,0.359037,0.541265,0.320243,0.0,0.752052,0.020394,0.0,0.0,0.098966,0.0,0.292678,0.0,0.0,0.10472,0.0,0.0,0.0,0.0,0.25232,0.121206,0.0,0.0,0.0,0.068553,1.610639,0.0,0.532364,1.137694,0.0,0.505197,0.234611,0.0
161,0.832665,0.0,0.0,0.0,0.0,0.0,0.658011,0.0,0.0,1.806497,0.0,0.0,0.0,0.0,0.0,0.0,0.128026,0.515901,0.432222,0.0,0.959711,0.023276,0.0,0.0,0.212963,0.054367,0.547179,0.0,0.0,0.15861,0.0,0.0,0.0,0.0,0.255064,0.083432,0.0,0.0,0.0,0.155251,1.973134,0.0,0.352227,1.039094,0.0,0.555161,0.216482,0.0
162,1.153859,0.0,0.050323,0.0,0.0,0.0,0.593681,0.0,0.0,1.619869,0.024082,0.0,0.043276,0.0,0.0,0.0,0.079063,0.39328,0.658401,0.0,1.043115,0.336356,0.0,0.0,0.51917,0.093696,0.983008,0.0,0.0,0.278018,0.0,0.0,0.0,0.0,0.390184,0.020875,0.197189,0.0,0.0,0.131431,1.917937,0.0,0.249545,1.168772,0.0,0.910148,0.018698,0.027691
163,0.735714,0.0,0.0,0.265309,0.0,0.0,0.615602,0.0,0.0,1.636833,0.0,0.0,0.0,0.0,0.0,0.0,0.114503,0.824733,0.576519,0.182706,0.920992,0.014672,0.0,0.0,0.567305,0.0,0.743764,0.0,0.0,0.108911,0.0,0.0,0.0,0.0,0.207804,0.372899,0.194751,0.0,0.0,0.087742,1.852519,0.0,0.803023,1.148167,0.0,0.488727,0.0,0.101023
164,0.944067,0.0,0.0,0.412436,0.0,0.0,0.425112,0.0,0.0,1.402732,0.0,0.0,0.0,0.0,0.0,0.0,0.247428,0.711408,0.698682,0.0,0.865964,0.128607,0.0,0.0,0.555692,0.0,0.57121,0.0,0.0,0.0,0.0,0.0,0.0,0.0,0.165201,0.181661,0.0,0.0,0.0,0.0,1.720494,0.0,0.399977,1.251448,0.0,0.784687,0.0,0.0
165,0.987064,0.0,0.0,0.820881,0.0,0.0,0.197529,0.0,0.0,1.293459,0.0,0.0,0.0,0.0,0.0,0.0,0.30945,0.826325,0.789459,0.0,0.656414,0.102316,0.130421,0.0,0.620947,0.0,0.263618,0.0,0.0,0.0,0.0,0.0,0.0,0.0,0.0,0.167244,0.0,0.0,0.0,0.0,1.470139,0.0,0.460615,1.013977,0.0,0.817902,0.0,0.0
166,1.004837,0.0,0.0,0.331498,0.0,0.0,0.177793,0.0,0.0,1.243244,0.0,0.0,0.018123,0.0,0.0,0.0,0.063427,0.750592,0.644682,0.309228,0.666012,0.142825,0.0,0.0,0.440727,0.085518,0.574139,0.0,0.0,0.10826,0.0,0.0,0.0,0.0,0.0,0.279612,0.0,0.0,0.0,0.0,1.517333,0.0,0.267496,1.013902,0.0,0.749363,0.0,0.0
167,0.728471,0.086776,0.0,0.184235,0.0,0.0,0.118677,0.0,0.0,1.041957,0.0,0.0,0.0,0.0,0.0,0.0,0.048097,0.593145,0.560316,0.426518,0.624137,0.184176,0.0,0.0,0.384414,0.072802,0.725222,0.0,0.0,0.043645,0.0,0.0,0.0,0.0,0.066659,0.510139,0.193006,0.0,0.0,0.031473,1.385242,0.0,0.116786,1.09957,0.0,0.527701,0.0,0.317623
168,0.670713,0.0,0.0,0.209597,0.0,0.0,0.0,0.0,0.0,0.90936,0.0,0.0,0.0,0.0,0.0,0.0,0.283153,0.616053,0.337209,0.255428,0.379063,0.176293,0.0,0.0,0.317504,0.0,0.438889,0.0,0.0,0.072693,0.0,0.0,0.0,0.0,0.16857,0.399275,0.0,0.0,0.0,0.0,1.253726,0.0,0.0,1.13944,0.0,0.53726,0.0,0.0
169,0.321608,0.0,0.0,0.26871,0.10063,0.0,0.0,0.0,0.0,0.814339,0.0,0.258753,0.0,0.108637,0.0,0.031228,0.336729,0.688774,0.050147,0.21198,0.466426,0.0,0.0,0.0,0.098037,0.0,0.161786,0.0,0.0,0.0,0.0,0.0,0.0,0.0,0.31131,0.31609,0.0,0.0,0.0,0.0,1.152307,0.0,0.096767,1.128243,0.0,0.282893,0.0,0.0
170,0.186902,0.0,0.0,0.137711,0.316089,0.0,0.0,0.0,0.0,1.00227,0.0,0.519507,0.0,0.267003,0.0,0.142164,0.44182,0.579709,0.0,0.227442,0.59812,0.0,0.0,0.0,0.0,0.0,0.329279,0.0,0.059678,0.034293,0.0,0.0,0.0,0.0,0.343933,0.270992,0.0,0.0,0.0,0.147926,1.141246,0.0,0.103578,1.129944,0.0,0.007398,0.0,0.0
171,0.27743,0.0,0.0,0.0,0.247714,0.0,0.259858,0.0,0.0,1.076918,0.0,0.5583,0.03578,0.668888,0.0,0.019703,0.0,0.499687,0.0,0.552188,0.54663,0.0,0.0,0.0,0.0,0.0,0.935885,0.0,0.119706,0.454656,0.0,0.196074,0.156296,0.0,0.413223,0.344773,0.594241,0.0,0.0,0.423069,0.990973,0.011703,0.564242,0.95816,0.0,0.0,0.0,0.0
172,0.26163,0.0,0.0,0.0,0.015994,0.0,0.318504,0.0,0.0,1.083094,0.245585,0.630736,0.20057,1.046285,0.0,0.362831,0.0,0.423537,0.0,0.258988,0.463286,0.0,0.0,0.0,0.091257,0.0,0.911724,0.0,0.262667,0.370042,0.0,0.354777,0.326403,0.0,0.412332,0.026816,0.651764,0.0,0.0,0.488663,0.78782,0.155106,0.703342,0.771764,0.0,0.020569,0.042758,0.0
173,0.0,0.0,0.0,0.0,0.06759,0.0,0.323968,0.0,0.0,1.148027,0.037788,0.786041,0.529861,1.115476,0.0,0.842219,0.027759,0.406099,0.0,0.0,0.50084,0.0,0.0,0.0,0.0,0.276938,0.732011,0.0,0.566232,0.0,0.0,0.097886,0.192133,0.0,0.558412,0.0,0.21713,0.0,0.0,0.575673,0.762738,0.0,0.640616,0.607483,0.0,0.0,0.319238,0.0
174,0.0,0.0,0.0,0.0,0.369829,0.0,0.299182,0.0,0.0,1.077173,0.20091,0.799596,0.413803,0.773441,0.0,0.729249,0.131697,0.237873,0.0,0.0,0.382021,0.0,0.0,0.0,0.0,0.177312,0.443159,0.0,0.116039,0.0,0.0,0.0,0.148188,0.0,0.367055,0.0,0.170917,0.0,0.0,0.695289,0.905635,0.0,0.436484,0.490506,0.0,0.0,0.491333,0.0
175,0.0,0.0,0.0,0.0,0.526862,0.0,0.472749,0.0,0.0,0.817208,0.220965,0.876708,0.611977,0.472122,0.0,0.593924,0.096621,0.0,0.0,0.0,0.154982,0.0,0.0,0.0,0.0,0.299156,0.257509,0.0,0.0,0.0,0.0,0.0,0.08868,0.0,0.268676,0.0,0.122372,0.0,0.024702,0.820381,0.980165,0.0,0.330357,0.340063,0.0,0.054471,0.542512,0.0
176,0.0,0.0,0.0,0.0,0.448127,0.0,0.316554,0.0,0.0,0.576674,0.106497,0.736442,0.702503,0.303371,0.0,0.807455,0.111072,0.161119,0.154675,0.0,0.032161,0.0,0.0,0.0,0.0,0.362801,0.0,0.0,0.017419,0.0,0.0,0.0,0.0,0.0,0.297107,0.0,0.0,0.0,0.0,0.557983,0.867862,0.0,0.219235,0.192366,0.0,0.132693,0.512483,0.0
177,0.050456,0.0,0.0,0.0,0.473566,0.0,0.346678,0.0,0.0,0.457586,0.092585,0.602273,0.765689,0.122288,0.0,0.456233,0.210185,0.06803,0.3315,0.0,0.0,0.0,0.0,0.0,0.213619,0.186241,0.097192,0.0,0.032946,0.0,0.0,0.0,0.198184,0.0,0.368206,0.0,0.0,0.0,0.0,0.449769,0.868738,0.0,0.278795,0.262128,0.0,0.36861,0.327252,0.0
178,0.159782,0.0,0.0,0.0,0.462443,0.0,0.394874,0.0,0.0,0.405527,0.0,0.282367,0.76416,0.0,0.115867,0.29412,0.369773,0.106398,0.445675,0.0,0.065842,0.0,0.0,0.0,0.162367,0.215852,0.0,0.0,0.0,0.0,0.0,0.0,0.0,0.0,0.111399,0.0,0.0,0.0,0.0,0.041885,0.916311,0.0,0.188539,0.300014,0.103555,0.399248,0.156717,0.0
179,0.203615,0.0,0.0,0.0,0.496974,0.0,0.321418,0.120978,0.0,0.363185,0.0,0.084701,0.719169,0.0,0.0,0.156726,0.371684,0.146894,0.485993,0.0,0.0,0.0,0.0,0.0,0.23582,0.156954,0.0,0.0,0.0,0.0,0.0,0.0,0.0,0.0,0.06908,0.011812,0.0,0.0,0.0,0.0,0.757513,0.0,0.193515,0.250064,0.221325,0.425168,0.110864,0.0
180,0.128448,0.0,0.0,0.051888,0.355721,0.0,0.23806,0.0,0.0,0.620838,0.0,0.060045,0.694578,0.059857,0.0,0.05254,0.333617,0.3159,0.519573,0.0,0.0,0.037324,0.0,0.0,0.060548,0.161151,0.0,0.0,0.0,0.110581,0.0,0.0,0.0,0.0,0.138612,0.237117,0.0,0.0,0.0,0.0,0.901866,0.0,0.33834,0.271552,0.189279,0.430365,0.175696,0.0
181,0.129252,0.0,0.0,0.237595,0.29021,0.0,0.156833,0.0,0.0,0.658591,0.0,0.0,0.676733,0.026303,0.0,0.0,0.155468,0.431023,0.646838,0.0,0.0,0.0,0.0,0.0,0.102936,0.153492,0.0,0.0,0.0,0.040006,0.0,0.0,0.0,0.0,0.014485,0.318495,0.0,0.0,0.0,0.0,0.767472,0.0,0.4249,0.216649,0.112546,0.340297,0.127916,0.0
182,0.484653,0.0,0.0,0.036352,0.153938,0.0,0.180922,0.0,0.0,0.447364,0.0,0.0,0.950891,0.0,0.105128,0.0,0.06037,0.319336,0.62299,0.0,0.034734,0.0,0.0,0.0,0.158262,0.201929,0.0,0.0,0.0,0.076768,0.0,0.0,0.0,0.0,0.174017,0.115617,0.0,0.0,0.0,0.0,0.874146,0.0,0.238105,0.239118,0.130934,0.68046,0.02107,0.0
183,0.555038,0.010903,0.0,0.36277,0.141941,0.0,0.204365,0.0,0.0,0.417751,0.0,0.0,0.797424,0.0,0.069426,0.0,0.181814,0.288538,0.719624,0.000591,0.159446,0.0,0.0,0.0,0.411724,0.257267,0.026891,0.0,0.0,0.0,0.0,0.0,0.0,0.0,0.0,0.194734,0.0,0.0,0.0,0.0,0.955732,0.0,0.046645,0.496942,0.228657,0.752849,0.0,0.0
184,0.70402,0.0,0.0,0.416213,0.116832,0.0,0.007831,0.0,0.0,0.271852,0.0,0.0,0.637584,0.0,0.03149,0.0,0.249541,0.479527,0.849546,0.139884,0.09073,0.229413,0.0,0.0,0.539537,0.285819,0.117753,0.0,0.0,0.0,0.0,0.0,0.0,0.0,0.0,0.329779,0.0,0.0,0.0,0.0,1.045319,0.0,0.0,0.47914,0.367294,0.969219,0.0,0.0
185,0.853416,0.0,0.0,0.629479,0.158349,0.0,0.0,0.0,0.0,0.086849,0.0,0.0,0.47806,0.0,0.038326,0.0,0.476979,0.485545,1.056244,0.1169,0.0,0.561865,0.0,0.0,0.746109,0.360358,0.173422,0.0,0.0,0.0,0.0,0.0,0.0,0.0,0.0,0.513347,0.0,0.0,0.0,0.0,1.183058,0.0,0.0,0.470464,0.524888,1.285335,0.020706,0.0
186,0.942591,0.0,0.0,0.919216,0.124574,0.0,0.0,0.0,0.0,0.059455,0.0,0.0,0.273995,0.0,0.160619,0.0,0.522772,0.565145,1.222247,0.264741,0.005878,0.712774,0.0,0.0,0.813471,0.395398,0.184998,0.0,0.0,0.0,0.0,0.006889,0.0,0.0,0.0,0.696299,0.0,0.0,0.0,0.0,1.322156,0.0,0.0,0.468844,0.662791,1.402837,0.0,0.0
187,1.185302,0.0,0.0,0.987041,0.145526,0.0,0.0,0.0,0.0,0.0,0.0,0.0,0.453077,0.0,0.03175,0.0,0.905501,0.370228,1.268187,0.067962,0.098247,1.084332,0.0,0.0,0.937204,0.712228,0.291282,0.0,0.0,0.0,0.0,0.0,0.0,0.0,0.0,0.566942,0.0,0.0,0.0,0.0,1.441468,0.0,0.0,0.492812,0.588665,2.009842,0.192756,0.0
188,1.077496,0.0,0.0,1.101233,0.219266,0.0,0.0,0.0,0.0,0.0,0.0,0.0,0.553057,0.0,0.0,0.0,1.17418,0.388269,1.254963,0.08516,0.011406,1.261111,0.0,0.0,0.868152,0.835863,0.41138,0.0,0.0,0.0,0.0,0.0,0.0,0.0,0.0,0.797081,0.0,0.068538,0.0,0.0,1.5304,0.0,0.0,0.556448,0.614975,1.998074,0.293297,0.0
189,1.074734,0.0,0.0,1.319539,0.146062,0.0,0.0,0.0,0.0,0.070757,0.0,0.0,0.117072,0.0,0.142221,0.0,0.739165,0.738878,1.276018,0.515845,0.160755,0.863976,0.0,0.0,0.704305,0.355646,0.28114,0.0,0.0,0.0,0.0,0.001866,0.0,0.0,0.0,0.908285,0.0,0.0,0.0,0.0,1.353558,0.0,0.0,0.617515,0.675818,1.586453,0.013347,0.0
190,1.251769,0.0,0.0,1.123374,0.057135,0.0,0.0,0.0,0.0,0.228232,0.0,0.0,0.186983,0.0,0.230177,0.0,0.560607,0.735558,1.253952,0.644511,0.351297,0.792136,0.0,0.0,0.726812,0.447631,0.544621,0.0,0.0,0.0,0.0,0.032806,0.0,0.0,0.0,0.890953,0.0,0.0,0.0,0.0,1.377869,0.006392,0.0,0.659392,0.542561,1.50223,0.0,0.0
191,1.102982,0.0,0.0,1.0584,0.267286,0.0,0.0,0.0,0.0,0.352339,0.0,0.0,0.0,0.0,0.171383,0.0,0.039739,1.022511,0.853126,0.921308,0.372712,0.440535,0.0,0.0,0.603113,0.112275,0.613745,0.0,0.0,0.0,0.0,0.107838,0.0,0.0,0.0,1.200255,0.0,0.0,0.0,0.131103,1.218368,0.0,0.0,0.951752,0.418412,0.907578,0.0,0.054574
192,1.468975,0.0,0.0,0.746829,0.161601,0.0,0.0,0.0,0.0,0.387651,0.0,0.0,0.147931,0.0,0.0,0.0,0.0,0.711136,0.93278,1.0388,0.718703,0.558262,0.0,0.0,0.666565,0.397847,1.083509,0.0,0.0,0.016337,0.0,0.173998,0.0,0.0,0.0,0.952564,0.0,0.0,0.0,0.0,1.169777,0.009645,0.0,1.1781,0.19946,1.178121,0.0,0.224833
193,1.236292,0.0,0.0,0.76545,0.22584,0.0,0.0,0.0,0.0,0.495503,0.0,0.087045,0.046343,0.0,0.0,0.0,0.0,0.822022,0.706514,1.258163,0.688531,0.353393,0.0,0.0,0.613406,0.258642,1.139815,0.0,0.0,0.104066,0.0,0.167606,0.0,0.0,0.0,1.252148,0.136325,0.0,0.0,0.185571,1.144498,0.017648,0.0,1.212358,0.114966,0.735312,0.0,0.332907
194,1.241933,0.0,0.0,0.700277,0.291284,0.0,0.0,0.0,0.0,0.430157,0.0,0.237838,0.014344,0.15223,0.0,0.0,0.0,0.859362,0.613166,1.399252,0.917911,0.027222,0.0,0.0,0.508756,0.204762,1.260492,0.0,0.0,0.068708,0.0,0.242164,0.0,0.0,0.211457,1.034955,0.279789,0.0,0.0,0.070467,0.879387,0.005855,0.0,1.166665,0.080826,0.610903,0.0,0.298815
195,1.199504,0.0,0.0,0.650611,0.533787,0.0,0.0,0.0,0.0,0.327777,0.0,0.280557,0.0,0.391103,0.017504,0.0,0.0,0.98048,0.329621,1.239862,0.615626,0.0,0.0,0.0,0.563418,0.150945,1.119038,0.0,0.020104,0.031807,0.0,0.003454,0.201303,0.0,0.216807,1.121646,0.032863,0.0,0.0,0.226625,0.728434,0.0,0.0,1.032732,0.0,0.36739,0.0,0.0
196,1.164603,0.0,0.0,0.624489,0.727157,0.0,0.0,0.0,0.0,0.149054,0.0,0.399446,0.0,0.45183,0.0,0.0,0.0,0.745617,0.215939,1.096918,0.556989,0.029132,0.0,0.0,0.68041,0.240193,1.27026,0.0,0.166469,0.0,0.0,0.0,0.273637,0.0,0.0,0.981592,0.050784,0.0,0.0,0.18223,0.536267,0.0,0.0,0.948447,0.0,0.305115,0.0,0.0
197,1.369102,0.0,0.0,0.347526,0.534043,0.0,0.0,0.0,0.0,0.263678,0.0,0.397023,0.0,0.70896,0.0,0.0,0.0,0.725187,0.248194,1.370831,0.485734,0.0,0.0,0.0,0.734771,0.295839,1.597579,0.0,0.34493,0.033592,0.0,0.3716,0.506907,0.0,0.043417,0.856657,0.262959,0.0,0.0,0.235324,0.219415,0.129508,0.0,0.573964,0.0,0.345052,0.0,0.0
198,1.486186,0.0,0.0,0.043639,0.354918,0.204095,0.0,0.0,0.0,0.08124,0.0,0.467778,0.310447,0.841648,0.0,0.0,0.0,0.614778,0.223532,1.216947,0.407915,0.0,0.0,0.0,0.835625,0.423291,1.630614,0.0,0.49086,0.0,0.0,0.483505,0.5452,0.0,0.129264,0.601362,0.366478,0.0,0.0,0.216251,0.0,0.37791,0.0,0.313589,0.048991,0.555752,0.0,0.029906
199,1.19835,0.0,0.019361,0.310316,0.714734,0.0,0.0,0.0,0.0,0.026842,0.0,0.414541,0.013427,0.710313,0.0,0.0,0.0,0.622645,0.022249,1.091653,0.193857,0.0,0.0,0.0,0.747236,0.211671,1.360463,0.0,0.511256,0.0,0.0,0.223313,0.545002,0.0,0.0,0.725927,0.0,0.0,0.0,0.38598,0.017311,0.32829,0.0,0.364325,0.076635,0.275923,0.0,0.0
200,1.055777,0.0,0.0,0.148248,0.497796,0.0,0.0,0.0,0.0,0.162139,0.0,0.423787,0.0,0.852319,0.0,0.0,0.0,0.665571,0.003138,0.939053,0.122975,0.0,0.0,0.0,0.814016,0.331075,1.434119,0.0,0.666696,0.0,0.0,0.45999,0.618973,0.0,0.0,0.730162,0.107884,0.0,0.0,0.538067,0.0,0.435249,0.202378,0.363774,0.241773,0.106976,0.0,0.0
201,0.782337,0.0,0.152821,0.37557,0.455724,0.0,0.0,0.0,0.0,0.355865,0.0,0.197626,0.102985,0.482291,0.0,0.0,0.0,0.52614,0.050531,0.722371,0.0,0.135339,0.0,0.0,0.613009,0.32616,1.038712,0.0,0.393664,0.0,0.0,0.033933,0.439775,0.0,0.0,0.75723,0.0,0.0,0.0,0.099862,0.219379,0.366968,0.14797,0.321696,0.38629,0.196755,0.0,0.0
202,0.582149,0.0,0.288742,0.661674,0.157503,0.0,0.0,0.0,0.0,0.493243,0.0,0.0,0.287752,0.314477,0.0,0.0,0.532269,0.558131,0.018759,0.480555,0.01352,0.191551,0.0,0.0,0.414923,0.314507,0.731588,0.0,0.322819,0.0,0.0,0.0,0.090592,0.0,0.0,0.641834,0.0,0.0,0.0,0.0,0.398253,0.359917,0.129423,0.476462,0.477418,0.25763,0.066191,0.0
203,0.312777,0.0,0.273428,0.594129,0.0,0.0,0.0,0.0,0.0,0.793503,0.0,0.0,0.330173,0.206207,0.0,0.0,0.421829,0.52125,0.074757,0.569428,0.061754,0.217777,0.0,0.0,0.100957,0.270131,0.631917,0.0,0.281321,0.0,0.0,0.0,0.0,0.0,0.0,0.699281,0.0,0.0,0.0,0.0,0.487565,0.295724,0.516868,0.610918,0.504979,0.151299,0.121934,0.0
204,0.113657,0.0,0.203506,0.51031,0.0,0.0,0.0,0.0,0.0,0.809518,0.0,0.0,0.19755,0.109365,0.0,0.0,0.35287,0.395324,0.086496,0.559399,0.093385,0.205983,0.0,0.0,0.0,0.267119,0.472346,0.0,0.177705,0.0,0.0,0.0,0.0,0.0,0.0,0.611278,0.0,0.0,0.0,0.0,0.516706,0.166643,0.502163,0.821349,0.511674,0.110245,0.220273,0.0
205,0.348542,0.0,0.395624,0.500509,0.0,0.0,0.06914,0.0,0.0,0.936175,0.0,0.0,0.266266,0.03257,0.0,0.0,0.312865,0.368668,0.117654,0.470674,0.039301,0.309884,0.0,0.0,0.0,0.074589,0.520013,0.0,0.243883,0.0,0.0,0.0,0.0,0.0,0.0,0.433321,0.0,0.0,0.0,0.0,0.45389,0.31178,0.702647,0.672286,0.452761,0.189164,0.187303,0.011555
206,0.230604,0.0,0.227021,0.510623,0.04319,0.0,0.031611,0.0,0.0,0.821448,0.0,0.0,0.130469,0.049704,0.0,0.0,0.376124,0.332261,0.095282,0.421946,0.0,0.174404,0.0,0.0,0.0,0.053218,0.214872,0.0,0.036289,0.0,0.0,0.0,0.0,0.0,0.0,0.582113,0.0,0.0,0.0,0.0,0.60914,0.201362,0.508199,0.832573,0.57447,0.141466,0.105753,0.027261
207,0.302444,0.0,0.175852,0.495047,0.295981,0.0,0.0,0.0,0.0,0.431848,0.0,0.0,0.040539,0.137389,0.0,0.0,0.432709,0.289817,0.0,0.352314,0.0,0.06763,0.0,0.0,0.0356,0.093057,0.082278,0.0,0.0,0.0,0.0,0.0,0.0,0.0,0.0,0.538904,0.0,0.0,0.0,0.0,0.556667,0.140711,0.112887,0.725685,0.5624,0.249759,0.142566,0.0
208,0.235064,0.0,0.182346,0.556531,0.103643,0.0,0.056919,0.0,0.0,0.496586,0.0,0.0,0.387336,0.029708,0.0,0.0,0.587869,0.170456,0.158198,0.339322,0.002211,0.195437,0.0,0.0,0.039462,0.329781,0.126617,0.0,0.0,0.0,0.0,0.0,0.0,0.0,0.0,0.571805,0.0,0.0,0.0,0.0,0.549044,0.185933,0.32182,0.320876,0.413446,0.319845,0.359776,0.0
209,0.325919,0.0,0.13023,0.351536,0.206305,0.0,0.045901,0.0,0.0,0.369996,0.0,0.0,0.302326,0.138688,0.0,0.0,0.279929,0.182025,0.095929,0.431744,0.148757,0.046596,0.0,0.0,0.0,0.216893,0.16869,0.0,0.002478,0.0,0.0,0.0,0.0,0.0,0.0,0.407369,0.0,0.0,0.0,0.0,0.419849,0.283612,0.324978,0.411492,0.325442,0.314741,0.304,0.0
210,0.434393,0.0,0.309104,0.432115,0.243079,0.0,0.147722,0.0,0.0,0.476199,0.0,0.0,0.453514,0.0,0.0,0.0,0.499438,0.04895,0.057205,0.316147,0.179585,0.105597,0.0,0.0,0.1103,0.257431,0.289743,0.0,0.022399,0.104103,0.0,0.0,0.014527,0.0,0.0,0.363664,0.0,0.0,0.0,0.0,0.355782,0.415012,0.391192,0.209361,0.228902,0.382993,0.42891,0.0
211,0.313907,0.0,0.108837,0.231782,0.081547,0.032312,0.152796,0.0,0.0,0.691039,0.0,0.0,0.303477,0.137281,0.0,0.0,0.004169,0.233287,0.0,0.447177,0.448146,0.0,0.0,0.0,0.0,0.078498,0.492349,0.0,0.355866,0.23795,0.0,0.0,0.064394,0.0,0.0,0.223801,0.0,0.0,0.0,0.096934,0.124262,0.437029,0.79788,0.616446,0.172367,0.0,0.306892,0.183861
212,0.300658,0.0,0.327899,0.271098,0.169277,0.0,0.148931,0.0,0.0,0.747422,0.0,0.0,0.31566,0.162739,0.0,0.0,0.0,0.041793,0.0,0.360573,0.686138,0.0,0.0,0.0,0.0,0.0,0.792624,0.0,0.534475,0.29171,0.0,0.0,0.0,0.0,0.0,0.181571,0.0,0.0,0.0,0.276391,0.131257,0.498865,0.768894,0.909335,0.0,0.0,0.068613,0.095172
213,0.450553,0.0,0.282972,0.273326,0.0,0.081541,0.455787,0.0,0.0,0.924683,0.0,0.0,0.422576,0.076904,0.0,0.049529,0.0,0.198841,0.0,0.448744,0.572168,0.0,0.0,0.0,0.0,0.124334,0.72482,0.0,0.420223,0.336891,0.0,0.0,0.0,0.0,0.0,0.138276,0.0,0.0,0.0,0.052782,0.0,0.577784,1.063454,0.520338,0.008431,0.0,0.327799,0.098889
214,0.440957,0.0,0.461165,0.434347,0.0,0.0,0.55522,0.0,0.0,1.133196,0.0,0.0,0.240209,0.0,0.0,0.0,0.045497,0.129906,0.0,0.487294,0.65903,0.023289,0.0,0.0,0.0,0.0,0.808958,0.0,0.52852,0.316842,0.0,0.0,0.0,0.0,0.0,0.168297,0.0,0.0,0.0,0.0,0.041277,0.56534,1.065519,0.834199,0.059969,0.0,0.161743,0.0
215,0.432926,0.0,0.562892,0.598113,0.017071,0.0,0.434087,0.0,0.0,1.044472,0.0,0.0,0.063811,0.107135,0.0,0.0,0.204158,0.169422,0.0,0.486415,0.609371,0.107453,0.0,0.0,0.0,0.190956,0.704529,0.0,0.326611,0.307968,0.0,0.0,0.0,0.0,0.0,0.266246,0.0,0.0,0.0,0.0,0.0,0.607819,0.985801,0.792398,0.250749,0.0,0.30636,0.0
216,0.342153,0.0,0.527126,0.675987,0.144543,0.0,0.444183,0.0,0.0,0.948326,0.0,0.0,0.061847,0.086499,0.0,0.0,0.354561,0.0,0.0,0.469301,0.634227,0.088815,0.0,0.0,0.0,0.229141,0.618416,0.0,0.328449,0.257193,0.0,0.0,0.0,0.0,0.0,0.407987,0.0,0.0,0.0,0.01569,0.066883,0.591586,0.843655,0.813244,0.168633,0.0,0.435528,0.0
217,0.624329,0.0,0.636331,0.680734,0.0,0.0,0.681432,0.0,0.0,1.21186,0.007466,0.0,0.18055,0.018633,0.0,0.0,0.278276,0.030445,0.0,0.37947,0.635479,0.118949,0.0,0.0,0.0,0.118262,0.837693,0.0,0.479789,0.322605,0.0,0.0,0.0,0.0,0.0,0.186677,0.0,0.0,0.0,0.0,0.0,0.68424,1.211528,0.627468,0.066277,0.040663,0.393548,0.0
218,0.564623,0.0,0.608856,0.515458,0.0,0.096408,0.50613,0.0,0.0,1.009252,0.0,0.0,0.151258,0.122745,0.0,0.0,0.18185,0.0,0.0,0.456539,0.853079,0.0,0.0,0.0,0.0,0.154104,0.815098,0.0,0.415365,0.290955,0.0,0.0,0.0,0.0,0.0,0.184907,0.0,0.0,0.0,0.166659,0.0,0.719593,1.101839,0.674085,0.0,0.037021,0.563537,0.0
219,0.423661,0.0,0.573852,0.46276,0.083587,0.0,0.701369,0.0,0.0,1.16851,0.0,0.029607,0.128471,0.156301,0.0,0.0,0.276349,0.0,0.0,0.509052,0.863569,0.0,0.0,0.0,0.0,0.169745,0.797056,0.0,0.395312,0.475848,0.0,0.0,0.0,0.0,0.0,0.352036,0.0,0.0,0.0,0.18889,0.0,0.610995,1.139609,0.798927,0.0,0.0,0.469428,0.0
220,0.525681,0.0,0.507848,0.367575,0.042625,0.0,0.71606,0.0,0.0,1.333961,0.0,0.0,0.159006,0.345419,0.0,0.0,0.132713,0.197685,0.0,0.631298,1.195712,0.0,0.0,0.0,0.0,0.0,1.144024,0.0,0.76619,0.642572,0.0,0.0,0.0,0.0,0.105299,0.344297,0.0,0.0,0.0,0.256049,0.013667,0.587121,1.408592,0.938643,0.0,0.0,0.254885,0.0
221,0.67851,0.0,0.659954,0.320306,0.018171,0.0,0.626519,0.0,0.0,1.60886,0.0,0.128645,0.057704,0.252508,0.0,0.0,0.02103,0.450436,0.0,0.846661,1.165062,0.0,0.0,0.0,0.0,0.0,1.262485,0.0,0.776441,0.852803,0.0,0.262251,0.156831,0.0,0.339451,0.233237,0.0,0.0,0.0,0.322973,0.0,0.557433,1.543236,0.943425,0.0,0.0,0.125886,0.0
222,0.628765,0.0,0.429159,0.228526,0.173096,0.031261,0.479319,0.0,0.0,1.399566,0.0,0.261454,0.0,0.599339,0.0,0.0,0.0,0.534061,0.0,0.78581,1.498662,0.0,0.0,0.0,0.0,0.0,1.576781,0.072449,0.976352,0.922665,0.0,0.741954,0.072607,0.0,0.337049,0.525561,0.225017,0.0,0.0,0.581061,0.0,0.559408,1.565776,1.281677,0.0,0.0,0.0,0.0
223,0.766896,0.0,0.663951,0.353278,0.116465,0.026834,0.302093,0.0,0.0,1.341493,0.0,0.330278,0.0,0.444928,0.0,0.0,0.0,0.496322,0.0,0.857427,1.190392,0.0,0.0,0.0,0.0,0.0,1.285312,0.0,0.562013,0.762939,0.0,0.419587,0.082656,0.0,0.327554,0.57769,0.070763,0.0,0.0,0.568129,0.0,0.584656,1.104364,1.175863,0.0,0.003655,0.0,0.0
224,0.613652,0.0,0.372361,0.350157,0.157359,0.0,0.404532,0.0,0.0,1.322299,0.0,0.117882,0.0,0.554677,0.0,0.0,0.068586,0.616971,0.0,0.718892,1.174381,0.0,0.0,0.0,0.0,0.0,1.111422,0.0,0.424102,0.69568,0.0,0.280031,0.0,0.0,0.223621,0.739804,0.0,0.0,0.0,0.341648,0.393469,0.439805,1.048299,1.175291,0.0,0.0,0.0,0.0
225,0.434698,0.0,0.42526,0.34496,0.196407,0.0,0.461448,0.0,0.0,1.275358,0.0,0.0,0.0,0.447316,0.0,0.0,0.0,0.573381,0.0,0.668713,0.970991,0.0,0.0,0.0,0.0,0.0,0.993486,0.0,0.330361,0.553022,0.0,0.333154,0.0,0.0,0.177152,0.800781,0.0,0.0,0.0,0.377967,0.65389,0.40441,0.922946,1.291844,0.0,0.0,0.0,0.0
226,0.327573,0.0,0.747885,0.698532,0.070603,0.0,0.123155,0.0,0.0,1.260823,0.0,0.0,0.0,0.241522,0.0,0.0,0.62639,0.529009,0.0,0.51065,0.474756,0.061113,0.0,0.0,0.0,0.0,0.375175,0.0,0.0,0.266228,0.0,0.0,0.0,0.0,0.0,0.78363,0.0,0.0,0.0,0.0,0.979395,0.117627,0.520169,1.215106,0.330489,0.277356,0.184875,0.0
227,0.180901,0.0,0.70745,0.738469,0.007804,0.0,0.116404,0.0,0.0,1.339885,0.0,0.0,0.0,0.234246,0.0,0.0,0.686943,0.583629,0.0,0.539058,0.123879,0.250914,0.0,0.0,0.0,0.0,0.210864,0.0,0.0,0.0,0.0,0.0,0.0,0.0,0.0,0.914222,0.0,0.0,0.0,0.0,1.081925,0.079791,0.539696,1.262269,0.663821,0.368365,0.225257,0.0
228,0.142754,0.0,0.303345,0.531873,0.0,0.0,0.212053,0.0,0.0,1.350642,0.0,0.0,0.216133,0.361694,0.0,0.0,0.433497,0.71499,0.009189,0.508639,0.100919,0.162288,0.0,0.0,0.0,0.176245,0.266176,0.0,0.0,0.0,0.0,0.0,0.0,0.0,0.0,0.941039,0.0,0.0,0.0,0.0,1.033769,0.05492,0.931769,1.167889,0.777773,0.258408,0.202916,0.0
229,0.164674,0.0,0.174817,0.597004,0.0,0.0,0.085897,0.0,0.0,1.29722,0.0,0.0,0.357806,0.375546,0.0,0.0,0.572107,0.826873,0.118487,0.374906,0.0,0.240724,0.0,0.0,0.0,0.236823,0.114209,0.0,0.0,0.0,0.0,0.0,0.0,0.0,0.0,1.072967,0.0,0.0,0.0,0.0,0.991643,0.065406,0.849266,1.086652,0.983539,0.220391,0.150551,0.0
230,0.305326,0.0,0.0,0.542847,0.0,0.0,0.0,0.0,0.0,1.092103,0.0,0.0,0.572406,0.406475,0.0,0.0,0.351686,0.814929,0.138569,0.428221,0.0,0.279169,0.0,0.0,0.0,0.304356,0.158786,0.0,0.159282,0.0,0.0,0.0,0.0,0.0,0.0,0.988537,0.0,0.0,0.0,0.0,0.890514,0.134589,0.889273,1.016188,1.045022,0.179541,0.047588,0.133497
231,0.263881,0.0,0.134695,0.681267,0.111138,0.0,0.0,0.0,0.0,0.832966,0.0,0.0,0.648988,0.168844,0.002793,0.0,0.585344,0.615586,0.268915,0.406554,0.0,0.605116,0.0,0.0,0.006365,0.58075,0.284533,0.0,0.0,0.0,0.0,0.0,0.0,0.0,0.0,0.945565,0.0,0.0,0.0,0.0,0.739598,0.227844,0.506071,0.88214,1.016279,0.276219,0.096873,0.09833
232,0.387029,0.0,0.0,0.830999,0.253289,0.0,0.0,0.0,0.0,0.489117,0.0,0.08451,0.63189,0.184009,0.0,0.0,0.626073,0.602421,0.375562,0.170462,0.0,0.592393,0.007683,0.0,0.247782,0.667256,0.178543,0.0,0.0,0.0,0.0,0.0,0.0,0.0,0.0,0.834207,0.0,0.0,0.0,0.0,0.640884,0.251781,0.208184,0.699862,0.948615,0.316115,0.0,0.0
233,0.553675,0.0,0.0,0.902664,0.549257,0.0,0.0,0.0,0.0,0.010235,0.0,0.056492,0.717514,0.201719,0.0,0.0,0.680874,0.380013,0.393167,0.126715,0.0,0.626172,0.017657,0.0,0.488284,0.888308,0.337137,0.0,0.006673,0.0,0.0,0.0,0.0,0.0,0.0,0.616279,0.0,0.0,0.0,0.0,0.408055,0.452889,0.0,0.372016,0.758596,0.464279,0.0,0.0
234,0.962114,0.0,0.0,0.840376,0.533931,0.045745,0.0,0.0,0.0,0.0,0.0,0.113523,0.848128,0.172474,0.0,0.222985,0.543206,0.252941,0.324401,0.0,0.0,0.616567,0.0,0.0,0.731549,1.152078,0.459946,0.0,0.274478,0.0,0.0,0.0,0.0,0.0,0.0,0.452384,0.0,0.0,0.0,0.0,0.059222,0.739619,0.0,0.0,0.333928,0.566643,0.0,0.0
235,1.045197,0.0,0.001489,0.785853,0.479997,0.181532,0.0,0.0,0.0,0.0,0.0,0.30707,0.787393,0.254051,0.0,0.211485,0.250072,0.068776,0.36357,0.047376,0.0,0.661798,0.0,0.0,0.816098,1.119373,0.645719,0.0,0.256617,0.0,0.0,0.0,0.0,0.0,0.0,0.216552,0.0,0.0,0.0,0.0,0.0,0.857652,0.0,0.0,0.210298,0.581146,0.093305,0.0
236,0.880378,0.0,0.0,0.490157,0.234288,0.406288,0.0,0.0,0.0,0.0,0.133044,0.570119,0.556826,0.438129,0.0,0.36165,0.0,0.043922,0.386911,0.116584,0.0,0.617511,0.0,0.0,0.765826,1.168164,0.876964,0.0,0.375233,0.0,0.0,0.414048,0.111391,0.0,0.0,0.035645,0.0,0.0,0.0,0.635187,0.0,0.911025,0.06565,0.0,0.099634,0.367592,0.072437,0.498881
237,0.97015,0.0,0.0,0.66212,0.635028,0.224544,0.0,0.0,0.0,0.0,0.0,0.482995,0.637812,0.205969,0.0,0.197757,0.068302,0.0,0.36232,0.061608,0.0,0.50464,0.0,0.0,0.806726,0.989391,0.596021,0.0,0.284955,0.0,0.0,0.040336,0.162018,0.0,0.0,0.014116,0.0,0.0,0.0,0.466553,0.0,0.769386,0.0,0.0,0.136569,0.477155,0.038126,0.0
238,0.884815,0.0,0.0,0.673665,0.672852,0.203871,0.0,0.0,0.0,0.0,0.0,0.208371,0.771095,0.023585,0.0,0.210629,0.362549,0.0,0.460132,0.068264,0.0,0.501496,0.0,0.0,0.681783,0.872895,0.351243,0.0,0.104986,0.0,0.0,0.0,0.0,0.0,0.0,0.072742,0.0,0.0,0.0,0.263242,0.0,0.643426,0.0,0.0,0.112688,0.630874,0.057722,0.0
239,0.571659,0.0,0.0,0.850605,0.835236,0.0,0.143743,0.0,0.0,0.0,0.0,0.0,0.650294,0.0,0.0,0.0,0.614172,0.0,0.563795,0.018125,0.0,0.495438,0.0,0.0,0.496018,0.885914,0.13776,0.0,0.0,0.0,0.0,0.0,0.0,0.0,0.0,0.154063,0.0,0.0,0.0,0.0,0.206586,0.382896,0.0,0.0,0.215469,0.645966,0.0,0.0
240,0.373964,0.0,0.0,0.962399,0.688628,0.0,0.146919,0.0,0.0,0.0,0.0,0.0,0.372361,0.0,0.0,0.0,0.552819,0.018006,0.751584,0.0,0.0,0.380418,0.0,0.0,0.499883,0.625066,0.0,0.0,0.0,0.0,0.0,0.0,0.0,0.0,0.0,0.163082,0.0,0.0,0.0,0.0,0.099868,0.235751,0.0,0.068489,0.265573,0.499208,0.0,0.0
241,0.747144,0.0,0.0,0.696825,0.498494,0.0,0.12019,0.0,0.0,0.0,0.0,0.0,0.591963,0.0,0.0,0.0,0.51923,0.0,0.626718,0.0,0.0,0.27893,0.0,0.0,0.535322,0.573461,0.099488,0.0,0.0,0.0,0.0,0.0,0.0,0.0,0.0,0.003736,0.0,0.0,0.0,0.0,0.206484,0.308087,0.045832,0.071174,0.281461,0.621649,0.0,0.0
242,0.653918,0.0,0.0,0.35005,0.109018,0.0,0.0,0.0,0.0,0.039217,0.0,0.067963,0.572745,0.0,0.0,0.093992,0.218177,0.0,0.533328,0.204871,0.035356,0.197229,0.0,0.0,0.376423,0.389432,0.253798,0.0,0.0,0.04025,0.0,0.0,0.0,0.0,0.0,0.0,0.0,0.0,0.0,0.328398,0.274228,0.160963,0.212209,0.134672,0.126379,0.491183,0.0,0.243023
243,0.700318,0.0,0.0,0.229238,0.400404,0.111591,0.0,0.0,0.0,0.0,0.0,0.0,0.735526,0.0,0.0,0.0,0.445753,0.0,0.411259,0.105582,0.0,0.233434,0.0,0.0,0.413228,0.41485,0.1991,0.0,0.0,0.081889,0.0,0.0,0.0,0.0,0.0,0.015347,0.0,0.0,0.0,0.02218,0.327854,0.145416,0.102201,0.130528,0.254554,0.653439,0.085544,0.0
244,0.216784,0.0,0.0,0.476346,0.380597,0.0,0.016106,0.0,0.0,0.253365,0.0,0.0,0.528545,0.0,0.0,0.0,0.336563,0.159307,0.355039,0.0,0.0,0.10447,0.0,0.0,0.254346,0.184247,0.0,0.0,0.0,0.058668,0.0,0.0,0.0,0.0,0.0,0.157187,0.0,0.0,0.0,0.0,0.330643,0.0,0.256912,0.178519,0.193226,0.281314,0.0,0.0
245,0.283758,0.0,0.0,0.275212,0.237134,0.0,0.0,0.0,0.0,0.402065,0.0,0.003108,0.61183,0.083522,0.010986,0.0,0.074557,0.201118,0.17129,0.0,0.0,0.0,0.0,0.0,0.186113,0.008259,0.0,0.0,0.0,0.051241,0.0,0.0,0.127334,0.0,0.0,0.096,0.0,0.0,0.0,0.0,0.497421,0.0,0.295873,0.380172,0.223223,0.134953,0.0,0.0
246,0.144993,0.0,0.0,0.198736,0.124855,0.0,0.0,0.027042,0.0,0.511202,0.0,0.104316,0.480471,0.220875,0.0,0.0,0.0,0.344424,0.054016,0.0,0.034484,0.0,0.0,0.0,0.183413,0.0,0.041603,0.0,0.0,0.207435,0.0,0.0,0.047593,0.0,0.0,0.343028,0.0,0.0,0.0,0.0,0.698429,0.0,0.456528,0.43193,0.100873,0.02973,0.0,0.16116
247,0.148472,0.0,0.0,0.255614,0.003417,0.0,0.060229,0.0,0.0,0.85676,0.0,0.0,0.571015,0.135019,0.0,0.0,0.166905,0.449673,0.163179,0.0,0.075916,0.0,0.0,0.0,0.014272,0.047396,0.025659,0.0,0.0,0.264823,0.0,0.0,0.0,0.0,0.0,0.331733,0.0,0.0,0.0,0.0,0.862238,0.0,0.531667,0.599414,0.12732,0.155799,0.058675,0.0
248,0.251569,0.0,0.0,0.274211,0.0,0.0,0.151923,0.0,0.0,0.988563,0.0,0.0,0.435387,0.0,0.0,0.0,0.087922,0.463878,0.096543,0.0,0.203175,0.0,0.0,0.0,0.1442,0.0,0.197326,0.0,0.0,0.327579,0.0,0.0,0.0,0.0,0.0,0.273273,0.0,0.0,0.0,0.0,1.00293,0.0,0.467645,0.711461,0.0,0.137831,0.0,0.056785
249,0.368844,0.0,0.0,0.155508,0.0,0.0,0.258125,0.0,0.0,0.86732,0.0,0.0,0.450235,0.0,0.0,0.0,0.027905,0.403403,0.041887,0.0,0.463243,0.0,0.0,0.0,0.254154,0.0,0.426116,0.0,0.0,0.395439,0.0,0.0,0.0,0.0,0.003984,0.307619,0.0,0.0,0.0,0.0,1.000864,0.0,0.4147,0.776079,0.0,0.186578,0.0,0.04373
250,0.283903,0.0,0.0,0.326829,0.0,0.0,0.327737,0.0,0.0,0.96423,0.0,0.01176,0.346567,0.0,0.0,0.0,0.091415,0.386099,0.080693,0.0,0.735266,0.0,0.0,0.0,0.220052,0.0,0.492717,0.0,0.0,0.429387,0.0,0.0,0.0,0.0,0.025022,0.408843,0.015179,0.0,0.0,0.039892,1.087023,0.0,0.407716,0.990266,0.0,0.064935,0.0,0.072943
251,0.430302,0.0,0.0,0.31054,0.0,0.0,0.224449,0.0,0.0,1.192206,0.0,0.0,0.271852,0.0,0.0,0.0,0.039109,0.530886,0.12566,0.08477,0.830994,0.0,0.0,0.0,0.171191,0.0,0.568561,0.0,0.0,0.352539,0.0,0.0,0.0,0.0,0.0,0.444111,0.0,0.0,0.0,0.049125,1.123377,0.0,0.279807,1.147062,0.0,0.006832,0.0,0.003443
252,0.417713,0.0,0.0,0.321516,0.044841,0.0,0.162884,0.0,0.0,1.061399,0.0,0.190727,0.069643,0.0,0.0,0.0,0.0,0.549237,0.0,0.330679,1.030707,0.0,0.0,0.0,0.194852,0.0,0.924735,0.0,0.0,0.602735,0.0,0.0,0.0,0.0,0.218353,0.658878,0.18182,0.0,0.0,0.313468,1.034319,0.0,0.456617,1.227157,0.0,0.0,0.0,0.0
253,0.667394,0.0,0.0,0.250605,0.0,0.0,0.034969,0.0,0.0,0.961553,0.0,0.209808,0.0,0.312076,0.0,0.0,0.0,0.827692,0.0,0.707246,1.153356,0.0,0.0,0.0,0.07937,0.0,1.124016,0.0,0.194105,0.714456,0.0,0.0,0.094201,0.0,0.590965,0.623428,0.200291,0.0,0.0,0.230901,0.651357,0.0,0.532747,1.243752,0.0,0.0,0.0,0.0
254,0.75522,0.0,0.004818,0.229391,0.037087,0.0,0.009363,0.0,0.0,1.051587,0.0,0.276183,0.003167,0.558101,0.0,0.0,0.0,0.820968,0.0,0.880507,1.308295,0.0,0.0,0.0,0.021812,0.0,1.485055,0.0,0.471831,0.821592,0.0,0.402364,0.23425,0.0,0.676521,0.576888,0.526754,0.0,0.0,0.3589,0.402892,0.035853,0.654224,1.254206,0.0,0.0,0.0,0.0
255,0.868673,0.0,0.073035,0.067706,0.0,0.028878,0.0,0.0,0.0,1.06952,0.0,0.353568,0.0,0.702761,0.0,0.0,0.0,0.779588,0.0,0.891902,1.198343,0.0,0.0,0.0,0.331724,0.0,1.723314,0.0,0.673412,0.977305,0.0,0.897352,0.410714,0.0,0.572991,0.459635,0.876107,0.0,0.0,0.413243,0.127307,0.18795,0.827637,1.129675,0.0,0.0,0.0,0.0
256,0.638209,0.0,0.100948,0.091529,0.118497,0.0512,0.0,0.0,0.0,0.9807,0.0,0.337712,0.0,0.628082,0.0,0.0,0.0,0.640861,0.0,0.693808,1.068908,0.0,0.0,0.0,0.162208,0.0,1.343078,0.0,0.505701,0.801564,0.0,0.483157,0.283147,0.0,0.471218,0.487722,0.620938,0.0,0.0,0.421067,0.262181,0.219602,0.615594,1.131726,0.0,0.0,0.0,0.0
257,0.322669,0.0,0.0,0.090744,0.18567,0.068758,0.067803,0.0,0.0,0.903143,0.0,0.223843,0.0,0.456001,0.0,0.0,0.005655,0.570354,0.0,0.465718,0.851248,0.0,0.0,0.0,0.0,0.0,0.788585,0.0,0.254257,0.650488,0.0,0.0,0.107429,0.0,0.435491,0.377018,0.106371,0.0,0.0,0.281795,0.552531,0.062165,0.455709,1.035173,0.0,0.0,0.0,0.0
258,0.054624,0.0,0.0,0.040396,0.259862,0.0,0.263069,0.0,0.0,0.788695,0.0,0.286932,0.0,0.208693,0.0,0.0,0.127755,0.294766,0.0,0.0,0.705963,0.0,0.0,0.0,0.0,0.0,0.489112,0.0,0.075494,0.555802,0.0,0.0,0.0,0.0,0.276352,0.328424,0.0,0.0,0.0,0.428419,0.782135,0.0,0.393762,0.903997,0.0,0.0,0.020477,0.0
259,0.0,0.0,0.0,0.0,0.084629,0.0,0.385556,0.0,0.0,0.910359,0.0,0.125719,0.19172,0.247599,0.0,0.0,0.179047,0.231014,0.0,0.0,0.591379,0.0,0.0,0.0,0.0,0.0,0.321913,0.0,0.0,0.530057,0.0,0.0,0.0,0.0,0.235369,0.093673,0.0,0.0,0.0,0.291176,0.842362,0.0,0.418173,0.853762,0.0,0.0,0.138392,0.0
260,0.0,0.0,0.0,0.0,0.122891,0.0,0.394274,0.0,0.0,0.997423,0.0,0.099976,0.111418,0.126732,0.0,0.00216,0.23005,0.194919,0.0,0.0,0.564291,0.0,0.0,0.0,0.0,0.0,0.202463,0.0,0.0,0.480976,0.0,0.0,0.0,0.0,0.081514,0.017523,0.0,0.0,0.0,0.356753,1.045177,0.0,0.355513,0.795919,0.0,0.0,0.207958,0.0
261,0.0,0.0,0.0,0.0,0.02761,0.0,0.409219,0.0,0.0,0.931409,0.0,0.064358,0.205182,0.362909,0.0,0.140453,0.007897,0.256716,0.0,0.0,0.676511,0.0,0.0,0.0,0.0,0.0,0.456613,0.0,0.0,0.625885,0.0,0.0,0.009719,0.0,0.132512,0.0,0.009733,0.0,0.0,0.319891,0.892207,0.0,0.535649,0.742153,0.0,0.0,0.237905,0.0
262,0.063659,0.0,0.0,0.0,0.17932,0.071576,0.278876,0.0,0.0,0.846188,0.0,0.326824,0.287116,0.479247,0.0,0.135045,0.076569,0.181076,0.0,0.0,0.699554,0.0,0.0,0.0,0.0,0.0,0.688662,0.0,0.197232,0.374736,0.0,0.0,0.124603,0.0,0.368264,0.0,0.212966,0.0,0.0,0.402322,0.581795,0.0,0.544761,0.817163,0.0,0.0,0.032598,0.0
263,0.194534,0.0,0.0,0.0,0.067935,0.134042,0.136916,0.0,0.0,0.800899,0.0,0.583363,0.60981,0.637515,0.0,0.110683,0.0,0.2421,0.0,0.165846,0.908132,0.0,0.0,0.0,0.0,0.03318,1.125892,0.0,0.470479,0.443316,0.0,0.0,0.273343,0.0,0.512066,0.0,0.533663,0.0,0.0,0.324882,0.385935,0.111899,0.633186,0.777668,0.0,0.0,0.0,0.096783
264,0.309013,0.0,0.0,0.0,0.239199,0.171536,0.0,0.0,0.0,0.63965,0.117201,0.472521,0.524744,0.824348,0.0,0.0,0.0,0.30135,0.0,0.618629,0.678044,0.0,0.0,0.0,0.0,0.0,1.172769,0.0,0.380303,0.48365,0.0,0.165652,0.609818,0.0,0.369617,0.0,0.526135,0.0,0.0,0.371049,0.191591,0.280503,0.520895,0.708821,0.0,0.0,0.0,0.000573
265,0.235311,0.0,0.0,0.0,0.27926,0.230748,0.0,0.0,0.0,0.409463,0.0,0.688018,0.402188,0.870912,0.0,0.164842,0.0,0.340319,0.0,0.41835,0.608864,0.0,0.0,0.0,0.0,0.037201,0.999072,0.0,0.546932,0.223303,0.0,0.0,0.609172,0.0,0.450782,0.0,0.347882,0.0,0.0,0.210519,0.074305,0.121493,0.296093,0.715324,0.0,0.0,0.0,0.0
266,0.172423,0.0,0.0,0.0,0.400381,0.0,0.0,0.0,0.0,0.455205,0.0,0.613595,0.145632,0.946168,0.0,0.299186,0.0,0.503921,0.0,0.145568,0.510397,0.0,0.0,0.0,0.013248,0.0,0.956725,0.0,0.773015,0.253252,0.0,0.0,0.680094,0.0,0.3644,0.239919,0.158357,0.0,0.0,0.208509,0.200584,0.0,0.477496,0.723126,0.0,0.0,0.0,0.0
267,0.16487,0.0,0.0,0.0,0.312236,0.049743,0.0,0.0,0.0,0.398456,0.0,0.707286,0.244018,0.944074,0.0,0.234567,0.0,0.231224,0.0,0.302558,0.63222,0.0,0.0,0.0,0.006121,0.13765,1.224743,0.0,0.687979,0.235809,0.0,0.139412,0.727988,0.0,0.260933,0.232832,0.610604,0.0,0.0,0.128062,0.111578,0.046679,0.391307,0.88855,0.0,0.0,0.0,0.022737
268,0.064227,0.0,0.0,0.0,0.150445,0.093292,0.0,0.0,0.0,0.527185,0.0,0.546861,0.11903,0.898068,0.0,0.473297,0.0,0.451789,0.0,0.0,0.491488,0.0,0.0,0.0,0.013664,0.185764,0.725607,0.0,0.562565,0.128916,0.0,0.0,0.509666,0.0,0.129717,0.428893,0.039531,0.0,0.0,0.010632,0.346407,0.0,0.339502,0.817652,0.0,0.0,0.0,0.0
269,0.163878,0.0,0.0,0.0,0.058958,0.062036,0.0,0.0,0.0,0.529343,0.0,0.44637,0.369709,0.921179,0.0,0.126503,0.0,0.491593,0.0,0.452899,0.354209,0.0,0.0,0.0,0.090862,0.089687,0.978558,0.0,0.391262,0.229437,0.0,0.110985,0.931573,0.0,0.255244,0.403431,0.16447,0.0,0.0,0.0,0.338,0.0,0.528204,0.706318,0.047536,0.0,0.0,0.0
270,0.0,0.0,0.0,0.0,0.260507,0.0,0.0,0.025443,0.0,0.282079,0.0,0.690988,0.377847,0.489274,0.0,0.0,0.0,0.24094,0.0,0.298599,0.453089,0.0,0.0,0.0,0.072341,0.041434,0.813375,0.0,0.184904,0.310861,0.0,0.0,0.777865,0.0,0.112082,0.43811,0.268314,0.0,0.0,0.078594,0.526466,0.0,0.268817,0.854873,0.0,0.0,0.0,0.0
271,0.0,0.0,0.0,0.0,0.197912,0.0,0.0,0.070572,0.0,0.279464,0.0,0.863884,0.69937,0.432884,0.0,0.144042,0.0,0.051872,0.0,0.052666,0.615518,0.0,0.0,0.0,0.139054,0.253261,0.791147,0.0,0.162654,0.174884,0.0,0.0,0.715833,0.0,0.039936,0.471926,0.316658,0.0,0.0,0.0,0.571122,0.0,0.209856,0.924198,0.0,0.0,0.0,0.145197
272,0.0,0.0,0.0,0.0,0.147749,0.0,0.0,0.095499,0.0,0.056585,0.0,0.940447,0.822976,0.476012,0.099322,0.0,0.0,0.0,0.0,0.154944,0.535526,0.0,0.0,0.0,0.27148,0.375722,0.827268,0.0,0.155029,0.123217,0.0,0.0,0.873944,0.0,0.036686,0.456487,0.378062,0.0,0.0,0.0,0.477075,0.0,0.071351,0.895389,0.009222,0.134165,0.0,0.188559
273,0.056818,0.0,0.0,0.0,0.043446,0.0,0.0,0.168,0.0,0.36219,0.0,0.884335,0.666278,0.52078,0.0,0.384006,0.0,0.398663,0.0,0.074595,0.436267,0.0,0.0,0.0,0.226883,0.245992,0.572646,0.0,0.071558,0.006566,0.0,0.0,0.7646,0.0,0.0,0.411502,0.01856,0.0,0.0,0.0,0.540509,0.0,0.370529,0.868574,0.0,0.0,0.0,0.186437
274,0.168852,0.0,0.0,0.0,0.197833,0.0,0.0,0.206394,0.0,0.203828,0.0,0.912388,0.641914,0.470384,0.0,0.0,0.0,0.279766,0.0,0.375095,0.33704,0.0,0.0,0.0,0.313624,0.312614,0.852404,0.0,0.115586,0.053566,0.0,0.0,0.987761,0.0,0.0,0.415538,0.268153,0.0,0.0,0.026509,0.471311,0.0,0.351855,0.848998,0.099327,0.0,0.0,0.282499
275,0.281726,0.0,0.0,0.0,0.173034,0.0,0.0,0.095475,0.0,0.010028,0.0,0.825801,0.78346,0.420142,0.0,0.256564,0.0,0.302021,0.0,0.157907,0.343009,0.0,0.0,0.0,0.276276,0.459873,0.692813,0.0,0.372449,0.0,0.0,0.0,0.884996,0.0,0.086888,0.174109,0.137568,0.0,0.0,0.0,0.221769,0.0,0.12868,0.787315,0.0,0.0,0.0,0.053099
276,0.343746,0.0,0.0,0.0,0.234451,0.0,0.0,0.0,0.0,0.103866,0.0,0.567696,0.624469,0.340651,0.0,0.0,0.0,0.300097,0.0,0.343258,0.248809,0.0,0.0,0.0,0.203679,0.318965,0.6961,0.0,0.077337,0.0,0.0,0.0,0.77147,0.0,0.0,0.057088,0.085773,0.0,0.0,0.0,0.324213,0.0,0.0,0.936094,0.13095,0.031456,0.0,0.100232
277,0.571986,0.0,0.0,0.004897,0.0,0.12357,0.0,0.0,0.0,0.436971,0.0,0.360726,0.534906,0.396868,0.0,0.084015,0.0,0.59254,0.221173,0.676301,0.35799,0.0,0.0,0.0,0.070777,0.268043,0.764538,0.0,0.0,0.0,0.0,0.0,0.405689,0.0,0.179033,0.12896,0.036116,0.0,0.0,0.0,0.509759,0.0,0.263825,0.844584,0.04498,0.073545,0.0,0.450416
278,0.593231,0.0,0.0,0.100189,0.023705,0.0,0.0,0.0,0.0,0.435135,0.0,0.336549,0.496082,0.297928,0.0,0.0,0.0,0.481199,0.132127,0.651618,0.381479,0.0,0.0,0.0,0.177832,0.231745,0.872565,0.0,0.0,0.078513,0.0,0.0,0.259337,0.0,0.265406,0.224863,0.0,0.0,0.0,0.0,0.584228,0.057804,0.376977,0.822864,0.0,0.129117,0.0,0.348734
279,0.753445,0.0,0.0,0.02256,0.108571,0.0,0.0,0.0,0.0,0.547813,0.0,0.277946,0.227826,0.168876,0.0,0.0,0.0,0.462593,0.034082,0.780573,0.404711,0.0,0.0,0.0,0.330381,0.217243,1.083242,0.0,0.0,0.15376,0.0,0.0,0.209793,0.0,0.143541,0.384719,0.102948,0.0,0.0,0.157015,0.583047,0.158226,0.392579,0.813584,0.0,0.056736,0.0,0.327301
280,0.592788,0.0,0.0,0.035472,0.298934,0.0,0.0,0.0,0.0,0.57416,0.0,0.412204,0.358774,0.160516,0.0,0.0,0.0,0.414198,0.0,0.724506,0.797508,0.0,0.0,0.0,0.190395,0.296435,1.396594,0.0,0.242289,0.172007,0.0,0.0,0.2032,0.0,0.32839,0.176249,0.248273,0.0,0.0,0.218947,0.463028,0.148526,0.47646,0.890067,0.0,0.0,0.0,0.300252
281,0.91757,0.0,0.050729,0.0,0.0,0.311598,0.0,0.0,0.0,0.71503,0.0,0.390539,0.339066,0.374493,0.0,0.111318,0.0,0.556915,0.0,0.70815,0.730776,0.008945,0.0,0.0,0.0,0.316936,1.211673,0.0,0.196014,0.0,0.0,0.0,0.191531,0.0,0.427591,0.0,0.127656,0.0,0.0,0.0,0.250824,0.259992,0.428249,0.675967,0.0,0.049601,0.0,0.353921
282,0.84064,0.0,0.0,0.0,0.0,0.189383,0.0,0.0,0.0,0.998638,0.0,0.222057,0.333078,0.44924,0.0,0.232017,0.0,0.485369,0.0,0.639229,0.669687,0.266372,0.0,0.0,0.0,0.262588,1.192776,0.0,0.231236,0.0,0.0,0.0,0.37837,0.0,0.172676,0.0,0.0,0.0,0.0,0.0,0.243722,0.315955,0.54479,0.536792,0.0,0.0,0.0,0.155016
283,0.615106,0.0,0.094827,0.0,0.02553,0.064509,0.032168,0.0,0.0,0.941679,0.0,0.344018,0.402072,0.600369,0.0,0.333135,0.0,0.448769,0.0,0.479896,0.580785,0.395689,0.0,0.0,0.0,0.633609,1.310063,0.0,0.699634,0.0,0.0,0.0,0.254066,0.0,0.321107,0.0,0.0,0.0,0.0,0.0,0.21676,0.371682,0.674456,0.650816,0.0,0.0,0.0,0.125674
284,0.615164,0.0,0.0,0.0,0.0,0.12891,0.186646,0.0,0.0,0.932993,0.0,0.50047,0.594832,0.603429,0.0,0.731435,0.0,0.571719,0.0,0.043242,0.494323,0.294704,0.0,0.0,0.0,0.95962,1.032071,0.0,1.008901,0.0,0.0,0.0,0.268763,0.0,0.212393,0.0,0.0,0.0,0.0,0.0,0.0,0.450679,0.565235,0.235274,0.0,0.0,0.0,0.0
285,0.753586,0.0,0.091068,0.0,0.0,0.0,0.34346,0.0,0.0,0.987287,0.0,0.471029,0.718358,0.536831,0.0,0.584269,0.0,0.491802,0.0,0.343507,0.462237,0.407945,0.0,0.0,0.0,0.882513,1.377042,0.0,1.026488,0.0,0.0,0.099699,0.308308,0.0,0.221173,0.0,0.0,0.0,0.0,0.0,0.024956,0.591734,0.920912,0.205828,0.0,0.0,0.0,0.163214
286,0.801836,0.0,0.062029,0.145754,0.047114,0.06338,0.022896,0.0,0.0,0.808549,0.0,0.302519,0.286033,0.347571,0.0,0.279637,0.0,0.439831,0.187143,0.271602,0.173341,0.631835,0.0,0.0,0.0,0.613382,0.853339,0.0,0.332474,0.0,0.0,0.0,0.17492,0.0,0.0,0.0,0.0,0.0,0.0,0.0,0.014112,0.522491,0.333838,0.393561,0.0,0.0,0.0,0.0
287,0.659783,0.0,0.053816,0.434134,0.254221,0.0,0.0,0.0,0.0,0.557982,0.0,0.194295,0.253429,0.228813,0.0,0.180252,0.0,0.393841,0.293668,0.22962,0.025156,0.533162,0.0,0.0,0.047413,0.479653,0.650206,0.0,0.185273,0.0,0.0,0.0,0.048101,0.0,0.0,0.0,0.0,0.0,0.0,0.0,0.0,0.481215,0.198934,0.553347,0.069441,0.0,0.0,0.0
288,0.905868,0.0,0.091767,0.37078,0.004286,0.174039,0.0,0.0,0.0,0.48638,0.0,0.181824,0.15041,0.000859,0.0,0.0,0.0,0.231652,0.345722,0.490522,0.073531,0.504665,0.0,0.0,0.232496,0.606554,0.801696,0.0,0.138969,0.0,0.0,0.0,0.0,0.0,0.0,0.0,0.0,0.0,0.0,0.0,0.027678,0.450909,0.284591,0.56987,0.212322,0.114523,0.0,0.316912
289,0.632371,0.0,0.012478,0.79863,0.202481,0.0,0.0,0.0,0.0,0.308434,0.0,0.0,0.295237,0.0,0.0,0.0,0.252684,0.18765,0.458161,0.26358,0.0,0.342103,0.0,0.0,0.34198,0.44698,0.458901,0.0,0.093511,0.0,0.0,0.0,0.0,0.0,0.0,0.136439,0.0,0.0,0.0,0.0,0.0,0.449299,0.259586,0.443115,0.264894,0.261805,0.0,0.0
290,0.660321,0.0,0.011009,0.700297,0.0,0.0,0.141036,0.0,0.0,0.464227,0.0,0.0,0.32586,0.0,0.0,0.0,0.28251,0.156472,0.5541,0.398943,0.083477,0.272836,0.0,0.0,0.416957,0.517144,0.548642,0.0,0.0,0.0,0.0,0.0,0.0,0.0,0.0,0.25278,0.0,0.0,0.0,0.0,0.140694,0.345364,0.612904,0.195478,0.19943,0.340616,0.061844,0.0
291,0.729103,0.0,0.0,0.741459,0.0,0.0,0.173562,0.0,0.0,0.400947,0.0,0.0,0.348454,0.0,0.0,0.0,0.244518,0.186517,0.491063,0.45073,0.304796,0.078894,0.0,0.0,0.373656,0.379557,0.575747,0.0,0.0,0.099802,0.0,0.0,0.0,0.0,0.0,0.194479,0.0,0.0,0.0,0.0,0.077024,0.2822,0.652596,0.237464,0.0,0.442859,0.112294,0.0
292,0.859757,0.0,0.0,0.552713,0.0,0.0,0.091991,0.0,0.0,0.565105,0.0,0.0,0.155539,0.0,0.0,0.0,0.075527,0.23087,0.468274,0.599472,0.425622,0.0,0.0,0.0,0.330371,0.293676,0.715375,0.0,0.0,0.231635,0.0,0.0,0.0,0.0,0.075458,0.0951,0.0,0.0,0.0,0.046035,0.256376,0.156175,0.55021,0.537147,0.0,0.444148,0.0,0.0
293,0.860854,0.0,0.0,0.505537,0.0,0.0,0.241269,0.0,0.0,0.858896,0.0,0.0,0.0,0.0,0.0,0.0,0.0,0.294079,0.443224,0.292894,0.63944,0.0,0.0,0.0,0.575356,0.157192,0.829438,0.0,0.0,0.072412,0.0,0.0,0.0,0.0,0.057334,0.091398,0.0,0.0,0.0,0.228082,0.54321,0.112072,0.376774,0.869532,0.0,0.108838,0.0,0.023058
294,1.008122,0.0,0.0,0.330813,0.0,0.0,0.360976,0.0,0.0,0.992187,0.0,0.017964,0.054849,0.0,0.0,0.0,0.0,0.327052,0.393349,0.229587,1.079783,0.0,0.0,0.0,0.499551,0.206367,1.062642,0.0,0.0,0.12196,0.0,0.0,0.0,0.0,0.275844,0.0,0.157871,0.0,0.0,0.058776,0.722057,0.0,0.357665,0.887338,0.0,0.22203,0.0,0.074301
295,1.181782,0.0,0.0,0.304911,0.0,0.0,0.416575,0.0,0.0,1.247889,0.0,0.17718,0.0,0.0,0.0,0.0,0.0,0.331295,0.474735,0.223935,1.182328,0.0,0.0,0.0,0.525353,0.277516,1.238197,0.0,0.0,0.099364,0.0,0.0,0.072345,0.0,0.286345,0.0,0.287443,0.0,0.0,0.09186,0.803485,0.0,0.321789,1.002342,0.0,0.328159,0.0,0.111245
296,1.123521,0.0,0.0,0.203185,0.0,0.0,0.264648,0.0,0.0,1.198716,0.0,0.044776,0.0,0.0,0.0,0.0,0.0,0.477405,0.304139,0.406941,1.027622,0.0,0.0,0.0,0.339729,0.102866,1.003734,0.0,0.0,0.094908,0.0,0.0,0.113653,0.0,0.254562,0.0,0.263567,0.0,0.0,0.0,0.739305,0.0,0.343779,0.975124,0.0,0.218971,0.0,0.0
297,0.772516,0.0,0.020421,0.165917,0.0,0.0,0.319758,0.0,0.0,1.226277,0.0,0.12546,0.000401,0.0,0.0,0.0,0.0,0.488475,0.106911,0.436976,0.842075,0.0,0.0,0.0,0.218517,0.036778,0.989581,0.0,0.0,0.162869,0.0,0.0,0.082974,0.0,0.318936,0.0,0.196707,0.0,0.0,0.062459,0.775013,0.0,0.621751,0.954577,0.0,0.0,0.0,0.061689
298,0.625775,0.0,0.0,0.0,0.0,0.0,0.21399,0.0,0.0,1.072842,0.0,0.032882,0.207472,0.361415,0.0,0.0,0.0,0.642779,0.0,0.646119,0.691539,0.0,0.0,0.0,0.003994,0.083185,0.96649,0.0,0.115251,0.30446,0.0,0.0,0.0,0.0,0.398153,0.044811,0.195974,0.0,0.0,0.0,0.649805,0.0,0.816537,0.889023,0.0,0.0,0.0,0.152775
299,0.762677,0.0,0.0,0.0,0.0,0.0,0.0,0.0,0.0,0.838037,0.0,0.244498,0.0,0.443244,0.0,0.034573,0.0,0.636702,0.0,0.539401,0.465448,0.005577,0.0,0.0,0.0,0.135446,0.713747,0.0,0.029907,0.004039,0.0,0.0,0.080226,0.0,0.312446,0.047649,0.0,0.0,0.0,0.0,0.478871,0.0,0.257452,0.854168,0.0,0.0,0.0,0.0
300,0.848842,0.0,0.043555,0.050431,0.0,0.131877,0.0,0.0,0.0,0.656758,0.0,0.559633,0.163213,0.449883,0.0,0.24115,0.0,0.621285,0.0,0.336975,0.558518,0.002309,0.0,0.0,0.028832,0.475284,0.93871,0.0,0.459767,0.0,0.0,0.0,0.079467,0.0,0.45385,0.0,0.0,0.0,0.0,0.0,0.269357,0.234897,0.164103,0.765836,0.0,0.0,0.0,0.062953
301,0.99099,0.0,0.196906,0.125808,0.0,0.0,0.0,0.0,0.0,0.729654,0.0,0.546842,0.197381,0.507065,0.0,0.263543,0.0,0.636779,0.0,0.560017,0.411033,0.171394,0.0,0.0,0.080039,0.484036,1.160628,0.0,0.412379,0.0,0.0,0.0,0.197231,0.0,0.369015,0.0,0.0,0.0,0.0,0.0,0.303778,0.352728,0.33844,0.472659,0.0,0.0,0.0,0.206065
302,1.005177,0.0,0.349496,0.302054,0.006926,0.0,0.0,0.0,0.0,0.688562,0.0,0.51565,0.0,0.321476,0.0,0.070557,0.0,0.533979,0.121522,0.665113,0.257093,0.57012,0.0,0.0,0.174824,0.531959,1.189825,0.0,0.180082,0.0,0.0,0.0,0.039094,0.0,0.191769,0.0,0.0,0.0,0.0,0.0,0.441768,0.324737,0.236108,0.673324,0.0,0.073183,0.0,0.361946
303,1.231952,0.0,0.202552,0.462279,0.0,0.0,0.0,0.0,0.0,0.583374,0.0,0.313851,0.0,0.191619,0.0,0.0,0.0,0.597435,0.429725,0.605603,0.022346,0.743082,0.0,0.0,0.438303,0.57796,1.004224,0.0,0.0,0.0,0.0,0.0,0.045603,0.0,0.0,0.0,0.0,0.0,0.0,0.0,0.392942,0.314291,0.093308,0.467781,0.0,0.240157,0.0,0.263999
304,1.3845,0.0,0.077657,0.86783,0.01392,0.064312,0.0,0.0,0.0,0.122873,0.0,0.346793,0.0,0.0,0.0,0.0,0.097549,0.499783,0.627164,0.332787,0.0,0.803689,0.0,0.0,0.689191,0.721003,0.799224,0.0,0.025296,0.0,0.0,0.0,0.0,0.0,0.0,0.0,0.0,0.0,0.0,0.0,0.266137,0.478287,0.0,0.63157,0.071115,0.511855,0.0,0.091516
305,1.232674,0.0,0.0,0.960548,0.042481,0.0,0.0,0.0,0.0,0.043428,0.0,0.136073,0.123151,0.0,0.0,0.0,0.281496,0.372497,0.951841,0.436212,0.0,0.801055,0.0,0.0,0.730088,0.77447,0.706695,0.0,0.0,0.0,0.0,0.0,0.0,0.0,0.0,0.0,0.0,0.0,0.0,0.0,0.237883,0.380719,0.010649,0.506337,0.282082,0.570376,0.0,0.222172
306,1.063318,0.0,0.0,1.231428,0.351447,0.0,0.0,0.0,0.0,0.0,0.0,0.0,0.488801,0.0,0.0,0.0,0.736838,0.171793,1.106979,0.222891,0.0,0.770964,0.0,0.0,0.886101,0.959269,0.641161,0.0,0.0,0.0,0.0,0.0,0.0,0.0,0.0,0.183457,0.0,0.0,0.0,0.0,0.140817,0.425329,0.0,0.287224,0.404065,0.747763,0.0,0.0
307,1.279198,0.0,0.0,1.300927,0.389407,0.0,0.0,0.0,0.0,0.0,0.0,0.0,0.8372,0.0,0.0,0.0,0.809826,0.0,1.171384,0.136028,0.0,0.65533,0.157146,0.0,1.1716,1.196744,0.614065,0.0,0.0,0.0,0.0,0.0,0.0,0.0,0.0,0.096381,0.0,0.0,0.0,0.0,0.074261,0.559571,0.0,0.0,0.425825,1.073836,0.0,0.0
308,1.252094,0.0,0.0,1.096417,0.469347,0.0,0.0,0.0,0.0,0.0,0.0,0.0,0.651941,0.0,0.0,0.0,0.483603,0.0,0.989961,0.435267,0.0,0.512782,0.0,0.0,0.907404,0.94325,0.601053,0.0,0.0,0.0,0.0,0.0,0.0,0.0,0.0,0.050932,0.0,0.0,0.0,0.0,0.016656,0.568238,0.0,0.150736,0.36477,0.866428,0.0,0.0
309,1.165039,0.0,0.0,0.813169,0.783746,0.0,0.0,0.0,0.0,0.0,0.0,0.210402,0.233975,0.0,0.0,0.0,0.0,0.11462,0.628061,0.539676,0.0,0.309363,0.0,0.0,0.925947,0.723082,0.642819,0.0,0.149321,0.0,0.0,0.0,0.163869,0.0,0.0,0.035122,0.0,0.0,0.0,0.431101,0.0,0.465857,0.0,0.222258,0.366367,0.503832,0.0,0.0
310,0.945515,0.0,0.0,0.384003,0.452557,0.0,0.0,0.0,0.0,0.0,0.0,0.373143,0.237615,0.180486,0.0,0.0,0.0,0.196776,0.578892,0.65771,0.0,0.147276,0.0,0.0,0.88317,0.767046,0.938151,0.0,0.303487,0.0,0.0,0.220557,0.358684,0.0,0.0,0.180108,0.157811,0.0,0.0,0.831815,0.0,0.557023,0.068016,0.192808,0.279844,0.288228,0.0,0.508241
311,0.975531,0.0,0.0,0.503543,0.443777,0.12885,0.0,0.0,0.0,0.0,0.0,0.157559,0.43919,0.0,0.0,0.0,0.0,0.041328,0.398316,0.603731,0.0,0.146822,0.0,0.0,0.603986,0.484132,0.706147,0.0,0.080662,0.0,0.0,0.0,0.017238,0.0,0.0,0.131564,0.0,0.0,0.0,0.364692,0.0,0.604883,0.0,0.175475,0.103036,0.556072,0.082585,0.037791
312,0.80292,0.0,0.093982,0.420727,0.27653,0.087801,0.0,0.0,0.0,0.0,0.0,0.012111,0.455907,0.054432,0.0,0.0,0.204941,0.011428,0.367848,0.396814,0.0,0.150336,0.0,0.0,0.592305,0.440911,0.665906,0.0,0.081183,0.103913,0.0,0.0,0.067647,0.0,0.0,0.187991,0.0,0.0,0.0,0.200995,0.130348,0.471731,0.0,0.114706,0.10631,0.593115,0.261545,0.0
313,0.36319,0.0,0.136509,0.787666,0.471384,0.0,0.154996,0.0,0.0,0.0757,0.0,0.0,0.117525,0.0,0.0,0.0,0.649224,0.043842,0.292517,0.116879,0.01248,0.059144,0.044216,0.0,0.425449,0.366722,0.201317,0.0,0.005093,0.024535,0.0,0.0,0.0,0.0,0.0,0.350408,0.0,0.0,0.0,0.0,0.503287,0.180242,0.0,0.283474,0.131772,0.465983,0.178306,0.0
314,0.209478,0.0,0.247461,0.526698,0.152535,0.0,0.159964,0.0,0.0,0.458109,0.0,0.041525,0.0,0.091101,0.0,0.0,0.434182,0.192277,0.140419,0.264073,0.189276,0.066313,0.0,0.0,0.187098,0.058502,0.276774,0.0,0.0,0.162896,0.0,0.0,0.0,0.0,0.0,0.427454,0.0,0.0,0.0,0.196219,0.734646,0.100182,0.188523,0.58349,0.133125,0.405562,0.204076,0.0
315,0.242836,0.0,0.434228,0.473984,0.131177,0.0,0.271842,0.0,0.0,0.511256,0.0,0.028468,0.0,0.0,0.0,0.0,0.518206,0.089517,0.149196,0.077903,0.217808,0.072357,0.0,0.0,0.195414,0.106144,0.114042,0.0,0.0,0.052533,0.0,0.0,0.0,0.0,0.0,0.371109,0.0,0.0,0.0,0.316265,0.94092,0.0,0.04656,0.511333,0.078986,0.370992,0.277508,0.0
316,0.322682,0.0,0.31693,0.194185,0.200875,0.0,0.293021,0.0,0.0,0.658488,0.040679,0.0,0.093347,0.005961,0.0,0.0,0.230429,0.168795,0.208325,0.235637,0.24186,0.0,0.0,0.0,0.202051,0.068895,0.279058,0.0,0.0,0.191871,0.0,0.0,0.0,0.0,0.032909,0.422598,0.0,0.0,0.0,0.436131,0.881443,0.14922,0.115533,0.594376,0.073963,0.37938,0.321809,0.0
317,0.221242,0.0,0.29485,0.017321,0.212455,0.0,0.345908,0.0,0.0,0.594563,0.061069,0.002513,0.180606,0.12128,0.0,0.048807,0.180565,0.068,0.124368,0.160363,0.351094,0.0,0.0,0.0,0.134055,0.0,0.24935,0.0,0.0,0.174416,0.0,0.0,0.0,0.0,0.149897,0.303187,0.0,0.0,0.0,0.513533,0.834254,0.200112,0.208569,0.625385,0.0,0.41732,0.503399,0.0
318,0.302743,0.0,0.387807,0.252029,0.289848,0.0,0.47634,0.0,0.0,0.46347,0.047391,0.0,0.203306,0.010005,0.0,0.035954,0.459106,0.0,0.198538,0.031779,0.263039,0.020756,0.0,0.0,0.236304,0.126865,0.12983,0.0,0.0,0.193307,0.0,0.0,0.0,0.0,0.04731,0.189462,0.0,0.0,0.0,0.400303,0.758751,0.223637,0.262539,0.468707,0.0,0.437294,0.569738,0.0
319,0.341856,0.0,0.249431,0.348622,0.282084,0.0,0.551641,0.0,0.0,0.486558,0.0,0.084918,0.223382,0.126425,0.0,0.0,0.235698,0.0,0.224743,0.090986,0.261843,0.0,0.0,0.0,0.163801,0.01351,0.272957,0.0,0.033478,0.108183,0.0,0.0,0.0,0.062222,0.103037,0.0,0.0,0.0,0.0,0.537463,0.390762,0.369325,0.554318,0.515391,0.0,0.33289,0.295782,0.0
320,0.436848,0.0,0.364905,0.450594,0.28424,0.0,0.7441,0.0,0.0,0.577053,0.250178,0.0,0.411396,0.01461,0.0,0.0,0.437913,0.0,0.362867,0.023751,0.243487,0.0,0.0,0.0,0.19047,0.243249,0.219652,0.0,0.0,0.406667,0.0,0.0,0.0,0.279692,0.018536,0.0,0.0,0.0,0.0,0.49336,0.363897,0.456353,0.588568,0.424742,0.0,0.255688,0.52205,0.0
321,0.373719,0.0,0.292832,0.521795,0.340688,0.0,0.846369,0.0,0.0,0.672626,0.159622,0.0,0.231562,0.0,0.0,0.0,0.458541,0.0,0.487594,0.0,0.485676,0.018651,0.0,0.0,0.0,0.430975,0.159753,0.0,0.0,0.220553,0.0,0.0,0.0,0.452826,0.0,0.0,0.0,0.0,0.0,0.567578,0.3379,0.275182,0.57637,0.574479,0.0,0.076393,0.578314,0.0
322,0.61643,0.0,0.367758,0.503022,0.082435,0.0,1.167959,0.0,0.0,0.829248,0.353097,0.0,0.351026,0.0,0.0,0.0,0.167702,0.0,0.376105,0.0,0.405153,0.0,0.0,0.0,0.019438,0.259834,0.355398,0.0,0.118242,0.251122,0.0,0.0,0.0,0.519403,0.0,0.0,0.0,0.0,0.0,0.543438,0.135075,0.507437,0.993731,0.487585,0.0,0.0,0.40947,0.0
323,0.430314,0.0,0.2079,0.449099,0.046179,0.0,1.150894,0.0,0.0,1.044601,0.280447,0.0,0.363253,0.0,0.0,0.019513,0.171041,0.0,0.31735,0.0,0.635183,0.0,0.0,0.0,0.0,0.4314,0.329248,0.0,0.116347,0.258658,0.0,0.0,0.0,0.487513,0.0,0.0,0.0,0.0,0.0,0.604214,0.16385,0.327495,1.152367,0.657672,0.0,0.0,0.593583,0.0
324,0.223949,0.0,0.383192,0.265722,0.0,0.0,1.221691,0.0,0.0,1.155471,0.099982,0.0,0.611675,0.156237,0.0,0.0,0.24493,0.0,0.216014,0.0,0.588992,0.0,0.0,0.0,0.0,0.460946,0.35852,0.0,0.04497,0.598236,0.0,0.0,0.0,0.57976,0.0,0.008886,0.0,0.0,0.0,0.661411,0.341324,0.345172,1.307908,0.630809,0.0,0.0,0.564795,0.0
325,0.324239,0.0,0.408176,0.211278,0.087136,0.0,1.308308,0.0,0.0,1.497525,0.30044,0.0,0.175856,0.0,0.0,0.00157,0.353176,0.0,0.250397,0.0,0.844807,0.0,0.0,0.0,0.0,0.258251,0.274161,0.0,0.0,0.482639,0.0,0.0,0.0,0.413822,0.0,0.0,0.0,0.0,0.0,0.808525,0.730612,0.0,1.109202,1.085054,0.0,0.0,0.50496,0.0
326,0.050061,0.0,0.527294,0.138311,0.0,0.0,1.267288,0.0,0.0,1.429508,0.0,0.0,0.373198,0.075334,0.0,0.0,0.257683,0.0,0.0,0.0,0.760947,0.0,0.0,0.0,0.0,0.135471,0.356914,0.0,0.0,0.697662,0.0,0.0,0.0,0.30565,0.125815,0.082711,0.0,0.0,0.0,0.67011,0.862505,0.0,1.327726,1.103721,0.0,0.0,0.385769,0.0
327,0.043807,0.0,0.546489,0.060192,0.0,0.0,1.337119,0.0,0.0,1.414115,0.0,0.0,0.359577,0.107533,0.0,0.0,0.106142,0.041905,0.0,0.0,0.802639,0.0,0.0,0.0,0.0,0.049357,0.503829,0.0,0.0,0.763736,0.0,0.0,0.0,0.090076,0.257223,0.140658,0.0,0.0,0.0,0.564413,0.998003,0.0,1.396616,1.117281,0.0,0.0,0.299899,0.0
328,0.142299,0.0,0.452505,0.015369,0.0,0.0,0.904678,0.0,0.0,1.198972,0.0,0.0,0.398773,0.119402,0.0,0.0,0.236661,0.0,0.0,0.039423,0.697539,0.0,0.0,0.0,0.0,0.061393,0.198287,0.0,0.0,0.657442,0.0,0.0,0.0,0.0,0.194686,0.077993,0.0,0.0,0.0,0.549497,0.921466,0.035709,0.89863,1.002889,0.0,0.0,0.287293,0.0
329,0.0,0.0,0.333461,0.183269,0.0,0.0,0.610612,0.0,0.0,1.20246,0.0,0.0,0.169821,0.007943,0.0,0.0,0.245473,0.186389,0.0,0.09403,0.594833,0.0,0.0,0.0,0.0,0.037048,0.172138,0.0,0.0,0.675984,0.0,0.0,0.0,0.0,0.15787,0.204636,0.0,0.0,0.0,0.353331,1.106232,0.0,0.735626,0.993209,0.0,0.0,0.364785,0.0
330,0.111911,0.0,0.248876,0.206693,0.004636,0.0,0.53797,0.0,0.0,1.015079,0.0,0.0,0.11575,0.184467,0.0,0.0,0.209102,0.391218,0.0,0.208581,0.467678,0.0,0.0,0.0,0.0,0.0,0.201139,0.0,0.0,0.66702,0.0,0.0,0.0,0.0,0.255913,0.320981,0.0,0.0,0.0,0.037539,0.976276,0.0,0.725597,0.878323,0.0,0.053761,0.248702,0.0
331,0.076372,0.0,0.0,0.0,0.21085,0.0,0.428543,0.0,0.0,0.617207,0.0,0.0,0.145721,0.456207,0.0,0.0,0.0,0.230241,0.0,0.196889,0.488497,0.0,0.0,0.0,0.0,0.0,0.414166,0.0,0.0,0.430261,0.0,0.0,0.0,0.0,0.173714,0.492597,0.124251,0.0,0.0,0.317159,0.678889,0.005839,0.651569,0.924768,0.123265,0.144586,0.0,0.089609
332,0.119776,0.0,0.0,0.234435,0.0,0.0,0.205222,0.0,0.0,0.842202,0.0,0.0,0.203044,0.268986,0.0,0.0,0.1685,0.396467,0.0,0.136482,0.250153,0.0,0.0,0.0,0.0,0.0,0.227715,0.0,0.0,0.357126,0.0,0.0,0.0,0.0,0.080771,0.474329,0.0,0.0,0.0,0.0,0.90687,0.0,0.509852,0.783221,0.224938,0.100034,0.008959,0.0
333,0.157897,0.0,0.0,0.436896,0.0,0.0,0.018454,0.0,0.0,1.152018,0.0,0.0,0.310942,0.159949,0.0,0.0,0.345924,0.618439,0.0,0.035386,0.114413,0.0227,0.0,0.143602,0.0,0.0,0.120821,0.0,0.0,0.281755,0.0,0.0,0.0,0.0,0.0,0.552752,0.0,0.0,0.0,0.0,1.057393,0.0,0.611636,0.734392,0.263935,0.0,0.079173,0.0
334,0.119922,0.0,0.0,0.52397,0.0,0.0,0.0,0.0,0.0,1.156035,0.0,0.0,0.23323,0.267703,0.0,0.0,0.345806,0.530739,0.001004,0.093725,0.090259,0.0,0.0,0.007942,0.0,0.0,0.077122,0.0,0.0,0.053336,0.0,0.0,0.0,0.0,0.0,0.695451,0.0,0.0,0.0,0.0,1.085533,0.0,0.324834,1.074527,0.345415,0.07716,0.0,0.0
335,0.233291,0.094982,0.0,0.411765,0.034623,0.0,0.0,0.0,0.0,0.92254,0.0,0.035505,0.214527,0.202928,0.0,0.0,0.11002,0.529152,0.0,0.341477,0.169602,0.0,0.0,0.0,0.0,0.0,0.227161,0.0,0.0,0.078127,0.0,0.0,0.0,0.0,0.0,0.822647,0.0,0.0,0.0,0.0,1.149501,0.0,0.288869,0.981512,0.397341,0.157379,0.0,0.223975
336,0.301618,0.0787,0.0,0.33812,0.0,0.0,0.0,0.0,0.0,0.94423,0.0,0.0,0.172896,0.177698,0.0,0.0,0.270148,0.587174,0.0,0.432025,0.322629,0.0,0.0,0.0,0.0,0.0,0.236504,0.0,0.0,0.0,0.0,0.0,0.0,0.0,0.0,0.826596,0.0,0.0,0.0,0.0,1.123183,0.0,0.189014,1.031964,0.627782,0.197874,0.0,0.226763
337,0.41565,0.0,0.0,0.410233,0.0,0.0,0.0,0.0,0.0,1.029049,0.0,0.0,0.0,0.275213,0.08794,0.0,0.410229,0.836314,0.0,0.28989,0.036794,0.127909,0.0,0.0,0.154755,0.0,0.0,0.0,0.0,0.0,0.0,0.0,0.0,0.0,0.0,0.862368,0.0,0.0,0.0,0.0,1.100321,0.0,0.241718,0.913665,0.746637,0.148841,0.0,0.0
338,0.348475,0.0,0.211219,0.528837,0.0,0.0,0.0,0.0,0.0,1.031094,0.0,0.0,0.0,0.215377,0.153798,0.0,0.581926,0.771919,0.0,0.380277,0.012138,0.206837,0.0,0.0,0.131804,0.0,0.042824,0.0,0.0,0.0,0.0,0.0,0.0,0.0,0.0,0.804534,0.0,0.0,0.0,0.0,1.186672,0.0,0.202846,0.939493,0.727737,0.238632,0.0,0.0
339,0.360182,0.020281,0.068851,0.299174,0.058115,0.0,0.0,0.0,0.0,0.694539,0.0,0.0,0.0,0.269163,0.03216,0.0,0.559418,0.600828,0.0,0.279296,0.039362,0.277522,0.0,0.0,0.307712,0.0,0.239051,0.0,0.0,0.0,0.0,0.0,0.0,0.0,0.0,0.668113,0.0,0.0,0.0,0.0,0.996561,0.0,0.0,0.976628,0.574637,0.290997,0.0,0.0
340,0.411923,0.0,0.066193,0.193269,0.0,0.0,0.0,0.0,0.0,0.743871,0.0,0.0,0.0,0.202394,0.000894,0.0,0.396056,0.57998,0.068288,0.382265,0.002371,0.193235,0.0,0.0,0.176415,0.0,0.201467,0.0,0.0,0.0,0.0,0.0,0.0,0.0,0.0,0.520581,0.0,0.0,0.0,0.0,0.913851,0.0,0.086095,0.745563,0.457671,0.208856,0.0,0.0
341,0.671078,0.104403,0.0,0.006717,0.0,0.0,0.0,0.0,0.0,0.77427,0.0,0.098051,0.041401,0.037829,0.0,0.0,0.039211,0.422764,0.16131,0.425191,0.20524,0.176868,0.0,0.0,0.172144,0.124697,0.349105,0.0,0.0,0.010997,0.0,0.0,0.0,0.0,0.0,0.142468,0.000383,0.0,0.0,0.0,0.984893,0.0,0.0,0.710546,0.080685,0.372796,0.0,0.148124
342,0.433586,0.0,0.0,0.215887,0.053399,0.0,0.0,0.0,0.0,0.739953,0.0,0.182895,0.065879,0.0,0.0,0.093664,0.256226,0.416216,0.266927,0.017247,0.222568,0.04137,0.0,0.0,0.142823,0.129636,0.104033,0.0,0.0,0.0,0.0,0.0,0.0,0.0,0.131794,0.0,0.0,0.0,0.0,0.0,0.801262,0.0,0.044312,0.712388,0.0,0.331433,0.02444,0.0
343,0.331162,0.0,0.0,0.207101,0.0,0.0,0.396167,0.0,0.040218,0.830774,0.0,0.179536,0.508043,0.0,0.0,0.04184,0.047316,0.462082,0.409532,0.148979,0.384634,0.0,0.0,0.0,0.13202,0.146759,0.263081,0.0,0.051996,0.0,0.0,0.0,0.0,0.0,0.317965,0.0,0.0,0.0,0.0,0.127043,0.911904,0.0,0.574829,0.605946,0.0,0.207461,0.0,0.0
344,0.398084,0.0,0.0,0.028454,0.0,0.0,0.465355,0.0,0.0,0.878278,0.0,0.279752,0.556466,0.0,0.0,0.035219,0.080224,0.24975,0.536613,0.009205,0.360068,0.0,0.0,0.0,0.335057,0.185465,0.335577,0.0,0.0,0.049226,0.0,0.0,0.0,0.0,0.21638,0.0,0.0,0.0,0.0,0.225446,1.162473,0.0,0.402769,0.557414,0.0,0.392576,0.00689,0.096884
345,0.47756,0.0,0.0,0.0,0.0,0.0,0.551438,0.0,0.0,0.896231,0.020209,0.112668,0.694746,0.0,0.0,0.305066,0.0,0.282236,0.816771,0.0,0.418827,0.005803,0.0,0.0,0.286043,0.17645,0.165441,0.0,0.0,0.0,0.0,0.0,0.0,0.0,0.15047,0.0,0.0,0.0,0.0,0.20999,1.207489,0.0,0.184619,0.476885,0.0,0.564506,0.333848,0.0
346,0.579814,0.0,0.0,0.0,0.159052,0.0,0.631723,0.0,0.0,0.715498,0.080134,0.0,0.764795,0.0,0.0,0.344998,0.159105,0.260209,0.977791,0.0,0.366682,0.039946,0.0,0.0,0.49341,0.227533,0.234806,0.0,0.0,0.008501,0.0,0.0,0.0,0.0,0.237147,0.0,0.0,0.0,0.0,0.111051,1.238732,0.0,0.296225,0.268704,0.0,0.831925,0.412581,0.0
347,0.637576,0.0,0.0,0.0,0.134816,0.0,0.533534,0.0,0.0,0.405401,0.153241,0.0,1.093949,0.0,0.0,0.290705,0.203181,0.198463,1.054158,0.0,0.285787,0.0,0.0,0.0,0.679157,0.305991,0.213169,0.0,0.0,0.0,0.0,0.0,0.03596,0.0,0.413576,0.0,0.0,0.187061,0.0,0.208012,1.090928,0.0,0.287141,0.122975,0.0,1.18367,0.46855,0.0
348,0.683379,0.0,0.0,0.0,0.0,0.0,0.552062,0.0,0.0,0.688584,0.41425,0.075241,1.130438,0.0,0.0,0.336584,0.0,0.162417,1.081971,0.0,0.643695,0.0,0.0,0.0,0.604593,0.352904,0.319282,0.0,0.0,0.0,0.0,0.0,0.016555,0.0,0.178076,0.0,0.0,0.0,0.0,0.423264,1.108924,0.0,0.201277,0.34171,0.0,1.070304,0.295247,0.0
349,0.560771,0.0,0.0,0.0,0.008299,0.0,0.51993,0.0,0.0,0.581875,0.299676,0.212209,1.252304,0.0,0.0,0.286289,0.0,0.114308,0.924278,0.0,0.622715,0.0,0.0,0.0,0.594459,0.390441,0.430665,0.0,0.0,0.023847,0.0,0.0,0.159722,0.0,0.243679,0.0,0.0,0.0,0.0,0.438583,1.000541,0.0,0.230746,0.408008,0.0,0.944014,0.164018,0.0
350,0.105188,0.0,0.0,0.0,0.162109,0.0,0.230652,0.0,0.0,0.552977,0.0,0.550997,0.88194,0.0,0.0,0.251485,0.0,0.377775,0.54387,0.0,0.42926,0.0,0.0,0.0,0.430486,0.124453,0.379841,0.0,0.0,0.250542,0.0,0.0,0.0,0.0,0.299419,0.0,0.0,0.0,0.0,0.532496,1.016973,0.0,0.625261,0.292238,0.0,0.412083,0.234989,0.0
351,0.010303,0.0,0.0,0.0,0.361367,0.0,0.071363,0.0,0.0,0.636072,0.0,0.562901,0.655275,0.0,0.0,0.359492,0.0,0.495432,0.371734,0.0,0.435491,0.0,0.0,0.0,0.372466,0.135154,0.42369,0.0,0.0,0.274178,0.0,0.0,0.0,0.0,0.36579,0.074217,0.0,0.0,0.0,0.478132,1.020316,0.0,0.572691,0.388822,0.0,0.240848,0.413786,0.0
352,0.0,0.0,0.0,0.0,0.602237,0.0,0.078423,0.0,0.0,0.363989,0.0,0.846433,1.023016,0.286767,0.0,0.228281,0.0,0.275096,0.267863,0.04722,0.590961,0.0,0.0,0.0,0.477278,0.318174,0.809333,0.0,0.147054,0.219255,0.0,0.0,0.031958,0.0,0.586306,0.050867,0.210772,0.0,0.0,0.65027,0.731022,0.0,0.637099,0.501136,0.0,0.31014,0.02449,0.116
353,0.362535,0.0,0.0,0.0,0.64816,0.0,0.0,0.0,0.0,0.221286,0.195875,0.778993,0.975083,0.428333,0.0,0.143034,0.0,0.352245,0.230878,0.590857,0.47244,0.0,0.0,0.0,0.621689,0.179277,0.986477,0.0,0.237219,0.231492,0.0,0.0,0.50947,0.0,0.449297,0.021192,0.408171,0.0,0.0,0.714949,0.410275,0.214814,0.387845,0.431308,0.0,0.417979,0.0,0.064592
354,0.854169,0.0,0.0,0.0,0.492209,0.076979,0.0,0.0,0.0,0.012765,0.485111,1.032221,0.928731,0.218735,0.0,0.226543,0.0,0.056096,0.444318,0.517038,0.645454,0.0,0.0,0.0,0.83403,0.40477,1.110252,0.0,0.203142,0.0,0.0,0.0,0.519725,0.0,0.353033,0.0,0.457965,0.0,0.0,0.739379,0.388009,0.312131,0.112646,0.227687,0.0,0.779623,0.0,0.195893
355,1.166979,0.0,0.0,0.0,0.721734,0.410143,0.0,0.0,0.0,0.0,0.561217,0.855323,1.166329,0.154202,0.0,0.1766,0.0,0.0,0.485102,0.390036,0.500634,0.0,0.0,0.0,0.989625,0.657236,1.042086,0.0,0.289862,0.0,0.0,0.0,0.565948,0.0,0.208242,0.0,0.155386,0.0,0.0,0.576309,0.211548,0.599348,0.0,0.0,0.0,1.11931,0.0,0.0
356,1.058538,0.0,0.0,0.016924,0.765974,0.381254,0.0,0.0,0.0,0.0,0.560057,0.761839,1.203731,0.287203,0.0,0.311199,0.0,0.0,0.568628,0.426992,0.259074,0.0,0.0,0.0,0.924676,0.681652,0.991085,0.0,0.357729,0.0,0.0,0.0,0.491233,0.0,0.195645,0.0,0.14892,0.0,0.0,0.586117,0.0,0.813071,0.0,0.0,0.0,1.122147,0.130434,0.0
357,0.619856,0.0,0.0,0.121952,1.030109,0.151351,0.0,0.0,0.0,0.0,0.355139,0.626266,0.92246,0.342534,0.0,0.37223,0.0,0.0,0.548199,0.166784,0.0,0.0,0.0,0.0,0.830641,0.753653,0.59213,0.0,0.246169,0.0,0.0,0.0,0.257003,0.0,0.0,0.0,0.0,0.0,0.0,0.891344,0.086148,0.671352,0.0,0.0,0.0,0.796541,0.326983,0.0
358,0.656565,0.0,0.0,0.218388,0.981108,0.121306,0.012945,0.0,0.0,0.0,0.165723,0.435253,0.989412,0.239148,0.0,0.582146,0.312396,0.0,0.548433,0.0,0.0,0.146146,0.0,0.0,0.657994,0.764287,0.286572,0.0,0.233648,0.0,0.0,0.0,0.0,0.0,0.0,0.057172,0.0,0.0,0.0,0.69032,0.204517,0.72733,0.0,0.0,0.0,0.988225,0.540155,0.0
359,0.507138,0.0,0.0,0.560452,0.983272,0.0,0.231434,0.0,0.0,0.0,0.0,0.211962,0.841548,0.148039,0.0,0.356393,0.564432,0.0,0.585809,0.0,0.0,0.199419,0.0,0.0,0.556517,0.840167,0.051023,0.0,0.09539,0.0,0.0,0.0,0.0,0.0,0.0,0.194723,0.0,0.0,0.0,0.448447,0.283745,0.580269,0.0,0.0,0.03251,0.996234,0.407324,0.0
360,0.404861,0.0,0.0,0.470099,0.637291,0.0,0.32197,0.0,0.0,0.0,0.039139,0.0,0.932108,0.102419,0.0,0.224581,0.661209,0.0,0.616541,0.0,0.0,0.383757,0.0,0.0,0.403897,0.876907,0.120501,0.0,0.0,0.0,0.0,0.0,0.0,0.0,0.0,0.450426,0.0,0.0,0.0,0.35347,0.474498,0.580507,0.066365,0.03478,0.203931,1.087504,0.575421,0.0
361,0.27289,0.0,0.159212,0.892157,0.521534,0.0,0.508844,0.0,0.0,0.005056,0.0,0.0,0.595953,0.041183,0.0,0.0,0.90912,0.0,0.743742,0.069998,0.06838,0.375588,0.0,0.0,0.147445,0.981083,0.075406,0.0,0.0,0.008042,0.0,0.0,0.0,0.0,0.0,0.611715,0.0,0.0,0.0,0.0,0.632919,0.288208,0.184586,0.217324,0.46435,0.858644,0.361059,0.0
362,0.237122,0.0,0.369916,0.964877,0.233315,0.0,0.468321,0.0,0.0,0.572999,0.0,0.0,0.180836,0.0,0.0,0.0,0.804661,0.082599,0.674882,0.072857,0.053644,0.294134,0.0,0.0,0.070361,0.484549,0.074897,0.0,0.0,0.0,0.0,0.0,0.0,0.0,0.0,0.581895,0.0,0.0,0.0,0.0,0.632276,0.191125,0.549375,0.754044,0.555018,0.485362,0.147416,0.0
363,0.322379,0.0,0.522092,0.828659,0.0,0.0,0.592317,0.0,0.0,1.169761,0.0,0.0,0.020142,0.0,0.0,0.0,0.767802,0.156215,0.532866,0.024896,0.206121,0.278583,0.0,0.0,0.056636,0.264959,0.206491,0.0,0.0,0.0,0.0,0.0,0.0,0.0,0.0,0.521129,0.0,0.0,0.0,0.0,0.872325,0.09621,0.817022,0.936372,0.407254,0.311495,0.151295,0.0
364,0.285895,0.0,0.40169,0.316819,0.0,0.0,0.799771,0.0,0.0,1.380539,0.0,0.0,0.003082,0.161846,0.0,0.0,0.21655,0.400632,0.057494,0.368348,0.444591,0.0,0.0,0.0,0.0,0.003137,0.470915,0.0,0.004977,0.253067,0.0,0.0,0.0,0.0,0.039645,0.36971,0.0,0.0,0.0,0.0,0.998711,0.0,1.120596,1.102038,0.094662,0.048246,0.007176,0.0
365,0.375297,0.0,0.34342,0.274359,0.0,0.0,0.503314,0.0,0.0,1.642354,0.0,0.0,0.0,0.093296,0.0,0.0,0.286761,0.426828,0.014164,0.307455,0.683264,0.0,0.0,0.0,0.0,0.0,0.375931,0.0,0.0,0.133759,0.0,0.0,0.0,0.0,0.056038,0.284937,0.0,0.0,0.0,0.054274,1.154037,0.0,0.72411,1.259,0.0,0.064051,0.088846,0.0
366,0.387295,0.0,0.287734,0.118851,0.0,0.0,0.469702,0.0,0.0,1.557956,0.0,0.0,0.0,0.136287,0.0,0.0,0.178567,0.581961,0.0,0.422179,0.699009,0.0,0.0,0.0,0.0,0.0,0.390943,0.0,0.0,0.308516,0.0,0.0,0.0,0.0,0.22619,0.322085,0.0,0.0,0.0,0.058398,1.225116,0.0,0.716665,1.140178,0.0,0.0,0.013272,0.0
367,0.391942,0.0,0.062324,0.120084,0.008338,0.0,0.104157,0.0,0.0,1.27016,0.0,0.0,0.0,0.216131,0.0,0.0,0.304315,0.567927,0.0,0.362314,0.74856,0.0,0.0,0.0,0.0,0.0,0.310968,0.0,0.0,0.250989,0.0,0.0,0.0,0.0,0.257366,0.41279,0.0,0.0,0.0,0.129664,1.191903,0.0,0.318925,1.135742,0.0,0.0,0.062019,0.0
368,0.369083,0.0,0.0,0.0,0.267996,0.0,0.0,0.0,0.0,0.733366,0.0,0.374152,0.054266,0.177898,0.0,0.0,0.068895,0.364763,0.0,0.416081,0.704609,0.0,0.0,0.0,0.247996,0.0,0.740921,0.0,0.0,0.366839,0.0,0.0,0.150478,0.0,0.444249,0.337784,0.295521,0.0,0.0,0.300052,0.978801,0.0,0.199887,0.991882,0.0,0.151679,0.0,0.0
369,0.43412,0.0,0.0,0.0,0.288455,0.0,0.0,0.0,0.0,0.441017,0.0,0.637388,0.517334,0.355791,0.0,0.0,0.0,0.239146,0.042652,0.676722,0.900788,0.0,0.0,0.0,0.344566,0.21138,1.155308,0.0,0.150882,0.314002,0.0,0.07043,0.303567,0.0,0.523017,0.244546,0.678881,0.0,0.0,0.435512,0.655975,0.136069,0.16023,0.774885,0.0,0.357673,0.0,0.398858
370,0.270534,0.0,0.0,0.0,0.593825,0.0,0.0,0.0,0.0,0.015676,0.0,0.694819,0.58364,0.377832,0.0,0.071525,0.0,0.302349,0.110035,0.545759,0.578592,0.0,0.0,0.0,0.428726,0.168607,0.768016,0.0,0.172146,0.298139,0.0,0.0,0.387002,0.0,0.527955,0.15645,0.203416,0.0,0.0,0.445623,0.495941,0.068047,0.144936,0.390602,0.0,0.368833,0.0,0.0
371,0.38009,0.0,0.0,0.0,0.681601,0.0,0.0,0.0,0.0,0.0,0.0,0.684385,0.956887,0.452274,0.0,0.0,0.0,0.138945,0.283249,0.723233,0.529059,0.0,0.0,0.0,0.519394,0.352997,0.942989,0.0,0.18149,0.270224,0.0,0.0,0.689197,0.0,0.434761,0.085851,0.416925,0.0,0.0,0.702622,0.164759,0.307182,0.072137,0.172017,0.0,0.597162,0.0,0.113983
372,0.437278,0.0,0.0,0.0,0.866927,0.060771,0.0,0.0,0.0,0.0,0.0,0.629969,1.012947,0.187723,0.0,0.117705,0.0,0.07311,0.332474,0.279464,0.284952,0.0,0.0,0.0,0.601533,0.433674,0.606333,0.0,0.185168,0.226254,0.0,0.0,0.526642,0.0,0.437204,0.0,0.078981,0.0,0.0,0.580421,0.204853,0.169572,0.075952,0.0,0.0,0.714948,0.004062,0.0
373,0.410617,0.0,0.0,0.0,0.824616,0.0,0.0,0.0,0.0,0.0,0.0,0.697951,1.282472,0.209439,0.0,0.052767,0.0,0.0,0.667725,0.24644,0.378408,0.0,0.0,0.0,0.652053,0.493702,0.697652,0.0,0.079813,0.066894,0.0,0.0,0.461684,0.0,0.21899,0.0,0.291162,0.0,0.0,0.903141,0.081911,0.33846,0.043317,0.008934,0.0,0.80436,0.0,0.25126
374,0.346929,0.0,0.0,0.2684,0.625982,0.0,0.0,0.0,0.0,0.0,0.0,0.317214,1.062878,7.7e-05,0.0,0.309633,0.0,0.0,0.867297,0.041472,0.226294,0.0,0.0,0.0,0.470577,0.529264,0.051834,0.0,0.0,0.031502,0.0,0.0,0.045006,0.0,0.012702,0.0,0.0,0.0,0.0,0.425768,0.322112,0.258454,0.021676,0.0,0.0,0.769166,0.02239,0.021577
375,0.494713,0.0,0.0,0.311302,0.652032,0.0,0.204219,0.0,0.0,0.0,0.0477,0.0,1.08802,0.0,0.0,0.354569,0.399049,0.0,1.036813,0.0,0.164002,0.151473,0.0,0.0,0.537908,0.666147,0.030801,0.0,0.0,0.122479,0.0,0.0,0.0,0.0,0.079021,0.0,0.0,0.0,0.0,0.114901,0.459207,0.337119,0.0,0.0,0.0,1.087033,0.220426,0.0
376,0.6649,0.0,0.0,0.259809,0.779598,0.0,0.317602,0.0,0.0,0.0,0.0,0.0,0.978956,0.0,0.0,0.422217,0.516809,0.0,1.13556,0.0,0.040584,0.084915,0.0,0.0,0.677848,0.652619,0.0,0.0,0.0,0.0,0.0,0.0,0.0,0.0,0.173543,0.0,0.0,0.169323,0.0,0.056432,0.552159,0.125637,0.0,0.0,0.0,1.23725,0.203292,0.0
377,0.698249,0.0,0.0,0.0,0.583707,0.0,0.313536,0.0,0.0,0.0,0.309376,0.126148,0.978612,0.0,0.0,0.532695,0.426806,0.0,1.089917,0.0,0.0,0.277719,0.0,0.0,0.621013,0.626062,0.166086,0.0,0.0,0.0,0.0,0.0,0.0,0.0,0.193075,0.0,0.0,0.205902,0.0,0.459161,0.916458,0.13897,0.0,0.0,0.0,1.267431,0.391164,0.0
378,0.954414,0.0,0.0,0.0,0.378284,0.0,0.37866,0.0,0.0,0.0,0.519125,0.415529,0.792464,0.0,0.0,0.4385,0.353633,0.0,1.146595,0.0,0.051985,0.355876,0.0,0.0,0.827636,0.651135,0.236612,0.0,0.0,0.0,0.0,0.0,0.0,0.0,0.103849,0.0,0.0,0.324232,0.0,0.429411,1.229666,0.153827,0.0,0.0,0.0,1.529707,0.373569,0.001865
379,0.616648,0.0,0.0,0.0,0.43343,0.0,0.231312,0.0,0.0,0.10025,0.533551,0.306985,0.531886,0.0,0.0,0.552135,0.484605,0.0,0.992061,0.0,0.021244,0.562728,0.0,0.0,0.71032,0.588721,0.310036,0.0,0.0,0.0,0.0,0.0,0.0,0.0,0.193338,0.0,0.0,0.220638,0.0,0.494298,1.505952,0.018572,0.0,0.079337,0.0,1.337527,0.676685,0.0
380,0.594212,0.0,0.0,0.0,0.341958,0.0,0.249254,0.0,0.0,0.231403,0.414466,0.384896,0.365733,0.0,0.12574,0.432132,0.423624,0.021303,0.808863,0.0,0.0,0.289868,0.0,0.0,0.810106,0.36074,0.367334,0.0,0.014706,0.0,0.0,0.0,0.0,0.0,0.177099,0.0,0.0,0.139617,0.0,0.385316,1.528679,0.114291,0.0,0.005144,0.0,1.279102,0.524449,0.0
381,0.591123,0.0,0.0,0.0,0.354077,0.0,0.159226,0.0,0.0,0.330784,0.315266,0.222199,0.324211,0.0,0.020957,0.337605,0.51978,0.0,0.618212,0.0,0.016903,0.44352,0.0,0.0,0.671972,0.427792,0.311308,0.0,0.0,0.0,0.0,0.0,0.0,0.0,0.235949,0.131625,0.0,0.201989,0.0,0.247667,1.520926,0.065721,0.0,0.220865,0.0,1.376989,0.803729,0.0
382,0.273399,0.0,0.049927,0.0,0.265698,0.0,0.125239,0.0,0.0,0.462798,0.041748,0.183035,0.148276,0.097861,0.065421,0.201511,0.449188,0.287477,0.290479,0.098043,0.030538,0.220589,0.0,0.0,0.481148,0.176655,0.337266,0.0,0.0,0.0,0.0,0.0,0.0,0.0,0.162197,0.31134,0.0,0.0,0.0,0.150477,1.3897,0.079579,0.0,0.402569,0.064139,0.903789,0.549312,0.0
383,0.424731,0.0,0.105009,0.0,0.168394,0.0,0.0,0.0,0.0,0.549358,0.0,0.220096,0.0,0.205439,0.082822,0.037749,0.166382,0.331475,0.247656,0.30657,0.078429,0.06149,0.0,0.0,0.326976,0.00714,0.368921,0.0,0.0,0.0,0.0,0.0,0.0,0.0,0.08725,0.283671,0.0,0.0,0.0,0.219967,1.085963,0.150629,0.0,0.563856,0.203498,0.682259,0.194583,0.098219
384,0.15526,0.0,0.003529,0.154359,0.050745,0.0,0.084397,0.0,0.0,0.649427,0.0,0.030305,0.0,0.333163,0.077185,0.0,0.478071,0.59028,0.044952,0.312568,0.083248,0.0,0.0,0.0,0.238846,0.0,0.222572,0.0,0.0,0.0,0.0,0.0,0.0,0.0,0.008166,0.534402,0.0,0.0,0.0,0.000697,1.081846,0.009096,0.327122,0.536438,0.442918,0.466194,0.138632,0.0
385,0.175369,0.0,0.240687,0.356857,0.007826,0.0,0.0,0.0,0.0,0.783185,0.0,0.060097,0.0,0.267332,0.006961,0.0,0.583687,0.669242,0.039005,0.3582,0.0,0.102173,0.0,0.0,0.219472,0.0,0.138752,0.0,0.0,0.0,0.0,0.0,0.0,0.0,0.0,0.615999,0.0,0.0,0.0,0.0,1.159614,0.0,0.236839,0.749195,0.645342,0.37037,0.030088,0.0
386,0.379957,0.0,0.256676,0.61363,0.125573,0.0,0.0,0.0,0.0,0.630608,0.0,0.085252,0.0,0.099346,0.166154,0.0,0.72446,0.534385,0.115936,0.165846,0.0,0.341415,0.0,0.0,0.313705,0.129548,0.008114,0.0,0.0,0.0,0.0,0.0,0.0,0.0,0.0,0.541663,0.0,0.0,0.0,0.0,1.04981,0.0,0.0,0.790722,0.648418,0.537859,0.035725,0.0
387,0.304936,0.0,0.299381,0.757566,0.108341,0.0,0.0,0.0,0.0,0.545697,0.0,0.0,0.0,0.033727,0.123083,0.0,0.887573,0.579893,0.263297,0.247248,0.0,0.411775,0.0,0.0,0.423225,0.172844,0.128356,0.0,0.0,0.0,0.0,0.0,0.0,0.0,0.0,0.708571,0.0,0.0,0.0,0.0,0.93492,0.0,0.0,0.719091,0.826786,0.547341,0.024323,0.0
388,0.569192,0.0,0.070708,0.699898,0.183319,0.0,0.0,0.0,0.0,0.089384,0.0,0.032655,0.0,0.0,0.126159,0.0,0.573866,0.53005,0.422201,0.268029,0.0,0.395535,0.0,0.0,0.540678,0.212452,0.057187,0.0,0.0,0.0,0.0,0.0,0.0,0.0,0.0,0.466232,0.0,0.0,0.0,0.0,0.739105,0.021316,0.0,0.700761,0.723549,0.630111,0.0,0.0
389,0.750994,0.0,0.125075,0.765332,0.232427,0.0,0.0,0.0,0.0,0.0,0.0,0.0,0.0,0.0,0.039422,0.0,0.604923,0.32961,0.556704,0.323245,0.0,0.643387,0.0,0.0,0.666252,0.369972,0.295669,0.0,0.0,0.0,0.0,0.0,0.0,0.0,0.0,0.42926,0.0,0.0,0.0,0.0,0.709486,0.153279,0.0,0.664683,0.732146,0.758358,0.0,0.0
390,0.783818,0.0,0.089342,0.837787,0.163098,0.0,0.0,0.0,0.0,0.0,0.0,0.0,0.210759,0.0,0.020238,0.0,0.700063,0.173423,0.759358,0.40624,0.0,0.668004,0.0,0.0,0.72517,0.650943,0.462475,0.0,0.0,0.0,0.0,0.0,0.0,0.0,0.0,0.505491,0.0,0.0,0.0,0.0,0.695556,0.217712,0.0,0.228742,0.619419,0.886962,0.027318,0.0
391,0.746381,0.0,0.0,0.942523,0.315571,0.0,0.0,0.0,0.0,0.0,0.0,0.0,0.397361,0.0,0.0,0.0,0.783968,0.039392,0.705325,0.163829,0.0,0.532585,0.0,0.0,0.791872,0.719299,0.255619,0.0,0.0,0.0,0.0,0.0,0.0,0.0,0.0,0.265224,0.0,0.0,0.0,0.0,0.438971,0.265664,0.0,0.166995,0.537923,1.005698,0.041968,0.0
392,0.594951,0.0,0.0,0.848527,0.383227,0.0,0.0,0.0,0.0,0.0,0.0,0.0,0.369222,0.0,0.0,0.0,0.614664,0.083483,0.58004,0.188503,0.0,0.420278,0.0,0.0,0.573934,0.563225,0.151868,0.0,0.0,0.0,0.0,0.0,0.0,0.0,0.0,0.349737,0.0,0.0,0.0,0.0,0.303934,0.202865,0.0,0.149344,0.547831,0.67406,0.07775,0.0
393,0.689234,0.0,0.0,0.604464,0.335886,0.0,0.0,0.0,0.0,0.0,0.0,0.0,0.333626,0.0,0.0,0.0,0.379395,0.033623,0.423431,0.226455,0.0,0.236043,0.0,0.0,0.40062,0.343258,0.095398,0.0,0.0,0.0,0.0,0.0,0.0,0.0,0.0,0.150411,0.0,0.0,0.0,0.053388,0.27469,0.210521,0.0,0.337146,0.555236,0.583716,0.0,0.0
394,0.414362,0.0,0.005298,0.456971,0.387322,0.0,0.149956,0.0,0.0,0.173879,0.0,0.002019,0.534791,0.0,0.0,0.0,0.346605,0.02183,0.234149,0.0,0.0,0.219523,0.0,0.0,0.13246,0.355256,0.023058,0.0,0.0,0.012297,0.0,0.0,0.0,0.0,0.0,0.188767,0.0,0.0,0.0,0.076922,0.418517,0.115226,0.229351,0.294045,0.337604,0.448849,0.027607,0.0
395,0.007352,0.0,0.002131,0.300381,0.223469,0.0,0.388925,0.0,0.0,0.473227,0.0,0.0,0.638967,0.159636,0.0,0.0,0.136404,0.307463,0.226246,0.0,0.0,0.131564,0.0,0.0,0.028346,0.389961,0.0,0.0,0.0,0.242063,0.0,0.0,0.0,0.0,0.0,0.295325,0.0,0.0,0.048916,0.0,0.464565,0.038615,0.615302,0.256623,0.268577,0.238621,0.192262,0.0
396,0.0,0.0,0.0,0.199476,0.183589,0.0,0.451456,0.0,0.0,0.671328,0.0,0.0,0.631287,0.094766,0.0,0.070176,0.069236,0.151945,0.251994,0.0,0.073125,0.00777,0.0,0.0,0.0,0.427453,0.0,0.0,0.0,0.271523,0.0,0.0,0.0,0.0,0.0,0.273881,0.0,0.0,0.02727,0.070697,0.542188,0.0,0.716135,0.303059,0.0,0.04697,0.295007,0.0
397,0.0,0.0,0.0,0.148317,0.249746,0.0,0.455702,0.0,0.0,0.797226,0.0,0.0,0.516057,0.037786,0.0,0.215084,0.136178,0.0,0.21855,0.0,0.199055,0.0,0.0,0.0,0.0,0.481759,0.012375,0.0,0.0,0.20605,0.0,0.0,0.0,0.0,0.0,0.360278,0.0,0.0,0.0,0.257397,0.64322,0.0,0.656864,0.508831,0.0,0.0,0.374349,0.0
398,0.109137,0.0,0.249714,0.135239,0.087504,0.0,0.658629,0.0,0.0,0.772905,0.0,0.0,0.577918,0.0,0.0,0.0,0.225299,0.066331,0.034369,0.0,0.152466,0.0,0.0,0.0,0.0,0.232073,0.154293,0.0,0.0,0.374736,0.0,0.0,0.0,0.0,0.085448,0.114081,0.0,0.0,0.0,0.053771,0.625059,0.118335,0.898059,0.418476,0.070132,0.170189,0.321727,0.0
399,0.218352,0.0,0.361156,0.152672,0.074067,0.0,0.589063,0.0,0.0,1.076545,0.0,0.0,0.273232,0.0,0.0,0.051968,0.29206,0.184132,0.015587,0.061992,0.287583,0.0,0.0,0.0,0.0,0.081104,0.272086,0.0,0.0,0.29019,0.0,0.0,0.0,0.0,0.030908,0.048394,0.0,0.0,0.0,0.149388,0.801928,0.0,0.661616,0.729952,0.093133,0.064912,0.253543,0.0
400,0.244862,0.0,0.27625,0.0,0.046589,0.0,0.554492,0.0,0.0,1.013508,0.0,0.0,0.201611,0.026855,0.0,0.0,0.177703,0.236101,0.0,0.117228,0.341878,0.0,0.0,0.0,0.0,0.0,0.31898,0.0,0.0,0.290882,0.0,0.0,0.0,0.0,0.176251,0.221182,0.0,0.0,0.0,0.223887,0.840263,0.069943,0.506855,0.875621,0.142707,0.086079,0.113344,0.0
401,0.109033,0.0,0.09303,0.0,0.0,0.0,0.535652,0.0,0.0,1.070276,0.0,0.0,0.0,0.2615,0.0,0.0,0.056461,0.590143,0.0,0.176454,0.404172,0.0,0.0,0.0,0.0,0.0,0.068417,0.0,0.0,0.292436,0.0,0.0,0.0,0.0,0.22699,0.447463,0.0,0.0,0.0,0.097925,1.084989,0.0,0.525999,1.01369,0.272296,0.0,0.208984,0.0
402,0.064385,0.0,0.026638,0.0,0.0,0.0,0.593348,0.0,0.0,1.372618,0.0,0.033948,0.0,0.248008,0.0,0.0,0.258247,0.571074,0.0,0.035853,0.487556,0.0,0.0,0.0,0.0,0.006874,0.064907,0.0,0.0,0.213529,0.0,0.0,0.0,0.0,0.223803,0.527044,0.0,0.0,0.0,0.17601,1.300203,0.0,0.367745,1.193937,0.156448,0.0,0.312288,0.0
403,0.013928,0.0,0.173316,0.0,0.0,0.0,0.869738,0.0,0.0,1.682777,0.0,0.193081,0.000164,0.207391,0.0,0.0,0.380991,0.624924,0.0,0.042466,0.63066,0.0,0.0,0.0,0.0,0.0,0.23359,0.0,0.0,0.298659,0.0,0.0,0.0,0.0,0.335658,0.376151,0.051262,0.0,0.0,0.164701,1.535513,0.0,0.488392,1.303963,0.0,0.0,0.110085,0.0
404,0.112486,0.0,0.333011,0.0,0.0,0.0,0.653644,0.0,0.0,2.073869,0.0,0.268491,0.0,0.109622,0.0,0.0,0.655358,0.669121,0.0,0.0,0.719352,0.0,0.0,0.0,0.0,0.0,0.093432,0.0,0.0,0.059907,0.0,0.0,0.0,0.0,0.123184,0.389423,0.0,0.0,0.0,0.190422,1.684345,0.0,0.305385,1.458168,0.0,0.0,0.202481,0.0
405,0.225097,0.0,0.172976,0.0,0.0,0.0,0.619512,0.0,0.0,2.273663,0.0,0.208907,0.0,0.078327,0.0,0.0,0.593441,0.650571,0.0,0.0,0.980013,0.0,0.0,0.0,0.0,0.0,0.03916,0.0,0.0,0.0,0.0,0.0,0.0,0.0,0.062299,0.283582,0.0,0.0,0.0,0.227807,1.632817,0.0,0.098628,1.531384,0.0,0.0,0.268624,0.0
406,0.281034,0.0,0.272108,0.0,0.0,0.0,0.639201,0.0,0.0,2.161573,0.0,0.058481,0.0,0.315689,0.0,0.0,0.284041,0.831179,0.0,0.248621,1.064546,0.0,0.0,0.0,0.0,0.0,0.53139,0.0,0.131994,0.167088,0.0,0.039505,0.0,0.0,0.499677,0.249922,0.0,0.0,0.0,0.201984,1.494205,0.0,0.640346,1.445639,0.0,0.0,0.080159,0.0
407,0.486938,0.0,0.507654,0.0,0.0,0.0,0.753906,0.0,0.0,1.948271,0.0,0.096052,0.0,0.630411,0.0,0.0,0.0,0.734495,0.0,0.698151,0.977922,0.0,0.0,0.0,0.0,0.0,1.193803,0.0,0.275995,0.714081,0.0,0.523069,0.124373,0.0,0.63757,0.065026,0.568314,0.0,0.0,0.086835,1.214152,0.0,1.016233,1.37483,0.0,0.0,0.0,0.0
408,0.35324,0.0,0.183136,0.0,0.0,0.0,0.598515,0.0,0.0,1.722012,0.0,0.24435,0.0,0.954665,0.0,0.0,0.0,0.885791,0.0,0.689367,0.87078,0.0,0.0,0.0,0.0,0.0,1.371716,0.0,0.638573,0.664419,0.0,0.684758,0.219669,0.0,0.681299,0.223232,0.503474,0.0,0.0,0.079502,0.948832,0.051139,1.241634,1.22222,0.0,0.0,0.0,0.0
409,0.691818,0.0,0.413649,0.0,0.0,0.0,0.189026,0.0,0.0,1.308666,0.0,0.682104,0.0,0.785423,0.0,0.077166,0.0,0.564918,0.0,0.648352,0.824775,0.0,0.0,0.0,0.0,0.0,1.348632,0.0,0.430291,0.272982,0.0,0.45797,0.222611,0.0,0.580314,0.0,0.614468,0.0,0.0,0.184826,0.632326,0.225798,0.674353,0.991186,0.0,0.0,0.0,0.119868
410,0.627757,0.0,0.0,0.0,0.0,0.0,0.0,0.0,0.0,0.917039,0.0,0.552183,0.036589,0.947684,0.0,0.324419,0.0,0.641559,0.0,0.429465,0.45185,0.0,0.0,0.0,0.07439,0.102307,0.998395,0.0,0.572855,0.0,0.0,0.247494,0.262704,0.0,0.354948,0.177743,0.076029,0.0,0.0,0.282368,0.518363,0.192764,0.480672,0.717578,0.0,0.0,0.0,0.0
411,0.652551,0.0,0.0,0.0,0.315121,0.0,0.0,0.0,0.0,0.336887,0.0,0.523336,0.0,0.543417,0.0,0.111598,0.041826,0.43902,0.0,0.22454,0.059438,0.139852,0.0,0.0,0.209556,0.227555,0.550949,0.0,0.264156,0.0,0.0,0.0,0.062391,0.0,0.059265,0.135098,0.0,0.0,0.0,0.116482,0.531048,0.114429,0.0,0.776408,0.194624,0.25202,0.0,0.0
412,0.494107,0.0,0.054797,0.455001,0.474597,0.0,0.0,0.0,0.0,0.0,0.0,0.294257,0.125898,0.124396,0.0,0.0,0.678912,0.293933,0.010792,0.200231,0.0,0.419028,0.0,0.0,0.441751,0.531738,0.341865,0.0,0.0,0.0,0.0,0.0,0.0,0.0,0.0,0.188095,0.0,0.0,0.0,0.0,0.623317,0.148085,0.0,0.51492,0.513434,0.537177,0.0,0.0
413,0.730788,0.0,0.058586,0.674536,0.249923,0.0,0.0,0.0,0.0,0.0,0.0,0.37661,0.036575,0.042519,0.0,0.0,0.516655,0.379936,0.179824,0.333146,0.0,0.517174,0.0,0.0,0.582625,0.594507,0.383189,0.0,0.136046,0.0,0.0,0.0,0.0,0.0,0.0,0.286975,0.0,0.0,0.0,0.0,0.436081,0.330298,0.0,0.480174,0.765534,0.559373,0.0,0.0
414,0.622569,0.0,0.0,0.847644,0.236327,0.0,0.0,0.0,0.0,0.0,0.0,0.163253,0.216127,0.087434,0.0,0.0,0.620142,0.544698,0.369571,0.354721,0.0,0.474329,0.0,0.0,0.690182,0.722364,0.400665,0.0,0.229292,0.0,0.0,0.0,0.0,0.0,0.0,0.568925,0.0,0.0,0.0,0.0,0.333111,0.433966,0.0,0.451911,0.9901,0.469959,0.0,0.0
415,0.590184,0.0,0.101729,0.900018,0.0,0.0,0.0,0.0,0.0,0.164457,0.0,0.105573,0.499719,0.0,0.0,0.0,0.69332,0.536968,0.510406,0.485388,0.0,0.638289,0.0,0.0,0.631562,0.990784,0.693718,0.0,0.168723,0.0,0.0,0.0,0.0,0.0,0.0,0.713705,0.0,0.0,0.0,0.0,0.373913,0.490338,0.120054,0.205917,0.924824,0.51329,0.086353,0.0
416,0.502261,0.0,0.116511,0.925565,0.0,0.0,0.0,0.0,0.0,0.378793,0.0,0.0,0.689812,0.0957,0.0,0.0,0.530136,0.604445,0.55801,0.391116,0.0,0.567008,0.010658,0.0,0.566464,1.071305,0.810938,0.0,0.39154,0.0,0.0,0.0,0.050674,0.0,0.0,0.741267,0.0,0.0,0.0,0.0,0.312677,0.589286,0.475311,0.086103,0.840785,0.321827,0.14648,0.0
417,0.564897,0.0,0.263554,0.850283,0.032086,0.0,0.0,0.0,0.0,0.534485,0.0,0.042577,0.423897,0.0,0.0,0.0,0.348623,0.516746,0.42381,0.464834,0.0,0.777387,0.0,0.0,0.325072,0.806251,0.870449,0.0,0.121865,0.0,0.0,0.0,0.0,0.0,0.0,0.546429,0.0,0.0,0.0,0.0,0.257175,0.554442,0.42443,0.356014,0.664749,0.34839,0.177017,0.074639
418,0.914843,0.0,0.197875,0.685157,0.019082,0.150888,0.0,0.0,0.0,0.394397,0.0,0.090225,0.20843,0.0,0.0,0.0,0.035317,0.520633,0.273472,0.478023,0.0,0.675218,0.0,0.0,0.250456,0.657854,0.838001,0.0,0.139376,0.0,0.0,0.0,0.0,0.0,0.0,0.169626,0.0,0.0,0.0,0.0,0.066645,0.570397,0.215126,0.507604,0.392717,0.362277,0.117546,0.188334
419,0.73965,0.0,0.0,0.360211,0.0,0.0,0.0,0.0,0.0,0.698161,0.0,0.0,0.390677,0.0,0.0,0.059126,0.0,0.543705,0.26524,0.633246,0.057582,0.409628,0.0,0.0,0.115555,0.498943,0.895892,0.0,0.176888,0.0,0.0,0.0,0.0,0.0,0.0,0.17728,0.0,0.0,0.0,0.0,0.251556,0.40824,0.646381,0.618778,0.256806,0.039836,0.0,0.436662
420,0.836948,0.0,0.0,0.312268,0.0,0.0,0.0,0.0,0.0,0.731562,0.0,0.0,0.417112,0.0,0.0,0.0,0.0,0.496388,0.225747,0.605624,0.275048,0.216018,0.0,0.0,0.246527,0.47318,0.990981,0.0,0.163523,0.0,0.0,0.0,0.0,0.0,0.0,0.222429,0.0,0.0,0.0,0.0,0.297932,0.465198,0.589179,0.761838,0.239095,0.009297,0.0,0.433445
421,0.968495,0.0,0.16712,0.284714,0.022097,0.055581,0.0,0.0,0.0,0.881205,0.0,0.005581,0.127494,0.0,0.0,0.0,0.0,0.458613,0.133812,0.527415,0.344072,0.314143,0.0,0.0,0.284214,0.260174,0.827291,0.0,0.0,0.0,0.0,0.0,0.0,0.0,0.0,0.021371,0.0,0.0,0.0,0.0,0.474634,0.388535,0.204047,0.938091,0.278586,0.230146,0.0,0.260703
422,0.622401,0.0,0.005306,0.296913,0.017586,0.0,0.0,0.0,0.0,1.124705,0.0,0.0,0.218383,0.043094,0.0,0.0,0.089084,0.595054,0.12642,0.428158,0.072945,0.272389,0.0,0.0,0.130973,0.106508,0.605298,0.0,0.0,0.0,0.0,0.0,0.0,0.0,0.0,0.305378,0.0,0.0,0.0,0.0,0.546119,0.231006,0.42091,0.870683,0.392998,0.023644,0.0,0.104685
423,0.666868,0.0,0.0,0.0,0.0,0.0,0.023395,0.003969,0.0,1.061571,0.0,0.045224,0.18502,0.217823,0.0,0.0,0.0,0.686699,0.020495,0.679311,0.031199,0.23524,0.0,0.0,0.179082,0.386466,0.809271,0.0,0.064115,0.0,0.0,0.0,0.017032,0.0,0.0,0.437237,0.0,0.0,0.0,0.0,0.546109,0.301789,0.731835,0.885458,0.525719,0.0,0.0,0.535713
424,0.414,0.0,0.0,0.123642,0.0,0.0,0.07796,0.024872,0.0,1.151124,0.0,0.0,0.574757,0.322706,0.0,0.055417,0.0,0.756932,0.0,0.470278,0.098275,0.22532,0.0,0.0,0.0,0.254528,0.535419,0.0,0.149941,0.0,0.0,0.0,0.0,0.0,0.0,0.545238,0.0,0.0,0.0,0.0,0.520582,0.278864,0.848755,0.854779,0.489919,0.0,0.0,0.347313
425,0.444007,0.0,0.247001,0.224914,0.0,0.011878,0.0,0.0,0.0,0.996533,0.0,0.057819,0.581115,0.263822,0.0,0.317502,0.025523,0.678817,0.0,0.328222,0.210049,0.371701,0.0,0.0,0.0,0.403545,0.5374,0.0,0.428638,0.0,0.0,0.0,0.0,0.0,0.0,0.49657,0.0,0.0,0.0,0.0,0.244543,0.508459,0.462372,0.842458,0.546089,0.0,0.050864,0.117455
426,0.183095,0.0,0.21844,0.246269,0.129295,0.0,0.040333,0.0,0.0,1.417958,0.0,0.0,0.542794,0.208179,0.0,0.278514,0.006849,0.605207,0.0,0.464169,0.137256,0.528308,0.0,0.0,0.0,0.340222,0.807522,0.0,0.315461,0.0,0.0,0.0,0.0,0.0,0.0,0.562492,0.0,0.0,0.0,0.0,0.405337,0.423721,0.835742,0.783615,0.545095,0.0,0.234068,0.086782
427,0.169734,0.0,0.22243,0.331642,0.157021,0.0,0.325826,0.0,0.0,1.169753,0.0,0.0,0.777103,0.129333,0.0,0.152792,0.0,0.455546,0.0,0.274201,0.049172,0.551181,0.0,0.0,0.0,0.531598,0.682734,0.0,0.353833,0.0,0.0,0.0,0.046784,0.0,0.0,0.539735,0.0,0.0,0.0,0.0,0.315602,0.599854,0.946389,0.52371,0.464019,0.0,0.27993,0.108589
428,0.238949,0.0,0.0,0.214397,0.0,0.213964,0.210598,0.0,0.0,0.669211,0.0,0.10512,0.965112,0.405742,0.0,0.392256,0.0,0.469826,0.0,0.180045,0.133906,0.43323,0.0,0.0,0.0,0.851645,0.751693,0.0,0.735558,0.0,0.0,0.0,0.0,0.0,0.0,0.255548,0.0,0.0,0.0,0.0,0.0,0.828589,1.105549,0.399621,0.305793,0.0,0.385077,0.435696
429,0.444326,0.0,0.0,0.357058,0.115463,0.35777,0.119617,0.0,0.0,0.487058,0.0,0.209742,1.118906,0.257228,0.0,0.479828,0.0,0.289491,0.0,0.02008,0.086215,0.498881,0.0,0.0,0.0,0.961958,0.6767,0.0,0.587385,0.0,0.0,0.0,0.0,0.0,0.0,0.354956,0.0,0.0,0.0,0.10579,0.0,0.953563,1.006929,0.188152,0.224687,0.08366,0.492689,0.245825
430,0.408354,0.0,0.136624,0.7261,0.481718,0.052403,0.470504,0.0,0.0,0.503702,0.0,0.057428,1.209165,0.061559,0.0,0.424757,0.109614,0.13876,0.286918,0.0,0.0,0.757377,0.0,0.0,0.0,1.068741,0.71919,0.0,0.354633,0.0,0.0,0.0,0.0,0.0,0.0,0.47086,0.0,0.0,0.0,0.0,0.0,1.013112,0.858975,0.0,0.23909,0.198112,0.516166,0.0
431,0.250071,0.0,0.195175,0.80569,0.725268,0.0,0.433726,0.0,0.0,0.232383,0.0,0.0,1.040429,0.169027,0.0,0.537411,0.131843,0.132901,0.39319,0.0,0.026323,0.811264,0.0,0.0,0.0,1.285447,0.718369,0.0,0.333661,0.0,0.0,0.0,0.0,0.0,0.0,0.449934,0.0,0.0,0.0,0.0,0.0,0.935973,0.502597,0.0,0.103087,0.149457,0.402721,0.0
432,0.659206,0.0,0.165249,0.870642,0.579483,0.107685,0.429293,0.0,0.0,0.0,0.0,0.180089,1.018519,0.306624,0.0,0.681956,0.0,0.076379,0.543667,0.0,0.0,0.780356,0.0,0.0,0.134678,1.364922,0.72362,0.0,0.518335,0.0,0.0,0.0,0.0,0.0,0.0,0.183527,0.0,0.0,0.0,0.0,0.0,1.138497,0.485902,0.0,0.0,0.206401,0.372808,0.0
433,0.936046,0.0,0.047835,0.673231,0.138546,0.389113,0.413636,0.0,0.0,0.053496,0.282327,0.482145,0.992444,0.305781,0.0,0.746258,0.0,0.0,0.482783,0.0,0.0,0.867839,0.0,0.0,0.384472,1.496478,0.916468,0.0,0.549424,0.0,0.0,0.210477,0.0,0.0,0.0,0.0,0.0,0.0,0.0,0.278538,0.0,1.290622,0.875464,0.0,0.0,0.209961,0.501408,0.0
434,0.976586,0.0,0.257734,0.871846,0.57932,0.076027,0.714647,0.0,0.0,0.07791,0.137482,0.48285,0.695711,0.27885,0.0,0.488311,0.0,0.0,0.631798,0.0,0.0,0.717919,0.0,0.0,0.315333,1.325583,0.695888,0.0,0.36947,0.0,0.0,0.0,0.0,0.10295,0.0,0.0,0.0,0.0,0.0,0.198242,0.0,1.044815,0.575804,0.0,0.0,0.323911,0.303533,0.0
435,0.91026,0.0,0.248146,0.909792,0.831145,0.0,0.841169,0.0,0.0,0.141757,0.0,0.358002,0.582782,0.254513,0.0,0.312512,0.25408,0.0,0.602221,0.0,0.013614,0.509028,0.0,0.0,0.346583,1.226059,0.556967,0.0,0.271151,0.0,0.0,0.0,0.0,0.304339,0.0,0.0,0.0,0.0,0.0,0.255611,0.0,0.884285,0.559548,0.0,0.0,0.426101,0.384196,0.0
436,0.760162,0.0,0.259424,0.592007,0.612731,0.01882,0.739267,0.0,0.0,0.345193,0.188354,0.389498,0.531196,0.153824,0.0,0.412345,0.230501,0.0,0.460765,0.0,0.258979,0.495561,0.0,0.0,0.301654,0.973802,0.754579,0.0,0.207602,0.0,0.0,0.0,0.0,0.617691,0.0,0.0,0.0,0.0,0.0,0.698881,0.150562,0.837498,0.897786,0.0,0.0,0.330126,0.602716,0.0
437,1.041347,0.0,0.242617,0.246536,0.232931,0.427389,0.719256,0.0,0.0,0.43395,0.641377,0.539472,0.697226,0.065791,0.0,0.48551,0.0,0.0,0.485019,0.0,0.44746,0.575153,0.0,0.0,0.440901,0.92849,1.038449,0.0,0.313553,0.001869,0.0,0.0,0.0,0.830941,0.0,0.0,0.0,0.010081,0.0,0.944424,0.0,0.834037,1.091556,0.0,0.0,0.400169,0.724819,0.010928
438,1.07472,0.0,0.222865,0.244461,0.38704,0.523285,0.777779,0.0,0.0,0.366239,0.740848,0.455718,0.803279,0.0,0.0,0.441596,0.174073,0.0,0.59154,0.0,0.452168,0.456741,0.0,0.0,0.515704,0.886416,0.927941,0.0,0.197654,0.032565,0.0,0.0,0.00025,0.980367,0.0,0.0,0.0,0.071599,0.0,1.003824,0.0,0.832991,1.020228,0.0,0.0,0.470024,0.853666,0.0
439,1.212385,0.0,0.091242,0.558987,0.574484,0.334087,0.900783,0.0,0.0,0.0876,0.557512,0.28779,0.855564,0.124564,0.0,0.394391,0.21945,0.0,0.449788,0.0,0.390924,0.070601,0.0,0.0,0.460942,0.675812,0.644709,0.0,0.387735,0.0,0.0,0.0,0.0,0.699554,0.0,0.0,0.0,0.218508,0.0,0.695316,0.0,1.069876,0.905783,0.0,0.0,0.648204,0.831319,0.0
440,0.894817,0.0,0.0,0.53517,0.916624,0.092258,0.931581,0.0,0.0,0.147034,0.342871,0.101396,0.767695,0.16815,0.0,0.274985,0.408485,0.0,0.574275,0.0,0.362438,0.093882,0.0,0.0,0.315882,0.67187,0.572652,0.0,0.168131,0.0,0.0,0.0,0.0,0.751925,0.0,0.0,0.0,0.177932,0.0,0.488147,0.013428,0.807379,0.690842,0.0,0.0,0.464822,0.630621,0.0
441,0.687425,0.0,0.0,0.424139,0.544446,0.180052,0.698994,0.0,0.0,0.301295,0.413413,0.427494,0.669804,0.387738,0.0,0.438863,0.095963,0.0,0.406511,0.0,0.286185,0.0,0.0,0.0,0.20421,0.580104,0.682456,0.0,0.372772,0.0,0.0,0.0,0.063291,0.592815,0.073101,0.0,0.0,0.0,0.0,0.69075,0.0,0.679102,0.999236,0.0,0.0,0.062777,0.368092,0.0
442,0.816266,0.0,0.0,0.20285,0.457234,0.289153,0.550111,0.0,0.0,0.482265,0.428389,0.751725,0.48968,0.349783,0.0,0.426946,0.0,0.0,0.277838,0.0,0.474896,0.0,0.0,0.0,0.150779,0.509466,0.887587,0.0,0.33847,0.0,0.0,0.0,0.082514,0.519013,0.192756,0.0,0.0,0.0,0.0,0.753758,0.0,0.491768,0.823993,0.124146,0.0,0.0,0.113426,0.0
443,1.224609,0.0,0.039476,0.0,0.158712,0.483923,0.639354,0.0,0.0,0.80294,0.707175,0.948461,0.548763,0.427513,0.0,0.343177,0.0,0.0,0.144817,0.024502,0.877202,0.0,0.0,0.0,0.143625,0.440756,1.198902,0.0,0.352683,0.0,0.0,0.0,0.387005,0.24669,0.278033,0.0,0.277755,0.0,0.0,0.594672,0.0,0.577851,0.76136,0.264935,0.0,0.0,0.0,0.040918
444,0.521863,0.0,0.0,0.0,0.353989,0.301396,0.443372,0.0,0.0,0.737736,0.237027,0.731808,0.617006,0.864644,0.0,0.561872,0.0,0.057119,0.0,0.0,0.560852,0.0,0.0,0.0,0.0,0.481663,1.073545,0.0,0.630938,0.064807,0.0,0.0,0.230244,0.229494,0.428278,0.0,0.095201,0.0,0.0,0.66031,0.0,0.478465,1.195898,0.122059,0.0,0.0,0.196966,0.0
445,0.401462,0.0,0.0,0.0,0.400707,0.327782,0.536434,0.0,0.0,0.869775,0.315935,0.720883,0.679361,0.913853,0.0,0.530649,0.0,0.034921,0.0,0.028185,0.541396,0.0,0.0,0.0,0.0,0.505544,1.190253,0.0,0.61699,0.250002,0.0,0.0,0.396414,0.167241,0.350806,0.0,0.23584,0.0,0.0,0.669883,0.0,0.509198,1.269471,0.144376,0.0,0.0,0.194619,0.0
446,0.072633,0.0,0.0,0.0,0.512007,0.156577,0.586418,0.0,0.0,0.77811,0.078197,0.617785,0.848485,1.077191,0.0,0.875619,0.0,0.197857,0.0,0.0,0.546673,0.0,0.0,0.0,0.0,0.622219,0.888593,0.0,0.891786,0.0,0.0,0.0,0.220341,0.0,0.307121,0.0,0.0,0.0,0.0,0.730606,0.031581,0.415701,1.199666,0.120048,0.0,0.0,0.403785,0.0
447,0.0592,0.0,0.0,0.0,0.550099,0.306916,0.593261,0.0,0.0,0.649889,0.110207,0.52533,0.845946,0.945425,0.0,0.897564,0.0,0.159594,0.0,0.0,0.415111,0.0,0.0,0.0,0.0,0.631375,0.570656,0.0,0.638002,0.0,0.0,0.0,0.258593,0.0,0.092516,0.0,0.0,0.0,0.0,0.718852,0.0,0.582894,0.893867,0.0,0.0,0.0,0.636059,0.0
448,0.210263,0.0,0.000905,0.0,0.582801,0.196411,0.680014,0.0,0.0,0.811617,0.311099,0.76706,0.745599,0.89174,0.0,0.657366,0.0,0.106815,0.0,0.007204,0.30615,0.008415,0.0,0.0,0.0,0.585132,0.86897,0.0,0.570304,0.149088,0.0,0.043115,0.578707,0.0,0.098617,0.0,0.0,0.0,0.0,0.50781,0.0,0.61686,1.134251,0.0,0.0,0.0,0.473782,0.0
449,0.142149,0.0,0.0,0.0,0.498569,0.308934,0.581135,0.0,0.0,0.558131,0.215807,0.739448,0.733212,1.068598,0.0,0.765285,0.0,0.089212,0.0,0.0,0.232129,0.10109,0.0,0.0,0.0,0.803825,0.668264,0.0,0.582706,0.0,0.0,0.0,0.267313,0.0,0.055152,0.0,0.0,0.0,0.0,0.730614,0.0,0.683338,0.919971,0.059778,0.0,0.0,0.672866,0.0
