time_index,z0,z1,z2,z3,z4,z5,z6,z7,z8,z9,z10,z11,z12,z13,z14,z15,z16,z17,z18,z19,z20,z21,z22,z23,z24,z25,z26,z27,z28,z29,z30,z31,z32,z33,z34,z35,z36,z37,z38,z39,z40,z41,z42,z43,z44,z45,z46,z47
0,0.0,0.0,0.0,0.0,0.0,1.482861,0.0,5.435267,0.2665,1.750931,0.272124,1.474245,0.0,0.379002,2.882487,0.068417,0.0,2.187677,0.0,0.0,0.0,1.924382,0.711358,0.0,0.0,0.0,2.575272,0.0,0.265307,0.130723,0.719165,0.0,3.495467,0.0,0.0,1.506942,0.0,0.0,0.0,0.0,0.0,0.810084,0.0,0.0,0.0,2.50026,2.617723,0.0
1,0.0,0.0,0.0,0.0,0.0,1.077447,0.0,4.916356,0.29583,1.560479,0.236124,1.284423,0.0,0.345012,2.718782,0.0,0.0,2.04127,0.0,0.0,0.0,1.922467,0.934027,0.0,0.0,0.0,2.256619,0.0,0.148854,0.121276,0.367183,0.0,3.246811,0.0,0.0,1.248761,0.0,0.0,0.0,0.0,0.0,0.531334,0.0,0.0,0.0,2.647273,2.462366,0.0
2,0.0,0.0,0.0,0.0,0.0,1.098221,0.0,4.489594,0.162633,1.448631,0.073976,1.123087,0.0,0.128836,2.656642,0.0,0.0,1.788714,0.0,0.0,0.0,1.674998,1.056826,0.0,0.0,0.0,1.817405,0.0,0.06505,0.313026,0.24564,0.0,2.614236,0.0,0.0,1.114928,0.0,0.0,0.0,0.0,0.0,0.420349,0.0,0.0,0.0,2.436967,2.220801,0.0
3,0.033692,0.0,0.0,0.0,0.0,1.047218,0.0,4.259798,0.347675,1.212647,0.345966,0.958784,0.0,0.097898,2.300879,0.0,0.0,1.683239,0.0,0.0,0.0,1.235804,1.567786,0.0,0.0,0.0,1.553702,0.0,0.189038,0.501789,0.0,0.0,2.416577,0.0,0.0,0.988449,0.0,0.0,0.0,0.0,0.0,0.450167,0.0,0.0,0.071145,2.334957,2.189548,0.0
4,0.072012,0.0,0.0,0.0,0.0,1.007078,0.0,3.592423,0.461804,0.790496,0.199481,0.716073,0.0,0.0,2.00884,0.0,0.0,1.398761,0.0,0.0,0.0,0.860587,1.714405,0.0,0.0,0.0,1.125951,0.0,0.088557,0.669922,0.0,0.005257,1.767444,0.224954,0.0,0.705597,0.0,0.0,0.0,0.0,0.0,0.329283,0.0,0.0,0.0,2.035967,1.821603,0.0
5,0.0,0.0,0.0,0.0,0.0,0.910365,0.0,2.982228,0.355808,0.794303,0.0,0.692395,0.0,0.0,1.848721,0.0,0.0,1.188196,0.0,0.0,0.0,0.678136,1.154684,0.0,0.0,0.0,0.737604,0.005159,0.0,0.34746,0.0,0.165116,1.222175,0.411061,0.0,0.251439,0.0,0.0,0.0,0.0,0.0,0.11406,0.0,0.0,0.0,1.484179,1.35366,0.0
6,0.0,0.0,0.0,0.0,0.0,0.788885,0.0,2.512541,0.489875,0.608177,0.068628,0.50859,0.0,0.0,1.468408,0.0,0.0,0.990634,0.0,0.0,0.0,0.413557,1.137575,0.0,0.0,0.0,0.604052,0.037822,0.0,0.24256,0.0,0.032715,1.133339,0.564533,0.0,0.161857,0.0,0.0,0.0,0.0,0.0,0.12008,0.01487,0.0,0.0,1.188807,1.169183,0.0
7,0.0,0.0,0.0,0.0,0.0,0.682823,0.0,2.010086,0.447368,0.583019,0.206155,0.220463,0.0,0.0,0.988652,0.0,0.0,0.85793,0.0,0.0,0.0,0.291422,1.13046,0.0,0.0,0.0,0.435723,0.0,0.023273,0.044344,0.047398,0.0,0.867482,0.635591,0.0,0.234491,0.0,0.0,0.0,0.0,0.0,0.188479,0.227862,0.0,0.0,0.809659,0.907276,0.0
8,0.0,0.0,0.0,0.0,0.0,0.437821,0.0,1.59683,0.354532,0.609689,0.100205,0.278507,0.0,0.0,1.053314,0.0,0.0,0.752455,0.0,0.0,0.0,0.469523,0.542176,0.0,0.0,0.0,0.407846,0.0,0.0,0.0,0.17588,0.0,0.796908,0.398609,0.0,0.058168,0.0,0.0,0.0,0.0,0.0,0.15554,0.220573,0.0,0.0,0.659711,0.67254,0.0
9,0.0,0.0,0.0,0.0,0.093311,0.245486,0.0,1.252376,0.427523,0.622326,0.325455,0.095831,0.0,0.0,0.766337,0.0,0.0,0.767818,0.0,0.0,0.0,0.56289,0.629534,0.0,0.0,0.0,0.300796,0.0,0.0,0.0,0.151029,0.0,0.582069,0.31376,0.0,0.007731,0.0,0.0,0.0,0.0,0.0,0.12525,0.328069,0.0,0.0,0.604423,0.497629,0.0
10,0.0,0.0,0.0,0.0,0.019463,0.142962,0.0,1.049061,0.454883,0.355342,0.299533,0.17565,0.0,0.0,0.636252,0.0,0.0,0.541749,0.0,0.0,0.0,0.43038,0.702198,0.0,0.0,0.0,0.146764,0.012102,0.0,0.0,0.0,0.051399,0.47132,0.54414,0.0,0.0,0.0,0.0,0.0,0.0,0.0,0.005558,0.184349,0.0,0.0,0.556913,0.480638,0.0
11,0.0,0.0,0.0,0.0,0.024132,0.246273,0.0,1.00046,0.644662,0.0,0.326267,0.014237,0.0,0.0,0.493773,0.0,0.148889,0.355491,0.0,0.0,0.0,0.134221,1.261638,0.0,0.0,0.0,0.15436,0.177814,0.071595,0.044535,0.0,0.277364,0.584556,0.8011,0.0,0.299478,0.0,0.0,0.0,0.0,0.0,0.0,0.017283,0.0,0.0,0.672433,0.716172,0.0
12,0.0,0.0,0.0,0.0,0.286261,0.353887,0.0,1.004104,0.834977,0.320136,0.518311,0.134328,0.0,0.0,0.365847,0.0,0.069168,0.457945,0.0,0.0,0.0,0.105735,0.799417,0.0,0.0,0.0,0.067241,0.041238,0.067395,0.0,0.125897,0.0,0.649196,0.624894,0.0,0.0,0.0,0.0,0.0,0.0,0.0,0.105146,0.385918,0.0,0.0,0.506709,0.527564,0.0
13,0.0,0.0,0.0,0.0,0.042889,0.243186,0.0,0.758447,0.881659,0.343158,0.487295,0.194834,0.0,0.0,0.263339,0.0,0.190801,0.610324,0.0,0.0,0.0,0.114834,0.734836,0.0,0.0,0.0,0.0,0.077122,0.064018,0.0,0.082545,0.0,0.495779,0.607781,0.0,0.0,0.0,0.0,0.0,0.0,0.0,0.097753,0.314223,0.0,0.062815,0.422569,0.375106,0.0
14,0.0,0.0,0.050438,0.0,0.0,0.244459,0.0,0.787813,0.748647,0.048119,0.131517,0.268691,0.0,0.0,0.347826,0.22153,0.214218,0.506562,0.0,0.0,0.0,0.0,0.797392,0.0,0.0,0.0,0.0,0.260837,0.000573,0.0,0.0,0.263729,0.013096,0.630407,0.0,0.0,0.0,0.0,0.0,0.0,0.001792,0.095679,0.079865,0.0,0.06959,0.170638,0.370848,0.0
15,0.134992,0.0,0.0,0.074331,0.0,0.255719,0.0,0.742018,0.840756,0.066676,0.0,0.287858,0.0,0.0,0.154606,0.296609,0.282751,0.508275,0.0,0.0,0.0,0.0,0.994871,0.0,0.0,0.0,0.0,0.329627,0.005643,0.0,0.070244,0.306602,0.0,0.699081,0.0,0.0,0.0,0.0,0.062975,0.0,0.183578,0.0,0.057714,0.0,0.253144,0.139744,0.317936,0.0
16,0.308419,0.0,0.0,0.115866,0.0,0.096377,0.006229,0.773714,0.900639,0.204343,0.0,0.380247,0.0,0.0,0.0,0.471746,0.355923,0.570607,0.019064,0.0,0.0,0.0,1.171219,0.0,0.0,0.0,0.0,0.413897,0.0,0.0,0.0,0.303124,0.0,0.749695,0.0,0.0,0.0,0.0,0.151539,0.0,0.382612,0.0,0.130754,0.0,0.290383,0.171458,0.436148,0.0
17,0.197014,0.0,0.0,0.000638,0.0,0.319987,0.086461,0.704917,1.090123,0.089539,0.0,0.206742,0.0,0.0,0.042645,0.382511,0.271468,0.668866,0.0,0.0,0.0,0.0,1.118033,0.0,0.0,0.0,0.0,0.429292,0.0,0.0,0.096193,0.397793,0.0,0.532217,0.0,0.0,0.0,0.0,0.135686,0.0,0.246611,0.0,0.18393,0.0,0.325722,0.158559,0.314026,0.0
18,0.38488,0.0,0.0,0.033485,0.0,0.165501,0.025494,0.772952,1.158462,0.273937,0.0,0.155786,0.0,0.0,0.0,0.455297,0.388521,0.550914,0.0,0.0,0.0,0.0,1.547068,0.0,0.0,0.0,0.0,0.502758,0.0,0.0,0.0,0.51845,0.0,0.703417,0.0,0.0,0.0,0.0,0.325944,0.0,0.399892,0.0,0.227328,0.0,0.317336,0.2647,0.456862,0.0
19,0.442838,0.0,0.0,0.021341,0.0,0.146253,0.017758,0.712364,1.103585,0.158078,0.0,0.0,0.0,0.0,0.027882,0.495278,0.358123,0.514005,0.0,0.0,0.0,0.0,1.846138,0.035243,0.0,0.0,0.0,0.364323,0.0,0.0,0.0,0.95009,0.0,0.598328,0.0,0.219569,0.0,0.0,0.307237,0.0,0.694301,0.0,0.135845,0.0,0.217974,0.288171,0.525923,0.0
20,0.424443,0.028282,0.0,0.0,0.145867,0.201955,0.0,0.789531,1.19496,0.135491,0.0,0.0,0.0,0.0,0.0,0.347113,0.373544,0.508948,0.0,0.0,0.0,0.0,1.600588,0.0,0.0,0.0,0.0,0.466242,0.0,0.0,0.0,0.756333,0.0,0.479401,0.0,0.0,0.0,0.0,0.259707,0.0,0.361851,0.0,0.248624,0.0,0.167196,0.282841,0.496757,0.0
21,0.477079,0.171489,0.0,0.0,0.100191,0.183386,0.0,0.764256,1.215022,0.015399,0.0,0.0,0.0,0.0,0.0,0.334634,0.415643,0.510885,0.0,0.0,0.0,0.0,1.807939,0.0,0.0,0.0,0.0,0.440451,0.0,0.0,0.0,0.912557,0.0,0.506363,0.0,0.098503,0.0,0.0,0.251079,0.0,0.42331,0.0,0.24286,0.0,0.074416,0.322749,0.582768,0.0
22,0.528671,0.225003,0.0,0.0,0.054832,0.133472,0.0,0.760379,1.173142,0.00195,0.0,0.0,0.0,0.0,0.0,0.3063,0.468775,0.523936,0.0,0.0,0.0,0.0,1.68196,0.0,0.0,0.0,0.0,0.524689,0.0,0.0,0.0,0.802777,0.0,0.637025,0.0,0.103228,0.0,0.0,0.26678,0.0,0.325543,0.0,0.276831,0.0,0.06058,0.310546,0.542176,0.0
23,0.485954,0.305371,0.0,0.0,0.0,0.081514,0.018291,0.588534,0.982342,0.18635,0.0,0.0,0.0,0.0,0.0,0.357276,0.469801,0.653326,0.0,0.0,0.0,0.0,1.556176,0.0,0.0,0.0,0.0,0.474101,0.0,0.0,0.0,0.844818,0.0,0.572059,0.038222,0.166524,0.0,0.0,0.11995,0.0,0.539039,0.0,0.38265,0.0,0.054644,0.120512,0.52795,0.0
24,0.584767,0.334121,0.0,0.0,0.0,0.0,0.059503,0.301865,1.003396,0.331235,0.0,0.0,0.0,0.0,0.0,0.253712,0.56403,0.666062,0.0,0.0,0.0,0.0,1.481719,0.0,0.0,0.0,0.0,0.311679,0.0,0.0,0.0,0.781531,0.0,0.339553,0.015154,0.38549,0.0,0.0,0.089168,0.0,0.483221,0.0,0.345922,0.0,0.105937,0.02948,0.398665,0.0
25,0.468286,0.356592,0.0,0.0,0.0,0.0,0.10707,0.262298,0.696125,0.0,0.0,0.0,0.0,0.0,0.0,0.155756,0.586671,0.779948,0.0,0.0,0.023429,0.0,1.479101,0.272035,0.0,0.0,0.0,0.140229,0.0,0.100439,0.0,0.882409,0.0,0.304784,0.0,0.21993,0.0,0.0,0.012379,0.0,0.550755,0.0,0.374052,0.0,0.0,0.175739,0.449204,0.0
26,0.447151,0.478958,0.0,0.0,0.008918,0.0,0.111431,0.089511,0.625383,0.0,0.0,0.0,0.0,0.0,0.0,0.0,0.6466,0.726933,0.0,0.0,0.040863,0.0,1.188862,0.062851,0.0,0.0,0.0,0.045008,0.0,0.074597,0.0,0.731706,0.0,0.24784,0.0,0.405312,0.0,0.0,0.022119,0.0,0.512234,0.0,0.361082,0.0,0.0,0.127979,0.337581,0.0
27,0.407475,0.44188,0.0,0.0,0.112226,0.0,0.143595,0.0,0.631845,0.054754,0.0,0.0,0.0,0.0,0.0,0.0,0.725948,0.901896,0.0,0.0,0.0,0.0,0.925933,0.033426,0.0,0.008808,0.0,0.047179,0.045913,0.163674,0.0,0.712349,0.0,0.101516,0.0,0.357738,0.0,0.0,0.043575,0.0,0.348416,0.0,0.245186,0.0,0.0,0.117868,0.140466,0.0
28,0.429629,0.531856,0.0,0.0,0.0,0.0,0.306839,0.0,0.657979,0.201315,0.0,0.0,0.0,0.0,0.0,0.0,0.947457,1.093233,0.0,0.0,0.0,0.0,0.847158,0.0,0.0,0.163664,0.0,0.175061,0.200737,0.247774,0.0,0.759211,0.0,0.049496,0.082857,0.519767,0.0,0.0,0.0,0.0,0.389395,0.079717,0.172259,0.0,0.005206,0.029505,0.042064,0.0
29,0.376617,0.770643,0.0,0.0,0.0,0.0,0.208753,0.0,0.328127,0.0,0.0,0.0,0.0,0.0,0.0,0.0,0.63169,1.019323,0.0,0.0,0.177056,0.0,0.934953,0.242595,0.0,0.216256,0.0,0.121966,0.176782,0.515297,0.0,0.769594,0.0,0.084264,0.293881,0.472066,0.0,0.109934,0.0,0.0,0.727457,0.132718,0.25051,0.0,0.0,0.173139,0.0,0.0
30,0.378993,0.665347,0.0,0.0,0.0,0.0,0.246962,0.0,0.224249,0.123338,0.0,0.0,0.0,0.0,0.0,0.0,0.771551,1.076357,0.0,0.0,0.102998,0.0,0.810068,0.237455,0.0,0.293167,0.0,0.095318,0.176498,0.631828,0.05316,0.861228,0.0,0.069436,0.457417,0.565033,0.0,0.042561,0.0,0.0,0.97424,0.189398,0.267417,0.0,0.0,0.082424,0.0,0.0
31,0.438059,0.77532,0.0,0.0,0.0,0.0,0.423319,0.0,0.138813,0.0,0.0,0.0,0.0,0.044085,0.0,0.0,0.701136,1.090527,0.0,0.0,0.036131,0.0,1.011049,0.33465,0.0,0.297002,0.0,0.003463,0.063199,0.88495,0.085218,1.098758,0.0,0.0,0.52983,1.006445,0.0,0.086151,0.0,0.0,1.185537,0.427971,0.104966,0.0,0.0,0.288454,0.0,0.0
32,0.551303,0.657354,0.0,0.0,0.0,0.0,0.573183,0.0,0.193391,0.0,0.0,0.0,0.0,0.077432,0.0,0.0,0.783878,1.087984,0.0,0.0,0.222742,0.0,1.100143,0.044224,0.0,0.172178,0.0,0.0,0.0,0.901414,0.0,1.045929,0.0,0.006653,0.471366,1.217912,0.0,0.0,0.056647,0.0,1.167936,0.403306,0.074417,0.0,0.0,0.180253,0.0,0.0
33,0.555244,0.742278,0.0,0.0,0.0,0.0,0.693741,0.0,0.10328,0.075285,0.0,0.0,0.0,0.198258,0.0,0.0,1.045889,1.2259,0.158275,0.0,0.296143,0.0,0.85302,0.247034,0.0,0.144511,0.0,0.0,0.0,0.83713,0.0,1.115235,0.0,0.179985,0.360439,1.008966,0.0,0.0,0.087818,0.0,1.293914,0.333801,0.030236,0.0,0.0,0.272311,0.0,0.0
34,0.683365,0.840207,0.0,0.0,0.0,0.0,0.503726,0.0,0.0,0.202539,0.0,0.0,0.0,0.291846,0.0,0.0,0.95873,1.165043,0.234625,0.0,0.187891,0.0,0.758829,0.419215,0.0,0.204806,0.0,0.083489,0.120355,0.762723,0.20695,0.777879,0.0,0.145423,0.628283,0.99241,0.0,0.0,0.0,0.0,1.383748,0.490976,0.0,0.0,0.0,0.232728,0.0,0.0
35,0.620795,0.822003,0.0,0.0,0.0,0.0,0.44179,0.0,0.0,0.422287,0.0,0.0,0.0,0.299767,0.0,0.050756,1.185431,1.241585,0.604572,0.0,0.0,0.05561,0.484027,0.794996,0.0,0.350994,0.0,0.182433,0.276172,0.451495,0.432741,0.630299,0.0,0.395144,0.709769,0.826938,0.0,0.0,0.010698,0.0,1.622146,0.424831,0.0,0.0,0.0,0.056061,0.0,0.0
36,0.613896,0.821483,0.0,0.0,0.0,0.0,0.54171,0.0,0.0,0.454322,0.0,0.12116,0.0,0.298412,0.0,0.204111,1.22428,1.231923,0.875921,0.0,0.000907,0.09436,0.436821,0.997999,0.0,0.258048,0.0,0.322066,0.442003,0.264124,0.601554,0.496064,0.0,0.589491,0.646671,0.817728,0.0,0.077913,0.0,0.0,1.619876,0.417503,0.0,0.0,0.0,0.0,0.0,0.0
37,0.49018,0.390184,0.0,0.0,0.0,0.0,0.481735,0.0,0.0,0.456659,0.0,0.138146,0.0,0.399203,0.02911,0.0,1.233286,1.234056,1.045476,0.0,0.0,0.261998,0.23708,0.957881,0.0,0.394289,0.0,0.375225,0.543882,0.010063,0.529918,0.138941,0.0,0.861057,0.539586,0.657433,0.0,0.0,0.0,0.0,1.535555,0.312823,0.0,0.0,0.0,0.0,0.0,0.0
38,0.335818,0.132478,0.0,0.0,0.0,0.0,0.252085,0.0,0.0,0.11696,0.0,0.153841,0.0,0.555285,0.0,0.01198,0.796475,0.848233,0.678509,0.0,0.001787,0.337074,0.351291,0.750465,0.0,0.086913,0.0,0.106758,0.49682,0.033106,0.356149,0.0,0.0,0.86047,0.324691,0.554728,0.0,0.0,0.0,0.0,1.270044,0.450168,0.0,0.0,0.0,0.0,0.0,0.0
39,0.133263,0.057339,0.0,0.0,0.0,0.0,0.0,0.0,0.0,0.065732,0.0,0.124552,0.0,0.533466,0.0,0.060358,0.569992,0.608868,0.570227,0.0,0.065557,0.469298,0.188982,0.658291,0.0,0.0,0.0,0.160897,0.402852,0.0,0.347204,0.0,0.059339,0.842976,0.266339,0.400736,0.0,0.0,0.0,0.0,1.113861,0.414627,0.0,0.0,0.0,0.0,0.040002,0.0
40,0.126329,0.185398,0.0,0.0,0.0,0.0,0.0,0.0,0.0,0.203298,0.0,0.0,0.0,0.425122,0.0,0.070735,0.498486,0.519588,0.526982,0.0,0.0,0.443038,0.300924,0.485081,0.0,0.0,0.0,0.163784,0.402953,0.0,0.295809,0.0,0.356179,0.722269,0.361018,0.439938,0.0,0.0,0.0,0.0,0.822113,0.498699,0.0,0.0,0.0,0.039796,0.132651,0.0
41,0.111628,0.166421,0.0,0.0,0.0,0.0,0.07212,0.0,0.094066,0.258753,0.0,0.0,0.0,0.191334,0.0,0.08753,0.468382,0.363066,0.453077,0.0,0.1183,0.329934,0.457996,0.245979,0.0,0.0,0.0,0.220743,0.289252,0.107871,0.274258,0.0,0.481575,0.785028,0.356644,0.446068,0.0,0.0,0.0,0.0,0.487579,0.566668,0.0,0.0,0.0,0.129576,0.140891,0.0
42,0.203237,0.050378,0.0,0.0,0.0,0.0,0.186583,0.0,0.272279,0.31322,0.090259,0.0,0.0,0.175665,0.141452,0.042376,0.441735,0.328414,0.447958,0.0,0.0,0.475893,0.433932,0.181165,0.0,0.0,0.0,0.238055,0.093929,0.028742,0.298717,0.0,0.465661,0.501364,0.515435,0.385487,0.0,0.0,0.0,0.05198,0.473978,0.648991,0.051973,0.0,0.077996,0.10505,0.157666,0.0
43,0.025156,0.0,0.097782,0.0,0.0,0.0,0.239938,0.0,0.159698,0.274455,0.075212,0.059876,0.0,0.052323,0.267093,0.168717,0.43613,0.355887,0.702004,0.0,0.031889,0.844157,0.0,0.286304,0.0,0.0,0.0,0.045756,0.0,0.0,0.363705,0.0,0.175516,0.575313,0.458528,0.128558,0.0,0.109131,0.0,0.0,0.554119,0.591432,0.00801,0.0,0.0,0.0,0.034416,0.0
44,0.048925,0.0,0.012455,0.0,0.0,0.0,0.358535,0.0,0.283003,0.240184,0.0,0.116753,0.0,0.074607,0.373513,0.256554,0.325222,0.429661,0.597919,0.0,0.0,0.928812,0.0,0.416042,0.0,0.0,0.0,0.0,0.0,0.0,0.435591,0.0,0.144152,0.412108,0.556246,0.006777,0.040974,0.092531,0.0,0.0,0.426312,0.560011,0.056815,0.0,0.0,0.0,0.0,0.0
45,0.238421,0.0,0.005196,0.0,0.0,0.0,0.4436,0.201205,0.448828,0.117383,0.127211,0.14011,0.0,0.109667,0.417667,0.15711,0.397461,0.416366,0.539281,0.0,0.0,0.780606,0.00682,0.485943,0.0,0.033271,0.0,0.0,0.0,0.0,0.500958,0.0,0.06619,0.21269,0.572329,0.079744,0.216129,0.0,0.0,0.055882,0.347172,0.555846,0.112372,0.0,0.064959,0.0,0.011714,0.0
46,0.49132,0.0,0.0,0.006053,0.0,0.0,0.573453,0.541763,0.354391,0.0,0.0,0.333879,0.0,0.0,0.185627,0.235219,0.447315,0.313099,0.509314,0.0,0.274372,0.275559,0.361885,0.614826,0.0,0.131604,0.0,0.0,0.0,0.0,0.413203,0.0,0.036617,0.198193,0.449137,0.094545,0.450677,0.0,0.0,0.030074,0.205956,0.49963,0.0,0.0,0.30139,0.0,0.184093,0.0
47,0.595353,0.0,0.03566,0.052824,0.0,0.0,0.717887,0.599982,0.448003,0.0,0.0,0.401327,0.0,0.0,0.296085,0.253547,0.534444,0.464078,0.655326,0.0,0.216246,0.307642,0.315926,0.75192,0.0,0.382285,0.0,0.0,0.0,0.0,0.481898,0.0,0.025466,0.197218,0.507945,0.021948,0.486219,0.0,0.0,0.0,0.223245,0.413526,0.0,0.0,0.296733,0.0,0.226764,0.0
48,0.54921,0.0,0.084568,0.096749,0.0,0.0,0.865047,0.615569,0.450597,0.0,0.0,0.619498,0.0,0.0,0.28208,0.367834,0.566299,0.621603,0.752282,0.0,0.29207,0.233922,0.310678,0.848172,0.0,0.399166,0.0,0.0,0.0,0.0,0.468303,0.0,0.0,0.286137,0.553342,0.0,0.427108,0.105053,0.0,0.0,0.273456,0.370365,0.0,0.0,0.310199,0.0,0.160965,0.0
49,0.746653,0.0,0.062003,0.12115,0.0,0.0,0.959199,0.586526,0.478115,0.0,0.0,0.622463,0.0,0.0,0.193678,0.319548,0.650527,0.548118,0.911601,0.0,0.375152,0.278904,0.47524,0.799291,0.0,0.445884,0.027632,0.038542,0.0,0.0,0.506016,0.0,0.0,0.352401,0.424961,0.07562,0.393379,0.088796,0.0,0.0,0.392935,0.248683,0.0,0.0,0.330049,0.0,0.216873,0.0
50,0.562726,0.0,0.221279,0.118316,0.0,0.0,1.035447,0.185525,0.528249,0.0,0.0,0.431805,0.0,0.038457,0.357251,0.100506,0.687696,0.629294,0.917716,0.0,0.279013,0.643459,0.052643,0.863958,0.0,0.48204,0.0,0.0,0.033943,0.0,0.662296,0.0,0.0,0.272557,0.408633,0.0,0.297226,0.120801,0.0,0.042596,0.549407,0.334226,0.0,0.0,0.01122,0.0,0.0,0.0
51,0.739098,0.0,0.118265,0.000301,0.0,0.0,0.961162,0.269459,0.533213,0.02821,0.0,0.483367,0.0,0.0,0.062332,0.0,0.728007,0.492277,0.903566,0.0,0.469513,0.473985,0.39436,0.677072,0.0,0.352384,0.0,0.0,0.0,0.0,0.568447,0.0,0.066008,0.232469,0.335719,0.219352,0.184197,0.0,0.162473,0.23117,0.526422,0.391014,0.067694,0.0,0.201302,0.0,0.129727,0.0
52,0.604706,0.071784,0.279865,0.01707,0.0,0.0,0.956892,0.015642,0.500932,0.133789,0.0,0.35616,0.0,0.205445,0.011262,0.0,0.81939,0.725627,0.874479,0.0,0.457024,0.61502,0.192303,0.686873,0.0,0.302344,0.0,0.082655,0.053626,0.0,0.534833,0.0,0.109763,0.254497,0.334245,0.087467,2.7e-05,0.0,0.296657,0.266592,0.63566,0.42577,0.151201,0.0,0.139417,0.0,0.051679,0.0
53,0.709129,0.145066,0.242809,0.069935,0.0,0.0,1.060991,0.0,0.65,0.215899,0.0,0.253987,0.0,0.200981,0.0,0.0,0.944378,0.859122,0.8224,0.0,0.653777,0.431002,0.493404,0.506383,0.0,0.200049,0.0,0.290369,0.261088,0.0,0.404829,0.0,0.137508,0.474341,0.219932,0.133888,0.0,0.0,0.471101,0.358591,0.744808,0.199685,0.262242,0.0,0.26197,0.0,0.073816,0.0
54,0.8473,0.0,0.271444,0.147329,0.0,0.0,1.278628,0.099822,0.786751,0.221954,0.0,0.300494,0.0,0.0,0.0,0.0,0.820426,0.877386,0.720169,0.0,0.873659,0.291188,0.914823,0.382449,0.0,0.148981,0.0,0.312221,0.244616,0.0,0.643984,0.0,0.208151,0.549613,0.110512,0.302003,0.0,0.0,0.58411,0.322455,0.956285,0.134049,0.188153,0.0,0.171244,0.0,0.215399,0.0
55,0.929817,0.044222,0.324162,0.1711,0.0,0.0,1.306553,0.154373,1.022692,0.430924,0.0,0.235472,0.0,0.0,0.0,0.0,0.876001,0.8711,0.894976,0.0,0.991448,0.49578,0.896501,0.458428,0.0,0.411127,0.0,0.378047,0.228464,0.0,0.599146,0.0,0.385737,0.479004,0.0,0.221141,0.0,0.0,0.441486,0.446834,1.037051,0.051459,0.083391,0.0,0.24408,0.0,0.186254,0.0
56,0.893271,0.0,0.300668,0.268276,0.0,0.0,1.385116,0.301559,1.179535,0.421154,0.0,0.348149,0.0,0.0,0.0,0.0,0.655081,0.925149,0.778966,0.0,1.142673,0.33568,1.108118,0.28757,0.0,0.202086,0.0,0.574672,0.326696,0.0,0.628909,0.0,0.48733,0.801418,0.0,0.111198,0.0,0.0,0.535095,0.43737,0.910862,0.055854,0.186937,0.0,0.271233,0.0,0.348589,0.0
57,0.757666,0.0,0.227735,0.325445,0.0,0.0,1.213957,0.227379,1.234832,0.449172,0.0,0.25413,0.0,0.095877,0.0,0.0,0.611263,0.89085,0.785742,0.0,1.168565,0.438697,0.933071,0.283416,0.0,0.158864,0.0,0.624284,0.362957,0.0,0.514032,0.0,0.501733,0.90612,0.0,0.0,0.0,0.0,0.395137,0.454511,0.83972,0.0,0.251396,0.0,0.23115,0.0,0.307738,0.0
58,0.681678,0.087507,0.020618,0.27355,0.0,0.0,1.06371,0.27217,1.202354,0.52986,0.0,0.248998,0.0,0.246175,0.0,0.0,0.56368,0.817123,0.703271,0.0,1.119557,0.255277,0.928835,0.084516,0.0,0.0,0.0,0.625458,0.522516,0.0,0.443915,0.0,0.514122,1.056039,0.0,0.0,0.0,0.09964,0.279702,0.424146,0.559428,0.085748,0.410782,0.0,0.339726,0.0,0.309808,0.0
59,0.463907,0.227284,0.0,0.224478,0.0,0.0,0.668929,0.149697,1.100232,0.488463,0.0,0.0,0.0,0.179422,0.0,0.0,0.652598,0.6988,0.520193,0.0,0.843594,0.287786,0.907363,0.077717,0.0,0.0,0.0,0.502683,0.567213,0.0,0.283339,0.0,0.515061,1.03611,0.0,0.051313,0.0,0.0,0.295894,0.46439,0.412924,0.127412,0.46977,0.0,0.192946,0.0,0.458255,0.0
60,0.226691,0.29187,0.000229,0.150717,0.0,0.0,0.579769,0.159503,1.068203,0.639533,0.0,0.0,0.0,0.055875,0.0,0.0,0.57647,0.70633,0.330953,0.0,0.653515,0.224235,0.973805,0.0,0.0,0.0,0.0,0.595099,0.478422,0.0,0.208753,0.0,0.643334,1.074126,0.037009,0.123089,0.0,0.0,0.336354,0.423401,0.244502,0.234087,0.538132,0.0,0.168836,0.0,0.724733,0.0
61,0.0,0.114838,0.019112,0.12969,0.0,0.116627,0.247111,0.095453,0.715883,0.355502,0.052677,0.0,0.0,0.0,0.066488,0.0,0.395347,0.540005,0.154987,0.0,0.484898,0.3198,0.718396,0.0,0.0,0.0,0.0,0.312862,0.268133,0.0,0.14251,0.063545,0.418694,0.779293,0.0,0.136831,0.0,0.0,0.320306,0.280821,0.209486,0.215489,0.494706,0.0,0.0,0.0,0.691368,0.0
62,0.0,0.0,0.0,0.025477,0.164011,0.330179,0.143521,0.268334,0.574003,0.232975,0.040989,0.0,0.0,0.0,0.145926,0.0,0.30275,0.475423,0.0,0.0,0.227351,0.145811,0.709591,0.0,0.0,0.0,0.0,0.228663,0.285668,0.0,0.216851,0.105355,0.120893,0.709482,0.0,0.0,0.0,0.0,0.203468,0.213613,0.096415,0.284226,0.542526,0.0,0.0,0.0,0.513502,0.0
63,0.0,0.013005,0.0,0.0,0.021581,0.208521,0.105521,0.285434,0.504696,0.245088,0.149741,0.126903,0.0,0.037494,0.326139,0.013532,0.155344,0.560447,0.114871,0.0,0.160942,0.370804,0.378821,0.107925,0.0,0.0,0.0,0.138977,0.126487,0.0,0.213201,0.0,0.070227,0.509665,0.004157,0.0,0.0,0.036172,0.0,0.160066,0.157513,0.387957,0.575914,0.0,0.0,0.0,0.256963,0.0
64,0.0,0.0,0.0,0.0,0.05985,0.209591,0.103191,0.410648,0.559488,0.0,0.208577,0.062335,0.0,0.0,0.155196,0.059221,0.282485,0.417507,0.022876,0.0,0.177881,0.232256,0.544253,0.033777,0.0,0.0,0.0,0.15199,0.147696,0.0,0.17294,0.0,0.064698,0.545316,0.0,0.029773,0.0,0.0,0.090667,0.120024,0.004166,0.360561,0.478652,0.0,0.0,0.0,0.380699,0.0
65,0.0,0.0,0.206822,0.003028,0.0,0.052377,0.365569,0.449952,0.659593,0.003117,0.070914,0.262115,0.0,0.0,0.197367,0.118064,0.204437,0.584963,0.239962,0.0,0.362094,0.346827,0.39776,0.134251,0.0,0.0,0.0,0.226979,0.09315,0.0,0.234347,0.0,0.027108,0.550671,0.0,0.0,0.0,0.043813,0.0,0.088847,0.159083,0.380169,0.384196,0.0,0.033173,0.0,0.277981,0.0
66,0.085198,0.0,0.046676,0.101281,0.0,0.0,0.58228,0.324375,0.918029,0.108649,0.098897,0.327538,0.0,0.0,0.0,0.036799,0.387358,0.706731,0.473027,0.0,0.519091,0.345593,0.49608,0.164111,0.0,0.0,0.0,0.360841,0.229754,0.0,0.290832,0.0,0.154912,0.75239,0.0,0.0,0.0,0.0,0.0,0.170234,0.30028,0.275236,0.31855,0.0,0.210692,0.0128,0.099195,0.0
67,0.261356,0.0,0.151918,0.129482,0.0,0.0,0.709713,0.289599,1.020494,0.223635,0.055706,0.246535,0.0,0.0,0.0,0.081241,0.437166,0.775377,0.576266,0.0,0.629026,0.425429,0.65922,0.305318,0.0,0.098034,0.0,0.499099,0.201882,0.0,0.358958,0.0,0.219317,0.686918,0.0,0.024508,0.0,0.0,0.0,0.14815,0.582746,0.264435,0.148967,0.0,0.242266,0.0,0.174742,0.0
68,0.457388,0.0,0.115756,0.101868,0.0,0.0,0.932638,0.168436,1.054749,0.283073,0.0,0.285911,0.0,0.0,0.0,0.051362,0.583512,0.792037,0.6447,0.0,0.758493,0.264124,0.889173,0.111558,0.0,0.0,0.0,0.52745,0.266759,0.0,0.390644,0.0,0.178858,0.925073,0.0,0.168518,0.0,0.0,0.0,0.186109,0.747807,0.170657,0.134148,0.0,0.324584,0.0,0.090798,0.0
69,0.429309,0.0,0.347394,0.048769,0.0,0.0,0.924504,0.0,0.901555,0.363591,0.0,0.211273,0.0,0.0,0.0,0.025473,0.630121,0.775421,0.6211,0.0,0.782313,0.484425,0.624434,0.153235,0.0,0.0,0.0,0.379574,0.0,0.0,0.595617,0.09367,0.136039,0.63791,0.157956,0.055464,0.0,0.117002,0.008445,0.033875,0.914932,0.338379,0.119733,0.0,0.162284,0.0,0.004678,0.0
70,0.3302,0.0,0.466848,0.033237,0.0,0.0,0.852758,0.0,0.705283,0.48978,0.0,0.00089,0.0,0.357278,0.028158,0.0,0.880512,0.90777,0.729345,0.0,0.6242,0.83265,0.079135,0.272824,0.0,0.0,0.0,0.357635,0.0,0.0,0.626429,0.095545,0.004948,0.520903,0.440939,0.0,0.0,0.21981,0.0,0.018551,1.112709,0.525147,0.123638,0.0,0.0,0.0,0.0,0.0
71,0.335869,0.0,0.437794,0.026124,0.0,0.0,1.005828,0.0,0.768436,0.574267,0.0,0.0,0.0,0.392643,0.08132,0.167615,0.891845,0.918106,0.569635,0.0,0.467319,0.707778,0.269691,0.107038,0.0,0.0,0.049885,0.114927,0.0,0.0,0.755346,0.311554,0.019397,0.567157,0.428818,0.453676,0.0,0.189033,0.044684,0.0,1.422444,0.73865,0.075817,0.0,0.0,0.0,0.0,0.0
72,0.374662,0.0,0.526497,0.043036,0.0,0.0,1.16462,0.0,0.773842,0.771393,0.0,0.0,0.0,0.532545,0.099775,0.300628,0.967638,1.01914,0.668743,0.0,0.435565,0.724846,0.135207,0.049931,0.0,0.0,0.143024,0.057014,0.000924,0.0,0.736797,0.374959,0.012977,0.557405,0.397902,0.527359,0.0,0.330103,0.090382,0.0,1.616087,0.814635,0.040258,0.0,0.0,0.0,0.0,0.0
73,0.482805,0.005798,0.615052,0.128751,0.0,0.0,1.134061,0.0,0.786951,0.773005,0.0,0.0,0.0,0.619047,0.181565,0.244906,1.159094,1.023075,0.748707,0.0,0.559971,0.85826,0.018502,0.05743,0.0,0.0,0.052562,0.174415,0.0,0.0,0.530122,0.278688,0.031439,0.52283,0.468434,0.486844,0.0,0.175584,0.118403,0.0,1.614034,0.593917,0.066982,0.0,0.026051,0.0,0.0,0.0
74,0.624642,0.045112,0.581669,0.076693,0.0,0.0,1.249649,0.0,0.903014,0.662563,0.0,0.0,0.0,0.411883,0.133812,0.468712,1.150429,0.933475,0.684436,0.0,0.655983,0.582726,0.335636,0.0,0.0,0.0,0.072507,0.156527,0.0,0.0,0.358022,0.471003,0.0,0.465522,0.287583,0.683335,0.0,0.027389,0.259254,0.08118,1.487397,0.608286,0.107067,0.0,0.200842,0.0,0.0,0.0
75,0.581606,0.145525,0.740864,0.181592,0.0,0.0,1.173623,0.0,0.961764,0.565499,0.0,0.0,0.0,0.407792,0.204485,0.433382,1.043103,0.89357,0.583326,0.0,0.60461,0.709205,0.177123,0.109477,0.0,0.103165,0.054499,0.068514,0.0,0.0,0.307708,0.245642,0.0,0.287217,0.394319,0.342234,0.0,0.007324,0.16872,0.0,1.349287,0.450161,0.094376,0.0,0.089545,0.0,0.0,0.0
76,0.633373,0.0,0.543725,0.017471,0.0,0.0,1.096186,0.0,0.843137,0.405016,0.0,0.0,0.0,0.170495,0.366572,0.460739,0.673458,0.690567,0.385045,0.0,0.595139,0.465333,0.455579,0.128894,0.0,0.051952,0.0,0.0,0.0,0.0,0.472874,0.253526,0.0,0.280462,0.236965,0.459304,0.0,0.0,0.279298,0.0,1.148704,0.391254,0.171936,0.0,0.058649,0.0,0.0,0.0
77,0.573423,0.0,0.376456,0.0,0.0,0.0,0.927609,0.0,0.639572,0.253439,0.0,0.0,0.0,0.012022,0.420615,0.605608,0.329399,0.585102,0.091618,0.0,0.485113,0.129578,0.606,0.293738,0.0,0.0,0.0,0.0,0.0,0.0,0.544323,0.383628,0.0,0.031834,0.208603,0.184651,0.0,0.212745,0.272017,0.0,0.824535,0.328189,0.21551,0.0,0.124095,0.0,0.0,0.0
78,0.436303,0.0,0.402973,0.0,0.0,0.0,0.795876,0.0,0.714094,0.212718,0.0,0.0,0.0,0.0,0.535978,0.687265,0.222992,0.610205,0.096776,0.0,0.399317,0.159577,0.509962,0.313079,0.0,0.0,0.0,0.0,0.0,0.0,0.330487,0.207521,0.0,0.092585,0.157843,0.101197,0.0,0.149183,0.115286,0.0,0.625609,0.286915,0.163597,0.0,0.091596,0.0,0.0,0.0
79,0.252096,0.0,0.279941,0.0,0.0,0.0,0.305195,0.042827,0.704486,0.083679,0.0,0.0,0.0,0.0,0.496162,0.493089,0.322064,0.392197,0.005234,0.0,0.35159,0.297244,0.378759,0.296115,0.0,0.0,0.0,0.0,0.0,0.0,0.09012,0.093215,0.0,0.089166,0.125871,0.0,0.0,0.0,0.0,0.0,0.216276,0.297427,0.377197,0.0,0.002505,0.0,0.017826,0.0
80,0.29578,0.0,0.009838,0.0,0.0,0.163431,0.022591,0.178583,0.505213,0.207126,0.03125,0.0,0.0,0.0,0.477542,0.41519,0.27169,0.302958,0.092539,0.0,0.318023,0.231088,0.557673,0.092435,0.0,0.0,0.0,0.026749,0.0,0.0,0.0,0.167051,0.0,0.302218,0.0,0.150926,0.0,0.0,0.018056,0.106176,0.057191,0.23728,0.470306,0.0,0.048992,0.0,0.281126,0.0
81,0.0,0.0,0.0,0.0,0.156996,0.56238,0.0,0.441085,0.650139,0.257542,0.099711,0.0,0.0,0.0,0.623138,0.031155,0.210702,0.388807,0.0,0.0,0.038735,0.25971,0.519965,0.0,0.0,0.0,0.0,0.062273,0.031532,0.0,0.125526,0.0,0.072931,0.489457,0.000874,0.0,0.0,0.0,0.0,0.175942,0.0,0.210276,0.69074,0.0,0.0,0.0,0.371658,0.0
82,0.0,0.0,0.0,0.0,0.447156,0.657887,0.0,0.5542,0.659838,0.266559,0.446093,0.0,0.0,0.0,0.461,0.0,0.266618,0.287617,0.0,0.0,0.0,0.207606,0.603058,0.0,0.0,0.0,0.0,0.0,0.254711,0.0,0.057057,0.0,0.309797,0.924654,0.0,0.101733,0.0,0.0,0.0,0.169527,0.0,0.262262,0.691301,0.0,0.0,0.0,0.614142,0.0
83,0.0,0.0,0.0,0.029042,0.51595,0.692019,0.0,0.584975,0.618694,0.378822,0.479186,0.064553,0.0,0.0,0.377409,0.0,0.2023,0.382812,0.0,0.0,0.00151,0.440763,0.55368,0.0,0.0,0.0,0.0,0.0,0.186629,0.0,0.06823,0.0,0.467007,1.028381,0.0,0.13384,0.0,0.0,0.0,0.289667,0.0,0.291076,0.712389,0.0,0.0,0.0,0.612621,0.0
84,0.0,0.0,0.0,0.051578,0.401834,0.581678,0.001956,0.525518,0.667774,0.556854,0.457422,0.094431,0.0,0.0,0.342502,0.0,0.237939,0.525093,0.151672,0.0,0.141629,0.341873,0.67424,0.0,0.0,0.0,0.0,0.0,0.289362,0.0,0.131975,0.0,0.793301,1.168515,0.0,0.196919,0.0,0.0,0.0,0.323361,0.0,0.401775,0.597606,0.0,0.0,0.0,0.49898,0.0
85,0.0,0.0,0.0,0.0,0.261191,0.634185,0.048738,0.666373,0.717176,0.503431,0.352262,0.147737,0.0,0.047475,0.501333,0.0,0.159199,0.404767,0.14491,0.0,0.170932,0.47862,0.546302,0.0,0.0,0.0,0.0,0.0,0.307844,0.0,0.280993,0.0,0.792874,1.352008,0.0262,0.097453,0.0,0.0,0.0,0.301489,0.0,0.511134,0.721877,0.0,0.0,0.0,0.713159,0.0
86,0.0,0.0,0.0,0.0,0.12368,0.330613,0.108972,0.426892,0.585216,0.683841,0.297317,0.123906,0.0,0.487904,0.606989,0.0,0.095476,0.510622,0.42507,0.0,0.183046,0.851052,0.0629,0.0,0.0,0.0,0.0,0.103982,0.236434,0.0,0.445312,0.0,0.762525,1.309362,0.194463,0.0,0.0,0.134802,0.0,0.269883,0.234727,0.661483,0.720432,0.0,0.0,0.0,0.479924,0.0
87,0.0,0.0,0.045635,0.139823,0.0,0.0,0.289363,0.0,0.547174,0.864722,0.314781,0.0,0.0,0.679096,0.435729,0.0,0.392759,0.62295,0.805516,0.0,0.457638,1.030973,0.0,0.189633,0.0,0.0,0.023992,0.341396,0.121516,0.0,0.23008,0.0,0.942697,1.195592,0.177597,0.156233,0.0,0.092477,0.0,0.357274,0.476761,0.694618,0.504617,0.0,0.0,0.0,0.604895,0.0
88,0.0,0.0,0.0,0.117936,0.0,0.0,0.447701,0.0,0.550803,0.603225,0.279839,0.0,0.0,0.693179,0.124402,0.0,0.577769,0.483513,0.880617,0.0,0.494303,0.949709,0.0,0.169524,0.0,0.0,0.071956,0.158423,0.230699,0.0,0.362483,0.0,0.75796,1.276742,0.212916,0.262625,0.0,0.209954,0.0,0.312098,0.515202,0.821301,0.441551,0.0,0.000586,0.0,0.314753,0.0
89,0.134373,0.010509,0.138434,0.086907,0.0,0.0,0.62354,0.0,0.545157,0.792269,0.055884,0.0,0.0,0.435939,0.167745,0.0,0.696514,0.466503,0.957446,0.0,0.575716,0.987297,0.21828,0.155377,0.0,0.0,0.0,0.338893,0.108859,0.0,0.332095,0.0,0.817733,1.175569,0.346187,0.487678,0.0,0.029545,0.054275,0.378652,0.640968,0.828109,0.233636,0.0,0.085198,0.0,0.49292,0.0
90,0.038202,0.0,0.160202,0.0,0.0,0.0,0.726967,0.0,0.34395,0.719935,0.0,0.016226,0.0,0.537096,0.180393,0.0,0.512648,0.456997,0.930679,0.0,0.3675,1.01481,0.0,0.214784,0.0,0.0,0.0,0.218723,0.159306,0.0,0.659415,0.0,0.468795,1.119657,0.483817,0.130154,0.0,0.385454,0.0,0.209666,0.873786,1.025871,0.144076,0.0,0.0,0.0,0.0,0.0
91,0.0,0.0,0.142465,0.0,0.0,0.0,0.60838,0.0,0.082465,0.585675,0.0,0.081309,0.0,0.624579,0.350927,0.0,0.591863,0.434031,1.035098,0.0,0.407416,1.139536,0.0,0.236234,0.0,0.0,0.0,0.279817,0.068174,0.0,0.636606,0.0,0.296541,1.197296,0.581374,0.02155,0.0,0.367378,0.0,0.096471,1.059643,0.845967,0.126147,0.0,0.0,0.0,0.0,0.0
92,0.157617,0.098398,0.07663,0.0,0.0,0.0,0.627429,0.0,0.031444,0.615399,0.0,0.0,0.0,0.479492,0.102967,0.0,0.769089,0.56566,0.936084,0.0,0.286447,0.890134,0.224124,0.254913,0.0,0.0,0.0,0.326262,0.306446,0.0,0.694964,0.0,0.401415,1.147948,0.687564,0.633721,0.0,0.1943,0.144239,0.130575,1.119299,1.00696,0.001626,0.0,0.0,0.0,0.107182,0.0
93,0.086844,0.249879,0.045963,0.0,0.0,0.0,0.46086,0.0,0.0,0.619038,0.0,0.0,0.0,0.775777,0.025677,0.018878,0.968662,0.660689,1.111569,0.0,0.302927,0.944174,0.0,0.383379,0.0,0.0,0.0,0.357685,0.365535,0.0,0.426106,0.0,0.383454,1.137485,0.476264,0.632838,0.0,0.096495,0.043361,0.173765,1.225817,0.878106,0.0,0.0,0.0,0.0,0.110057,0.0
94,0.0,0.07443,0.086063,0.0,0.0,0.0,0.280748,0.0,0.0,0.787452,0.0,0.0,0.0,0.995323,0.0,0.095353,0.837231,0.775848,1.190505,0.0,0.201759,1.198506,0.0,0.59801,0.0,0.0,0.0,0.292388,0.440611,0.0,0.660743,0.0,0.310033,1.267599,0.465077,0.508867,0.0,0.184683,0.0,0.113652,1.476985,0.871078,0.0,0.0,0.0,0.0,0.038702,0.0
95,0.0,0.0,0.099147,0.081539,0.0,0.0,0.219697,0.0,0.0,0.795158,0.066031,0.0,0.0,1.309985,0.061354,0.034349,1.003252,0.934706,1.298231,0.0,0.179319,1.274297,0.0,0.675264,0.0,0.0,0.0,0.23849,0.463888,0.0,0.521331,0.0,0.337251,1.449099,0.287599,0.439463,0.0,0.137796,0.0,0.275947,1.598047,0.852455,0.0,0.0,0.0,0.0,0.189925,0.0
96,0.0,0.0,0.0,0.148862,0.0,0.0,0.22182,0.0,0.000379,0.585907,0.211324,0.084795,0.0,1.408964,0.031328,0.021759,0.959139,0.865397,1.304713,0.0,0.389531,1.180307,0.0,0.559552,0.0,0.0,0.0,0.061633,0.472808,0.0,0.44963,0.0,0.379426,1.567054,0.027161,0.447548,0.0,0.166129,0.0,0.319319,1.443113,0.823985,0.0,0.0,0.0,0.0,0.203621,0.0
97,0.0,0.0,0.0,0.046944,0.0,0.0,0.223238,0.0,0.073179,0.513655,0.454144,0.206035,0.0,1.473848,0.105465,0.122459,0.910707,0.858573,1.372268,0.0,0.444036,0.956862,0.0,0.493902,0.0,0.0,0.093104,0.105634,0.4288,0.0,0.389404,0.0,0.608993,1.588441,0.0,0.517114,0.0,0.249482,0.0,0.327584,1.186548,0.965544,0.0,0.0,0.00065,0.0,0.320085,0.0
98,0.0,0.0,0.272243,0.0,0.0,0.0,0.25356,0.0,0.224293,0.567016,0.320179,0.351449,0.0,1.133034,0.410674,0.296464,0.404747,0.778897,1.2496,0.0,0.428318,1.396031,0.0,0.537233,0.0,0.0,0.27656,0.018021,0.057841,0.0,0.628723,0.0,0.503442,1.160788,0.158586,0.273316,0.0,0.44534,0.0,0.011367,1.059233,0.827307,0.0,0.0,0.0,0.031001,0.072773,0.0
99,0.0,0.0,0.415458,0.0,0.0,0.0,0.463799,0.0,0.407895,0.614461,0.401135,0.357947,0.0,0.782262,0.479405,0.471165,0.312683,0.876766,1.122014,0.0,0.417606,1.121341,0.0,0.469457,0.0,0.0,0.406398,0.0,0.022173,0.0,0.564387,0.0,0.711976,0.86546,0.024395,0.61931,0.0,0.375768,0.0,0.0,0.674565,0.953827,0.0,0.0,0.0,0.18142,0.141844,0.0
100,0.0,0.0,0.31535,0.0,0.0,0.0,0.294449,0.163375,0.30959,0.537861,0.539181,0.384233,0.0,0.684861,0.689826,0.375532,0.188532,0.769678,0.885704,0.0,0.244355,1.311227,0.0,0.378665,0.0,0.0,0.491025,0.0,0.0,0.0,0.571525,0.0,0.713444,0.649047,0.066223,0.670291,0.0,0.238378,0.0,0.0,0.536118,0.775164,0.0,0.0,0.0,0.227388,0.126367,0.0
101,0.0,0.0,0.018481,0.0,0.079664,0.0,0.100855,0.546963,0.325116,0.508627,0.60504,0.290845,0.0,0.686784,0.862316,0.20256,0.038647,0.660101,0.527296,0.0,0.185037,1.187672,0.0,0.167902,0.0,0.0,0.558643,0.0,0.0,0.0,0.555857,0.0,0.836093,0.463508,0.057578,0.70809,0.0,0.030673,0.0,0.0,0.377111,0.685211,0.079952,0.0,0.0,0.23748,0.333683,0.0
102,0.0,0.0,0.0,0.0,0.007277,0.0,0.053892,0.492663,0.343045,0.485466,0.492913,0.139113,0.0,0.655197,0.908537,0.331792,0.0,0.773306,0.387622,0.0,0.0,1.343972,0.0,0.229576,0.0,0.0,0.547717,0.0,0.0,0.0,0.581431,0.0,0.670948,0.211682,0.279313,0.569348,0.0,0.0,0.0,0.0,0.510719,0.575535,0.132789,0.0,0.0,0.327839,0.254768,0.0
103,0.0,0.0,0.0,0.0,0.0,0.0,0.0,0.75901,0.298687,0.311265,0.362192,0.175301,0.0,0.288023,0.652249,0.158038,0.0,0.499712,0.38765,0.0,0.034027,0.882511,0.141259,0.266202,0.0,0.0,0.251157,0.0,0.0,0.0,0.437601,0.0,0.650559,0.203712,0.147587,0.409279,0.0,0.0,0.0,0.0,0.311804,0.439334,0.0,0.0,0.065298,0.237362,0.38692,0.0
104,0.053029,0.0,0.071371,0.0,0.0,0.0,0.032115,0.685644,0.373962,0.146544,0.195224,0.269377,0.0,0.128793,0.400296,0.389983,0.03885,0.583964,0.422086,0.0,0.036155,0.68173,0.350826,0.37684,0.0,0.0,0.083069,0.0,0.0,0.0,0.195132,0.0,0.664739,0.260576,0.159086,0.285235,0.046874,0.0,0.0,0.0,0.283081,0.461342,0.0,0.0,0.211923,0.40599,0.441294,0.0
105,0.230357,0.0,0.090217,0.0,0.0,0.0,0.141714,0.763457,0.416053,0.0,0.0,0.363613,0.0,0.0,0.225614,0.308853,0.111951,0.49703,0.41187,0.0,0.221359,0.364713,0.508033,0.477465,0.0,0.0,0.031078,0.0,0.0,0.0,0.112011,0.0,0.569525,0.283973,0.209541,0.145183,0.45036,0.0,0.0,0.0,0.370521,0.406693,0.0,0.0,0.267718,0.339361,0.401929,0.0
106,0.282037,0.0,0.001231,0.0,0.0,0.0,0.312797,0.823638,0.435411,0.0,0.0,0.597035,0.0,0.0,0.106293,0.517357,0.233806,0.568567,0.531352,0.0,0.205056,0.223475,0.556298,0.708304,0.0,0.0,0.0,0.055404,0.0,0.0,0.107033,0.103839,0.315423,0.451052,0.218116,0.0,0.542032,0.0,0.0,0.0,0.499821,0.406004,0.0,0.0,0.268598,0.314454,0.370849,0.0
107,0.693869,0.0,0.0,0.0,0.0,0.0,0.449492,0.893131,0.191003,0.0,0.0,0.502848,0.0,0.0,0.07924,0.590797,0.290974,0.536386,0.52081,0.0,0.135443,0.0,0.81532,1.011846,0.0,0.117238,0.0,0.10552,0.0,0.0,0.369063,0.115236,0.254525,0.263927,0.421129,0.130621,0.46094,0.0,0.0,0.0,0.500447,0.543038,0.0,0.0,0.395371,0.075234,0.477946,0.0
108,0.590782,0.0,0.0,0.0,0.0,0.0,0.68732,0.62776,0.32996,0.0,0.0,0.609794,0.0,0.0,0.210951,0.483495,0.457922,0.671578,0.763369,0.0,0.100143,0.378368,0.29716,1.102444,0.0,0.34422,0.0,0.0,0.056,0.0,0.528861,0.0,0.0,0.402798,0.588346,0.0,0.6286,0.129793,0.0,0.0,0.8405,0.427708,0.0,0.0,0.165891,0.0,0.07821,0.0
109,0.664185,0.0,0.204607,0.098396,0.0,0.0,0.91549,0.295959,0.279338,0.0,0.0,0.599667,0.0,0.0,0.280587,0.263947,0.74973,0.835529,1.001858,0.0,0.0,0.623423,0.092947,1.164876,0.0,0.645853,0.0,0.0,0.086065,0.0,0.6615,0.0,0.0,0.488029,0.809474,0.0,0.619932,0.061094,0.0,0.0,0.973277,0.296172,0.0,0.0,0.119092,0.0,0.0,0.030684
110,0.808598,0.02044,0.240298,0.073048,0.0,0.0,0.998544,0.226538,0.25027,0.039519,0.0,0.69608,0.0,0.0,0.0,0.322423,0.960362,0.967937,1.196553,0.0,0.081346,0.523776,0.323696,1.14049,0.0,0.618397,0.0,0.053992,0.155984,0.0,0.576533,0.0,0.159794,0.474879,0.819538,0.167443,0.503834,0.0496,0.0,0.0,0.799678,0.269332,0.0,0.0,0.381939,0.0,0.119714,0.134018
111,0.826764,0.014186,0.103807,0.008024,0.0,0.0,0.992709,0.166566,0.132654,0.033294,0.0,0.751885,0.0,0.0,0.0,0.235375,0.949038,0.832338,1.167085,0.0,0.245461,0.403366,0.530615,1.073381,0.0,0.493935,0.0,0.094357,0.157538,0.0,0.611887,0.0,0.120736,0.518127,0.663033,0.396533,0.338418,0.063428,0.0,0.035137,0.942906,0.279074,0.0,0.0,0.295669,0.0,0.144562,0.061516
112,0.715471,0.068902,0.090259,0.0,0.0,0.0,0.996403,0.0,0.064193,0.066826,0.0,0.754874,0.0,0.0,0.0,0.21322,0.929459,0.869557,1.202866,0.0,0.381021,0.37638,0.396608,0.978423,0.0,0.304022,0.0,0.272803,0.189667,0.0,0.626697,0.0,0.049871,0.67431,0.621898,0.239771,0.178224,0.226381,0.0,0.0,0.99623,0.343952,0.0,0.0,0.245011,0.0,0.043801,0.0
113,0.575967,0.0,0.048461,0.0,0.0,0.0,0.819572,0.0,0.0,0.076258,0.0,0.425246,0.0,0.087449,0.141143,0.0,0.762894,0.619947,0.83651,0.0,0.330531,0.440338,0.290342,0.744316,0.0,0.254668,0.0,0.0,0.165222,0.0,0.853028,0.0,0.0,0.605647,0.648809,0.368088,0.019747,0.0,0.0,0.035205,1.112762,0.411596,0.0,0.0,0.0,0.0,0.0,0.0
114,0.454662,0.359445,0.020846,0.0,0.0,0.0,0.654015,0.0,0.0,0.273871,0.0,0.270904,0.0,0.234757,0.0,0.016683,0.858169,0.721902,0.887877,0.0,0.274004,0.571624,0.200603,0.742119,0.0,0.0,0.0,0.130641,0.168402,0.0,0.731047,0.0,0.027934,0.579328,0.686415,0.303141,0.0,0.191709,0.0,0.0,1.116084,0.50954,0.020131,0.0,0.0,0.0,0.0,0.0
115,0.421791,0.378674,0.080856,0.0,0.0,0.0,0.592344,0.0,0.06934,0.605035,0.0,0.0,0.0,0.349798,0.0,0.0,1.135556,0.801428,0.876028,0.0,0.140027,0.658265,0.114538,0.505167,0.0,0.14374,0.0,0.239891,0.20631,0.0,0.450263,0.0,0.02406,0.548462,0.665452,0.335201,0.0,0.045133,0.015559,0.113237,1.32567,0.475606,0.026698,0.0,0.0,0.0,0.0,0.0
116,0.371093,0.333761,0.0,0.0,0.0,0.0,0.532338,0.0,0.144744,0.497398,0.0,0.0,0.0,0.578539,0.0,0.0,1.169672,0.806405,0.688702,0.0,0.205211,0.590448,0.11156,0.319493,0.0,0.028832,0.0,0.20436,0.181239,0.128474,0.286264,0.065949,0.02761,0.529429,0.585542,0.510522,0.0,0.0,0.0,0.181695,1.355155,0.584891,0.07306,0.0,0.004024,0.0,0.0,0.0
117,0.291922,0.402231,0.094862,0.0,0.0,0.0,0.666998,0.0,0.142794,0.419939,0.0,0.0,0.0,0.341649,0.0,0.045102,0.963103,0.769925,0.613584,0.0,0.160995,0.484227,0.32192,0.240903,0.0,0.0,0.0,0.176317,0.111535,0.452164,0.398425,0.513549,0.049934,0.456282,0.544813,0.702565,0.0,0.025621,0.096534,0.0,1.306097,0.646094,0.0,0.0,0.0,0.084502,0.0,0.0
118,0.28415,0.273852,0.080566,0.0,0.0,0.0,0.508757,0.0,0.05617,0.369446,0.0,0.0,0.0,0.251597,0.0,0.066872,0.736126,0.627551,0.40912,0.0,0.065968,0.471142,0.444183,0.184939,0.0,0.0,0.0,0.138047,0.049549,0.483401,0.380411,0.397242,0.018487,0.359337,0.667336,0.819741,0.0,0.0,0.050737,0.0,1.312164,0.639152,0.0,0.0,0.0,0.01028,0.0,0.0
119,0.233961,0.088654,0.0,0.0,0.0,0.0,0.103829,0.0,0.0,0.279183,0.0,0.0,0.0,0.254502,0.202069,0.106596,0.410287,0.484381,0.392885,0.0,0.0,0.694622,0.120772,0.401185,0.0,0.0,0.0,0.013953,0.0,0.402896,0.269251,0.167824,0.004637,0.314991,0.759737,0.534889,0.0,0.0,0.0,0.0,1.149771,0.566295,0.007733,0.0,0.0,0.025287,0.0,0.0
120,0.344228,0.125402,0.0,0.0,0.0,0.0,0.205639,0.0,0.0,0.171622,0.0,0.0,0.0,0.141125,0.314208,0.323255,0.35003,0.445447,0.459667,0.0,0.0,0.453842,0.324278,0.590485,0.0,0.0,0.0,0.165941,0.0,0.452062,0.291173,0.256117,0.034974,0.386058,0.727649,0.393035,0.0,0.116741,0.0,0.0,0.916866,0.699476,0.0,0.0,0.0,0.0,0.0,0.0
121,0.505079,0.201762,0.0,0.0,0.0,0.0,0.151503,0.0,0.0,0.0,0.0,0.0,0.0,0.019137,0.053322,0.257383,0.344764,0.255327,0.232121,0.0,0.056458,0.218848,0.722926,0.451821,0.0,0.0,0.0,0.124565,0.0,0.318733,0.027326,0.243573,0.216311,0.191458,0.597847,0.571703,0.0,0.0,0.0,0.0,0.64586,0.504333,0.0,0.0,0.040038,0.122681,0.185303,0.0
122,0.489695,0.0,0.0,0.0,0.0,0.0,0.177555,0.0,0.0,0.0,0.0,0.089078,0.0,0.0,0.165001,0.261117,0.21627,0.203731,0.329878,0.0,0.121187,0.186017,0.475088,0.59804,0.0,0.0,0.0,0.141306,0.0,0.283769,0.206669,0.123538,0.156603,0.371224,0.556995,0.288463,0.0,0.0,0.0,0.0,0.556931,0.481604,0.0,0.0,0.0,0.0,0.054478,0.0
123,0.456249,0.0,0.0,0.0,0.0,0.0,0.255273,0.0,0.0,0.058812,0.0,0.066178,0.0,0.0,0.302884,0.240629,0.314799,0.232157,0.514956,0.0,0.0,0.282262,0.22172,0.658933,0.0,0.027872,0.0,0.186371,0.0,0.098899,0.366429,0.040434,0.098798,0.432712,0.717704,0.18469,0.0,0.0,0.0,0.0,0.610291,0.457441,0.0,0.0,0.002075,0.0,0.062891,0.0
124,0.350581,0.0,0.03855,0.0,0.0,0.0,0.254179,0.0,0.0,0.227215,0.0,0.0,0.0,0.0,0.326608,0.059377,0.49578,0.313639,0.481209,0.0,0.0,0.424789,0.30417,0.389176,0.0,0.018661,0.0,0.005273,0.0,0.073137,0.208527,0.0,0.112375,0.335975,0.643123,0.50216,0.001687,0.0,0.0,0.0,0.716521,0.285338,0.0569,0.0,0.0,0.0,0.080751,0.0
125,0.141794,0.130234,0.05524,0.0,0.0,0.0,0.236851,0.0,0.0,0.252496,0.0,0.001739,0.0,0.109816,0.200912,0.19934,0.532708,0.394021,0.667522,0.0,0.0,0.606344,0.014845,0.381864,0.0,0.0,0.0,0.0,0.0,0.090483,0.146527,0.0,0.121911,0.383786,0.581482,0.40359,0.0,0.086132,0.0,0.0,0.698615,0.389909,0.122351,0.0,0.0,0.0,0.0,0.0
126,0.107514,0.0,0.0,0.0,0.0,0.0,0.08883,0.0,0.0,0.406796,0.0,0.0,0.0,0.209725,0.364398,0.279144,0.301059,0.398141,0.660118,0.0,0.0,0.856628,0.0,0.264139,0.0,0.0,0.0,0.0,0.0,0.127636,0.164236,0.0,0.11283,0.279898,0.637622,0.331143,0.0,0.224454,0.0,0.0,0.746122,0.567376,0.161773,0.0,0.0,0.002378,0.0,0.0
127,0.10765,0.0,0.0,0.0,0.017469,0.0,0.127496,0.0,0.0,0.260332,0.138166,0.0,0.0,0.425413,0.238738,0.197783,0.227603,0.5309,0.516648,0.0,0.032869,0.677303,0.039102,0.0,0.0,0.0,0.03014,0.0,0.0,0.19682,0.0,0.024343,0.240997,0.152285,0.368901,0.619759,0.0,0.268618,0.0,0.005576,0.74457,0.654736,0.155011,0.0,0.15363,0.30913,0.038944,0.0
128,0.0,0.0,0.0,0.0,0.23407,0.0,0.028751,0.0,0.089864,0.276536,0.348302,0.0,0.0,0.456528,0.274508,0.0,0.407346,0.428053,0.294281,0.0,0.161306,0.489677,0.095227,0.0,0.0,0.0,0.03698,0.0,0.0,0.0,0.0,0.0,0.239102,0.339896,0.145325,0.698924,0.0,0.0,0.0,0.211963,0.683525,0.504662,0.332636,0.0,0.0,0.117723,0.091863,0.0
129,0.0,0.0,0.0,0.0,0.366884,0.0,0.113894,0.123349,0.333798,0.090795,0.335713,0.0,0.0,0.353453,0.282126,0.0,0.386272,0.394275,0.078541,0.0,0.126411,0.243816,0.448269,0.0,0.0,0.0,0.055659,0.0,0.0,0.08099,0.002765,0.03283,0.334568,0.213104,0.106205,0.667805,0.0,0.0,0.0,0.205675,0.44866,0.375383,0.245665,0.0,0.0,0.206211,0.130906,0.0
130,0.0,0.0,0.0,0.0,0.0,0.0,0.05013,0.124759,0.398663,0.345301,0.225254,0.023096,0.0,0.215926,0.410178,0.168748,0.0882,0.537149,0.224495,0.0,0.0,0.463951,0.067769,0.10403,0.0,0.0,0.0,0.0,0.0,0.0,0.07241,0.064028,0.202999,0.284071,0.001241,0.076147,0.0,0.138118,0.0,0.0,0.399953,0.310308,0.343455,0.0,0.0,0.164583,0.0,0.0
131,0.0,0.0,0.14879,0.0,0.0,0.0,0.042005,0.150926,0.450324,0.207087,0.242333,0.127789,0.0,0.0,0.307315,0.148849,0.218586,0.415828,0.251635,0.0,0.140998,0.174196,0.128879,0.0,0.0,0.0,0.0,0.0,0.0,0.0,0.012797,0.175926,0.161446,0.32155,0.0,0.0,0.0,0.043155,0.0,0.0,0.141558,0.245462,0.327858,0.0,0.037266,0.124475,0.0,0.0
132,0.0,0.0,0.262896,0.0,0.0,0.0,0.0,0.304498,0.516344,0.068091,0.208301,0.025917,0.0,0.0,0.356182,0.298519,0.194869,0.397343,0.015294,0.0,0.0,0.158909,0.197423,0.038265,0.0,0.0,0.0,0.0,0.0,0.0,0.065704,0.083932,0.092256,0.227872,0.047239,0.0,0.0,0.0,0.0,0.0,0.144739,0.201645,0.374821,0.0,0.0,0.10269,0.181825,0.0
133,0.134939,0.0,0.175212,0.0,0.0,0.089402,0.0,0.448301,0.461693,0.0,0.0,0.0,0.0,0.0,0.304939,0.429672,0.287603,0.331467,0.0,0.0,0.0,0.0,0.561758,0.123233,0.0,0.0,0.0,0.208257,0.0,0.0,0.0,0.297252,0.0,0.261155,0.0,0.0,0.0,0.0,0.0,0.0,0.145415,0.134925,0.212176,0.0,0.027623,0.070028,0.295907,0.0
134,0.343204,0.0,0.008706,0.0,0.0,0.124277,0.0,0.499964,0.588915,0.012025,0.0,0.0,0.0,0.0,0.298342,0.394566,0.233341,0.390556,0.0,0.0,0.0,0.0,0.795777,0.176296,0.0,0.0,0.0,0.272137,0.0,0.0,0.065763,0.391182,0.0,0.173863,0.0,0.0,0.0,0.0,0.024371,0.0,0.284296,0.0,0.196001,0.0,0.110263,0.0792,0.27648,0.0
135,0.33521,0.0,0.0,0.0,0.0,0.0,0.0,0.512104,0.814632,0.084437,0.0,0.005575,0.0,0.0,0.0,0.348826,0.238878,0.358583,0.0,0.0,0.0,0.0,0.865337,0.0,0.0,0.0,0.0,0.130012,0.0,0.0,0.0,0.454075,0.0,0.361206,0.0,0.0,0.032676,0.0,0.089605,0.0,0.325767,0.0,0.20346,0.0,0.19185,0.224669,0.143341,0.0
136,0.330308,0.0,0.0,0.0,0.0,0.007148,0.0,0.702668,0.790114,0.102925,0.0,0.0,0.0,0.0,0.122879,0.487689,0.215681,0.378144,0.0,0.0,0.0,0.0,1.053412,0.060345,0.0,0.0,0.0,0.220967,0.0,0.0,0.0,0.760989,0.0,0.440198,0.0,0.0,0.0,0.0,0.044627,0.0,0.565949,0.0,0.234331,0.0,0.127516,0.334652,0.277505,0.0
137,0.459646,0.080221,0.0,0.0,0.024149,0.268303,0.0,0.777294,1.056953,0.0,0.0,0.0,0.0,0.0,0.044553,0.270898,0.28992,0.277294,0.0,0.0,0.0,0.0,1.664451,0.0,0.0,0.0,0.0,0.367689,0.0,0.134561,0.0,0.782291,0.0,0.442318,0.052602,0.205776,0.0,0.0,0.186671,0.0,0.334469,0.0,0.328315,0.0,0.0867,0.372419,0.524553,0.0
138,0.522248,0.038301,0.0,0.0,0.0,0.090962,0.0,0.821059,1.000835,0.10839,0.0,0.0,0.0,0.0,0.0,0.330127,0.219528,0.374498,0.0,0.0,0.0,0.0,1.326133,0.0,0.0,0.0,0.0,0.268086,0.0,0.139952,0.0,0.884057,0.0,0.448958,0.0,0.089872,0.0,0.0,0.0,0.0,0.474375,0.0,0.224661,0.0,0.182841,0.370804,0.332681,0.0
139,0.526429,0.08904,0.0,0.0,0.01369,0.197193,0.0,0.789848,1.072324,0.099065,0.0,0.0,0.0,0.0,0.142198,0.117704,0.113236,0.370426,0.0,0.0,0.0,0.0,1.645218,0.0,0.0,0.0,0.0,0.382358,0.0,0.335864,0.0,0.838595,0.024967,0.346603,0.453132,0.305868,0.0,0.0,0.021295,0.0,0.32992,0.0,0.210823,0.0,0.157436,0.307205,0.499865,0.0
140,0.385943,0.0,0.0,0.0,0.0,0.37163,0.0,1.012578,0.836787,0.0,0.0,0.0,0.0,0.0,0.129106,0.254985,0.158367,0.359494,0.0,0.0,0.0,0.0,1.388235,0.0,0.0,0.0,0.0,0.373918,0.0,0.332294,0.0,0.849677,0.0,0.728849,0.358103,0.127006,0.0,0.0,0.0,0.0,0.296442,0.077285,0.260486,0.0,0.079733,0.357042,0.490777,0.0
141,0.347232,0.0,0.0,0.0,0.062696,0.333603,0.0,0.996321,0.686909,0.040297,0.0,0.0,0.0,0.0,0.422817,0.0,0.0,0.396035,0.0,0.0,0.0,0.0,1.23268,0.0,0.0,0.0,0.0,0.196714,0.0,0.445949,0.0,0.628205,0.132219,0.1532,0.439525,0.044328,0.0,0.0,0.0,0.0,0.237672,0.177505,0.169314,0.0,0.080001,0.343193,0.459593,0.0
142,0.055219,0.0,0.0,0.0,0.098781,0.450883,0.0,1.188737,0.729107,0.425234,0.0,0.0,0.0,0.0,0.686239,0.0,0.0,0.539352,0.0,0.0,0.0,0.158379,0.803381,0.0,0.0,0.0,0.0,0.127299,0.0,0.409522,0.0,0.257937,0.372491,0.243907,0.361692,0.0,0.0,0.0,0.0,0.0,0.111582,0.187951,0.276215,0.0,0.0,0.25777,0.313352,0.0
143,0.0,0.0,0.0,0.0,0.023047,0.575398,0.0,1.329355,0.682665,0.275506,0.0,0.0,0.0,0.0,0.586444,0.0,0.0,0.52833,0.0,0.0,0.0,0.0,1.150057,0.0,0.0,0.0,0.0,0.144354,0.0,0.559515,0.0,0.350424,0.470734,0.684406,0.352234,0.09991,0.0,0.0,0.0,0.0,0.0,0.153355,0.282133,0.0,0.0,0.463806,0.424547,0.0
144,0.092311,0.0,0.0,0.0,0.06896,0.480325,0.0,1.356089,0.493599,0.188976,0.089297,0.0,0.0,0.0,0.81522,0.0,0.0,0.611845,0.0,0.0,0.0,0.2278,1.106582,0.0,0.0,0.0,0.0,0.218148,0.081337,0.638389,0.0,0.313553,0.497638,0.514886,0.376255,0.241015,0.0,0.0,0.0,0.0,0.0,0.19204,0.099905,0.0,0.0,0.599371,0.601779,0.0
145,0.025492,0.0,0.0,0.0,0.374235,0.495474,0.0,1.45873,0.547157,0.413837,0.22789,0.0,0.0,0.0,0.785711,0.0,0.0,0.560233,0.0,0.0,0.0,0.352365,1.032629,0.0,0.0,0.0,0.234847,0.0,0.172467,0.643392,0.004129,0.0,0.670765,0.246703,0.283383,0.313275,0.0,0.0,0.0,0.0,0.0,0.183151,0.177599,0.0,0.0,0.583769,0.557758,0.0
146,0.0,0.0,0.0,0.0,0.094512,0.20378,0.0,1.371966,0.466719,0.432463,0.38952,0.06248,0.0,0.0,0.731233,0.0,0.0,0.640661,0.0,0.0,0.0,0.492929,0.782219,0.0,0.0,0.0,0.152437,0.0,0.075529,0.368838,0.0,0.084331,0.675193,0.437659,0.107399,0.157216,0.0,0.0,0.0,0.0,0.0,0.197655,0.148915,0.0,0.0,0.65661,0.44583,0.0
147,0.0,0.0,0.0,0.0,0.312028,0.310195,0.0,1.35076,0.506667,0.361438,0.466065,0.0,0.0,0.0,0.707915,0.0,0.0,0.659207,0.0,0.0,0.0,0.405812,0.933266,0.0,0.0,0.0,0.129358,0.02233,0.30404,0.440805,0.0,0.0,0.818517,0.348862,0.288704,0.304951,0.0,0.0,0.0,0.0,0.0,0.199345,0.185141,0.0,0.0,0.646207,0.621546,0.0
148,0.0,0.0,0.0,0.0,0.320344,0.199789,0.0,1.374048,0.415494,0.473866,0.314084,0.0,0.0,0.0,0.617277,0.0,0.0,0.550588,0.0,0.0,0.0,0.625196,0.815202,0.0,0.0,0.0,0.434916,0.0,0.0,0.362072,0.0,0.0,0.883017,0.451677,0.0,0.591937,0.0,0.0,0.0,0.0,0.008467,0.196936,0.053294,0.0,0.0,0.636824,0.459017,0.0
149,0.0,0.0,0.0,0.0,0.231196,0.165031,0.0,1.256129,0.421561,0.140099,0.374025,0.0,0.0,0.016624,0.725796,0.0,0.0,0.574592,0.0,0.0,0.0,0.467541,1.078146,0.0,0.0,0.0,0.26411,0.0,0.177059,0.611961,0.0,0.0,0.969765,0.666062,0.061212,0.832537,0.0,0.0,0.0,0.0,0.0,0.22861,0.053784,0.0,0.0,0.869142,0.5521,0.0
150,0.0,0.0,0.0,0.0,0.213192,0.0,0.0,1.018387,0.237663,0.180768,0.553597,0.0,0.0,0.126065,0.719652,0.0,0.0,0.609402,0.122362,0.0,0.0,0.701262,0.743907,0.0,0.0,0.0,0.19926,0.039937,0.297872,0.491206,0.0,0.0,1.016049,0.490465,0.03383,0.831669,0.0,0.0,0.0,0.0,0.126913,0.366978,0.0,0.0,0.0,0.885252,0.571526,0.0
151,0.0,0.0,0.0,0.0,0.167801,0.0,0.0,0.623339,0.118992,0.139667,0.609125,0.0,0.0,0.306905,0.501546,0.0,0.0,0.637844,0.476162,0.0,0.022219,0.980341,0.613315,0.0,0.0,0.0,0.276343,0.0,0.357943,0.500086,0.0,0.0,0.971706,0.272947,0.088754,1.086922,0.0,0.0,0.0,0.0,0.226066,0.501203,0.0,0.0,0.0,1.004917,0.560365,0.0
152,0.0,0.0,0.0,0.0,0.490433,0.0,0.0,0.559295,0.04092,0.502609,0.583623,0.0,0.0,0.494709,0.655603,0.0,0.0,0.789966,0.408308,0.0,0.207744,1.158552,0.382779,0.0,0.0,0.0,0.568118,0.0,0.241835,0.355015,0.0,0.0,1.115902,0.196539,0.046787,1.36039,0.0,0.0,0.0,0.151001,0.401991,0.586509,0.0,0.0,0.0,0.797914,0.463068,0.0
153,0.0,0.0,0.0,0.0,0.378318,0.0,0.0,0.410136,0.0,0.952606,0.531973,0.0,0.0,0.756794,0.957157,0.0,0.0,0.844883,0.712858,0.0,0.132005,1.470107,0.0,0.0,0.0,0.0,0.616437,0.0,0.071388,0.17132,0.0,0.0,1.179657,0.373585,0.280035,1.159818,0.0,0.085629,0.0,0.371785,0.618325,0.724179,0.227065,0.0,0.0,0.689754,0.365466,0.0
154,0.0,0.0,0.0,0.0,0.465866,0.0,0.0,0.465252,0.0,1.011822,0.628315,0.198446,0.0,0.906211,1.165833,0.0,0.0,0.919928,0.890883,0.0,0.0,1.818451,0.0,0.0,0.0,0.0,0.78869,0.0,0.066025,0.066393,0.0,0.0,1.214658,0.410388,0.492982,1.309153,0.0,0.313204,0.0,0.545511,0.807144,0.990558,0.223093,0.0,0.0,0.645523,0.326272,0.0
155,0.0,0.0,0.0,0.0,0.37712,0.0,0.218385,0.389091,0.035854,0.827922,0.598782,0.277146,0.0,0.874282,0.985672,0.0,0.020323,0.888792,1.080556,0.0,0.292021,1.60738,0.0,0.0,0.0,0.0,0.65819,0.0,0.267637,0.10475,0.0,0.0,1.390965,0.688739,0.346137,1.432472,0.0,0.666551,0.0,0.609609,0.616636,0.989138,0.168403,0.0,0.0,0.643448,0.47606,0.0
156,0.0,0.0,0.0,0.0,0.592158,0.067582,0.0,0.577715,0.0,0.888719,0.64994,0.406298,0.0,1.142751,1.189568,0.0,0.0,0.716443,0.870184,0.0,0.265848,1.709501,0.0,0.0,0.0,0.0,0.778298,0.0,0.172343,0.0,0.007111,0.0,1.198105,0.913482,0.292501,1.374762,0.0,0.444038,0.0,0.680868,0.758567,1.015957,0.398754,0.0,0.0,0.409015,0.634729,0.0
157,0.0,0.0,0.0,0.0,0.550497,0.0,0.029934,0.331167,0.0,0.822705,0.676956,0.427077,0.0,1.36983,0.982126,0.0,0.066809,0.762194,0.955521,0.0,0.417103,1.638248,0.0,0.0,0.0,0.0,0.756528,0.0,0.052083,0.0,0.0,0.0,0.952424,1.133126,0.020958,1.19472,0.0,0.522855,0.0,0.725519,0.823771,1.006406,0.367737,0.0,0.0,0.221269,0.564865,0.0
158,0.0,0.0,0.0,0.0,0.36571,0.0,0.169726,0.0,0.034392,0.816968,0.606762,0.280451,0.0,1.601454,0.692648,0.0,0.196391,0.895064,1.116007,0.0,0.59039,1.388254,0.0,0.118561,0.0,0.0,0.620679,0.0,0.0,0.0,0.0,0.0,0.81827,1.231322,0.0,0.774531,0.0,0.722158,0.0,0.666266,0.943607,0.964639,0.372563,0.0,0.022281,0.152222,0.409893,0.0
159,0.0,0.0,0.051573,0.166652,0.295918,0.0,0.338012,0.0,0.01799,0.621755,0.425541,0.157148,0.0,1.300765,0.441792,0.0,0.418159,0.892263,1.176759,0.0,0.652513,1.224484,0.0,0.190531,0.0,0.0,0.274932,0.0,0.007297,0.0,0.0,0.0,0.700186,1.270099,0.0,0.920322,0.0,0.777719,0.0,0.642021,0.964836,1.010561,0.150368,0.0,0.0,0.0,0.346585,0.0
160,0.0,0.0,0.0,0.222826,0.397076,0.0,0.317948,0.0,0.0,0.541348,0.459835,0.180896,0.0,1.427818,0.415798,0.0,0.414732,0.885681,1.122429,0.0,0.616917,1.239525,0.0,0.18374,0.0,0.0,0.280087,0.0,0.026735,0.0,0.0,0.0,0.585258,1.316432,0.0,0.934183,0.0,0.749077,0.0,0.580795,1.057761,1.030293,0.12845,0.0,0.0,0.0,0.266911,0.0
161,0.0,0.0,0.0,0.210505,0.236898,0.0,0.631762,0.0,0.124476,0.647153,0.428502,0.014985,0.0,1.451011,0.386321,0.026122,0.469133,1.072938,1.307057,0.0,0.757105,0.983811,0.0,0.036252,0.0,0.0,0.318551,0.0,0.019169,0.0,0.0,0.013247,0.732246,1.106781,0.029609,0.91041,0.0,0.963189,0.0,0.52705,1.080122,1.060561,0.262657,0.0,0.235541,0.177146,0.20197,0.0
162,0.0,0.0,0.0,0.0,0.443789,0.0,0.432782,0.0,0.0,0.728392,0.518404,0.120466,0.0,1.318671,0.793602,0.0,0.459888,0.803941,1.050928,0.0,0.503564,1.169443,0.0,0.0,0.0,0.0,0.3738,0.0,0.0,0.0,0.0,0.0,0.679774,1.08777,0.349345,1.256205,0.0,0.625692,0.0,0.622536,1.148539,1.108474,0.449245,0.0,0.077436,0.048183,0.21959,0.0
163,0.0,0.0,0.0,0.0,0.26383,0.0,0.603353,0.0,0.0,0.840238,0.529315,0.102922,0.0,1.199765,0.925923,0.076287,0.306022,0.889623,1.237256,0.0,0.545708,1.339757,0.0,0.0,0.0,0.0,0.574549,0.0,0.0,0.0,0.0,0.0,0.820023,0.727754,0.422652,1.325264,0.0,0.718806,0.0,0.522617,1.089687,1.220307,0.392073,0.0,0.280582,0.270254,0.229578,0.0
164,0.0,0.0,0.0,0.0,0.167651,0.0,0.437389,0.0,0.0,0.900765,0.533492,0.295105,0.0,1.006831,1.239149,0.200341,0.079738,0.690655,1.1905,0.0,0.401045,1.736586,0.0,0.0,0.0,0.0,0.745629,0.0,0.0,0.074851,0.0,0.0,0.718637,0.466898,0.633426,1.394182,0.0,0.607875,0.0,0.426808,1.017298,1.271795,0.288702,0.0,0.216578,0.301643,0.119326,0.0
165,0.0,0.0,0.0,0.0,0.011643,0.0,0.452734,0.0,0.0,0.975306,0.471734,0.309767,0.0,0.940522,1.35028,0.246256,0.015888,0.659538,1.19091,0.0,0.293847,1.875975,0.0,0.0,0.0,0.0,0.705703,0.0,0.0,0.310901,0.007017,0.0,0.779158,0.292919,0.779427,1.1965,0.0,0.640273,0.0,0.347492,0.820065,1.214588,0.266827,0.0,0.364268,0.361147,0.189035,0.0
166,0.010463,0.0,0.0,0.0,0.07474,0.0,0.340013,0.0,0.0,1.023532,0.522231,0.330215,0.0,0.849172,1.533788,0.241192,0.0,0.509211,1.033916,0.0,0.270446,2.02073,0.0,0.0,0.0,0.0,0.823865,0.0,0.0,0.425973,0.104215,0.0,0.773273,0.04128,0.87767,1.282237,0.0,0.392796,0.0,0.394127,0.681069,1.230761,0.121543,0.0,0.417445,0.373023,0.237355,0.0
167,0.0,0.0,0.0,0.0,0.0,0.0,0.486539,0.0,0.0,1.307486,0.372184,0.181101,0.0,0.587163,1.819097,0.524933,0.0,0.622207,1.0173,0.0,0.059311,2.283817,0.0,0.258555,0.0,0.0,0.837045,0.0,0.0,0.468486,0.42069,0.0,0.880973,0.0,1.204036,1.361702,0.0,0.330826,0.0,0.139678,0.627351,1.246292,0.0,0.0,0.177,0.331088,0.077869,0.0
168,0.00977,0.0,0.0,0.0,0.0,0.0,0.37856,0.0,0.0,1.113884,0.406398,0.272775,0.0,0.576824,1.615406,0.595353,0.0,0.610259,1.113166,0.0,0.268887,2.275812,0.0,0.019851,0.0,0.0,0.897748,0.0,0.0,0.530981,0.138373,0.0,1.084863,0.000468,0.971249,1.401747,0.0,0.365502,0.0,0.129396,0.572088,1.288614,0.0,0.0,0.413946,0.621023,0.290293,0.0
169,0.154856,0.0,0.0,0.0,0.017488,0.0,0.346514,0.0,0.0,1.036391,0.505003,0.291377,0.0,0.747468,1.570133,0.399788,0.0,0.596145,1.158217,0.0,0.038785,2.187804,0.0,0.0,0.0,0.0,0.971368,0.0,0.0,0.648761,0.218418,0.0,1.025629,0.0,1.064145,1.423793,0.0,0.411273,0.0,0.297623,0.793749,1.426487,0.0,0.0,0.486721,0.693222,0.199941,0.0
170,0.0,0.0,0.0,0.0,0.015111,0.0,0.164506,0.088182,0.0,0.942048,0.734236,0.268389,0.0,1.044668,1.417801,0.118897,0.0,0.509967,1.027276,0.0,0.494443,2.063882,0.0,0.0,0.0,0.0,1.084572,0.0,0.0,0.435797,0.065821,0.0,1.047863,0.322117,0.759092,1.518845,0.0,0.074289,0.0,0.322152,0.95192,1.20532,0.167566,0.0,0.343475,0.689394,0.353139,0.0
171,0.0,0.0,0.0,0.0,0.0,0.0,0.251154,0.0,0.0,0.95214,0.642831,0.096517,0.0,0.74675,1.175116,0.079337,0.0,0.600255,1.222731,0.0,0.376198,2.051586,0.0,0.0,0.0,0.0,0.770505,0.0,0.0,0.413819,0.007143,0.0,0.995338,0.310336,0.842376,1.486538,0.0,0.295805,0.0,0.276727,1.022527,1.138616,0.042768,0.0,0.280265,0.650327,0.177737,0.0
172,0.0,0.0,0.0,0.0,0.0,0.0,0.145715,0.0,0.0,0.915177,0.51715,0.035154,0.0,0.857705,1.113149,0.045716,0.0,0.575339,1.120654,0.0,0.330507,1.885056,0.0,0.0,0.0,0.0,0.682534,0.0,0.0,0.412772,0.002829,0.0,0.948299,0.321471,0.841049,1.25683,0.0,0.327165,0.0,0.260593,1.061591,1.072424,0.221151,0.0,0.26664,0.656089,0.225348,0.0
173,0.123628,0.0,0.0,0.0,0.046735,0.0,0.198656,0.0,0.0,0.779631,0.426909,0.0,0.0,0.443937,1.083807,0.130018,0.0,0.494412,0.906056,0.0,0.139275,1.723047,0.0,0.0,0.0,0.0,0.605334,0.0,0.0,0.56257,0.082882,0.0,1.044298,0.157801,0.849013,1.356206,0.0,0.228296,0.0,0.136048,0.758213,1.157795,0.0,0.0,0.133867,0.63121,0.126119,0.0
174,0.076513,0.0,0.0,0.0,0.0,0.0,0.356197,0.0,0.0,0.515918,0.385955,0.0,0.0,0.346058,0.728697,0.0,0.021366,0.47283,0.808423,0.0,0.314068,1.125521,0.18237,0.0,0.0,0.0,0.413195,0.0,0.0,0.600798,0.0,0.0,0.894089,0.028104,0.803711,1.250359,0.0,0.238288,0.0,0.227474,0.621406,0.944872,0.0,0.0,0.268402,0.613035,0.122286,0.0
175,0.0,0.0,0.0,0.0,0.0,0.0,0.082384,0.095085,0.008625,0.701782,0.47776,0.0,0.0,0.354865,0.814876,0.0,0.0,0.488285,0.585093,0.0,0.041958,1.224684,0.0,0.0,0.0,0.0,0.216005,0.0,0.0,0.453184,0.040876,0.0,0.608057,0.200812,0.705626,0.853112,0.0,0.016908,0.0,0.176853,0.641762,0.775627,0.193732,0.0,0.0,0.352877,0.0,0.0
176,0.05569,0.0,0.0,0.0,0.0,0.0,0.0,0.218464,0.072001,0.597319,0.270552,0.0,0.0,0.332885,0.740213,0.0,0.0,0.390655,0.380415,0.0,0.0,0.947896,0.0,0.0,0.0,0.0,0.0,0.0,0.0,0.455208,0.0,0.0,0.474908,0.180505,0.723518,0.399096,0.0,0.0,0.0,0.054135,0.531572,0.541522,0.412831,0.0,0.0,0.29846,0.082124,0.0
177,0.289623,0.0,0.0,0.0,0.016916,0.0,0.0,0.237099,0.063331,0.323097,0.182409,0.0,0.0,0.052493,0.595176,0.0,0.0,0.365278,0.204662,0.0,0.0,0.45978,0.391729,0.0,0.0,0.0,0.0,0.0,0.0,0.63332,0.0,0.0,0.448125,0.013229,0.606589,0.512474,0.0,0.0,0.0,0.0,0.316368,0.456215,0.102007,0.0,0.0,0.181571,0.031877,0.0
178,0.359102,0.0,0.0,0.0,0.0,0.0,0.0,0.200609,0.0,0.013443,0.001894,0.0,0.0,0.0,0.456327,0.0,0.074349,0.338878,0.078113,0.0,0.0,0.177471,0.729411,0.054726,0.0,0.0,0.0,0.0,0.0,0.641764,0.0,0.243856,0.310322,0.075781,0.556108,0.776993,0.0,0.0,0.0,0.0,0.333735,0.254622,0.0,0.0,0.0,0.249303,0.089981,0.0
179,0.473385,0.069212,0.0,0.0,0.0,0.0,0.0,0.181771,0.0,0.0,0.0,0.0,0.0,0.0,0.306415,0.055391,0.068218,0.40524,0.010014,0.0,0.0,0.002247,0.710335,0.111749,0.0,0.0,0.0,0.0,0.078305,0.54779,0.0,0.288954,0.184217,0.081004,0.502105,0.718571,0.0,0.0,0.0,0.0,0.424032,0.244343,0.0,0.0,0.0,0.147949,0.091773,0.0
180,0.414147,0.247829,0.0,0.0,0.0,0.0,0.0,0.061226,0.0,0.080751,0.0,0.0,0.0,0.086822,0.36963,0.136167,0.104218,0.66116,0.212458,0.0,0.0,0.0,0.384171,0.330628,0.0,0.134573,0.0,0.0,0.125153,0.344199,0.0,0.296044,0.054195,0.04892,0.499354,0.317971,0.0,0.0,0.0,0.0,0.481264,0.247236,0.0,0.0,0.0,0.0,0.034435,0.003263
181,0.348729,0.419876,0.0,0.0,0.0,0.0,0.0,0.114799,0.0,0.0,0.0,0.0,0.0,0.020983,0.206897,0.223645,0.266545,0.712509,0.176664,0.0,0.0,0.0,0.569404,0.416281,0.0,0.015257,0.0,0.0,0.056019,0.267517,0.0,0.486626,0.0,0.280629,0.29382,0.563914,0.0,0.020023,0.0,0.0,0.625682,0.059985,0.010722,0.0,0.0,0.155112,0.118072,0.0
182,0.365844,0.222865,0.0,0.0,0.0,0.0,0.0,0.036462,0.0,0.0,0.0,0.0,0.0,0.123237,0.110192,0.122737,0.257102,0.770416,0.056156,0.0,0.0,0.0,0.374097,0.226139,0.0,0.056152,0.0,0.0,0.114653,0.261413,0.0,0.320029,0.0,0.182818,0.120187,0.182894,0.0,0.0,0.0,0.0,0.425664,0.129618,0.11759,0.0,0.0,0.0,0.0,0.0
183,0.462063,0.250828,0.0,0.0,0.0,0.0,0.022355,0.034941,0.0,0.057078,0.0,0.0,0.0,0.0,0.176054,0.053721,0.444633,0.595227,0.023503,0.0,0.0,0.0,0.488398,0.325258,0.0,0.021712,0.0,0.0,0.023573,0.242276,0.096207,0.457151,0.0,0.208968,0.34451,0.372594,0.0,0.035265,0.0,0.0,0.48047,0.0,0.186881,0.0,0.0,0.0,0.034883,0.0
184,0.463689,0.304172,0.0,0.0,0.0,0.0,0.0,0.017715,0.050365,0.149418,0.0,0.0,0.0,0.0,0.06003,0.0,0.495261,0.588547,0.039252,0.0,0.0,0.0,0.413225,0.022451,0.0,0.047381,0.0,0.0,0.068706,0.130833,0.0,0.309744,0.0,0.149173,0.349419,0.233141,0.0,0.0,0.0,0.0,0.321156,0.0,0.334849,0.0,0.0,0.0,0.004483,0.0
185,0.434085,0.188134,0.0,0.0,0.0,0.025441,0.0,0.292705,0.361297,0.149501,0.0,0.0,0.0,0.0,0.247561,0.0,0.318631,0.377783,0.0,0.0,0.0,0.0,0.505731,0.0,0.0,0.0,0.0,0.0,0.0,0.341508,0.051178,0.195764,0.0,0.0,0.359136,0.080531,0.0,0.0,0.0,0.0,0.231301,0.095088,0.363673,0.0,0.0,0.0,0.0,0.0
186,0.477419,0.102007,0.0,0.0,0.0,0.170585,0.0,0.377509,0.356262,0.049862,0.0,0.0,0.0,0.0,0.519289,0.034378,0.246062,0.413886,0.0,0.0,0.0,0.0,0.499528,0.054458,0.0,0.0,0.0,0.0,0.0,0.565132,0.041411,0.29226,0.0,0.008329,0.350877,0.083545,0.0,0.0,0.0,0.0,0.158674,0.116335,0.466388,0.0,0.0,0.062795,0.0,0.0
187,0.547067,0.112239,0.0,0.0,0.0,0.0,0.0,0.369619,0.428291,0.109599,0.141215,0.0,0.0,0.0,0.393785,0.0,0.324309,0.279104,0.0,0.0,0.0,0.0,0.658779,0.0,0.0,0.0,0.0,0.0,0.0,0.638414,0.00847,0.395416,0.066194,0.0,0.469274,0.437465,0.038789,0.0,0.0,0.0,0.109536,0.057883,0.355872,0.0,0.0,0.193136,0.0,0.0
188,0.720367,0.105151,0.0,0.0,0.0,0.09097,0.0,0.373677,0.24924,0.045758,0.0,0.0,0.0,0.0,0.691432,0.137334,0.279832,0.319506,0.0,0.0,0.0,0.0,0.821773,0.052406,0.0,0.0,0.0,0.0,0.0,0.808113,0.050125,0.593142,0.015542,0.0,0.6959,0.588652,0.20891,0.0,0.0,0.0,0.156657,0.030348,0.324736,0.0,0.0,0.24721,0.079833,0.0
189,0.748003,0.0,0.0,0.0,0.0,0.100615,0.0,0.439639,0.29621,0.182051,0.0,0.0,0.0,0.075105,0.89252,0.353265,0.121309,0.3669,0.019445,0.0,0.0,0.249185,0.349284,0.191078,0.0,0.0,0.0,0.0,0.0,0.795623,0.1076,0.35987,0.0,0.0,0.814651,0.150005,0.048339,0.0,0.0,0.0,0.140637,0.22924,0.282998,0.0,0.0,0.115981,0.0,0.00991
190,0.725456,0.072943,0.0,0.0,0.0,0.040508,0.115662,0.384987,0.228376,0.232276,0.0,0.0,0.0,0.036719,0.800787,0.389722,0.403448,0.47222,0.100211,0.0,0.0,0.0,0.475892,0.257775,0.0,0.0,0.0,0.0,0.0,0.805009,0.011777,0.470128,0.0,0.0,0.867859,0.491372,0.07321,0.0,0.020106,0.0,0.271087,0.082715,0.394189,0.0,0.0,0.125295,0.040294,0.0
191,0.864916,0.094392,0.0,0.0,0.0,0.081401,0.094337,0.359694,0.142442,0.07054,0.0,0.0,0.0,0.083801,0.861622,0.496229,0.32361,0.47101,0.185478,0.0,0.0,0.214024,0.395979,0.387694,0.0,0.0,0.0,0.0,0.0,0.94105,0.048663,0.6449,0.0,0.0,0.894481,0.461173,0.128725,0.0,0.0,0.0,0.316149,0.250004,0.231588,0.0,0.0,0.194643,0.0,0.0892
192,0.7704,0.221081,0.0,0.0,0.0,0.064882,0.22442,0.341854,0.281847,0.055801,0.0,0.0,0.0,0.029376,0.855746,0.375213,0.377868,0.576395,0.11156,0.0,0.0,0.0,0.72167,0.180868,0.0,0.0,0.0,0.0,0.0,1.006842,0.0,0.770173,0.0,0.0,0.898061,0.758213,0.139706,0.033835,0.0,0.0,0.413652,0.064752,0.41918,0.0,0.0,0.262556,0.032393,0.0
193,0.835366,0.202872,0.0,0.0,0.0,0.000633,0.0,0.43559,0.565815,0.21633,0.0,0.0,0.0,0.0,0.611752,0.076177,0.268718,0.508791,0.0,0.0,0.0,0.0,0.863687,0.0,0.0,0.0,0.0,0.0,0.0,0.900701,0.00145,0.549436,0.0,0.0,0.914852,0.555065,0.120546,0.0,0.0,0.0,0.312047,0.0,0.436583,0.0,0.0,0.118297,0.0,0.0
194,0.796757,0.270309,0.0,0.0,0.0,0.0,0.0,0.405336,0.537736,0.140444,0.0,0.0,0.0,0.0,0.407538,0.038961,0.348615,0.520087,0.0,0.0,0.0,0.0,0.870156,0.0,0.0,0.0,0.0,0.0,0.0,0.880993,0.0,0.592309,0.0,0.0,0.799849,0.591547,0.028045,0.0,0.0,0.0,0.318326,0.0,0.401349,0.0,0.0,0.17357,0.0,0.0
195,0.706843,0.154932,0.0,0.0,0.145675,0.101898,0.0,0.478926,0.748294,0.091163,0.0,0.0,0.0,0.0,0.410752,0.0,0.198088,0.532388,0.0,0.0,0.0,0.0,1.037156,0.0,0.0,0.0,0.0,0.0,0.0,0.926068,0.112841,0.335229,0.0,0.0,0.5337,0.36311,0.0,0.0,0.0,0.0,0.146519,0.0,0.457879,0.0,0.0,0.070276,0.0,0.0
196,0.516175,0.229962,0.0,0.0,0.060139,0.14679,0.0,0.490872,0.831321,0.0,0.0,0.0,0.0,0.0,0.209619,0.0,0.297819,0.549095,0.0,0.0,0.0,0.0,1.109189,0.0,0.0,0.0,0.0,0.163038,0.0,0.713633,0.0,0.370763,0.038167,0.253957,0.376074,0.250667,0.0,0.0,0.0,0.0,0.008538,0.015859,0.473494,0.0,0.0,0.12153,0.110267,0.0
197,0.350929,0.348662,0.0,0.0,0.0,0.0,0.0,0.462762,0.58123,0.0,0.0,0.0,0.0,0.0,0.018024,0.142558,0.392543,0.514933,0.0,0.0,0.0,0.0,1.10259,0.008799,0.0,0.0,0.0,0.172491,0.0,0.318804,0.0,0.756645,0.0,0.423388,0.088692,0.334423,0.0,0.0,0.0,0.0,0.322377,0.0,0.287949,0.0,0.0,0.260567,0.256269,0.0
198,0.39821,0.277438,0.0,0.0,0.0,0.0,0.0,0.439477,0.549277,0.116782,0.0,0.0,0.0,0.0,0.0,0.168545,0.421731,0.559359,0.0,0.0,0.0,0.0,1.037856,0.0,0.0,0.0,0.0,0.282786,0.0,0.0,0.0,0.649475,0.0,0.418813,0.045351,0.193702,0.0,0.0,0.137067,0.0,0.419211,0.0,0.215114,0.0,0.0,0.099844,0.396858,0.0
199,0.173921,0.233104,0.0,0.0,0.0,0.0,0.080418,0.420705,0.688634,0.077615,0.0,0.0,0.0,0.0,0.0,0.185847,0.381867,0.681692,0.0,0.0,0.084114,0.0,1.063646,0.003028,0.0,0.0,0.0,0.295885,4.3e-05,0.0,0.0,0.646183,0.0,0.460607,0.0,0.077808,0.0,0.0,0.0,0.0,0.373655,0.012819,0.247283,0.0,0.0,0.146311,0.433387,0.0
200,0.112159,0.297892,0.033799,0.0,0.0,0.0,0.202396,0.183841,0.806583,0.376087,0.0,0.0,0.0,0.0,0.0,0.155251,0.593367,0.88564,0.0,0.0,0.164921,0.0,0.709101,0.260503,0.0,0.0,0.0,0.268571,0.0,0.0,0.0,0.712582,0.0,0.174135,0.0,0.0,0.0,0.0,0.0,0.0,0.35251,0.0,0.124428,0.0,0.148118,0.167524,0.307548,0.0
201,0.016885,0.0,0.0,0.0,0.107905,0.0,0.261452,0.150695,0.973218,0.277108,0.0,0.0,0.0,0.0,0.0,0.259352,0.432456,0.985557,0.0,0.0,0.209453,0.0,0.976844,0.141759,0.0,0.0,0.0,0.177132,0.013106,0.0,0.057433,0.550212,0.0,0.450696,0.0,0.038904,0.0,0.075181,0.0,0.036072,0.560651,0.0,0.229144,0.0,0.026263,0.058061,0.270748,0.0
202,0.0,0.0,0.0,0.046091,0.245542,0.0,0.343467,0.0,1.089815,0.375627,0.0,0.0,0.0,0.04745,0.0,0.222487,0.511662,1.067996,0.0,0.0,0.22908,0.0,0.833788,0.125263,0.0,0.0,0.0,0.132851,0.0,0.0,0.043018,0.522863,0.0,0.567453,0.0,0.121973,0.0,0.065923,0.0,0.154681,0.488782,0.028688,0.247093,0.0,0.175099,0.038028,0.141324,0.0
203,0.0,0.0,0.050479,0.059743,0.163211,0.0,0.242737,0.050512,1.03453,0.456435,0.0,0.0,0.0,0.0,0.0,0.221187,0.52646,0.92074,0.0,0.0,0.356754,0.124278,0.695517,0.201745,0.0,0.0,0.0,0.207625,0.0,0.0,0.0,0.553931,0.0,0.310391,0.0,0.0,0.0,0.08073,0.0,0.099722,0.485126,0.0,0.142278,0.0,0.124886,0.0,0.262126,0.0
204,0.0,0.209988,0.0,0.0,0.306543,0.0,0.226025,0.174675,1.075157,0.300117,0.0,0.0,0.0,0.0,0.0,0.299722,0.583322,0.809607,0.0,0.0,0.274473,0.0,0.968362,0.074669,0.0,0.0,0.0,0.221924,0.0,0.0,0.0,0.758756,0.0,0.541966,0.0,0.131368,0.0,0.029812,0.0,0.095041,0.344474,0.023633,0.266241,0.0,0.017907,0.112609,0.297963,0.0
205,0.0,0.233723,0.0,0.0,0.370232,0.080754,0.059324,0.179335,1.000102,0.062446,0.0,0.0,0.0,0.0,0.0,0.198096,0.535016,0.685605,0.0,0.0,0.181044,0.0,1.081311,0.0,0.0,0.0,0.0,0.29883,0.041158,0.0,0.0,0.635368,0.0,0.605732,0.0,0.146661,0.0,0.027022,0.0,0.069037,0.254646,0.0,0.4828,0.0,0.0,0.055946,0.431353,0.0
206,0.0,0.160238,0.043218,0.0,0.434076,0.047455,0.009829,0.117837,0.947742,0.206778,0.063045,0.0,0.0,0.0,0.0,0.0698,0.471303,0.737635,0.0,0.0,0.195936,0.0,0.686672,0.0,0.0,0.0,0.0,0.247844,0.053679,0.0,0.10049,0.345634,0.0,0.430181,0.0,0.004878,0.0,0.0,0.0,0.0,0.206094,0.030388,0.632191,0.0,0.0,0.000195,0.274118,0.0
207,0.083189,0.194968,0.083646,0.0,0.383086,0.0,0.197941,0.0,0.807563,0.217241,0.0,0.0,0.0,0.0,0.0,0.090718,0.575295,0.635496,0.0,0.0,0.252272,0.0,0.985375,0.0,0.0,0.0,0.0,0.120545,0.0,0.0,0.0,0.699425,0.0,0.497551,0.0,0.533217,0.0,0.0,0.0,0.104092,0.415911,0.0,0.486313,0.0,0.0,0.0,0.177771,0.0
208,0.0,0.220946,0.170323,0.001185,0.305513,0.0,0.578481,0.0,0.814176,0.184131,0.0,0.0,0.0,0.0,0.171999,0.118941,0.541908,0.816805,0.0,0.0,0.288232,0.0,1.063679,0.0,0.0,0.0,0.0,0.002367,0.0,0.160385,0.0,0.885577,0.091018,0.465326,0.000767,0.726709,0.0,0.106345,0.0,0.085564,0.637415,0.162264,0.387146,0.0,0.0,0.0,0.0,0.0
209,0.173161,0.173133,0.328043,0.085658,0.428039,0.0,0.528823,0.0,0.758754,0.331084,0.0,0.0,0.0,0.27588,0.009313,0.157577,0.652245,0.978102,0.106601,0.0,0.419324,0.230657,0.386074,0.0,0.0,0.0,0.0,0.026426,0.0,0.0,0.013805,0.752142,0.056093,0.22994,0.063245,0.317828,0.0,0.317611,0.0,0.0,0.680665,0.381411,0.448695,0.0,0.055171,0.080493,0.0,0.0
210,0.207405,0.11009,0.553197,0.138179,0.452148,0.0,0.606579,0.0,0.885281,0.547103,0.0,0.0,0.0,0.4374,0.043853,0.255116,0.75242,1.099143,0.191357,0.0,0.36032,0.431265,0.088559,0.0,0.0,0.0,0.0,0.035627,0.0,0.0,0.068466,0.712858,0.084249,0.196699,0.24511,0.282026,0.0,0.386976,0.0,0.0,0.961279,0.427732,0.454586,0.0,0.053571,0.12186,0.0,0.0
211,0.381407,0.142176,0.438571,0.113662,0.414038,0.0,0.793096,0.0,0.985308,0.623613,0.0,0.0,0.0,0.525298,0.0,0.243957,0.96409,1.134933,0.302422,0.0,0.594434,0.182075,0.232375,0.0,0.0,0.0,0.0,0.048744,0.0,0.0,0.052791,0.710133,0.228794,0.370189,0.158899,0.688392,0.0,0.277737,0.0,0.027284,0.960715,0.392453,0.547378,0.0,0.262272,0.181939,0.0,0.0
212,0.376234,0.189709,0.574011,0.082741,0.220014,0.0,0.856395,0.0,1.039295,0.762761,0.0,0.0,0.0,0.349162,0.046592,0.347574,0.874593,1.083038,0.274774,0.0,0.603106,0.180604,0.373008,0.0,0.0,0.0,0.0,0.042925,0.0,0.0,0.095674,0.761528,0.27733,0.350074,0.187832,0.662813,0.0,0.333548,0.0,0.0,1.076696,0.414102,0.422579,0.0,0.11173,0.074148,0.0,0.0
213,0.341401,0.131415,0.460857,0.116905,0.265703,0.0,0.819693,0.0,0.91888,0.524778,0.0,0.0,0.0,0.335823,0.044063,0.370312,0.770916,1.017934,0.220982,0.0,0.544541,0.194633,0.341716,0.0,0.0,0.0,0.0,0.008937,0.0,0.0,0.058759,0.798079,0.0,0.376814,0.079687,0.522566,0.0,0.306571,0.0,0.0,1.021096,0.360374,0.454417,0.0,0.110202,0.0,0.0,0.0
214,0.305321,0.182335,0.428057,0.134306,0.179226,0.0,0.963189,0.0,0.836347,0.424975,0.0,0.0,0.0,0.222454,0.05584,0.309469,0.547487,1.06073,0.008803,0.0,0.497269,0.021882,0.744522,0.0,0.0,0.0,0.0,0.0,0.0,0.182498,0.183532,0.923506,0.009031,0.247732,0.208754,0.517156,0.0,0.572057,0.0,0.0,1.063072,0.36179,0.44543,0.0,0.030365,0.087115,0.0,0.0
215,0.277815,0.245015,0.352314,0.0,0.243783,0.0,0.605488,0.0,0.822404,0.412448,0.0,0.0,0.0,0.108484,0.0,0.351749,0.756176,0.860319,0.079987,0.0,0.447528,0.0,0.455143,0.0,0.0,0.0,0.0,0.121245,0.0,0.0,0.015739,0.729555,0.0,0.230414,0.014244,0.506944,0.0,0.162379,0.0,0.025525,0.824167,0.185131,0.447339,0.0,0.150946,0.005647,0.0,0.0
216,0.036912,0.03836,0.285405,0.0,0.161409,0.0,0.464885,0.0,0.545688,0.2423,0.0,0.0,0.0,0.0,0.086674,0.25094,0.487577,0.762128,0.0,0.0,0.175709,0.121217,0.550425,0.015333,0.0,0.0,0.0,0.0,0.0,0.0,0.029442,0.814313,0.0,0.265926,0.0,0.331701,0.0,0.143844,0.0,0.045173,0.841835,0.211463,0.348973,0.0,0.0,0.0,0.0,0.0
217,0.018586,0.242226,0.267825,0.027325,0.375317,0.0,0.268031,0.0,0.54095,0.012307,0.0,0.0,0.0,0.042013,0.0,0.166629,0.614246,0.726244,0.0,0.0,0.237348,0.072817,0.37606,0.0,0.0,0.0,0.0,0.093046,0.0,0.0,0.0,0.729555,0.0,0.136748,0.0,0.253681,0.0,0.042335,0.0,0.0,0.460295,0.253941,0.339173,0.0,0.007027,0.06383,0.0,0.0
218,0.034754,0.060685,0.054356,0.0,0.136753,0.0,0.035274,0.0,0.364965,0.074435,0.0,0.0,0.0,0.003032,0.0,0.0,0.466646,0.641842,0.0,0.0,0.099187,0.05936,0.36587,0.0,0.0,0.0,0.0,0.0,0.028845,0.0,0.0,0.369519,0.0,0.399609,0.0,0.030716,0.0,0.122953,0.0,0.015355,0.436808,0.142945,0.410641,0.0,0.0,0.0,0.0,0.0
219,0.0,0.291097,0.104032,0.0,0.030112,0.0,0.0,0.0,0.320184,0.042606,0.0,0.0,0.0,0.014342,0.0,0.02598,0.363517,0.534364,0.06906,0.0,0.115669,0.122063,0.313051,0.033075,0.0,0.0,0.0,0.0,0.0,0.0,0.0,0.313043,0.0,0.372952,0.0,0.03547,0.0,0.242954,0.0,0.0,0.329833,0.131965,0.273524,0.0,0.0,0.075639,0.08897,0.0
220,0.0,0.050807,0.0,0.0,0.156204,0.0,0.0,0.0,0.331967,0.117529,0.166039,0.0,0.0,0.181294,0.0,0.0,0.525798,0.515185,0.010505,0.0,0.0,0.0,0.330401,0.0,0.0,0.0,0.0,0.0,0.194726,0.0,0.0,0.133378,0.120908,0.563973,0.0,0.274884,0.0,0.0,0.0,0.133961,0.258655,0.287885,0.262433,0.0,0.0,0.0,0.17232,0.0
221,0.013679,0.0,0.0,0.0,0.140351,0.0,0.0,0.0,0.146334,0.0,0.144733,0.0,0.0,0.38496,0.0,0.034236,0.481091,0.458274,0.120563,0.0,0.0,0.115076,0.172038,0.0,0.0,0.0,0.0,0.0,0.170827,0.0,0.0,0.044246,0.049623,0.601625,0.0,0.316435,0.0,0.010076,0.0,0.200274,0.277243,0.357719,0.181709,0.0,0.0,0.0,0.272663,0.0
222,0.0,0.0,0.0,0.0,0.164793,0.0,0.0,0.0,0.032298,0.127899,0.056307,0.034513,0.0,0.487236,0.13023,0.186175,0.280327,0.558765,0.113472,0.0,0.0,0.516241,0.0,0.277291,0.0,0.0,0.0,0.0,0.017101,0.0,0.0,0.0,0.037712,0.503273,0.0,0.223149,0.0,0.152788,0.0,0.174507,0.492734,0.475415,0.069346,0.0,0.0,0.0,0.068545,0.0
223,0.0,0.0,0.0,0.0,0.138517,0.0,0.0,0.0,0.056567,0.165681,0.134724,0.085073,0.0,0.67374,0.223935,0.351084,0.147526,0.66663,0.057831,0.0,0.0,0.585236,0.0,0.346064,0.0,0.01488,0.0,0.0,0.028114,0.0,0.0,0.0,0.008105,0.419861,0.0,0.278168,0.0,0.127852,0.0,0.11034,0.602274,0.552797,0.039795,0.0,0.0,0.033433,0.105303,0.0
224,0.0,0.051909,0.0,0.0,0.0,0.0,0.0,0.0,0.0,0.196205,0.0,0.0,0.0,0.371134,0.387203,0.518834,0.314788,0.609401,0.418172,0.0,0.0,0.751936,0.0,0.587125,0.0,0.0,0.0,0.0,0.0,0.0,0.0,0.232529,0.0,0.555275,0.293505,0.358482,0.0,0.37499,0.0,0.0,0.692671,0.54546,0.0,0.0,0.0,0.202044,0.0,0.0
225,0.0,0.113856,0.005049,0.0,0.0,0.0,0.0,0.0,0.0,0.117121,0.038213,0.01268,0.0,0.360112,0.079435,0.32857,0.455489,0.664779,0.404045,0.0,0.0,0.420517,0.0,0.33341,0.0,0.0,0.0,0.0,0.092338,0.078658,0.0,0.25649,0.0,0.482805,0.057023,0.341444,0.0,0.166301,0.0,0.0,0.683995,0.480167,0.0,0.0,0.0,0.111744,0.021243,0.0
226,0.058504,0.22483,0.0,0.0,0.0,0.0,0.0,0.0,0.0,0.052959,0.0,0.0,0.0,0.250283,0.0,0.089912,0.468541,0.612562,0.3344,0.0,0.0,0.083558,0.283509,0.146315,0.0,0.0,0.0,0.019639,0.27297,0.143118,0.0,0.192456,0.062343,0.361275,0.132514,0.538323,0.0,0.0,0.0,0.0,0.673257,0.414697,0.0,0.0,0.0,0.029685,0.068492,0.0
227,0.212816,0.499345,0.0,0.0,0.0,0.0,0.0,0.0,0.0,0.11931,0.0,0.0,0.0,0.156653,0.0,0.028682,0.549095,0.688604,0.325676,0.0,0.0,0.0,0.467528,0.170856,0.0,0.0,0.0,0.216624,0.503008,0.187145,0.0,0.120444,0.175432,0.584744,0.245341,0.301199,0.0,0.0,0.0,0.0,0.461755,0.17061,0.081171,0.0,0.0,0.082087,0.0,0.0
228,0.271804,0.176269,0.0,0.0,0.0,0.0,0.0,0.0,0.05684,0.12711,0.0,0.0,0.0,0.122597,0.0,0.0,0.636907,0.576705,0.070224,0.0,0.0,0.0,0.601952,0.101825,0.0,0.0,0.0,0.021904,0.589336,0.134232,0.0,0.0,0.177546,0.635312,0.209198,0.359225,0.0,0.0,0.0,0.0,0.48667,0.055319,0.116613,0.0,0.0,0.0,0.0,0.0
229,0.302544,0.453408,0.0,0.0,0.0,0.0,0.0,0.0,0.0,0.158831,0.0,0.0,0.0,0.064397,0.0,0.0,0.338524,0.625832,0.222363,0.0,0.0,0.0,0.600659,0.312466,0.0,0.14053,0.0,0.07659,0.521678,0.0,0.176795,0.0,0.193587,0.525188,0.382729,0.156214,0.0,0.0,0.0,0.0,0.451946,0.137189,0.052663,0.0,0.0,0.0,0.08761,0.029455
230,0.244805,0.245741,0.0,0.0,0.0,0.0,0.000282,0.012963,0.0,0.038274,0.0,0.192044,0.0,0.0,0.0,0.069917,0.381134,0.66847,0.427926,0.0,0.0,0.0,0.453055,0.553788,0.0,0.066933,0.0,0.171674,0.419385,0.0,0.150144,0.103461,0.103864,0.600804,0.282865,0.0,0.0,0.026663,0.0,0.0,0.561473,0.030497,0.0,0.0,0.0,0.0,0.039669,0.0
231,0.31196,0.278118,0.0,0.0,0.0,0.0,0.004148,0.172432,0.011415,0.047051,0.0,0.239999,0.0,0.04122,0.0,0.105843,0.347793,0.871569,0.386982,0.0,0.0,0.0,0.607595,0.536094,0.0,0.165302,0.0,0.194625,0.452298,0.0,0.0,0.060159,0.256332,0.616239,0.301803,0.0,0.0,0.0,0.0,0.0,0.448802,0.0,0.008656,0.0,0.063416,0.0,0.154765,0.118182
232,0.572924,0.0,0.0,0.0,0.0,0.0,0.144829,0.591891,0.242753,0.099939,0.0,0.22586,0.0,0.0,0.0,0.051201,0.360167,0.892192,0.0575,0.0,0.0,0.0,1.021726,0.33645,0.0,0.069699,0.0,0.083686,0.394248,0.0,0.0,0.112715,0.379829,0.723113,0.371489,0.096811,0.006572,0.0,0.0,0.0,0.412904,0.0,0.035627,0.0,0.010426,0.001954,0.163739,0.075869
233,0.649193,0.0,0.0,0.0,0.0,0.031628,0.0,0.988506,0.299075,0.127934,0.0,0.345054,0.0,0.0,0.021742,0.079362,0.093981,0.947487,0.05706,0.0,0.0,0.0,1.082206,0.382177,0.0,0.178282,0.0,0.0,0.258293,0.0,0.0,0.218739,0.468723,0.670525,0.377374,0.0,0.089823,0.0,0.0,0.0,0.358065,0.0,0.0,0.0,0.061361,0.062658,0.277058,0.243296
234,0.897213,0.0,0.0,0.0,0.0,0.428781,0.0,1.503109,0.422215,0.02764,0.0,0.153638,0.0,0.0,0.372698,0.14678,0.0,0.888923,0.0,0.0,0.0,0.0,1.496523,0.335175,0.0,0.0,0.0,0.11662,0.258613,0.122115,0.0,0.497885,0.25323,0.711806,0.358971,0.0,0.076727,0.0,0.0,0.0,0.227339,0.0,0.0,0.0,0.045991,0.029613,0.536577,0.363073
235,0.79383,0.0,0.0,0.0,0.0,0.780792,0.0,1.755108,0.471007,0.07857,0.0,0.083857,0.0,0.0,0.713853,0.178196,0.0,0.917787,0.0,0.0,0.0,0.0,1.666275,0.280351,0.0,0.0,0.0,0.226683,0.177692,0.210924,0.0,0.757155,0.231834,0.968797,0.484511,0.0,0.107059,0.0,0.0,0.0,0.202322,0.0,0.0,0.0,0.0,0.118053,0.723756,0.366979
236,0.683873,0.0,0.0,0.0,0.0,0.632775,0.0,1.871926,0.512705,0.182384,0.0,0.291712,0.0,0.0,0.598044,0.17444,0.018994,0.855882,0.0,0.0,0.0,0.0,1.630437,0.211893,0.0,0.0,0.042579,0.160349,0.041898,0.270697,0.0,0.950033,0.32461,1.082949,0.350964,0.0,0.093374,0.0,0.0,0.0,0.196365,0.0,0.0,0.0,0.0,0.349379,0.633045,0.075516
237,0.520889,0.0,0.0,0.0,0.0,0.703351,0.0,1.970104,0.527231,0.0,0.0,0.197634,0.0,0.0,0.639721,0.114518,0.0,0.751012,0.0,0.0,0.0,0.0,1.670019,0.133973,0.0,0.0,0.070192,0.116557,0.034125,0.437618,0.0,1.022139,0.326894,1.170208,0.153123,0.0,0.0,0.0,0.0,0.0,0.209552,0.0,0.0,0.0,0.0,0.485957,0.735012,0.0
238,0.265668,0.0,0.0,0.0,0.0,0.64769,0.0,1.803246,0.726224,0.086074,0.0,0.0,0.0,0.0,0.668784,0.0,0.0,0.852684,0.0,0.0,0.0,0.0,1.647009,0.0,0.0,0.0,0.0,0.009293,0.209513,0.45916,0.0,0.663881,0.666052,0.908518,0.146006,0.018265,0.0,0.0,0.0,0.0,0.002445,0.0,0.0,0.0,0.0,0.478008,0.65789,0.0
239,0.022734,0.0,0.0,0.0,0.011196,0.355486,0.0,1.723869,0.767717,0.385819,0.0,0.039223,0.0,0.0,0.376271,0.0,0.0,0.909233,0.0,0.0,0.0,0.115929,1.14292,0.0,0.0,0.0,0.024158,0.0,0.197085,0.174323,0.0,0.291642,0.895142,0.666711,0.0,0.0,0.0,0.0,0.0,0.0,0.099236,0.031232,0.0,0.0,0.0,0.481141,0.533962,0.0
240,0.020507,0.0,0.0,0.0,0.21683,0.403508,0.0,1.665883,0.846067,0.401438,0.216982,0.0,0.0,0.099678,0.206072,0.0,0.0,0.881116,0.0,0.0,0.0,0.212991,1.26756,0.0,0.0,0.0,0.059773,0.0,0.447379,0.409459,0.0,0.005221,0.982195,0.722017,0.0,0.132168,0.0,0.0,0.0,0.0,0.004104,0.086704,0.05584,0.0,0.0,0.499265,0.594226,0.0
241,0.158106,0.0,0.0,0.0,0.20006,0.261153,0.0,1.52985,0.665669,0.212002,0.289422,0.0,0.0,0.051945,0.416333,0.0,0.0,0.867059,0.0,0.0,0.0,0.396267,1.141877,0.0,0.0,0.0,0.081635,0.0,0.508714,0.641831,0.0,0.023161,0.874987,0.490845,0.007181,0.428178,0.0,0.0,0.0,0.0,0.086179,0.265488,0.0,0.0,0.0,0.571209,0.598278,0.0
242,0.262072,0.0,0.0,0.0,0.058684,0.0,0.0,1.166974,0.705325,0.144973,0.425489,0.0,0.0,0.0,0.47379,0.0,0.0,0.777817,0.0,0.0,0.0,0.270447,1.187463,0.0,0.0,0.0,0.0,0.031361,0.45261,0.881952,0.0,0.207135,0.842537,0.280796,0.52239,0.632161,0.0,0.0,0.0,0.0,0.022564,0.331853,0.0,0.0,0.0,0.694867,0.431287,0.0
243,0.339061,0.0,0.0,0.0,0.095421,0.086084,0.0,0.997134,0.359889,0.175145,0.195363,0.0,0.0,0.0,0.801064,0.0,0.0,0.657991,0.025724,0.0,0.0,0.568173,0.886989,0.0,0.0,0.0,0.0,0.0,0.10965,1.045164,0.0,0.264676,0.512056,0.0,0.574869,0.948643,0.0,0.0,0.0,0.0,0.256292,0.326506,0.0,0.0,0.0,0.62228,0.25015,0.0
244,0.372836,0.0,0.0,0.0,0.066616,0.313388,0.0,0.816681,0.244055,0.3647,0.004262,0.0,0.0,0.023761,1.075966,0.006612,0.0,0.685096,0.171917,0.0,0.0,0.68729,0.538694,0.0,0.0,0.0,0.0,0.032593,0.0,1.148437,0.0,0.351231,0.366481,0.0,0.687596,0.756013,0.0,0.0,0.0,0.0,0.291464,0.397387,0.360759,0.0,0.0,0.544944,0.181853,0.0
245,0.495748,0.0,0.0,0.0,0.073848,0.127641,0.0,0.630268,0.391067,0.4032,0.099895,0.0,0.0,0.0,0.801076,0.035701,0.0,0.60842,0.138308,0.0,0.0,0.699111,0.413444,0.0,0.0,0.0,0.0,0.0,0.0,0.997993,0.0,0.18737,0.331441,0.0,0.703089,0.501493,0.0,0.0,0.0,0.030071,0.207273,0.440143,0.349399,0.0,0.038663,0.509924,0.029244,0.0
246,0.263267,0.0,0.04296,0.0,0.0,0.033291,0.211827,0.399829,0.350989,0.23951,0.127511,0.0,0.0,0.0,0.720816,0.060564,0.008185,0.576603,0.17388,0.0,0.008735,0.292012,0.571286,0.0,0.0,0.0,0.0,0.0,0.0,0.86202,0.0,0.466323,0.331793,0.0,0.752206,0.868997,0.0,0.039455,0.0,0.074791,0.261277,0.306066,0.385843,0.0,0.024185,0.528627,0.0,0.0
247,0.177464,0.0,0.034911,0.0,0.0,0.0,0.171207,0.546407,0.548478,0.520375,0.27058,0.0,0.0,0.0,0.6544,0.052866,0.050084,0.509006,0.15764,0.0,0.2413,0.125829,0.572464,0.0,0.0,0.0,0.0,0.0,0.0,0.667843,0.0,0.27127,0.477776,0.012609,0.559097,0.843939,0.0,0.0,0.0,0.105666,0.176031,0.388246,0.457241,0.0,0.038077,0.394623,0.007605,0.0
248,0.175363,0.0,0.0,0.0,0.137596,0.442117,0.0,0.807235,0.559288,0.601597,0.290844,0.0,0.0,0.0,0.758673,0.0,0.0,0.500026,0.0,0.0,0.120157,0.223979,0.530571,0.0,0.0,0.0,0.0,0.0,0.0,0.48194,0.0,0.0,0.358847,0.040537,0.505171,0.598645,0.0,0.0,0.0,0.186895,0.126216,0.33995,0.664096,0.0,0.0,0.344702,0.049548,0.0
249,0.181598,0.0,0.0,0.0,0.178834,0.712109,0.0,0.959552,0.515739,0.435473,0.148254,0.0,0.0,0.0,1.039659,0.0,0.0,0.517634,0.0,0.0,0.0,0.438519,0.457772,0.0,0.131728,0.0,0.0,0.0,0.0,0.575192,0.0,0.0,0.206428,0.221901,0.532998,0.280993,0.0,0.0,0.0,0.223705,0.0,0.324416,0.70921,0.0,0.0,0.214949,0.169508,0.0
250,0.19753,0.0,0.0,0.0,0.22983,0.636172,0.0,1.033214,0.509706,0.40511,0.346726,0.0,0.0,0.0,0.972952,0.0,0.0,0.547431,0.042963,0.0,0.0,0.405565,0.639748,0.0,0.00598,0.0,0.0,0.0,0.0,0.727101,0.0,0.0,0.408067,0.365054,0.611362,0.55135,0.0,0.0,0.0,0.249526,0.0,0.328972,0.608515,0.0,0.0,0.326089,0.302831,0.0
251,0.193676,0.0,0.0,0.0,0.227039,0.895567,0.0,1.140608,0.55728,0.336089,0.26649,0.0,0.0,0.0,1.2474,0.0,0.0,0.686325,0.0,0.0,0.0,0.398173,0.807361,0.0,0.0,0.0,0.0,0.0,0.03957,0.938054,0.0,0.0,0.430322,0.556644,0.719263,0.603795,0.0,0.0,0.0,0.262912,0.0,0.24308,0.746654,0.0,0.0,0.262559,0.475941,0.0
252,0.080927,0.0,0.0,0.0,0.196511,0.715732,0.0,1.014061,0.382464,0.504725,0.296746,0.0,0.0,0.0,1.209243,0.0,0.0,0.736469,0.102191,0.0,0.0,0.723194,0.540515,0.0,0.0,0.0,0.0,0.0,0.0,0.744623,0.0,0.0,0.492906,0.293564,0.543727,0.593098,0.0,0.0,0.0,0.326549,0.00322,0.399579,0.621614,0.0,0.0,0.378609,0.285121,0.0
253,0.036775,0.0,0.0,0.0,0.328425,0.411301,0.0,0.961003,0.378233,0.552596,0.493171,0.0,0.0,0.005874,0.898699,0.0,0.0,0.661897,0.201474,0.0,0.097526,0.634513,0.478568,0.0,0.0,0.0,0.017511,0.0,0.139117,0.496387,0.0,0.0,0.735075,0.35556,0.413097,0.766836,0.0,0.0,0.0,0.283109,0.0,0.566941,0.524175,0.0,0.0,0.400019,0.365199,0.0
254,0.0,0.0,0.0,0.0,0.330422,0.22197,0.0,0.600852,0.374708,0.536691,0.386247,0.0,0.0,0.0,0.697828,0.0,0.0,0.647744,0.293065,0.0,0.106847,0.600914,0.568019,0.0,0.0,0.0,0.0,0.0,0.021943,0.249995,0.0,0.0,0.76004,0.256197,0.640023,0.933427,0.0,0.0,0.0,0.30076,0.149763,0.578822,0.461947,0.0,0.0,0.303782,0.334337,0.0
255,0.0,0.0,0.0,0.0,0.324456,0.045932,0.010809,0.547322,0.488535,0.702423,0.369433,0.0,0.0,0.301688,0.484985,0.0,0.147504,0.713789,0.324851,0.0,0.141818,0.617133,0.405575,0.0,0.0,0.0,0.0,0.0,0.232969,0.044218,0.008883,0.0,0.92395,0.683649,0.458353,0.661237,0.0,0.181677,0.0,0.284582,0.26086,0.620663,0.639141,0.0,0.0,0.338105,0.426791,0.0
256,0.0,0.0,0.0,0.0,0.232814,0.002029,0.0,0.337764,0.224669,0.858729,0.270017,0.086207,0.0,0.617794,0.551539,0.0,0.075571,0.643684,0.366289,0.0,0.01293,1.006076,0.0,0.0,0.0,0.0,0.091615,0.0,0.141725,0.0,0.110597,0.0,0.784188,0.909362,0.196721,0.441784,0.0,0.076913,0.0,0.253815,0.497599,0.608208,0.528559,0.0,0.0,0.171682,0.264194,0.0
257,0.0,0.0,0.0,0.0,0.054412,0.0,0.0,0.0,0.161467,0.541075,0.239268,0.0,0.0,0.633914,0.234976,0.0,0.364043,0.645611,0.603106,0.0,0.199676,0.891566,0.004307,0.070294,0.0,0.0,0.0,0.0,0.201094,0.0,0.0,0.0,0.686365,1.033225,0.0,0.540549,0.0,0.092648,0.0,0.282572,0.541707,0.635807,0.17727,0.0,0.0,0.117004,0.490687,0.0
258,0.0,0.0,0.0,0.0,0.034848,0.0,0.0,0.0,0.137216,0.376175,0.281638,0.0,0.0,0.802814,0.138686,0.050472,0.401576,0.714237,0.60353,0.0,0.165703,0.767434,0.107636,0.234541,0.0,0.0,0.047812,0.061648,0.368768,0.0,0.057683,0.0,0.759389,1.1367,0.0,0.638284,0.0,0.0,0.0,0.132614,0.575367,0.63787,0.015213,0.0,0.0,0.181348,0.616642,0.0
259,0.0,0.0,0.0,0.0,0.0,0.0,0.0,0.0,0.145884,0.489535,0.11043,0.143738,0.0,0.818706,0.107459,0.234072,0.236235,0.835745,0.847935,0.0,0.136804,0.89321,0.077222,0.554572,0.0,0.0,0.0,0.312443,0.394521,0.0,0.301288,0.0,0.6378,1.014001,0.0,0.271128,0.0,0.155174,0.0,0.0,0.722133,0.661777,0.0,0.0,0.0,0.328868,0.238335,0.0
260,0.0,0.0,0.0,0.0,0.0,0.0,0.0,0.0,0.17773,0.335046,0.26079,0.256524,0.0,0.866305,0.02848,0.055943,0.340063,0.801295,0.777244,0.0,0.151352,0.876275,0.075878,0.569678,0.0,0.0,0.015726,0.252669,0.406131,0.0,0.216787,0.0,0.513688,1.023348,0.0,0.184799,0.0,0.0,0.0,0.0,0.849668,0.458206,0.0,0.0,0.0,0.316223,0.174735,0.0
261,0.0,0.0,0.008791,0.0,0.0,0.0,0.0,0.117138,0.262307,0.265681,0.099463,0.344135,0.0,0.56343,0.0,0.218517,0.422413,0.891678,0.844648,0.0,0.054123,0.419274,0.493143,0.640582,0.0,0.0,0.0,0.527922,0.540138,0.0,0.402299,0.034279,0.639455,1.152569,0.014465,0.320763,0.0,0.0,0.0,0.0,0.677549,0.614409,0.0,0.0,0.0,0.295087,0.293471,0.0
262,0.0,0.0,0.047293,0.0,0.0,0.0,0.0,0.085927,0.312552,0.295854,0.202627,0.279269,0.0,0.495578,0.0,0.07765,0.460154,0.964503,0.750192,0.0,0.026703,0.379711,0.647242,0.575509,0.0,0.0,0.0,0.474065,0.57078,0.0,0.32585,0.0,0.696107,1.01189,0.001655,0.366896,0.105677,0.0,0.0,0.0,0.673883,0.436518,0.0,0.0,0.058417,0.241346,0.429227,0.0
263,0.0,0.0,0.0,0.0,0.0,0.0,0.075421,0.248485,0.363135,0.22454,0.0,0.494841,0.0,0.413729,0.0,0.090985,0.41005,0.924856,0.825,0.0,0.225727,0.264859,0.737464,0.579772,0.0,0.0,0.0,0.714708,0.634424,0.0,0.375932,0.082098,0.458253,1.142715,0.0,0.0,0.068962,0.0,0.0,0.0,0.700425,0.427563,0.0,0.0,0.044772,0.254886,0.254875,0.0
264,0.0,0.0,0.0,0.0,0.0,0.0,0.110043,0.304434,0.480214,0.171137,0.0,0.523576,0.0,0.308174,0.0,0.0,0.408974,0.882681,0.636773,0.0,0.26085,0.157113,0.861049,0.438512,0.0,0.0,0.0,0.739792,0.645478,0.0,0.349129,0.047174,0.467907,1.155294,0.0,0.0,0.0,0.0,0.0,0.0,0.624367,0.322349,0.0,0.0,0.078869,0.251151,0.268681,0.0
265,0.0,0.050728,0.009387,0.0,0.0,0.0,0.155801,0.273853,0.588565,0.267898,0.0,0.289557,0.0,0.173944,0.0,0.0,0.471626,0.978084,0.487164,0.0,0.138264,0.149045,0.939549,0.394183,0.0,0.0,0.0,0.783248,0.645101,0.0,0.395483,0.0,0.570574,0.962934,0.20242,0.0,0.0,0.0,0.0,0.0,0.574495,0.239956,0.0,0.0,0.127321,0.160422,0.418905,0.0
266,0.023997,0.034314,0.0,0.0,0.0,0.0,0.238972,0.18202,0.82948,0.261271,0.0,0.1931,0.0,0.146784,0.0,0.0,0.531181,0.941256,0.274726,0.0,0.306471,0.008177,1.050391,0.126655,0.0,0.0,0.0,0.841348,0.662262,0.0,0.29357,0.0,0.478471,1.075043,0.222568,0.0,0.0,0.0,0.0,0.010842,0.507562,0.102402,0.182509,0.0,0.208884,0.277037,0.262327,0.0
267,0.153762,0.104014,0.0,0.0,0.0,0.0,0.303984,0.071507,0.958038,0.343133,0.0,0.0,0.0,0.0,0.0,0.0,0.586615,0.755553,0.21558,0.0,0.547108,0.065386,1.249549,0.063885,0.0,0.0,0.0,0.591964,0.399145,0.0,0.291196,0.283999,0.297196,0.82627,0.0,0.0,0.0,0.0,0.0,0.0,0.753329,0.0,0.06281,0.0,0.133443,0.203237,0.092713,0.0
268,0.334397,0.314462,0.0,0.0,0.0,0.0,0.591031,0.0,1.268264,0.567608,0.0,0.0,0.0,0.0,0.0,0.0,0.737066,0.735292,0.139016,0.0,0.417229,0.090665,1.514776,0.0,0.0,0.0,0.0,0.43162,0.108532,0.0,0.378165,0.568243,0.330157,0.723597,0.165027,0.546518,0.0,0.0,0.010424,0.045862,0.946211,0.070137,0.087695,0.0,0.168879,0.016113,0.306213,0.0
269,0.311106,0.306637,0.0,0.0,0.0,0.0,0.657986,0.0,1.124889,0.670904,0.0,0.0,0.0,0.0,0.0,0.0,0.619735,0.712842,0.023501,0.0,0.420354,0.038553,1.413039,0.0,0.0,0.0,0.0,0.476259,0.109433,0.0,0.641678,0.438414,0.365446,0.818733,0.480609,0.486097,0.0,0.0,0.127665,0.0,0.916126,0.31862,0.222931,0.0,0.090623,0.0,0.299408,0.0
270,0.401101,0.543678,0.031401,0.0,0.0,0.0,0.62256,0.0,0.890933,0.690454,0.0,0.0,0.0,0.0,0.0,0.0,0.835351,0.805494,0.323946,0.0,0.352434,0.247197,0.937913,0.0,0.0,0.0,0.0,0.578762,0.075188,0.0,0.418934,0.428071,0.421462,0.508748,0.606808,0.242514,0.0,0.0,0.0,0.0,0.878854,0.404316,0.187998,0.0,0.259735,0.144866,0.122529,0.0
271,0.219847,0.414704,0.012611,0.0,0.0,0.0,0.412164,0.0,0.512717,0.624749,0.0,0.0,0.0,0.235071,0.0,0.0,0.903233,0.773358,0.492468,0.0,0.218044,0.587774,0.385122,0.196721,0.0,0.0,0.0,0.452711,0.101643,0.0,0.357457,0.209444,0.174079,0.520516,0.49955,0.012778,0.0,0.011121,0.0,0.0,0.968607,0.438009,0.12979,0.0,0.042116,0.050344,0.0,0.0
272,0.115459,0.045899,0.0,0.0,0.0,0.0,0.268772,0.0,0.274948,0.308353,0.0,0.0,0.0,0.391243,0.006675,0.0,0.595594,0.611898,0.441846,0.0,0.190526,0.741644,0.157814,0.292026,0.0,0.0,0.0,0.118209,0.065592,0.0,0.439472,0.0,0.209742,0.532059,0.497937,0.374534,0.0,0.0,0.0,0.0,1.001263,0.55287,0.045954,0.0,0.0,0.0,0.0,0.0
273,0.21516,0.078474,0.036177,0.0,0.0,0.0,0.317693,0.0,0.141919,0.298161,0.0,0.049836,0.0,0.259332,0.0,0.038763,0.610606,0.606865,0.561341,0.0,0.098597,0.523117,0.546138,0.38298,0.0,0.0,0.0,0.214977,0.27536,0.0,0.479268,0.0,0.232995,0.711611,0.483776,0.589917,0.0,0.0,0.0,0.0,0.974332,0.576271,0.0,0.0,0.0,0.0,0.012808,0.0
274,0.260597,0.024971,0.073894,0.0,0.0,0.0,0.312205,0.0,0.0,0.257817,0.0,0.349551,0.0,0.294926,0.0,0.149938,0.714063,0.75738,0.970579,0.0,0.060336,0.435835,0.3448,0.651405,0.0,0.0,0.0,0.356284,0.384913,0.0,0.513869,0.0,0.173748,0.930907,0.411321,0.387402,0.092748,0.0,0.0,0.0,1.004027,0.464283,0.0,0.0,0.0,0.0,0.079222,0.0
275,0.274931,0.08212,0.134409,0.0,0.0,0.0,0.391262,0.0,0.0,0.208399,0.0,0.613675,0.0,0.450791,0.03851,0.49715,0.577258,0.98352,1.24394,0.0,0.0,0.470372,0.131458,1.042354,0.0,0.1488,0.0,0.3699,0.482156,0.0,0.601149,0.0,0.179065,0.95693,0.463231,0.162688,0.118753,0.137873,0.0,0.0,0.960253,0.687778,0.0,0.0,0.0,0.0,0.0,0.0
276,0.296923,0.0,0.083878,0.0,0.0,0.0,0.37896,0.0,0.0,0.0,0.0,0.885443,0.0,0.493369,0.0,0.468461,0.693879,1.01968,1.274228,0.0,0.120942,0.214038,0.212748,1.044903,0.0,0.140707,0.0,0.299986,0.631019,0.0,0.368721,0.0,0.107409,1.134087,0.096509,0.149265,0.598837,0.0,0.0,0.0,0.927972,0.522026,0.0,0.0,0.119039,0.0,0.023186,0.0
277,0.323144,0.0,0.227821,0.0,0.0,0.0,0.421393,0.0,0.009264,0.10225,0.0,0.848386,0.0,0.592955,0.0,0.553539,0.787799,1.248805,1.381479,0.007998,0.0,0.381019,0.0,1.273949,0.0,0.414202,0.0,0.162809,0.725905,0.0,0.457018,0.0,0.155389,1.083868,0.185008,0.081033,0.653349,0.088436,0.0,0.0,0.981698,0.506877,0.0,0.0,0.121446,0.0,0.016129,0.0
278,0.192397,0.0,0.134141,0.0,0.0,0.0,0.399951,0.00387,0.0,0.0,0.0,0.942265,0.0,0.709144,0.012063,0.628286,0.664621,1.232989,1.272696,0.104215,0.060572,0.306247,0.0,1.308727,0.0,0.395957,0.0,0.147722,0.605159,0.0,0.521316,0.0,0.072272,1.076402,0.151623,0.0,0.542151,0.218254,0.0,0.0,1.101665,0.547446,0.0,0.0,0.0,0.0,0.0,0.0
279,0.322251,0.0,0.138652,0.0,0.0,0.0,0.441878,0.1253,0.0,0.0,0.0,0.969056,0.0,0.451737,0.0,0.745047,0.546298,1.213888,1.096036,0.066734,0.044636,0.136522,0.126093,1.358217,0.0,0.411938,0.0,0.171642,0.498029,0.0,0.604962,0.0,0.0,1.070865,0.132481,0.027662,0.383452,0.26467,0.0,0.0,1.065807,0.626032,0.0,0.0,0.0,0.0,0.0,0.0
280,0.397165,0.0,0.173516,0.0,0.0,0.0,0.399148,0.0,0.0,0.068985,0.0,0.736166,0.0,0.480746,0.0,0.566009,0.69699,1.330147,0.939122,0.100049,0.027671,0.110528,0.310524,1.174853,0.0,0.425559,0.0,0.077306,0.473028,0.0,0.308442,0.0,0.0,0.889061,0.079793,0.260686,0.451853,0.08429,0.0,0.000338,1.079042,0.473651,0.0,0.0,0.044074,0.0,0.08366,0.0
281,0.517528,0.156918,0.126651,0.0,0.0,0.0,0.405431,0.0,0.0,0.180987,0.0,0.493482,0.0,0.299229,0.0,0.408851,0.926663,1.349854,0.916217,0.112869,0.081992,0.0,0.467276,1.00424,0.0,0.369819,0.0,0.211963,0.503942,0.0,0.09691,0.0,0.0,0.785925,0.049203,0.40784,0.490572,0.0,0.0,0.149315,1.053473,0.250041,0.0,0.0,0.181646,0.0,0.245365,0.0
282,0.404766,0.066205,0.0,0.0,0.0,0.0,0.393954,0.0,0.004547,0.0,0.0,0.50225,0.0,0.345284,0.0,0.409016,0.669058,1.093946,0.624682,0.0,0.185198,0.0,0.481703,0.736387,0.0,0.0,0.0,0.070064,0.338331,0.0,0.143032,0.0,0.0,0.739718,0.0,0.496176,0.205628,0.003817,0.0,0.127509,1.008425,0.460153,0.0,0.0,0.03612,0.062481,0.0,0.0
283,0.177997,0.144677,0.120198,0.0,0.0,0.0,0.380232,0.0,0.0,0.265776,0.0,0.27957,0.0,0.243816,0.001566,0.320888,0.698532,0.997797,0.720647,0.0,0.160195,0.199787,0.08511,0.854474,0.0,0.214113,0.0,0.166069,0.157658,0.0,0.440394,0.012944,0.0,0.656279,0.322212,0.129272,0.0,0.29869,0.0,0.0,1.262195,0.382511,0.0,0.0,0.0,0.0,0.0,0.0
284,0.206471,0.058523,0.11251,0.0,0.0,0.0,0.391191,0.0,0.0,0.258467,0.0,0.147598,0.0,0.261745,0.026343,0.162132,0.813994,0.845608,0.641274,0.0,0.171958,0.289273,0.051042,0.530967,0.0,0.011425,0.0,0.056541,0.0,0.0,0.228931,0.108743,0.0,0.635602,0.280683,0.237779,0.108928,0.101119,0.0,0.018082,1.222951,0.338667,0.044964,0.0,0.0,0.0,0.0,0.0
285,0.128969,0.141549,0.041107,0.0,0.0,0.0,0.415632,0.0,0.0,0.27654,0.0,0.125402,0.0,0.27562,0.198462,0.353224,0.671669,0.677695,0.592137,0.0,0.160881,0.419102,0.046228,0.441937,0.0,0.0,0.0,0.01251,0.0,0.172322,0.370309,0.208249,0.0,0.522868,0.424083,0.356265,0.0,0.302538,0.0,0.0,1.226645,0.625245,0.083722,0.0,0.0,0.0,0.0,0.0
286,0.199013,0.05857,0.205597,0.0,0.0,0.0,0.434211,0.0,0.096868,0.291513,0.047442,0.0,0.0,0.330379,0.331036,0.383478,0.717469,0.551039,0.4356,0.0,0.076243,0.618588,0.06008,0.23156,0.0,0.0,0.0,0.0,0.0,0.294078,0.294172,0.21096,0.0,0.236283,0.554411,0.666655,0.0,0.0,0.0,0.016733,1.11198,0.700664,0.101384,0.0,0.001212,0.0,0.0,0.0
287,0.306101,0.117537,0.248986,0.0,0.0,0.0,0.536736,0.0,0.20854,0.306539,0.006434,0.0,0.0,0.286616,0.312067,0.360682,0.881363,0.558126,0.627191,0.0,0.236727,0.67815,0.091956,0.0,0.0,0.0,0.0,0.087927,0.0,0.414528,0.092078,0.281188,0.059267,0.078114,0.662669,0.653356,0.0,0.122789,0.0,0.0,0.986568,0.657165,0.098743,0.0,0.258157,0.140437,0.0,0.0
288,0.306918,0.0,0.167164,0.0,0.0,0.0,0.54922,0.0,0.206,0.415082,0.094461,0.0,0.0,0.457401,0.534064,0.432996,0.626224,0.517187,0.517705,0.0,0.0,0.854347,0.0,0.064289,0.0,0.0,0.0,0.0,0.0,0.483405,0.280713,0.126995,0.035443,0.034563,0.757806,0.562295,0.0,0.176941,0.0,0.0,0.943353,0.746004,0.081371,0.0,0.295458,0.022536,0.0,0.0
289,0.307968,0.0,0.0,0.0,0.017523,0.0,0.597238,0.0,0.019268,0.501648,0.0,0.0,0.0,0.456191,0.767476,0.492215,0.283187,0.475698,0.50483,0.0,0.0,0.903329,0.0,0.367338,0.0,0.0,0.0,0.0,0.0,0.564451,0.560425,0.089452,0.022813,0.0,0.742537,0.527033,0.0,0.342776,0.0,0.0,0.819973,0.966212,0.0,0.0,0.229794,0.0,0.0,0.0
290,0.240594,0.0,0.061679,0.0,0.0,0.0,0.571485,0.0,0.177776,0.397801,0.16162,0.0,0.0,0.336481,0.57435,0.370431,0.379279,0.304593,0.429251,0.0,0.081765,0.921557,0.0,0.208827,0.0,0.0,0.0,0.0,0.0,0.274412,0.451433,0.031013,0.053303,0.03211,0.613056,0.506215,0.0,0.051008,0.0,0.031678,0.717364,0.82415,0.0,0.0,0.171745,0.0,0.0,0.0
291,0.217603,0.0,0.293583,0.0,0.0,0.0,0.667973,0.0,0.536469,0.384705,0.084303,0.0,0.0,0.261164,0.327362,0.324758,0.689729,0.293726,0.554745,0.0,0.220513,0.912743,0.018344,0.089493,0.0,0.0,0.0,0.0,0.0,0.024259,0.3211,0.0,0.103077,0.319673,0.539145,0.426433,0.0,0.0,0.0,0.001182,0.782894,0.606573,0.089845,0.0,0.13521,0.0,0.0,0.0
292,0.385539,0.02007,0.157536,0.0,0.0,0.0,0.709863,0.0,0.576539,0.51313,0.0,0.0,0.0,0.220665,0.157858,0.222166,0.691041,0.243992,0.52764,0.0,0.199511,0.754233,0.240569,0.126958,0.0,0.0,0.0,0.0,0.0,0.0,0.423621,0.0,0.213524,0.32458,0.608128,0.427773,0.0,0.0,0.065634,0.115875,0.661013,0.64024,0.094402,0.0,0.27409,0.0,0.0,0.0
293,0.291554,0.0,0.112989,0.0,0.0,0.0,0.555328,0.0,0.490043,0.493822,0.0,0.0,0.0,0.219668,0.225809,0.038601,0.639739,0.217463,0.582115,0.0,0.145702,1.042231,0.0,0.2207,0.0,0.0,0.0,0.0,0.0,0.0,0.462649,0.0,0.149455,0.441063,0.714877,0.143237,0.0,0.0,0.0,0.015194,0.685491,0.52101,0.158498,0.0,0.042386,0.0,0.0,0.0
294,0.470179,0.042336,0.010881,0.0,0.0,0.0,0.49426,0.0,0.639279,0.649656,0.0,0.0,0.0,0.069373,0.176941,0.008048,0.656368,0.262584,0.527826,0.0,0.091286,0.944808,0.272802,0.147572,0.0,0.0,0.0,0.0,0.0,0.0,0.332743,0.0,0.362971,0.456783,0.783044,0.412491,0.0,0.0,0.016515,0.146313,0.554387,0.515837,0.215896,0.0,0.214784,0.0,0.090158,0.0
295,0.487052,0.0,0.0,0.0,0.0,0.0,0.39796,0.0,0.659697,0.553855,0.0,0.0,0.0,0.07439,0.429081,0.004264,0.440693,0.389735,0.528474,0.0,0.0,0.931735,0.217503,0.101429,0.0,0.0,0.0,0.0,0.0,0.113313,0.234297,0.0,0.333107,0.381459,0.967313,0.290741,0.0,0.0,0.0,0.105596,0.506354,0.575525,0.281928,0.0,0.1313,0.0,0.138767,0.0
296,0.715604,0.0,0.0,0.0,0.0,0.298639,0.272793,0.369034,0.683282,0.403384,0.0,0.0,0.0,0.0,0.454264,0.0,0.309747,0.352526,0.069187,0.0,0.0,0.311704,0.781727,0.0,0.0,0.0,0.0,0.0,0.0,0.477688,0.292413,0.161924,0.292489,0.246052,1.09809,0.400143,0.0,0.0,0.0,0.0,0.244052,0.556921,0.299103,0.0,0.219883,0.0,0.278521,0.0
297,0.740907,0.0,0.0,0.0,0.0,0.346303,0.069098,0.712219,0.856605,0.438385,0.0,0.0,0.0,0.0,0.594339,0.0,0.01008,0.529975,0.0,0.0,0.0,0.24821,0.95101,0.0,0.0,0.0,0.0,0.0,0.0,0.627243,0.035881,0.047015,0.535582,0.163488,1.160031,0.206164,0.0,0.0,0.0,0.0,0.069831,0.515406,0.358708,0.0,0.286263,0.306071,0.311022,0.0
298,0.68074,0.0,0.0,0.0,0.0,0.546879,0.0,0.95473,0.632429,0.415102,0.0,0.0,0.0,0.0,0.807258,0.089909,0.0,0.555006,0.0,0.0,0.0,0.080143,0.943023,0.169013,0.0,0.0,0.0,0.0,0.0,0.542602,0.049064,0.305307,0.289036,0.091197,1.094851,0.081876,0.01507,0.0,0.0,0.0,0.201624,0.411761,0.272703,0.0,0.209335,0.128647,0.385023,0.0
299,0.664366,0.0,0.0,0.0,0.0,0.630999,0.0,1.186077,0.451544,0.219232,0.0,0.037452,0.0,0.0,0.835851,0.334548,0.0,0.376813,0.0,0.0,0.0,0.0,0.932709,0.32289,0.0,0.0,0.0,0.0,0.0,0.504328,0.03767,0.516448,0.012312,0.227076,0.692769,0.068722,0.232933,0.0,0.0,0.0,0.221676,0.271977,0.077231,0.0,0.111888,0.120831,0.359818,0.0
300,0.494434,0.0,0.0,0.0,0.0,0.681515,0.0,1.156762,0.41098,0.196097,0.0,0.182356,0.0,0.0,0.810959,0.411995,0.081828,0.352509,0.0,0.0,0.0,0.0,0.79133,0.352646,0.0,0.0,0.0,0.0,0.0,0.367508,0.105811,0.64093,0.0,0.546869,0.564599,0.0,0.350331,0.0,0.0,0.0,0.412889,0.080183,0.153083,0.0,0.061108,0.131191,0.315726,0.0
301,0.423289,0.0,0.0,0.0,0.0,0.51283,0.0,1.13825,0.364682,0.253091,0.0,0.25439,0.0,0.0,0.705741,0.494089,0.153483,0.363654,0.0,0.0,0.0,0.0,0.885488,0.261361,0.0,0.0,0.0,0.032186,0.0,0.158439,0.035603,0.540252,0.009573,0.504245,0.689269,0.0,0.1819,0.0,0.0,0.0,0.227082,0.08841,0.193925,0.0,0.048106,0.309058,0.416509,0.0
302,0.398686,0.0,0.0,0.0,0.0,0.490141,0.0,1.168473,0.522363,0.368912,0.0,0.062626,0.0,0.0,0.774981,0.238181,0.042814,0.360065,0.0,0.0,0.0,0.0,0.862253,0.147545,0.0,0.0,0.0,0.0,0.0,0.228336,0.21043,0.20764,0.172656,0.226748,0.680671,0.022608,0.186213,0.0,0.0,0.0,0.01468,0.176687,0.310842,0.0,0.0,0.325392,0.362748,0.0
303,0.277072,0.0,0.0,0.0,0.0,0.30369,0.0,1.009985,0.492625,0.351418,0.0,0.132991,0.0,0.0,0.897881,0.254153,0.0,0.444096,0.0,0.0,0.0,0.080737,0.48559,0.130486,0.0,0.0,0.0,0.0,0.0,0.304752,0.19416,0.184795,0.10595,0.174562,0.522724,0.0,0.250376,0.0,0.0,0.0,0.091362,0.1232,0.291286,0.0,0.0,0.274247,0.228987,0.0
304,0.382976,0.0,0.0,0.0,0.0,0.397901,0.0,1.140042,0.428207,0.489315,0.0,0.0,0.0,0.0,1.106169,0.201828,0.0,0.416665,0.0,0.0,0.0,0.2393,0.504818,0.109751,0.0,0.0,0.0,0.0,0.0,0.612894,0.329037,0.150505,0.075733,0.0,0.389295,0.0,0.068043,0.0,0.0,0.0,0.028195,0.177452,0.307641,0.0,0.0,0.21398,0.18081,0.0
305,0.502916,0.0,0.0,0.0,0.0,0.521465,0.0,0.971471,0.042756,0.056099,0.0,0.0,0.0,0.047198,1.33719,0.507885,0.0,0.535572,0.0,0.0,0.0,0.417826,0.664177,0.37424,0.0,0.0,0.045546,0.09065,0.0,0.914224,0.0,0.729112,0.0,0.085998,0.433348,0.334209,0.0,0.0,0.0,0.0,0.263849,0.165158,0.178342,0.0,0.0,0.539746,0.305355,0.138787
306,0.681536,0.0,0.0,0.0,0.03197,0.180044,0.0,0.796187,0.355597,0.036768,0.0,0.0,0.0,0.0,1.033434,0.0,0.077887,0.534967,0.0,0.0,0.0,0.124537,0.927611,0.0,0.0,0.0,0.0,0.0,0.0,1.029077,0.0,0.583249,0.183784,0.0,0.736187,0.53627,0.169169,0.0,0.0,0.0,0.130045,0.036859,0.323829,0.0,0.0,0.485033,0.26807,0.0
307,0.712569,0.0,0.0,0.0,0.0,0.0,0.0,0.801771,0.329541,0.169756,0.097065,0.0,0.0,0.0,0.666727,0.030352,0.041492,0.563286,0.0,0.0,0.0,0.238149,0.523089,0.0,0.0,0.0,0.0,0.0,0.0,0.7726,0.0,0.409973,0.026336,0.0,0.580483,0.337865,0.002883,0.0,0.0,0.0,0.250583,0.151739,0.278694,0.0,0.0,0.291243,0.130559,0.0
308,0.709481,0.017993,0.0,0.0,0.0,0.0,0.0,0.684418,0.503727,0.182544,0.006775,0.0,0.0,0.0,0.295483,0.0,0.196272,0.471037,0.0,0.0,0.0,0.023224,0.733907,0.0,0.0,0.0,0.0,0.0,0.0,0.763387,0.0,0.343517,0.026307,0.0,0.454932,0.527208,0.0,0.0,0.0,0.0,0.20572,0.075334,0.277831,0.0,0.0,0.158368,0.02945,0.0
309,0.718926,0.390554,0.0,0.0,0.0,0.0,0.07088,0.280733,0.547009,0.0,0.0,0.0,0.0,0.0,0.282618,0.0,0.365617,0.562469,0.0,0.0,0.0,0.0,1.221175,0.0,0.0,0.0,0.0,0.0,0.0,1.141274,0.0,0.827472,0.148835,0.0,0.566969,0.956977,0.0,0.0,0.0,0.0,0.259504,0.0,0.268384,0.0,0.0,0.41869,0.027012,0.0
310,0.507959,0.355381,0.0,0.0,0.0,0.0,0.004871,0.415793,0.359511,0.0,0.0,0.0,0.0,0.0,0.218794,0.035414,0.336408,0.485283,0.0,0.0,0.0,0.016495,0.838626,0.106486,0.0,0.0,0.0,0.0,0.0,0.762906,0.0,0.677664,0.0,0.036662,0.360217,0.520938,0.0,0.0,0.0,0.0,0.41613,0.007639,0.368236,0.0,0.0,0.268809,0.049605,0.0
311,0.430458,0.305489,0.0,0.0,0.0,0.0,0.005025,0.470719,0.522012,0.077418,0.0,0.0,0.0,0.0,0.018342,0.0,0.234499,0.45748,0.0,0.0,0.0,0.071213,0.499738,0.0,0.0,0.0,0.0,0.038989,0.0,0.69185,0.0,0.474784,0.107109,0.0,0.349722,0.230518,0.0,0.0,0.0,0.0,0.184578,0.145652,0.29275,0.0,0.0,0.280618,0.0,0.0
312,0.407091,0.135845,0.0,0.0,0.0,0.0,0.01846,0.433551,0.387582,0.044024,0.0,0.0,0.0,0.0,0.175311,0.020448,0.231532,0.382423,0.0,0.0,0.0,0.092647,0.578333,0.0026,0.0,0.0,0.0,0.0,0.0,0.750085,0.0,0.465824,0.120466,0.024116,0.55181,0.511784,0.0,0.0,0.0,0.0,0.437156,0.145149,0.316964,0.0,0.0,0.246327,0.0,0.0
313,0.467161,0.0,0.0,0.0,0.0,0.059974,0.026318,0.478267,0.225741,0.127536,0.0,0.0,0.0,0.0,0.521144,0.009782,0.119205,0.364611,0.0,0.0,0.0,0.115646,0.722755,0.091234,0.0,0.0,0.0,0.0,0.0,1.006403,0.0,0.444708,0.153775,0.0,0.88995,0.739204,0.0,0.0,0.0,0.0,0.434187,0.273839,0.327335,0.0,0.0,0.219657,0.0,0.0
314,0.71375,0.0,0.0,0.0,0.0,0.0,0.0,0.47725,0.258715,0.109244,0.052978,0.0,0.0,0.0,0.674156,0.043431,0.0,0.500253,0.239471,0.0,0.0,0.489867,0.730361,0.0,0.0,0.0,0.0,0.0,0.0,1.315867,0.0,0.45602,0.426069,0.0,1.281679,1.034517,0.0,0.0,0.0,0.0,0.421159,0.589801,0.0,0.0,0.222048,0.62659,0.059504,0.0
315,0.802016,0.0,0.0,0.0,0.0,0.0,0.006281,0.749988,0.453389,0.573181,0.093508,0.0,0.0,0.07847,0.832427,0.0,0.0,0.669798,0.058722,0.0,0.0,0.496059,0.714962,0.0,0.0,0.0,0.0,0.0,0.0,1.46524,0.0,0.0,0.671863,0.0,1.342127,0.86952,0.0,0.0,0.0,0.0,0.292854,0.696837,0.116494,0.0,0.313806,0.562605,0.057106,0.0
316,0.861799,0.0,0.0,0.0,0.0,0.119557,0.0,0.851892,0.059148,0.583303,0.045498,0.0,0.0,0.128775,1.171211,0.255587,0.0,0.701788,0.375909,0.0,0.0,0.942035,0.488327,0.0,0.0,0.0,0.051445,0.038264,0.0,1.552449,0.0,0.166028,0.67871,0.0,1.443602,1.147936,0.0,0.0,0.0,0.0,0.422332,0.955017,0.0,0.0,0.378519,0.698957,0.225215,0.0
317,0.836407,0.0,0.0,0.0,0.003472,0.341144,0.052071,0.861389,0.0529,0.611507,0.0,0.0,0.0,0.202218,1.381972,0.170853,0.0,0.710176,0.25596,0.0,0.0,0.934636,0.680542,0.114176,0.0,0.0,0.14686,0.0,0.0,1.616135,0.007346,0.19892,0.680193,0.0,1.44483,1.170007,0.0,0.0,0.0,0.0,0.367555,0.895784,0.0,0.0,0.347544,0.69519,0.272275,0.0
318,0.55883,0.0,0.0,0.0,0.0,0.011689,0.0,0.797197,0.099578,0.650056,0.0,0.0,0.0,0.190884,1.092949,0.234556,0.0,0.63401,0.414271,0.0,0.0,1.084427,0.214708,0.146977,0.0,0.0,0.0,0.0,0.0,0.893853,0.057507,0.0,0.589122,0.0,1.505362,0.688338,0.014669,0.0,0.0,0.0,0.455653,0.681201,0.082341,0.0,0.202606,0.457224,0.32403,0.0
319,0.474389,0.0,0.0,0.0,0.0,0.0,0.20065,0.822331,0.245915,0.344407,0.093833,0.262816,0.0,0.074716,0.65742,0.258444,0.006478,0.599224,0.420669,0.0,0.0,0.747708,0.425969,0.271747,0.0,0.0,0.0,0.0,0.0,0.288261,0.0,0.0,0.51576,0.047884,1.207855,0.520547,0.210206,0.0,0.0,0.0,0.364451,0.450758,0.108548,0.0,0.233502,0.305249,0.360758,0.0
320,0.527945,0.0,0.0,0.0,0.0,0.107395,0.335377,1.048018,0.421474,0.254944,0.0,0.265406,0.0,0.040384,0.644188,0.117826,0.0,0.454802,0.168793,0.0,0.082824,0.335752,0.615954,0.478686,0.0,0.0,0.0,0.0,0.0,0.126958,0.357499,0.0,0.316205,0.069275,0.837614,0.311221,0.245377,0.0,0.0,0.0,0.132255,0.377232,0.117612,0.0,0.19322,0.008236,0.217256,0.0
321,0.550616,0.0,0.0,0.0231,0.0,0.0,0.600154,0.91272,0.489682,0.024274,0.0,0.494608,0.0,0.00412,0.508765,0.168673,0.312567,0.605461,0.534491,0.0,0.017549,0.441294,0.422164,0.643533,0.0,0.353238,0.0,0.0,0.0,0.0,0.385723,0.0,0.075137,0.275054,0.775802,0.016475,0.445666,0.0,0.0,0.0,0.402591,0.196362,0.019021,0.0,0.219036,0.0,0.243649,0.0
322,0.569708,0.0,0.010592,0.092802,0.0,0.0,0.809817,0.906607,0.606071,0.0,0.0,0.654355,0.0,0.0,0.361607,0.231843,0.387846,0.741053,0.563068,0.0,0.087106,0.205884,0.413051,0.84485,0.0,0.484544,0.0,0.0,0.0,0.0,0.441485,0.0,0.048738,0.251858,0.755441,0.0,0.52396,0.0,0.0,0.0,0.393519,0.229348,0.0,0.0,0.302951,0.0,0.163589,0.0
323,0.972141,0.0,0.0,0.21467,0.0,0.0,0.91512,1.04681,0.679959,0.0,0.0,0.770433,0.0,0.0,0.013084,0.38542,0.496167,0.784561,0.626366,0.0,0.180116,0.0,0.931336,0.825939,0.0,0.575851,0.0,0.0,0.0,0.0,0.334069,0.0,0.054899,0.397978,0.702458,0.0,0.593854,0.0,0.0,0.0,0.479111,0.061969,0.0,0.0,0.571434,0.0,0.324471,0.081942
324,0.998933,0.0,0.0,0.232579,0.0,0.0,1.058427,1.10354,0.679007,0.0,0.0,0.981549,0.0,0.0,0.011813,0.462518,0.594964,0.877034,0.732062,0.0,0.287763,0.0,1.034316,0.940162,0.0,0.526366,0.0,0.134499,0.0,0.0,0.362935,0.031651,0.0,0.500705,0.680097,0.0,0.46428,0.0,0.018912,0.0,0.57333,0.0,0.0,0.0,0.633123,0.0,0.310602,0.121903
325,1.060746,0.0,0.0,0.219146,0.0,0.0,1.062329,1.028982,0.724501,0.0,0.0,0.979797,0.0,0.0,0.0,0.424063,0.673064,0.784263,0.782853,0.0,0.339198,0.0,0.997481,0.896665,0.0,0.556479,0.0,0.01616,0.0,0.0,0.338038,0.0,0.0,0.441289,0.602105,0.0,0.515404,0.0,0.0,0.0,0.710534,0.0,0.0,0.0,0.592273,0.0,0.254135,0.07015
326,1.019348,0.0,0.0,0.222006,0.0,0.0,1.063835,0.809416,0.686779,0.0,0.0,0.864239,0.0,0.0,0.036205,0.28395,0.671128,0.808544,0.657358,0.0,0.321529,0.0,0.959189,0.929014,0.0,0.5982,0.0,0.0,0.0,0.0,0.304624,0.0,0.0,0.285731,0.710806,0.0,0.439616,0.0,0.098859,0.0,0.738991,0.0,0.0,0.0,0.477514,0.0,0.228794,0.127424
327,1.087903,0.0,0.0,0.153209,0.0,0.0,0.956656,0.513016,0.642043,0.0,0.0,0.419443,0.0,0.0,0.119353,0.145308,0.76122,0.755799,0.547814,0.0,0.231665,0.0,1.114152,0.876442,0.0,0.609281,0.0,0.0,0.0,0.0,0.470335,0.0,0.0,0.0,0.671575,0.251147,0.315103,0.0,0.176223,0.113845,0.788678,0.0,0.0,0.0,0.359316,0.0,0.30428,0.16634
328,0.889473,0.0,0.0,0.064479,0.0,0.0,0.858799,0.297259,0.544046,0.0,0.0,0.334738,0.0,0.0,0.137423,0.105083,0.758815,0.726361,0.422022,0.0,0.186947,0.0,0.780891,0.799671,0.0,0.382951,0.0,0.0,0.0,0.0,0.564114,0.130094,0.0,0.0,0.647198,0.042587,0.136375,0.0,0.188196,0.0,0.735315,0.0,0.041641,0.0,0.229354,0.0,0.146056,0.051305
329,0.972294,0.292475,0.0,0.0,0.0,0.0,0.699293,0.171273,0.603309,0.039897,0.0,0.012685,0.0,0.0,0.0,0.127487,0.779196,0.621897,0.140871,0.0,0.185309,0.0,1.204153,0.497358,0.0,0.199599,0.0,0.0,0.0,0.0,0.503802,0.354001,0.0,0.0,0.647236,0.358292,0.0,0.0,0.318915,0.0,0.735038,0.0,0.171491,0.0,0.276772,0.0,0.227892,0.0
330,0.75466,0.30537,0.051191,0.0,0.0,0.0,0.583274,0.0,0.647193,0.180796,0.0,0.013595,0.0,0.0,0.0,0.023054,0.782157,0.660506,0.101058,0.0,0.277965,0.0,0.984563,0.272368,0.0,0.207142,0.0,0.014813,0.0,0.0,0.357476,0.257765,0.0,0.091157,0.499837,0.236545,0.0,0.0,0.235301,0.0,0.811594,0.0,0.300201,0.0,0.188262,0.0,0.052914,0.0
331,0.590353,0.439593,0.142804,0.0,0.0,0.0,0.635589,0.0,0.825852,0.426744,0.0,0.0,0.0,0.0,0.0,0.093413,0.799818,0.766263,0.157938,0.0,0.32962,0.0,0.96537,0.173493,0.0,0.146282,0.0,0.173084,0.0,0.0,0.335046,0.332766,0.0,0.217086,0.368016,0.193556,0.0,0.0,0.054274,0.0,0.821623,0.0,0.321971,0.0,0.208573,0.053023,0.040264,0.0
332,0.401535,0.277361,0.098385,0.0,0.0,0.0,0.693284,0.0,0.945698,0.427401,0.0,0.0,0.0,0.0,0.0,0.123226,0.731091,0.694787,0.111793,0.0,0.259152,0.0,0.996089,0.057728,0.0,0.100529,0.0,0.114757,0.0,0.0,0.258253,0.4505,0.040733,0.289235,0.032298,0.416908,0.0,0.0,0.0,0.0,0.84802,0.0,0.142743,0.0,0.205155,0.0,0.000447,0.0
333,0.232457,0.161566,0.130922,0.0,0.0,0.0,0.315582,0.0,0.583448,0.241615,0.0,0.0,0.0,0.0,0.0,0.060152,0.50819,0.656757,0.008823,0.0,0.132906,0.123886,0.665423,0.203959,0.0,0.074894,0.0,0.23983,0.0,0.0,0.307343,0.368878,0.0,0.188651,0.174841,0.074818,0.0,0.0,0.0,0.0,0.849904,0.160903,0.134073,0.0,0.0,0.02845,0.0,0.0
334,0.215667,0.0,0.117819,0.0,0.0,0.0,0.176649,0.0,0.581797,0.064757,0.0,0.0,0.0,0.049411,0.0,0.150905,0.43154,0.729559,0.0,0.0,0.063838,0.097689,0.657706,0.15494,0.0,0.0,0.0,0.165264,0.0,0.0,0.158587,0.399422,0.003311,0.139312,0.088757,0.369512,0.0,0.0,0.0,0.0,0.729176,0.175473,0.162293,0.0,0.0,0.203863,0.06453,0.0
335,0.057473,0.0,0.074702,0.0,0.0,0.0,0.0,0.0,0.41195,0.070985,0.0,0.0,0.0,0.236878,0.046582,0.115603,0.226107,0.695464,0.028216,0.0,0.04106,0.264388,0.200087,0.253321,0.0,0.005082,0.0,0.0,0.0,0.0,0.128314,0.316811,0.0,0.217126,0.064992,0.0,0.0,0.0,0.0,0.0,0.735728,0.179197,0.139709,0.0,0.0,0.135653,0.0,0.0
336,0.250122,0.115179,0.0,0.0,0.0,0.0,0.0,0.260797,0.402741,0.038717,0.0,0.0,0.0,0.111143,0.0,0.365662,0.317658,0.646814,0.0,0.0,0.0,0.0,0.767765,0.299252,0.0,0.014008,0.0,0.060113,0.0,0.096333,0.0,0.728932,0.061728,0.084747,0.0,0.333671,0.0,0.0,0.0,0.0,0.608999,0.289449,0.0,0.0,0.0,0.41241,0.161016,0.0
337,0.384353,0.12751,0.0,0.0,0.0,0.0,0.0,0.358465,0.266649,0.0,0.0,0.0,0.0,0.200225,0.147987,0.496676,0.159882,0.639934,0.0,0.0,0.0,0.0,1.173451,0.502267,0.0,0.026575,0.0,0.011148,0.0,0.347486,0.0,0.921055,0.017796,0.105278,0.0,0.526333,0.0,0.0,0.0,0.0,0.732442,0.284861,0.0,0.0,0.0,0.573692,0.256712,0.0
338,0.577007,0.08137,0.0,0.0,0.0,0.0,0.0,0.34177,0.05296,0.0,0.0,0.0,0.0,0.067312,0.09753,0.490679,0.226809,0.663921,0.0,0.0,0.0,0.0,1.195227,0.563988,0.0,0.108022,0.0,0.049304,0.0,0.229708,0.0,0.977548,0.0,0.077918,0.0,0.503973,0.0,0.0,0.0,0.0,0.814725,0.216215,0.0,0.0,0.0,0.360481,0.29142,0.0
339,0.611665,0.099037,0.0,0.0,0.0,0.0,0.0,0.292503,0.203953,0.014718,0.0,0.0,0.0,0.0,0.038808,0.505021,0.328265,0.858286,0.0,0.0,0.0,0.0,1.035891,0.49545,0.0,0.268593,0.0,0.044155,0.0,0.047228,0.0,0.954283,0.0,0.0,0.0,0.423862,0.0,0.0,0.0,0.0,0.873537,0.157231,0.0,0.0,0.0,0.296665,0.286522,0.0
340,0.784547,0.056762,0.0,0.0,0.0,0.0,0.0,0.190288,0.058662,0.0,0.0,0.0,0.0,0.0,0.0,0.490334,0.43762,0.931605,0.0,0.058193,0.0,0.0,1.169818,0.525331,0.0,0.206579,0.0,0.109627,0.0,0.033457,0.0,0.934098,0.0,0.068113,0.0,0.473778,0.0,0.0,0.0,0.0,0.989947,0.039197,0.0,0.0,0.0,0.266913,0.269972,0.0
341,0.596754,0.193822,0.0,0.0,0.0,0.0,0.201463,0.181946,0.195563,0.0,0.0,0.022701,0.0,0.0,0.028249,0.474136,0.457042,0.957915,0.0,0.0,0.0,0.0,0.890847,0.611642,0.0,0.164616,0.0,0.0,0.0,0.217699,0.0,1.102704,0.0,0.068971,0.027974,0.183073,0.009198,0.0,0.0,0.0,1.004542,0.118658,0.039207,0.0,0.0,0.452957,0.0,0.0
342,0.757672,0.455057,0.0,0.0,0.0,0.0,0.439167,0.082979,0.339125,0.0,0.0,0.0,0.0,0.0,0.0,0.524319,0.636295,0.926321,0.0,0.0,0.097601,0.0,1.156065,0.521592,0.0,0.201747,0.0,0.0,0.0,0.192034,0.0,1.17551,0.0,0.070291,0.017368,0.524295,0.0,0.0,0.0,0.0,1.132763,0.009751,0.16258,0.0,0.0,0.415021,0.02286,0.0
343,0.821899,0.34311,0.0,0.0,0.0,0.0,0.481543,0.0,0.263853,0.096382,0.0,0.0,0.0,0.0,0.031281,0.386279,0.69383,0.851353,0.0,0.0,0.037611,0.0,1.251743,0.5051,0.0,0.367201,0.0,0.0,0.0,0.062537,0.218811,0.946955,0.0,0.0,0.29453,0.748172,0.0,0.0,0.054643,0.0,1.250499,0.0,0.122956,0.0,0.0,0.039831,0.112623,0.0
344,0.792075,0.603138,0.0,0.0,0.0,0.0,0.574228,0.0,0.160263,0.206808,0.0,0.0,0.0,0.0,0.0,0.23626,0.882864,0.900627,0.182993,0.0,0.263488,0.0,0.970578,0.459069,0.0,0.240773,0.0,0.149302,0.0,0.000401,0.245427,0.680025,0.0,0.036776,0.411182,0.650756,0.0,0.0,0.046124,0.0,1.104667,0.0,0.198077,0.0,0.0,0.06908,5.9e-05,0.0
345,0.718209,0.448048,0.0,0.0,0.0,0.0,0.48342,0.0,0.0,0.156739,0.0,0.0,0.0,0.0,0.0,0.023103,0.870037,0.794475,0.167537,0.0,0.204634,0.0,0.681481,0.331528,0.0,0.24115,0.0,0.057195,0.0,0.144499,0.202758,0.423207,0.0,0.094969,0.543569,0.547809,0.0,0.0,0.040547,0.0,1.056828,0.0,0.265694,0.0,0.0,0.0,0.0,0.0
346,0.500442,0.23378,0.0,0.0,0.0,0.0,0.419672,0.0,0.0,0.197336,0.0,0.0,0.0,0.058976,0.181383,0.105991,0.562878,0.674011,0.262895,0.0,0.0,0.309113,0.20746,0.602389,0.0,0.222983,0.0,0.0,0.0,0.296659,0.536219,0.214061,0.0,0.125186,0.706868,0.302101,0.0,0.0,0.0,0.0,1.061295,0.413565,0.102417,0.0,0.0,0.0,0.0,0.0
347,0.483804,0.381506,0.055013,0.0,0.0,0.0,0.493663,0.0,0.0,0.425895,0.0,0.0,0.0,0.02157,0.090661,0.0,0.898106,0.665863,0.446506,0.0,0.111982,0.212349,0.278213,0.222759,0.0,0.091837,0.0,0.098852,0.0,0.233982,0.281503,0.069276,0.0,0.287872,0.761935,0.583382,0.0,0.0,0.041437,0.0,0.9243,0.155288,0.240761,0.0,0.0,0.0,0.0,0.0
348,0.526209,0.37564,0.0,0.0,0.0,0.0,0.468323,0.0,0.0,0.34419,0.0,0.0,0.0,0.01192,0.158993,0.016641,0.719974,0.621042,0.634219,0.0,0.001428,0.359435,0.274079,0.163441,0.0,0.042981,0.0,0.111528,0.0,0.338731,0.32957,0.132495,0.200625,0.067714,0.985953,0.635885,0.0,0.094839,0.0,0.0,0.774177,0.425378,0.086095,0.0,0.072862,0.051857,0.0,0.0
349,0.391295,0.077372,0.0,0.0,0.0,0.0,0.131488,0.0,0.0,0.334763,0.0,0.0,0.0,0.126123,0.347048,0.052472,0.401036,0.454345,0.531711,0.0,0.0,0.733058,0.020374,0.113064,0.0,0.119188,0.0,0.0,0.0,0.33295,0.128381,0.0,0.255934,0.0,0.932303,0.456117,0.0,0.0,0.0,0.0,0.658412,0.500077,0.057474,0.0,0.0,0.129079,0.0,0.0
350,0.498064,0.0,0.0,0.0,0.0,0.0,0.140937,0.0,0.0,0.242277,0.0,0.0,0.0,0.0,0.402064,0.005878,0.169295,0.362329,0.304543,0.0,0.0,0.35469,0.431202,0.081518,0.0,0.0,0.0,0.0,0.0,0.497198,0.34377,0.023373,0.390818,0.045144,0.86096,0.479597,0.0,0.0,0.0,0.0,0.204076,0.565562,0.082859,0.0,0.025482,0.18494,0.072868,0.0
351,0.168789,0.0,0.0,0.0,0.0,0.161889,0.085052,0.353428,0.054751,0.407177,0.0,0.092846,0.0,0.0,0.679614,0.191792,0.0,0.340648,0.090201,0.0,0.001813,0.401476,0.266836,0.183276,0.0,0.0,0.0,0.010864,0.0,0.423293,0.324568,0.077779,0.337783,0.238451,0.521179,0.309579,0.0,0.0,0.0,0.0,0.054446,0.530374,0.0,0.0,0.0,0.053567,0.115231,0.0
352,0.155683,0.0,0.0,0.0,0.053654,0.397191,0.0,0.752679,0.304753,0.390124,0.135733,0.0,0.0,0.0,0.751063,0.0,0.0,0.199849,0.0,0.0,0.0,0.318116,0.494624,0.0,0.0,0.0,0.0,0.0,0.0,0.467281,0.419182,0.0,0.278694,0.233469,0.419445,0.288918,0.0,0.0,0.0,0.0,0.0,0.459034,0.236491,0.0,0.0,0.027497,0.235253,0.0
353,0.009403,0.0,0.0,0.0,0.005657,0.371568,0.0,0.695503,0.304302,0.493446,0.186706,0.0,0.0,0.0,0.814101,0.0,0.0,0.280142,0.0,0.0,0.0,0.554663,0.294513,0.0,0.0,0.0,0.0,0.0,0.0,0.267861,0.298254,0.0,0.203383,0.211851,0.489269,0.123668,0.0,0.0,0.0,0.0,0.0,0.369404,0.38125,0.0,0.0,0.012427,0.23239,0.0
354,0.13834,0.0,0.0,0.0,0.0,0.192026,0.0,0.646875,0.423057,0.419619,0.1991,0.0,0.0,0.0,0.679951,0.0,0.03476,0.474495,0.10062,0.0,0.0,0.415026,0.413622,0.0,0.0,0.0,0.0,0.0,0.0,0.190761,0.0,0.0,0.404658,0.281071,0.55423,0.167969,0.0,0.0,0.0,0.096254,0.0,0.43041,0.607251,0.0,0.0,0.288381,0.324979,0.0
355,0.037015,0.0,0.0,0.0,0.143511,0.15118,0.0,0.584854,0.519505,0.407156,0.274886,0.0,0.0,0.0,0.660642,0.0,0.138059,0.552751,0.128423,0.0,0.062354,0.303648,0.543568,0.0,0.0,0.0,0.0,0.0,0.0,0.341001,0.0,0.156806,0.486911,0.347091,0.344916,0.426688,0.0,0.0,0.0,0.18219,0.0,0.325966,0.537718,0.0,0.0,0.313986,0.217067,0.0
356,0.0,0.0,0.0,0.0,0.37423,0.202965,0.0,0.587351,0.610805,0.255038,0.413013,0.0,0.0,0.069012,0.757481,0.0,0.062629,0.662452,0.067622,0.0,0.0,0.445526,0.621026,0.0,0.0,0.0,0.0,0.0,0.0,0.318952,0.0,0.178243,0.488419,0.182433,0.287387,0.557193,0.0,0.080421,0.0,0.251434,0.106929,0.282643,0.472345,0.0,0.0,0.434312,0.215491,0.0
357,0.0,0.0,0.0,0.0,0.472268,0.254154,0.0,0.721569,0.70697,0.343147,0.506729,0.0,0.0,0.128335,0.692346,0.0,0.019767,0.712659,0.0,0.0,0.0,0.621136,0.564511,0.0,0.0,0.0,0.0,0.0,0.0,0.060249,0.0,0.084313,0.520156,0.266096,0.034411,0.693134,0.0,0.0,0.0,0.304202,0.079515,0.247812,0.521473,0.0,0.0,0.382928,0.259903,0.0
358,0.0,0.0,0.019958,0.021743,0.630054,0.26453,0.035731,0.709298,0.935499,0.261192,0.581733,0.0,0.0,0.141591,0.525414,0.0,0.297909,0.738649,0.0,0.0,0.0,0.405962,0.847744,0.0,0.0,0.0,0.0,0.0,0.0,0.173154,0.0,0.115776,0.681644,0.573822,0.0,0.989129,0.0,0.0,0.0,0.445143,0.0,0.146073,0.590038,0.0,0.0,0.307136,0.313483,0.0
359,0.0,0.0,0.054852,0.0,0.700094,0.153486,0.0,0.74135,0.95301,0.136093,0.659762,0.0,0.0,0.106042,0.395981,0.0,0.41507,0.580207,0.0,0.0,0.053734,0.343652,0.840971,0.0,0.0,0.0,0.0,0.0,0.071604,0.139198,0.0,0.132505,0.779979,0.796165,0.0,0.936726,0.0,0.0,0.0,0.382842,0.0,0.139663,0.602144,0.0,0.0,0.299441,0.427258,0.0
360,0.0,0.0,0.0,0.0,0.580298,0.079244,0.040491,0.667435,0.930952,0.221091,0.643689,0.0,0.0,0.161653,0.49712,0.0,0.1496,0.746182,0.056671,0.0,0.033139,0.493869,0.744253,0.0,0.0,0.0,0.0,0.0,0.070848,0.10236,0.0,0.19858,0.75974,0.548335,0.0,0.622133,0.0,0.006069,0.0,0.176507,0.0,0.139833,0.540935,0.0,0.0,0.417177,0.296774,0.0
361,0.0,0.0,0.141578,0.0,0.601589,0.003602,0.0,0.605871,1.011546,0.52584,0.593832,0.0,0.0,0.069878,0.420729,0.0,0.253902,0.695908,0.092495,0.0,0.015329,0.317663,0.595092,0.0,0.0,0.0,0.0,0.0,0.0,0.0,0.0,0.142549,0.640769,0.34507,0.0,0.548784,0.0,0.0,0.0,0.182318,0.030082,0.198851,0.617899,0.0,0.0,0.211668,0.247351,0.0
362,0.06076,0.0,0.259281,0.0,0.362499,0.0,0.076721,0.320993,0.79459,0.070246,0.354271,0.0,0.0,0.0,0.53017,0.025438,0.363716,0.599809,0.152152,0.0,0.015876,0.351196,0.712205,0.0,0.0,0.0,0.0,0.120076,0.061095,0.19344,0.0,0.388673,0.414263,0.388849,0.071386,0.530408,0.0,0.1043,0.0,0.18972,0.076357,0.229468,0.464736,0.0,0.0,0.239713,0.236672,0.0
363,0.014599,0.0,0.219848,0.0,0.484313,0.021398,0.173506,0.278121,0.865143,0.074613,0.307495,0.0,0.0,0.088126,0.550421,0.006825,0.449543,0.57953,0.0,0.0,0.036332,0.093087,0.80006,0.0,0.0,0.0,0.0,0.121739,0.09577,0.187052,0.043946,0.259767,0.350052,0.163634,0.189361,0.500955,0.0,0.0,0.0,0.17336,0.1504,0.143667,0.503588,0.0,0.0,0.146048,0.166465,0.0
364,0.0,0.0,0.186514,0.0,0.146864,0.0,0.239424,0.0,0.605975,0.223932,0.276363,0.0,0.0,0.231034,0.572864,0.342333,0.241705,0.657821,0.029963,0.0,0.113701,0.389653,0.248615,0.153049,0.0,0.0,0.0,0.0,0.0,0.0,0.216327,0.247225,0.052392,0.11784,0.0,0.268198,0.0,0.063396,0.0,0.0,0.373735,0.351303,0.405146,0.0,0.0,0.0,0.0,0.0
365,0.0,0.0,0.471365,0.057879,0.12823,0.0,0.296407,0.0,0.794815,0.169196,0.233599,0.0,0.0,0.312524,0.358258,0.285882,0.533188,0.726643,0.044494,0.0,0.185888,0.537413,0.0,0.050638,0.0,0.0,0.0,0.0,0.0,0.0,0.206965,0.08692,0.0,0.223347,0.072376,0.083362,0.0,0.0,0.0,0.0,0.547935,0.171789,0.464391,0.0,0.0,0.044971,0.0,0.0
366,0.162357,0.0,0.530455,0.0,0.0,0.0,0.536879,0.0,0.77697,0.21485,0.0,0.0,0.0,0.0,0.252585,0.526003,0.575361,0.68268,0.023129,0.0,0.289848,0.20739,0.336092,0.011998,0.0,0.0,0.0,0.0,0.0,0.0,0.23853,0.413775,0.0,0.070784,0.049776,0.155611,0.0,0.040945,0.0,0.0,0.593648,0.263224,0.338674,0.0,0.059883,0.0,0.0,0.0
367,0.35772,0.0,0.50506,0.0,0.0,0.0,0.674031,0.0,0.775696,0.284323,0.0,0.0,0.0,0.0,0.18855,0.610007,0.498405,0.671336,0.0,0.0,0.323864,0.087562,0.637082,0.035905,0.0,0.061073,0.0,0.01554,0.0,0.0,0.265153,0.435891,0.0,0.057155,0.051076,0.344024,0.0,0.012423,0.0,0.0,0.766192,0.143868,0.282172,0.0,0.127587,0.0,0.0,0.0
368,0.406689,0.0,0.547873,0.0,0.0,0.0,0.692437,0.0,0.904989,0.340823,0.0,0.0,0.0,0.0,0.20646,0.662595,0.540374,0.755649,0.0,0.0,0.341222,0.022208,0.707564,0.040307,0.0,0.062639,0.0,0.167143,0.0,0.0,0.217433,0.387751,0.0,0.0,0.16699,0.278899,0.0,0.0,0.041474,0.0,0.707569,0.143287,0.202778,0.0,0.233571,0.0,0.0,0.0
369,0.365557,0.0,0.402387,0.0,0.0,0.0,0.60614,0.0,0.851528,0.188516,0.0,0.0,0.0,0.0,0.305636,0.571958,0.449839,0.634326,0.0,0.0,0.365498,0.0,0.691241,0.066716,0.0,0.047122,0.0,0.049393,0.0,0.0,0.266761,0.365062,0.0,0.0,0.052934,0.256926,0.0,0.0,0.039086,0.0,0.684381,0.08516,0.240719,0.0,0.193378,0.0,0.0,0.0
370,0.253016,0.0,0.434184,0.0,0.0,0.0,0.570441,0.0,0.686067,0.067362,0.0,0.0,0.0,0.0,0.352006,0.580407,0.39735,0.546555,0.0,0.0,0.309212,0.140868,0.467311,0.125563,0.0,0.0,0.0,0.0,0.0,0.0,0.286048,0.356162,0.0,0.0,0.10344,0.06455,0.0,0.0,0.0,0.0,0.614131,0.121657,0.292068,0.0,0.090032,0.0,0.0,0.0
371,0.176743,0.0,0.395609,0.0,0.0,0.0,0.558512,0.0,0.72958,0.076758,0.032913,0.0,0.0,0.042917,0.435742,0.647301,0.420089,0.515165,0.0,0.0,0.200682,0.151496,0.458129,0.195381,0.0,0.031433,0.0,0.0,0.0,0.0,0.275776,0.402764,0.0,0.0,0.181151,0.146725,0.0,0.0,0.0,0.0,0.576112,0.266747,0.200454,0.0,0.132113,0.0,0.0,0.0
372,0.298814,0.0,0.42341,0.0,0.0,0.0,0.520495,0.0,0.666124,0.178528,0.0,0.0,0.0,0.0,0.426185,0.693409,0.477064,0.448739,0.028509,0.0,0.201561,0.211781,0.459825,0.107262,0.0,0.010341,0.0,0.033978,0.0,0.0,0.223155,0.155982,0.0,0.0,0.367916,0.145357,0.0,0.0,0.0,0.0,0.470379,0.333444,0.215006,0.0,0.1853,0.0,0.0,0.0
373,0.272876,0.0,0.330209,0.0,0.0,0.0,0.398317,0.0,0.493098,0.232247,0.0,0.0,0.0,0.237304,0.589595,0.492657,0.433469,0.45198,0.048223,0.0,0.113003,0.613262,0.0,0.189364,0.0,0.0,0.0,0.0,0.0,0.0,0.40075,0.0,0.0,0.0,0.635756,0.0,0.0,0.0,0.0,0.0,0.424396,0.316124,0.369571,0.0,0.096092,0.0,0.0,0.0
374,0.314724,0.0,0.247099,0.0,0.019935,0.0,0.528436,0.0,0.570096,0.258245,0.131777,0.0,0.0,0.214766,0.506477,0.446486,0.495824,0.325093,0.059362,0.0,0.175337,0.318671,0.313446,0.125012,0.0,0.0,0.0,0.0,0.0,0.206435,0.368809,0.152734,0.0,0.0,0.401084,0.337282,0.0,0.0,0.0,0.0,0.458453,0.459753,0.144408,0.0,0.191383,0.0,0.0,0.0
375,0.257247,0.0,0.275056,0.0,0.0,0.0,0.586733,0.0,0.521458,0.368734,0.084682,0.0,0.0,0.073745,0.405339,0.432181,0.615136,0.352458,0.217433,0.0,0.03637,0.465848,0.271001,0.084348,0.0,0.0,0.0,0.0,0.0,0.281025,0.342982,0.287965,0.0,0.096799,0.373078,0.412095,0.0,0.0,0.047635,0.0,0.664646,0.371192,0.10895,0.0,0.087842,0.0,0.0,0.0
376,0.428968,0.069312,0.0,0.0,0.0,0.0,0.587722,0.0,0.156675,0.210807,0.0,0.0,0.0,0.160051,0.47091,0.496885,0.655496,0.48041,0.350029,0.0,0.0,0.339812,0.366179,0.278337,0.0,0.0,0.0,0.001531,0.0,0.493192,0.355211,0.539249,0.0,0.0,0.589101,0.458766,0.0,0.402912,0.0,0.0,0.722201,0.633909,0.111528,0.0,0.16317,0.0,0.0,0.0
377,0.364576,0.286681,0.217724,0.0,0.0,0.0,0.411776,0.0,0.248213,0.336583,0.0,0.0,0.0,0.112145,0.205446,0.356376,0.818317,0.565807,0.448079,0.0,0.0,0.516186,0.0,0.09196,0.0,0.0,0.0,0.029034,0.0,0.32731,0.166247,0.346967,0.0,0.026942,0.667166,0.131042,0.0,0.216622,0.0,0.0,0.722843,0.35399,0.270372,0.0,0.203528,0.092914,0.0,0.0
378,0.224596,0.198991,0.22499,0.0,0.0,0.0,0.26804,0.0,0.163836,0.303109,0.0,0.0,0.0,0.023592,0.211946,0.185108,0.794248,0.499834,0.233312,0.0,0.0,0.417446,0.150354,0.070483,0.0,0.067711,0.0,0.043125,0.0,0.213067,0.070922,0.345489,0.0,0.069675,0.550509,0.295121,0.0,0.0,0.0,0.0,0.845052,0.239926,0.253447,0.0,0.032012,0.0,0.0,0.0
379,0.220224,0.102997,0.0,0.0,0.07586,0.0,0.161395,0.0,0.041362,0.038025,0.0,0.0,0.0,0.100055,0.081922,0.076013,0.579995,0.382329,0.0,0.0,0.20023,0.0,0.497247,0.0,0.0,0.0,0.0,0.005277,0.0,0.188928,0.0,0.353912,0.0,0.096235,0.247708,0.525946,0.0,0.0,0.0,0.077961,0.704229,0.296507,0.233876,0.0,0.034924,0.0,0.0,0.0
380,0.056596,0.0398,0.0,0.0,0.002987,0.0,0.252542,0.0,0.158435,0.038266,0.075524,0.0,0.0,0.099581,0.0,0.106032,0.561631,0.570936,0.049011,0.0,0.081518,0.098969,0.43814,0.077893,0.0,0.0,0.0,0.0,0.0,0.221649,0.0,0.4302,0.0,0.327274,0.085947,0.317291,0.0,0.005435,0.0,0.076711,0.659897,0.391727,0.192943,0.0,0.0,0.0,0.0,0.0
381,0.115653,0.23957,0.0,0.0,0.0,0.0,0.029464,0.0,0.0,0.052352,0.0,0.0,0.0,0.0,0.0,0.104188,0.539404,0.391153,0.161525,0.0,0.056597,0.184745,0.40381,0.17831,0.0,0.0,0.0,0.0,0.0,0.157852,0.0,0.390692,0.0,0.309247,0.165295,0.341511,0.0,0.145838,0.0,0.0,0.653958,0.220121,0.197973,0.0,0.0,0.051259,0.0,0.0
382,0.137439,0.122591,0.0,0.0,0.009967,0.0,0.0,0.0,0.149765,0.045215,0.0,0.0,0.0,0.118172,0.050812,0.046604,0.355773,0.374127,0.0,0.0,0.022163,0.183895,0.425501,0.197459,0.0,0.0,0.0,0.0,0.0,0.306172,0.043214,0.291534,0.0,0.203364,0.268326,0.215232,0.0,0.0,0.0,0.0,0.522768,0.321587,0.195963,0.0,0.0,0.012965,0.0,0.0
383,0.11716,0.03517,0.0,0.0,0.02802,0.0,0.0,0.0,0.174716,0.182174,0.045829,0.0,0.0,0.260731,0.178505,0.162827,0.189944,0.413663,0.064734,0.0,0.0,0.318663,0.153147,0.172383,0.0,0.0,0.0,0.060502,0.0,0.287082,0.052031,0.115494,0.022929,0.178582,0.400967,0.146777,0.0,0.0,0.0,0.0,0.633198,0.401994,0.255369,0.0,0.0,0.027567,0.0,0.0
384,0.187616,0.225812,0.0,0.0,0.0,0.0,0.016055,0.0,0.151425,0.054606,0.0,0.0,0.0,0.086945,0.170653,0.168795,0.271239,0.342034,0.072671,0.0,0.0,0.282889,0.57337,0.120404,0.0,0.0,0.0,0.179413,0.0,0.61251,0.0,0.414089,0.168908,0.038334,0.44926,0.57802,0.0,0.0,0.0,0.0,0.681768,0.487812,0.030993,0.0,0.0,0.296759,0.0,0.0
385,0.206106,0.096439,0.0,0.0,0.0,0.0,0.0,0.0,0.058735,0.208343,0.0,0.0,0.0,0.046967,0.106077,0.097261,0.344025,0.377885,0.208553,0.0,0.000392,0.334716,0.486623,0.116634,0.0,0.0,0.0,0.206073,0.0,0.72344,0.0,0.412974,0.130998,0.261951,0.441015,0.592336,0.0,0.0,0.0,0.0,0.783262,0.450068,0.056978,0.0,0.0,0.281336,0.0,0.0
386,0.417679,0.097198,0.0,0.0,0.0,0.0,0.01745,0.0,0.273168,0.166841,0.0,0.0,0.0,0.0,0.056119,0.065602,0.263696,0.414497,0.289716,0.0,0.0,0.459687,0.453223,0.0,0.0,0.0,0.0,0.243065,0.0,0.912331,0.0,0.50355,0.242223,0.0,0.63579,0.674412,0.0,0.0,0.0,0.0,0.725974,0.498512,0.0,0.0,0.142148,0.537319,0.0,0.0
387,0.507161,0.127305,0.0,0.0,0.0,0.0,0.134207,0.0,0.378277,0.104619,0.0,0.0,0.0,0.0,0.037099,0.04929,0.21401,0.402838,0.224965,0.0,0.197743,0.255912,0.769842,0.0,0.0,0.0,0.0,0.266653,0.0,1.104411,0.0,0.444119,0.342802,0.0,0.792386,0.863613,0.0,0.0,0.0,0.0,0.587157,0.509702,0.088533,0.0,0.29894,0.647129,0.0,0.0
388,0.490197,0.0,0.0,0.0,0.078049,0.0,0.20284,0.010192,0.455813,0.267443,0.133601,0.0,0.0,0.011373,0.526428,0.0,0.0,0.267545,0.085352,0.0,0.0,0.454011,0.820686,0.0,0.0,0.0,0.0,0.104762,0.0,1.311685,0.0,0.28322,0.382055,0.0,1.198072,1.009904,0.0,0.0,0.0,0.0,0.593117,0.702292,0.217682,0.0,0.252239,0.450768,0.0,0.0
389,0.475918,0.0,0.0,0.0,0.124757,0.086278,0.306696,0.114921,0.396313,0.267664,0.039131,0.0,0.0,0.099905,0.784188,0.0,0.006925,0.256635,0.028288,0.0,0.0,0.659372,0.944794,0.0,0.0,0.0,0.0,0.057161,0.0,1.694619,0.0,0.329942,0.284871,0.0,1.297275,1.275529,0.0,0.0,0.0,0.071565,0.624482,0.750934,0.16077,0.0,0.218361,0.494687,0.0,0.0
390,0.626353,0.0,0.0,0.0,0.075943,0.0,0.203783,0.210828,0.377778,0.470554,0.18165,0.0,0.0,0.112027,0.739951,0.0,0.0,0.290204,0.337854,0.0,0.0,0.950303,0.553235,0.0,0.0,0.0,0.0,0.100617,0.0,1.640951,0.0,0.045559,0.442235,0.0,1.30145,1.1438,0.0,0.0,0.0,0.072864,0.578501,0.950531,0.189281,0.0,0.459991,0.51753,0.0,0.0
391,0.694512,0.0,0.0,0.0,0.0,0.0,0.242761,0.048915,0.378941,0.619374,0.302871,0.0,0.0,0.176353,0.717198,0.0,0.0,0.404619,0.637865,0.0,0.011797,1.210392,0.253939,0.0,0.0,0.0,0.0,0.088379,0.0,1.586906,0.0,0.0,0.613991,0.0,1.41462,1.183714,0.0,0.0,0.0,0.03373,0.694995,1.056683,0.213622,0.0,0.584683,0.606459,0.0,0.0
392,0.583053,0.0,0.0,0.0,0.0,0.0,0.589041,0.0,0.374231,0.431168,0.313295,0.0,0.0,0.270177,0.813864,0.041128,0.0,0.402193,0.672238,0.0,0.046377,1.164657,0.48475,0.0,0.0,0.0,0.005852,0.049332,0.0,1.77411,0.0,0.181085,0.75493,0.0,1.453625,1.675064,0.0,0.0,0.0,0.093201,0.806823,1.258445,0.0,0.0,0.682563,0.84037,0.0,0.0
393,0.699112,0.0,0.0,0.0,0.0,0.0,0.564544,0.0,0.409378,0.516492,0.403607,0.0,0.0,0.298077,0.708852,0.157338,0.0,0.577698,0.892414,0.0,0.24082,1.359995,0.176832,0.0,0.0,0.0,0.058385,0.153937,0.0,1.73469,0.0,0.12243,0.776638,0.0,1.270633,1.621599,0.0,0.0,0.0,0.027538,0.828583,1.197683,0.0,0.0,0.78958,0.919414,0.0,0.0
394,0.695643,0.0,0.0,0.0,0.047888,0.0,0.557937,0.0,0.395545,0.514286,0.479014,0.0,0.0,0.415978,0.827154,0.122294,0.0,0.560296,0.806055,0.0,0.26499,1.286809,0.203048,0.0,0.0,0.0,0.152911,0.134379,0.0,1.683324,0.0,0.002414,0.781281,0.0,1.337812,1.719995,0.0,0.0,0.0,0.118085,0.895716,1.144135,0.055212,0.0,0.743493,0.882902,0.0,0.0
395,0.532239,0.0,0.0,0.0,0.021682,0.0,0.568582,0.0,0.165971,0.636691,0.537355,0.0,0.0,0.581897,1.138265,0.228234,0.0,0.662708,0.846018,0.0,0.010863,1.448792,0.035155,0.0,0.0,0.0,0.134842,0.025426,0.0,1.851411,0.0,0.0,0.705622,0.0,1.302329,1.651413,0.0,0.044445,0.0,0.110566,0.912775,1.25393,0.102295,0.0,0.665524,0.881279,0.0,0.0
396,0.502418,0.0,0.0,0.0,0.117342,0.0,0.540277,0.1049,0.125834,0.542598,0.537978,0.0,0.0,0.549605,1.188234,0.0,0.0,0.523662,0.657602,0.0,0.012046,1.244303,0.277629,0.0,0.0,0.0,0.069404,0.0,0.0,1.848554,0.0,0.0,0.640423,0.0,1.358821,1.721487,0.0,0.0,0.0,0.250629,0.850753,1.037543,0.150194,0.0,0.526557,0.788722,0.0,0.0
397,0.406669,0.0,0.0,0.0,0.030331,0.0,0.583004,0.153353,0.028492,0.378995,0.636908,0.0,0.0,0.548656,1.137853,0.014105,0.0,0.550351,0.785896,0.0,0.089586,1.324787,0.399149,0.0,0.0,0.0,0.153161,0.0,0.0,1.857533,0.0,0.12901,0.565451,0.0,1.207851,1.855096,0.0,0.093994,0.0,0.293178,0.823214,0.95265,0.044866,0.0,0.439227,0.922746,0.0,0.0
398,0.331685,0.0,0.0,0.0,0.125288,0.0,0.432658,0.318331,0.0,0.403137,0.730125,0.0,0.0,0.554432,1.10557,0.034628,0.0,0.581414,0.838836,0.0,0.020943,1.468868,0.293111,0.0,0.0,0.0,0.199008,0.0,0.0,1.67653,0.0,0.10405,0.48388,0.0,1.271141,1.855055,0.0,0.065257,0.0,0.414417,0.959895,0.950453,0.009891,0.0,0.303919,0.847235,0.0,0.0
399,0.538396,0.0,0.0,0.0,0.114204,0.0,0.419494,0.24155,0.055996,0.487692,0.653281,0.0,0.0,0.560212,1.054902,0.0,0.0,0.672583,0.862697,0.0,0.269849,1.22053,0.273176,0.0,0.0,0.0,0.120471,0.0,0.0,1.758643,0.0,0.0,0.711947,0.0,1.231483,1.772007,0.0,0.110058,0.0,0.237161,0.823124,0.920069,0.219744,0.0,0.454233,0.88644,0.0,0.0
400,0.593767,0.0,0.0,0.0,0.332059,0.0,0.278904,0.253855,0.062541,0.584088,0.664779,0.0,0.0,0.632668,1.197425,0.0,0.0,0.620534,0.635955,0.0,0.102334,1.208535,0.293756,0.0,0.0,0.0,0.15581,0.0,0.0,1.863156,0.0,0.0,0.77472,0.0,1.475024,1.871998,0.0,0.0,0.0,0.198689,0.925475,1.012784,0.181628,0.0,0.342215,0.783729,0.0,0.0
401,0.697945,0.0,0.0,0.0,0.156601,0.0,0.405686,0.010071,0.0,0.548597,0.726743,0.0,0.0,0.744629,1.158241,0.0,0.0,0.833722,1.015497,0.0,0.041461,1.429558,0.151841,0.0,0.0,0.0,0.300562,0.0,0.0,1.945354,0.0,0.0,0.811007,0.0,1.430086,1.736257,0.0,0.382857,0.0,0.124232,0.960247,1.250461,0.085539,0.0,0.615233,1.045565,0.0,0.0
402,0.333448,0.0,0.0,0.0,0.0,0.0,0.462468,0.0,0.0,0.615186,0.614566,0.0,0.0,0.537113,1.005597,0.099312,0.0,0.806465,1.136858,0.0,0.057767,1.515518,0.0,0.0,0.0,0.0,0.189417,0.0,0.0,1.71677,0.0,0.0,0.73113,0.0,1.293043,1.73223,0.0,0.234887,0.0,0.219585,1.0071,1.180835,0.058582,0.0,0.4531,0.922724,0.0,0.0
403,0.272691,0.0,0.0,0.0,0.025731,0.0,0.386182,0.0,0.0,0.581263,0.617433,0.0,0.0,0.504494,1.025724,0.044166,0.0,0.64383,0.987378,0.0,0.0,1.483595,0.03101,0.0,0.0,0.0,0.206014,0.0,0.0,1.560491,0.0,0.0,0.629866,0.0,1.305817,1.694483,0.0,0.11393,0.0,0.263549,1.005315,1.180747,0.0,0.0,0.378278,0.787183,0.0,0.0
404,0.324678,0.0,0.0,0.0,0.0,0.0,0.256635,0.0,0.0,0.591356,0.330921,0.0,0.0,0.3671,1.076551,0.050892,0.0,0.538915,0.924472,0.0,0.0,1.490142,0.067569,0.0,0.0,0.0,0.001508,0.0,0.0,1.486905,0.0,0.005345,0.581474,0.0,1.293981,1.552152,0.0,0.156762,0.0,0.1218,0.914492,1.063335,0.0,0.0,0.232773,0.723027,0.0,0.0
405,0.370122,0.0,0.0,0.0,0.157201,0.0,0.141903,0.115994,0.185501,0.593541,0.471558,0.0,0.0,0.482251,0.759184,0.0,0.0,0.409118,0.527027,0.0,0.251441,0.810091,0.213407,0.0,0.0,0.0,0.049335,0.084756,0.0,1.040679,0.0,0.0,0.678775,0.0,0.90011,1.058861,0.0,0.0,0.0,0.099614,0.612654,0.766257,0.312913,0.0,0.433972,0.548686,0.0,0.0
406,0.299237,0.0,0.0,0.0,0.001151,0.0,0.121028,0.057559,0.077941,0.261295,0.383862,0.0,0.0,0.191328,0.60689,0.006788,0.0,0.319277,0.560343,0.0,0.176336,0.912744,0.278769,0.0,0.0,0.0,0.0,0.089595,0.0,0.905547,0.0,0.0,0.628579,0.0,0.688057,1.017462,0.0,0.0,0.0,0.023793,0.441558,0.735837,0.050864,0.0,0.303693,0.606471,0.0,0.0
407,0.124842,0.0,0.0,0.0,0.080256,0.0,0.120145,0.157437,0.193712,0.180177,0.404892,0.0,0.0,0.178223,0.549414,0.107513,0.0,0.301823,0.366583,0.0,0.202575,0.831792,0.30506,0.0,0.0,0.0,0.140189,0.045166,0.0,0.599784,0.0,0.0,0.531949,0.0,0.486657,0.921023,0.0,0.0,0.0,0.0,0.396593,0.659634,0.042585,0.0,0.221979,0.46049,0.0,0.0
408,0.0,0.0,0.02655,0.0,0.0,0.0,0.265828,0.0,0.382768,0.425962,0.453677,0.0,0.0,0.221081,0.563216,0.149096,0.06913,0.476489,0.372895,0.0,0.089997,0.823378,0.096054,0.069482,0.0,0.0,0.0,0.0,0.0,0.383574,0.0,0.0,0.413423,0.179625,0.450405,0.647872,0.0,0.0,0.0,0.013732,0.530847,0.579752,0.223718,0.0,0.148505,0.221841,0.0,0.0
409,0.146747,0.0,0.0,0.0,0.063778,0.0,0.31198,0.019389,0.427152,0.350315,0.252772,0.0,0.0,0.188252,0.58061,0.152601,0.096624,0.383488,0.301653,0.0,0.199012,0.674158,0.258977,0.0,0.0,0.0,0.0,0.0,0.0,0.453273,0.055116,0.0,0.401132,0.143974,0.546866,0.566298,0.0,0.0,0.0,0.0,0.350835,0.586979,0.322457,0.0,0.288089,0.162784,0.0,0.0
410,0.188296,0.0,0.096834,0.0,0.010793,0.0,0.35616,0.0,0.42866,0.529217,0.211737,0.0,0.0,0.285402,0.636074,0.241659,0.293675,0.441019,0.424287,0.0,0.058958,0.847719,0.067334,0.0,0.0,0.0,0.0,0.0,0.0,0.399076,0.103345,0.0,0.16747,0.0,0.758271,0.511538,0.0,0.101889,0.0,0.080614,0.615716,0.635936,0.362927,0.0,0.261576,0.0,0.0,0.0
411,0.338067,0.0,0.148258,0.0,0.174791,0.0,0.707749,0.0,0.730898,0.498167,0.27068,0.0,0.0,0.352552,0.616546,0.163754,0.479516,0.4875,0.435055,0.0,0.339285,0.560984,0.426623,0.0,0.0,0.0,0.0,0.0,0.0,0.568818,0.052795,0.120074,0.340783,0.0,0.884121,0.91773,0.0,0.0,0.0,0.157747,0.77767,0.695147,0.343531,0.0,0.454522,0.01331,0.0,0.0
412,0.53507,0.0,0.01339,0.0,0.115859,0.0,1.003364,0.0,0.544978,0.412646,0.100799,0.0,0.0,0.433133,0.664584,0.336721,0.423258,0.707497,0.596176,0.0,0.308514,0.704431,0.410125,0.0,0.0,0.0,0.065414,0.0,0.0,0.954345,0.0,0.481274,0.313872,0.0,0.833405,1.076894,0.0,0.374833,0.0,0.106514,0.771643,0.992647,0.167021,0.0,0.65823,0.1969,0.0,0.0
413,0.454522,0.0,0.044423,0.0,0.086659,0.0,1.019451,0.0,0.535326,0.649757,0.095967,0.0,0.0,0.592341,0.774337,0.415774,0.427349,0.785074,0.620979,0.0,0.055759,0.939717,0.054032,0.0,0.0,0.0,0.101368,0.0,0.0,0.874862,0.10532,0.388212,0.11517,0.0,1.012261,0.993332,0.0,0.361013,0.0,0.075027,1.120382,1.077623,0.198761,0.0,0.513745,0.016535,0.0,0.0
414,0.491041,0.0,0.365132,0.021771,0.084825,0.0,0.935425,0.0,0.737491,0.573528,0.122506,0.0,0.0,0.442184,0.555318,0.395089,0.683633,0.767316,0.729642,0.0,0.181342,1.126909,0.0,0.0,0.0,0.0,0.106542,0.0,0.0,0.601367,0.0,0.462608,0.036574,0.0,1.061598,1.020035,0.0,0.070938,0.037093,0.02616,1.294302,0.913694,0.197219,0.0,0.425248,0.047119,0.0,0.0
415,0.635718,0.155809,0.310367,0.007142,0.040422,0.0,1.052823,0.0,0.974198,0.649361,0.0,0.0,0.0,0.33657,0.303471,0.254372,0.819246,0.827703,0.73874,0.0,0.198677,0.796638,0.180016,0.0,0.0,0.0,0.0,0.0,0.0,0.598165,0.0,0.53757,0.183879,0.0,1.090866,0.783364,0.0,0.186624,0.150084,0.000883,1.243607,0.793446,0.223387,0.0,0.523632,0.05806,0.0,0.0
416,0.657008,0.204495,0.126572,0.0,0.0,0.0,0.914005,0.0,0.930021,0.767857,0.0,0.0,0.0,0.194628,0.129933,0.045517,0.724303,0.816561,0.641703,0.0,0.386752,0.619384,0.451091,0.0,0.0,0.0,0.0,0.0,0.0,0.334374,0.138848,0.421243,0.303555,0.01836,0.992385,0.628929,0.0,0.167073,0.145825,0.044086,1.115958,0.641758,0.34158,0.0,0.48308,0.0,0.0,0.0
417,0.630587,0.124975,0.0,0.0,0.149438,0.0,0.82575,0.0,1.044619,0.525322,0.0,0.0,0.0,0.0,0.0,0.0,0.561934,0.481366,0.151047,0.0,0.482979,0.179074,1.087631,0.0,0.0,0.0,0.0,0.0,0.0,0.142351,0.391413,0.494702,0.331405,0.353942,0.831359,0.754069,0.0,0.0,0.31089,0.0,0.821521,0.391645,0.412489,0.0,0.380247,0.0,0.037413,0.0
418,0.440713,0.193985,0.0,0.0,0.062973,0.098829,0.572304,0.0,1.12681,0.493057,0.0,0.0,0.0,0.0,0.0,0.0,0.488013,0.424117,0.0,0.0,0.444782,0.129939,1.144377,0.0,0.0,0.0,0.0,0.160164,0.0,0.0,0.348655,0.34114,0.236919,0.766644,0.563599,0.427578,0.0,0.0,0.35947,0.116175,0.612852,0.24496,0.573678,0.0,0.207964,0.0,0.264635,0.0
419,0.357535,0.437906,0.0,0.07282,0.0,0.0,0.456918,0.0,1.24445,0.722812,0.0,0.0,0.0,0.0,0.0,0.0,0.579251,0.524988,0.228375,0.0,0.470034,0.355899,1.073049,0.0,0.0,0.0,0.0,0.468896,0.036495,0.0,0.172243,0.179075,0.556588,0.797233,0.381378,0.346566,0.0,0.0,0.148874,0.161304,0.579765,0.144125,0.39657,0.0,0.22559,0.0,0.402948,0.0
420,0.065766,0.408549,0.0,0.030082,0.0,0.0,0.28436,0.0,0.976409,0.578614,0.0,0.0,0.0,0.076211,0.0,0.0,0.441568,0.528527,0.190334,0.0,0.500246,0.280991,0.736104,0.0,0.0,0.0,0.0,0.540587,0.170854,0.0,0.181852,0.059874,0.431929,0.822776,0.275755,0.0,0.0,0.0,0.0,0.080703,0.402954,0.135278,0.503746,0.0,0.166574,0.0,0.236466,0.0
421,0.026218,0.257391,0.0,0.0,0.080462,0.0,0.269233,0.015028,1.013697,0.557047,0.0,0.0,0.0,0.0,0.0,0.0,0.499431,0.487427,0.188179,0.0,0.388711,0.0662,1.007175,0.0,0.0,0.0,0.0,0.455824,0.356669,0.0,0.150742,0.264769,0.512075,1.009563,0.017954,0.04932,0.0,0.0,0.0,0.200949,0.32258,0.128742,0.38416,0.0,0.165825,0.0,0.305882,0.0
422,0.0,0.198981,0.0,0.0,0.234683,0.015668,0.0,0.159137,0.862611,0.452178,0.101213,0.0,0.0,0.0,0.0,0.0,0.343326,0.557581,0.009937,0.0,0.207496,0.118181,0.977584,0.0,0.0,0.0,0.0,0.493284,0.452686,0.0,0.099224,0.165979,0.552342,0.860258,0.131257,0.060653,0.0,0.0,0.0,0.127138,0.279744,0.195664,0.346678,0.0,0.0,0.0,0.41951,0.0
423,0.0,0.000358,0.0,0.0,0.454831,0.170882,0.0,0.321219,0.730969,0.247335,0.238744,0.0,0.0,0.0,0.046296,0.0,0.213897,0.513295,0.0,0.0,0.057963,0.229081,0.973133,0.0,0.0,0.0,0.0,0.325897,0.355321,0.0,0.0,0.286673,0.585997,0.901983,0.097906,0.225613,0.0,0.0,0.0,0.072805,0.12383,0.250213,0.256633,0.0,0.0,0.0,0.584853,0.0
424,0.0,0.0,0.0,0.0,0.631467,0.047165,0.0,0.433305,0.713124,0.270555,0.448478,0.0,0.0,0.16361,0.024051,0.0,0.0,0.663293,0.011135,0.0,0.116811,0.414203,0.973143,0.0,0.0,0.0,0.0,0.415969,0.495624,0.0,0.0,0.138523,0.895192,0.928836,0.0,0.276627,0.0,0.0,0.0,0.0,0.0,0.290979,0.190266,0.0,0.0,0.333473,0.677971,0.0
425,0.0,0.0,0.0,0.0,0.795656,0.198023,0.0,0.62811,0.738192,0.353856,0.547076,0.0,0.0,0.173391,0.15842,0.0,0.0,0.79538,0.0,0.0,0.0,0.685788,1.219055,0.0,0.0,0.0,0.0,0.374804,0.706374,0.115631,0.0,0.0,1.178655,0.910686,0.0,0.667643,0.0,0.0,0.0,0.002848,0.0,0.356892,0.0,0.0,0.0,0.562261,0.623428,0.0
426,0.0,0.0,0.0,0.0,0.777326,0.207863,0.0,0.730266,0.992121,0.568629,0.627816,0.0,0.0,0.21995,0.300441,0.0,0.0,0.794653,0.0,0.0,0.0,0.558892,1.387549,0.0,0.0,0.0,0.0,0.453657,0.785844,0.262329,0.0,0.0,1.481168,1.092001,0.152944,0.539693,0.0,0.0,0.0,0.029464,0.0,0.373577,0.156195,0.0,0.0,0.657691,0.65904,0.0
427,0.0,0.0,0.0,0.0,0.777069,0.263626,0.0,0.749291,0.914262,0.745447,0.691507,0.0,0.0,0.312057,0.304619,0.0,0.0,0.708782,0.0,0.0,0.0,0.552386,1.244878,0.0,0.0,0.0,0.0,0.371145,0.680919,0.060446,0.0,0.0,1.475774,1.24214,0.0,0.561023,0.0,0.0,0.0,0.15455,0.0,0.263021,0.208504,0.0,0.0,0.532446,0.775042,0.0
428,0.0,0.0,0.0,0.0,0.613044,0.349457,0.0,0.695153,0.831319,0.563723,0.582448,0.0,0.0,0.260158,0.332029,0.0,0.0,0.732056,0.080289,0.0,0.0,0.504478,1.155383,0.0,0.0,0.0,0.0,0.554599,0.90412,0.242781,0.0,0.0,1.444927,1.343178,0.084404,0.405305,0.0,0.0,0.0,0.049743,0.0,0.450644,0.14613,0.0,0.0,0.534132,0.840755,0.0
429,0.0,0.0,0.0,0.0,0.63453,0.365536,0.0,0.70312,0.639507,0.497509,0.498032,0.0,0.0,0.167232,0.368896,0.0,0.0,0.603744,0.0,0.0,0.0,0.642497,1.077678,0.0,0.0,0.0,0.0,0.489266,0.715792,0.236531,0.0,0.0,1.300793,1.247681,0.038468,0.600775,0.0,0.0,0.0,0.089801,0.0,0.434591,0.0,0.0,0.0,0.482972,0.712046,0.0
430,0.0,0.0,0.0,0.0,0.569358,0.008567,0.0,0.380743,0.613433,0.580862,0.443623,0.0,0.0,0.237093,0.035047,0.0,0.0,0.757519,0.188067,0.0,0.05003,0.621998,0.985918,0.0,0.0,0.0,0.0,0.23276,0.500366,0.0,0.0,0.051879,1.144487,0.970843,0.0,0.383462,0.0,0.0,0.0,0.119213,0.002147,0.318074,0.037612,0.0,0.0,0.40694,0.573988,0.0
431,0.0,0.0,0.0,0.0,0.679184,0.166451,0.0,0.506628,0.632078,0.65512,0.541262,0.0,0.0,0.296504,0.201024,0.0,0.028126,0.711389,0.0,0.0,0.0,0.533844,0.941306,0.0,0.0,0.0,0.0,0.162434,0.476777,0.0,0.0,0.0,1.018308,0.931689,0.036844,0.369911,0.0,0.0,0.0,0.193452,0.08788,0.285633,0.295287,0.0,0.0,0.273519,0.538487,0.0
432,0.0,0.0,0.0,0.0,0.635234,0.159492,0.0,0.397294,0.594373,0.337871,0.492808,0.0,0.0,0.084483,0.058115,0.0,0.119073,0.582614,0.0,0.0,0.022877,0.426068,1.013136,0.0,0.0,0.0,0.0,0.048122,0.4147,0.0,0.0,0.058572,0.891245,0.816244,0.058257,0.485653,0.0,0.0,0.0,0.093867,0.0,0.313802,0.11933,0.0,0.0,0.218857,0.600266,0.0
433,0.0,0.0,0.0,0.0,0.571544,0.369583,0.0,0.470642,0.572035,0.445414,0.414432,0.0,0.0,0.115763,0.185864,0.0,0.195368,0.550593,0.0,0.0,0.0,0.364254,0.749873,0.0,0.0,0.0,0.0,0.032963,0.302472,0.0,0.0,0.0,0.724496,0.997465,0.0,0.172822,0.0,0.0,0.0,0.196656,0.0,0.199014,0.407857,0.0,0.0,0.030871,0.463104,0.0
434,0.0,0.03352,0.0,0.0,0.382832,0.153678,0.0,0.477783,0.735943,0.495232,0.345781,0.0,0.0,0.0,0.144584,0.0,0.229315,0.53199,0.062456,0.0,0.030798,0.133614,0.868393,0.0,0.0,0.0,0.0,0.128936,0.175184,0.0,0.0,0.205492,0.829904,0.952896,0.0,0.118167,0.0,0.0,0.0,0.22674,0.0,0.258135,0.424185,0.0,0.0,0.058327,0.488599,0.0
435,0.0,0.0,0.0,0.0,0.640471,0.326301,0.0,0.661176,0.766004,0.325061,0.601048,0.0,0.0,0.028661,0.190157,0.0,0.115834,0.451802,0.0,0.0,0.005972,0.25487,0.84826,0.0,0.0,0.0,0.0,0.115854,0.262532,0.0,0.0,0.011882,0.837689,0.873579,0.0,0.2477,0.0,0.0,0.0,0.141228,0.0,0.160246,0.404751,0.0,0.0,0.214966,0.628916,0.0
436,0.0,0.0,0.0,0.0,0.398987,0.294022,0.0,0.639235,0.765554,0.331612,0.472435,0.0,0.0,0.0,0.322249,0.0,0.107026,0.557498,0.004624,0.0,0.0,0.344609,0.750552,0.0,0.0,0.0,0.0,0.120955,0.17506,0.0,0.0,0.129103,0.737612,0.858312,0.0,0.083235,0.0,0.0,0.0,0.156161,0.0,0.150821,0.41737,0.0,0.0,0.187881,0.519742,0.0
437,0.0,0.0,0.0,0.0,0.464467,0.288831,0.0,0.656587,0.801638,0.402713,0.534168,0.09751,0.0,0.127327,0.263723,0.0,0.175904,0.560471,0.0,0.0,0.0,0.314584,0.569013,0.0,0.0,0.0,0.0,0.014952,0.186502,0.0,0.04288,0.0,0.764092,0.837349,0.0,0.149536,0.0,0.0,0.0,0.179026,0.0,0.215087,0.434724,0.0,0.0,0.199873,0.512421,0.0
438,0.0,0.0,0.0,0.0,0.478362,0.331395,0.0,0.632503,0.733892,0.181402,0.474746,0.090883,0.0,0.162087,0.233158,0.0,0.366771,0.438603,0.0,0.0,0.0,0.21541,0.48165,0.0,0.0,0.0,0.0,0.0,0.163776,0.0,0.0,0.0,0.614339,0.943647,0.0,0.245933,0.0,0.0,0.0,0.261695,0.0,0.273644,0.482055,0.0,0.0,0.084011,0.590438,0.0
439,0.0,0.0,0.0,0.0,0.200373,0.207636,0.0,0.384647,0.518414,0.251113,0.301898,0.01952,0.0,0.284074,0.294149,0.0,0.139234,0.581285,0.035447,0.0,0.097923,0.513301,0.033478,0.077694,0.0,0.0,0.0,0.0,0.0,0.0,0.0,0.038919,0.30326,0.621373,0.0,0.0,0.0,0.197671,0.0,0.167584,0.068882,0.321595,0.416721,0.0,0.0,0.0,0.414195,0.0
440,0.0,0.0,0.158149,0.072037,0.038385,0.201424,0.0,0.183391,0.453244,0.213426,0.129746,0.0,0.0,0.179554,0.246324,0.141733,0.217215,0.584246,0.005589,0.0,0.116587,0.524212,0.062353,0.198409,0.0,0.0,0.0,0.0,0.0,0.0,0.0,0.134427,0.10323,0.572449,0.0,0.0,0.0,0.222393,0.0,0.208756,0.096875,0.361335,0.405519,0.0,0.0,0.0,0.378999,0.0
441,0.0,0.0,0.0,0.128928,0.174578,0.251605,0.0,0.194902,0.447049,0.108537,0.12674,0.0,0.0,0.213954,0.210164,0.029605,0.385288,0.516327,0.0,0.0,0.058883,0.480094,0.099107,0.044812,0.0,0.0,0.0,0.0,0.0,0.0,0.0,0.087626,0.028841,0.778314,0.0,0.059952,0.0,0.226741,0.0,0.400157,0.030899,0.369115,0.480006,0.0,0.0,0.0,0.367815,0.0
442,0.0,0.0,0.0,0.115465,0.182477,0.305524,0.0,0.253206,0.455308,0.273988,0.174864,0.0,0.0,0.242336,0.24603,0.062215,0.390689,0.553894,0.007698,0.0,0.090623,0.512507,0.13647,0.104776,0.0,0.0,0.0,0.0,0.0,0.0,0.0,0.06586,0.138591,0.704449,0.0,0.113476,0.0,0.162915,0.0,0.477832,0.016459,0.433935,0.515738,0.0,0.0,0.0,0.433445,0.0
443,0.0,0.0,0.0,0.131666,0.274578,0.263387,0.002301,0.320921,0.467644,0.282866,0.220541,0.0,0.0,0.139705,0.251858,0.0,0.472152,0.520357,0.030419,0.0,0.193748,0.358,0.329931,0.0,0.0,0.0,0.0,0.0,0.000187,0.0,0.0,0.139427,0.296384,0.786746,0.0,0.303804,0.0,0.133591,0.0,0.465346,0.0,0.36618,0.49519,0.0,0.0,0.0,0.447967,0.0
444,0.0,0.0,0.0,0.0,0.380808,0.514395,0.0,0.67676,0.625207,0.434712,0.329617,0.064226,0.0,0.303518,0.503845,0.0,0.211062,0.537078,0.0,0.0,0.046501,0.544719,0.14547,0.030271,0.0,0.0,0.0,0.0,0.0,0.0,0.0,0.0,0.351651,0.678809,0.0,0.022113,0.0,0.102344,0.0,0.320257,0.018188,0.358648,0.774925,0.0,0.0,0.0,0.538596,0.0
445,0.0,0.0,0.0,0.0,0.519912,0.454572,0.0,0.713415,0.665344,0.310688,0.405916,0.06174,0.0,0.244023,0.43656,0.0,0.324073,0.467325,0.0,0.0,0.067639,0.385892,0.336952,0.0,0.0,0.0,0.005471,0.0,0.141677,0.0,0.037353,0.0,0.494915,0.723639,0.0,0.277725,0.0,0.0,0.0,0.320684,0.0,0.262526,0.667014,0.0,0.0,0.081548,0.551309,0.0
446,0.0,0.0,0.0,0.0,0.264524,0.236049,0.0,0.587246,0.678415,0.569972,0.388406,0.11329,0.0,0.106187,0.581579,0.0,0.059852,0.674596,0.037747,0.0,0.0,0.420732,0.23699,0.014634,0.0,0.0,0.043002,0.0,0.03059,0.0,0.146011,0.0,0.518247,0.47908,0.0,0.05616,0.0,0.0,0.0,0.097791,0.0,0.256873,0.585891,0.0,0.0,0.18328,0.293355,0.0
447,0.0,0.0,0.098971,0.0,0.143041,0.303507,0.0,0.645145,0.631886,0.187526,0.318452,0.033922,0.0,0.0,0.73152,0.006575,0.065171,0.497318,0.0,0.0,0.0,0.412549,0.471817,0.0,0.0,0.0,0.0,0.068312,0.02662,0.0,0.036452,0.066586,0.369493,0.571611,0.0,0.058522,0.0,0.0,0.0,0.054581,0.0,0.102896,0.493284,0.0,0.0,0.169198,0.427716,0.0
448,0.0,0.0,0.119785,0.0,0.077137,0.284385,0.0,0.544337,0.592177,0.202259,0.329507,0.0,0.0,0.0,0.738617,0.051444,0.0,0.477445,0.0,0.0,0.0,0.327302,0.450991,0.0,0.0,0.0,0.0,0.0,0.0,0.0,0.054346,0.127872,0.251967,0.525747,0.0,0.023031,0.0,0.0,0.0,0.0,0.0,0.14846,0.450411,0.0,0.0,0.159904,0.310093,0.0
449,0.0,0.0,0.223104,0.0,0.002153,0.267146,0.0,0.56554,0.650208,0.087019,0.306076,0.0,0.0,0.0,0.402211,0.020232,0.322389,0.127849,0.0,0.0,0.032476,0.0,0.8472,0.0,0.0,0.0,0.086628,0.079183,0.0,0.0,0.0,0.335208,0.347301,0.691929,0.0,0.403507,0.0,0.0,0.0,0.073606,0.0,0.132788,0.222646,0.0,0.0,0.260872,0.402222,0.0
