time_index,z0,z1,z2,z3,z4,z5,z6,z7,z8,z9,z10,z11,z12,z13,z14,z15,z16,z17,z18,z19,z20,z21,z22,z23,z24,z25,z26,z27,z28,z29,z30,z31,z32,z33,z34,z35,z36,z37,z38,z39,z40,z41,z42,z43,z44,z45,z46,z47,z48,z49,z50,z51,z52,z53,z54,z55,z56,z57,z58,z59,z60,z61,z62,z63
0,0.0,2.668334,0.0,1.738223,2.085906,0.286877,1.018871,1.361311,0.0,0.0,0.0362,0.541934,1.547594,2.495406,0.273623,1.6584,0.764033,2.790035,0.0,0.0,2.272498,1.174096,0.264992,0.096978,0.0,0.382512,0.0,0.906605,0.48432,0.68462,2.079339,0.203916,2.803783,0.0,0.0,0.0,0.0,0.679458,1.924936,1.496763,0.85491,1.115951,0.0,1.551952,0.324826,1.716308,0.0,0.0,1.365903,0.453845,1.836119,0.0,0.689106,0.0,0.0,0.0,0.0,0.245783,0.0,0.0,0.0,1.14475,0.797756,0.683274
1,0.0,2.433454,0.0,1.185466,1.605926,0.193779,1.658696,1.459526,0.0,0.0,0.539068,0.782095,1.390071,2.493989,0.393072,1.455724,0.429716,2.757668,0.0,0.0,1.854883,0.766951,0.0,0.0,0.0,0.540508,0.0,1.429218,0.378459,0.292263,2.361901,0.021259,2.748433,0.0,0.0,0.0,0.17209,0.826093,2.005443,1.513604,0.798528,1.042336,0.0,1.248495,0.368966,1.524071,0.0,0.0,0.914287,0.525332,1.829798,0.0,1.023232,0.0,0.0,0.080171,0.0,0.695597,0.003914,0.0,0.0,0.913809,0.663377,0.706383
2,0.0,2.972133,0.0,1.034388,1.572516,0.208615,1.022312,1.694102,0.0,0.0,0.238295,0.744894,1.079959,2.255845,0.457823,1.569521,0.299059,2.313578,0.0,0.0,2.349001,1.220439,0.294903,0.0,0.0,0.452841,0.0,0.873536,0.489878,0.504533,2.619577,0.0,2.744304,0.0,0.0,0.0,0.165437,0.68535,1.955039,1.506337,1.175978,1.129936,0.0,1.168302,0.463076,1.710878,0.0,0.0,1.355509,0.799809,1.786778,0.0,0.754581,0.0,0.0,0.156816,0.0,0.248014,0.037905,0.0,0.110073,0.683188,0.580391,0.6305
3,0.0,2.302722,0.0,1.356323,1.421577,0.118106,1.143993,1.314113,0.0,0.0,0.448085,0.568798,1.150156,2.106824,0.482365,1.429364,0.49362,2.383961,0.0,0.0,2.228132,0.772435,0.0,0.0,0.0,0.517629,0.0,1.050575,0.312202,0.157673,2.101614,0.087417,2.628028,0.0,0.0,0.0,0.433242,0.569437,1.73611,1.37797,0.877067,0.702407,0.0,1.312637,0.311739,1.257891,0.0,0.0,0.893881,0.493875,1.594932,0.0,0.750882,0.0,0.0,0.123016,0.0,0.634699,0.194354,0.0,0.0,1.029183,0.407288,0.701955
4,0.0,1.796203,0.0,1.759182,1.573894,0.130188,1.316004,0.981358,0.0,0.0,0.187239,0.098628,1.193419,1.793515,0.437308,1.596333,0.491307,2.253092,0.0,0.0,2.051929,0.58149,0.0,0.0,0.0,0.461215,0.0,0.788834,0.057114,0.272687,1.553556,0.484491,2.305167,0.0,0.0,0.003821,0.451272,0.23513,1.479212,1.039431,0.504895,0.418367,0.0,1.404606,0.029372,0.973821,0.0,0.0,0.799251,0.397735,1.343227,0.0,0.566468,0.0,0.0,0.121871,0.0,0.645686,0.59903,0.0,0.0,1.111048,0.268037,0.535832
5,0.0,1.672295,0.0,1.87151,1.60358,0.27835,1.098483,0.835042,0.0,0.0,0.014379,0.048113,1.413742,1.66547,0.42684,1.92978,0.539479,2.255072,0.0,0.0,2.021113,0.263228,0.0,0.0,0.0,0.415583,0.0,0.756867,0.265487,0.090966,1.486551,0.38496,2.443647,0.0,0.0,0.249755,0.684423,0.0,1.561991,0.924998,0.7351,0.206573,0.0,1.303629,0.009993,0.648621,0.0,0.0,0.595781,0.361331,1.879316,0.0,0.418142,0.0,0.0,0.320315,0.0,0.689408,0.349278,0.0,0.0,0.980661,0.163873,0.539186
6,0.0,1.200104,0.0,2.14777,1.58311,0.278419,1.142412,0.521515,0.0,0.0,0.0,0.0,1.335276,1.47044,0.42812,1.954613,0.57146,1.96295,0.0,0.0,1.774713,0.174663,0.080024,0.0,0.0,0.126996,0.0,0.331147,0.196318,0.317815,0.897466,0.770316,2.00936,0.0,0.0,0.38255,0.511565,0.0,1.135377,0.449944,0.634308,0.045282,0.0,0.99603,0.0,0.59437,0.0,0.0,0.617048,0.021755,1.605171,0.0,0.26047,0.0,0.0,0.349649,0.0,0.386891,0.576648,0.0,0.0,0.876693,0.197785,0.312932
7,0.0,1.437041,0.0,2.288908,1.745999,0.233132,0.44393,0.395238,0.0,0.0,0.0,0.0,1.070719,0.91879,0.445009,2.049606,0.502363,1.477716,0.0,0.0,2.33182,0.560825,0.642599,0.0,0.0,0.139247,0.0,0.028518,0.239943,0.223868,0.894198,0.867229,1.837112,0.0,0.0,0.505665,0.981322,0.0,0.953992,0.66798,0.873581,0.0,0.0,1.214119,0.0,0.592246,0.0,0.0,0.926427,0.044508,1.567078,0.0,0.0,0.0,0.0,0.508628,0.0,0.451674,0.73114,0.0,0.0,0.878309,0.0,0.0
8,0.0,0.768918,0.0,2.130589,1.855685,0.0,1.032533,0.024651,0.0,0.0,0.0,0.0,0.59244,0.349294,0.468519,1.674185,0.543875,1.016934,0.0,0.0,1.920311,0.312436,0.386219,0.424235,0.084258,0.0,0.0,0.0,0.0,0.06221,0.410314,1.248128,1.392072,0.0,0.0,0.304993,0.927508,0.0,0.746328,0.017748,0.193598,0.0,0.088001,1.120534,0.0,0.368377,0.0,0.0,0.600215,0.0,1.03615,0.0,0.0,0.0,0.0,0.762685,0.0,0.702921,1.377397,0.378547,0.0,0.825108,0.0,0.0
9,0.0,1.140944,0.0,2.283267,2.502969,0.084295,0.183581,0.005448,0.0,0.071316,0.0,0.0,0.399808,0.0,0.527338,1.914749,0.683347,1.140256,0.0,0.0,2.420998,1.036888,0.706751,0.0,0.273088,0.076776,0.0,0.0,0.0,0.0,0.451017,1.665487,1.322243,0.0,0.0,0.408337,1.531151,0.013243,1.088823,0.311448,0.403453,0.0,0.180197,1.801218,0.0,0.538092,0.0,0.0,0.817049,0.07231,1.104987,0.0,0.0,0.425789,0.0,0.773633,0.0,1.037124,1.33445,0.291924,0.0,1.079686,0.0,0.0
10,0.0,0.732226,0.0,1.927428,2.267777,0.0,0.079805,0.082771,0.0,0.0,0.0,0.0,0.222141,0.0,0.547173,1.598387,0.403564,0.685921,0.0,0.0,2.146066,1.143215,0.772844,0.127147,0.281751,0.0,0.0,0.078614,0.0,0.003844,0.141107,1.730747,1.007486,0.0,0.0,0.115124,1.43187,0.108963,0.836793,0.157425,0.434125,0.0,0.41116,1.440273,0.0,0.483339,0.0,0.0,0.816661,0.0,0.635878,0.0,0.0,0.406185,0.0,0.824479,0.0,0.990546,1.520588,0.683034,0.0,1.068751,0.0,0.0
11,0.0,0.55156,0.0,1.57506,1.973174,0.0,0.240243,0.109704,0.0,0.0,0.108666,0.0,0.365596,0.0,0.352902,1.409065,0.175778,0.275509,0.0,0.0,1.693032,0.964398,0.800284,0.311387,0.453476,0.0,0.0,0.228542,0.0,0.221428,0.174263,1.321683,0.753627,0.0,0.0,0.03297,1.384771,0.0,0.634402,0.104775,0.274471,0.0,0.277086,0.878063,0.0,0.388406,0.0,0.0,0.744846,0.0,0.65445,0.0,0.0,0.451474,0.0,0.894724,0.0,0.715607,1.265716,0.529682,0.0,0.733754,0.0,0.0
12,0.0,0.446586,0.0,1.548976,1.560215,0.0,0.0,0.318714,0.093455,0.0,0.440571,0.0,0.469287,0.0,0.255891,1.115006,0.100461,0.0,0.0,0.0,1.586579,1.15819,1.021289,0.170106,0.486977,0.0,0.0,0.27966,0.109641,0.539344,0.0,1.20417,0.714522,0.430915,0.0,0.0,1.35383,0.0,0.274998,0.376001,0.60988,0.0,0.501304,0.484041,0.0,0.268007,0.0,0.0,1.034324,0.0,0.354199,0.0,0.0,0.332355,0.0,0.741713,0.0,0.314389,1.020285,0.879964,0.375358,0.911232,0.0,0.0
13,0.0,0.274118,0.0,1.406891,1.765018,0.0,0.11919,0.112397,0.007155,0.0,0.130129,0.0,0.57773,0.0,0.217848,1.401695,0.12488,0.367683,0.0,0.0,1.110505,1.009732,0.753161,0.310933,0.425657,0.0,0.0,0.496021,0.0,0.406401,0.0,1.530792,0.469181,0.120994,0.0,0.0,1.257089,0.0,0.566558,0.083192,0.063778,0.0,0.106492,0.710977,0.0,0.40893,0.0,0.0,0.613253,0.0,0.46363,0.008184,0.0,0.417097,0.0,0.763481,0.0,0.667245,0.926612,0.771224,0.0,0.841306,0.0,0.0
14,0.0,0.331388,0.0,1.105093,1.547974,0.0,0.0,0.041943,0.266256,0.093349,0.501523,0.0,0.344815,0.0,0.303381,1.100151,0.402437,0.041259,0.0,0.0,1.123996,0.969972,0.543638,0.621985,0.347937,0.0,0.0,0.331044,0.0,0.155548,0.0,1.467044,0.452403,0.009209,0.0,0.0,1.213855,0.22883,0.546867,0.003542,0.0,0.0,0.105633,0.881151,0.0,0.262657,0.0,0.0,0.576696,0.0,0.600426,0.123279,0.0,0.935337,0.0,1.137017,0.0,0.942229,1.214792,0.961168,0.243688,0.611662,0.0,0.0
15,0.0,0.807971,0.0,1.761649,1.940783,0.0,0.0,0.119405,0.591421,0.59388,0.632629,0.0,0.014498,0.0,0.243949,1.102326,0.822922,0.0,0.0,0.0,2.197748,1.709842,1.27144,1.167286,0.838691,0.080004,0.0,0.0,0.0,0.561938,0.0,1.754787,0.164222,0.149992,0.0,0.0,1.424741,0.453921,0.493537,0.607115,0.401784,0.0,0.572277,1.15921,0.0,0.598416,0.0,0.0,1.155952,0.0,0.170807,0.081222,0.0,1.390288,0.0,0.93891,0.0,0.59248,1.534273,1.237825,0.517965,0.761574,0.0,0.0
16,0.0,1.414219,0.0,2.220286,2.150116,0.0,0.0,0.237688,0.666912,1.061997,0.421188,0.0,0.0,0.0,0.094868,1.259947,1.187939,0.0,0.0,0.0,2.864736,2.227151,1.742313,1.125518,0.953423,0.128938,0.0,0.0,0.0,0.913144,0.000633,1.846151,0.202871,0.111986,0.029201,0.0,1.417697,0.577125,0.443159,1.050116,0.746769,0.0,0.775358,1.414125,0.061545,1.034278,0.0,0.0,1.598535,0.110042,0.003853,0.0,0.0,1.645724,0.0,0.701936,0.0,0.316613,1.279836,1.183531,0.439668,0.896637,0.0,0.0
17,0.0,1.319226,0.0,2.043697,1.915874,0.0,0.0,0.450061,0.540198,0.779321,0.463865,0.0,0.339191,0.150019,0.0,1.479784,0.748228,0.0,0.0,0.0,2.515761,2.209815,1.920125,0.792875,0.789468,0.0,0.0,0.0,0.180809,0.970029,0.08981,1.671567,0.476147,0.493065,0.0,0.0,1.428428,0.209005,0.597726,1.317211,1.087631,0.0,0.591221,0.98056,0.183921,1.112841,0.0,0.0,1.684572,0.215545,0.0,0.0,0.0,0.870844,0.0,0.502668,0.0,0.0,0.822465,1.111874,0.2692,1.056992,0.0,0.0
18,0.0,1.227003,0.0,1.360222,1.57884,0.0,0.0,0.872928,0.288165,0.15793,0.593542,0.0,0.459516,0.38069,0.008896,1.34412,0.272367,0.0,0.0,0.0,1.715727,1.656948,1.294964,0.383522,0.339867,0.016166,0.0,0.540246,0.0,0.653835,0.323484,1.091573,0.781516,0.632716,0.0,0.0,1.525535,0.183524,0.789561,1.025575,0.815792,0.0,0.272425,0.783177,0.442338,0.82784,0.0,0.0,1.381537,0.356525,0.317747,0.0,0.0,0.523046,0.0,0.643542,0.0,0.210178,0.649951,0.919469,0.290985,0.904643,0.0,0.0
19,0.0,0.732622,0.0,1.020981,1.267343,0.0,0.144352,0.746154,0.081517,0.0,0.46777,0.0,0.63091,0.57419,0.0,1.120767,0.0,0.21511,0.0,0.0,0.995574,1.06997,0.685504,0.381802,0.0,0.0,0.0,0.922529,0.0,0.602002,0.257266,0.841682,0.892407,0.561648,0.0,0.0,1.212785,0.080918,0.658904,0.684284,0.225102,0.0,0.094856,0.565175,0.342292,0.688006,0.0,0.0,0.927275,0.223534,0.265104,0.0,0.0,0.0,0.0,0.662602,0.0,0.227746,0.532464,0.872149,0.142602,0.890999,0.0,0.0
20,0.0,0.805656,0.0,0.896298,1.112697,0.0,0.441398,1.072139,0.0,0.0,0.665068,0.0,0.330101,0.432239,0.021019,0.814092,0.0,0.375365,0.0,0.0,0.844363,1.377668,0.483688,0.010892,0.0,0.008119,0.0,1.162373,0.016524,0.786807,0.695707,0.788645,1.133737,0.797241,0.0,0.0,1.354493,0.248967,0.795636,0.977044,0.371198,0.0,0.251714,0.501622,0.415952,0.758716,0.0,0.0,1.063749,0.557208,0.0,0.0,0.0,0.0,0.0,0.665263,0.0,0.227015,0.636261,0.904435,0.352841,1.11579,0.0,0.0
21,0.0,0.84515,0.0,1.00929,0.936595,0.0,0.382896,0.976482,0.0,0.0,0.44244,0.0,0.39525,0.463207,0.0,0.788717,0.0,0.257829,0.0,0.0,1.023755,1.034261,0.667697,0.595866,0.0,0.0,0.0,0.742991,0.237262,0.909172,0.645948,0.476608,1.097062,0.728457,0.0,0.0,0.972473,0.0,0.495655,0.777064,0.37346,0.0,0.184907,0.343449,0.54019,0.804143,0.0,0.0,1.066333,0.249137,0.304253,0.0,0.0,0.0,0.0,0.768037,0.0,0.0,0.559692,0.543329,0.533973,0.683716,0.0,0.0
22,0.0,0.758281,0.0,1.17113,0.830305,0.091401,0.175487,0.720355,0.0,0.0,0.0,0.0,0.779987,0.837318,0.0,0.953782,0.02404,0.612613,0.0,0.0,1.178372,0.47877,0.48505,0.415673,0.0,0.0,0.0,0.497841,0.359418,0.703161,0.316676,0.440531,1.242527,0.592823,0.0,0.0,0.488213,0.0,0.48463,0.396559,0.401338,0.0,0.0,0.469453,0.499045,0.646653,0.0,0.0,0.684486,0.006692,0.966662,0.0,0.0,0.02843,0.0,0.817615,0.0,0.0,0.032714,0.101793,0.297553,0.455637,0.0,0.0
23,0.0,0.918622,0.0,0.912818,0.849805,0.083337,0.590789,0.957265,0.0,0.0,0.165841,0.0,0.280682,0.39222,0.054015,0.725724,0.025844,0.372577,0.0,0.0,1.040539,0.587328,0.321074,0.938721,0.0,0.0,0.0,0.533107,0.252662,0.727725,0.875123,0.539507,1.020023,0.700164,0.0,0.0,0.527995,0.0,0.555218,0.34198,0.192035,0.07891,0.0,0.350636,0.549454,0.791833,0.0,0.0,0.662532,0.14277,0.795466,0.0,0.0,0.51582,0.0,1.186859,0.0,0.301889,0.397,0.016159,0.666552,0.244917,0.0,0.0
24,0.0,1.289451,0.0,1.342182,1.395002,0.249919,0.119715,0.855206,0.0,0.0,0.0,0.0,0.289684,0.291768,0.128062,1.055126,0.221315,0.638317,0.0,0.058305,1.756927,0.785345,0.433512,0.490754,0.0,0.026146,0.0,0.37076,0.121129,0.590557,1.085357,0.822632,0.969667,0.624953,0.0,0.0,0.877141,0.0,0.79506,0.607352,0.260774,0.0,0.0,0.986865,0.621203,0.76864,0.0,0.0,0.580952,0.467374,1.108001,0.0,0.0,0.839479,0.0,1.245505,0.0,0.682776,0.2637,0.0,0.0,0.59004,0.0,0.0
25,0.0,0.801174,0.0,0.878416,0.855773,0.21892,0.420769,0.966814,0.0,0.0,0.157496,0.0,0.331542,0.310902,0.103411,0.866119,0.194217,0.355692,0.0,0.174313,1.445071,0.347998,0.052876,0.155238,0.0,0.0,0.0,0.424338,0.274557,0.340276,1.095358,0.324428,1.222243,0.72067,0.0,0.0,0.895846,0.0,0.68323,0.327202,0.308141,0.0,0.0,0.727413,0.461836,0.225741,0.0,0.0,0.282056,0.387972,1.355459,0.0,0.0,0.688574,0.0,1.555904,0.0,0.955464,0.173428,0.0,0.172893,0.315604,0.0,0.0
26,0.0,0.17524,0.0,0.433171,0.661285,0.146536,1.024012,0.633367,0.0,0.0,0.647899,0.0,0.439132,0.0,0.285984,0.559995,0.304677,0.0,0.0,0.37129,1.084871,0.0,0.0,0.464965,0.0,0.0,0.0,0.635191,0.41443,0.09355,1.238639,0.0,1.180342,0.708704,0.0,0.0,1.101397,0.0,0.454999,0.028072,0.084534,0.0,0.0,0.59454,0.168085,0.086348,0.0,0.0,0.0,0.177829,1.378142,0.0,0.0,0.722237,0.0,1.899752,0.0,1.508131,0.470886,0.0,0.565992,0.135402,0.0,0.0
27,0.0,0.349839,0.0,1.249934,1.001156,0.066169,0.145261,0.450779,0.0,0.0,0.178394,0.0,0.405467,0.224624,0.054412,0.627449,0.322934,0.263036,0.0,0.158455,1.624414,0.481166,0.217547,0.60158,0.0,0.019806,0.0,0.0123,0.257182,0.491941,0.341995,0.973248,0.638788,0.785274,0.0,0.0,0.800181,0.0,0.263273,0.112602,0.162895,0.0,0.0,0.805345,0.273103,0.211189,0.0,0.0,0.242944,0.361231,0.87753,0.057106,0.0,0.767758,0.0,1.595919,0.0,0.936483,0.504087,0.0,0.32054,0.562286,0.0,0.0
28,0.0,0.0,0.0,0.516328,0.836319,0.03935,0.858141,0.372007,0.0,0.0,0.88982,0.0,0.4931,0.0,0.38013,0.303532,0.223379,0.0,0.0,0.295047,1.009483,0.133671,0.0,0.853429,0.0,0.0,0.0,0.390992,0.230758,0.354014,1.017738,0.574543,0.619442,0.791587,0.0,0.002495,0.955407,0.0,0.011365,0.014365,0.172375,0.0,0.221943,0.455758,0.0,0.199608,0.0,0.0,0.114255,0.292168,0.923853,0.256481,0.0,0.922178,0.0,1.974962,0.0,1.288212,0.806191,0.19188,1.024192,0.260348,0.0,0.0
29,0.0,0.404002,0.0,1.241817,0.959863,0.103397,0.0,0.465882,0.0,0.0,0.242834,0.0,0.395778,0.095521,0.064993,0.513752,0.409428,0.084111,0.0,0.036476,1.743912,0.595696,0.185468,0.541948,0.144125,0.090262,0.0,0.0,0.287548,0.672807,0.47951,0.968377,0.53258,0.944803,0.0,0.166014,0.789841,0.0,0.20001,0.270739,0.325648,0.0,0.0,0.712118,0.183842,0.121815,0.0,0.0,0.368878,0.507507,1.00684,0.325812,0.0,1.114542,0.0,1.734901,0.0,0.79011,0.335253,0.0,0.58609,0.406575,0.0,0.0
30,0.0,0.791087,0.0,1.590437,1.393351,0.02699,0.0,0.453721,0.038836,0.155156,0.310401,0.0,0.0,0.0,0.097293,0.333206,0.654439,0.0,0.0,0.0,2.204062,0.966919,0.301148,0.66935,0.192422,0.185961,0.0,0.0,0.086132,0.7438,0.695944,1.347803,0.241512,1.04487,0.0,0.200898,0.894752,0.052604,0.233796,0.581675,0.634884,0.0,0.168795,1.00482,0.214207,0.394875,0.0,0.0,0.620068,0.6354,0.757135,0.255337,0.0,1.705784,0.0,1.737865,0.0,0.74123,0.750751,0.0,0.858502,0.539666,0.0,0.0
31,0.0,0.446707,0.0,1.019259,1.045975,0.0,0.173656,0.369527,0.0,0.0,0.321196,0.0,0.039715,0.0,0.241876,0.316817,0.603233,0.0,0.0,0.141679,1.627771,0.385563,0.0,1.095183,0.159741,0.0,0.0,0.0,0.219001,0.493701,0.982682,1.128137,0.11916,1.01994,0.0,0.221023,0.67419,0.0,0.16539,0.014065,0.083878,0.0,0.170846,0.65899,0.194461,0.212394,0.0,0.0,0.189398,0.538645,0.988039,0.274827,0.0,1.596965,0.0,2.121233,0.0,1.0315,0.855285,0.0,1.060392,0.156627,0.0,0.0
32,0.0,0.179409,0.093102,0.473401,0.604241,0.177703,0.660449,0.425999,0.0,0.0,0.411494,0.0,0.514024,0.0,0.27781,0.726406,0.553491,0.026115,0.0,0.750954,0.937058,0.0,0.0,0.495284,0.0,0.0,0.0,0.247747,0.288978,0.12857,1.109205,0.473525,0.795755,0.809055,0.0,0.148949,0.829847,0.0,0.372538,0.011051,0.275912,0.0,0.02033,0.738897,0.08286,0.0,0.0,0.0,0.0,0.215,1.477617,0.22185,0.0,1.366003,0.0,2.108106,0.0,1.576218,0.381223,0.0,0.695316,0.0,0.0,0.0
33,0.0,0.347646,0.147978,0.741738,0.748761,0.041046,0.771258,0.291127,0.0,0.0,0.116603,0.0,0.273711,0.0,0.122611,0.788561,0.397578,0.02025,0.0,0.696944,1.268135,0.010593,0.0,0.621271,0.0,0.0,0.0,0.192663,0.199949,0.0,1.289132,0.505875,0.455483,0.838179,0.0,0.055666,0.993928,0.0,0.571417,0.0,0.0,0.0,0.0,0.93417,0.274516,0.0,0.0,0.0,0.0,0.385143,1.262696,0.042983,0.0,1.117593,0.0,2.033139,0.0,1.562375,0.661333,0.0,0.0,0.263544,0.0,0.0
34,0.0,0.475927,0.143071,0.56914,0.741145,0.012709,0.881959,0.570607,0.0,0.0,0.0,0.06201,0.332962,0.169386,0.128658,0.825705,0.100899,0.357901,0.0,0.7243,0.901031,0.151822,0.0,0.598976,0.0,0.0,0.0,0.289826,0.048,0.0,1.302446,0.609438,0.434668,0.852918,0.0,0.0,0.692617,0.0,0.574482,0.0,0.0,0.0,0.004278,0.714961,0.501154,0.065333,0.0,0.0,0.0,0.386199,0.925734,0.099259,0.0,0.98975,0.0,1.814383,0.0,1.198222,0.431448,0.0,0.055613,0.2273,0.0,0.0
35,0.0,0.361795,0.021599,0.682291,0.515877,0.0,1.097178,0.637109,0.0,0.0,0.0,0.214366,0.491343,0.622693,0.105602,0.715006,0.0,0.635631,0.0,0.594744,0.572299,0.069834,0.0,0.879659,0.0,0.0,0.0,0.288938,0.13419,0.172403,0.890354,0.674403,0.525309,1.05635,0.0,0.0,0.23099,0.034058,0.393972,0.0,0.03349,0.0,0.091154,0.322464,0.58864,0.155887,0.0,0.0,0.0,0.132535,0.691355,0.072938,0.0,0.55169,0.0,1.382282,0.0,0.646794,0.21612,0.066011,0.196796,0.147734,0.020677,0.0
36,0.0,0.220525,0.0,0.257437,0.144715,0.0,1.689895,0.758868,0.0,0.079711,0.321278,0.669326,0.543229,0.42895,0.065722,0.28434,0.0,0.511087,0.0,0.565578,0.0,0.0,0.0,0.981928,0.0,0.0,0.0,0.617876,0.535703,0.535017,1.428257,0.287562,0.780915,1.298176,0.0,0.0,0.140945,0.160139,0.0,0.0,0.342074,0.0,0.442525,0.0,0.380815,0.262125,0.0,0.0,0.0,0.003994,0.436045,0.062431,0.0,0.400627,0.0,1.041229,0.0,0.419309,0.076813,0.648875,1.079382,0.0,0.464858,0.0
37,0.0,0.002132,0.0,0.387151,0.244954,0.0,2.108656,0.428883,0.0,0.0,0.437264,0.595511,0.146962,0.0,0.141597,0.098535,0.0,0.397655,0.0,0.784343,0.0,0.0,0.0,0.917859,0.0,0.0,0.0,1.013227,0.400153,0.258351,1.52775,0.241556,0.551268,1.048944,0.0,0.0,0.490184,0.253611,0.121708,0.0,0.0,0.0,0.493226,0.059678,0.185903,0.271899,0.0,0.0,0.0,0.081519,0.115081,0.06147,0.0,0.295993,0.0,0.983353,0.0,0.974417,0.744065,0.910987,0.779964,0.185609,0.0,0.0
38,0.0,0.0,0.0,0.433323,0.254276,0.0,2.019012,0.345448,0.0,0.0,0.149991,0.319961,0.304536,0.45582,0.226045,0.392158,0.0,1.001241,0.0,0.961658,0.0,0.056822,0.0,0.576022,0.0,0.031066,0.0,1.328465,0.229546,0.057651,0.943922,0.322457,0.807534,0.749135,0.0,0.0,0.388333,0.352058,0.538817,0.080654,0.089223,0.0,0.293039,0.337809,0.287418,0.281034,0.0,0.0,0.0,0.010527,0.142767,0.146406,0.0,0.0,0.0,0.439829,0.0,1.130875,0.320341,0.950709,0.029538,0.417977,0.099261,0.0
39,0.0,0.253637,0.0,0.547117,0.450575,0.0,1.510602,0.540821,0.0,0.0,0.138091,0.459494,0.25956,0.793712,0.164777,0.406148,0.0,1.355726,0.0,0.757685,0.063287,0.497317,0.0,0.083333,0.0,0.189758,0.0,1.275772,0.179937,0.260228,0.834674,0.448318,0.777967,0.798703,0.0,0.0,0.383693,0.56983,0.959324,0.360813,0.447205,0.0,0.294869,0.236177,0.356694,0.319837,0.0,0.0,0.0,0.187039,0.189153,0.0,0.0,0.0,0.0,0.141713,0.0,0.845601,0.181285,0.916608,0.041034,0.658054,0.282809,0.0
40,0.0,0.447015,0.0,0.518746,0.36798,0.0,1.421111,0.862692,0.0,0.0,0.284563,0.763639,0.376167,1.026113,0.0,0.275617,0.0,1.38443,0.0,0.656928,0.048257,0.740479,0.0,0.0,0.0,0.24548,0.0,1.337228,0.454126,0.624381,0.943815,0.367745,0.918587,1.087058,0.0,0.0,0.420804,0.493416,0.915681,0.695607,0.663807,0.0,0.308463,0.0,0.409152,0.239525,0.0,0.0,0.394751,0.364459,0.14995,0.0,0.0,0.0,0.0,0.0,0.0,0.274418,0.089447,0.946355,0.387379,0.854055,0.323304,0.0
41,0.0,0.291023,0.0,0.404248,0.476857,0.0,1.245661,0.598369,0.0,0.0,0.066128,0.35484,0.022315,1.06591,0.225537,0.274919,0.0,1.403146,0.0,0.738943,0.355194,0.526798,0.0,0.225946,0.0,0.441393,0.0,1.192724,0.0,0.069894,0.690983,0.329689,0.785784,0.387274,0.0,0.0,0.107607,0.817385,1.234741,0.303949,0.568515,0.0,0.254619,0.27394,0.353063,0.30483,0.0,0.0,0.0,0.0,0.709629,0.0,0.0,0.280294,0.0,0.0,0.0,1.045522,0.209705,0.789886,0.0,0.556268,0.271875,0.0
42,0.0,0.505841,0.0,0.278924,0.610956,0.0,1.24494,0.659142,0.0,0.0,0.109917,0.496805,0.0,0.984831,0.24553,0.218869,0.0,1.392744,0.0,0.880674,0.112936,0.836361,0.078435,0.753494,0.0,0.534698,0.0,1.134799,0.0,0.191767,1.012134,0.701508,0.551397,0.481899,0.0,0.0,0.0,1.005484,1.290072,0.35115,0.528032,0.0,0.16295,0.070354,0.299666,0.732721,0.0,0.0,0.021552,0.260501,0.411186,0.0,0.0,0.544308,0.0,0.0,0.0,0.949965,0.422459,0.987122,0.127406,0.462157,0.250363,0.0
43,0.0,0.389773,0.0,0.0,0.087318,0.0,1.462469,0.850423,0.124151,0.0,0.691578,0.846424,0.0,0.859562,0.281738,0.0,0.0,1.036568,0.0,1.017459,0.0,0.768841,0.0,0.418475,0.0,0.524956,0.0,1.274584,0.0,0.140665,1.428327,0.360843,0.45669,0.568606,0.0,0.0,0.07985,1.305075,1.18648,0.516344,0.704231,0.0,0.229795,0.0,0.297847,0.810989,0.0,0.0,0.0,0.182097,0.368017,0.055739,0.0,0.515565,0.0,0.287039,0.0,1.233545,0.084975,0.917923,0.60327,0.383055,0.254879,0.0
44,0.0,0.604622,0.0,0.026103,0.188775,0.0,1.095893,0.688311,0.388205,0.0,0.520161,0.904969,0.0,0.678413,0.137671,0.0,0.0,0.765654,0.0,1.025534,0.0,0.939197,0.07208,1.039989,0.0,0.594079,0.0,0.990507,0.0,0.276775,1.283479,0.881267,0.013915,0.711415,0.0,0.0,0.037971,1.393919,1.218908,0.546561,0.563234,0.0,0.103948,0.0,0.114276,0.883296,0.0,0.0,0.108138,0.314326,0.086707,0.226591,0.0,0.838894,0.0,0.376418,0.0,0.94476,0.505593,1.139402,0.674489,0.486773,0.140325,0.0
45,0.0,1.049161,0.0,0.272401,0.419612,0.0,0.562418,0.959924,0.58499,0.026723,0.522734,1.083446,0.0,0.698132,0.0,0.0,0.0,0.735911,0.0,0.769228,0.166837,1.560897,0.451563,1.024216,0.0,0.674671,0.0,0.510712,0.0,0.627571,1.256964,1.075838,0.0,1.023129,0.0,0.0,0.182498,1.600532,1.529573,0.848673,0.753617,0.0,0.133372,0.0,0.15612,0.920486,0.0,0.0,0.767274,0.663533,0.0,0.298102,0.0,1.130798,0.0,0.156011,0.0,0.35043,0.645142,1.270969,1.027622,0.688925,0.298864,0.0
46,0.0,0.86034,0.0,0.336771,0.354408,0.0,0.579242,0.94391,0.736783,0.165164,0.537461,1.135643,0.0,0.759538,0.0,0.0,0.0,0.55327,0.0,0.795255,0.0,1.501697,0.475826,1.466859,0.0,0.59985,0.0,0.506137,0.0,0.743547,1.18166,1.216586,0.0,1.105004,0.0,0.0,0.011359,1.52729,1.149023,0.670098,0.68022,0.0,0.136986,0.0,0.153319,0.87718,0.0,0.0,0.573066,0.62763,0.0,0.487474,0.0,0.943186,0.0,0.143179,0.0,0.0,0.485929,1.47174,1.221885,0.573578,0.465475,0.0
47,0.0,0.683206,0.0,0.381158,0.571452,0.0,0.444775,0.335432,0.721411,0.095584,0.401669,0.814931,0.0,0.423203,0.129842,0.0,0.193929,0.213463,0.0,0.852367,0.0,0.925007,0.332678,1.836521,0.0,0.615775,0.0,0.417205,0.0,0.151509,0.949106,1.471143,0.0,0.611565,0.0,0.0,0.0,1.86612,1.170661,0.280967,0.303157,0.0,0.056689,0.0,0.042746,0.6809,0.0,0.0,0.167363,0.385959,0.0,0.510326,0.0,1.211216,0.0,0.397734,0.0,0.408758,1.030713,1.535911,0.898704,0.504223,0.247431,0.0
48,0.0,0.279961,0.0,0.200673,0.560839,0.0,0.315054,0.136186,0.522168,0.073897,0.326088,0.329245,0.0,0.408292,0.174369,0.0,0.398513,0.337286,0.0,0.787476,0.0,0.772551,0.183306,1.010682,0.0,0.511968,0.0,0.558398,0.0,0.012396,0.240341,1.249121,0.0,0.408073,0.0,0.0,0.159589,1.790885,1.142898,0.165833,0.447922,0.0,0.048146,0.154961,0.052504,0.50486,0.0,0.0,0.110317,0.147804,0.0,0.441902,0.0,1.147774,0.0,0.350993,0.0,0.784256,0.583694,1.460054,0.542434,0.670474,0.362719,0.0
49,0.0,0.66493,0.0,0.0,0.517863,0.0,0.0,0.615657,0.701304,0.138704,0.656158,0.378869,0.093011,0.58677,0.0,0.0,0.279055,0.230267,0.0,0.39918,0.0,1.253952,0.305437,0.740885,0.0,0.564764,0.0,0.497648,0.0,0.501267,0.297218,0.952135,0.0,0.697929,0.0,0.0,0.331059,1.602897,0.999376,0.421808,0.731748,0.0,0.162315,0.0,0.207174,0.579934,0.0,0.0,0.583267,0.388117,0.0,0.31124,0.0,1.043447,0.0,0.300528,0.0,0.297349,0.418701,1.372238,1.000897,0.60661,0.504772,0.0
50,0.0,1.115852,0.0,0.388898,0.885263,0.0,0.0,0.521966,0.629595,0.036368,0.66447,0.089208,0.0,0.283164,0.0,0.0,0.482942,0.044844,0.0,0.089959,0.586905,1.668607,0.670109,1.019165,0.0,0.590226,0.0,0.387279,0.0,0.529916,0.31632,1.339006,0.0,0.489808,0.0,0.0,0.674383,1.597525,1.140913,0.751469,0.628419,0.0,0.212292,0.209771,0.22319,0.846791,0.0,0.0,0.932335,0.428422,0.0,0.146895,0.0,1.16556,0.0,0.129873,0.0,0.351968,1.123005,1.391649,0.956597,0.648787,0.259266,0.0
51,0.0,1.141863,0.0,0.593598,1.373596,0.0,0.0,0.447154,0.291624,0.0,0.27648,0.0,0.0,0.414686,0.08794,0.4618,0.362446,0.203363,0.0,0.0,0.960787,1.662685,0.815974,0.51298,0.197539,0.636381,0.0,0.725789,0.0,0.356146,0.231325,1.39985,0.0,0.327009,0.0,0.0,1.155246,1.396239,1.168323,0.810983,0.555794,0.0,0.178741,0.736011,0.141118,0.880524,0.0,0.0,0.985533,0.675582,0.0,0.0,0.0,0.82707,0.0,0.0,0.0,0.697937,1.090186,1.25924,0.085823,0.893337,0.0,0.0
52,0.0,1.410196,0.0,0.399702,1.28811,0.0,0.0,0.928666,0.477335,0.0,0.651239,0.0,0.226592,0.872608,0.0,0.406629,0.272843,0.29368,0.0,0.0,1.085709,2.059097,0.981237,0.0,0.020493,0.64419,0.0,0.81674,0.0,0.54648,0.309798,1.119928,0.410692,0.648036,0.0,0.0,1.353782,1.302515,1.10356,1.26914,1.08134,0.0,0.311602,0.388358,0.312447,0.854871,0.0,0.0,1.410488,0.919465,0.0,0.0,0.008084,0.276277,0.0,0.0,0.0,0.229324,0.801354,1.179,0.424555,1.097441,0.05377,0.0
53,0.0,1.637815,0.0,0.767129,1.352428,0.0,0.0,0.839659,0.544459,0.108918,0.773702,0.0,0.0,0.898062,0.01745,0.28038,0.617735,0.288119,0.0,0.0,1.588794,2.255454,1.320045,0.0,0.066517,0.757063,0.0,0.644629,0.0,0.464008,0.265218,1.338041,0.446315,0.43392,0.0,0.0,1.484643,1.393034,1.082217,1.623304,1.479881,0.0,0.526177,0.749952,0.270867,0.938141,0.0,0.0,1.72972,0.866761,0.0,0.0,0.0,0.35987,0.0,0.0,0.0,0.377305,0.83927,1.269354,0.444068,1.275899,0.098039,0.0
54,0.0,0.914315,0.0,0.784266,0.742625,0.0,0.0,0.352874,0.462163,0.083021,0.79598,0.0,0.0,1.000531,0.143126,0.0,0.894321,0.744128,0.0,0.0,1.035108,1.421157,0.766213,0.0,0.0,0.748569,0.0,0.925429,0.0,0.206481,0.0,1.538391,0.20249,0.0,0.0,0.0,0.986718,1.615112,0.853707,1.142484,1.050342,0.0,0.462305,0.900837,0.0,0.571895,0.0,0.0,1.246639,0.339472,0.0,0.0,0.0,0.391522,0.0,0.0,0.0,0.895364,0.892207,1.415804,0.369703,1.144957,0.454105,0.0
55,0.0,0.94131,0.19407,0.346743,0.306797,0.0,0.297017,0.211304,0.401111,0.168652,0.772746,0.0,0.0,1.141968,0.0,0.0,0.762406,0.734005,0.0,0.0,0.655553,1.115167,0.591535,0.544183,0.0,0.791518,0.0,0.707241,0.0,0.319223,0.0,1.154242,0.008089,0.0,0.0,0.0,0.051825,1.70892,0.551533,0.868981,0.691133,0.0,0.185418,0.609762,0.0,0.512539,0.0,0.0,1.068437,0.145971,0.155607,0.0,0.0,0.830677,0.0,0.0,0.0,0.752379,0.588418,1.281948,0.776977,0.346164,0.973609,0.0
56,0.0,0.945622,0.414977,0.486696,0.402922,0.0,0.51355,0.002733,0.025439,0.279985,0.30724,0.0,0.0,1.075473,0.0,0.0,0.800274,1.21811,0.0,0.090937,0.510612,1.021482,0.548173,0.504721,0.0,0.840267,0.0,0.821311,0.0,0.406384,0.177569,1.204678,0.0,0.0,0.053574,0.212063,0.0,1.766324,0.610704,0.746599,0.391407,0.0,0.10926,0.692362,0.0,0.568893,0.0,0.0,1.001781,0.428716,0.660647,0.174853,0.0,1.154077,0.0,0.0,0.0,1.001992,0.378446,1.14162,0.48224,0.148307,1.165478,0.0
57,0.0,0.795921,0.538229,0.178479,0.0,0.0,0.657093,0.0,0.186609,0.199834,0.739542,0.036053,0.0,0.827955,0.216275,0.0,0.79019,1.17111,0.0,0.52667,0.294882,0.620306,0.326357,0.275569,0.0,1.239952,0.0,0.965751,0.0,0.30292,0.197605,1.274854,0.0,0.0,0.0,0.381635,0.0,2.175524,0.5524,1.024268,0.797219,0.0,0.153604,0.638328,0.0,0.498345,0.0,0.0,0.731677,0.478447,0.902891,0.385863,0.0,1.432547,0.0,0.0,0.0,1.561572,0.469899,0.858056,0.904772,0.114194,1.395936,0.0
58,0.0,0.442157,0.699656,0.0,0.0,0.0,0.889172,0.0,0.126996,0.113426,0.467525,0.0,0.0,0.943688,0.185476,0.0,0.660939,1.049134,0.0,0.58549,0.0,0.285888,0.0,0.408856,0.0,1.287867,0.0,1.278417,0.0,0.415912,0.262639,0.968461,0.0,0.0,0.0,0.441172,0.0,1.879116,0.513926,0.743681,0.739777,0.0,0.064699,0.394583,0.0,0.316345,0.0,0.0,0.166129,0.565348,1.21984,0.689709,0.0,1.508195,0.0,0.121001,0.0,1.606023,0.113521,0.758431,0.622591,0.0,1.271804,0.0
59,0.0,0.643579,0.599797,0.1596,0.0,0.0,0.237373,0.0,0.500824,0.178604,0.503268,0.0,0.0,0.583772,0.09388,0.0,0.839642,0.477112,0.0,0.056047,0.642395,0.504539,0.253675,0.203931,0.0,1.495889,0.0,0.862813,0.271769,0.551505,0.017801,0.914622,0.0,0.238705,0.031141,0.091056,0.0,1.590657,0.494631,1.033778,0.927471,0.0,0.23804,0.615736,0.0,0.198003,0.0,0.0,0.830398,0.705768,1.010147,0.709963,0.0,1.617253,0.0,0.219649,0.0,1.391536,0.386419,0.480555,0.727817,0.547422,0.972815,0.0
60,0.0,0.45556,0.585833,0.076522,0.0,0.0,0.252413,0.0,0.756144,0.112945,0.861277,0.0,0.0,0.330385,0.130884,0.0,0.982434,0.159307,0.0,0.135812,0.663182,0.465252,0.132786,0.930408,0.0,1.659835,0.0,0.555024,0.245639,0.583059,0.0,1.227253,0.0,0.146214,0.216432,0.09726,0.0,2.007503,0.487152,1.006831,0.832157,0.0,0.421262,0.661741,0.0,0.368264,0.0,0.0,0.41991,0.562435,0.654477,0.944169,0.0,1.624522,0.0,0.450898,0.0,1.376114,0.762543,0.828265,1.091095,0.398239,1.355609,0.0
61,0.0,0.705767,0.444567,0.0,0.0,0.0,0.053168,0.0,0.771271,0.103765,1.230032,0.0,0.0,0.398279,0.0,0.0,0.786769,0.061355,0.0,0.055319,0.536568,0.662377,0.072547,0.968953,0.0,1.757739,0.0,0.449846,0.307803,0.932563,0.0249,1.1415,0.0,0.270461,0.279748,0.02011,0.0,2.157484,0.633919,1.170532,1.198534,0.0,0.498782,0.341681,0.0,0.696846,0.0,0.0,0.328109,0.758977,0.627488,1.052169,0.0,1.878853,0.0,0.592135,0.0,1.018396,0.584137,0.787855,1.746344,0.021176,1.661108,0.0
62,0.0,1.402169,0.316197,0.384866,0.256211,0.0,0.0,0.0,0.922276,0.280303,1.011939,0.0,0.0,0.129158,0.0,0.0,1.218427,0.0,0.0,0.0,1.671318,1.297087,0.767548,0.995671,0.0,1.960491,0.0,0.0,0.514221,1.159638,0.229189,1.427581,0.0,0.551375,0.591617,0.0,0.0,1.979721,0.773879,1.723703,1.349659,0.0,0.665904,0.73042,0.0,0.923939,0.0,0.0,0.961859,1.043543,0.367501,0.985701,0.0,2.267821,0.0,0.457702,0.0,0.579897,0.901046,0.574667,1.953287,0.338672,1.270366,0.0
63,0.0,0.901087,0.367699,0.0,0.0,0.0,0.0,0.010533,0.772447,0.108465,0.703365,0.0,0.179166,0.550279,0.0,0.0,0.733414,0.0,0.0,0.0,1.035878,0.941067,0.330449,0.467395,0.0,1.675557,0.0,0.40354,0.512789,1.210106,0.147347,0.853474,0.0,0.601135,0.416493,0.053182,0.0,1.317391,0.533997,1.226786,1.225959,0.0,0.382031,0.373241,0.0,0.694578,0.0,0.0,0.531906,1.083654,0.864329,1.051301,0.0,1.877442,0.0,0.753752,0.0,0.541802,0.03988,0.18295,1.359556,0.187462,1.19542,0.0
64,0.0,0.711418,0.576064,0.087807,0.0,0.0,0.0,0.0,0.652109,0.304365,0.327751,0.0,0.105165,0.329001,0.0,0.0,0.791265,0.12437,0.0,0.0,1.029962,0.600751,0.003981,0.207979,0.0,1.709398,0.0,0.496487,0.410765,0.968112,0.011073,0.707073,0.0,0.375445,0.332973,0.268744,0.0,1.196517,0.445774,0.927271,0.935402,0.0,0.294725,0.675487,0.0,0.533561,0.0,0.0,0.254997,1.1031,1.297374,1.059044,0.0,2.046668,0.0,0.927187,0.0,0.957002,0.0,0.054146,0.812504,0.173615,1.235511,0.0
65,0.0,0.32982,0.593974,0.275857,0.0,0.0,0.0,0.0,0.823925,0.208581,0.521526,0.0,0.0,0.0,0.304559,0.0,0.97898,0.0,0.0,0.128733,1.162485,0.310004,0.0,0.659204,0.0,1.753402,0.0,0.332364,0.340828,0.703491,0.0,1.104269,0.0,0.19508,0.137472,0.332441,0.0,1.356808,0.353345,0.826638,0.5943,0.0,0.436348,0.890934,0.0,0.42263,0.0,0.0,0.150221,0.792611,1.00538,0.995599,0.0,1.981132,0.0,0.921284,0.0,1.446569,0.705709,0.275139,0.761993,0.385543,1.192972,0.0
66,0.0,0.62081,0.454819,0.333682,0.154992,0.0,0.0,0.0,0.895288,0.178829,0.72975,0.0,0.0,0.0,0.28348,0.0,0.885875,0.0,0.0,0.0,1.393034,0.458546,0.340578,0.538239,0.0,1.7075,0.0,0.130146,0.455023,0.804403,0.0,1.148114,0.0,0.368765,0.106479,0.397153,0.0,1.282882,0.332658,1.021478,0.85676,0.0,0.54835,0.659222,0.0,0.346456,0.0,0.0,0.660083,0.94041,1.003538,0.973244,0.0,2.161367,0.0,0.880914,0.0,1.198612,0.863367,0.108082,1.230603,0.385255,0.967858,0.0
67,0.0,0.2373,0.547546,0.038617,0.0,0.0,0.019158,0.0,0.847427,0.150071,0.769264,0.0,0.0,0.075535,0.470153,0.0,0.78414,0.0,0.0,0.359737,0.686327,0.174851,0.0,0.867582,0.0,1.556814,0.0,0.262107,0.241221,0.725563,0.0,1.219598,0.0,0.243657,0.0,0.528551,0.0,1.508414,0.276091,0.545704,0.621754,0.0,0.578629,0.468454,0.0,0.219241,0.0,0.0,0.216609,0.741785,1.166485,1.034779,0.0,2.044354,0.0,1.033695,0.0,1.450465,0.882654,0.43704,1.127833,0.180003,1.343298,0.0
68,0.0,0.520735,0.551463,0.0,0.020786,0.0,0.0,0.0,0.678026,0.28054,0.774328,0.0,0.0,0.136467,0.559205,0.0,0.617933,0.435532,0.0,0.563152,0.436855,0.360162,0.0,0.282748,0.0,1.593695,0.0,0.635046,0.175944,0.544668,0.0,1.208586,0.0,0.175042,0.0,0.583105,0.0,1.706832,0.501809,0.603259,0.896275,0.0,0.395778,0.482811,0.0,0.140552,0.0,0.0,0.539653,0.965004,1.456235,0.917467,0.0,2.205293,0.0,0.774496,0.0,1.668297,0.70032,0.344102,1.038763,0.188649,1.463571,0.0
69,0.0,0.635834,0.573274,0.708762,0.41664,0.0,0.0,0.0,0.88257,0.537046,0.344687,0.0,0.0,0.0,0.7629,0.0,1.103019,0.296853,0.0,0.287114,1.496287,0.647559,0.598806,0.441202,0.0,1.71261,0.0,0.06606,0.256437,0.338704,0.0,1.593606,0.0,0.301608,0.0,0.624965,0.470613,1.627077,0.406961,0.734633,0.721187,0.0,0.642385,1.281525,0.0,0.0,0.0,0.0,1.18236,0.889212,1.145259,0.774457,0.0,2.063211,0.0,0.477656,0.0,1.851077,1.213907,0.450289,0.453885,0.984561,0.931596,0.0
70,0.0,0.140923,0.58957,0.86057,0.451973,0.0,0.318958,0.0,0.773338,0.380638,0.451784,0.0,0.0,0.0,0.763011,0.0,1.188368,0.573552,0.0,0.521996,0.915365,0.430356,0.613455,1.329631,0.0,1.486065,0.0,0.034565,0.0,0.265178,0.0,1.978382,0.0,0.0,0.0,0.872322,0.0,1.981961,0.311422,0.264829,0.260427,0.0,0.867768,1.122093,0.0,0.0,0.0,0.0,0.797169,0.529129,1.018114,0.834586,0.0,1.490707,0.0,0.432332,0.0,1.811014,1.455006,1.211002,0.496296,0.835955,1.10961,0.0
71,0.0,0.0,0.543239,1.004649,0.185442,0.0,0.566821,0.0,0.791905,0.300075,0.671275,0.0,0.0,0.430437,0.595979,0.0,1.038096,0.646325,0.0,0.445447,0.703456,0.513126,0.780417,1.444875,0.0,1.344138,0.0,0.183757,0.0,0.593337,0.0,1.766474,0.0,0.0,0.0,0.983379,0.0,1.828462,0.110002,0.393869,0.572682,0.0,1.086855,0.960525,0.0,0.0,0.0,0.0,0.742888,0.369545,0.889338,0.910421,0.0,1.124148,0.0,0.277613,0.0,1.600078,1.053563,1.610286,0.606721,0.852506,1.028023,0.0
72,0.0,0.0,0.434561,0.218278,0.0,0.0,0.909596,0.0,0.835435,0.225564,1.345825,0.0,0.0,0.750813,0.805598,0.0,0.456213,0.75343,0.0,0.651236,0.052068,0.242825,0.21779,0.845932,0.0,1.432805,0.0,0.645963,0.247293,0.642581,0.0,0.878998,0.0,0.0,0.0,0.903986,0.0,1.94955,0.050123,0.671653,1.209247,0.0,1.206903,0.518284,0.0,0.0,0.0,0.0,0.568741,0.399435,1.181846,0.934475,0.0,1.090952,0.0,0.274012,0.0,1.724618,0.504816,1.527455,1.283953,0.333286,1.439255,0.0
73,0.0,0.0,0.289825,0.5726,0.0,0.069184,1.358681,0.281437,0.63694,0.233382,0.990093,0.244782,0.277082,1.16189,0.604736,0.0,0.23368,0.601445,0.0,0.346257,0.026999,0.116579,0.186842,0.687834,0.0,0.821776,0.0,0.74552,0.643919,0.803471,0.067385,0.265835,0.385579,0.210517,0.0,0.842316,0.0,1.160668,0.0,0.640477,0.934636,0.0,1.207039,0.118811,0.0,0.0,0.0,0.0,0.69717,0.299094,1.331095,0.880473,0.0,0.498763,0.0,0.187643,0.0,1.086493,0.009638,1.459551,0.999731,0.366702,1.027756,0.0
74,0.0,0.0,0.164538,0.795073,0.0,0.157933,1.553677,0.289773,0.648567,0.178372,1.017419,0.35369,0.639,1.335119,0.526265,0.022319,0.252711,0.448639,0.0,0.324382,0.204453,0.0,0.062916,0.863564,0.0,0.473372,0.0,0.567893,0.71159,0.973288,0.067431,0.007022,0.619255,0.212871,0.0,0.832807,0.0,0.882944,0.0,0.669962,0.82696,0.0,1.278992,0.005025,0.0,0.0,0.0,0.0,0.496132,0.015812,1.278015,0.835478,0.0,0.142278,0.0,0.230545,0.0,0.695976,0.0,1.534497,1.049585,0.237358,0.941532,0.0
75,0.0,0.0,0.076707,0.916313,0.0,0.18937,1.794354,0.19589,0.487313,0.0,0.9123,0.410951,0.856389,1.144015,0.509,0.335617,0.046389,0.318166,0.0,0.360158,0.183768,0.0,0.0,0.947321,0.0,0.199264,0.0,0.788805,0.646407,0.660344,0.458256,0.0,0.725159,0.16866,0.0,0.346214,0.041952,0.444837,0.0,0.554718,0.37888,0.0,1.068006,0.176565,0.0,0.0,0.0,0.0,0.305231,0.0,0.97616,0.721648,0.0,0.0,0.0,0.317865,0.0,0.796748,0.0,1.338759,0.624501,0.057911,0.628931,0.0
76,0.0,0.0,0.0,1.104119,0.0,0.110727,1.490992,0.260294,0.496334,0.0,0.791882,0.142317,0.738425,0.898302,0.367911,0.389958,0.031003,0.24012,0.0,0.150829,0.511296,0.0,0.09395,1.043927,0.0,0.086174,0.0,0.470362,0.465061,0.614874,0.367554,0.137583,0.714618,0.28909,0.0,0.0429,0.163267,0.130957,0.0,0.520853,0.0,0.0,0.945571,0.382386,0.0,0.0,0.0,0.0,0.551595,0.037776,0.720248,0.522003,0.0,0.0,0.0,0.666983,0.026689,0.502909,0.268302,1.077555,0.456352,0.130755,0.430835,0.0
77,0.0,0.225175,0.0,0.908049,0.0,0.188684,0.906668,0.593203,0.429591,0.0,0.932149,0.0,0.479822,0.566226,0.248838,0.400869,0.0,0.121773,0.0,0.0,1.243762,0.345825,0.341111,0.689438,0.0,0.147152,0.0,0.008652,0.682209,0.766399,0.508942,0.0,0.874825,0.435776,0.0,0.0,0.40892,0.0,0.0,0.830198,0.127846,0.406979,0.926003,0.429902,0.0,0.153014,0.0,0.0,1.176365,0.282544,0.831719,0.363891,0.0,0.19172,0.0,1.198884,0.0,0.22615,0.253227,0.55791,0.755636,0.172431,0.358992,0.0
78,0.0,0.239429,0.0,0.82894,0.0,0.263739,0.809438,0.685786,0.539445,0.0,1.057797,0.0,0.685475,0.724235,0.290087,0.307187,0.234883,0.0,0.0,0.0,1.454876,0.115427,0.165953,0.633778,0.0,0.206334,0.0,0.0,0.910974,0.734564,0.329125,0.0,1.371742,0.464211,0.0,0.0,0.432337,0.0,0.0,0.645034,0.432435,0.420491,0.847961,0.354175,0.0,0.083592,0.0,0.0,0.991041,0.127912,1.34207,0.198092,0.0,0.130737,0.0,1.37728,0.0,0.266626,0.0,0.335671,0.984738,0.0,0.51848,0.0
79,0.0,0.497777,0.0,0.86276,0.216252,0.398607,0.69966,0.918942,0.216753,0.0,1.016059,0.0,0.68573,0.751574,0.214511,0.772228,0.189921,0.082002,0.0,0.0,1.496469,0.010648,0.235137,0.071915,0.0,0.305448,0.0,0.240924,0.899126,0.368826,0.838228,0.0,1.692528,0.449664,0.0,0.0,0.960547,0.0,0.097621,0.891193,0.473129,0.309743,0.537594,0.580564,0.0,0.006746,0.0,0.0,1.077143,0.349884,1.686686,0.0,0.0,0.062016,0.0,1.407877,0.0,0.429455,0.0,0.0,0.512842,0.02483,0.12301,0.0
80,0.0,0.467194,0.0,1.673319,0.699207,0.232869,0.130199,0.486397,0.344709,0.0,0.517669,0.0,0.840237,0.925204,0.142398,0.901123,0.393446,0.331336,0.0,0.0,2.031464,0.310603,0.58165,0.197294,0.112087,0.362334,0.0,0.0,0.666967,0.693347,0.029366,0.337757,1.35173,0.364985,0.0,0.022606,0.666569,0.0,0.0,0.841284,0.438,0.127695,0.67176,0.910311,0.0,0.313086,0.0,0.0,1.001688,0.166103,1.420052,0.0,0.0,0.02,0.0,1.271803,0.0,0.355157,0.006096,0.01224,0.208813,0.451589,0.082563,0.0
81,0.0,0.0,0.0,1.646465,0.65756,0.15172,0.589141,0.36123,0.421608,0.0,0.695341,0.0,1.056186,1.166922,0.194087,0.883274,0.31768,0.228425,0.0,0.0,1.672346,0.0,0.42562,0.281814,0.0,0.338326,0.0,0.134813,0.55676,0.591164,0.0,0.376364,1.253387,0.317157,0.0,0.0,0.827457,0.0,0.0,0.57035,0.285668,0.026675,0.678655,0.722909,0.0,0.013348,0.0,0.0,0.766334,0.10045,1.310234,0.0,0.0,0.0,0.0,1.046841,0.017838,0.436007,0.201991,0.308354,0.171628,0.539588,0.0,0.0
82,0.0,0.520072,0.0,1.831413,1.07753,0.008252,0.0,0.419508,0.370494,0.076995,0.419677,0.0,0.560746,0.723128,0.152338,0.934029,0.344966,0.316974,0.0,0.0,2.155501,0.703335,0.909815,0.351494,0.198607,0.292617,0.0,0.0,0.348165,0.677012,0.0,0.976396,0.957317,0.234809,0.0,0.130779,0.853545,0.0,0.0,0.851591,0.481263,0.0,0.901014,1.178946,0.0,0.383681,0.0,0.0,1.250614,0.372696,0.894299,0.0,0.0,0.194972,0.0,1.037376,0.0,0.430184,0.425155,0.400618,0.043648,0.674611,0.214341,0.0
83,0.0,0.0,0.0,1.210999,0.509699,0.103625,0.432059,0.21479,0.416154,0.0,0.823434,0.0,0.771432,0.685767,0.489539,0.763599,0.272198,0.112153,0.0,0.0,1.476789,0.0,0.260384,0.147251,0.0,0.589028,0.0,0.285796,0.349163,0.415324,0.0,0.474817,1.103198,0.425938,0.0,0.0,1.302438,0.0,0.005828,0.464921,0.368583,0.0,0.78981,0.923323,0.0,0.0,0.0,0.0,0.827832,0.396364,1.008993,0.0,0.0,0.0,0.0,0.946338,0.0,0.994833,0.648968,0.332405,0.16157,0.486404,0.120397,0.0
84,0.0,0.106137,0.0,0.931877,0.362451,0.0,0.086104,0.339896,0.508762,0.0,1.116825,0.0,0.407719,0.320943,0.603506,0.239053,0.258398,0.0,0.0,0.0,1.631168,0.344799,0.389586,0.297182,0.100546,0.586443,0.0,0.09692,0.458978,0.564483,0.0,0.448663,0.933649,0.597376,0.0,0.0,1.257304,0.042294,0.0,0.389981,0.731393,0.013695,1.075168,0.675732,0.0,0.063096,0.0,0.0,1.087375,0.47125,0.737803,0.080622,0.0,0.362077,0.0,1.064913,0.0,0.933196,0.829868,0.516032,0.876453,0.330967,0.427784,0.0
85,0.0,0.0,0.0,0.449882,0.462766,0.0,0.668281,0.14818,0.373831,0.0,1.345685,0.0,0.0,0.01955,0.82281,0.0,0.124632,0.0,0.0,0.236278,0.870689,0.210997,0.030342,0.672704,0.0,0.401316,0.0,0.412222,0.149147,0.286496,0.0,0.795497,0.455582,0.387539,0.0,0.0,0.999876,0.513525,0.0,0.0,0.416159,0.0,1.086819,0.480796,0.0,0.487616,0.0,0.0,0.548277,0.33236,0.29931,0.207914,0.0,0.520452,0.0,1.241832,0.0,1.523419,1.115944,0.769571,1.006326,0.108688,0.734245,0.0
86,0.0,0.0,0.0,0.93077,0.530735,0.0,0.223643,0.0,0.310071,0.0,0.691395,0.0,0.343974,0.16224,0.856408,0.407351,0.286073,0.173817,0.0,0.368913,1.254575,0.145983,0.231137,0.0,0.0,0.517729,0.0,0.488101,0.22123,0.237911,0.0,0.832354,0.675262,0.605676,0.0,0.0,1.563235,0.194446,0.185145,0.0,0.497908,0.0,0.825935,0.969969,0.0,0.081691,0.0,0.0,0.541293,0.544854,0.597104,0.1154,0.0,0.371318,0.0,0.954337,0.0,1.773716,0.930171,0.532475,0.06859,0.686869,0.292699,0.0
87,0.0,0.0,0.0,0.435569,0.605638,0.0,0.552548,0.0,0.130992,0.0,0.857031,0.0,0.043459,0.0,0.869837,0.282978,0.240755,0.0,0.0,0.367602,0.846755,0.156358,0.0,0.290345,0.032344,0.316821,0.0,0.49688,0.110095,0.026511,0.0,0.651305,0.549865,0.425775,0.0,0.0,1.379057,0.267499,0.231166,0.0,0.192153,0.0,0.725684,0.657202,0.0,0.196158,0.0,0.0,0.346907,0.302057,0.702757,0.065582,0.0,0.754043,0.0,1.240617,0.0,1.830408,1.153887,0.41948,0.446075,0.240276,0.330316,0.0
88,0.0,0.0,0.0,0.774709,1.07798,0.0,0.570073,0.0,0.175213,0.0,0.467472,0.0,0.06859,0.0,0.62354,0.576148,0.273828,0.0,0.0,0.283419,1.014156,0.272978,0.185892,0.487992,0.190382,0.133559,0.0,0.256389,0.0,0.0,0.048258,0.89737,0.303855,0.400021,0.0,0.0,1.310918,0.066759,0.308396,0.0,0.0,0.0,0.550466,0.710971,0.0,0.05866,0.0,0.0,0.306274,0.166333,0.705388,0.0,0.0,0.59255,0.0,1.188627,0.0,1.490965,1.243364,0.401872,0.023692,0.476097,0.0,0.0
89,0.0,0.057001,0.0,1.114085,1.201306,0.0,0.07851,0.0,0.296152,0.0,0.145783,0.0,0.317366,0.0,0.296817,0.663042,0.342106,0.268413,0.0,0.188496,0.992828,0.575746,0.256853,0.538884,0.264821,0.0,0.0,0.0,0.0,0.118653,0.0,1.153797,0.332089,0.267889,0.0,0.238891,0.781964,0.051466,0.100981,0.0,0.0,0.0,0.309512,0.557954,0.0,0.188483,0.0,0.0,0.245377,0.0,0.76496,0.201303,0.0,0.758946,0.0,1.06507,0.0,0.795696,0.883966,0.391621,0.093293,0.45117,0.118808,0.0
90,0.0,0.487603,0.0,1.41748,1.542079,0.0,0.0,0.0,0.098252,0.261986,0.0,0.0,0.042098,0.0,0.225741,0.89587,0.376029,0.384965,0.0,0.018346,1.371627,1.073779,0.718789,0.663876,0.540364,0.0,0.0,0.0,0.0,0.288238,0.119376,1.402696,0.04108,0.281134,0.0,0.247975,0.754108,0.266285,0.323058,0.010708,0.07602,0.0,0.242637,0.647873,0.187582,0.465028,0.0,0.0,0.565411,0.148717,0.511813,0.126282,0.0,1.114704,0.0,0.867404,0.0,0.570393,0.896842,0.302307,0.0,0.550048,0.0,0.0
91,0.0,0.484784,0.0,1.044535,1.43875,0.0,0.0,0.040862,0.036423,0.250377,0.0,0.0,0.0,0.0,0.31868,0.723477,0.372608,0.21147,0.0,0.161835,0.997726,0.996654,0.432047,0.843315,0.394743,0.0,0.0,0.0,0.0,0.128973,0.268385,1.369184,0.0,0.326652,0.0,0.060337,0.617591,0.510717,0.504313,0.0,0.0,0.0,0.017843,0.506445,0.188728,0.376193,0.0,0.0,0.42843,0.041049,0.523226,0.149484,0.0,1.267972,0.0,0.912615,0.0,0.68637,1.072903,0.400804,0.149066,0.447907,0.0,0.0
92,0.0,0.28995,0.0,0.90952,1.253466,0.0,0.13901,0.0,0.11559,0.0,0.186982,0.0,0.0,0.0,0.330584,0.543335,0.272259,0.0,0.0,0.186274,0.76615,0.900003,0.347176,0.999993,0.161973,0.0,0.0,0.111824,0.0,0.124629,0.326065,1.404281,0.0,0.493944,0.0,0.0,0.56145,0.551274,0.590975,0.0,0.010579,0.0,0.003258,0.272809,0.101378,0.266925,0.0,0.0,0.348796,0.0,0.303305,0.238073,0.0,1.0555,0.0,0.958736,0.0,0.706728,1.290277,0.625404,0.418511,0.555019,0.0,0.0
93,0.0,0.356666,0.0,0.613522,1.146543,0.0,0.081033,0.0,0.023633,0.079951,0.176794,0.0,0.0,0.0,0.371273,0.357864,0.326017,0.0,0.0,0.320589,0.597156,0.879594,0.281379,1.208793,0.011904,0.0,0.0,0.010293,0.0,0.220256,0.385108,1.503873,0.0,0.635698,0.0,0.0,0.370002,0.89469,0.644271,0.0,0.119815,0.0,0.0,0.161351,0.194342,0.441081,0.0,0.0,0.164862,0.0,0.149635,0.212671,0.0,1.295486,0.0,0.931402,0.0,0.794162,1.326661,0.71728,0.766941,0.377088,0.0,0.0
94,0.0,0.567122,0.0,0.424436,0.932848,0.0,0.156593,0.388435,0.0,0.0,0.308975,0.254895,0.0,0.0,0.208132,0.138953,0.05875,0.0,0.0,0.24193,0.521689,1.19703,0.333336,1.08851,0.0,0.0,0.0,0.084748,0.0,0.685844,0.748058,1.187352,0.0,1.067953,0.0,0.0,0.42794,0.808179,0.695701,0.099107,0.358206,0.0,0.0,0.0,0.309087,0.641368,0.0,0.0,0.373496,0.367626,0.0,0.205855,0.0,1.264877,0.0,0.895822,0.0,0.522113,1.029855,0.537296,1.105074,0.306548,0.084281,0.0
95,0.0,0.72974,0.0,0.283217,0.87791,0.0,0.213084,0.678223,0.0,0.0,0.090013,0.128991,0.019301,0.0,0.219773,0.366949,0.0,0.188754,0.0,0.480396,0.506424,0.993192,0.10741,0.505437,0.0,0.014955,0.0,0.462492,0.0,0.522659,0.89164,0.819018,0.180785,1.071146,0.0,0.0,0.585339,0.581153,1.00568,0.054626,0.408283,0.0,0.0,0.062921,0.374377,0.534346,0.0,0.0,0.177976,0.578974,0.330487,0.063349,0.0,1.358688,0.0,0.987861,0.0,0.960546,0.714115,0.079011,0.477437,0.353875,0.0,0.0
96,0.0,0.636293,0.0,0.049149,0.929147,0.0,0.460686,0.539282,0.0,0.0,0.0,0.0,0.0,0.0,0.397174,0.353607,0.0,0.16669,0.0,0.694609,0.530045,0.727858,0.0,0.648879,0.0,0.047844,0.0,0.554321,0.0,0.092314,0.868461,0.800426,0.100451,0.940304,0.0,0.0,0.712176,0.617803,1.06446,0.0,0.022153,0.0,0.0,0.230215,0.400754,0.455887,0.0,0.0,0.0,0.488558,0.498343,0.0,0.0,1.244702,0.0,1.147225,0.0,1.490699,0.851573,0.0,0.101343,0.384071,0.0,0.0
97,0.0,0.142019,0.0,0.0,0.724848,0.0,0.973371,0.254043,0.0,0.0,0.472017,0.0,0.0,0.0,0.795663,0.121131,0.0,0.0,0.0,0.929322,0.167975,0.210269,0.0,0.426464,0.0,0.020312,0.0,0.862503,0.0,0.0,1.037641,0.538256,0.27199,0.808423,0.0,0.0,0.909986,0.817911,0.814364,0.0,0.367395,0.0,0.0,0.039035,0.034311,0.572083,0.0,0.0,0.0,0.284487,0.497442,0.0,0.0,1.131932,0.0,1.202856,0.0,2.093651,1.03673,0.074875,0.580807,0.248266,0.0,0.0
98,0.0,0.68503,0.0,0.0,0.981492,0.0,0.81395,0.526912,0.0,0.0,0.293697,0.000898,0.0,0.0,0.584436,0.10307,0.0,0.0,0.0,0.622999,0.311333,0.713238,0.0,0.637008,0.0,0.108103,0.0,0.623319,0.0,0.225855,1.295229,0.760062,0.125454,0.821459,0.0,0.0,0.56624,0.69535,0.783021,0.0,0.191477,0.0,0.0,0.0,0.125657,0.728712,0.0,0.0,0.0,0.580537,0.463613,0.0,0.0,1.305172,0.0,1.09809,0.0,1.44689,1.06084,0.0,0.822045,0.009149,0.079818,0.0
99,0.0,0.590223,0.0,0.493984,1.25773,0.0,0.226696,0.0,0.0,0.0,0.060039,0.0,0.0,0.0,0.613246,0.35703,0.07079,0.249119,0.0,0.532882,1.136796,0.708734,0.05136,0.158734,0.0,0.234249,0.0,0.385288,0.0,0.0,0.477721,1.132681,0.005488,0.544251,0.0,0.0,0.976415,0.673572,0.937881,0.0,0.232401,0.0,0.0,0.674921,0.023114,0.473398,0.0,0.0,0.030394,0.487487,0.464959,0.0,0.0,1.063684,0.0,0.861822,0.0,1.650738,1.113988,0.0,0.0,0.641253,0.000137,0.0
100,0.0,0.003237,0.127205,0.293358,1.028866,0.0,0.575857,0.0,0.0,0.0,0.119336,0.0,0.0,0.0,0.734925,0.324227,0.376839,0.237569,0.0,0.689685,0.767018,0.129363,0.0,0.563577,0.0,0.316797,0.0,0.32153,0.0,0.0,0.038309,1.271676,0.0,0.041167,0.0,0.121614,0.687605,0.577414,0.650203,0.0,0.0,0.0,0.007143,0.658203,0.0,0.35252,0.0,0.0,0.0,0.047229,0.555623,0.0,0.0,0.8927,0.0,0.99752,0.0,1.750385,1.210974,0.126331,0.0,0.40963,0.409837,0.0
101,0.0,0.270307,0.054702,1.006652,1.121372,0.0,0.0,0.0,0.329941,0.0,0.088832,0.0,0.342682,0.094001,0.455415,0.5048,0.568244,0.434599,0.0,0.184389,1.551546,0.540215,0.117214,0.279466,0.179101,0.510208,0.0,0.059139,0.0,0.236643,0.0,1.181762,0.144042,0.147089,0.0,0.433582,0.912875,0.10576,0.419333,0.0,0.093621,0.0,0.283741,0.937103,0.0,0.237468,0.0,0.0,0.122313,0.289762,0.881964,0.0,0.0,0.887367,0.0,0.818134,0.0,1.212941,0.813683,0.0,0.0,0.714851,0.200123,0.0
102,0.0,0.273852,0.143294,0.642933,0.645431,0.0,0.0,0.0,0.400635,0.0,0.380829,0.0,0.482659,0.022126,0.562601,0.500278,0.678957,0.173323,0.0,0.204516,1.363099,0.160531,0.0,0.103144,0.0,0.716326,0.0,0.244396,0.119354,0.229669,0.13881,0.685485,0.417925,0.141215,0.0,0.434015,0.934907,0.018465,0.352744,0.209297,0.342068,0.0,0.073002,0.884984,0.0,0.132069,0.0,0.0,0.06902,0.276351,1.389388,0.107089,0.0,1.236907,0.0,1.200934,0.0,1.353059,0.639454,0.0,0.258678,0.279293,0.249644,0.0
103,0.0,0.852889,0.084672,1.260047,1.063786,0.0,0.0,0.0,0.465039,0.337433,0.216647,0.0,0.052066,0.0,0.376315,0.471166,0.8965,0.189626,0.0,0.022811,2.146389,0.751244,0.207608,0.069371,0.174499,0.891849,0.0,0.0,0.0,0.513389,0.220243,1.113447,0.261005,0.202173,0.0,0.557877,0.845622,0.224602,0.377308,0.765075,0.579162,0.0,0.198092,1.268747,0.0,0.351185,0.0,0.0,0.581637,0.587717,1.31309,0.138587,0.0,1.742647,0.0,0.966073,0.0,0.980771,0.549664,0.0,0.512804,0.374599,0.162338,0.0
104,0.0,0.86139,0.0,1.459264,1.340152,0.0,0.0,0.0,0.551436,0.535671,0.368395,0.0,0.0,0.0,0.220759,0.297299,0.970663,0.0,0.0,0.0,2.438681,1.088863,0.66138,0.85805,0.396311,0.704034,0.0,0.0,0.052963,0.788725,0.502105,1.329126,0.0,0.465073,0.0,0.413088,0.733743,0.446993,0.342422,0.826175,0.475582,0.0,0.417637,1.145146,0.0,0.606627,0.0,0.0,0.840493,0.592202,0.78644,0.301012,0.0,1.958911,0.0,1.141092,0.0,0.584445,0.906407,0.1406,0.983092,0.36567,0.0,0.0
105,0.0,0.334213,0.0,0.803936,0.457698,0.0,0.0,0.230763,0.309481,0.137575,0.31433,0.0,0.372308,0.0,0.219268,0.324163,0.487905,0.0,0.0,0.0,1.130208,0.417051,0.066603,0.809818,0.166715,0.330584,0.0,0.003451,0.090332,0.742442,0.490569,0.924987,0.163696,0.669268,0.0,0.197959,0.406366,0.058158,0.190213,0.243465,0.352014,0.0,0.090343,0.336128,0.0,0.237257,0.0,0.0,0.325079,0.374017,1.11835,0.640728,0.0,1.370428,0.0,1.41002,0.0,0.355005,0.239851,0.123875,1.053342,0.027973,0.123086,0.0
106,0.0,0.208608,0.0,1.377904,0.594223,0.0,0.0,0.164806,0.459093,0.303494,0.155898,0.0,0.346097,0.175369,0.0,0.416052,0.440659,0.0,0.0,0.0,1.356452,0.617432,0.581964,1.005405,0.428337,0.07575,0.0,0.0,0.186281,0.906323,0.200504,1.030412,0.167633,0.792307,0.0,0.222293,0.334268,0.03328,0.0,0.411242,0.296222,0.0,0.122906,0.435024,0.086511,0.375572,0.0,0.0,0.562567,0.204437,0.703826,0.687967,0.0,0.890783,0.0,1.255254,0.0,0.0,0.11434,0.35659,0.547986,0.453421,0.0,0.0
107,0.0,0.168729,0.0,0.788406,0.432296,0.0,0.262643,0.273113,0.094405,0.184476,0.348627,0.0,0.194733,0.0,0.174174,0.134386,0.331363,0.0,0.0,0.001925,0.612361,0.316849,0.165916,1.205462,0.103134,0.0,0.0,0.070268,0.095924,0.518566,0.642563,1.038195,0.0,0.832588,0.0,0.0,0.331947,0.366452,0.131127,0.154005,0.021949,0.0,0.171918,0.212853,0.266536,0.342547,0.0,0.0,0.235835,0.240315,0.534134,0.758612,0.0,1.059291,0.0,1.367301,0.0,0.327655,0.373679,0.621783,0.944953,0.124981,0.05987,0.0
108,0.0,0.383853,0.0,0.75125,0.479302,0.0,0.355607,0.552027,0.02313,0.194031,0.494803,0.12731,0.194699,0.0,0.0,0.139151,0.069398,0.0,0.0,0.055558,0.43632,0.728193,0.36409,0.857852,0.0,0.0,0.0,0.154333,0.240471,0.877085,0.786424,0.997933,0.141757,1.205635,0.0,0.0,0.629244,0.362168,0.205504,0.419277,0.261738,0.0,0.211518,0.0,0.389916,0.592974,0.0,0.0,0.635127,0.444103,0.0,0.64395,0.0,0.818402,0.0,1.194489,0.0,0.137456,0.300007,0.844881,1.151518,0.356116,0.184002,0.0
109,0.0,0.013067,0.0,0.318305,0.251908,0.0,0.919216,0.664047,0.0,0.0,0.661004,0.238739,0.399668,0.0,0.142583,0.191026,0.0,0.0,0.0,0.296675,0.073446,0.357041,0.136478,0.617523,0.0,0.0,0.0,0.704631,0.532284,0.734872,0.85028,0.219442,0.674547,1.359671,0.0,0.0,0.935192,0.082141,0.08052,0.176438,0.268382,0.0,0.320909,0.0,0.350514,0.423853,0.0,0.0,0.48301,0.349834,0.345092,0.466761,0.0,0.487871,0.0,1.223097,0.0,0.625985,0.25378,0.885636,1.096523,0.373805,0.189728,0.0
110,0.0,0.0,0.0,0.423915,0.518109,0.0,1.049465,0.167808,0.0,0.0,0.413933,0.0,0.094848,0.0,0.333747,0.344719,0.0,0.074504,0.0,0.553581,0.343157,0.356098,0.242359,0.547517,0.0,0.0,0.0,0.830755,0.303392,0.437886,0.501164,0.365737,0.588905,1.290801,0.0,0.0,1.2322,0.349067,0.565725,0.079095,0.012313,0.0,0.379976,0.428892,0.231873,0.500816,0.0,0.0,0.212109,0.225964,0.082215,0.269359,0.0,0.320096,0.0,1.178848,0.0,1.424914,0.629693,1.089006,0.285048,0.704193,0.0,0.0
111,0.0,0.162066,0.0,0.546473,0.893179,0.0,1.174278,0.320915,0.0,0.0,0.172135,0.0,0.0,0.0,0.364577,0.496547,0.0,0.372611,0.0,0.494717,0.301924,0.698043,0.501659,0.472115,0.0,0.0,0.0,0.90871,0.299859,0.538999,0.704178,0.699065,0.483683,1.394362,0.0,0.0,1.253335,0.604878,0.875937,0.217347,0.094478,0.0,0.541267,0.460574,0.325168,0.89974,0.0,0.0,0.300165,0.409231,0.0,0.088439,0.0,0.251668,0.0,0.964682,0.0,1.401282,0.80958,1.308985,0.251637,0.8681,0.0,0.0
112,0.0,0.092508,0.0,0.739013,0.799904,0.0,1.310521,0.687016,0.0,0.0,0.0,0.126999,0.289467,0.267369,0.0,0.579754,0.0,0.864722,0.0,0.625994,0.0,0.739372,0.461084,0.293549,0.0,0.0,0.0,1.157598,0.535594,0.973482,0.463013,0.561668,0.852273,1.638677,0.0,0.0,1.04153,0.245679,0.652337,0.41093,0.22445,0.0,0.521802,0.038033,0.508414,0.683351,0.0,0.0,0.37704,0.389265,0.0,0.101549,0.0,0.0,0.0,0.776535,0.0,0.5353,0.328359,1.366318,0.169233,1.152349,0.026754,0.0
113,0.0,0.162037,0.0,0.187794,0.564887,0.0,1.79808,0.836739,0.0,0.0,0.196178,0.41502,0.180432,0.297859,0.072703,0.293089,0.0,0.72734,0.0,0.627602,0.0,0.590428,0.207127,0.615121,0.0,0.0,0.0,1.322851,0.755258,0.856475,1.076123,0.209934,0.95762,1.519809,0.0,0.0,0.697389,0.368142,0.503267,0.160579,0.224541,0.0,0.676549,0.0,0.641849,0.636632,0.0,0.0,0.11569,0.211763,0.0,0.0,0.0,0.0,0.0,0.686798,0.0,0.502411,0.075653,1.4533,0.820446,0.545669,0.274586,0.0
114,0.0,0.0,0.0,0.544026,0.619831,0.0,1.915343,0.661699,0.0,0.0,0.010274,0.300102,0.472028,0.333244,0.038511,0.652004,0.0,1.041414,0.0,0.919346,0.0,0.480412,0.156202,0.244602,0.0,0.0,0.0,1.523918,0.65956,0.78142,0.696554,0.3715,1.034551,1.42259,0.0,0.0,0.810733,0.302777,0.612404,0.366533,0.150664,0.0,0.582149,0.0,0.510044,0.386795,0.0,0.0,0.0,0.19909,0.0,0.194745,0.0,0.0,0.0,0.500731,0.0,0.495656,0.0,1.55906,0.233794,0.982215,0.128697,0.0
115,0.0,0.0,0.0,0.766061,0.5164,0.0,1.701117,0.582153,0.0,0.0,0.0,0.407861,0.253314,0.389423,0.0,0.607738,0.0,0.96474,0.0,0.699008,0.0,0.566049,0.285733,0.581163,0.0,0.0,0.0,1.250236,0.536064,0.758097,0.817243,0.507774,0.773903,1.251019,0.0,0.0,0.669965,0.496532,0.528893,0.369306,0.095678,0.0,0.573438,0.0,0.552418,0.400032,0.0,0.0,0.048652,0.160534,0.0,0.242328,0.0,0.0,0.0,0.426446,0.0,0.20064,0.0,1.686219,0.379429,0.767341,0.148753,0.0
116,0.0,0.0,0.0,1.064892,0.449215,0.0,1.283763,0.244718,0.157399,0.0,0.0,0.18594,0.144247,0.400501,0.104649,0.797837,0.0,0.862406,0.0,0.577192,0.154367,0.374832,0.371042,0.756291,0.0,0.0,0.0,0.932529,0.225781,0.395559,0.451317,0.632413,0.483203,0.962024,0.0,0.0,0.753275,0.611768,0.686927,0.212654,0.0,0.0,0.460045,0.606898,0.393314,0.337115,0.0,0.0,0.0,0.039331,0.0,0.305541,0.0,0.0,0.0,0.627089,0.0,0.625206,0.243094,1.508828,0.0,0.90335,0.0,0.0
117,0.0,0.069436,0.0,0.37622,0.0,0.0,1.5423,0.483193,0.255206,0.0,0.442589,0.733472,0.149549,0.131623,0.183262,0.153342,0.0,0.112992,0.0,0.482811,0.0,0.183212,0.102559,0.855101,0.0,0.0,0.0,0.77958,0.485634,0.469966,1.256969,0.229674,0.276875,1.101981,0.0,0.0,0.650603,0.598581,0.204081,0.322012,0.012707,0.0,0.603102,0.0,0.259347,0.354355,0.0,0.0,0.194129,0.302827,0.13129,0.411462,0.0,0.436427,0.0,0.885368,0.0,0.597391,0.193658,1.547657,0.876094,0.305728,0.198283,0.0
118,0.0,0.0,0.0,0.825037,0.0,0.0,1.129486,0.375626,0.431365,0.242668,0.305562,0.749901,0.350754,0.589179,0.03849,0.000346,0.0,0.190755,0.0,0.495513,0.0,0.123833,0.306114,1.558235,0.0,0.0,0.0,0.540778,0.25384,0.509968,0.896848,0.636928,0.135388,0.944806,0.0,0.0,0.054683,0.714831,0.027535,0.282514,0.0,0.0,0.468124,0.0,0.318963,0.388272,0.0,0.0,0.0,0.293709,0.30307,0.728152,0.0,0.369388,0.0,0.664786,0.0,0.031606,0.088401,1.636014,0.758281,0.23189,0.380691,0.0
119,0.0,0.0,0.0,0.0,0.0,0.0,1.431831,0.502058,0.434738,0.010487,0.837998,0.968672,0.617617,0.279191,0.260228,0.0,0.0,0.0,0.0,0.493361,0.0,0.035444,0.0,1.080813,0.0,0.195336,0.0,0.830522,0.600918,0.550764,1.296853,0.078361,0.293861,0.963418,0.0,0.0,0.229673,0.638198,0.143808,0.517397,0.188917,0.0,0.523034,0.0,0.097394,0.473298,0.0,0.0,0.0,0.524539,0.46528,0.747222,0.0,0.50511,0.0,0.91384,0.0,0.674673,0.0,1.415652,1.165899,0.026847,0.643885,0.0
120,0.0,0.0,0.0,0.0,0.0,0.0,1.022495,0.365828,0.584706,0.189818,1.004523,0.963659,0.739941,0.634897,0.212192,0.0,0.0,0.0,0.0,0.358342,0.0,0.119252,0.0,1.005282,0.0,0.453106,0.0,0.502434,0.688559,0.941943,0.946918,0.078185,0.371707,0.788024,0.0,0.0,0.0,0.991417,0.28634,0.649316,0.628877,0.0,0.646674,0.0,0.111006,0.64883,0.0,0.0,0.0,0.499884,0.604686,0.754358,0.0,0.608717,0.0,0.823806,0.0,0.45578,0.0,1.448208,1.614112,0.0,1.133646,0.0
121,0.0,0.41568,0.0,0.240857,0.0,0.0,0.561332,0.37625,0.823666,0.084746,1.130864,0.889589,0.333215,0.72999,0.008261,0.0,0.038461,0.236678,0.0,0.092704,0.075252,0.547934,0.335536,0.571121,0.0,0.637546,0.0,0.146797,0.786788,1.318598,0.350153,0.498373,0.205401,0.705354,0.0,0.0,0.0,1.169176,0.504631,1.252167,0.88711,0.030226,0.526222,0.0,0.032002,0.976234,0.0,0.0,0.683152,0.719911,0.0,0.734296,0.0,0.572006,0.0,0.505672,0.0,0.243152,0.0,1.455648,1.819416,0.43731,1.014841,0.0
122,0.0,0.473256,0.0,0.0,0.0,0.0,0.681309,0.597901,0.809688,0.0,1.281871,0.907241,0.581509,0.696541,0.0,0.0,0.0,0.0,0.0,0.0,0.0,0.642756,0.331499,0.861357,0.0,0.610719,0.0,0.492418,0.888146,1.336901,0.59922,0.220156,0.558222,0.731502,0.0,0.0,0.024333,0.834934,0.403714,1.130263,0.800033,0.257291,0.41447,0.0,0.125715,1.106827,0.0,0.0,0.729442,0.880446,0.0,0.440394,0.0,0.268784,0.0,0.645216,0.0,0.201564,0.142208,1.30928,1.915916,0.256083,0.96075,0.0
123,0.0,0.886111,0.0,0.0,0.0,0.0,0.465287,0.847173,0.549564,0.0,0.960389,0.677766,0.499233,0.81707,0.0,0.0,0.0,0.0,0.0,0.0,0.19795,0.849781,0.627367,0.804024,0.0,0.565412,0.0,0.549718,0.863128,1.393361,0.523606,0.192698,0.698427,0.794574,0.0,0.0,0.223178,0.659165,0.455138,1.183631,0.697393,0.552029,0.302062,0.0,0.32696,1.180299,0.0,0.0,1.03748,1.190481,0.0,0.152525,0.0,0.254452,0.0,0.591589,0.0,0.129787,0.301438,1.086832,1.793626,0.292429,0.695063,0.0
124,0.0,0.724076,0.0,0.0,0.0,0.0,0.774158,0.886535,0.206224,0.0,0.887185,0.442111,0.565642,1.059582,0.207089,0.0,0.0,0.157433,0.0,0.0,0.098621,0.36884,0.219979,0.132229,0.0,0.668258,0.0,1.270806,0.807312,0.964478,0.637196,0.0,1.264769,0.582009,0.0,0.0,0.706021,0.650494,0.569591,1.030085,0.645086,0.619074,0.069702,0.0,0.314732,0.963506,0.0,0.0,0.665939,1.284597,0.352339,0.0,0.14519,0.0,0.0,0.495932,0.0,0.769096,0.08891,0.660905,1.239692,0.22988,0.606997,0.0
125,0.0,1.109899,0.0,0.0,0.293893,0.0,0.307869,0.906001,0.148441,0.0,0.66781,0.139156,0.534189,1.320129,0.252943,0.0,0.0,0.211032,0.0,0.0,0.61826,0.608172,0.590436,0.0,0.0,0.762697,0.0,1.09162,0.714849,1.002915,0.361529,0.0,1.352664,0.479028,0.0,0.0,0.975963,0.658337,0.485355,1.183105,0.807903,0.589378,0.180207,0.197289,0.424429,0.896949,0.0,0.0,0.974409,1.525663,0.259058,0.0,0.339331,0.0,0.0,0.226242,0.0,0.808456,0.232455,0.577804,1.16313,0.406596,0.4885,0.0
126,0.0,0.853654,0.0,0.0,0.0,0.0,0.556219,0.621377,0.269722,0.0,1.109447,0.041858,0.337439,1.383183,0.608838,0.0,0.0,0.442509,0.0,0.0,0.314811,0.235016,0.017813,0.0,0.0,0.826394,0.0,1.477966,0.554794,0.523948,0.037556,0.163598,1.261178,0.002719,0.0,0.0,1.028602,1.381264,0.479449,0.901105,0.97501,0.387986,0.326884,0.321013,0.273842,0.943095,0.0,0.0,0.525546,1.249649,0.113276,0.0,0.563531,0.0,0.0,0.090311,0.0,1.514868,0.546256,0.8349,1.232622,0.304229,0.911679,0.0
127,0.0,0.784338,0.0,0.0,0.342732,0.0,0.67776,0.715171,0.070921,0.0,1.160257,0.0,0.293886,1.085897,0.989466,0.0,0.0,0.466692,0.0,0.0,0.320719,0.260209,0.106017,0.0,0.0,1.008194,0.0,1.838522,0.273853,0.451861,0.176949,0.378253,1.171014,0.295598,0.0,0.0,1.825538,1.378074,0.594914,0.883445,1.142725,0.145834,0.434146,0.575821,0.0,0.86709,0.0,0.0,0.728117,1.660194,0.0,0.0,0.684665,0.0,0.0,0.028454,0.0,2.007071,0.890271,0.878166,0.884866,0.848934,0.511683,0.0
128,0.0,1.194289,0.0,0.404237,0.909169,0.0,0.0,0.269555,0.0,0.0,0.538233,0.0,0.0,1.034026,0.968038,0.0,0.262627,0.686569,0.0,0.0,1.292514,0.814707,0.744242,0.0,0.0,1.066166,0.0,1.360344,0.13428,0.131293,0.0,1.174181,0.882253,0.065691,0.0,0.0,1.939404,1.566105,0.855782,1.059417,1.188855,0.0,0.615583,1.392726,0.030489,0.942286,0.0,0.0,0.982082,1.528405,0.0,0.0,0.5935,0.0,0.0,0.0,0.0,2.160795,1.106311,0.929506,0.134533,1.314013,0.38899,0.0
129,0.0,1.192735,0.0,0.544458,1.087096,0.0,0.0,0.385684,0.237409,0.0,0.749139,0.0,0.0,0.968278,0.73848,0.0,0.042838,0.507143,0.0,0.0,1.28309,1.140283,0.956973,0.0,0.0,0.800725,0.0,0.940594,0.153903,0.460368,0.0,1.330022,0.556269,0.272605,0.0,0.0,1.596429,1.663537,0.696485,1.059462,1.215371,0.0,0.936427,0.985381,0.100523,1.054309,0.0,0.0,1.309247,1.550841,0.0,0.0,0.367315,0.0,0.0,0.0,0.0,1.510535,1.360039,1.268329,0.610523,1.30821,0.581694,0.0
130,0.0,0.878245,0.0,0.0,0.844713,0.0,0.475463,0.698754,0.0,0.0,0.63247,0.0,0.220917,1.016658,0.72164,0.13347,0.0,0.514575,0.0,0.086453,0.489885,0.606885,0.2438,0.0,0.0,0.724123,0.0,1.376825,0.0,0.396532,0.016915,0.669324,0.832876,0.548114,0.0,0.0,1.457396,1.248749,0.694943,0.563718,0.815881,0.00405,0.520415,0.5472,0.100292,0.73706,0.0,0.0,0.789073,1.47039,0.0,0.0,0.40937,0.0,0.0,0.052718,0.0,1.481605,1.039935,0.851213,0.383628,0.901043,0.36486,0.0
131,0.0,0.733312,0.0,0.0,0.539145,0.0,0.610816,0.600399,0.0,0.0,0.546448,0.0,0.178107,0.907614,0.591602,0.073263,0.0,0.276403,0.0,0.008579,0.352599,0.359979,0.013399,0.103236,0.0,0.59715,0.0,1.22057,0.013877,0.165284,0.120538,0.297648,0.822297,0.394975,0.0,0.0,1.033355,0.994418,0.627324,0.208882,0.569648,0.152314,0.375219,0.376525,0.200801,0.65235,0.0,0.0,0.441547,0.944947,0.133946,0.0,0.234077,0.0,0.0,0.299132,0.0,1.400582,0.746489,0.530699,0.35933,0.308464,0.453604,0.0
132,0.0,0.267503,0.0,0.019567,0.241561,0.0,0.54978,0.4423,0.030035,0.0,0.671688,0.0,0.357597,0.814037,0.517712,0.008573,0.0,0.38114,0.0,0.221381,0.261242,0.087167,0.0,0.0,0.0,0.432112,0.0,1.062839,0.060667,0.342333,0.0,0.24811,0.880576,0.398981,0.0,0.0,0.820132,0.872418,0.346573,0.089703,0.60502,0.0,0.567028,0.230463,0.065746,0.40909,0.0,0.0,0.374953,0.758189,0.204982,0.0,0.035325,0.0,0.0,0.330404,0.0,1.225424,0.601071,0.644993,0.52342,0.355884,0.495205,0.0
133,0.0,0.497767,0.0,0.110352,0.643721,0.0,0.513593,0.535618,0.0,0.0,0.530557,0.0,0.0,0.337349,0.569348,0.202243,0.0,0.159263,0.0,0.312793,0.489465,0.408271,0.061238,0.0,0.0,0.475033,0.0,1.023,0.0,0.12026,0.30191,0.538422,0.533911,0.47981,0.0,0.0,1.075132,0.604843,0.610747,0.300273,0.249211,0.016453,0.304872,0.58868,0.130941,0.596924,0.0,0.0,0.431119,0.831768,0.285647,0.0,0.0,0.305302,0.0,0.57624,0.01952,1.454494,0.740421,0.300436,0.122181,0.420533,0.202215,0.0
134,0.0,0.334272,0.0,0.560817,0.593227,0.0,0.072591,0.144433,0.112246,0.0,0.247378,0.0,0.247449,0.32103,0.321164,0.304346,0.156564,0.178142,0.0,0.218726,0.808812,0.311773,0.231683,0.299677,0.0,0.41146,0.0,0.480233,0.070658,0.235592,0.0,0.666848,0.368511,0.552877,0.0,0.0,0.82078,0.369313,0.262605,0.108172,0.05688,0.0,0.274686,0.68876,0.116208,0.433011,0.0,0.0,0.437421,0.542676,0.467354,0.064008,0.0,0.53004,0.0,0.686761,0.0,1.137371,0.533772,0.30967,0.10378,0.314275,0.313413,0.0
135,0.0,0.016563,0.0,0.815088,0.628052,0.0,0.0,0.0,0.475743,0.0,0.420984,0.0,0.390291,0.129965,0.281935,0.100843,0.406342,0.002266,0.0,0.112617,1.033892,0.242599,0.294271,0.702136,0.177846,0.385293,0.0,0.098632,0.236351,0.459788,0.0,0.768501,0.26129,0.767454,0.0,0.0,0.772876,0.363136,0.0,0.0426,0.051185,0.0,0.512183,0.621161,0.065661,0.324264,0.0,0.0,0.485374,0.334086,0.404925,0.378078,0.0,0.674354,0.0,0.910168,0.075374,0.865379,0.621874,0.680836,0.527673,0.37223,0.352149,0.0
136,0.0,0.286661,0.0,1.079308,1.056604,0.0,0.0,0.127463,0.539452,0.0,0.692919,0.0,0.004239,0.0,0.24707,0.0,0.46786,0.0,0.0,0.0,1.589506,0.744344,0.784706,0.855365,0.381735,0.320534,0.0,0.0,0.267749,0.610785,0.0,1.009141,0.0,1.132218,0.0,0.0,1.109909,0.480858,0.0,0.233185,0.213693,0.0,0.754262,0.652383,0.153805,0.460707,0.0,0.0,0.967901,0.616147,0.159135,0.480984,0.0,1.035251,0.0,1.128927,0.0,0.835096,0.994255,0.877192,0.942858,0.531032,0.086071,0.0
137,0.0,0.0,0.0,0.496168,0.745785,0.0,0.212562,0.248854,0.444844,0.0,1.0177,0.0,0.179553,0.0,0.510941,0.0,0.251079,0.0,0.0,0.381387,0.751569,0.389961,0.277033,0.733206,0.225851,0.348015,0.0,0.348831,0.27307,0.455789,0.083728,0.725385,0.255059,1.093568,0.0,0.0,1.256834,0.473583,0.0,0.0,0.289054,0.0,0.769479,0.265217,0.0,0.498278,0.0,0.0,0.721172,0.642729,0.381806,0.574234,0.0,0.982713,0.0,1.443048,0.0,1.393656,1.010757,0.859184,1.158714,0.363875,0.358401,0.0
138,0.0,0.0,0.0,0.488162,0.802064,0.0,0.528533,0.224199,0.32594,0.0,0.922526,0.0,0.26956,0.0,0.698645,0.016319,0.088515,0.0,0.0,0.605969,0.577835,0.272757,0.275305,0.497678,0.186653,0.363841,0.014481,0.677566,0.294333,0.47066,0.120845,0.627078,0.378281,1.327893,0.0,0.0,1.638673,0.440441,0.076659,0.0,0.329959,0.0,0.803772,0.248113,0.0,0.38678,0.0,0.0,0.803995,0.895824,0.372098,0.511038,0.0,0.811363,0.0,1.424063,0.051778,1.752297,1.035342,0.934641,0.877898,0.712778,0.200844,0.0
139,0.0,0.0,0.0,0.031633,0.583419,0.0,0.685462,0.191097,0.437169,0.0,1.319749,0.0,0.089586,0.0,1.052777,0.0,0.135266,0.0,0.0,0.89029,0.122288,0.144199,0.0,0.454627,0.054176,0.450142,0.0,0.907259,0.297572,0.347658,0.104336,0.58663,0.512606,1.190944,0.0,0.0,1.58208,0.87017,0.070671,0.0,0.755044,0.0,1.007912,0.036361,0.0,0.523445,0.0,0.0,0.588266,0.706968,0.292026,0.393316,0.0,0.961404,0.0,1.393161,0.0,2.197649,1.275735,1.032532,1.366936,0.524728,0.638857,0.0
140,0.0,0.0,0.0,0.582041,1.075731,0.0,0.434843,0.0,0.447408,0.0,0.706727,0.0,0.0,0.0,1.24843,0.0,0.420591,0.0,0.0,0.855651,0.863209,0.234796,0.364554,0.660549,0.192851,0.35709,0.0,0.592708,0.19806,0.0,0.0,1.240081,0.0,1.016858,0.0,0.0,1.738329,1.221759,0.418693,0.0,0.438295,0.0,0.950494,0.810119,0.0,0.447775,0.0,0.0,0.465025,0.502661,0.0,0.314123,0.0,0.89488,0.0,1.05033,0.0,2.435536,1.69805,1.312279,0.395984,1.147601,0.36296,0.0
141,0.0,0.023699,0.0,0.47545,1.49105,0.0,0.375349,0.0,0.253457,0.0,0.282247,0.0,0.0,0.0,1.192613,0.21007,0.105598,0.220246,0.0,0.960401,0.713859,0.524464,0.439412,0.470681,0.136209,0.214599,0.0,0.690632,0.0,0.0,0.0,1.588438,0.0,0.808694,0.0,0.0,1.498745,1.467103,0.761578,0.0,0.392101,0.0,0.783877,0.774799,0.0,0.50435,0.0,0.0,0.42796,0.60752,0.0,0.029266,0.0,0.773081,0.0,0.836268,0.0,2.338374,1.66422,1.212372,0.0,1.224378,0.287552,0.0
142,0.0,0.515142,0.0,0.469046,1.396037,0.0,0.281528,0.093799,0.152216,0.0,0.289751,0.0,0.0,0.0,0.970528,0.379529,0.0,0.360799,0.0,0.649165,0.641481,0.934039,0.511102,0.0,0.04292,0.31287,0.0,0.843257,0.0,0.0,0.0,1.317453,0.036703,1.029612,0.0,0.0,1.49983,1.395229,0.790344,0.0,0.818875,0.0,0.679305,0.421789,0.0,0.266164,0.0,0.0,0.885322,0.904936,0.0,0.0,0.0,0.951234,0.0,0.566433,0.0,1.613849,1.201238,1.068581,0.210653,1.240698,0.154569,0.0
143,0.0,0.304425,0.0,0.315274,1.437508,0.0,0.623343,0.0,0.157149,0.0,0.0,0.0,0.0,0.0,0.849386,0.443901,0.0,0.73466,0.0,0.960925,0.086804,0.721708,0.254731,0.374131,0.121215,0.113429,0.0,0.75417,0.0,0.0,0.0,1.503823,0.00798,0.478268,0.0,0.0,0.816248,1.441915,0.813312,0.0,0.422302,0.0,0.35962,0.272651,0.0,0.236922,0.0,0.0,0.25865,0.41188,0.08553,0.0,0.0,0.977718,0.0,0.462384,0.0,1.459322,1.084128,1.177513,0.03304,0.880092,0.286602,0.0
144,0.0,0.292476,0.0,1.099003,1.702326,0.0,0.475466,0.0,0.282705,0.0,0.0,0.0,0.0,0.0,0.429536,0.567912,0.341947,1.065726,0.0,0.800959,0.37313,0.972678,0.710904,0.822935,0.304864,0.084723,0.0,0.453889,0.0,0.0,0.0,1.923403,0.0,0.279009,0.0,0.25104,0.610508,1.396388,0.921986,0.0,0.28402,0.0,0.424614,0.412344,0.0,0.119117,0.0,0.0,0.376577,0.301025,0.0,0.039484,0.0,1.030335,0.0,0.013313,0.0,0.75812,1.160517,1.530912,0.0,1.043512,0.194636,0.0
145,0.086439,0.102077,0.0,1.400072,1.360065,0.0,0.636199,0.0,0.497092,0.0,0.0,0.082777,0.0,0.07333,0.127992,0.388505,0.565378,0.935042,0.0,0.854888,0.149526,0.690008,0.7941,1.574447,0.340021,0.00014,0.0,0.190458,0.0,0.0,0.0,1.929651,0.0,0.101882,0.0,0.622369,0.075992,1.243706,0.582669,0.0,0.073659,0.0,0.325081,0.196822,0.0,0.024857,0.0,0.0,0.063414,0.0,0.0,0.147586,0.0,1.0268,0.0,0.0,0.0,0.260241,1.180696,1.491274,0.057899,0.68669,0.18017,0.0
146,0.007215,0.407037,0.063409,0.399109,0.909778,0.0,0.841287,0.034763,0.091282,0.0,0.0,0.254501,0.0,0.0,0.40536,0.469757,0.0,0.888069,0.0,1.027329,0.0,0.658478,0.051186,0.425633,0.0,0.103195,0.0,0.779671,0.0,0.0,0.541832,1.278733,0.0,0.425779,0.0,0.109097,0.24186,1.145204,0.81341,0.0,0.213496,0.0,0.0,0.089928,0.022959,0.0,0.0,0.0,0.110393,0.238342,0.297457,0.038768,0.0,1.292168,0.0,0.291261,0.0,0.834869,0.658857,0.81517,0.209702,0.610528,0.10214,0.0
147,0.0,0.423435,0.296365,0.041683,0.771255,0.0,0.977459,0.0,0.0,0.0,0.0,0.250027,0.0,0.0,0.585252,0.476621,0.0,0.808905,0.0,1.273906,0.0,0.383623,0.0,0.727877,0.0,0.162603,0.0,0.729176,0.0,0.0,0.955196,1.211106,0.0,0.167758,0.0,0.151838,0.0,1.287896,0.981629,0.0,0.04845,0.0,0.0,0.312351,0.080387,0.064016,0.0,0.0,0.0,0.260031,0.806951,0.0,0.0,1.517923,0.0,0.557027,0.0,1.375173,0.827912,0.472361,0.069537,0.136711,0.24251,0.0
148,0.039182,0.702769,0.232609,0.0,0.185017,0.0,0.902643,0.195562,0.0,0.0,0.269505,0.734979,0.0,0.078822,0.393494,0.329025,0.0,0.552105,0.0,1.003269,0.0,0.311734,0.0,0.558011,0.0,0.219723,0.0,0.558211,0.0,0.0,1.419114,0.657292,0.0,0.440183,0.0,0.151211,0.0,1.192778,0.721857,0.0,0.327022,0.0,0.0,0.023113,0.046129,0.158271,0.0,0.0,0.0,0.371356,0.894364,0.0,0.0,1.85107,0.0,0.611388,0.0,0.974124,0.601746,0.17605,0.703763,0.0,0.321143,0.0
149,0.072438,0.486909,0.332294,0.288167,0.302994,0.0,1.061919,0.0,0.0,0.0,0.048507,0.75571,0.0,0.193958,0.348742,0.377342,0.0,0.61202,0.0,1.177369,0.0,0.228591,0.0,1.197099,0.0,0.059448,0.0,0.538033,0.0,0.0,1.311443,1.143894,0.0,0.356108,0.0,0.240707,0.0,1.017838,0.611667,0.0,0.0,0.0,0.0,0.086027,0.09013,0.166786,0.0,0.0,0.0,0.25218,0.584269,0.136144,0.0,1.506735,0.0,0.474946,0.0,0.871733,0.817607,0.274327,0.448934,0.0,0.166489,0.0
150,0.089901,0.450374,0.360223,0.177218,0.07373,0.0,1.150017,0.020914,0.0,0.013795,0.146029,0.823705,0.0,0.310724,0.33318,0.358257,0.0,0.681476,0.0,1.143781,0.0,0.127258,0.0,0.953528,0.0,0.053494,0.0,0.590225,0.0,0.0,1.28384,0.905292,0.0,0.41204,0.0,0.345214,0.0,1.018338,0.433283,0.0,0.138117,0.0,0.003948,0.0,0.096987,0.107208,0.0,0.0,0.0,0.187586,0.721558,0.132842,0.0,1.544105,0.0,0.438174,0.0,0.80501,0.504345,0.242476,0.716971,0.0,0.321468,0.0
151,0.130101,0.166166,0.411811,0.292307,0.288976,0.0,1.461191,0.0,0.0,0.0,0.035417,0.587446,0.0,0.219725,0.463892,0.404176,0.0,0.747345,0.0,1.414095,0.0,0.0,0.0,1.229877,0.0,0.026209,0.0,0.75938,0.0,0.0,1.156432,1.060348,0.0,0.0,0.0,0.532032,0.0,0.965396,0.511199,0.0,0.0,0.0,0.0,0.150381,0.015412,0.008065,0.0,0.0,0.0,0.004233,0.835619,0.143451,0.0,1.341313,0.0,0.522188,0.0,1.221763,0.817204,0.326073,0.209105,0.0,0.200166,0.0
152,0.039988,0.440585,0.366046,0.369157,0.814065,0.0,1.292915,0.0,0.0,0.0,0.0,0.256083,0.0,0.125438,0.41103,0.682304,0.120497,1.308065,0.0,1.329419,0.033392,0.22873,0.0,0.425637,0.0,0.162396,0.0,0.765282,0.0,0.0,0.731194,1.051962,0.030298,0.0,0.0,0.500589,0.0,1.009262,0.990596,0.0,0.162729,0.0,0.0,0.429537,0.005924,0.0,0.0,0.0,0.0,0.096003,0.986969,0.0,0.0,1.48486,0.0,0.359286,0.0,1.284344,0.756718,0.31226,0.002533,0.207065,0.393676,0.0
153,0.020406,0.602095,0.1953,0.883499,1.231035,0.0,0.975631,0.0,0.0,0.0,0.0,0.153113,0.0,0.0,0.448254,0.86301,0.287006,1.512116,0.0,1.128533,0.408602,0.49061,0.09305,0.248495,0.0,0.209745,0.0,0.615673,0.0,0.0,0.478467,1.4563,0.09593,0.0,0.0,0.58155,0.266799,0.997964,1.111157,0.0,0.249871,0.0,0.0,0.682937,0.0,0.0,0.0,0.0,0.043879,0.167082,0.826998,0.0,0.0,1.488134,0.0,0.251755,0.0,1.208322,1.046713,0.556407,0.0,0.62218,0.241009,0.0
154,0.0,0.693728,0.0,0.834692,1.517722,0.0,0.969903,0.0,0.0,0.0,0.009604,0.108628,0.0,0.0,0.698952,0.980103,0.152975,1.697116,0.0,1.349507,0.411597,0.730682,0.159226,0.0,0.0,0.195888,0.0,1.004719,0.0,0.0,0.561039,1.881363,0.177384,0.0,0.0,0.374914,0.605777,1.277856,1.467411,0.0,0.386269,0.0,0.0,0.802853,0.0,0.0,0.0,0.0,0.383821,0.321822,0.507935,0.0,0.0,1.397155,0.0,0.042579,0.0,1.482571,1.204729,0.939453,0.0,1.082818,0.101245,0.0
155,0.121401,0.473347,0.0,1.608941,1.570383,0.019095,0.882092,0.0,0.06543,0.0,0.0,0.253814,0.0,0.0,0.39184,0.90652,0.481822,1.510896,0.0,0.879363,0.465751,0.804482,0.680243,0.89695,0.342798,0.0,0.0,0.405419,0.0,0.0,0.328313,2.040204,0.0,0.0,0.0,0.711469,0.337968,0.846231,0.77111,0.0,0.140991,0.0,0.0,0.429259,0.0,0.0,0.0,0.0,0.45925,0.0,0.136833,0.0,0.0,1.390367,0.0,0.0,0.0,0.574019,1.305999,1.254933,0.017448,0.932994,0.0,0.0
156,0.246472,0.457371,0.035459,1.705916,1.729408,0.018883,1.085354,0.0,0.029834,0.0,0.0,0.281065,0.0,0.0,0.444857,0.95671,0.524274,1.471041,0.0,0.985657,0.277373,0.725736,0.681751,1.377149,0.479452,0.0,0.0,0.36853,0.0,0.0,0.533227,2.306015,0.0,0.0,0.0,0.672704,0.224901,0.903082,0.671849,0.0,0.0,0.0,0.0,0.336568,0.0,0.0,0.0,0.0,0.266849,0.0,0.082961,0.054908,0.0,1.410541,0.0,0.0,0.0,0.502274,1.489574,1.408742,0.053605,0.804179,0.0,0.0
157,0.095729,0.920954,0.0,1.529068,1.776991,0.216511,0.631641,0.0,0.0,0.061202,0.0,0.243315,0.0,0.0,0.49013,1.358711,0.46894,1.710478,0.0,1.117949,0.595143,1.125721,0.758836,0.692809,0.345088,0.0,0.0,0.315227,0.0,0.0,0.65672,2.242207,0.0,0.0,0.0,0.677318,0.44091,1.201389,1.114288,0.0,0.261636,0.0,0.0,0.630125,0.0,0.026067,0.0,0.0,0.718388,0.078632,0.279802,0.0,0.0,1.909616,0.0,0.0,0.0,0.713805,1.493497,1.228534,0.208782,0.88113,0.017639,0.0
158,0.164012,0.959253,0.103703,1.465597,1.919922,0.240064,0.763832,0.0,0.0,0.059372,0.0,0.156026,0.0,0.0,0.582978,1.446304,0.550492,1.633357,0.0,1.275562,0.533516,0.836397,0.540842,0.936042,0.304357,0.0,0.0,0.158924,0.0,0.0,0.712914,2.289505,0.0,0.0,0.0,0.629852,0.372661,1.134071,1.115471,0.0,0.0,0.0,0.0,0.779331,0.0,0.016644,0.0,0.0,0.466731,0.0,0.765563,0.0,0.0,2.100746,0.0,0.30794,0.0,0.936879,1.712937,1.007352,0.0,0.763326,0.0,0.0
159,0.202791,1.112647,0.147421,1.914407,2.148495,0.345771,0.602012,0.0,0.0,0.158261,0.0,0.165937,0.0,0.0,0.407103,1.727819,0.7414,1.935779,0.0,1.200057,0.731057,1.1952,0.804465,0.955848,0.493446,0.0,0.0,0.120755,0.0,0.0,0.729988,2.513695,0.0,0.0,0.0,0.849867,0.4288,1.07763,1.311267,0.0,0.0,0.0,0.0,1.005768,0.0,0.144192,0.0,0.0,0.576079,0.091793,0.596711,0.0,0.0,2.125203,0.0,0.203255,0.0,0.809803,1.756616,1.012807,0.0,0.942495,0.0,0.0
160,0.403008,0.569821,0.235429,1.985576,2.056722,0.30478,1.056334,0.0,0.0,0.076489,0.0,0.272386,0.0,0.0,0.276158,1.578056,0.822542,1.939806,0.0,1.214339,0.29599,1.014505,0.824471,1.49588,0.575445,0.0,0.0,0.106982,0.0,0.0,0.656263,2.569214,0.0,0.0,0.0,0.934263,0.193099,0.885604,0.956763,0.0,0.0,0.0,0.0,0.706865,0.0,9.8e-05,0.0,0.0,0.168547,0.0,0.472954,0.0,0.0,1.695837,0.0,0.107665,0.0,0.501035,1.709983,1.288395,0.0,0.832924,0.0,0.0
161,0.086138,1.124456,0.251191,1.490952,1.869174,0.061579,0.606862,0.0,0.0,0.23191,0.0,0.161214,0.0,0.0,0.626936,1.589068,0.521061,1.492287,0.0,1.253919,0.758025,0.921149,0.582799,0.794475,0.165945,0.11289,0.0,0.059508,0.0,0.0,0.91325,2.369309,0.0,0.0,0.0,0.747305,0.312226,1.518283,1.371516,0.0,0.0,0.0,0.0,1.217996,0.0,0.0,0.0,0.0,0.587536,0.239323,0.83682,0.0,0.0,2.362496,0.0,0.283046,0.0,1.146843,1.827593,0.934184,0.0,0.710943,0.0,0.0
162,0.146477,0.49607,0.310286,1.017751,1.004227,0.0,1.077509,0.0,0.165647,0.055508,0.0,0.472146,0.0,0.0,0.568253,0.984155,0.125616,0.917445,0.0,1.073844,0.0,0.615421,0.331814,1.121358,0.187214,0.0,0.0,0.463026,0.0,0.0,0.845362,2.004374,0.0,0.0,0.0,0.623936,0.082727,1.118565,0.436501,0.0,0.0,0.0,0.0,0.26209,0.0,0.0,0.0,0.0,0.064504,0.049798,0.8088,0.192414,0.0,1.697683,0.0,0.294023,0.0,0.661019,1.09992,1.14142,0.509668,0.359488,0.0,0.0
163,0.206628,0.205546,0.302497,1.228395,0.779682,0.0,1.09676,0.0,0.307281,0.132582,0.0,0.555161,0.0,0.0,0.448294,0.68841,0.280321,0.711864,0.0,0.864295,0.0,0.598014,0.588941,1.556645,0.325192,0.113902,0.0,0.417475,0.0,0.0,0.678204,2.085003,0.0,0.0,0.0,0.841633,0.0,1.105458,0.143276,0.0,0.0,0.0,0.052894,0.10951,0.0,0.0,0.0,0.0,0.0,0.061473,0.480681,0.532928,0.0,1.261286,0.0,0.152393,0.0,0.320272,0.884087,1.444841,0.496288,0.401652,0.0,0.0
164,0.146746,0.0,0.296085,1.36807,0.890281,0.0,0.784484,0.0,0.659085,0.355075,0.078705,0.165148,0.0,0.0,0.487682,0.491065,0.628062,0.660454,0.0,0.740458,0.183416,0.50974,0.639733,1.803006,0.208358,0.418877,0.0,0.0,0.0,0.0,0.201438,1.993424,0.0,0.0,0.0,1.101136,0.0,1.387987,0.209607,0.0,0.0,0.0,0.436807,0.703243,0.0,0.0,0.0,0.0,0.008775,0.031843,0.674822,0.576349,0.0,1.293271,0.0,0.348675,0.0,0.503225,1.196469,1.49961,0.133177,0.502847,0.301692,0.0
165,0.0,0.101459,0.219898,1.117573,0.522431,0.0,0.369025,0.0,0.762721,0.368081,0.293773,0.0,0.0,0.0,0.612322,0.523689,0.446678,0.515226,0.0,0.518863,0.641363,0.653598,0.502275,0.862663,0.0,0.833258,0.0,0.073621,0.0,0.0,0.0,1.572469,0.0,0.010839,0.0,0.810963,0.213667,1.586413,0.496187,0.042554,0.289,0.0,0.760977,1.059893,0.0,0.0,0.0,0.0,0.620237,0.19204,0.735371,0.488233,0.0,1.392809,0.0,0.381777,0.0,0.851963,1.011648,1.399679,0.307694,0.745022,0.406775,0.0
166,0.0,0.0,0.114548,0.988234,0.169173,0.0,0.559321,0.090574,0.775123,0.360518,0.657625,0.134978,0.0,0.180043,0.403914,0.220782,0.371843,0.417704,0.0,0.380137,0.281493,0.778361,0.418969,0.658553,0.0,0.848769,0.0,0.249544,0.06669,0.388065,0.0,1.263037,0.0,0.370952,0.0,0.744122,0.199513,1.379464,0.221641,0.246855,0.67014,0.0,0.974636,0.445403,0.0,0.0,0.0,0.0,0.578535,0.188634,0.609724,0.693569,0.0,0.971573,0.0,0.263395,0.0,0.511043,0.356996,1.690872,0.808537,0.767591,0.587615,0.0
167,0.0,0.0,0.045013,0.856124,0.0,0.0,0.739599,0.391011,0.722721,0.291646,0.70481,0.207421,0.212446,0.499268,0.275917,0.118665,0.282239,0.32113,0.0,0.293349,0.0,0.752661,0.266757,0.758198,0.0,0.705481,0.0,0.482469,0.156725,0.588014,0.038918,0.986676,0.028847,0.576571,0.0,0.670904,0.181935,1.098605,0.0,0.176949,0.778981,0.0,0.958867,0.0,0.0,0.0,0.0,0.0,0.223876,0.131211,0.676778,0.94843,0.0,0.625967,0.0,0.28272,0.0,0.264852,0.0,1.725999,0.816328,0.581032,0.686501,0.0
168,0.0,0.0,0.0,0.746437,0.0,0.0,0.843503,0.261735,0.768713,0.2033,0.717181,0.284165,0.434991,0.361275,0.449597,0.0,0.286578,0.0,0.0,0.400221,0.0,0.203005,0.062807,1.443844,0.0,0.533766,0.0,0.545096,0.164129,0.308922,0.26084,0.847321,0.0,0.496513,0.0,0.557746,0.062756,0.864176,0.0,0.0,0.390194,0.0,0.942626,0.0,0.0,0.0,0.0,0.0,0.0,0.0,0.950911,1.11436,0.0,0.619419,0.0,0.6148,0.0,0.457213,0.0,1.664221,0.635672,0.265116,0.565732,0.0
169,0.0,0.0,0.0,1.264102,0.330843,0.0,0.35594,0.0,0.797345,0.17977,0.495067,0.0,0.0,0.0,0.296688,0.119809,0.505279,0.0,0.0,0.215683,0.62479,0.549014,0.454743,1.544098,0.16577,0.634116,0.0,0.0,0.060999,0.248066,0.145815,1.38756,0.0,0.449361,0.0,0.340167,0.27806,1.230537,0.178355,0.097981,0.0,0.0,0.997087,0.698837,0.0,0.094922,0.0,0.0,0.306019,0.159249,0.414907,1.159688,0.0,0.761774,0.0,0.899301,0.0,0.40296,0.60895,1.647691,0.237699,0.729203,0.374048,0.0
170,0.0,0.222422,0.0,0.804405,0.217221,0.0,0.27037,0.330767,0.794855,0.21719,0.967198,0.125032,0.0,0.0,0.306293,0.0,0.364916,0.0,0.0,0.145344,0.556157,0.70813,0.356168,1.202932,0.0,0.634532,0.0,0.0,0.255936,0.547567,0.48782,1.085146,0.0,0.955322,0.0,0.0,0.501766,1.270815,0.172427,0.447726,0.347569,0.0,1.113568,0.366558,0.0,0.28695,0.0,0.0,0.635802,0.497285,0.328168,1.174873,0.0,1.180035,0.0,1.171637,0.0,0.298645,0.562834,1.676641,1.160674,0.594657,0.549281,0.0
171,0.0,0.0,0.0,0.656989,0.094784,0.0,0.539683,0.532105,0.888022,0.073327,1.215494,0.340461,0.177896,0.0,0.180856,0.0,0.312141,0.0,0.0,0.201862,0.141908,0.56229,0.281847,1.389161,0.115621,0.490686,0.0,0.0,0.484407,0.72491,0.63823,0.881228,0.0,1.223051,0.0,0.0,0.641282,0.874583,0.0,0.306895,0.343509,0.0,1.105685,0.0,0.0,0.298491,0.0,0.0,0.523283,0.509179,0.27279,1.249119,0.0,0.884208,0.0,1.334256,0.035583,0.101303,0.443663,1.827713,1.497575,0.551491,0.543233,0.0
172,0.0,0.0,0.0,0.425915,0.0,0.0,0.534002,0.303259,0.772632,0.0,0.973597,0.0,0.513326,0.0,0.352572,0.0,0.314153,0.0,0.0,0.405503,0.222113,0.26457,0.061904,0.948681,0.041935,0.46671,0.0,0.415789,0.463988,0.468736,0.109953,0.431623,0.17502,1.112015,0.0,0.0,0.871589,0.611719,0.02489,0.151679,0.341444,0.0,0.872909,0.198045,0.0,0.084161,0.0,0.0,0.191786,0.326102,0.609992,1.123771,0.0,0.555619,0.0,1.213081,0.105392,0.71657,0.144208,1.601592,0.678916,0.640712,0.585347,0.0
173,0.0,0.0,0.0,0.577811,0.0,0.0,0.668201,0.610408,0.719237,0.0,1.187409,0.260134,0.566815,0.0,0.0,0.0,0.029827,0.0,0.0,0.379809,0.0,0.645913,0.263041,0.611813,0.0,0.393015,0.0,0.579621,0.602739,0.968239,0.379163,0.552378,0.215789,1.411448,0.0,0.0,0.84665,0.523642,0.067808,0.486826,0.485867,0.0,0.88298,0.0,0.0,0.368065,0.0,0.0,0.692872,0.61861,0.0,1.215666,0.0,0.254545,0.0,1.057789,0.178068,0.184181,0.0,1.703578,1.148651,0.827337,0.591462,0.0
174,0.0,0.0,0.0,1.05672,0.292478,0.0,0.118296,0.22639,0.846928,0.029589,0.886762,0.0,0.317328,0.0,0.0,0.0,0.409098,0.0,0.0,0.085756,0.599958,0.794978,0.574978,0.914383,0.000992,0.498249,0.0,0.064897,0.409115,1.000312,0.0,1.02193,0.020272,1.333865,0.0,0.0,0.72655,0.729576,0.120954,0.53266,0.483201,0.0,0.934112,0.110424,0.0,0.422697,0.0,0.0,0.718791,0.458308,0.0,1.265865,0.0,0.421778,0.0,1.026436,0.067743,0.18821,0.36058,1.78305,0.968266,0.986431,0.471304,0.0
175,0.0,0.117793,0.0,0.336304,0.224666,0.0,0.0,0.338107,0.762022,0.04415,1.170172,0.0,0.0,0.0,0.3482,0.0,0.579211,0.0,0.0,0.008569,0.713622,0.64732,0.258314,0.745333,0.0,0.692033,0.0,0.0,0.355271,0.725064,0.067038,0.74373,0.0,1.026143,0.0,0.0,0.71272,1.132588,0.242092,0.431824,0.757252,0.0,0.93861,0.15211,0.044562,0.532999,0.0,0.0,0.651207,0.392408,0.277889,0.9399,0.0,1.11774,0.0,1.085416,0.0,0.658223,0.5367,1.326728,1.468699,0.440282,0.728447,0.0
176,0.0,0.0,0.0,0.039024,0.263392,0.0,0.174923,0.331236,0.386635,0.02424,0.933381,0.0,0.030406,0.0,0.444417,0.0,0.217771,0.0,0.0,0.318935,0.223998,0.549148,0.035074,0.631079,0.0,0.502193,0.0,0.588148,0.074991,0.370191,0.208488,0.791319,0.0,0.823514,0.0,0.0,0.661731,0.917223,0.494453,0.124832,0.495309,0.0,0.569338,0.095389,0.017206,0.496276,0.0,0.0,0.24627,0.369117,0.388205,0.81532,0.0,0.832814,0.0,1.116623,0.0,1.046028,0.413506,1.131328,0.758572,0.415391,0.589319,0.0
177,0.0,0.0,0.0,0.858818,0.68373,0.0,0.0,0.169317,0.66148,0.042001,0.685011,0.0,0.195433,0.0,0.201545,0.0,0.456911,0.0,0.0,0.0,0.965971,0.831204,0.422204,0.935025,0.273784,0.438389,0.0,0.01361,0.104458,0.640823,0.0,1.030895,0.0,1.097113,0.0,0.0,0.879461,0.667747,0.275654,0.268567,0.281475,0.0,0.506344,0.331071,0.038099,0.278632,0.0,0.0,0.644943,0.425115,0.227282,0.880938,0.0,0.856318,0.0,1.038199,0.0,0.553392,0.750972,1.099702,0.722929,0.693776,0.141195,0.0
178,0.0,0.250556,0.0,1.297969,0.922883,0.0,0.0,0.308661,0.752617,0.27945,0.638381,0.0,0.108708,0.0,0.0,0.18129,0.404972,0.0,0.0,0.0,1.255999,1.406765,0.791067,0.726921,0.268011,0.279533,0.0,0.0,0.147842,0.928039,0.0,1.226973,0.0,1.285824,0.0,0.0,0.847932,0.614671,0.391952,0.663979,0.619249,0.0,0.502444,0.30433,0.229255,0.401816,0.0,0.0,0.99191,0.591936,0.0,0.887918,0.0,0.867497,0.0,0.999157,0.0,0.239517,0.692417,1.094423,0.699041,0.933853,0.013264,0.0
179,0.0,0.343781,0.0,0.706693,0.748316,0.0,0.0,0.511593,0.556892,0.139584,0.832875,0.0,0.068738,0.0,0.102912,0.0,0.359467,0.0,0.0,0.0,0.761508,1.116192,0.358356,0.817632,0.132483,0.211797,0.0,0.0,0.030837,0.764381,0.275679,1.083849,0.0,1.204053,0.0,0.0,0.722929,0.780541,0.294022,0.347661,0.606628,0.0,0.503714,0.0,0.228225,0.375524,0.0,0.0,0.732937,0.434828,0.139312,0.654352,0.0,1.249629,0.0,1.173592,0.0,0.247306,0.865882,1.024471,1.312711,0.493772,0.283469,0.0
180,0.0,0.428637,0.0,0.919528,0.900928,0.0,0.152658,0.214657,0.133613,0.074005,0.254493,0.0,0.0,0.0,0.198099,0.287676,0.234092,0.0,0.0,0.121126,0.877785,0.875592,0.284581,0.955607,0.342253,0.0,0.0,0.0,0.0,0.164869,0.629033,1.147917,0.0,0.884324,0.0,0.0,0.732237,0.672588,0.436533,0.053474,0.0,0.0,0.172462,0.410794,0.264523,0.215568,0.0,0.0,0.537933,0.41388,0.324935,0.464791,0.0,1.19044,0.0,1.253125,0.0,0.612306,0.950797,0.597757,0.326117,0.507302,0.0,0.0
181,0.0,0.070398,0.0,0.550189,0.701778,0.0,0.614887,0.013602,0.0,0.089958,0.144933,0.0,0.0,0.0,0.293335,0.191149,0.162037,0.0,0.0,0.574445,0.338336,0.246948,0.012522,1.279092,0.103554,0.0,0.0,0.088588,0.0,0.0,0.684828,1.309602,0.0,0.727825,0.0,0.0,0.236836,0.780558,0.188684,0.0,0.0,0.0,0.187207,0.238453,0.225962,0.230872,0.0,0.0,0.0,0.098169,0.283746,0.356503,0.0,0.976525,0.0,1.231235,0.0,0.841024,0.992719,0.67091,0.528236,0.214214,0.106281,0.0
182,0.0,0.0,0.0,0.225516,0.370037,0.0,1.139138,0.109377,0.0,0.0,0.230643,0.134977,0.211437,0.0,0.274275,0.175397,0.0,0.0,0.0,0.85071,0.009457,0.0,0.0,1.037812,0.0,0.0,0.0,0.359068,0.036664,0.0,0.996556,0.873823,0.0,0.782218,0.0,0.0,0.185874,0.531985,0.0,0.0,0.0,0.0,0.229537,0.090915,0.233902,0.158487,0.0,0.0,0.0,0.049555,0.391407,0.187491,0.0,0.803771,0.0,1.339339,0.0,1.111752,0.733654,0.503973,0.646036,0.0,0.184416,0.0
183,0.0,0.068116,0.202248,0.401426,0.236295,0.023242,0.865657,0.513088,0.0,0.0,0.046442,0.189808,0.931074,0.608487,0.06357,0.626544,0.020461,0.535924,0.0,0.8594,0.470339,0.0,0.0,0.248513,0.0,0.0,0.0,0.356862,0.254985,0.091997,0.490519,0.228825,0.762108,0.944953,0.0,0.012097,0.430727,0.0,0.254541,0.0,0.162256,0.0,0.0,0.219942,0.461392,0.0,0.0,0.0,0.0,0.223616,0.871727,0.09819,0.0,0.365205,0.0,1.362936,0.0,0.889933,0.019458,0.0,0.014509,0.241716,0.333407,0.0
184,0.0,0.255147,0.174484,0.103042,0.207247,0.149808,1.062222,0.511803,0.0,0.0,0.29763,0.152515,0.62869,0.295809,0.229966,0.52732,0.098376,0.321791,0.0,0.854306,0.687814,0.0,0.0,0.152201,0.0,0.0,0.0,0.503308,0.369307,0.0,1.183682,0.0,0.846699,0.895235,0.0,0.0,0.726042,0.0,0.398379,0.047986,0.160074,0.082312,0.117043,0.399142,0.420986,0.045461,0.0,0.0,0.0,0.298733,0.912056,0.0,0.0,0.666311,0.0,1.55978,0.0,1.415112,0.322467,0.0,0.115244,0.070453,0.100231,0.0
185,0.0,0.0,0.163731,0.0,0.162086,0.10785,1.572489,0.454154,0.0,0.0,0.512684,0.162338,0.846265,0.218662,0.238355,0.383597,0.010999,0.218907,0.0,1.031269,0.435994,0.0,0.0,0.497112,0.0,0.0,0.0,0.779662,0.527983,0.0,1.362539,0.0,1.102446,0.922094,0.0,0.0,0.710054,0.0,0.262703,0.0,0.0,0.068543,0.146964,0.368675,0.266537,0.09601,0.0,0.0,0.0,0.133591,0.977784,0.0,0.0,0.352145,0.0,1.793562,0.0,1.711718,0.353296,0.0,0.39132,0.0,0.144149,0.0
186,0.0,0.744815,0.094873,0.050821,0.293209,0.203804,0.933324,0.947174,0.0,0.0,0.27795,0.141422,0.429226,0.3442,0.220418,0.375651,0.112206,0.120679,0.0,0.47952,0.964749,0.0,0.0,0.364933,0.0,0.0,0.0,0.401274,0.5976,0.325543,1.526189,0.0,1.206236,1.055413,0.0,0.0,0.636552,0.0,0.506881,0.099569,0.295255,0.429184,0.015435,0.247306,0.516981,0.281337,0.0,0.0,0.090182,0.46233,1.202865,0.0,0.0,0.780867,0.0,1.746511,0.0,1.230142,0.158676,0.0,0.708629,0.0,0.042961,0.0
187,0.0,0.534953,0.125105,0.242408,0.352562,0.155166,0.868613,0.895469,0.0,0.0,0.221837,0.0,0.658499,0.616623,0.206471,0.507716,0.024367,0.535207,0.0,0.709649,0.858233,0.0,0.0,0.405826,0.0,0.0,0.0,0.462092,0.41297,0.4519,1.053121,0.172771,1.114343,0.997807,0.0,0.0,0.479624,0.0,0.435254,0.114545,0.157503,0.050624,0.0,0.403239,0.411763,0.323722,0.0,0.0,0.0,0.450897,0.923343,0.0,0.0,0.396186,0.0,1.659838,0.0,1.16748,0.096856,0.0,0.455418,0.075207,0.150451,0.0
188,0.0,0.795924,0.0,0.941389,0.675377,0.112602,0.339459,0.696184,0.0,0.0,0.191551,0.0,0.2151,0.561841,0.151058,0.345077,0.200789,0.42186,0.0,0.512168,1.47815,0.350321,0.055958,0.063885,0.0,0.169441,0.0,0.16342,0.145311,0.482407,0.951055,0.639757,0.674457,0.929405,0.0,0.0,0.796141,0.0,0.411155,0.528594,0.310827,0.025514,0.016377,0.758671,0.458477,0.483027,0.0,0.0,0.353021,0.750262,0.598885,0.0,0.0,0.750016,0.0,1.378432,0.0,1.007015,0.361137,0.0,0.185832,0.464152,0.0,0.0
189,0.0,0.314455,0.0,0.41002,0.321037,0.116612,0.778902,0.614475,0.0,0.0,0.62107,0.084907,0.572581,0.194281,0.148033,0.352802,0.071382,0.0,0.0,0.303624,0.971698,0.0,0.0,0.700648,0.0,0.000334,0.0,0.247777,0.598853,0.535771,1.193629,0.133283,0.847399,0.945151,0.0,0.0,0.67853,0.0,0.055214,0.190591,0.181748,0.091859,0.295472,0.20044,0.167441,0.265313,0.0,0.0,0.508841,0.414591,0.921435,0.054684,0.0,0.592634,0.0,1.747258,0.0,0.768286,0.298624,0.0,0.978976,0.0,0.197518,0.0
190,0.0,0.0,0.0,0.501699,0.050445,0.181972,0.643497,0.125058,0.052509,0.0,0.76063,0.0,0.468059,0.0,0.294106,0.40454,0.619038,0.0,0.0,0.542853,1.158936,0.0,0.0,0.358546,0.0,0.204296,0.0,0.184102,0.58546,0.186407,0.711077,0.046614,0.755807,0.750585,0.0,0.0,1.0624,0.0,0.093881,0.314479,0.181707,0.0,0.446715,0.745244,0.0,0.0,0.0,0.0,0.128433,0.178594,1.090592,0.256349,0.0,0.916,0.0,1.749733,0.0,1.358869,0.429996,0.0,0.596222,0.012909,0.279719,0.0
191,0.0,0.0,0.016555,0.711439,0.034331,0.043437,0.704565,0.204361,0.255802,0.0,0.627982,0.0,0.647483,0.20897,0.241712,0.486691,0.358943,0.0,0.0,0.375035,0.92539,0.0,0.0,0.803991,0.093463,0.0,0.0,0.013473,0.502259,0.403148,0.471602,0.464673,0.554409,0.729034,0.0,0.213384,0.569254,0.0,0.0,0.114859,0.13821,0.0,0.80674,0.307002,0.0,0.0,0.0,0.0,0.146043,0.065625,0.994247,0.560604,0.0,0.700687,0.0,1.675213,0.0,0.617601,0.178907,0.385754,0.873296,0.0,0.54361,0.0
192,0.0,0.231392,0.13106,1.549743,0.287525,0.0,0.318748,0.228192,0.474113,0.324997,0.214743,0.0,0.390052,0.205332,0.103183,0.652851,0.383865,0.0,0.0,0.083626,1.410442,0.399723,0.253689,0.843198,0.605408,0.0,0.0,0.0,0.480031,0.644997,0.271624,0.819378,0.280728,0.883537,0.0,0.467522,0.504196,0.0,0.0,0.320592,0.096025,0.0,0.960387,0.443705,0.0147,0.0,0.0,0.0,0.599465,0.156664,0.921417,0.769189,0.0,0.945792,0.0,1.628186,0.0,0.0,0.144727,0.313349,0.421207,0.360473,0.266847,0.0
193,0.0,0.101541,0.184355,1.392119,0.142919,0.0,0.889629,0.0,0.619334,0.387671,0.429783,0.05027,0.115826,0.0,0.335501,0.798593,0.436039,0.0,0.0,0.482501,0.738366,0.028894,0.0,1.252668,0.315733,0.008718,0.0,0.0,0.259321,0.143115,0.663653,0.986134,0.0,0.528564,0.0,0.741141,0.362013,0.35443,0.0,0.095015,0.0,0.0,1.172424,0.634028,0.0,0.0,0.0,0.0,0.161056,0.0,1.100995,0.946106,0.0,1.306506,0.0,1.525943,0.0,0.44944,0.681859,0.459188,0.605947,0.0,0.453196,0.0
194,0.0,0.0,0.318579,1.90357,0.413989,0.0,1.405919,0.0,0.740854,0.612932,0.286136,0.0,0.0,0.024209,0.306026,1.185141,0.619732,0.387901,0.0,0.884878,0.462568,0.036362,0.245269,1.5684,0.234042,0.117238,0.0,0.0,0.0,0.21385,0.219156,1.704176,0.0,0.072134,0.0,1.184002,0.023317,0.774348,0.0,0.0,0.0,0.0,1.299492,0.840747,0.0,0.0,0.0,0.0,0.0,0.0,0.972453,1.030282,0.0,1.019288,0.0,1.104774,0.0,0.442281,1.066308,1.247676,0.377415,0.192618,0.677564,0.0
195,0.0,0.0,0.352519,1.864197,0.434588,0.0,1.661247,0.0,0.726583,0.699703,0.35206,0.001107,0.0,0.009878,0.498529,1.398621,0.64155,0.40565,0.0,1.121338,0.154696,0.0,0.319678,1.621355,0.107692,0.161632,0.0,0.0,0.0,0.014923,0.225801,2.014438,0.0,0.0,0.0,1.288834,0.133246,0.826671,0.0,0.0,0.0,0.0,1.361534,0.836147,0.0,0.0,0.0,0.0,0.0,0.0,1.18803,1.036265,0.0,1.051109,0.0,0.913277,0.0,0.706214,1.250058,1.588026,0.560308,0.262401,0.686292,0.0
196,0.0,0.0,0.334182,1.9338,0.207466,0.0,1.367085,0.0,1.022837,0.870657,0.523705,0.0,0.100673,0.21814,0.653696,1.164102,0.785512,0.336293,0.0,0.935894,0.438272,0.081709,0.12676,1.616398,0.223878,0.385861,0.0,0.0,0.0,0.503016,0.0,1.699916,0.0,0.08509,0.0,1.471921,0.048572,0.829633,0.0,0.0,0.001032,0.0,1.606898,0.767881,0.0,0.0,0.0,0.0,0.0,0.0,1.60696,1.068215,0.0,1.52457,0.0,1.057795,0.0,0.620324,1.111534,1.395051,0.804376,0.199071,0.949023,0.0
197,0.0,0.0,0.297598,2.276456,0.521196,0.0,1.143151,0.0,1.07463,0.830637,0.383929,0.0,0.136582,0.249181,0.514956,1.467104,0.97524,0.547083,0.0,0.837138,0.559206,0.34629,0.283661,1.215957,0.314251,0.379115,0.0,0.0,0.0,0.582739,0.0,1.665583,0.166644,0.0,0.0,1.46284,0.442794,0.425867,0.0,0.0,0.037809,0.0,1.367937,1.04273,0.0,0.0,0.0,0.0,0.221809,0.0,1.633138,0.928873,0.0,1.524745,0.0,0.953443,0.0,0.769411,1.092858,1.124672,0.162849,0.424919,0.927699,0.0
198,0.0,0.0,0.215047,2.5481,0.93,0.0,0.739493,0.0,1.169173,0.736624,0.353083,0.0,0.0,0.0,0.664605,1.095022,1.149964,0.140848,0.0,0.350566,1.176447,0.363487,0.525874,1.970138,0.854111,0.381137,0.0,0.0,0.0,0.624469,0.0,2.016209,0.0,0.0,0.0,1.328862,0.361669,0.398714,0.0,0.0,0.0,0.0,1.462747,1.008879,0.0,0.0,0.0,0.0,0.428146,0.0,1.247153,0.900941,0.0,1.490009,0.0,1.182791,0.0,0.54248,1.749923,1.143559,0.298789,0.47449,0.476054,0.0
199,0.0,0.325369,0.235053,2.058016,1.246833,0.0,0.0,0.0,0.913385,0.792133,0.450677,0.0,0.0,0.0,0.777711,1.321934,0.830517,0.511896,0.0,0.387181,1.855105,0.819784,0.756482,0.767511,0.370456,0.837115,0.0,0.0,0.0,0.430879,0.0,2.06414,0.130745,0.0,0.0,1.094112,1.062765,0.511716,0.260186,0.157489,0.152999,0.0,1.241336,1.525152,0.0,0.0,0.0,0.0,1.024542,0.131198,1.22651,0.425929,0.0,1.699828,0.0,0.999786,0.0,1.166281,1.772979,0.769855,0.146345,0.862307,0.483633,0.0
200,0.0,0.621261,0.139119,1.685278,0.863832,0.0,0.0,0.0,0.65418,0.589041,0.474848,0.0,0.0,0.024937,0.804348,1.122279,0.613591,0.593246,0.0,0.080382,1.821033,0.854811,0.703227,0.483903,0.309472,0.777589,0.0,0.0,0.0,0.585265,0.0,1.596229,0.509415,0.0,0.0,0.945213,0.876183,0.386223,0.184805,0.276468,0.593962,0.0,1.026083,1.114398,0.0,0.0,0.0,0.0,1.124325,0.174733,1.247936,0.302827,0.0,1.574648,0.0,0.825348,0.0,0.957401,1.44339,0.421065,0.505248,0.610803,0.518731,0.0
201,0.0,0.598397,0.0,1.470383,0.934512,0.0,0.055931,0.0,0.245517,0.222474,0.475554,0.0,0.166723,0.202808,0.87444,1.277905,0.279007,0.700711,0.0,0.247999,1.356476,0.606575,0.603569,0.0,0.00317,0.663797,0.0,0.274162,0.0,0.256732,0.087711,1.553125,0.786339,0.0,0.0,0.659116,1.331077,0.184677,0.622366,0.238052,0.717868,0.0,0.651279,0.996795,0.0,0.0,0.0,0.0,1.111155,0.519653,1.294103,0.0,0.0,1.012017,0.0,0.557442,0.0,1.315527,1.371587,0.285051,0.024076,0.777011,0.125205,0.0
202,0.0,0.225838,0.168605,1.123436,0.856104,0.0,1.192253,0.0,0.090822,0.026208,0.405536,0.0,0.0,0.541798,0.925582,0.961628,0.344577,1.127982,0.0,0.436306,0.53775,0.289048,0.0,0.464712,0.0,0.38185,0.0,0.286572,0.0,0.182275,0.0,1.45747,0.741101,0.0,0.0,0.695621,0.518869,0.570823,0.633792,0.0,0.199356,0.0,0.315375,0.635332,0.0,0.0,0.0,0.0,0.48307,0.076723,1.15509,0.034859,0.0,0.687043,0.0,0.55984,0.0,1.537997,1.387396,0.567995,0.0,0.199146,0.679596,0.0
203,0.0,0.420534,0.0,1.540132,1.057013,0.132857,1.172153,0.0,0.030618,0.302263,0.338532,0.0,0.0,0.519145,0.969938,1.006554,0.671064,1.546883,0.0,0.516063,0.870416,0.303711,0.209402,0.121674,0.0,0.646895,0.0,0.291779,0.0,0.193589,0.0,1.745381,0.767364,0.0,0.0,0.98498,0.760599,0.928861,0.769438,0.0,0.344295,0.0,0.607596,1.18366,0.0,0.0,0.0,0.0,0.912483,0.142588,1.199878,0.0,0.0,0.646873,0.0,0.123508,0.0,1.712103,1.537699,0.721992,0.0,0.689431,0.882136,0.0
204,0.0,0.316193,0.0,1.797657,0.832128,0.181655,1.088581,0.006912,0.005149,0.335908,0.359681,0.0,0.204346,0.845288,0.926504,0.92532,0.546317,1.418621,0.0,0.245856,0.843176,0.181014,0.540666,0.028481,0.0,0.557515,0.0,0.472928,0.0,0.449427,0.0,1.727637,0.838102,0.0,0.0,0.912139,0.837966,0.673574,0.413564,0.103605,0.75032,0.0,0.764504,0.810217,0.0,0.0,0.0,0.0,1.243097,0.232515,1.157056,0.0,0.0,0.393794,0.0,0.0,0.0,1.330139,1.38481,0.962429,0.118846,0.987462,0.585795,0.0
205,0.0,0.159606,0.0,1.732679,0.65113,0.278223,1.249468,0.0,0.154629,0.410187,0.565859,0.0,0.0,0.766428,1.041417,0.799618,0.640941,1.583967,0.0,0.50282,0.773812,0.156559,0.374436,0.039786,0.0,0.715029,0.0,0.456089,0.0,0.404798,0.0,1.638986,0.829782,0.0,0.0,1.11235,0.718587,1.162999,0.518074,0.078872,0.734774,0.0,0.979913,1.133334,0.0,0.0,0.0,0.0,1.126381,0.121047,1.148756,0.0,0.0,0.465246,0.0,0.0,0.0,1.76807,1.388637,1.086981,0.092351,0.917816,0.882095,0.0
206,0.0,0.0,0.0,1.409291,0.190655,0.284836,1.2605,0.224219,0.340177,0.455972,0.616965,0.0,0.407683,1.18167,0.847408,0.532545,0.528584,1.162425,0.0,0.204507,0.328234,0.012721,0.30522,0.456635,0.0,0.451395,0.0,0.447545,0.044564,0.770425,0.0,1.069657,0.987874,0.0,0.0,1.108071,0.347415,0.746915,0.0,0.0,0.94946,0.0,0.891082,0.32198,0.0,0.0,0.0,0.0,0.835465,0.0,1.291767,0.079673,0.0,0.447043,0.0,0.151826,0.0,1.087582,0.694829,1.143186,0.517325,0.545116,0.94726,0.0
207,0.0,0.0,0.0,1.296762,0.65575,0.077801,1.120827,0.0,0.421966,0.293164,0.502385,0.0,0.0,0.518574,0.944694,0.66474,0.532627,1.136657,0.0,0.483991,0.42841,0.144236,0.225894,0.490401,0.0,0.5113,0.0,0.276446,0.0,0.264646,0.0,1.353376,0.559434,0.0,0.0,0.897808,0.550109,1.019922,0.395104,0.0,0.490457,0.0,0.792231,0.772828,0.0,0.0,0.0,0.0,0.700187,0.069466,0.97836,0.106047,0.0,0.636037,0.0,0.175075,0.0,1.49313,1.205364,1.008436,0.154089,0.524096,0.889623,0.0
208,0.0,0.24981,0.0,0.952943,0.507334,0.0,0.73073,0.052585,0.306784,0.064192,0.432816,0.0,0.032727,0.225425,0.863679,0.46063,0.127522,0.619199,0.0,0.181743,0.52517,0.302039,0.344476,0.451988,0.202782,0.311517,0.0,0.258252,0.08593,0.246478,0.0,1.074334,0.399268,0.186115,0.0,0.573161,0.561944,0.589226,0.0,0.0,0.455883,0.0,0.615254,0.154221,0.0,0.0,0.0,0.0,0.856148,0.260461,0.809658,0.294792,0.0,0.848747,0.0,0.40409,0.0,0.865498,1.025398,0.675927,0.572763,0.415056,0.459734,0.0
209,0.0,0.009927,0.0,0.733726,0.929033,0.0,0.702727,0.0,0.440825,0.0,0.418833,0.0,0.0,0.0,1.053389,0.244077,0.265561,0.141731,0.0,0.513667,0.617133,0.275944,0.348327,0.911053,0.153906,0.241349,0.0,0.108977,0.0,0.0,0.0,1.466774,0.0,0.115672,0.0,0.323225,0.690379,0.858392,0.169109,0.0,0.025542,0.0,0.644419,0.467351,0.0,0.0,0.0,0.0,0.537129,0.097251,0.442604,0.147241,0.0,1.003595,0.0,0.692386,0.0,1.395601,1.660964,0.76413,0.394836,0.59091,0.172305,0.0
210,0.0,0.291563,0.0,0.712391,1.577659,0.0,0.412436,0.0,0.13989,0.0,0.0,0.0,0.0,0.0,0.898672,0.605777,0.256288,0.665381,0.0,0.770381,0.581418,0.72444,0.324854,0.750312,0.205325,0.076502,0.0,0.232397,0.0,0.0,0.0,1.820265,0.0,0.146784,0.0,0.298148,0.647077,0.997908,0.871549,0.0,0.0,0.0,0.274353,0.657499,0.0,0.130227,0.0,0.0,0.264607,0.324363,0.408862,0.0,0.0,1.083213,0.0,0.590669,0.0,1.390455,1.417686,0.559441,0.0,0.795472,0.339028,0.0
211,0.0,0.528725,0.0,0.184447,1.283137,0.0,0.225013,0.0,0.073845,0.0,0.179066,0.0,0.0,0.0,0.835731,0.423267,0.010469,0.58068,0.0,0.953866,0.368541,0.735645,0.083409,0.282033,0.0,0.086753,0.0,0.401782,0.0,0.0,0.171653,1.400957,0.0,0.459377,0.0,0.177249,0.478636,1.266894,0.943443,0.0,0.389203,0.0,0.251469,0.334392,0.0,0.221878,0.0,0.0,0.259423,0.361815,0.523789,0.0,0.0,1.561115,0.0,0.656812,0.0,1.421464,1.214384,0.315842,0.218783,0.639837,0.516437,0.0
212,0.0,0.494553,0.0,0.02444,1.329334,0.0,0.584691,0.0,0.054661,0.0,0.107389,0.0,0.0,0.0,0.966599,0.234972,0.126806,0.285176,0.0,1.143762,0.359935,0.420259,0.0,0.768252,0.0,0.197291,0.0,0.343312,0.0,0.0,0.482278,1.438168,0.0,0.38446,0.0,0.107502,0.49784,1.329957,0.983341,0.0,0.135339,0.0,0.043971,0.344604,0.0,0.280489,0.0,0.0,0.0,0.180051,0.658107,0.0,0.0,1.760498,0.0,0.919805,0.0,1.834305,1.634932,0.185592,0.119161,0.560662,0.257418,0.0
213,0.0,1.075215,0.0,0.0,1.439616,0.0,0.528712,0.023537,0.0,0.0,0.026669,0.082905,0.0,0.0,0.766583,0.423661,0.0,0.67389,0.0,1.288706,0.402427,0.833741,0.0,0.537259,0.0,0.190214,0.0,0.515129,0.0,0.0,0.948063,1.37849,0.0,0.554271,0.0,0.018953,0.360888,1.409398,1.363467,0.0,0.268945,0.0,0.0,0.288679,0.0,0.429932,0.0,0.0,0.070962,0.526883,0.757087,0.0,0.0,2.076676,0.0,0.776613,0.0,1.746245,1.447599,0.053124,0.052499,0.590294,0.186008,0.0
214,0.0,0.529624,0.088879,0.163018,1.478567,0.0,1.055016,0.0,0.0,0.0,0.0,0.0,0.0,0.0,0.723213,0.469355,0.051572,0.951559,0.0,1.669979,0.005195,0.444108,0.0,1.378512,0.0,0.107902,0.0,0.540196,0.0,0.0,0.794886,1.785996,0.0,0.291171,0.0,0.200288,0.0,1.281301,1.303833,0.0,0.0,0.0,0.0,0.297399,0.0,0.396607,0.0,0.0,0.0,0.074774,0.678759,0.0,0.0,1.629547,0.0,0.702601,0.0,1.813854,1.522549,0.301354,0.0,0.561467,0.216608,0.0
215,0.0,0.629365,0.0,0.115212,1.19002,0.0,1.330712,0.0,0.0,0.0,0.098109,0.470045,0.0,0.0,0.570932,0.462831,0.0,1.05514,0.0,1.584665,0.0,0.632048,0.0,0.758946,0.0,0.113198,0.0,0.925581,0.0,0.0,1.305888,1.415302,0.0,0.515207,0.0,0.0,0.0,1.247926,1.286752,0.0,0.163053,0.0,0.0,0.137445,0.0,0.42589,0.0,0.0,0.0,0.208286,0.435276,0.0,0.0,1.356527,0.0,0.486817,0.0,1.714905,1.193132,0.416753,0.053987,0.565896,0.036632,0.0
216,0.0,0.990278,0.0,0.629815,1.382986,0.0,1.107367,0.16995,0.0,0.0,0.0,0.478085,0.0,0.161968,0.425848,0.565779,0.0,1.666946,0.0,1.426263,0.492512,1.006839,0.109433,0.707652,0.0,0.336688,0.0,0.737193,0.0,0.0,1.112775,1.522998,0.080801,0.462262,0.0,0.0,0.07074,1.310093,1.698776,0.0,0.381425,0.0,0.123731,0.377912,0.104131,0.561029,0.0,0.0,0.0,0.44522,0.328074,0.0,0.0,1.320063,0.0,0.001242,0.0,1.480559,1.249667,0.619842,0.0,0.725821,0.141322,0.0
217,0.0,0.608732,0.0,0.07876,0.707154,0.0,1.575436,0.483424,0.0,0.0,0.265597,0.582882,0.0,0.59471,0.355245,0.463414,0.0,1.638144,0.0,1.362725,0.073788,0.705192,0.0,0.273489,0.0,0.304678,0.0,1.223691,0.0,0.0,1.253772,0.759092,0.45972,0.654996,0.0,0.0,0.002863,1.059835,1.389676,0.0,0.708767,0.0,0.18652,0.064297,0.32951,0.412562,0.0,0.0,0.0,0.302817,0.444865,0.0,0.0,0.897303,0.0,0.011764,0.0,1.443714,0.44016,0.634897,0.156171,0.404743,0.185957,0.0
218,0.131266,0.296037,0.0,0.0,0.243794,0.0,1.889897,0.815026,0.0,0.0,0.278507,0.636612,0.170494,0.897115,0.221257,0.30796,0.0,1.331184,0.0,1.018018,0.0,0.312813,0.0,0.648018,0.0,0.163036,0.0,1.337848,0.0,0.0,1.277802,0.002869,0.818417,0.704307,0.0,0.065376,0.0,0.468871,0.876303,0.0,0.57136,0.0,0.23006,0.0,0.502446,0.231751,0.0,0.0,0.0,0.0,0.734611,0.0,0.0,0.464695,0.0,0.247084,0.0,1.036493,0.15725,0.573782,0.118697,0.068921,0.165324,0.0
219,0.08098,0.163219,0.0,0.0,0.235033,0.0,2.087395,0.80176,0.0,0.0,0.32033,0.549602,0.264978,0.729764,0.329915,0.468734,0.0,1.414614,0.0,1.114356,0.0,0.235093,0.0,0.071924,0.0,0.23158,0.0,1.694818,0.062791,0.0,1.316166,0.0,1.00709,0.643739,0.0,0.0,0.336085,0.384394,1.141128,0.20606,0.409456,0.0,0.208429,0.258922,0.448923,0.127773,0.0,0.0,0.0,0.01531,0.725415,0.0,0.0,0.211519,0.0,0.272875,0.0,1.489922,0.136291,0.515591,0.0,0.339058,0.0,0.0
220,0.184007,0.086597,0.0,0.307357,0.132839,0.0,2.145207,0.966672,0.052361,0.0,0.28941,0.73227,0.360644,0.78209,0.065272,0.311095,0.0,1.328761,0.0,0.935085,0.0,0.339627,0.0,0.588566,0.0,0.133307,0.0,1.578109,0.244249,0.325197,1.26492,0.006542,0.93544,0.851453,0.0,0.0,0.089726,0.322014,0.547022,0.223886,0.341357,0.0,0.325752,0.0,0.376108,0.118576,0.0,0.0,0.0,0.031172,0.401916,0.041513,0.0,0.007788,0.0,0.0,0.0,0.578594,0.02173,1.025629,0.318998,0.329931,0.011592,0.0
221,0.057221,0.322966,0.0,0.24613,0.31229,0.0,1.673949,0.554072,0.0,0.0,0.245407,0.517424,0.0,0.678524,0.35381,0.31688,0.0,1.322087,0.0,0.824909,0.0,0.462531,0.020839,0.674339,0.0,0.315408,0.0,1.319023,0.0,0.021499,1.199103,0.459677,0.465597,0.459482,0.0,0.0,0.01123,0.894927,0.717462,0.118684,0.328203,0.0,0.317958,0.025265,0.24807,0.356483,0.0,0.0,0.0,0.177437,0.4106,0.100926,0.0,0.37994,0.0,0.0,0.0,0.959462,0.276619,1.125948,0.264632,0.207093,0.060988,0.0
222,0.0,0.644762,0.0,0.955427,0.616609,0.0,0.865461,0.295579,0.292096,0.0,0.323523,0.478151,0.0,0.571042,0.148562,0.286999,0.0,1.316356,0.0,0.618593,0.44273,0.97969,0.659526,0.901343,0.0,0.46875,0.0,0.573193,0.0,0.371096,0.6728,1.017726,0.139787,0.399444,0.0,0.0,0.208569,1.225416,0.909461,0.446533,0.476548,0.0,0.536075,0.387981,0.0,0.428994,0.0,0.0,0.672375,0.397733,0.0,0.150484,0.0,0.598641,0.0,0.0,0.0,0.587865,0.801424,1.468321,0.407434,0.593541,0.226681,0.0
223,0.0,0.0,0.0,0.819822,0.616257,0.0,1.131188,0.032701,0.338741,0.0,0.222148,0.0,0.0,0.685208,0.291415,0.40616,0.104583,1.112797,0.0,0.82074,0.0,0.486667,0.391003,0.899647,0.0,0.357021,0.0,0.876152,0.0,0.0,0.18333,1.08107,0.225831,0.097459,0.0,0.230729,0.150733,1.234402,0.705651,0.0,0.35797,0.0,0.480063,0.485595,0.0,0.181783,0.0,0.0,0.055857,0.056097,0.048479,0.288864,0.0,0.286822,0.0,0.0,0.0,0.983105,0.400309,1.634482,0.0,0.547111,0.293323,0.0
224,0.0,0.0,0.0,1.084547,0.511233,0.0,0.633661,0.190239,0.561856,0.0,0.237724,0.0,0.152314,0.75595,0.27596,0.339426,0.136158,0.647455,0.0,0.179445,0.353911,0.490465,0.540612,0.593558,0.0,0.289432,0.0,0.581545,0.115892,0.321984,0.0,0.838131,0.297409,0.718598,0.0,0.0,0.670055,0.858123,0.225031,0.0,0.529559,0.0,0.737705,0.361206,0.0,0.0,0.0,0.0,0.697649,0.177233,0.054312,0.245935,0.0,0.0,0.0,0.062619,0.0,0.63,0.314029,1.558559,0.116361,0.93633,0.114124,0.0
225,0.0,0.080699,0.0,0.431262,0.191622,0.0,0.579361,0.540328,0.545224,0.0,0.988815,0.0,0.04811,0.3735,0.703375,0.120943,0.0,0.354638,0.0,0.175025,0.286866,0.520216,0.357898,0.275798,0.0,0.612065,0.0,0.622611,0.246409,0.403829,0.0,0.399195,0.61216,0.858337,0.0,0.0,1.119679,0.984836,0.173772,0.147809,0.903778,0.0,1.037124,0.256625,0.0,0.062015,0.0,0.0,0.970942,0.498122,0.30008,0.16706,0.0,0.108984,0.0,0.447829,0.0,1.091056,0.537289,1.400496,0.706417,0.71719,0.46121,0.0
226,0.0,0.0,0.0,0.981067,0.699674,0.0,0.431382,0.140126,0.595397,0.0,0.894196,0.0,0.0,0.363185,0.720147,0.296145,0.135493,0.463975,0.0,0.455132,0.482416,0.577239,0.586674,0.52357,0.0,0.468165,0.0,0.48743,0.142712,0.395114,0.0,1.058971,0.29829,0.914116,0.0,0.0,1.19122,1.125749,0.305502,0.174265,0.707949,0.0,1.299036,0.797625,0.0,0.273306,0.0,0.0,0.971096,0.53973,0.0,0.380312,0.0,0.018596,0.0,0.444203,0.0,1.397857,0.840309,1.705498,0.372867,1.051177,0.518093,0.0
227,0.0,0.009841,0.0,0.992481,0.772915,0.0,0.491698,0.366046,0.503121,0.0,0.990137,0.0,0.102714,0.151999,0.811474,0.358172,0.093872,0.138655,0.0,0.303236,0.67306,0.562145,0.737888,0.469466,0.0,0.394897,0.0,0.434166,0.391897,0.576336,0.0,0.839857,0.461417,1.352705,0.0,0.0,1.703937,0.76449,0.055322,0.231831,0.713803,0.0,1.519212,0.688202,0.0,0.218861,0.0,0.0,1.298884,0.839025,0.0,0.361775,0.0,0.041334,0.0,0.81871,0.0,1.348602,1.005092,1.644783,0.610211,1.102781,0.420163,0.0
228,0.0,0.0,0.0,1.053198,0.66254,0.0,0.91625,0.134496,0.56266,0.0,1.028759,0.0,0.321129,0.101055,0.839496,0.279313,0.240689,0.0,0.0,0.359788,0.62636,0.181559,0.575184,0.865339,0.216175,0.282575,0.0,0.359748,0.639708,0.575228,0.0,0.602751,0.533491,1.423286,0.0,0.0,1.694608,0.589798,0.0,0.0,0.531949,0.0,1.746788,0.600224,0.0,0.079615,0.0,0.0,1.122176,0.560827,0.174664,0.43291,0.0,0.028695,0.0,1.029027,0.07739,1.405766,1.101381,1.81586,0.7666,0.970051,0.446771,0.0
229,0.0,0.0,0.0,1.379576,0.759021,0.10508,1.042678,0.0,0.376427,0.0,0.689771,0.0,0.341509,0.316714,0.859145,0.676392,0.247841,0.389981,0.0,0.673628,0.424262,0.0,0.558813,0.581392,0.008722,0.178774,0.0,0.599591,0.499248,0.387525,0.0,1.01051,0.502713,1.232842,0.0,0.0,1.664409,0.700271,0.009828,0.0,0.435091,0.0,1.718962,0.961007,0.0,0.032299,0.0,0.0,0.824715,0.581587,0.121992,0.490886,0.0,0.0,0.0,0.855263,0.120972,1.65837,1.000639,2.03876,0.223403,1.188571,0.468188,0.0
230,0.0,0.0,0.0,0.778215,0.0,0.344338,1.732357,0.039212,0.284789,0.0,0.972346,0.0,0.68882,0.337201,0.930627,0.600006,0.176329,0.115454,0.0,0.832083,0.0,0.0,0.0,0.175771,0.0,0.171072,0.0,0.988984,0.817421,0.261982,0.0,0.054038,1.127875,1.119832,0.0,0.0,1.787659,0.450869,0.025341,0.0,0.626607,0.0,1.607574,0.722828,0.0,0.0,0.0,0.0,0.41761,0.291235,0.750915,0.297283,0.0,0.0,0.0,0.890868,0.123641,2.107923,0.612193,1.695566,0.298247,0.686017,0.669685,0.0
231,0.0,0.0,0.0,1.515352,0.23551,0.311592,1.523024,0.0,0.329071,0.0,0.570988,0.0,0.793633,0.541824,0.652113,0.716328,0.258148,0.379959,0.0,0.679779,0.242249,0.0,0.34882,0.493225,0.0,0.037668,0.0,0.757069,0.754335,0.509369,0.0,0.602031,0.752943,1.106651,0.0,0.0,1.455231,0.325856,0.0,0.0,0.431124,0.0,1.638957,0.684181,0.0,0.0,0.0,0.0,0.507015,0.219402,0.352032,0.522381,0.0,0.0,0.0,0.621738,0.356135,1.259294,0.517173,2.052081,0.223472,0.994954,0.424171,0.0
232,0.0,0.0,0.0,1.334685,0.197918,0.151931,1.461838,0.16775,0.41277,0.0,0.683475,0.0,0.641582,0.508892,0.372645,0.469596,0.232797,0.200522,0.0,0.46553,0.267046,0.0,0.298161,1.025172,0.169296,0.0,0.0,0.453304,0.651671,0.509955,0.0,0.373641,0.647627,1.116914,0.0,0.0,1.005131,0.33291,0.0,0.019645,0.207481,0.0,1.4631,0.348674,0.0,0.0,0.0,0.0,0.379417,0.038122,0.453672,0.671939,0.0,0.0,0.0,0.74089,0.358628,0.665424,0.361989,1.979742,0.555409,0.53493,0.484229,0.0
233,0.0,0.0,0.0,1.381715,0.267239,0.0,1.033082,0.54218,0.315336,0.0,0.540463,0.065821,0.671248,0.555714,0.033514,0.554859,0.0,0.467378,0.0,0.440742,0.270788,0.279998,0.424971,0.700072,0.144966,0.0,0.0,0.428005,0.64069,0.775893,0.040242,0.566499,0.566032,1.319349,0.0,0.0,0.851237,0.277219,0.0,0.310522,0.284277,0.0,1.187081,0.011491,0.205656,0.007313,0.0,0.0,0.720742,0.369637,0.230973,0.81207,0.0,0.046123,0.0,0.812105,0.383998,0.021673,0.092384,1.714089,0.663253,0.700245,0.504385,0.0
234,0.0,0.0,0.0,0.672944,0.172348,0.0,0.802992,0.517412,0.186993,0.0,0.39119,0.00738,0.508996,0.550289,0.27516,0.436849,0.0,0.373037,0.0,0.658267,0.260713,0.385979,0.160771,0.748631,0.096286,0.0,0.0,0.443096,0.340666,0.30919,0.165806,0.540771,0.31732,1.136587,0.0,0.0,0.607886,0.625293,0.029647,0.060528,0.330875,0.0,0.90294,0.117597,0.343809,0.194963,0.0,0.0,0.147744,0.41877,0.459526,0.828472,0.0,0.545246,0.0,0.907287,0.001074,0.554052,0.068113,1.288594,0.404982,0.452656,0.726072,0.0
235,0.0,0.213731,0.0,0.39979,0.475412,0.0,0.801704,0.271012,0.238941,0.0,0.593703,0.129212,0.034254,0.0,0.534821,0.0,0.07252,0.0,0.0,0.847709,0.285106,0.273698,0.069375,1.408779,0.053836,0.016621,0.0,0.178603,0.286173,0.112549,0.859921,0.919036,0.0,1.344057,0.0,0.0,0.661685,1.050042,0.182997,0.0,0.03796,0.0,0.830836,0.241268,0.114414,0.376335,0.0,0.0,0.270503,0.637302,0.311882,0.735585,0.0,1.3005,0.0,1.389698,0.0,1.071625,1.011113,1.275223,0.926953,0.394793,0.487939,0.0
236,0.0,0.050093,0.0,0.228316,0.462389,0.0,1.029793,0.393714,0.209904,0.0,0.809028,0.346741,0.324353,0.0,0.462804,0.036705,0.0,0.0,0.0,1.245019,0.0,0.397791,0.0,0.942244,0.0,0.018421,0.0,0.666247,0.350205,0.341339,1.00047,0.806389,0.0,1.736695,0.0,0.0,0.802688,1.031498,0.296172,0.0,0.483318,0.0,0.633017,0.0,0.0,0.471874,0.0,0.0,0.347498,0.839888,0.13744,0.826651,0.0,1.156117,0.0,1.461438,0.0,1.256365,0.847386,1.300216,1.175376,0.732721,0.509527,0.0
237,0.0,0.0,0.0,0.102398,0.725523,0.0,0.870093,0.006045,0.142658,0.0,0.628831,0.165921,0.0,0.0,0.815992,0.0,0.0,0.0,0.0,1.573934,0.0,0.20607,0.016943,1.321225,0.0,0.0,0.0,0.553217,0.217156,0.0,0.843218,1.272679,0.0,1.581581,0.0,0.0,0.678237,1.526588,0.559647,0.0,0.529231,0.0,0.474313,0.0,0.0,0.701234,0.0,0.0,0.0,0.720005,0.206148,0.771604,0.0,1.546237,0.0,1.539838,0.0,1.966743,1.32976,1.241801,1.045603,0.719422,0.554475,0.0
238,0.0,0.144542,0.0,0.0,0.935856,0.0,1.080213,0.081827,0.071325,0.0,0.775437,0.279334,0.0,0.0,0.979736,0.0,0.0,0.0,0.0,1.635513,0.0,0.292137,0.0,1.433042,0.0,0.0,0.0,0.700958,0.162138,0.0,1.232305,1.164948,0.0,1.687219,0.0,0.0,0.862282,1.687518,0.703066,0.0,0.639616,0.0,0.435845,0.0,0.0,0.776661,0.0,0.0,0.0,0.807828,0.282972,0.606144,0.0,1.810588,0.0,1.680859,0.0,2.292189,1.676663,1.117462,1.272972,0.686308,0.372746,0.0
239,0.0,0.512941,0.0,0.0,1.312795,0.0,0.893604,0.405259,0.0,0.0,0.321953,0.035041,0.0,0.0,0.777981,0.229518,0.0,0.090095,0.0,1.550276,0.0,0.835655,0.149299,1.100035,0.0,0.0,0.0,0.73932,0.0,0.0,1.091056,1.383746,0.0,1.587533,0.0,0.0,0.735971,1.732026,1.110276,0.0,0.626842,0.0,0.301108,0.0,0.162222,0.94233,0.0,0.0,0.0,0.875217,0.074654,0.333101,0.0,1.811743,0.0,1.394277,0.0,2.112362,1.44326,0.924549,0.802915,0.830503,0.202266,0.0
240,0.0,0.746438,0.0,0.095074,1.731742,0.0,0.886424,0.405793,0.0,0.0,0.0,0.0,0.0,0.0,0.698378,0.398507,0.0,0.241669,0.0,1.415111,0.0,1.108045,0.291761,1.366006,0.0,0.0,0.0,0.696396,0.0,0.0,0.993292,1.614159,0.0,1.451871,0.0,0.0,0.612564,1.676609,1.321148,0.0,0.12122,0.0,0.126471,0.004784,0.327934,0.888466,0.0,0.0,0.0,0.82127,0.050826,0.1362,0.0,1.754839,0.0,1.307108,0.0,1.952848,1.612959,0.871529,0.298408,0.989044,0.0,0.0
241,0.0,0.584674,0.0,0.408318,1.859519,0.0,0.861699,0.528232,0.0,0.0,0.0,0.0,0.0,0.0,0.394078,0.538306,0.0,0.686313,0.0,1.317208,0.0,1.372346,0.340571,1.010267,0.0,0.0,0.0,0.842881,0.0,0.163119,0.401117,1.591025,0.0,1.435974,0.0,0.0,0.709275,1.345122,1.2406,0.0,0.300818,0.0,0.231889,0.0,0.406299,0.841531,0.0,0.0,0.0,0.654813,0.0,0.035509,0.0,1.193407,0.0,0.947428,0.0,1.381299,1.261989,1.076052,0.128033,1.359814,0.0,0.0
242,0.0,0.63827,0.0,0.690031,2.147567,0.0,0.742168,0.191092,0.0,0.0,0.0,0.0,0.0,0.0,0.522084,0.673924,0.0,0.718373,0.0,1.116445,0.295995,1.402386,0.388352,0.987486,0.0,0.0,0.0,0.916101,0.0,0.0,0.299319,1.766809,0.0,1.085663,0.0,0.0,1.07429,1.358279,1.591821,0.0,0.279036,0.0,0.325633,0.39545,0.340786,0.829223,0.0,0.0,0.0,0.502456,0.0,0.0,0.0,0.963915,0.0,0.644691,0.0,1.526694,1.600961,1.15916,0.0,1.470986,0.0,0.0
243,0.0,0.481129,0.0,0.636867,1.609246,0.0,0.55162,0.269949,0.037047,0.0,0.18158,0.0,0.0,0.0,0.32151,0.397967,0.0,0.419196,0.0,0.811335,0.312628,1.500955,0.577253,0.707301,0.0,0.0,0.0,0.663911,0.0,0.285621,0.315353,1.384735,0.183425,1.112471,0.0,0.0,1.056595,1.207548,1.130218,0.0,0.588297,0.0,0.563445,0.088307,0.266637,0.737226,0.0,0.0,0.281871,0.424773,0.0,0.0,0.0,0.725384,0.0,0.553086,0.0,1.126463,1.321741,1.345125,0.317336,1.292853,0.0,0.0
244,0.0,0.493613,0.0,0.445953,1.253623,0.0,0.385714,0.664329,0.0,0.0,0.058615,0.106292,0.108881,0.097196,0.143478,0.579716,0.0,0.71002,0.0,0.741738,0.184165,1.302248,0.266753,0.198071,0.0,0.0,0.0,0.967157,0.0,0.395364,0.339032,0.94824,0.360914,1.111203,0.0,0.0,0.972121,0.779968,1.139642,0.188489,0.578509,0.0,0.241672,0.047665,0.445358,0.623762,0.0,0.0,0.248433,0.578499,0.0,0.0,0.0,0.595955,0.0,0.483617,0.0,0.830229,0.612681,0.86922,0.0,1.214744,0.0,0.0
245,0.0,0.236928,0.0,0.095681,0.62639,0.0,0.386567,0.691507,0.0,0.0,0.063554,0.096129,0.414086,0.258955,0.139919,0.576674,0.0,0.582311,0.0,0.529152,0.14882,0.756426,0.0,0.185636,0.0,0.113554,0.0,0.774458,0.0,0.161397,0.393335,0.135589,0.552439,0.82614,0.0,0.0,0.707135,0.606628,0.948485,0.0,0.497531,0.0,0.0,0.067925,0.386428,0.358935,0.0,0.0,0.0,0.22838,0.469201,0.022518,0.0,0.846532,0.0,0.702913,0.0,0.859831,0.213119,0.448898,0.008065,0.580393,0.055614,0.0
246,0.0,0.365772,0.0,0.09725,0.632532,0.0,0.587632,0.48254,0.005992,0.0,0.28631,0.452528,0.0,0.125445,0.23397,0.184357,0.0,0.176911,0.0,0.747615,0.0,0.734997,0.035913,1.028741,0.0,0.097308,0.0,0.551431,0.0,0.146258,0.932332,0.833966,0.0,0.627999,0.0,0.0,0.330842,1.040095,0.812573,0.0,0.181102,0.0,0.0,0.0,0.25626,0.589296,0.0,0.0,0.0,0.256891,0.221889,0.086416,0.0,1.136465,0.0,0.819636,0.0,0.825594,0.744215,0.795867,0.610425,0.331911,0.050226,0.0
247,0.0,1.048529,0.0,0.623008,0.725644,0.0,0.175692,0.530921,0.20751,0.248549,0.275326,0.837496,0.0,0.264336,0.131296,0.238324,0.127761,0.295625,0.0,0.612326,0.299645,1.346699,0.42796,1.34509,0.0,0.225073,0.0,0.121473,0.0,0.450295,1.279415,1.343962,0.0,0.739342,0.0,0.0,0.180039,1.288868,1.119557,0.448781,0.318163,0.0,0.0,0.0,0.251643,0.795517,0.0,0.0,0.62769,0.458283,0.0,0.240489,0.0,1.467672,0.0,0.478437,0.0,0.289309,0.851372,0.87407,0.901527,0.311375,0.140469,0.0
248,0.0,0.706412,0.0,0.777665,0.756356,0.0,0.628788,0.0,0.371221,0.254892,0.451053,0.849014,0.0,0.183322,0.200823,0.221036,0.373378,0.169043,0.0,0.940694,0.0,0.862425,0.442424,2.066688,0.0,0.294699,0.0,0.173832,0.0,0.0,1.322006,1.837292,0.0,0.437289,0.0,0.0,0.0,1.638301,0.970937,0.12761,0.0,0.0,0.0,0.052603,0.0,0.661244,0.0,0.0,0.15137,0.075394,0.0,0.400289,0.0,1.27849,0.0,0.524028,0.0,0.588124,1.337832,1.361392,1.099892,0.11314,0.131379,0.0
249,0.0,1.12731,0.0,0.953329,0.743721,0.0,0.23635,0.287229,0.256195,0.44575,0.333551,1.002344,0.0,0.479636,0.042685,0.348662,0.50454,0.561996,0.0,0.59337,0.339371,1.303181,0.545504,1.56607,0.0,0.353048,0.0,0.0,0.0,0.361098,1.315082,1.513552,0.0,0.497169,0.04416,0.0,0.0,1.452395,1.121635,0.522177,0.152353,0.0,0.0,0.100559,0.062897,0.675709,0.0,0.0,0.790946,0.311721,0.0,0.397747,0.0,1.501959,0.0,0.249849,0.0,0.022973,0.824762,1.009356,0.916354,0.20363,0.277272,0.0
250,0.0,0.807236,0.0,1.273139,0.730776,0.0,0.231416,0.384491,0.222846,0.506707,0.159081,0.620549,0.045898,0.714367,0.0,0.57843,0.722265,0.823736,0.0,0.354155,0.580453,1.393908,0.594717,1.144495,0.111581,0.180626,0.0,0.03125,0.0,0.552359,0.890233,1.189606,0.0,0.296834,0.18699,0.0,0.0,1.100829,0.855802,0.602312,0.234707,0.0,0.0,0.377832,0.051188,0.726477,0.0,0.0,0.928056,0.013045,0.0,0.202132,0.0,1.15266,0.0,0.108284,0.0,0.0,0.299428,0.932792,0.454556,0.421437,0.414545,0.0
251,0.0,1.371022,0.0,1.484458,0.765046,0.0,0.0,0.283944,0.168313,0.605699,0.340631,0.411166,0.0,0.306721,0.0,0.572137,0.822218,0.921921,0.0,0.273703,1.159003,1.53782,0.78729,0.770456,0.0,0.492719,0.0,0.0,0.0,0.555015,1.029727,1.282455,0.0,0.0,0.265876,0.0,0.036563,1.426216,1.028721,1.215318,0.477041,0.0,0.005169,0.931245,0.0,0.903624,0.0,0.0,1.435578,0.14182,0.0,0.0,0.0,1.452904,0.0,0.0,0.0,0.274106,0.731128,0.856041,0.708715,0.473528,0.473974,0.0
252,0.0,0.442244,0.096888,0.898727,0.238783,0.010305,0.561723,0.33099,0.081614,0.099126,0.343501,0.422415,0.366799,0.923669,0.083949,0.427224,0.305258,0.795023,0.0,0.220492,0.323374,0.573443,0.191628,0.808001,0.0,0.177572,0.0,0.521317,0.0,0.271621,0.762224,0.662068,0.31025,0.0,0.0,0.0,0.0,0.625274,0.474874,0.365612,0.186842,0.0,0.0,0.315455,0.028953,0.45248,0.0,0.0,0.498584,0.0,0.435701,0.0,0.0,0.521268,0.0,0.176119,0.0,0.381263,0.318023,0.736187,0.37967,0.107338,0.326375,0.0
253,0.0,0.810192,0.0,0.722187,0.36846,0.060194,0.653228,0.640332,0.0,0.0,0.412351,0.436388,0.608874,1.069184,0.111114,0.553189,0.086285,0.734298,0.0,0.0,0.526645,0.629875,0.338138,0.319872,0.0,0.151105,0.0,0.510341,0.071806,0.352155,0.936144,0.324609,0.656207,0.120146,0.0,0.0,0.232097,0.195227,0.460259,0.637611,0.375436,0.0,0.0,0.0,0.122718,0.42418,0.0,0.0,0.899772,0.0,0.599498,0.0,0.0,0.102185,0.0,0.060047,0.0,0.0,0.244949,0.365181,0.557689,0.136432,0.13501,0.0
254,0.0,0.676062,0.0,0.800005,0.541114,0.098075,0.665425,0.473359,0.0,0.0,0.225578,0.144052,0.828429,1.288892,0.094089,0.737257,0.276136,0.947998,0.0,0.0,0.544942,0.296776,0.062893,0.028867,0.0,0.132118,0.0,0.609554,0.0,0.145422,0.578706,0.364513,0.858654,0.0,0.0,0.030509,0.330142,0.276037,0.590857,0.321894,0.278532,0.0,0.0,0.220086,0.090102,0.313531,0.0,0.0,0.479836,0.0,0.90694,0.0,0.12077,0.0,0.0,0.118623,0.0,0.295542,0.269362,0.336049,0.170372,0.204804,0.18997,0.115977
255,0.0,0.954308,0.0,1.096893,1.225614,0.133335,0.308642,0.479929,0.0,0.0,0.0,0.0,0.738692,1.011733,0.207299,1.022988,0.503561,1.218729,0.0,0.0,0.938752,0.597187,0.281472,0.0,0.0,0.328699,0.0,0.617452,0.0,0.034007,0.557818,0.981544,0.972105,0.0,0.0,0.062726,0.838672,0.37048,0.856999,0.51706,0.333747,0.0,0.0,0.871427,0.010497,0.3945,0.0,0.0,0.645725,0.155498,0.694093,0.0,0.047737,0.005909,0.0,0.0,0.0,0.606988,0.578241,0.374609,0.0,0.738567,0.09564,0.0
256,0.0,1.351066,0.0,1.471161,1.687188,0.039666,0.0,0.335674,0.0,0.223847,0.0,0.0,0.227723,0.545373,0.393923,1.08953,0.774788,1.183972,0.0,0.050582,1.795231,1.245884,0.792549,0.0,0.169655,0.472455,0.0,0.456709,0.0,0.0,0.438296,1.357843,0.908516,0.0,0.0,0.016516,1.417624,0.777135,1.032579,0.874746,0.765634,0.0,0.182427,1.567548,0.056671,0.655103,0.0,0.0,1.082896,0.347085,0.43505,0.0,0.0,0.309291,0.0,0.0,0.0,0.985898,0.750745,0.535495,0.0,1.236881,0.047717,0.0
257,0.0,1.262435,0.0,1.354339,1.602105,0.0,0.0,0.196092,0.013996,0.251305,0.261513,0.0,0.0,0.425866,0.309003,0.768045,0.66366,0.765907,0.0,0.0,1.662319,1.50075,0.96781,0.118616,0.21343,0.378945,0.0,0.170815,0.0,0.134447,0.272485,1.572696,0.459957,0.0,0.0,0.0,1.093911,1.065822,0.948657,0.760628,0.674163,0.0,0.313555,1.137093,0.0,0.811441,0.0,0.0,1.283346,0.242442,0.0,0.0,0.0,0.426374,0.0,0.0,0.0,0.615095,1.106494,1.039297,0.0,1.042487,0.279137,0.0
258,0.0,0.962347,0.0,1.143935,1.444175,0.0,0.0,0.195275,0.100363,0.137008,0.313371,0.0,0.008574,0.454745,0.252937,0.675048,0.538374,0.857026,0.0,0.091486,1.16442,1.431901,0.679285,0.0,0.092352,0.310841,0.0,0.506708,0.0,0.152623,0.147376,1.547153,0.415052,0.097135,0.0,0.0,1.069074,0.982006,1.008291,0.700516,0.526719,0.0,0.231859,0.96796,0.0,0.666891,0.0,0.0,1.079831,0.271604,0.0,0.0,0.0,0.251472,0.0,0.0,0.0,0.654852,0.86845,1.090042,0.0,1.122705,0.357293,0.0
259,0.0,0.982444,0.0,0.627704,0.871383,0.0,0.327878,0.297746,0.230572,0.0,0.616634,0.093394,0.0,0.293464,0.111771,0.13813,0.116842,0.303903,0.0,0.0,0.772775,1.223947,0.626937,0.761193,0.0,0.314899,0.0,0.394573,0.0,0.383283,0.578099,1.075208,0.178694,0.331891,0.0,0.0,0.68813,0.968047,0.832648,0.474956,0.368719,0.0,0.12974,0.290348,0.04601,0.740236,0.0,0.0,0.940216,0.207691,0.0,0.0,0.0,0.510066,0.0,0.124092,0.0,0.338912,1.044831,1.08153,0.660123,0.435485,0.211066,0.0
260,0.0,0.582969,0.0,0.258492,0.378292,0.0,0.873986,0.519575,0.086096,0.0,0.609225,0.35891,0.216749,0.402352,0.008264,0.0,0.0,0.539333,0.0,0.251556,0.019805,0.798168,0.170792,0.694365,0.0,0.151892,0.0,0.763515,0.002187,0.654776,0.810825,0.541562,0.456871,0.607171,0.0,0.0,0.363124,0.632471,0.404215,0.344801,0.185579,0.0,0.082424,0.0,0.133062,0.671516,0.0,0.0,0.600702,0.169095,0.0,0.0,0.0,0.245135,0.0,0.359542,0.0,0.23263,0.467943,0.901766,0.847646,0.214632,0.32257,0.0
261,0.0,0.548514,0.0,0.517883,0.230452,0.0,0.582329,0.602987,0.0,0.0,0.067261,0.257617,0.402055,0.805934,0.0,0.373177,0.0,0.746634,0.0,0.053798,0.500067,0.379163,0.165582,0.431178,0.0,0.039167,0.0,0.525246,0.102355,0.53491,0.488212,0.064252,0.75562,0.556373,0.0,0.0,0.239685,0.251255,0.481029,0.28821,0.220363,0.025133,0.022386,0.06345,0.416163,0.425026,0.0,0.0,0.405993,0.086184,0.393271,0.0,0.0,0.242609,0.0,0.545093,0.0,0.188261,0.127765,0.370942,0.31059,0.157785,0.136308,0.0
262,0.0,0.105097,0.0,0.313839,0.455627,0.0,1.395734,0.652616,0.0,0.0,0.255583,0.246615,0.778521,0.77469,0.167328,0.468111,0.0,1.038117,0.0,0.844328,0.162797,0.003526,0.0,0.301746,0.0,0.037878,0.0,1.024457,0.282781,0.329387,0.677589,0.0894,1.066453,0.689864,0.0,0.0,0.360978,0.163277,0.609162,0.360301,0.0,0.0,0.010603,0.329109,0.539304,0.353199,0.0,0.0,0.0,0.070871,0.579874,0.0,0.0,0.0,0.0,0.595304,0.0,0.810718,0.07625,0.240758,0.117365,0.401462,0.244848,0.0
263,0.0,0.21988,0.0,0.066344,0.172079,0.0,1.474816,0.803465,0.0,0.0,0.392249,0.473087,0.763856,0.798803,0.18509,0.365841,0.0,0.750362,0.0,0.713515,0.300191,0.0,0.0,0.691154,0.0,0.0,0.0,0.905653,0.527596,0.405067,1.043798,0.0,1.358393,0.690884,0.0,0.0,0.254485,0.0,0.520589,0.236586,0.026473,0.127561,0.131416,0.12115,0.551313,0.27898,0.0,0.0,0.0,0.0,1.024109,0.0,0.0,0.0,0.0,1.001951,0.0,0.860918,0.0,0.067412,0.483468,0.0,0.241172,0.0
264,0.0,1.021841,0.0,0.11069,0.437009,0.0,0.982395,1.250404,0.0,0.0,0.184599,0.535083,0.512306,0.701167,0.153674,0.604308,0.0,0.923887,0.0,0.43333,0.63858,0.150502,0.0,0.560399,0.0,0.017654,0.0,0.837836,0.620448,0.649234,1.515394,0.0,1.346133,0.932287,0.0,0.0,0.531664,0.0,0.758393,0.61122,0.160796,0.523464,0.031118,0.201757,0.779173,0.624413,0.0,0.0,0.440351,0.426824,1.078902,0.0,0.0,0.227664,0.0,1.207322,0.0,0.624225,0.111868,0.0,0.415469,0.192777,0.075974,0.0
265,0.0,1.10507,0.0,0.015292,0.347247,0.0,1.054151,1.332145,0.0,0.0,0.271472,0.552275,0.368739,0.69441,0.1752,0.632474,0.0,0.848302,0.0,0.355708,0.701859,0.086035,0.0,0.511285,0.0,0.051879,0.0,0.889217,0.623176,0.605342,1.68058,0.0,1.577721,0.905896,0.0,0.0,0.577563,0.0,0.957011,0.650811,0.260308,0.600795,0.070024,0.239843,0.792232,0.611056,0.0,0.0,0.34147,0.34449,1.172744,0.0,0.0,0.349493,0.0,1.313208,0.0,0.841893,0.062699,0.0,0.353225,0.137789,0.0,0.0
266,0.0,0.599057,0.0,0.21945,0.432434,0.0,1.343669,0.955705,0.0,0.0,0.189918,0.50442,0.654152,0.960153,0.155572,0.460303,0.0,0.885063,0.0,0.619933,0.465107,0.00807,0.0,1.098616,0.0,0.0,0.0,0.834094,0.591056,0.824844,1.114201,0.0,1.511065,0.903189,0.0,0.0,0.209392,0.0,0.700332,0.342454,0.094177,0.379329,0.194235,0.053954,0.716378,0.597711,0.0,0.0,0.070544,0.078461,1.021211,0.0,0.0,0.0,0.0,1.146646,0.0,0.754926,0.076251,0.140876,0.531453,0.092124,0.256594,0.0
267,0.0,0.679991,0.0,0.360087,0.757518,0.0,1.277816,0.947485,0.0,0.0,0.206176,0.577968,0.57422,0.855487,0.198687,0.656202,0.0,1.306373,0.0,0.70425,0.390549,0.331363,0.0,0.458964,0.0,0.0,0.0,0.97688,0.607941,0.933305,1.179921,0.133717,1.508374,1.030086,0.0,0.0,0.53073,0.21621,0.935251,0.591113,0.22397,0.104437,0.339016,0.180742,0.689339,0.795171,0.0,0.0,0.197409,0.379407,0.549941,0.0,0.0,0.0,0.0,0.972565,0.0,0.780319,0.23502,0.439783,0.43715,0.614087,0.22924,0.0
268,0.0,0.422156,0.0,0.235414,0.775918,0.0,1.752535,0.934606,0.0,0.0,0.122385,0.479738,0.772462,0.821462,0.193977,0.598106,0.0,1.193485,0.0,0.844436,0.0,0.19469,0.0,0.619336,0.0,0.0,0.0,1.304916,0.786722,0.894398,1.024678,0.014061,1.643909,1.144081,0.0,0.0,0.504537,0.067481,0.804772,0.375931,0.173778,0.0,0.312802,0.0,0.742425,0.673326,0.0,0.0,0.008465,0.108232,0.70393,0.0,0.0,0.0,0.0,0.904937,0.0,0.752406,0.0,0.647609,0.479461,0.60281,0.349795,0.0
269,0.0,0.330751,0.0,0.306052,1.007146,0.0,2.037108,1.153145,0.0,0.0,0.266703,0.504736,0.733501,0.501393,0.126547,0.647183,0.0,1.202478,0.0,0.877377,0.0,0.378864,0.0,0.241534,0.0,0.0,0.0,1.661137,0.836003,0.926729,1.11705,0.002975,1.749418,1.388697,0.0,0.0,0.987016,0.080123,0.866714,0.437756,0.110949,0.0,0.460036,0.0,0.711046,0.614611,0.0,0.0,0.248122,0.205796,0.456574,0.0,0.0,0.0,0.0,1.017482,0.0,0.69847,0.088164,0.901401,0.48859,1.05144,0.094072,0.0
270,0.0,0.594075,0.0,0.856764,1.453858,0.0,1.71126,1.007475,0.0,0.0,0.0,0.0,0.269786,0.203604,0.104075,1.006474,0.0,1.193353,0.0,0.717886,0.027424,0.823321,0.11764,0.543442,0.0,0.0,0.0,1.625999,0.353495,0.933392,0.96854,0.606238,1.436876,1.237913,0.0,0.0,1.342762,0.221985,1.203539,0.660333,0.0,0.046254,0.43247,0.520055,0.717435,0.87194,0.0,0.0,0.442719,0.33073,0.0,0.0,0.0,0.0,0.0,1.084083,0.0,0.81984,0.688191,1.004704,0.0,1.436443,0.0,0.0
271,0.0,1.209956,0.0,1.148904,1.4453,0.0,0.725528,0.898444,0.0,0.0,0.0,0.042985,0.0,0.386708,0.0,1.020796,0.0,0.850581,0.0,0.227208,0.576012,1.31736,0.805424,0.959904,0.0,0.0,0.0,0.955239,0.407786,1.239662,0.848953,0.90699,1.097378,1.14986,0.0,0.0,1.120835,0.528698,1.191132,0.914058,0.260967,0.126354,0.559188,0.314079,0.878772,1.172051,0.0,0.0,1.150171,0.407026,0.0,0.0,0.0,0.132632,0.0,1.024367,0.0,0.202639,0.664125,1.200649,0.219985,1.315758,0.0,0.0
272,0.0,1.236074,0.0,1.406188,1.473294,0.0,0.821901,0.990831,0.118974,0.0,0.172951,0.008925,0.032661,0.38618,0.0,0.992717,0.0,0.608481,0.0,0.071147,0.521678,1.433425,0.908368,1.302587,0.0,0.0,0.0,0.881313,0.539039,1.503397,0.768259,1.006212,1.054416,1.287914,0.0,0.0,1.202277,0.397249,0.931208,1.15984,0.215907,0.096771,0.499443,0.062913,0.825263,1.232698,0.0,0.0,1.540613,0.338762,0.0,0.0,0.0,0.091169,0.0,0.885879,0.0,0.0,0.676476,1.292753,0.579818,1.350608,0.0,0.0
273,0.0,1.267005,0.0,1.432121,1.470443,0.0,0.209527,1.065248,0.100257,0.0,0.136459,0.073893,0.44456,0.751223,0.0,1.28875,0.0,0.780612,0.0,0.073576,0.951466,1.37416,1.02197,0.383575,0.0,0.0,0.0,0.90028,0.627541,1.261676,0.792326,0.834465,1.263688,1.125195,0.0,0.0,1.31051,0.340376,1.011616,1.384622,0.523752,0.157788,0.365443,0.415949,0.866354,1.047378,0.0,0.0,1.572919,0.599287,0.186279,0.0,0.0,0.0,0.0,0.937634,0.0,0.0,0.050939,0.867867,0.24837,1.476713,0.0,0.0
274,0.0,1.06417,0.0,1.395587,1.077054,0.0,0.235458,1.076339,0.37664,0.0,0.391666,0.104182,0.544365,0.852512,0.0,1.036036,0.0,0.532245,0.0,0.0,0.921677,1.257161,1.080046,0.575473,0.0,0.0,0.0,0.625687,0.813917,1.391093,0.705466,0.556107,1.298571,1.010059,0.0,0.0,1.081541,0.150192,0.619106,1.454172,0.549601,0.353017,0.375884,0.215665,0.719122,0.980801,0.0,0.0,1.705127,0.511625,0.292104,0.0,0.0,0.0,0.0,0.889959,0.0,0.0,0.0,0.851872,0.611129,1.214578,0.0,0.0
275,0.0,0.895531,0.0,0.824432,0.409602,0.0,0.626749,1.093238,0.572439,0.0,0.842749,0.326474,0.413395,0.721369,0.02617,0.311273,0.0,0.097669,0.0,0.0,0.603305,0.835843,0.704546,1.147756,0.0,0.0,0.0,0.434409,0.88842,1.256401,0.854241,0.041996,1.364919,0.750123,0.0,0.0,0.705718,0.189847,0.203274,1.035451,0.515059,0.718937,0.540793,0.0,0.604652,0.850603,0.0,0.0,1.53321,0.244379,0.550255,0.0,0.0,0.076832,0.0,0.985367,0.0,0.0,0.075049,0.907579,1.446464,0.465735,0.105007,0.0
276,0.0,0.682889,0.0,0.785604,0.074445,0.0,0.598612,0.906146,0.475054,0.0,0.698539,0.404889,0.617281,1.016581,0.039586,0.278849,0.0,0.326437,0.0,0.0,0.646555,0.62706,0.587325,0.864044,0.0,0.0,0.0,0.294051,1.071224,1.148769,0.614898,0.0,1.355002,0.521129,0.0,0.0,0.324558,0.104888,0.113002,0.897069,0.550766,0.808301,0.522921,0.0,0.464553,0.642038,0.0,0.0,1.308174,0.15309,0.896676,0.0,0.0,0.0,0.0,0.792994,0.0,0.0,0.0,0.795861,1.262281,0.265026,0.329946,0.0
277,0.0,0.216955,0.0,0.137598,0.0,0.0,1.275715,0.816322,0.488449,0.0,1.063433,0.797917,0.655724,1.084154,0.279328,0.0,0.0,0.538769,0.0,0.0,0.104698,0.191628,0.0,0.584747,0.0,0.159662,0.0,0.700445,0.867505,0.866848,0.895799,0.0,1.290164,0.196558,0.0,0.0,0.118229,0.435429,0.110582,0.646142,0.415608,0.357014,0.58903,0.0,0.181607,0.378214,0.0,0.0,0.697854,0.081674,0.873198,0.000339,0.0,0.0,0.0,0.607041,0.0,0.280089,0.0,0.826192,1.342747,0.0,0.685016,0.0
278,0.0,0.039052,0.0,0.625425,0.074842,0.01445,1.397002,0.654847,0.208239,0.0,0.383239,0.523144,0.64528,1.35075,0.2029,0.306734,0.0,1.00516,0.0,0.24633,0.07516,0.370741,0.0,0.455938,0.0,0.129876,0.0,1.028443,0.360638,0.684573,0.557751,0.030395,0.992649,0.179248,0.0,0.0,0.004877,0.510762,0.422499,0.67391,0.147617,0.13011,0.317993,0.131278,0.228046,0.26336,0.0,0.0,0.356673,0.151338,0.621516,0.120638,0.0,0.0,0.0,0.1453,0.0,0.570722,0.0,0.886176,0.473581,0.322542,0.276073,0.095898
279,0.0,0.093092,0.0,0.620896,0.16061,0.0,1.647011,0.60338,0.05063,0.0,0.298608,0.606482,0.393117,1.194076,0.248197,0.276323,0.0,1.176373,0.0,0.318323,0.0,0.461001,0.0,0.558345,0.0,0.26594,0.0,1.224307,0.120067,0.554515,0.813737,0.182492,0.855755,0.047774,0.0,0.005675,0.0,0.773264,0.472802,0.479005,0.156313,0.057266,0.274106,0.157837,0.055796,0.389746,0.0,0.0,0.230995,0.103786,0.417636,0.089838,0.0,0.0,0.0,0.0,0.0,0.705671,0.084401,1.094181,0.439334,0.214359,0.218543,0.081576
280,0.0,0.265236,0.0,0.910921,0.54797,0.0,1.443437,0.322975,0.077212,0.0,0.334412,0.500907,0.050214,1.049381,0.339097,0.412139,0.0,1.48792,0.0,0.52795,0.0,0.725332,0.175313,0.245816,0.0,0.40331,0.0,1.174319,0.0,0.33131,0.635126,0.792775,0.693469,0.0,0.0,0.039786,0.232379,1.27989,0.893415,0.547665,0.241977,0.0,0.388719,0.587584,0.0,0.371418,0.0,0.0,0.502045,0.125106,0.014049,0.0,0.02397,0.0,0.0,0.0,0.0,0.997798,0.307992,1.446228,0.24124,0.676818,0.259318,0.0
281,0.0,0.674505,0.0,0.726435,0.67528,0.0,1.446575,0.801321,0.010362,0.0,0.519791,0.672823,0.352816,1.35422,0.13505,0.30956,0.0,1.364169,0.0,0.245458,0.0,1.197942,0.168823,0.362656,0.0,0.383755,0.0,1.226907,0.164524,0.610331,0.904185,0.774464,0.736344,0.290641,0.0,0.0,0.40849,1.059698,0.711153,0.626755,0.363529,0.0,0.172473,0.0,0.055429,0.478243,0.0,0.0,0.905044,0.264386,0.0,0.0,0.090146,0.0,0.0,0.0,0.0,0.172093,0.253235,1.631486,0.620793,0.730932,0.376945,0.0
282,0.0,1.12377,0.0,1.218979,1.083493,0.0,0.372437,0.649563,0.316164,0.0,0.52723,0.20846,0.334517,1.26335,0.020775,0.786837,0.095683,1.050501,0.0,0.0,0.737948,1.715703,0.797688,0.114866,0.0,0.231638,0.0,0.590233,0.180334,0.515805,0.607032,1.017092,0.730843,0.056243,0.0,0.0,0.799674,1.252721,0.859574,1.189732,0.712069,0.0,0.511117,0.470826,0.034613,0.684118,0.0,0.0,1.669446,0.191158,0.0,0.0,0.122134,0.0,0.0,0.0,0.0,0.066657,0.506062,1.627147,0.283121,1.277715,0.356453,0.0
283,0.0,1.154757,0.0,2.210948,1.604185,0.109479,0.0,0.357481,0.385423,0.331952,0.223301,0.0,0.477623,1.198991,0.0,1.141246,0.728596,0.882042,0.0,0.0,1.582589,1.964567,1.511213,0.516143,0.079619,0.006339,0.0,0.0,0.242555,0.751081,0.104704,1.345156,0.72638,0.0,0.0,0.0,0.861234,1.122669,0.593108,1.274899,0.748485,0.039637,0.878206,1.16956,0.0,0.921326,0.0,0.0,1.974781,0.0,0.0,0.0,0.016813,0.0,0.0,0.0,0.0,0.0,0.532765,1.884246,0.0,1.54907,0.26559,0.0
284,0.0,1.518831,0.0,1.830315,1.647502,0.0,0.0,0.675976,0.343654,0.236238,0.381829,0.0,0.660408,1.369589,0.0,1.207359,0.339667,0.838199,0.0,0.0,1.393458,2.090336,1.51397,0.088798,0.0,0.067624,0.0,0.216549,0.415401,0.748319,0.479387,1.253354,0.987606,0.020798,0.0,0.0,1.187136,1.105654,0.719716,1.595143,0.998822,0.048323,0.665554,0.80731,0.121693,1.032508,0.0,0.0,2.107568,0.302196,0.0,0.0,0.19119,0.0,0.0,0.0,0.0,0.0,0.373692,1.610901,0.119595,1.504897,0.28522,0.0
285,0.0,1.477033,0.0,1.799821,1.516015,0.0,0.0,0.77203,0.578621,0.0,0.809869,0.0,0.667433,1.177688,0.0,1.053973,0.077053,0.422546,0.0,0.0,1.47104,2.160309,1.790265,0.326197,0.0,0.153696,0.0,0.008932,0.58387,1.066618,0.514821,1.032169,0.975448,0.349821,0.0,0.0,1.307106,0.838687,0.389865,1.841534,1.153825,0.099978,0.994655,0.590961,0.155905,1.01409,0.0,0.0,2.31384,0.511673,0.0,0.0,0.040825,0.0,0.0,0.0,0.0,0.0,0.738212,1.609952,0.527482,1.53208,0.075744,0.0
286,0.0,1.088351,0.0,0.654961,0.786108,0.0,0.807011,1.025941,0.123447,0.0,0.855402,0.126752,0.692032,1.568123,0.271796,0.552604,0.0,0.618289,0.0,0.0,0.219523,1.311732,0.551619,0.3766,0.0,0.187449,0.0,0.781466,0.325392,0.721222,0.520467,0.540652,1.151356,0.267588,0.0,0.0,0.882443,0.940985,0.462778,0.996971,0.624028,0.287081,0.511068,0.01975,0.251974,0.610593,0.0,0.0,1.409908,0.679308,0.0,0.0,0.387933,0.0,0.0,0.0,0.0,0.094795,0.536253,1.440357,0.823699,0.775146,0.522268,0.0
287,0.0,0.517825,0.0,0.592067,0.407577,0.0,1.165228,0.75351,0.0,0.0,0.473348,0.025068,0.81401,1.860018,0.504376,0.568411,0.0,0.922273,0.0,0.0,0.019431,0.605238,0.001098,0.0,0.0,0.340319,0.0,1.060886,0.261512,0.504135,0.27745,0.220067,1.437575,0.007551,0.0,0.0,0.687542,1.120237,0.576526,0.512795,0.573638,0.267737,0.594627,0.473796,0.041623,0.321684,0.0,0.0,0.725691,0.593723,0.501514,0.0,0.59837,0.0,0.0,0.036025,0.0,0.888718,0.366834,1.278327,0.386399,0.648333,0.548419,0.055309
288,0.0,0.132237,0.0,0.848889,0.484775,0.109613,1.404619,0.548872,0.0,0.0,0.266289,0.0,0.867161,1.728305,0.662217,0.600348,0.0,1.06091,0.0,0.0,0.0,0.37834,0.013795,0.0,0.0,0.401532,0.0,1.195798,0.333706,0.640956,0.163454,0.370557,1.383859,0.119459,0.0,0.0,0.80871,0.961794,0.550126,0.532019,0.462715,0.189875,0.788111,0.774702,0.0,0.149527,0.0,0.0,0.63401,0.753741,0.35745,0.0,0.537914,0.0,0.0,0.0,0.0,1.22716,0.482869,1.32712,0.127844,0.98252,0.405998,0.067912
289,0.0,0.0,0.0,1.237766,0.486755,0.0,1.225451,0.348116,0.0,0.0,0.2502,0.021689,0.725793,1.578548,0.669479,0.504968,0.0,1.064603,0.0,0.0,0.196704,0.479592,0.413883,0.0,0.0,0.405004,0.0,1.085257,0.64404,0.870837,0.0,0.5352,1.343986,0.321822,0.0,0.0,0.834919,0.986735,0.331258,0.642424,0.628989,0.106262,1.227344,0.786408,0.0,0.0,0.0,0.0,0.945031,0.754434,0.18806,0.0,0.178885,0.0,0.0,0.0,0.0,1.12521,0.560027,1.656724,0.372789,1.423289,0.42084,0.0
290,0.0,0.146024,0.0,0.640932,0.14821,0.0,1.557705,0.690549,0.074112,0.0,0.59992,0.327522,0.526427,1.691825,0.61402,0.295649,0.0,1.067876,0.0,0.117775,0.0,0.465856,0.217473,0.178471,0.0,0.384494,0.0,1.242132,0.75144,0.964562,0.321913,0.101379,1.425551,0.310655,0.0,0.0,0.552317,1.094209,0.413379,0.763367,0.696198,0.10767,1.065313,0.318408,0.049087,0.15137,0.0,0.0,0.743245,0.813983,0.244226,0.0,0.149574,0.0,0.0,0.0,0.0,1.040079,0.343875,1.656556,0.780428,0.973257,0.68347,0.0
291,0.0,0.349374,0.0,0.190177,0.038524,0.0,1.585467,0.885833,0.087814,0.0,0.454193,0.422554,0.517879,1.683906,0.494282,0.220949,0.0,0.843253,0.0,0.0,0.0,0.645102,0.238718,0.509978,0.0,0.319531,0.0,1.24117,0.907535,1.02753,0.535115,0.0,1.462141,0.510551,0.0,0.0,0.436758,0.995239,0.414651,0.629124,0.75888,0.271131,1.005476,0.0,0.194192,0.471164,0.0,0.0,0.653266,0.700379,0.513363,0.0,0.0,0.0,0.0,0.056041,0.0,0.849667,0.131822,1.657859,0.898404,0.692426,0.701575,0.0
292,0.0,0.166191,0.0,0.563789,0.614964,0.0,1.643081,0.774998,0.101768,0.0,0.147159,0.322827,0.351916,1.525217,0.506214,0.448766,0.0,1.319783,0.0,0.351245,0.0,0.899451,0.276831,0.42592,0.0,0.450718,0.0,1.706764,0.59761,0.999033,0.476028,0.320367,1.288763,0.724919,0.0,0.0,0.673407,1.196761,0.905461,0.824358,0.476739,0.0,0.936833,0.389015,0.112748,0.699641,0.0,0.0,0.476423,0.841662,0.0,0.0,0.046464,0.0,0.0,0.0,0.0,1.02139,0.212325,2.021036,0.368835,1.209667,0.424319,0.0
293,0.0,0.374186,0.0,0.358399,0.418429,0.0,1.540016,0.933746,0.469628,0.0,0.522109,0.61735,0.233504,1.410911,0.258833,0.094112,0.0,0.985271,0.0,0.244092,0.0,1.214238,0.506032,0.569874,0.0,0.398531,0.0,1.408776,0.786328,1.341422,0.619985,0.030416,1.255254,0.958486,0.0,0.0,0.626925,1.263149,0.771149,0.920145,0.73791,0.0,1.187246,0.0,0.106108,0.819025,0.0,0.0,0.830724,0.719311,0.0,0.0,0.0,0.0,0.0,0.0,0.0,0.585666,0.222364,2.208058,1.014114,1.209349,0.503568,0.0
294,0.0,0.487815,0.0,0.634069,0.920679,0.0,1.560908,0.935894,0.423585,0.0,0.539428,0.606404,0.0,1.186538,0.345339,0.274157,0.0,1.300878,0.0,0.646065,0.0,1.500808,0.664441,0.317616,0.0,0.491798,0.0,1.650071,0.753048,1.329888,0.678733,0.631124,1.148576,1.191587,0.0,0.0,1.008441,1.446057,1.254091,1.258453,0.696325,0.0,1.225584,0.227747,0.165031,1.096451,0.0,0.0,0.882721,1.042383,0.0,0.0,0.0,0.0,0.0,0.0,0.0,0.759965,0.467756,2.391877,0.807685,1.664849,0.455912,0.0
295,0.0,0.337165,0.0,1.03896,1.144735,0.0,1.286428,0.78563,0.266361,0.0,0.0,0.355297,0.346994,1.472744,0.05888,0.422541,0.0,1.279337,0.0,0.64447,0.0,1.279736,0.855718,0.792677,0.0,0.198226,0.0,1.495392,0.781103,1.413071,0.235782,0.719839,1.129085,1.376418,0.0,0.0,0.793774,1.0965,0.942893,0.830907,0.608233,0.0,1.092383,0.089558,0.330387,1.031394,0.0,0.0,0.681695,0.875764,0.0,0.0,0.0,0.0,0.0,0.0,0.0,0.224001,0.295673,2.681499,0.694123,1.667138,0.43203,0.0
296,0.0,0.087658,0.0,0.783525,1.032138,0.0,1.218522,0.674028,0.0,0.0,0.0,0.0,0.576602,1.348482,0.483622,0.912026,0.0,1.374637,0.0,0.780734,0.0,0.771917,0.570881,0.0,0.0,0.16401,0.0,1.781397,0.649612,0.999144,0.0888,0.560157,1.218641,1.559476,0.0,0.0,1.250281,1.023937,1.159906,0.587953,0.587954,0.0,0.964993,0.577559,0.218601,0.880153,0.0,0.0,0.418949,1.085272,0.0,0.0,0.0,0.0,0.0,0.155017,0.0,1.204549,0.30314,2.279524,0.004952,1.855211,0.314787,0.0
297,0.0,0.22922,0.0,0.185052,0.474772,0.0,1.782218,0.937075,0.0,0.0,0.53667,0.341844,0.593557,0.872272,0.627602,0.312879,0.0,0.703533,0.0,0.944403,0.0,0.539826,0.355895,0.190013,0.0,0.110979,0.0,1.564771,0.912967,1.270459,0.738619,0.0,1.471965,1.841835,0.0,0.0,1.330265,0.733358,0.619953,0.421506,0.745674,0.0,1.230283,0.0,0.060419,1.075277,0.0,0.0,0.635687,1.141102,0.0,0.0,0.0,0.0,0.0,0.643102,0.018122,1.406109,0.48696,2.031151,1.025992,1.251761,0.668726,0.0
298,0.0,0.0,0.0,0.0,0.422586,0.0,2.270267,0.815448,0.0,0.0,0.884919,0.064137,0.58791,0.363059,0.937036,0.339317,0.0,0.376164,0.0,1.33241,0.0,0.0,0.114269,0.150006,0.0,0.0,0.0,1.779578,0.96534,0.912904,0.977073,0.0,1.595489,1.83225,0.0,0.0,1.623012,0.490481,0.440341,0.11751,0.609591,0.0,1.318583,0.0,0.0,0.948903,0.0,0.0,0.321306,1.071062,0.082657,0.0,0.0,0.0,0.0,0.946408,0.07323,2.376196,0.726696,1.79712,0.993747,0.99312,0.676474,0.0
299,0.0,0.0,0.0,0.222923,0.583152,0.0,1.679509,0.120248,0.003157,0.0,1.108464,0.0,0.199676,0.096835,1.023206,0.0,0.0,0.0,0.0,1.197366,0.0,0.0,0.348693,0.678037,0.0,0.0,0.0,1.17146,0.712681,0.525845,0.570155,0.196671,0.815788,1.565258,0.0,0.0,1.585035,0.558086,0.107354,0.0,0.453625,0.045362,1.375554,0.30024,0.0,1.161407,0.0,0.0,0.407984,0.858158,0.000992,0.019909,0.0,0.228329,0.0,1.345112,0.0,2.713688,1.34258,1.720262,1.172567,0.715639,0.700042,0.0
300,0.0,0.0,0.0,0.158662,0.418716,0.069494,1.227662,0.0,0.0,0.0,0.965336,0.0,0.238559,0.093249,1.182048,0.113336,0.137871,0.0,0.0,1.231594,0.341144,0.0,0.0,0.521149,0.0,0.193861,0.0,1.045397,0.479683,0.0,0.060036,0.261432,0.739374,1.088542,0.0,0.0,1.648355,0.468137,0.278874,0.0,0.324416,0.059981,1.075363,0.742624,0.0,0.632738,0.0,0.0,0.145368,0.598326,0.60822,0.128308,0.0,0.634992,0.0,1.512131,0.038721,3.032123,1.212059,1.138173,0.587726,0.543849,0.584393,0.0
301,0.0,0.0,0.0,0.621912,0.807813,0.079663,0.78696,0.0,0.096152,0.0,0.598103,0.0,0.402826,0.187382,0.939415,0.62324,0.3483,0.0,0.0,1.013441,1.090765,0.0,0.164492,0.308895,0.0,0.39673,0.0,0.707875,0.286017,0.0,0.0,0.557009,0.47912,0.957395,0.0,0.0,2.066486,0.14866,0.486958,0.0,0.00991,0.0,0.782305,1.206195,0.0,0.211628,0.0,0.0,0.358281,0.909175,0.905668,0.111941,0.0,0.500737,0.0,1.476996,0.058545,2.794075,1.140619,0.606623,0.0,0.840127,0.114276,0.0
302,0.0,0.36152,0.0,1.328123,1.303148,0.0,0.0,0.0,0.714661,0.0,0.634121,0.0,0.149767,0.098294,0.729942,0.403554,0.729751,0.045159,0.0,0.296271,2.150986,0.343871,0.604057,0.523309,0.342701,0.72882,0.0,0.0,0.367011,0.258433,0.0,1.246393,0.029509,0.90149,0.0,0.0,1.75222,0.323607,0.0,0.343872,0.305915,0.0,0.953873,1.438946,0.0,0.285318,0.0,0.0,1.040536,0.923744,0.750598,0.365673,0.0,1.035959,0.0,1.281093,0.0,1.911585,1.149002,0.486429,0.292197,0.830818,0.278421,0.0
303,0.0,0.313781,0.0,1.171955,0.929149,0.0,0.0,0.0,0.925786,0.0,1.016839,0.0,0.161722,0.215198,0.529992,0.056908,0.708087,0.01522,0.0,0.0,1.954162,0.338053,0.32084,0.884794,0.285239,0.796765,0.0,0.0,0.416124,0.554226,0.0,1.20963,0.047378,0.651135,0.0,0.135586,1.04223,0.538321,0.0,0.444562,0.476417,0.0,1.094794,1.065049,0.0,0.360063,0.0,0.0,1.101782,0.691623,0.671152,0.562239,0.0,1.189556,0.0,1.314602,0.0,1.340029,1.091129,0.600434,1.134078,0.315419,0.750597,0.0
304,0.0,0.228963,0.0,0.732885,0.368937,0.0,0.0,0.0,0.907105,0.0,1.38502,0.0,0.225597,0.184849,0.823817,0.026891,0.685741,0.0,0.0,0.0,1.71749,0.077512,0.048666,0.49882,0.077814,1.09002,0.0,0.199587,0.493808,0.433896,0.0,0.699492,0.477924,0.317454,0.0,0.065685,1.402892,0.427393,0.0,0.536637,0.758592,0.0,1.016642,1.080934,0.0,0.096035,0.0,0.0,0.999362,0.656509,0.980529,0.258584,0.0,0.965235,0.0,1.151579,0.0,1.703687,0.985593,0.367668,0.967552,0.214326,0.682907,0.0
305,0.0,0.429319,0.0,1.387851,0.601699,0.0,0.0,0.0,0.961762,0.039488,1.009144,0.0,0.036506,0.487004,0.732285,0.043294,0.809152,0.338279,0.0,0.0,2.29221,0.570985,0.695342,0.395601,0.042459,1.081907,0.0,0.0,0.374854,0.616171,0.0,1.400675,0.412686,0.044229,0.0,0.218295,1.137964,0.724795,0.0,0.857405,0.960168,0.0,1.292691,1.461325,0.0,0.293075,0.0,0.0,1.329363,0.666975,0.485591,0.160805,0.0,0.578277,0.0,0.612503,0.0,1.356872,1.098572,0.71135,0.673347,0.847569,0.727841,0.0
306,0.0,0.185649,0.0,1.222087,0.561038,0.00063,0.0,0.001763,0.463984,0.0,0.694026,0.0,0.389863,0.878075,0.744408,0.617926,0.329054,0.498975,0.0,0.0,1.569216,0.313508,0.61091,0.0,0.0,0.885318,0.0,0.497074,0.266387,0.36906,0.0,1.119137,0.74233,0.186373,0.0,0.0,1.517951,0.351711,0.066631,0.726797,0.781743,0.0,0.844719,1.297156,0.0,0.0,0.0,0.0,1.086,0.927795,0.643241,0.0,0.0,0.0,0.0,0.439193,0.0,1.567873,0.839313,0.571564,0.0,0.969919,0.240671,0.0
307,0.0,0.399155,0.0,0.361431,0.0,0.151198,0.672142,0.649898,0.215197,0.0,1.017094,0.0,0.4418,1.173711,0.714899,0.422951,0.0,0.373508,0.0,0.0,0.874326,0.089769,0.126113,0.0,0.0,0.727855,0.0,0.722558,0.462801,0.322617,0.263719,0.058698,1.264329,0.137851,0.0,0.0,1.108147,0.454045,0.175835,0.611027,0.815464,0.0,0.734719,0.531369,0.0,0.0,0.0,0.0,0.986989,0.828057,1.11424,0.0,0.0,0.0,0.0,0.597788,0.0,1.215127,0.558274,0.36857,0.571326,0.275113,0.451617,0.0
308,0.0,0.0,0.0,0.659365,0.160168,0.174826,1.470464,0.389348,0.108854,0.0,0.509597,0.0,0.556047,1.343125,0.496537,0.466905,0.0,0.611124,0.0,0.0,0.276473,0.072085,0.0,0.527801,0.0,0.302984,0.0,0.720734,0.207365,0.449798,0.249486,0.231501,0.893448,0.0,0.0,0.118486,0.354676,0.356879,0.152851,0.399331,0.102171,0.061526,0.421994,0.453315,0.0,0.11083,0.0,0.0,0.51116,0.406566,0.740638,0.0,0.138962,0.0,0.0,0.359207,0.0,0.931453,0.437388,0.626757,0.15396,0.035216,0.476622,0.0
309,0.0,0.049506,0.0,1.216178,0.291162,0.103807,1.228186,0.377308,0.175947,0.0,0.497487,0.12227,0.440712,1.091776,0.478896,0.542856,0.0,0.943291,0.0,0.0,0.607028,0.352312,0.322634,0.195618,0.0,0.322023,0.0,0.602443,0.3883,0.695162,0.181132,0.565287,0.77297,0.0,0.0,0.169543,0.392241,0.468693,0.089201,0.80201,0.271849,0.042005,0.792784,0.682067,0.0,0.0,0.0,0.0,1.160244,0.372745,0.455795,0.0,0.0,0.0,0.0,0.032206,0.0,0.620227,0.575727,0.983228,0.369099,0.694969,0.262985,0.0
310,0.0,0.0,0.0,1.043771,0.0,0.199333,1.544337,0.513569,0.299502,0.0,0.516378,0.414223,0.693016,1.4845,0.285847,0.400822,0.0,0.83111,0.0,0.0,0.257388,0.146497,0.099288,0.651821,0.0,0.0,0.0,0.55071,0.543164,0.777877,0.288904,0.0,1.018955,0.0,0.0,0.470729,0.0,0.50144,0.0,0.518155,0.385533,0.075721,0.454308,0.025961,0.0,0.0,0.0,0.0,0.640226,0.0,0.924222,0.061791,0.0,0.0,0.0,0.034505,0.0,0.222235,0.0,0.953352,0.70881,0.025841,0.535763,0.207447
311,0.0,0.237252,0.0,0.678927,0.0,0.130737,1.734606,0.650335,0.288722,0.0,0.798022,0.804168,0.594262,1.276484,0.337944,0.29524,0.0,0.904951,0.0,0.0,0.033285,0.268868,0.103831,0.598162,0.0,0.084471,0.0,0.618019,0.673732,0.818203,0.8185,0.0,0.903606,0.0,0.0,0.41611,0.0,0.654235,0.0,0.628652,0.443143,0.0,0.445942,0.0,0.0,0.0,0.0,0.0,0.785787,0.0,0.892096,0.051137,0.0,0.0,0.0,0.0,0.0,0.048298,0.0,1.004903,1.15843,0.0,0.616802,0.140372
312,0.0,0.0,0.0,1.27095,0.157274,0.209609,1.686581,0.508398,0.210266,0.0,0.414426,0.55333,0.717938,1.326602,0.129468,0.431664,0.045405,1.016838,0.0,0.0,0.0,0.366394,0.130316,0.780915,0.0,0.0,0.0,0.76379,0.462088,0.753739,0.485142,0.240417,0.867597,0.0,0.0,0.489598,0.0,0.492288,0.0,0.401162,0.234178,0.0,0.231101,0.0,0.0,0.0,0.0,0.0,0.596273,0.0,0.644885,0.144318,0.0,0.0,0.0,0.0,0.0,0.0,0.0,1.193667,0.700455,0.056077,0.475385,0.253765
313,0.0,0.365754,0.0,1.452409,0.58737,0.164184,0.876641,0.291594,0.222476,0.0,0.296917,0.204602,0.290597,0.659752,0.134444,0.754164,0.0,1.0882,0.0,0.0,0.670533,0.823265,0.494814,0.444791,0.0,0.136332,0.0,0.530414,0.262235,0.647935,0.495038,0.72732,0.572289,0.0,0.0,0.0,0.400329,0.491371,0.298776,0.938463,0.076462,0.020871,0.461781,0.748904,0.0,0.388342,0.0,0.0,1.269899,0.046866,0.060964,0.0,0.0,0.0,0.0,0.0,0.0,0.226229,0.45045,0.950258,0.045748,0.761938,0.086971,0.0
314,0.0,0.690016,0.0,1.360403,0.731984,0.11518,0.519717,0.322424,0.070519,0.0,0.150524,0.0,0.07301,0.515489,0.187374,0.732958,0.141526,0.884197,0.0,0.0,0.935333,0.93965,0.625089,0.577327,0.0,0.172034,0.0,0.335983,0.093059,0.509116,0.446802,0.942859,0.55117,0.0,0.0,0.0,0.473146,0.524701,0.413883,0.793293,0.063944,0.0,0.40002,0.882151,0.007437,0.576853,0.0,0.0,1.15133,0.147688,0.0,0.0,0.0,0.157341,0.0,0.090161,0.0,0.322312,0.525309,0.84027,0.0,0.689191,0.059863,0.0
315,0.0,0.50476,0.0,0.662271,0.346699,0.0,0.852832,0.595241,0.195601,0.0,0.578441,0.050778,0.385547,0.698273,0.154434,0.41215,0.0,0.32442,0.0,0.0,0.506013,0.519327,0.222131,0.442614,0.0,0.162484,0.0,0.617075,0.157833,0.351264,0.532767,0.309832,0.788011,0.247411,0.0,0.0,0.58105,0.263734,0.258085,0.539979,0.046717,0.034941,0.176951,0.210281,0.215947,0.390894,0.0,0.0,0.786524,0.102557,0.379984,0.0,0.0,0.0,0.0,0.421998,0.0,0.149515,0.36752,0.534179,0.397974,0.305275,0.04788,0.0
316,0.0,0.792625,0.0,1.020463,0.542151,0.0,0.0,0.716163,0.280336,0.0,0.48841,0.0,0.560548,0.76245,0.0,0.573234,0.0,0.233262,0.0,0.0,1.216505,0.918465,0.918955,0.0,0.0,0.195135,0.0,0.194041,0.568904,0.618741,0.404264,0.355114,1.054168,0.591868,0.0,0.0,0.805878,0.050863,0.212703,0.909455,0.761286,0.050367,0.375001,0.311491,0.391697,0.479273,0.0,0.0,1.197941,0.417281,0.504933,0.0,0.0,0.0,0.0,0.423964,0.0,0.0,0.098641,0.378727,0.444817,0.562532,0.0,0.0
317,0.0,0.522192,0.0,0.782606,0.322844,0.0,0.190119,0.563842,0.183817,0.0,0.566107,0.0,0.48215,0.640261,0.143966,0.41529,0.061736,0.202838,0.0,0.0,1.057019,0.52994,0.54487,0.019659,0.0,0.320882,0.0,0.347131,0.451425,0.405346,0.226458,0.190617,1.072051,0.541257,0.0,0.0,0.871641,0.0,0.201642,0.67175,0.390099,0.116311,0.365734,0.538949,0.275222,0.297716,0.0,0.0,0.824511,0.3653,0.603214,0.0,0.0,0.0,0.0,0.561662,0.0,0.300361,0.242709,0.42634,0.368674,0.421359,0.051773,0.0
318,0.0,0.384942,0.0,0.596738,0.248323,0.0,0.473474,0.597096,0.163762,0.0,0.511905,0.0,0.410524,0.613508,0.099843,0.20512,0.0,0.12765,0.0,0.0,0.74208,0.450832,0.441349,0.416609,0.0,0.209651,0.0,0.333747,0.333172,0.525317,0.194201,0.196695,0.841628,0.584727,0.0,0.0,0.616018,0.0,0.119176,0.480289,0.122679,0.153126,0.414171,0.257921,0.280832,0.390548,0.0,0.0,0.729886,0.429309,0.411778,0.0,0.0,0.05342,0.0,0.656331,0.0,0.259489,0.360966,0.493497,0.552244,0.22492,0.249988,0.0
319,0.0,0.0,0.0,0.407967,0.0,0.0,0.818299,0.229794,0.304508,0.0,0.662135,0.0,0.692023,0.565613,0.270634,0.050883,0.0,0.080296,0.0,0.030981,0.414098,0.0,0.095708,0.590208,0.0,0.269438,0.0,0.427362,0.366351,0.463914,0.03162,0.0,0.919304,0.599308,0.0,0.0,0.424729,0.094617,0.0,0.166241,0.134564,0.097624,0.53759,0.102672,0.049539,0.200603,0.0,0.0,0.375926,0.167325,0.568162,0.0,0.0,0.019009,0.0,0.662909,0.107518,0.520611,0.389312,0.709869,0.620059,0.076838,0.404274,0.0
320,0.0,0.083153,0.0,0.0,0.0,0.0,1.236896,0.598007,0.054702,0.0,0.974245,0.169687,0.543638,0.456705,0.438428,0.0,0.0,0.086479,0.0,0.219611,0.0,0.0,0.0,0.333875,0.0,0.278095,0.0,0.854773,0.495297,0.341466,0.779167,0.0,1.132768,0.543544,0.0,0.0,0.390318,0.349662,0.189258,0.019206,0.498979,0.083731,0.510329,0.0,0.11162,0.299259,0.0,0.0,0.13677,0.255236,0.947164,0.0,0.0,0.31881,0.0,0.731543,0.0,1.042079,0.183436,0.478573,0.895199,0.0,0.773357,0.0
321,0.0,0.42317,0.0,0.071286,0.469478,0.0,0.938382,0.201,0.0,0.0,0.492332,0.0,0.0,0.422716,0.529608,0.0,0.0,0.355626,0.0,0.454176,0.066938,0.354114,0.162271,0.559047,0.0,0.284181,0.0,0.709624,0.0,0.101516,0.49306,0.657607,0.277171,0.458736,0.0,0.0,0.365087,0.805153,0.453254,0.056299,0.143855,0.0,0.257966,0.242574,0.035593,0.657538,0.0,0.0,0.269603,0.510029,0.179057,0.0,0.0,0.473675,0.0,0.391271,0.0,1.248695,0.717781,0.781452,0.348945,0.129292,0.610761,0.0
322,0.0,0.436143,0.0,0.746944,0.948966,0.0,0.581681,0.0,0.007813,0.0,0.0,0.0,0.0,0.429373,0.685247,0.230898,0.238459,0.901952,0.0,0.484347,0.680752,0.492033,0.480093,0.360535,0.0,0.461643,0.0,0.619229,0.0,0.0,0.0,1.378848,0.191761,0.319021,0.0,0.0,0.788468,1.141644,0.763626,0.018318,0.333596,0.0,0.374945,0.913268,0.0,0.517364,0.0,0.0,0.439871,0.585078,0.0,0.0,0.0,0.293641,0.0,0.0,0.0,1.532185,1.011929,1.015412,0.0,0.904976,0.563797,0.0
323,0.0,0.297979,0.0,0.367931,0.592419,0.0,0.816199,0.0,0.0,0.0,0.246606,0.0,0.0,0.33123,1.055096,0.047042,0.307079,1.003661,0.0,0.684627,0.617354,0.225173,0.121148,0.0,0.0,0.651469,0.0,1.079567,0.0,0.0,0.0,1.209018,0.461816,0.079858,0.0,0.0,1.117766,1.383786,0.857453,0.0,0.64409,0.0,0.33738,1.020259,0.0,0.403893,0.0,0.0,0.208953,0.44728,0.135688,0.0,0.0,0.204743,0.0,0.0,0.0,2.296341,1.006206,0.822577,0.0,0.992762,0.535626,0.0
324,0.0,0.687891,0.0,0.425884,0.480466,0.0,0.487863,0.2478,0.21227,0.0,0.760222,0.0,0.0,0.584014,0.741479,0.0,0.128569,0.904501,0.0,0.229946,1.040864,0.745211,0.486088,0.0,0.0,0.7723,0.0,0.936042,0.0,0.0,0.0,1.006728,0.556501,0.322383,0.0,0.0,0.973925,1.454783,0.842915,0.480728,1.244483,0.0,0.720455,0.572573,0.0,0.366603,0.0,0.0,0.998379,0.588009,0.0,0.0,0.0,0.134432,0.0,0.0,0.0,1.433594,1.083832,0.990315,0.391922,1.110785,0.553838,0.0
325,0.0,0.749647,0.0,0.0,0.186723,0.0,0.989956,0.776769,0.0,0.0,1.004864,0.262687,0.0,0.99871,0.683252,0.0,0.0,1.170427,0.0,0.535833,0.372811,0.555658,0.0,0.0,0.0,0.666155,0.0,1.358443,0.0,0.0,0.681053,0.451648,1.029385,0.186978,0.0,0.0,0.550379,1.461192,0.950745,0.37563,1.209548,0.0,0.337124,0.024163,0.094786,0.295901,0.0,0.0,0.459232,0.57961,0.368302,0.0,0.0,0.187437,0.0,0.0,0.0,1.417669,0.53668,0.693311,0.645407,0.490811,0.719371,0.0
326,0.0,0.963537,0.0,0.112335,0.608419,0.0,0.888937,0.708129,0.0,0.0,0.399576,0.264456,0.0,0.909395,0.461063,0.202747,0.0,1.4296,0.0,0.587676,0.548445,0.739576,0.004757,0.0,0.0,0.613545,0.0,1.315899,0.0,0.0,0.789602,0.701609,0.933535,0.260874,0.0,0.0,0.466118,0.961857,1.134127,0.426549,0.806562,0.0,0.104675,0.306231,0.175286,0.37652,0.0,0.0,0.500621,0.673372,0.546287,0.0,0.0,0.398268,0.0,0.0,0.0,1.188078,0.556103,0.508141,0.117493,0.575726,0.471971,0.0
327,0.025519,0.531994,0.053546,0.585272,0.775703,0.0,1.238248,0.306883,0.0,0.0,0.033794,0.105964,0.0,0.8632,0.346143,0.465743,0.134534,1.598897,0.0,0.922669,0.158877,0.509833,0.028763,0.609142,0.0,0.32113,0.0,1.044864,0.0,0.0,0.703127,1.005158,0.725248,0.0,0.0,0.353261,0.0,0.739197,0.925202,0.0,0.336413,0.0,0.0,0.363386,0.028325,0.414651,0.0,0.0,0.0,0.197969,0.485949,0.0,0.0,0.515476,0.0,0.0,0.0,1.065258,0.514992,0.632078,0.0,0.292685,0.44555,0.0
328,0.0,0.901426,0.2776,0.724842,1.005998,0.0,1.228103,0.241998,0.0,0.0,0.0,0.269689,0.0,0.435144,0.370491,0.722022,0.260206,1.71233,0.0,1.09661,0.523729,0.437402,0.0,0.275558,0.0,0.386458,0.0,0.847341,0.0,0.0,1.051157,1.113615,0.381545,0.0,0.0,0.210234,0.162229,0.611322,1.195097,0.0,0.0,0.0,0.0,0.688432,0.012715,0.448729,0.0,0.0,0.051929,0.311176,0.810649,0.0,0.0,0.876042,0.0,0.01724,0.0,1.340064,0.923204,0.077316,0.0,0.408222,0.136868,0.0
329,0.0,0.549314,0.408179,0.633119,0.472217,0.0,1.176459,0.050364,0.0,0.0,0.0,0.340539,0.091271,0.509154,0.186716,0.606465,0.298936,1.148726,0.0,1.000057,0.388899,0.019406,0.0,0.435918,0.0,0.251332,0.0,0.497459,0.0,0.0,0.954043,0.578546,0.1678,0.011192,0.0,0.367194,0.0,0.424911,0.680249,0.0,0.008799,0.0,0.0,0.364566,0.0,0.216338,0.0,0.0,0.0,0.011134,0.971639,0.0,0.0,0.97399,0.0,0.4017,0.0,1.097362,0.670058,0.0,0.0,0.034587,0.172931,0.0
330,0.0,0.411378,0.545142,0.476547,0.284691,0.0,1.185008,0.0,0.0,0.0,0.029786,0.210321,0.149529,0.529268,0.242456,0.593409,0.412831,1.039454,0.0,1.187941,0.2514,0.0,0.0,0.359278,0.0,0.262185,0.0,0.420552,0.0,0.017965,0.874754,0.464751,0.112025,0.085077,0.0,0.510162,0.0,0.528491,0.635962,0.0,0.114227,0.0,0.0,0.395209,0.0,0.202524,0.0,0.0,0.0,0.059507,1.127641,0.0,0.0,1.18003,0.0,0.554701,0.0,1.239453,0.476565,0.0,0.204206,0.0,0.519821,0.0
331,0.0,0.631462,0.665653,0.536868,0.496313,0.0,1.006658,0.0,0.0,0.01213,0.0,0.0,0.0,0.328667,0.24819,0.659165,0.689873,1.071379,0.0,1.358454,0.396756,0.0,0.0,0.043072,0.0,0.385785,0.0,0.269254,0.0,0.0,0.761625,0.614999,0.079604,0.038372,0.0,0.58099,0.0,0.543015,0.887979,0.0,0.0,0.0,0.0,0.733641,0.0,0.185349,0.0,0.0,0.0,0.413775,1.3118,0.0,0.0,1.413089,0.0,0.742219,0.0,1.429541,0.528107,0.0,0.0,0.0,0.774441,0.0
332,0.0,0.295899,0.702176,0.119139,0.080002,0.0,1.000654,0.0,0.0,0.0,0.328536,0.0,0.0,0.15712,0.537856,0.423527,0.524474,0.431053,0.0,1.479707,0.277423,0.0,0.0,0.263516,0.0,0.407597,0.0,0.398709,0.0,0.0,0.979039,0.574153,0.0,0.127377,0.0,0.515238,0.0,0.781755,0.601793,0.0,0.03683,0.0,0.122869,0.628984,0.0,0.087903,0.0,0.0,0.0,0.433386,1.398667,0.138885,0.0,1.568066,0.0,1.12032,0.0,1.835531,0.820139,0.0,0.434026,0.0,0.725987,0.0
333,0.0,0.136273,0.555213,0.22331,0.0,0.0,0.452823,0.0,0.360183,0.0,0.459202,0.0,0.294201,0.295687,0.587307,0.08859,0.692642,0.09274,0.0,1.103008,0.679034,0.0,0.0,0.174632,0.0,0.754882,0.0,0.1735,0.300543,0.245545,0.283579,0.311693,0.0,0.445254,0.0,0.566008,0.237641,0.528167,0.270529,0.211714,0.616339,0.0,0.576229,0.514748,0.0,0.0,0.0,0.0,0.037054,0.484933,1.418878,0.339089,0.0,1.626341,0.0,1.221721,0.0,1.479408,0.610248,0.0,0.661068,0.084802,0.88277,0.0
334,0.0,0.0,0.473651,0.654839,0.189233,0.0,0.332727,0.0,0.639985,0.044445,0.32529,0.0,0.085021,0.274595,0.464841,0.0,0.654026,0.0,0.0,0.813239,0.963984,0.0,0.0,0.931778,0.0,0.738025,0.0,0.0,0.185172,0.506186,0.048222,1.116697,0.0,0.628093,0.0,0.636836,0.0,0.803159,0.0,0.13994,0.170057,0.0,0.744613,0.450424,0.0,0.098003,0.0,0.0,0.170296,0.691557,0.886231,0.559592,0.0,1.469993,0.0,1.364365,0.0,1.033737,1.027689,0.109088,0.76036,0.253072,0.886908,0.0
335,0.0,0.0,0.331623,0.194854,0.0,0.0,0.199869,0.0,0.616767,0.0,0.722191,0.0,0.0,0.0,0.861273,0.0,0.807223,0.0,0.0,1.027081,0.938792,0.0,0.0,0.614445,0.0,1.018137,0.0,0.029546,0.571384,0.02889,0.342506,0.816392,0.0,0.508328,0.0,0.492132,0.33692,1.053211,0.174412,0.267922,0.276867,0.0,0.720975,0.736344,0.0,0.0,0.0,0.0,0.20285,0.734711,1.196035,0.680528,0.0,1.883384,0.0,1.492731,0.0,1.822716,1.181709,0.0,0.953513,0.165242,1.081743,0.0
336,0.0,0.0,0.363367,0.45153,0.0,0.0,0.0,0.0,0.81883,0.016724,0.528502,0.0,0.281862,0.082122,0.662431,0.0,0.839192,0.0,0.0,0.77134,1.206873,0.0,0.0,0.469308,0.0,1.165536,0.0,0.0,0.637671,0.529109,0.0,0.745697,0.0,0.750481,0.0,0.416754,0.358421,0.811644,0.006826,0.412696,0.662944,0.0,0.755927,0.631077,0.0,0.0,0.0,0.0,0.194389,0.839613,1.137885,0.899344,0.0,1.651219,0.0,1.47217,0.0,1.460867,0.717699,0.043668,0.8311,0.506529,1.010961,0.0
337,0.0,0.026506,0.271003,0.217913,0.0,0.0,0.0,0.0,0.789505,0.075946,0.956478,0.0,0.177729,0.006921,0.600107,0.0,0.826089,0.0,0.0,0.804012,0.97766,0.0,0.0,0.338118,0.0,1.318726,0.0,0.047784,0.650401,0.720495,0.134806,0.631945,0.0,0.628691,0.0,0.468112,0.093052,1.085359,0.14203,0.756595,1.046649,0.0,0.721536,0.513237,0.0,0.16159,0.0,0.0,0.184274,0.79735,1.153829,0.952688,0.0,1.982935,0.0,1.414161,0.0,1.395815,0.551863,0.0,1.378175,0.260344,1.267517,0.0
338,0.0,0.0,0.311871,0.083232,0.0,0.0,0.182168,0.0,0.665119,0.0,0.756014,0.0,0.4855,0.138228,0.380337,0.0,0.681008,0.0,0.0,0.579104,0.734091,0.0,0.0,1.003134,0.0,1.046087,0.0,0.044062,0.574795,0.823837,0.447391,0.606931,0.0,0.714968,0.0,0.352964,0.0,0.793427,0.051823,0.425872,0.555099,0.0,0.569148,0.215645,0.0,0.264803,0.0,0.0,0.0,0.826806,1.077601,1.068438,0.0,1.798668,0.0,1.755127,0.093425,1.007396,0.392457,0.065013,1.370455,0.0,1.034756,0.0
339,0.0,0.485979,0.296638,0.2113,0.0,0.0,0.0,0.0,0.515285,0.0,0.650838,0.0,0.180199,0.085245,0.165447,0.0,0.695698,0.0,0.0,0.171711,1.000313,0.102277,0.0,0.820817,0.0,1.140892,0.0,0.0,0.398855,1.019181,0.857107,0.72038,0.0,0.775388,0.0,0.161255,0.0,0.899398,0.331574,0.64242,0.730552,0.0,0.300126,0.244525,0.0,0.506624,0.0,0.0,0.162627,1.075781,0.841448,0.917782,0.0,2.009579,0.0,1.550969,0.014303,0.647475,0.319513,0.0,1.569882,0.0,0.761506,0.0
340,0.0,0.959032,0.393487,0.514203,0.130753,0.0,0.0,0.0,0.326999,0.172018,0.097195,0.0,0.085391,0.260697,0.0,0.0,0.737563,0.0,0.0,0.003661,1.379077,0.512171,0.0,0.43941,0.0,1.221715,0.0,0.0,0.273779,1.085361,0.885308,0.840546,0.0,0.78692,0.039378,0.058692,0.0,0.802306,0.559564,0.863362,0.722855,0.0,0.0,0.519353,0.0,0.628941,0.0,0.0,0.285988,1.25889,0.905385,0.795694,0.0,2.100658,0.0,1.19011,0.0,0.470636,0.0,0.0,1.207496,0.0,0.472232,0.0
341,0.0,1.106111,0.367781,0.423064,0.161283,0.0,0.0,0.023522,0.262634,0.144575,0.189079,0.0,0.0,0.151305,0.024407,0.0,0.771853,0.0,0.0,0.062414,1.254531,0.514636,0.0,0.27062,0.0,1.28456,0.0,0.183934,0.225698,0.937076,1.062266,0.762856,0.0,0.630752,0.022226,0.008291,0.0,0.870997,0.792517,0.978719,0.751891,0.0,0.0,0.568226,0.0,0.70074,0.0,0.0,0.281654,1.229914,1.016247,0.647198,0.0,2.213477,0.0,0.956983,0.0,0.612731,0.0,0.0,1.226844,0.0,0.502846,0.0
342,0.0,0.77617,0.30303,0.302183,0.0,0.0,0.0,0.008074,0.536849,0.067757,0.667441,0.0,0.086459,0.219087,0.012439,0.0,0.725195,0.0,0.0,0.0,1.08284,0.461902,0.0,0.475245,0.0,1.309724,0.0,0.194994,0.225856,1.142494,0.788468,0.743526,0.0,0.588922,0.073203,0.0,0.0,0.981079,0.653971,1.085552,1.056928,0.0,0.0,0.361191,0.0,0.733598,0.0,0.0,0.298415,0.939873,0.694285,0.723798,0.0,1.940099,0.0,0.848867,0.0,0.440574,0.186979,0.0,1.53431,0.0,0.622083,0.0
343,0.0,0.414217,0.403429,0.426968,0.0,0.0,0.0,0.0,0.542498,0.290477,0.548701,0.0,0.024687,0.186482,0.109525,0.0,0.877778,0.0,0.0,0.091913,1.164824,0.450002,0.0,0.462167,0.0,1.343337,0.0,0.073514,0.13643,0.988076,0.165936,0.845552,0.0,0.267475,0.217717,0.105953,0.0,1.169194,0.433775,0.900475,0.742118,0.0,0.150021,0.662581,0.0,0.800069,0.0,0.0,0.030108,0.677156,0.598623,0.689784,0.0,1.694998,0.0,0.763782,0.0,0.758353,0.281735,0.174345,1.229307,0.14458,0.91372,0.0
344,0.0,0.0,0.424094,0.409195,0.0,0.0,0.004735,0.0,0.692963,0.0,0.692362,0.0,0.565715,0.316197,0.099573,0.0,0.588732,0.0,0.0,0.0,0.822592,0.170664,0.0,0.749179,0.0,1.044832,0.0,0.41725,0.151886,0.758994,0.113978,0.589926,0.0,0.317447,0.0,0.0,0.0,0.606969,0.170891,0.615027,0.492819,0.0,0.040289,0.442931,0.0,0.45726,0.0,0.0,0.0,0.439073,0.658572,0.81798,0.0,1.157401,0.0,0.990693,0.06037,0.680014,0.279188,0.342831,0.911671,0.161484,0.56497,0.0
345,0.0,0.564073,0.132579,0.55165,0.340807,0.0,0.0,0.104138,0.602371,0.0,0.788084,0.0,0.338127,0.213122,0.0,0.0,0.522468,0.0,0.0,0.0,1.280729,0.79288,0.457547,0.988447,0.0,0.849976,0.0,0.083066,0.213267,0.866927,0.513405,0.772404,0.0,0.505997,0.0,0.0,0.090877,0.519091,0.402022,0.780934,0.49058,0.0,0.144123,0.352994,0.0,0.631462,0.0,0.0,0.514008,0.559505,0.378618,0.471456,0.0,1.23809,0.0,0.830855,0.0,0.156319,0.642144,0.435874,1.361891,0.026037,0.264981,0.0
346,0.0,1.001922,0.182763,0.939468,0.724637,0.0,0.0,0.1813,0.413233,0.204629,0.289405,0.0,0.531998,0.497375,0.0,0.520111,0.690712,0.017588,0.0,0.0,1.697842,0.829951,0.661242,0.238218,0.090663,0.783108,0.0,0.111979,0.222111,0.59751,0.456428,0.599159,0.491439,0.300761,0.0,0.0,0.419721,0.117776,0.567824,0.905851,0.523959,0.0,0.0,0.901165,0.0,0.552897,0.0,0.0,0.691317,0.560993,0.980336,0.083455,0.0,1.002105,0.0,0.611294,0.0,0.313314,0.067384,0.0,0.549645,0.183541,0.047321,0.0
347,0.0,1.34633,0.0,1.443962,0.969723,0.0,0.0,0.344687,0.709802,0.462333,0.50582,0.0,0.461967,0.646521,0.0,0.535148,0.937849,0.0,0.0,0.0,2.530351,1.280883,1.236366,0.244015,0.212911,0.66699,0.0,0.0,0.273178,0.685982,0.311852,0.710324,0.682033,0.135608,0.036008,0.0,0.682773,0.142675,0.348043,1.337767,1.14201,0.0,0.289045,1.175066,0.0,0.815808,0.0,0.0,1.106487,0.274313,0.646302,0.0,0.0,0.710936,0.0,0.30847,0.0,0.0,0.290776,0.218969,0.521669,0.663697,0.0,0.0
348,0.0,1.558877,0.0,1.422747,1.304312,0.0,0.0,0.577699,0.256499,0.269756,0.315157,0.0,0.469289,0.803579,0.030374,0.986876,0.71641,0.403898,0.0,0.0,2.362068,1.370761,1.142941,0.0,0.100038,0.476575,0.0,0.150841,0.044719,0.384665,0.732139,0.87943,0.831204,0.003327,0.0,0.0,0.97098,0.139657,0.730895,1.386855,0.993371,0.0,0.054421,1.285356,0.148239,0.930472,0.0,0.0,1.176169,0.509544,0.783147,0.0,0.0,0.514218,0.0,0.093516,0.0,0.06039,0.272326,0.112861,0.0,0.763442,0.0,0.0
349,0.0,1.135094,0.095641,1.173763,0.943763,0.026549,0.0,0.355762,0.0,0.022884,0.163197,0.0,0.469206,0.832912,0.0,1.023052,0.532204,0.652358,0.0,0.0,1.629193,0.917897,0.676156,0.263453,0.005933,0.397762,0.0,0.380828,0.0,0.29772,0.561277,0.856946,0.770069,0.0,0.0,0.0,0.555095,0.184947,0.658037,0.855342,0.330378,0.0,0.0,1.013525,0.0,0.747347,0.0,0.0,0.810408,0.298759,0.661607,0.0,0.001179,0.325276,0.0,0.210423,0.0,0.202034,0.383993,0.248233,0.001666,0.409226,0.0,0.0
350,0.0,1.102651,0.0,1.085095,1.035086,0.175746,0.0,0.568807,0.0,0.048493,0.056912,0.0,0.729807,0.997038,0.0,1.022166,0.34649,0.744071,0.0,0.0,1.546068,0.978704,0.722442,0.0,0.0,0.255303,0.0,0.523645,0.171569,0.376692,0.614293,0.742562,0.890871,0.0,0.0,0.0,0.678338,0.036583,0.657392,0.979082,0.497917,0.0,0.0,0.915039,0.082572,0.663852,0.0,0.0,0.993836,0.362752,0.860457,0.0,0.106527,0.144139,0.0,0.122277,0.0,0.047393,0.097899,0.099884,0.0,0.55101,0.0,0.0
351,0.0,0.500037,0.020514,0.506495,0.323988,0.0,0.501431,0.46439,0.140498,0.0,0.612372,0.0,0.556371,1.055115,0.084403,0.454079,0.080877,0.439004,0.0,0.0,0.648882,0.451396,0.019517,0.036074,0.0,0.17066,0.0,0.73037,0.019967,0.206019,0.412818,0.453698,0.816803,0.0,0.0,0.0,0.29207,0.375998,0.544103,0.458853,0.291836,0.0,0.0,0.304375,0.04043,0.359892,0.0,0.0,0.55366,0.044978,0.697543,0.0,0.081482,0.0,0.0,0.327227,0.0,0.208703,0.128024,0.394689,0.42459,0.14472,0.230678,0.0
352,0.0,0.071469,0.057982,0.644533,0.106903,0.0,0.415962,0.175265,0.424661,0.0,0.687605,0.0,0.44098,0.493706,0.021105,0.103074,0.200727,0.0,0.0,0.0,0.743038,0.374373,0.260569,0.850796,0.0,0.285766,0.0,0.3524,0.059633,0.467227,0.0,0.462112,0.525226,0.071264,0.0,0.0,0.121708,0.236033,0.0,0.317599,0.230829,0.0,0.157027,0.217474,0.0,0.341551,0.0,0.0,0.456251,0.0,0.369822,0.074123,0.0,0.185347,0.0,0.581778,0.0,0.086359,0.428126,0.703553,0.793908,0.032837,0.205873,0.0
353,0.0,0.454706,0.0,1.064952,0.524908,0.0,0.0,0.381604,0.5774,0.0,0.677243,0.0,0.437598,0.35743,0.0,0.271267,0.340572,0.0,0.0,0.0,1.493363,0.891943,0.76595,0.230218,0.0,0.438055,0.0,0.098255,0.188904,0.620348,0.0,0.648536,0.615408,0.422687,0.0,0.0,0.751279,0.065053,0.109306,0.852567,0.646639,0.0,0.292585,0.702907,0.007513,0.317024,0.0,0.0,0.929808,0.314599,0.442888,0.084177,0.0,0.35477,0.0,0.567963,0.0,0.164363,0.44253,0.594058,0.511662,0.622075,0.0,0.0
354,0.0,0.511116,0.0,1.095861,0.870324,0.0,0.0,0.210165,0.389199,0.084476,0.423245,0.0,0.346112,0.03976,0.0,0.466391,0.436916,0.0,0.0,0.0,1.632071,0.866703,0.779822,0.343592,0.233953,0.529896,0.0,0.032431,0.199867,0.608997,0.17656,0.721036,0.336928,0.55943,0.0,0.0,0.952658,0.0,0.28067,0.803006,0.148346,0.0,0.139122,0.952572,0.109385,0.288632,0.0,0.0,0.814842,0.582335,0.595839,0.273909,0.0,0.718347,0.0,0.842295,0.0,0.520795,0.431307,0.298403,0.196494,0.573144,0.0,0.0
355,0.0,0.597616,0.0,1.148042,0.784335,0.0,0.0,0.352825,0.566433,0.139525,0.772632,0.0,0.086729,0.0,0.020081,0.0,0.653966,0.0,0.0,0.0,1.732255,0.986749,0.686063,0.653737,0.166565,0.62848,0.0,0.0,0.168777,0.808038,0.154471,1.058395,0.170898,0.649922,0.0,0.0,0.807245,0.297356,0.272072,0.878777,0.417674,0.0,0.27882,0.845595,0.138444,0.489855,0.0,0.0,0.81821,0.674347,0.313913,0.57281,0.0,1.208877,0.0,1.024636,0.0,0.547402,0.603921,0.534367,0.928519,0.471003,0.0,0.0
356,0.0,0.410226,0.0,0.599327,0.441398,0.0,0.0,0.554397,0.461004,0.0,1.180523,0.0,0.246421,0.0,0.113505,0.0,0.494878,0.0,0.0,0.0,1.275936,0.558813,0.232221,0.810156,0.092596,0.687726,0.0,0.167183,0.291239,0.90419,0.649913,0.5879,0.352172,0.737783,0.0,0.0,0.722494,0.21246,0.095273,0.634454,0.53803,0.0,0.323115,0.308347,0.0,0.479536,0.0,0.0,0.725943,0.648288,0.676721,0.537897,0.0,1.235751,0.0,1.422036,0.009007,0.517323,0.56727,0.411108,1.625844,0.003816,0.111068,0.0
357,0.0,0.343273,0.0,0.428026,0.116912,0.0,0.111168,0.514217,0.53679,0.0,1.20871,0.0,0.532975,0.059107,0.182867,0.0,0.576583,0.0,0.0,0.0,1.121041,0.108392,0.0,0.872765,0.052551,0.714807,0.0,0.176958,0.607182,1.096067,0.581864,0.278072,0.742255,0.73054,0.0,0.0,0.423881,0.108906,0.0,0.553646,0.808278,0.0,0.404006,0.180202,0.0,0.428788,0.0,0.0,0.565096,0.463574,1.087801,0.471618,0.0,1.18013,0.0,1.558489,0.086472,0.52422,0.157928,0.304024,1.848713,0.0,0.432386,0.0
358,0.0,0.521269,0.0,0.996612,0.461412,0.0,0.0,0.256086,0.434577,0.0,0.815017,0.0,0.287067,0.125765,0.162048,0.0,0.814183,0.0,0.0,0.0,1.965012,0.299137,0.31123,0.561093,0.136795,0.762346,0.0,0.0,0.562604,0.88593,0.273112,0.49984,0.526012,0.72555,0.0,0.0,0.742626,0.0,0.0,0.818135,0.613821,0.0,0.310207,0.856714,0.0,0.441096,0.0,0.0,0.655598,0.621823,0.840235,0.32995,0.0,1.156185,0.0,1.420334,0.0,0.746279,0.328008,0.102192,1.142882,0.244634,0.043335,0.0
359,0.0,0.659735,0.010966,1.281757,0.591463,0.183002,0.0,0.384707,0.063052,0.0,0.142659,0.0,0.630463,0.858767,0.095854,0.387953,0.498162,0.570159,0.0,0.206649,1.909654,0.25204,0.202617,0.0,0.0,0.658832,0.0,0.205437,0.397355,0.571218,0.072663,0.668663,0.944526,0.546526,0.0,0.0,0.690221,0.0,0.138687,0.858124,0.484049,0.0,0.041347,1.13875,0.113717,0.338839,0.0,0.0,0.416244,0.771912,1.044828,0.101067,0.0,0.52587,0.0,1.148381,0.0,0.876816,0.0,0.0,0.027075,0.554267,0.073179,0.0
360,0.0,0.633779,0.0,0.6737,0.378196,0.359965,0.264893,0.814326,0.0,0.0,0.399487,0.0,0.674484,0.755697,0.031646,0.461767,0.187902,0.211407,0.0,0.109766,1.510626,0.0,0.0,0.0,0.0,0.329752,0.0,0.295506,0.766956,0.487407,0.797244,0.0,1.291068,0.759396,0.0,0.098542,0.715659,0.0,0.205103,0.557614,0.485878,0.16476,0.124728,0.570371,0.18031,0.099506,0.0,0.0,0.561398,0.671112,1.375573,0.0,0.0,0.538125,0.0,1.528514,0.0,0.697,0.0,0.0,0.540771,0.0,0.148376,0.0
361,0.0,0.0,0.0,0.403485,0.260862,0.27497,0.917147,0.349654,0.0,0.0,0.686711,0.0,0.733124,0.335998,0.295456,0.377035,0.322666,0.165448,0.0,0.647082,1.203922,0.0,0.0,0.127214,0.0,0.178178,0.0,0.497751,0.694364,0.020135,0.709892,0.0,1.141899,0.682959,0.0,0.0,1.057119,0.0,0.064516,0.107694,0.17763,0.070147,0.333615,0.666054,0.026698,0.0,0.0,0.0,0.006536,0.328919,1.172839,0.0,0.0,0.382493,0.0,1.723468,0.0,1.473771,0.412991,0.0,0.372981,0.216621,0.152053,0.0
362,0.0,0.0,0.029462,0.699616,0.501286,0.111141,0.999127,0.274515,0.0,0.0,0.229011,0.0,0.860632,0.5688,0.133272,0.511169,0.157687,0.337629,0.0,0.825398,1.072833,0.0,0.0,0.459146,0.0,0.0,0.0,0.208927,0.417005,0.102082,0.253395,0.277087,0.803026,0.916178,0.0,0.0,0.768214,0.0,0.0,0.0,0.0,0.0,0.268864,0.583556,0.197795,0.009568,0.0,0.0,0.0,0.293901,0.91536,0.0,0.0,0.182769,0.0,1.728274,0.0,1.197119,0.483103,0.0,0.107791,0.382015,0.202488,0.0
363,0.0,0.085892,0.04096,0.117504,0.511726,0.0,1.499662,0.381122,0.0,0.0,0.370627,0.008513,0.449622,0.0,0.348499,0.365734,0.066366,0.0,0.0,1.095348,0.583537,0.0,0.0,0.752966,0.0,0.0,0.0,0.44191,0.334603,0.0,1.40723,0.230779,0.526204,1.031597,0.0,0.0,0.832269,0.021966,0.140696,0.0,0.0,0.117202,0.27574,0.531496,0.216635,0.172324,0.0,0.0,0.0,0.428379,0.937066,0.0,0.0,0.826097,0.0,2.144974,0.0,1.931334,0.887781,0.0,0.543507,0.0,0.066829,0.0
364,0.0,0.227887,0.104794,0.38987,0.817753,0.0,1.333774,0.185787,0.0,0.0,0.124288,0.0,0.204451,0.0,0.519566,0.353435,0.147694,0.036901,0.0,1.229599,0.734522,0.0,0.0,0.854292,0.0,0.0,0.0,0.148195,0.191917,0.0,1.245573,0.811383,0.062962,1.163435,0.0,0.0,0.827626,0.287681,0.297646,0.0,0.0,0.0,0.081604,0.767353,0.291643,0.337795,0.0,0.0,0.0,0.472861,0.715195,0.0,0.0,0.961341,0.0,2.05341,0.0,2.118026,1.165051,0.0,0.325198,0.22244,0.028482,0.0
365,0.0,0.379399,0.219427,0.166626,0.574086,0.0,1.387116,0.41109,0.0,0.0,0.156491,0.208638,0.300545,0.042428,0.508003,0.340833,0.106421,0.072635,0.0,1.324739,0.514875,0.0,0.0,0.673483,0.0,0.0,0.0,0.254478,0.200241,0.0,1.670562,0.552068,0.234453,1.240427,0.0,0.0,0.699727,0.300666,0.384253,0.0,0.0,0.025419,0.0,0.570062,0.339036,0.44757,0.0,0.0,0.0,0.56021,0.862815,0.0,0.0,1.19843,0.0,2.041222,0.0,2.197289,0.825211,0.0,0.58007,0.0,0.142156,0.0
366,0.0,0.605349,0.306453,0.016507,0.255084,0.133798,1.097726,0.722214,0.0,0.0,0.1091,0.402503,0.583973,0.453534,0.347403,0.288604,0.12287,0.119951,0.0,1.17139,0.580888,0.0,0.0,0.414285,0.0,0.0,0.0,0.13141,0.393044,0.191746,1.781217,0.151848,0.611119,1.464282,0.0,0.0,0.463479,0.093396,0.379999,0.0,0.318516,0.164255,0.0,0.230875,0.466556,0.348607,0.0,0.0,0.0,0.724305,1.092831,0.0,0.0,1.271666,0.0,2.069506,0.0,1.770142,0.26295,0.0,0.913253,0.0,0.365424,0.0
367,0.0,0.0,0.437793,0.0,0.0,0.068316,1.60244,0.484124,0.0,0.0,0.385846,0.423528,1.019292,0.392449,0.42446,0.369112,0.071095,0.186144,0.0,1.645866,0.170238,0.0,0.0,0.303432,0.0,0.0,0.0,0.682509,0.602202,0.0,1.765574,0.0,0.834166,1.254125,0.0,0.0,0.764667,0.02237,0.387184,0.010128,0.210833,0.0,0.0,0.434736,0.243311,0.238861,0.0,0.0,0.0,0.541483,1.174102,0.136161,0.0,0.851944,0.0,2.088569,0.0,2.406756,0.152742,0.0,0.525177,0.0,0.368177,0.0
368,0.0,0.252635,0.258174,0.0,0.0,0.0,1.34567,0.641824,0.0,0.0,0.330138,0.552784,0.91142,0.503097,0.376067,0.116364,0.0,0.054242,0.0,1.380523,0.126024,0.0,0.0,0.594176,0.0,0.0,0.0,0.470533,0.617002,0.192051,1.86973,0.0,0.644689,1.347702,0.0,0.0,0.475549,0.169857,0.257537,0.110849,0.304166,0.010648,0.0,0.213387,0.33433,0.44997,0.0,0.0,0.0,0.750455,1.014788,0.193283,0.0,1.059335,0.0,2.014907,0.0,1.907269,0.113519,0.0,1.003661,0.0,0.515227,0.0
369,0.0,0.153813,0.0,0.0,0.0,0.0,1.276397,0.696212,0.0,0.0,0.605454,0.770515,1.198984,0.535104,0.228599,0.0,0.0,0.0,0.0,1.246565,0.065758,0.0,0.0,0.782778,0.0,0.0,0.0,0.483045,0.805961,0.472203,1.911055,0.0,0.709734,1.507259,0.0,0.0,0.514974,0.036461,0.029656,0.247375,0.289931,0.108995,0.0,0.0,0.244197,0.368878,0.0,0.0,0.0,0.937919,1.005286,0.304468,0.0,0.781584,0.0,2.074477,0.0,1.407159,0.197811,0.185328,1.244222,0.0,0.588782,0.0
370,0.0,0.490726,0.0,0.050102,0.0,0.0,0.924119,0.709676,0.0,0.0,0.399557,0.708716,0.878808,0.679435,0.247427,0.0,0.0,0.0,0.0,0.951186,0.108545,0.0,0.0,0.874382,0.0,0.024065,0.0,0.178868,0.672871,0.775746,1.667327,0.271391,0.380445,1.499005,0.0,0.0,0.093788,0.402132,0.104536,0.377653,0.462618,0.068951,0.0,0.0,0.280705,0.641811,0.0,0.0,0.002272,1.004512,0.76104,0.393354,0.0,1.173393,0.0,1.741583,0.0,1.132784,0.176561,0.306222,1.570671,0.0,0.811135,0.0
371,0.0,0.789978,0.0,0.261963,0.0,0.0,0.635816,0.647414,0.0,0.098033,0.473927,0.740383,0.522313,0.643609,0.236045,0.0,0.0,0.0,0.0,0.644141,0.250808,0.0,0.0,0.962276,0.0,0.186988,0.0,0.0,0.573713,1.121026,1.520554,0.710615,0.021663,1.459464,0.0,0.0,0.0,0.715444,0.053276,0.601745,0.690878,0.072022,0.08776,0.0,0.234722,1.015827,0.0,0.0,0.366705,1.100938,0.386352,0.41629,0.0,1.36176,0.0,1.408891,0.0,0.769371,0.402518,0.474401,2.022523,0.0,0.935859,0.0
372,0.0,0.144812,0.01047,0.107678,0.0,0.0,0.892415,0.0,0.143454,0.0,0.775406,0.391087,0.404843,0.346295,0.64625,0.0,0.457341,0.0,0.0,0.843354,0.449306,0.0,0.0,0.501055,0.0,0.518876,0.0,0.255318,0.585582,0.490487,0.79513,0.312981,0.041243,1.056781,0.0,0.0,0.579462,0.786622,0.149968,0.61072,0.701874,0.0,0.0,0.235865,0.0,0.7769,0.0,0.0,0.0,0.666094,0.596781,0.422564,0.0,1.165937,0.0,1.103439,0.0,1.802897,0.5617,0.430355,1.343384,0.045578,0.856644,0.0
373,0.0,0.042062,0.072918,0.0,0.0,0.0,1.631383,0.310731,0.0,0.0,0.863492,0.387294,0.291276,0.0,0.826005,0.0,0.004347,0.0,0.0,0.969675,0.0,0.0,0.0,0.392789,0.0,0.385349,0.0,1.046299,0.51592,0.0,1.637719,0.0,0.353769,0.832149,0.0,0.0,0.924227,0.570292,0.401431,0.272516,0.394618,0.0,0.0,0.119173,0.0,0.698846,0.0,0.0,0.0,0.756145,0.965412,0.139845,0.0,0.802043,0.0,1.263514,0.03621,2.395072,0.581856,0.058484,0.840029,0.0,0.582026,0.0
374,0.0,0.290708,0.300816,0.0,0.0,0.0,1.042799,0.433194,0.0,0.0,0.364494,0.042707,0.362619,0.57595,0.50814,0.0,0.071854,0.202697,0.0,0.724964,0.320473,0.0,0.0,0.0,0.0,0.430911,0.0,0.881976,0.383758,0.0,0.843497,0.0,0.515719,0.698147,0.0,0.0,0.629603,0.3865,0.641583,0.401607,0.301835,0.0,0.0,0.314747,0.191241,0.357094,0.0,0.0,0.0,0.719119,1.00788,0.055891,0.018493,0.601053,0.0,0.926325,0.118511,1.837121,0.170739,0.0,0.173961,0.002742,0.601508,0.0
375,0.0,0.1771,0.114462,0.079007,0.0,0.0,0.633007,0.300502,0.0,0.0,0.349498,0.075758,0.435645,0.791321,0.349939,0.0,0.117891,0.441652,0.0,0.486918,0.641127,0.0,0.0,0.0,0.0,0.431861,0.0,0.675296,0.385503,0.100185,0.321684,0.109599,0.394394,0.7245,0.0,0.0,0.585674,0.434534,0.435861,0.535746,0.439661,0.0,0.0,0.319317,0.249794,0.187309,0.0,0.0,0.150728,0.7708,0.726391,0.0,0.020457,0.266361,0.0,0.516763,0.013419,1.259608,0.269457,0.073736,0.142964,0.496382,0.50663,0.0
376,0.0,0.135527,0.225906,0.046967,0.0,0.0,0.78805,0.101034,0.085206,0.0,0.338724,0.084924,0.399938,0.735892,0.161321,0.0,0.0,0.154164,0.0,0.41782,0.269775,0.0,0.0,0.47933,0.0,0.363033,0.0,0.587866,0.267282,0.267501,0.414375,0.260534,0.147643,0.486699,0.0,0.0,0.0,0.57781,0.256147,0.412801,0.298439,0.0,0.0,0.096244,0.215679,0.422188,0.0,0.0,0.0,0.530961,0.624434,0.125787,0.0,0.490092,0.0,0.532032,0.035114,0.890178,0.194905,0.267915,0.484677,0.0,0.713881,0.0
377,0.0,0.448546,0.20997,0.490563,0.00248,0.0,0.307034,0.0,0.306607,0.0354,0.339994,0.0,0.05137,0.493307,0.169126,0.0,0.479838,0.05614,0.0,0.019859,0.866065,0.204147,0.232033,0.641966,0.0,0.626703,0.0,0.0,0.213244,0.543241,0.079001,0.641856,0.0,0.502641,0.0,0.0,0.0,0.855058,0.137996,0.795848,0.483078,0.0,0.185355,0.367899,0.156631,0.522366,0.0,0.0,0.387205,0.515252,0.294335,0.191223,0.0,0.725149,0.0,0.39246,0.0,0.488743,0.432738,0.435426,0.87996,0.192919,0.667795,0.0
378,0.0,0.355916,0.26083,0.007886,0.0,0.0,0.587789,0.247473,0.116307,0.0,0.557374,0.217962,0.356848,0.637601,0.128732,0.0,0.256212,0.241122,0.0,0.166322,0.341804,0.0,0.0,0.132416,0.0,0.556353,0.0,0.513681,0.425722,0.552244,0.511977,0.069952,0.319576,0.364098,0.0,0.0,0.0,0.696265,0.4191,0.771249,0.594739,0.0,0.0,0.145612,0.204603,0.444967,0.0,0.0,0.131074,0.622088,0.796593,0.369983,0.0,0.773388,0.0,0.569195,0.0,0.65811,0.0,0.084134,0.831004,0.0,0.758637,0.0
379,0.0,0.526863,0.143857,0.073731,0.0,0.0,0.371765,0.243333,0.228471,0.028782,0.792487,0.309397,0.183668,0.327228,0.154378,0.0,0.448276,0.0,0.0,0.0,0.494879,0.089406,0.009134,0.513545,0.0,0.709568,0.0,0.119802,0.453601,0.9307,0.652665,0.197311,0.08761,0.563353,0.0,0.0,0.0,0.798922,0.308454,0.881126,0.739928,0.0,0.166968,0.158229,0.154861,0.664111,0.0,0.0,0.331442,0.705263,0.507493,0.462348,0.0,1.181925,0.0,0.74321,0.0,0.466047,0.089842,0.335577,1.419234,0.0,0.720319,0.0
380,0.0,0.200802,0.098801,0.0,0.0,0.0,0.588771,0.394425,0.266233,0.0,0.775534,0.344688,0.823062,0.574518,0.102087,0.0,0.198867,0.0,0.0,0.0,0.21796,0.0,0.0,0.651955,0.0,0.511168,0.0,0.457758,0.802698,0.949199,0.659402,0.0,0.725617,0.669278,0.0,0.0,0.0,0.3605,0.264917,0.436128,0.706701,0.019457,0.147557,0.0,0.134572,0.420462,0.0,0.0,0.115128,0.579586,1.137529,0.472811,0.0,0.750727,0.0,1.097057,0.12976,0.377135,0.0,0.266557,1.345585,0.0,0.889912,0.0
381,0.0,0.507669,0.01466,0.027612,0.0,0.0,0.461706,0.646947,0.112882,0.0,0.74236,0.303968,0.576481,0.479255,0.0,0.0,0.0,0.0,0.0,0.0,0.367664,0.292371,0.049437,0.396848,0.0,0.563615,0.0,0.713727,0.583226,0.933671,1.010639,0.051969,0.595355,0.698761,0.0,0.0,0.190353,0.176048,0.489607,0.73399,0.377294,0.0,0.0,0.0,0.151545,0.631517,0.0,0.0,0.515617,0.964158,0.724724,0.425704,0.0,0.673315,0.0,1.034361,0.168495,0.422835,0.0,0.139398,0.988477,0.0,0.445036,0.0
382,0.0,0.799122,0.0,0.244883,0.058869,0.0,0.0,0.709123,0.552452,0.0,1.112817,0.079939,0.092465,0.191074,0.0,0.0,0.404968,0.0,0.0,0.0,0.921849,0.708853,0.453799,0.825855,0.0,0.78966,0.0,0.0,0.549463,1.188458,0.66487,0.460474,0.181721,0.877327,0.0,0.0,0.142255,0.646084,0.225012,0.940079,0.836339,0.139267,0.447111,0.016963,0.326642,0.882071,0.0,0.0,0.835353,0.829048,0.240482,0.492601,0.0,1.161001,0.0,1.017929,0.0,0.061906,0.305875,0.551226,1.941485,0.0,0.513209,0.0
383,0.0,0.562697,0.0,0.85259,0.182591,0.0,0.0,0.332071,0.722298,0.002527,0.868117,0.0,0.153324,0.300981,0.0,0.0,0.639828,0.0,0.0,0.0,1.390263,0.693594,0.642617,0.276336,0.0,0.869395,0.0,0.025343,0.516761,0.894212,0.0,0.651723,0.344588,0.766831,0.0,0.0,0.587025,0.448757,0.09724,1.107874,0.829371,0.0,0.371605,0.657029,0.126687,0.715838,0.0,0.0,0.88733,0.689863,0.265713,0.584723,0.0,0.882658,0.0,0.73186,0.0,0.456573,0.193659,0.604053,1.105793,0.514452,0.310595,0.0
384,0.0,0.0,0.0,0.935996,0.139005,0.0,0.0,0.0,0.640384,0.0,0.745949,0.0,0.507864,0.343692,0.199034,0.014446,0.415439,0.039071,0.0,0.155074,1.015214,0.295654,0.352531,0.120643,0.0,0.766148,0.0,0.575312,0.330293,0.60359,0.0,0.780373,0.273626,0.775232,0.0,0.0,0.989969,0.376548,0.125696,0.605175,0.455163,0.0,0.21352,0.847781,0.0,0.399116,0.0,0.0,0.495776,0.730508,0.190138,0.774828,0.0,0.290304,0.0,0.731262,0.128396,1.075132,0.226282,1.000653,0.336638,0.879267,0.192198,0.0
385,0.0,0.0,0.0,1.100207,0.517886,0.0,0.0,0.0,0.854005,0.0,0.986017,0.0,0.252192,0.0,0.08906,0.0,0.584288,0.0,0.0,0.0,1.402639,0.689369,0.697863,0.802937,0.1292,0.729329,0.0,0.0,0.467316,0.767804,0.0,1.004317,0.0,1.096971,0.0,0.0,0.979291,0.512084,0.0,0.717878,0.33893,0.0,0.582195,0.777185,0.0,0.508022,0.0,0.0,0.788796,0.658367,0.0,1.008173,0.0,0.559403,0.0,1.033249,0.066511,0.781547,0.559475,1.227584,0.935682,0.828339,0.288246,0.0
386,0.0,0.0,0.0,0.422901,0.150688,0.0,0.241108,0.605811,0.756516,0.0,1.457039,0.0,0.640498,0.0,0.101699,0.0,0.195944,0.0,0.0,0.0,0.654969,0.500707,0.338429,0.660137,0.0,0.726038,0.0,0.356607,0.720249,0.967148,0.429289,0.237101,0.454211,1.321065,0.0,0.0,1.163383,0.18273,0.0,0.550603,0.582261,0.067238,0.697372,0.0,0.0,0.421896,0.0,0.0,0.998861,0.888702,0.492692,0.876589,0.0,0.570566,0.0,1.393671,0.269442,0.607119,0.506229,1.093553,1.6443,0.476182,0.371633,0.0
387,0.0,0.048162,0.0,0.366406,0.115877,0.0,0.113528,0.294569,0.705022,0.0,1.286632,0.0,0.306524,0.0,0.379143,0.0,0.541245,0.0,0.0,0.095338,0.731105,0.352223,0.077049,0.72109,0.016535,0.732265,0.0,0.142224,0.572845,0.714057,0.259103,0.469795,0.106248,1.246866,0.0,0.0,0.984874,0.688527,0.0,0.500794,0.642784,0.080751,0.710724,0.153418,0.0,0.566374,0.0,0.0,0.660714,0.734986,0.459043,0.956023,0.0,1.094241,0.0,1.375472,0.130969,1.005848,0.564212,1.067342,1.607515,0.347294,0.665478,0.0
388,0.0,0.128721,0.0,0.344643,0.189234,0.0,0.205236,0.194725,0.742208,0.0,1.446441,0.030268,0.06944,0.0,0.408409,0.0,0.509345,0.0,0.0,0.390106,0.556339,0.283877,0.089972,1.046261,0.0,0.665098,0.0,0.0,0.478277,0.769107,0.358705,0.963824,0.0,1.294515,0.0,0.0,0.505892,1.162337,0.083933,0.613596,0.735206,0.0,0.806278,0.005764,0.0,0.801798,0.0,0.0,0.615542,0.727262,0.0714,1.040323,0.0,1.29588,0.0,1.372619,0.0,0.956527,0.999221,1.323199,2.044084,0.34807,0.98994,0.0
389,0.0,0.089226,0.0,0.322963,0.0,0.0,0.414108,0.199057,0.454432,0.0,0.709967,0.101343,0.607624,0.294447,0.284912,0.0,0.185648,0.0,0.0,0.540312,0.413122,0.05879,0.0,0.794522,0.0,0.378097,0.0,0.12059,0.477812,0.703939,0.490933,0.566881,0.0,1.381564,0.0,0.0,0.342894,0.58262,0.038521,0.340243,0.416608,0.0,0.481152,0.0,0.0,0.522543,0.0,0.0,0.522568,0.92595,0.482834,0.872073,0.0,1.023441,0.0,1.334728,0.121433,0.850099,0.561944,0.824274,1.150257,0.337223,0.778668,0.0
390,0.0,0.128701,0.04503,0.0,0.0,0.0,0.742006,0.085673,0.012906,0.0,0.462419,0.05231,0.267906,0.385131,0.506802,0.0,0.041597,0.0,0.0,0.886072,0.229423,0.0,0.0,0.599495,0.0,0.328216,0.0,0.468468,0.34123,0.186133,0.804896,0.471057,0.0,1.020097,0.0,0.0,0.009619,0.90579,0.362315,0.178344,0.412761,0.0,0.33407,0.103186,0.0,0.54318,0.0,0.0,0.0,0.771364,0.724336,0.638075,0.0,1.199221,0.0,1.035087,0.0,1.464392,0.438392,0.429772,0.783683,0.0,0.946922,0.0
391,0.0,0.026653,0.147973,0.0,0.0,0.0,1.141271,0.0,0.007502,0.0,0.723332,0.04633,0.0,0.106375,0.846431,0.0,0.220938,0.006053,0.0,1.124122,0.251043,0.0,0.0,0.403027,0.0,0.474736,0.0,0.534481,0.424459,0.0,0.845207,0.298198,0.0,0.738916,0.0,0.007297,0.171907,1.287789,0.380382,0.214893,0.668858,0.0,0.349235,0.210117,0.0,0.623478,0.0,0.0,0.0,0.437209,0.906274,0.365226,0.0,1.313013,0.0,0.81755,0.0,2.16946,0.770793,0.314894,0.967092,0.0,1.04532,0.0
392,0.0,0.0,0.41201,0.0,0.0,0.0,1.487817,0.0,0.0,0.0,0.552375,0.100244,0.524361,0.307645,0.719178,0.001903,0.12854,0.101827,0.0,1.299416,0.042235,0.0,0.0,0.006835,0.0,0.453302,0.0,1.11302,0.394549,0.0,1.005147,0.0,0.461297,0.554467,0.0,0.0,0.660716,0.555184,0.506442,0.066019,0.418461,0.0,0.059857,0.247264,0.0,0.091375,0.0,0.0,0.0,0.366627,1.224591,0.131301,0.0,0.728851,0.0,0.950125,0.0,2.414756,0.293364,0.0,0.074997,0.0,0.69134,0.0
393,0.0,0.251208,0.464073,0.0,0.088087,0.0,1.11192,0.0,0.0,0.0,0.180598,0.0,0.0,0.418209,0.670614,0.082056,0.109268,0.544233,0.0,1.146817,0.413545,0.0,0.0,0.045434,0.0,0.398157,0.0,0.781194,0.066903,0.0,0.718983,0.490405,0.0,0.45552,0.0,0.0,0.376189,0.846775,0.692989,0.20981,0.130784,0.0,0.0,0.572728,0.088729,0.57141,0.0,0.0,0.0,0.481671,0.795909,0.0,0.0,0.720853,0.0,0.515896,0.0,2.054557,0.650941,0.0,0.0,0.117016,0.691784,0.0
394,0.0,0.265275,0.368853,0.0,0.006776,0.0,0.919925,0.371133,0.0,0.0,0.141736,0.03609,0.604316,0.865935,0.16554,0.204559,0.0,0.413955,0.0,0.704621,0.325133,0.0,0.0,0.386942,0.0,0.246529,0.0,0.784201,0.083503,0.103052,0.657839,0.160099,0.397467,0.615542,0.0,0.0,0.081611,0.240731,0.461813,0.199288,0.052127,0.0,0.0,0.252583,0.236941,0.286516,0.0,0.0,0.0,0.506658,0.811805,0.0,0.0,0.416874,0.0,0.685528,0.068981,1.111259,0.308893,0.0,0.036819,0.013239,0.487931,0.0
395,0.0,0.760399,0.266377,0.141436,0.043673,0.0,0.478712,0.418363,0.0,0.0,0.325083,0.143768,0.261207,0.683808,0.054262,0.0,0.117519,0.117709,0.0,0.0,0.866745,0.230647,0.0,0.380138,0.0,0.459516,0.0,0.299786,0.19867,0.492117,0.888767,0.098542,0.315743,0.552752,0.0,0.0,0.0,0.332016,0.43965,0.515851,0.411234,0.0,0.0,0.174638,0.256889,0.581904,0.0,0.0,0.331558,0.643579,0.663714,0.0,0.0,0.697422,0.0,0.624232,0.000111,0.52985,0.327357,0.0,0.742352,0.0,0.443057,0.0
396,0.0,0.972587,0.209773,0.455435,0.232792,0.0,0.0,0.385153,0.0,0.0,0.151255,0.0,0.31552,0.684518,0.095883,0.0,0.445058,0.265362,0.0,0.0,1.418209,0.452858,0.220617,0.0,0.0,0.683655,0.0,0.280398,0.262449,0.43156,0.681495,0.072857,0.629905,0.499699,0.0,0.0,0.267247,0.161286,0.533648,0.933854,0.624459,0.0,0.0,0.647883,0.358029,0.454162,0.0,0.0,0.400088,0.805333,0.968033,0.0,0.0,0.690425,0.0,0.472503,0.0,0.629832,0.0,0.0,0.261934,0.148911,0.200705,0.0
397,0.0,1.012393,0.318891,0.434908,0.005749,0.0,0.0,0.273168,0.093201,0.002484,0.339351,0.04743,0.0,0.541036,0.20826,0.0,0.58942,0.21487,0.0,0.0,1.260699,0.456347,0.208234,0.278538,0.0,0.813113,0.0,0.109214,0.200442,0.707844,0.600832,0.417415,0.293687,0.355297,0.0,0.0,0.0,0.637549,0.470627,1.003234,0.694689,0.0,0.0,0.55483,0.24739,0.735192,0.0,0.0,0.409829,0.763881,0.604755,0.0,0.0,1.031171,0.0,0.42214,0.0,0.614065,0.20941,0.0,0.96863,0.0,0.547477,0.0
398,0.0,0.627145,0.358626,0.0,0.0,0.0,0.531634,0.499237,0.234965,0.0,0.774211,0.314735,0.331925,0.665018,0.21413,0.0,0.36271,0.137074,0.0,0.0,0.523377,0.0,0.0,0.318865,0.0,0.722399,0.0,0.391762,0.463002,0.757807,0.864075,0.0,0.686352,0.380293,0.0,0.110821,0.0,0.558881,0.417343,0.700107,0.962943,0.0,0.020273,0.056151,0.07333,0.428411,0.0,0.0,0.170422,0.497016,1.137391,0.111779,0.0,0.890112,0.0,0.768239,0.0,0.566929,0.0,0.0,1.277122,0.0,0.874276,0.0
399,0.0,0.10583,0.440357,0.089015,0.0,0.0,1.018287,0.0,0.351007,0.0,0.86813,0.368968,0.050941,0.256625,0.501266,0.0,0.367182,0.045558,0.0,0.300767,0.468659,0.0,0.0,0.610165,0.0,0.823642,0.0,0.486564,0.186975,0.26783,0.707515,0.063795,0.0,0.112822,0.0,0.025614,0.0,0.802292,0.243192,0.571656,0.37197,0.0,0.111929,0.446302,0.0,0.27912,0.0,0.0,0.0,0.228711,0.795335,0.277321,0.0,0.984011,0.0,0.61585,0.0,1.294467,0.560386,0.229768,0.952054,0.0,0.57733,0.0
400,0.0,0.314899,0.567443,0.292042,0.0,0.0,1.319599,0.055004,0.028407,0.0,0.386234,0.553022,0.201081,0.52652,0.338989,0.254927,0.0,0.556542,0.0,0.58157,0.223034,0.015503,0.0,0.438303,0.0,0.535894,0.0,0.883452,0.05112,0.020562,1.089331,0.334265,0.05597,0.104673,0.0,0.086668,0.0,0.659018,0.446312,0.517184,0.0,0.0,0.0,0.513327,0.0,0.072626,0.0,0.0,0.015773,0.394349,0.853227,0.445859,0.0,0.763363,0.0,0.420384,0.0,1.185158,0.381713,0.288504,0.39026,0.0,0.294275,0.0
401,0.0,0.251829,0.397971,1.11472,0.0,0.0,1.363418,0.37465,0.18055,0.070666,0.142826,0.640556,0.224099,0.894771,0.112566,0.482361,0.0,0.888701,0.0,0.239176,0.168171,0.356538,0.210623,0.621086,0.0,0.277805,0.0,0.632477,0.043379,0.453563,0.881718,0.506485,0.19754,0.16865,0.0,0.454144,0.0,0.531142,0.13743,0.443027,0.127184,0.0,0.068045,0.212803,0.0,0.0,0.0,0.0,0.434848,0.083861,0.594354,0.475201,0.0,0.376189,0.0,0.0,0.0,0.250605,0.060066,0.860564,0.482807,0.027933,0.253228,0.0
402,0.138778,0.0,0.440393,1.468079,0.010809,0.145139,2.023417,0.018902,0.123349,0.081965,0.144202,0.758847,0.0,0.801866,0.250005,0.748395,0.176686,1.242171,0.0,0.707177,0.0,0.062547,0.251191,1.219769,0.0,0.158541,0.0,0.794314,0.0,0.149252,1.112672,0.910426,0.0,0.0,0.0,0.894079,0.0,0.982516,0.049579,0.0,0.0,0.0,0.10141,0.376237,0.0,0.0,0.0,0.0,0.0,0.0,0.603796,0.57672,0.0,0.258981,0.0,0.0,0.0,0.595297,0.309528,1.481892,0.353105,0.0,0.197216,0.291146
403,0.094829,0.045978,0.252156,1.846376,0.126433,0.425472,1.9039,0.44389,0.123446,0.185049,0.122343,0.818816,0.179557,0.941088,0.024862,1.020747,0.158059,1.43523,0.0,0.271468,0.0,0.411326,0.399115,0.891094,0.0,0.004534,0.0,0.605937,0.0,0.601419,1.069092,0.544924,0.318765,0.0,0.0,0.990854,0.0,0.822945,0.0,0.185246,0.272361,0.0,0.224889,0.094185,0.0,0.0,0.0,0.0,0.375196,0.0,0.543017,0.389072,0.0,0.195303,0.0,0.0,0.0,0.0,0.0,1.499372,0.449852,0.005961,0.251281,0.100427
404,0.080268,0.163658,0.116372,2.300392,0.570804,0.452443,1.737782,0.37851,0.07711,0.150526,0.0,0.710754,0.238548,0.731155,0.0,1.281621,0.248676,1.65462,0.0,0.172506,0.018807,0.628308,0.570601,0.976309,0.0,0.0,0.0,0.64522,0.054905,0.589461,0.988444,0.911478,0.431543,0.0,0.0,0.91732,0.071709,0.689253,0.15104,0.144093,0.194389,0.0,0.146922,0.222807,0.0,0.0,0.0,0.0,0.572327,0.0,0.301376,0.316985,0.0,0.180575,0.0,0.0,0.0,0.0,0.158471,1.659669,0.124387,0.335633,0.099927,0.0
405,0.134538,0.233974,0.049729,2.205899,0.912692,0.263613,1.81963,0.200353,0.049027,0.0,0.0,0.494052,0.155309,0.561095,0.129562,1.121342,0.224482,1.57245,0.0,0.316033,0.0,0.446563,0.479919,1.303831,0.0,0.0,0.0,0.544116,0.0,0.323639,0.853945,1.178288,0.422661,0.0,0.0,0.79211,0.09278,0.728022,0.204843,0.0,0.0,0.0,0.010304,0.287102,0.0,0.0,0.0,0.0,0.27922,0.0,0.246141,0.239218,0.0,0.135051,0.0,0.0,0.0,0.035078,0.576816,1.662005,0.0,0.393051,0.0,0.0
406,0.0,0.657887,0.0,1.76884,1.306025,0.01525,1.388035,0.074225,0.0,0.0,0.0,0.230361,0.002585,0.180623,0.353515,1.038894,0.0,1.277448,0.0,0.305145,0.560289,0.679516,0.421582,0.655192,0.0,0.085694,0.0,0.539358,0.0,0.212263,0.793795,1.248689,0.386837,0.0,0.0,0.162202,0.704737,0.623019,0.678037,0.009244,0.0,0.0,0.203794,0.685981,0.0,0.194073,0.0,0.0,0.722361,0.005651,0.0,0.0,0.0,0.300235,0.0,0.015838,0.0,0.4704,1.093449,1.360174,0.0,0.887365,0.0,0.0
407,0.0,0.809402,0.0,1.470062,1.384951,0.0,0.846836,0.19989,0.0,0.0,0.118588,0.023569,0.096263,0.283873,0.462504,0.830313,0.0,1.075142,0.0,0.206918,0.896909,0.970542,0.47732,0.122554,0.0,0.174052,0.0,0.510227,0.0,0.159,0.552731,1.229385,0.676711,0.029632,0.0,0.055683,0.937616,0.707336,0.862169,0.281318,0.492564,0.0,0.451714,0.831932,0.0,0.258107,0.0,0.0,0.854688,0.233243,0.0,0.0,0.0,0.100237,0.0,0.0,0.0,0.634294,1.107372,1.218692,0.0,1.1859,0.007758,0.0
408,0.0,0.808826,0.0,0.872627,1.409317,0.0,0.832177,0.434558,0.0,0.0,0.080868,0.0,0.314348,0.58897,0.566098,0.737339,0.0,1.302746,0.0,0.395632,0.662574,0.848423,0.079439,0.0,0.0,0.306399,0.0,0.918406,0.0,0.0,0.521447,1.131684,1.110834,0.076464,0.0,0.0,0.962679,0.761633,1.176043,0.194129,0.522143,0.0,0.29843,0.830975,0.030191,0.372427,0.0,0.0,0.389923,0.487751,0.087792,0.0,0.0,0.0,0.0,0.077636,0.0,1.011853,0.963138,0.839998,0.0,1.113059,0.228876,0.0
409,0.0,1.040989,0.0,0.0,0.870932,0.0,0.902455,0.970294,0.0,0.0,0.432591,0.014366,0.459873,0.905687,0.657947,0.602118,0.0,1.142212,0.0,0.237911,0.449846,0.576673,0.0,0.0,0.0,0.52116,0.0,1.3167,0.019855,0.0,0.949408,0.262269,1.747271,0.195465,0.0,0.0,1.017667,0.768188,1.246128,0.297843,0.905284,0.0,0.101081,0.341676,0.313265,0.377602,0.0,0.0,0.21086,0.682507,0.785336,0.0,0.060525,0.0,0.0,0.391004,0.0,1.119647,0.630341,0.207441,0.0,0.703755,0.331929,0.0
410,0.0,0.88992,0.0,1.307505,1.271201,0.0,0.142339,0.176169,0.0,0.0,0.0,0.0,0.212875,0.759233,0.468199,0.637649,0.329156,1.111759,0.0,0.078878,1.458669,0.83432,0.633943,0.0,0.0,0.33883,0.0,0.416745,0.002122,0.176915,0.0,1.14072,1.108194,0.0,0.0,0.016102,0.859535,0.676278,0.85138,0.479555,0.667533,0.0,0.636434,1.195332,0.049963,0.535836,0.0,0.0,0.756888,0.356965,0.201634,0.0,0.0,0.0,0.0,0.0,0.0,0.911266,0.970785,0.694546,0.0,1.166139,0.485986,0.0
411,0.0,0.895532,0.0,0.235007,0.399486,0.0,0.752434,0.718845,0.0,0.0,0.335169,0.101899,0.544742,1.169772,0.391492,0.399421,0.0,0.723003,0.0,0.0,0.800432,0.391585,0.151357,0.026541,0.0,0.271669,0.0,0.612256,0.264706,0.248928,0.589112,0.0,1.342321,0.184344,0.0,0.0,0.449476,0.296554,0.435143,0.277943,0.626906,0.236601,0.307909,0.132482,0.34254,0.414787,0.0,0.0,0.476479,0.502254,0.782728,0.0,0.0,0.0,0.0,0.423927,0.0,0.503723,0.58061,0.272707,0.278024,0.234743,0.448457,0.0
412,0.0,0.475804,0.0,0.724103,0.687438,0.0,1.102173,0.347256,0.0,0.0,0.076108,0.0,0.594879,0.985007,0.520945,0.553578,0.0,1.046583,0.0,0.244305,0.687857,0.169525,0.0,0.09111,0.0,0.29099,0.0,0.746564,0.053983,0.261646,0.322623,0.403622,1.075621,0.185766,0.0,0.0,0.599548,0.239855,0.601875,0.248218,0.175238,0.04955,0.339211,0.733794,0.00213,0.283117,0.0,0.0,0.304332,0.493748,0.570405,0.0,0.0,0.0,0.0,0.317297,0.0,1.036029,0.735637,0.407027,0.0,0.556764,0.407113,0.0
413,0.0,0.018055,0.0,0.446014,0.083311,0.0,1.607786,0.327251,0.0,0.0,0.484966,0.151113,0.712651,0.984595,0.68044,0.267374,0.0,0.747493,0.0,0.406791,0.362148,0.0,0.0,0.393767,0.0,0.2071,0.0,0.779592,0.26455,0.352423,0.486847,0.0,1.179776,0.198431,0.0,0.000273,0.319837,0.147109,0.150819,0.118658,0.224276,0.045781,0.525447,0.333973,0.0,0.038756,0.0,0.0,0.062823,0.270424,0.6308,0.0,0.0,0.0,0.0,0.363033,0.0,1.073081,0.568268,0.529001,0.200771,0.203066,0.403724,0.0
414,0.0,0.03849,0.004258,0.0,0.0,0.0,2.148038,0.375605,0.0,0.0,0.631925,0.206227,0.50834,0.902682,0.862075,0.430829,0.0,0.989274,0.0,0.866775,0.144464,0.0,0.0,0.257847,0.0,0.095247,0.0,1.066817,0.35236,0.025894,0.842567,0.0,1.363,0.0,0.0,0.23941,0.160373,0.5356,0.600813,0.221765,0.28215,0.0,0.441449,0.524034,0.038656,0.126453,0.0,0.0,0.0,0.245949,0.96114,0.0,0.088823,0.0,0.0,0.340551,0.0,1.803795,0.530784,0.309548,0.210564,0.0,0.698475,0.14046
415,0.0,0.168524,0.0,0.034551,0.0,0.0,1.968382,0.628639,0.0,0.0,0.640837,0.450008,0.751468,1.178775,0.719651,0.322754,0.0,0.841856,0.0,0.536497,0.195226,0.0,0.0,0.298714,0.0,0.037922,0.0,0.926425,0.637089,0.370754,0.852378,0.0,1.471404,0.125619,0.0,0.312768,0.003244,0.314474,0.191583,0.137284,0.502258,0.016253,0.529918,0.0,0.167311,0.000836,0.0,0.0,0.0,0.338908,1.07273,0.0,0.0,0.0,0.0,0.417271,0.0,1.126882,0.303469,0.467164,0.681151,0.0,0.727688,0.0
416,0.0,0.238194,0.0,0.740554,0.198314,0.0,1.283952,0.247723,0.0,0.0,0.217575,0.0,0.618844,1.238007,0.540176,0.50446,0.0,1.002938,0.0,0.300703,0.618692,0.0,0.002461,0.239137,0.0,0.208008,0.0,0.584253,0.185853,0.359444,0.148045,0.088802,1.112273,0.0,0.0,0.235089,0.25771,0.382707,0.388088,0.138969,0.332012,0.032759,0.463073,0.537828,0.0,0.057304,0.0,0.0,0.196424,0.2575,0.840998,0.0,0.010355,0.0,0.0,0.245005,0.0,1.138998,0.59794,0.540914,0.057348,0.296596,0.594744,0.0
417,0.0,0.282555,0.0,0.863811,0.75914,0.012399,1.423745,0.465904,0.0,0.0,0.006229,0.0,0.847418,1.310656,0.434397,0.665181,0.010111,1.242425,0.0,0.340831,0.314626,0.083329,0.0,0.0,0.0,0.232912,0.0,0.944577,0.003832,0.242461,0.279568,0.475814,1.191724,0.042478,0.0,0.0,0.572964,0.384574,0.694173,0.177345,0.195011,0.044127,0.169677,0.74953,0.0,0.17382,0.0,0.0,0.113915,0.39569,0.710616,0.0,0.15917,0.0,0.0,0.157706,0.0,1.114069,0.600402,0.60587,0.0,0.586849,0.443048,0.016431
418,0.0,0.804061,0.0,0.9091,0.754864,0.0,0.469297,0.661423,0.0,0.0,0.354383,0.0,0.711551,1.085295,0.552745,0.765179,0.0,1.072963,0.0,0.0,0.873292,0.53379,0.28161,0.0,0.0,0.593043,0.0,0.999553,0.154109,0.215901,0.477395,0.575565,1.35348,0.246051,0.0,0.0,1.263105,0.570155,0.786848,0.790938,0.82375,0.0,0.514767,0.907149,0.04022,0.137318,0.0,0.0,0.919048,0.671701,0.508191,0.0,0.145261,0.0,0.0,0.03015,0.0,1.055494,0.657436,0.629804,0.0,1.137897,0.0,0.0
419,0.0,1.12566,0.0,0.820139,0.882129,0.0,0.376273,0.692423,0.0,0.0,0.474379,0.0,0.296464,1.035405,0.332515,0.562944,0.0,0.649895,0.0,0.0,0.924263,1.199779,0.717459,0.381436,0.0,0.34095,0.0,0.448102,0.004898,0.425907,0.473228,0.829033,0.89091,0.056895,0.0,0.0,0.731687,0.783384,0.494794,0.783085,0.665637,0.12769,0.411043,0.481654,0.097825,0.692966,0.0,0.0,1.270037,0.433912,0.0,0.0,0.082586,0.0,0.0,0.0,0.0,0.253732,0.888153,1.05398,0.306924,0.713248,0.282345,0.0
420,0.0,1.178664,0.0,1.159343,0.979142,0.0,0.0,0.691739,0.326743,0.0,0.751488,0.020868,0.320191,1.049497,0.034362,0.526533,0.166762,0.600841,0.0,0.0,1.165268,1.693017,1.127461,0.0,0.0,0.377716,0.0,0.248724,0.227854,0.649411,0.406985,0.960445,0.83084,0.247165,0.0,0.0,0.899025,1.008836,0.560311,1.252865,1.024062,0.0,0.682935,0.460256,0.031627,0.67347,0.0,0.0,1.809931,0.364873,0.0,0.0,0.0,0.0,0.0,0.0,0.0,0.0,0.791546,1.289626,0.618791,1.0954,0.310669,0.0
421,0.0,0.472738,0.0,1.243331,1.075934,0.079474,0.312613,0.279996,0.152887,0.192067,0.31636,0.0,0.23675,1.088662,0.0,0.535327,0.528496,0.988928,0.0,0.0,0.61216,1.274063,0.766948,0.731852,0.0,0.181154,0.0,0.337054,0.0,0.424734,0.0,1.21349,0.472328,0.0,0.0,0.0,0.471835,1.104167,0.478863,0.315579,0.236362,0.0,0.362095,0.654916,0.0,0.574619,0.0,0.0,1.047415,0.0,0.0,0.0,0.007241,0.041828,0.0,0.0,0.0,0.337401,0.584707,1.646761,0.043542,0.701147,0.625665,0.0
422,0.0,0.84898,0.0,1.031108,0.902461,0.0,0.0,0.585092,0.384036,0.163195,0.689248,0.017823,0.192306,1.020837,0.005344,0.446901,0.384967,0.750144,0.0,0.0,0.728281,1.653415,0.856594,0.0,0.0,0.429883,0.0,0.499292,0.078734,0.38341,0.207152,1.144994,0.538485,0.146459,0.0,0.0,0.8544,1.283726,0.735465,0.991322,0.878601,0.0,0.471045,0.495347,0.0,0.447625,0.0,0.0,1.626513,0.22852,0.0,0.0,0.0,0.088116,0.0,0.0,0.0,0.236142,0.39286,1.435603,0.512873,1.022626,0.537396,0.0
423,0.0,0.410866,0.0,0.832773,0.650165,0.0,0.213779,0.441814,0.520388,0.077603,0.738892,0.0,0.144197,0.846419,0.13153,0.267832,0.294395,0.598368,0.0,0.02956,0.243762,1.221349,0.490449,0.180748,0.0,0.434263,0.0,0.644689,0.0,0.242925,0.020901,1.171769,0.278628,0.083638,0.0,0.0,0.70424,1.20683,0.585612,0.476288,0.588026,0.0,0.319148,0.376454,0.0,0.27995,0.0,0.0,1.059198,0.075842,0.0,0.056507,0.0,0.22793,0.0,0.0,0.0,0.508895,0.464402,1.539405,0.442349,0.797041,0.520885,0.0
424,0.0,0.240078,0.036505,1.204696,0.841832,0.0,0.002073,0.022736,0.572826,0.179735,0.475262,0.0,0.015822,0.311061,0.1416,0.510915,0.477761,0.331878,0.0,0.0,0.514423,1.138005,0.812345,0.887775,0.172102,0.408734,0.0,0.261367,0.0,0.31743,0.0,1.512133,0.0,0.0,0.0,0.070407,0.677327,0.980769,0.375597,0.255589,0.230417,0.0,0.349008,0.503492,0.0,0.344301,0.0,0.0,0.87345,0.0,0.0,0.442867,0.0,0.554692,0.0,0.133393,0.0,0.468795,0.836484,1.561053,0.265164,0.730451,0.267354,0.0
425,0.0,0.342658,0.0,1.396409,0.896269,0.0,0.0,0.104637,0.937877,0.391387,0.59937,0.0,0.036276,0.0,0.155216,0.336878,0.688165,0.0,0.0,0.0,1.225604,1.265503,0.887498,0.865772,0.351196,0.540674,0.0,0.0,0.0,0.620181,0.0,1.415451,0.0,0.295986,0.0,0.231211,0.725057,0.936412,0.151377,0.532789,0.483363,0.0,0.649138,0.804078,0.0,0.347839,0.0,0.0,1.009461,0.0,0.038193,0.533583,0.0,0.916926,0.0,0.518395,0.0,0.319292,0.853853,1.272219,0.499564,0.887301,0.233198,0.0
426,0.0,0.12728,0.0,1.316408,0.897683,0.0,0.0,0.038015,0.831149,0.423347,0.424204,0.0,0.087045,0.0,0.133787,0.464332,0.610868,0.027235,0.0,0.0,1.020762,1.105166,0.728734,0.894275,0.423641,0.449753,0.0,0.0,0.0,0.533522,0.0,1.489641,0.0,0.358569,0.0,0.314464,0.696876,0.848235,0.109638,0.164332,0.238799,0.0,0.531468,0.65418,0.0,0.234659,0.0,0.0,0.688837,0.122796,0.293877,0.740416,0.0,0.955654,0.0,0.795583,0.0,0.284397,0.732908,1.229984,0.347862,0.784048,0.379657,0.0
427,0.0,0.472931,0.0,1.289262,0.899175,0.0,0.0,0.26414,0.842625,0.359507,0.694058,0.0,0.0,0.0,0.233564,0.090303,0.645977,0.0,0.0,0.0,0.98929,1.053552,0.628213,1.314867,0.543324,0.387562,0.0,0.0,0.0,0.484817,0.26145,1.428865,0.0,0.73527,0.0,0.231555,0.790666,0.722792,0.029245,0.296029,0.177833,0.0,0.676298,0.290422,0.008111,0.22319,0.0,0.0,0.753743,0.190667,0.418566,0.890472,0.0,1.386575,0.0,1.135543,0.0,0.012936,0.966577,1.058919,0.936328,0.557767,0.150626,0.0
428,0.0,0.347478,0.0,1.298531,0.809651,0.0,0.0,0.157261,0.842317,0.393906,0.544906,0.0,0.009302,0.0,0.233729,0.292028,0.512356,0.0,0.0,0.0,1.086694,0.91585,0.44237,1.095917,0.514863,0.373435,0.0,0.0,0.0,0.423668,0.279429,1.332096,0.0,0.722499,0.0,0.253245,0.849414,0.584449,0.013696,0.245845,0.098494,0.0,0.650549,0.515252,0.0,0.105319,0.0,0.0,0.668579,0.294482,0.723007,0.853959,0.0,1.319893,0.0,1.388099,0.0,0.192552,0.679421,0.941024,0.589706,0.575133,0.213194,0.0
429,0.0,0.0,0.0,1.01226,0.422454,0.0,0.240921,0.0,0.92954,0.263205,0.570674,0.0,0.0,0.0,0.445163,0.219323,0.618232,0.0,0.0,0.192445,0.882337,0.280259,0.179438,1.392665,0.272155,0.370678,0.0,0.0,0.082231,0.048624,0.183267,1.205819,0.0,0.471026,0.0,0.231382,0.722644,0.758178,0.0,0.0,0.0,0.0,0.813467,0.731559,0.0,0.0,0.0,0.0,0.212589,0.0,0.797248,0.825994,0.0,0.996596,0.0,1.42822,0.0,0.682103,0.806125,1.224012,0.508263,0.410048,0.366539,0.0
430,0.0,0.0,0.0,1.534951,0.346421,0.0,0.502695,0.0,0.721238,0.337498,0.377509,0.169156,0.266268,0.014451,0.0,0.54155,0.375538,0.0,0.0,0.055153,0.694586,0.516971,0.415497,1.303205,0.340297,0.085573,0.0,0.0,0.041842,0.570922,0.23199,1.207663,0.0,0.566914,0.0,0.28297,0.439898,0.610136,0.0,0.170369,0.0,0.0,0.859574,0.431789,0.000981,0.021243,0.0,0.0,0.301534,0.0,0.415925,1.066546,0.0,0.645952,0.0,1.200746,0.0,0.0,0.160796,1.496917,0.312774,0.579158,0.313922,0.0
431,0.0,0.183714,0.0,0.856761,0.0,0.0,1.203001,0.638958,0.507734,0.384041,0.743415,0.762754,0.400435,0.0,0.019679,0.302754,0.0,0.0,0.0,0.0,0.138966,0.378685,0.089171,1.122914,0.2147,0.0,0.0,0.089533,0.651145,0.728118,1.153824,0.399872,0.016535,0.889642,0.0,0.189537,0.497366,0.389294,0.0,0.373634,0.111091,0.0,1.040158,0.0,0.106309,0.0,0.0,0.0,0.457291,0.068235,0.623198,1.006207,0.0,0.754365,0.0,1.222402,0.0,0.0,0.0,1.440291,1.148842,0.0,0.546911,0.0
432,0.0,0.0,0.0,0.967092,0.0,0.0,1.853446,0.275256,0.578379,0.388601,0.624331,0.820437,0.680361,0.283526,0.005971,0.558206,0.0,0.029136,0.0,0.563385,0.0,0.007745,0.00069,1.154386,0.0,0.0,0.0,0.680357,0.57041,0.370592,1.000278,0.507771,0.169193,0.707423,0.0,0.264,0.413492,0.44505,0.0,0.126868,0.0,0.0,0.952222,0.0,0.097369,0.0,0.0,0.0,0.0,0.0,0.43081,1.08685,0.0,0.089897,0.0,0.840197,0.0,0.0,0.0,1.910348,0.670511,0.135459,0.584247,0.0
433,0.0,0.0,0.0,1.281638,0.0,0.0,1.96708,0.156355,0.631823,0.24417,0.495903,0.824254,0.599172,0.346915,0.0,0.521231,0.0,0.0,0.0,0.614432,0.0,0.0,0.055941,1.665621,0.015341,0.0,0.0,0.723682,0.408265,0.273884,1.071813,0.489918,0.116289,0.574931,0.0,0.314309,0.232004,0.479362,0.0,0.069653,0.0,0.0,0.900435,0.15092,0.172194,0.0,0.0,0.0,0.0,0.0,0.506988,1.022387,0.0,0.094061,0.0,0.864096,0.0,0.0,0.0,1.90664,0.443967,0.005759,0.305407,0.0
434,0.0,0.0,0.0,1.220831,0.0,0.0,1.936603,0.463369,0.590045,0.381454,0.545215,0.906326,0.730064,0.338536,0.0,0.505975,0.0,0.220509,0.0,0.614233,0.0,0.0,0.041282,1.446667,0.072553,0.0,0.0,0.64093,0.56587,0.66308,1.144087,0.528229,0.370868,0.996552,0.0,0.137838,0.335751,0.398991,0.0,0.216231,0.0,0.0,0.908954,0.0,0.229925,0.0,0.0,0.0,0.027849,0.0,0.231444,0.962312,0.0,0.0,0.0,0.845172,0.0,0.0,0.0,1.809044,0.83867,0.116958,0.498069,0.0
435,0.0,0.077158,0.0,0.73157,0.0,0.0,1.730824,0.340034,0.211873,0.128419,0.491994,0.680464,0.195855,0.062215,0.101705,0.587574,0.0,0.185157,0.0,0.61449,0.019234,0.0,0.0,1.159176,0.0,0.0,0.0,0.560944,0.346398,0.245952,1.338465,0.532634,0.055383,0.746669,0.0,0.0,0.470719,0.483347,0.0,0.20659,0.0,0.0,0.774537,0.306328,0.267648,0.05141,0.0,0.0,0.112211,0.17113,0.274514,0.664072,0.0,0.507625,0.0,1.147574,0.0,0.446453,0.308844,1.398115,0.662424,0.0,0.291243,0.0
436,0.0,0.423161,0.0,0.753372,0.0,0.0,1.11341,0.661342,0.085515,0.18395,0.351808,0.46164,0.411102,0.355042,0.13456,0.603105,0.0,0.158768,0.0,0.205276,0.696737,0.150661,0.080463,0.897856,0.173141,0.0,0.0,0.072908,0.534914,0.516985,0.988806,0.199284,0.404408,0.975586,0.0,0.0,0.483231,0.087317,0.0,0.387146,0.0,0.176945,0.727657,0.147027,0.468502,0.054266,0.0,0.0,0.587959,0.2695,0.656524,0.415103,0.0,0.5478,0.0,1.339374,0.0,0.007504,0.114432,0.757476,0.600602,0.0,0.333399,0.0
437,0.0,0.272798,0.0,0.288131,0.0,0.176687,1.159544,0.329294,0.0,0.0,0.650686,0.185489,0.315055,0.243827,0.36791,0.576985,0.152334,0.029255,0.0,0.403143,0.899025,0.0,0.0,0.498626,0.0,0.0,0.0,0.292201,0.532682,0.127486,0.883621,0.0,0.606288,0.80016,0.0,0.0,0.797092,0.138848,0.100544,0.36483,0.057357,0.29914,0.774422,0.494696,0.278338,0.0,0.0,0.0,0.460102,0.20799,0.949677,0.130891,0.0,0.636162,0.0,1.355039,0.0,0.975406,0.469757,0.499906,0.607267,0.0,0.398285,0.0
438,0.0,0.0,0.015752,0.317765,0.0,0.147056,1.459618,0.250221,0.0,0.0,0.525154,0.003282,0.966145,0.820149,0.332312,0.772363,0.124571,0.454548,0.0,0.937037,0.453995,0.0,0.0,0.380467,0.0,0.0,0.0,0.577789,0.527082,0.092055,0.353675,0.0,1.038776,0.689232,0.0,0.0,0.559933,0.0,0.138415,0.128881,0.105187,0.0,0.595617,0.400851,0.240425,0.0,0.0,0.0,0.0,0.143523,0.992861,0.109906,0.0,0.0,0.0,1.164074,0.0,1.244636,0.081179,0.401478,0.092941,0.0,0.693524,0.0
439,0.0,0.0,0.0,0.882993,0.011498,0.064532,1.372568,0.246569,0.089323,0.0,0.426222,0.0,0.939033,1.085023,0.293785,0.532294,0.114256,0.262537,0.0,0.785501,0.498206,0.0,0.0,0.877711,0.019733,0.0,0.0,0.409587,0.524414,0.341887,0.0,0.0,1.029445,0.824277,0.0,0.0,0.496518,0.0,0.0,0.010821,0.090197,0.102584,0.792306,0.252955,0.240959,0.081298,0.0,0.0,0.033873,0.163064,0.802245,0.0,0.0,0.0,0.0,0.949618,0.185276,0.85512,0.335812,0.750148,0.368137,0.0,0.651996,0.0
440,0.0,0.0,0.0,0.694,0.129033,0.29642,0.935556,0.0,0.0,0.0,0.502854,0.0,0.761655,0.744614,0.744954,0.581205,0.144233,0.447045,0.0,0.788339,0.908886,0.0,0.116286,0.0,0.0,0.313606,0.0,0.630069,0.529332,0.147445,0.0,0.061656,1.000016,0.886652,0.0,0.0,1.395082,0.046222,0.213452,0.144231,0.308872,0.020681,0.851412,0.901258,0.0,0.02643,0.0,0.0,0.370705,0.650672,0.729237,0.0,0.0,0.0,0.0,1.055739,0.083642,1.873738,0.745311,0.621768,0.0,0.532609,0.463827,0.0
441,0.0,0.0,0.0,0.233457,0.044885,0.060992,1.496079,0.310945,0.019723,0.0,0.972244,0.0,0.550889,0.54166,0.769462,0.110822,0.0,0.026773,0.0,0.725854,0.189882,0.0,0.0,0.552557,0.0,0.090032,0.0,0.770247,0.715905,0.495207,0.427023,0.0,1.049284,0.945308,0.0,0.0,1.106021,0.138971,0.0,0.0,0.360739,0.249468,1.134979,0.22094,0.0,0.360296,0.0,0.0,0.600357,0.587818,0.534503,0.0,0.0,0.069988,0.0,1.125796,0.148411,1.752887,0.863707,0.965679,0.927327,0.101021,0.809055,0.0
442,0.0,0.076344,0.0,0.215791,0.199678,0.023464,1.252612,0.555834,0.041602,0.0,1.243002,0.0,0.414405,0.265426,1.057814,0.08962,0.0,0.065466,0.0,0.582994,0.354614,0.0,0.036923,0.0,0.0,0.449514,0.0,1.076253,0.596486,0.52898,0.502254,0.0,1.270494,1.140702,0.0,0.0,1.782949,0.350903,0.0,0.14071,0.801533,0.119981,1.171387,0.223971,0.0,0.277504,0.0,0.0,1.027215,0.973387,0.412915,0.0,0.0,0.0,0.0,0.995223,0.073725,1.865699,1.042316,0.888574,0.97332,0.644268,0.56191,0.0
443,0.0,0.0,0.0,0.531221,0.224136,0.0,0.79463,0.0,0.208382,0.0,0.899965,0.0,0.187275,0.474054,1.097962,0.054201,0.138126,0.342393,0.0,0.686016,0.577369,0.0,0.13517,0.237226,0.0,0.405142,0.0,0.771586,0.225839,0.125855,0.0,0.594314,0.680994,0.642588,0.0,0.0,1.333483,0.81649,0.138404,0.0,0.669224,0.0,0.97668,0.816474,0.0,0.373721,0.0,0.0,0.449633,0.547288,0.052464,0.0,0.0,0.0,0.0,0.59896,0.0,2.137255,1.132585,1.122911,0.32305,0.73059,0.622369,0.0
444,0.0,0.320379,0.0,0.236507,0.46792,0.0,0.648295,0.288748,0.0,0.0,0.63688,0.0,0.043125,0.607839,0.886282,0.303088,0.0,0.475818,0.0,0.460618,0.321377,0.231176,0.142759,0.0,0.0,0.431156,0.0,0.935221,0.0,0.013755,0.0,0.612024,0.661574,0.58981,0.0,0.0,1.171945,0.888366,0.476191,0.11191,0.592505,0.0,0.619762,0.60398,0.0,0.465247,0.0,0.0,0.553923,0.763212,0.178377,0.0,0.0,0.047539,0.0,0.509741,0.0,1.753071,0.782955,0.771109,0.134115,0.602758,0.541492,0.0
445,0.0,0.751542,0.0,0.847467,0.946421,0.0,0.0,0.093222,0.045199,0.0,0.219717,0.0,0.0,0.412598,0.641363,0.47554,0.081511,0.491708,0.0,0.153176,1.047525,0.838689,0.753018,0.060604,0.0,0.564218,0.0,0.447593,0.0,0.031699,0.0,1.217084,0.36767,0.388757,0.0,0.0,1.224534,0.983461,0.555133,0.443227,0.565876,0.0,0.614635,1.025972,0.0,0.552166,0.0,0.0,1.05876,0.781844,0.0,0.0,0.0,0.273177,0.0,0.115446,0.0,1.282003,0.978456,0.835762,0.0,0.867268,0.394016,0.0
446,0.0,0.447279,0.0,1.06181,0.87457,0.0,0.030443,0.021555,0.2616,0.061442,0.138474,0.0,0.032433,0.580158,0.272565,0.413243,0.320296,0.582286,0.0,0.0,0.89553,0.793956,0.709237,0.540466,0.0,0.387426,0.0,0.22878,0.0,0.278145,0.0,1.221795,0.394581,0.141355,0.0,0.0,0.645429,0.859204,0.281989,0.368962,0.281847,0.0,0.625758,0.872566,0.0,0.428777,0.0,0.0,0.946271,0.280986,0.0,0.0,0.0,0.267917,0.0,0.017644,0.0,0.702886,0.69186,1.055606,0.0,0.738572,0.462507,0.0
447,0.0,0.0,0.0,0.738337,0.293224,0.0,0.618665,0.221654,0.468272,0.0,0.551201,0.0,0.636169,0.968921,0.057012,0.120545,0.039735,0.307128,0.0,0.0,0.097375,0.298361,0.199666,0.898598,0.0,0.223866,0.0,0.531201,0.0,0.448119,0.0,0.46472,0.659408,0.082595,0.0,0.016343,0.081931,0.624777,0.0,0.116429,0.213809,0.0,0.434399,0.096595,0.0,0.155043,0.0,0.0,0.361255,0.0,0.280746,0.064038,0.0,0.018644,0.0,0.141037,0.0,0.16562,0.261154,1.13433,0.503849,0.161642,0.406526,0.0
448,0.0,0.377472,0.0,0.865163,0.468333,0.0,0.0785,0.508399,0.580995,0.0,0.617027,0.0,0.53325,0.942651,0.036047,0.32398,0.065779,0.306236,0.0,0.0,0.740862,0.916292,0.659874,0.240661,0.0,0.314366,0.0,0.352207,0.325663,0.656549,0.0,0.56096,0.736312,0.296344,0.0,0.0,0.566042,0.509376,0.13009,0.817973,0.560682,0.0,0.59843,0.28851,0.050276,0.312628,0.0,0.0,1.100207,0.204954,0.127954,0.0,0.0,0.0,0.0,0.090443,0.0,0.0,0.271035,1.004473,0.575085,0.667224,0.214251,0.0
449,0.0,0.779511,0.0,0.585163,0.204351,0.0,0.127162,1.091527,0.505723,0.0,0.936252,0.266359,0.470705,0.849474,0.0,0.213023,0.0,0.16784,0.0,0.0,0.615714,1.149636,0.811671,0.0,0.0,0.354548,0.0,0.394591,0.734417,0.833105,0.533385,0.167495,1.02876,0.535389,0.0,0.0,0.796356,0.381152,0.160322,1.177987,1.055381,0.101071,0.592191,0.0,0.158485,0.396072,0.0,0.0,1.502222,0.442893,0.354205,0.0,0.0,0.0,0.0,0.124244,0.0,0.0,0.045873,0.752838,1.152672,0.449884,0.298771,0.0
