time_index,z0,z1,z2,z3,z4,z5,z6,z7,z8,z9,z10,z11,z12,z13,z14,z15,z16,z17,z18,z19,z20,z21,z22,z23,z24,z25,z26,z27,z28,z29,z30,z31,z32,z33,z34,z35,z36,z37,z38,z39,z40,z41,z42,z43,z44,z45,z46,z47
0,0.0,0.0,0.0,0.0,0.0,1.28103,0.0,5.105659,0.271267,1.834842,0.136996,1.413303,0.0,0.459372,2.679367,0.0,0.0,2.046175,0.0,0.0,0.0,1.559247,0.66037,0.0,0.0,0.0,2.692118,0.0,0.127586,0.080678,0.673948,0.0,3.374761,0.072153,0.0,1.281703,0.0,0.0,0.0,0.0,0.0,0.770129,0.0,0.0,0.0,2.096395,2.18776,0.0
1,0.0,0.0,0.0,0.0,0.0,0.892454,0.0,4.623592,0.290091,1.642343,0.103699,1.235017,0.0,0.411561,2.534623,0.0,0.0,1.902108,0.0,0.0,0.0,1.576665,0.894208,0.0,0.0,0.0,2.371942,0.0,0.018983,0.070108,0.321783,0.0,3.133171,0.0,0.0,1.027274,0.0,0.0,0.0,0.0,0.0,0.505059,0.0,0.0,0.0,2.255846,2.063417,0.0
2,0.0,0.0,0.0,0.0,0.0,0.941035,0.0,4.219086,0.167235,1.519245,0.0,1.075395,0.0,0.191909,2.472355,0.0,0.0,1.681277,0.0,0.0,0.0,1.381207,1.014799,0.0,0.0,0.0,1.922429,0.0,0.0,0.257112,0.186381,0.0,2.505813,0.0,0.0,0.90864,0.0,0.0,0.0,0.0,0.0,0.392262,0.0,0.0,0.0,2.090178,1.874929,0.0
3,0.0,0.0,0.0,0.0,0.0,0.904409,0.0,4.014657,0.367448,1.278097,0.270228,0.922588,0.0,0.143831,2.13649,0.0,0.0,1.608564,0.0,0.0,0.0,0.967195,1.509649,0.0,0.0,0.0,1.648988,0.0,0.114144,0.431091,0.0,0.0,2.322024,0.010009,0.0,0.797988,0.0,0.0,0.0,0.0,0.0,0.418918,0.0,0.0,0.002217,2.005615,1.885634,0.0
4,0.0,0.0,0.0,0.0,0.0,0.878937,0.0,3.399856,0.48912,0.851719,0.146808,0.700131,0.0,0.0,1.87138,0.0,0.0,1.346714,0.0,0.0,0.0,0.64705,1.637036,0.0,0.0,0.0,1.216998,0.0,0.02555,0.579295,0.0,0.0,1.694158,0.350534,0.0,0.539728,0.0,0.0,0.0,0.0,0.0,0.302381,0.0,0.0,0.0,1.755443,1.582529,0.0
5,0.0,0.0,0.0,0.0,0.0,0.812132,0.0,2.841629,0.364012,0.845543,0.0,0.697807,0.0,0.0,1.727793,0.0,0.0,1.134152,0.0,0.0,0.0,0.509815,1.106458,0.0,0.0,0.0,0.805585,0.0,0.0,0.27924,0.0,0.148605,1.176018,0.521556,0.0,0.14729,0.0,0.0,0.0,0.0,0.0,0.0878,0.0,0.0,0.0,1.262487,1.185524,0.0
6,0.0,0.0,0.0,0.0,0.0,0.702673,0.0,2.394989,0.497398,0.65012,0.032444,0.508015,0.0,0.0,1.379203,0.0,0.0,0.950529,0.0,0.0,0.0,0.276029,1.088272,0.0,0.0,0.0,0.670316,0.0,0.0,0.182544,0.0,0.022878,1.093023,0.660856,0.0,0.076356,0.0,0.0,0.0,0.0,0.0,0.097276,0.005824,0.0,0.0,1.002092,1.022699,0.0
7,0.0,0.0,0.0,0.0,0.0,0.600402,0.0,1.922069,0.453347,0.609643,0.170738,0.230601,0.0,0.0,0.93155,0.0,0.0,0.826613,0.0,0.0,0.0,0.187518,1.090008,0.0,0.0,0.0,0.485516,0.0,0.0,0.004978,0.023549,0.0,0.834084,0.709051,0.0,0.174918,0.0,0.0,0.0,0.0,0.0,0.174307,0.209569,0.0,0.0,0.667344,0.792881,0.0
8,0.0,0.0,0.0,0.0,0.0,0.367854,0.0,1.516923,0.346025,0.629883,0.070436,0.277293,0.0,0.0,1.006113,0.0,0.0,0.724681,0.0,0.0,0.0,0.370953,0.520008,0.0,0.0,0.0,0.445955,0.0,0.0,0.0,0.15044,0.0,0.778814,0.46968,0.0,0.012842,0.0,0.0,0.0,0.0,0.0,0.133169,0.195798,0.0,0.0,0.545533,0.570699,0.0
9,0.0,0.0,0.0,0.0,0.06961,0.179679,0.0,1.192161,0.422963,0.633196,0.302728,0.099542,0.0,0.0,0.743003,0.0,0.0,0.753432,0.0,0.0,0.0,0.484488,0.609395,0.0,0.0,0.0,0.333332,0.0,0.0,0.0,0.135951,0.0,0.564026,0.374597,0.0,0.0,0.0,0.0,0.0,0.0,0.0,0.107917,0.306735,0.0,0.0,0.509806,0.411303,0.0
10,0.0,0.0,0.0,0.0,0.004841,0.085167,0.0,0.996404,0.465176,0.371838,0.285747,0.184927,0.0,0.0,0.613283,0.0,0.0,0.528568,0.0,0.0,0.0,0.358379,0.675223,0.0,0.0,0.0,0.175642,0.0,0.0,0.0,0.0,0.033747,0.455266,0.597872,0.0,0.0,0.0,0.0,0.0,0.0,0.0,0.0,0.166431,0.0,0.0,0.464855,0.404402,0.0
11,0.0,0.0,0.0,0.0,0.022956,0.181348,0.0,0.948441,0.680986,0.000645,0.316238,0.034438,0.0,0.0,0.47735,0.0,0.115593,0.341619,0.0,0.0,0.0,0.067763,1.210297,0.0,0.0,0.0,0.183625,0.0,0.027388,0.009885,0.0,0.255197,0.558664,0.849989,0.0,0.243514,0.0,0.0,0.0,0.0,0.0,0.0,0.00501,0.0,0.0,0.557405,0.638989,0.0
12,0.0,0.0,0.0,0.0,0.281864,0.286492,0.0,0.953721,0.854692,0.328927,0.490337,0.163441,0.0,0.0,0.36512,0.0,0.031608,0.441312,0.0,0.0,0.0,0.055677,0.762873,0.0,0.0,0.0,0.101938,0.0,0.005147,0.0,0.118973,0.0,0.63832,0.672809,0.0,0.0,0.0,0.0,0.0,0.0,0.0,0.088936,0.36048,0.0,0.0,0.414922,0.463333,0.0
13,0.0,0.0,0.0,0.0,0.069565,0.187217,0.0,0.711248,0.89854,0.35321,0.459002,0.224708,0.0,0.0,0.26048,0.0,0.163069,0.577839,0.0,0.0,0.0,0.083754,0.700741,0.0,0.0,0.0,0.0,0.0,0.010133,0.0,0.082662,0.0,0.490713,0.647796,0.0,0.0,0.0,0.0,0.0,0.0,0.0,0.07701,0.2824,0.0,0.054302,0.337069,0.33173,0.0
14,0.0,0.0,0.022713,0.0,0.0,0.207823,0.0,0.749272,0.776408,0.071574,0.113369,0.308198,0.0,0.0,0.322216,0.165864,0.210532,0.466083,0.032431,0.0,0.0,0.0,0.760755,0.0,0.0,0.0,0.0,0.098706,0.0,0.0,0.0,0.244121,0.022576,0.677609,0.0,0.0,0.0,0.0,0.0,0.0,0.023227,0.076108,0.053656,0.0,0.057758,0.093326,0.345477,0.0
15,0.093438,0.0,0.0,0.114395,0.0,0.229481,0.0,0.703472,0.865361,0.084488,0.0,0.338456,0.0,0.0,0.12776,0.222071,0.292013,0.468636,0.000454,0.0,0.0,0.0,0.946434,0.0,0.0,0.0,0.0,0.166801,0.0,0.0,0.063425,0.279561,0.0,0.741644,0.0,0.0,0.0,0.0,0.093797,0.0,0.204468,0.0,0.025166,0.0,0.228582,0.061204,0.312833,0.0
16,0.261352,0.0,0.0,0.156881,0.0,0.082181,0.018721,0.733321,0.938518,0.220324,0.0,0.431942,0.0,0.0,0.0,0.38257,0.359851,0.516352,0.049542,0.0,0.0,0.0,1.123672,0.0,0.0,0.0,0.0,0.236215,0.0,0.0,0.0,0.270114,0.0,0.791888,0.0,0.0,0.0,0.0,0.180561,0.0,0.406154,0.0,0.096408,0.0,0.259015,0.09227,0.439971,0.0
17,0.137829,0.0,0.0,0.038546,0.0,0.314177,0.094394,0.674652,1.115522,0.11171,0.0,0.264366,0.0,0.0,0.016297,0.295607,0.275563,0.625563,0.0,0.0,0.0,0.0,1.06292,0.0,0.0,0.0,0.0,0.243958,0.0,0.0,0.097804,0.36712,0.0,0.574398,0.0,0.0,0.0,0.0,0.168025,0.0,0.266236,0.0,0.152046,0.0,0.294101,0.068105,0.310837,0.0
18,0.310174,0.0,0.0,0.074723,0.037978,0.161945,0.042315,0.737314,1.204669,0.288479,0.0,0.225607,0.0,0.0,0.0,0.358345,0.370465,0.506522,0.0,0.0,0.0,0.0,1.474694,0.0,0.0,0.0,0.0,0.289989,0.0,0.0,0.0,0.463228,0.0,0.749166,0.0,0.0,0.0,0.0,0.338962,0.0,0.42661,0.0,0.206093,0.0,0.270774,0.163586,0.454204,0.0
19,0.377478,0.0,0.0,0.058319,0.0,0.157756,0.035311,0.685046,1.141617,0.168443,0.0,0.0,0.0,0.0,0.011077,0.385075,0.341497,0.471681,0.0,0.0,0.0,0.0,1.760147,0.0,0.0,0.0,0.0,0.14248,0.0,0.0,0.0,0.891887,0.0,0.640692,0.0,0.181055,0.0,0.0,0.314739,0.0,0.711965,0.0,0.122029,0.0,0.174968,0.173169,0.5159,0.0
20,0.356208,0.0,0.0,0.0,0.226032,0.215857,0.0,0.763729,1.242096,0.143329,0.0,0.0,0.0,0.0,0.0,0.252124,0.354776,0.475359,0.0,0.0,0.0,0.0,1.528158,0.0,0.0,0.0,0.0,0.237668,0.0,0.0,0.0,0.704785,0.0,0.521469,0.0,0.0,0.0,0.0,0.269943,0.0,0.386607,0.0,0.234671,0.0,0.125934,0.167778,0.484232,0.0
21,0.416106,0.108864,0.0,0.0,0.176138,0.191192,0.0,0.734366,1.269479,0.023644,0.0,0.0,0.0,0.0,0.0,0.235915,0.39098,0.479072,0.0,0.0,0.0,0.0,1.725893,0.0,0.0,0.0,0.0,0.199901,0.0,0.0,0.0,0.852226,0.0,0.545197,0.0,0.053118,0.0,0.0,0.257323,0.0,0.445844,0.0,0.230885,0.0,0.03373,0.191918,0.561213,0.0
22,0.472801,0.171706,0.0,0.0,0.122633,0.134772,0.0,0.726922,1.230165,0.015122,0.0,0.0,0.0,0.0,0.0,0.208749,0.44908,0.491436,0.0,0.0,0.0,0.0,1.603771,0.0,0.0,0.0,0.0,0.280251,0.0,0.0,0.0,0.746222,0.0,0.670573,0.0,0.060654,0.0,0.0,0.277381,0.0,0.347207,0.0,0.265254,0.0,0.023961,0.181944,0.515436,0.0
23,0.427029,0.259668,0.0,0.0,0.048867,0.08189,0.029543,0.564165,1.02925,0.189067,0.0,0.0,0.0,0.0,0.0,0.261652,0.457859,0.615604,0.0,0.0,0.0,0.0,1.479944,0.0,0.0,0.0,0.0,0.248673,0.0,0.0,0.0,0.789873,0.0,0.600192,0.0,0.131627,0.0,0.0,0.14686,0.0,0.560232,0.0,0.369936,0.0,0.010019,0.02496,0.516675,0.0
24,0.531609,0.287928,0.0,0.0,0.030498,0.0,0.081218,0.26995,1.039843,0.33562,0.0,0.0,0.0,0.0,0.0,0.158499,0.538155,0.632506,0.0,0.0,0.0,0.0,1.420053,0.0,0.0,0.0,0.0,0.092305,0.0,0.0,0.0,0.722706,0.0,0.354347,0.0,0.361392,0.0,0.0,0.122866,0.0,0.507985,0.0,0.319452,0.0,0.067756,0.0,0.37742,0.0
25,0.442097,0.312112,0.0,0.0,0.059341,0.0,0.131877,0.241103,0.733399,0.0,0.0,0.0,0.0,0.0,0.0,0.095605,0.587697,0.741845,0.0,0.0,0.0,0.0,1.418447,0.181521,0.0,0.0,0.0,0.0,0.0,0.104317,0.0,0.835841,0.0,0.321997,0.0,0.183167,0.0,0.0,0.057701,0.0,0.553052,0.0,0.360555,0.0,0.0,0.098248,0.411496,0.0
26,0.433991,0.448538,0.0,0.0,0.058847,0.0,0.127544,0.053911,0.660555,0.006034,0.0,0.0,0.0,0.0,0.0,0.0,0.639617,0.673812,0.0,0.0,0.0,0.0,1.143607,0.0,0.0,0.02492,0.0,0.0,0.0,0.089052,0.0,0.688455,0.0,0.242786,0.0,0.389857,0.0,0.0,0.085524,0.0,0.518928,0.0,0.340266,0.0,0.0,0.064725,0.297041,0.0
27,0.417607,0.438914,0.0,0.0,0.151018,0.0,0.165488,0.0,0.679508,0.06593,0.0,0.0,0.0,0.0,0.0,0.0,0.717442,0.825451,0.0,0.0,0.0,0.0,0.902274,0.0,0.0,0.052191,0.0,0.0,0.0,0.196784,0.0,0.691433,0.0,0.087112,0.0,0.340185,0.0,0.0,0.134128,0.0,0.34739,0.0,0.220218,0.0,0.0,0.067952,0.088228,0.0
28,0.445162,0.541152,0.0,0.0,0.0,0.0,0.33274,0.0,0.719769,0.201736,0.0,0.0,0.0,0.0,0.0,0.0,0.939556,1.007485,0.0,0.0,0.0,0.0,0.834455,0.0,0.0,0.205441,0.0,0.0,0.103454,0.292166,0.0,0.748808,0.0,0.029996,0.07729,0.493635,0.0,0.0,0.0,0.0,0.390304,0.064777,0.138124,0.0,0.001644,0.0,0.0,0.0
29,0.403449,0.764941,0.0,0.0,0.0,0.0,0.224386,0.0,0.38645,0.0,0.0,0.0,0.0,0.0,0.0,0.0,0.6476,0.939164,0.0,0.0,0.095901,0.0,0.919597,0.088623,0.0,0.253498,0.0,0.0,0.112668,0.560737,0.0,0.759012,0.0,0.065782,0.265121,0.440023,0.0,0.037902,0.0,0.0,0.720717,0.123219,0.220083,0.0,0.0,0.133208,0.0,0.0
30,0.4047,0.664274,0.0,0.0,0.0,0.0,0.267023,0.0,0.287451,0.120516,0.0,0.0,0.0,0.0,0.0,0.0,0.78999,0.982968,0.0,0.0,0.022735,0.0,0.813191,0.066817,0.0,0.332524,0.0,0.0,0.098911,0.687399,0.055692,0.857521,0.0,0.046382,0.426882,0.532503,0.0,0.0,0.006129,0.0,0.961391,0.174249,0.232445,0.0,0.0,0.050542,0.0,0.0
31,0.468987,0.770871,0.0,0.0,0.0,0.0,0.444592,0.0,0.204302,0.0,0.0,0.0,0.0,0.0,0.0,0.0,0.724445,0.989052,0.0,0.0,0.0,0.0,1.022315,0.142796,0.0,0.348772,0.0,0.0,0.0,0.948285,0.09065,1.094312,0.0,0.0,0.488483,0.958222,0.0,0.0,0.071971,0.0,1.16837,0.408874,0.066932,0.0,0.0,0.251981,0.0,0.0
32,0.60545,0.669636,0.0,0.0,0.0,0.0,0.602749,0.0,0.275995,0.0,0.0,0.0,0.0,0.019452,0.0,0.0,0.813492,0.969566,0.0,0.0,0.119921,0.0,1.115596,0.0,0.0,0.234058,0.0,0.0,0.0,0.974954,0.004975,1.042064,0.0,0.0,0.440482,1.168199,0.0,0.0,0.256174,0.0,1.151134,0.387607,0.033684,0.0,0.0,0.14862,0.0,0.0
33,0.624915,0.77242,0.0,0.0,0.0,0.0,0.733498,0.0,0.201964,0.074515,0.0,0.0,0.0,0.134811,0.0,0.0,1.086199,1.073775,0.087555,0.0,0.188984,0.0,0.879754,0.015456,0.0,0.203499,0.0,0.0,0.0,0.909485,0.0,1.126297,0.0,0.144988,0.328861,0.971706,0.0,0.0,0.314784,0.0,1.269801,0.316905,0.0,0.0,0.0,0.241399,0.0,0.0
34,0.758801,0.8824,0.0,0.0,0.0,0.0,0.550216,0.0,0.0,0.205875,0.0,0.0,0.0,0.234221,0.0,0.0,1.022461,1.003258,0.171218,0.0,0.068521,0.0,0.784077,0.182378,0.0,0.245189,0.0,0.0,0.0,0.847651,0.215809,0.799471,0.0,0.112856,0.607396,0.963811,0.0,0.0,0.227576,0.0,1.354625,0.483394,0.0,0.0,0.0,0.209409,0.0,0.0
35,0.706463,0.876594,0.0,0.0,0.0,0.0,0.496522,0.0,0.0,0.415823,0.0,0.0,0.0,0.272926,0.0,0.002742,1.274249,1.055337,0.55566,0.0,0.0,0.051879,0.504698,0.549126,0.0,0.365981,0.0,0.0,0.13695,0.533329,0.429949,0.655586,0.0,0.368831,0.70089,0.811712,0.0,0.0,0.276287,0.0,1.590222,0.425079,0.0,0.0,0.0,0.047413,0.0,0.0
36,0.707694,0.871192,0.0,0.0,0.0,0.0,0.616195,0.0,0.0,0.439604,0.0,0.071535,0.0,0.288683,0.0,0.15816,1.324772,1.040012,0.850855,0.0,0.0,0.098334,0.441003,0.74655,0.0,0.259188,0.0,0.091967,0.302543,0.349724,0.597326,0.525535,0.0,0.576094,0.641479,0.815615,0.0,0.0,0.224122,0.0,1.588732,0.430485,0.0,0.0,0.0,0.0,0.0,0.0
37,0.586285,0.459488,0.0,0.0,0.0,0.0,0.55332,0.0,0.0,0.46262,0.0,0.092146,0.0,0.392645,0.0,0.0,1.339262,1.033902,1.027382,0.0,0.0,0.277469,0.239391,0.723603,0.0,0.403675,0.0,0.145086,0.395532,0.084508,0.536112,0.164133,0.0,0.835707,0.559037,0.675067,0.0,0.0,0.14196,0.0,1.512347,0.336059,0.0,0.0,0.0,0.0,0.0,0.0
38,0.437398,0.216365,0.0,0.0,0.0,0.0,0.329484,0.0,0.0,0.135922,0.0,0.104947,0.0,0.528339,0.0,0.0,0.888387,0.671219,0.668439,0.0,0.0,0.336269,0.343026,0.548655,0.0,0.100273,0.0,0.0,0.345874,0.10166,0.368437,0.0,0.0,0.834804,0.35746,0.561439,0.0,0.0,0.0,0.0,1.249482,0.472643,0.0,0.0,0.0,0.0,0.0,0.0
39,0.223205,0.138865,0.0,0.0,0.0,0.0,0.002668,0.0,0.0,0.079616,0.0,0.059705,0.0,0.510981,0.0,0.028597,0.661738,0.461789,0.579603,0.0,0.0,0.461711,0.16913,0.496165,0.0,0.0,0.0,0.0,0.273534,0.0,0.365018,0.0,0.043445,0.824522,0.297418,0.376503,0.0,0.0,0.005656,0.0,1.10285,0.430031,0.0,0.0,0.0,0.0,0.0,0.0
40,0.173589,0.250903,0.0,0.0,0.0,0.0,0.0,0.0,0.0,0.196951,0.0,0.0,0.0,0.408595,0.0,0.06531,0.558529,0.404784,0.522016,0.0,0.0,0.41463,0.288101,0.351615,0.0,0.0,0.0,0.0,0.281093,0.0,0.304548,0.0,0.330307,0.726673,0.380591,0.444048,0.0,0.0,0.0,0.0,0.824223,0.527904,0.0,0.0,0.0,0.003105,0.028777,0.0
41,0.146183,0.214534,0.0,0.0,0.0,0.0,0.111051,0.0,0.146267,0.259128,0.0,0.0,0.0,0.172585,0.0,0.074909,0.506262,0.281377,0.458121,0.0,0.060169,0.301539,0.44649,0.162481,0.0,0.0,0.0,0.030686,0.192808,0.14405,0.280348,0.0,0.45216,0.800699,0.361283,0.437192,0.0,0.0,0.0,0.0,0.495362,0.583173,0.0,0.0,0.0,0.081609,0.048862,0.0
42,0.198557,0.083191,0.0,0.0,0.0,0.0,0.221362,0.0,0.295075,0.302983,0.082518,0.0,0.0,0.17399,0.139808,0.021257,0.452116,0.265543,0.456828,0.0,0.0,0.455196,0.413999,0.111967,0.0,0.0,0.0,0.069219,0.005864,0.053697,0.299909,0.0,0.437384,0.539626,0.506469,0.373369,0.0,0.0,0.0,0.0,0.47733,0.655813,0.0,0.0,0.070992,0.053737,0.086457,0.0
43,0.01978,0.0,0.063367,0.0,0.0,0.0,0.276247,0.0,0.169408,0.271507,0.063873,0.045614,0.0,0.060659,0.251973,0.139681,0.457535,0.291004,0.715316,0.0,0.0,0.83111,0.0,0.230301,0.0,0.0,0.0,0.0,0.0,0.0,0.359822,0.0,0.169517,0.612856,0.453339,0.12429,0.0,0.102046,0.0,0.0,0.551201,0.587775,0.0,0.0,0.0,0.0,0.0,0.0
44,0.025993,0.0,0.0,0.0,0.0,0.0,0.395317,0.0,0.280915,0.240381,0.0,0.110405,0.0,0.097963,0.349704,0.224635,0.343415,0.369712,0.620821,0.0,0.0,0.919368,0.0,0.369299,0.0,0.0,0.0,0.0,0.0,0.0,0.429207,0.0,0.147834,0.4637,0.541658,0.007404,0.0,0.098619,0.0,0.0,0.419886,0.554739,0.00115,0.0,0.0,0.0,0.0,0.0
45,0.210233,0.0,0.0,0.0,0.0,0.0,0.473392,0.155883,0.437438,0.114518,0.108911,0.149054,0.0,0.142271,0.385947,0.114075,0.416581,0.352135,0.573567,0.0,0.0,0.784979,0.0,0.437778,0.0,0.007833,0.0,0.0,0.0,0.0,0.488847,0.0,0.072556,0.279157,0.546795,0.085061,0.155039,0.0,0.0,0.0043,0.342525,0.545246,0.057574,0.0,0.066777,0.0,0.0,0.0
46,0.458959,0.0,0.0,0.026664,0.0,0.0,0.607752,0.485554,0.352006,0.0,0.0,0.347443,0.0,0.0,0.143613,0.170714,0.471898,0.23687,0.557985,0.0,0.24137,0.291556,0.33294,0.573526,0.0,0.122479,0.0,0.0,0.0,0.0,0.39607,0.0,0.047048,0.255657,0.409113,0.109511,0.381968,0.0,0.0,0.026788,0.212119,0.48722,0.0,0.0,0.293947,0.0,0.173132,0.0
47,0.567882,0.0,0.0,0.078056,0.0,0.0,0.757231,0.537083,0.443859,0.0,0.0,0.416816,0.0,0.0,0.246223,0.177458,0.56532,0.36995,0.713269,0.0,0.177053,0.340014,0.284056,0.702072,0.0,0.372832,0.0,0.0,0.0,0.0,0.461126,0.0,0.041955,0.260947,0.460486,0.051167,0.404919,0.0,0.0,0.0,0.233616,0.404077,0.0,0.0,0.288574,0.0,0.224719,0.0
48,0.533013,0.0,0.055458,0.126709,0.0,0.0,0.913985,0.545844,0.457563,0.0,0.0,0.631292,0.0,0.0,0.225521,0.296238,0.601041,0.518058,0.804947,0.0,0.250001,0.282005,0.281739,0.784562,0.0,0.384403,0.0,0.0,0.0,0.0,0.449912,0.0,0.0,0.3398,0.515426,0.0,0.34973,0.115828,0.0,0.0,0.2855,0.373129,0.0,0.0,0.309099,0.0,0.167916,0.0
49,0.733491,0.0,0.040775,0.152228,0.0,0.0,1.010551,0.517274,0.490627,0.0,0.0,0.641679,0.0,0.0,0.134804,0.235332,0.68615,0.432245,0.965531,0.0,0.329945,0.341358,0.442435,0.735982,0.0,0.434759,0.0,0.0,0.0,0.0,0.486832,0.0,0.0,0.407359,0.388631,0.11475,0.310252,0.097299,0.0,0.06572,0.409174,0.252524,0.0,0.0,0.32619,0.0,0.229374,0.0
50,0.548255,0.0,0.199135,0.139839,0.0,0.0,1.092954,0.116085,0.533648,0.0,0.0,0.443216,0.0,0.121546,0.31062,0.037163,0.721865,0.512944,0.963863,0.0,0.233221,0.706376,0.030537,0.792351,0.0,0.460378,0.0,0.0,0.0,0.0,0.646928,0.0,0.0,0.334592,0.383085,0.0,0.206601,0.130151,0.0,0.104441,0.557133,0.341109,0.0,0.0,0.013535,0.0,0.0,0.0
51,0.728402,0.0,0.107461,0.027298,0.0,0.0,1.01412,0.194523,0.551114,0.016988,0.0,0.504322,0.0,0.071315,0.03882,0.0,0.73813,0.369185,0.941526,0.0,0.414421,0.546696,0.360414,0.605161,0.0,0.331375,0.0,0.0,0.0,0.0,0.561771,0.0,0.098226,0.287261,0.325634,0.256092,0.096651,0.0,0.294433,0.304205,0.532188,0.395596,0.0,0.0,0.203174,0.0,0.150663,0.0
52,0.604975,0.106441,0.279104,0.043015,0.0,0.0,1.008615,0.0,0.529341,0.115947,0.0,0.377054,0.0,0.280595,5.3e-05,0.0,0.825108,0.578162,0.910456,0.0,0.397947,0.696858,0.155052,0.590137,0.0,0.269007,0.0,0.0,0.0,0.0,0.528163,0.0,0.140094,0.305904,0.335292,0.115121,0.0,0.0,0.44145,0.331038,0.636029,0.421932,0.061574,0.0,0.147575,0.0,0.070956,0.0
53,0.711732,0.185891,0.258772,0.100773,0.0,0.0,1.108138,0.0,0.696166,0.190286,0.0,0.285728,0.0,0.275034,0.0,0.0,0.939614,0.688637,0.851043,0.0,0.592433,0.522732,0.44941,0.397856,0.0,0.160973,0.0,0.052019,0.126962,0.0,0.405698,0.0,0.167128,0.516725,0.228226,0.157457,0.0,0.0,0.624727,0.421573,0.747683,0.185086,0.154516,0.0,0.263066,0.0,0.100318,0.0
54,0.851429,0.012846,0.291178,0.182205,0.0,0.0,1.32418,0.015699,0.8286,0.185453,0.0,0.348848,0.0,0.018594,0.0,0.0,0.813931,0.703642,0.75224,0.0,0.801853,0.389023,0.858045,0.270395,0.0,0.108034,0.0,0.052088,0.112083,0.0,0.642854,0.0,0.237186,0.592992,0.114619,0.325248,0.0,0.0,0.738609,0.405208,0.963811,0.122014,0.073358,0.0,0.165438,0.0,0.248098,0.0
55,0.923806,0.075955,0.343198,0.206172,0.0,0.0,1.350411,0.067009,1.052285,0.38368,0.0,0.310581,0.0,0.0,0.0,0.0,0.85131,0.685577,0.925308,0.0,0.916345,0.601656,0.835159,0.337508,0.0,0.354573,0.0,0.093254,0.080372,0.0,0.600951,0.0,0.420349,0.528072,0.0,0.242962,0.0,0.0,0.599321,0.536335,1.050909,0.04178,0.0,0.0,0.229457,0.0,0.225479,0.0
56,0.882096,0.01892,0.324421,0.306848,0.0,0.0,1.425567,0.210189,1.207413,0.372063,0.0,0.435351,0.0,0.076878,0.0,0.0,0.621465,0.745083,0.813438,0.0,1.071731,0.439177,1.039922,0.163013,0.0,0.139322,0.0,0.27361,0.176202,0.0,0.631888,0.0,0.523926,0.849991,0.0,0.132875,0.0,0.0,0.687446,0.531417,0.932392,0.040231,0.045745,0.0,0.249677,0.0,0.389298,0.0
57,0.737514,0.02164,0.252491,0.36115,0.0,0.0,1.25069,0.142887,1.25017,0.401675,0.0,0.35407,0.0,0.20634,0.0,0.0,0.56339,0.715022,0.819141,0.0,1.103754,0.535342,0.863593,0.158973,0.0,0.09077,0.0,0.322693,0.205868,0.0,0.520648,0.0,0.539743,0.953591,0.0,0.0,0.0,0.0,0.537392,0.535638,0.862561,0.0,0.101121,0.0,0.205827,0.0,0.346167,0.0
58,0.649311,0.115439,0.048687,0.299237,0.0,0.0,1.092897,0.198864,1.214121,0.480719,0.0,0.346208,0.0,0.338056,0.0,0.0,0.503555,0.672373,0.736259,0.0,1.062034,0.335002,0.857277,0.0,0.0,0.0,0.0,0.341523,0.379173,0.0,0.459496,0.0,0.539302,1.096619,0.0,0.0,0.0,0.073695,0.396468,0.47995,0.586369,0.058497,0.260736,0.0,0.305453,0.0,0.338241,0.0
59,0.427218,0.244298,0.0,0.245716,0.0,0.0,0.693477,0.090794,1.098225,0.436378,0.0,0.08726,0.0,0.261134,0.0,0.0,0.575255,0.582578,0.552279,0.0,0.79928,0.348458,0.831966,0.0,0.0,0.0,0.0,0.246924,0.437273,0.0,0.298139,0.0,0.524633,1.080956,0.0,0.045795,0.0,0.0,0.378963,0.498698,0.437723,0.102856,0.336677,0.0,0.160651,0.0,0.474029,0.0
60,0.184989,0.303154,0.010131,0.166375,0.0,0.0,0.596999,0.107637,1.067034,0.585308,0.0,0.038645,0.0,0.125841,0.0,0.0,0.502224,0.611974,0.367072,0.0,0.61957,0.270298,0.904402,0.0,0.0,0.0,0.0,0.361456,0.369999,0.0,0.219292,0.0,0.643845,1.118358,0.029277,0.116179,0.0,0.0,0.403793,0.439203,0.26811,0.205324,0.419631,0.0,0.137768,0.0,0.736895,0.0
61,0.0,0.129976,0.025166,0.142841,0.0,0.026337,0.260635,0.060452,0.702297,0.318891,0.05289,0.0,0.0,0.009142,0.110156,0.0,0.34349,0.469704,0.191906,0.0,0.452483,0.350864,0.65328,0.0,0.0,0.0,0.0,0.130232,0.181507,0.0,0.149394,0.032439,0.417178,0.815404,0.0,0.129473,0.0,0.0,0.361736,0.280342,0.218164,0.18503,0.403141,0.0,0.0,0.0,0.692642,0.0
62,0.0,0.0,0.0,0.028108,0.180728,0.259219,0.152795,0.256652,0.563302,0.215301,0.049618,0.017929,0.0,0.0,0.176797,0.0,0.257627,0.438887,0.0,0.0,0.201642,0.164381,0.654508,0.0,0.0,0.0,0.0,0.086656,0.228174,0.0,0.220345,0.071783,0.119949,0.756216,0.0,0.0,0.0,0.0,0.226969,0.19795,0.101582,0.264033,0.480525,0.0,0.0,0.0,0.510979,0.0
63,0.0,0.017795,0.0,0.0,0.036738,0.140041,0.115653,0.272433,0.486258,0.236283,0.150726,0.166791,0.0,0.063306,0.342422,0.0,0.118504,0.529201,0.155591,0.0,0.13707,0.383286,0.342713,0.059905,0.0,0.0,0.0,0.020407,0.072071,0.0,0.214214,0.0,0.079638,0.55977,0.0,0.0,0.0,0.029256,0.0,0.14331,0.160977,0.363337,0.519487,0.0,0.0,0.0,0.253745,0.0
64,0.0,0.0,0.0,0.0,0.080264,0.151957,0.119723,0.395527,0.558786,0.0,0.202892,0.105872,0.0,0.0,0.171095,0.025726,0.252216,0.388238,0.063411,0.0,0.160543,0.239929,0.506595,0.0,0.0,0.0,0.0,0.031439,0.098556,0.0,0.175168,0.0,0.073945,0.59295,0.0,0.035643,0.0,0.0,0.114772,0.108997,0.008478,0.337384,0.427996,0.0,0.0,0.0,0.373943,0.0
65,0.0,0.0,0.192538,0.019459,0.0,0.0,0.380546,0.421788,0.659032,0.002548,0.058554,0.294103,0.0,0.0,0.206474,0.073422,0.192157,0.526926,0.278274,0.0,0.337954,0.365211,0.366255,0.094722,0.0,0.0,0.0,0.100856,0.034927,0.0,0.230151,0.0,0.045093,0.593334,0.0,0.0,0.0,0.039526,0.0,0.112079,0.164496,0.352656,0.314205,0.0,0.023549,0.0,0.277215,0.0
66,0.064996,0.0,0.038921,0.1218,0.0,0.0,0.599017,0.293145,0.919557,0.102046,0.082547,0.380748,0.0,0.05501,0.0,0.0,0.373261,0.626912,0.512435,0.0,0.487237,0.377136,0.446041,0.121836,0.0,0.0,0.0,0.196929,0.147662,0.0,0.291758,0.0,0.179141,0.784596,0.0,0.0,0.0,0.0,0.0,0.201827,0.313109,0.250997,0.229764,0.0,0.198093,0.0,0.102008,0.0
67,0.237307,0.0,0.135576,0.152363,0.0,0.0,0.731175,0.249087,1.02897,0.207188,0.049511,0.315834,0.0,0.0,0.0,0.010378,0.419157,0.671106,0.615916,0.0,0.59513,0.472067,0.60639,0.246498,0.0,0.051206,0.0,0.315933,0.107172,0.0,0.358083,0.0,0.244991,0.728206,0.0,0.033536,0.0,0.0,0.0,0.191754,0.603913,0.249504,0.04909,0.0,0.223978,0.0,0.177709,0.0
68,0.440894,0.0,0.109869,0.134125,0.0,0.0,0.964894,0.122223,1.087609,0.264773,0.0,0.357226,0.0,0.0,0.0,0.0,0.566332,0.67299,0.673491,0.0,0.724413,0.313549,0.838365,0.038627,0.0,0.0,0.0,0.323557,0.151957,0.0,0.400326,0.0,0.208231,0.962053,0.0,0.175353,0.0,0.0,0.035283,0.225674,0.767967,0.159783,0.029627,0.0,0.304492,0.0,0.090259,0.0
69,0.414405,0.0,0.334236,0.070851,0.0,0.0,0.965439,0.0,0.93658,0.335895,0.0,0.263602,0.0,0.000414,0.0,0.0,0.621195,0.652978,0.646078,0.0,0.743305,0.526492,0.578001,0.062174,0.0,0.0,0.0,0.188022,0.0,0.0,0.605632,0.062556,0.15852,0.681768,0.159177,0.059405,0.0,0.110703,0.129139,0.04419,0.923718,0.322326,0.016682,0.0,0.151445,0.0,0.0,0.0
70,0.305266,0.0,0.438425,0.046392,0.0,0.0,0.905714,0.0,0.741841,0.448171,0.0,0.046116,0.0,0.401109,0.039116,0.0,0.868156,0.78233,0.742337,0.0,0.582807,0.861976,0.040184,0.153047,0.0,0.0,0.0,0.174616,0.0,0.0,0.640041,0.082957,0.019754,0.574759,0.436301,0.0,0.0,0.197729,0.111401,0.0,1.108564,0.508955,0.013496,0.0,0.0,0.0,0.0,0.0
71,0.295882,0.0,0.386208,0.031133,0.0,0.0,1.058376,0.0,0.79083,0.519726,0.0,0.0,0.0,0.415692,0.096562,0.1161,0.866379,0.808471,0.571781,0.0,0.430772,0.721932,0.231046,0.0,0.0,0.0,0.085906,0.0,0.0,0.0,0.775072,0.28493,0.019109,0.623928,0.42529,0.445131,0.0,0.157871,0.195994,0.0,1.412637,0.711683,0.0,0.0,0.0,0.0,0.0,0.0
72,0.323338,0.0,0.46069,0.039716,0.0,0.0,1.217219,0.0,0.785687,0.702281,0.0,0.0,0.0,0.549452,0.119,0.242822,0.929528,0.909028,0.663404,0.0,0.400248,0.734193,0.100824,0.0,0.0,0.0,0.182154,0.0,0.0,0.0,0.760506,0.343083,0.009308,0.617592,0.392174,0.513385,0.0,0.290591,0.248247,0.0,1.597182,0.779641,0.0,0.0,0.0,0.0,0.0,0.0
73,0.418988,0.01932,0.548842,0.125717,0.0,0.0,1.187055,0.0,0.798293,0.702804,0.0,0.0,0.0,0.641035,0.199919,0.175244,1.112044,0.900782,0.736518,0.0,0.521657,0.876743,0.0,0.0,0.0,0.0,0.093052,0.005686,0.0,0.0,0.561439,0.249525,0.037989,0.584448,0.462829,0.483353,0.0,0.127092,0.289475,0.0,1.591816,0.550909,0.0,0.0,0.025032,0.0,0.0,0.0
74,0.548414,0.045284,0.514685,0.073717,0.0,0.0,1.298111,0.0,0.905435,0.590851,0.0,0.0,0.0,0.436261,0.156146,0.382011,1.085297,0.821878,0.672907,0.0,0.622309,0.602592,0.300908,0.0,0.0,0.0,0.101688,0.0,0.0,0.0,0.388867,0.429548,0.0,0.522712,0.279635,0.674213,0.0,0.0,0.40877,0.017415,1.469907,0.559895,0.0,0.0,0.191898,0.0,0.0,0.0
75,0.495474,0.144917,0.664568,0.180449,0.0,0.0,1.221342,0.0,0.950585,0.498512,0.0,0.0,0.0,0.444743,0.213005,0.334632,0.985632,0.782855,0.577769,0.0,0.568734,0.728334,0.150212,0.0,0.0,0.013601,0.0673,0.0,0.0,0.0,0.331885,0.20557,0.0,0.36353,0.37767,0.338957,0.0,0.0,0.310927,0.0,1.324022,0.398336,0.0,0.0,0.079363,0.0,0.0,0.0
76,0.537627,0.0,0.461235,0.017556,0.0,0.0,1.129421,0.0,0.806558,0.345704,0.0,0.0,0.0,0.2136,0.366007,0.351388,0.621457,0.604726,0.399081,0.0,0.565732,0.495638,0.41887,0.03887,0.0,0.0,0.0,0.0,0.0,0.0,0.475913,0.197151,0.0,0.352081,0.223265,0.464067,0.0,0.0,0.383846,0.0,1.140314,0.351824,0.076565,0.0,0.030383,0.0,0.0,0.0
77,0.489709,0.0,0.295617,0.0,0.0,0.0,0.947513,0.0,0.595188,0.214657,0.0,0.0,0.0,0.049553,0.387811,0.490324,0.303227,0.528464,0.129071,0.0,0.466719,0.155788,0.559071,0.228037,0.0,0.0,0.0,0.0,0.0,0.0,0.538024,0.330699,0.0,0.105039,0.179932,0.189363,0.0,0.20979,0.342759,0.0,0.809885,0.276457,0.142062,0.0,0.098727,0.0,0.0,0.0
78,0.349748,0.0,0.324081,0.0,0.0,0.0,0.809012,0.0,0.657357,0.179854,0.0,0.0,0.0,0.00278,0.502426,0.563338,0.198441,0.563453,0.139011,0.0,0.382176,0.187102,0.468077,0.255775,0.0,0.0,0.0,0.0,0.0,0.0,0.320042,0.157994,0.0,0.170981,0.121675,0.114863,0.0,0.148128,0.175304,0.0,0.612557,0.238081,0.097082,0.0,0.064383,0.0,0.0,0.0
79,0.151227,0.0,0.211436,0.0,0.0,0.0,0.321206,0.032847,0.6407,0.060685,0.008698,0.0,0.0,0.024101,0.492509,0.3925,0.276036,0.378047,0.044597,0.0,0.343134,0.311266,0.343963,0.24619,0.0,0.0,0.0,0.0,0.0,0.0,0.074908,0.043999,0.0,0.154851,0.095905,0.0,0.0,0.0,0.017784,0.0,0.211982,0.255427,0.32058,0.0,0.0,0.0,0.046636,0.0
80,0.208641,0.0,0.0,0.0,0.0,0.126201,0.036269,0.186654,0.453884,0.184419,0.095331,0.027106,0.0,0.0,0.48844,0.320575,0.231479,0.302567,0.141694,0.0,0.289805,0.248619,0.49993,0.043191,0.0,0.0,0.0,0.0,0.0,0.0,0.0,0.123846,0.009772,0.366429,0.0,0.160547,0.0,0.0,0.02133,0.121834,0.055877,0.213031,0.425319,0.0,0.022613,0.0,0.295082,0.0
81,0.0,0.0,0.0,0.0,0.181037,0.518212,0.0,0.464176,0.60772,0.246579,0.144709,0.0,0.0,0.0,0.63825,0.0,0.149544,0.398126,0.0,0.0,0.024874,0.25638,0.471775,0.0,0.0,0.0,0.0,0.0,0.0,0.0,0.107136,0.0,0.088175,0.563998,0.0,0.0,0.0,0.0,0.0,0.142694,0.0,0.181343,0.648254,0.0,0.0,0.0,0.37707,0.0
82,0.0,0.0,0.0,0.0,0.453343,0.584162,0.0,0.553941,0.629982,0.249224,0.475507,0.002922,0.0,0.0,0.492202,0.0,0.189252,0.317746,0.0,0.0,0.0,0.200795,0.548655,0.0,0.0,0.0,0.0,0.0,0.194624,0.0,0.043299,0.0,0.314945,0.991138,0.0,0.099631,0.0,0.0,0.0,0.105636,0.0,0.239069,0.651231,0.0,0.0,0.0,0.594091,0.0
83,0.0,0.0,0.0,0.010092,0.51031,0.60925,0.0,0.582044,0.573281,0.376657,0.495353,0.120139,0.0,0.0,0.429536,0.0,0.112081,0.406698,0.0,0.0,0.0,0.422863,0.516463,0.0,0.0,0.0,0.0,0.0,0.111698,0.0,0.062385,0.0,0.462939,1.077333,0.0,0.144552,0.0,0.0,0.0,0.21561,0.0,0.260682,0.660369,0.0,0.0,0.0,0.584205,0.0
84,0.0,0.0,0.0,0.03381,0.393233,0.490542,0.017152,0.520366,0.643192,0.5391,0.467378,0.150463,0.0,0.0,0.400209,0.0,0.150753,0.539089,0.186619,0.0,0.134813,0.316635,0.623654,0.0,0.0,0.0,0.0,0.0,0.202673,0.0,0.136233,0.0,0.781876,1.221826,0.0,0.187889,0.0,0.0,0.0,0.231132,0.0,0.378178,0.537414,0.0,0.0,0.0,0.467651,0.0
85,0.0,0.0,0.0,0.0,0.240723,0.538983,0.05966,0.65525,0.692131,0.484891,0.353807,0.204985,0.0,0.061443,0.554115,0.0,0.081969,0.40248,0.179603,0.0,0.166491,0.453753,0.495332,0.0,0.0,0.0,0.0,0.0,0.211827,0.0,0.285888,0.0,0.773461,1.404899,0.022253,0.088116,0.0,0.0,0.0,0.201617,0.0,0.484128,0.645496,0.0,0.0,0.0,0.690048,0.0
86,0.0,0.0,0.0,0.0,0.092524,0.203341,0.130736,0.407609,0.547131,0.665142,0.290428,0.178603,0.0,0.505207,0.661746,0.0,0.030435,0.484061,0.456838,0.0,0.17231,0.835079,0.01769,0.0,0.0,0.0,0.0,0.0,0.106628,0.0,0.454383,0.0,0.751082,1.360886,0.20536,0.0,0.0,0.107101,0.0,0.15088,0.238145,0.635826,0.61895,0.0,0.0,0.0,0.45592,0.0
87,0.0,0.0,0.01587,0.126252,0.0,0.0,0.323577,0.0,0.518889,0.822689,0.315396,0.0,0.0,0.717762,0.503,0.0,0.317971,0.571314,0.837895,0.0,0.437327,1.041278,0.0,0.104284,0.0,0.0,0.066763,0.151007,0.0,0.0,0.252701,0.0,0.933257,1.252234,0.18213,0.157846,0.0,0.070492,0.0,0.25083,0.479086,0.677894,0.387504,0.0,0.0,0.0,0.574073,0.0
88,0.0,0.0,0.0,0.10338,0.0,0.0,0.486782,0.0,0.528665,0.562352,0.282433,0.005852,0.0,0.711119,0.189988,0.0,0.508881,0.424676,0.907573,0.0,0.480942,0.953836,0.0,0.096279,0.0,0.0,0.113159,0.0,0.081323,0.0,0.379911,0.0,0.745371,1.323977,0.224448,0.256684,0.0,0.18655,0.0,0.192452,0.515652,0.80711,0.315955,0.0,0.0045,0.0,0.280701,0.0
89,0.10703,0.037746,0.113639,0.083345,0.0,0.0,0.657163,0.0,0.545638,0.744058,0.070265,0.0,0.0,0.470614,0.213611,0.0,0.648777,0.383264,0.977651,0.0,0.546212,1.007566,0.165559,0.059522,0.0,0.0,0.0,0.143089,0.0,0.0,0.354533,0.0,0.804461,1.231026,0.341947,0.488406,0.0,0.010871,0.165935,0.283073,0.64705,0.817876,0.114181,0.0,0.078823,0.0,0.466284,0.0
90,0.025777,0.0,0.125422,0.0,0.0,0.0,0.758318,0.0,0.339793,0.677708,0.0,0.042016,0.0,0.554301,0.208207,0.0,0.498102,0.376337,0.948613,0.0,0.332557,1.029011,0.0,0.120442,0.0,0.0,0.0,0.048154,0.034096,0.0,0.674793,0.0,0.454729,1.164382,0.48219,0.127982,0.0,0.364004,0.0,0.091406,0.86946,1.020556,0.024096,0.0,0.0,0.0,0.0,0.0
91,0.0,0.0,0.106449,0.0,0.0,0.0,0.646855,0.0,0.086347,0.550975,0.0,0.091384,0.0,0.638426,0.367309,0.0,0.610982,0.341437,1.046668,0.0,0.362666,1.1534,0.0,0.123978,0.0,0.0,0.0,0.099288,0.0,0.0,0.647907,0.0,0.284841,1.231423,0.586568,0.02709,0.0,0.349475,0.0,0.0,1.054856,0.851992,0.006473,0.0,0.0,0.0,0.0,0.0
92,0.186175,0.138859,0.039229,0.0,0.0,0.0,0.670241,0.0,0.069618,0.574201,0.0,0.0,0.0,0.484306,0.121612,0.0,0.794819,0.466119,0.93384,0.0,0.237605,0.89135,0.193743,0.117048,0.0,0.0,0.0,0.130129,0.181089,0.0,0.704871,0.003449,0.375861,1.176385,0.679901,0.63779,0.0,0.154978,0.311862,0.0,1.113926,1.015521,0.0,0.0,0.0,0.0,0.04562,0.0
93,0.136719,0.322125,0.024901,0.0,0.0,0.0,0.522895,0.0,0.03056,0.594096,0.0,0.0,0.0,0.759256,0.054823,0.009484,0.993091,0.53023,1.082839,0.0,0.244263,0.943937,0.0,0.21824,0.0,0.0,0.0,0.130897,0.195949,0.0,0.453555,0.0,0.36126,1.145692,0.497181,0.636234,0.0,0.026918,0.245279,0.0,1.204089,0.886587,0.0,0.0,0.0,0.0,0.023429,0.0
94,0.023214,0.163657,0.068385,0.0,0.0,0.0,0.357485,0.0,0.0,0.75459,0.0,0.0,0.0,0.970082,0.027182,0.090188,0.895289,0.623661,1.184701,0.0,0.136166,1.181721,0.0,0.409394,0.0,0.0,0.0,0.058707,0.246922,0.0,0.687114,0.0,0.282281,1.264829,0.49671,0.505842,0.0,0.116426,0.214767,0.0,1.456244,0.881997,0.0,0.0,0.0,0.0,0.0,0.0
95,0.0,0.0,0.059911,0.082134,0.0,0.0,0.310168,0.0,0.0,0.785615,0.044026,0.0,0.0,1.284232,0.099969,0.023002,1.048986,0.77353,1.296055,0.0,0.110032,1.26615,0.0,0.47044,0.0,0.0,0.0,0.0,0.25607,0.0,0.560779,0.0,0.312875,1.445719,0.328188,0.449388,0.0,0.061555,0.014528,0.071121,1.575841,0.854508,0.0,0.0,0.0,0.0,0.057353,0.0
96,0.0,0.0,0.0,0.152516,0.0,0.0,0.317515,0.0,0.065616,0.579851,0.189865,0.069498,0.0,1.374533,0.078842,0.009486,1.008065,0.710668,1.311093,0.0,0.327367,1.153002,0.0,0.375428,0.0,0.0,0.0,0.0,0.254934,0.0,0.489413,0.0,0.353329,1.56725,0.077785,0.448662,0.0,0.09422,0.0,0.109049,1.422159,0.828963,0.0,0.0,0.0,0.0,0.047791,0.0
97,0.0,0.0,0.0,0.03478,0.0,0.0,0.314553,0.0,0.120739,0.516064,0.423666,0.206938,0.0,1.456059,0.151749,0.103611,0.927709,0.729316,1.385344,0.0,0.392494,0.938146,0.0,0.334162,0.0,0.0,0.152051,0.0,0.231339,0.0,0.432263,0.0,0.587187,1.597325,0.022222,0.516092,0.0,0.19285,0.0,0.132924,1.172465,0.964228,0.0,0.0,0.042139,0.0,0.172943,0.0
98,0.0,0.0,0.200892,0.0,0.0,0.0,0.33744,0.0,0.248829,0.561406,0.315055,0.348083,0.0,1.126677,0.442286,0.263668,0.426627,0.68498,1.267881,0.0,0.388315,1.347246,0.0,0.423294,0.0,0.0,0.310126,0.0,0.0,0.0,0.655133,0.0,0.486139,1.202355,0.18744,0.259197,0.0,0.409269,0.0,0.0,1.042723,0.823196,0.0,0.0,0.0,0.0,0.0,0.0
99,0.0,0.0,0.332473,0.0,0.0,0.0,0.532509,0.0,0.42843,0.61286,0.403459,0.348078,0.0,0.784969,0.491012,0.421811,0.321292,0.799586,1.134481,0.0,0.391914,1.05801,0.0,0.389178,0.0,0.0,0.437688,0.0,0.0,0.0,0.589518,0.0,0.693102,0.923219,0.032095,0.585569,0.0,0.347804,0.0,0.0,0.661644,0.940388,0.0,0.0,0.0,0.12011,0.023674,0.0
100,0.0,0.0,0.225203,0.0,0.0,0.0,0.359613,0.114715,0.31436,0.544196,0.544601,0.376292,0.0,0.680476,0.691568,0.320327,0.195794,0.715857,0.906045,0.0,0.214827,1.239566,0.0,0.335591,0.0,0.0,0.511509,0.0,0.0,0.0,0.588059,0.0,0.700507,0.719106,0.069091,0.633429,0.0,0.224319,0.0,0.0,0.517194,0.752716,0.0,0.0,0.0,0.155789,0.013975,0.0
101,0.0,0.0,0.0,0.0,0.046277,0.0,0.164843,0.47846,0.325432,0.526229,0.602929,0.27994,0.0,0.683993,0.852111,0.143272,0.045389,0.623462,0.552776,0.0,0.15135,1.101802,0.0,0.143902,0.0,0.0,0.583882,0.0,0.0,0.0,0.569699,0.0,0.81999,0.541232,0.055008,0.657406,0.0,0.03583,0.0,0.0,0.360719,0.656364,0.005407,0.0,0.0,0.150624,0.213462,0.0
102,0.0,0.0,0.0,0.0,0.0,0.0,0.110551,0.427278,0.333156,0.504771,0.492093,0.127141,0.0,0.656477,0.885301,0.272703,0.0,0.729671,0.40499,0.0,0.0,1.25391,0.0,0.206259,0.0,0.0,0.573476,0.0,0.0,0.0,0.591322,0.0,0.652226,0.295849,0.266409,0.520797,0.0,0.0,0.0,0.0,0.48614,0.552322,0.060352,0.0,0.0,0.236727,0.140646,0.0
103,0.0,0.0,0.0,0.0,0.0,0.0,0.0,0.676004,0.312105,0.327628,0.347756,0.167605,0.0,0.286916,0.625224,0.09469,0.02338,0.444287,0.419633,0.0,0.0,0.803817,0.137552,0.232548,0.0,0.0,0.271537,0.0,0.0,0.0,0.434726,0.0,0.626936,0.269609,0.135942,0.367129,0.0,0.0,0.0,0.0,0.302528,0.422663,0.0,0.0,0.068545,0.150392,0.283575,0.0
104,0.024231,0.0,0.013749,0.0,0.0,0.0,0.083782,0.598301,0.418648,0.168797,0.16388,0.259485,0.0,0.137116,0.355736,0.335698,0.08113,0.497655,0.452568,0.0,0.0,0.611363,0.34506,0.333901,0.0,0.0,0.103246,0.0,0.0,0.0,0.194405,0.0,0.643787,0.319135,0.133772,0.242228,0.0,0.0,0.0,0.0,0.270174,0.454783,0.0,0.0,0.214077,0.316524,0.348886,0.0
105,0.217141,0.0,0.039088,0.0,0.0,0.0,0.198168,0.676982,0.480071,0.0,0.0,0.364543,0.0,0.0,0.175391,0.232154,0.172584,0.385915,0.449301,0.0,0.159936,0.304405,0.493805,0.414821,0.0,0.0,0.036115,0.0,0.0,0.0,0.109387,0.0,0.555944,0.32994,0.177016,0.107274,0.367349,0.0,0.0,0.0,0.368387,0.400999,0.0,0.0,0.270041,0.24751,0.316238,0.0
106,0.287064,0.0,0.0,0.0,0.0,0.0,0.374525,0.729474,0.51128,0.0,0.0,0.594425,0.0,0.0,0.034966,0.42847,0.31923,0.429846,0.57998,0.0,0.142824,0.18009,0.534916,0.634747,0.0,0.0,0.0,0.0,0.0,0.0,0.104623,0.112128,0.313899,0.479852,0.187601,0.0,0.460208,0.0,0.0,0.0,0.497386,0.39942,0.0,0.0,0.27166,0.2241,0.287796,0.0
107,0.696387,0.0,0.0,0.0,0.0,0.0,0.515706,0.786936,0.271822,0.0,0.0,0.503616,0.0,0.0,0.0,0.501233,0.384262,0.396459,0.576187,0.0,0.066795,0.0,0.788672,0.924167,0.0,0.114919,0.0,0.0,0.0,0.0,0.362619,0.125152,0.247118,0.289487,0.3846,0.106698,0.358626,0.0,0.0,0.0,0.505462,0.533436,0.0,0.0,0.394613,0.0,0.404211,0.0
108,0.601626,0.0,0.0,0.0,0.0,0.0,0.771563,0.533692,0.401225,0.0,0.0,0.609187,0.0,0.038262,0.129081,0.401705,0.561046,0.510571,0.809266,0.0,0.027481,0.369869,0.27953,0.992108,0.0,0.337173,0.0,0.0,0.0,0.0,0.510948,0.0,0.0,0.436517,0.548808,0.0,0.510191,0.131699,0.0,0.0,0.838509,0.427137,0.0,0.0,0.181442,0.0,0.022978,0.0
109,0.681655,0.0,0.171956,0.145514,0.0,0.0,1.010724,0.196509,0.365879,0.0,0.0,0.602822,0.0,0.083778,0.190126,0.198825,0.851424,0.671711,1.039579,0.0,0.0,0.653426,0.08057,1.041325,0.0,0.626062,0.0,0.0,0.0,0.0,0.659542,0.0,0.0,0.525479,0.784067,0.0,0.494941,0.071656,0.0,0.0,0.970341,0.316956,0.0,0.0,0.14095,0.0,0.0,0.0
110,0.835951,0.081125,0.216114,0.119584,0.0,0.0,1.084139,0.116665,0.343022,0.052011,0.0,0.700335,0.0,0.031049,0.0,0.253212,1.045184,0.784851,1.233199,0.0,0.0,0.579328,0.30734,1.008664,0.0,0.608524,0.0,0.0,0.030298,0.0,0.576496,0.0,0.176976,0.503634,0.803019,0.202965,0.386634,0.044501,0.0,0.038939,0.803538,0.289399,0.0,0.0,0.405773,0.0,0.097329,0.077308
111,0.860761,0.064146,0.086152,0.052491,0.0,0.0,1.077577,0.058812,0.220552,0.037184,0.0,0.748749,0.0,0.0,0.0,0.163049,1.030272,0.647493,1.198193,0.0,0.157247,0.462202,0.507688,0.941314,0.0,0.492518,0.0,0.0,0.030944,0.0,0.602629,0.0,0.134697,0.541882,0.658343,0.430106,0.223194,0.056248,0.0,0.098078,0.944964,0.298672,0.0,0.0,0.322054,0.0,0.119639,0.011749
112,0.763761,0.119406,0.081786,0.026422,0.0,0.0,1.070728,0.0,0.146995,0.07419,0.0,0.737732,0.0,0.033933,0.0,0.149941,1.010946,0.688332,1.232009,0.0,0.301211,0.443041,0.372641,0.849189,0.0,0.300585,0.0,0.0429,0.066317,0.0,0.623715,0.0,0.067811,0.683571,0.629972,0.271971,0.079691,0.217427,0.018758,0.030842,0.996027,0.356145,0.0,0.0,0.268518,0.0,0.010511,0.0
113,0.61607,0.0,0.033308,0.013598,0.0,0.0,0.882365,0.0,0.012423,0.078246,0.0,0.404733,0.0,0.118189,0.099063,0.0,0.844379,0.471305,0.84739,0.0,0.255257,0.491262,0.262489,0.628078,0.0,0.249844,0.0,0.0,0.058073,0.0,0.85656,0.0,0.0,0.610332,0.659273,0.387051,0.0,0.0,0.072179,0.015193,1.10936,0.42348,0.0,0.0,0.0,0.0,0.0,0.0
114,0.493221,0.403254,0.003591,0.0,0.0,0.0,0.716502,0.0,0.016635,0.2537,0.0,0.249076,0.0,0.255952,0.0,0.0,0.918716,0.572641,0.883097,0.0,0.197326,0.59804,0.176764,0.595373,0.0,0.0,0.0,0.0,0.047108,0.0,0.724234,0.0,0.022725,0.586914,0.687752,0.310583,0.0,0.152074,0.093822,0.0,1.099773,0.518901,0.0,0.0,0.0,0.0,0.0,0.0
115,0.448249,0.423958,0.063022,0.0,0.0,0.0,0.64419,0.0,0.130833,0.574058,0.0,0.0,0.0,0.357283,0.0,0.0,1.166855,0.65245,0.851893,0.0,0.076703,0.677705,0.096965,0.347873,0.0,0.123303,0.0,0.041775,0.066776,0.0,0.459776,0.0,0.017596,0.556041,0.662122,0.335694,0.0,0.0,0.213802,0.013419,1.305544,0.476512,0.0,0.0,0.0,0.0,0.0,0.0
116,0.414974,0.391389,0.0,0.0,0.0,0.0,0.574421,0.0,0.190447,0.467737,0.0,0.0,0.0,0.55385,0.0,0.0,1.181088,0.673835,0.661737,0.0,0.134478,0.585962,0.108123,0.153683,0.0,0.011404,0.0,0.001693,0.036622,0.18295,0.297613,0.085933,0.013512,0.528888,0.591441,0.509753,0.0,0.0,0.041514,0.018426,1.332824,0.57899,0.0,0.0,0.030551,0.0,0.0,0.0
117,0.332575,0.447069,0.043706,0.0,0.0,0.0,0.694232,0.0,0.195476,0.392433,0.0,0.0,0.0,0.312876,0.0,0.017885,0.980759,0.641591,0.573678,0.0,0.090335,0.463768,0.324932,0.068664,0.0,0.0,0.0,0.0,0.0,0.512446,0.401239,0.528826,0.023754,0.456718,0.531246,0.682308,0.0,0.0,0.285855,0.0,1.287237,0.635329,0.0,0.0,0.0,0.072915,0.0,0.0
118,0.313355,0.310115,0.024332,0.0,0.0,0.0,0.535241,0.0,0.104261,0.349982,0.0,0.0,0.0,0.217585,0.0,0.04298,0.761202,0.516619,0.368974,0.0,0.0,0.447474,0.448204,0.026669,0.0,0.0,0.0,0.0,0.0,0.545682,0.383986,0.416388,0.0,0.364273,0.650302,0.798822,0.0,0.0,0.228902,0.0,1.297016,0.632716,0.0,0.0,0.0,0.0,0.0,0.0
119,0.257162,0.130142,0.0,0.0,0.0,0.0,0.149255,0.0,0.0,0.270904,0.0,0.0,0.0,0.221051,0.187956,0.091029,0.466248,0.386765,0.371712,0.0,0.0,0.658268,0.117652,0.26713,0.0,0.0,0.0,0.0,0.0,0.457668,0.264941,0.200086,0.0,0.32594,0.753442,0.509094,0.0,0.0,0.006828,0.0,1.130097,0.575346,0.0,0.0,0.0,0.0,0.0,0.0
120,0.352011,0.147966,0.0,0.0,0.0,0.0,0.249807,0.0,0.0,0.172028,0.0,0.0,0.0,0.125012,0.273281,0.297794,0.415782,0.359414,0.451691,0.0,0.0,0.416722,0.317907,0.468651,0.0,0.0,0.0,0.0,0.0,0.496124,0.283014,0.282689,0.009319,0.403097,0.702052,0.357482,0.0,0.088283,0.0,0.0,0.902499,0.707867,0.0,0.0,0.0,0.0,0.0,0.0
121,0.509055,0.236006,0.0,0.0,0.0,0.0,0.196912,0.0,0.0,0.0,0.0,0.0,0.0,0.012777,0.011089,0.220006,0.407086,0.164414,0.219146,0.0,0.0,0.185684,0.716339,0.349003,0.0,0.0,0.0,0.0,0.0,0.354573,0.02575,0.261498,0.188861,0.213881,0.570317,0.539987,0.0,0.0,0.0,0.0,0.638965,0.513301,0.0,0.0,0.031642,0.060662,0.111426,0.0
122,0.497696,0.0,0.0,0.0,0.0,0.0,0.22471,0.0,0.0,0.0,0.0,0.051779,0.0,0.0,0.111806,0.222053,0.291623,0.119609,0.336466,0.0,0.060488,0.157018,0.462481,0.505128,0.0,0.0,0.0,0.0,0.0,0.316745,0.203644,0.144011,0.143446,0.388594,0.53223,0.259569,0.0,0.0,0.0,0.0,0.553323,0.489474,0.0,0.0,0.0,0.0,0.0,0.0
123,0.460475,0.0,0.0,0.0,0.0,0.0,0.301215,0.0,0.0,0.072411,0.0,0.037079,0.0,0.004655,0.251364,0.199194,0.38284,0.146193,0.523816,0.0,0.0,0.273724,0.20871,0.563079,0.0,0.030934,0.0,0.031992,0.0,0.13315,0.360718,0.054292,0.093061,0.450891,0.698275,0.168015,0.0,0.0,0.0,0.0,0.606951,0.464934,0.0,0.0,0.0,0.0,0.014592,0.0
124,0.346581,0.0,0.000228,0.0,0.0,0.0,0.296536,0.0,0.0,0.22735,0.0,0.0,0.0,0.0,0.291956,0.027946,0.529685,0.235274,0.47141,0.0,0.0,0.423362,0.297647,0.30078,0.0,0.021498,0.0,0.0,0.0,0.105735,0.206604,0.0,0.105003,0.357563,0.62523,0.489556,0.0,0.0,0.0,0.0,0.709395,0.296815,0.008475,0.0,0.0,0.0,0.04546,0.0
125,0.138746,0.151081,0.01426,0.0,0.0,0.0,0.26714,0.0,0.0,0.240264,0.0,0.0,0.0,0.104178,0.178789,0.174569,0.555996,0.316371,0.646737,0.0,0.0,0.594143,0.014168,0.290074,0.0,0.0,0.0,0.0,0.0,0.117998,0.137114,0.0,0.105909,0.405903,0.570502,0.393159,0.0,0.044321,0.0,0.0,0.675632,0.395741,0.082597,0.0,0.0,0.0,0.0,0.0
126,0.084375,0.0,0.0,0.0,0.0,0.0,0.115424,0.0,0.0,0.394051,0.0,0.0,0.0,0.195382,0.351987,0.260782,0.307597,0.34807,0.639882,0.0,0.0,0.835507,0.0,0.185053,0.0,0.0,0.0,0.0,0.0,0.159308,0.154286,0.0,0.093148,0.307239,0.625571,0.319581,0.0,0.184489,0.0,0.0,0.718867,0.562677,0.110178,0.0,0.0,0.0,0.0,0.0
127,0.064527,0.0,0.0,0.0,0.0,0.0,0.152907,0.0,0.0,0.240575,0.1864,0.0,0.0,0.394253,0.245973,0.170819,0.201112,0.501989,0.488271,0.0,0.0,0.648498,0.039142,0.0,0.0,0.0,0.058168,0.0,0.0,0.228085,0.0,0.025221,0.211041,0.172687,0.355076,0.586252,0.0,0.220173,0.0,0.0,0.715873,0.633005,0.104889,0.0,0.150343,0.281939,0.0,0.0
128,0.0,0.0,0.0,0.0,0.198833,0.0,0.053278,0.0,0.069632,0.259012,0.399867,0.0,0.0,0.425193,0.302782,0.0,0.353034,0.405895,0.27778,0.0,0.134684,0.461702,0.090993,0.0,0.0,0.0,0.069306,0.0,0.0,0.005887,0.0,0.0,0.213542,0.358622,0.139715,0.671892,0.0,0.0,0.0,0.017662,0.664374,0.478499,0.274854,0.0,0.0,0.090641,0.024494,0.0
129,0.0,0.0,0.0,0.0,0.339708,0.0,0.135881,0.11272,0.318499,0.082472,0.378793,0.0,0.0,0.328755,0.305408,0.0,0.325287,0.400868,0.080987,0.0,0.102301,0.219537,0.430955,0.0,0.0,0.0,0.088439,0.0,0.0,0.097402,0.004785,0.007546,0.316127,0.250852,0.095311,0.632297,0.0,0.0,0.0,0.00773,0.439693,0.35092,0.1993,0.0,0.0,0.171272,0.062593,0.0
130,0.0,0.0,0.0,0.0,0.0,0.0,0.069272,0.125624,0.380153,0.341594,0.264414,0.031436,0.0,0.199773,0.421581,0.131605,0.042418,0.526862,0.237523,0.0,0.0,0.428544,0.060732,0.06516,0.0,0.0,0.0,0.0,0.0,0.0,0.068709,0.037921,0.201812,0.328876,0.0,0.059139,0.0,0.111862,0.0,0.0,0.384489,0.278083,0.295896,0.0,0.0,0.129111,0.0,0.0
131,0.0,0.0,0.098458,0.0,0.0,0.0,0.05293,0.142009,0.446645,0.210621,0.268108,0.137478,0.0,0.0,0.309799,0.110835,0.190583,0.397578,0.266497,0.0,0.120284,0.148572,0.123135,0.0,0.0,0.0,0.0,0.0,0.0,0.0,0.008961,0.155359,0.16392,0.365536,0.0,0.0,0.0,0.035241,0.0,0.0,0.139225,0.221779,0.289292,0.0,0.032614,0.082618,0.0,0.0
132,0.0,0.0,0.222551,0.0,0.0,0.0,0.0,0.283152,0.52085,0.075074,0.217894,0.036081,0.0,0.0,0.346727,0.252087,0.183942,0.369827,0.043134,0.0,0.0,0.141906,0.189395,0.010248,0.0,0.0,0.0,0.0,0.0,0.0,0.058875,0.070714,0.100812,0.275107,0.021063,0.0,0.0,0.0,0.0,0.0,0.141776,0.167013,0.341111,0.0,0.0,0.05922,0.160969,0.0
133,0.096391,0.0,0.13757,0.0,0.0,0.070693,0.0,0.425088,0.478911,0.0,0.015518,0.0,0.0,0.0,0.284138,0.376826,0.284193,0.298241,0.0,0.0,0.0,0.0,0.535855,0.082147,0.0,0.0,0.0,0.098535,0.0,0.0,0.0,0.278011,0.0,0.311648,0.0,0.0,0.0,0.0,0.0,0.0,0.149095,0.108002,0.189095,0.0,0.019654,0.012461,0.276767,0.0
134,0.295646,0.0,0.0,0.0,0.0,0.110486,0.0,0.485634,0.601789,0.021628,0.0,0.0,0.0,0.0,0.268266,0.328571,0.237573,0.367972,0.0,0.0,0.0,0.0,0.754703,0.136026,0.0,0.0,0.0,0.138901,0.0,0.0,0.049166,0.365043,0.0,0.2243,0.0,0.0,0.0,0.0,0.054894,0.0,0.291693,0.0,0.180622,0.0,0.091257,0.021161,0.265175,0.0
135,0.294129,0.0,0.0,0.0,0.0,0.0,0.00714,0.481269,0.830532,0.106087,0.0,0.039587,0.0,0.0,0.0,0.274342,0.237612,0.32497,0.0,0.0,0.0,0.0,0.821121,0.0,0.0,0.0,0.0,0.0,0.0,0.0,0.0,0.42405,0.0,0.395996,0.0,0.0,0.0,0.0,0.104385,0.0,0.33895,0.0,0.187823,0.0,0.178606,0.157715,0.122757,0.0
136,0.282758,0.0,0.0,0.0,0.0,0.01055,0.0,0.666686,0.814746,0.1172,0.0,0.024058,0.0,0.0,0.093535,0.395555,0.205,0.340576,0.0,0.0,0.0,0.0,1.006171,0.007698,0.0,0.0,0.0,0.043359,0.0,0.0,0.0,0.720924,0.0,0.474831,0.0,0.0,0.0,0.0,0.061973,0.0,0.58113,0.0,0.222857,0.0,0.106429,0.248134,0.259593,0.0
137,0.399113,0.035571,0.0,0.0,0.088703,0.257039,0.0,0.7427,1.106058,0.0,0.0,0.0,0.0,0.0,0.020316,0.176895,0.275637,0.249948,0.0,0.0,0.0,0.0,1.585793,0.0,0.0,0.0,0.0,0.140172,0.0,0.097306,0.0,0.742584,0.0,0.47804,0.0,0.149834,0.0,0.0,0.189801,0.0,0.352375,0.0,0.316654,0.0,0.050096,0.264985,0.49212,0.0
138,0.467005,0.0,0.0,0.0,0.0,0.080142,0.0,0.777465,1.047136,0.115924,0.0,0.0,0.0,0.0,0.0,0.242623,0.199931,0.34762,0.0,0.0,0.0,0.0,1.267966,0.0,0.0,0.0,0.0,0.049072,0.0,0.09958,0.0,0.84259,0.0,0.482513,0.0,0.039285,0.0,0.0,0.0,0.0,0.498688,0.0,0.214616,0.0,0.144522,0.264913,0.297846,0.0
139,0.458482,0.044638,0.0,0.0,0.068822,0.170798,0.0,0.745288,1.121117,0.105351,0.0,0.0,0.0,0.0,0.107987,0.02357,0.088193,0.354202,0.0,0.0,0.0,0.0,1.575311,0.0,0.0,0.0,0.0,0.140152,0.0,0.294466,0.0,0.797251,0.013806,0.383701,0.3808,0.24477,0.0,0.0,0.020544,0.0,0.357632,0.0,0.197524,0.0,0.106043,0.19636,0.458847,0.0
140,0.327628,0.0,0.0,0.0,0.0,0.344767,0.0,0.959126,0.880974,0.015828,0.0,0.0,0.0,0.0,0.094612,0.176969,0.136662,0.346944,0.0,0.0,0.0,0.0,1.330315,0.0,0.0,0.0,0.0,0.142846,0.0,0.283726,0.0,0.809952,0.0,0.768877,0.282741,0.078015,0.0,0.0,0.0,0.0,0.319791,0.069215,0.251153,0.0,0.034183,0.244485,0.445454,0.0
141,0.284326,0.0,0.0,0.0,0.08728,0.29861,0.0,0.939815,0.714108,0.050085,0.0,0.0,0.0,0.0,0.385425,0.0,0.0,0.380996,0.0,0.0,0.0,0.0,1.18122,0.0,0.0,0.0,0.0,0.0,0.0,0.405868,0.0,0.607001,0.11436,0.196198,0.361596,0.0,0.0,0.0,0.0,0.0,0.255492,0.167719,0.161072,0.0,0.043679,0.239784,0.403805,0.0
142,0.0,0.0,0.0,0.0,0.119493,0.407511,0.0,1.122833,0.732268,0.43257,0.0,0.0,0.0,0.0,0.643362,0.0,0.0,0.525122,0.0,0.0,0.0,0.092088,0.766044,0.0,0.0,0.0,0.0,0.0,0.0,0.374541,0.0,0.245032,0.353603,0.300586,0.285227,0.0,0.0,0.0,0.0,0.0,0.12585,0.17598,0.257156,0.0,0.0,0.15352,0.243115,0.0
143,0.0,0.0,0.0,0.0,0.033,0.515821,0.0,1.259816,0.699843,0.284964,0.0,0.0,0.0,0.0,0.547369,0.0,0.0,0.523372,0.0,0.0,0.0,0.0,1.096223,0.0,0.0,0.0,0.0,0.0,0.0,0.510243,0.0,0.332523,0.445121,0.732773,0.28199,0.038786,0.0,0.0,0.0,0.0,0.0,0.140155,0.278406,0.0,0.0,0.352858,0.351718,0.0
144,0.025426,0.0,0.0,0.0,0.073928,0.423077,0.0,1.28952,0.50687,0.202792,0.096804,0.0,0.0,0.0,0.76968,0.0,0.0,0.603633,0.0,0.0,0.0,0.149305,1.052674,0.0,0.0,0.0,0.009227,0.0,0.052059,0.596199,0.0,0.291621,0.46069,0.569197,0.29374,0.173534,0.0,0.0,0.0,0.0,0.0,0.181326,0.099101,0.0,0.0,0.470518,0.51967,0.0
145,0.0,0.0,0.0,0.0,0.351393,0.429364,0.0,1.384326,0.549038,0.418615,0.228511,0.0,0.0,0.0,0.755977,0.0,0.0,0.561611,0.0,0.0,0.0,0.270462,0.988758,0.0,0.0,0.0,0.292567,0.0,0.126882,0.615602,0.0,0.0,0.627823,0.302946,0.214015,0.244603,0.0,0.0,0.0,0.0,0.0,0.1777,0.170367,0.0,0.0,0.461606,0.453726,0.0
146,0.0,0.0,0.0,0.0,0.069388,0.143111,0.0,1.297442,0.471019,0.440333,0.381515,0.040523,0.0,0.0,0.703833,0.0,0.0,0.627568,0.0,0.0,0.0,0.405411,0.753801,0.0,0.0,0.0,0.206053,0.0,0.027512,0.349642,0.0,0.074314,0.635575,0.479096,0.042473,0.090146,0.0,0.0,0.0,0.0,0.0,0.188351,0.140596,0.0,0.0,0.537205,0.346018,0.0
147,0.0,0.0,0.0,0.0,0.277405,0.234883,0.0,1.267184,0.51602,0.36519,0.458717,0.0,0.0,0.0,0.683435,0.0,0.0,0.655028,0.0,0.0,0.0,0.317367,0.893011,0.0,0.0,0.0,0.181859,0.0,0.24912,0.425783,0.0,0.0,0.770559,0.400509,0.228939,0.231417,0.0,0.0,0.0,0.0,0.0,0.199175,0.179917,0.0,0.0,0.51853,0.505151,0.0
148,0.0,0.0,0.0,0.0,0.268856,0.098087,0.0,1.286011,0.420935,0.489808,0.299483,0.0,0.0,0.0,0.598766,0.0,0.0,0.54321,0.0,0.0,0.0,0.521195,0.780572,0.0,0.0,0.0,0.493448,0.0,0.0,0.358,0.0,0.0,0.830495,0.487615,0.0,0.516589,0.0,0.0,0.0,0.0,0.036775,0.199649,0.034111,0.0,0.0,0.516115,0.319415,0.0
149,0.0,0.0,0.0,0.0,0.178963,0.056041,0.0,1.166835,0.443061,0.156877,0.362049,0.0,0.0,0.0,0.706369,0.0,0.0,0.566266,0.0,0.0,0.0,0.355917,1.03615,0.0,0.0,0.0,0.322827,0.0,0.118067,0.607285,0.0,0.0,0.899892,0.705393,0.017449,0.738509,0.0,0.0,0.0,0.0,0.004441,0.238739,0.040157,0.0,0.0,0.730391,0.404868,0.0
150,0.0,0.0,0.0,0.0,0.140027,0.0,0.0,0.917926,0.263149,0.192477,0.539721,0.0,0.0,0.092977,0.69686,0.0,0.0,0.594264,0.098698,0.0,0.0,0.584358,0.711789,0.0,0.0,0.0,0.25507,0.0,0.234717,0.504905,0.0,0.0,0.933239,0.517675,0.0,0.730132,0.0,0.0,0.0,0.0,0.150197,0.373033,0.0,0.0,0.0,0.757705,0.418486,0.0
151,0.0,0.0,0.0,0.0,0.076479,0.0,0.0,0.530417,0.143982,0.146631,0.608199,0.0,0.0,0.261773,0.486432,0.0,0.0,0.627384,0.43583,0.0,0.0,0.864712,0.596177,0.0,0.0,0.0,0.328222,0.0,0.288231,0.53619,0.0,0.0,0.886281,0.284024,0.044471,0.993146,0.0,0.0,0.0,0.0,0.245187,0.506038,0.0,0.0,0.0,0.891384,0.409209,0.0
152,0.0,0.0,0.0,0.0,0.366549,0.0,0.0,0.475149,0.039737,0.491273,0.579618,0.0,0.0,0.442172,0.67126,0.0,0.0,0.782523,0.34465,0.0,0.148552,1.04827,0.375462,0.0,0.0,0.0,0.642743,0.0,0.129575,0.395557,0.0,0.0,1.028175,0.210839,0.026358,1.268106,0.0,0.0,0.0,0.0,0.415987,0.589949,0.0,0.0,0.0,0.708006,0.297188,0.0
153,0.0,0.0,0.0,0.0,0.254797,0.0,0.0,0.339799,0.0,0.930551,0.542237,0.0,0.0,0.716237,0.979997,0.0,0.0,0.846313,0.654681,0.0,0.080306,1.371759,0.0,0.0,0.0,0.0,0.686197,0.0,0.0,0.212948,0.0,0.0,1.097937,0.401939,0.267676,1.087482,0.0,0.035046,0.0,0.0,0.611941,0.71853,0.165822,0.0,0.0,0.619031,0.217728,0.0
154,0.0,0.0,0.0,0.0,0.34395,0.0,0.0,0.407265,0.0,0.985406,0.65521,0.148956,0.0,0.869753,1.191475,0.0,0.0,0.933351,0.831303,0.0,0.0,1.729887,0.0,0.0,0.0,0.0,0.849464,0.0,0.0,0.104644,0.0,0.0,1.13826,0.447286,0.481001,1.242311,0.0,0.266326,0.0,0.088929,0.795893,0.963179,0.147479,0.0,0.0,0.581262,0.188935,0.0
155,0.0,0.0,0.0,0.0,0.26654,0.0,0.21959,0.350324,0.0,0.801888,0.633805,0.259867,0.0,0.844347,1.003331,0.0,0.0,0.921462,1.035829,0.0,0.262182,1.529086,0.0,0.0,0.0,0.0,0.703342,0.0,0.166733,0.136578,0.0,0.0,1.306415,0.736505,0.322596,1.350698,0.0,0.626064,0.0,0.16862,0.603075,0.958886,0.082721,0.0,0.0,0.57088,0.347194,0.0
156,0.0,0.0,0.0,0.0,0.4739,0.0,0.003767,0.52586,0.0,0.869985,0.67635,0.381588,0.0,1.111633,1.23222,0.0,0.0,0.734519,0.833152,0.0,0.242031,1.631218,0.0,0.0,0.0,0.0,0.832996,0.0,0.031197,0.0,0.010856,0.0,1.131895,0.96492,0.303425,1.315236,0.0,0.396451,0.0,0.262379,0.734987,0.980553,0.306094,0.0,0.0,0.347604,0.500216,0.0
157,0.0,0.0,0.0,0.0,0.429592,0.0,0.072954,0.290368,0.0,0.815192,0.703261,0.410943,0.0,1.32932,1.034936,0.0,0.0,0.76508,0.924582,0.0,0.399548,1.566926,0.0,0.0,0.0,0.0,0.80696,0.0,0.0,0.0,0.0,0.0,0.894635,1.164502,0.042965,1.156844,0.0,0.4507,0.0,0.351286,0.798568,0.96613,0.264181,0.0,0.0,0.180782,0.429002,0.0
158,0.0,0.0,0.0,0.0,0.247775,0.0,0.227352,0.0,0.0,0.812921,0.648677,0.280313,0.0,1.554904,0.763467,0.0,0.104027,0.875053,1.086456,0.0,0.565814,1.313081,0.0,0.013693,0.0,0.0,0.671762,0.0,0.0,0.0,0.0,0.0,0.7654,1.254085,0.0,0.757293,0.0,0.628872,0.0,0.33337,0.909419,0.921879,0.255953,0.0,0.030458,0.129452,0.27328,0.0
159,0.0,0.0,0.0,0.095279,0.181139,0.0,0.394708,0.0,0.0,0.614387,0.478598,0.154048,0.0,1.247939,0.511088,0.0,0.333148,0.868284,1.150757,0.0,0.63423,1.16098,0.0,0.079252,0.0,0.0,0.31433,0.0,0.0,0.0,0.0,0.0,0.645636,1.284162,0.0,0.901696,0.0,0.678613,0.0,0.333389,0.930588,0.971802,0.036665,0.0,0.0,0.0,0.215938,0.0
160,0.0,0.0,0.0,0.148882,0.279732,0.0,0.375119,0.0,0.0,0.527417,0.514786,0.178759,0.0,1.366078,0.487143,0.0,0.333332,0.848791,1.088378,0.0,0.60357,1.181245,0.0,0.063614,0.0,0.0,0.322906,0.0,0.0,0.0,0.0,0.0,0.530421,1.333538,0.0,0.911501,0.0,0.637259,0.0,0.262559,1.011876,0.988701,0.016304,0.0,0.0,0.0,0.133561,0.0
161,0.0,0.0,0.0,0.133025,0.121473,0.0,0.685532,0.0,0.091445,0.613586,0.496868,0.007999,0.0,1.392136,0.461762,0.018265,0.363523,1.050782,1.271941,0.0,0.737191,0.936683,0.0,0.0,0.0,0.0,0.372258,0.0,0.0,0.0,0.0,0.0,0.682131,1.110979,0.042097,0.87986,0.0,0.861209,0.0,0.198862,1.030813,1.014478,0.139643,0.0,0.249129,0.175865,0.077613,0.0
162,0.0,0.0,0.0,0.0,0.337607,0.0,0.476519,0.0,0.0,0.692936,0.594722,0.118407,0.0,1.27355,0.866919,0.0,0.342924,0.814764,1.004935,0.0,0.484559,1.13226,0.0,0.0,0.0,0.0,0.427073,0.0,0.0,0.0,0.0,0.0,0.623641,1.100854,0.35737,1.223402,0.0,0.540295,0.0,0.283358,1.111041,1.062078,0.334378,0.0,0.075948,0.035891,0.101941,0.0
163,0.0,0.0,0.0,0.0,0.166183,0.0,0.638131,0.0,0.0,0.791664,0.614705,0.090071,0.0,1.158771,0.992691,0.041111,0.183509,0.9027,1.184882,0.0,0.522145,1.304105,0.0,0.0,0.0,0.0,0.623546,0.0,0.0,0.0,0.0,0.0,0.765883,0.751524,0.416962,1.279519,0.0,0.65512,0.0,0.175237,1.03847,1.174854,0.285049,0.0,0.273753,0.245587,0.121389,0.0
164,0.0,0.0,0.0,0.0,0.075381,0.0,0.466906,0.0,0.0,0.858468,0.618927,0.275602,0.0,0.976276,1.272889,0.155387,0.0,0.716424,1.139191,0.0,0.372827,1.694642,0.0,0.0,0.0,0.0,0.782644,0.0,0.0,0.105263,0.0,0.0,0.674366,0.516192,0.615409,1.342674,0.0,0.572542,0.0,0.063842,0.960878,1.226752,0.192457,0.0,0.204931,0.269865,0.018856,0.0
165,0.0,0.0,0.0,0.0,0.0,0.0,0.474613,0.0,0.0,0.94707,0.539926,0.278178,0.0,0.920269,1.359113,0.195548,0.0,0.671099,1.140453,0.0,0.273318,1.825654,0.0,0.0,0.0,0.0,0.746353,0.0,0.0,0.326372,0.004314,0.0,0.747178,0.35244,0.755548,1.145297,0.0,0.618776,0.0,0.0,0.759767,1.167488,0.17604,0.0,0.341283,0.319781,0.102885,0.0
166,0.0,0.0,0.0,0.0,0.009892,0.0,0.351947,0.0,0.0,0.995001,0.59195,0.293408,0.0,0.830544,1.526788,0.183136,0.0,0.511885,0.991833,0.0,0.236214,1.958815,0.0,0.0,0.0,0.0,0.864519,0.0,0.0,0.437232,0.086217,0.0,0.728983,0.113157,0.838771,1.216183,0.0,0.392271,0.0,0.0,0.618153,1.187715,0.031369,0.0,0.386306,0.31367,0.142001,0.0
167,0.0,0.0,0.0,0.0,0.0,0.0,0.503106,0.0,0.0,1.286553,0.439363,0.148149,0.0,0.577458,1.788283,0.452361,0.0,0.609436,0.988605,0.0,0.021265,2.20515,0.0,0.204378,0.0,0.0,0.877589,0.0,0.0,0.479315,0.401889,0.0,0.833117,0.064984,1.155256,1.290742,0.0,0.339083,0.0,0.0,0.566118,1.206906,0.0,0.0,0.145284,0.253778,0.0,0.0
168,0.0,0.0,0.0,0.0,0.0,0.0,0.397615,0.0,0.0,1.096853,0.463848,0.216554,0.0,0.568385,1.591448,0.531516,0.0,0.591012,1.074499,0.0,0.216027,2.189672,0.0,0.0,0.0,0.0,0.943792,0.0,0.0,0.547897,0.121169,0.0,1.022816,0.08396,0.91903,1.31066,0.0,0.372654,0.0,0.0,0.51087,1.260043,0.0,0.0,0.378235,0.527963,0.165101,0.0
169,0.024197,0.0,0.0,0.0,0.0,0.0,0.370395,0.0,0.0,1.017355,0.558228,0.232177,0.0,0.738371,1.550296,0.338437,0.0,0.587907,1.110455,0.0,0.0,2.102021,0.0,0.0,0.0,0.0,1.016809,0.0,0.0,0.669915,0.203336,0.0,0.964279,0.015643,1.011505,1.319593,0.0,0.417891,0.0,0.0,0.739547,1.391338,0.0,0.0,0.444226,0.603259,0.076374,0.0
170,0.0,0.0,0.0,0.0,0.0,0.0,0.198472,0.01392,0.0,0.924193,0.77044,0.209737,0.0,1.018404,1.414987,0.069046,0.0,0.493043,0.969459,0.0,0.435467,1.977733,0.0,0.0,0.0,0.0,1.13589,0.0,0.0,0.463975,0.063553,0.0,0.987599,0.388893,0.725329,1.425792,0.0,0.06075,0.0,0.0,0.898625,1.1797,0.07176,0.0,0.323698,0.600957,0.222369,0.0
171,0.0,0.0,0.0,0.0,0.0,0.0,0.277731,0.0,0.0,0.925251,0.692869,0.041125,0.0,0.717365,1.17683,0.03339,0.0,0.580475,1.15114,0.0,0.321686,1.976324,0.0,0.0,0.0,0.0,0.819841,0.0,0.0,0.444084,0.006691,0.0,0.936197,0.365535,0.808356,1.400027,0.0,0.269751,0.0,0.0,0.96966,1.116855,0.0,0.0,0.257812,0.579845,0.064241,0.0
172,0.0,0.0,0.0,0.0,0.0,0.0,0.167302,0.0,0.0,0.87952,0.564339,0.0,0.0,0.831143,1.121386,0.008549,0.0,0.560186,1.057321,0.0,0.275167,1.822142,0.0,0.0,0.0,0.0,0.734937,0.0,0.0,0.442594,0.0,0.0,0.88531,0.36352,0.806301,1.176332,0.0,0.301102,0.0,0.0,1.013978,1.055007,0.131302,0.0,0.244569,0.590084,0.121064,0.0
173,0.025211,0.0,0.0,0.0,0.0,0.0,0.216886,0.0,0.0,0.752669,0.470363,0.0,0.0,0.42366,1.078964,0.089166,0.0,0.48956,0.851084,0.0,0.090534,1.65112,0.0,0.0,0.0,0.0,0.663976,0.0,0.0,0.588672,0.070864,0.0,0.978689,0.20763,0.80603,1.263769,0.0,0.208408,0.0,0.0,0.722376,1.138871,0.0,0.0,0.103096,0.557213,0.011957,0.0
174,0.0,0.0,0.0,0.0,0.0,0.0,0.357961,0.0,0.0,0.478669,0.447092,0.0,0.0,0.316741,0.729078,0.0,0.0,0.478883,0.758214,0.0,0.271585,1.075068,0.169787,0.0,0.0,0.0,0.455889,0.0,0.0,0.625784,0.0,0.0,0.837209,0.063702,0.747195,1.171304,0.0,0.218941,0.0,0.0,0.596977,0.918005,0.0,0.0,0.232164,0.553144,0.034655,0.0
175,0.0,0.0,0.0,0.0,0.0,0.0,0.093324,0.061438,0.0,0.675291,0.52362,0.0,0.0,0.331636,0.812784,0.0,0.0,0.483195,0.544805,0.0,0.007731,1.17179,0.0,0.0,0.0,0.0,0.265482,0.0,0.0,0.466104,0.032671,0.0,0.569564,0.238128,0.670406,0.799169,0.0,0.0,0.0,0.0,0.619095,0.755801,0.134853,0.0,0.0,0.306721,0.0,0.0
176,0.0,0.0,0.0,0.0,0.0,0.0,0.0,0.179515,0.035251,0.57626,0.307952,0.0,0.0,0.318672,0.730056,0.0,0.0,0.383904,0.352667,0.0,0.0,0.900991,0.0,0.0,0.0,0.0,0.0,0.0,0.0,0.467813,0.0,0.0,0.442501,0.217214,0.683979,0.358018,0.0,0.0,0.0,0.0,0.513974,0.529896,0.363792,0.0,0.0,0.25118,0.020432,0.0
177,0.233494,0.0,0.0,0.0,0.0,0.0,0.0,0.195148,0.050063,0.308727,0.224275,0.0,0.0,0.034813,0.568019,0.0,0.0,0.360299,0.182616,0.0,0.0,0.412427,0.366729,0.0,0.0,0.0,0.0,0.0,0.0,0.641898,0.0,0.0,0.406353,0.038472,0.550552,0.459544,0.0,0.0,0.0,0.0,0.310287,0.447037,0.068113,0.0,0.0,0.119454,0.0,0.0
178,0.318662,0.0,0.0,0.0,0.0,0.0,0.0,0.157756,0.0,0.010591,0.045681,0.0,0.0,0.0,0.415814,0.0,0.066493,0.320799,0.058717,0.0,0.0,0.137031,0.698225,0.0,0.0,0.0,0.0,0.0,0.0,0.652456,0.0,0.234732,0.275135,0.089806,0.496007,0.722943,0.0,0.0,0.0,0.0,0.337708,0.252814,0.0,0.0,0.0,0.180297,0.021077,0.0
179,0.447605,0.045837,0.0,0.0,0.0,0.0,0.0,0.134088,0.0,0.0,0.0,0.0,0.0,0.0,0.260392,0.001278,0.07777,0.366903,0.0,0.0,0.0,0.0,0.685716,0.010338,0.0,0.0,0.0,0.0,0.042049,0.568538,0.0,0.287954,0.152866,0.083907,0.445251,0.669466,0.0,0.0,0.0,0.0,0.43236,0.24776,0.0,0.0,0.0,0.080645,0.018999,0.0
180,0.405533,0.227709,0.0,0.0,0.0,0.0,0.0,0.021893,0.0,0.085847,0.0,0.0,0.0,0.088493,0.314433,0.087343,0.126136,0.600829,0.201407,0.0,0.0,0.0,0.369494,0.215652,0.0,0.187009,0.0,0.0,0.089291,0.372541,0.0,0.309861,0.031889,0.041749,0.439107,0.284702,0.0,0.0,0.0,0.0,0.484192,0.253684,0.0,0.0,0.0,0.0,0.0,0.0
181,0.346155,0.395284,0.0,0.0,0.0,0.0,0.0,0.085601,0.0,0.0,0.0,0.0,0.0,0.029257,0.163909,0.165705,0.282353,0.640792,0.154699,0.0,0.0,0.0,0.563251,0.283944,0.0,0.067072,0.0,0.0,0.016921,0.304147,0.0,0.494389,0.0,0.2664,0.235929,0.534677,0.0,0.0,0.0,0.0,0.628984,0.065057,0.007681,0.0,0.0,0.101176,0.06687,0.0
182,0.379467,0.219116,0.0,0.0,0.0,0.0,0.017052,0.013887,0.020199,0.0,0.0,0.0,0.0,0.113717,0.069438,0.072259,0.273591,0.70106,0.040627,0.0,0.0,0.0,0.366036,0.105679,0.0,0.112213,0.0,0.0,0.071095,0.298685,0.0,0.335588,0.0,0.164609,0.080633,0.159459,0.0,0.0,0.0,0.0,0.420101,0.128518,0.106409,0.0,0.0,0.0,0.0,0.0
183,0.442714,0.228427,0.0,0.0,0.0,0.0,0.056869,0.010057,0.0,0.061603,0.0,0.0,0.0,0.0,0.142117,0.0,0.447163,0.545553,0.013252,0.0,0.0,0.0,0.473494,0.213926,0.0,0.062911,0.0,0.0,0.0,0.270461,0.092955,0.452315,0.0,0.206363,0.303054,0.362478,0.0,0.004034,0.00948,0.0,0.481107,0.0,0.176728,0.0,0.0,0.0,0.0,0.0
184,0.439075,0.283577,0.0,0.0,0.0,0.0,0.0,0.0,0.077227,0.15139,0.0,0.0,0.0,0.0,0.039323,0.0,0.478458,0.554316,0.034507,0.0,0.0,0.0,0.390703,0.0,0.0,0.090834,0.0,0.0,0.036241,0.147263,0.0,0.295293,0.0,0.148301,0.315745,0.225093,0.0,0.0,0.0,0.0,0.323049,0.0,0.316963,0.0,0.0,0.0,0.0,0.0
185,0.386175,0.146502,0.0,0.0,0.0,0.0,0.0,0.280079,0.356047,0.14234,0.038234,0.0,0.0,0.0,0.235907,0.0,0.287626,0.369552,0.0,0.0,0.0,0.0,0.471852,0.0,0.0,0.011064,0.0,0.0,0.0,0.346235,0.039417,0.170847,0.0,0.0,0.319311,0.068356,0.0,0.0,0.0,0.0,0.229621,0.083071,0.350271,0.0,0.0,0.0,0.0,0.0
186,0.421042,0.040914,0.0,0.0,0.0,0.137638,0.0,0.376999,0.336407,0.044459,0.005776,0.0,0.0,0.0,0.495107,0.0,0.213137,0.419126,0.0,0.0,0.0,0.0,0.462423,0.0,0.0,0.0,0.0,0.0,0.0,0.567547,0.018506,0.268273,0.0,0.034531,0.294033,0.070296,0.0,0.0,0.0,0.0,0.157579,0.103161,0.452615,0.0,0.0,0.012862,0.0,0.0
187,0.478414,0.049823,0.0,0.0,0.001426,0.0,0.0,0.355496,0.407133,0.094211,0.210748,0.0,0.0,0.0,0.377088,0.0,0.279756,0.29365,0.0,0.0,0.0,0.0,0.608255,0.0,0.0,0.0,0.0,0.0,0.0,0.628664,0.0,0.366589,0.060764,0.0,0.418862,0.406095,0.0,0.0,0.0,0.0,0.113216,0.048405,0.340202,0.0,0.0,0.139612,0.0,0.0
188,0.635709,0.029066,0.0,0.0,0.0,0.057054,0.0,0.362841,0.226897,0.033618,0.040609,0.0,0.0,0.0,0.64826,0.050096,0.234615,0.327318,0.0,0.0,0.0,0.0,0.765588,0.0,0.0,0.0,0.0,0.0,0.0,0.797136,0.030779,0.558812,0.010271,0.0,0.621818,0.548195,0.148609,0.0,0.0,0.0,0.156249,0.015641,0.310382,0.0,0.0,0.188295,0.054559,0.0
189,0.65442,0.0,0.0,0.0,0.0,0.084648,0.0,0.432957,0.248895,0.166981,0.01404,0.0,0.0,0.07679,0.841256,0.266382,0.086246,0.364476,0.012553,0.0,0.0,0.225215,0.316873,0.110767,0.0,0.0,0.0,0.0,0.0,0.786896,0.076833,0.342916,0.0,0.0,0.72402,0.121618,0.0,0.0,0.0,0.0,0.135127,0.203201,0.260857,0.0,0.0,0.056903,0.0,0.0
190,0.634153,0.00017,0.0,0.0,0.0,0.028438,0.110327,0.387611,0.189087,0.199426,0.0,0.0,0.0,0.040789,0.739773,0.287204,0.377283,0.46302,0.087772,0.0,0.0,0.0,0.434886,0.174789,0.0,0.0,0.0,0.0,0.0,0.788142,0.0,0.453793,0.0,0.0,0.773692,0.449106,0.017003,0.0,0.049358,0.0,0.263545,0.054586,0.377999,0.0,0.0,0.071661,0.04616,0.0
191,0.761562,0.008026,0.0,0.0,0.0,0.079189,0.085194,0.359588,0.096748,0.045509,0.0,0.0,0.0,0.087524,0.797325,0.391003,0.289504,0.462698,0.169666,0.0,0.0,0.206827,0.363127,0.288315,0.0,0.0,0.0,0.0,0.0,0.929876,0.019771,0.628035,0.0,0.0,0.783669,0.418849,0.062144,0.0,0.030796,0.0,0.307878,0.222986,0.213176,0.0,0.0,0.129372,0.000961,0.077103
192,0.657447,0.126854,0.0,0.0,0.0,0.055742,0.213435,0.343962,0.237043,0.021019,0.021518,0.0,0.0,0.027614,0.807004,0.247601,0.32938,0.577109,0.089435,0.0,0.0,0.0,0.665164,0.084855,0.0,0.0,0.0,0.0,0.0,0.981693,0.0,0.740481,0.0,0.0,0.794327,0.696388,0.074587,0.040231,0.0,0.0,0.404843,0.036278,0.407144,0.0,0.0,0.197866,0.027562,0.0
193,0.735184,0.113057,0.0,0.0,0.005613,0.0,0.0,0.421361,0.534779,0.195956,0.083858,0.0,0.0,0.0,0.578784,0.0,0.216183,0.527632,0.0,0.0,0.0,0.0,0.79732,0.0,0.0,0.0,0.0,0.0,0.0,0.891005,0.0,0.507747,0.0,0.0,0.83508,0.501422,0.050622,0.0,0.0,0.0,0.312609,0.0,0.423281,0.0,0.0,0.058849,0.0,0.0
194,0.705951,0.180624,0.0,0.0,0.0,0.0,0.0,0.395979,0.521183,0.121257,0.007913,0.0,0.0,0.0,0.38567,0.0,0.296722,0.537292,0.0,0.0,0.0,0.0,0.807459,0.0,0.0,0.0,0.0,0.0,0.0,0.870195,0.0,0.555999,0.0,0.0,0.719361,0.541689,0.0,0.0,0.0,0.0,0.325661,0.0,0.387228,0.0,0.0,0.104426,0.0,0.0
195,0.630573,0.075916,0.0,0.0,0.188711,0.067527,0.0,0.469124,0.753124,0.075852,0.0,0.0,0.0,0.0,0.39605,0.0,0.156486,0.545268,0.0,0.0,0.0,0.0,0.973995,0.0,0.0,0.0,0.0,0.0,0.0,0.912766,0.100488,0.296714,0.0,0.0,0.465898,0.321242,0.0,0.0,0.0,0.0,0.160663,0.0,0.447818,0.0,0.0,0.0,0.0,0.0
196,0.456909,0.170729,0.0,0.0,0.100997,0.111099,0.0,0.472691,0.853765,0.0,0.0,0.0,0.0,0.0,0.195379,0.0,0.268157,0.547984,0.0,0.0,0.0,0.0,1.050659,0.0,0.0,0.0,0.0,0.0,0.0,0.695424,0.0,0.338321,0.030669,0.276031,0.318883,0.21027,0.0,0.0,0.0,0.0,0.026118,0.011299,0.461323,0.0,0.0,0.031597,0.0716,0.0
197,0.315948,0.303204,0.0,0.0,0.0,0.0,0.0,0.437087,0.614503,0.0,0.0,0.0,0.0,0.0,0.006389,0.072325,0.374189,0.492306,0.0,0.0,0.0,0.0,1.05031,0.0,0.0,0.0,0.0,0.0,0.0,0.306716,0.0,0.720469,0.0,0.437125,0.046149,0.300559,0.0,0.0,0.0,0.0,0.333696,0.0,0.276871,0.0,0.0,0.179124,0.222447,0.0
198,0.377952,0.257552,0.0,0.0,0.0,0.0,0.0,0.397425,0.600207,0.120957,0.0,0.0,0.0,0.0,0.0,0.099996,0.418174,0.501038,0.0,0.0,0.0,0.0,0.99185,0.0,0.0,0.0,0.0,0.102167,0.0,0.0,0.0,0.619173,0.0,0.433242,0.018235,0.170715,0.0,0.0,0.172195,0.0,0.43259,0.0,0.194222,0.0,0.0,0.031678,0.372753,0.0
199,0.165111,0.220275,0.0,0.0,0.0,0.0,0.091363,0.384217,0.729187,0.085175,0.0,0.0,0.0,0.0,0.0,0.128517,0.382344,0.611795,0.0,0.0,0.039601,0.0,1.01815,0.0,0.0,0.0,0.0,0.127509,0.0,0.0,0.0,0.613815,0.0,0.473446,0.0,0.063895,0.0,0.0,0.05116,0.0,0.375274,0.0,0.224221,0.0,0.0,0.082452,0.404843,0.0
200,0.104545,0.301887,0.01994,0.0,0.038221,0.0,0.232139,0.152601,0.852756,0.377022,0.0,0.0,0.0,0.0,0.0,0.091993,0.579535,0.782896,0.0,0.0,0.124935,0.0,0.674878,0.1748,0.0,0.0,0.0,0.101781,0.0,0.0,0.0,0.685128,0.0,0.186314,0.0,0.0,0.0,0.0,0.0,0.0,0.348657,0.0,0.081697,0.0,0.137452,0.118571,0.28027,0.0
201,0.002091,0.0,0.0,0.0,0.160627,0.0,0.288394,0.130453,0.99975,0.284294,0.0,0.0,0.0,0.0,0.0,0.207335,0.414944,0.908335,0.0,0.0,0.170173,0.0,0.931504,0.064592,0.0,0.0,0.0,0.023332,0.0,0.0,0.063895,0.505829,0.0,0.469285,0.0,0.030036,0.0,0.054777,0.0,0.030324,0.555963,0.0,0.180284,0.0,0.015319,0.009023,0.23639,0.0
202,0.0,0.0,0.0,0.064238,0.300608,0.0,0.371234,0.0,1.106373,0.384076,0.0,0.016677,0.0,0.066512,0.0,0.152767,0.482983,0.99418,0.0,0.0,0.195512,0.0,0.783189,0.055254,0.0,0.0,0.0,0.0,0.0,0.0,0.052297,0.471817,0.0,0.58331,0.0,0.106723,0.0,0.047492,0.0,0.150302,0.484579,0.001461,0.185041,0.0,0.162609,0.0,0.102159,0.0
203,0.0,0.0,0.016869,0.076947,0.214532,0.0,0.269164,0.029203,1.045627,0.461126,0.0,0.0,0.0,0.0,0.0,0.146178,0.493332,0.838524,0.0,0.0,0.326836,0.146144,0.657035,0.132218,0.0,0.0,0.0,0.050007,0.0,0.0,0.0,0.504331,0.0,0.328619,0.0,0.0,0.0,0.055362,0.0,0.101362,0.481594,0.0,0.079905,0.0,0.107739,0.0,0.234505,0.0
204,0.0,0.182811,0.0,0.0,0.362983,0.0,0.245474,0.156654,1.092376,0.304584,0.0,0.000926,0.0,0.0,0.0,0.22694,0.539712,0.752511,0.0,0.0,0.240764,0.0,0.912351,0.011456,0.0,0.0,0.0,0.065171,0.0,0.0,0.0,0.702128,0.0,0.566027,0.0,0.109076,0.0,0.013887,0.0,0.076145,0.34077,0.002007,0.217859,0.0,0.0,0.044637,0.260595,0.0
205,0.0,0.206282,0.0,0.0,0.420048,0.03126,0.072831,0.172407,1.014134,0.065155,0.0,0.0,0.0,0.0,0.0,0.132131,0.503164,0.65788,0.0,0.0,0.149003,0.0,1.015694,0.0,0.0,0.0,0.0,0.142579,0.006703,0.0,0.0,0.582066,0.0,0.641902,0.0,0.124899,0.0,0.013095,0.0,0.029706,0.254022,0.0,0.442239,0.0,0.0,0.0,0.396901,0.0
206,0.0,0.132692,0.006901,0.0,0.471351,0.0,0.020248,0.115683,0.947977,0.199207,0.129914,0.0,0.0,0.0,0.0,0.010802,0.428341,0.721754,0.0,0.0,0.173172,0.0,0.632557,0.0,0.0,0.0,0.0,0.097911,0.020616,0.0,0.104334,0.296779,0.0,0.463519,0.0,0.0,0.0,0.0,0.0,0.0,0.205602,0.015495,0.587393,0.0,0.0,0.0,0.246421,0.0
207,0.012094,0.161194,0.045056,0.0,0.423022,0.0,0.205308,0.0,0.804356,0.201917,0.007968,0.0,0.0,0.0,0.016673,0.016395,0.521895,0.625594,0.0,0.0,0.228139,0.0,0.923764,0.0,0.0,0.0,0.0,0.0,0.0,0.0,0.0,0.637112,0.0,0.525838,0.0,0.508758,0.0,0.0,0.0,0.031446,0.414444,0.0,0.443209,0.0,0.0,0.0,0.151113,0.0
208,0.0,0.176848,0.112254,0.0,0.33855,0.0,0.584371,0.0,0.801032,0.153621,0.000598,0.0,0.0,0.0,0.210877,0.03814,0.478771,0.816957,0.0,0.0,0.265043,0.0,0.998862,0.0,0.0,0.0,0.0,0.0,0.0,0.149575,0.001921,0.815336,0.098796,0.490164,0.0,0.684823,0.0,0.087392,0.0,0.0,0.628264,0.135773,0.338528,0.0,0.0,0.0,0.0,0.0
209,0.090228,0.131384,0.255904,0.059191,0.43625,0.0,0.53832,0.0,0.731647,0.275903,0.0,0.0,0.0,0.255456,0.066023,0.095259,0.566758,0.948761,0.09383,0.0,0.394876,0.211609,0.340933,0.0,0.0,0.0,0.0,0.0,0.0,0.0,0.03936,0.698256,0.049497,0.253985,0.044689,0.285202,0.0,0.265349,0.0,0.0,0.656909,0.333224,0.380317,0.0,0.024713,0.043827,0.0,0.0
210,0.113942,0.071036,0.462525,0.112085,0.44431,0.0,0.629227,0.0,0.848571,0.472887,0.012328,0.0,0.0,0.42435,0.106302,0.189194,0.653055,1.060546,0.170233,0.0,0.338577,0.417665,0.055191,0.0,0.0,0.0,0.0,0.0,0.0,0.0,0.10168,0.659279,0.079487,0.224872,0.231655,0.257029,0.0,0.320327,0.0,0.0,0.931465,0.374415,0.37746,0.0,0.029816,0.106962,0.0,0.0
211,0.279652,0.107239,0.357876,0.077115,0.403074,0.0,0.814548,0.0,0.944566,0.537753,0.0,0.0,0.0,0.510858,0.068282,0.16856,0.845272,1.093009,0.271782,0.0,0.578898,0.167589,0.195839,0.0,0.0,0.0,0.0,0.0,0.0,0.0,0.083975,0.653266,0.221572,0.385722,0.151759,0.650436,0.0,0.21545,0.0,0.0,0.940773,0.336339,0.458459,0.0,0.233373,0.157238,0.0,0.0
212,0.261272,0.151192,0.490882,0.055349,0.221433,0.0,0.875355,0.0,1.005268,0.672429,0.0,0.0,0.0,0.343849,0.105531,0.261225,0.766472,1.042327,0.250806,0.0,0.590032,0.174041,0.335625,0.0,0.0,0.0,0.0,0.0,0.0,0.0,0.12952,0.694837,0.282051,0.38557,0.170604,0.623264,0.0,0.281725,0.0,0.0,1.050531,0.348175,0.334879,0.0,0.077421,0.059774,0.0,0.0
213,0.237948,0.096196,0.387286,0.086909,0.279927,0.0,0.832536,0.0,0.873487,0.450595,0.0,0.0,0.0,0.326557,0.097617,0.283792,0.667838,0.972988,0.197977,0.0,0.52837,0.177753,0.297779,0.0,0.0,0.0,0.0,0.0,0.0,0.0,0.09204,0.724535,0.0,0.40511,0.068734,0.487309,0.0,0.249001,0.0,0.0,0.995716,0.295536,0.366276,0.0,0.077715,0.0,0.0,0.0
214,0.198571,0.130677,0.353412,0.110835,0.198865,0.0,0.970574,0.0,0.803536,0.35243,0.0,0.0,0.0,0.212565,0.08795,0.214338,0.461673,1.037983,0.0,0.0,0.483043,0.010315,0.697998,0.0,0.0,0.0,0.0,0.0,0.0,0.162396,0.206437,0.845957,0.011837,0.289087,0.183882,0.476776,0.0,0.524826,0.0,0.0,1.03559,0.302612,0.376528,0.0,0.0,0.058356,0.0,0.0
215,0.184594,0.213006,0.290993,0.0,0.261289,0.0,0.62256,0.0,0.790007,0.355946,0.0,0.0,0.0,0.105065,0.0,0.264613,0.673226,0.823027,0.073392,0.0,0.431637,0.0,0.41423,0.0,0.0,0.0,0.0,0.011897,0.0,0.0,0.033198,0.66645,0.0,0.263064,0.00341,0.485338,0.0,0.115965,0.0,0.0,0.81011,0.136336,0.377477,0.0,0.120216,0.0,0.0,0.0
216,0.0,0.014351,0.230447,0.0,0.178209,0.0,0.483725,0.0,0.520979,0.209944,0.0,0.0,0.0,0.0,0.103372,0.186039,0.43884,0.731346,0.0,0.0,0.153368,0.118738,0.518032,0.0,0.0,0.0,0.0,0.0,0.0,0.0,0.035975,0.758985,0.0,0.290648,0.0,0.32082,0.0,0.102948,0.0,0.0,0.826352,0.181024,0.297453,0.0,0.0,0.0,0.0,0.0
217,0.0,0.231877,0.215596,0.018219,0.372948,0.0,0.289861,0.0,0.535298,0.0,0.0,0.0,0.0,0.019219,0.0,0.123834,0.55659,0.680454,0.0,0.0,0.21334,0.063998,0.359254,0.0,0.0,0.0,0.0,0.0,0.0,0.0,0.0,0.693519,0.0,0.150565,0.0,0.236822,0.0,0.0,0.0,0.0,0.448675,0.22498,0.299574,0.0,0.00522,0.041133,0.0,0.0
218,0.016085,0.058707,0.01878,0.0,0.136957,0.0,0.047805,0.0,0.36687,0.071687,0.0,0.0,0.0,0.0,0.0,0.0,0.435617,0.600961,0.0,0.0,0.073182,0.051009,0.342542,0.0,0.0,0.0,0.0,0.0,0.0,0.0,0.0,0.335884,0.0,0.417131,0.0,0.027219,0.0,0.080054,0.0,0.0,0.426979,0.121177,0.372492,0.0,0.0,0.0,0.0,0.0
219,0.0,0.284189,0.06879,0.0,0.021235,0.0,0.0,0.0,0.333577,0.047919,0.024506,0.0,0.0,0.0,0.0,0.0,0.338935,0.488097,0.078392,0.0,0.081998,0.108949,0.300142,0.0,0.0,0.0,0.0,0.0,0.0,0.0,0.0,0.294021,0.0,0.38202,0.0,0.029153,0.0,0.197326,0.0,0.0,0.319675,0.107502,0.244664,0.0,0.0,0.05359,0.052874,0.0
220,0.0,0.053022,0.0,0.0,0.142,0.0,0.0,0.0,0.342771,0.125012,0.185975,0.0,0.0,0.165558,0.0,0.0,0.485992,0.479943,0.018065,0.0,0.0,0.0,0.319584,0.0,0.0,0.0,0.0,0.0,0.120474,0.0,0.0,0.115239,0.108207,0.56864,0.0,0.268192,0.0,0.0,0.0,0.029672,0.253915,0.266502,0.22657,0.0,0.0,0.0,0.116305,0.0
221,0.019884,0.0,0.0,0.0,0.113353,0.0,0.0,0.0,0.167005,0.014989,0.154139,0.0,0.0,0.374238,0.0,0.0,0.458973,0.417496,0.135368,0.0,0.0,0.089192,0.17201,0.0,0.0,0.0,0.0,0.0,0.095513,0.0,0.0,0.033198,0.044888,0.603438,0.0,0.310024,0.0,0.0,0.0,0.08794,0.271368,0.334771,0.140284,0.0,0.003269,0.0,0.19919,0.0
222,0.0,0.0,0.0,0.0,0.142174,0.0,0.0,0.0,0.043519,0.15693,0.086093,0.013266,0.0,0.465522,0.129059,0.157993,0.271228,0.509743,0.129053,0.0,0.0,0.475757,0.0,0.189952,0.0,0.0,0.0,0.0,0.0,0.0,0.0,0.0,0.028935,0.520527,0.0,0.213584,0.0,0.096845,0.0,0.018268,0.475928,0.461876,0.025148,0.0,0.0,0.0,0.0,0.0
223,0.0,0.0,0.0,0.0,0.112709,0.0,0.0,0.0,0.064802,0.190582,0.166494,0.05276,0.0,0.648044,0.216421,0.318715,0.144498,0.610337,0.064961,0.0,0.0,0.53109,0.0,0.252237,0.0,0.014768,0.0,0.0,0.0,0.0,0.0,0.0,0.0,0.4404,0.0,0.259876,0.0,0.066824,0.0,0.0,0.578175,0.534489,0.0,0.0,0.0,0.0,0.00488,0.0
224,0.0,0.051908,0.0,0.0,0.0,0.0,0.017844,0.0,0.0,0.216189,0.0,0.0,0.0,0.357024,0.37065,0.488161,0.333867,0.539781,0.424171,0.0,0.0,0.706493,0.0,0.477043,0.0,0.0,0.0,0.0,0.0,0.011526,0.0,0.233016,0.0,0.57492,0.278751,0.337468,0.0,0.327886,0.0,0.0,0.673623,0.541624,0.0,0.0,0.0,0.163673,0.0,0.0
225,0.0,0.141918,0.0,0.0,0.0,0.0,0.0,0.0,0.0,0.133416,0.060639,0.0,0.0,0.321348,0.067927,0.302869,0.477819,0.57693,0.395876,0.0,0.0,0.382687,0.0,0.217492,0.0,0.0,0.0,0.0,0.0,0.124493,0.0,0.265334,0.0,0.48168,0.058494,0.320167,0.0,0.090106,0.0,0.0,0.65598,0.467908,0.0,0.0,0.0,0.089312,0.0,0.0
226,0.08492,0.254345,0.0,0.0,0.0,0.0,0.0,0.0,0.0,0.068043,0.0,0.0,0.0,0.228815,0.0,0.067558,0.484329,0.530309,0.313638,0.0,0.0,0.057914,0.29356,0.016168,0.0,0.006343,0.0,0.0,0.190994,0.19875,0.0,0.200058,0.047733,0.353671,0.121992,0.521926,0.0,0.0,0.0,0.0,0.662992,0.408482,0.0,0.0,0.0,0.004182,0.0,0.0
227,0.251704,0.53406,0.0,0.0,0.0,0.0,0.0,0.0,0.008511,0.125211,0.0,0.0,0.0,0.135554,0.0,0.006649,0.571161,0.604387,0.311517,0.0,0.0,0.0,0.456939,0.046097,0.0,0.0,0.0,0.040813,0.423004,0.230033,0.0,0.124874,0.148007,0.566785,0.237957,0.299509,0.0,0.0,0.0,0.0,0.464714,0.165031,0.053005,0.0,0.0,0.052241,0.0,0.0
228,0.307353,0.217901,0.0,0.0,0.0,0.0,0.0,0.0,0.110347,0.119734,0.0,0.0,0.0,0.103627,0.0,0.0,0.650691,0.488983,0.054718,0.0,0.0,0.0,0.585434,0.0,0.0,0.0,0.0,0.0,0.502219,0.171166,0.0,0.0,0.14216,0.615886,0.201406,0.362885,0.0,0.0,0.0,0.0,0.49547,0.057933,0.077887,0.0,0.0,0.0,0.0,0.0
229,0.337256,0.492255,0.0,0.0,0.0,0.0,0.0,0.0,0.042507,0.15814,0.0,0.0,0.0,0.074744,0.0,0.0,0.371977,0.542834,0.224521,0.0,0.0,0.0,0.577383,0.208602,0.0,0.170298,0.0,0.0,0.463746,0.008807,0.186726,0.0,0.17816,0.514604,0.363686,0.156543,0.0,0.0,0.0,0.0,0.46364,0.1468,0.021995,0.0,0.0,0.0,0.028214,0.0
230,0.275219,0.275039,0.0,0.0,0.0,0.0,0.042392,0.0,0.02325,0.041368,0.0,0.168855,0.0,0.0,0.0,0.039955,0.416476,0.575966,0.440064,0.0,0.0,0.000892,0.422815,0.454517,0.0,0.098276,0.0,0.005023,0.380266,0.0,0.162523,0.104326,0.092553,0.594192,0.255856,0.0,0.0,0.000158,0.0,0.0,0.566661,0.041021,0.0,0.0,0.0,0.0,0.0,0.0
231,0.339792,0.310234,0.0,0.0,0.0,0.0,0.049206,0.103747,0.10333,0.05214,0.0,0.21367,0.0,0.068017,0.0,0.065189,0.392703,0.765993,0.401803,0.0,0.0,0.0,0.574898,0.43827,0.0,0.196199,0.0,0.003222,0.413747,0.0,0.0,0.063988,0.246654,0.600511,0.264903,0.0,0.0,0.0,0.0,0.0,0.461712,0.0,0.0,0.0,0.05169,0.0,0.104098,0.068717
232,0.590591,0.0,0.0,0.0,0.0,0.0,0.190643,0.504241,0.342524,0.111532,0.0,0.203899,0.0,0.0,0.0,0.004034,0.401086,0.791227,0.080629,0.0,0.0,0.0,0.969161,0.24749,0.0,0.118333,0.0,0.0,0.358246,0.0,0.0,0.102913,0.367554,0.719485,0.318406,0.09105,0.0,0.0,0.0,0.0,0.430782,0.0,0.026971,0.0,0.0,0.0,0.107177,0.028762
233,0.661098,0.0,0.0,0.0,0.0,0.0,0.0,0.889358,0.409444,0.143434,0.0,0.316651,0.0,0.0,0.0,0.027292,0.140986,0.845357,0.087264,0.0,0.0,0.0,1.023081,0.286582,0.0,0.228258,0.0,0.0,0.234115,0.0,0.0,0.207488,0.452951,0.675359,0.300802,0.0,0.003453,0.0,0.0,0.0,0.377663,0.003561,0.0,0.0,0.046606,0.0,0.211321,0.188027
234,0.887245,0.0,0.0,0.0,0.0,0.33087,0.0,1.39555,0.529725,0.054497,0.0,0.143413,0.0,0.0,0.269783,0.08456,0.005202,0.803263,0.0,0.0,0.0,0.0,1.418609,0.230517,0.0,0.0,0.0,0.0,0.24005,0.095561,0.0,0.479587,0.231032,0.721154,0.267531,0.0,0.0,0.0,0.0,0.0,0.251569,0.0,0.0,0.0,0.030332,0.0,0.456477,0.301184
235,0.769479,0.0,0.0,0.0,0.0,0.68657,0.0,1.647179,0.578549,0.109325,0.0,0.086073,0.0,0.0,0.60102,0.102507,0.020374,0.843847,0.0,0.0,0.0,0.0,1.578329,0.174089,0.0,0.0,0.0,0.0,0.16309,0.174464,0.0,0.73474,0.202296,0.987617,0.375088,0.0,0.0,0.0,0.0,0.0,0.236515,0.0,0.0,0.0,0.0,0.0,0.64272,0.301315
236,0.664987,0.0,0.0,0.0,0.0,0.543034,0.0,1.762351,0.621274,0.21511,0.0,0.289298,0.0,0.0,0.494153,0.097899,0.052171,0.782499,0.0,0.0,0.0,0.0,1.54412,0.108856,0.0,0.0,0.08188,0.0,0.020703,0.23088,0.0,0.923063,0.291752,1.106904,0.241755,0.0,0.0,0.0,0.0,0.0,0.231762,0.0,0.0,0.0,0.0,0.192858,0.541834,0.012498
237,0.505619,0.0,0.0,0.0,0.0,0.610724,0.0,1.862015,0.633718,0.0,0.0,0.196153,0.0,0.0,0.545328,0.042309,0.01886,0.682263,0.0,0.0,0.0,0.0,1.587152,0.03072,0.0,0.0,0.11496,0.0,0.007447,0.401459,0.0,0.99636,0.292119,1.193772,0.051325,0.0,0.0,0.0,0.0,0.0,0.24715,0.0,0.0,0.0,0.0,0.31816,0.632527,0.0
238,0.249619,0.0,0.0,0.0,0.0,0.546772,0.0,1.689488,0.834654,0.118838,0.0,0.0,0.0,0.0,0.580257,0.0,0.0,0.798043,0.0,0.0,0.0,0.0,1.565729,0.0,0.0,0.0,0.0,0.0,0.176619,0.422394,0.0,0.638991,0.620759,0.946691,0.059054,0.0,0.0,0.0,0.0,0.0,0.038916,0.0,0.0,0.0,0.0,0.314082,0.527277,0.0
239,0.027736,0.0,0.0,0.0,1.5e-05,0.247783,0.0,1.613387,0.849975,0.413704,0.0,0.007546,0.0,0.0,0.314348,0.0,0.0,0.84925,0.0,0.0,0.0,0.010341,1.096815,0.0,0.0,0.0,0.082494,0.0,0.148314,0.166662,0.0,0.282225,0.840527,0.693634,0.0,0.0,0.0,0.0,0.0,0.0,0.135765,0.039851,0.0,0.0,0.0,0.328046,0.384958,0.0
240,0.023363,0.0,0.0,0.0,0.175974,0.272625,0.0,1.554993,0.924792,0.423424,0.162759,0.0,0.0,0.082269,0.165676,0.0,0.0,0.83311,0.0,0.0,0.0,0.099023,1.228623,0.0,0.0,0.0,0.131805,0.0,0.372393,0.407444,0.0,0.011996,0.920259,0.735905,0.0,0.057911,0.0,0.0,0.0,0.0,0.048457,0.103207,0.061643,0.0,0.0,0.345233,0.431608,0.0
241,0.135888,0.0,0.0,0.0,0.156477,0.146736,0.0,1.426428,0.731187,0.227497,0.257875,0.0,0.0,0.035732,0.373041,0.0,0.0,0.833169,0.0,0.0,0.0,0.287089,1.1075,0.0,0.0,0.0,0.148624,0.0,0.44368,0.645012,0.0,0.028021,0.802155,0.516336,0.0,0.334329,0.0,0.0,0.0,0.0,0.121514,0.281299,0.0,0.0,0.0,0.414915,0.437389,0.0
242,0.205836,0.0,0.0,0.0,0.027401,0.0,0.0,1.080828,0.754737,0.148223,0.426837,0.0,0.0,0.0,0.419987,0.0,0.0,0.775582,0.0,0.0,0.0,0.179048,1.143129,0.0,0.0,0.0,0.009901,0.0,0.405294,0.872627,0.0,0.201743,0.773569,0.297291,0.424689,0.533914,0.0,0.0,0.0,0.0,0.057886,0.325761,0.0,0.0,0.0,0.556468,0.312715,0.0
243,0.258277,0.0,0.0,0.0,0.079069,0.001842,0.0,0.939254,0.369969,0.168459,0.233646,0.0,0.0,0.0,0.760562,0.0,0.0,0.672114,0.0,0.0,0.0,0.495474,0.844715,0.0,0.0,0.0,0.018537,0.0,0.072622,1.032123,0.0,0.252806,0.465051,0.0,0.479233,0.852767,0.0,0.0,0.0,0.0,0.274149,0.326399,0.0,0.0,0.0,0.507531,0.152025,0.0
244,0.262379,0.0,0.0,0.0,0.066435,0.264963,0.0,0.788273,0.209395,0.345558,0.079113,0.0,0.0,0.0,1.040839,0.0,0.0,0.708332,0.13734,0.0,0.0,0.625613,0.503083,0.0,0.0,0.0,0.0,0.0,0.0,1.124551,0.0,0.332561,0.33937,0.0,0.593078,0.680082,0.0,0.0,0.0,0.0,0.286549,0.379346,0.343958,0.0,0.0,0.456098,0.12096,0.0
245,0.372023,0.0,0.0,0.0,0.06215,0.083522,0.0,0.62543,0.329923,0.370047,0.18912,0.0,0.0,0.0,0.788839,0.0,0.0,0.64534,0.104002,0.0,0.0,0.657678,0.375839,0.0,0.0,0.0,0.0,0.0,0.0,0.968391,0.0,0.15626,0.316277,0.0,0.617326,0.428076,0.0,0.0,0.0,0.0,0.187009,0.405854,0.32361,0.0,0.0,0.439094,0.0,0.0
246,0.130989,0.0,0.0,0.0,0.0,0.0,0.177279,0.425575,0.259638,0.199307,0.24889,0.0,0.0,0.0,0.729733,0.0,0.0,0.625161,0.137735,0.0,0.0,0.268313,0.514183,0.0,0.0,0.0,0.0,0.0,0.0,0.82259,0.0,0.422699,0.325013,0.0,0.667049,0.803343,0.0,0.036608,0.0,0.0,0.235731,0.263257,0.352962,0.0,0.0,0.481125,0.0,0.0
247,0.041441,0.0,0.0,0.0,0.0,0.0,0.153934,0.568946,0.453843,0.467177,0.383567,0.0,0.0,0.0,0.67791,0.0,0.0,0.561603,0.141097,0.0,0.230003,0.105082,0.508264,0.0,0.0,0.0,0.0,0.0,0.0,0.626526,0.0,0.212821,0.486759,0.026983,0.497454,0.78377,0.0,0.0,0.0,0.0,0.152509,0.346257,0.418073,0.0,0.0,0.351908,0.0,0.0
248,0.033119,0.0,0.0,0.0,0.143496,0.385046,0.0,0.828422,0.448489,0.545525,0.39051,0.0,0.0,0.0,0.794554,0.0,0.0,0.560015,0.0,0.0,0.114841,0.206803,0.472834,0.0,0.0,0.0,0.0,0.0,0.0,0.449332,0.0,0.0,0.380113,0.061775,0.465834,0.566583,0.0,0.0,0.0,0.013276,0.104292,0.302819,0.633388,0.0,0.0,0.313592,0.029322,0.0
249,0.043565,0.0,0.0,0.0,0.183957,0.654269,0.0,0.983021,0.420604,0.41566,0.247335,0.0,0.0,0.0,1.06301,0.0,0.0,0.588875,0.0,0.0,0.0,0.411391,0.402438,0.0,0.159297,0.0,0.0,0.0,0.0,0.538185,0.0,0.0,0.229148,0.265648,0.472144,0.277562,0.0,0.0,0.0,0.036451,0.0,0.287863,0.677953,0.0,0.0,0.16906,0.160495,0.0
250,0.06443,0.0,0.0,0.0,0.236516,0.581756,0.0,1.048152,0.429812,0.377285,0.43826,0.0,0.0,0.0,0.993063,0.0,0.0,0.629,0.041025,0.0,0.0,0.385687,0.575322,0.0,0.031864,0.0,0.0,0.0,0.0,0.684552,0.0,0.0,0.414518,0.411224,0.541088,0.514974,0.0,0.0,0.0,0.043933,0.0,0.30021,0.588049,0.0,0.0,0.264406,0.281549,0.0
251,0.054727,0.0,0.0,0.0,0.238573,0.844376,0.0,1.153769,0.482544,0.312344,0.36227,0.0,0.0,0.0,1.259048,0.0,0.0,0.767824,0.0,0.0,0.0,0.368915,0.731924,0.0,0.015716,0.0,0.0,0.0,0.026899,0.881408,0.0,0.0,0.422869,0.606428,0.635393,0.554991,0.0,0.0,0.0,0.026931,0.0,0.213114,0.734254,0.0,0.0,0.185091,0.445451,0.0
252,0.0,0.0,0.0,0.0,0.199907,0.665334,0.0,1.028664,0.290632,0.474881,0.395176,0.0,0.0,0.0,1.219324,0.0,0.0,0.80445,0.090537,0.0,0.0,0.673756,0.490692,0.0,0.0,0.0,0.0,0.0,0.0,0.690651,0.0,0.0,0.489675,0.331688,0.466465,0.571072,0.0,0.0,0.0,0.08069,0.0,0.353292,0.595451,0.0,0.0,0.315495,0.254614,0.0
253,0.0,0.0,0.0,0.0,0.300417,0.350129,0.0,0.964296,0.297838,0.503554,0.571356,0.0,0.0,0.0,0.931808,0.0,0.0,0.729949,0.182951,0.0,0.08995,0.599914,0.429824,0.0,0.0,0.0,0.07344,0.0,0.093407,0.463677,0.0,0.0,0.714242,0.396385,0.337562,0.724349,0.0,0.0,0.0,0.023855,0.0,0.531346,0.490593,0.0,0.0,0.341795,0.316043,0.0
254,0.0,0.0,0.0,0.0,0.303017,0.142617,0.0,0.609469,0.305877,0.488965,0.466812,0.0,0.0,0.0,0.735152,0.0,0.0,0.702182,0.27523,0.0,0.098533,0.578317,0.52157,0.0,0.0,0.0,0.021378,0.0,0.0,0.232369,0.0,0.0,0.734542,0.291862,0.58456,0.898405,0.0,0.0,0.0,0.06345,0.142629,0.544219,0.415338,0.0,0.0,0.260891,0.290603,0.0
255,0.0,0.0,0.0,0.0,0.27374,0.0,0.013076,0.535105,0.437718,0.660712,0.415027,0.0,0.0,0.289158,0.532042,0.0,0.029503,0.752602,0.317427,0.0,0.125524,0.586547,0.362449,0.0,0.0,0.0,0.011055,0.0,0.149983,0.049136,0.001348,0.0,0.89173,0.720828,0.425341,0.634108,0.0,0.161402,0.0,0.054143,0.255852,0.592114,0.573114,0.0,0.0,0.296768,0.364347,0.0
256,0.0,0.0,0.0,0.0,0.167382,0.0,0.0,0.302597,0.189307,0.843427,0.288424,0.092179,0.0,0.598153,0.589112,0.0,0.009915,0.631021,0.365468,0.0,0.0,0.954413,0.0,0.0,0.0,0.0,0.140184,0.0,0.02273,0.0,0.11316,0.0,0.757176,0.943051,0.203526,0.427828,0.0,0.043413,0.0,0.005908,0.484845,0.584422,0.444911,0.0,0.0,0.136653,0.181905,0.0
257,0.0,0.0,0.0,0.0,0.0,0.0,0.0,0.0,0.165058,0.533747,0.235233,0.0,0.0,0.607036,0.271365,0.0,0.331719,0.592449,0.604616,0.0,0.166259,0.847962,0.0,0.0,0.0,0.0,0.006476,0.0,0.070656,0.0,0.0,0.0,0.656247,1.049137,0.010692,0.530527,0.0,0.046296,0.0,0.061423,0.53691,0.624995,0.097892,0.0,0.0,0.087349,0.390392,0.0
258,0.0,0.0,0.0,0.0,0.0,0.0,0.0,0.0,0.180945,0.379375,0.251022,0.0,0.0,0.778913,0.170242,0.046598,0.399343,0.632095,0.602326,0.0,0.120985,0.704838,0.094089,0.128477,0.0,0.0,0.099575,0.0,0.213523,0.0,0.078012,0.0,0.727457,1.153269,0.0,0.629926,0.0,0.0,0.0,0.0,0.576592,0.647227,0.0,0.0,0.0,0.139203,0.486386,0.0
259,0.0,0.0,0.0,0.0,0.0,0.0,0.0,0.0,0.19934,0.49009,0.055946,0.122949,0.0,0.796116,0.122852,0.22781,0.276362,0.73561,0.875589,0.0,0.083973,0.835036,0.048342,0.446558,0.0,0.0,0.043794,0.090671,0.254163,0.0,0.32081,0.0,0.6037,1.032855,0.0,0.246884,0.0,0.127417,0.0,0.0,0.726398,0.68134,0.0,0.0,0.0,0.283246,0.082595,0.0
260,0.0,0.0,0.0,0.0,0.0,0.0,0.0,0.0,0.259239,0.344358,0.195462,0.23684,0.0,0.834914,0.049867,0.043542,0.406006,0.670149,0.803232,0.0,0.077965,0.821444,0.034715,0.44872,0.0,0.0,0.068273,0.012749,0.242197,0.0,0.237839,0.0,0.480932,1.042023,0.0,0.163798,0.0,0.0,0.0,0.0,0.845858,0.487322,0.0,0.0,0.0,0.270378,0.011666,0.0
261,0.0,0.00881,0.0,0.0,0.0,0.0,0.022611,0.014676,0.349877,0.280849,0.0111,0.332124,0.0,0.557867,0.002547,0.20596,0.492283,0.758497,0.884438,0.0,0.0,0.384293,0.442008,0.523224,0.0,0.0,0.0,0.285005,0.402789,0.0,0.422973,0.031234,0.625034,1.157654,0.047684,0.310829,0.0,0.0,0.0,0.0,0.693406,0.646928,0.0,0.0,0.0,0.247788,0.148511,0.0
262,0.0,0.0,0.040106,0.0,0.0,0.0,0.019831,0.0,0.410515,0.323255,0.093275,0.272445,0.0,0.485823,0.0,0.064827,0.526709,0.817111,0.783834,0.0,0.0,0.368267,0.591597,0.463793,0.0,0.0,0.0,0.218457,0.421446,0.0,0.357142,0.0,0.695284,1.005869,0.035892,0.37181,0.027303,0.0,0.0,0.0,0.681979,0.464971,0.0,0.0,0.06974,0.207344,0.299787,0.0
263,0.0,0.0,0.0,0.0,0.0,0.0,0.142393,0.152115,0.462246,0.237521,0.0,0.503677,0.0,0.430704,0.0,0.071605,0.486904,0.781082,0.858835,0.0,0.153257,0.265074,0.674142,0.454057,0.0,0.0,0.0,0.466223,0.503286,0.0,0.39062,0.067059,0.457421,1.146965,0.0,0.0,0.0,0.0,0.0,0.0,0.710031,0.462787,0.0,0.0,0.044207,0.212051,0.150463,0.0
264,0.0,0.0,0.0,0.0,0.0,0.0,0.163424,0.222348,0.560242,0.170508,0.0,0.545396,0.0,0.326143,0.0,0.0,0.467838,0.730191,0.671598,0.0,0.204388,0.154502,0.792677,0.334214,0.0,0.0,0.0,0.485948,0.516996,0.0,0.360008,0.043006,0.461596,1.15432,0.0,0.0,0.0,0.0,0.0,0.0,0.637615,0.342076,0.0,0.0,0.07268,0.198079,0.173743,0.0
265,0.055004,0.111905,0.021634,0.0,0.0,0.0,0.202951,0.189725,0.675948,0.266899,0.0,0.314691,0.0,0.202858,0.0,0.0,0.512671,0.848944,0.519268,0.0,0.070275,0.165988,0.860705,0.288562,0.0,0.0,0.0,0.530476,0.509429,0.0,0.422131,0.0,0.571662,0.96427,0.210464,0.0,0.0,0.0,0.0,0.0,0.586236,0.260942,0.0,0.0,0.122442,0.120257,0.343223,0.0
266,0.058899,0.082572,0.0,0.0,0.0,0.0,0.270809,0.121356,0.902624,0.249119,0.0,0.23546,0.0,0.166415,0.0,0.0,0.539324,0.812227,0.294297,0.0,0.262867,0.01983,0.981446,0.0335,0.0,0.0,0.0,0.578661,0.528089,0.0,0.314879,0.0,0.473419,1.077711,0.222745,0.0,0.0,0.0,0.0,0.0,0.528411,0.101065,0.09769,0.0,0.19101,0.222981,0.196869,0.0
267,0.173141,0.141193,0.0,0.0,0.0,0.0,0.33091,0.017983,1.018029,0.316241,0.0,0.042141,0.0,0.0,0.0,0.0,0.581157,0.646813,0.22579,0.0,0.498706,0.072512,1.184981,0.0,0.0,0.0,0.0,0.35735,0.278647,0.0,0.306867,0.255094,0.294859,0.838439,0.0,0.0,0.0,0.0,0.0,0.0,0.77295,0.0,0.0,0.0,0.11062,0.151239,0.050866,0.0
268,0.331828,0.337246,0.0,0.0,0.0,0.0,0.614224,0.0,1.313261,0.518674,0.0,0.0,0.0,0.0,0.0,0.0,0.699558,0.636033,0.129458,0.0,0.375156,0.102308,1.465058,0.0,0.0,0.0,0.0,0.195713,0.0,0.0,0.390734,0.526092,0.317608,0.746498,0.157597,0.536676,0.0,0.0,0.097143,0.0,0.973673,0.061517,0.004225,0.0,0.133734,0.0,0.283167,0.0
269,0.293472,0.32172,0.0,0.0,0.0,0.0,0.67479,0.0,1.164532,0.618234,0.0,0.0,0.0,0.0,0.0,0.0,0.592656,0.636912,0.029376,0.0,0.378563,0.054431,1.354768,0.0,0.0,0.0,0.0,0.251039,0.004572,0.0,0.651819,0.398972,0.350131,0.859272,0.465183,0.472851,0.0,0.0,0.211988,0.0,0.945993,0.304628,0.13838,0.0,0.044226,0.0,0.272577,0.0
270,0.388374,0.564086,0.006822,0.0,0.0,0.0,0.637012,0.0,0.933963,0.637848,0.0,0.0,0.0,0.0,0.0,0.0,0.809726,0.716697,0.319588,0.0,0.305873,0.255495,0.897487,0.0,0.0,0.0,0.0,0.36277,0.0,0.0,0.42739,0.410261,0.400413,0.550088,0.577775,0.230529,0.0,0.0,0.098673,0.0,0.892551,0.389608,0.108372,0.0,0.23306,0.101736,0.094342,0.0
271,0.222162,0.446834,0.0,0.0,0.0,0.0,0.446031,0.0,0.559785,0.579591,0.0,0.0,0.0,0.240424,0.0,0.0,0.894909,0.6677,0.484868,0.0,0.165783,0.589947,0.349567,0.078855,0.0,0.0,0.0,0.25222,0.0,0.0,0.364468,0.208904,0.151476,0.553267,0.486428,0.001692,0.0,0.0,0.036727,0.0,0.966997,0.434197,0.051735,0.0,0.036956,0.015656,0.0,0.0
272,0.133604,0.091888,0.0,0.0,0.0,0.0,0.317596,0.0,0.326404,0.275942,0.0,0.0,0.0,0.380381,0.007252,0.0,0.626954,0.50672,0.436658,0.0,0.130769,0.729576,0.127307,0.183976,0.0,0.0,0.0,0.0,0.0,0.0,0.440539,0.0,0.184273,0.557733,0.499417,0.349127,0.0,0.0,0.0,0.0,0.989979,0.55795,0.0,0.0,0.0,0.0,0.0,0.0
273,0.24853,0.124568,0.010174,0.0,0.0,0.0,0.367985,0.0,0.208676,0.280093,0.0,0.043339,0.0,0.259228,0.0,0.02431,0.660629,0.494435,0.557369,0.0,0.028241,0.527424,0.518834,0.267786,0.0,0.0,0.0,0.021275,0.16568,0.0,0.480212,0.0,0.213671,0.729778,0.477793,0.59371,0.0,0.0,0.039845,0.0,0.9695,0.598448,0.0,0.0,0.0,0.0,0.0,0.0
274,0.316063,0.087465,0.062638,0.0,0.0,0.0,0.374051,0.0,0.0,0.263925,0.0,0.32717,0.0,0.308212,0.0,0.122929,0.797388,0.621788,0.982063,0.0,0.0,0.464044,0.313416,0.528248,0.0,0.0,0.0,0.147836,0.276536,0.0,0.523446,0.0,0.179766,0.929159,0.420267,0.405573,0.015231,0.0,0.054262,0.0,0.990157,0.484851,0.0,0.0,0.0,0.0,0.016629,0.0
275,0.339448,0.14876,0.118388,0.0,0.0,0.0,0.463393,0.0,0.0,0.228847,0.0,0.586299,0.0,0.471227,0.0,0.471583,0.674688,0.83717,1.267077,0.0,0.0,0.496115,0.105026,0.908008,0.0,0.132255,0.0,0.165182,0.369071,0.0,0.617023,0.0,0.199372,0.954519,0.4706,0.184837,0.032756,0.123213,0.0,0.0,0.935194,0.713173,0.0,0.0,0.011256,0.0,0.0,0.0
276,0.364754,0.0,0.08336,0.0,0.0,0.0,0.457185,0.0,0.0,0.006219,0.0,0.865516,0.0,0.512965,0.0,0.415359,0.801973,0.825301,1.302542,0.0,0.027258,0.232953,0.192101,0.911453,0.0,0.147163,0.0,0.071786,0.51245,0.0,0.376618,0.0,0.131254,1.121303,0.091772,0.176448,0.50037,0.0,0.0,0.0,0.904255,0.529319,0.0,0.0,0.141495,0.0,0.0,0.0
277,0.401227,0.0,0.214387,0.0,0.0,0.0,0.505826,0.0,0.10584,0.112043,0.0,0.840321,0.0,0.633308,0.0,0.492204,0.902529,1.026701,1.423145,0.0,0.0,0.390575,0.0,1.121206,0.0,0.423109,0.0,0.0,0.582541,0.0,0.45301,0.0,0.17954,1.067534,0.174419,0.110574,0.543559,0.042324,0.0,0.0,0.947892,0.514132,0.0,0.0,0.158682,0.0,0.0,0.0
278,0.279124,0.0,0.0985,0.0,0.0,0.0,0.47423,0.0,0.061112,0.0,0.0,0.931143,0.0,0.746516,0.0,0.552247,0.775929,1.023572,1.329949,0.075484,0.0,0.326836,0.0,1.157694,0.0,0.411578,0.0,0.0,0.487319,0.0,0.526606,0.0,0.094357,1.052637,0.135394,0.0,0.43293,0.194937,0.0,0.0,1.074567,0.545118,0.0,0.0,0.000472,0.0,0.0,0.0
279,0.407668,0.0,0.118829,0.0,0.0,0.0,0.516813,0.036625,0.0,0.0,0.0,0.951758,0.0,0.47697,0.0,0.685192,0.651224,1.022193,1.146415,0.047608,0.0,0.158729,0.104696,1.199078,0.0,0.427694,0.0,0.0,0.39486,0.0,0.62106,0.0,0.0,1.044932,0.12011,0.045197,0.279961,0.236588,0.0,0.0,1.041618,0.625041,0.0,0.0,0.02443,0.0,0.0,0.0
280,0.479622,0.031031,0.167827,0.0,0.0,0.0,0.482592,0.0,0.080001,0.090084,0.0,0.718397,0.0,0.50112,0.0,0.513742,0.794864,1.126993,0.970245,0.088759,0.0,0.123351,0.299852,1.004789,0.0,0.433777,0.0,0.0,0.34018,0.0,0.321593,0.0,0.0,0.861488,0.081806,0.291107,0.350709,0.02236,0.0,0.0,1.046686,0.473213,0.0,0.0,0.083541,0.0,0.0,0.0
281,0.593648,0.236767,0.131534,0.035741,0.0,0.0,0.480961,0.0,0.03675,0.194829,0.0,0.476782,0.0,0.320743,0.0,0.35083,1.008741,1.149692,0.93663,0.116233,0.0,0.0,0.454958,0.833874,0.0,0.379982,0.0,0.0,0.375325,0.0,0.11157,0.0,0.0,0.755314,0.053703,0.434352,0.395658,0.0,0.000804,0.15109,1.029513,0.245651,0.0,0.0,0.216774,0.0,0.170307,0.0
282,0.478278,0.127116,0.0,0.0,0.0,0.0,0.460043,0.0,0.100522,0.008262,0.0,0.47754,0.0,0.34274,0.0,0.366553,0.733931,0.934051,0.639534,0.0,0.099235,0.0,0.467902,0.587674,0.0,0.0,0.0,0.0,0.222824,0.0,0.163802,0.0,0.0,0.712728,0.0,0.503673,0.115366,0.0,0.0,0.077936,0.989345,0.451259,0.0,0.0,0.072206,0.034829,0.0,0.0
283,0.235625,0.188746,0.089783,0.0,0.0,0.0,0.437872,0.0,0.0,0.279383,0.0,0.260468,0.0,0.25209,0.0,0.280499,0.760945,0.854325,0.731972,0.0,0.085902,0.211573,0.081612,0.694386,0.0,0.204052,0.0,0.010578,0.043953,0.0,0.446175,0.016324,0.0,0.641268,0.335421,0.136253,0.0,0.252843,0.0,0.0,1.235618,0.37924,0.0,0.0,0.0,0.0,0.0,0.0
284,0.248331,0.101166,0.076462,0.0,0.0,0.0,0.444419,0.0,0.042676,0.262278,0.0,0.126654,0.0,0.255059,0.012011,0.11917,0.855778,0.706776,0.636569,0.0,0.107492,0.293414,0.050159,0.38041,0.0,0.004016,0.0,0.0,0.0,0.0,0.233499,0.116998,0.0,0.630216,0.291279,0.237495,0.031016,0.04723,0.0,0.0,1.195166,0.331497,0.0,0.0,0.0,0.0,0.0,0.0
285,0.145896,0.160829,0.0,0.0,0.0,0.0,0.462578,0.0,0.0235,0.271404,0.0,0.100398,0.0,0.258726,0.177248,0.315794,0.703399,0.571359,0.577578,0.0,0.114285,0.410618,0.057062,0.308275,0.0,0.0,0.0,0.0,0.0,0.209152,0.37477,0.212061,0.0,0.539912,0.418085,0.341747,0.0,0.250597,0.0,0.0,1.19197,0.61194,0.020161,0.0,0.0,0.0,0.0,0.0
286,0.182034,0.072937,0.123158,0.0,0.0,0.0,0.473456,0.0,0.116695,0.272143,0.116506,0.0,0.0,0.309554,0.31802,0.338319,0.728839,0.464471,0.412464,0.0,0.032317,0.595611,0.067943,0.117431,0.0,0.0,0.0,0.0,0.0,0.325712,0.301776,0.213989,0.0,0.264681,0.541098,0.639428,0.0,0.0,0.0,0.0,1.077836,0.68232,0.038538,0.0,0.014874,0.0,0.0,0.0
287,0.263376,0.128713,0.166051,0.0,0.0,0.0,0.567408,0.0,0.220493,0.275757,0.082041,0.0,0.0,0.270107,0.306554,0.316981,0.87465,0.490334,0.600838,0.0,0.193839,0.657168,0.092743,0.0,0.0,0.0,0.0,0.0,0.0,0.444664,0.092457,0.290084,0.043167,0.110611,0.634283,0.613919,0.0,0.077831,0.0,0.0,0.948945,0.633284,0.041502,0.0,0.260096,0.110029,0.0,0.0
288,0.237353,0.0,0.067251,0.0,0.0,0.0,0.580103,0.0,0.190056,0.384883,0.175623,0.0,0.0,0.440797,0.523137,0.384843,0.611059,0.475276,0.49964,0.0,0.0,0.826207,0.0,0.0,0.0,0.0,0.0,0.0,0.0,0.503103,0.285174,0.12706,0.020575,0.082183,0.727266,0.526654,0.0,0.148456,0.0,0.0,0.907553,0.713399,0.014963,0.0,0.28951,0.0,0.0,0.0
289,0.224896,0.0,0.0,0.0,0.030292,0.0,0.61211,0.0,0.0,0.476989,0.069451,0.0,0.0,0.445553,0.741928,0.443604,0.276923,0.448369,0.503083,0.0,0.0,0.876718,0.0,0.304516,0.0,0.0,0.0,0.0,0.0,0.568455,0.561216,0.080543,0.0,0.03407,0.700508,0.487122,0.0,0.331212,0.0,0.0,0.792722,0.928599,0.0,0.0,0.207257,0.0,0.0,0.0
290,0.16491,0.0,0.0,0.0,0.0,0.0,0.595397,0.0,0.146515,0.371116,0.235503,0.0,0.0,0.331894,0.561909,0.324962,0.36377,0.271963,0.423556,0.0,0.061483,0.897486,0.0,0.15142,0.0,0.0,0.0,0.0,0.0,0.280318,0.450642,0.01941,0.03709,0.093323,0.581544,0.479487,0.0,0.038656,0.017921,0.0,0.696386,0.792429,0.0,0.0,0.157267,0.0,0.0,0.0
291,0.152377,0.0,0.228175,0.0,0.0,0.0,0.695874,0.0,0.512493,0.344738,0.15376,0.0,0.0,0.269073,0.322987,0.278967,0.66051,0.243786,0.550473,0.0,0.196228,0.908014,0.00437,0.018089,0.0,0.0,0.0,0.0,0.0,0.027031,0.320504,0.0,0.098796,0.378799,0.514545,0.412951,0.0,0.0,0.071946,0.0,0.766072,0.581966,0.022743,0.0,0.124117,0.0,0.0,0.0
292,0.318144,0.015024,0.103866,0.0,0.0,0.0,0.731264,0.0,0.556988,0.46341,0.016017,0.0,0.0,0.239076,0.161727,0.178849,0.654548,0.195423,0.533188,0.0,0.177208,0.765589,0.214004,0.057367,0.0,0.0,0.0,0.0,0.0,0.0,0.422732,0.0,0.204184,0.382498,0.579531,0.416671,0.0,0.0,0.151645,0.020464,0.655337,0.620335,0.024478,0.0,0.252976,0.0,0.0,0.0
293,0.238711,0.0,0.073156,0.0,0.0,0.0,0.576227,0.0,0.466191,0.446924,0.0,0.0,0.0,0.245746,0.225295,0.001524,0.620882,0.155535,0.592892,0.0,0.122659,1.063749,0.0,0.143593,0.0,0.0,0.0,0.0,0.0,0.0,0.454703,0.0,0.145385,0.496207,0.686407,0.141759,0.0,0.0,0.048101,0.0,0.680023,0.505854,0.083866,0.0,0.027456,0.0,0.0,0.0
294,0.401092,0.040496,0.0,0.0,0.0,0.0,0.514342,0.0,0.621178,0.602339,0.0,0.0,0.0,0.101261,0.179149,0.0,0.624901,0.211346,0.535283,0.0,0.061486,0.970861,0.246787,0.071865,0.0,0.0,0.0,0.0,0.0,0.0,0.329877,0.0,0.353632,0.519322,0.742067,0.408372,0.0,0.0,0.095555,0.063703,0.558793,0.500913,0.147478,0.0,0.184782,0.0,0.094633,0.0
295,0.417109,0.0,0.0,0.0,0.0,0.0,0.416474,0.0,0.634105,0.522243,0.0,0.0,0.0,0.101235,0.41222,0.0,0.417709,0.343066,0.54103,0.0,0.0,0.952709,0.191276,0.032729,0.0,0.0,0.0,0.0,0.0,0.096844,0.23099,0.0,0.326437,0.441474,0.911957,0.2799,0.0,0.0,0.0,0.008139,0.504954,0.556839,0.220853,0.0,0.09671,0.0,0.13662,0.0
296,0.621448,0.0,0.0,0.0,0.0,0.248541,0.282935,0.315151,0.657383,0.375614,0.0,0.0,0.0,0.0,0.430592,0.0,0.283969,0.330057,0.088046,0.0,0.0,0.311647,0.736329,0.0,0.0,0.0,0.0,0.0,0.0,0.442283,0.282295,0.146076,0.268451,0.311179,1.019218,0.370703,0.0,0.0,0.0,0.0,0.242468,0.530451,0.256864,0.0,0.165932,0.0,0.262452,0.0
297,0.637146,0.0,0.0,0.0,0.0,0.294878,0.075443,0.645308,0.833081,0.422007,0.0,0.0,0.0,0.005101,0.556969,0.0,0.0,0.508328,0.0,0.0,0.0,0.230323,0.894958,0.0,0.0,0.0,0.0,0.0,0.0,0.581748,0.030033,0.035353,0.506892,0.232261,1.067127,0.16314,0.0,0.0,0.0,0.0,0.071092,0.493526,0.333267,0.0,0.232841,0.206595,0.277499,0.0
298,0.581276,0.0,0.0,0.0,0.0,0.507559,0.0,0.893261,0.602309,0.41059,0.0,0.0,0.0,0.0,0.749364,0.011881,0.0,0.53423,0.0,0.0,0.0,0.057663,0.894827,0.097534,0.0,0.0,0.0,0.0,0.0,0.498263,0.030453,0.290401,0.270796,0.160793,0.994114,0.052017,0.0,0.0,0.0,0.0,0.20333,0.386971,0.251654,0.0,0.164301,0.035823,0.35586,0.0
299,0.575859,0.0,0.0,0.0,0.0,0.596423,0.0,1.132011,0.424464,0.230639,0.0,0.064033,0.0,0.0,0.764529,0.251186,0.0,0.352923,0.0,0.0,0.0,0.0,0.887208,0.253896,0.0,0.0,0.0,0.0,0.0,0.45835,0.008846,0.49619,0.002414,0.29498,0.587174,0.048458,0.151007,0.0,0.0,0.0,0.226284,0.24305,0.056558,0.0,0.077,0.019255,0.328998,0.0
300,0.420756,0.0,0.0,0.0,0.0,0.647755,0.0,1.099331,0.380231,0.206236,0.0,0.208833,0.0,0.0,0.732742,0.314585,0.084525,0.328499,0.0,0.0,0.0,0.0,0.748278,0.285258,0.0,0.0,0.0,0.0,0.0,0.329627,0.071346,0.625744,0.0,0.602963,0.464784,0.0,0.271639,0.0,0.0,0.0,0.42701,0.057177,0.127694,0.0,0.034515,0.045953,0.296192,0.0
301,0.347193,0.0,0.0,0.0,0.0,0.481835,0.0,1.094402,0.348468,0.260969,0.0,0.284888,0.0,0.0,0.633396,0.399595,0.15298,0.333591,0.0,0.0,0.0,0.0,0.841907,0.200218,0.0,0.0,0.0,0.0,0.0,0.112419,0.001792,0.516593,0.012417,0.568655,0.598283,0.0,0.108373,0.0,0.0,0.0,0.236608,0.05861,0.183775,0.0,0.02463,0.223742,0.404003,0.0
302,0.322398,0.0,0.0,0.0,0.0,0.451562,0.0,1.124918,0.505594,0.374181,0.0,0.089173,0.0,0.0,0.716434,0.140015,0.034374,0.344768,0.0,0.0,0.0,0.0,0.808135,0.087224,0.0,0.0,0.0,0.0,0.0,0.196108,0.176762,0.190622,0.169786,0.293356,0.592917,0.0,0.112773,0.0,0.013201,0.0,0.022803,0.144151,0.298801,0.0,0.0,0.248888,0.333942,0.0
303,0.212984,0.0,0.0,0.0,0.0,0.263179,0.0,0.9718,0.461778,0.36893,0.0,0.148598,0.0,0.0,0.835432,0.170612,0.0,0.428441,0.0,0.0,0.0,0.041764,0.457795,0.073661,0.0,0.0,0.0,0.0,0.0,0.2696,0.157282,0.170632,0.115531,0.239993,0.432946,0.0,0.178424,0.0,0.0,0.0,0.096828,0.088611,0.275816,0.0,0.0,0.201976,0.199141,0.0
304,0.308638,0.0,0.0,0.0,0.0,0.355403,0.0,1.105566,0.392866,0.503118,0.0,0.0,0.0,0.0,1.046749,0.119496,0.0,0.409459,0.0,0.0,0.0,0.181988,0.475454,0.046996,0.0,0.0,0.005685,0.0,0.0,0.586179,0.285029,0.144229,0.080233,0.0,0.298771,0.0,0.0,0.0,0.0,0.0,0.033235,0.139736,0.29026,0.0,0.0,0.139938,0.13609,0.0
305,0.415403,0.0,0.0,0.0,0.0,0.489254,0.0,0.949232,0.013001,0.07308,0.0,0.0,0.0,0.037796,1.260144,0.410303,0.0,0.540187,0.0,0.0,0.0,0.362727,0.628119,0.294706,0.0,0.0,0.10094,0.0,0.0,0.88599,0.0,0.717664,0.0,0.133419,0.325715,0.300176,0.0,0.0,0.0,0.0,0.2688,0.13394,0.170267,0.0,0.0,0.451153,0.255453,0.115035
306,0.588782,0.0,0.0,0.0,0.069068,0.136948,0.0,0.768687,0.346392,0.038631,0.018187,0.0,0.0,0.0,0.981919,0.0,0.036001,0.550122,0.0,0.0,0.0,0.092931,0.864476,0.0,0.0,0.0,0.0,0.0,0.0,0.998248,0.0,0.550364,0.168317,0.0,0.633971,0.47266,0.077806,0.0,0.0,0.0,0.146195,0.015027,0.321753,0.0,0.0,0.388813,0.213556,0.0
307,0.634713,0.0,0.0,0.0,0.004609,0.0,0.0,0.778773,0.329621,0.169703,0.158059,0.0,0.0,0.0,0.628845,0.0,0.0,0.570551,0.0,0.0,0.0,0.208977,0.481782,0.0,0.0,0.0,0.0,0.0,0.0,0.758022,0.0,0.390383,0.018905,0.0,0.488687,0.28675,0.0,0.0,0.0,0.0,0.267288,0.143999,0.275462,0.0,0.0,0.209825,0.079233,0.0
308,0.645683,0.0,0.0,0.0,0.0,0.0,0.0,0.660138,0.518962,0.181188,0.075111,0.0,0.0,0.0,0.271993,0.0,0.152493,0.477096,0.0,0.0,0.0,0.0,0.692411,0.0,0.0,0.0,0.0,0.0,0.0,0.755357,0.0,0.319545,0.016828,0.0,0.380269,0.474777,0.0,0.0,0.0,0.0,0.227472,0.075074,0.26971,0.0,0.0,0.07862,0.0,0.0
309,0.659005,0.301543,0.0,0.0,0.0,0.0,0.066681,0.268617,0.576032,0.0,0.0,0.0,0.0,0.0,0.261168,0.0,0.324652,0.569939,0.0,0.0,0.0,0.0,1.168579,0.0,0.0,0.0,0.0,0.0,0.0,1.133593,0.0,0.787832,0.12598,0.001084,0.487727,0.888471,0.0,0.0,0.0,0.0,0.286181,0.0,0.263151,0.0,0.0,0.3276,0.0,0.0
310,0.465207,0.287369,0.0,0.0,0.0,0.0,0.01039,0.401962,0.378309,0.0,0.0,0.0,0.0,0.0,0.201978,0.0,0.304665,0.479571,0.0,0.0,0.0,0.0,0.804023,0.0031,0.0,0.0,0.0,0.0,0.0,0.763276,0.0,0.653141,0.0,0.044432,0.299582,0.472765,0.0,0.0,0.0,0.0,0.434475,0.010286,0.363255,0.0,0.0,0.20001,0.006699,0.0
311,0.394889,0.268466,0.0,0.0,0.0,0.0,0.019331,0.450751,0.545208,0.072231,0.043393,0.0,0.0,0.0,0.009333,0.0,0.206015,0.438078,0.0,0.0,0.0,0.040668,0.47683,0.0,0.0,0.0,0.0,0.0,0.0,0.698614,0.0,0.474804,0.093482,0.0,0.298246,0.182057,0.0,0.0,0.0,0.0,0.193208,0.148068,0.284847,0.0,0.0,0.218813,0.0,0.0
312,0.362367,0.093752,0.0,0.0,0.0,0.0,0.024642,0.408511,0.398222,0.031182,0.051049,0.0,0.0,0.0,0.159871,0.0,0.206137,0.370823,0.0,0.0,0.0,0.064478,0.550404,0.0,0.0,0.0,0.0,0.0,0.0,0.752684,0.0,0.456287,0.105774,0.032609,0.492744,0.455264,0.0,0.0,0.0,0.0,0.447991,0.144407,0.306433,0.0,0.0,0.187541,0.0,0.0
313,0.402227,0.0,0.0,0.0,0.0,0.019039,0.024924,0.439715,0.222676,0.112047,0.0,0.0,0.0,0.0,0.486988,0.0,0.094491,0.35939,0.0,0.0,0.0,0.083933,0.690558,0.000201,0.0,0.0,0.0,0.0,0.0,0.999218,0.0,0.43633,0.124223,0.0,0.807977,0.675147,0.0,0.0,0.0,0.0,0.438285,0.269129,0.305343,0.0,0.0,0.146607,0.0,0.0
314,0.621767,0.0,0.0,0.0,0.0,0.0,0.0,0.419654,0.24706,0.087098,0.127238,0.0,0.0,0.0,0.628857,0.0,0.0,0.501816,0.195893,0.0,0.0,0.445848,0.693192,0.0,0.0,0.0,0.0,0.0,0.0,1.304865,0.0,0.447598,0.379821,0.0,1.17362,0.935647,0.0,0.0,0.0,0.0,0.420562,0.578876,0.0,0.0,0.157686,0.527779,0.0,0.0
315,0.689622,0.0,0.0,0.0,0.0,0.0,0.0,0.670711,0.424219,0.547925,0.148405,0.0,0.0,0.072801,0.783725,0.0,0.0,0.673846,0.016712,0.0,0.0,0.435125,0.681137,0.0,0.0,0.0,0.0,0.0,0.0,1.456513,0.0,0.0,0.611411,0.0,1.215565,0.766908,0.0,0.0,0.0,0.0,0.289213,0.687231,0.097501,0.0,0.249987,0.453409,0.0,0.0
316,0.741741,0.0,0.0,0.0,0.0,0.051404,0.0,0.7637,0.029215,0.564811,0.10536,0.0,0.0,0.127765,1.103017,0.165678,0.0,0.700126,0.33032,0.0,0.0,0.87797,0.449636,0.0,0.0,0.0,0.129497,0.0,0.0,1.535389,0.0,0.167965,0.621165,0.0,1.312354,1.03454,0.0,0.0,0.0,0.0,0.409232,0.94685,0.0,0.0,0.300091,0.573343,0.127576,0.0
317,0.70777,0.0,0.0,0.0,0.01594,0.275861,0.043732,0.769583,0.01165,0.596952,0.0,0.0,0.0,0.2044,1.311145,0.076835,0.0,0.70659,0.222882,0.0,0.0,0.870056,0.63505,0.026237,0.0,0.0,0.221733,0.0,0.0,1.591137,0.0,0.198432,0.623492,0.0,1.313163,1.063657,0.0,0.0,0.0,0.0,0.353812,0.88208,0.0,0.0,0.268212,0.566189,0.174174,0.0
318,0.462729,0.0,0.0,0.0,0.0,0.0,0.0,0.706546,0.064056,0.643378,0.00833,0.0,0.0,0.212566,1.02675,0.165271,0.0,0.604714,0.398194,0.0,0.0,1.044306,0.187572,0.075851,0.0,0.0,0.0,0.0,0.0,0.879664,0.034963,0.0,0.554231,0.0,1.40049,0.621999,0.0,0.0,0.0,0.0,0.440408,0.674551,0.05281,0.0,0.154461,0.357472,0.252454,0.0
319,0.407349,0.0,0.0,0.0,0.0,0.0,0.22726,0.736501,0.231095,0.34251,0.087942,0.241461,0.0,0.106931,0.595095,0.192661,0.010889,0.544737,0.424738,0.0,0.0,0.728252,0.399937,0.215695,0.0,0.0,0.0,0.0,0.0,0.272255,0.0,0.0,0.501472,0.099024,1.125781,0.478598,0.134181,0.0,0.0,0.0,0.356146,0.441337,0.079196,0.0,0.203584,0.219717,0.31066,0.0
320,0.477111,0.0,0.0,0.0,0.0,0.040488,0.365165,0.961698,0.411788,0.257023,0.0,0.263667,0.0,0.086238,0.57839,0.052467,0.011919,0.397001,0.207781,0.0,0.030418,0.326337,0.571431,0.423735,0.0,0.0,0.0,0.0,0.0,0.10575,0.336861,0.0,0.306834,0.12672,0.767636,0.294025,0.161307,0.0,0.0,0.0,0.134315,0.373492,0.080821,0.0,0.175041,0.0,0.175004,0.0
321,0.518563,0.0,0.0,0.046903,0.0,0.0,0.641809,0.830014,0.489944,0.032589,0.0,0.50685,0.0,0.073913,0.436985,0.099861,0.350688,0.511938,0.577694,0.0,0.0,0.462243,0.392536,0.582354,0.0,0.353783,0.0,0.0,0.0,0.0,0.364444,0.0,0.09136,0.328786,0.71213,0.034089,0.35849,0.0,0.0,0.0,0.409972,0.199041,0.0,0.0,0.210159,0.0,0.233927,0.0
322,0.538418,0.0,0.0,0.129529,0.0,0.0,0.854752,0.826649,0.613461,0.0,0.0,0.672219,0.0,0.079996,0.284258,0.155438,0.433248,0.626738,0.616284,0.0,0.041712,0.23632,0.374554,0.787687,0.0,0.484282,0.0,0.0,0.0,0.0,0.4215,0.0,0.06061,0.30888,0.684528,0.0,0.432066,0.0,0.0,0.0,0.404602,0.222553,0.0,0.0,0.291081,0.0,0.156677,0.0
323,0.942083,0.0,0.0,0.262469,0.0,0.0,0.966105,0.962222,0.717288,0.0,0.0,0.804276,0.0,0.0,0.0,0.290494,0.542046,0.656583,0.684824,0.0,0.125237,0.004437,0.886095,0.765248,0.0,0.57405,0.0,0.0,0.0,0.0,0.32424,0.0,0.07251,0.452608,0.635325,0.0,0.489165,0.0,0.118604,0.062079,0.501279,0.053188,0.0,0.0,0.552886,0.0,0.323336,0.06164
324,0.978503,0.0,0.0,0.291191,0.0,0.0,1.117677,1.013941,0.727364,0.0,0.0,1.011828,0.0,0.0,0.0,0.366176,0.639457,0.743415,0.789365,0.0,0.226307,0.0,0.990045,0.86703,0.0,0.526364,0.0,0.0,0.0,0.0,0.358702,0.015142,0.0,0.548587,0.618544,0.0,0.359229,0.0,0.1561,0.0,0.601982,0.0,0.0,0.0,0.613434,0.0,0.315536,0.09547
325,1.026403,0.0,0.0,0.268147,0.0,0.0,1.124362,0.936584,0.760032,0.0,0.0,1.020145,0.0,0.0,0.0,0.326631,0.708841,0.650413,0.821941,0.0,0.288571,0.0,0.972447,0.821195,0.0,0.55658,0.0,0.0,0.0,0.0,0.323977,0.0,0.0,0.481596,0.54418,0.0,0.407284,0.0,0.128302,0.0,0.745768,0.0,0.0,0.0,0.569492,0.0,0.278257,0.05167
326,0.982001,0.0,0.0,0.263722,0.0,0.0,1.123523,0.717574,0.725812,0.0,0.0,0.897185,0.0,0.0,0.0,0.187706,0.706537,0.672181,0.699897,0.0,0.264586,0.0,0.926742,0.849644,0.0,0.594134,0.0,0.0,0.0,0.0,0.294525,0.0,0.0,0.334866,0.657447,0.0,0.331447,0.0,0.240877,0.031945,0.772784,0.0,0.0,0.0,0.453482,0.0,0.251598,0.101643
327,1.048868,0.0,0.0,0.186803,0.0,0.0,1.013954,0.425828,0.680555,0.0,0.0,0.457799,0.0,0.0,0.035738,0.051413,0.785485,0.634816,0.58074,0.0,0.17737,0.057365,1.080579,0.787245,0.0,0.599106,0.0,0.0,0.0,0.0,0.459453,0.0,0.0,0.032678,0.634257,0.275775,0.214569,0.0,0.313906,0.194832,0.819635,0.0,0.0,0.0,0.339201,0.0,0.334696,0.142654
328,0.8537,0.0,0.0,0.08802,0.0,0.0,0.911475,0.222213,0.574938,0.0,0.0,0.359588,0.0,0.009925,0.060229,0.032535,0.777653,0.619294,0.453486,0.0,0.134422,0.038215,0.750123,0.714123,0.0,0.373859,0.0,0.0,0.0,0.0,0.556312,0.106679,0.0,0.0,0.612159,0.061161,0.048018,0.0,0.31739,0.023864,0.752325,0.0,0.0,0.0,0.216116,0.0,0.178033,0.023793
329,0.921429,0.292587,0.0,0.0,0.0,0.0,0.744116,0.105659,0.643472,0.018046,0.0,0.03771,0.0,0.0,0.0,0.052459,0.772663,0.528685,0.154356,0.0,0.137602,0.0,1.165434,0.415253,0.0,0.188662,0.0,0.0,0.0,0.0,0.501186,0.320261,0.0,0.0,0.615161,0.36435,0.0,0.0,0.421783,0.023202,0.750863,0.0,0.12349,0.0,0.251053,0.0,0.253523,0.0
330,0.721575,0.307511,0.038688,0.0,0.0,0.0,0.617377,0.0,0.684348,0.153074,0.0,0.033414,0.0,0.0,0.0,0.0,0.777369,0.568113,0.111479,0.0,0.229599,0.0,0.949174,0.191194,0.0,0.199331,0.0,0.0,0.0,0.0,0.35701,0.230384,0.0,0.127082,0.48146,0.246765,0.0,0.0,0.334525,0.023602,0.82205,0.0,0.254707,0.0,0.16854,0.0,0.074081,0.0
331,0.562023,0.443495,0.131834,0.0,0.0,0.0,0.662744,0.0,0.867338,0.390616,0.0,0.0,0.0,0.0,0.0,0.030869,0.788535,0.674471,0.161752,0.0,0.287738,0.0,0.937394,0.086713,0.0,0.131314,0.0,0.004434,0.0,0.0,0.33259,0.306658,0.0,0.253287,0.349615,0.196545,0.0,0.0,0.146774,0.0,0.830006,0.0,0.273872,0.0,0.189295,0.0,0.059843,0.0
332,0.375483,0.283472,0.082659,0.0,0.0,0.0,0.715766,0.0,0.979558,0.396678,0.0,0.0,0.0,0.0,0.0,0.056888,0.710299,0.60831,0.110764,0.0,0.22439,0.0,0.96736,0.0,0.0,0.091129,0.0,0.0,0.0,0.0,0.260534,0.413413,0.044394,0.317055,0.021897,0.406206,0.0,0.0,0.075811,0.0,0.85785,0.0,0.090302,0.0,0.184756,0.0,0.003906,0.0
333,0.225594,0.16498,0.107462,0.0,0.0,0.0,0.343802,0.0,0.618738,0.223233,0.0,0.0,0.0,0.0,0.0,0.017097,0.505791,0.578088,0.015157,0.0,0.096073,0.127441,0.637872,0.119626,0.0,0.059708,0.0,0.094031,0.0,0.0,0.306446,0.347132,0.0,0.210479,0.168326,0.065984,0.0,0.0,0.0,0.0,0.849129,0.146646,0.087605,0.0,0.0,0.0,0.0,0.0
334,0.221517,0.013736,0.086878,0.0,0.0,0.0,0.210819,0.0,0.626254,0.065188,0.0,0.0,0.0,0.035586,0.0,0.113003,0.433101,0.645768,0.0,0.0,0.02197,0.076494,0.637712,0.069682,0.0,0.0,0.0,0.000819,0.0,0.0,0.167597,0.391765,0.0002,0.152464,0.089311,0.350315,0.0,0.0,0.0,0.0,0.729306,0.162917,0.124887,0.0,0.0,0.157241,0.015935,0.0
335,0.076328,0.0,0.030886,0.0,0.0,0.0,0.0,0.0,0.457024,0.085833,0.0,0.0,0.0,0.212497,0.036887,0.078057,0.253447,0.604617,0.042071,0.0,0.0,0.226983,0.185861,0.160572,0.0,0.001456,0.0,0.0,0.0,0.0,0.127195,0.314668,0.0,0.225974,0.061218,0.0,0.0,0.0,0.0,0.0,0.731333,0.16261,0.105034,0.0,0.0,0.091089,0.0,0.0
336,0.270199,0.128084,0.0,0.0,0.0,0.0,0.0,0.219641,0.474283,0.065474,0.0,0.0,0.0,0.076877,0.0,0.325404,0.3442,0.556777,0.0,0.0,0.0,0.0,0.755945,0.197437,0.0,0.016072,0.0,0.0,0.0,0.123901,0.0,0.730353,0.050224,0.085993,0.0,0.29961,0.0,0.0,0.0,0.0,0.606398,0.278765,0.0,0.0,0.0,0.355674,0.085254,0.0
337,0.396365,0.12615,0.0,0.0,0.0,0.0,0.0,0.303686,0.351838,0.0,0.0,0.0,0.0,0.168046,0.121695,0.452925,0.199928,0.559051,0.0,0.0,0.0,0.0,1.160996,0.391866,0.0,0.037644,0.0,0.0,0.0,0.373022,0.0,0.916608,0.0,0.108775,0.0,0.472439,0.0,0.0,0.0,0.0,0.736954,0.287473,0.0,0.0,0.0,0.490348,0.159633,0.0
338,0.592099,0.075474,0.0,0.0,0.0,0.0,0.0,0.279958,0.148877,0.0,0.0,0.0,0.0,0.050807,0.059677,0.442687,0.276671,0.571301,0.0,0.0,0.0,0.0,1.182481,0.43214,0.0,0.116168,0.0,0.0,0.0,0.262482,0.0,0.979121,0.0,0.071797,0.0,0.463172,0.0,0.0,0.0,0.0,0.823617,0.214409,0.0,0.0,0.0,0.285204,0.202037,0.0
339,0.640577,0.108087,0.0,0.0,0.0,0.0,0.009124,0.24163,0.308367,0.049007,0.0,0.0,0.0,0.0,0.0,0.448998,0.380796,0.748012,0.0,0.0,0.0,0.0,1.028835,0.354588,0.0,0.28068,0.0,0.0,0.0,0.085073,0.0,0.96262,0.0,0.0,0.0,0.386149,0.0,0.0,0.0,0.0,0.87396,0.157754,0.0,0.0,0.0,0.233201,0.203576,0.0
340,0.819923,0.065493,0.0,0.0,0.0,0.0,0.061104,0.138453,0.183041,0.0,0.0,0.0,0.0,0.0,0.0,0.423142,0.496091,0.808795,0.0,0.038203,0.0,0.0,1.155792,0.370796,0.0,0.227441,0.0,0.0,0.0,0.07345,0.0,0.934965,0.0,0.061671,0.0,0.444478,0.0,0.0,0.065181,0.0,0.986992,0.028885,0.0,0.0,0.0,0.203115,0.19251,0.0
341,0.63058,0.195202,0.0,0.0,0.0,0.0,0.271731,0.147134,0.301251,0.0,0.0,0.001652,0.0,0.0,0.0,0.41087,0.50735,0.833672,0.0,0.0,0.0,0.0,0.887576,0.459588,0.0,0.18705,0.0,0.0,0.0,0.259722,0.0,1.105068,0.0,0.062053,0.0,0.156215,0.0,0.0,0.0,0.0,0.998942,0.114168,0.023722,0.0,0.0,0.386374,0.0,0.0
342,0.782627,0.455202,0.0,0.0,0.0,0.0,0.498433,0.041247,0.425768,0.0,0.0,0.0,0.0,0.0,0.0,0.439826,0.673184,0.800337,0.0,0.0,0.019746,0.0,1.14931,0.363436,0.0,0.223759,0.0,0.0,0.0,0.227035,0.0,1.164968,0.0,0.056462,0.0,0.500815,0.0,0.0,0.055201,0.0,1.124501,0.000258,0.152618,0.0,0.0,0.355034,0.0,0.0
343,0.830605,0.342396,0.0,0.0,0.0,0.0,0.545863,0.0,0.34417,0.099434,0.0,0.0,0.0,0.0,0.0,0.296451,0.732909,0.730857,0.0,0.0,0.0,0.0,1.247395,0.350045,0.0,0.380282,0.0,0.0,0.0,0.109282,0.221295,0.925714,0.0,0.0,0.27343,0.728762,0.0,0.0,0.222113,0.0,1.247584,0.0,0.094112,0.0,0.0,0.0,0.084668,0.0
344,0.809182,0.606137,0.0,0.0,0.0,0.0,0.622375,0.0,0.242604,0.198483,0.0,0.0,0.0,0.0,0.0,0.150598,0.911084,0.770402,0.156242,0.0,0.195154,0.0,0.970299,0.299141,0.0,0.258254,0.0,0.0,0.0,0.04193,0.246847,0.663428,0.0,0.032764,0.397169,0.643432,0.0,0.0,0.219309,0.0,1.094717,0.0,0.161311,0.0,0.0,0.025296,0.0,0.0
345,0.735291,0.464751,0.0,0.0,0.0,0.0,0.527027,0.0,0.040205,0.145665,0.0,0.0,0.0,0.0,0.0,0.0,0.900198,0.671301,0.139276,0.0,0.133349,0.0,0.678894,0.183743,0.0,0.25771,0.0,0.0,0.0,0.192783,0.205812,0.422633,0.0,0.093944,0.532408,0.542899,0.0,0.0,0.210592,0.0,1.045521,0.0,0.221944,0.0,0.0,0.0,0.0,0.0
346,0.514826,0.241956,0.0,0.0,0.0,0.0,0.472826,0.0,0.0,0.190712,0.0,0.0,0.0,0.060754,0.146842,0.061318,0.605235,0.573366,0.241631,0.0,0.0,0.308373,0.207004,0.467485,0.0,0.232506,0.0,0.0,0.0,0.354929,0.537916,0.225938,0.0,0.133995,0.683047,0.283834,0.0,0.0,0.13948,0.0,1.043373,0.411557,0.041154,0.0,0.0,0.0,0.0,0.0
347,0.48473,0.39992,0.028175,0.0,0.0,0.0,0.521958,0.0,0.003971,0.401193,0.0,0.0,0.0,0.02128,0.064584,0.0,0.921218,0.565295,0.408371,0.0,0.04497,0.230512,0.282993,0.094479,0.0,0.10867,0.0,0.0,0.0,0.277443,0.27466,0.088873,0.0,0.290491,0.737949,0.574142,0.0,0.0,0.192954,0.0,0.907448,0.151842,0.190586,0.0,0.0,0.0,0.0,0.0
348,0.507518,0.376097,0.0,0.0,0.0,0.0,0.486211,0.0,0.0,0.312494,0.0,0.0,0.0,0.02052,0.131798,0.0,0.735036,0.539443,0.600864,0.0,0.0,0.37044,0.269238,0.040402,0.0,0.049727,0.0,0.0,0.0,0.377473,0.319616,0.148147,0.180482,0.080332,0.940429,0.621589,0.0,0.049418,0.131049,0.0,0.755082,0.421251,0.040077,0.0,0.069132,0.019381,0.0,0.0
349,0.360456,0.087931,0.0,0.0,0.0,0.0,0.161577,0.0,0.0,0.321086,0.026348,0.0,0.0,0.136339,0.317668,0.01968,0.414478,0.387894,0.508103,0.0,0.0,0.725056,0.013428,0.0255,0.0,0.122362,0.0,0.0,0.0,0.361363,0.122558,0.0,0.242278,0.021348,0.889694,0.42543,0.0,0.0,0.0,0.0,0.640006,0.498084,0.016252,0.0,0.0,0.087124,0.0,0.0
350,0.44964,0.0,0.0,0.0,0.0,0.0,0.154804,0.0,0.0,0.233864,0.0,0.0,0.0,0.0,0.371373,0.0,0.168334,0.329771,0.303611,0.0,0.0,0.336608,0.406178,0.021094,0.0,0.0,0.0,0.0,0.0,0.500126,0.331916,0.02506,0.365575,0.08099,0.810843,0.448516,0.0,0.0,0.0,0.0,0.197172,0.556885,0.048777,0.0,0.00378,0.124053,0.026883,0.0
351,0.118028,0.0,0.0,0.0,0.0,0.108453,0.102348,0.300347,0.03395,0.411723,0.0,0.08201,0.0,0.0,0.641645,0.15066,0.0,0.315406,0.108835,0.0,0.0,0.367397,0.242051,0.135729,0.0,0.0,0.0,0.0,0.0,0.417653,0.30335,0.073709,0.325416,0.289912,0.467651,0.292335,0.0,0.0,0.0,0.0,0.048186,0.518804,0.0,0.0,0.0,0.0,0.06793,0.0
352,0.087357,0.0,0.0,0.0,0.07308,0.346059,0.0,0.710341,0.261287,0.385307,0.164112,0.0,0.0,0.0,0.73146,0.0,0.0,0.200782,0.0,0.0,0.0,0.279181,0.462418,0.0,0.0,0.0,0.0,0.0,0.0,0.445654,0.387952,0.0,0.267411,0.290211,0.371347,0.276302,0.0,0.0,0.0,0.0,0.0,0.43808,0.205426,0.0,0.0,0.0,0.193474,0.0
353,0.0,0.0,0.0,0.0,0.020839,0.329095,0.0,0.678462,0.246249,0.478141,0.228206,0.0,0.0,0.0,0.80281,0.0,0.0,0.293894,0.0,0.0,0.0,0.535538,0.267158,0.0,0.0,0.0,0.0,0.0,0.0,0.246748,0.268458,0.0,0.199729,0.270947,0.432767,0.12429,0.0,0.0,0.0,0.0,0.0,0.350215,0.348,0.0,0.0,0.0,0.215188,0.0
354,0.042609,0.0,0.0,0.0,0.0,0.154253,0.0,0.646201,0.370286,0.385271,0.255687,0.009605,0.0,0.0,0.690953,0.0,0.0,0.497562,0.106252,0.0,0.0,0.400234,0.383743,0.0,0.0,0.0,0.0,0.0,0.0,0.159178,0.0,0.0,0.400885,0.339558,0.491421,0.15799,0.0,0.0,0.0,0.0,0.0,0.402241,0.578122,0.0,0.0,0.244453,0.312354,0.0
355,0.0,0.0,0.0,0.0,0.155917,0.107271,0.0,0.607877,0.472107,0.374761,0.358934,0.0,0.0,0.0,0.685273,0.0,0.02701,0.597388,0.123749,0.0,0.059806,0.275267,0.497853,0.0,0.0,0.0,0.0,0.0,0.0,0.295402,0.0,0.109125,0.484005,0.397241,0.271477,0.394755,0.0,0.0,0.0,0.016173,0.0,0.291144,0.502111,0.0,0.0,0.253401,0.195936,0.0
356,0.0,0.0,0.0,0.0,0.368049,0.144872,0.0,0.61251,0.556017,0.224337,0.507405,0.0,0.0,0.047028,0.792135,0.0,0.0,0.721996,0.062053,0.0,0.0,0.414549,0.571829,0.0,0.0,0.0,0.0,0.0,0.0,0.273678,0.0,0.120762,0.485767,0.223393,0.224879,0.504674,0.0,0.067328,0.0,0.022342,0.102886,0.233485,0.429637,0.0,0.0,0.366996,0.163649,0.0
357,0.0,0.0,0.0,0.0,0.449058,0.161046,0.0,0.735674,0.659629,0.331813,0.589395,0.0,0.0,0.099407,0.742872,0.0,0.0,0.787319,0.0,0.0,0.0,0.58836,0.518441,0.0,0.0,0.0,0.068518,0.0,0.0,0.032328,0.0,0.013174,0.525859,0.298685,0.0,0.646939,0.0,0.0,0.0,0.05737,0.081996,0.214388,0.484822,0.0,0.0,0.321761,0.195671,0.0
358,0.0,0.0,0.0,0.0,0.614464,0.149092,0.039946,0.724192,0.886557,0.25174,0.671753,0.0,0.0,0.113379,0.602859,0.0,0.152553,0.824484,0.0,0.0,0.0,0.364502,0.784227,0.0,0.0,0.0,0.0,0.0,0.0,0.151193,0.0,0.043237,0.680912,0.591992,0.0,0.923501,0.0,0.0,0.0,0.185601,0.0,0.130554,0.550278,0.0,0.0,0.238009,0.239981,0.0
359,0.0,0.0,0.003021,0.0,0.691766,0.0532,0.0,0.748978,0.935794,0.1253,0.740634,0.0,0.0,0.080284,0.47884,0.0,0.265204,0.64707,0.0,0.0,0.039567,0.287326,0.788188,0.0,0.0,0.0,0.0,0.0,0.02824,0.122419,0.0,0.077894,0.76448,0.815491,0.0,0.871817,0.0,0.0,0.0,0.126769,0.0,0.124224,0.557916,0.0,0.0,0.207481,0.355498,0.0
360,0.0,0.0,0.0,0.0,0.561275,0.0,0.042102,0.671244,0.908126,0.212253,0.710279,0.0,0.0,0.128149,0.569928,0.0,0.011109,0.806473,0.032998,0.0,0.022317,0.442653,0.695595,0.0,0.0,0.0,0.0,0.0,0.032563,0.083186,0.0,0.143337,0.754017,0.566814,0.0,0.551808,0.0,0.0,0.0,0.0,0.0,0.11364,0.500957,0.0,0.0,0.331765,0.22562,0.0
361,0.0,0.0,0.096508,0.0,0.602732,0.0,0.0,0.623021,0.966056,0.47971,0.680297,0.0,0.0,0.053249,0.49594,0.0,0.128748,0.737835,0.065782,0.0,0.017782,0.261348,0.550016,0.0,0.0,0.0,0.0,0.0,0.0,0.0,0.0,0.093071,0.627733,0.356159,0.0,0.476863,0.0,0.0,0.0,0.0,0.034665,0.157021,0.573254,0.0,0.0,0.1394,0.194246,0.0
362,0.0,0.0,0.200044,0.0,0.366964,0.0,0.066712,0.354484,0.778591,0.035152,0.45557,0.0,0.0,0.0,0.571694,0.0,0.256104,0.635442,0.141137,0.0,0.01123,0.308594,0.665505,0.0,0.0,0.0,0.0,0.0,0.052318,0.159474,0.0,0.339984,0.398115,0.435265,0.014077,0.476601,0.0,0.066174,0.0,0.0,0.084557,0.194774,0.429273,0.0,0.0,0.172005,0.19694,0.0
363,0.0,0.0,0.148931,0.0,0.498289,0.0,0.171135,0.30956,0.836812,0.042697,0.395508,0.0,0.0,0.067982,0.577484,0.0,0.35882,0.611111,0.0,0.0,0.038306,0.057063,0.753028,0.0,0.0,0.0,0.0,0.0,0.086027,0.154352,0.054862,0.205781,0.346776,0.20344,0.148344,0.448071,0.0,0.0,0.0,0.000292,0.151766,0.097671,0.458557,0.0,0.0,0.086168,0.136191,0.0
364,0.0,0.0,0.111522,0.0,0.159239,0.0,0.245703,0.024028,0.57668,0.19483,0.353739,0.0,0.0,0.212999,0.581089,0.277263,0.179957,0.662452,0.038328,0.0,0.113575,0.357568,0.225067,0.110294,0.0,0.0,0.0,0.0,0.0,0.0,0.222652,0.207092,0.058808,0.174655,0.0,0.242958,0.0,0.048461,0.0,0.0,0.360691,0.301028,0.355613,0.0,0.0,0.0,0.0,0.0
365,0.0,0.0,0.397996,0.038367,0.140347,0.0,0.322828,0.0,0.757918,0.134708,0.303436,0.0,0.0,0.3111,0.377472,0.21408,0.477125,0.703889,0.044963,0.0,0.174949,0.509248,0.0,0.005897,0.0,0.0,0.0,0.0,0.0,0.0,0.21434,0.061442,0.0,0.269471,0.062402,0.072919,0.0,0.0,0.0,0.0,0.520826,0.12608,0.410392,0.0,0.0,0.01354,0.0,0.0
366,0.081049,0.0,0.464146,0.0,0.0,0.0,0.55615,0.0,0.758922,0.177615,0.0,0.0,0.0,0.0,0.255455,0.454651,0.527199,0.652535,0.031181,0.0,0.279712,0.195311,0.313766,0.0,0.0,0.0,0.0,0.0,0.0,0.0,0.244975,0.372745,0.0,0.130201,0.032787,0.148287,0.0,0.027603,0.0,0.0,0.572332,0.220304,0.296072,0.0,0.044306,0.0,0.0,0.0
367,0.275721,0.0,0.442148,0.0,0.0,0.0,0.691628,0.0,0.760981,0.242538,0.0,0.0,0.0,0.0,0.178253,0.521717,0.456086,0.626481,0.0,0.0,0.316661,0.090495,0.610156,0.0,0.0,0.017525,0.0,0.0,0.0,0.0,0.266253,0.387937,0.0,0.119921,0.033887,0.336795,0.0,0.006494,0.034287,0.0,0.751118,0.099437,0.237814,0.0,0.101947,0.0,0.0,0.0
368,0.316867,0.0,0.480457,0.0,0.0,0.0,0.712046,0.0,0.887722,0.299512,0.0,0.0,0.0,0.0,0.19749,0.564644,0.492717,0.705033,0.0,0.0,0.332553,0.033869,0.673771,0.0,0.0,0.015256,0.0,0.086895,0.0,0.0,0.220817,0.339519,0.0,0.044598,0.148643,0.27587,0.0,0.0,0.087765,0.0,0.694645,0.099959,0.154855,0.0,0.203876,0.0,0.0,0.0
369,0.268783,0.0,0.324017,0.0,0.0,0.0,0.621174,0.0,0.81088,0.143812,0.0,0.0,0.0,0.0,0.290856,0.472317,0.40531,0.596718,0.0,0.0,0.358475,0.0,0.648069,0.026542,0.0,0.0,0.0,0.0,0.0,0.0,0.252664,0.316719,0.0,0.025041,0.03072,0.248965,0.0,0.0,0.073036,0.0,0.6758,0.041426,0.187243,0.0,0.161517,0.0,0.0,0.0
370,0.168144,0.0,0.352835,0.0,0.0,0.0,0.587906,0.0,0.643385,0.038762,0.0,0.0,0.0,0.0,0.333158,0.491869,0.365484,0.5219,0.0,0.0,0.296695,0.144897,0.433436,0.087084,0.0,0.0,0.0,0.0,0.0,0.0,0.275523,0.305919,0.0,0.064369,0.087573,0.067394,0.0,0.0,0.0,0.0,0.600687,0.088563,0.248835,0.0,0.064595,0.0,0.0,0.0
371,0.083651,0.0,0.304968,0.0,0.0,0.0,0.579671,0.0,0.682059,0.050108,0.120012,0.0,0.0,0.062816,0.417974,0.55527,0.383198,0.497877,0.0,0.0,0.197306,0.142736,0.419722,0.157692,0.0,0.0,0.0,0.0,0.0,0.0,0.274667,0.352001,0.0,0.0,0.159173,0.139044,0.0,0.0,0.0,0.0,0.558681,0.224192,0.15762,0.0,0.111743,0.0,0.0,0.0
372,0.209575,0.0,0.344894,0.0,0.0,0.0,0.5396,0.0,0.624841,0.147815,0.073843,0.0,0.0,0.016693,0.414027,0.607358,0.439111,0.421098,0.054405,0.0,0.203399,0.20578,0.432205,0.067425,0.0,0.0,0.0,0.0,0.0,0.0,0.217715,0.117058,0.0,0.029354,0.339326,0.142028,0.0,0.0,0.016317,0.0,0.455942,0.291372,0.16714,0.0,0.16099,0.0,0.0,0.0
373,0.190932,0.0,0.24669,0.0,0.0,0.0,0.42118,0.0,0.453,0.212695,0.0,0.0,0.0,0.244617,0.574059,0.431668,0.409294,0.42326,0.073992,0.0,0.103142,0.605445,0.0,0.1482,0.0,0.0,0.0,0.0,0.0,0.0,0.39995,0.0,0.0,0.021454,0.609508,0.0,0.0,0.0,0.0,0.0,0.406012,0.27415,0.312474,0.0,0.08441,0.0,0.0,0.0
374,0.224702,0.0,0.155769,0.0,0.051055,0.0,0.54632,0.0,0.527539,0.229206,0.211608,0.0,0.0,0.221616,0.490018,0.377232,0.465948,0.30257,0.077354,0.0,0.165975,0.305559,0.287275,0.081476,0.0,0.0,0.0,0.0,0.0,0.195478,0.36657,0.128914,0.0,0.0,0.369126,0.318411,0.0,0.0,0.050183,0.0,0.443481,0.418175,0.090888,0.0,0.173565,0.0,0.0,0.0
375,0.186669,0.0,0.196661,0.0,0.0,0.0,0.607465,0.0,0.494224,0.335112,0.170871,0.0,0.0,0.077773,0.38358,0.363212,0.59317,0.31314,0.218429,0.0,0.019446,0.453882,0.25689,0.025948,0.0,0.0,0.0,0.0,0.0,0.275817,0.342702,0.261826,0.0,0.154999,0.342301,0.39461,0.0,0.0,0.125119,0.0,0.644809,0.337728,0.058373,0.0,0.073792,0.0,0.0,0.0
376,0.366417,0.043169,0.0,0.0,0.01358,0.0,0.601625,0.0,0.139805,0.179027,0.0,0.0,0.0,0.154442,0.447426,0.439737,0.633017,0.442853,0.345764,0.0,0.0,0.330796,0.352379,0.197448,0.0,0.0,0.0,0.0,0.0,0.493477,0.350384,0.514358,0.0,0.0,0.548081,0.433234,0.0,0.381129,0.060242,0.0,0.6992,0.599093,0.067027,0.0,0.150393,0.0,0.0,0.0
377,0.321501,0.284242,0.155675,0.0,0.0,0.0,0.433372,0.0,0.253926,0.304743,0.0,0.0,0.0,0.107729,0.191184,0.31582,0.803407,0.503743,0.428104,0.0,0.0,0.509573,0.0,0.0,0.0,0.0,0.0,0.0,0.0,0.343695,0.164472,0.342728,0.0,0.06575,0.634543,0.111009,0.0,0.173528,0.0,0.0,0.691779,0.327984,0.226976,0.0,0.204161,0.065967,0.0,0.0
378,0.192968,0.199783,0.167914,0.0,0.0,0.0,0.292997,0.0,0.172525,0.278711,0.0,0.0,0.0,0.014573,0.204327,0.144643,0.786039,0.435577,0.214385,0.0,0.0,0.41244,0.145569,0.0,0.0,0.06255,0.0,0.0,0.0,0.238364,0.068077,0.34269,0.0,0.096975,0.533635,0.281212,0.0,0.0,0.038999,0.0,0.821846,0.21902,0.205893,0.0,0.035292,0.0,0.0,0.0
379,0.205803,0.109855,0.0,0.0,0.078853,0.0,0.186196,0.0,0.05317,0.02719,0.058929,0.0,0.0,0.070679,0.087894,0.038719,0.566667,0.331301,0.0,0.0,0.16513,0.0,0.488092,0.0,0.0,0.0,0.0,0.0,0.0,0.219689,0.0,0.344275,0.0,0.102579,0.247413,0.509311,0.0,0.0,0.0,0.0,0.687982,0.275388,0.192067,0.0,0.0441,0.0,0.0,0.0
380,0.055799,0.043758,0.0,0.0,0.009269,0.0,0.276891,0.0,0.170509,0.040651,0.137486,0.0,0.0,0.064849,0.0,0.080827,0.543634,0.515735,0.043467,0.0,0.045069,0.083006,0.429966,0.0,0.0,0.0,0.0,0.0,0.0,0.247739,0.0,0.411328,0.0,0.33427,0.087761,0.304636,0.0,0.0,0.0,0.0,0.641558,0.377553,0.15726,0.0,0.003707,0.0,0.0,0.0
381,0.112797,0.2318,0.0,0.0,0.005886,0.0,0.04593,0.0,0.011338,0.056565,0.049508,0.0,0.0,0.0,0.0,0.073042,0.529556,0.334643,0.153405,0.0,0.019362,0.164952,0.40074,0.087316,0.0,0.0,0.0,0.0,0.0,0.184032,0.0,0.371729,0.0,0.318036,0.152457,0.327162,0.0,0.10138,0.0,0.0,0.642271,0.205462,0.16446,0.0,0.0,0.026358,0.0,0.0
382,0.128568,0.120671,0.0,0.0,0.010608,0.0,0.020196,0.0,0.160271,0.050435,0.028357,0.0,0.0,0.087587,0.051352,0.022541,0.353221,0.332924,0.0,0.0,0.0,0.155077,0.419107,0.11585,0.0,0.0,0.0,0.0,0.0,0.32971,0.035552,0.281829,0.0,0.218217,0.257254,0.191781,0.0,0.0,0.0,0.0,0.516329,0.308381,0.15942,0.0,0.0,0.0,0.0,0.0
383,0.105156,0.04202,0.0,0.0,0.020797,0.0,0.0,0.0,0.188727,0.178031,0.080456,0.0,0.0,0.227578,0.174893,0.143066,0.19923,0.36941,0.059597,0.0,0.0,0.27809,0.151741,0.092124,0.0,0.0,0.0,0.0,0.0,0.312927,0.047328,0.123222,0.002838,0.198721,0.388206,0.115779,0.0,0.0,0.0,0.0,0.622266,0.39143,0.216351,0.0,0.0,0.0,0.0,0.0
384,0.173393,0.231578,0.0,0.0,0.0,0.0,0.03035,0.0,0.18617,0.05065,0.02864,0.0,0.0,0.05119,0.159982,0.140879,0.285132,0.295805,0.05202,0.0,0.0,0.23724,0.569938,0.025582,0.0,0.0,0.0,0.027161,0.0,0.637378,0.0,0.421725,0.131779,0.054774,0.414269,0.524338,0.0,0.0,0.0,0.0,0.672235,0.480499,0.0,0.0,0.0,0.250571,0.0,0.0
385,0.195043,0.104352,0.0,0.0,0.0,0.0,0.0,0.0,0.101143,0.199223,0.0,0.0,0.0,0.013621,0.097483,0.069976,0.360832,0.328855,0.174865,0.0,0.0,0.286473,0.477734,0.016619,0.0,0.0,0.0,0.03014,0.0,0.740092,0.0,0.425077,0.090875,0.272852,0.404118,0.538436,0.0,0.0,0.0,0.0,0.773417,0.447428,0.031407,0.0,0.0,0.230945,0.0,0.0
386,0.381384,0.108766,0.0,0.0,0.0,0.0,0.025454,0.0,0.303466,0.140573,0.027854,0.0,0.0,0.0,0.061245,0.031941,0.256895,0.367363,0.240133,0.0,0.0,0.405907,0.445094,0.0,0.0,0.0,0.0,0.042128,0.0,0.935711,0.0,0.5314,0.19632,0.0,0.58528,0.60195,0.0,0.0,0.018668,0.0,0.715144,0.498289,0.0,0.0,0.114735,0.486887,0.0,0.0
387,0.460689,0.107317,0.0,0.0,0.0,0.0,0.121351,0.0,0.401814,0.083669,0.029084,0.0,0.0,0.0,0.027381,0.0,0.196813,0.383037,0.172839,0.0,0.131073,0.195326,0.755346,0.0,0.0,0.0,0.0,0.049745,0.0,1.107915,0.0,0.453769,0.288305,0.0,0.717779,0.771906,0.0,0.0,0.0,0.0,0.579925,0.497664,0.058353,0.0,0.256752,0.57225,0.0,0.0
388,0.404913,0.0,0.0,0.0,0.070748,0.0,0.180324,0.0,0.436546,0.238645,0.21628,0.0,0.0,0.0,0.520008,0.0,0.0,0.269084,0.029172,0.0,0.0,0.400141,0.804519,0.0,0.0,0.0,0.0,0.0,0.0,1.308606,0.0,0.283306,0.330576,0.0,1.108564,0.905851,0.0,0.0,0.0,0.0,0.5872,0.694776,0.171159,0.0,0.1887,0.374196,0.0,0.0
389,0.358156,0.0,0.0,0.0,0.127838,0.031646,0.271156,0.071597,0.344282,0.231132,0.148659,0.0,0.0,0.052619,0.780156,0.0,0.0,0.284774,0.0,0.0,0.0,0.603384,0.904965,0.0,0.0,0.0,0.0,0.0,0.0,1.672761,0.0,0.314006,0.230549,0.0,1.200955,1.157333,0.0,0.0,0.0,0.0,0.616909,0.727275,0.114262,0.0,0.133721,0.408536,0.0,0.0
390,0.506169,0.0,0.0,0.0,0.064248,0.0,0.16725,0.154179,0.322815,0.432113,0.280292,0.0,0.0,0.073106,0.73766,0.0,0.0,0.315634,0.272746,0.0,0.0,0.890655,0.522268,0.0,0.0,0.0,0.0,0.0,0.0,1.621784,0.0,0.040151,0.390149,0.0,1.200129,1.023062,0.0,0.0,0.0,0.0,0.564741,0.933144,0.145074,0.0,0.376631,0.429819,0.0,0.0
391,0.56117,0.0,0.0,0.0,0.0,0.0,0.212924,0.0,0.327387,0.576551,0.392411,0.0,0.0,0.148613,0.718552,0.0,0.0,0.423803,0.557628,0.0,0.0,1.147343,0.22898,0.0,0.0,0.0,0.0,0.0,0.0,1.572886,0.0,0.0,0.555327,0.0,1.305238,1.051026,0.0,0.0,0.0,0.0,0.671391,1.043849,0.167537,0.0,0.506808,0.521799,0.0,0.0
392,0.44301,0.0,0.0,0.0,0.0,0.0,0.546868,0.0,0.310096,0.380249,0.428773,0.0,0.0,0.228917,0.812025,0.0,0.0,0.427895,0.581251,0.0,0.0,1.095618,0.463526,0.0,0.0,0.0,0.10175,0.0,0.0,1.766428,0.0,0.185334,0.683011,0.0,1.330735,1.525092,0.0,0.0,0.0,0.0,0.784884,1.23741,0.0,0.0,0.593943,0.750563,0.0,0.0
393,0.56869,0.0,0.0,0.0,0.0,0.0,0.531895,0.0,0.357939,0.464846,0.511558,0.0,0.0,0.246366,0.704521,0.079705,0.0,0.586113,0.790686,0.0,0.167678,1.28054,0.171028,0.0,0.0,0.0,0.159489,0.0,0.0,1.745999,0.0,0.147,0.697483,0.0,1.145172,1.465963,0.0,0.0,0.0,0.0,0.792727,1.184622,0.0,0.0,0.71399,0.829817,0.0,0.0
394,0.560146,0.0,0.0,0.0,0.004864,0.0,0.527162,0.0,0.332267,0.459075,0.593439,0.0,0.0,0.358122,0.826664,0.037724,0.0,0.5733,0.698949,0.0,0.193541,1.202635,0.196171,0.0,0.0,0.0,0.25418,0.0,0.0,1.695772,0.0,0.02058,0.702991,0.0,1.215628,1.562792,0.0,0.0,0.0,0.0,0.858106,1.127985,0.0,0.0,0.672672,0.794031,0.0,0.0
395,0.376839,0.0,0.0,0.0,0.0,0.0,0.544304,0.0,0.09483,0.584535,0.654522,0.0,0.0,0.527402,1.137452,0.141101,0.0,0.685481,0.730987,0.0,0.0,1.366786,0.023412,0.0,0.0,0.0,0.237782,0.0,0.0,1.846179,0.0,0.0,0.641481,0.0,1.192823,1.48869,0.0,0.0,0.0,0.0,0.873165,1.224003,0.045423,0.0,0.58199,0.79767,0.0,0.0
396,0.346726,0.0,0.0,0.0,0.078695,0.0,0.506748,0.075774,0.040104,0.489515,0.669129,0.0,0.0,0.493769,1.18865,0.0,0.0,0.564968,0.548451,0.0,0.0,1.167779,0.262689,0.0,0.0,0.0,0.160698,0.0,0.0,1.847373,0.0,0.0,0.584193,0.0,1.246898,1.56801,0.0,0.0,0.0,0.0,0.82075,1.009002,0.088746,0.0,0.440292,0.703306,0.0,0.0
397,0.246551,0.0,0.0,0.0,0.0,0.0,0.539419,0.14078,0.0,0.321058,0.780978,0.0,0.0,0.486451,1.136016,0.0,0.0,0.598453,0.669493,0.0,0.031506,1.251666,0.381086,0.0,0.0,0.0,0.243584,0.0,0.0,1.855331,0.0,0.107453,0.508239,0.0,1.09548,1.707424,0.0,0.046362,0.0,0.0,0.794807,0.922938,0.0,0.0,0.352843,0.846673,0.0,0.0
398,0.174613,0.0,0.0,0.0,0.075285,0.0,0.39397,0.30684,0.0,0.343952,0.872837,0.0,0.0,0.489686,1.105517,0.0,0.0,0.627204,0.715939,0.0,0.0,1.394796,0.280052,0.0,0.0,0.0,0.287782,0.0,0.0,1.69,0.0,0.082934,0.431049,0.0,1.161623,1.71416,0.0,0.010786,0.0,0.0,0.931114,0.92647,0.0,0.0,0.222947,0.780756,0.0,0.0
399,0.389305,0.0,0.0,0.0,0.046046,0.0,0.380448,0.212962,0.0,0.430355,0.783515,0.0,0.0,0.491606,1.051282,0.0,0.0,0.719444,0.740154,0.0,0.204731,1.134593,0.257412,0.0,0.0,0.0,0.209961,0.0,0.0,1.771868,0.0,0.0,0.652801,0.0,1.122084,1.626723,0.0,0.060591,0.0,0.0,0.789777,0.896618,0.161684,0.0,0.38186,0.807191,0.0,0.0
400,0.449277,0.0,0.0,0.0,0.259306,0.0,0.238083,0.213147,0.0,0.523633,0.782901,0.0,0.0,0.557703,1.188292,0.0,0.0,0.668057,0.514044,0.0,0.03559,1.123327,0.277069,0.0,0.0,0.0,0.241374,0.0,0.0,1.877981,0.0,0.0,0.704154,0.0,1.368595,1.718034,0.0,0.0,0.0,0.0,0.893531,0.985386,0.119847,0.0,0.267696,0.696401,0.0,0.0
401,0.55108,0.0,0.0,0.0,0.07603,0.0,0.364335,0.0,0.0,0.488786,0.846601,0.0,0.0,0.683018,1.142037,0.0,0.0,0.867757,0.888719,0.0,0.0,1.341151,0.14497,0.0,0.0,0.0,0.387876,0.0,0.0,1.971191,0.0,0.0,0.739717,0.0,1.308989,1.57777,0.0,0.32855,0.0,0.0,0.919469,1.230502,0.024948,0.0,0.544186,0.95953,0.0,0.0
402,0.195794,0.0,0.0,0.0,0.0,0.0,0.433592,0.0,0.0,0.560117,0.72385,0.0,0.0,0.483564,0.997293,0.024534,0.0,0.821577,1.006826,0.0,0.0,1.43992,0.0,0.0,0.0,0.0,0.27632,0.0,0.0,1.73342,0.0,0.0,0.667878,0.0,1.195107,1.590028,0.0,0.171706,0.0,0.0,0.966051,1.165075,0.00464,0.0,0.381488,0.861191,0.0,0.0
403,0.148458,0.0,0.0,0.0,0.0,0.0,0.354991,0.0,0.0,0.5267,0.72845,0.0,0.0,0.454497,1.011018,0.0,0.0,0.665292,0.875094,0.0,0.0,1.414211,0.029705,0.0,0.0,0.0,0.28046,0.0,0.0,1.585959,0.0,0.0,0.560177,0.0,1.204046,1.564287,0.0,0.061729,0.0,0.0,0.972329,1.167565,0.0,0.0,0.311706,0.724479,0.0,0.0
404,0.206305,0.0,0.0,0.0,0.0,0.0,0.232661,0.0,0.0,0.549143,0.42699,0.0,0.0,0.324341,1.060578,0.0,0.0,0.552546,0.828832,0.0,0.0,1.424704,0.053586,0.0,0.0,0.0,0.074658,0.0,0.0,1.495387,0.0,0.00383,0.52614,0.0,1.215378,1.437284,0.0,0.112865,0.0,0.0,0.887918,1.053545,0.0,0.0,0.162045,0.657631,0.0,0.0
405,0.273903,0.0,0.0,0.0,0.098903,0.0,0.133105,0.064518,0.138993,0.554552,0.532169,0.0,0.0,0.441808,0.757412,0.0,0.0,0.421695,0.461784,0.0,0.195102,0.742469,0.209654,0.0,0.0,0.0,0.118485,0.0,0.0,1.057716,0.0,0.0,0.620969,0.0,0.827418,0.95855,0.0,0.0,0.0,0.0,0.592929,0.756295,0.262496,0.0,0.391216,0.479976,0.0,0.0
406,0.207383,0.0,0.0,0.0,0.0,0.0,0.11139,0.009774,0.057186,0.235489,0.439745,0.0,0.0,0.160559,0.600187,0.0,0.0,0.327474,0.507198,0.0,0.132238,0.849374,0.261286,0.0,0.0,0.0,0.032178,0.0,0.0,0.908169,0.0,0.0,0.575349,0.0,0.622872,0.917198,0.0,0.0,0.0,0.0,0.427707,0.723709,0.006816,0.0,0.251201,0.532914,0.0,0.0
407,0.044096,0.0,0.0,0.0,0.038153,0.0,0.121257,0.118474,0.173541,0.156102,0.457718,0.0,0.0,0.148569,0.548872,0.060201,0.0,0.306223,0.33061,0.0,0.168723,0.772002,0.289401,0.0,0.0,0.0,0.193901,0.0,0.0,0.599738,0.0,0.0,0.488211,0.015967,0.434234,0.836754,0.0,0.0,0.0,0.0,0.386563,0.644607,0.0,0.0,0.183213,0.392456,0.0,0.0
408,0.0,0.0,0.0,0.0,0.0,0.0,0.268148,0.0,0.346331,0.393136,0.511947,0.0,0.0,0.20166,0.572621,0.097119,0.010229,0.475369,0.342287,0.0,0.063728,0.769038,0.083486,0.016885,0.0,0.0,0.02037,0.0,0.0,0.378326,0.0,0.0,0.38191,0.216062,0.405318,0.587601,0.0,0.0,0.0,0.0,0.520839,0.558637,0.1646,0.0,0.116787,0.167453,0.0,0.0
409,0.047731,0.0,0.0,0.0,0.04325,0.0,0.309914,0.002481,0.391565,0.318643,0.323416,0.0,0.0,0.165524,0.587504,0.100823,0.03721,0.402233,0.282292,0.0,0.177256,0.632842,0.234962,0.0,0.0,0.0,0.0,0.0,0.0,0.438609,0.055735,0.0,0.375903,0.18699,0.497965,0.504899,0.0,0.0,0.0,0.0,0.339271,0.557185,0.266805,0.0,0.246847,0.11135,0.0,0.0
410,0.072527,0.0,0.007663,0.0,0.007329,0.0,0.35018,0.0,0.372298,0.481687,0.304331,0.0,0.0,0.270265,0.645999,0.180657,0.223056,0.456443,0.400078,0.0,0.041875,0.827202,0.046002,0.0,0.0,0.0,0.0,0.0,0.0,0.386392,0.108968,0.0,0.152287,0.034169,0.703177,0.463076,0.0,0.083127,0.0,0.0,0.595572,0.600145,0.298927,0.0,0.214618,0.0,0.0,0.0
411,0.19709,0.0,0.037439,0.0,0.179744,0.0,0.699485,0.0,0.656821,0.428088,0.391234,0.0,0.0,0.342098,0.640351,0.08019,0.385754,0.510909,0.398338,0.0,0.320417,0.552456,0.393823,0.0,0.0,0.0,0.033053,0.0,0.0,0.556959,0.061921,0.079843,0.31841,0.0,0.816596,0.856959,0.0,0.0,0.0,0.0,0.755429,0.651703,0.278169,0.0,0.393348,0.0,0.0,0.0
412,0.38125,0.0,0.0,0.0,0.10576,0.0,0.986619,0.0,0.480214,0.339571,0.248182,0.0,0.0,0.408515,0.677343,0.261275,0.327375,0.731305,0.547959,0.0,0.291653,0.68762,0.374509,0.0,0.0,0.0,0.117881,0.0,0.0,0.931269,0.0,0.43091,0.282314,0.0,0.752254,0.996134,0.0,0.347351,0.0,0.0,0.738967,0.935391,0.097332,0.0,0.59148,0.153122,0.0,0.0
413,0.30217,0.0,0.0,0.0,0.081258,0.0,1.008727,0.0,0.451511,0.566132,0.256787,0.0,0.0,0.571595,0.788192,0.341878,0.332728,0.796923,0.564233,0.0,0.03374,0.928269,0.023784,0.0,0.0,0.0,0.152138,0.0,0.0,0.862433,0.121523,0.342559,0.08658,0.0,0.935868,0.922178,0.0,0.325105,0.0,0.0,1.07442,1.025931,0.117412,0.0,0.457016,0.0,0.0,0.0
414,0.35486,0.0,0.251895,0.0,0.072879,0.0,0.94017,0.0,0.66594,0.474222,0.277917,0.0,0.0,0.428137,0.577964,0.320273,0.579549,0.748482,0.66337,0.0,0.147354,1.125541,0.0,0.0,0.0,0.0,0.167241,0.0,0.0,0.600676,0.0,0.427469,0.009473,0.0,0.993635,0.957409,0.0,0.021921,0.097292,0.0,1.25122,0.871155,0.119966,0.0,0.374791,0.022075,0.0,0.0
415,0.498123,0.109149,0.2098,0.0,0.03839,0.0,1.053479,0.0,0.921873,0.542304,0.035703,0.0,0.0,0.333091,0.324995,0.176556,0.714552,0.804024,0.685157,0.0,0.168755,0.80608,0.147877,0.0,0.0,0.0,0.0,0.0,0.0,0.591235,0.0,0.495776,0.160122,0.0,1.01858,0.72525,0.0,0.144273,0.207384,0.0,1.208425,0.747457,0.152568,0.0,0.464879,0.026619,0.0,0.0
416,0.542795,0.166265,0.049097,0.0,0.0,0.0,0.905292,0.0,0.889936,0.668391,0.0,0.0,0.0,0.200757,0.14727,0.0,0.63392,0.791447,0.611331,0.0,0.358532,0.637449,0.418872,0.0,0.0,0.0,0.0,0.0,0.0,0.327343,0.147358,0.371635,0.285576,0.076579,0.92918,0.593355,0.0,0.133106,0.186898,0.0,1.097122,0.598466,0.270309,0.0,0.419664,0.0,0.0,0.0
417,0.530177,0.096273,0.0,0.0,0.167597,0.0,0.823683,0.0,1.021922,0.438105,0.0,0.0,0.0,0.0,0.0,0.0,0.477367,0.466337,0.140433,0.0,0.451881,0.200256,1.033672,0.0,0.0,0.0,0.0,0.0,0.0,0.128829,0.393073,0.438337,0.306161,0.40965,0.785143,0.724822,0.0,0.0,0.329093,0.0,0.825641,0.357879,0.337402,0.0,0.306014,0.0,0.054067,0.0
418,0.367838,0.191442,0.0,0.0,0.09106,0.027144,0.572092,0.0,1.111645,0.426339,0.0,0.0,0.0,0.0,0.0,0.0,0.422076,0.391613,0.0,0.0,0.410298,0.156243,1.074447,0.0,0.0,0.0,0.0,0.0,0.0,0.0,0.35452,0.292854,0.222047,0.817717,0.539203,0.406792,0.0,0.0,0.37171,0.034539,0.622753,0.21305,0.491909,0.0,0.143668,0.0,0.274746,0.0
419,0.288007,0.434023,0.0,0.08106,0.0,0.0,0.456921,0.0,1.233418,0.650265,0.0,0.0,0.0,0.0,0.0,0.0,0.500642,0.466457,0.240543,0.0,0.440707,0.384249,1.015427,0.0,0.0,0.0,0.0,0.263186,0.0,0.0,0.177401,0.125445,0.551066,0.845094,0.35558,0.328651,0.0,0.0,0.18502,0.127037,0.600878,0.116244,0.303614,0.0,0.167601,0.0,0.420267,0.0
420,0.015714,0.41374,0.0,0.03923,0.0,0.0,0.285623,0.0,0.96963,0.524045,0.0,0.0,0.0,0.11902,0.0,0.0,0.374621,0.471096,0.207675,0.0,0.471932,0.297883,0.680029,0.0,0.0,0.0,0.0,0.351868,0.078782,0.0,0.189901,0.014568,0.428099,0.86417,0.26051,0.0,0.0,0.0,0.023332,0.043498,0.418218,0.111498,0.417253,0.0,0.120577,0.0,0.240933,0.0
421,0.0,0.265337,0.0,0.007402,0.093655,0.0,0.267949,0.0,1.017571,0.51068,0.0,0.0,0.0,0.0,0.0,0.0,0.43283,0.43284,0.203256,0.0,0.363825,0.067273,0.947312,0.0,0.0,0.0,0.0,0.268195,0.266472,0.0,0.161021,0.21775,0.493518,1.041291,0.010522,0.026836,0.0,0.0,0.002866,0.142147,0.347363,0.103423,0.303473,0.0,0.119981,0.0,0.294998,0.0
422,0.0,0.20939,0.0,0.0,0.237566,0.0,0.0,0.126744,0.86474,0.415514,0.111662,0.0,0.0,0.0,0.0,0.0,0.288633,0.5105,0.026996,0.0,0.175564,0.098822,0.914866,0.0,0.0,0.0,0.0,0.309238,0.367376,0.0,0.109251,0.134075,0.521728,0.888003,0.128911,0.030716,0.0,0.0,0.0,0.0237,0.302172,0.177811,0.278498,0.0,0.0,0.0,0.382394,0.0
423,0.0,0.017602,0.0,0.0,0.436087,0.065145,0.0,0.273376,0.745604,0.228904,0.236831,0.0,0.0,0.0,0.082784,0.0,0.168607,0.472397,0.0,0.0,0.019048,0.19056,0.921568,0.0,0.0,0.0,0.0,0.131688,0.270391,0.0,0.0,0.270652,0.543396,0.92416,0.096932,0.197406,0.0,0.0,0.0,0.0,0.156181,0.242888,0.204881,0.0,0.0,0.0,0.518721,0.0
424,0.0,0.0,0.0,0.0,0.564022,0.0,0.0,0.357702,0.741877,0.253563,0.415467,0.0,0.0,0.138326,0.061198,0.0,0.0,0.631129,0.00875,0.0,0.076097,0.342234,0.929284,0.0,0.0,0.0,0.0,0.180173,0.385368,0.0,0.0,0.137276,0.826533,0.939715,0.0,0.21923,0.0,0.0,0.0,0.0,0.029476,0.284418,0.153383,0.0,0.0,0.254023,0.56116,0.0
425,0.0,0.0,0.0,0.0,0.73056,0.023636,0.0,0.544478,0.770013,0.353326,0.516453,0.0,0.0,0.136249,0.186457,0.0,0.0,0.768936,0.0,0.0,0.0,0.582429,1.171556,0.0,0.0,0.0,0.0,0.095663,0.597645,0.135284,0.0,0.0,1.093917,0.925197,0.0,0.586856,0.0,0.0,0.0,0.0,0.037073,0.359733,0.0,0.0,0.0,0.448135,0.464928,0.0
426,0.0,0.0,0.0,0.0,0.707026,0.023086,0.0,0.631534,1.030344,0.566467,0.583103,0.0,0.0,0.17788,0.325412,0.0,0.0,0.775082,0.0,0.0,0.0,0.439964,1.334946,0.0,0.0,0.0,0.0,0.146312,0.668562,0.279618,0.0,0.0,1.385678,1.11833,0.141088,0.453064,0.0,0.0,0.0,0.0,0.0,0.381961,0.099918,0.0,0.0,0.51732,0.498763,0.0
427,0.0,0.0,0.0,0.0,0.690757,0.059529,0.0,0.640168,0.931806,0.733814,0.626018,0.0,0.0,0.280485,0.332746,0.0,0.0,0.676002,0.0,0.0,0.0,0.431786,1.201258,0.0,0.0,0.0,0.0,0.052729,0.54373,0.087602,0.0,0.0,1.37352,1.258492,0.0,0.486471,0.0,0.0,0.0,0.0,0.0,0.270917,0.152399,0.0,0.0,0.420531,0.603051,0.0
428,0.0,0.0,0.0,0.0,0.532217,0.156511,0.0,0.575763,0.86873,0.551312,0.532269,0.0,0.0,0.248233,0.343715,0.0,0.0,0.707108,0.085657,0.0,0.0,0.394466,1.095872,0.0,0.0,0.0,0.0,0.249328,0.77534,0.264709,0.0,0.0,1.336656,1.384353,0.066302,0.324801,0.0,0.0,0.0,0.0,0.0,0.449808,0.107596,0.0,0.0,0.420379,0.677586,0.0
429,0.0,0.0,0.0,0.0,0.567533,0.196398,0.0,0.598899,0.670189,0.487712,0.458106,0.0,0.0,0.152646,0.397878,0.0,0.0,0.575696,0.0,0.0,0.0,0.542006,1.01987,0.0,0.0,0.0,0.0,0.194673,0.591796,0.255529,0.0,0.0,1.206592,1.290605,0.032492,0.524275,0.0,0.0,0.0,0.0,0.0,0.445877,0.0,0.0,0.0,0.374683,0.550185,0.0
430,0.0,0.0,0.0,0.0,0.502748,0.0,0.0,0.300084,0.626874,0.568961,0.415678,0.0,0.0,0.209163,0.063552,0.0,0.0,0.725441,0.19004,0.0,0.0,0.531416,0.943556,0.0,0.0,0.0,0.0,0.0,0.387983,0.0,0.0,0.056622,1.064326,0.989201,0.0,0.337139,0.0,0.0,0.0,0.0,0.033507,0.315078,0.0,0.0,0.0,0.333748,0.439623,0.0
431,0.0,0.0,0.0,0.0,0.619422,0.008741,0.0,0.442992,0.634719,0.642053,0.515988,0.0,0.0,0.2747,0.237895,0.0,0.0,0.694899,0.0,0.0,0.0,0.45713,0.905047,0.0,0.0,0.0,0.0,0.0,0.368595,0.0,0.004384,0.0,0.948789,0.947482,0.033157,0.335364,0.0,0.0,0.0,0.0,0.116718,0.278382,0.241421,0.0,0.0,0.211322,0.418951,0.0
432,0.0,0.0,0.0,0.0,0.586487,0.031074,0.0,0.346839,0.60674,0.327117,0.48374,0.0,0.0,0.061753,0.098012,0.0,0.059115,0.577218,0.0,0.0,0.0,0.364684,0.979944,0.0,0.0,0.0,0.0,0.0,0.322972,0.0,0.0,0.045618,0.833138,0.832757,0.05471,0.458489,0.0,0.0,0.0,0.0,0.005794,0.303306,0.078767,0.0,0.0,0.162489,0.50899,0.0
433,0.0,0.0,0.0,0.0,0.536686,0.261742,0.0,0.432182,0.56496,0.435208,0.409617,0.0,0.0,0.099485,0.234569,0.0,0.133273,0.540175,0.0,0.0,0.0,0.31122,0.714658,0.0,0.0,0.0,0.0,0.0,0.212258,0.0,0.0,0.0,0.685999,1.01733,0.0,0.151611,0.0,0.0,0.0,0.013784,0.0,0.189662,0.359374,0.0,0.0,0.0,0.385144,0.0
434,0.0,0.021219,0.0,0.0,0.364422,0.077277,0.0,0.449176,0.740018,0.473999,0.351986,0.0,0.0,0.0,0.184244,0.0,0.167117,0.52688,0.075126,0.0,0.010364,0.082519,0.828005,0.0,0.0,0.0,0.0,0.0,0.112968,0.0,0.0,0.184292,0.786667,0.99132,0.0,0.093438,0.0,0.0,0.0,0.076556,0.0,0.241676,0.383704,0.0,0.0,0.0,0.432076,0.0
435,0.0,0.0,0.0,0.0,0.605394,0.229534,0.0,0.626676,0.771065,0.316107,0.585128,0.0,0.0,0.022989,0.238827,0.0,0.04472,0.458182,0.0,0.0,0.0,0.200292,0.814885,0.0,0.0,0.0,0.0,0.0,0.181217,0.0,0.0,0.0,0.804287,0.904935,0.0,0.214286,0.0,0.0,0.0,0.0,0.0,0.145127,0.368123,0.0,0.0,0.145604,0.558435,0.0
436,0.0,0.0,0.0,0.0,0.381303,0.211409,0.0,0.619754,0.778389,0.333988,0.470962,0.011443,0.0,0.0,0.349681,0.0,0.045327,0.560001,0.029125,0.0,0.0,0.288861,0.713067,0.0,0.0,0.0,0.0,0.0,0.117234,0.0,0.0,0.098015,0.708972,0.903472,0.0,0.049519,0.0,0.0,0.0,0.007375,0.0,0.13181,0.376341,0.0,0.0,0.115801,0.460724,0.0
437,0.0,0.0,0.0,0.0,0.436754,0.194658,0.0,0.634333,0.804409,0.402626,0.520936,0.128691,0.0,0.125888,0.30627,0.0,0.109296,0.563908,0.019232,0.0,0.0,0.263861,0.545283,0.0,0.0,0.0,0.0,0.0,0.107388,0.0,0.051042,0.0,0.745064,0.879397,0.0,0.121616,0.0,0.0,0.0,0.034791,0.0,0.193607,0.39174,0.0,0.0,0.135827,0.448164,0.0
438,0.0,0.0,0.0,0.0,0.457749,0.245281,0.0,0.610783,0.734009,0.189144,0.466951,0.122593,0.0,0.161051,0.276135,0.0,0.305411,0.439749,0.0,0.0,0.0,0.174375,0.458813,0.0,0.0,0.0,0.0,0.0,0.08639,0.0,0.0,0.0,0.600008,0.98915,0.0,0.225956,0.0,0.0,0.0,0.148707,0.0,0.248198,0.439981,0.0,0.0,0.024532,0.534489,0.0
439,0.0,0.0,0.0,0.0,0.176236,0.131418,0.0,0.371301,0.503709,0.267259,0.303302,0.039087,0.0,0.279789,0.323863,0.0,0.095623,0.569416,0.063643,0.0,0.086816,0.474849,0.033298,0.037788,0.0,0.0,0.0,0.0,0.0,0.0,0.0,0.018245,0.304712,0.667787,0.0,0.0,0.0,0.16015,0.0,0.077255,0.058925,0.285511,0.368049,0.0,0.0,0.0,0.367718,0.0
440,0.0,0.0,0.101383,0.05775,0.022257,0.134374,0.0,0.176227,0.429049,0.234107,0.147098,0.0,0.0,0.174745,0.271937,0.106326,0.174442,0.568506,0.041593,0.0,0.103448,0.501548,0.061661,0.145587,0.0,0.0,0.0,0.0,0.0,0.0,0.0,0.114796,0.108821,0.620373,0.0,0.0,0.0,0.177175,0.0,0.151818,0.075718,0.32163,0.355152,0.0,0.0,0.0,0.347748,0.0
441,0.0,0.0,0.0,0.115485,0.171174,0.175971,0.0,0.200247,0.420348,0.128921,0.160337,0.0,0.0,0.21104,0.247957,0.0,0.339373,0.510957,0.005674,0.0,0.047716,0.470008,0.085635,0.0,0.0,0.0,0.0,0.0,0.0,0.0,0.0,0.054036,0.032612,0.826379,0.0,0.069741,0.0,0.187552,0.0,0.361013,0.022649,0.332752,0.433605,0.0,0.0,0.0,0.337368,0.0
442,0.0,0.0,0.0,0.100094,0.182068,0.226586,0.0,0.263145,0.415727,0.287226,0.207125,0.0,0.0,0.243157,0.292043,0.010807,0.328683,0.5507,0.049365,0.0,0.078312,0.502262,0.123505,0.04501,0.0,0.0,0.0,0.0,0.0,0.0,0.0,0.032835,0.138227,0.748111,0.0,0.124059,0.0,0.127787,0.0,0.436953,0.003731,0.393046,0.463171,0.0,0.0,0.0,0.407621,0.0
443,0.0,0.0,0.0,0.119726,0.272219,0.174467,0.024259,0.339669,0.432363,0.285081,0.263056,0.0,0.0,0.13969,0.301693,0.0,0.391387,0.535754,0.073096,0.0,0.188827,0.352006,0.302746,0.0,0.0,0.0,0.0,0.0,0.0,0.0,0.0,0.094606,0.301415,0.841139,0.0,0.315071,0.0,0.105909,0.0,0.403962,0.0,0.334956,0.449265,0.0,0.0,0.0,0.419483,0.0
444,0.0,0.0,0.0,0.0,0.366877,0.422635,0.0,0.693768,0.568697,0.436492,0.36084,0.119402,0.0,0.308517,0.552553,0.0,0.116219,0.562981,0.0,0.0,0.046773,0.533278,0.122676,0.0,0.0,0.0,0.0,0.0,0.0,0.0,0.0,0.0,0.363876,0.740525,0.0,0.035612,0.0,0.078983,0.0,0.233661,0.010607,0.324622,0.715549,0.0,0.0,0.0,0.510807,0.0
445,0.0,0.0,0.0,0.0,0.503921,0.359247,0.0,0.719184,0.624547,0.299735,0.427521,0.113975,0.0,0.250624,0.483636,0.0,0.225966,0.505145,0.0,0.0,0.073931,0.364451,0.306916,0.0,0.0,0.0,0.041509,0.0,0.069294,0.0,0.031779,0.0,0.503145,0.779578,0.0,0.269505,0.0,0.0,0.0,0.206179,0.0,0.231721,0.618341,0.0,0.0,0.033356,0.512269,0.0
446,0.0,0.0,0.0,0.0,0.255958,0.171979,0.0,0.596567,0.641141,0.551045,0.427111,0.154529,0.0,0.111359,0.614437,0.0,0.0,0.705422,0.070454,0.0,0.0,0.386388,0.209316,0.0,0.0,0.0,0.077615,0.0,0.0,0.0,0.145054,0.0,0.526978,0.545643,0.0,0.055626,0.0,0.0,0.0,0.0,0.0,0.213281,0.534207,0.0,0.0,0.136509,0.251548,0.0
447,0.0,0.0,0.061076,0.0,0.143144,0.246038,0.0,0.644262,0.617461,0.188578,0.351759,0.077112,0.0,0.0,0.742288,0.0,0.000393,0.531158,0.0,0.0,0.0,0.372527,0.436523,0.0,0.0,0.0,0.0,0.0,0.0,0.0,0.036971,0.031598,0.374028,0.635642,0.0,0.042143,0.0,0.0,0.0,0.0,0.0,0.074532,0.460504,0.0,0.0,0.102483,0.38706,0.0
448,0.0,0.0,0.080496,0.0,0.085517,0.241882,0.0,0.543595,0.579264,0.204966,0.366476,0.039088,0.0,0.0,0.743821,0.0,0.0,0.505465,0.0,0.0,0.0,0.28741,0.420238,0.0,0.0,0.0,0.005541,0.0,0.0,0.0,0.052213,0.096761,0.256283,0.588806,0.0,0.004511,0.0,0.0,0.0,0.0,0.0,0.126594,0.421183,0.0,0.0,0.090202,0.272003,0.0
449,0.0,0.0,0.204132,0.0,0.029758,0.224729,0.0,0.557557,0.649184,0.080048,0.347244,0.0,0.0,0.0,0.412208,0.0,0.268653,0.160182,0.008488,0.0,0.029219,0.0,0.796956,0.0,0.0,0.0,0.122813,0.0,0.0,0.0,0.0,0.298176,0.351363,0.747867,0.0,0.37086,0.0,0.0,0.0,0.0,0.0,0.119402,0.20774,0.0,0.0,0.185548,0.36972,0.0
