time_index,z0,z1,z2,z3,z4,z5,z6,z7,z8,z9,z10,z11,z12,z13,z14,z15,z16,z17,z18,z19,z20,z21,z22,z23,z24,z25,z26,z27,z28,z29,z30,z31,z32,z33,z34,z35,z36,z37,z38,z39,z40,z41,z42,z43,z44,z45,z46,z47
0,1.142004,2.170878,0.529174,1.168833,1.715912,0.0,2.256498,0.0,2.556829,0.51455,0.200728,2.062049,2.944035,0.700338,3.438905,0.114131,1.04861,0.0,2.290948,0.0,2.311453,0.539142,0.293666,3.090145,0.0,0.0,0.0,1.29006,0.176062,0.431175,0.703536,0.0,0.039731,0.368425,2.812274,2.810256,0.022295,0.0,2.100897,2.054257,1.81278,0.0,4.226995,0.0,0.64524,0.937466,0.0,0.0
1,1.227511,1.879343,0.576669,1.151951,1.74831,0.0,2.151075,0.0,2.312446,0.580897,0.24003,2.168823,2.61556,0.714017,3.158745,0.218608,1.128694,0.0,2.151936,0.0,2.053587,0.515256,0.390919,3.018826,0.0,0.0,0.0,1.292403,0.156672,0.120656,0.468699,0.0,0.116526,0.462881,2.719855,2.497096,0.0,0.0,2.144063,1.717248,1.654833,0.0,3.914583,0.0,0.919847,1.151858,0.0,0.0
2,1.150628,1.755735,0.206009,0.926181,1.515912,0.0,1.92407,0.0,2.164513,0.532002,0.343343,1.712754,2.406836,0.662135,3.023371,0.083553,1.058409,0.035536,2.130472,0.0,1.856346,0.369269,0.598009,2.972092,0.0,0.0,0.0,1.61447,0.179253,0.174731,0.441702,0.0,0.163965,0.387761,2.672886,2.498085,0.0,0.0,1.772907,1.290443,1.645399,0.0,3.737117,0.0,0.668542,1.370068,0.0,0.0
3,1.386272,1.354903,0.184045,0.850319,1.35285,0.0,1.8804,0.0,1.893369,0.390216,0.318243,1.520357,2.019945,0.533699,2.650071,0.111628,1.001511,0.141526,1.958752,0.0,1.614212,0.084847,0.610816,2.59683,0.0,0.0,0.0,1.585929,0.163677,0.197426,0.26287,0.0,0.33031,0.486131,2.502967,2.045909,0.0,0.0,1.891433,0.972057,1.724479,0.0,3.458706,0.071026,0.7518,1.472804,0.0,0.0
4,1.351046,1.084351,0.169214,0.683029,1.208938,0.0,1.48083,0.0,1.685293,0.161474,0.121766,1.204859,1.513549,0.525979,2.192132,0.318451,0.735253,0.36957,1.855086,0.0,1.503166,0.087727,0.647771,2.053812,0.0,0.0,0.0,1.29045,0.218685,0.034728,0.423495,0.0,0.256587,0.603647,2.231467,1.468778,0.0,0.0,1.841102,0.801033,1.396076,0.0,2.696542,0.154885,0.559864,1.243652,0.0,0.0
5,1.357094,0.825251,0.160075,0.590414,0.968318,0.0,1.335873,0.0,1.38067,0.068407,0.015,1.111283,1.128324,0.412822,1.726687,0.479729,0.491256,0.374841,1.533829,0.0,1.346246,0.0,0.668633,1.481959,0.0,0.0,0.0,0.942726,0.285172,0.0,0.509181,0.0,0.309592,0.741557,1.855772,0.94006,0.0,0.0,1.883344,0.641838,1.193263,0.0,2.053224,0.290731,0.616717,1.084564,0.0,0.0
6,0.990007,0.886333,0.17486,0.717355,0.993058,0.0,1.425013,0.0,1.323152,0.0,0.098136,0.973314,1.133865,0.268637,1.651916,0.247992,0.342256,0.338559,1.328372,0.0,1.177166,0.0,0.308416,1.277775,0.0,0.0,0.0,0.610859,0.130473,0.072773,0.36445,0.0,0.279067,0.678476,1.350659,0.98,0.0,0.0,1.68656,0.842991,1.240148,0.0,1.896957,0.265691,0.70196,1.010539,0.0,0.0
7,0.651133,0.935537,0.032576,0.667349,0.797289,0.0,1.175956,0.0,1.233768,0.0,0.064422,0.899575,1.17166,0.342497,1.374806,0.169235,0.19782,0.277532,1.432041,0.0,0.879502,0.0,0.056591,1.177586,0.0,0.0,0.0,0.449194,0.016837,0.0,0.418045,0.0,0.260248,0.53264,0.910276,0.897659,0.0,0.0,1.412081,0.869932,1.020434,0.0,1.495714,0.262213,0.558886,0.963415,0.0,0.0
8,0.448535,0.754002,0.0,0.54454,0.597086,0.0,1.152539,0.043041,1.173272,0.118998,0.011496,0.828142,1.297699,0.542841,1.183489,0.196741,0.193211,0.120342,1.283508,0.0,0.624087,0.0,0.0,0.858184,0.126156,0.0,0.0,0.148318,0.0,0.0,0.598111,0.0,0.086438,0.26422,0.62358,0.810889,0.0,0.0,1.112748,0.914706,0.729918,0.0,1.20647,0.207241,0.467352,0.84159,0.0,0.0
9,0.495474,0.480102,0.0,0.285102,0.479549,0.0,0.931311,0.23935,0.881299,0.257117,0.0,0.718072,1.113686,0.633772,0.833874,0.449398,0.179771,0.095971,0.780811,0.0,0.678772,0.0,0.0,0.49001,0.354487,0.0,0.0,0.050159,0.0,0.039021,0.543731,0.041922,0.0,0.154206,0.31202,0.987903,0.0,0.0,0.719669,0.789076,0.62624,0.0,0.899561,0.380665,0.604156,0.806408,0.0,0.0
10,0.253043,0.358226,0.0,0.027543,0.256176,0.182319,0.886527,0.504831,0.637502,0.372905,0.0,0.464495,1.029902,0.728129,0.4826,0.244392,0.498529,0.007958,0.365628,0.0,0.512775,0.0,0.018261,0.166883,0.820297,0.0,0.0,0.0,0.096684,0.063461,0.611326,0.033035,0.0,0.028341,0.009745,1.100679,0.0,0.08397,0.090388,0.705131,0.447553,0.0,0.758262,0.366542,0.504999,0.651761,0.0,0.0
11,0.08821,0.334325,0.024986,0.002079,0.158015,0.131094,0.82413,0.614101,0.500323,0.304783,0.0,0.33925,1.027658,0.620406,0.482427,0.198539,0.575104,0.075393,0.339414,0.0,0.462748,0.0,0.0,5e-06,0.967942,0.0,0.0,0.0,0.0,0.211689,0.532869,0.0,0.0,0.019411,0.0,1.022698,0.0,0.137015,0.059407,0.815535,0.480787,0.0,0.661689,0.484718,0.461719,0.622662,0.0,0.0
12,0.295544,0.442607,0.137761,0.09122,0.191646,0.341204,0.464085,0.541206,0.294264,0.488978,0.0,0.299886,0.767392,0.289576,0.148814,0.11162,0.603078,0.137889,0.021668,0.0,0.437208,0.0,0.0,0.0,0.758716,0.0,0.0,0.158456,0.14445,0.055705,0.443455,0.0,0.0,0.203906,0.0,1.146623,0.0,0.300096,0.18638,0.538953,0.798834,0.0,0.497694,0.339556,0.594258,0.428781,0.0,0.0
13,0.33631,0.405515,0.213109,0.0,0.094896,0.307051,0.503231,0.434692,0.304635,0.148157,0.0,0.357313,0.571725,0.526543,0.495113,0.123221,0.477652,0.31832,0.131291,0.0,0.556204,0.0,0.0,0.0,0.599127,0.0,0.0,0.0,0.09771,0.0,0.568595,0.211698,0.0,0.206216,0.0,0.947335,0.0,0.134161,0.24668,0.868118,0.502468,0.0,0.262319,0.48542,0.460041,0.389378,0.0,0.0
14,0.331177,0.447747,0.0,0.0,0.277735,0.233376,0.541185,0.421036,0.427492,0.169642,0.0,0.271984,0.35857,0.610589,0.707539,0.120828,0.15428,0.411697,0.361648,0.0,0.726415,0.0,0.0,0.0,0.59397,0.0,0.0,0.0,0.158923,0.177406,0.544587,0.04734,0.0,0.164506,0.0,0.754327,0.0,0.051262,0.55816,0.817633,0.466609,0.0,0.219661,0.688423,0.391417,0.566579,0.0,0.0
15,0.350746,0.628786,0.142465,0.0,0.242662,0.169903,0.311808,0.187627,0.461461,0.0,0.0,0.279544,0.36891,0.547585,0.755313,0.0,0.122525,0.571521,0.62494,0.0,0.595822,0.0,0.0,0.113026,0.226952,0.0,0.0,0.0,0.093666,0.088107,0.56117,0.439287,0.0,0.259497,0.0,0.483812,0.0,0.0,0.864681,0.798055,0.262708,0.0,0.202096,0.612083,0.266962,0.629742,0.0,0.0
16,0.354956,0.759878,0.534408,0.0,0.121414,0.192161,0.319404,0.106201,0.295847,0.0,0.0,0.110657,0.144282,0.338618,0.628402,0.0,0.263648,0.566359,0.53135,0.0,0.438989,0.0,0.0,0.105039,0.13447,0.0,0.0,0.0,0.22534,0.166245,0.548307,0.417865,0.020321,0.302158,0.0,0.279266,0.0,0.0,0.890228,0.720054,0.311963,0.0,0.157626,0.600631,0.165376,0.462917,0.0,0.0
17,0.440884,0.236951,0.374929,0.0,0.044565,0.37101,0.287256,0.171779,0.113407,0.218982,0.0,0.0,0.145183,0.392064,0.404513,0.0,0.340299,0.563612,0.236546,0.0,0.240724,0.0,0.0,0.056944,0.254598,0.155505,0.0,0.043639,0.372048,0.193244,0.443883,0.23903,0.0,0.28329,0.056843,0.301453,0.0,0.195811,0.775527,0.421014,0.521889,0.0,0.245854,0.737092,0.293764,0.421925,0.0,0.0
18,0.536601,0.0,0.175105,0.0,0.0,0.321151,0.564792,0.30063,0.0,0.40133,0.0,0.0,0.280222,0.197479,0.055692,0.0,0.77755,0.469599,0.056788,0.0,0.409238,0.0,0.084726,0.0,0.348533,0.185508,0.0,0.190669,0.643947,0.149581,0.758241,0.0,0.130355,0.195912,0.142615,0.44796,0.0,0.28547,0.852809,0.273189,0.734483,0.0,0.422568,0.729943,0.36591,0.149546,0.0,0.0
19,0.638655,0.0,0.550659,0.0,0.0,0.31287,0.136487,0.363341,0.0,0.307341,0.0,0.0,0.107442,0.643779,0.520825,0.0,0.579037,0.741993,0.032807,0.0,0.426954,0.0,0.0,0.320784,0.249763,0.39994,0.0,0.09225,0.53367,0.024887,0.331721,0.382133,0.162341,0.025825,0.233776,0.225501,0.0,0.417827,0.880002,0.353903,0.412084,0.0,0.433202,0.703321,0.170175,0.571128,0.0,0.0
20,0.744172,0.0,0.442562,0.0,0.0315,0.182736,0.31186,0.428048,0.0,0.484893,0.0,0.0,0.187625,0.55973,0.450504,0.0,0.684685,0.809628,0.0,0.0,0.68059,0.0,0.044342,0.376987,0.257228,0.536363,0.0,0.260242,0.645901,0.096495,0.133707,0.075022,0.314349,0.036735,0.343484,0.336003,0.0,0.548603,1.148871,0.400923,0.606969,0.0,0.697242,0.879924,0.352951,0.558641,0.0,0.0
21,0.878315,0.0,0.739553,0.0,0.124342,0.120438,0.373221,0.320124,0.0,0.553523,0.0,0.0,0.166355,0.606587,0.698265,0.0,0.84587,0.871386,0.016095,0.0,0.884369,0.0,0.109197,0.658769,0.297291,0.622807,0.0,0.465906,0.692669,0.273937,0.0,0.0,0.440055,0.0,0.531185,0.375229,0.0,0.711478,1.402798,0.437509,0.648939,0.0,1.087576,0.870518,0.394334,0.64277,0.0,0.0
22,1.279537,0.0,0.972789,0.0,0.202529,0.183391,0.510824,0.1532,0.0,0.569313,0.0,0.0,0.286331,0.450273,0.934595,0.0,0.929148,0.910563,0.0,0.0,1.148214,0.0,0.100167,0.6853,0.0,0.517045,0.0,0.357807,0.918771,0.216164,0.0,0.0,0.631917,0.15634,0.527977,0.509155,0.0,0.681135,1.776492,0.596617,0.819,0.0,1.309823,0.826187,0.731343,0.721728,0.0,0.0
23,1.352692,0.063654,1.185642,0.0,0.18605,0.242895,0.552686,0.0,0.0,0.66548,0.0,0.0,0.330059,0.135872,1.061422,0.0,1.167908,0.912259,0.0,0.0,1.247372,0.0,0.0,0.746056,0.0,0.507109,0.0,0.635361,1.175673,0.377235,0.0,0.0,0.771747,0.413608,0.777012,0.775123,0.0,0.899921,1.971282,0.394019,1.146915,0.0,1.666938,0.616516,0.907734,0.593278,0.0,0.0
24,1.391549,0.304587,1.47629,0.0,0.310341,0.302191,0.507149,0.0,0.015517,0.76552,0.0,0.185567,0.321864,0.16697,1.354728,0.0,1.274958,0.755763,0.0,0.0,1.289748,0.025205,0.0,0.900503,0.0,0.301505,0.0,0.532721,1.153535,0.279293,0.0,0.0,0.562876,0.40806,0.93487,0.850446,0.0,1.035793,2.043879,0.430386,1.028444,0.0,1.842332,0.282102,0.69697,0.413166,0.0,0.0
25,1.424501,0.51625,1.715134,0.0,0.40597,0.275705,0.540166,0.0,0.197079,0.822553,0.0,0.410479,0.352403,0.162851,1.463062,0.0,1.330748,0.532532,0.0,0.0,1.283247,0.184305,0.0,1.011459,0.0,0.0813,0.0,0.447465,1.043463,0.230854,0.0,0.0,0.436881,0.294718,1.06618,0.803487,0.0,0.991904,2.189125,0.464279,0.898184,0.0,2.012885,0.084136,0.498797,0.351612,0.0,0.0
26,1.554837,0.438751,1.554608,0.0,0.443667,0.015537,0.156406,0.0,0.381202,0.600626,0.0,0.417908,0.208777,0.388856,1.424568,0.0,1.165973,0.565258,0.072397,0.0,1.224989,0.502454,0.0,1.127554,0.0,0.192955,0.0,0.822511,0.858792,0.0,0.0,0.0,0.614582,0.042554,1.168126,0.752723,0.0,0.773008,2.031533,0.0,0.7134,0.0,1.986295,0.008465,0.282952,0.574908,0.0,0.0
27,1.355219,0.647267,1.250048,0.0,0.418095,0.0,0.147208,0.0,0.557306,0.536783,0.0,0.507394,0.33425,0.460106,1.354999,0.0,1.028465,0.473675,0.313528,0.0,1.012688,0.552724,0.0,1.345974,0.0,0.058758,0.0,0.910751,0.628344,0.0,0.0,0.0,0.497194,0.0,1.316678,0.907559,0.0,0.614039,1.736176,0.0,0.507044,0.0,2.022567,0.0,0.0,0.564729,0.0,0.0
28,1.205476,0.783611,1.328674,0.0,0.42527,0.0,0.303916,0.0,0.655951,0.405648,0.0,0.67876,0.416562,0.335777,1.292686,0.0,0.97519,0.499141,0.553614,0.0,0.935306,0.548568,0.068229,1.404372,0.0,0.0,0.0,1.049617,0.617544,0.0,0.111366,0.0,0.577657,0.029921,1.433966,0.852878,0.0,0.494832,1.676847,0.0,0.495034,0.0,1.923969,0.0,0.0,0.30938,0.0,0.0
29,0.917778,0.759807,1.260362,0.0,0.467288,0.0,0.534923,0.0,0.703381,0.471971,0.0,0.755012,0.647744,0.110068,1.141641,0.0,0.922647,0.306829,0.425759,0.0,0.626262,0.537972,0.0,1.219278,0.0,0.0,0.0,0.7808,0.37609,0.067429,0.198592,0.0,0.373819,0.124381,1.360423,0.958239,0.0,0.295525,1.647251,0.0,0.616122,0.0,2.016977,0.0,0.0,0.179684,0.0,0.0
30,0.74443,0.857728,1.395014,0.0,0.225815,0.0,0.81682,0.0,0.550894,0.400852,0.0,0.68837,0.456806,0.25372,1.198411,0.0,0.72065,0.250474,0.575487,0.0,0.284526,0.325098,0.0,1.079957,0.0,0.0,0.0,0.429247,0.394772,0.090526,0.618335,0.0,0.0,0.064214,1.191782,0.8122,0.0,0.138524,1.452695,0.131205,0.311692,0.0,1.511476,0.0,0.0,0.0,0.0,0.0
31,0.500878,1.049003,1.245983,0.0,0.234801,0.0,0.902765,0.0,0.518362,0.179667,0.0,0.537178,0.55496,0.0,1.176231,0.0,0.445502,0.525534,0.816888,0.0,0.066434,0.053801,0.0,1.054252,0.0,0.0,0.0,0.573035,0.223783,0.259489,0.7515,0.0,0.163215,0.3981,0.937432,0.993668,0.0,0.0,1.385157,0.173241,0.645855,0.0,1.291289,0.188844,0.0,0.0,0.0,0.0
32,0.847001,1.010488,1.49503,0.0,0.271097,0.0,1.022541,0.0,0.156675,0.085749,0.0,0.524153,0.323778,0.0,0.965223,0.0,0.478478,0.47522,0.573426,0.0,0.0,0.0018,0.0,0.353755,0.0,0.0,0.0,0.101453,0.213067,0.290653,0.990835,0.0,0.0,0.895076,0.701052,0.791626,0.0,0.0,1.577019,0.567753,0.655721,0.0,0.681135,0.613223,0.011251,0.0,0.0,0.0
33,0.911067,1.325295,1.580523,0.0,0.293882,0.013736,0.923401,0.0,0.0,0.05177,0.0,0.498977,0.058183,0.0,0.799901,0.0,0.586444,0.613584,0.413224,0.0,0.0,0.0,0.0,0.160287,0.0,0.0,0.0,0.0,0.434934,0.104519,1.177086,0.0,0.0,1.291026,0.299886,0.854368,0.0,0.080217,1.422459,1.015696,0.627953,0.0,0.254632,0.89329,0.027715,0.0,0.0,0.0
34,1.075039,1.519108,1.689772,0.0,0.187871,0.093885,0.885876,0.0,0.0,0.0,0.0,0.42773,0.0,0.0,0.954429,0.0,0.616547,0.963596,0.332467,0.0,0.0,0.0,0.0,0.157004,0.0,0.0,0.0,0.0,0.48354,0.144919,1.12539,0.0,0.0,1.47716,0.004726,0.831155,0.0,0.220815,1.34488,1.439189,0.576964,0.0,0.0,1.174084,0.012104,0.0,0.0,0.0
35,0.895786,1.466744,1.605084,0.0,0.064636,0.333577,0.77039,0.0,0.0,0.0,0.0,0.242025,0.0,0.0,1.088584,0.0,0.68074,1.251384,0.286281,0.0,0.0,0.0,0.0,0.123044,0.0,0.181003,0.0,0.0,0.766742,0.353767,0.877046,0.0,0.0,1.537361,0.0,1.174941,0.0,0.372296,1.249531,1.502687,0.97038,0.0,0.0,1.30631,0.082456,0.0,0.0,0.0
36,1.138393,1.289422,1.483209,0.0,0.0,0.46968,0.722308,0.0,0.0,0.05307,0.0,0.092433,0.0,0.0,0.586731,0.0,1.165054,1.100301,0.0,0.0,0.0,0.0,0.0,0.0,0.067176,0.358399,0.0,0.111005,1.111861,0.536939,0.812295,0.0,0.0,1.770225,0.0,1.139275,0.0,0.669152,1.28091,1.14053,1.452174,0.0,0.024214,1.37895,0.434805,0.0,0.0,0.0
37,1.029245,1.124256,1.312584,0.0,0.0,0.588331,0.525643,0.0,0.0,0.250549,0.0,0.0,0.0,0.0,0.720798,0.0,1.25765,0.982978,0.0,0.0,0.089909,0.0,0.0,0.0,0.195521,0.630228,0.0,0.110239,1.28133,0.625915,0.96417,0.0,0.0,1.75524,0.0,1.187435,0.0,0.959933,1.025075,1.169806,1.370093,0.0,0.057365,1.21396,0.162731,0.0,0.0,0.0
38,0.645201,0.876023,1.027623,0.0,0.0,0.451841,0.503563,0.0,0.0,0.257007,0.0,0.029782,0.0,0.0,0.734903,0.0,1.24508,0.767196,0.0,0.0,0.247515,0.0,0.0,0.097433,0.578748,0.564172,0.0,0.020065,1.089904,0.245431,0.945177,0.132671,0.0,1.032232,0.0,1.150248,0.0,0.664366,0.722249,1.037997,0.999993,0.0,0.055645,0.825042,0.0,0.0,0.0,0.0
39,0.469389,0.957096,0.800112,0.0,0.0,0.37512,0.425717,0.193189,0.051693,0.225426,0.0,0.18317,0.0,0.006872,0.920141,0.0,1.005943,0.706209,0.243552,0.0,0.378658,0.0,0.0,0.387943,0.70836,0.372467,0.0,0.252525,0.811316,0.332301,0.636923,0.436983,0.0,0.641497,0.0,1.292823,0.0,0.509751,0.675146,0.97409,0.884585,0.0,0.216116,0.585074,0.0,0.147471,0.0,0.0
40,0.406643,1.232026,0.959932,0.0,0.0,0.237391,0.497168,0.245738,0.264544,0.032688,0.081155,0.347837,0.017055,0.0,1.052495,0.199275,1.082201,0.533268,0.495797,0.0,0.539842,0.0,0.0,0.414403,0.70208,0.074221,0.0,0.339435,0.584872,0.387102,0.764791,0.533913,0.0,0.575207,0.0,1.249123,0.0,0.404825,0.574369,1.066223,0.700596,0.0,0.226529,0.425862,0.0,0.220794,0.0,0.0
41,0.545191,1.011484,0.982555,0.0,0.0,0.251196,0.564784,0.345242,0.374708,0.0,0.209368,0.727562,0.176318,0.230097,1.057305,0.1157,1.224007,0.292708,0.782854,0.0,0.604683,0.0,0.0,0.222837,0.628333,0.0,0.0,0.003592,0.564082,0.119484,0.873545,0.838803,0.0,0.723274,0.0,1.067913,0.0,0.215963,0.540228,1.122887,0.430578,0.0,0.209011,0.261943,0.149322,0.425831,0.0,0.0
42,0.518212,1.000073,1.183755,0.0,0.0,0.33105,0.695786,0.438782,0.555836,0.016702,0.245562,0.959758,0.411038,0.181589,1.285167,0.335047,1.338638,0.2152,0.675525,0.0,0.915863,0.0,0.0,0.153137,0.772006,0.0,0.0,0.0,0.530306,0.254547,0.941708,0.884229,0.0,0.734734,0.0,1.321269,0.0,0.368738,0.416197,1.40708,0.50839,0.064124,0.347898,0.253227,0.314005,0.381468,0.0,0.0
43,0.4563,0.910025,1.132396,0.0,0.0,0.558052,0.766928,0.652482,0.547569,0.272862,0.225423,0.925796,0.557537,0.11741,1.288136,0.372841,1.541195,0.160794,0.406496,0.0,0.92606,0.0,0.0,0.104064,1.106594,0.0,0.0,0.0,0.704466,0.362007,1.010203,0.809962,0.0,0.676041,0.0,1.714233,0.0,0.63665,0.114365,1.425021,0.666005,0.044661,0.561406,0.115417,0.370164,0.368024,0.0,0.0
44,0.2928,1.022302,0.999468,0.045871,0.0,0.734768,0.819714,0.85797,0.445944,0.517493,0.224231,0.813257,0.589297,0.0,1.210883,0.504678,1.613935,0.127403,0.010146,0.0,1.021231,0.0,0.0,0.185954,1.443873,0.0,0.0,0.286096,0.926325,0.444591,1.073538,0.617144,0.0,0.597886,0.0,2.194577,0.0,0.868651,0.0,1.336016,0.851054,0.0,0.813769,0.0,0.369375,0.380043,0.0,0.0
45,0.114269,1.020844,1.255149,0.033619,0.0,0.5472,1.009692,0.781973,0.528213,0.428841,0.238048,1.017403,0.89991,0.099517,1.371806,0.617282,1.717776,0.05453,0.164038,0.0,0.932735,0.0,0.071101,0.359451,1.435053,0.0,0.0,0.15606,0.653141,0.473498,1.066773,0.780499,0.0,0.678703,0.0,1.925251,0.0,0.795192,0.0,1.560553,0.592274,0.0,1.01565,0.026271,0.146741,0.308109,0.0,0.0
46,0.0,0.75426,1.23989,0.130538,0.0,0.309114,1.206152,0.59238,0.63776,0.378616,0.238092,1.06887,0.925222,0.153944,1.404899,0.564254,1.589692,0.0,0.288181,0.0,0.846378,0.0,0.202881,0.421541,1.460289,0.0,0.0,0.047337,0.532489,0.726338,1.053652,0.660716,0.025812,0.665455,0.0,1.783661,0.0,0.737197,0.0,1.434691,0.588083,0.0,1.045647,0.151527,0.108622,0.235617,0.0,0.0
47,0.0,0.565987,1.033733,0.0,0.0,0.237612,1.158249,0.509764,0.623824,0.351039,0.249018,0.810877,0.817538,0.090819,1.299049,0.599297,1.453308,0.0,0.286618,0.0,0.803361,0.0,0.397506,0.242521,1.400176,0.034618,0.0,0.200161,0.598758,1.062716,1.236492,0.228781,0.023594,0.886637,0.0,1.620917,0.0,0.887397,0.0,1.195665,0.683888,0.0,1.056916,0.51439,0.0,0.129958,0.0,0.0
48,0.0,0.352738,0.842387,0.155245,0.0,0.232001,1.040164,0.439028,0.545273,0.283094,0.135797,0.852184,0.601014,0.347497,1.02473,0.298811,1.246208,0.0,0.289431,0.0,0.495396,0.0,0.299963,0.223378,1.396393,0.0,0.0,0.07966,0.513576,0.565901,1.028753,0.450104,0.109708,0.652151,0.0,1.423852,0.0,0.58378,0.0,0.924339,0.461339,0.0,0.893699,0.222279,0.0,0.177467,0.0,0.0
49,0.144412,0.357592,0.892734,0.099493,0.0,0.331565,0.854258,0.094034,0.22059,0.306468,0.0,0.742494,0.311839,0.19067,0.704721,0.066224,1.290094,0.0,0.156371,0.0,0.161114,0.0,0.188569,0.124967,1.094833,0.029985,0.0,0.161077,0.770737,0.520962,1.006662,0.321369,0.020771,0.884626,0.0,1.192977,0.0,0.693807,0.0,0.701605,0.661753,0.0,0.738192,0.35222,0.0,0.0,0.0,0.0
50,0.004499,0.655814,0.996576,0.0179,0.0,0.285241,0.786892,0.286488,0.339093,0.256599,0.0,0.520407,0.4437,0.146752,0.782923,0.152969,1.217105,0.149752,0.0,0.0,0.282321,0.0,0.100642,0.343832,1.205857,0.044604,0.0,0.169769,0.54667,0.429185,0.878269,0.490861,0.091428,0.550652,0.0,1.424847,0.0,0.549764,0.0,0.829227,0.471921,0.0,0.777327,0.287024,0.0,0.052425,0.0,0.0
51,0.109102,0.716825,1.034239,0.0,0.0,0.282964,0.693628,0.163509,0.149246,0.11859,0.0,0.300622,0.240093,0.127485,0.765522,0.025295,1.300576,0.31687,0.102577,0.0,0.137435,0.0,0.0,0.355173,1.067221,0.228348,0.0,0.244448,0.635166,0.474927,0.685206,0.399419,0.0,0.682717,0.0,1.283855,0.0,0.568841,0.102698,0.820746,0.724424,0.0,0.503251,0.544468,0.0,0.020197,0.0,0.0
52,0.373726,0.78862,1.031121,0.0,0.0,0.317426,0.725315,0.0,0.0,0.191574,0.0,0.389296,0.113405,0.007531,0.914957,0.0,1.39411,0.429813,0.0,0.0,0.186711,0.0,0.0,0.13765,0.818892,0.3318,0.0,0.015332,0.909269,0.637195,0.710818,0.152631,0.0,1.150309,0.0,1.360617,0.0,0.778248,0.390794,1.052742,1.006397,0.0,0.290266,0.795967,0.0,0.0,0.0,0.0
53,0.611209,0.939521,0.860583,0.0,0.0,0.446383,0.637722,0.0,0.0,0.249372,0.0,0.28811,0.0,0.0,0.894866,0.0,1.151474,0.591346,0.0,0.0,0.286853,0.0,0.0,0.0,0.806395,0.518053,0.0,0.0,0.957441,0.57598,0.689013,0.0,0.0,1.393909,0.0,1.546711,0.0,0.850655,0.587812,1.27762,1.219883,0.0,0.193713,1.010641,0.038597,0.0,0.0,0.0
54,0.687732,1.117799,0.644733,0.0,0.0,0.506255,0.667182,0.0,0.0,0.251158,0.0,0.135285,0.0,0.0,0.71239,0.0,1.008904,0.690244,0.0,0.0,0.202051,0.0,0.0,0.0,0.9017,0.474885,0.0,0.0,0.935592,0.396684,0.741788,0.0,0.0,1.351767,0.0,1.708013,0.0,0.689743,0.599508,1.372816,1.273715,0.0,0.112593,0.933927,0.044236,0.0,0.0,0.0
55,0.770954,1.407309,0.87417,0.0,0.0,0.467437,0.785063,0.0,0.0,0.053023,0.0,0.082042,0.0,0.0,0.746961,0.0,0.870627,0.789678,0.0,0.0,0.0,0.0,0.0,0.0,0.708094,0.216158,0.0,0.0,0.638175,0.48891,0.82496,0.0,0.0,1.392415,0.0,1.329344,0.0,0.426509,0.704561,1.479306,1.074997,0.0,0.0,1.217381,0.046826,0.0,0.0,0.0
56,0.56904,1.482741,0.584566,0.02746,0.045439,0.324709,0.742036,0.101172,0.0,0.08227,0.0,0.137392,0.0,0.007065,0.680007,0.0,0.550375,0.71552,0.209549,0.0,0.0,0.0,0.0,0.0,0.766801,0.0,0.0,0.0,0.410532,0.385585,0.933278,0.0,0.0,1.186197,0.0,1.411265,0.0,0.137099,0.706257,1.550209,0.969881,0.0,0.0,1.137201,0.042542,0.0,0.0,0.0
57,0.495055,1.654461,0.556072,0.001667,0.330093,0.197573,0.795591,0.225834,0.101061,0.0,0.0,0.259944,0.0,0.161605,0.688843,0.0,0.080846,0.721137,0.622025,0.0,0.0,0.0,0.0,0.0,0.671806,0.0,0.0,0.0,0.0,0.342504,1.068187,0.03524,0.0,0.999505,0.0,1.171467,0.0,0.0,0.847658,1.432412,0.575415,0.0,0.0,1.141687,0.048326,0.0,0.0,0.0
58,0.388668,1.791295,0.573765,0.07536,0.409822,0.213724,0.87803,0.209345,0.276755,0.063955,0.0,0.26942,0.0,0.172695,0.528772,0.0,0.041467,0.531674,0.776358,0.0,0.0,0.0,0.0,0.0,0.625963,0.0,0.0,0.0,0.0,0.175124,1.497516,0.0,0.0,0.860504,0.0,1.072163,0.0,0.0,0.917697,1.30871,0.324953,0.0,0.0,0.903593,0.0,0.0,0.0,0.0
59,0.459806,1.899948,0.539254,0.213432,0.519609,0.007399,1.011975,0.300529,0.450651,0.0,0.0,0.446589,0.152108,0.174687,0.636054,0.0,0.0,0.510055,1.075309,0.0,0.0,0.0,0.0,0.0,0.373088,0.0,0.0,0.0,0.0,0.04952,1.417886,0.0,0.0,0.987479,0.0,1.054723,0.0,0.0,1.08616,1.516827,0.428676,0.0,0.0,0.949908,0.174092,0.0,0.0,0.0
60,0.289876,1.544802,0.330975,0.061017,0.425551,0.0,1.042063,0.51506,0.438551,0.136956,0.0,0.374753,0.341108,0.136847,0.642997,0.0,0.0,0.374149,0.984389,0.0,0.0,0.0,0.0,0.0,0.58845,0.0,0.0,0.0,0.0,0.158019,1.309306,0.0,0.0,0.797187,0.0,1.167925,0.0,0.0,1.07038,1.243316,0.585595,0.0,0.114734,0.911948,0.225765,0.0,0.0,0.0
61,0.128064,1.156348,0.195448,0.0,0.180217,0.0,0.988201,0.504666,0.18111,0.205885,0.0,0.223351,0.346335,0.121088,0.382427,0.0,0.085232,0.251831,0.701582,0.0,0.0,0.0,0.0,0.0,0.783231,0.0,0.0,0.0,0.0,0.034184,1.440732,0.0,0.0,0.575161,0.0,1.340429,0.0,0.0,0.742643,1.019316,0.411929,0.0,0.229099,0.73322,0.0,0.0,0.0,0.0
62,0.232154,1.057521,0.44326,0.0,0.152221,0.0,0.948536,0.280671,0.140909,0.151837,0.0,0.356606,0.444082,0.153487,0.552617,0.0,0.232644,0.255042,0.736961,0.0,0.0,0.0,0.0,0.0,0.577475,0.0,0.0,0.0,0.0,0.097692,1.117387,0.0,0.0,0.683612,0.0,1.020051,0.0,0.0,0.830979,0.940825,0.569338,0.0,0.170611,0.675974,0.20081,0.0,0.0,0.0
63,0.243195,0.943889,0.589782,0.0,0.060747,0.0,0.7969,0.154458,0.132474,0.151011,0.0,0.140958,0.218631,0.196853,0.481389,0.0,0.429697,0.414683,0.456473,0.0,0.0,0.0,0.0,0.061975,0.526003,0.0,0.0,0.0,0.03002,0.202971,0.911848,0.0,0.0,0.585645,0.0,0.725652,0.0,0.034651,0.610912,0.694225,0.512781,0.0,0.228636,0.782901,0.040673,0.0,0.0,0.0
64,0.3462,0.653103,0.613158,0.0,0.0,0.072823,0.645674,0.249712,0.02382,0.246604,0.0,0.014451,0.118976,0.149041,0.394522,0.0,0.596206,0.581174,0.15385,0.0,0.0,0.0,0.0,0.176875,0.528432,0.230542,0.0,0.185828,0.236833,0.305657,0.636515,0.0,0.0,0.573527,0.021577,0.723097,0.0,0.378528,0.583006,0.425525,0.656012,0.0,0.347284,0.929221,0.086513,0.06171,0.0,0.0
65,0.36612,0.316928,0.359255,0.0,0.0,0.122846,0.607955,0.278609,0.0,0.417839,0.0,0.01019,0.184835,0.139622,0.35375,0.0,0.817741,0.549563,0.039769,0.0,0.177487,0.0,0.0,0.141104,0.702602,0.541742,0.0,0.214299,0.605384,0.2889,0.41141,0.0,0.109794,0.526255,0.0,0.890042,0.0,0.700189,0.67766,0.508886,1.003222,0.0,0.446034,0.986284,0.277801,0.127085,0.0,0.0
66,0.369862,0.303338,0.675226,0.0,0.0,0.27305,0.568128,0.288479,0.0,0.367873,0.0,0.070037,0.316468,0.287237,0.710005,0.0,1.288533,0.609528,0.0,0.0,0.461691,0.0,0.0,0.131595,0.648247,0.727453,0.0,0.024035,0.901848,0.295797,0.359055,0.190234,0.0,0.637345,0.0,1.009089,0.0,1.072236,0.508201,0.857226,1.033302,0.0,0.332159,0.921031,0.256985,0.029292,0.0,0.0
67,0.328108,0.244001,0.755378,0.0,0.0,0.478053,0.611149,0.426738,0.0,0.433159,0.0,0.0,0.453646,0.214454,0.717034,0.0,1.802392,0.573771,0.0,0.0,0.713538,0.0,0.0,0.0,0.688631,0.845027,0.0,0.022004,1.289534,0.50824,0.376923,0.138211,0.0,0.726512,0.0,1.284632,0.0,1.397529,0.47161,1.104121,1.220019,0.0,0.412475,0.974738,0.377786,0.0,0.0,0.0
68,0.151948,0.113184,0.550439,0.0,0.0,0.479275,0.638505,0.701935,0.0,0.692088,0.0,0.0,0.588234,0.085164,0.393795,0.113971,1.952406,0.527373,0.0,0.0,0.743785,0.0,0.0,0.020732,1.091139,1.178225,0.0,0.392708,1.340218,0.467658,0.290899,0.078616,0.065259,0.631271,0.0,1.531685,0.0,1.605254,0.625771,1.041476,1.462379,0.0,0.409338,1.11374,0.587139,0.075504,0.0,0.0
69,0.068287,0.137431,0.760701,0.0,0.0,0.558595,0.770844,0.821105,0.0,0.757963,0.0,0.0,0.615148,0.403552,0.497008,0.402628,1.92118,0.610066,0.0,0.0,0.809123,0.0,0.0,0.151712,1.374397,1.276209,0.0,0.337765,1.214481,0.307179,0.377925,0.292454,0.0,0.554243,0.0,1.57859,0.0,1.557674,0.578885,1.369375,1.262127,0.0,0.434172,1.360387,0.499694,0.219058,0.0,0.0
70,0.064295,0.194331,0.878386,0.0,0.0,0.647148,0.857438,0.860917,0.0,0.551301,0.0,0.0,0.724908,0.718012,0.815371,0.341995,1.904066,0.823709,0.0,0.0,0.804432,0.0,0.0,0.224946,1.27741,1.253249,0.0,0.193783,1.107545,0.343209,0.311841,0.489173,0.0,0.660302,0.001512,1.64283,0.0,1.488383,0.481592,1.620495,1.170398,0.0,0.332797,1.361689,0.463999,0.297381,0.0,0.0
71,0.0,0.085235,0.475789,0.0,0.0,0.634392,1.024646,0.953187,0.0,0.69629,0.0,0.0,0.84888,0.573423,0.593432,0.281516,1.879829,0.852721,0.0,0.0,0.689967,0.0,0.0,0.035594,1.238004,1.303814,0.0,0.276137,1.261082,0.61784,0.304273,0.11986,0.0,0.844998,0.165431,1.753743,0.0,1.633611,0.65607,1.786546,1.370573,0.0,0.303323,1.593174,0.633146,0.17995,0.0,0.0
72,0.036487,0.0,0.159602,0.0,0.0,0.613245,1.236657,1.100065,0.0,0.734055,0.0,0.020897,0.974423,0.558583,0.434162,0.316437,1.685024,0.856958,0.0,0.0,0.739486,0.0,0.0,0.0,1.082784,1.312193,0.0,0.197105,1.351176,0.661311,0.30045,0.0,0.0,1.098093,0.148333,1.803672,0.0,1.510764,0.917684,2.065445,1.495177,0.0,0.33621,1.918255,0.820265,0.208769,0.0,0.0
73,0.07208,0.0,0.012855,0.0,0.0,0.575617,1.418161,1.381168,0.0,0.879395,0.0,0.0,0.996172,0.760346,0.34385,0.578591,1.484645,1.059763,0.0,0.0,0.682519,0.0,0.0,0.081779,1.286767,1.437426,0.0,0.342088,1.102018,0.582397,0.398011,0.0,0.016606,0.929332,0.13362,1.709874,0.0,1.235946,1.017448,2.11331,1.308503,0.0,0.221685,2.194169,0.693873,0.47613,0.0,0.0
74,0.113568,0.105159,0.511142,0.0,0.0,0.733396,1.461284,1.241547,0.0,0.719451,0.0,0.0,0.908872,0.931943,0.483748,0.6346,1.689067,1.144645,0.0,0.0,0.614727,0.0,0.0,0.052449,1.352461,1.398092,0.0,0.191088,1.017453,0.531119,0.703106,0.169628,0.0,0.985094,0.295131,1.703436,0.0,1.219365,0.854246,2.26007,1.011524,0.0,0.0,2.077232,0.553819,0.401366,0.0,0.0
75,0.0,0.0,0.125163,0.0,0.0,0.706345,1.230052,1.594502,0.0,0.85213,0.0,0.0,1.02157,0.871006,0.350487,0.692019,1.645025,1.120342,0.0,0.0,0.869252,0.0,0.0,0.0,1.775564,1.436721,0.0,0.230867,1.078207,0.544903,0.404734,0.147445,0.0,0.851421,0.090757,2.068087,0.0,1.308941,0.695826,2.226934,1.124355,0.0,0.011514,2.142681,0.576254,0.449467,0.0,0.0
76,0.0,0.032398,0.327942,0.0,0.0,0.9172,0.981189,1.4006,0.0,0.897002,0.0,0.0,0.837804,0.600331,0.396969,0.68505,1.830066,0.841152,0.0,0.0,0.675657,0.0,0.0,0.0,1.723382,1.407434,0.0,0.516149,1.238859,0.764621,0.481193,0.013364,0.0,0.972487,0.238655,1.845438,0.0,1.570028,0.676206,2.027962,1.208543,0.0,0.0,2.006333,0.70274,0.242971,0.0,0.0
77,0.0,0.214836,0.394176,0.0,0.0,1.091745,0.739347,1.360122,0.0,0.769084,0.0,0.0,0.511486,0.210905,0.081804,0.49846,2.093554,0.595286,0.0,0.0,0.813797,0.0,0.0,0.0,1.706939,1.202501,0.0,0.473255,1.592245,0.608987,0.784603,0.0,0.0,1.107791,0.019011,1.897199,0.0,1.49817,0.561246,1.857527,1.218373,0.0,0.0,1.683429,0.652672,0.083686,0.0,0.0
78,0.0,0.378401,0.771185,0.0,0.0,1.079069,0.484329,1.246588,0.0,0.425368,0.0,0.0,0.25551,0.459295,0.557819,0.557682,1.732593,0.630555,0.0,0.0,0.793833,0.0,0.0,0.0,1.607324,0.95521,0.0,0.298799,1.208154,0.269983,0.823828,0.54254,0.0,0.988462,0.0,1.461344,0.0,1.05594,0.555803,1.726256,0.783513,0.0,0.0,1.436698,0.434133,0.316931,0.0,0.0
79,0.054924,0.598658,1.059519,0.0,0.0,1.034403,0.350279,1.086929,0.215082,0.246512,0.0,0.0,0.013942,0.566347,0.77404,0.351021,1.47228,0.623019,0.396241,0.0,0.801659,0.0,0.0,0.0,1.359523,0.501302,0.0,0.028675,1.180774,0.077842,1.235444,1.032185,0.0,0.926205,0.0,1.075449,0.0,0.49332,0.687793,1.56621,0.080356,0.0,0.0,1.141652,0.035467,0.467679,0.0,0.0
80,0.176551,0.778322,1.224997,0.0,0.0,0.93723,0.250453,0.821032,0.269326,0.008316,0.0,0.160496,0.0,0.479714,0.730575,0.099814,1.206916,0.574837,0.869088,0.0,0.654898,0.0,0.0,0.0,0.836943,0.246884,0.0,0.0,1.124094,0.0,1.5671,1.278554,0.0,1.140984,0.081517,0.636104,0.0,0.010249,0.90837,1.269239,0.0,0.0,0.0,0.953985,0.0,0.485416,0.0,0.0
81,0.11879,1.047,1.250623,0.0,0.0,0.921652,0.190966,0.754682,0.199255,0.122418,0.0,0.077942,0.0,0.008934,0.568343,0.132573,1.002865,0.537761,0.716425,0.0,0.437675,0.0,0.0,0.0,0.777849,0.15221,0.0,0.22199,1.190762,0.237159,1.681482,1.088861,0.0,1.017541,0.104993,0.622174,0.0,0.02768,0.956501,1.06447,0.0,0.0,0.0,0.797364,0.0,0.336076,0.0,0.0
82,0.313829,0.928536,1.172825,0.0,0.0,0.891645,0.181428,0.50395,0.188248,0.0,0.0,0.121455,0.0,0.089893,0.505011,0.0,0.894336,0.464692,0.8509,0.0,0.248999,0.0,0.0,0.0,0.627792,0.085968,0.0,0.0,1.167721,0.213623,1.832101,1.010334,0.0,1.172709,0.110795,0.355468,0.0,0.0,0.926317,0.965273,0.0,0.0,0.0,0.799405,0.0,0.244354,0.0,0.0
83,0.271322,0.735272,0.678835,0.0,0.0,0.802256,0.153336,0.542857,0.145385,0.171182,0.0,0.0,0.0,0.024987,0.52395,0.0,0.61683,0.534831,0.85673,0.0,0.147893,0.0,0.0,0.0,0.797686,0.249599,0.0,0.170465,1.212674,0.504507,1.564246,0.589717,0.0,1.143636,0.101486,0.404895,0.0,0.164315,0.934586,0.863391,0.009273,0.0,0.0,1.029664,0.0,0.27477,0.0,0.0
84,0.42804,0.996064,1.021625,0.0,0.0,0.764868,0.105984,0.308427,0.078095,0.0,0.0,0.231735,0.0,0.0,0.535508,0.0,0.588503,0.55929,0.777836,0.0,0.208279,0.0,0.0,0.0,0.408548,0.129908,0.0,0.0,1.124631,0.287739,1.394864,0.860223,0.0,1.272384,0.0,0.461873,0.0,0.0,0.966624,1.052103,0.147983,0.0,0.0,0.840506,0.0,0.235003,0.0,0.0
85,0.232485,0.982311,0.781194,0.0,0.0,0.670694,0.145996,0.562941,0.302985,0.0,0.0,0.188019,0.0,0.114289,0.583325,0.0,0.517074,0.696732,0.695826,0.0,0.364535,0.0,0.0,0.0,0.512213,0.051834,0.0,0.0,0.816469,0.351004,1.281185,0.928867,0.0,0.787722,0.0,0.741977,0.0,0.0,0.936921,1.013951,0.0,0.0,0.0,0.727831,0.0,0.491387,0.0,0.0
86,0.480671,0.794568,0.693664,0.0,0.0,0.827411,0.0,0.42307,0.250649,0.076649,0.0,0.211546,0.0,0.269388,0.604713,0.029404,0.463836,0.69425,0.754189,0.0,0.465586,0.0,0.0,0.0,0.39096,0.152385,0.0,0.0,0.905359,0.35181,1.288807,0.911431,0.0,0.901969,0.0,0.476538,0.0,0.0,1.1153,0.936474,0.0,0.0,0.0,0.879492,0.0,0.574677,0.0,0.0
87,0.540446,0.602844,0.532271,0.0,0.0,0.875724,0.061269,0.38086,0.215544,0.04019,0.0,0.021148,0.0,0.40857,0.555042,0.019468,0.619039,0.658686,0.813567,0.0,0.526877,0.0,0.0,0.0,0.424568,0.206035,0.0,0.0,0.962675,0.39339,1.188094,0.748145,0.0,0.917324,0.0,0.301128,0.0,0.029192,1.079185,1.039827,0.0,0.0,0.0,1.128667,0.085427,0.563228,0.0,0.0
88,0.739276,0.767192,0.389962,0.0,0.0,0.884613,0.0,0.48518,0.101937,0.219982,0.0,0.066615,0.0,0.385476,0.526935,0.102637,0.504113,0.800148,0.647062,0.0,0.834363,0.0,0.0,0.0,0.36214,0.408221,0.0,0.0,1.072364,0.385488,0.925404,0.686704,0.0,0.888655,0.0,0.633525,0.0,0.168064,1.269445,1.076031,0.317702,0.0,0.0,1.111609,0.250415,0.757111,0.0,0.0
89,0.713857,0.709023,0.553655,0.0,0.0,0.98742,0.091238,0.404494,0.02944,0.105712,0.0,0.0,0.0,0.406251,0.473221,0.020685,0.844102,0.867798,0.315629,0.0,0.825675,0.0,0.0,0.0,0.348147,0.445658,0.0,0.0,1.128328,0.290814,0.919356,0.635063,0.0,0.956987,0.0,0.691563,0.0,0.242937,0.995504,1.279098,0.435061,0.0,0.0,1.166211,0.370102,0.583771,0.0,0.0
90,0.858329,0.629748,0.315421,0.0,0.0,0.985481,0.071655,0.584357,0.064509,0.250123,0.0,0.0,0.148028,0.688695,0.736974,0.093067,0.665188,1.031003,0.190867,0.0,1.18061,0.0,0.0,0.0,0.421153,0.65391,0.0,0.0,1.049586,0.333811,0.62284,0.541324,0.0,0.81106,0.0,1.059091,0.0,0.343581,1.200502,1.532069,0.592278,0.0,0.0,1.25325,0.494844,0.771139,0.0,0.0
91,0.839615,0.22919,0.223153,0.0,0.0,0.999286,0.254118,0.373035,0.0,0.225788,0.0,0.0,0.090258,0.809262,0.586076,0.097172,0.730653,0.911582,0.384077,0.0,1.029139,0.0,0.0,0.0,0.480594,0.63653,0.0,0.0,1.095366,0.469064,0.553529,0.469583,0.0,0.96089,0.0,0.484116,0.0,0.440732,1.268585,1.527217,0.67271,0.0,0.0,1.706674,0.664705,0.801688,0.0,0.0
92,0.842249,0.158543,0.306323,0.0,0.0,1.042472,0.135798,0.472549,0.0,0.425224,0.0,0.0,0.256757,0.928115,0.639895,0.210997,0.724235,0.812932,0.308854,0.0,1.004903,0.0,0.0,0.0,0.51711,0.810746,0.0,0.0,1.0661,0.489589,0.651018,0.466554,0.0,0.732238,0.0,0.501085,0.0,0.591288,1.389164,1.334985,0.626648,0.0,0.034632,1.542124,0.583897,0.911101,0.0,0.0
93,0.675748,0.0,0.0,0.0,0.0,0.907573,0.456383,0.631606,0.0,0.750101,0.0,0.0,0.448283,0.714383,0.029013,0.312919,0.778697,0.728509,0.059777,0.0,0.83447,0.0,0.0,0.0,0.72629,0.969576,0.0,0.232082,1.10506,0.538806,0.639614,0.030005,0.0,0.6567,0.0,0.526535,0.0,0.646921,1.152462,0.974937,0.832909,0.0,0.12234,1.811931,0.565276,0.818377,0.0,0.0
94,0.479081,0.0,0.176871,0.0,0.0,0.672939,0.456961,0.816325,0.0,0.665861,0.0,0.0,0.641871,0.907873,0.0,0.065009,0.948943,0.74663,0.0,0.0,0.739126,0.0,0.0,0.21045,0.821077,0.797181,0.0,0.236537,0.763867,0.256573,0.510101,0.239324,0.0,0.084848,0.116432,0.854218,0.0,0.474462,0.804806,0.760499,0.556521,0.0,0.332746,1.231681,0.39504,0.776984,0.0,0.0
95,0.299495,0.0,0.0,0.0,0.0,0.471268,0.565976,0.985575,0.0,0.693846,0.0,0.0,0.793623,0.877933,0.0,0.130595,0.88266,0.548498,0.0,0.0,0.741942,0.0,0.0,0.023282,1.037526,0.655267,0.0,0.22337,0.605706,0.308287,0.333352,0.006504,0.0,0.0,0.106755,0.905238,0.0,0.568125,0.600336,0.800893,0.563066,0.0,0.447736,1.254465,0.40185,0.688159,0.0,0.0
96,0.461297,0.0,0.305746,0.0,0.0,0.381273,0.379272,0.788414,0.126742,0.440082,0.0,0.083329,0.715434,1.061101,0.283242,0.193617,0.752035,0.4015,0.133208,0.0,0.801442,0.0,0.0,0.084909,0.831591,0.575273,0.0,0.300074,0.41444,0.233248,0.498294,0.241592,0.05369,0.0,0.172621,0.455301,0.0,0.61342,0.8459,0.614937,0.311986,0.0,0.529766,1.024148,0.316396,0.895545,0.0,0.0
97,0.325962,0.0,0.0,0.0,0.0,0.340558,0.559442,0.83104,0.040014,0.48484,0.0,0.214232,0.947076,0.908197,0.213061,0.259865,0.569363,0.256274,0.0,0.0,0.992782,0.0,0.07603,0.0,0.746368,0.571045,0.0,0.179061,0.473996,0.222403,0.337322,0.0,0.159416,0.0,0.172544,0.711081,0.0,0.398477,0.648636,0.684368,0.571182,0.0,0.595244,1.012242,0.454515,0.772534,0.0,0.0
98,0.241691,0.0,0.027587,0.0,0.0,0.182369,0.593752,0.690185,0.25668,0.421948,0.0,0.260727,0.901008,0.888019,0.287757,0.172996,0.588367,0.260471,0.062795,0.0,0.943199,0.0,0.039178,0.122158,0.759288,0.395494,0.0,0.213187,0.292753,0.262128,0.31274,0.0,0.237507,0.0,0.225406,0.641636,0.0,0.333417,0.668856,0.577588,0.491272,0.0,0.778151,0.774397,0.339073,0.836146,0.0,0.0
99,0.316203,0.0,0.0,0.0,0.0,0.146446,0.510968,0.599683,0.362372,0.457219,0.0,0.182141,0.753238,0.947244,0.340249,0.151907,0.5928,0.192255,0.140411,0.0,0.978027,0.0,0.091379,0.257562,0.887343,0.304696,0.0,0.331563,0.404549,0.313088,0.466691,0.0,0.18559,0.0,0.247988,0.637904,0.0,0.372391,0.622375,0.426843,0.463765,0.0,0.821609,0.669734,0.178997,0.999346,0.0,0.0
100,0.166223,0.0,0.0,0.0,0.0,0.250718,0.543487,0.507235,0.332789,0.356924,0.0,0.154032,0.812956,0.798073,0.33974,0.12944,0.536136,0.185528,0.0,0.0,0.968591,0.0,0.144735,0.118767,0.799227,0.217969,0.0,0.181212,0.457827,0.258024,0.625435,0.0,0.104484,0.0,0.217646,0.845198,0.0,0.327402,0.405288,0.457558,0.517448,0.0,0.816949,0.688499,0.227605,0.791868,0.0,0.0
101,0.2226,0.0,0.049896,0.0,0.0,0.10528,0.570898,0.237011,0.492346,0.126611,0.0,0.260084,0.74112,0.673681,0.547558,0.209912,0.364517,0.31666,0.30539,0.0,0.860547,0.0,0.208739,0.163825,0.521721,0.106324,0.0,0.145131,0.272474,0.327549,0.711227,0.055062,0.20886,0.10393,0.327563,0.400139,0.0,0.159751,0.764356,0.424431,0.360259,0.0,0.736296,0.642237,0.111181,0.757715,0.0,0.0
102,0.213255,0.0,0.131052,0.266917,0.0,0.0,0.604957,0.050978,0.547604,0.0,0.0,0.458653,0.76506,0.602759,0.688546,0.017033,0.098158,0.394155,0.46961,0.0,0.88316,0.0,0.034487,0.265657,0.178386,0.0,0.0,0.011204,0.211139,0.148314,0.582343,0.26385,0.426684,0.311812,0.235412,0.317374,0.0,0.0,1.035341,0.47231,0.378016,0.0,0.845442,0.626093,0.151562,0.781517,0.0,0.0
103,0.296831,0.176871,0.0,0.071865,0.0,0.0,0.505409,0.055066,0.531431,0.036508,0.0,0.427787,0.676153,0.492297,0.628172,0.135455,0.018971,0.351823,0.591105,0.0,0.76789,0.0,0.165477,0.196345,0.249298,0.0,0.0,0.228924,0.390418,0.405023,0.839531,0.051687,0.392625,0.484116,0.369592,0.114415,0.0,0.105216,1.19642,0.274998,0.346753,0.0,0.818546,0.664084,0.0,0.748366,0.0,0.0
104,0.163327,0.207286,0.0,0.247652,0.0,0.0,0.725417,0.078598,0.528815,0.078661,0.0,0.393417,0.682553,0.548909,0.363129,0.0,0.016122,0.294442,0.476708,0.0,0.466906,0.0,0.286112,0.285856,0.340969,0.0,0.0,0.190852,0.219192,0.320394,0.949312,0.054349,0.37118,0.238026,0.537017,0.307423,0.0,0.0,0.850058,0.09357,0.224913,0.0,1.017946,0.476168,0.0,0.490191,0.0,0.0
105,0.0,0.167622,0.0,0.333058,0.0,0.0,0.813544,0.15658,0.642146,0.0,0.0,0.335312,0.748494,0.434612,0.533805,0.0,0.0,0.250423,0.542006,0.0,0.266636,0.0,0.063834,0.302586,0.39809,0.0,0.0,0.087633,0.033348,0.385988,0.862285,0.055992,0.332733,0.317105,0.544904,0.332574,0.0,0.0,0.65666,0.215234,0.34573,0.0,1.012178,0.509391,0.0,0.411214,0.0,0.0
106,0.0,0.183359,0.112121,0.248206,0.0,0.0,0.967642,0.285189,0.592188,0.051975,0.0,0.395774,0.800537,0.495481,0.522776,0.00946,0.0,0.118215,0.601064,0.0,0.048683,0.0,0.164292,0.316994,0.444539,0.0,0.0,0.12134,0.02221,0.461865,1.001899,0.0,0.249552,0.311855,0.683998,0.202072,0.0,0.0,0.540728,0.16616,0.300943,0.0,1.010512,0.485001,0.0,0.331981,0.0,0.0
107,0.0,0.220683,0.47145,0.145347,0.0,0.0,0.914566,0.149916,0.556596,0.087327,0.0,0.607165,0.85164,0.466935,0.477666,0.0,0.059228,0.109727,0.538982,0.0,0.0,0.0,0.218792,0.261405,0.266897,0.0,0.0,0.197896,0.011674,0.277939,1.243183,0.014316,0.26306,0.38875,0.686734,0.134872,0.0,0.03374,0.441954,0.065923,0.076192,0.0,0.803489,0.363186,0.0,0.115546,0.0,0.0
108,0.0,0.315711,0.523102,0.187965,0.0,0.0,0.987595,0.321705,0.645241,0.127511,0.0,0.764849,0.992628,0.507557,0.574354,0.0,0.191772,0.01237,0.517366,0.0,0.085616,0.0,0.107721,0.4808,0.443178,0.0,0.0,0.251538,0.0,0.213599,1.130596,0.0,0.379092,0.148759,0.63386,0.326136,0.0,0.107945,0.374095,0.147036,0.129527,0.0,0.953901,0.140933,0.0,0.18383,0.0,0.0
109,0.0,0.212365,0.648599,0.004499,0.0,0.0,0.971181,0.548843,0.582943,0.366682,0.0,0.788732,1.073791,0.60993,0.419675,0.0,0.433028,0.0,0.218847,0.0,0.130461,0.122379,0.345384,0.489161,0.746245,0.0,0.0,0.482697,0.040079,0.11648,1.072439,0.0,0.365801,0.0,0.632919,0.691782,0.0,0.28426,0.018758,0.0,0.068204,0.0,1.228399,0.0,0.0,0.115252,0.0,0.0
110,0.0,0.18643,0.63387,0.0,0.0,0.0,0.925851,0.892488,0.647963,0.547419,0.0,0.866918,1.303147,0.573168,0.506505,0.0,0.548531,0.0,0.155768,0.0,0.393081,0.163368,0.249926,0.700998,0.997649,0.0,0.0,0.621211,0.0,0.246907,0.912792,0.0,0.519566,0.0,0.601966,0.987934,0.0,0.456225,0.0,0.005139,0.208472,0.0,1.644284,0.0,0.0,0.287412,0.0,0.0
111,0.0,0.130306,0.728135,0.0,0.0,0.0,0.931444,1.042735,0.616135,0.643824,0.0,1.00804,1.424168,0.639687,0.567762,0.0,0.595241,0.0,0.064069,0.0,0.585861,0.115471,0.151168,0.78632,0.944659,0.0,0.0,0.750053,0.0,0.396026,0.892515,0.0,0.640943,0.012417,0.727218,0.941083,0.0,0.586008,0.0,0.047386,0.278852,0.0,1.602902,0.0,0.000816,0.415009,0.0,0.0
112,0.0,0.0,0.87442,0.0,0.0,0.0,1.048092,1.146524,0.485459,0.691088,0.0,1.000851,1.401548,0.711264,0.45497,0.0,0.745123,0.0,0.0,0.0,0.467891,0.221422,0.356629,0.490058,1.13894,0.0,0.0,0.661134,0.065781,0.341707,1.037183,0.0,0.460308,0.0,0.585524,1.036769,0.0,0.692047,0.0,0.169064,0.047975,0.0,1.541074,0.0,0.016754,0.207213,0.0,0.0
113,0.0,0.0,0.966354,0.0,0.0,0.0,1.107437,1.366708,0.437673,0.600259,0.0,0.957883,1.400762,0.792558,0.405578,0.0,0.866973,0.0,0.0,0.0,0.39113,0.240054,0.462579,0.308479,1.397673,0.0,0.0,0.573675,0.043874,0.163886,1.219207,0.0,0.338424,0.0,0.382392,1.0882,0.0,0.76136,0.0,0.331402,0.0,0.0,1.494564,0.0,0.0,0.171342,0.0,0.0
114,0.0,0.0,1.059815,0.0,0.0,0.0,1.223401,1.398765,0.367434,0.496485,0.0,0.879658,1.403104,0.822529,0.466103,0.129226,0.802913,0.0,0.0,0.0,0.136195,0.078408,0.480964,0.118883,1.421615,0.0,0.0,0.532381,0.0,0.250321,1.4806,0.001849,0.101744,0.30901,0.498803,0.856011,0.0,0.77355,0.0,0.410735,0.0,0.0,1.21347,0.089492,0.0,0.220938,0.0,0.0
115,0.0,0.0,1.079878,0.0,0.0,0.0,1.270037,1.424968,0.27262,0.533741,0.0,0.971491,1.364978,0.752821,0.437873,0.104582,0.643804,0.0,0.158711,0.0,0.0,0.0,0.360652,0.036922,1.370742,0.0,0.0,0.493966,0.0,0.291518,1.681948,0.0,0.077888,0.510252,0.633783,0.792707,0.0,0.656495,0.0,0.424613,0.0,0.0,1.057207,0.15792,0.0,0.163139,0.0,0.0
116,0.0,0.0,1.049362,0.018828,0.0,0.0,1.298419,1.546766,0.256072,0.586729,0.0,1.003195,1.315949,0.70187,0.268129,0.0,0.668875,0.0,0.068576,0.0,0.0,0.0,0.33125,0.0,1.628998,0.0,0.0,0.427273,0.0,0.17242,1.751948,0.033354,0.069163,0.279627,0.629385,1.05365,0.0,0.540833,0.0,0.379282,0.0,0.0,1.113128,0.079294,0.0,0.051126,0.0,0.0
117,0.0,0.039989,1.194213,0.0,0.0,0.0,1.416554,1.446911,0.262441,0.5236,0.0,0.937475,1.237805,0.65286,0.348776,0.012657,0.581131,0.076769,0.305457,0.0,0.0,0.0,0.31403,0.034354,1.42854,0.053622,0.0,0.453632,0.0,0.309539,2.096078,0.0,0.073107,0.718069,0.76936,0.745516,0.0,0.556787,0.0,0.43927,0.0,0.0,0.976359,0.405816,0.0,0.127782,0.0,0.0
118,0.0,0.166943,1.305784,0.0,0.0,0.0,1.582818,1.417766,0.186721,0.583755,0.0,0.98739,1.171371,0.573073,0.38404,0.0,0.625092,0.23865,0.441507,0.0,0.0,0.0,0.30964,0.091365,1.366323,0.155538,0.0,0.49497,0.030066,0.250687,2.367803,0.0,0.187788,0.758429,0.958944,0.753068,0.0,0.480664,0.0,0.424776,0.0,0.0,0.907317,0.368781,0.0,0.034175,0.0,0.0
119,0.0,0.0,1.191276,0.0,0.0,0.0,1.555186,1.628206,0.0,0.612912,0.0,0.840633,1.191846,0.411132,0.350614,0.0,0.740846,0.32808,0.283201,0.0,0.0,0.0,0.365831,0.0,1.560955,0.327096,0.0,0.46429,0.013793,0.386978,2.354515,0.0,0.163254,0.868589,0.981836,0.869043,0.0,0.668432,0.0,0.507437,0.0,0.0,0.855606,0.705417,0.0,0.0,0.0,0.0
120,0.0,0.0,1.435942,0.0,0.0,0.0,1.787595,1.49148,0.0,0.562137,0.0,0.719028,1.03558,0.465847,0.543206,0.0,0.929939,0.585458,0.439828,0.0,0.0,0.0,0.359877,0.0,1.399276,0.447488,0.0,0.456562,0.14682,0.47238,2.613949,0.093618,0.151596,1.109659,1.117654,0.691664,0.0,0.737571,0.0,0.654373,0.0,0.0,0.730451,0.885774,0.0,0.0,0.0,0.0
121,0.0,0.0,1.157293,0.0,0.0,0.0,1.720239,1.680135,0.0,0.7899,0.0,0.682903,1.185057,0.221788,0.284155,0.009941,1.227748,0.658487,0.229746,0.0,0.0,0.0,0.420385,0.0,1.542052,0.859569,0.0,0.570793,0.347691,0.569329,2.455147,0.0,0.363579,1.23702,1.032465,0.976791,0.0,1.144302,0.041513,0.750305,0.063341,0.0,0.710515,1.231752,0.0,0.0,0.0,0.0
122,0.0,0.0,1.21486,0.0,0.0,0.141566,1.603389,1.777078,0.0,0.923538,0.0,0.539547,1.255806,0.27763,0.390481,0.308179,1.496543,0.722348,0.0,0.0,0.0,0.0,0.578886,0.0,1.777124,1.184028,0.0,0.606008,0.633094,0.737242,2.225889,0.00748,0.24754,1.442044,0.90773,1.156104,0.0,1.728394,0.034593,0.992073,0.352102,0.0,0.656825,1.627005,0.0,0.0,0.0,0.0
123,0.0,0.0,1.599669,0.0,0.0,0.359274,1.703981,1.787128,0.0,0.84667,0.0,0.501664,1.200424,0.541306,0.689628,0.346082,1.878648,0.845569,0.0,0.0,0.111219,0.0,0.329861,0.0,1.990699,1.19722,0.0,0.540613,0.771803,0.592529,1.952731,0.647645,0.215112,1.142679,0.783564,1.334387,0.0,1.779662,0.072486,1.345366,0.306385,0.0,0.679428,1.361293,0.0,0.093901,0.0,0.0
124,0.0,0.0,1.358379,0.0,0.0,0.547556,1.600407,1.976171,0.0,1.129451,0.0,0.319631,1.315637,0.374826,0.470717,0.387467,2.321218,0.828639,0.0,0.0,0.454022,0.0,0.303506,0.0,2.035835,1.494279,0.0,0.828235,1.193324,0.802666,1.756224,0.458665,0.322813,1.000546,0.851149,1.555658,0.0,2.217808,0.20922,1.399377,0.770694,0.0,0.737864,1.497954,0.246031,0.067565,0.0,0.0
125,0.0,0.0,1.526138,0.0,0.0,0.681009,1.286928,2.081282,0.0,1.07454,0.0,0.352399,1.258869,0.553955,0.60434,0.399239,2.383376,0.876533,0.0,0.0,0.767958,0.0,0.015305,0.141856,2.029758,1.618007,0.0,0.981842,1.138261,0.60246,1.349351,0.829431,0.482657,0.792711,0.852484,1.498229,0.0,2.367503,0.2727,1.37861,0.779074,0.0,0.783745,1.333499,0.361902,0.325997,0.0,0.0
126,0.0,0.0,1.464873,0.0,0.0,0.808003,1.124267,2.039625,0.0,1.200951,0.0,0.291659,1.287385,0.399696,0.412161,0.451206,2.583803,0.744403,0.0,0.0,1.078109,0.0,0.129833,0.01944,1.743914,1.736609,0.0,1.12064,1.432904,0.777399,1.611677,0.749896,0.573846,0.898752,0.946209,1.210637,0.0,2.636869,0.517061,1.264046,0.868385,0.0,0.685309,1.410491,0.469791,0.487687,0.0,0.0
127,0.0,0.0,1.3993,0.0,0.0,0.605502,0.917983,2.267526,0.0,1.182467,0.0,0.399015,1.292081,0.82717,0.312278,0.248967,2.386955,0.776081,0.0,0.0,1.428972,0.0,0.159705,0.351277,1.864832,1.635646,0.0,1.156017,1.099015,0.407768,1.215158,0.914431,0.732099,0.320417,0.861454,1.150057,0.0,2.401026,0.572629,1.148095,0.602313,0.0,0.8994,1.225167,0.306692,0.773961,0.0,0.0
128,0.0,0.0,1.603906,0.0,0.0,0.472478,0.681713,2.340916,0.0,1.259573,0.0,0.504336,1.223839,1.005994,0.158694,0.0,2.365395,0.711549,0.0,0.0,1.452011,0.0,0.188303,0.653959,1.723875,1.308627,0.0,1.386068,0.873232,0.200647,0.978671,0.993846,0.992433,0.0,0.9577,1.059719,0.0,2.30774,0.471012,0.817823,0.335173,0.0,1.333579,0.834013,0.205119,0.833656,0.0,0.0
129,0.0,0.0,1.531133,0.0,0.0,0.339861,0.394229,2.30896,0.0,1.373147,0.0,0.627999,1.235699,1.041812,0.0,0.0,2.134143,0.55344,0.0,0.0,1.409587,0.086332,0.190106,0.861268,1.601535,1.255126,0.0,1.714904,0.689783,0.078758,0.783296,0.833479,1.381528,0.0,1.085052,0.932773,0.0,2.203677,0.576445,0.386335,0.269157,0.0,1.657185,0.543496,0.188012,0.955932,0.0,0.0
130,0.159723,0.0,1.340436,0.0,0.0,0.21854,0.558342,2.17042,0.0,1.360258,0.0,0.729416,1.251728,1.008633,0.0,0.0,1.869339,0.292089,0.0,0.0,1.529813,0.0,0.511127,0.75806,1.470566,1.112325,0.0,1.657948,0.703187,0.331294,0.894072,0.537808,1.384502,0.0,1.214424,0.692382,0.0,2.026764,0.651298,0.32942,0.243014,0.0,1.5991,0.49392,0.15152,0.97368,0.0,0.0
131,0.264479,0.0,1.458301,0.0,0.0,0.177182,0.484951,1.896922,0.13212,1.138108,0.0,0.810596,1.102523,1.10848,0.068016,0.0,1.745188,0.181284,0.0,0.0,1.461406,0.172261,0.67497,0.720589,1.288198,0.782169,0.0,1.550956,0.668416,0.277235,0.999134,0.578158,1.347903,0.0,1.243637,0.505537,0.0,1.873854,0.563142,0.20474,0.104169,0.0,1.615134,0.278752,0.0,0.907628,0.0,0.0
132,0.365351,0.0,1.332583,0.0,0.0,0.063742,0.369285,1.741571,0.264757,1.00963,0.0,0.959996,1.115299,1.101466,0.071284,0.0,1.455045,0.091452,0.0,0.0,1.37397,0.337819,0.671759,0.793841,1.091851,0.617449,0.0,1.639636,0.489282,0.059459,0.919848,0.382329,1.562351,0.0,1.356777,0.438561,0.0,1.499192,0.641627,0.0,0.108201,0.0,1.753193,0.055413,0.0,0.864679,0.0,0.0
133,0.158353,0.0,1.179832,0.0,0.0,0.0,0.315679,1.4902,0.493955,0.6773,0.0,0.753736,1.016859,1.037993,0.258593,0.0,1.231661,0.268243,0.144725,0.0,1.080823,0.368988,0.651535,1.026889,1.038538,0.301031,0.0,1.614569,0.292808,0.108068,0.859856,0.225721,1.464044,0.0,1.368222,0.38558,0.0,1.232536,0.51312,0.0,0.028455,0.0,1.892212,0.0,0.0,0.830067,0.0,0.0
134,0.292367,0.056268,1.011471,0.0,0.0,0.0,0.144715,1.152489,0.40506,0.494006,0.0,0.836359,0.845475,0.969489,0.161637,0.0,0.96847,0.330114,0.242803,0.0,1.020796,0.533821,0.593516,1.056704,0.708059,0.221283,0.0,1.59274,0.375453,0.0,1.049798,0.237268,1.573466,0.0,1.288676,0.213317,0.0,0.951257,0.639483,0.0,0.0,0.0,1.71303,0.0,0.0,0.734273,0.0,0.0
135,0.02273,0.055289,1.135952,0.0,0.0,0.0,0.737595,0.980832,0.581414,0.357742,0.0,0.754667,0.881922,0.890687,0.51698,0.0,0.917347,0.360678,0.260942,0.0,0.63112,0.224241,0.743355,0.950351,0.669285,0.017065,0.0,1.24798,0.267771,0.255856,1.207597,0.209227,1.178572,0.0,1.513859,0.123973,0.0,0.847392,0.535633,0.0,0.0,0.0,1.600992,0.0,0.0,0.498495,0.0,0.0
136,0.0,0.0,0.989694,0.0,0.0,0.0,0.774255,0.938864,0.462093,0.357561,0.0,0.658686,0.930577,0.721856,0.602596,0.0,0.594634,0.387967,0.176258,0.0,0.63516,0.0,0.827811,0.693702,0.635743,0.248875,0.0,1.083428,0.248118,0.623269,1.260276,0.113422,0.883666,0.125008,1.470752,0.0143,0.0,0.889008,0.605741,0.0,0.104757,0.0,1.436936,0.280429,0.0,0.603129,0.0,0.0
137,0.032627,0.0,0.774141,0.0,0.0,0.0,0.771305,1.005319,0.335554,0.498047,0.0,0.725485,0.976751,0.843741,0.452292,0.0,0.490772,0.378244,0.212535,0.0,0.628821,0.0,0.721145,0.728822,0.706305,0.370063,0.0,1.058486,0.301409,0.484845,1.281307,0.097669,0.956274,0.136995,1.264737,0.095409,0.0,0.847344,0.668866,0.0,0.107694,0.0,1.45777,0.318019,0.0,0.643894,0.0,0.0
138,0.0,0.0,0.674401,0.0,0.0,0.0,1.197245,1.217296,0.176136,0.663419,0.0,0.784167,1.208682,0.662191,0.20165,0.0,0.487842,0.248364,0.0,0.0,0.585518,0.0,0.853523,0.388664,0.786743,0.411402,0.0,0.842824,0.242691,0.612572,1.430206,0.0,0.945735,0.133671,1.242383,0.377795,0.0,0.719411,0.546748,0.0,0.152283,0.0,1.519554,0.503727,0.0,0.47141,0.0,0.0
139,0.0,0.0,0.475219,0.0,0.0,0.0,0.903188,1.133818,0.255422,0.568263,0.0,0.730221,1.168787,0.858536,0.25878,0.0,0.401326,0.29675,0.022501,0.0,0.576971,0.0,0.441867,0.70125,0.994304,0.434963,0.0,0.776029,0.204179,0.425879,1.065284,0.062342,0.929848,0.0,0.895718,0.620126,0.0,0.683996,0.435944,0.032812,0.236589,0.0,1.556118,0.316761,0.0,0.639087,0.0,0.0
140,0.0,0.0,0.477851,0.004564,0.0,0.0,1.16835,1.079718,0.33197,0.490678,0.0,0.565743,1.15706,0.848403,0.268471,0.0,0.532878,0.186636,0.029367,0.0,0.391502,0.0,0.598459,0.463737,1.099045,0.259184,0.0,0.594808,0.19595,0.522904,1.092379,0.016172,0.71078,0.0,0.875414,0.555376,0.0,0.645804,0.268509,0.29556,0.147652,0.0,1.341487,0.378473,0.0,0.5208,0.0,0.0
141,0.0,0.0,0.319907,0.0,0.0,0.0,1.103159,0.973644,0.324425,0.447025,0.0,0.452058,1.133651,0.815738,0.294006,0.060329,0.495329,0.121141,0.0018,0.0,0.570448,0.0,0.64931,0.183542,0.941847,0.285179,0.0,0.448895,0.329303,0.649149,1.017282,0.0,0.44972,0.0,0.854981,0.461956,0.0,0.568706,0.404212,0.357894,0.280938,0.0,1.175683,0.643512,0.0,0.650827,0.0,0.0
142,0.240563,0.0,0.355661,0.011437,0.0,0.0,0.626089,0.558578,0.661616,0.191816,0.0,0.47565,0.955606,0.891744,0.511224,0.018574,0.501756,0.246361,0.465379,0.0,0.696398,0.0,0.343757,0.400899,0.652086,0.225864,0.0,0.502216,0.204637,0.391536,0.875488,0.191647,0.579233,0.053444,0.762787,0.109318,0.0,0.492408,0.876086,0.336452,0.224315,0.0,1.011297,0.524392,0.0,0.843023,0.0,0.0
143,0.523191,0.0,0.255687,0.0,0.0,0.213131,0.258337,0.368708,0.51393,0.286211,0.0,0.469209,0.662504,0.877887,0.425499,0.0,0.471326,0.317711,0.335767,0.0,0.885074,0.0,0.349261,0.269985,0.439354,0.169648,0.0,0.538282,0.524608,0.115648,0.797096,0.34704,0.563816,0.087914,0.65594,0.137908,0.0,0.359643,1.100674,0.145448,0.287053,0.0,0.923756,0.501803,0.0,0.956732,0.0,0.0
144,0.529405,0.00045,0.036867,0.0,0.0,0.16349,0.292003,0.48501,0.433888,0.290372,0.0,0.262322,0.488037,0.788217,0.465954,0.0,0.636348,0.467508,0.278824,0.0,1.240664,0.0,0.267487,0.537212,0.63342,0.32437,0.0,0.694449,0.647587,0.10053,0.458383,0.0,0.526091,0.0,0.679431,0.477237,0.0,0.340533,1.049988,0.122474,0.561842,0.0,1.091646,0.491156,0.0,1.028545,0.0,0.0
145,1.014539,0.069057,0.007441,0.0,0.0,0.373907,0.04725,0.363479,0.474224,0.330863,0.0,0.314881,0.427921,1.019857,0.578571,0.0,0.617728,0.574132,0.370677,0.0,1.337097,0.0,0.252875,0.691365,0.298446,0.298484,0.0,0.69616,0.712632,0.0,0.357592,0.003422,0.652863,0.0,0.554409,0.467915,0.0,0.106534,1.20359,0.161716,0.440534,0.0,1.239139,0.425898,0.0,1.180201,0.0,0.0
146,1.091482,0.0,0.385779,0.0,0.037597,0.273742,0.262609,0.120245,0.535159,0.244121,0.0,0.319473,0.443403,0.755981,0.905747,0.0,0.701336,0.501968,0.458817,0.0,1.489506,0.0,0.273362,0.444862,0.063205,0.240281,0.0,0.516241,0.773258,0.0,0.376921,0.064177,0.511699,0.225505,0.499323,0.266218,0.0,0.2959,1.714298,0.438202,0.703535,0.0,1.051329,0.645673,0.422917,1.328896,0.0,0.0
147,1.044945,0.098115,0.341272,0.090506,0.157261,0.338671,0.726135,0.161437,0.591338,0.345001,0.0,0.275312,0.752959,0.417382,0.723944,0.0,0.908064,0.454074,0.232632,0.0,1.398799,0.0,0.121723,0.604621,0.044484,0.143251,0.0,0.597149,0.718787,0.237719,0.1516,0.0,0.556475,0.292189,0.557085,0.624912,0.0,0.238062,1.63962,0.46223,1.169441,0.0,1.424033,0.639823,0.772326,1.354785,0.0,0.0
148,0.949255,0.231663,0.127645,0.029521,0.254934,0.185368,0.573858,0.270533,0.592268,0.270095,0.0,0.257408,0.839791,0.737498,0.826047,0.0,0.76393,0.549435,0.465737,0.0,1.301449,0.0,0.0,0.71279,0.116747,0.06745,0.0,0.223563,0.456192,0.0,0.083336,0.0,0.249674,0.126625,0.205621,0.874745,0.0,0.114994,1.351593,0.874959,0.853266,0.0,1.330096,0.676553,0.602214,1.362902,0.0,0.0
149,1.021399,0.0,0.098387,0.0,0.171214,0.240388,0.572357,0.125492,0.502924,0.128417,0.0,0.387402,0.794981,0.917512,0.9146,0.087753,0.45445,0.561088,0.43717,0.0,1.265632,0.0,0.0,0.292035,0.0,0.015972,0.0,0.0,0.430606,0.0,0.217837,0.264544,0.096369,0.179882,0.0,0.695478,0.0,0.012473,1.34277,1.143046,0.719972,0.0,0.759547,0.77361,0.767561,1.203343,0.0,0.0
150,0.854066,0.116896,0.0,0.0,0.124541,0.257493,0.466849,0.455336,0.485008,0.361394,0.0,0.180624,0.807962,1.031417,0.595706,0.109867,0.46375,0.4873,0.335205,0.0,1.136174,0.0,0.0,0.421718,0.426863,0.248503,0.0,0.070842,0.409563,0.0,0.245036,0.0,0.021176,0.0,0.029613,1.000536,0.0,0.101518,0.980465,0.865403,0.635993,0.0,0.847588,0.772996,0.498396,1.238148,0.0,0.0
151,0.63237,0.110779,0.0,0.0,0.1218,0.258628,0.714081,0.508543,0.282963,0.569607,0.0,0.003528,0.879431,0.628166,0.167452,0.258335,0.473534,0.32003,0.071145,0.0,0.884788,0.0,0.0,0.27274,0.611942,0.368637,0.0,0.208778,0.365365,0.25427,0.268553,0.0,0.0,0.019797,0.094507,1.094213,0.0,0.238832,0.771368,0.694386,0.953497,0.0,0.883226,0.957281,0.575685,1.010259,0.0,0.0
152,0.548036,0.074215,0.0,0.0,0.086825,0.175181,0.727468,0.202403,0.108504,0.374527,0.0,0.146698,0.72532,0.49334,0.248982,0.125149,0.378729,0.379415,0.077123,0.0,0.461693,0.0,0.0,0.040976,0.283723,0.073453,0.0,0.0,0.251245,0.156341,0.233058,0.0,0.0,0.381546,0.0,0.734041,0.0,0.232945,0.786976,0.761974,0.85999,0.0,0.530418,0.922242,0.704056,0.697253,0.0,0.0
153,0.440072,0.21935,0.0,0.0,0.162066,0.102201,0.853458,0.184662,0.233915,0.266479,0.0,0.056278,0.636211,0.608485,0.456308,0.069353,0.310311,0.463357,0.264927,0.0,0.466818,0.0,0.0,0.110831,0.471765,0.0,0.0,0.0,0.068669,0.258644,0.375655,0.0,0.0,0.156114,0.0,0.706721,0.0,0.10647,0.704337,0.821412,0.786017,0.0,0.478043,0.85093,0.532107,0.675608,0.0,0.0
154,0.414841,0.627235,0.0,0.091014,0.325156,0.010698,0.767869,0.079796,0.345136,0.149991,0.0,0.13457,0.569312,0.443489,0.666967,0.0,0.09541,0.587468,0.285327,0.0,0.434787,0.0,0.0,0.334974,0.245613,0.0,0.0,0.0,0.0,0.205958,0.299096,0.0,0.0,0.288146,0.0,0.943576,0.0,0.0,0.738535,0.84497,0.793404,0.0,0.582235,0.664135,0.524854,0.640462,0.0,0.0
155,0.777437,0.665233,0.234469,0.201273,0.474218,0.076463,0.780657,0.0,0.293073,0.054746,0.0,0.427088,0.374219,0.419288,0.564554,0.0,0.07666,0.415507,0.181088,0.0,0.427498,0.0,0.0,0.126693,0.0,0.0,0.0,0.0,0.0,0.0,0.277113,0.0,0.0,0.63354,0.0,0.6763,0.0,0.0,0.911561,0.885545,0.778153,0.0,0.46008,0.667513,0.766063,0.345516,0.0,0.0
156,0.557341,0.958645,0.293054,0.312726,0.542205,0.0,0.864451,0.0,0.615279,0.0,0.0,0.460457,0.49387,0.234603,0.940841,0.0,0.0,0.534982,0.621502,0.0,0.469834,0.0,0.0,0.427951,0.0,0.0,0.0,0.0,0.0,0.218105,0.21815,0.0,0.045973,0.419592,0.0,0.701355,0.0,0.0,1.134976,0.852094,0.854054,0.0,0.614391,0.361113,0.608659,0.550185,0.0,0.0
157,0.363433,0.875478,0.255355,0.367044,0.48586,0.0,0.926225,0.0,0.753306,0.0,0.010117,0.546173,0.632008,0.29847,1.116291,0.0,0.0,0.430741,0.830014,0.0,0.578788,0.0,0.0,0.636646,0.0,0.0,0.0,0.0,0.0,0.283198,0.299468,0.056615,0.027177,0.332069,0.0,0.633668,0.0,0.0,0.99008,0.921052,0.814454,0.0,0.650485,0.242177,0.467345,0.590234,0.0,0.0
158,0.358943,0.565624,0.012304,0.237884,0.349244,0.0,0.891329,0.006031,0.69803,0.042947,0.105223,0.41883,0.604743,0.480596,1.025631,0.125014,0.175327,0.38047,0.644186,0.0,0.638309,0.0,0.0,0.731318,0.207174,0.0,0.0,0.149765,0.012735,0.321564,0.425074,0.0,0.0,0.098976,0.34163,0.778774,0.0,0.0,0.670332,0.629527,0.683004,0.0,0.833609,0.168694,0.234735,0.648186,0.0,0.0
159,0.324614,0.399495,0.410388,0.0,0.336269,0.00734,0.701192,0.010629,0.690541,0.171931,0.0,0.580016,0.665885,0.621455,0.8262,0.0,0.556605,0.192639,0.613102,0.0,0.655517,0.002507,0.175382,0.688209,0.210726,0.0,0.0,0.301254,0.200436,0.123487,0.465086,0.112023,0.154605,0.0,0.364635,0.567744,0.0,0.103653,0.587121,0.448578,0.483775,0.0,1.039399,0.0,0.114433,0.558754,0.0,0.0
160,0.25395,0.218279,0.327866,0.0,0.124918,0.184448,0.716696,0.396597,0.592234,0.329294,0.0,0.360692,0.757076,0.726233,0.747025,0.004061,0.793282,0.10834,0.346494,0.0,0.916663,0.166359,0.440441,0.723075,0.55603,0.0,0.0,0.55788,0.432328,0.215287,0.531631,0.0,0.152445,0.0,0.487614,0.923516,0.0,0.314026,0.148569,0.370047,0.511248,0.0,1.452951,0.038496,0.0,0.65044,0.0,0.0
161,0.57467,0.0,0.449271,0.0,0.13035,0.11339,0.532167,0.438598,0.611195,0.566902,0.0,0.611526,0.846999,0.686631,0.618697,0.189283,0.87048,0.0,0.263667,0.0,1.180675,0.163998,0.394243,0.680872,0.574111,0.037959,0.0,0.718232,0.50269,0.192723,0.399985,0.0,0.391705,0.0,0.707358,0.661633,0.0,0.547876,0.654505,0.1269,0.71403,0.0,1.37121,0.189603,0.22004,0.97176,0.0,0.0
162,0.636246,0.097006,0.145991,0.0,0.135369,0.134452,0.527005,0.69599,0.669957,0.55038,0.0,0.471885,1.006545,0.837327,0.634803,0.080206,0.930591,0.022168,0.329343,0.0,1.403618,0.233423,0.349988,0.912145,0.83367,0.168802,0.0,0.891266,0.598912,0.110668,0.258797,0.0,0.420943,0.0,0.700229,0.992334,0.0,0.608574,0.523508,0.351546,0.727809,0.0,1.646832,0.267858,0.061958,1.102404,0.0,0.0
163,0.783136,0.010019,0.308644,0.0,0.223965,0.139739,0.569965,0.526898,0.742276,0.51638,0.0,0.509569,0.961724,0.922767,0.716784,0.08283,0.924804,0.120506,0.403422,0.0,1.326993,0.085995,0.364019,0.894082,0.622895,0.068886,0.0,0.740491,0.595455,0.016732,0.209437,0.0,0.40989,0.0,0.711498,0.828253,0.0,0.517408,0.695423,0.487647,0.652816,0.0,1.524486,0.291142,0.169892,1.213685,0.0,0.0
164,0.869971,0.241298,0.238744,0.0,0.320828,0.064781,0.725138,0.472068,0.801928,0.509606,0.0,0.514185,1.089941,0.886601,0.814082,0.0,0.920736,0.236848,0.595347,0.0,1.237092,0.0,0.219405,1.061787,0.507161,0.0,0.0,0.752713,0.495453,0.0,0.088797,0.0,0.409992,0.0,0.733554,0.963973,0.0,0.351455,0.925346,0.566092,0.765526,0.0,1.736035,0.266747,0.246352,1.360583,0.0,0.0
165,1.019912,0.098549,0.288782,0.02008,0.441652,0.050403,0.880625,0.322542,0.826641,0.533465,0.0,0.585764,1.101079,0.641132,0.839252,0.029053,0.978227,0.190072,0.545434,0.0,1.304195,0.0,0.129252,0.881733,0.281356,0.0,0.0,0.63603,0.417189,0.037726,0.148239,0.0,0.306409,0.002685,0.792288,0.884635,0.0,0.330345,1.383974,0.576855,0.987073,0.0,1.679377,0.387592,0.62977,1.414721,0.0,0.0
166,1.345164,0.046889,0.282554,0.011753,0.447446,0.118602,0.689544,0.064172,0.80678,0.436279,0.0,0.673879,0.931386,0.729095,0.989939,0.127262,0.656864,0.321002,0.621475,0.0,1.327185,0.0,0.043198,0.762421,0.0,0.0,0.0,0.399438,0.491401,0.0,0.260074,0.0,0.293035,0.185782,0.609257,0.797747,0.0,0.142702,1.569442,0.692482,0.845886,0.0,1.329056,0.481418,0.805578,1.458458,0.0,0.0
167,1.34132,0.511559,0.045103,0.234452,0.612863,0.13376,0.859882,0.210184,0.921431,0.404094,0.0,0.525794,1.033666,0.552043,1.088493,0.0,0.602189,0.481965,0.688084,0.0,1.35183,0.0,0.0,0.960589,0.0,0.0,0.0,0.374495,0.317766,0.0,0.193953,0.0,0.139256,0.245726,0.629342,1.127763,0.0,0.012857,1.602631,0.847891,1.0195,0.0,1.673251,0.528111,0.725575,1.440849,0.0,0.0
168,1.506622,0.451102,0.208778,0.264779,0.589296,0.23944,0.78096,0.0,0.848117,0.314126,0.0,0.733752,0.814987,0.613679,1.121391,0.049813,0.34216,0.564441,0.78746,0.0,1.231474,0.0,0.0,0.755511,0.0,0.0,0.0,0.063977,0.320351,0.0,0.350893,0.0,0.054793,0.434529,0.51139,0.784581,0.0,0.0,1.824172,0.860065,0.873228,0.0,1.239572,0.529299,0.896427,1.293821,0.0,0.0
169,1.267963,0.958949,0.197534,0.39693,0.660545,0.0,0.953663,0.0,0.961007,0.0309,0.0,0.618694,0.843201,0.334839,1.389233,0.0,0.308793,0.841761,1.250234,0.0,0.944953,0.0,0.096152,1.081643,0.0,0.0,0.0,0.417164,0.190066,0.0,0.347778,0.0,0.135471,0.677952,0.613506,0.835089,0.0,0.0,1.93176,0.866474,1.029959,0.0,1.348138,0.515436,0.849732,1.340176,0.0,0.0
170,1.10074,1.103372,0.043467,0.65041,0.846689,0.0,0.988217,0.0,1.030815,0.0,0.0,0.557779,0.85843,0.273095,1.585961,0.10231,0.070392,0.970438,1.276661,0.0,0.992617,0.0,0.0,1.12394,0.0,0.0,0.0,0.054123,0.0,0.045392,0.485953,0.0,0.0,0.831616,0.550772,0.865896,0.0,0.0,1.900879,1.269023,0.976268,0.0,1.23419,0.582088,0.755556,1.088092,0.0,0.0
171,0.820454,1.115837,0.0,0.73297,0.82088,0.0,1.273368,0.0,0.933573,0.0,0.079011,0.418314,0.646092,0.118502,1.68421,0.287707,0.0,0.993405,1.056298,0.0,1.11951,0.0,0.0,1.140609,0.0,0.0,0.0,0.0,0.0,0.463315,0.57159,0.0,0.0,0.835013,0.603485,0.966189,0.0,0.0,1.676684,1.317099,1.250239,0.0,1.193433,0.707332,0.819174,0.943194,0.0,0.0
172,0.767287,1.092734,0.094309,0.779291,0.862638,0.0,1.212626,0.0,0.848037,0.0,0.0,0.555112,0.554235,0.064714,1.533344,0.119386,0.0,0.973323,0.899675,0.0,1.067944,0.0,0.0,0.910484,0.0,0.0,0.0,0.0,0.0,0.275885,0.499006,0.0,0.0,0.95237,0.290067,0.882674,0.0,0.0,1.65684,1.298671,1.127992,0.0,1.101555,0.720587,0.902171,0.774184,0.0,0.0
173,0.644924,0.801275,0.0,0.459861,0.815904,0.06367,0.983424,0.0,0.771036,0.0,0.0,0.501349,0.487377,0.194529,1.202478,0.241501,0.0,0.801947,0.857817,0.0,0.860377,0.0,0.003052,0.615459,0.0,0.0,0.0,0.0,0.006081,0.349114,0.623329,0.102813,0.0,0.873614,0.175727,0.482173,0.0,0.0,1.51221,1.178938,0.89372,0.0,0.766374,0.867525,0.826693,0.677386,0.0,0.0
174,0.387357,0.716831,0.040363,0.404407,0.466265,0.001746,0.944629,0.0,0.537788,0.0,0.0,0.413282,0.554336,0.220795,0.855021,0.0,0.0,0.722282,0.701303,0.0,0.526349,0.0,0.0,0.505375,0.0,0.0,0.0,0.0,0.0,0.279798,0.451488,0.042111,0.028475,0.655262,0.094551,0.610804,0.0,0.0,1.159148,0.815941,0.867847,0.0,0.724167,0.712126,0.66254,0.654144,0.0,0.0
175,0.321057,0.580955,0.0,0.132609,0.333291,0.114556,0.72444,0.0,0.483633,0.175792,0.0,0.254381,0.553852,0.461039,0.59049,0.068796,0.108616,0.534666,0.562227,0.0,0.374382,0.0,0.0,0.350944,0.153221,0.0,0.0,0.0,0.0,0.22097,0.679232,0.061291,0.0,0.284319,0.21108,0.519276,0.0,0.0,0.84937,0.631148,0.473978,0.0,0.483004,0.570477,0.378859,0.520122,0.0,0.0
176,0.291968,0.131805,0.0,0.0,0.143671,0.192728,0.610738,0.259107,0.339726,0.253736,0.0,0.205285,0.514135,0.643075,0.457182,0.233658,0.176877,0.445484,0.302776,0.0,0.519131,0.0,0.0,0.036439,0.392622,0.074556,0.0,0.0,0.121541,0.109918,0.626465,0.045297,0.0,0.258061,0.038923,0.535444,0.0,0.217693,0.629397,0.568717,0.47363,0.0,0.360308,0.872041,0.425464,0.565762,0.0,0.0
177,0.064118,0.077382,0.033438,0.0,0.0,0.084936,0.55415,0.561881,0.204057,0.352133,0.0,0.163355,0.787239,0.566744,0.17242,0.089766,0.455935,0.410148,0.105531,0.0,0.313073,0.0,0.0,0.108289,0.650755,0.16713,0.0,0.0,0.0,0.006802,0.31954,0.042072,0.006767,0.017917,0.026305,0.828121,0.0,0.309722,0.410234,0.501636,0.548166,0.0,0.595634,0.705168,0.352196,0.492645,0.0,0.0
178,0.015787,0.0,0.030709,0.0,0.0,0.149366,0.767762,0.663936,0.0,0.446649,0.0,0.037186,0.78173,0.450712,0.023827,0.08779,0.735376,0.41098,0.0,0.0,0.316311,0.0,0.0,0.0,0.766314,0.287431,0.0,0.0,0.194809,0.06934,0.607844,0.0,0.0,0.027721,0.166083,0.844634,0.0,0.505634,0.304489,0.526459,0.618847,0.0,0.480316,0.764696,0.326534,0.33527,0.0,0.0
179,0.002033,0.0,0.0,0.0,0.0,0.024107,0.890661,0.768501,0.01448,0.635103,0.0,0.0,0.753977,0.407028,0.0,0.292788,0.7852,0.383915,0.121802,0.0,0.402631,0.0,0.050227,0.065097,0.971724,0.423458,0.0,0.101246,0.169216,0.197318,0.624927,0.0,0.056632,0.0,0.146631,0.798212,0.0,0.581355,0.557554,0.503422,0.654517,0.0,0.6317,1.064525,0.319872,0.469752,0.0,0.0
180,0.097311,0.0,0.082817,0.0,0.0,0.0,1.175086,0.690621,0.0,0.69321,0.0,0.199746,0.957302,0.250096,0.111997,0.184156,0.700222,0.384704,0.368125,0.0,0.154476,0.0,0.00955,0.090872,0.660675,0.395636,0.0,0.102224,0.076816,0.288036,0.73077,0.0,0.21432,0.319054,0.492943,0.686531,0.0,0.544725,0.877935,0.496059,0.812932,0.0,0.619749,1.132032,0.512376,0.411052,0.0,0.0
181,0.0,0.150055,0.135121,0.0,0.0,0.0,1.281575,0.710958,0.0,0.721303,0.0,0.379234,1.041076,0.027328,0.0,0.0,0.513974,0.412853,0.483691,0.0,0.0,0.0,0.0,0.263129,0.518118,0.171232,0.0,0.080609,0.0,0.083982,0.718796,0.0,0.450409,0.369431,0.588467,0.94214,0.0,0.263419,0.976379,0.387973,0.842027,0.0,0.785166,0.997195,0.518566,0.378898,0.0,0.0
182,0.0,0.396689,0.30962,0.0,0.089932,0.0,1.429499,0.622679,0.126289,0.55949,0.0,0.494474,1.051022,0.0,0.212261,0.0,0.166578,0.450564,0.902883,0.0,0.0,0.0,0.0,0.317871,0.271749,0.0,0.0,0.0,0.0,0.064787,1.0184,0.0,0.443963,0.573454,0.677285,0.806024,0.0,0.0,1.261177,0.454182,0.686418,0.0,0.799971,1.10188,0.415114,0.387057,0.0,0.0
183,0.0,0.554466,0.338501,0.0,0.053045,0.0,1.556235,0.449464,0.212947,0.49721,0.0,0.386034,0.997395,0.0,0.284436,0.0,0.154902,0.292748,1.171859,0.0,0.0,0.0,0.0,0.083037,0.297268,0.0,0.0,0.0,0.0,0.100032,1.581462,0.0,0.067223,0.772938,0.792239,0.696338,0.0,0.0,1.280914,0.55184,0.534283,0.0,0.679957,1.06102,0.232953,0.115166,0.0,0.0
184,0.0,0.854213,0.339613,0.054187,0.145924,0.0,1.519209,0.401868,0.475784,0.329648,0.0,0.411492,0.951304,0.0,0.437237,0.0,0.0,0.375618,1.503673,0.0,0.0,0.0,0.0,0.082533,0.257528,0.0,0.0,0.0,0.0,0.083333,1.848758,0.0,0.0,0.774024,0.867772,0.633373,0.0,0.0,1.350102,0.586658,0.249822,0.0,0.583966,1.016374,0.032347,0.017011,0.0,0.0
185,0.0,0.933109,0.258307,0.12992,0.156793,0.0,1.444075,0.314858,0.611054,0.241145,0.0,0.36857,0.867599,0.0,0.407057,0.0,0.0,0.342721,1.572609,0.0,0.0,0.0,0.0,0.0,0.362976,0.0,0.0,0.0,0.0,0.177116,2.15735,0.0,0.0,0.885489,0.926302,0.507166,0.0,0.0,1.239847,0.513969,0.101713,0.0,0.525865,1.050919,0.0,0.0,0.0,0.0
186,0.0,1.130276,0.126472,0.205907,0.227321,0.0,1.276129,0.230308,0.66388,0.328012,0.0,0.353473,0.6827,0.0,0.242124,0.0,0.0,0.348822,1.384675,0.0,0.0,0.0,0.0,0.106063,0.475302,0.0,0.0,0.0,0.0,0.26935,2.13033,0.0,0.0,0.845938,0.91268,0.547615,0.0,0.0,1.17072,0.456913,0.090188,0.0,0.609351,1.098445,0.0,0.0,0.0,0.0
187,0.0,1.116491,0.145062,0.239179,0.226832,0.0,1.330075,0.264281,0.588641,0.351879,0.0,0.482461,0.762051,0.0,0.287052,0.0,0.0,0.41023,1.427133,0.0,0.0,0.0,0.0,0.043085,0.386754,0.0,0.0,0.0,0.0,0.40723,1.845055,0.0,0.092359,0.848318,0.884893,0.552658,0.0,0.0,1.387813,0.494894,0.352347,0.0,0.711174,1.335812,0.0,0.0,0.0,0.0
188,0.027253,1.062571,0.161294,0.223517,0.401267,0.035222,1.385506,0.182872,0.549995,0.276065,0.0,0.462331,0.821832,0.0,0.273743,0.0,0.0,0.565889,1.641465,0.0,0.0,0.0,0.0,0.0,0.184597,0.0,0.0,0.0,0.0,0.380436,2.156202,0.0,0.0,1.129295,0.806575,0.312569,0.0,0.0,1.475145,0.609328,0.130839,0.0,0.561431,1.555212,0.0,0.0,0.0,0.0
189,0.029483,0.824199,0.076935,0.146413,0.288915,0.058458,1.277687,0.153418,0.389218,0.19094,0.0,0.346263,0.78536,0.057232,0.377173,0.0,0.0,0.612853,1.425683,0.0,0.0,0.0,0.0,0.0,0.12352,0.0,0.0,0.0,0.0,0.290072,2.000696,0.0,0.0,1.299308,0.656543,0.319084,0.0,0.0,1.323877,0.74806,0.229965,0.0,0.476639,1.59172,0.0,0.0,0.0,0.0
190,0.0,0.926386,0.098724,0.26708,0.227307,0.062669,1.156502,0.14855,0.51231,0.160864,0.0,0.339707,0.721896,0.005314,0.456976,0.0,0.0,0.741418,1.126675,0.0,0.0,0.0,0.0,0.071533,0.214221,0.0,0.0,0.0,0.0,0.378845,1.547436,0.101236,0.000556,0.976188,0.5811,0.499664,0.0,0.0,1.250232,0.775632,0.398507,0.0,0.551035,1.354722,0.0,0.0,0.0,0.0
191,0.007729,0.639835,0.145434,0.105345,0.169529,0.152741,1.071348,0.045125,0.24586,0.139921,0.0,0.266383,0.68186,0.2156,0.47418,0.0,0.0,0.835898,0.940521,0.0,0.0,0.0,0.0,0.0,0.076646,0.0,0.0,0.0,0.0,0.316986,1.492174,0.109579,0.0,1.122385,0.486909,0.354808,0.0,0.0,1.031116,0.779487,0.32216,0.0,0.385735,1.36319,0.067763,0.0,0.0,0.0
192,0.010895,0.541786,0.220595,0.028347,0.002772,0.214453,0.991132,0.016271,0.103565,0.280785,0.0,0.191573,0.501091,0.202721,0.300431,0.0,0.0,0.875948,0.586637,0.0,0.0,0.0,0.0,0.098708,0.237823,0.120174,0.0,0.0,0.0,0.536906,1.132808,0.130745,0.10317,0.900285,0.461888,0.24421,0.0,0.094886,0.929693,0.565538,0.470285,0.0,0.466685,1.376617,0.077446,0.054175,0.0,0.0
193,0.034001,0.062664,0.005237,0.0,0.0,0.155197,1.056487,0.13709,0.0,0.455142,0.0,0.098147,0.50548,0.153398,0.081215,0.0,0.0,0.881278,0.262007,0.0,0.0,0.0,0.317694,0.0,0.322304,0.397596,0.0,0.0,0.060394,0.526412,1.197533,0.0,0.143509,1.029407,0.460603,0.420492,0.0,0.347615,0.82273,0.215438,0.710166,0.0,0.664578,1.448163,0.081028,0.0,0.0,0.0
194,0.0,0.0,0.0,6.7e-05,0.0,0.036197,1.16661,0.370254,0.0,0.375785,0.0,0.0,0.572737,0.335867,0.19023,0.048995,0.012909,0.850861,0.284576,0.0,0.0,0.0,0.206181,0.213326,0.677979,0.439007,0.0,0.0,0.023913,0.766248,0.994555,0.0,0.170527,0.664021,0.492977,0.401198,0.0,0.374777,0.788709,0.347127,0.743178,0.0,0.772536,1.421249,0.0,0.304208,0.0,0.0
195,0.0,0.0,0.0,0.168101,0.0,0.012905,1.340633,0.464763,0.005967,0.525948,0.0,0.0,0.737155,0.591818,0.095798,0.119883,0.221708,0.725948,0.230865,0.0,0.0,0.0,0.252709,0.305154,0.812904,0.453208,0.0,0.0,0.07017,0.681033,1.001235,0.128912,0.197174,0.27759,0.548178,0.502346,0.0,0.35436,0.855578,0.518941,0.555,0.0,0.882169,1.267905,0.0,0.369576,0.0,0.0
196,0.0,0.0,0.084469,0.097815,0.0,0.0,1.406744,0.484789,0.0,0.306334,0.0,0.172187,1.100212,0.658332,0.617739,0.065267,0.100497,0.849228,0.365623,0.0,0.0,0.0,0.149266,0.241921,0.448122,0.507038,0.0,0.0,0.097475,0.73377,0.841573,0.15698,0.364362,0.701024,0.691889,0.280506,0.0,0.572335,1.063079,0.890579,0.696434,0.0,0.71169,1.398005,0.084154,0.434096,0.0,0.0
197,0.181637,0.0,0.063186,0.0,0.0,0.063633,1.544923,0.633371,0.0,0.602005,0.0,0.161232,1.151544,0.813086,0.216795,0.084033,0.293059,0.893242,0.220042,0.0,0.0,0.0,0.462767,0.264041,0.583784,0.609993,0.0,0.061601,0.264948,0.589854,1.12886,0.127086,0.421534,0.504452,0.857347,0.520712,0.0,0.494161,1.160581,0.668479,0.555074,0.0,0.836078,1.491577,0.035016,0.582473,0.0,0.0
198,0.284013,0.0,0.0,0.0,0.0,0.042669,1.533295,0.899422,0.0,0.794142,0.0,0.162093,1.263914,0.933484,0.14722,0.308468,0.323821,0.799859,0.250778,0.0,0.496289,0.0,0.422522,0.42589,0.7225,0.892932,0.0,0.305158,0.458738,0.637501,0.9101,0.063537,0.722295,0.385824,0.889968,0.605466,0.0,0.524197,1.440627,0.792787,0.730169,0.0,1.126557,1.7823,0.124778,1.037042,0.0,0.0
199,0.501844,0.0,0.0,0.0,0.0,0.0,1.640056,1.083593,0.0,0.93485,0.0,0.234872,1.355514,0.973986,0.0,0.44585,0.59721,0.76266,0.249031,0.0,0.921914,0.0,0.575186,0.480062,0.790873,1.026122,0.0,0.532716,0.528379,0.506158,0.979325,0.0,0.935865,0.218915,0.991144,0.68174,0.0,0.527259,1.665202,0.79513,0.739756,0.0,1.249091,1.910354,0.211102,1.209522,0.0,0.0
200,0.470262,0.0,0.050959,0.0,0.0,0.0,1.535342,1.367526,0.0,1.161669,0.0,0.343661,1.604145,0.921814,0.0,0.199355,1.055418,0.575016,0.090519,0.0,0.954566,0.0,0.469238,0.573217,1.033094,1.054729,0.0,0.847121,0.545847,0.361098,0.694092,0.0,1.165581,0.0,1.200779,0.962767,0.0,0.904148,1.551554,0.69667,0.946278,0.0,1.429819,1.516059,0.436197,1.188051,0.0,0.0
201,0.451347,0.0,0.352936,0.0,0.0,0.0,1.273776,1.365592,0.0,1.153218,0.0,0.538996,1.765695,0.894594,0.062804,0.0,1.38159,0.302173,0.0,0.0,1.013168,0.0,0.362781,0.607365,0.936791,0.950657,0.0,1.026077,0.561029,0.324392,0.482957,0.0,1.264245,0.0,1.34607,1.03499,0.0,1.23717,1.479361,0.579707,0.891526,0.0,1.6708,1.080947,0.577351,1.231944,0.0,0.0
202,0.5458,0.0,0.379141,0.0,0.0,0.0,0.993922,1.562439,0.12173,1.126766,0.0,0.666495,1.669726,1.091154,0.009864,0.0,1.40888,0.238399,0.0,0.0,1.415859,0.0,0.20992,0.880595,1.091151,0.876276,0.0,1.107056,0.454362,0.0,0.280222,0.0,1.331784,0.0,1.116283,1.317292,0.0,1.043523,1.220735,0.527109,0.707144,0.0,1.905367,0.66581,0.459237,1.293724,0.0,0.0
203,0.440124,0.0,0.480136,0.0,0.055603,0.0,1.06303,1.57923,0.195964,1.108922,0.0,0.7048,1.640043,0.97192,0.063704,0.0,1.456577,0.054507,0.0,0.0,1.658072,0.0,0.326705,0.747274,1.166852,0.733104,0.0,0.99884,0.559185,0.052304,0.279415,0.0,1.084507,0.0,1.054836,1.348167,0.0,1.156524,0.881471,0.663081,0.677435,0.0,1.820605,0.707982,0.467248,1.193901,0.0,0.0
204,0.515386,0.0,0.884737,0.0,0.081617,0.054466,0.881513,1.256421,0.357754,1.075543,0.0,0.962955,1.678054,0.928232,0.330031,0.0,1.458751,0.0,0.0,0.0,1.414919,0.356939,0.180875,0.912564,0.972037,0.443775,0.0,0.986413,0.556632,0.0,0.321019,0.0,1.059965,0.0,0.998606,1.339571,0.0,1.220929,0.766577,0.498167,0.540303,0.0,1.953616,0.104954,0.404374,1.062124,0.0,0.0
205,0.55159,0.0536,0.619078,0.0,0.155585,0.0,0.835851,1.290237,0.486586,1.067706,0.0,0.877994,1.745437,0.956373,0.41024,0.0,1.372518,0.0,0.0,0.0,1.336722,0.459457,0.14164,1.06321,1.157136,0.377585,0.0,1.106427,0.462728,0.0,0.103973,0.0,0.938428,0.0,0.959089,1.464283,0.0,1.130205,0.584933,0.454736,0.48449,0.0,2.219964,0.059028,0.316444,1.028409,0.0,0.0
206,0.597179,0.0,0.906053,0.0,0.233996,0.0,1.034838,0.887858,0.410359,1.033489,0.0,1.099807,1.669259,0.586689,0.495715,0.0,1.251249,0.0,0.0,0.0,1.30238,0.467473,0.171489,0.816667,0.773535,0.259515,0.0,0.815182,0.470869,0.192632,0.313445,0.0,0.738159,0.0,1.10846,1.288739,0.0,1.043212,0.736847,0.253083,0.616567,0.0,1.941877,0.092061,0.601671,0.85781,0.0,0.0
207,0.471329,0.324618,0.787151,0.0,0.320561,0.0,0.983801,0.625601,0.629466,0.830928,0.0,0.975806,1.643372,0.758788,0.880532,0.0,1.122489,0.0,0.087125,0.0,0.920376,0.683858,0.037873,1.093459,0.812084,0.0,0.0,0.727265,0.441564,0.040355,0.247269,0.0,0.576706,0.0,0.92747,1.479741,0.0,0.826781,0.467166,0.394088,0.434994,0.0,2.194114,0.0,0.258164,0.71296,0.0,0.0
208,0.36661,0.460008,0.897615,0.0,0.383592,0.0,0.907898,0.377378,0.657385,0.625241,0.0,0.990795,1.567258,0.653106,1.053852,0.0,1.016312,0.0,0.106979,0.0,0.897151,0.800697,0.0,1.040803,0.635471,0.0,0.0,0.587427,0.453933,0.057548,0.283463,0.0,0.465196,0.0,0.854618,1.494755,0.059721,0.734563,0.472507,0.418677,0.474775,0.0,2.04518,0.0,0.160476,0.469307,0.0,0.0
209,0.490867,0.59698,1.102369,0.0,0.391815,0.0,1.130419,0.118457,0.601093,0.48389,0.0,1.151944,1.466282,0.605364,1.191382,0.0,1.011204,0.0,0.233093,0.0,0.765549,0.693977,0.0,1.10608,0.364137,0.0,0.0,0.503733,0.356665,0.0,0.311755,0.0,0.565295,0.048607,0.974256,1.188693,0.188536,0.648216,0.762634,0.399636,0.517109,0.0,1.803681,0.0,0.189811,0.283959,0.0,0.0
210,0.432969,0.556371,1.02918,0.0,0.253512,0.0,1.141027,0.143076,0.55837,0.498558,0.0,1.063849,1.536656,0.541268,1.20374,0.0,0.977414,0.01754,0.153883,0.0,0.780254,0.605864,0.0,1.139635,0.392344,0.026033,0.0,0.580357,0.316642,0.232341,0.507693,0.0,0.629124,0.234331,1.145087,1.282353,0.086322,0.794989,0.690595,0.286246,0.658363,0.0,1.785004,0.0,0.128829,0.240098,0.0,0.0
211,0.275046,0.294683,1.010977,0.0,0.201824,0.0,1.232392,0.403531,0.218637,0.722324,0.0,1.046667,1.566555,0.526171,0.971014,0.0,1.171369,0.0,0.0,0.0,0.566903,0.615445,0.075296,0.934863,0.560009,0.173295,0.0,0.575046,0.362465,0.173956,0.54257,0.0,0.659893,0.146292,1.130465,1.517322,0.0,0.952806,0.529281,0.308699,0.772061,0.0,1.948165,0.0,0.235169,0.142006,0.0,0.0
212,0.0,0.133484,0.804718,0.0,0.121591,0.0,1.345993,0.795607,0.0,0.926548,0.0,1.053853,1.806151,0.287554,0.783667,0.0,1.253531,0.077956,0.0,0.0,0.569459,0.341533,0.194637,0.796294,0.723175,0.505072,0.068023,0.640327,0.414873,0.242618,0.63747,0.0,0.868992,0.156317,1.262081,1.910376,0.0,1.220791,0.473226,0.383391,0.892803,0.0,2.092468,0.173108,0.366036,0.090873,0.0,0.0
213,0.0,0.132139,0.604049,0.0,0.068417,0.0,1.682266,1.190864,0.0,1.060357,0.0,0.970647,1.840358,0.388598,0.562988,0.0,1.439457,0.122932,0.0,0.0,0.658973,0.04645,0.291826,0.842737,1.158226,0.780976,0.0,0.617271,0.402499,0.189056,0.66711,0.0,0.98969,0.0,1.168133,2.0212,0.0,1.327304,0.452375,0.70545,0.882548,0.0,2.01421,0.347136,0.323318,0.135094,0.0,0.0
214,0.0,0.0,0.585344,0.0,0.0,0.0,1.80938,1.206852,0.0,1.172162,0.0,0.950761,2.036335,0.175327,0.499376,0.0,1.592412,0.223191,0.0,0.0,0.587727,0.0,0.447106,0.54644,1.048922,1.049333,0.04069,0.550862,0.578231,0.452981,0.986986,0.0,0.975946,0.330203,1.251654,2.054556,0.0,1.635346,0.504941,0.817567,1.158587,0.0,1.799714,0.774536,0.429901,0.034686,0.0,0.0
215,0.0,0.026017,0.681419,0.0,0.0,0.0,1.892508,1.065178,0.0,1.017237,0.0,1.055021,2.06389,0.192695,0.714725,0.0,1.641644,0.435388,0.0,0.0,0.251913,0.0,0.312918,0.51504,0.82406,0.927378,0.169194,0.469862,0.569043,0.317782,0.958035,0.0,1.069133,0.426181,1.351021,2.181676,0.0,1.63009,0.476321,0.868468,1.266627,0.0,1.725566,0.568656,0.434132,0.0,0.0,0.0
216,0.0,0.0,0.511694,0.0,0.0,0.0,2.002961,1.008338,0.0,0.914723,0.0,0.858771,1.876632,0.243937,0.652152,0.0,1.496799,0.502724,0.0,0.0,0.238578,0.0,0.433859,0.567776,0.949262,1.04468,0.0,0.364842,0.464208,0.396257,0.975878,0.0,0.93418,0.570434,1.183563,1.927136,0.0,1.521234,0.530284,0.998314,1.2035,0.0,1.515163,0.980205,0.305836,0.0,0.0,0.0
217,0.0,0.062626,0.355942,0.0,0.0,0.0,1.954626,0.915377,0.0,0.829226,0.0,0.807274,1.773069,0.301338,0.749034,0.0,1.356774,0.530173,0.0,0.0,0.187375,0.0,0.25721,0.673742,0.921916,1.001738,0.0,0.311906,0.323468,0.367047,0.714626,0.0,0.922873,0.535591,1.19868,1.893017,0.0,1.334534,0.602654,0.958052,1.295447,0.0,1.536645,0.948939,0.289967,0.011352,0.0,0.0
218,0.135378,0.075604,0.512172,0.0,0.0,0.0,2.015212,0.585693,0.0,0.762758,0.0,0.770609,1.707828,0.256733,0.973812,0.0,1.289762,0.545103,0.0,0.0,0.0,0.0,0.283483,0.477949,0.509356,0.870932,0.0,0.135934,0.479112,0.593161,0.868164,0.0,0.781237,0.920693,1.267545,1.525378,0.0,1.296772,0.804154,0.917004,1.427493,0.0,1.347336,1.037918,0.34847,0.0,0.0,0.0
219,0.054175,0.0,0.137414,0.0,0.0,0.0,1.985875,0.592793,0.0,0.819908,0.0,0.580167,1.602179,0.0,0.528041,0.0,1.215101,0.597336,0.0,0.0,0.030787,0.0,0.338876,0.335143,0.560757,0.844141,0.0,0.113735,0.568655,0.523763,0.99125,0.0,0.780169,0.81248,1.069661,1.728155,0.0,1.099652,0.825814,0.801657,1.503636,0.0,1.391795,0.995977,0.372941,0.0,0.0,0.0
220,0.0,0.253761,0.198136,0.0,0.0,0.0,1.762052,0.432585,0.0,0.508142,0.0,0.468167,1.417331,0.330938,0.844641,0.0,1.02338,0.588324,0.0,0.0,0.0,0.0,0.160132,0.490376,0.620851,0.67492,0.0,0.0,0.426025,0.571197,0.634218,0.0,0.576956,0.720105,0.964339,1.533679,0.0,1.065507,0.509188,0.94795,1.301999,0.0,1.247013,0.873297,0.071424,0.0,0.0,0.0
221,0.0,0.096814,0.057408,0.0,0.0,0.0,1.626703,0.503946,0.0,0.487206,0.0,0.333875,1.071546,0.217262,0.476603,0.032239,0.740928,0.628631,0.0,0.0,0.086191,0.0,0.298052,0.495584,0.601869,0.732003,0.0,0.073751,0.327002,0.416332,0.591251,0.0,0.621746,0.709278,0.753095,1.371276,0.0,0.832724,0.552965,0.710198,1.139928,0.0,1.258151,1.065606,0.130368,0.030539,0.0,0.0
222,0.037256,0.079047,0.100801,0.0,0.0,0.0,1.550949,0.332464,0.0,0.552327,0.0,0.415292,0.969504,0.272352,0.605539,0.006421,0.746717,0.461779,0.0,0.0,0.203377,0.0,0.456457,0.318621,0.412081,0.576717,0.0,0.0,0.53015,0.53213,0.773197,0.0,0.464443,0.702408,0.693077,1.101481,0.0,0.830061,0.584401,0.723142,0.99242,0.0,1.186365,0.930524,0.155613,0.0,0.0,0.0
223,0.0,0.167859,0.242229,0.0,0.0,0.0,1.326888,0.193567,0.0,0.327466,0.0,0.277467,0.898119,0.251943,0.73743,0.0,0.609421,0.475932,0.023837,0.0,0.172113,0.0,0.276659,0.400309,0.353635,0.309309,0.0,0.0,0.299656,0.619696,0.719556,0.0,0.411827,0.599712,0.704548,0.923532,0.0,0.560279,0.571168,0.451017,1.016581,0.0,1.257031,0.670877,0.104824,0.087258,0.0,0.0
224,0.128212,0.229793,0.541687,0.0,0.0,0.0,1.032442,0.075307,0.165517,0.05324,0.0,0.161267,0.562889,0.205047,0.708956,0.0,0.479931,0.547125,0.053581,0.0,0.048278,0.0,0.232992,0.405237,0.195727,0.071354,0.0,0.149247,0.191663,0.581354,0.569744,0.0,0.431047,0.678924,0.600344,0.512552,0.0,0.395872,0.551486,0.165816,0.933358,0.0,1.071529,0.66537,0.057934,0.114583,0.0,0.0
225,0.0,0.345735,0.252798,0.0,0.0,0.0,0.783817,0.114008,0.285706,0.0,0.0,0.033057,0.361199,0.319003,0.677762,0.0,0.356569,0.483954,0.291128,0.0,0.202038,0.0,0.211697,0.579301,0.403273,0.037044,0.0,0.270755,0.07943,0.401593,0.654472,0.0,0.255951,0.155363,0.564046,0.553192,0.0,0.181015,0.291172,0.119304,0.518813,0.0,0.928943,0.308685,0.0,0.085576,0.0,0.0
226,0.0,0.384948,0.583134,0.044431,0.0,0.0,0.575811,0.063317,0.366493,0.0,0.0,0.263183,0.307633,0.294158,0.637966,0.0,0.401285,0.307004,0.453856,0.0,0.240018,0.0,0.043621,0.375993,0.11729,0.0,0.0,0.124995,0.138614,0.202301,0.550404,0.197182,0.291508,0.125551,0.394616,0.228615,0.0,0.030946,0.565783,0.167492,0.362072,0.0,0.750611,0.173077,0.0,0.179079,0.0,0.0
227,0.216734,0.1768,0.457456,0.0,0.0,0.121556,0.153401,0.161576,0.459449,0.0,0.0,0.349879,0.149619,0.428847,0.551307,0.044762,0.289955,0.306753,0.454583,0.0,0.407278,0.0,0.082322,0.110846,0.135428,0.0,0.0,0.231076,0.373064,0.06968,0.823846,0.475599,0.274965,0.05344,0.499715,0.052037,0.0,0.069126,0.67471,0.032056,0.090182,0.0,0.361824,0.168723,0.0,0.313673,0.0,0.0
228,0.20644,0.243913,0.540651,0.0,0.0,0.337825,0.0,0.492757,0.5526,0.0,0.0,0.202186,0.089374,0.578625,0.35299,0.0,0.458073,0.309259,0.515963,0.0,0.503656,0.0,0.144987,0.052982,0.27305,0.0,0.0,0.277255,0.502181,0.0,0.829117,0.634498,0.322546,0.0,0.460921,0.053424,0.0,0.0,0.539755,0.045725,0.0,0.0,0.530093,0.107921,0.0,0.409837,0.0,0.0
229,0.506401,0.298714,0.343522,0.0,0.0,0.493681,0.0,0.69893,0.390646,0.160028,0.0,0.256211,0.0,0.661876,0.185819,0.0,0.467344,0.378549,0.570421,0.0,0.657954,0.0,0.015214,0.0,0.387121,0.0,0.0,0.467309,0.776015,0.0,0.831079,0.584381,0.383362,0.0,0.497373,0.072635,0.0,0.083038,0.867341,0.0,0.0,0.0,0.487673,0.088297,0.0,0.561987,0.0,0.0
230,0.520924,0.236582,0.598436,0.0,0.0,0.507188,0.0,0.717212,0.26102,0.186807,0.0,0.108782,0.0,0.493291,0.1801,0.0,0.597341,0.481862,0.598862,0.0,0.75228,0.0,0.070846,0.0,0.376199,0.154092,0.0,0.557685,0.902261,0.0,0.872291,0.676238,0.36415,0.0,0.55706,0.0,0.0,0.227561,1.015862,0.0,0.0,0.0,0.278884,0.3341,0.0,0.555963,0.0,0.0
231,0.691973,0.497191,0.93159,0.0,0.0,0.557026,0.0,0.697145,0.071378,0.24921,0.0,0.128314,0.0,0.451778,0.262579,0.0,0.788254,0.567533,0.668996,0.0,0.896046,0.0,0.0,0.082203,0.211776,0.282354,0.0,0.679542,1.040393,0.0,0.976556,0.885672,0.432021,0.032023,0.499794,0.0,0.0,0.319975,1.172613,0.0,0.0,0.0,0.324684,0.312662,0.0,0.742654,0.0,0.0
232,0.791458,0.554442,1.197342,0.0,0.0,0.551598,0.0,0.677125,0.147144,0.081721,0.0,0.0,0.0,0.375413,0.419095,0.0,0.91533,0.604228,0.656876,0.0,0.915431,0.0,0.0,0.177851,0.091837,0.366744,0.0,0.5668,0.954082,0.0,0.732598,0.969435,0.346923,0.143862,0.343584,0.0,0.0,0.394512,1.223012,0.281659,0.0,0.0,0.243868,0.556443,0.0,0.755281,0.0,0.0
233,0.806728,0.356276,1.014741,0.0,0.0,0.54739,0.0,0.567624,0.0,0.371271,0.0,0.0,0.0,0.034668,0.40374,0.0,1.11621,0.651877,0.348419,0.0,0.975577,0.0,0.0,0.132024,0.303631,0.639381,0.0,0.659095,1.192427,0.246798,0.651458,0.542157,0.137979,0.250819,0.144018,0.194229,0.0,0.68561,1.355274,0.299195,0.424835,0.0,0.222639,0.750847,0.087176,0.637321,0.0,0.0
234,0.936894,0.186942,0.820138,0.0,0.0,0.563166,0.0,0.351345,0.0,0.319866,0.0,0.0,0.0,0.152849,0.529787,0.0,1.363847,0.640119,0.046377,0.0,1.034011,0.0,0.0,0.113903,0.332933,0.731779,0.0,0.314243,1.359994,0.258221,0.32193,0.501428,0.0,0.383872,0.0,0.46113,0.0,0.862821,1.311441,0.710512,0.869738,0.0,0.224014,0.929742,0.367816,0.611551,0.0,0.0
235,1.064543,0.253581,1.087001,0.0,0.0,0.649666,0.0,0.12531,0.0,0.26224,0.0,0.0,0.0,0.39691,0.89438,0.0,1.63516,0.673694,0.0,0.0,1.162271,0.0,0.0,0.259523,0.264895,0.837941,0.0,0.147628,1.461905,0.200719,0.209872,0.761108,0.0,0.510534,0.0,0.75429,0.0,1.051255,1.224983,0.980701,0.951695,0.0,0.318148,0.770104,0.417347,0.62771,0.0,0.0
236,0.794427,0.305273,0.855937,0.0,0.0,0.679526,0.106761,0.098364,0.0,0.416604,0.0,0.0,0.114264,0.375082,0.956424,0.0,1.772037,0.688074,0.0,0.0,1.253749,0.0,0.0,0.468123,0.459335,1.02207,0.0,0.399843,1.584921,0.482194,0.015,0.413246,0.0,0.416615,0.0,1.266563,0.0,1.259232,0.944667,1.068561,1.278436,0.0,0.632018,0.789864,0.511278,0.586472,0.0,0.0
237,0.617213,0.170614,0.529147,0.0,0.0,0.673165,0.400955,0.020384,0.0,0.6153,0.0,0.0,0.313347,0.364382,1.084567,0.0,1.752784,0.681388,0.0,0.0,1.482595,0.0,0.0,0.329526,0.557226,1.131396,0.0,0.10607,1.777891,0.844698,0.037929,0.06588,0.0,0.50258,0.0,1.759669,0.0,1.486116,0.604937,1.392182,1.487774,0.0,0.747661,0.986058,0.653946,0.400912,0.0,0.0
238,0.501436,0.1511,0.775332,0.0,0.0,0.544248,0.616689,0.0,0.0,0.67239,0.0,0.0,0.413434,0.456346,1.227874,0.0,1.744269,0.646897,0.0,0.0,1.27966,0.0,0.0,0.442524,0.490316,1.003499,0.0,0.038713,1.622026,1.015097,0.080367,0.131594,0.042542,0.545054,0.0,1.685288,0.0,1.492879,0.576168,1.437326,1.411763,0.0,0.930902,1.049131,0.553325,0.311101,0.0,0.0
239,0.520405,0.134499,0.727549,0.0,0.0,0.486498,0.707479,0.0,0.0,0.61898,0.0,0.161104,0.534199,0.542824,1.384681,0.0,1.42856,0.594224,0.0,0.0,1.16121,0.0,0.0,0.589485,0.303612,1.007469,0.0,0.017203,1.521511,0.990019,0.064236,0.200922,0.2566,0.744762,0.0,1.537173,0.0,1.442104,0.708117,1.388664,1.310268,0.0,1.052809,1.023779,0.555005,0.388985,0.0,0.0
240,0.235948,0.081479,0.310471,0.0,0.0,0.219882,0.90453,0.0,0.0,0.569105,0.0,0.0,0.66825,0.442166,1.076971,0.015739,1.278983,0.605271,0.0,0.0,1.183648,0.0,0.070257,0.634789,0.460761,0.929929,0.0,0.17353,1.201056,1.098099,0.170774,0.0,0.274439,0.523615,0.204796,1.561402,0.0,1.244282,0.549084,1.128801,1.373815,0.0,1.226381,1.07123,0.489266,0.410426,0.0,0.0
241,0.204114,0.0,0.040751,0.0,0.0,0.083037,0.957371,0.135106,0.0,0.567564,0.0,0.0,0.61507,0.375714,0.650955,0.15443,0.971141,0.580951,0.0,0.0,1.092789,0.0,0.209091,0.568427,0.536139,0.806151,0.0,0.251761,0.905155,0.945779,0.305872,0.0,0.291606,0.34916,0.254191,1.388997,0.0,0.898022,0.636015,0.822816,1.275863,0.0,1.226814,1.115993,0.462629,0.515079,0.0,0.0
242,0.028805,0.176229,0.112928,0.0,0.0,0.0,0.913159,0.108378,0.0,0.302421,0.0,0.0,0.661633,0.382239,0.726037,0.0,0.720877,0.537558,0.0,0.0,0.732568,0.0,0.0,0.542884,0.489605,0.45632,0.0,0.106688,0.569036,0.862697,0.180552,0.0,0.340438,0.276535,0.261277,1.128876,0.0,0.609116,0.566818,0.731859,1.145383,0.0,1.145782,0.835162,0.342842,0.487234,0.0,0.0
243,0.126254,0.292625,0.232666,0.015105,0.0,0.0,0.577995,0.118149,0.088502,0.136002,0.0,0.037976,0.462866,0.583089,0.599281,0.0,0.328188,0.630435,0.103181,0.0,0.206562,0.0,0.0,0.519643,0.486549,0.267346,0.0,0.0,0.142694,0.369981,0.324217,0.16526,0.27524,0.10036,0.121233,0.699299,0.0,0.330967,0.578591,0.609658,0.576723,0.0,0.828256,0.7651,0.029792,0.39996,0.0,0.0
244,0.196105,0.171208,0.385623,0.0,0.0,0.1023,0.624654,0.157712,0.0,0.104335,0.0,0.063524,0.357217,0.440062,0.504316,0.0,0.145733,0.745084,0.127861,0.0,0.0,0.0,0.0,0.112204,0.296013,0.215861,0.0,0.0,0.229375,0.37903,0.724234,0.160018,0.114954,0.587356,0.211965,0.379164,0.0,0.352478,0.584415,0.560432,0.464504,0.0,0.439584,1.073752,0.031235,0.143292,0.0,0.0
245,0.399818,0.234027,0.496183,0.0,0.029805,0.448048,0.529763,0.177384,0.0,0.293127,0.0,0.018617,0.19617,0.366044,0.282034,0.0,0.0,0.906044,0.333311,0.0,0.0,0.0,0.074887,0.0,0.261832,0.289995,0.0,0.0,0.317898,0.477052,1.173662,0.247266,0.0,0.815562,0.285456,0.173715,0.0,0.261809,0.817593,0.538113,0.19655,0.0,0.274033,1.410088,0.0,0.10072,0.0,0.0
246,0.502948,0.309982,0.834412,0.0,0.0,0.70007,0.571929,0.200227,0.0,0.394941,0.0,0.0,0.128833,0.267971,0.152354,0.0,0.146687,1.161832,0.353485,0.0,0.0,0.0,0.162819,0.0,0.247148,0.350526,0.0,0.0,0.448951,0.561635,1.644215,0.288401,0.0,1.14192,0.330563,0.131539,0.0,0.245582,0.915847,0.618856,0.020688,0.0,0.208384,1.672555,0.0,0.0,0.0,0.0
247,0.884318,0.496522,0.973445,0.0,0.0,0.94375,0.636442,0.089427,0.0,0.436193,0.0,0.0,0.008933,0.110383,0.133658,0.0,0.232155,1.410627,0.346969,0.0,0.0,0.0,0.064789,0.0,0.187433,0.513086,0.0,0.0,0.7994,0.735811,1.769573,0.210304,0.0,1.694062,0.167442,0.169408,0.0,0.416341,1.128624,1.017771,0.23576,0.0,0.0,2.049051,0.0,0.0,0.0,0.0
248,0.774113,0.585695,1.081434,0.0,0.0,1.040809,0.595203,0.207636,0.0,0.153404,0.0,0.0,0.049337,0.16138,0.682553,0.0,0.099509,1.773577,0.426695,0.0,0.0,0.0,0.0,0.0,0.11709,0.591654,0.0,0.0,0.888608,0.896439,1.240463,0.410224,0.0,1.904578,0.096698,0.300008,0.0,0.5156,1.281207,1.505586,0.612198,0.0,0.0,2.24958,0.163219,0.0,0.0,0.0
249,0.922815,0.525842,0.805875,0.0,0.0,1.315909,0.635921,0.311523,0.0,0.571797,0.0,0.0,0.0,0.0,0.424202,0.0,0.123624,1.985121,0.110185,0.0,0.0,0.0,0.0,0.0,0.40163,0.914161,0.0,0.0,1.278375,1.133288,1.210664,0.043203,0.0,1.990187,0.0,0.772596,0.0,0.746264,1.472273,1.557682,1.098783,0.0,0.0,2.475502,0.28251,0.0,0.0,0.0
250,1.127721,0.552762,0.994179,0.0,0.0,1.332366,0.622595,0.213018,0.0,0.478683,0.0,0.0,0.0,0.084617,0.545797,0.0,0.275014,2.073092,0.092592,0.0,0.0,0.0,0.0,0.0,0.185602,0.995324,0.0,0.0,1.31619,0.971082,1.357948,0.173494,0.0,2.304236,0.0,0.681339,0.0,0.875458,1.534159,1.906889,0.940171,0.0,0.0,2.618643,0.350983,0.0,0.0,0.0
251,1.248935,0.504125,1.130723,0.0,0.0,1.378507,0.571988,0.222368,0.0,0.62125,0.0,0.0,0.028029,0.177959,0.346485,0.0,0.332589,2.122868,0.188945,0.0,0.0,0.0,0.0,0.0,0.131428,0.975806,0.0,0.0,1.186507,0.897394,1.567638,0.357781,0.0,2.30931,0.005107,0.512578,0.0,0.761149,1.642394,1.773654,0.643324,0.0,0.0,2.723742,0.352413,0.0,0.0,0.0
252,1.26142,0.373114,0.96882,0.0,0.0,1.384077,0.673265,0.321721,0.0,0.664285,0.0,0.0,0.058201,0.132016,0.230498,0.0,0.135885,2.119118,0.289456,0.0,0.0,0.0,0.0,0.0,0.164118,1.041055,0.0,0.0,1.427397,0.97472,1.453043,0.199156,0.0,2.233202,0.020733,0.455105,0.0,0.725913,1.68847,1.686184,0.735367,0.0,0.0,2.913576,0.428199,0.0,0.0,0.0
253,1.140917,0.344428,1.092672,0.0,0.003043,1.425122,0.601876,0.410542,0.0,0.644682,0.0,0.0,0.121062,0.194851,0.24293,0.0,0.0,2.07373,0.514401,0.0,0.0,0.0,0.0,0.0,0.172076,0.886263,0.0,0.0,1.315771,1.04733,1.365171,0.367058,0.0,1.86809,0.195257,0.315867,0.0,0.489012,1.786744,1.469084,0.601009,0.0,0.0,2.861662,0.506019,0.137955,0.0,0.0
254,1.07643,0.738805,1.43355,0.0,0.0,1.383893,0.456976,0.502679,0.0,0.642074,0.0,0.0,0.071412,0.053564,0.229299,0.0,0.0,2.005492,0.667468,0.0,0.0,0.0,0.0,0.0,0.085526,0.726453,0.0,0.0,1.193097,1.101856,1.537135,0.632154,0.0,1.650475,0.413969,0.086059,0.0,0.427492,1.883663,1.348026,0.055467,0.0,0.0,2.539666,0.213301,0.147685,0.0,0.0
255,1.093983,0.650838,1.194462,0.0,0.059386,1.223816,0.361036,0.487734,0.0,0.547354,0.0,0.0,0.048372,0.073034,0.194667,0.0,0.0,1.868011,0.743078,0.0,0.0,0.0,0.0,0.0,0.016874,0.679129,0.0,0.0,1.204254,0.86005,1.590315,0.499053,0.0,1.706343,0.366587,0.151277,0.0,0.288848,1.782942,1.286301,0.081235,0.0,0.0,2.45954,0.262823,0.115395,0.0,0.0
256,1.078556,0.761629,1.063028,0.0,0.073563,1.194825,0.130137,0.513109,0.0,0.496887,0.0,0.0,0.0,0.127516,0.11402,0.0,0.0,1.691899,0.752424,0.0,0.0,0.0,0.0,0.0,0.027975,0.584865,0.0,0.0,1.152911,0.55599,1.885178,0.695523,0.0,1.502513,0.295209,0.170038,0.0,0.076694,1.712307,1.268929,0.0,0.0,0.0,2.06711,0.0,0.065836,0.0,0.0
257,1.026732,0.925613,1.141108,0.0,0.0,1.035355,0.0,0.511747,0.0,0.248986,0.0,0.007223,0.0,0.105062,0.325996,0.0,0.0,1.558137,0.84886,0.0,0.110704,0.0,0.0,0.0,0.0,0.467359,0.0,0.0,1.108586,0.324047,1.860723,0.91802,0.0,1.454422,0.200297,0.188083,0.0,0.0,1.675712,1.332402,0.0,0.0,0.0,1.652377,0.0,0.069527,0.0,0.0
258,0.602401,1.25303,1.463986,0.0,0.0,0.735613,0.0,0.596772,0.0,0.012849,0.0,0.004566,0.0,0.0,0.434644,0.0,0.0,1.395622,0.981929,0.0,0.016596,0.0,0.0,0.0,0.0,0.438543,0.0,0.05523,1.240199,0.527478,1.660566,0.761281,0.0,1.469689,0.304555,0.342098,0.0,0.118786,1.506754,1.197741,0.0,0.0,0.0,1.470867,0.0,0.034281,0.0,0.0
259,0.651057,1.621237,1.807616,0.0,0.0,0.58579,0.054112,0.571812,0.0,0.0,0.0,0.334066,0.0,0.0,0.455695,0.0,0.110516,1.172019,1.030109,0.0,0.120308,0.0,0.0,0.007071,0.0,0.28303,0.0,0.0,1.240724,0.345368,1.711754,1.032979,0.0,1.370734,0.230201,0.236286,0.0,0.0,1.518555,1.269879,0.0,0.0,0.0,1.11105,0.0,0.064928,0.0,0.0
260,0.272575,1.484709,1.638682,0.0,0.0,0.574753,0.106927,0.617935,0.0,0.0,0.0,0.090188,0.0,0.0,0.267421,0.0,0.291771,1.191679,1.091583,0.0,0.0,0.0,0.0,0.097673,0.02095,0.195103,0.0,0.412775,1.306058,0.50108,1.807961,0.890287,0.064395,1.114252,0.437762,0.385973,0.0,0.0,1.179329,0.69356,0.0,0.0,0.0,0.867595,0.0,0.05494,0.0,0.0
261,0.295021,1.39021,1.777793,0.0,0.0,0.58684,0.203672,0.414685,0.0,0.0,0.0,0.0,0.0,0.0,0.308781,0.0,0.66525,0.911177,0.950369,0.0,0.0,0.0,0.0,0.0,0.036983,0.091837,0.0,0.211418,1.13868,0.228983,2.356443,0.792176,0.0,1.137964,0.50405,0.315738,0.0,0.0,0.95224,0.782761,0.0,0.0,0.0,0.594196,0.0,0.0,0.0,0.0
262,0.301885,1.013947,1.521716,0.0,0.0,0.395383,0.213387,0.333903,0.0,0.0,0.0,0.080901,0.0,0.0,0.43221,0.0,0.377357,0.935207,0.904709,0.0,0.0,0.0,0.0,0.0,0.075377,0.216584,0.0,0.016207,1.034521,0.310087,2.211279,0.587393,0.0,1.425503,0.399383,0.334533,0.0,0.0,0.840974,0.741629,0.0,0.0,0.0,0.881357,0.0,0.0,0.0,0.0
263,0.251897,1.045227,1.242021,0.0,0.0,0.377393,0.348205,0.365115,0.0,0.0,0.0,0.136925,0.0,0.0,0.426085,0.0,0.01945,1.063022,0.892039,0.0,0.0,0.0,0.0,0.0,0.15351,0.197208,0.0,0.161566,0.793255,0.594802,1.937426,0.422036,0.060792,1.241595,0.388339,0.294767,0.0,0.0,0.973238,0.530924,0.0,0.0,0.065819,1.02261,0.0,0.0,0.0,0.0
264,0.123559,1.174015,1.240631,0.0,0.0,0.281454,0.424264,0.239968,0.0,0.0,0.0,0.149812,0.0,0.0,0.402961,0.0,0.152482,0.878219,0.812429,0.0,0.0,0.0,0.0,0.0,0.103528,0.0,0.0,0.0,0.633753,0.353171,1.766477,0.376921,0.095471,1.154061,0.26924,0.386009,0.0,0.0,0.762232,0.760195,0.134189,0.0,0.039131,0.874919,0.0,0.0,0.0,0.0
265,0.115826,1.033248,0.989037,0.0,0.0,0.260077,0.506208,0.142984,0.081999,0.0,0.0,0.164836,0.0,0.0,0.422599,0.0,0.02989,0.704528,0.884137,0.0,0.0,0.0,0.0,0.0,0.09554,0.0,0.0,0.0,0.325666,0.371244,1.807867,0.268091,0.11751,1.007542,0.285631,0.070378,0.0,0.0,0.724738,0.624982,0.0,0.0,0.045264,1.027169,0.0,0.0,0.0,0.0
266,0.266347,0.761237,0.541348,0.0,0.123459,0.272622,0.454034,0.086207,0.16248,0.0,0.0,0.222652,0.0,0.202771,0.401541,0.0,0.0,0.625415,0.684639,0.0,0.0,0.0,0.0,0.0,0.12997,0.0,0.0,0.0,0.233501,0.107259,1.402469,0.242531,0.0,0.898789,0.087414,0.245769,0.0,0.0,0.644807,0.668073,0.067665,0.0,0.046473,0.909599,0.0,0.0,0.0,0.0
267,0.192253,0.697501,0.331313,0.0,0.065948,0.287178,0.480654,0.087531,0.203558,0.196985,0.0,0.05713,0.0,0.243102,0.107945,0.0,0.126381,0.548917,0.326614,0.0,0.0,0.0,0.0,0.0,0.371618,0.0,0.0,0.0,0.148542,0.07165,1.336744,0.122015,0.0,0.442891,0.056484,0.599279,0.0,0.0,0.486475,0.341795,0.12287,0.0,0.204539,0.686251,0.0,0.0,0.0,0.0
268,0.078292,0.749164,0.206749,0.001497,0.105284,0.119016,0.494779,0.127986,0.296588,0.091925,0.0,0.0,0.119097,0.244495,0.42159,0.0,0.006196,0.575526,0.41352,0.0,0.0,0.0,0.0,0.062332,0.375907,0.0,0.0,0.0,0.0,0.196676,0.859501,0.0,0.0,0.323488,0.0,0.7392,0.0,0.0,0.518044,0.563566,0.408961,0.0,0.304529,0.650726,0.0,0.129083,0.0,0.0
269,0.283185,0.856776,0.106335,0.070847,0.266429,0.047188,0.648243,0.101833,0.3296,0.047968,0.0,0.121081,0.161022,0.164411,0.651377,0.0,0.0,0.628001,0.421421,0.0,0.162858,0.0,0.0,0.133928,0.283919,0.0,0.0,0.0,0.0,0.364179,0.501032,0.0,0.0,0.429923,0.0,0.746012,0.0,0.0,0.868619,0.736712,0.819813,0.0,0.363248,0.780964,0.313933,0.281936,0.0,0.0
270,0.492655,0.987473,0.285328,0.17403,0.328917,0.136013,0.70789,0.0,0.218004,0.016306,0.0,0.11993,0.136185,0.104132,0.57088,0.0,0.0,0.738269,0.366881,0.0,0.160587,0.0,0.0,0.149658,0.059577,0.0,0.0,0.0,0.0,0.274924,0.390365,0.0,0.0,0.6295,0.0,0.756636,0.0,0.0,0.979149,0.7459,0.949913,0.0,0.287803,0.754015,0.531187,0.209167,0.0,0.0
271,0.709129,1.081938,0.157254,0.103847,0.492548,0.185644,0.650459,0.0,0.290904,0.020355,0.0,0.198005,0.103545,0.329212,0.769349,0.0,0.0,0.929416,0.444503,0.0,0.368401,0.0,0.0,0.269082,0.0,0.0,0.0,0.0,0.0,0.252476,0.476155,0.078928,0.0,0.630843,0.0,0.626724,0.0,0.0,1.126117,1.104506,0.632559,0.0,0.06758,0.920484,0.621424,0.290244,0.0,0.0
272,0.763003,0.887708,0.0,0.0,0.445809,0.216871,0.774738,0.0,0.141202,0.03629,0.0,0.078224,0.107854,0.40877,0.822499,0.0,0.0,0.914032,0.356234,0.0,0.546778,0.0,0.0,0.081533,0.0,0.0,0.0,0.0,0.024561,0.274645,0.399054,0.0,0.0,0.813235,0.0,0.739985,0.0,0.024774,1.141174,1.375965,0.994394,0.0,0.18202,1.188487,0.77919,0.318245,0.0,0.0
273,0.641738,0.998707,0.028088,0.089047,0.416623,0.139088,0.944439,0.018279,0.122812,0.023676,0.0,0.069427,0.324295,0.122078,0.829613,0.0,0.036955,0.981434,0.287922,0.0,0.457476,0.0,0.0,0.140713,0.0,0.0,0.0,0.0,0.043699,0.338977,0.243387,0.0,0.0,0.835001,0.0,1.050974,0.0,0.013696,1.23352,1.362506,1.28546,0.0,0.422497,1.057996,0.850503,0.332167,0.0,0.0
274,0.731054,0.789498,0.2397,0.0,0.330552,0.176662,0.886057,0.050241,0.007145,0.213506,0.0,0.158667,0.315765,0.104819,0.552134,0.0,0.031506,0.837028,0.244357,0.0,0.213438,0.0,0.0,0.016179,0.0,0.0,0.0,0.0,0.097092,0.153291,0.33734,0.0,0.0,0.889961,0.0,0.867427,0.0,0.000805,1.275276,1.197233,1.03502,0.0,0.289776,1.180373,0.871146,0.270394,0.0,0.0
275,0.544299,0.653649,0.274671,0.0,0.267967,0.06419,0.857348,0.116139,0.078507,0.24021,0.0,0.045841,0.292133,0.167222,0.419626,0.013632,0.134909,0.823774,0.417169,0.0,0.0715,0.0,0.0,0.172556,0.0,0.0,0.0,0.0,0.0,0.11797,0.741359,0.0,0.0,0.72316,0.090602,0.595087,0.0,0.049643,1.045819,0.944249,0.606423,0.0,0.159416,1.186061,0.474612,0.293227,0.0,0.0
276,0.32036,0.44987,0.269865,0.0,0.301338,0.0,0.981345,0.533904,0.079167,0.5642,0.0,0.069711,0.572054,0.041178,0.197432,0.0,0.285359,0.590159,0.635491,0.0,0.0,0.0,0.0,0.162072,0.287817,0.0,0.0,0.0,0.003362,0.088787,0.899201,0.0,0.0,0.355906,0.439044,0.73541,0.0,0.0,1.105793,0.489208,0.598541,0.0,0.477991,0.919493,0.30123,0.318969,0.0,0.0
277,0.3527,0.576777,0.722567,0.0,0.283192,0.0,1.049257,0.408182,0.214318,0.550617,0.0,0.157441,0.551989,0.0,0.119047,0.0,0.380886,0.459349,0.74156,0.0,0.0,0.0,0.0,0.244378,0.15811,0.0,0.0,0.0,0.0,0.0,1.293689,0.0,0.016028,0.242163,0.67727,0.50914,0.0,0.0,1.156812,0.217521,0.139755,0.0,0.602122,0.623541,0.064379,0.153697,0.0,0.0
278,0.263341,0.469593,0.691997,0.0,0.270444,0.0,0.877622,0.360253,0.358576,0.419725,0.0,0.248155,0.476116,0.0,0.181458,0.0,0.284137,0.398943,0.739082,0.0,0.0,0.0,0.0,0.255573,0.090514,0.0,0.0,0.283035,0.0,0.024908,1.154034,0.0,0.189436,0.502629,0.902655,0.265107,0.0,0.0,1.13118,0.0,0.401532,0.0,0.614616,0.642171,0.126605,0.10494,0.0,0.0
279,0.144393,0.361394,0.518438,0.0,0.207273,0.0,0.820602,0.244603,0.410109,0.351458,0.0,0.228242,0.392784,0.0,0.254597,0.0,0.264474,0.367752,0.711587,0.0,0.0,0.0,0.0,0.317963,0.168722,0.0,0.0,0.256164,0.0,0.0,1.042683,0.0,0.050339,0.327716,0.89779,0.388143,0.0,0.0,0.962834,0.0,0.374262,0.0,0.697316,0.498813,0.034693,0.084235,0.0,0.0
280,0.268898,0.618612,0.566996,0.0,0.380051,0.0,0.74604,0.160311,0.630339,0.101877,0.0,0.325291,0.460549,0.023779,0.527744,0.0,0.123283,0.398133,1.062284,0.0,0.0,0.0,0.0,0.378971,0.044802,0.0,0.0,0.093805,0.0,0.0,0.813322,0.0,0.041264,0.260108,0.74788,0.310372,0.0,0.0,1.204873,0.147375,0.343223,0.0,0.642835,0.394036,0.060167,0.194449,0.0,0.0
281,0.443959,1.003235,0.419261,0.0,0.528163,0.0,0.57003,0.032147,0.775222,0.0,0.0,0.479121,0.394045,0.045784,0.578991,0.0,0.0,0.513589,1.208994,0.0,0.275712,0.0,0.0,0.539446,0.0,0.0,0.0,0.036109,0.0,0.0,0.791568,0.0,0.267653,0.32628,0.629166,0.260218,0.0,0.0,1.373785,0.340509,0.201837,0.0,0.474095,0.438894,0.114151,0.398368,0.0,0.0
282,0.752326,0.758784,0.395241,0.0,0.469097,0.0,0.49424,0.14272,0.596286,0.0,0.0,0.371388,0.337261,0.0,0.510443,0.0,0.053249,0.546968,0.903156,0.0,0.319891,0.0,0.0,0.081746,0.0,0.0,0.0,0.254655,0.0,0.0,0.516144,0.0,0.179144,0.440136,0.437633,0.484248,0.0,0.0,1.67607,0.266643,0.602717,0.0,0.588202,0.495487,0.401733,0.441892,0.0,0.0
283,0.799197,0.822986,0.311682,0.0,0.481375,0.099778,0.32043,0.139897,0.532711,0.105123,0.0,0.419804,0.346166,0.181886,0.364765,0.0,0.0,0.58118,0.911696,0.0,0.328734,0.0,0.0,0.069712,0.0,0.0,0.0,0.0,0.011132,0.0,0.728101,0.0,0.044365,0.440838,0.32255,0.481761,0.0,0.0,1.493389,0.364712,0.303532,0.0,0.318586,0.571133,0.331544,0.467577,0.0,0.0
284,0.490167,0.578717,0.250994,0.0,0.299818,0.028733,0.720051,0.138896,0.435422,0.004942,0.0,0.121601,0.283637,0.139534,0.396245,0.0,0.030415,0.49584,0.793162,0.0,0.142157,0.0,0.0,0.0,0.035411,0.0,0.0,0.0,0.0,0.0,0.873821,0.0,0.0,0.561435,0.237601,0.370447,0.0,0.0,1.246678,0.675367,0.311391,0.0,0.087836,0.976531,0.313044,0.257062,0.0,0.0
285,0.242569,0.620869,0.183314,0.0,0.158576,0.0,0.688432,0.364382,0.223463,0.197839,0.0,0.0,0.329813,0.0,0.154927,0.0,0.046703,0.527685,0.606588,0.0,0.0,0.0,0.0,0.0,0.181507,0.0,0.0,0.0,0.034707,0.0,0.978294,0.0,0.0,0.608803,0.218128,0.754231,0.0,0.0,1.034436,0.53312,0.428736,0.0,0.231916,0.949241,0.158789,0.151508,0.0,0.0
286,0.187217,0.748443,0.538851,0.0,0.207292,0.0,0.869497,0.387463,0.223952,0.135493,0.0,0.036753,0.399169,0.0,0.380159,0.0,0.056069,0.493927,0.987335,0.0,0.0,0.0,0.0,0.0,0.189572,0.0,0.0,0.0,0.0,0.0,1.331763,0.0,0.0,0.687368,0.397197,0.511197,0.0,0.0,1.194317,0.610589,0.242036,0.0,0.065115,0.951973,0.141457,0.0763,0.0,0.0
287,0.2686,0.915365,0.928957,0.0,0.295211,0.0,0.866394,0.181295,0.172872,0.210919,0.0,0.049659,0.225432,0.0,0.169918,0.0,0.093244,0.490894,1.016058,0.0,0.0,0.0,0.0,0.0,0.053099,0.0,0.0,0.0,0.0,0.0,1.650509,0.0,0.0,0.836379,0.642355,0.169551,0.0,0.0,1.327047,0.414912,0.023267,0.0,0.055665,0.990296,0.032805,0.0,0.0,0.0
288,0.339354,0.942052,1.304484,0.0,0.312556,0.0,0.900189,0.269627,0.184043,0.157584,0.0,0.265219,0.241986,0.0,0.320015,0.0,0.0,0.497791,1.163836,0.0,0.0,0.0,0.0,0.0,0.0,0.0,0.0,0.0,0.010547,0.0,1.568099,0.0,0.064413,1.025609,0.90861,0.0,0.0,0.0,1.55459,0.433302,0.093246,0.0,0.075252,1.115736,0.123987,0.0,0.0,0.0
289,0.402545,0.884544,1.331668,0.0,0.380436,0.0,0.760657,0.280145,0.117668,0.328462,0.0,0.203581,0.123979,0.0,0.155143,0.0,0.0,0.735239,1.26154,0.0,0.0,0.0,0.0,0.115056,0.0,0.0,0.0,0.0,0.059112,0.028066,1.846228,0.0,0.1356,0.824724,1.18754,0.0,0.0,0.0,1.511712,0.227376,0.0,0.0,0.233382,1.103492,0.0,0.0,0.0,0.0
290,0.307201,0.849441,1.45937,0.0,0.455416,0.0,0.777259,0.460903,0.126493,0.434563,0.0,0.354819,0.163363,0.0,0.126608,0.0,0.0,0.822712,1.233181,0.0,0.0,0.0,0.0,0.255188,0.0,0.0,0.0,0.296273,0.06389,0.0,1.685765,0.0,0.523276,0.522269,1.427073,0.068089,0.0,0.0,1.53706,0.0,0.0,0.0,0.594071,0.759879,0.0,0.0,0.0,0.0
291,0.236185,0.826419,1.458531,0.0,0.488755,0.0,0.750423,0.482318,0.199566,0.466148,0.0,0.349632,0.18008,0.0,0.161927,0.0,0.0,0.859575,1.20239,0.0,0.0,0.0,0.0,0.327859,0.0,0.0,0.0,0.405313,0.107682,0.0,1.637769,0.0,0.632537,0.32845,1.510536,0.089601,0.0,0.0,1.477692,0.0,0.0,0.0,0.79599,0.511582,0.0,0.0,0.0,0.0
292,0.381535,0.536065,1.465742,0.0,0.365412,0.0,0.724727,0.474274,0.089976,0.556488,0.0,0.357062,0.266882,0.0,0.203691,0.0,0.0,0.837691,0.994383,0.0,0.0,0.0,0.0,0.288449,0.0,0.0,0.0,0.272413,0.153421,0.092569,1.482227,0.0,0.702438,0.572603,1.543694,0.0,0.0,0.0,1.420868,0.0,0.0,0.0,0.665106,0.878128,0.0,0.0,0.0,0.0
293,0.321144,0.0,1.061513,0.0,0.186578,0.0,0.720183,0.575774,0.007903,0.493343,0.0,0.115693,0.261002,0.0,0.202826,0.0,0.0,0.87403,0.850101,0.0,0.0,0.0,0.185332,0.159622,0.104167,0.0,0.0,0.339211,0.094119,0.342269,1.313385,0.0,0.553558,0.672469,1.285833,0.0,0.0,0.141475,1.303461,0.0,0.161911,0.0,0.752953,1.225496,0.0,0.040766,0.0,0.0
294,0.37629,0.0,0.8308,0.0,0.102611,0.0,0.90046,0.461039,0.0,0.529964,0.0,0.122457,0.43058,0.0,0.143799,0.0,0.0,0.664056,0.641963,0.0,0.0,0.0,0.391553,0.0,0.168594,0.074248,0.0,0.203557,0.145124,0.377762,1.464761,0.0,0.506909,0.703937,1.039751,0.0,0.0,0.150746,1.201947,0.0,0.064435,0.0,0.646466,1.294911,0.0,0.057459,0.0,0.0
295,0.185037,0.0,0.741113,0.0,0.018653,0.0,0.768568,0.331964,0.070062,0.341532,0.0,0.056814,0.326175,0.40475,0.19785,0.0,0.180187,0.699427,0.482223,0.0,0.0,0.0,0.322299,0.02178,0.293135,0.0,0.0,0.141194,0.179299,0.126862,1.338314,0.131002,0.327605,0.258759,0.852858,0.0,0.0,0.023691,0.707308,0.0,0.0,0.0,0.601226,0.70593,0.0,0.0,0.0,0.0
296,0.084213,0.0,0.491512,0.0,0.0,0.025993,0.643076,0.429474,0.161859,0.349867,0.0,0.236017,0.416088,0.430012,0.260844,0.0,0.093447,0.501723,0.304785,0.0,0.0,0.0,0.211268,0.121364,0.417021,0.114199,0.0,0.269211,0.159141,0.248573,0.842826,0.1127,0.433428,0.263005,0.6986,0.0,0.0,0.140099,0.697934,0.0,0.246847,0.0,0.758088,0.711608,0.0,0.266293,0.0,0.0
297,0.0,0.0,0.265188,0.0,0.0,0.058895,0.507627,0.518638,0.363608,0.264864,0.0,0.148423,0.439663,0.402602,0.384772,0.00782,0.226678,0.291859,0.203418,0.0,0.212187,0.0,0.056921,0.136359,0.781951,0.078665,0.0,0.289007,0.202684,0.406319,0.699069,0.092621,0.251122,0.043773,0.515263,0.278337,0.0,0.309984,0.399943,0.0,0.401155,0.0,0.793134,0.443712,0.0,0.361292,0.0,0.0
298,0.0,0.0,0.518095,0.0,0.0,0.232267,0.457174,0.444544,0.474631,0.175304,0.0,0.376568,0.486152,0.560415,0.570809,0.125744,0.45553,0.193717,0.360884,0.0,0.354131,0.0,0.219063,0.075556,0.59836,0.0,0.0,0.290417,0.328045,0.267919,0.95997,0.413249,0.213312,0.019346,0.489494,0.131519,0.0,0.273837,0.393029,0.051047,0.068831,0.0,0.637388,0.203544,0.0,0.408733,0.0,0.0
299,0.0,0.244826,0.672689,0.0,0.0,0.287654,0.422016,0.577068,0.476918,0.096825,0.0,0.441917,0.529028,0.507082,0.500346,0.060254,0.742321,0.168672,0.457562,0.0,0.57599,0.034958,0.21777,0.22186,0.628806,0.0,0.0,0.452803,0.387225,0.100619,1.002963,0.545098,0.419968,0.0,0.3634,0.224432,0.0,0.241693,0.286444,0.094407,0.0,0.0,0.865653,0.0,0.0,0.452246,0.0,0.0
300,0.0,0.282809,0.819705,0.0,0.0,0.282609,0.488271,0.658274,0.848348,0.0,0.0,0.525631,0.685645,0.563316,0.656874,0.178644,0.919423,0.083696,0.688044,0.0,0.780643,0.0,0.165005,0.253028,0.580292,0.0,0.0,0.366638,0.359493,0.060371,1.115545,0.767655,0.431829,0.0,0.526451,0.136562,0.0,0.303547,0.421682,0.340486,0.0,0.0,0.811132,0.0,0.0,0.643474,0.0,0.0
301,0.071743,0.417587,0.688281,0.0,0.0,0.477666,0.203316,0.913474,0.740132,0.160958,0.0,0.57101,0.692035,0.654428,0.467729,0.003523,1.0889,0.127747,0.667425,0.0,0.896092,0.197557,0.173809,0.371074,0.833708,0.0,0.0,0.728804,0.562505,0.0,1.060722,0.715356,0.527848,0.0,0.512511,0.312297,0.0,0.476939,0.437347,0.10881,0.0,0.0,1.008307,0.0,0.0,0.868045,0.0,0.0
302,0.438935,0.034489,0.855528,0.0,0.0,0.70446,0.0,0.842967,0.6979,0.360418,0.0,0.679023,0.515669,0.826434,0.350839,0.064481,1.188576,0.073759,0.645999,0.0,1.15659,0.230582,0.199417,0.082419,0.763665,0.0,0.0,0.733497,0.73249,0.0,1.025151,1.003943,0.451073,0.0,0.595995,0.076229,0.0,0.634182,0.788025,0.000932,0.0,0.0,0.674368,0.023819,0.0,1.021924,0.0,0.0
303,0.458244,0.460508,0.697335,0.0,0.0,0.645913,0.0,1.10746,0.579535,0.406847,0.0,0.497006,0.578527,0.896541,0.222505,0.0,1.416782,0.18178,0.779321,0.0,1.240944,0.289578,0.124024,0.451808,0.986596,0.04545,0.0,1.045424,0.738987,0.0,0.802283,0.702937,0.642543,0.0,0.467046,0.270555,0.0,0.687765,0.67773,0.0,0.0,0.0,1.111229,0.087489,0.0,1.17464,0.0,0.0
304,0.771315,0.052792,0.678366,0.0,0.0,1.009986,0.0,1.178128,0.434364,0.668588,0.0,0.479553,0.576756,0.93943,0.139312,0.0,1.463791,0.128433,0.455015,0.0,1.478298,0.291431,0.118943,0.10801,0.983426,0.275838,0.0,0.870721,1.017432,0.0,0.775436,0.769216,0.433996,0.0,0.386279,0.32591,0.0,0.918245,0.782886,0.003835,0.0,0.0,0.840291,0.31577,0.0,1.208596,0.0,0.0
305,0.700424,0.0,0.582348,0.0,0.0,0.964065,0.0,1.247918,0.421951,0.609741,0.0,0.19353,0.488502,1.032883,0.262642,0.03213,1.474588,0.212988,0.394747,0.0,1.644199,0.0,0.135997,0.011705,1.120774,0.47989,0.0,0.663552,1.056053,0.0,0.593149,0.652578,0.105363,0.0,0.363241,0.476872,0.0,0.906497,0.679563,0.305097,0.149051,0.0,0.69417,0.60447,0.07925,1.220596,0.0,0.0
306,0.627738,0.034185,0.837273,0.0,0.0,0.721388,0.0,1.194735,0.18466,0.572889,0.0,0.169857,0.459382,0.85716,0.397525,0.113128,1.749326,0.26878,0.403798,0.0,1.556727,0.0,0.0,0.171584,1.19483,0.539343,0.0,0.829647,0.97234,0.086416,0.434522,0.704206,0.208586,0.0,0.167961,0.452168,0.0,1.16768,0.911195,0.416301,0.221722,0.0,0.669037,0.786183,0.102504,1.294161,0.0,0.0
307,0.60275,0.0,0.862441,0.0,0.0,0.880864,0.03049,1.051688,0.112591,0.539364,0.0,0.051049,0.616824,0.846407,0.447396,0.132095,1.76572,0.491149,0.126028,0.0,1.407366,0.0,0.0,0.176928,1.039609,0.720519,0.0,0.473822,1.013129,0.058873,0.292266,0.782198,0.034582,0.0,0.0,0.818122,0.0,1.09507,0.679471,0.770073,0.495706,0.026888,0.697081,0.887801,0.322747,1.100152,0.0,0.0
308,0.588943,0.0,0.692366,0.0,0.0,0.92237,0.335732,0.673746,0.0,0.631955,0.0,0.062899,0.55213,0.769562,0.644152,0.307854,1.772211,0.495934,0.0,0.0,1.393011,0.0,0.0,0.082935,1.00017,1.119071,0.0,0.312821,1.304919,0.431088,0.236883,0.588802,0.0,0.320535,0.0,1.020653,0.0,1.306766,0.776254,1.041502,1.001243,0.0,0.493432,1.093153,0.554349,0.899323,0.0,0.0
309,0.240123,0.0,0.575916,0.0,0.0,0.884906,0.642726,0.622577,0.0,0.739956,0.0,0.093016,0.652986,0.3573,0.46501,0.194276,2.024677,0.58057,0.0,0.0,1.373013,0.0,0.0,0.0,1.122462,1.251024,0.0,0.287295,1.631519,0.62149,0.183775,0.323317,0.126083,0.535182,0.0,1.810588,0.0,1.605627,0.470687,1.380033,1.428519,0.0,0.513503,1.105695,0.783669,0.556558,0.0,0.0
310,0.173704,0.0,0.546148,0.0,0.0,0.816104,0.8807,0.424531,0.0,0.90454,0.0,0.18247,0.781877,0.588102,0.911298,0.373372,1.822092,0.687984,0.0,0.0,1.136958,0.0,0.004869,0.071341,1.149053,1.455992,0.0,0.242888,1.540983,1.104716,0.113134,0.093575,0.032912,0.850585,0.0,1.858999,0.0,1.835455,0.475685,1.674181,1.39747,0.0,0.620316,1.591079,0.659918,0.446148,0.0,0.0
311,0.0,0.037128,0.395094,0.0,0.0,0.633505,1.08507,0.375953,0.0,0.774274,0.0,0.231539,0.939142,0.549451,0.958987,0.357396,1.686059,0.795255,0.0,0.0,1.128583,0.0,0.006932,0.194938,1.30857,1.422763,0.0,0.169548,1.344059,1.105259,0.038624,0.0,0.179194,0.770376,0.0,2.41087,0.0,1.706718,0.191892,1.953954,1.455609,0.0,0.784304,1.436171,0.527036,0.269554,0.0,0.0
312,0.017598,0.0,0.322932,0.0,0.0,0.653204,1.190307,0.250997,0.0,0.838136,0.0,0.390337,0.9811,0.51769,1.004035,0.446266,1.597433,0.773118,0.0,0.0,0.999523,0.0,0.290268,0.0,1.173994,1.358817,0.0,0.024071,1.3902,1.332962,0.376387,0.0,0.061537,1.19286,0.0,2.265234,0.0,1.758506,0.201173,1.918623,1.474397,0.0,0.806175,1.709935,0.509451,0.185429,0.0,0.0
313,0.0,0.0,0.119837,0.0,0.0,0.408956,1.428567,0.352249,0.0,0.748861,0.0,0.392222,1.076702,0.693704,0.922982,0.31848,1.464622,0.592438,0.0,0.0,0.764996,0.0,0.405796,0.126946,1.484295,0.95185,0.0,0.0,0.983889,1.182579,0.440504,0.0,0.059996,0.793328,0.0,2.091585,0.0,1.339375,0.013143,1.843828,1.243682,0.0,0.926223,1.429172,0.350238,0.268781,0.0,0.0
314,0.0,0.073481,0.482229,0.0,0.0,0.31367,1.254958,0.238504,0.068254,0.512609,0.0,0.542436,1.182613,0.726288,1.000152,0.675468,1.141678,0.613674,0.0,0.0,0.649202,0.0,0.286042,0.164339,1.234455,0.652884,0.0,0.0,0.419133,0.944126,0.568226,0.0,0.0,0.854674,0.0,1.925769,0.0,1.087284,0.092036,1.829728,0.960591,0.0,0.936535,1.388854,0.335237,0.254831,0.0,0.0
315,0.0,0.057687,0.051709,0.017018,0.0,0.301127,1.285288,0.38793,0.076201,0.666898,0.0,0.34505,1.050558,0.703872,0.601161,0.539974,0.998072,0.430309,0.0,0.0,0.514633,0.0,0.425077,0.147339,1.386142,0.491262,0.0,0.007171,0.426278,0.885199,0.676669,0.0,0.0,0.510251,0.0,1.760983,0.0,0.909613,0.0,1.5216,0.903529,0.0,0.959517,1.197808,0.385437,0.396067,0.0,0.0
316,0.074672,0.157217,0.0,0.032346,0.0,0.154785,1.223218,0.554325,0.413398,0.568496,0.0,0.363732,1.272109,0.943055,0.710228,0.610988,0.901725,0.343527,0.0,0.0,0.691641,0.0,0.234267,0.225366,1.363972,0.212897,0.0,0.0,0.123456,0.829528,0.596045,0.0,0.0,0.309789,0.0,1.650697,0.0,0.687905,0.081876,1.626426,0.743528,0.0,1.012366,1.205485,0.523655,0.684198,0.0,0.0
317,0.217019,0.071459,0.0,0.113309,0.0,0.10431,1.168702,0.558954,0.344566,0.488143,0.0,0.600256,1.376816,1.091869,0.831171,0.553367,0.644168,0.509336,0.231975,0.0,1.034092,0.0,0.0,0.383293,1.007434,0.228236,0.0,0.0,0.129996,0.648097,0.367055,0.0,0.0,0.301036,0.0,1.586682,0.0,0.438415,0.367783,1.693888,0.847287,0.0,0.923596,1.226489,0.719837,0.958097,0.0,0.0
318,0.447891,0.0,0.0,0.0,0.0,0.347876,1.136103,0.509381,0.119259,0.573873,0.0,0.772308,1.358159,1.128035,0.807616,0.575417,0.677008,0.50529,0.153028,0.0,1.428712,0.0,0.094306,0.258786,0.685689,0.348914,0.0,0.0,0.546273,0.560142,0.359097,0.00988,0.0,0.421689,0.0,1.519366,0.0,0.524669,0.560012,1.727652,0.950595,0.0,0.874135,1.286601,1.067475,1.130294,0.0,0.0
319,0.504371,0.0,0.0,0.0,0.0,0.404505,1.073813,0.726869,0.095986,0.725787,0.0,0.525421,1.64199,1.242801,0.718522,0.4713,1.112079,0.455924,0.0,0.0,1.565376,0.0,0.0,0.399058,0.892366,0.460779,0.0,0.101579,0.639715,0.603615,0.184851,0.0,0.0,0.070433,0.0,1.92367,0.0,0.625427,0.445924,1.848977,1.06382,0.0,1.170999,1.255144,1.099251,1.363834,0.0,0.0
320,0.806598,0.0,0.0,0.0,0.0,0.620144,0.928007,1.114319,0.030386,0.869111,0.0,0.371513,1.637601,1.520291,0.765299,0.642397,1.219909,0.342564,0.0,0.0,2.065843,0.0,0.024228,0.319514,1.184778,0.813284,0.0,0.275968,0.921719,0.464385,0.11655,0.0,0.0,0.0,0.0,2.140034,0.0,0.791423,0.432192,1.978322,1.052709,0.0,1.247947,1.421982,1.155741,1.596081,0.0,0.0
321,0.852765,0.0,0.0,0.0,0.0,0.677985,0.844524,1.149652,0.0,0.938128,0.0,0.402123,1.774987,1.61907,0.871562,0.479607,1.549627,0.257079,0.0,0.0,2.150708,0.0,0.0,0.435593,1.183584,0.947583,0.0,0.390957,1.039357,0.332354,0.0,0.0,0.113296,0.0,0.0,2.204991,0.0,0.874988,0.579238,1.921179,1.099537,0.0,1.493652,1.25844,1.15131,1.687014,0.0,0.0
322,0.736315,0.0,0.058575,0.0,0.0,0.878596,0.933596,1.091642,0.0,1.13407,0.0,0.385594,1.861992,1.40223,0.917083,0.389028,1.804238,0.176374,0.0,0.0,2.254113,0.0,0.0,0.4296,1.23513,1.056919,0.0,0.2919,1.420262,0.585185,0.0,0.0,0.069696,0.0,0.041705,2.487698,0.0,1.238235,0.294564,1.990045,1.343056,0.0,1.629055,1.195517,1.232032,1.531122,0.0,0.0
323,0.737209,0.0,0.567613,0.0,0.0,0.923409,1.037332,0.827419,0.0,1.176695,0.0,0.538857,1.699895,1.337367,1.194508,0.348482,1.885496,0.119294,0.0,0.0,2.343049,0.0,0.0,0.370451,1.058482,0.937267,0.0,0.047521,1.628873,0.618329,0.0,0.164707,0.087001,0.0,0.0,2.457897,0.0,1.364038,0.243252,2.082114,1.267269,0.0,1.689248,1.109777,1.165535,1.263523,0.0,0.0
324,0.433447,0.01661,0.666851,0.0,0.0,0.692963,1.20091,0.637536,0.0,1.12728,0.0,0.45315,1.868095,0.916026,1.363551,0.153044,2.244619,0.0,0.0,0.0,2.254978,0.0,0.0,0.825155,1.075957,0.946306,0.0,0.560386,1.715031,1.051867,0.0,0.0,0.414626,0.021506,0.356264,2.457978,0.0,1.700794,0.306455,1.79567,1.503965,0.0,2.132756,0.931636,1.00568,1.178363,0.0,0.0
325,0.639595,0.030999,0.805898,0.0,0.0,0.546657,0.968317,0.468366,0.0,1.051105,0.0,0.440799,1.773399,1.098258,1.468524,0.082508,2.128399,0.0,0.0,0.0,2.230155,0.148065,0.0,1.034154,0.997007,0.894744,0.0,0.631225,1.534907,0.751488,0.076925,0.0,0.59164,0.0,0.327396,2.347908,0.0,1.495437,0.43465,1.486576,1.281445,0.0,2.346749,0.715955,0.841898,1.231339,0.0,0.0
326,0.577135,0.05508,0.737567,0.0,0.0,0.317357,1.05027,0.296909,0.0,0.926214,0.0,0.476456,1.665853,1.146314,1.660078,0.054464,1.897366,0.0,0.0,0.0,2.143196,0.129812,0.093964,1.215344,0.952999,0.733363,0.0,0.505871,1.371372,0.907914,0.183457,0.001289,0.652118,0.0,0.443714,2.081184,0.0,1.33248,0.451655,1.442995,1.07659,0.0,2.390901,0.714711,0.591104,1.215972,0.0,0.0
327,0.340063,0.0,0.559689,0.0,0.0,0.246591,1.224629,0.161721,0.0,0.851332,0.0,0.437091,1.492686,0.937275,1.554916,0.216061,1.59218,0.0,0.0,0.0,2.146372,0.0,0.23648,1.20325,0.763043,0.729892,0.0,0.383842,1.353633,1.066276,0.259634,0.0,0.627995,0.0,0.593652,1.980775,0.0,1.181634,0.475906,1.356997,1.197925,0.0,2.307281,0.697386,0.615712,1.106144,0.0,0.0
328,0.215782,0.0,0.373882,0.0,0.0,0.146963,1.132844,0.169297,0.02378,0.69316,0.0,0.261778,1.289702,0.939819,1.442737,0.242118,1.307315,0.109886,0.0,0.0,1.980118,0.0,0.306445,1.202824,0.737536,0.637899,0.0,0.353218,1.13196,1.021833,0.296506,0.0,0.602322,0.0,0.596313,1.772907,0.0,0.932333,0.474249,1.273832,1.03981,0.0,2.195989,0.708684,0.481106,1.099958,0.0,0.0
329,0.0,0.0,0.120717,0.042339,0.0,0.05047,1.199707,0.114248,0.044649,0.511148,0.0,0.116311,0.970744,0.737561,1.334774,0.251344,1.054332,0.342336,0.0,0.0,1.798942,0.0,0.434597,1.172113,0.588998,0.60917,0.0,0.38775,1.020774,1.189618,0.39448,0.0,0.613374,0.066607,0.80347,1.310075,0.0,0.833001,0.643779,1.084301,1.018875,0.0,2.023933,0.816814,0.373236,1.044785,0.098692,0.0
330,0.0,0.0,0.248872,0.0,0.0,0.095848,1.033266,0.0,0.03477,0.32771,0.0,0.025527,0.590999,0.564116,1.398652,0.315847,0.809115,0.621849,0.0,0.0,1.583029,0.0,0.654558,0.954034,0.288397,0.532444,0.0,0.334883,0.985449,1.250957,0.70013,0.0,0.576143,0.491296,0.81952,0.708967,0.0,0.829123,0.853644,0.894075,0.789016,0.0,1.691851,0.983357,0.240798,0.921546,0.040506,0.0
331,0.144632,0.0,0.528293,0.0,0.0,0.292101,0.679541,0.0,0.0,0.122399,0.0,0.027723,0.286775,0.414076,1.352024,0.101344,0.636851,0.948715,0.0,0.0,1.245255,0.0,0.634433,0.806105,0.0,0.434821,0.0,0.284451,1.057901,1.057158,0.726216,0.311592,0.591504,0.689073,0.559485,0.294626,0.0,0.696078,1.139111,0.712599,0.659391,0.0,1.387511,0.896589,0.209956,0.853325,0.0,0.0
332,0.365073,0.0,0.412289,0.0,0.0,0.398533,0.32525,0.0,0.0,0.157316,0.0,0.0,0.101731,0.47533,1.249216,0.104762,0.40401,1.102432,0.169368,0.0,1.361661,0.0,0.669491,0.590309,0.0,0.520034,0.0,0.321927,1.033382,1.002625,0.73604,0.357614,0.562355,0.558598,0.581441,0.0,0.0,0.542985,1.562958,0.661774,0.424997,0.0,1.236637,1.001531,0.165622,0.969188,0.0,0.0
333,0.511922,0.0,0.520027,0.0,0.0,0.570648,0.163994,0.0,0.0,0.134135,0.0,0.0,0.0,0.455436,1.069578,0.129336,0.530676,1.263379,0.134132,0.0,1.398143,0.0,0.613593,0.565433,0.0,0.571532,0.0,0.266495,1.01797,0.783994,0.707752,0.590854,0.431484,0.526727,0.449437,0.0,0.0,0.396287,1.598728,0.68838,0.403301,0.0,1.065026,1.027875,0.235974,0.897293,0.0,0.0
334,0.605278,0.0,0.440241,0.0,0.0,0.658481,0.244406,0.0,0.0,0.150408,0.0,0.0,0.0,0.384749,1.110962,0.059459,0.624526,1.390728,0.059282,0.0,1.596918,0.0,0.41808,0.599989,0.0,0.767716,0.0,0.184452,1.320484,0.806887,0.531666,0.390167,0.262195,0.587509,0.295107,0.194767,0.0,0.549263,1.497674,0.837955,0.770062,0.0,0.851018,1.047108,0.429017,0.865181,0.0,0.0
335,0.881067,0.0,0.740696,0.0,0.0,0.745254,0.0,0.0,0.0,0.243864,0.0,0.0,0.0,0.497767,1.247953,0.0,0.811176,1.467926,0.04546,0.0,1.50279,0.0,0.044874,0.561439,0.0,0.745219,0.0,0.120963,1.446459,0.73323,0.394231,0.637836,0.120015,0.610553,0.0,0.396503,0.0,0.633552,1.600245,0.965929,0.778476,0.0,0.797206,0.890971,0.51794,0.943625,0.0,0.0
336,0.76649,0.130912,0.686806,0.0,0.0,0.742545,0.212158,0.027274,0.0,0.192368,0.0,0.0,0.0,0.417487,1.254931,0.0,1.020307,1.602502,0.0,0.0,1.348396,0.0,0.0,0.803777,0.0,0.924637,0.0,0.282531,1.476653,0.894852,0.139557,0.328442,0.0,0.591367,0.0,0.704308,0.0,0.822683,1.315015,1.248071,1.099229,0.0,0.790978,1.112473,0.562238,0.835759,0.0,0.0
337,1.097033,0.0,0.891096,0.0,0.0,1.006619,0.249439,0.0,0.0,0.535177,0.0,0.0,0.0,0.515213,1.237378,0.092992,1.149538,1.566888,0.0,0.0,1.385485,0.0,0.079892,0.60822,0.0,1.05537,0.0,0.0,1.663943,0.849601,0.275895,0.462256,0.0,0.975561,0.0,0.773514,0.0,1.125054,1.328026,1.512478,1.114139,0.0,0.66415,1.385027,0.812094,0.60553,0.0,0.0
338,1.443905,0.126063,1.154963,0.0,0.0,1.08107,0.483917,0.0,0.0,0.54495,0.0,0.0,0.0,0.359642,1.257649,0.0,1.314492,1.531933,0.0,0.0,1.200521,0.0,0.0,0.58004,0.0,0.938971,0.0,0.0,1.773449,0.943201,0.069655,0.224518,0.0,1.170008,0.0,0.900567,0.0,1.239884,1.49785,1.549486,1.343157,0.0,0.779823,1.455807,1.131768,0.571496,0.0,0.0
339,1.388639,0.140301,1.150913,0.0,0.0,0.909659,0.570868,0.0,0.0,0.526158,0.0,0.0,0.031449,0.42419,1.46178,0.0,1.239564,1.481244,0.0,0.0,1.193986,0.0,0.0,0.593001,0.0,0.973754,0.0,0.0,1.768751,1.031012,0.0,0.106029,0.0,1.304354,0.0,1.028398,0.0,1.361726,1.483398,1.668515,1.41129,0.0,0.862831,1.610253,1.152036,0.507145,0.0,0.0
340,1.102463,0.307455,1.129253,0.0,0.0,0.785788,0.680668,0.0,0.0,0.498761,0.0,0.0,0.230397,0.019589,1.384329,0.0,1.441568,1.418354,0.0,0.0,1.181686,0.0,0.0,0.674189,0.0,0.956809,0.0,0.257132,1.767073,1.206106,0.0,0.0,0.08293,1.261251,0.0,1.398826,0.0,1.423033,1.312783,1.289494,1.793868,0.0,1.145093,1.352088,1.165359,0.429414,0.0,0.0
341,1.032078,0.311034,1.033927,0.0,0.0,0.679352,0.541233,0.0,0.0,0.50254,0.0,0.0,0.204452,0.324799,1.394864,0.0,1.478767,1.185486,0.0,0.0,1.106149,0.0,0.0,0.763514,0.0,0.832392,0.0,0.036548,1.526626,0.93564,0.0,0.0,0.0,0.838797,0.0,1.314063,0.0,1.294495,1.155013,1.369717,1.48999,0.0,1.080955,1.190792,0.922528,0.490309,0.0,0.0
342,0.926724,0.296729,0.775121,0.0,0.0,0.586907,0.418732,0.0,0.0,0.533548,0.0,0.0,0.201316,0.659717,1.36685,0.0,1.417467,1.137244,0.0,0.0,1.23176,0.0,0.0,0.815962,0.173961,0.975473,0.0,0.045511,1.237863,0.766747,0.0,0.069434,0.0,0.313718,0.0,1.2905,0.0,1.147758,0.922262,1.370687,1.113888,0.0,0.963739,1.15951,0.50491,0.510471,0.0,0.0
343,1.026994,0.313688,0.685427,0.0,0.0,0.616965,0.270156,0.0,0.0,0.580169,0.0,0.0,0.349142,0.752168,1.255383,0.0,1.447639,0.932156,0.0,0.0,1.215175,0.0,0.0,0.785013,0.198509,1.049313,0.0,0.071175,1.327649,0.553153,0.0,0.105357,0.0,0.287527,0.0,1.395896,0.0,1.160476,0.943307,1.347162,1.201663,0.0,0.982051,1.035328,0.589194,0.64602,0.0,0.0
344,1.058952,0.066576,0.584304,0.0,0.0,0.64752,0.416972,0.0,0.0,0.595811,0.0,0.0,0.351716,0.646197,1.005288,0.0,1.408002,0.868647,0.0,0.0,1.30257,0.0,0.0,0.467251,0.124941,1.061892,0.0,0.0,1.476554,0.548414,0.0,0.124753,0.0,0.450185,0.0,1.369796,0.0,1.205182,1.06668,1.371847,1.356488,0.0,0.740584,1.139511,0.858421,0.687396,0.0,0.0
345,1.198598,0.0,0.527493,0.0,0.0,0.703522,0.430595,0.0,0.0,0.705415,0.0,0.0,0.255772,0.701138,0.792684,0.105392,1.381781,0.929386,0.0,0.0,1.289506,0.0,0.0,0.434508,0.341775,1.2466,0.0,0.05701,1.489706,0.578604,0.0,0.068267,0.0,0.398346,0.0,1.274051,0.0,1.218442,1.245562,1.385629,1.351187,0.0,0.679828,1.440272,0.835678,0.81645,0.0,0.0
346,0.987265,0.088975,0.309538,0.0,0.0,0.739774,0.654338,0.124689,0.0,0.755473,0.0,0.0,0.472419,0.542804,0.843461,0.0,1.557174,1.114763,0.0,0.0,1.473172,0.0,0.0,0.415084,0.302566,1.237879,0.0,0.078588,1.727037,0.831828,0.0,0.0,0.0,0.56805,0.0,1.797809,0.0,1.398968,1.100268,1.661362,1.671882,0.0,0.744475,1.502661,0.99317,0.746975,0.0,0.0
347,0.889114,0.157507,0.550128,0.0,0.0,0.739385,0.684348,0.003025,0.0,0.742198,0.0,0.0,0.401811,0.706179,1.169303,0.0,1.542021,1.06413,0.0,0.0,1.400825,0.0,0.0,0.489038,0.440022,1.30356,0.0,0.037563,1.677816,0.959996,0.0,0.0,0.0,0.617905,0.0,1.557802,0.0,1.574591,1.081753,1.827942,1.50433,0.0,0.641876,1.613464,0.855599,0.652317,0.0,0.0
348,0.990282,0.265827,0.95633,0.0,0.0,0.792666,0.541396,0.0,0.0,0.457048,0.0,0.003228,0.339284,0.682465,1.26349,0.0,1.694495,0.898125,0.0,0.0,1.289221,0.0,0.0,0.352215,0.204094,1.108135,0.0,0.0,1.686443,0.684631,0.0,0.369083,0.0,0.789655,0.0,1.489417,0.0,1.448117,1.23493,1.769696,1.48368,0.0,0.621567,1.316292,0.959761,0.536466,0.0,0.0
349,0.757327,0.260616,0.699869,0.0,0.0,0.818581,0.52576,0.119834,0.0,0.740141,0.0,0.0,0.218327,0.254331,0.854544,0.0,1.96987,0.688956,0.0,0.0,1.336656,0.0,0.0,0.249737,0.508506,1.288392,0.0,0.291374,1.96418,0.828328,0.0,0.017353,0.0,0.837094,0.0,1.702417,0.0,1.628452,1.092233,1.374527,1.712845,0.0,0.592506,1.168978,0.918384,0.397067,0.0,0.0
350,0.589958,0.341871,1.026167,0.0,0.0,0.866426,0.281654,0.432268,0.0,0.614991,0.0,0.0,0.3493,0.447217,0.942767,0.043925,2.140318,0.655182,0.0,0.0,1.149711,0.0,0.0,0.326076,0.91823,1.145892,0.0,0.301119,1.670691,0.615951,0.059031,0.470581,0.0,0.591199,0.0,1.585227,0.0,1.663855,0.758334,1.410709,1.298047,0.0,0.527681,1.11807,0.521465,0.411688,0.0,0.0
351,0.565866,0.354589,1.081147,0.0,0.0,0.812146,0.325771,0.746795,0.0,0.486201,0.0,0.0,0.116185,0.555757,0.857371,0.147031,2.046438,0.687129,0.0,0.0,1.270721,0.0,0.0,0.266598,1.167838,1.118649,0.0,0.109577,1.633113,0.30239,0.330772,0.715113,0.0,0.468832,0.0,1.400743,0.0,1.303583,0.687923,1.447205,0.913009,0.0,0.274554,1.130727,0.221828,0.450125,0.0,0.0
352,0.322455,0.454897,1.562238,0.0,0.0,0.907559,0.289621,0.709114,0.0,0.560091,0.0,0.0,0.049706,0.25054,0.798681,0.216761,2.250165,0.564973,0.0,0.0,0.960499,0.0,0.0,0.197827,1.204131,1.242463,0.0,0.483468,1.733699,0.460357,0.51265,0.801502,0.0,0.858822,0.0,1.189845,0.0,1.567266,0.813344,1.297754,0.936108,0.0,0.081926,1.263973,0.248952,0.249045,0.0,0.0
353,0.219773,0.365738,1.317831,0.0,0.0,0.954715,0.254961,0.929945,0.0,0.488859,0.0,0.0,0.0,0.11769,0.585394,0.197493,2.256117,0.564011,0.0,0.0,0.916201,0.0,0.0,0.018147,1.440268,1.236852,0.0,0.514268,1.818314,0.348647,0.695314,0.761651,0.0,1.018247,0.0,1.342942,0.0,1.512291,0.813946,1.292525,0.974745,0.0,0.0,1.222755,0.230755,0.199575,0.0,0.0
354,0.339225,0.391814,1.453883,0.0,0.0,0.979142,0.45294,0.956287,0.0,0.334352,0.0,0.0,0.0,0.163778,0.707854,0.05469,2.313014,0.677782,0.058841,0.0,0.846131,0.0,0.0,0.0,1.315433,1.201577,0.0,0.453136,1.875543,0.453505,0.893647,0.720297,0.0,1.397043,0.0,1.130838,0.0,1.417222,0.949306,1.473524,0.823313,0.0,0.0,1.377895,0.140932,0.092017,0.0,0.0
355,0.336853,0.413267,1.793034,0.0,0.0,1.230868,0.572894,0.909484,0.0,0.571078,0.0,0.0,0.0,0.0,0.63238,0.097178,2.58918,0.48966,0.0,0.0,0.792387,0.0,0.0,0.0,1.33075,1.204377,0.0,0.434148,2.250783,0.76121,1.435571,0.478292,0.0,1.844569,0.0,1.027878,0.0,1.745589,0.837689,1.574914,0.707401,0.0,0.0,1.572693,0.098981,0.0,0.0,0.0
356,0.0,0.221557,1.878542,0.0,0.0,1.255828,0.570194,1.284805,0.0,0.561102,0.0,0.0,0.025665,0.269114,0.722183,0.291978,2.397991,0.596843,0.023374,0.0,0.769486,0.0,0.0,0.0,1.792435,1.097369,0.0,0.503225,1.916665,0.501929,1.540414,0.953572,0.0,1.456585,0.0,1.12803,0.0,1.513801,0.503264,1.48058,0.321974,0.0,0.0,1.437542,0.0,0.161579,0.0,0.0
357,0.0,0.102603,1.734621,0.0,0.0,1.265566,0.534848,1.513993,0.0,0.734931,0.0,0.0,0.124355,0.263962,0.576978,0.523149,2.215232,0.406904,0.081255,0.0,0.742349,0.0,0.0,0.0,2.040215,1.034262,0.0,0.633314,1.713653,0.559596,1.520588,0.937399,0.0,1.343982,0.0,1.027566,0.0,1.532868,0.510627,1.259582,0.177964,0.0,0.0,1.365377,0.025553,0.307366,0.0,0.0
358,0.0,0.109691,1.858587,0.0,0.0,1.324105,0.507879,1.69937,0.0,0.702716,0.0,0.0,0.296772,0.25545,0.485218,0.509494,2.27273,0.191727,0.0,0.0,0.809067,0.0,0.0,0.0,2.16721,0.782167,0.0,0.602015,1.58866,0.460675,1.587716,1.032131,0.0,1.137668,0.0,1.153837,0.0,1.473127,0.190492,1.190596,0.0,0.0,0.176027,1.027567,0.045166,0.250286,0.0,0.0
359,0.0,0.02572,1.833474,0.0,0.0,1.254986,0.496789,1.810462,0.080144,0.61177,0.094306,0.0,0.4433,0.553101,0.499107,0.514865,2.188028,0.035395,0.232386,0.0,0.93146,0.0,0.0,0.0,2.211638,0.447102,0.0,0.367726,1.293215,0.454305,1.751745,1.089485,0.0,1.018252,0.0,1.003128,0.0,1.241159,0.0,1.162057,0.0,0.0,0.194389,0.927239,0.0,0.433399,0.0,0.0
360,0.0,0.053683,1.457525,0.0,0.0,1.160765,0.495521,1.810865,0.214638,0.604449,0.086449,0.086292,0.593098,0.680991,0.373419,0.49886,1.825818,0.016427,0.241094,0.0,0.971899,0.0,0.0,0.0,2.154179,0.308508,0.0,0.308464,1.067128,0.368071,1.638186,0.933741,0.0,0.75414,0.0,1.093815,0.0,0.967338,0.0,1.058575,0.0,0.0,0.243315,0.772634,0.0,0.55191,0.0,0.0
361,0.0,0.288136,1.432828,0.0,0.0,1.200895,0.336139,1.50463,0.229729,0.448095,0.0,0.151716,0.643127,0.673244,0.303958,0.425771,1.634957,0.040811,0.368492,0.0,0.870474,0.0,0.0,0.0,1.677825,0.164087,0.0,0.400166,0.958719,0.178661,1.688891,1.013536,0.0,0.686287,0.02513,0.922633,0.0,0.653509,0.007503,0.930079,0.0,0.0,0.284672,0.594313,0.049536,0.629547,0.0,0.0
362,0.0,0.1936,0.993724,0.0,0.0,1.021161,0.318616,1.309483,0.483091,0.276748,0.0,0.322632,0.721504,0.950681,0.37906,0.298256,1.262897,0.1473,0.660583,0.0,0.977024,0.0,0.0,0.0,1.30495,0.0,0.0,0.102892,0.731022,0.00997,1.462765,0.969711,0.0,0.580916,0.143381,0.766814,0.0,0.287337,0.270347,0.938506,0.0,0.0,0.213324,0.621531,0.051754,0.812678,0.0,0.0
363,0.406969,0.036989,0.420704,0.0,0.0,0.851302,0.204308,0.994308,0.537793,0.277037,0.0,0.389056,0.574487,0.936418,0.513877,0.46505,0.82971,0.294706,0.968277,0.0,1.083437,0.0,0.0,0.0,1.014706,0.175255,0.0,0.15793,0.64254,0.140288,1.139905,0.557645,0.0,0.583387,0.198208,0.372677,0.0,0.330324,0.820458,0.849808,0.0,0.0,0.0,1.043967,0.388699,1.027936,0.0,0.0
364,0.825315,0.321137,0.337121,0.0,0.0,0.897622,0.0,0.686375,0.46748,0.241213,0.0,0.480517,0.486413,0.837962,0.441776,0.195566,0.899775,0.502682,0.776705,0.0,1.10276,0.0,0.0,0.0,0.606647,0.157157,0.0,0.332144,0.776118,0.0,0.969926,0.750105,0.0,0.44692,0.192854,0.465906,0.0,0.178914,1.128129,0.631939,0.096944,0.040623,0.005268,0.769943,0.397353,1.192454,0.0,0.0
365,1.098199,0.727635,0.004761,0.0,0.0,0.814184,0.0,0.657698,0.424127,0.230635,0.0,0.37767,0.391134,0.773151,0.689877,0.0,0.886634,0.831312,0.84973,0.0,1.26615,0.0,0.0,0.137814,0.414002,0.274172,0.0,0.490918,0.819633,0.0,0.740396,0.431349,0.0,0.353509,0.113077,0.634694,0.0,0.138211,1.314864,0.69396,0.3551,0.0,0.318236,0.851141,0.268862,1.341694,0.0,0.0
366,1.428365,0.636557,0.32195,0.0,0.070167,0.843584,0.0,0.295877,0.466833,0.0,0.0,0.512498,0.260338,0.741139,1.076658,0.0,0.889383,0.970926,0.950073,0.0,1.505517,0.0,0.0,0.084056,0.0,0.108857,0.0,0.088117,0.8157,0.0,0.672235,0.94772,0.0,0.551483,0.0,0.459015,0.0,0.021653,1.82858,1.036406,0.410586,0.122526,0.316957,0.771316,0.490722,1.451946,0.0,0.0
367,1.613588,0.740359,0.079372,0.0,0.0,1.117703,0.0,0.259248,0.261745,0.285616,0.0,0.218294,0.077155,0.583161,1.152473,0.0,0.826334,1.186622,0.548203,0.0,1.745723,0.0,0.0,0.123666,0.0,0.446176,0.0,0.194251,1.120491,0.0,0.713412,0.536052,0.0,0.507717,0.0,0.835891,0.0,0.116233,1.776836,1.043248,0.93558,0.039381,0.34803,0.760565,0.635972,1.362192,0.0,0.0
368,1.300836,0.982039,0.326847,0.050459,0.0,0.898729,0.0,0.046928,0.145346,0.037514,0.0,0.005938,0.0,0.247318,1.261511,0.0,0.808144,1.326303,0.575135,0.0,1.410048,0.0,0.0,0.318283,0.0,0.376426,0.0,0.298879,0.952533,0.304023,0.457161,0.326548,0.0,0.597302,0.0,0.857934,0.0,0.245002,1.69329,1.318613,1.178078,0.0,0.34827,0.87908,0.713313,1.107912,0.0,0.0
369,1.123103,0.917568,0.167818,0.048987,0.095957,0.899748,0.300416,0.0,0.07388,0.114566,0.0,0.063007,0.0,0.202169,1.023892,0.0,0.608131,1.233639,0.203287,0.0,1.235159,0.0,0.0,0.247795,0.0,0.385612,0.0,0.0,0.961029,0.44169,0.428014,0.075968,0.0,0.896901,0.0,0.911541,0.0,0.39449,1.374264,1.487691,1.325842,0.0,0.211915,1.10213,0.937089,0.755422,0.0,0.0
370,1.072858,0.792251,0.12113,0.0,0.333534,0.727819,0.169373,0.0,0.187593,0.005337,0.0,0.178697,0.0,0.475677,1.100293,0.037008,0.128643,1.212323,0.437462,0.0,1.034648,0.0,0.0,0.072689,0.0,0.259268,0.0,0.0,0.596746,0.415144,0.455201,0.351073,0.0,0.772141,0.0,0.700627,0.0,0.260476,1.424527,1.716761,0.805624,0.0,0.0,1.24112,0.81997,0.718192,0.0,0.0
371,0.968629,0.804517,0.108643,0.0,0.338383,0.80983,0.025498,0.140806,0.149401,0.167192,0.0,0.242893,0.0,0.572505,0.695361,0.0,0.0,1.207666,0.416737,0.0,0.80533,0.0,0.0,0.000553,0.0,0.178967,0.0,0.0,0.472208,0.261369,0.730091,0.501337,0.0,0.781885,0.0,0.819993,0.0,0.0,1.320614,1.398644,0.478167,0.0,0.0,1.247337,0.634744,0.67633,0.0,0.0
372,0.685446,1.159361,0.632511,0.0,0.16365,0.73656,0.186089,0.15533,0.087029,0.0,0.0,0.080937,0.0,0.358574,0.588991,0.0,0.039315,1.207279,0.498827,0.0,0.231014,0.0,0.0,0.0,0.0,0.0,0.0,0.0,0.32479,0.323474,0.808581,0.564793,0.0,0.960227,0.0,0.696464,0.0,0.0,1.181718,1.435798,0.27539,0.0,0.0,1.267134,0.371822,0.404074,0.0,0.0
373,0.528994,1.076194,0.657967,0.0,0.195293,0.742577,0.357169,0.352973,0.085282,0.0,0.0,0.058901,0.0,0.36961,0.695425,0.0,0.0,1.203404,0.623062,0.0,0.160204,0.0,0.0,0.0,0.079551,0.191277,0.0,0.0,0.325521,0.435139,0.972738,0.507593,0.0,1.034199,0.0,0.654762,0.0,0.0,1.195888,1.50294,0.276531,0.0,0.0,1.49743,0.225563,0.32609,0.0,0.0
374,0.636096,0.91523,0.760705,0.0,0.0,0.816339,0.486318,0.330183,0.0,0.108712,0.0,0.0,0.0,0.226987,0.429473,0.0,0.35668,1.214873,0.39153,0.0,0.0,0.0,0.0,0.0,0.315294,0.308304,0.0,0.0,0.716009,0.357974,1.416265,0.245205,0.0,1.401653,0.0,0.6769,0.0,0.23424,1.025199,1.441267,0.422546,0.0,0.0,1.627343,0.084577,0.009835,0.0,0.0
375,0.706191,0.758538,0.915785,0.0,0.0,0.8815,0.686803,0.387711,0.0,0.454207,0.0,0.0,0.0,0.0,0.294143,0.0,0.556038,1.188,0.230051,0.0,0.0,0.0,0.0,0.0,0.521207,0.635168,0.0,0.0,1.020231,0.595709,1.743472,0.0,0.0,1.728901,0.088686,0.561069,0.0,0.681078,1.074712,1.453177,0.550344,0.0,0.0,1.975708,0.0,0.0,0.0,0.0
376,0.633297,0.52571,0.894522,0.0,0.0,0.876379,0.755989,0.471158,0.0,0.664358,0.0,0.0,0.041696,0.0,0.029035,0.0,0.604256,1.312977,0.359799,0.0,0.0,0.0,0.0,0.0,0.579152,0.752462,0.0,0.0,0.989688,0.585405,1.725454,0.024313,0.0,1.574584,0.179867,0.509707,0.0,0.585395,1.294217,1.182346,0.573987,0.0,0.0,2.055204,0.08046,0.0,0.0,0.0
377,0.673558,0.410747,1.005182,0.0,0.0,0.780538,0.827996,0.52724,0.0,0.532642,0.0,0.0,0.127388,0.0,0.214106,0.0,0.578977,1.327276,0.385513,0.0,0.0,0.0,0.0,0.0,0.410733,0.730131,0.0,0.0,0.92926,0.655714,1.356416,0.006028,0.0,1.507015,0.383265,0.339278,0.0,0.644909,1.296769,1.140315,0.623386,0.0,0.0,2.118189,0.185141,0.0,0.0,0.0
378,0.697609,0.124987,0.716977,0.0,0.103997,0.59183,0.822825,0.558827,0.0,0.581012,0.0,0.0,0.229105,0.158223,0.188511,0.0,0.368727,1.305882,0.44593,0.0,0.0,0.0,0.0,0.0,0.308046,0.646746,0.0,0.0,0.783992,0.460395,1.162527,0.0,0.0,1.191004,0.372451,0.37083,0.0,0.378695,1.394355,1.031348,0.52817,0.0,0.0,2.095766,0.2107,0.108561,0.0,0.0
379,0.612421,0.171198,0.878479,0.0,0.011535,0.414883,0.628537,0.378047,0.0,0.511267,0.0,0.0,0.201229,0.040331,0.246043,0.0,0.391174,1.155955,0.351121,0.0,0.0,0.0,0.0,0.0,0.089014,0.395915,0.0,0.0,0.677122,0.297972,0.983379,0.0,0.0,1.115543,0.545575,0.331023,0.0,0.448423,1.276104,0.753104,0.514581,0.0,0.114603,1.598006,0.292086,0.043589,0.0,0.0
380,0.712487,0.381758,0.992029,0.0,0.132778,0.346669,0.423447,0.404991,0.0,0.439107,0.0,0.0,0.131516,0.0,0.193652,0.0,0.142704,1.12085,0.476174,0.0,0.0,0.0,0.0,0.090901,0.017772,0.119778,0.0,0.230078,0.453454,0.180804,0.630742,0.0,0.282478,0.598213,0.605048,0.328298,0.0,0.059586,1.514103,0.360363,0.415816,0.0,0.470137,1.130931,0.418034,0.192466,0.0,0.0
381,0.917923,0.515455,0.977793,0.0,0.315254,0.323499,0.235686,0.311487,0.023756,0.281435,0.0,0.091344,0.114797,0.196287,0.384128,0.0,0.0,1.045995,0.67981,0.0,0.199916,0.0,0.0,0.150588,0.0,0.0,0.0,0.042879,0.306249,0.0,0.721105,0.141797,0.284213,0.415813,0.675049,0.082648,0.0,0.0,1.592839,0.436196,0.0,0.0,0.435942,0.905204,0.235595,0.289307,0.0,0.0
382,0.763911,0.320586,0.801269,0.0,0.432151,0.09478,0.39253,0.2853,0.148908,0.250714,0.0,0.0,0.0,0.00194,0.470054,0.0,0.0,0.995788,0.728132,0.0,0.249794,0.0,0.073455,0.142821,0.0,0.0,0.0,0.196601,0.211524,0.18139,0.73956,0.0,0.108638,0.512148,0.875675,0.0,0.0,0.0,1.583804,0.379119,0.038224,0.0,0.423435,0.98893,0.182259,0.276185,0.0,0.0
383,1.151989,0.70538,1.002587,0.0,0.511958,0.201437,0.185293,0.059235,0.401423,0.17441,0.0,0.32337,0.100344,0.213033,0.522771,0.0,0.0,0.81645,0.881872,0.0,0.534726,0.0,0.0,0.264313,0.0,0.0,0.0,0.050251,0.213654,0.0,0.70411,0.144682,0.290564,0.347176,0.921926,0.0,0.0,0.0,1.804436,0.513878,0.0,0.0,0.377608,0.550056,0.131572,0.293846,0.0,0.0
384,1.095056,0.484076,0.817183,0.0,0.48882,0.0,0.142581,0.199957,0.59097,0.058278,0.0,0.304837,0.1127,0.151204,0.626519,0.0,0.0,0.874311,0.897482,0.0,0.557306,0.0,0.092389,0.284401,0.0,0.0,0.0,0.386621,0.205752,0.0,0.397642,0.0,0.503443,0.302241,0.98168,0.0,0.0,0.0,1.993846,0.20447,0.054309,0.0,0.782119,0.489616,0.304231,0.581315,0.0,0.0
385,1.186686,0.238956,0.536827,0.0,0.428275,0.128505,0.109672,0.226134,0.65347,0.213985,0.0,0.267052,0.07272,0.249043,0.58208,0.0,0.126633,0.768972,0.611604,0.0,0.815193,0.0,0.12944,0.327082,0.0,0.0,0.0,0.426572,0.210659,0.0,0.218498,0.0,0.400327,0.171544,1.008208,0.066028,0.0,0.0,1.953963,0.031119,0.317305,0.0,1.003235,0.458719,0.329119,0.670198,0.0,0.0
386,1.274933,0.395653,0.380562,0.0,0.401937,0.145452,0.0,0.258395,0.739709,0.189652,0.0,0.159434,0.042084,0.561378,0.676146,0.0,0.23722,0.837459,0.763319,0.0,0.888982,0.0,0.041435,0.530556,0.0,0.0,0.0,0.580509,0.275218,0.0,0.120922,0.0,0.403677,0.0,0.968756,0.201862,0.0,0.0,1.842365,0.032374,0.151136,0.0,1.206416,0.329577,0.083172,0.838367,0.0,0.0
387,1.157618,0.496374,0.749832,0.0,0.459266,0.132467,0.0,0.139964,0.767394,0.269302,0.0,0.270323,0.039314,0.393719,0.661501,0.0,0.377156,0.721185,0.824998,0.0,0.946603,0.0,0.043845,0.60219,0.0,0.0,0.0,0.738892,0.310779,0.0,0.139864,0.0,0.512112,0.0,1.094059,0.025922,0.0,0.136489,1.928418,0.0,0.080255,0.0,1.000006,0.081629,0.0,0.747589,0.0,0.0
388,1.207576,0.325541,0.755089,0.0,0.326444,0.181739,0.0,0.313578,0.684418,0.321223,0.0,0.202524,0.091355,0.240841,0.526323,0.0,0.472992,0.661406,0.561671,0.0,0.864171,0.0,0.073367,0.469618,0.0,0.0,0.0,0.831412,0.387181,0.0,0.0,0.0,0.634591,0.005495,1.047486,0.071524,0.0,0.204119,1.973871,0.0,0.429178,0.0,1.168186,0.210841,0.18359,0.747008,0.0,0.0
389,1.300963,0.130906,0.835297,0.0,0.471621,0.114466,0.069793,0.29988,0.612058,0.327814,0.0,0.224292,0.0,0.420521,0.514656,0.0,0.476228,0.689884,0.604214,0.0,1.024221,0.0,0.260413,0.408543,0.0,0.050373,0.0,0.569878,0.374718,0.0,0.275389,0.0,0.439603,0.0,1.016968,0.0,0.0,0.301471,2.021075,0.082965,0.100659,0.0,0.676961,0.603528,0.140191,0.765425,0.0,0.0
390,1.352188,0.116618,0.915027,0.0,0.318908,0.339279,0.0,0.41884,0.311281,0.437686,0.0,0.11241,0.0,0.538677,0.374393,0.0,0.549911,0.743314,0.48269,0.0,0.873332,0.0,0.062363,0.291684,0.0,0.121899,0.0,0.59807,0.558426,0.0,0.192972,0.113665,0.606871,0.0,0.673941,0.0,0.0,0.174779,1.841344,0.041608,0.077786,0.0,0.785683,0.605334,0.218387,0.799597,0.0,0.0
391,1.040995,0.230694,1.038532,0.0,0.163083,0.369128,0.0,0.530768,0.202308,0.438405,0.0,0.0,0.0,0.549635,0.399032,0.0,0.80159,0.804039,0.403735,0.0,0.767883,0.0,0.0,0.435467,0.178206,0.363555,0.0,0.663086,0.674588,0.0,0.112009,0.312128,0.401046,0.0,0.569212,0.10097,0.0,0.495496,1.542179,0.126484,0.073733,0.0,0.704426,0.568025,0.096317,0.76324,0.0,0.0
392,1.121269,0.035842,0.817017,0.0,0.0,0.490017,0.028286,0.476747,1.3e-05,0.371889,0.0,0.0,0.056349,0.531224,0.501152,0.0,1.03535,0.726877,0.119505,0.0,0.952683,0.0,0.0,0.345159,0.287829,0.5843,0.0,0.312168,0.914694,0.0,0.264457,0.395268,0.304063,0.0,0.321972,0.203263,0.0,0.574749,1.408019,0.479359,0.483961,0.0,0.459374,0.788433,0.241299,0.742708,0.0,0.0
393,1.14701,0.0,0.893897,0.0,0.0,0.582008,0.372227,0.284248,0.0,0.674147,0.0,0.0,0.211907,0.171912,0.461025,0.0,1.461635,0.406466,0.0,0.0,1.126995,0.0,0.0,0.101328,0.315328,0.676447,0.0,0.255382,1.272776,0.29067,0.414061,0.0,0.184106,0.267438,0.224819,0.357052,0.0,0.982458,1.501457,0.728864,0.861092,0.0,0.571033,0.916848,0.431734,0.456657,0.0,0.0
394,0.706459,0.085774,0.91354,0.0,0.0,0.582232,0.038957,0.39847,0.0,0.670209,0.0,0.0,0.236454,0.198468,0.643801,0.0,1.589863,0.506932,0.0,0.0,1.138335,0.0,0.0,0.358636,0.496426,0.761886,0.0,0.493502,1.298774,0.290292,0.055422,0.177334,0.19054,0.045879,0.166807,0.870566,0.0,1.276536,0.957565,0.569043,1.108576,0.0,0.903033,0.594735,0.489327,0.387959,0.0,0.0
395,0.83025,0.188584,1.22256,0.0,0.0,0.600048,0.0,0.165463,0.0,0.724579,0.0,0.060724,0.202978,0.27759,0.817804,0.0,1.664622,0.393428,0.0,0.0,1.120175,0.0,0.0,0.577691,0.266528,0.727121,0.0,0.713535,1.208164,0.258412,0.049631,0.318848,0.215956,0.128728,0.22222,0.805236,0.0,1.178831,1.086056,0.300452,1.107395,0.0,1.150938,0.420214,0.427536,0.443151,0.0,0.0
396,0.919227,0.517659,0.753395,0.0,0.0,0.396359,0.0,0.226632,0.029419,0.518328,0.0,0.038621,0.225844,0.52398,1.018421,0.0,1.420782,0.495759,0.235726,0.0,1.076655,0.0,0.0,0.848058,0.519578,0.564494,0.0,0.860453,1.012616,0.197004,0.0,0.057604,0.279471,0.0,0.041582,1.049684,0.0,0.862665,0.831441,0.353012,0.955965,0.0,1.356626,0.328972,0.123472,0.685679,0.0,0.0
397,0.88187,0.547287,0.446168,0.0,0.0,0.379418,0.275923,0.035113,0.196464,0.46705,0.0,0.225672,0.263403,0.466594,1.189903,0.0,1.138214,0.460836,0.219699,0.0,1.20937,0.0,0.0,0.740831,0.379659,0.359371,0.0,0.45956,0.895644,0.401625,0.208627,0.089985,0.0,0.007811,0.138169,1.149157,0.0,0.661058,0.720257,0.596812,1.10848,0.0,1.114268,0.333467,0.270518,0.779997,0.0,0.0
398,0.927312,0.893492,0.377414,0.0,0.204898,0.241997,0.46895,0.0,0.419111,0.14054,0.0,0.393824,0.413962,0.44055,1.455178,0.0,0.788268,0.52748,0.41094,0.0,1.124185,0.0,0.0,0.670094,0.226205,0.02089,0.0,0.32441,0.547596,0.387257,0.369017,0.156964,0.0,0.10555,0.0,1.299066,0.0,0.323728,0.784242,0.999869,0.990006,0.0,0.950618,0.237578,0.313511,0.751214,0.0,0.0
399,1.130463,1.101112,0.604586,0.05069,0.426782,0.102415,0.549525,0.0,0.472095,0.003566,0.0,0.726758,0.316706,0.472211,1.307875,0.0,0.635424,0.407243,0.556349,0.0,0.849792,0.0,0.0,0.431385,0.058303,0.0,0.0,0.0,0.297238,0.162073,0.322381,0.376023,0.0,0.384464,0.0,0.985422,0.0,0.093322,1.050365,1.221882,0.879887,0.0,0.562766,0.204652,0.531283,0.680235,0.0,0.0
400,1.003961,1.500281,0.600086,0.178127,0.436848,0.0,0.764346,0.060685,0.55243,0.0,0.141892,0.742356,0.484972,0.442405,1.408352,0.0,0.482268,0.513079,0.748846,0.0,0.773396,0.0,0.0,0.46197,0.127634,0.0,0.0,0.0,0.157147,0.204286,0.423019,0.363966,0.0,0.540483,0.0,1.196719,0.0,0.0,0.930147,1.599717,0.754572,0.0,0.349954,0.320904,0.498858,0.687863,0.0,0.0
401,1.08531,1.330494,0.354671,0.181399,0.397414,0.216227,0.821814,0.386001,0.353839,0.063864,0.140614,0.733005,0.412076,0.541622,1.266095,0.0,0.46368,0.494753,0.605155,0.0,0.760508,0.0,0.0,0.113714,0.433535,0.0,0.0,0.0,0.225152,0.122646,0.580094,0.306657,0.0,0.492205,0.0,1.50982,0.0,0.0,0.768426,1.660652,0.715182,0.0,0.231339,0.364593,0.52799,0.594988,0.0,0.0
402,1.008452,1.668983,0.629373,0.07708,0.376284,0.306335,0.756526,0.632542,0.405539,0.09059,0.155705,0.690529,0.625307,0.422259,1.358577,0.085941,0.542667,0.584901,0.333125,0.0,0.759884,0.0,0.0,0.239244,0.662711,0.0,0.0,0.016235,0.165829,0.040908,0.616144,0.319264,0.0,0.465724,0.0,1.91932,0.0,0.096979,0.557012,1.790573,0.700447,0.0,0.299641,0.297814,0.435346,0.535945,0.0,0.0
403,0.938105,1.578516,1.042927,0.0,0.289632,0.481487,0.799573,0.515541,0.246045,0.174355,0.0,0.682054,0.748694,0.377545,1.306762,0.054383,0.925844,0.373986,0.0,0.0,0.928892,0.0,0.0,0.0,0.725725,0.0,0.0,0.0,0.394948,0.12875,0.664754,0.299757,0.0,0.504885,0.0,2.060121,0.0,0.327826,0.443579,2.031038,0.785462,0.0,0.596488,0.304532,0.520006,0.265814,0.0,0.0
404,1.090605,1.110689,0.877055,0.0,0.148228,0.33553,1.023121,0.212129,0.060644,0.369508,0.0,0.814368,0.721098,0.581351,1.263493,0.0,1.028522,0.197646,0.0,0.0,0.822911,0.0,0.0,0.054926,0.846166,0.0,0.0,0.0,0.556227,0.120729,0.539657,0.251065,0.0,0.550243,0.0,1.923855,0.0,0.353516,0.410338,1.897747,0.878387,0.000715,0.651866,0.357818,0.666932,0.387701,0.0,0.0
405,1.051998,1.2685,0.547067,0.107762,0.33067,0.181278,1.110294,0.158521,0.101103,0.631482,0.0,0.802644,1.037659,0.416304,1.548034,0.0,1.154722,0.282063,0.0,0.0,0.866742,0.0,0.0,0.649195,0.83197,0.067352,0.0,0.161538,0.616223,0.500456,0.168965,0.0,0.0,0.434598,0.0,2.20601,0.0,0.633779,0.540807,1.71737,1.33388,0.0,1.132243,0.432877,0.763553,0.567799,0.0,0.0
406,1.163398,1.350507,0.530159,0.182268,0.437137,0.050962,1.311582,0.0,0.323233,0.587297,0.0,0.831506,1.316734,0.459413,1.970422,0.0,1.214803,0.31117,0.033281,0.0,1.286584,0.0,0.0,0.925943,0.653109,0.14989,0.0,0.163857,0.675403,0.7025,0.134666,0.0,0.0,0.441716,0.0,2.417267,0.0,0.686231,0.688309,1.854705,1.511982,0.0,1.634958,0.444739,0.789221,0.716269,0.069299,0.0
407,1.410964,1.27518,0.807368,0.239655,0.44617,0.136661,1.205138,0.0,0.280561,0.553447,0.0,0.922363,1.273057,0.420332,2.027075,0.0,1.27306,0.313653,0.0,0.0,1.403405,0.102666,0.0,1.049583,0.247366,0.04845,0.0,0.212153,0.854751,0.431377,0.0,0.0,0.0,0.504424,0.0,2.415365,0.0,0.649364,0.90152,1.728374,1.655313,0.0,1.939196,0.222578,0.914947,0.897418,0.00073,0.0
408,1.568009,1.25302,0.892687,0.0819,0.457268,0.160463,0.990984,0.0,0.38972,0.53377,0.0,0.826428,1.319598,0.522054,2.147836,0.0,1.411144,0.353506,0.049876,0.0,1.704554,0.259084,0.0,1.147645,0.131984,0.113332,0.0,0.400931,0.924043,0.335374,0.004319,0.0,0.0,0.389892,0.045102,2.435541,0.0,0.696614,0.971461,1.583107,1.651,0.0,2.201794,0.115405,0.784254,0.981908,0.0,0.0
409,1.528082,1.063062,0.872137,0.0,0.382581,0.063427,0.895525,0.0,0.365036,0.544791,0.0,1.045009,1.19657,0.800945,2.191467,0.0,1.489351,0.34992,0.342109,0.0,1.667869,0.118685,0.0,1.279358,0.080547,0.0,0.0,0.134125,0.909852,0.050673,0.0,0.0,0.0,0.282098,0.018746,2.025972,0.0,0.65356,0.969108,1.540338,1.28872,0.0,2.078562,0.155201,0.62351,1.068431,0.0,0.0
410,1.468355,0.748728,0.986548,0.0,0.178651,0.250742,0.812327,0.0,0.309516,0.708539,0.0,0.969287,1.017717,0.571876,1.798771,0.0,1.621835,0.065447,0.062296,0.0,1.594608,0.281319,0.0,1.101968,0.235037,0.099295,0.0,0.399658,1.099705,0.249121,0.134916,0.0,0.0,0.267113,0.353241,1.819479,0.0,0.929981,0.873796,1.054816,1.44151,0.0,1.952882,0.023823,0.662825,0.954788,0.0,0.0
411,1.160465,0.766304,0.828201,0.0,0.191821,0.271884,0.69459,0.070293,0.48563,0.706979,0.0,0.782102,1.185055,0.486711,1.646708,0.0,1.549196,0.061502,0.025972,0.0,1.566658,0.352274,0.0,1.166191,0.513598,0.268786,0.0,0.666408,0.985652,0.404367,0.240104,0.0,0.02905,0.055688,0.52378,2.003484,0.0,1.032387,0.490247,0.876143,1.29837,0.0,2.045608,0.0,0.374989,0.837811,0.0,0.0
412,0.846052,0.656552,1.193454,0.0,0.154341,0.216578,0.544996,0.216362,0.481772,0.476242,0.0,0.777831,1.115134,0.647808,1.589028,0.0,1.488798,0.093326,0.10063,0.0,1.42491,0.47604,0.042589,1.045077,0.475943,0.13045,0.0,0.658453,0.808802,0.328389,0.360773,0.098821,0.275421,0.064228,0.44794,1.617594,0.0,0.92467,0.312439,0.75698,0.89002,0.0,1.971411,0.0,0.0,0.500785,0.0,0.0
413,0.351579,0.615634,0.922856,0.0,0.005443,0.133795,0.695954,0.535136,0.350097,0.513763,0.0,0.574369,1.04935,0.507572,1.238908,0.0,1.428217,0.040555,0.066282,0.0,0.986028,0.350462,0.177654,1.08861,0.750022,0.057919,0.0,0.697324,0.725734,0.406391,0.317914,0.0,0.33582,0.0,0.498271,1.541117,0.0,0.904285,0.0,0.553834,0.735992,0.0,2.099842,0.0,0.0,0.320817,0.0,0.0
414,0.315359,0.268164,1.201636,0.0,0.0,0.17923,0.790922,0.44851,0.296798,0.504321,0.0,0.784003,0.834462,0.755892,1.114358,0.0,1.209319,0.0,0.0,0.0,0.720772,0.394625,0.282482,0.788981,0.723411,0.0,0.0,0.323181,0.704372,0.136524,0.496442,0.416246,0.329167,0.0,0.461772,1.039539,0.071,0.812086,0.0,0.553854,0.379278,0.0,1.659207,0.0,0.0,0.187747,0.0,0.0
415,0.220765,0.0,1.180463,0.0,0.0,0.175291,0.770937,0.419088,0.233095,0.484296,0.0,0.618251,0.877548,0.461399,0.784012,0.0,1.171585,0.0,0.0,0.0,0.674203,0.365469,0.33124,0.362567,0.560294,0.038013,0.0,0.326371,0.693268,0.413691,0.816272,0.144085,0.230137,0.127495,0.584175,0.955354,0.0,0.835151,0.0,0.295445,0.539728,0.0,1.558981,0.0,0.0,0.0,0.0,0.0
416,0.316847,0.0,1.057893,0.0,0.0,0.0,0.782393,0.535336,0.317404,0.41111,0.0,0.599184,0.829436,0.527075,0.737154,0.0,0.911364,0.000349,0.0,0.0,0.485138,0.18865,0.35512,0.529128,0.538985,0.157637,0.0,0.507237,0.436599,0.382754,0.746391,0.012472,0.392422,0.177174,0.750569,0.592641,0.004229,0.763901,0.152792,0.037505,0.394646,0.0,1.33411,0.020186,0.0,0.14484,0.0,0.0
417,0.0,0.074098,0.81029,0.0,0.0,0.0,0.571949,0.688187,0.394143,0.358617,0.0,0.457601,0.834701,0.428612,0.570662,0.0,0.713366,0.114993,0.003815,0.0,0.44485,0.145506,0.259835,0.645844,0.617052,0.0,0.0,0.582717,0.254823,0.251298,0.523301,0.0,0.618566,0.0,0.65102,0.753424,0.0,0.545156,0.121404,0.0,0.318564,0.0,1.629186,0.0,0.0,0.220756,0.0,0.0
418,0.336023,0.085791,0.896269,0.0,0.0,0.0,0.526083,0.601573,0.378417,0.325333,0.0,0.665749,0.626862,0.496016,0.54103,0.0,0.639717,0.202775,0.115956,0.0,0.29632,0.172129,0.240138,0.685097,0.338615,0.0,0.0,0.731209,0.215396,0.0,0.51637,0.0,0.845023,0.0,0.814948,0.381903,0.0,0.381908,0.456228,0.0,0.326081,0.0,1.403894,0.0,0.0,0.283052,0.0,0.0
419,0.462782,0.070006,0.871506,0.0,0.0,0.0,0.48627,0.356818,0.376482,0.301904,0.0,0.625185,0.391514,0.573597,0.559114,0.0,0.542276,0.202058,0.263704,0.0,0.344225,0.112012,0.401989,0.575852,0.114141,0.049171,0.0,0.664371,0.326262,0.025011,0.846211,0.03167,0.643332,0.075211,0.929736,0.02057,0.0,0.38949,0.489382,0.0,0.16592,0.0,1.020067,0.0,0.0,0.19589,0.0,0.0
420,0.0,0.0,0.697551,0.0,0.0,0.0,0.365085,0.511692,0.514732,0.151898,0.0,0.342329,0.343372,0.276505,0.54611,0.0,0.548346,0.265824,0.288636,0.0,0.375285,0.0,0.289049,0.545465,0.446998,0.0,0.0,0.652987,0.234653,0.325964,0.699422,0.077145,0.551016,0.0,0.807357,0.278127,0.0,0.318861,0.351674,0.0,0.337261,0.0,1.177663,0.0,0.0,0.360829,0.0,0.0
421,0.0,0.132173,0.64102,0.0,0.0,0.0,0.401451,0.593427,0.513263,0.0,0.0,0.144753,0.181561,0.342938,0.620056,0.0,0.639307,0.309605,0.55661,0.0,0.310996,0.0,0.369814,0.367669,0.618189,0.0,0.0,0.63237,0.46797,0.332668,0.952855,0.408234,0.513092,0.0,0.648481,0.191084,0.0,0.167074,0.217224,0.0,0.0,0.0,1.028544,0.0,0.0,0.284464,0.0,0.0
422,0.0,0.137708,0.729414,0.0,0.0,0.166103,0.235364,0.568238,0.401633,0.0,0.0,0.296368,0.025407,0.150158,0.553105,0.0,0.623507,0.40813,0.722088,0.0,0.343132,0.0,0.113673,0.163375,0.463848,0.0,0.0,0.500565,0.707532,0.207041,1.240068,0.89542,0.629267,0.116016,0.569863,0.0,0.0,0.003223,0.539678,0.029345,0.0,0.0,0.688301,0.078797,0.0,0.433419,0.0,0.0
423,0.0,0.342202,1.024979,0.0,0.0,0.505195,0.045938,0.578269,0.340045,0.0,0.0,0.371651,0.0,0.149512,0.575774,0.0,0.809001,0.397659,0.960306,0.0,0.53027,0.0,0.0,0.0,0.247908,0.0,0.0,0.385659,1.079257,0.128057,1.751047,1.303139,0.623192,0.513726,0.622055,0.0,0.0,0.017611,0.868604,0.155536,0.0,0.0,0.39902,0.082855,0.0,0.599733,0.0,0.0
424,0.125366,0.484421,1.341391,0.0,0.0,0.783134,0.0,0.730421,0.391845,0.007147,0.0,0.379586,0.0,0.094092,0.585456,0.0,0.878457,0.398392,1.066324,0.0,0.682352,0.0,0.0,0.0,0.209057,0.0,0.0,0.191694,1.290593,0.046414,2.10921,1.609447,0.499637,0.820663,0.585216,0.0,0.0,0.042062,1.069427,0.378444,0.0,0.0,0.170625,0.195514,0.0,0.689952,0.0,0.0
425,0.0,0.720626,1.224553,0.0,0.0,0.804406,0.0,0.923169,0.201869,0.0,0.0,0.192554,0.0,0.0,0.351658,0.0,0.987193,0.519821,1.093347,0.0,0.694946,0.0,0.0,0.0,0.377514,0.0,0.0,0.44173,1.444947,0.0,2.105924,1.586747,0.535607,0.611692,0.581508,0.0,0.0,0.0,1.065711,0.254586,0.0,0.0,0.304846,0.051165,0.0,0.748173,0.0,0.0
426,0.139054,0.579003,0.847584,0.0,0.0,0.829148,0.0,1.121489,0.312939,0.001546,0.0,0.130299,0.0,0.0,0.302105,0.0,0.70252,0.659266,0.922693,0.0,0.539407,0.0,0.0,0.0,0.560991,0.0,0.0,0.351635,1.358728,0.0,2.067632,1.330912,0.264141,0.451951,0.599502,0.01454,0.0,0.0,1.134268,0.232545,0.0,0.0,0.098397,0.156789,0.0,0.587698,0.0,0.0
427,0.0,0.832772,1.076782,0.0,0.0,0.570883,0.0,0.919907,0.333857,0.0,0.0,0.278556,0.0,0.0,0.226341,0.0,0.689599,0.508598,1.332426,0.0,0.296532,0.0,0.0,0.0,0.257291,0.0,0.0,0.472286,1.135177,0.0,2.014679,1.33936,0.405571,0.553971,0.752914,0.0,0.0,0.0,1.115265,0.21766,0.0,0.0,0.0,0.271732,0.0,0.608583,0.0,0.0
428,0.0,0.917407,0.909135,0.0,0.0,0.352955,0.085412,0.78716,0.549313,0.0,0.0,0.209504,0.0,0.033381,0.316732,0.0,0.392834,0.580897,1.385722,0.0,0.080319,0.0,0.0,0.0,0.194031,0.0,0.0,0.358793,0.777891,0.0,1.958362,0.978522,0.267148,0.364315,0.923657,0.0,0.0,0.0,1.027855,0.330206,0.0,0.0,0.0,0.359481,0.0,0.391247,0.0,0.0
429,0.27861,1.240592,1.190563,0.0,0.042534,0.248662,0.114744,0.487185,0.565411,0.0,0.0,0.407394,0.0,0.0,0.249742,0.0,0.147012,0.492654,1.459638,0.0,0.150246,0.0,0.0,0.0,0.0,0.0,0.0,0.09648,0.517943,0.0,1.830777,0.89698,0.175929,0.556094,0.785021,0.0,0.0,0.0,1.266624,0.611785,0.0,0.0,0.0,0.440221,0.0,0.365608,0.0,0.0
430,0.369222,1.401444,0.995074,0.0,0.208295,0.233568,0.283037,0.438214,0.575422,0.0,0.0,0.427285,0.0,0.0,0.274923,0.0,0.0,0.572115,1.464816,0.0,0.0,0.0,0.0,0.014754,0.0,0.0,0.0,0.228063,0.386309,0.0,1.873571,0.274967,0.089435,0.350993,0.949751,0.139851,0.0,0.0,1.369154,0.32985,0.0,0.0,0.021153,0.276737,0.0,0.274272,0.0,0.0
431,0.596667,1.191009,0.948636,0.0,0.494722,0.0,0.53134,0.283283,0.608685,0.0,0.0,0.428212,0.09793,0.0,0.390677,0.0,0.0,0.619335,1.443337,0.0,0.0,0.0,0.0,0.042494,0.0,0.0,0.0,0.028718,0.0,0.0,1.428066,0.0,0.0,0.585944,0.982198,0.146608,0.0,0.0,1.771255,0.596981,0.0,0.0,0.0,0.702462,0.0804,0.223289,0.0,0.0
432,0.814743,1.257826,1.024898,0.0,0.658724,0.0,0.738002,0.07671,0.710524,0.0,0.0,0.528469,0.236851,0.0,0.535878,0.0,0.0,0.592712,1.555356,0.0,0.0,0.0,0.0,0.202416,0.0,0.0,0.0,0.0,0.0,0.0,1.267897,0.0,0.0,0.666151,0.985042,0.021322,0.0,0.0,2.05881,0.73589,0.0,0.0,0.0,0.807609,0.339598,0.263896,0.0,0.0
433,0.921416,1.118917,0.879506,0.0,0.823028,0.0,0.722396,0.127946,0.756171,0.165899,0.0,0.535319,0.326393,0.0,0.682632,0.0,0.0,0.83347,1.616344,0.0,0.024698,0.0,0.0,0.397713,0.0,0.0,0.0,0.0,0.0,0.0,1.072049,0.0,0.082332,0.614168,0.930739,0.23689,0.0,0.0,2.300858,0.572934,0.026839,0.0,0.316713,0.866464,0.552284,0.463571,0.0,0.0
434,1.196079,0.90744,0.732316,0.0,0.804429,0.0,0.745939,0.162566,0.695931,0.31702,0.0,0.514755,0.475544,0.0,0.612973,0.0,0.0,0.845048,1.415721,0.0,0.178308,0.0,0.0,0.306313,0.0,0.0,0.0,0.075931,0.0,0.0,0.848469,0.0,0.210586,0.631982,0.801409,0.461125,0.0,0.0,2.602454,0.349929,0.368719,0.0,0.72378,0.86288,0.859655,0.645196,0.0,0.0
435,1.124548,1.133586,0.852037,0.0,0.813059,0.065625,0.597131,0.206737,0.733,0.401317,0.0,0.403911,0.43783,0.0,0.646647,0.0,0.0,0.849174,1.336154,0.0,0.292997,0.0,0.0,0.348219,0.0,0.0,0.0,0.163552,0.0,0.0,0.723676,0.0,0.107768,0.556844,0.838417,0.625673,0.0,0.0,2.57965,0.39538,0.321902,0.0,0.79917,0.644774,0.759897,0.577319,0.0,0.0
436,1.205307,0.824933,0.821583,0.0,0.795975,0.010319,0.898889,0.053989,0.626065,0.495472,0.0,0.399277,0.416805,0.0,0.370787,0.0,0.0,0.642012,1.184199,0.0,0.153557,0.0,0.0,0.234865,0.0,0.0,0.0,0.000795,0.0,0.0,0.86489,0.0,0.086544,0.70909,0.726848,0.413561,0.0,0.0,2.723914,0.414886,0.470896,0.0,0.634244,0.991541,0.964197,0.50207,0.0,0.0
437,1.092894,0.993487,1.037946,0.0,0.825411,0.0,0.597314,0.15039,0.69742,0.239108,0.0,0.449667,0.311941,0.0,0.656236,0.0,0.0,0.824466,1.425797,0.0,0.237735,0.0,0.0,0.23696,0.0,0.0,0.0,0.0,0.0,0.0,0.885466,0.0,0.016293,0.705463,0.65189,0.290414,0.0,0.0,2.656333,0.660637,0.108654,0.0,0.393369,0.986857,0.783335,0.515836,0.0,0.0
438,0.766087,1.200776,1.126021,0.0,0.687382,0.0,0.640591,0.235082,0.589303,0.249712,0.0,0.337832,0.2188,0.0,0.391771,0.0,0.0,0.682669,1.373855,0.0,0.0,0.0,0.0,0.187859,0.0,0.0,0.0,0.0,0.0,0.0,1.253622,0.0,0.0,0.746204,0.953225,0.217583,0.0,0.0,2.266948,0.587747,0.0,0.0,0.155153,0.941345,0.377987,0.270733,0.0,0.0
439,0.678183,1.391702,1.20541,0.0,0.576543,0.046135,0.610806,0.383136,0.475675,0.250984,0.0,0.37117,0.293159,0.0,0.19126,0.0,0.0,0.732966,1.476003,0.0,0.0,0.0,0.0,0.137114,0.0,0.0,0.0,0.0,0.0,0.0,1.675813,0.0,0.067375,0.70856,1.116095,0.148117,0.0,0.0,2.10444,0.470336,0.0,0.0,0.158552,0.941835,0.079942,0.157669,0.0,0.0
440,0.215419,1.283969,1.141233,0.0,0.418611,0.004195,0.71032,0.461768,0.323737,0.255322,0.0,0.261908,0.221499,0.0,0.08919,0.0,0.0,0.874643,1.507769,0.0,0.0,0.0,0.0,0.083087,0.0,0.0,0.0,0.129293,0.0,0.0,1.918132,0.0,0.120035,0.717356,1.344909,0.246974,0.0,0.0,1.789787,0.298058,0.0,0.0,0.20056,1.01177,0.0,0.0,0.0,0.0
441,0.251844,1.162809,1.251271,0.0,0.418824,0.12696,0.972372,0.401544,0.248673,0.252811,0.0,0.234408,0.349813,0.0,0.053769,0.0,0.0,0.844674,1.639524,0.0,0.0,0.0,0.0,0.0,0.0,0.0,0.0,0.0,0.07897,0.031877,2.499393,0.098708,0.14238,0.889564,1.368708,0.0,0.0,0.0,1.7374,0.479065,0.0,0.0,0.077575,1.335937,0.0,0.0,0.0,0.0
442,0.25336,0.949198,1.224588,0.0,0.377672,0.247997,1.056616,0.492461,0.115918,0.363548,0.0,0.104229,0.410809,0.0,0.0,0.0,0.0,0.876533,1.627907,0.0,0.0,0.0,0.0,0.0,0.030782,0.0,0.0,0.0,0.13947,0.232358,2.900031,0.144652,0.144303,1.182148,1.405339,0.0,0.0,0.0,1.613401,0.489193,0.0,0.0,0.118131,1.680796,0.0,0.0,0.0,0.0
443,0.05663,0.562544,0.9027,0.0,0.222657,0.216699,0.937978,0.680519,0.042733,0.320111,0.0,0.0,0.383756,0.0,0.0,0.0,0.0,1.031923,1.47857,0.0,0.0,0.0,0.0,0.0,0.230416,0.0,0.0,0.0,0.136127,0.317897,2.618636,0.253988,0.174072,1.316166,1.232632,0.0,0.0,0.0,1.469468,0.486371,0.0,0.0,0.279412,2.022525,0.0,0.0,0.0,0.0
444,0.0,0.440102,0.908472,0.0,0.050582,0.284942,0.928989,0.722399,0.0,0.52096,0.0,0.0,0.454912,0.0,0.0,0.0,0.0,1.05971,1.284969,0.0,0.0,0.0,0.0,0.0,0.376719,0.0,0.0,0.0,0.166399,0.372042,2.649427,0.264118,0.138292,1.332374,1.232473,0.0,0.0,0.0,1.385568,0.379118,0.0,0.0,0.332094,2.017752,0.0,0.0,0.0,0.0
445,0.159369,0.516922,1.077682,0.0,0.077811,0.309498,1.12106,0.659998,0.0,0.625637,0.0,0.020483,0.548769,0.0,0.0,0.0,0.0,1.033929,1.334242,0.0,0.0,0.0,0.0,0.0,0.348788,0.0,0.0,0.0,0.112742,0.453135,2.791106,0.256823,0.177053,1.20406,1.378134,0.0,0.0,0.0,1.525824,0.317662,0.0,0.0,0.288638,1.966475,0.0,0.0,0.0,0.0
446,0.060499,0.264773,1.048097,0.0,0.0,0.119739,1.233498,0.705997,0.0,0.583401,0.0,0.063986,0.652663,0.0,0.0,0.0,0.0,1.024661,1.253917,0.0,0.0,0.0,0.0,0.0,0.293262,0.08107,0.0,0.0,0.113707,0.351729,2.457787,0.100248,0.181463,1.151792,1.463919,0.0,0.0,0.0,1.481404,0.322169,0.0,0.0,0.253481,1.900581,0.0,0.0,0.0,0.0
447,0.0,0.179122,0.950821,0.0,0.0,0.0,1.430571,0.945943,0.0,0.705579,0.0,0.204046,0.777577,0.0,0.0,0.0,0.0,0.906211,1.149179,0.0,0.0,0.0,0.0,0.047648,0.44253,0.066951,0.0,0.066792,0.079779,0.087877,2.142545,0.0,0.413821,0.750049,1.534884,0.203219,0.0,0.0,1.494351,0.139875,0.0,0.0,0.531584,1.598031,0.0,0.0,0.0,0.0
448,0.0,0.263776,0.969315,0.0,0.048712,0.0,1.463667,1.020028,0.039888,1.000231,0.0,0.388929,0.753323,0.0,0.0,0.0,0.190592,0.767823,1.058335,0.0,0.0,0.0,0.0,0.367702,0.636326,0.059422,0.0,0.347653,0.017218,0.0,1.969093,0.0,0.714083,0.339931,1.560905,0.487281,0.0,0.035319,1.601002,0.0,0.149105,0.0,0.860436,1.185984,0.0,0.0,0.0,0.0
449,0.0,0.168666,1.05279,0.0,0.0,0.0,1.47077,1.031325,0.0,1.064788,0.0,0.536646,1.014411,0.0,0.0,0.0,0.083863,0.659951,1.123615,0.0,0.0,0.0,0.0,0.344767,0.227637,0.29618,0.0,0.372201,0.0,0.158551,1.839457,0.0,0.723785,0.816761,1.734156,0.211159,0.0,0.263479,1.825028,0.0,0.43089,0.0,0.65476,1.564522,0.0,0.01703,0.0,0.0
