time_index,z0,z1,z2,z3,z4,z5,z6,z7,z8,z9,z10,z11,z12,z13,z14,z15,z16,z17,z18,z19,z20,z21,z22,z23,z24,z25,z26,z27,z28,z29,z30,z31,z32,z33,z34,z35,z36,z37,z38,z39,z40,z41,z42,z43,z44,z45,z46,z47
0,0.997815,0.0,0.0,0.0,0.0,0.263615,0.0,0.047422,0.0,2.132279,0.0,1.973655,0.0,2.614589,0.0,1.46979,0.0,1.810956,0.0,0.635418,0.846034,0.0,0.0,0.0,0.0,0.996334,2.571697,0.0,2.018849,0.0,0.0,1.638336,2.259389,0.0,0.532604,0.327267,0.042749,0.0,0.0,0.0,0.432361,0.066175,0.90073,1.145362,0.0,0.0,0.0,0.0
1,0.766074,0.0,0.0,0.0,0.0,0.0,0.0,0.299528,0.0,1.756545,0.0,2.091496,0.0,2.501452,0.0,1.051649,0.0,1.594532,0.0,0.517514,0.707667,0.0,0.0,0.0,0.0,0.887791,2.814028,0.0,2.125043,0.0,0.0,1.72507,2.381367,0.0,0.693133,0.214311,0.570184,0.0,0.0,0.0,0.230611,0.322894,1.149383,0.925252,0.0,0.0,0.0,0.0
2,0.589717,0.0,0.0,0.0,0.0,0.0,0.0,0.216617,0.0,1.407327,0.0,1.551271,0.0,2.252906,0.0,0.815653,0.0,1.535534,0.0,0.483055,0.284073,0.0,0.0,0.0,0.0,0.785202,2.007513,0.0,1.65669,0.0,0.0,1.130397,1.924989,0.0,0.276454,0.740116,0.0,0.0,0.0,0.0,0.452225,0.129006,0.784719,1.048813,0.184641,0.0,0.0,0.0
3,0.504534,0.0,0.0,0.0,0.0,0.0,0.0,0.0,0.0,1.377149,0.0,1.306367,0.019157,1.966483,0.0,0.916572,0.0,1.352591,0.0,0.412315,0.253307,0.013486,0.0,0.0,0.0,0.726859,1.718418,0.0,1.380881,0.0,0.0,0.929658,1.568163,0.0,0.270048,0.493562,0.0,0.0,0.0,0.0,0.559849,0.207325,0.670683,0.877012,0.122563,0.0,0.0,0.0
4,0.46165,0.0,0.0,0.0,0.0,0.038395,0.0,0.010351,0.0,1.026238,0.0,0.870046,0.105093,1.646603,0.0,0.649533,0.0,1.170048,0.0,0.314262,0.0,0.0,0.0,0.0,0.0,0.770701,1.213014,0.0,1.022639,0.0,0.0,0.693831,1.32789,0.0,0.0,0.775977,0.0,0.0,0.0,0.0,0.50358,0.198733,0.454557,0.738875,0.6047,0.0,0.0,0.0
5,0.12441,0.0,0.0,0.0,0.0,0.0,0.0,0.041391,0.0,0.677468,0.0,0.771744,0.146012,0.954037,0.0,0.629811,0.270642,0.776866,0.0,0.089955,0.0,0.219568,0.0,0.0,0.0,0.779257,0.606401,0.0,0.559171,0.0,0.0,0.078994,0.788175,0.0,0.0,0.686794,0.0,0.0,0.0,0.0,0.616381,0.0,0.012337,0.787503,0.612833,0.0,0.0,0.0
6,0.02668,0.0,0.0,0.0,0.0,0.0,0.0,0.174192,0.0,0.584721,0.0,0.547466,0.110331,0.80485,0.0,0.367228,0.249739,0.755653,0.0,0.108399,0.0,0.179284,0.0,0.0,0.145291,0.601543,0.390046,0.0,0.291846,0.0,0.0,0.0,0.562198,0.0,0.0,0.803226,0.0,0.0,0.0,0.0,0.680906,0.0,0.167062,0.791894,0.75534,0.0,0.001448,0.0
7,0.0,0.0,0.0,0.0,0.0,0.0,0.0,0.240899,0.0,0.508697,0.0,0.38229,0.318261,0.475342,0.118545,0.105973,0.450917,0.689869,0.0,0.099634,0.0,0.002678,0.0,0.0,0.264695,0.403836,0.161656,0.0,0.229636,0.0,0.0,0.0,0.702654,0.0,0.0,0.797868,0.0,0.0,0.0,0.0,0.636426,0.0,0.180679,0.733104,1.005107,0.0,0.0,0.0
8,0.0,0.000643,0.0,0.052019,0.0,0.0,0.0,0.0,0.0,0.628331,0.0,0.142461,0.429229,0.544569,0.287991,0.0,0.262418,0.724165,0.0,0.054422,0.0,0.008971,0.0,0.0,0.16622,0.303152,0.129025,0.0,0.0,0.0,0.0,0.0,0.408595,0.0,0.0,0.939319,0.0,0.0,0.0,0.0,0.716028,0.0,0.384165,0.694579,1.055284,0.0,0.227184,0.0
9,0.0,0.0,0.0,0.044451,0.0,0.0,0.0,0.0,0.0,0.533275,0.0,0.30357,0.37747,0.538256,0.304334,0.062288,0.221127,0.606931,0.0,0.0,0.0,0.06331,0.0,0.0,0.108659,0.238572,0.042793,0.0,0.0,0.0,0.0,0.0,0.433051,0.0,0.0,0.785583,0.0,0.0,0.0,0.0,0.709066,0.0,0.308249,0.825782,0.891169,0.0,0.156058,0.0
10,0.0,0.0,0.0,0.0,0.079857,0.0,0.0,0.242608,0.0,0.506724,0.0,0.590656,0.233893,0.62907,0.1484,0.23839,0.124608,0.575528,0.0,0.0,0.100092,0.0,0.0,0.0,0.247306,0.274827,0.144293,0.0,0.080085,0.0,0.0,0.0,0.55019,0.0,0.0,0.761417,0.0,0.0,0.0,0.0,0.750958,0.0,0.400652,0.768871,0.601235,0.0,0.091379,0.0
11,0.0,0.0,0.0,0.0,0.034546,0.0,0.0,0.084008,0.0,0.450195,0.0,0.643326,0.293358,0.793016,0.0,0.434017,0.0,0.55667,0.0,0.0,0.181115,0.0,0.0,0.0,0.217447,0.38794,0.258793,0.0,0.267547,0.0,0.0,0.0,0.604471,0.0,0.0,0.711766,0.0,0.0,0.0,0.005256,0.705121,0.0,0.512125,0.635526,0.265355,0.0,0.134139,0.0
12,0.0,0.0,0.0,0.0,0.092499,0.023869,0.0,0.0,0.0,0.357497,0.0,0.914027,0.694068,0.991489,0.0,1.022072,0.0,0.255269,0.0,0.0,0.332629,0.0,0.0,0.0,0.0,0.722047,0.412291,0.0,0.676326,0.0,0.0,0.0,0.792966,0.0,0.028911,0.483021,0.0,0.0,0.0,0.240208,0.490834,0.0,0.275248,0.609164,0.0,0.0,0.147877,0.0
13,0.0,0.0,0.0,0.0,0.103978,0.0,0.0,0.0,0.0,0.099872,0.0,1.277477,0.7115,1.236641,0.0,0.847906,0.0,0.023972,0.0,0.0,0.278641,0.0,0.0,0.0,0.218887,0.770071,0.859396,0.0,0.890077,0.0,0.0,0.069575,1.11352,0.0,0.254899,0.366359,0.54104,0.0,0.040629,0.286845,0.342513,0.097772,0.097574,0.703123,0.054581,0.0,0.023326,0.0
14,0.0,0.0,0.0,0.0,0.205927,0.0,0.0,0.042851,0.0,0.155858,0.0,1.307183,0.335055,1.029621,0.0,0.554702,0.0,0.140071,0.0,0.418782,0.122091,0.0,0.0,0.0,0.135675,0.63025,0.796902,0.0,0.528318,0.0,0.0,0.0,1.421757,0.0,0.243642,0.215797,0.43227,0.0,0.0,0.290203,0.635559,0.010253,0.0,0.518848,0.051902,0.0,0.0,0.0
15,0.0,0.0,0.0,0.0,0.119249,0.0,0.0,0.212009,0.0,0.251056,0.0,1.368848,0.113655,0.99995,0.0,0.82044,0.190914,0.346136,0.0,0.164199,0.122104,0.0,0.0,0.0,0.260518,0.640644,0.603328,0.0,0.548248,0.0,0.0,0.0,1.134302,0.0,0.167479,0.125105,0.18248,0.0,0.002126,0.117899,0.874122,0.0,0.0,0.45732,0.0,0.0,0.096704,0.0
16,0.0,0.0,0.0,0.0,0.088989,0.0,0.0,0.199577,0.0,0.187207,0.0,1.516959,0.347002,1.153247,0.0,1.193895,0.185551,0.373332,0.0,0.0,0.102341,0.0,0.0,0.0,0.388753,0.917217,0.61163,0.0,1.026573,0.0,0.0,0.07583,1.105603,0.0,0.387677,0.020383,0.004417,0.0,0.0,0.056777,0.778663,0.0,0.0,0.399731,0.0,0.011109,0.253936,0.0
17,0.116428,0.0,0.0,0.0,0.048776,0.0,0.0,0.0,0.0,0.102386,0.0,1.68916,0.488685,1.100903,0.0,0.999742,0.0,0.237747,0.120334,0.0,0.0,0.0,0.0,0.0,0.275223,0.859959,0.587719,0.0,0.823434,0.0,0.0,0.029188,1.211555,0.0,0.570292,0.0,0.163402,0.0,0.0,0.193116,0.778024,0.175352,0.0,0.190756,0.0,0.146743,0.266085,0.0
18,0.121398,0.0,0.0,0.0,0.163776,0.16256,0.0,0.0,0.0,0.088333,0.235256,1.585202,0.606828,0.917384,0.0,1.021804,0.054722,0.04299,0.143527,0.0,0.02305,0.0,0.0,0.0,0.338116,1.025532,0.344025,0.0,0.576294,0.0,0.0,0.0,0.97746,0.0,0.460832,0.0,0.0,0.0,0.0,0.147393,1.073329,0.118624,0.0,0.298701,0.0,0.380527,0.554363,0.0
19,0.0,0.0,0.0,0.0,0.374547,0.0,0.0,0.0,0.0,0.06421,0.0,1.560675,0.709014,1.22187,0.0,1.212794,0.022828,0.263223,0.134758,0.0,0.089333,0.0,0.0,0.0,0.393827,0.773022,0.634012,0.0,0.912348,0.0,0.0,0.104404,1.157507,0.0,0.603713,0.016981,0.105061,0.0,0.0,0.399422,0.963178,0.191975,0.0,0.105279,0.0,0.297458,0.575671,0.0
20,0.0,0.0,0.0,0.0,0.600011,0.0,0.0,0.0,0.0,0.0,0.0,1.745094,0.85251,1.287565,0.0,1.035637,0.0,0.255596,0.059661,0.048591,0.284627,0.0,0.0,0.0,0.540963,0.728767,0.912055,0.0,1.087753,0.0,0.0,0.130683,1.239224,0.0,0.699416,0.157445,0.400127,0.0,0.0,0.734262,0.860316,0.306122,0.0,0.092889,0.0,0.387953,0.529545,0.0
21,0.0,0.0,0.0,0.0,0.817797,0.0,0.0,0.0,0.0,0.0,0.019013,1.880891,0.894159,1.158541,0.0,0.943083,0.0,0.088854,0.0,0.089984,0.563088,0.0,0.0,0.0,0.585131,0.737701,1.141315,0.0,0.969368,0.0,0.0,0.079605,1.146556,0.0,0.611696,0.259787,0.581928,0.0,0.0,0.9004,1.000208,0.259043,0.0,0.154015,0.0,0.346139,0.49436,0.0
22,0.0,0.0,0.0,0.0,0.859756,0.0,0.0,0.0,0.0,0.036457,0.0,1.790584,0.845925,1.409142,0.0,0.823706,0.0,0.274461,0.0,0.516457,0.470028,0.0,0.0,0.0,0.633528,0.637282,1.43671,0.0,1.147052,0.0,0.0,0.355963,1.469881,0.0,0.708149,0.357032,0.702269,0.0,0.0,1.095097,0.759765,0.33563,0.369438,0.051681,0.0,0.216748,0.280655,0.0
23,0.128165,0.0,0.0,0.0,0.566262,0.295678,0.0,0.0,0.0,0.15044,0.182166,1.753219,0.941481,1.265711,0.0,1.1778,0.0,0.055918,0.0,0.108647,0.558603,0.0,0.0,0.0,0.482339,0.749239,1.192481,0.0,0.864194,0.0,0.0,0.193453,1.140813,0.0,0.543371,0.101386,0.564047,0.0,0.0,0.806544,0.790327,0.363873,0.160075,0.09357,0.0,0.287993,0.488421,0.015727
24,0.163444,0.0,0.0,0.0,0.546938,0.093801,0.0,0.0,0.0,0.024407,0.0,1.84999,1.027707,1.183106,0.0,1.174292,0.0,0.130624,0.0,0.0,0.358156,0.0,0.0,0.0,0.349891,0.738129,0.912365,0.0,0.979603,0.0,0.0,0.108835,1.110148,0.0,0.585362,0.0,0.392665,0.0,0.0,0.700764,0.483191,0.455099,0.145733,0.0,0.0,0.161368,0.373474,0.0
25,0.030412,0.0,0.0,0.0,0.551443,0.0,0.0,0.0,0.0,0.0,0.0,1.404869,0.892959,1.182745,0.0,1.107905,0.0,0.108212,0.0,0.0,0.0,0.0,0.0,0.0,0.22145,0.663765,0.553839,0.0,0.748275,0.0,0.0,0.062549,0.684815,0.0,0.370561,0.0,0.016373,0.0,0.032819,0.702987,0.365307,0.484733,0.303819,0.0,0.0,0.123179,0.46942,0.0
26,0.0,0.0,0.0,0.0,0.466737,0.0,0.173014,0.0,0.0,0.027765,0.0,0.978339,1.00618,0.885033,0.0,1.260792,0.066585,0.230888,0.036539,0.0,0.0,0.0,0.0,0.0,0.21089,0.787736,0.225116,0.0,0.813088,0.0,0.0,0.08082,0.49995,0.0,0.15539,0.001303,0.0,0.0,0.037864,0.584336,0.329735,0.508001,0.482274,0.0,0.0,0.0,0.407561,0.0
27,0.0,0.0,0.0,0.203122,0.717587,0.0,0.278518,0.0,0.0,0.0,0.0,0.578776,0.853487,0.465712,0.0,1.034419,0.299397,0.077842,0.230161,0.0,0.0,0.068942,0.0,0.0,0.0,0.814159,0.0,0.0,0.344674,0.0,0.0,0.0,0.140424,0.0,0.0,0.113864,0.0,0.0,0.052132,0.240764,0.376711,0.341455,0.01996,0.044394,0.0,0.009802,0.283789,0.0
28,0.0,0.0,0.0,0.204088,0.564496,0.0,0.412446,0.0,0.0,0.041359,0.020602,0.353961,0.941572,0.291424,0.0,0.664412,0.319293,0.017393,0.230918,0.0,0.0,0.313475,0.0,0.0,0.232408,0.686711,0.0,0.0,0.042754,0.0,0.0,0.0,0.169359,0.0,0.0,0.2597,0.0,0.0,0.205838,0.22723,0.463066,0.481851,0.389082,0.0,0.165161,0.318595,0.414527,0.0
29,0.0,0.0,0.0,0.152646,0.499796,0.0,0.331674,0.0,0.0,0.202455,0.0,0.452848,0.766237,0.237006,0.0,0.550052,0.187957,0.134092,0.160496,0.0,0.0,0.435989,0.0,0.0,0.045146,0.643755,0.0,0.0,0.0,0.087146,0.0,0.0,0.0,0.0,0.0,0.284365,0.0,0.0,0.209963,0.259967,0.610719,0.289337,0.356611,0.141299,0.307549,0.311492,0.366159,0.0
30,0.0,0.0,0.0,0.176538,0.549163,0.0,0.422773,0.0,0.0,0.261198,0.0,0.40074,0.67737,0.176859,0.0,0.557527,0.394957,0.156303,0.351063,0.0,0.0,0.251849,0.0,0.0,0.177918,0.661507,0.0,0.0,0.0,0.0,0.0,0.0,0.0,0.0,0.0,0.327322,0.0,0.0,0.275077,0.155231,0.612362,0.068818,0.321278,0.015095,0.361954,0.327668,0.306219,0.0
31,0.0,0.0,0.0,0.0,0.428509,0.0,0.397699,0.0,0.0,0.2027,0.0,0.554257,0.826579,0.247887,0.0,0.814093,0.26751,0.0,0.113043,0.0,0.0,0.242018,0.0,0.0,0.23872,0.600523,0.0,0.0,0.044687,0.0,0.0,0.0,0.060796,0.0,0.0,0.198125,0.0,0.0,0.255115,0.355687,0.562998,0.162789,0.328624,0.057175,0.231794,0.381448,0.385437,0.0
32,0.0,0.0,0.0,0.0,0.42547,0.0,0.291997,0.0,0.0,0.323753,0.0,0.637939,0.784032,0.237597,0.0,1.060746,0.207419,0.060846,0.24465,0.0,0.0,0.056868,0.0,0.0,0.0,0.640417,0.0,0.0,0.094392,0.0,0.0,0.0,0.0,0.0,0.048772,0.058325,0.0,0.0,0.157421,0.322913,0.532337,0.0,0.211409,0.076157,0.0,0.111629,0.407039,0.0
33,0.0,0.0,0.0,0.0,0.40878,0.0,0.296853,0.0,0.0,0.382234,0.0,0.733301,0.677438,0.144373,0.0,0.875636,0.213842,0.097513,0.145922,0.0,0.0,0.032188,0.0,0.0,0.0,0.449442,0.0,0.0,0.0,0.0,0.0,0.0,0.044606,0.0,0.232743,0.0,0.0,0.0,0.019618,0.198919,0.68206,0.0,0.130309,0.269003,0.0,0.159945,0.350356,0.0
34,0.0,0.0,0.0,0.0,0.21305,0.0,0.147865,0.0,0.0,0.461536,0.0,0.765571,0.496019,0.178654,0.0,0.622099,0.111626,0.069239,0.141591,0.0,0.097867,0.0,0.0,0.0,0.02157,0.467572,0.010713,0.0,0.0,0.0,0.0,0.0,0.347874,0.0,0.230933,0.0,0.0,0.0,0.0,0.264728,0.829162,0.0,0.046127,0.513084,0.0,0.094996,0.29016,0.0
35,0.066031,0.0,0.0,0.0,0.111194,0.0,0.032453,0.0,0.0,0.579789,0.0,0.718429,0.667522,0.172543,0.0,0.418734,0.04918,0.225522,0.170346,0.002511,0.3209,0.0,0.0,0.0,0.045143,0.332922,0.244334,0.0,0.131833,0.062239,0.0,0.0,0.494252,0.0,0.316303,0.0,0.0,0.0,0.0,0.126632,0.881602,0.0,0.117931,0.803717,0.0,0.068891,0.08081,0.0
36,0.0,0.0,0.0,0.0,0.221648,0.0,0.0,0.0,0.0,0.647732,0.0,0.787303,0.587001,0.08092,0.0,0.22345,0.058557,0.272854,0.0,0.049087,0.582877,0.0,0.0,0.0,0.113648,0.064366,0.523532,0.0,0.08463,0.480564,0.0,0.0,0.407697,0.0,0.365383,0.204354,0.144922,0.0,0.0,0.402682,1.158081,0.0,0.409806,0.989687,0.0,0.0,0.0,0.0
37,0.0,0.0,0.0,0.0,0.064325,0.0,0.0,0.0,0.0,0.609267,0.0,0.745422,0.591819,0.250119,0.0,0.161027,0.0,0.334345,0.0,0.072167,0.724625,0.0,0.0,0.0,0.112303,0.210851,0.605096,0.0,0.227229,0.518489,0.0,0.0,0.418204,0.0,0.51978,0.36044,0.293072,0.0,0.0,0.314223,1.04864,0.0,0.242827,1.155352,0.0,0.113812,0.0,0.0
38,0.00523,0.0,0.0,0.0,0.060362,0.0,0.072165,0.0,0.0,0.647842,0.0,0.748089,0.423881,0.464011,0.0,0.0,0.0,0.579628,0.0,0.164262,0.762568,0.0,0.0,0.0,0.220803,0.092133,0.837278,0.0,0.308391,0.799534,0.0,0.0,0.336855,0.0,0.597776,0.662802,0.36445,0.0,0.0,0.499411,1.15921,0.0,0.605448,1.228613,0.0,0.065098,0.0,0.0
39,0.0,0.0,0.0,0.0,0.0,0.0,0.114061,0.0,0.0,1.123658,0.0,0.588989,0.326053,0.518886,0.0,0.287516,0.033382,0.691154,0.0,0.197599,0.832054,0.0,0.0,0.0,0.0,0.011052,0.725851,0.0,0.06781,0.808784,0.0,0.0,0.156548,0.0,0.514962,0.522418,0.239718,0.0,0.0,0.266959,1.35851,0.0,0.418665,1.410907,0.0,0.0,0.131165,0.0
40,0.0,0.0,0.0,0.0,0.088616,0.0,0.0,0.0,0.0,1.276983,0.0,0.796226,0.089694,0.384369,0.0,0.505143,0.329259,0.68863,0.0,0.0,0.957831,0.0,0.0,0.0,0.0,0.0,0.500269,0.0,0.113802,0.685928,0.0,0.0,0.102386,0.0,0.592491,0.506693,0.005607,0.0,0.0,0.499091,1.442138,0.0,0.264337,1.542006,0.0,0.0,0.296192,0.0
41,0.0,0.0,0.0,0.0,0.0,0.0,0.431276,0.0,0.0,1.442189,0.0,0.91521,0.307157,0.798137,0.0,0.309692,0.008604,0.607331,0.0,0.0,0.975214,0.0,0.0,0.0,0.0,0.0,0.994355,0.0,0.280889,0.825419,0.0,0.049715,0.40794,0.0,0.671551,0.515358,0.56827,0.0,0.0,0.568528,1.34593,0.0,0.54437,1.654703,0.0,0.0,0.111828,0.0
42,0.0,0.0,0.0,0.0,0.0,0.0,0.416376,0.0,0.0,1.452409,0.0,1.097556,0.120315,0.966547,0.0,0.444252,0.097903,0.680334,0.0,0.0,1.070132,0.0,0.0,0.0,0.0,0.067451,1.031195,0.0,0.668404,0.726628,0.0,0.101162,0.425775,0.0,0.710234,0.751605,0.520525,0.0,0.0,0.62675,1.321976,0.0,0.745624,1.825664,0.0,0.0,0.090797,0.0
43,0.0,0.0,0.0,0.0,0.0,0.0,0.493456,0.0,0.0,1.582293,0.0,0.971323,0.152347,1.372053,0.0,0.430881,0.0,0.878128,0.0,0.0,1.073742,0.0,0.0,0.0,0.0,0.057791,1.302678,0.0,0.765064,0.936035,0.0,0.428814,0.564349,0.0,0.705982,0.746131,0.636921,0.0,0.0,0.62138,1.32511,0.0,1.002218,1.744755,0.0,0.0,0.030517,0.0
44,0.0,0.0,0.0,0.0,0.0,0.111031,0.134623,0.0,0.0,1.416434,0.0,1.091684,0.241523,1.071611,0.0,0.560432,0.069741,0.517427,0.0,0.0,1.115115,0.0,0.0,0.0,0.0,0.111925,0.986787,0.0,0.491401,0.544762,0.0,0.12801,0.693533,0.0,0.658552,0.496905,0.596611,0.0,0.0,0.586043,1.123634,0.0,0.272213,1.840028,0.0,0.0,0.135882,0.0
45,0.0,0.0,0.0,0.0,0.208367,0.0,0.118252,0.0,0.0,1.276935,0.0,1.116371,0.245391,1.09946,0.0,0.353043,0.0,0.666482,0.0,0.257782,1.125761,0.0,0.0,0.0,0.0,0.0,1.346311,0.0,0.803802,0.893511,0.0,0.301775,0.95422,0.0,0.71175,0.640779,0.757115,0.0,0.0,0.618397,0.992768,0.0,0.635391,1.650734,0.0,0.0,0.0,0.0
46,0.0,0.0,0.0,0.0,0.261654,0.0,0.0,0.0,0.0,0.992942,0.0,1.037885,0.119188,1.11219,0.0,0.444795,0.0,0.644642,0.0,0.0,1.108483,0.0,0.0,0.0,0.0,0.126146,1.054337,0.0,0.928421,0.773739,0.0,0.132543,0.70199,0.0,0.639252,0.797547,0.4256,0.0,0.0,0.586335,0.876273,0.0,0.659752,1.554522,0.0,0.0,0.0,0.0
47,0.0,0.0,0.0,0.0,0.365234,0.016682,0.0,0.0,0.0,0.772903,0.0,0.9638,0.046232,0.988832,0.0,0.408868,0.0,0.655933,0.0,0.0,0.922791,0.0,0.0,0.0,0.0,0.023297,0.894227,0.0,0.884235,0.785185,0.0,0.0,0.78171,0.0,0.605409,0.706201,0.26385,0.0,0.0,0.498473,0.650679,0.0,0.550493,1.294927,0.0,0.0,0.0,0.0
48,0.0,0.0,0.0,0.0,0.573124,0.0,0.0,0.0,0.0,0.61086,0.0,0.906061,0.234752,1.238569,0.0,0.107267,0.0,0.685595,0.0,0.156744,1.04118,0.0,0.0,0.0,0.217179,0.1121,1.345342,0.0,0.896677,1.070619,0.0,0.311787,0.77832,0.0,0.525065,0.857841,0.341022,0.0,0.0,0.830959,0.634753,0.12691,1.013953,1.005666,0.0,0.0,0.0,0.0
49,0.070363,0.0,0.0,0.005125,0.698458,0.303566,0.0,0.0,0.0,0.405822,0.0,0.935691,0.596645,1.090702,0.0,0.059729,0.0,0.457167,0.0,0.45422,1.073789,0.0,0.0,0.0,0.171338,0.02687,1.428657,0.0,0.818856,1.054709,0.0,0.305187,0.974594,0.0,0.47388,0.574242,0.50457,0.0,0.0,0.890061,0.203118,0.397397,0.717119,0.906618,0.0,0.0,0.0,0.0
50,0.209791,0.0,0.0,0.0,0.666924,0.504096,0.0,0.0,0.0,0.318409,0.0,1.094309,0.706103,1.165577,0.0,0.28471,0.0,0.428652,0.0,0.168212,1.041991,0.0,0.0,0.0,0.291664,0.12427,1.464243,0.0,1.088314,0.903523,0.0,0.295619,0.931031,0.0,0.544263,0.363379,0.498799,0.0,0.0,0.765321,0.0,0.472037,0.97022,0.631057,0.0,0.0,0.0,0.0
51,0.183376,0.0,0.0,0.0,0.942858,0.449713,0.0,0.0,0.0,0.12416,0.0,1.238267,0.922378,1.311132,0.0,0.045366,0.0,0.469428,0.0,0.227625,0.907846,0.0,0.0,0.0,0.408888,0.324824,1.679362,0.0,1.447261,0.870678,0.0,0.515752,1.169815,0.0,0.643138,0.341368,0.572244,0.0,0.0,1.127705,0.0,0.596211,1.187203,0.375282,0.0,0.0,0.0,0.0
52,0.116465,0.0,0.0,0.0,0.893245,0.534859,0.0,0.0,0.0,0.186545,0.0,1.117781,0.918374,1.401742,0.0,0.607117,0.0,0.591408,0.0,0.06927,0.805435,0.0,0.0,0.0,0.229176,0.308552,1.524588,0.0,1.379912,0.77209,0.0,0.379798,1.013217,0.0,0.442206,0.075854,0.040349,0.0,0.0,0.97902,0.0,0.523625,1.163665,0.0,0.0,0.0,0.0,0.0
53,0.36242,0.0,0.0,0.0,0.680507,0.709681,0.0,0.0,0.0,0.07925,0.0,1.260575,1.114709,1.255174,0.0,0.546715,0.0,0.340809,0.0,0.180338,0.735819,0.0,0.0,0.0,0.093634,0.330127,1.431443,0.0,1.14306,0.384465,0.0,0.306344,0.947253,0.0,0.264547,0.0,0.200426,0.0,0.0,0.860071,0.0,0.707348,0.720422,0.0,0.0,0.0,0.05615,0.0
54,0.532161,0.0,0.0,0.042787,0.804878,0.614354,0.0,0.0,0.0,0.0,0.0,1.194459,0.99239,1.099538,0.0,0.658604,0.0,0.199368,0.0,0.032742,0.395964,0.0,0.0,0.0,0.198269,0.491458,1.193037,0.0,1.021096,0.195158,0.0,0.162993,0.803261,0.0,0.177255,0.0,0.0,0.0,0.0,0.826398,0.0,0.748,0.621674,0.0,0.0,0.0,0.2266,0.0
55,0.711228,0.0,0.0,0.077603,0.879845,0.578782,0.0,0.0,0.0,0.0,0.0,1.00948,1.069401,1.051568,0.0,0.73726,0.0,0.223474,0.0,0.0,0.177625,0.0,0.0,0.0,0.417646,0.744401,1.12749,0.0,1.17592,0.0,0.0,0.267597,0.851132,0.0,0.140788,0.0,0.0,0.0,0.0,0.704314,0.0,0.910827,0.522135,0.0,0.0,0.0,0.352566,0.0
56,0.809437,0.0,0.0,0.333041,1.101293,0.4696,0.0,0.0,0.0,0.0,0.0,1.177536,0.916681,0.819506,0.0,0.526113,0.0,0.104254,0.0,0.097768,0.110546,0.0,0.0,0.0,0.330756,0.668056,1.226864,0.0,1.101229,0.0,0.0,0.032265,0.906057,0.0,0.0,0.0,0.0,0.0,0.0,0.730788,0.0,0.903773,0.284892,0.0,0.0,0.0,0.01424,0.0
57,0.782752,0.0,0.0,0.264709,0.753241,0.609518,0.0,0.0,0.0,0.0,0.0,0.943056,1.015337,1.01849,0.0,0.780349,0.0,0.370633,0.0,0.0,0.077471,0.0,0.0,0.0,0.447212,1.004499,1.15064,0.0,1.238169,0.0,0.0,0.330709,0.69824,0.0,0.0,0.0,0.0,0.0,0.0,0.722378,0.0,0.985456,0.31798,0.0,0.0,0.0,0.279796,0.0
58,0.815718,0.0,0.0,0.278121,0.451396,0.698619,0.0,0.0,0.0,0.0,0.0,1.167327,0.989078,1.03808,0.0,0.676443,0.0,0.375177,0.0,0.191867,0.15531,0.0,0.0,0.0,0.379438,1.151103,1.559889,0.0,1.348737,0.0,0.0,0.653416,0.789176,0.0,0.0,0.0,0.0,0.0,0.0,0.766053,0.0,0.995281,0.587426,0.0,0.0,0.0,0.180602,0.107405
59,1.008097,0.0,0.0,0.545462,0.673626,0.556659,0.0,0.0,0.0,0.0,0.0,1.001766,0.99178,0.743202,0.0,0.533565,0.0,0.362196,0.0,0.168306,0.186879,0.0,0.0,0.0,0.298756,0.78598,1.415959,0.0,1.292747,0.0,0.0,0.240135,0.797064,0.0,0.0,0.0,0.0,0.0,0.0,0.428297,0.0,1.043885,0.35684,0.0,0.0,0.0,0.15113,0.0
60,0.946522,0.0,0.0,0.621435,0.62933,0.600028,0.0,0.0,0.0,0.083274,0.0,0.633673,0.996487,0.709481,0.0,0.561596,0.0,0.460146,0.0,0.178239,0.429451,0.0,0.0,0.0,0.077483,0.652238,1.4088,0.0,1.222794,0.0,0.0,0.097702,0.520141,0.0,0.0,0.07182,0.0,0.0,0.0,0.055693,0.0,1.057636,0.30134,0.0,0.0,0.0,0.334618,0.0
61,1.050843,0.0,0.018808,0.351449,0.341858,0.696332,0.0,0.0,0.0,0.591292,0.082881,0.861208,0.812478,0.773518,0.0,0.389336,0.0,0.632137,0.0,0.646722,0.482009,0.0,0.0,0.0,0.002328,0.586156,1.683433,0.0,1.151388,0.0,0.0,0.482451,0.654138,0.0,0.071757,0.196541,0.0,0.0,0.0,0.346613,0.0,0.899837,0.82335,0.0,0.0,0.0,0.166422,0.0
62,0.896461,0.0,0.0,0.124427,0.42732,0.43919,0.0,0.0,0.0,0.88092,0.0,1.001031,0.665575,1.205748,0.0,0.227372,0.0,0.984399,0.0,0.751609,0.695116,0.0,0.0,0.0,0.0,0.496584,2.024984,0.0,1.687738,0.178341,0.0,1.042828,0.92606,0.0,0.310081,0.230841,0.021333,0.0,0.0,0.667158,0.0,0.81244,1.295848,0.317304,0.0,0.0,0.0,0.0
63,0.880826,0.0,0.0,0.125294,0.197697,0.435183,0.0,0.0,0.0,1.240298,0.0,0.813562,0.667387,1.273012,0.0,0.594946,0.0,1.168528,0.0,0.736552,0.778378,0.0,0.0,0.0,0.0,0.173022,1.9045,0.0,1.522739,0.165876,0.0,0.90104,0.873923,0.0,0.436555,0.246975,0.0,0.0,0.0,0.495649,0.0,0.684314,1.297592,0.387066,0.0,0.0,0.0,0.0
64,0.586839,0.0,0.0,0.0,0.392383,0.134659,0.110903,0.0,0.0,1.27882,0.0,0.867121,0.352544,1.488752,0.0,0.331574,0.0,1.110594,0.0,0.635512,0.888231,0.0,0.0,0.0,0.0,0.107552,2.222973,0.0,1.69253,0.378465,0.0,1.297554,0.867601,0.0,0.508729,0.283013,0.289052,0.0,0.0,0.73162,0.0,0.661013,1.57886,0.756929,0.0,0.0,0.0,0.0
65,0.473649,0.0,0.0,0.0,0.222089,0.043069,0.261954,0.0,0.0,1.585522,0.0,0.799652,0.239845,1.649899,0.0,0.492722,0.0,1.311907,0.0,0.358084,0.588063,0.0,0.0,0.0,0.0,0.212294,1.767638,0.0,1.461834,0.282732,0.0,1.174113,1.069291,0.0,0.368842,0.467153,0.0,0.0,0.0,0.550087,0.117505,0.510721,1.518791,0.732172,0.0,0.0,0.0,0.0
66,0.274718,0.0,0.0,0.0,0.002426,0.129937,0.410265,0.0,0.0,1.606293,0.0,0.985482,0.171578,1.498529,0.0,0.781562,0.0,0.826905,0.0,0.0,0.520267,0.0,0.0,0.0,0.0,0.348531,1.319644,0.0,0.988504,0.0,0.0,0.772613,0.720759,0.0,0.138785,0.309008,0.0,0.0,0.0,0.346444,0.313038,0.417191,1.009273,0.955136,0.0,0.0,0.093423,0.0
67,0.0,0.0,0.0,0.0,0.119442,0.0,0.711446,0.0,0.0,1.509282,0.0,0.699822,0.369483,1.494741,0.0,0.745466,0.004147,0.924875,0.0,0.0,0.168451,0.0,0.0,0.0,0.0,0.471764,0.968987,0.0,0.838929,0.0,0.0,0.599098,0.638261,0.0,0.233265,0.468649,0.0,0.0,0.0,0.552572,0.734687,0.360432,1.10102,0.789055,0.0,0.0,0.380303,0.0
68,0.0,0.0,0.0,0.0,0.068105,0.0,0.99831,0.0,0.0,1.597853,0.0,0.791828,0.400501,1.532778,0.0,0.930207,0.209591,0.986079,0.0,0.0,0.230271,0.0,0.0,0.0,0.0,0.686121,0.867442,0.0,0.807657,0.0,0.0,0.677732,0.511499,0.0,0.07534,0.333606,0.0,0.0,0.0,0.6558,1.072866,0.144336,1.175405,0.684267,0.0,0.0,0.471032,0.0
69,0.0,0.0,0.0,0.0,0.1614,0.0,0.879656,0.0,0.0,1.624151,0.0,0.991395,0.60216,1.263353,0.0,0.930982,0.378512,0.73689,0.0,0.0,0.093374,0.0,0.0,0.0,0.0,0.752894,0.443792,0.0,0.639208,0.0,0.0,0.486057,0.58415,0.0,0.210764,0.216044,0.0,0.0,0.0,0.66414,0.977101,0.177244,0.885307,0.566623,0.0,0.0,0.659688,0.0
70,0.0,0.0,0.0,0.0,0.197281,0.0,0.890607,0.0,0.0,1.321554,0.0,0.925578,0.714041,1.057618,0.0,1.13694,0.270408,0.571636,0.0,0.0,0.050517,0.0,0.0,0.0,0.0,0.820852,0.113263,0.0,0.460445,0.0,0.0,0.323689,0.341517,0.0,0.296327,0.219539,0.0,0.0,0.0,0.915702,0.917516,0.245076,0.782646,0.374372,0.0,0.0,0.96039,0.0
71,0.0,0.0,0.0,0.0,0.243844,0.0,0.904274,0.0,0.0,1.300863,0.0,1.06196,0.712021,1.154758,0.0,1.013184,0.039021,0.469637,0.0,0.0,0.075428,0.0,0.0,0.0,0.0,0.545507,0.282233,0.0,0.49997,0.0,0.0,0.333793,0.318906,0.0,0.451811,0.0,0.0,0.0,0.0,1.006725,0.987542,0.329529,0.87725,0.408725,0.0,0.0,0.871432,0.0
72,0.0,0.0,0.0,0.0,0.318484,0.0,0.892299,0.0,0.0,1.224036,0.066281,0.902462,0.803664,1.078853,0.0,0.957062,0.033776,0.407296,0.0,0.0,0.147744,0.0,0.0,0.0,0.0,0.446173,0.46414,0.0,0.321998,0.025062,0.0,0.353782,0.245188,0.0,0.37132,0.0,0.0,0.0,0.0,1.171518,1.199046,0.310266,0.952734,0.189781,0.0,0.0,0.911563,0.0
73,0.0,0.0,0.0,0.0,0.385064,0.0,0.841661,0.0,0.0,1.016864,0.101748,1.036,0.67951,0.839046,0.0,0.788711,0.143643,0.219126,0.0,0.0,0.102498,0.0,0.0,0.0,0.0,0.431895,0.1884,0.0,0.16739,0.0,0.0,0.044937,0.112354,0.0,0.360446,0.0,0.0,0.0,0.0,1.193727,1.15147,0.307611,0.708624,0.248665,0.0,0.0,0.85698,0.0
74,0.0,0.0,0.19345,0.0,0.578019,0.0,0.786162,0.0,0.0,0.756482,0.117219,0.726121,0.571769,0.534457,0.0,0.677371,0.476982,0.166014,0.0,0.0,0.043745,0.0,0.0,0.0,0.020135,0.462947,0.0,0.0,0.0,0.0,0.0,0.0,0.034443,0.0,0.207271,0.060034,0.0,0.0,0.0,1.06829,1.189619,0.234,0.522748,0.162847,0.0,0.098893,0.928668,0.0
75,0.019423,0.0,0.034953,0.0,0.543102,0.0,0.716846,0.0,0.0,0.632186,0.094025,0.593563,0.669907,0.348568,0.0,0.537545,0.674726,0.0,0.095971,0.0,0.004117,0.0,0.0,0.0,0.054293,0.59767,0.0,0.0,0.017358,0.0,0.0,0.0,0.11763,0.0,0.220332,0.132375,0.0,0.0,0.0,0.815238,1.015252,0.249799,0.40278,0.151266,0.0,0.358731,0.95997,0.0
76,0.0,0.0,0.019343,0.0,0.481146,0.0,0.584078,0.0,0.0,0.468433,0.0,0.320904,0.649174,0.445518,0.0,0.540814,0.601642,0.02723,0.048881,0.0,0.025358,0.0,0.0,0.0,0.166002,0.471221,0.046462,0.0,0.0,0.0,0.0,0.0,0.025818,0.0,0.178911,0.251332,0.0,0.0,0.0,0.765384,0.903279,0.311386,0.484962,0.152153,0.0,0.381817,0.906283,0.0
77,0.0,0.0,0.0,0.0,0.387629,0.0,0.377825,0.0,0.0,0.530935,0.0,0.354605,0.665698,0.578455,0.0,0.4112,0.298141,0.246108,0.0,0.035751,0.229709,0.0,0.0,0.0,0.147534,0.243445,0.375769,0.0,0.259017,0.165074,0.0,0.009298,0.362504,0.0,0.221423,0.212217,0.0,0.0,0.0,0.761523,0.592259,0.456019,0.677262,0.214709,0.0,0.16736,0.515043,0.0
78,0.0,0.0,0.0,0.0,0.612265,0.0,0.197672,0.0,0.0,0.390266,0.0,0.469508,0.573663,0.408098,0.0,0.183899,0.0,0.327201,0.0,0.141363,0.284571,0.0,0.0,0.0,0.054698,0.131099,0.335377,0.0,0.103382,0.506098,0.0,0.0,0.323161,0.0,0.172258,0.219736,0.0,0.0,0.0,0.82611,0.656946,0.281198,0.56299,0.33313,0.0,0.011302,0.365427,0.0
79,0.0,0.0,0.0,0.0,0.707764,0.0,0.176803,0.0,0.0,0.218936,0.0,0.553814,0.635345,0.244875,0.019731,0.081828,0.0,0.081586,0.0,0.0,0.340398,0.0,0.0,0.0,0.147112,0.061529,0.382937,0.0,0.023332,0.598905,0.0,0.0,0.302475,0.0,0.154802,0.295274,0.02995,0.0,0.0,0.976456,0.626977,0.145131,0.550761,0.330017,0.0,0.0,0.236651,0.0
80,0.0,0.0,0.0,0.0,0.39368,0.0,0.140017,0.0,0.0,0.307603,0.0,0.419758,0.665316,0.357419,0.0,0.301772,0.0,0.246373,0.0,0.0,0.298331,0.0,0.0,0.0,0.106368,0.191769,0.168727,0.0,0.0,0.768482,0.0,0.0,0.19476,0.0,0.174877,0.116392,0.0,0.0,0.0,0.658938,0.747536,0.017961,0.737188,0.111766,0.0,0.084063,0.398765,0.0
81,0.0,0.0,0.0,0.0,0.44802,0.24202,0.071531,0.0,0.0,0.309991,0.0,0.140994,0.774174,0.216987,0.0,0.459769,0.113322,0.079104,0.06806,0.0,0.323906,0.0,0.0,0.0,0.0,0.344483,0.0,0.0,0.0,0.685864,0.0,0.0,0.045278,0.0,0.174092,0.052819,0.0,0.0,0.0,0.44803,0.792696,0.0,0.433427,0.255689,0.0,0.078845,0.49612,0.0
82,0.0,0.0,0.0,0.0,0.603231,0.0,0.061776,0.0,0.0,0.059356,0.0,0.501896,0.984852,0.205152,0.024899,0.351068,0.071445,0.0,0.0,0.0,0.204787,0.0,0.0,0.0,0.041262,0.203327,0.046264,0.0,0.0,0.546507,0.0,0.0,0.357397,0.0,0.237429,0.0,0.0,0.0,0.034562,0.650192,0.483277,0.0,0.569582,0.0,0.0,0.285361,0.275288,0.0
83,0.0,0.0,0.0,0.0,0.481922,0.0,0.078137,0.0,0.0,0.123369,0.0,0.390687,0.785746,0.374513,0.0,0.370456,0.0,0.050205,0.000864,0.0,0.176088,0.0,0.0,0.0,0.051714,0.322016,0.007298,0.0,0.0,0.648013,0.0,0.0,0.209691,0.0,0.238222,0.086756,0.0,0.0,0.078629,0.605769,0.575255,0.0,0.703422,0.0,0.0,0.269049,0.41128,0.0
84,0.0,0.0,0.0,0.0,0.522777,0.022644,0.0,0.0,0.0,0.002023,0.0,0.397619,0.780698,0.220353,0.016867,0.298668,0.0,0.1898,0.015611,0.0,0.246865,0.0,0.0,0.0,0.154613,0.26908,0.044057,0.0,0.077182,0.616298,0.0,0.0,0.306777,0.0,0.301321,0.054864,0.0,0.0,0.0,0.564262,0.520485,0.078595,0.642462,0.0,0.0,0.206051,0.37051,0.0
85,0.0,0.0,0.0,0.0,0.572763,0.042133,0.0,0.0,0.0,0.0,0.0,0.452674,0.79768,0.348523,0.186686,0.29688,0.0,0.017833,0.037097,0.0,0.322129,0.0,0.0,0.0,0.153271,0.310413,0.212503,0.0,0.026117,0.492312,0.0,0.0,0.312692,0.0,0.28346,0.148416,0.0,0.0,0.0,0.72859,0.65412,0.120291,0.339616,0.0,0.0,0.313117,0.380703,0.0
86,0.0,0.0,0.0,0.0,0.696203,0.0,0.0,0.0,0.0,0.050317,0.0,0.626342,0.68989,0.505366,0.025446,0.336834,0.0,0.065942,0.157467,0.135951,0.480599,0.0,0.0,0.0,0.259768,0.202723,0.455219,0.0,0.288243,0.263396,0.0,0.0,0.433777,0.0,0.321405,0.282598,0.150843,0.0,0.0,0.849212,0.623455,0.127787,0.30147,0.061589,0.0,0.296061,0.29195,0.0
87,0.071889,0.0,0.0,0.0,0.831552,0.0,0.0,0.0,0.0,0.0,0.0,0.689775,0.804619,0.435395,0.037493,0.188275,0.0,0.0,0.201371,0.186914,0.555646,0.0,0.0,0.0,0.502663,0.348997,0.646747,0.0,0.316512,0.146806,0.0,0.0,0.488012,0.0,0.265265,0.423693,0.335739,0.0,0.0,1.023438,0.778225,0.216369,0.0,0.125613,0.0,0.491519,0.391549,0.0
88,0.136144,0.0,0.0,0.0,0.699114,0.0,0.0,0.0,0.0,0.0,0.0,0.367833,0.796175,0.607367,0.096192,0.379264,0.146928,0.01536,0.290209,0.305166,0.516579,0.0,0.0,0.0,0.571252,0.46664,0.659619,0.0,0.390785,0.200531,0.0,0.0,0.4406,0.0,0.471208,0.547982,0.041598,0.0,0.0,0.827683,0.91367,0.386389,0.095562,0.064041,0.0,0.689392,0.593267,0.0
89,0.143393,0.0,0.0,0.0,0.831455,0.0,0.0,0.0,0.0,0.0,0.010777,0.510309,0.742072,0.511309,0.191106,0.201787,0.0,0.0,0.201178,0.288352,0.451894,0.0,0.0,0.0,0.683844,0.630743,0.690299,0.0,0.380237,0.237783,0.0,0.0,0.432697,0.0,0.296898,0.677845,0.064697,0.0,0.0,0.943229,1.026363,0.338229,0.0,0.153015,0.0,0.591479,0.593,0.0
90,0.088162,0.0,0.0,0.0,0.750811,0.0,0.0,0.0,0.0,0.0,0.088195,0.820285,0.792895,0.809935,0.206389,0.339866,0.0,0.0,0.345151,0.281819,0.493493,0.0,0.0,0.0,0.591646,0.465447,0.777643,0.0,0.426473,0.0,0.0,0.110049,0.65546,0.0,0.187223,0.542534,0.502976,0.0,0.0,1.21537,0.728857,0.399799,0.0,0.242689,0.0,0.564939,0.47485,0.0
91,0.0,0.0,0.0,0.0,0.877393,0.0,0.0,0.0,0.0,0.024283,0.0,0.709798,0.633907,0.913036,0.004293,0.303905,0.0,0.217371,0.112822,0.182038,0.228088,0.0,0.0,0.0,0.579377,0.526426,0.628806,0.0,0.558049,0.0,0.0,0.07318,0.693392,0.0,0.243929,0.622812,0.145581,0.0,0.0,1.081832,0.732767,0.247815,0.143934,0.051417,0.0,0.320765,0.361525,0.0
92,0.0,0.0,0.0,0.0,0.794538,0.0,0.0,0.0,0.0,0.022655,0.0,0.72229,0.6934,0.727683,0.0,0.649143,0.164287,0.139729,0.093546,0.0,0.126845,0.0,0.0,0.0,0.433815,0.537564,0.194171,0.0,0.488367,0.0,0.0,0.0,0.67057,0.0,0.208576,0.277656,0.0,0.0,0.0,0.82026,0.6653,0.126801,0.09069,0.0,0.0,0.19405,0.410348,0.0
93,0.0,0.0,0.0,0.0,0.609316,0.016056,0.08587,0.0,0.0,0.017552,0.0,0.494789,0.837363,0.467848,0.082203,0.844358,0.382436,0.0,0.010378,0.0,0.0,0.0,0.0,0.0,0.342554,0.709351,0.0,0.0,0.158201,0.0,0.0,0.0,0.173022,0.0,0.150152,0.205033,0.0,0.0,0.107749,0.704683,0.739614,0.091339,0.030706,0.107083,0.0,0.385206,0.634965,0.0
94,0.0,0.0,0.0,0.0,0.523851,0.0,0.163302,0.0,0.0,0.147339,0.0,0.557006,0.708027,0.432089,0.201767,0.515552,0.272628,0.070277,0.0,0.0,0.0,0.0,0.0,0.0,0.313875,0.540739,0.0,0.0,0.0,0.0,0.0,0.0,0.215846,0.0,0.091878,0.289325,0.0,0.0,0.265031,0.755812,0.862941,0.088666,0.212357,0.12642,0.135907,0.290997,0.6204,0.0
95,0.0,0.0,0.0,0.0,0.422354,0.0,0.312795,0.0,0.0,0.34508,0.0,0.574748,0.750663,0.432716,0.33738,0.675618,0.18502,0.108945,0.0,0.0,0.0,0.0,0.0,0.0,0.078389,0.5109,0.0,0.0,0.0,0.0,0.0,0.0,0.01547,0.0,0.103248,0.235045,0.0,0.0,0.200751,0.839731,0.938,0.016401,0.330997,0.122393,0.065716,0.245467,0.570043,0.0
96,0.0,0.0,0.0,0.0,0.389104,0.0,0.29697,0.0,0.0,0.467833,0.0,0.488701,0.452056,0.310934,0.188754,0.465662,0.303842,0.391951,0.0,0.0,0.0,0.018159,0.0,0.0,0.176736,0.526498,0.0,0.0,0.0,0.0,0.0,0.0,0.0,0.0,0.0,0.34215,0.0,0.0,0.319792,0.557806,1.117267,0.0,0.404021,0.120385,0.230079,0.24969,0.658171,0.0
97,0.0,0.0,0.0,0.0,0.454989,0.0,0.388673,0.0,0.0,0.484053,0.0,0.395412,0.531292,0.204419,0.08471,0.595502,0.550938,0.314339,0.0,0.0,0.0,0.234644,0.0,0.0,0.07586,0.761645,0.0,0.0,0.0,0.0,0.0,0.0,0.0,0.0,0.0,0.406684,0.0,0.0,0.203114,0.279804,1.073774,0.0,0.223421,0.281555,0.518048,0.310814,0.63765,0.0
98,0.0,0.056933,0.0,0.0,0.248174,0.0,0.499318,0.0,0.0,0.496804,0.0,0.504568,0.635615,0.43058,0.191176,0.671812,0.236361,0.366289,0.0,0.0,0.0,0.169916,0.0,0.0,0.185569,0.675702,0.0,0.0,0.0,0.0,0.0,0.0,0.0,0.0,0.0,0.439908,0.0,0.0,0.21811,0.408457,0.928718,0.039023,0.519992,0.223269,0.465097,0.381162,0.669857,0.0
99,0.0,0.0,0.0,0.0,0.201651,0.0,0.532915,0.0,0.0,0.565001,0.0,0.461068,0.811817,0.444221,0.171148,0.716412,0.416328,0.372902,0.0,0.0,0.0,0.083521,0.0,0.0,0.267483,0.791614,0.0,0.0,0.075315,0.0,0.0,0.064465,0.063032,0.0,0.0,0.539574,0.0,0.0,0.213517,0.421463,0.877186,0.122772,0.592265,0.117042,0.571472,0.268156,0.655741,0.0
100,0.0,0.0,0.0,0.0,0.240987,0.0,0.480557,0.0,0.0,0.468473,0.0,0.586763,0.762194,0.370952,0.0,0.854028,0.472127,0.390075,0.0,0.0,0.0,0.044274,0.0,0.0,0.203358,0.87239,0.0,0.0,0.25819,0.0,0.0,0.069787,0.119641,0.0,0.0,0.396316,0.0,0.0,0.213412,0.25609,0.714117,0.144819,0.393962,0.047747,0.394423,0.118798,0.592802,0.0
101,0.0,0.0,0.0,0.0,0.255527,0.0,0.490791,0.0,0.0,0.608297,0.0,0.506319,0.511203,0.425834,0.0,0.708297,0.411983,0.514956,0.0,0.0,0.0,0.254766,0.0,0.0,0.12652,0.843602,0.0,0.0,0.0,0.0,0.0,0.105208,0.0,0.0,0.0,0.568925,0.0,0.0,0.198432,0.168268,0.815112,0.086489,0.38429,0.124348,0.433408,0.186663,0.721607,0.0
102,0.0,0.0,0.0,0.0,0.07745,0.0,0.430205,0.0,0.0,0.588511,0.019987,0.618869,0.586023,0.634625,0.0,0.659345,0.308126,0.417724,0.0,0.0,0.0,0.192354,0.0,0.0,0.126286,0.846596,0.081285,0.0,0.210361,0.0,0.0,0.155948,0.258749,0.0,0.0,0.317069,0.0,0.0,0.145251,0.235762,0.837689,0.282674,0.447085,0.052662,0.340886,0.141404,0.664026,0.0
103,0.0,0.0,0.0,0.0,0.009486,0.0,0.516813,0.0,0.0,0.770279,0.0,0.826647,0.700682,0.640445,0.0,0.93123,0.090589,0.542923,0.0,0.0,0.0,0.01987,0.0,0.0,0.0,0.982303,0.129446,0.0,0.582966,0.0,0.0,0.151919,0.368531,0.0,0.172255,0.0,0.0,0.0,0.0,0.276508,0.752501,0.329798,0.437377,0.041688,0.0,0.0,0.503941,0.0
104,0.0,0.0,0.057508,0.0,0.219578,0.0,0.298228,0.0,0.0,0.735002,0.0,0.692117,0.160597,0.510951,0.0,0.535996,0.24666,0.452437,0.0,0.0,0.000157,0.246714,0.0,0.0,0.034578,0.742617,0.176868,0.0,0.108271,0.0,0.0,0.0,0.102529,0.0,0.068938,0.155059,0.0,0.0,0.0,0.203459,0.824159,0.224036,0.336557,0.290993,0.219381,0.146268,0.542081,0.0
105,0.356665,0.0,0.045977,0.0,0.0,0.038037,0.30504,0.008948,0.0,0.743975,0.0,0.839334,0.473315,0.772865,0.0,0.536618,0.0,0.498704,0.0,0.0,0.0,0.116543,0.0,0.0,0.117074,0.801537,0.639041,0.0,0.569575,0.0,0.0,0.245607,0.360401,0.0,0.315145,0.0,0.0,0.0,0.0,0.174938,0.443445,0.638236,0.655212,0.228582,0.010238,0.149404,0.430408,0.136997
106,0.089623,0.0,0.290038,0.0,0.071071,0.0,0.225901,0.0,0.0,0.707981,0.0,0.346311,0.325926,0.500455,0.0,0.338419,0.0,0.488378,0.0,0.117826,0.107442,0.267876,0.0,0.0,0.0,0.651875,0.510521,0.0,0.297876,0.0,0.0,0.058993,0.031455,0.0,6e-05,0.156509,0.0,0.0,0.0,0.062932,0.607678,0.52598,0.649926,0.411646,0.233828,0.155643,0.56975,0.0
107,0.074556,0.0,0.223781,0.215236,0.0,0.0,0.261596,0.0,0.0,0.670052,0.0,0.032072,0.712492,0.379697,0.0,0.273389,0.018791,0.527095,0.0,0.253252,0.077561,0.143854,0.0,0.0,0.0,0.710628,0.606844,0.0,0.44818,0.0,0.0,0.005141,0.026376,0.0,0.0,0.388338,0.0,0.0,0.0,0.0,0.425118,0.66258,0.942733,0.283197,0.340359,0.158441,0.604907,0.0
108,0.194968,0.0,0.123,0.562735,0.0,0.0,0.407732,0.0,0.0,0.765301,0.0,0.0,1.038849,0.224072,0.0,0.236358,0.216273,0.489561,0.141569,0.143138,0.066386,0.096813,0.0,0.0,0.0,0.809968,0.613222,0.0,0.462366,0.0,0.0,0.0,0.079534,0.0,0.0,0.705733,0.0,0.0,0.0,0.0,0.362324,0.699264,1.022685,0.219197,0.442215,0.126592,0.579614,0.0
109,0.105383,0.0,0.0,0.618397,0.0,0.0,0.360818,0.0,0.0,0.915531,0.0,0.0,1.032788,0.038895,0.0,0.033916,0.283453,0.481575,0.296801,0.275885,0.008845,0.183918,0.0456,0.0,0.0,0.742891,0.480344,0.0,0.161059,0.0,0.0,0.0,0.0,0.0,0.0,0.886059,0.0,0.0,0.0,0.0,0.453961,0.491154,1.003082,0.442822,0.593958,0.152769,0.468383,0.0
110,0.323418,0.0,0.0,0.590106,0.095586,0.0,0.087492,0.0,0.0,0.950269,0.0,0.0,0.917499,0.031883,0.0,0.0,0.307175,0.393488,0.342556,0.282531,0.0,0.159869,0.037831,0.0,0.0,0.466613,0.378368,0.0,0.0,0.0,0.0,0.0,0.0,0.0,0.0,0.778999,0.0,0.0,0.0,0.0,0.423328,0.434476,0.856168,0.769319,0.723406,0.2528,0.236701,0.007062
111,0.530315,0.0,0.0,0.467719,0.0,0.0,0.092701,0.016909,0.0,1.097862,0.0,0.0,0.869929,0.222078,0.0,0.0,0.188894,0.578493,0.363065,0.276915,0.0,0.106392,0.0,0.0,0.021328,0.380415,0.224245,0.0,0.0,0.0,0.0,0.0,0.059371,0.0,0.0,0.779383,0.0,0.0,0.0,0.0,0.730895,0.244539,0.912544,0.791503,0.814927,0.222376,0.0,0.241104
112,0.591264,0.0,0.0,0.348919,0.0,0.0,0.033087,0.154236,0.0,1.143088,0.0,0.0,0.776344,0.425459,0.0,0.0,0.120529,0.834956,0.340589,0.33538,0.0,0.035499,0.0,0.0,0.13691,0.24778,0.041367,0.0,0.0,0.0,0.0,0.0,0.0,0.0,0.0,0.83736,0.0,0.0,0.0,0.0,0.868683,0.026295,0.895789,0.837783,0.880942,0.138521,0.0,0.328092
113,0.534367,0.0,0.0,0.460235,0.0,0.0,0.028082,0.139149,0.0,1.303351,0.0,0.0,0.687063,0.281349,0.0,0.0,0.17959,0.787392,0.307926,0.20013,0.0,0.0,0.0,0.0,0.197508,0.0,0.101157,0.0,0.0,0.0,0.0,0.0,0.0,0.0,0.0,0.733855,0.0,0.0,0.0,0.0,1.038316,0.0,0.906563,1.137209,0.765504,0.078626,0.0,0.271831
114,0.519642,0.0,0.0,0.42547,0.0,0.0,0.057372,0.013748,0.0,1.441532,0.0,0.0,0.830572,0.2758,0.0,0.0,0.063286,0.779137,0.434848,0.115949,0.054974,0.0,0.049661,0.0,0.185114,0.0,0.122963,0.0,0.0,0.0,0.0,0.0,0.0,0.0,0.0,0.534817,0.0,0.0,0.0,0.0,0.98521,0.0,0.842433,1.112591,0.592896,0.104447,0.0,0.2129
115,0.647624,0.0,0.0,0.31105,0.0,0.0,0.100027,0.0,0.0,1.141057,0.0,0.0,0.680248,0.114234,0.0,0.0,0.124035,0.644187,0.234145,0.09085,0.269318,0.0,0.0,0.0,0.232784,0.0,0.225724,0.0,0.0,0.0,0.0,0.0,0.0,0.0,0.0,0.325272,0.0,0.0,0.0,0.0,0.932896,0.0,0.649892,1.110154,0.319229,0.239411,0.0,0.024491
116,0.604066,0.0,0.0,0.212212,0.0,0.0,0.297419,0.0,0.0,1.224417,0.0,0.0,0.511096,0.0,0.0,0.0,0.055045,0.629607,0.19931,0.200732,0.384223,0.0,0.0,0.0,0.280668,0.0,0.38963,0.0,0.0,0.055044,0.0,0.0,0.0,0.0,0.0,0.228289,0.0,0.0,0.0,0.0,1.185243,0.0,0.665887,1.125859,0.106899,0.129363,0.0,0.188616
117,0.399401,0.0,0.0,0.216027,0.0,0.0,0.488931,0.0,0.0,1.135603,0.0,0.004227,0.541898,0.0,0.0,0.0,0.066591,0.560231,0.120647,0.283506,0.57912,0.0,0.0,0.0,0.260093,0.0,0.577079,0.0,0.0,0.390734,0.0,0.0,0.0,0.0,0.244164,0.207996,0.073235,0.0,0.0,0.199993,1.228162,0.0,0.830008,0.99093,0.0,0.100992,0.0,0.110055
118,0.296228,0.0,0.0,0.0,0.0,0.0,0.591235,0.0,0.0,1.14008,0.0,0.037783,0.517399,0.072929,0.0,0.0,0.0,0.47683,0.115201,0.15227,0.785269,0.0,0.0,0.0,0.279698,0.0,0.620616,0.0,0.0,0.452332,0.0,0.0,0.0,0.0,0.320237,0.168539,0.251285,0.0,0.0,0.370591,1.359773,0.0,0.677914,0.927354,0.0,0.229537,0.173155,0.20375
119,0.223519,0.0,0.0,0.0,0.0,0.0,0.527894,0.0,0.0,1.210046,0.122863,0.156342,0.245815,0.0,0.0,0.270345,0.186012,0.435326,0.324742,0.0,0.706034,0.0,0.0,0.0,0.165287,0.0,0.386693,0.0,0.0,0.204952,0.0,0.0,0.0,0.0,0.340823,0.087578,0.052741,0.0,0.0,0.613344,1.607462,0.0,0.447402,0.875384,0.0,0.543584,0.588785,0.039444
120,0.212418,0.0,0.0,0.0,0.0,0.0,0.635284,0.0,0.0,1.197068,0.408657,0.10907,0.324886,0.0,0.0,0.378308,0.357762,0.338324,0.512963,0.0,0.637735,0.0,0.0,0.0,0.286522,0.0,0.325159,0.0,0.0,0.235458,0.0,0.0,0.0,0.0,0.40413,0.180061,0.0,0.0,0.0,0.5966,1.879933,0.0,0.413604,0.722939,0.0,0.821493,0.909633,0.0
121,0.390564,0.0,0.004294,0.0,0.0,0.0,0.682664,0.0,0.0,1.164896,0.577576,0.100878,0.327233,0.0,0.172936,0.380175,0.43006,0.283299,0.673736,0.0,0.708171,0.013657,0.0,0.0,0.382873,0.028777,0.217015,0.0,0.0,0.09389,0.0,0.0,0.0,0.0,0.323207,0.105858,0.0,0.0,0.0,0.517542,2.204539,0.0,0.198421,0.614512,0.0,1.073229,0.941659,0.0
122,0.631141,0.0,0.0,0.0,0.0,0.0,0.608706,0.0,0.0,1.036954,0.4612,0.091564,0.406246,0.0,0.147173,0.328624,0.490514,0.191336,0.682374,0.0,0.666294,0.227848,0.0,0.0,0.53935,0.145085,0.423952,0.0,0.0,0.140152,0.0,0.0,0.005311,0.0,0.442343,0.070444,0.0,0.108431,0.0,0.36917,2.361123,0.0,0.0,0.717479,0.0,1.365738,0.933967,0.0
123,0.397133,0.0,0.0,0.0,0.0,0.0,0.390859,0.0,0.0,1.372987,0.165233,0.206569,0.0,0.0,0.0,0.317508,0.441835,0.619044,0.65793,0.0,0.750421,0.072539,0.0,0.0,0.235977,0.0,0.227658,0.0,0.0,0.084416,0.0,0.0,0.0,0.0,0.46522,0.411044,0.0,0.0,0.0,0.400277,2.39962,0.0,0.061628,1.007367,0.0,1.004671,0.705526,0.0
124,0.573121,0.0,0.054751,0.022404,0.0,0.0,0.22248,0.0,0.0,1.604084,0.0,0.197489,0.0,0.0,0.0,0.156769,0.449512,0.882428,0.509498,0.116749,0.791722,0.0,0.0,0.0,0.204146,0.0,0.229429,0.0,0.0,0.194639,0.0,0.0,0.0,0.0,0.466737,0.53356,0.0,0.0,0.0,0.28226,2.357496,0.0,0.158224,1.212727,0.0,0.790616,0.322548,0.0
125,0.552499,0.0,0.054613,0.014256,0.0,0.0,0.50582,0.0,0.0,1.817072,0.0,0.206808,0.0,0.0,0.0,0.0,0.223054,0.954074,0.251391,0.350691,1.018629,0.0,0.0,0.0,0.06878,0.0,0.568996,0.0,0.0,0.438334,0.0,0.036168,0.0,0.0,0.609504,0.669172,0.287827,0.0,0.0,0.262782,2.381254,0.0,0.273644,1.450074,0.0,0.549607,0.0,0.072333
126,0.555305,0.0,0.127851,0.213378,0.0,0.0,0.303263,0.0,0.0,1.910302,0.0,0.159833,0.0,0.133115,0.0,0.0,0.377202,1.14156,0.178419,0.272844,0.84813,0.0,0.0,0.0,0.0,0.0,0.244497,0.0,0.0,0.355882,0.0,0.0,0.0,0.0,0.367366,0.894934,0.057927,0.0,0.0,0.146712,2.250291,0.0,0.191759,1.652385,0.0,0.400839,0.126525,0.0
127,0.541208,0.029603,0.357019,0.332408,0.0,0.0,0.375263,0.0,0.0,1.865888,0.0,0.152864,0.0,0.140296,0.0,0.0,0.448423,1.179889,0.0,0.380621,0.795527,0.0,0.0,0.0,0.143781,0.0,0.274672,0.0,0.0,0.366866,0.0,0.018808,0.0,0.0,0.169362,0.990839,0.161943,0.0,0.0,0.079765,2.143498,0.0,0.378452,1.622879,0.148777,0.174134,0.0,0.0
128,0.405234,0.0,0.160583,0.487649,0.0,0.0,0.044138,0.0,0.0,1.915957,0.0,0.174446,0.0,0.048814,0.221978,0.0,0.775733,1.057063,0.00658,0.114368,0.734991,0.0,0.05959,0.0,0.0,0.0,0.0,0.0,0.0,0.0,0.0,0.0,0.0,0.0,0.0,0.958059,0.0,0.0,0.0,0.0,1.957245,0.0,0.0,1.738408,0.397916,0.181898,0.0,0.0
129,0.36233,0.0,0.291822,0.428603,0.0,0.0,0.007062,0.0,0.0,1.495822,0.0,0.044245,0.0,0.276074,0.107037,0.0,0.794274,1.049057,0.014069,0.186792,0.322173,0.0,0.0,0.0,0.048831,0.0,0.0,0.0,0.0,0.0,0.0,0.0,0.0,0.0,0.0,1.05711,0.0,0.0,0.0,0.0,1.654562,0.0,0.17533,1.50016,0.584311,0.284728,0.018169,0.0
130,0.356033,0.0,0.446651,0.426031,0.0,0.0,0.0,0.0,0.0,1.28408,0.0,0.0,0.0,0.396617,0.080179,0.0,0.640015,0.964616,0.0,0.329654,0.032811,0.041452,0.0,0.0,0.123603,0.0,0.162242,0.0,0.0,0.006757,0.0,0.0,0.0,0.0,0.0,1.047035,0.0,0.0,0.0,0.0,1.492784,0.0,0.272513,1.364286,0.783571,0.274037,0.0,0.0
131,0.264787,0.0,0.354009,0.508596,0.0,0.0,0.0,0.0,0.0,1.28503,0.0,0.0,0.0,0.434676,0.0143,0.0,0.546974,0.987388,0.000831,0.201852,0.0,0.0,0.0,0.0,0.098465,0.0,0.0,0.0,0.0,0.0,0.0,0.0,0.0,0.0,0.0,0.968875,0.0,0.0,0.0,0.0,1.254801,0.0,0.529643,1.151776,0.890282,0.206144,0.02996,0.0
132,0.191084,0.0,0.528396,0.590384,0.009303,0.0,0.0,0.0,0.0,1.085287,0.0,0.0,0.050075,0.244434,0.075836,0.0,0.500764,0.726458,0.0,0.369339,0.0,0.150595,0.0,0.0,0.0,0.111278,0.198646,0.0,0.0,0.0,0.0,0.0,0.0,0.0,0.0,0.821812,0.0,0.0,0.0,0.0,1.062753,0.029931,0.54601,1.040077,0.832292,0.391427,0.164755,0.0
133,0.199342,0.0,0.212937,0.346832,0.0,0.0,0.152304,0.0,0.0,0.857899,0.0,0.0,0.425091,0.429607,0.0,0.0,0.142538,0.846904,0.019582,0.394965,0.0,0.0,0.0,0.0,0.031819,0.410208,0.427866,0.0,0.138203,0.0,0.0,0.0,0.0,0.0,0.0,0.754454,0.0,0.0,0.0,0.0,0.830752,0.218237,0.765828,0.814259,0.799115,0.359841,0.173682,0.107833
134,0.311295,0.0,0.013452,0.532508,0.0,0.0,0.17228,0.0,0.0,0.64064,0.0,0.0,0.606041,0.401781,0.0,0.0,0.351249,0.790068,0.0695,0.133541,0.0,0.0,0.0,0.0,0.329895,0.709674,0.413064,0.0,0.244722,0.0,0.0,0.0,0.00064,0.0,0.0,0.924627,0.0,0.0,0.0,0.0,0.684981,0.345284,0.53183,0.600255,0.871351,0.408797,0.292577,0.0
135,0.360719,0.0,0.268363,0.842345,0.004215,0.0,0.005628,0.0,0.0,0.442414,0.0,0.0,0.551227,0.111135,0.0,0.0,0.654691,0.594604,0.17128,0.286467,0.0,0.139627,0.008935,0.0,0.46356,0.753309,0.471397,0.0,0.118356,0.0,0.0,0.0,0.050426,0.0,0.0,0.878762,0.0,0.0,0.0,0.0,0.645224,0.465129,0.346631,0.627536,1.038115,0.506059,0.27776,0.0
136,0.390936,0.0,0.286863,1.07262,0.0,0.0,0.0,0.0,0.0,0.314298,0.0,0.0,0.54106,0.0,0.0,0.0,0.707529,0.543472,0.370165,0.215222,0.0,0.137018,0.177835,0.0,0.532154,0.681071,0.346159,0.0,0.226353,0.0,0.0,0.0,0.071735,0.0,0.0,0.861246,0.0,0.0,0.0,0.0,0.496926,0.526506,0.40532,0.532955,0.97604,0.497542,0.29817,0.0
137,0.438592,0.0,0.258097,0.929735,0.0,0.0,0.0,0.0,0.0,0.220672,0.0,0.0,0.480403,0.0,0.0,0.0,0.549323,0.487928,0.392268,0.480284,0.0,0.217497,0.0,0.0,0.368378,0.677519,0.434684,0.0,0.129815,0.0,0.0,0.0,0.0,0.0,0.0,0.747397,0.0,0.0,0.0,0.0,0.447045,0.48433,0.518384,0.55268,0.792115,0.558528,0.360087,0.0
138,0.530781,0.0,0.378657,0.802778,0.0,0.0,0.0,0.0,0.0,0.392104,0.0,0.0,0.392042,0.0,0.0,0.0,0.564128,0.401517,0.471025,0.457859,0.0,0.362126,0.0,0.0,0.370081,0.686027,0.593143,0.0,0.064772,0.0,0.0,0.0,0.0,0.0,0.0,0.591443,0.0,0.0,0.0,0.0,0.59201,0.478232,0.624928,0.533549,0.569831,0.634677,0.340554,0.0
139,0.578139,0.0,0.423708,0.755608,0.020857,0.0,0.090471,0.0,0.0,0.523557,0.0,0.0,0.128312,0.0,0.060469,0.0,0.619285,0.290353,0.351758,0.092203,0.0,0.358951,0.048617,0.0,0.416899,0.637893,0.392546,0.0,0.0,0.0,0.0,0.0,0.0,0.0,0.0,0.403191,0.0,0.0,0.0,0.0,0.763767,0.381571,0.417687,0.719901,0.580607,0.740622,0.207811,0.0
140,0.212317,0.0,0.426924,0.692527,0.095332,0.0,0.098953,0.0,0.0,0.86915,0.0,0.0,0.103249,0.014796,0.084614,0.0,0.655626,0.494773,0.287031,0.006887,0.0,0.064371,0.006886,0.0,0.239031,0.242567,0.106529,0.0,0.0,0.0,0.0,0.0,0.0,0.0,0.0,0.534134,0.0,0.0,0.0,0.0,0.853691,0.170396,0.572213,0.940356,0.69446,0.458265,0.236942,0.0
141,0.0,0.0,0.322177,0.326218,0.0,0.0,0.242353,0.0,0.0,1.060429,0.0,0.0,0.125601,0.3762,0.0,0.0,0.363261,0.802977,0.107391,0.106967,0.00046,0.0,0.0,0.0,0.102852,0.206037,0.002457,0.0,0.0,0.0,0.0,0.0,0.0,0.0,0.0,0.627883,0.0,0.0,0.0,0.0,1.10764,0.0,0.694904,1.019649,0.718031,0.320164,0.317149,0.0
142,0.0,0.0,0.167598,0.086029,0.0,0.0,0.559371,0.0,0.0,0.995129,0.0,0.035987,0.085016,0.50275,0.0,0.0,0.243587,0.615942,0.0,0.021112,0.167777,0.0,0.0,0.0,0.051074,0.156674,0.129288,0.0,0.0,0.0671,0.0,0.0,0.0,0.0,0.106241,0.553166,0.0,0.0,0.0,0.149508,1.316018,0.0,0.679163,1.071769,0.567419,0.476076,0.203655,0.0
143,0.0,0.0,0.222872,0.035174,0.0,0.0,0.571737,0.0,0.0,1.162647,0.0,0.0,0.091025,0.322356,0.0,0.015517,0.240361,0.771721,0.044393,0.0,0.17941,0.0,0.0,0.0,0.051816,0.263854,0.0,0.0,0.0,0.143551,0.0,0.0,0.0,0.0,0.05796,0.60577,0.0,0.0,0.0,0.144735,1.495646,0.0,0.635102,0.73496,0.359477,0.390905,0.549934,0.0
144,0.0,0.0,0.427585,0.113612,0.014932,0.0,0.365563,0.0,0.0,1.10363,0.0,0.0,0.100288,0.156295,0.108893,0.047264,0.449788,0.585042,0.100229,0.0,0.193433,0.0,0.0,0.0,0.0,0.071066,0.0,0.0,0.0,0.216704,0.0,0.0,0.0,0.0,0.19528,0.517762,0.0,0.0,0.0,0.223783,1.502143,0.0,0.4497,0.713482,0.322974,0.413704,0.630433,0.0
145,0.139941,0.0,0.361131,0.0,0.047121,0.0,0.515675,0.0,0.0,1.03285,0.197717,0.0,0.129295,0.0,0.221544,0.088591,0.606921,0.28307,0.239768,0.0,0.305421,0.079574,0.0,0.122623,0.174957,0.134606,0.031905,0.0,0.0,0.13478,0.0,0.0,0.0,0.0,0.164989,0.268622,0.0,0.0,0.0,0.390897,1.713908,0.0,0.128918,0.620216,0.032891,0.753172,0.63766,0.0
146,0.106279,0.0,0.150563,0.0,0.041337,0.0,0.425004,0.0,0.0,1.062284,0.248759,0.004946,0.147168,0.0,0.146128,0.177228,0.479974,0.257325,0.345274,0.0,0.364578,0.087486,0.0,0.054586,0.122494,0.020568,0.097231,0.0,0.0,0.158506,0.0,0.0,0.0,0.0,0.271423,0.294595,0.0,0.0,0.0,0.48126,1.699865,0.0,0.140381,0.688323,0.0,0.773701,0.725227,0.0
147,0.074256,0.0,0.032579,0.0,0.0,0.0,0.363756,0.0,0.0,1.000352,0.121466,0.001198,0.083946,0.0,0.068961,0.201543,0.324151,0.442507,0.302808,0.0,0.372814,0.0,0.0,0.0,0.094559,0.0,0.0,0.0,0.0,0.170005,0.0,0.0,0.0,0.0,0.296119,0.305689,0.0,0.0,0.0,0.335266,1.646746,0.0,0.19689,0.553227,0.0,0.541072,0.693018,0.0
148,0.262892,0.0,0.005931,0.0,0.0,0.0,0.386987,0.0,0.0,0.987756,0.081526,0.036596,0.221363,0.0,0.038511,0.149001,0.192383,0.383688,0.2573,0.01185,0.348222,0.0,0.0,0.0,0.159952,0.0,0.144067,0.0,0.0,0.261087,0.0,0.0,0.0,0.0,0.265527,0.346142,0.0,0.0,0.0,0.288278,1.599946,0.0,0.081739,0.617593,0.0,0.56473,0.569491,0.0
149,0.273623,0.0,0.0,0.0,0.0,0.0,0.392618,0.0,0.0,1.086529,0.0,0.133478,0.319698,0.0,0.0,0.017091,0.114408,0.383089,0.166166,0.161513,0.486272,0.0,0.0,0.0,0.029547,0.0,0.232122,0.0,0.0,0.244106,0.0,0.0,0.0,0.0,0.351049,0.345257,0.043043,0.0,0.0,0.343115,1.531063,0.0,0.075937,0.815709,0.005667,0.481119,0.302267,0.0
150,0.112016,0.0,0.0,0.0,0.033962,0.0,0.405487,0.0,0.0,1.108716,0.0,0.247253,0.200497,0.0,0.0,0.11205,0.346122,0.508847,0.116653,0.0,0.427365,0.0,0.0,0.0,0.014221,0.0,0.0,0.0,0.0,0.176375,0.0,0.0,0.0,0.0,0.328409,0.32748,0.0,0.0,0.0,0.28751,1.510326,0.0,0.197723,0.950156,0.0,0.298089,0.251123,0.0
151,0.070799,0.0,0.0,0.0,0.0,0.0,0.318198,0.0,0.0,1.345048,0.0,0.188744,0.0,0.219288,0.0,0.182693,0.336834,0.846965,0.215616,0.0,0.294936,0.0,0.0,0.0,0.125649,0.0,0.0,0.0,0.0,0.126909,0.0,0.0,0.0,0.0,0.351738,0.578409,0.0,0.0,0.0,0.16466,1.438208,0.0,0.462373,1.041207,0.142903,0.099213,0.407821,0.0
152,0.085383,0.0,0.150524,0.0,0.0,0.0,0.799101,0.0,0.0,1.535043,0.0,0.17095,0.093023,0.025478,0.0,0.0,0.466606,0.556356,0.1562,0.0,0.614256,0.0,0.0,0.0,0.0,0.0,0.071612,0.0,0.0,0.264393,0.0,0.0,0.0,0.0,0.301752,0.559515,0.0,0.0,0.0,0.320366,1.812245,0.0,0.319813,1.282001,0.0,0.29703,0.383164,0.0
153,0.301548,0.0,0.327474,0.083461,0.0,0.0,0.612762,0.0,0.0,1.908272,0.051211,0.051332,0.0,0.024051,0.151349,0.0,0.524915,0.649563,0.307104,0.0,0.609308,0.0,0.0,0.0,0.0,0.0,0.0,0.0,0.0,0.145157,0.0,0.0,0.0,0.0,0.097035,0.533634,0.0,0.0,0.0,0.319572,1.883859,0.0,0.313122,1.258133,0.0,0.279945,0.523209,0.0
154,0.295902,0.0,0.491488,0.105601,0.0,0.0,1.023142,0.0,0.0,2.133065,0.117584,0.0,0.0,0.012558,0.0,0.0,0.347344,0.546736,0.125562,0.0,0.745046,0.0,0.0,0.0,0.0,0.0,0.363934,0.0,0.0,0.389824,0.0,0.0,0.0,0.0,0.246122,0.441739,0.0,0.0,0.0,0.377505,1.954858,0.0,0.702383,1.278084,0.0,0.255582,0.377442,0.0
155,0.358784,0.0,0.649819,0.094763,0.0,0.0,0.995441,0.0,0.0,2.188996,0.141213,0.0,0.0,0.0,0.0,0.0,0.364559,0.652503,0.158481,0.093624,0.675378,0.0,0.0,0.0,0.0,0.0,0.283657,0.0,0.0,0.447337,0.0,0.0,0.0,0.0,0.222542,0.394065,0.0,0.0,0.0,0.278154,1.897624,0.0,0.917501,1.122785,0.0,0.181179,0.476956,0.0
156,0.461441,0.0,0.553511,0.081552,0.0,0.0,1.045252,0.0,0.0,2.077246,0.075694,0.0,0.0,0.0,0.0,0.0,0.332,0.598082,0.108208,0.066054,0.761806,0.0,0.0,0.0,0.0,0.0,0.280419,0.0,0.0,0.346149,0.0,0.0,0.0,0.0,0.254137,0.322523,0.0,0.0,0.0,0.208171,1.608185,0.0,0.905746,1.247164,0.0,0.150568,0.226894,0.0
157,0.448077,0.0,0.562968,0.359663,0.0,0.0,0.874011,0.0,0.0,2.057906,0.0,0.0,0.0,0.08232,0.0,0.0,0.492947,0.680545,0.30834,0.023257,0.632917,0.0,0.0,0.0,0.0,0.0,0.071401,0.0,0.0,0.201874,0.0,0.0,0.0,0.0,0.107558,0.411944,0.0,0.0,0.0,0.007238,1.341683,0.0,0.974103,1.226138,0.0,0.084666,0.298457,0.0
158,0.265287,0.0,0.343725,0.327112,0.0,0.0,0.981176,0.0,0.0,1.883016,0.0,0.0,0.0,0.213189,0.0,0.0,0.24493,0.668887,0.196069,0.019652,0.773191,0.0,0.0,0.0,0.0,0.0,0.256896,0.0,0.028899,0.165067,0.0,0.0,0.0,0.0,0.242222,0.343364,0.0,0.0,0.0,0.162425,1.29107,0.0,1.099029,1.467841,0.0,0.0,0.113272,0.0
159,0.413619,0.0,0.1978,0.342953,0.0,0.0,0.850351,0.0,0.0,1.948125,0.0,0.0,0.0,0.08889,0.0,0.0,0.07531,0.710644,0.252256,0.144612,0.747296,0.0,0.0,0.0,0.0,0.0,0.335234,0.0,0.0,0.217758,0.0,0.0,0.0,0.0,0.173808,0.225523,0.0,0.0,0.0,0.161523,1.384655,0.0,1.137749,1.140406,0.0,0.0,0.283094,0.0
160,0.712962,0.0,0.259781,0.220176,0.0,0.0,0.70296,0.0,0.0,1.74784,0.062364,0.0,0.0,0.0,0.017405,0.0,0.318205,0.606082,0.420549,0.0,0.747918,0.0,0.0,0.0,0.161387,0.0,0.31401,0.0,0.0,0.185842,0.0,0.0,0.0,0.0,0.301665,0.153794,0.0,0.0,0.0,0.201163,1.658398,0.0,0.580088,1.160681,0.0,0.566252,0.30439,0.0
161,0.807215,0.0,0.073674,0.0,0.0,0.0,0.729734,0.0,0.0,1.841037,0.129305,0.0,0.005582,0.0,0.0,0.0,0.07932,0.582332,0.52826,0.0,0.969909,0.0,0.0,0.0,0.285151,0.062764,0.572004,0.0,0.0,0.24301,0.0,0.0,0.0,0.0,0.316414,0.110978,0.0,0.0,0.0,0.294069,2.041965,0.0,0.390181,1.063592,0.0,0.611398,0.299872,0.0
162,1.136178,0.0,0.175079,0.0,0.0,0.0,0.671302,0.0,0.0,1.65329,0.179238,0.0,0.067762,0.0,0.0,0.0,0.023984,0.474985,0.762532,0.0,1.065576,0.255833,0.0,0.0,0.601048,0.098177,1.000678,0.0,0.0,0.358123,0.0,0.0,0.0,0.0,0.462877,0.04608,0.200681,0.0,0.0,0.282565,1.993646,0.0,0.272732,1.206487,0.0,0.951712,0.106952,0.074891
163,0.711291,0.0,0.030459,0.297891,0.0,0.0,0.691174,0.0,0.0,1.674586,0.0,0.0,0.0,0.0,0.0,0.0,0.052945,0.884142,0.679754,0.168553,0.933661,0.0,0.0,0.0,0.659928,0.0,0.748949,0.0,0.0,0.192493,0.0,0.0,0.0,0.0,0.290063,0.416659,0.189577,0.0,0.0,0.24842,1.946617,0.0,0.847293,1.178093,0.0,0.543808,0.0,0.156151
164,0.924823,0.0,0.0,0.447355,0.0,0.0,0.51503,0.0,0.0,1.448487,0.0,0.0,0.0,0.0,0.0,0.0,0.189977,0.760961,0.794954,0.0,0.886591,0.049385,0.0,0.0,0.646639,0.0,0.58702,0.0,0.0,0.024659,0.0,0.0,0.0,0.0,0.230402,0.219574,0.0,0.0,0.0,0.135509,1.807792,0.0,0.438113,1.29036,0.0,0.851097,0.0,0.0
165,0.968204,0.0,0.0,0.867088,0.0,0.0,0.28239,0.0,0.0,1.35071,0.0,0.0,0.0,0.0,0.0,0.0,0.269341,0.876083,0.889199,0.0,0.671159,0.0,0.166594,0.0,0.711507,0.0,0.267424,0.0,0.0,0.0,0.0,0.0,0.0,0.0,0.0,0.201665,0.0,0.0,0.0,0.0,1.54565,0.0,0.511601,1.060817,0.0,0.892619,0.0,0.0
166,0.996309,0.0,0.0,0.371825,0.0,0.0,0.263717,0.0,0.0,1.278574,0.0,0.0,0.037858,0.0,0.0,0.0,0.023352,0.801735,0.732544,0.286995,0.69058,0.053581,0.0,0.0,0.529549,0.109788,0.579308,0.0,0.0,0.177577,0.0,0.0,0.0,0.0,0.065568,0.309232,0.0,0.0,0.0,0.0,1.592889,0.0,0.295259,1.058804,0.0,0.809228,0.0,0.022054
167,0.728697,0.016737,0.0,0.223676,0.0,0.0,0.188246,0.0,0.0,1.066555,0.0,0.0,0.005567,0.0,0.0,0.0,0.001077,0.645123,0.644166,0.404114,0.646131,0.100737,0.0,0.0,0.460188,0.087824,0.718748,0.0,0.0,0.114512,0.0,0.0,0.0,0.0,0.142763,0.549883,0.193829,0.0,0.0,0.15491,1.464925,0.0,0.135973,1.142923,0.0,0.55837,0.0,0.354918
168,0.675531,0.0,0.0,0.249273,0.0,0.0,0.0,0.0,0.0,0.939795,0.0,0.0,0.0,0.0,0.0,0.0,0.251424,0.659727,0.409406,0.238226,0.392786,0.09605,0.0,0.0,0.380114,0.0,0.435977,0.0,0.0,0.143366,0.0,0.0,0.0,0.0,0.237277,0.441082,0.0,0.0,0.0,0.0,1.330396,0.0,0.026767,1.184777,0.0,0.566697,0.0,0.0
169,0.32578,0.0,0.0,0.305095,0.020403,0.0,0.0,0.0,0.0,0.85598,0.0,0.286238,0.0,0.135941,0.0,0.090822,0.309869,0.734151,0.126059,0.200593,0.466695,0.0,0.0,0.0,0.14098,0.0,0.153384,0.0,0.0,0.053072,0.0,0.0,0.0,0.0,0.388339,0.364744,0.0,0.0,0.0,0.112823,1.236799,0.0,0.144571,1.166472,0.0,0.292025,0.020759,0.0
170,0.206208,0.0,0.0,0.185284,0.249293,0.0,0.0,0.0,0.0,1.044114,0.0,0.55741,0.0,0.296312,0.0,0.200215,0.421852,0.647792,0.0,0.219024,0.581016,0.0,0.0,0.0,0.0,0.0,0.31544,0.0,0.154488,0.12985,0.0,0.0,0.041665,0.0,0.430961,0.345595,0.0,0.0,0.0,0.270049,1.233024,0.0,0.149439,1.162432,0.0,0.0,0.0,0.0
171,0.287398,0.0,0.0,0.0,0.213256,0.0,0.294721,0.0,0.0,1.126015,0.0,0.613199,0.044499,0.694597,0.0,0.078441,0.0,0.602532,0.0,0.553015,0.538857,0.0,0.0,0.0,0.0,0.0,0.911936,0.0,0.22418,0.558941,0.0,0.260315,0.238161,0.0,0.505605,0.428207,0.583651,0.0,0.0,0.547276,1.08171,0.061956,0.601442,0.991774,0.0,0.0,0.0,0.0
172,0.275324,0.0,0.0,0.0,0.0,0.0,0.342543,0.0,0.0,1.150825,0.0,0.707138,0.198119,1.071195,0.0,0.420356,0.0,0.557935,0.0,0.268447,0.451828,0.0,0.0,0.0,0.114405,0.0,0.904192,0.0,0.397955,0.482342,0.0,0.445247,0.434224,0.0,0.502881,0.124349,0.638582,0.0,0.0,0.607592,0.877316,0.20682,0.739398,0.792477,0.0,0.0,0.133011,0.0
173,0.0,0.0,0.0,0.0,0.008673,0.0,0.325809,0.0,0.0,1.216301,0.0,0.869597,0.52963,1.145324,0.0,0.911483,0.028892,0.551324,0.0,0.0,0.479747,0.0,0.0,0.0,0.0,0.283301,0.742537,0.0,0.751305,0.015475,0.0,0.191365,0.330927,0.0,0.664034,0.032166,0.196599,0.0,0.0,0.692122,0.855845,0.0,0.668632,0.632741,0.0,0.0,0.409753,0.0
174,0.0,0.0,0.0,0.0,0.288153,0.0,0.309233,0.0,0.0,1.141157,0.0,0.878417,0.414939,0.80023,0.0,0.792342,0.134371,0.360264,0.0,0.0,0.368782,0.0,0.0,0.0,0.0,0.194414,0.464672,0.0,0.291512,0.038083,0.0,0.0,0.272893,0.0,0.466689,0.022963,0.157791,0.0,0.0,0.801786,0.998573,0.0,0.459859,0.52223,0.0,0.0,0.578724,0.0
175,0.0,0.0,0.0,0.0,0.449617,0.0,0.479668,0.0,0.0,0.874498,0.0,0.950693,0.624655,0.497013,0.0,0.646191,0.086976,0.077883,0.0,0.0,0.147392,0.0,0.0,0.0,0.0,0.318263,0.275007,0.0,0.096604,0.015699,0.0,0.0,0.197886,0.0,0.366759,0.0,0.121108,0.0,0.0,0.923759,1.075285,0.0,0.343242,0.378746,0.0,0.0,0.632598,0.0
176,0.0,0.0,0.0,0.0,0.361781,0.0,0.329146,0.0,0.0,0.634876,0.0,0.798083,0.708843,0.325392,0.0,0.855112,0.101667,0.236214,0.212558,0.0,0.017794,0.0,0.0,0.0,0.0,0.380354,0.0,0.0,0.136607,0.0,0.0,0.0,0.0,0.0,0.387561,0.0,0.0,0.0,0.0,0.64116,0.94623,0.0,0.234461,0.232106,0.0,0.083457,0.596675,0.0
177,0.044293,0.0,0.0,0.0,0.398892,0.0,0.363655,0.0,0.0,0.509225,0.0,0.645678,0.766769,0.145822,0.0,0.492822,0.193507,0.130723,0.390395,0.0,0.0,0.0,0.0,0.0,0.221216,0.208064,0.109574,0.0,0.104238,0.0,0.0,0.0,0.270981,0.0,0.447954,0.0,0.0,0.0,0.0,0.526499,0.943005,0.0,0.283824,0.295973,0.0,0.327445,0.397728,0.0
178,0.152706,0.0,0.0,0.0,0.389745,0.0,0.425796,0.0,0.0,0.452161,0.009821,0.313631,0.769344,0.01684,0.127449,0.332365,0.352237,0.148434,0.502561,0.0,0.062791,0.0,0.0,0.0,0.174195,0.230332,0.0,0.0,0.0,0.0,0.0,0.0,0.0,0.0,0.176206,0.0,0.0,0.0,0.0,0.109093,0.974751,0.0,0.202772,0.342678,0.161206,0.387049,0.20778,0.0
179,0.198803,0.0,0.0,0.0,0.438459,0.0,0.3584,0.105345,0.0,0.404033,0.0,0.11603,0.722917,0.029193,0.0,0.19319,0.355925,0.178418,0.545089,0.0,0.0,0.0,0.0,0.0,0.24916,0.174584,0.0,0.0,0.0,0.0,0.0,0.0,0.0,0.0,0.129618,0.034592,0.0,0.0,0.0,0.0,0.806531,0.0,0.208506,0.292746,0.27805,0.424817,0.153065,0.0
180,0.129178,0.0,0.0,0.073663,0.311907,0.0,0.2692,0.0,0.0,0.652158,0.0,0.090315,0.690165,0.090427,0.0,0.094866,0.315499,0.34128,0.572261,0.0,0.0,0.0,0.0,0.0,0.079989,0.174665,0.0,0.0,0.0,0.133134,0.0,0.0,0.0,0.0,0.189863,0.260965,0.0,0.0,0.0,0.0,0.947133,0.0,0.34957,0.312369,0.235922,0.439415,0.220048,0.0
181,0.137471,0.0,0.0,0.264072,0.245692,0.0,0.19404,0.0,0.0,0.693482,0.0,0.010374,0.671256,0.056138,0.0,0.005428,0.133906,0.458582,0.699526,0.0,0.0,0.0,0.0,0.0,0.128363,0.170093,0.0,0.0,0.0,0.059556,0.0,0.0,0.0,0.0,0.065537,0.348075,0.0,0.0,0.0,0.0,0.810087,0.0,0.434751,0.262203,0.169376,0.359137,0.17345,0.0
182,0.481452,0.0,0.0,0.054284,0.091911,0.0,0.225795,0.0,0.0,0.483716,0.0,0.004493,0.949527,0.0,0.103383,0.0,0.030485,0.354258,0.674173,0.022535,0.0334,0.0,0.0,0.0,0.182479,0.219215,0.0,0.0,0.0,0.096638,0.0,0.0,0.0,0.0,0.223003,0.144889,0.0,0.0,0.0,0.0,0.92379,0.0,0.243682,0.28254,0.195891,0.689806,0.072315,0.0
183,0.541721,0.0,0.0,0.382671,0.059828,0.0,0.272032,0.0,0.0,0.470066,0.0,0.0,0.812176,0.0,0.065547,0.0,0.151544,0.322438,0.78239,0.008925,0.173226,0.0,0.0,0.0,0.445488,0.282109,0.036935,0.0,0.0,0.0,0.0,0.0,0.0,0.0,0.0,0.231847,0.0,0.0,0.0,0.0,1.018571,0.0,0.065976,0.545462,0.297055,0.760929,0.0,0.033616
184,0.68575,0.0,0.0,0.448424,0.003843,0.0,0.072107,0.0,0.0,0.321205,0.0,0.0,0.65094,0.0,0.033004,0.0,0.218691,0.502831,0.927675,0.140587,0.118687,0.141865,0.0,0.0,0.585797,0.305948,0.134075,0.0,0.0,0.0,0.0,0.0,0.0,0.0,0.0,0.365806,0.0,0.0,0.0,0.0,1.105535,0.0,0.0,0.533882,0.430488,0.97481,0.0,0.0
185,0.838485,0.0,0.0,0.663344,0.004741,0.0,0.0,0.0,0.0,0.142984,0.0,0.0,0.47246,0.0,0.052254,0.0,0.435807,0.51691,1.152081,0.109885,0.031364,0.45461,0.0,0.0,0.806646,0.370446,0.181629,0.0,0.0,0.0,0.0,0.0,0.0,0.0,0.0,0.537266,0.0,0.0,0.0,0.0,1.246842,0.0,0.0,0.522114,0.58281,1.300711,0.0721,0.0
186,0.917276,0.0,0.0,0.964496,0.0,0.0,0.0,0.0,0.0,0.119445,0.0,0.0,0.266275,0.0,0.180456,0.0,0.481951,0.598456,1.335386,0.251457,0.051749,0.580771,0.0,0.0,0.889102,0.402314,0.192355,0.0,0.0,0.0,0.0,0.006405,0.0,0.0,0.0,0.718978,0.0,0.0,0.0,0.0,1.385828,0.0,0.0,0.522387,0.719292,1.428552,0.022639,0.0
187,1.154694,0.0,0.0,1.038896,0.0,0.0,0.0,0.0,0.0,0.0,0.0,0.0,0.441708,0.0,0.056351,0.0,0.878819,0.40706,1.39689,0.04633,0.148817,0.936626,0.0,0.0,1.012181,0.719008,0.305939,0.0,0.0,0.0,0.0,0.0,0.0,0.0,0.0,0.583488,0.0,0.098048,0.0,0.0,1.504355,0.0,0.0,0.549143,0.639788,2.023828,0.247657,0.0
188,1.048966,0.0,0.0,1.159039,0.01869,0.0,0.0,0.0,0.0,0.0,0.0,0.0,0.535571,0.0,0.0,0.0,1.150211,0.419622,1.382781,0.064235,0.055925,1.108621,0.0,0.0,0.949997,0.84211,0.419486,0.0,0.0,0.0,0.0,0.0,0.0,0.0,0.0,0.812826,0.0,0.187761,0.0,0.0,1.599505,0.0,0.0,0.618172,0.655806,2.019354,0.346831,0.0
189,1.046864,0.0,0.0,1.380655,0.0,0.0,0.0,0.0,0.0,0.125855,0.0,0.0,0.100331,0.0,0.16563,0.0,0.703214,0.772851,1.402575,0.497598,0.20314,0.693581,0.0,0.0,0.791268,0.363043,0.274696,0.0,0.0,0.0,0.0,0.005426,0.0,0.0,0.0,0.940664,0.0,0.0,0.0,0.0,1.417634,0.0,0.0,0.68093,0.735862,1.616833,0.072805,0.0
190,1.228339,0.0,0.0,1.187708,0.0,0.0,0.0,0.0,0.0,0.287961,0.0,0.0,0.17372,0.0,0.25635,0.0,0.523112,0.772962,1.377913,0.622099,0.390917,0.610888,0.0,0.0,0.81762,0.467891,0.534246,0.0,0.0,0.0,0.0,0.039322,0.0,0.0,0.0,0.932373,0.0,0.0,0.0,0.0,1.454978,0.105207,0.0,0.730484,0.617497,1.535253,0.0,0.0
191,1.080996,0.0,0.0,1.122901,0.131916,0.0,0.0,0.0,0.0,0.398166,0.0,0.0,0.0,0.0,0.1733,0.0,0.002399,1.042899,0.973377,0.897702,0.413843,0.2574,0.0,0.0,0.689106,0.135855,0.593815,0.0,0.0,0.0,0.0,0.140589,0.0,0.0,0.0,1.268972,0.0,0.0,0.0,0.2825,1.31828,0.065877,0.0,1.029945,0.51166,0.929682,0.0,0.117276
192,1.463612,0.0,0.0,0.816685,0.012216,0.0,0.0,0.0,0.0,0.440659,0.0,0.0,0.152679,0.0,0.0,0.0,0.0,0.756894,1.042443,1.001636,0.756719,0.377659,0.0,0.0,0.740111,0.431664,1.059404,0.0,0.0,0.123394,0.0,0.204732,0.0,0.0,0.060718,1.025226,0.0,0.0,0.0,0.123098,1.282102,0.099552,0.0,1.264328,0.310006,1.179131,0.0,0.285113
193,1.235943,0.0,0.0,0.83509,0.112695,0.0,0.0,0.0,0.0,0.527024,0.0,0.041829,0.068552,0.024316,0.0,0.0,0.0,0.855603,0.804877,1.229021,0.719742,0.173393,0.0,0.0,0.686042,0.308612,1.097035,0.0,0.0,0.227002,0.0,0.198698,0.0,0.0,0.122082,1.338324,0.139565,0.0,0.0,0.332059,1.279476,0.118804,0.0,1.289731,0.237215,0.73475,0.0,0.391179
194,1.248363,0.0,0.0,0.766652,0.193762,0.0,0.0,0.0,0.0,0.47375,0.0,0.201236,0.04688,0.194243,0.0,0.0,0.0,0.905635,0.709997,1.372798,0.936859,0.0,0.0,0.0,0.573415,0.26229,1.20555,0.0,0.0,0.195604,0.0,0.270466,0.0,0.0,0.340243,1.128777,0.274064,0.0,0.0,0.217604,1.024698,0.097126,0.0,1.242815,0.213778,0.603066,0.0,0.348917
195,1.203848,0.0,0.0,0.724027,0.446259,0.0,0.0,0.0,0.0,0.374736,0.0,0.250075,0.0,0.427001,0.019134,0.0,0.0,1.025124,0.425033,1.21983,0.636486,0.0,0.0,0.0,0.620183,0.194877,1.062575,0.0,0.103074,0.159349,0.0,0.045129,0.257573,0.0,0.346752,1.22621,0.033654,0.0,0.0,0.376659,0.87074,0.093877,0.0,1.11262,0.063552,0.344657,0.0,0.0
196,1.167595,0.0,0.0,0.706917,0.640894,0.0,0.0,0.0,0.0,0.206321,0.0,0.371912,0.0,0.49257,0.0,0.0,0.0,0.798133,0.311546,1.071836,0.579151,0.0,0.0,0.0,0.719217,0.283515,1.218468,0.0,0.257093,0.120278,0.0,0.0,0.354346,0.0,0.111521,1.098128,0.050299,0.0,0.0,0.333249,0.675003,0.099616,0.0,1.034364,0.043833,0.253226,0.0,0.0
197,1.383761,0.0,0.0,0.445644,0.430022,0.0,0.0,0.0,0.0,0.323718,0.0,0.375136,0.0,0.731652,0.0,0.0,0.0,0.813055,0.342071,1.343825,0.51935,0.0,0.0,0.0,0.763331,0.335465,1.542957,0.0,0.462672,0.152995,0.0,0.418223,0.592465,0.0,0.173747,0.972722,0.259849,0.0,0.0,0.362299,0.322911,0.222386,0.0,0.6659,0.114235,0.271917,0.0,0.0
198,1.510027,0.0,0.0,0.148202,0.234304,0.202173,0.0,0.0,0.0,0.151031,0.0,0.446951,0.315364,0.86201,0.0,0.0,0.0,0.733999,0.310154,1.195508,0.445306,0.0,0.0,0.0,0.856385,0.454924,1.582517,0.0,0.613179,0.0,0.0,0.541943,0.660612,0.0,0.24515,0.715378,0.365657,0.0,0.0,0.330715,0.0,0.456991,0.0,0.400638,0.185867,0.458932,0.0,0.020233
199,1.215378,0.0,0.041343,0.407337,0.612709,0.0,0.0,0.0,0.0,0.099211,0.0,0.402928,0.021934,0.725528,0.0,0.0,0.0,0.725044,0.108585,1.067715,0.232009,0.0,0.0,0.0,0.770788,0.23545,1.318125,0.0,0.622097,0.0,0.0,0.279399,0.653742,0.0,0.023118,0.837034,0.0,0.0,0.0,0.501233,0.094603,0.41379,0.0,0.443304,0.192322,0.19436,0.0,0.0
200,1.085717,0.0,0.0,0.251851,0.424803,0.0,0.0,0.0,0.0,0.230046,0.0,0.420186,0.0,0.870411,0.0,0.0,0.0,0.781125,0.087053,0.914269,0.160801,0.0,0.0,0.0,0.840856,0.342747,1.395556,0.0,0.769113,0.0,0.0,0.532306,0.72426,0.0,0.0,0.841289,0.098706,0.0,0.0,0.647781,0.0,0.511837,0.243633,0.429164,0.347096,0.025431,0.0,0.0
201,0.815417,0.0,0.188387,0.466355,0.376678,0.0,0.0,0.0,0.0,0.412677,0.0,0.181016,0.110855,0.50002,0.0,0.0,0.0,0.629088,0.121936,0.692888,0.0,0.0,0.0,0.0,0.646552,0.332849,1.007528,0.0,0.47026,0.0,0.0,0.098226,0.536103,0.0,0.0,0.85338,0.0,0.0,0.0,0.201545,0.261816,0.444571,0.191164,0.388307,0.474215,0.139821,0.0,0.0
202,0.627308,0.0,0.345335,0.747174,0.101984,0.0,0.0,0.0,0.0,0.53622,0.0,0.0,0.294399,0.335778,0.0,0.0,0.544072,0.651053,0.079765,0.449729,0.053998,0.0,0.0,0.0,0.456764,0.307617,0.708519,0.0,0.356695,0.0,0.0,0.0,0.178395,0.0,0.0,0.720385,0.0,0.0,0.0,0.0,0.428823,0.429296,0.178748,0.539104,0.538634,0.227944,0.099666,0.0
203,0.367001,0.0,0.335795,0.674243,0.0,0.0,0.022685,0.0,0.0,0.829667,0.0,0.0,0.338576,0.235797,0.0,0.0,0.432489,0.608012,0.126616,0.542358,0.10895,0.025168,0.0,0.0,0.14872,0.265612,0.616719,0.0,0.298411,0.0,0.0,0.0,0.022188,0.0,0.0,0.772627,0.0,0.0,0.0,0.0,0.511899,0.352912,0.554111,0.65911,0.555004,0.142537,0.154258,0.0
204,0.166371,0.0,0.269126,0.58388,0.0,0.0,0.0,0.0,0.0,0.839032,0.0,0.0,0.206327,0.145057,0.0,0.0,0.353158,0.469098,0.13147,0.538468,0.135239,0.037583,0.0,0.0,0.0,0.261296,0.463186,0.0,0.177731,0.0,0.0,0.0,0.0,0.0,0.0,0.672852,0.0,0.0,0.0,0.0,0.534769,0.213471,0.539909,0.86439,0.55048,0.117294,0.248291,0.0
205,0.413411,0.0,0.458467,0.575797,0.0,0.0,0.104204,0.0,0.0,0.970564,0.0,0.0,0.278226,0.061355,0.0,0.0,0.315175,0.440109,0.166018,0.448531,0.09615,0.140503,0.003706,0.0,0.017916,0.069907,0.515777,0.0,0.241475,0.0,0.0,0.0,0.0,0.0,0.0,0.48663,0.0,0.0,0.0,0.0,0.468315,0.345134,0.736728,0.717049,0.488381,0.203009,0.205792,0.003258
206,0.28492,0.0,0.2889,0.578828,0.02841,0.0,0.058241,0.0,0.0,0.840574,0.0,0.0,0.135351,0.078807,0.0,0.0,0.375237,0.381261,0.140915,0.4098,0.00478,0.035209,0.0,0.0,0.0,0.051839,0.203468,0.0,0.012389,0.0,0.0,0.0,0.0,0.0,0.0,0.634425,0.0,0.0,0.0,0.0,0.636369,0.246148,0.543249,0.881812,0.602111,0.161606,0.123664,0.025299
207,0.334361,0.0,0.234046,0.55536,0.2807,0.0,0.0,0.0,0.0,0.449065,0.0,0.0,0.049301,0.167132,0.0,0.0,0.432967,0.328666,0.0,0.348375,0.0,0.0,0.0,0.0,0.058186,0.095187,0.077995,0.0,0.0,0.0,0.0,0.0,0.0,0.0,0.0,0.594525,0.0,0.0,0.0,0.0,0.592658,0.202657,0.15428,0.780095,0.594571,0.257641,0.15617,0.0
208,0.280252,0.0,0.23735,0.627154,0.069289,0.0,0.078413,0.0,0.0,0.516259,0.0,0.0,0.393973,0.053053,0.0,0.0,0.589821,0.221921,0.198034,0.343259,0.033914,0.053973,0.0,0.0,0.064261,0.329697,0.114111,0.0,0.0,0.0,0.0,0.0,0.0,0.0,0.0,0.625242,0.0,0.0,0.0,0.0,0.578056,0.240702,0.355496,0.378632,0.447969,0.325056,0.379457,0.0
209,0.365615,0.0,0.183446,0.411744,0.183054,0.0,0.075036,0.0,0.0,0.394562,0.0,0.0,0.301549,0.160652,0.0,0.0,0.286532,0.249018,0.132189,0.440325,0.17889,0.0,0.0,0.0,0.0,0.218414,0.155277,0.0,0.0,0.0,0.0,0.0,0.0,0.0,0.0,0.462446,0.0,0.0,0.0,0.0,0.45218,0.32256,0.349419,0.468598,0.365799,0.312165,0.329094,0.0
210,0.484929,0.0,0.353405,0.500118,0.1935,0.0,0.177192,0.0,0.0,0.507842,0.0,0.0,0.470666,0.0,0.0,0.0,0.511366,0.12386,0.092552,0.326926,0.212666,0.0,0.0,0.0,0.122989,0.263768,0.28295,0.0,0.042921,0.126983,0.0,0.0,0.082247,0.0,0.0,0.421719,0.0,0.0,0.0,0.0,0.378251,0.459401,0.422788,0.266293,0.267507,0.372109,0.450321,0.0
211,0.376004,0.0,0.163591,0.311282,0.061766,0.016859,0.183327,0.0,0.0,0.724746,0.0,0.0,0.316044,0.150294,0.0,0.0,0.021704,0.326742,0.0,0.462542,0.491141,0.0,0.0,0.0,0.0,0.083302,0.490054,0.0,0.380772,0.288523,0.0,0.0,0.11886,0.0,0.0,0.290973,0.0,0.0,0.0,0.164745,0.146324,0.460619,0.82552,0.664521,0.209959,0.0,0.337686,0.168216
212,0.368897,0.0,0.394174,0.340946,0.159576,0.0,0.201068,0.0,0.0,0.7793,0.0,0.0,0.34365,0.171153,0.0,0.0,0.0,0.142178,0.0,0.384934,0.732302,0.0,0.0,0.0,0.0,0.0,0.79058,0.0,0.556283,0.346117,0.0,0.0,0.0,0.0,0.0,0.258066,0.0,0.0,0.0,0.353634,0.15769,0.51932,0.795745,0.959867,0.037953,0.0,0.109191,0.082826
213,0.536672,0.0,0.333875,0.360427,0.0,0.065706,0.500978,0.0,0.0,0.97707,0.0,0.0,0.440089,0.081468,0.0,0.040346,0.0,0.320714,0.0,0.480386,0.627949,0.0,0.0,0.0,0.0,0.126789,0.743029,0.0,0.468789,0.392046,0.0,0.0,0.082492,0.0,0.0,0.212746,0.0,0.0,0.0,0.130544,0.0,0.592883,1.100013,0.559262,0.052195,0.0,0.362489,0.067925
214,0.531901,0.0,0.521881,0.527061,0.0,0.0,0.605792,0.0,0.0,1.187561,0.0,0.0,0.26536,0.0,0.0,0.0,0.060356,0.251458,0.0,0.514255,0.729273,0.0,0.0,0.0,0.0,0.0,0.828284,0.0,0.575845,0.380942,0.0,0.0,0.001227,0.0,0.0,0.244286,0.0,0.0,0.0,0.039755,0.048001,0.576334,1.11233,0.873224,0.098787,0.0,0.197053,0.0
215,0.509379,0.0,0.618621,0.694146,0.0,0.0,0.480104,0.0,0.0,1.10367,0.0,0.0,0.093518,0.111555,0.0,0.0,0.221498,0.295752,0.0,0.510387,0.67237,0.0,0.0,0.0,0.032823,0.193824,0.732395,0.0,0.382951,0.364448,0.0,0.0,0.0,0.0,0.0,0.340615,0.0,0.0,0.0,0.0,0.0,0.626199,1.034415,0.829325,0.289401,0.0,0.341302,0.0
216,0.403014,0.0,0.590761,0.768216,0.082505,0.0,0.493313,0.0,0.0,1.001024,0.0,0.0,0.093124,0.081307,0.0,0.0,0.372001,0.100271,0.016156,0.4948,0.697731,0.0,0.0,0.0,0.0,0.233132,0.653241,0.0,0.385508,0.302329,0.0,0.0,0.0,0.0,0.0,0.48469,0.0,0.0,0.0,0.112641,0.054883,0.615188,0.894428,0.856463,0.208181,0.0,0.467077,0.0
217,0.698358,0.0,0.70126,0.784557,0.0,0.0,0.739148,0.0,0.0,1.280063,0.063921,0.0,0.221491,0.012394,0.0,0.0,0.295099,0.166962,0.019786,0.405962,0.709948,0.0,0.0,0.0,0.0,0.123099,0.876538,0.0,0.55172,0.376613,0.0,0.0,0.0,0.0,0.0,0.264384,0.0,0.0,0.0,0.029804,0.0,0.697597,1.264326,0.66172,0.108674,0.04091,0.431041,0.0
218,0.625642,0.0,0.674319,0.611285,0.0,0.105843,0.566218,0.0,0.0,1.082121,0.0,0.023796,0.189997,0.11922,0.0,0.0,0.203516,0.128963,0.0,0.494938,0.918226,0.0,0.0,0.0,0.0,0.159227,0.861406,0.0,0.494448,0.353559,0.0,0.0,0.0,0.0,0.0,0.267425,0.0,0.0,0.0,0.271505,0.0,0.731173,1.159877,0.707883,0.000755,0.021014,0.601163,0.0
219,0.484738,0.0,0.640055,0.565809,0.013007,0.0,0.754691,0.0,0.0,1.237831,0.0,0.076668,0.162289,0.15193,0.0,0.0,0.305146,0.126296,0.0,0.549019,0.922401,0.0,0.0,0.0,0.0,0.17661,0.839482,0.0,0.477112,0.542089,0.0,0.0,0.0,0.0,0.0,0.435304,0.0,0.0,0.0,0.292448,0.0,0.637659,1.19524,0.837783,0.0,0.0,0.515871,0.0
220,0.61369,0.0,0.570789,0.480089,0.0,0.0,0.75931,0.0,0.0,1.410539,0.0,0.037279,0.184635,0.356179,0.0,0.0,0.163097,0.364549,0.0,0.674584,1.253473,0.0,0.0,0.0,0.0,0.0,1.173242,0.0,0.850618,0.742045,0.0,0.072062,0.055797,0.0,0.163641,0.441956,0.0,0.0,0.0,0.35905,0.032903,0.61731,1.468317,0.968339,0.0,0.0,0.311284,0.0
221,0.74948,0.0,0.719228,0.434575,0.0,0.0,0.681685,0.0,0.0,1.689545,0.0,0.185894,0.080651,0.258212,0.0,0.0,0.066074,0.624676,0.0,0.89089,1.218677,0.0,0.0,0.0,0.0,0.0,1.281757,0.0,0.864957,0.963075,0.0,0.37427,0.271031,0.0,0.407024,0.333634,0.0,0.0,0.0,0.429611,0.0,0.593715,1.60871,0.979475,0.0,0.0,0.190245,0.0
222,0.687036,0.0,0.491069,0.346357,0.164562,0.029692,0.535259,0.0,0.0,1.470235,0.0,0.32455,0.0,0.615377,0.0,0.0,0.0,0.701881,0.0,0.824188,1.532389,0.0,0.0,0.0,0.0,0.0,1.57416,0.084394,1.060388,1.057159,0.0,0.85395,0.172861,0.0,0.419429,0.634213,0.202839,0.0,0.0,0.693968,0.0,0.606188,1.619584,1.319628,0.0,0.0,0.0,0.0
223,0.809922,0.0,0.718643,0.464927,0.075407,0.026442,0.360905,0.0,0.0,1.409443,0.0,0.368278,0.0,0.457487,0.0,0.0,0.0,0.644353,0.0,0.891614,1.218421,0.0,0.0,0.0,0.0,0.0,1.281464,0.0,0.640806,0.88116,0.0,0.510406,0.17759,0.0,0.412069,0.672979,0.04991,0.0,0.0,0.672858,0.0,0.630716,1.153065,1.227322,0.0,0.0,0.0,0.0
224,0.650241,0.0,0.437828,0.444257,0.142377,0.0,0.448937,0.0,0.0,1.383677,0.0,0.14977,0.0,0.588191,0.0,0.0,0.091668,0.734805,0.0,0.745687,1.183713,0.0,0.0,0.0,0.0,0.0,1.094525,0.0,0.48559,0.803345,0.0,0.363055,0.0,0.0,0.300535,0.832868,0.0,0.0,0.0,0.450736,0.458497,0.500959,1.099537,1.223511,0.0,0.0,0.0,0.0
225,0.464486,0.0,0.497379,0.423071,0.206177,0.0,0.505365,0.0,0.0,1.320316,0.0,0.0,0.0,0.491723,0.0,0.0,0.0,0.663838,0.0,0.679374,0.987339,0.0,0.0,0.0,0.0,0.0,0.972752,0.0,0.36749,0.661809,0.0,0.407657,0.0,0.0,0.24916,0.884833,0.0,0.0,0.0,0.490112,0.718541,0.465734,0.972848,1.333825,0.04313,0.0,0.0,0.0
226,0.358466,0.0,0.81374,0.763931,0.047128,0.0,0.153179,0.0,0.0,1.294739,0.0,0.0,0.0,0.28165,0.0,0.0,0.628387,0.587703,0.0,0.510206,0.497915,0.0,0.0,0.0,0.0,0.0,0.360595,0.0,0.0,0.339821,0.0,0.0,0.0,0.0,0.0,0.839625,0.0,0.0,0.0,0.0,1.022496,0.172055,0.56737,1.270806,0.364417,0.296798,0.217286,0.0
227,0.22056,0.0,0.784049,0.803017,0.0,0.0,0.135487,0.0,0.0,1.362115,0.0,0.0,0.0,0.282565,0.0,0.0,0.683609,0.633093,0.0,0.532436,0.148436,0.111046,0.0,0.0,0.0,0.0,0.191747,0.0,0.0,0.012588,0.0,0.0,0.0,0.0,0.0,0.962751,0.0,0.0,0.0,0.0,1.119421,0.138024,0.585705,1.318134,0.691809,0.40485,0.2531,0.0
228,0.198261,0.0,0.393123,0.616142,0.0,0.0,0.226479,0.0,0.0,1.370636,0.0,0.0,0.205722,0.421195,0.0,0.0,0.418969,0.776701,0.071986,0.495841,0.132419,0.0,0.0,0.0,0.0,0.165134,0.242886,0.0,0.0,0.0,0.0,0.0,0.0,0.0,0.0,1.004029,0.0,0.0,0.0,0.0,1.059776,0.122262,0.972037,1.209761,0.805055,0.286178,0.235833,0.0
229,0.236269,0.0,0.263969,0.689535,0.0,0.0,0.097649,0.000916,0.0,1.303025,0.0,0.0,0.349618,0.427199,0.0,0.0,0.561946,0.881818,0.187554,0.356957,0.0,0.048586,0.0,0.0,0.0,0.227711,0.088816,0.0,0.0,0.0,0.0,0.0,0.0,0.0,0.0,1.139708,0.0,0.0,0.0,0.0,1.016185,0.146524,0.888573,1.130125,1.015607,0.251669,0.179717,0.0
230,0.392612,0.0,0.03428,0.639065,0.0,0.0,0.002729,0.054194,0.0,1.102183,0.0,0.0,0.574876,0.456471,0.0,0.0,0.339396,0.882715,0.209104,0.402921,0.0,0.063547,0.0,0.0,0.0,0.287179,0.136629,0.0,0.087183,0.0,0.0,0.0,0.0,0.0,0.0,1.058028,0.0,0.0,0.0,0.0,0.911118,0.211383,0.931253,1.058872,1.080128,0.209807,0.07592,0.147316
231,0.349173,0.0,0.213874,0.772893,0.062818,0.0,0.0,0.0,0.0,0.840124,0.0,0.0,0.673985,0.199885,0.026043,0.0,0.579032,0.688581,0.342176,0.378375,0.0,0.376838,0.049963,0.0,0.066123,0.585436,0.268891,0.0,0.0,0.0,0.0,0.0,0.0,0.0,0.0,1.006405,0.0,0.0,0.0,0.0,0.750975,0.308599,0.542217,0.928158,1.071828,0.293687,0.123779,0.122447
232,0.467265,0.0,0.0,0.935435,0.202743,0.0,0.0,0.026449,0.0,0.497331,0.0,0.048901,0.651444,0.202695,0.0,0.0,0.610148,0.687739,0.459569,0.13783,0.0,0.356261,0.084826,0.0,0.317279,0.670448,0.155234,0.0,0.0,0.0,0.0,0.0,0.0,0.0,0.0,0.896002,0.0,0.0,0.0,0.0,0.649235,0.353805,0.250589,0.755507,1.007787,0.321678,0.0,0.0
233,0.633866,0.0,0.00285,1.003301,0.468951,0.0,0.0,0.0,0.0,0.040184,0.0,0.036444,0.742349,0.2049,0.0,0.0,0.679539,0.481215,0.48423,0.104801,0.0,0.382959,0.090298,0.0,0.558432,0.888468,0.319914,0.0,0.0,0.0,0.0,0.0,0.088114,0.0,0.0,0.689968,0.0,0.0,0.0,0.0,0.415632,0.561385,0.0,0.428639,0.830493,0.445064,0.0,0.0
234,1.036314,0.0,0.0,0.936468,0.438694,0.004321,0.0,0.0,0.0,0.0,0.0,0.115638,0.88178,0.166603,0.0,0.238907,0.556348,0.377972,0.413207,0.0,0.0,0.372868,0.0,0.0,0.790538,1.147195,0.451246,0.0,0.261822,0.0,0.0,0.0,0.016528,0.0,0.0,0.535414,0.0,0.0,0.0,0.0,0.066258,0.84431,0.0,0.0,0.420123,0.50838,0.0,0.0
235,1.112191,0.0,0.062793,0.880323,0.373769,0.153219,0.0,0.0,0.0,0.0,0.0,0.321385,0.822927,0.23041,0.0,0.218965,0.282857,0.212169,0.450524,0.05039,0.0,0.428682,0.0,0.0,0.866177,1.124727,0.646415,0.0,0.268486,0.0,0.0,0.047107,0.164331,0.0,0.0,0.310072,0.0,0.0,0.0,0.040408,0.003848,0.934543,0.0,0.0,0.302205,0.508253,0.135686,0.0
236,0.940465,0.0,0.0,0.582684,0.138158,0.398063,0.0,0.0,0.0,0.0,0.0,0.60053,0.591001,0.413299,0.0,0.356984,0.0,0.208692,0.46368,0.125205,0.0,0.398341,0.0,0.0,0.808655,1.177409,0.882791,0.0,0.420886,0.0,0.0,0.492746,0.287281,0.0,0.0,0.136261,0.0,0.0,0.0,0.708579,0.0,0.96168,0.083991,0.0,0.196376,0.278998,0.123976,0.479278
237,1.016927,0.0,0.0,0.74683,0.529554,0.214366,0.0,0.0,0.0,0.0,0.0,0.513365,0.66951,0.18182,0.0,0.193591,0.095912,0.040779,0.436354,0.07753,0.0,0.305165,0.0,0.0,0.838713,0.999295,0.601902,0.0,0.325358,0.0,0.0,0.096261,0.337932,0.0,0.0,0.105173,0.0,0.0,0.0,0.547235,0.0,0.832426,0.0,0.0,0.228496,0.391777,0.083974,0.0
238,0.914763,0.0,0.0,0.741607,0.574814,0.195509,0.0,0.0,0.0,0.0,0.0,0.237985,0.800812,0.006573,0.0,0.209736,0.380732,0.0,0.530724,0.089146,0.0,0.330785,0.0,0.0,0.709294,0.882158,0.360374,0.0,0.119689,0.0,0.0,0.0,0.09406,0.0,0.0,0.147719,0.0,0.0,0.0,0.33772,0.0,0.710623,0.0,0.0,0.18993,0.563504,0.096918,0.0
239,0.594463,0.0,0.0,0.911262,0.737922,0.0,0.194417,0.0,0.0,0.0,0.0,0.0,0.679182,0.0,0.0,0.0,0.618868,0.0,0.628414,0.037586,0.0,0.351584,0.0,0.0,0.526514,0.89868,0.147155,0.0,0.0,0.0,0.0,0.0,0.0,0.0,0.0,0.217597,0.0,0.0,0.0,0.025136,0.228455,0.464402,0.0,0.0,0.276217,0.607424,0.0,0.0
240,0.396623,0.0,0.0,1.017035,0.603526,0.0,0.200681,0.0,0.0,0.0,0.0,0.0,0.395827,0.0,0.0,0.0,0.551391,0.093036,0.817094,0.0,0.0,0.250853,0.0,0.0,0.530879,0.640983,0.0,0.0,0.0,0.0,0.0,0.0,0.0,0.0,0.0,0.219817,0.0,0.0,0.0,0.0,0.119866,0.32214,0.0,0.123271,0.327457,0.477981,0.0,0.0
241,0.761199,0.0,0.0,0.741316,0.417352,0.0,0.172073,0.0,0.0,0.0,0.0,0.0,0.611612,0.0,0.0,0.0,0.521091,0.0,0.685329,0.0,0.0,0.163152,0.0,0.0,0.553608,0.587153,0.11067,0.0,0.0,0.0,0.0,0.0,0.0,0.0,0.0,0.052465,0.0,0.0,0.0,0.031989,0.226368,0.366039,0.065315,0.128644,0.341933,0.598881,0.0,0.0
242,0.674366,0.0,0.0,0.386807,0.047139,0.0,0.0,0.0,0.0,0.073751,0.0,0.081395,0.591394,0.0,0.0,0.091817,0.220242,0.0,0.583654,0.234341,0.063478,0.094135,0.0,0.0,0.385906,0.409264,0.265024,0.0,0.0,0.048402,0.0,0.0,0.0,0.0,0.0,0.015291,0.0,0.0,0.0,0.376806,0.293292,0.1881,0.214847,0.185263,0.190456,0.470952,0.0,0.246529
243,0.715864,0.0,0.0,0.269252,0.339004,0.105944,0.006325,0.0,0.0,0.006093,0.0,0.0,0.749488,0.0,0.0,0.0,0.443305,0.0,0.461032,0.129207,0.0,0.131727,0.0,0.0,0.417505,0.432017,0.205591,0.0,0.0,0.093272,0.0,0.0,0.0,0.0,0.0,0.053438,0.0,0.0,0.0,0.07497,0.356304,0.190651,0.108402,0.184542,0.303038,0.63506,0.114931,0.0
244,0.256316,0.0,0.0,0.521342,0.349333,0.0,0.057965,0.0,0.0,0.281137,0.0,0.0,0.527828,0.0,0.0,0.0,0.333096,0.206627,0.400733,0.0,0.0,0.00716,0.0,0.0,0.278764,0.202313,0.0,0.0,0.0,0.063343,0.0,0.0,0.0,0.0,0.0,0.206365,0.0,0.0,0.0,0.0,0.360365,0.036143,0.266106,0.239853,0.244546,0.287928,0.0,0.0
245,0.317895,0.0,0.0,0.315969,0.228107,0.0,0.0,0.0,0.0,0.425462,0.0,0.0,0.616419,0.102271,0.0,0.0,0.068718,0.240636,0.215405,0.0,0.0,0.0,0.0,0.0,0.204792,0.037197,0.0,0.0,0.0,0.060694,0.0,0.0,0.152518,0.0,0.0,0.148805,0.0,0.0,0.0,0.0,0.53787,0.0,0.301583,0.442761,0.283628,0.149936,0.0,0.0
246,0.179406,0.0,0.0,0.240069,0.144603,0.0,0.033956,0.0,0.0,0.528265,0.0,0.089518,0.482822,0.248568,0.0,0.0,0.0,0.374466,0.091599,0.0,0.033926,0.0,0.0,0.0,0.201062,0.0,0.038709,0.0,0.0,0.229935,0.0,0.0,0.05195,0.0,0.0,0.411308,0.0,0.0,0.0,0.043579,0.750087,0.0,0.466217,0.493505,0.163266,0.053645,0.0,0.181975
247,0.190183,0.0,0.0,0.286866,0.0,0.0,0.100331,0.0,0.0,0.875595,0.0,0.0,0.562393,0.166287,0.0,0.0,0.150046,0.481026,0.202488,0.004202,0.064592,0.0,0.0,0.0,0.03917,0.076062,0.006947,0.0,0.0,0.276616,0.0,0.0,0.0,0.0,0.026483,0.378693,0.0,0.0,0.0,0.0,0.91316,0.0,0.529569,0.658355,0.181794,0.194478,0.107288,0.0
248,0.274967,0.0,0.0,0.299327,0.0,0.0,0.206911,0.0,0.0,1.010565,0.0,0.0,0.44128,0.0,0.0,0.0,0.062034,0.49321,0.128917,0.0,0.199359,0.0,0.0,0.0,0.171837,0.0,0.188266,0.0,0.0,0.354872,0.0,0.0,0.0,0.0,0.0,0.31751,0.0,0.0,0.0,0.0,1.065386,0.0,0.475099,0.77089,0.0,0.182719,0.037316,0.068453
249,0.384324,0.0,0.0,0.17639,0.0,0.0,0.329141,0.0,0.0,0.892835,0.0,0.0,0.475609,0.0,0.0,0.0,0.0,0.430674,0.076146,0.0,0.459666,0.0,0.0,0.0,0.283343,0.0,0.421058,0.0,0.0,0.426191,0.0,0.0,0.0,0.0,0.058707,0.359198,0.0,0.0,0.0,0.019002,1.075209,0.0,0.417207,0.838007,0.0,0.226431,0.0,0.067927
250,0.287979,0.0,0.0,0.3518,0.0,0.0,0.407482,0.0,0.0,0.993851,0.0,0.014589,0.384389,0.0,0.0,0.0,0.056063,0.410256,0.119024,0.0,0.72722,0.0,0.0,0.0,0.249015,0.031373,0.482953,0.0,0.0,0.480275,0.0,0.0,0.0,0.0,0.077873,0.4618,0.0,0.0,0.0,0.124483,1.183022,0.0,0.424208,1.04046,0.0,0.109319,0.0,0.101484
251,0.445801,0.0,0.0,0.338926,0.0,0.0,0.302736,0.0,0.0,1.231138,0.0,0.0,0.301988,0.0,0.0,0.0,0.0,0.577723,0.159349,0.087464,0.814587,0.0,0.0,0.0,0.208907,0.020714,0.546268,0.0,0.0,0.404499,0.0,0.0,0.0,0.0,0.053591,0.50119,0.0,0.0,0.0,0.142394,1.21979,0.0,0.294321,1.207786,0.0,0.053195,0.0,0.021105
252,0.435182,0.0,0.0,0.362539,0.00322,0.0,0.255708,0.0,0.0,1.104029,0.0,0.201353,0.115293,0.0,0.0,0.0,0.0,0.60483,0.0,0.337165,1.01647,0.0,0.0,0.0,0.233909,0.0,0.89659,0.0,0.0,0.684295,0.0,0.0,0.0,0.0,0.301166,0.730239,0.165346,0.0,0.0,0.429618,1.161996,0.0,0.477406,1.282848,0.0,0.0,0.0,0.0
253,0.701249,0.0,0.0,0.310035,0.0,0.0,0.119802,0.0,0.0,1.007114,0.0,0.22668,0.008962,0.332455,0.0,0.0,0.0,0.913592,0.0,0.726758,1.138718,0.0,0.0,0.0,0.107103,0.0,1.088391,0.0,0.235774,0.816514,0.0,0.00872,0.136437,0.0,0.686299,0.705249,0.180646,0.0,0.0,0.344299,0.776392,0.0,0.561819,1.301851,0.0,0.005194,0.0,0.0
254,0.797335,0.0,0.04475,0.301434,0.0,0.0,0.091923,0.0,0.0,1.103524,0.0,0.303392,0.039883,0.576569,0.0,0.0,0.0,0.935178,0.0,0.896613,1.302887,0.0,0.0,0.0,0.047677,0.0,1.445731,0.0,0.537849,0.939092,0.0,0.458913,0.298046,0.0,0.778186,0.668988,0.507527,0.0,0.0,0.474626,0.522696,0.083205,0.682379,1.309043,0.0,0.0,0.0,0.0
255,0.905036,0.0,0.105963,0.164686,0.0,0.043829,0.0,0.0,0.0,1.130209,0.0,0.397693,0.0,0.716134,0.0,0.0,0.0,0.904943,0.0,0.90615,1.192866,0.0,0.0,0.0,0.347184,0.0,1.685678,0.0,0.745531,1.111599,0.0,0.966046,0.486871,0.0,0.669539,0.569175,0.857184,0.0,0.0,0.528839,0.241525,0.242193,0.856743,1.178897,0.0,0.0,0.0,0.0
256,0.666006,0.0,0.132716,0.173517,0.088027,0.066993,0.008426,0.0,0.0,1.0341,0.0,0.375195,0.0,0.642827,0.0,0.0,0.0,0.750351,0.0,0.714089,1.06101,0.0,0.0,0.0,0.167423,0.0,1.312933,0.0,0.577034,0.918451,0.0,0.544073,0.35191,0.0,0.555987,0.579563,0.605734,0.0,0.0,0.524521,0.363472,0.271342,0.646837,1.181156,0.0,0.0,0.0,0.0
257,0.345654,0.0,0.0,0.144783,0.156505,0.070158,0.117763,0.0,0.0,0.948055,0.0,0.255462,0.0,0.476029,0.0,0.022911,0.012564,0.651073,0.0,0.490636,0.839941,0.0,0.0,0.0,0.0,0.0,0.769792,0.0,0.316294,0.735415,0.0,0.0,0.161262,0.0,0.508541,0.448587,0.088041,0.0,0.0,0.375474,0.646544,0.106723,0.483952,1.086643,0.0,0.0,0.0,0.0
258,0.056793,0.0,0.047332,0.079431,0.242402,0.0,0.306308,0.0,0.0,0.827542,0.0,0.317129,0.0,0.234794,0.0,0.0,0.119706,0.345796,0.0,0.0,0.695115,0.0,0.0,0.0,0.0,0.0,0.478376,0.0,0.120677,0.629053,0.0,0.0,0.0,0.0,0.339213,0.38685,0.0,0.0,0.0,0.51403,0.870014,0.0,0.422736,0.951162,0.0,0.0,0.088741,0.0
259,0.0,0.0,0.0,0.0,0.066535,0.0,0.41439,0.0,0.0,0.944569,0.0,0.15514,0.200477,0.274981,0.0,0.010525,0.164787,0.284109,0.0,0.006369,0.578233,0.0,0.0,0.0,0.0,0.0,0.317692,0.0,0.008344,0.589183,0.0,0.0,0.007514,0.0,0.286902,0.140929,0.0,0.0,0.0,0.368211,0.913301,0.0,0.441775,0.90154,0.0,0.0,0.201018,0.0
260,0.0,0.0,0.0,0.009188,0.097529,0.0,0.427394,0.0,0.0,1.033335,0.0,0.133574,0.120824,0.154989,0.0,0.045876,0.212646,0.243684,0.0,0.0,0.552461,0.0,0.0,0.0,0.0,0.0,0.203834,0.0,0.0,0.539342,0.0,0.0,0.0,0.0,0.135045,0.064918,0.0,0.0,0.0,0.437831,1.115683,0.0,0.380253,0.845088,0.0,0.0,0.27395,0.0
261,0.0,0.0,0.0,0.0,0.005086,0.0,0.439025,0.0,0.0,0.968436,0.0,0.101592,0.212365,0.39242,0.0,0.183925,0.0,0.326889,0.0,0.012229,0.669176,0.0,0.0,0.0,0.0,0.0,0.45362,0.0,0.0,0.694935,0.0,0.0,0.058449,0.0,0.186418,0.041894,0.00444,0.0,0.0,0.402597,0.960871,0.0,0.560931,0.788754,0.0,0.0,0.309354,0.0
262,0.09102,0.0,0.0,0.0,0.139724,0.080752,0.300666,0.0,0.0,0.890299,0.0,0.370035,0.302318,0.496199,0.0,0.176901,0.070911,0.270792,0.0,0.0,0.692606,0.0,0.0,0.0,0.0,0.0,0.683463,0.0,0.284782,0.446121,0.0,0.0,0.188665,0.0,0.432437,0.020775,0.202121,0.0,0.0,0.485341,0.656691,0.0,0.558904,0.861058,0.0,0.0,0.106345,0.0
263,0.244353,0.0,0.0,0.0,0.031643,0.134533,0.175416,0.0,0.0,0.849481,0.0,0.620196,0.640192,0.648485,0.0,0.147455,0.0,0.359415,0.0,0.1792,0.910018,0.0,0.0,0.0,0.0,0.062142,1.108833,0.0,0.573469,0.523466,0.0,0.008862,0.352103,0.0,0.592128,0.0,0.521677,0.0,0.0,0.412918,0.47396,0.130255,0.643121,0.829835,0.0,0.0,0.0,0.083103
264,0.358905,0.0,0.0,0.0,0.185793,0.179032,0.0,0.0,0.0,0.691019,0.0,0.499575,0.552741,0.821648,0.0,0.0,0.0,0.418363,0.0,0.63384,0.68386,0.0,0.0,0.0,0.0,0.0,1.144636,0.0,0.480613,0.562121,0.0,0.219672,0.681061,0.0,0.460289,0.0,0.519603,0.0,0.0,0.462084,0.286601,0.315042,0.533058,0.775611,0.0,0.0,0.0,0.0
265,0.303554,0.0,0.0,0.0,0.228688,0.21974,0.0,0.0,0.0,0.464561,0.0,0.709009,0.427627,0.871017,0.0,0.195959,0.0,0.455204,0.0,0.441492,0.609018,0.0,0.0,0.0,0.0,0.077314,0.971511,0.0,0.664177,0.303748,0.0,0.026415,0.690413,0.0,0.54904,0.028909,0.338663,0.0,0.0,0.30308,0.181666,0.158055,0.307506,0.781603,0.0,0.0,0.0,0.0
266,0.239188,0.0,0.0,0.0,0.375168,0.0,0.0,0.0,0.0,0.507671,0.0,0.636392,0.151887,0.946733,0.0,0.343495,0.0,0.607474,0.0,0.163104,0.498558,0.0,0.0,0.0,0.027271,0.027491,0.920061,0.0,0.884929,0.345062,0.0,0.025334,0.743966,0.0,0.468133,0.350842,0.142874,0.0,0.0,0.313397,0.323161,0.0,0.501591,0.783128,0.0,0.0,0.0,0.0
267,0.228256,0.0,0.0,0.0,0.29173,0.036482,0.0,0.0,0.0,0.450004,0.0,0.723783,0.262148,0.947534,0.0,0.276729,0.0,0.334915,0.0,0.312729,0.619947,0.0,0.0,0.0,0.023913,0.173808,1.181355,0.0,0.799341,0.329302,0.0,0.201566,0.797492,0.0,0.368092,0.339926,0.593032,0.0,0.0,0.23255,0.229295,0.103494,0.406365,0.955941,0.0,0.0,0.0,0.0
268,0.119108,0.0,0.0,0.0,0.135969,0.067174,0.0,0.0,0.0,0.566967,0.0,0.561373,0.116723,0.909769,0.0,0.534171,0.0,0.535269,0.0,0.0,0.46074,0.0,0.0,0.0,0.032517,0.21773,0.6846,0.0,0.658516,0.217284,0.0,0.0,0.564826,0.0,0.235719,0.527845,0.01879,0.0,0.0,0.117582,0.472022,0.0,0.362863,0.882554,0.0,0.0,0.0,0.0
269,0.225928,0.0,0.0,0.0,0.033798,0.04409,0.0,0.0,0.0,0.569608,0.0,0.440141,0.358611,0.934174,0.0,0.181429,0.0,0.583179,0.0,0.479661,0.329836,0.0,0.0,0.0,0.116031,0.127004,0.926625,0.0,0.485186,0.309968,0.0,0.156116,0.972364,0.0,0.366941,0.504044,0.137052,0.0,0.0,0.067996,0.462256,0.0,0.538395,0.784432,0.138239,0.0,0.0,0.0
270,0.031047,0.0,0.0,0.0,0.239156,0.0,0.0,0.0,0.0,0.314809,0.0,0.68652,0.396633,0.506138,0.0,0.0,0.0,0.302204,0.0,0.323832,0.425632,0.0,0.0,0.0,0.099896,0.086067,0.778017,0.0,0.261162,0.389757,0.0,0.0,0.809762,0.0,0.233665,0.535041,0.253414,0.0,0.0,0.193911,0.6605,0.0,0.287226,0.941323,0.0,0.0,0.0,0.0
271,0.0,0.0,0.0,0.0,0.175557,0.0,0.0,0.0,0.0,0.307642,0.0,0.855216,0.730318,0.456403,0.0,0.213592,0.0,0.111545,0.0,0.074486,0.576904,0.0,0.0,0.0,0.175993,0.301472,0.754112,0.0,0.239506,0.253949,0.0,0.0,0.750551,0.0,0.165963,0.564679,0.299839,0.0,0.0,0.097166,0.720258,0.0,0.223521,1.010583,0.023264,0.0,0.0,0.156411
272,0.033622,0.0,0.0,0.0,0.122317,0.0,0.0,0.0,0.0,0.083361,0.0,0.917105,0.861529,0.494862,0.119744,0.023394,0.0,0.0239,0.0,0.179548,0.503755,0.0,0.0,0.0,0.308809,0.429169,0.787499,0.0,0.23957,0.196873,0.0,0.0,0.913946,0.0,0.171844,0.55039,0.362081,0.0,0.0,0.094143,0.624693,0.0,0.0782,0.993546,0.143182,0.087893,0.0,0.205044
273,0.117455,0.0,0.0,0.0,0.024577,0.0,0.0,0.057848,0.0,0.391775,0.0,0.87412,0.676276,0.543474,0.0,0.448369,0.0,0.459246,0.0,0.117609,0.388298,0.0,0.0,0.0,0.275695,0.299144,0.53421,0.0,0.142298,0.084309,0.0,0.0,0.802063,0.0,0.073848,0.514519,0.003154,0.0,0.0,0.0,0.695236,0.0,0.382716,0.963628,0.077116,0.0,0.0,0.20156
274,0.234504,0.0,0.0,0.0,0.18668,0.0,0.0,0.09789,0.0,0.235115,0.0,0.885092,0.656062,0.48697,0.0,0.033951,0.0,0.345477,0.038237,0.414819,0.308614,0.0,0.0,0.0,0.366326,0.358696,0.807928,0.0,0.184957,0.133492,0.0,0.0,1.025672,0.0,0.10781,0.52411,0.253959,0.0,0.0,0.151533,0.619684,0.0,0.358771,0.951315,0.235603,0.0,0.0,0.295744
275,0.354318,0.0,0.0,0.0,0.150269,0.0,0.0,0.012433,0.0,0.049771,0.0,0.799311,0.79948,0.429613,0.0,0.290318,0.0,0.368082,0.0,0.194757,0.322233,0.0,0.0,0.0,0.327378,0.492506,0.646048,0.0,0.445791,0.0,0.0,0.0,0.937074,0.0,0.210926,0.274551,0.123762,0.0,0.0,0.0,0.354933,0.0,0.137663,0.890527,0.120764,0.0,0.0,0.063526
276,0.406165,0.0,0.0,0.0,0.191083,0.0,0.0,0.0,0.0,0.137889,0.0,0.530192,0.638406,0.356665,0.0,0.0,0.0,0.367143,0.04849,0.373002,0.242131,0.0,0.0,0.0,0.254753,0.357929,0.648922,0.0,0.139384,0.0,0.0,0.0,0.822196,0.0,0.102805,0.147754,0.076468,0.0,0.0,0.0,0.432359,0.0,0.0,1.036161,0.261159,0.025316,0.0,0.108538
277,0.642583,0.0,0.0,0.058527,0.0,0.095586,0.0,0.0,0.0,0.464101,0.0,0.328004,0.541236,0.414472,0.0,0.110098,0.0,0.661005,0.274078,0.701345,0.350944,0.0,0.0,0.0,0.121359,0.308303,0.718075,0.0,0.0,0.061682,0.0,0.0,0.44274,0.0,0.265923,0.213733,0.019781,0.0,0.0,0.0,0.609376,0.007697,0.262626,0.932477,0.158448,0.085841,0.0,0.448095
278,0.65224,0.0,0.0,0.152521,0.0,0.0,0.0,0.0,0.0,0.465138,0.0,0.302104,0.518032,0.312454,0.0,0.0,0.0,0.547216,0.180472,0.668841,0.382828,0.0,0.0,0.0,0.230417,0.274088,0.828338,0.0,0.0,0.149082,0.0,0.0,0.297423,0.0,0.349537,0.308336,0.0,0.0,0.0,0.060815,0.681975,0.115762,0.378395,0.902997,0.0,0.145734,0.0,0.35625
279,0.807328,0.0,0.0,0.090471,0.05587,0.0,0.0,0.0,0.0,0.581863,0.0,0.247785,0.263721,0.179556,0.0,0.0,0.0,0.534339,0.086885,0.781697,0.418607,0.0,0.0,0.0,0.38531,0.261482,1.048967,0.0,0.0,0.226126,0.0,0.0,0.246407,0.0,0.223885,0.472003,0.096016,0.0,0.0,0.257237,0.671506,0.221011,0.39614,0.889368,0.0,0.065784,0.0,0.33438
280,0.659759,0.0,0.003762,0.107991,0.257933,0.0,0.0,0.0,0.0,0.613377,0.0,0.387022,0.408536,0.166548,0.0,0.0,0.0,0.508599,0.0,0.727078,0.822343,0.0,0.0,0.0,0.241195,0.331813,1.354295,0.0,0.271216,0.25574,0.0,0.0,0.259899,0.0,0.40867,0.279221,0.239137,0.0,0.0,0.324167,0.555719,0.18964,0.472123,0.961465,0.0,0.0,0.0,0.301878
281,1.02087,0.0,0.097795,0.0,0.0,0.302936,0.0,0.0,0.0,0.757955,0.0,0.38172,0.378367,0.372861,0.0,0.113933,0.0,0.675076,0.0368,0.715353,0.768225,0.0,0.0,0.0,0.0,0.336453,1.186892,0.0,0.247745,0.033894,0.0,0.0,0.273693,0.0,0.490337,0.0,0.114854,0.0,0.0,0.0,0.299249,0.276781,0.431026,0.731734,0.0,0.053792,0.0,0.337478
282,0.969436,0.0,0.051156,0.0,0.0,0.172331,0.059544,0.0,0.0,1.052071,0.0,0.210985,0.363079,0.44415,0.0,0.237152,0.0,0.628453,0.01003,0.644796,0.725048,0.075644,0.0,0.0,0.0,0.272207,1.181144,0.0,0.29667,0.0,0.0,0.0,0.486021,0.0,0.221615,0.0,0.0,0.0,0.0,0.0,0.275221,0.337949,0.557111,0.571241,0.0,0.0,0.0,0.124615
283,0.766789,0.0,0.162962,0.0,0.0,0.044202,0.073636,0.0,0.0,0.982953,0.0,0.353691,0.429801,0.589108,0.0,0.334039,0.0,0.603229,0.0,0.491915,0.633168,0.19248,0.0,0.0,0.0,0.617854,1.295111,0.0,0.770269,0.0,0.0,0.0,0.37645,0.0,0.374826,0.0,0.0,0.0,0.0,0.0,0.227714,0.396836,0.691711,0.686784,0.0,0.0,0.0,0.099672
284,0.793826,0.0,0.0,0.062778,0.0,0.098858,0.223972,0.0,0.0,0.984801,0.0,0.50714,0.629843,0.598462,0.0,0.733221,0.0,0.736794,0.0,0.058323,0.541212,0.046476,0.0,0.0,0.0,0.924605,1.03242,0.0,1.099285,0.0,0.0,0.006042,0.432367,0.0,0.261125,0.0,0.0,0.0,0.0,0.0,0.0,0.488379,0.58427,0.254629,0.0,0.0,0.0,0.0
285,0.93263,0.0,0.173855,0.107627,0.0,0.0,0.383989,0.0,0.0,1.037971,0.0,0.481387,0.756253,0.524768,0.0,0.582331,0.0,0.665033,0.026371,0.356313,0.52833,0.149427,0.0,0.0,0.0,0.849981,1.374526,0.0,1.099524,0.0,0.0,0.224677,0.467274,0.0,0.26837,0.0,0.0,0.0,0.0,0.0,0.016194,0.616758,0.939805,0.223442,0.0,0.0,0.0,0.133572
286,0.93696,0.0,0.132913,0.250511,0.0,0.042973,0.077361,0.0,0.0,0.859722,0.0,0.286033,0.322826,0.328504,0.0,0.271904,0.0,0.569492,0.262691,0.262681,0.232454,0.407725,0.0,0.0,0.0,0.602597,0.857491,0.0,0.379054,0.0,0.0,0.0,0.300301,0.0,0.0,0.0,0.0,0.0,0.0,0.0,0.010548,0.562216,0.358027,0.429628,0.0,0.0,0.0,0.0
287,0.759527,0.0,0.115282,0.532639,0.170794,0.0,0.0,0.0,0.0,0.607946,0.0,0.182347,0.286094,0.21202,0.0,0.1775,0.0,0.500019,0.371668,0.221832,0.078969,0.321633,0.0,0.0,0.122943,0.476138,0.646655,0.0,0.200854,0.0,0.0,0.0,0.157482,0.0,0.0,0.072172,0.0,0.0,0.0,0.0,0.0,0.528015,0.228303,0.607743,0.143852,0.0,0.0,0.0
288,0.979478,0.0,0.144641,0.461742,0.0,0.165037,0.0,0.0,0.0,0.529854,0.0,0.175247,0.190892,0.0,0.0,0.0,0.0,0.341254,0.417877,0.478412,0.129826,0.313765,0.0,0.0,0.294973,0.616208,0.798165,0.0,0.147159,0.0,0.0,0.0,0.0,0.0,0.0,0.04407,0.0,0.0,0.0,0.0,0.025812,0.474169,0.303043,0.630653,0.283077,0.107311,0.0,0.304451
289,0.686663,0.0,0.060745,0.884891,0.116239,0.0,0.041517,0.0,0.0,0.358174,0.0,0.0,0.326686,0.0,0.0,0.0,0.254659,0.270838,0.524662,0.258453,0.050163,0.150077,0.0,0.0,0.406511,0.45812,0.452634,0.0,0.099901,0.0,0.0,0.0,0.0,0.0,0.0,0.200833,0.0,0.0,0.0,0.0,0.0,0.494366,0.292082,0.511711,0.325764,0.2637,0.0,0.0
290,0.70864,0.0,0.06621,0.785867,0.0,0.0,0.218794,0.0,0.0,0.508524,0.0,0.0,0.364614,0.0,0.0,0.0,0.289666,0.247654,0.608678,0.396777,0.141062,0.069086,0.0,0.0,0.488266,0.537099,0.550564,0.0,0.004242,0.0,0.0,0.0,0.0,0.0,0.0,0.310278,0.0,0.0,0.0,0.0,0.142583,0.38551,0.644761,0.255174,0.264596,0.345822,0.09266,0.0
291,0.768222,0.0,0.016058,0.816448,0.0,0.0,0.247001,0.0,0.0,0.448997,0.0,0.0,0.385421,0.0,0.0,0.0,0.25154,0.278465,0.543109,0.45651,0.355316,0.0,0.0,0.0,0.436102,0.399667,0.577191,0.0,0.0,0.132369,0.0,0.0,0.0,0.0,0.0,0.24891,0.0,0.0,0.0,0.01634,0.08928,0.314108,0.684251,0.290784,0.040141,0.448215,0.154257,0.0
292,0.885701,0.0,0.0,0.615961,0.0,0.0,0.167305,0.0,0.0,0.60758,0.0,0.0,0.196095,0.0,0.0,0.0,0.07341,0.321794,0.516951,0.609603,0.4743,0.0,0.0,0.0,0.381857,0.321954,0.7181,0.0,0.0,0.277022,0.0,0.0,0.0,0.0,0.118828,0.139989,0.0,0.0,0.0,0.13282,0.284917,0.182534,0.577935,0.591457,0.0,0.465578,0.014298,0.0
293,0.881366,0.0,0.006997,0.561965,0.0,0.0,0.325079,0.0,0.0,0.904766,0.0,0.0,0.023299,0.0,0.0,0.0,0.0,0.382383,0.506078,0.289907,0.686498,0.0,0.0,0.0,0.636404,0.188033,0.830037,0.0,0.0,0.13286,0.0,0.0,0.0,0.0,0.107416,0.143807,0.0,0.0,0.0,0.327965,0.596853,0.143091,0.399677,0.918107,0.0,0.142438,0.0,0.03675
294,1.036633,0.0,0.0,0.376325,0.0,0.001458,0.442393,0.0,0.0,1.044574,0.0,0.0425,0.118655,0.0,0.0,0.0,0.0,0.433775,0.465895,0.219986,1.122801,0.0,0.0,0.0,0.563746,0.232974,1.066772,0.0,0.0,0.189562,0.0,0.0,0.022797,0.0,0.320686,0.0,0.15576,0.0,0.0,0.171395,0.77815,0.0,0.372301,0.92569,0.0,0.257238,0.0,0.097666
295,1.218297,0.0,0.0,0.356194,0.0,0.060552,0.5018,0.0,0.0,1.309082,0.0,0.198459,0.015876,0.0,0.0,0.0,0.0,0.449218,0.557459,0.202684,1.220574,0.0,0.0,0.0,0.593884,0.30535,1.245332,0.0,0.0,0.174666,0.0,0.0,0.171739,0.0,0.335281,0.0,0.284377,0.0,0.0,0.211731,0.867012,0.0,0.331966,1.042017,0.0,0.363418,0.0,0.132805
296,1.164819,0.0,0.0,0.253338,0.0,0.038963,0.340208,0.0,0.0,1.251856,0.0,0.060658,0.0,0.0,0.0,0.0,0.0,0.587696,0.377839,0.393381,1.059363,0.0,0.0,0.0,0.406452,0.125383,1.006293,0.0,0.0,0.168119,0.0,0.0,0.207425,0.0,0.301076,0.0,0.261423,0.0,0.0,0.10146,0.794403,0.0,0.357738,1.015102,0.0,0.263084,0.0,0.0
297,0.820099,0.0,0.087482,0.217707,0.0,0.0,0.392977,0.0,0.0,1.272233,0.0,0.141835,0.048071,0.0,0.0,0.0,0.0,0.597232,0.172075,0.436854,0.870288,0.0,0.0,0.0,0.288006,0.055724,0.971989,0.0,0.0,0.241687,0.0,0.0,0.158154,0.0,0.377619,0.0,0.19481,0.0,0.0,0.18294,0.836741,0.0,0.648378,0.99231,0.0,0.0,0.0,0.070644
298,0.688025,0.0,0.0,0.0,0.0,0.0,0.27592,0.0,0.0,1.106305,0.0,0.051716,0.235307,0.362205,0.0,0.0,0.0,0.753224,0.0,0.652683,0.714022,0.0,0.0,0.0,0.066536,0.08942,0.94143,0.0,0.164438,0.383569,0.0,0.0,0.068013,0.0,0.460197,0.12213,0.189391,0.0,0.0,0.090628,0.700928,0.0,0.846746,0.924094,0.0,0.0,0.0,0.151586
299,0.83483,0.0,0.032877,0.00626,0.0,0.0,0.0,0.0,0.0,0.87515,0.0,0.252086,0.0,0.438552,0.0,0.053338,0.0,0.736313,0.0,0.539837,0.484252,0.0,0.0,0.0,0.022678,0.147006,0.696607,0.0,0.082643,0.072046,0.0,0.0,0.163626,0.0,0.365951,0.121611,0.0,0.0,0.0,0.011517,0.521173,0.007963,0.284152,0.887764,0.0,0.0,0.0,0.0
300,0.952444,0.0,0.093514,0.127952,0.0,0.125398,0.0,0.0,0.0,0.699139,0.0,0.573228,0.199594,0.446376,0.0,0.251346,0.0,0.744881,0.0,0.339188,0.578485,0.0,0.0,0.0,0.089791,0.473464,0.919615,0.0,0.530351,0.0,0.0,0.0,0.191407,0.0,0.517483,0.0,0.0,0.0,0.0,0.0,0.3079,0.253957,0.185099,0.79862,0.0,0.0,0.0,0.052738
301,1.10666,0.0,0.252429,0.214871,0.0,0.0,0.0,0.0,0.0,0.778218,0.0,0.554507,0.230986,0.503164,0.0,0.267865,0.0,0.780916,0.038775,0.547656,0.448397,0.0,0.0,0.0,0.160751,0.480092,1.14371,0.0,0.488132,0.0,0.0,0.056524,0.326971,0.0,0.429549,0.0,0.0,0.0,0.0,0.0,0.324992,0.374381,0.363345,0.50106,0.0,0.0,0.0,0.190884
302,1.105806,0.0,0.406152,0.390277,0.0,0.0,0.0,0.0,0.0,0.733721,0.0,0.526536,0.0,0.314577,0.0,0.074781,0.0,0.668457,0.218226,0.638162,0.301335,0.383089,0.0,0.0,0.26743,0.529574,1.176805,0.0,0.232033,0.0,0.0,0.0,0.167796,0.0,0.244369,0.0,0.0,0.0,0.0,0.0,0.454323,0.349506,0.266399,0.7077,0.0,0.06812,0.0,0.354219
303,1.316863,0.0,0.263285,0.556414,0.0,0.0,0.0,0.0,0.0,0.63234,0.0,0.303659,0.0,0.164004,0.0,0.0,0.0,0.720149,0.530703,0.575153,0.079821,0.53994,0.0,0.0,0.538668,0.581431,1.007841,0.0,0.0,0.0,0.0,0.0,0.181223,0.0,0.0,0.0,0.0,0.0,0.0,0.0,0.397453,0.353875,0.126567,0.510243,0.029299,0.239976,0.0,0.255431
304,1.453538,0.0,0.131816,0.958913,0.0,0.071722,0.0,0.0,0.0,0.187287,0.0,0.333971,0.0,0.0,0.0,0.0,0.100996,0.618016,0.746783,0.303491,0.0,0.591847,0.0,0.0,0.785246,0.720589,0.800663,0.0,0.051231,0.0,0.0,0.0,0.119662,0.0,0.0,0.0,0.0,0.0,0.0,0.0,0.268608,0.522899,0.0,0.697987,0.15834,0.506661,0.0,0.091002
305,1.27648,0.0,0.0,1.049508,0.0,0.0,0.0,0.0,0.0,0.108827,0.0,0.121712,0.15985,0.0,0.0,0.0,0.282298,0.477079,1.061811,0.406109,0.0,0.583422,0.0,0.0,0.825841,0.779644,0.710004,0.0,0.0,0.0,0.0,0.0,0.040912,0.0,0.0,0.031678,0.0,0.0,0.0,0.0,0.242249,0.434999,0.051162,0.579407,0.362552,0.564949,0.0,0.221852
306,1.094807,0.0,0.0,1.318258,0.203088,0.0,0.0,0.0,0.0,0.0,0.0,0.0,0.524549,0.0,0.0,0.0,0.728591,0.266046,1.211053,0.197671,0.0,0.543775,0.0,0.0,0.975245,0.972076,0.639224,0.0,0.0,0.0,0.0,0.0,0.001801,0.0,0.0,0.247264,0.0,0.0,0.0,0.0,0.149181,0.521137,0.0,0.367047,0.481258,0.737768,0.0,0.0
307,1.315286,0.0,0.0,1.385869,0.224365,0.0,0.0,0.0,0.0,0.0,0.0,0.0,0.875682,0.0,0.0,0.0,0.80621,0.071762,1.279803,0.119976,0.0,0.402399,0.227284,0.0,1.255028,1.208595,0.604015,0.0,0.0,0.0,0.0,0.0,0.002582,0.0,0.0,0.169079,0.0,0.0,0.0,0.0,0.090237,0.67043,0.0,0.080992,0.520921,1.045755,0.0,0.0
308,1.268358,0.0,0.0,1.171261,0.339868,0.0,0.0,0.0,0.0,0.0,0.0,0.0,0.691364,0.0,0.0,0.0,0.485957,0.066434,1.076066,0.42795,0.0,0.286468,0.0,0.0,0.965052,0.963744,0.593641,0.0,0.0,0.0,0.0,0.0,0.0,0.0,0.0,0.118848,0.0,0.0,0.0,0.0,0.037609,0.6511,0.0,0.23368,0.457239,0.835585,0.0,0.0
309,1.181489,0.0,0.0,0.883996,0.692533,0.0,0.0,0.0,0.0,0.0,0.0,0.202233,0.268988,0.0,0.0,0.0,0.0,0.201562,0.712138,0.531976,0.0,0.088808,0.0,0.0,0.964836,0.739289,0.628196,0.0,0.179899,0.0,0.0,0.0,0.299044,0.0,0.0,0.120075,0.0,0.0,0.0,0.524093,0.0,0.537811,0.0,0.307094,0.46706,0.45097,0.0,0.0
310,0.964822,0.0,0.0,0.464428,0.384539,0.0,0.0,0.0,0.0,0.0,0.0,0.390362,0.267897,0.166488,0.0,0.0,0.0,0.298942,0.654238,0.655987,0.0,0.0,0.0,0.0,0.920432,0.780662,0.9267,0.0,0.352899,0.0,0.0,0.269247,0.464545,0.0,0.0,0.267365,0.169753,0.0,0.0,0.918469,0.0,0.607414,0.095362,0.260332,0.37368,0.22466,0.0,0.499
311,0.988121,0.0,0.008849,0.567245,0.35178,0.128372,0.0,0.0,0.0,0.0,0.0,0.162919,0.470057,0.0,0.0,0.0,0.0,0.127622,0.45517,0.608335,0.020399,0.0,0.0,0.0,0.626002,0.506476,0.696014,0.0,0.137181,0.0,0.0,0.0,0.126895,0.0,0.0,0.19927,0.0,0.0,0.0,0.435335,0.0,0.64614,0.0,0.234176,0.18471,0.510533,0.131838,0.034106
312,0.814189,0.0,0.131556,0.481067,0.1829,0.095039,0.0,0.0,0.0,0.0,0.0,0.025171,0.479683,0.04734,0.0,0.0,0.220496,0.097483,0.418627,0.395929,0.009887,0.0,0.0,0.0,0.614875,0.459087,0.663346,0.0,0.140138,0.124645,0.0,0.0,0.170467,0.0,0.0,0.245074,0.0,0.0,0.0,0.269554,0.14542,0.507824,0.013695,0.162632,0.173783,0.550158,0.302662,0.0
313,0.36883,0.0,0.180196,0.841852,0.392977,0.0,0.195803,0.0,0.0,0.128365,0.0,0.0,0.126072,0.0,0.0,0.0,0.653202,0.10142,0.35186,0.112366,0.034169,0.0,0.078373,0.0,0.456018,0.373033,0.194727,0.0,0.049839,0.040709,0.0,0.0,0.0,0.0,0.0,0.403663,0.0,0.0,0.0,0.059848,0.527073,0.237426,0.03013,0.332742,0.18011,0.449618,0.213279,0.0
314,0.199329,0.0,0.301623,0.571994,0.112119,0.0,0.191065,0.0,0.0,0.497941,0.0,0.069009,0.0,0.11284,0.0,0.0,0.42457,0.239347,0.191099,0.267421,0.203827,0.0,0.0,0.0,0.205248,0.062179,0.27497,0.0,0.0,0.200421,0.0,0.0,0.0,0.0,0.0,0.47109,0.0,0.0,0.0,0.269492,0.762126,0.139179,0.224808,0.630259,0.165076,0.394709,0.242945,0.0
315,0.221885,0.0,0.493551,0.512598,0.074,0.0,0.307632,0.0,0.0,0.553799,0.0,0.054584,0.0,0.0,0.0,0.001615,0.499429,0.128447,0.200535,0.07679,0.23449,0.001518,0.0,0.0,0.207142,0.112697,0.110661,0.0,0.0,0.096583,0.0,0.0,0.0,0.0,0.0,0.40384,0.0,0.0,0.0,0.398061,0.981239,0.022079,0.083192,0.561909,0.10459,0.366336,0.315254,0.0
316,0.293851,0.0,0.376983,0.241229,0.13137,0.0,0.329615,0.0,0.0,0.704105,0.088376,0.0,0.094514,0.024602,0.0,0.0,0.216456,0.212773,0.257787,0.242926,0.257578,0.0,0.0,0.0,0.211044,0.074463,0.280658,0.0,0.0,0.242127,0.0,0.0,0.0,0.0,0.085894,0.462417,0.0,0.0,0.0,0.515582,0.922041,0.188848,0.147403,0.647197,0.107548,0.369467,0.365212,0.0
317,0.18593,0.0,0.366126,0.062508,0.150621,0.0,0.378848,0.0,0.0,0.639082,0.046809,0.033137,0.182824,0.14692,0.0,0.078221,0.165305,0.124054,0.17149,0.176612,0.368111,0.0,0.0,0.0,0.132045,0.0,0.250014,0.0,0.0,0.232499,0.0,0.0,0.0,0.0,0.20185,0.342391,0.0,0.0,0.0,0.592548,0.873048,0.232093,0.236669,0.674228,0.0,0.390888,0.552056,0.0
318,0.27256,0.0,0.456365,0.295731,0.21072,0.0,0.510412,0.0,0.0,0.514945,0.054772,0.0,0.20868,0.025276,0.0,0.05985,0.450312,0.022902,0.245791,0.055041,0.28767,0.0,0.0,0.0,0.239525,0.131549,0.139817,0.0,0.0,0.247484,0.0,0.0,0.0,0.0,0.099588,0.231157,0.0,0.0,0.0,0.48352,0.794527,0.262858,0.300037,0.520399,0.0,0.420651,0.617865,0.0
319,0.322647,0.0,0.324893,0.399193,0.213175,0.0,0.588018,0.0,0.0,0.549007,0.0,0.130045,0.236771,0.133102,0.0,0.0,0.228706,0.048634,0.274048,0.12117,0.293902,0.0,0.0,0.0,0.16758,0.018389,0.288373,0.0,0.104096,0.169486,0.0,0.0,0.0,0.056379,0.161384,0.037097,0.0,0.0,0.0,0.622013,0.417426,0.390288,0.583869,0.56289,0.0,0.308056,0.347131,0.0
320,0.421308,0.0,0.439063,0.502711,0.186287,0.0,0.786593,0.0,0.0,0.647715,0.223662,0.0,0.422619,0.009596,0.0,0.0,0.439159,0.0,0.407926,0.071383,0.284886,0.0,0.0,0.0,0.203696,0.245471,0.254753,0.0,0.0,0.454874,0.0,0.0,0.0,0.259939,0.076754,0.046848,0.0,0.0,0.0,0.5823,0.379549,0.48334,0.630063,0.473176,0.0,0.246229,0.569515,0.0
321,0.367961,0.0,0.383918,0.581758,0.228965,0.0,0.881122,0.0,0.0,0.740308,0.165208,0.0,0.245084,0.0,0.0,0.0,0.463953,0.0,0.54271,0.0,0.542587,0.0,0.0,0.0,0.0,0.423438,0.205845,0.0,0.0,0.280067,0.0,0.0,0.0,0.422063,0.0,0.013873,0.0,0.0,0.0,0.66239,0.335861,0.308651,0.613457,0.639696,0.0,0.062248,0.635661,0.0
322,0.626549,0.0,0.469247,0.570846,0.0,0.0,1.212971,0.0,0.0,0.902763,0.340403,0.0,0.371033,0.0,0.0,0.0,0.165914,0.0,0.422629,0.0,0.475205,0.0,0.0,0.0,0.028251,0.243109,0.415196,0.0,0.220583,0.323668,0.0,0.0,0.088158,0.483635,0.0,0.0,0.0,0.0,0.0,0.63901,0.118694,0.531264,1.031783,0.543216,0.0,0.0,0.470393,0.0
323,0.440571,0.0,0.319844,0.522445,0.0,0.0,1.186534,0.0,0.0,1.114343,0.290318,0.0,0.384975,0.0,0.0,0.0,0.174036,0.0,0.366447,0.0,0.705777,0.0,0.0,0.0,0.0,0.411417,0.397646,0.0,0.236036,0.335654,0.0,0.0,0.0,0.442381,0.0,0.0,0.0,0.0,0.0,0.707192,0.132051,0.363775,1.190209,0.711759,0.0,0.0,0.66015,0.0
324,0.216711,0.0,0.491135,0.337388,0.0,0.0,1.257944,0.0,0.0,1.218206,0.11732,0.0,0.632809,0.166594,0.0,0.0,0.24573,0.0,0.252338,0.0,0.639255,0.0,0.0,0.0,0.0,0.451196,0.423479,0.0,0.151977,0.680102,0.0,0.0,0.0,0.545146,0.0,0.070292,0.0,0.0,0.0,0.768896,0.328564,0.387778,1.344398,0.686994,0.0,0.0,0.632589,0.0
325,0.316413,0.0,0.520674,0.271803,0.0,0.0,1.345614,0.0,0.0,1.56189,0.421872,0.0,0.186051,0.0,0.0,0.0,0.344933,0.0,0.286642,0.065105,0.889228,0.0,0.0,0.0,0.0,0.243131,0.332652,0.0,0.0,0.567845,0.0,0.0,0.0,0.383144,0.0,0.0,0.0,0.0,0.0,0.918147,0.730922,0.0,1.153646,1.14631,0.0,0.0,0.578202,0.0
326,0.031404,0.0,0.630275,0.192735,0.0,0.0,1.292686,0.0,0.0,1.484576,0.0,0.0,0.381971,0.115475,0.0,0.0,0.238069,0.0,0.029196,0.036773,0.775164,0.0,0.0,0.0,0.0,0.121797,0.393561,0.0,0.0,0.783313,0.0,0.0,0.0,0.281036,0.192108,0.142162,0.0,0.0,0.0,0.769619,0.882711,0.031006,1.359742,1.163472,0.0,0.0,0.466741,0.0
327,0.02075,0.0,0.648066,0.111301,0.0,0.0,1.36253,0.0,0.0,1.462395,0.0,0.0,0.374609,0.155266,0.0,0.0,0.07927,0.125769,0.0,0.034162,0.812031,0.0,0.0,0.0,0.0,0.041677,0.525806,0.0,0.0,0.850862,0.0,0.0,0.0,0.07699,0.324248,0.202113,0.0,0.0,0.0,0.667259,1.0346,0.043574,1.430078,1.174145,0.0,0.0,0.37689,0.0
328,0.11832,0.0,0.536812,0.057903,0.0,0.0,0.930164,0.0,0.0,1.24115,0.0,0.005448,0.405644,0.16395,0.0,0.0,0.219483,0.067478,0.0,0.0962,0.696081,0.0,0.0,0.0,0.0,0.070429,0.212289,0.0,0.0,0.724973,0.0,0.0,0.0,0.0,0.251969,0.128223,0.0,0.0,0.0,0.640357,0.958245,0.082224,0.92308,1.066301,0.0,0.0,0.358656,0.0
329,0.0,0.0,0.406975,0.222586,0.0,0.0,0.637742,0.0,0.0,1.235969,0.0,0.0,0.165816,0.049736,0.0,0.0,0.233724,0.23783,0.0,0.136183,0.589965,0.0,0.0,0.0,0.0,0.044841,0.17583,0.0,0.0,0.735289,0.0,0.0,0.0,0.0,0.208547,0.25794,0.0,0.0,0.0,0.436953,1.15307,0.0,0.756972,1.05381,0.0,0.0,0.428701,0.0
330,0.114051,0.0,0.314802,0.249763,0.016016,0.0,0.563365,0.0,0.0,1.041619,0.0,0.0,0.108115,0.22643,0.0,0.0,0.200982,0.43011,0.0,0.248795,0.464629,0.0,0.0,0.0,0.0,0.0,0.193827,0.0,0.0,0.720474,0.0,0.0,0.0,0.0,0.303264,0.375868,0.0,0.0,0.0,0.11402,1.027904,0.0,0.741818,0.935728,0.006519,0.075854,0.301476,0.0
331,0.079565,0.0,0.0,0.020387,0.249056,0.0,0.463597,0.0,0.0,0.64382,0.0,0.0,0.154402,0.49404,0.0,0.0,0.0,0.267743,0.0,0.225327,0.481085,0.0,0.0,0.0,0.0,0.0,0.405972,0.0,0.0,0.487558,0.0,0.0,0.0,0.0,0.22428,0.551542,0.111199,0.0,0.0,0.383695,0.738044,0.057032,0.6652,0.966928,0.16641,0.14292,0.008862,0.099471
332,0.151761,0.0,0.0,0.278326,0.010897,0.0,0.240223,0.0,0.0,0.861547,0.0,0.0,0.192264,0.302307,0.0,0.0,0.16077,0.425369,0.0,0.16746,0.249262,0.0,0.0,0.0,0.0,0.0,0.211105,0.0,0.0,0.397012,0.0,0.0,0.0,0.0,0.123747,0.533264,0.0,0.0,0.0,0.0,0.963056,0.0,0.517031,0.836549,0.267114,0.123209,0.046151,0.0
333,0.205052,0.0,0.036663,0.483621,0.0,0.0,0.053482,0.0,0.0,1.16697,0.0,0.0,0.289187,0.203382,0.0,0.0,0.335236,0.646886,0.022196,0.061025,0.109492,0.0,0.0,0.131843,0.0,0.0,0.097764,0.0,0.0,0.324731,0.0,0.0,0.0,0.0,0.0,0.613125,0.0,0.0,0.0,0.0,1.113954,0.0,0.617333,0.787393,0.308721,0.03339,0.118517,0.0
334,0.164978,0.0,0.0,0.561818,0.0,0.0,0.0,0.0,0.0,1.162032,0.0,0.0,0.217615,0.314498,0.0,0.0,0.326012,0.551277,0.048787,0.102192,0.080836,0.0,0.0,0.0,0.0,0.0,0.055887,0.0,0.0,0.094926,0.0,0.0,0.0,0.0,0.0,0.752948,0.0,0.0,0.0,0.0,1.145212,0.0,0.335018,1.123479,0.399656,0.120535,0.0,0.0
335,0.271774,0.067432,0.0,0.449055,0.059253,0.0,0.030915,0.0,0.0,0.929904,0.0,0.0,0.214419,0.241514,0.0,0.0,0.082417,0.552583,0.0,0.352494,0.171004,0.0,0.0,0.0,0.038251,0.0,0.214561,0.0,0.0,0.132837,0.0,0.0,0.0,0.0,0.0,0.883162,0.0,0.0,0.0,0.0,1.207692,0.0,0.302359,1.022406,0.455924,0.190661,0.0,0.262377
336,0.339665,0.060876,0.0,0.376046,0.0,0.0,0.012881,0.0,0.0,0.951404,0.0,0.0,0.165105,0.218976,0.0,0.0,0.24253,0.616899,0.052539,0.431996,0.321575,0.0,0.0,0.0,0.027081,0.0,0.215909,0.0,0.0,0.0,0.0,0.0,0.0,0.0,0.0,0.882528,0.0,0.0,0.0,0.0,1.181121,0.0,0.196509,1.064628,0.688565,0.228844,0.0,0.257313
337,0.451862,0.0,0.0,0.446789,0.0,0.0,0.0,0.0,0.0,1.037178,0.0,0.0,0.0,0.321941,0.08663,0.0,0.374106,0.857547,0.025816,0.294348,0.032744,0.0219,0.0,0.0,0.204298,0.0,0.0,0.0,0.0,0.0,0.0,0.0,0.0,0.0,0.0,0.909464,0.0,0.0,0.0,0.0,1.149584,0.0,0.268571,0.939366,0.787814,0.189783,0.0,0.0
338,0.368994,0.0,0.267611,0.558643,0.0,0.0,0.0,0.0,0.0,1.035045,0.0,0.0,0.0,0.265115,0.155308,0.0,0.547366,0.788786,0.0,0.370744,0.00848,0.115412,0.0,0.0,0.187729,0.0,0.021401,0.0,0.0,0.0,0.0,0.0,0.0,0.0,0.0,0.850016,0.0,0.0,0.0,0.0,1.238474,0.0,0.230879,0.967363,0.770343,0.281811,0.0,0.0
339,0.375585,0.0,0.134105,0.338578,0.038793,0.0,0.0,0.0,0.0,0.70144,0.0,0.0,0.0,0.304792,0.032953,0.0,0.538013,0.62666,0.038537,0.259486,0.037644,0.191799,0.0,0.0,0.359529,0.0,0.227442,0.0,0.0,0.0,0.0,0.0,0.0,0.0,0.0,0.717701,0.0,0.0,0.0,0.0,1.045981,0.0,0.031869,1.003043,0.608987,0.309066,0.0,0.0
340,0.437642,0.0,0.112101,0.233329,0.0,0.0,0.0,0.0,0.0,0.752791,0.0,0.0,0.0,0.226679,0.010832,0.0,0.372393,0.618646,0.134643,0.361597,0.00831,0.101268,0.0,0.0,0.233189,0.0,0.188056,0.0,0.0,0.0,0.0,0.0,0.0,0.0,0.0,0.552062,0.0,0.0,0.0,0.0,0.951613,0.0,0.111439,0.777823,0.500629,0.234152,0.0,0.0
341,0.692161,0.060226,0.0,0.0403,0.0,0.0,0.0,0.0,0.0,0.794468,0.0,0.089039,0.046358,0.054964,0.0,0.0,0.01823,0.4739,0.224812,0.405457,0.214628,0.099887,0.0,0.0,0.222881,0.128854,0.344218,0.0,0.0,0.061362,0.0,0.0,0.03804,0.0,0.001284,0.175953,0.0,0.0,0.0,0.0,1.03064,0.0,0.0,0.744814,0.134087,0.390427,0.0,0.167293
342,0.45161,0.0,0.0,0.247647,0.0,0.0,0.02572,0.0,0.0,0.773786,0.0,0.187287,0.074455,0.0,0.0,0.135691,0.238512,0.461922,0.338896,0.003143,0.216731,0.0,0.0,0.0,0.186566,0.139315,0.103533,0.0,0.0,0.0,0.0,0.0,0.0,0.0,0.178319,0.002738,0.0,0.0,0.0,0.042396,0.853156,0.0,0.071911,0.742115,0.0,0.35375,0.070914,0.0
343,0.353502,0.0,0.0,0.231434,0.0,0.0,0.437298,0.0,0.023988,0.869189,0.0,0.195179,0.520506,0.0,0.0,0.092445,0.022487,0.524076,0.477948,0.156748,0.384851,0.0,0.0,0.0,0.179558,0.152264,0.25149,0.0,0.100906,0.0,0.0,0.0,0.0,0.0,0.375668,0.0,0.0,0.0,0.0,0.219708,0.97552,0.0,0.600129,0.633986,0.0,0.234135,0.0,0.0
344,0.391418,0.0,0.0,0.043522,0.0,0.0,0.515763,0.0,0.0,0.92231,0.0,0.309587,0.582821,0.0,0.0,0.089073,0.04905,0.300368,0.600381,0.012791,0.368048,0.0,0.0,0.0,0.373809,0.208049,0.3394,0.0,0.0,0.099709,0.0,0.0,0.0,0.0,0.283625,0.0,0.0,0.0,0.0,0.324359,1.245083,0.0,0.425047,0.591238,0.0,0.407869,0.079772,0.128559
345,0.448246,0.0,0.0,0.0,0.0,0.0,0.61202,0.0,0.0,0.951809,0.105908,0.15503,0.716187,0.0,0.0,0.355983,0.0,0.328706,0.877601,0.0,0.434413,0.0,0.0,0.0,0.313962,0.203453,0.17984,0.0,0.0,0.033995,0.0,0.0,0.0,0.0,0.222487,0.0,0.0,0.0,0.0,0.317242,1.293264,0.0,0.218418,0.514447,0.0,0.579916,0.408429,0.041907
346,0.546872,0.0,0.0,0.0,0.003826,0.0,0.695653,0.0,0.0,0.785752,0.147718,0.0,0.788756,0.0,0.0,0.401068,0.129452,0.313744,1.044859,0.0,0.394138,0.0,0.0,0.0,0.516753,0.255766,0.248462,0.0,0.0,0.057067,0.0,0.0,0.0,0.0,0.319333,0.0,0.0,0.0,0.0,0.229685,1.334866,0.0,0.33324,0.310297,0.0,0.848343,0.491233,0.0
347,0.594308,0.0,0.0,0.0,0.0,0.0,0.601587,0.0,0.0,0.485521,0.14115,0.0,1.121617,0.0,0.0,0.331785,0.182477,0.25737,1.120755,0.0,0.32085,0.0,0.0,0.0,0.687299,0.340789,0.234418,0.0,0.0,0.01188,0.0,0.0,0.113287,0.0,0.515419,0.0,0.0,0.233388,0.0,0.327184,1.197664,0.0,0.323228,0.174111,0.0,1.181308,0.558979,0.0
348,0.653904,0.0,0.0,0.0,0.0,0.0,0.629287,0.0,0.0,0.758763,0.402234,0.10829,1.16865,0.0,0.0,0.375386,0.0,0.239397,1.140403,0.0,0.664917,0.0,0.0,0.0,0.628606,0.396969,0.334062,0.0,0.0,0.0,0.0,0.0,0.103321,0.0,0.271855,0.0,0.0,0.0,0.0,0.543475,1.215563,0.0,0.221549,0.396116,0.0,1.069338,0.397162,0.0
349,0.536122,0.0,0.0,0.0,0.0,0.0,0.601022,0.0,0.0,0.654129,0.259814,0.238648,1.293677,0.0,0.0,0.331157,0.0,0.191869,0.979673,0.0,0.636049,0.0,0.0,0.0,0.610237,0.443954,0.436145,0.0,0.0,0.074098,0.0,0.0,0.239766,0.0,0.345176,0.0,0.0,0.0,0.0,0.552274,1.123508,0.0,0.246221,0.470618,0.0,0.939775,0.275165,0.0
350,0.081168,0.0,0.0,0.0,0.055836,0.0,0.294526,0.0,0.0,0.619381,0.0,0.593827,0.919672,0.0,0.0,0.315654,0.0,0.436769,0.592795,0.0,0.429169,0.0,0.0,0.0,0.433927,0.177956,0.375244,0.0,0.0,0.312609,0.0,0.0,0.0,0.0,0.405104,0.0,0.0,0.0,0.0,0.64537,1.152922,0.0,0.651511,0.358716,0.0,0.402135,0.347614,0.016263
351,0.0,0.0,0.0,0.0,0.259885,0.0,0.126115,0.0,0.0,0.701667,0.0,0.615872,0.679953,0.007925,0.0,0.431788,0.0,0.552483,0.423393,0.0,0.421749,0.0,0.0,0.0,0.373505,0.194458,0.413693,0.0,0.0,0.348767,0.0,0.0,0.0,0.0,0.470457,0.150196,0.0,0.0,0.0,0.597067,1.167135,0.0,0.598886,0.446167,0.0,0.216599,0.532913,0.007557
352,0.0,0.0,0.0,0.0,0.5025,0.0,0.139052,0.0,0.0,0.438021,0.0,0.896024,1.061009,0.301871,0.0,0.289793,0.0,0.35993,0.32552,0.050092,0.591066,0.0,0.0,0.0,0.47525,0.378957,0.786721,0.0,0.271766,0.310599,0.0,0.0,0.115044,0.0,0.713283,0.144061,0.21126,0.0,0.0,0.773638,0.892043,0.0,0.653825,0.559453,0.0,0.251681,0.155181,0.142637
353,0.352725,0.0,0.0,0.0,0.522834,0.0,0.0,0.0,0.0,0.30491,0.0,0.818327,1.012257,0.419195,0.0,0.189047,0.0,0.455627,0.287803,0.598053,0.48846,0.0,0.0,0.0,0.61396,0.248915,0.971386,0.0,0.372584,0.3187,0.0,0.0,0.595541,0.0,0.571833,0.124713,0.415839,0.0,0.0,0.829651,0.558147,0.277693,0.410296,0.495799,0.0,0.345966,0.018387,0.089429
354,0.85846,0.0,0.0,0.0,0.324215,0.154802,0.0,0.0,0.0,0.117105,0.170264,1.071202,0.97281,0.200812,0.0,0.257417,0.0,0.192314,0.52109,0.515454,0.696797,0.0,0.0,0.0,0.816161,0.460703,1.101369,0.0,0.346838,0.08011,0.0,0.0,0.658383,0.0,0.477992,0.0,0.477472,0.0,0.0,0.866559,0.522057,0.361963,0.115448,0.302634,0.0,0.686646,0.0,0.226711
355,1.17137,0.0,0.0,0.0,0.526754,0.482811,0.0,0.0,0.0,0.0,0.207523,0.89843,1.206767,0.120632,0.0,0.196861,0.0,0.0,0.565965,0.39979,0.563748,0.0,0.0,0.0,0.971677,0.7104,1.041977,0.0,0.42793,0.0,0.0,0.0,0.745737,0.0,0.337216,0.0,0.186676,0.0,0.0,0.709794,0.333576,0.668915,0.0,0.024802,0.0,1.014048,0.118373,0.0
356,1.069271,0.0,0.0,0.096451,0.574077,0.438882,0.0,0.0,0.0,0.0,0.182112,0.810751,1.235601,0.24884,0.0,0.326637,0.0,0.0,0.64457,0.440554,0.322987,0.0,0.0,0.0,0.920449,0.727328,0.990328,0.0,0.492014,0.0,0.0,0.0,0.687144,0.0,0.31858,0.0,0.176797,0.0,0.0,0.715514,0.045464,0.869789,0.0,0.0,0.0,1.005746,0.243029,0.0
357,0.601777,0.0,0.0,0.195522,0.871394,0.198631,0.0,0.0,0.0,0.0,0.015656,0.682931,0.954581,0.321686,0.0,0.391972,0.013218,0.00724,0.620068,0.192964,0.0,0.0,0.0,0.0,0.827392,0.792969,0.600102,0.0,0.367744,0.0,0.0,0.0,0.434766,0.0,0.054433,0.088508,0.0,0.0,0.0,1.003468,0.164695,0.747291,0.0,0.0,0.0,0.674293,0.426669,0.0
358,0.643653,0.0,0.0,0.274963,0.838329,0.149942,0.065207,0.0,0.0,0.0,0.0,0.501284,1.011031,0.228866,0.0,0.599031,0.332224,0.0,0.618412,0.0,0.0,0.0,0.0,0.0,0.65402,0.784906,0.309428,0.0,0.3393,0.0,0.0,0.0,0.119449,0.0,0.008773,0.137896,0.0,0.0,0.0,0.794927,0.262965,0.806186,0.0,0.0,0.0,0.873912,0.612749,0.0
359,0.490803,0.0,0.0,0.625494,0.86409,0.0,0.277995,0.0,0.0,0.0,0.0,0.268958,0.862535,0.147029,0.0,0.371492,0.571193,0.0,0.655315,0.0,0.0,0.047426,0.0,0.0,0.561062,0.847461,0.067221,0.0,0.164506,0.0,0.0,0.0,0.046068,0.0,0.0,0.26977,0.0,0.0,0.0,0.541443,0.324479,0.675157,0.0,0.0,0.106037,0.909341,0.46463,0.0
360,0.387287,0.0,0.015605,0.540479,0.524515,0.000321,0.372575,0.0,0.0,0.0,0.0,0.022827,0.957264,0.113371,0.0,0.242395,0.658693,0.0,0.690316,0.0,0.0,0.23235,0.0,0.0,0.421292,0.885277,0.149771,0.0,0.0,0.0,0.0,0.0,0.0,0.0,0.0,0.510578,0.0,0.0,0.0,0.442671,0.491422,0.669169,0.11015,0.085473,0.269197,1.02094,0.6161,0.0
361,0.267297,0.0,0.237741,0.968978,0.414887,0.0,0.563195,0.0,0.0,0.059203,0.0,0.0,0.622167,0.050724,0.0,0.0,0.899947,0.0,0.82313,0.095695,0.092553,0.22438,0.0,0.0,0.184045,0.996562,0.100622,0.0,0.0,0.023842,0.0,0.0,0.0,0.0,0.0,0.66936,0.0,0.0,0.0,0.0,0.633582,0.381746,0.238962,0.270417,0.521291,0.831189,0.391437,0.0
362,0.239278,0.0,0.451197,1.052112,0.156875,0.0,0.520209,0.0,0.0,0.618181,0.0,0.0,0.193777,0.0,0.0,0.0,0.793199,0.144848,0.75377,0.084882,0.078165,0.154449,0.0,0.0,0.113152,0.497422,0.090126,0.0,0.0,0.0,0.0,0.0,0.0,0.0,0.0,0.636387,0.0,0.0,0.0,0.0,0.630568,0.271998,0.605133,0.80921,0.601591,0.501758,0.170326,0.0
363,0.332461,0.0,0.608698,0.923023,0.0,0.0,0.645097,0.0,0.0,1.208282,0.0,0.0,0.033191,0.0,0.0,0.0,0.749705,0.217761,0.612586,0.023168,0.231977,0.142798,0.0,0.0,0.107409,0.276129,0.220346,0.0,0.0,0.0,0.0,0.0,0.0,0.0,0.0,0.567738,0.0,0.0,0.0,0.0,0.861837,0.159477,0.873142,0.991713,0.4442,0.34578,0.179642,0.0
364,0.297238,0.0,0.494354,0.386773,0.0,0.0,0.835329,0.0,0.0,1.413549,0.0,0.0,0.016822,0.206005,0.0,0.0,0.183171,0.466902,0.12534,0.382401,0.462595,0.0,0.0,0.0,0.0,0.0,0.479073,0.0,0.013744,0.329728,0.0,0.0,0.0,0.0,0.071791,0.427458,0.0,0.0,0.0,0.049347,1.001337,0.040362,1.17551,1.131746,0.121884,0.089974,0.050604,0.0
365,0.385385,0.0,0.433449,0.325735,0.0,0.0,0.536347,0.0,0.0,1.676944,0.0,0.0,0.0,0.132338,0.0,0.0,0.259678,0.488474,0.091065,0.302261,0.69473,0.0,0.0,0.0,0.0,0.0,0.384887,0.0,0.0,0.215682,0.0,0.0,0.0,0.0,0.078408,0.329138,0.0,0.0,0.0,0.171135,1.169029,0.0,0.771071,1.287181,0.0,0.109508,0.141965,0.0
366,0.395671,0.0,0.368687,0.162477,0.0,0.0,0.511782,0.0,0.0,1.587044,0.0,0.0,0.0,0.179248,0.0,0.0,0.139033,0.645801,0.0,0.422044,0.705024,0.0,0.0,0.0,0.0,0.0,0.383715,0.0,0.0,0.394037,0.0,0.0,0.0,0.0,0.270788,0.372807,0.0,0.0,0.0,0.174001,1.267557,0.0,0.767848,1.166056,0.0,0.0,0.069821,0.0
367,0.399356,0.0,0.128674,0.152771,0.0,0.0,0.146883,0.0,0.0,1.299056,0.0,0.02514,0.0,0.256023,0.0,0.0,0.272258,0.622929,0.00078,0.356691,0.736229,0.0,0.0,0.0,0.0,0.0,0.296734,0.0,0.0,0.333983,0.0,0.0,0.0,0.0,0.314688,0.463671,0.0,0.0,0.0,0.243307,1.263311,0.0,0.362395,1.16522,0.0,0.009972,0.123746,0.0
368,0.380875,0.0,0.0,0.0,0.207538,0.0,0.044902,0.0,0.0,0.772469,0.0,0.399343,0.082043,0.202485,0.0,0.0,0.052257,0.431028,0.0,0.405742,0.706879,0.0,0.0,0.0,0.270824,0.0,0.718468,0.0,0.069052,0.462447,0.0,0.0,0.211681,0.0,0.530125,0.406611,0.291037,0.0,0.0,0.417508,1.088012,0.0,0.226005,1.035134,0.0,0.134241,0.0,0.0
369,0.448261,0.0,0.0,0.0,0.208081,0.0,0.0,0.0,0.0,0.488005,0.0,0.657283,0.554027,0.372056,0.0,0.003727,0.0,0.326312,0.10827,0.665307,0.908506,0.0,0.0,0.0,0.357098,0.25726,1.121936,0.0,0.261587,0.412409,0.0,0.10445,0.378529,0.0,0.623414,0.325881,0.67702,0.0,0.0,0.547664,0.78324,0.181317,0.165189,0.831921,0.0,0.302497,0.0,0.416829
370,0.282041,0.0,0.0,0.0,0.496587,0.0,0.0,0.0,0.0,0.076739,0.0,0.709883,0.612208,0.385921,0.0,0.120165,0.0,0.370771,0.167491,0.540665,0.584388,0.0,0.0,0.0,0.430701,0.23007,0.738645,0.0,0.300578,0.379796,0.0,0.0,0.447907,0.0,0.635486,0.250286,0.207279,0.0,0.0,0.549298,0.637116,0.134605,0.158866,0.459212,0.0,0.309115,0.0,0.0
371,0.376196,0.0,0.0,0.0,0.57575,0.017052,0.0,0.0,0.0,0.0,0.0,0.685115,0.989899,0.45372,0.0,0.0,0.0,0.220683,0.333417,0.728846,0.53655,0.0,0.0,0.0,0.504528,0.419494,0.913191,0.0,0.307375,0.341785,0.0,0.0,0.753882,0.0,0.550693,0.190803,0.42757,0.0,0.0,0.797413,0.304732,0.376621,0.068847,0.256822,0.0,0.519075,0.0,0.133383
372,0.431999,0.0,0.0,0.0,0.752581,0.083377,0.0,0.0,0.0,0.0,0.0,0.647236,1.034335,0.198131,0.0,0.149482,0.0,0.147185,0.383785,0.290439,0.293543,0.0,0.0,0.0,0.577199,0.49291,0.580865,0.0,0.296222,0.291584,0.0,0.0,0.611794,0.0,0.546078,0.017815,0.097211,0.0,0.0,0.678576,0.338959,0.242907,0.080557,0.0,0.0,0.62907,0.101659,0.0
373,0.387811,0.0,0.0,0.0,0.720425,0.0,0.0,0.0,0.0,0.0,0.0,0.702521,1.314483,0.224346,0.0,0.077941,0.0,0.0,0.722337,0.262403,0.400959,0.0,0.0,0.0,0.626423,0.557377,0.679264,0.0,0.179773,0.126557,0.0,0.005846,0.552308,0.0,0.3307,0.071818,0.320863,0.0,0.0,1.003639,0.204602,0.404821,0.035439,0.087713,0.0,0.707892,0.006204,0.277189
374,0.330968,0.0,0.0,0.288433,0.510458,0.0,0.015406,0.0,0.0,0.0,0.0,0.343077,1.088249,0.005214,0.0,0.334149,0.0,0.014816,0.91576,0.069608,0.250003,0.0,0.0,0.0,0.458196,0.576452,0.041027,0.0,0.0,0.067205,0.0,0.0,0.142297,0.0,0.109673,0.0,0.0,0.0,0.0,0.510044,0.419405,0.329692,0.033491,0.0,0.0,0.718891,0.110934,0.039587
375,0.481283,0.0,0.0,0.335063,0.515412,0.0,0.267022,0.0,0.0,0.0,0.0,0.0,1.106131,0.0,0.0,0.376679,0.393745,0.0,1.088909,0.000742,0.204924,0.04488,0.0,0.0,0.533769,0.689191,0.026244,0.0,0.0,0.149202,0.0,0.0,0.0,0.0,0.171224,0.0,0.0,0.021983,0.0,0.206585,0.534029,0.41241,0.007239,0.0,0.0,1.045273,0.296948,0.0
376,0.639166,0.0,0.0,0.283752,0.619028,0.0,0.383727,0.0,0.0,0.0,0.0,0.02741,1.000648,0.0,0.0,0.443957,0.512794,0.0,1.201336,0.0,0.088347,0.0,0.0,0.0,0.676038,0.665836,0.0,0.0,0.038941,0.0,0.0,0.0,0.0,0.0,0.268402,0.0,0.0,0.203891,0.0,0.153965,0.628814,0.218252,0.0,0.0,0.0,1.18672,0.278751,0.0
377,0.663444,0.0,0.0,0.018068,0.411044,0.0,0.373045,0.0,0.0,0.0,0.220597,0.173227,0.994876,0.0,0.0,0.554102,0.408951,0.0,1.166574,0.0,0.04533,0.185397,0.0,0.0,0.624787,0.635886,0.189817,0.0,0.0,0.0,0.0,0.0,0.0,0.0,0.285976,0.0,0.0,0.243008,0.0,0.565756,0.995939,0.2183,0.0,0.0,0.0,1.211016,0.463118,0.0
378,0.918658,0.0,0.0,0.0,0.172224,0.0,0.440486,0.0,0.0,0.0,0.421037,0.455129,0.805199,0.0,0.0,0.469748,0.339155,0.0,1.239632,0.0,0.103688,0.258615,0.0,0.0,0.852131,0.658297,0.26835,0.0,0.05622,0.0,0.0,0.0,0.087807,0.0,0.192504,0.0,0.0,0.359987,0.0,0.560557,1.308499,0.221213,0.0,0.0,0.0,1.46562,0.452353,0.045529
379,0.577261,0.0,0.0,0.006159,0.232067,0.0,0.283721,0.0,0.0,0.188666,0.473336,0.357081,0.544529,0.0,0.017469,0.597949,0.473548,0.0,1.089918,0.0,0.06616,0.471924,0.0,0.0,0.737372,0.589153,0.342526,0.0,0.0,0.0,0.0,0.0,0.0,0.0,0.286491,0.0,0.0,0.271744,0.0,0.622858,1.58447,0.086519,0.0,0.126637,0.0,1.27887,0.74991,0.014037
380,0.555914,0.0,0.0,0.005443,0.151867,0.0,0.300302,0.0,0.0,0.323439,0.332211,0.42329,0.374862,0.0,0.161811,0.478096,0.413831,0.101394,0.908579,0.0,0.0,0.195247,0.0,0.0,0.84505,0.359665,0.393376,0.0,0.096772,0.0,0.0,0.0,0.057241,0.0,0.265227,0.0,0.0,0.181444,0.0,0.51456,1.605939,0.175093,0.0,0.046026,0.0,1.225343,0.598202,0.0
381,0.558569,0.0,0.0,0.0,0.166651,0.0,0.203995,0.0,0.0,0.41115,0.244906,0.254995,0.324884,0.0,0.056869,0.382626,0.5161,0.072081,0.717675,0.0,0.047246,0.34323,0.0,0.0,0.706927,0.422665,0.336908,0.0,0.016404,0.0,0.0,0.0,0.0,0.0,0.31647,0.176567,0.0,0.239492,0.0,0.373502,1.585734,0.127176,0.0,0.260798,0.0,1.320798,0.869445,0.0
382,0.24495,0.0,0.130404,0.031886,0.144115,0.0,0.153521,0.0,0.0,0.517292,0.01417,0.215226,0.14537,0.117101,0.090713,0.250171,0.436231,0.351557,0.371568,0.086634,0.052792,0.134975,0.0,0.0,0.515082,0.169771,0.347335,0.0,0.0,0.0,0.0,0.0,0.0,0.0,0.232535,0.356479,0.0,0.0,0.0,0.255625,1.444592,0.139117,0.029033,0.441168,0.096991,0.867359,0.605706,0.0
383,0.412171,0.0,0.16863,0.036081,0.071647,0.0,0.0,0.0,0.0,0.60037,0.0,0.23729,0.0,0.228651,0.10707,0.078688,0.149557,0.398933,0.328782,0.285463,0.091621,0.0,0.0,0.0,0.361544,0.0,0.373323,0.0,0.056031,0.0,0.0,0.030876,0.0,0.0,0.151063,0.331782,0.0,0.0,0.0,0.315502,1.129178,0.189947,0.0,0.599159,0.244518,0.651554,0.237895,0.120818
384,0.148539,0.0,0.074793,0.201881,0.000479,0.0,0.100399,0.0,0.0,0.676541,0.0,0.041841,0.0,0.364349,0.088301,0.009628,0.462678,0.639873,0.116498,0.296987,0.086007,0.0,0.0,0.0,0.285414,0.0,0.216149,0.0,0.0,0.0,0.0,0.0,0.0,0.0,0.058971,0.5796,0.0,0.0,0.0,0.082451,1.113207,0.068428,0.372803,0.562585,0.47587,0.456645,0.176563,0.0
385,0.171135,0.0,0.307472,0.399418,0.0,0.0,0.0,0.0,0.0,0.804747,0.0,0.065005,0.0,0.305193,0.011782,0.0,0.565961,0.708147,0.108908,0.33915,0.0,0.016275,0.0,0.0,0.263139,0.0,0.12742,0.0,0.0,0.0,0.0,0.0,0.0,0.0,0.0,0.661434,0.0,0.0,0.0,0.0,1.193609,0.0,0.281577,0.779092,0.67739,0.376783,0.064212,0.0
386,0.380188,0.0,0.31643,0.659326,0.057686,0.0,0.0,0.0,0.0,0.652691,0.0,0.073414,0.0,0.131995,0.178737,0.0,0.707479,0.569717,0.203558,0.128046,0.0,0.238387,0.031206,0.0,0.363646,0.1245,0.004873,0.0,0.0,0.0,0.0,0.0,0.0,0.0,0.0,0.577411,0.0,0.0,0.0,0.0,1.075606,0.0,0.0,0.826576,0.683732,0.54722,0.060684,0.0
387,0.301791,0.0,0.36737,0.812894,0.043178,0.0,0.0,0.0,0.0,0.559681,0.0,0.0,0.0,0.055818,0.131336,0.0,0.868775,0.612523,0.345442,0.224718,0.0,0.296921,0.0,0.0,0.481887,0.173888,0.117969,0.0,0.0,0.0,0.0,0.0,0.0,0.0,0.0,0.745816,0.0,0.0,0.0,0.0,0.961211,0.0,0.032105,0.757814,0.859597,0.562617,0.050923,0.0
388,0.571293,0.0,0.127782,0.752204,0.100427,0.0,0.0,0.0,0.0,0.11655,0.0,0.01706,0.0,0.0,0.140053,0.0,0.549276,0.574791,0.509209,0.246498,0.0,0.260349,0.0,0.0,0.594142,0.205505,0.052462,0.0,0.0,0.0,0.0,0.0,0.0,0.0,0.0,0.505097,0.0,0.0,0.0,0.0,0.765181,0.08426,0.0,0.74394,0.768095,0.632817,0.0,0.0
389,0.761833,0.0,0.184872,0.819127,0.132156,0.0,0.0,0.0,0.0,0.0,0.0,0.0,0.0,0.0,0.061481,0.0,0.5852,0.381079,0.647418,0.296426,0.0,0.502107,0.0,0.0,0.720775,0.361333,0.301454,0.0,0.0,0.0,0.0,0.0,0.0,0.0,0.0,0.4639,0.0,0.0,0.0,0.0,0.736055,0.210853,0.0,0.720553,0.780737,0.75787,0.0,0.0
390,0.791631,0.0,0.149299,0.90045,0.047288,0.0,0.0,0.0,0.0,0.0,0.0,0.0,0.217467,0.0,0.047389,0.0,0.696073,0.235528,0.848894,0.381881,0.0,0.51182,0.0,0.0,0.786904,0.649473,0.470057,0.0,0.0,0.0,0.0,0.0,0.0,0.0,0.0,0.539985,0.0,0.0,0.0,0.0,0.711414,0.275823,0.0,0.286785,0.669024,0.879511,0.047941,0.0
391,0.762101,0.0,0.009068,0.997498,0.198116,0.0,0.0,0.0,0.0,0.0,0.0,0.0,0.417108,0.0,0.0,0.0,0.778927,0.105427,0.792503,0.150295,0.0,0.375779,0.039259,0.0,0.844157,0.72363,0.25787,0.0,0.0,0.0,0.0,0.0,0.0,0.0,0.0,0.303884,0.0,0.0,0.0,0.0,0.453171,0.338789,0.0,0.223331,0.591792,0.99251,0.060034,0.0
392,0.607878,0.0,0.0,0.90389,0.297985,0.0,0.0,0.0,0.0,0.0,0.0,0.0,0.386884,0.0,0.0,0.0,0.602194,0.143823,0.652853,0.193057,0.0,0.277005,0.0,0.0,0.607762,0.566941,0.151094,0.0,0.0,0.0,0.0,0.0,0.0,0.0,0.0,0.390807,0.0,0.0,0.0,0.0,0.317618,0.270242,0.0,0.204,0.596642,0.660503,0.096864,0.0
393,0.698126,0.0,0.0,0.651406,0.270637,0.0,0.0,0.0,0.0,0.0,0.0,0.0,0.353589,0.0,0.0,0.0,0.371248,0.09277,0.485312,0.236952,0.0,0.118377,0.0,0.0,0.419157,0.353847,0.100714,0.0,0.0,0.0,0.0,0.0,0.0,0.0,0.0,0.190248,0.0,0.0,0.0,0.110652,0.292516,0.258738,0.00405,0.386531,0.605514,0.569239,0.0,0.0
394,0.428225,0.0,0.06418,0.500977,0.342492,0.0,0.180679,0.0,0.0,0.201148,0.0,0.014307,0.540924,0.0,0.0,0.0,0.341155,0.083434,0.284294,0.0,0.0,0.126342,0.0,0.0,0.147121,0.364418,0.029885,0.0,0.0,0.031542,0.0,0.0,0.0,0.0,0.0,0.226386,0.0,0.0,0.0,0.126994,0.444052,0.168531,0.249619,0.349309,0.379597,0.447633,0.061963,0.0
395,0.029448,0.0,0.070601,0.362088,0.214746,0.0,0.41185,0.0,0.0,0.497905,0.0,0.0,0.633391,0.18619,0.0,0.0,0.130857,0.376278,0.272417,0.0,0.0,0.036444,0.0,0.0,0.046329,0.391114,0.0,0.0,0.0,0.266038,0.0,0.0,0.0,0.0,0.014885,0.345188,0.0,0.0,0.0,0.0,0.489606,0.100686,0.62446,0.309077,0.308426,0.247122,0.234572,0.0
396,0.0,0.0,0.037578,0.26093,0.165678,0.0,0.473244,0.0,0.0,0.695242,0.0,0.0,0.624112,0.122262,0.0,0.087799,0.065294,0.218797,0.29015,0.0,0.081641,0.0,0.0,0.0,0.0,0.428352,0.0,0.0,0.0,0.303598,0.0,0.0,0.0,0.0,0.0,0.323921,0.0,0.0,0.0,0.121867,0.560971,0.0,0.722966,0.353803,0.025718,0.063274,0.343994,0.0
397,0.0,0.0,0.0,0.205798,0.213595,0.0,0.475475,0.0,0.0,0.818775,0.0,0.0,0.512283,0.070903,0.0,0.234174,0.13254,0.043235,0.254667,0.0,0.205552,0.0,0.0,0.0,0.0,0.486186,0.029285,0.0,0.0,0.247944,0.0,0.0,0.0,0.0,0.0,0.405336,0.0,0.0,0.0,0.315774,0.659413,0.0,0.668385,0.553549,0.0,0.0,0.426122,0.0
398,0.120779,0.0,0.310749,0.188405,0.059781,0.0,0.67818,0.0,0.0,0.805652,0.027297,0.0,0.58242,0.000215,0.0,0.0,0.222551,0.121482,0.07023,0.01396,0.171671,0.0,0.0,0.0,0.0,0.241611,0.170457,0.0,0.0,0.413222,0.0,0.0,0.0,0.0,0.131386,0.159522,0.0,0.0,0.0,0.114547,0.644553,0.160043,0.914201,0.469163,0.102032,0.190498,0.362788,0.0
399,0.224504,0.0,0.434083,0.194479,0.038346,0.0,0.613799,0.0,0.0,1.11205,0.118074,0.0,0.274089,0.0,0.0,0.082497,0.279557,0.233895,0.051679,0.082873,0.309883,0.0,0.0,0.0,0.0,0.089081,0.28431,0.0,0.0,0.340859,0.0,0.0,0.0,0.0,0.069133,0.085162,0.0,0.0,0.0,0.215531,0.830388,0.0,0.680882,0.772745,0.120828,0.092809,0.2959,0.0
400,0.239696,0.0,0.349875,0.00923,0.036538,0.0,0.576953,0.0,0.0,1.044245,0.0,0.0,0.208192,0.063273,0.0,0.0,0.154605,0.283129,0.0,0.141699,0.348628,0.0,0.0,0.0,0.0,0.0,0.322302,0.0,0.0,0.34377,0.0,0.0,0.0,0.0,0.220851,0.259898,0.0,0.0,0.0,0.291797,0.881598,0.107351,0.522182,0.911798,0.176899,0.104982,0.15462,0.0
401,0.105339,0.0,0.169596,0.0,0.0,0.0,0.555136,0.0,0.0,1.086863,0.0,0.011806,0.0,0.309032,0.0,0.0,0.025657,0.628594,0.0,0.202271,0.391027,0.0,0.0,0.0,0.003216,0.0,0.058312,0.0,0.0,0.362103,0.0,0.0,0.0,0.0,0.281006,0.494418,0.0,0.0,0.0,0.181274,1.133982,0.0,0.555905,1.038013,0.301719,0.0,0.252152,0.0
402,0.054386,0.0,0.112064,0.0,0.0,0.0,0.605095,0.0,0.0,1.388692,0.0,0.065942,0.0,0.311495,0.0,0.023018,0.216807,0.608794,0.0,0.048845,0.457623,0.0,0.0,0.0,0.0,0.0,0.058281,0.0,0.0,0.291214,0.0,0.0,0.0,0.0,0.274803,0.568858,0.0,0.0,0.0,0.272747,1.346359,0.0,0.40343,1.205048,0.189202,0.0,0.362084,0.0
403,0.006866,0.0,0.273241,0.0,0.0,0.0,0.8899,0.0,0.0,1.700782,0.0,0.236041,0.0,0.277487,0.0,0.0,0.33184,0.672285,0.0,0.04856,0.597633,0.0,0.0,0.0,0.0,0.0,0.230706,0.0,0.0,0.395377,0.0,0.0,0.0,0.0,0.399175,0.424064,0.030664,0.0,0.0,0.284101,1.590153,0.0,0.539927,1.305025,0.0,0.0,0.165491,0.0
404,0.109285,0.0,0.437866,0.0,0.0,0.0,0.682052,0.0,0.0,2.099077,0.0,0.304046,0.0,0.180972,0.0,0.0,0.607234,0.719984,0.0,0.0,0.682874,0.0,0.0,0.0,0.0,0.0,0.097851,0.0,0.0,0.159815,0.0,0.0,0.0,0.0,0.185942,0.436166,0.0,0.0,0.0,0.328421,1.733038,0.0,0.365094,1.461928,0.0,0.0,0.260618,0.0
405,0.235306,0.0,0.269155,0.0,0.0,0.0,0.651909,0.0,0.0,2.305759,0.042539,0.232636,0.0,0.147911,0.0,0.0,0.542995,0.715757,0.0,0.0,0.949911,0.0,0.0,0.0,0.0,0.0,0.052518,0.0,0.0,0.0,0.0,0.0,0.0,0.0,0.111143,0.329238,0.0,0.0,0.0,0.3728,1.670882,0.0,0.160637,1.536927,0.0,0.0,0.328843,0.0
406,0.323672,0.0,0.36438,0.0,0.0,0.0,0.664497,0.0,0.0,2.198943,0.0,0.090938,0.0,0.375212,0.0,0.0,0.248996,0.924852,0.0,0.246381,1.045888,0.0,0.0,0.0,0.0,0.0,0.532029,0.0,0.221606,0.27768,0.0,0.120878,0.0,0.0,0.558573,0.319814,0.0,0.0,0.0,0.348406,1.53684,0.0,0.696483,1.440998,0.0,0.0,0.144509,0.0
407,0.531586,0.0,0.581609,0.0,0.0,0.0,0.783727,0.0,0.0,1.988811,0.0,0.155503,0.0,0.674796,0.0,0.00121,0.0,0.864271,0.0,0.709373,0.985007,0.0,0.0,0.0,0.0,0.0,1.180929,0.0,0.3659,0.84342,0.0,0.632068,0.223683,0.0,0.701094,0.149687,0.563706,0.0,0.0,0.235019,1.257224,0.002351,1.071841,1.38086,0.0,0.0,0.0,0.0
408,0.402813,0.0,0.246506,0.0,0.0,0.0,0.62603,0.0,0.0,1.772101,0.0,0.308536,0.0,0.991571,0.0,0.045292,0.0,1.027896,0.0,0.699841,0.857233,0.0,0.0,0.0,0.0,0.0,1.345781,0.0,0.74046,0.795927,0.0,0.796042,0.317672,0.0,0.769733,0.336293,0.480188,0.0,0.0,0.219328,1.014476,0.099366,1.297778,1.226414,0.0,0.0,0.0,0.0
409,0.75522,0.0,0.474771,0.0,0.0,0.0,0.222704,0.0,0.0,1.365626,0.0,0.737642,0.0,0.811021,0.0,0.106703,0.0,0.716269,0.0,0.653662,0.826051,0.0,0.0,0.0,0.0,0.0,1.334471,0.0,0.529529,0.382295,0.0,0.556965,0.339795,0.0,0.663415,0.028192,0.600024,0.0,0.0,0.307043,0.689129,0.248095,0.718193,1.00824,0.0,0.0,0.0,0.103162
410,0.687319,0.0,0.0,0.0,0.0,0.0,0.0,0.0,0.0,0.972499,0.0,0.597084,0.048191,0.961093,0.0,0.357652,0.0,0.768519,0.0,0.432416,0.447022,0.0,0.0,0.0,0.107976,0.101939,0.987907,0.0,0.682092,0.0,0.0,0.334144,0.369706,0.0,0.438961,0.27227,0.059785,0.0,0.0,0.386729,0.567296,0.230278,0.530989,0.737219,0.05509,0.0,0.0,0.0
411,0.685857,0.0,0.00804,0.0,0.24772,0.0,0.0,0.0,0.0,0.384188,0.0,0.542249,0.0,0.559537,0.0,0.143053,0.04154,0.528787,0.0,0.218871,0.072748,0.018397,0.0,0.0,0.228034,0.230635,0.546291,0.0,0.331188,0.0,0.0,0.0,0.17303,0.0,0.126789,0.203525,0.0,0.0,0.0,0.206783,0.573997,0.159286,0.0,0.8136,0.256958,0.204986,0.039524,0.0
412,0.519736,0.0,0.104785,0.510879,0.386144,0.0,0.0,0.0,0.0,0.016834,0.0,0.295767,0.148235,0.130444,0.0,0.0,0.674436,0.3665,0.088552,0.182657,0.0,0.277159,0.0,0.0,0.480256,0.538217,0.336523,0.0,0.014039,0.0,0.0,0.0,1.3e-05,0.0,0.0,0.24411,0.0,0.0,0.0,0.0,0.654535,0.229489,0.0,0.560963,0.570901,0.508395,0.0,0.0
413,0.770548,0.0,0.107619,0.739455,0.167205,0.0,0.0,0.0,0.0,0.0,0.0,0.365001,0.058043,0.051846,0.0,0.0,0.512433,0.460895,0.266419,0.306096,0.0,0.337258,0.0,0.0,0.631729,0.592983,0.378854,0.0,0.132726,0.0,0.0,0.0,0.023235,0.0,0.0,0.344602,0.0,0.0,0.0,0.0,0.446674,0.399639,0.0,0.530084,0.833872,0.529619,0.0,0.0
414,0.672918,0.0,0.028518,0.929115,0.159796,0.0,0.0,0.0,0.0,0.0,0.0,0.141326,0.239698,0.094182,0.0,0.0,0.609151,0.633425,0.460104,0.321957,0.0,0.249041,0.0,0.0,0.758289,0.718581,0.388052,0.0,0.210464,0.0,0.0,0.0,0.126041,0.0,0.0,0.631298,0.0,0.0,0.0,0.0,0.334366,0.524605,0.0,0.50615,1.057213,0.448952,0.0,0.0
415,0.657464,0.0,0.171278,1.000373,0.0,0.0,0.0,0.0,0.0,0.194604,0.0,0.080691,0.525449,0.0,0.0,0.0,0.69518,0.643793,0.608495,0.444348,0.0,0.377407,0.0,0.0,0.720708,0.992846,0.679815,0.0,0.151637,0.0,0.0,0.0,0.053577,0.0,0.0,0.782002,0.0,0.0,0.0,0.0,0.356361,0.58223,0.162914,0.259467,1.000786,0.487212,0.113982,0.0
416,0.594808,0.0,0.194043,1.046174,0.0,0.0,0.008327,0.0,0.0,0.41413,0.0,0.0,0.713727,0.09651,0.0,0.0,0.539485,0.724936,0.657375,0.347684,0.0,0.272314,0.083847,0.0,0.671533,1.06897,0.793641,0.0,0.384814,0.0,0.0,0.0,0.181707,0.0,0.0,0.821592,0.0,0.0,0.0,0.0,0.289771,0.678169,0.513031,0.139748,0.920265,0.296967,0.178222,0.0
417,0.659652,0.0,0.335504,0.963597,0.0,0.0,0.0,0.0,0.0,0.578698,0.0,0.013177,0.452329,0.0,0.0,0.0,0.362739,0.618968,0.516504,0.425226,0.0,0.512579,0.063108,0.0,0.419697,0.811566,0.869019,0.0,0.11089,0.0,0.0,0.0,0.0,0.0,0.0,0.619145,0.0,0.0,0.0,0.0,0.246634,0.622854,0.460634,0.414427,0.737509,0.338583,0.202917,0.064879
418,0.997951,0.0,0.254365,0.779497,0.0,0.119212,0.0,0.0,0.0,0.441146,0.0,0.065785,0.24353,0.0,0.0,0.0,0.045429,0.61901,0.351969,0.456486,0.0,0.44742,0.0,0.0,0.322242,0.66516,0.836374,0.0,0.121278,0.0,0.0,0.0,0.0,0.0,0.0,0.240097,0.0,0.0,0.0,0.0,0.069471,0.614811,0.241796,0.568004,0.461928,0.357626,0.144487,0.180573
419,0.823822,0.0,0.0,0.444074,0.0,0.0,0.0,0.0,0.0,0.734043,0.0,0.0,0.418346,0.0,0.0,0.065627,0.0,0.640682,0.326017,0.623482,0.113555,0.20217,0.0,0.0,0.187242,0.50659,0.876966,0.0,0.155971,0.0,0.0,0.0,0.0,0.0,0.0,0.24743,0.0,0.0,0.0,0.0,0.266847,0.447677,0.666474,0.676649,0.328163,0.053096,0.0,0.426903
420,0.91338,0.0,0.02742,0.386697,0.0,0.0,0.0,0.0,0.0,0.761234,0.0,0.0,0.450212,0.0,0.0,0.0,0.0,0.585775,0.28401,0.607501,0.31921,0.015261,0.0,0.0,0.3137,0.481809,0.965933,0.0,0.143049,0.0,0.0,0.0,0.0,0.0,0.0,0.302212,0.0,0.0,0.0,0.034902,0.328734,0.502279,0.599499,0.828079,0.324913,0.027859,0.0,0.432867
421,1.037621,0.0,0.223973,0.357473,0.0,0.023889,0.0,0.0,0.0,0.91962,0.0,0.0,0.164089,0.0,0.0,0.0,0.0,0.534565,0.199014,0.516609,0.385097,0.136061,0.0,0.0,0.344121,0.279179,0.810104,0.0,0.0,0.0,0.0,0.0,0.0,0.0,0.0,0.088746,0.0,0.0,0.0,0.0,0.503672,0.415443,0.212923,1.005653,0.357273,0.249067,0.0,0.265508
422,0.698697,0.0,0.060919,0.368596,0.0,0.0,0.0,0.0,0.0,1.155186,0.0,0.0,0.23394,0.054607,0.0,0.0,0.082847,0.664858,0.1797,0.422747,0.104692,0.093535,0.0,0.0,0.205301,0.133044,0.58094,0.0,0.0,0.0,0.0,0.0,0.027889,0.0,0.0,0.373775,0.0,0.0,0.0,0.0,0.588947,0.287689,0.439503,0.933862,0.460885,0.056284,0.0,0.100064
423,0.757923,0.0,0.054552,0.016644,0.0,0.0,0.084712,0.009905,0.0,1.088379,0.0,0.000429,0.19977,0.240969,0.0,0.0,0.0,0.775277,0.079553,0.679832,0.069422,0.033754,0.0,0.0,0.249669,0.387745,0.777703,0.0,0.02718,0.0,0.0,0.0,0.061675,0.0,0.0,0.526802,0.0,0.0,0.0,0.0,0.58866,0.348342,0.743159,0.945358,0.600556,0.0,0.0,0.529934
424,0.527809,0.0,0.011317,0.214926,0.0,0.0,0.131069,0.051808,0.0,1.170479,0.0,0.0,0.574108,0.353482,0.0,0.078616,0.0,0.84713,0.0,0.468394,0.129218,0.019772,0.0,0.0,0.0,0.24715,0.497819,0.0,0.1041,0.0,0.0,0.0,0.0,0.0,0.0,0.623418,0.0,0.0,0.0,0.0,0.552921,0.332318,0.870961,0.908998,0.54995,0.0,0.0,0.343748
425,0.5704,0.0,0.317817,0.329069,0.0,0.0,0.0,0.025836,0.0,1.015531,0.0,0.014279,0.598702,0.295497,0.0,0.334032,0.028141,0.769545,0.0,0.321133,0.244375,0.142696,0.0,0.0,0.0,0.397012,0.509737,0.0,0.396993,0.0,0.0,0.0,0.026656,0.0,0.0,0.568567,0.0,0.0,0.0,0.0,0.266396,0.556257,0.483304,0.891738,0.603695,0.0,0.083879,0.104038
426,0.321893,0.0,0.303969,0.357094,0.083971,0.0,0.073295,0.0,0.0,1.45281,0.0,0.0,0.560621,0.232306,0.0,0.293575,0.022819,0.704937,0.0,0.451638,0.200843,0.291766,0.0,0.0,0.0,0.335033,0.796862,0.0,0.304121,0.0,0.0,0.0,0.039362,0.0,0.0,0.645391,0.0,0.0,0.0,0.0,0.419462,0.479275,0.864462,0.827098,0.591648,0.0,0.271011,0.063437
427,0.309395,0.0,0.300598,0.447567,0.108739,0.0,0.363963,0.0,0.0,1.212714,0.0,0.0,0.796283,0.137321,0.0,0.161449,0.0,0.578614,0.045336,0.277481,0.124564,0.306268,0.0,0.0,0.0,0.525492,0.679833,0.0,0.348786,0.0,0.0,0.0,0.131899,0.0,0.0,0.627297,0.0,0.0,0.0,0.0,0.329663,0.652839,0.975394,0.572144,0.516192,0.0,0.316989,0.086183
428,0.374537,0.0,0.015847,0.334547,0.0,0.170376,0.253328,0.0,0.0,0.703226,0.0,0.095015,0.991871,0.412836,0.0,0.383885,0.0,0.620962,0.0,0.209105,0.202731,0.174424,0.0,0.0,0.0,0.845379,0.747984,0.0,0.741513,0.0,0.0,0.0,0.073993,0.0,0.0,0.352065,0.0,0.0,0.0,0.020557,0.0,0.878915,1.121661,0.443385,0.363447,0.0,0.428791,0.415542
429,0.566055,0.0,0.009065,0.486528,0.070085,0.323889,0.158969,0.0,0.0,0.53019,0.0,0.214735,1.152265,0.244127,0.0,0.465223,0.0,0.450471,0.03626,0.060612,0.155704,0.243296,0.0,0.0,0.0,0.962589,0.686313,0.0,0.600888,0.0,0.0,0.0,0.0,0.0,0.0,0.457688,0.0,0.0,0.0,0.192322,0.0,1.006462,1.023232,0.249361,0.298259,0.052185,0.542354,0.230942
430,0.536782,0.0,0.227572,0.871279,0.377673,0.014473,0.529576,0.0,0.0,0.563008,0.0,0.065866,1.245559,0.033627,0.0,0.412129,0.14365,0.308792,0.358142,0.0,0.076604,0.470774,0.0,0.0,0.055975,1.071616,0.735011,0.0,0.389697,0.0,0.0,0.0,0.096247,0.0,0.0,0.577269,0.0,0.0,0.0,0.0,0.0,1.091223,0.88489,0.0,0.320106,0.160729,0.560892,0.0
431,0.380488,0.0,0.29163,0.948722,0.606678,0.0,0.488074,0.0,0.0,0.299827,0.0,0.018316,1.090407,0.140797,0.0,0.525015,0.159793,0.3058,0.472007,0.0,0.11246,0.528413,0.0,0.0,0.0,1.280866,0.752076,0.0,0.381969,0.0,0.0,0.0,0.0,0.0,0.0,0.561583,0.0,0.0,0.0,0.0,0.0,1.026722,0.534052,0.0,0.185246,0.108905,0.450185,0.0
432,0.776267,0.0,0.260329,1.008504,0.445674,0.097829,0.485028,0.0,0.0,0.041306,0.0,0.233633,1.071928,0.269681,0.0,0.666496,0.009088,0.262925,0.637332,0.0,0.037808,0.499705,0.0,0.0,0.210281,1.36028,0.774541,0.0,0.584262,0.0,0.0,0.012959,0.0,0.0,0.0,0.304149,0.0,0.0,0.0,0.051469,0.0,1.217098,0.52426,0.0,0.059792,0.148341,0.425751,0.0
433,1.045822,0.0,0.150478,0.810252,0.0,0.400128,0.47678,0.0,0.0,0.162787,0.111276,0.555072,1.048604,0.267996,0.0,0.723714,0.0,0.21553,0.585278,0.0,0.034056,0.585909,0.0,0.0,0.461503,1.488521,0.991794,0.0,0.646379,0.0,0.0,0.350163,0.145787,0.0,0.0,0.0,0.0,0.0,0.0,0.389764,0.0,1.345382,0.916792,0.0,0.0,0.136615,0.558919,0.0
434,1.066678,0.0,0.364569,0.995162,0.414134,0.113621,0.773908,0.0,0.0,0.188005,0.0,0.551468,0.744473,0.233297,0.0,0.470418,0.014879,0.196761,0.74464,0.0,0.068678,0.47101,0.0,0.0,0.391721,1.310501,0.770802,0.0,0.474609,0.0,0.0,0.0,0.120747,0.012695,0.0,0.0,0.0,0.0,0.0,0.317342,0.0,1.112028,0.619468,0.0,0.0,0.253934,0.366244,0.0
435,0.98038,0.0,0.359008,1.026141,0.655262,0.0,0.903047,0.0,0.0,0.259368,0.0,0.431549,0.633207,0.209129,0.0,0.296531,0.2821,0.172554,0.718017,0.0,0.102816,0.274229,0.0,0.0,0.416965,1.204873,0.640021,0.0,0.396742,0.0,0.0,0.0,0.053391,0.220798,0.0,0.0,0.0,0.0,0.0,0.382387,0.0,0.95957,0.610768,0.0,0.0,0.356068,0.45052,0.0
436,0.811194,0.0,0.375996,0.698625,0.43281,0.08704,0.808101,0.0,0.0,0.467291,0.0,0.481538,0.575838,0.113478,0.0,0.3863,0.25587,0.039069,0.552638,0.0,0.350422,0.263354,0.0,0.0,0.36219,0.958615,0.859513,0.0,0.343199,0.0,0.0,0.0,0.0,0.537482,0.0,0.0,0.0,0.0,0.0,0.823173,0.127174,0.890236,0.955663,0.0,0.0,0.265202,0.678495,0.0
437,1.076474,0.0,0.356427,0.348531,0.037719,0.530728,0.801638,0.0,0.0,0.557697,0.426253,0.645961,0.750881,0.015696,0.0,0.453765,0.012944,0.0,0.570758,0.0,0.553461,0.328809,0.0,0.0,0.485479,0.917751,1.15262,0.0,0.446681,0.068184,0.0,0.0,0.196981,0.754791,0.0,0.0,0.0,0.024103,0.0,1.078954,0.0,0.868448,1.137169,0.0,0.0,0.316659,0.805498,0.001237
438,1.096692,0.0,0.33735,0.355826,0.18309,0.631385,0.858079,0.0,0.0,0.492795,0.521652,0.563907,0.859337,0.0,0.0,0.402359,0.207357,0.0,0.676156,0.0,0.564312,0.216286,0.0,0.0,0.546689,0.885928,1.04254,0.0,0.335038,0.094827,0.0,0.0,0.257508,0.903867,0.0,0.0,0.0,0.086884,0.0,1.137743,0.0,0.87035,1.065867,0.0,0.0,0.391702,0.93283,0.0
439,1.249137,0.0,0.19891,0.660051,0.376004,0.428914,0.968603,0.0,0.0,0.222891,0.271891,0.384512,0.910624,0.065257,0.0,0.353791,0.267313,0.0,0.541147,0.0,0.50231,0.0,0.0,0.0,0.506797,0.672763,0.747621,0.0,0.54081,0.0,0.0,0.0,0.172867,0.61422,0.0,0.0,0.0,0.219384,0.0,0.832254,0.0,1.106733,0.952524,0.0,0.0,0.563682,0.916002,0.0
440,0.936115,0.0,0.091285,0.625116,0.736548,0.162857,0.996198,0.0,0.0,0.274176,0.102216,0.186665,0.815055,0.108497,0.0,0.241179,0.444386,0.0,0.659508,0.0,0.458553,0.0,0.0,0.0,0.354693,0.658608,0.655629,0.0,0.304844,0.004287,0.0,0.0,0.105492,0.681565,0.046609,0.0,0.0,0.181318,0.0,0.616882,0.008985,0.856806,0.731754,0.0,0.0,0.399959,0.717673,0.0
441,0.732018,0.0,0.0,0.508085,0.385634,0.257286,0.756085,0.0,0.0,0.422663,0.12949,0.520737,0.720646,0.325322,0.0,0.408823,0.135681,0.050045,0.484963,0.0,0.378424,0.0,0.0,0.0,0.240194,0.579023,0.751742,0.0,0.525365,0.022318,0.0,0.0,0.278787,0.525488,0.153143,0.0,0.0,0.0,0.0,0.814868,0.0,0.701872,1.0321,0.0,0.0,0.0,0.4528,0.0
442,0.877741,0.0,0.057718,0.283249,0.309022,0.375026,0.601671,0.0,0.0,0.589795,0.163098,0.846676,0.544395,0.286871,0.0,0.406053,0.0,0.027347,0.356502,0.0,0.552422,0.0,0.0,0.0,0.173902,0.516093,0.9474,0.0,0.493534,0.0,0.0,0.0,0.27948,0.470158,0.272501,0.0,0.0,0.0,0.0,0.876411,0.0,0.500994,0.854221,0.153758,0.0,0.0,0.212693,0.0
443,1.307677,0.0,0.138427,0.017659,0.0,0.574786,0.694912,0.0,0.0,0.902553,0.42211,1.02687,0.604951,0.367435,0.0,0.321845,0.0,0.093453,0.2343,0.060077,0.948579,0.0,0.0,0.0,0.180854,0.461055,1.247063,0.0,0.513597,0.0,0.0,0.0,0.588809,0.201591,0.339129,0.0,0.278461,0.0,0.0,0.724937,0.0,0.570438,0.764542,0.289239,0.0,0.0,0.0,0.024892
444,0.616985,0.0,0.0,0.0,0.246122,0.346725,0.473081,0.0,0.0,0.834357,0.0,0.833007,0.657575,0.824951,0.0,0.551632,0.0,0.276024,0.0,0.0,0.612568,0.0,0.0,0.0,0.0,0.484824,1.122358,0.0,0.812467,0.138931,0.0,0.0,0.435337,0.155312,0.506099,0.0,0.091986,0.0,0.0,0.784651,0.0,0.48086,1.219296,0.133525,0.0,0.0,0.304592,0.0
445,0.500756,0.0,0.039736,0.0,0.309012,0.368007,0.560153,0.0,0.0,0.965375,0.0,0.818951,0.718124,0.879594,0.0,0.520726,0.0,0.260201,0.0,0.082546,0.597294,0.0,0.0,0.0,0.0,0.508974,1.237527,0.0,0.79885,0.326324,0.0,0.085592,0.592698,0.080648,0.420676,0.0,0.223452,0.0,0.0,0.780289,0.0,0.514746,1.294944,0.160161,0.0,0.0,0.293653,0.0
446,0.181398,0.0,0.0,0.0,0.431608,0.171999,0.588719,0.0,0.0,0.87136,0.0,0.72513,0.870689,1.059462,0.0,0.873594,0.0,0.420125,0.0,0.0,0.590396,0.0,0.0,0.0,0.0,0.613201,0.937901,0.0,1.099124,0.035911,0.0,0.112116,0.426106,0.0,0.38553,0.0,0.0,0.0,0.0,0.838345,0.049176,0.433229,1.235132,0.133073,0.0,0.0,0.502938,0.0
447,0.164198,0.0,0.0,0.0,0.460576,0.30827,0.606525,0.0,0.0,0.73589,0.0,0.613952,0.87427,0.915893,0.0,0.89316,0.0,0.363762,0.0,0.0,0.466897,0.0,0.0,0.0,0.0,0.6233,0.636903,0.0,0.841109,0.0,0.0,0.007646,0.45688,0.0,0.177183,0.0,0.0,0.0,0.0,0.817755,0.0,0.61305,0.925286,0.01383,0.0,0.0,0.717026,0.0
448,0.30742,0.0,0.070255,0.0,0.489921,0.213233,0.693102,0.0,0.0,0.903535,0.0,0.861072,0.770705,0.869524,0.0,0.644598,0.0,0.319164,0.0,0.051391,0.366635,0.0,0.0,0.0,0.0,0.596076,0.926862,0.0,0.765739,0.21269,0.0,0.190153,0.77216,0.0,0.177576,0.0,0.0,0.0,0.0,0.599183,0.0,0.637858,1.172374,0.0,0.0,0.0,0.557759,0.0
449,0.221426,0.0,0.0,0.0,0.422511,0.324772,0.594708,0.0,0.0,0.638792,0.0,0.849032,0.75471,1.047024,0.0,0.747927,0.0,0.288999,0.0,0.0,0.27751,0.0,0.0,0.0,0.0,0.807332,0.720057,0.0,0.767284,0.0,0.0,0.132335,0.465509,0.0,0.135296,0.0,0.0,0.0,0.0,0.829201,0.0,0.711618,0.949854,0.082711,0.0,0.0,0.755585,0.0
