time_index,z0,z1,z2,z3,z4,z5,z6,z7,z8,z9,z10,z11,z12,z13,z14,z15,z16,z17,z18,z19,z20,z21,z22,z23,z24,z25,z26,z27,z28,z29,z30,z31,z32,z33,z34,z35,z36,z37,z38,z39,z40,z41,z42,z43,z44,z45,z46,z47
0,0.806815,0.0,0.0,0.0,0.0,0.191508,0.0,0.381821,0.0,2.135273,0.0,1.902602,0.0,2.704327,0.0,1.542007,0.0,1.599685,0.0,0.620529,0.950134,0.138229,0.0,0.0,0.0,1.472444,2.564034,0.0,1.766973,0.0,0.0,1.472658,2.189743,0.0,0.253954,0.123058,0.0,0.0,0.0,0.0,0.276892,0.0,1.098251,1.060502,0.0,0.0,0.0,0.0
1,0.597727,0.0,0.0,0.0,0.0,0.0,0.064915,0.665144,0.0,1.748638,0.009367,2.039464,0.0,2.590089,0.0,1.135474,0.0,1.387546,0.0,0.507104,0.785883,0.035297,0.0,0.0,0.0,1.337811,2.808839,0.0,1.894437,0.0,0.0,1.566556,2.317849,0.0,0.421543,0.017205,0.334183,0.0,0.0,0.0,0.067838,0.150543,1.356294,0.824608,0.0,0.0,0.0,0.0
2,0.467731,0.0,0.0,0.0,0.0,0.0,0.0,0.535794,0.0,1.402079,0.0,1.541568,0.0,2.347535,0.0,0.873908,0.0,1.390205,0.0,0.476502,0.340071,0.0,0.0,0.0,0.0,1.186464,2.001679,0.0,1.462819,0.0,0.0,0.991023,1.879693,0.0,0.030994,0.574667,0.0,0.0,0.0,0.0,0.318227,0.0,0.953667,0.935392,0.16161,0.0,0.0,0.0
3,0.357221,0.0,0.0,0.0,0.0,0.0,0.0,0.226173,0.0,1.3817,0.0,1.282062,0.0,2.044565,0.0,0.970223,0.0,1.205627,0.0,0.403695,0.29249,0.223765,0.0,0.0,0.0,1.118337,1.702075,0.0,1.216601,0.0,0.0,0.808625,1.525125,0.0,0.044932,0.347106,0.0,0.0,0.0,0.0,0.447133,0.065447,0.835526,0.790974,0.116449,0.0,0.0,0.0
4,0.354208,0.0,0.0,0.0,0.0,0.0,0.0,0.184406,0.0,1.028154,0.0,0.884782,0.069418,1.730553,0.0,0.670569,0.0,1.071153,0.0,0.315645,0.0,0.181923,0.0,0.0,0.0,1.095268,1.200583,0.0,0.891332,0.0,0.0,0.593316,1.308809,0.0,0.0,0.670201,0.0,0.0,0.0,0.0,0.422953,0.07209,0.58726,0.642671,0.607435,0.0,0.0,0.0
5,0.023509,0.0,0.0,0.0,0.0,0.0,0.0,0.159056,0.0,0.698423,0.0,0.805407,0.128674,1.030707,0.0,0.653049,0.313018,0.719063,0.0,0.081942,0.0,0.397501,0.0,0.0,0.0,1.071958,0.588007,0.0,0.486929,0.0,0.0,0.016519,0.772806,0.0,0.0,0.628562,0.0,0.0,0.0,0.0,0.562126,0.0,0.13392,0.696676,0.628149,0.0,0.0,0.0
6,0.0,0.0,0.0,0.0,0.0,0.0,0.0,0.311096,0.0,0.610513,0.0,0.605769,0.119018,0.882298,0.0,0.395693,0.294951,0.724519,0.0,0.102416,0.0,0.343186,0.0,0.0,0.118507,0.862236,0.371722,0.0,0.261614,0.0,0.0,0.0,0.554461,0.0,0.0,0.768453,0.0,0.0,0.0,0.0,0.623433,0.0,0.29739,0.692247,0.78867,0.0,0.03932,0.0
7,0.0,0.0,0.0,0.0,0.0,0.0,0.0,0.366312,0.0,0.556157,0.0,0.472617,0.342951,0.547519,0.061921,0.150259,0.506694,0.679614,0.0,0.10134,0.0,0.186912,0.0,0.0,0.243086,0.628833,0.163608,0.0,0.202245,0.0,0.0,0.0,0.68375,0.0,0.0,0.793822,0.0,0.0,3.3e-05,0.0,0.609333,0.0,0.330187,0.623271,1.046022,0.0,0.033521,0.0
8,0.0,0.0,0.0,0.0,0.0,0.0,0.0,0.0,0.0,0.652751,0.0,0.237983,0.476853,0.633797,0.243991,0.0,0.287364,0.712733,0.0,0.041394,0.0,0.168853,0.0,0.0,0.161383,0.480843,0.128349,0.0,0.0,0.0,0.0,0.0,0.415513,0.0,0.0,0.939695,0.0,0.0,0.035582,0.0,0.673556,0.0,0.522396,0.589067,1.10311,0.026255,0.253619,0.0
9,0.0,0.0,0.0,0.0,0.0,0.0,0.0,0.188458,0.0,0.540638,0.0,0.408923,0.44673,0.610926,0.282237,0.117222,0.236959,0.588007,0.0,0.0,0.0,0.196898,0.0,0.0,0.096452,0.434495,0.025531,0.0,0.0,0.0,0.0,0.0,0.445073,0.0,0.0,0.761469,0.0,0.0,0.051561,0.0,0.643425,0.0,0.448137,0.696283,0.925415,0.061096,0.172596,0.0
10,0.0,0.0,0.0,0.0,0.035348,0.0,0.0,0.5153,0.0,0.490631,0.0,0.68811,0.306623,0.696705,0.127452,0.318371,0.114895,0.544495,0.0,0.0,0.095709,0.075855,0.0,0.0,0.257075,0.487779,0.118108,0.0,0.025914,0.0,0.0,0.0,0.563903,0.0,0.0,0.722835,0.0,0.0,0.110488,0.0,0.649006,0.0,0.530419,0.623043,0.614305,0.037908,0.10183,0.0
11,0.0,0.0,0.0,0.0,0.014459,0.0,0.0,0.39017,0.0,0.409507,0.0,0.72633,0.353801,0.853941,0.0,0.519605,0.0,0.501692,0.0,0.0,0.174922,0.0,0.0,0.0,0.260499,0.609767,0.230218,0.0,0.153103,0.0,0.0,0.0,0.625048,0.0,0.0,0.663187,0.0,0.0,0.054912,0.0,0.59685,0.0,0.61653,0.465772,0.278539,0.037636,0.15797,0.0
12,0.0,0.0,0.0,0.0,0.093324,0.0,0.0,0.238309,0.0,0.299546,0.0,0.990229,0.712183,1.037535,0.0,1.119992,0.0,0.164303,0.0,0.0,0.334227,0.0,0.0,0.0,0.031142,0.938522,0.363782,0.0,0.493964,0.0,0.0,0.0,0.804913,0.0,0.0,0.411482,0.0,0.0,0.052167,0.123369,0.364845,0.0,0.382694,0.436625,0.0,0.0,0.180342,0.0
13,0.0,0.0,0.0,0.0,0.149843,0.0,0.0,0.289632,0.0,0.025145,0.00543,1.356462,0.68216,1.24809,0.0,0.957273,0.0,0.0,0.0,0.0,0.30433,0.0,0.0,0.0,0.298155,0.952653,0.841061,0.0,0.643727,0.0,0.0,0.018685,1.095215,0.0,0.073488,0.309562,0.418794,0.0,0.163978,0.207278,0.211759,0.0,0.188326,0.548789,0.0,0.119016,0.039707,0.0
14,0.0,0.0,0.0,0.0,0.312973,0.0,0.0,0.387117,0.0,0.093648,0.106864,1.34117,0.323166,1.058115,0.0,0.64336,0.0,0.053582,0.0,0.362725,0.173326,0.0,0.0,0.0,0.191498,0.809168,0.781169,0.0,0.278981,0.0,0.0,0.0,1.407383,0.0,0.06343,0.150961,0.302488,0.0,0.014931,0.191833,0.538408,0.0,0.043779,0.386385,0.0,0.0,0.0,0.0
15,0.0,0.0,0.0,0.0,0.219243,0.0,0.0,0.531431,0.0,0.202881,0.0,1.369742,0.087462,1.026628,0.0,0.896124,0.204583,0.26484,0.0,0.106972,0.180012,0.0,0.0,0.0,0.2908,0.830944,0.55809,0.0,0.315221,0.0,0.0,0.0,1.103786,0.0,0.0,0.045265,0.036141,0.0,0.096417,0.001481,0.786355,0.0,0.015943,0.365729,0.0,0.030844,0.117919,0.0
16,0.0,0.0,0.0,0.0,0.191318,0.0,0.0,0.514384,0.0,0.132794,0.016573,1.504673,0.295224,1.168644,0.0,1.263548,0.205777,0.262364,0.0,0.0,0.158407,0.0,0.0,0.0,0.424082,1.095977,0.559729,0.0,0.776146,0.0,0.0,0.01881,1.05262,0.0,0.231686,0.0,0.0,0.0,0.018715,0.0,0.681475,0.0,0.0,0.336931,0.0,0.273534,0.276997,0.0
17,0.049022,0.0,0.0,0.0,0.194403,0.0,0.0,0.123472,0.0,0.035564,0.310047,1.663102,0.443818,1.103402,0.0,1.058508,0.010947,0.111874,0.126983,0.0,0.0,0.0,0.0,0.0,0.297515,0.984588,0.53425,0.0,0.552531,0.0,0.0,0.0,1.141145,0.0,0.419942,0.0,0.01943,0.0,0.0,0.097954,0.708132,0.05489,0.0,0.144718,0.0,0.393207,0.291883,0.0
18,0.063291,0.0,0.0,0.0,0.340759,0.060335,0.008659,0.092702,0.0,0.003045,0.509273,1.561767,0.572403,0.898791,0.0,1.06122,0.079438,0.0,0.152943,0.0,0.094606,0.06691,0.0,0.0,0.365914,1.122961,0.284818,0.0,0.305449,0.0,0.0,0.0,0.889646,0.0,0.319791,0.0,0.0,0.0,0.0,0.045911,1.00527,0.003157,0.0,0.252728,0.0,0.632909,0.582543,0.0
19,0.0,0.0,0.0,0.0,0.564836,0.0,0.0,0.061985,0.0,0.0,0.292912,1.538184,0.678899,1.188474,0.0,1.26423,0.014585,0.114105,0.173763,0.0,0.166421,0.0,0.0,0.0,0.461184,0.838503,0.587627,0.0,0.612825,0.0,0.0,0.055748,1.072737,0.0,0.459382,0.0,0.0,0.0,0.0,0.317226,0.874062,0.072709,0.0,0.040728,0.0,0.606261,0.590011,0.0
20,0.0,0.0,0.0,0.0,0.818565,0.0,0.0,0.18212,0.0,0.0,0.354926,1.742199,0.824559,1.239957,0.0,1.111118,0.0,0.103439,0.12648,0.040141,0.362545,0.0,0.0,0.0,0.657348,0.757421,0.87552,0.0,0.747637,0.0,0.0,0.08478,1.150478,0.0,0.545768,0.104576,0.242392,0.0,0.0,0.664167,0.747314,0.180852,0.0,0.0,0.0,0.754412,0.533848,0.0
21,0.0,0.0,0.0,0.0,1.059251,0.0,0.0,0.370107,0.0,0.0,0.464696,1.885483,0.865192,1.095816,0.0,1.033725,0.0,0.0,0.074922,0.090058,0.658967,0.0,0.0,0.0,0.735011,0.74841,1.111616,0.0,0.621264,0.0,0.0,0.046862,1.060798,0.0,0.452482,0.206537,0.419853,0.0,0.0,0.829471,0.863975,0.130166,0.007181,0.02528,0.0,0.74913,0.490682,0.0
22,0.0,0.0,0.0,0.0,1.114228,0.0,0.0,0.292296,0.0,0.0,0.382468,1.791275,0.820988,1.344136,0.0,0.915559,0.0,0.122066,0.078948,0.527746,0.577289,0.0,0.0,0.0,0.802091,0.629184,1.417941,0.0,0.785843,0.0,0.0,0.319303,1.395272,0.0,0.548527,0.28538,0.547551,0.0,0.0,1.038557,0.617468,0.20434,0.384757,0.0,0.0,0.640077,0.274139,0.0
23,0.121932,0.0,0.0,0.0,0.804264,0.206382,0.0,0.245502,0.0,0.003608,0.586128,1.728096,0.915337,1.202233,0.0,1.243033,0.0,0.0,0.0,0.12454,0.668317,0.0,0.0,0.0,0.6183,0.739336,1.168553,0.0,0.530858,0.0,0.0,0.141041,1.056039,0.0,0.400616,0.042738,0.422472,0.0,0.0,0.75451,0.676807,0.249078,0.180136,0.0,0.0,0.678659,0.484951,0.0
24,0.132034,0.0,0.0,0.0,0.737651,0.023146,0.0,0.111489,0.0,0.0,0.342507,1.818484,0.999129,1.12718,0.0,1.228641,0.0,0.0,0.0,0.0,0.438238,0.0,0.0,0.0,0.470089,0.737863,0.873033,0.0,0.667374,0.0,0.0,0.044498,1.010376,0.0,0.454597,0.0,0.248319,0.0,0.0,0.647691,0.386774,0.360489,0.178066,0.0,0.0,0.503775,0.371011,0.0
25,0.0,0.0,0.0,0.0,0.662439,0.0,0.0,0.0,0.0,0.0,0.069432,1.364948,0.87668,1.151616,0.0,1.138029,0.0,0.0,0.0,0.0,0.034232,0.0,0.0,0.0,0.299541,0.666376,0.509131,0.0,0.491588,0.0,0.0,0.0,0.594784,0.0,0.259005,0.0,0.0,0.0,0.122454,0.653726,0.291842,0.413697,0.332115,0.0,0.0,0.376578,0.469353,0.0
26,0.0,0.0,0.0,0.0,0.515604,0.0,0.30197,0.0,0.0,0.0,0.0,0.93495,1.004101,0.881075,0.0,1.285092,0.061063,0.054419,0.029281,0.0,0.0,0.0,0.0,0.0,0.249405,0.819162,0.173564,0.0,0.613034,0.0,0.0,0.0,0.423282,0.0,0.063548,0.0,0.0,0.0,0.1594,0.541734,0.274176,0.435698,0.522593,0.0,0.0,0.144544,0.416985,0.0
27,0.0,0.0,0.0,0.187185,0.756385,0.0,0.399673,0.0,0.0,0.0,0.0,0.558331,0.871199,0.464934,0.0,1.048314,0.320754,0.0,0.19429,0.0,0.0,0.213883,0.0,0.0,0.0,0.848431,0.0,0.0,0.210269,0.0,0.0,0.0,0.064809,0.0,0.0,0.041141,0.0,0.0,0.186962,0.183519,0.342599,0.26979,0.055357,0.003053,0.0,0.093086,0.295957,0.0
28,0.0,0.0,0.0,0.177582,0.597613,0.0,0.514883,0.0,0.0,0.004905,0.0,0.341241,0.967476,0.288789,0.0,0.660746,0.350298,0.0,0.165551,0.0,0.0,0.471366,0.0,0.0,0.228586,0.706069,0.0,0.0,0.0,0.008659,0.0,0.0,0.107468,0.0,0.0,0.1993,0.0,0.0,0.330575,0.178834,0.438578,0.430592,0.405212,0.0,0.170369,0.368898,0.428873,0.0
29,0.0,0.0,0.0,0.142232,0.504221,0.0,0.425652,0.0,0.0,0.170383,0.0,0.452318,0.79298,0.240331,0.0,0.558221,0.2185,0.028535,0.094285,0.0,0.0,0.56629,0.0,0.0,0.049613,0.667579,0.0,0.0,0.0,0.098869,0.0,0.0,0.0,0.0,0.0,0.228505,0.0,0.0,0.336331,0.205918,0.578357,0.24132,0.377653,0.104235,0.318753,0.351075,0.373338,0.0
30,0.0,0.0,0.0,0.157449,0.54909,0.0,0.523139,0.0,0.0,0.246969,0.0,0.4154,0.719002,0.187357,0.0,0.565551,0.430855,0.058162,0.294934,0.0,0.0,0.384318,0.0,0.0,0.167257,0.702088,0.0,0.0,0.0,0.0,0.0,0.0,0.0,0.0,0.0,0.280826,0.0,0.0,0.422275,0.096958,0.585456,0.0,0.360453,0.0,0.372565,0.362082,0.319319,0.0
31,0.0,0.0,0.0,0.0,0.430129,0.0,0.493742,0.041131,0.0,0.178241,0.0,0.558631,0.850295,0.246096,0.0,0.836009,0.296838,0.0,0.073188,0.0,0.0,0.347083,0.0,0.0,0.255169,0.637414,0.0,0.0,0.0,0.0,0.0,0.0,0.021463,0.0,0.0,0.159813,0.0,0.0,0.380281,0.305813,0.517739,0.096263,0.352376,0.025455,0.230785,0.452229,0.392565,0.0
32,0.0,0.0,0.0,0.0,0.415198,0.0,0.390932,0.0,0.0,0.304794,0.0,0.650674,0.809808,0.255969,0.0,1.09738,0.222406,0.0,0.213689,0.0,0.0,0.144403,0.0,0.0,0.0,0.696291,0.0,0.0,0.0,0.0,0.0,0.0,0.0,0.0,0.0,0.01315,0.0,0.0,0.297196,0.262771,0.480364,0.0,0.254956,0.036854,0.0,0.164331,0.405614,0.0
33,0.0,0.0,0.0,0.0,0.409841,0.0,0.372743,0.148762,0.0,0.370431,0.0,0.751578,0.69719,0.16542,0.0,0.924826,0.23193,0.017741,0.115715,0.0,0.028842,0.111125,0.0,0.0,0.0,0.501453,0.0,0.0,0.0,0.0,0.0,0.0,0.007335,0.0,0.151901,0.0,0.0,0.0,0.143508,0.131106,0.630404,0.0,0.172802,0.234502,0.0,0.211683,0.339837,0.0
34,0.0,0.0,0.0,0.0,0.245021,0.0,0.217976,0.032551,0.0,0.447889,0.0,0.787695,0.504321,0.207322,0.0,0.668162,0.124813,0.0,0.126413,0.0,0.145044,0.056113,0.0,0.0,0.032946,0.517483,0.0,0.0,0.0,0.0,0.0,0.0,0.341395,0.0,0.14235,0.0,0.0,0.0,0.0,0.196948,0.763382,0.0,0.098037,0.470739,0.0,0.148403,0.271417,0.0
35,0.0,0.0,0.0,0.0,0.134401,0.0,0.090185,0.042607,0.0,0.571093,0.0,0.758698,0.690359,0.226911,0.0,0.482062,0.053115,0.177522,0.175208,0.0,0.372683,0.0,0.0,0.0,0.067263,0.390944,0.215475,0.0,0.021661,0.070169,0.0,0.0,0.513009,0.0,0.213391,0.0,0.0,0.0,0.0,0.049913,0.807868,0.0,0.19367,0.723231,0.0,0.104019,0.054319,0.0
36,0.0,0.0,0.0,0.0,0.241794,0.0,0.0,0.415588,0.0,0.634056,0.0,0.848282,0.604754,0.143156,0.0,0.322035,0.065386,0.240317,0.005987,0.0,0.637409,0.0,0.0,0.0,0.153304,0.131484,0.509039,0.0,0.0,0.486255,0.0,0.0,0.437413,0.0,0.244699,0.125811,0.062731,0.0,0.0,0.318588,1.043983,0.0,0.49126,0.892356,0.0,0.0,0.0,0.0
37,0.0,0.0,0.0,0.0,0.091614,0.0,0.0,0.300655,0.0,0.592359,0.0,0.814086,0.597496,0.311487,0.0,0.257068,0.0,0.302659,0.0,0.021803,0.788649,0.0,0.0,0.0,0.165256,0.275699,0.610254,0.0,0.111033,0.513777,0.0,0.0,0.447644,0.0,0.404288,0.300644,0.226569,0.0,0.0,0.237685,0.91898,0.0,0.312521,1.046161,0.0,0.182342,0.0,0.0
38,0.0,0.0,0.0,0.0,0.073568,0.0,0.059335,0.449956,0.0,0.616135,0.0,0.826709,0.442957,0.538196,0.0,0.0,0.0,0.554342,0.0,0.135992,0.837412,0.0,0.0,0.0,0.291803,0.157506,0.849866,0.0,0.205113,0.793828,0.0,0.0,0.377399,0.0,0.477472,0.595237,0.296226,0.0,0.0,0.419984,1.006472,0.0,0.656845,1.098735,0.0,0.146415,0.0,0.0
39,0.0,0.0,0.0,0.0,0.0,0.0,0.123554,0.114758,0.0,1.097683,0.0,0.637625,0.343041,0.571316,0.0,0.356214,0.033596,0.662987,0.0,0.171403,0.93178,0.0,0.0,0.0,0.0,0.070449,0.743439,0.0,0.0,0.803569,0.0,0.0,0.190544,0.0,0.40892,0.445374,0.189439,0.0,0.0,0.172595,1.215197,0.0,0.462651,1.303081,0.0,0.0,0.070444,0.0
40,0.0,0.0,0.0,0.0,0.128733,0.0,0.010377,0.035439,0.0,1.248035,0.0,0.83081,0.09908,0.427463,0.0,0.57478,0.331781,0.651631,0.0,0.0,1.064555,0.0,0.0,0.0,0.0,0.06073,0.508371,0.0,0.000291,0.668208,0.0,0.0,0.127184,0.0,0.484176,0.42199,0.0,0.0,0.0,0.391237,1.301421,0.0,0.303328,1.432994,0.0,0.0,0.249276,0.0
41,0.0,0.0,0.0,0.0,0.007206,0.0,0.455744,0.082675,0.0,1.394078,0.0,0.938886,0.296347,0.824085,0.0,0.374294,0.004036,0.537981,0.0,0.0,1.091572,0.0,0.0,0.0,0.0,0.052375,1.020595,0.0,0.152804,0.792848,0.0,0.04037,0.422764,0.0,0.552475,0.430287,0.502488,0.0,0.0,0.470658,1.182295,0.0,0.567991,1.548056,0.0,0.0,0.054895,0.0
42,0.0,0.0,0.0,0.0,0.030948,0.0,0.454171,0.374583,0.0,1.394027,0.0,1.114636,0.078491,0.98534,0.0,0.512424,0.08948,0.595577,0.0,0.0,1.180746,0.0,0.0,0.0,0.0,0.156395,1.04901,0.0,0.508239,0.676961,0.0,0.065047,0.440926,0.0,0.571174,0.665131,0.428388,0.0,0.0,0.530847,1.133952,0.0,0.768696,1.7104,0.0,0.0,0.039426,0.0
43,0.0,0.0,0.0,0.0,0.0,0.0,0.536315,0.362916,0.0,1.507216,0.0,0.988373,0.129637,1.402228,0.0,0.506277,0.0,0.775643,0.0,0.0,1.187675,0.0,0.0,0.0,0.026444,0.168625,1.322018,0.0,0.604683,0.87214,0.0,0.390113,0.575233,0.0,0.560486,0.640582,0.549821,0.0,0.0,0.515892,1.112267,0.0,1.022379,1.610318,0.0,0.0,0.0,0.0
44,0.0,0.0,0.0,0.0,0.040524,0.068298,0.165038,0.0,0.0,1.34294,0.031111,1.110138,0.208644,1.076851,0.0,0.622286,0.051575,0.416989,0.0,0.0,1.23641,0.0,0.0,0.0,0.0,0.199523,0.990985,0.0,0.298909,0.494374,0.0,0.102733,0.695928,0.0,0.512263,0.409992,0.507267,0.0,0.0,0.484314,0.949966,0.0,0.307252,1.702768,0.0,0.0,0.097394,0.0
45,0.0,0.0,0.0,0.0,0.29052,0.0,0.125858,0.22003,0.0,1.191527,0.0,1.149258,0.222861,1.117655,0.0,0.441626,0.0,0.578142,0.0,0.23325,1.23518,0.0,0.0,0.0,0.0,0.075824,1.352572,0.0,0.611188,0.845566,0.0,0.266842,0.980339,0.0,0.560035,0.546779,0.654643,0.0,0.0,0.523273,0.80068,0.0,0.674392,1.480103,0.0,0.0,0.0,0.0
46,0.0,0.0,0.0,0.0,0.330478,0.0,0.0,0.27608,0.0,0.897199,0.0,1.079928,0.113042,1.134144,0.0,0.549978,0.0,0.570779,0.0,0.0,1.197666,0.0,0.0,0.0,0.018835,0.225847,1.058733,0.0,0.739396,0.726691,0.0,0.080901,0.717352,0.0,0.493704,0.711256,0.309635,0.0,0.0,0.502815,0.681988,0.0,0.698148,1.363787,0.0,0.0,0.0,0.0
47,0.0,0.0,0.0,0.0,0.452072,0.017602,0.0,0.169707,0.0,0.661623,0.0,1.002452,0.06804,1.006013,0.0,0.519318,0.0,0.595436,0.0,0.0,1.004629,0.0,0.0,0.0,0.109779,0.099058,0.902187,0.0,0.70535,0.736015,0.0,0.0,0.791121,0.0,0.478035,0.628218,0.158752,0.0,0.0,0.426662,0.476315,0.0,0.584633,1.086387,0.0,0.0,0.0,0.0
48,0.0,0.0,0.0,0.0,0.65977,0.0,0.0,0.126333,0.0,0.476442,0.0,0.961975,0.279685,1.261974,0.0,0.229664,0.0,0.610527,0.0,0.143238,1.129436,0.0,0.0,0.0,0.373074,0.168836,1.369807,0.0,0.723475,1.026974,0.0,0.247745,0.791107,0.0,0.389301,0.762753,0.226664,0.0,0.0,0.778953,0.440392,0.01099,1.041358,0.763659,0.0,0.0,0.0,0.0
49,0.057331,0.0,0.0,0.0,0.811673,0.337769,0.0,0.0,0.0,0.255381,0.0,0.98518,0.630241,1.094615,0.0,0.162775,0.0,0.367578,0.0,0.439566,1.174942,0.0,0.0,0.0,0.356066,0.02119,1.460088,0.0,0.631059,1.011425,0.0,0.277624,0.97011,0.0,0.345643,0.475907,0.411591,0.0,0.0,0.873009,0.031526,0.298168,0.760358,0.645665,0.0,0.064853,0.0,0.0
50,0.204009,0.0,0.0,0.0,0.797996,0.529623,0.0,0.0,0.0,0.169879,0.0,1.111029,0.719512,1.142115,0.0,0.364599,0.0,0.31902,0.0,0.177879,1.132434,0.0,0.0,0.0,0.491913,0.066437,1.490392,0.0,0.878465,0.862944,0.0,0.238235,0.911812,0.0,0.431804,0.276763,0.401356,0.0,0.0,0.767673,0.0,0.38078,1.01574,0.397378,0.0,0.124289,0.0,0.0
51,0.183878,0.0,0.0,0.0,1.069096,0.488619,0.0,0.0,0.0,0.0,0.0,1.251992,0.92619,1.289804,0.0,0.130463,0.0,0.327716,0.0,0.239075,0.990675,0.0,0.0,0.0,0.618484,0.249869,1.707203,0.0,1.198894,0.831225,0.0,0.44305,1.13387,0.0,0.519913,0.245564,0.471393,0.0,0.0,1.148145,0.0,0.507598,1.233087,0.127273,0.0,0.010485,0.0,0.0
52,0.09819,0.0,0.0,0.0,1.019595,0.566355,0.0,0.0,0.0,0.04292,0.0,1.073156,0.926191,1.370971,0.0,0.659884,0.0,0.426165,0.0,0.073077,0.877616,0.0,0.0,0.0,0.402463,0.244965,1.52688,0.0,1.140054,0.745433,0.0,0.275567,0.944805,0.0,0.344807,0.0,0.0,0.0,0.0,0.993417,0.0,0.451291,1.214312,0.0,0.0,0.0,0.0,0.0
53,0.338272,0.0,0.0,0.0,0.819542,0.728667,0.0,0.0,0.0,0.0,0.115794,1.197339,1.114903,1.214647,0.0,0.584179,0.0,0.160416,0.0,0.186364,0.81741,0.0,0.0,0.0,0.264606,0.225812,1.42854,0.0,0.905565,0.367753,0.0,0.208374,0.860149,0.0,0.183108,0.0,0.115184,0.0,0.0,0.872706,0.0,0.655245,0.761251,0.0,0.0,0.0,0.018876,0.0
54,0.507386,0.0,0.0,0.034685,0.93528,0.624848,0.0,0.0,0.0,0.0,0.172396,1.112906,0.991698,1.061286,0.0,0.68309,0.0,0.015235,0.0,0.052739,0.46008,0.0,0.0,0.0,0.34588,0.405271,1.168242,0.0,0.794041,0.177732,0.0,0.042976,0.699855,0.0,0.103902,0.0,0.0,0.0,0.0,0.829279,0.0,0.698036,0.641898,0.0,0.0,0.049454,0.206762,0.0
55,0.678737,0.0,0.0,0.066517,1.010355,0.578509,0.0,0.0,0.0,0.0,0.0,0.911201,1.047228,1.004804,0.0,0.749874,0.0,0.017922,0.0,0.0,0.222037,0.0,0.0,0.0,0.545149,0.677567,1.101586,0.0,0.939639,0.0,0.0,0.124652,0.723038,0.0,0.069737,0.0,0.0,0.0,0.0,0.712171,0.0,0.852296,0.541581,0.0,0.0,0.116278,0.343874,0.0
56,0.767507,0.0,0.0,0.317533,1.231208,0.470676,0.0,0.0,0.0,0.0,0.083933,1.086717,0.90011,0.787692,0.0,0.532236,0.0,0.0,0.0,0.1294,0.158083,0.0,0.0,0.0,0.445266,0.616816,1.2026,0.0,0.879291,0.0,0.0,0.0,0.777858,0.0,0.0,0.0,0.0,0.0,0.0,0.73726,0.0,0.849872,0.297737,0.0,0.0,0.0,0.013491,0.0
57,0.739816,0.0,0.0,0.251119,0.859171,0.610049,0.0,0.0,0.0,0.0,0.0,0.843376,0.994828,0.988706,0.0,0.774597,0.0,0.161505,0.0,0.0,0.100181,0.0,0.0,0.0,0.545959,0.976315,1.116274,0.0,1.030007,0.0,0.0,0.183048,0.56904,0.0,0.0,0.0,0.0,0.0,0.0,0.732457,0.0,0.92779,0.35011,0.0,0.0,0.0,0.287001,0.0
58,0.761016,0.0,0.0,0.248793,0.572941,0.702232,0.0,0.0,0.0,0.0,0.185519,1.059847,0.9492,1.015321,0.0,0.664782,0.0,0.158691,0.0,0.252966,0.192239,0.088809,0.0,0.0,0.479224,1.114634,1.551483,0.0,1.151409,0.0,0.0,0.502322,0.672522,0.0,0.0,0.0,0.0,0.0,0.0,0.78057,0.0,0.946059,0.613645,0.0,0.0,0.0,0.172022,0.15573
59,0.942952,0.0,0.0,0.49868,0.800026,0.578516,0.0,0.0,0.0,0.0,0.048815,0.914506,0.971603,0.72241,0.0,0.530078,0.0,0.183109,0.0,0.235761,0.21011,0.0,0.0,0.0,0.383408,0.765607,1.403278,0.0,1.116129,0.0,0.0,0.100794,0.679028,0.0,0.0,0.0,0.0,0.0,0.0,0.425186,0.0,1.000579,0.384261,0.0,0.0,0.0,0.152602,0.0
60,0.874775,0.0,0.0,0.57796,0.750845,0.627179,0.044266,0.0,0.0,0.0,0.0,0.543408,0.988592,0.696036,0.0,0.550494,0.0,0.290213,0.0,0.245498,0.435816,0.089451,0.0,0.0,0.145977,0.648885,1.390521,0.0,1.068209,0.0,0.0,0.0,0.406561,0.0,0.0,0.0,0.0,0.0,0.0,0.034807,0.0,1.026954,0.328869,0.0,0.0,0.0,0.345057,0.0
61,0.998295,0.0,0.027142,0.299254,0.487707,0.737404,0.0,0.0,0.0,0.481091,0.233356,0.775189,0.785359,0.759242,0.0,0.390134,0.0,0.46346,0.0,0.727106,0.507053,0.0,0.0,0.0,0.102024,0.568321,1.691974,0.0,1.010839,0.0,0.0,0.337526,0.564075,0.0,0.004432,0.093227,0.0,0.0,0.0,0.322098,0.0,0.872044,0.853953,0.0,0.0,0.0,0.162504,0.0
62,0.845563,0.0,0.0,0.07372,0.542075,0.481831,0.0,0.0,0.0,0.761841,0.0,0.924118,0.615687,1.202567,0.0,0.24728,0.0,0.799977,0.0,0.833414,0.735939,0.0,0.0,0.0,0.071171,0.531282,2.049578,0.0,1.554681,0.149889,0.0,0.891208,0.851778,0.0,0.222602,0.121778,0.0,0.0,0.0,0.64326,0.0,0.757058,1.347214,0.188689,0.0,0.0,0.0,0.017488
63,0.821015,0.0,0.0,0.081522,0.3248,0.47294,0.033836,0.0,0.0,1.124616,0.0,0.728567,0.637009,1.25774,0.0,0.600711,0.0,0.977796,0.0,0.815762,0.816105,0.0,0.0,0.0,0.0,0.218608,1.916917,0.0,1.373719,0.132387,0.0,0.745403,0.798861,0.0,0.349102,0.128865,0.0,0.0,0.0,0.456266,0.0,0.645321,1.346621,0.275171,0.0,0.0,0.0,0.0
64,0.538429,0.0,0.0,0.0,0.492496,0.172523,0.188783,0.0,0.0,1.163713,0.0,0.790709,0.294237,1.482976,0.0,0.343491,0.0,0.921252,0.0,0.718553,0.937625,0.0,0.0,0.0,0.0,0.184195,2.240993,0.0,1.537856,0.320003,0.0,1.143991,0.807325,0.0,0.408403,0.15309,0.185508,0.0,0.0,0.68571,0.0,0.61333,1.622682,0.65123,0.0,0.0,0.0,0.0
65,0.424732,0.0,0.0,0.0,0.317463,0.060353,0.350648,0.0,0.0,1.476623,0.0,0.720442,0.199412,1.634045,0.0,0.499498,0.0,1.119083,0.0,0.435179,0.651701,0.0,0.0,0.0,0.068805,0.321431,1.78157,0.0,1.296946,0.213624,0.0,1.011477,1.028988,0.0,0.242771,0.333584,0.0,0.0,0.0,0.487198,0.0,0.445236,1.540261,0.642404,0.0,0.0,0.0,0.0
66,0.238246,0.0,0.0,0.0,0.087688,0.121191,0.528441,0.0,0.0,1.514435,0.0,0.906657,0.117152,1.478912,0.0,0.778182,0.0,0.644579,0.0,0.0,0.584206,0.0,0.0,0.0,0.0,0.463844,1.306265,0.0,0.804281,0.0,0.0,0.613481,0.669524,0.0,0.019926,0.176624,0.0,0.0,0.0,0.247215,0.203591,0.360151,1.016409,0.903364,0.0,0.0,0.09829,0.0
67,0.0,0.0,0.0,0.0,0.17599,0.0,0.838494,0.0,0.0,1.431555,0.0,0.623304,0.332884,1.489605,0.0,0.733575,0.025598,0.742372,0.0,0.0,0.224662,0.0,0.0,0.0,0.0,0.59679,0.95459,0.0,0.667816,0.0,0.0,0.429894,0.599005,0.0,0.10881,0.329733,0.0,0.0,0.0,0.446184,0.63555,0.294787,1.090831,0.755505,0.0,0.0,0.388217,0.0
68,0.0,0.0,0.0,0.0,0.091024,0.0,1.162153,0.0,0.0,1.544624,0.0,0.706019,0.369812,1.524734,0.0,0.925502,0.232915,0.797638,0.0,0.0,0.275943,0.0,0.0,0.0,0.0,0.838239,0.828749,0.0,0.638017,0.0,0.0,0.506072,0.464886,0.0,0.0,0.184152,0.0,0.0,0.0,0.534743,0.951108,0.065829,1.191804,0.670757,0.0,0.0,0.48222,0.0
69,0.0,0.0,0.0,0.0,0.214115,0.0,1.056611,0.0,0.0,1.581494,0.0,0.900435,0.554744,1.240923,0.0,0.913298,0.396463,0.552337,0.0,0.0,0.144451,0.0,0.0,0.0,0.0,0.878042,0.393423,0.0,0.421844,0.0,0.0,0.336525,0.534712,0.0,0.09536,0.073999,0.0,0.0,0.0,0.558407,0.90317,0.110382,0.883852,0.570756,0.0,0.0,0.662136,0.0
70,0.0,0.0,0.0,0.0,0.243676,0.0,1.070709,0.0,0.0,1.279482,0.029137,0.835463,0.66814,1.026734,0.0,1.126522,0.274949,0.372868,0.0,0.0,0.099459,0.0,0.0,0.0,0.0,0.900648,0.06398,0.0,0.234141,0.0,0.0,0.177816,0.271498,0.0,0.20342,0.086654,0.0,0.0,0.0,0.82764,0.85723,0.177488,0.782345,0.392506,0.0,0.0,0.963226,0.0
71,0.0,0.0,0.0,0.0,0.279301,0.0,1.089063,0.0,0.0,1.252873,0.064238,0.955242,0.661266,1.122391,0.0,1.00519,0.043995,0.255641,0.0,0.0,0.124619,0.0,0.0,0.0,0.0,0.602924,0.229459,0.0,0.276755,0.0,0.0,0.186165,0.245144,0.0,0.369476,0.0,0.0,0.0,0.0,0.919707,0.92196,0.271066,0.875063,0.440778,0.0,0.0,0.860121,0.0
72,0.0,0.0,0.0,0.0,0.36026,0.0,1.067487,0.0,0.0,1.1789,0.11295,0.784527,0.763366,1.039276,0.0,0.959499,0.041845,0.20818,0.0,0.0,0.206482,0.0,0.0,0.0,0.0,0.473351,0.411404,0.0,0.124224,0.0,0.0,0.215001,0.178157,0.0,0.306964,0.0,0.0,0.0,0.0,1.095278,1.137568,0.255216,0.942212,0.234477,0.0,0.0,0.894552,0.0
73,0.0,0.0,0.0,0.0,0.43184,0.0,0.994694,0.0,0.0,0.969231,0.153141,0.935523,0.644297,0.795419,0.0,0.784221,0.155123,0.042171,0.0,0.0,0.16623,0.0,0.0,0.0,0.0,0.427117,0.150323,0.0,0.0,0.0,0.0,0.0,0.039939,0.0,0.297432,0.0,0.0,0.0,0.041312,1.117573,1.095886,0.266121,0.696383,0.280379,0.0,0.143881,0.839123,0.0
74,0.0,0.0,0.210635,0.0,0.644527,0.0,0.905887,0.0,0.0,0.702228,0.134706,0.64737,0.554675,0.487021,0.0,0.670506,0.503685,0.021316,0.0,0.0,0.108326,0.001352,0.0,0.0,0.050148,0.445929,0.0,0.0,0.0,0.0,0.0,0.0,0.0,0.073841,0.147705,0.0,0.0,0.0,0.024956,1.003694,1.14231,0.197652,0.490834,0.182173,0.0,0.261605,0.920023,0.0
75,0.020572,0.0,0.036556,0.0,0.638752,0.0,0.842884,0.0,0.0,0.570036,0.092695,0.533462,0.667812,0.288558,0.0,0.521027,0.701116,0.0,0.055068,0.0,0.067196,0.117709,0.0,0.0,0.0938,0.590937,0.0,0.0,0.0,0.0,0.0,0.0,0.046933,0.0,0.171714,0.074505,0.0,0.0,0.0,0.756724,0.990072,0.216182,0.367866,0.151319,0.0,0.518317,0.96422,0.0
76,0.0,0.0,0.004953,0.0,0.567513,0.0,0.686182,0.0,0.0,0.399161,0.0,0.274792,0.658802,0.388332,0.0,0.531431,0.615029,0.0,0.017404,0.0,0.069691,0.010175,0.0,0.0,0.211348,0.450773,0.041557,0.0,0.0,0.0,0.0,0.0,0.0,0.0,0.144067,0.195431,0.0,0.0,0.0,0.716261,0.870476,0.276307,0.449568,0.131026,0.0,0.533096,0.912776,0.0
77,0.0,0.0,0.0,0.0,0.45712,0.0,0.451262,0.0,0.0,0.448676,0.0,0.332117,0.663795,0.539247,0.0,0.408672,0.283832,0.13077,0.0,0.073036,0.275136,0.0,0.0,0.0,0.209591,0.222759,0.368238,0.0,0.12359,0.147125,0.0,0.0,0.332361,0.0,0.169424,0.159211,0.0,0.0,0.0,0.733789,0.532117,0.420414,0.660817,0.152651,0.0,0.305223,0.514715,0.0
78,0.0,0.0,0.0,0.0,0.661473,0.0,0.210804,0.0,0.0,0.302248,0.0,0.477757,0.611373,0.397084,0.0,0.218212,0.0,0.24902,0.0,0.155774,0.317295,0.0,0.0,0.0,0.133188,0.129711,0.331932,0.0,0.0,0.491951,0.0,0.0,0.311668,0.0,0.117647,0.1597,0.0,0.0,0.0,0.804758,0.581537,0.234859,0.54994,0.233107,0.0,0.132433,0.351367,0.0
79,0.0,0.0,0.0,0.0,0.729448,0.0,0.160519,0.137018,0.0,0.142832,0.0,0.594626,0.676963,0.239029,0.050731,0.148847,0.0,0.024489,0.0,0.0,0.37733,0.0,0.0,0.0,0.233,0.053483,0.376491,0.0,0.0,0.59543,0.0,0.0,0.305522,0.0,0.086087,0.228844,0.0,0.0,0.060351,0.958954,0.537182,0.090464,0.56296,0.211461,0.0,0.063722,0.210781,0.0
80,0.0,0.0,0.0,0.0,0.392055,0.0,0.14276,0.069227,0.0,0.230432,0.0,0.461483,0.728469,0.36318,0.0,0.362028,0.0,0.176817,0.0,0.0,0.311675,0.0,0.0,0.0,0.185371,0.20925,0.145709,0.0,0.0,0.773128,0.0,0.0,0.202202,0.0,0.107995,0.040453,0.0,0.0,0.07259,0.629932,0.659484,0.0,0.756752,0.0,0.0,0.171507,0.368177,0.0
81,0.0,0.0,0.0,0.0,0.435946,0.265136,0.100447,0.0,0.0,0.260544,0.0,0.177604,0.852522,0.217705,0.0,0.51295,0.076263,0.012778,0.067292,0.0,0.349723,0.0,0.0,0.0,0.0,0.361082,0.0,0.0,0.0,0.699219,0.0,0.0,0.04749,0.0,0.108286,0.0,0.0,0.0,0.0,0.38647,0.726343,0.0,0.461721,0.138276,0.0,0.125141,0.460014,0.0
82,0.0,0.0,0.0,0.0,0.585679,0.0,0.056431,0.093485,0.0,0.020462,0.0,0.56318,1.032796,0.200974,0.03749,0.438336,0.032907,0.0,0.0,0.0,0.243101,0.0,0.0,0.0,0.116644,0.194688,0.03199,0.0,0.0,0.56982,0.0,0.0,0.356315,0.0,0.161412,0.0,0.0,0.0,0.130832,0.609216,0.412072,0.0,0.603885,0.0,0.0,0.371453,0.239989,0.0
83,0.0,0.0,0.0,0.0,0.464074,0.0,0.089132,0.007762,0.0,0.063421,0.0,0.447893,0.850034,0.370876,0.0,0.451489,0.0,0.0,0.009111,0.0,0.197503,0.0,0.0,0.0,0.134352,0.333413,0.0,0.0,0.0,0.662,0.0,0.0,0.205,0.0,0.159632,0.024951,0.0,0.0,0.19934,0.587724,0.496766,0.0,0.740844,0.0,0.0,0.354382,0.379697,0.0
84,0.0,0.0,0.0,0.0,0.527657,0.020931,0.0,0.029442,0.0,0.0,0.0,0.460697,0.848203,0.221673,0.013647,0.380272,0.0,0.113273,0.032471,0.0,0.276632,0.0,0.0,0.0,0.241617,0.280959,0.031003,0.0,0.0,0.639416,0.0,0.0,0.29704,0.0,0.221804,0.0,0.0,0.0,0.065101,0.546219,0.447294,0.001999,0.683738,0.0,0.0,0.304573,0.343855,0.0
85,0.0,0.0,0.0,0.0,0.631281,0.030435,0.0,0.011831,0.0,0.0,0.0,0.511498,0.84745,0.337168,0.194348,0.367734,0.0,0.0,0.067866,0.0,0.36668,0.0,0.0,0.0,0.252655,0.293022,0.206324,0.0,0.0,0.499484,0.0,0.0,0.302133,0.0,0.20682,0.106119,0.0,0.0,0.031177,0.698963,0.571168,0.048623,0.35248,0.0,0.0,0.446163,0.356333,0.0
86,0.0,0.0,0.0,0.0,0.792269,0.0,0.0,0.052116,0.0,0.0,0.0,0.682889,0.732331,0.467285,0.045226,0.411776,0.0,0.019852,0.212314,0.141131,0.541108,0.0,0.0,0.0,0.380444,0.184122,0.441464,0.0,0.126034,0.244549,0.0,0.0,0.420138,0.0,0.242857,0.241043,0.078741,0.0,0.0,0.823911,0.518389,0.050389,0.301209,0.0,0.0,0.49589,0.279711,0.0
87,0.109736,0.0,0.0,0.0,0.986119,0.0,0.0,0.289985,0.0,0.0,0.076606,0.75292,0.84424,0.370313,0.060204,0.257849,0.0,0.0,0.273364,0.212416,0.626579,0.0,0.0,0.0,0.654343,0.308626,0.650417,0.0,0.141471,0.110109,0.0,0.0,0.453654,0.0,0.187333,0.403087,0.241667,0.0,0.0,0.993716,0.666662,0.130706,0.0,0.0,0.0,0.746541,0.394165,0.0
88,0.176932,0.0,0.0,0.0,0.896142,0.0,0.0,0.0,0.0,0.0,0.13302,0.400381,0.840633,0.541694,0.113355,0.432712,0.113692,0.0,0.349334,0.356419,0.610263,0.0,0.0,0.0,0.710981,0.426868,0.682205,0.0,0.21889,0.162667,0.0,0.0,0.410429,0.0,0.399646,0.531629,0.0,0.0,0.0,0.808525,0.809518,0.295419,0.055276,0.0,0.0,0.944485,0.609965,0.0
89,0.190259,0.0,0.0,0.0,1.049648,0.0,0.0,0.172679,0.0,0.0,0.203764,0.542456,0.792751,0.453259,0.214805,0.254699,0.0,0.0,0.265413,0.342406,0.53686,0.0,0.0,0.0,0.829294,0.602638,0.708437,0.0,0.190683,0.18967,0.0,0.0,0.400099,0.0,0.21257,0.67254,0.0,0.0,0.0,0.917498,0.921681,0.234607,0.0,0.0,0.0,0.859171,0.613423,0.0
90,0.140664,0.0,0.0,0.0,0.935401,0.0,0.0,0.115137,0.0,0.0,0.337974,0.861352,0.826515,0.730628,0.224212,0.395407,0.0,0.0,0.421139,0.343877,0.584065,0.0,0.0,0.0,0.746283,0.42285,0.789913,0.0,0.207359,0.0,0.0,0.119309,0.60488,0.0,0.098661,0.540482,0.411612,0.0,0.0,1.196417,0.621293,0.300489,0.0,0.085525,0.0,0.876493,0.498003,0.0
91,0.0,0.0,0.0,0.0,1.032839,0.0,0.0,0.05548,0.0,0.0,0.0,0.738066,0.655992,0.857972,0.018335,0.367968,0.0,0.141805,0.1828,0.209167,0.285448,0.0,0.0,0.0,0.718505,0.524859,0.617723,0.0,0.349698,0.0,0.0,0.0464,0.666266,0.0,0.154067,0.601045,0.037295,0.0,0.035249,1.056897,0.619036,0.147105,0.10023,0.0,0.0,0.613017,0.381288,0.0
92,0.0,0.0,0.0,0.0,0.918217,0.0,0.0,0.061557,0.0,0.0,0.0,0.750069,0.679918,0.672559,0.0,0.700568,0.153276,0.052284,0.148851,0.0,0.183851,0.0,0.0,0.0,0.541675,0.531933,0.164563,0.0,0.265504,0.0,0.0,0.0,0.620339,0.0,0.111211,0.25017,0.0,0.0,0.07841,0.784395,0.577739,0.01939,0.077918,0.0,0.0,0.447172,0.435847,0.0
93,0.0,0.0,0.0,0.0,0.704711,0.0,0.133934,0.0,0.0,0.0,0.0,0.516668,0.842638,0.432021,0.074045,0.871782,0.365783,0.0,0.031654,0.0,0.043259,0.0,0.0,0.0,0.418321,0.71101,0.0,0.0,0.0,0.0,0.0,0.0,0.116767,0.0,0.064934,0.174501,0.0,0.0,0.215797,0.653259,0.66407,0.0,0.020795,0.027527,0.0,0.580859,0.650584,0.0
94,0.0,0.0,0.0,0.0,0.585156,0.0,0.202664,0.0,0.0,0.077543,0.0,0.573743,0.732712,0.409377,0.196122,0.549182,0.272444,0.0,0.0,0.0,0.027374,0.063579,0.0,0.0,0.370334,0.549404,0.0,0.0,0.0,0.0,0.0,0.0,0.191864,0.0,0.016192,0.260614,0.0,0.0,0.362258,0.705716,0.792786,0.017632,0.194126,0.061227,0.108478,0.449006,0.628832,0.0
95,0.0,0.0,0.0,0.0,0.44894,0.0,0.374417,0.0,0.0,0.287604,0.0,0.591983,0.771513,0.412339,0.320428,0.705046,0.192428,0.007637,0.0,0.0,0.013012,0.0,0.0,0.0,0.127094,0.540833,0.0,0.0,0.0,0.0,0.0,0.0,0.0,0.0,0.018652,0.197191,0.0,0.0,0.307706,0.774704,0.862869,0.0,0.323966,0.063786,0.052334,0.37729,0.576679,0.0
96,0.0,0.0,0.0,0.0,0.387469,0.0,0.367226,0.112912,0.0,0.431813,0.0,0.503001,0.498477,0.314106,0.185521,0.497301,0.309624,0.316044,0.0,0.0,0.0,0.07885,0.0,0.0,0.198647,0.583259,0.0,0.0,0.0,0.0,0.0,0.0,0.0,0.0,0.0,0.293047,0.0,0.0,0.449798,0.480526,1.041149,0.0,0.414778,0.067231,0.22834,0.349466,0.655964,0.0
97,0.0,0.0,0.0,0.0,0.465451,0.0,0.463825,0.086836,0.0,0.469108,0.0,0.417647,0.553907,0.198166,0.067697,0.61359,0.574371,0.241901,0.0,0.0,0.0,0.315171,0.0,0.0,0.08611,0.816299,0.0,0.0,0.0,0.0,0.0,0.0,0.0,0.0,0.0,0.370604,0.0,0.0,0.344622,0.189941,1.01437,0.0,0.235362,0.24729,0.528618,0.399265,0.646406,0.0
98,0.0,0.05356,0.0,0.0,0.236744,0.0,0.592201,0.0,0.0,0.474767,0.0,0.519187,0.64725,0.431492,0.17146,0.682131,0.256221,0.258909,0.0,0.0,0.0,0.253441,0.0,0.0,0.202856,0.740631,0.0,0.0,0.0,0.0,0.0,0.0,0.0,0.0,0.0,0.399319,0.0,0.0,0.362634,0.331251,0.857634,0.0,0.526426,0.195411,0.476263,0.475861,0.68057,0.0
99,0.0,0.0,0.0,0.0,0.208135,0.0,0.649346,0.0,0.0,0.549983,0.0,0.465352,0.820735,0.445225,0.147297,0.709102,0.445672,0.261649,0.0,0.0,0.0,0.20189,0.0,0.0,0.266598,0.875509,0.0,0.0,0.0,0.0,0.0,0.0,0.021822,0.0,0.0,0.496103,0.0,0.0,0.356643,0.333747,0.823017,0.053357,0.60944,0.089126,0.585036,0.362556,0.68078,0.0
100,0.0,0.0,0.0,0.0,0.236629,0.0,0.606853,0.0,0.0,0.473863,0.0,0.587005,0.782668,0.390249,0.0,0.845061,0.508316,0.271181,0.0,0.0,0.0,0.181626,0.0,0.0,0.182119,0.983221,0.0,0.0,0.163973,0.0,0.0,0.0,0.061962,0.0,0.0,0.35214,0.0,0.0,0.373611,0.164967,0.674337,0.055197,0.435704,0.018149,0.405329,0.205079,0.62711,0.0
101,0.0,0.0,0.0,0.0,0.256165,0.0,0.608293,0.0,0.0,0.611496,0.0,0.496571,0.52545,0.444356,0.0,0.698994,0.461207,0.405375,0.0,0.0,0.0,0.39085,0.0,0.0,0.102716,0.948876,0.0,0.0,0.0,0.0,0.0,0.024709,0.0,0.0,0.0,0.524335,0.0,0.0,0.349644,0.072824,0.778387,0.005653,0.414673,0.111047,0.458325,0.261919,0.7564,0.0
102,0.0,0.0,0.0,0.0,0.106068,0.0,0.569542,0.0,0.0,0.587526,0.0,0.600939,0.580082,0.644571,0.0,0.634624,0.346051,0.301019,0.0,0.0,0.0,0.330754,0.0,0.0,0.102346,0.968474,0.037066,0.0,0.105893,0.0,0.0,0.070496,0.219175,0.0,0.0,0.251619,0.0,0.0,0.264032,0.131605,0.806901,0.213679,0.475168,0.051101,0.35798,0.234395,0.691631,0.0
103,0.0,0.0,0.0,0.0,0.026717,0.0,0.684497,0.0,0.0,0.774714,0.0,0.782765,0.694221,0.659476,0.0,0.924372,0.120894,0.406709,0.0,0.0,0.0,0.168974,0.0,0.0,0.0,1.154309,0.075522,0.0,0.463356,0.0,0.0,0.056033,0.329959,0.0,0.069593,0.0,0.0,0.0,0.046039,0.179482,0.71245,0.251687,0.485574,0.045333,0.0,0.052281,0.536721,0.0
104,0.0,0.0,0.06616,0.0,0.235197,0.0,0.43412,0.000934,0.0,0.746114,0.0,0.670996,0.149301,0.534561,0.0,0.526733,0.285436,0.361677,0.0,0.0,0.028311,0.366606,0.0,0.0,0.006616,0.871898,0.12947,0.0,0.015168,0.0,0.0,0.0,0.063275,0.0,0.0,0.087717,0.0,0.0,0.031806,0.100448,0.79432,0.15515,0.369514,0.302007,0.239704,0.231662,0.56013,0.0
105,0.293053,0.0,0.070046,0.0,0.0,0.0,0.465261,0.085879,0.0,0.747525,0.0,0.789429,0.453653,0.790209,0.0,0.530499,0.0,0.369671,0.0,0.0,0.020145,0.275281,0.0,0.0,0.09535,0.923192,0.604263,0.0,0.464749,0.0,0.0,0.145252,0.311021,0.0,0.237087,0.0,0.0,0.0,0.0,0.080615,0.41112,0.586621,0.692368,0.248508,0.021199,0.249199,0.443886,0.121445
106,0.01366,0.0,0.300289,0.0,0.09296,0.0,0.38277,0.0,0.0,0.721961,0.0,0.305109,0.330364,0.526193,0.0,0.313415,0.0,0.389391,0.0,0.154529,0.105407,0.45094,0.0,0.0,0.0,0.774462,0.465903,0.0,0.239275,0.0,0.0,0.0,0.0,0.0,0.0,0.081915,0.0,0.0,0.0,0.0,0.59936,0.483519,0.693817,0.426306,0.279814,0.19489,0.58413,0.0
107,0.000164,0.0,0.222341,0.144553,0.0,0.0,0.429379,0.0,0.0,0.693316,0.0,0.006745,0.731142,0.409998,0.0,0.244681,0.068774,0.429569,0.0,0.294083,0.060699,0.376815,0.0,0.0,0.0,0.818763,0.5773,0.0,0.404026,0.0,0.0,0.0,0.0,0.0,0.0,0.316229,0.0,0.0,0.0,0.0,0.436251,0.623835,1.003019,0.286824,0.393883,0.172119,0.609984,0.0
108,0.1044,0.0,0.107416,0.452101,0.0,0.0,0.573194,0.0,0.0,0.810154,0.0,0.0,1.085274,0.277219,0.0,0.201842,0.280627,0.404299,0.008089,0.200334,0.03724,0.392393,0.0,0.0,0.0,0.930657,0.59555,0.0,0.424224,0.0,0.0,0.0,0.025057,0.0,0.0,0.652405,0.0,0.0,0.0,0.0,0.391173,0.639839,1.109693,0.204961,0.520121,0.107991,0.59012,0.0
109,0.023304,0.0,0.0,0.495287,0.0,0.0,0.498922,0.0,0.0,0.974417,0.0,0.0,1.102059,0.108246,0.0,0.006202,0.348908,0.432602,0.15044,0.329992,0.0,0.484387,0.0,0.0,0.0,0.848881,0.463798,0.0,0.152049,0.0,0.0,0.0,0.0,0.0,0.0,0.839273,0.0,0.0,0.0,0.0,0.493666,0.417756,1.109285,0.41299,0.689912,0.103389,0.466515,0.0
110,0.242766,0.0,0.0,0.469043,0.10513,0.0,0.18601,0.0,0.0,1.011199,0.0,0.0,1.000412,0.114618,0.0,0.0,0.373728,0.367985,0.203591,0.322122,0.0,0.442448,0.0,0.0,0.0,0.543066,0.364302,0.0,0.00031,0.0,0.0,0.0,0.0,0.0,0.0,0.734699,0.0,0.0,0.0,0.0,0.463259,0.345736,0.98877,0.715547,0.808339,0.191958,0.225572,0.0
111,0.472086,0.0,0.0,0.354136,0.0,0.0,0.164179,0.111575,0.0,1.160098,0.0,0.0,0.958887,0.333467,0.0,0.0,0.239079,0.581336,0.250172,0.307025,0.0,0.35941,0.0,0.0,0.0,0.453822,0.191847,0.0,0.0,0.0,0.0,0.0,0.030355,0.0,0.0,0.716159,0.0,0.0,0.0,0.0,0.74918,0.144799,1.080667,0.715254,0.89617,0.160848,0.0,0.21183
112,0.534883,0.0,0.0,0.237476,0.0,0.0,0.087377,0.304338,0.0,1.198375,0.0,0.005132,0.884902,0.553207,0.0,0.0,0.162919,0.851089,0.250603,0.348602,0.0,0.250091,0.0,0.0,0.082842,0.341254,0.0,0.0,0.0,0.0,0.0,0.0,0.0,0.0,0.0,0.76119,0.0,0.0,0.0,0.0,0.863926,0.0,1.076985,0.737306,0.959655,0.073709,0.0,0.291201
113,0.473748,0.0,0.0,0.350685,0.0,0.0,0.080069,0.377949,0.0,1.37612,0.0,0.084954,0.808284,0.431927,0.0,0.0,0.227173,0.810518,0.245307,0.197509,0.0,0.107976,0.0,0.0,0.146247,0.06713,0.067986,0.0,0.0,0.0,0.0,0.0,0.0,0.0,0.0,0.653156,0.0,0.0,0.0,0.0,1.024238,0.0,1.112235,1.027936,0.835837,0.0,0.0,0.232876
114,0.455301,0.0,0.0,0.329429,0.0,0.0,0.09954,0.279792,0.0,1.508238,0.0,0.071047,0.94248,0.418622,0.0,0.0,0.10072,0.8027,0.381559,0.104923,0.037808,0.040388,0.0,0.0,0.13136,0.046757,0.096449,0.0,0.0,0.0,0.0,0.0,0.0,0.0,0.0,0.455709,0.0,0.0,0.0,0.0,0.975042,0.0,1.030092,1.004636,0.647411,0.003669,0.0,0.17643
115,0.596525,0.0,0.0,0.246212,0.0,0.0,0.129975,0.099017,0.0,1.186194,0.0,0.0,0.761892,0.242543,0.0,0.0,0.16238,0.657742,0.202294,0.074297,0.278223,0.0,0.0,0.0,0.195924,0.004188,0.205088,0.0,0.0,0.0,0.0,0.0,0.0,0.0,0.0,0.244485,0.0,0.0,0.0,0.0,0.913823,0.0,0.796481,1.015545,0.347722,0.154953,0.0,0.0
116,0.573028,0.0,0.0,0.181416,0.0,0.0,0.326556,0.0,0.0,1.260994,0.0,0.0,0.562041,0.002657,0.0,0.0,0.095796,0.63128,0.163202,0.194034,0.422958,0.0,0.0,0.0,0.265334,0.0,0.39519,0.0,0.0,0.105714,0.0,0.0,0.0,0.0,0.0,0.151447,0.0,0.0,0.0,0.0,1.163402,0.0,0.777029,1.057497,0.112198,0.072182,0.0,0.164425
117,0.379213,0.0,0.0,0.209545,0.0,0.0,0.527907,0.0,0.0,1.14862,0.0,0.039077,0.561363,0.0,0.0,0.0,0.107109,0.538137,0.090174,0.289797,0.653666,0.0,0.0,0.0,0.265687,0.0,0.598735,0.0,0.0,0.427523,0.0,0.0,0.0,0.0,0.171234,0.132873,0.014299,0.0,0.0,0.152391,1.168157,0.0,0.896214,0.948794,0.0,0.068309,0.0,0.084987
118,0.283601,0.0,0.0,0.0,0.0,0.0,0.649707,0.0,0.0,1.143752,0.0,0.034993,0.521755,0.105805,0.0,0.0,0.00309,0.425635,0.074171,0.182429,0.88564,0.0,0.0,0.0,0.302731,0.0,0.664231,0.0,0.0,0.471215,0.0,0.0,0.0,0.0,0.261582,0.11387,0.203898,0.0,0.0,0.329123,1.300843,0.0,0.684781,0.924753,0.0,0.234684,0.090481,0.168554
119,0.217644,0.0,0.0,0.0,0.0,0.0,0.61815,0.0,0.0,1.189114,0.0,0.127185,0.254481,0.0,0.0,0.292989,0.242546,0.37391,0.26922,0.034553,0.828907,0.0,0.0,0.0,0.1903,0.0,0.414397,0.0,0.0,0.21595,0.0,0.0,0.0,0.0,0.296492,0.046418,0.0,0.0,0.0,0.561122,1.56956,0.0,0.414183,0.90594,0.0,0.573641,0.520837,0.0
120,0.224174,0.0,0.06365,0.0,0.00665,0.0,0.733064,0.0,0.0,1.166502,0.270018,0.083315,0.340412,0.0,0.0,0.400099,0.422151,0.278405,0.451611,0.0,0.765801,0.003602,0.0,0.0,0.296334,0.0,0.338039,0.0,0.0,0.243355,0.0,0.0,0.0,0.0,0.352977,0.147899,0.0,0.0,0.0,0.543167,1.844573,0.0,0.341658,0.764171,0.0,0.869474,0.850065,0.0
121,0.404301,0.0,0.122783,0.0,0.0,0.0,0.776628,0.0,0.0,1.119462,0.414725,0.092893,0.365892,0.0,0.121873,0.403015,0.531875,0.219827,0.597207,0.0,0.83089,0.169172,0.0,0.0,0.380345,0.0,0.217997,0.0,0.0,0.097447,0.0,0.0,0.0,0.0,0.262691,0.077605,0.0,0.082355,0.0,0.465896,2.18953,0.0,0.106472,0.643745,0.0,1.12225,0.896527,0.0
122,0.634582,0.0,0.100419,0.0,0.0,0.0,0.704765,0.176349,0.0,0.997663,0.322457,0.087224,0.452577,0.0,0.098463,0.354409,0.603828,0.142215,0.607969,0.0,0.795324,0.383681,0.0,0.0,0.541194,0.108905,0.413933,0.0,0.0,0.125425,0.0,0.0,0.0,0.0,0.364462,0.065222,0.0,0.196112,0.0,0.302762,2.338358,0.0,0.0,0.755484,0.0,1.414686,0.902075,0.0
123,0.397772,0.0,0.036442,0.0,0.0,0.0,0.48802,0.055837,0.0,1.35861,0.0,0.19904,0.0,0.0,0.0,0.347394,0.544334,0.595181,0.585724,0.0,0.879059,0.190741,0.0,0.0,0.23382,0.0,0.209976,0.0,0.0,0.064123,0.0,0.0,0.0,0.0,0.385026,0.402469,0.0,0.0,0.0,0.319551,2.36218,0.0,0.002517,1.053525,0.0,1.018459,0.651873,0.0
124,0.556264,0.0,0.210651,0.029545,0.0,0.0,0.308324,0.0,0.0,1.622476,0.0,0.208619,0.0,0.0,0.0,0.203268,0.556403,0.8788,0.449273,0.167402,0.920318,0.0,0.0,0.0,0.187232,0.0,0.215937,0.0,0.0,0.179483,0.0,0.0,0.0,0.0,0.383951,0.516727,0.0,0.0,0.0,0.196494,2.312667,0.0,0.140119,1.244976,0.0,0.767165,0.25521,0.0
125,0.523431,0.0,0.213302,0.01263,0.0,0.0,0.591103,0.020104,0.0,1.878174,0.0,0.223943,0.0,0.0,0.0,0.0,0.337665,0.951271,0.187101,0.399496,1.143229,0.0,0.0,0.0,0.054462,0.0,0.575446,0.0,0.0,0.424368,0.0,0.09773,0.0,0.0,0.521849,0.642071,0.19828,0.0,0.0,0.163786,2.316107,0.0,0.292102,1.47666,0.0,0.509042,0.0,0.0
126,0.514838,0.0,0.263481,0.200453,0.0,0.0,0.387623,0.0,0.0,1.99068,0.0,0.18973,0.0,0.218847,0.0,0.0,0.494329,1.155433,0.108991,0.321644,0.9647,0.0,0.0,0.0,0.0,0.0,0.246881,0.0,0.0,0.330584,0.0,0.0,0.0,0.0,0.282639,0.861326,0.0,0.0,0.0,0.026269,2.187418,0.0,0.227773,1.666648,0.0,0.334636,0.048866,0.0
127,0.508529,0.063672,0.489666,0.31835,0.0,0.0,0.459194,0.105033,0.0,1.952512,0.0,0.182742,0.0,0.249769,0.0,0.0,0.563047,1.206836,0.0,0.425151,0.882927,0.0,0.0,0.0,0.128123,0.0,0.285538,0.0,0.0,0.351152,0.0,0.067239,0.0,0.0,0.082579,0.954736,0.066824,0.0,0.0,0.0,2.083131,0.0,0.444854,1.624558,0.145788,0.106331,0.0,0.0
128,0.371365,0.0,0.255949,0.459788,0.0,0.0,0.104903,0.0,0.0,1.987758,0.0,0.229726,0.0,0.137024,0.229147,0.0,0.88455,1.090076,0.0,0.163941,0.80713,0.0,0.0,0.0,0.0,0.0,0.0,0.0,0.0,0.0,0.0,0.0,0.0,0.0,0.0,0.936759,0.0,0.0,0.0,0.0,1.914485,0.0,0.0,1.726898,0.408711,0.109488,0.0,0.0
129,0.340936,0.0,0.361482,0.395385,0.0,0.0,0.063231,0.0,0.0,1.558694,0.0,0.097307,0.0,0.365283,0.113178,0.0,0.883956,1.090245,0.0,0.247343,0.369968,0.012039,0.0,0.0,0.022951,0.0,0.0,0.0,0.0,0.0,0.0,0.0,0.0,0.0,0.0,1.046321,0.0,0.0,0.0,0.0,1.607797,0.0,0.231656,1.473872,0.615551,0.224949,0.0,0.0
130,0.349375,0.012587,0.492705,0.397778,0.0,0.0,0.031192,0.025609,0.0,1.341014,0.0,0.003519,0.0,0.477135,0.085528,0.0,0.717196,1.008539,0.0,0.408423,0.064549,0.140557,0.0,0.0,0.109016,0.0,0.154742,0.0,0.0,0.0,0.0,0.0,0.0,0.0,0.0,1.039886,0.0,0.0,0.0,0.0,1.452618,0.0,0.330691,1.330981,0.829876,0.242756,0.0,0.0
131,0.243495,0.0,0.369215,0.457445,0.0,0.0,0.039871,0.115115,0.0,1.340935,0.0,0.03042,0.0,0.512748,0.014515,0.0,0.626786,1.023019,0.0,0.271663,0.0,0.102629,0.0,0.0,0.079079,0.0,0.0,0.0,0.0,0.0,0.0,0.0,0.0,0.0,0.0,0.958414,0.0,0.0,0.0,0.0,1.239754,0.0,0.601622,1.099547,0.958638,0.183781,0.020492,0.0
132,0.164827,0.0,0.516759,0.541421,0.018816,0.0,0.0,0.0,0.0,1.114815,0.0,0.009704,0.111613,0.291095,0.070409,0.0,0.558732,0.740088,0.0,0.448975,0.0,0.308864,0.0,0.0,0.0,0.229464,0.200781,0.0,0.0,0.0,0.0,0.0,0.0,0.0,0.0,0.809265,0.0,0.0,0.0,0.0,1.048334,0.0,0.596745,1.002636,0.895253,0.38543,0.161986,0.0
133,0.17573,0.0,0.180132,0.293551,0.0,0.0,0.254888,0.0,0.0,0.876465,0.0,0.0,0.476033,0.471566,0.0,0.0,0.20087,0.821787,0.0,0.482689,0.0,0.148402,0.0,0.0,0.001576,0.538357,0.426893,0.0,0.157589,0.0,0.0,0.0,0.0,0.0,0.0,0.73412,0.0,0.0,0.0,0.0,0.807054,0.162944,0.81699,0.766237,0.864919,0.378677,0.1829,0.09051
134,0.283033,0.0,0.0,0.47875,0.0,0.0,0.279989,0.0,0.0,0.667087,0.0,0.0,0.646139,0.44312,0.0,0.0,0.430983,0.751182,0.0,0.223977,0.0,0.188943,0.0,0.0,0.298808,0.840826,0.414255,0.0,0.259509,0.0,0.0,0.0,0.0,0.0,0.0,0.907083,0.0,0.0,0.0,0.0,0.675986,0.272052,0.593028,0.547677,0.93642,0.430647,0.313128,0.0
135,0.339496,0.0,0.221618,0.776585,0.034007,0.0,0.110322,0.0,0.0,0.479239,0.0,0.0,0.603682,0.155529,0.0,0.0,0.750687,0.571598,0.055081,0.400285,0.0,0.425167,0.0,0.0,0.409809,0.882569,0.478815,0.0,0.129062,0.0,0.0,0.0,0.0,0.0,0.0,0.87108,0.0,0.0,0.0,0.0,0.665271,0.382878,0.408001,0.572394,1.112892,0.514491,0.302857,0.0
136,0.357901,0.0,0.249482,0.992616,0.00688,0.0,0.10056,0.0,0.0,0.350784,0.0,0.0,0.598302,0.057698,0.0,0.0,0.804474,0.52635,0.245229,0.321159,0.0,0.444979,0.11466,0.0,0.466069,0.810859,0.346125,0.0,0.2361,0.0,0.0,0.0,0.0,0.0,0.0,0.85178,0.0,0.0,0.0,0.0,0.533284,0.442898,0.469173,0.482601,1.053712,0.488991,0.32537,0.0
137,0.421158,0.0,0.235865,0.857368,0.0,0.0,0.0,0.0,0.0,0.248524,0.0,0.0,0.533093,0.0,0.0,0.0,0.647186,0.465954,0.263871,0.582132,0.0,0.500821,0.0,0.0,0.305063,0.775399,0.435507,0.0,0.142412,0.0,0.0,0.0,0.0,0.0,0.0,0.734427,0.0,0.0,0.0,0.0,0.48347,0.418424,0.558309,0.511445,0.859341,0.554879,0.377701,0.0
138,0.526036,0.0,0.379348,0.744938,0.0,0.0,0.018615,0.0,0.0,0.401358,0.0,0.0,0.450055,0.0,0.0,0.0,0.650037,0.385348,0.334408,0.55361,0.0,0.621199,0.0,0.0,0.312177,0.756058,0.582946,0.0,0.077015,0.0,0.0,0.0,0.0,0.0,0.0,0.568888,0.0,0.0,0.0,0.0,0.631061,0.434751,0.648513,0.503607,0.625163,0.631739,0.347476,0.0
139,0.564517,0.0,0.430186,0.692975,0.092024,0.0,0.17402,0.0,0.0,0.543998,0.0,0.0,0.187662,0.0,0.031979,0.0,0.719385,0.281985,0.212486,0.182055,0.0,0.591046,0.001997,0.0,0.351328,0.696146,0.387451,0.0,0.0,0.0,0.0,0.0,0.0,0.0,0.0,0.385306,0.0,0.0,0.0,0.0,0.807813,0.32771,0.428592,0.694489,0.631679,0.728842,0.226592,0.0
140,0.198535,0.0,0.433435,0.62761,0.119663,0.0,0.188083,0.0,0.0,0.906073,0.0,0.0,0.165671,0.049919,0.06651,0.0,0.743456,0.491408,0.188628,0.074069,0.0,0.262855,0.0,0.0,0.18511,0.309128,0.108582,0.0,0.0,0.0,0.0,0.0,0.0,0.0,0.0,0.503567,0.0,0.0,0.0,0.0,0.873645,0.106776,0.595681,0.915981,0.749591,0.432242,0.236685,0.0
141,0.0,0.0,0.322587,0.274981,0.0,0.0,0.34088,0.0,0.0,1.090419,0.0,0.0,0.181339,0.414358,0.0,0.0,0.423961,0.794868,0.038239,0.168443,0.015062,0.0,0.0,0.0,0.08495,0.291331,0.0,0.0,0.0,0.0,0.0,0.0,0.0,0.0,0.0,0.590855,0.0,0.0,0.0,0.0,1.085637,0.0,0.721803,0.996222,0.774846,0.307262,0.298575,0.0
142,0.0,0.0,0.172074,0.056425,0.0,0.0,0.653732,0.0,0.0,1.014709,0.0,0.048657,0.117855,0.5244,0.0,0.0,0.292912,0.601825,0.0,0.077832,0.190173,0.0,0.0,0.0,0.060092,0.234102,0.124691,0.0,0.0,0.044693,0.0,0.0,0.0,0.0,0.059694,0.514998,0.0,0.0,0.0,0.063527,1.267421,0.0,0.680332,1.055209,0.607204,0.496448,0.183908,0.0
143,0.0,0.0,0.228847,0.013707,0.0,0.0,0.663251,0.0,0.0,1.171067,0.0,0.0,0.128037,0.333047,0.0,0.0,0.291713,0.746123,0.0,0.0,0.21556,0.0,0.0,0.0,0.060815,0.325272,0.0,0.0,0.0,0.124061,0.0,0.0,0.0,0.0,0.018111,0.565191,0.0,0.0,0.0,0.063811,1.449835,0.0,0.624743,0.729574,0.397158,0.409656,0.521643,0.0
144,0.0,0.0,0.444512,0.104319,0.033675,0.0,0.44739,0.0,0.0,1.113041,0.0,0.0,0.132191,0.152188,0.106507,0.02186,0.503145,0.574545,0.04659,0.051529,0.240612,0.0,0.0,0.0,0.0,0.104028,0.0,0.0,0.0,0.198719,0.0,0.0,0.0,0.0,0.163885,0.490545,0.0,0.0,0.0,0.148963,1.47246,0.0,0.425697,0.711865,0.345749,0.433205,0.604031,0.0
145,0.142789,0.0,0.400907,0.0,0.119087,0.0,0.583433,0.0,0.0,1.028388,0.0,0.0,0.173494,0.0,0.21001,0.074318,0.677718,0.271793,0.174894,0.0,0.370574,0.175888,0.0,0.04822,0.175436,0.146676,0.028895,0.0,0.0,0.118527,0.0,0.0,0.0,0.0,0.128389,0.259095,0.0,0.0,0.0,0.329506,1.698841,0.0,0.08569,0.628933,0.034824,0.773408,0.626263,0.0
146,0.105247,0.0,0.195293,0.0,0.129259,0.0,0.500708,0.0,0.0,1.053896,0.050881,0.00291,0.189182,0.0,0.128242,0.165852,0.545346,0.236546,0.284054,0.0,0.443281,0.179387,0.0,0.0,0.129723,0.020972,0.100289,0.0,0.0,0.142375,0.0,0.0,0.0,0.0,0.235115,0.287458,0.0,0.0,0.0,0.420877,1.683102,0.0,0.101059,0.704096,0.0,0.806442,0.706479,0.0
147,0.069524,0.0,0.087455,0.0,0.0393,0.0,0.429982,0.0,0.0,0.994805,0.0,0.00301,0.110286,0.0,0.060424,0.211038,0.383451,0.431716,0.264685,0.0,0.440645,0.0,0.0,0.0,0.101788,0.0,0.0,0.0,0.0,0.163633,0.0,0.0,0.0,0.0,0.266522,0.292223,0.0,0.0,0.0,0.283855,1.621405,0.0,0.172954,0.565602,0.0,0.553942,0.659523,0.0
148,0.252887,0.0,0.066252,0.0,0.0,0.0,0.441148,0.067244,0.0,0.989181,0.0,0.041655,0.249953,0.0,0.035019,0.167127,0.248064,0.370868,0.231427,0.057415,0.416369,0.0,0.0,0.0,0.167433,0.0,0.146647,0.0,0.0,0.252706,0.0,0.0,0.0,0.0,0.220261,0.342783,0.0,0.0,0.0,0.244115,1.569902,0.0,0.062308,0.623762,0.0,0.579124,0.534165,0.0
149,0.261816,0.0,0.0,0.0,0.040587,0.0,0.443611,0.0,0.0,1.091322,0.0,0.149675,0.337172,0.0,0.0,0.046933,0.16442,0.36935,0.142724,0.19702,0.556021,0.0,0.0,0.0,0.044779,0.0,0.235,0.0,0.0,0.236596,0.0,0.0,0.0,0.0,0.298003,0.330561,7.2e-05,0.0,0.0,0.295218,1.487117,0.0,0.075936,0.811641,0.0,0.491997,0.26352,0.0
150,0.098559,0.0,0.003324,0.0,0.054846,0.0,0.466475,0.046442,0.0,1.119524,0.0,0.266504,0.225176,0.0,0.0,0.14215,0.392212,0.499291,0.097329,0.018027,0.47009,0.0,0.0,0.0,0.026791,0.0,0.0,0.0,0.0,0.170784,0.0,0.0,0.0,0.0,0.272648,0.303121,0.0,0.0,0.0,0.2195,1.462697,0.0,0.218655,0.934831,0.0,0.299798,0.209346,0.0
151,0.054434,0.0,0.0,0.0,0.0,0.0,0.409645,0.154681,0.0,1.380148,0.0,0.206309,0.019847,0.267733,0.0,0.200061,0.396551,0.845552,0.190724,0.0,0.349049,0.0,0.0,0.0,0.135483,0.007281,0.0,0.0,0.0,0.115295,0.0,0.0,0.0,0.0,0.295325,0.550401,0.0,0.0,0.0,0.081199,1.389945,0.0,0.481522,1.035078,0.160524,0.093711,0.357579,0.0
152,0.076025,0.0,0.241962,0.0,0.0,0.0,0.889322,0.068052,0.0,1.572289,0.0,0.175759,0.101458,0.06728,0.0,0.0,0.54097,0.548739,0.100923,0.0,0.684804,0.0,0.0,0.0,0.0,0.0,0.063822,0.0,0.0,0.255017,0.0,0.0,0.0,0.0,0.24942,0.534248,0.0,0.0,0.0,0.239383,1.757402,0.0,0.327507,1.301949,0.0,0.27026,0.324269,0.0
153,0.291963,0.0,0.43884,0.078588,0.0,0.0,0.702238,0.0,0.0,1.953125,0.0,0.054233,0.0,0.05837,0.144395,0.0,0.620272,0.640331,0.224719,0.0,0.69065,0.0,0.0,0.0,0.0,0.0,0.0,0.0,0.0,0.15194,0.0,0.0,0.0,0.0,0.061083,0.499449,0.0,0.0,0.0,0.244929,1.858579,0.0,0.321947,1.286315,0.0,0.218529,0.460745,0.0
154,0.281144,0.0,0.606658,0.087824,0.0,0.0,1.149518,0.0,0.0,2.193803,0.0,0.0,0.0,0.056609,0.0,0.0,0.45702,0.511884,0.007107,0.0,0.848408,0.0,0.0,0.0,0.0,0.0,0.381635,0.0,0.0,0.412544,0.0,0.0,0.0,0.0,0.215653,0.390041,0.0,0.0,0.0,0.295404,1.937758,0.0,0.708526,1.337931,0.0,0.184331,0.298767,0.0
155,0.350253,0.0,0.771997,0.072744,0.0,0.0,1.122674,0.0,0.0,2.254112,0.0,0.0,0.0,0.022318,0.0,0.0,0.477682,0.613791,0.032011,0.162475,0.784386,0.0,0.0,0.0,0.0,0.0,0.309589,0.0,0.0,0.484907,0.0,0.0,0.0,0.0,0.191731,0.331755,0.0,0.0,0.0,0.190246,1.899421,0.0,0.917021,1.187606,0.0,0.096636,0.391765,0.0
156,0.447741,0.0,0.695461,0.04527,0.0,0.0,1.16287,0.0,0.0,2.143679,0.0,0.0,0.0,0.0476,0.0,0.0,0.444164,0.555708,0.0,0.131496,0.854188,0.0,0.0,0.0,0.0,0.0,0.291955,0.0,0.0,0.390882,0.0,0.0,0.0,0.055742,0.246871,0.244554,0.0,0.0,0.0,0.134219,1.620909,0.0,0.91804,1.31141,0.0,0.056626,0.158851,0.0
157,0.434678,0.0,0.697205,0.32019,0.0,0.0,1.015717,0.0,0.0,2.151076,0.0,0.0,0.0,0.145286,0.0,0.0,0.607329,0.63623,0.165228,0.094626,0.725408,0.0,0.0,0.0,0.0,0.0,0.077647,0.0,0.0,0.238847,0.0,0.0,0.0,0.0,0.088852,0.338086,0.0,0.0,0.0,0.0,1.363407,0.0,1.000327,1.279599,0.0,0.0,0.242018,0.0
158,0.235914,0.0,0.468874,0.273715,0.0,0.0,1.140493,0.0,0.0,1.976544,0.0,0.0,0.0,0.292425,0.0,0.0,0.351282,0.620437,0.064211,0.088217,0.867071,0.0,0.0,0.0,0.0,0.031011,0.267238,0.0,0.042043,0.190534,0.0,0.0,0.0,0.0,0.206944,0.258563,0.0,0.0,0.0,0.064395,1.2873,0.0,1.122727,1.541806,0.0,0.0,0.05281,0.0
159,0.384895,0.0,0.338222,0.297436,0.0,0.0,1.021094,0.0,0.0,2.033283,0.0,0.0,0.0,0.153927,0.0,0.0,0.194565,0.639926,0.113544,0.183777,0.846518,0.0,0.0,0.0,0.0,0.0,0.350291,0.0,0.0,0.252963,0.0,0.0,0.0,0.0,0.15261,0.143413,0.0,0.0,0.0,0.075961,1.398458,0.0,1.156255,1.215332,0.0,0.0,0.221885,0.0
160,0.693272,0.0,0.419081,0.20888,0.0,0.0,0.818511,0.0,0.0,1.81179,0.0,0.0,0.0,0.0,0.0,0.0,0.446532,0.563343,0.289521,0.0,0.874947,0.071388,0.0,0.0,0.079467,0.0,0.312605,0.0,0.0,0.227206,0.0,0.0,0.0,0.0,0.274315,0.107508,0.0,0.0,0.0,0.140866,1.66456,0.0,0.588258,1.224959,0.0,0.470946,0.243998,0.0
161,0.782155,0.0,0.252993,0.0,0.0,0.0,0.82299,0.0,0.0,1.890818,0.0,0.0,0.022898,0.0,0.0,0.0,0.221422,0.531394,0.407884,0.01386,1.119292,0.065616,0.0,0.0,0.212905,0.001544,0.578885,0.0,0.0,0.292934,0.0,0.0,0.0,0.0,0.27652,0.064334,0.0,0.0,0.0,0.246534,2.049292,0.0,0.382902,1.133598,0.0,0.515832,0.220361,0.0
162,1.118998,0.0,0.361535,0.0,0.0,0.0,0.770754,0.012734,0.0,1.708206,0.0,0.0,0.09758,0.0,0.0,0.022745,0.159242,0.429862,0.653233,0.045945,1.232999,0.378726,0.0,0.0,0.542386,0.031242,1.009428,0.0,0.0,0.392847,0.0,0.0,0.0,0.0,0.40525,0.030479,0.138516,0.0,0.0,0.235339,1.974777,0.0,0.279265,1.273519,0.0,0.875219,0.023788,0.015048
163,0.708217,0.0,0.212643,0.31431,0.0,0.0,0.791653,0.0,0.0,1.727432,0.0,0.0,0.0,0.0,0.0,0.0,0.188497,0.859702,0.588324,0.225728,1.081366,0.053716,0.0,0.0,0.605192,0.0,0.750799,0.0,0.0,0.223429,0.0,0.031025,0.0,0.0,0.209616,0.38228,0.114872,0.0,0.0,0.184135,1.903111,0.0,0.845115,1.23115,0.0,0.446067,0.0,0.081838
164,0.920897,0.0,0.071448,0.450853,0.0,0.0,0.588784,0.0,0.0,1.476324,0.0,0.0,0.0,0.0,0.0,0.0,0.336531,0.746518,0.705057,0.002105,1.016617,0.17518,0.0,0.0,0.584767,0.0,0.565284,0.0,0.0,0.05473,0.0,0.0,0.0,0.0,0.168179,0.185228,0.0,0.0,0.0,0.097433,1.796445,0.0,0.445139,1.322612,0.0,0.746057,0.0,0.0
165,0.97515,0.0,0.0,0.865262,0.0,0.0,0.368593,0.0,0.0,1.370672,0.0,0.0,0.0,0.0,0.0,0.015436,0.417237,0.860994,0.798695,0.0,0.786048,0.166274,0.132339,0.0,0.646414,0.0,0.258969,0.0,0.0,0.010563,0.0,0.0,0.0,0.0,0.0,0.16927,0.0,0.0,0.0,0.0,1.550254,0.0,0.51209,1.073472,0.0,0.786936,0.0,0.0
166,0.991127,0.0,0.0,0.375061,0.0,0.0,0.314722,0.0,0.0,1.313668,0.0,0.0,0.077,0.0,0.0,0.0,0.15313,0.794027,0.664622,0.356568,0.818175,0.185568,0.0,0.0,0.470123,0.06494,0.574087,0.0,0.0,0.204935,0.0,0.0,0.0,0.0,0.006055,0.281983,0.0,0.0,0.0,0.0,1.587011,0.0,0.306897,1.070618,0.0,0.726275,0.0,0.0
167,0.719863,0.049373,0.0,0.226591,0.0,0.0,0.237246,0.0,0.0,1.096732,0.0,0.0,0.026714,0.0,0.0,0.0,0.110906,0.639965,0.60124,0.466711,0.757613,0.216577,0.0,0.0,0.43445,0.073834,0.727306,0.0,0.0,0.119759,0.0,0.023998,0.0,0.0,0.065312,0.535312,0.114248,0.0,0.0,0.1059,1.42634,0.0,0.153215,1.13686,0.0,0.516003,0.0,0.302726
168,0.66616,0.0,0.0,0.251548,0.0,0.0,0.0,0.0,0.0,0.955733,0.0,0.0,0.0,0.017861,0.0,0.024427,0.339464,0.662114,0.377826,0.2867,0.479885,0.205201,0.0,0.0,0.362167,0.003562,0.432167,0.0,0.0,0.137677,0.0,0.0,0.0,0.0,0.171443,0.425425,0.0,0.0,0.0,0.0,1.293617,0.0,0.039076,1.166277,0.0,0.541909,0.0,0.0
169,0.312608,0.0,0.0,0.308701,0.095837,0.0,0.0,0.0,0.0,0.859413,0.0,0.301733,0.0,0.18382,0.0,0.13022,0.379195,0.731152,0.102557,0.230981,0.533304,0.0,0.0,0.0,0.146493,0.0,0.148975,0.0,0.0,0.026595,0.0,0.0,0.0,0.0,0.316279,0.336761,0.0,0.0,0.0,0.041403,1.185374,0.0,0.158345,1.134919,0.0,0.30799,0.0,0.0
170,0.178849,0.0,0.0,0.187748,0.316034,0.0,0.008139,0.0,0.0,1.042547,0.0,0.560324,0.0,0.329605,0.0,0.247189,0.472372,0.622902,0.0,0.243781,0.661897,0.0,0.0,0.0,0.0,0.0,0.311729,0.0,0.067963,0.094409,0.0,0.0,0.016745,0.0,0.348157,0.295104,0.0,0.0,0.0,0.191213,1.161624,0.0,0.171939,1.123153,0.0,0.05097,0.0,0.0
171,0.270509,0.0,0.009047,0.0,0.270453,0.0,0.341943,0.002375,0.0,1.101152,0.0,0.602672,0.026671,0.713437,0.0,0.115201,0.0,0.538408,0.0,0.596938,0.630226,0.0,0.0,0.0,0.043779,0.0,0.934102,0.0,0.127807,0.521248,0.0,0.251658,0.209703,0.0,0.423423,0.36439,0.521717,0.0,0.0,0.4886,0.986726,0.012714,0.603545,0.949126,0.0,0.0,0.0,0.0
172,0.252526,0.0,0.0,0.0,0.039942,0.0,0.426815,0.0,0.0,1.110188,0.095008,0.667111,0.169505,1.058636,0.0,0.430079,0.0,0.435952,0.0,0.309107,0.538032,0.0,0.0,0.0,0.182499,0.0,0.914626,0.0,0.263577,0.435007,0.0,0.394109,0.389744,0.0,0.436025,0.048639,0.572549,0.0,0.0,0.549603,0.781828,0.155683,0.743823,0.773456,0.0,0.114789,0.094512,0.0
173,0.0,0.0,0.0,0.0,0.061896,0.0,0.453695,0.0,0.0,1.173177,0.0,0.811106,0.494294,1.122715,0.0,0.913192,0.033175,0.391093,0.0,0.0,0.560142,0.0,0.0,0.0,0.0,0.30442,0.725544,0.0,0.565445,0.0,0.0,0.103626,0.270394,0.0,0.581674,0.0,0.125656,0.0,0.0,0.622315,0.769386,0.0,0.68456,0.624116,0.0,0.0,0.387311,0.0
174,0.0,0.0,0.0,0.0,0.356587,0.0,0.416053,0.0,0.0,1.094283,0.002134,0.824026,0.385767,0.775312,0.0,0.802575,0.130887,0.224523,0.0,0.0,0.444703,0.0,0.0,0.0,0.0,0.189682,0.433162,0.0,0.108228,0.007369,0.0,0.0,0.226898,0.0,0.386634,0.0,0.09579,0.0,0.0,0.737882,0.931574,0.0,0.47228,0.513263,0.0,0.008266,0.552705,0.0
175,0.0,0.0,0.0,0.0,0.510732,0.0,0.579593,0.049449,0.0,0.830077,0.052829,0.910888,0.610116,0.473148,0.0,0.677472,0.101127,0.0,0.0,0.0,0.212401,0.0,0.0,0.0,0.030048,0.309987,0.246892,0.0,0.0,0.0,0.0,0.0,0.168657,0.0,0.283359,0.0,0.049179,0.0,0.055944,0.861838,1.013381,0.0,0.352327,0.364772,0.0,0.12522,0.605751,0.0
176,0.0,0.0,0.0,0.0,0.402075,0.0,0.423249,0.0,0.0,0.58723,0.0,0.783156,0.71802,0.316307,0.0,0.894651,0.118559,0.12722,0.197673,0.0,0.068823,0.0,0.0,0.0,0.0,0.379533,0.0,0.0,0.0,0.0,0.0,0.0,0.0,0.0,0.308843,0.0,0.0,0.0,0.0,0.585225,0.902938,0.0,0.247397,0.204491,0.0,0.187938,0.574642,0.0
177,0.024917,0.0,0.0,0.0,0.456757,0.0,0.427458,0.187371,0.0,0.461154,4.2e-05,0.65254,0.794688,0.140834,0.0,0.535826,0.215548,0.055064,0.380975,0.0,0.0,0.0,0.0,0.0,0.257762,0.192517,0.076767,0.0,0.013395,0.0,0.0,0.0,0.252419,0.0,0.381441,0.0,0.0,0.0,0.0,0.483833,0.897464,0.0,0.287642,0.268068,0.0,0.418297,0.380578,0.0
178,0.124342,0.0,0.0,0.0,0.434397,0.0,0.479199,0.178307,0.0,0.419859,0.0,0.345199,0.808857,0.019468,0.121836,0.361841,0.386775,0.109533,0.477605,0.0,0.103122,0.0,0.0,0.0,0.189043,0.214862,0.0,0.0,0.0,0.0,0.0,0.0,0.0,0.0,0.127069,0.0,0.0,0.0,0.0,0.062436,0.954482,0.0,0.220246,0.308641,0.149137,0.420929,0.190336,0.0
179,0.166775,0.0,0.0,0.0,0.459077,0.0,0.407441,0.308655,0.0,0.380106,0.0,0.162268,0.771703,0.039873,0.0,0.22516,0.402504,0.150643,0.519973,0.0,0.0,0.0,0.0,0.0,0.266241,0.165108,0.0,0.0,0.0,0.0,0.0,0.0,0.0,0.0,0.087026,0.011503,0.0,0.0,0.005641,0.0,0.792679,0.0,0.241418,0.253159,0.277948,0.437626,0.134909,0.0
180,0.09064,0.0,0.0,0.060728,0.328817,0.0,0.313509,0.093469,0.0,0.632571,0.0,0.133425,0.750394,0.108539,0.0,0.111722,0.357093,0.325734,0.547113,0.0,0.020294,0.078061,0.0,0.0,0.089498,0.163431,0.0,0.0,0.0,0.166412,0.0,0.0,0.0,0.0,0.151683,0.226304,0.0,0.0,0.0,0.0,0.933391,0.0,0.38018,0.280034,0.249666,0.435187,0.184596,0.0
181,0.092193,0.0,0.0,0.243144,0.256186,0.0,0.240097,0.0,0.0,0.674269,0.0,0.061212,0.735121,0.083312,0.0,0.023835,0.181447,0.441413,0.674012,0.0,0.004554,0.0,0.0,0.0,0.1356,0.161846,0.0,0.0,0.0,0.09534,0.0,0.0,0.0,0.0,0.024035,0.305231,0.0,0.0,0.0,0.0,0.795865,0.0,0.478273,0.216586,0.181459,0.335946,0.131695,0.0
182,0.460268,0.0,0.0,0.046886,0.135624,0.0,0.250606,0.05894,0.0,0.456398,0.0,0.068601,1.013907,0.0,0.117549,0.0,0.081075,0.333825,0.657942,0.021654,0.083166,0.0,0.0,0.0,0.197982,0.196122,0.0,0.0,0.0,0.134291,0.0,0.0,0.0,0.0,0.185031,0.115812,0.0,0.0,0.0,0.0,0.912475,0.0,0.274727,0.236071,0.191375,0.683391,0.030821,0.0
183,0.538557,0.0,0.0,0.380755,0.128096,0.0,0.283632,0.0,0.0,0.438663,0.0,0.030398,0.86788,0.0,0.080881,0.0,0.214027,0.313758,0.760102,0.029409,0.230098,0.022979,0.0,0.0,0.455032,0.248684,0.006658,0.0,0.0,0.0,0.0,0.0,0.0,0.0,0.0,0.203747,0.0,0.0,0.0,0.0,1.002806,0.0,0.094627,0.493788,0.285572,0.759083,0.0,0.0
184,0.704718,0.0,0.0,0.429047,0.11894,0.0,0.108205,0.0,0.0,0.2963,0.0,0.0,0.69477,0.0,0.028177,0.0,0.303776,0.520575,0.90405,0.194512,0.180961,0.300401,0.0,0.0,0.590203,0.277392,0.087651,0.0,0.0,0.0,0.0,0.0,0.0,0.0,0.0,0.363102,0.0,0.0,0.0,0.0,1.10877,0.0,0.0,0.480354,0.433193,0.97851,0.0,0.0
185,0.868807,0.0,0.0,0.651326,0.170846,0.0,0.0,0.0,0.0,0.109743,0.0,0.0,0.532055,0.0,0.02602,0.0,0.554528,0.537827,1.109074,0.1921,0.112343,0.651425,0.0,0.0,0.8028,0.353356,0.140687,0.0,0.0,0.0,0.0,0.0,0.0,0.0,0.0,0.562457,0.0,0.0,0.0,0.0,1.253702,0.0,0.0,0.478758,0.592302,1.299646,0.044422,0.0
186,0.965961,0.0,0.0,0.958387,0.145831,0.0,0.0,0.0,0.0,0.084813,0.0,0.0,0.335925,0.0,0.14562,0.0,0.628661,0.621355,1.268258,0.364672,0.146993,0.817785,0.0,0.0,0.871248,0.399444,0.161846,0.0,0.0,0.0,0.0,0.079136,0.0,0.0,0.0,0.751939,0.0,0.0,0.0,0.0,1.402202,0.0,0.0,0.475519,0.730263,1.422873,0.0,0.0
187,1.216876,0.0,0.0,1.039214,0.172849,0.0,0.0,0.0,0.0,0.0,0.0,0.0,0.507332,0.0,0.006231,0.0,1.039724,0.432005,1.305831,0.190152,0.263089,1.210576,0.0,0.0,0.996727,0.708947,0.271191,0.0,0.0,0.0,0.0,0.0,0.0,0.0,0.0,0.635536,0.0,0.257129,0.0,0.0,1.523977,0.0,0.0,0.514082,0.648792,2.036021,0.237357,0.0
188,1.117166,0.0,0.0,1.162527,0.247926,0.0,0.0,0.0,0.0,0.0,0.0,0.0,0.610379,0.0,0.0,0.0,1.318407,0.453526,1.288359,0.212445,0.172543,1.389004,0.0,0.0,0.936309,0.850744,0.386734,0.0,0.0,0.0,0.0,0.0,0.0,0.0,0.0,0.863942,0.0,0.359103,0.0,0.0,1.60967,0.0,0.0,0.57826,0.670767,2.030473,0.337573,0.0
189,1.113682,0.0,0.0,1.379367,0.181531,0.0,0.0,0.0,0.0,0.091958,0.0,0.0,0.172262,0.0,0.111331,0.0,0.863434,0.812009,1.325907,0.64229,0.318341,0.968952,0.0,0.0,0.771569,0.378317,0.266986,0.0,0.0,0.0,0.0,0.083398,0.0,0.0,0.0,0.974026,0.0,0.0,0.0,0.0,1.416768,0.0,0.0,0.622999,0.749109,1.612863,0.046647,0.0
190,1.289846,0.0,0.0,1.183744,0.104578,0.0,0.0,0.0,0.0,0.251223,0.0,0.0,0.253641,0.0,0.201608,0.0,0.672684,0.821986,1.317321,0.7598,0.515413,0.886129,0.0,0.0,0.807351,0.481726,0.535075,0.0,0.0,0.0,0.0,0.126004,0.0,0.0,0.0,0.956598,0.0,0.0,0.0,0.0,1.44208,0.0,0.0,0.646317,0.613986,1.531226,0.0,0.0
191,1.14035,0.0,0.0,1.120489,0.318711,0.0,0.0,0.0,0.0,0.364963,0.0,0.0,0.0284,0.0,0.153682,0.0,0.113457,1.111869,0.95616,1.014915,0.509658,0.495725,0.0,0.0,0.699109,0.173936,0.597538,0.0,0.0,0.0,0.0,0.209465,0.0,0.0,0.0,1.272699,0.0,0.0,0.0,0.238018,1.262531,0.0,0.0,0.9004,0.488512,0.948077,0.0,0.022831
192,1.507277,0.0,0.007502,0.809978,0.219369,0.0,0.0,0.0,0.0,0.394264,0.0,0.0,0.217773,0.0,0.0,0.0,0.026813,0.812138,1.045242,1.112998,0.881855,0.597587,0.0,0.0,0.787324,0.464463,1.08877,0.0,0.0,0.082619,0.0,0.295664,0.0,0.0,0.0,1.031894,0.0,0.0,0.0,0.082998,1.203934,0.0,0.0,1.116702,0.256706,1.234581,0.0,0.208363
193,1.273861,0.0,0.047254,0.834196,0.286389,0.0,0.0,0.0,0.0,0.506435,0.0,0.165993,0.114229,0.089846,0.0,0.0,0.0,0.924795,0.850637,1.319378,0.832799,0.367128,0.0,0.0,0.742425,0.353882,1.144001,0.0,0.0,0.183784,0.0,0.281949,0.0,0.0,0.008255,1.327413,0.0,0.0,0.0,0.284297,1.172002,0.0,0.0,1.128758,0.165738,0.802526,0.0,0.307961
194,1.283847,0.0,0.0,0.769442,0.351058,0.0,0.0,0.0,0.0,0.436203,0.0,0.315854,0.083552,0.255177,0.0,0.0,0.0,0.970483,0.765755,1.45956,1.048985,0.022552,0.0,0.0,0.645582,0.313411,1.268544,0.0,0.0,0.144055,0.0,0.350711,0.0,0.0,0.222094,1.111537,0.125528,0.0,0.0,0.163739,0.895882,0.0,0.0,1.057755,0.1315,0.696453,0.0,0.277457
195,1.244448,0.0,0.0,0.721449,0.607317,0.0,0.0,0.0,0.0,0.319568,0.0,0.351423,0.0,0.492942,0.013885,0.0,0.0,1.096442,0.491011,1.310456,0.718621,0.0,0.0,0.0,0.698335,0.277261,1.118581,0.0,0.0,0.104181,0.0,0.097982,0.225477,0.0,0.226206,1.199803,0.0,0.0,0.0,0.315863,0.736536,0.0,0.0,0.909125,0.0,0.462134,0.0,0.0
196,1.224171,0.0,0.0,0.703243,0.794105,0.0,0.0,0.042048,0.0,0.133264,0.0,0.469745,0.0,0.527578,0.0,0.0,0.0,0.855236,0.381754,1.160104,0.663564,0.03063,0.0,0.0,0.820704,0.36547,1.282923,0.0,0.138117,0.045411,0.0,0.0,0.29937,0.0,0.0,1.067787,0.0,0.0,0.0,0.279739,0.537014,0.0,0.0,0.814825,0.0,0.417369,0.0,0.0
197,1.434566,0.0,0.0,0.427527,0.614534,0.0,0.0,0.0,0.0,0.229568,0.0,0.44714,0.0,0.742047,0.0,0.0,0.0,0.834809,0.40328,1.445418,0.603066,0.0,0.0,0.0,0.879234,0.397533,1.625928,0.0,0.326858,0.070718,0.0,0.459119,0.541925,0.0,0.062432,0.941741,0.112211,0.0,0.0,0.332545,0.198083,0.101804,0.0,0.435308,0.048524,0.482614,0.0,0.0
198,1.557863,0.0,0.0,0.127152,0.442683,0.211434,0.0,0.0,0.0,0.040943,0.0,0.512453,0.34451,0.841539,0.0,0.0,0.0,0.709566,0.376177,1.310662,0.520132,0.0,0.0,0.0,0.982593,0.488794,1.665953,0.0,0.45787,0.0,0.0,0.545076,0.596927,0.0,0.149508,0.692336,0.218141,0.0,0.0,0.322333,0.0,0.349086,0.0,0.180163,0.112818,0.70528,0.0,0.0
199,1.265803,0.0,0.021649,0.38361,0.788292,0.0,0.0,0.0,0.0,0.0,0.0,0.454376,0.05257,0.720481,0.0,0.0,0.0,0.717327,0.151364,1.190317,0.29045,0.0,0.0,0.0,0.875484,0.291964,1.382526,0.0,0.492556,0.0,0.0,0.274584,0.597167,0.0,0.0,0.805738,0.0,0.0,0.0,0.481876,0.0,0.31484,0.0,0.232945,0.150771,0.405958,0.0,0.0
200,1.134905,0.0,0.0,0.218151,0.571277,0.0,0.0,0.0,0.0,0.128563,0.0,0.460865,0.0,0.867637,0.0,0.0,0.0,0.751065,0.103796,1.045848,0.208708,0.000646,0.0,0.0,0.940483,0.411107,1.46048,0.0,0.65356,0.0,0.0,0.500005,0.675594,0.0,0.0,0.813774,0.0,0.0,0.0,0.641092,0.0,0.418872,0.289735,0.244098,0.315099,0.230808,0.0,0.0
201,0.849978,0.0,0.160484,0.440507,0.501312,0.0,0.0,0.0,0.0,0.34094,0.0,0.217187,0.142723,0.504039,0.0,0.0,0.027388,0.605401,0.100066,0.814014,0.015731,0.188892,0.0,0.0,0.703244,0.417411,1.061596,0.0,0.389475,0.0,0.0,0.062589,0.480228,0.0,0.0,0.829218,0.0,0.0,0.0,0.169482,0.198258,0.375271,0.227521,0.241223,0.469684,0.280483,0.0,0.0
202,0.629045,0.0,0.309773,0.710177,0.174873,0.0,0.0,0.0,0.0,0.509402,0.0,0.0,0.344808,0.354105,0.0,0.0,0.594804,0.628163,0.02338,0.562292,0.065034,0.232372,0.0,0.0,0.46525,0.413664,0.741836,0.0,0.327539,0.0,0.0,0.0,0.130207,0.0,0.0,0.696921,0.0,0.0,0.0,0.0,0.394954,0.372571,0.217964,0.441676,0.56894,0.297582,0.123041,0.0
203,0.349787,0.0,0.314103,0.630294,0.0,0.0,0.105518,0.0,0.0,0.828749,0.0,0.0,0.384147,0.262535,0.0,0.0,0.477883,0.581102,0.053191,0.642556,0.100689,0.253446,0.0,0.0,0.135063,0.370564,0.631139,0.0,0.284605,0.0,0.0,0.0,0.0,0.0,0.0,0.739801,0.0,0.0,0.0,0.0,0.48542,0.305808,0.609791,0.593139,0.600218,0.175921,0.168314,0.0
204,0.136846,0.0,0.260511,0.532606,0.0,0.0,0.081678,0.0,0.0,0.850848,0.0,0.0,0.254359,0.172629,0.0,0.0,0.396514,0.444448,0.050015,0.620433,0.123053,0.238818,0.0,0.0,0.0,0.352441,0.472286,0.0,0.183866,0.0,0.0,0.0,0.0,0.0,0.0,0.637802,0.0,0.0,0.0,0.0,0.5212,0.175087,0.587177,0.822361,0.603703,0.121393,0.253498,0.0
205,0.388295,0.0,0.455331,0.518095,0.0,0.0,0.191123,0.0,0.0,0.987627,0.0,0.0,0.332265,0.089289,0.0,0.0,0.364066,0.416959,0.074629,0.525745,0.073389,0.340844,0.0,0.0,0.001157,0.147699,0.528869,0.0,0.256734,0.0,0.0,0.0,0.0,0.0,0.0,0.451281,0.0,0.0,0.0,0.0,0.46423,0.323776,0.786147,0.680773,0.540391,0.194255,0.201636,0.003731
206,0.269614,0.0,0.280827,0.519519,0.026379,0.0,0.130495,0.0,0.0,0.862909,0.0,0.0,0.190071,0.121645,0.0,0.0,0.409191,0.382965,0.070544,0.471719,0.0,0.20214,0.0,0.0,0.0,0.131791,0.205979,0.0,0.041489,0.0,0.0,0.0,0.0,0.0,0.0,0.597307,0.0,0.0,0.0,0.0,0.618005,0.202979,0.595389,0.832012,0.65933,0.141782,0.117575,0.024198
207,0.328262,0.0,0.211341,0.509483,0.286437,0.0,0.0,0.0,0.0,0.456769,0.0,0.0,0.102134,0.195484,0.0,0.0,0.464638,0.337037,0.0,0.407551,0.0,0.104824,0.0,0.0,0.054458,0.161074,0.075494,0.0,0.0,0.0,0.0,0.0,0.0,0.0,0.0,0.558906,0.0,0.0,0.0,0.0,0.565472,0.141452,0.192014,0.716994,0.635563,0.257558,0.16037,0.0
208,0.264389,0.0,0.210569,0.570695,0.101764,0.0,0.139265,0.0,0.0,0.514812,0.0,0.0,0.453295,0.078791,0.0,0.0,0.620597,0.218672,0.126982,0.400436,0.019886,0.237962,0.0,0.0,0.068186,0.394364,0.117774,0.0,0.0,0.0,0.0,0.0,0.0,0.0,0.0,0.597657,0.0,0.0,0.0,0.0,0.561549,0.19499,0.385943,0.308137,0.490898,0.313449,0.37924,0.0
209,0.356827,0.0,0.161303,0.376637,0.203257,0.0,0.115335,0.0,0.0,0.376012,0.0,0.0,0.363622,0.178233,0.0,0.0,0.301692,0.215926,0.07195,0.491947,0.170426,0.084498,0.0,0.0,0.015559,0.261866,0.169368,0.0,0.0,0.0,0.0,0.0,0.0,0.0,0.0,0.426321,0.0,0.0,0.0,0.0,0.423653,0.292593,0.377035,0.391363,0.383898,0.326005,0.323702,0.0
210,0.472135,0.0,0.338036,0.459942,0.246932,0.0,0.232562,0.0,0.0,0.484978,0.0,0.0,0.512842,0.0,0.0,0.0,0.533692,0.08823,0.019891,0.387525,0.205939,0.156666,0.0,0.0,0.156237,0.288729,0.300018,0.0,0.011901,0.132118,0.0,0.0,0.041034,0.0,0.0,0.387444,0.0,0.0,0.0,0.0,0.366789,0.434683,0.431554,0.199723,0.295318,0.390454,0.456088,0.0
211,0.355976,0.0,0.158158,0.256209,0.079437,0.035934,0.272633,0.0,0.0,0.702259,0.0,0.0,0.339712,0.152623,0.0,0.0,0.027856,0.258436,0.0,0.5188,0.475553,0.0,0.0,0.0,0.041916,0.109994,0.5028,0.0,0.35601,0.286363,0.0,0.0,0.102374,0.0,0.0,0.232739,0.0,0.0,0.0,0.142137,0.113678,0.442293,0.853301,0.60528,0.237919,0.0,0.324868,0.197083
212,0.340022,0.0,0.407787,0.297703,0.152398,0.0,0.266352,0.0,0.0,0.766316,0.0,0.0,0.368367,0.199157,0.0,0.0,0.0,0.068115,0.0,0.422096,0.731279,0.0,0.0,0.0,0.0,0.0,0.807436,0.0,0.540939,0.365124,0.0,0.0,0.0,0.0,0.0,0.183285,0.0,0.0,0.0,0.323893,0.125072,0.503231,0.83582,0.903692,0.062452,0.0,0.082609,0.108444
213,0.499538,0.0,0.358682,0.304601,0.0,0.096618,0.61045,0.0,0.0,0.95619,0.0,0.0,0.472192,0.085031,0.0,0.025259,0.0,0.218078,0.0,0.531179,0.624031,0.0,0.0,0.0,0.0,0.136514,0.751304,0.0,0.427292,0.406471,0.0,0.0,0.040838,0.0,0.0,0.130077,0.0,0.0,0.0,0.098824,0.0,0.585831,1.115442,0.540073,0.080518,0.0,0.341955,0.118121
214,0.499771,0.0,0.56407,0.471017,0.0,0.0,0.726722,0.0,0.0,1.184044,0.0,0.0,0.299347,0.0,0.0,0.0,0.090288,0.162023,0.0,0.570251,0.721897,0.053181,0.0,0.0,0.0,0.0,0.841661,0.0,0.549138,0.408332,0.0,0.0,0.0,0.0,0.0,0.154698,0.0,0.0,0.0,0.0,0.047501,0.578342,1.129361,0.869282,0.142036,0.0,0.169273,0.0
215,0.479715,0.0,0.666837,0.643335,0.001208,0.0,0.617676,0.0,0.0,1.100132,0.0,0.0,0.111909,0.122719,0.0,0.0,0.262644,0.206808,0.0,0.583271,0.685422,0.152444,0.0,0.0,0.039148,0.183006,0.741649,0.0,0.342623,0.391279,0.0,0.0,0.0,0.0,0.0,0.263384,0.0,0.0,0.0,0.0,0.0,0.618769,1.040242,0.840579,0.32755,0.0,0.320902,0.0
216,0.384952,0.0,0.638275,0.718015,0.123623,0.0,0.636047,0.0,0.0,0.998387,0.0,0.0,0.114413,0.091086,0.0,0.0,0.418218,0.016665,0.0,0.568778,0.711282,0.138653,0.0,0.0,0.0,0.219539,0.658614,0.0,0.340893,0.341262,0.0,0.0,0.0,0.0,0.0,0.401433,0.0,0.0,0.0,0.07062,0.079247,0.613113,0.880364,0.877943,0.25239,0.0,0.449087,0.0
217,0.678192,0.0,0.761523,0.736128,0.0,0.0,0.893034,0.0,0.0,1.274848,0.0,0.0,0.24479,0.020404,0.0,0.0,0.348328,0.061008,0.0,0.487327,0.732608,0.169808,0.0,0.0,0.0,0.086715,0.8855,0.0,0.50179,0.430597,0.0,0.0,0.0,0.0,0.0,0.175573,0.0,0.0,0.0,0.005516,0.0,0.699777,1.256695,0.693085,0.14785,0.039137,0.402458,0.0
218,0.613218,0.0,0.726189,0.568287,0.0,0.116717,0.717406,0.0,0.0,1.051928,0.0,0.0,0.202878,0.112679,0.0,0.0,0.236348,0.005759,0.0,0.580322,0.951064,0.0,0.0,0.0,0.0,0.107151,0.867293,0.0,0.431524,0.388489,0.0,0.0,0.0,0.0,0.0,0.179117,0.0,0.0,0.0,0.244921,0.0,0.736367,1.124358,0.739289,0.03067,0.047571,0.577596,0.0
219,0.475027,0.0,0.681531,0.523294,0.076371,0.027361,0.888557,0.0,0.0,1.207021,0.0,0.0,0.166439,0.146139,0.0,0.0,0.327346,0.007495,0.0,0.633237,0.953312,0.0,0.0,0.0,0.0,0.133956,0.847485,0.0,0.414814,0.571412,0.0,0.0,0.0,0.0,0.0,0.34409,0.0,0.0,0.0,0.264267,0.0,0.633559,1.162104,0.846437,0.0,0.0,0.488302,0.0
220,0.586746,0.0,0.615699,0.431037,0.050194,0.010682,0.907974,0.0,0.0,1.367113,0.0,0.0,0.183065,0.344923,0.0,0.0,0.173374,0.215469,0.0,0.752073,1.284635,0.0,0.0,0.0,0.0,0.0,1.189813,0.0,0.798128,0.744313,0.0,0.0,0.0,0.0,0.156076,0.335029,0.0,0.0,0.0,0.342242,0.0,0.60816,1.453591,0.959347,0.0,0.0,0.275897,0.0
221,0.748124,0.0,0.758044,0.400442,0.047808,0.011821,0.783244,0.0,0.0,1.618437,0.0,0.097351,0.076048,0.254366,0.0,0.0,0.052443,0.473848,0.0,0.976585,1.264557,0.0,0.0,0.0,0.0,0.0,1.324902,0.0,0.815695,0.939908,0.0,0.252496,0.206667,0.0,0.403052,0.229861,0.0,0.0,0.0,0.412369,0.0,0.591814,1.57809,0.932472,0.0,0.0,0.155409,0.0
222,0.690214,0.0,0.527037,0.308499,0.245306,0.061184,0.597597,0.0,0.0,1.389161,0.0,0.270464,0.0,0.620017,0.0,0.0,0.0,0.571692,0.0,0.926406,1.589407,0.0,0.0,0.0,0.08581,0.0,1.625055,0.098809,1.005046,1.018624,0.0,0.754728,0.139123,0.0,0.389235,0.555693,0.14275,0.0,0.0,0.696244,0.0,0.565004,1.60875,1.226525,0.0,0.0,0.0,0.0
223,0.821781,0.0,0.743489,0.43582,0.18651,0.064977,0.389653,0.0,0.0,1.317096,0.0,0.342903,0.0,0.458383,0.0,0.0,0.0,0.536465,0.0,0.994704,1.287906,0.0,0.0,0.0,0.104558,0.0,1.346546,0.0,0.584643,0.829986,0.0,0.444489,0.137815,0.0,0.375301,0.607626,0.001127,0.0,0.0,0.675506,0.0,0.60472,1.126666,1.109741,0.0,0.092961,0.0,0.0
224,0.660115,0.0,0.44378,0.418917,0.218479,0.0,0.480349,0.0,0.0,1.303031,0.0,0.138779,0.0,0.588714,0.0,0.0,0.078354,0.66013,0.0,0.848927,1.252508,0.0,0.0,0.0,0.066202,0.0,1.155045,0.0,0.456573,0.761501,0.0,0.300499,0.0,0.0,0.265306,0.763547,0.0,0.0,0.0,0.43027,0.346857,0.463922,1.079956,1.112202,0.0,0.036463,0.0,0.0
225,0.474632,0.0,0.515224,0.398674,0.246889,0.0,0.54347,0.0,0.0,1.271808,0.0,0.0,0.0,0.516153,0.0,0.0,0.0,0.621169,0.0,0.783584,1.031671,0.0,0.0,0.0,0.0,0.0,1.023799,0.0,0.357278,0.628353,0.0,0.365658,0.0,0.0,0.206542,0.824458,0.0,0.0,0.0,0.448907,0.61179,0.426916,0.969992,1.234581,0.035612,0.0,0.0,0.0
226,0.358326,0.0,0.817658,0.734066,0.095806,0.0,0.211223,0.0,0.0,1.286962,0.0,0.0,0.0,0.31328,0.0,0.0,0.667539,0.576327,0.0,0.603919,0.523756,0.08642,0.0,0.0,0.0,0.0,0.394074,0.0,0.0,0.323944,0.0,0.0,0.0,0.0,0.0,0.80146,0.0,0.0,0.0,0.0,0.97924,0.141471,0.581637,1.196352,0.387702,0.310447,0.202722,0.0
227,0.212571,0.0,0.784879,0.761153,0.020592,0.0,0.21147,0.0,0.0,1.378776,0.0,0.0,0.0,0.323299,0.0,0.0,0.738768,0.635998,0.0,0.620517,0.150236,0.281062,0.0,0.0,0.0,0.091901,0.210992,0.0,0.0,0.005705,0.0,0.0,0.0,0.0,0.0,0.932223,0.0,0.0,0.0,0.0,1.092961,0.09643,0.628697,1.256277,0.745836,0.395837,0.237924,0.0
228,0.170563,0.0,0.384389,0.54513,0.0,0.0,0.330175,0.0,0.0,1.407396,0.0,0.0,0.290071,0.480079,0.0,0.0,0.476375,0.776938,0.0,0.586414,0.108306,0.191069,0.0,0.0,0.0,0.302824,0.252283,0.0,0.0,0.0,0.0,0.0,0.0,0.0,0.0,0.968078,0.0,0.0,0.0,0.0,1.040733,0.06212,1.04013,1.152329,0.883622,0.266445,0.225212,0.0
229,0.194107,0.0,0.243495,0.599886,0.0,0.0,0.207216,0.048103,0.0,1.362889,0.0,0.0,0.449549,0.510013,0.0,0.0,0.628113,0.898367,0.089054,0.445886,0.0,0.271322,0.0,0.0,0.0,0.391093,0.084939,0.0,0.0,0.0,0.0,0.0,0.0,0.0,0.0,1.115381,0.0,0.0,0.0,0.0,1.009425,0.060388,0.988345,1.068256,1.113561,0.214161,0.170311,0.0
230,0.351795,0.0,0.011257,0.542102,0.0,0.0,0.118996,0.089526,0.0,1.159548,0.0,0.0,0.675463,0.544838,0.0,0.0,0.410597,0.894517,0.104457,0.485098,0.0,0.304556,0.0,0.0,0.0,0.466879,0.121363,0.0,0.160008,0.0,0.0,0.0,0.0,0.0,0.0,1.025625,0.0,0.0,0.0,0.0,0.913536,0.120981,1.047995,0.99132,1.186848,0.173392,0.077345,0.12986
231,0.297197,0.0,0.174773,0.688952,0.091936,0.0,0.0,0.0,0.0,0.904554,0.0,0.0,0.750598,0.267098,0.003965,0.0,0.66349,0.702954,0.227168,0.465276,0.0,0.651318,0.0,0.0,0.005293,0.71535,0.25824,0.0,0.0,0.0,0.0,0.0,0.0,0.0,0.0,1.003334,0.0,0.0,0.0,0.0,0.773855,0.218729,0.641183,0.878849,1.167325,0.254116,0.124258,0.09596
232,0.421259,0.0,0.0,0.84451,0.218769,0.0,0.0,0.034066,0.0,0.557422,0.0,0.106676,0.731921,0.283223,0.0,0.0,0.710858,0.693278,0.350118,0.226537,0.0,0.649108,0.027536,0.0,0.255978,0.803917,0.145236,0.0,0.0,0.0,0.0,0.0,0.0,0.0,0.0,0.895187,0.0,0.0,0.0,0.0,0.68398,0.234821,0.355399,0.693785,1.09879,0.285775,0.0,0.0
233,0.578015,0.0,0.0,0.940405,0.511019,0.0,0.0,0.0,0.0,0.065143,0.0,0.078402,0.801989,0.25459,0.0,0.0,0.788364,0.454706,0.371752,0.181917,0.0,0.699,0.031503,0.0,0.506268,1.004077,0.308883,0.0,0.0,0.0,0.0,0.0,0.0,0.0,0.0,0.676862,0.0,0.0,0.0,0.0,0.444442,0.448624,0.0,0.365023,0.893447,0.433747,0.0,0.0
234,0.991832,0.0,0.0,0.893857,0.493953,0.0,0.0,0.0,0.0,0.0,0.0,0.131666,0.914352,0.186867,0.0,0.193355,0.664308,0.302481,0.317162,0.027766,0.0,0.69478,0.0,0.0,0.771802,1.23091,0.434077,0.0,0.245682,0.0,0.0,0.0,0.0,0.0,0.0,0.508953,0.0,0.0,0.0,0.0,0.092722,0.734055,0.0,0.0,0.444084,0.551531,0.025122,0.0
235,1.075899,0.0,0.028197,0.848377,0.461108,0.138111,0.0,0.0,0.0,0.0,0.0,0.310448,0.836919,0.2348,0.0,0.1645,0.363137,0.116578,0.367997,0.124599,0.0,0.746645,0.0,0.0,0.874257,1.165348,0.635649,0.0,0.225262,0.0,0.0,0.0,0.048939,0.0,0.0,0.275742,0.0,0.0,0.0,0.003278,0.021746,0.850518,0.0,0.0,0.311246,0.58313,0.153102,0.0
236,0.912667,0.0,0.0,0.557277,0.224756,0.383894,0.0,0.0,0.0,0.0,0.0,0.569921,0.578271,0.404067,0.0,0.314888,0.0,0.073497,0.406993,0.204267,0.0,0.703993,0.0,0.0,0.834034,1.177744,0.880742,0.0,0.34783,0.0,0.0,0.402396,0.18187,0.0,0.0,0.090386,0.0,0.0,0.0,0.705836,0.0,0.888199,0.09385,0.0,0.18244,0.390715,0.122616,0.496414
237,0.995471,0.0,0.0,0.724301,0.626951,0.200984,0.0,0.0,0.0,0.0,0.0,0.49333,0.671537,0.165057,0.0,0.160542,0.154565,0.0,0.38624,0.13809,0.0,0.593025,0.0,0.0,0.873103,0.993151,0.601704,0.0,0.257504,0.0,0.0,0.032786,0.228621,0.0,0.0,0.06826,0.0,0.0,0.0,0.539703,0.0,0.754793,0.0,0.0,0.212713,0.496305,0.094854,0.0
238,0.905634,0.0,0.0,0.727798,0.661242,0.180357,0.0,0.0,0.0,0.0,0.0,0.221338,0.812952,0.0,0.0,0.180455,0.448818,0.0,0.474878,0.141526,0.0,0.585856,0.0,0.0,0.738766,0.869011,0.353288,0.0,0.080138,0.0,0.0,0.0,0.0,0.0,0.0,0.117237,0.0,0.0,0.0,0.330281,0.0,0.638936,0.0,0.0,0.183669,0.636685,0.111937,0.0
239,0.580689,0.0,0.0,0.891827,0.817865,0.0,0.272238,0.0,0.0,0.0,0.0,0.0,0.709396,0.0,0.0,0.0,0.698675,0.0,0.553077,0.083779,0.0,0.578813,0.0,0.0,0.529647,0.885546,0.129686,0.0,0.0,0.011191,0.0,0.0,0.0,0.0,0.0,0.181213,0.0,0.0,0.0,0.008427,0.243513,0.385711,0.0,0.0,0.28679,0.633532,0.0,0.0
240,0.370831,0.0,0.0,0.996373,0.65654,0.0,0.280623,0.0,0.0,0.0,0.0,0.0,0.439493,0.0,0.0,0.0,0.628377,0.044177,0.750928,0.0,0.0,0.459127,0.0,0.0,0.525726,0.627861,0.0,0.0,0.0,0.0,0.0,0.0,0.0,0.0,0.0,0.17948,0.0,0.0,0.029206,0.0,0.140005,0.230214,0.0,0.074942,0.334542,0.477497,0.0,0.0
241,0.752073,0.0,0.0,0.721557,0.483472,0.0,0.227257,0.0,0.0,0.0,0.0,0.0,0.662045,0.0,0.0,0.0,0.580247,0.0,0.618527,0.000215,0.0,0.35024,0.0,0.0,0.557265,0.551718,0.107892,0.0,0.0,0.0,0.0,0.0,0.0,0.0,0.0,0.020936,0.0,0.0,0.0,0.031623,0.238228,0.310865,0.055974,0.08278,0.340294,0.604614,0.0,0.0
242,0.657482,0.0,0.0,0.368936,0.092242,0.0,0.0,0.0,0.0,0.052961,0.0,0.07845,0.638494,0.0,0.0,0.089181,0.26114,0.0,0.530133,0.255169,0.106419,0.249799,0.0,0.0,0.405431,0.366876,0.276739,0.0,0.0,0.080218,0.0,0.0,0.0,0.0,0.0,0.0,0.0,0.0,0.0,0.371791,0.302794,0.152284,0.225044,0.142947,0.18723,0.490441,0.0,0.243152
243,0.702529,0.0,0.0,0.242692,0.390968,0.105968,0.048668,0.0,0.0,0.0,0.0,0.0,0.792233,0.0,0.0,0.0,0.487976,0.0,0.412432,0.154321,0.024207,0.293679,0.0,0.0,0.448727,0.400869,0.201121,0.0,0.0,0.108794,0.0,0.0,0.0,0.0,0.0,0.037309,0.0,0.0,0.0,0.062656,0.356927,0.135897,0.129404,0.134303,0.310842,0.648693,0.111431,0.0
244,0.2083,0.0,0.0,0.483613,0.350702,0.0,0.096871,0.0,0.0,0.275971,0.0,0.0,0.599836,0.007066,0.0,0.0,0.362176,0.193053,0.358088,0.0,0.0,0.151151,0.0,0.0,0.276178,0.211213,0.0,0.0,0.0,0.105464,0.0,0.0,0.0,0.0,0.0,0.163248,0.0,0.0,0.0,0.0,0.35505,0.0,0.332068,0.167507,0.25867,0.261118,0.0,0.0
245,0.281956,0.0,0.0,0.273134,0.201841,0.0,0.0,0.08783,0.0,0.433789,0.0,0.051397,0.693625,0.160789,0.004989,0.0,0.081887,0.234236,0.19414,0.0,0.0,0.0,0.0,0.0,0.21282,0.05043,0.0,0.0,0.0,0.11165,0.0,0.0,0.156584,0.0,0.0,0.09888,0.0,0.0,0.0,0.0,0.522804,0.0,0.397768,0.359784,0.293126,0.124717,0.0,0.0
246,0.143299,0.0,0.0,0.19767,0.092202,0.0,0.039878,0.220676,0.0,0.52591,0.0,0.159303,0.568004,0.314284,0.0,0.0,0.0,0.379078,0.085783,0.0,0.036706,0.0,0.0,0.0,0.213864,0.022446,0.01864,0.0,0.0,0.280214,0.0,0.0,0.077718,0.0,0.0,0.340044,0.0,0.0,0.0,0.0,0.714113,0.0,0.558602,0.388143,0.17081,0.03253,0.0,0.158179
247,0.139136,0.0,0.0,0.241115,0.0,0.0,0.12804,0.0,0.0,0.886544,0.0,0.024987,0.640233,0.221591,0.0,0.0,0.16594,0.487647,0.184463,0.0,0.08232,0.0,0.0,0.0,0.046975,0.092024,0.005744,0.0,0.0,0.323473,0.0,0.0,0.0,0.0,0.0,0.3277,0.0,0.0,0.0,0.0,0.881967,0.0,0.625676,0.579439,0.199691,0.145042,0.047351,0.0
248,0.232852,0.0,0.0,0.260454,0.0,0.0,0.222515,0.0,0.0,1.022379,0.0,0.008122,0.510497,0.058274,0.0,0.0,0.080374,0.501786,0.117436,0.0,0.227191,0.0,0.0,0.0,0.176756,0.0,0.191187,0.0,0.0,0.4043,0.0,0.0,0.0,0.0,0.0,0.259792,0.0,0.0,0.0,0.0,1.032526,0.0,0.561256,0.69654,0.0,0.132324,0.0,0.0491
249,0.348076,0.0,0.0,0.15365,0.0,0.0,0.327391,0.0,0.0,0.891902,0.0,0.010439,0.52958,0.0,0.0,0.0,0.023749,0.434201,0.072993,0.0,0.506538,0.0,0.0,0.0,0.301772,0.0,0.429912,0.0,0.0,0.47287,0.0,0.0,0.0,0.0,0.00023,0.301844,0.0,0.0,0.0,0.0,1.03053,0.0,0.493198,0.751112,0.0,0.185671,0.0,0.045367
250,0.260537,0.0,0.0,0.331574,0.0,0.0,0.406394,0.0,0.0,0.992843,0.0,0.076436,0.42149,0.0,0.0,0.0,0.08906,0.421372,0.112006,0.0,0.782593,0.0,0.0,0.0,0.273937,0.003505,0.49847,0.0,0.0,0.521235,0.0,0.0,0.0,0.0,0.029131,0.39531,0.0,0.0,0.0,0.076989,1.113857,0.0,0.490664,0.96844,0.0,0.064822,0.0,0.067853
251,0.406305,0.0,0.0,0.320127,0.0,0.0,0.307352,0.0,0.0,1.227361,0.0,0.011541,0.341711,0.0,0.0,0.0,0.038725,0.571832,0.156513,0.094086,0.902854,0.0,0.0,0.0,0.239527,0.0,0.589038,0.0,0.0,0.448556,0.0,0.0,0.0,0.0,0.0,0.428443,0.0,0.0,0.0,0.095497,1.15326,0.0,0.362964,1.123578,0.0,0.007945,0.0,0.0
252,0.41111,0.0,0.0,0.351754,0.067258,0.0,0.242356,0.0,0.0,1.090018,0.0,0.251518,0.138213,0.0,0.0,0.0,0.0,0.60414,0.0,0.354687,1.122966,0.0,0.0,0.0,0.288107,0.0,0.947356,0.0,0.0,0.699961,0.0,0.0,0.0,0.0,0.223896,0.658302,0.099978,0.0,0.0,0.382997,1.048707,0.0,0.553639,1.174781,0.0,0.0,0.0,0.0
253,0.681332,0.0,0.0,0.302153,0.015029,0.0,0.106551,0.0,0.0,0.9812,0.0,0.260522,0.019333,0.403101,0.0,0.0,0.0,0.889916,0.0,0.754627,1.253125,0.0,0.0,0.0,0.190924,0.0,1.153581,0.0,0.195986,0.798766,0.0,0.015949,0.135243,0.0,0.607335,0.637566,0.106072,0.0,0.0,0.304953,0.648669,0.0,0.61546,1.181121,0.0,0.055609,0.0,0.0
254,0.77596,0.0,0.135179,0.290504,0.093708,0.0,0.077924,0.0,0.0,1.063629,0.0,0.324281,0.02467,0.620807,0.0,0.0,0.0,0.880117,0.0,0.938498,1.420252,0.0,0.0,0.0,0.164973,0.0,1.519657,0.0,0.47196,0.910271,0.0,0.460246,0.286618,0.0,0.693323,0.597162,0.429714,0.0,0.0,0.453045,0.384375,0.009499,0.737235,1.177674,0.0,0.066034,0.0,0.0
255,0.904658,0.0,0.195109,0.148348,0.050011,0.062489,0.0,0.0,0.0,1.071104,0.0,0.403292,0.0,0.74924,0.0,0.0,0.0,0.846424,0.0,0.960826,1.32251,0.0,0.0,0.0,0.491758,0.0,1.772532,0.0,0.672016,1.053596,0.0,0.968233,0.464763,0.0,0.594703,0.495837,0.786631,0.0,0.0,0.517684,0.096584,0.172352,0.887548,1.041517,0.0,0.014128,0.0,0.0
256,0.656478,0.0,0.204867,0.159798,0.183203,0.074976,0.0,0.0,0.0,0.97986,0.0,0.375891,0.0,0.6653,0.0,0.0,0.0,0.695552,0.0,0.76269,1.168943,0.0,0.0,0.0,0.287755,0.0,1.380911,0.0,0.507853,0.865638,0.0,0.538972,0.330771,0.0,0.494371,0.515337,0.543305,0.0,0.0,0.506303,0.240069,0.211537,0.667934,1.064009,0.0,0.010725,0.0,0.0
257,0.332695,0.0,0.034309,0.142446,0.223405,0.078802,0.124348,0.0,0.0,0.907221,0.0,0.250776,0.0,0.496774,0.0,0.048861,0.0,0.603298,0.0,0.523066,0.924832,0.0,0.0,0.0,0.0,0.0,0.818632,0.0,0.261698,0.705748,0.0,0.0,0.146922,0.0,0.458748,0.386822,0.0373,0.0,0.0,0.341895,0.545442,0.066297,0.501059,0.999977,0.0,0.0,0.0,0.0
258,0.046481,0.0,0.087002,0.073236,0.268522,0.0,0.317869,0.0,0.0,0.798577,0.0,0.320461,0.004217,0.260853,0.0,0.0,0.116013,0.315412,0.0,0.018765,0.746937,0.0,0.0,0.0,0.023489,0.0,0.504999,0.0,0.073251,0.617414,0.0,0.0,0.0,0.0,0.294303,0.329275,0.0,0.0,0.0,0.477256,0.785784,0.0,0.44127,0.877843,0.0,0.0,0.043687,0.0
259,0.0,0.0,0.0,0.0,0.07292,0.0,0.4592,0.0,0.0,0.928957,0.0,0.146324,0.229131,0.296374,0.0,0.031486,0.171053,0.239813,0.0,0.013843,0.628682,0.0,0.0,0.0,0.0,0.0,0.340514,0.0,0.0,0.588651,0.0,0.0,0.013689,0.0,0.2506,0.078582,0.0,0.0,0.0,0.326558,0.851701,0.0,0.458312,0.851806,0.0,0.0,0.150455,0.0
260,0.0,0.0,0.033201,0.002311,0.094545,0.0,0.480302,0.0,0.0,1.022817,0.0,0.119663,0.150429,0.183915,0.0,0.069494,0.223698,0.204039,0.0,0.0,0.59559,0.0,0.0,0.0,0.0,0.0,0.214995,0.0,0.0,0.551972,0.0,0.0,0.0,0.0,0.094307,0.0,0.0,0.0,0.0,0.387108,1.068747,0.0,0.405297,0.800211,0.0,0.0,0.217322,0.0
261,0.0,0.0,0.007371,0.0,0.014719,0.0,0.49808,0.0,0.0,0.952138,0.0,0.077174,0.232062,0.409381,0.0,0.201622,0.004926,0.263353,0.0,0.014893,0.720321,0.0,0.0,0.0,0.0,0.0,0.483373,0.0,0.0,0.695848,0.0,0.0,0.058802,0.0,0.147686,0.0,0.0,0.0,0.0,0.359303,0.904838,0.0,0.570009,0.759053,0.0,0.0,0.243979,0.0
262,0.055912,0.0,0.0,0.0,0.168465,0.08376,0.37289,0.0,0.0,0.871548,0.0,0.335379,0.301902,0.506673,0.0,0.1926,0.074221,0.191412,0.0,0.0,0.752354,0.0,0.0,0.0,0.0,0.0,0.704907,0.0,0.185515,0.440001,0.0,0.0,0.178226,0.0,0.386825,0.0,0.158855,0.0,0.0,0.447439,0.593742,0.0,0.591199,0.825812,0.0,0.0,0.053921,0.0
263,0.201691,0.0,0.0,0.0,0.072933,0.148093,0.235098,0.0,0.0,0.816201,0.0,0.599674,0.631629,0.662717,0.0,0.177251,0.0,0.254622,0.0,0.180865,0.974473,0.0,0.0,0.0,0.0,0.030813,1.131922,0.0,0.457477,0.513762,0.0,0.0,0.339011,0.0,0.524107,0.0,0.463658,0.0,0.0,0.383533,0.393046,0.098597,0.694302,0.769505,0.0,0.0,0.0,0.083023
264,0.327046,0.0,0.0,0.0,0.260736,0.194301,0.0,0.0,0.0,0.644381,0.022014,0.499129,0.551309,0.843369,0.0,0.029037,0.0,0.327961,0.0,0.633869,0.751667,0.0,0.0,0.0,0.079536,0.0,1.178513,0.0,0.347874,0.554239,0.0,0.196751,0.669906,0.0,0.37454,0.0,0.456701,0.0,0.0,0.437948,0.202398,0.265095,0.588375,0.668894,0.0,0.0,0.0,0.0
265,0.26132,0.0,0.0,0.0,0.302135,0.236867,0.0,0.0,0.0,0.401014,0.0,0.718031,0.428094,0.889158,0.0,0.256326,0.0,0.363218,0.0,0.42471,0.664228,0.0,0.0,0.0,0.0,0.09349,0.987055,0.0,0.521332,0.276461,0.0,0.0,0.674832,0.0,0.454661,0.0,0.257199,0.0,0.0,0.259612,0.082675,0.103818,0.372902,0.664208,0.0,0.0,0.0,0.0
266,0.195481,0.0,0.0,0.0,0.423312,0.0,0.0,0.13128,0.0,0.449494,0.0,0.654863,0.162898,0.986953,0.0,0.425206,0.0,0.545101,0.0,0.136618,0.532896,0.0,0.0,0.0,0.108009,0.11039,0.925297,0.0,0.742674,0.308838,0.0,0.0,0.739885,0.0,0.353546,0.278665,0.03254,0.0,0.0,0.256946,0.205534,0.0,0.571358,0.640734,0.0,0.0,0.0,0.0
267,0.188702,0.0,0.0,0.0,0.34302,0.051378,0.0,0.127681,0.0,0.378539,0.0,0.77108,0.248878,0.973044,0.0,0.360938,0.0,0.267682,0.0,0.301727,0.664742,0.0,0.0,0.0,0.122554,0.273318,1.198119,0.0,0.657443,0.289478,0.0,0.166024,0.806523,0.0,0.24978,0.274418,0.502355,0.0,0.0,0.180133,0.097659,0.020923,0.485791,0.795535,0.0,0.0,0.0,0.0
268,0.070657,0.0,0.0,0.0,0.168705,0.072305,0.0,0.165074,0.0,0.520434,0.0,0.610486,0.140552,0.952974,0.0,0.627432,0.0,0.495232,0.0,0.0,0.49095,0.0,0.0,0.0,0.09971,0.354822,0.682177,0.0,0.526513,0.184139,0.0,0.0,0.574677,0.0,0.108698,0.465466,0.0,0.0,0.0,0.046189,0.348164,0.0,0.440208,0.726366,0.0,0.0,0.0,0.0
269,0.176931,0.0,0.0,0.0,0.086385,0.042877,0.0,0.0,0.0,0.506496,0.0,0.509829,0.394044,0.981667,0.0,0.270759,0.0,0.541596,0.0,0.44654,0.371031,0.0,0.0,0.0,0.192023,0.257934,0.933464,0.0,0.352606,0.291184,0.0,0.125071,1.00052,0.0,0.23409,0.446103,0.041121,0.0,0.0,0.0,0.346625,0.0,0.630314,0.597353,0.100649,0.070706,0.0,0.0
270,0.0,0.0,0.0,0.0,0.283095,0.0,0.0,0.331129,0.0,0.258971,0.0,0.783877,0.441729,0.561731,0.0,0.12049,0.0,0.281374,0.0,0.267783,0.463486,0.0,0.0,0.0,0.152418,0.213605,0.776978,0.0,0.136304,0.388466,0.0,0.0,0.844697,0.0,0.104836,0.463947,0.153133,0.0,0.0,0.108012,0.544596,0.0,0.39397,0.747102,0.0,0.042177,0.0,0.0
271,0.0,0.0,0.0,0.0,0.204506,0.0,0.0,0.410909,0.0,0.261687,0.0,0.967923,0.76061,0.523998,0.0,0.360835,0.0,0.092626,0.0,0.0,0.615,0.0,0.0,0.0,0.22127,0.460029,0.739038,0.0,0.101029,0.259219,0.0,0.0,0.774869,0.0,0.014485,0.499381,0.181853,0.0,0.0,0.013626,0.592219,0.0,0.341963,0.803646,0.0,0.071936,0.0,0.112168
272,0.0,0.0,0.0,0.0,0.159591,0.0,0.0,0.45899,0.0,0.040056,0.0,1.067741,0.88856,0.561253,0.101195,0.191303,0.0,0.0,0.0,0.102397,0.538485,0.0,0.0,0.0,0.361335,0.565093,0.792166,0.0,0.076025,0.215597,0.0,0.0,0.935558,0.0,0.01758,0.490211,0.255581,0.0,0.0,0.016918,0.501087,0.0,0.217969,0.776653,0.08527,0.227347,0.0,0.13923
273,0.047734,0.0,0.0,0.0,0.04031,0.0,0.0,0.503501,0.0,0.366062,0.0,0.996125,0.728782,0.634118,0.0,0.618874,0.0,0.442767,0.042077,0.010122,0.425776,0.0,0.0,0.0,0.302744,0.477249,0.505761,0.0,5.6e-05,0.098003,0.0,0.0,0.814322,0.0,0.0,0.436003,0.0,0.0,0.0,0.0,0.553825,0.0,0.521295,0.75021,0.029196,0.029686,0.0,0.155167
274,0.184165,0.0,0.0,0.0,0.19767,0.0,0.0,0.564873,0.0,0.20216,0.0,1.023971,0.715117,0.582096,0.0,0.20485,0.0,0.327269,0.084753,0.323477,0.331204,0.0,0.0,0.0,0.408122,0.527639,0.7967,0.0,0.05163,0.147802,0.0,0.0,1.05621,0.0,0.0,0.437565,0.112264,0.0,0.0,0.046704,0.486402,0.0,0.514499,0.720973,0.184282,0.0,0.0,0.253273
275,0.306736,0.0,0.0,0.0,0.16031,0.0,0.0,0.404414,0.0,0.021004,0.0,0.932066,0.828311,0.5193,0.0,0.449575,0.0,0.333371,0.0,0.108144,0.331434,0.0,0.0,0.0,0.349521,0.639981,0.644779,0.0,0.310096,0.0,0.0,0.0,0.933266,0.0,0.064274,0.200676,0.0,0.0,0.0,0.0,0.228049,0.0,0.302958,0.68903,0.071266,0.001954,0.0,0.02015
276,0.356258,0.0,0.0,0.0,0.231428,0.0,0.0,0.140427,0.0,0.139781,0.0,0.638613,0.670263,0.447797,0.0,0.094195,0.0,0.360132,0.063675,0.309101,0.258314,0.0,0.0,0.0,0.277468,0.451108,0.6636,0.0,0.033431,0.0,0.0,0.0,0.816354,0.0,0.0,0.085895,0.0,0.0,0.0,0.0,0.339207,0.0,0.141307,0.867571,0.224058,0.090535,0.0,0.061372
277,0.58016,0.0,0.0,0.011544,0.0,0.118186,0.0,0.0,0.0,0.471673,0.0,0.407702,0.576091,0.495487,0.0,0.204779,0.0,0.658716,0.286007,0.668143,0.394148,0.0,0.0,0.0,0.135576,0.379961,0.746173,0.0,0.0,0.058959,0.0,0.0,0.45007,0.0,0.156657,0.141402,0.0,0.0,0.0,0.0,0.515143,0.0,0.398349,0.791577,0.126921,0.117054,0.0,0.431519
278,0.603972,0.0,0.0,0.115072,0.026855,0.0,0.0,0.0,0.0,0.467498,0.0,0.38167,0.557613,0.400625,0.0,0.0,0.0,0.54347,0.19453,0.649577,0.429977,0.0,0.0,0.0,0.252391,0.319444,0.865028,0.0,0.0,0.156045,0.0,0.0,0.301975,0.0,0.243507,0.234415,0.0,0.0,0.0,0.0,0.59112,0.029422,0.503285,0.764663,0.0,0.161156,0.0,0.337268
279,0.765014,0.0,0.0,0.049559,0.117661,0.0,0.0,0.0,0.0,0.57999,0.0,0.315206,0.292036,0.267255,0.0,0.0,0.0,0.529542,0.087295,0.784442,0.47195,0.0,0.0,0.0,0.406819,0.293034,1.087907,0.0,0.0,0.237595,0.0,0.0,0.251298,0.0,0.128951,0.399573,0.008043,0.0,0.0,0.205156,0.587163,0.129594,0.508421,0.753482,0.0,0.084491,0.0,0.313548
280,0.611076,0.0,0.106139,0.067406,0.302123,0.0,0.0,0.0,0.0,0.611492,0.0,0.444675,0.418827,0.253098,0.0,0.0,0.0,0.483678,0.0,0.728537,0.873432,0.0,0.0,0.0,0.275722,0.354056,1.390025,0.0,0.216516,0.256706,0.0,0.0,0.249231,0.0,0.310548,0.195402,0.146197,0.0,0.0,0.273819,0.458239,0.110888,0.597992,0.836539,0.0,0.0,0.0,0.289435
281,0.942832,0.0,0.194278,0.0,0.0,0.314423,0.0,0.0,0.0,0.777354,0.0,0.381945,0.389446,0.441158,0.0,0.165699,0.0,0.618253,0.0,0.719301,0.813461,0.002229,0.0,0.0,0.0,0.35054,1.207848,0.0,0.186204,0.029942,0.0,0.0,0.23584,0.0,0.424615,0.0,0.028913,0.0,0.0,0.0,0.259618,0.220112,0.531162,0.672821,0.0,0.060942,0.0,0.34258
282,0.874446,0.0,0.146095,0.0,0.0,0.177732,0.165069,0.0,0.0,1.080583,0.0,0.188222,0.38171,0.506901,0.0,0.276228,0.0,0.541882,0.0,0.648434,0.752353,0.271395,0.0,0.0,0.0,0.319991,1.179093,0.0,0.231089,0.0,0.0,0.0,0.436774,0.0,0.160007,0.0,0.0,0.0,0.0,0.0,0.266004,0.286729,0.652493,0.54997,0.0,0.0,0.0,0.135635
283,0.647422,0.0,0.257719,0.0,0.0,0.043531,0.235197,0.0,0.0,1.033184,0.0,0.301852,0.438381,0.680343,0.0,0.368556,0.0,0.499622,0.0,0.485491,0.652318,0.396918,0.0,0.0,0.0,0.723048,1.281041,0.0,0.713919,0.002913,0.0,0.0,0.324889,0.0,0.298212,0.0,0.0,0.0,0.0,0.0,0.220634,0.344325,0.797172,0.682295,0.0,0.0,0.0,0.11387
284,0.628755,0.0,0.0,0.0,0.0,0.072441,0.429949,0.0,0.0,1.049646,0.0,0.451269,0.636944,0.687408,0.0,0.751343,0.0,0.60198,0.0,0.043145,0.558965,0.307018,0.0,0.0,0.0,1.070678,0.988713,0.0,1.008611,0.0,0.0,0.0,0.349302,0.0,0.182379,0.0,0.0,0.0,0.0,0.0,0.0,0.415159,0.700583,0.274161,0.0,0.0,0.0,0.0
285,0.790513,0.0,0.263686,0.025555,0.0,0.0,0.596368,0.0,0.0,1.097668,0.0,0.412641,0.76645,0.615982,0.0,0.596429,0.0,0.524568,0.0,0.352907,0.536795,0.424451,0.0,0.0,0.0,0.984598,1.340313,0.0,1.035861,0.0,0.0,0.103696,0.393838,0.0,0.198632,0.0,0.0,0.0,0.0,0.0,0.043796,0.55553,1.061396,0.23797,0.0,0.0,0.0,0.155387
286,0.831379,0.0,0.194175,0.174519,0.0,0.018908,0.222565,0.0,0.0,0.90309,0.0,0.252758,0.345134,0.405911,0.0,0.280103,0.0,0.488729,0.148298,0.289178,0.241504,0.664441,0.0,0.0,0.0,0.692665,0.821907,0.0,0.332256,0.0,0.0,0.0,0.228809,0.0,0.0,0.0,0.0,0.0,0.0,0.0,0.045588,0.498636,0.442273,0.440686,0.0,0.0,0.0,0.0
287,0.689402,0.0,0.1715,0.465441,0.20521,0.0,0.102447,0.0,0.0,0.640632,0.0,0.165204,0.315839,0.284966,0.0,0.180996,0.0,0.450273,0.26542,0.256747,0.080538,0.575415,0.0,0.0,0.048938,0.549398,0.614187,0.0,0.176339,0.0,0.0,0.0,0.084758,0.0,0.0,0.017073,0.0,0.0,0.0,0.0,0.0,0.458492,0.304028,0.586471,0.172477,0.0,0.0,0.0
288,0.942639,0.0,0.203725,0.403912,0.0,0.159479,0.0,0.0,0.0,0.54688,0.0,0.157176,0.214462,0.047435,0.0,0.0,0.0,0.293325,0.309116,0.538524,0.158036,0.545356,0.0,0.0,0.252324,0.640939,0.793676,0.0,0.134952,0.0,0.0,0.0,0.0,0.0,0.0,0.0,0.0,0.0,0.0,0.0,0.045615,0.424627,0.359011,0.599189,0.300206,0.083428,0.0,0.3106
289,0.666799,0.0,0.110026,0.834917,0.174597,0.0,0.129947,0.0,0.0,0.366213,0.0,0.0,0.360982,0.0,0.0,0.0,0.343542,0.241059,0.42003,0.317364,0.065046,0.397164,0.0,0.0,0.358771,0.473036,0.448229,0.0,0.085287,0.0,0.0,0.0,0.0,0.0,0.0,0.155593,0.0,0.0,0.0,0.0,0.0,0.436776,0.326315,0.470809,0.352466,0.220116,0.0,0.0
290,0.696224,0.0,0.115804,0.747538,0.0,0.0,0.299419,0.0,0.0,0.515957,0.0,0.0,0.391708,0.0,0.0,0.0,0.369923,0.208883,0.501581,0.473511,0.182146,0.324603,0.0,0.0,0.439412,0.523027,0.566256,0.0,0.0,0.015252,0.0,0.0,0.0,0.0,0.0,0.262037,0.0,0.0,0.0,0.0,0.1606,0.338362,0.665425,0.218382,0.279601,0.308508,0.075145,0.0
291,0.757876,0.0,0.082543,0.796649,0.0,0.0,0.331301,0.0,0.0,0.454599,0.0,0.0,0.40641,0.0,0.0,0.0,0.326857,0.2277,0.440865,0.528574,0.40906,0.125914,0.0,0.0,0.395767,0.35226,0.595176,0.0,0.0,0.171371,0.0,0.0,0.0,0.0,0.0,0.199529,0.0,0.0,0.0,0.0,0.096581,0.274544,0.692366,0.274737,0.039928,0.411945,0.11985,0.0
292,0.8749,0.0,0.031995,0.606785,0.0,0.0,0.242461,0.0,0.0,0.620628,0.0,0.0,0.215711,0.0,0.0,0.0,0.159359,0.26675,0.426639,0.664563,0.560617,0.029739,0.0,0.0,0.346354,0.229886,0.749156,0.0,0.0,0.315084,0.0,0.0,0.0,0.0,0.104641,0.095422,0.0,0.0,0.0,0.117976,0.292834,0.143609,0.572124,0.59282,0.0,0.413516,0.0,0.0
293,0.853856,0.0,0.159209,0.556935,0.0,0.0,0.387275,0.0,0.0,0.926789,0.0,0.0,0.021744,0.0,0.0,0.0,0.071926,0.342071,0.419851,0.327191,0.785904,0.0,0.0,0.0,0.601916,0.085317,0.850103,0.0,0.0,0.173144,0.0,0.0,0.0,0.0,0.066201,0.091698,0.0,0.0,0.0,0.306545,0.588044,0.089029,0.409529,0.931373,0.0,0.05918,0.0,0.008697
294,0.999382,0.0,0.115332,0.373244,0.0,0.0,0.522002,0.0,0.0,1.059378,0.0,0.0,0.109454,0.0,0.0,0.0,0.0,0.365122,0.364288,0.248977,1.25223,0.0,0.0,0.0,0.521078,0.106664,1.089669,0.0,0.0,0.239789,0.0,0.0,0.0,0.0,0.29287,0.0,0.099056,0.0,0.0,0.156615,0.779681,0.0,0.396335,0.956678,0.0,0.174775,0.0,0.056438
295,1.175338,0.0,0.148443,0.347995,0.0,0.005156,0.583846,0.0,0.0,1.329703,0.0,0.161222,0.0,0.0,0.0,0.0,0.0,0.381953,0.449768,0.230286,1.354465,0.0,0.0,0.0,0.548456,0.175565,1.256124,0.0,0.0,0.21423,0.0,0.0,0.126626,0.0,0.30065,0.0,0.21477,0.0,0.0,0.189191,0.864176,0.0,0.37309,1.065306,0.0,0.27746,0.0,0.089322
296,1.123201,0.0,0.047005,0.246616,0.0,0.0,0.417006,0.0,0.0,1.279364,0.0,0.026623,0.0,0.0,0.0,0.0,0.0,0.522122,0.280352,0.418652,1.179953,0.0,0.0,0.0,0.361648,0.022379,1.022042,0.0,0.0,0.203358,0.0,0.0,0.166419,0.0,0.258706,0.0,0.20162,0.0,0.0,0.070511,0.788444,0.0,0.39212,1.03764,0.0,0.1718,0.0,0.0
297,0.770096,0.0,0.257289,0.209669,0.0,0.0,0.482032,0.0,0.0,1.316722,0.0,0.118454,0.052987,0.0,0.0,0.0,0.0,0.536126,0.098142,0.444881,0.964019,0.0,0.0,0.0,0.241283,0.010169,0.993358,0.0,0.0,0.274146,0.0,0.0,0.129571,0.0,0.318499,0.0,0.121324,0.0,0.0,0.125413,0.810842,0.0,0.700931,0.999581,0.0,0.0,0.0,0.055394
298,0.636499,0.0,0.094273,0.0,0.0,0.0,0.3737,0.0,0.0,1.161039,0.0,0.032351,0.23708,0.462885,0.0,0.022289,0.0,0.690006,0.0,0.665942,0.784687,0.0,0.0,0.0,0.048148,0.104388,0.965966,0.0,0.136603,0.402865,0.0,0.0,0.042323,0.0,0.394143,0.047987,0.116226,0.0,0.0,0.020585,0.656722,0.0,0.901151,0.91987,0.0,0.0,0.0,0.145265
299,0.76765,0.0,0.133329,0.0,0.0,0.0,0.009743,0.0,0.0,0.91649,0.0,0.237475,0.0,0.516612,0.0,0.078555,0.0,0.686511,0.0,0.558551,0.547282,0.0025,0.0,0.0,0.0,0.176992,0.703802,0.0,0.03647,0.075399,0.0,0.0,0.115131,0.0,0.305453,0.059528,0.0,0.0,0.0,0.0,0.489704,0.0,0.339094,0.88594,0.0,0.0,0.0,0.0
300,0.859555,0.0,0.200582,0.096255,0.0,0.107358,0.0,0.0,0.0,0.733882,0.0,0.5544,0.174182,0.529166,0.0,0.274763,0.0,0.67008,0.0,0.349787,0.637012,0.0,0.0,0.0,0.064426,0.529588,0.912659,0.0,0.4679,0.0,0.0,0.0,0.132333,0.0,0.44486,0.0,0.0,0.0,0.0,0.0,0.271785,0.193237,0.259275,0.791683,0.0,0.0,0.0,0.041502
301,1.013622,0.0,0.355678,0.178598,0.0,0.0,0.031856,0.0,0.0,0.817371,0.0,0.527691,0.219936,0.576934,0.0,0.291795,0.0,0.688658,0.0,0.57613,0.506549,0.172801,0.0,0.0,0.115194,0.551003,1.141441,0.0,0.42459,0.0,0.0,0.014241,0.254435,0.0,0.35635,0.0,0.0,0.0,0.0,0.0,0.306705,0.311081,0.441695,0.503392,0.0,0.0,0.0,0.190557
302,1.030019,0.0,0.512669,0.355244,0.0,0.0,0.0,0.0,0.0,0.775605,0.0,0.491311,0.0,0.396381,0.0,0.096028,0.0,0.60468,0.122788,0.685265,0.365001,0.579754,0.0,0.0,0.20639,0.598519,1.170263,0.0,0.196128,0.0,0.0,0.0,0.093982,0.0,0.178024,0.0,0.0,0.0,0.0,0.0,0.444799,0.283868,0.338366,0.713644,0.0,0.050664,0.0,0.338423
303,1.256512,0.0,0.365404,0.521069,0.0,0.0,0.0,0.0,0.0,0.670067,0.0,0.297219,0.0,0.235525,0.0,0.0,0.0,0.665518,0.420683,0.634573,0.138776,0.785056,0.0,0.0,0.453233,0.640785,0.991708,0.0,0.0,0.0,0.0,0.0,0.090927,0.0,0.0,0.0,0.0,0.0,0.0,0.0,0.418521,0.274514,0.181121,0.501095,0.018305,0.207875,0.0,0.238825
304,1.416936,0.0,0.225295,0.914697,0.0,0.022592,0.0,0.0,0.0,0.199329,0.0,0.338397,0.0,0.0,0.0,0.0,0.237194,0.578869,0.619619,0.366283,0.046617,0.864693,0.0,0.0,0.701293,0.761596,0.773977,0.0,0.021725,0.0,0.0,0.0,0.002175,0.0,0.0,0.0,0.0,0.0,0.0,0.0,0.298722,0.434564,0.0,0.66966,0.161939,0.462943,0.0,0.068055
305,1.269605,0.0,0.019992,1.007709,0.019737,0.0,0.0,0.0,0.0,0.112327,0.0,0.129106,0.202097,0.0,0.0,0.0,0.426662,0.444697,0.936029,0.491665,0.0,0.874318,0.0,0.0,0.73945,0.804276,0.697516,0.0,0.0,0.0,0.0,0.0,0.0,0.0,0.0,0.004588,0.0,0.0,0.0,0.0,0.279619,0.347259,0.072465,0.541985,0.373433,0.521755,0.0,0.198709
306,1.102561,0.0,0.0,1.276076,0.330456,0.0,0.0,0.0,0.0,0.0,0.0,0.0,0.572911,0.0,0.0,0.0,0.881277,0.245679,1.097212,0.28961,0.0,0.863155,0.0,0.0,0.907264,0.992941,0.618822,0.0,0.0,0.0,0.0,0.0,0.0,0.0,0.0,0.226038,0.0,0.0,0.0,0.0,0.184012,0.401771,0.0,0.302101,0.507042,0.697338,0.0,0.0
307,1.320044,0.0,0.0,1.35375,0.37646,0.0,0.022103,0.0,0.0,0.0,0.0,0.0,0.932095,0.0,0.0,0.0,0.957697,0.038428,1.153049,0.206362,0.0,0.765495,0.168162,0.0,1.199796,1.223203,0.600481,0.0,0.0,0.0,0.0,0.0,0.0,0.0,0.0,0.137981,0.0,0.0,0.0,0.0,0.123337,0.547722,0.0,0.0,0.527251,1.028947,0.0,0.0
308,1.292165,0.0,0.0,1.144077,0.469485,0.0,0.0,0.0,0.0,0.0,0.0,0.0,0.732022,0.0,0.0,0.0,0.59612,0.041383,0.999887,0.519445,0.0,0.607436,0.0,0.0,0.949256,0.954104,0.601169,0.0,0.0,0.0,0.0,0.0,0.0,0.0,0.0,0.099902,0.0,0.0,0.0,0.0,0.049321,0.557506,0.0,0.141065,0.458308,0.84196,0.0,0.0
309,1.217752,0.0,0.0,0.864519,0.800575,0.0,0.0,0.0,0.0,0.0,0.0,0.236297,0.28714,0.0,0.0,0.0,0.041276,0.180406,0.675321,0.622892,0.0,0.393548,0.0,0.0,0.991311,0.731166,0.646075,0.0,0.125771,0.0,0.0,0.0,0.202655,0.0,0.0,0.09689,0.0,0.0,0.0,0.529612,0.0,0.440896,0.0,0.192476,0.449569,0.521687,0.0,0.0
310,1.006825,0.0,0.0,0.439308,0.484842,0.0,0.0,0.006631,0.0,0.0,0.0,0.401117,0.2679,0.175103,0.0,0.0,0.0,0.249905,0.634928,0.746693,0.0,0.217317,0.0,0.0,0.966488,0.773089,0.959019,0.0,0.2887,0.0,0.0,0.257164,0.406747,0.0,0.0,0.236582,0.078968,0.0,0.0,0.930592,0.0,0.524925,0.112255,0.153983,0.345663,0.335315,0.0,0.499555
311,1.010095,0.0,0.012315,0.557426,0.473071,0.129089,0.0,0.0,0.0,0.0,0.0,0.170101,0.480204,0.0,0.0,0.0,0.0,0.087277,0.430955,0.690721,0.074503,0.215165,0.0,0.0,0.664618,0.478189,0.723347,0.0,0.058194,0.0,0.0,0.0,0.058631,0.0,0.0,0.18048,0.0,0.0,0.0,0.440738,0.0,0.597169,0.0,0.151854,0.164582,0.58543,0.124119,0.038257
312,0.832465,0.0,0.131688,0.473337,0.298503,0.090461,0.0,0.0,0.0,0.0,0.0,0.012434,0.502016,0.032324,0.0,0.0,0.262786,0.047967,0.386943,0.482022,0.059749,0.219836,0.0,0.0,0.639624,0.441278,0.692884,0.0,0.073874,0.128076,0.0,0.0,0.11046,0.0,0.0,0.228083,0.0,0.0,0.0,0.261954,0.136898,0.477467,0.0,0.108475,0.161638,0.630281,0.298603,0.0
313,0.379988,0.0,0.186115,0.834094,0.475409,0.0,0.253148,0.0,0.0,0.090617,0.0,0.0,0.157271,0.0,0.0,0.0,0.713835,0.074905,0.295182,0.182989,0.076906,0.127095,0.045242,0.0,0.460081,0.384471,0.214878,0.0,0.004438,0.049501,0.0,0.0,0.0,0.0,0.0,0.373449,0.0,0.0,0.0,0.032463,0.523078,0.205641,0.005801,0.286646,0.179215,0.48881,0.219838,0.0
314,0.218488,0.0,0.315083,0.568572,0.160535,0.0,0.250685,0.0,0.0,0.473592,0.0,0.052672,0.0,0.103006,0.0,0.0,0.477906,0.215136,0.144285,0.332913,0.256025,0.125748,0.0,0.0,0.222226,0.064744,0.300598,0.0,0.0,0.202551,0.0,0.0,0.0,0.0,0.0,0.443732,0.0,0.0,0.0,0.240274,0.742198,0.127834,0.19688,0.605201,0.168485,0.438649,0.225648,0.0
315,0.239413,0.0,0.515584,0.513867,0.137269,0.0,0.358532,0.0,0.0,0.525057,0.0,0.047864,0.0,0.0,0.0,0.0,0.558892,0.111956,0.153742,0.141309,0.285577,0.137684,0.0,0.0,0.231444,0.109916,0.134855,0.0,0.0,0.099555,0.0,0.0,0.0,0.0,0.0,0.38071,0.0,0.0,0.0,0.363493,0.963634,0.007178,0.04794,0.538461,0.10774,0.403682,0.304342,0.0
316,0.326579,0.0,0.412005,0.24125,0.231181,0.0,0.368606,0.0,0.0,0.666624,0.0,0.0,0.131197,0.016372,0.0,0.0,0.250803,0.190126,0.218339,0.3171,0.324774,0.039644,0.0,0.0,0.239081,0.053185,0.312631,0.0,0.0,0.242997,0.0,0.0,0.0,0.0,0.051992,0.447874,0.0,0.0,0.0,0.507313,0.901722,0.175383,0.091932,0.617181,0.101446,0.415722,0.347161,0.0
317,0.220616,0.0,0.387937,0.066787,0.2379,0.0,0.43529,0.0,0.0,0.599655,0.0,0.007008,0.211079,0.126968,0.0,0.066768,0.203549,0.07534,0.138735,0.251691,0.438038,0.0,0.0,0.0,0.175222,0.0,0.286065,0.0,0.0,0.220397,0.0,0.0,0.0,0.0,0.178611,0.323119,0.0,0.0,0.0,0.58319,0.845289,0.23053,0.17119,0.657015,0.0,0.466299,0.531651,0.0
318,0.30334,0.0,0.48642,0.303233,0.300752,0.0,0.58764,0.0,0.0,0.475775,0.0,0.0,0.237016,0.006701,0.0,0.042901,0.496278,0.0,0.1962,0.120609,0.351508,0.097453,0.0,0.0,0.268831,0.096594,0.16749,0.0,0.0,0.245703,0.0,0.0,0.0,0.038372,0.079815,0.202847,0.0,0.0,0.0,0.470924,0.781176,0.256066,0.228401,0.511137,0.0,0.473551,0.600545,0.0
319,0.347116,0.0,0.371146,0.402539,0.275316,0.0,0.699786,0.0,0.0,0.514563,0.0,0.067308,0.240297,0.116563,0.0,0.0,0.273287,0.0,0.216234,0.181602,0.355552,0.0,0.0,0.0,0.193365,0.0,0.313273,0.0,0.036287,0.172996,0.0,0.0,0.0,0.168266,0.141304,0.00558,0.0,0.0,0.0,0.61787,0.406838,0.38738,0.532829,0.567023,0.0,0.360497,0.32213,0.0
320,0.45885,0.0,0.497354,0.510986,0.271279,0.0,0.906784,0.0,0.0,0.613893,0.10941,0.0,0.454651,0.0,0.0,0.0,0.49139,0.0,0.32014,0.140385,0.346343,0.024536,0.0,0.0,0.186602,0.164822,0.279924,0.0,0.0,0.477533,0.0,0.0,0.0,0.39855,0.073669,0.002265,0.0,0.0,0.0,0.569175,0.38938,0.488051,0.560976,0.509453,0.0,0.2667,0.537514,0.0
321,0.383949,0.0,0.445352,0.562265,0.289825,0.0,1.042867,0.0,0.0,0.712606,0.0,0.0,0.260098,0.0,0.0,0.0,0.538957,0.0,0.414354,0.042561,0.595426,0.096191,0.0,0.0,0.0,0.331634,0.235014,0.0,0.0,0.319367,0.0,0.0,0.0,0.607588,0.0,0.0,0.0,0.011982,0.0,0.657313,0.386725,0.303718,0.561864,0.679977,0.0,0.070197,0.588786,0.0
322,0.645112,0.0,0.570606,0.560302,0.008405,0.0,1.388786,0.0,0.0,0.89432,0.140271,0.0,0.378384,0.0,0.0,0.0,0.245826,0.0,0.28938,0.020012,0.520145,0.0,0.0,0.0,0.00656,0.14863,0.444664,0.0,0.136046,0.376337,0.0,0.0,0.027135,0.688103,0.0,0.0,0.0,0.0,0.0,0.63774,0.17746,0.528857,1.000004,0.593812,0.0,0.0,0.41456,0.0
323,0.43852,0.0,0.428604,0.501767,0.0,0.0,1.390222,0.0,0.0,1.112692,0.03161,0.0,0.393874,0.0,0.0,0.0,0.239123,0.0,0.216987,0.0,0.752543,0.0,0.0,0.0,0.0,0.31584,0.428262,0.0,0.13184,0.395411,0.0,0.0,0.0,0.684216,0.0,0.0,0.0,0.0,0.0,0.702705,0.203224,0.358923,1.154529,0.774287,0.0,0.0,0.597431,0.0
324,0.231445,0.0,0.591043,0.321364,0.0,0.0,1.449215,0.0,0.0,1.216726,0.0,0.0,0.638667,0.178552,0.0,0.0,0.312136,0.0,0.120551,0.0,0.685065,0.0,0.0,0.0,0.0,0.358488,0.461668,0.0,0.065031,0.731472,0.0,0.0,0.0,0.780023,0.0,0.0,0.0,0.0,0.0,0.752976,0.368998,0.381725,1.320535,0.736425,0.0,0.0,0.558479,0.0
325,0.320028,0.0,0.620666,0.253693,0.011168,0.0,1.509736,0.0,0.0,1.563429,0.077806,0.0,0.197273,0.0,0.0,0.0,0.404438,0.0,0.157635,0.111236,0.934044,0.0,0.0,0.0,0.0,0.153819,0.375817,0.0,0.0,0.616425,0.0,0.0,0.0,0.589799,0.0,0.0,0.0,0.0,0.0,0.888012,0.767813,0.0,1.13333,1.192053,0.0,0.0,0.490124,0.0
326,0.034732,0.0,0.724025,0.176187,0.0,0.0,1.444164,0.0,0.0,1.480833,0.0,0.0,0.390268,0.137391,0.0,0.0,0.279398,0.0,0.0,0.059463,0.824108,0.0,0.0,0.0,0.0,0.057507,0.440599,0.0,0.0,0.819495,0.0,0.0,0.0,0.489346,0.173995,0.039572,0.0,0.0,0.0,0.735638,0.86807,0.03423,1.34616,1.188101,0.0,0.0,0.368,0.0
327,0.029183,0.0,0.730373,0.094663,0.0,0.0,1.489474,0.0,0.0,1.456385,0.0,0.0,0.376818,0.184058,0.0,0.0,0.115243,0.041974,0.0,0.052101,0.852515,0.0,0.0,0.0,0.0,0.0,0.57126,0.0,0.0,0.883172,0.0,0.0,0.0,0.257211,0.297105,0.10044,0.0,0.0,0.0,0.627287,0.993228,0.045066,1.416115,1.178032,0.0,0.0,0.276308,0.0
328,0.116686,0.0,0.598325,0.040087,0.0,0.0,1.015593,0.0,0.0,1.223763,0.0,0.0,0.438378,0.171643,0.0,0.0,0.240513,0.00283,0.0,0.119659,0.748197,0.0,0.0,0.0,0.0,0.023943,0.253989,0.0,0.0,0.750415,0.0,0.0,0.0,0.0,0.224289,0.044165,0.0,0.0,0.0,0.596262,0.929453,0.073816,0.917607,1.042867,0.0,0.0,0.278476,0.0
329,0.0,0.0,0.441413,0.194623,0.0,0.0,0.714057,0.0,0.0,1.220992,0.0,0.0,0.207152,0.065814,0.0,0.0,0.238429,0.193317,0.0,0.149308,0.618896,0.0,0.0,0.0,0.0,0.035808,0.202781,0.0,0.0,0.754228,0.0,0.0,0.0,0.0,0.17905,0.170135,0.0,0.0,0.0,0.386731,1.115775,0.0,0.761894,1.006861,0.0,0.0,0.35374,0.0
330,0.102662,0.0,0.326048,0.220512,0.00608,0.0,0.609522,0.0,0.0,1.019605,0.0,0.0,0.146447,0.240597,0.0,0.0,0.201947,0.404718,0.0,0.268027,0.478285,0.0,0.0,0.0,0.0,0.0,0.216675,0.0,0.0,0.724349,0.0,0.0,0.0,0.0,0.27068,0.313344,0.0,0.0,0.0,0.06672,0.966792,0.0,0.75841,0.867585,0.021974,0.079911,0.246577,0.0
331,0.084316,0.0,0.0,0.0,0.220464,0.0,0.47139,0.0,0.0,0.611735,0.0,0.046614,0.188352,0.515666,0.0,0.0,0.0,0.252907,0.0,0.247029,0.492484,0.0,0.0,0.0,0.0,0.0,0.42263,0.0,0.0,0.485241,0.0,0.0,0.0,0.0,0.181809,0.504725,0.075944,0.0,0.0,0.348526,0.655371,0.012764,0.695434,0.877396,0.16631,0.177116,0.0,0.096738
332,0.127043,0.0,0.0,0.23175,0.0,0.0,0.247731,0.0,0.0,0.846876,0.0,0.012916,0.265555,0.347928,0.0,0.0,0.161707,0.437344,0.0,0.182082,0.241138,0.0,0.0,0.0,0.0,0.0,0.211056,0.0,0.0,0.413432,0.0,0.0,0.000312,0.0,0.072219,0.486355,0.0,0.0,0.0,0.0,0.90593,0.0,0.581106,0.735494,0.293805,0.11792,0.01579,0.0
333,0.155919,0.0,0.025024,0.424796,0.0,0.0,0.077838,0.14705,0.0,1.172308,0.0,0.002562,0.38599,0.270817,0.0,0.0,0.340143,0.677998,0.0,0.063235,0.104156,0.033513,0.0,0.127265,7.4e-05,0.0,0.099158,0.0,0.0,0.351164,0.0,0.0,0.0,0.0,0.0,0.565972,0.0,0.0,0.0,0.0,1.067405,0.0,0.723349,0.690081,0.347845,0.005207,0.084368,0.0
334,0.113629,0.0,0.0,0.507944,0.0,0.0,0.0,0.027021,0.0,1.188965,0.0,0.044587,0.317518,0.397303,0.0,0.0,0.334008,0.59622,0.027316,0.112454,0.078382,0.0,0.0,0.0,0.0,0.0,0.0506,0.0,0.0,0.126797,0.0,0.0,0.0,0.0,0.0,0.710297,0.0,0.0,0.0,0.0,1.095076,0.0,0.457157,1.029421,0.434868,0.07419,0.0,0.0
335,0.24005,0.064821,0.0,0.404554,0.02658,0.0,0.030984,0.041675,0.0,0.947737,0.0,0.087947,0.299216,0.328605,0.0,0.0,0.105226,0.586083,0.0,0.37048,0.169031,0.0,0.0,0.0,0.033993,0.0,0.211337,0.0,0.0,0.153271,0.0,0.0,0.0,0.0,0.0,0.840727,0.0,0.0,0.0,0.0,1.164344,0.0,0.424413,0.922837,0.479205,0.170693,0.0,0.217804
336,0.308017,0.059408,0.0,0.326067,0.0,0.0,0.018301,0.0,0.0,0.977859,0.0,0.02524,0.241835,0.301307,0.0,0.0,0.278059,0.654584,0.024392,0.460902,0.332328,0.0,0.0,0.0,0.024878,0.0,0.211285,0.0,0.0,0.0,0.0,0.0,0.0,0.0,0.0,0.856193,0.0,0.0,0.0,0.0,1.133032,0.0,0.304272,0.979227,0.709977,0.20199,0.0,0.219839
337,0.424797,0.0,0.023738,0.406722,0.0,0.0,0.0,0.032661,0.0,1.070941,0.0,0.018497,0.0,0.396394,0.086402,0.0,0.432766,0.905166,0.0,0.328667,0.041346,0.136672,0.0,0.0,0.186189,0.0,0.0,0.0,0.0,0.0,0.0,0.0,0.0,0.0,0.0,0.896412,0.0,0.0,0.0,0.0,1.121746,0.0,0.370266,0.874747,0.832787,0.160371,0.0,0.0
338,0.356108,0.0,0.298196,0.533429,0.0,0.0,0.0,0.0,0.0,1.077916,0.0,0.0,0.0,0.335178,0.144025,0.0,0.612019,0.845797,0.0,0.418836,0.030799,0.216597,0.0,0.0,0.165532,0.0,0.025203,0.0,0.0,0.0,0.0,0.0,0.0,0.0,0.0,0.839639,0.0,0.0,0.0,0.0,1.208667,0.0,0.325731,0.910485,0.804219,0.24405,0.0,0.0
339,0.377128,0.00394,0.157386,0.315745,0.047869,0.0,0.0,0.049395,0.0,0.739141,0.0,0.006489,0.0,0.36675,0.033598,0.0,0.605645,0.6594,0.0,0.320924,0.069755,0.301258,0.0,0.0,0.344484,0.0,0.221029,0.0,0.0,0.0,0.0,0.0,0.0,0.0,0.0,0.710443,0.0,0.0,0.0,0.0,1.007098,0.0,0.085888,0.962238,0.639059,0.305978,0.0,0.0
340,0.420245,0.0,0.165293,0.207734,0.0,0.0,0.0,0.0,0.0,0.794294,0.0,0.0,0.0,0.290486,0.001641,0.0,0.443111,0.634496,0.087283,0.40855,0.042695,0.20764,0.0,0.0,0.205815,0.015036,0.188529,0.0,0.0,0.0,0.0,0.0,0.0,0.0,0.0,0.548014,0.0,0.0,0.0,0.0,0.938861,0.0,0.168336,0.741166,0.513453,0.214928,0.0,0.0
341,0.671647,0.078371,0.059795,0.024834,0.0,0.0,0.0,0.0,0.0,0.825017,0.0,0.113402,0.069366,0.103231,0.0,0.0,0.085907,0.467727,0.17403,0.443265,0.270911,0.199192,0.0,0.0,0.196818,0.15768,0.343292,0.0,0.0,0.057187,0.0,0.0,0.007822,0.0,0.0,0.161981,0.0,0.0,0.0,0.0,1.013823,0.0,0.003096,0.731931,0.121862,0.370769,0.0,0.123816
342,0.41393,0.0,0.0,0.228956,0.02546,0.0,0.095327,0.0,0.0,0.795609,0.0,0.208529,0.086163,0.0,0.0,0.158107,0.303133,0.444326,0.288338,0.017504,0.274759,0.070084,0.0,0.0,0.15286,0.156232,0.082803,0.0,0.0,0.0,0.0,0.0,0.0,0.0,0.129385,0.0,0.0,0.0,0.0,0.0,0.832658,0.0,0.102197,0.732499,0.0,0.320374,0.043006,0.0
343,0.313342,0.0,0.0,0.215409,0.0,0.0,0.532843,0.0,0.01674,0.893122,0.0,0.211454,0.540218,0.0,0.0,0.116043,0.077891,0.479338,0.443596,0.151598,0.445677,0.0,0.0,0.0,0.158206,0.161019,0.243166,0.0,0.066298,0.007082,0.0,0.0,0.0,0.0,0.32036,0.0,0.0,0.0,0.0,0.167265,0.950688,0.0,0.640938,0.621443,0.0,0.196332,0.0,0.0
344,0.371556,0.0,0.0,0.044933,0.0,0.0,0.584862,0.011245,0.0,0.91848,0.0,0.323627,0.602246,0.0,0.0,0.127072,0.109645,0.266528,0.565282,0.01952,0.442308,0.0,0.0,0.0,0.369654,0.172376,0.320523,0.0,0.0,0.120955,0.0,0.0,0.0,0.0,0.216399,0.0,0.0,0.0,0.0,0.279727,1.210795,0.0,0.44029,0.585116,0.0,0.390735,0.021552,0.085694
345,0.440745,0.0,0.0,0.006346,0.0,0.0,0.674079,0.12145,0.0,0.921237,0.0,0.171138,0.753071,0.0,0.0,0.394236,0.005863,0.283,0.840592,0.0,0.51232,0.071246,0.0,0.0,0.31878,0.136215,0.148163,0.0,0.0,0.065121,0.0,0.0,0.0,0.0,0.162472,0.0,0.0,0.0,0.0,0.266594,1.271587,0.0,0.201007,0.509712,0.0,0.565974,0.352538,0.0
346,0.545104,0.0,0.0,0.0,0.149692,0.0,0.770827,0.08432,0.0,0.736857,0.0,0.0,0.824292,0.0,0.0,0.432259,0.215811,0.267503,1.001976,0.0,0.482394,0.126425,0.0,0.0,0.537613,0.168571,0.218061,0.0,0.0,0.085418,0.0,0.0,0.0,0.0,0.260671,0.0,0.0,0.0478,0.0,0.18794,1.323615,0.0,0.297632,0.308396,0.0,0.846368,0.440051,0.0
347,0.599441,0.0,0.0,0.0,0.140693,0.0,0.659932,0.202939,0.0,0.418986,0.05534,0.0,1.16409,0.0,0.0,0.375929,0.245239,0.196083,1.097424,0.0,0.41783,0.0,0.0,0.0,0.733795,0.239054,0.210409,0.0,0.0,0.029239,0.0,0.0,0.079293,0.0,0.43496,0.0,0.0,0.299776,0.0,0.301023,1.169379,0.0,0.274834,0.161393,0.0,1.210299,0.51012,0.0
348,0.653015,0.0,0.0,0.0,0.0,0.0,0.678258,0.017384,0.0,0.698222,0.321423,0.127811,1.21075,0.0,0.0,0.43451,0.0,0.165384,1.117719,0.0,0.789096,0.0,0.0,0.0,0.667981,0.26159,0.320856,0.0,0.0,0.0,0.0,0.0,0.066031,0.0,0.197515,0.0,0.0,0.0,0.0,0.521174,1.188447,0.0,0.202881,0.381278,0.0,1.108509,0.335099,0.0
349,0.531085,0.0,0.0,0.0,0.003878,0.0,0.631585,0.006669,0.0,0.582783,0.204952,0.269744,1.330619,0.0,0.0,0.394731,0.0,0.119567,0.971634,0.0,0.760809,0.0,0.0,0.0,0.659885,0.310567,0.431567,0.0,0.0,0.115097,0.0,0.0,0.214232,0.0,0.260237,0.0,0.0,0.0,0.0,0.532584,1.073606,0.0,0.23466,0.431999,0.0,0.989892,0.208913,0.0
350,0.069961,0.0,0.0,0.0,0.159927,0.0,0.328609,0.058877,0.0,0.548561,0.0,0.619295,0.956525,0.0,0.0,0.378347,0.0,0.383218,0.60992,0.0,0.527823,0.0,0.0,0.0,0.506796,0.084231,0.375934,0.0,0.0,0.34549,0.0,0.0,0.0,0.0,0.31179,0.0,0.0,0.0,0.0,0.603071,1.077684,0.0,0.645853,0.288111,0.0,0.474274,0.269829,0.0
351,0.0,0.0,0.0,0.0,0.367266,0.0,0.163863,0.073896,0.0,0.625039,0.0,0.629881,0.713776,0.011405,0.0,0.496737,0.0,0.498201,0.44924,0.0,0.521083,0.0,0.0,0.0,0.46683,0.115418,0.420976,0.0,0.0,0.359658,0.0,0.0,0.0,0.0,0.384095,0.084125,0.0,0.0,0.0,0.548984,1.075115,0.0,0.591595,0.377549,0.0,0.325676,0.455281,0.0
352,0.0,0.0,0.0,0.0,0.630242,0.0,0.17179,0.0,0.0,0.345341,0.0,0.919169,1.075082,0.295737,0.0,0.363699,0.0,0.275865,0.377256,0.052922,0.689723,0.0,0.0,0.0,0.59574,0.284209,0.802618,0.0,0.116874,0.305399,0.0,0.0,0.096451,0.0,0.604077,0.091201,0.119727,0.0,0.0,0.748436,0.774316,0.0,0.65419,0.469977,0.0,0.42663,0.081773,0.115348
353,0.37126,0.0,0.0,0.0,0.70239,0.0,0.0,0.0,0.0,0.187322,0.067398,0.830519,1.04149,0.414699,0.0,0.258324,0.0,0.367333,0.347925,0.613392,0.601585,0.0,0.0,0.0,0.742124,0.133462,0.996942,0.0,0.210241,0.303656,0.0,0.0,0.567368,0.0,0.473019,0.074729,0.337088,0.0,0.0,0.824639,0.454075,0.211477,0.391878,0.396716,0.0,0.546193,0.0,0.058084
354,0.870047,0.0,0.0,0.0,0.557155,0.110679,0.0,0.0,0.0,0.0,0.344928,1.063929,0.99657,0.16788,0.0,0.310541,0.0,0.084528,0.566143,0.553474,0.814714,0.0,0.0,0.0,0.949821,0.312879,1.119039,0.0,0.155587,0.066472,0.0,0.0,0.582631,0.0,0.384272,0.0,0.368836,0.0,0.0,0.86557,0.458612,0.277008,0.112066,0.207886,0.0,0.903152,0.0,0.189586
355,1.194227,0.0,0.0,0.0,0.78364,0.444129,0.0,0.0,0.0,0.0,0.404395,0.880367,1.2434,0.082895,0.0,0.231192,0.0,0.0,0.605972,0.450755,0.67506,0.0,0.0,0.0,1.105542,0.568628,1.039843,0.0,0.23632,0.0,0.0,0.0,0.640737,0.0,0.249102,0.0,0.05602,0.0,0.0,0.70445,0.288334,0.565395,0.0,0.0,0.0,1.246375,0.101508,0.0
356,1.093133,0.0,0.0,0.120704,0.825706,0.408221,0.0,0.0,0.0,0.0,0.39479,0.778381,1.26579,0.194516,0.0,0.331399,0.0,0.0,0.676162,0.509758,0.428851,0.0,0.0,0.0,1.035729,0.588864,0.991799,0.0,0.308061,0.0,0.0,0.0,0.560071,0.0,0.241437,0.0,0.062091,0.0,0.0,0.712398,0.010437,0.780284,0.0,0.0,0.0,1.242642,0.229051,0.0
357,0.639464,0.0,0.0,0.215992,1.071784,0.163926,0.0,0.0,0.0,0.0,0.188497,0.644258,0.967189,0.261805,0.0,0.385677,0.025596,0.0,0.639173,0.261683,0.087731,0.075976,0.0,0.0,0.933488,0.680683,0.59846,0.0,0.205847,0.0,0.0,0.0,0.318387,0.0,0.0,0.070434,0.0,0.0,0.0,1.006434,0.124977,0.650324,0.0,0.0,0.0,0.903482,0.419435,0.0
358,0.679474,0.0,0.0,0.30324,0.988693,0.122977,0.16703,0.0,0.0,0.0,0.0,0.447075,1.016457,0.162111,0.0,0.575958,0.370503,0.0,0.613213,0.0,0.0,0.25034,0.0,0.0,0.747651,0.708492,0.306504,0.0,0.218514,0.0,0.0,0.0,0.004814,0.0,0.0,0.116205,0.0,0.0,0.0,0.795548,0.237605,0.722076,0.0,0.0,0.0,1.073684,0.623638,0.0
359,0.511001,0.0,0.0,0.632399,0.982881,0.0,0.377083,0.0,0.0,0.0,0.0,0.234622,0.871415,0.089876,0.0,0.337942,0.632286,0.0,0.615103,0.0,0.0,0.30029,0.0,0.0,0.616232,0.801933,0.049827,0.0,0.070204,0.0,0.0,0.0,0.0,0.0,0.0,0.248694,0.0,0.0,0.0,0.541324,0.311102,0.592951,0.0,0.0,0.090903,1.040471,0.494074,0.0
360,0.418895,0.0,0.0,0.526556,0.62556,0.0,0.484903,0.0,0.0,0.0,0.0,0.0,0.983972,0.067677,0.0,0.191803,0.7287,0.0,0.606826,0.055087,0.004913,0.477413,0.0,0.0,0.442205,0.852853,0.146625,0.0,0.0,0.0,0.0,0.0,0.0,0.059479,0.0,0.476469,0.0,0.0,0.0,0.422041,0.489859,0.608618,0.050517,0.060689,0.270454,1.11353,0.639023,0.0
361,0.278442,0.0,0.240752,0.923911,0.505157,0.0,0.665417,0.0,0.0,0.01712,0.0,0.0,0.658967,0.031777,0.0,0.0,0.992565,0.0,0.704288,0.181817,0.145818,0.46551,0.0,0.0,0.165612,0.980385,0.097113,0.0,0.0,0.052906,0.0,0.0,0.0,0.0,0.0,0.625764,0.0,0.0,0.0,0.0,0.655163,0.325721,0.180977,0.248357,0.54625,0.843319,0.412255,0.0
362,0.237217,0.0,0.482408,0.995443,0.207901,0.0,0.628087,0.0,0.0,0.621131,0.0,0.0,0.23422,0.0,0.0,0.0,0.900696,0.105217,0.628169,0.158732,0.12233,0.378324,0.0,0.0,0.061154,0.497658,0.091576,0.0,0.0,0.0,0.0,0.0,0.0,0.0,0.0,0.589304,0.0,0.0,0.0,0.0,0.664,0.21818,0.581142,0.801132,0.648075,0.464843,0.17027,0.0
363,0.32301,0.0,0.677208,0.853234,0.0,0.0,0.760893,0.0,0.0,1.251248,0.0,0.0,0.079627,0.0,0.0,0.0,0.855217,0.187511,0.481203,0.109646,0.276686,0.350691,0.0,0.0,0.032047,0.276974,0.231069,0.0,0.0,0.011942,0.0,0.0,0.0,0.0,0.0,0.514952,0.0,0.0,0.0,0.0,0.904749,0.121321,0.877389,0.998356,0.491191,0.278982,0.15243,0.0
364,0.285127,0.0,0.572482,0.339936,0.0,0.0,0.966523,0.0,0.0,1.471509,0.0,0.0,0.039467,0.263627,0.0,0.0,0.276532,0.424308,0.011119,0.442208,0.515309,0.0,0.0,0.0,0.0,0.018124,0.494835,0.0,0.041932,0.356984,0.0,0.0,0.0,0.0,0.054063,0.354935,0.0,0.0,0.0,0.0,1.009384,0.019276,1.180449,1.171504,0.171575,0.025754,0.000247,0.0
365,0.355267,0.0,0.530694,0.290056,0.0,0.0,0.648869,0.0,0.0,1.726002,0.0,0.0,0.0,0.177403,0.0,0.0,0.351092,0.451498,0.0,0.365241,0.762542,0.023592,0.0,0.0,0.0,0.0,0.397408,0.0,0.0,0.243065,0.0,0.0,0.0,0.0,0.079195,0.261253,0.0,0.0,0.0,0.093904,1.17842,0.0,0.790479,1.325762,0.0,0.049025,0.094569,0.0
366,0.374165,0.0,0.475174,0.139083,0.0,0.0,0.612461,0.0,0.0,1.639225,0.0,0.0,0.0,0.232318,0.0,0.0,0.224002,0.60797,0.0,0.465086,0.781893,0.0,0.0,0.0,0.0,0.0,0.415814,0.0,0.0,0.407769,0.0,0.0,0.0,0.0,0.244291,0.307231,0.0,0.0,0.0,0.093688,1.24215,0.0,0.786866,1.186889,0.0,0.0,0.014973,0.0
367,0.376786,0.0,0.218514,0.143788,0.000522,0.0,0.212354,0.0,0.0,1.334359,0.0,0.013271,0.0,0.301724,0.0,0.0,0.335065,0.608783,0.0,0.396533,0.827342,0.0,0.0,0.0,0.0,0.0,0.325027,0.0,0.0,0.330946,0.0,0.0,0.0,0.0,0.270066,0.410006,0.0,0.0,0.0,0.165787,1.204274,0.0,0.384867,1.161446,0.0,0.0,0.076402,0.0
368,0.37517,0.0,0.0,0.0,0.295637,0.0,0.071032,0.052069,0.0,0.760428,0.0,0.41318,0.084445,0.235451,0.0,0.0,0.082089,0.41192,0.0,0.444788,0.794051,0.0,0.0,0.0,0.317434,0.0,0.741997,0.0,0.0,0.435517,0.0,0.0,0.186942,0.0,0.458487,0.366657,0.215242,0.0,0.0,0.365157,0.986338,0.0,0.246582,0.988472,0.0,0.199581,0.0,0.0
369,0.440108,0.0,0.0,0.0,0.341815,0.0,0.0,0.005756,0.0,0.44062,0.0,0.69427,0.543605,0.373992,0.0,0.079379,0.0,0.283801,0.145604,0.700608,1.002939,0.0,0.0,0.0,0.45294,0.220606,1.154518,0.0,0.12089,0.381451,0.0,0.133314,0.352909,0.0,0.540662,0.289008,0.592942,0.0,0.0,0.522773,0.67057,0.108447,0.195902,0.736932,0.0,0.441366,0.0,0.38565
370,0.285504,0.0,0.0,0.0,0.636413,0.0,0.0,0.013552,0.0,0.0,0.0,0.764214,0.639482,0.394843,0.0,0.2055,0.0,0.329408,0.234316,0.549937,0.662719,0.0,0.0,0.0,0.528267,0.186656,0.760805,0.0,0.139422,0.356413,0.0,0.0,0.420027,0.0,0.548376,0.196982,0.112605,0.0,0.0,0.526117,0.524334,0.058782,0.185603,0.32228,0.0,0.471366,0.0,0.0
371,0.388899,0.0,0.0,0.0,0.743495,0.012448,0.0,0.0,0.0,0.0,0.0,0.756745,1.032801,0.445892,0.0,0.079251,0.0,0.161425,0.416486,0.738824,0.62885,0.0,0.0,0.0,0.625892,0.346107,0.941143,0.0,0.123299,0.330492,0.0,0.0,0.73016,0.0,0.457561,0.135114,0.336642,0.0,0.0,0.797224,0.203122,0.298139,0.082857,0.094008,0.0,0.715412,0.0,0.111311
372,0.443412,0.0,0.0,0.0,0.908902,0.073999,0.0,0.221656,0.0,0.0,0.0,0.707286,1.079007,0.170116,0.0,0.233079,0.0,0.089943,0.4548,0.289242,0.371189,0.0,0.0,0.0,0.703279,0.417883,0.591977,0.0,0.136646,0.280047,0.0,0.0,0.571522,0.0,0.46896,0.0,0.0,0.0,0.0,0.678029,0.248096,0.158494,0.083706,0.0,0.0,0.829657,0.086024,0.0
373,0.412232,0.0,0.0,0.0,0.855817,0.0,0.0,0.107972,0.0,0.0,0.0,0.78038,1.354618,0.188786,0.0,0.161979,0.0,0.0,0.77401,0.270431,0.483673,0.0,0.0,0.0,0.75485,0.457239,0.693841,0.0,0.030532,0.13513,0.0,0.025874,0.501999,0.0,0.247091,0.032352,0.220237,0.0,0.0,1.005463,0.119222,0.324894,0.041027,0.0,0.0,0.894629,0.0,0.260554
374,0.333682,0.0,0.0,0.309486,0.622064,0.0,0.028271,0.0,0.0,0.0,0.0,0.386607,1.130347,0.0,0.0,0.384231,0.0,0.0,0.931579,0.072408,0.32542,0.0,0.0,0.0,0.539992,0.485582,0.035954,0.0,0.0,0.08876,0.0,0.0,0.089006,0.0,0.034581,0.0,0.0,0.0,0.0,0.508846,0.364747,0.251708,0.019147,0.0,0.0,0.818752,0.08928,0.036446
375,0.483532,0.0,0.0,0.349386,0.651111,0.0,0.325895,0.0,0.0,0.0,0.0,0.00992,1.160725,0.0,0.0,0.405632,0.445445,0.0,1.076731,0.017491,0.267023,0.24453,0.0,0.0,0.593755,0.610629,0.015712,0.0,0.0,0.172093,0.0,0.0,0.0,0.0,0.117569,0.0,0.0,0.112599,0.0,0.201333,0.510453,0.333443,0.0,0.0,0.0,1.120909,0.285511,0.0
376,0.650488,0.0,0.0,0.301179,0.769691,0.0,0.45608,0.045498,0.0,0.0,0.0,0.049451,1.045871,0.0,0.0,0.468276,0.577024,0.0,1.17888,0.0,0.145698,0.189534,0.0,0.0,0.734013,0.590172,0.0,0.0,0.0,0.0,0.0,0.0,0.0,0.0,0.217637,0.0,0.0,0.308656,0.0,0.149073,0.607792,0.118865,0.0,0.0,0.0,1.271123,0.276904,0.0
377,0.685388,0.0,0.0,0.035251,0.594908,0.0,0.454585,0.092119,0.0,0.0,0.223974,0.174033,1.030875,0.0,0.0,0.573611,0.482502,0.0,1.137357,0.0,0.126953,0.389849,0.0,0.0,0.673514,0.561375,0.162718,0.0,0.0,0.0,0.0,0.0,0.0,0.029164,0.234379,0.0,0.0,0.336568,0.0,0.562623,0.973194,0.131935,0.0,0.0,0.0,1.30191,0.462294,0.0
378,0.94479,0.0,0.0,0.0,0.372757,0.0,0.541611,0.205177,0.0,0.0,0.426526,0.455665,0.836846,0.0,0.0,0.471651,0.408584,0.0,1.191928,0.0,0.199581,0.474501,0.0,0.0,0.872833,0.575896,0.227545,0.0,0.0,0.0,0.0,0.0,0.0,0.0,0.144786,0.0,0.0,0.472437,0.0,0.531553,1.295294,0.138774,0.0,0.0,0.0,1.573018,0.459012,0.011608
379,0.605374,0.0,0.0,0.022883,0.445742,0.0,0.386057,0.095125,0.0,0.105002,0.447859,0.342894,0.581854,0.0,0.0,0.600561,0.565939,0.0,1.036438,0.0,0.17673,0.674376,0.0,0.0,0.761148,0.532448,0.316671,0.0,0.0,0.0,0.0,0.0,0.0,0.0,0.228429,0.0,0.0,0.380187,0.0,0.580806,1.571836,0.017099,0.0,0.142772,0.0,1.396926,0.743925,0.0
380,0.58114,0.0,0.0,0.03283,0.349096,0.0,0.396432,0.0,0.0,0.245742,0.32562,0.414549,0.395788,0.0,0.125516,0.474185,0.495587,0.035605,0.858441,0.0,0.085853,0.403811,0.0,0.0,0.840158,0.318658,0.365518,0.0,0.008445,0.0,0.0,0.0,0.0,0.0,0.210387,0.0,0.0,0.286417,0.0,0.473528,1.597028,0.107246,0.0,0.050496,0.0,1.335098,0.603188,0.0
381,0.579573,0.0,0.0,0.0,0.35414,0.0,0.305603,0.019105,0.0,0.344748,0.209787,0.251136,0.351364,0.0,0.015287,0.362965,0.597132,0.012267,0.657177,0.0,0.14881,0.551466,0.0,0.0,0.711919,0.405996,0.309777,0.0,0.0,0.0,0.0,0.0,0.0,0.0,0.263834,0.174935,0.0,0.361898,0.0,0.309881,1.580261,0.068284,0.0,0.272297,0.0,1.440729,0.878575,0.0
382,0.266841,0.0,0.167917,0.042235,0.276346,0.0,0.242392,0.0,0.0,0.483885,0.0,0.204283,0.166898,0.099967,0.069673,0.23997,0.508954,0.31003,0.32854,0.161224,0.137003,0.297354,0.0,0.0,0.512014,0.18311,0.349741,0.0,0.0,0.0,0.0,0.0,0.0,0.0,0.178845,0.346989,0.0,0.003376,0.0,0.208612,1.427979,0.091812,0.0,0.44843,0.088713,0.955469,0.591506,0.0
383,0.429856,0.0,0.214386,0.040046,0.168572,0.0,0.021299,0.0,0.0,0.570913,0.0,0.235849,0.0,0.229741,0.088011,0.072436,0.212428,0.367738,0.281795,0.359579,0.162301,0.121947,0.0,0.0,0.357425,0.020184,0.372901,0.0,0.0,0.0,0.0,0.038326,0.0,0.0,0.099223,0.328478,0.0,0.0,0.0,0.270108,1.106805,0.150483,0.0,0.591054,0.239268,0.71955,0.238142,0.089903
384,0.156482,0.0,0.088866,0.198655,0.043174,0.0,0.175774,0.0,0.0,0.681585,0.0,0.0555,0.0,0.383683,0.080587,0.0,0.533526,0.625925,0.067591,0.375354,0.140163,0.0,0.0,0.0,0.261686,0.005589,0.22715,0.0,0.0,0.0,0.0,0.0,0.0,0.0,0.017934,0.564884,0.0,0.0,0.0,0.028214,1.093491,0.022214,0.358938,0.550492,0.490365,0.497321,0.169314,0.0
385,0.176859,0.0,0.323181,0.390585,0.001493,0.0,0.024323,0.0,0.0,0.826541,0.0,0.088728,0.0,0.341399,0.004299,0.0,0.640826,0.723411,0.056214,0.417608,0.003458,0.138471,0.0,0.0,0.242005,0.025648,0.132337,0.0,0.0,0.0,0.0,0.0,0.0,0.0,0.0,0.644972,0.0,0.0,0.0,0.0,1.175709,0.0,0.293417,0.759844,0.707105,0.392399,0.054404,0.0
386,0.383673,0.0,0.333419,0.638198,0.108644,0.0,0.0,0.0,0.0,0.676452,0.0,0.107962,0.0,0.167461,0.163547,0.0,0.791131,0.596946,0.127786,0.209571,0.0,0.380143,0.0,0.0,0.330214,0.197485,0.0,0.0,0.0,0.0,0.0,0.0,0.0,0.0,0.0,0.575001,0.0,0.0,0.0,0.0,1.080659,0.0,0.0,0.799817,0.720452,0.550852,0.065576,0.0
387,0.310945,0.0,0.372422,0.790889,0.099782,0.0,0.0,0.0,0.0,0.589168,0.0,0.029031,0.000946,0.100879,0.117527,0.0,0.966817,0.642197,0.273272,0.308667,0.0,0.464099,0.0,0.0,0.44415,0.253323,0.117063,0.0,0.0,0.0,0.0,0.0,0.0,0.0,0.0,0.750259,0.0,0.0,0.0,0.0,0.966204,0.0,0.042689,0.722947,0.901613,0.553507,0.04497,0.0
388,0.59305,0.0,0.149032,0.731848,0.168769,0.0,0.0,0.0,0.0,0.115326,0.0,0.063328,0.0,0.00446,0.125131,0.0,0.651705,0.587462,0.438705,0.321441,0.0,0.453506,0.0,0.0,0.563713,0.270666,0.043839,0.0,0.0,0.0,0.0,0.0,0.0,0.0,0.0,0.510367,0.0,0.0,0.0,0.0,0.75886,0.004344,0.0,0.703615,0.797041,0.634922,0.0,0.0
389,0.782446,0.0,0.20463,0.800414,0.225807,0.0,0.0,0.0,0.0,0.0,0.0,0.018925,0.0,0.0,0.036483,0.0,0.694408,0.391085,0.571784,0.384468,0.0,0.713757,0.0,0.0,0.697046,0.414401,0.286463,0.0,0.0,0.0,0.0,0.0,0.0,0.0,0.0,0.481257,0.0,0.0,0.0,0.0,0.731992,0.134087,0.0,0.670974,0.805627,0.763748,0.0,0.0
390,0.816143,0.0,0.164672,0.876802,0.172883,0.0,0.0,0.0,0.0,0.0,0.0,0.0,0.265741,0.0,0.015147,0.0,0.8041,0.233056,0.759409,0.485508,0.0,0.745845,0.0,0.0,0.759264,0.683826,0.465781,0.0,0.0,0.0,0.0,0.0,0.0,0.0,0.0,0.553925,0.0,0.0,0.0,0.0,0.73062,0.209265,0.0,0.233516,0.692472,0.891159,0.061181,0.0
391,0.76775,0.0,0.00765,0.978171,0.311717,0.0,0.0,0.0,0.0,0.0,0.0,0.0,0.458009,0.0,0.0,0.0,0.889072,0.09047,0.694132,0.226822,0.0,0.614658,0.0,0.0,0.818536,0.743116,0.247362,0.0,0.0,0.0,0.0,0.0,0.0,0.0,0.0,0.302986,0.0,0.0,0.0,0.0,0.478371,0.259945,0.0,0.173286,0.603686,1.000639,0.083723,0.0
392,0.609972,0.0,0.0,0.878087,0.376679,0.0,0.0,0.0,0.0,0.0,0.0,0.0,0.423845,0.0,0.0,0.0,0.696068,0.126488,0.576409,0.253435,0.0,0.493744,0.0,0.0,0.598618,0.586121,0.149244,0.0,0.0,0.0,0.0,0.0,0.0,0.0,0.0,0.383353,0.0,0.0,0.0,0.0,0.332257,0.202445,0.0,0.152327,0.618974,0.663055,0.111603,0.0
393,0.695749,0.0,0.0,0.624363,0.318805,0.0,0.0,0.0,0.0,0.0,0.0,0.011452,0.388291,0.0,0.0,0.0,0.4372,0.068044,0.423974,0.280554,0.0,0.297104,0.0,0.0,0.424169,0.352186,0.100218,0.0,0.0,0.0,0.0,0.0,0.0,0.0,0.0,0.178297,0.0,0.0,0.0,0.094198,0.296526,0.207508,0.005273,0.344908,0.62246,0.575483,0.0,0.0
394,0.409723,0.0,0.059684,0.474863,0.355639,0.0,0.235702,0.0,0.0,0.195699,0.0,0.028447,0.592911,0.0,0.0,0.0,0.383432,0.041483,0.222423,0.002807,0.0,0.269684,0.0,0.0,0.142064,0.369044,0.021131,0.0,0.0,0.057412,0.0,0.0,0.0,0.0,0.0,0.193646,0.0,0.0,0.0,0.094904,0.440965,0.115782,0.263127,0.308399,0.40093,0.436397,0.051752,0.0
395,0.002794,0.0,0.059019,0.315099,0.18201,0.0,0.497074,0.0,0.0,0.502068,0.0,0.0,0.695593,0.207907,0.0,0.0,0.159987,0.3175,0.208856,0.0,0.0,0.175563,0.0,0.0,0.043522,0.432128,0.0,0.0,0.0,0.297154,0.0,0.0,0.0,0.0,0.0,0.291026,0.0,0.0,0.122468,0.0,0.470329,0.038414,0.664763,0.257972,0.339088,0.225062,0.211282,0.0
396,0.0,0.0,0.040626,0.203015,0.12642,0.0,0.573184,0.0,0.0,0.701469,0.0,0.0,0.686031,0.14365,0.0,0.090678,0.080951,0.150544,0.21771,0.0,0.090198,0.051808,0.0,0.0,0.0,0.456798,0.0,0.0,0.0,0.337731,0.0,0.0,0.0,0.0,0.0,0.256131,0.0,0.0,0.096031,0.075343,0.550253,0.0,0.760918,0.317425,0.063699,0.024736,0.310893,0.0
397,0.0,0.0,0.0,0.145723,0.189235,0.0,0.58422,0.0,0.0,0.829716,0.0,0.0,0.565365,0.079353,0.0,0.232851,0.14374,0.0,0.176358,0.0,0.222489,0.0,0.0,0.0,0.0,0.497034,0.03427,0.0,0.0,0.278114,0.0,0.0,0.0,0.000737,0.0,0.333382,0.0,0.0,0.0,0.266087,0.65293,0.0,0.695642,0.53443,0.0,0.0,0.387739,0.0
398,0.106155,0.0,0.331389,0.146563,0.055252,0.0,0.761978,0.0,0.0,0.804776,0.0,0.0,0.623882,0.015958,0.0,0.0,0.244376,0.070307,0.0,0.03227,0.17831,0.023294,0.0,0.0,0.0,0.237891,0.182981,0.0,0.0,0.436029,0.0,0.0,0.0,0.0,0.108053,0.098653,0.0,0.0,0.0,0.069622,0.633172,0.14091,0.927645,0.446682,0.132867,0.168317,0.327603,0.0
399,0.207726,0.0,0.467256,0.160142,0.049,0.0,0.686638,0.0,0.0,1.116651,0.0,0.0,0.311153,0.0,0.0,0.070876,0.313762,0.199275,0.0,0.109237,0.323194,0.019875,0.0,0.0,0.0,0.079415,0.304349,0.0,0.0,0.365197,0.0,0.0,0.0,0.0,0.047038,0.025166,0.0,0.0,0.0,0.168457,0.825383,0.0,0.69579,0.758253,0.142416,0.069408,0.255074,0.0
400,0.227723,0.0,0.389131,0.0,0.037165,0.0,0.634492,0.0,0.0,1.051598,0.0,0.0,0.233715,0.084932,0.0,0.0,0.182389,0.252335,0.0,0.169183,0.375488,0.0,0.0,0.0,0.0,0.0,0.340831,0.0,0.0,0.346313,0.0,0.0,0.0,0.0,0.184733,0.217537,0.0,0.0,0.0,0.25292,0.843511,0.089776,0.535189,0.893296,0.186122,0.091659,0.119006,0.0
401,0.09082,0.0,0.203756,0.0,0.0,0.0,0.622571,0.136592,0.0,1.111321,0.0,0.020208,0.0,0.352086,0.0,0.0,0.062261,0.611339,0.0,0.221983,0.416765,0.0,0.0,0.0,0.023126,0.0,0.06989,0.0,0.0,0.351251,0.0,0.0,0.0,0.0,0.23176,0.450093,0.0,0.0,0.0,0.116593,1.075703,0.0,0.5759,1.017048,0.316324,0.0,0.216549,0.0
402,0.02609,0.0,0.154446,0.0,0.0,0.0,0.683317,0.005766,0.0,1.423342,0.0,0.070582,0.0,0.341341,0.0,0.023309,0.266825,0.592689,0.0,0.080827,0.506162,0.0,0.0,0.0,0.0,0.060792,0.067537,0.0,0.0,0.274429,0.0,0.0,0.0,0.0,0.226089,0.528225,0.0,0.0,0.0,0.185048,1.290898,0.0,0.415083,1.208825,0.201787,0.0,0.324126,0.0
403,0.0,0.0,0.339482,0.0,0.0,0.0,0.996556,0.178488,0.0,1.762633,0.0,0.232681,0.007351,0.324452,0.0,0.0,0.396378,0.654838,0.0,0.075912,0.654878,0.0,0.0,0.0,0.0,0.0,0.236245,0.0,0.0,0.370404,0.0,0.0,0.0,0.0,0.33312,0.371027,0.0,0.0,0.0,0.174016,1.525292,0.0,0.566511,1.320869,0.0,0.0,0.120194,0.0
404,0.072927,0.0,0.514962,0.0,0.0,0.0,0.792324,0.032165,0.0,2.177085,0.0,0.290534,0.0,0.231165,0.0,0.0,0.683247,0.71212,0.0,0.0,0.754042,0.0,0.0,0.0,0.0,0.0,0.098325,0.0,0.0,0.138365,0.0,0.0,0.0,0.0,0.113736,0.377281,0.0,0.0,0.0,0.197718,1.687604,0.0,0.407839,1.495463,0.0,0.0,0.216363,0.0
405,0.179852,0.0,0.371648,0.0,0.0,0.0,0.755146,0.0,0.0,2.374787,0.0,0.210663,0.0,0.180803,0.0,0.0,0.637224,0.687228,0.0,0.0,1.033338,0.0,0.0,0.0,0.0,0.0,0.053423,0.0,0.0,0.0,0.0,0.0,0.0,0.0,0.057882,0.256165,0.0,0.0,0.0,0.243052,1.658315,0.0,0.191338,1.585473,0.0,0.0,0.293569,0.0
406,0.258876,0.0,0.474045,0.0,0.0,0.0,0.796502,0.0,0.0,2.267646,0.0,0.04406,0.0,0.424085,0.0,0.0,0.329904,0.868023,0.0,0.283897,1.128848,0.0,0.0,0.0,0.0,0.0,0.554041,0.0,0.186865,0.27193,0.0,0.079541,0.0,0.0,0.505883,0.225477,0.0,0.0,0.0,0.223765,1.495813,0.0,0.75145,1.484034,0.0,0.0,0.098927,0.0
407,0.488976,0.0,0.700659,0.0,0.0,0.0,0.917256,0.0,0.0,2.044407,0.0,0.087118,0.0,0.724067,0.0,0.01865,0.0,0.772833,0.0,0.75084,1.069867,0.0,0.0,0.0,0.0,0.0,1.219989,0.0,0.326781,0.822992,0.0,0.575027,0.204596,0.0,0.643339,0.059078,0.482512,0.0,0.0,0.123701,1.191525,0.0,1.10742,1.41957,0.0,0.0,0.0,0.0
408,0.358891,0.0,0.352836,0.0,0.0,0.0,0.740637,0.157036,0.0,1.791274,0.0,0.263362,0.0,1.039817,0.0,0.05375,0.0,0.931641,0.0,0.762664,0.938096,0.0,0.0,0.0,0.0,0.0,1.368989,0.0,0.67682,0.758557,0.0,0.72363,0.291774,0.0,0.695309,0.24109,0.404461,0.0,0.0,0.128917,0.9061,0.053784,1.32819,1.231916,0.0,0.0,0.0,0.0
409,0.704032,0.0,0.55922,0.0,0.0,0.0,0.311953,0.0,0.0,1.354983,0.0,0.697459,0.0,0.826165,0.0,0.115814,0.0,0.611916,0.0,0.709299,0.91471,0.0,0.0,0.0,0.0,0.0,1.353066,0.0,0.451503,0.344539,0.0,0.504247,0.292523,0.0,0.591557,0.0,0.522485,0.0,0.0,0.241084,0.611115,0.210075,0.746894,0.999054,0.0,0.0,0.0,0.100815
410,0.647161,0.0,0.0,0.0,0.0,0.0,0.0,0.0,0.0,0.951207,0.0,0.572417,0.017704,0.980297,0.0,0.352458,0.0,0.680002,0.0,0.479317,0.519379,0.0,0.0,0.0,0.14378,0.156482,0.995694,0.0,0.585813,0.0,0.0,0.272791,0.328171,0.0,0.365643,0.20865,0.0,0.0,0.0,0.329349,0.503409,0.17277,0.543915,0.71124,0.029821,0.0,0.0,0.0
411,0.675381,0.0,0.030129,0.0,0.312424,0.0,0.0,0.0,0.0,0.361042,0.0,0.545707,0.0,0.567519,0.0,0.139069,0.090989,0.484133,0.0,0.266015,0.119489,0.171025,0.0,0.0,0.252643,0.279262,0.547182,0.0,0.267677,0.0,0.0,0.0,0.115152,0.0,0.065778,0.176199,0.0,0.0,0.0,0.151458,0.541913,0.101649,0.0,0.774416,0.242027,0.298139,0.047622,0.0
412,0.513101,0.0,0.089526,0.498502,0.459135,0.0,0.0,0.0,0.0,0.005783,0.0,0.321851,0.168861,0.148238,0.0,0.0,0.762241,0.352561,0.029726,0.238116,0.0,0.480273,0.0,0.0,0.472068,0.606411,0.332203,0.0,0.0,0.0,0.0,0.0,0.0,0.0,0.0,0.225933,0.0,0.0,0.0,0.0,0.656333,0.14763,0.0,0.514012,0.58256,0.563247,0.014441,0.0
413,0.760239,0.0,0.094845,0.710897,0.2283,0.0,0.0,0.0,0.0,0.0,0.0,0.392325,0.083306,0.085679,0.0,0.0,0.60356,0.455425,0.193784,0.382255,0.0,0.574404,0.0,0.0,0.608583,0.674836,0.371597,0.0,0.128059,0.0,0.0,0.0,0.0,0.0,0.0,0.340906,0.0,0.0,0.0,0.0,0.457948,0.323884,0.0,0.476986,0.860006,0.568774,0.0,0.0
414,0.661087,0.0,0.010679,0.888898,0.204426,0.0,0.0,0.0,0.0,0.0,0.0,0.181768,0.280093,0.146241,0.0,0.0,0.727644,0.631438,0.37076,0.415645,0.0,0.538699,0.0,0.0,0.711106,0.835027,0.380868,0.0,0.218994,0.0,0.0,0.0,0.034735,0.0,0.0,0.62456,0.0,0.0,0.0,0.0,0.359735,0.429761,0.0,0.439821,1.104384,0.469523,0.0,0.0
415,0.635624,0.0,0.143049,0.946243,0.0,0.0,0.0,0.0,0.0,0.21379,0.0,0.105379,0.573408,0.042594,0.0,0.0,0.811441,0.625971,0.475662,0.565236,0.0,0.709345,0.0,0.0,0.649957,1.113602,0.679735,0.0,0.159295,0.0,0.0,0.0,0.0,0.0,0.0,0.772914,0.0,0.0,0.0,0.0,0.391322,0.491688,0.223794,0.201726,1.057843,0.496561,0.132747,0.0
416,0.55281,0.0,0.168945,0.970922,0.0,0.0,0.14448,0.0,0.0,0.440453,0.0,0.0,0.763537,0.159262,0.0,0.0,0.650296,0.68836,0.510148,0.475177,0.0,0.635942,0.021478,0.0,0.588018,1.209016,0.795906,0.0,0.385963,0.0,0.0,0.0,0.099164,0.0,0.0,0.798208,0.0,0.0,0.0,0.0,0.321197,0.588056,0.593365,0.08482,0.985616,0.294507,0.195169,0.0
417,0.613988,0.0,0.331648,0.884637,0.009662,0.0,0.0,0.0,0.0,0.59585,0.0,0.018391,0.50129,0.0,0.0,0.0,0.469742,0.591489,0.371915,0.5324,0.0,0.840181,0.009078,0.0,0.347371,0.91665,0.863644,0.0,0.113272,0.0,0.0,0.0,0.0,0.0,0.0,0.592179,0.0,0.0,0.0,0.0,0.279159,0.552148,0.524422,0.370724,0.79648,0.321477,0.213863,0.059913
418,0.95208,0.0,0.27816,0.710498,0.0,0.113386,0.0,0.0,0.0,0.448475,0.0,0.064996,0.278328,0.0,0.0,0.0,0.13458,0.590468,0.221067,0.531019,0.0,0.724867,0.0,0.0,0.274253,0.731776,0.83844,0.0,0.131863,0.0,0.0,0.0,0.0,0.0,0.0,0.201532,0.0,0.0,0.0,0.0,0.090094,0.554092,0.310288,0.523747,0.502498,0.338174,0.150283,0.178075
419,0.782966,0.0,0.026452,0.37869,0.0,0.0,0.043304,0.0,0.0,0.763849,0.0,0.0,0.453482,0.001367,0.0,0.071424,0.0,0.605741,0.232517,0.675399,0.120185,0.43639,0.0,0.0,0.149441,0.568631,0.8913,0.0,0.177818,0.0,0.0,0.0,0.0,0.0,0.0,0.188799,0.0,0.0,0.0,0.0,0.26003,0.384866,0.754176,0.624957,0.358027,0.018208,0.0,0.433946
420,0.871992,0.0,0.084068,0.326581,0.0,0.0,0.026625,0.0,0.0,0.78563,0.0,0.0,0.480553,0.075394,0.0,0.0,0.0,0.558566,0.215177,0.641763,0.335832,0.22465,0.0,0.0,0.292078,0.537902,0.986749,0.0,0.158697,0.0,0.0,0.0,0.0,0.0,0.0,0.230755,0.0,0.0,0.0,0.0,0.297406,0.433618,0.705829,0.743025,0.331351,0.0,0.0,0.42988
421,0.992164,0.0,0.291401,0.294419,0.002174,0.042169,0.0,0.0,0.0,0.940277,0.0,0.0,0.19872,0.0,0.0,0.0,0.042695,0.52851,0.117752,0.557567,0.400193,0.328243,0.0,0.0,0.321412,0.315889,0.82091,0.0,0.0,0.0,0.0,0.0,0.0,0.0,0.0,0.032761,0.0,0.0,0.0,0.0,0.49271,0.354996,0.322868,0.930792,0.369144,0.21621,0.0,0.253147
422,0.639643,0.0,0.105266,0.299462,0.0,0.0,0.034551,0.0,0.0,1.197844,0.0,0.0,0.295995,0.158154,0.0,0.0,0.123244,0.662111,0.11622,0.450731,0.099621,0.28636,0.0,0.0,0.155283,0.196159,0.583451,0.0,0.0,0.0,0.0,0.0,0.006372,0.0,0.0,0.316422,0.0,0.0,0.0,0.0,0.567796,0.200105,0.564435,0.85341,0.48574,0.0,0.0,0.09389
423,0.708947,0.0,0.096241,0.0,0.0,0.0,0.136995,0.172025,0.0,1.125042,0.0,0.056168,0.242326,0.340233,0.0,0.0,0.0,0.755392,0.020172,0.708665,0.057786,0.241054,0.0,0.0,0.241968,0.500708,0.785745,0.0,0.059624,0.0,0.0,0.0,0.052147,0.0,0.0,0.450664,0.0,0.0,0.0,0.0,0.540228,0.26514,0.883786,0.848068,0.624307,0.0,0.0,0.517149
424,0.462578,0.0,0.033781,0.127569,0.0,0.0,0.221621,0.14679,0.0,1.228631,0.0,0.0,0.647382,0.46225,0.0,0.105731,0.0,0.822529,0.0,0.494969,0.0922,0.23634,0.0,0.0,0.0,0.398435,0.496126,0.0,0.144418,0.0,0.0,0.0,0.0,0.0,0.0,0.554099,0.0,0.0,0.0,0.0,0.519415,0.250824,1.018358,0.826965,0.610422,0.0,0.0,0.339992
425,0.474804,0.0,0.317675,0.222525,0.0,0.0,0.035482,0.055683,0.0,1.074423,0.0,0.032416,0.656178,0.381195,0.0,0.355688,0.072603,0.73525,0.0,0.364747,0.211472,0.380609,0.0,0.0,0.0,0.549009,0.499855,0.0,0.423704,0.0,0.0,0.0,0.00833,0.0,0.0,0.523495,0.0,0.0,0.0,0.0,0.250167,0.4824,0.60986,0.834115,0.667717,0.0,0.074136,0.097731
426,0.224099,0.0,0.28945,0.261741,0.089811,0.0,0.22659,0.0,0.0,1.509597,0.0,0.0,0.622752,0.302533,0.0,0.291995,0.059087,0.671968,0.0,0.498729,0.150108,0.551695,0.0,0.0,0.0,0.4784,0.779848,0.0,0.315363,0.0,0.0,0.0,0.008624,0.0,0.0,0.582619,0.0,0.0,0.0,0.0,0.422633,0.413535,0.99351,0.786119,0.674063,0.0,0.252989,0.078668
427,0.220496,0.0,0.285242,0.353178,0.111736,0.0,0.516614,0.0,0.0,1.253431,0.0,0.0,0.861764,0.207074,0.0,0.146589,0.01141,0.519327,0.0,0.320107,0.062191,0.590681,0.0,0.0,0.0,0.654989,0.658308,0.0,0.343141,0.0,0.0,0.0,0.08707,0.0,0.0,0.558137,0.0,0.0,0.0,0.0,0.336169,0.595808,1.089387,0.533657,0.598693,0.0,0.306096,0.107301
428,0.29276,0.0,0.011766,0.251594,0.0,0.182895,0.417242,0.0,0.0,0.726139,0.0,0.075356,1.021688,0.465032,0.0,0.36895,0.0,0.50269,0.0,0.238201,0.151185,0.480237,0.0,0.0,0.0,0.954825,0.726838,0.0,0.729756,0.0,0.0,0.0,0.018626,0.0,0.0,0.265025,0.0,0.0,0.0,0.0,0.0,0.824122,1.225984,0.409291,0.433129,0.0,0.424435,0.439301
429,0.491109,0.0,0.003076,0.401101,0.070637,0.330642,0.327864,0.0,0.0,0.541298,0.0,0.175141,1.18687,0.291337,0.0,0.444539,0.0,0.326075,0.0,0.096508,0.117615,0.56027,0.0,0.0,0.0,1.026465,0.663948,0.0,0.565411,0.0,0.0,0.0,0.0,0.0,0.0,0.369846,0.0,0.0,0.0,0.124744,0.0,0.946957,1.100486,0.216912,0.353593,0.059859,0.53558,0.256841
430,0.451849,0.0,0.217531,0.776963,0.429942,0.029654,0.709864,0.0,0.0,0.562356,0.0,0.009706,1.293642,0.067971,0.0,0.36051,0.211219,0.176218,0.196015,0.0,0.055121,0.833759,0.0,0.0,0.006297,1.12771,0.711144,0.0,0.328287,0.0,0.0,0.0,0.0,0.0,0.0,0.488212,0.0,0.0,0.0,0.0,0.0,1.025491,0.934317,0.0,0.381392,0.148539,0.57148,0.0
431,0.283856,0.0,0.288814,0.861385,0.660211,0.0,0.70067,0.0,0.0,0.290506,0.0,0.0,1.120186,0.162562,0.0,0.468105,0.250845,0.15913,0.306109,0.0,0.102256,0.892311,0.0,0.0,0.0,1.33595,0.707492,0.0,0.309508,0.0,0.0,0.0,0.0,0.0,0.0,0.464551,0.0,0.0,0.0,0.0,0.0,0.94622,0.569345,0.0,0.251458,0.087554,0.468674,0.0
432,0.693157,0.0,0.283688,0.935986,0.506304,0.087018,0.720309,0.0,0.0,0.014873,0.0,0.123646,1.095184,0.286619,0.0,0.598491,0.102073,0.098071,0.466381,0.0,0.05423,0.865224,0.0,0.0,0.139936,1.386912,0.724185,0.0,0.495005,0.0,0.0,0.0,0.0,0.0,0.0,0.204406,0.0,0.0,0.0,0.010485,0.0,1.139373,0.533881,0.0,0.105938,0.141863,0.4433,0.0
433,0.984747,0.0,0.199206,0.750838,0.073079,0.381916,0.733823,0.0,0.0,0.11729,0.016534,0.410382,1.066128,0.275277,0.0,0.645139,0.0,0.019618,0.404567,0.0,0.084984,0.963409,0.0,0.0,0.377594,1.484832,0.946221,0.0,0.535699,0.0,0.0,0.15455,0.0,0.135421,0.0,0.0,0.0,0.0,0.0,0.360433,0.0,1.28341,0.898711,0.0,0.0,0.162683,0.568761,0.0
434,1.00657,0.0,0.42948,0.948866,0.497545,0.081743,1.016546,0.0,0.0,0.141834,0.0,0.402359,0.750317,0.245471,0.0,0.387328,0.119442,0.030886,0.560895,0.0,0.122608,0.807362,0.0,0.0,0.295922,1.309601,0.70953,0.0,0.360576,0.0,0.0,0.0,0.0,0.329777,0.0,0.0,0.0,0.01354,0.0,0.283458,0.0,1.044125,0.590762,0.0,0.0,0.263762,0.376621,0.0
435,0.938621,0.0,0.44282,0.99762,0.747905,0.0,1.134438,0.0,0.0,0.207469,0.0,0.285444,0.627184,0.206502,0.0,0.222238,0.403857,0.002744,0.53303,0.0,0.165656,0.615782,0.0,0.0,0.33353,1.174307,0.591361,0.0,0.263482,0.0,0.0,0.0,0.0,0.535111,0.0,0.0,0.0,0.104321,0.0,0.360072,0.0,0.895951,0.567231,0.0,0.0,0.380948,0.453375,0.0
436,0.797363,0.0,0.474144,0.690724,0.554545,0.038003,1.046426,0.0,0.0,0.414562,0.0,0.28759,0.569535,0.107713,0.0,0.318322,0.360677,0.0,0.381169,0.0,0.437429,0.605635,0.0,0.0,0.297614,0.864174,0.825047,0.0,0.211197,0.0,0.0,0.0,0.0,0.854089,0.0,0.0,0.0,0.110019,0.0,0.807505,0.20756,0.854381,0.878301,0.082151,0.0,0.301097,0.6519,0.0
437,1.085202,0.0,0.479622,0.363179,0.193037,0.462372,1.018844,0.0,0.0,0.501363,0.350542,0.430375,0.741393,0.014277,0.0,0.374499,0.117461,0.0,0.41083,0.0,0.653255,0.707251,0.0,0.0,0.447267,0.775654,1.136479,0.0,0.320552,0.134964,0.0,0.0,0.029033,1.057389,0.0,0.0,0.0,0.137336,0.0,1.048626,0.006355,0.827321,1.057903,0.142986,0.0,0.394465,0.766279,0.021397
438,1.115912,0.0,0.448298,0.361104,0.344584,0.571537,1.071145,0.0,0.0,0.414397,0.442115,0.339245,0.880702,0.0,0.0,0.310663,0.308721,0.0,0.524494,0.0,0.650369,0.577501,0.0,0.0,0.503734,0.733636,1.019128,0.0,0.213012,0.169963,0.0,0.0,0.107059,1.199066,0.0,0.0,0.0,0.207254,0.0,1.114482,0.0,0.819384,0.971089,0.059913,0.0,0.478566,0.888044,0.0
439,1.247662,0.0,0.323953,0.677516,0.520401,0.388302,1.188655,0.0,0.0,0.121705,0.255581,0.171114,0.926937,0.048419,0.0,0.271126,0.345328,0.0,0.389533,0.0,0.578973,0.197652,0.0,0.0,0.451968,0.527097,0.717784,0.0,0.387687,0.0,0.0,0.0,4.1e-05,0.929866,0.0,0.0,0.0,0.342483,0.0,0.812321,0.0,1.070294,0.853101,0.0,0.0,0.634264,0.876503,0.0
440,0.932351,0.0,0.184741,0.628237,0.865933,0.154804,1.186941,0.0,0.0,0.175005,0.075502,0.010528,0.812806,0.075009,0.0,0.19171,0.546306,0.0,0.532323,0.0,0.518777,0.217002,0.0,0.0,0.32005,0.533543,0.604805,0.0,0.153278,0.06485,0.0,0.0,0.0,0.996132,0.026627,0.0,0.0,0.29524,0.0,0.627985,0.074457,0.81213,0.634295,0.0,0.0,0.436407,0.694864,0.0
441,0.723381,0.0,0.091242,0.541732,0.491925,0.219058,0.953989,0.0,0.0,0.35889,0.135338,0.332896,0.712596,0.335129,0.0,0.355947,0.218456,0.0,0.365002,0.025225,0.453518,0.0,0.0,0.0,0.206914,0.438744,0.737085,0.0,0.374246,0.086952,0.0,0.0,0.139811,0.800954,0.129083,0.0,0.0,0.057338,0.0,0.80176,0.0,0.673768,0.983623,0.0,0.0,0.063383,0.406277,0.0
442,0.839759,0.0,0.210154,0.309773,0.404428,0.316073,0.799242,0.0,0.0,0.548988,0.16018,0.660064,0.530806,0.312224,0.0,0.380278,0.0,0.0,0.247075,0.0,0.640728,0.0,0.0,0.0,0.155716,0.381795,0.933249,0.0,0.335052,0.0,0.0,0.0,0.161002,0.708859,0.244015,0.0,0.0,0.0,0.0,0.861755,0.0,0.470755,0.823322,0.25449,0.0,0.0,0.148287,0.0
443,1.248349,0.0,0.317253,0.036451,0.104325,0.507648,0.868594,0.0,0.0,0.869671,0.454827,0.861651,0.580766,0.391091,0.0,0.325225,0.0,0.0,0.127574,0.071511,1.044202,0.004289,0.0,0.0,0.16692,0.317571,1.226932,0.0,0.332496,0.0,0.0,0.0,0.474749,0.446173,0.314456,0.0,0.197543,0.0,0.0,0.715936,0.0,0.541804,0.766447,0.378697,0.0,0.0,0.0,0.029994
444,0.541507,0.0,0.070219,0.0,0.299137,0.31714,0.674415,0.0,0.0,0.808825,0.0,0.653878,0.617526,0.845089,0.0,0.531765,0.0,0.059332,0.0,0.0,0.692418,0.0,0.0,0.0,0.0,0.393438,1.094643,0.0,0.625941,0.179469,0.0,0.0,0.315044,0.432669,0.464653,0.0,0.024012,0.0,0.0,0.74012,0.0,0.460423,1.231196,0.232077,0.0,0.0,0.232813,0.0
445,0.422587,0.0,0.172892,0.0,0.357789,0.348444,0.759656,0.0,0.0,0.938165,0.043824,0.647069,0.676038,0.899293,0.0,0.508034,0.0,0.038104,0.0,0.076743,0.661324,0.0,0.0,0.0,0.0,0.445552,1.204929,0.0,0.607608,0.357891,0.0,0.0,0.479157,0.370112,0.382364,0.0,0.16211,0.0,0.0,0.745869,0.0,0.493832,1.310492,0.247204,0.0,0.0,0.233924,0.0
446,0.088633,0.0,0.0,0.0,0.451505,0.158178,0.816823,0.0,0.0,0.844577,0.0,0.549447,0.842219,1.068755,0.0,0.862659,0.0,0.181221,0.0,0.0,0.634597,0.0,0.0,0.0,0.0,0.599059,0.895179,0.0,0.886934,0.061136,0.0,0.0,0.315215,0.204551,0.33184,0.0,0.0,0.0,0.0,0.803577,0.04377,0.409233,1.260082,0.204621,0.0,0.0,0.460591,0.0
447,0.076309,0.0,0.0,0.0,0.479035,0.306925,0.812797,0.0,0.0,0.702577,0.0,0.460008,0.853335,0.922112,0.0,0.87815,0.0,0.134658,0.0,0.0,0.493344,0.0,0.0,0.0,0.0,0.632368,0.582177,0.0,0.622552,0.0,0.0,0.0,0.347284,0.111653,0.123567,0.0,0.0,0.0,0.0,0.779317,0.0,0.580305,0.950683,0.057664,0.0,0.0,0.697966,0.0
448,0.234021,0.0,0.142964,0.0,0.549795,0.204591,0.890739,0.0,0.0,0.861224,0.034261,0.707532,0.73543,0.866021,0.0,0.632587,0.0,0.10455,0.0,0.082918,0.396788,0.048847,0.0,0.0,0.0,0.579324,0.879554,0.0,0.552479,0.231179,0.0,0.014425,0.668615,0.0,0.126906,0.0,0.0,0.0,0.0,0.574719,0.0,0.619054,1.183878,0.010782,0.0,0.0,0.530307,0.0
449,0.159585,0.0,0.0,0.0,0.458968,0.323151,0.786265,0.0,0.0,0.600066,0.0,0.686575,0.723349,1.049575,0.0,0.735733,0.0,0.079595,0.0,0.0,0.309316,0.1435,0.0,0.0,0.0,0.808116,0.671634,0.0,0.568642,0.0,0.0,0.0,0.358216,0.110922,0.082679,0.0,0.0,0.0,0.0,0.781198,0.0,0.683617,0.960678,0.133575,0.0,0.0,0.734078,0.0
