timestamp,datetime,sim_time_s,lat_mean_ms,lat_max_ms,lat_p95_ms,cvar_ms,total_active_cameras,total_active_ues,total_critical_ues,throughput_kbps
1774922497,2026-03-30 23:01:37,0.0,3.334069411764706,6.95932,6.95932,3.54244875,0,20,0,581.9893333333333
1774922508,2026-03-30 23:01:48,1.25,3.5022296542056073,7.86714,7.46776,4.392467842105263,3,20,0,4591.637333333333
1774922513,2026-03-30 23:01:53,1.75,3.682339095238095,7.86714,7.53009,4.6278073157894735,3,20,0,6390.354666666667
1774922518,2026-03-30 23:01:58,2.25,3.7763517967914435,7.86714,7.58546,4.648229421052632,3,20,0,8211.08
1774922523,2026-03-30 23:02:03,2.5,4.00085370531401,38.40310000000001,7.612780000000001,6.6013173157894744,3,20,0,9110.962666666666
1774922528,2026-03-30 23:02:08,3.0,4.126531712550607,38.40310000000001,7.6435699999999995,7.100034947368422,3,20,0,10912.824
1774922533,2026-03-30 23:02:13,3.5,4.287653076655053,40.2526,7.64925,7.253461578947368,3,20,0,12726.912
1774922538,2026-03-30 23:02:18,3.75,4.368796491856678,40.2526,7.6716500000000005,7.253461578947368,3,20,0,13621.554666666667
1774922543,2026-03-30 23:02:23,4.25,4.423454121037465,40.2526,7.696680000000001,7.269147368421052,3,20,0,15435.642666666667
1774922548,2026-03-30 23:02:28,4.75,4.55420477002584,54.2715,7.7103,8.006984210526316,3,20,0,17231.216
1774922553,2026-03-30 23:02:33,5.25,4.538204543325527,54.2715,7.696680000000001,8.073536315789474,3,20,0,19048.098666666665
1774922558,2026-03-30 23:02:38,5.5,4.5320542304250555,54.2715,7.696680000000001,8.078196842105262,3,20,0,19963.701333333334
1774922564,2026-03-30 23:02:44,6.0,4.610291911704312,54.2715,7.7103,8.15209,3,20,0,21756.48
1774922569,2026-03-30 23:02:49,6.5,4.587034085388994,54.2715,7.696680000000001,8.15209,3,20,0,23568.122666666666
1774922574,2026-03-30 23:02:54,6.75,4.5825445027422305,54.2715,7.68736,8.203094736842104,3,20,0,24460.669333333335
1774922579,2026-03-30 23:02:59,7.25,4.728280499148211,54.2715,7.696680000000001,12.570566315789474,3,20,0,26263.928
1774922584,2026-03-30 23:03:04,7.75,4.786330673046252,62.3535,7.68736,13.350676842105262,3,20,0,28037.144
1774922589,2026-03-30 23:03:09,8.0,4.775055242658423,62.3535,7.68736,13.40742894736842,3,20,0,28925.848
1774922594,2026-03-30 23:03:14,8.5,4.753742505109488,62.3535,7.68376,13.413726842105262,3,20,0,30636.533333333333
1774922599,2026-03-30 23:03:19,9.0,4.719619970954357,62.3535,7.68581,13.413726842105262,3,20,0,32312.634666666665
1774922604,2026-03-30 23:03:24,9.5,4.676632342070773,62.3535,7.68357,13.413726842105262,3,20,0,34104.71466666667
1774922609,2026-03-30 23:03:29,10.0,4.640027438356165,62.3535,7.67872,13.413726842105262,3,20,0,35878.62933333333
1774922614,2026-03-30 23:03:34,10.25,4.622705159173755,62.3535,7.67872,13.413726842105262,3,20,0,36770.82666666667
1774922619,2026-03-30 23:03:39,10.75,4.701839300115875,67.92830000000001,7.68581,14.684714210526316,3,20,0,38533.912
1774922624,2026-03-30 23:03:44,11.25,4.932598578073089,143.802,7.68736,18.85196894736842,3,20,1,40308.176
1774922629,2026-03-30 23:03:49,11.5,4.928771284940412,143.802,7.68736,19.378354210526314,3,20,1,41184.653333333335
1774922634,2026-03-30 23:03:54,12.0,5.0359254164070615,143.802,7.696680000000001,21.318989473684212,3,20,1,42930.621333333336
1774922639,2026-03-30 23:03:59,12.5,5.009752176470588,143.802,7.7103,21.324290526315792,3,20,1,44695.45333333333
1774922644,2026-03-30 23:04:04,12.75,4.991510352883675,143.802,7.70504,21.324290526315792,3,20,1,45567.04
1774922649,2026-03-30 23:04:09,13.25,4.956333050799623,143.802,7.70078,21.32959157894737,3,20,1,47323.83733333334
1774922654,2026-03-30 23:04:14,13.75,4.923627436083408,143.802,7.70078,21.32959157894737,3,20,1,49064.216
1774922659,2026-03-30 23:04:19,14.25,4.970010210848645,143.802,7.7103,26.065962105263157,3,20,1,50814.376
1774922664,2026-03-30 23:04:24,14.75,4.939206345731192,143.802,7.714930000000001,26.065962105263157,3,20,1,52537.986666666664
1774922669,2026-03-30 23:04:29,15.25,4.916525161079313,143.802,7.71822,26.06898157894737,3,20,1,54272.776
1774922674,2026-03-30 23:04:34,15.75,5.197915791765636,361.182,7.71822,40.05669210526316,3,20,2,55978.57066666667
1774922679,2026-03-30 23:04:39,16.25,5.288298366845741,361.182,7.71872,40.05669210526316,3,20,2,57735.01866666666
1774922684,2026-03-30 23:04:44,16.75,5.249845507818317,361.182,7.71872,40.05669210526316,3,20,2,59454.437333333335
1774922689,2026-03-30 23:04:49,17.25,5.218897334779466,361.182,7.71822,40.05669210526316,3,20,2,61190.274666666664
1774922694,2026-03-30 23:04:54,17.75,5.216878626844695,361.182,7.71872,40.05669210526316,3,20,2,62907.94666666666
1774922699,2026-03-30 23:04:59,18.25,5.18438906151743,361.182,7.71535,40.05669210526316,3,20,2,64644.48266666666
1774922704,2026-03-30 23:05:04,18.75,5.1494907292082495,361.182,7.715139999999999,40.05669210526316,3,20,2,66357.96266666667
1774922709,2026-03-30 23:05:09,19.0,5.132345545633618,361.182,7.714930000000001,40.05669210526316,3,20,2,67233.74133333334
1774922714,2026-03-30 23:05:14,19.75,5.0826353998736575,361.182,7.7103,40.05669210526316,3,20,2,69819.856
1774922719,2026-03-30 23:05:19,20.25,5.051200974738139,361.182,7.70504,40.05669210526316,3,20,2,71556.04266666666
1774922724,2026-03-30 23:05:24,20.75,5.019009565243536,361.182,7.70232,40.05669210526316,3,20,2,73277.55733333333
1774922729,2026-03-30 23:05:29,21.25,4.987694115678215,361.182,7.69817,40.05669210526316,3,20,2,75017.936
1774922734,2026-03-30 23:05:34,21.75,4.95766286746988,361.182,7.69651,40.05669210526316,3,20,2,76738.752
1774922739,2026-03-30 23:05:39,22.25,4.929596086371284,361.182,7.6925099999999995,40.05690263157894,3,20,2,78479.48
1774922744,2026-03-30 23:05:44,22.75,4.903114123422929,361.182,7.69196,40.05690263157894,3,20,2,80193.30933333334
1774922749,2026-03-30 23:05:49,23.5,4.867605468401486,361.182,7.69125,40.07083631578947,3,20,2,82779.77333333333
1774922754,2026-03-30 23:05:54,23.75,4.856780306358382,361.182,7.69125,40.07083631578947,3,20,2,83643.32533333333
1774922759,2026-03-30 23:05:59,24.25,4.835338857436954,361.182,7.69125,40.07083631578947,3,20,2,85383.35466666667
1774922764,2026-03-30 23:06:04,25.0,4.803403553170245,361.182,7.69012,40.07083631578947,3,20,2,87975.75733333333
1774922769,2026-03-30 23:06:09,25.5,4.7821089554576615,361.182,7.689310000000001,40.07083631578947,3,20,2,89689.58666666667
1774922774,2026-03-30 23:06:14,26.0,4.76252632981277,361.182,7.69012,40.07083631578947,3,20,2,91425.07466666667
1774922779,2026-03-30 23:06:19,26.5,4.74476368582195,361.182,7.69012,40.07083631578947,3,20,2,93146.58933333334
1774922785,2026-03-30 23:06:25,27.0,4.727628052704578,361.182,7.69012,40.07083631578947,3,20,2,94885.22133333333
1774922790,2026-03-30 23:06:30,27.5,4.712476855197458,361.182,7.69012,40.07083631578947,3,20,2,96604.64
1774922795,2026-03-30 23:06:35,28.0,4.695975532322783,361.182,7.689310000000001,40.07083631578947,3,20,2,98343.272
1774922800,2026-03-30 23:06:40,28.5,4.680559692071835,361.182,7.688549999999999,40.07083631578947,3,20,2,100064.088
1774922805,2026-03-30 23:06:45,29.0,4.665090560051657,361.182,7.689310000000001,40.07083631578947,3,20,2,101802.72
1774922810,2026-03-30 23:06:50,29.5,4.650288377063056,361.182,7.689310000000001,40.07083631578947,3,20,2,103521.78933333333
1774922815,2026-03-30 23:06:55,30.0,4.636700909696213,361.182,7.688549999999999,40.07083631578947,3,20,2,105256.57866666667
1774922820,2026-03-30 23:07:00,30.5,4.6228957408923455,361.182,7.689310000000001,40.07083631578947,3,20,2,106971.10666666667
1774922825,2026-03-30 23:07:05,30.75,4.616505295574502,361.182,7.688549999999999,40.07083631578947,3,20,2,107846.536
1774922830,2026-03-30 23:07:10,31.5,4.598142756638922,361.182,7.685569999999999,40.07083631578947,3,20,2,110429.50666666667
1774922835,2026-03-30 23:07:15,32.0,4.585217954740538,361.182,7.684200000000001,40.07083631578947,3,20,2,112161.50133333333
1774922840,2026-03-30 23:07:20,32.5,4.7771604602381865,361.182,7.685569999999999,40.07225368421052,3,20,2,113866.59733333334
1774922845,2026-03-30 23:07:25,33.0,4.939997823685205,365.42,7.688549999999999,40.295306315789475,3,20,2,115624.09333333334
1774922850,2026-03-30 23:07:30,33.25,4.933104601577168,365.42,7.68736,40.295306315789475,3,20,2,116485.89866666666
1774922855,2026-03-30 23:07:35,33.75,4.9195661050684425,365.42,7.68581,40.295306315789475,3,20,2,118203.92
1774922860,2026-03-30 23:07:40,34.25,4.912420605905942,365.42,7.68581,40.295306315789475,3,20,2,119943.6
1774922865,2026-03-30 23:07:45,34.5,4.922709385450597,365.42,7.688549999999999,40.45522210526316,3,20,2,120790.384
1774922870,2026-03-30 23:07:50,35.0,4.9216560727791645,365.42,7.69012,40.46780263157895,3,20,2,122519.93333333333
1774922875,2026-03-30 23:07:55,35.5,4.949826159690468,365.42,7.69012,42.553138947368424,3,20,2,124231.31733333334
1774922880,2026-03-30 23:08:00,35.75,5.003202330422633,365.42,7.69125,49.63031052631579,3,20,3,125099.76
1774922885,2026-03-30 23:08:05,36.25,5.1749273138132965,365.42,7.6925099999999995,58.96678421052631,3,20,3,126831.75466666666
1774922890,2026-03-30 23:08:10,36.5,5.20313479712624,365.42,7.6925099999999995,58.96678421052631,3,20,3,127690.416
1774922895,2026-03-30 23:08:15,37.0,5.18530093283834,365.42,7.69196,58.96678421052631,3,20,3,129428.34933333333
1774922900,2026-03-30 23:08:20,37.75,5.159845337082368,365.42,7.69125,58.96678421052631,3,20,3,132013.06666666668
1774922905,2026-03-30 23:08:25,38.0,5.15208854715741,365.42,7.6918,58.96678421052631,3,20,3,132886.74933333334
1774922910,2026-03-30 23:08:30,38.5,5.138339669802141,365.42,7.6918,58.96678421052631,3,20,3,134604.072
1774922915,2026-03-30 23:08:35,39.0,5.121437041946846,365.42,7.6918,58.96678421052631,3,20,3,136344.8
1774922920,2026-03-30 23:08:40,39.5,5.105470873537781,365.42,7.69125,58.96678421052631,3,20,3,138059.67733333333
1774922925,2026-03-30 23:08:45,40.0,5.095494675304402,365.42,7.69196,58.96678421052631,3,20,3,139794.46666666667
1774922930,2026-03-30 23:08:50,40.5,5.080956224791859,365.42,7.69125,58.96678421052631,3,20,3,141512.83733333333
1774922935,2026-03-30 23:08:55,41.0,5.0675156341760585,365.42,7.69125,58.96678421052631,3,20,3,143251.12
1774922940,2026-03-30 23:09:00,41.5,5.051699959073128,365.42,7.691140000000001,58.96678421052631,3,20,3,144968.44266666667
1774922945,2026-03-30 23:09:05,42.0,5.036842215878679,365.42,7.69012,58.96678421052631,3,20,3,146707.424
1774922950,2026-03-30 23:09:10,42.5,5.023168196591243,365.42,7.691140000000001,58.966994736842096,3,20,3,148429.63733333335
1774922955,2026-03-30 23:09:15,43.0,5.009778319488818,365.42,7.69012,58.966994736842096,3,20,3,150167.92
1774922960,2026-03-30 23:09:20,43.5,4.99752878466839,365.42,7.688549999999999,58.966994736842096,3,20,3,151888.03733333334
1774922965,2026-03-30 23:09:25,44.0,4.983773165767812,365.42,7.68841,58.966994736842096,3,20,3,153625.62133333334
1774922970,2026-03-30 23:09:30,44.5,4.969123815324164,365.42,7.68581,58.966994736842096,3,20,3,155340.49866666668
1774922975,2026-03-30 23:09:35,45.0,4.9552242839300575,365.42,7.68581,58.966994736842096,3,20,3,157074.93866666665
1774922980,2026-03-30 23:09:40,45.5,4.941914141916003,365.42,7.685569999999999,58.966994736842096,3,20,3,158795.40533333333
1774922985,2026-03-30 23:09:45,46.0,4.930262320662503,365.42,7.68504,58.966994736842096,3,20,3,160533.688
1774922991,2026-03-30 23:09:51,46.5,4.918998532903571,365.42,7.68504,58.966994736842096,3,20,3,162251.36
1774922996,2026-03-30 23:09:56,47.0,4.909928747276109,365.42,7.68542,58.966994736842096,3,20,3,163989.992
1774923001,2026-03-30 23:10:01,47.5,4.89998754772548,365.42,7.68542,58.966994736842096,3,20,3,165708.36266666665
1774923006,2026-03-30 23:10:06,48.0,4.890942488680718,365.42,7.68455,58.966994736842096,3,20,3,167448.392
1774923011,2026-03-30 23:10:11,48.5,4.882711865825393,365.42,7.68441,58.966994736842096,3,20,3,169167.112
1774923016,2026-03-30 23:10:16,48.75,4.878188808864976,365.42,7.68441,58.966994736842096,3,20,3,170025.77333333335
1774923021,2026-03-30 23:10:21,49.25,4.906091121481106,365.42,7.68455,61.23770526315789,3,20,4,171767.2
1774923026,2026-03-30 23:10:26,49.75,4.901092775043936,365.42,7.68455,61.23770526315789,3,20,4,173488.016
1774923031,2026-03-30 23:10:31,50.25,4.9646685259756405,365.42,7.685569999999999,61.23770526315789,3,20,4,175217.216
1774923036,2026-03-30 23:10:36,50.5,4.9980796982438775,365.42,7.68736,61.23770526315789,3,20,4,176053.86933333334
1774923041,2026-03-30 23:10:41,51.0,5.109030765613519,365.42,7.688549999999999,61.23770526315789,3,20,4,177778.87733333334
1774923046,2026-03-30 23:10:46,51.5,5.304073763279165,429.317,7.688549999999999,64.60070526315789,3,20,4,179486.06933333335
1774923051,2026-03-30 23:10:51,52.0,5.32697003508772,429.317,7.689310000000001,64.60070526315789,3,20,4,181118.504
1774923056,2026-03-30 23:10:56,52.5,5.339639614193855,429.317,7.69012,64.60070526315789,3,20,4,182732.07466666665
1774923061,2026-03-30 23:11:01,53.0,5.334552683502477,429.317,7.691140000000001,64.60070526315789,3,20,4,184361.71466666667
1774923066,2026-03-30 23:11:06,53.5,5.322047616842105,429.317,7.691140000000001,64.60070526315789,3,20,4,185973.53866666666
1774923071,2026-03-30 23:11:11,54.0,5.309668683514955,429.317,7.69012,64.60070526315789,3,20,4,187601.08266666665
1774923076,2026-03-30 23:11:16,54.5,5.297128870144795,429.317,7.69012,64.60070526315789,3,20,4,189209.41333333333
1774923081,2026-03-30 23:11:21,55.0,5.285185407837776,429.317,7.691140000000001,64.60070526315789,3,20,4,190841.14933333333
1774923086,2026-03-30 23:11:26,55.5,5.272414571009257,429.317,7.69125,64.60070526315789,3,20,4,192560.568
1774923091,2026-03-30 23:11:31,55.75,5.265983525061811,429.317,7.691140000000001,64.60070526315789,3,20,4,193434.6
1774923096,2026-03-30 23:11:36,56.25,5.253451627311205,429.317,7.69125,64.60091578947367,3,20,4,195167.64266666668
1774923101,2026-03-30 23:11:41,56.75,5.240292059615809,429.317,7.691140000000001,64.60219684210527,3,20,4,196882.17066666667
1774923106,2026-03-30 23:11:46,57.5,5.221678611026367,429.317,7.691140000000001,64.60219684210527,3,20,4,199477.71733333333
1774923111,2026-03-30 23:11:51,58.0,5.208683533376539,429.317,7.69012,64.60219684210527,3,20,4,201218.096
1774923116,2026-03-30 23:11:56,58.5,5.196588784322126,429.317,7.69012,64.60219684210527,3,20,4,202932.97333333333
1774923121,2026-03-30 23:12:01,59.0,5.184466928222553,429.317,7.689310000000001,64.60219684210527,3,20,4,204667.064
1774923126,2026-03-30 23:12:06,59.5,5.17266441040219,429.317,7.688549999999999,64.60219684210527,3,20,4,206383.33866666668
1774923131,2026-03-30 23:12:11,60.0,5.161245952390896,429.317,7.68841,64.60219684210527,3,20,4,208124.06666666668
1774923136,2026-03-30 23:12:16,60.5,5.150402674259681,429.317,7.68841,64.60219684210527,3,20,4,209843.48533333334
1774923141,2026-03-30 23:12:21,61.0,5.139518617785992,429.317,7.689299999999999,64.60219684210527,3,20,4,211582.46666666667
1774923146,2026-03-30 23:12:26,61.5,5.1286068297005505,429.317,7.68841,64.60219684210527,3,20,4,213298.04266666668
1774923151,2026-03-30 23:12:31,61.75,5.138071506796511,429.317,7.688549999999999,64.60219684210527,3,20,4,214160.896
1774923156,2026-03-30 23:12:36,62.25,5.135933237069833,429.317,7.68841,64.60219684210527,3,20,4,215904.768
1774923161,2026-03-30 23:12:41,62.75,5.125027270712717,429.317,7.68841,64.60219684210527,3,20,4,217624.88533333334
1774923166,2026-03-30 23:12:46,63.25,5.121034473361062,429.317,7.68841,64.60219684210527,3,20,4,219364.56533333333
1774923171,2026-03-30 23:12:51,64.0,5.105118406733216,429.317,7.6863,64.60219684210527,3,20,4,221949.98133333333
1774923176,2026-03-30 23:12:56,64.25,5.099854508091245,429.317,7.6863,64.60219684210527,3,20,4,222825.76
1774923181,2026-03-30 23:13:01,64.75,5.088930576707294,429.317,7.68617,64.60219684210527,3,20,4,224546.22666666665
1774923186,2026-03-30 23:13:06,65.5,5.072846803212851,429.317,7.68617,64.60219684210527,3,20,4,227130.59466666667
1774923192,2026-03-30 23:13:12,66.0,5.0623092740557984,429.317,7.68617,64.60219684210527,3,20,4,228870.27466666666
1774923197,2026-03-30 23:13:17,66.5,5.05162001864758,429.317,7.685569999999999,64.60219684210527,3,20,4,230591.09066666666
1774923202,2026-03-30 23:13:22,67.0,5.041470033464199,429.317,7.6863,64.60219684210527,3,20,4,232330.42133333333
1774923207,2026-03-30 23:13:27,67.5,5.031114609760623,429.317,7.6863,64.60219684210527,3,20,4,234052.984
1774923212,2026-03-30 23:13:32,68.0,5.021126119911585,429.317,7.68617,64.60219684210527,3,20,4,235789.17066666667
1774923217,2026-03-30 23:13:37,68.75,5.006419499908908,429.317,7.68617,64.60219684210527,3,20,4,238375.63466666668
1774923222,2026-03-30 23:13:42,69.25,4.996968835413275,429.317,7.68581,64.60219684210527,3,20,4,240114.616
1774923227,2026-03-30 23:13:47,69.75,4.993864003411744,429.317,7.68617,64.60219684210527,3,20,4,241834.03466666667
1774923232,2026-03-30 23:13:52,70.25,4.984670883045106,429.317,7.68672,64.60219684210527,3,20,4,243569.52266666666
1774923237,2026-03-30 23:13:57,70.75,4.975630209417596,429.317,7.68617,64.60219684210527,3,20,4,245287.544
1774923242,2026-03-30 23:14:02,71.25,4.966886240815609,429.317,7.6863,64.60219684210527,3,20,4,247018.14133333333
1774923247,2026-03-30 23:14:07,72.0,4.953608951991651,429.317,7.6863,64.60219684210527,3,20,4,249618.928
1774923252,2026-03-30 23:14:12,72.25,4.949324500953371,429.317,7.6863,64.60219684210527,3,20,4,250475.144
1774923257,2026-03-30 23:14:17,72.75,4.940669389912205,429.317,7.68672,64.60372578947369,3,20,4,252202.59733333334
1774923262,2026-03-30 23:14:22,73.25,4.93197299179347,429.317,7.68617,64.60372578947369,3,20,4,253924.112
1774923267,2026-03-30 23:14:27,74.0,4.919985594686072,429.317,7.68617,64.60372578947369,3,20,4,256527.344
1774923272,2026-03-30 23:14:32,74.5,4.912081494200707,429.317,7.685569999999999,64.60372578947369,3,20,4,258248.50933333332
1774923277,2026-03-30 23:14:37,74.75,4.908057289998325,429.317,7.68542,64.60372578947369,3,20,4,259124.98666666666
1774923282,2026-03-30 23:14:42,75.25,4.901447027791646,429.317,7.68542,64.60372578947369,3,20,4,260838.46666666667
1774923287,2026-03-30 23:14:47,76.0,4.892317356236612,429.317,7.68617,64.60372578947369,3,20,4,263444.49333333335
1774923292,2026-03-30 23:14:52,76.25,4.889387581868944,429.317,7.68581,64.60372578947369,3,20,4,264286.736
1774923297,2026-03-30 23:14:57,76.75,4.885728661445586,429.317,7.686730000000001,64.60424,3,20,4,266024.6693333333
1774923302,2026-03-30 23:15:02,77.25,4.885436529907603,429.317,7.68672,64.60424,3,20,4,267743.04
1774923307,2026-03-30 23:15:07,77.75,4.881395970526655,429.317,7.68841,64.60831947368422,3,20,4,269482.02133333334
1774923312,2026-03-30 23:15:12,78.25,4.874526705232837,429.317,7.68841,64.60831947368422,3,20,4,271191.65866666666
1774923317,2026-03-30 23:15:17,78.75,4.979493795674988,444.927,7.68841,65.42989842105263,3,20,4,272918.41333333333
1774923322,2026-03-30 23:15:22,79.25,5.014991772949913,444.927,7.689310000000001,65.42989842105263,3,20,4,274660.53866666666
1774923327,2026-03-30 23:15:27,79.75,5.007521000942062,444.927,7.689299999999999,65.42989842105263,3,20,4,276398.8213333333
1774923332,2026-03-30 23:15:32,80.25,5.008857367452021,444.927,7.68883,65.42989842105263,3,20,4,278113.3493333333
1774923337,2026-03-30 23:15:37,80.75,5.000777547991937,444.927,7.688549999999999,65.42989842105263,3,20,4,279847.7893333333
1774923342,2026-03-30 23:15:42,81.25,4.992693871012483,444.927,7.68841,65.42989842105263,3,20,4,281569.304
1774923347,2026-03-30 23:15:47,81.75,4.984932124674529,444.927,7.68841,65.42989842105263,3,20,4,283308.984
1774923352,2026-03-30 23:15:52,82.25,4.977387091947024,444.927,7.686730000000001,65.42989842105263,3,20,4,285027.704
1774923357,2026-03-30 23:15:57,82.75,4.969857013920411,444.927,7.686730000000001,65.42989842105263,3,20,4,286769.48
1774923362,2026-03-30 23:16:02,83.25,4.962340564896977,444.927,7.68672,65.42989842105263,3,20,4,288490.64533333335
1774923367,2026-03-30 23:16:07,83.75,4.95480811092839,444.927,7.68672,65.42989842105263,3,20,4,290230.32533333334
1774923372,2026-03-30 23:16:12,84.25,4.947653245950364,444.927,7.68672,65.42989842105263,3,20,4,291951.84
1774923377,2026-03-30 23:16:17,84.75,4.940610002511449,444.927,7.68617,65.42989842105263,3,20,4,293685.93066666665
1774923382,2026-03-30 23:16:22,85.25,4.933296439124689,444.927,7.68581,65.42989842105263,3,20,4,295399.0613333333
1774923387,2026-03-30 23:16:27,85.75,4.93000436370273,444.927,7.685569999999999,65.42989842105263,3,20,4,297137.344
1774923392,2026-03-30 23:16:32,86.25,4.923124767019887,444.927,7.6853,65.42989842105263,3,20,4,298858.16
1774923398,2026-03-30 23:16:38,86.75,4.91673481700101,444.927,7.6853,65.42989842105263,3,20,4,300596.792
1774923403,2026-03-30 23:16:43,87.25,4.910435558186253,444.927,7.68455,65.42989842105263,3,20,4,302317.2586666667
1774923408,2026-03-30 23:16:48,87.75,4.90413013939221,444.927,7.6853,65.43007684210527,3,20,4,304056.5893333333
1774923413,2026-03-30 23:16:53,88.25,4.898512088097602,444.927,7.68504,65.43007684210527,3,20,4,305774.96
1774923418,2026-03-30 23:16:58,88.75,4.8946878595006345,444.927,7.685569999999999,65.43007684210527,3,20,4,307498.22133333335
1774923423,2026-03-30 23:17:03,89.25,4.950761522306396,444.927,7.68617,83.9147347368421,3,20,5,309148.8213333333
1774923428,2026-03-30 23:17:08,89.75,4.945574513396595,444.927,7.68581,83.9147347368421,3,20,5,310776.3653333333
1774923433,2026-03-30 23:17:13,90.25,4.940280441976679,444.927,7.68581,83.9147347368421,3,20,5,312385.744
1774923438,2026-03-30 23:17:18,90.5,4.937565482624948,444.927,7.68581,83.9147347368421,3,20,5,313207.0266666667
1774923443,2026-03-30 23:17:23,91.25,4.928193746670328,444.927,7.68617,83.9147347368421,3,20,5,315792.0933333333
1774923448,2026-03-30 23:17:28,91.75,4.921890189812918,444.927,7.6863,83.9147347368421,3,20,5,317529.328
1774923453,2026-03-30 23:17:33,92.25,4.915701788944723,444.927,7.68617,83.9147347368421,3,20,5,319250.49333333335
1774923458,2026-03-30 23:17:38,92.75,4.9103609034175335,444.927,7.6863,83.9147347368421,3,20,5,320989.12533333333
1774923463,2026-03-30 23:17:43,93.25,4.903884690716109,444.927,7.6863,83.9147347368421,3,20,5,322710.98933333333
1774923468,2026-03-30 23:17:48,93.75,4.897358329413337,444.927,7.68617,83.9147347368421,3,20,5,324450.6693333333
1774923473,2026-03-30 23:17:53,94.25,4.8909707393327135,444.927,7.68617,83.9147347368421,3,20,5,326166.2453333333
1774923478,2026-03-30 23:17:58,94.75,4.897124623297634,444.927,7.68581,83.9147347368421,3,20,5,327899.9866666667
1774923483,2026-03-30 23:18:03,95.25,4.892284070630014,444.927,7.685569999999999,83.9147347368421,3,20,5,329614.5146666667
1774923488,2026-03-30 23:18:08,95.75,4.887593556980243,444.927,7.68581,83.9147347368421,3,20,5,331356.29066666664
1774923493,2026-03-30 23:18:13,96.25,4.8830109418196015,444.927,7.6863,83.9147347368421,3,20,5,333071.5173333333
1774923498,2026-03-30 23:18:18,96.75,4.898331196555742,444.927,7.6863,83.9147347368421,3,20,5,334814.34133333334
1774923503,2026-03-30 23:18:23,97.25,4.8945843966250155,444.927,7.6863,83.9147347368421,3,20,5,336529.91733333335
1774923508,2026-03-30 23:18:28,97.75,4.934158403562733,444.927,7.6863,83.9147347368421,3,20,5,338250.73333333334
1774923513,2026-03-30 23:18:33,98.25,4.988744486100484,474.082,7.6863,85.44920842105262,3,20,5,339910.416
1774923519,2026-03-30 23:18:39,98.75,5.036884843674661,474.082,7.68617,85.44920842105262,3,20,5,341645.55466666666
1774923524,2026-03-30 23:18:44,99.25,5.030446909354879,474.082,7.685569999999999,85.44920842105262,3,20,5,343359.73333333334
1774923529,2026-03-30 23:18:49,99.75,5.024036185278232,474.082,7.68581,85.44920842105262,3,20,5,345093.824
1774923534,2026-03-30 23:18:54,100.25,5.018148259967504,474.082,7.68542,85.44920842105262,3,20,5,346812.544
1774923539,2026-03-30 23:18:59,100.75,5.012595895535382,474.082,7.685569999999999,85.44920842105262,3,20,5,348550.82666666666
1774923544,2026-03-30 23:19:04,101.0,5.0116691174792205,474.082,7.685569999999999,85.44920842105262,3,20,5,349426.6053333333
1774923549,2026-03-30 23:19:09,101.5,5.010898887297865,474.082,7.68617,85.44920842105262,3,20,5,351138.33866666665
1774923554,2026-03-30 23:19:14,102.25,5.001372462443328,474.082,7.685569999999999,85.44920842105262,3,20,5,353727.59733333334
1774923559,2026-03-30 23:19:19,102.75,4.9949696217534445,474.082,7.68581,85.44920842105262,3,20,5,355466.928
1774923564,2026-03-30 23:19:24,103.25,4.98852176337823,474.082,7.68542,85.44920842105262,3,20,5,357187.0453333333
1774923569,2026-03-30 23:19:29,103.75,4.982549463712112,474.082,7.68617,85.44920842105262,3,20,5,358921.4853333333
1774923574,2026-03-30 23:19:34,104.25,4.976289889075832,474.082,7.6863,85.44920842105262,3,20,5,360633.91733333335
1774923579,2026-03-30 23:19:39,105.0,4.967090224078271,474.082,7.68617,85.44920842105262,3,20,5,363246.58133333334
1774923584,2026-03-30 23:19:44,105.5,4.961066788386177,474.082,7.68581,85.44920842105262,3,20,5,364966.3493333333
1774923589,2026-03-30 23:19:49,106.0,4.955003346412954,474.082,7.685569999999999,85.44920842105262,3,20,5,366703.23466666666
1774923594,2026-03-30 23:19:54,106.5,4.949158172920833,474.082,7.685569999999999,85.44920842105262,3,20,5,368417.064
1774923599,2026-03-30 23:19:59,107.0,4.943294095070835,474.082,7.68542,85.44920842105262,3,20,5,370151.85333333333
1774923604,2026-03-30 23:20:04,107.5,4.9376837248572425,474.082,7.68504,85.44920842105262,3,20,5,371871.6213333333
1774923609,2026-03-30 23:20:09,108.0,4.932401098596451,474.082,7.68504,85.44920842105262,3,20,5,373609.55466666666
1774923614,2026-03-30 23:20:14,108.5,4.926984442096756,474.082,7.68504,85.44920842105262,3,20,5,375327.9253333333
1774923619,2026-03-30 23:20:19,109.0,4.9220750066659,474.082,7.68504,85.44920842105262,3,20,5,377067.256
1774923624,2026-03-30 23:20:24,109.5,4.917101295847157,474.082,7.6845799999999995,85.44920842105262,3,20,5,378789.4693333333
1774923629,2026-03-30 23:20:29,110.0,4.912278016512925,474.082,7.68441,85.44920842105262,3,20,5,380529.1493333333
1774923634,2026-03-30 23:20:34,110.5,4.90737194535767,474.082,7.68455,85.44920842105262,3,20,5,382249.26666666666
1774923639,2026-03-30 23:20:39,111.0,4.902177791558515,474.082,7.68455,85.44920842105262,3,20,5,383983.35733333335
1774923644,2026-03-30 23:20:44,111.5,4.896971070890911,474.082,7.68455,85.44920842105262,3,20,5,385697.88533333334
1774923649,2026-03-30 23:20:49,112.0,4.892050523543228,474.082,7.68504,85.44942105263158,3,20,5,387434.42133333336
1774923654,2026-03-30 23:20:54,112.25,4.889552728713313,474.082,7.6853,85.44942105263158,3,20,5,388292.384
1774923659,2026-03-30 23:20:59,112.75,4.884938307743584,474.082,7.6845799999999995,85.44942105263158,3,20,5,390030.6666666667
1774923664,2026-03-30 23:21:04,113.25,4.880395923238581,474.082,7.68455,85.44942105263158,3,20,5,391746.9413333333
1774923669,2026-03-30 23:21:09,113.75,4.875658998678559,474.082,7.68455,85.44942105263158,3,20,5,393481.73066666664
1774923674,2026-03-30 23:21:14,114.25,4.871344285056463,474.082,7.68441,85.44942105263158,3,20,5,395195.9093333333
1774923679,2026-03-30 23:21:19,114.75,4.866874088527453,474.082,7.6845799999999995,85.44942105263158,3,20,5,396936.288
1774923684,2026-03-30 23:21:24,115.25,4.861789365286382,474.082,7.68455,85.44942105263158,3,20,5,398656.7546666667
1774923689,2026-03-30 23:21:29,115.75,4.856831969483822,474.082,7.68441,85.44942105263158,3,20,5,400395.38666666666
1774923694,2026-03-30 23:21:34,116.25,4.8517598411809075,474.082,7.68441,85.44942105263158,3,20,5,402116.20266666665
1774923699,2026-03-30 23:21:39,116.75,4.846891983049029,474.082,7.68441,85.44942105263158,3,20,5,403855.184
1774923704,2026-03-30 23:21:44,117.25,4.841977145497276,474.082,7.68399,85.44942105263158,3,20,5,405574.6026666667
1774923709,2026-03-30 23:21:49,117.5,4.8395606021746085,474.082,7.68399,85.44942105263158,3,20,5,406439.90133333334
1774923714,2026-03-30 23:21:54,118.25,4.832176629276559,474.082,7.683859999999999,85.44942105263158,3,20,5,409029.50933333335
1774923720,2026-03-30 23:22:00,118.75,4.827545075203038,474.082,7.68376,85.44942105263158,3,20,5,410762.90133333334
1774923725,2026-03-30 23:22:05,119.25,4.822782239890768,474.082,7.683650000000001,85.44942105263158,3,20,5,412482.32
1774923730,2026-03-30 23:22:10,119.75,4.8187347581842905,474.082,7.68358,85.44942105263158,3,20,5,414220.6026666667
1774923735,2026-03-30 23:22:15,120.25,4.814373818248099,474.082,7.68358,85.44942105263158,3,20,5,415939.672
1774923740,2026-03-30 23:22:20,120.75,4.8096698055181,474.082,7.68357,85.44942105263158,3,20,5,417669.92
1774923745,2026-03-30 23:22:25,121.25,4.855628428674724,492.027,7.68358,105.7931052631579,3,20,5,419369.776
1774923750,2026-03-30 23:22:30,121.75,4.851519771375656,492.027,7.68358,105.7931052631579,3,20,5,421002.2106666667
1774923755,2026-03-30 23:22:35,122.25,4.84699393420783,492.027,7.68358,105.7931052631579,3,20,5,422657.352
1774923760,2026-03-30 23:22:40,122.75,4.843109443956717,492.027,7.68357,105.7931052631579,3,20,5,424286.29333333333
1774923765,2026-03-30 23:22:45,123.25,4.838706108490086,492.027,7.68357,105.7931052631579,3,20,5,425935.496
1774923770,2026-03-30 23:22:50,123.75,4.83486931489922,492.027,7.68357,105.7931052631579,3,20,5,427563.7386666667
1774923775,2026-03-30 23:22:55,124.25,4.8309272065173525,492.027,7.68358,105.7931052631579,3,20,5,429218.88
1774923780,2026-03-30 23:23:00,124.75,4.827296398090453,492.027,7.68357,105.7931052631579,3,20,5,430850.616
1774923785,2026-03-30 23:23:05,125.25,4.82487697236684,492.027,7.68357,105.7931052631579,3,20,5,432463.83733333333
1774923790,2026-03-30 23:23:10,125.75,4.820824018250724,492.027,7.68357,105.7931052631579,3,20,5,434135.3973333333
1774923795,2026-03-30 23:23:15,126.25,4.817570368902135,492.027,7.68357,105.7931052631579,3,20,5,435750.3653333333
1774923800,2026-03-30 23:23:20,126.5,4.8156559714427365,492.027,7.68357,105.7931052631579,3,20,5,436613.568
1774923805,2026-03-30 23:23:25,127.0,4.811504605333334,492.027,7.68357,105.7931052631579,3,20,5,438350.8026666667
1774923810,2026-03-30 23:23:30,127.5,4.809592556419085,492.027,7.68358,105.7931052631579,3,20,5,440070.92
1774923815,2026-03-30 23:23:35,128.0,4.806070340519353,492.027,7.68357,105.7931052631579,3,20,5,441809.20266666665
1774923820,2026-03-30 23:23:40,128.75,4.799995341451534,492.027,7.683650000000001,105.79441684210526,3,20,5,444396.016
1774923825,2026-03-30 23:23:45,129.25,4.795804251043182,492.027,7.68358,105.79441684210526,3,20,5,446115.784
1774923830,2026-03-30 23:23:50,129.75,4.791683692991784,492.027,7.68358,105.79441684210526,3,20,5,447853.71733333333
1774923835,2026-03-30 23:23:55,130.25,4.787509328647087,492.027,7.68357,105.79441684210526,3,20,5,449573.8346666667
1774923840,2026-03-30 23:24:00,130.75,4.783426043069544,492.027,7.68357,105.79441684210526,3,20,5,451314.5626666667
1774923845,2026-03-30 23:24:05,131.25,4.779152800477783,492.027,7.68357,105.79441684210526,3,20,5,453035.728
1774923850,2026-03-30 23:24:10,131.75,4.774977744312233,492.027,7.68358,105.79441684210526,3,20,5,454774.36
1774923855,2026-03-30 23:24:15,132.25,4.770778337600758,492.027,7.68358,105.79441684210526,3,20,5,456492.3813333333
1774923860,2026-03-30 23:24:20,132.75,4.7668014030231465,492.027,7.68376,105.79441684210526,3,20,5,458227.17066666664
1774923865,2026-03-30 23:24:25,133.25,4.762690466447059,492.027,7.68376,105.79441684210526,3,20,5,459942.74666666664
1774923870,2026-03-30 23:24:30,133.75,4.75890946854196,492.027,7.683650000000001,105.79441684210526,3,20,5,461683.47466666665
1774923875,2026-03-30 23:24:35,134.25,4.755130819336759,492.027,7.683859999999999,105.79441684210526,3,20,5,463403.9413333333
1774923880,2026-03-30 23:24:40,134.75,4.751378811447186,492.027,7.683859999999999,105.79441684210526,3,20,5,465141.52533333335
1774923885,2026-03-30 23:24:45,135.25,4.747881904404266,492.027,7.683859999999999,105.79441684210526,3,20,5,466863.04
1774923890,2026-03-30 23:24:50,135.75,4.744181380138568,492.027,7.683650000000001,105.79441684210526,3,20,5,468602.72
1774923895,2026-03-30 23:24:55,136.5,4.7453594446485985,492.027,7.68396,105.79441684210526,3,20,5,471175.2106666667
1774923901,2026-03-30 23:25:01,136.75,4.763128349289317,492.027,7.68396,105.79441684210526,3,20,5,472045.4
1774923906,2026-03-30 23:25:06,137.25,4.793132223592837,492.027,7.68399,105.79441684210526,3,20,5,473698.096
1774923911,2026-03-30 23:25:11,137.75,4.789685244582043,492.027,7.68396,105.79441684210526,3,20,5,475326.33866666665
1774923916,2026-03-30 23:25:16,138.25,4.786429389836661,492.027,7.68399,105.79441684210526,3,20,5,476938.16266666667
1774923921,2026-03-30 23:25:21,138.75,4.785590692857143,492.027,7.68396,105.79441684210526,3,20,5,478680.9866666667
1774923926,2026-03-30 23:25:26,139.25,4.7874939706306305,492.027,7.68441,105.79441684210526,3,20,5,480398.30933333334
1774923931,2026-03-30 23:25:31,139.75,4.783920947486535,492.027,7.68399,105.79441684210526,3,20,5,482138.33866666665
1774923936,2026-03-30 23:25:36,140.25,4.781648583005367,492.027,7.68399,105.79441684210526,3,20,5,483857.408
1774923941,2026-03-30 23:25:41,140.5,4.780304048125,492.027,7.68396,105.79441684210526,3,20,5,484721.30933333334
1774923946,2026-03-30 23:25:46,141.0,4.776964966281139,492.027,7.68396,105.79441684210526,3,20,5,486443.17333333334
1774923951,2026-03-30 23:25:51,141.5,4.773878642287235,492.027,7.68396,105.79441684210526,3,20,5,488180.7573333333
1774923956,2026-03-30 23:25:56,142.0,4.770586261219082,492.027,7.68396,105.79441684210526,3,20,5,489901.5733333333
1774923961,2026-03-30 23:26:01,142.5,4.76707247306338,492.027,7.68396,105.79441684210526,3,20,5,491640.55466666666
1774923966,2026-03-30 23:26:06,143.0,4.763471118508772,492.027,7.68396,105.79441684210526,3,20,5,493360.672
1774923971,2026-03-30 23:26:11,143.25,4.761717231611208,492.027,7.68396,105.79441684210526,3,20,5,494224.9226666667
1774923976,2026-03-30 23:26:16,143.75,4.758388633595112,492.027,7.68409,105.79441684210526,3,20,5,495963.20533333335
1774923981,2026-03-30 23:26:21,144.25,4.755659347217391,492.027,7.68399,105.79441684210526,3,20,5,497680.1786666667
1774923986,2026-03-30 23:26:26,144.75,4.7528132536395145,492.027,7.684200000000001,105.79441684210526,3,20,5,499420.55733333336
1774923991,2026-03-30 23:26:31,145.0,4.751840219550173,492.027,7.68441,105.79441684210526,3,20,5,500265.2453333333
1774923996,2026-03-30 23:26:36,145.5,4.749798150431035,492.027,7.68441,105.79441684210526,3,20,5,501997.9386666667
1774924001,2026-03-30 23:26:41,146.0,4.749955130756014,492.027,7.68441,105.79441684210526,3,20,5,503718.056
1774924006,2026-03-30 23:26:46,146.5,4.747736556678083,492.027,7.684200000000001,105.79441684210526,3,20,5,505451.79733333335
1774924011,2026-03-30 23:26:51,146.75,4.746550255555555,492.027,7.684200000000001,105.79441684210526,3,20,5,506323.03466666664
1774924016,2026-03-30 23:26:56,147.25,4.744336575383305,492.027,7.68409,105.79441684210526,3,20,5,508036.1653333333
1774924021,2026-03-30 23:27:01,147.5,4.743338161479592,492.027,7.68399,105.79441684210526,3,20,5,508907.752
1774924026,2026-03-30 23:27:06,148.0,4.74151205279661,492.027,7.68396,105.79441684210526,3,20,5,510625.424
1774924031,2026-03-30 23:27:11,148.5,4.739066945101352,492.027,7.68396,105.79441684210526,3,20,5,512364.40533333336
1774924036,2026-03-30 23:27:16,149.0,4.735909511868687,492.027,7.68396,105.79441684210526,3,20,5,514081.3786666667
1774924041,2026-03-30 23:27:21,149.5,4.732583506627517,492.027,7.68396,105.79441684210526,3,20,5,515815.4693333333
1774924046,2026-03-30 23:27:26,150.0,4.729388387792642,492.027,7.68399,105.79441684210526,3,20,5,517530.3466666667
1774924051,2026-03-30 23:27:31,150.5,4.731774521749999,492.027,7.68396,105.79441684210526,3,20,5,519266.184
1774924056,2026-03-30 23:27:36,150.75,4.730802814143095,492.027,7.68396,105.79441684210526,3,20,5,520145.456
1774924061,2026-03-30 23:27:41,151.25,4.734392762686567,492.027,7.68409,105.79441684210526,3,20,5,521858.23733333335
1774924066,2026-03-30 23:27:46,151.75,4.731929801239669,492.027,7.68409,105.79441684210526,3,20,5,523593.7253333333
1774924071,2026-03-30 23:27:51,152.25,4.729267690444811,492.027,7.68409,105.79441684210526,3,20,5,525308.2533333333
1774924077,2026-03-30 23:27:57,152.75,4.726333446141215,492.027,7.684200000000001,105.79441684210526,3,20,5,527047.2346666667
1774924082,2026-03-30 23:28:02,153.25,4.72356040188216,492.027,7.684200000000001,105.79441684210526,3,20,5,528767.7013333334
1774924087,2026-03-30 23:28:07,153.5,4.722014863398693,492.027,7.684200000000001,105.79441684210526,3,20,5,529643.48
1774924092,2026-03-30 23:28:12,154.0,4.718975241205211,492.027,7.68409,105.79441684210526,3,20,5,531358.008
1774924097,2026-03-30 23:28:17,154.5,4.716540922564936,492.027,7.68441,105.79441684210526,3,20,5,533085.112
1774924102,2026-03-30 23:28:22,155.0,4.77272455841424,492.027,7.68441,106.25620631578947,3,20,5,534773.0906666666
1774924107,2026-03-30 23:28:27,155.5,4.773790791740604,492.027,7.6845799999999995,106.25620631578947,3,20,5,536411.1146666667
1774924112,2026-03-30 23:28:32,156.0,4.7758992153425535,492.027,7.68504,106.25620631578947,3,20,5,538024.336
1774924117,2026-03-30 23:28:37,156.25,4.774688175993576,492.027,7.68504,106.25620631578947,3,20,5,538842.4746666667
1774924122,2026-03-30 23:28:42,157.0,4.809730803564293,492.027,7.6853,106.25620631578947,3,20,5,541376.1893333333
1774924127,2026-03-30 23:28:47,157.25,4.8099085889252375,492.027,7.68542,106.25620631578947,3,20,5,542243.2346666667
1774924132,2026-03-30 23:28:52,157.75,4.806430442376521,492.027,7.6853,106.25620631578947,3,20,5,543984.312
1774924137,2026-03-30 23:28:57,158.5,4.801439382806934,492.027,7.68504,106.25620631578947,3,20,5,546577.4133333333
1774924142,2026-03-30 23:29:02,158.75,4.799849245080218,492.027,7.6845799999999995,106.25620631578947,3,20,5,547442.712
1774924147,2026-03-30 23:29:07,159.25,4.803717392027101,492.027,7.68504,106.25620631578947,3,20,5,549160.7333333333
1774924152,2026-03-30 23:29:12,159.75,4.818666251236943,492.027,7.68504,106.25620631578947,3,20,5,550891.3306666666
1774924157,2026-03-30 23:29:17,160.25,4.8280585917169025,492.027,7.6853,106.25620631578947,3,20,5,552611.448
1774924162,2026-03-30 23:29:22,160.75,4.852090465308671,492.027,7.68542,106.25620631578947,3,20,5,554353.5733333334
1774924167,2026-03-30 23:29:27,161.25,4.84858138605773,492.027,7.6853,106.25620631578947,3,20,5,556040.504
1774924172,2026-03-30 23:29:32,161.75,4.844905860389359,492.027,7.68504,106.25620631578947,3,20,5,557746.9973333334
1774924177,2026-03-30 23:29:37,162.0,4.843162487183458,492.027,7.68504,106.25620631578947,3,20,5,558589.9386666666
1774924182,2026-03-30 23:29:42,162.75,4.838019244449583,492.027,7.6845799999999995,106.25620631578947,3,20,5,561113.5226666667
1774924187,2026-03-30 23:29:47,163.25,4.834513033738088,492.027,7.6845799999999995,106.25620631578947,3,20,5,562805.344
1774924192,2026-03-30 23:29:52,163.75,4.831468866370392,492.027,7.6845799999999995,106.25620631578947,3,20,5,564478.3013333334
1774924197,2026-03-30 23:29:57,164.0,4.830189887146136,492.027,7.6845799999999995,106.25620631578947,3,20,5,565273.384
1774924202,2026-03-30 23:30:02,164.5,4.827136599740635,492.027,7.6845799999999995,106.25620631578947,3,20,5,566943.5466666666
1774924207,2026-03-30 23:30:07,165.25,4.8223393848257015,492.027,7.68504,106.26106315789474,3,20,5,569419.6213333333
1774924212,2026-03-30 23:30:12,165.5,4.820870141817078,492.027,7.68504,106.26106315789474,3,20,5,570228.6773333333
1774924217,2026-03-30 23:30:17,166.25,4.8162036182422225,492.027,7.68455,106.26106315789474,3,20,5,572695.6693333334
1774924222,2026-03-30 23:30:22,166.75,4.812544018367962,492.027,7.6845799999999995,106.26106315789474,3,20,5,574406.0053333333
1774924227,2026-03-30 23:30:27,167.25,4.809297132627787,492.027,7.68455,106.26106315789474,3,20,5,576060.448
1774924232,2026-03-30 23:30:32,167.75,4.805721075731497,492.027,7.68455,106.26106315789474,3,20,5,577772.1813333334
1774924237,2026-03-30 23:30:37,168.25,4.802834513916872,492.027,7.68441,106.26106315789474,3,20,5,579386.8
1774924242,2026-03-30 23:30:42,168.75,4.799212944572576,492.027,7.68441,106.26106315789474,3,20,5,581100.6293333333
1774924247,2026-03-30 23:30:47,169.25,4.79600494310089,492.027,7.68441,106.26106315789474,3,20,5,582754.3733333333
1774924252,2026-03-30 23:30:52,169.75,4.793275558144695,492.027,7.68441,106.26106315789474,3,20,5,584385.76
1774924257,2026-03-30 23:30:57,170.5,4.788156818309029,492.027,7.68441,106.26106315789474,3,20,5,586928.9066666666
1774924263,2026-03-30 23:31:03,171.0,4.7846557952709645,492.027,7.6843699999999995,106.26106315789474,3,20,5,588623.1733333333
1774924268,2026-03-30 23:31:08,171.5,4.7812228469029145,492.027,7.6843699999999995,106.26106315789474,3,20,5,590335.6053333334
1774924273,2026-03-30 23:31:13,172.0,4.778188175074835,492.027,7.6843699999999995,106.26106315789474,3,20,5,591989.6986666666
1774924278,2026-03-30 23:31:18,172.5,4.774840881924729,492.027,7.68409,106.26106315789474,3,20,5,593701.0826666667
1774924283,2026-03-30 23:31:23,173.25,4.769860145683844,492.027,7.68409,106.26106315789474,3,20,5,596243.1813333334
1774924288,2026-03-30 23:31:28,173.5,4.768141187160745,492.027,7.68409,106.26106315789474,3,20,5,597096.6026666666
1774924293,2026-03-30 23:31:33,174.25,4.763035548389421,492.027,7.6843699999999995,106.26106315789474,3,20,5,599651.976
1774924298,2026-03-30 23:31:38,174.5,4.7613055142117,492.027,7.684200000000001,106.26106315789474,3,20,5,600502.952
1774924303,2026-03-30 23:31:43,175.25,4.756334029949129,492.027,7.68441,106.26252,3,20,5,603055.5306666667
1774924308,2026-03-30 23:31:48,175.75,4.7529877800242915,492.027,7.68441,106.26252,3,20,5,604763.7706666667
1774924313,2026-03-30 23:31:53,176.25,4.749802674218137,492.027,7.68455,106.26252,3,20,5,606452.7973333333
1774924318,2026-03-30 23:31:58,176.75,4.746584509412517,492.027,7.68441,106.26252,3,20,5,608165.928
1774924323,2026-03-30 23:32:03,177.25,4.744130153382926,492.027,7.68441,106.26252,3,20,5,609779.1493333334
1774924328,2026-03-30 23:32:08,177.5,4.743064597070893,492.027,7.68455,106.26252,3,20,5,610598.6853333333
1774924333,2026-03-30 23:32:13,178.0,4.773779493720897,492.027,7.68441,106.26252,3,20,5,612332.4266666666
1774924338,2026-03-30 23:32:18,178.75,4.7703089702121675,492.027,7.68441,106.26254631578946,3,20,5,614942.296
1774924343,2026-03-30 23:32:23,179.0,4.768956535428652,492.027,7.68441,106.26254631578946,3,20,5,615787.3333333334
1774924348,2026-03-30 23:32:28,179.5,4.766227651881908,492.027,7.68441,106.26254631578946,3,20,5,617526.3146666667
1774924353,2026-03-30 23:32:33,180.0,4.7634113779126555,492.027,7.68441,106.26254631578946,3,20,5,619243.9866666667
1774924358,2026-03-30 23:32:38,180.5,4.760582860512036,492.027,7.68441,106.26254631578946,3,20,5,620984.3653333334
1774924363,2026-03-30 23:32:43,181.0,4.75752130539753,492.027,7.68441,106.26254631578946,3,20,5,622705.5306666667
1774924368,2026-03-30 23:32:48,181.5,4.7546660179881,492.027,7.68441,106.26254631578946,3,20,5,624445.56
1774924373,2026-03-30 23:32:53,182.25,4.750256167286757,492.027,7.68441,106.26254631578946,3,20,5,627027.4826666666
1774924378,2026-03-30 23:32:58,182.5,4.748854640635751,492.027,7.68441,106.26254631578946,3,20,5,627900.4666666667
1774924383,2026-03-30 23:33:03,183.25,4.744748218994108,492.027,7.68441,106.26254631578946,3,20,5,630489.0266666666
1774924388,2026-03-30 23:33:08,183.5,4.743426592924593,492.027,7.68441,106.26254631578946,3,20,5,631352.5786666666
1774924393,2026-03-30 23:33:13,184.25,4.739494495706693,492.027,7.68441,106.26254631578946,3,20,5,633948.824
1774924398,2026-03-30 23:33:18,184.5,4.738251255342317,492.027,7.6843699999999995,106.26254631578946,3,20,5,634809.9306666667
1774924403,2026-03-30 23:33:23,185.25,4.733984737833807,492.027,7.6843699999999995,106.26254631578946,3,20,5,637399.5386666667
1774924408,2026-03-30 23:33:28,185.75,4.731122577734217,492.027,7.6843699999999995,106.26254631578946,3,20,5,639126.6426666667
1774924413,2026-03-30 23:33:33,186.25,4.728235944923823,492.027,7.684200000000001,106.26254631578946,3,20,5,640856.192
1774924418,2026-03-30 23:33:38,186.75,4.725425538120209,492.027,7.68409,106.26254631578946,3,20,5,642576.6586666667
1774924423,2026-03-30 23:33:43,187.25,4.722591351682983,492.027,7.68409,106.26254631578946,3,20,5,644316.688
1774924428,2026-03-30 23:33:48,187.75,4.719813586398289,492.027,7.68409,106.26254631578946,3,20,5,646037.1546666666
1774924433,2026-03-30 23:33:53,188.5,4.715859612495004,492.027,7.68409,106.26254631578946,3,20,5,648640.3866666667
1774924438,2026-03-30 23:33:58,188.75,4.71455003372356,492.027,7.68409,106.26254631578946,3,20,5,649497.6506666667
1774924444,2026-03-30 23:34:04,189.5,4.710782562143898,492.027,7.68399,106.26254631578946,3,20,5,652099.4853333334
1774924449,2026-03-30 23:34:09,189.75,4.709514327974064,492.027,7.68399,106.26254631578946,3,20,5,652948.7146666667
1774924454,2026-03-30 23:34:14,190.25,4.706925647089877,492.027,7.68399,106.26254631578946,3,20,5,654683.1546666666
1774924459,2026-03-30 23:34:19,190.75,4.704348262801105,492.027,7.68396,106.26254631578946,3,20,5,656400.4773333333
1774924464,2026-03-30 23:34:24,191.25,4.70184339687541,492.027,7.68396,106.26254631578946,3,20,5,658141.5546666667
1774924469,2026-03-30 23:34:29,192.0,4.697921020073231,492.027,7.68376,106.26254631578946,3,20,5,660732.2106666666
1774924474,2026-03-30 23:34:34,192.25,4.696695756432023,492.027,7.68376,106.26254631578946,3,20,5,661599.6053333334
1774924479,2026-03-30 23:34:39,192.75,4.694134258238895,492.027,7.683650000000001,106.26254631578946,3,20,5,663320.7706666667
1774924484,2026-03-30 23:34:44,193.25,4.69153527413278,492.027,7.683650000000001,106.26254631578946,3,20,5,665060.4506666666
1774924489,2026-03-30 23:34:49,193.75,4.688908759038486,492.027,7.683650000000001,106.26254631578946,3,20,5,666781.2666666667
1774924494,2026-03-30 23:34:54,194.5,4.685092680327868,492.027,7.68376,106.26254631578946,3,20,5,669384.4986666667
1774924499,2026-03-30 23:34:59,194.75,4.68384040660049,492.027,7.683859999999999,106.26254631578946,3,20,5,670233.3786666667
1774924504,2026-03-30 23:35:04,195.25,4.681583999935707,492.027,7.683650000000001,106.26254631578946,3,20,5,671967.12
1774924509,2026-03-30 23:35:09,195.75,4.679112590419392,492.027,7.683650000000001,106.26254631578946,3,20,5,673689.3333333334
1774924514,2026-03-30 23:35:14,196.25,4.676694830241781,492.027,7.683650000000001,106.26254631578946,3,20,5,675428.3146666667
1774924519,2026-03-30 23:35:19,196.75,4.674634589830292,492.027,7.683650000000001,106.26254631578946,3,20,5,677147.384
1774924524,2026-03-30 23:35:24,197.25,4.6721349435535195,492.027,7.68358,106.26254631578946,3,20,5,678887.4133333333
1774924529,2026-03-30 23:35:29,197.75,4.669737007490161,492.027,7.68358,106.26254631578946,3,20,5,680608.2293333333
1774924534,2026-03-30 23:35:34,198.25,4.6673375234266175,492.027,7.68357,106.26254631578946,3,20,5,682348.608
1774924539,2026-03-30 23:35:39,198.75,4.664908837185802,492.027,7.68357,106.26254631578946,3,20,5,684069.7733333333
1774924544,2026-03-30 23:35:44,199.25,4.662587114148923,492.027,7.68324,106.26254631578946,3,20,5,685803.1653333333
1774924549,2026-03-30 23:35:49,199.75,4.660929552218172,492.027,7.68324,106.26254631578946,3,20,5,687516.296
1774924554,2026-03-30 23:35:54,200.0,4.6601686737793395,492.027,7.68314,106.26254631578946,3,20,5,688388.5813333333
1774924559,2026-03-30 23:35:59,200.25,4.6597547378713795,492.027,7.682930000000001,106.26254631578946,3,20,5,689252.1333333333
1774924564,2026-03-30 23:36:04,201.0,4.657180175846134,492.027,7.682930000000001,106.26254631578946,3,20,5,691848.3786666667
1774924569,2026-03-30 23:36:09,201.25,4.656272580017462,492.027,7.68283,106.26254631578946,3,20,5,692709.136
1774924574,2026-03-30 23:36:14,201.75,4.6543467532039315,492.027,7.682729999999999,106.26254631578946,3,20,5,694429.952
1774924579,2026-03-30 23:36:19,202.25,4.653383232344545,492.027,7.68314,106.26254631578946,3,20,5,696167.8853333333
1774924584,2026-03-30 23:36:24,202.5,4.652743648630222,492.027,7.68314,106.26254631578946,3,20,5,697031.7866666666
1774924589,2026-03-30 23:36:29,203.25,4.65084110343337,492.027,7.68314,106.26254631578946,3,20,5,699628.032
1774924594,2026-03-30 23:36:34,203.5,4.649701342173431,492.027,7.68314,106.26254631578946,3,20,5,700490.8853333333
1774924599,2026-03-30 23:36:39,204.0,4.64745256047742,492.027,7.682930000000001,106.26254631578946,3,20,5,702209.6053333334
1774924604,2026-03-30 23:36:44,204.5,4.645234929912851,492.027,7.682930000000001,106.26254631578946,3,20,5,703948.936
1774924609,2026-03-30 23:36:49,205.0,4.643037170686911,492.027,7.682930000000001,106.26254631578946,3,20,5,705669.4026666667
1774924614,2026-03-30 23:36:54,205.5,4.640818035177721,492.027,7.682930000000001,106.26254631578946,3,20,5,707410.1306666667
1774924620,2026-03-30 23:37:00,206.0,4.638695806384794,492.027,7.682729999999999,106.26254631578946,3,20,5,709128.8506666666
1774924625,2026-03-30 23:37:05,206.5,4.636440243831287,492.027,7.68283,106.26254631578946,3,20,5,710864.3386666666
1774924630,2026-03-30 23:37:10,207.0,4.634216038135079,492.027,7.682729999999999,106.26254631578946,3,20,5,712577.8186666666
1774924635,2026-03-30 23:37:15,207.5,4.632099502600702,492.027,7.682729999999999,106.26254631578946,3,20,5,714316.8
1774924640,2026-03-30 23:37:20,208.0,4.630064037588994,492.027,7.68272,106.26254631578946,3,20,5,716037.616
1774924645,2026-03-30 23:37:25,208.5,4.628037159082702,492.027,7.68272,106.26254631578946,3,20,5,717775.2
1774924650,2026-03-30 23:37:30,208.75,4.626958761933389,492.027,7.68262,106.26254631578946,3,20,5,718629.32
1774924655,2026-03-30 23:37:35,209.25,4.625360368657791,492.027,7.68253,106.26254631578946,3,20,5,720363.4106666667
1774924660,2026-03-30 23:37:40,209.5,4.625541326644304,492.027,7.68262,106.26254631578946,3,20,5,721232.2026666667
1774924665,2026-03-30 23:37:45,210.0,4.627968511473646,492.027,7.68272,106.26254631578946,3,20,5,722954.0666666667
1774924670,2026-03-30 23:37:50,210.5,4.626501743472041,492.027,7.68272,106.26254631578946,3,20,5,724694.4453333333
1774924675,2026-03-30 23:37:55,210.75,4.625724700666905,492.027,7.68272,106.26254631578946,3,20,5,725534.9413333334
1774924680,2026-03-30 23:38:00,211.25,4.6243150877391,492.027,7.68272,106.26254631578946,3,20,5,727274.272
1774924685,2026-03-30 23:38:05,211.75,4.623351494488562,492.027,7.68272,106.26254631578946,3,20,5,728994.04
1774924690,2026-03-30 23:38:10,212.0,4.62498615993844,492.027,7.68272,106.26254631578946,3,20,5,729849.9066666666
1774924695,2026-03-30 23:38:15,212.5,4.6304872491437346,492.027,7.68272,106.26254631578946,3,20,5,731595.5253333333
1774924700,2026-03-30 23:38:20,213.0,4.629506153646755,492.027,7.68283,106.26254631578946,3,20,5,733314.2453333334
1774924705,2026-03-30 23:38:25,213.5,4.629116167097684,492.027,7.682930000000001,106.26254631578946,3,20,5,735052.8773333334
1774924710,2026-03-30 23:38:30,214.0,4.62741167591181,492.027,7.682930000000001,106.26254631578946,3,20,5,736773.6933333334
1774924715,2026-03-30 23:38:35,214.25,4.626401324352817,492.027,7.682930000000001,106.26254631578946,3,20,5,737637.944
1774924720,2026-03-30 23:38:40,214.75,4.624483982937946,492.027,7.68314,106.26254631578946,3,20,5,739357.712
1774924725,2026-03-30 23:38:45,215.25,4.622581154016556,492.027,7.68324,106.26254631578946,3,20,5,741096.6933333334
1774924730,2026-03-30 23:38:50,215.75,4.620619926253344,492.027,7.68314,106.26254631578946,3,20,5,742814.3653333334
1774924735,2026-03-30 23:38:55,216.25,4.618659768771034,492.027,7.68324,106.26254631578946,3,20,5,744553.696
1774924740,2026-03-30 23:39:00,216.75,4.61662473347227,492.027,7.682930000000001,106.26254631578946,3,20,5,746273.464
1774924745,2026-03-30 23:39:05,217.25,4.614753121000346,492.027,7.68324,106.26254631578946,3,20,5,748012.7946666667
1774924750,2026-03-30 23:39:10,217.75,4.612716779935461,492.027,7.68314,106.26254631578946,3,20,5,749732.5626666667
1774924755,2026-03-30 23:39:15,218.0,4.611643045873143,492.027,7.682930000000001,106.26254631578946,3,20,5,750595.0666666667
1774924760,2026-03-30 23:39:20,218.75,4.608538167832969,492.027,7.682930000000001,106.26254631578946,3,20,5,753183.976
1774924765,2026-03-30 23:39:25,219.25,4.606484555224905,492.027,7.68283,106.26254631578946,3,20,5,754919.464
1774924770,2026-03-30 23:39:30,219.75,4.604551642114879,492.027,7.68272,106.26254631578946,3,20,5,756641.328
1774924775,2026-03-30 23:39:35,220.0,4.603575007870424,492.027,7.68272,106.26254631578946,3,20,5,757515.36
1774924780,2026-03-30 23:39:40,220.75,4.600734863248834,492.027,7.68272,106.26254631578946,3,20,5,760098.68
1774924786,2026-03-30 23:39:46,221.25,4.598821763695135,492.027,7.68272,106.26254631578946,3,20,5,761837.6613333334
1774924791,2026-03-30 23:39:51,221.5,4.5978221487481585,492.027,7.68262,106.26254631578946,3,20,5,762700.864
1774924796,2026-03-30 23:39:56,222.0,4.595953505369051,492.027,7.68253,106.26254631578946,3,20,5,764422.3786666667
1774924801,2026-03-30 23:40:01,222.5,4.59429739387617,492.027,7.68253,106.26254631578946,3,20,5,766162.0586666666
1774924806,2026-03-30 23:40:06,223.0,4.592366643242939,492.027,7.68253,106.26254631578946,3,20,5,767881.8266666667
1774924811,2026-03-30 23:40:11,223.5,4.590565537723139,492.027,7.68253,106.26254631578946,3,20,5,769620.808
1774924816,2026-03-30 23:40:16,224.0,4.588699640584743,492.027,7.682320000000001,106.26254631578946,3,20,5,771341.624
1774924821,2026-03-30 23:40:21,224.5,4.586848039566335,492.027,7.682300000000001,106.26254631578946,3,20,5,773081.304
1774924826,2026-03-30 23:40:26,225.0,4.58496693364559,492.027,7.682300000000001,106.26254631578946,3,20,5,774802.12
1774924831,2026-03-30 23:40:31,225.5,4.583200638533437,492.027,7.68222,106.26254631578946,3,20,5,776536.56
1774924836,2026-03-30 23:40:36,226.0,4.581401179804597,492.027,7.68217,106.26254631578946,3,20,5,778250.3893333334
1774924841,2026-03-30 23:40:41,226.5,4.580738164506481,492.027,7.68222,106.26254631578946,3,20,5,779989.0213333333
1774924846,2026-03-30 23:40:46,227.0,4.579063690449873,492.027,7.68222,106.26254631578946,3,20,5,781708.44
1774924851,2026-03-30 23:40:51,227.25,4.578262183725295,492.027,7.68217,106.26254631578946,3,20,5,782584.568
1774924856,2026-03-30 23:40:56,227.75,4.576541350611436,492.027,7.68217,106.26254631578946,3,20,5,784300.4933333333
1774924861,2026-03-30 23:41:01,228.5,4.574204420555617,492.027,7.68222,106.26254631578946,3,20,5,786903.7253333334
1774924866,2026-03-30 23:41:06,229.0,4.573469986961761,492.027,7.68217,106.26254631578946,3,20,5,788620.0
1774924871,2026-03-30 23:41:11,229.25,4.5763100856408006,492.027,7.68222,106.26254631578946,3,20,5,789475.8666666667
1774924876,2026-03-30 23:41:16,229.75,4.61531811024353,492.027,7.682320000000001,106.26254631578946,3,20,5,791190.3946666666
1774924881,2026-03-30 23:41:21,230.25,4.620908347390214,492.027,7.682320000000001,106.26254631578946,3,20,5,792941.2533333333
1774924886,2026-03-30 23:41:26,230.75,4.620000861857127,492.027,7.682320000000001,106.26254631578946,3,20,5,794657.8773333334
1774924891,2026-03-30 23:41:31,231.0,4.6199124260345386,492.027,7.68262,106.26254631578946,3,20,5,795520.7306666666
1774924896,2026-03-30 23:41:36,231.5,4.618455923377046,492.027,7.68253,106.26254631578946,3,20,5,797259.712
1774924901,2026-03-30 23:41:41,232.0,4.617175547474857,492.027,7.68253,106.26254631578946,3,20,5,798978.0826666667
1774924906,2026-03-30 23:41:46,232.5,4.615734106938599,492.027,7.68262,106.26254631578946,3,20,5,800716.3653333334
1774924911,2026-03-30 23:41:51,233.0,4.614081939592979,492.027,7.68253,106.26254631578946,3,20,5,802435.784
1774924916,2026-03-30 23:41:56,233.5,4.612337550338455,492.027,7.68253,106.26254631578946,3,20,5,804176.8613333333
1774924921,2026-03-30 23:42:01,234.0,4.610621628765949,492.027,7.682320000000001,106.26254631578946,3,20,5,805898.7253333334
1774924926,2026-03-30 23:42:06,234.25,4.609868756077969,492.027,7.68253,106.26254631578946,3,20,5,806762.6266666667
1774924931,2026-03-30 23:42:11,234.75,4.60839185727263,492.027,7.68253,106.26254631578946,3,20,5,808480.648
1774924936,2026-03-30 23:42:16,235.25,4.606865772795137,492.027,7.68253,106.26254631578946,3,20,5,810219.6293333333
1774924941,2026-03-30 23:42:21,235.75,4.605354573640523,492.027,7.68253,106.26254631578946,3,20,5,811940.4453333333
1774924946,2026-03-30 23:42:26,236.0,4.604546975656426,492.027,7.682320000000001,106.26254631578946,3,20,5,812803.9973333334
1774924952,2026-03-30 23:42:32,236.5,4.602851438527633,492.027,7.682320000000001,106.26254631578946,3,20,5,814544.0266666666
1774924957,2026-03-30 23:42:37,237.0,4.60120229940722,492.027,7.682300000000001,106.26254631578946,3,20,5,816263.7946666667
1774924962,2026-03-30 23:42:42,237.5,4.5995689807753255,492.027,7.682300000000001,106.26254631578946,3,20,5,817999.9813333333
1774924967,2026-03-30 23:42:47,238.0,4.606540760040055,492.027,7.682320000000001,106.26254631578946,3,20,5,819718.352
1774924972,2026-03-30 23:42:52,238.5,4.604444170611129,492.027,7.682300000000001,106.26254631578946,3,20,5,821428.688
1774924977,2026-03-30 23:42:57,239.0,4.6024636141492605,492.027,7.682320000000001,106.26254631578946,3,20,5,823125.0506666667
1774924982,2026-03-30 23:43:02,239.5,4.6004500494396146,492.027,7.682300000000001,106.26254631578946,3,20,5,824832.9413333334
1774924987,2026-03-30 23:43:07,240.0,4.598442818804223,492.027,7.682320000000001,106.26254631578946,3,20,5,826522.6666666666
1774924992,2026-03-30 23:43:12,240.75,4.595438099249765,492.027,7.682320000000001,106.26254631578946,3,20,5,829073.848
1774924997,2026-03-30 23:43:17,241.25,4.593509257720703,492.027,7.682320000000001,106.26254631578946,3,20,5,830786.6293333333
1774925002,2026-03-30 23:43:22,241.75,4.591601987444226,492.027,7.682320000000001,106.26254631578946,3,20,5,832478.4506666666
1774925007,2026-03-30 23:43:27,242.25,4.589562145904525,492.027,7.682320000000001,106.26254631578946,3,20,5,834185.2933333333
1774925012,2026-03-30 23:43:32,242.75,4.587554655006716,492.027,7.682300000000001,106.26254631578946,3,20,5,835872.9226666667
1774925017,2026-03-30 23:43:37,243.25,4.585569817881819,492.027,7.6824200000000005,106.26254631578946,3,20,5,837585.0053333333
1774925022,2026-03-30 23:43:42,244.0,4.5825492752133234,492.027,7.682320000000001,106.26254631578946,3,20,5,840141.776
1774925027,2026-03-30 23:43:47,244.5,4.580612164768647,492.027,7.682300000000001,106.26254631578946,3,20,5,841830.4533333334
1774925032,2026-03-30 23:43:52,244.75,4.579664661730041,492.027,7.68222,106.26254631578946,3,20,5,842684.224
1774925037,2026-03-30 23:43:57,245.25,4.577783748082234,492.027,7.68217,106.26254631578946,3,20,5,844396.656
1774925042,2026-03-30 23:44:02,245.75,4.575925197050117,492.027,7.68217,106.26254631578946,3,20,5,846089.5253333333
1774925047,2026-03-30 23:44:07,246.25,4.574054572476316,492.027,7.68217,106.26254631578946,3,20,5,847801.2586666667
1774925052,2026-03-30 23:44:12,247.0,4.571213072204732,492.027,7.681709999999999,106.26254631578946,3,20,5,850344.4053333333
1774925057,2026-03-30 23:44:17,247.5,4.5692961685922775,492.027,7.68201,106.26254631578946,3,20,5,852038.3226666667
1774925062,2026-03-30 23:44:22,248.0,4.567547898553657,492.027,7.68201,106.26254631578946,3,20,5,853751.104
1774925067,2026-03-30 23:44:27,248.5,4.565872009336833,492.027,7.6820900000000005,106.26254631578946,3,20,5,855443.624
1774925072,2026-03-30 23:44:32,249.0,4.563943353077466,492.027,7.681709999999999,106.26254631578946,3,20,5,857154.3093333333
1774925077,2026-03-30 23:44:37,249.5,4.5620882860661505,492.027,7.681709999999999,106.26254631578946,3,20,5,858843.6853333333
1774925082,2026-03-30 23:44:42,250.0,4.560258548359586,492.027,7.68167,106.26254631578946,3,20,5,860551.2266666667
1774925087,2026-03-30 23:44:47,250.5,4.558655623360369,492.027,7.681709999999999,106.26254631578946,3,20,5,862244.4453333333
1774925092,2026-03-30 23:44:52,250.75,4.557815605481644,492.027,7.68201,106.26254631578946,3,20,5,863103.1066666667
1774925097,2026-03-30 23:44:57,251.5,4.558493806721851,492.027,7.68222,106.26254631578946,3,20,5,865648.0
1774925102,2026-03-30 23:45:02,252.0,4.560177968398527,492.027,7.68217,106.26254631578946,3,20,5,867360.0826666667
1774925107,2026-03-30 23:45:07,252.5,4.558502174629979,492.027,7.68217,106.26254631578946,3,20,5,869054.3493333333
1774925112,2026-03-30 23:45:12,252.75,4.55952709159472,492.027,7.68217,106.26254631578946,3,20,5,869903.5786666666
1774925117,2026-03-30 23:45:17,253.25,4.557908942210558,492.027,7.68217,106.26254631578946,3,20,5,871616.36
1774925123,2026-03-30 23:45:23,253.75,4.556531020164081,492.027,7.68217,106.26254631578946,3,20,5,873300.1466666666
1774925128,2026-03-30 23:45:28,254.25,4.561936770938147,492.027,7.68222,106.26254631578946,3,20,5,875018.8666666667
1774925133,2026-03-30 23:45:33,254.75,4.5616430131436445,492.027,7.68222,106.26254631578946,3,20,5,876712.784
1774925138,2026-03-30 23:45:38,255.25,4.561250217352855,492.027,7.682300000000001,106.26254631578946,3,20,5,878428.36
1774925143,2026-03-30 23:45:43,255.75,4.559360334166913,492.027,7.682320000000001,106.26254631578946,3,20,5,880121.928
1774925148,2026-03-30 23:45:48,256.25,4.557519361064892,492.027,7.682300000000001,106.26254631578946,3,20,5,881830.8666666667
1774925153,2026-03-30 23:45:53,256.75,4.555579289196054,492.027,7.68222,106.26254631578946,3,20,5,883520.9413333334
1774925158,2026-03-30 23:45:58,257.25,4.553665931607683,492.027,7.682300000000001,106.26254631578946,3,20,5,885228.4826666666
1774925163,2026-03-30 23:46:03,257.75,4.55176294823392,492.027,7.68217,106.26254631578946,3,20,5,886923.7973333333
1774925168,2026-03-30 23:46:08,258.25,4.549875635719141,492.027,7.68222,106.26254631578946,3,20,5,888636.928
1774925173,2026-03-30 23:46:13,258.75,4.547947198943492,492.027,7.68217,106.26254631578946,3,20,5,890329.7973333333
1774925178,2026-03-30 23:46:18,259.5,4.545160556779743,492.027,7.68217,106.26254631578946,3,20,5,892875.7386666667
1774925183,2026-03-30 23:46:23,260.0,4.5432642024211445,492.027,7.68217,106.26254631578946,3,20,5,894588.52
1774925188,2026-03-30 23:46:28,260.5,4.541376570761528,492.027,7.68217,106.26254631578946,3,20,5,896283.8346666667
1774925193,2026-03-30 23:46:33,261.0,4.539481136542712,492.027,7.68201,106.26254631578946,3,20,5,897994.52
1774925198,2026-03-30 23:46:38,261.5,4.537625295722643,492.027,7.68201,106.26254631578946,3,20,5,899689.8346666667
1774925203,2026-03-30 23:46:43,262.0,4.53577365358476,492.027,7.68201,106.26254631578946,3,20,5,901404.0133333333
1774925208,2026-03-30 23:46:48,262.5,4.53394456520493,492.027,7.6820900000000005,106.26254631578946,3,20,5,903099.328
1774925213,2026-03-30 23:46:53,263.0,4.53206491370268,492.027,7.68201,106.26254631578946,3,20,5,904812.808
1774925218,2026-03-30 23:46:58,263.5,4.53033884410393,492.027,7.6820900000000005,106.26254631578946,3,20,5,906502.184
1774925223,2026-03-30 23:47:03,264.0,4.528554188942719,492.027,7.681709999999999,106.26254631578946,3,20,5,908207.9786666667
1774925228,2026-03-30 23:47:08,264.5,4.526767242391201,492.027,7.68167,106.26254631578946,3,20,5,909898.752
1774925233,2026-03-30 23:47:13,265.0,4.525033275858806,492.027,7.68167,106.26254631578946,3,20,5,911611.8826666666
1774925238,2026-03-30 23:47:18,265.5,4.523246269764806,492.027,7.6815,106.26254631578946,3,20,5,913304.4026666667
1774925243,2026-03-30 23:47:23,266.0,4.521509488592439,492.027,7.6815,106.2663152631579,3,20,5,915016.8346666667
1774925248,2026-03-30 23:47:28,266.75,4.518975144683652,492.027,7.681419999999999,106.2663152631579,3,20,5,917561.728
1774925253,2026-03-30 23:47:33,267.25,4.5172394158768885,492.027,7.681310000000001,106.2663152631579,3,20,5,919274.16
1774925258,2026-03-30 23:47:38,267.5,4.51648541234649,492.027,7.6813,106.2663152631579,3,20,5,920118.4986666667
1774925263,2026-03-30 23:47:43,268.0,4.515338110133808,492.027,7.681310000000001,106.2663152631579,3,20,5,921829.8826666666
1774925268,2026-03-30 23:47:48,268.5,4.5136790488932474,492.027,7.6813,106.2663152631579,3,20,5,923518.56
1774925273,2026-03-30 23:47:53,269.25,4.511142040374406,492.027,7.6813,106.2663152631579,3,20,5,926088.6053333334
1774925278,2026-03-30 23:47:58,269.75,4.50944587738217,492.027,7.6813,106.2663152631579,3,20,5,927782.1733333333
1774925283,2026-03-30 23:48:03,270.25,4.507771161965296,492.027,7.6813,106.2663152631579,3,20,5,929494.9546666667
1774925288,2026-03-30 23:48:08,271.0,4.505189135514018,492.027,7.6813,106.2663152631579,3,20,5,932038.8
1774925294,2026-03-30 23:48:14,271.5,4.503480058649672,492.027,7.6813,106.2663152631579,3,20,5,933733.0666666667
1774925299,2026-03-30 23:48:19,272.0,4.501750697934913,492.027,7.6813,106.2663152631579,3,20,5,935447.2453333334
1774925304,2026-03-30 23:48:24,272.5,4.500061283748964,492.027,7.6813,106.2663152631579,3,20,5,937141.1626666667
1774925309,2026-03-30 23:48:29,273.0,4.4984848859649125,492.027,7.681190000000001,106.2663152631579,3,20,5,938849.752
1774925314,2026-03-30 23:48:34,273.5,4.496951097597873,492.027,7.681190000000001,106.2663152631579,3,20,5,940537.7306666666
1774925319,2026-03-30 23:48:39,274.0,4.495340126246911,492.027,7.681190000000001,106.2663152631579,3,20,5,942244.9226666667
1774925324,2026-03-30 23:48:44,274.5,4.493846890974696,492.027,7.681190000000001,106.2663152631579,3,20,5,943938.1413333333
1774925329,2026-03-30 23:48:49,274.75,4.493185793876061,492.027,7.6813,106.2663152631579,3,20,5,944799.9466666667
1774925334,2026-03-30 23:48:54,275.25,4.491862208936868,492.027,7.681190000000001,106.2663152631579,3,20,5,946508.536
1774925339,2026-03-30 23:48:59,276.0,4.489552902698282,492.027,7.681190000000001,106.2663152631579,3,20,5,949054.128
1774925344,2026-03-30 23:49:04,276.5,4.488029143012605,492.027,7.68104,106.2663152631579,3,20,5,950747.696
1774925349,2026-03-30 23:49:09,277.0,4.486448253462479,492.027,7.681190000000001,106.2663152631579,3,20,5,952460.4773333333
1774925354,2026-03-30 23:49:14,277.5,4.484943708005783,492.027,7.681190000000001,106.2663152631579,3,20,5,954152.2986666666
1774925359,2026-03-30 23:49:19,278.25,4.482595696539605,492.027,7.681190000000001,106.2663152631579,3,20,5,956715.008
1774925364,2026-03-30 23:49:24,278.75,4.481117029909148,492.027,7.681190000000001,106.2663152631579,3,20,5,958409.624
1774925369,2026-03-30 23:49:29,279.0,4.480389797429676,492.027,7.68104,106.2663152631579,3,20,5,959258.504
1774925374,2026-03-30 23:49:34,279.5,4.478863254911635,492.027,7.68093,106.2663152631579,3,20,5,960953.4693333333
1774925379,2026-03-30 23:49:39,280.25,4.476593375771674,492.027,7.68093,106.2663152631579,3,20,5,963523.1653333333
1774925384,2026-03-30 23:49:44,280.75,4.475159687282307,492.027,7.68093,106.2663152631579,3,20,5,965211.4933333333
1774925389,2026-03-30 23:49:49,281.25,4.473618632165463,492.027,7.68104,106.2663152631579,3,20,5,966920.7813333333
1774925394,2026-03-30 23:49:54,281.75,4.472101697027677,492.027,7.68104,106.2663152631579,3,20,5,968614.3493333333
1774925399,2026-03-30 23:49:59,282.25,4.470650889757484,492.027,7.68093,106.2663152631579,3,20,5,970324.336
1774925404,2026-03-30 23:50:04,282.75,4.469163792852709,492.027,7.68093,106.2663152631579,3,20,5,972018.2533333333
1774925409,2026-03-30 23:50:09,283.25,4.467676694741966,492.027,7.68093,106.2663152631579,3,20,5,973731.7333333333
1774925414,2026-03-30 23:50:14,283.75,4.466160428558806,492.027,7.68093,106.2663152631579,3,20,5,975424.6026666666
1774925419,2026-03-30 23:50:19,284.25,4.46472728433448,492.027,7.68093,106.2663152631579,3,20,5,977137.0346666666
1774925424,2026-03-30 23:50:24,284.75,4.463232910407678,492.027,7.68088,106.2663152631579,3,20,5,978829.5546666667
1774925429,2026-03-30 23:50:29,285.25,4.4617911048606835,492.027,7.68088,106.2663152631579,3,20,5,980537.096
1774925434,2026-03-30 23:50:34,285.75,4.461471887075547,492.027,7.68083,106.2663152631579,3,20,5,982225.0746666667
1774925439,2026-03-30 23:50:39,286.25,4.460198814530964,492.027,7.68083,106.2663152631579,3,20,5,983936.1093333333
1774925444,2026-03-30 23:50:44,286.75,4.462456335009181,492.027,7.68088,106.2663152631579,3,20,5,985625.136
1774925449,2026-03-30 23:50:49,287.25,4.469770879462338,492.027,7.68104,106.2663152631579,3,20,5,987328.8346666667
1774925454,2026-03-30 23:50:54,287.75,4.500299778644245,492.027,7.68104,108.07978894736841,3,20,5,989008.4293333333
1774925459,2026-03-30 23:50:59,288.0,4.516824979498563,492.027,7.681190000000001,108.07978894736841,3,20,5,989870.584
1774925464,2026-03-30 23:51:04,288.5,4.52650073429217,492.027,7.681310000000001,108.07978894736841,3,20,5,991563.104
1774925470,2026-03-30 23:51:10,289.0,4.524964550273271,492.027,7.6813,108.07978894736841,3,20,5,993249.336
1774925475,2026-03-30 23:51:15,289.5,4.523882398129303,492.027,7.6813,108.07978894736841,3,20,5,994874.784
1774925480,2026-03-30 23:51:20,290.0,4.522560908654677,492.027,7.681190000000001,108.07978894736841,3,20,5,996533.4186666667
1774925485,2026-03-30 23:51:25,290.5,4.521201008199552,492.027,7.681190000000001,108.07978894736841,3,20,5,998226.6373333334
1774925490,2026-03-30 23:51:30,291.0,4.519778461011546,492.027,7.681190000000001,108.07978894736841,3,20,5,999939.0693333333
1774925495,2026-03-30 23:51:35,291.5,4.518258706992947,492.027,7.681190000000001,108.07978894736841,3,20,5,1001632.9866666667
1774925500,2026-03-30 23:51:40,292.0,4.5195009744976815,492.027,7.681190000000001,108.07978894736841,3,20,5,1003341.576
1774925505,2026-03-30 23:51:45,292.5,4.518824765258015,492.027,7.681310000000001,108.07978894736841,3,20,5,1005030.952
1774925510,2026-03-30 23:51:50,293.0,4.517293292486737,492.027,7.681310000000001,108.07978894736841,3,20,5,1006738.4933333333
1774925515,2026-03-30 23:51:55,293.5,4.516980261660688,492.027,7.681310000000001,108.07978894736841,3,20,5,1008432.76
1774925520,2026-03-30 23:52:00,294.0,4.517154864446529,492.027,7.68167,108.07978894736841,3,20,5,1010144.8426666667
1774925525,2026-03-30 23:52:05,294.5,4.515693315511664,492.027,7.6816,108.07978894736841,3,20,5,1011834.568
1774925530,2026-03-30 23:52:10,295.0,4.51542252553969,492.027,7.681709999999999,108.07978894736841,3,20,5,1013550.4933333333
1774925535,2026-03-30 23:52:15,295.5,4.513889867427456,492.027,7.6816,108.07978894736841,3,20,5,1015244.0613333334
1774925540,2026-03-30 23:52:20,296.25,4.5116516843263375,492.027,7.68167,108.07978894736841,3,20,5,1017803.976
1774925545,2026-03-30 23:52:25,296.75,4.510206985890504,492.027,7.6816,108.07978894736841,3,20,5,1019497.1946666667
1774925550,2026-03-30 23:52:30,297.25,4.508807064018218,492.027,7.6816,108.07978894736841,3,20,5,1021204.736
1774925555,2026-03-30 23:52:35,297.75,4.507249999200067,492.027,7.681419999999999,108.07978894736841,3,20,5,1022902.8453333334
1774925560,2026-03-30 23:52:40,298.25,4.505731592762273,492.027,7.681310000000001,108.07978894736841,3,20,5,1024603.7493333333
1774925565,2026-03-30 23:52:45,299.0,4.503427409273855,492.027,7.681419999999999,108.07978894736841,3,20,5,1027158.0746666667
1774925570,2026-03-30 23:52:50,299.5,4.5018867209944755,492.027,7.681310000000001,108.07978894736841,3,20,5,1028853.3893333334
1774925575,2026-03-30 23:52:55,299.75,4.50111093743727,492.027,7.681310000000001,108.07978894736841,3,20,5,1029708.208
1774925580,2026-03-30 23:53:00,300.5,4.498876177957617,492.027,7.6813,108.07978894736841,3,20,5,1032261.136
1774925585,2026-03-30 23:53:05,301.0,4.4973385195319,492.027,7.6813,108.07978894736841,3,20,5,1033973.568
1774925590,2026-03-30 23:53:10,301.5,4.495843016963247,492.027,7.6813,108.07978894736841,3,20,5,1035665.04
1774925595,2026-03-30 23:53:15,302.0,4.494346569400631,492.027,7.6813,108.07978894736841,3,20,5,1037371.8826666666
1774925600,2026-03-30 23:53:20,302.5,4.492872218672303,492.027,7.6813,108.07978894736841,3,20,5,1039060.9093333334
1774925605,2026-03-30 23:53:25,303.25,4.490690991732804,492.027,7.6813,108.07978894736841,3,20,5,1041616.632
1774925610,2026-03-30 23:53:30,303.75,4.489248306413008,492.027,7.6813,108.07978894736841,3,20,5,1043328.3653333334
1774925615,2026-03-30 23:53:35,304.25,4.487853108932102,492.027,7.6813,108.07978894736841,3,20,5,1045015.9946666667
1774925620,2026-03-30 23:53:40,304.75,4.486466390054295,492.027,7.6813,108.07978894736841,3,20,5,1046723.1866666666
1774925625,2026-03-30 23:53:45,305.25,4.484987203063404,492.027,7.6813,108.07978894736841,3,20,5,1048416.056
1774925630,2026-03-30 23:53:50,305.75,4.483567913824205,492.027,7.681190000000001,108.07978894736841,3,20,5,1050129.1866666668
1774925635,2026-03-30 23:53:55,306.25,4.482083464759332,492.027,7.68104,108.07978894736841,3,20,5,1051816.816
1774925641,2026-03-30 23:54:01,306.75,4.494887639097745,492.027,7.681190000000001,108.07978894736841,3,20,5,1053513.8773333333
1774925646,2026-03-30 23:54:06,307.25,4.524482444149804,492.027,7.681190000000001,108.07978894736841,3,20,5,1055198.0133333334
1774925651,2026-03-30 23:54:11,307.75,4.559314290933529,492.027,7.681190000000001,108.07978894736841,3,20,5,1056914.288
1774925656,2026-03-30 23:54:16,308.25,4.576279506770769,492.027,7.6813,108.07978894736841,3,20,5,1058547.7706666666
1774925661,2026-03-30 23:54:21,308.75,4.588682637149818,492.027,7.6813,108.07978894736841,3,20,5,1060235.0506666666
1774925666,2026-03-30 23:54:26,309.25,4.5883009132955,492.027,7.6813,108.07978894736841,3,20,5,1061923.3786666666
1774925671,2026-03-30 23:54:31,309.75,4.58989301096722,492.027,7.681310000000001,108.07978894736841,3,20,5,1063613.104
1774925676,2026-03-30 23:54:36,310.25,4.614900509131313,492.027,7.681310000000001,108.07978894736841,3,20,5,1065294.4453333332
1774925681,2026-03-30 23:54:41,310.5,4.633459490553088,492.027,7.681419999999999,108.0879994736842,3,20,5,1066161.4906666668
1774925686,2026-03-30 23:54:46,310.75,4.645152681363453,492.027,7.6816,108.0879994736842,3,20,5,1067014.2133333334
1774925691,2026-03-30 23:54:51,311.25,4.659023698389046,492.027,7.6820900000000005,108.0879994736842,3,20,5,1068702.192
1774925696,2026-03-30 23:54:56,311.75,4.672566636429433,492.027,7.6820900000000005,108.0879994736842,3,20,5,1070387.7253333332
1774925701,2026-03-30 23:55:01,312.25,4.6912236656630135,492.027,7.68217,108.0879994736842,3,20,5,1072070.1146666666
1774925706,2026-03-30 23:55:06,312.75,4.697103512766043,492.027,7.68217,108.0879994736842,3,20,5,1073773.464
1774925711,2026-03-30 23:55:11,313.25,4.699906905918604,492.027,7.682300000000001,108.0879994736842,3,20,5,1075476.1146666666
1774925716,2026-03-30 23:55:16,313.75,4.698296583363299,492.027,7.682300000000001,108.0879994736842,3,20,5,1077182.608
1774925721,2026-03-30 23:55:21,314.0,4.698584238971615,492.027,7.6824200000000005,108.0879994736842,3,20,5,1078037.776
1774925726,2026-03-30 23:55:26,314.75,4.6975048678163205,492.027,7.68253,108.0879994736842,3,20,5,1080582.6693333334
1774925731,2026-03-30 23:55:31,315.25,4.695722046761302,492.027,7.68253,108.0879994736842,3,20,5,1082277.984
1774925736,2026-03-30 23:55:36,315.75,4.69399813029497,492.027,7.68253,108.0879994736842,3,20,5,1083989.368
1774925741,2026-03-30 23:55:41,316.25,4.69231100669864,492.027,7.68253,108.0879994736842,3,20,5,1085683.6346666666
1774925746,2026-03-30 23:55:46,316.75,4.6906039610194314,492.027,7.6824200000000005,108.0879994736842,3,20,5,1087397.1146666666
1774925751,2026-03-30 23:55:51,317.5,4.688022831181649,492.027,7.682320000000001,108.0879994736842,3,20,5,1089942.3573333332
1774925756,2026-03-30 23:55:56,318.0,4.687255270290512,492.027,7.682320000000001,108.0879994736842,3,20,5,1091654.0906666666
1774925761,2026-03-30 23:56:01,318.25,4.686458909173264,492.027,7.682320000000001,108.0879994736842,3,20,5,1092496.3333333333
1774925766,2026-03-30 23:56:06,318.75,4.684767549372763,492.027,7.682320000000001,108.0879994736842,3,20,5,1094203.5253333333
1774925771,2026-03-30 23:56:11,319.5,4.682205671191495,492.027,7.682320000000001,108.0879994736842,3,20,5,1096756.104
1774925776,2026-03-30 23:56:16,320.0,4.680519218535783,492.027,7.682300000000001,108.0879994736842,3,20,5,1098469.9333333333
1774925781,2026-03-30 23:56:21,320.5,4.678800502405256,492.027,7.68217,108.0879994736842,3,20,5,1100162.8026666667
1774925786,2026-03-30 23:56:26,321.0,4.677151833456988,492.027,7.68217,108.0879994736842,3,20,5,1101869.9946666667
1774925791,2026-03-30 23:56:31,321.5,4.675447293422745,492.027,7.68217,108.0879994736842,3,20,5,1103558.672
1774925796,2026-03-30 23:56:36,322.0,4.673785616100276,492.027,7.68217,108.0879994736842,3,20,5,1105271.104
1774925801,2026-03-30 23:56:41,322.5,4.672140211395701,492.027,7.68217,108.0879994736842,3,20,5,1106965.0213333333
1774925806,2026-03-30 23:56:46,323.0,4.670457060925919,492.027,7.68217,108.0879994736842,3,20,5,1108676.7546666667
1774925811,2026-03-30 23:56:51,323.75,4.667957228735143,492.027,7.68217,108.0879994736842,3,20,5,1111222.696
1774925817,2026-03-30 23:56:57,324.25,4.66644742212687,492.027,7.68217,108.0879994736842,3,20,5,1112913.8186666667
1774925822,2026-03-30 23:57:02,324.75,4.66487320309545,492.027,7.68217,108.0879994736842,3,20,5,1114626.6
1774925827,2026-03-30 23:57:07,325.25,4.6633591492543065,492.027,7.68217,108.0879994736842,3,20,5,1116319.12
1774925832,2026-03-30 23:57:12,325.75,4.66179107653238,492.027,7.68217,108.0879994736842,3,20,5,1118032.2506666668
1774925837,2026-03-30 23:57:17,326.25,4.660254856621461,492.027,7.6820900000000005,108.0879994736842,3,20,5,1119725.8186666667
1774925842,2026-03-30 23:57:22,326.75,4.658657237715294,492.027,7.6820900000000005,108.0879994736842,3,20,5,1121439.2986666667
1774925847,2026-03-30 23:57:27,327.25,4.6571228262668045,492.027,7.68201,108.0879994736842,3,20,5,1123133.9146666666
1774925852,2026-03-30 23:57:32,327.75,4.655594854067077,492.027,7.681709999999999,108.0879994736842,3,20,5,1124843.2026666666
1774925857,2026-03-30 23:57:37,328.25,4.6554641124136085,492.027,7.6820900000000005,108.0879994736842,3,20,5,1126532.2293333334
1774925862,2026-03-30 23:57:42,328.75,4.653815055701704,492.027,7.681709999999999,108.0879994736842,3,20,5,1128240.12
1774925867,2026-03-30 23:57:47,329.25,4.652197269405002,492.027,7.68201,108.0879994736842,3,20,5,1129934.736
1774925872,2026-03-30 23:57:52,329.75,4.650550156752442,492.027,7.681709999999999,108.0879994736842,3,20,5,1131648.216
1774925877,2026-03-30 23:57:57,330.5,4.648085069968523,492.027,7.681709999999999,108.0879994736842,3,20,5,1134199.7466666666
1774925882,2026-03-30 23:58:02,331.0,4.6464321533946755,492.027,7.6816,108.0879994736842,3,20,5,1135907.288
1774925887,2026-03-30 23:58:07,331.5,4.644828778554954,492.027,7.6816,108.0879994736842,3,20,5,1137601.2053333332
1774925892,2026-03-30 23:58:12,332.0,4.643282094265545,492.027,7.6816,108.0879994736842,3,20,5,1139313.6373333333
1774925897,2026-03-30 23:58:17,332.5,4.641691692261299,492.027,7.6816,108.0879994736842,3,20,5,1141006.1573333333
1774925902,2026-03-30 23:58:22,333.0,4.640141005231661,492.027,7.6815,108.0879994736842,3,20,5,1142718.5893333333
1774925907,2026-03-30 23:58:27,333.75,4.637845903751549,492.027,7.6815,108.0879994736842,3,20,5,1145261.3866666667
1774925912,2026-03-30 23:58:32,334.25,4.63627889290937,492.027,7.6815,108.0879994736842,3,20,5,1146956.0026666666
1774925917,2026-03-30 23:58:37,334.5,4.635510748548091,492.027,7.6815,108.0879994736842,3,20,5,1147817.4586666666
1774925922,2026-03-30 23:58:42,335.0,4.633961883459913,492.027,7.6816,108.0879994736842,3,20,5,1149527.096
1774925927,2026-03-30 23:58:47,335.75,4.631614597185412,492.027,7.68167,108.0879994736842,3,20,5,1152074.0853333334
1774925932,2026-03-30 23:58:52,336.0,4.630869150956768,492.027,7.6816,108.0879994736842,3,20,5,1152924.0133333334
1774925937,2026-03-30 23:58:57,336.5,4.629312163320794,492.027,7.6815,108.0879994736842,3,20,5,1154617.9306666667
1774925942,2026-03-30 23:59:02,337.0,4.62793050820038,492.027,7.6816,108.0879994736842,3,20,5,1156329.664
1774925947,2026-03-30 23:59:07,337.75,4.625660561467958,492.027,7.681419999999999,108.0879994736842,3,20,5,1158877.7013333333
1774925952,2026-03-30 23:59:12,338.25,4.624185074808255,492.027,7.681419999999999,108.0879994736842,3,20,5,1160566.0293333333
1774925957,2026-03-30 23:59:17,338.5,4.6234667904031985,492.027,7.681310000000001,108.0879994736842,3,20,5,1161428.5333333334
1774925962,2026-03-30 23:59:22,339.25,4.621446659241198,492.027,7.681310000000001,108.0879994736842,3,20,5,1163969.584
1774925967,2026-03-30 23:59:27,339.75,4.620092364749714,492.027,7.681310000000001,108.0879994736842,3,20,5,1165679.5706666666
1774925972,2026-03-30 23:59:32,340.25,4.619352358318907,492.027,7.681310000000001,108.0879994736842,3,20,5,1167373.1386666666
1774925977,2026-03-30 23:59:37,340.75,4.618497652800764,492.027,7.681310000000001,108.0879994736842,3,20,5,1169085.92
1774925983,2026-03-30 23:59:43,341.0,4.618078186592671,492.027,7.681310000000001,108.0879994736842,3,20,5,1169935.1493333334
1774925988,2026-03-30 23:59:48,341.5,4.616811135527909,492.027,7.681310000000001,108.0879994736842,3,20,5,1171628.7173333333
1774925993,2026-03-30 23:59:53,342.0,4.61539939675327,492.027,7.681310000000001,108.0879994736842,3,20,5,1173338.3546666666
1774925998,2026-03-30 23:59:58,342.75,4.6133783183297385,492.027,7.681310000000001,108.0879994736842,3,20,5,1175886.0426666667
1774926003,2026-03-31 00:00:03,343.0,4.612645477328364,492.027,7.681310000000001,108.0879994736842,3,20,5,1176746.8
1774926008,2026-03-31 00:00:08,343.5,4.611196281987669,492.027,7.6813,108.0879994736842,3,20,5,1178439.6693333334
1774926013,2026-03-31 00:00:13,344.0,4.610878590804765,492.027,7.6813,108.0879994736842,3,20,5,1180153.848
1774926018,2026-03-31 00:00:18,344.75,4.608773878039914,492.027,7.6813,108.0879994736842,3,20,5,1182694.8986666666
1774926023,2026-03-31 00:00:23,345.0,4.608114250281521,492.027,7.6813,108.0879994736842,3,20,5,1183550.0666666667
1774926028,2026-03-31 00:00:28,345.5,4.606819192970366,492.027,7.6813,108.0879994736842,3,20,5,1185237.696
1774926033,2026-03-31 00:00:33,346.0,4.605412872106922,492.027,7.6813,108.0879994736842,3,20,5,1186951.5253333333
1774926038,2026-03-31 00:00:38,346.5,4.604034394408478,492.027,7.6813,108.0879994736842,3,20,5,1188644.3946666666
1774926043,2026-03-31 00:00:43,347.0,4.602704554841273,492.027,7.681190000000001,108.0879994736842,3,20,5,1190356.4773333333
1774926048,2026-03-31 00:00:48,347.5,4.601267401060261,492.027,7.681190000000001,108.0879994736842,3,20,5,1192050.744
1774926053,2026-03-31 00:00:53,348.25,4.598981090503436,492.027,7.681190000000001,108.0879994736842,3,20,5,1194560.704
1774926058,2026-03-31 00:00:58,348.5,4.598386613780207,492.027,7.681190000000001,108.0879994736842,3,20,5,1195370.4586666666
1774926063,2026-03-31 00:01:03,349.0,4.596881673046538,492.027,7.681190000000001,108.0879994736842,3,20,5,1197054.5946666666
1774926068,2026-03-31 00:01:08,349.75,4.5946731362691695,492.027,7.68104,108.0879994736842,3,20,5,1199557.9173333333
1774926073,2026-03-31 00:01:13,350.0,4.594057802664088,492.027,7.68104,108.0879994736842,3,20,5,1200356.144
1774926078,2026-03-31 00:01:18,350.5,4.594172151142417,492.027,7.68093,108.0879994736842,3,20,5,1202049.0133333334
1774926083,2026-03-31 00:01:23,351.25,4.600271797017163,492.027,7.68104,108.0879994736842,3,20,5,1204596.7013333333
1774926088,2026-03-31 00:01:28,351.75,4.607566676809064,492.027,7.68104,108.0879994736842,3,20,5,1206311.928
1774926093,2026-03-31 00:01:33,352.0,4.6083735464093705,492.027,7.681190000000001,108.0879994736842,3,20,5,1207167.096
1774926098,2026-03-31 00:01:38,352.5,4.608797388096846,492.027,7.6813,108.0879994736842,3,20,5,1208862.4106666667
1774926103,2026-03-31 00:01:43,353.25,4.60745198194203,492.027,7.681190000000001,108.0879994736842,3,20,5,1211407.6533333333
1774926108,2026-03-31 00:01:48,353.5,4.606743614280143,492.027,7.6813,108.09286210526315,3,20,5,1212269.808
1774926113,2026-03-31 00:01:53,354.25,4.604565678565111,492.027,7.6813,108.09286210526315,3,20,5,1214794.7893333333
1774926118,2026-03-31 00:01:58,354.75,4.619216395061292,492.027,7.681310000000001,108.09286210526315,3,20,5,1216481.3706666667
1774926123,2026-03-31 00:02:03,355.0,4.632313012638119,492.027,7.681310000000001,108.09286210526315,3,20,5,1217370.7733333334
1774926128,2026-03-31 00:02:08,355.5,4.636100620121972,492.027,7.6815,108.09286210526315,3,20,5,1219057.0053333333
1774926133,2026-03-31 00:02:13,356.25,4.657076265135259,492.027,7.68167,108.09286210526315,3,20,5,1221595.96
1774926138,2026-03-31 00:02:18,356.75,4.68430833909439,492.027,7.681709999999999,108.09286210526315,3,20,5,1223304.5493333333
1774926143,2026-03-31 00:02:23,357.0,4.695633437322287,492.027,7.681709999999999,108.09286210526315,3,20,5,1224146.4426666666
1774926149,2026-03-31 00:02:29,357.75,4.723156807335272,492.027,7.681709999999999,108.09286210526315,3,20,5,1226680.5066666666
1774926154,2026-03-31 00:02:34,358.25,4.721803747384992,492.027,7.6816,108.09286210526315,3,20,5,1228269.2746666668
1774926159,2026-03-31 00:02:39,358.75,4.720567688886559,492.027,7.68167,108.09286210526315,3,20,5,1229872.7146666667
1774926164,2026-03-31 00:02:44,359.0,4.719954920361706,492.027,7.6816,108.09286210526315,3,20,5,1230659.064
1774926169,2026-03-31 00:02:49,359.5,4.718667127580195,492.027,7.6816,108.09286210526315,3,20,5,1232260.408
1774926174,2026-03-31 00:02:54,359.75,4.7180216474093175,492.027,7.681709999999999,108.09286210526315,3,20,5,1233066.6693333334
1774926179,2026-03-31 00:02:59,360.5,4.72961904600299,492.027,7.6816,108.09286210526315,3,20,5,1235655.5786666668
1774926184,2026-03-31 00:03:04,361.0,4.72804749432272,492.027,7.6815,108.09286210526315,3,20,5,1237347.4
1774926189,2026-03-31 00:03:09,361.5,4.726445496445785,492.027,7.681419999999999,108.09286210526315,3,20,5,1239061.2293333334
1774926194,2026-03-31 00:03:14,362.0,4.724914515668826,492.027,7.681419999999999,108.09286210526315,3,20,5,1240755.1466666667
1774926199,2026-03-31 00:03:19,362.5,4.723330249974066,492.027,7.681310000000001,108.09286210526315,3,20,5,1242467.928
1774926204,2026-03-31 00:03:24,363.0,4.7220784804033284,492.027,7.681310000000001,108.09286210526315,3,20,5,1244159.7493333332
1774926209,2026-03-31 00:03:29,363.5,4.7210534868788585,492.027,7.681310000000001,108.09286210526315,3,20,5,1245870.0853333334
1774926214,2026-03-31 00:03:34,364.0,4.71975743117876,492.027,7.681310000000001,108.09286210526315,3,20,5,1247556.3173333334
1774926219,2026-03-31 00:03:39,364.25,4.719132993083038,492.027,7.681310000000001,108.09286210526315,3,20,5,1248413.232
1774926224,2026-03-31 00:03:44,364.75,4.717653717894085,492.027,7.6815,108.09286210526315,3,20,5,1250126.3626666667
1774926229,2026-03-31 00:03:49,365.5,4.716406518399122,492.027,7.681419999999999,108.09286210526315,3,20,5,1252671.6053333334
1774926234,2026-03-31 00:03:54,365.75,4.715877588642518,492.027,7.6815,108.09286210526315,3,20,5,1253529.568
1774926239,2026-03-31 00:03:59,366.25,4.723042585269858,492.027,7.681709999999999,108.09286210526315,3,20,5,1255212.656
1774926244,2026-03-31 00:04:04,366.75,4.724525530435081,492.027,7.681709999999999,108.09286210526315,3,20,5,1256916.704
1774926249,2026-03-31 00:04:09,367.0,4.730948532053691,492.027,7.68201,108.09286210526315,3,20,5,1257750.912
1774926254,2026-03-31 00:04:14,367.5,4.734256962106484,492.027,7.6820900000000005,108.09286210526315,3,20,5,1259477.3173333334
1774926259,2026-03-31 00:04:19,368.0,4.732832433734119,492.027,7.68201,108.09286210526315,3,20,5,1261171.2346666667
1774926264,2026-03-31 00:04:24,368.5,4.732531893023571,492.027,7.6820900000000005,108.09286210526315,3,20,5,1262879.1253333334
1774926269,2026-03-31 00:04:29,369.0,4.731185740650158,492.027,7.6820900000000005,108.09286210526315,3,20,5,1264562.5626666667
1774926274,2026-03-31 00:04:34,369.25,4.734049828880818,492.027,7.6820900000000005,108.09286210526315,3,20,5,1265416.6826666666
1774926279,2026-03-31 00:04:39,370.0,4.734443891798503,492.027,7.68217,108.09286210526315,3,20,5,1267968.2133333334
1774926284,2026-03-31 00:04:44,370.5,4.7347929895801615,492.027,7.682300000000001,108.09286210526315,3,20,5,1269676.104
1774926289,2026-03-31 00:04:49,370.75,4.734892680178506,492.027,7.682320000000001,108.09286210526315,3,20,5,1270536.512
1774926294,2026-03-31 00:04:54,371.25,4.733466998345656,492.027,7.68222,108.09286210526315,3,20,5,1272225.5386666667
1774926299,2026-03-31 00:04:59,371.75,4.732100165379817,492.027,7.68217,108.09286210526315,3,20,5,1273932.7306666668
1774926304,2026-03-31 00:05:04,372.25,4.730678524866157,492.027,7.68217,108.09286210526315,3,20,5,1275626.9973333334
1774926310,2026-03-31 00:05:10,372.75,4.729208869228959,492.027,7.68217,108.09286210526315,3,20,5,1277339.7786666667
1774926315,2026-03-31 00:05:15,373.25,4.7276962584707345,492.027,7.6820900000000005,108.09286210526315,3,20,5,1279031.9493333334
1774926320,2026-03-31 00:05:20,373.75,4.726315279553305,492.027,7.68201,108.09286210526315,3,20,5,1280744.032
1774926325,2026-03-31 00:05:25,374.25,4.724993054355471,492.027,7.68201,108.09286210526315,3,20,5,1282436.9013333332
1774926330,2026-03-31 00:05:30,374.75,4.72363864624235,492.027,7.6820900000000005,108.09537736842104,3,20,5,1284148.984
1774926335,2026-03-31 00:05:35,375.25,4.722286973379205,492.027,7.6820900000000005,108.09537736842104,3,20,5,1285840.8053333333
1774926340,2026-03-31 00:05:40,375.75,4.720942600720504,492.027,7.68217,108.09537736842104,3,20,5,1287548.3466666667
1774926345,2026-03-31 00:05:45,376.0,4.7202390139337975,492.027,7.68217,108.09537736842104,3,20,5,1288385.6986666666
1774926350,2026-03-31 00:05:50,376.75,4.718096262217639,492.027,7.68217,108.09537736842104,3,20,5,1290948.7573333334
1774926355,2026-03-31 00:05:55,377.0,4.71738106895176,492.027,7.68217,108.09537736842104,3,20,5,1291793.4453333332
1774926360,2026-03-31 00:06:00,377.5,4.715985344068528,492.027,7.68217,108.09537736842104,3,20,5,1293504.48
1774926365,2026-03-31 00:06:05,378.0,4.714844128021486,492.027,7.6820900000000005,108.09537736842104,3,20,5,1295189.664
1774926370,2026-03-31 00:06:10,378.5,4.723607163051757,492.027,7.68222,108.09537736842104,3,20,5,1296890.568
1774926375,2026-03-31 00:06:15,379.0,4.737660998346506,492.027,7.682320000000001,108.09537736842104,3,20,5,1298569.464
1774926380,2026-03-31 00:06:20,379.5,4.744576853892136,492.027,7.6824200000000005,108.09537736842104,3,20,5,1300296.9173333333
1774926385,2026-03-31 00:06:25,379.75,4.743826027459653,492.027,7.68253,108.09537736842104,3,20,5,1301158.7226666666
1774926390,2026-03-31 00:06:30,380.5,4.741522348463388,492.027,7.6824200000000005,108.09537736842104,3,20,5,1303702.9173333333
1774926395,2026-03-31 00:06:35,381.0,4.740004246159413,492.027,7.682320000000001,108.09537736842104,3,20,5,1305397.8826666668
1774926400,2026-03-31 00:06:40,381.5,4.738447612667959,492.027,7.682320000000001,108.09537736842104,3,20,5,1307111.3626666667
1774926405,2026-03-31 00:06:45,382.0,4.7369124456182945,492.027,7.682320000000001,108.09537736842104,3,20,5,1308805.6293333333
1774926410,2026-03-31 00:06:50,382.5,4.73544574255382,492.027,7.682320000000001,108.09537736842104,3,20,5,1310517.0133333334
1774926415,2026-03-31 00:06:55,383.0,4.734039147059785,492.027,7.682300000000001,108.09537736842104,3,20,5,1312203.5946666666
1774926420,2026-03-31 00:07:00,383.75,4.731942686795781,492.027,7.68217,108.09537736842104,3,20,5,1314770.8453333334
1774926425,2026-03-31 00:07:05,384.0,4.73121871856131,492.027,7.68217,108.09537736842104,3,20,5,1315602.608
1774926430,2026-03-31 00:07:10,384.5,4.729838648391407,492.027,7.68217,108.09537736842104,3,20,5,1317314.6906666667
1774926435,2026-03-31 00:07:15,385.0,4.728397032618249,492.027,7.6820900000000005,108.09537736842104,3,20,5,1319007.9093333334
1774926440,2026-03-31 00:07:20,385.5,4.72700470655743,492.027,7.6820900000000005,108.09537736842104,3,20,5,1320720.3413333334
1774926445,2026-03-31 00:07:25,386.25,4.724850183198676,492.027,7.681709999999999,108.09537736842104,3,20,5,1323263.488
1774926450,2026-03-31 00:07:30,386.5,4.724143620221149,492.027,7.68201,108.09537736842104,3,20,5,1324125.6426666668
1774926455,2026-03-31 00:07:35,387.25,4.7220125244829925,492.027,7.681709999999999,108.09537736842104,3,20,5,1326667.392
1774926460,2026-03-31 00:07:40,387.5,4.721299199456645,492.027,7.681709999999999,108.09537736842104,3,20,5,1327527.8
1774926465,2026-03-31 00:07:45,388.25,4.719229548597436,492.027,7.681709999999999,108.09537736842104,3,20,5,1330074.0906666666
1774926471,2026-03-31 00:07:51,388.75,4.717861682581644,492.027,7.681709999999999,108.09537736842104,3,20,5,1331785.4746666667
1774926476,2026-03-31 00:07:56,389.25,4.716525461573134,492.027,7.68167,108.09537736842104,3,20,5,1333478.6933333334
1774926481,2026-03-31 00:08:01,389.75,4.715103024920416,492.027,7.681709999999999,108.09537736842104,3,20,5,1335189.0293333333
1774926486,2026-03-31 00:08:06,390.5,4.712918094322667,492.027,7.68167,108.09537736842104,3,20,5,1337735.32
1774926491,2026-03-31 00:08:11,390.75,4.712217283011001,492.027,7.681709999999999,108.09537736842104,3,20,5,1338585.5973333332
1774926496,2026-03-31 00:08:16,391.5,4.710109499759914,492.027,7.6816,108.09537736842104,3,20,5,1341143.0666666667
1774926501,2026-03-31 00:08:21,391.75,4.709456138616079,492.027,7.6816,108.09537736842104,3,20,5,1341991.9466666668
1774926506,2026-03-31 00:08:26,392.5,4.707375827836137,492.027,7.68146,108.09537736842104,3,20,5,1344543.128
1774926511,2026-03-31 00:08:31,393.0,4.706031272011225,492.027,7.681419999999999,108.09537736842104,3,20,5,1346229.7093333334
1774926516,2026-03-31 00:08:36,393.5,4.704648043759356,492.027,7.681419999999999,108.09537736842104,3,20,5,1347941.0933333333
1774926521,2026-03-31 00:08:41,394.0,4.703219355609275,492.027,7.681310000000001,108.09537736842104,3,20,5,1349635.7093333334
1774926526,2026-03-31 00:08:46,394.5,4.701785512627466,492.027,7.681419999999999,108.09537736842104,3,20,5,1351347.4426666666
1774926531,2026-03-31 00:08:51,395.0,4.700357083473461,492.027,7.681419999999999,108.09537736842104,3,20,5,1353041.36
1774926536,2026-03-31 00:08:56,395.5,4.698927588263253,492.027,7.68146,108.09537736842104,3,20,5,1354755.1893333334
1774926541,2026-03-31 00:09:01,396.0,4.69749152957372,492.027,7.681419999999999,108.09537736842104,3,20,5,1356450.504
1774926546,2026-03-31 00:09:06,396.75,4.69528851062889,492.027,7.681419999999999,108.09537736842104,3,20,5,1358974.7866666666
1774926551,2026-03-31 00:09:11,397.0,4.6945404787082925,492.027,7.681310000000001,108.09537736842104,3,20,5,1359804.104
1774926556,2026-03-31 00:09:16,397.5,4.69326262399899,492.027,7.681419999999999,108.09537736842104,3,20,5,1361444.5733333332
1774926561,2026-03-31 00:09:21,398.0,4.7021399410523665,492.027,7.681310000000001,108.09537736842104,3,20,5,1363112.64
1774926566,2026-03-31 00:09:26,398.5,4.701865459508759,492.027,7.681419999999999,108.09537736842104,3,20,5,1364825.072
1774926571,2026-03-31 00:09:31,398.75,4.701256253166546,492.027,7.68146,108.09537736842104,3,20,5,1365688.2746666668
1774926576,2026-03-31 00:09:36,399.5,4.7014906908429275,492.027,7.6815,108.09537736842104,3,20,5,1368230.024
1774926581,2026-03-31 00:09:41,399.75,4.701685421450294,492.027,7.6816,108.09537736842104,3,20,5,1369085.5413333334
1774926586,2026-03-31 00:09:46,400.25,4.700390993455866,492.027,7.68146,108.09537736842104,3,20,5,1370774.568
1774926591,2026-03-31 00:09:51,400.75,4.6992427385308195,492.027,7.6815,108.09537736842104,3,20,5,1372486.3013333334
1774926596,2026-03-31 00:09:56,401.25,4.698237840615922,492.027,7.6816,108.09537736842104,3,20,5,1374180.568
1774926601,2026-03-31 00:10:01,401.75,4.697275427675702,492.027,7.681709999999999,108.09537736842104,3,20,5,1375889.856
1774926606,2026-03-31 00:10:06,402.25,4.695993588466211,492.027,7.68167,108.09537736842104,3,20,5,1377584.1226666667
1774926611,2026-03-31 00:10:11,402.5,4.695382020767817,492.027,7.68167,108.09537736842104,3,20,5,1378434.0506666666
1774926616,2026-03-31 00:10:16,403.25,4.697513966995059,492.027,7.68201,108.09537736842104,3,20,5,1380985.9306666667
1774926621,2026-03-31 00:10:21,403.5,4.69769540752244,492.027,7.68201,108.09537736842104,3,20,5,1381832.7146666667
1774926626,2026-03-31 00:10:26,404.25,4.695722453093998,492.027,7.681709999999999,108.09537736842104,3,20,5,1384304.9466666668
1774926631,2026-03-31 00:10:31,404.75,4.694336591280654,492.027,7.68167,108.09537736842104,3,20,5,1385984.5413333334
1774926637,2026-03-31 00:10:37,405.25,4.6930958503479205,492.027,7.6816,108.09537736842104,3,20,5,1387610.3386666668
1774926642,2026-03-31 00:10:42,405.75,4.6920084138942935,492.027,7.6815,108.09537736842104,3,20,5,1389215.8746666666
1774926647,2026-03-31 00:10:47,406.0,4.691488204587553,492.027,7.6815,108.09537736842104,3,20,5,1390007.464
1774926652,2026-03-31 00:10:52,406.75,4.697879267595218,492.027,7.681419999999999,108.09537736842104,3,20,5,1392607.552
1774926657,2026-03-31 00:10:57,407.0,4.697233768877802,492.027,7.6815,108.09537736842104,3,20,5,1393444.2053333332
1774926662,2026-03-31 00:11:02,407.75,4.695390199342186,492.027,7.68146,108.09537736842104,3,20,5,1396013.552
1774926667,2026-03-31 00:11:07,408.0,4.695143730953552,492.027,7.6816,108.09537736842104,3,20,5,1396846.3626666667
1774926672,2026-03-31 00:11:12,408.5,4.695083028718703,492.027,7.68167,108.09537736842104,3,20,5,1398558.4453333332
1774926677,2026-03-31 00:11:17,409.0,4.694140260633734,492.027,7.681709999999999,108.09537736842104,3,20,5,1400248.8693333333
1774926682,2026-03-31 00:11:22,409.5,4.705679784218902,492.027,7.681709999999999,108.09537736842104,3,20,5,1401935.8
1774926687,2026-03-31 00:11:27,410.0,4.704562334912871,492.027,7.681709999999999,108.09537736842104,3,20,5,1403523.1706666667
1774926692,2026-03-31 00:11:32,410.5,4.703334995755595,492.027,7.68201,108.09537736842104,3,20,5,1405167.4826666666
1774926697,2026-03-31 00:11:37,411.0,4.702008841471225,492.027,7.681709999999999,108.09537736842104,3,20,5,1406860.0026666666
1774926702,2026-03-31 00:11:42,411.5,4.700694613146913,492.027,7.681709999999999,108.09537736842104,3,20,5,1408567.544
1774926707,2026-03-31 00:11:47,412.0,4.699360348200432,492.027,7.681709999999999,108.09537736842104,3,20,5,1410254.824
1774926712,2026-03-31 00:11:52,412.5,4.698064135525237,492.027,7.681709999999999,108.09580684210528,3,20,5,1411966.208
1774926717,2026-03-31 00:11:57,413.0,4.696672073021943,492.027,7.68167,108.09580684210528,3,20,5,1413661.872
1774926722,2026-03-31 00:12:02,413.75,4.694660193856221,492.027,7.681709999999999,108.09580684210528,3,20,5,1416213.752
1774926727,2026-03-31 00:12:07,414.0,4.693979421326714,492.027,7.681709999999999,108.09580684210528,3,20,5,1417067.872
1774926732,2026-03-31 00:12:12,414.75,4.691956751851069,492.027,7.6816,108.09580684210528,3,20,5,1419612.7653333333
1774926737,2026-03-31 00:12:17,415.0,4.6912861802229,492.027,7.68167,108.09580684210528,3,20,5,1420476.3173333334
1774926742,2026-03-31 00:12:22,415.75,4.689345119720221,492.027,7.68167,108.09580684210528,3,20,5,1423019.8133333332
1774926747,2026-03-31 00:12:27,416.25,4.688118042307808,492.027,7.681709999999999,108.09580684210528,3,20,5,1424731.1973333333
1774926752,2026-03-31 00:12:32,416.75,4.6869382172696925,492.027,7.681709999999999,108.09580684210528,3,20,5,1426425.464
1774926757,2026-03-31 00:12:37,417.25,4.685693955751149,492.027,7.681709999999999,108.09580684210528,3,20,5,1428138.2453333333
1774926762,2026-03-31 00:12:42,417.75,4.684480483332833,492.027,7.68167,108.09580684210528,3,20,5,1429831.1146666666
1774926767,2026-03-31 00:12:47,418.0,4.683886226033764,492.027,7.681709999999999,108.09580684210528,3,20,5,1430681.0426666667
1774926772,2026-03-31 00:12:52,418.75,4.682318641384058,492.027,7.68167,108.09580684210528,3,20,5,1433229.7786666667
1774926777,2026-03-31 00:12:57,419.0,4.681719036136289,492.027,7.681709999999999,108.09580684210528,3,20,5,1434085.9946666667
1774926782,2026-03-31 00:13:02,419.75,4.6797711263997135,492.027,7.681709999999999,108.09580684210528,3,20,5,1436630.5386666667
1774926787,2026-03-31 00:13:07,420.0,4.679142806350533,492.027,7.681709999999999,108.09580684210528,3,20,5,1437493.0426666667
1774926793,2026-03-31 00:13:13,420.75,4.677202658136971,492.027,7.68167,108.09580684210528,3,20,5,1440035.1413333334
1774926798,2026-03-31 00:13:18,421.25,4.675922530720938,492.027,7.68167,108.09580684210528,3,20,5,1441748.272
1774926803,2026-03-31 00:13:23,421.75,4.674646353948112,492.027,7.68167,108.09580684210528,3,20,5,1443443.2373333334
1774926808,2026-03-31 00:13:28,422.25,4.673467344029208,492.027,7.681709999999999,108.09580684210528,3,20,5,1445155.32
1774926813,2026-03-31 00:13:33,422.75,4.672284658098373,492.027,7.68167,108.09580684210528,3,20,5,1446850.2853333333
1774926818,2026-03-31 00:13:38,423.25,4.671220071278391,492.027,7.681709999999999,108.09580684210528,3,20,5,1448558.176
1774926823,2026-03-31 00:13:43,423.5,4.670613547456273,492.027,7.681709999999999,108.09580684210528,3,20,5,1449409.8506666666
1774926828,2026-03-31 00:13:48,424.25,4.6687492530059975,492.027,7.681709999999999,108.09580684210528,3,20,5,1451954.3946666666
1774926833,2026-03-31 00:13:53,424.5,4.668130291033098,492.027,7.681709999999999,108.09580684210528,3,20,5,1452816.5493333333
1774926838,2026-03-31 00:13:58,425.25,4.6662906765304015,492.027,7.6815,108.09580684210528,3,20,5,1455358.9973333334
1774926843,2026-03-31 00:14:03,425.5,4.665696518277416,492.027,7.6815,108.09580684210528,3,20,5,1456219.7546666667
1774926848,2026-03-31 00:14:08,426.25,4.663826419624217,492.027,7.681419999999999,108.09580684210528,3,20,5,1458764.648
1774926853,2026-03-31 00:14:13,426.75,4.662638867338248,492.027,7.681310000000001,108.09580684210528,3,20,5,1460459.264
1774926858,2026-03-31 00:14:18,427.25,4.661432467511514,492.027,7.681310000000001,108.09580684210528,3,20,5,1462171.3466666667
1774926863,2026-03-31 00:14:23,427.75,4.660225390899235,492.027,7.681419999999999,108.09580684210528,3,20,5,1463862.4693333334
1774926868,2026-03-31 00:14:28,428.25,4.658978493693113,492.027,7.681310000000001,108.09580684210528,3,20,5,1465569.312
1774926873,2026-03-31 00:14:33,428.75,4.657768941301996,492.027,7.681310000000001,108.09580684210528,3,20,5,1467257.2906666666
1774926878,2026-03-31 00:14:38,429.25,4.6564949983357184,492.027,7.6813,108.09580684210528,3,20,5,1468969.3733333333
1774926883,2026-03-31 00:14:43,429.75,4.65527622604917,492.027,7.6813,108.09580684210528,3,20,5,1470664.688
1774926888,2026-03-31 00:14:48,430.25,4.654104664714964,492.027,7.681310000000001,108.09580684210528,3,20,5,1472374.3253333333
1774926893,2026-03-31 00:14:53,430.75,4.653064803020164,492.027,7.681419999999999,108.09580684210528,3,20,5,1474067.1946666667
1774926898,2026-03-31 00:14:58,431.25,4.651862902874248,492.027,7.681310000000001,108.09580684210528,3,20,5,1475779.976
1774926903,2026-03-31 00:15:03,431.75,4.650686193909838,492.027,7.681419999999999,108.09580684210528,3,20,5,1477473.1946666667
1774926908,2026-03-31 00:15:08,432.25,4.649434577314506,492.027,7.681310000000001,108.09580684210528,3,20,5,1479185.976
1774926915,2026-03-31 00:15:15,432.75,4.648229982420574,492.027,7.681310000000001,108.09580684210528,3,20,5,1480875.7013333333
1774926920,2026-03-31 00:15:20,433.5,4.646360341351296,492.027,7.681419999999999,108.09580684210528,3,20,5,1483442.952
1774926925,2026-03-31 00:15:25,433.75,4.645755695368257,492.027,7.681310000000001,108.09580684210528,3,20,5,1484273.6666666667
1774926930,2026-03-31 00:15:30,434.5,4.6439461813724074,492.027,7.681310000000001,108.09580684210528,3,20,5,1486851.048
1774926935,2026-03-31 00:15:35,435.0,4.642740403987439,492.027,7.681310000000001,108.09580684210528,3,20,5,1488541.472
1774926940,2026-03-31 00:15:40,435.25,4.642134947766997,492.027,7.681310000000001,108.09580684210528,3,20,5,1489394.1946666667
1774926945,2026-03-31 00:15:45,436.0,4.640337395297364,492.027,7.681310000000001,108.09580684210528,3,20,5,1491938.04
1774926950,2026-03-31 00:15:50,436.25,4.639749925335401,492.027,7.681310000000001,108.09844684210526,3,20,5,1492800.8933333333
1774926955,2026-03-31 00:15:55,437.0,4.638049371848919,492.027,7.681310000000001,108.09844684210526,3,20,5,1495343.6906666667
1774926960,2026-03-31 00:16:00,437.25,4.637492602453495,492.027,7.681310000000001,108.09866842105262,3,20,5,1496204.448
1774926965,2026-03-31 00:16:05,437.75,4.636311029087578,492.027,7.6813,108.09866842105262,3,20,5,1497892.0773333334
1774926971,2026-03-31 00:16:11,438.5,4.63461361828003,492.027,7.681310000000001,108.0989652631579,3,20,5,1500459.6773333333
1774926976,2026-03-31 00:16:16,438.75,4.634010299351595,492.027,7.681310000000001,108.0989652631579,3,20,5,1501291.44
1774926981,2026-03-31 00:16:21,439.5,4.632233976075737,492.027,7.6813,108.0989652631579,3,20,5,1503867.0746666666
1774926986,2026-03-31 00:16:26,439.75,4.6316588273818,492.027,7.681310000000001,108.0989652631579,3,20,5,1504696.7413333333
1774926991,2026-03-31 00:16:31,440.25,4.6304855426570635,492.027,7.6813,108.0989652631579,3,20,5,1506409.1733333333
1774926996,2026-03-31 00:16:36,441.0,4.628735584131404,492.027,7.6813,108.0989652631579,3,20,5,1508953.7173333333
1774927001,2026-03-31 00:16:41,441.25,4.62815083836519,492.027,7.6813,108.0989652631579,3,20,5,1509815.5226666667
1774927006,2026-03-31 00:16:46,442.0,4.626418315716352,492.027,7.681310000000001,108.0989652631579,3,20,5,1512358.32
1774927011,2026-03-31 00:16:51,442.5,4.625274227222522,492.027,7.681419999999999,108.0989652631579,3,20,5,1514070.752
1774927016,2026-03-31 00:16:56,442.75,4.624670782190269,492.027,7.681419999999999,108.0989652631579,3,20,5,1514907.7546666667
1774927021,2026-03-31 00:17:01,443.5,4.622898266749555,492.027,7.6813,108.0989652631579,3,20,5,1517478.848
1774927026,2026-03-31 00:17:06,443.75,4.622381064503376,492.027,7.681310000000001,108.0989652631579,3,20,5,1518310.96
1774927031,2026-03-31 00:17:11,444.5,4.621830199103442,492.027,7.681310000000001,108.0989652631579,3,20,5,1520878.56
1774927036,2026-03-31 00:17:16,444.75,4.623212452619122,492.027,7.681310000000001,108.0989652631579,3,20,5,1521716.2613333333
1774927041,2026-03-31 00:17:21,445.25,4.622276288581159,492.027,7.6813,108.0989652631579,3,20,5,1523427.296
1774927046,2026-03-31 00:17:26,445.75,4.621179606950067,492.027,7.681190000000001,108.0989652631579,3,20,5,1525055.1893333334
1774927051,2026-03-31 00:17:31,446.25,4.646054629858458,492.027,7.6813,108.0989652631579,3,20,5,1526769.0186666667
1774927056,2026-03-31 00:17:36,446.5,4.650595062029865,492.027,7.6813,108.0989652631579,3,20,5,1527642.0026666666
1774927061,2026-03-31 00:17:41,447.25,4.650804566380856,492.027,7.6813,108.0989652631579,3,20,5,1530190.04
1774927066,2026-03-31 00:17:46,447.5,4.6502710291531315,492.027,7.6813,108.0989652631579,3,20,5,1531044.8586666666
1774927071,2026-03-31 00:17:51,448.0,4.6536148995748015,492.027,7.6813,108.0989652631579,3,20,5,1532739.1253333334
1774927076,2026-03-31 00:17:56,448.75,4.65178672573168,492.027,7.6813,108.0989652631579,3,20,5,1535284.368
1774927081,2026-03-31 00:18:01,449.0,4.651199305124484,492.027,7.6813,108.0989652631579,3,20,5,1536147.2213333333
1774927086,2026-03-31 00:18:06,449.75,4.649402761340838,492.027,7.681190000000001,108.0989652631579,3,20,5,1538690.0186666667
1774927091,2026-03-31 00:18:11,450.25,4.650405901720106,492.027,7.681190000000001,108.0989652631579,3,20,5,1540401.4026666668
1774927096,2026-03-31 00:18:16,450.5,4.651485591993991,492.027,7.6813,108.0989652631579,3,20,5,1541253.4266666668
1774927101,2026-03-31 00:18:21,451.25,4.649691178626972,492.027,7.6813,108.0989652631579,3,20,5,1543811.2453333333
1774927106,2026-03-31 00:18:26,451.75,4.648502380936529,492.027,7.681310000000001,108.0989652631579,3,20,5,1545502.0186666667
1774927111,2026-03-31 00:18:31,452.0,4.647925217478097,492.027,7.681310000000001,108.0989652631579,3,20,5,1546354.0426666667
1774927116,2026-03-31 00:18:36,452.75,4.646181598344774,492.027,7.68146,108.0989652631579,3,20,5,1548897.888
1774927121,2026-03-31 00:18:41,453.25,4.645066716185578,492.027,7.6816,108.0989652631579,3,20,5,1550609.6213333334
1774927126,2026-03-31 00:18:46,453.5,4.6444907115894765,492.027,7.68167,108.0989652631579,3,20,5,1551473.5226666667
1774927132,2026-03-31 00:18:52,454.25,4.642770528718826,492.027,7.6815,108.0989652631579,3,20,5,1554013.176
1774927137,2026-03-31 00:18:57,454.75,4.641620932705027,492.027,7.6816,108.0989652631579,3,20,5,1555708.4906666668
1774927142,2026-03-31 00:19:02,455.0,4.641014790762367,492.027,7.6816,108.0989652631579,3,20,5,1556559.816
1774927147,2026-03-31 00:19:07,455.75,4.639254762153541,492.027,7.6816,108.0989652631579,3,20,5,1559116.936
1774927152,2026-03-31 00:19:12,456.25,4.638088225197758,492.027,7.6815,108.0989652631579,3,20,5,1560830.0666666667
1774927157,2026-03-31 00:19:17,456.75,4.636964231535337,492.027,7.6815,108.0989652631579,3,20,5,1562518.0453333333
1774927162,2026-03-31 00:19:22,457.25,4.6358420336549,492.027,7.68146,108.0989652631579,3,20,5,1564225.2373333334
1774927167,2026-03-31 00:19:27,457.75,4.634735606466273,492.027,7.681419999999999,108.0989652631579,3,20,5,1565914.9626666666
1774927172,2026-03-31 00:19:32,458.25,4.6336012792332095,492.027,7.681419999999999,108.0989652631579,3,20,5,1567628.4426666666
1774927177,2026-03-31 00:19:37,458.75,4.6325229149912595,492.027,7.681310000000001,108.0989652631579,3,20,5,1569318.5173333334
1774927182,2026-03-31 00:19:42,459.25,4.631445911100196,492.027,7.681310000000001,108.0989652631579,3,20,5,1571031.2986666667
1774927187,2026-03-31 00:19:47,459.75,4.63048632146751,492.027,7.6813,108.0989652631579,3,20,5,1572724.5173333334
1774927192,2026-03-31 00:19:52,460.25,4.629562454775648,492.027,7.6813,108.0989652631579,3,20,5,1574436.2506666668
1774927197,2026-03-31 00:19:57,460.5,4.629026290954609,492.027,7.6813,108.0989652631579,3,20,5,1575286.8773333333
1774927202,2026-03-31 00:20:02,461.25,4.627403585823734,492.027,7.6813,108.0989652631579,3,20,5,1577840.8533333333
1774927207,2026-03-31 00:20:07,461.5,4.626855920305203,492.027,7.6813,108.0989652631579,3,20,5,1578692.8773333333
1774927212,2026-03-31 00:20:12,462.0,4.6258416839806875,492.027,7.681310000000001,108.0989652631579,3,20,5,1580386.096
1774927217,2026-03-31 00:20:17,462.75,4.624254405762565,492.027,7.6813,108.0989652631579,3,20,5,1582928.1946666667
1774927222,2026-03-31 00:20:22,463.0,4.623780566147017,492.027,7.681310000000001,108.0989652631579,3,20,5,1583790.0
1774927227,2026-03-31 00:20:27,463.5,4.622794991213366,492.027,7.681310000000001,108.0989652631579,3,20,5,1585500.6853333334
1774927232,2026-03-31 00:20:32,464.0,4.623131555606569,492.027,7.681310000000001,108.0989652631579,3,20,5,1587189.712
1774927237,2026-03-31 00:20:37,464.5,4.6233744242743064,492.027,7.6816,108.0989652631579,3,20,5,1588895.1573333333
1774927242,2026-03-31 00:20:42,464.75,4.622867931514238,492.027,7.6816,108.0989652631579,3,20,5,1589738.448
1774927247,2026-03-31 00:20:47,465.5,4.621484889065361,492.027,7.681419999999999,108.0989652631579,3,20,5,1592297.3146666666
1774927252,2026-03-31 00:20:52,465.75,4.621204739641628,492.027,7.681419999999999,108.0989652631579,3,20,5,1593141.6533333333
1774927257,2026-03-31 00:20:57,466.25,4.620232913190712,492.027,7.681310000000001,108.0989652631579,3,20,5,1594848.496
1774927262,2026-03-31 00:21:02,466.75,4.619188350408075,492.027,7.6813,108.0989652631579,3,20,5,1596536.4746666667
1774927267,2026-03-31 00:21:07,467.25,4.618301544223343,492.027,7.6813,108.0989652631579,3,20,5,1598246.4613333333
1774927272,2026-03-31 00:21:12,467.75,4.617295363534076,492.027,7.6813,108.0989652631579,3,20,5,1599940.0293333333
1774927277,2026-03-31 00:21:17,468.25,4.617204049347035,492.027,7.6813,108.0989652631579,3,20,5,1601652.4613333333
1774927282,2026-03-31 00:21:22,468.75,4.616182930816938,492.027,7.6813,108.0989652631579,3,20,5,1603346.3786666666
1774927287,2026-03-31 00:21:27,469.0,4.615733718686545,492.027,7.6813,108.0989652631579,3,20,5,1604201.5466666666
1774927293,2026-03-31 00:21:33,469.75,4.615053726152369,492.027,7.681310000000001,108.0989652631579,3,20,5,1606751.68
1774927298,2026-03-31 00:21:38,470.0,4.614563847232591,492.027,7.6813,108.0989652631579,3,20,5,1607603.704
1774927303,2026-03-31 00:21:43,470.5,4.614460893629488,492.027,7.681310000000001,108.0989652631579,3,20,5,1609296.9226666666
1774927308,2026-03-31 00:21:48,471.0,4.613519303527721,492.027,7.681310000000001,108.0989652631579,3,20,5,1611008.656
1774927313,2026-03-31 00:21:53,471.5,4.612554996412246,492.027,7.681310000000001,108.0989652631579,3,20,5,1612702.5733333332
1774927318,2026-03-31 00:21:58,471.75,4.612085631693582,492.027,7.681310000000001,108.0989652631579,3,20,5,1613554.248
1774927323,2026-03-31 00:22:03,472.25,4.611194580211207,492.027,7.681310000000001,108.0989652631579,3,20,5,1615267.3786666666
1774927328,2026-03-31 00:22:08,473.0,4.609560099369504,492.027,7.6813,108.0989652631579,3,20,5,1617824.1493333334
1774927333,2026-03-31 00:22:13,473.5,4.608463087514555,492.027,7.6813,108.0989652631579,3,20,5,1619508.6346666666
1774927338,2026-03-31 00:22:18,473.75,4.612843384892087,492.027,7.6813,108.0989652631579,3,20,5,1620350.1786666666
1774927343,2026-03-31 00:22:23,474.5,4.619204882034489,492.027,7.681310000000001,108.0989652631579,3,20,5,1622869.2213333333
1774927348,2026-03-31 00:22:28,475.0,4.618190177381486,492.027,7.681310000000001,108.0989652631579,3,20,5,1624580.9546666667
1774927353,2026-03-31 00:22:33,475.25,4.61765922727872,492.027,7.681310000000001,108.0989652631579,3,20,5,1625444.1573333333
1774927358,2026-03-31 00:22:38,476.0,4.616128984152473,492.027,7.681310000000001,108.0989652631579,3,20,5,1627983.4613333333
1774927363,2026-03-31 00:22:43,476.5,4.61509528900518,492.027,7.6813,108.0989652631579,3,20,5,1629677.728
1774927368,2026-03-31 00:22:48,476.75,4.6145856067495465,492.027,7.6813,108.0989652631579,3,20,5,1630525.9093333334
1774927373,2026-03-31 00:22:53,477.25,4.613519237325072,492.027,7.6813,108.0989652631579,3,20,5,1632239.3893333334
1774927378,2026-03-31 00:22:58,478.0,4.611969204917817,492.027,7.6813,108.0989652631579,3,20,5,1634791.2693333332
1774927383,2026-03-31 00:23:03,478.5,4.610929640034566,492.027,7.6813,108.0989652631579,3,20,5,1636479.248
1774927388,2026-03-31 00:23:08,478.75,4.610425234302615,492.027,7.681190000000001,108.0989652631579,3,20,5,1637337.56
1774927393,2026-03-31 00:23:13,479.25,4.609512500771302,492.027,7.681190000000001,108.0989652631579,3,20,5,1639048.944
1774927398,2026-03-31 00:23:18,479.75,4.608599544623501,492.027,7.681190000000001,108.0989652631579,3,20,5,1640740.416
1774927403,2026-03-31 00:23:23,480.25,4.607585654395074,492.027,7.68109,108.0989652631579,3,20,5,1642451.8
1774927408,2026-03-31 00:23:28,480.75,4.606623005760158,492.027,7.68109,108.0989652631579,3,20,5,1644138.7306666668
1774927413,2026-03-31 00:23:33,481.5,4.605089383792645,492.027,7.68109,108.0989652631579,3,20,5,1646688.864
1774927418,2026-03-31 00:23:38,481.75,4.604575842094311,492.027,7.68104,108.0989652631579,3,20,5,1647538.0933333333
1774927423,2026-03-31 00:23:43,482.25,4.603523099903864,492.027,7.68104,108.0989652631579,3,20,5,1649251.5733333332
1774927428,2026-03-31 00:23:48,482.75,4.602487320320814,492.027,7.68109,108.0989652631579,3,20,5,1650943.744
1774927433,2026-03-31 00:23:53,483.5,4.600897516650686,492.027,7.68109,108.0989652631579,3,20,5,1653490.0346666668
1774927438,2026-03-31 00:23:58,483.75,4.6003678133240085,492.027,7.68109,108.0989652631579,3,20,5,1654352.888
1774927443,2026-03-31 00:24:03,484.25,4.599299107873832,492.027,7.681190000000001,108.0989652631579,3,20,5,1656066.0186666667
1774927448,2026-03-31 00:24:08,485.0,4.597760550701424,492.027,7.681190000000001,108.0989652631579,3,20,5,1658608.4666666666
1774927453,2026-03-31 00:24:13,485.5,4.596701134023279,492.027,7.68109,108.0989652631579,3,20,5,1660303.432
1774927458,2026-03-31 00:24:18,485.75,4.596202738824258,492.027,7.68109,108.0989652631579,3,20,5,1661155.8053333333
1774927464,2026-03-31 00:24:24,486.5,4.594652121281582,492.027,7.68109,108.0989652631579,3,20,5,1663709.7813333333
1774927469,2026-03-31 00:24:29,487.0,4.593645943190882,492.027,7.681190000000001,108.0989652631579,3,20,5,1665422.912
1774927474,2026-03-31 00:24:34,487.5,4.592675751381499,492.027,7.681190000000001,108.0989652631579,3,20,5,1667111.9386666666
1774927479,2026-03-31 00:24:39,488.0,4.591732912034303,492.027,7.681190000000001,108.0989652631579,3,20,5,1668817.7333333334
1774927484,2026-03-31 00:24:44,488.5,4.5907268107061325,492.027,7.68109,108.0989652631579,3,20,5,1670506.0613333334
1774927489,2026-03-31 00:24:49,489.0,4.589875906193149,492.027,7.68109,108.0989652631579,3,20,5,1672217.7946666668
1774927494,2026-03-31 00:24:54,489.25,4.589413017056367,492.027,7.68109,108.0989652631579,3,20,5,1673080.2986666667
1774927499,2026-03-31 00:24:59,490.0,4.588049272815609,492.027,7.68109,108.0989652631579,3,20,5,1675622.048
1774927504,2026-03-31 00:25:04,490.5,4.587052856872813,492.027,7.68109,108.0989652631579,3,20,5,1677315.2666666666
1774927509,2026-03-31 00:25:09,491.0,4.586041684180978,492.027,7.68104,108.0989652631579,3,20,5,1679028.048
1774927514,2026-03-31 00:25:14,491.5,4.585071547989905,492.027,7.68109,108.0989652631579,3,20,5,1680720.9173333333
1774927519,2026-03-31 00:25:19,492.0,4.584074364377213,492.027,7.68104,108.0989652631579,3,20,5,1682433.6986666666
1774927524,2026-03-31 00:25:24,492.5,4.583072032844023,492.027,7.68104,108.0989652631579,3,20,5,1684122.0266666666
1774927529,2026-03-31 00:25:29,493.0,4.582051533407884,492.027,7.68104,108.0989652631579,3,20,5,1685830.616
1774927534,2026-03-31 00:25:34,493.75,4.580515920470981,492.027,7.68109,108.0989652631579,3,20,5,1688384.9413333333
1774927539,2026-03-31 00:25:39,494.0,4.57999333111827,492.027,7.68104,108.0989652631579,3,20,5,1689235.9173333333
1774927544,2026-03-31 00:25:44,494.5,4.579030584767021,492.027,7.681190000000001,108.0989652631579,3,20,5,1690927.3893333334
1774927549,2026-03-31 00:25:49,495.25,4.577496466415362,492.027,7.681190000000001,108.0989652631579,3,20,5,1693495.3386666668
1774927554,2026-03-31 00:25:54,495.75,4.576512483407891,492.027,7.681190000000001,108.0989652631579,3,20,5,1695185.064
1774927559,2026-03-31 00:25:59,496.25,4.5755060170929385,492.027,7.68109,108.0989652631579,3,20,5,1696898.8933333333
1774927564,2026-03-31 00:26:04,496.5,4.575023464430817,492.027,7.68109,108.0989652631579,3,20,5,1697742.184
1774927569,2026-03-31 00:26:09,497.25,4.573550672940762,492.027,7.68109,108.0989652631579,3,20,5,1700303.1466666667
1774927574,2026-03-31 00:26:14,497.75,4.572614016084778,492.027,7.68104,108.0989652631579,3,20,5,1701996.3653333334
1774927579,2026-03-31 00:26:19,498.25,4.571668243593935,492.027,7.68104,108.0989652631579,3,20,5,1703708.0986666668
1774927584,2026-03-31 00:26:24,498.5,4.571206278784527,492.027,7.68104,108.0989652631579,3,20,5,1704539.512
1774927589,2026-03-31 00:26:29,499.25,4.569750573920245,492.027,7.68088,108.0989652631579,3,20,5,1707114.7973333334
1774927594,2026-03-31 00:26:34,499.75,4.568797816331135,492.027,7.68088,108.0989652631579,3,20,5,1708802.0773333334
1774927599,2026-03-31 00:26:39,500.25,4.56785188123325,492.027,7.68083,108.0989652631579,3,20,5,1710509.968
1774927604,2026-03-31 00:26:44,500.5,4.567357063684382,492.027,7.6807799999999995,108.0989652631579,3,20,5,1711353.2586666667
