time_index,z0,z1,z2,z3,z4,z5,z6,z7,z8,z9,z10,z11,z12,z13,z14,z15,z16,z17,z18,z19,z20,z21,z22,z23,z24,z25,z26,z27,z28,z29,z30,z31
0,0.297445,0.0,3.554835,0.0,0.0,0.047525,0.0,1.571174,3.611291,0.0,0.0,0.0,0.0,0.0,0.305812,1.310557,2.355505,1.381447,1.923114,3.321869,0.827688,0.2352,0.0,0.0,2.085385,0.0,0.202306,0.0,1.676393,0.0,0.746364,0.873117
1,0.129375,0.0,3.185192,0.0,0.0,0.000885,0.0,1.641683,3.193207,0.0,0.0,0.0,0.0,0.0,0.519351,1.094324,2.378479,1.266606,1.806331,3.208334,1.292328,0.178148,0.043522,0.0,1.57765,0.0,0.534032,0.0,1.759989,0.0,0.732427,0.928342
2,0.0,0.0,2.838322,0.0,0.0,0.362254,0.0,0.022269,4.842761,0.0,0.0,0.0,0.0,0.39434,2.172518,0.005479,1.398442,1.143758,0.0,1.891219,0.0,0.176549,0.0,0.0,4.204406,0.156862,0.007156,0.0,0.726635,0.0,0.373522,0.0
3,0.318091,0.0,2.494965,0.0,0.0,0.0,0.0,1.234838,2.623765,0.0,0.0,0.0,0.0,0.0,0.617108,0.670737,2.016592,0.910298,1.639016,2.370278,0.730313,0.0,0.21274,0.0,1.142887,0.0,0.368989,0.0,1.380174,0.0,0.554899,0.903278
4,0.585828,0.0,1.996841,0.0,0.0,0.050905,0.0,0.72207,2.368484,0.0,0.0,0.0,0.0,0.0,0.182938,0.814311,1.474506,0.764753,1.579312,1.794914,0.464842,0.033284,0.329732,0.0,0.959456,0.0,0.003302,0.0,1.068593,0.0,0.343103,0.934727
5,0.682987,0.0,1.52302,0.0,0.0,0.0,0.0,0.667826,1.82511,0.0,0.017841,0.0,0.0,0.0,0.27562,0.643029,1.536355,0.4299,1.353478,1.081135,0.306855,0.0,0.287724,0.0,0.554795,0.0,0.0,0.0,1.067281,0.0,0.314379,0.874715
6,0.519842,0.0,1.046213,0.0,0.0,0.399368,0.0,0.48008,1.346904,0.0,0.592229,0.0,0.0,0.0,0.486336,0.359648,1.255186,0.330421,0.90899,0.300931,0.215204,0.0,0.117734,0.0,0.436192,0.0,0.0,0.176352,1.142631,0.121002,0.490771,0.79242
7,0.579338,0.0,0.838144,0.0,0.0,0.551865,0.0,0.373687,1.179422,0.0,0.411525,0.057304,0.0,0.0,0.166245,0.566844,1.091245,0.421239,0.789708,0.079602,0.177007,0.0,0.159083,0.0,0.405941,0.0,0.0,0.298325,0.901307,0.0,0.515357,0.89987
8,0.625719,0.0,0.699403,0.0,0.045636,0.636108,0.287108,0.684698,0.965298,0.0,0.695923,0.04196,0.0,0.0,0.046032,0.577678,1.305622,0.151614,0.528265,0.0,0.107817,0.0,0.103612,0.251658,0.211638,0.0,0.0,0.446864,0.841505,0.120004,0.407386,1.051856
9,0.480186,0.0,0.26454,0.0,0.272736,0.796709,0.391773,0.616594,0.733278,0.0,0.638919,0.191766,0.0,0.0,0.0,0.666922,1.364721,0.0,0.104419,0.0,0.359075,0.0,0.0,0.587949,0.0,0.0,0.290212,0.453352,0.706198,0.071908,0.310603,0.964447
10,0.475853,0.0,0.240935,0.0,0.205264,0.87555,0.617297,0.58167,0.678576,0.0,0.780041,0.285176,0.0,0.0,0.0,0.90419,1.452143,0.0,0.279123,0.0,0.331993,0.0,0.0,0.797017,0.0,0.0,0.395193,0.457591,0.777901,0.022713,0.347725,1.061272
11,0.730922,0.0,0.250325,0.0,0.282139,0.940406,0.871401,0.821406,0.634196,0.0,0.875412,0.3339,0.169184,0.0,0.0,1.011246,1.658714,0.0,0.314077,0.0,0.169211,0.0,0.0,0.924448,0.0,0.0,0.274963,0.592501,0.608261,0.058362,0.252018,1.271927
12,0.917557,0.0,0.151056,0.0,0.280534,1.010178,1.017466,0.988491,0.473335,0.0,1.003821,0.378856,0.301109,0.0,0.0,1.025848,1.776676,0.0,0.353382,0.0,0.003688,0.0,0.0,1.012255,0.0,0.0,0.264987,0.632596,0.527956,0.072933,0.171887,1.46655
13,1.207624,0.0,0.039001,0.0,0.382587,0.896137,0.815189,0.853992,0.528502,0.0,0.629985,0.328342,0.228921,0.0,0.0,0.943254,1.59774,0.0,0.383879,0.0,0.0,0.0,0.104901,0.977488,0.0,0.0,0.32893,0.831387,0.387958,0.0,0.0,1.399698
14,1.233345,0.0,0.0,0.0,0.244573,0.663217,1.103321,0.85063,0.355078,0.0,0.976094,0.326363,0.342121,0.0,0.0,0.761825,1.876374,0.0,0.248484,0.0,0.0,0.0,0.0,1.160497,0.0,0.0,0.534508,0.491915,0.462964,0.0,0.0,1.288562
15,1.517162,0.0,0.0,0.0,0.290688,0.304456,1.104398,1.097503,0.252317,0.0,0.806308,0.311939,0.185877,0.0,0.0,0.398278,1.914156,0.0,0.205952,0.0,0.0,0.0,0.0566,1.210266,0.0,0.0,0.53186,0.381355,0.372304,0.0,0.0,1.153944
16,1.485722,0.0,0.031342,0.0,0.337733,0.06538,1.098752,1.103671,0.289007,0.0,0.846581,0.2136,0.13717,0.0,0.061946,0.211013,1.978115,0.0,0.171068,0.0,0.0,0.0,0.0,1.299417,0.0,0.142093,0.533796,0.154156,0.389083,0.0,0.0,0.936033
17,1.423588,0.0,0.0,0.0,0.45578,0.088363,0.82453,1.065498,0.147312,0.004755,0.532828,0.220347,0.024131,0.0,0.0,0.088858,1.647852,0.0,0.133182,0.0,0.0,0.0,0.081471,1.041909,0.027293,0.010179,0.496311,0.316347,0.249081,0.0,0.0,0.900599
18,0.992997,0.0,0.0,0.0,0.421459,0.100805,0.767361,0.746906,0.223958,0.0,0.680096,0.135955,0.17086,0.0,0.010067,0.21291,1.518765,0.0,0.037528,0.0,0.0,0.0,0.0,0.858967,0.0,0.101728,0.376184,0.134863,0.22626,0.0,0.0,0.693761
19,0.715741,0.0,0.086017,0.0,0.363135,0.119499,0.539948,0.67931,0.264007,0.0,0.406414,0.007611,0.0,0.0,0.189407,0.101677,1.158597,0.0,0.070695,0.0,0.0,0.0,0.057168,0.72158,0.116401,0.082603,0.228858,0.102498,0.382349,0.0,0.0,0.426289
20,0.536442,0.0,0.136219,0.0,0.194474,0.23804,0.432904,0.442884,0.357504,0.0,0.220384,0.0,0.0,0.0,0.337071,0.198192,0.778025,0.0,0.017013,0.0,0.0,0.0,0.23117,0.561522,0.260527,0.05137,0.057764,0.016681,0.374101,0.0,0.0,0.218796
21,0.365775,0.0,0.05489,0.0,0.367711,0.327477,0.322555,0.0661,0.391514,0.0,0.0,0.0,0.0,0.0,0.281453,0.424294,0.46651,0.0,0.0,0.0,0.0,0.0,0.24756,0.522551,0.242859,0.092902,0.107049,0.021009,0.355171,0.0,0.0,0.030299
22,0.237078,0.0,0.0,0.0,0.461406,0.334573,0.374614,0.0,0.301479,0.0,0.059183,0.0,0.0,0.0,0.129867,0.498606,0.276549,0.0,0.0,0.0,0.0,0.0,0.041942,0.657049,0.0,0.01314,0.117757,0.0,0.448711,0.0,0.0,0.023998
23,0.228835,0.0,0.0,0.0,0.54534,0.32581,0.274298,0.0,0.364733,0.0,0.028476,0.0,0.082667,0.0,0.145092,0.530484,0.246537,0.0,0.0,0.0,0.0,0.0,0.0,0.562099,0.0,0.054351,0.094342,0.0,0.405419,0.0,0.0,0.021172
24,0.396301,0.0,0.045987,0.0,0.329305,0.0,0.488855,0.199316,0.357698,0.0,0.231134,0.0,0.319478,0.0,0.195236,0.464561,0.511291,0.0,0.0,0.0,0.0,0.0,0.196538,0.22996,0.061515,0.204065,0.0,0.0,0.319188,0.02005,0.0,0.034372
25,0.63412,0.0,0.009106,0.0,0.303287,0.0,0.389035,0.28175,0.262031,0.031634,0.226372,0.0,0.25997,0.0,0.286529,0.420562,0.500096,0.0,0.037829,0.0,0.0,0.0,0.230392,0.226854,0.167545,0.195837,0.0,0.0,0.406726,0.017116,0.0,0.089998
26,0.599954,0.0,0.0,0.0,0.153084,0.0,0.370756,0.462216,0.183945,0.0,0.23558,0.0,0.212511,0.0,0.457506,0.301586,0.550842,0.0,0.0,0.0,0.0,0.0,0.183512,0.124019,0.190772,0.199343,0.0,0.0,0.41904,0.0,0.0,0.048438
27,0.729693,0.0,0.029611,0.0,0.080451,0.0,0.479593,0.832785,0.034999,0.0,0.241932,0.0,0.068653,0.0,0.625569,0.086481,0.587395,0.0,0.0,0.187242,0.0,0.0,0.09341,0.295544,0.119069,0.08636,0.085749,0.0,0.615436,0.0,0.0,0.079213
28,0.916051,0.0,0.0,0.0,0.038359,0.0,0.489954,1.102782,0.0,0.0,0.088309,0.0,0.022721,0.0,0.845676,0.0,0.593314,0.004016,0.0,0.362589,0.0,0.0,0.072464,0.340636,0.182596,0.004749,0.183712,0.0,0.707935,0.0,0.0,0.0
29,1.061889,0.0,0.0,0.0,0.272882,0.0,0.623527,1.212691,0.0,0.0,0.161837,0.0,0.037697,0.0,0.859327,0.0,0.525339,0.146571,0.0,0.274071,0.0,0.0,0.0,0.607803,0.112904,0.12316,0.379078,0.0,0.930218,0.0,0.130702,0.0
30,1.120968,0.0,0.0,0.040007,0.252812,0.0,0.771021,1.188171,0.0,0.0,0.053239,0.0,0.103275,0.0,0.961193,0.0,0.351626,0.266392,0.0,0.616444,0.0,0.0,0.0,0.611772,0.112287,0.0,0.389401,0.0,1.045402,0.0,0.257376,0.0
31,1.089871,0.0,0.0,0.0,0.191767,0.0,0.937004,0.949677,0.0,0.073984,0.044537,0.0,0.124459,0.0,0.820181,0.179828,0.108321,0.231422,0.0,0.560752,0.0,0.089138,0.0,0.718121,0.0,0.0,0.333949,0.0,1.236176,0.0,0.173344,0.0
32,0.950138,0.0,0.0,0.0,0.465313,0.0,0.783007,0.75512,0.0,0.0,0.03177,0.0,0.167111,0.0,0.738342,0.130075,0.0,0.16877,0.0,0.355454,0.0,0.087933,0.0,0.768988,0.0,0.0,0.233321,0.0,1.059978,0.0,0.319027,0.0
33,0.68019,0.0,0.0,0.0,0.530468,0.0,0.752011,0.594805,0.0,0.026525,0.097529,0.0,0.097579,0.0,0.682303,0.160946,0.0,0.18566,0.0,0.268783,0.0,0.007502,0.0,0.713808,0.0,0.149719,0.280573,0.0,1.046062,0.0,0.391714,0.0
34,0.642276,0.0,0.0,0.0,0.120936,0.0,0.681144,0.730738,0.0,0.0,0.010134,0.0,0.0,0.0,0.799678,0.207854,0.18883,0.052875,0.0,0.412287,0.0,0.091721,0.0,0.392935,0.046427,0.056124,0.026365,0.0,0.833647,0.043463,0.284025,0.06037
35,0.473215,0.0,0.0,0.0,0.255614,0.0,0.58811,0.721153,0.111303,0.0,0.0,0.028621,0.107148,0.0,0.711515,0.321654,0.206129,0.0,0.0,0.308127,0.0,0.082969,0.0,0.198422,0.172496,0.292135,0.0,0.0,0.503475,0.0,0.268545,0.0
36,0.547956,0.0,0.037618,0.0,0.267736,0.0,0.439452,0.725838,0.253599,0.0,0.064191,0.035507,0.135991,0.0,0.862835,0.036795,0.248262,0.0,0.0,0.500786,0.0,0.0,0.0,0.159056,0.249816,0.236212,0.0,0.0,0.493424,0.0,0.325049,0.078361
37,0.507668,0.0,0.224315,0.0,0.0,0.0,0.540812,0.772323,0.127586,0.0,0.147016,0.0,0.0,0.0,1.106398,0.0,0.391403,0.001233,0.0,0.702558,0.0,0.043734,0.0,0.171279,0.103448,0.016703,0.060187,0.0,0.866194,0.0,0.243163,0.079591
38,0.496263,0.0,0.1102,0.0,0.160421,0.0,0.490544,0.816362,0.19486,0.0,0.192572,0.0,0.009463,0.0,1.132024,0.0,0.425224,0.0,0.0,0.507388,0.0,0.020341,0.0,0.213514,0.0,0.246754,0.147275,0.0,0.947089,0.0,0.318865,0.0
39,0.518948,0.0,0.097234,0.0,0.167512,0.0,0.563567,0.874577,0.178899,0.0,0.260343,0.0,0.0,0.0,0.974843,0.0,0.287538,0.0,0.022791,0.453181,0.0,0.0,0.0,0.250847,0.07613,0.200749,0.07773,0.0,0.890585,0.0,0.181588,0.0
40,0.484872,0.0,0.147772,0.0,0.089576,0.0,0.615029,0.844752,0.215546,0.0,0.279112,0.0,0.0,0.0,0.916405,0.0,0.226914,0.0,0.0,0.520676,0.0,0.0,0.0,0.163706,0.117083,0.050413,0.047705,0.0,0.800536,0.0,0.0467,0.026575
41,0.266419,0.0,0.113667,0.0,0.146314,0.0,0.538441,0.657918,0.407457,0.0,0.202569,0.0,0.0,0.0,0.922893,0.0,0.11522,0.0,0.0,0.455787,0.0,0.057344,0.0,0.09317,0.092574,0.152669,0.103703,0.0,0.730583,0.0,0.0,0.0
42,0.058008,0.0,0.160955,0.0,0.038471,0.0,0.333927,0.473918,0.550574,0.0,0.005324,0.0,0.0,0.0,0.77028,0.387132,0.222823,0.0,0.0,0.39595,0.0,0.23069,0.0,0.0,0.111097,0.279053,0.06306,0.0,0.423819,0.0,0.0,0.038993
43,0.0,0.0,0.432977,0.0,0.0,0.0,0.277761,0.511671,0.612357,0.0,0.058136,0.0,0.0,0.0,0.869973,0.268652,0.416704,0.0,0.0,0.534348,0.0,0.198749,0.0,0.0,0.241076,0.157881,0.0,0.0,0.387601,0.0,0.085377,0.13852
44,0.0,0.0,0.308052,0.0,0.212311,0.042332,0.246092,0.527522,0.612196,0.0,0.0,0.0,0.0,0.0,0.782833,0.302972,0.234813,0.072079,0.0,0.294134,0.0,0.25218,0.179787,0.0,0.378842,0.303821,0.110498,0.0,0.14769,0.0,0.297494,0.045769
45,0.0,0.0,0.42693,0.0,0.141375,0.187703,0.152244,0.359892,0.605783,0.0,0.0,0.0,0.0,0.0,0.665466,0.643191,0.279757,0.128986,0.0,0.252701,0.0,0.467881,0.200781,0.007979,0.493146,0.411893,0.0,0.0,0.117222,0.0,0.378924,0.225717
46,0.0,0.0,0.278144,0.0,0.44996,0.212793,0.10028,0.258693,0.680174,0.0,0.0,0.0,0.0,0.0,0.42973,0.655862,0.023429,0.117472,0.0,0.188194,0.0,0.171274,0.043822,0.252271,0.437477,0.24082,0.0,0.0,0.304864,0.0,0.262532,0.0
47,0.0,0.0,0.020473,0.0,0.686167,0.319504,0.193825,0.067076,0.511472,0.0,0.0,0.0,0.0,0.0,0.21857,0.650757,0.0,0.095595,0.0,0.081487,0.0,0.147749,0.0,0.573379,0.174758,0.175822,0.139988,0.0,0.344,0.0,0.133899,0.016149
48,0.065229,0.0,0.187992,0.0,0.520549,0.077121,0.228199,0.391059,0.387402,0.0,0.0,0.0,0.0,0.0,0.453705,0.382663,0.148622,0.115545,0.0,0.0,0.0,0.02679,0.0,0.400294,0.411326,0.198546,0.0,0.0,0.449978,0.0,0.312983,0.030168
49,0.254629,0.0,0.159732,0.0,0.349932,0.047794,0.360729,0.42426,0.14745,0.0,0.028236,0.0,0.0,0.0,0.46827,0.349405,0.28092,0.042549,0.0,0.0,0.0,0.0,0.0,0.523218,0.226928,0.095387,0.0,0.0,0.632936,0.0,0.083242,0.091334
50,0.425434,0.0,0.143448,0.0,0.377769,0.0,0.332897,0.508183,0.19473,0.0,0.0,0.0,0.0,0.0,0.572497,0.143522,0.361926,0.0,0.0,0.0,0.0,0.0,0.0,0.508124,0.306316,0.131475,0.087659,0.0,0.626207,0.0,0.0,0.0
51,0.482568,0.0,0.07129,0.0,0.296745,0.0,0.39769,0.574048,0.080405,0.0,0.12967,0.0,0.0,0.0,0.508698,0.106617,0.472095,0.0,0.0,0.0,0.0,0.0,0.0,0.474172,0.156648,0.05942,0.154133,0.0,0.597741,0.0,0.0,0.028237
52,0.451395,0.0,0.236052,0.0,0.108575,0.0,0.35272,0.531944,0.263701,0.0,0.145529,0.0,0.0,0.0,0.626325,0.052078,0.484622,0.0,0.0,0.0,0.0,0.0,0.0,0.394722,0.194143,0.003971,0.095517,0.0,0.752057,0.0,0.0,0.048163
53,0.347434,0.0,0.255997,0.0,0.115731,0.058468,0.32925,0.581441,0.321865,0.0,0.141903,0.0,0.0,0.0,0.606062,0.10013,0.525312,0.0,0.0,0.0,0.0,0.0,0.0,0.393744,0.231969,0.0,0.084494,0.0,0.800402,0.0,0.0,0.022864
54,0.211347,0.0,0.108512,0.0,0.299049,0.121507,0.43794,0.223607,0.40437,0.0,0.036472,0.0,0.0,0.0,0.098913,0.609885,0.348873,0.0,0.0,0.0,0.0,0.0,0.012269,0.435756,0.166207,0.004483,0.003155,0.0,0.338689,0.0,0.0,0.0
55,0.097246,0.0,0.2004,0.0,0.257744,0.383149,0.356981,0.256677,0.482359,0.0,0.0,0.0,0.0,0.0,0.121144,0.705837,0.333903,0.086287,0.0,0.0,0.0,0.0,0.00815,0.473361,0.289523,0.058444,0.0,0.0,0.502047,0.0,0.107723,0.056294
56,0.0,0.0,0.134589,0.0,0.389961,0.301207,0.569436,0.416022,0.3321,0.0,0.213801,0.0,0.0,0.0,0.0,0.8594,0.335941,0.121026,0.0,0.0,0.0,0.0,0.0,0.806325,0.028923,0.0,0.0,0.0,0.542962,0.035873,0.057382,0.152728
57,0.0,0.0,0.0,0.0,0.957427,0.688329,0.594001,0.063696,0.394918,0.0,0.0,0.0,0.0,0.0,0.0,0.922281,0.0,0.109245,0.0,0.0,0.002144,0.0,0.0,1.240198,0.0,0.0271,0.21851,0.0,0.294941,0.0,0.215999,0.123949
58,0.0,0.0,0.0,0.0,0.610301,0.484834,0.611521,0.485124,0.359779,0.0,0.063695,0.0,0.0,0.0,0.120388,0.813878,0.130366,0.193372,0.0,0.0,0.0,0.01692,0.0,1.098583,0.113215,0.0,0.039685,0.0,0.568014,0.070522,0.36503,0.213281
59,0.0,0.0,0.038418,0.0,0.763821,0.485752,0.60268,0.384472,0.676513,0.0,0.0,0.0,0.0,0.0,0.196659,0.94831,0.071951,0.218495,0.0,0.057828,0.0,0.298466,0.0,1.06954,0.404402,0.237737,0.111956,0.0,0.348003,0.013225,0.493744,0.14902
60,0.0,0.0,0.0,0.0,0.877345,0.33577,0.605626,0.353682,0.72054,0.0,0.0,0.0,0.0,0.0,0.338066,0.938519,0.0,0.181396,0.0,0.181815,0.0,0.415607,0.142093,0.994293,0.52203,0.43356,0.193285,0.0,0.051522,0.0,0.557443,0.088582
61,0.0,0.0,0.0,0.0,0.904748,0.451439,0.490769,0.403495,0.621516,0.0,0.0,0.0,0.0,0.0,0.34627,0.939338,0.0,0.176122,0.0,0.216322,0.0,0.510881,0.157092,0.939068,0.468774,0.611338,0.290399,0.0,0.0,0.0,0.62763,0.223804
62,0.0,0.0,0.0,0.0,0.771406,0.39946,0.504859,0.378947,0.718787,0.0,0.0,0.0,0.00938,0.0,0.271263,1.032165,0.064569,0.192743,0.0,0.314093,0.0,0.351709,0.301217,0.811792,0.37126,0.459476,0.17445,0.0,0.0,0.0,0.438864,0.284911
63,0.0,0.0,0.0,0.0,0.540307,0.2726,0.564545,0.656299,0.530275,0.0,0.126484,0.0,0.022009,0.0,0.280748,0.841884,0.366513,0.155227,0.0,0.317713,0.0,0.164522,0.562498,0.640815,0.115663,0.290824,0.14782,0.0,0.0,0.109493,0.407447,0.47009
64,0.0,0.0,0.066706,0.0,0.481322,0.398032,0.52134,0.731927,0.520824,0.0,0.201195,0.0,0.09293,0.0,0.307413,0.841867,0.56113,0.17392,0.0,0.272682,0.0,0.144764,0.62253,0.51193,0.082242,0.297171,0.086496,0.0,0.0,0.181968,0.439964,0.533961
65,0.0,0.0,0.102437,0.0,0.283735,0.337546,0.426547,0.603743,0.496098,0.0,0.147343,0.0,0.079897,0.0,0.315823,0.904279,0.581454,0.142666,0.0,0.119439,0.0,0.178825,0.756237,0.25429,0.238474,0.374831,0.0,0.0,0.0,0.003455,0.362416,0.45643
66,0.0,0.0,0.153544,0.0,0.211141,0.048224,0.253487,0.724368,0.459342,0.0,0.082534,0.0,0.0,0.0,0.423743,0.690754,0.605511,0.167629,0.0,0.0,0.0,0.246192,0.770347,0.152433,0.379552,0.426975,0.0,0.0,0.0,0.0,0.357346,0.296086
67,0.0,0.0,0.139692,0.0,0.343608,0.167609,0.239467,0.685212,0.683607,0.0,0.0,0.0,0.029009,0.0,0.312854,0.824472,0.473501,0.122473,0.0,0.126204,0.0,0.413393,0.608824,0.045747,0.581835,0.473352,0.0,0.021026,0.0,0.0,0.306938,0.384949
68,0.0,0.0,0.057056,0.0,0.399947,0.0,0.204934,0.776384,0.421555,0.0,0.142041,0.0,0.0,0.0,0.697938,0.311494,0.464611,0.12949,0.0,0.271959,0.0,0.216643,0.655545,0.118244,0.431153,0.367502,0.117824,0.0,0.0,0.0,0.485988,0.279108
69,0.0,0.0,0.225961,0.0,0.435267,0.0,0.165902,0.805612,0.625269,0.0,0.157315,0.0,0.0,0.0,0.837031,0.243063,0.576262,0.183733,0.0,0.473586,0.0,0.24229,0.515992,0.089197,0.552109,0.370401,0.005158,0.0,0.0,0.0,0.636016,0.329196
70,0.0,0.0,0.193242,0.0,0.536508,0.0,0.095432,0.808509,0.612861,0.0,0.069747,0.0,0.008467,0.0,1.020797,0.128727,0.595908,0.130002,0.0,0.559576,0.0,0.271918,0.389074,0.019223,0.662951,0.499935,0.163168,0.0,0.0,0.0,0.922823,0.323732
71,0.0,0.0,0.221934,0.0,0.412463,0.0,0.14594,0.635102,0.606633,0.0,0.085627,0.0,0.04127,0.0,0.926156,0.278014,0.559367,0.0,0.0,0.687853,0.0,0.327759,0.312763,0.0,0.756152,0.587476,0.133119,0.0,0.0,0.0,0.952261,0.498003
72,0.0,0.0,0.219341,0.0,0.362834,0.0,0.178074,0.456964,0.612799,0.0,0.153852,0.0,0.124774,0.0,0.739381,0.475577,0.471202,0.0,0.0,0.675457,0.0,0.435996,0.42191,0.0,0.60077,0.634837,0.026865,0.0,0.0,0.0,0.717886,0.578314
73,0.0,0.0,0.286496,0.0,0.448491,0.0,0.020823,0.660807,0.681504,0.0,0.219199,0.0,0.0,0.0,1.013139,0.0,0.504829,0.024739,0.207387,0.534888,0.0,0.276765,0.451119,0.0,0.47828,0.545937,0.073261,0.0,0.069224,0.0,0.714938,0.381999
74,0.0,0.0,0.259047,0.0,0.486051,0.0,0.0,0.439862,0.818071,0.0,0.173538,0.0,0.089011,0.0,0.861889,0.085851,0.464817,0.0,0.217494,0.453711,0.0,0.242395,0.444702,0.0,0.567774,0.562132,0.0,0.0,0.0,0.0,0.644846,0.330651
75,0.0,0.0,0.390318,0.0,0.202096,0.0,0.047368,0.445285,0.549632,0.0,0.183467,0.0,0.0,0.0,0.95959,0.112608,0.5367,0.0,0.117192,0.2455,0.0,0.261541,0.465466,0.0,0.528349,0.486269,0.0,0.0,0.049032,0.0,0.547119,0.280646
76,0.0,0.0,0.198819,0.0,0.384066,0.079133,0.049571,0.281665,0.711658,0.0,0.0,0.0,0.170329,0.0,0.67058,0.402776,0.353968,0.0,0.0,0.188416,0.0,0.309346,0.359351,0.0,0.447779,0.526754,0.0,0.0,0.049026,0.0,0.329051,0.292414
77,0.037532,0.0,0.062999,0.0,0.340761,0.0,0.097526,0.486631,0.495431,0.0,0.14951,0.0,0.113229,0.0,0.646276,0.290551,0.47343,0.005774,0.0,0.023999,0.0,0.121405,0.433284,0.0,0.211611,0.332238,0.087388,0.0,0.153171,0.0,0.265288,0.271418
78,0.17933,0.0,0.045987,0.0,0.179368,0.0,0.355357,0.462908,0.227868,0.0,0.409826,0.0,0.113069,0.0,0.459013,0.486173,0.550359,0.014356,0.0,0.025646,0.0,0.0,0.463188,0.076641,0.0,0.270393,0.0,0.0,0.192011,0.0,0.166485,0.396079
79,0.064931,0.0,0.0,0.0,0.324177,0.0,0.348734,0.658575,0.373048,0.0,0.211973,0.0,0.292455,0.0,0.438441,0.459669,0.51421,0.025046,0.0,0.0544,0.0,0.058257,0.420837,0.005056,0.157227,0.318484,0.087207,0.0,0.0,0.010627,0.33006,0.409403
80,0.160775,0.0,0.0,0.0,0.170442,0.0,0.400389,0.729211,0.074936,0.0,0.246137,0.0,0.0,0.0,0.562353,0.335872,0.469513,0.09076,0.0,0.081707,0.0,0.052872,0.445983,0.162218,0.155245,0.385781,0.172458,0.0,0.09822,0.0,0.444265,0.389376
81,0.021159,0.0,0.0,0.0,0.373713,0.0,0.236596,0.793189,0.257345,0.0,0.07889,0.0,0.051727,0.0,0.665666,0.25826,0.496202,0.173576,0.0,0.136053,0.0,0.025744,0.277003,0.205351,0.316682,0.313294,0.218137,0.0,0.083029,0.058974,0.608107,0.281235
82,0.011732,0.0,0.0,0.0,0.505121,0.0,0.300078,0.493655,0.464681,0.0,0.0,0.0,0.183508,0.0,0.464299,0.473817,0.196796,0.110414,0.0,0.120707,0.0,0.173023,0.344318,0.21562,0.451501,0.521162,0.040297,0.0,0.0,0.0,0.53259,0.201955
83,0.0,0.0,0.0,0.0,0.743019,0.156655,0.340602,0.284465,0.579705,0.0,0.0,0.0,0.125467,0.0,0.219816,0.773603,0.057331,0.179435,0.0,0.111546,0.0,0.228537,0.117738,0.547343,0.21938,0.311138,0.068205,0.0,0.020476,0.0,0.294099,0.099949
84,0.0,0.0,0.0,0.0,0.732333,0.303107,0.437313,0.214479,0.345696,0.0,0.0,0.0,0.0,0.0,0.255143,0.627522,0.0,0.207567,0.0,0.230652,0.0,0.133697,0.296537,0.870285,0.037513,0.179927,0.130249,0.0,0.32556,0.0,0.294425,0.127556
85,0.0,0.0,0.11647,0.0,0.644981,0.369012,0.286784,0.232311,0.574397,0.0,0.0,0.0,0.0,0.0,0.264433,0.958394,0.0,0.202561,0.0,0.303147,0.0,0.325494,0.379108,0.728837,0.359501,0.287057,0.0,0.0,0.161304,0.0,0.342372,0.057302
86,0.0,0.0,0.272019,0.0,0.660023,0.575808,0.185492,0.189859,0.794031,0.0,0.0,0.0,0.0,0.0,0.20565,1.182979,0.0,0.305113,0.0,0.398488,0.0,0.481893,0.425909,0.80806,0.448716,0.235842,0.0,0.0,0.162626,0.0,0.28541,0.0
87,0.0,0.0,0.523574,0.0,0.763543,0.601929,0.166599,0.338669,1.118729,0.0,0.0,0.0,0.0,0.0,0.25341,1.082704,0.064591,0.244428,0.0,0.509887,0.0,0.616555,0.746012,0.621784,0.774685,0.414536,0.0,0.0,0.0,0.0,0.373344,0.0
88,0.0,0.0,0.633237,0.0,0.491234,0.692889,0.018982,0.47394,1.096271,0.0,0.0,0.0,0.0,0.0,0.36645,1.163011,0.21129,0.250806,0.0,0.584436,0.0,0.71796,0.910352,0.466763,0.936847,0.383941,0.0,0.0,0.0,0.0,0.398795,0.0
89,0.0,0.0,0.703552,0.0,0.387823,0.634588,0.102761,0.506859,1.08353,0.0,0.0,0.0,0.0,0.0,0.318025,1.175103,0.232539,0.223321,0.0,0.616765,0.0,0.755587,0.969113,0.410496,0.870822,0.230164,0.0,0.0,0.0,0.0,0.266517,0.0
90,0.0,0.0,0.712397,0.0,0.309291,0.56273,0.0,0.578422,1.081328,0.0,0.0,0.0,0.0,0.0,0.344425,1.018651,0.345021,0.298957,0.0,0.535568,0.0,0.478553,0.964965,0.202422,0.921261,0.084957,0.0,0.0,0.039701,0.0,0.255434,0.0
91,0.0,0.0,0.659466,0.0,0.27815,0.210488,0.259628,0.490085,0.831677,0.0,0.090001,0.0,0.0,0.0,0.185994,0.910574,0.499697,0.134755,0.0,0.327631,0.0,0.208729,0.893199,0.330597,0.527591,0.0,0.0,0.0,0.078671,0.0,0.0,0.0
92,0.0,0.0,0.499897,0.0,0.308358,0.575947,0.256298,0.270019,0.775362,0.0,0.0,0.0,0.0,0.0,0.02142,1.031388,0.453301,0.115802,0.0,0.206667,0.0,0.214208,0.553193,0.600914,0.396103,0.001651,0.0,0.0,0.314706,0.0,0.0,0.0
93,0.081186,0.0,0.386825,0.0,0.277433,0.23913,0.663078,0.328709,0.664131,0.0,0.094053,0.0,0.0,0.0,0.0,0.961645,0.481401,0.0,0.0,0.0,0.0,0.126837,0.483532,0.694203,0.340613,0.0,0.0,0.0,0.169026,0.0,0.0,0.0
94,0.0,0.0,0.036217,0.0,0.605814,0.329541,0.782563,0.219712,0.433381,0.0,0.14875,0.0,0.0,0.0,0.0,0.931562,0.403328,0.0,0.0,0.0,0.0,0.00444,0.150791,1.147047,0.0,0.0,0.0,0.0,0.203509,0.058236,0.0,0.059566
95,0.0,0.0,0.0,0.0,0.915997,0.711229,0.809488,0.0,0.265182,0.0,0.094795,0.0,0.0,0.0,0.0,0.919212,0.06344,0.0,0.0,0.0,0.0,0.060235,0.0,1.502154,0.0,0.0,0.289644,0.0,0.392631,0.0,0.113948,0.082418
96,0.0,0.0,0.0,0.0,0.980728,0.565989,0.804326,0.035279,0.128414,0.0,0.137306,0.0,0.0,0.0,0.0,0.797432,0.06008,0.056503,0.0,0.0,0.0,0.0,0.030536,1.401056,0.0,0.058536,0.328826,0.0,0.413333,0.0,0.251226,0.113064
97,0.0,0.0,0.0,0.0,0.696195,0.302264,0.734686,0.378445,0.229828,0.0,0.00054,0.0,0.0,0.0,0.172751,0.679175,0.190562,0.000591,0.0,0.048386,0.0,0.178515,0.056908,1.054269,0.003328,0.040032,0.253871,0.0,0.209849,0.03442,0.294262,0.098569
98,0.0,0.0,0.0,0.0,0.614179,0.124673,0.612262,0.390685,0.355759,0.0,0.0,0.0,0.0,0.0,0.264496,0.811548,0.148859,0.018626,0.0,0.012702,0.0,0.333117,0.116028,0.675992,0.380385,0.310392,0.156221,0.0,0.003034,0.0,0.382824,0.081463
99,0.0,0.0,0.0,0.0,0.508296,0.023,0.491738,0.432505,0.371526,0.0,0.0,0.0,0.062931,0.0,0.382204,0.60005,0.18922,0.081584,0.0,0.10603,0.0,0.183463,0.189577,0.466752,0.313481,0.238802,0.019163,0.0,0.123601,0.024581,0.328618,0.108205
100,0.0,0.050015,0.108539,0.0,0.358175,0.0,0.360657,0.489028,0.255385,0.0,0.055617,0.0,0.0,0.0,0.572891,0.463544,0.287464,0.119063,0.0,0.197686,0.0,0.032192,0.351261,0.328586,0.390484,0.397515,0.0,0.0,0.220576,0.073698,0.577229,0.252945
101,0.0,0.0,0.0,0.0,0.709616,0.1312,0.342959,0.449025,0.460209,0.0,0.0,0.0,0.0,0.0,0.372302,0.624258,0.036149,0.126494,0.0,0.208829,0.0,0.140749,0.0,0.537616,0.199999,0.280147,0.159188,0.0,0.065073,0.026968,0.436779,0.235545
102,0.0,0.0,0.118433,0.0,0.427275,0.0,0.344686,0.463124,0.503787,0.0,0.0,0.0,0.0,0.0,0.56275,0.572584,0.082043,0.246575,0.0,0.192647,0.0,0.22381,0.170482,0.342898,0.539554,0.453081,0.0,0.0,0.011903,0.005771,0.706938,0.288355
103,0.0,0.0,0.064835,0.0,0.637386,0.187425,0.304664,0.268487,0.766349,0.0,0.0,0.0,0.0,0.0,0.265768,0.838316,0.0,0.415835,0.0,0.115788,0.0,0.349823,0.0,0.535987,0.433981,0.436407,0.074705,0.0,0.105048,0.0,0.540548,0.243742
104,0.0,0.0,0.042064,0.0,0.615817,0.494613,0.392596,0.220958,0.692498,0.0,0.0,0.0,0.0,0.0,0.194527,0.740018,0.0,0.446362,0.0,0.0,0.0,0.422521,0.082139,0.768235,0.305939,0.540637,0.30042,0.0,0.196852,0.0,0.627138,0.316646
105,0.0,0.0,0.075694,0.0,0.406936,0.543036,0.345949,0.175189,0.556316,0.0,0.0,0.0,0.0,0.0,0.148828,1.029005,0.0,0.370748,0.0,0.113371,0.0,0.281069,0.0,0.697254,0.167887,0.332247,0.153338,0.0,0.310032,0.0,0.53111,0.334308
106,0.022804,0.0,0.081802,0.0,0.384457,0.489364,0.426978,0.306767,0.409951,0.0,0.147713,0.0,0.0,0.0,0.291619,0.749717,0.110077,0.27059,0.081411,0.148695,0.0,0.0,0.072663,0.70706,0.0,0.117712,0.040457,0.0,0.598808,0.064689,0.521728,0.325423
107,0.176629,0.0,0.031299,0.0,0.55057,0.335451,0.28768,0.252305,0.597035,0.0,0.0,0.0,0.003567,0.0,0.009292,0.710629,0.089387,0.24596,0.0,0.0,0.0,0.0,0.256625,0.55626,0.208873,0.151121,0.0,0.0,0.374429,0.04448,0.297564,0.202892
108,0.187567,0.0,0.125557,0.0,0.42003,0.145725,0.582253,0.185257,0.342985,0.0,0.28142,0.0,0.05653,0.0,0.06996,0.699048,0.43082,0.027031,0.104275,0.0,0.0,0.0,0.186475,0.737483,0.0,0.198105,0.0,0.0,0.515956,0.109557,0.072905,0.198575
109,0.214627,0.0,0.142259,0.0,0.593688,0.169028,0.556117,0.08737,0.49157,0.0,0.167911,0.0,0.16578,0.0,0.0,0.848038,0.419028,0.0,0.114886,0.0,0.0,0.0,0.229088,0.783526,0.0,0.246623,0.0,0.0,0.407094,0.034349,0.0,0.129203
110,0.130868,0.0,0.051969,0.0,0.597403,0.477831,0.359548,0.0,0.532459,0.0,0.0,0.0,0.100247,0.0,0.161521,0.877259,0.044474,0.073457,0.022207,0.0,0.0,0.118269,0.156705,0.828907,0.0,0.138029,0.012064,0.0,0.553981,0.0,0.0,0.058886
111,0.038019,0.0,0.058024,0.0,0.668589,0.48838,0.432421,0.09493,0.546838,0.0,0.0,0.0,0.084068,0.0,0.204686,0.852129,0.146747,0.010142,0.0,0.027585,0.0,0.230965,0.172071,0.800958,0.174863,0.176643,0.0,0.0,0.396917,0.015732,0.111246,0.028828
112,0.035485,0.0,0.0,0.0,0.794484,0.403362,0.402405,0.0,0.456715,0.0,0.0,0.0,0.018786,0.0,0.296991,0.814855,0.0,0.0,0.0,0.084654,0.0,0.297707,0.0,0.924984,0.164175,0.244768,0.085177,0.0,0.524931,0.0,0.190011,0.0
113,0.0,0.0,0.0,0.0,0.749531,0.102609,0.636867,0.377924,0.329336,0.0,0.0,0.0,0.0,0.0,0.493682,0.537376,0.0,0.0,0.0,0.100039,0.0,0.39136,0.0,0.900668,0.244083,0.181743,0.135693,0.0,0.538159,0.0,0.320888,0.0
114,0.217126,0.0,0.0,0.0,0.835774,0.0,0.576146,0.553334,0.418397,0.0,0.0,0.0,0.18135,0.0,0.655649,0.416136,0.0,0.012041,0.0,0.183231,0.0,0.296958,0.0,0.672469,0.316574,0.117228,0.04177,0.0,0.500235,0.0,0.390402,0.0
115,0.387565,0.0,0.0,0.0,0.790427,0.0,0.610212,0.195419,0.266101,0.156416,0.038975,0.0,0.028798,0.0,0.700137,0.249573,0.0,0.026705,0.012959,0.173375,0.0,0.192593,0.0,0.974593,0.043074,0.113314,0.118761,0.0,1.044683,0.0,0.272921,0.0
116,0.516721,0.0,0.010326,0.0,0.537739,0.0,0.631425,0.694377,0.050687,0.0,0.107015,0.0,0.021512,0.0,0.974147,0.0,0.109382,0.029757,0.049997,0.300512,0.0,0.131733,0.0,0.62857,0.221349,0.000185,0.070245,0.0,0.95156,0.0,0.334983,0.0
117,0.470724,0.0,0.276761,0.0,0.205138,0.0,0.603542,0.881317,0.0,0.0,0.143391,0.0,0.0,0.0,1.134109,0.0,0.443569,0.0,0.02904,0.390992,0.0,0.085668,0.0,0.492859,0.354601,0.053744,0.027116,0.0,0.722116,0.0,0.427433,0.0
118,0.435794,0.0,0.159278,0.0,0.210505,0.0,0.564931,0.874838,0.00083,0.0,0.16004,0.0,0.0,0.0,1.078462,0.0,0.540994,0.0,0.0,0.453103,0.0,0.103737,0.0,0.387545,0.261086,0.0,0.031375,0.0,0.572562,0.0,0.180937,0.0
119,0.424648,0.0,0.341256,0.0,0.185698,0.0,0.278328,1.011345,0.089674,0.0,0.079233,0.0,0.0,0.0,1.489104,0.0,0.794054,0.0,0.0,0.620748,0.0,0.155642,0.0,0.153856,0.510828,0.017358,0.130052,0.028452,0.485215,0.0,0.505378,0.0
120,0.384012,0.0,0.286508,0.0,0.250877,0.0,0.416164,0.937325,0.0,0.0,0.232194,0.0,0.0,0.0,1.2935,0.0,0.65558,0.0,0.0,0.452044,0.0,0.0,0.0,0.335629,0.367789,0.117443,0.234535,0.0,0.649646,0.0,0.410021,0.0
121,0.39991,0.0,0.198002,0.0,0.297872,0.0,0.433809,0.95373,0.0,0.0,0.214673,0.0,0.0,0.0,1.190575,0.0,0.519119,0.002888,0.0,0.473346,0.0,0.0,0.0,0.365706,0.476761,0.157713,0.204002,0.0,0.531074,0.0,0.466587,0.0
122,0.369628,0.0,0.049851,0.0,0.265434,0.0,0.448158,0.935903,0.054623,0.0,0.044819,0.0,0.056582,0.0,1.132908,0.0,0.566596,0.0,0.0,0.551944,0.0,0.171075,0.0,0.222604,0.36377,0.133293,0.15126,0.0,0.350544,0.0,0.413048,0.0
123,0.455861,0.0,0.0,0.0,0.370805,0.0,0.553852,0.683857,0.126522,0.0,0.0,0.0,0.184296,0.0,1.016715,0.043175,0.27469,0.0,0.0,0.545454,0.0,0.311958,0.0,0.265179,0.327118,0.070151,0.18278,0.0,0.387358,0.0,0.323226,0.0
124,0.353627,0.0,0.04617,0.0,0.320874,0.0,0.507927,0.987731,0.0,0.0,0.063995,0.0,0.0,0.0,1.083704,0.0,0.494453,0.114122,0.0,0.503151,0.0,0.096626,0.0,0.202802,0.405576,0.037146,0.258382,0.0,0.372842,0.0,0.625986,0.0
125,0.276105,0.0,0.0,0.0,0.312972,0.0,0.616626,1.027414,0.0,0.0,0.226483,0.0,0.0,0.0,0.873276,0.0,0.478071,0.141692,0.0,0.415589,0.0,0.002452,0.0,0.301493,0.456599,0.062379,0.188193,0.0,0.222801,0.0,0.595801,0.138447
126,0.178902,0.0,0.0,0.0,0.570701,0.0,0.753133,1.025308,0.010011,0.0,0.110168,0.0,0.017044,0.0,0.699188,0.180285,0.314566,0.061322,0.0,0.303188,0.0,0.253135,0.016459,0.445938,0.342104,0.128413,0.188126,0.0,0.044947,0.0,0.499492,0.085694
127,0.128859,0.0,0.0,0.0,0.672484,0.0,0.665914,0.891218,0.10793,0.0,0.0,0.0,0.06093,0.0,0.695369,0.294972,0.211735,0.01855,0.0,0.261624,0.0,0.312175,0.0,0.427115,0.31207,0.200541,0.208367,0.0,0.000208,0.0,0.567455,0.079413
128,0.123819,0.0,0.0,0.0,0.280783,0.0,0.565269,0.676804,0.0,0.0,0.0,0.0,0.0,0.0,0.812139,0.458949,0.206371,0.082793,0.0,0.309163,0.0,0.51847,0.0,0.258604,0.329979,0.338908,0.126397,0.0,0.159013,0.0,0.650485,0.219466
129,0.044457,0.0,0.035373,0.0,0.327671,0.0,0.665824,0.66374,0.384265,0.0,0.009443,0.0,0.0,0.0,0.792928,0.25666,0.084623,0.09964,0.0,0.393,0.0,0.212205,0.0,0.186216,0.379032,0.204512,0.0,0.0,0.207035,0.0,0.517739,0.192973
130,0.145881,0.0,0.0,0.0,0.291349,0.0,0.691056,0.516544,0.243222,0.0,0.044081,0.0,0.0,0.0,0.61344,0.415758,0.0,0.156711,0.0,0.366624,0.0,0.207834,0.0,0.185929,0.280463,0.301328,0.01281,0.0,0.273837,0.0,0.470906,0.225078
131,0.096909,0.0,0.0,0.0,0.472814,0.0,0.66054,0.65418,0.44962,0.0,0.0,0.0,0.0,0.0,0.653245,0.133818,0.0,0.118226,0.0,0.419683,0.0,0.228522,0.0,0.244786,0.273046,0.326944,0.165343,0.0,0.216945,0.0,0.469655,0.227419
132,0.0,0.0,0.020522,0.0,0.233261,0.0,0.608066,0.368823,0.296747,0.0,0.0,0.0,0.0,0.0,0.786083,0.137632,0.0,0.182796,0.0,0.508051,0.0,0.406883,0.0,0.285795,0.065395,0.461393,0.340206,0.0,0.546858,0.0,0.538593,0.318641
133,0.037826,0.0,0.110857,0.001399,0.048014,0.0,0.425732,0.571678,0.249559,0.0,0.0,0.0,0.0,0.0,1.085944,0.0,0.340073,0.0,0.0,0.550061,0.0,0.246431,0.0,0.139088,0.129096,0.347216,0.279971,0.0,0.607398,0.0,0.622967,0.298587
134,0.252611,0.0,0.338136,0.0,0.076621,0.0,0.39607,0.635583,0.193762,0.0,0.109857,0.0,0.0,0.0,1.215304,0.0,0.341887,0.0,0.215685,0.600186,0.0,0.05984,0.0,0.323964,0.210726,0.311345,0.116245,0.0,0.770883,0.0,0.584774,0.213243
135,0.382753,0.0,0.263166,0.0,0.218237,0.0,0.409655,0.503039,0.278988,0.0,0.210757,0.0,0.0,0.033382,1.095013,0.0,0.224274,0.0,0.209191,0.578924,0.0,0.005101,0.0,0.439219,0.117399,0.212815,0.065676,0.0,0.891057,0.0,0.241405,0.166257
136,0.471132,0.0,0.299355,0.0,0.171858,0.0,0.410581,0.428765,0.230823,0.0,0.092721,0.0,0.0,0.006347,0.917476,0.024923,0.357465,0.0,0.421177,0.606652,0.0,0.091723,0.0,0.257404,0.11122,0.309694,0.0,0.0,0.641294,0.0,0.203748,0.252123
137,0.603831,0.0,0.134355,0.0,0.448855,0.0,0.124596,0.534466,0.42904,0.0,0.048061,0.088687,0.165104,0.029312,0.925101,0.0,0.304025,0.0,0.499997,0.523173,0.0,0.0,0.0,0.245398,0.306325,0.379717,0.002011,0.0,0.632406,0.0,0.255621,0.177424
138,0.612967,0.0,0.121054,0.0,0.357908,0.0,0.182535,0.544668,0.269768,0.0,0.065577,0.059756,0.086876,0.0,0.863949,0.037493,0.481062,0.0,0.581262,0.355454,0.0,0.0,0.051559,0.23221,0.235432,0.472038,0.024476,0.0,0.640259,0.0,0.250512,0.205214
139,0.820167,0.0,0.129141,0.0,0.318729,0.0,0.200825,0.48195,0.32866,0.038526,0.113787,0.041617,0.15497,0.0,0.785186,0.072283,0.541626,0.0,0.516637,0.396223,0.0,0.0,0.190604,0.325516,0.241992,0.351373,0.0,0.0,0.672146,0.0,0.021739,0.302974
140,1.084646,0.0,0.177178,0.0,0.194169,0.0,0.3784,0.59263,0.211426,0.048164,0.307803,0.075472,0.110214,0.0,0.778143,0.076551,0.819782,0.0,0.482457,0.165265,0.0,0.0,0.239491,0.478792,0.212424,0.364542,0.117924,0.0,0.694694,0.0,0.0,0.427931
141,1.244366,0.0,0.116566,0.0,0.187571,0.0,0.550861,0.682418,0.106982,0.019921,0.473829,0.190492,0.214472,0.0,0.582877,0.171045,1.103518,0.0,0.262962,0.098935,0.0,0.0,0.150136,0.675591,0.015559,0.140324,0.248114,0.0,0.757762,0.0,0.0,0.601757
142,1.535872,0.0,0.19998,0.0,0.214554,0.0,0.793553,0.865222,0.0,0.084273,0.561019,0.221676,0.199497,0.0,0.576998,0.20114,1.267318,0.0,0.293675,0.0,0.0,0.0,0.135318,0.909294,0.137551,0.076013,0.261671,0.0,0.75221,0.0,0.0,0.768258
143,1.677733,0.0,0.21986,0.0,0.374645,0.0,1.029497,0.993059,0.018854,0.041057,0.775322,0.237583,0.351855,0.0,0.374098,0.41369,1.582075,0.0,0.277216,0.0,0.0,0.0,0.0,1.147629,0.117662,0.179855,0.181867,0.0,0.620082,0.0,0.0,0.866901
144,1.758541,0.0,0.196275,0.0,0.356606,0.0,1.01598,0.997096,0.0,0.023723,0.498215,0.202032,0.13113,0.0,0.552819,0.087598,1.482628,0.0,0.172583,0.0,0.0,0.0,0.0,1.185856,0.178998,0.091001,0.29558,0.0,0.659588,0.0,0.0,0.797765
145,1.603079,0.0,0.145217,0.0,0.338114,0.0,0.992172,0.861611,0.0,0.0,0.398341,0.188624,0.070354,0.0,0.62503,0.023664,1.430908,0.0,0.060185,0.0,0.0,0.0,0.0,1.1271,0.135055,0.073357,0.370087,0.0,0.668721,0.0,0.0,0.696085
146,1.341167,0.0,0.0,0.0,0.462615,0.173451,1.050841,0.859143,0.0,0.0,0.430558,0.205341,0.204257,0.0,0.4267,0.309523,1.352372,0.0,0.0,0.0,0.0,0.0,0.0,1.18283,0.0,0.0,0.311956,0.0,0.628373,0.0,0.0,0.697255
147,1.25749,0.0,0.0,0.0,0.424063,0.141235,0.902797,0.606171,0.0,0.085809,0.204822,0.136491,0.119857,0.0,0.370617,0.437803,1.008475,0.0,0.039706,0.0,0.0,0.0,0.0,1.022355,0.000307,0.0,0.23719,0.0,0.545125,0.0,0.0,0.507263
148,1.0958,0.0,0.0,0.0,0.367156,0.126792,0.916287,0.549853,0.0,0.0,0.244481,0.122964,0.172731,0.0,0.424415,0.394043,0.936878,0.0,0.0,0.0,0.0,0.0,0.0,0.89212,0.0,0.0,0.16887,0.0,0.574223,0.0,0.0,0.468442
149,1.054767,0.0,0.0,0.0,0.360431,0.097111,0.755211,0.559088,0.0,0.080154,0.026793,0.029061,0.058077,0.0,0.440571,0.354707,0.638981,0.0,0.0,0.0,0.0,0.0,0.0,0.866698,0.0,0.0,0.158573,0.0,0.694255,0.0,0.0,0.329761
150,1.015367,0.0,0.014774,0.0,0.265866,0.120882,0.758633,0.514225,0.0,0.169041,0.0,0.0,0.0,0.0,0.686494,0.186775,0.391341,0.0,0.0,0.0,0.0,0.0,0.0,0.870727,0.0,0.0,0.153661,0.0,0.992077,0.0,0.0,0.28248
151,0.890894,0.0,0.0,0.0,0.340439,0.078161,0.653342,0.312874,0.0,0.178372,0.0,0.0,0.0,0.0,0.626854,0.191625,0.270453,0.0,0.0,0.0,0.0,0.0,0.0,0.789958,0.0,0.0,0.100566,0.0,0.932382,0.0,0.0,0.05995
152,0.879108,0.0,0.0,0.0,0.433347,0.115713,0.633965,0.323217,0.0,0.336147,0.0,0.0,0.0,0.0,0.658545,0.069529,0.110052,0.03387,0.0,0.0,0.0,0.0,0.0,0.962081,0.0,0.0,0.237246,0.0,1.111321,0.0,0.0,0.0
153,0.724514,0.0,0.0,0.0,0.512246,0.058084,0.823484,0.096384,0.0,0.204634,0.0,0.0,0.0,0.0,0.455149,0.3491,0.118672,0.0,0.0,0.0,0.0,0.0,0.0,1.026407,0.0,0.0,0.036154,0.0,0.85213,0.0,0.0,0.0
154,0.587086,0.0,0.0,0.0,0.797353,0.303123,0.934416,0.0,0.0,0.344108,0.0,0.0,0.0,0.0,0.102393,0.511742,0.055956,0.0,0.052049,0.0,0.0,0.0,0.0,1.383859,0.0,0.0,0.126275,0.0,0.891845,0.0,0.0,0.0
155,0.507865,0.0,0.0,0.0,0.976379,0.441359,1.054164,0.0,0.0,0.355201,0.0,0.0,0.0,0.0,0.0,0.565536,0.103827,0.0,0.08729,0.0,0.0,0.0,0.0,1.655477,0.0,0.0,0.188507,0.0,0.877747,0.0,0.0,0.0
156,0.474586,0.0,0.0,0.0,0.926508,0.490245,1.133335,0.0,0.0,0.4223,0.0,0.0,0.0,0.0,0.0,0.587077,0.048539,0.0,0.14451,0.0,0.0,0.0,0.0,1.709659,0.0,0.0,0.275762,0.0,0.942528,0.0,0.0,0.0
157,0.465161,0.0,0.0,0.0,0.781322,0.291324,1.265229,0.193649,0.0,0.190122,0.03532,0.0,0.0,0.0,0.017165,0.623186,0.258705,0.0,0.005715,0.0,0.0,0.0,0.0,1.602722,0.0,0.0,0.206286,0.0,0.826086,0.0,0.0,0.0994
158,0.518444,0.0,0.0,0.0,0.808206,0.197433,0.977193,0.376932,0.0,0.188569,0.0,0.0,0.0,0.0,0.216477,0.361264,0.115334,0.0,0.0,0.0,0.0,0.0,0.0,1.379226,0.0,0.0,0.328926,0.0,0.815532,0.0,0.0,0.023719
159,0.453021,0.0,0.0,0.0,0.657272,0.005034,0.875415,0.457071,0.0,0.001684,0.0,0.0,0.0,0.0,0.369087,0.474661,0.016245,0.0,0.0,0.0,0.0,0.16507,0.0,1.071141,0.0,0.0,0.150341,0.0,0.692357,0.0,0.035166,0.023647
160,0.324986,0.0,0.0,0.0,0.911816,0.0,0.914001,0.200566,0.10884,0.0,0.0,0.0,0.0,0.0,0.341022,0.679471,0.0,0.0,0.0,0.0,0.0,0.40179,0.0,1.087316,0.026747,0.0,0.306768,0.0,0.521444,0.0,0.202356,0.0
161,0.197322,0.0,0.0,0.0,0.915968,0.152631,0.901883,0.213293,0.0,0.227585,0.0,0.0,0.0,0.0,0.246303,0.555034,0.0,0.041306,0.0,0.0,0.0,0.277591,0.0,1.28996,0.038105,0.028331,0.253719,0.0,0.730859,0.0,0.311969,0.0
162,0.228152,0.0,0.0,0.0,0.827425,0.0,0.848692,0.158306,0.049647,0.083939,0.0,0.0,0.0,0.0,0.488233,0.509094,0.0,0.0,0.0,0.0,0.0,0.476153,0.0,1.15051,0.176968,0.037432,0.176898,0.0,0.776709,0.0,0.400424,0.0
163,0.11124,0.0,0.0,0.0,1.152546,0.026708,0.802935,0.295404,0.063184,0.0,0.0,0.0,0.0,0.0,0.491964,0.32417,0.0,0.082945,0.0,0.0,0.0,0.49219,0.0,1.201291,0.14887,0.152545,0.272924,0.0,0.659796,0.0,0.621301,0.0
164,0.088468,0.0,0.0,0.0,0.900737,0.0,0.828734,0.376455,0.050144,0.0,0.0,0.0,0.0,0.0,0.483174,0.453226,0.0,0.020701,0.0,0.0,0.0,0.537201,0.0,1.040502,0.207811,0.135236,0.159395,0.0,0.517502,0.0,0.489146,0.0
165,0.114267,0.0,0.0,0.0,0.570349,0.0,0.739733,0.402885,0.109707,0.0,0.0,0.0,0.0,0.0,0.606003,0.50404,0.0,0.004475,0.0,0.086283,0.0,0.473405,0.0,0.690556,0.242225,0.020158,0.041563,0.0,0.394484,0.0,0.373564,0.0
166,0.144522,0.0,0.0,0.0,0.535474,0.0,0.695486,0.457563,0.0,0.0,0.0,0.0,0.0,0.0,0.372078,0.514008,0.00118,0.0,0.0,0.0,0.0,0.284646,0.0,0.71251,0.154619,0.135047,0.0,0.0,0.346589,0.0,0.210106,0.046885
167,0.189945,0.0,0.0,0.0,0.607189,0.076361,0.468892,0.268862,0.177233,0.0,0.0,0.0,0.195817,0.0,0.290202,0.65857,0.024958,0.0,0.0,0.0,0.0,0.15204,0.0,0.451643,0.143853,0.305491,0.065767,0.0,0.185257,0.0,0.177665,0.068974
168,0.431448,0.0,0.0,0.0,0.321259,0.0,0.4442,0.489129,0.058102,0.0,0.0,0.0,0.066781,0.0,0.474754,0.25534,0.19188,0.091452,0.0,0.039341,0.0,0.009465,0.207628,0.333205,0.07455,0.220787,0.0,0.0,0.467483,0.08825,0.090704,0.118667
169,0.462719,0.0,0.045071,0.0,0.170944,0.0,0.584151,0.447176,0.0,0.0,0.127801,0.017746,0.131592,0.0,0.473159,0.369825,0.2365,0.146654,0.0,0.142543,0.0,0.031613,0.179809,0.395498,0.0,0.11981,0.0,0.0,0.674717,0.17142,0.0,0.286448
170,0.471343,0.0,0.040621,0.0,0.151212,0.0,0.387895,0.301934,0.100232,0.0,0.0,0.0,0.174219,0.0,0.532961,0.335515,0.073867,0.160252,0.0,0.145413,0.0,0.066256,0.326805,0.245987,0.0,0.146365,0.0,0.0,0.706985,0.079444,0.0,0.172076
171,0.437874,0.0,0.0,0.0,0.296007,0.003855,0.264879,0.098258,0.238776,0.040937,0.0,0.0,0.223373,0.0,0.433668,0.4915,0.078215,0.157909,0.080029,0.0,0.0,0.0,0.208422,0.1993,0.004997,0.25104,0.0,0.0,0.597102,0.0,0.040385,0.0
172,0.323821,0.0,0.0,0.0,0.579928,0.118096,0.173593,0.040796,0.390138,0.0,0.0,0.0,0.230174,0.0,0.336285,0.578847,0.0,0.201198,0.027415,0.0,0.0,0.035213,0.0,0.348976,0.0,0.203137,0.0,0.0,0.54533,0.0,0.080416,0.0
173,0.224358,0.0,0.003608,0.0,0.378554,0.0,0.387861,0.169243,0.312803,0.0,0.0,0.0,0.066223,0.0,0.462821,0.61491,0.047988,0.149671,0.0,0.088675,0.0,0.106967,0.186842,0.332986,0.091638,0.216302,0.0,0.0,0.520432,0.040798,0.147303,0.028792
174,0.037218,0.0,0.031639,0.0,0.524158,0.049635,0.428229,0.392522,0.339729,0.0,0.0,0.0,0.028512,0.0,0.542246,0.419149,0.0,0.15079,0.0,0.063714,0.0,0.248639,0.230707,0.515147,0.141203,0.314918,0.0,0.0,0.459082,0.024678,0.278664,0.090431
175,0.035806,0.0,0.049343,0.0,0.755967,0.14425,0.327691,0.271579,0.53544,0.0,0.0,0.0,0.224751,0.0,0.628806,0.7135,0.0,0.182631,0.0,0.235276,0.0,0.43002,0.180472,0.524378,0.214194,0.387849,0.079499,0.0,0.369493,0.0,0.457528,0.031006
176,9.6e-05,0.0,0.039557,0.0,0.603417,0.418593,0.365818,0.108391,0.526196,0.0,0.0,0.0,0.182426,0.0,0.530712,0.835383,0.0,0.142386,0.0,0.286375,0.0,0.483998,0.168588,0.624942,0.239486,0.484289,0.07525,0.0,0.452493,0.0,0.403589,0.240029
177,0.0,0.0,0.151487,0.0,0.526896,0.27615,0.378325,0.275006,0.571904,0.0,0.0,0.0,0.129201,0.0,0.620271,0.637196,0.000788,0.182385,0.0,0.390988,0.0,0.386493,0.332065,0.508792,0.225985,0.39049,0.010923,0.0,0.479631,0.103671,0.37556,0.275587
178,0.06267,0.0,0.125287,0.0,0.581656,0.226787,0.314643,0.322638,0.739992,0.0,0.0,0.0,0.252852,0.0,0.509166,0.757747,0.113101,0.167846,0.0,0.352672,0.0,0.378183,0.389386,0.369298,0.23526,0.420559,0.0,0.0,0.384856,0.004609,0.37279,0.352443
179,0.13002,0.0,0.108251,0.0,0.510352,0.230416,0.175892,0.184968,0.723948,0.0,0.0,0.0,0.257643,0.0,0.546526,0.726977,0.175487,0.200996,0.177051,0.403237,0.0,0.321296,0.38098,0.269039,0.196036,0.435542,0.0,0.0,0.568666,0.0,0.381965,0.389776
180,0.020521,0.0,0.351609,0.0,0.337254,0.093164,0.273012,0.381504,0.787689,0.0,0.0,0.0,0.199343,0.0,0.668624,0.551528,0.31318,0.234804,0.149135,0.518232,0.0,0.270471,0.426252,0.097376,0.338556,0.345728,0.0,0.0,0.515524,0.155298,0.393201,0.436403
181,0.084408,0.0,0.135083,0.0,0.583438,0.229328,0.155472,0.291723,0.997184,0.0,0.0,0.0,0.22281,0.0,0.584436,0.533483,0.202646,0.256067,0.295532,0.555829,0.08554,0.273345,0.02902,0.295405,0.02265,0.254532,0.080049,0.0,0.684807,0.013566,0.280337,0.325835
182,0.398766,0.0,0.201304,0.0,0.391261,0.085519,0.333638,0.349283,1.020613,0.0,0.0,0.001814,0.329443,0.0,0.521407,0.629938,0.293063,0.279423,0.582757,0.598345,0.0,0.203384,0.067088,0.16492,0.149583,0.21199,0.0,0.0,0.739795,0.0,0.187882,0.403998
183,0.702352,0.0,0.042881,0.0,0.173694,0.054882,0.234059,0.319585,0.782177,0.0,0.043438,0.163191,0.239985,0.064071,0.594422,0.551489,0.399807,0.390589,0.940397,0.605983,0.0,0.099961,0.0,0.2269,0.0,0.19441,0.0,0.0,1.131531,0.0,0.178908,0.457565
184,1.036861,0.0,0.110295,0.0,0.048614,0.007069,0.330859,0.633587,0.736837,0.0,0.150039,0.263102,0.22516,0.033206,0.628777,0.372952,0.483353,0.310057,0.940338,0.650974,0.0,0.044118,0.091306,0.237777,0.0,0.102853,0.020116,0.0,1.295372,0.054758,0.042879,0.589036
185,1.435277,0.0,0.39562,0.0,0.0,0.0,0.663525,0.783112,0.679451,0.0,0.489596,0.348664,0.35685,0.0,0.691925,0.522939,0.773327,0.20881,1.030595,0.660923,0.0,0.057017,0.214217,0.263382,0.0,0.074929,0.0,0.0,1.448383,0.207225,0.0,0.83579
186,1.632907,0.0,0.515697,0.0,0.0,0.0,0.818335,0.93123,0.660247,0.041285,0.748622,0.433415,0.43786,0.0,0.71736,0.558158,1.037223,0.059514,0.753167,0.594253,0.0,0.0,0.272702,0.25279,0.0,0.13406,0.0,0.0,1.494159,0.405316,0.0,0.962766
187,1.893892,0.0,0.442702,0.0,0.0,0.0,0.74015,1.070554,0.632324,0.098929,0.85244,0.470781,0.554057,0.0,0.548297,0.632621,1.225717,0.008861,0.90925,0.335509,0.0,0.0,0.271425,0.350438,0.0,0.352006,0.0,0.136027,1.414308,0.326449,0.0,0.940712
188,1.938369,0.0,0.37586,0.0,0.0,0.0,0.626521,1.128071,0.52634,0.157326,0.733245,0.506884,0.475942,0.0,0.504052,0.548339,1.184582,0.051462,0.715795,0.445152,0.0,0.0,0.517893,0.217931,0.0,0.192849,0.0,0.242094,1.42872,0.421776,0.0,1.02835
189,1.957243,0.0,0.345164,0.0,0.0,0.0,0.609324,1.063092,0.531225,0.137764,0.848531,0.465095,0.554126,0.0,0.471878,0.639,1.314636,0.011656,0.875791,0.138314,0.0,0.0,0.472529,0.3022,0.0,0.383942,0.0,0.270519,1.326925,0.435783,0.0,0.924706
190,1.735492,0.0,0.381679,0.0,0.0,0.082734,0.512258,0.756004,0.645629,0.089013,0.759063,0.380791,0.577576,0.0,0.585718,0.645617,1.153047,0.125558,0.797692,0.226663,0.0,0.0,0.490945,0.222247,0.0,0.268069,0.0,0.29078,1.418638,0.348148,0.0,0.875773
191,1.861182,0.0,0.253549,0.0,0.0,0.19114,0.192107,0.565457,0.735929,0.054457,0.371571,0.471282,0.426029,0.0,0.195721,0.897074,0.967801,0.222763,0.977318,0.229317,0.0,0.0,0.661048,0.0,0.0,0.233984,0.0,0.376306,1.107827,0.013467,0.0,0.870186
192,1.90001,0.0,0.355434,0.0,0.0,0.091931,0.43515,0.665519,0.686728,0.063102,0.605156,0.419193,0.520491,0.0,0.0,1.019069,1.085892,0.305668,0.882153,0.098439,0.0,0.0,0.7548,0.014717,0.0,0.145047,0.0,0.366507,0.958577,0.192788,0.0,1.012238
193,1.629858,0.0,0.384283,0.0,0.0,0.158564,0.459417,0.471374,0.747807,0.0,0.717456,0.406825,0.577196,0.0,0.034242,1.048056,1.216852,0.272879,0.67053,0.0,0.0,0.0,0.711355,0.046663,0.0,0.297203,0.0,0.294681,0.8765,0.188364,0.037505,0.88829
194,1.44071,0.0,0.429087,0.0,0.0,0.453702,0.617772,0.653264,0.521759,0.0,0.707972,0.354606,0.36037,0.0,0.01157,0.969589,1.228136,0.264855,0.509887,0.0,0.0,0.0,0.825641,0.266044,0.0,0.123514,0.0,0.389281,0.918404,0.335113,0.228664,0.990875
195,1.244632,0.0,0.23678,0.0,0.0,0.44532,0.572724,0.753058,0.484499,0.0,0.806608,0.400882,0.410651,0.0,0.0,1.089546,1.273578,0.184258,0.469749,0.0,0.0,0.0,0.709202,0.50576,0.0,0.18051,0.0,0.565285,0.655363,0.320648,0.280603,1.089798
196,0.692904,0.0,0.181031,0.0,0.058309,0.786202,0.578088,0.710205,0.469836,0.0,0.801654,0.236429,0.297792,0.0,0.0,1.177731,1.280865,0.21138,0.341619,0.0,0.230315,0.0,0.461469,0.757316,0.0,0.085057,0.06604,0.534032,0.655736,0.369624,0.46306,1.069468
197,0.487036,0.0,0.228693,0.0,0.19889,0.7876,0.480998,0.595196,0.828045,0.0,0.504582,0.070373,0.120919,0.0,0.0,1.304968,1.098738,0.213263,0.223139,0.0,0.182903,0.0,0.363233,0.707808,0.0,0.164637,0.116511,0.466816,0.344565,0.198855,0.389928,0.875165
198,0.0,0.0,0.259843,0.0,0.293767,1.073044,0.385578,0.436022,0.77046,0.0,0.17075,0.0,0.0,0.0,0.0,1.372206,0.806361,0.395274,0.120045,0.0,0.359643,0.0,0.240222,0.848977,0.0,0.04951,0.165284,0.508518,0.434983,0.239192,0.506138,0.726844
199,0.0,0.0,0.294003,0.0,0.335125,0.751129,0.23115,0.490456,0.981228,0.0,0.020774,0.0,0.0,0.0,0.0,1.294447,0.686462,0.426087,0.074611,0.0,0.08889,0.0,0.357745,0.698766,0.120368,0.147369,0.0,0.295507,0.280355,0.109645,0.43128,0.520221
200,0.0,0.0,0.320121,0.040773,0.22795,0.84932,0.295102,0.42816,0.705101,0.0,0.164867,0.0,0.0,0.0,0.0,1.298584,0.615173,0.468108,0.12918,0.0,0.136635,0.0,0.350172,0.889018,0.045662,0.066822,0.0,0.074234,0.492843,0.158123,0.623515,0.503327
201,0.0,0.0,0.290736,0.0,0.455463,0.903947,0.28705,0.544392,0.767537,0.0,0.000144,0.0,0.0,0.0,0.0,1.073653,0.409399,0.510482,0.0,0.090701,0.220215,0.0,0.260775,1.058143,0.009928,0.0,0.079447,0.0,0.529791,0.213437,0.569957,0.40379
202,0.0,0.0,0.18782,0.0,0.736955,0.761287,0.286903,0.224853,0.91764,0.0,0.0,0.0,0.0,0.0,0.0,1.134528,0.041575,0.4575,0.0,0.05438,0.064171,0.123245,0.125836,1.061514,0.158899,0.161211,0.098417,0.0,0.28568,0.052846,0.462685,0.214078
203,0.0,0.0,0.08499,0.0,0.762382,0.763256,0.361957,0.0,0.790295,0.0,0.0,0.0,0.0,0.0,0.0,1.227438,0.0,0.402137,0.0,0.083197,0.0,0.350313,0.00754,1.13729,0.17941,0.336216,0.186545,0.0,0.217326,0.0,0.43937,0.215737
204,0.0,0.0,0.047752,0.0,0.575858,0.642895,0.433771,0.0,0.491935,0.0,0.0,0.0,0.0,0.0,0.119622,1.003202,0.0,0.329337,0.018837,0.151506,0.0,0.195726,0.109035,1.100684,0.033376,0.207305,0.119976,0.0,0.564346,0.0,0.419724,0.205068
205,0.052642,0.0,0.0,0.0,0.700549,0.42483,0.304991,0.0,0.407683,0.0,0.0,0.0,0.0,0.0,0.220424,0.693102,0.0,0.321264,0.223719,0.0,0.0,0.209744,0.060744,1.011175,0.0,0.291123,0.156304,0.0,0.704575,0.0,0.317953,0.041414
206,0.217926,0.0,0.0,0.0,0.708926,0.351535,0.249918,0.0,0.370619,0.055613,0.0,0.0,0.0,0.0,0.356945,0.424111,0.0,0.208146,0.121736,0.0,0.0,0.0,0.006941,0.868887,0.025802,0.220142,0.115343,0.0,0.803199,0.0,0.157881,0.0
207,0.497936,0.0,0.0,0.0,0.591791,0.299276,0.262125,0.009574,0.17794,0.117176,0.0,0.0,0.0,0.0,0.484884,0.301055,0.0,0.102021,0.180001,0.059368,0.0,0.0,0.029196,0.769169,0.047893,0.05517,0.016791,0.0,0.844936,0.0,0.013112,0.078163
208,0.597584,0.0,0.298931,0.0,0.272043,0.188459,0.388217,0.137093,0.183216,0.0,0.006917,0.0,0.0,0.0,0.726388,0.156022,0.250122,0.0,0.20389,0.18202,0.0,0.0,0.102481,0.630242,0.085353,0.109512,0.0,0.0,0.924049,0.0,0.0,0.347084
209,0.700932,0.0,0.37316,0.0,0.384717,0.129008,0.267557,0.416792,0.031394,0.0,0.0,0.036429,0.0,0.0,0.862171,0.0,0.375875,0.0,0.359492,0.18437,0.0,0.0,0.157781,0.70107,0.217115,0.183887,0.080946,0.0,1.002234,0.0,0.0,0.384403
210,0.710165,0.0,0.452457,0.0,0.399018,0.03462,0.3577,0.105257,0.238268,0.0,0.39947,0.066678,0.083421,0.0,0.704494,0.152593,0.649611,0.0,0.555201,0.102402,0.0,0.0,0.0,0.549287,0.06346,0.340006,0.0,0.0,0.723735,0.0,0.0,0.528597
211,0.483761,0.0,0.519018,0.0,0.372136,0.274573,0.0,0.268392,0.436604,0.0,0.087172,0.0,0.0,0.0,0.850355,0.0,0.520321,0.0,0.466308,0.324847,0.0,0.0,0.127722,0.291302,0.347517,0.225369,0.0,0.0,0.906178,0.0,0.0,0.523923
212,0.350168,0.0,0.542513,0.0,0.38252,0.131778,0.0,0.249677,0.577668,0.0,0.001574,0.001124,0.0,0.0,1.006317,0.0,0.557921,0.0,0.598298,0.313478,0.0,0.0,0.17408,0.093185,0.520468,0.350281,0.085354,0.0,0.901635,0.0,0.335405,0.367582
213,0.260875,0.0,0.510919,0.0,0.29869,0.083104,0.0,0.200238,0.586601,0.0,0.06862,0.001058,0.0,0.0,0.778425,0.0,0.444338,0.172415,0.608095,0.326239,0.04368,0.0,0.091434,0.0,0.428213,0.203627,0.150423,0.0,0.890667,0.0,0.280051,0.445899
214,0.193039,0.0,0.511008,0.0,0.210665,0.135691,0.0,0.519326,0.596289,0.0,0.164769,0.0,0.0,0.0,0.637552,0.092233,0.597831,0.265081,0.436658,0.269038,0.116584,0.0,0.083497,0.0,0.426446,0.193223,0.068907,0.0,0.799304,0.0,0.422392,0.528158
215,0.26243,0.0,0.355774,0.0,0.031343,0.172198,0.0,0.540485,0.548498,0.0,0.245521,0.091743,0.0,0.0,0.349483,0.443736,0.590343,0.368744,0.360371,0.26106,0.04467,0.0,0.08517,0.0,0.404916,0.258931,0.0,0.0,0.485719,0.0,0.445364,0.636193
216,0.112403,0.0,0.441471,0.0,0.079444,0.2233,0.0,0.792202,0.738352,0.0,0.068817,0.021062,0.0,0.0,0.473842,0.176956,0.597887,0.360027,0.0,0.218266,0.196488,0.0,0.072581,0.0,0.551652,0.246122,0.059794,0.0,0.573336,0.0,0.466038,0.539416
217,0.218915,0.0,0.205392,0.0,0.235108,0.077998,0.0,0.809188,0.526513,0.0,0.195814,0.084926,0.0,0.0,0.685441,0.0,0.558943,0.24085,0.0,0.200273,0.291027,0.0,0.025331,0.134694,0.421526,0.171321,0.464415,0.0,0.616197,0.0,0.336796,0.46262
218,0.314353,0.0,0.055895,0.0,0.151306,0.073915,0.12919,0.748896,0.310737,0.0,0.317014,0.023082,0.0,0.0,0.59772,0.0,0.655233,0.130868,0.0,0.142066,0.0619,0.0,0.0,0.320716,0.157728,0.090042,0.520661,0.0,0.655927,0.0,0.099723,0.474613
219,0.558855,0.0,0.092849,0.0,0.211537,0.0,0.176694,0.702516,0.224037,0.0,0.389216,0.022579,0.0,0.0,0.538377,0.0,0.822824,0.0,0.076843,0.0,0.0,0.0,0.079191,0.404593,0.159457,0.262728,0.393062,0.0,0.501067,0.0,0.011202,0.38659
220,0.59221,0.0,0.306597,0.0,0.272652,0.0,0.0,0.57582,0.491058,0.0,0.177121,0.0,0.0,0.0,0.645008,0.0,0.789289,0.0,0.268265,0.0,0.0,0.0,0.242337,0.216258,0.410522,0.387887,0.184389,0.0,0.581792,0.0,0.112608,0.338147
221,0.600566,0.0,0.336863,0.0,0.249935,0.107145,0.0,0.536925,0.545632,0.0,0.243883,0.0,0.0,0.0,0.625088,0.0,0.891847,0.0,0.245958,0.062244,0.0,0.0,0.291809,0.096888,0.480725,0.367166,0.113108,0.0,0.580388,0.0,0.02423,0.379736
222,0.676431,0.0,0.500891,0.0,0.212498,0.213541,0.0,0.411104,0.611447,0.0,0.334136,0.0,0.0,0.0,0.800407,0.0,0.973893,0.0,0.423957,0.125633,0.0,0.0,0.380286,0.124407,0.409298,0.31632,0.186684,0.0,0.900068,0.0,0.0,0.505426
223,0.76235,0.0,0.550288,0.0,0.409055,0.176829,0.0,0.484778,0.533567,0.0,0.474281,0.0,0.0,0.0,0.577088,0.0,1.118975,0.0,0.643378,0.184501,0.0,0.0,0.316757,0.223371,0.368229,0.259828,0.136153,0.072397,0.934635,0.0,0.0,0.752021
224,0.988823,0.0,0.692028,0.0,0.319954,0.144613,0.0,0.594047,0.518852,0.0,0.468594,0.0,0.0,0.0,0.692462,0.0,1.201607,0.0,0.726051,0.089843,0.0,0.0,0.388523,0.319151,0.385918,0.21592,0.147071,0.0,1.076096,0.0,0.0,0.721015
225,1.037182,0.0,0.737235,0.0,0.267973,0.06861,0.0,0.363589,0.624125,0.0,0.506645,0.0,0.0,0.0,0.700558,0.0,1.240461,0.0,0.647839,0.0,0.0,0.0,0.422855,0.270183,0.374617,0.35732,0.024894,0.0,0.934061,0.0,0.0,0.557881
226,1.054862,0.0,0.70565,0.0,0.286859,0.215902,0.0,0.139996,0.791581,0.0,0.270143,0.0,0.0,0.0,0.483485,0.0,0.976986,0.0,0.810358,0.193249,0.0,0.0,0.568158,0.0,0.341789,0.250753,0.0,0.019278,0.820045,0.0,0.0,0.675826
227,0.77948,0.0,0.616977,0.0,0.323245,0.236994,0.0,0.114691,0.570958,0.0,0.342259,0.0,0.0,0.0,0.514658,0.0,0.958844,0.0,0.590399,0.079691,0.0,0.0,0.527503,0.059428,0.187485,0.254355,0.0,0.0,0.819586,0.0,0.0,0.533075
228,0.636416,0.0,0.547243,0.0,0.281957,0.064931,0.0,0.116499,0.388088,0.0,0.384148,0.0,0.0,0.0,0.518604,0.0,0.857881,0.0,0.437291,0.02454,0.0,0.0,0.418997,0.14151,0.130617,0.255422,0.0,0.0,0.699244,0.0,0.0,0.377049
229,0.401293,0.0,0.306152,0.0,0.300811,0.325053,0.0,0.047437,0.471147,0.0,0.067205,0.0,0.04131,0.0,0.514548,0.083931,0.620856,0.0,0.219973,0.270888,0.0,0.0,0.431324,0.0,0.192008,0.174215,0.0,0.0,0.658462,0.0,0.0,0.270741
230,0.454404,0.0,0.115398,0.0,0.405883,0.024912,0.0,0.021348,0.357777,0.0,0.0,0.021387,0.096224,0.0,0.651219,0.0,0.475857,0.0,0.302812,0.318157,0.0,0.0,0.341848,0.017574,0.142307,0.233058,0.127672,0.0,0.698974,0.0,0.0,0.051428
231,0.400379,0.0,0.367727,0.0,0.207975,0.0,0.067664,0.307975,0.138205,0.0,0.134873,0.004224,0.0,0.0,0.902665,0.0,0.567809,0.0,0.156786,0.390485,0.0,0.0,0.13078,0.174902,0.068807,0.286194,0.040896,0.0,0.676754,0.0,0.0,0.184627
232,0.431809,0.0,0.462887,0.0,0.080321,0.0,0.044091,0.355619,0.172435,0.0,0.074274,0.024356,0.0,0.0,1.142698,0.0,0.53303,0.0,0.212951,0.555262,0.0,0.0,0.0,0.277509,0.053676,0.246579,0.135111,0.0,0.944775,0.0,0.0,0.148707
233,0.478723,0.0,0.494518,0.0,0.0,0.0,0.160297,0.468462,0.069091,0.0,0.121565,0.0,0.0,0.0,1.168714,0.0,0.540982,0.0,0.1593,0.652734,0.0,0.0,0.0,0.335462,0.087882,0.171407,0.110174,0.0,0.962663,0.0,0.0,0.30185
234,0.370452,0.0,0.190043,0.0,0.270223,0.0,0.18313,0.356564,0.222061,0.0,0.024505,0.0,0.107124,0.003858,0.956231,0.0,0.386626,0.0,0.232263,0.57098,0.0,0.0,0.0,0.217615,0.019387,0.312242,0.069634,0.0,0.732809,0.0,0.034343,0.154884
235,0.189191,0.0,0.349438,0.0,0.263912,0.0,0.22083,0.570441,0.1576,0.0,0.068775,0.0,0.0,0.0,1.147598,0.0,0.430469,0.0,0.195635,0.650378,0.0,0.003599,0.0,0.294209,0.314345,0.25488,0.072814,0.0,0.662299,0.0,0.449855,0.255438
236,0.007085,0.0,0.273581,0.0,0.415129,0.0,0.259405,0.451342,0.366923,0.0,0.0,0.0,0.0,0.0,1.045326,0.0,0.375828,0.0,0.091964,0.680784,0.0,0.210999,0.0,0.220048,0.405002,0.388086,0.0,0.0,0.341431,0.0,0.600218,0.362771
237,0.0,0.0,0.27024,0.0,0.724843,0.0,0.310977,0.491811,0.515123,0.0,0.0,0.0,0.113654,0.122747,0.949118,0.016341,0.256639,0.082061,0.125594,0.640589,0.0,0.526692,0.0,0.310372,0.499139,0.551046,0.133606,0.0,0.121855,0.0,0.785735,0.466715
238,0.0,0.0,0.400162,0.0,0.640511,0.0,0.22788,0.476329,0.549346,0.0,0.0,0.0,0.0,0.008993,1.105118,0.0,0.411774,0.0,0.0,0.722072,0.0,0.615805,0.0,0.359327,0.625953,0.552137,0.216623,0.0,0.052583,0.0,0.983036,0.554179
239,0.0,0.0,0.616624,0.0,0.48875,0.0,0.259884,0.372489,0.503974,0.0,0.0,0.0,0.0,0.0,1.262305,0.0,0.434459,0.0,0.073869,0.875251,0.0,0.40004,0.0,0.19083,0.622994,0.301923,0.0,0.0,0.082357,0.0,1.01135,0.511011
240,0.0,0.0,0.707034,0.0,0.353639,0.0,0.38038,0.372118,0.502109,0.0,0.0,0.0,0.0,0.0,1.277794,0.0,0.480901,0.0,0.043035,0.841249,0.0,0.462333,0.0,0.201111,0.660761,0.353167,0.0,0.0,0.046825,0.0,1.038548,0.573759
241,0.0,0.0,0.511185,0.0,0.395408,0.0,0.412634,0.361468,0.589453,0.0,0.0,0.0,0.0,0.0,1.176826,0.049466,0.364,0.0,0.0,0.697791,0.0,0.639933,0.0,0.361163,0.576247,0.35443,0.04961,0.0,0.2561,0.0,0.856023,0.526976
242,0.0,0.0,0.258089,0.0,0.607673,0.0,0.494578,0.411184,0.602284,0.0,0.0,0.0,0.0,0.0,1.008758,0.099366,0.157822,0.0,0.081131,0.557658,0.0,0.634249,0.0,0.506195,0.438183,0.354361,0.173473,0.0,0.42763,0.0,0.75367,0.39407
243,0.0,0.0,0.238299,0.0,0.806738,0.0,0.674842,0.493009,0.616196,0.0,0.109595,0.0,0.0,0.067248,1.030393,0.0,0.0,0.006343,0.125276,0.442214,0.0,0.438904,0.0,0.734709,0.331779,0.348218,0.292499,0.0,0.678665,0.0,0.739237,0.233936
244,0.0,0.0,0.143599,0.0,0.700822,0.0,0.631625,0.530835,0.726256,0.0,0.0,0.0,0.0,0.0,0.930204,0.258387,0.043915,0.0,0.0,0.497313,0.0,0.707014,0.0,0.662719,0.514528,0.396672,0.247801,0.0,0.351771,0.0,0.627192,0.24975
245,0.0,0.0,0.514558,0.0,0.423147,0.0,0.616723,0.796387,0.636191,0.0,0.0,0.0,0.0,0.0,1.435982,0.014894,0.502699,0.0,0.0,0.730537,0.0,0.612487,0.0,0.260542,0.682842,0.253183,0.158923,0.0,0.225749,0.0,0.92544,0.16531
246,0.0,0.0,0.375189,0.0,0.445518,0.0,0.546121,0.967277,0.57979,0.0,0.05157,0.0,0.035788,0.0,1.176584,0.144159,0.564554,0.0,0.0,0.627429,0.0,0.531291,0.0,0.071159,0.800212,0.3596,0.051981,0.0,0.0,0.0,0.804222,0.210081
247,0.0,0.0,0.260261,0.0,0.420405,0.0,0.451724,1.046875,0.266522,0.0,0.282094,0.0,0.0,0.0,1.01283,0.0,0.542541,0.0,0.0,0.47476,0.0,0.257854,0.0,0.080825,0.741015,0.352131,0.0,0.0,0.0,0.0,0.680691,0.087708
248,0.0,0.0,0.170966,0.0,0.297537,0.0,0.394618,0.790301,0.333184,0.0,0.26661,0.0,0.0,0.0,0.940673,0.011786,0.470665,0.0,0.0,0.638138,0.0,0.217453,0.012276,0.091169,0.64547,0.168216,0.0,0.0,0.0,0.0,0.362205,0.031862
249,0.032231,0.0,0.108541,0.0,0.231299,0.0,0.404324,0.791263,0.115644,0.0,0.134295,0.0,0.0,0.0,0.88261,0.191216,0.521342,0.0,0.0,0.496194,0.0,0.344732,0.063284,0.171737,0.582926,0.210009,0.0,0.0,0.0,0.0,0.321514,0.047802
250,0.140648,0.0,0.154907,0.0,0.347692,0.0,0.394869,1.000873,0.126894,0.0,0.11701,0.0,0.0,0.0,1.115148,0.0,0.59412,0.048647,0.0,0.455101,0.0,0.187499,0.114621,0.178424,0.656326,0.07129,0.217382,0.0,0.034083,0.0,0.436697,0.0
251,0.120166,0.0,0.258423,0.0,0.337858,0.0,0.439596,1.203277,0.025081,0.0,0.045044,0.0,0.0,0.0,1.271024,0.0,0.792064,0.086385,0.0,0.414383,0.0,0.251503,0.131103,0.206253,0.658242,0.134687,0.322946,0.039371,0.010929,0.0,0.598414,0.0
252,0.262942,0.0,0.0,0.0,0.508306,0.0,0.431001,1.08841,0.0,0.0,0.314485,0.0,0.0,0.0,0.900123,0.0,0.520878,0.135003,0.0,0.293035,0.0,0.0,0.154656,0.447725,0.471046,0.120096,0.273837,0.0,0.176101,0.0,0.221345,0.0
253,0.264944,0.0,0.135518,0.0,0.224253,0.0,0.194436,1.028782,0.176668,0.0,0.163545,0.0,0.0,0.0,1.074821,0.0,0.680289,0.0,0.0,0.442164,0.0,0.050928,0.146398,0.085505,0.561193,0.121472,0.173482,0.0,0.059659,0.0,0.242331,0.0
254,0.301729,0.0,0.216553,0.0,0.11434,0.0,0.074038,0.906225,0.162904,0.0,0.36962,0.0,0.0,0.0,1.011766,0.0,0.661451,0.025314,0.0,0.274732,0.0,0.0,0.192652,0.11811,0.540809,0.259139,0.129777,0.0,0.227619,0.0,0.142645,0.0
255,0.251315,0.0,0.347096,0.0,0.0,0.0,0.0,0.775727,0.285157,0.0,0.335798,0.0,0.0,0.0,1.099244,0.0,0.708315,0.0,0.0,0.424163,0.0,0.004888,0.275087,0.0,0.555891,0.222674,0.050937,0.0,0.240411,0.0,0.157603,0.0
256,0.256463,0.0,0.376044,0.0,0.044455,0.0,0.0,0.663994,0.478699,0.0,0.283948,0.0,0.0,0.0,0.793578,0.0,0.618093,0.0,0.057917,0.52029,0.0,0.151075,0.502254,0.0,0.534046,0.469078,0.0,0.045743,0.0,0.0,0.114872,0.026134
257,0.041939,0.0,0.773692,0.0,0.0,0.0,0.0,0.762859,0.67686,0.0,0.283556,0.0,0.0,0.0,1.075315,0.0,0.843204,0.007315,0.0,0.661013,0.0,0.255822,0.446068,0.0,0.73011,0.29382,0.0,0.064483,0.021531,0.0,0.32441,0.075542
258,0.0,0.0,1.065069,0.0,0.0,0.0,0.0,0.810122,0.96458,0.0,0.158742,0.0,0.0,0.0,1.32119,0.0,0.911915,0.189587,0.0,0.782388,0.0,0.464683,0.386127,0.0,0.910999,0.229555,0.085591,0.02929,0.205756,0.0,0.62425,0.075916
259,0.0,0.0,0.934729,0.0,0.0,0.0,0.0,0.589975,1.226755,0.0,0.422145,0.0,0.0,0.0,1.00976,0.0,0.749014,0.257027,0.263809,1.007706,0.0,0.474303,0.429794,0.0,0.860511,0.029447,0.0,0.0,0.071684,0.0,0.630923,0.213591
260,0.0,0.0,1.17961,0.0,0.0,0.0,0.0,0.566344,1.498179,0.0,0.202361,0.0,0.0,0.0,0.71726,0.466897,0.858704,0.358983,0.277516,1.224975,0.0,0.7183,0.303612,0.0,1.019895,0.0,0.0,0.0,0.0,0.0,0.800735,0.641164
261,0.0,0.0,1.536004,0.0,0.0,0.0,0.0,0.664202,1.901523,0.0,0.053713,0.0,0.0,0.0,0.765822,0.491004,0.861207,0.602004,0.338057,1.442116,0.0,0.85047,0.080214,0.0,1.248751,0.0,0.0,0.0,0.0,0.0,1.015865,0.855658
262,0.0,0.0,1.741442,0.0,0.0,0.0,0.0,0.641943,2.179991,0.0,0.0,0.0,0.0,0.227372,0.603247,0.524743,0.731426,0.862904,0.615527,1.575239,0.0,0.964088,0.0,0.0,1.340801,0.0,0.0,0.0,0.158337,0.0,1.075752,0.997294
263,0.0,0.0,1.852597,0.0,0.0,0.108821,0.0,0.624146,2.18513,0.0,0.0,0.0,0.0,0.135538,0.799019,0.495876,0.907297,0.808342,0.637443,1.550605,0.0,0.868416,0.0,0.0,1.394673,0.0,0.0,0.0,0.344627,0.0,1.229108,1.067436
264,0.0,0.0,2.065309,0.0,0.0,0.134352,0.0,0.568098,2.336968,0.0,0.0,0.0,0.0,0.144152,0.531688,0.772721,0.913942,0.893501,0.779853,1.523388,0.0,0.675212,0.0,0.0,1.565501,0.0,0.0,0.0,0.392922,0.0,1.254615,1.157408
265,0.0,0.0,1.74451,0.0,0.0,0.0,0.0,0.315974,2.054483,0.0,0.12277,0.0,0.0,0.137702,0.401619,0.709586,0.737161,0.872516,1.105553,1.321353,0.065485,0.488664,0.0,0.0,1.272421,0.0,0.0,0.0,0.676277,0.0,1.1168,1.025474
266,0.0,0.0,1.421584,0.0,0.0,0.0,0.0,0.361471,1.53692,0.0,0.400688,0.0,0.0,0.0,0.891844,0.036144,0.812795,0.765648,1.026085,1.063377,0.0,0.372178,0.109859,0.0,0.866241,0.0,0.0,0.0,0.944963,0.0,1.118384,0.843423
267,0.0,0.0,1.296347,0.0,0.0,0.034093,0.0,0.433541,1.603565,0.0,0.106467,0.0,0.0,0.055442,0.723663,0.264784,0.73406,0.724333,0.771536,0.863216,0.018234,0.514317,0.058452,0.0,0.956312,0.0,0.0,0.0,0.773554,0.0,0.952217,0.795396
268,0.0,0.0,1.143219,0.0,0.0,0.133764,0.0,0.445966,1.405998,0.0,0.163135,0.0,0.0,0.0,0.508391,0.64442,0.673266,0.741847,0.744781,0.723677,0.104135,0.397751,0.250049,0.0,0.771212,0.0,0.0,0.0,0.657949,0.0,0.85344,0.897711
269,0.0,0.0,1.035069,0.0,0.091245,0.201417,0.0,0.616463,1.59868,0.0,0.126552,0.0,0.0,0.025469,0.49992,0.643668,0.676159,0.628857,0.4816,0.616715,0.240014,0.252672,0.348397,0.0,0.742923,0.052177,0.0,0.0,0.449393,0.002169,0.747288,0.881088
270,0.009378,0.0,0.702576,0.0,0.009827,0.307096,0.0,0.627259,1.082429,0.0,0.338647,0.0,0.0,0.0,0.541415,0.786507,0.820446,0.582122,0.526898,0.513309,0.252059,0.080938,0.614403,0.0,0.284572,0.097036,0.0,0.0,0.492606,0.11755,0.827786,1.064161
271,0.031592,0.0,0.360395,0.0,0.374426,0.361282,0.11748,0.524108,1.060976,0.0,0.100988,0.0,0.23106,0.180074,0.261815,0.843056,0.716915,0.539612,0.316547,0.449288,0.346086,0.142528,0.432843,0.0,0.041203,0.192729,0.169104,0.0,0.202573,0.158893,0.659832,1.116505
272,0.0,0.0,0.313322,0.071373,0.268584,0.48342,0.230179,0.603578,0.921726,0.0,0.213256,0.0,0.370126,0.025813,0.308534,0.984869,0.788267,0.52335,0.116116,0.405789,0.557335,0.0,0.550086,0.0,0.0,0.219246,0.169398,0.0,0.254926,0.336801,0.690398,1.146275
273,0.057628,0.0,0.326084,0.0,0.090725,0.375255,0.206609,0.734188,0.871608,0.0,0.166941,0.0,0.292781,0.0,0.432087,0.814713,0.808589,0.474837,0.168,0.200481,0.167111,0.054826,0.677647,0.0,0.119919,0.425325,0.0,0.163204,0.122564,0.096862,0.703702,1.003833
274,0.123412,0.0,0.148117,0.0,0.101107,0.172766,0.203105,0.846479,0.721825,0.0,0.253739,0.0,0.219386,0.0,0.655406,0.468805,0.833248,0.38158,0.050596,0.118766,0.0,0.0,0.622304,0.061526,0.108479,0.446593,0.142133,0.11857,0.112504,0.045048,0.677383,0.83618
275,0.243043,0.0,0.0,0.034898,0.224424,0.238682,0.249235,0.606522,0.618746,0.0,0.131406,0.041725,0.399706,0.029458,0.363018,0.552958,0.705479,0.235609,0.0,0.104018,0.068204,0.0,0.454197,0.046037,0.067483,0.459262,0.292708,0.080407,0.0,0.0,0.511563,0.776869
276,0.362068,0.0,0.0,0.017762,0.082708,0.062936,0.280091,0.678635,0.414943,0.0,0.319748,0.0,0.266084,0.0,0.473258,0.324045,0.820059,0.14449,0.0,0.0,0.0,0.0,0.569232,0.200131,0.0,0.292442,0.355102,0.094775,0.111491,0.0,0.324122,0.6308
277,0.392874,0.0,0.0,0.093299,0.117782,0.0,0.389731,0.974463,0.238584,0.0,0.459111,0.0,0.243895,0.0,0.467252,0.133309,1.023938,0.02325,0.0,0.0,0.0,0.0,0.312807,0.44722,0.0,0.269029,0.544917,0.0,0.107728,0.0,0.162787,0.63612
278,0.598059,0.0,0.0,0.0,0.092091,0.0,0.408565,0.967105,0.223871,0.0,0.441867,0.0,0.183791,0.0,0.354438,0.168738,1.122583,0.0,0.0,0.0,0.0,0.0,0.321594,0.535817,0.0,0.32655,0.519486,0.12068,0.019025,0.0,0.0,0.583032
279,0.64602,0.0,0.0,0.064937,0.089552,0.0,0.444463,1.068798,0.102521,0.0,0.489722,0.0,0.111287,0.0,0.498724,0.0,1.238962,0.0,0.0,0.0,0.0,0.0,0.239914,0.650662,0.0,0.285184,0.664736,0.121571,0.129669,0.0,0.0,0.604738
280,0.623347,0.0,0.0,0.092897,0.137438,0.150883,0.28328,0.983467,0.226866,0.0,0.27461,0.0,0.152657,0.0,0.539007,0.0,1.21762,0.0,0.0,0.0,0.0,0.0,0.297147,0.577212,0.0156,0.173515,0.758537,0.260727,0.290797,0.0,0.0,0.619552
281,0.750486,0.0,0.0,0.015924,0.147905,0.10797,0.440414,1.041188,0.196589,0.0,0.612,0.0,0.24989,0.0,0.516144,0.0,1.477696,0.0,0.049985,0.0,0.0,0.0,0.136816,0.799408,0.0,0.198374,0.717436,0.14931,0.365256,0.0,0.0,0.811014
282,1.179152,0.0,0.105073,0.0,0.206742,0.0,0.439066,1.081905,0.36553,0.0,0.5337,0.0,0.11758,0.0,0.441122,0.0,1.456409,0.0,0.344378,0.0,0.0,0.0,0.206613,0.873766,0.083372,0.377371,0.486711,0.269048,0.242207,0.0,0.0,0.820312
283,1.117471,0.0,0.0,0.0,0.309139,0.072645,0.456043,0.92668,0.344397,0.0,0.57205,0.0,0.283313,0.0,0.182508,0.099137,1.513237,0.0,0.293342,0.0,0.0,0.0,0.209174,0.832172,0.0,0.245863,0.486422,0.286519,0.276277,0.0,0.0,0.893616
284,1.145615,0.0,0.040415,0.0,0.141456,0.0,0.555739,0.740426,0.401776,0.0,0.651874,0.025495,0.203909,0.0,0.299263,0.087537,1.494497,0.0,0.287367,0.0,0.0,0.0,0.165545,0.738641,0.0,0.319105,0.48032,0.227268,0.286093,0.0,0.0,0.813223
285,0.923778,0.0,0.0,0.0,0.148456,0.308084,0.3922,0.648516,0.384996,0.0,0.449719,0.147124,0.321337,0.0,0.153913,0.220815,1.35877,0.0,0.168696,0.0,0.0,0.0,0.2705,0.477277,0.0,0.157416,0.471851,0.332432,0.430067,0.0,0.0,0.827756
286,0.928675,0.0,0.0,0.0,0.104247,0.405518,0.58856,0.72086,0.284975,0.0,0.757766,0.167876,0.56969,0.0,0.0,0.53481,1.37419,0.0,0.239986,0.0,0.0,0.0,0.240292,0.46969,0.0,0.208204,0.183508,0.34009,0.453735,0.061849,0.024528,1.057203
287,1.096203,0.0,0.0,0.0,0.084924,0.306953,0.479266,0.618408,0.402062,0.0,0.529767,0.213355,0.479045,0.0,0.0,0.599367,1.167998,0.0,0.292855,0.0,0.0,0.0,0.394789,0.253254,0.0,0.264133,0.048902,0.35402,0.368009,0.0,0.037848,0.869755
288,1.078512,0.0,0.0,0.0,0.0,0.240544,0.537527,0.519756,0.286564,0.0,0.533092,0.270626,0.504672,0.0,0.012162,0.688907,1.019653,0.0,0.223384,0.0,0.0,0.0,0.472649,0.166675,0.0,0.221536,0.098339,0.284146,0.44159,0.013114,0.0,0.786059
289,1.087662,0.0,0.0,0.0,0.0,0.150477,0.55379,0.669234,0.157066,0.0,0.424881,0.280813,0.355537,0.0,0.238152,0.462475,0.925687,0.0,0.059634,0.0,0.0,0.0,0.469812,0.201526,0.0,0.144978,0.129889,0.12809,0.606205,0.062962,0.0,0.680667
290,1.169922,0.0,0.036794,0.0,0.0,0.0,0.571066,0.867269,0.092091,0.0,0.467952,0.191547,0.246895,0.0,0.396586,0.252598,0.857205,0.0,0.0,0.0,0.0,0.0,0.286504,0.400113,0.0,0.141769,0.082808,0.0,0.705489,0.067691,0.0,0.55134
291,1.077284,0.0,0.038569,0.0,0.049107,0.0,0.490007,0.848044,0.083404,0.0,0.374451,0.096794,0.152313,0.0,0.550771,0.13613,0.736944,0.0,0.0,0.0,0.0,0.0,0.140997,0.376619,0.004138,0.209334,0.103995,0.0,0.791884,0.0,0.0,0.339005
292,0.88256,0.0,0.128738,0.0,0.0,0.0,0.503383,0.593206,0.194702,0.0,0.338499,0.018688,0.146714,0.0,0.666404,0.166037,0.61918,0.0,0.0,0.089532,0.0,0.0,0.028347,0.274643,0.0,0.201553,0.020561,0.0,0.747,0.0,0.0,0.26346
293,0.634496,0.0,0.004433,0.0,0.012751,0.0,0.295561,0.502562,0.19115,0.0,0.197131,0.0,0.045729,0.0,0.735201,0.0,0.533721,0.0,0.0,0.108909,0.0,0.0,0.031654,0.191677,0.0,0.280822,0.181864,0.0,0.776374,0.0,0.0,0.167317
294,0.527326,0.0,0.0,0.0,0.025318,0.0,0.2487,0.3893,0.23824,0.0,0.006915,0.015085,0.130042,0.0,0.662353,0.185987,0.369133,0.0,0.0,0.273416,0.0,0.0,0.151715,0.0,0.013501,0.252593,0.057947,0.0,0.557236,0.0,0.0,0.215657
295,0.633131,0.0,0.0,0.0,0.263599,0.0,0.153966,0.652756,0.252969,0.0,0.054833,0.080336,0.076849,0.0,0.76687,0.0,0.297443,0.10774,0.053846,0.189248,0.0,0.0,0.162263,0.142414,0.143617,0.355502,0.273526,0.0,0.563261,0.0,0.092658,0.216557
296,0.558125,0.0,0.0,0.0,0.197302,0.0,0.311968,0.798336,0.189482,0.0,0.218971,0.138968,0.140211,0.0,0.60187,0.1278,0.587554,0.015486,0.0,0.193109,0.0,0.0,0.221543,0.104852,0.143881,0.49605,0.145695,0.0,0.271276,0.0,0.262736,0.431601
297,0.500296,0.0,0.0,0.0,0.226583,0.0,0.276635,0.628739,0.294255,0.0,0.09613,0.315717,0.381804,0.108881,0.387908,0.295383,0.476622,0.153035,0.0,0.39292,0.094349,0.0,0.170523,0.024002,0.098266,0.488456,0.239301,0.0,0.213139,0.0,0.152346,0.478221
298,0.491975,0.0,0.0,0.021853,0.048237,0.0,0.388985,0.85579,0.100066,0.0,0.297224,0.188546,0.249217,0.0,0.627643,0.135823,0.674882,0.076908,0.0,0.430031,0.022906,0.0,0.158669,0.324952,0.0,0.383079,0.386458,0.0,0.553747,0.0,0.131425,0.617003
299,0.609543,0.0,0.124728,0.0,0.117816,0.0,0.082612,0.973912,0.235026,0.0,0.204352,0.157419,0.111794,0.0,0.900486,0.0,0.698932,0.128779,0.018621,0.508104,0.0,0.0,0.219597,0.427118,0.188736,0.40796,0.479256,0.0,0.622894,0.0,0.198491,0.581954
300,0.652391,0.0,0.185487,0.0,0.006953,0.0,0.073861,0.722326,0.290235,0.0,0.157955,0.0,0.046866,0.0,0.854506,0.0,0.71232,0.0,0.236136,0.311324,0.0,0.0,0.317623,0.269204,0.277684,0.511866,0.262785,0.0,0.471758,0.0,0.24839,0.420758
301,0.435686,0.0,0.107255,0.0,0.113492,0.0,0.037336,0.755896,0.339439,0.0,0.286159,0.003064,0.0,0.0,0.958193,0.0,0.634304,0.057205,0.01599,0.34106,0.0,0.0,0.206019,0.302531,0.232148,0.517063,0.475886,0.0,0.466606,0.0,0.22386,0.273307
302,0.190797,0.0,0.161806,0.0,0.0,0.0,0.0,0.69065,0.438291,0.0,0.106272,0.0,0.0,0.0,0.83426,0.0,0.495125,0.145158,0.0,0.320454,0.0,0.0,0.24958,0.006977,0.577241,0.582826,0.129897,0.0,0.120354,0.0,0.461175,0.282425
303,0.047762,0.0,0.003572,0.0,0.018174,0.0,0.265976,0.78199,0.237593,0.0,0.403063,0.0,0.0,0.0,0.653494,0.374461,0.445338,0.266683,0.0,0.394872,0.0,0.0,0.405354,0.133111,0.3787,0.4237,0.090993,0.0,0.0,0.0,0.585377,0.51493
304,0.0,0.0,0.003428,0.0,0.192796,0.132353,0.503133,0.830088,0.476097,0.0,0.0,0.0,0.0,0.0,0.36769,1.022551,0.238279,0.36894,0.0,0.470705,0.0,0.461738,0.247948,0.273064,0.615554,0.616404,0.265202,0.0,0.0,0.0,0.760329,0.624124
305,0.0,0.0,0.0,0.0,0.367658,0.11467,0.77092,0.993447,0.499627,0.0,0.0,0.0,0.0,0.0,0.500299,0.981962,0.135006,0.357134,0.0,0.649732,0.0,0.410539,0.325716,0.525483,0.357528,0.416625,0.443585,0.0,0.0,0.0,0.93508,0.651485
306,0.0,0.0,0.0,0.0,0.448229,0.059708,0.741742,0.964044,0.764573,0.0,0.0,0.0,0.0,0.0,0.464371,0.938715,0.0,0.452856,0.0,0.713591,0.0,0.418157,0.247583,0.533207,0.507393,0.47289,0.371254,0.0,0.0,0.0,1.038803,0.561669
307,0.0,0.0,0.0,0.0,0.430894,0.413884,0.925216,0.756263,0.5126,0.0,0.044064,0.0,0.0,0.0,0.397171,0.963329,0.0,0.52749,0.0,0.718334,0.0,0.428001,0.28787,0.861151,0.136981,0.408672,0.624068,0.0,0.0,0.0,1.127198,0.658533
308,0.0,0.0,0.130847,0.0,0.363731,0.174533,0.588359,0.847765,1.066423,0.0,0.0,0.0,0.0,0.0,0.234336,0.958079,0.0,0.541474,0.0,0.606227,0.0,0.379243,0.206634,0.429135,0.63731,0.521136,0.2483,0.0,0.0,0.0,1.012805,0.505932
309,0.0,0.0,0.231382,0.0,0.0,0.432008,0.474253,0.570718,0.775008,0.0,0.0,0.0,0.0,0.0,0.164434,1.128537,0.156557,0.51444,0.0,0.468498,0.0,0.227375,0.348868,0.410174,0.388203,0.385327,0.207169,0.0,0.0,0.0,0.952858,0.64107
310,0.0,0.0,0.338185,0.0,0.070069,0.313497,0.455119,0.590837,0.797641,0.0,0.357077,0.0,0.0,0.0,0.0,1.196138,0.306854,0.456031,0.054881,0.19066,0.0,0.0,0.228677,0.37103,0.163104,0.163562,0.0,0.0,0.119323,0.008671,0.65461,0.634812
311,0.0,0.0,0.461324,0.0,0.106059,0.712109,0.14782,0.569176,0.83654,0.0,0.255283,0.0,0.0,0.0,0.0,1.122043,0.394001,0.555678,0.018613,0.081916,0.122582,0.0,0.063747,0.350899,0.221033,0.070658,0.0,0.0,0.517947,0.087077,0.672839,0.561338
312,0.0,0.0,0.543453,0.0,0.198841,0.584579,0.048824,0.601393,0.962046,0.0,0.072916,0.0,0.0,0.0,0.0,1.038057,0.467081,0.395973,0.0,0.0,0.084509,0.0,0.029337,0.27283,0.408051,0.076632,0.0,0.013266,0.392073,0.017102,0.4874,0.386811
313,0.0,0.0,0.51104,0.0,0.334366,0.574335,0.144137,0.545398,0.872151,0.0,0.116594,0.0,0.0,0.0,0.022593,0.794829,0.454174,0.273477,0.0,0.0,0.245722,0.0,0.0,0.454594,0.354214,0.0,0.0,0.024779,0.577676,0.081561,0.436845,0.254131
314,0.0,0.0,0.339405,0.0,0.385843,0.313531,0.181585,0.181014,0.732421,0.0,0.072875,0.0,0.0,0.0,0.094233,0.716679,0.204667,0.212429,0.075198,0.0,0.046729,0.0,0.0,0.435527,0.444166,0.0,0.0,0.0,0.467742,0.0,0.378078,0.100876
315,0.019876,0.0,0.490024,0.0,0.229525,0.218293,0.336513,0.565998,0.527125,0.0,0.24862,0.0,0.0,0.0,0.435908,0.378734,0.38524,0.115508,0.118834,0.0,0.0,0.0,0.0,0.598749,0.421003,0.0,0.0,0.0,0.801774,0.0,0.343052,0.078664
316,0.0,0.0,0.32747,0.0,0.312186,0.494932,0.379221,0.434662,0.485399,0.0,0.330088,0.0,0.0,0.0,0.210222,0.402125,0.320163,0.078632,0.0,0.0,0.0,0.0,0.0,0.68907,0.205155,0.0,0.060758,0.0,0.816167,0.0,0.178898,0.135246
317,0.0,0.0,0.396717,0.0,0.192851,0.428794,0.150352,0.271903,0.558519,0.0,0.189563,0.0,0.0,0.0,0.457023,0.211231,0.246349,0.185517,0.053642,0.0,0.0,0.0,0.0,0.493127,0.364094,0.0,0.180938,0.0,0.970177,0.0,0.330305,0.141634
318,0.0,0.0,0.66463,0.0,0.111124,0.345748,0.012924,0.431512,0.766032,0.0,0.025188,0.0,0.0,0.0,0.585624,0.268321,0.328669,0.253889,0.135281,0.0,0.043238,0.042545,0.0,0.13576,0.632648,0.022028,0.0,0.0,0.882583,0.0,0.472423,0.180801
319,0.0,0.0,0.774382,0.0,0.164119,0.378468,0.0,0.408196,0.800267,0.0,0.081638,0.0,0.0,0.0,0.44033,0.486138,0.318585,0.417011,0.442238,0.001552,0.093301,0.0,0.0,0.10081,0.617359,0.017878,0.0,0.0,0.860878,0.012711,0.586311,0.380153
320,0.0,0.0,0.637847,0.0,0.436447,0.464787,0.0,0.427005,0.898868,0.0,0.0,0.0,0.0,0.0,0.143387,0.665824,0.254604,0.469733,0.37216,0.0,0.253417,0.0,0.0,0.221004,0.633344,0.027249,0.0,0.0,0.726267,0.021609,0.621256,0.318231
321,0.0,0.0,0.405792,0.066239,0.463461,0.452973,0.135859,0.073455,0.630845,0.0,0.0,0.0,0.0,0.0,0.080851,0.867744,0.021616,0.563236,0.614529,0.05558,0.056014,0.034347,0.0,0.521059,0.305733,0.0,0.0,0.0,0.845014,0.0,0.596367,0.470486
322,0.0,0.0,0.086644,0.040023,0.881804,0.712491,0.390711,0.0,0.537535,0.0,0.0,0.0,0.0,0.0,0.0,0.861067,0.0,0.46094,0.403744,0.0,0.116556,0.12046,0.0,1.177955,0.0,0.0,0.182081,0.0,0.822226,0.0,0.487358,0.384029
323,0.0,0.0,0.030993,0.0,0.997578,0.773168,0.565424,0.0,0.587118,0.0,0.0,0.0,0.0,0.0,0.0,0.979862,0.0,0.528575,0.42128,0.0,0.0,0.297041,0.0,1.499561,0.0,0.0,0.123201,0.0,0.881876,0.0,0.435979,0.265431
324,0.0,0.0,0.0,0.0,1.025087,0.543249,0.604492,0.0,0.546722,0.0,0.0,0.0,0.0,0.0,0.083039,0.762408,0.0,0.395673,0.352893,0.0,0.0,0.401924,0.0,1.521195,0.091343,0.086092,0.124737,0.0,0.818554,0.0,0.560705,0.105966
325,0.017053,0.0,0.0,0.0,1.167173,0.603863,0.782547,0.0,0.528557,0.211784,0.0,0.0,0.0,0.0,0.041478,0.708715,0.0,0.404883,0.353593,0.0,0.0,0.569631,0.0,1.762679,0.040808,0.139114,0.176047,0.0,0.919147,0.0,0.406812,0.0
326,0.127966,0.0,0.0,0.0,0.983833,0.335898,0.715194,0.0,0.390994,0.100828,0.0,0.0,0.0,0.0,0.132155,0.805336,0.0,0.275286,0.323701,0.0,0.0,0.620744,0.0,1.494177,0.075722,0.166432,0.119071,0.0,0.895059,0.0,0.423496,0.0
327,0.151689,0.0,0.0,0.0,0.760418,0.301457,0.850323,0.0,0.191919,0.225828,0.0,0.0,0.0,0.0,0.351437,0.437718,0.0,0.2251,0.221613,0.0,0.0,0.410032,0.0,1.365795,0.045785,0.0,0.001332,0.0,1.143844,0.0,0.331428,0.0
328,0.291361,0.0,0.0,0.0,0.828513,0.267563,0.640405,0.0,0.124624,0.314313,0.0,0.0,0.0,0.0,0.506613,0.016782,0.0,0.239894,0.622585,0.0,0.0,0.250335,0.0,1.369213,0.0,0.121106,0.195077,0.0,1.405114,0.0,0.338947,0.0
329,0.420589,0.0,0.0,0.0,0.666633,0.0,0.589734,0.058416,0.237635,0.065263,0.0,0.0,0.0,0.004278,0.629243,0.015455,0.0,0.188311,0.588289,0.083845,0.0,0.334031,0.0,0.971057,0.06264,0.051142,0.124448,0.0,1.150982,0.0,0.307635,0.048858
330,0.346241,0.0,0.119851,0.0,0.570149,0.0,0.362815,0.039662,0.51104,0.0,0.0,0.0,0.0,0.159,0.564205,0.241359,0.0,0.20989,0.473336,0.298974,0.0,0.362682,0.0,0.531831,0.187109,0.156995,0.0,0.0,0.790111,0.0,0.308442,0.174268
331,0.156504,0.0,0.455272,0.0,0.258618,0.0,0.216556,0.21676,0.556956,0.0,0.0,0.037264,0.0,0.065664,0.571737,0.360602,0.31424,0.208777,0.52309,0.450371,0.0,0.129541,0.0,0.147709,0.419378,0.238445,0.0,0.0,0.600756,0.0,0.540532,0.561275
332,0.181534,0.0,0.337667,0.00411,0.230529,0.04127,0.130695,0.373046,0.388259,0.0,0.0,0.210601,0.0,0.157932,0.824594,0.033211,0.534205,0.186272,0.536187,0.603715,0.0,0.0,0.0,0.243953,0.139966,0.249585,0.187523,0.0,0.833371,0.0,0.498699,0.651493
333,0.377323,0.0,0.337473,0.086861,0.290065,0.038741,0.117986,0.573549,0.42306,0.0,0.032833,0.276786,0.055704,0.177438,0.775017,0.0,0.6995,0.075994,0.536488,0.582898,0.0,0.0,0.0,0.239721,0.246885,0.365351,0.238172,0.0,0.741593,0.0,0.471137,0.738198
334,0.600745,0.0,0.379139,0.005003,0.189608,0.0,0.133111,0.655615,0.501259,0.0,0.02337,0.219675,0.179066,0.13919,0.661867,0.049498,0.722485,0.009004,0.510663,0.636324,0.0,0.0,0.114778,0.222431,0.315948,0.37561,0.082099,0.039112,0.704128,0.0,0.262006,0.785835
335,0.918201,0.0,0.208449,0.030874,0.128868,0.0,0.473049,0.818475,0.188452,0.0,0.36008,0.216999,0.223413,0.035071,0.678533,0.03149,0.8629,0.0,0.539552,0.534792,0.0,0.0,0.09043,0.569935,0.0,0.403869,0.22624,0.0,0.76451,0.0,0.0,0.738569
336,1.021024,0.0,0.303381,0.0,0.015719,0.0,0.57124,1.058729,0.077258,0.0,0.468628,0.188605,0.12296,0.0,0.795509,0.0,0.839565,0.0,0.377114,0.552837,0.0,0.0,0.004424,0.741503,0.0,0.350302,0.22977,0.0,0.854274,0.0,0.0,0.767703
337,0.898118,0.0,0.074735,0.031762,0.0,0.0,0.256875,0.934582,0.179268,0.0,0.175353,0.137611,0.039682,0.0,0.980456,0.0,0.567302,0.0,0.306636,0.486603,0.0,0.0,0.05606,0.493393,0.159949,0.417571,0.412911,0.0,0.833474,0.0,0.20897,0.404807
338,0.671229,0.0,0.132887,0.10535,0.0,0.0,0.281593,0.934368,0.110588,0.0,0.150358,0.059639,0.015646,0.0,1.136854,0.0,0.56412,0.079832,0.053815,0.655193,0.0,0.0,0.0,0.287022,0.106421,0.268642,0.448014,0.0,0.791946,0.0,0.457138,0.340438
339,0.262648,0.0,0.0,0.0,0.0,0.0,0.422527,0.953287,0.020026,0.0,0.360237,0.102214,0.0,0.0,0.985148,0.0,0.589472,0.160446,0.0,0.692733,0.0,0.0,0.0,0.152749,0.183406,0.492916,0.381169,0.0,0.285842,0.0,0.822417,0.534701
340,0.0,0.0,0.0,0.0,0.0,0.0,0.545526,0.983135,0.060974,0.0,0.46252,0.133918,0.0,0.0,0.974648,0.0,0.531632,0.28224,0.0,0.946983,0.0,0.004971,0.0,0.084235,0.32908,0.524661,0.433576,0.0,0.0,0.0,1.113981,0.707117
341,0.0,0.0,0.202449,0.0,0.0,0.0,0.409072,1.143803,0.278841,0.0,0.157671,0.201264,0.0,0.044892,1.236196,0.0,0.713891,0.342567,0.0,1.205857,0.0,0.362624,0.0,0.0,0.643141,0.59514,0.57543,0.090782,0.0,0.0,1.555672,0.756884
342,0.0,0.0,0.272672,0.0,0.115861,0.0,0.338184,1.282586,0.455109,0.0,0.144901,0.239633,0.043758,0.188332,1.274861,0.0,0.784448,0.3493,0.0,1.272333,0.0,0.466106,0.0,0.0,0.815753,0.697005,0.684217,0.18617,0.0,0.0,1.730527,0.807805
343,0.0,0.0,0.564622,0.0,0.0,0.0,0.068483,1.303957,0.433023,0.0,0.392402,0.144059,0.0,0.0,1.593077,0.0,1.045323,0.339787,0.0,1.345296,0.0,0.304119,0.0,0.0,0.905976,0.663935,0.608788,0.417332,0.0,0.0,1.849188,0.850515
344,0.0,0.0,0.606741,0.0,0.0,0.0,0.0,1.163408,0.581988,0.0,0.58951,0.096068,0.0,0.0,1.539915,0.0,0.996138,0.32109,0.158621,1.197303,0.0,0.307787,0.0,0.0,1.004618,0.777903,0.323451,0.431136,0.0,0.0,1.765341,0.84431
345,0.0,0.0,0.593024,0.0,0.0,0.0,0.0,1.025716,0.358427,0.0,0.678352,0.0,0.0,0.0,1.325193,0.0,0.954586,0.404169,0.23594,1.01553,0.0,0.38723,0.427676,0.0,0.731979,0.701841,0.193067,0.355696,0.0,0.0,1.532444,0.896596
346,0.016028,0.0,0.505904,0.0,0.0,0.0,0.0,0.840697,0.602372,0.0,0.603302,0.054114,0.0,0.0,0.912098,0.211643,0.730597,0.397341,0.223071,1.008468,0.0,0.40697,0.548092,0.0,0.718154,0.657539,0.0,0.137384,0.0,0.0,1.292767,0.961909
347,0.0,0.0,0.695317,0.0,0.0,0.0,0.014234,1.007812,0.962854,0.0,0.488209,0.0,0.0,0.0,1.092636,0.215288,0.684078,0.53325,0.0,1.000846,0.0,0.438201,0.595914,0.0,0.862989,0.498929,0.0,0.058785,0.0,0.0,1.299273,0.884827
348,0.0,0.0,0.68418,0.0,0.0,0.0,0.154529,1.046322,1.158144,0.0,0.106597,0.0,0.0,0.088596,0.865634,0.590687,0.452431,0.627447,0.0,1.038755,0.0,0.837997,0.515347,0.0,0.953405,0.610391,0.0,0.0,0.0,0.0,1.252178,0.9353
349,0.0,0.0,0.729963,0.0,0.013726,0.0,0.40152,1.032908,1.150443,0.0,0.0,0.0,0.0,0.0,0.796657,0.725951,0.27595,0.67996,0.0,1.145162,0.0,0.912234,0.715689,0.0,0.829674,0.582491,0.104781,0.0,0.0,0.0,1.084856,0.893077
350,0.0,0.0,0.474506,0.0,0.0,0.0,0.366641,0.983033,0.97846,0.0,0.049215,0.0,0.0,0.0,0.720753,0.928186,0.185763,0.452291,0.0,1.019242,0.0,0.921996,0.579125,0.0,0.900451,0.696757,0.017882,0.0,0.0,0.0,1.126985,0.923769
351,0.0,0.0,0.461554,0.0,0.0,0.0,0.397214,0.951902,0.887544,0.0,0.34053,0.0,0.0,0.0,1.014203,0.519063,0.241342,0.342665,0.0,1.044948,0.0,0.60541,0.51217,0.0,0.837619,0.4908,0.0,0.0,0.0,0.0,1.177518,0.74205
352,0.0,0.0,0.390976,0.0,0.049334,0.0,0.564875,0.986015,0.905557,0.0,0.168941,0.0,0.0,0.0,0.87042,0.54584,0.090033,0.265359,0.0,0.980228,0.0,0.740585,0.316769,0.056103,0.920848,0.581656,0.106656,0.0,0.0,0.0,1.050932,0.644679
353,0.0,0.0,0.386597,0.0,0.401174,0.0,0.58538,0.676528,1.037676,0.0,0.0,0.0,0.0,0.0,0.810847,0.821926,0.0,0.160311,0.0,0.909859,0.0,1.005597,0.0,0.438926,0.874609,0.612962,0.319234,0.0,0.0,0.0,1.011753,0.308929
354,0.0,0.0,0.281618,0.0,0.567096,0.0,0.641559,0.489547,0.867446,0.0,0.0,0.0,0.0,0.0,0.780084,0.692246,0.0,0.175878,0.0,0.699071,0.0,1.00671,0.0,0.727111,0.757438,0.606193,0.384202,0.0,0.0,0.0,1.038995,0.188648
355,0.0,0.0,0.212681,0.0,0.612734,0.156614,0.753428,0.423965,0.630056,0.0,0.0,0.0,0.0,0.0,0.619243,0.627196,0.0,0.225277,0.0,0.476775,0.0,0.774624,0.0,0.984702,0.589446,0.468195,0.362255,0.0,0.0,0.0,0.952105,0.179295
356,0.0,0.0,0.099715,0.0,0.598011,0.222017,0.826911,0.364897,0.483036,0.0,0.013192,0.0,0.0,0.0,0.373164,0.517836,0.0,0.16996,0.0,0.257595,0.0,0.555868,0.008574,1.128927,0.411178,0.330767,0.190157,0.0,0.203733,0.0,0.574267,0.105437
357,0.0,0.0,0.045708,0.0,0.760712,0.466523,0.636381,0.056381,0.52012,0.0,0.0,0.0,0.0,0.0,0.147591,0.78949,0.0,0.110713,0.0,0.096335,0.0,0.600036,0.0,1.228738,0.207385,0.270881,0.159527,0.0,0.208598,0.0,0.334382,0.0
358,0.0,0.0,0.074003,0.0,0.747199,0.322994,0.294098,0.0,0.621674,0.0,0.0,0.0,0.0,0.0,0.149468,0.918226,0.0,0.108117,0.0,0.112837,0.0,0.465048,0.0,0.782461,0.260376,0.197514,0.0,0.0,0.257855,0.0,0.151669,0.0
359,0.0,0.0,0.22919,0.0,0.476067,0.288616,0.098955,0.142305,0.480398,0.0,0.0,0.0,0.0,0.0,0.29456,0.621037,0.100341,0.01392,0.0,0.164677,0.0,0.212556,0.305706,0.524215,0.235708,0.107759,0.0,0.0,0.45175,0.0,0.143256,0.0
360,0.16807,0.0,0.346664,0.0,0.358544,0.260695,0.0,0.108601,0.531831,0.0,0.0,0.0,0.0,0.0,0.36443,0.435305,0.293988,0.0,0.0,0.161303,0.0,0.0737,0.594369,0.164201,0.462291,0.196269,0.0,0.0,0.447071,0.0,0.203947,0.0
361,0.321894,0.0,0.52609,0.0,0.282051,0.085234,0.0,0.268692,0.500444,0.0,0.114167,0.0,0.0,0.0,0.428288,0.146532,0.531425,0.031311,0.154034,0.057726,0.0,0.0,0.580974,0.077393,0.341915,0.196647,0.0,0.0,0.599963,0.0,0.143962,0.0
362,0.317115,0.0,0.712556,0.0,0.214961,0.074831,0.0,0.306507,0.52131,0.0,0.379833,0.0,0.0,0.0,0.415931,0.098133,0.663392,0.023584,0.281688,0.003418,0.0,0.0,0.440259,0.0668,0.203421,0.172754,0.0,0.0,0.743678,0.0,0.050471,0.167736
363,0.247991,0.0,0.706009,0.0,0.250073,0.258278,0.0,0.135539,0.663315,0.0,0.170905,0.0,0.0,0.0,0.52066,0.142457,0.523032,0.113791,0.395906,0.170419,0.0,0.0,0.63609,0.0,0.368169,0.170061,0.0,0.0,0.77908,0.0,0.250424,0.173699
364,0.193559,0.0,0.578261,0.0,0.305586,0.406184,0.0,0.0,0.831215,0.0,0.0,0.0,0.0,0.0,0.314936,0.503543,0.362825,0.185522,0.370388,0.303581,0.0,0.0,0.501347,0.0,0.485413,0.159687,0.0,0.0,0.661773,0.0,0.345693,0.246143
365,0.0,0.0,0.581494,0.0,0.439146,0.395791,0.0,0.157787,0.921568,0.0,0.0,0.0,0.0,0.0,0.327037,0.508634,0.313997,0.24073,0.162378,0.32366,0.134972,0.000548,0.364155,0.0,0.573915,0.193794,0.0,0.0,0.581939,0.0,0.424042,0.1825
366,0.0,0.0,0.433318,0.0,0.477504,0.398694,0.0,0.210885,0.819381,0.0,0.0,0.0,0.0,0.0,0.345742,0.598694,0.234612,0.19684,0.0,0.236811,0.012345,0.199279,0.26189,0.0,0.490343,0.300932,0.0,0.0,0.270092,0.0,0.321617,0.159143
367,0.005344,0.0,0.202466,0.0,0.307351,0.109245,0.0,0.237827,0.396398,0.0,0.0,0.0,0.0,0.0,0.551928,0.339312,0.184329,0.183643,0.0,0.234434,0.0,0.080759,0.310491,0.020423,0.275464,0.189303,0.0,0.0,0.375031,0.0,0.21135,0.08991
368,0.294132,0.0,0.107459,0.0,0.277478,0.0,0.085627,0.20162,0.215335,0.0,0.036924,0.0,0.0,0.0,0.713043,0.158072,0.214231,0.138986,0.113323,0.170953,0.0,0.0,0.217336,0.200254,0.233543,0.230717,0.0,0.0,0.603475,0.0,0.124191,0.0
369,0.504415,0.0,0.12068,0.0,0.109833,0.0,0.177008,0.351104,0.254966,0.0,0.0,0.0,0.0,0.0,0.858436,0.043383,0.445013,0.029931,0.0,0.118523,0.0,0.0,0.149998,0.326288,0.166016,0.23441,0.127866,0.0,0.784964,0.0,0.0,0.057242
370,0.857256,0.0,0.0,0.0,0.138332,0.026603,0.404825,0.642653,0.035195,0.0,0.107908,0.072687,0.038691,0.0,0.699514,0.073465,0.608795,0.0,0.0,0.092126,0.0,0.0,0.087669,0.459469,0.020767,0.079294,0.294942,0.0,0.730663,0.0,0.0,0.242472
371,1.205881,0.0,0.027383,0.0,0.086917,0.042225,0.801664,0.818753,0.0,0.0,0.443892,0.200234,0.299484,0.0,0.481795,0.391181,0.979847,0.0,0.019887,0.019874,0.0,0.0,0.127039,0.687125,0.0,0.168659,0.1823,0.0,0.663391,0.0,0.0,0.596545
372,1.52478,0.0,0.0,0.0,0.121509,0.08971,0.832589,1.145732,0.0,0.0,0.429403,0.317591,0.332223,0.0,0.312221,0.435639,1.187422,0.0,0.0,0.0,0.0,0.0,0.280837,0.842466,0.0,0.033328,0.257325,0.0,0.60481,0.0,0.0,0.808391
373,1.748572,0.0,0.0,0.0,0.087138,0.110232,1.02887,1.275977,0.0,0.0,0.615088,0.41341,0.406741,0.0,0.235192,0.624498,1.526353,0.0,0.088691,0.0,0.0,0.0,0.28889,0.958935,0.0,0.160913,0.332713,0.091271,0.639745,0.0,0.0,0.947894
374,1.844106,0.0,0.032577,0.0,0.0,0.223434,1.226567,1.253146,0.0,0.0,0.764644,0.420494,0.483322,0.0,0.328983,0.674575,1.677217,0.0,0.111929,0.0,0.0,0.0,0.177047,1.097502,0.0,0.116913,0.391813,0.0612,0.768246,0.0,0.0,1.055347
375,1.840259,0.0,0.012795,0.0,0.028411,0.280348,1.365186,1.21989,0.021555,0.0,0.861107,0.519132,0.570285,0.0,0.220688,0.885108,1.804153,0.0,0.200509,0.0,0.0,0.0,0.13445,1.164279,0.0,0.136478,0.405736,0.171752,0.646346,0.0,0.0,1.110988
376,1.798199,0.0,0.0,0.0,0.033298,0.448881,1.450254,1.336194,0.0,0.0,0.726843,0.534404,0.511468,0.0,0.123226,0.800613,1.720666,0.0,0.066813,0.0,0.0,0.0,0.18856,1.334873,0.0,0.0,0.446019,0.220038,0.701499,0.0,0.0,1.255729
377,1.583105,0.0,0.0,0.0,0.153814,0.52201,1.504838,1.007625,0.003563,0.0,0.786528,0.513445,0.569842,0.0,0.0,1.057758,1.68694,0.0,0.138172,0.0,0.0,0.0,0.073707,1.379633,0.0,0.0,0.384864,0.299599,0.476845,0.0,0.0,1.189763
378,1.330716,0.0,0.0,0.0,0.383736,0.622556,1.568398,0.910491,0.0,0.0,0.83688,0.496339,0.521223,0.0,0.0,1.17523,1.605922,0.0,0.290694,0.0,0.0,0.0,0.0,1.529769,0.0,0.116776,0.42242,0.323387,0.418563,0.0,0.0,1.077905
379,1.053068,0.0,0.0,0.0,0.426877,0.898576,1.470418,0.592513,0.0,0.0,0.642285,0.296201,0.385008,0.0,0.0,1.159198,1.206465,0.0,0.272557,0.0,0.0,0.0,0.0,1.679439,0.0,0.0,0.513099,0.313634,0.556879,0.0,0.0,0.904453
380,0.939991,0.0,0.0,0.0,0.384643,0.806751,1.25176,0.372682,0.0,0.0,0.357662,0.108638,0.23219,0.0,0.0,0.965959,1.046144,0.0,0.149643,0.0,0.0,0.0,0.0,1.528942,0.0,0.0,0.663934,0.2704,0.592029,0.0,0.0,0.590573
381,1.077215,0.0,0.0,0.0,0.328047,0.55162,1.147591,0.589164,0.060903,0.0,0.199673,0.047051,0.171663,0.0,0.0,0.86252,1.019595,0.0,0.021923,0.0,0.0,0.0,0.0,1.501723,0.0,0.0,0.537117,0.181226,0.511511,0.0,0.0,0.480897
382,1.097334,0.0,0.0,0.0,0.487754,0.490867,1.18484,0.956717,0.0,0.0,0.34122,0.194615,0.161624,0.0,0.0,0.746778,1.146278,0.0,0.011664,0.0,0.0,0.0,0.0,1.596278,0.0,0.0,0.527405,0.095163,0.479947,0.0,0.0,0.576607
383,1.309831,0.0,0.0,0.0,0.207555,0.25096,1.185289,1.170298,0.0,0.0,0.308113,0.265911,0.170142,0.0,0.113055,0.681427,1.194335,0.0,0.004925,0.0,0.0,0.0,0.0,1.316745,0.0,0.0,0.478888,0.066786,0.615213,0.0,0.0,0.675371
384,1.20048,0.0,0.0,0.0,0.282158,0.392668,1.208982,0.995439,0.0,0.0,0.571145,0.267791,0.390429,0.0,0.160108,0.709208,1.309843,0.0,0.012712,0.0,0.0,0.0,0.0,1.180123,0.0,0.027532,0.456567,0.041952,0.700334,0.0,0.0,0.711185
385,1.256522,0.0,0.0,0.0,0.10487,0.325045,1.16224,0.844353,0.0,0.0,0.473902,0.325522,0.442401,0.0,0.370721,0.707178,1.30713,0.0,0.0,0.0,0.0,0.0,0.128816,0.826582,0.0,0.009603,0.450904,0.121382,0.661542,0.0,0.0,0.758001
386,1.51812,0.0,0.0,0.0,0.0,0.171711,1.223421,0.947837,0.017286,0.0,0.653817,0.380676,0.417303,0.0,0.292142,0.747032,1.222299,0.0,0.054532,0.0,0.0,0.0,0.18837,0.769638,0.0,0.084995,0.158748,0.0,0.638446,0.0,0.0,0.845217
387,1.591807,0.0,0.0,0.0,0.015583,0.075216,1.110185,1.051038,0.0,0.0,0.372205,0.285317,0.293311,0.0,0.446512,0.724494,1.111784,0.0,0.008076,0.052972,0.0,0.0,0.323603,0.759202,0.0,0.0,0.285306,0.043077,0.812367,0.0,0.0,0.685616
388,1.367423,0.0,0.0,0.0,0.283819,0.275465,1.060009,0.978313,0.0,0.0,0.420448,0.116073,0.287907,0.0,0.433016,0.580789,1.092795,0.0,0.0,0.040994,0.0,0.0,0.173247,0.920039,0.0,0.0,0.48095,0.05728,0.946186,0.0,0.0,0.602433
389,1.366274,0.0,0.0,0.0,0.348741,0.294554,0.92417,0.890483,0.0,0.0,0.304608,0.008787,0.251038,0.0,0.511307,0.520819,0.896548,0.0,0.074665,0.052622,0.0,0.0,0.128728,0.986647,0.0,0.0,0.5201,0.054121,1.019352,0.0,0.0,0.493925
390,1.283064,0.0,0.0,0.0,0.22027,0.163631,1.137121,0.978036,0.0,0.0,0.571516,0.067178,0.271214,0.0,0.412011,0.463453,1.065636,0.0,0.0,0.0,0.0,0.0,0.0,1.07615,0.0,0.043853,0.293831,0.0,0.931621,0.0,0.0,0.556235
391,1.186301,0.0,0.0,0.0,0.198031,0.009986,0.824497,0.881403,0.0,0.0,0.341463,0.100927,0.16737,0.0,0.438456,0.379316,1.044809,0.0,0.0,0.0,0.0,0.0,0.0,0.851341,0.0,0.0,0.351223,0.0,0.656651,0.0,0.0,0.522589
392,0.954134,0.0,0.0,0.0,0.179947,0.073141,0.616834,0.711378,0.0,0.0,0.165037,0.039052,0.050798,0.0,0.735354,0.061108,0.878742,0.0,0.0,0.102029,0.0,0.0,0.053331,0.739449,0.0,0.0,0.483454,0.0,0.712749,0.0,0.0,0.462833
393,0.795494,0.0,0.197157,0.0,0.314284,0.0,0.311646,0.836157,0.089874,0.0,0.046871,0.0,0.0,0.0,0.925018,0.0,0.970252,0.0,0.045608,0.0,0.0,0.0,0.011151,0.745201,0.156072,0.238566,0.516167,0.0,0.735571,0.0,0.0,0.382511
394,0.494876,0.0,0.201364,0.0,0.365737,0.139335,0.232288,0.715681,0.223684,0.0,0.039498,0.0,0.0,0.0,0.788518,0.0,0.817176,0.0,0.107547,0.0,0.0,0.0,0.0,0.639829,0.246925,0.303628,0.350607,0.0,0.609122,0.0,0.005921,0.401778
395,0.272939,0.0,0.082748,0.010599,0.531487,0.234401,0.215576,0.608279,0.246594,0.0,0.0,0.0,0.027678,0.0,0.53944,0.234697,0.666168,0.0,0.078501,0.0,0.0,0.0,0.0,0.55752,0.32116,0.300928,0.276414,0.0,0.355864,0.0,0.190517,0.370847
396,0.110103,0.0,0.196076,0.0,0.456533,0.299321,0.190866,0.569689,0.343056,0.0,0.0,0.0,0.0,0.0,0.6166,0.302972,0.538266,0.062695,0.14443,0.0,0.0,0.0,0.0,0.571887,0.396947,0.272446,0.207705,0.0,0.450801,0.0,0.381663,0.411646
397,0.0,0.0,0.0,0.016447,0.66935,0.456242,0.206808,0.468938,0.166568,0.0,0.007372,0.0,0.0,0.0,0.466168,0.272964,0.375662,0.075659,0.0,0.003281,0.0,0.0,0.0,0.799985,0.017926,0.088095,0.514912,0.0,0.512931,0.0,0.352786,0.50476
398,0.0,0.0,0.27451,0.0,0.607651,0.298498,0.217638,0.578271,0.535569,0.0,0.0,0.0,0.0,0.0,0.553137,0.485677,0.427959,0.185775,0.0,0.085718,0.0,0.068426,0.0,0.504418,0.461098,0.272218,0.219468,0.0,0.198278,0.0,0.578553,0.581934
399,0.0,0.0,0.255863,0.0,0.636867,0.310256,0.116989,0.545033,0.50029,0.0,0.0,0.0,0.0,0.0,0.556951,0.619693,0.444303,0.144302,0.0,0.178642,0.0,0.308807,0.0,0.502035,0.541626,0.41157,0.336707,0.0,0.0,0.0,0.706125,0.726638
400,0.0,0.0,0.480983,0.0,0.53335,0.256608,0.108839,0.488677,0.692747,0.0,0.0,0.0,0.000341,0.0,0.719668,0.629742,0.519549,0.13461,0.0,0.190696,0.0,0.373828,0.0,0.345903,0.907928,0.524503,0.122262,0.0,0.0,0.0,0.881579,0.741927
401,0.0,0.0,0.317875,0.0,0.629083,0.004647,0.103578,0.373628,0.508923,0.0,0.0,0.0,0.0,0.0,0.728608,0.36865,0.388214,0.193073,0.0,0.281911,0.0,0.19347,0.0,0.365203,0.558311,0.346354,0.179399,0.0,0.119979,0.0,0.708117,0.528809
402,0.0,0.0,0.424338,0.0,0.316085,0.0,0.202686,0.344888,0.351938,0.0,0.0,0.0,0.0,0.0,1.010519,0.115513,0.466762,0.181676,0.066568,0.177008,0.0,0.247587,0.0,0.461877,0.628535,0.3959,0.056557,0.0,0.265715,0.0,0.791508,0.39174
403,0.028593,0.0,0.0,0.0,0.418766,0.0,0.574071,0.412192,0.0,0.0,0.0,0.0,0.0,0.0,0.64667,0.265837,0.2491,0.0,0.0,0.024763,0.0,0.217974,0.0,0.684193,0.162525,0.178198,0.227657,0.0,0.258132,0.0,0.452064,0.290599
404,0.152136,0.0,0.0,0.0,0.550823,0.014319,0.718859,0.383224,0.0,0.0,0.0,0.0,0.0,0.0,0.372302,0.397615,0.098106,0.0,0.0,0.0,0.0,0.152693,0.0,0.882039,0.0,0.093181,0.278227,0.0,0.332061,0.0,0.3308,0.215882
405,0.126864,0.0,0.0,0.0,0.986799,0.306882,0.650104,0.352799,0.109547,0.0,0.0,0.0,0.0,0.129202,0.031713,0.417667,0.0,0.047471,0.0,0.0,0.0,0.037909,0.0,1.230363,0.0,0.234462,0.465126,0.0,0.32127,0.0,0.375428,0.15719
406,0.333974,0.0,0.0,0.0,0.692545,0.161988,0.816434,0.489914,0.017945,0.0,0.0,0.0,0.035737,0.028838,0.201447,0.55044,0.013182,0.222508,0.0,0.0,0.0,0.161781,0.0,1.151114,0.0,0.141411,0.492477,0.0,0.566726,0.0,0.499632,0.136116
407,0.298468,0.0,0.0,0.075715,0.408301,0.212306,1.060242,0.588347,0.0,0.0,0.0,0.0,0.163037,0.0,0.136886,0.980838,0.109815,0.202906,0.0,0.0,0.0,0.28632,0.0,1.039835,0.0,0.13184,0.45795,0.0,0.361123,0.0,0.595083,0.349419
408,0.467402,0.0,0.0,0.041606,0.267003,0.218814,1.077743,0.680544,0.010484,0.0,0.0,0.0,0.23747,0.0,0.044193,0.904007,0.049295,0.355194,0.0,0.042282,0.0,0.17348,0.01331,1.081824,0.0,0.070998,0.409643,0.0,0.433437,0.054873,0.536071,0.510829
409,0.594481,0.0,0.0,0.172293,0.10903,0.295535,1.23861,0.728074,0.0,0.0,0.079432,0.175343,0.285608,0.05083,0.0,0.997032,0.173348,0.336848,0.0,0.026035,0.0,0.08149,0.049368,1.146732,0.0,0.182593,0.447326,0.0,0.423835,0.117266,0.689789,0.71163
410,0.651029,0.0,0.0,0.20102,0.263005,0.368998,1.283148,0.788722,0.0,0.0,0.0,0.14859,0.34102,0.131846,0.0,1.147152,0.038682,0.470241,0.0,0.085752,0.0,0.214431,0.0,1.33685,0.0,0.194831,0.610896,0.046894,0.43167,0.060873,0.825649,0.711727
411,0.756771,0.0,0.0,0.214331,0.310151,0.363255,1.382252,0.890092,0.0,0.0,0.0,0.138368,0.229084,0.12736,0.0,1.08897,0.0,0.540692,0.0,0.230906,0.0,0.281552,0.0,1.600573,0.0,0.142535,0.660271,0.010341,0.570487,0.0,0.960285,0.738997
412,0.714516,0.0,0.0,0.159293,0.468914,0.323721,1.491763,1.094621,0.0,0.0,0.0,0.029096,0.109225,0.066239,0.0,1.089464,0.0,0.560614,0.0,0.380418,0.0,0.347345,0.0,1.822414,0.0,0.0,0.707875,0.0,0.557683,0.0,1.054255,0.753673
413,0.479339,0.0,0.0,0.147018,0.741827,0.480302,1.573442,0.957491,0.0,0.0,0.0,0.0,0.067252,0.249293,0.027262,1.149602,0.0,0.56931,0.0,0.369855,0.0,0.396376,0.0,2.080192,0.0,0.160937,0.93918,0.0,0.567364,0.0,1.304244,0.666086
414,0.299492,0.0,0.0,0.100955,0.893349,0.421195,1.596352,0.986554,0.11856,0.0,0.0,0.0,0.032415,0.302189,0.097251,1.265387,0.0,0.590917,0.0,0.49154,0.0,0.494359,0.0,2.068299,0.0,0.224117,0.939336,0.0,0.330355,0.0,1.438949,0.662201
415,0.127116,0.0,0.0,0.0,0.848846,0.454371,1.545929,1.064489,0.024782,0.0,0.0,0.0,0.005807,0.279804,0.0,1.370039,0.0,0.567459,0.0,0.421081,0.0,0.546336,0.0,1.953805,0.0,0.349693,0.94538,0.0,0.023403,0.0,1.42456,0.901997
416,0.0,0.0,0.0,0.164623,0.612899,0.281704,1.355305,1.090624,0.21599,0.0,0.0,0.0,0.0,0.102424,0.374181,1.228218,0.127579,0.596673,0.0,0.656919,0.0,0.349997,0.0,1.558401,0.161302,0.280456,0.81005,0.0,0.0,0.0,1.649942,0.975165
417,0.0,0.0,0.0,0.043638,0.591927,0.24525,1.152593,1.092056,0.501695,0.0,0.0,0.0776,0.0,0.170626,0.139631,1.294354,0.0,0.723583,0.0,0.610939,0.0,0.285774,0.0,1.277413,0.303564,0.359891,0.62785,0.0,0.0,0.0,1.408404,1.051835
418,0.0,0.0,0.0,0.056305,0.421703,0.601972,1.190062,0.919552,0.437414,0.0,0.0,0.132258,0.0,0.059454,0.0,1.49754,0.0,0.718415,0.0,0.423176,0.135592,0.151405,0.0,1.208544,0.069427,0.319827,0.584584,0.0,0.0,0.067945,1.190586,1.202197
419,0.0,0.0,0.0,0.0,0.326875,0.488475,0.950129,1.002423,0.685601,0.0,0.0,0.131312,0.0,0.0,0.0,1.341865,0.122126,0.747758,0.0,0.239188,0.018071,0.153068,0.0,0.895695,0.303619,0.431465,0.464207,0.0,0.0,0.052516,1.110326,1.068424
420,0.0,0.0,0.0,0.105887,0.181619,0.513167,0.928387,0.906471,0.499148,0.0,0.0,0.094203,0.0,0.0,0.0,1.297881,0.232196,0.747644,0.0,0.102537,0.040071,0.102527,0.0,0.930032,0.128976,0.28954,0.430261,0.0,0.02541,0.075885,1.050449,1.000761
421,0.0,0.0,0.0,0.17022,0.255369,0.526492,0.880156,1.043412,0.622604,0.0,0.029702,0.118972,0.0,0.0,0.0,1.069356,0.261671,0.629139,0.0,0.0,0.251744,0.0,0.0,0.946636,0.207436,0.208817,0.229771,0.0,0.190736,0.160191,0.945942,0.849295
422,0.0,0.0,0.0,0.101738,0.417286,0.597126,0.960705,0.684669,0.410068,0.0,0.126946,0.0,0.0,0.0,0.0,0.906192,0.164925,0.509937,0.0,0.0,0.128288,0.0,0.0,1.186591,0.0,0.075454,0.501857,0.0,0.265481,0.0,0.712956,0.724481
423,0.0,0.0,0.0,0.007371,0.663958,0.769657,0.975998,0.593122,0.424917,0.0,0.212503,0.0,0.0,0.0,0.0,0.730293,0.134081,0.41178,0.0,0.0,0.201278,0.0,0.0,1.297405,0.0,0.057896,0.581853,0.0,0.276774,0.0,0.574237,0.684175
424,0.069296,0.0,0.0,0.0,0.297061,0.350829,0.816097,0.455383,0.34376,0.0,0.0,0.0,0.0,0.007525,0.0,0.952111,0.197844,0.361599,0.0,0.0,0.0,0.128719,0.0,0.815046,0.0,0.132002,0.320155,0.0,0.115515,0.046768,0.480051,0.556118
425,0.310654,0.0,0.061154,0.0,0.011765,0.0,0.761865,0.877292,0.39032,0.0,0.29493,0.0,0.0,0.0,0.226405,0.604881,0.554171,0.217579,0.0,0.0,0.0,0.0,0.172506,0.543565,0.0,0.163912,0.013556,0.0,0.336448,0.127147,0.424978,0.563408
426,0.246774,0.0,0.160693,0.0,0.0,0.098513,0.516573,0.60178,0.613378,0.0,0.0,0.02412,0.0,0.0,0.183315,0.794148,0.331298,0.355786,0.0,0.11504,0.0,0.118069,0.277607,0.039235,0.293442,0.334992,0.0,0.0,0.188502,0.055693,0.527128,0.64196
427,0.105967,0.0,0.251221,0.0,0.019651,0.0,0.431092,0.672231,0.681371,0.0,0.195631,0.113464,0.014617,0.0,0.534405,0.424822,0.25802,0.470814,0.161046,0.550113,0.107572,0.017928,0.22434,0.0,0.250208,0.157002,0.0,0.0,0.559649,0.135074,0.695845,0.83889
428,0.126806,0.0,0.23558,0.0,0.079132,0.0,0.406583,0.438853,0.795667,0.0,0.017243,0.328678,0.069857,0.173765,0.51906,0.499766,0.154174,0.580214,0.62905,0.829913,0.057118,0.30836,0.0,0.0,0.245987,0.285032,0.137951,0.0,0.422848,0.0,0.847622,0.972613
429,0.0,0.0,0.358801,0.0,0.185862,0.0,0.330791,0.535169,1.077762,0.0,0.0,0.565946,0.0,0.437789,0.57798,0.36348,0.179044,0.643038,0.785818,1.193959,0.057183,0.479668,0.0,0.0,0.45776,0.409337,0.223919,0.0,0.232298,0.0,1.165888,1.157062
430,0.0,0.0,0.667826,0.0,0.025338,0.0,0.287857,0.615659,1.270525,0.0,0.0,0.740702,0.0,0.565369,0.769724,0.21758,0.449724,0.691714,0.777673,1.520408,0.0,0.547215,0.0,0.0,0.786577,0.462217,0.114029,0.0,0.052612,0.0,1.520806,1.415582
431,0.0,0.0,0.986436,0.0,0.0,0.0,0.199137,0.691895,1.317102,0.0,0.0,0.700272,0.0,0.463863,1.008302,0.064988,0.774824,0.625093,0.646816,1.676334,0.0,0.518023,0.0,0.0,0.944641,0.535695,0.0,0.097488,0.0,0.0,1.803293,1.640516
432,0.0,0.0,0.692573,0.0,0.0,0.0,0.296887,0.652359,0.845768,0.0,0.12846,0.648341,0.0,0.360217,1.241645,0.0,0.849576,0.615636,0.568567,1.597131,0.0,0.519556,0.0,0.0,0.662657,0.593213,0.327708,0.036984,0.001094,0.0,1.885075,1.387627
433,0.0,0.0,0.479607,0.0,0.0,0.0,0.516531,0.733351,0.663787,0.0,0.129541,0.719326,0.034235,0.396939,0.921644,0.114647,0.713689,0.510036,0.40022,1.395286,0.0,0.512369,0.0,0.0,0.512218,0.518399,0.305274,0.062271,0.0,0.0,1.637541,1.264635
434,0.0,0.0,0.29813,0.0,0.0,0.0,0.533455,0.796937,0.36487,0.0,0.260663,0.622377,0.025407,0.206934,0.873618,0.303577,0.750788,0.305551,0.292314,1.134619,0.0,0.419903,0.0,0.0,0.45167,0.561385,0.253157,0.259973,0.0,0.0,1.652474,1.186631
435,0.269907,0.0,0.023453,0.001074,0.027725,0.0,0.696554,1.047407,0.308951,0.0,0.192366,0.393923,0.184327,0.176016,0.729129,0.279058,0.507596,0.345621,0.035593,0.890809,0.0,0.296354,0.025069,0.266628,0.242144,0.304274,0.415013,0.188429,0.201024,0.0,1.295995,0.863985
436,0.282745,0.0,0.0,0.053355,0.255162,0.0,0.900489,1.004735,0.094963,0.0,0.289655,0.199247,0.275914,0.136114,0.517814,0.436729,0.403533,0.236834,0.002311,0.495505,0.0,0.194404,0.167398,0.569963,0.0,0.389498,0.551361,0.019544,0.380601,0.0,1.030658,0.739255
437,0.266445,0.0,0.0,0.0,0.377225,0.125302,0.730732,0.921656,0.267981,0.0,0.086119,0.0,0.31242,0.043425,0.382799,0.535459,0.373604,0.291432,0.0,0.275934,0.0,0.171003,0.182465,0.65491,0.0,0.346197,0.512373,0.015793,0.352196,0.0,0.785863,0.53608
438,0.258847,0.0,0.0,0.114835,0.236132,0.162637,0.698554,0.762532,0.219544,0.0,0.11562,0.038471,0.198599,0.0,0.262667,0.678545,0.31012,0.211663,0.0,0.240938,0.0,0.0,0.335776,0.610711,0.0,0.18472,0.304304,0.0,0.311117,0.165613,0.564581,0.593966
439,0.005489,0.0,0.0,0.06322,0.299796,0.42024,0.595396,0.459648,0.447748,0.0,0.0,0.0,0.270322,0.0,0.167785,0.997707,0.371749,0.26042,0.0,0.06345,0.0,0.0,0.367942,0.53742,0.0,0.361195,0.111627,0.0,0.287933,0.090275,0.48413,0.460114
440,0.0,0.0,0.0,0.0,0.566695,0.680459,0.42635,0.381025,0.561902,0.0,0.0,0.0,0.220485,0.0,0.036877,1.111634,0.325448,0.199015,0.0,0.0,0.068865,0.085664,0.234429,0.672527,0.0,0.408266,0.203673,0.0,0.095861,0.050762,0.379741,0.401379
441,0.0,0.0,0.0,0.0,0.724722,0.551203,0.248994,0.281181,0.648408,0.0,0.0,0.0,0.169042,0.0,0.00997,0.946517,0.353522,0.2211,0.0,0.0,0.020675,0.0,0.245531,0.671128,0.0,0.267758,0.191149,0.0,0.107353,0.002622,0.217844,0.29187
442,0.0,0.0,0.008729,0.0,0.568132,0.575515,0.296991,0.336629,0.564528,0.0,0.0,0.0,0.066401,0.0,0.167354,0.923872,0.402816,0.124362,0.0,0.0,0.0,0.137077,0.297251,0.638362,0.117028,0.383848,0.185634,0.0,0.047975,0.0,0.256785,0.300779
443,0.0,0.0,0.0,0.0,0.43557,0.36436,0.289426,0.575856,0.398621,0.0,0.037363,0.0,0.0,0.0,0.30634,0.648742,0.525693,0.115984,0.0,0.0,0.017958,0.0,0.274642,0.581344,0.0,0.108318,0.174315,0.0,0.242508,0.0,0.243177,0.245975
444,0.0,0.0,0.0,0.0,0.402809,0.217207,0.2866,0.448609,0.32507,0.0,0.117675,0.0,0.0,0.0,0.313811,0.487881,0.526102,0.045147,0.0,0.0,0.0,0.0,0.167303,0.5589,0.0,0.060822,0.242104,0.0,0.336586,0.0,0.154648,0.132411
445,0.133743,0.0,0.0,0.0,0.373076,0.309383,0.270046,0.472038,0.347029,0.0,0.139405,0.0,0.045618,0.0,0.287826,0.439832,0.640358,0.007679,0.0,0.0,0.0,0.0,0.076367,0.517108,0.0,0.080161,0.211009,0.0,0.397872,0.0,0.171166,0.182384
446,0.422405,0.0,0.019056,0.0,0.319958,0.130946,0.330225,0.724123,0.373203,0.0,0.200686,0.0,0.074769,0.0,0.295606,0.246452,0.877752,0.010824,0.0,0.0,0.0,0.0,0.104527,0.574842,0.015961,0.178596,0.221323,0.0,0.486905,0.01353,0.130157,0.31721
447,0.595249,0.0,0.0,0.0,0.260658,0.182668,0.506028,0.628439,0.235475,0.0,0.363895,0.099229,0.146497,0.0,0.162033,0.38178,0.963151,0.0,0.0162,0.0,0.0,0.0,0.155174,0.582938,0.0,0.114104,0.329,0.0,0.460396,0.010292,0.009174,0.53444
448,0.672625,0.0,0.107258,0.0,0.131896,0.481421,0.58784,0.515769,0.33998,0.0,0.572142,0.031366,0.462926,0.0,0.069496,0.588395,0.967665,0.009696,0.192557,0.0,0.0,0.0,0.240215,0.480352,0.0,0.062793,0.105179,0.171799,0.55444,0.019859,0.01353,0.894252
449,0.783109,0.0,0.061719,0.015389,0.154991,0.471378,0.7112,0.384432,0.361292,0.0,0.734408,0.207757,0.521765,0.0,0.0,0.743882,1.02414,0.0,0.223581,0.0,0.0,0.0,0.137344,0.431839,0.0,0.19874,0.176781,0.143793,0.415329,0.0,0.000701,0.938136
