time_index,z0,z1,z2,z3,z4,z5,z6,z7,z8,z9,z10,z11,z12,z13,z14,z15,z16,z17,z18,z19,z20,z21,z22,z23,z24,z25,z26,z27,z28,z29,z30,z31,z32,z33,z34,z35,z36,z37,z38,z39,z40,z41,z42,z43,z44,z45,z46,z47,z48,z49,z50,z51,z52,z53,z54,z55,z56,z57,z58,z59,z60,z61,z62,z63
0,1.047953,0.0,0.981458,1.071897,0.0,2.043329,2.116297,0.256127,0.0,0.904418,0.81376,0.118719,0.119085,0.0,2.752021,2.555823,0.0,0.292322,3.404171,1.286783,0.0,3.195999,0.0,0.0,0.709309,1.826496,0.790636,0.0,0.0,0.0,0.0,0.0,1.942779,0.199401,0.685225,0.0,0.0,0.0,2.632732,1.031715,1.007975,0.0,0.0,0.0,0.248461,1.733329,0.458782,0.0,2.722567,0.0,0.0,0.661089,0.876991,3.331332,2.942983,0.113654,4.858574,1.208412,2.182064,3.256846,0.81786,2.902159,2.423401,1.586908
1,0.872248,0.0,0.787236,0.880863,0.0,1.866229,1.896434,0.313057,0.0,0.822443,1.10238,0.180141,0.0,0.0,2.396523,2.359398,0.0,0.556346,2.974733,0.890186,0.0,2.845386,0.0,0.0,0.65664,1.790771,0.694507,0.0,0.0,0.0,0.0,0.0,1.745972,0.20703,0.943763,0.0,0.0,0.0,2.641407,0.943022,1.137362,0.0,0.0,0.0,0.222967,1.68814,0.722442,0.0,2.403982,0.0,0.0,0.864068,0.791808,3.237867,2.978654,0.154337,4.401017,1.266796,1.65344,3.017868,0.854009,2.871755,2.313373,1.479255
2,0.579318,0.0,0.743396,0.648064,0.0,1.742014,1.691131,0.403102,0.0,0.727098,1.054387,0.280715,0.0,0.0,2.371712,2.252625,0.0,0.832275,2.913391,0.614003,0.0,2.610024,0.0,0.0,0.726081,1.756247,0.463227,0.0,0.0,0.0,0.0,0.0,1.431697,0.293884,1.159594,0.0,0.0,0.0,2.605234,1.081806,1.138091,0.0,0.0,0.0,0.176257,1.330876,0.764232,0.0,2.361749,0.0,0.0,0.617212,0.800211,3.117418,3.006002,0.125942,4.022786,1.036306,1.610462,2.634902,0.470154,2.622728,2.053703,1.154072
3,0.340642,0.0,0.670387,0.417721,0.0,1.722503,1.396976,0.424239,0.0,0.636247,0.993596,0.461451,0.0,0.0,2.154088,2.210103,0.0,1.141719,2.752496,0.405295,0.0,2.403712,0.0,0.0,0.831164,1.717149,0.448353,0.0,0.0,0.0,0.0,0.0,1.274091,0.317106,1.399209,0.0,0.0,0.0,2.307834,0.927744,1.120061,0.0,0.0,0.158342,0.090293,1.276614,0.950945,0.0,2.011259,0.0,0.0,0.582865,0.672115,2.852384,2.946647,0.109806,3.572269,1.037619,1.298768,2.093534,0.306472,2.470055,2.033742,1.16889
4,0.23546,0.0,0.602473,0.559293,0.0,1.440048,1.209842,0.423625,0.0,0.784095,0.680871,0.521332,0.0,0.0,2.046658,2.044726,0.0,1.080787,2.530062,0.412234,0.0,2.200735,0.0,0.0,0.619509,1.533239,0.552928,0.0,0.0,0.0,0.0,0.0,1.017001,0.412568,1.175684,0.0,0.0,0.0,1.973562,0.700613,1.058065,0.0,0.0,0.0194,0.033829,1.122051,0.66314,0.0,1.713042,0.0,0.08053,0.20646,0.579355,2.343191,2.460939,0.193547,3.031975,0.887716,1.195446,1.78912,0.290283,2.097536,1.999096,0.921224
5,0.201187,0.0,0.513591,0.490158,0.0,1.198813,1.044678,0.597256,0.0,0.724815,0.453924,0.60109,0.0,0.0,1.758546,1.777517,0.0,0.954542,2.089324,0.413676,0.0,1.886379,0.0,0.0,0.561416,1.376748,0.604231,0.0,0.0,0.0,0.0,0.0,0.84852,0.44761,1.078609,0.0,0.0,0.0,1.732697,0.457812,1.011432,0.0,0.0,0.0,0.014624,1.042464,0.55632,0.0,1.263563,0.0,0.217543,0.0,0.521352,1.846269,2.080589,0.196439,2.447706,0.872797,0.851128,1.566382,0.365971,1.746036,1.785564,0.929537
6,0.267708,0.0,0.297545,0.535102,0.0,1.207624,0.841182,0.363077,0.0,0.679984,0.43773,0.464911,0.0,0.0,1.263458,1.535968,0.0,0.770506,1.804824,0.453843,0.0,1.755164,0.0,0.0,0.56141,1.167066,0.562228,0.0,0.0,0.0,0.0,0.0,0.877316,0.233343,1.178146,0.0,0.0,0.0,1.554345,0.407095,0.970856,0.0,0.0,0.0,0.0,1.178947,0.6396,0.0,1.195132,0.0,0.046503,0.098767,0.52311,1.664521,1.732805,0.162293,2.144657,0.947336,0.844381,1.403129,0.182543,1.522146,1.304917,0.867204
7,0.536205,0.0,0.113311,0.511224,0.096919,0.856373,0.923974,0.46991,0.0,0.685378,0.268315,0.273763,0.0,0.0,1.111004,1.145756,0.0,0.317511,1.51455,0.634382,0.0,1.617087,0.0,0.0,0.349104,0.816222,0.393186,0.0,0.0,0.0,0.0,0.0,0.985626,0.125166,0.834628,0.044023,0.0,0.0,1.284664,0.393508,0.685594,0.0,0.0,0.0,0.10349,0.918336,0.493638,0.0,1.040689,0.0,0.0,0.167636,0.623987,1.31016,1.462014,0.14411,1.848813,0.616583,0.756163,1.53052,0.308429,1.12856,1.090207,0.81799
8,0.71158,0.0,0.124543,0.517492,0.158679,0.454967,1.068618,0.780042,0.0,0.583323,0.117595,0.142223,0.067426,0.0,0.824261,0.859651,0.0,0.0,0.859354,0.872165,0.321295,1.420815,0.0,0.0,0.129397,0.36102,0.168744,0.0,0.159472,0.0,0.0,0.066315,0.959307,0.217266,0.757003,0.38429,0.0,0.0,1.140613,0.456722,0.587902,0.061515,0.0,0.0,0.302465,0.850561,0.459968,0.0,0.823822,0.0,0.0,0.356259,0.881181,1.102421,1.196688,0.102629,1.454281,0.381611,0.573534,1.593226,0.364784,0.655828,0.814349,0.907902
9,0.747205,0.0,0.0,0.387338,0.008079,0.347723,0.864916,0.647613,0.0,0.618767,0.0,0.029647,0.0,0.0,0.404966,0.739864,0.0,0.0,0.578175,0.839996,0.515779,1.288977,0.0,0.0,0.132147,0.10132,0.072596,0.0,0.177705,0.0,0.0,0.0412,0.911628,0.294918,0.826879,0.534108,0.0,0.0,0.916637,0.295275,0.622687,0.357744,0.002265,0.0,0.268367,0.868665,0.576066,0.02075,0.494102,0.0,0.0,0.396537,0.893875,0.892631,1.097677,0.256049,1.226477,0.419044,0.269015,1.402265,0.128264,0.460888,0.358907,0.867799
10,0.817516,0.0,0.042235,0.270623,0.0,0.413626,0.862356,0.85178,0.0,0.482622,0.0,0.0,0.045071,0.0,0.301848,0.789918,0.0,0.0,0.251797,0.910378,0.664432,1.299107,0.0,0.24669,0.0,0.0,0.0,0.0,0.03419,0.0,0.0,0.0,0.751107,0.431335,0.703623,0.699749,0.0,0.0,0.751147,0.522938,0.400107,0.418531,0.214969,0.0,0.179472,0.688557,0.471674,0.166861,0.397843,0.164955,0.0,0.403303,1.06236,0.920521,0.882507,0.408165,1.275665,0.327914,0.160292,1.248855,0.067288,0.128142,0.243754,0.850422
11,0.756837,0.0,0.0,0.226033,0.0,0.217867,0.595161,0.677023,0.0,0.398253,0.0,0.0,0.160027,0.0,0.257148,0.768415,0.0,0.0,0.334748,0.755264,0.651838,1.15387,0.0,0.215855,0.0,0.019422,0.054018,0.0,0.055151,0.0,0.0,0.080195,0.740926,0.459453,0.622554,0.764044,0.0,0.0,0.396095,0.505501,0.485091,0.582148,0.372837,0.0,0.137325,0.655231,0.42494,0.244948,0.402376,0.167123,0.0,0.359439,0.98453,0.699735,0.774919,0.446258,1.092297,0.322816,0.299423,1.109519,0.0,0.089501,0.012653,0.720478
12,0.734929,0.0,0.0,0.198321,0.0,0.210952,0.307389,0.512436,0.0,0.392589,0.0,0.0,0.0,0.0,0.311694,0.640597,0.0,0.0,0.30951,0.52994,0.526949,0.736765,0.0,0.439179,0.0,0.017771,0.071927,0.0,0.0,0.0,0.0,0.000755,0.5306,0.399471,0.60618,0.654505,0.0,0.0,0.172707,0.270267,0.482593,0.649055,0.524153,0.04829,0.083408,0.712923,0.397902,0.434474,0.127577,0.171715,0.0,0.49755,0.687909,0.731256,0.757157,0.315328,1.045404,0.419656,0.219513,0.791956,0.174905,0.141348,0.029541,0.678824
13,0.826011,0.0,0.0,0.553643,0.0,0.291687,0.41048,0.372891,0.0,0.461191,0.0,0.0,0.012862,0.0,0.053714,0.472698,0.0,0.0,0.181919,0.585091,0.485478,0.982018,0.0,0.55106,0.0,0.013545,0.3811,0.0,0.0,0.0,0.0,0.020139,0.758065,0.154366,0.279409,0.510924,0.0,0.0,0.238269,0.130508,0.30418,0.555581,0.179468,0.0,0.0,0.643674,0.114051,0.206841,0.277121,0.150274,0.0,0.41774,0.431667,0.416193,0.581073,0.397392,1.01551,0.31765,0.096544,0.904537,0.099877,0.004705,0.0,0.50038
14,0.645744,0.0,0.0,0.423802,0.0,0.192458,0.333735,0.349593,0.0,0.324144,0.0,0.0,0.038598,0.0,0.023352,0.467495,0.0,0.0,0.212394,0.674939,0.482864,0.952936,0.0,0.334863,0.0,0.113323,0.255303,0.0,0.0,0.0,0.0,0.0,0.78969,0.064413,0.375076,0.436033,0.0,0.0,0.330827,0.051525,0.215838,0.314314,0.032122,0.0,0.0,0.564067,0.354461,0.226251,0.164474,0.126615,0.041549,0.07837,0.444991,0.344091,0.632324,0.215517,0.717702,0.153362,0.253292,0.624604,0.035734,0.09747,0.0,0.269124
15,0.646172,0.0,0.0,0.395656,0.151491,0.169672,0.483515,0.350853,0.0,0.233428,0.0,0.0,0.150507,0.0,0.255169,0.430285,0.0,0.0,0.446654,0.662014,0.558406,0.977662,0.0,0.381634,0.0,0.241447,0.413772,0.0,0.0,0.0,0.058118,0.0,0.833498,0.0,0.082082,0.47094,0.0,0.0,0.376107,0.0,0.076187,0.136878,0.003157,0.02884,0.0,0.376142,0.307042,0.0,0.067938,0.246109,0.041757,0.0,0.26638,0.113324,0.621697,0.256994,0.72446,0.043617,0.271635,0.58371,0.331894,0.494555,0.224988,0.223433
16,0.482717,0.0,0.0,0.232938,0.094282,0.304084,0.242267,0.284551,0.0,0.28926,0.0,0.0,0.160164,0.0,0.375257,0.430946,0.0,0.026497,0.502417,0.480837,0.474833,0.860511,0.0,0.340899,0.002652,0.671077,0.64692,0.0,0.0,0.0,0.094944,0.0,0.631767,0.0,0.035293,0.439692,0.0,0.0,0.371518,0.0,0.192738,0.184887,0.005783,0.312179,0.0,0.314832,0.111839,0.0,0.04946,0.303681,0.347896,0.0,0.084207,0.0,0.594051,0.35792,0.65324,0.07289,0.281898,0.38219,0.297763,0.529966,0.225103,0.118979
17,0.284446,0.0,0.0,0.150048,0.0,0.229419,0.000495,0.528368,0.0,0.142805,0.0,0.0,0.267738,0.0,0.357898,0.248778,0.0,0.246536,0.362394,0.364787,0.560949,0.519539,0.0,0.255092,0.0,0.673582,0.493222,0.0,0.0,0.0,0.129625,0.0,0.372718,0.350927,0.376168,0.321791,0.0,0.0,0.398658,0.005383,0.394335,0.290951,0.390941,0.62484,0.0,0.344798,0.215578,0.368467,0.0,0.268142,0.468909,0.0,0.410108,0.0,0.512746,0.088357,0.399498,0.252256,0.316317,0.123215,0.211223,0.303128,0.160555,0.116005
18,0.402734,0.0,0.0,0.060825,0.0,0.189684,0.009963,0.544963,0.0,0.241087,0.0,0.0,0.52391,0.0,0.560733,0.121432,0.0,0.562695,0.350892,0.0,0.704252,0.384539,0.0,0.158134,0.0,0.706707,0.32986,0.0,0.0,0.0,0.091961,0.049946,0.109219,0.800473,0.774198,0.294378,0.0,0.0,0.489098,0.185035,0.500306,0.585052,0.561565,0.794419,0.0,0.325608,0.011502,0.71065,0.159528,0.549808,0.587594,0.259637,0.578227,0.11431,0.495138,0.216144,0.34185,0.676412,0.579672,0.120433,0.227736,0.370166,0.358578,0.350273
19,0.260552,0.0,0.183769,0.075907,0.0,0.187718,0.0,0.501447,0.0,0.444312,0.0,0.040442,0.478129,0.0,0.493969,0.314758,0.0,0.545603,0.638091,0.267921,0.32848,0.368457,0.0,0.403865,0.0,0.846767,0.763036,0.0,0.0,0.0,0.038998,0.0,0.270989,0.543928,0.429322,0.235219,0.0,0.0,0.443299,0.0,0.392022,0.38917,0.482517,0.886207,0.0,0.209754,0.384176,0.459204,0.0,0.357741,0.238908,0.200601,0.480781,0.0,0.443498,0.421316,0.474946,0.425412,0.464128,0.113496,0.136332,0.700488,0.322075,0.0
20,0.126511,0.0,0.211493,0.110916,0.0,0.260507,0.0,0.459995,0.0,0.492358,0.0,0.253227,0.468531,0.0,0.618924,0.426954,0.0,0.907361,0.886478,0.161075,0.247951,0.223282,0.0,0.090495,0.0,1.106588,0.832852,0.0,0.0,0.0,0.0,0.0,0.08725,0.802077,0.652359,0.070161,0.0,0.0,0.353455,0.0,0.568692,0.469284,0.587348,1.104543,0.0,0.337541,0.501543,0.595963,0.0,0.419544,0.282085,0.206654,0.693552,0.0,0.457921,0.356621,0.403525,0.672569,0.648173,0.0,0.044973,0.698526,0.395616,0.0
21,0.0,0.0,0.375777,0.183172,0.0,0.457973,0.0,0.389001,0.0,0.452824,0.0,0.463424,0.546488,0.0,0.823892,0.667364,0.0,1.220937,1.319428,0.155775,0.11961,0.18839,0.0,0.0,0.0,1.549805,1.179139,0.0,0.0,0.0,0.0,0.0,0.128515,0.893176,0.641986,0.026161,0.0,0.0,0.263049,0.0,0.584322,0.405344,0.716278,1.419788,0.0,0.212189,0.774778,0.62916,0.0,0.442196,0.239198,0.34713,0.852424,0.0,0.531997,0.393044,0.532113,0.610518,0.825281,0.0,0.051402,0.751091,0.802926,0.0
22,0.056078,0.0,0.571334,0.351857,0.0,0.776691,0.0,0.558899,0.0,0.426419,0.0,0.525782,0.610401,0.0,0.818633,0.75477,0.0,1.387707,1.765531,0.059757,0.134766,0.0,0.0,0.0,0.0,1.943562,1.371912,0.0,0.0,0.0,0.0,0.0,0.024043,0.990431,0.668753,0.0,0.0,0.0,0.518618,0.0,0.747952,0.272852,0.861723,1.571131,0.0,0.565784,0.706501,0.650175,0.0,0.426565,0.326941,0.266906,1.018248,0.0,0.356853,0.234351,0.699977,1.130968,0.952827,0.0,0.155839,1.003413,0.870928,0.035377
23,0.096469,0.0,0.800135,0.245632,0.0,0.933884,0.0,0.195294,0.0,0.604681,0.0,0.480776,0.700653,0.0,1.030556,0.980759,0.0,1.751428,2.105658,0.0,0.0,0.0,0.0,0.0,0.0,2.426728,1.646599,0.0,0.0,0.0,0.0,0.0,0.057754,1.219372,0.867475,0.0,0.0,0.0,0.686287,0.0,0.641017,0.31693,0.843077,2.028527,0.0,0.581054,0.702804,0.944203,0.0,0.639202,0.52073,0.381415,0.670708,0.071834,0.47176,0.277091,0.985864,1.464203,1.218046,0.0,0.360534,1.281616,1.25431,0.096082
24,0.21966,0.0,1.023361,0.435446,0.0,1.05432,0.0,0.389824,0.0,0.546964,0.0,0.384663,0.876997,0.0,1.297047,1.017655,0.0,1.636442,2.119245,0.0,0.0,0.0,0.0,0.0,0.0,2.514104,1.741455,0.0,0.0,0.0,0.0,0.0,0.056798,1.16059,0.618205,0.0,0.0,0.0,0.968394,0.0,0.547765,0.1805,0.696655,2.102973,0.0,0.755652,0.243199,0.965543,0.0,0.718649,0.689132,0.403847,0.421354,0.082714,0.286714,0.188225,1.28465,1.618916,1.236264,0.33711,0.517481,1.406041,1.485091,0.333906
25,0.279776,0.0,1.072205,0.473057,0.0,1.2545,0.0,0.617877,0.0,0.367489,0.0,0.270294,0.98836,0.0,1.285874,1.070223,0.0,1.325967,2.15025,0.035385,0.0,0.0,0.0,0.0,0.0,2.610416,1.787781,0.0,0.0,0.0,0.0,0.0,0.13339,0.972316,0.384561,0.0,0.0,0.0,1.288486,0.0,0.506722,0.018035,0.501382,1.990868,0.0,0.881719,0.0,0.818724,0.069775,0.590174,0.65982,0.348131,0.357384,0.153175,0.142421,0.07969,1.631103,1.635673,1.237801,0.711466,0.578546,1.534908,1.583114,0.593496
26,0.210133,0.0,0.807289,0.199598,0.0,1.393807,0.161161,0.626913,0.0,0.290774,0.0,0.232828,0.800806,0.0,1.428482,1.24697,0.0,1.127246,2.258706,0.004624,0.0,0.298382,0.0,0.0,0.0,2.684281,1.743906,0.0,0.0,0.0,0.0,0.0,0.198184,0.736621,0.202541,0.0,0.0,0.0,1.487298,0.0,0.400874,0.0,0.262518,1.35895,0.0,0.588639,0.420436,0.400302,0.238599,0.136062,0.252026,0.352397,0.501503,0.346412,0.753593,0.0,1.919036,0.895409,0.906467,0.51071,0.493934,1.747936,1.705763,0.466522
27,0.37557,0.0,0.594037,0.0,0.0,1.3458,0.532944,0.7907,0.0,0.148564,0.0,0.045115,0.89809,0.0,1.463516,1.168059,0.0,0.717967,2.06579,0.026722,0.0,0.552931,0.0,0.0,0.0,2.336599,1.449924,0.0,0.0,0.0,0.0,0.0,0.345165,0.600233,0.15558,0.0,0.0,0.0,1.745844,0.0,0.332348,0.0,0.031636,0.916041,0.0,0.439221,0.256225,0.237441,0.561991,0.0,0.072817,0.202944,0.468586,0.551853,0.949483,0.0,2.141943,0.661857,0.851276,0.845901,0.538439,1.702806,1.425281,0.546432
28,0.536351,0.0,0.625533,0.0,0.0,1.501734,0.720088,0.689898,0.0,0.213938,0.0,0.031815,0.863652,0.0,1.836089,1.191389,0.0,0.442546,2.055675,0.238891,0.0,0.749417,0.0,0.0,0.0,2.344187,1.581599,0.0,0.0,0.0,0.0,0.0,0.374097,0.473228,0.0,0.0,0.0,0.0,1.821285,0.264917,0.082115,0.0,0.0,0.801512,0.0,0.260687,0.130612,0.077022,0.691856,0.200114,0.222114,0.094166,0.168031,0.745401,0.993632,0.0,2.346556,0.542913,0.876615,0.978998,0.912695,1.544973,1.771699,0.754768
29,0.738935,0.0,0.563251,0.0,0.0,1.608344,0.718624,0.602388,0.0,0.0,0.0,0.0,0.932202,0.0,1.45779,0.962235,0.0,0.227451,1.698934,0.229381,0.0,0.889036,0.0,0.0,0.14214,2.248641,1.34686,0.0,0.0,0.0,0.0,0.0,0.569917,0.454294,0.253983,0.0,0.0,0.0,1.979278,0.329021,0.133441,0.0,0.0,0.723991,0.0,0.620173,0.0,0.114311,0.824745,0.155473,0.265682,0.0,0.037868,0.887682,0.660778,0.0,2.412075,0.838361,0.811676,1.001185,0.89518,1.487467,1.305332,0.949018
30,1.062143,0.0,0.434042,0.043419,0.0,1.414996,0.902668,0.832758,0.0,0.0,0.0,0.0,1.136991,0.0,1.277488,0.673042,0.0,0.0,1.241544,0.496959,0.0,0.729201,0.0,0.0,0.0,1.842401,1.434019,0.0,0.0,0.0,0.0,0.0,0.739061,0.330348,0.047929,0.0,0.0,0.0,1.844931,0.272297,0.12566,0.0,0.0,0.285469,0.0,0.775439,0.0,0.0,0.773224,0.365702,0.337262,0.0,0.006803,0.439296,0.597161,0.0,2.228579,0.691466,0.704182,1.291502,1.20519,1.125909,1.118977,1.162623
31,1.145613,0.0,0.250521,0.0,0.0,1.378337,0.65416,0.638402,0.0,0.0,0.0,0.0,1.337509,0.0,1.285395,0.662888,0.0,0.0,1.340327,0.526343,0.179951,0.544759,0.0,0.0,0.056497,2.064197,1.427798,0.0,0.0,0.0,0.0,0.0,0.800096,0.234666,0.093985,0.0,0.0,0.0,1.648438,0.327739,0.06881,0.0,0.002213,0.397518,0.0,0.581487,0.237939,0.006004,0.847459,0.669886,0.428586,0.0,0.072211,0.226075,0.493296,0.0,2.073914,0.42517,0.667549,1.127819,1.303559,0.883571,1.054471,0.987914
32,1.215481,0.0,0.08898,0.0,0.0,1.205086,0.601127,0.626538,0.0,0.0,0.0,0.0,1.403239,0.090482,0.983478,0.462019,0.0,0.0,0.942227,0.438302,0.323067,0.136541,0.0,0.0,0.0,2.095995,1.550769,0.0,0.0,0.0,0.0,0.0,0.882419,0.095917,0.177676,0.0,0.0,0.0,1.532719,0.227846,0.466244,0.0,0.034681,0.548375,0.0,0.932529,0.129299,0.093543,0.49861,0.922597,0.763192,0.0,0.0,0.0,0.057548,0.0,1.708132,0.791689,0.354898,1.066795,1.5755,0.742954,0.84701,1.232689
33,1.479652,0.0,0.0,0.227621,0.0,1.137227,0.531705,0.532504,0.0,0.0,0.0,0.0,1.470737,0.0,0.619917,0.3442,0.0,0.0,0.648616,0.472247,0.263487,0.0,0.0,0.241438,0.0,1.902193,1.78144,0.0,0.0,0.0,0.0,0.0,1.070923,0.123638,0.185296,0.0,0.0,0.0,1.235777,0.344217,0.651667,0.0,0.0,0.73384,0.0,1.020212,0.0,0.193393,0.555263,1.294451,0.963168,0.035294,0.0,0.0,0.0,0.0,1.434952,1.041191,0.391457,1.080284,1.719618,0.507975,0.760256,1.415337
34,1.663768,0.0,0.0,0.280796,0.0,0.796867,0.353987,0.508914,0.0,0.0,0.0,0.0,1.493911,0.0,0.297147,0.378325,0.0,0.0,0.62851,0.551875,0.17419,0.0,0.0,0.319409,0.0,1.804555,1.913636,0.0,0.0,0.0,0.0,0.0,1.130041,0.188474,0.068322,0.0,0.0,0.0,0.971306,0.371897,0.636155,0.045735,0.0,0.897679,0.0,0.843101,0.027719,0.193954,0.514001,1.520665,1.058763,0.0,0.059252,0.0,0.0,0.0,1.096555,0.919368,0.439623,0.991551,1.68727,0.404516,0.612547,1.116983
35,1.579591,0.0,0.0,0.104915,0.0,0.461422,0.0,0.274291,0.0,0.0,0.0,0.0,1.425925,0.0,0.357232,0.466237,0.0,0.0,0.694787,0.48652,0.272062,0.0,0.0,0.266917,0.0,1.996043,1.77561,0.0,0.0,0.0,0.0,0.0,0.930729,0.324878,0.132238,0.0,0.0,0.0,0.844606,0.20488,0.724361,0.132451,0.210841,1.150368,0.0,0.589073,0.187738,0.342926,0.431893,1.693699,1.045858,0.0,0.054501,0.0,0.0,0.004215,0.882418,0.724686,0.47953,0.590721,1.546082,0.292818,0.55214,0.705003
36,1.299387,0.0,0.0,0.316235,0.0,0.339019,0.0,0.201781,0.0,0.0,0.0,0.0,1.202842,0.0,0.30344,0.509578,0.0,0.197855,0.613214,0.28899,0.478747,0.0,0.057441,0.25425,0.0,1.966007,1.706619,0.0,0.0,0.0,0.0,0.0,0.931882,0.559119,0.289328,0.0,0.0,0.0,0.639553,0.33489,0.768281,0.271562,0.508223,1.831743,0.0,0.613136,0.128606,0.654253,0.325599,1.725829,1.31167,0.036537,0.0,0.0,0.0,0.043789,0.669216,1.080388,0.480181,0.321193,1.664568,0.25089,0.715817,0.886574
37,1.435869,0.0,0.0,0.301053,0.0,0.016518,0.0,0.0,0.0,0.0,0.0,0.0,1.156883,0.0,0.0,0.438458,0.0,0.066771,0.232735,0.24346,0.412556,0.0,0.212703,0.537553,0.0,1.803859,1.703436,0.0,0.0,0.0,0.008245,0.0,0.826166,0.795974,0.202624,0.182695,0.0,0.0,0.62002,0.363782,0.503007,0.615427,0.086228,1.825652,0.0,0.564799,0.0,0.722345,0.323852,1.820086,1.143304,0.033665,0.0,0.0,0.0,0.261635,0.895167,0.956397,0.591218,0.490161,1.273578,0.058357,0.304412,0.605834
38,1.36884,0.0,0.0,0.332952,0.0,0.146363,0.0,0.044103,0.0,0.0,0.0,0.0,1.091632,0.0,0.0,0.508795,0.0,0.0,0.0,0.354934,0.098031,0.034632,0.389506,0.685781,0.0,1.091748,1.446554,0.0,0.0,0.0,0.305891,0.0,0.664451,0.390476,0.0,0.393725,0.135576,0.009103,0.430405,0.325979,0.17119,0.604044,0.017167,1.258738,0.0,0.482397,0.0,0.310666,0.379916,1.351965,0.746495,0.105462,0.0,0.0,0.371322,0.259075,1.310071,0.576989,0.267221,0.445023,0.853964,0.091039,0.058667,0.45919
39,1.084341,0.0,0.005823,0.275506,0.0,0.19503,0.042374,0.0,0.0,0.0,0.0,0.0,0.758131,0.0,0.0,0.712453,0.0,0.0,0.03221,0.537939,0.145024,0.489006,0.195743,0.68446,0.0,0.843656,1.076675,0.0,0.0,0.0,0.268311,0.0,0.597161,0.011705,0.0,0.378036,0.0,0.063026,0.434892,0.021709,0.0,0.353327,0.041648,0.71996,0.0,0.343162,0.0,0.04467,0.23861,0.805671,0.305995,0.0,0.0,0.085597,0.50416,0.256756,1.542824,0.005795,0.075155,0.44474,0.613626,0.381494,0.105909,0.140619
40,1.047515,0.0,0.082333,0.46383,0.0,0.276094,0.289372,0.0,0.0,0.061272,0.0,0.0,0.460788,0.0,0.1246,0.859928,0.0,0.0,0.253641,0.653718,0.27736,0.942688,0.13026,0.734676,0.0,0.719962,0.920602,0.0,0.0,0.0,0.170474,0.0,0.751187,0.0,0.0,0.737468,0.0,0.0,0.415164,0.0,0.0,0.228154,0.0,0.538764,0.0,0.337043,0.0,0.0,0.391159,0.545507,0.286683,0.0,0.0,0.478704,0.674326,0.3851,1.857611,0.0,0.133262,0.825484,0.485877,0.490399,0.156346,0.185721
41,0.969038,0.0,0.0,0.684292,0.0,0.018526,0.627452,0.34808,0.0,0.101889,0.0,0.0,0.153368,0.0,0.122369,1.04251,0.0,0.0,0.056441,1.000435,0.459024,1.056749,0.204951,0.864778,0.0,0.078602,0.816951,0.0,0.0,0.0,0.0,0.0,0.974428,0.0,0.0,1.118868,0.0,0.0,0.225183,0.02373,0.0,0.383652,0.0,0.309277,0.0,0.532061,0.0,0.0,0.279399,0.322441,0.156315,0.204607,0.0,0.652704,0.887757,0.300299,1.830837,0.0,0.0,1.146275,0.644361,0.403976,0.299631,0.576251
42,1.111081,0.0,0.143179,0.944834,0.0,0.046842,0.639808,0.222228,0.0,0.218458,0.0,0.0,0.128701,0.0,0.0,1.109422,0.0,0.0,0.116823,1.054155,0.512891,1.423337,0.078671,0.922766,0.0,0.145267,0.825765,0.0,0.0,0.0,0.0,0.0,1.218838,0.0,0.0,1.157669,0.0,0.0,0.242126,0.021611,0.0,0.557334,0.0,0.232007,0.0,0.682356,0.0,0.0,0.440305,0.283758,0.109669,0.193875,0.0,0.797226,0.959878,0.495523,2.137477,0.0,0.0,1.392817,0.543275,0.385264,0.164207,0.620179
43,1.208452,0.0,0.317903,1.017478,0.0,0.0,0.714211,0.22518,0.0,0.082256,0.0,0.0,0.275205,0.0,0.0,1.112103,0.009113,0.0,0.0,0.997237,0.640401,1.419253,0.186566,1.03206,0.0,0.119521,0.602421,0.0,0.0,0.0,0.0,0.0,1.213623,0.0,0.0,1.239899,0.127868,0.098531,0.22151,0.131419,0.0,0.829794,0.0,0.259944,0.0,0.72812,0.0,0.0,0.43887,0.406288,0.011352,0.367213,0.0,0.823986,0.987966,0.590665,2.392091,0.0,0.0,1.396608,0.372133,0.017186,0.050298,0.70535
44,1.403553,0.0,0.322854,0.943974,0.0,0.0,0.654866,0.199474,0.0,0.000735,0.0,0.0,0.538655,0.0,0.0,1.084286,0.0,0.0,0.0,0.831545,0.707708,1.338849,0.279955,1.155314,0.0,0.208671,0.435042,0.0,0.0,0.0,0.0,0.0,1.046124,0.220445,0.0,1.350191,0.140324,0.166174,0.289669,0.236745,0.0,0.994439,0.043558,0.39021,0.0,0.656071,0.0,0.145588,0.449588,0.632673,0.0,0.489311,0.0,0.871111,1.085762,0.650572,2.615135,0.0,0.0,1.180225,0.237289,0.0,0.0,0.655428
45,1.480017,0.0,0.381936,0.844207,0.0,0.0,0.857752,0.105694,0.0,0.0,0.0,0.0,0.777502,0.0,0.006558,1.159534,0.0,0.0,0.0,1.132758,0.662132,1.626968,0.319825,1.190161,0.0,0.219298,0.411355,0.0,0.0,0.0,0.0,0.0,1.110008,0.103441,0.0,1.623696,0.021515,0.059269,0.278453,0.370776,0.0,0.79746,0.0,0.413842,0.0,0.339187,0.015491,0.0,0.622253,0.759731,0.0,0.425618,0.0,0.939281,0.999742,0.649763,2.56859,0.0,0.0,1.128889,0.45819,0.0,0.17918,0.606592
46,1.404837,0.0,0.342291,0.831386,0.0,0.0,0.742856,0.0,0.0,0.0,0.0,0.0,1.006045,0.0,0.0,1.093403,0.0,0.0,0.0,0.982728,0.68249,1.482183,0.413526,1.043816,0.0,0.382268,0.417069,0.0,0.0,0.0,0.0,0.0,1.082031,0.417266,0.0,1.453194,0.24811,0.181107,0.320353,0.279456,0.0,0.945498,0.0,0.481558,0.0,0.307561,0.005627,0.091681,0.497835,0.830846,0.025849,0.087838,0.0,0.763868,0.765828,0.533473,2.174247,0.0,0.009087,1.124936,0.557627,0.0,0.018586,0.560072
47,1.400968,0.0,0.239159,0.691463,0.0,0.0,0.509115,0.0,0.0,0.0,0.0,0.0,1.137581,0.0,0.0,0.961293,0.0,0.0,0.0,0.693014,0.737764,1.203588,0.537716,1.031989,0.0,0.728643,0.385635,0.0,0.0,0.0,0.0,0.0,1.068697,0.801768,0.0,1.467275,0.276787,0.206822,0.334402,0.178031,0.0,1.14546,0.0,0.777842,0.0,0.247124,0.0,0.255972,0.459648,0.899972,0.299641,0.0,0.0,0.634522,0.717464,0.507812,2.074842,0.0,0.274799,1.134975,0.544958,0.0,0.0,0.630819
48,1.256475,0.0,0.194362,0.704052,0.0,0.0,0.522566,0.125197,0.0,0.0,0.0,0.0,1.040538,0.0,0.0,0.885135,0.0,0.0,0.0,0.913273,0.610747,0.972215,0.50144,0.901902,0.0,0.2794,0.357113,0.0,0.0,0.0,0.0,0.0,0.655479,0.664928,0.251733,1.217641,0.600066,0.16019,0.203312,0.329325,0.0,1.071,0.01845,0.501459,0.0,0.318828,0.065121,0.405537,0.327754,0.95689,0.205263,0.139935,0.0,0.421086,0.512383,0.26112,1.57473,0.0,0.0,0.912851,0.690529,0.0,0.012467,0.639601
49,1.041007,0.0,0.07332,0.507004,0.0,0.0,0.320948,0.223533,0.0,0.0,0.0,0.0,0.892243,0.0,0.0,0.830591,0.0,0.0,0.0,0.659688,0.611348,0.523694,0.604414,0.846187,0.0,0.441221,0.49721,0.0,0.0,0.0,0.0,0.0,0.495339,0.847523,0.187552,1.157599,0.777303,0.042704,0.20491,0.227891,0.0,1.064464,0.056679,0.791422,0.0,0.244072,0.0,0.551942,0.171682,0.927194,0.636041,0.0,0.0,0.270812,0.36088,0.144312,1.324263,0.0,0.061579,0.914794,0.86579,0.0,0.016836,0.738681
50,1.196026,0.0,0.045998,0.346236,0.0,0.0,0.568451,0.0,0.0,0.0,0.0,0.0,1.19003,0.0,0.003902,0.733209,0.0,0.0,0.0,0.72774,0.30249,0.829046,0.462094,1.038057,0.0,0.481079,0.538926,0.0,0.0,0.0,0.079437,0.0,0.577822,0.320319,0.072175,1.015864,0.217809,0.027355,0.246708,0.266861,0.0,0.813845,0.169128,0.558045,0.0,0.01714,0.278297,0.036565,0.423538,1.107545,0.117442,0.235491,0.0,0.370837,0.291132,0.405174,1.644968,0.0,0.018864,0.464849,0.709295,0.0,0.252384,0.552193
51,1.048326,0.0,0.0,0.262775,0.0,0.0,0.253004,0.0,0.0,0.0,0.0,0.0,1.009474,0.0,0.0,0.741587,0.0,0.0,0.0,0.608098,0.208918,0.394933,0.555295,0.859891,0.0,0.717856,0.833065,0.0,0.0,0.0,0.152565,0.0,0.487641,0.294243,0.0,0.805439,0.308893,0.0,0.197372,0.137459,0.0,0.781656,0.137913,0.771778,0.0,0.0,0.07258,0.069281,0.206503,0.975852,0.422359,0.065143,0.0,0.129113,0.143876,0.26922,1.490253,0.0,0.065742,0.513757,0.888673,0.0,0.148975,0.449768
52,1.098937,0.0,0.0,0.318103,0.0,0.0,0.0,0.0,0.0,0.0,0.0,0.0,1.044822,0.0,0.0,0.687572,0.0,0.0,0.0,0.344948,0.290751,0.035173,0.638646,0.675252,0.0,1.080526,1.120978,0.0,0.0,0.0,0.056146,0.0,0.579489,0.636995,0.019278,0.589527,0.402902,0.081463,0.24127,0.155001,0.09994,0.84024,0.0,1.181314,0.0,0.027781,0.0,0.411644,0.097436,1.189184,0.738264,0.0,0.0,0.0,0.027788,0.324459,1.344179,0.230497,0.316827,0.739347,1.015035,0.0,0.020837,0.447409
53,1.34839,0.0,0.0,0.316271,0.0,0.0,0.0,0.0,0.0,0.0,0.0,0.0,1.155214,0.0,0.0,0.639454,0.0,0.0,0.0,0.29947,0.32741,0.0,0.594817,0.76494,0.0,1.323044,1.374135,0.0,0.0,0.0,0.049629,0.0,0.772321,0.821703,0.088084,0.555345,0.427759,0.101107,0.236743,0.161308,0.205452,0.965586,0.0,1.289294,0.0,0.174499,0.0,0.571464,0.196019,1.474355,0.729342,0.0,0.0,0.0,0.13674,0.410405,1.275579,0.42067,0.431803,0.732045,1.110174,0.0,0.038017,0.490754
54,1.504726,0.0,0.0,0.398693,0.0,0.0,0.0,0.0,0.0,0.0,0.0,0.0,1.216373,0.0,0.0,0.559861,0.0,0.0,0.0,0.373668,0.27263,0.0,0.548194,0.732522,0.0,1.207199,1.516927,0.0,0.0,0.0,0.025324,0.0,0.853642,0.798863,0.219786,0.424038,0.456775,0.164913,0.192855,0.29125,0.416124,1.036162,0.0,1.177353,0.0,0.361006,0.0,0.594556,0.323528,1.650576,0.638215,0.233701,0.0,0.0,0.13894,0.333862,1.131686,0.613304,0.392987,0.717541,1.166668,0.0,0.100254,0.681162
55,1.43371,0.0,0.0,0.26841,0.0,0.0,0.0,0.0,0.0,0.0,0.0,0.0,1.148656,0.0,0.0,0.548509,0.0,0.0,0.0,0.535197,0.334757,0.0,0.390523,0.546635,0.0,1.250309,1.486944,0.0,0.0,0.0,0.0,0.0,0.910683,0.453457,0.238378,0.505851,0.08747,0.0,0.172326,0.226554,0.652688,0.757051,0.0,1.089219,0.0,0.53567,0.0,0.34895,0.304893,1.549417,0.792437,0.07938,0.0,0.0,0.003932,0.165708,0.866671,0.537152,0.295409,0.806392,1.182796,0.0,0.129005,0.756696
56,1.465181,0.0,0.0,0.345144,0.0,0.0,0.19531,0.239223,0.0,0.0,0.0,0.0,1.126679,0.057901,0.0,0.558836,0.0,0.0,0.048277,0.759035,0.349894,0.211611,0.16306,0.432763,0.0,1.002623,1.241843,0.0,0.0,0.0,0.0,0.080767,1.035112,0.407009,0.456166,0.385767,0.0,0.0,0.190346,0.288922,0.804604,0.64502,0.031698,0.694134,0.0,0.741144,0.0,0.317389,0.456137,1.458777,0.616795,0.132758,0.105116,0.0,0.0,0.084426,0.79978,0.574721,0.284703,0.979656,1.066621,0.0,0.104377,0.890192
57,1.59181,0.0,0.0,0.407314,0.0,0.236908,0.5127,0.495659,0.0,0.078867,0.0,0.0,0.938872,0.21581,0.009188,0.407491,0.0,0.0,0.18412,1.121043,0.580741,0.570063,0.0,0.427288,0.0,0.703489,1.203164,0.0,0.047307,0.0,0.0,0.276793,1.204961,0.0,0.315961,0.522877,0.0,0.0,0.231335,0.268017,0.778237,0.350773,0.0,0.079584,0.0,0.893246,0.061122,0.0,0.57101,1.164685,0.403755,0.225206,0.49451,0.0,0.289665,0.0,0.837642,0.339537,0.048482,1.014374,1.048386,0.0,0.220629,0.861093
58,1.709679,0.0,0.0,0.450437,0.0,0.520854,0.916673,0.678272,0.0,0.26035,0.0,0.0,0.904333,0.338199,0.262243,0.259856,0.0,0.0,0.077287,1.227255,0.687948,0.876993,0.0,0.533763,0.0,0.50511,1.171926,0.0,0.045201,0.0,0.0,0.381079,1.349351,0.0,0.315572,0.681129,0.0,0.0,0.407905,0.392519,0.895541,0.148405,0.055039,0.0,0.0,1.047681,0.081831,0.0,0.785533,1.09135,0.196127,0.534986,0.623661,0.0,0.35361,0.0,1.06504,0.337452,0.0,1.23234,0.942393,0.0,0.299832,1.169229
59,1.786752,0.0,0.0,0.529954,0.0,0.433329,0.911574,0.680212,0.0,0.359966,0.0,0.0,0.82766,0.251747,0.283503,0.241517,0.0,0.0,0.096695,1.337959,0.91705,0.921713,0.0,0.601613,0.0,0.417971,1.186749,0.0,0.198326,0.0,0.0,0.399531,1.684536,0.0,0.295199,0.756293,0.0,0.0,0.352073,0.324367,0.921297,0.327639,0.142909,0.0,0.08656,1.254581,0.321936,0.0,0.751044,0.933918,0.058514,0.782138,0.644114,0.0,0.514517,0.0,1.112166,0.3462,0.0,1.427356,1.119906,0.005564,0.342056,1.30314
60,1.549073,0.0,0.0,0.382018,0.0,0.369668,0.855076,0.806154,0.0,0.210308,0.0,0.0,0.909403,0.162407,0.335922,0.223442,0.0,0.0,0.093862,1.272999,0.947445,0.85301,0.0,0.399342,0.065849,0.50681,0.858023,0.0,0.238964,0.0,0.0,0.476341,1.598405,0.0,0.570485,0.582519,0.0,0.0,0.418276,0.412955,0.920754,0.223904,0.284412,0.0,0.128963,1.205387,0.492861,0.0,0.701661,0.879169,0.025449,0.653642,0.860613,0.0,0.578229,0.0,0.968396,0.245205,0.0,1.273198,0.953135,0.0,0.225714,1.240139
61,1.447287,0.0,0.0,0.365525,0.0,0.484732,0.894617,0.767695,0.0,0.148876,0.0,0.0,0.880047,0.152596,0.184653,0.325752,0.0,0.0,0.0,1.177395,0.713232,0.82876,0.0,0.440668,0.0,0.342988,0.816993,0.0,0.185619,0.0,0.0,0.381877,1.270421,0.257962,0.757385,0.474901,0.0,0.0,0.486447,0.659461,0.880193,0.162767,0.286755,0.0,0.0,1.165055,0.333713,0.028326,0.767197,0.997428,0.077085,0.770002,0.788442,0.197561,0.287036,0.0,1.033313,0.360534,0.0,1.163796,0.752881,0.0,0.260031,1.369969
62,1.23657,0.0,0.0,0.249796,0.0,0.314032,0.619202,0.671525,0.0,0.0,0.0,0.0,0.911306,0.249008,0.322018,0.294416,0.0,0.0,0.0,0.898182,0.667711,0.60338,0.0,0.40276,0.014718,0.780281,0.833477,0.0,0.136627,0.0,0.0,0.227511,1.14392,0.223395,0.573796,0.325545,0.0,0.0,0.466044,0.470142,0.806115,0.206577,0.356811,0.022511,0.0,0.893019,0.320406,0.043086,0.521689,0.936103,0.268639,0.442366,0.551314,0.0,0.065123,0.021514,0.893665,0.366568,0.106844,1.008558,0.849239,0.0,0.210489,1.109632
63,1.160231,0.0,0.0,0.068283,0.0,0.262346,0.287238,0.395739,0.0,0.072694,0.0,0.0,0.856079,0.28896,0.390173,0.260657,0.0,0.0,0.184764,0.703714,0.454674,0.444055,0.0,0.276008,0.016385,0.99133,1.039247,0.0,0.0,0.0,0.0,0.0,0.727964,0.281074,0.269653,0.3354,0.0,0.0,0.4139,0.379097,0.588608,0.199785,0.139177,0.418423,0.0,0.500228,0.245912,0.052955,0.316301,0.94208,0.442636,0.077841,0.33081,0.0,0.163909,0.127148,0.744835,0.347053,0.156576,0.647514,0.750356,0.096388,0.087451,0.632043
64,0.969908,0.0,0.0,0.047468,0.0,0.121019,0.0,0.142333,0.0,0.014955,0.0,0.0,0.832281,0.0,0.30936,0.351244,0.0,0.0,0.175671,0.460058,0.355488,0.169985,0.0,0.364738,0.0,1.149883,1.177987,0.0,0.0,0.0,0.012236,0.0,0.54308,0.403532,0.133138,0.340097,0.0,0.0,0.304365,0.238126,0.425814,0.319988,0.298132,0.766596,0.0,0.369005,0.409953,0.252937,0.163572,0.981372,0.468654,0.04632,0.197823,0.0,0.387809,0.187461,0.595697,0.221095,0.146934,0.246334,0.726886,0.167926,0.228634,0.344879
65,0.827641,0.0,0.0,0.199701,0.0,0.029599,0.0,0.028288,0.0,0.0,0.0,0.0,0.822512,0.0,0.227432,0.444462,0.0,0.193547,0.027365,0.277708,0.339853,0.02239,0.0,0.440463,0.0,1.125883,1.083357,0.0,0.0,0.0,0.082861,0.0,0.393271,0.710096,0.179204,0.285113,0.0,0.0,0.194665,0.169696,0.32649,0.575049,0.41464,0.985063,0.0,0.342922,0.534875,0.569146,0.096427,0.966679,0.511432,0.154995,0.276659,0.0,0.41933,0.221641,0.544097,0.342928,0.246568,0.0,0.665655,0.212646,0.268984,0.205596
66,0.911089,0.0,0.0,0.278452,0.0,0.0,0.0,0.0,0.0,0.100878,0.0,0.0,0.95157,0.0,0.14143,0.354628,0.0,0.24456,6.7e-05,0.165725,0.370765,0.0,0.070459,0.70105,0.0,1.127653,1.113544,0.0,0.0,0.0,0.053822,0.0,0.344774,0.780153,0.14556,0.267532,0.0,0.026677,0.265236,0.176839,0.309721,0.697374,0.467192,1.272234,0.0,0.217487,0.351953,0.617575,0.0,0.93726,0.507509,0.332932,0.024685,0.0,0.137418,0.49553,0.671191,0.54529,0.455348,0.067441,0.642244,0.393182,0.133336,0.143316
67,0.907373,0.0,0.063769,0.347264,0.0,0.0,0.0,0.0,0.0,0.06995,0.0,0.0,1.065146,0.0,0.211085,0.368033,0.0,0.249636,0.0,0.0,0.496173,0.0,0.211788,0.684768,0.0,1.124905,1.009808,0.0,0.0,0.0,0.02892,0.0,0.285073,1.028514,0.188612,0.247017,0.0,0.199304,0.136886,0.228087,0.484221,0.987512,0.666805,1.577114,0.0,0.301649,0.14574,0.833009,0.0,1.029637,0.650717,0.511223,0.0,0.0,0.0,0.681856,0.772725,0.783596,0.655586,0.251423,0.583183,0.458648,0.159822,0.303643
68,1.067819,0.0,0.0,0.140198,0.0,0.0,0.0,0.0,0.0,0.121587,0.0,0.0,1.127887,0.0,0.361496,0.455242,0.0,0.36342,0.0,0.0,0.65534,0.0,0.280434,0.735702,0.0,0.979596,0.984729,0.0,0.0,0.0,0.100556,0.0,0.219795,1.098837,0.241951,0.486194,0.0,0.094359,0.0,0.156175,0.454691,1.218497,0.940899,1.587757,0.0,0.267041,0.485612,0.977393,0.0,1.143312,0.648007,0.641518,0.155906,0.0,0.428743,0.665969,0.797791,0.793996,0.672999,0.00547,0.66493,0.566303,0.285075,0.274984
69,1.254571,0.0,0.0,0.071644,0.0,0.0,0.0,0.063959,0.0,0.130753,0.0,0.0,1.396978,0.0,0.448301,0.644232,0.0,0.426235,0.0,0.238297,0.462898,0.0,0.336223,0.921046,0.0,0.848136,1.04858,0.0,0.0,0.0,0.193054,0.0,0.446927,0.845308,0.136077,0.636097,0.0,0.0,0.0,0.420684,0.283893,1.175361,0.941032,1.655715,0.0,0.124758,0.879193,0.894545,0.0,1.349032,0.358769,0.890891,0.2965,0.0,0.745468,1.053931,0.973523,0.59026,0.57386,0.0,0.5128,0.747235,0.297839,0.062278
70,1.367729,0.0,0.0,0.222745,0.0,0.0,0.0,0.127843,0.0,0.200334,0.0,0.0,1.301285,0.0,0.337049,0.588581,0.0,0.356718,0.0,0.408866,0.471386,0.0,0.113904,0.957299,0.0,0.734034,1.138228,0.0,0.0,0.0,0.0,0.0,0.678248,0.66036,0.117699,0.547718,0.0,0.0,0.0,0.369642,0.406048,1.116923,0.993582,1.771343,0.0,0.284575,0.937726,0.874449,0.0,1.142751,0.277036,1.070838,0.379908,0.0,0.568058,1.076228,0.9257,0.633653,0.516538,0.0,0.546969,0.78513,0.077527,0.090318
71,1.317653,0.0,0.0,0.27665,0.0,0.0,0.0,0.17625,0.0,0.256824,0.0,0.0,1.116817,0.0,0.348658,0.544147,0.0,0.357426,0.0,0.371173,0.737602,0.0,0.053924,0.589285,0.0,1.026775,1.084754,0.0,0.0,0.0,0.0,0.0,0.567342,1.16479,0.455868,0.514329,0.0,0.0,0.0,0.382249,0.994537,1.507564,1.207364,1.907198,0.0,0.579424,0.773368,1.271016,0.0,1.307952,0.596746,0.977236,0.556219,0.0,0.452431,1.078245,0.438965,1.00091,0.747212,0.057966,0.495407,0.563156,0.017395,0.31397
72,1.240348,0.0,0.0,0.303302,0.0,0.0,0.0,0.425848,0.0,0.33291,0.0,0.002958,0.961906,0.0,0.164001,0.606422,0.0,0.423915,0.090294,0.457036,1.055072,0.0,0.0,0.438251,0.0,0.997333,1.048652,0.0,0.0,0.0,0.0,0.0,0.642388,1.470999,0.882393,0.671662,0.0,0.020716,0.0,0.449074,1.362319,1.852389,1.530807,1.945314,0.0,0.814167,0.873357,1.77533,0.0,1.49138,0.740212,1.078626,0.938687,0.0,0.494075,1.093962,0.0274,1.229387,0.904071,0.231105,0.516116,0.333609,0.0,0.693974
73,1.341894,0.0,0.0,0.382906,0.0,0.0,0.0,0.842238,0.0,0.345198,0.0,0.141852,0.985917,0.0,0.329862,0.590708,0.0,0.350554,0.0,0.818301,1.148863,0.0,0.0,0.349885,0.0,0.743555,0.906761,0.0,0.0,0.0,0.0,0.0,0.74557,1.150257,0.727695,0.787625,0.0,0.0,0.0,0.665912,1.303593,1.815044,1.626707,1.643923,0.0,0.774361,1.242938,1.587278,0.0,1.364235,0.515497,1.214992,1.526172,0.0,0.743221,0.910885,0.0,1.067885,0.581783,0.0,0.343064,0.241693,0.0,0.535737
74,1.644728,0.0,0.0,0.424218,0.0,0.0,0.0,0.982822,0.0,0.286736,0.0,0.0,1.082162,0.0,0.330149,0.514806,0.0,0.338074,0.0,0.69401,1.086107,0.0,0.0,0.662382,0.0,0.464769,0.987093,0.0,0.0,0.0,0.0,0.0,1.031003,0.940665,0.732345,0.865533,0.0,0.0,0.0,0.792124,1.158143,1.689661,1.686368,1.775228,0.0,0.803599,1.191041,1.318952,0.0,1.297137,0.484792,1.471444,1.323065,0.0,0.664011,1.109139,0.090642,1.007931,0.300013,0.0,0.433256,0.310256,0.0,0.637168
75,1.554489,0.0,0.0,0.313704,0.0,0.0,0.0,0.822728,0.0,0.394701,0.0,0.0,1.125562,0.0,0.291682,0.682024,0.0,0.370621,0.0,0.931066,1.045478,0.0,0.0,0.707948,0.0,0.346306,0.767132,0.0,0.0,0.0,0.0,0.0,0.977837,1.104077,0.679213,0.975365,0.0,0.0052,0.0,0.821978,1.051959,1.91664,1.66326,1.61276,0.0,0.676903,1.324152,1.499839,0.0,1.431251,0.107403,1.350149,1.333634,0.0,0.822454,1.126615,0.334139,1.013976,0.416433,0.0,0.196652,0.334709,0.0,0.405548
76,1.414196,0.0,0.0,0.275413,0.0,0.0,0.0,0.657438,0.0,0.369421,0.0,0.0,0.844573,0.0,0.269382,0.569469,0.0,0.23181,0.0,0.642417,1.280461,0.0,0.0,0.669619,0.0,0.621715,0.856096,0.0,0.0,0.0,0.0,0.0,0.904529,1.122959,0.631188,1.1779,0.0,0.0,0.0,0.494386,1.062314,1.851247,1.533792,1.78011,0.0,0.772482,0.908316,1.431121,0.0,1.369168,0.499728,0.988953,0.969881,0.0,0.949405,1.074828,0.417062,0.827899,0.521206,0.034056,0.290093,0.38261,0.0,0.352811
77,1.462276,0.0,0.0,0.4357,0.0,0.0,0.0,0.660783,0.0,0.426786,0.0,0.0,0.835132,0.0,0.154177,0.566465,0.0,0.055162,0.0,0.362185,1.428165,0.130876,0.057093,0.978208,0.0,0.471399,0.832997,0.0,0.0,0.0,0.0,0.0,0.971729,1.235333,0.627253,1.28338,0.0,0.088057,0.0,0.452486,0.951604,1.953192,1.649804,1.679446,0.0,0.821237,0.518994,1.407982,0.0,1.331074,0.529099,1.189874,0.642418,0.0,1.039955,1.040877,0.896385,0.991067,0.527215,0.266572,0.236254,0.310019,0.0,0.535466
78,1.422159,0.0,0.0,0.509859,0.0,0.0,0.0,0.681213,0.0,0.519715,0.0,0.0,0.491055,0.0,0.069419,0.52404,0.0,0.0,0.0,0.788203,1.197278,0.69836,0.0,1.249363,0.0,0.0,0.856631,0.0,0.0,0.0,0.045996,0.0,1.168828,0.41976,0.220927,1.298666,0.0,0.0,0.0,0.24831,0.303,1.331091,1.186835,1.312196,0.0,0.641909,0.600247,0.817564,0.0,0.810268,0.213388,1.051353,0.568114,0.0,1.256756,0.733603,1.214079,0.267456,0.039165,0.067991,0.192547,0.429434,0.0,0.0
79,1.407732,0.0,0.0,0.617137,0.0,0.0,0.344394,0.873478,0.0,0.351129,0.0,0.0,0.458846,0.0,0.0,0.561007,0.0,0.0,0.0,1.136147,1.206316,1.367597,0.0,1.420878,0.0,0.0,0.585514,0.0,0.0,0.0,0.070202,0.0,1.428064,0.0,0.0,1.508729,0.0,0.033267,0.0,0.058675,0.0,0.897691,0.799914,0.961631,0.0,0.517974,0.4465,0.423693,0.0,0.772132,0.0,0.920471,0.512176,0.0,1.32263,0.548276,1.55336,0.0,0.0,0.099931,0.014677,0.411612,0.0,0.0
80,1.209655,0.0,0.0,0.707369,0.0,0.0,0.719484,1.050923,0.0,0.328331,0.0,0.0,0.191296,0.0,0.0,0.532406,0.0,0.0,0.0,1.272853,1.408792,1.486818,0.0,1.437808,0.0,0.0,0.486037,0.0,0.0,0.0,0.179454,0.0,1.478037,0.0,0.0,1.825413,0.0,0.0,0.0,0.0,0.0,0.746178,0.805961,0.781968,0.0,0.472218,0.116744,0.177643,0.0,0.623723,0.193129,0.802816,0.395836,0.0,1.225597,0.17483,1.488069,0.0,0.0,0.119049,0.154642,0.551292,0.0,0.148903
81,1.013154,0.0,0.0,0.624751,0.0,0.353607,0.70932,0.839522,0.0,0.366164,0.0,0.0,0.255656,0.0,0.042182,0.397452,0.0,0.0,0.0,1.04043,1.177634,1.716495,0.0,1.257117,0.0,0.0,0.461219,0.0,0.0,0.0,0.278556,0.0,1.260919,0.0,0.0,1.660403,0.0,0.0,0.0,0.0,0.0,0.418233,0.403344,0.604618,0.0,0.382388,0.0,0.0,0.007991,0.703688,0.316379,0.352985,0.171357,0.0,1.22161,0.26483,1.484948,0.0,0.0,0.176009,0.0,0.436695,0.0,0.0
82,1.004225,0.0,0.0,0.743347,0.0,0.300507,0.675844,0.895177,0.0,0.328253,0.0,0.0,0.148347,0.0,0.0,0.224941,0.0,0.0,0.0,1.033463,1.242257,1.641529,0.0,1.222715,0.0,0.0,0.457442,0.0,0.0,0.0,0.364737,0.0,1.150569,0.0,0.0,1.64458,0.0,0.0,0.034115,0.0,0.0,0.42623,0.42548,0.558376,0.0,0.482819,0.0,0.0,0.13437,0.606781,0.453064,0.373867,0.210656,0.0,1.06959,0.014091,1.144515,0.0,0.0,0.282404,0.007054,0.206254,0.0,0.020837
83,0.755481,0.0,0.0,0.561565,0.0,0.030661,0.276061,0.72741,0.0,0.169136,0.0,0.0,0.151142,0.0,0.0,0.265635,0.0,0.0,0.0,0.914763,1.292501,1.433207,0.0,0.815657,0.0,0.185387,0.292231,0.0,0.045823,0.0,0.306219,0.259996,0.980816,0.185564,0.026494,1.444833,0.0,0.002025,0.018302,0.0,0.0,0.508635,0.283346,0.629951,0.0,0.518405,0.0,0.27558,0.206728,0.583861,0.584597,0.056253,0.434316,0.0,1.071173,0.0,0.732022,0.0,0.0,0.144529,0.001712,0.056894,0.0,0.0
84,0.860835,0.0,0.0,0.543301,0.0,0.18205,0.19361,0.491298,0.0,0.464685,0.0,0.0,0.045374,0.0,0.0,0.088417,0.0,0.0,0.0,0.74269,1.167775,1.307701,0.0,0.922736,0.0,0.183888,0.619083,0.0,0.0,0.0,0.293697,0.031889,1.030903,0.0,0.0,1.288413,0.0,0.0,0.042704,0.0,0.0,0.499909,0.239535,0.566702,0.0,0.53771,0.0,0.0,0.15148,0.450577,0.521166,0.147873,0.0,0.0,0.901161,0.073079,0.77984,0.0,0.0,0.380842,0.12248,0.17702,0.0,0.0
85,0.811065,0.0,0.0,0.558266,0.0,0.217659,0.67504,0.438419,0.0,0.27547,0.0,0.0,0.190758,0.0,0.147097,0.351105,0.0,0.0,0.0,0.982606,1.012994,1.593085,0.0,0.931645,0.0,0.0,0.225906,0.0,0.0,0.0,0.212042,0.0,1.101052,0.0,0.0,1.164292,0.0,0.155328,0.031457,0.0,0.0,0.369828,0.296766,0.2767,0.0,0.294078,0.0,0.0,0.101039,0.537191,0.061807,0.295657,0.13378,0.0,0.778105,0.155171,1.125389,0.0,0.0,0.123531,0.037188,0.248282,0.043507,0.0
86,0.798132,0.0,0.0,0.589279,0.0,0.092626,0.502301,0.654749,0.0,0.352346,0.0,0.0,0.037214,0.0,0.0,0.33437,0.0,0.0,0.044619,0.91761,1.133915,1.445457,0.0,0.976448,0.0,0.0,0.350795,0.0,0.0,0.0,0.155758,0.0,1.13953,0.0,0.0,1.320055,0.0,0.0,0.0,0.0,0.0,0.476324,0.300858,0.459501,0.0,0.35295,0.0,0.080841,0.011714,0.504428,0.298749,0.277186,0.239888,0.0,0.898364,0.126291,0.865872,0.0,0.0,0.1628,0.075667,0.205153,0.0,0.0
87,0.697153,0.0,0.0,0.637433,0.0,0.0,0.302141,0.776999,0.0,0.336683,0.0,0.0,0.0,0.0,0.0,0.342351,0.0,0.0,0.045086,0.767756,1.243581,1.344988,0.0,0.889156,0.0,0.0,0.365405,0.0,0.0,0.0,0.154218,0.007012,1.049626,0.0,0.051928,1.291351,0.0,0.0,0.0,0.0,0.023501,0.549036,0.485492,0.547778,0.0,0.439335,0.0,0.375704,0.0,0.305271,0.395828,0.328927,0.420926,0.001265,0.934769,0.087563,0.657321,0.0,0.0,0.164211,0.0,0.134798,0.0,0.0
88,0.705317,0.0,0.0,0.573023,0.017482,0.0,0.136573,0.697205,0.0,0.620864,0.0,0.0,0.0,0.0,0.02736,0.469776,0.0,0.0,0.291397,0.729668,1.242494,1.145156,0.0,0.901998,0.0,0.0,0.344221,0.0,0.0,0.0,0.054215,0.0,1.108966,0.0,0.068312,1.147762,0.0,0.0,0.0,0.0,0.00183,0.722625,0.602866,0.611139,0.0,0.345225,0.003539,0.50305,0.0,0.299342,0.378632,0.370212,0.378932,0.0,0.942258,0.201918,0.760907,0.121733,0.141481,0.026627,0.046525,0.234099,0.0,0.0
89,0.821402,0.0,0.0,0.614984,0.0,0.071949,0.057193,0.610003,0.0,0.690552,0.0,0.0,0.0,0.0,0.14516,0.381475,0.0,0.0,0.308285,0.475059,1.042175,1.087322,0.0,0.906174,0.0,0.0,0.540452,0.0,0.0,0.0,0.190198,0.0,0.948871,0.0,0.167405,1.008354,0.0,0.0,0.0,0.0,0.231719,0.764808,0.765285,0.723943,0.0,0.440185,0.0,0.421561,0.0,0.310372,0.322297,0.712272,0.306745,0.0,0.931217,0.473628,0.899104,0.499884,0.100288,0.101668,0.0,0.17699,0.0,0.0
90,0.905162,0.0,0.0,0.442968,0.130135,0.0,0.0,0.328746,0.0,0.867754,0.0,0.0,0.0,0.0,0.178211,0.409219,0.0,0.0,0.464266,0.650383,0.992269,0.933564,0.0,0.951651,0.0,0.0,0.533253,0.0,0.0,0.0,0.037746,0.0,1.038938,0.045439,0.271433,0.838245,0.0,0.10448,0.0,0.0,0.213224,0.902148,0.67469,0.809243,0.0,0.29754,0.297973,0.598465,0.0,0.404058,0.12415,0.710988,0.346605,0.0,0.917109,0.688356,0.721538,0.500389,0.343991,0.0,0.0,0.379735,0.0,0.0
91,0.641895,0.0,0.0,0.419937,0.011184,0.0,0.0,0.648935,0.0,0.714631,0.0,0.0,0.0,0.0,0.0,0.523964,0.0,0.233545,0.462162,0.675543,1.265788,0.59445,0.0,0.68974,0.0,0.0,0.62301,0.0,0.0,0.0,0.0,0.0,0.893598,0.392625,0.565648,0.951794,0.0,0.0,0.0,0.0,0.562034,1.022192,1.04989,1.01104,0.0,0.463462,0.431934,1.065328,0.0,0.339226,0.536235,0.546359,0.794693,0.0,0.909282,0.569203,0.164838,0.644335,0.477465,0.0,0.048825,0.286003,0.0,0.0
92,0.681603,0.0,0.0,0.297996,0.140342,0.0,0.0,0.625148,0.0,0.874044,0.0,0.0,0.023682,0.0,0.208509,0.570917,0.0,0.386502,0.57759,0.689475,1.175876,0.555741,0.0,0.796046,0.0,0.067831,0.59696,0.0,0.0,0.0,0.0,0.0,0.893945,0.540051,0.602338,0.926278,0.0,0.0,0.0,0.0,0.481114,1.144559,0.962198,1.169461,0.0,0.310423,0.651269,1.149848,0.0,0.53373,0.576939,0.528525,0.738039,0.0,1.004327,0.77375,0.154266,0.66752,0.544588,0.0,0.085905,0.379482,0.0,0.0
93,0.600851,0.0,0.0,0.262431,0.0,0.0,0.0,0.713074,0.0,0.849729,0.0,0.0,0.043649,0.0,0.273508,0.418897,0.0,0.407518,0.644629,0.522395,1.319206,0.391053,0.0,0.464183,0.0,0.230899,0.431256,0.0,0.0,0.0,0.0,0.0,0.551659,0.727662,0.899629,0.851005,0.0,0.0,0.0,0.048295,0.667118,1.21885,1.099473,1.077016,0.0,0.365178,0.610302,1.38885,0.0,0.56963,0.699984,0.493657,1.12239,0.0,1.057606,0.626681,0.0,0.885964,0.664779,0.0,0.055111,0.289151,0.0,0.0
94,0.605135,0.0,0.0,0.099494,0.08099,0.0,0.0,0.75614,0.0,0.552077,0.0,0.035185,0.197674,0.0,0.680699,0.434328,0.0,0.400107,0.567962,0.318467,1.002886,0.634261,0.0,0.465767,0.0,0.0,0.045793,0.0,0.0,0.0,0.0,0.0,0.477133,0.579833,0.851349,0.577515,0.0,0.087809,0.0,0.207172,0.646687,0.89545,1.227406,0.813482,0.0,0.20894,0.726137,1.06897,0.0,0.321324,0.183711,0.769051,1.110914,0.0,0.723846,0.719628,0.213049,0.733913,0.438003,0.0,0.053269,0.44409,0.065068,0.0
95,0.485185,0.0,0.0,0.0,0.014317,0.0,0.0,0.713731,0.0,0.622042,0.0,0.076182,0.243688,0.0,0.654692,0.456556,0.0,0.432793,0.544262,0.266099,0.991264,0.704107,0.0,0.338262,0.0,0.053295,0.0,0.0,0.0,0.0,0.0,0.0,0.278947,0.743603,0.998204,0.63397,0.0,0.086114,0.01746,0.309285,0.69126,0.927605,1.079625,0.646976,0.060184,0.149186,0.828402,1.091159,0.0,0.294993,0.029362,0.693125,1.196002,0.182353,0.811634,0.801865,0.265867,0.732527,0.523978,0.020633,0.0,0.441901,0.001754,0.0
96,0.318984,0.0,0.0,0.0,0.312072,0.0,0.0,0.611116,0.0,0.722088,0.0,0.228713,0.168526,0.0,0.539267,0.565654,0.0,0.338769,0.801775,0.333915,0.856884,0.813392,0.0,0.404986,0.0,0.192234,0.142764,0.0,0.0,0.0,0.0,0.0,0.47105,0.563852,0.716706,0.761626,0.0,0.0,0.0,0.121475,0.463419,0.745655,0.691185,0.701576,0.181111,0.009805,1.046126,0.96177,0.0,0.181231,0.047799,0.528419,0.9861,0.101245,0.978021,0.956688,0.404771,0.327806,0.507384,0.266083,0.0,0.449923,0.140329,0.0
97,0.221299,0.0,0.0,0.0,0.07146,0.0,0.0,0.525443,0.0,0.886601,0.0,0.089538,0.0,0.0,0.272838,0.603477,0.0,0.305376,0.819652,0.205439,0.819245,0.698665,0.0,0.386876,0.0,0.0,0.042307,0.0,0.0,0.0,0.0,0.0,0.146905,0.71406,1.180421,0.662562,0.0,0.006501,0.204046,0.116903,0.657182,0.792739,0.792177,0.428274,0.130066,0.162363,1.024903,1.01117,0.0,0.0,0.0,0.593474,1.102867,0.422981,0.930594,0.621643,0.521453,0.641591,0.638478,0.323195,0.0,0.368595,0.0,0.061931
98,0.148967,0.0,0.0,0.0,0.172182,0.0,0.0,0.466372,0.0,0.739415,0.0,0.112879,0.0,0.0,0.439518,0.610562,0.0,0.36608,1.033114,0.097206,0.682087,0.87993,0.0,0.206181,0.0,0.015841,0.0,0.0,0.0,0.0,0.0,0.0,0.155655,0.650844,1.148042,0.650832,0.0,0.013145,0.186998,0.193998,0.566598,0.553781,0.655012,0.450035,0.120832,0.096767,0.989316,0.812002,0.0,0.0,0.0,0.50205,1.007053,0.468968,0.877452,0.555389,0.58617,0.483766,0.710949,0.439026,0.0,0.323301,0.042091,0.048075
99,0.102742,0.0,0.0,0.0,0.255633,0.0,0.213534,0.584184,0.0,0.611853,0.0,0.09964,0.102606,0.0,0.564229,0.770467,0.0,0.411536,1.038228,0.067708,0.463421,1.13938,0.0,0.150615,0.0,0.059208,0.0,0.0,0.0,0.0,0.0,0.0,0.310468,0.58019,1.059399,0.72124,0.0,0.0,0.201335,0.352439,0.304469,0.424517,0.449968,0.52262,0.060688,0.0,0.960302,0.713014,0.0,0.0,0.0,0.423081,0.895134,0.650537,0.992848,0.595353,0.77639,0.277543,0.672985,0.497466,0.0,0.347897,0.310499,0.009098
100,0.312413,0.0,0.039442,0.018352,0.034558,0.0,0.323286,0.468425,0.0,0.766019,0.0,0.0,0.096353,0.0,0.528778,0.572453,0.0,0.361416,0.900682,0.0,0.549429,1.141206,0.0,0.437584,0.0,0.006159,0.0,0.0,0.0,0.0,0.0,0.0,0.172072,0.624488,1.212313,0.673843,0.0,0.0,0.484935,0.342581,0.398385,0.511847,0.337817,0.2861,0.0,0.058682,0.872324,0.607027,0.028287,0.077242,0.0,0.549116,0.752662,0.725887,1.085877,0.55719,1.010085,0.41275,0.644486,0.473608,0.0,0.219696,0.353513,0.011647
101,0.14062,0.0,0.002059,0.188728,0.086326,0.0,0.311948,0.484298,0.0,0.651569,0.047456,0.048458,0.0,0.0,0.475665,0.566084,0.0,0.394033,0.989232,0.165886,0.391548,1.234369,0.0,0.163076,0.0,0.089624,0.0,0.0,0.0,0.0,0.0,0.0,0.31359,0.474811,1.122665,0.617473,0.0,0.0,0.401133,0.310236,0.404018,0.336266,0.05491,0.309952,0.052523,0.161258,0.68079,0.452893,0.047089,0.0,0.0,0.165954,0.787752,0.541733,0.94746,0.396914,0.750007,0.344406,0.650975,0.680595,0.0,0.340467,0.187007,0.0
102,0.076439,0.0,0.0,0.310362,0.136257,0.190554,0.172808,0.226581,0.0,0.856559,0.023142,0.0,0.0,0.0,0.396475,0.593497,0.0,0.347909,1.246494,0.133173,0.359077,1.176673,0.0,0.163685,0.0,0.278254,0.080228,0.0,0.0,0.0,0.0,0.0,0.430206,0.392532,1.213724,0.362244,0.0,0.055894,0.375224,0.19299,0.53881,0.277406,0.111211,0.293436,0.0,0.231629,0.750128,0.220473,0.093321,0.0,0.014693,0.16747,0.665248,0.497595,0.880301,0.181234,0.851691,0.51103,0.719817,0.613541,0.0,0.387397,0.302184,0.10337
103,0.0,0.0,0.0,0.200746,0.148309,0.009539,0.356462,0.524661,0.0,0.741708,0.068675,0.147575,0.0,0.0,0.484357,0.717334,0.0,0.456516,1.105604,0.381983,0.420105,1.289547,0.0,0.0,0.0,0.415854,0.0,0.0,0.0,0.0,0.0,0.0,0.622545,0.46413,1.06421,0.611312,0.0,0.0,0.33069,0.312949,0.441436,0.368658,0.0,0.340771,0.068352,0.141753,0.663012,0.192764,0.028851,0.162495,0.291029,0.0,0.690205,0.427287,1.067412,0.190022,0.810586,0.189022,0.536492,0.565757,0.024598,0.308547,0.499286,0.205228
104,0.123651,0.0,0.145676,0.123296,0.0,0.051652,0.609407,0.795483,0.0,0.388036,0.0,0.0,0.11744,0.0,0.412829,0.440715,0.0,0.451928,0.660758,0.3623,0.513456,1.250139,0.0,0.076702,0.0,0.381158,0.0,0.0,0.321714,0.0,0.0,0.0,0.49352,0.58724,1.231056,0.569149,0.0,0.0,0.679643,0.509326,0.471037,0.386112,0.258431,0.177533,0.028623,0.198258,0.626537,0.320433,0.149373,0.241207,0.213341,0.083658,0.935605,0.530952,0.78935,0.0,0.625266,0.092411,0.328276,0.620951,0.013892,0.0,0.440534,0.362214
105,0.256398,0.0,0.105755,0.105116,0.0,0.112924,0.653592,0.576474,0.0,0.381517,0.0,0.0,0.170034,0.0,0.458724,0.257012,0.0,0.42598,0.563452,0.474715,0.538016,1.331647,0.0,0.0,0.010667,0.393569,0.0,0.0,0.3877,0.0,0.0,0.147579,0.502908,0.500843,1.251154,0.466685,0.0,0.0,0.722448,0.575673,0.62465,0.364998,0.0,0.061939,0.052486,0.399911,0.593215,0.067199,0.267728,0.281442,0.146356,0.066129,0.838538,0.400962,0.732735,0.0,0.633283,0.163101,0.262645,0.632834,0.0,0.0,0.073512,0.44
106,0.294632,0.0,0.122944,0.0,0.0,0.086219,0.907029,0.963999,0.0,0.134308,0.0,0.0,0.4664,0.0,0.437952,0.126988,0.0,0.347538,0.35925,0.490683,0.772459,1.296231,0.0,0.0,0.075511,0.633305,0.0,0.0,0.645348,0.0,0.0,0.300894,0.569075,0.534942,1.196596,0.620872,0.0,0.0,0.918845,0.678186,0.4708,0.381215,0.161997,0.0,0.204324,0.352262,0.588394,0.162249,0.252588,0.418709,0.266273,0.078742,1.022493,0.493166,0.81737,0.0,0.571256,0.0,0.090549,0.654464,0.090462,0.0,0.078264,0.731853
107,0.517947,0.0,0.18175,0.0,0.0,0.174827,0.990396,0.896156,0.0,0.181441,0.0,0.0,0.473625,0.0,0.509268,0.0,0.0,0.165982,0.257091,0.653537,0.726404,1.25013,0.0,0.089118,0.0,0.590125,0.209332,0.0,0.63196,0.0,0.0111,0.246162,0.397487,0.533314,0.837348,0.652381,0.0,0.0,0.977586,0.663358,0.456417,0.480348,0.0,0.0,0.295734,0.347652,0.435944,0.0,0.184089,0.38485,0.269731,0.077762,0.773828,0.34547,0.512567,0.0,0.618833,0.0374,0.0,0.967406,0.395407,0.136898,0.151843,0.792563
108,0.627207,0.0,0.205585,0.0,0.0,0.270049,1.101195,0.861948,0.0,0.20833,0.0,0.0,0.592916,0.0,0.675693,0.058954,0.0,0.121759,0.374023,0.700404,0.665003,1.345633,0.0,0.033761,0.0,0.597346,0.303546,0.0,0.551327,0.0,0.0,0.162054,0.443037,0.535919,0.80657,0.736131,0.0,0.0,1.024798,0.749508,0.316682,0.411956,0.0,0.0,0.239442,0.315679,0.536291,0.0,0.31443,0.320133,0.111178,0.178363,0.68461,0.463563,0.582122,0.048987,0.941602,0.036679,0.051647,1.022808,0.427602,0.314405,0.184262,0.817259
109,0.62189,0.0,0.337867,0.0,0.0,0.309416,1.144968,1.002296,0.0,0.11706,0.0,0.0,0.682526,0.0,0.72434,0.202863,0.0,0.183488,0.190338,0.629365,0.568977,1.347028,0.0,0.110942,0.0,0.517217,0.133368,0.0,0.491582,0.0,0.0,0.028747,0.128274,0.91503,0.88955,0.9037,0.0,0.0,1.064616,0.937216,0.295729,0.401612,0.082204,0.0,0.158,0.242958,0.532051,0.034735,0.333583,0.324088,0.024135,0.379064,0.751969,0.66665,0.436624,0.13086,1.122578,0.0,0.071391,1.04616,0.310467,0.21279,0.326826,0.911391
110,0.637524,0.0,0.307657,0.0,0.0,0.25365,1.119904,1.018076,0.0,0.061598,0.0,0.0,0.847819,0.0,0.88582,0.3086,0.0,0.269931,0.474076,0.371716,0.509246,1.426099,0.0,0.122139,0.0,0.64698,0.0,0.0,0.272064,0.0,0.0,0.0,0.244314,1.052944,1.08737,1.102478,0.0,0.0,0.975639,1.05187,0.127682,0.348509,0.375867,0.094767,0.109076,0.090759,0.827994,0.055225,0.443915,0.19555,0.0,0.640416,0.804674,0.850051,0.723137,0.140281,1.514702,0.0,0.17991,0.867071,0.139654,0.201513,0.270396,0.902376
111,0.63231,0.0,0.227646,0.0,0.0,0.113488,1.00875,0.936491,0.0,0.25179,0.031429,0.0,0.705546,0.0,0.863226,0.32983,0.0,0.294799,0.757999,0.225328,0.583858,1.425561,0.0,0.0,0.0,0.741515,0.094154,0.0,0.250812,0.0,0.0,0.0,0.380682,0.935248,1.143939,1.336794,0.0,0.0,0.938126,0.94802,0.0,0.271709,0.405776,0.187577,0.297827,0.0,0.974278,0.12829,0.413633,0.141022,0.0,0.545177,0.805062,0.821709,1.154755,0.225024,1.645209,0.0,0.049115,0.879221,0.250367,0.381416,0.072527,0.807039
112,0.83918,0.0,0.393886,0.0,0.0,0.003293,1.117011,1.040917,0.0,0.209531,0.0,0.0,0.897604,0.0,0.714977,0.277269,0.0,0.292043,0.294842,0.333877,0.707689,1.494159,0.055134,0.342815,0.0,0.463749,0.0,0.0,0.146224,0.0,0.0,0.0,0.188971,1.288688,1.106566,1.420814,0.0,0.0,0.929604,1.091498,0.007579,0.683797,0.446409,0.192443,0.172412,0.034226,0.908492,0.269609,0.323075,0.350662,0.0,0.723519,0.820461,0.882233,0.867571,0.319823,1.628919,0.0,0.0,0.99996,0.148238,0.24774,0.112308,0.914673
113,0.996352,0.0,0.422324,0.0,0.0,0.0,1.222355,1.152262,0.0,0.138197,0.0,0.0,1.051993,0.0,0.718358,0.354825,0.0,0.300681,0.159648,0.506644,0.911578,1.708122,0.139867,0.566764,0.0,0.299614,0.0,0.0,0.10294,0.0,0.0,0.0,0.224809,1.387097,1.112108,1.556443,0.0,0.0,0.906976,1.301112,0.016754,0.817449,0.579777,0.11653,0.148299,0.0,1.045901,0.272834,0.464114,0.615905,0.0,0.860156,1.017403,0.962823,0.779494,0.481996,1.633675,0.0,0.0,0.997411,0.069479,0.18739,0.19133,0.929151
114,1.036652,0.0,0.476261,0.0,0.0,0.0,1.333187,1.311567,0.0,0.035546,0.0,0.0,1.063552,0.0,0.462753,0.319502,0.0,0.211947,0.0,0.846228,1.094567,1.799871,0.0,0.595333,0.0,0.171789,0.0,0.0,0.392814,0.0,0.0,0.030083,0.496,1.159982,0.997616,1.569031,0.0,0.0,0.864915,1.303319,0.070698,0.838871,0.377408,0.090465,0.337593,0.152336,0.995927,0.312721,0.323225,0.799058,0.0,0.687461,1.158544,0.683068,0.793234,0.494982,1.373002,0.0,0.0,1.091928,0.197901,0.250544,0.0,1.032574
115,1.022348,0.0,0.394944,0.0,0.0,0.0,1.301085,1.587659,0.0,0.098953,0.0,0.0,0.894192,0.0,0.37136,0.233421,0.0,0.150249,0.0,0.951291,1.428067,1.652803,0.0,0.598401,0.0,0.0,0.0,0.0,0.811548,0.0,0.0,0.208314,0.552002,1.068203,1.098502,1.70873,0.0,0.0,0.813422,1.23305,0.195997,0.978611,0.663659,0.036391,0.655757,0.273242,0.934686,0.483515,0.192486,0.907476,0.037813,0.759042,1.43877,0.499593,0.9364,0.351892,1.151599,0.0,0.0,0.983722,0.310287,0.142269,0.0,1.081425
116,1.185863,0.0,0.319729,0.0,0.0,0.0,1.376814,1.73888,0.0,0.101496,0.0,0.0,1.026332,0.0,0.517181,0.176885,0.0,0.16085,0.0,0.993933,1.539373,1.712784,0.0,0.730413,0.0,0.0,0.0,0.0,0.855998,0.0,0.0,0.248947,0.586525,1.188083,1.183872,1.659432,0.0,0.0,0.748898,1.425286,0.282889,1.071243,0.973343,0.0,0.585809,0.274287,1.02932,0.436419,0.300555,1.021072,0.0,1.062062,1.624176,0.510153,0.836444,0.304184,1.154336,0.0,0.0,0.753388,0.20548,0.0,0.0,1.124459
117,1.158968,0.0,0.181685,0.0,0.0,0.0,1.525223,1.750683,0.0,0.061315,0.0,0.0,1.104673,0.0,0.496668,0.087283,0.0,0.135454,0.0,1.18427,1.565115,1.813375,0.0,0.65369,0.0,0.016074,0.0,0.0,0.99711,0.0,0.0,0.367073,0.820959,0.980457,1.060539,1.777833,0.0,0.0,0.853578,1.384064,0.242721,0.980019,0.830019,0.0,0.613013,0.253008,1.174569,0.373247,0.295894,1.291775,0.064665,0.784465,1.738483,0.352236,1.012891,0.360732,0.900034,0.0,0.0,0.742245,0.279273,0.133043,0.0,1.075022
118,1.039129,0.0,0.0,0.0,0.0,0.0,1.584234,2.020966,0.0,0.0,0.0,0.0,1.146482,0.0,0.633581,0.0,0.0,0.223404,0.0,1.028636,1.655821,1.558814,0.0,0.571008,0.0,0.06794,0.0,0.0,1.17046,0.0,0.0,0.441621,0.807021,1.034582,1.24984,1.743073,0.0,0.0,0.781579,1.503579,0.455758,0.938499,1.173213,0.072493,0.642272,0.16125,1.250827,0.409127,0.232209,1.40642,0.28633,0.959271,1.980347,0.159812,0.845705,0.336361,0.506878,0.0,0.0,0.60924,0.549411,0.106587,0.0,1.219868
119,1.033174,0.0,0.0,0.0,0.0,0.0,1.435818,1.73861,0.0,0.0,0.0,0.0,1.548954,0.0,0.660108,0.0,0.0,0.208479,0.0,0.909845,1.539374,1.487442,0.0,0.537002,0.0,0.395551,0.0,0.0,0.948027,0.0,0.0,0.425331,0.629767,1.252501,1.271996,1.581559,0.0,0.0,0.69175,1.594189,0.601387,1.102512,1.257157,0.314859,0.358111,0.153425,1.239257,0.452728,0.341168,1.735209,0.193091,0.992744,1.822378,0.020711,0.668301,0.470373,0.296535,0.0,0.0,0.609723,0.473332,0.021187,0.028655,1.128166
120,1.000715,0.0,0.0,0.0,0.0,0.0,1.393686,1.796198,0.0,0.0,0.0,0.0,1.51583,0.0,0.496407,0.0,0.0,0.306347,0.0,0.929808,1.500728,1.228586,0.0,0.52917,0.0,0.378781,0.0,0.0,1.087689,0.0,0.0,0.394384,0.661584,1.121102,1.240742,1.679384,0.0,0.0,0.536267,1.632603,0.556238,1.108819,1.22867,0.677692,0.390406,0.080847,1.308518,0.516082,0.251249,1.911548,0.56966,1.084288,1.860495,0.0,0.693722,0.471021,0.0,0.0,0.0,0.472524,0.825878,0.116404,0.204751,1.114141
121,1.074255,0.0,0.0,0.0,0.0,0.0,0.985721,1.625956,0.0,0.0,0.0,0.0,1.77475,0.0,0.486873,0.0,0.0,0.355515,0.0,0.470198,1.623877,0.94608,0.0,0.633904,0.0,0.490691,0.0,0.0,0.70639,0.0,0.0,0.284966,0.600317,1.580685,1.434165,1.682841,0.0,0.0,0.465473,1.522858,0.545246,1.480972,1.70418,1.118548,0.011711,0.0,1.174636,0.947194,0.353955,2.099463,0.704771,1.235358,1.767578,0.0,0.580034,0.631288,0.0,0.0,0.0,0.38572,0.883015,0.0,0.295048,0.943202
122,1.272576,0.0,0.0,0.0,0.0,0.0,0.435775,1.018172,0.0,0.135705,0.0,0.0,1.917894,0.0,0.417327,0.0,0.0,0.373597,0.0,0.329677,1.57304,0.781463,0.121808,0.896504,0.0,0.699484,0.0,0.0,0.173306,0.0,0.0,0.0,0.456145,1.955882,1.24375,1.767215,0.0,0.0,0.32445,1.410583,0.331133,1.777297,1.502592,1.467762,0.0,0.0,1.081156,1.220646,0.344316,2.313467,0.551362,1.185944,1.332609,0.0,0.832614,0.945978,0.065354,0.054332,0.0,0.434992,0.718915,0.020178,0.211727,0.667419
123,1.345347,0.0,0.0,0.0,0.0,0.0,0.490063,0.996922,0.0,0.156334,0.0,0.0,1.950702,0.0,0.439224,0.233071,0.0,0.506162,0.0,0.609677,1.403711,0.89519,0.077287,1.138843,0.0,0.283295,0.0,0.0,0.0,0.0,0.181506,0.0,0.568847,1.607423,1.092656,1.729214,0.0,0.075542,0.112493,1.354235,0.157278,1.789882,1.614673,1.703341,0.0,0.0,1.458399,1.130378,0.302874,2.150316,0.270563,1.534714,1.290046,0.0,0.883881,1.107253,0.515448,0.073252,0.0,0.048927,0.739839,0.493896,0.338628,0.485549
124,1.181909,0.0,0.0,0.0,0.0,0.0,0.106749,1.007924,0.0,0.218207,0.0,0.0,1.983163,0.0,0.620339,0.39049,0.0,0.583254,0.0,0.117244,1.768939,0.591078,0.223017,1.041947,0.0,0.389439,0.0,0.0,0.0,0.0,0.041842,0.0,0.294674,2.007988,1.299169,1.67231,0.0,0.242471,0.0,1.155046,0.349915,1.958434,2.15772,1.894393,0.0,0.0,1.352928,1.52528,0.189588,1.986129,0.536769,1.537918,1.430724,0.0,0.875065,1.261236,0.450149,0.323357,0.012346,0.087144,0.6137,0.560221,0.374581,0.612814
125,1.13824,0.0,0.0,0.0,0.0,0.0,0.0,0.894537,0.0,0.542848,0.0,0.0,1.745086,0.0,0.756023,0.51728,0.0,0.614323,0.0,0.2464,1.587907,0.625127,0.0,1.259391,0.0,0.136068,0.0,0.0,0.0,0.0,0.160914,0.0,0.313892,1.734428,1.121415,1.628191,0.0,0.299023,0.0,0.897558,0.224076,1.824022,2.060152,1.926357,0.0,0.0,1.544889,1.475998,0.0,1.587414,0.320582,1.715256,1.19294,0.0,1.173552,1.430298,0.852066,0.252575,0.0,0.0,0.569895,0.987379,0.349768,0.238539
126,0.968818,0.0,0.0,0.0,0.0,0.0,0.0,1.0707,0.0,0.847078,0.0,0.0,1.55635,0.0,0.652031,0.56789,0.0,0.631256,0.0,0.0,1.996827,0.374205,0.0,1.055069,0.0,0.080113,0.007826,0.0,0.0,0.0,0.001849,0.0,0.055165,2.044621,1.395607,1.767826,0.0,0.286868,0.0,0.851486,0.281681,2.015759,2.226485,2.149823,0.0,0.192638,1.313133,1.991672,0.0,1.56704,0.701181,1.566756,1.486951,0.0,1.458866,1.372877,0.627834,0.569367,0.354154,0.232103,0.36513,1.083948,0.115538,0.447514
127,0.696155,0.0,0.17361,0.0,0.0,0.0,0.0,1.187866,0.0,0.984298,0.0,0.0,1.318677,0.0,0.802089,0.827413,0.0,0.725518,0.151635,0.09788,1.690798,0.7396,0.0,1.036117,0.0,0.0,0.0,0.0,0.0,0.0,0.0,0.0,0.075938,1.783199,1.337731,1.730355,0.0,0.325699,0.023767,0.806149,0.110199,1.691544,2.037874,1.907036,0.066684,0.0,1.740901,1.860205,0.0,1.140765,0.218289,1.741015,1.631068,0.0,1.638949,1.468247,0.939319,0.384112,0.311341,0.113104,0.129697,1.449701,0.07699,0.144585
128,0.486644,0.0,0.331446,0.0,0.0,0.0,0.146269,1.311857,0.0,0.8062,0.0,0.0,1.226283,0.0,1.205914,0.856894,0.0,0.764843,0.43188,0.0,1.333951,1.191557,0.0,0.839544,0.0,0.0,0.0,0.0,0.0,0.0,0.0,0.0,0.0,1.598612,1.399899,1.626481,0.0,0.276258,0.14489,0.820242,0.078077,1.290117,1.99124,1.686931,0.187317,0.0,1.776885,1.509185,0.0,0.744281,0.0,1.972798,1.661497,0.10277,1.581592,1.570844,1.105201,0.0609,0.199346,0.272319,0.0,1.638253,0.380986,0.0874
129,0.26259,0.0,0.300855,0.0,0.056107,0.0,0.285418,1.319415,0.0,1.01659,0.0,0.117667,0.987167,0.0,1.438839,0.892076,0.0,0.819275,0.835059,0.0,1.147401,1.401461,0.0,0.731613,0.0,0.0,0.0,0.0,0.0,0.0,0.0,0.0,0.0,1.690054,1.625855,1.733945,0.0,0.270648,0.308242,0.814812,0.0,1.167507,1.873098,1.437863,0.265748,0.0,1.860267,1.380706,0.0,0.45206,0.0,2.066969,1.667985,0.390776,1.748761,1.400366,1.406237,0.0,0.297769,0.253662,0.0,1.662585,0.640125,0.0
130,0.004915,0.0,0.319809,0.0,0.0,0.0,0.491426,1.363761,0.0,1.074926,0.0,0.08608,0.866843,0.0,1.305508,0.817415,0.0,0.823016,1.123943,0.0,1.203624,1.563967,0.0,0.430469,0.0,0.212579,0.0,0.0,0.0,0.0,0.0,0.0,0.0,1.772933,1.957072,1.756301,0.0,0.18211,0.690019,0.810172,0.076469,1.025862,1.716476,1.15342,0.107085,0.0,1.753464,1.389169,0.0,0.3081,0.0,1.798719,1.921651,0.741906,1.894811,1.193403,1.346285,0.0,0.449316,0.627981,0.0,1.518888,0.436816,0.139396
131,0.0,0.0,0.420525,0.0,0.0,0.0,0.774914,1.320911,0.0,1.108794,0.0,0.03457,0.829012,0.0,1.397434,0.782754,0.0,0.881143,1.216789,0.0,0.9603,1.84286,0.0,0.314011,0.0,0.290492,0.0,0.0,0.0,0.0,0.0,0.0,0.0,1.69938,1.984617,1.626985,0.0,0.083818,0.899954,1.011322,0.0,0.792537,1.330215,0.991092,0.007815,0.0,1.535358,1.201299,0.0,0.229911,0.0,1.659462,1.764511,0.87843,1.800452,1.052996,1.408835,0.0,0.45341,1.003011,0.0,1.430253,0.638005,0.154263
132,0.0,0.0,0.473174,0.0,0.0,0.046321,0.892701,1.288313,0.0,1.172189,0.0,0.134565,0.61584,0.0,1.423972,0.855415,0.0,0.840116,1.5394,0.0,0.673135,1.941703,0.0,0.173793,0.0,0.587687,0.0,0.0,0.0,0.0,0.0,0.0,0.0,1.572762,2.008295,1.570188,0.0,0.000192,1.091583,1.014493,0.0,0.614639,1.161185,0.810303,0.001827,0.0,1.357888,0.869754,0.0,0.0,0.0,1.537936,1.512329,1.001808,1.858464,0.73196,1.70582,0.0,0.379036,0.820681,0.0,1.415055,0.794294,0.126056
133,0.0,0.0,0.466019,0.0,0.0,0.207614,1.116143,1.169503,0.0,0.940612,0.0,0.052417,0.655225,0.0,1.634688,0.714377,0.0,0.89412,1.602476,0.0,0.433578,2.081532,0.0,0.112764,0.0,0.787734,0.0,0.0,0.0,0.0,0.0,0.0,0.0,1.426981,1.904321,1.41129,0.0,1e-06,1.102848,1.27858,0.0,0.249046,0.815389,0.791258,0.0,0.0,1.246419,0.58803,0.0,0.0,0.0,1.425255,1.227787,0.998982,1.747923,0.613461,1.780803,0.0,0.409097,0.847126,0.0,1.237849,0.868303,0.18351
134,0.0,0.0,0.452563,0.0,0.0,0.263337,1.204465,0.954509,0.0,1.006198,0.046109,0.0,0.576358,0.0,1.504351,0.722569,0.0,0.782467,1.703996,0.0,0.274791,2.058293,0.0,0.094558,0.0,0.868243,0.0,0.0,0.0,0.0,0.0,0.0,0.0,1.281306,1.553974,1.333712,0.0,0.0,1.043161,1.129116,0.0,0.103049,0.38844,0.658848,0.0,0.0,1.0139,0.422903,0.0,0.0,0.0,1.177591,0.857841,0.829663,1.650303,0.527058,1.769317,0.0,0.30441,0.921071,0.274522,1.325348,1.157982,0.190146
135,0.0,0.0,0.42568,0.0,0.0,0.177604,1.372729,1.382303,0.0,0.529385,0.0,0.0,0.686011,0.0,1.314875,0.426659,0.0,0.859889,1.229438,0.066168,0.359118,1.968076,0.0,0.0,0.0,0.802186,0.0,0.0,0.229938,0.0,0.0,0.0,0.0,1.116373,1.868302,1.108896,0.0,0.0,1.172276,1.37294,0.226197,0.194829,0.480551,0.657224,0.0,0.0,1.030358,0.39492,0.049647,0.235216,0.0,1.00836,1.531483,0.859535,1.266392,0.308245,1.115994,0.0,0.283708,1.164151,0.226482,0.894316,0.695103,0.525988
136,0.0,0.0,0.287776,0.0,0.0,0.0,1.041688,0.95559,0.0,0.778049,0.0,0.0,0.646604,0.0,1.013426,0.276584,0.0,0.786577,1.148167,0.0,0.499892,1.815077,0.0,0.0,0.0,0.933804,0.085273,0.0,0.083047,0.0,0.0,0.0,0.0,1.334962,1.990629,1.162045,0.0,0.0,1.174078,1.091187,0.339425,0.499526,0.415047,0.728285,0.0,0.0,0.959687,0.557264,0.005338,0.334126,0.0,0.733069,1.278328,0.635214,1.441001,0.185296,1.059302,0.0,0.224577,1.040472,0.0,0.69834,0.454105,0.41108
137,0.0,0.0,0.104698,0.0,0.0,0.0,1.035902,1.139565,0.0,0.851716,0.0,0.0,0.639668,0.0,1.009992,0.381238,0.0,0.82068,1.231806,0.015064,0.641879,1.818724,0.0,0.0,0.0,0.802801,0.0,0.0,0.134363,0.0,0.0,0.0,0.072015,1.39054,2.061942,1.316208,0.0,0.0,1.110234,1.1583,0.245914,0.662866,0.697874,0.79099,0.0,0.0,1.19691,0.639925,0.046989,0.524933,0.080678,0.880791,1.52225,0.643572,1.405472,0.133979,0.953839,0.0,0.201501,0.735629,0.073866,0.618893,0.848944,0.39346
138,0.0,0.0,0.0,0.0,0.0,0.0,0.889572,1.212861,0.0,0.721478,0.0,0.0,0.747537,0.0,0.831818,0.202379,0.0,0.809009,1.121332,0.0,1.113116,1.564371,0.0,0.020267,0.0,0.686279,0.0,0.0,0.012108,0.0,0.0,0.0,0.0,1.643513,2.266441,1.311151,0.0,0.0,1.08293,1.032081,0.4639,1.016621,1.09241,0.833773,0.0,0.0,1.175068,0.835883,0.114753,0.805119,0.204032,0.782373,1.94997,0.826194,1.220366,0.043335,0.540776,0.128503,0.459065,0.85175,0.0,0.230954,0.780778,0.60709
139,0.0,0.0,0.0,0.0,0.0,0.0,0.876345,0.970538,0.0,0.85361,0.0,0.0,0.665811,0.0,0.974855,0.360224,0.0,0.87176,1.127393,0.073548,0.758164,1.781656,0.0,0.262553,0.0,0.393611,0.0,0.0,0.0,0.0,0.0,0.0,0.161504,1.469312,2.14906,1.249841,0.0,0.0,0.922919,1.196579,0.408004,0.807421,0.950503,0.73889,0.0,0.0,1.423462,0.637645,0.190447,0.593104,0.0,1.04728,1.5606,0.66342,1.153504,0.184799,0.806418,0.0,0.345443,0.605834,0.047603,0.358581,0.879467,0.318226
140,0.029265,0.0,0.0,0.0,0.0,0.0,1.091134,1.201817,0.0,0.561626,0.0,0.0,0.64972,0.0,0.864819,0.256221,0.0,0.847771,0.812963,0.25813,0.979588,1.570281,0.0,0.114238,0.0,0.168681,0.0,0.0,0.230267,0.0,0.0,0.0,0.056351,1.285231,2.054814,1.12665,0.0,0.0,0.89256,1.249653,0.529864,0.723457,0.829358,0.550726,0.0,0.0,1.20315,0.673223,0.146933,0.673983,0.0,0.85038,1.839658,0.684572,0.903591,0.160332,0.541432,0.170345,0.451068,0.929965,0.0,0.148735,0.419414,0.539675
141,0.0,0.0,0.050634,0.0,0.0,0.0,0.818475,0.942929,0.0,0.723086,0.0,0.0,0.419931,0.0,0.532716,0.257261,0.0,0.649792,0.695415,0.142197,1.072471,1.320371,0.0,0.023244,0.0,0.152517,0.0,0.0,0.246835,0.0,0.0,0.0,0.0,1.258341,1.954891,1.039111,0.0,0.0,0.900403,0.918899,0.710616,0.801744,0.647817,0.409845,0.0,0.0,0.969141,0.868704,0.061902,0.54878,0.020268,0.594547,1.6556,0.681441,1.064514,0.166935,0.53484,0.359988,0.639,0.958055,0.0,0.072993,0.089261,0.463828
142,0.0,0.0,0.048432,0.114326,0.0,0.0,0.747834,0.828253,0.0,0.740979,0.0,0.05897,0.199332,0.0,0.768601,0.491655,0.0,0.493307,1.133519,0.300074,0.639983,1.539867,0.0,0.0,0.0,0.277945,0.0,0.0,0.320698,0.0,0.0,0.0,0.259971,0.64042,1.442334,0.980175,0.0,0.0,0.596472,0.708964,0.471577,0.514405,0.221114,0.300729,0.179655,0.0,0.932546,0.448679,0.0,0.200782,0.0,0.495815,1.239558,0.53774,1.224395,0.280107,0.78082,0.240552,0.552621,0.922855,0.0,0.499804,0.197389,0.222645
143,0.0,0.0,0.172883,0.054756,0.066243,0.027316,0.509137,0.669763,0.0,0.907891,0.034884,0.07076,0.008328,0.0,0.700955,0.728635,0.0,0.415639,1.161623,0.063563,0.353094,1.449949,0.0,0.054918,0.0,0.186282,0.0,0.0,0.0,0.0,0.0,0.0,0.242931,0.576264,1.246752,0.736321,0.0,0.0,0.538399,0.339171,0.386343,0.391359,0.104612,0.30751,0.145987,0.0,0.649329,0.477087,0.0,0.0,0.0,0.391998,0.822528,0.597912,1.284394,0.386606,0.953022,0.222446,0.529892,0.796553,0.0,0.726381,0.423786,0.013268
144,0.0,0.0,0.237393,0.0,0.273949,0.23707,0.356609,0.621679,0.0,0.847155,0.0,0.265605,0.022531,0.0,0.982458,1.043126,0.0,0.683866,1.452889,0.0,0.10486,1.49171,0.0,0.046884,0.0,0.312728,0.0,0.0,0.0,0.0,0.0,0.0,0.265736,0.640701,1.394622,0.699384,0.0,0.0,0.47516,0.334607,0.370862,0.235044,0.204802,0.635504,0.033155,0.0,0.762328,0.595605,0.0,0.0,0.0,0.42382,0.757311,0.762446,1.591681,0.562057,1.216302,0.155474,0.762976,0.526711,0.0,0.739397,0.741637,0.0
145,0.0,0.0,0.243612,0.080265,0.352253,0.318928,0.374015,0.54811,0.0,0.912916,0.045213,0.385463,0.0,0.0,1.052591,1.112456,0.0,0.700052,1.723068,0.0,0.0,1.313536,0.0,0.043829,0.0,0.303194,0.0,0.0,0.0,0.0,0.0,0.0,0.249395,0.526307,1.079349,0.605008,0.0,0.0,0.414196,0.181163,0.239414,0.106993,0.124765,0.682409,0.0,0.0,0.679477,0.620815,0.0,0.0,0.0,0.528017,0.74196,0.849686,1.558353,0.602531,1.381799,0.23958,0.90489,0.675444,0.0,0.976177,0.974927,0.0
146,0.0,0.0,0.284435,0.236534,0.406872,0.486454,0.067936,0.377468,0.0,1.086701,0.0,0.48055,0.0,0.0,0.876591,1.382789,0.0,0.806609,1.945756,0.0,0.0,1.237741,0.0,0.0,0.0,0.673528,0.339813,0.0,0.0,0.0,0.0,0.0,0.325854,0.574117,1.181261,0.274748,0.0,0.054771,0.354736,0.0,0.584108,0.17174,0.207598,0.633006,0.0,0.113581,0.881722,0.598893,0.030705,0.0,0.0,0.385251,0.791584,0.708474,1.45321,0.71011,1.165208,0.590836,0.999997,0.547739,0.0,1.164079,0.895895,0.0
147,0.0,0.0,0.159483,0.223002,0.017672,0.782412,0.0,0.099433,0.0,0.943136,0.0,0.632762,0.0,0.0,0.888418,1.30919,0.0,0.979983,2.153023,0.0,0.067695,0.989675,0.0,0.0,0.0,0.998043,0.464182,0.0,0.0,0.0,0.0,0.0,0.176634,0.593701,1.335259,0.059205,0.0,0.0,0.363065,0.0,0.899639,0.253318,0.449735,0.914228,0.0,0.458827,1.030341,0.752473,0.064325,0.0,0.0,0.407972,0.799707,1.129426,1.423443,0.602645,1.188169,1.053041,1.299609,0.404981,0.0,0.994252,0.869647,0.070896
148,0.0,0.0,0.095711,0.395511,0.073714,0.522423,0.0,0.163054,0.0,0.955583,0.0,0.536312,0.0,0.0,0.894635,1.093691,0.0,0.696883,1.892419,0.117762,0.148389,0.910915,0.0,0.0,0.0,0.588778,0.230318,0.0,0.0,0.0,0.0,0.0,0.352617,0.508436,1.090074,0.22856,0.0,0.0,0.301825,0.0,0.715022,0.251735,0.380904,0.693663,0.0,0.488278,0.888738,0.73525,0.208621,0.0,0.0,0.570512,0.829465,0.860182,1.161664,0.588522,1.071303,0.898852,1.223549,0.749513,0.0,0.779992,0.80975,0.0
149,0.183262,0.0,0.004522,0.597597,0.223999,0.241881,0.106009,0.290387,0.0,0.988346,0.0,0.39702,0.0,0.0,0.48215,0.885398,0.0,0.308517,1.265135,0.296426,0.224914,0.828434,0.0,0.017407,0.0,0.090269,0.302677,0.0,0.0,0.0,0.0,0.0,0.504089,0.385604,0.811496,0.247393,0.0,0.0,0.281461,0.0,0.603704,0.502033,0.331403,0.12868,0.032484,0.642757,0.76709,0.708325,0.09381,0.0,0.0,0.608359,0.884555,0.45011,0.892284,0.619065,0.810074,0.797339,0.749378,1.011332,0.0,0.610229,0.541013,0.026478
150,0.23101,0.0,0.0,0.202007,0.367202,0.087107,0.225203,0.42857,0.0,0.811401,0.0,0.258462,0.0,0.0,0.548869,0.778744,0.0,0.320824,1.041692,0.394214,0.344451,0.861123,0.0,0.069223,0.0,0.0,0.034451,0.0,0.0,0.0,0.0,0.0,0.654444,0.349658,0.76785,0.373501,0.0,0.0,0.311781,0.119725,0.434853,0.401713,0.389634,0.27355,0.073618,0.217111,0.89993,0.716054,0.0,0.0,0.0,0.59358,0.921561,0.406416,0.980635,0.645328,0.879913,0.485309,0.646999,0.78037,0.0,0.44405,0.504221,0.07573
151,0.258172,0.0,0.0,0.0,0.023608,0.18443,0.0,0.442937,0.0,0.723726,0.0,0.310432,0.011581,0.0,0.428834,0.781917,0.0,0.334234,0.947562,0.365387,0.421378,0.635318,0.0,0.074548,0.014971,0.261995,0.246822,0.0,0.0,0.0,0.0,0.0,0.34996,0.456256,1.070664,0.286226,0.0,0.0,0.342456,0.137484,0.720633,0.649528,0.569314,0.33764,0.0,0.293657,0.863042,0.672136,0.0,0.205664,0.0,0.372739,0.854505,0.590184,0.979078,0.44294,0.825005,0.768073,0.730333,0.457362,0.0,0.27052,0.300419,0.352379
152,0.501789,0.0,0.0,0.272708,0.0,0.134849,0.0,0.378629,0.0,0.562874,0.0,0.026785,0.046725,0.0,0.361266,0.512003,0.0,0.310601,0.696311,0.436425,0.51165,0.465468,0.0,0.115688,0.0,0.347998,0.434379,0.0,0.0,0.0,0.0,0.005445,0.38871,0.53027,0.834543,0.128093,0.0,0.0,0.236551,0.109817,0.73765,0.689128,0.492869,0.312631,0.0,0.570411,0.425118,0.737215,0.046439,0.278435,0.161045,0.278824,0.684884,0.313578,0.479324,0.42642,0.488264,0.819686,0.595968,0.671273,0.170733,0.146184,0.234687,0.501873
153,0.529319,0.0,0.0,0.248371,0.0,0.128953,0.094183,0.482081,0.0,0.313738,0.0,0.063332,0.223704,0.0,0.427127,0.42388,0.0,0.178465,0.419318,0.508068,0.425538,0.50825,0.0,0.0,0.105854,0.463681,0.349835,0.0,0.0,0.0,0.0,0.006768,0.468819,0.397186,0.685449,0.12825,0.0,0.0,0.391371,0.236101,0.641025,0.458103,0.298784,0.230163,0.0,0.512441,0.338919,0.533956,0.211338,0.344086,0.064796,0.188439,0.746495,0.186335,0.33656,0.344796,0.462868,0.543012,0.539842,0.649987,0.080411,0.038154,0.236368,0.425255
154,0.609014,0.0,0.0,0.336025,0.0,0.333295,0.12495,0.240944,0.0,0.212204,0.0,0.100319,0.28722,0.0,0.440457,0.455046,0.0,0.067086,0.57217,0.547492,0.221061,0.575788,0.0,0.0,0.211744,0.618,0.520655,0.0,0.0,0.0,0.0,0.0,0.688905,0.240699,0.450961,0.0,0.0,0.0,0.414442,0.110157,0.541587,0.232071,0.081545,0.170735,0.0,0.584502,0.27373,0.280216,0.419913,0.232991,0.096256,0.135983,0.476576,0.194241,0.279049,0.210837,0.687311,0.474966,0.415912,0.632526,0.253561,0.168002,0.364927,0.418516
155,0.717999,0.0,0.0,0.625567,0.0,0.696526,0.278452,0.204041,0.0,0.356469,0.0,0.0,0.146444,0.0,0.320172,0.507883,0.0,0.0,0.376255,0.481758,0.234007,0.518834,0.0,0.242984,0.137677,0.695474,0.867536,0.0,0.0,0.0,0.0,0.0,0.812281,0.076345,0.360592,0.0,0.0,0.0,0.638187,0.037084,0.529827,0.203463,0.0,0.052713,0.0,0.82482,0.073895,0.188995,0.385402,0.23543,0.321464,0.325332,0.056783,0.265351,0.038004,0.160796,0.885321,0.90494,0.294518,0.929608,0.613539,0.267218,0.477288,0.828348
156,0.626877,0.0,0.0,0.421943,0.041884,0.748745,0.344949,0.199046,0.0,0.158291,0.0,0.130968,0.181174,0.0,0.587361,0.712609,0.0,0.0,0.862896,0.464262,0.258559,0.804327,0.0,0.0,0.267918,0.924767,0.73771,0.0,0.0,0.0,0.0,0.0,0.858021,0.0,0.184014,0.0,0.0,0.0,0.699757,0.0,0.386196,0.0,0.0,0.014158,0.0,0.685362,0.215024,0.0,0.488833,0.119099,0.1805,0.0,0.174725,0.337622,0.357263,0.14689,1.098637,0.535722,0.412224,0.89266,0.521094,0.504971,0.662465,0.663462
157,0.655321,0.0,0.0,0.418986,0.080951,0.715992,0.500082,0.261658,0.0,0.189601,0.0,0.067161,0.210035,0.0,0.634524,0.739493,0.0,0.0,0.961126,0.473416,0.205719,1.045782,0.0,0.0,0.251354,0.811506,0.623881,0.0,0.0,0.0,0.0,0.0,0.906989,0.0,0.213663,0.0,0.0,0.0,0.825209,0.052633,0.2327,0.0,0.0,0.0,0.0,0.597311,0.133399,0.0,0.68956,0.007278,0.151276,0.0,0.209077,0.492948,0.536293,0.119405,1.315516,0.440939,0.628139,1.011732,0.484059,0.664741,0.547446,0.582793
158,0.452911,0.0,0.033124,0.270207,0.0,0.615159,0.561175,0.266766,0.0,0.177112,0.0,0.0,0.197555,0.0,0.539753,0.662072,0.0,0.0,0.741262,0.41661,0.126823,1.100644,0.0,0.0,0.223251,0.536842,0.338936,0.0,0.0,0.0,0.0,0.0,0.594942,0.20454,0.505124,0.044838,0.0,0.0,0.892623,0.180568,0.340168,0.0,0.0,0.0,0.0,0.605586,0.143274,0.0,0.614525,0.0,0.014338,0.0,0.264824,0.688819,0.704521,0.085981,1.276796,0.35654,0.521665,0.97351,0.212471,0.542562,0.382613,0.467765
159,0.43874,0.0,0.167542,0.214294,0.0,0.55127,0.7285,0.356995,0.0,0.352326,0.033171,0.0,0.153882,0.0,0.803736,0.68924,0.0,0.0,0.887555,0.367122,0.03942,1.297582,0.0,0.033889,0.0,0.53487,0.320421,0.0,0.0,0.0,0.0,0.0,0.384179,0.268916,0.34903,0.410583,0.0,0.0,0.869292,0.347686,0.178234,0.0,0.0,0.0,0.0,0.309098,0.121927,0.0,0.549129,0.0,0.0,0.116515,0.368692,0.931274,0.745249,0.213682,1.401557,0.34246,0.637961,1.214662,0.355477,0.699877,0.655008,0.506962
160,0.260458,0.0,0.338019,0.0,0.0,0.525944,0.777825,0.493202,0.0,0.33163,0.0,0.0,0.282783,0.0,0.990545,0.798194,0.0,0.31855,0.996229,0.109995,0.079733,1.49441,0.054983,0.0,0.0,0.491822,0.0,0.0,0.0,0.0,0.0,0.0,0.044792,0.690261,0.872229,0.625292,0.0,0.0,0.980341,0.639273,0.312978,0.023601,0.0,0.040916,0.0,0.056017,0.35916,0.211596,0.460585,0.0,0.0,0.204789,0.472744,1.146583,1.13428,0.368114,1.570335,0.270157,0.70499,0.905692,0.0,0.620188,0.609095,0.37651
161,0.023541,0.0,0.174359,0.0,0.139479,0.460901,0.501392,0.354926,0.0,0.686309,0.109805,0.0,0.011351,0.0,0.830791,0.974672,0.0,0.368862,1.371105,0.0,0.0,1.508261,0.0,0.0,0.0,0.584365,0.069783,0.0,0.0,0.0,0.0,0.0,0.173253,0.649242,1.072963,0.592914,0.0,0.0,0.905321,0.39686,0.253812,0.066785,0.0,0.138376,0.0,0.0,0.608469,0.288979,0.170138,0.0,0.0,0.189262,0.494615,1.162474,1.512085,0.466108,1.517284,0.259918,0.722744,0.88173,0.0,1.077354,0.572596,0.325538
162,0.0,0.0,0.249693,0.0,0.245496,0.416847,0.5991,0.285496,0.0,0.794926,0.139353,0.0,0.135104,0.0,1.084072,1.052177,0.0,0.53982,1.546611,0.0,0.0,1.68675,0.0,0.0,0.0,0.551805,0.0,0.0,0.0,0.0,0.0,0.0,0.237805,0.789572,1.293793,0.680987,0.0,0.110359,0.958666,0.600574,0.280808,0.038633,0.015075,0.274941,0.034163,0.0,0.874799,0.416474,0.28184,0.0,0.0,0.518769,0.516331,1.241133,1.790455,0.599366,1.797156,0.144816,0.80109,0.677093,0.0,1.068838,0.743394,0.152279
163,0.006825,0.0,0.283759,0.002675,0.189101,0.331348,0.577265,0.422871,0.0,0.859467,0.259837,0.16555,0.028859,0.0,1.048429,1.09008,0.0,0.47306,1.542966,0.0,0.0,1.594485,0.0,0.0,0.0,0.324924,0.0,0.0,0.0,0.0,0.0,0.0,0.170645,0.635509,1.070206,0.634052,0.0,0.0,0.918494,0.474121,0.364309,0.027959,0.0,0.166193,0.139284,0.0,0.779208,0.479661,0.258716,0.0,0.0,0.447539,0.771361,1.223338,1.60749,0.618493,1.555417,0.338787,0.897771,1.089539,0.0,1.073672,0.68666,0.101548
164,0.016104,0.0,0.299411,0.066805,0.198737,0.504159,0.462703,0.399007,0.0,0.837461,0.124302,0.393996,0.0,0.0,1.239359,1.20911,0.0,0.547447,1.748568,0.057002,0.0,1.410917,0.0,0.0,0.0,0.411576,0.0,0.0,0.0,0.0,0.0,0.0,0.269963,0.621511,0.999705,0.562603,0.0,0.0,0.801462,0.426933,0.454144,0.031771,0.073304,0.345179,0.137691,0.166681,0.873353,0.527536,0.342914,0.0,0.0,0.527293,0.887837,1.274393,1.613281,0.552931,1.610875,0.474267,1.162776,1.127242,0.0,1.055644,0.937882,0.219842
165,0.0,0.0,0.26269,0.13688,0.111378,0.74185,0.23533,0.360577,0.0,0.845232,0.0,0.578533,0.0,0.0,1.056546,1.350596,0.0,0.607145,1.809409,0.11416,0.0,1.230356,0.0,0.0,0.094134,0.640664,0.228105,0.0,0.0,0.0,0.0,0.0,0.30141,0.623548,1.13958,0.31282,0.0,0.0,0.841515,0.122231,0.797146,0.197551,0.275994,0.3315,0.033948,0.540884,0.930547,0.622665,0.309555,0.0,0.0,0.43518,0.917798,1.249865,1.604084,0.541377,1.514125,0.831198,1.150954,0.977277,0.0,1.130607,0.880654,0.468034
166,0.037032,0.0,0.164164,0.31101,0.183953,0.791721,0.344245,0.285177,0.0,0.968133,0.0,0.542312,0.0,0.0,0.879539,1.398754,0.0,0.559732,1.631944,0.19226,0.0,1.177759,0.0,0.0,0.0,0.548941,0.36555,0.0,0.0,0.0,0.0,0.0,0.370495,0.541675,0.955517,0.076089,0.0,0.0,0.901104,0.0,0.804327,0.145062,0.135506,0.031284,0.086394,0.693936,0.847342,0.586076,0.335649,0.0,0.0,0.508475,0.852745,1.091195,1.458794,0.611777,1.429697,0.878867,0.848508,1.072512,0.0,1.216456,1.017187,0.39234
167,0.076833,0.0,0.064704,0.413935,0.040602,0.963711,0.281245,0.17144,0.0,0.90237,0.0,0.566339,0.0,0.0,0.908328,1.341888,0.0,0.617674,1.765056,0.287869,0.0,1.101211,0.0,0.0,0.195086,0.699261,0.293906,0.0,0.0,0.0,0.0,0.0,0.498646,0.383834,1.087753,0.0,0.0,0.0,0.981641,0.0,0.878531,0.0,0.147533,0.261562,0.0,0.912085,0.742494,0.534803,0.56059,0.0,0.0,0.571505,0.744975,1.295364,1.492224,0.424141,1.608221,1.019183,1.024584,0.931761,0.0,1.21173,1.093235,0.420473
168,0.284147,0.0,0.165872,0.561302,0.160275,1.039595,0.460558,0.399772,0.0,0.885148,0.0,0.659394,0.0,0.0,0.96155,1.268963,0.0,0.415536,1.395296,0.455967,0.0,1.050925,0.0,0.0,0.106806,0.590491,0.483787,0.0,0.0,0.0,0.0,0.0,0.590098,0.186346,0.57012,0.0,0.0,0.0,0.992352,0.0,0.679985,0.015456,0.043367,0.0,0.0,1.007932,0.456364,0.297507,0.494661,0.0,0.0,0.376441,0.782426,1.132748,1.218586,0.331636,1.476814,1.066869,0.733581,1.334825,0.056199,1.087623,1.32203,0.622994
169,0.194243,0.0,0.156444,0.472755,0.450829,0.996281,0.430166,0.397714,0.0,0.815946,0.0,0.727034,0.0,0.0,1.187965,1.473019,0.0,0.646096,1.860552,0.460017,0.0,1.18928,0.0,0.0,0.321992,0.891744,0.444642,0.0,0.0,0.0,0.0,0.0,0.942859,0.188533,0.581493,0.0,0.0,0.0,0.844542,0.0,0.613922,0.0,0.01416,0.326324,0.0,0.693006,0.531584,0.089944,0.801704,0.0,0.0,0.198693,0.677951,0.945079,1.309152,0.405031,1.586577,0.853595,1.000585,1.173814,0.160672,1.116066,1.519938,0.599859
170,0.341085,0.0,0.043499,0.726851,0.377409,0.898487,0.494653,0.216308,0.0,0.87216,0.123117,0.551894,0.0,0.0,0.910638,1.292106,0.0,0.528695,1.655808,0.571508,0.0,1.332444,0.0,0.0,0.350104,0.71535,0.435902,0.0,0.0,0.0,0.0,0.0,1.185617,0.0,0.613559,0.0,0.0,0.0,0.893258,0.0,0.56882,0.0,0.0,0.126979,0.0,0.910461,0.413267,0.0,1.042531,0.0,0.005293,0.128165,0.596349,0.95856,1.111837,0.275832,1.577205,0.91444,0.986537,1.2308,0.1166,1.029032,1.197167,0.46507
171,0.267936,0.0,0.007888,0.75987,0.231912,0.752872,0.286579,0.285388,0.0,0.701979,0.074462,0.537708,0.0,0.0,0.641926,1.161549,0.0,0.629858,1.517409,0.637231,0.0,1.196963,0.0,0.0,0.543286,0.655598,0.448389,0.0,0.0,0.0,0.0,0.0,1.197873,0.094732,1.042253,0.0,0.0,0.0,0.882921,0.0,0.793298,0.0,0.0,0.205039,0.0,1.108389,0.33037,0.035141,0.969927,0.0,0.24831,0.0,0.531667,0.680846,1.026865,0.117332,1.32889,0.988806,0.963558,0.957186,0.018897,0.78838,0.804199,0.396871
172,0.302952,0.0,0.0,0.828894,0.202264,0.749,0.198344,0.108909,0.0,0.683665,0.11767,0.442178,0.0,0.0,0.380623,1.075083,0.0,0.623324,1.342845,0.638387,0.011418,1.045583,0.0,0.0,0.521264,0.713627,0.580606,0.0,0.0,0.0,0.0,0.0,1.148423,0.000825,1.043617,0.0,0.0,0.0,0.692608,0.0,0.797713,0.057619,0.0,0.232158,0.0,1.217518,0.501359,0.041161,0.744472,0.0,0.307269,0.0,0.372395,0.640744,0.701381,0.024106,1.109651,1.175293,0.760058,0.905967,0.185827,0.675498,0.767203,0.567714
173,0.416977,0.0,0.0,0.725067,0.234584,0.434032,0.125521,0.325501,0.0,0.630832,0.080521,0.340832,0.0,0.0,0.250777,0.801935,0.0,0.349783,0.964925,0.724802,0.212217,0.877605,0.0,0.0,0.349556,0.492279,0.467372,0.0,0.0,0.0,0.0,0.0,1.031608,0.120389,0.821292,0.0,0.0,0.0,0.561685,0.0,0.6605,0.188207,0.0,0.019433,0.0,1.082487,0.257212,0.041479,0.480674,0.07631,0.38179,0.0,0.505516,0.306591,0.598989,0.005669,0.723432,0.841688,0.611692,1.046499,0.234203,0.354019,0.649032,0.456547
174,0.383334,0.0,0.0,0.455728,0.166849,0.417299,0.141552,0.361413,0.0,0.454282,0.0,0.299479,0.0,0.0,0.445063,0.662841,0.0,0.411264,0.873758,0.633168,0.294191,0.784753,0.0,0.0,0.241519,0.60945,0.420681,0.0,0.0,0.0,0.0,0.0,0.829486,0.186868,0.737606,0.0,0.0,0.0,0.492061,0.0,0.630997,0.164451,0.125942,0.212572,0.0,0.778814,0.354863,0.09521,0.313879,0.132286,0.289244,0.0,0.500854,0.294384,0.427312,0.118801,0.64776,0.658854,0.51984,0.80522,0.283177,0.189039,0.681442,0.467441
175,0.540569,0.0,0.0,0.265167,0.031479,0.226613,0.404278,0.514447,0.0,0.352879,0.0,0.120464,0.130922,0.0,0.454665,0.412083,0.0,0.195903,0.508816,0.510635,0.435034,0.765504,0.0,0.08197,0.0,0.341687,0.245543,0.0,0.0,0.0,0.0,0.0,0.625835,0.268145,0.509067,0.187852,0.0,0.0,0.463798,0.073368,0.493449,0.198135,0.111629,0.063586,0.00275,0.486471,0.332237,0.119108,0.215441,0.156501,0.132226,0.066701,0.630379,0.226153,0.462862,0.216017,0.570765,0.368286,0.428695,0.752725,0.195217,0.07849,0.464013,0.393722
176,0.655657,0.0,0.0,0.230195,0.0,0.069772,0.249102,0.521511,0.0,0.485515,0.0,0.0,0.179425,0.0,0.104193,0.26295,0.0,0.00341,0.260862,0.610826,0.550808,0.729922,0.0,0.299783,0.0,0.140813,0.274929,0.0,0.005397,0.0,0.0,0.0,0.608019,0.340166,0.582566,0.330105,0.0,0.0,0.377319,0.122122,0.400131,0.549273,0.165755,0.062749,0.0,0.438845,0.405686,0.380283,0.079142,0.247965,0.126407,0.143703,0.731081,0.18564,0.495794,0.278405,0.469772,0.437755,0.368922,0.604768,0.036898,0.090693,0.026916,0.314525
177,0.59532,0.0,0.0,0.0,0.029599,0.0,0.134617,0.467083,0.0,0.345149,0.0,0.0,0.33921,0.0,0.324093,0.283484,0.0,0.071762,0.362944,0.418614,0.503523,0.62742,0.0,0.320177,0.0,0.222808,0.176182,0.0,0.010193,0.0,0.0,0.0,0.459373,0.486745,0.67227,0.34946,0.0,0.0,0.236299,0.185857,0.555216,0.557241,0.517047,0.303595,0.010688,0.266597,0.588466,0.457128,0.034345,0.199137,0.002897,0.420313,0.772524,0.10709,0.438826,0.421362,0.561911,0.333906,0.365544,0.349283,0.041036,0.237744,0.105444,0.266784
178,0.76255,0.0,0.0,0.039757,0.0,0.0,0.086994,0.613974,0.0,0.467085,0.0,0.0,0.491938,0.0,0.407348,0.255131,0.0,0.211254,0.126279,0.280945,0.643123,0.564802,0.0,0.372561,0.0,0.107499,0.286556,0.0,0.0,0.0,0.0,0.0,0.385514,0.799717,0.788148,0.385986,0.0,0.0,0.267449,0.425612,0.592498,0.849305,0.754228,0.364366,0.0,0.309112,0.535108,0.683206,0.057514,0.428901,0.092344,0.581955,0.873847,0.053664,0.479666,0.574251,0.411158,0.588102,0.317587,0.35608,0.106958,0.266012,0.022876,0.378517
179,0.780947,0.0,0.0,0.0,0.0,0.0,0.0,0.759806,0.0,0.513235,0.0,0.0,0.678636,0.0,0.506589,0.313499,0.0,0.337773,0.141062,0.395735,0.709247,0.561883,0.0,0.232996,0.0,0.361573,0.212671,0.0,0.0,0.0,0.0,0.0,0.481281,0.941902,0.862187,0.485999,0.0,0.0,0.357853,0.502064,0.543245,0.963874,0.70646,0.559147,0.0,0.165543,0.834321,0.844784,0.036279,0.66495,0.12815,0.516478,1.153972,0.134793,0.647869,0.659542,0.283379,0.571408,0.375788,0.089023,0.029212,0.407601,0.006434,0.248842
180,0.713628,0.0,0.0,0.0,0.0,0.0,0.0,0.770653,0.0,0.358674,0.0,0.102831,0.731164,0.0,0.677828,0.080764,0.0,0.332308,0.354565,0.37764,0.862023,0.23045,0.0,0.0,0.0,0.992181,0.586838,0.0,0.074511,0.0,0.0,0.0,0.420925,1.012105,0.931985,0.353411,0.0,0.0,0.284109,0.470143,0.896647,0.979778,0.975855,0.757119,0.0,0.34427,0.873538,0.816737,0.0,0.733097,0.270231,0.441259,1.249603,0.0,0.479432,0.596652,0.006091,0.518237,0.348119,0.221357,0.155116,0.226349,0.0,0.457606
181,0.806653,0.0,0.0,0.0,0.0,0.0,0.026875,0.822832,0.0,0.270463,0.0,0.181076,0.833873,0.0,0.883168,0.034578,0.0,0.39127,0.402242,0.588914,0.770503,0.281413,0.0,0.0,0.0,1.046277,0.580809,0.0,0.123932,0.0,0.0,0.0,0.548092,0.913598,1.030218,0.10528,0.0,0.0,0.361374,0.538251,1.035669,0.848675,1.132864,0.75774,0.0,0.428578,0.992414,0.655884,0.0,0.711121,0.180524,0.677615,1.212965,0.0,0.312693,0.441643,0.101566,0.548887,0.130385,0.073273,0.334753,0.314086,0.14472,0.597986
182,0.954285,0.0,0.0,0.041528,0.0,0.0,0.38241,0.968943,0.0,0.254523,0.0,0.125774,0.930728,0.0,0.86775,0.0,0.0,0.199352,0.321114,0.907303,0.966876,0.431206,0.0,0.0,0.0,1.024536,0.639151,0.0,0.402862,0.0,0.0,0.0,0.820842,0.812489,0.927252,0.289088,0.0,0.0,0.476581,0.530453,1.045562,0.764321,1.094827,0.575264,0.0,0.464787,1.099212,0.514748,0.0,0.695396,0.210167,0.763396,1.2744,0.0,0.367358,0.24524,0.128496,0.371356,0.0,0.198736,0.437623,0.221011,0.262915,0.725968
183,0.980914,0.0,0.0,0.0,0.0,0.0,0.657814,1.195747,0.0,0.219266,0.0,0.0,1.114459,0.0,0.756575,0.0,0.0,0.191697,0.0,1.000341,1.080347,0.668712,0.0,0.0,0.094802,1.018177,0.539717,0.0,0.568153,0.0,0.0,0.35114,0.979032,0.655651,1.140368,0.39081,0.0,0.0,0.648603,0.777533,1.130176,0.508931,0.916245,0.305204,0.014566,0.649019,0.947127,0.281375,0.226758,0.850262,0.30174,0.847631,1.42177,0.0,0.380673,0.256226,0.0,0.205158,0.0,0.481699,0.523561,0.132742,0.101533,0.909234
184,1.095203,0.0,0.0,0.0,0.0,0.051584,0.996954,1.297284,0.0,0.285052,0.0,0.0,1.011737,0.030936,0.696828,0.0,0.0,0.040733,0.0,1.202854,1.255463,1.005452,0.0,0.031075,0.0,0.668941,0.433679,0.0,0.780656,0.0,0.0,0.478142,1.178539,0.543932,1.124295,0.627221,0.0,0.0,0.802704,0.750758,1.090985,0.442821,0.800249,0.0,0.198333,0.647944,0.943996,0.030713,0.279824,0.859882,0.237919,0.8685,1.570393,0.0,0.552456,0.096246,0.070273,0.033962,0.0,0.622173,0.599318,0.16203,0.187659,0.989777
185,1.164585,0.0,0.0,0.0,0.0,0.145074,1.172509,1.274252,0.0,0.407436,0.0,0.0,0.966608,0.098809,0.62829,0.0,0.0,0.046917,0.0,1.411345,1.264058,1.321063,0.0,0.030288,0.0,0.643289,0.396193,0.0,0.806738,0.0,0.0,0.696916,1.194738,0.459188,1.156611,0.758608,0.0,0.0,0.91169,0.802812,1.057842,0.401287,0.49154,0.0,0.20178,0.61709,0.781872,0.0,0.374921,1.03816,0.191628,0.719467,1.620109,0.0,0.651172,0.034664,0.133208,0.0,0.0,0.778242,0.538792,0.118267,0.041025,0.940191
186,1.237703,0.0,0.0,0.0,0.0,0.037709,1.144134,1.192434,0.0,0.491258,0.0,0.0,0.885385,0.110866,0.536515,0.0,0.0,0.062323,0.0,1.563095,1.224082,1.44459,0.0,0.032667,0.058726,0.533456,0.401775,0.0,0.880284,0.0,0.0,0.65113,1.197527,0.577866,1.105224,0.898029,0.0,0.0,0.860183,0.674934,1.120378,0.533643,0.349861,0.0,0.153224,0.601482,0.619865,0.0,0.388587,1.127234,0.219365,0.610647,1.568868,0.0,0.781324,0.0,0.185875,0.0,0.0,0.717545,0.548933,0.0,0.04916,0.886883
187,1.021044,0.0,0.0,0.0,0.0,0.0,1.009071,1.218672,0.0,0.344979,0.0,0.0,0.791161,0.131564,0.560696,0.0,0.0,0.201714,0.20829,1.469613,1.365115,1.405565,0.0,0.007712,0.150164,0.710166,0.29387,0.0,0.958955,0.0,0.0,0.636677,1.317974,0.617737,1.243533,0.839475,0.0,0.0,0.801302,0.488646,1.219756,0.550193,0.703603,0.0,0.253859,0.653461,0.697643,0.0,0.26872,0.989784,0.398681,0.542386,1.46787,0.0,0.795612,0.0,0.0,0.0,0.0,0.586813,0.691287,0.0,0.306697,0.825572
188,0.99285,0.0,0.0,0.050358,0.0,0.0,1.184171,1.414344,0.0,0.438901,0.0,0.0,0.683399,0.0,0.38681,0.0,0.0,0.204487,0.0,1.452215,1.424419,1.358843,0.0,0.081499,0.0,0.605188,0.217827,0.0,1.042225,0.0,0.0,0.770332,1.435511,0.543677,1.354433,0.928045,0.0,0.0,0.831173,0.636249,1.148003,0.581545,0.67618,0.0,0.333237,0.588265,0.778652,0.015161,0.308984,0.965693,0.550929,0.706002,1.781119,0.0,0.855136,0.0,0.0,0.0,0.0,0.651784,0.784454,0.0,0.399996,0.917465
189,0.910211,0.0,0.0,0.157071,0.0,0.0,0.944013,1.262026,0.0,0.514026,0.0,0.0,0.643977,0.0,0.327878,0.0,0.0,0.285662,0.0,1.35608,1.268965,1.148715,0.0,0.029832,0.004645,0.642303,0.316539,0.0,0.873535,0.0,0.0,0.76153,1.300291,0.517836,1.539905,0.792634,0.0,0.0,0.73975,0.686435,1.252963,0.655449,0.575468,0.0,0.185621,0.687972,0.619324,0.014149,0.415885,1.061819,0.467315,0.679051,1.66549,0.0,0.674972,0.0,0.0,0.140168,0.0,0.674497,0.694396,0.0,0.161628,0.757604
190,0.950698,0.0,0.0,0.103885,0.0,0.0,0.695572,0.928614,0.0,0.395125,0.0,0.0,0.601149,0.138653,0.457959,0.0,0.0,0.302288,0.177939,1.330986,1.056278,1.09862,0.0,0.0,0.0,0.646539,0.417322,0.0,0.754814,0.0,0.0,0.421387,1.140978,0.54878,1.311826,0.561575,0.0,0.0,0.583533,0.387762,1.294595,0.705675,0.60414,0.0,0.0,0.590096,0.587438,0.0,0.296802,0.974967,0.405857,0.415776,1.377174,0.0,0.496248,0.0,0.0,0.184999,0.0,0.429989,0.707738,0.0,0.447778,0.516528
191,0.891156,0.0,0.0,0.16257,0.0,0.0,0.54445,0.871089,0.0,0.433791,0.0,0.0,0.544175,0.011126,0.267577,0.0,0.0,0.433715,0.024459,1.197722,0.917873,0.846804,0.0,0.018094,0.0,0.64544,0.444772,0.0,0.616861,0.0,0.0,0.372183,0.978075,0.605436,1.41678,0.486865,0.0,0.0,0.478905,0.51439,1.251977,0.746644,0.479334,0.220932,0.0,0.478191,0.525896,0.078841,0.352009,0.976738,0.523711,0.446288,1.341236,0.0,0.316377,0.057124,0.0,0.366928,0.0,0.425455,0.730187,0.0,0.385963,0.438075
192,0.768227,0.0,0.0,0.0,0.0,0.0,0.188861,0.757478,0.0,0.363119,0.0,0.0,0.552929,0.045443,0.338428,0.0,0.0,0.648878,0.484281,1.02044,0.744542,0.680401,0.0,0.0,0.018039,1.016491,0.51634,0.0,0.346157,0.0,0.0,0.058479,0.812007,0.75013,1.260172,0.421115,0.0,0.0,0.271786,0.29112,1.196247,0.825268,0.564539,0.805739,0.0,0.300471,0.549404,0.187042,0.204782,1.024301,0.706322,0.114951,1.190517,0.0,0.377606,0.102447,0.0,0.42817,0.079624,0.176545,0.725408,0.0,0.45482,0.310795
193,0.748748,0.0,0.0,0.0,0.0,0.0,0.0,0.610272,0.0,0.59055,0.0,0.0,0.497367,0.0,0.274043,0.0,0.0,0.924598,0.516407,0.692512,0.748279,0.436828,0.0,0.0,0.0,0.969576,0.455989,0.0,0.0,0.0,0.0,0.0,0.598199,1.131122,1.559316,0.396747,0.0,0.0,0.352044,0.346622,1.133083,1.105972,0.594026,1.200889,0.0,0.234565,0.416242,0.559477,0.272289,1.153123,0.829426,0.160185,1.214001,0.0,0.334047,0.117222,0.0,0.744894,0.441971,0.16747,0.684186,0.0,0.470904,0.285524
194,0.577828,0.0,0.0,0.0,0.0,0.0,0.033311,0.624153,0.0,0.505202,0.0,0.0,0.564283,0.0,0.429555,0.048572,0.0,0.863221,0.549177,0.735481,0.683026,0.750951,0.0,0.0,0.0,1.000188,0.26407,0.0,0.011654,0.0,0.0,0.0,0.626893,1.117453,1.539119,0.456528,0.0,0.0,0.297266,0.362313,1.128921,1.159423,0.693512,1.12468,0.0,0.007535,0.638209,0.495036,0.264783,1.085207,0.612684,0.228313,1.460603,0.0,0.360323,0.210865,0.0,0.536525,0.373221,0.0,0.395359,0.0,0.655307,0.245801
195,0.433458,0.0,0.0,0.0,0.0,0.0,0.319918,0.874709,0.0,0.536655,0.0,0.0,0.61471,0.0,0.402146,0.130449,0.0,0.93393,0.510112,0.686285,0.844538,0.773766,0.0,0.0,0.0,0.689695,0.0,0.0,0.123936,0.0,0.0,0.0,0.61521,1.110887,1.732429,0.453707,0.0,0.0,0.426206,0.573907,1.119253,1.087853,0.899197,0.97243,0.0,0.0,0.839931,0.596775,0.260858,1.037643,0.495944,0.417858,1.89264,0.0,0.238637,0.260165,0.0,0.615996,0.37777,0.0,0.264231,0.0,0.634154,0.302365
196,0.319395,0.0,0.0,0.043902,0.0,0.0,0.061306,0.709543,0.0,0.738848,0.0,0.149445,0.383458,0.0,0.622269,0.001747,0.0,1.045944,0.919655,0.849054,1.00044,0.584732,0.0,0.0,0.0,0.965738,0.385979,0.0,0.244752,0.0,0.0,0.0,0.413058,1.025272,1.759139,0.431874,0.0,0.0,0.183361,0.496149,1.303085,1.101569,0.856923,1.139134,0.0,0.0,0.889355,0.619652,0.0,1.119819,0.599292,0.417327,1.736619,0.0,0.293171,0.439768,0.0,0.692931,0.428737,0.223566,0.380797,0.0,0.448837,0.213875
197,0.31369,0.0,0.0,0.104199,0.0,0.0,0.121064,0.978432,0.0,1.010781,0.0,0.157984,0.391289,0.0,0.625516,0.046547,0.0,1.144644,0.879545,0.692508,1.230531,0.495937,0.0,0.0,0.0,0.658915,0.122836,0.0,0.160973,0.0,0.0,0.012593,0.327681,1.186266,2.00679,0.359977,0.0,0.0,0.326006,0.653316,1.193981,1.162815,1.17302,1.000598,0.0,0.0,1.012992,0.979835,0.0,1.027182,0.670159,0.62712,2.044531,0.0,0.325828,0.515839,0.0,0.885315,0.375462,0.366019,0.403791,0.0,0.499385,0.141127
198,0.113996,0.0,0.0,0.079906,0.0,0.0,0.0,0.85197,0.0,1.312047,0.0,0.54396,0.327066,0.0,0.779019,0.347737,0.0,1.107992,1.292993,0.790831,1.292652,0.538875,0.0,0.0,0.0,0.752886,0.15475,0.0,0.0,0.0,0.0,0.0,0.325154,1.297772,2.045143,0.541192,0.0,0.0,0.243946,0.489879,1.270315,1.376155,1.27186,1.240738,0.0,0.0,1.346559,1.334691,0.0,1.032528,0.567654,0.717291,2.262939,0.0,0.739905,0.641863,0.0,0.979211,0.664782,0.184743,0.077197,0.0,0.543879,0.063672
199,0.080457,0.0,0.0,0.109247,0.0,0.0,0.0,0.948035,0.0,1.563902,0.0,0.715733,0.332094,0.0,0.883904,0.540883,0.0,1.185812,1.572024,0.64944,1.411655,0.439362,0.0,0.0,0.0,0.724758,0.179898,0.0,0.0,0.0,0.0,0.0,0.131814,1.453061,2.212193,0.576222,0.0,0.0,0.32072,0.498559,1.193081,1.426661,1.419812,1.249482,0.0,0.0,1.576606,1.629474,0.0,0.925784,0.541021,0.806948,2.502621,0.0,0.987839,0.758119,0.0,1.157247,0.867736,0.275036,0.0,0.174758,0.531888,0.005883
200,0.018716,0.0,0.0,0.0,0.022391,0.0,0.0,0.891757,0.0,1.372997,0.0,0.838409,0.446518,0.0,1.425205,0.671235,0.0,1.342831,1.957006,0.219131,1.270606,0.470069,0.0,0.0,0.0,0.959236,0.14458,0.0,0.0,0.0,0.0,0.0,0.0,1.568535,2.298903,0.521982,0.0,0.0,0.186512,0.409058,1.369258,1.299554,1.71389,1.39416,0.0,0.0,1.700542,1.504509,0.0,0.675072,0.295704,1.025715,2.394185,0.339997,1.165809,0.9948,0.0,1.155241,1.004774,0.289739,0.0,0.533176,0.749382,0.243948
201,0.0,0.0,0.035507,0.0,0.100711,0.105929,0.0,0.516313,0.0,1.450155,0.0,0.929014,0.314038,0.0,1.440777,0.766252,0.0,1.35394,2.128557,0.082585,0.931204,0.503382,0.0,0.0,0.0,0.921078,0.32632,0.0,0.0,0.0,0.0,0.0,0.0,1.505031,2.115185,0.51167,0.0,0.081774,0.195935,0.251417,1.353188,1.151446,1.648331,1.494989,0.0,0.050079,1.988845,1.614853,0.0,0.264435,0.0,1.337883,1.954797,0.484124,1.304223,1.206208,0.30246,1.200179,1.085551,0.370859,0.0,0.889444,0.640899,0.170004
202,0.056426,0.0,0.245653,0.0,0.316439,0.146964,0.0,0.759173,0.0,1.214436,0.0,0.886135,0.422734,0.0,1.444475,0.911174,0.0,1.013598,1.899172,0.001037,0.726825,0.695326,0.0,0.0,0.0,0.522721,0.0,0.0,0.0,0.0,0.0,0.0,0.0,1.393756,1.766419,0.748546,0.0,0.161926,0.28787,0.426576,0.942232,0.946378,1.449695,1.189469,0.053677,0.0,1.981838,1.516163,0.0,0.0,0.0,1.592095,1.892718,0.60163,1.454462,1.166624,0.867911,0.797888,0.882686,0.555902,0.0,1.171631,0.701429,0.124862
203,0.134885,0.0,0.343723,0.0,0.104894,0.185669,0.0,0.836545,0.0,1.117977,0.0,0.637473,0.564328,0.0,1.210239,0.991166,0.0,0.821579,1.4526,0.0,0.735683,0.82312,0.0,0.0,0.0,0.292241,0.0,0.0,0.0,0.0,0.0,0.0,0.0,1.502563,1.651807,0.929575,0.0,0.225284,0.600525,0.471554,0.806313,0.856196,1.164776,0.856958,0.054814,0.071077,1.81693,1.548868,0.0,0.0,0.0,1.390515,1.769765,0.773272,1.548388,1.220865,1.006342,0.802354,0.871346,0.879523,0.0,1.299223,0.395185,0.272317
204,0.245394,0.0,0.399353,0.0,0.108778,0.435039,0.160193,0.87328,0.0,0.83686,0.0,0.395821,0.534695,0.0,1.359144,0.989249,0.0,0.686925,1.314118,0.0,0.654828,0.903563,0.0,0.0,0.0,0.319037,0.0,0.0,0.0,0.0,0.0,0.0,0.0,1.360734,1.176884,0.882681,0.0,0.068684,0.571959,0.602888,0.575743,0.569788,0.873641,0.7509,0.222425,0.169723,1.508295,1.296374,0.0,0.0,0.0,1.352757,1.438992,0.788976,1.357211,1.097006,1.380155,0.558445,0.753348,1.093332,0.0,1.305462,0.658865,0.438354
205,0.255266,0.0,0.325316,0.0,0.211808,0.567319,0.315088,0.872142,0.0,0.588566,0.0,0.27661,0.522858,0.0,1.385051,1.028295,0.0,0.643807,1.393824,0.0,0.563032,1.092024,0.0,0.0,0.0,0.48809,0.0,0.0,0.0,0.0,0.0,0.0,0.039807,1.188197,1.19365,1.006779,0.0,0.098985,0.838341,0.654634,0.4177,0.276759,0.81852,0.695944,0.320153,0.0,1.652003,1.03671,0.0,0.0,0.0,1.215541,1.280373,0.893329,1.663305,0.926204,1.687831,0.219671,0.726926,0.931145,0.0,1.327309,0.547925,0.497115
206,0.320255,0.0,0.375234,0.0,0.0,0.729453,0.328271,0.739491,0.0,0.480861,0.0,0.242319,0.522524,0.0,1.148551,1.00686,0.0,0.414148,1.163552,0.0,0.510575,0.874143,0.0,0.0,0.0,0.779322,0.263624,0.0,0.0,0.0,0.0,0.0,0.0,1.123926,1.047715,0.729733,0.0,0.0,1.068483,0.369483,0.540899,0.307101,0.521969,0.517483,0.087528,0.35283,1.189409,0.978544,0.0,0.0,0.0,0.741855,0.842567,1.059778,1.433967,0.612454,1.813762,0.620951,0.609142,1.089007,0.0,1.276498,0.479077,0.889587
207,0.600096,0.0,0.42832,0.0,0.0,0.853942,0.725325,0.700842,0.0,0.215058,0.099827,0.0,0.683677,0.0,1.326303,0.947264,0.0,0.209652,1.102054,0.194974,0.287093,1.051592,0.0,0.0,0.0,0.8649,0.213677,0.0,0.0,0.0,0.0,0.0,0.364664,0.899938,0.686628,0.595144,0.0,0.0,1.181585,0.557901,0.321884,0.0,0.121234,0.369117,0.040853,0.394168,0.910545,0.553747,0.354934,0.0,0.0,0.727656,0.584806,0.949372,1.170257,0.403041,2.049307,0.427889,0.728446,1.161458,0.150457,1.118995,0.648169,0.882136
208,0.809902,0.0,0.422672,0.155215,0.0,1.057396,0.84108,0.290731,0.0,0.228902,0.032934,0.0,0.766207,0.0,1.29911,0.891988,0.0,0.0,1.212436,0.260612,0.121986,1.181476,0.0,0.0,0.0,1.14193,0.577341,0.0,0.0,0.0,0.0,0.0,0.484976,0.775599,0.332687,0.299446,0.0,0.0,1.262515,0.524188,0.19676,0.0,0.0,0.288021,0.0,0.459209,0.48392,0.318304,0.602185,0.0,0.0,0.54843,0.08397,0.931883,0.859637,0.306117,2.30413,0.460942,0.781338,1.268778,0.410219,1.08897,0.853486,0.913253
209,0.803988,0.0,0.332582,0.163057,0.0,1.004074,0.762917,0.571243,0.0,0.021454,0.0,0.0,0.83317,0.0,1.248112,0.9291,0.0,0.0,1.299376,0.361487,0.25281,0.88697,0.0,0.0,0.0,1.292218,1.00523,0.0,0.0,0.0,0.0,0.0,0.583462,0.655886,0.194513,0.241604,0.0,0.0,1.30448,0.316178,0.151354,0.0,0.0,0.372083,0.0,0.439567,0.400553,0.252979,0.449888,0.0,0.051068,0.383882,0.151372,0.524835,0.589729,0.103635,2.12523,0.46195,0.766542,1.371162,0.847404,1.047525,1.004946,0.96964
210,0.835693,0.0,0.312919,0.067141,0.0,0.965002,0.611657,0.427159,0.0,0.066543,0.0,0.0,0.979388,0.0,1.204235,0.842406,0.0,0.0,1.356512,0.301012,0.277665,0.864834,0.0,0.0,0.0,1.457222,1.233982,0.0,0.0,0.0,0.0,0.0,0.464025,0.818526,0.297745,0.195762,0.0,0.0,1.299658,0.355548,0.0,0.0,0.0,0.419687,0.0,0.119595,0.486812,0.26706,0.478269,0.207282,0.131917,0.286178,0.037961,0.338806,0.643971,0.084871,2.152966,0.307361,0.704553,1.207164,0.863804,0.945372,0.890662,0.701429
211,0.676126,0.0,0.384394,0.0,0.0,0.696718,0.478391,0.430291,0.0,0.0,0.0,0.0,1.218746,0.0,1.025817,0.675238,0.0,0.193754,0.82866,0.187517,0.169447,0.497911,0.0,0.0,0.0,1.427791,1.191544,0.0,0.0,0.0,0.0,0.0,0.106178,1.297983,0.485986,0.260775,0.0,0.0,1.197001,0.451992,0.219083,0.043614,0.196403,0.821072,0.0,0.224045,0.513632,0.629525,0.120499,0.507065,0.181277,0.66729,0.016493,0.12539,0.316232,0.097463,1.874092,0.464532,0.448242,1.158388,0.920297,0.716729,0.96584,0.886193
212,0.703314,0.0,0.331569,0.0,0.0,0.313054,0.375738,0.389627,0.0,0.0,0.0,0.0,1.54768,0.0,1.113256,0.536216,0.0,0.324105,0.701663,0.0,0.356876,0.290837,0.0,0.0,0.0,1.483858,1.055252,0.0,0.0,0.0,0.0,0.0,0.063394,1.659965,0.826838,0.428609,0.0,0.0,1.049863,0.531526,0.330849,0.507512,0.714439,1.091328,0.0,0.094086,0.859686,0.86742,0.059276,0.942216,0.070544,1.091932,0.237788,0.017341,0.331616,0.191562,1.607339,0.576452,0.524957,1.009236,0.896246,0.563594,0.934463,1.019481
213,0.653747,0.0,0.0,0.0,0.0,0.0,0.580551,0.731624,0.0,0.0,0.0,0.0,1.829318,0.0,1.216565,0.568653,0.003672,0.440461,0.452523,0.0,0.604903,0.171271,0.0,0.0,0.0,1.270319,0.776639,0.0,0.0,0.0,0.0,0.0,0.123898,1.837148,1.093592,0.844162,0.0,0.0,0.95186,0.683541,0.475247,0.931693,1.437792,1.082422,0.0,0.0,1.312729,0.935026,0.125971,1.360372,0.0,1.424026,1.04738,0.055483,0.421083,0.366971,1.152805,0.455944,0.518681,0.847389,0.795874,0.508222,0.919998,1.132659
214,0.792239,0.0,0.0,0.0,0.0,0.0,0.309344,0.635696,0.0,0.0,0.0,0.0,2.010024,0.0,0.998127,0.422367,0.0,0.475999,0.287822,0.0,0.964174,0.0,0.0,0.0,0.0,1.394061,0.938876,0.0,0.0,0.0,0.0,0.0,0.027184,2.278663,1.307855,0.873291,0.0,0.0,0.89428,0.746001,0.5611,1.371268,1.543571,1.451198,0.0,0.0,1.243511,1.336121,0.00042,1.895381,0.246016,1.395266,1.113982,0.0,0.34034,0.507637,0.720468,0.734753,0.629603,0.989899,0.900177,0.356166,0.881078,1.232612
215,0.857898,0.0,0.0,0.0,0.0,0.0,0.226701,0.528792,0.0,0.005364,0.0,0.0,2.028242,0.0,0.904089,0.331,0.0,0.535289,0.28423,0.0,0.802434,0.0,0.0,0.04204,0.0,1.271211,1.190424,0.0,0.0,0.0,0.0,0.0,0.066283,2.282553,1.296113,0.487074,0.0,0.0,0.73515,0.785632,0.782976,1.358791,1.491959,1.686446,0.0,0.0,1.056509,1.299033,0.0,1.949182,0.504626,1.613256,0.923347,0.0,0.0,0.494412,0.411103,0.907641,0.544021,1.067467,1.407573,0.362323,1.049701,1.210341
216,0.878093,0.0,0.0,0.0,0.0,0.0,0.186982,0.499057,0.0,0.112576,0.0,0.0,2.03417,0.0,0.743311,0.288475,0.0,0.519409,0.160901,0.048858,0.802634,0.0,0.0,0.0,0.0,1.38022,1.25251,0.0,0.0,0.0,0.0,0.0,0.209132,2.258154,1.251145,0.55731,0.0,0.0,0.734068,0.725717,0.821952,1.486535,1.362972,1.653856,0.0,0.0,1.163411,1.367407,0.0,2.068162,0.525739,1.429573,1.113528,0.0,0.0,0.495595,0.141948,0.923055,0.511889,0.890137,1.242933,0.230416,0.876275,0.984842
217,0.84672,0.0,0.0,0.0,0.0,0.0,0.144789,0.288092,0.0,0.0,0.0,0.0,1.950369,0.0,0.872606,0.277904,0.0,0.456107,0.397019,0.091975,0.581587,0.0,0.0,0.0,0.0,1.588671,1.300133,0.0,0.0,0.0,0.0,0.0,0.407871,2.059757,1.11894,0.358914,0.0,0.0,0.649338,0.506402,0.850782,1.315507,1.308516,1.672354,0.0,0.0,1.180619,1.19629,0.0,1.880522,0.437451,1.333808,1.018536,0.0,0.0,0.376663,0.188486,0.776588,0.48339,0.592616,1.216092,0.141704,0.922399,0.786289
218,0.764767,0.0,0.0,0.160576,0.0,0.0,0.0,0.327178,0.0,0.012535,0.0,0.0,1.733885,0.0,0.749849,0.264179,0.0,0.492961,0.652292,0.114252,0.670726,0.0,0.0,0.0,0.0,1.810368,1.685969,0.0,0.0,0.0,0.0,0.0,0.50241,1.919073,1.112949,0.219062,0.0,0.0,0.504009,0.388997,0.93445,1.174718,1.131201,1.992614,0.0,0.0,0.870619,1.160585,0.0,2.022598,0.846231,1.052368,0.820759,0.0,0.0,0.391486,0.0,0.909951,0.607488,0.801441,1.473275,0.0,0.911737,0.842255
219,0.713342,0.0,0.0,0.0,0.0,0.0,0.102481,0.406612,0.0,0.0,0.0,0.0,1.781839,0.0,0.683674,0.456851,0.0,0.567535,0.56599,0.034171,0.735944,0.0,0.0,0.0,0.0,1.689508,1.332968,0.0,0.0,0.0,0.0,0.0,0.43959,1.989666,1.391549,0.176733,0.0,0.0,0.61419,0.352245,1.156169,1.261288,1.219892,1.845755,0.0,0.0,0.777337,1.080461,0.0,2.12358,0.900543,1.005223,1.100224,0.0,0.0,0.418423,0.0,0.995989,0.742149,0.761648,1.357197,0.0,1.126704,1.114782
220,0.837444,0.0,0.0,0.13211,0.0,0.0,0.080916,0.161692,0.0,0.0,0.0,0.0,1.612285,0.0,0.645724,0.286946,0.0,0.529687,0.473696,0.288132,0.420885,0.0,0.0,0.0,0.0,1.446639,1.420389,0.0,0.0,0.0,0.0,0.0,0.609465,1.858339,1.186369,0.13211,0.0,0.0,0.517733,0.357609,1.000853,1.204812,0.837497,1.621563,0.0,0.0,0.670472,1.074876,0.0,1.806192,0.659818,0.916144,0.657392,0.0,0.0,0.289466,0.0,0.867017,0.698849,0.739617,1.304242,0.0,0.817678,0.697246
221,0.831281,0.0,0.0,0.0,0.0,0.0,0.0,0.10049,0.0,0.097575,0.0,0.0,1.461669,0.0,0.546091,0.428751,0.0,0.556776,0.510481,0.255527,0.38841,0.0,0.0,0.0,0.0,1.447644,1.23436,0.0,0.0,0.0,0.0,0.0,0.542479,1.8495,1.213719,0.234145,0.0,0.0,0.554684,0.183671,0.957169,1.398669,0.786174,1.417929,0.0,0.059966,0.765271,1.032686,0.029831,1.64644,0.604905,0.764244,0.772196,0.0,0.0,0.143154,0.0,0.853974,0.538938,0.49394,1.111397,0.0,0.916432,0.63883
222,0.584307,0.0,0.0,0.054111,0.0,0.0,0.179402,0.352987,0.0,0.06849,0.0,0.0,1.249285,0.0,0.211105,0.372295,0.0,0.46913,0.367295,0.252209,0.597257,0.0,0.0,0.0,0.0,1.315715,1.059687,0.0,0.0,0.0,0.0,0.0,0.550304,1.728664,1.195561,0.208309,0.113405,0.0,0.674246,0.275654,0.907877,1.162495,0.521125,1.303,0.0,0.119813,0.450803,1.065835,0.0,1.620586,0.661844,0.550084,0.804633,0.0,0.0,0.170127,0.019553,0.903782,0.800486,0.862345,1.03388,0.0,0.593463,0.807415
223,0.458498,0.0,0.0,0.124093,0.0,0.0,0.300443,0.450623,0.0,0.0,0.0,0.0,1.041195,0.0,0.487142,0.489258,0.0,0.440797,0.633016,0.218136,0.424712,0.007016,0.0,0.0,0.0,1.354697,1.017845,0.0,0.0,0.0,0.0,0.0,0.612276,1.274821,1.047641,0.063275,0.0,0.0,0.600108,0.155707,0.695076,0.708857,0.536417,1.135339,0.0,0.068783,0.37791,0.692895,0.0,1.20891,0.721562,0.212962,0.62268,0.0,0.0,0.0541,0.347774,0.564057,0.63609,0.641748,0.945609,0.0,0.648215,0.757416
224,0.473388,0.0,0.047047,0.096905,0.0,0.25543,0.105661,0.271684,0.0,0.0,0.0,0.0,0.678807,0.0,0.528195,0.479581,0.0,0.53272,0.790752,0.235233,0.19288,0.302197,0.0,0.015702,0.0,1.532376,1.239509,0.0,0.0,0.0,0.0,0.0,0.500256,0.906633,0.825621,0.071675,0.0,0.0,0.631911,0.070155,0.419594,0.431234,0.352372,1.068164,0.0,0.087618,0.387669,0.437841,0.0,0.792994,0.647825,0.041577,0.096672,0.0,0.041702,0.0,0.643874,0.44003,0.308481,0.403757,0.951545,0.0,0.672876,0.53742
225,0.446997,0.0,0.081646,0.0,0.0,0.36424,0.433243,0.22567,0.0,0.0,0.0,0.0,0.705002,0.0,0.617943,0.466418,0.0,0.322818,0.543276,0.228239,0.0,0.729908,0.0,0.126379,0.0,1.10098,0.779996,0.0,0.0,0.0,0.0,0.0,0.425176,0.724647,0.59636,0.247433,0.0,0.0,0.782943,0.27013,0.223549,0.16407,0.087362,0.402964,0.0,0.020231,0.345856,0.134506,0.310247,0.44282,0.223459,0.0,0.114353,0.171911,0.366794,0.013336,0.967338,0.0,0.356288,0.452529,0.489638,0.15623,0.495617,0.264377
226,0.361004,0.0,0.082034,0.14457,0.0,0.482225,0.492665,0.428094,0.0,0.02105,0.0,0.0,0.356496,0.0,0.415554,0.394928,0.0,0.079453,0.534878,0.288714,0.160022,0.940994,0.0,0.218743,0.0,0.984619,0.723783,0.0,0.09236,0.0,0.0,0.0,0.441449,0.354546,0.44679,0.240904,0.0,0.0,0.812658,0.155165,0.253773,0.089412,0.0,0.253589,0.0,0.290927,0.026425,0.0,0.163217,0.041304,0.249311,0.0,0.134585,0.216202,0.317047,0.0,1.023645,0.134157,0.277043,0.723929,0.471294,0.483704,0.351556,0.325101
227,0.309919,0.0,0.057504,0.115241,0.0,0.442378,0.601367,0.458278,0.0,0.220575,0.0,0.0,0.164961,0.0,0.41606,0.365474,0.0,0.0,0.47931,0.305994,0.297009,1.172737,0.0,0.264596,0.0,0.638075,0.527574,0.0,0.0,0.0,0.101775,0.0,0.469541,0.179338,0.35688,0.441904,0.0,0.0,0.770972,0.006429,0.092781,0.031096,0.0,0.026661,0.0,0.315667,0.0,0.0,0.038571,0.0,0.077221,0.0,0.036567,0.330138,0.818531,0.136508,1.140285,0.0,0.211803,0.70231,0.245326,0.758702,0.24257,0.212644
228,0.256159,0.0,0.058188,0.115169,0.0,0.412071,0.847589,0.703255,0.0,0.266096,0.0,0.0,0.061704,0.0,0.505848,0.446353,0.0,0.0,0.409052,0.421611,0.402398,1.471819,0.0,0.46577,0.0,0.305561,0.067718,0.0,0.0,0.0,0.264154,0.0,0.503887,0.123025,0.36051,0.789505,0.0,0.0,0.709079,0.089062,0.0,0.104352,0.0,0.050624,0.0,0.127808,0.0,0.0,0.0,0.0,0.0,0.238794,0.269218,0.54947,1.047687,0.095866,1.292804,0.0,0.260362,0.716522,0.089314,0.811919,0.1995,0.173619
229,0.0,0.0,0.0,0.065738,0.0,0.431173,0.877316,0.890858,0.0,0.410177,0.0,0.0,0.0,0.0,0.60024,0.622928,0.0,0.093566,0.562358,0.289592,0.537028,1.485306,0.0,0.510411,0.0,0.205927,0.0,0.0,0.0,0.0,0.337926,0.0,0.644643,0.171802,0.378369,0.944363,0.0,0.0,0.661719,0.0,0.0,0.078784,0.045401,0.325765,0.0,0.0,0.0,0.213415,0.0,0.0,0.170151,0.40596,0.231244,0.441023,1.357835,0.181741,1.412822,0.0,0.278968,0.436387,0.047891,1.00394,0.336532,0.042585
230,0.0,0.0,0.0,0.020965,0.0,0.468321,0.679375,0.925234,0.0,0.443193,0.0,0.0,0.0,0.0,0.525498,0.515716,0.0,0.135641,0.589185,0.237944,0.535221,1.478104,0.0,0.47763,0.0,0.315125,0.08133,0.0,0.0,0.0,0.384278,0.0,0.571591,0.102065,0.333373,0.930025,0.0,0.0,0.610151,0.0,0.0,0.128475,0.091433,0.512312,0.0,0.0,0.0,0.265937,0.0,0.0,0.315115,0.320011,0.263544,0.276628,1.464225,0.190723,1.232681,0.0,0.242426,0.349309,0.038737,1.138285,0.140985,0.0
231,0.0,0.0,0.03344,0.117965,0.0,0.466695,0.71777,0.934479,0.0,0.565851,0.0,0.0,0.0,0.0,0.71365,0.59073,0.0,0.201509,0.72463,0.326704,0.597336,1.356383,0.0,0.651785,0.0,0.417334,0.329613,0.0,0.0,0.0,0.440225,0.0,0.627033,0.0,0.013622,0.950515,0.0,0.0,0.528423,0.0,0.0,0.12904,0.236706,0.691211,0.0,0.0,0.0,0.240966,0.0,0.172395,0.354705,0.42691,0.187668,0.096869,1.40773,0.397109,1.281549,0.0,0.253843,0.283056,0.230167,1.25578,0.462445,0.0
232,0.02437,0.0,0.0,0.298815,0.0,0.503398,0.390533,0.941514,0.0,0.49214,0.0,0.0,0.103735,0.0,0.647462,0.489221,0.0,0.233108,0.784118,0.28161,0.646747,0.983476,0.0,0.685451,0.0,0.632471,0.650429,0.0,0.0,0.0,0.332064,0.0,0.519473,0.0,0.0,0.724872,0.0,0.03482,0.454349,0.0,0.0,0.28493,0.541971,0.990659,0.0,0.005012,0.0,0.225865,0.0,0.110542,0.488615,0.438738,0.278432,0.0,0.951628,0.282898,1.07738,0.04069,0.283969,0.271344,0.175225,1.22296,0.287113,0.0
233,0.044933,0.0,0.07837,0.343714,0.0,0.504757,0.0,0.674154,0.0,0.491835,0.0,0.0,0.187953,0.0,0.557773,0.562814,0.0,0.590106,0.581657,0.164631,0.683047,0.707926,0.0,0.502874,0.0,0.743257,0.861434,0.0,0.0,0.0,0.420683,0.0,0.253586,0.290511,0.216489,0.596199,0.0,0.0,0.301246,0.0,0.0,0.436903,0.532134,1.321575,0.0,0.227385,0.0,0.619873,0.0,0.446875,0.834468,0.315245,0.275295,0.0,1.082076,0.377455,0.925154,0.331991,0.401699,0.0,0.090911,1.054379,0.242009,0.0
234,0.178167,0.0,0.02994,0.301923,0.0,0.258731,0.0,0.483939,0.0,0.390375,0.0,0.0,0.36667,0.0,0.355027,0.523116,0.0,0.714581,0.568209,0.162022,0.687533,0.368883,0.0,0.530976,0.0,0.81375,1.066256,0.0,0.0,0.0,0.197889,0.0,0.121017,0.431098,0.283039,0.41867,0.0,0.143269,0.239561,0.0,0.207704,0.571808,0.659328,1.418576,0.0,0.400283,0.08415,0.705857,0.0,0.419079,0.751292,0.295737,0.367909,0.0,0.822794,0.465263,0.789199,0.615202,0.548824,0.0,0.145997,1.094949,0.070681,0.0
235,0.344857,0.0,0.189547,0.367255,0.0,0.0,0.0,0.229869,0.0,0.48294,0.0,0.0,0.563575,0.0,0.388031,0.700691,0.0,0.797737,0.695592,0.183742,0.556834,0.18233,0.0,0.797809,0.0,0.852503,1.235703,0.0,0.0,0.0,0.134967,0.0,0.28232,0.444835,0.136226,0.383008,0.0,0.218362,0.192889,0.0,0.082348,0.644851,0.594992,1.573865,0.0,0.31413,0.173512,0.71789,0.0,0.539846,0.677326,0.474846,0.038544,0.0,0.685441,0.702137,1.030391,0.625398,0.574954,0.113781,0.327213,1.161568,0.265547,0.0
236,0.443563,0.0,0.266637,0.192241,0.0,0.0,0.0,0.0,0.0,0.354309,0.0,0.0,0.743355,0.0,0.601404,0.872519,0.0,0.923506,0.711937,0.0,0.323789,0.133144,0.074687,0.682725,0.0,1.081533,1.138885,0.0,0.0,0.0,0.062508,0.0,0.274647,0.514622,0.154925,0.320452,0.0,0.318339,0.090301,0.0,0.14208,0.711022,0.539338,1.659318,0.0,0.062851,0.493103,0.729505,0.0,0.70294,0.500486,0.716167,0.0,0.0,0.780375,0.895776,1.345104,0.624694,0.693732,0.03787,0.510835,1.084723,0.416562,0.0
237,0.650222,0.0,0.192884,0.26751,0.0,0.0,0.0,0.0,0.0,0.284015,0.0,0.0,1.102591,0.0,0.217174,0.845073,0.0,0.842011,0.492777,0.0,0.488609,0.0,0.373173,0.71266,0.0,1.084556,1.175046,0.0,0.0,0.0,0.0,0.0,0.38074,1.076472,0.296989,0.435735,0.072025,0.509092,0.125343,0.0,0.361555,1.135033,0.43447,1.761295,0.0,0.179668,0.325964,1.097226,0.0,0.964229,0.500878,0.79496,0.0,0.017198,0.581248,0.956158,1.447726,0.964392,1.010961,0.457979,0.659696,0.783823,0.452939,0.0
238,0.643476,0.0,0.196931,0.317266,0.0,0.0,0.0,0.0,0.0,0.223486,0.0,0.0,1.088969,0.0,0.129797,0.918308,0.0,1.008581,0.534258,0.121854,0.547566,0.0,0.599307,0.63517,0.0,1.171559,1.333937,0.0,0.0,0.0,0.0,0.0,0.433777,1.367733,0.446114,0.629263,0.014353,0.305,0.115466,0.0,0.369333,1.142936,0.329158,2.020135,0.0,0.112674,0.293293,1.274692,0.0,1.122163,0.64241,0.69514,0.0,0.0,0.406869,0.91001,1.167031,0.959983,1.130749,0.695877,0.837967,0.628087,0.561098,0.0
239,0.572251,0.0,0.132015,0.325313,0.0,0.0,0.0,0.0,0.0,0.38965,0.0,0.0,0.894604,0.0,0.0,1.0725,0.0,1.098018,0.956778,0.054955,0.504107,0.0,0.295007,0.648283,0.0,1.382988,1.534399,0.0,0.0,0.0,0.0,0.0,0.471707,1.52206,0.778053,0.567712,0.0,0.383034,0.09264,0.0,0.42404,1.09999,0.342683,2.111287,0.0,0.246271,0.553637,1.318219,0.0,1.102727,0.70865,0.589041,0.0,0.0,0.424595,0.78302,1.03194,1.036474,1.247665,0.646976,0.86057,0.456264,0.674615,0.024573
240,0.549465,0.0,0.025916,0.201208,0.0,0.0,0.0,0.0,0.0,0.31641,0.0,0.0,0.911535,0.0,0.282224,1.015339,0.0,1.086269,0.964653,0.132915,0.430357,0.0,0.389239,0.294649,0.0,1.197483,1.198887,0.0,0.0,0.0,0.0,0.0,0.328694,1.515852,0.889507,0.576322,0.0,0.22164,0.070077,0.0,0.507074,1.155741,0.493202,1.918961,0.0,0.073281,0.621336,1.18755,0.0,1.136379,0.606282,0.524661,0.106997,0.029546,0.402419,0.585107,0.989569,0.956337,1.27076,0.483968,0.742286,0.290315,0.865991,0.085952
241,0.452506,0.0,0.0,0.065651,0.0,0.0,0.0,0.0,0.0,0.302116,0.0,0.0,0.855736,0.0,0.407833,0.96326,0.0,0.958208,0.98308,0.208037,0.40231,0.008019,0.348392,0.059898,0.0,1.06632,0.972414,0.0,0.0,0.0,0.0,0.0,0.231913,1.377129,0.998883,0.601182,0.0,0.027828,0.101009,0.0,0.628557,1.190935,0.717668,1.623534,0.0,0.111739,0.679001,0.977017,0.0,1.125974,0.518509,0.374002,0.63108,0.120523,0.416336,0.409769,0.791428,0.932951,1.139093,0.365327,0.469471,0.098259,0.891277,0.255327
242,0.310364,0.0,0.0,0.177683,0.0,0.0,0.0,0.0,0.0,0.339523,0.0,0.0,0.500838,0.0,0.491045,0.730577,0.0,0.996493,1.144913,0.170823,0.281847,0.170616,0.0,0.030785,0.0,1.10278,0.84919,0.0,0.0,0.0,0.0,0.0,0.308858,1.094381,1.065063,0.291513,0.0,0.152895,0.153915,0.0,0.672512,0.688783,0.632646,1.411402,0.0,0.058711,0.669972,0.665339,0.0,0.691509,0.397911,0.259823,0.381057,0.0,0.260989,0.283881,0.790558,0.774035,0.98932,0.16636,0.418017,0.066423,0.677996,0.099399
243,0.308748,0.0,0.0,0.199504,0.066565,0.0,0.028288,0.207978,0.0,0.167621,0.0,0.016556,0.462838,0.0,0.398606,0.44649,0.0,0.753212,0.864206,0.444311,0.157639,0.424505,0.0,0.130428,0.0,0.833133,0.759225,0.0,0.0,0.0,0.0,0.0,0.486065,0.59017,0.823647,0.348826,0.0,0.016397,0.194537,0.0,0.648572,0.396731,0.577157,0.942051,0.0,0.050971,0.733012,0.306004,0.0,0.417945,0.183992,0.207672,0.528621,0.0,0.153399,0.229741,0.514415,0.334985,0.418851,0.215704,0.417532,0.135237,0.584177,0.0
244,0.426791,0.0,0.0,0.176141,0.0,0.0,0.0,0.450106,0.0,0.206689,0.0,0.0,0.349276,0.0,0.17848,0.120636,0.0,0.60099,0.390078,0.545865,0.482253,0.404684,0.0,0.075189,0.0,0.869979,0.707919,0.0,0.068204,0.0,0.0,0.0,0.429943,0.653593,0.864783,0.297076,0.0,0.0,0.343715,0.071642,0.907975,0.610537,0.413566,0.873662,0.0,0.193576,0.318211,0.332229,0.0,0.703835,0.546888,0.015378,0.636389,0.0,0.096211,0.184705,0.0,0.476496,0.237764,0.212949,0.482598,0.0,0.391281,0.113506
245,0.583444,0.0,0.0,0.167045,0.0,0.0,0.173958,0.610631,0.0,0.234321,0.0,0.0,0.426995,0.0,0.089637,0.036106,0.0,0.537425,0.24676,0.729626,0.648781,0.457686,0.0,0.129659,0.0,0.797044,0.599237,0.0,0.268597,0.0,0.040398,0.0,0.704652,0.47804,0.739803,0.558174,0.0,0.0,0.257118,0.173524,0.851504,0.687554,0.391902,0.94939,0.0,0.206109,0.333203,0.362927,0.0,0.896329,0.780655,0.000375,0.867638,0.0,0.392025,0.055309,0.0,0.367626,0.189819,0.003414,0.47617,0.0,0.420483,0.181267
246,0.795009,0.0,0.0,0.071381,0.0,0.0,0.243764,0.712858,0.0,0.261174,0.0,0.0,0.548442,0.0,0.0,0.0,0.0,0.639488,0.037357,0.724817,0.706807,0.458995,0.0,0.185738,0.0,0.808175,0.486354,0.0,0.24649,0.0,0.154325,0.200172,0.843735,0.518952,0.906266,0.663338,0.0,0.0,0.278106,0.308742,0.963523,0.808074,0.343282,1.164123,0.0,0.173418,0.186394,0.38325,0.180209,1.129254,1.000806,0.121052,1.056276,0.0,0.378387,0.230831,0.0,0.443153,0.266601,0.0,0.526511,0.023319,0.385743,0.232081
247,0.851808,0.0,0.0,0.246016,0.0,0.0,0.0,0.730143,0.0,0.353309,0.0,0.0,0.488694,0.0,0.0,0.0,0.0,0.864987,0.062122,0.750718,0.908138,0.232345,0.012163,0.146543,0.0,1.008686,0.671326,0.0,0.204333,0.0,0.160304,0.135803,1.085419,0.688874,1.115986,0.612989,0.0,0.0,0.231174,0.453003,1.103873,0.879817,0.536749,1.660121,0.0,0.115278,0.140692,0.518879,0.250311,1.276207,1.415857,0.152504,1.081997,0.0,0.413407,0.288826,0.0,0.747371,0.344663,0.0,0.839017,0.015844,0.47152,0.184669
248,1.006305,0.0,0.0,0.153831,0.0,0.0,0.0,0.362758,0.0,0.344046,0.0,0.0,0.474057,0.0,0.0,0.106832,0.0,0.87385,0.399718,0.921126,0.974325,0.22937,0.0,0.063671,0.0,1.385069,1.02417,0.0,0.032603,0.0,0.0,0.0,1.145211,0.733307,1.036389,0.499861,0.0,0.0,0.128946,0.124295,1.246644,0.974939,0.576455,1.841891,0.0,0.139159,0.21545,0.389236,0.084894,1.435199,1.345573,0.0,0.851084,0.0,0.33617,0.366795,0.0,0.824496,0.468595,0.0,0.925271,0.196798,0.69337,0.0
249,1.197267,0.0,0.0,0.185085,0.0,0.0,0.0,0.201492,0.0,0.54375,0.0,0.0,0.546542,0.0,0.02828,0.124456,0.0,1.043392,0.369491,0.899934,1.064105,0.009864,0.0,0.123088,0.0,1.590203,1.14374,0.0,0.0,0.0,0.056676,0.0,1.142617,0.994109,1.08298,0.4933,0.0,0.0,0.100185,0.104659,1.284844,1.234004,0.661305,2.178142,0.0,0.202576,0.20002,0.629844,0.246939,1.689939,1.456852,0.0,0.868419,0.0,0.522029,0.420514,0.0,1.023021,0.634812,0.0,0.986244,0.077346,0.796136,0.0
250,1.340905,0.0,0.0,0.27448,0.0,0.0,0.0,0.259153,0.0,0.636489,0.0,0.0,0.548949,0.0,0.0,0.043508,0.0,1.12109,0.321224,0.946049,1.125724,0.0,0.007585,0.152447,0.0,1.6361,1.294624,0.0,0.0,0.0,0.04223,0.0,1.233264,1.11351,1.282,0.453624,0.0,0.0,0.155909,0.22604,1.398616,1.297864,0.570131,2.418286,0.0,0.197809,0.049726,0.658967,0.203594,1.817297,1.547925,0.033049,0.75388,0.0,0.319561,0.664216,0.0,1.328713,0.798851,0.0,0.961052,0.172359,0.62165,0.0
251,1.236357,0.0,0.0,0.34258,0.0,0.0,0.0,0.47848,0.0,0.678735,0.0,0.0,0.484955,0.0,0.0,0.019135,0.0,1.187488,0.292085,0.989934,1.040509,0.0,0.0,0.128233,0.0,1.388329,1.310644,0.0,0.0,0.0,0.105599,0.0,1.256863,0.839267,1.248738,0.505508,0.0,0.0,0.110196,0.247482,1.365353,1.155584,0.648259,2.455137,0.0,0.187457,0.170394,0.601894,0.196196,1.706744,1.613607,0.198785,1.015725,0.0,0.368466,0.642224,0.0,1.296842,0.691948,0.0,0.874251,0.3208,0.583703,0.0
252,0.885964,0.0,0.0,0.509751,0.0,0.0,0.0,0.612124,0.0,0.61419,0.0,0.0,0.268151,0.0,0.011451,0.025687,0.0,1.377249,0.551389,0.929402,1.276847,0.0,0.0,0.0,0.0,1.539784,1.139039,0.0,0.0,0.0,0.0,0.0,1.189107,0.954927,1.340884,0.380209,0.0,0.0,0.087954,0.295219,1.444236,1.133224,0.870745,2.600681,0.0,0.166158,0.264021,0.794794,0.214662,1.636511,1.786172,0.110311,1.27924,0.0,0.312647,0.473825,0.0,1.387444,0.699305,0.0,0.823115,0.321646,0.637216,0.0
253,0.581758,0.0,0.0,0.496526,0.0,0.0,0.0,0.688329,0.0,0.486135,0.0,0.0,0.158387,0.0,0.316719,0.149291,0.0,1.361554,0.806713,0.981623,1.34666,0.155559,0.0,0.0,0.0,1.647316,1.020086,0.0,0.0,0.0,0.0,0.0,1.198296,0.69122,1.017364,0.390435,0.0,0.0,0.007258,0.077519,1.357135,0.922523,1.112472,2.42452,0.0,0.136535,0.532477,0.692582,0.14338,1.451204,1.670471,0.0,1.438238,0.0,0.450167,0.300975,0.0,1.041594,0.50848,0.0,0.663468,0.374634,0.799175,0.0
254,0.557357,0.0,0.0,0.434769,0.0,0.0,0.0,0.859236,0.0,0.59812,0.0,0.0,0.082435,0.0,0.430197,0.172432,0.0,1.247716,0.844187,1.067014,1.323841,0.409789,0.0,0.065955,0.0,1.522633,1.030222,0.0,0.0,0.0,0.086718,0.0,1.349098,0.363361,0.790421,0.656814,0.0,0.0,0.00854,0.0,1.078361,0.768585,1.055065,2.289173,0.0,0.006823,0.514084,0.501591,0.0,1.390966,1.748695,0.0,1.103245,0.0,0.707903,0.373263,0.0,0.711153,0.304043,0.0,0.658028,0.619152,0.878082,0.0
255,0.513536,0.0,0.0,0.509693,0.0,0.022558,0.0,0.936242,0.0,0.524098,0.0,0.0,0.0,0.0,0.339679,0.0,0.0,1.199724,0.709678,0.941965,1.447346,0.422218,0.0,0.023645,0.0,1.34104,0.845707,0.0,0.0,0.0,0.053333,0.027729,1.220963,0.434805,0.82842,0.659301,0.0,0.0,0.159953,0.02024,0.984202,0.606401,1.00785,2.107993,0.0,0.232718,0.26502,0.563333,0.071519,1.220059,1.676627,0.0,1.132285,0.0,0.729937,0.159592,0.0,0.723792,0.333017,0.0,0.572027,0.551245,0.541366,0.0
256,0.672838,0.0,0.0,0.495858,0.0,0.204328,0.0,1.016153,0.0,0.599762,0.0,0.0,0.0,0.0,0.106521,0.0,0.0,0.923888,0.245553,0.968858,1.374627,0.620262,0.0,0.28704,0.0,0.743132,0.679455,0.0,0.029628,0.0,0.205552,0.088926,1.213639,0.254268,0.640742,0.868447,0.0,0.020375,0.392782,0.0,0.609253,0.352751,0.730405,1.60983,0.0,0.305345,0.039964,0.500981,0.095864,1.083694,1.49069,0.102812,0.993728,0.0,0.896649,0.056139,0.0,0.43323,0.255458,0.0,0.50347,0.578895,0.320749,0.0
257,0.783923,0.0,0.0,0.498911,0.0,0.408424,0.224405,0.919466,0.0,0.557476,0.0,0.0,0.028294,0.0,0.0,0.0,0.0,0.571451,0.184064,1.030955,1.215201,0.811302,0.0,0.45515,0.0,0.54766,0.790551,0.0,0.067495,0.0,0.290643,0.0,1.254707,0.0,0.278139,0.984956,0.0,0.132253,0.523058,0.0,0.26164,0.087401,0.552354,1.341927,0.0,0.357602,0.0,0.195054,0.094594,1.001981,1.333885,0.09248,0.602652,0.0,1.015175,0.0,0.036833,0.140195,0.105019,0.0,0.520309,0.743039,0.250963,0.0
258,0.727085,0.0,0.0,0.346726,0.0,0.458015,0.137012,0.796245,0.0,0.289292,0.0,0.0,0.103199,0.0,0.160447,0.028898,0.0,0.443847,0.316107,0.969891,1.245077,0.876523,0.0,0.312466,0.0,1.067537,0.941145,0.0,0.033105,0.0,0.236262,0.0,1.175367,0.004532,0.10547,1.046225,0.0,0.01806,0.558683,0.0,0.303946,0.010122,0.4578,1.185635,0.0,0.454956,0.0,0.0,0.157584,0.998275,1.272367,0.0,0.232916,0.0,1.01672,0.0,0.295207,0.0,0.080463,0.0,0.46956,0.83503,0.163631,0.0
259,0.903154,0.0,0.0,0.437219,0.0,0.60233,0.606481,0.84733,0.0,0.333842,0.0,0.0,0.175473,0.0,0.193223,0.023384,0.0,0.110929,0.356054,0.983205,1.110653,0.917495,0.0,0.629224,0.0,0.954031,1.113634,0.0,0.0,0.0,0.414475,0.0,1.410861,0.0,0.0,1.159842,0.0,0.0,0.6894,0.0,0.023728,0.0,0.409421,0.915912,0.0,0.386482,0.0,0.0,0.113382,0.86768,1.214099,0.0,0.0,0.0,1.048961,0.0,0.730829,0.0,0.0,0.089551,0.76025,1.110416,0.37129,0.180918
260,0.663875,0.0,0.0,0.254534,0.0,0.702759,0.654088,0.835561,0.0,0.078407,0.0,0.0,0.272551,0.0,0.356067,0.102314,0.0,0.093211,0.243924,0.806459,1.01309,0.862206,0.0,0.494278,0.0,0.987182,0.859697,0.0,0.092675,0.0,0.43653,0.0,1.162059,0.0,0.0,1.095151,0.0,0.0,0.823746,0.0,0.007153,0.0,0.556927,0.912916,0.0,0.251588,0.0,0.0,0.101103,0.802702,1.199593,0.0,0.0,0.0,1.006609,0.0,0.799594,0.0,0.0,0.0,0.811149,0.931383,0.473179,0.204929
261,0.952824,0.0,0.0,0.325795,0.0,0.893396,0.889889,0.816599,0.0,0.003248,0.0,0.0,0.536146,0.0,0.290099,0.0,0.0,0.006961,0.0,0.755332,0.669113,1.052052,0.0,0.599763,0.0,0.931258,0.994513,0.0,0.012376,0.0,0.529988,0.0,1.01561,0.0,0.0,0.978273,0.0,0.0,0.871154,0.252079,0.126721,0.0,0.28932,0.870168,0.0,0.446107,0.0,0.0,0.47059,0.969094,1.089508,0.010162,0.0,0.0,0.804634,0.0,0.933687,0.0,0.0,0.301487,0.686477,0.518776,0.21322,0.540323
262,1.056047,0.0,0.0,0.139971,0.0,0.659625,0.438563,0.647344,0.0,0.0,0.0,0.0,0.640253,0.0,0.0,0.0,0.0,0.042512,0.044613,0.805648,0.820932,0.92353,0.0,0.503653,0.0,1.304997,0.965741,0.0,0.149371,0.0,0.346328,0.0,1.059143,0.16718,0.24311,0.944233,0.0,0.090556,0.917671,0.276412,0.124002,0.0,0.0,0.883175,0.0,0.46988,0.0,0.0,0.407864,1.077713,0.969913,0.0,0.004887,0.0,0.94105,0.0,0.638765,0.0,0.0,0.437183,0.805068,0.367873,0.004272,0.392316
263,0.998479,0.0,0.0,0.019234,0.0,0.414371,0.505933,0.608758,0.0,0.0,0.0,0.0,0.634645,0.0,0.128328,0.0,0.0,0.004735,0.179513,0.876043,0.870119,0.80897,0.0,0.393439,0.0,1.185197,0.768954,0.0,0.270516,0.0,0.381536,0.0,1.036117,0.138797,0.172614,1.095454,0.0,0.0,0.709492,0.06124,0.159136,0.089853,0.015995,0.683133,0.0,0.452805,0.0,0.0,0.297499,1.035445,0.942,0.0,0.086012,0.0,1.068606,0.0,0.511682,0.0,0.0,0.186929,0.865986,0.308491,0.325981,0.391418
264,1.062421,0.0,0.0,0.0,0.0,0.430097,0.451673,0.584122,0.0,0.0,0.0,0.0,0.610532,0.0,0.105984,0.0,0.0,0.0,0.143178,0.724427,0.767873,0.839575,0.0,0.46809,0.0,1.122278,0.883493,0.0,0.230042,0.0,0.202716,0.0,1.010694,0.140379,0.341694,0.850822,0.0,0.0,0.76294,0.181659,0.422577,0.090587,0.026238,0.492138,0.0,0.443889,0.0,0.0,0.35548,0.969764,0.784881,0.0,0.033893,0.0,0.664511,0.0,0.464788,0.0,0.0,0.454338,0.92326,0.184601,0.159441,0.467025
265,0.918634,0.0,0.0,0.027074,0.0,0.25392,0.622165,0.683485,0.0,0.0,0.0,0.0,0.568559,0.102107,0.09633,0.077365,0.0,0.016541,0.176036,0.86231,0.736831,0.890413,0.0,0.328498,0.0,0.968577,0.673138,0.0,0.328795,0.0,0.132592,0.260697,0.969474,0.053486,0.336136,0.92775,0.0,0.0,0.5885,0.22155,0.507392,0.192504,0.0,0.373528,0.0,0.469319,0.0,0.0,0.306467,0.914935,0.806523,0.0,0.397929,0.0,0.677868,0.0,0.250589,0.0,0.0,0.454707,0.799625,0.090179,0.162333,0.460408
266,0.89989,0.0,0.0,0.175323,0.0,0.212202,0.593554,0.665984,0.0,0.075287,0.0,0.0,0.420832,0.0,0.008991,0.0,0.0,0.0,0.02371,0.809708,0.80472,0.843629,0.0,0.383522,0.0,0.599867,0.518418,0.0,0.38356,0.0,0.144036,0.244867,0.922933,0.205304,0.510304,0.710745,0.0,0.0,0.571077,0.306131,0.499767,0.288455,0.066086,0.141808,0.0,0.503849,0.0,0.051233,0.349668,0.693291,0.621114,0.001312,0.470246,0.0,0.493932,0.0,0.16171,0.048412,0.0,0.511941,0.694134,0.0,0.168275,0.52632
267,0.932693,0.0,0.0,0.209079,0.0,0.215397,0.730241,0.680866,0.0,0.1797,0.0,0.0,0.45387,0.0,0.147574,0.034287,0.0,0.0,0.0,0.766197,0.553847,0.783527,0.0,0.486657,0.0,0.21887,0.414137,0.0,0.11093,0.0,0.219231,0.069121,0.784332,0.204017,0.427578,0.561491,0.0,0.0,0.512242,0.299007,0.526869,0.261755,0.241036,0.0,0.0,0.48144,0.065495,0.08686,0.480312,0.526296,0.343125,0.250892,0.509022,0.0,0.343389,0.0,0.414346,0.12188,0.0,0.403516,0.403629,0.0,0.206486,0.686198
268,0.888794,0.0,0.0,0.17236,0.0,0.273525,0.474891,0.470854,0.0,0.15496,0.0,0.0,0.418795,0.100092,0.256554,0.129971,0.0,0.0,0.070618,0.783236,0.430299,0.761493,0.0,0.277637,0.0,0.408253,0.511129,0.0,0.0,0.0,0.053811,0.094679,0.71902,0.177435,0.360667,0.352336,0.0,0.0,0.473327,0.190919,0.56957,0.244311,0.128264,0.0,0.0,0.557693,0.007435,0.0,0.411608,0.550298,0.134992,0.0,0.446238,0.0,0.162625,0.052302,0.557338,0.231984,0.092953,0.525437,0.254443,0.0,0.158771,0.477463
269,0.719132,0.0,0.0,0.242354,0.0,0.180579,0.08007,0.365155,0.0,0.112223,0.0,0.0,0.331089,0.05588,0.226503,0.272366,0.0,0.008383,0.549648,0.677377,0.463938,0.593107,0.0,0.05814,0.238644,0.788324,0.671398,0.0,0.0,0.0,0.0,0.023572,0.89895,0.20234,0.440394,0.115843,0.0,0.0,0.35186,0.0,0.611211,0.262352,0.144129,0.224111,0.0,0.568426,0.12827,0.062518,0.308184,0.470576,0.266474,0.0,0.416778,0.0,0.247847,0.062707,0.42749,0.326819,0.271338,0.483684,0.392929,0.033068,0.225411,0.345168
270,0.749516,0.0,0.0,0.389403,0.0,0.410945,0.066554,0.28526,0.0,0.166165,0.0,0.13063,0.236179,0.014449,0.50958,0.452559,0.0,0.162553,0.654107,0.552669,0.265706,0.424255,0.0,0.105642,0.262958,1.021449,0.840533,0.0,0.0,0.0,0.0,0.0,0.84452,0.08872,0.338779,0.0,0.0,0.0,0.351716,0.0,0.657123,0.170965,0.261015,0.530142,0.0,0.639138,0.108644,0.069009,0.332692,0.487013,0.387827,0.019488,0.25696,0.0,0.017811,0.14858,0.538684,0.669744,0.28604,0.500547,0.584718,0.129525,0.501042,0.590189
271,0.939922,0.0,0.0,0.583925,0.06739,0.34649,0.174876,0.239598,0.0,0.44044,0.0,0.121749,0.239541,0.0,0.38055,0.385698,0.0,0.0,0.575615,0.642389,0.287221,0.378051,0.0,0.175716,0.016852,0.732093,0.977038,0.0,0.0,0.0,0.0,0.0,0.931213,0.0,0.140039,0.0,0.0,0.0,0.340339,0.0,0.589712,0.218817,0.093966,0.205208,0.0,0.626378,0.169258,0.002905,0.405383,0.385616,0.272371,0.108686,0.411408,0.0,0.11694,0.181312,0.543172,0.618174,0.358232,0.664816,0.523733,0.158296,0.447128,0.424037
272,0.905277,0.0,0.0,0.697287,0.0,0.274694,0.0,0.243005,0.0,0.421781,0.0,0.143731,0.273819,0.0,0.182063,0.466469,0.0,0.096572,0.569863,0.71897,0.266266,0.244283,0.0,0.010264,0.152745,0.844762,0.89969,0.0,0.0,0.0,0.0,0.0,1.000493,0.255058,0.514409,0.0,0.0,0.0,0.275351,0.0,0.722474,0.430325,0.058423,0.470171,0.0,0.823084,0.084266,0.326194,0.455554,0.603092,0.418958,0.153235,0.486564,0.0,0.054721,0.246718,0.367896,0.823712,0.589631,0.62462,0.531499,0.111049,0.361078,0.362072
273,0.765062,0.0,0.0,0.57842,0.0,0.31553,0.0,0.119572,0.0,0.349139,0.0,0.26519,0.225497,0.0,0.315153,0.633292,0.0,0.391719,0.930299,0.772262,0.295226,0.179677,0.0,0.0,0.250105,1.195132,1.006862,0.0,0.0,0.0,0.0,0.0,0.93678,0.379296,0.688453,0.0,0.0,0.0,0.247723,0.0,0.982861,0.443369,0.309734,0.816013,0.0,0.778844,0.285611,0.452363,0.372432,0.728438,0.489445,0.142304,0.525934,0.0,0.0,0.307431,0.306986,0.959798,0.718391,0.337943,0.618017,0.267002,0.470057,0.431378
274,0.931723,0.0,0.0,0.605275,0.0,0.273571,0.0,0.289331,0.0,0.44485,0.0,0.136323,0.349555,0.0,0.42775,0.351637,0.0,0.284151,0.666141,0.767057,0.405322,0.056772,0.0,0.035655,0.187495,1.062091,1.121639,0.0,0.0,0.0,0.0,0.0,0.92171,0.375076,0.563233,0.0,0.0,0.0,0.226553,0.035713,0.9186,0.583445,0.584643,0.733707,0.0,0.776422,0.395511,0.490407,0.252967,0.64107,0.499022,0.354585,0.498351,0.0,0.038573,0.22063,0.272056,0.99469,0.315303,0.413944,0.707331,0.226475,0.460839,0.568748
275,1.168661,0.0,0.0,0.398814,0.0,0.169679,0.109607,0.520569,0.0,0.496362,0.0,0.0,0.672065,0.0,0.412136,0.022623,0.0,0.0,0.263823,0.785161,0.371714,0.220604,0.0,0.149926,0.080781,0.847422,1.145091,0.0,0.0,0.0,0.0,0.0,0.829082,0.329351,0.373918,0.029937,0.0,0.0,0.376491,0.205218,0.77621,0.572618,0.301896,0.441485,0.0,0.653655,0.28428,0.283349,0.335204,0.692858,0.385206,0.447425,0.589877,0.0,0.215945,0.272212,0.381582,0.668805,0.142758,0.490071,0.466588,0.172031,0.158252,0.502797
276,0.770395,0.0,0.0,0.005397,0.0,0.242849,0.307111,0.863943,0.0,0.0,0.0,0.0,0.901967,0.0,0.682772,0.0,0.0,0.066965,0.148816,0.629256,0.604615,0.346859,0.0,0.0,0.102885,1.100214,0.693176,0.0,0.093261,0.0,0.0,0.072355,0.681298,0.5398,0.692014,0.00861,0.0,0.0,0.624169,0.451207,0.821991,0.40501,0.708858,0.401703,0.0,0.533531,0.581132,0.321927,0.227029,0.645039,0.142834,0.419152,0.954443,0.0,0.202039,0.118875,0.286794,0.345326,0.125536,0.282487,0.378943,0.269488,0.323846,0.657938
277,0.703376,0.0,0.0,0.0,0.0,0.415727,0.6501,1.130688,0.0,0.0,0.0,0.0,0.933,0.0,0.773762,0.0,0.0,0.009925,0.033369,0.484566,0.695054,0.393008,0.0,0.050525,0.0,1.085387,0.776197,0.0,0.216329,0.0,0.0,0.067146,0.729572,0.450521,0.644654,0.194847,0.0,0.0,0.804221,0.550833,0.740022,0.255189,0.763165,0.365767,0.0,0.387034,0.681373,0.132299,0.181964,0.501732,0.221603,0.57994,0.98221,0.0,0.29779,0.083899,0.38355,0.23518,0.0,0.386486,0.580414,0.432048,0.481339,1.002803
278,0.699901,0.0,0.026311,0.0,0.0,0.592607,0.381894,0.725577,0.0,0.0,0.0,0.0,0.907613,0.0,0.986087,0.0,0.0,0.037442,0.38135,0.565728,0.597011,0.542065,0.0,0.0,0.159939,1.546,0.987807,0.0,0.066217,0.0,0.0,0.0,0.485745,0.417111,0.421211,0.128111,0.0,0.0,0.896113,0.521708,0.535208,0.163652,0.457504,0.501988,0.0,0.393453,0.513453,0.051856,0.1811,0.670578,0.242334,0.137615,0.479512,0.0,0.501458,0.029005,0.670396,0.226336,0.009318,0.362034,0.515504,0.422944,0.449351,0.734664
279,0.630088,0.0,0.122201,0.0,0.0,0.790427,0.53163,0.737043,0.0,0.0,0.0,0.0,0.814331,0.0,0.809464,0.058344,0.0,0.0,0.22888,0.607313,0.365221,0.765749,0.0,0.0,0.159163,1.303251,0.852517,0.0,0.025169,0.0,0.0,0.0,0.438532,0.464174,0.504552,0.070766,0.0,0.0,1.102993,0.485623,0.439682,0.053643,0.06925,0.204098,0.0,0.547518,0.27098,0.0,0.326256,0.518368,0.163459,0.0,0.442813,0.181672,0.508175,0.061053,0.900714,0.234165,0.117282,0.475717,0.313733,0.554098,0.328395,0.683084
280,0.567947,0.0,0.099243,0.069511,0.0,0.86019,0.635915,0.74042,0.0,0.0,0.0,0.008328,0.732883,0.0,0.837062,0.196903,0.0,0.0,0.451233,0.568883,0.332891,0.897555,0.0,0.0,0.111937,1.329581,0.77613,0.0,0.080799,0.0,0.0,0.0,0.640539,0.218944,0.306038,0.050486,0.0,0.0,1.123023,0.255105,0.328752,0.0,0.067945,0.13672,0.0,0.60733,0.208354,0.0,0.403659,0.222893,0.103248,0.0,0.438708,0.296133,0.465259,0.003609,1.011248,0.156313,0.286244,0.68505,0.402177,0.744468,0.58943,0.650477
281,0.643958,0.0,0.0,0.247508,0.016356,0.799836,0.712081,0.635491,0.0,0.15516,0.0,0.127231,0.511821,0.0,0.883136,0.403052,0.0,0.0,0.884003,0.530362,0.34547,0.955172,0.0,0.0,0.0,1.246938,0.885187,0.0,0.0,0.0,0.0,0.0,0.847859,0.050957,0.0,0.169188,0.0,0.0,1.025728,0.0,0.195546,0.0,0.0,0.025804,0.0,0.438999,0.196732,0.0,0.370424,0.087274,0.123811,0.0,0.262286,0.267923,0.730962,0.0,1.138681,0.051584,0.28782,0.758962,0.540747,0.936328,0.773205,0.621788
282,0.344668,0.0,0.0,0.205261,0.018862,0.946891,0.441003,0.431386,0.0,0.285163,0.0,0.236183,0.231844,0.0,0.744075,0.658379,0.0,0.10289,0.970433,0.474892,0.361535,0.937065,0.0,0.0,0.264059,1.319064,0.792066,0.0,0.0,0.0,0.0,0.0,0.836786,0.170703,0.203194,0.0,0.0,0.0,0.856615,0.0,0.379932,0.0,0.020375,0.329075,0.0,0.525934,0.299503,0.0,0.216061,0.128467,0.359243,0.0,0.056466,0.277624,0.828058,0.108425,1.117042,0.197094,0.184117,0.32329,0.311267,0.987524,0.806189,0.575173
283,0.634629,0.0,0.0,0.387117,0.0,0.768761,0.636092,0.610437,0.0,0.402602,0.0,0.092503,0.181461,0.0,0.757121,0.425915,0.0,0.0,0.556542,0.623355,0.429239,0.76899,0.0,0.083343,0.023554,0.741717,0.745388,0.0,0.0,0.0,0.0,0.0,0.920738,0.068834,0.0,0.207764,0.0,0.0,0.807115,0.0,0.255389,0.040205,0.160059,0.090952,0.0,0.600108,0.168003,0.0,0.155979,0.180593,0.27982,0.173609,0.229376,0.149817,0.760432,0.0,1.063849,0.188413,0.029078,0.593905,0.357591,0.721384,0.689784,0.673949
284,0.785269,0.0,0.0,0.413745,0.0,0.583142,0.503693,0.622105,0.0,0.328905,0.0,0.0,0.378863,0.0,0.376201,0.208658,0.0,0.0,0.135127,0.759985,0.494472,0.824061,0.0,0.074446,0.089063,0.591944,0.806018,0.0,0.035759,0.0,0.0,0.120126,0.964468,0.144119,0.330304,0.243494,0.0,0.0,0.732145,0.040735,0.489703,0.235971,0.200701,0.0,0.0,0.907759,0.193479,0.064184,0.329572,0.281032,0.22182,0.216086,0.411204,0.002953,0.576552,0.0,0.738674,0.297115,0.0,0.644217,0.202739,0.470594,0.233535,0.591559
285,0.929978,0.0,0.0,0.304021,0.0,0.620095,0.410484,0.655762,0.0,0.272896,0.0,0.0,0.587318,0.0,0.419981,0.147254,0.0,0.0,0.0,0.853428,0.423451,0.767036,0.0,0.095844,0.119676,0.554294,0.744862,0.0,0.012505,0.0,0.0,0.155251,0.888253,0.350547,0.53104,0.158191,0.0,0.0,0.670384,0.287087,0.576515,0.265435,0.333155,0.0,0.0,0.922246,0.199735,0.2083,0.390021,0.543822,0.258711,0.347123,0.504271,0.036667,0.451152,0.0,0.733977,0.397516,0.0,0.430838,0.19908,0.328609,0.214817,0.683782
286,0.862074,0.0,0.0,0.06127,0.0,0.51884,0.562023,0.823142,0.0,0.0,0.0,0.0,0.895605,0.0,0.624314,0.0,0.0,0.0,0.0,0.798007,0.814914,0.729503,0.0,0.08063,0.011189,0.980627,0.715061,0.0,0.180773,0.0,0.0,0.264065,1.003109,0.278338,0.494694,0.245847,0.0,0.0,0.727768,0.331125,0.64983,0.110199,0.541753,0.054622,0.0,0.800522,0.468536,0.110169,0.285013,0.63994,0.246023,0.281285,0.623629,0.0,0.37835,0.0,0.467571,0.053646,0.0,0.448077,0.425097,0.35805,0.27029,0.734649
287,0.926736,0.0,0.0,0.0,0.0,0.574073,0.630903,0.94947,0.0,0.0,0.0,0.0,1.018192,0.0,0.790316,0.0,0.0,0.0,0.062114,0.755347,0.815551,0.636607,0.0,0.089463,0.0,1.299792,0.929039,0.0,0.149879,0.0,0.0,0.158384,0.957725,0.308737,0.393281,0.317909,0.0,0.0,0.850353,0.463256,0.633968,0.061714,0.497341,0.390896,0.0,0.705019,0.458538,0.056736,0.250618,0.798721,0.538867,0.189147,0.546038,0.0,0.514923,0.0,0.419938,0.096451,0.0,0.362944,0.610861,0.422634,0.287066,0.836918
288,0.795795,0.0,0.0,0.076389,0.0,0.725061,0.594877,0.986623,0.0,0.0,0.0,0.0,1.0692,0.0,0.871015,0.0,0.0,0.0,0.4096,0.754281,0.980587,0.575975,0.0,0.036763,0.0,1.76385,1.225924,0.0,0.239167,0.0,0.0,0.044477,1.02557,0.257883,0.358868,0.195473,0.0,0.0,0.999444,0.421083,0.56387,0.07622,0.645788,0.630438,0.0,0.693774,0.54156,0.0,0.039884,0.868465,0.528755,0.047624,0.476166,0.0,0.480959,0.0,0.409456,0.146935,0.0,0.370422,0.793374,0.659315,0.410608,0.752429
289,0.763783,0.0,0.0,0.093434,0.0,0.857076,0.78738,1.198216,0.0,0.015418,0.0,0.0,1.063446,0.0,0.879075,0.0,0.0,0.0,0.443856,0.821684,0.863893,0.576038,0.0,0.021539,0.0,1.638896,1.321477,0.0,0.323658,0.0,0.0,0.0,0.925203,0.30233,0.23187,0.355247,0.0,0.0,1.191739,0.355812,0.422033,0.113522,0.504474,0.599889,0.0,0.588115,0.50744,0.0,0.002302,0.89182,0.646161,0.005153,0.567545,0.0,0.797289,0.0,0.594901,0.0,0.0,0.252192,0.714302,0.693971,0.413016,0.751171
290,0.385827,0.0,0.147753,0.0,0.0,0.9506,0.843779,1.274835,0.0,0.0,0.0,0.0,0.988467,0.0,1.188186,0.0,0.0,0.163485,0.573143,0.573172,0.767915,0.510159,0.0,0.0,0.0,1.849604,1.11903,0.0,0.414512,0.0,0.0,0.0,0.746749,0.324639,0.396563,0.174408,0.0,0.0,1.337416,0.373923,0.456432,0.0,0.929619,0.837188,0.0,0.358159,0.715271,0.0,0.0,0.793772,0.626089,0.1267,0.625835,0.0,0.642261,0.0,0.429058,0.0,0.0,0.14775,0.790108,0.793914,0.699785,0.75833
291,0.241534,0.0,0.259896,0.0,0.0,0.948694,0.901387,1.332513,0.0,0.0,0.0,0.0,0.910275,0.0,1.328591,0.0,0.0,0.342599,0.51235,0.43945,0.571447,0.521771,0.0,0.0,0.0,1.83116,0.961836,0.0,0.467354,0.0,0.0,0.0,0.563938,0.373915,0.524575,0.089331,0.0,0.0,1.367955,0.467409,0.517824,0.0,1.129755,0.914328,0.0,0.192891,0.753498,0.0,0.0,0.749679,0.576015,0.296889,0.759524,0.0,0.447091,0.0,0.28458,0.0,0.0,0.188659,0.802744,0.850899,0.929374,0.798903
292,0.113543,0.0,0.094722,0.135749,0.0,0.752768,0.770288,1.27757,0.0,0.034777,0.0,0.0,0.78806,0.0,1.038402,0.0,0.0,0.453854,0.707497,0.633733,0.825635,0.549926,0.0,0.0,0.0,1.834687,1.170308,0.0,0.423714,0.0,0.0,0.0,0.736736,0.441632,0.591168,0.230723,0.0,0.0,1.164804,0.375909,0.484245,0.259757,1.03476,1.092681,0.0,0.198405,0.700619,1.3e-05,0.0,0.797029,0.777371,0.09152,0.68644,0.0,0.571909,0.0,0.168408,0.0,0.0,0.039613,0.770133,0.77157,0.738321,0.562699
293,0.0,0.0,0.0,0.028019,0.0,0.465028,0.512569,1.121347,0.0,0.043764,0.0,0.0,0.697852,0.0,0.859738,0.0,0.0,0.570097,0.573532,0.506562,0.876802,0.688332,0.0,0.0,0.008161,1.903841,0.934595,0.0,0.399542,0.0,0.0,0.0,0.607475,0.782813,0.84278,0.340179,0.0,0.0,0.993529,0.310351,0.494706,0.52971,0.904207,0.94251,0.0,0.158051,0.714499,0.303803,0.0,0.887739,0.700058,0.0,0.986229,0.0,0.78477,0.0,0.0,0.0,0.0,0.0,0.477375,0.39995,0.503612,0.336956
294,0.0,0.0,0.0,0.095723,0.0,0.281694,0.483857,1.204419,0.0,0.175779,0.0,0.0,0.555277,0.0,0.632718,0.0,0.0,0.733484,0.443919,0.430689,0.953774,0.585789,0.0,0.0,0.0,1.582464,0.621179,0.0,0.387848,0.0,0.0,0.008325,0.575225,0.945267,1.117501,0.457434,0.0,0.0,0.929071,0.568776,0.505339,0.640645,0.832142,0.977635,0.0,0.152796,0.626659,0.506502,0.0,0.837809,0.780935,0.010816,1.229829,0.0,0.702962,0.0,0.0,0.008586,0.0,0.086298,0.408817,0.18894,0.271424,0.380388
295,0.044451,0.0,0.0,0.065864,0.0,0.192741,0.796238,1.127434,0.0,0.102297,0.0,0.0,0.439977,0.0,0.627723,0.0,0.0,0.64142,0.139197,0.475032,0.719246,0.758143,0.0,0.045729,0.0,0.904705,0.269116,0.0,0.491043,0.0,0.0,0.120745,0.386597,0.74679,1.089689,0.333749,0.0,0.0,0.854701,0.665588,0.61756,0.451969,0.620675,0.590026,0.0,0.091719,0.548916,0.326951,0.0,0.622376,0.601172,0.183378,1.146763,0.0,0.308826,0.0,0.0,0.0,0.0,0.203964,0.361481,0.260146,0.369782,0.455385
296,0.027827,0.0,0.0,0.05565,0.0,0.172014,0.46332,0.804931,0.0,0.23978,0.0,0.0,0.239483,0.0,0.539722,0.135136,0.0,0.451785,0.440257,0.383611,0.678509,0.937234,0.0,0.071018,0.0,0.858063,0.166967,0.0,0.321852,0.0,0.0,0.0,0.363618,0.743759,0.90709,0.559128,0.0,0.0,0.69256,0.401593,0.431115,0.538477,0.625372,0.535984,0.0,0.138563,0.480037,0.308984,0.0,0.451398,0.418878,0.0,0.889386,0.006858,0.622264,0.0,0.370093,0.0,0.0,0.0887,0.122515,0.197196,0.317454,0.191339
297,0.189536,0.0,0.012396,0.0,0.0,0.148242,0.479164,0.461814,0.0,0.317043,0.0,0.0,0.292297,0.0,0.457091,0.260368,0.0,0.281684,0.252885,0.181797,0.487702,1.221955,0.0,0.312531,0.0,0.63197,0.0,0.0,0.088159,0.0,0.0,0.0,0.307167,0.679088,0.98302,0.612867,0.0,0.0,0.686411,0.390357,0.342144,0.400727,0.311387,0.286287,0.0,0.189977,0.424568,0.151701,0.025266,0.186117,0.136292,0.068734,0.48368,0.361947,0.875405,0.099542,0.836939,0.0,0.007035,0.2406,0.0,0.344206,0.158118,0.196564
298,0.299548,0.0,0.237843,0.042123,0.0,0.161574,0.782785,0.667529,0.0,0.268288,0.0,0.0,0.224292,0.0,0.465057,0.404047,0.0,0.136444,0.268804,0.427442,0.50974,1.414962,0.0,0.291359,0.0,0.436026,0.0,0.0,0.08376,0.0,0.090582,0.0,0.33506,0.426741,0.759281,0.8227,0.0,0.0,0.683334,0.395281,0.145524,0.298076,0.010917,0.057779,0.0,0.207906,0.230049,0.0,0.018196,0.100455,0.007492,0.027534,0.473769,0.490582,0.96068,0.243388,1.012705,0.0,0.106914,0.713124,0.086094,0.591521,0.092129,0.289931
299,0.450764,0.0,0.272109,0.153555,0.0,0.357452,1.011341,0.60726,0.0,0.352204,0.0,0.0,0.163101,0.0,0.681667,0.574117,0.0,0.0,0.420463,0.479911,0.441772,1.671364,0.0,0.452008,0.0,0.36383,0.0,0.0,0.0,0.0,0.105874,0.0,0.306157,0.350353,0.52597,0.980001,0.0,0.0,0.576613,0.489006,0.0,0.226735,0.0,0.0,0.002624,0.114003,0.087706,0.0,0.215098,0.038386,0.0,0.216746,0.403361,0.782703,1.061402,0.387874,1.414102,0.0,0.320951,0.96735,0.145563,0.666126,0.275402,0.295362
300,0.519497,0.0,0.347251,0.203916,0.0,0.294577,1.22257,0.748709,0.0,0.315977,0.0,0.0,0.192509,0.0,0.649563,0.802561,0.0,0.0,0.49878,0.689833,0.537572,2.133108,0.0,0.437337,0.0,0.246673,0.037459,0.0,0.0,0.0,0.152504,0.0,0.565304,0.130489,0.517832,1.168108,0.0,0.0,0.680304,0.519363,0.0,0.186138,0.0,0.0,0.077044,0.181277,0.10277,0.0,0.324742,0.0,0.0,0.259891,0.64313,1.045345,1.297611,0.462319,1.553642,0.0,0.353846,1.246805,0.19272,1.05557,0.230415,0.42004
301,0.388917,0.0,0.301617,0.061547,0.088336,0.369942,1.25149,0.810858,0.0,0.559979,0.0,0.0,0.067015,0.0,0.913909,1.073938,0.0,0.0,0.728711,0.471028,0.545743,2.159713,0.0,0.43371,0.0,0.132761,0.0,0.0,0.0,0.0,0.13968,0.0,0.594771,0.25671,0.643515,1.34362,0.0,0.0,0.622492,0.437137,0.0,0.228961,0.0,0.0,0.096686,0.0,0.148915,0.0,0.233601,0.0,0.0,0.467792,0.60366,1.153718,1.741856,0.682975,1.943075,0.0,0.498474,1.083192,0.061864,1.252928,0.352436,0.338305
302,0.223568,0.0,0.245367,0.108763,0.133358,0.18608,1.01206,1.063812,0.0,0.755293,0.0,0.0,0.0,0.0,0.856,1.297651,0.0,0.0,0.828412,0.371071,0.741539,2.037641,0.0,0.348169,0.0,0.0,0.0,0.0,0.0,0.0,0.177072,0.0,0.56514,0.297544,0.823131,1.447842,0.0,0.0,0.665115,0.186236,0.0,0.449114,0.089476,0.080929,0.216258,0.071421,0.111118,0.230214,0.0,0.0,0.0,0.479591,0.768378,1.112276,1.931731,0.628009,1.751678,0.0,0.462987,1.092886,0.059966,1.413477,0.313532,0.285032
303,0.11543,0.0,0.076933,0.0,0.341344,0.164124,0.983163,1.019408,0.0,0.778543,0.0,0.0,0.0,0.0,1.081221,1.476751,0.0,0.01454,1.085734,0.166062,0.583389,2.009611,0.0,0.430379,0.0,0.0,0.0,0.0,0.0,0.0,0.040163,0.0,0.553997,0.401417,0.863653,1.651752,0.0,0.045202,0.440818,0.253558,0.0,0.474278,0.172974,0.39843,0.213973,0.0,0.331433,0.315229,0.0,0.0,0.0,0.768791,0.722655,1.236291,2.146904,0.828668,2.050464,0.0,0.769353,1.025818,0.081545,1.580904,0.494345,0.065399
304,0.15231,0.0,0.103779,0.0,0.325589,0.161825,0.684993,0.917847,0.0,1.009471,0.0,0.0,0.0,0.0,0.958521,1.412555,0.0,0.005854,1.038921,0.0,0.541626,1.908124,0.0,0.565717,0.0,0.0,0.0,0.0,0.0,0.0,0.0,0.0,0.432141,0.38909,0.947398,1.491398,0.0,0.220331,0.431478,0.113413,0.0,0.589313,0.282569,0.426278,0.148648,0.0,0.324161,0.516943,0.0,0.0,0.0,0.854008,0.547819,1.148919,2.292243,1.012143,2.142587,0.0,0.539257,0.766318,0.0,1.563697,0.322645,0.0
305,0.161553,0.0,0.155621,0.0,0.207774,0.038532,0.419422,0.900845,0.0,0.864773,0.0,0.0,0.0,0.0,0.774781,1.372607,0.0,0.08007,0.921085,0.080608,0.566113,1.781081,0.0,0.53291,0.0,0.0,0.0,0.0,0.0,0.0,0.0,0.0,0.359079,0.313758,0.962865,1.369659,0.0,0.340065,0.321105,0.111883,0.0,0.628728,0.465517,0.523907,0.105969,0.0,0.537453,0.687015,0.0,0.0,0.0,0.836323,0.659105,1.045284,2.140786,0.987577,1.906669,0.0,0.492969,0.663998,0.0,1.366214,0.09103,0.0
306,0.010301,0.0,0.24817,0.0,0.338686,0.0,0.261789,0.552073,0.0,0.764334,0.0,0.0,0.0,0.0,0.853116,1.46753,0.0,0.323876,1.009478,0.071705,0.547452,1.536062,0.0,0.576517,0.0,0.0,0.0,0.0,0.0,0.0,0.0,0.0,0.407797,0.346621,0.631716,1.367192,0.0,0.099148,0.096986,0.0,0.0,0.539199,0.405348,0.885305,0.100529,0.0,0.759243,0.739392,0.0,0.0,0.0,0.789811,0.426013,0.879098,1.952957,1.197726,1.760538,0.0,0.732751,0.526761,0.0,1.467341,0.403826,0.0
307,0.25972,0.0,0.179517,0.075361,0.128593,0.0,0.0,0.283171,0.0,0.543164,0.0,0.0,0.182204,0.0,0.600189,1.168005,0.0,0.354252,0.745042,0.084123,0.464802,1.057726,0.00639,0.712893,0.0,0.010921,0.07285,0.0,0.0,0.0,0.0,0.0,0.216191,0.369018,0.472095,1.038729,0.0,0.26369,0.0,0.0,0.0,0.755697,0.501809,1.038903,0.008578,0.0,0.71924,0.753092,0.0,0.0,0.0,0.928437,0.337407,0.583373,1.505909,1.087427,1.601295,0.016443,0.63395,0.429913,0.0,1.173424,0.186338,0.0
308,0.400766,0.0,0.0,0.142434,0.0,0.0,0.0,0.23045,0.0,0.37181,0.0,0.0,0.396545,0.0,0.134698,1.055671,0.0,0.444338,0.477036,0.212438,0.740803,0.505281,0.176187,0.833266,0.0,0.13066,0.755247,0.0,0.0,0.0,0.0,0.0,0.189422,0.722717,0.653429,1.00202,0.0,0.164785,0.0,0.0,0.273546,1.142752,0.776257,1.302691,0.0,0.240368,0.778262,1.128487,0.0,0.410017,0.261052,0.746149,0.452196,0.257604,1.235116,0.999937,1.064224,0.401742,0.731499,0.356572,0.268573,0.834636,0.022851,0.0
309,0.879303,0.0,0.0,0.16454,0.0,0.0,0.0,0.0,0.0,0.319199,0.0,0.0,1.011737,0.0,0.217837,0.923856,0.0,0.463022,0.415234,0.016465,0.885467,0.032019,0.571381,0.801829,0.0,0.596265,0.89182,0.0,0.0,0.0,0.0,0.0,0.25965,1.090648,0.728411,0.846144,0.165673,0.462833,0.0,0.0,0.440116,1.655122,0.968062,1.622308,0.0,0.205795,0.541687,1.220596,0.0,1.008504,0.500017,0.98684,0.025484,0.290687,0.927049,1.044702,1.185002,0.891974,0.922693,0.52067,0.821999,0.442806,0.445486,0.171672
310,0.900874,0.0,0.0,0.23372,0.0,0.0,0.0,0.0,0.0,0.175627,0.0,0.0,1.017096,0.0,0.0,0.95816,0.0,0.607255,0.240089,0.41326,0.983452,0.0,0.742521,0.643664,0.0,0.91826,1.146412,0.0,0.0,0.0,0.0,0.0,0.411539,1.369904,0.72662,1.125108,0.0,0.152671,0.0,0.0,0.517875,1.749708,0.689587,1.920879,0.0,0.164691,0.577185,1.42192,0.0,1.373515,0.709797,0.7041,0.099316,0.070235,0.670744,1.073501,0.803301,0.784827,1.151096,0.59363,0.997171,0.095886,0.468598,0.237721
311,1.191515,0.0,0.0,0.189668,0.0,0.0,0.0,0.0,0.0,0.130206,0.0,0.0,1.372865,0.0,0.063855,0.88088,0.0,0.546492,0.128996,0.373528,0.785236,0.0,0.8984,0.75494,0.0,1.05146,1.022215,0.0,0.0,0.0,0.0,0.0,0.605706,1.434469,0.752627,0.97425,0.0,0.448535,0.0,0.0,0.52618,1.89546,0.593484,1.912959,0.0,0.0,0.637356,1.262562,0.0,1.407011,0.489085,0.986601,0.0,0.05755,0.441665,0.988323,1.032143,0.771883,1.128155,0.557657,1.202246,0.0,0.668105,0.293711
312,1.195817,0.0,0.0,0.301587,0.0,0.0,0.0,0.0,0.0,0.123797,0.0,0.0,1.323725,0.0,0.0,0.86587,0.0,0.380497,0.052914,0.369142,0.980944,0.0,1.042411,0.582344,0.0,1.229602,1.226774,0.0,0.0,0.0,0.0,0.0,0.63763,1.761329,0.805801,1.153591,0.344168,0.168814,0.0,0.0,0.673144,2.139648,0.424648,2.060238,0.0,0.06714,0.179981,1.477384,0.0,1.755311,0.827163,0.745445,0.0,0.0,0.36232,0.97789,0.730632,0.85694,1.326318,1.05943,1.342111,0.0,0.527725,0.637527
313,1.240456,0.0,0.0,0.326831,0.0,0.0,0.0,0.0,0.0,0.0,0.0,0.0,1.504812,0.0,0.0,1.003703,0.0,0.319047,0.0,0.638422,0.86879,0.178305,1.145967,0.484655,0.0,0.716622,0.654718,0.0,0.0,0.0,0.0,0.0,0.614138,1.506745,0.781299,1.085634,0.312659,0.211596,0.0,0.273864,0.620513,2.036098,0.48569,1.570434,0.0,0.0,0.336546,1.200673,0.027695,1.582787,0.438766,0.845381,0.34898,0.0,0.182829,0.77644,0.758923,0.670321,1.001719,0.841306,1.072997,0.0,0.488732,0.6622
314,1.267499,0.0,0.0,0.37376,0.0,0.0,0.0,0.0,0.0,0.0,0.0,0.0,1.244102,0.0,0.0,0.767992,0.0,0.188689,0.0,0.716451,0.67235,0.396333,0.880364,0.734392,0.0,0.630099,0.794947,0.0,0.0,0.0,0.0,0.0,0.756764,1.228622,0.692006,1.174459,0.313318,0.067836,0.0,0.181286,0.437919,1.707091,0.067908,1.329374,0.0,0.015955,0.325618,0.939607,0.0,1.267392,0.315959,0.721418,0.0,0.0,0.271303,0.753242,0.762211,0.381543,0.807586,1.052344,1.150907,0.0,0.314229,0.519602
315,1.206067,0.0,0.0,0.296045,0.0,0.0,0.113503,0.338435,0.0,0.0,0.0,0.0,1.154473,0.0,0.0,0.853758,0.0,0.183639,0.0,0.65217,0.959357,0.543088,0.870751,0.628145,0.0,0.348078,0.321887,0.0,0.0,0.0,0.0,0.0,0.557447,1.161693,0.915539,1.206501,0.180476,0.0,0.0,0.276886,0.628379,1.758995,0.572379,0.961399,0.0,0.096259,0.503067,0.942175,0.105064,1.183887,0.199444,0.743964,0.503978,0.270319,0.294248,0.679869,0.633292,0.465722,0.696928,0.8624,0.854177,0.0,0.351284,0.580365
316,1.077508,0.0,0.0,0.403857,0.0,0.0,0.395366,0.474426,0.0,0.097122,0.0,0.0,0.942798,0.0,0.021102,0.793559,0.0,0.262251,0.174105,0.900222,0.863096,0.939117,0.611497,0.59942,0.0,0.075506,0.12714,0.0,0.0,0.0,0.0,0.0,0.754739,0.731478,0.91427,1.285554,0.0,0.0,0.025032,0.459427,0.516216,1.364771,0.487769,0.7236,0.0,0.126031,0.866686,0.788136,0.131425,0.863995,0.0,0.801853,0.643202,0.468473,0.521024,0.749506,0.791582,0.345911,0.52338,0.89917,0.488121,0.0,0.159909,0.475728
317,0.834215,0.0,0.0,0.617729,0.0,0.0,0.113421,0.409185,0.0,0.458698,0.0,0.0,0.327884,0.0,0.071397,0.856686,0.0,0.214482,0.513097,0.783724,0.886598,0.797314,0.321451,0.400693,0.0,0.0,0.115026,0.0,0.0,0.0,0.0,0.0,0.735548,0.505163,1.052488,0.990812,0.0,0.0,0.0,0.394247,0.674294,1.208438,0.544756,0.552868,0.0,0.411631,1.055602,0.92535,0.0,0.458275,0.0,0.940865,0.776249,0.413113,0.739322,0.74355,0.78495,0.549008,0.649749,0.979906,0.445357,0.0,0.0,0.364505
318,0.680419,0.0,0.0,0.509721,0.0,0.0,0.0,0.367848,0.0,0.899358,0.0,0.0,0.0,0.0,0.0,1.026824,0.0,0.184438,0.956347,0.56456,1.121452,0.565644,0.270445,0.340515,0.0,0.0,0.343796,0.0,0.0,0.0,0.0,0.0,0.583925,0.707705,1.242332,1.078555,0.0,0.0,0.0,0.024737,0.922734,1.426129,0.771358,0.567942,0.0,0.716935,1.085911,1.311159,0.0,0.371613,0.0,0.939365,0.929691,0.551121,1.150328,1.020607,0.692394,0.809803,0.976948,1.305776,0.396228,0.0,0.124855,0.484209
319,0.527185,0.0,0.0,0.407124,0.0,0.0,0.0,0.28294,0.0,1.014179,0.0,0.0,0.0,0.0,0.462332,1.158005,0.0,0.439581,1.522327,0.414957,1.076874,0.608705,0.24203,0.223014,0.0,0.0,0.16871,0.0,0.0,0.0,0.0,0.0,0.612686,0.632293,1.305514,1.156229,0.0,0.156977,0.0,0.052067,0.919786,1.272463,0.888792,0.841425,0.0,0.617569,1.382984,1.424658,0.0,0.111739,0.0,1.18117,0.828056,0.774715,1.483261,1.188336,1.1062,0.899627,1.192995,1.282975,0.199457,0.290954,0.126955,0.319389
320,0.451396,0.0,0.0,0.203824,0.143497,0.0,0.0,0.381719,0.0,1.114,0.0,0.0,0.0,0.0,0.462412,1.390731,0.0,0.542831,1.540751,0.468707,1.017152,0.7631,0.067879,0.484128,0.0,0.0,0.191673,0.0,0.0,0.0,0.0,0.0,0.737407,0.597625,1.403299,1.263289,0.0,0.421403,0.0,0.073823,0.842969,1.375581,0.965159,1.016426,0.062624,0.406552,1.826231,1.762976,0.0,0.148652,0.0,1.451987,0.952629,0.899898,1.866214,1.40931,1.360727,0.879875,1.149332,1.180032,0.034321,0.577239,0.135851,0.199555
321,0.296819,0.0,0.0,0.111435,0.325062,0.0,0.0,0.364965,0.0,1.053112,0.0,0.0,0.0,0.0,0.594176,1.653904,0.0,0.777606,1.732298,0.477497,0.865425,0.704486,0.002928,0.390817,0.0,0.0,0.305817,0.0,0.0,0.0,0.0,0.0,0.626464,0.713139,1.41363,1.326816,0.0,0.481289,0.0,0.000284,0.76784,1.398674,0.98419,1.243487,0.149051,0.374423,1.985623,1.87486,0.0,0.024907,0.0,1.711183,1.06957,0.901755,1.971789,1.474818,1.566001,0.728768,1.280481,1.131661,0.089998,0.845467,0.262502,0.113892
322,0.313464,0.0,0.0,0.100354,0.0,0.0,0.0,0.130554,0.0,0.91507,0.0,0.0,0.204129,0.0,0.676288,1.633008,0.0,0.79736,1.774729,0.206415,0.922994,0.48085,0.302377,0.359718,0.0,0.0,0.37833,0.0,0.0,0.0,0.0,0.0,0.396555,0.963898,1.191995,1.407258,0.0,0.584017,0.0,0.0,0.828746,1.521932,1.101331,1.400886,0.0,0.46278,1.766273,2.024498,0.0,0.1337,0.0,1.801026,0.860955,1.099471,2.046857,1.436091,1.796842,0.969747,1.408423,1.397794,0.091017,0.900583,0.265443,0.152274
323,0.279612,0.0,0.184339,0.315395,0.0,0.0,0.0,0.012705,0.0,0.674198,0.0,0.0,0.423715,0.0,0.553919,1.583517,0.006274,0.780686,1.64625,0.068545,0.851466,0.623244,0.569437,0.457081,0.0,0.0,0.569975,0.0,0.0,0.0,0.0,0.0,0.379069,1.255318,0.869711,1.385419,0.0,0.631886,0.0,0.0,0.680729,1.396259,0.849897,1.584208,0.0,0.453563,1.294867,2.109607,0.0,0.227061,0.0,1.762771,0.519046,0.996164,1.863469,1.475281,1.830806,0.987864,1.322882,1.739202,0.27923,0.989944,0.445613,0.112999
324,0.168245,0.0,0.259607,0.216664,0.0,0.0,0.0,0.0,0.0,0.733128,0.0,0.0,0.472555,0.0,0.84389,1.624109,0.0,1.076522,1.958712,0.0,0.715743,0.575771,0.488539,0.418946,0.0,0.526243,0.723122,0.0,0.0,0.0,0.0,0.0,0.285398,1.428074,1.012144,1.354578,0.0,0.639381,0.073057,0.0,0.553662,1.201558,0.710457,1.984566,0.0,0.112857,1.370932,2.040234,0.0,0.224452,0.0,1.615855,0.246497,1.189543,1.879952,1.461765,2.088304,1.04191,1.736314,1.459787,0.371307,1.184556,0.585021,0.016433
325,0.065031,0.0,0.337603,0.19998,0.0,0.0,0.0,0.0,0.0,0.710484,0.0,0.0,0.585123,0.0,0.927431,1.619933,0.0,1.19236,1.984015,0.0,0.317136,0.821276,0.369485,0.425525,0.0,0.638648,0.776242,0.0,0.0,0.0,0.0,0.0,0.248203,1.282679,0.93618,1.294673,0.0,0.575998,0.0,0.0,0.148485,0.985203,0.482704,1.961928,0.0,0.0,1.573106,1.764207,0.0,0.125653,0.0,1.656586,0.176926,1.147098,1.885616,1.280874,2.136798,0.641197,1.519783,1.24408,0.37756,1.176684,0.858502,0.0
326,0.0,0.0,0.459858,0.303128,0.0,0.0,0.0,0.0,0.0,0.73497,0.0,0.0,0.624455,0.0,0.828534,1.547596,0.0,1.221224,2.048141,0.0,0.204784,0.982803,0.340872,0.329308,0.0,0.603609,0.759714,0.0,0.0,0.0,0.0,0.0,0.271384,1.255964,1.055175,1.308292,0.0,0.570944,0.0,0.0,0.019631,0.745048,0.333521,1.986968,0.0,0.0,1.501411,1.587596,0.0,0.082662,0.0,1.476565,0.195945,0.910854,1.727268,1.06042,2.145326,0.545285,1.556078,1.238071,0.28085,1.024678,0.787072,0.0
327,0.034756,0.0,0.482753,0.216733,0.0,0.0,0.0,0.0,0.0,0.703692,0.0,0.0,0.773089,0.0,0.735445,1.454442,0.0,1.20253,2.017992,0.0,0.437788,0.92501,0.455296,0.33719,0.0,0.546468,0.690018,0.0,0.0,0.0,0.0,0.0,0.23044,1.445186,1.31601,1.389788,0.0,0.591448,0.136822,0.0,0.201659,0.941034,0.524767,2.020829,0.0,0.0,1.380181,1.510996,0.0,0.353673,0.0,1.253581,0.272204,0.815949,1.610966,0.811404,2.053099,0.779309,1.621523,1.207877,0.308188,0.858136,0.953766,0.0
328,0.061503,0.0,0.409306,0.125465,0.0,0.0,0.0,0.0,0.0,0.70987,0.0,0.0,0.930959,0.0,0.743832,1.294377,0.0,1.245048,1.916505,0.0,0.491368,1.001652,0.407755,0.369383,0.0,0.497025,0.455482,0.0,0.0,0.0,0.0,0.0,0.299381,1.385815,1.544704,1.375617,0.0,0.579578,0.164338,0.0,0.273792,0.931199,0.592154,1.915975,0.0,0.0,1.489622,1.334329,0.0,0.41041,0.0,1.163687,0.403421,0.713683,1.446967,0.647001,1.911955,0.714473,1.540318,0.996943,0.267564,0.702219,1.109687,0.0
329,0.081964,0.0,0.324828,0.098689,0.0,0.0,0.0,0.0,0.0,0.694455,0.0,0.0,0.849653,0.0,0.619672,1.303366,0.0,1.265674,1.851368,0.0,0.635875,0.923841,0.346765,0.226434,0.0,0.602745,0.438673,0.0,0.0,0.0,0.0,0.0,0.358051,1.391518,1.748224,1.318618,0.0,0.443829,0.137121,0.0,0.447578,1.002524,0.671118,1.976571,0.0,0.0,1.306295,1.19782,0.0,0.605774,0.173145,0.739089,0.569269,0.619547,1.331699,0.422278,1.671973,0.910145,1.605386,0.791078,0.235879,0.472604,1.083428,0.0
330,0.054448,0.0,0.240693,0.216214,0.0,0.0,0.0,0.0,0.0,0.719703,0.0,0.0,0.618551,0.0,0.347876,1.132297,0.0,1.326369,1.63297,0.0,0.639813,0.845448,0.213843,0.232225,0.0,0.85975,0.587383,0.0,0.0,0.0,0.0,0.0,0.395815,1.41907,1.82338,1.185793,0.0,0.194301,0.110428,0.0,0.493961,0.98027,0.29573,2.143235,0.0,0.042916,0.992843,1.221204,0.0,0.78656,0.449715,0.433707,0.538782,0.347024,1.13502,0.406912,1.153006,0.868585,1.575748,0.782097,0.321654,0.323701,1.019539,0.0
331,0.0,0.0,0.296105,0.280221,0.0,0.0,0.0,0.0,0.0,0.8493,0.0,0.0,0.166151,0.0,0.166781,1.161936,0.0,1.409418,1.788737,0.029898,0.407864,0.777064,0.0,0.184948,0.0,1.197933,0.948966,0.0,0.0,0.0,0.0,0.0,0.303988,1.110459,1.743573,0.790415,0.0,0.084386,0.02289,0.0,0.491665,0.780697,0.087519,2.139182,0.0,0.21671,0.722741,0.860277,0.0,0.670239,0.656971,0.051971,0.384936,0.185806,0.978521,0.321357,0.866033,0.876404,1.324722,0.709127,0.499042,0.466302,0.991904,0.0
332,0.0,0.0,0.188479,0.294539,0.09236,0.0,0.0,0.354107,0.0,0.746774,0.0,0.070928,0.199457,0.0,0.141386,1.397023,0.0,1.458583,1.634921,0.241758,0.249983,0.851305,0.0,0.137385,0.0,1.099325,0.924499,0.0,0.0,0.0,0.0,0.0,0.468825,0.764975,1.648444,0.757329,0.0,0.0,0.0,0.0,0.479458,0.566792,0.111343,1.967482,0.0,0.173303,0.801273,0.671651,0.0,0.727185,0.676691,0.0,0.647153,0.110352,0.981407,0.330038,0.749195,0.721637,1.06765,0.396313,0.500121,0.540169,1.066279,0.0
333,0.0,0.0,0.238584,0.332707,0.0,0.016439,0.0,0.616545,0.0,0.634194,0.0,0.125838,0.152235,0.0,0.091543,1.265216,0.0,1.460436,1.627901,0.165839,0.287854,0.716115,0.0,0.067991,0.0,1.04383,0.882315,0.0,0.0,0.0,0.0,0.0,0.398054,0.510903,1.47468,0.637765,0.0,0.0,0.0,0.0,0.53705,0.457783,0.232193,1.923055,0.0,0.241478,0.548424,0.536776,0.0,0.638872,0.717914,0.0,0.850643,0.03676,0.852818,0.311883,0.608034,0.805744,0.965924,0.47118,0.470295,0.71385,0.898074,0.0
334,0.0,0.0,0.271225,0.186577,0.0,0.0,0.0,0.270892,0.0,0.784886,0.0,0.006964,0.179541,0.0,0.13981,1.198816,0.0,1.42387,1.573999,0.076298,0.349454,0.596999,0.0,0.281842,0.0,1.182735,0.895965,0.0,0.0,0.0,0.0,0.0,0.35145,0.517472,1.346053,0.527747,0.0,0.162843,0.0,0.0,0.581748,0.672494,0.233551,1.970106,0.0,0.301134,0.509854,0.552054,0.0,0.613876,0.686633,0.0,0.618577,0.0668,0.952257,0.381349,0.872952,0.910844,1.06499,0.207398,0.306648,0.783434,0.812074,0.0
335,0.0,0.0,0.435884,0.179945,0.263791,0.003202,0.0,0.059063,0.0,0.98086,0.0,0.0,0.217306,0.0,0.296519,1.259052,0.0,1.503108,1.691965,0.086719,0.211928,0.536023,0.0,0.586962,0.0,1.297174,1.101933,0.0,0.0,0.0,0.0,0.0,0.53694,0.455522,1.152288,0.314419,0.0,0.328178,0.0,0.0,0.451605,0.642161,0.183871,2.180839,0.0,0.061745,0.590732,0.521933,0.0,0.715782,0.74566,0.136705,0.205708,0.0,0.888236,0.712673,1.091596,0.873878,0.996368,0.0,0.32702,1.072982,0.937286,0.0
336,0.133307,0.0,0.386891,0.179823,0.035309,0.0,0.0,0.0,0.0,0.750395,0.0,0.0,0.366792,0.0,0.393856,1.175303,0.0,1.636831,1.49804,0.15751,0.212018,0.293303,0.0,0.420096,0.0,1.446339,1.283851,0.0,0.0,0.0,0.0,0.0,0.516963,0.502028,1.035905,0.212261,0.0,0.293422,0.0,0.0,0.59011,0.750844,0.323315,2.284198,0.0,0.138353,0.643333,0.654486,0.0,0.843046,0.831078,0.219752,0.264769,0.0,0.739222,0.711275,0.991906,0.939065,1.056188,0.0,0.434616,0.988711,0.911106,0.0
337,0.489676,0.0,0.369498,0.390852,0.0,0.0,0.0,0.088061,0.0,0.655515,0.0,0.0,0.673515,0.0,0.024843,1.088339,0.0,1.648136,1.322332,0.323818,0.537496,0.0,0.205973,0.384426,0.0,1.558837,1.603359,0.0,0.0,0.0,0.0,0.0,0.574375,1.050497,0.934011,0.317286,0.0,0.060851,0.090316,0.0,0.701398,0.991366,0.387144,2.616567,0.0,0.452881,0.210179,1.062361,0.0,1.388698,1.153439,0.102553,0.461392,0.0,0.486621,0.768713,0.545147,1.45355,1.374084,0.39923,0.752394,0.863546,0.771057,0.0
338,0.452,0.0,0.348447,0.507042,0.0,0.0,0.0,0.010928,0.0,0.549167,0.0,0.0,0.653782,0.0,0.068485,1.208614,0.0,1.762912,1.540594,0.374458,0.53359,0.0,0.200605,0.231545,0.0,1.930776,1.911847,0.0,0.0,0.0,0.0,0.0,0.595509,1.162652,0.873292,0.0,0.0,0.0,0.073104,0.0,0.863644,0.926891,0.609881,2.836086,0.0,0.556143,0.253904,1.120042,0.0,1.50969,1.423432,0.082878,0.585031,0.0,0.214997,0.698021,0.435427,1.780031,1.410803,0.257411,0.961161,0.866327,0.960314,0.0
339,0.456887,0.0,0.314085,0.502658,0.0,0.0,0.0,0.0,0.0,0.470762,0.0,0.0,0.75689,0.0,0.0,1.217215,0.0,1.659658,1.492426,0.351669,0.469588,0.0,0.065448,0.174925,0.0,2.207376,1.986449,0.0,0.0,0.0,0.0,0.0,0.608612,1.381063,0.736105,0.0,0.0,0.076439,0.090532,0.0,0.947577,0.929411,0.50227,2.782505,0.0,0.586548,0.28424,1.257299,0.0,1.52676,1.284539,0.148826,0.65164,0.0,0.041918,0.779743,0.413703,1.800459,1.470875,0.235963,0.891645,0.712374,0.898911,0.0
340,0.549291,0.0,0.391927,0.304935,0.0,0.0,0.0,0.0,0.0,0.584022,0.0,0.0,0.746397,0.0,0.317669,1.194694,0.0,1.770887,1.626797,0.211517,0.348265,0.0,0.0,0.213728,0.0,2.401399,2.053765,0.0,0.0,0.0,0.0,0.0,0.562466,1.313099,0.756421,0.0,0.0,0.211904,0.16516,0.0,0.812866,0.900442,0.622662,2.847154,0.0,0.395886,0.379233,1.276215,0.0,1.458182,1.21044,0.342279,0.272831,0.0,0.084148,0.747909,0.794452,1.825648,1.457276,0.048805,0.952916,0.885048,1.08957,0.0
341,0.476809,0.0,0.486035,0.399227,0.0,0.0,0.0,0.0,0.0,0.367867,0.0,0.01291,0.869715,0.0,0.493415,1.088878,0.0,1.522405,1.452208,0.191059,0.159442,0.0,0.095384,0.168648,0.0,1.891467,1.790672,0.0,0.0,0.0,0.0,0.0,0.448193,1.050355,0.448278,0.0,0.0,0.203611,0.094687,0.0,0.747507,0.699566,0.646661,2.460273,0.0,0.378466,0.270397,1.068355,0.0,1.140782,0.908202,0.48038,0.370462,0.0,0.0,0.672466,0.832758,1.568991,1.25033,0.258062,0.735255,0.898241,0.865399,0.0
342,0.485704,0.0,0.446078,0.361154,0.0,0.0,0.0,0.0,0.0,0.262751,0.0,0.011057,0.978819,0.0,0.613206,0.987433,0.0,1.315959,1.150484,0.290199,0.0,0.0,0.314249,0.226871,0.0,1.322863,1.481441,0.0,0.0,0.0,0.0,0.0,0.393417,0.793509,0.187236,0.04702,0.0,0.055918,0.047627,0.0,0.512361,0.614004,0.504628,2.085213,0.0,0.174792,0.282871,0.946616,0.0,0.965687,0.50254,0.647142,0.428308,0.0,0.101074,0.736146,0.930567,1.128905,1.129446,0.402696,0.51864,0.953975,0.686328,0.0
343,0.467494,0.0,0.297007,0.231927,0.0,0.0,0.0,0.0,0.0,0.475833,0.0,0.0,0.857437,0.0,0.614327,0.921433,0.0,1.275943,1.270503,0.115891,0.0,0.0,0.0,0.480226,0.0,1.371976,1.368289,0.0,0.0,0.0,0.0,0.0,0.412429,0.708112,0.27018,0.000309,0.0,0.235816,0.022644,0.0,0.439413,0.672298,0.510077,1.934632,0.0,0.105739,0.610943,0.92716,0.0,0.695607,0.368261,0.824383,0.283906,0.0,0.416601,0.868119,1.138077,1.050819,1.04505,0.186783,0.443186,1.082026,0.604743,0.0
344,0.535227,0.0,0.201819,0.320596,0.0,0.0,0.0,0.0,0.0,0.532818,0.0,0.0,0.786842,0.0,0.304678,0.815431,0.0,1.136623,1.068036,0.149133,0.331791,0.0,0.081534,0.572648,0.0,1.165755,1.427715,0.0,0.0,0.0,0.0,0.0,0.34024,0.841081,0.451303,0.0,0.0,0.234252,0.020715,0.0,0.700407,0.940742,0.702623,1.867581,0.0,0.429409,0.453101,1.175068,0.0,0.822806,0.520537,0.784856,0.299265,0.0,0.361268,0.858798,0.875912,1.426651,1.074167,0.333274,0.539228,0.942062,0.476234,0.0
345,0.532006,0.0,0.033068,0.323054,0.0,0.0,0.0,0.005409,0.0,0.525091,0.0,0.090173,0.744067,0.0,0.336485,0.98836,0.0,1.217564,1.088152,0.422572,0.505647,0.0,0.165561,0.378706,0.0,1.075928,1.563255,0.0,0.0,0.0,0.0,0.0,0.327573,0.859523,0.439424,0.192306,0.0,0.0,0.0,0.0,0.655769,1.049853,0.730701,1.976261,0.0,0.530455,0.57996,1.255367,0.0,1.116219,0.742019,0.555132,0.626869,0.0,0.626904,0.83513,0.548777,1.297456,1.090388,0.223963,0.586785,0.78298,0.538586,0.0
346,0.576189,0.0,0.0,0.347883,0.0,0.0,0.0,0.0,0.0,0.570175,0.0,0.088793,0.789624,0.0,0.430174,1.019246,0.0,1.279914,1.161558,0.315611,0.532256,0.0,0.23062,0.209951,0.0,1.376819,1.440466,0.0,0.0,0.0,0.0,0.0,0.342436,1.144681,0.63884,0.084994,0.0,0.221185,0.0,0.0,0.953713,1.292056,0.904288,2.134778,0.0,0.538467,0.593444,1.449985,0.0,1.153076,0.755893,0.749881,0.473069,0.0,0.35018,0.912177,0.674432,1.608655,1.396535,0.261297,0.635501,0.720055,0.647716,0.004047
347,0.646268,0.0,0.0,0.347546,0.0,0.0,0.0,0.0,0.0,0.498395,0.0,0.0,0.837231,0.0,0.343998,1.051136,0.0,1.313041,1.02795,0.458395,0.525523,0.0,0.228955,0.301509,0.0,1.443274,1.528705,0.0,0.0,0.0,0.0,0.0,0.511153,1.189317,0.514454,0.318861,0.0,0.077015,0.0,0.0,0.707673,1.163405,0.653613,2.301715,0.0,0.456842,0.66757,1.4547,0.0,1.195563,0.752572,0.682436,0.479447,0.0,0.479857,1.018786,0.608617,1.3239,1.31864,0.18884,0.536219,0.748196,0.501408,0.0
348,0.636255,0.0,0.087923,0.470925,0.0,0.0,0.0,0.0,0.0,0.438503,0.0,0.0,0.725742,0.0,0.23635,1.03348,0.0,1.150287,1.066257,0.363229,0.611132,0.0,0.113077,0.523924,0.0,1.425894,1.648895,0.0,0.0,0.0,0.0,0.0,0.483857,1.042902,0.474481,0.151946,0.0,0.170738,0.0,0.0,0.69877,1.060069,0.913408,2.237716,0.0,0.615588,0.540215,1.347954,0.0,1.056229,0.849395,0.636167,0.325485,0.0,0.285124,0.927618,0.717609,1.379829,1.16659,0.225905,0.627741,0.859336,0.468031,0.089421
349,0.788215,0.0,0.045187,0.337001,0.0,0.0,0.0,0.0,0.0,0.451473,0.0,0.0,0.86466,0.0,0.243528,0.846983,0.0,0.92296,0.726732,0.064065,0.698188,0.0,0.231301,0.66832,0.0,1.391201,1.49847,0.0,0.0,0.0,0.0,0.0,0.392541,1.154738,0.386864,0.279017,0.0,0.217253,0.0,0.0,0.669308,1.324337,0.93051,2.165918,0.0,0.582498,0.46415,1.415454,0.0,1.117272,0.871121,0.729252,0.073444,0.020805,0.550828,0.934749,0.996781,1.437498,1.126194,0.253356,0.664152,0.896864,0.424443,0.172701
350,0.963407,0.0,0.268858,0.256244,0.0,0.0,0.0,0.0,0.0,0.353955,0.0,0.0,1.053716,0.0,0.481355,0.68626,0.0,0.59793,0.435118,0.12707,0.371839,0.107879,0.211816,0.926368,0.0,1.018624,1.163507,0.0,0.0,0.0,0.162126,0.0,0.477787,0.606406,0.0,0.436333,0.0,0.280929,0.020749,0.055359,0.100886,0.96938,0.649455,1.888692,0.0,0.13618,0.465291,0.837091,0.0,0.886685,0.36758,0.924892,0.0,0.0,0.694381,1.021694,1.506661,0.745389,0.730929,0.131476,0.368577,1.075888,0.183706,0.0
351,0.988915,0.0,0.162937,0.353036,0.0,0.0,0.0,0.262151,0.0,0.104102,0.0,0.0,1.026196,0.0,0.42013,0.765323,0.0,0.435677,0.095516,0.398061,0.351794,0.331248,0.321811,0.990494,0.0,0.351503,1.096574,0.0,0.0,0.0,0.192145,0.0,0.537116,0.193827,0.0,0.701931,0.0,0.097376,0.0,0.182805,0.002346,0.943623,0.909014,1.732566,0.0,0.253063,0.566024,0.620094,0.0,0.910136,0.1618,0.994127,0.238892,0.0,0.909953,0.913801,1.535885,0.397002,0.384329,0.070216,0.32699,1.036848,0.090145,0.0
352,1.095051,0.0,0.086563,0.321821,0.0,0.0,0.0,0.17616,0.0,0.286512,0.0,0.0,1.034156,0.0,0.342263,0.710029,0.0,0.242892,0.0,0.346598,0.593939,0.387965,0.134204,1.232934,0.0,0.583225,1.272627,0.0,0.0,0.0,0.422285,0.0,0.63801,0.259979,0.0,0.830987,0.0,0.0,0.0,0.242088,0.0,1.030247,0.848758,1.819897,0.0,0.269755,0.568645,0.681841,0.0,1.091182,0.507365,0.816584,0.0,0.0,1.013103,0.992692,1.552508,0.329257,0.292776,0.0,0.32571,0.970331,0.087164,0.0
353,1.23959,0.0,0.049391,0.31173,0.0,0.0,0.0,0.377746,0.0,0.26056,0.0,0.0,1.053672,0.0,0.215525,0.503744,0.0,0.164149,0.0,0.374196,0.840297,0.313042,0.06106,1.359124,0.0,0.447326,1.177222,0.0,0.0,0.0,0.477531,0.0,0.696278,0.433664,0.0,0.858903,0.0,0.179201,0.0,0.275885,0.0,1.178127,0.985324,1.737103,0.0,0.351857,0.566688,0.724468,0.0,1.087376,0.544397,0.793808,0.037096,0.0,1.079154,0.856621,1.475665,0.397918,0.130457,0.0,0.372075,0.879515,0.0,0.0
354,1.111102,0.0,0.0,0.344447,0.0,0.0,0.0,0.606739,0.0,0.208544,0.0,0.0,0.924667,0.0,0.096402,0.465879,0.0,0.080677,0.0,0.504421,1.177243,0.136831,0.115582,1.253672,0.0,0.412129,1.057336,0.0,0.0,0.0,0.461851,0.0,0.73256,0.634789,0.053139,1.077506,0.0,0.173966,0.0,0.301042,0.275979,1.286734,1.259116,1.86715,0.0,0.451803,0.518827,0.948201,0.0,0.999066,0.876184,0.794321,0.203287,0.0,0.920984,0.634384,1.122458,0.407543,0.091449,0.0,0.41947,0.701877,0.0,0.034246
355,1.242892,0.0,0.0,0.4211,0.0,0.0,0.0,0.530724,0.0,0.306489,0.0,0.0,1.141464,0.0,0.0,0.339725,0.0,0.0,0.0,0.253425,1.446962,0.153749,0.123801,1.298771,0.0,0.649899,0.996139,0.0,0.0,0.0,0.472359,0.0,0.778676,1.020347,0.248238,1.306009,0.0,0.227029,0.0,0.558488,0.253822,1.487978,1.153423,2.278126,0.0,0.584686,0.101083,1.185332,0.0,1.389637,1.190941,0.765444,0.015354,0.0,0.916242,0.803708,1.201765,0.571352,0.29329,0.091706,0.372685,0.472196,0.0,0.250173
356,1.479173,0.0,0.0,0.306956,0.0,0.0,0.0,0.64111,0.0,0.228512,0.0,0.0,1.274979,0.0,0.129512,0.425136,0.0,0.0,0.0,0.581035,1.224458,0.845479,0.113279,1.64161,0.0,0.178932,0.632322,0.0,0.0,0.0,0.547791,0.0,0.918,0.513078,0.0,1.516318,0.0,0.114258,0.0,0.499086,0.0,1.242449,1.130167,1.816951,0.0,0.251826,0.589303,0.656196,0.068157,1.191756,0.438506,0.962904,0.212875,0.0,1.218328,0.916208,1.660308,2.4e-05,0.0,0.0,0.257014,0.631101,0.0,0.0
357,1.438434,0.0,0.0,0.171101,0.0,0.0,0.0,0.936725,0.0,0.379919,0.0,0.0,1.088977,0.0,0.111039,0.624621,0.0,0.0,0.0,0.689909,1.503355,1.182309,0.0,1.810514,0.0,0.0,0.238131,0.0,0.0,0.0,0.515995,0.0,0.962324,0.737332,0.10501,1.812885,0.0,0.068524,0.0,0.394648,0.0,1.395487,1.208042,1.597043,0.021595,0.119666,0.733999,0.809496,0.025875,1.07128,0.379342,0.896484,0.517066,0.04301,1.441917,0.821925,1.748081,0.0,0.0,0.0,0.226435,0.68283,0.0,0.0
358,1.53498,0.0,0.002733,0.127427,0.0,0.0,0.264467,1.130424,0.0,0.4439,0.0,0.0,1.045309,0.0,0.284878,0.652706,0.0,0.0,0.0,0.630518,1.59892,1.670521,0.0,1.955554,0.0,0.0,0.0,0.0,0.0,0.0,0.517205,0.0,0.997703,0.76858,0.201483,1.952441,0.0,0.095019,0.0,0.399409,0.0,1.466697,1.335414,1.289945,0.157395,0.040179,0.600025,0.591042,0.117669,0.908345,0.083582,1.120564,0.618504,0.290732,1.447658,0.922976,2.097377,0.0,0.0,0.0,0.041273,0.736001,0.0,0.0
359,1.461601,0.0,0.116482,0.191956,0.0,0.0,0.62367,1.524721,0.0,0.389724,0.0,0.0,0.763119,0.0,0.065439,0.842368,0.0,0.0,0.0,1.013434,1.749159,2.10195,0.0,1.946874,0.0,0.0,0.0,0.0,0.0,0.0,0.26281,0.0,1.156117,0.661985,0.328299,2.26779,0.0,0.044575,0.0,0.453508,0.0,1.429345,1.39551,0.968394,0.299232,0.18565,0.647147,0.600771,0.065522,0.770811,0.0,1.130293,1.071995,0.469054,1.533524,0.831262,2.106989,0.0,0.0,0.15389,0.0,0.680045,0.0,0.085976
360,1.331614,0.0,0.141322,0.214216,0.014604,0.0,0.747481,1.643491,0.0,0.555885,0.0,0.0,0.459194,0.0,0.188128,0.98838,0.0,0.0,0.0,1.173608,1.827531,2.167928,0.0,1.711913,0.0,0.0,0.0,0.0,0.0,0.0,0.169004,0.0,1.22724,0.683582,0.492614,2.189945,0.0,0.09779,0.0,0.430043,0.0,1.398268,1.474537,0.617622,0.490931,0.237083,0.692146,0.704505,0.0,0.595698,0.0,1.175882,1.309962,0.55128,1.508636,0.719187,2.031043,0.0,0.0,0.263014,0.0,0.553225,0.0,0.19938
361,1.199656,0.0,0.081279,0.282819,0.029164,0.0,0.85615,1.715897,0.0,0.714347,0.0,0.0,0.20309,0.0,0.268251,0.963862,0.0,0.0,0.001141,1.100664,1.753069,2.146079,0.0,1.54481,0.0,0.0,0.0,0.0,0.0,0.0,0.09087,0.0,1.2417,0.570291,0.412772,2.140984,0.0,0.0,0.0,0.340052,0.0,1.201091,1.32449,0.467125,0.58761,0.352154,0.434664,0.625341,0.0,0.378905,0.0,1.201676,1.324499,0.673276,1.591095,0.707362,1.977938,0.0,0.0,0.504688,0.0,0.450705,0.0,0.24987
362,1.005366,0.0,0.045397,0.379847,0.27104,0.0,0.902126,1.584662,0.0,0.801041,0.0,0.0,0.0,0.0,0.181148,1.035513,0.0,0.0,0.05139,1.145082,1.716332,2.130646,0.0,1.325411,0.0,0.0,0.0,0.0,0.078511,0.0,0.056766,0.0,1.315461,0.51946,0.566748,2.016187,0.0,0.0,0.0,0.204822,0.0,1.116928,1.233392,0.212978,0.627049,0.392067,0.553051,0.772591,0.0,0.174567,0.0,1.172568,1.420556,0.724846,1.617429,0.526836,1.615961,0.0,0.0,0.644119,0.0,0.490934,0.0,0.301115
363,0.559816,0.0,0.0,0.327473,0.290914,0.0,0.445934,1.372306,0.0,0.992893,0.0,0.0,0.0,0.0,0.112716,1.17844,0.0,0.0,0.462281,0.910169,1.435075,1.85389,0.0,0.767755,0.0,0.0,0.0,0.0,0.23212,0.0,0.0,0.0,1.236172,0.395174,0.684404,1.656523,0.0,0.0,0.052714,0.0,0.114959,0.967911,0.912526,0.139158,0.693888,0.552925,0.440416,0.792463,0.0,0.0,0.078198,0.648134,1.334438,0.679741,1.754347,0.417912,1.060745,0.007499,0.112525,0.845024,0.0,0.699877,0.0,0.136113
364,0.417528,0.0,0.0,0.431726,0.51273,0.162221,0.605166,1.074795,0.0,1.063466,0.0,0.0,0.0,0.0,0.46961,1.144508,0.0,0.0,0.806851,0.579761,0.939018,1.801193,0.0,0.703122,0.0,0.0,0.0,0.0,0.0,0.0,0.0,0.0,1.178212,0.122215,0.371212,1.382809,0.0,0.019413,0.007848,0.0,0.021432,0.645676,0.54328,0.220929,0.47943,0.339056,0.184856,0.517994,0.0,0.0,0.030778,0.762973,0.861487,0.645784,1.814159,0.593412,1.299002,0.0,0.29727,0.963035,0.0,0.8738,0.216446,0.0
365,0.167291,0.0,0.0,0.295432,0.564467,0.210036,0.609183,0.839672,0.0,1.072957,0.0,0.058449,0.0,0.0,0.687612,1.291919,0.0,0.0,1.097156,0.34728,0.545091,1.794126,0.0,0.543793,0.0,0.0,0.0,0.0,0.0,0.0,0.0,0.0,1.092081,0.0,0.31158,1.266315,0.0,0.109368,0.142796,0.0,0.041259,0.323899,0.20105,0.415293,0.43084,0.123889,0.114698,0.322928,0.0,0.0,0.008407,0.7629,0.56973,0.858858,1.939614,0.802525,1.471952,0.0,0.593681,0.960632,0.0,1.204472,0.533856,0.0
366,0.14388,0.0,0.0,0.466592,0.789302,0.26509,0.488674,0.531441,0.0,1.178726,0.0,0.0,0.0,0.0,0.587073,1.5291,0.0,0.0,1.349732,0.278251,0.34857,1.690423,0.0,0.550298,0.0,0.0,0.104507,0.0,0.0,0.0,0.0,0.0,1.193297,0.0,0.150734,1.004462,0.0,0.235561,0.161211,0.0,0.0,0.251057,0.024354,0.522765,0.260633,0.132689,0.115773,0.226078,0.013321,0.0,0.048472,0.764415,0.316578,0.753196,1.807208,0.872868,1.398712,0.198748,0.640416,0.923251,0.0,1.590876,0.747414,0.0
367,0.204383,0.0,0.0,0.504646,0.575515,0.524862,0.308181,0.515925,0.0,1.008073,0.0,0.0,0.0,0.0,0.649867,1.39604,0.0,0.227107,1.190875,0.169716,0.235391,1.428997,0.0,0.547272,0.0,0.0,0.20827,0.0,0.0,0.0,0.0,0.0,0.981185,0.0,0.240706,0.697934,0.0,0.255682,0.242029,0.0,0.026568,0.217306,0.0,0.653339,0.089629,0.23909,0.045192,0.323798,0.063428,0.109396,0.164948,0.782142,0.179667,0.671582,1.814631,0.84744,1.600082,0.440487,0.561093,0.612375,0.0,1.322822,0.749212,0.0
368,0.080536,0.0,0.0,0.388129,0.427446,0.52608,0.0,0.143275,0.0,0.841829,0.0,0.085594,0.0,0.0,0.520853,1.506837,0.0,0.534891,1.394251,0.124805,0.189848,1.2932,0.0,0.316666,0.198676,0.483296,0.526175,0.0,0.0,0.0,0.0,0.0,0.938152,0.0,0.31556,0.498064,0.0,0.119089,0.162964,0.0,0.194531,0.332825,0.0,1.027922,0.049884,0.448476,0.127443,0.367566,0.208974,0.11162,0.469668,0.326033,0.065086,0.683199,1.47106,0.834828,1.29233,0.685728,0.816903,0.406331,0.0,1.439945,0.715227,0.0
369,0.253663,0.0,0.0,0.540146,0.0,0.337758,0.0,0.230334,0.0,0.685411,0.0,0.0,0.0,0.0,0.127924,1.08744,0.008392,0.571968,0.998462,0.264183,0.541968,0.701516,0.052436,0.20282,0.152249,0.554102,0.788792,0.0,0.0,0.0,0.0,0.0,0.789817,0.255049,0.61327,0.369623,0.0,0.0,0.137416,0.0,0.691618,0.569866,0.220554,0.948475,0.0,0.943283,0.0,0.690343,0.145852,0.400173,0.615545,0.177796,0.192633,0.412815,1.042654,0.64376,0.767333,1.172293,0.885725,0.559628,0.052611,0.864411,0.276641,0.0
370,0.490786,0.0,0.0,0.639521,0.103755,0.130897,0.0,0.366738,0.0,0.620763,0.0,0.0019,0.0,0.0,0.0,0.900089,0.0,0.375536,0.714978,0.626622,0.535295,0.734508,0.015397,0.222672,0.100053,0.282547,0.840968,0.0,0.0,0.0,0.0,0.0,0.988056,0.017836,0.414132,0.406944,0.0,0.0,0.0,0.0,0.527248,0.530484,0.199837,0.64918,0.0,0.904038,0.089841,0.432955,0.184914,0.401495,0.479856,0.117931,0.399027,0.00085,0.804264,0.427904,0.419231,0.737557,0.642271,0.535696,0.113513,0.483121,0.231742,0.0
371,0.745854,0.0,0.0,0.680014,0.104898,0.167899,0.127602,0.54369,0.0,0.536849,0.0,0.0,0.0,0.0,0.0,0.43445,0.0,0.140364,0.325442,0.740301,0.612825,0.754133,0.0,0.466638,0.0,0.0,0.64408,0.0,0.0,0.0,0.02013,0.0,1.098422,0.0,0.213429,0.459333,0.0,0.0,0.071042,0.0,0.37664,0.361453,0.323144,0.440269,0.0,0.760378,0.13735,0.352291,0.095029,0.319307,0.33959,0.366016,0.466496,0.0,0.665862,0.085391,0.389555,0.498172,0.165231,0.454315,0.204255,0.126585,0.339775,0.130656
372,0.920513,0.0,0.0,0.548249,0.064064,0.123523,0.253362,0.476694,0.0,0.391326,0.0,0.0,0.136722,0.0,0.141937,0.314281,0.0,0.039501,0.210875,0.716749,0.629907,0.784729,0.0,0.439789,0.0,0.187778,0.799381,0.0,0.0,0.0,0.099708,0.0,1.061435,0.0,0.101722,0.623302,0.0,0.0,0.037585,0.0,0.60688,0.381507,0.486432,0.432768,0.0,0.687474,0.054563,0.033882,0.18816,0.424425,0.397412,0.294471,0.336152,0.0,0.479203,0.146735,0.301121,0.410025,0.073539,0.32132,0.257547,0.222101,0.348209,0.18626
373,1.063485,0.0,0.0,0.36528,0.003068,0.04498,0.151243,0.482511,0.0,0.308062,0.0,0.0,0.350776,0.0,0.051238,0.218851,0.0,0.0,0.211463,0.991249,0.801986,0.781173,0.0,0.47139,0.0,0.414478,0.907923,0.0,0.0,0.0,0.08622,0.010069,1.122212,0.0,0.003224,0.764056,0.0,0.0,0.0,0.0,0.644578,0.472918,0.344682,0.566669,0.0,0.534751,0.121412,0.0,0.082216,0.754595,0.497794,0.12918,0.446674,0.0,0.538472,0.084428,0.210205,0.229846,0.145375,0.088021,0.399901,0.305597,0.364499,0.066184
374,1.198812,0.0,0.0,0.28607,0.0,0.03017,0.0,0.551558,0.0,0.33604,0.0,0.0,0.614136,0.0,0.0,0.0,0.0,0.127151,0.0,0.811967,0.791152,0.585367,0.0,0.485805,0.0,0.544434,0.993155,0.0,0.0,0.0,0.158169,0.240415,1.001912,0.290867,0.363585,0.701139,0.0,0.0,0.099497,0.275722,0.857786,0.591464,0.508766,1.002433,0.0,0.462228,0.0,0.242187,0.363241,1.078974,0.770518,0.398085,0.588137,0.0,0.438898,0.235562,0.0,0.441303,0.226271,0.0,0.404339,0.076133,0.174402,0.13661
375,1.354881,0.0,0.0,0.23791,0.0,0.0,0.0,0.47244,0.0,0.383854,0.0,0.0,0.845557,0.0,0.0,0.0,0.0,0.282883,0.0,0.594515,0.90926,0.353553,0.0,0.391502,0.0,1.046787,1.14883,0.0,0.0,0.0,0.127642,0.230742,1.069119,0.759621,0.563642,0.79129,0.0,0.0,0.118279,0.565026,0.995599,0.885072,0.36052,1.588675,0.0,0.455208,0.0,0.526001,0.472798,1.647454,1.077817,0.389324,0.54675,0.0,0.551028,0.500575,0.0,0.741018,0.451382,0.003648,0.505939,0.019851,0.001024,0.168754
376,1.199574,0.0,0.0,0.258061,0.0,0.0,0.0,0.659758,0.0,0.358213,0.0,0.0,0.803288,0.0,0.20375,0.0,0.0,0.497289,0.0,0.589359,1.008295,0.125753,0.0,0.35242,0.0,0.956736,0.937695,0.0,0.0,0.0,0.267231,0.160053,1.010105,0.759638,0.620838,0.659515,0.0,0.0,0.115075,0.531604,1.076445,0.964138,0.767801,1.64715,0.0,0.378808,0.238355,0.685595,0.39671,1.521946,1.22392,0.527807,0.922248,0.0,0.611323,0.273566,0.0,0.757711,0.296568,0.0,0.679497,0.179075,0.311478,0.133248
377,0.8885,0.0,0.0,0.277693,0.0,0.0,0.0,0.671292,0.0,0.222313,0.0,0.0,0.792388,0.0,0.396289,0.0,0.0,0.630353,0.156306,0.545293,1.036152,0.008004,0.0,0.129684,0.0,1.401006,1.053288,0.0,0.0,0.0,0.03269,0.027082,0.998993,0.776202,0.653062,0.399796,0.0,0.0,0.129821,0.457334,1.128774,0.844958,0.952536,1.786263,0.0,0.216897,0.488364,0.592114,0.20633,1.377095,1.211454,0.335642,0.916798,0.0,0.360703,0.337234,0.0,0.770998,0.310156,0.0,0.760609,0.405695,0.475049,0.069007
378,0.626675,0.0,0.0,0.31654,0.0,0.039406,0.0,0.732266,0.0,0.199812,0.0,0.0,0.751534,0.0,0.400637,0.0,0.0,0.690078,0.190449,0.551527,0.951233,0.0,0.0,0.008045,0.0,1.385329,0.94271,0.0,0.025512,0.0,0.0,0.024022,0.827891,0.838086,0.643814,0.160342,0.0,0.0,0.228341,0.393505,0.997558,0.707588,0.916841,1.526309,0.0,0.219855,0.589535,0.671768,0.124815,1.138036,1.02339,0.282797,1.151952,0.0,0.283181,0.214394,0.0,0.675792,0.370066,0.0,0.576492,0.420964,0.438419,0.0
379,0.593955,0.0,0.0,0.258271,0.0,0.188594,0.0,0.621726,0.0,0.22985,0.0,0.0,0.637488,0.0,0.574165,0.0,0.0,0.783045,0.348596,0.404202,0.646395,0.06805,0.0,0.0,0.0,1.532327,1.133797,0.0,0.0,0.0,0.0,0.0,0.632128,0.769023,0.739607,0.024998,0.0,0.0,0.414556,0.259946,0.913418,0.620869,0.811627,1.567248,0.0,0.301555,0.366375,0.486935,0.090291,1.1075,0.992066,0.109521,0.719538,0.0,0.214232,0.337377,0.0,0.713376,0.362111,0.0,0.469478,0.573425,0.324165,0.0
380,0.288247,0.0,0.109598,0.257429,0.0,0.589552,0.0,0.632971,0.0,0.183581,0.0,0.26211,0.44976,0.0,0.898168,0.252378,0.0,0.807428,0.827675,0.439016,0.4995,0.23343,0.0,0.0,0.0,1.658047,1.141727,0.0,0.0,0.0,0.0,0.0,0.607614,0.5053,0.419407,0.0,0.0,0.0,0.521579,0.0,0.709538,0.380806,0.978498,1.495865,0.0,0.212544,0.525408,0.326308,0.0,0.793523,0.868933,0.060585,0.531002,0.0,0.356497,0.114571,0.13421,0.505257,0.226544,0.0,0.403874,0.766143,0.788343,0.061143
381,0.251624,0.0,0.201439,0.352228,0.0,0.70245,0.218215,0.848348,0.0,0.296443,0.0,0.18784,0.395974,0.0,0.761327,0.300334,0.0,0.674997,0.851682,0.498236,0.395012,0.324155,0.0,0.03323,0.0,1.46941,1.082557,0.0,0.0,0.0,0.063651,0.0,0.673184,0.334036,0.279872,0.0,0.0,0.0,0.750052,0.0,0.447026,0.203762,0.69905,1.178903,0.0,0.305906,0.367597,0.15322,0.0,0.507206,0.804868,0.0,0.437967,0.0,0.458957,0.059203,0.448221,0.386052,0.202312,0.0,0.312436,0.949766,0.733505,0.191138
382,0.116346,0.0,0.171896,0.302711,0.0,0.724961,0.072531,0.835706,0.0,0.165354,0.0,0.180983,0.401136,0.0,0.645685,0.304722,0.0,0.723569,0.774879,0.493654,0.424867,0.508426,0.0,0.0,0.026552,1.595425,1.015659,0.0,0.0,0.0,0.003741,0.0,0.521239,0.474583,0.545496,0.0,0.0,0.0,0.800605,0.0,0.366442,0.190504,0.323238,1.009716,0.0,0.593388,0.212519,0.359638,0.0,0.538659,0.729966,0.0,0.590978,0.0,0.671195,0.0,0.373438,0.295188,0.394179,0.044823,0.025475,0.70396,0.500647,0.066827
383,0.126712,0.0,0.289541,0.505568,0.0,0.912131,0.473923,0.937611,0.0,0.561511,0.0,0.202397,0.22942,0.0,0.939145,0.443714,0.0,0.588554,0.98399,0.418277,0.281797,0.598298,0.0,0.0,0.0,1.318117,1.087188,0.0,0.0,0.0,0.173442,0.0,0.66847,0.103292,0.206431,0.006404,0.0,0.0,0.949993,0.0,0.180918,0.058029,0.310454,0.773683,0.0,0.505257,0.082018,0.0,0.0,0.25265,0.637224,0.0,0.35525,0.0,0.737154,0.04256,0.84633,0.455732,0.347698,0.36314,0.276743,1.133872,0.934921,0.287057
384,0.0,0.0,0.411366,0.255626,0.007947,0.948111,0.347504,0.878994,0.0,0.413064,0.0,0.476897,0.125568,0.0,0.979899,0.825542,0.0,0.714665,1.301319,0.326078,0.229612,0.739937,0.0,0.0,0.0,1.608714,0.878917,0.0,0.0,0.0,0.076455,0.0,0.549408,0.340336,0.436411,0.0,0.0,0.0,0.997868,0.0,0.339043,0.0,0.319697,0.739969,0.0,0.388445,0.209885,0.05247,0.0,0.097627,0.448597,0.0,0.344231,0.0,0.88021,0.056918,0.935866,0.3048,0.441812,0.262885,0.114598,1.270709,1.127441,0.253767
385,0.0,0.0,0.432687,0.224441,0.0,1.078628,0.259304,0.795275,0.0,0.426198,0.0,0.491832,0.003552,0.0,0.96945,0.899357,0.0,0.81103,1.2648,0.158188,0.0,0.792989,0.0,0.0,0.0,1.497414,0.709653,0.0,0.0,0.0,0.0,0.0,0.327158,0.462208,0.707576,0.0,0.0,0.0,1.100629,0.0,0.473778,0.0,0.220505,0.724767,0.0,0.596804,0.16096,0.209773,0.056226,0.0,0.328592,0.0,0.480568,0.394539,1.011225,0.059061,1.08413,0.554424,0.486545,0.256682,0.0,1.359847,0.960017,0.21729
386,0.0,0.0,0.399146,0.16489,0.079712,0.939101,0.518953,0.849278,0.0,0.568474,0.0,0.430643,0.024114,0.0,1.057253,1.083752,0.0,0.796275,1.438175,0.070012,0.0,0.920424,0.0,0.0,0.0,1.398807,0.476605,0.0,0.0,0.0,0.0,0.0,0.488264,0.414687,0.60963,0.0,0.0,0.0,1.129863,0.0,0.291336,0.0,0.110307,0.698797,0.0,0.268975,0.174286,0.167669,0.169167,0.0,0.167102,0.088288,0.450859,0.478907,1.250888,0.306428,1.3714,0.274819,0.553778,0.287895,0.0,1.540931,1.150034,0.11928
387,0.0,0.0,0.529407,0.35612,0.0,1.1001,0.434258,0.81151,0.0,0.721558,0.0,0.50286,0.047093,0.0,1.354158,1.155809,0.0,0.812321,1.475726,0.178384,0.0,1.04152,0.0,0.0,0.0,1.445234,0.74632,0.0,0.0,0.0,0.0,0.0,0.383933,0.376999,0.441554,0.001629,0.0,0.0,1.032432,0.0,0.158523,0.0,0.11664,0.809534,0.0,0.340615,0.019664,0.242325,0.18339,0.070061,0.262384,0.051442,0.462411,0.554478,1.173506,0.293342,1.391178,0.462626,0.671106,0.353441,0.0,1.454228,1.34375,0.079948
388,0.0,0.0,0.447099,0.223983,0.0,1.185473,0.211006,0.715863,0.0,0.59942,0.0,0.529906,0.0,0.0,1.208634,1.059223,0.0,0.913534,1.518299,0.073967,0.0,0.936452,0.0,0.0,0.0,1.599486,0.751057,0.0,0.0,0.0,0.0,0.0,0.180659,0.457148,0.723293,0.0,0.0,0.0,0.965864,0.0,0.362527,0.11404,0.326477,0.982261,0.0,0.435198,0.186491,0.372245,0.042519,0.004987,0.332748,0.091377,0.468193,0.656356,1.148593,0.19598,1.258321,0.605061,0.601944,0.115402,0.0,1.484536,1.199943,0.137099
389,0.0,0.0,0.395414,0.311831,0.0,0.778105,0.33368,1.021479,0.0,0.543226,0.0,0.393016,0.177031,0.0,1.008858,0.803624,0.0,0.632417,1.261927,0.145054,0.255214,0.747592,0.0,0.0,0.0,1.435253,0.911361,0.0,0.0,0.0,0.114582,0.0,0.291253,0.451396,0.569571,0.040188,0.0,0.0,0.906351,0.0,0.317159,0.220115,0.367409,0.688357,0.0,0.43778,0.211061,0.324198,0.0,0.0,0.25146,0.0,0.605137,0.121406,1.115982,0.193459,0.906164,0.40135,0.561765,0.398539,0.0,1.232314,0.842438,0.068727
390,0.0,0.0,0.393753,0.179477,0.0,0.790447,0.324172,0.972869,0.0,0.458212,0.0,0.326462,0.26334,0.0,1.024753,0.875858,0.0,0.647408,1.270924,0.167019,0.305831,0.562812,0.0,0.0,0.0,1.350476,0.764865,0.0,0.0,0.0,0.102045,0.0,0.350272,0.418149,0.360055,0.122419,0.0,0.0,0.768391,0.0,0.247721,0.175935,0.632779,0.951005,0.0,0.153076,0.342467,0.37078,0.0,0.086235,0.358707,0.22621,0.448203,0.0,0.998692,0.300652,1.023837,0.289465,0.471929,0.103902,0.039229,1.313913,0.925973,0.07399
391,0.0,0.0,0.368789,0.131066,0.0,0.590363,0.192932,0.809158,0.0,0.370005,0.0,0.304467,0.400379,0.0,0.981553,0.871813,0.0,0.616346,1.063479,0.155776,0.313071,0.496001,0.0,0.065768,0.0,1.197877,0.747956,0.0,0.0,0.0,0.099506,0.0,0.293595,0.385599,0.225942,0.278831,0.0,0.0,0.542258,0.0,0.171152,0.273169,0.747673,1.084,0.0,0.070419,0.466156,0.454083,0.0,0.243538,0.343237,0.358022,0.412511,0.0,0.928016,0.491872,0.986002,0.150016,0.510592,0.112936,0.070938,1.190902,0.893177,0.0
392,0.184631,0.0,0.278275,0.255559,0.0,0.411696,0.0,0.804422,0.0,0.413742,0.0,0.0,0.524427,0.0,0.563553,0.479451,0.0,0.57873,0.684071,0.218187,0.505863,0.24025,0.0,0.284633,0.0,0.782407,0.944057,0.0,0.0,0.0,0.151206,0.0,0.161699,0.531084,0.353489,0.241846,0.0,0.0,0.540644,0.0,0.300318,0.518545,0.70246,1.05612,0.0,0.469502,0.269311,0.666903,0.0,0.283284,0.424415,0.384258,0.613898,0.0,0.814905,0.371336,0.691671,0.580283,0.542894,0.142304,0.082166,1.059754,0.222958,0.0
393,0.348433,0.0,0.148178,0.403804,0.0,0.161233,0.0,0.560644,0.0,0.552291,0.0,0.0,0.718802,0.0,0.384392,0.375761,0.0,0.653985,0.553739,0.0,0.772408,0.098067,0.0,0.350703,0.0,0.918773,1.127946,0.0,0.0,0.0,0.108059,0.0,0.0,1.000271,0.546152,0.385351,0.0,0.0,0.452918,0.0,0.377402,0.981512,0.681438,1.436426,0.0,0.744071,0.001702,1.157904,0.0,0.715644,0.788062,0.398384,0.465675,0.0,0.910808,0.442559,0.636099,1.071259,0.853045,0.364819,0.163528,0.872649,0.196981,0.122527
394,0.437766,0.0,0.400713,0.139312,0.0,0.294786,0.0,0.163198,0.0,0.392698,0.0,0.0,0.752549,0.0,0.718931,0.468463,0.0,0.642309,0.636485,0.0,0.3098,0.36818,0.0,0.464596,0.0,1.15669,0.862081,0.0,0.0,0.0,0.068129,0.0,0.0,0.767091,0.300292,0.330263,0.0,0.212499,0.563199,0.0,0.183591,0.663469,0.568747,1.318328,0.0,0.309191,0.18146,0.654162,0.0,0.478489,0.218909,0.626277,0.069855,0.187399,0.879865,0.624135,1.261149,0.839595,0.799847,0.243119,0.207877,1.150287,0.392226,0.0
395,0.278721,0.0,0.460193,0.131774,0.0,0.407292,0.0,0.104406,0.0,0.479978,0.0,0.0,0.48076,0.0,0.829099,0.790867,0.0,0.776794,0.981836,0.0,0.256075,0.493586,0.0,0.498945,0.0,1.265874,1.107202,0.0,0.0,0.0,0.054475,0.0,0.0,0.62827,0.245885,0.387755,0.0,0.0,0.554535,0.0,0.0,0.455687,0.531703,1.416218,0.0,0.241758,0.259084,0.640575,0.0,0.400208,0.396056,0.445217,0.0,0.323338,0.997138,0.548768,1.332334,0.61099,0.722622,0.310292,0.37124,1.254454,0.772719,0.0
396,0.069498,0.0,0.302892,0.0,0.046466,0.484212,0.0,0.0,0.0,0.329461,0.0,0.0,0.39232,0.0,0.834941,1.115514,0.0,0.749057,1.221957,0.0,0.0,0.738572,0.0,0.304888,0.0,1.264906,0.781872,0.0,0.0,0.0,0.0,0.0,0.200657,0.399643,0.124017,0.540628,0.0,0.141204,0.45635,0.019602,0.0,0.104213,0.311628,1.193925,0.0,0.0,0.565878,0.297851,0.096709,0.041293,0.076872,0.510656,0.0,0.562836,1.185008,0.525292,1.818229,0.0,0.700881,0.31279,0.216559,1.270078,0.980925,0.0
397,0.373806,0.0,0.255584,0.170944,0.0,0.441242,0.217902,0.208798,0.0,0.185938,0.0,0.0,0.38429,0.0,0.582686,1.013846,0.0,0.404274,0.867599,0.135381,0.0,0.972733,0.020244,0.168609,0.091022,0.898106,0.630575,0.0,0.0,0.0,0.0,0.0,0.273345,0.287493,0.169041,0.402115,0.0,0.134022,0.681865,0.10124,0.05004,0.055318,0.0,0.668258,0.0,0.370877,0.113603,0.197963,0.276237,0.013149,0.026041,0.156556,0.066911,0.767519,1.141861,0.416472,1.808141,0.280517,0.56388,0.821182,0.157087,1.02514,0.448066,0.01165
398,0.621201,0.0,0.133792,0.42646,0.0,0.683305,0.334883,0.029797,0.0,0.306939,0.0,0.0,0.159375,0.0,0.467133,1.114511,0.0,0.049254,0.941528,0.314916,0.0,1.213062,0.0,0.165104,0.324131,0.858283,0.622077,0.0,0.0,0.0,0.0,0.0,0.713436,0.027862,0.101919,0.18565,0.0,0.204706,0.786212,0.110958,0.110363,0.0,0.0,0.345075,0.0,0.588647,0.0,0.011923,0.624069,0.0,0.02539,0.087782,0.0,0.860045,1.004295,0.419282,1.910864,0.3748,0.518125,1.03319,0.166662,0.938,0.361405,0.199422
399,0.798095,0.0,0.0,0.650872,0.0,0.815058,0.447773,0.184588,0.0,0.392365,0.0,0.0,0.0,0.0,0.433872,1.188466,0.0,0.0,0.805315,0.612098,0.07436,1.212703,0.0,0.271872,0.335241,0.593826,0.867132,0.0,0.0,0.0,0.0,0.0,0.947834,0.0,0.0,0.201799,0.0,0.0,0.754239,0.0,0.191401,0.0,0.0,0.124488,0.0,0.873595,0.0,0.0,0.602659,0.016377,0.155574,0.058313,0.104282,0.976568,0.836971,0.274565,1.740489,0.488165,0.358876,1.467789,0.509579,0.922624,0.58775,0.583672
400,1.126888,0.0,0.0,0.698372,0.037845,0.795093,0.599604,0.326246,0.0,0.30977,0.0,0.0,0.0,0.0,0.466673,1.245353,0.0,0.0,0.793352,0.889239,0.334571,1.243159,0.0,0.272999,0.279228,0.44004,0.904324,0.0,0.0,0.0,0.0,0.0,1.336432,0.0,0.0,0.42868,0.0,0.0,0.620952,0.024644,0.165433,0.0,0.0,0.0,0.004005,0.970114,0.0,0.0,0.746164,0.193707,0.05724,0.083647,0.26159,0.867188,0.907608,0.229298,1.891836,0.298611,0.383572,1.737653,0.598969,0.797744,0.631074,0.845758
401,1.23162,0.0,0.0,0.784508,0.0,0.82258,0.663504,0.490703,0.0,0.228983,0.0,0.0,0.015727,0.0,0.083174,1.230649,0.026724,0.0,0.235476,1.138183,0.370339,1.167229,0.0,0.43469,0.216132,0.112686,0.885792,0.0,0.0,0.0,0.0,0.0,1.494787,0.0,0.0,0.472693,0.0,0.0,0.569039,0.206279,0.362451,0.208331,0.0,0.0,0.001381,1.290252,0.0,0.0,0.76251,0.284186,0.0,0.413801,0.333327,0.773049,0.903716,0.148954,1.904531,0.364716,0.079551,1.830979,0.508104,0.513043,0.500895,1.154241
402,1.483251,0.0,0.0,0.657963,0.0,0.922202,0.651846,0.424054,0.0,0.247903,0.0,0.0,0.133655,0.0,0.313549,1.224842,0.106641,0.0,0.450459,1.256591,0.348488,1.14204,0.0,0.407765,0.256733,0.336477,0.978212,0.0,0.0,0.0,0.0,0.0,1.440969,0.0,0.0,0.632241,0.0,0.0,0.405516,0.234196,0.209003,0.206837,0.0,0.020787,0.01421,1.155154,0.0,0.0,0.833536,0.530547,0.0,0.481395,0.385969,0.873149,1.014026,0.306459,2.313488,0.240957,0.05678,1.7915,0.41172,0.51008,0.439473,1.181916
403,1.587154,0.0,0.0,0.837539,0.0,1.043614,0.56434,0.252628,0.0,0.275934,0.0,0.0,0.291401,0.0,0.235855,1.256106,0.294029,0.0,0.322631,1.202291,0.306627,1.173866,0.0,0.516023,0.177464,0.577698,1.21076,0.0,0.0,0.0,0.0,0.0,1.446679,0.0,0.0,0.520462,0.0,0.0,0.378765,0.396932,0.319129,0.380787,0.0,0.254045,0.0,1.26899,0.0,0.0,0.888251,0.757108,0.0,0.690709,0.105307,0.935462,0.697244,0.409147,2.673774,0.641762,0.155092,1.878383,0.387636,0.388794,0.374499,1.403401
404,1.383169,0.0,0.0,0.749901,0.0,0.761179,0.482478,0.43396,0.0,0.0,0.0,0.0,0.290478,0.0,0.125974,1.329155,0.222998,0.0,0.029433,1.069816,0.354007,0.858721,0.0,0.519732,0.0,0.317736,1.281313,0.0,0.0,0.0,0.0,0.0,1.320551,0.008737,0.0,0.472015,0.0,0.0,0.383818,0.376785,0.523322,0.432339,0.0,0.30541,0.0,1.267942,0.0,0.326196,0.615137,0.708743,0.0,0.752748,0.13761,0.758103,0.724331,0.280528,2.368916,0.692365,0.052648,1.858533,0.54678,0.210132,0.406208,1.445765
405,1.090727,0.0,0.0,0.462864,0.0,0.498406,0.210172,0.305933,0.0,0.0,0.0,0.0,0.397775,0.0,0.566012,1.541763,0.053548,0.0,0.673907,0.867309,0.026503,0.683713,0.068186,0.0,0.320304,0.741053,0.960946,0.0,0.0,0.0,0.0,0.0,1.14189,0.187422,0.0,0.416154,0.0,0.0,0.435285,0.263536,0.32656,0.257837,0.0,0.684773,0.061586,0.975174,0.0,0.547739,0.573124,0.606266,0.078137,0.375942,0.190236,0.892255,0.905861,0.290574,2.248374,0.620393,0.554554,1.740302,0.52402,0.64024,0.45205,0.962533
406,0.921213,0.0,0.014684,0.514817,0.0,0.392673,0.137909,0.011026,0.0,0.0,0.0,0.0,0.389442,0.0,0.609444,1.679394,0.029497,0.0,1.171661,0.601776,0.0,0.748589,0.022437,0.0,0.423019,0.978125,0.957156,0.0,0.0,0.0,0.0,0.0,1.186092,0.321825,0.0,0.20112,0.0,0.132902,0.660554,0.136618,0.359478,0.125254,0.0,0.749993,0.0,0.81898,0.100054,0.738295,0.749677,0.403464,0.15129,0.290735,0.039324,1.040707,1.026979,0.462144,2.418946,0.783564,1.023273,1.684082,0.382273,0.921301,0.424148,0.696634
407,0.838041,0.0,0.021683,0.468463,0.0,0.57381,0.135401,0.0,0.0,0.093415,0.0,0.0,0.185413,0.0,0.746457,1.715807,0.064959,0.243937,1.380649,0.430835,0.0,0.714513,0.070245,0.0,0.367232,1.101803,1.010994,0.0,0.0,0.0,0.0,0.0,0.898948,0.322727,0.0,0.047056,0.0,0.198427,0.7248,0.0,0.376826,0.132401,0.0,0.687919,0.0,0.950471,0.211684,0.799442,0.548736,0.164609,0.093215,0.525742,0.0,1.307016,1.063879,0.465385,2.426466,1.009547,1.007966,1.666422,0.457182,1.153778,0.75305,0.788367
408,0.691929,0.0,0.133317,0.442078,0.0,0.715471,0.144266,0.0,0.0,0.277007,0.0,0.0,0.045569,0.0,0.911767,1.864714,0.0,0.479257,1.760994,0.297756,0.0,0.988109,0.003033,0.0,0.358949,1.278599,1.05137,0.0,0.0,0.0,0.0,0.0,0.85332,0.299106,0.0,0.068374,0.0,0.290388,0.868694,0.0,0.206841,0.007047,0.0,0.739665,0.0,0.849365,0.313578,0.695302,0.627602,0.0,0.047644,0.560931,0.0,1.527587,1.314305,0.568636,2.66188,0.908798,1.132629,1.513753,0.369786,1.453549,1.013775,0.553437
409,0.614581,0.0,0.3469,0.531824,0.0,0.607326,0.41867,0.0,0.0,0.221713,0.0,0.0,0.096102,0.0,0.947798,1.930026,0.0,0.304039,1.592602,0.380615,0.0,1.088389,0.245753,0.0,0.07587,0.798445,0.861349,0.0,0.0,0.0,0.0,0.0,0.862581,0.104512,0.0,0.319741,0.0,0.267725,0.866447,0.0,0.151837,0.0,0.0,0.57612,0.0,0.802437,0.226303,0.552318,0.600554,0.0,0.0,0.666778,0.154531,1.317787,1.284061,0.495932,2.556243,0.728096,1.097685,1.876172,0.414565,1.414359,1.053071,0.560901
410,0.51369,0.0,0.412556,0.363006,0.0,0.578209,0.342076,0.092525,0.0,0.121395,0.0,0.0,0.156949,0.0,0.92222,1.774953,0.0,0.399686,1.510344,0.243989,0.0,1.105068,0.181267,0.0,0.075524,0.901318,0.887412,0.0,0.0,0.0,0.0,0.0,0.578366,0.334264,0.0,0.379709,0.0,0.160061,0.993293,0.0,0.215291,0.009733,0.0,0.567049,0.0,0.810179,0.048953,0.635471,0.388937,0.0,0.000939,0.338007,0.0,1.393259,1.452459,0.52155,2.587833,0.713669,0.914856,1.636686,0.427481,1.431235,1.04159,0.574174
411,0.560912,0.0,0.459883,0.20377,0.0,0.594981,0.376018,0.0,0.0,0.174621,0.0,0.0,0.302835,0.0,0.894441,1.522672,0.0,0.388156,1.470676,0.026082,0.0,1.271554,0.024879,0.061704,0.095132,1.173198,0.719863,0.0,0.0,0.0,0.0,0.0,0.535474,0.412321,0.172008,0.464155,0.0,0.34989,1.082682,0.055468,0.059573,0.0,0.0,0.522588,0.0,0.518713,0.166295,0.444528,0.530886,0.0,0.0,0.346925,0.0,1.402092,1.594482,0.612668,2.841288,0.483517,0.8118,1.310958,0.214022,1.3378,0.777274,0.389798
412,0.587479,0.0,0.591514,0.133732,0.0,0.635213,0.388808,0.0,0.0,0.39632,0.0,0.0,0.3809,0.0,0.95464,1.401372,0.0,0.269108,1.375115,0.207191,0.0,1.449336,0.0,0.284539,0.0,1.212376,0.910696,0.0,0.0,0.0,0.0,0.0,0.478207,0.441605,0.00807,0.647591,0.0,0.156001,1.10281,0.292979,0.0,0.0,0.0,0.552564,0.0,0.095348,0.0677,0.230775,0.635968,0.0,0.0,0.322634,0.0,1.242957,1.332747,0.573347,2.817076,0.151869,0.838843,1.289202,0.468222,1.260787,0.950618,0.259367
413,0.614121,0.0,0.569522,0.0,0.0,0.45444,0.520011,0.178404,0.0,0.0,0.0,0.0,0.753604,0.0,0.991588,1.048054,0.0,0.177926,0.989053,0.121404,0.0,1.148656,0.335102,0.127784,0.0,1.094714,0.593558,0.0,0.0,0.0,0.0,0.0,0.248529,0.543241,0.193969,0.847349,0.0,0.086705,0.92583,0.474962,0.0,0.091985,0.0,0.718242,0.0,0.002403,0.13497,0.177102,0.518833,0.0,0.0,0.267755,0.0,1.047854,1.061769,0.267205,2.569538,0.055009,0.683349,1.23765,0.421045,0.751241,0.669985,0.485377
414,0.57509,0.0,0.541422,0.0,0.0,0.276411,0.728375,0.564025,0.0,0.0,0.0,0.0,0.792522,0.0,0.709009,0.861752,0.0,0.115625,0.515781,0.425653,0.118204,0.966818,0.271082,0.360629,0.0,0.793678,0.745817,0.0,0.0,0.0,0.0,0.0,0.194175,0.630973,0.103905,0.799279,0.0,0.0,0.86983,0.4729,0.0,0.266652,0.0,0.467905,0.0,0.227859,0.126956,0.240574,0.173982,0.183067,0.0,0.276535,0.0,0.659186,0.754795,0.200039,2.160209,0.0,0.329204,1.277034,0.788451,0.581278,0.718361,0.807573
415,0.64056,0.0,0.652584,0.006316,0.0,0.457798,0.563747,0.35563,0.0,0.0,0.0,0.0,0.924686,0.0,0.545028,0.591192,0.0,0.0,0.33394,0.053118,0.225997,0.991921,0.0,0.323255,0.0,1.012275,0.890834,0.0,0.0,0.0,0.0,0.0,0.090882,0.99186,0.4555,0.608519,0.0,0.016039,1.092362,0.469917,0.0,0.541297,0.0,0.562398,0.0,0.265879,0.0,0.412805,0.141247,0.453446,0.082563,0.174881,0.0,0.59656,0.506347,0.221058,1.952685,0.360833,0.307582,1.224946,0.48758,0.346293,0.486555,0.862525
416,0.39192,0.0,0.372226,0.0,0.0,0.409559,0.689162,0.672999,0.0,0.0,0.0,0.0,0.804017,0.0,0.636512,0.454194,0.0,0.069536,0.371445,0.152329,0.410458,0.804866,0.0,0.1047,0.0,1.08024,0.796428,0.0,0.0,0.0,0.0,0.0,0.141697,0.79657,0.53915,0.717371,0.0,0.0,1.084132,0.425715,0.0,0.446062,0.126012,0.474629,0.0,0.164817,0.241519,0.348302,0.000357,0.382327,0.02809,0.135439,0.078496,0.460881,0.551047,0.115157,1.574774,0.110999,0.224697,1.013006,0.449861,0.308401,0.331792,0.795304
417,0.364848,0.0,0.36864,0.0,0.0,0.560071,0.672799,0.48686,0.0,0.0,0.0,0.0,0.798985,0.0,0.772474,0.386997,0.0,0.169008,0.610289,0.0,0.211342,0.90371,0.0,0.130725,0.0,1.236433,0.57851,0.0,0.0,0.0,0.0,0.0,0.148485,0.835235,0.686407,0.585864,0.0,0.0,0.999081,0.489429,0.0,0.23607,0.217316,0.419159,0.0,0.039294,0.47776,0.143395,0.247195,0.088944,0.0,0.32759,0.075668,0.48143,0.50916,0.070931,1.646443,0.0,0.270634,0.743466,0.251667,0.271667,0.37406,0.619651
418,0.158578,0.0,0.228735,0.0,0.0,0.616921,0.679164,0.723973,0.0,0.0,0.0,0.0,0.411936,0.0,0.837909,0.389422,0.0,0.193995,0.901328,0.073019,0.235708,0.713026,0.0,0.09389,0.0,1.272882,0.707103,0.0,0.037061,0.0,0.0,0.0,0.082253,0.595315,0.514173,0.600335,0.0,0.0,0.965356,0.39852,0.0,0.046035,0.45696,0.498546,0.0,0.042399,0.448989,0.053465,0.0,0.048104,0.00584,0.281478,0.287102,0.569853,0.427474,0.0,1.437882,0.0,0.167154,0.710245,0.512953,0.405815,0.757266,0.593868
419,0.044982,0.0,0.26344,0.087248,0.0,0.470983,0.801657,0.962205,0.0,0.105879,0.0,0.0,0.279218,0.0,0.756375,0.359432,0.0,0.152939,0.624022,0.194994,0.293083,0.819341,0.0,0.021685,0.0,1.095606,0.776483,0.0,0.125879,0.0,0.079878,0.0,0.045468,0.561663,0.499725,0.611047,0.0,0.0,1.014361,0.471859,0.01246,0.134424,0.223001,0.328137,0.0,0.07703,0.226043,0.029394,0.0,0.083977,0.109455,0.087926,0.445042,0.479012,0.596753,0.0,1.158036,0.0,0.071569,0.87765,0.518471,0.396997,0.611947,0.59111
420,0.147399,0.0,0.136223,0.0,0.0,0.4595,0.618683,0.540487,0.0,0.165834,0.0,0.0,0.274835,0.0,0.678501,0.356435,0.0,0.300147,0.539916,0.04848,0.215852,1.219714,0.0,0.177527,0.0,1.132479,0.4101,0.0,0.0,0.0,0.0,0.0,0.168446,0.584318,0.822662,0.700649,0.0,0.0,0.93292,0.462697,0.0,0.056616,0.183366,0.348569,0.0,0.08775,0.286814,0.0,0.145449,0.0,0.0,0.076113,0.223288,0.679921,0.92698,0.0,1.481307,0.0,0.056706,0.573636,0.107934,0.502168,0.23899,0.277425
421,0.281147,0.0,0.211339,0.009017,0.0,0.370918,1.01162,0.686525,0.0,0.022201,0.0,0.0,0.454448,0.0,0.64168,0.417627,0.0,0.3133,0.203364,0.454766,0.382584,1.704756,0.0,0.333464,0.0,0.863899,0.035615,0.0,0.0,0.0,0.149742,0.0,0.268934,0.57784,0.797722,0.968004,0.0,0.0,0.888656,0.588858,0.0,0.081631,0.0,0.100482,0.0,0.108529,0.093201,0.0,0.343939,0.043599,0.0,0.15999,0.38988,0.732881,0.953241,0.112642,1.475655,0.0,0.137161,0.639046,0.0,0.578504,0.210371,0.303851
422,0.320496,0.0,0.074756,0.140239,0.0,0.387819,0.854482,0.564999,0.0,0.295754,0.0,0.0,0.194569,0.0,0.470145,0.46475,0.0,0.028782,0.236496,0.578211,0.609055,1.791301,0.0,0.504367,0.0,0.775764,0.148047,0.0,0.0,0.0,0.209441,0.0,0.558245,0.2084,0.448857,1.029122,0.0,0.044825,0.622787,0.237808,0.0,0.060951,0.0,0.107896,0.0,0.20447,0.0,0.0,0.129256,0.054163,0.12356,0.125255,0.025125,0.412092,1.248062,0.058647,1.586556,0.0,0.0,0.667712,0.26736,1.008544,0.030319,0.141609
423,0.299385,0.0,0.084746,0.416718,0.0,0.289496,1.164603,0.969354,0.0,0.340425,0.0,0.0,0.071328,0.0,0.455211,0.652723,0.0,0.0,0.220146,0.930759,0.958729,2.103586,0.0,0.782689,0.0,0.461639,0.16815,0.0,0.0,0.0,0.426157,0.0,0.917642,0.018659,0.124715,1.437538,0.0,0.0,0.595378,0.047929,0.0,0.033815,0.0,0.200863,0.0,0.055521,0.0,0.0,0.016063,0.250555,0.421867,0.138879,0.127164,0.316096,1.472575,0.012899,1.581777,0.0,0.0,0.679507,0.500747,1.265657,0.162419,0.164221
424,0.451629,0.0,0.0,0.558917,0.0,0.441373,1.258419,1.170457,0.0,0.519245,0.0,0.0,0.035249,0.0,0.313612,0.529984,0.0,0.0,0.135414,1.106994,1.190279,2.381575,0.0,1.056465,0.0,0.231399,0.254193,0.0,0.0,0.0,0.534983,0.0,1.148671,0.0,0.0,1.708967,0.0,0.0,0.557451,0.0,0.0,0.09003,0.0,0.271296,0.0,0.118582,0.0,0.0,0.07019,0.382219,0.613503,0.334309,0.186322,0.304614,1.717718,0.021174,1.726525,0.0,0.0,0.745767,0.433964,1.318609,0.03346,0.152917
425,0.357157,0.0,0.0,0.465682,0.0,0.643171,1.432502,1.11181,0.0,0.642198,0.0,0.0,0.0,0.0,0.642769,0.730136,0.0,0.0,0.235244,1.065235,1.165355,2.541492,0.0,1.125291,0.0,0.170231,0.033785,0.0,0.0,0.0,0.488617,0.0,1.217879,0.0,0.0,1.797518,0.0,0.008028,0.576975,0.0,0.0,0.0,0.0,0.22147,0.0,0.0,0.0,0.0,0.017968,0.454019,0.46896,0.495456,0.154769,0.27062,1.839175,0.174843,2.000584,0.0,0.0,0.571159,0.330718,1.455835,0.2061,0.039984
426,0.391191,0.0,0.0,0.456411,0.0,0.752923,1.256202,1.112355,0.0,0.643932,0.0,0.0,0.0,0.0,0.492854,0.608861,0.0,0.0,0.148692,1.03782,1.336665,2.512562,0.0,0.954282,0.0,0.079846,0.0,0.0,0.0,0.0,0.551907,0.0,1.280119,0.0,0.090269,1.60183,0.0,0.245987,0.636673,0.0,0.0,0.0,0.0,0.205208,0.015704,0.009548,0.0,0.0,0.000859,0.385339,0.41852,0.582709,0.206315,0.09896,1.844969,0.032145,1.976839,0.0,0.0,0.391988,0.057801,1.310364,0.033489,0.0
427,0.361609,0.0,0.0,0.392948,0.0,0.744737,1.283519,1.265566,0.0,0.465526,0.0,0.0,0.0,0.0,0.537319,0.659302,0.0,0.0,0.321562,1.061052,1.248564,2.322955,0.0,0.775405,0.0,0.218143,0.183868,0.0,0.0,0.0,0.528002,0.0,1.315925,0.0,0.0,1.706699,0.0,0.0,0.677873,0.0,0.0,0.0,0.0,0.23042,0.132182,0.177443,0.0,0.0,0.0,0.300712,0.496161,0.388208,0.336829,0.248576,1.761238,0.0,1.673396,0.0,0.0,0.713521,0.305231,1.484628,0.179941,0.057592
428,0.436854,0.0,0.0,0.273263,0.0,0.811013,1.317702,1.224762,0.0,0.212699,0.0,0.0,0.06245,0.0,0.458257,0.55288,0.0,0.0,0.305455,1.075169,1.097815,2.22047,0.0,0.556066,0.0,0.399919,0.288823,0.0,0.015283,0.0,0.442943,0.053446,1.376862,0.0,0.0,1.496652,0.0,0.0,0.856936,0.0,0.0,0.0,0.0,0.052831,0.120956,0.352225,0.0,0.0,0.134858,0.217327,0.293982,0.232737,0.440568,0.340145,1.670436,0.0,1.490862,0.0,0.0,0.811687,0.294786,1.447352,0.25695,0.205854
429,0.795446,0.0,0.0,0.452097,0.0,1.092541,1.227912,1.062845,0.0,0.489179,0.0,0.0,0.123708,0.0,0.595057,0.327765,0.0,0.0,0.365827,1.124746,1.074294,1.900562,0.0,0.569399,0.0,0.453038,0.832273,0.0,0.0,0.0,0.379571,0.0,1.367841,0.0,0.0,1.191411,0.0,0.0,0.919424,0.0,0.0,0.0,0.0,0.0,0.0,0.72779,0.0,0.0,0.160331,0.355771,0.379012,0.28701,0.212351,0.143752,1.354751,0.0,1.595797,0.0,0.0,0.936892,0.381105,1.3401,0.450593,0.54418
430,0.79987,0.0,0.0,0.360302,0.0,1.306332,1.329126,1.113443,0.0,0.325467,0.0,0.0,0.228773,0.0,0.827688,0.368835,0.0,0.0,0.287636,1.030116,0.815726,1.589343,0.0,0.329883,0.0,0.590674,0.688438,0.0,0.0,0.0,0.241859,0.0,1.12979,0.0,0.0,0.955916,0.0,0.0,1.089746,0.0,0.0,0.0,0.0,0.011482,0.0,0.752757,0.0,0.0,0.281372,0.375579,0.36221,0.315497,0.338086,0.244857,1.116354,0.0,1.539413,0.0,0.0,0.818016,0.259385,1.094977,0.768862,0.840208
431,0.781991,0.0,0.0,0.402973,0.0,1.292557,0.885448,0.93702,0.0,0.24716,0.0,0.014039,0.450095,0.0,0.735393,0.215059,0.0,0.0,0.546647,0.936255,0.838442,1.315419,0.0,0.0,0.192311,1.029278,0.976126,0.0,0.0,0.0,0.142289,0.09899,1.217752,0.0,0.0,0.407131,0.0,0.0,1.162518,0.0,0.160833,0.0,0.0,0.12271,0.0,1.0307,0.0,0.0,0.210497,0.359284,0.410582,0.004455,0.207431,0.027291,0.972506,0.0,1.281859,0.090633,0.0,0.718523,0.305472,1.151507,0.606817,0.662503
432,0.761112,0.0,0.0,0.488348,0.0,1.233238,0.762539,0.948714,0.0,0.240735,0.0,0.175206,0.630503,0.0,0.900782,0.229808,0.0,0.0,0.669157,0.850066,0.752048,1.034041,0.0,0.0,0.155899,1.328433,1.129977,0.0,0.0,0.0,0.0,0.003157,1.254259,0.0,0.0,0.169655,0.0,0.0,1.207443,0.0,0.268722,0.0,0.215532,0.240463,0.0,1.101488,0.039968,0.0,0.255483,0.288852,0.299792,0.027554,0.344212,0.007033,0.84993,0.0,1.159392,0.251005,0.148459,0.722933,0.367408,1.230373,0.824455,0.668464
433,0.639384,0.0,0.0,0.407554,0.054084,1.206207,0.578561,0.982297,0.0,0.197407,0.0,0.444791,0.652451,0.0,0.983873,0.344075,0.0,0.0,0.870313,0.778235,0.642471,0.756129,0.0,0.0,0.115802,1.566389,1.123203,0.0,0.0,0.0,0.0,0.0,1.133392,0.033465,0.0,0.0,0.0,0.0,1.221225,0.0,0.394584,0.0,0.462217,0.422009,0.0,0.958209,0.362721,0.0,0.180734,0.138649,0.164323,0.085722,0.620909,0.0,0.709681,0.0,1.010451,0.246595,0.287602,0.67132,0.275855,1.245666,1.073224,0.667408
434,0.530846,0.0,0.111443,0.520423,0.0,1.311622,0.328875,0.82638,0.0,0.300232,0.0,0.670441,0.514368,0.0,1.102695,0.628706,0.0,0.217689,1.10036,0.773368,0.39269,0.509672,0.0,0.0,0.307601,1.756462,1.223193,0.0,0.0,0.0,0.0,0.0,1.026767,0.30928,0.19604,0.0,0.0,0.0,1.125677,0.0,0.580672,0.0,0.662019,0.852314,0.0,1.024156,0.543465,0.146546,0.177051,0.168826,0.34429,0.22756,0.557781,0.0,0.585271,0.0,0.98886,0.639089,0.262837,0.351086,0.209052,1.289561,1.227668,0.780846
435,0.728493,0.0,0.108332,0.6256,0.0,1.381835,0.251366,0.773978,0.0,0.456679,0.0,0.690553,0.606249,0.0,1.38942,0.700185,0.0,0.238736,1.213883,0.721995,0.196706,0.4843,0.0,0.0,0.299021,1.887899,1.262828,0.0,0.0,0.0,0.0,0.0,1.002015,0.259319,0.0,0.0,0.0,0.0,1.026151,0.0,0.570255,0.080367,0.648573,1.047785,0.0,1.08151,0.35376,0.215174,0.358419,0.330428,0.410654,0.352737,0.558885,0.134697,0.533149,0.1527,1.222463,0.862177,0.343118,0.293292,0.160967,1.307218,1.315528,0.775843
436,0.630273,0.0,0.0,0.574109,0.0,1.286448,0.125006,0.898472,0.0,0.266008,0.0,0.643113,0.697661,0.0,1.176714,0.623946,0.0,0.324437,1.056293,0.744247,0.394457,0.283217,0.0,0.0,0.376539,1.886425,1.334262,0.0,0.0,0.0,0.0,0.0,1.007015,0.373328,0.385227,0.0,0.0,0.0,0.982468,0.0,0.737248,0.1451,0.948052,1.031405,0.0,1.279559,0.613069,0.409254,0.244242,0.344184,0.370816,0.335,0.71757,0.031938,0.576904,0.043638,0.916567,0.869598,0.41554,0.301825,0.192946,1.296918,1.075252,0.870209
437,0.794075,0.0,0.0,0.652358,0.0,1.13641,0.368246,0.908838,0.0,0.319583,0.0,0.500227,0.579956,0.0,0.93858,0.489628,0.0,0.0,1.004259,0.885396,0.562718,0.389289,0.0,0.0,0.06799,1.653012,1.391201,0.0,0.0,0.0,0.0,0.0,1.249984,0.237873,0.0,0.0,0.0,0.0,1.031665,0.0,0.562871,0.146546,0.894014,0.79689,0.0,1.084592,0.626242,0.153391,0.180747,0.198047,0.225216,0.382901,0.715365,0.0,0.562134,0.0,0.932785,0.580879,0.275547,0.346138,0.198362,1.414143,1.04017,0.744287
438,1.010021,0.0,0.0,0.568,0.0,1.222543,0.464673,0.92154,0.0,0.320883,0.0,0.250453,0.795357,0.0,1.121536,0.187598,0.0,0.0,0.666426,0.891557,0.515731,0.662851,0.0,0.0,0.171819,1.534942,1.357097,0.0,0.0,0.0,0.0,0.0,1.168072,0.0,0.0,0.005681,0.0,0.0,1.07998,0.0,0.479003,0.0,0.596729,0.716365,0.0,1.193766,0.208079,0.0,0.310237,0.503313,0.368948,0.265869,0.514463,0.0,0.678503,0.006451,1.087963,0.528667,0.134761,0.416507,0.208248,1.196173,0.759045,0.662441
439,1.074763,0.0,0.025151,0.463388,0.0,1.124923,0.816895,1.089558,0.0,0.354041,0.0,0.028344,0.716834,0.0,1.058067,0.0,0.0,0.0,0.512374,1.06531,0.732784,0.855542,0.0,0.04758,0.0,1.22594,1.224195,0.0,0.0,0.0,0.0,0.0,1.21723,0.0,0.0,0.345958,0.0,0.0,1.190067,0.0,0.368183,0.0,0.701049,0.603634,0.0,0.854672,0.23416,0.0,0.17055,0.586527,0.543893,0.301644,0.419939,0.0,0.77002,0.0,1.016908,0.286189,0.0,0.262202,0.399995,1.141074,0.769098,0.749442
440,0.839524,0.0,0.0,0.178069,0.0,0.940881,0.898525,1.122258,0.0,0.177806,0.0,0.0,0.696741,0.0,0.936053,0.0,0.0,0.0,0.441168,1.097632,0.873931,1.177257,0.0,0.0,0.065356,1.273663,1.070857,0.0,0.111042,0.0,0.0,0.003144,1.271438,0.095426,0.0,0.55783,0.0,0.0,1.18024,0.0,0.468355,0.0,0.643771,0.508507,0.0,0.603987,0.244212,0.0,0.071972,0.834732,0.704031,0.055899,0.476881,0.0,0.99431,0.0,0.701727,0.0,0.0,0.11775,0.456634,0.936749,0.568684,0.534104
441,0.711485,0.0,0.0,0.077124,0.0,0.608025,1.210053,1.507822,0.0,0.0,0.0,0.0,0.72731,0.0,0.715403,0.0,0.0,0.14625,0.17753,1.129606,1.25519,1.234525,0.0,0.082115,0.0,1.242478,0.729382,0.0,0.637989,0.0,0.0,0.36521,1.385314,0.201996,0.395863,0.838184,0.0,0.0,1.154793,0.174905,0.552075,0.07938,0.957788,0.519389,0.0,0.4864,0.587283,0.0,0.0,0.905064,0.89611,0.117154,1.069607,0.0,1.036968,0.0,0.013799,0.0,0.0,0.07983,0.740929,0.800681,0.555601,0.672836
442,0.632485,0.0,0.0,0.0,0.0,0.32501,1.214243,1.656182,0.0,0.0,0.0,0.0,0.727548,0.0,0.563407,0.0,0.0,0.424255,0.000545,1.193623,1.427682,1.318088,0.0,0.018819,0.0,1.232606,0.585114,0.0,0.943973,0.0,0.0,0.654721,1.382168,0.408514,0.838254,1.09911,0.0,0.0,1.044423,0.44086,0.667442,0.288979,0.986452,0.652113,0.0,0.384306,0.651247,0.146641,0.0,1.166365,1.103703,0.194979,1.459604,0.0,1.226092,0.0,0.0,0.0,0.0,0.036253,0.820935,0.525945,0.400469,0.570166
443,0.616123,0.0,0.0,0.0,0.0,0.099719,1.038997,1.463138,0.0,0.0,0.0,0.0,0.641419,0.0,0.551006,0.0,0.0,0.52842,0.0,1.472616,1.573383,1.410181,0.0,0.0,0.0,1.061198,0.323116,0.0,1.191506,0.0,0.0,0.592647,1.246031,0.691359,1.034536,1.152619,0.0,0.0,0.949249,0.453986,0.805328,0.637867,0.985337,0.569807,0.0,0.380672,0.669032,0.371172,0.0,1.447733,1.039943,0.14688,1.627458,0.0,1.234631,0.0,0.0,0.0,0.0,0.0,0.698542,0.309467,0.383463,0.362173
444,0.670736,0.0,0.0,0.0,0.0,0.0,0.99819,1.464646,0.0,0.195055,0.0,0.0,0.663367,0.0,0.619558,0.0,0.0,0.597436,0.0,1.453121,1.513326,1.359589,0.0,0.0,0.0,0.875117,0.22955,0.0,1.175167,0.0,0.0,0.619205,1.18543,0.799961,1.124728,1.161646,0.0,0.0,0.882101,0.578882,0.935827,0.811654,1.025987,0.57957,0.0,0.339306,0.65147,0.475824,0.0,1.534688,1.094565,0.328167,1.775386,0.0,1.177807,0.0,0.0,0.0,0.0,0.0,0.657714,0.14433,0.291928,0.334145
445,0.637925,0.0,0.0,0.0,0.0,0.0,1.171652,1.701306,0.0,0.319323,0.0,0.0,0.729907,0.0,0.658322,0.0,0.0,0.625395,0.0,1.312794,1.52727,1.257807,0.0,0.036011,0.0,0.900259,0.23577,0.0,1.118932,0.0,0.0,0.571673,1.339885,0.812665,1.139443,1.177226,0.0,0.0,0.888614,0.730653,0.885586,0.894331,1.292419,0.673809,0.0,0.112033,0.90724,0.498736,0.0,1.446413,1.228957,0.452262,1.889803,0.0,1.247515,0.0,0.0,0.0,0.0,0.0,0.754543,0.237451,0.341874,0.362005
446,0.659511,0.0,0.0,0.0,0.0,0.0,0.94738,1.598249,0.0,0.338545,0.0,0.0,0.873747,0.0,0.738334,0.0,0.0,0.614688,0.0,1.196549,1.483513,1.056253,0.0,0.0,0.0,0.978678,0.370933,0.0,1.066698,0.0,0.0,0.506589,1.073254,0.965245,1.275955,0.974844,0.0,0.0,0.905033,0.835168,1.002659,0.93583,1.372339,0.698244,0.0,0.139164,0.988787,0.547208,0.0,1.445205,0.977181,0.490808,1.92897,0.0,1.024894,0.043731,0.0,0.0,0.0,0.0,0.586367,0.227636,0.109761,0.280791
447,0.48372,0.0,0.0,0.0,0.0,0.0,0.999523,1.621696,0.0,0.119319,0.0,0.0,1.029151,0.0,0.982333,0.0,0.0,0.58874,0.0,0.980033,1.423442,0.997071,0.0,0.0,0.0,1.065891,0.24011,0.0,1.018598,0.0,0.0,0.475503,0.911711,1.054999,1.447189,0.608345,0.0,0.0,1.009929,0.886211,1.141965,0.837967,1.715772,0.558677,0.0,0.08476,1.17853,0.507207,0.0,1.338412,0.68976,0.589803,2.091768,0.0,0.705679,0.095927,0.0,0.0,0.0,0.0,0.512247,0.272827,0.19337,0.381773
448,0.54536,0.0,0.0,0.0,0.0,0.0,0.96626,1.622116,0.0,0.0,0.0,0.0,1.274607,0.0,1.391133,0.0,0.0,0.523118,0.050197,0.650877,1.19297,1.106246,0.0,0.0,0.0,1.253283,0.180322,0.0,0.825864,0.0,0.0,0.314425,0.843769,1.140021,1.481592,0.410977,0.0,0.0,0.968538,0.887181,1.206114,0.808698,2.006409,0.715159,0.0,0.0,1.21352,0.352064,0.0,1.273345,0.528564,0.804317,2.04,0.0,0.526082,0.258085,0.0,0.0,0.0,0.0,0.463394,0.394833,0.585289,0.56253
449,0.473963,0.0,0.0,0.0,0.0,0.0,0.736737,1.507419,0.0,0.285095,0.0,0.014566,1.107842,0.0,1.187466,0.0,0.0,0.596416,0.244302,0.940858,1.343995,0.752933,0.0,0.0,0.0,1.426044,0.720745,0.0,0.699804,0.0,0.0,0.067227,0.842095,1.153445,1.430044,0.516121,0.0,0.0,0.887778,0.919585,1.183733,1.029339,1.914253,0.942367,0.0,0.098972,1.378931,0.482043,0.0,1.305095,0.61244,0.597957,1.905502,0.0,0.629005,0.198335,0.0,0.208465,0.0,0.0,0.562703,0.349973,0.263015,0.535415
