time_index,z0,z1,z2,z3,z4,z5,z6,z7,z8,z9,z10,z11,z12,z13,z14,z15,z16,z17,z18,z19,z20,z21,z22,z23,z24,z25,z26,z27,z28,z29,z30,z31,z32,z33,z34,z35,z36,z37,z38,z39,z40,z41,z42,z43,z44,z45,z46,z47
0,1.285256,1.120237,1.140747,0.346324,2.957594,0.023568,0.0,3.507939,0.906853,0.0,1.279276,2.48525,0.0,0.0,0.0,0.536129,1.224438,2.634945,1.149243,0.0,3.45803,0.0,0.242889,0.0,1.435635,3.02872,0.185485,2.44183,1.405248,0.041885,1.33948,2.308447,0.384535,0.228084,2.186226,0.0,0.0,2.308582,1.515027,0.67327,0.921594,0.0,0.366892,1.643667,2.082141,0.0,0.0,0.0
1,1.50559,1.222892,1.09023,0.001062,2.375658,0.0,0.0,3.165359,0.664516,0.0,1.321134,2.112082,0.0,0.0,0.0,0.798519,1.28111,2.447891,0.766192,0.0,2.999793,0.089313,0.439417,0.0,1.415464,2.4661,0.711967,2.184338,1.512887,0.0,1.530313,2.129906,0.296121,0.0,2.187144,0.0,0.0,1.915057,1.718955,0.532647,0.301407,0.0,0.128851,1.697339,2.165984,0.0,0.0,0.0
2,1.729134,1.348224,1.444995,0.0,2.611596,0.0,0.0,3.458895,0.070143,0.0,1.295347,2.415506,0.0,0.0,0.0,0.781009,0.736796,2.3223,0.658755,0.0,3.033513,0.0,0.0,0.0,1.652095,2.72773,1.125762,2.112923,1.495342,0.01497,1.378954,2.146634,0.26455,0.158037,2.107592,0.0,0.0,2.139849,1.592808,0.038587,0.356423,0.0,0.258698,1.564991,2.297223,0.0,0.0,0.0
3,1.769795,1.540204,1.586404,0.0,2.513098,0.0,0.0,3.186258,0.438422,0.0,0.928279,2.027643,0.0,0.0,0.0,0.813478,0.855825,2.00014,1.033127,0.0,2.887509,0.369334,0.138794,0.217275,1.546322,2.20022,0.652916,1.631298,1.526107,0.0,1.719287,1.727391,0.001847,0.180885,1.976258,0.0,0.0,1.584045,1.696588,0.177657,0.323139,0.0,0.20931,1.556696,2.368151,0.0,0.0,0.0
4,1.635744,1.405191,1.599153,0.0,2.292636,0.043416,0.0,2.76506,0.764241,0.0,0.659685,1.704591,0.0,0.0,0.0,0.690515,1.202439,1.667848,1.273881,0.0,2.440785,0.71888,0.403484,0.243601,1.59886,1.571662,0.27835,1.313697,1.331783,0.0,1.699114,1.457087,0.0,0.02289,1.709325,0.0,0.0,1.149689,1.608746,0.426161,0.580583,0.238626,0.192918,1.693692,2.275672,0.0,0.0,0.0
5,1.660807,1.470742,1.775697,0.0,2.383025,0.0,0.087839,2.746596,0.58105,0.0,0.421933,1.818163,0.0,0.0,0.0,0.822236,0.538705,1.671228,1.246654,0.0,2.634941,0.574839,0.48966,0.396617,1.6815,1.488775,0.202794,1.277215,1.226554,0.0,1.931639,1.192441,0.0,0.177323,1.999004,0.0,0.0,1.290957,1.630999,0.0,0.424819,0.348417,0.169971,1.644582,2.643654,0.0,0.0,0.0
6,1.300297,1.116543,1.570864,0.0,2.357653,0.404936,0.0,2.163463,0.878714,0.0,0.483453,1.627264,0.393417,0.151632,0.0,0.473866,0.860591,1.451298,1.413292,0.0,2.1947,0.404999,0.591383,0.189449,1.57005,1.196711,0.220725,0.975615,0.844821,0.0,1.430059,1.184012,0.0,0.291013,1.932507,0.0,0.0,1.320939,1.259357,0.067497,0.872878,0.508542,0.449693,1.64899,2.441148,0.0,0.0,0.0
7,1.657873,1.550501,2.289297,0.0,2.257189,0.083583,0.0,2.407746,0.313759,0.0,0.03335,1.689745,0.456658,0.537504,0.0,0.839919,0.212711,1.219419,1.3933,0.0,2.278696,1.012223,0.171748,0.45318,1.681123,1.010792,0.036431,0.542152,1.074516,0.045552,1.543155,0.530804,0.0,0.570172,1.531285,0.0,0.635086,0.79031,1.261504,0.0,0.994103,0.704499,0.473749,1.612896,2.468901,0.0,0.14011,0.0
8,1.325406,1.459359,1.984775,0.161653,1.601087,0.630837,0.0,1.539434,0.835455,0.0,0.280616,1.029449,1.130895,0.548253,0.0,0.63669,0.896561,0.626736,1.316885,0.0,1.422476,1.132411,0.651935,0.32821,1.305848,0.252945,0.0,0.019592,0.689307,0.114034,1.109429,0.126217,0.0,0.47787,1.178,0.0,0.813139,0.521859,0.934156,0.09684,1.156117,1.095682,0.525442,1.574652,1.929848,0.0,0.303072,0.0
9,1.589511,1.485089,2.405956,0.0,1.37587,0.0,0.0,1.724577,0.703126,0.372492,0.0,1.414503,1.188821,0.845387,0.0,0.536761,0.156642,0.891165,1.511929,0.0,2.021497,1.683444,0.27993,0.563414,1.281982,0.761839,0.0,0.014701,1.296221,0.467467,1.416962,0.0,0.0,0.860662,0.919447,0.0,1.280464,0.004275,1.457096,0.0,1.240963,1.143853,0.220787,1.500362,2.008471,0.0,0.712372,0.0
10,1.360274,1.234023,2.082341,0.0,1.123515,0.0,0.0,1.221444,0.555702,0.244673,0.0,1.199411,1.432606,1.072898,0.0,0.237118,0.45988,0.660919,1.214827,0.0,1.509043,1.354304,0.174346,0.231443,0.94628,1.083231,0.0,0.0,0.904283,0.689779,0.740019,0.0,0.0,0.970657,0.897209,0.0,1.346631,0.042668,1.158804,0.038678,1.496489,0.975809,0.481042,1.355985,1.570682,0.0,0.729279,0.0
11,1.159148,1.149129,1.931195,0.0,0.931687,0.280669,0.0,1.05016,0.352064,0.116166,0.0,0.991072,1.247635,0.749654,0.0,0.5765,0.445409,0.544574,0.78676,0.0,1.120445,1.209581,0.358793,0.067736,0.949815,0.525197,0.03321,0.0,0.732848,0.592629,0.609894,0.0,0.0,0.976753,0.798441,0.0,1.174418,0.120139,0.850709,0.0,1.14834,0.785991,0.594278,1.141725,1.528495,0.0,0.665628,0.0
12,1.062914,1.124105,1.830255,0.0,1.125352,0.390809,0.0,0.878301,0.337671,0.275826,0.020095,0.927629,1.236764,0.952605,0.0,0.408953,0.68519,0.525015,0.815896,0.0,1.053552,0.840044,0.253417,0.032089,0.740953,1.114332,0.341996,0.0,0.397205,0.736704,0.039674,0.0,0.0,1.090966,1.086481,0.0,1.307482,0.546514,0.744612,0.086935,1.378346,0.564281,1.000084,0.942125,0.912085,0.0,0.675295,0.0
13,0.753388,0.90217,1.458187,0.0,0.714116,0.313642,0.025966,0.51764,0.850983,0.08348,0.256224,0.912676,1.284045,0.752191,0.0,0.340312,0.547868,0.644468,1.037307,0.0,0.898049,0.716957,0.634605,0.0,0.644569,0.651114,0.246747,0.0,0.455472,0.551916,0.41156,0.0,0.0,1.05432,0.85709,0.0,0.963535,0.480373,0.682755,0.212036,1.143039,0.691529,0.704373,0.927519,1.095024,0.0,0.393037,0.0
14,0.905548,1.170444,1.39644,0.0,0.577068,0.331594,0.037597,0.731067,0.870518,0.483008,0.345236,0.56765,0.960306,0.638966,0.0,0.435339,0.41047,0.434177,1.068354,0.0,0.953719,1.034206,0.640682,0.0,0.67772,0.500946,0.081059,0.0,0.365275,0.161501,0.57091,0.0,0.0,0.984767,0.457996,0.0,1.206169,0.324356,0.538649,0.151209,0.823261,0.921592,0.826938,0.528042,0.56402,0.0,0.826825,0.0
15,1.28003,1.530554,2.421827,0.0,0.842249,0.244355,0.0,1.352487,0.731741,0.932634,0.541215,1.038171,1.176099,1.182971,0.0,0.524907,0.278209,0.161222,1.438066,0.0,1.331137,1.701753,0.0,0.207104,0.981178,0.997335,0.0,0.0,0.475427,0.556117,0.592112,0.0,0.0,1.264315,0.0,0.427299,1.905885,0.438971,0.821327,0.0062,1.657421,1.139689,1.349373,0.691098,0.0,0.0,1.34731,0.0
16,1.431646,1.645863,2.863649,0.0,1.141057,0.138604,0.0,1.673126,0.793975,1.099992,0.607355,1.509134,1.075497,1.287256,0.0,0.350606,0.0,0.19967,1.737001,0.0,1.799026,1.883291,0.0,0.386616,1.061872,1.468529,0.0,0.047999,0.592456,0.597111,0.691051,0.0,0.0,1.501866,0.0,0.627293,2.311478,0.801186,1.002483,0.0,1.991311,1.172301,1.66166,0.733656,0.0,0.0,1.346111,0.0
17,1.403536,1.561704,2.414457,0.0,1.391701,0.124996,0.0,1.404047,0.512479,0.794748,0.755139,1.674636,1.104736,1.393441,0.0,0.285636,0.115116,0.502669,1.491089,0.0,1.650848,1.192273,0.0,0.243674,0.873682,1.669116,0.073643,0.0,0.456789,0.591718,0.373267,0.0,0.0,1.395963,0.293885,0.298516,1.82625,1.106903,0.933098,0.0,2.053984,0.645296,1.587678,0.729424,0.050487,0.0,0.746025,0.0
18,1.458965,1.587077,1.90362,0.0,1.248404,0.194462,0.0,1.519209,0.057097,0.667686,0.384452,1.49455,0.724563,1.082546,0.0,0.601318,0.230292,0.704076,0.915128,0.0,1.529819,0.979439,0.0,0.194472,0.870382,1.360981,0.253575,0.040061,0.41092,0.2141,0.436249,0.034088,0.0,1.142886,0.42687,0.045994,1.256121,0.855634,0.994688,0.0,1.354525,0.351402,1.268904,0.650738,0.466139,0.0,0.58142,0.0
19,1.077973,1.266765,1.202202,0.113912,1.093982,0.572884,0.0,1.031963,0.376658,0.285735,0.445737,1.298494,0.896559,0.572203,0.0,0.581525,0.707618,0.899545,0.736683,0.0,1.104005,0.468432,0.305784,0.0,0.595569,0.789548,0.394331,0.0,0.23989,0.165663,0.196572,0.104779,0.0,0.830197,0.705206,0.0,0.700627,0.755876,0.779836,0.261532,1.027657,0.24919,1.019641,0.71034,0.777488,0.0,0.081379,0.0
20,1.255154,1.275718,1.081076,0.0,1.02352,0.578593,0.0,1.031691,0.0196,0.639141,0.0,1.189264,1.01434,0.738825,0.0,0.587435,1.053208,0.887771,0.435706,0.0,0.86402,0.403422,0.399911,0.0,0.601633,1.311695,0.598416,0.042463,0.252684,0.598028,0.0,0.192047,0.0,0.585259,0.96261,0.0,0.677779,0.571116,0.972748,0.429014,0.839469,0.028482,0.953335,0.807321,0.874943,0.0,0.377839,0.0
21,1.182978,1.002514,1.031686,0.303591,1.279303,0.948217,0.0,1.319499,0.0,0.348496,0.24137,1.355962,0.805195,0.435733,0.0,0.485033,1.133335,0.664185,0.397195,0.0,0.792506,0.23577,0.211494,0.0,0.903677,0.980086,0.660558,0.029264,0.249169,0.304709,0.0,0.143592,0.0,0.429223,0.734949,0.0,0.636922,0.581073,0.755607,0.239297,0.812906,0.0,1.044029,0.683711,1.015667,0.0,0.041016,0.0
22,0.937112,0.694423,0.86533,0.229936,1.618292,0.784407,0.0,1.188192,0.298533,0.0,0.399224,1.656819,0.595738,0.213931,0.0,0.068102,0.96733,0.828257,0.710903,0.0,1.18951,0.0,0.270849,0.0,0.832152,1.101462,0.370574,0.248325,0.236134,0.0,0.186484,0.451522,0.0,0.460123,0.857598,0.0,0.509407,1.003293,0.756737,0.176346,0.857418,0.0,0.876248,0.532242,1.194134,0.0,0.0,0.0
23,1.104059,0.803127,0.952089,0.536811,1.144686,1.13245,0.0,1.4026,0.0,0.048359,0.443842,1.337719,0.656227,0.245375,0.498496,0.423216,1.380373,0.29705,0.245635,0.0,0.360785,0.194437,0.322222,0.0,1.385795,0.62134,0.669455,0.223232,0.264716,0.152927,0.245278,0.145886,0.0,0.06899,0.546958,0.0,0.499008,0.474743,0.623735,0.278223,0.528159,0.040895,0.602779,0.681296,1.310226,0.0,0.0,0.0
24,1.374511,0.923366,1.471514,0.013352,1.147715,0.464341,0.0,1.579557,0.083242,0.134761,0.0,1.6476,0.581356,0.388118,0.191991,0.535391,0.963684,0.510228,0.597931,0.0,0.732392,0.848303,0.056805,0.093313,1.606526,0.68515,0.0,0.338546,0.734297,0.124579,1.220068,0.0,0.0,0.236283,0.503667,0.0,0.608472,0.138486,0.926204,0.0,0.540698,0.260596,0.069709,0.881172,1.792005,0.0,0.0,0.0
25,1.358865,1.14664,1.400501,0.314867,1.02086,0.745551,0.0,1.581782,0.0,0.0,0.0,1.396756,0.275211,0.164284,0.384912,0.92093,0.981484,0.4349,0.204512,0.0,0.542531,0.759356,0.381131,0.0,1.61687,0.285609,0.15638,0.304618,0.622656,0.0,1.487959,0.0,0.0,0.122349,0.630505,0.0,0.528597,0.110916,0.818479,0.0,0.228371,0.228829,0.061551,0.656354,1.712348,0.0,0.225675,0.0
26,1.22461,1.533874,1.214576,0.759834,0.831195,1.363726,0.0,1.329175,0.0,0.201388,0.121931,0.759643,0.155457,0.0,0.904021,1.313324,1.177996,0.178302,0.0,0.0,0.0,1.067866,0.998685,0.0,1.780509,0.0,0.377343,0.213403,0.272307,0.0,1.52101,0.0,0.0,0.0,0.336986,0.0,0.596297,0.0,0.477807,0.0,0.0,0.453614,0.186943,0.487173,1.558552,0.0,0.59183,0.0
27,1.016974,0.898454,1.251457,0.432947,1.110203,0.994165,0.0,1.026996,0.481353,0.069494,0.186898,1.195574,0.891648,0.451903,0.566696,0.254967,1.326745,0.211759,0.838272,0.0,0.552947,0.69815,0.485474,0.0,1.253399,0.54511,0.0,0.009333,0.466739,0.042698,1.09485,0.0,0.0,0.376484,0.35279,0.0,1.000605,0.138148,0.590362,0.307671,0.827512,0.391872,0.44957,0.414322,1.23297,0.0,0.115655,0.0
28,1.057701,1.388398,0.861261,0.756245,0.837438,1.557114,0.0,0.894363,0.0,0.55391,0.151594,0.443507,0.652376,0.271452,0.984264,0.674039,1.679905,0.095099,0.308436,0.0,0.0,0.931942,1.034553,0.0,1.412624,0.484085,0.604671,0.023996,0.168668,0.027234,0.717383,0.0,0.0,0.179307,0.314905,0.0,1.011501,0.0,0.241978,0.322244,0.373154,0.522106,0.688544,0.280244,0.963915,0.0,0.845777,0.0
29,0.962213,0.795691,1.33217,0.442108,1.016684,1.12834,0.0,1.097063,0.291172,0.131231,0.103875,1.179815,0.862803,0.476828,0.499671,0.379389,1.211236,0.172449,0.826252,0.0,0.440051,0.836274,0.445093,0.0,1.369152,0.569956,0.0,0.031464,0.348597,0.080142,1.134286,0.0,0.0,0.505907,0.184703,0.0,1.188057,0.045663,0.390983,0.210523,0.887012,0.433274,0.632561,0.365419,1.118871,0.0,0.25391,0.0
30,1.186996,1.002684,1.793365,0.02521,1.020079,0.843569,0.0,1.22668,0.295306,0.540928,0.0,1.193738,0.934113,0.730044,0.414106,0.411968,1.242162,0.0,0.895733,0.0,0.485206,1.45185,0.0,0.0,1.577462,0.988779,0.0,0.068461,0.533204,0.19273,1.102588,0.0,0.0,0.626896,0.0,0.0,1.631453,0.0,0.72661,0.103657,1.006835,0.611318,0.727651,0.502667,0.994448,0.0,0.830634,0.0
31,0.990762,0.994383,1.391633,0.614312,0.790027,1.448519,0.0,1.159235,0.073327,0.456833,0.334917,0.785555,0.817935,0.397573,0.930723,0.61445,1.560148,0.0,0.48958,0.0,0.0,1.190757,0.695964,0.0,1.77007,0.283099,0.212422,0.012638,0.211966,0.109497,1.030042,0.0,0.0,0.376221,0.0,0.0,1.415064,0.0,0.267285,0.451312,0.661132,0.578003,0.686998,0.280412,1.138946,0.0,0.809352,0.0
32,0.837452,1.145827,1.114739,0.627875,0.697701,1.111639,0.004042,1.062269,0.104709,0.165911,0.157287,0.568114,0.233097,0.0,1.113516,1.074483,1.378082,0.028526,0.211939,0.0,0.0,1.222946,1.184342,0.0,1.671931,0.0,0.109672,0.241365,0.12814,0.0,1.611863,0.0,0.0,0.064491,0.024968,0.0,0.893535,0.0,0.361185,0.13875,0.0,0.63156,0.20555,0.443568,1.528008,0.0,0.570387,0.0
33,0.796838,1.141422,1.417481,0.536087,0.741931,1.024265,0.0,1.211044,0.173324,0.145678,0.066896,0.919525,0.4307,0.0,1.012792,1.462363,1.310525,0.031531,0.010414,0.0,0.0,1.330454,1.043594,0.0,1.861856,0.0,0.0,0.281478,0.253811,0.106257,1.815011,0.0,0.0,0.092759,0.090002,0.0,0.829244,0.0,0.64156,0.238261,0.062609,0.568372,0.037169,0.731793,1.998539,0.0,0.503396,0.0
34,0.662602,0.729298,0.951421,0.358464,0.784875,0.954819,0.0,1.02494,0.289718,0.207174,0.173333,1.024483,0.589255,0.0,1.097833,0.915473,1.591971,0.013384,0.077096,0.0,0.034889,0.909902,1.030129,0.0,1.5945,0.442582,0.136755,0.43395,0.222353,0.46923,1.250418,0.0,0.0,0.0,0.144835,0.0,0.716585,0.0,0.818674,0.75368,0.04649,0.49691,0.13417,0.856646,2.06786,0.0,0.286082,0.0
35,0.154026,0.232859,0.426168,0.406774,0.884917,1.168602,0.0,0.828798,0.448531,0.0118,0.580554,1.093267,0.842339,0.103286,1.304034,0.502391,1.786418,0.107679,0.162976,0.0,0.315875,0.329878,1.230198,0.0,1.205912,0.750603,0.440144,0.468236,0.0,0.706401,0.722404,0.0,0.0,0.0,0.054052,0.0,0.534572,0.386786,0.718103,1.259459,0.290816,0.337409,0.365624,0.836908,1.913949,0.0,0.0,0.0
36,0.0,0.281135,0.0,0.353735,0.967903,1.471523,0.0,0.652488,0.293998,0.43034,0.664789,0.833919,0.945005,0.202092,1.642403,0.565097,2.036123,0.257584,0.05,0.0,0.226741,0.014632,1.512208,0.0,1.242565,0.90475,1.30774,0.44171,0.0,1.095023,0.005443,0.0,0.0639,0.0,0.0,0.0,0.433367,0.497837,0.788019,1.448142,0.298771,0.268673,0.714214,0.65174,1.651675,0.0,0.281821,0.0
37,0.0,0.697568,0.058699,0.475905,0.796931,1.700708,0.0,0.644806,0.088172,0.58862,0.445171,0.415511,0.904911,0.147394,1.764547,1.316159,1.979315,0.479894,0.0,0.0,0.0,0.650915,1.804723,0.140674,1.28816,0.446112,1.465832,0.396592,0.0,1.122707,0.6275,0.0,0.0,0.0,0.0,0.0,0.36663,0.0,0.897007,1.46233,0.155901,0.398707,0.640197,0.417299,1.739228,0.0,0.561361,0.0
38,0.0,0.124909,0.059956,0.0,0.576851,1.247136,0.0,0.401601,0.433316,0.399818,0.452427,0.568697,0.892736,0.303061,1.462357,0.98609,1.653987,0.736381,0.0,0.0,0.74909,0.485179,1.697338,0.121855,0.857597,0.390662,1.189407,0.725495,0.0,1.022542,0.885061,0.054102,0.148141,0.0,0.0,0.0,0.061513,0.35312,1.07353,1.593939,0.287581,0.305172,0.377111,0.553415,1.692148,0.0,0.217401,0.0
39,0.0,0.0,0.052542,0.0,0.848511,0.688483,0.0,0.357558,0.634924,0.416643,0.33297,0.845785,0.651032,0.398546,0.816389,0.578938,1.344868,0.975139,0.220841,0.0,1.583749,0.156563,1.301476,0.095031,0.557758,0.662379,1.045529,0.974538,0.062647,0.971633,0.663209,0.616844,0.131563,0.0,0.091218,0.0,0.102539,0.833363,1.163497,1.442626,0.423934,0.136851,0.299438,0.589419,1.336883,0.0,0.098586,0.0
40,0.0,0.0,0.0,0.0,1.173048,0.621257,0.0,0.266823,0.636407,0.540208,0.436071,0.911358,0.44145,0.425498,0.497805,0.292073,1.253591,1.25131,0.378872,0.0,1.889429,0.0,1.168179,0.114499,0.52889,1.023768,1.376801,1.224747,0.054078,1.155323,0.203905,1.036525,0.237225,0.0,0.375823,0.0,0.042731,1.302591,1.111334,1.233522,0.461057,0.0,0.469681,0.510197,0.95989,0.0,0.057793,0.0
41,0.0,0.0,0.0,0.0,0.574831,0.214437,0.0,0.493772,0.797943,0.362116,0.380267,0.721671,0.143497,0.187281,0.542211,0.646825,0.943274,1.19682,0.194267,0.0,1.863695,0.445016,1.063755,0.0,0.545952,0.593341,0.834728,1.207405,0.427379,0.95255,0.942233,0.662948,0.192628,0.0,0.155782,0.0,0.0,0.703457,1.204405,1.265028,0.314073,0.109748,0.0,0.478378,0.942776,0.0,0.0,0.0
42,0.0,0.0,0.0,0.0,0.247928,0.454732,0.0,0.337304,0.721683,0.486323,0.413091,0.586088,0.415765,0.275267,0.640158,0.313814,1.164485,1.205147,0.1808,0.0,1.744459,0.382786,1.05972,0.0,0.620195,0.76049,1.006339,1.323762,0.331012,1.302211,0.608927,0.655193,0.395176,0.0,0.078021,0.0,0.02196,0.725389,1.164577,1.441192,0.478606,0.041723,0.082752,0.464561,0.684649,0.0,0.0,0.0
43,0.0,0.0,0.0,0.0,0.392212,0.753196,0.0,0.172277,0.435159,0.867766,0.439588,0.231004,0.227463,0.253837,0.761362,0.648765,0.976,1.103465,0.010406,0.0,1.597367,0.481497,1.243476,0.087094,0.713651,0.69317,1.523787,1.221057,0.05921,1.154564,0.62599,0.801666,0.339121,0.0,0.110262,0.0,0.065519,0.710259,1.150546,1.179447,0.274106,0.0,0.347107,0.053981,0.463592,0.0,0.30357,0.0
44,0.0,0.0,0.0,0.0,0.251208,1.052257,0.0,0.037251,0.505106,1.017871,0.540834,0.102155,0.523776,0.268005,0.747133,0.5653,1.04019,0.779491,0.066516,0.0,1.074983,0.703352,1.043442,0.0,0.803497,0.687975,1.497626,0.954705,0.0,1.283886,0.494557,0.512775,0.248868,0.0,0.0,0.0,0.52689,0.342501,0.895379,1.365094,0.426734,0.134676,0.599092,0.0,0.209277,0.0,0.420072,0.0
45,0.0,0.0,0.0,0.0,0.446623,0.876727,0.0,0.109656,0.392663,1.113407,0.707692,0.400223,0.375544,0.472772,0.189199,0.236532,0.797256,0.574451,0.200124,0.0,1.101088,0.546351,0.493374,0.0,0.736302,1.347296,1.369536,1.143893,0.0,1.574707,0.17926,0.599053,0.0,0.195935,0.0,0.0,1.027046,0.916764,0.88457,1.191148,0.53499,0.156329,1.164445,0.095402,0.0,0.0,0.50889,0.0
46,0.0,0.0,0.0,0.0,0.424821,1.375276,0.0,0.0,0.370504,1.131854,0.956988,0.150421,0.907868,0.520644,0.280537,0.006736,0.944335,0.341534,0.463345,0.0,0.857758,0.063723,0.634801,0.0,0.787306,1.363855,1.832944,0.898317,0.0,1.748759,0.0,0.52727,0.215689,0.417188,0.0,0.0,0.954405,1.03953,0.555965,1.202362,0.597447,0.066264,1.483612,0.000411,0.0,0.0,0.417407,0.0
47,0.0,0.0,0.129645,0.0,0.0,1.152358,0.0,0.0,0.677241,1.159212,0.851485,0.0,0.959394,0.411069,0.557602,0.288137,0.879411,0.239351,0.45411,0.0,0.483336,0.994726,0.691321,0.0,0.728802,0.70438,1.246179,0.496088,0.0,1.471294,0.260246,0.036599,0.003046,0.64123,0.0,0.0,0.960354,0.223552,0.462979,1.38447,0.536044,0.460038,1.182994,0.0,0.0,0.0,0.666166,0.0
48,0.0,0.084184,0.408373,0.0,0.0,0.574607,0.0,0.023897,1.274554,0.994837,0.513088,0.075743,0.723605,0.36573,0.570006,0.22816,0.537104,0.429233,0.769505,0.0,1.028787,1.05328,0.599676,0.0,0.251649,0.508346,0.485093,0.429172,0.23441,1.102834,0.553181,0.329992,0.0,0.794792,0.0,0.006111,0.977957,0.421132,0.64528,1.150373,0.509291,0.596758,0.680497,0.0,0.0,0.0,0.675244,0.0
49,0.010398,0.18612,0.514736,0.0,0.316239,0.583121,0.0,0.24077,0.839238,1.141438,0.812426,0.328543,0.454564,0.444583,0.0,0.069051,0.364403,0.405858,0.662837,0.0,0.946976,0.486867,0.186812,0.0,0.396633,1.168158,0.84977,0.52869,0.0,0.936377,0.197792,0.583206,0.0,1.107627,0.073867,0.149579,0.899877,1.042255,0.506168,0.630156,0.466268,0.229919,1.108896,0.0,0.0,0.0,0.839236,0.0
50,0.524985,0.54733,1.192761,0.0,0.287939,0.492601,0.0,0.607652,0.694175,1.311493,1.057231,0.495136,0.694702,0.606822,0.0,0.139999,0.509042,0.246479,0.633831,0.0,0.875236,0.907705,0.0,0.0,0.510915,1.092357,0.635597,0.355377,0.010442,1.007818,0.124829,0.414408,0.0,1.23469,0.0,0.536624,1.257722,0.852007,0.632501,0.473659,0.920636,0.554275,1.254799,0.16057,0.0,0.0,1.237578,0.0
51,0.917326,0.964357,1.528818,0.0,0.314211,0.010437,0.0,1.001533,0.49519,1.426316,0.687449,0.848361,0.563043,0.859016,0.0,0.413935,0.069371,0.664787,0.69345,0.0,1.45491,1.180095,0.0,0.072618,0.412665,0.837187,0.417774,0.124798,0.436755,0.924841,0.3858,0.277387,0.0,1.064109,0.220254,0.358954,1.155051,0.83219,1.059559,0.284973,1.122907,0.509357,0.884604,0.198422,0.0,0.0,1.09018,0.0
52,1.132093,1.118975,1.548835,0.0,0.677346,0.0,0.0,1.175207,0.28909,1.371878,0.869032,1.135752,0.388693,1.034686,0.0,0.383432,0.0,1.030258,0.630551,0.0,1.746479,0.717463,0.0,0.162872,0.373855,1.577613,0.765376,0.290956,0.271701,1.005645,0.264341,0.669913,0.0,1.395463,0.610985,0.451684,1.052745,1.493152,1.078053,0.002885,1.251304,0.143231,1.065794,0.302806,0.0,0.0,1.158053,0.0
53,1.341854,1.321554,2.04598,0.0,0.78071,0.0,0.0,1.389153,0.366467,1.661661,0.966052,1.297045,0.370731,1.184289,0.0,0.530672,0.0,1.101411,0.858872,0.0,2.026482,1.110998,0.0,0.378062,0.392584,1.984005,0.643574,0.403562,0.42391,1.197425,0.513542,0.69992,0.0,1.620698,0.517798,0.621708,1.354881,1.586799,1.231689,0.0,1.576819,0.504683,1.144487,0.372714,0.0,0.0,1.618727,0.0
54,0.78324,1.103607,1.429111,0.0,0.59756,0.0,0.0,0.952317,1.158091,1.519692,1.180354,0.790679,0.407052,0.577009,0.0,0.376904,0.0327,1.119812,1.188867,0.0,2.085438,1.015837,0.0,0.270212,0.04349,1.57672,0.487586,0.305533,0.463562,1.016708,0.568526,1.068291,0.0,1.605225,0.784738,0.422771,0.999018,1.580055,1.070428,0.165673,1.231505,0.777077,0.910239,0.217736,0.0,0.0,1.393403,0.0
55,0.336459,0.545691,0.864637,0.0,0.398192,0.317601,0.0,0.902857,1.079229,1.350022,1.470138,0.459339,0.178577,0.117415,0.0,0.333236,0.150498,0.968693,0.983382,0.0,1.802774,0.750789,0.0,0.084949,0.185589,1.445282,0.697409,0.758435,0.392253,0.894211,0.515388,1.366603,0.0,1.537845,0.684779,0.467092,0.548883,1.774436,0.604901,0.188028,0.770152,0.695686,0.972816,0.246615,0.0,0.0,1.256137,0.0
56,0.0,0.223721,0.625432,0.0,0.211775,0.40639,0.0,1.047668,1.200683,1.177576,1.250992,0.585512,0.060048,0.036426,0.0,0.369329,0.028217,1.139601,1.154407,0.0,1.955253,0.84368,0.060454,0.0,0.219588,1.395381,0.506648,0.984547,0.761239,1.037107,0.737999,1.40963,0.0,1.39493,0.829144,0.132297,0.257007,1.75769,0.598772,0.236633,0.628804,0.654679,0.596978,0.377863,0.0,0.0,0.948974,0.0
57,0.0,0.046074,0.5951,0.0,0.0,0.465865,0.0,0.658613,1.410558,1.484167,1.17302,0.212667,0.073286,0.117299,0.11594,0.467523,0.300955,0.96099,1.145415,0.0,1.637367,1.116819,0.0,0.0,0.184824,1.56117,0.705344,0.975982,0.702162,0.9323,0.870095,1.687556,0.0,1.392805,0.582854,0.071909,0.237851,1.553719,0.477515,0.32453,0.373985,0.834183,0.51229,0.237897,0.0,0.0,1.506007,0.0
58,0.0,0.042297,0.208759,0.0,0.010606,0.92884,0.0,0.604391,1.439456,1.154872,1.00547,0.073507,0.0,0.027302,0.387572,0.573629,0.427413,1.041402,1.359964,0.0,1.633358,0.857458,0.676946,0.0,0.094176,0.981445,0.635829,0.869818,0.581825,0.683599,0.928468,1.735367,0.0,1.245861,0.830953,0.0,0.014295,1.604665,0.193753,0.438814,0.092798,0.684802,0.487854,0.066016,0.0,0.0,1.017087,0.0
59,0.152714,0.311591,1.038097,0.0,0.368963,1.053953,0.0,0.8657,0.893147,1.428984,1.374455,0.589382,0.0,0.339011,0.0,0.835843,0.016763,0.731933,1.507497,0.0,1.544592,0.964084,0.001644,0.0,0.134734,1.206713,0.963482,0.784603,0.502625,0.923999,1.162063,1.577217,0.0,1.452757,0.657801,0.182245,0.507709,1.655833,0.091715,0.087354,0.442487,0.6532,0.84283,0.0,0.0,0.0,1.387604,0.0
60,0.128765,0.381723,1.102054,0.0,0.241966,1.414121,0.0,0.567062,1.228678,1.71378,1.343529,0.104605,0.014148,0.394605,0.211725,0.646238,0.5864,0.367974,1.610915,0.0,1.282835,1.388461,0.021141,0.0,0.15738,1.05048,0.715905,0.745875,0.31404,0.804099,0.940263,1.813638,0.0,1.371936,0.082512,0.265058,0.890679,1.408639,0.0,0.437112,0.385911,0.969035,1.148739,0.0,0.0,0.0,1.764579,0.0
61,0.17188,0.289959,0.947659,0.0,0.259099,1.576866,0.0,0.552467,1.124255,1.840549,1.422969,0.070944,0.0,0.477124,0.087507,0.47554,0.608384,0.186451,1.434396,0.0,1.003573,1.236857,0.0,0.0,0.312378,1.561267,0.914049,0.98034,0.135274,0.713526,0.863438,2.106183,0.0,1.46837,0.0,0.367757,0.83585,1.639843,0.0,0.41572,0.115044,0.804917,1.373756,0.0,0.0,0.0,2.011799,0.0
62,0.557952,0.450928,1.86629,0.0,0.527094,1.622753,0.0,1.055473,0.553159,2.080286,1.635746,0.589375,0.0,0.886763,0.0,0.66816,0.468434,0.0,1.517915,0.0,0.869008,1.668679,0.0,0.0,0.576878,1.965225,0.956382,1.02803,0.131677,0.989447,0.924104,1.726914,0.0,1.622207,0.0,0.863511,1.501369,1.648093,0.0,0.121046,0.82021,0.973126,1.780815,0.0,0.0,0.0,2.455702,0.0
63,0.314649,0.5224,1.178704,0.074343,0.745716,1.675598,0.041305,1.038656,0.767863,1.494977,1.463209,0.700904,0.0,0.653176,0.0,0.556539,0.254683,0.32686,1.768142,0.0,1.122165,0.973779,0.0,0.0,0.325601,1.635326,0.931061,0.816248,0.207775,0.658817,1.115154,1.952539,0.0,1.54812,0.307355,0.351737,0.881715,1.90033,0.0,0.134749,0.409978,0.45322,1.39064,0.0,0.0,0.0,1.528655,0.0
64,0.244185,0.693511,1.272939,0.081201,0.634589,1.596364,0.287835,1.353355,0.923132,1.295673,1.171511,0.749286,0.0,0.44765,0.299471,0.772301,0.142996,0.495826,1.941943,0.0,1.322327,1.141889,0.256994,0.0,0.334848,1.025442,0.577315,0.586794,0.480489,0.318175,1.341098,1.758907,0.0,1.316619,0.531174,0.001186,0.747454,1.628906,0.0,0.0,0.211797,0.55661,0.942575,0.0,0.0,0.0,1.21611,0.0
65,0.363056,0.87263,1.639809,0.076127,0.480328,1.572364,0.0,1.064292,1.175072,1.503387,1.116779,0.351226,0.0,0.552063,0.504915,0.871871,0.640702,0.276656,1.997422,0.0,1.063241,1.581658,0.197202,0.0,0.306386,0.636091,0.410282,0.333613,0.475186,0.228425,1.273481,1.700995,0.0,1.224114,0.208476,0.047775,1.054285,1.148754,0.0,0.094243,0.378464,0.998834,0.956942,0.0,0.0,0.0,1.651244,0.0
66,0.631916,0.749513,2.036757,0.0,0.377633,1.496106,0.0,1.138755,0.596527,1.691355,1.18729,0.482236,0.0,0.849317,0.166396,0.988364,0.506176,0.082298,1.620683,0.0,0.698545,1.518896,0.0,0.0,0.537553,1.086073,0.775187,0.520361,0.354441,0.41726,1.287422,1.546734,0.0,1.37976,0.006922,0.336042,1.167269,1.123261,0.0,0.0,0.506878,1.035658,1.091456,0.042891,0.0,0.0,2.144582,0.0
67,0.254656,0.535797,1.518612,0.0,0.23939,1.568794,0.0,0.720039,1.159166,1.482,1.031514,0.114444,0.030776,0.530849,0.612567,0.618681,0.814405,0.201442,1.652909,0.0,0.835743,1.290224,0.375449,0.0,0.278555,0.776167,0.534242,0.554416,0.373758,0.076195,1.023324,1.824181,0.0,1.360834,0.24418,0.0269,0.886065,1.128785,0.0,0.075542,0.122678,1.119109,0.9286,0.032279,0.0,0.0,1.7343,0.0
68,0.162484,0.27259,1.510972,0.0,0.004851,1.11751,0.163171,0.746783,1.162842,1.582193,0.787097,0.533823,0.0,0.613697,0.481012,0.592277,0.39576,0.345137,1.485739,0.0,0.978407,1.132778,0.144141,0.0,0.193831,1.292006,0.704229,0.681218,0.626787,0.393597,1.110838,1.800902,0.0,1.515752,0.480047,0.0,0.682385,1.272139,0.051839,0.0,0.029709,1.017398,0.636568,0.119049,0.0,0.0,1.804839,0.0
69,0.385543,0.558896,2.453178,0.0,0.181506,0.954084,0.0,0.92435,1.232767,1.68175,0.772351,0.91892,0.31586,0.709454,0.071765,0.967965,0.097452,0.358204,1.844809,0.0,1.435026,1.656895,0.0,0.0,0.245887,0.901166,0.323707,0.498822,0.860209,0.918502,1.346002,1.396147,0.0,1.708929,0.214041,0.238952,1.351184,1.02986,0.372019,0.0,0.745058,1.382788,0.892771,0.221338,0.0,0.0,2.053674,0.0
70,0.0,0.177762,1.842205,0.0,0.043221,1.013202,0.0,0.378572,1.819707,1.515307,0.829529,0.37615,0.638854,0.413788,0.429151,0.521464,0.780399,0.418471,1.755691,0.0,1.264968,1.603144,0.23711,0.0,0.0,0.67163,0.095114,0.459734,0.746552,0.937899,0.814185,1.574004,0.0,1.594248,0.181564,0.107342,1.152606,0.906704,0.144294,0.173695,0.626517,1.592662,0.966246,0.205343,0.0,0.0,1.724228,0.0
71,0.0,0.0,1.455248,0.0,0.358956,1.154395,0.0,0.095748,1.88709,1.132856,1.021513,0.217502,0.654256,0.348636,0.407353,0.362202,1.029215,0.516465,1.671966,0.0,1.069185,1.2585,0.413442,0.0,0.0,0.691925,0.225739,0.447634,0.395403,1.099187,0.608966,1.589227,0.0,1.516919,0.237278,0.023495,1.056706,1.117656,0.0,0.348388,0.711634,1.69798,1.241671,0.117181,0.0,0.0,1.26167,0.0
72,0.0,0.0,0.984846,0.0,0.304884,1.289809,0.077727,0.0,1.374686,1.156967,0.656763,0.188749,0.274005,0.286526,0.24919,0.391253,0.673349,0.527429,1.045013,0.0,0.930803,0.810968,0.472385,0.0,0.0,1.103621,0.86543,0.811907,0.221261,0.990298,0.555168,1.92957,0.0,1.164013,0.331833,0.0,0.570677,1.224411,0.0,0.387183,0.192662,1.239519,1.087315,0.121724,0.0,0.0,1.581352,0.0
73,0.0,0.0,0.558022,0.0,0.784309,1.579102,0.328463,0.105163,0.860175,0.576415,0.661368,0.562863,0.021508,0.083662,0.0,0.472371,0.434301,0.796119,0.936488,0.0,0.787554,0.169861,0.971824,0.0,0.0,0.742171,0.922352,0.763709,0.0,1.099699,0.508611,1.545245,0.0,0.811667,0.777561,0.0,0.19159,1.427949,0.0,0.48232,0.230247,0.771243,1.171584,0.176053,0.0,0.0,0.748783,0.0
74,0.001697,0.0,0.372596,0.021649,1.190356,1.792415,0.307102,0.099926,0.929289,0.225387,0.778359,0.402089,0.136485,0.102849,0.138264,0.297536,0.759764,0.731916,0.919653,0.0,0.602148,0.042695,1.059211,0.0,0.0,0.553851,0.838583,0.727584,0.0,0.897132,0.376981,1.402773,0.0,0.494701,0.695414,0.0,0.182254,1.486805,0.0,0.622295,0.329758,0.724822,1.363173,0.209726,0.023578,0.0,0.425179,0.0
75,0.211734,0.154218,0.321943,0.257194,0.959562,1.886454,0.391685,0.335135,0.80743,0.095702,0.61278,0.342028,0.197519,0.125337,0.441905,0.510748,0.920823,0.638721,0.700639,0.0,0.311017,0.234993,1.29402,0.0,0.0,0.0,0.660521,0.60869,0.0,0.409772,0.717553,0.90006,0.0,0.0,0.671618,0.0,0.0,0.957169,0.0,0.754517,0.309821,0.591833,1.070583,0.423559,0.579106,0.003032,0.357037,0.0
76,0.42896,0.665204,0.625404,0.680114,1.199795,2.017081,0.180614,0.746898,0.742031,0.012552,0.664257,0.512716,0.415121,0.234142,0.720841,0.501286,1.154209,0.381882,0.664812,0.0,0.045988,0.460253,0.970674,0.0,0.182127,0.0,0.491514,0.361145,0.0,0.173649,0.735075,0.511962,0.0,0.0,0.493547,0.0,0.014411,0.712127,0.0,0.850595,0.553111,0.533103,1.113814,0.454641,0.835837,0.0,0.307829,0.0
77,0.824847,1.206418,1.053439,0.65316,1.47994,2.036295,0.0,1.421037,0.216489,0.210941,0.502566,1.017245,0.406694,0.361386,0.406137,0.571714,0.752183,0.22772,0.731335,0.0,0.261492,0.394262,0.437749,0.0,0.640987,0.346202,0.639382,0.276493,0.214011,0.164717,0.564132,0.414177,0.0,0.0,0.461606,0.0,0.475103,0.666306,0.0,0.549011,0.735316,0.419506,1.201266,0.438029,0.977466,0.0,0.639459,0.0
78,1.046854,1.648436,1.252102,0.821632,1.732587,2.246001,0.0,1.690139,0.1144,0.0,0.614823,1.050067,0.160652,0.254778,0.419337,0.711507,0.517864,0.274637,0.743572,0.0,0.533423,0.374525,0.596609,0.0,0.775646,0.101806,0.447138,0.325852,0.11377,0.0,0.84782,0.445633,0.0,0.0,0.564046,0.0,0.579126,0.887577,0.0,0.21389,0.729424,0.414924,1.316222,0.432801,0.9798,0.0,0.541691,0.0
79,1.396649,2.164871,1.668507,0.716942,1.557677,1.872086,0.039522,1.950236,0.0,0.0,0.334245,1.326655,0.216558,0.263347,0.077791,1.260555,0.172711,0.523182,0.634856,0.0,0.533723,0.599508,0.422839,0.0,1.004561,0.0,0.500559,0.32329,0.502164,0.0,1.421027,0.07001,0.0,0.0,1.10915,0.0,0.231353,0.762591,0.19298,0.0,0.652644,0.389237,0.896255,0.621445,1.478937,0.0,0.539414,0.0
80,1.439537,2.048091,1.877807,0.284708,2.093951,1.740252,0.040489,1.869403,0.489347,0.0,0.375713,1.498716,0.476795,0.398831,0.0,0.672186,0.053777,0.465761,1.419903,0.0,1.216126,0.761891,0.125898,0.071984,0.932802,0.44331,0.0,0.062778,0.398294,0.0,1.306696,0.392907,0.0,0.256292,0.856285,0.0,0.886598,1.069655,0.306409,0.0,1.262664,0.602072,1.203528,0.465797,1.256406,0.0,0.216418,0.0
81,1.330125,2.055104,1.631161,0.490708,1.885393,1.84325,0.007452,1.43107,0.710131,0.0,0.377304,1.195222,0.707817,0.432702,0.0,0.75391,0.458468,0.52418,1.421836,0.0,0.969429,0.678671,0.565723,0.101823,0.722785,0.20405,0.042613,0.030815,0.283292,0.0,1.195041,0.358277,0.0,0.260545,1.170171,0.0,0.611971,1.092056,0.34721,0.0,1.335515,0.704884,1.185383,0.470328,1.162994,0.0,0.196521,0.0
82,1.399951,1.955343,2.085696,0.121667,1.588802,1.33433,0.0,1.466149,0.679161,0.381739,0.202542,1.440407,0.92187,0.804407,0.0,0.49878,0.127253,0.4556,1.580131,0.0,1.216063,1.008977,0.120634,0.061272,0.812337,0.739658,0.0,0.0,0.720663,0.162746,1.045579,0.304612,0.0,0.634028,0.669413,0.0,1.051948,0.743671,0.660743,0.0,1.504834,0.647903,1.015862,0.56397,1.096467,0.0,0.560954,0.0
83,1.377286,1.963844,1.859934,0.14014,1.135175,1.329078,0.0,1.076345,0.602308,0.284316,0.108306,0.990121,0.844203,0.609548,0.0,0.951015,0.253026,0.518746,1.217918,0.0,1.025798,0.838183,0.626702,0.0,0.546146,0.236629,0.146088,0.0,0.507993,0.037417,1.233243,0.083238,0.0,0.60377,0.957036,0.0,0.700794,0.755883,0.596389,0.0,1.094712,0.813978,0.938868,0.385226,0.999814,0.0,0.668707,0.0
84,1.390566,1.790274,2.047009,0.0,0.996819,1.369706,0.0,1.0504,0.428861,0.760422,0.070414,0.943124,0.810259,0.759281,0.0,0.76275,0.401871,0.23638,0.961253,0.0,0.833845,0.919042,0.264644,0.0,0.638301,0.613955,0.310778,0.0,0.544693,0.147016,0.885915,0.125556,0.0,0.916388,0.669481,0.0,0.907157,0.559354,0.583447,0.0,0.974227,0.752229,1.071636,0.1884,0.531329,0.0,1.269236,0.0
85,0.913241,1.422326,1.289582,0.205576,0.426188,1.384939,0.0,0.284809,0.581856,1.087302,0.051902,0.293961,1.048367,0.647103,0.489809,0.437031,1.208302,0.033777,0.593855,0.0,0.005353,0.84748,0.702285,0.0,0.559122,0.741208,0.755768,0.0,0.447112,0.064785,0.274568,0.370099,0.0,0.875779,0.632883,0.0,0.652557,0.304045,0.481679,0.069566,0.527715,0.814701,0.917094,0.0,0.278197,0.0,1.488675,0.0
86,1.007622,1.3832,1.827422,0.0,0.556869,0.838274,0.0,0.40027,0.828829,0.772401,0.0,0.763639,1.014684,0.711141,0.112553,0.846307,0.581921,0.33044,0.790693,0.0,0.836552,1.016554,0.603971,0.0,0.430971,0.457407,0.044657,0.0,0.60998,0.265091,1.166993,0.0,0.0,0.972917,0.664318,0.0,0.775784,0.262735,0.826137,0.0,0.829953,0.783858,0.504702,0.064794,0.831417,0.0,1.15649,0.0
87,0.865469,1.333352,1.547636,0.084932,0.261305,1.077379,0.0,0.297512,0.467079,0.80749,0.0,0.288592,0.774695,0.463491,0.418676,1.019153,0.837064,0.142692,0.268355,0.0,0.159767,1.20361,0.770059,0.0,0.746228,0.147251,0.361491,0.0,0.405308,0.024076,0.981006,0.0,0.0,0.768358,0.407165,0.0,0.749965,0.0,0.61797,0.0,0.400408,0.819648,0.539985,0.058509,0.797673,0.0,1.408908,0.0
88,0.803168,1.191524,1.630572,0.134169,0.24397,0.874574,0.0,0.296959,0.451864,0.500823,0.0,0.354251,0.868948,0.447241,0.35123,0.946634,0.821943,0.19867,0.384014,0.0,0.199284,1.184059,0.772439,0.0,0.705213,0.0,0.074327,0.0,0.437008,0.376087,0.988638,0.0,0.0,0.701515,0.409112,0.0,0.908519,0.0,0.569595,0.0,0.675341,0.756737,0.448994,0.29026,0.91573,0.0,0.944445,0.0
89,0.559738,0.53952,1.328697,0.062382,0.493764,0.603942,0.0,0.333883,0.723964,0.165079,0.103136,0.636579,0.887525,0.40078,0.277107,0.040617,0.763619,0.089738,0.863698,0.0,0.620126,0.681808,0.520718,0.0,0.619033,0.25395,0.0,0.0,0.289195,0.240904,0.506438,0.0,0.0,0.787272,0.20151,0.0,1.070365,0.24668,0.432042,0.207012,0.858646,0.707154,0.62989,0.394568,0.789629,0.0,0.266323,0.0
90,0.546804,0.396883,1.583942,0.0,0.496301,0.302329,0.0,0.52057,0.615442,0.280269,0.052322,0.891317,1.032346,0.515863,0.005553,0.0,0.607866,0.097925,0.88356,0.0,0.654404,0.90751,0.014554,0.0,0.803806,0.571488,0.0,0.068916,0.548241,0.67249,0.484135,0.0,0.0,0.933029,0.06747,0.0,1.216726,0.11025,0.615573,0.225703,1.167689,0.56076,0.559746,0.560908,0.894291,0.0,0.350171,0.0
91,0.456301,0.336222,1.346505,0.0,0.376862,0.316358,0.0,0.557978,0.622907,0.295819,0.15813,0.57438,0.803413,0.253245,0.24564,0.05471,0.674839,0.0,0.610672,0.0,0.492936,0.922321,0.216991,0.0,0.784936,0.460814,0.0,0.143211,0.335546,0.60475,0.390471,0.0,0.0,0.829047,0.0,0.0,1.192169,0.038937,0.462487,0.470002,0.811652,0.565017,0.623201,0.45936,0.718086,0.0,0.436957,0.0
92,0.322276,0.401253,1.143482,0.063177,0.294228,0.462084,0.0,0.378816,0.532307,0.364396,0.208745,0.33326,0.866829,0.27914,0.420626,0.215874,1.013582,0.053788,0.376781,0.0,0.038728,0.980215,0.401235,0.0,0.774213,0.463226,0.185899,0.0089,0.203746,0.791169,0.336875,0.0,0.0,0.751299,0.061412,0.0,1.117412,0.0,0.387818,0.72245,0.785612,0.433235,0.576414,0.3449,0.576259,0.0,0.450994,0.0
93,0.228551,0.245432,0.903616,0.046276,0.26267,0.611545,0.0,0.341754,0.540365,0.592314,0.393191,0.191951,0.860092,0.201311,0.62736,0.076244,1.15731,0.0,0.352104,0.0,0.028628,0.970164,0.476112,0.0,0.832485,0.55207,0.330197,0.078906,0.118083,0.672702,0.273089,0.0,0.0,0.711443,0.0,0.0,1.142211,0.0,0.41155,0.936059,0.694036,0.494114,0.634553,0.003011,0.376501,0.0,0.508904,0.0
94,0.42519,0.00727,0.625103,0.0,0.423556,0.84862,0.0,0.487726,0.219588,0.797716,0.450547,0.351164,0.901549,0.302458,0.511171,0.0,1.547583,0.031803,0.178145,0.0,0.0,0.448987,0.306056,0.0,1.104485,1.072146,0.785937,0.283197,0.0,1.045946,0.0,0.0,0.0,0.661029,0.0,0.0,1.160958,0.057778,0.640773,0.702352,0.700067,0.206249,0.858362,0.117712,0.216231,0.0,0.54114,0.0
95,0.686801,0.102002,0.791228,0.0,0.455755,0.531574,0.0,0.818933,0.07414,0.858778,0.104173,0.670764,0.502991,0.219663,0.473094,0.44798,1.246906,0.264389,0.0,0.0,0.12922,0.785756,0.385311,0.0,1.209299,0.869944,0.487952,0.295965,0.153561,0.825504,0.595832,0.0,0.0,0.597787,0.054997,0.0,0.974493,0.0,1.105959,0.28386,0.395164,0.031569,0.337635,0.088711,0.650136,0.0,0.506557,0.0
96,0.613683,0.311073,0.894899,0.001284,0.153535,0.654212,0.0,0.791899,0.027812,0.776103,0.170597,0.527059,0.572253,0.121223,0.747566,0.814781,1.17511,0.282197,0.0,0.0,0.048125,1.0594,0.644441,0.0,1.378462,0.378051,0.472128,0.276752,0.267706,0.697529,1.197826,0.0,0.0,0.477676,0.017565,0.0,0.787773,0.0,1.222415,0.226939,0.25444,0.12072,0.0,0.038666,0.919896,0.0,0.441764,0.0
97,0.503674,0.750767,0.565975,0.133645,0.057159,0.979997,0.0,0.450172,0.0,1.139159,0.135256,0.0,0.531817,0.12997,1.219068,1.021195,1.569774,0.33761,0.0,0.0,0.0,1.18829,0.968745,0.0,1.431793,0.389613,1.104225,0.259783,0.119282,0.524506,1.233159,0.0,0.0,0.265269,0.141677,0.0,0.699128,0.0,1.14808,0.27023,0.127628,0.266056,0.0,0.0,0.754997,0.0,1.134461,0.0
98,0.798456,0.418064,0.618923,0.0,0.126382,0.82521,0.0,0.666278,0.0,1.022244,0.241972,0.316673,0.592571,0.297457,0.919113,0.552494,1.654822,0.341034,0.0,0.0,0.0,0.728731,0.580211,0.0,1.405176,0.724827,1.198516,0.358735,0.304286,0.909685,0.565567,0.0,0.0,0.344148,0.21079,0.0,0.77296,0.0,1.134406,0.178855,0.250872,0.197653,0.180998,0.001013,0.682351,0.0,0.980841,0.0
99,0.857444,0.639846,1.622207,0.0,0.309865,0.175888,0.0,0.715547,0.498018,0.82623,0.0,0.751824,0.82172,0.613924,0.343164,0.73471,0.979224,0.28788,0.269685,0.0,0.437203,1.08924,0.138603,0.0,1.169312,0.629397,0.294033,0.011342,0.574424,0.841426,1.356366,0.0,0.0,0.785633,0.310205,0.0,0.925896,0.0,1.306395,0.102017,0.562828,0.48692,0.029018,0.235082,0.830762,0.0,0.971119,0.0
100,0.496412,0.697689,1.357415,0.04616,0.120505,0.525905,0.0,0.482662,0.893101,0.755277,0.249365,0.320549,0.967156,0.53307,0.739166,0.412742,1.101579,0.198055,0.781376,0.0,0.447924,0.966858,0.574002,0.0,0.962733,0.335482,0.402793,0.0,0.548113,0.449711,1.319437,0.180058,0.0,0.715304,0.297646,0.0,0.729754,0.04881,0.864692,0.439314,0.488471,0.791106,0.159207,0.097057,0.554564,0.0,0.949647,0.0
101,0.717801,0.999651,1.727839,0.0,0.942308,0.431529,0.0,0.792363,1.215763,0.450734,0.211666,0.929531,0.953994,0.606713,0.247486,0.2978,0.659377,0.436574,1.694229,0.0,1.222295,0.812886,0.444787,0.093437,0.880864,0.512063,0.018197,0.0,0.693135,0.30398,1.391805,0.332365,0.0,0.885476,0.633116,0.0,1.033502,0.462265,0.833574,0.0,0.882298,0.937282,0.311986,0.29911,0.524778,0.0,0.495615,0.0
102,0.976323,1.275048,1.869405,0.0,0.836458,0.631909,0.0,1.235157,0.628085,0.439702,0.191983,0.689304,0.323701,0.471982,0.223,0.812267,0.357642,0.268858,1.30098,0.0,1.034867,0.974327,0.29975,0.0,1.219861,0.272271,0.239939,0.138395,0.500005,0.0,1.689963,0.524627,0.0,0.697919,0.467389,0.0,0.869892,0.411667,0.513167,0.0,0.224732,0.955963,0.43446,0.362444,0.468771,0.0,0.992407,0.0
103,1.008543,1.324115,2.370297,0.0,0.984782,0.47328,0.0,1.534394,0.680397,0.708407,0.141662,1.13211,0.47158,0.788654,0.0,0.659643,0.095417,0.141598,1.622875,0.0,1.182287,1.426081,0.0,0.103843,1.37261,0.922075,0.0,0.249779,0.695289,0.0,1.619162,0.546292,0.0,0.881188,0.10049,0.0,1.313882,0.449823,0.692688,0.0,0.711307,0.98357,0.646749,0.550836,0.324742,0.0,1.212135,0.0
104,0.899025,1.166416,2.358552,0.0,0.932807,0.871143,0.0,1.467608,0.466323,0.816909,0.32064,0.974621,0.719877,0.927236,0.009945,0.538534,0.485189,0.0,1.542026,0.0,0.647703,1.788784,0.0,0.160307,1.35102,0.790375,0.0,0.192344,0.503149,0.0,1.091527,0.335457,0.0,0.695094,0.0,0.0,1.627781,0.281194,0.407915,0.0,1.118387,0.950298,1.035673,0.662929,0.0,0.0,1.219804,0.0
105,0.404097,0.768201,1.028959,0.579511,0.899171,1.443494,0.109629,0.936731,0.406427,0.203635,0.667172,0.430666,0.479734,0.366285,0.517066,0.376137,0.826534,0.0,1.000084,0.0,0.062437,0.74002,0.568796,0.0,0.850228,0.221247,0.284269,0.145774,0.0,0.0,0.664411,0.242571,0.0,0.393749,0.216883,0.0,1.002169,0.457385,0.0,0.386472,0.559171,0.527487,0.989808,0.195097,0.092489,0.0,0.449135,0.0
106,0.16692,0.672472,1.061645,0.664053,1.199367,1.642679,0.127921,0.808515,0.597592,0.031099,0.736299,0.700619,0.91244,0.396134,0.462427,0.199894,0.926095,0.0,1.149286,0.0,0.195294,0.73009,0.44934,0.0,0.728721,0.336461,0.045326,0.0,0.0,0.0,0.45283,0.00042,0.0,0.567217,0.179931,0.0,1.222535,0.627245,0.0,0.526134,1.119862,0.474673,1.162104,0.196686,0.234996,0.0,0.0,0.0
107,0.195031,0.563541,0.556602,0.71661,0.595345,1.56243,0.166767,0.51033,0.431589,0.376491,0.627284,0.352411,0.881047,0.221323,0.768197,0.296432,1.079824,0.0,0.613312,0.0,0.0,0.725311,0.862465,0.0,0.864589,0.433679,0.338569,0.026134,0.0,0.09389,0.179962,0.0,0.0,0.430934,0.0,0.0,0.909161,0.228954,0.0,0.887295,0.430453,0.442857,1.084001,0.266945,0.55605,0.0,0.239859,0.0
108,0.350796,0.426009,0.397274,0.377643,0.613098,1.534385,0.0,0.456317,0.255638,0.697459,0.395051,0.472751,1.118376,0.314866,0.597154,0.033931,1.354944,0.0,0.508953,0.0,0.0,0.49815,0.69766,0.0,0.886037,0.999254,0.561442,0.144915,0.0,0.510022,0.0,0.0,0.0,0.476,0.022072,0.0,0.940386,0.120363,0.237047,0.854555,0.499798,0.338923,1.198752,0.321195,0.580476,0.0,0.33933,0.0
109,0.485601,0.817779,0.447227,0.595536,0.64334,1.833782,0.0,0.663494,0.0,0.724653,0.209426,0.577708,0.799116,0.098298,0.800765,0.704046,1.233278,0.136381,0.0,0.0,0.0,0.731176,1.220247,0.0,0.984181,0.510056,0.541302,0.155153,0.0,0.277981,0.153403,0.0,0.0,0.222724,0.0,0.0,0.841619,0.0,0.46017,0.537635,0.354879,0.22234,1.061821,0.263393,0.913891,0.0,0.578247,0.0
110,0.398752,1.01641,0.759502,0.43164,0.581557,1.712405,0.0,0.464573,0.07446,0.666497,0.108243,0.62193,0.984969,0.218546,0.941189,1.095215,1.194613,0.246928,0.0,0.0,0.023476,1.206676,1.29381,0.0,0.885543,0.326428,0.512691,0.047603,0.0,0.133715,0.845587,0.0,0.0,0.170786,0.0,0.0,0.894315,0.0,0.911942,0.676649,0.592134,0.409552,0.770539,0.0,1.229657,0.0,0.61345,0.0
111,0.364739,0.883309,0.634211,0.097159,0.586516,1.572407,0.0,0.358128,0.129254,0.762472,0.0,0.771268,1.352037,0.47838,1.072509,0.878856,1.538891,0.50815,0.0,0.0,0.244155,1.126867,1.329231,0.0,0.810065,0.746622,0.832781,0.192174,0.0,0.595796,0.65259,0.0,0.0,0.089562,0.051149,0.0,0.885013,0.0,1.270171,1.038615,0.831273,0.322968,0.728248,0.044945,1.46312,0.0,0.722628,0.0
112,0.290255,0.289199,0.514919,0.036598,0.917362,1.545053,0.0,0.621786,0.278171,0.409495,0.113384,1.211795,1.505863,0.616614,1.033806,0.485955,1.720874,0.713907,0.127018,0.0,0.747242,0.395258,1.391971,0.0,0.698674,1.04039,0.843673,0.320696,0.0,0.976322,0.264876,0.014378,0.0,0.0,0.12535,0.0,0.791966,0.520702,1.274096,1.229161,0.935736,0.035827,0.889564,0.609513,1.583479,0.0,0.07622,0.0
113,0.0,0.269666,0.140578,0.06383,0.839717,1.807479,0.0,0.456929,0.05992,0.498114,0.455103,1.019915,1.432517,0.395453,1.464894,0.590388,1.91343,0.703622,0.0,0.0,0.518455,0.18848,1.705531,0.0,0.945252,0.955758,1.583865,0.580491,0.0,1.330821,0.0,0.303836,0.292361,0.0,0.0,0.0,0.549991,0.7175,1.154229,1.357023,0.78051,0.054218,0.895762,0.617034,1.566551,0.0,0.287763,0.0
114,0.0,0.086683,0.262793,0.0,0.904535,1.562261,0.0,0.488227,0.382151,0.320349,0.260925,1.133739,1.495565,0.57519,1.279657,0.519043,1.793644,0.933453,0.176673,0.0,0.980091,0.213271,1.746534,0.0,0.543346,0.992375,1.170583,0.649204,0.0,1.293396,0.248807,0.256961,0.314515,0.0,0.172423,0.0,0.444869,0.827491,1.229263,1.588554,0.906909,0.000101,0.792926,0.765601,1.674766,0.0,0.107519,0.0
115,0.0,0.0,0.183738,0.0,0.934657,1.664719,0.0,0.44951,0.468178,0.326881,0.510782,0.99885,1.535876,0.563168,1.335518,0.381195,1.797452,0.693138,0.296702,0.0,0.735989,0.103397,1.577735,0.0,0.554373,1.027802,1.288683,0.598463,0.0,1.420803,0.125261,0.30949,0.302128,0.0,0.013428,0.0,0.445173,0.840479,0.93038,1.680449,0.79739,0.1892,0.931159,0.694291,1.559438,0.0,0.090528,0.0
116,0.0,0.040893,0.467337,0.158078,0.849561,1.527809,0.0,0.591322,0.633059,0.213102,0.560152,0.990146,1.076724,0.402522,1.180985,0.645854,1.326885,0.385186,0.170884,0.0,0.646053,0.760209,1.38421,0.0,0.411173,0.491991,0.543821,0.391184,0.0,0.739089,0.8237,0.0,0.0,0.0,0.0,0.0,0.441253,0.394041,0.742129,1.514824,0.594133,0.332465,0.861422,0.546127,1.569983,0.0,0.072466,0.0
117,0.0,0.498349,0.122138,0.348415,0.871039,2.073411,0.0,0.419643,0.162591,0.593614,0.470574,0.444286,0.925824,0.250371,1.206398,0.883317,1.429567,0.254959,0.0,0.0,0.016143,0.588221,1.456662,0.0,0.824055,0.592388,1.284774,0.424124,0.0,0.905803,0.282543,0.048653,0.0,0.0,0.0,0.0,0.525919,0.180952,0.359747,1.264773,0.262071,0.568682,1.152525,0.273804,1.157601,0.0,0.611089,0.0
118,0.0,0.0,0.0,0.355785,0.835585,2.061676,0.0,0.255221,0.627878,0.300403,0.764493,0.478367,1.276108,0.540738,1.034155,0.304444,1.425317,0.126413,0.570676,0.0,0.128433,0.119479,1.159911,0.0,0.687611,0.739742,1.103988,0.347534,0.0,0.963751,0.087364,0.143161,0.0,0.096448,0.0,0.0,0.466609,0.552945,0.169194,1.414189,0.431092,0.638844,1.411044,0.358948,0.890469,0.0,0.002421,0.0
119,0.0,0.325528,0.0,0.489403,0.601385,2.299992,0.004237,0.283565,0.15646,0.790652,0.433688,0.250758,0.701697,0.297616,0.825037,0.659496,1.029745,0.203306,0.320606,0.0,0.0,0.497262,1.336516,0.0,0.809861,0.578536,1.222541,0.50962,0.0,0.683966,0.302282,0.198107,0.0,0.0,0.0,0.0,0.390128,0.106558,0.028294,1.093049,0.055054,0.55395,1.284487,0.131671,0.61817,0.0,0.551498,0.0
120,0.0,0.034353,0.0,0.335494,0.73746,2.290307,0.0,0.263305,0.321288,0.825072,0.622171,0.280837,0.592584,0.340268,0.449216,0.231382,0.866151,0.262442,0.603833,0.0,0.330402,0.220557,1.158609,0.0,0.699013,0.84083,1.186521,0.65829,0.0,0.576312,0.049663,0.699472,0.0,0.199299,0.0,0.0,0.550594,0.463787,0.0,0.987756,0.108924,0.486964,1.546085,0.036597,0.082929,0.0,0.536149,0.0
121,0.251535,0.429394,0.217717,0.221856,1.00126,2.11122,0.0,0.466131,0.449054,0.932963,0.727932,0.451305,0.551947,0.376655,0.104098,0.067653,0.703533,0.159569,0.819711,0.0,0.515511,0.324226,0.230184,0.0,0.589185,1.440016,1.149417,0.720682,0.0,0.694007,0.195578,1.004945,0.0,0.573013,0.0,0.0,0.77425,0.727296,0.148551,0.674085,0.403796,0.515487,1.548529,0.0,0.0,0.0,0.842825,0.0
122,0.649313,0.716974,0.08588,0.500939,0.982231,2.403014,0.0,0.801915,0.170479,0.957997,0.910368,0.326633,0.516972,0.362205,0.113429,0.165482,0.931543,0.225677,0.787705,0.0,0.327701,0.058205,0.320425,0.0,0.709684,1.167359,1.475542,0.537748,0.0,0.742992,0.17054,0.943627,0.0,0.475879,0.172591,0.0,0.594277,0.696791,0.259143,0.567924,0.453005,0.250646,1.581507,0.0,0.0,0.0,0.863,0.0
123,1.015095,1.141923,0.490552,0.40782,1.120973,2.284929,0.0,1.362992,0.0,1.046034,1.039659,0.542021,0.284282,0.376901,0.0,0.29913,0.622959,0.304708,0.773147,0.0,0.497998,0.149755,0.0,0.0,0.814673,1.289662,1.439515,0.447319,0.0,0.727502,0.556469,0.82771,0.0,0.54124,0.34776,0.0,0.57734,0.854376,0.354914,0.235669,0.629165,0.07169,1.45866,0.0,0.0,0.0,0.879344,0.0
124,1.366593,1.721411,0.665332,0.248576,1.072909,1.762101,0.084771,1.589615,0.0,1.018888,0.931461,0.764393,0.0,0.179535,0.0,0.642038,0.194109,0.74356,0.735548,0.0,0.783882,0.126875,0.332065,0.0,0.658266,0.967684,1.363338,0.192673,0.0,0.509038,1.238911,0.800184,0.0,0.527887,0.971131,0.0,0.100635,1.019887,0.7559,0.0,0.250275,0.0,0.926422,0.0,0.0,0.0,0.853074,0.0
125,1.743532,2.067015,1.123459,0.005478,1.241565,1.44907,0.097546,1.849151,0.0,1.221789,0.960545,1.038479,0.0,0.381453,0.0,0.613616,0.0,0.815375,0.808741,0.0,1.129872,0.144937,0.0,0.0,0.781747,1.358359,1.370878,0.243022,0.23985,0.530233,1.448292,0.90794,0.0,0.755156,1.092893,0.0,0.127086,1.265182,1.074069,0.0,0.369129,0.0,0.734505,0.0,0.0,0.0,1.025178,0.0
126,1.623602,2.107356,0.965685,0.0,0.984827,1.216401,0.0,1.284221,0.645398,1.330996,0.95428,0.775258,0.192695,0.337533,0.01799,0.460871,0.250652,0.753639,0.905144,0.0,1.148677,0.1122,0.148516,0.0,0.570438,1.415893,1.440377,0.13147,0.304486,0.429551,1.458895,1.399677,0.0,0.998731,1.143384,0.0,0.0,1.570007,1.409674,0.0,0.139498,0.108288,0.563064,0.0,0.0,0.0,1.422819,0.0
127,1.902666,2.373068,1.487928,0.0,0.859146,0.980181,0.0,1.260384,0.44617,1.58858,0.61373,0.740412,0.444699,0.627366,0.0,1.03036,0.406931,0.882724,0.675892,0.0,0.937002,0.532842,0.107202,0.0,0.602803,1.304062,1.471392,0.0,0.448788,0.787063,1.549388,0.964073,0.0,1.07795,1.432972,0.0,0.139303,1.339044,1.481671,0.0,0.267857,0.322559,0.355165,0.0,0.0,0.0,1.829368,0.0
128,1.921914,2.344955,2.175799,0.0,0.880702,0.351177,0.0,1.272532,0.96111,1.817361,0.481526,1.259774,0.690509,0.892661,0.0,0.759777,0.0,0.879791,1.202887,0.0,1.723693,1.155064,0.0,0.0,0.582201,1.599169,0.780785,0.0,0.845704,0.965421,1.775458,0.841414,0.0,1.292696,1.05116,0.0,0.626515,1.259351,2.053284,0.0,0.80795,0.658882,0.244428,0.0,0.0,0.0,1.821707,0.0
129,1.729066,1.851102,1.970504,0.0,0.788606,0.412861,0.0,0.845834,0.792557,1.811861,0.561518,1.066796,1.01428,1.196585,0.0,0.30378,0.457513,0.639437,0.9893,0.0,1.387578,0.879865,0.0,0.0,0.495615,2.036873,0.968562,0.10615,0.646374,1.278373,0.970391,1.018643,0.0,1.373466,0.842834,0.085087,0.865626,1.429288,1.86868,0.0,1.091498,0.583165,0.557527,0.0,0.0,0.0,1.927052,0.0
130,1.60269,1.606133,1.469543,0.0,0.640417,0.637323,0.0,0.918909,0.334218,1.325454,0.35197,0.907803,0.709659,0.773375,0.0,0.66254,0.443975,0.81156,0.483023,0.0,1.021156,0.328918,0.226517,0.0,0.54731,1.064681,1.141815,0.0,0.574781,0.885501,0.872624,0.606648,0.0,1.040457,1.277231,0.0,0.233374,1.247786,1.398845,0.0,0.477145,0.128666,0.303028,0.0,0.0,0.0,1.373116,0.0
131,1.376914,1.334638,1.238331,0.0,0.510234,0.757046,0.0,0.876416,0.291362,1.138389,0.378747,0.765764,0.454324,0.454595,0.0,0.55384,0.398271,0.597478,0.369609,0.0,0.833842,0.272097,0.267324,0.0,0.636117,0.562198,1.017809,0.0,0.548031,0.45083,0.952437,0.490796,0.0,0.796796,0.995809,0.0,0.041384,0.980838,1.194016,0.0,0.205308,0.124972,0.203037,0.0,0.096086,0.0,1.144097,0.0
132,1.085258,1.206267,0.986928,0.019851,0.657678,0.746864,0.0,0.59298,0.506231,0.891428,0.292517,0.689076,0.444342,0.397,0.000507,0.361066,0.580844,0.578975,0.482573,0.0,0.749406,0.0,0.409944,0.0,0.38978,0.712874,0.888344,0.0,0.313706,0.320683,0.665224,0.542422,0.0,0.83869,1.051017,0.0,0.10888,1.098453,0.989882,0.0,0.328739,0.044371,0.429748,0.0,0.06662,0.0,0.948297,0.0
133,1.115999,1.149716,1.281716,0.0,0.23727,0.67496,0.0,0.637295,0.235607,0.852706,0.0,0.677537,0.565425,0.493196,0.063651,0.696337,0.616469,0.428357,0.21476,0.0,0.272514,0.517617,0.177575,0.0,0.728087,0.500107,0.812391,0.0,0.587717,0.39561,0.774866,0.110242,0.0,0.650904,0.834525,0.0,0.205385,0.456159,0.974539,0.0,0.29413,0.256203,0.138671,0.0,0.406164,0.0,1.098646,0.0
134,0.87948,0.973099,1.342931,0.0,0.369963,0.778428,0.0,0.499897,0.630308,0.725918,0.055433,0.770954,0.679323,0.502074,0.195854,0.351466,0.501426,0.218911,0.77313,0.0,0.669176,0.527489,0.210409,0.0,0.649588,0.424909,0.319219,0.0,0.472003,0.088171,0.836673,0.230797,0.0,0.65424,0.413637,0.0,0.430766,0.46401,0.83328,0.0,0.590392,0.377968,0.408504,0.0,0.326206,0.0,0.657828,0.0
135,0.780518,0.972656,1.375912,0.166434,0.518628,1.260895,0.0,0.40849,0.727874,0.641388,0.203972,0.649628,0.845874,0.614888,0.445429,0.195721,0.784135,0.048385,0.960356,0.0,0.652534,0.638792,0.451326,0.0,0.605894,0.314009,0.018265,0.0,0.163816,0.0,0.5896,0.163135,0.0,0.704229,0.117721,0.0,0.833027,0.47356,0.55036,0.103864,0.898614,0.528846,0.891316,0.0,0.049749,0.0,0.546592,0.0
136,1.024409,1.07286,1.811453,0.175505,0.595904,1.642468,0.0,0.678257,0.355848,1.092313,0.135646,0.793058,1.157554,0.888468,0.280605,0.402025,1.019014,0.0,0.882077,0.0,0.35208,1.083375,0.128453,0.0,0.993043,0.586652,0.054668,0.0,0.208328,0.28399,0.526725,0.0,0.0,0.971186,0.0,0.0,1.281699,0.0,0.551271,0.058235,1.249791,0.541943,1.179471,0.0,0.0,0.0,1.009236,0.0
137,0.911903,1.157546,1.225211,0.408792,0.17777,1.899679,0.0,0.278749,0.294135,1.222986,0.036732,0.40495,1.066452,0.733341,0.6346,0.623361,1.299391,0.0,0.410342,0.0,0.0,0.939736,0.844825,0.0,0.982196,0.650466,0.561245,0.0,0.055113,0.153734,0.43523,0.0,0.0,0.923087,0.153221,0.0,0.96905,0.0,0.536529,0.149829,0.625107,0.495193,1.050762,0.0,0.19437,0.0,1.298462,0.0
138,0.986975,1.302781,1.309585,0.386689,0.143016,1.869404,0.0,0.274698,0.231264,1.244463,0.0,0.530801,1.147855,0.747744,0.640818,0.975409,1.250193,0.133485,0.260359,0.0,0.0,0.996966,1.112222,0.0,0.849748,0.531027,0.495804,0.0,0.114777,0.418707,0.720917,0.0,0.0,0.964246,0.431744,0.0,0.970391,0.0,0.678513,0.077677,0.723336,0.448514,0.889991,0.0,0.527889,0.0,1.265658,0.0
139,0.936931,1.416605,1.163298,0.277725,0.056073,1.940601,0.0,0.132743,0.285075,1.609981,0.0,0.216555,1.087913,0.652744,0.84125,1.021775,1.437073,0.03332,0.0,0.0,0.0,1.153871,1.245497,0.0,0.9674,0.798263,0.795347,0.0,0.0,0.214732,0.615288,0.0,0.0,1.080751,0.327015,0.0,1.012014,0.0,0.794825,0.0,0.397444,0.557456,0.881467,0.0,0.37036,0.0,1.912965,0.0
140,0.657387,1.369866,1.7953,0.016789,0.0,1.443631,0.0,0.0,0.828739,1.456551,0.0,0.343543,1.433673,0.829237,0.838255,1.156581,1.190966,0.035428,0.262389,0.0,0.12955,1.710272,1.159146,0.0,0.7507,0.341099,0.22601,0.0,0.247952,0.406782,1.180416,0.0,0.0,1.171539,0.194431,0.0,1.1147,0.0,1.054249,0.273877,0.928276,0.794103,0.606946,0.0,0.405873,0.0,1.70205,0.0
141,0.480989,0.987524,1.64564,0.0,0.0,0.781235,0.0,0.0,0.952047,1.176286,0.0,0.480377,1.584926,0.847272,0.75507,0.85246,1.18033,0.31076,0.321566,0.0,0.320937,1.546583,1.005461,0.0,0.469619,0.536513,0.303302,0.0,0.522253,0.903591,0.970071,0.0,0.0,1.200216,0.445459,0.0,1.008877,0.0,1.161817,0.530113,1.089826,0.795011,0.302126,0.0,0.602351,0.0,1.461646,0.0
142,0.799638,0.742928,1.816432,0.0,0.228915,0.2624,0.0,0.037077,0.695104,1.114426,0.0,0.839688,1.090008,0.878843,0.14764,0.869197,0.794765,0.509507,0.220873,0.0,0.649476,1.209897,0.582939,0.0,0.444567,1.111996,0.397905,0.254692,0.482112,1.334898,0.739126,0.034064,0.0,1.212664,0.560961,0.0,1.233727,0.463334,1.279714,0.17225,0.969466,0.618234,0.413919,0.125438,0.575372,0.0,1.559671,0.0
143,0.196106,0.342676,1.234129,0.0,0.0,0.270656,0.0,0.0,0.806525,0.716166,0.09691,0.440907,1.101773,0.542586,0.677619,0.493502,0.964683,0.65206,0.259755,0.0,0.668265,0.998931,0.996419,0.0,0.203223,0.630138,0.495704,0.355174,0.438596,1.319882,0.539726,0.023362,0.0,0.857596,0.384997,0.0,0.964054,0.373523,0.831943,0.744891,0.960736,0.678198,0.133436,0.145086,0.50127,0.0,1.129392,0.0
144,0.072248,0.0,1.361318,0.0,0.057014,0.0,0.0,0.056561,1.341037,0.657571,0.384714,0.671065,1.415006,0.760151,0.541177,0.0,0.965095,0.824332,0.825367,0.0,0.992723,0.839598,0.747114,0.0,0.000974,0.852581,0.077043,0.370455,0.484829,1.989448,0.621118,0.0,0.0,1.018734,0.095449,0.19025,1.185533,0.558787,0.928145,1.128697,1.377365,0.804791,0.306048,0.429293,0.337121,0.0,0.807976,0.0
145,0.0,0.0,0.919361,0.0,0.297182,0.592484,0.0,0.0,1.679554,0.431549,0.973748,0.15227,1.755388,0.463048,1.024915,0.0,1.574593,0.588038,0.933097,0.035202,0.581024,0.47949,0.819676,0.0,0.0,0.494932,0.399693,0.125636,0.057737,1.975492,0.413085,0.0,0.140001,0.964355,0.0,0.524145,0.950166,0.686516,0.381513,1.522125,1.323041,0.914844,0.725209,0.147189,0.0,0.0,0.365673,0.0
146,0.0,0.0,0.713427,0.0,0.244143,0.248453,0.0,0.0,0.849355,0.439305,0.216204,0.420195,0.605226,0.380813,0.748105,0.535763,0.818105,0.743825,0.306519,0.0,0.834889,0.607715,0.919779,0.0,0.409152,0.614528,0.613248,0.616024,0.306486,1.383868,0.745812,0.032782,0.043129,0.343042,0.060592,0.0,0.551797,0.380595,0.692908,1.004332,0.638158,0.511098,0.134803,0.521426,0.834454,0.0,0.508363,0.0
147,0.0,0.0,0.385658,0.0,0.0,0.279557,0.0,0.0,0.860509,0.550863,0.198892,0.290898,0.341704,0.120213,0.973282,0.766084,0.82492,0.649335,0.069682,0.0,0.75938,0.825724,1.147064,0.0,0.640787,0.490432,0.563055,0.839566,0.372712,1.157747,1.026534,0.0,0.0871,0.098801,0.0,0.0,0.34201,0.113069,0.75992,1.148235,0.295224,0.62177,0.0,0.437091,0.967801,0.0,0.62446,0.0
148,0.0,0.112289,0.296322,0.0,0.378281,0.537299,0.0,0.144352,0.464704,0.807947,0.317741,0.188113,0.0,0.0,0.939989,1.093296,0.805727,0.32405,0.0,0.0,0.552918,0.742444,1.002825,0.023767,0.941928,0.564576,0.943232,0.828545,0.216718,0.991104,0.689689,0.0,0.0,0.0,0.0,0.0,0.419497,0.199878,0.612514,0.800836,0.0,0.561785,0.200357,0.288896,0.858202,0.0,0.911623,0.0
149,0.0,0.0,0.116233,0.0,0.206368,0.607251,0.0,0.0,0.715178,0.574668,0.461478,0.084555,0.433736,0.275333,1.210913,0.739916,1.167193,0.345425,0.108403,0.0,0.432357,0.493046,1.138702,0.0,0.782196,0.526741,0.879142,0.721122,0.161913,1.230615,0.749034,0.0,0.124276,0.0,0.0,0.0,0.243577,0.205819,0.572701,1.330962,0.220821,0.538809,0.146294,0.428623,0.926655,0.0,0.32114,0.0
150,0.0,0.0,0.029758,0.0,0.32115,0.565988,0.0,0.029816,0.740537,0.495168,0.515243,0.014941,0.322103,0.169522,1.218231,0.729895,1.091199,0.305355,0.062626,0.0,0.561187,0.327091,1.154737,0.0,0.745335,0.644099,0.952385,0.808397,0.122127,1.134239,0.569985,0.0,0.183934,0.0,0.0,0.0,0.098232,0.422107,0.479684,1.273562,0.108803,0.589576,0.190548,0.482899,0.962055,0.0,0.350731,0.0
151,0.0,0.001801,0.097155,0.0,0.066088,0.524958,0.0,0.024426,0.852742,0.303387,0.556006,0.0,0.416924,0.132841,1.502791,0.858569,1.078927,0.46203,0.0,0.0,0.503093,0.651613,1.469639,0.070985,0.644772,0.27183,0.762528,0.815138,0.104311,1.102834,1.043983,0.0,0.25319,0.0,0.0,0.0,0.0,0.194952,0.47519,1.463737,0.251834,0.729333,0.0,0.502628,1.128267,0.0,0.347182,0.0
152,0.0,0.0,0.433957,0.0,0.209503,0.0,0.0,0.289351,1.197171,0.226921,0.227002,0.302461,0.311063,0.114588,0.867705,0.675067,0.747305,0.894188,0.253852,0.0,1.305469,0.623012,1.106788,0.038859,0.572563,0.561598,0.29453,1.138565,0.552707,1.273193,1.213197,0.120508,0.150763,0.123157,0.06408,0.0,0.072487,0.3719,0.912747,1.175466,0.418094,0.911756,0.0,0.967698,1.2426,0.0,0.540256,0.0
153,0.0,0.0,0.85924,0.0,0.392495,0.0,0.0,0.418165,1.460985,0.303974,0.240701,0.445924,0.491123,0.202029,0.663107,0.544877,0.684414,1.096931,0.546689,0.0,1.567818,0.783808,0.989125,0.20269,0.485642,0.583626,0.10932,1.11314,0.697279,1.511924,1.245717,0.214776,0.0,0.428507,0.159906,0.0,0.381809,0.391621,1.095553,1.121301,0.715702,1.088892,0.0,1.028666,1.206349,0.0,0.739465,0.0
154,0.0,0.0,1.140614,0.0,0.392657,0.0,0.0,0.307024,1.416068,0.450559,0.0,0.544505,0.762442,0.534279,0.598437,0.503124,0.748648,1.476285,0.544209,0.0,1.680614,0.990183,0.968817,0.245323,0.376195,1.011714,0.243651,1.224487,0.643952,1.984284,1.171377,0.42127,0.056068,0.546072,0.360337,0.0,0.700361,0.423198,1.208846,1.233706,1.163101,1.159735,0.0,1.232112,1.179229,0.0,1.11957,0.0
155,0.0,0.0,1.231951,0.0,0.719187,0.0,0.0,0.592996,1.536922,0.321544,0.541832,0.477967,1.11213,0.362401,0.781787,0.152824,0.985985,1.241697,0.761657,0.0,1.552075,0.817712,0.972324,0.278044,0.210488,0.777834,0.372123,0.788689,0.418045,2.036546,0.778954,0.166735,0.0,0.739664,0.407626,0.0,0.787614,0.786917,0.831623,1.423817,1.380166,1.146952,0.144312,1.076143,1.050301,0.0,0.670748,0.0
156,0.0,0.0,1.213695,0.0,0.695158,0.0,0.0,0.591564,1.594968,0.24551,0.724473,0.262085,1.438228,0.298202,1.172989,0.104012,1.281069,1.141448,0.63255,0.0,1.38893,0.84675,1.122826,0.277343,0.184856,0.658714,0.590332,0.592776,0.167056,2.171623,0.687543,0.0,0.164361,0.731712,0.452566,0.0,0.783598,0.801974,0.634376,1.704175,1.584258,1.220155,0.225715,1.022516,1.110615,0.0,0.637436,0.0
157,0.0,0.0,1.460978,0.0,0.73993,0.0,0.0,0.783298,1.475484,0.502974,0.391259,0.665132,0.931127,0.241321,0.60248,0.184008,0.771762,1.249689,0.624451,0.0,1.778039,1.057911,0.816079,0.309292,0.409302,1.40229,0.363339,1.166201,0.463308,2.296091,0.732131,0.232107,0.004939,0.896038,0.343065,0.0,1.035692,0.944999,1.010782,1.517741,1.452111,1.281349,0.188588,1.407844,1.180941,0.0,0.993581,0.0
158,0.0,0.0,1.413277,0.0,0.598972,0.0,0.0,0.906357,1.516896,0.362182,0.388983,0.527638,0.787987,0.0,0.801531,0.363359,0.717092,1.14229,0.495366,0.0,1.733766,1.148238,0.987783,0.378718,0.545801,1.0081,0.292054,1.104528,0.586419,2.001827,0.947944,0.029081,0.025611,0.915821,0.326688,0.0,0.858091,0.68769,0.987999,1.483668,1.177947,1.395649,0.072854,1.353016,1.439729,0.0,0.988733,0.0
159,0.0,0.0,1.618488,0.0,0.668976,0.0,0.050477,0.905981,1.820166,0.380783,0.33527,0.801221,0.992605,0.152303,0.560172,0.132873,0.691899,1.302599,0.930813,0.0,1.885209,1.185388,0.893833,0.310153,0.590651,1.265009,0.0,1.193135,0.659659,2.334693,1.140804,0.005393,0.0,1.065092,0.366748,0.0,1.062412,0.717529,1.167698,1.482987,1.436047,1.488814,0.005661,1.64715,1.530041,0.0,0.827239,0.0
160,0.0,0.0,1.2125,0.0,0.563704,0.0,0.196193,0.667383,2.10746,0.093149,0.602208,0.510128,1.42211,0.076678,0.984721,0.0,1.202733,1.278803,0.980761,0.0,1.541906,0.946421,1.351419,0.143174,0.320082,0.887061,0.020438,0.858901,0.427211,2.363815,1.169091,0.0,0.162521,1.017464,0.63966,0.0,0.752189,0.804195,0.837043,1.776405,1.478092,1.422304,0.008194,1.364816,1.533128,0.0,0.4111,0.0
161,0.0,0.0,1.650796,0.0,0.362334,0.0,0.0,0.656237,1.688935,0.640637,0.20464,0.654803,0.911285,0.192653,0.675335,0.485763,0.659747,0.911427,0.689167,0.0,1.388654,1.431136,0.75265,0.311248,0.559325,1.168757,0.0,1.002254,0.587701,2.304447,1.083385,0.029781,0.0,0.921954,0.0,0.0,1.155145,0.387409,1.077035,1.423636,1.174258,1.528051,0.174363,1.396939,1.24498,0.0,1.335484,0.0
162,0.0,0.0,0.950763,0.0,0.427232,0.358801,0.24144,0.310155,1.012268,0.372363,0.525913,0.139849,0.726661,0.072081,1.251633,0.517794,0.804874,0.644439,0.313671,0.0,0.864798,0.828665,1.369246,0.056986,0.332946,0.765818,0.776478,0.700164,0.136691,1.670071,0.696733,0.0,0.106438,0.494542,0.193875,0.0,0.653799,0.596204,0.195733,1.363256,0.682527,1.10364,0.318014,0.860309,1.279586,0.0,0.788564,0.0
163,0.0,0.0,0.75829,0.0,0.622735,0.901156,0.298765,0.0,1.410917,0.350266,0.922697,0.0,1.249905,0.204428,1.277674,0.109449,1.309137,0.475111,0.761964,0.0,0.547942,0.551138,1.375981,0.0,0.0,0.695085,0.772373,0.255425,0.0,1.797944,0.448358,0.093436,0.084309,0.688591,0.218218,0.0,0.807699,0.828825,0.0,1.513669,0.856796,1.185621,0.840435,0.332891,0.602556,0.0,0.517078,0.0
164,0.0,0.0,0.915179,0.0,0.370334,0.812158,0.220458,0.111285,1.772307,0.423884,0.901395,0.116657,1.034467,0.106695,0.933891,0.107215,1.201253,0.492702,0.928696,0.0,0.708542,0.925094,1.285295,0.044167,0.0,0.381661,0.008622,0.22063,0.129974,1.678544,0.506706,0.242102,0.0,0.899211,0.0,0.0,0.960854,0.672572,0.0,1.252022,0.739677,1.298127,0.976628,0.220967,0.014012,0.0,0.644872,0.0
165,0.0,0.0,1.286118,0.0,0.483158,0.586064,0.094705,0.181174,1.499922,0.751533,0.47744,0.485135,0.664982,0.263543,0.236181,0.5016,0.60739,0.536507,0.975517,0.0,0.985494,1.22586,0.611862,0.0,0.0,0.790048,0.009447,0.43638,0.292478,1.539931,0.585538,0.806448,0.0,0.991144,0.0,0.0,1.15988,0.467146,0.017497,0.632716,0.691139,1.269289,0.996648,0.218817,0.0,0.0,1.261875,0.0
166,0.0,0.0,0.9643,0.0,0.647208,0.983612,0.291402,0.0,1.231175,0.677963,0.640368,0.325376,0.700556,0.334624,0.146731,0.159741,0.728916,0.466935,0.973061,0.0,0.809513,0.75793,0.670536,0.0,0.0,1.070556,0.393556,0.513471,0.0,1.48507,0.298033,1.038118,0.0,1.019612,0.034882,0.0,1.08436,0.806668,0.0,0.616247,0.606664,1.077101,1.214835,0.052076,0.0,0.0,0.976007,0.0
167,0.0,0.0,0.53457,0.0,0.732319,1.404987,0.4582,0.0,1.132372,0.476144,0.585617,0.301885,0.658687,0.224828,0.215781,0.022022,0.803027,0.45193,1.079165,0.0,0.646287,0.35301,1.005307,0.0,0.0,0.768205,0.53202,0.464948,0.0,1.131178,0.190214,0.997196,0.0,0.935755,0.184942,0.0,0.855215,1.007755,0.0,0.641933,0.394202,0.856989,1.304012,0.0,0.0,0.0,0.477768,0.0
168,0.0,0.0,0.391697,0.110403,0.452813,1.79959,0.359816,0.0,0.771466,0.224743,0.581402,0.171083,0.679601,0.215019,0.61307,0.296205,0.947823,0.227609,0.71499,0.0,0.029414,0.381268,1.260803,0.0,0.0,0.100634,0.594995,0.155151,0.0,0.693206,0.233633,0.624615,0.0,0.730368,0.0,0.0,0.671733,0.767822,0.0,0.728007,0.202712,0.816124,1.564253,0.0,0.0,0.0,0.321305,0.0
169,0.0,0.0,0.91027,0.149605,0.50514,1.679461,0.082048,0.0,0.918591,0.527981,0.615694,0.391928,1.032762,0.396066,0.537327,0.102312,1.096867,0.005028,0.897073,0.0,0.116441,0.925605,0.654772,0.0,0.0,0.355879,0.188207,0.125192,0.0,0.835286,0.219702,0.37993,0.0,1.002829,0.0,0.0,0.92816,0.409051,0.0,0.821319,0.618785,0.861149,1.658798,0.0,0.0,0.0,0.520077,0.0
170,0.067219,0.184971,0.89062,0.098861,0.61597,2.125014,0.0,0.140251,0.379193,0.801279,0.49832,0.283117,0.987861,0.48591,0.402824,0.239926,1.07264,0.0,0.666467,0.0,0.0,0.866524,0.530742,0.0,0.386556,0.743714,0.573923,0.330487,0.0,0.64117,0.0,0.408185,0.0,1.022829,0.0,0.0,1.078497,0.236064,0.0,0.68442,0.454128,0.855851,1.970247,0.0,0.0,0.0,0.937748,0.0
171,0.225037,0.393758,0.728476,0.434264,0.620574,2.559016,0.0,0.203186,0.136843,0.857052,0.538975,0.044071,1.11984,0.489374,0.614515,0.265279,1.289313,0.0,0.619964,0.0,0.0,0.680038,0.829157,0.0,0.556044,0.562759,0.789504,0.224341,0.0,0.60952,0.0,0.138704,0.0,1.000482,0.0,0.0,1.11668,0.073522,0.0,0.676129,0.30263,0.844509,2.182873,0.0,0.0,0.0,0.870482,0.0
172,0.142855,0.339953,0.74926,0.478092,0.348688,2.328999,0.187081,0.008839,0.343673,0.478272,0.260874,0.33768,0.79348,0.419732,0.62822,0.565969,0.862907,0.00966,0.640136,0.0,0.0,0.818361,1.120797,0.0,0.253745,0.069566,0.431201,0.194872,0.0,0.074473,0.415149,0.137895,0.0,0.852909,0.0,0.0,0.914734,0.12899,0.0,0.614046,0.396631,0.679602,1.724853,0.007556,0.14327,0.0,0.501529,0.0
173,0.199419,0.321594,0.456757,0.313169,0.491449,2.093252,0.117297,0.0,0.310008,0.776073,0.121159,0.288353,1.069188,0.523961,0.391746,0.14556,1.113839,0.091691,0.807827,0.0,0.0,0.371079,0.998982,0.0,0.206823,0.711968,0.726082,0.284076,0.0,0.618526,0.0,0.335435,0.0,1.017239,0.126899,0.0,0.913618,0.218415,0.0,0.657424,0.386321,0.496819,1.718497,0.020132,0.0,0.0,0.590622,0.0
174,0.234815,0.370579,1.033185,0.31605,0.629241,2.001806,0.0,0.057109,0.55091,0.707312,0.414062,0.292984,1.294361,0.754068,0.426431,0.02536,1.133666,0.0,1.03709,0.006303,0.0,0.766172,0.449195,0.0,0.300253,0.666535,0.396256,0.126814,0.0,0.500893,0.049117,0.152867,0.0,1.241218,0.0,0.0,1.240916,0.133596,0.0,0.642599,0.902786,0.74644,1.928174,0.0,0.0,0.0,0.451943,0.0
175,0.249382,0.590576,1.078679,0.052859,0.456853,2.030204,0.0,0.153171,0.439592,1.085495,0.398558,0.243696,0.754426,0.426602,0.311965,0.239556,0.850466,0.0,0.644078,0.0,0.0,1.031842,0.309662,0.0,0.668559,0.722166,0.45262,0.425086,0.0,0.010441,0.1079,0.40002,0.0,1.150271,0.0,0.0,1.235726,0.091213,0.0,0.236635,0.480941,0.769575,1.769943,0.0,0.0,0.0,1.165757,0.0
176,0.10349,0.472993,0.645337,0.161397,0.076366,1.495426,0.119909,0.0,0.66803,0.871393,0.126092,0.222863,0.756491,0.354904,0.39046,0.332816,0.760274,0.0,0.715881,0.0,0.0,0.885249,0.77273,0.0,0.395232,0.443606,0.432271,0.246979,0.0,0.041686,0.296407,0.33091,0.0,0.971926,0.0,0.0,0.761995,0.080509,0.0,0.478306,0.2468,0.52058,1.220335,0.0,0.00808,0.0,0.776135,0.0
177,0.383648,0.656951,1.212095,0.186303,0.446116,1.632113,0.0,0.289281,0.438114,0.763647,0.331564,0.392282,0.945805,0.517587,0.33745,0.237391,0.843426,0.0,0.851635,0.0,0.125601,0.989425,0.435132,0.0,0.506984,0.258764,0.15883,0.027802,0.0,0.138142,0.204992,0.0,0.0,0.994403,0.0,0.0,1.250722,0.0,0.0,0.421149,0.884296,0.505536,1.445822,0.0,0.0,0.0,0.536487,0.0
178,0.393765,0.592599,1.402864,0.0,0.617488,1.113719,0.0,0.352782,0.441121,0.812975,0.271916,0.753467,1.104097,0.772781,0.058556,0.103893,0.797287,0.0,0.84954,0.0,0.217367,1.034657,0.012218,0.0,0.525723,1.022802,0.138345,0.054778,0.066952,0.543001,0.104632,0.0,0.0,1.141216,0.0,0.0,1.466631,0.097396,0.219816,0.48813,1.3048,0.407854,1.353877,0.060667,0.0,0.0,0.543572,0.0
179,0.421354,0.462549,1.007922,0.038278,0.544889,1.379147,0.0,0.348362,0.32078,0.93021,0.397149,0.366993,0.832427,0.43981,0.241201,0.188136,1.078015,0.0,0.428812,0.0,0.0,0.825244,0.361735,0.0,0.85605,0.917049,0.444735,0.227224,0.0,0.408784,0.0,0.0,0.0,0.905386,0.0,0.0,1.392695,0.0,0.086065,0.487038,0.65006,0.511602,1.407514,0.063004,0.0,0.0,0.963026,0.0
180,0.396944,0.549039,1.151117,0.206912,0.3702,1.154534,0.0,0.46732,0.390665,0.577352,0.220759,0.608791,0.851546,0.273113,0.510777,0.552497,0.949498,0.0,0.348781,0.0,0.0,1.156283,0.609557,0.0,0.860496,0.205885,0.128949,0.0,0.145161,0.521704,0.448265,0.0,0.0,0.683073,0.0,0.0,1.176852,0.0,0.281704,0.593605,0.688328,0.337319,0.864449,0.270887,0.732665,0.0,0.613162,0.0
181,0.107338,0.444302,0.563179,0.385879,0.153542,1.152977,0.078173,0.172744,0.577651,0.498544,0.576362,0.220012,0.898812,0.224335,1.188756,0.231549,1.46196,0.0,0.304204,0.001316,0.0,0.823225,1.086898,0.0,0.7925,0.31146,0.389677,0.07647,0.0,0.591065,0.387427,0.0,0.0,0.332138,0.0,0.0,0.806707,0.0,0.243036,1.146981,0.486382,0.469666,0.649907,0.152002,0.891649,0.0,0.380356,0.0
182,0.067145,0.493877,0.27099,0.484948,0.151714,1.285835,0.007942,0.190156,0.454983,0.493243,0.432653,0.087158,0.757158,0.246376,1.580962,0.394617,1.809207,0.034703,0.159177,0.0,0.0,0.632243,1.313408,0.0,1.01056,0.417336,0.653884,0.214724,0.0,0.648678,0.434194,0.0,0.0,0.0,0.0,0.0,0.616265,0.0,0.36297,1.222813,0.268089,0.530823,0.480492,0.192503,1.192986,0.0,0.424084,0.0
183,0.370816,0.434667,0.649323,0.281844,0.741831,1.077113,0.0,0.716457,0.560774,0.0,0.258578,0.823571,0.469183,0.055923,0.889867,0.635943,1.418255,0.225782,0.258935,0.0,0.414948,0.405244,1.072,0.0,1.006808,0.265136,0.035859,0.492227,0.099208,0.255364,1.08413,0.0,0.0,0.0,0.243028,0.0,0.397599,0.244091,0.716777,0.556854,0.199957,0.308311,0.235839,0.541528,1.520745,0.0,0.01879,0.0
184,0.772975,1.008819,0.856785,0.261958,0.806108,1.207608,0.0,1.086687,0.20239,0.419987,0.104218,0.743273,0.150243,0.0,0.987602,1.212235,1.400547,0.214667,0.0,0.0,0.214972,0.659175,1.011035,0.0,1.480367,0.157379,0.413423,0.451588,0.293833,0.209921,1.278768,0.0,0.0,0.0,0.222155,0.0,0.419986,0.0,0.950297,0.20241,0.0,0.325215,0.121653,0.344822,1.608392,0.0,0.669404,0.0
185,0.758468,1.262824,0.526435,0.669522,0.707821,1.590545,0.0,1.062118,0.031581,0.313432,0.268103,0.53821,0.176742,0.0,1.511794,1.229458,1.796295,0.263399,0.0,0.0,0.0,0.624987,1.416668,0.0,1.624742,0.0,0.702746,0.53084,0.231823,0.075262,1.359162,0.0,0.0,0.0,0.337515,0.0,0.099005,0.0,0.849166,0.388314,0.0,0.289668,0.0,0.242248,1.673349,0.0,0.567183,0.0
186,1.266873,1.249454,0.993497,0.561717,0.936013,1.539719,0.0,1.846015,0.0,0.309723,0.296881,1.158835,0.0,0.0,1.009602,1.273049,1.301092,0.315374,0.0,0.0,0.177461,0.497775,0.816726,0.0,1.858354,0.148134,0.617727,0.499248,0.348955,0.141559,1.377626,0.0,0.0,0.0,0.252273,0.0,0.45858,0.0,0.839323,0.0,0.0,0.113029,0.012644,0.234338,1.641741,0.0,0.802953,0.0
187,1.100976,0.878672,0.669685,0.383114,0.977059,1.306087,0.0,1.368898,0.057147,0.108229,0.35487,1.180791,0.321333,0.198317,0.989835,0.523477,1.671744,0.376606,0.101321,0.0,0.408532,0.180842,0.825376,0.0,1.423357,0.507993,0.536162,0.585211,0.397717,0.120436,1.081552,0.141007,0.0,0.0,0.523409,0.0,0.248717,0.175853,0.932189,0.240897,0.203521,0.100457,0.075841,0.297673,1.482301,0.0,0.29383,0.0
188,1.237924,1.015167,1.146806,0.08706,1.011568,1.044527,0.0,1.340805,0.248074,0.387485,0.0,1.345839,0.62587,0.40633,0.651173,0.596271,1.360468,0.337524,0.366949,0.0,0.524684,0.701612,0.363473,0.0,1.365267,0.753838,0.284916,0.317057,0.723102,0.210854,1.231365,0.0,0.0,0.0,0.438973,0.0,0.650615,0.0,1.11731,0.14367,0.435555,0.204718,0.091859,0.351854,1.607697,0.0,0.518669,0.0
189,1.019057,1.132328,0.740152,0.732479,1.073621,1.72902,0.0,1.319024,0.0,0.3265,0.350104,0.978793,0.360974,0.166604,0.954912,0.616978,1.465888,0.209498,0.148516,0.0,0.0,0.361869,0.777745,0.0,1.317506,0.388606,0.672716,0.346584,0.300218,0.13807,0.730787,0.031559,0.0,0.0,0.429484,0.0,0.596937,0.005877,0.362797,0.21014,0.334256,0.274824,0.525048,0.200096,1.116714,0.0,0.644633,0.0
190,0.79894,1.445249,1.28246,0.573062,0.902307,1.779508,0.006777,1.078573,0.103121,0.339448,0.162523,0.589511,0.355546,0.015355,0.832301,1.292578,0.932096,0.096636,0.222539,0.0,0.100259,1.203047,0.963249,0.0,1.223316,0.0,0.18138,0.15006,0.216559,0.0,1.528636,0.0,0.0,0.0,0.12562,0.0,0.765429,0.0,0.218042,0.047885,0.17759,0.649936,0.520278,0.198939,1.166987,0.0,0.802733,0.0
191,0.417408,0.79775,0.699963,0.855088,1.110403,1.818043,0.191764,0.8141,0.300948,0.0,0.445083,0.607067,0.53803,0.170165,1.030115,0.49708,1.318779,0.051877,0.542652,0.0,0.007592,0.582561,1.142486,0.0,0.78064,0.207991,0.164184,0.195503,0.0,0.0,0.618511,0.231147,0.0,0.0,0.205964,0.0,0.792899,0.268604,0.0,0.634428,0.40741,0.654549,0.926159,0.339243,0.905931,0.027002,0.301783,0.0
192,0.289865,0.525471,1.203565,0.539956,1.363554,1.68514,0.306449,1.094316,0.320891,0.0,0.47401,0.938117,0.77382,0.358529,0.66455,0.595795,1.053766,0.050051,0.727918,0.0,0.194982,0.771257,0.758603,0.0,0.736302,0.326703,0.0,0.0,0.0,0.322388,0.677173,0.080369,0.0,0.245829,0.13159,0.0,1.115555,0.480093,0.0,0.511359,0.815707,0.723771,1.137624,0.470223,0.972133,0.234628,0.243382,0.0
193,0.113791,0.492928,1.131817,0.506004,0.879683,1.468024,0.448274,0.815352,0.536999,0.043372,0.609531,0.417142,0.567914,0.040534,1.019418,0.888171,1.090972,0.0,0.451902,0.0,0.0,0.968498,1.26137,0.0,0.616505,0.235124,0.0,0.140761,0.0,0.57861,0.698244,0.161307,0.0,0.181066,0.032716,0.0,0.892874,0.42414,0.0,0.680622,0.177682,1.118123,1.058717,0.692314,1.086813,0.279592,0.662055,0.0
194,0.0,0.0,1.062291,0.270153,0.843172,1.248167,0.85727,0.371905,1.560098,0.078794,0.923123,0.064616,1.035156,0.105058,1.125438,0.3733,1.574916,0.081242,0.980293,0.0,0.0,1.010482,1.601069,0.0,0.104919,0.388561,0.0,0.00478,0.0,1.174454,0.606415,0.281876,0.0,0.339986,0.282948,0.0,0.914841,0.599525,0.0,1.106436,0.290002,1.548619,1.131624,0.821712,0.943162,0.144126,0.421476,0.0
195,0.0,0.0,1.114486,0.0,0.835623,1.266772,1.183375,0.312183,1.750289,0.187329,0.918625,0.0,1.275818,0.282973,1.196411,0.30315,1.728517,0.204232,1.16597,0.0,0.0,1.045815,1.846153,0.0,0.0,0.624293,0.0,0.037023,0.0,1.525561,0.60322,0.392895,0.0,0.405554,0.557688,0.0,1.013533,0.601427,0.0,1.196426,0.340357,1.747901,1.112653,0.872892,0.978693,0.249548,0.562522,0.0
196,0.0,0.0,1.48582,0.148142,1.030511,1.268422,0.957287,0.59917,1.586874,0.0,1.034458,0.0,0.817665,0.101613,0.996344,0.760198,1.336472,0.082995,1.002756,0.0,0.105044,1.062178,1.663319,0.0,0.177158,0.388681,0.0,0.0,0.0,1.05609,0.513862,0.527908,0.0,0.519188,0.322658,0.0,1.331003,0.841489,0.0,0.718688,0.241643,1.977186,1.375217,0.85433,0.783512,0.301931,0.645798,0.0
197,0.0,0.020328,1.497761,0.0,1.089784,1.235662,1.108893,0.778122,1.735082,0.0,0.748669,0.240392,0.905184,0.0,0.565272,0.670687,1.059409,0.503631,1.451915,0.0,0.697506,1.165623,1.63363,0.0,0.212034,0.473838,0.0,0.148322,0.0,0.973845,0.98445,0.552037,0.0,0.673655,0.682072,0.0,1.33697,0.738916,0.0,0.391225,0.598324,1.939806,1.235302,0.857661,1.016508,0.465986,0.494773,0.0
198,0.216676,0.589572,2.178094,0.275839,1.116217,1.44633,0.555035,1.02649,1.459978,0.0,0.93595,0.115708,1.122617,0.428262,0.791127,0.908506,1.025943,0.157233,1.300812,0.0,0.435483,1.378289,1.303293,0.30795,0.314916,0.0,0.0,0.0,0.0,0.728746,0.936416,0.175983,0.0,0.766243,0.388488,0.0,1.663689,0.702388,0.0,0.356716,1.028007,2.054399,1.421942,0.718467,0.610208,0.295953,0.725733,0.0
199,0.405232,0.704509,2.381701,0.0,0.951519,0.802749,0.339713,1.077564,1.432889,0.620377,0.364163,0.493272,1.281778,0.702161,0.062856,0.680761,0.66988,0.354361,1.692052,0.0,0.839459,1.892115,0.544529,0.186795,0.453543,0.592191,0.0,0.0,0.7026,0.876019,0.931068,0.43711,0.0,1.003292,0.365231,0.0,1.727786,0.017938,0.243647,0.108034,1.301233,1.963893,0.91242,0.981765,0.524002,0.035697,1.368913,0.0
200,0.656774,0.740083,2.352614,0.0,1.038394,0.661819,0.205048,1.294661,0.648906,0.519921,0.31366,0.788798,0.624357,0.602731,0.0,0.568244,0.105335,0.40005,1.206504,0.0,1.200371,1.495538,0.09365,0.148567,0.711891,0.962657,0.0,0.3182,0.723604,0.378598,0.87596,0.569444,0.0,1.058394,0.57624,0.0,1.421399,0.381614,0.303213,0.0,1.152276,1.482144,0.848657,1.07877,0.519467,0.0,1.326597,0.0
201,0.851812,0.974084,2.135039,0.0,1.002589,0.165889,0.253643,1.146275,0.391453,0.379128,0.0,0.871862,0.501664,0.697199,0.0,0.892062,0.0,0.875901,0.940978,0.0,1.41705,1.158189,0.19354,0.341143,0.634737,0.733929,0.278046,0.236736,0.968793,0.508177,1.122045,0.417782,0.0,0.950411,1.107955,0.0,0.877035,0.421818,0.730613,0.0,1.143414,1.141684,0.275977,1.108909,1.028977,0.0,1.208289,0.0
202,0.400104,0.307833,1.239224,0.0,0.479272,0.434019,0.115187,0.877957,0.883547,0.141043,0.402108,0.351845,0.372668,0.0,0.0,0.382826,0.418078,0.843739,0.731225,0.0,1.188447,0.775264,0.753083,0.095985,0.388858,0.07645,0.166112,0.430673,0.762505,0.190608,0.862763,0.582251,0.0,0.734281,1.167743,0.0,0.270249,0.653848,0.429743,0.0,0.721022,1.196425,0.046571,1.087947,0.659957,0.0,0.765601,0.0
203,0.356599,0.383936,1.433874,0.0,0.643405,0.0,0.128402,1.01719,1.5366,0.467459,0.206723,0.549946,0.558849,0.0,0.0,0.276489,0.298372,1.230642,1.179322,0.0,1.798377,1.180194,0.531565,0.2591,0.362785,0.518783,0.0,0.45633,1.008736,0.59118,1.139421,0.731907,0.0,0.966541,1.174256,0.0,0.443825,0.616009,0.936086,0.0,1.043222,1.349455,0.0,1.104777,0.635474,0.0,0.985257,0.0
204,0.532635,0.4138,1.506185,0.0,0.850586,0.0,0.29019,1.023315,1.089823,0.306974,0.35341,0.503078,0.553252,0.251793,0.0,0.385873,0.083955,1.388583,1.104373,0.0,1.859219,0.867338,0.730397,0.474855,0.271708,0.579197,0.0,0.478429,0.75749,0.91458,0.969642,0.760872,0.0,0.934664,1.490061,0.0,0.415117,0.837918,0.777368,0.0,1.151047,1.121561,0.058644,1.039811,0.778018,0.0,0.79839,0.0
205,0.234802,0.329764,1.33323,0.0,0.798179,0.0,0.290194,0.846331,1.736052,0.451439,0.370755,0.356378,0.67488,0.031548,0.0,0.218362,0.41201,1.373768,1.283326,0.0,1.85189,1.121208,0.646878,0.416716,0.076798,0.747668,0.0,0.416187,0.724735,0.873257,0.952159,0.927586,0.0,1.008259,1.305542,0.0,0.556483,0.853405,0.831266,0.0,1.214642,1.329891,0.125056,0.858074,0.441997,0.0,0.989723,0.0
206,0.133694,0.150485,0.831668,0.0,1.112353,0.428723,0.45974,0.752191,1.349196,0.0,0.696152,0.39697,0.263332,0.0,0.0,0.048199,0.451221,1.269056,1.189391,0.0,1.682736,0.432329,0.924217,0.24956,0.0,0.676903,0.0,0.478523,0.248695,0.569926,0.593805,0.991522,0.0,0.851124,1.394664,0.0,0.479251,1.374556,0.241634,0.050577,1.055739,1.145451,0.532556,0.60766,0.355517,0.0,0.308212,0.0
207,0.182733,0.152515,1.146104,0.0,0.570628,0.234351,0.2469,0.587724,1.486701,0.409526,0.396914,0.319296,0.594333,0.075184,0.016802,0.286867,0.599579,0.977061,1.012694,0.0,1.256237,0.883422,0.764463,0.181945,0.114758,0.452739,0.0,0.217049,0.527215,0.669822,0.714824,0.714291,0.0,0.784151,0.801948,0.0,0.62805,0.64558,0.474429,0.183362,0.994243,1.190767,0.322406,0.661711,0.422528,0.0,0.848903,0.0
208,0.478505,0.350916,1.359107,0.0,0.524257,0.542912,0.002231,0.643342,0.489328,0.362444,0.410423,0.35947,0.433138,0.29419,0.020812,0.63909,0.408531,0.590939,0.515416,0.0,0.7416,0.610808,0.566092,0.084768,0.422781,0.219332,0.350157,0.245895,0.4402,0.575451,0.514505,0.317524,0.0,0.693737,0.600981,0.0,0.599435,0.428998,0.24558,0.035639,0.715736,0.833979,0.49275,0.615876,0.495835,0.0,0.883394,0.0
209,0.259892,0.629346,1.48279,0.0,0.177005,0.749575,0.0,0.251349,0.724308,0.616894,0.361396,0.0,0.868504,0.491457,0.652486,0.800749,1.008843,0.345474,0.390307,0.0,0.134349,1.202233,0.654035,0.142558,0.518407,0.0,0.366571,0.020164,0.370413,0.64431,0.694426,0.0,0.0,0.713069,0.22081,0.0,0.834436,0.0,0.31373,0.374854,0.844809,1.134949,0.459483,0.294936,0.274783,0.0,1.273388,0.0
210,0.251001,0.134525,1.482706,0.0,0.0,0.23233,0.0,0.326866,1.070564,0.671496,0.055021,0.600739,1.047359,0.610711,0.551378,0.265023,0.944896,0.543475,0.731047,0.0,0.672906,0.870947,0.599925,0.0,0.412019,0.371718,0.0,0.283116,0.796057,1.114549,0.855384,0.0,0.0,0.964849,0.282949,0.0,0.890833,0.080179,0.808599,0.698715,1.01297,0.914538,0.132293,0.553008,0.56776,0.0,0.910602,0.0
211,0.146852,0.205719,1.400353,0.0,0.084976,0.102675,0.0,0.268461,0.888744,0.764406,0.0,0.468045,0.756686,0.534133,0.660188,0.508724,1.013137,0.366607,0.384764,0.0,0.558327,0.962143,0.329073,0.0,0.636505,0.748618,0.349047,0.430961,0.606509,0.873046,0.894015,0.058822,0.0,0.981332,0.220821,0.0,0.90006,0.192529,0.969071,0.571193,0.666993,0.864008,0.100908,0.412962,0.571298,0.0,1.158427,0.0
212,0.01758,0.532556,1.476102,0.0,0.0,0.434568,0.0,0.197277,0.766794,1.067276,0.026413,0.109188,0.639549,0.324015,1.098982,1.045199,1.025397,0.292195,0.055692,0.0,0.368337,1.429245,0.650218,0.0,1.027136,0.221439,0.606855,0.569883,0.537764,0.776693,1.381241,0.0,0.0,0.727109,0.0,0.0,0.929653,0.0,1.128367,0.633707,0.47149,0.980005,0.0,0.141016,0.658104,0.0,1.559081,0.0
213,0.143116,0.155185,1.42064,0.0,0.0,0.0,0.0,0.4071,0.666762,1.035339,0.0,0.488608,0.436846,0.372453,0.872448,1.053968,0.948887,0.527355,0.0,0.0,0.580505,1.298204,0.298802,0.001046,1.161383,0.624164,0.670275,0.856581,0.617696,1.208918,1.431016,0.0,0.0,0.689749,0.0,0.0,0.913013,0.0,1.561758,0.574011,0.426477,0.884508,0.0,0.537565,0.930073,0.0,1.387684,0.0
214,0.0,0.0,0.885104,0.0,0.0,0.113792,0.0,0.110608,1.080672,0.823608,0.277487,0.188178,0.905387,0.374618,1.540447,0.683711,1.301605,0.707366,0.140672,0.0,0.802166,1.126737,1.15746,0.0,0.759937,0.328191,0.645794,0.919869,0.716624,1.367047,1.482556,0.0,0.271648,0.475981,0.0,0.0,0.599563,0.0,1.474224,1.548771,0.709991,0.784399,0.0,0.342326,0.869527,0.0,0.777432,0.0
215,0.0,0.0,0.6149,0.0,0.0,0.25207,0.0,0.003006,0.823896,0.848493,0.222115,0.18638,0.736095,0.513197,1.596256,0.884738,1.483511,0.909812,0.0,0.0,0.850792,0.841909,1.195038,0.026698,0.920518,0.543882,1.24257,1.000193,0.454247,1.48614,1.217705,0.0,0.297648,0.0,0.036454,0.0,0.478694,0.0,1.473113,1.508053,0.69904,0.624057,0.0,0.370505,1.094252,0.0,0.675676,0.0
216,0.0,0.0,0.565237,0.0,0.10552,0.0,0.0,0.327097,1.080449,0.720986,0.104516,0.815783,0.64665,0.557054,1.144772,0.624334,1.294181,1.170943,0.18152,0.0,1.568133,0.749444,0.940938,0.0,0.832497,0.917352,0.705066,1.373155,0.626611,1.855679,1.265728,0.076919,0.279672,0.0,0.0,0.0,0.510694,0.378763,1.793191,1.627308,0.709904,0.625719,0.0,0.77728,1.119243,0.0,0.457303,0.0
217,0.0,0.0,0.0,0.0,0.443786,0.11982,0.0,0.26944,0.843838,0.593191,0.210884,0.60598,0.447952,0.484351,1.271363,0.703644,1.447147,1.168324,0.0,0.0,1.813607,0.208074,1.364294,0.039378,0.799847,0.997506,1.254378,1.488403,0.378129,1.612295,0.956953,0.509485,0.530169,0.0,0.11552,0.0,0.054609,0.794983,1.618491,1.571852,0.406893,0.275045,0.0,0.585776,1.256741,0.0,0.198143,0.0
218,0.0,0.0,0.0,0.0,0.72838,0.492443,0.0,0.444864,0.610893,0.411591,0.523973,0.587302,0.329339,0.380044,1.410925,1.041856,1.414186,0.962366,0.0,0.0,1.650876,0.048229,1.552031,0.163162,0.908785,0.682666,1.527583,1.241076,0.097358,1.386223,0.837475,0.534071,0.531271,0.0,0.028282,0.0,0.0,0.910973,1.403581,1.354755,0.154874,0.077155,0.0,0.542671,1.407526,0.0,0.009372,0.0
219,0.0,0.0,0.0,0.0,0.600202,0.542465,0.0,0.45634,0.49738,0.407595,0.291895,0.578304,0.120288,0.124485,1.28588,1.377544,1.243097,1.071422,0.0,0.0,1.653928,0.466912,1.697415,0.215469,0.91692,0.274672,1.305286,1.316705,0.243496,1.05624,1.304205,0.396681,0.286842,0.0,0.078586,0.0,0.0,0.658564,1.344482,1.230515,0.0,0.182428,0.0,0.646785,1.530078,0.0,0.064692,0.0
220,0.0,0.0,0.0,0.0,0.856266,0.995525,0.0,0.278441,0.685725,0.332099,0.526135,0.627322,0.634082,0.48979,1.337286,0.86153,1.524059,1.032445,0.155134,0.0,1.479167,0.0,1.597346,0.18303,0.717543,0.526517,1.616824,1.051653,0.0,1.428406,0.624458,0.64892,0.486674,0.0,0.068917,0.0,0.0,1.112064,1.085107,1.37774,0.338686,0.04943,0.378257,0.599447,1.267533,0.0,0.0,0.0
221,0.0,0.0,0.0,0.0,0.522869,0.789883,0.0,0.213806,0.526504,0.480942,0.458426,0.606729,0.593118,0.337684,1.082554,0.627093,1.26708,0.928115,0.113234,0.0,1.34804,0.203851,1.46365,0.156293,0.552764,0.573992,1.386485,0.957779,0.0,1.293255,0.612953,0.576611,0.280248,0.0,0.0,0.0,0.04179,0.881585,0.843756,1.425831,0.328367,0.193752,0.320784,0.411483,1.099996,0.0,0.189554,0.0
222,0.0,0.0,0.331155,0.0,0.603926,0.576297,0.0,0.073069,0.862791,0.684258,0.612275,0.736095,0.890749,0.404774,0.550389,0.053528,1.249537,0.733656,0.450268,0.0,1.207059,0.408192,0.658115,0.046866,0.278081,0.910539,1.040156,0.864031,0.108413,1.494032,0.273325,0.708156,0.0,0.0,0.0,0.0,0.649332,0.942004,0.705504,1.309631,0.743813,0.512495,0.683201,0.245219,0.241297,0.0,0.598117,0.0
223,0.0,0.0,0.342073,0.0,0.300405,0.728799,0.0,0.0,1.240196,0.449436,0.498824,0.531504,1.093303,0.370858,0.659056,0.064901,1.187878,0.926984,0.731988,0.0,1.000066,0.555218,1.042991,0.0,0.0,0.330693,0.624702,0.427655,0.116554,1.238501,0.691117,0.399448,0.049952,0.221489,0.058987,0.0,0.512143,0.712193,0.461833,1.271586,0.930212,0.530759,0.466856,0.094432,0.255552,0.0,0.388037,0.0
224,0.321992,0.18593,0.905963,0.0,0.854957,0.667564,0.0,0.057052,0.924373,0.43569,0.488394,0.884164,0.804483,0.356025,0.004192,0.050831,0.589621,0.69497,0.816591,0.0,1.078956,0.504642,0.702714,0.0,0.0,0.616128,0.46971,0.168071,0.120792,0.849311,0.337731,0.439157,0.0,0.785917,0.261364,0.0,0.918771,0.9575,0.315098,0.624644,1.043992,0.390402,0.888108,0.043903,0.242587,0.0,0.389903,0.0
225,0.724491,0.794436,1.12608,0.0,0.671752,1.157457,0.037373,0.157009,0.451449,0.676453,0.280743,0.806964,0.805668,0.26706,0.0,0.446296,0.498954,0.538549,0.379341,0.0,0.725717,0.635824,0.74511,0.0,0.019517,0.675783,0.778338,0.219727,0.116687,0.629783,0.371627,0.382582,0.0,0.953952,0.481816,0.0,0.833219,0.764638,0.270952,0.107481,0.730944,0.36996,1.003411,0.0,0.254066,0.0,1.205169,0.0
226,0.693021,0.781215,1.292221,0.0,0.511844,1.098399,0.0,0.0,0.900378,0.776175,0.135498,0.790365,1.579345,0.703259,0.129076,0.120148,0.933615,0.414097,0.719738,0.0,0.663238,0.931072,0.727398,0.0,0.0,0.885546,0.38174,0.0,0.096727,0.897425,0.172468,0.412365,0.0,1.13602,0.371492,0.0,1.101765,0.641058,0.406997,0.391911,1.307262,0.638872,0.979527,0.0,0.166137,0.0,1.194079,0.0
227,1.006322,1.177934,1.522293,0.0,0.597858,1.548227,0.0,0.077074,0.576984,0.856997,0.0,0.900491,1.65153,0.783594,0.166175,0.503902,1.066009,0.381187,0.547733,0.0,0.429875,1.0502,0.839342,0.0,0.0,0.676508,0.518536,0.0,0.144607,0.904809,0.200938,0.046115,0.0,1.081747,0.455285,0.0,1.140724,0.44152,0.544028,0.087787,1.309783,0.668543,1.16166,0.0,0.376775,0.0,1.359492,0.0
228,0.98481,1.378125,1.580274,0.005999,0.587624,2.0506,0.0,0.110697,0.460163,0.758663,0.220526,0.638938,1.660776,0.809178,0.59326,0.719758,1.318355,0.282644,0.417944,0.0,0.112343,1.168195,1.212977,0.0,0.044274,0.233905,0.50781,0.0,0.0,0.703507,0.34468,0.0,0.0,0.903893,0.179171,0.0,1.151803,0.274771,0.459688,0.06593,1.245803,0.839834,1.362413,0.0,0.459473,0.0,1.327498,0.0
229,0.758216,1.206812,1.493221,0.0,0.539872,1.613269,0.097283,0.0,0.926746,0.635679,0.027962,0.797539,1.879504,0.995934,0.739821,0.532329,1.389458,0.487963,0.587138,0.0,0.449666,1.027582,1.260366,0.0,0.0,0.46962,0.228774,0.0,0.018802,0.891284,0.396816,0.062407,0.0,0.924454,0.427783,0.0,1.015309,0.503285,0.682743,0.282758,1.315665,0.724158,1.047307,0.0,0.870158,0.0,1.139311,0.0
230,0.695742,1.376258,1.234697,0.227083,0.431984,1.831326,0.474076,0.096708,0.699598,0.313707,0.0,0.667198,1.274349,0.396471,0.878156,1.24196,1.00618,0.582162,0.035513,0.0,0.301661,0.997419,1.667588,0.0,0.0,0.0,0.340761,0.0,0.0,0.298602,0.954964,0.0,0.0,0.475133,0.491807,0.0,0.525391,0.393597,0.561297,0.016747,0.777963,0.659126,0.809711,0.0,1.481978,0.0,1.107149,0.0
231,0.607883,0.988109,1.151443,0.079864,0.640592,1.726814,0.416962,0.155965,0.855614,0.178202,0.11527,0.655161,1.544541,0.752397,0.929819,0.710012,1.372565,0.562866,0.408932,0.0,0.431913,0.871527,1.465419,0.0,0.0,0.0,0.088926,0.0,0.0,0.58583,0.64052,0.0,0.0,0.447254,0.433447,0.0,0.613934,0.515329,0.633225,0.355457,1.100914,0.549754,0.976736,0.087601,1.215586,0.0,0.626756,0.0
232,0.404947,0.700112,0.895896,0.556917,0.673008,2.019472,0.160996,0.214942,0.561497,0.113735,0.514555,0.495826,1.390408,0.705232,1.303164,0.410963,1.574703,0.227065,0.332084,0.046972,0.0,0.609683,1.27761,0.0,0.0,0.051012,0.371974,0.0,0.0,0.605029,0.143771,0.041258,0.0,0.322945,0.0,0.0,0.808545,0.491404,0.215563,0.592228,0.961302,0.639633,1.301084,0.137638,0.816454,0.0,0.303156,0.0
233,0.272798,0.344496,0.583956,0.216498,0.784722,1.883548,0.052161,0.284865,0.417488,0.265218,0.325273,0.788816,1.428354,0.685985,0.867916,0.134396,1.501338,0.33807,0.486866,0.0,0.131972,0.219692,0.973711,0.0,0.089117,0.64712,0.555781,0.038383,0.0,0.881752,0.0,0.196335,0.0,0.45083,0.094889,0.0,0.814605,0.641078,0.236425,0.689918,1.006155,0.416041,1.329495,0.117806,0.746754,0.0,0.201082,0.0
234,0.076699,0.0,0.415587,0.253692,0.373621,1.549963,0.074897,0.247274,0.460731,0.350245,0.31806,0.876579,0.893425,0.349423,0.831746,0.301891,1.134651,0.251416,0.383978,0.027668,0.271509,0.502211,1.126687,0.0,0.340575,0.534617,0.259022,0.217745,0.0,0.519318,0.273726,0.183663,0.0,0.376931,0.0,0.0,0.697191,0.428232,0.32244,0.756047,0.560509,0.376106,1.07536,0.265325,0.87751,0.0,0.123538,0.0
235,0.050743,0.474399,0.581007,0.354972,0.190339,2.138415,0.0,0.062743,0.289305,1.000002,0.358228,0.205931,1.025039,0.37172,1.169956,0.8777,1.469474,0.0,0.0,0.0,0.0,1.217035,1.336298,0.0,1.085452,0.442067,0.629324,0.239492,0.0,0.557393,0.511378,0.0,0.0,0.387728,0.0,0.0,1.067801,0.0,0.475462,0.867023,0.441735,0.658464,1.28743,0.0,0.48474,0.0,0.884459,0.0
236,0.0,0.483452,0.269462,0.243288,0.122996,2.048288,0.0,0.0,0.326044,1.349366,0.122997,0.095769,1.153373,0.443455,1.229173,0.967467,1.750405,0.147321,0.0,0.0,0.0,1.086348,1.489437,0.0,1.148305,0.889942,0.909427,0.325517,0.0,0.946364,0.576455,0.0,0.0,0.56224,0.0,0.0,1.186951,0.0,0.752158,0.910871,0.418886,0.490644,1.093321,0.0,0.438004,0.0,1.051388,0.0
237,0.0,0.480174,0.420467,0.165507,0.0,1.979357,0.0,0.0,0.60115,1.590603,0.284812,0.0,1.345698,0.590933,1.65154,1.034079,1.890953,0.016962,0.0,0.00094,0.0,1.529921,1.607269,0.0,1.399547,0.840918,0.929917,0.359893,0.0,0.990112,0.900596,0.0,0.0,0.616898,0.0,0.0,1.320311,0.0,1.127653,1.220077,0.520486,0.646192,0.896298,0.0,0.405509,0.0,1.211481,0.0
238,0.0,0.771222,0.476066,0.133712,0.0,2.102291,0.0,0.0,0.330516,1.932367,0.246859,0.0,1.218607,0.494366,1.756673,1.41984,1.98018,0.058194,0.0,0.0,0.0,1.899957,1.789069,0.0,1.732517,0.845853,1.187221,0.41214,0.0,1.076401,1.125645,0.0,0.0,0.557712,0.0,0.0,1.519116,0.0,1.330439,1.082578,0.434317,0.638294,0.87562,0.0,0.404732,0.0,1.729663,0.0
239,0.0,0.290843,0.454722,0.0,0.0,1.323753,0.0,0.0,0.380396,1.69189,0.160705,0.019133,1.230618,0.547459,1.508474,1.122107,1.821085,0.20653,0.0,0.0,0.0,1.610178,1.506359,0.0,1.461037,1.281312,1.106314,0.486533,0.0,1.465868,0.998204,0.0,0.0,0.679044,0.0,0.0,1.441813,0.0,1.652923,1.20711,0.570276,0.507763,0.679487,0.0,0.788223,0.0,1.354817,0.0
240,0.0,0.187785,0.748081,0.0,0.0,1.006939,0.0,0.0,0.273176,1.257439,0.29322,0.289234,1.299173,0.507784,1.425678,1.091135,1.580214,0.349397,0.0,0.0,0.0,1.594053,1.533953,0.0,1.390352,0.871204,0.966059,0.361616,0.0,1.648717,1.038459,0.0,0.0,0.587265,0.0,0.0,1.445394,0.0,1.70985,1.323825,0.800683,0.439981,0.478969,0.0,1.133383,0.0,0.837018,0.0
241,0.074954,0.061576,0.846453,0.0,0.0,0.710821,0.0,0.026501,0.403246,0.890746,0.204285,0.612519,1.502277,0.630586,1.099006,0.671557,1.535098,0.597192,0.0,0.0,0.308737,1.032305,1.423484,0.0,1.086743,1.070434,0.835319,0.289404,0.012353,1.800699,0.630675,0.0,0.11279,0.667707,0.0,0.0,1.366558,0.0,1.669647,1.308037,1.076339,0.170669,0.507873,0.233284,1.127875,0.0,0.404008,0.0
242,0.194669,0.185047,1.185948,0.0,0.0,0.282654,0.0,0.008551,0.647045,0.846947,0.0,0.667629,1.662258,0.897209,0.93469,0.598524,1.46514,0.768493,0.0,0.0,0.507627,1.409782,1.155681,0.0,0.864767,1.033918,0.421374,0.228945,0.178574,1.896749,0.835956,0.0,0.001338,0.738021,0.012837,0.0,1.351723,0.0,1.738268,1.417574,1.364702,0.371005,0.358412,0.328325,1.108297,0.0,0.530442,0.0
243,0.269072,0.384306,0.989882,0.0,0.316833,0.437126,0.0,0.0,0.429646,1.019967,0.012136,0.470444,1.613447,0.935936,0.649882,0.413075,1.533475,0.617401,0.0,0.0,0.428463,0.925982,0.855395,0.0,0.750965,1.414413,0.884908,0.172305,0.0,1.808745,0.204409,0.0,0.061154,0.703264,0.240903,0.0,1.439219,0.050913,1.434412,1.206324,1.35836,0.318643,0.702232,0.036185,0.598934,0.0,0.786816,0.0
244,0.413054,0.160643,0.835572,0.0,0.603743,0.199012,0.0,0.385076,0.43377,0.695657,0.0,0.881274,0.923032,0.594173,0.224386,0.43519,0.99148,0.71449,0.06481,0.0,0.797791,0.564436,0.775583,0.0,0.644528,1.172559,0.482461,0.246144,0.034099,1.27782,0.186572,0.0,0.0,0.732438,0.341873,0.0,1.065647,0.409189,1.251169,0.84676,0.837118,0.043095,0.616526,0.325309,0.828951,0.0,0.291914,0.0
245,0.225848,0.254635,0.664983,0.0,0.680995,0.455057,0.0,0.510688,0.328187,0.556103,0.17673,0.651012,0.18959,0.069274,0.278772,0.803964,0.51884,0.556189,0.0,0.0,0.742974,0.583795,0.954079,0.0,0.730974,0.546767,0.408915,0.386127,0.0,0.60527,0.693833,0.0,0.0,0.587589,0.163161,0.0,0.667263,0.404878,0.90027,0.460134,0.173146,0.086197,0.606633,0.275905,0.809315,0.0,0.164473,0.0
246,0.0,0.178383,0.174796,0.090891,0.251523,0.951555,0.0,0.26939,0.215664,0.795633,0.405409,0.21608,0.520796,0.058297,0.700081,0.591842,0.930567,0.276038,2.5e-05,0.0,0.196047,0.740805,1.023407,0.0,0.920736,0.448124,0.914096,0.375811,0.0,0.897072,0.195462,0.0,0.014934,0.308371,0.0,0.0,0.694526,0.084395,0.57,0.94655,0.245222,0.168578,0.673489,0.156389,0.611809,0.0,0.3756,0.0
247,0.0,0.0,0.36252,0.0,0.330582,0.589098,0.0,0.375522,0.356388,0.87191,0.613771,0.427671,0.544658,0.291825,0.290332,0.213456,0.918593,0.194293,0.210621,0.0,0.539791,0.521056,0.334687,0.0,0.8577,1.110697,0.908414,0.680213,0.0,1.328104,0.0,0.0,0.0,0.494921,0.0,0.0,0.894156,0.585844,0.608387,1.083517,0.488089,0.301188,1.055715,0.431227,0.234706,0.0,0.423728,0.0
248,0.0,0.031033,0.195856,0.0,0.0,0.880934,0.0,0.013671,0.943989,1.031436,0.842887,0.0,1.115092,0.293063,0.901228,0.172569,1.275054,0.254009,0.498366,0.0,0.400689,0.905473,0.781063,0.0,0.700352,0.805758,1.016667,0.55322,0.0,1.469134,0.127006,0.0,0.047101,0.602876,0.0,0.0,0.77982,0.220896,0.309644,1.786392,0.588513,0.607541,1.063515,0.017446,0.042772,0.0,0.590999,0.0
249,0.0,0.0,0.457057,0.0,0.309718,0.496946,0.0,0.344766,0.904257,0.776973,0.865319,0.375274,0.604018,0.174556,0.105017,0.205031,0.655819,0.324162,0.468845,0.0,1.046328,0.625522,0.256591,0.0,0.609868,1.198468,0.743409,0.901255,0.047558,1.337167,0.07822,0.027518,0.0,0.690244,0.0,0.0,0.742598,0.802165,0.371381,1.29194,0.655699,0.366955,1.034478,0.496374,0.020902,0.0,0.402153,0.0
250,0.0,0.0,0.487715,0.0,0.797988,0.395184,0.0,0.614934,1.22386,0.483685,0.882943,0.721777,0.420812,0.026264,0.0,0.0,0.389553,0.718073,0.988858,0.0,1.536199,0.502372,0.191055,0.0,0.346122,1.219934,0.301207,0.918443,0.336576,0.971384,0.145957,0.350062,0.0,0.864536,0.272125,0.0,0.735791,1.151682,0.328875,0.921858,0.823056,0.380575,1.007973,0.574848,0.075441,0.0,0.0,0.0
251,0.032885,0.00163,0.884711,0.0,0.713191,0.0,0.0,0.884935,0.969097,0.8462,0.621173,0.949489,0.065825,0.149148,0.0,0.012215,0.191818,0.697363,0.868567,0.0,1.625256,1.05312,0.0,0.039304,0.428569,1.646075,0.0,1.089563,0.52596,0.936686,0.298622,0.589965,0.0,0.787459,0.0,0.0,0.973634,0.949019,0.598563,0.766606,0.886524,0.595489,0.953099,0.723519,0.0,0.0,0.59429,0.0
252,0.073849,0.128777,0.265971,0.0,0.806099,0.364137,0.0,0.798007,0.847833,0.28437,0.715412,0.553746,0.149631,0.0,0.0,0.228357,0.596737,0.807661,0.621459,0.0,1.263566,0.350788,0.36566,0.025368,0.383007,0.724963,0.380495,0.652948,0.261995,0.306415,0.094398,0.646702,0.0,0.502729,0.608609,0.0,0.148204,0.97235,0.257005,0.75422,0.491306,0.212829,0.730286,0.570353,0.415864,0.0,0.0,0.0
253,0.413153,0.274024,0.549651,0.0,1.079407,0.470313,0.0,1.05308,0.20256,0.018088,0.769495,0.795912,0.047672,0.182406,0.0,0.452615,0.488491,0.911672,0.314594,0.0,1.222385,0.0,0.115521,0.000699,0.788501,0.811079,0.874719,0.737126,0.11282,0.228116,0.000881,0.899312,0.0,0.456777,0.964549,0.0,0.0,1.132388,0.189129,0.399168,0.593113,0.0,0.755301,0.73549,0.722592,0.0,0.0,0.0
254,0.541816,0.463625,0.59734,0.0,1.106422,0.228229,0.0,1.101732,0.501184,0.0,0.673192,0.917426,0.019479,0.0,0.0,0.403737,0.394481,1.23257,0.58253,0.0,1.527394,0.0,0.352638,0.031612,0.632202,0.713035,0.481184,0.633848,0.246777,0.02308,0.446644,0.905593,0.0,0.596617,1.187189,0.0,0.0,1.221763,0.416727,0.142151,0.519001,0.256113,0.538067,0.780401,0.823352,0.0,0.0,0.0
255,0.923342,0.764437,1.138376,0.0,0.952454,0.0,0.012107,1.344898,0.733387,0.280929,0.350114,1.092855,0.282612,0.138962,0.0,0.402918,0.175985,1.395603,0.910222,0.0,1.986454,0.524027,0.324368,0.282654,0.71001,0.83578,0.0,0.502448,0.709274,0.320403,0.834201,0.607663,0.0,0.80507,1.114971,0.0,0.202377,0.821019,0.97269,0.0,0.640829,0.533706,0.237169,0.938848,0.955418,0.0,0.074389,0.0
256,1.315034,1.231388,2.108593,0.0,0.965501,0.0,0.0,1.580503,0.811502,0.897885,0.041358,1.479505,0.456724,0.598398,0.0,0.469264,0.0,1.353272,1.166442,0.0,2.531401,1.330397,0.0,0.599261,0.682444,1.414043,0.0,0.388162,1.098518,0.652109,1.195688,0.359901,0.0,1.206327,0.780156,0.0,1.103623,0.695137,1.581091,0.0,1.125097,0.87528,0.270997,0.884176,0.70947,0.0,0.807455,0.0
257,1.013089,0.856701,1.874708,0.0,0.704546,0.0,0.0,1.160532,0.811353,0.914902,0.357884,1.274143,0.806955,0.810167,0.0,0.11115,0.162923,0.976011,0.923885,0.0,1.982249,1.25071,0.0,0.32401,0.458015,1.451529,0.0,0.379544,0.758446,0.843149,0.488972,0.479138,0.0,1.096303,0.432821,0.101485,1.272912,0.773245,1.341283,0.16132,1.474098,0.743834,0.62748,0.846842,0.059954,0.0,1.008644,0.0
258,0.723976,0.649864,1.49382,0.0,0.663382,0.0,0.0,0.883849,0.92313,0.780158,0.34879,1.267185,0.923859,0.794492,0.0,0.0,0.341234,1.057403,0.888607,0.0,1.841707,0.89762,0.0,0.156465,0.218663,1.389912,0.0,0.342056,0.63418,0.891795,0.389565,0.371446,0.0,1.013715,0.604564,0.0,1.138175,0.870219,1.133263,0.447197,1.449755,0.494247,0.497722,0.648498,0.133378,0.0,0.699726,0.0
259,0.586518,0.451359,1.03486,0.0,0.581407,0.542624,0.0,0.643165,0.290718,0.810274,0.658636,0.6547,0.950118,0.547111,0.0,0.145144,0.979028,0.436424,0.311473,0.0,0.880269,0.639556,0.0,0.039068,0.553879,0.929106,0.884095,0.397435,0.193988,0.658108,0.0,0.373712,0.0,0.549489,0.232584,0.055105,0.96957,0.631169,0.681689,0.652359,0.934858,0.398159,0.931466,0.362568,0.0,0.0,0.874874,0.0
260,0.265754,0.274613,0.326783,0.0,0.658139,1.049609,0.0,0.541866,0.248041,0.663065,0.512184,0.576967,0.902634,0.30169,0.392646,0.199849,1.251533,0.54963,0.29895,0.0,0.559018,0.039919,0.607054,0.0,0.738854,0.763474,1.286809,0.407293,0.041337,0.690733,0.0,0.398457,0.140335,0.143191,0.318171,0.0,0.497283,0.606254,0.504887,0.820208,0.452788,0.058707,0.767575,0.382657,0.577626,0.0,0.467099,0.0
261,0.301555,0.214235,0.575671,0.25026,0.99705,0.99142,0.0,1.09742,0.179601,0.267584,0.435356,0.972185,0.230402,0.190428,0.381251,0.570091,0.868064,0.463364,0.149148,0.0,0.821264,0.172515,0.631503,0.0,0.757191,0.513906,0.650396,0.469968,0.171212,0.138598,0.277647,0.216099,0.0,0.0,0.229283,0.0,0.414817,0.662406,0.529259,0.640598,0.223575,0.0,0.652889,0.444045,1.036273,0.0,0.078305,0.0
262,0.280204,0.151546,0.246585,0.060381,0.809228,1.120603,0.0,0.851459,0.587134,0.030633,0.364929,0.959952,0.575821,0.16748,0.750478,0.428925,1.5688,0.660784,0.424007,0.0,0.808206,0.086864,1.053798,0.0,0.848308,0.606423,0.634795,0.88683,0.170211,0.182362,0.48096,0.281229,0.121656,0.0,0.53513,0.0,0.0,0.60209,0.997226,1.016546,0.151228,0.066599,0.395181,0.757555,1.520878,0.0,0.0,0.0
263,0.419815,0.617142,0.311475,0.497131,1.036792,1.541782,0.0,1.300688,0.199205,0.002927,0.470926,0.987603,0.261515,0.011989,1.150305,0.996437,1.59552,0.461855,0.0,0.0,0.570691,0.091798,1.279729,0.0,1.250868,0.367909,0.873966,0.903418,0.062602,0.14352,0.629785,0.182441,0.048607,0.0,0.521806,0.0,0.0,0.429745,0.911281,0.807332,0.0,0.039624,0.307245,0.691782,1.784485,0.0,0.0,0.0
264,0.899729,0.719216,0.667364,0.38983,1.271873,1.472972,0.0,1.927711,0.0,0.290323,0.409878,1.426828,0.048652,0.134331,0.945307,1.056014,1.559862,0.467946,0.0,0.0,0.605957,0.010546,0.835753,0.0,1.562167,0.684981,0.839588,0.935542,0.325221,0.362069,0.61084,0.002267,0.0,0.0,0.592973,0.0,0.011961,0.457614,0.878191,0.53367,0.0,0.001818,0.232534,0.728391,1.912767,0.0,0.17882,0.0
265,0.932802,0.886266,0.816977,0.487318,1.264921,1.523194,0.0,2.088876,0.0,0.448072,0.419735,1.418078,0.0,0.010276,1.006814,1.440268,1.405974,0.443414,0.0,0.0,0.59539,0.302333,0.996239,0.089422,1.689142,0.5891,0.859082,0.93248,0.380529,0.243526,0.925073,0.0,0.0,0.0,0.469584,0.0,0.15027,0.337802,0.967669,0.45124,0.0,0.091184,0.146636,0.627829,2.054373,0.0,0.363433,0.0
266,0.508732,0.508824,0.320859,0.605891,1.219581,1.719759,0.0,1.688774,0.086152,0.110012,0.584329,1.417071,0.460253,0.177158,1.408516,1.015075,1.937821,0.42302,0.0,0.0,0.754295,0.011895,1.340319,0.0,1.514058,0.776531,1.049399,0.902147,0.0,0.28946,0.517781,0.195324,0.225844,0.0,0.344413,0.0,0.0,0.526738,1.201419,1.03901,0.054225,0.0,0.383113,0.679211,2.073304,0.0,0.0,0.0
267,0.6485,0.292916,0.385568,0.003948,1.31877,1.325154,0.0,1.438143,0.213008,0.57641,0.343837,1.493311,0.686518,0.38986,1.060021,0.592752,2.092117,0.623422,0.092579,0.0,1.114845,0.0,1.168855,0.024215,1.242158,1.339251,1.140669,0.945802,0.181912,0.449813,0.167848,0.35634,0.115158,0.0,0.488584,0.0,0.125684,0.665305,1.565668,1.174892,0.148467,0.0,0.551948,0.756796,1.912652,0.0,0.0,0.0
268,0.414252,0.155154,0.331286,0.138331,1.158647,1.491412,0.0,1.119804,0.230452,0.279819,0.373318,1.503923,0.93935,0.361013,1.266014,0.660519,2.121943,0.755907,0.109242,0.0,1.158245,0.0,1.460007,0.0,1.204447,1.084527,1.295531,0.930557,0.0,0.628769,0.108489,0.408789,0.436218,0.0,0.40382,0.0,0.078884,0.872778,1.639458,1.276871,0.352922,0.0,0.619291,0.957707,2.06491,0.0,0.0,0.0
269,0.542673,0.590617,0.58295,0.211504,1.114462,1.529981,0.0,1.1291,0.0,0.4424,0.058424,1.396897,1.017557,0.251594,1.228792,1.039996,2.038543,0.948829,0.0,0.0,0.961984,0.246574,1.670318,0.0,1.200652,1.011131,1.321178,0.767321,0.0,0.700486,0.143499,0.123713,0.40639,0.0,0.528764,0.0,0.241764,0.615737,1.604639,1.095473,0.302296,0.0,0.631115,1.07738,2.167722,0.0,0.0,0.0
270,0.726578,0.762359,0.947196,0.362107,0.888581,1.43773,0.0,1.195777,0.0,0.449363,0.066249,1.376512,1.300674,0.397202,1.181922,1.00224,1.982158,0.790831,0.0,0.0,0.679407,0.836484,1.501355,0.0,1.130544,0.906437,0.910257,0.418739,0.0,0.701059,0.403478,0.0,0.268975,0.0,0.337102,0.0,0.49672,0.145159,1.488822,1.27027,0.541506,0.075902,0.628185,1.010476,2.230828,0.0,0.0,0.0
271,0.88345,0.368902,0.951889,0.110099,1.258051,1.169561,0.0,1.196647,0.100729,0.572862,0.148703,1.780857,1.401642,0.625949,0.484294,0.216331,1.737451,0.633673,0.255396,0.0,1.082357,0.366612,0.911242,0.0,0.855695,1.537741,0.81787,0.298653,0.031532,0.73087,0.0,0.220816,0.281985,0.205987,0.379989,0.0,0.892027,0.699486,1.368846,1.233768,0.899429,0.0,0.953277,0.857781,1.800796,0.0,0.0,0.0
272,0.983954,0.560095,0.997853,0.215079,1.260512,1.457006,0.0,1.191023,0.206101,0.545759,0.383425,1.693943,1.71536,0.760153,0.48166,0.089279,1.803785,0.548099,0.556405,0.0,0.92783,0.213073,0.717768,0.0,0.894835,1.470194,0.965755,0.13593,0.0,0.843149,0.0,0.262993,0.358073,0.297542,0.346089,0.0,0.897462,0.739651,1.21871,1.246823,1.167741,0.0,1.22254,0.868267,1.561736,0.0,0.0,0.0
273,1.13057,1.008525,1.219223,0.0,1.627719,1.074043,0.069264,1.454596,0.029613,0.418181,0.109231,1.908015,1.037231,0.665408,0.0,0.355673,0.97157,0.978809,0.707955,0.0,1.39358,0.451489,0.423612,0.130874,0.728761,1.655096,0.53504,0.387651,0.27655,0.181674,0.0,0.328929,0.032838,0.473717,0.677811,0.0,0.704422,0.865524,1.148568,0.651665,1.186239,0.0,1.162695,0.807034,1.497782,0.0,0.0,0.0
274,1.135039,1.229722,1.140429,0.252394,1.844181,1.536708,0.023392,1.701907,0.0,0.263916,0.317669,1.83075,0.862585,0.552419,0.0,0.452078,0.883493,0.901734,0.843427,0.0,1.231743,0.359814,0.238256,0.073452,0.760064,1.41167,0.60112,0.359958,0.040784,0.051199,0.013566,0.446134,0.003631,0.382293,0.68161,0.0,0.731242,0.972095,0.803143,0.549564,1.337128,0.0,1.499655,0.632834,1.271678,0.0,0.0,0.0
275,1.14928,1.270372,0.924645,0.716027,1.725632,2.151311,0.0,1.914745,0.0,0.324705,0.706596,1.367373,0.585488,0.284207,0.170919,0.685961,0.968315,0.512258,0.565045,0.0,0.70656,0.189752,0.256414,0.0,0.930571,0.899882,0.892507,0.362381,0.0,0.062449,0.0,0.401208,0.067131,0.128655,0.333145,0.0,0.761061,0.918631,0.259777,0.615659,0.990383,0.215099,1.828575,0.449114,0.838029,0.0,0.119575,0.0
276,0.91657,1.141727,0.842992,0.528123,1.864381,2.006508,0.0,1.858505,0.0,0.206979,0.790171,1.398369,0.204287,0.168978,0.027529,0.659444,0.553079,0.748984,0.627101,0.0,0.954786,0.080493,0.283327,0.0,0.713421,0.81101,0.775987,0.563172,0.0,0.0,0.283906,0.524947,0.003079,0.108627,0.451016,0.0,0.668989,1.106761,0.047042,0.477216,0.91294,0.223035,1.690991,0.337664,0.813632,0.0,0.065556,0.0
277,0.551658,0.727524,0.302836,0.511811,1.389552,1.664818,0.0,1.213069,0.201252,0.319709,0.831435,0.912097,0.138444,0.011105,0.18641,0.592364,0.7236,0.788888,0.428517,0.0,0.802797,0.0,0.72861,0.0,0.443369,0.66834,1.16284,0.754228,0.0,0.210454,0.172105,0.790419,0.042282,0.0,0.549223,0.0,0.216636,1.131728,0.236645,0.722534,0.443723,0.173629,1.371302,0.414613,0.791387,0.0,0.421999,0.0
278,0.075989,0.015223,0.122882,0.12762,0.933978,1.192172,0.0,0.591477,0.842096,0.105068,0.53925,0.766134,0.379485,0.029014,0.23937,0.415241,0.865865,0.930074,0.52391,0.0,1.015684,0.196369,1.01275,0.0,0.293892,0.486337,0.723382,0.978587,0.0,0.283031,0.639687,0.849703,0.029799,0.0,0.482479,0.0,0.0,0.959553,0.533237,1.097442,0.432176,0.218241,0.702247,0.652236,1.158097,0.0,0.0,0.0
279,0.0,0.0,0.004196,0.0,0.62713,0.876569,0.0,0.404796,0.820559,0.262064,0.499487,0.474952,0.504775,0.13405,0.538791,0.43107,1.091707,0.988055,0.345465,0.0,1.141542,0.284255,1.069904,0.005679,0.306002,0.390907,0.979004,0.925894,0.0,0.595722,0.548851,0.843776,0.10563,0.0,0.295967,0.0,0.0,0.903516,0.600413,1.230031,0.483875,0.228296,0.521784,0.659555,0.981065,0.0,0.102512,0.0
280,0.0,0.0,0.115451,0.0,0.532026,0.36727,0.0,0.339838,0.964186,0.546194,0.399029,0.624626,0.752514,0.299047,0.292394,0.19312,1.076046,1.402312,0.524062,0.0,1.55339,0.493008,0.993975,0.031946,0.032159,0.617025,0.841089,0.847329,0.165011,1.034699,0.639946,0.804595,0.006161,0.0,0.435587,0.0,0.192688,0.835649,0.702607,1.367603,0.875432,0.261464,0.412847,0.485522,0.640968,0.0,0.388332,0.0
281,0.251256,0.0,0.13342,0.0,0.733259,0.497937,0.0,0.348686,0.700628,0.550857,0.641144,0.777883,0.851477,0.394549,0.0,0.220507,0.967759,1.404837,0.461178,0.0,1.757032,0.0,0.914427,0.0,0.323282,0.959723,1.478615,0.8785,0.0,1.194671,0.026419,1.198014,0.048241,0.195504,0.727719,0.0,0.138039,1.482084,0.675207,1.039432,0.87453,0.0,0.729204,0.663898,0.626026,0.0,0.33773,0.0
282,0.812542,0.491156,0.956279,0.0,1.258908,0.0,0.0,0.998037,0.642974,0.774353,0.897121,1.399378,0.52441,0.505793,0.0,0.164392,0.362217,1.454135,0.809802,0.0,2.281757,0.574405,0.113624,0.195222,0.075193,1.490771,0.680464,0.56904,0.117221,1.189415,0.09355,1.030661,0.0,0.791919,0.577344,0.0,1.070025,1.66713,0.735614,0.629361,1.51597,0.142669,1.127227,0.703607,0.066252,0.0,0.497863,0.0
283,1.168246,1.094303,1.597618,0.0,1.74059,0.0,0.0,1.507109,1.051627,0.895422,1.030396,1.691901,0.621301,0.330478,0.0,0.040143,0.246026,1.435588,1.530576,0.0,2.928132,1.375886,0.0,0.473104,0.0,1.419132,0.0,0.192776,0.247906,0.897676,0.320073,0.808564,0.0,1.150627,0.211717,0.159475,1.974684,1.652431,0.849866,0.356314,2.250252,0.730939,1.694509,0.379839,0.0,0.0,0.368288,0.0
284,1.412154,1.247233,1.583733,0.0,1.670488,0.0,0.130071,1.617512,0.426891,0.798537,0.878126,1.932048,0.515993,0.736522,0.0,0.193971,0.0,1.539308,1.168187,0.0,2.678679,0.898614,0.0,0.376205,0.116113,1.79124,0.3316,0.229943,0.173616,1.044676,0.216889,0.943227,0.0,1.167069,0.648528,0.128299,1.528383,1.911347,0.890181,0.098232,2.143324,0.195291,1.543033,0.507516,0.024294,0.0,0.390835,0.0
285,1.785717,1.581505,2.060435,0.0,1.751202,0.336149,0.0,1.622574,0.0,1.003447,0.971095,1.67216,0.769751,1.07458,0.0,0.37363,0.249482,1.098675,1.056191,0.0,2.159462,0.987958,0.0,0.467832,0.323582,1.63681,0.661918,0.087302,0.0,1.081065,0.0,0.845048,0.0,1.138273,0.440597,0.470614,1.752536,1.647556,0.699678,0.00697,2.331814,0.297337,1.925963,0.52047,0.0,0.0,0.808353,0.0
286,1.361252,1.237634,1.068834,0.0,1.239666,0.625989,0.0,1.100285,0.218728,0.648793,0.752715,1.218799,0.657856,0.49852,0.0,0.393504,0.486116,1.172573,0.608259,0.0,1.575558,0.189495,0.303753,0.0,0.173185,1.018772,1.207656,0.180189,0.0,0.868849,0.0,1.154993,0.0,0.738574,0.927232,0.030434,0.687768,1.606038,0.665736,0.219837,1.281107,0.061912,1.316203,0.488366,0.385756,0.0,0.644181,0.0
287,1.247762,1.214671,0.947899,0.0,1.221129,0.418445,0.39241,0.957839,0.579757,0.438581,0.375864,1.2368,0.293595,0.104233,0.0,0.587178,0.239601,1.433255,0.637417,0.0,1.628038,0.411518,0.647415,0.0,0.0,0.594936,0.870275,0.099148,0.137474,0.520772,0.777914,0.906011,0.0,0.665082,0.956947,0.0,0.408798,1.405517,0.761411,0.15972,0.861225,0.311463,0.878826,0.393329,0.980874,0.0,0.493559,0.0
288,1.207327,1.115566,1.017185,0.0,1.151194,0.645576,0.415156,0.822624,0.72708,0.479508,0.265512,1.078696,0.501439,0.117492,0.0,0.584594,0.533588,1.345976,0.683584,0.0,1.529349,0.595642,0.949243,0.0,0.0,0.339741,0.718042,0.22184,0.111071,0.679806,0.852189,0.740254,0.0,0.439441,0.931077,0.0,0.374464,1.127317,0.831368,0.40119,0.951659,0.39921,0.787256,0.423004,1.067252,0.0,0.548615,0.0
289,1.105885,0.969179,1.103508,0.0,1.517496,0.734075,0.35588,0.712825,0.885173,0.52974,0.331516,1.04943,0.747798,0.32513,0.0,0.264493,0.780701,1.324944,0.953845,0.0,1.622622,0.565151,0.909837,0.024146,0.0,0.534824,0.727543,0.244739,0.0,0.958724,0.653724,0.7917,0.0,0.483921,0.914472,0.0,0.65908,1.282228,0.825943,0.565764,1.304014,0.410112,0.994917,0.227346,0.900793,0.0,0.474994,0.0
290,0.824568,0.624642,0.621542,0.0,1.254651,0.986402,0.087923,0.547169,0.638418,0.519019,0.323497,0.929666,0.700378,0.240682,0.0,0.170522,0.944234,1.172619,0.528684,0.0,1.34346,0.030104,0.993894,0.0,0.0,0.721147,1.358351,0.554474,0.0,1.082482,0.300813,1.254274,0.0,0.303861,0.865784,0.0,0.518025,1.5437,0.747007,0.71208,0.918648,0.239834,1.039255,0.251488,0.776696,0.0,0.689269,0.0
291,0.679057,0.382953,0.426421,0.0,1.369247,1.144054,0.143881,0.776337,0.129123,0.426795,0.49388,1.278248,0.326613,0.05397,0.0,0.227471,0.645294,1.256977,0.260407,0.0,1.458031,0.0,1.033956,0.0,0.061606,0.624417,1.657542,0.647471,0.0,0.944937,0.420899,1.258999,0.0,0.118327,0.560673,0.0,0.615646,1.614215,0.586139,0.653509,0.795223,0.021645,1.187817,0.199385,0.866607,0.0,0.585541,0.0
292,0.466612,0.174677,0.340402,0.0,1.021822,1.103424,0.090268,0.311386,0.481424,0.482252,0.160653,1.082942,1.041999,0.356151,0.149472,0.139557,1.113966,1.391933,0.507915,0.0,1.449151,0.476559,1.34359,0.0,0.0,0.645339,1.527837,0.567074,0.0,1.148557,0.638574,1.202508,0.0,0.0,0.355017,0.0,0.733743,1.273569,0.916186,1.221535,1.032656,0.12978,1.041672,0.330237,0.926921,0.0,0.482814,0.0
293,0.518513,0.147771,0.203415,0.0,1.369646,1.344986,0.0,0.392434,0.182451,0.719893,0.484191,1.081023,1.183468,0.400472,0.098494,0.0,1.350284,1.30335,0.497488,0.0,1.447533,0.162124,1.214497,0.0,0.05965,1.122628,2.058359,0.66623,0.0,1.374481,0.118262,1.377026,0.093861,0.11709,0.264248,0.0,1.076453,1.471068,0.877276,1.109533,1.122248,0.031536,1.444578,0.085246,0.526287,0.0,0.718492,0.0
294,0.451671,0.185867,0.156637,0.0,1.127498,1.348888,0.0,0.113112,0.262174,0.785053,0.066384,1.088727,1.749333,0.80952,0.285197,0.0,1.633766,1.494045,0.52308,0.0,1.566157,0.269261,1.454572,0.0,0.010642,1.419855,2.022715,0.742584,0.0,1.73827,0.158402,1.470125,0.274478,0.033416,0.428015,0.0,1.17674,1.393284,1.192581,1.429704,1.42451,0.040977,1.244459,0.093962,0.580086,0.0,0.803773,0.028949
295,0.419275,0.0,0.245138,0.0,1.311379,1.493897,0.0,0.276353,0.405123,0.627093,0.243914,1.316717,1.926475,0.902691,0.357601,0.0,1.767234,1.32437,0.805136,0.0,1.641801,0.144271,1.460267,0.0,0.196624,1.236583,1.807567,0.552619,0.0,1.628158,0.08882,1.281381,0.124843,0.130838,0.163704,0.0,1.228655,1.486519,1.366203,1.439377,1.51979,0.0,1.431709,0.202679,0.810208,0.0,0.245045,0.043074
296,0.623538,0.504721,0.714112,0.0,1.138419,1.180792,0.026755,0.466108,0.500202,0.647155,0.0,1.628933,1.502709,0.823944,0.223041,0.359069,1.09381,1.268246,0.417625,0.0,1.868111,0.655751,1.603918,0.0,0.08075,0.997809,1.131657,0.42114,0.0,1.032532,0.938344,0.732889,0.0,0.232234,0.482587,0.0,1.031628,1.238373,1.752668,1.276816,1.262776,0.0,0.949611,0.08583,1.49134,0.0,0.386235,0.0
297,0.70752,0.914577,0.412765,0.187762,1.078193,1.984916,0.0,0.526196,0.089523,1.060923,0.0,1.169994,1.568629,0.639259,0.741009,0.696236,1.688837,1.00663,0.049149,0.0,1.071993,0.310403,1.787264,0.0,0.602727,1.035033,1.75648,0.387812,0.0,1.196069,0.494693,0.605796,0.0,0.092909,0.51331,0.0,1.105457,0.922698,1.631318,0.784512,0.977061,0.013325,1.07813,0.0,1.17969,0.0,0.945696,0.0
298,0.745266,1.544645,0.476848,0.325147,0.536433,2.203224,0.0,0.32607,0.0,1.236853,0.0,0.809335,1.431244,0.549961,1.20683,1.279006,1.781752,0.838151,0.0,0.0,0.411309,0.732571,2.087007,0.0,0.823587,0.544191,1.745058,0.302694,0.0,0.932922,0.865014,0.159585,0.0,0.0,0.570528,0.0,0.876069,0.361654,1.751826,0.621844,0.71252,0.20752,0.771026,0.0,1.48055,0.0,1.374056,0.0
299,0.777712,1.796124,0.807544,0.440736,0.341557,2.358978,0.0,0.140632,0.130156,1.536667,0.0,0.390649,1.543048,0.803966,1.455861,1.188653,2.01565,0.311376,0.0,0.0,0.0,1.208329,1.71036,0.0,1.122724,0.645257,1.570881,0.193567,0.0,0.606984,0.921454,0.103143,0.0,0.293559,0.235015,0.0,1.025424,0.0,1.58449,0.540034,0.673615,0.690709,0.870868,0.0,1.143055,0.0,1.82396,0.0
300,0.824958,1.793189,1.369429,0.480601,0.195655,2.099999,0.0,0.180383,0.543373,1.260455,0.0,0.525216,1.187529,0.729123,1.309257,1.462995,1.473101,0.136726,0.0,0.0,0.024478,1.40231,1.552955,0.0,1.048301,0.245397,0.938584,0.0,0.092828,0.0,1.532206,0.0,0.0,0.49141,0.169005,0.0,0.841931,0.0,1.343646,0.216372,0.465924,0.81373,0.687976,0.0,1.257124,0.0,1.684132,0.0
301,1.065298,1.854005,2.047252,0.35485,0.152019,1.551191,0.0,0.390875,0.809073,0.892215,0.0,0.884675,1.179945,0.801219,0.825722,1.647553,0.930557,0.248891,0.510186,0.0,0.374956,1.252073,1.290945,0.0,0.92394,0.0,0.313735,0.0,0.51249,0.174134,2.024499,0.0,0.0,0.736374,0.617242,0.0,0.664727,0.067643,1.194957,0.0,0.654007,0.839976,0.418218,0.0,1.361553,0.0,1.226456,0.0
302,1.380883,1.785877,2.812559,0.0,0.645298,1.323493,0.0,0.848919,1.135538,1.178704,0.0,1.30978,1.410599,1.273117,0.289901,1.030843,0.667582,0.012506,1.601161,0.0,1.120315,1.49166,0.218204,0.0,0.992293,0.489039,0.0,0.0,0.930244,0.415564,1.536584,0.115464,0.0,1.207653,0.193803,0.0,1.316766,0.310148,1.088926,0.0,1.350505,1.128213,0.868281,0.0,0.554003,0.0,1.569386,0.0
303,1.244764,1.587143,2.466924,0.0,0.646462,1.383347,0.0,0.806751,1.14571,1.063073,0.27391,0.952761,1.026938,1.137109,0.388369,0.475962,0.761741,0.0,1.651888,0.0,0.995209,1.101056,0.165839,0.0,0.939384,0.79226,0.123297,0.027998,0.639088,0.0,1.008895,0.786096,0.0,1.193843,0.164069,0.0,1.140932,0.751368,0.6547,0.0,1.059404,1.203629,1.103002,0.018653,0.0,0.0,1.554779,0.0
304,1.49157,2.094341,2.594326,0.0,0.788745,1.400375,0.0,1.051478,0.996329,1.072254,0.203881,0.828629,0.71758,0.90704,0.146575,1.003439,0.308294,0.157361,1.586632,0.0,1.080662,1.160044,0.193867,0.0,0.80379,0.535314,0.36947,0.0,0.681146,0.0,1.484577,0.684211,0.0,1.202731,0.517864,0.0,0.945656,0.809432,0.581218,0.0,0.845606,1.291081,1.036572,0.0,0.014526,0.0,1.864686,0.0
305,1.365195,2.081385,2.7911,0.0,1.171173,1.101585,0.0,0.936143,1.289023,1.122276,0.345017,1.062494,0.862433,1.005903,0.0,0.573957,0.184864,0.223099,1.958536,0.0,1.391076,1.301705,0.0,0.050791,0.589817,1.110878,0.076881,0.0,0.638539,0.165136,1.244524,0.89653,0.0,1.312745,0.454544,0.0,1.282141,0.990251,0.759452,0.0,1.403388,1.362625,1.187945,0.110127,0.0,0.0,1.675519,0.0
306,1.31574,2.109534,2.284239,0.0,1.141902,0.836571,0.100966,0.938079,0.967063,0.758876,0.074861,1.138485,0.772762,0.754077,0.0,0.955946,0.0,0.735798,1.572358,0.0,1.342006,0.946739,0.321236,0.100345,0.34184,0.631705,0.385027,0.0,0.917528,0.441126,1.39063,0.535359,0.0,1.040494,1.083125,0.0,0.605385,0.882709,0.862809,0.0,1.121554,0.937431,0.65146,0.225298,0.629767,0.0,1.189033,0.0
307,1.192446,1.66865,1.573788,0.0,1.064161,0.829478,0.233657,1.081231,0.410655,0.433452,0.242613,1.013249,0.176824,0.375951,0.0,0.891083,0.0,0.836546,0.707023,0.0,1.072363,0.268696,0.316071,0.0,0.293238,0.679774,0.962329,0.189095,0.785832,0.300914,1.11815,0.672581,0.0,0.801484,1.281479,0.0,0.084357,1.100925,0.602643,0.0,0.449758,0.435036,0.61746,0.252399,0.861354,0.0,1.069173,0.0
308,0.734599,0.808916,0.799359,0.092393,0.827387,1.163516,0.140676,0.646135,0.637987,0.154236,0.573573,0.653216,0.219793,0.002692,0.0,0.590913,0.469869,0.718846,0.520813,0.0,0.659503,0.203218,0.917511,0.0,0.230938,0.0,0.742412,0.321232,0.310522,0.237488,0.795328,0.633603,0.0,0.055006,0.930456,0.0,0.0,0.87292,0.271473,0.383971,0.454861,0.471604,0.587744,0.479789,0.821928,0.0,0.426159,0.0
309,0.723556,0.743414,0.838677,0.0,1.262899,1.07549,0.184019,0.757248,0.652882,0.425107,0.502535,0.618757,0.550551,0.210512,0.0,0.270078,0.708854,0.913395,0.877106,0.0,0.937131,0.453393,0.690039,0.060727,0.072236,0.490849,0.594966,0.370027,0.22251,0.714771,0.516388,0.621185,0.0,0.069963,0.763918,0.0,0.29858,0.889136,0.200454,0.67616,0.867928,0.410888,0.851305,0.513845,0.72829,0.0,0.461155,0.0
310,0.178765,0.137128,0.230599,0.065555,1.434931,1.200185,0.250694,0.769022,0.691186,0.0,0.803225,0.804974,0.129108,0.0,0.0,0.201019,0.653346,1.128251,0.672259,0.0,1.085716,0.053776,0.811932,0.0,0.064402,0.548202,0.707421,0.715794,0.0,0.453198,0.442663,0.933876,0.0,0.0,0.851017,0.0,0.0,1.479375,0.0,0.675937,0.737176,0.178216,0.977512,0.455653,0.859853,0.0,0.0,0.0
311,0.153882,0.05093,0.014761,0.024059,1.372649,1.244413,0.0,0.665195,0.477512,0.129422,0.911645,0.669609,0.269439,0.0,0.0,0.081218,0.816158,0.891991,0.416194,0.0,1.000517,0.0,0.836512,0.0,0.219053,0.894879,1.248198,0.723561,0.0,0.817471,0.0,1.100975,0.067417,0.0,0.816973,0.0,0.015558,1.559948,0.0,0.893013,0.593024,0.019072,1.174509,0.358108,0.684378,0.0,0.219035,0.0
312,0.026384,0.0,0.009532,0.0,1.295449,1.287795,0.082519,0.466779,0.99349,0.0,0.840348,0.804204,0.632873,0.0,0.0,0.05911,1.013362,1.087584,0.726924,0.0,1.06132,0.0,0.940419,0.0,0.139595,0.6822,0.76118,0.703883,0.0,0.698342,0.228389,0.91371,0.126375,0.0,0.790181,0.0,0.0,1.490744,0.038753,0.984297,0.807749,0.112846,0.978262,0.532332,0.963818,0.0,0.0,0.0
313,0.451234,0.34123,0.681649,0.0,1.051647,0.811886,0.0,0.781052,0.625671,0.386676,0.587057,0.781593,0.66042,0.18166,0.0,0.118497,0.881685,0.811556,0.756134,0.0,1.025493,0.675347,0.421508,0.129232,0.208612,0.644452,0.342595,0.379135,0.307638,0.61443,0.291904,0.421309,0.0,0.105374,0.325212,0.0,0.4866,0.621116,0.182515,0.907109,0.920479,0.250412,0.772897,0.657218,0.691885,0.0,0.252287,0.0
314,0.652174,0.585213,0.92032,0.0,0.917185,0.720843,0.0,0.873829,0.623762,0.496731,0.460857,0.965127,0.633914,0.177548,0.0,0.101341,0.677181,0.62942,0.748186,0.0,1.052998,0.876494,0.215925,0.108347,0.313407,0.497778,0.084888,0.24689,0.608579,0.323893,0.393146,0.224736,0.0,0.182068,0.124344,0.0,0.62791,0.307209,0.411261,0.683893,0.938875,0.286355,0.649919,0.587536,0.690025,0.0,0.349782,0.0
315,0.787637,0.888754,0.799253,0.155831,0.946219,1.099407,0.0,0.862204,0.269263,0.140765,0.49162,0.878617,0.512109,0.151245,0.0,0.403824,0.727476,0.56409,0.446229,0.0,0.678737,0.296525,0.330703,0.0,0.4242,0.318923,0.605422,0.189918,0.29363,0.029085,0.204953,0.261453,0.0,0.172623,0.474118,0.0,0.295876,0.572715,0.305358,0.45258,0.666468,0.165741,0.831177,0.521889,0.798039,0.0,0.235553,0.0
316,1.12017,1.40817,1.332796,0.0,1.538412,0.915794,0.0,1.383298,0.0,0.211811,0.29749,1.414698,0.375857,0.494522,0.0,0.344396,0.126708,0.735314,0.642145,0.0,1.266816,0.174137,0.0,0.116809,0.534646,1.010042,0.493086,0.3014,0.4448,0.037628,0.338082,0.247333,0.0,0.603568,0.743535,0.0,0.535234,0.960865,0.514547,0.0,1.02169,0.0,0.98872,0.284808,0.898743,0.0,0.258134,0.0
317,1.143106,1.552737,1.309519,0.047975,1.320458,1.109104,0.0,1.317322,0.088299,0.336561,0.187781,1.123,0.395198,0.315969,0.0,0.502395,0.25941,0.557142,0.656827,0.0,0.983995,0.512954,0.0,0.034147,0.549666,0.560949,0.239147,0.10296,0.352999,0.0,0.725707,0.060616,0.0,0.448127,0.546337,0.0,0.590803,0.628066,0.465227,0.0,0.801772,0.264073,0.885502,0.158488,0.767345,0.0,0.32881,0.0
318,0.842744,1.092575,0.89727,0.320493,1.030272,1.324852,0.0,1.012123,0.216703,0.348178,0.270715,0.959826,0.578259,0.356067,0.112205,0.335843,0.650032,0.396653,0.547725,0.0,0.579855,0.239474,0.212643,0.0,0.576694,0.428687,0.48627,0.121919,0.251197,0.036757,0.389324,0.192133,0.0,0.199433,0.451031,0.0,0.418562,0.572717,0.476553,0.298295,0.755338,0.182515,0.833281,0.130161,0.678876,0.0,0.280147,0.0
319,0.736144,1.093621,0.815489,0.500296,0.932613,1.520619,0.0,0.836237,0.32022,0.287169,0.359124,0.645436,0.393902,0.211795,0.3271,0.590194,0.744863,0.354056,0.425706,0.0,0.459346,0.171611,0.604094,0.0,0.4827,0.042727,0.462513,0.087094,0.0,0.0,0.51752,0.094889,0.0,0.127725,0.404318,0.0,0.410297,0.595038,0.41573,0.274614,0.565003,0.281498,0.88789,0.052803,0.535205,0.0,0.373886,0.0
320,0.602963,0.987468,0.431528,0.415181,0.516657,1.493876,0.0,0.69731,0.0,0.641686,0.417784,0.339366,0.047408,0.02969,0.499734,0.691984,0.5931,0.441381,0.0,0.0,0.251026,0.0,0.88949,0.0,0.685757,0.064703,0.938031,0.421755,0.022637,0.0194,0.499243,0.170903,0.0,0.0,0.437278,0.0,0.013608,0.527181,0.399264,0.0,0.0,0.145896,0.526081,0.0,0.529846,0.0,0.860451,0.0
321,0.356947,0.626523,0.592001,0.0,0.157153,1.089425,0.0,0.19504,0.341518,0.831922,0.317358,0.18112,0.74966,0.32684,0.559341,0.294854,1.018423,0.375548,0.215476,0.0,0.284108,0.385954,0.581554,0.0,0.578328,0.328259,0.911088,0.394591,0.329381,0.334292,0.255262,0.300292,0.0,0.228447,0.333367,0.0,0.181878,0.37612,0.692488,0.424602,0.266957,0.373491,0.375343,0.0,0.281287,0.0,0.81288,0.0
322,0.293897,0.445594,1.141773,0.0,0.131817,0.357453,0.0,0.347703,1.060135,0.89133,0.074773,0.698565,0.996156,0.556388,0.336188,0.258923,0.584652,0.630709,0.693529,0.0,1.113777,0.808141,0.4309,0.0,0.301688,0.324646,0.150998,0.213797,0.809371,0.689866,0.862828,0.258814,0.0,0.572244,0.348983,0.0,0.413614,0.347499,1.126952,0.516637,0.728735,0.57443,0.0,0.007865,0.222843,0.0,0.792308,0.0
323,0.322425,0.670039,1.144752,0.0,0.065242,0.149659,0.0,0.434041,1.047678,1.019699,0.022379,0.491961,0.79916,0.44291,0.437493,0.627562,0.544324,0.877949,0.496945,0.0,1.410586,1.007157,0.533458,0.059356,0.266981,0.124401,0.396362,0.247476,0.870361,0.604021,1.269549,0.401676,0.0,0.55553,0.55279,0.0,0.273047,0.396969,1.371133,0.297483,0.545486,0.639673,0.0,0.0,0.147235,0.0,1.19163,0.0
324,0.642933,0.540477,1.300629,0.0,0.651225,0.0,0.0,0.426174,0.783314,1.279089,0.374422,0.731306,0.546118,0.527028,0.0,0.300918,0.46145,0.898339,0.456123,0.0,1.463239,0.721247,0.0,0.21507,0.27676,1.208383,0.814149,0.673189,0.583261,1.005288,0.734455,0.854698,0.0,0.895191,0.578533,0.0,0.748364,1.065409,1.280964,0.146545,0.658202,0.535459,0.155887,0.0,0.0,0.0,1.476294,0.0
325,0.349662,0.318066,0.489441,0.0,0.660486,0.025272,0.0,0.458827,0.439399,0.956238,0.370404,0.532506,0.19758,0.306336,0.030091,0.29373,0.604539,1.190433,0.099575,0.0,1.604171,0.0,0.436575,0.23489,0.33766,1.18895,1.43457,1.021146,0.461081,0.836457,0.52313,1.147316,0.091892,0.574845,0.985962,0.0,0.0,1.588163,1.21307,0.230723,0.204959,0.0508,0.0,0.0,0.0,0.0,1.08461,0.0
326,0.262612,0.0,0.505838,0.0,0.683066,0.0,0.0,0.719424,0.487039,0.731925,0.237431,0.77303,0.039755,0.239996,0.026808,0.401701,0.456334,1.318865,0.220214,0.0,1.736047,0.182968,0.458137,0.122999,0.573265,0.951476,1.015397,1.137388,0.666283,0.906495,0.793202,0.803611,0.0,0.305523,0.726306,0.0,0.0,1.190802,1.263704,0.439368,0.248949,0.178424,0.0,0.426664,0.482241,0.0,0.557282,0.0
327,0.0,0.0,0.118924,0.0,0.344723,0.203891,0.0,0.39458,0.94635,0.208294,0.331503,0.430989,0.623091,0.165658,0.553385,0.073618,1.160428,1.24559,0.414376,0.0,1.398581,0.249476,0.893216,0.0,0.491335,0.532475,0.723404,1.091014,0.614487,1.02062,0.740255,0.506341,0.364265,0.027117,0.681225,0.0,0.0,0.772108,0.942232,1.259813,0.670197,0.312753,0.0,0.734213,0.674589,0.0,0.0,0.0
328,0.0,0.0,0.517727,0.0,0.220236,0.0,0.0,0.697934,0.780472,0.273663,0.10363,0.485513,0.173401,0.061774,0.46511,0.473347,0.778266,1.209564,0.268831,0.0,1.439507,0.627398,0.75858,0.128564,0.849182,0.353663,0.357071,1.280774,0.834343,0.943346,1.296368,0.165466,0.09236,0.0,0.391727,0.0,0.0,0.294054,1.218767,0.964497,0.247166,0.572595,0.0,1.128477,1.249907,0.0,0.271442,0.0
329,0.0,0.019842,0.562742,0.0,0.495458,0.046694,0.0,0.650286,0.705617,0.0,0.328622,0.220506,0.117937,0.029746,0.650188,0.613057,0.814861,0.732279,0.218641,0.0,1.162497,0.403952,0.755711,0.162413,0.778532,0.22582,0.544859,1.047297,0.591408,0.587328,1.219847,0.222808,0.123979,0.0,0.489382,0.0,0.0,0.442383,0.855116,0.833287,0.169379,0.563054,0.0,0.927221,1.25816,0.0,0.269811,0.0
330,0.0,0.0,0.463168,0.0,0.482033,0.216334,0.0,0.607577,0.782117,0.0,0.269794,0.1755,0.022497,0.004193,0.628512,0.463053,0.892748,0.62515,0.371397,0.0,1.046566,0.397554,0.82584,0.050842,0.692358,0.382586,0.409003,1.100414,0.560785,0.451127,1.319572,0.431231,0.192687,0.0,0.567415,0.0,0.0,0.536887,0.699269,0.762106,0.027775,0.647742,0.0,0.829974,1.16466,0.0,0.357633,0.0
331,0.0,0.023264,0.762978,0.0,0.350184,0.137048,0.002282,0.892695,0.897149,0.131769,0.114168,0.476547,0.0,0.0,0.3664,0.484087,0.759174,0.699034,0.652276,0.0,1.074046,0.580151,0.812474,0.0,0.819249,0.377513,0.0,1.108279,0.668446,0.599264,1.654918,0.455265,0.0,0.156474,0.627516,0.0,0.003372,0.452681,0.808051,0.444103,0.0,0.73787,0.0,0.92703,1.14413,0.0,0.53146,0.0
332,0.035971,0.506024,0.974578,0.0,0.232086,0.54879,0.0,0.55281,0.539185,0.606595,0.0272,0.0708,0.0,0.094771,0.708587,0.862602,0.836891,0.373034,0.527897,0.0,0.436658,0.994811,0.74468,0.0,0.913216,0.089116,0.562731,0.692137,0.582362,0.127048,1.618165,0.654676,0.0,0.066633,0.216718,0.0,0.259738,0.069951,0.504012,0.292877,0.0,0.867071,0.0,0.491615,0.8295,0.0,1.301771,0.0
333,0.198572,0.562275,1.377148,0.118618,0.591519,0.870684,0.015216,0.780025,0.60298,0.436376,0.190783,0.300503,0.0,0.241493,0.473366,0.878556,0.644654,0.182169,0.861163,0.0,0.663288,0.717073,0.590676,0.0,0.80153,0.06876,0.354667,0.424156,0.462008,0.0,1.521347,0.93203,0.0,0.351466,0.357813,0.0,0.608338,0.396775,0.174927,0.0,0.0,0.864957,0.08224,0.322642,0.365273,0.0,1.226353,0.0
334,0.170455,0.366404,1.484504,0.388768,0.609562,1.280967,0.0,0.413812,0.849683,0.51736,0.40285,0.319404,0.439373,0.497011,0.532639,0.264236,1.163285,0.03648,1.388576,0.0,0.34085,0.837718,0.537506,0.0,0.563906,0.208379,0.176542,0.259664,0.516025,0.273328,0.975857,0.945797,0.0,0.661896,0.230691,0.0,0.950997,0.380398,0.0,0.345598,0.29781,1.025606,0.55722,0.21376,0.0,0.0,0.967216,0.0
335,0.341789,0.865216,1.685971,0.226149,0.188076,1.342901,0.0,0.350957,0.8069,1.17108,0.145636,0.119453,0.210004,0.417005,0.625299,0.914087,0.865548,0.0,1.148059,0.0,0.107536,1.409283,0.530091,0.0,0.751665,0.102548,0.426075,0.223754,0.65275,0.038479,1.424945,0.969818,0.0,0.66936,0.029735,0.0,0.818854,0.012347,0.084587,0.095492,0.0,1.120379,0.486042,0.0,0.0,0.0,1.860295,0.0
336,0.369503,0.729223,1.707057,0.313996,0.602515,1.549989,0.051502,0.545792,0.817008,0.797636,0.234122,0.437932,0.279965,0.503142,0.537394,0.665808,0.784045,0.032532,1.611789,0.0,0.5729,1.140103,0.489641,0.0,0.544375,0.258119,0.072942,0.188949,0.448119,0.086746,1.350719,1.162964,0.0,0.780139,0.180426,0.0,1.044013,0.499595,0.0,0.0,0.225405,1.063224,0.748943,0.0,0.0,0.0,1.227095,0.0
337,0.367093,0.765024,1.417851,0.346329,0.449477,1.569432,0.07395,0.494014,0.793254,1.079766,0.457101,0.216185,0.013937,0.458277,0.661809,0.619036,0.844553,0.0,1.343956,0.0,0.281127,1.177747,0.334547,0.0,0.598233,0.655456,0.406163,0.368752,0.35502,0.0,1.281619,1.402118,0.055183,0.825172,0.003485,0.0,0.863709,0.517193,0.0,0.0,0.0,0.933325,0.712639,0.0,0.0,0.0,1.663868,0.0
338,0.361116,0.636838,0.911764,0.723699,0.566357,1.991239,0.0,0.529095,0.523503,0.931865,0.792316,0.0,0.0,0.38367,0.631782,0.511729,1.242533,0.0,1.29512,0.0,0.0,0.864666,0.743657,0.0,0.644491,0.371603,0.528958,0.343906,0.04603,0.0,0.947009,1.306633,0.146299,0.646476,0.000467,0.0,0.872339,0.55849,0.0,0.295249,0.0,0.660322,0.99938,0.0,0.0,0.0,1.257029,0.0
339,0.525191,0.659102,0.999411,0.619266,0.586308,1.858203,0.0,1.016271,0.204186,1.081194,0.969766,0.223557,0.0,0.466735,0.453305,0.558625,1.045807,0.0,1.176694,0.0,0.058111,0.946377,0.311548,0.0,0.830592,0.649512,0.667627,0.407827,0.231034,0.055637,1.01199,1.078611,0.109765,0.621017,0.0,0.0,0.853448,0.509044,0.0,0.100065,0.042929,0.413121,0.833933,0.0,0.0,0.0,1.417362,0.0
340,0.575856,0.681881,1.274237,0.279447,0.641361,1.436899,0.052486,1.440665,0.099232,0.998804,1.042455,0.744245,0.0,0.479357,0.2786,0.678647,0.54614,0.070701,1.265155,0.0,0.452754,0.980845,0.0,0.0,0.897301,0.861767,0.591837,0.472029,0.479263,0.19548,1.302903,0.956892,0.0,0.639815,0.196727,0.0,0.832059,0.730435,0.0,0.0,0.167169,0.2377,0.535709,0.0,0.0,0.112193,1.192185,0.0
341,0.642494,0.745894,1.266814,0.188913,0.476664,1.160114,0.093392,1.562615,0.135734,1.111295,0.993411,0.811445,0.0,0.447051,0.29606,0.813277,0.398625,0.184911,1.187393,0.0,0.478598,1.114826,0.0,0.0,0.926335,0.936369,0.615626,0.457354,0.608949,0.249361,1.446536,0.837763,0.0,0.560151,0.206057,0.0,0.740691,0.68012,0.041947,0.0,0.01981,0.237609,0.391562,0.0,0.0,0.175094,1.331518,0.0
342,0.588253,0.733279,1.099053,0.25371,0.577448,1.256302,0.0,1.097719,0.310897,1.124955,1.257192,0.488251,0.0,0.551169,0.307305,0.534804,0.689849,0.078706,1.164127,0.0,0.335984,0.973192,0.0,0.0,0.754063,1.237421,0.762057,0.491092,0.305222,0.153886,1.186088,1.209549,0.0,0.674615,0.020356,0.146679,0.843387,0.803812,0.0,0.0,0.081906,0.267497,0.707364,0.0,0.0,0.0,1.458797,0.0
343,0.289056,0.828011,0.992173,0.355058,0.658941,1.211163,0.0,0.906762,1.108549,0.857661,1.002985,0.32804,0.016039,0.303006,0.581119,0.277002,0.800275,0.219796,1.590006,0.0,0.775821,1.162591,0.124718,0.0,0.531798,1.025773,0.131286,0.327334,0.412792,0.0,1.070043,1.473191,0.0,0.615744,0.0,0.0,0.975629,0.784426,0.048481,0.130053,0.182824,0.552482,0.691791,0.0,0.0,0.1236,1.008977,0.0
344,0.557512,1.046525,0.973612,0.453767,0.81407,1.422121,0.0,0.837821,0.79728,0.660864,1.089682,0.159067,0.11465,0.388355,0.473405,0.599335,0.859973,0.164259,1.513719,0.0,0.492906,0.934397,0.384704,0.0,0.564346,0.476895,0.370508,0.005835,0.068396,0.0,0.95286,1.199641,0.0,0.419733,0.167016,0.0,0.897385,0.750273,0.0,0.196598,0.294979,0.585226,0.957573,0.0,0.0,0.0,0.855003,0.0
345,0.836277,1.093382,1.208699,0.470234,0.92424,1.42341,0.0,1.166951,0.359273,0.791193,1.250476,0.388476,0.306208,0.616333,0.121128,0.562096,0.820658,0.02263,1.186077,0.0,0.296154,0.903448,0.0,0.0,0.835101,0.817568,0.695755,0.066385,0.117846,0.037442,0.828947,0.897694,0.0,0.473055,0.093325,0.277466,0.979412,0.64698,0.0,0.199868,0.723777,0.44162,1.175337,0.061568,0.0,0.0,1.198342,0.0
346,1.158853,1.651838,1.773776,0.0,1.263444,0.915331,0.0,1.790674,0.253421,0.476126,0.950581,1.159308,0.198402,0.64465,0.0,0.848742,0.0,0.456224,1.409387,0.0,1.129581,0.885326,0.0,0.051096,1.071182,0.759707,0.446003,0.0,0.539846,0.0,1.394067,0.650363,0.0,0.535382,0.630977,0.150104,0.857567,0.836327,0.297577,0.0,0.935417,0.30674,0.832516,0.254288,0.218248,0.0,0.635501,0.0
347,1.685313,2.107162,2.370857,0.0,1.898697,0.736089,0.0,2.200597,0.164432,0.623851,1.037021,1.512697,0.076275,0.91051,0.0,0.651326,0.0,0.501048,1.634448,0.0,1.685873,1.13293,0.0,0.432333,1.150256,1.361127,0.087711,0.041298,0.426225,0.0,1.363989,0.57814,0.0,0.809928,0.4422,0.463875,1.454222,1.126743,0.435342,0.0,1.504465,0.443896,1.359749,0.428829,0.0,0.0,0.837149,0.0
348,1.665253,2.012951,2.20888,0.0,1.573938,0.050089,0.0,2.136487,0.167076,0.581743,0.705351,1.655955,0.177406,0.919304,0.0,0.703607,0.0,0.795749,1.378099,0.0,1.690496,1.082355,0.0,0.438612,1.208645,1.586891,0.247373,0.10904,0.759396,0.182034,1.393729,0.501414,0.0,0.72415,0.792874,0.130939,1.07891,0.951874,0.908817,0.0,1.322695,0.346606,0.797572,0.718094,0.464513,0.0,0.67543,0.0
349,1.230282,1.573674,1.463713,0.0,1.248093,0.311602,0.0,1.749889,0.508348,0.384227,0.77361,1.180191,0.284126,0.375882,0.0,0.524842,0.159225,0.769446,1.150591,0.0,1.424664,0.793409,0.0,0.183617,1.057024,0.91144,0.246803,0.143184,0.691779,0.00487,1.130979,0.604237,0.0,0.472327,0.782754,0.026395,0.546205,0.773287,0.741548,0.0,0.87766,0.351762,0.574312,0.643215,0.528591,0.0,0.377706,0.0
350,1.082223,1.34525,1.420683,0.0,1.354683,0.054619,0.09435,1.582468,0.461829,0.194194,0.636091,1.46095,0.172665,0.440364,0.0,0.455337,0.0,1.073204,1.076268,0.0,1.585452,0.403085,0.0,0.090905,0.973582,1.334494,0.279514,0.322016,0.589787,0.191586,1.061365,0.646439,0.0,0.618968,1.048694,0.0,0.414744,1.012817,0.776029,0.0,0.873121,0.142504,0.521676,0.715985,0.812871,0.0,0.104791,0.0
351,0.701465,0.999811,0.633136,0.019109,1.171232,0.416158,0.0,0.800802,0.729852,0.008982,0.755554,0.887694,0.29383,0.207583,0.0,0.199734,0.482972,0.890212,0.862251,0.0,1.006637,0.0,0.328209,0.0,0.552021,1.088736,0.668783,0.1616,0.165321,0.0,0.471246,0.899038,0.0,0.50162,1.066668,0.0,0.134841,1.0638,0.492795,0.176733,0.559544,0.0,0.756465,0.541794,0.601335,0.0,0.093243,0.0
352,0.695399,0.92588,0.858564,0.302453,1.045711,1.025016,0.0,0.74771,0.665687,0.24891,1.007908,0.534728,0.540304,0.177948,0.0,0.194317,0.788691,0.316046,0.92631,0.0,0.556209,0.303291,0.174804,0.0,0.568324,0.449897,0.506386,0.0,0.0253,0.0,0.242137,0.482426,0.0,0.335047,0.418277,0.0,0.736799,0.677565,0.083082,0.323432,0.780903,0.360425,1.094049,0.332146,0.107459,0.0,0.299133,0.0
353,1.068843,1.537797,1.592556,0.0,1.261775,0.796907,0.0,1.175082,0.282219,0.481517,0.588495,0.948817,0.440226,0.574202,0.0,0.48519,0.269005,0.391635,1.033552,0.0,1.033284,0.795348,0.0,0.111394,0.615001,0.849765,0.195228,0.0,0.366451,0.0,0.760079,0.150841,0.0,0.626038,0.441494,0.043708,1.069747,0.640187,0.377025,0.0,1.107713,0.310101,1.101413,0.237309,0.24267,0.0,0.576332,0.0
354,1.039108,1.529187,1.775011,0.152056,0.982087,1.022246,0.0,1.276917,0.296058,0.563772,0.450886,1.025675,0.648583,0.532887,0.0,0.733822,0.249433,0.262317,1.098103,0.0,0.883608,1.03339,0.0,0.089405,0.876166,0.379123,0.049526,0.0,0.530725,0.012807,1.031484,0.0,0.0,0.46789,0.268545,0.0,0.977746,0.422745,0.436853,0.0,1.108592,0.422906,0.897238,0.202789,0.439422,0.0,0.525995,0.0
355,1.014736,1.460798,1.684789,0.277774,0.875986,1.165575,0.0,1.08017,0.559201,0.754211,0.460342,0.863356,0.773609,0.825845,0.250733,0.436378,0.632658,0.054881,1.294184,0.0,0.592744,1.206425,0.0,0.0,0.892259,0.878841,0.09998,0.0,0.470251,0.0,0.927817,0.250958,0.0,0.511494,0.02663,0.0,1.15216,0.30803,0.446508,0.093282,1.121493,0.476865,0.985114,0.153726,0.174641,0.0,0.833826,0.0
356,1.107392,1.472128,1.148226,0.675446,0.833242,1.904283,0.0,1.164206,0.169814,0.888874,0.804483,0.426921,0.400633,0.570496,0.515455,0.559785,1.038815,0.000139,0.942935,0.0,0.0,0.864755,0.26523,0.0,1.225887,0.588013,0.71851,0.042566,0.168378,0.0,0.777264,0.290761,0.0,0.356659,0.0,0.0,0.910728,0.141029,0.039661,0.058808,0.565931,0.408213,1.136103,0.0,0.0,0.0,1.141976,0.0
357,1.158954,1.563099,1.014556,0.810259,1.044624,2.181032,0.0,1.322574,0.126931,0.66372,0.942782,0.456853,0.106749,0.435354,0.691494,0.479195,1.066074,0.130508,0.931951,0.0,0.070227,0.632563,0.582723,0.0,1.219511,0.438032,0.579108,0.166248,0.0,0.0,0.857691,0.532264,0.0,0.273035,0.0,0.0,0.925265,0.421522,0.0,0.0,0.448398,0.349474,1.275333,0.0,0.0,0.0,1.09095,0.0
358,1.3428,1.825246,1.894367,0.385044,1.360897,1.755019,0.0,1.772307,0.252888,0.651021,0.557576,1.032883,0.403631,0.605697,0.345931,0.746871,0.722891,0.10158,1.282131,0.0,0.672495,1.156333,0.0,0.0,1.313062,0.56206,0.040978,0.017151,0.301175,0.0,1.402874,0.244039,0.0,0.410955,0.007033,0.0,1.164151,0.350371,0.255735,0.0,0.947766,0.536793,1.013107,0.066493,0.228396,0.0,0.943163,0.0
359,1.096618,1.639721,1.541411,0.2575,1.40472,1.047949,0.074134,1.409693,0.65245,0.227995,0.117794,1.456806,0.501743,0.442038,0.196739,0.489061,0.405519,0.488229,1.369419,0.0,1.051298,0.716144,0.185022,0.0,1.054019,0.939798,0.051167,0.092871,0.627072,0.0,1.648307,0.55614,0.0,0.361338,0.676829,0.0,0.641276,0.634998,0.687525,0.0,0.793271,0.312685,0.448652,0.15571,1.159006,0.0,0.237994,0.0
360,1.220655,1.530959,1.366928,0.606802,1.221371,1.283923,0.0,1.62696,0.063946,0.116748,0.226892,1.353043,0.212366,0.414895,0.42671,0.871551,0.787749,0.444005,0.585106,0.0,0.62139,0.291514,0.368275,0.0,1.339133,0.512822,0.575979,0.22692,0.548065,0.038245,1.473116,0.270518,0.0,0.109591,0.888523,0.0,0.354113,0.504108,0.613221,0.0,0.389983,0.156381,0.395153,0.164231,1.281873,0.0,0.55845,0.0
361,1.108365,1.747502,1.242239,0.702724,1.039928,1.512446,0.0,1.284686,0.203445,0.222021,0.103307,0.768692,0.269741,0.181114,0.835515,1.217604,1.171654,0.24604,0.275429,0.0,0.345404,0.663736,0.978767,0.0,1.388876,0.081208,0.490955,0.161821,0.361842,0.0,1.541367,0.0,0.0,0.0,0.638215,0.0,0.452263,0.056424,0.719891,0.0,0.11253,0.392625,0.390282,0.249105,1.440767,0.0,0.694634,0.0
362,0.812516,1.103912,1.006388,0.689622,0.937469,1.498834,0.0,0.904219,0.603951,0.000332,0.250634,0.906692,0.676249,0.275827,1.075922,0.727021,1.609497,0.162081,0.462892,0.0,0.428856,0.504669,1.096798,0.0,1.298837,0.109052,0.190377,0.237399,0.248634,0.073652,1.451245,0.0,0.0,0.0,0.382445,0.0,0.566767,0.152392,0.893971,0.467026,0.419857,0.418195,0.353625,0.397378,1.644565,0.0,0.177641,0.0
363,0.938335,1.335567,0.848988,0.718246,0.526904,1.627284,0.0,0.949353,0.084449,0.565145,0.113579,0.588006,0.446114,0.108527,1.590786,1.253533,1.861036,0.160528,0.0,0.0,0.0,0.870806,1.38636,0.0,1.819909,0.067814,0.68544,0.242783,0.180827,0.348979,1.441856,0.0,0.0,0.0,0.029854,0.0,0.717156,0.0,0.941076,0.45632,0.055952,0.580826,0.23431,0.259482,1.882059,0.0,0.82347,0.0
364,0.801188,1.061031,0.899185,0.37772,0.349226,1.433321,0.0,0.701681,0.45448,0.72339,0.120235,0.618098,0.913134,0.385268,1.675814,1.032211,2.166168,0.152618,0.065647,0.0,0.0,1.068877,1.269075,0.0,1.781629,0.27226,0.541834,0.194752,0.318157,0.638869,1.586275,0.0,0.0,0.0,0.0,0.0,0.90091,0.0,1.281929,0.82148,0.356359,0.664258,0.138372,0.110295,1.934739,0.0,0.802996,0.0
365,0.903942,0.972381,0.641999,0.30097,0.375875,1.372131,0.0,0.876133,0.199226,0.836846,0.146242,0.590141,0.550054,0.213565,1.702134,1.201973,2.23915,0.241325,0.0,0.0,0.0,1.04301,1.262634,0.0,1.941898,0.451411,0.801275,0.355552,0.251355,0.527015,1.618182,0.0,0.0,0.0,0.0,0.0,0.862692,0.0,1.435608,0.533342,0.004925,0.575274,0.068566,0.0,1.879562,0.0,0.959215,0.0
366,1.067283,0.954123,0.567128,0.434466,0.642982,1.648835,0.0,1.471969,0.0,0.759696,0.415204,0.863933,0.186586,0.130937,1.506365,1.326409,1.959781,0.286713,0.0,0.0,0.197654,0.669493,1.365077,0.0,2.012844,0.507695,0.733573,0.517461,0.073104,0.549413,1.638304,0.0,0.0,0.0,0.0,0.0,0.847466,0.0,1.300352,0.188109,0.0,0.33607,0.134547,0.0,1.639573,0.0,0.963565,0.0
367,0.726875,1.110628,0.266173,0.597317,0.341271,1.809735,0.0,1.147128,0.0,0.709914,0.410124,0.400351,0.218557,0.0,1.843604,1.560732,2.107374,0.392788,0.0,0.0,0.0,0.842801,1.770277,0.0,1.874619,0.220141,0.82392,0.563032,0.10094,0.398711,1.893277,0.0,0.0,0.0,0.189493,0.0,0.359539,0.0,1.244206,0.435606,0.0,0.392495,0.0,0.0,1.631609,0.0,0.774566,0.0
368,0.679675,0.944366,0.046984,0.651566,0.450809,1.995999,0.0,1.212948,0.0,0.810711,0.541379,0.453395,0.187554,0.141082,1.695372,1.312997,2.021221,0.421347,0.0,0.0,0.0,0.618847,1.700835,0.0,1.826682,0.471708,0.945033,0.513078,0.0,0.47947,1.445829,0.0,0.0,0.0,0.096261,0.0,0.493646,0.0,1.127004,0.541078,0.0,0.285681,0.121164,0.0,1.29188,0.0,0.794868,0.0
369,0.740721,0.960237,0.033937,0.859847,0.660508,2.247504,0.0,1.328623,0.0,0.818099,0.563752,0.61381,0.235906,0.179535,1.462297,1.262652,1.968824,0.436117,0.0,0.0,0.0,0.323695,1.538949,0.0,1.767154,0.486911,0.975011,0.466074,0.0,0.735091,1.159136,0.042572,0.0,0.0,0.344676,0.0,0.521104,0.0,0.932835,0.519582,0.0,0.220442,0.294757,0.0,1.028846,0.0,0.822296,0.0
370,0.683569,0.594147,0.0,0.622262,0.563458,2.151877,0.0,1.229218,0.0,0.960755,0.659355,0.539908,0.326641,0.372211,1.284035,0.839647,1.832536,0.379235,0.0,0.0,0.122564,0.283249,1.416303,0.0,1.647007,0.783036,0.950936,0.521439,0.0,0.701836,0.900882,0.308239,0.0,0.0,0.059789,0.0,0.645249,0.0,0.915487,0.636573,0.0,0.133937,0.449273,0.0,0.706673,0.0,0.862589,0.0
371,0.765103,0.380067,0.0,0.547185,0.643815,2.207093,0.0,1.103292,0.015615,1.174188,0.749563,0.449497,0.496547,0.447262,1.084948,0.31254,2.009398,0.25014,0.188873,0.0,0.147935,0.137348,1.006908,0.0,1.592869,1.231111,1.088056,0.671215,0.0,0.809972,0.497219,0.633826,0.0,0.0,0.0,0.0,0.784832,0.034863,0.824375,0.607233,0.036645,0.137674,0.702569,0.0,0.176244,0.0,1.124741,0.0
372,0.708587,1.073859,0.559255,0.304489,0.554602,2.011038,0.0,0.99561,0.399625,1.231995,0.590155,0.165923,0.353094,0.353918,1.236553,1.030052,1.566991,0.150913,0.085871,0.0,0.237819,0.863847,0.878054,0.0,1.501583,0.656961,0.93191,0.366857,0.106592,0.14119,1.365977,0.611607,0.0,0.0,0.0,0.0,0.661182,0.0,1.043331,0.213501,0.0,0.386558,0.270991,0.0,0.262345,0.0,1.38642,0.0
373,0.654802,1.138306,0.252029,0.389232,0.126783,1.718594,0.0,0.808914,0.0,1.283306,0.456759,0.011291,0.081289,0.0,1.278801,1.263642,1.450209,0.470403,0.0,0.0,0.0,0.915185,1.098144,0.0,1.422735,0.257799,1.393236,0.418007,0.329096,0.434664,1.533104,0.254287,0.0,0.0,0.324933,0.0,0.212015,0.0,0.928157,0.093914,0.0,0.290971,0.0,0.0,0.665907,0.0,1.522632,0.0
374,0.689268,0.724088,0.574608,0.111288,0.281468,1.084533,0.0,1.0808,0.156588,0.706501,0.459888,0.559759,0.0,0.045383,0.699287,1.00287,0.815934,0.482189,0.01344,0.0,0.45484,0.452369,0.706367,0.0,1.003863,0.281958,0.833317,0.431241,0.474774,0.462899,1.584974,0.290041,0.0,0.0,0.599285,0.0,0.0,0.135945,0.840759,0.0,0.0,0.090477,0.0,0.0,0.72521,0.0,0.821669,0.0
375,0.643776,0.744015,0.620603,0.004467,0.721789,0.78968,0.0,0.896014,0.441792,0.543305,0.448519,0.769657,0.050531,0.163119,0.321556,0.538852,0.618481,0.499881,0.458716,0.0,0.766284,0.13097,0.448862,0.0,0.593305,0.62575,0.660925,0.374137,0.58398,0.436228,1.197748,0.528147,0.0,0.164951,0.797661,0.0,0.068082,0.535675,0.703021,0.126969,0.0,0.0,0.0,0.0,0.511661,0.0,0.572871,0.0
376,0.319514,0.324609,0.207129,0.272506,0.492594,1.131428,0.0,0.567902,0.533332,0.380996,0.667423,0.300319,0.189757,0.161604,0.470655,0.282743,0.957427,0.270371,0.577164,0.0,0.424132,0.088261,0.561647,0.0,0.554776,0.402612,0.709688,0.402707,0.327311,0.390082,0.724163,0.776852,0.0,0.073365,0.428747,0.0,0.101449,0.565628,0.347802,0.408021,0.0,0.083437,0.209981,0.0,0.105431,0.0,0.469916,0.0
377,0.359678,0.530127,0.67438,0.23229,0.84929,1.282317,0.0,0.695769,0.545534,0.551203,0.779257,0.378679,0.251337,0.190927,0.21087,0.143888,0.834688,0.138705,0.850706,0.0,0.554262,0.587608,0.0,0.0,0.584468,0.640259,0.430879,0.402833,0.345525,0.342662,0.544387,0.77942,0.0,0.244339,0.007056,0.0,0.617576,0.47907,0.121085,0.24876,0.421341,0.308677,0.541407,0.0,0.0,0.0,0.712751,0.0
378,0.297158,0.552099,0.280368,0.22379,0.656565,1.115627,0.054346,0.712769,0.515998,0.422062,0.661729,0.453048,0.0,0.039758,0.227715,0.334751,0.462948,0.427278,0.762661,0.0,0.491345,0.364319,0.456661,0.0,0.470421,0.659924,0.548035,0.46372,0.309413,0.242044,0.856662,0.875493,0.0,0.159061,0.544655,0.0,0.069692,0.734433,0.06368,0.192695,0.0,0.116547,0.293736,0.0,0.053688,0.0,0.51549,0.0
379,0.518748,0.731972,0.496253,0.312588,0.755179,1.662449,0.0,1.052968,0.135674,0.776343,0.859654,0.244924,0.0,0.160775,0.258688,0.477923,0.693083,0.208736,0.676645,0.0,0.226607,0.593468,0.192949,0.0,0.825601,0.645967,0.686249,0.504326,0.081835,0.108372,0.64255,0.682689,0.022045,0.175377,0.055977,0.0,0.484494,0.493907,0.0,0.121383,0.084364,0.277175,0.730191,0.0,0.0,0.0,1.032887,0.0
380,0.528458,0.773252,0.255327,0.672733,0.896571,1.9562,0.056647,1.108021,0.146578,0.331867,0.961842,0.401152,0.0,0.153911,0.402373,0.614902,0.608701,0.483633,0.728947,0.0,0.244888,0.138508,0.82308,0.0,0.729783,0.216859,0.670387,0.471702,0.0,0.048346,0.82894,0.718111,0.151088,0.132742,0.474773,0.0,0.278316,0.802416,0.0,0.13466,0.114422,0.086407,0.873709,0.0,0.0,0.0,0.606226,0.0
381,0.601344,0.873108,0.504838,0.599832,0.695652,1.708357,0.039381,1.086226,0.105902,0.581828,0.82064,0.540279,0.078926,0.259478,0.267142,0.682068,0.636526,0.318024,0.66175,0.0,0.036919,0.269753,0.538886,0.0,0.776992,0.450038,0.920718,0.361825,0.075369,0.366545,0.799199,0.601484,0.0,0.183545,0.667833,0.0,0.22225,0.581232,0.0,0.246605,0.161437,0.099918,0.703627,0.0,0.0,0.0,0.739344,0.0
382,0.904348,0.92916,0.943914,0.385644,0.801277,2.09549,0.0,1.198159,0.0,1.031946,0.968012,0.507287,0.297502,0.616411,0.225829,0.266786,0.764739,0.0,0.776192,0.0,0.124548,0.503338,0.0,0.0,1.066119,1.081115,0.93832,0.525223,0.0,0.290557,0.333538,0.669601,0.0,0.513106,0.0,0.042954,0.932988,0.56823,0.002348,0.006215,0.552554,0.313072,1.401471,0.0,0.0,0.0,1.265067,0.0
383,0.947523,1.438916,1.628839,0.050897,1.040844,1.58644,0.0,1.046004,0.452697,0.904383,0.587858,0.959422,0.481971,0.673195,0.085207,0.43455,0.215765,0.050687,1.100986,0.0,0.730015,0.925532,0.0,0.0,0.592696,1.110571,0.435071,0.138909,0.191174,0.045672,0.93188,0.50746,0.0,0.847818,0.091754,0.0,1.063019,0.671739,0.334777,0.0,0.973565,0.419174,1.309878,0.0,0.0,0.0,0.966615,0.0
384,0.729055,1.510653,1.348551,0.192556,0.852591,1.376063,0.001738,0.324109,1.118971,0.695918,0.159171,0.802977,0.913307,0.643626,0.342825,0.51405,0.436578,0.26228,1.419093,0.0,0.770421,0.912826,0.530312,0.0,0.090339,0.664315,0.187454,0.0,0.184273,0.026815,0.943048,0.516145,0.0,0.826157,0.565768,0.0,0.867829,0.607181,0.520226,0.281138,0.983775,0.584129,1.099606,0.0,0.262003,0.0,0.516365,0.0
385,0.785041,1.315398,1.675742,0.350925,0.86968,1.99086,0.0,0.484819,0.677476,0.979169,0.394938,0.676011,1.21618,0.875387,0.360711,0.308126,0.79482,0.0,1.379926,0.0,0.551031,1.142603,0.220252,0.0,0.513153,0.698884,0.13794,0.0,0.0,0.208983,0.551075,0.27096,0.0,1.013653,0.0,0.0,1.298828,0.282676,0.228345,0.348539,1.352421,0.708544,1.670595,0.0,0.0,0.0,0.720894,0.0
386,0.960463,1.195692,1.105319,0.774184,0.623407,2.571298,0.0,0.728957,0.0,1.100717,0.293843,0.438027,0.867709,0.615169,0.304056,0.692736,1.01723,0.0,0.65146,0.0,0.0,0.657445,0.652682,0.0,0.784057,0.586926,0.746995,0.0,0.0,0.414993,0.405847,0.0,0.0,0.974291,0.213898,0.0,1.054764,0.034882,0.0,0.209232,0.723309,0.360752,1.731108,0.0,0.0,0.0,1.113462,0.0
387,0.746771,1.032488,1.210398,0.55281,0.48482,2.564299,0.0,0.481062,0.178303,1.292544,0.311198,0.284763,0.751402,0.542319,0.539107,0.633352,0.966264,0.0,0.646552,0.0,0.0,1.097401,0.569224,0.0,0.942734,0.522951,0.584501,0.092743,0.0,0.041357,0.640033,0.216975,0.0,0.940675,0.0,0.0,1.165455,0.0,0.0,0.184878,0.549127,0.599691,1.625456,0.0,0.0,0.0,1.300742,0.0
388,0.490498,0.685946,0.892783,0.55462,0.328669,2.440522,0.0,0.0,0.510866,1.602159,0.420259,0.0,0.951803,0.634973,0.728768,0.254169,1.57438,0.0,0.749308,0.0,0.0,1.067225,0.532061,0.0,1.060185,0.964333,0.793784,0.327388,0.0,0.272644,0.165257,0.671595,0.0,0.964392,0.0,0.0,1.245494,0.0,0.194421,0.578227,0.384769,0.766292,1.618589,0.0,0.0,0.0,1.511822,0.0
389,0.381122,0.291675,0.575754,0.591904,0.413763,2.140887,0.0,0.427077,0.266503,1.132941,0.357131,0.358446,0.615724,0.509548,0.653513,0.440493,1.266754,0.0,0.581974,0.0,0.0,0.428462,0.758368,0.0,0.876188,0.549517,0.698809,0.327459,0.0,0.603468,0.520311,0.439064,0.0,0.661333,0.0,0.0,0.812023,0.07483,0.179749,0.472138,0.284258,0.301615,1.040641,0.0,0.0,0.0,0.844913,0.0
390,0.075025,0.195086,0.286762,0.296909,0.026611,1.536551,0.0,0.218688,0.444198,1.093922,0.332431,0.193595,0.369584,0.353251,0.958396,0.553278,1.276859,0.139611,0.405771,0.0,0.090158,0.547087,0.944976,0.0,0.739965,0.385069,0.771425,0.518091,0.092916,0.583939,0.789785,0.651327,0.0,0.362957,0.0,0.0,0.379676,0.209301,0.484761,0.525096,0.0,0.322306,0.447789,0.0,0.066233,0.0,0.960543,0.0
391,0.0,0.589745,0.364204,0.064758,0.0,1.342098,0.0,0.004629,0.608522,1.305483,0.3348,0.0,0.195282,0.234528,1.284958,0.923331,1.362109,0.147506,0.062928,0.0,0.056843,0.972284,0.882548,0.0,0.885054,0.289389,1.084093,0.603172,0.273969,0.324256,1.086098,0.784397,0.0,0.092098,0.0,0.0,0.230543,0.030641,0.804059,0.412167,0.0,0.532171,0.093756,0.0,0.143516,0.0,1.585847,0.0
392,0.055688,0.828409,0.404631,0.262129,0.018622,1.152144,0.0,0.437316,0.298865,0.790779,0.377655,0.0,0.0,0.0,1.232522,1.434366,0.962917,0.394052,0.0,0.0,0.153066,0.687979,1.190356,0.0,0.851107,0.0,0.942559,0.530623,0.345175,0.240908,1.780282,0.235748,0.0,0.0,0.435858,0.0,0.0,0.0,0.648201,0.097402,0.0,0.308519,0.0,0.0,0.649344,0.0,0.983154,0.0
393,0.194433,0.461541,0.569211,0.0,0.0,0.636049,0.0,0.414862,0.738759,0.752912,0.26147,0.221289,0.257129,0.264684,1.03025,0.738461,1.158332,0.464369,0.369098,0.0,0.361125,0.733914,0.709906,0.0,0.830905,0.198229,0.638976,0.581415,0.690981,0.524475,1.588977,0.484406,0.0,0.0,0.205915,0.0,0.0,0.0,1.017423,0.569352,0.0,0.398162,0.0,0.0,0.709925,0.0,0.846392,0.0
394,0.327233,0.371992,0.357304,0.110879,0.560123,0.884426,0.0,0.76757,0.525924,0.136225,0.648681,0.491591,0.128136,0.23522,0.673928,0.460776,1.122594,0.451091,0.455975,0.0,0.497231,0.0,0.656576,0.0,0.781631,0.245062,0.707251,0.577639,0.516662,0.400963,1.076558,0.654698,0.0,0.0,0.643651,0.0,0.0,0.53468,0.608519,0.451077,0.0,0.043188,0.0,0.056689,0.518052,0.0,0.231554,0.0
395,0.869632,0.738872,0.687397,0.134054,0.876733,0.976004,0.0,1.399081,0.074378,0.515997,0.74431,0.649462,0.0,0.199376,0.302747,0.513101,0.788387,0.331646,0.361421,0.0,0.509321,0.168878,0.046443,0.0,1.005437,0.507243,0.864815,0.528478,0.706712,0.287702,0.93432,0.536105,0.0,0.0,0.454814,0.0,0.17145,0.451971,0.48299,0.0,0.0,0.0,0.0,0.0,0.16173,0.0,0.88328,0.0
396,1.05111,1.133829,1.206003,0.0,1.168147,0.740879,0.048729,1.719691,0.038478,0.431485,0.572856,1.086973,0.0,0.23639,0.0,0.679896,0.172866,0.599795,0.815727,0.0,1.00789,0.511224,0.0,0.0,1.049737,0.715604,0.484584,0.502866,0.82032,0.122713,1.519615,0.488829,0.0,0.218829,0.530473,0.0,0.337911,0.618433,0.509084,0.0,0.279958,0.007598,0.0,0.0,0.356975,0.0,0.647303,0.0
397,0.806661,0.876015,0.925684,0.0,0.923984,0.953185,0.0,1.469234,0.305128,0.56623,0.790242,0.808661,0.0,0.208768,0.15732,0.415953,0.492088,0.348416,0.807897,0.0,0.754389,0.634084,0.0,0.0,0.986565,0.845694,0.54335,0.603921,0.710117,0.079101,1.217206,0.795711,0.0,0.172153,0.158615,0.0,0.398901,0.602496,0.407202,0.0,0.224118,0.115976,0.039683,0.0,0.0,0.048185,0.977548,0.0
398,0.673076,0.711296,0.344587,0.187445,0.92635,1.130921,0.0,1.374467,0.158877,0.506943,1.042432,0.563318,0.0,0.0,0.25298,0.303139,0.579903,0.55202,0.622121,0.0,0.780977,0.123258,0.319016,0.0,0.781121,0.733203,0.755565,0.781099,0.468274,0.07111,0.99603,0.901311,0.091285,0.169424,0.407789,0.0,0.060378,0.910042,0.0,0.0,0.0,0.0,0.288218,0.0,0.0,0.04445,1.005547,0.0
399,0.351795,0.850251,0.566922,0.09691,0.622303,1.148373,0.0,0.6561,0.481303,0.716662,0.891144,0.0,0.0,0.0,0.457995,0.901923,0.823419,0.268965,0.414363,0.0,0.380886,0.81603,0.504934,0.0,0.825279,0.22201,0.844162,0.580486,0.39299,0.0,1.008261,0.694529,0.0,0.0,0.0,0.0,0.285491,0.221012,0.118251,0.392135,0.0,0.497321,0.21925,0.0,0.0,0.0,1.350186,0.0
400,0.0,0.069985,0.146018,0.0,0.487939,0.715978,0.004002,0.396954,0.680661,0.393098,0.561168,0.298824,0.053773,0.015564,0.398609,0.593659,0.777204,0.668384,0.582072,0.0,0.732676,0.52468,0.981446,0.0,0.571235,0.40741,0.649201,0.764635,0.615147,0.546528,0.991891,0.54093,0.0,0.0,0.369178,0.0,0.0,0.351206,0.198807,0.976642,0.0,0.345126,0.057056,0.441473,0.699355,0.0,0.524944,0.0
401,0.0,0.0,0.007749,0.0,1.103554,0.809873,0.015615,0.382004,1.007952,0.066334,0.911784,0.481508,0.349411,0.0,0.15819,0.255719,0.898724,0.808751,0.730932,0.0,1.002463,0.137825,0.976415,0.0,0.410425,0.846382,0.631348,0.787441,0.170101,0.969061,0.575249,0.661514,0.0,0.0,0.445681,0.0,0.0,0.92502,0.009042,1.150151,0.404458,0.296651,0.466306,0.519248,0.826531,0.0,0.039276,0.0
402,0.0,0.0,0.0,0.0,0.695586,0.634904,0.232875,0.280961,1.54564,0.023321,1.002267,0.062764,0.776558,0.0,0.949547,0.192075,1.39663,0.909261,0.54953,0.0,1.053287,0.410907,1.590219,0.214803,0.196273,0.77567,0.447124,0.832015,0.0,1.483024,0.610255,0.336516,0.093711,0.0,0.414278,0.0,0.0,0.993243,0.165103,1.819863,0.421147,0.566937,0.310672,0.646772,1.157143,0.0,0.0,0.0
403,0.0,0.0,0.0,0.0,1.440535,0.61505,0.286405,0.467985,1.588524,0.0,1.155461,0.501093,0.835136,0.0,0.403431,0.082856,1.193321,1.043679,0.79982,0.0,1.404584,0.160714,1.298598,0.231868,0.089604,1.23185,0.594319,0.79969,0.0,1.606656,0.288762,0.463367,0.0,0.0,0.692368,0.0,0.001536,1.539935,0.078471,1.62476,0.717074,0.449323,0.579044,0.716195,1.26005,0.0,0.0,0.0
404,0.0,0.0,0.193036,0.0,1.406316,0.473245,0.346856,0.558498,1.594521,0.0,1.0585,0.749035,0.97897,0.0,0.280198,0.0,1.192701,1.209789,0.860116,0.0,1.570553,0.276878,1.283227,0.244588,0.129402,1.210203,0.378996,0.788748,0.045177,1.71402,0.346812,0.489038,0.0,0.0491,0.642229,0.0,0.144371,1.536476,0.216809,1.58099,0.880504,0.477185,0.536079,0.932624,1.43886,0.0,0.0,0.0
405,0.0,0.0,0.329373,0.0,0.90796,0.484604,0.112246,0.453326,1.467131,0.0,1.05331,0.599482,1.141955,0.0,0.76214,0.131485,1.43388,1.10985,0.52924,0.0,1.254946,0.410143,1.476576,0.23346,0.123206,0.602173,0.405372,0.575061,0.0,1.564319,0.461088,0.254715,0.153786,0.0,0.47297,0.0,0.064423,1.223179,0.343281,1.620032,0.891792,0.60049,0.375084,0.996859,1.524108,0.0,0.0,0.0
406,0.343934,0.026651,0.894923,0.0,0.689037,0.192247,0.0,0.708596,0.740323,0.18912,0.562089,0.65844,1.080209,0.272907,0.606456,0.337701,1.198128,1.089467,0.407586,0.0,1.213924,0.782387,1.091111,0.284213,0.373718,0.386199,0.409663,0.383485,0.319201,1.450858,0.434582,0.243566,0.0,0.011444,0.229409,0.0,0.439584,0.438642,0.579388,1.223645,0.902198,0.470303,0.149393,1.106314,1.370266,0.0,0.536356,0.0
407,0.761919,0.232186,1.28262,0.0,0.959586,0.0,0.0,0.667703,0.629471,0.472364,0.185754,1.017139,1.077048,0.589141,0.0,0.097025,0.904569,1.19909,0.682437,0.0,1.626919,0.685051,0.615683,0.315869,0.216139,0.882956,0.370855,0.344986,0.588202,1.245193,0.256462,0.384929,0.0,0.365612,0.58181,0.0,0.831572,0.55857,0.903865,0.820688,1.253031,0.468902,0.258628,0.87056,0.991482,0.0,0.710844,0.0
408,0.845571,0.331886,1.07623,0.0,0.882056,0.0,0.0,0.684467,0.637309,0.421141,0.0,1.146099,0.853311,0.465474,0.0,0.064452,0.750821,1.391281,0.586242,0.0,1.829949,0.467966,0.711246,0.140664,0.245269,0.913502,0.340937,0.437106,0.764482,0.903768,0.486401,0.474438,0.0,0.526427,0.816124,0.0,0.437445,0.656602,1.069023,0.556843,1.023022,0.303535,0.0,0.744861,1.076226,0.0,0.606508,0.0
409,1.194177,0.767482,1.101744,0.0,1.06067,0.0,0.033002,0.944422,0.090083,0.221015,0.0,1.154572,0.196378,0.260054,0.0,0.475524,0.334147,1.378323,0.145718,0.0,1.727597,0.077314,0.475133,0.137664,0.448158,0.880292,0.880488,0.509705,0.668649,0.366172,0.647169,0.590982,0.0,0.641125,1.305512,0.0,0.0,1.035422,1.10235,0.0,0.325283,0.121944,0.0,0.590025,1.300144,0.0,0.610922,0.0
410,1.093202,0.816659,1.525047,0.0,1.061735,0.0,0.0,0.948008,0.971541,0.652696,0.0,1.396315,0.620035,0.421602,0.0,0.0,0.464271,1.160508,1.016769,0.0,2.020548,0.932653,0.037074,0.238982,0.359627,0.963182,0.0,0.301853,0.971483,0.556545,0.888692,0.497929,0.0,0.70069,0.459701,0.0,0.714879,0.500288,1.391677,0.088394,1.100583,0.598276,0.089654,0.484181,0.802953,0.0,0.633263,0.0
411,1.0445,0.675548,0.983137,0.0,1.065995,0.393635,0.0,1.143537,0.026689,0.25901,0.203764,1.138446,0.0,0.21956,0.0,0.356186,0.491567,0.876308,0.122796,0.0,1.38215,0.0,0.175176,0.025158,0.633407,0.52769,0.928464,0.573896,0.586134,0.196351,0.412515,0.575275,0.0,0.276309,0.826028,0.0,0.0,1.002021,0.855745,0.0,0.264124,0.001984,0.284993,0.289202,1.027252,0.0,0.559666,0.0
412,0.787699,0.707602,1.022711,0.0,0.800423,0.541418,0.0,0.907799,0.582906,0.28359,0.079465,0.925076,0.299286,0.244125,0.085288,0.471679,0.790532,0.756025,0.459282,0.0,1.178429,0.266987,0.573118,0.096009,0.590276,0.014573,0.30656,0.445582,0.613749,0.13612,0.883098,0.320754,0.0,0.0,0.504693,0.0,0.0,0.430926,0.907182,0.340455,0.311825,0.326133,0.09881,0.474433,1.173813,0.0,0.358243,0.0
413,0.441261,0.693285,0.646373,0.216417,0.827657,1.03836,0.0,0.697634,0.560086,0.098185,0.272651,0.474041,0.212128,0.22273,0.628513,0.655078,1.200802,0.594008,0.237816,0.0,0.818042,0.0,0.72892,0.093552,0.444051,0.0,0.78884,0.524624,0.303322,0.046553,0.594065,0.399353,0.0,0.0,0.490121,0.0,0.0,0.664228,0.749536,0.416955,0.242464,0.315638,0.29891,0.301965,1.013492,0.0,0.406079,0.0
414,0.181573,0.614467,0.304659,0.003387,0.432533,0.866083,0.0,0.456062,0.449902,0.325781,0.189951,0.274274,0.0,0.028712,0.780923,0.669061,1.033523,0.676593,0.010958,0.0,0.848607,0.098546,0.98686,0.025159,0.501591,0.0,0.994884,0.926337,0.475829,0.0,0.879814,0.425113,0.0,0.0,0.465848,0.0,0.0,0.536866,0.860224,0.565306,0.0,0.326063,0.0,0.259116,1.21234,0.0,0.609491,0.0
415,0.297139,0.629313,0.349738,0.035679,0.908178,0.985269,0.0,0.696769,0.345992,0.056592,0.344309,0.576529,0.0,0.053915,0.5254,0.584639,0.910365,0.752506,0.03618,0.0,1.148158,0.0,0.889336,0.0,0.446718,0.0,1.164695,0.996904,0.279697,0.230159,0.436065,0.711831,0.0,0.0,0.821121,0.0,0.0,1.116074,0.748237,0.294707,0.010961,0.076173,0.203864,0.323293,1.089758,0.0,0.452299,0.0
416,0.468167,0.56169,0.799588,0.057951,0.901701,0.66246,0.0,0.793175,0.872758,0.185857,0.298988,0.707641,0.13125,0.152755,0.159232,0.424081,0.741868,0.670868,0.437916,0.0,1.169518,0.150009,0.646415,0.020204,0.400848,0.053343,0.371093,0.551411,0.475003,0.107276,0.870976,0.531779,0.0,0.0,0.47959,0.0,0.0,0.705621,0.840724,0.406203,0.24464,0.333241,0.219909,0.372444,1.164991,0.0,0.400656,0.0
417,0.650767,0.564817,0.801485,0.0,0.814368,0.537465,0.039555,0.886325,0.920303,0.076894,0.234503,0.871571,0.264338,0.074107,0.0,0.468332,0.811153,1.017663,0.490271,0.0,1.291061,0.253943,0.878559,0.054739,0.486468,0.021171,0.242853,0.612305,0.498055,0.219101,0.88893,0.477545,0.0,0.080792,0.816779,0.0,0.0,0.771336,0.902879,0.393471,0.36195,0.334941,0.161025,0.626434,1.186641,0.0,0.192135,0.0
418,1.300284,1.39735,1.567156,0.0,1.211952,0.0,0.242181,1.241574,0.413249,0.49983,0.0,1.186624,0.304,0.430398,0.0,0.797121,0.065878,1.315141,0.733742,0.0,1.756799,0.651784,0.263498,0.307728,0.381213,0.608472,0.456249,0.198007,0.739564,0.473176,0.989115,0.326985,0.0,0.683763,1.059485,0.0,0.37038,0.701997,0.969188,0.0,0.702316,0.335207,0.311692,0.536793,1.2623,0.0,0.680963,0.0
419,1.150461,0.84564,1.300163,0.0,0.977082,0.171203,0.0,1.21742,0.145178,0.636578,0.541402,1.10734,0.373041,0.515059,0.0,0.313268,0.407218,0.957687,0.526527,0.0,1.564782,0.559723,0.0,0.182052,0.43203,0.768524,0.769072,0.276761,0.415393,0.689001,0.111917,0.672132,0.0,0.626124,0.587628,0.0,0.727758,1.041721,0.7785,0.129765,1.106544,0.213463,0.807508,0.55207,0.359481,0.0,0.714721,0.0
420,1.114524,0.841867,1.403469,0.0,1.283716,0.0,0.0,1.094002,0.242285,0.869101,0.711676,1.245428,0.484098,0.733167,0.0,0.040318,0.322853,1.147611,0.75262,0.0,1.962677,0.501196,0.0,0.292085,0.235481,1.707151,0.815271,0.506884,0.064666,1.101699,0.0,1.019835,0.0,1.03462,0.754507,0.211292,1.138129,1.656648,0.750156,0.145995,1.601261,0.191174,1.208735,0.548531,0.0,0.0,0.835612,0.0
421,0.596248,0.468834,0.749356,0.0,0.871525,0.07536,0.0,0.922593,1.241303,0.680487,0.91053,1.019029,0.603598,0.0,0.0,0.0,0.515037,1.312773,1.106852,0.0,1.998565,0.703748,0.339994,0.021389,0.008288,0.799099,0.158926,0.326529,0.287808,0.98007,0.186883,0.749139,0.0,0.955951,0.592456,0.109517,0.967672,1.358489,0.637232,0.455132,1.353592,0.602469,0.892547,0.417075,0.0,0.0,0.384402,0.0
422,0.615311,0.583766,1.02504,0.0,1.023836,0.0,0.148573,0.807736,0.781824,0.872816,0.689592,1.183717,0.368005,0.532793,0.0,0.029632,0.0,1.387335,0.904812,0.0,2.151481,0.557286,0.0,0.153226,0.017795,1.82982,0.502078,0.562614,0.109819,1.246912,0.136199,1.057301,0.0,1.221457,0.786873,0.027177,1.104659,1.80479,0.662581,0.214549,1.398043,0.241951,1.018961,0.466226,0.0,0.0,0.799441,0.0
423,0.47438,0.553428,0.88444,0.0,0.664509,0.017046,0.117275,0.553998,0.999639,0.789546,0.710805,0.807083,0.524197,0.367574,0.0,0.244748,0.145304,1.098873,0.893625,0.0,1.688151,0.596781,0.323167,0.028697,0.0,1.188928,0.480001,0.351957,0.089507,1.099058,0.228399,0.818181,0.0,1.112378,0.692414,0.046247,1.000879,1.330282,0.475649,0.361701,1.121996,0.444962,0.941664,0.304847,0.0,0.0,0.840214,0.0
424,0.421915,0.43631,1.073647,0.0,0.417798,0.423186,0.0,0.493948,0.991813,0.768468,0.976607,0.510549,0.733908,0.358815,0.0,0.240654,0.439188,0.541822,0.954109,0.0,1.040575,0.863739,0.266271,0.017186,0.0,0.5703,0.288529,0.123477,0.1696,0.956367,0.169989,0.347505,0.0,1.03151,0.222883,0.396117,1.137557,0.787432,0.148477,0.468039,1.086542,0.71246,1.141757,0.196194,0.0,0.0,0.824666,0.0
425,0.533162,0.658244,1.666482,0.0,0.75048,0.743708,0.0,0.755197,0.854742,0.83222,0.994729,0.608396,0.65296,0.487867,0.0,0.294608,0.34472,0.125193,1.154058,0.0,0.997894,1.227644,0.0,0.046582,0.18914,0.762263,0.0,0.130709,0.079906,0.590824,0.206432,0.156203,0.0,1.248145,0.0,0.474451,1.619852,0.703394,0.0,0.248702,1.232702,0.943427,1.658452,0.047867,0.0,0.0,0.972131,0.0
426,0.240483,0.439263,1.282628,0.0,0.611579,0.982923,0.22823,0.427403,1.1957,0.623216,0.869888,0.575306,0.791688,0.364453,0.089186,0.038621,0.571611,0.078939,1.291409,0.0,0.722037,0.967145,0.312775,0.0,0.084458,0.581783,0.0,0.080908,0.27675,0.430215,0.145875,0.139331,0.0,1.079499,0.0,0.179273,1.375289,0.641631,0.0,0.391935,0.919485,0.81466,1.378249,0.027824,0.0,0.0,0.593646,0.0
427,0.368597,0.455772,1.41227,0.054243,0.624812,1.432393,0.090194,0.63065,0.500879,0.665036,0.936712,0.37022,0.932828,0.572988,0.220402,0.2614,0.869856,0.0,0.850547,0.0,0.0,0.913519,0.079657,0.0,0.548305,0.693692,0.313572,0.045546,0.0,0.563935,0.0,0.0,0.0,1.02801,0.0,0.100971,1.351314,0.337589,0.0,0.514212,0.698357,0.768981,1.707412,0.120488,0.0,0.0,0.847949,0.0
428,0.36659,0.564927,1.314957,0.154947,0.703024,1.567353,0.232651,0.677239,0.470792,0.513502,0.61726,0.589578,0.858221,0.429503,0.368766,0.467144,0.759594,0.0,0.931403,0.0,0.142731,1.069322,0.487598,0.0,0.447818,0.375215,0.070079,0.051189,0.125264,0.286554,0.14706,0.0,0.0,0.821299,0.0,0.0,1.240632,0.272508,0.0,0.459155,0.592017,0.659817,1.520131,0.11719,0.066163,0.0,0.66861,0.0
429,0.154901,0.769592,1.171121,0.360036,0.617178,1.737374,0.200042,0.289437,0.786853,0.332951,0.733718,0.274063,0.813485,0.335644,0.838488,0.697322,0.922171,0.0,0.733539,0.020042,0.0,1.196567,1.046179,0.0,0.234062,0.0,0.011869,0.0,0.0,0.100145,0.447693,0.068181,0.0,0.541814,0.0,0.0,1.108541,0.26416,0.0,0.778425,0.428248,0.943506,1.504872,0.0,0.166115,0.0,0.642959,0.0
430,0.0,0.044393,0.717806,0.341256,1.086764,1.710804,0.425383,0.244711,0.995423,0.128984,0.839626,0.700769,1.211789,0.393464,0.702901,0.119837,1.240484,0.0,1.043343,0.0,0.037684,0.701123,0.913081,0.0,0.177313,0.615726,0.172617,0.0,0.0,0.632398,0.241754,0.08453,0.0,0.59881,0.0,0.0,0.99454,0.592762,0.0,1.022183,0.60488,0.830098,1.496543,0.191644,0.528977,0.0,0.009561,0.0
431,0.089634,0.251028,0.376319,0.384227,1.18224,2.145244,0.23634,0.74752,0.073712,0.488679,0.701847,0.627324,0.828316,0.204641,0.842888,0.528013,1.191054,0.0,0.370012,0.0,0.0,0.335217,1.270096,0.0,0.638486,0.845863,0.848468,0.298719,0.0,1.07458,0.0,0.135432,0.0,0.117918,0.0,0.0,0.877776,0.64223,0.0,0.975634,0.15957,0.683735,1.671496,0.323975,0.609036,0.127493,0.620768,0.0
432,0.0,0.052854,0.024896,0.147745,0.991831,2.132246,0.480582,0.149226,0.73765,0.368298,0.768264,0.470587,1.240554,0.3999,1.352787,0.347967,1.493275,0.21127,0.700597,0.0,0.138819,0.335463,1.902173,0.0,0.384095,0.779951,0.869891,0.49068,0.0,1.235782,0.261268,0.293898,0.0,0.0,0.0,0.0,0.440714,0.770967,0.0,1.557313,0.202039,0.817628,1.384618,0.477159,1.103764,0.145416,0.283676,0.0
433,0.0,0.164584,0.060509,0.577195,1.004771,2.317611,0.479953,0.334104,0.795236,0.043901,0.983121,0.425285,1.296469,0.383742,1.703858,0.691341,1.63127,0.1624,0.427355,0.0,0.0,0.503756,1.99002,0.0,0.55809,0.428852,0.856596,0.337325,0.0,1.108941,0.502941,0.0,0.0,0.0,0.0,0.0,0.282119,0.69989,0.0,1.631826,0.274552,0.846657,1.336024,0.553411,1.387856,0.067045,0.122123,0.0
434,0.0,0.03334,0.0,0.290953,1.30762,2.419704,0.224736,0.317846,0.878753,0.181153,0.958036,0.652149,1.661228,0.562318,1.544692,0.226483,1.969393,0.202406,0.828507,0.0,0.088537,0.0,1.720396,0.0,0.665393,0.89541,1.190936,0.408527,0.0,1.373889,0.001025,0.247242,0.0,0.0,0.0,0.0,0.41869,1.00039,0.0,1.656035,0.532073,0.793486,1.514093,0.604443,1.247636,0.000666,0.067501,0.0
435,0.029898,0.417584,0.034853,0.319064,0.852672,2.03742,0.105926,0.471157,0.398529,0.508051,0.620675,0.517624,0.985378,0.301451,1.505109,0.525448,1.761345,0.132154,0.256525,0.0,0.0,0.528864,1.646629,0.0,0.824295,0.715251,1.002043,0.552025,0.0,0.986954,0.276049,0.060883,0.0,0.0,0.0,0.0,0.32159,0.26073,0.104091,1.54801,0.150239,0.701295,1.050659,0.512098,1.296576,0.0,0.550134,0.0
436,0.26956,0.501148,0.583154,0.5107,1.16617,1.948904,0.0,1.137398,0.151758,0.222844,0.514423,1.116856,0.57722,0.226719,0.969459,0.74598,1.22362,0.073009,0.145848,0.0,0.231998,0.296645,1.019032,0.0,0.899726,0.403665,0.618198,0.369532,0.0,0.575023,0.39829,0.0,0.0,0.0,0.0,0.0,0.484628,0.540441,0.048186,0.843272,0.328012,0.430132,1.019484,0.513393,1.334738,0.0,0.50162,0.0
437,0.501959,1.097672,0.980175,0.411391,0.987873,1.89986,0.0,1.003083,0.23727,0.424133,0.250986,0.850632,0.398909,0.160597,0.909184,1.219448,0.979705,0.064349,0.0,0.0,0.152358,0.605102,0.942659,0.0,1.040543,0.0,0.690852,0.344436,0.090805,0.16623,0.770832,0.0,0.0,0.0,0.068908,0.0,0.488513,0.155741,0.33436,0.407105,0.16604,0.603903,0.752201,0.319208,1.400135,0.0,0.972254,0.0
438,0.424976,0.718464,0.569638,0.4013,0.789965,1.605907,0.116488,0.628733,0.663645,0.061872,0.224541,0.814104,0.400102,0.094709,0.911669,0.633887,1.18108,0.280877,0.340539,0.0,0.616451,0.275021,1.205182,0.0,0.527319,0.0,0.234333,0.702556,0.129824,0.0,0.922551,0.108931,0.0,0.0,0.382722,0.0,0.0,0.486027,0.565635,0.514125,0.148754,0.460714,0.465654,0.390132,1.450346,0.0,0.299704,0.0
439,0.508933,0.725918,0.65693,0.687881,0.834607,1.874536,0.0,0.606825,0.698897,0.0,0.346292,0.797617,0.668861,0.509016,1.160089,0.434191,1.447779,0.211646,0.483391,0.0,0.374044,0.064241,1.082293,0.0,0.50016,0.0,0.346796,0.494659,0.0,0.0,0.764273,0.177358,0.0,0.0,0.302792,0.0,0.00282,0.610639,0.738088,0.539384,0.512905,0.469799,0.650139,0.294993,1.401365,0.0,0.0,0.0
440,0.826456,1.446567,1.472983,0.196558,0.711832,1.47469,0.0,0.729198,0.738758,0.443793,0.0,0.917278,0.858432,0.484728,0.545392,1.117364,0.871223,0.306901,0.317561,0.0,0.809315,0.637388,0.808308,0.0,0.557736,0.0,0.192881,0.194398,0.487597,0.103917,1.365793,0.0,0.0,0.09737,0.606006,0.0,0.205596,0.1669,1.122604,0.127855,0.510437,0.46157,0.354143,0.069404,1.515507,0.0,0.845261,0.0
441,0.833843,1.571947,0.895707,0.5007,0.624221,1.951344,0.0,0.57482,0.179189,0.829799,0.0,0.542948,0.762468,0.478807,0.949136,0.893489,1.273324,0.262529,0.022327,0.0,0.035446,0.326351,1.090085,0.0,0.689288,0.229824,1.058666,0.211014,0.204099,0.253266,0.560094,0.085691,0.0,0.032416,0.59008,0.0,0.294483,0.218644,0.835928,0.119363,0.323083,0.454527,0.620108,0.0,1.05435,0.0,1.214479,0.0
442,1.305638,1.917265,1.220279,0.201015,0.801849,1.794684,0.0,0.820185,0.073427,1.084837,0.0,0.781842,0.780164,0.570451,0.484353,1.162797,1.028192,0.500841,0.0,0.0,0.296536,0.413613,0.83628,0.0,0.653436,0.51278,1.012273,0.173072,0.349538,0.443205,0.75408,0.0,0.0,0.378889,0.931524,0.0,0.415999,0.30099,0.997229,0.0,0.41629,0.414618,0.482836,0.0,0.988904,0.0,1.699859,0.0
443,0.903577,1.505481,1.451121,0.0,0.497763,1.231386,0.0,0.33156,0.828649,0.999546,0.0,0.593671,1.138058,0.649352,0.489861,0.747784,1.030518,0.269418,0.427844,0.0,0.711994,0.878672,0.695492,0.0,0.359596,0.367948,0.495568,0.0,0.389407,0.05874,0.880863,0.151108,0.0,0.768232,0.630963,0.0,0.492569,0.373847,1.077803,0.0,0.693123,0.664542,0.490378,0.0,0.573157,0.0,1.433456,0.0
444,0.886226,1.117828,1.26808,0.0,0.373766,0.78091,0.0,0.345462,0.584382,0.766334,0.0,0.792713,0.964098,0.614101,0.142682,0.57476,0.66366,0.490733,0.352951,0.0,0.803397,0.469499,0.472697,0.0,0.225369,0.604574,0.656242,0.069623,0.562245,0.330011,0.658166,0.26198,0.0,0.830829,0.894754,0.0,0.311606,0.732553,0.994179,0.0,0.528765,0.375611,0.324348,0.0,0.65227,0.0,1.097792,0.0
445,0.964465,1.070451,1.761703,0.0,0.337047,0.248418,0.0,0.523413,0.765879,0.897524,0.0,1.103476,0.988436,0.767079,0.0,0.458427,0.185181,0.521287,0.79197,0.0,1.142678,1.005211,0.0,0.003921,0.350553,0.811683,0.216195,0.05353,0.809033,0.650662,0.735644,0.188326,0.0,0.948293,0.410936,0.0,0.758932,0.501822,1.238149,0.0,0.965342,0.628091,0.446839,0.233459,0.49005,0.0,1.063484,0.0
446,0.701964,0.843928,1.371383,0.0,0.499197,0.41988,0.0,0.542898,0.94079,0.887423,0.346265,0.91384,0.756673,0.353984,0.0,0.024225,0.36211,0.491913,0.978656,0.0,1.14145,0.877163,0.034415,0.002427,0.188554,0.696662,0.040223,0.078537,0.593586,0.508943,0.39527,0.345825,0.0,0.84825,0.274575,0.0,0.870616,0.571534,0.777164,0.15284,1.041973,0.611782,0.713583,0.164414,0.0,0.0,0.697018,0.0
447,0.547081,0.617411,0.666008,0.067951,0.797493,1.036079,0.0,0.27824,0.972888,0.256677,0.817733,0.498299,0.785506,0.089502,0.0,0.084788,0.813326,0.555444,0.971427,0.0,0.619117,0.056032,0.471249,0.0,0.100102,0.242841,0.633793,0.0,0.0,0.31068,0.013675,0.538249,0.0,0.734893,0.636552,0.0,0.551537,1.073285,0.176622,0.370663,0.881011,0.502522,1.159936,0.147223,0.023392,0.0,0.084672,0.0
448,0.809676,1.057085,1.081906,0.0,1.174826,0.832831,0.027172,0.821323,0.343102,0.521006,0.595759,0.892465,0.374509,0.291057,0.0,0.199908,0.215103,0.701003,0.842587,0.0,1.144953,0.375234,0.052302,0.008656,0.151695,0.901028,0.571347,0.127886,0.0,0.33657,0.186725,0.572288,0.0,0.842262,0.666398,0.0,0.756117,1.128711,0.149041,0.172669,1.140138,0.219347,1.259467,0.181451,0.038341,0.0,0.370952,0.0
449,1.030027,1.119199,1.094885,0.0,1.244377,0.806795,0.166183,1.25615,0.0,0.664849,0.591252,1.139215,0.023852,0.507971,0.0,0.4088,0.0,0.899655,0.498851,0.0,1.139043,0.0,0.0,0.0,0.349838,1.417567,1.056561,0.426412,0.0,0.72869,0.113143,0.523781,0.0,0.868259,0.816188,0.24511,0.60743,1.472091,0.073165,0.0,1.023988,0.0,1.475242,0.240039,0.127991,0.0,0.754087,0.0
