time_index,z0,z1,z2,z3,z4,z5,z6,z7,z8,z9,z10,z11,z12,z13,z14,z15,z16,z17,z18,z19,z20,z21,z22,z23,z24,z25,z26,z27,z28,z29,z30,z31,z32,z33,z34,z35,z36,z37,z38,z39,z40,z41,z42,z43,z44,z45,z46,z47
0,1.030239,2.035056,0.519904,1.052023,1.73676,0.0,1.93731,0.0,2.439629,0.377009,0.910932,1.813083,2.594476,1.049207,3.23168,0.129654,0.793518,0.0,2.003628,0.0,2.156036,0.532378,0.63646,2.867242,0.0,0.0,0.0,1.159111,0.0,0.44823,0.370934,0.0,0.0,0.158369,2.373947,2.598291,0.0,0.192429,1.806008,2.022492,1.418849,0.0,3.906812,0.0,0.436869,0.498388,0.0,0.0
1,1.119587,1.755894,0.561504,1.045117,1.763586,0.0,1.843372,0.0,2.200898,0.459711,0.890792,1.93059,2.284305,1.038841,2.956692,0.240704,0.875791,0.0,1.87413,0.0,1.912108,0.508677,0.707257,2.818333,0.0,0.0,0.0,1.167699,0.0,0.146968,0.152274,0.0,0.069983,0.26928,2.304515,2.301069,0.0,0.180916,1.858975,1.680895,1.300727,0.0,3.609271,0.0,0.721143,0.752614,0.0,0.0
2,1.03745,1.639937,0.209081,0.818126,1.53839,0.0,1.619376,0.0,2.056051,0.430872,0.923109,1.496263,2.101582,0.929204,2.823594,0.107213,0.833671,0.126654,1.869698,0.0,1.715565,0.370811,0.927785,2.788946,0.0,0.0,0.0,1.488765,0.0,0.206774,0.156251,0.0,0.126156,0.204023,2.286779,2.30598,0.0,0.236797,1.501463,1.258376,1.32595,0.0,3.452167,0.0,0.498053,0.999618,0.0,0.0
3,1.236342,1.250184,0.177079,0.731765,1.376624,0.0,1.603704,0.0,1.80064,0.296001,0.828693,1.327262,1.743932,0.768643,2.473165,0.142561,0.802918,0.234034,1.744606,0.0,1.501142,0.090543,0.95474,2.454023,0.0,0.0,0.0,1.478139,0.0,0.243841,0.047618,0.0,0.305701,0.298926,2.152959,1.893309,0.0,0.097393,1.61376,0.913932,1.455467,0.0,3.197819,0.0,0.608374,1.161922,0.0,0.0
4,1.236557,0.998273,0.162614,0.581291,1.232751,0.0,1.25365,0.0,1.609879,0.088473,0.517883,1.040484,1.285527,0.730582,2.046077,0.325486,0.570239,0.444242,1.673042,0.0,1.397465,0.084302,0.930863,1.931494,0.0,0.0,0.0,1.197946,0.051588,0.086987,0.234876,0.0,0.230185,0.432077,1.927405,1.326213,0.0,0.0,1.620023,0.765376,1.184228,0.0,2.481062,0.049432,0.426972,0.988176,0.0,0.0
5,1.284758,0.760248,0.153967,0.49883,0.986612,0.0,1.159835,0.0,1.32331,0.007887,0.309296,0.986266,0.941555,0.592832,1.605225,0.47473,0.35525,0.405545,1.378172,0.0,1.23687,0.0,0.892802,1.379291,0.0,0.0,0.0,0.853803,0.147678,0.053714,0.353723,0.0,0.273415,0.59265,1.583896,0.813483,0.0,0.0,1.709623,0.622831,1.040267,0.0,1.875844,0.192774,0.502589,0.882162,0.0,0.0
6,0.913629,0.836079,0.174485,0.641118,1.005361,0.0,1.259638,0.0,1.2734,0.0,0.39414,0.84665,0.957612,0.448993,1.544895,0.251016,0.225126,0.402945,1.205124,0.0,1.096054,0.0,0.503052,1.202619,0.0,0.0,0.0,0.533434,0.010474,0.146506,0.222471,0.0,0.260228,0.550534,1.112914,0.884334,0.0,0.0,1.519568,0.816497,1.09415,0.0,1.73152,0.179097,0.5856,0.83031,0.0,0.0
7,0.608361,0.883674,0.029459,0.596812,0.812628,0.0,1.041812,0.0,1.188306,0.0,0.353873,0.798136,1.011988,0.502981,1.285461,0.169257,0.087314,0.349531,1.320516,0.0,0.792385,0.0,0.217334,1.116304,0.0,0.0,0.0,0.382617,0.0,0.022302,0.286897,0.0,0.231708,0.437814,0.709613,0.808724,0.0,0.0,1.267857,0.834409,0.875806,0.0,1.345039,0.197799,0.457791,0.808565,0.0,0.0
8,0.418889,0.714452,0.0,0.490568,0.611872,0.0,1.046644,0.02489,1.134754,0.08734,0.353794,0.744273,1.150822,0.668033,1.107629,0.184573,0.105594,0.185739,1.179665,0.0,0.549864,0.0,0.08489,0.816632,0.108747,0.0,0.0,0.089602,0.0,0.016445,0.488169,0.0,0.05662,0.192179,0.458947,0.744733,0.0,0.0,0.989986,0.8662,0.595685,0.0,1.075513,0.146224,0.381084,0.711904,0.0,0.0
9,0.475612,0.453155,0.0,0.249684,0.486259,0.0,0.84198,0.20791,0.861744,0.238151,0.335161,0.654688,0.994397,0.713211,0.790265,0.426956,0.100469,0.144647,0.698742,0.0,0.609265,0.0,0.0,0.467007,0.336695,0.0,0.0,0.007844,0.0,0.049069,0.471982,0.065505,0.0,0.097681,0.187784,0.931274,0.0,0.0,0.645809,0.745787,0.521809,0.0,0.781561,0.306892,0.523261,0.708732,0.0,0.0
10,0.249454,0.332082,0.0,0.017343,0.257217,0.135372,0.806294,0.468246,0.619692,0.34063,0.292441,0.4066,0.921259,0.750664,0.454125,0.223156,0.427309,0.046814,0.302433,0.0,0.437969,0.0,0.056618,0.15811,0.78487,0.0,0.0,0.0,0.0119,0.051104,0.554084,0.06528,0.0,0.0,0.0,1.054812,0.0,0.132819,0.046394,0.65412,0.365396,0.0,0.65536,0.298174,0.452082,0.578128,0.0,0.0
11,0.095568,0.3093,0.0,0.002631,0.155639,0.056938,0.739317,0.578002,0.485467,0.264268,0.374677,0.276622,0.919083,0.633667,0.444183,0.194283,0.49935,0.11154,0.296634,0.0,0.387044,0.0,0.0,0.0,0.926626,0.0,0.0,0.0,0.0,0.184105,0.478623,0.01834,0.0,0.0,0.0,0.972781,0.0,0.167749,0.026827,0.765278,0.391193,0.0,0.566123,0.426458,0.411312,0.546651,0.0,0.0
12,0.264466,0.424764,0.097149,0.0965,0.183801,0.259841,0.392731,0.512596,0.290953,0.428641,0.169248,0.234745,0.674356,0.297294,0.115135,0.121872,0.535819,0.163645,0.0,0.0,0.378448,0.0,0.0,0.0,0.733515,0.0,0.0,0.147773,0.019224,0.056025,0.392828,0.0,0.0,0.183166,0.0,1.098707,0.0,0.309934,0.15545,0.477828,0.716875,0.0,0.405395,0.275867,0.545391,0.375253,0.0,0.0
13,0.324153,0.389079,0.15957,0.0,0.080705,0.234883,0.446776,0.403775,0.310542,0.10617,0.261723,0.305281,0.485766,0.535546,0.462267,0.110235,0.412358,0.339306,0.109799,0.0,0.507673,0.0,0.0,0.0,0.564764,0.0,0.0,0.0,0.0,0.0,0.521824,0.262036,0.0,0.177294,0.0,0.88531,0.0,0.141489,0.233628,0.816958,0.42257,0.0,0.173902,0.416139,0.409778,0.33413,0.0,0.0
14,0.322919,0.432261,0.0,0.0,0.279915,0.185626,0.489819,0.383728,0.434225,0.150814,0.242472,0.230039,0.274221,0.625675,0.665954,0.118355,0.093377,0.419951,0.333359,0.0,0.671819,0.0,0.0,0.0,0.559808,0.0,0.0,0.0,0.065743,0.179965,0.504211,0.08519,0.0,0.121795,0.0,0.696381,0.0,0.068793,0.550783,0.763424,0.391258,0.0,0.139444,0.613983,0.348311,0.508768,0.0,0.0
15,0.328611,0.609389,0.090184,0.0,0.233688,0.147427,0.272605,0.170918,0.473808,0.0,0.082077,0.236037,0.304242,0.568859,0.697666,0.0,0.053411,0.572231,0.592573,0.0,0.533699,0.0,0.0,0.077357,0.207571,0.0,0.0,0.0,0.000916,0.081775,0.502421,0.469943,0.0,0.203122,0.0,0.433762,0.0,0.0,0.8364,0.755979,0.191453,0.0,0.142465,0.547936,0.219741,0.583816,0.0,0.0
16,0.326149,0.750041,0.472791,0.0,0.107202,0.183516,0.27963,0.097131,0.309157,0.0,0.0,0.076828,0.087766,0.362031,0.562363,0.0,0.198728,0.539339,0.505974,0.0,0.378049,0.0,0.0,0.066269,0.124369,0.0,0.0,0.0,0.133217,0.157412,0.487282,0.455931,0.001825,0.239279,0.0,0.2295,0.0,0.0,0.857519,0.689192,0.251095,0.0,0.10339,0.53805,0.12807,0.433767,0.0,0.0
17,0.403714,0.242379,0.321709,0.0,0.028241,0.358846,0.242141,0.15494,0.136356,0.176469,0.0,0.0,0.084587,0.381058,0.338498,0.0,0.287935,0.511659,0.217072,0.0,0.17999,0.0,0.0,0.018832,0.251347,0.135871,0.0,0.0,0.26939,0.19432,0.385603,0.272771,0.0,0.220761,0.009747,0.254082,0.0,0.203894,0.73668,0.383854,0.470438,0.0,0.170585,0.659468,0.260532,0.391374,0.0,0.0
18,0.481462,0.0,0.125505,0.0,0.0,0.29148,0.500667,0.273814,0.0,0.338166,0.0,0.0,0.217861,0.161095,0.004821,0.0,0.72799,0.398599,0.026446,0.0,0.347445,0.0,0.15257,0.0,0.337803,0.164904,0.0,0.133182,0.500987,0.171628,0.696989,0.0,0.142198,0.14777,0.0852,0.414699,0.0,0.29546,0.803464,0.224723,0.685772,0.0,0.31535,0.627157,0.34666,0.106786,0.0,0.0
19,0.580581,0.0,0.482935,0.0,0.0,0.318015,0.090191,0.352518,0.009213,0.252076,0.0,0.0,0.050562,0.586458,0.425896,0.0,0.527778,0.652935,0.003272,0.0,0.352227,0.0,0.0,0.25751,0.247924,0.366796,0.0,0.021162,0.400097,0.0,0.270706,0.416656,0.160442,0.0,0.183047,0.172893,0.0,0.442032,0.83271,0.316467,0.358189,0.0,0.338643,0.62546,0.140027,0.531321,0.0,0.0
20,0.663762,0.0,0.37769,0.0,0.012026,0.181636,0.253809,0.41688,0.0,0.414743,0.0,0.0,0.118883,0.492065,0.347501,0.0,0.626243,0.703927,0.0,0.0,0.592754,0.0,0.124465,0.306056,0.257327,0.504388,0.0,0.178227,0.477213,0.055911,0.066372,0.11282,0.32367,0.0,0.28367,0.292556,0.0,0.589875,1.092633,0.355023,0.544514,0.0,0.575425,0.790154,0.319225,0.503564,0.0,0.0
21,0.780645,0.0,0.667307,0.0,0.101539,0.129577,0.302917,0.319603,0.0,0.464911,0.0,0.0,0.090719,0.535354,0.571796,0.0,0.774322,0.745063,0.0,0.0,0.776354,0.0,0.218855,0.570546,0.303249,0.582297,0.0,0.367024,0.506699,0.214304,0.0,0.000378,0.451628,0.0,0.459838,0.324167,0.0,0.776753,1.330375,0.388356,0.572235,0.0,0.943837,0.777178,0.35994,0.585423,0.0,0.0
22,1.154983,0.0,0.895586,0.0,0.174749,0.187722,0.437561,0.161109,0.0,0.458111,0.0,0.0,0.205809,0.387972,0.792541,0.0,0.856121,0.765963,0.0,0.0,1.025193,0.0,0.225175,0.585554,0.0,0.476462,0.0,0.244953,0.696731,0.172896,0.0,0.0,0.657581,0.06714,0.444526,0.453984,0.0,0.757284,1.694255,0.543329,0.739786,0.0,1.140042,0.714351,0.689177,0.654306,0.0,0.0
23,1.194962,0.074166,1.11484,0.0,0.156651,0.236935,0.454389,0.0,0.0,0.526943,0.0,0.0,0.239434,0.068103,0.902559,0.0,1.085606,0.741353,0.0,0.0,1.114657,0.0,0.152855,0.629383,0.0,0.466353,0.0,0.504925,0.917949,0.350634,0.0,0.0,0.814389,0.31932,0.669082,0.705557,0.0,0.995617,1.872115,0.342749,1.061845,0.0,1.466832,0.481161,0.871025,0.518597,0.0,0.0
24,1.238107,0.298261,1.381685,0.0,0.278581,0.295103,0.403661,0.0,0.01741,0.6042,0.0,0.02841,0.225565,0.129948,1.183189,0.0,1.211082,0.577781,0.0,0.0,1.157553,0.019605,0.0,0.768523,0.0,0.267072,0.0,0.397749,0.885352,0.251359,0.0,0.0,0.608226,0.308711,0.789751,0.772502,0.0,1.138122,1.914653,0.391345,0.936948,0.0,1.632279,0.153989,0.659643,0.324688,0.0,0.0
25,1.289362,0.49424,1.609136,0.0,0.365375,0.263856,0.428766,0.0,0.188339,0.647567,0.0,0.238706,0.25175,0.165166,1.280063,0.0,1.2765,0.355608,0.0,0.0,1.158715,0.17689,0.0,0.867156,0.0,0.056699,0.0,0.312252,0.785623,0.19486,0.0,0.0,0.481609,0.191954,0.891719,0.720631,0.0,1.093081,2.054125,0.421423,0.800467,0.0,1.80377,0.0,0.448516,0.252016,0.0,0.0
26,1.410533,0.409595,1.461657,0.0,0.417995,0.017255,0.040127,0.0,0.367852,0.441619,0.0,0.252352,0.100842,0.37162,1.233752,0.0,1.092373,0.420659,0.001932,0.0,1.086534,0.497537,0.128138,1.001892,0.0,0.167943,0.0,0.676573,0.630832,0.0,0.0,0.0,0.640337,0.0,1.013513,0.641895,0.0,0.891926,1.879767,0.0,0.619221,0.0,1.784689,0.0,0.242881,0.485465,0.0,0.0
27,1.229561,0.602983,1.161614,0.0,0.402254,0.0,0.043513,0.0,0.532357,0.380879,0.0,0.35731,0.21349,0.476713,1.18246,0.0,0.961606,0.35839,0.231794,0.0,0.893527,0.546514,0.123796,1.230995,0.0,0.046922,0.0,0.775042,0.42978,0.0,0.0,0.0,0.514913,0.0,1.152477,0.79514,0.0,0.723007,1.57987,0.0,0.396399,0.0,1.83768,0.0,0.0,0.47042,0.0,0.0
28,1.106126,0.727305,1.245328,0.0,0.399556,0.0,0.195963,0.0,0.629086,0.247329,0.0,0.538144,0.315124,0.395615,1.145342,0.0,0.917014,0.386374,0.465447,0.0,0.798512,0.538765,0.257776,1.275026,0.0,0.0,0.0,0.914946,0.432342,0.0,0.0,0.0,0.575961,0.0,1.250306,0.720798,0.0,0.59318,1.525971,0.0,0.37714,0.0,1.748061,0.0,0.0,0.202898,0.0,0.0
29,0.842902,0.71991,1.176751,0.0,0.425963,0.0,0.417908,0.0,0.674888,0.329015,0.0,0.618039,0.543344,0.190423,0.98243,0.0,0.863297,0.212628,0.350961,0.0,0.540433,0.520207,0.107294,1.115167,0.0,0.0,0.0,0.672324,0.231068,0.052169,0.040502,0.0,0.388247,0.024563,1.180927,0.859968,0.0,0.385481,1.496396,0.0,0.510258,0.0,1.834899,0.0,0.0,0.084336,0.0,0.0
30,0.709263,0.810436,1.293588,0.0,0.192201,0.0,0.742786,0.0,0.551901,0.259356,0.0,0.582778,0.362221,0.364549,1.064065,0.0,0.659659,0.164029,0.498393,0.0,0.193807,0.314211,0.124432,0.978485,0.0,0.0,0.0,0.327637,0.275645,0.054243,0.457694,0.0,0.0,0.0,1.038703,0.721527,0.0,0.200204,1.335952,0.109553,0.209151,0.0,1.352821,0.0,0.0,0.0,0.0,0.0
31,0.462399,1.012285,1.15283,0.0,0.213573,0.0,0.817434,0.0,0.540005,0.058908,0.067229,0.444334,0.460566,0.091246,1.055054,0.0,0.367446,0.463746,0.752392,0.0,0.0,0.060818,0.079267,0.957416,0.0,0.0,0.0,0.471414,0.1212,0.253078,0.592246,0.0,0.159354,0.312023,0.820748,0.904547,0.0,0.014729,1.271156,0.15129,0.509408,0.0,1.123269,0.129056,0.0,0.0,0.0,0.0
32,0.815683,0.988156,1.38589,0.0,0.246229,0.0,0.964321,0.0,0.219914,0.0,0.043687,0.433811,0.244332,0.060299,0.865423,0.0,0.389589,0.406162,0.519126,0.0,0.0,0.0,0.0,0.262526,0.0,0.0,0.0,0.004374,0.126359,0.310109,0.835191,0.0,0.0,0.813234,0.605238,0.72213,0.0,0.0,1.484735,0.552555,0.527472,0.0,0.520271,0.521996,0.0,0.0,0.0,0.0
33,0.874584,1.294249,1.446332,0.0,0.275027,0.0,0.899484,0.0,0.0,0.0,0.092458,0.417846,0.0,0.0,0.712829,0.0,0.485197,0.531959,0.358796,0.0,0.0,0.0,0.0,0.062598,0.0,0.0,0.0,0.0,0.342962,0.136721,1.027115,0.0,0.0,1.216433,0.212945,0.803125,0.0,0.081225,1.357096,1.005139,0.500856,0.0,0.098323,0.765471,0.0,0.0,0.0,0.0
34,1.031838,1.478318,1.542051,0.0,0.169178,0.074806,0.86744,0.0,0.0,0.0,0.008776,0.347043,0.0,0.046323,0.855621,0.0,0.499616,0.884702,0.282359,0.0,0.0,0.0,0.0,0.044776,0.0,0.005944,0.0,0.0,0.390874,0.169511,0.982325,0.0,0.0,1.413772,0.0,0.793747,0.0,0.202815,1.284878,1.425218,0.436131,0.0,0.0,1.045459,0.0,0.0,0.0,0.0
35,0.839522,1.431833,1.473597,0.0,0.037708,0.304254,0.727239,0.0,0.0,0.0,0.0,0.165457,0.0,0.0,0.982331,0.0,0.562576,1.168821,0.231938,0.0,0.0,0.0,0.0,0.015315,0.0,0.202839,0.0,0.0,0.663002,0.390535,0.747065,0.0,0.0,1.463557,0.0,1.1242,0.0,0.357704,1.196078,1.485998,0.821872,0.0,0.0,1.186991,0.04183,0.0,0.0,0.0
36,1.049628,1.259439,1.373796,0.0,0.0,0.427183,0.653785,0.0,0.0,0.0,0.034333,0.007658,0.0,0.0,0.48652,0.0,1.047819,1.009824,0.0,0.0,0.0,0.0,0.0,0.0,0.048443,0.364473,0.0,0.029227,0.979546,0.586258,0.672198,0.0,0.0,1.698608,0.0,1.100318,0.0,0.636114,1.2254,1.110754,1.302385,0.0,0.0,1.222551,0.404379,0.0,0.0,0.0
37,0.944048,1.07767,1.199346,0.0,0.0,0.535409,0.437763,0.0,0.0,0.159875,0.09725,0.0,0.0,0.0,0.62665,0.0,1.151782,0.88998,0.0,0.0,0.0,0.0,0.0,0.0,0.17255,0.63358,0.0,0.050359,1.143075,0.662033,0.841483,0.0,0.0,1.698691,0.0,1.146832,0.0,0.927433,0.978317,1.144141,1.228842,0.0,0.0,1.052319,0.14156,0.0,0.0,0.0
38,0.590748,0.830083,0.923333,0.0,0.0,0.39,0.431238,0.0,0.0,0.181103,0.208476,0.0,0.0,0.0,0.65556,0.0,1.157679,0.711529,0.0,0.0,0.176679,0.0,0.0,0.0,0.543137,0.553742,0.0,0.0,0.959372,0.264159,0.849422,0.272899,0.0,1.000178,0.0,1.094852,0.0,0.629245,0.692127,1.008485,0.878296,0.0,0.0,0.688504,0.0,0.0,0.0,0.0
39,0.434978,0.926396,0.710857,0.0,0.0,0.306843,0.360059,0.152763,0.063741,0.160723,0.268034,0.126241,0.0,0.0,0.833694,0.0,0.941967,0.683901,0.20539,0.0,0.321092,0.0,0.0,0.321725,0.667947,0.348561,0.0,0.214989,0.692691,0.355575,0.564906,0.553692,0.0,0.612674,0.0,1.213633,0.0,0.486204,0.657697,0.937853,0.762084,0.0,0.091707,0.47676,0.0,0.099214,0.0,0.0
40,0.378302,1.195784,0.850422,0.0,0.0,0.160164,0.424805,0.218736,0.254735,0.0,0.414797,0.296954,0.0,0.0,0.966551,0.173911,1.02147,0.53425,0.464933,0.0,0.488204,0.0,0.0,0.357916,0.65956,0.036928,0.0,0.31493,0.475323,0.407838,0.696695,0.654505,0.0,0.547935,0.0,1.151294,0.0,0.392025,0.558794,1.02621,0.58622,0.0,0.116823,0.332035,0.0,0.173361,0.0,0.0
41,0.521669,0.974227,0.860841,0.0,0.0,0.165284,0.509626,0.312722,0.382464,0.0,0.580801,0.669012,0.082954,0.227718,0.984498,0.083504,1.15357,0.314954,0.742062,0.0,0.535348,0.0,0.0,0.181224,0.57779,0.0,0.0,0.0,0.444143,0.137922,0.798087,0.955731,0.0,0.692574,0.0,0.955841,0.0,0.205737,0.525312,1.080308,0.311336,0.0,0.108978,0.165203,0.115406,0.374999,0.0,0.0
42,0.505253,0.94977,1.037579,0.0,0.0,0.208631,0.609921,0.400162,0.552018,0.0,0.645804,0.884871,0.303513,0.201913,1.204209,0.305097,1.258893,0.250838,0.64684,0.0,0.845935,0.0,0.0,0.113754,0.722054,0.0,0.0,0.0,0.392877,0.256282,0.863859,1.014914,0.0,0.70685,0.0,1.193496,0.0,0.355098,0.4061,1.350128,0.377395,0.051734,0.230071,0.154827,0.260568,0.313837,0.0,0.0
43,0.441456,0.849876,0.987989,0.0,0.0,0.403774,0.651368,0.593988,0.544344,0.179932,0.674063,0.845851,0.438182,0.111989,1.207669,0.34409,1.464191,0.209581,0.372358,0.0,0.847215,0.0,0.0,0.068659,1.048977,0.0,0.0,0.0,0.548374,0.374001,0.935822,0.966948,0.0,0.66153,0.0,1.576566,0.0,0.615579,0.112116,1.35109,0.519848,0.031407,0.4212,0.0,0.321841,0.289251,0.0,0.0
44,0.255406,0.957546,0.866633,0.068676,0.0,0.555776,0.675011,0.802487,0.423599,0.415505,0.720151,0.720638,0.4642,0.0,1.13454,0.468551,1.538905,0.200385,0.0,0.0,0.950104,0.0,0.011348,0.143884,1.382478,0.0,0.0,0.307924,0.759176,0.477449,0.99691,0.792654,0.0,0.60099,0.0,2.061477,0.0,0.850079,0.0,1.25338,0.710516,0.0,0.657391,0.0,0.332142,0.284122,0.0,0.0
45,0.103576,0.951083,1.103826,0.056282,0.0,0.371115,0.882338,0.721971,0.50334,0.324289,0.702713,0.945961,0.753988,0.05337,1.274906,0.593796,1.635985,0.108237,0.112902,0.0,0.84555,0.0,0.131066,0.319942,1.370038,0.0,0.0,0.164741,0.50748,0.474821,0.997108,0.956948,0.0,0.67505,0.0,1.767131,0.0,0.770014,0.0,1.489581,0.444299,0.0,0.854245,0.0,0.11901,0.224028,0.0,0.0
46,0.0,0.682474,1.107304,0.145288,0.0,0.132661,1.072157,0.527243,0.614876,0.283463,0.735462,1.005742,0.771995,0.112144,1.308819,0.540595,1.491368,0.043989,0.236884,0.0,0.762737,0.0,0.254768,0.370207,1.389656,0.0,0.114361,0.039275,0.392064,0.712335,0.9895,0.826427,0.010093,0.659598,0.0,1.653329,0.0,0.716158,0.0,1.366197,0.4228,0.0,0.880485,0.042305,0.073998,0.144152,0.0,0.0
47,0.0,0.497338,0.904904,0.0,0.0,0.063249,1.024117,0.445144,0.611424,0.248908,0.795707,0.751533,0.653494,0.061596,1.225744,0.576084,1.344665,0.029331,0.238793,0.0,0.735663,0.0,0.465485,0.187696,1.339087,0.011583,0.006218,0.205178,0.458686,1.061228,1.18158,0.385168,0.008129,0.884173,0.0,1.51606,0.0,0.860577,0.0,1.126531,0.52446,0.0,0.902811,0.399103,0.0,0.040923,0.0,0.0
48,0.007345,0.301125,0.743432,0.170758,0.0,0.088572,0.927368,0.371384,0.543539,0.202605,0.622429,0.803139,0.468019,0.309407,0.964115,0.26442,1.154797,0.0,0.241247,0.0,0.408888,0.0,0.345781,0.169036,1.332036,0.0,0.0,0.073175,0.391671,0.569377,0.973267,0.58748,0.095589,0.649182,0.0,1.312245,0.0,0.554197,0.0,0.867025,0.313062,0.0,0.746267,0.110148,0.0,0.101783,0.0,0.0
49,0.138376,0.306862,0.793506,0.106608,0.0,0.200111,0.747754,0.041054,0.238438,0.226626,0.465667,0.70333,0.198622,0.150097,0.654731,0.032343,1.201424,0.0,0.122372,0.0,0.088309,0.0,0.234355,0.069777,1.042659,0.017942,0.002933,0.168202,0.647883,0.538546,0.960214,0.452633,0.024549,0.882886,0.0,1.105177,0.0,0.65599,0.0,0.634063,0.522794,0.0,0.597119,0.226757,0.0,0.0,0.0,0.0
50,0.000559,0.614305,0.910191,0.050005,0.0,0.168877,0.693024,0.230625,0.345358,0.179538,0.382861,0.486235,0.328315,0.075588,0.709306,0.115582,1.147418,0.159117,0.0,0.0,0.210925,0.0,0.15274,0.285536,1.151736,0.027541,0.064455,0.167591,0.443657,0.444578,0.825121,0.627742,0.088201,0.553793,0.0,1.322691,0.0,0.516129,0.0,0.773569,0.343324,0.0,0.638207,0.179073,0.0,0.0,0.0,0.0
51,0.09385,0.671589,0.944355,0.037451,0.0,0.175534,0.610808,0.112034,0.168801,0.046537,0.436543,0.262779,0.128267,0.063333,0.680892,0.0,1.217342,0.306191,0.053546,0.0,0.066122,0.0,0.0,0.281243,1.02378,0.219864,0.091947,0.231674,0.527966,0.487353,0.632273,0.523146,0.0,0.677463,0.0,1.191908,0.0,0.527941,0.097371,0.770378,0.583947,0.0,0.364369,0.44127,0.0,0.0,0.0,0.0
52,0.322743,0.731093,0.928326,0.0,0.0,0.205329,0.635402,0.0,0.0,0.106907,0.49483,0.333404,0.0,0.0,0.84139,0.0,1.286535,0.406803,0.0,0.0,0.110491,0.0,0.0,0.045204,0.785325,0.329295,0.0,0.000929,0.790959,0.650467,0.643534,0.290855,0.0,1.133092,0.0,1.302389,0.0,0.732015,0.369481,0.999275,0.851791,0.0,0.132032,0.662238,0.0,0.0,0.0,0.0
53,0.55122,0.878762,0.762746,0.0,0.0,0.3329,0.545011,0.0,0.0,0.170355,0.522347,0.228411,0.0,0.0,0.821373,0.0,1.037816,0.563329,0.0,0.0,0.198388,0.0,0.0,0.0,0.768963,0.519742,0.0,0.0,0.831238,0.605785,0.616018,0.110143,0.0,1.376957,0.0,1.494627,0.0,0.800885,0.56429,1.22224,1.059029,0.0,0.020465,0.86326,0.005608,0.0,0.0,0.0
54,0.639008,1.061724,0.564783,0.0,0.0,0.39534,0.59187,0.0,0.0,0.177715,0.551128,0.082719,0.0,0.0,0.652659,0.0,0.897382,0.673258,0.0,0.0,0.110597,0.0,0.0,0.0,0.851276,0.487528,0.0,0.0,0.811568,0.440466,0.671305,0.0,0.0,1.347116,0.0,1.661667,0.0,0.631332,0.576895,1.319634,1.113923,0.0,0.0,0.77659,0.016101,0.0,0.0,0.0
55,0.724192,1.354965,0.777073,0.0,0.0,0.373326,0.720972,0.0,0.0,0.0,0.50245,0.022496,0.0,0.046202,0.683766,0.0,0.755254,0.773638,0.0,0.0,0.0,0.0,0.0,0.0,0.674695,0.224697,0.0,0.0,0.531699,0.532813,0.735629,0.0,0.0,1.359319,0.0,1.290736,0.0,0.367368,0.676229,1.442438,0.915606,0.0,0.0,1.066356,0.00436,0.0,0.0,0.0
56,0.549376,1.437966,0.499271,0.081348,0.029787,0.246818,0.698017,0.054967,0.0,0.014804,0.539181,0.087933,0.0,0.117078,0.643939,0.0,0.442599,0.721324,0.145445,0.0,0.0,0.0,0.0,0.0,0.732022,0.0,0.0,0.0,0.316522,0.437389,0.847386,0.0,0.0,1.154717,0.0,1.376612,0.0,0.082779,0.682695,1.528618,0.820256,0.0,0.0,0.991952,0.0,0.0,0.0,0.0
57,0.499003,1.626009,0.47535,0.062661,0.311701,0.155441,0.770297,0.188015,0.175026,0.0,0.487876,0.221229,0.0,0.325096,0.650028,0.0,0.0,0.740495,0.554734,0.0,0.0,0.0,0.0,0.0,0.636227,0.0,0.0,0.0,0.0,0.393919,0.979502,0.100959,0.0,0.960519,0.0,1.140026,0.0,0.0,0.809667,1.411896,0.436387,0.0,0.0,1.019199,0.0,0.0,0.0,0.0
58,0.416141,1.764029,0.493071,0.138117,0.403067,0.184722,0.862105,0.177687,0.342337,0.021069,0.465315,0.228191,0.0,0.366373,0.494562,0.0,0.0,0.55324,0.699323,0.0,0.0,0.0,0.0,0.0,0.581947,0.0,0.0,0.0,0.0,0.223548,1.396609,0.0,0.0,0.831757,0.0,1.037273,0.0,0.0,0.877625,1.292413,0.187272,0.0,0.0,0.784626,0.0,0.0,0.0,0.0
59,0.488325,1.882188,0.459362,0.270777,0.50775,0.0,0.997791,0.275222,0.510777,0.0,0.512353,0.399299,0.052737,0.407303,0.597145,0.0,0.0,0.54153,0.985684,0.0,0.0,0.0,0.0,0.0,0.330238,0.0,0.0,0.0,0.0,0.108333,1.300704,0.0,0.0,0.944628,0.0,1.016091,0.0,0.0,1.03789,1.503395,0.27514,0.0,0.0,0.837463,0.090186,0.0,0.0,0.0
60,0.311295,1.545202,0.267667,0.110746,0.409949,0.0,1.013621,0.479702,0.492275,0.086834,0.552887,0.321222,0.222415,0.367203,0.618355,0.0,0.0,0.411858,0.904075,0.0,0.0,0.0,0.0,0.0,0.557137,0.0,0.0,0.0,0.0,0.214638,1.19948,0.0,0.0,0.745814,0.0,1.129059,0.0,0.0,1.002724,1.232932,0.440088,0.0,0.0,0.809439,0.139622,0.0,0.0,0.0
61,0.154677,1.161171,0.131248,0.0,0.17318,0.0,0.95416,0.457893,0.228823,0.145961,0.636268,0.173587,0.231549,0.300153,0.35748,0.0,0.0,0.276971,0.62767,0.0,0.0,0.0,0.0,0.0,0.736067,0.0,0.0,0.0,0.0,0.069009,1.344695,0.0,0.0,0.543807,0.0,1.295811,0.0,0.0,0.691861,0.999379,0.281263,0.0,0.095537,0.62134,0.0,0.0,0.0,0.0
62,0.245836,1.056524,0.367277,0.0,0.139068,0.0,0.907681,0.252525,0.187403,0.087636,0.444522,0.299744,0.339795,0.305135,0.501104,0.0,0.130906,0.261017,0.670283,0.0,0.0,0.0,0.0,0.0,0.547078,0.0,0.0,0.0,0.0,0.118248,1.023407,0.0,0.0,0.639498,0.0,0.97953,0.0,0.0,0.773908,0.916592,0.436603,0.0,0.04015,0.584288,0.137333,0.0,0.0,0.0
63,0.231966,0.938451,0.504662,0.0,0.055976,0.0,0.755559,0.145342,0.179412,0.09312,0.170785,0.095324,0.131142,0.269497,0.42796,0.0,0.337981,0.393781,0.408045,0.0,0.0,0.0,0.0,0.01892,0.507242,0.0,0.0,0.0,0.0,0.215886,0.83582,0.0,0.0,0.536623,0.0,0.686415,0.0,0.030719,0.573039,0.666785,0.407609,0.0,0.122281,0.694061,0.0,0.0,0.0,0.0
64,0.306825,0.652241,0.538091,0.0,0.0,0.05027,0.59166,0.238956,0.059532,0.192796,0.052689,0.0,0.042905,0.162615,0.327083,0.0,0.504944,0.522102,0.112247,0.0,0.0,0.0,0.0,0.12653,0.514851,0.233415,0.0,0.123342,0.145034,0.295672,0.567316,0.0,0.0,0.519892,0.0,0.675724,0.0,0.373676,0.544776,0.398055,0.564832,0.0,0.248003,0.844107,0.051409,0.042018,0.0,0.0
65,0.304168,0.316228,0.289081,0.0,0.0,0.082604,0.531606,0.254891,0.0,0.35612,0.025541,0.0,0.100991,0.099279,0.268883,0.0,0.723501,0.473928,0.0,0.0,0.087106,0.0,0.0,0.077165,0.69313,0.532627,0.0,0.146781,0.474661,0.274979,0.334706,0.0,0.126366,0.475682,0.0,0.835117,0.0,0.709717,0.634884,0.465394,0.90677,0.0,0.318696,0.885453,0.250665,0.08965,0.0,0.0
66,0.296251,0.283178,0.587466,0.0,0.0,0.210455,0.488405,0.255071,0.0,0.294837,0.050788,0.002752,0.232302,0.196919,0.607546,0.0,1.183088,0.526361,0.0,0.0,0.372945,0.0,0.0,0.038247,0.62482,0.711117,0.0,0.0,0.737469,0.258532,0.292217,0.266368,0.005011,0.601829,0.0,0.954762,0.0,1.073199,0.46982,0.794713,0.919648,0.0,0.186086,0.815885,0.236724,0.0,0.0,0.0
67,0.239261,0.216301,0.662432,0.0,0.0,0.381753,0.510362,0.373166,0.0,0.336991,0.148113,0.0,0.352242,0.103637,0.603132,0.0,1.680927,0.489331,0.0,0.0,0.617613,0.0,0.0,0.0,0.659623,0.824762,0.067833,0.0,1.07855,0.463551,0.297909,0.232163,0.0,0.697433,0.0,1.225768,0.0,1.390404,0.437872,1.031362,1.08169,0.0,0.235496,0.850519,0.356888,0.0,0.0,0.0
68,0.050406,0.089201,0.461857,0.0,0.0,0.366789,0.514865,0.632226,0.0,0.592767,0.247221,0.0,0.474992,0.0,0.271272,0.114114,1.816279,0.437726,0.0,0.0,0.623374,0.0,0.0,0.0,1.058796,1.146717,0.0,0.319688,1.101165,0.425118,0.203414,0.165656,0.11236,0.606041,0.0,1.458429,0.0,1.601541,0.592147,0.961776,1.310846,0.0,0.220176,0.98229,0.56439,0.004849,0.0,0.0
69,0.0,0.117345,0.661681,0.0,0.0,0.447288,0.644856,0.747556,0.0,0.664663,0.329447,0.0,0.483886,0.248046,0.36482,0.38429,1.766651,0.52593,0.0,0.0,0.677242,0.0,0.0,0.015156,1.32895,1.238935,0.0,0.261817,0.979427,0.253727,0.287152,0.390112,0.019857,0.534986,0.0,1.487721,0.0,1.551362,0.547676,1.28349,1.100538,0.0,0.233201,1.224316,0.473699,0.14484,0.0,0.0
70,0.0,0.169673,0.76993,0.0,0.0,0.533571,0.738704,0.788572,0.0,0.457089,0.515411,0.0,0.583301,0.568574,0.664332,0.313049,1.739195,0.749585,0.0,0.0,0.659754,0.0,0.0,0.069366,1.226931,1.216225,0.0,0.110484,0.863818,0.278829,0.224791,0.584597,0.0,0.630855,0.0,1.547291,0.0,1.476227,0.454271,1.532642,0.995154,0.0,0.128325,1.223365,0.41927,0.211784,0.0,0.0
71,0.0,0.058071,0.372728,0.0,0.0,0.503945,0.882928,0.868951,0.0,0.602788,0.712958,0.0,0.690113,0.460808,0.447392,0.268055,1.695509,0.787401,0.0,0.0,0.534769,0.0,0.0,0.0,1.191156,1.288347,0.0,0.193738,1.004216,0.570717,0.216637,0.194772,0.0,0.815945,0.096651,1.676225,0.0,1.617949,0.630625,1.673688,1.188791,0.0,0.082459,1.44419,0.577787,0.097436,0.0,0.0
72,0.0,0.0,0.059236,0.0,0.0,0.487564,1.081128,1.006348,0.0,0.639912,0.905625,0.0,0.790663,0.492989,0.299259,0.311965,1.489051,0.793121,0.0,0.0,0.576222,0.0,0.0,0.0,1.039809,1.302096,0.0,0.106424,1.07815,0.629192,0.201227,0.0,0.015889,1.051666,0.050916,1.730923,0.0,1.477068,0.892294,1.9554,1.311285,0.0,0.098784,1.740796,0.747931,0.11092,0.0,0.0
73,0.0,0.0,0.0,0.0,0.0,0.463022,1.267383,1.284992,0.0,0.79836,0.936807,0.0,0.807904,0.691792,0.205231,0.571672,1.285172,0.99564,0.0,0.0,0.511059,0.0,0.0,0.0,1.242344,1.420858,0.0,0.242565,0.837621,0.551481,0.301862,0.0,0.066451,0.875144,0.051911,1.634395,0.0,1.197858,0.993513,1.996768,1.124563,0.0,0.0,2.018986,0.622155,0.377488,0.0,0.0
74,0.017062,0.071825,0.392194,0.0,0.0,0.615112,1.333567,1.137563,0.0,0.634697,1.013774,0.0,0.740463,0.871233,0.345438,0.596777,1.48311,1.080542,0.0,0.0,0.425699,0.0,0.0,0.0,1.295406,1.367895,0.0,0.09678,0.7465,0.479273,0.616367,0.201838,0.0,0.935437,0.21752,1.619507,0.0,1.169199,0.848283,2.142074,0.807402,0.0,0.0,1.88984,0.473317,0.291458,0.0,0.0
75,0.0,0.0,0.025728,0.0,0.0,0.561848,1.087339,1.470215,0.0,0.768511,1.147566,0.0,0.834982,0.774929,0.20939,0.665348,1.447399,1.072697,0.0,0.0,0.682613,0.0,0.0,0.0,1.711522,1.408867,0.0,0.1401,0.797501,0.504854,0.316503,0.205534,0.0,0.818544,0.010996,1.971253,0.0,1.258049,0.6896,2.108403,0.913814,0.0,0.0,1.975771,0.508569,0.336657,0.0,0.0
76,0.0,0.0,0.223905,0.0,0.0,0.76272,0.821836,1.286261,0.0,0.81471,1.026772,0.0,0.658588,0.51441,0.256943,0.652896,1.626617,0.809069,0.0,0.0,0.503623,0.0,0.0,0.0,1.66795,1.389561,0.0,0.438162,0.977095,0.723888,0.396703,0.093769,0.0,0.950344,0.157536,1.754652,0.0,1.519869,0.665456,1.903044,1.012301,0.0,0.0,1.838715,0.631561,0.157378,0.0,0.0
77,0.0,0.161644,0.296235,0.0,0.0,0.919571,0.583067,1.235102,0.0,0.686506,0.994856,0.0,0.351974,0.121301,0.0,0.45161,1.913337,0.586376,0.0,0.0,0.65668,0.0,0.0,0.0,1.642053,1.185172,0.0,0.417049,1.326552,0.603327,0.694568,0.048091,0.0,1.102482,0.0,1.800628,0.0,1.441481,0.55503,1.736389,1.032063,0.0,0.0,1.501154,0.591869,0.005275,0.0,0.0
78,0.0,0.32855,0.665471,0.0,0.0,0.947022,0.361355,1.146584,0.0,0.37264,0.819542,0.0,0.13296,0.371491,0.429339,0.480018,1.583415,0.641582,0.0,0.0,0.658204,0.0,0.0,0.0,1.537175,0.922262,0.0,0.252346,0.995795,0.26544,0.748889,0.674574,0.0,0.971742,0.0,1.336184,0.0,1.008506,0.54983,1.62125,0.622573,0.0,0.0,1.281838,0.370503,0.266854,0.0,0.0
79,0.045944,0.566009,0.941864,0.0,0.0,0.921377,0.273284,1.003174,0.23652,0.203948,0.586766,0.0,0.0,0.488026,0.651708,0.252841,1.348619,0.642211,0.324694,0.0,0.690096,0.0,0.0,0.0,1.282229,0.45529,0.0,0.0,1.009511,0.070669,1.159545,1.169878,0.0,0.90386,0.0,0.921581,0.0,0.450559,0.69449,1.493655,0.0,0.0,0.0,0.998863,0.0,0.431415,0.0,0.0
80,0.169687,0.743382,1.086314,0.0,0.0,0.850452,0.198567,0.758948,0.289938,0.0,0.42444,0.09183,0.0,0.430623,0.615076,0.0,1.100186,0.59716,0.815647,0.0,0.56435,0.0,0.0,0.0,0.772209,0.206415,0.0,0.0,0.991218,0.0,1.487921,1.411622,0.0,1.105319,0.010625,0.486858,0.0,0.0,0.911492,1.208716,0.0,0.0,0.0,0.820288,0.0,0.481476,0.0,0.0
81,0.12811,1.022864,1.12992,0.0,0.0,0.844372,0.151463,0.693938,0.205682,0.086907,0.167825,0.026555,0.0,0.0,0.466774,0.039609,0.926099,0.557502,0.684896,0.0,0.362475,0.0,0.0,0.0,0.718273,0.124948,0.0,0.179859,1.084156,0.251019,1.607957,1.231728,0.0,0.979017,0.037554,0.470552,0.0,0.0,0.955573,1.024304,0.0,0.0,0.0,0.676996,0.0,0.338296,0.0,0.0
82,0.315274,0.888304,1.042906,0.0,0.0,0.818274,0.134958,0.451134,0.214851,0.0,0.159458,0.068869,0.0,0.08216,0.421773,0.0,0.819178,0.490424,0.828011,0.0,0.180377,0.0,0.0,0.0,0.574873,0.06602,0.0,0.0,1.074658,0.237405,1.75382,1.155464,0.0,1.124954,0.043,0.226379,0.0,0.0,0.930943,0.917411,0.0,0.0,0.0,0.664616,0.0,0.261761,0.0,0.0
83,0.279123,0.707832,0.578209,0.0,0.0,0.725969,0.102702,0.488469,0.171489,0.141918,0.157056,0.0,0.0,0.028465,0.45981,0.0,0.551608,0.556529,0.833211,0.0,0.086046,0.0,0.0,0.0,0.749812,0.244334,0.0,0.147777,1.127912,0.547156,1.501519,0.720588,0.0,1.100732,0.049444,0.291975,0.0,0.120853,0.942743,0.81462,0.0,0.0,0.0,0.900583,0.0,0.286988,0.0,0.0
84,0.422696,0.964284,0.914547,0.0,0.0,0.700969,0.063525,0.269736,0.102767,0.0,0.091538,0.195415,0.0,0.0,0.463824,0.0,0.523304,0.583463,0.761131,0.0,0.150265,0.0,0.0,0.0,0.359545,0.11854,0.0,0.0,1.035434,0.332485,1.328075,0.988781,0.0,1.232011,0.0,0.352593,0.0,0.0,0.969424,1.011312,0.053691,0.0,0.0,0.717905,0.0,0.240238,0.0,0.0
85,0.234715,0.946479,0.696245,0.0,0.0,0.607666,0.108278,0.521443,0.305862,0.0,0.136702,0.152486,0.0,0.112456,0.502923,0.0,0.46126,0.724516,0.669132,0.0,0.30635,0.0,0.0,0.0,0.463522,0.036892,0.0,0.0,0.730173,0.378501,1.222497,1.042849,0.0,0.749761,0.0,0.621791,0.0,0.0,0.94087,0.975846,0.0,0.0,0.0,0.6263,0.0,0.477019,0.0,0.0
86,0.480379,0.767115,0.61043,0.0,0.0,0.77239,0.0,0.380487,0.258816,0.05061,0.081912,0.174017,0.0,0.264627,0.522617,0.0,0.396929,0.711941,0.726056,0.0,0.400755,0.0,0.0,0.0,0.350413,0.129129,0.0,0.0,0.808038,0.373837,1.232612,1.014235,0.0,0.854663,0.0,0.360665,0.0,0.0,1.115095,0.898946,0.0,0.0,0.0,0.775894,0.0,0.561568,0.0,0.0
87,0.537842,0.567979,0.456936,0.0,0.0,0.820068,0.013787,0.340776,0.235908,0.017039,0.236311,0.0,0.0,0.394956,0.484353,0.0,0.54278,0.682187,0.788082,0.0,0.456082,0.0,0.0,0.0,0.386835,0.179742,0.0,0.0,0.847117,0.415034,1.131643,0.844767,0.0,0.870263,0.0,0.197592,0.0,0.013506,1.081494,0.987633,0.0,0.0,0.0,1.013681,0.043361,0.552027,0.0,0.0
88,0.719516,0.736197,0.322792,0.0,0.0,0.837605,0.0,0.444452,0.103416,0.198551,0.08786,0.0248,0.0,0.351558,0.437843,0.05592,0.422051,0.811293,0.610251,0.0,0.757345,0.0,0.0,0.0,0.325464,0.36666,0.0,0.0,0.938109,0.404891,0.870357,0.775791,0.0,0.84393,0.0,0.524691,0.0,0.163211,1.262168,1.02466,0.216054,0.0,0.0,1.00778,0.200163,0.726397,0.0,0.0
89,0.680932,0.673005,0.484177,0.0,0.0,0.929357,0.037125,0.356791,0.042657,0.07975,0.314933,0.0,0.0,0.350914,0.392723,0.0,0.752101,0.882136,0.281808,0.0,0.755519,0.0,0.0,0.0,0.29372,0.409098,0.0,0.0,0.981295,0.305303,0.866033,0.733766,0.0,0.925621,0.0,0.596966,0.0,0.230831,0.994957,1.217671,0.337945,0.0,0.0,1.044324,0.328902,0.546022,0.0,0.0
90,0.817338,0.597485,0.250137,0.0,0.0,0.9291,0.004292,0.530283,0.06795,0.226001,0.235583,0.0,0.040386,0.626928,0.633549,0.054148,0.560541,1.033662,0.141423,0.0,1.097696,0.0,0.0,0.0,0.372585,0.602545,0.0,0.0,0.883343,0.34014,0.568055,0.630565,0.0,0.768188,0.0,0.960231,0.0,0.345594,1.198351,1.468165,0.481682,0.0,0.0,1.13113,0.435966,0.704044,0.0,0.0
91,0.802436,0.199517,0.160948,0.0,0.0,0.950033,0.183011,0.325023,0.0,0.200879,0.330875,0.0,0.0,0.744928,0.48593,0.067084,0.613538,0.902429,0.329311,0.0,0.93501,0.0,0.0,0.0,0.442863,0.599597,0.0,0.0,0.912957,0.471084,0.496727,0.527377,0.0,0.910628,0.0,0.413365,0.0,0.444725,1.259589,1.44663,0.566522,0.0,0.0,1.578299,0.625028,0.742977,0.0,0.0
92,0.803926,0.144417,0.248376,0.0,0.0,0.999042,0.055953,0.430419,0.0,0.393877,0.104138,0.0,0.159921,0.852858,0.521555,0.191206,0.602521,0.783688,0.246103,0.0,0.899396,0.0,0.0,0.0,0.478518,0.75895,0.0,0.0,0.87577,0.466298,0.592332,0.514853,0.0,0.680819,0.0,0.417859,0.0,0.595606,1.376082,1.257067,0.517753,0.0,0.0,1.425421,0.535429,0.850055,0.0,0.0
93,0.621537,0.0,0.0,0.0,0.0,0.859703,0.360926,0.575138,0.0,0.70405,0.177923,0.0,0.335732,0.63145,0.0,0.305237,0.665513,0.676214,0.0,0.0,0.731801,0.0,0.0,0.0,0.699711,0.936731,0.0,0.172555,0.908338,0.526532,0.575202,0.058493,0.0,0.603875,0.0,0.465669,0.0,0.646145,1.127087,0.893209,0.742117,0.0,0.005744,1.685193,0.525805,0.750507,0.0,0.0
94,0.427418,0.0,0.124549,0.0,0.0,0.619792,0.377837,0.762207,0.0,0.611235,0.012814,0.0,0.545738,0.813103,0.0,0.054896,0.844773,0.700999,0.0,0.0,0.637547,0.0,0.0,0.13427,0.78674,0.757302,0.0,0.174761,0.567446,0.223507,0.455229,0.256129,0.0,0.043912,0.07637,0.788589,0.0,0.478003,0.772535,0.675449,0.460212,0.0,0.219684,1.12898,0.356823,0.708143,0.0,0.0
95,0.253554,0.0,0.0,0.0,0.0,0.408594,0.479247,0.931951,0.0,0.636972,0.093367,0.0,0.699196,0.796015,0.0,0.130083,0.786385,0.506772,0.0,0.0,0.63904,0.0,0.034891,0.0,1.003721,0.623025,0.0,0.174544,0.411572,0.268182,0.282199,0.016213,0.0,0.0,0.065612,0.854156,0.0,0.576365,0.568742,0.711972,0.475596,0.0,0.336016,1.162868,0.365979,0.620433,0.0,0.0
96,0.413365,0.0,0.240976,0.0,0.0,0.340368,0.28912,0.747904,0.132243,0.394304,0.0,0.037068,0.631398,0.98859,0.195588,0.181766,0.644992,0.355376,0.085564,0.0,0.702486,0.0,0.0,0.029058,0.803294,0.528763,0.0,0.245798,0.239995,0.168824,0.448889,0.251378,0.063708,0.0,0.122876,0.3955,0.0,0.632775,0.813931,0.534315,0.231201,0.0,0.440971,0.939424,0.270807,0.837318,0.0,0.0
97,0.278597,0.0,0.0,0.0,0.0,0.28259,0.465599,0.792635,0.046556,0.425609,0.150653,0.159602,0.844478,0.836344,0.137126,0.267123,0.477499,0.224002,0.0,0.0,0.905616,0.0,0.143358,0.0,0.727555,0.536827,0.0,0.134314,0.291763,0.172619,0.292728,0.0,0.165376,0.0,0.119242,0.655831,0.0,0.433812,0.611874,0.606475,0.483561,0.0,0.479246,0.928267,0.398342,0.692616,0.0,0.0
98,0.200083,0.0,0.0,0.0,0.0,0.134167,0.502384,0.660166,0.256322,0.366326,0.079798,0.209769,0.802302,0.827798,0.208796,0.181042,0.499292,0.239186,0.021483,0.0,0.863904,0.0,0.120874,0.078192,0.746004,0.362019,0.0,0.17848,0.128311,0.20724,0.268889,0.0,0.233992,0.0,0.170053,0.594123,0.0,0.375333,0.627067,0.502697,0.394432,0.0,0.665887,0.705019,0.28091,0.752168,0.0,0.0
99,0.280958,0.0,0.0,0.0,0.0,0.108275,0.416719,0.569312,0.347115,0.411482,0.047457,0.146464,0.664829,0.884022,0.268488,0.151712,0.513124,0.165872,0.099782,0.0,0.897595,0.0,0.193113,0.215762,0.867351,0.260221,0.0,0.295714,0.254222,0.264149,0.420901,0.0,0.183333,0.0,0.19041,0.587084,0.0,0.423101,0.579303,0.347321,0.381078,0.0,0.723184,0.600312,0.149705,0.923471,0.0,0.0
100,0.136194,0.0,0.0,0.0,0.0,0.209603,0.442173,0.481886,0.309157,0.311679,0.122958,0.119742,0.723427,0.728643,0.278352,0.125744,0.465701,0.167324,0.0,0.0,0.90549,0.0,0.248527,0.078781,0.774408,0.172983,0.0,0.150942,0.310787,0.226661,0.574339,0.0,0.106241,0.0,0.151051,0.795194,0.0,0.377238,0.369622,0.392001,0.442947,0.0,0.719145,0.612752,0.201586,0.709131,0.0,0.0
101,0.206095,0.0,0.036025,0.0,0.0,0.077113,0.489895,0.2091,0.477462,0.085141,0.05173,0.236318,0.65676,0.644258,0.49199,0.201048,0.296685,0.290974,0.276464,0.0,0.796014,0.0,0.309894,0.129281,0.503604,0.068412,0.0,0.111173,0.15079,0.3076,0.657464,0.069909,0.194165,0.064051,0.253932,0.352662,0.0,0.208512,0.725519,0.369165,0.290399,0.0,0.65169,0.576775,0.083319,0.685051,0.0,0.0
102,0.20068,0.0,0.110453,0.239638,0.0,0.0,0.532357,0.025672,0.541039,0.0,0.0,0.430821,0.68243,0.611425,0.633529,0.0,0.042608,0.390552,0.434608,0.0,0.82522,0.0,0.130925,0.23659,0.17466,0.0,0.0,0.0,0.114588,0.157092,0.522944,0.265525,0.39864,0.256698,0.155257,0.280904,0.0,0.0,0.972749,0.424252,0.292571,0.0,0.755669,0.561723,0.109088,0.707477,0.0,0.0
103,0.290406,0.170754,0.0,0.036626,0.0,0.0,0.427754,0.030019,0.520831,0.006093,0.0,0.407658,0.593376,0.512802,0.566101,0.117598,0.0,0.331721,0.553018,0.0,0.69926,0.0,0.275558,0.169049,0.251749,0.0,0.0,0.198418,0.308134,0.411786,0.767244,0.05443,0.360286,0.417998,0.275965,0.078547,0.0,0.141932,1.133213,0.227356,0.276316,0.0,0.748499,0.604388,0.0,0.700479,0.0,0.0
104,0.165787,0.204328,0.0,0.228883,0.0,0.0,0.658985,0.047878,0.531113,0.037874,0.0,0.366992,0.600543,0.58104,0.312497,0.0,0.0,0.276119,0.437475,0.0,0.398549,0.0,0.388499,0.262329,0.342622,0.0,0.0,0.163941,0.158237,0.342557,0.87971,0.057683,0.339382,0.17636,0.451783,0.273556,0.0,0.0,0.783512,0.046889,0.161425,0.0,0.93489,0.407698,0.0,0.441873,0.0,0.0
105,0.0,0.167946,0.0,0.314313,0.0,0.0,0.745265,0.125395,0.646306,0.0,0.096746,0.315241,0.662628,0.485308,0.486224,0.0,0.0,0.239384,0.49808,0.0,0.206058,0.0,0.14898,0.286519,0.391925,0.0,0.0,0.05194,0.0,0.403678,0.795564,0.06691,0.300566,0.266413,0.448501,0.308777,0.0,0.0,0.594456,0.179821,0.276553,0.0,0.928151,0.437937,0.0,0.35745,0.0,0.0
106,0.0,0.186928,0.091631,0.23977,0.0,0.0,0.906736,0.256042,0.609898,0.010666,0.053747,0.369002,0.71533,0.556388,0.474221,0.0,0.0,0.096553,0.546945,0.0,0.0,0.0,0.244084,0.295992,0.440474,0.0,0.0,0.082546,0.0,0.476695,0.928073,0.0,0.214086,0.259147,0.595888,0.173095,0.0,0.006377,0.475677,0.1314,0.233153,0.0,0.921072,0.41458,0.0,0.286829,0.0,0.0
107,0.0,0.210967,0.417415,0.144441,0.0,0.0,0.852554,0.131592,0.571937,0.036781,0.0,0.585159,0.766857,0.532225,0.4144,0.0,0.010068,0.079357,0.483359,0.0,0.0,0.0,0.289801,0.235246,0.255912,0.0,0.0,0.152202,0.0,0.268111,1.170817,0.03243,0.229233,0.345377,0.597679,0.107451,0.0,0.063871,0.382832,0.029782,0.016094,0.0,0.723675,0.298831,0.0,0.082824,0.0,0.0
108,0.0,0.290615,0.463352,0.192817,0.0,0.0,0.915188,0.304956,0.646324,0.070279,0.033412,0.733396,0.903502,0.561053,0.496339,0.0,0.134032,0.0,0.453957,0.0,0.010367,0.0,0.182394,0.452188,0.431007,0.0,0.0,0.205003,0.0,0.189378,1.049961,0.015325,0.344825,0.104866,0.542322,0.289968,0.0,0.144898,0.301572,0.10195,0.05377,0.0,0.860706,0.085421,0.0,0.134693,0.0,0.0
109,0.0,0.190983,0.586491,0.008159,0.0,0.0,0.882482,0.534829,0.575647,0.279252,0.001613,0.737737,0.959138,0.635231,0.355255,0.0,0.367362,0.0,0.168397,0.0,0.045739,0.111768,0.435155,0.460672,0.733226,0.0,0.0,0.435181,0.0,0.081003,0.992854,0.0,0.324757,0.0,0.552791,0.642411,0.0,0.328345,0.0,0.0,0.0,0.0,1.10276,0.0,0.0,0.055947,0.0,0.0
110,0.0,0.166651,0.575886,0.0,0.0,0.0,0.801431,0.868783,0.624162,0.452699,0.107828,0.810955,1.176764,0.577088,0.412208,0.0,0.468435,0.0,0.101617,0.0,0.311756,0.159061,0.351908,0.673945,0.977388,0.0,0.0,0.576861,0.0,0.195615,0.825186,0.0,0.491834,0.0,0.513652,0.930271,0.0,0.505857,0.0,0.0,0.084992,0.0,1.490713,0.0,0.0,0.209091,0.0,0.0
111,0.0,0.108592,0.659684,0.0,0.0,0.0,0.807899,1.015145,0.590677,0.545537,0.150939,0.950157,1.298359,0.621814,0.461262,0.0,0.50323,0.0,0.015191,0.0,0.498009,0.102565,0.247611,0.757933,0.933573,0.0,0.0,0.70718,0.0,0.332298,0.804735,0.0,0.61109,0.0,0.631817,0.877971,0.0,0.638321,0.0,0.0,0.143141,0.0,1.448635,0.0,0.0,0.330897,0.0,0.0
112,0.0,0.0,0.804165,0.0,0.0,0.0,0.924593,1.118764,0.461302,0.587764,0.170755,0.941594,1.278641,0.676236,0.369252,0.0,0.660593,0.0,0.0,0.0,0.361303,0.200452,0.4411,0.465219,1.111343,0.0,0.0,0.626748,0.0,0.273884,0.957602,0.0,0.43113,0.0,0.51918,0.967544,0.0,0.73042,0.0,0.100895,0.0,0.0,1.394095,0.0,0.0,0.131201,0.0,0.0
113,0.0,0.0,0.895986,0.0,0.0,0.0,0.996341,1.327313,0.424354,0.49806,0.294291,0.8997,1.282701,0.736492,0.317979,0.0,0.785108,0.0,0.0,0.0,0.271889,0.216687,0.538185,0.294005,1.365537,0.0,0.0,0.548416,0.0,0.088362,1.140278,0.040563,0.301192,0.0,0.328509,1.010726,0.0,0.782852,0.0,0.253953,0.0,0.0,1.351128,0.0,0.0,0.101607,0.0,0.0
114,0.0,0.0,0.965653,0.0,0.0,0.0,1.120569,1.348486,0.380883,0.418488,0.422432,0.829089,1.294603,0.769626,0.377087,0.089184,0.733963,0.0,0.0,0.0,0.015788,0.061582,0.520403,0.110798,1.390024,0.0,0.0,0.505576,0.0,0.188463,1.417841,0.064962,0.071676,0.30864,0.449245,0.788597,0.0,0.790476,0.0,0.328246,0.0,0.0,1.098427,0.023245,0.0,0.176698,0.0,0.0
115,0.0,0.0,0.969218,0.0,0.0,0.0,1.185099,1.365448,0.302972,0.442152,0.467809,0.91147,1.246956,0.722937,0.362955,0.068025,0.566489,0.0,0.135396,0.0,0.0,0.0,0.398877,0.034568,1.339437,0.0,0.0,0.45371,0.0,0.23509,1.625082,0.03704,0.041722,0.499566,0.581779,0.718755,0.0,0.646865,0.0,0.351183,0.0,0.0,0.942731,0.087217,0.0,0.139868,0.0,0.0
116,0.0,0.0,0.952272,0.073056,0.0,0.0,1.215934,1.481958,0.291094,0.498195,0.479841,0.945117,1.196539,0.669375,0.20979,0.0,0.585255,0.0,0.036257,0.0,0.0,0.0,0.382299,0.0,1.588757,0.0,0.0,0.384742,0.0,0.119627,1.692146,0.088012,0.025392,0.274555,0.58618,0.963128,0.0,0.51622,0.0,0.298928,0.0,0.0,0.982937,0.007296,0.0,0.019262,0.0,0.0
117,0.0,0.039858,1.07239,0.0,0.0,0.0,1.342996,1.383721,0.324654,0.44416,0.527332,0.888013,1.12889,0.631694,0.26692,0.0,0.498829,0.038007,0.272758,0.0,0.0,0.0,0.358532,0.020392,1.385055,0.064829,0.0,0.402508,0.0,0.259853,2.042622,0.010907,0.038831,0.715817,0.725971,0.663409,0.0,0.529161,0.0,0.357708,0.0,0.0,0.874224,0.322485,0.0,0.106742,0.0,0.0
118,0.0,0.175648,1.163645,0.01474,0.0,0.0,1.523757,1.348912,0.263955,0.485569,0.424437,0.933576,1.04814,0.580075,0.305909,0.0,0.518105,0.191949,0.404647,0.0,0.0,0.0,0.381906,0.058966,1.324486,0.16896,0.0,0.427765,0.0,0.204494,2.307224,0.0,0.138497,0.740052,0.92578,0.662363,0.0,0.436481,0.0,0.340346,0.0,0.0,0.785202,0.279414,0.0,0.00617,0.0,0.0
119,0.0,0.0,1.049401,0.0,0.0,0.0,1.467627,1.545676,0.064499,0.511125,0.492493,0.791641,1.065617,0.414733,0.283321,0.0,0.604431,0.281378,0.236027,0.0,0.0,0.0,0.444121,0.0,1.512692,0.337416,0.0,0.397638,0.0,0.346404,2.289909,0.0,0.113962,0.853631,0.96142,0.768567,0.0,0.615442,0.0,0.418114,0.0,0.0,0.704814,0.598938,0.0,0.0,0.0,0.0
120,0.0,0.0,1.261863,0.0,0.0,0.0,1.714687,1.407048,0.0,0.457636,0.484334,0.672964,0.895902,0.461967,0.441418,0.0,0.775369,0.504336,0.380186,0.0,0.0,0.0,0.44343,0.0,1.354407,0.462259,0.0,0.380748,0.019797,0.424356,2.560717,0.092361,0.108612,1.082385,1.102506,0.593357,0.0,0.67025,0.0,0.549299,0.0,0.0,0.586734,0.768964,0.0,0.0,0.0,0.0
121,0.0,0.0,1.011368,0.0,0.0,0.0,1.60584,1.579594,0.0,0.675146,0.5386,0.628293,1.040753,0.205052,0.196788,0.0,1.045852,0.571355,0.142743,0.0,0.0,0.0,0.511939,0.0,1.499956,0.856874,0.0,0.486626,0.160937,0.523547,2.383763,0.018617,0.329368,1.214779,1.011448,0.867859,0.0,1.065682,0.029319,0.645366,0.0,0.0,0.530814,1.084033,0.0,0.0,0.0,0.0
122,0.0,0.0,1.062862,0.0,0.0,0.0,1.454848,1.662798,0.0,0.800768,0.71669,0.473859,1.085461,0.219189,0.275085,0.259061,1.291564,0.616352,0.0,0.0,0.0,0.0,0.669132,0.0,1.725021,1.179489,0.0,0.519077,0.406362,0.68605,2.140244,0.064674,0.229392,1.428856,0.872033,1.035203,0.0,1.656016,0.012977,0.878017,0.156743,0.0,0.447434,1.477861,0.0,0.0,0.0,0.0
123,0.0,0.0,1.432761,0.0,0.0,0.177611,1.551019,1.667901,0.0,0.720658,0.727057,0.42122,1.032005,0.43496,0.537628,0.275038,1.667297,0.749865,0.0,0.0,0.0,0.0,0.424966,0.0,1.924616,1.171519,0.0,0.446195,0.513514,0.520689,1.862103,0.715712,0.207532,1.139967,0.746168,1.191579,0.0,1.713381,0.052493,1.223474,0.097871,0.0,0.455615,1.211159,0.0,0.002482,0.0,0.0
124,0.0,0.0,1.203519,0.0,0.0,0.345317,1.418806,1.841836,0.0,0.985552,0.736089,0.214417,1.139321,0.23357,0.309996,0.333397,2.099283,0.72635,0.0,0.0,0.218456,0.0,0.412147,0.0,1.971515,1.462089,0.0,0.727715,0.888994,0.734493,1.655259,0.530978,0.333958,1.003256,0.803217,1.41202,0.0,2.162603,0.184809,1.265096,0.551244,0.0,0.485399,1.33881,0.186675,0.0,0.0,0.0
125,0.0,0.0,1.366607,0.0,0.0,0.495469,1.094603,1.958383,0.0,0.931409,0.689398,0.23874,1.100276,0.377063,0.415341,0.33629,2.17211,0.772687,0.0,0.0,0.533122,0.0,0.120509,0.0,1.963515,1.568991,0.0,0.876157,0.814367,0.516652,1.241128,0.909492,0.505381,0.794667,0.796792,1.336758,0.0,2.33411,0.244389,1.240007,0.563644,0.0,0.543252,1.182026,0.299509,0.232634,0.0,0.0
126,0.0,0.0,1.303931,0.0,0.0,0.628143,0.913246,1.913857,0.0,1.053043,0.663965,0.168392,1.137262,0.219921,0.232892,0.397766,2.377611,0.626104,0.0,0.0,0.840132,0.0,0.250315,0.0,1.683885,1.678807,0.0,1.011159,1.081834,0.692938,1.497719,0.824823,0.598905,0.891276,0.87741,1.04723,0.0,2.620166,0.479371,1.116805,0.671359,0.0,0.441769,1.243924,0.421444,0.406149,0.0,0.0
127,0.0,0.0,1.245371,0.0,0.0,0.451879,0.716925,2.153117,0.0,1.035016,0.423377,0.275572,1.149662,0.633608,0.124455,0.195542,2.205214,0.651543,0.0,0.0,1.198075,0.0,0.283291,0.196507,1.80558,1.56161,0.0,1.038442,0.746201,0.297081,1.099167,0.970186,0.750385,0.307018,0.79661,0.976303,0.0,2.411212,0.531504,1.001793,0.412759,0.0,0.678101,1.08136,0.252936,0.693421,0.0,0.0
128,0.0,0.0,1.458564,0.0,0.0,0.341425,0.494311,2.252147,0.0,1.101802,0.058055,0.388909,1.103317,0.807516,0.0,0.0,2.218151,0.587703,0.0,0.0,1.242432,0.0,0.330213,0.526835,1.674958,1.228084,0.0,1.276972,0.536782,0.064346,0.868487,1.043913,1.007382,0.0,0.898622,0.889763,0.0,2.346037,0.414286,0.676051,0.158335,0.0,1.129986,0.719763,0.152098,0.771774,0.0,0.0
129,0.0,0.0,1.407972,0.0,0.0,0.224555,0.210262,2.241448,0.0,1.217348,0.0,0.529605,1.138543,0.852243,0.0,0.0,2.012298,0.434532,0.0,0.0,1.211394,0.062424,0.346384,0.764581,1.561918,1.171123,0.0,1.60541,0.358069,0.0,0.663567,0.877201,1.397877,0.0,1.024188,0.785317,0.0,2.268917,0.504775,0.247571,0.110026,0.0,1.469559,0.444385,0.135486,0.901436,0.0,0.0
130,0.081316,0.0,1.217296,0.0,0.0,0.124163,0.370914,2.108799,0.0,1.198523,0.0,0.630028,1.140524,0.844267,0.0,0.0,1.759688,0.168644,0.0,0.0,1.349637,0.0,0.673381,0.668579,1.450203,1.042325,0.0,1.558933,0.394193,0.18531,0.78922,0.574463,1.381777,0.0,1.146146,0.559424,0.0,2.122059,0.569243,0.207333,0.096779,0.0,1.40602,0.399146,0.08755,0.909492,0.0,0.0
131,0.199154,0.0,1.343138,0.0,0.0,0.098764,0.310598,1.848685,0.104823,0.979616,0.0,0.725148,1.007492,0.96629,0.0,0.0,1.653019,0.052618,0.0,0.0,1.295044,0.151542,0.832935,0.638501,1.269021,0.713671,0.0,1.460295,0.382695,0.128423,0.899255,0.625809,1.33601,0.0,1.169477,0.385833,0.0,1.972309,0.478464,0.098754,0.0,0.0,1.435776,0.200991,0.0,0.854161,0.0,0.0
132,0.305479,0.0,1.222674,0.0,0.0,0.004878,0.201662,1.712796,0.236535,0.862097,0.0,0.87513,1.028189,0.975838,0.0,0.0,1.379986,0.0,0.0,0.0,1.2136,0.303321,0.830449,0.717647,1.082297,0.558256,0.0,1.55302,0.234297,0.0,0.81791,0.436756,1.550279,0.0,1.26829,0.324131,0.0,1.606911,0.550453,0.0,0.0,0.0,1.574547,0.0,0.0,0.813645,0.0,0.0
133,0.119429,0.0,1.084462,0.0,0.0,0.0,0.157626,1.477886,0.457201,0.5495,0.0,0.691638,0.923115,0.938363,0.085532,0.0,1.164929,0.178428,0.118268,0.0,0.941339,0.345642,0.816162,0.952174,1.02888,0.25541,0.0,1.538276,0.073884,0.0,0.750677,0.307045,1.441966,0.0,1.272069,0.290162,0.0,1.336284,0.409399,0.0,0.0,0.0,1.725675,0.0,0.0,0.777919,0.0,0.0
134,0.241122,0.034912,0.923284,0.0,0.0,0.0,0.013844,1.146041,0.37211,0.380417,0.0,0.789834,0.770588,0.890446,0.0,0.0,0.911771,0.216739,0.221063,0.0,0.883292,0.505089,0.753018,0.983771,0.715055,0.181824,0.0,1.517253,0.18823,0.0,0.939799,0.318638,1.54045,0.0,1.1803,0.118146,0.0,1.037907,0.520602,0.0,0.0,0.0,1.577939,0.0,0.0,0.697901,0.0,0.0
135,0.007333,0.040941,1.03017,0.0,0.0,0.0,0.616643,0.976744,0.564639,0.244636,0.0,0.710946,0.795109,0.838494,0.354879,0.0,0.868726,0.244185,0.237086,0.0,0.51702,0.201688,0.885551,0.86473,0.664844,0.0,0.0,1.176359,0.102497,0.171167,1.120771,0.268141,1.147126,0.0,1.421305,0.048135,0.0,0.936162,0.439783,0.0,0.0,0.0,1.455291,0.0,0.0,0.449898,0.0,0.0
136,0.0,0.0,0.893129,0.0,0.0,0.0,0.649427,0.929658,0.462569,0.254703,0.05805,0.625154,0.849233,0.677328,0.457392,0.0,0.536243,0.270749,0.163659,0.0,0.509713,0.0,0.964962,0.614269,0.638617,0.213391,0.0,1.029199,0.085254,0.550018,1.18338,0.167869,0.846976,0.057915,1.380668,0.0,0.0,0.972917,0.5322,0.0,0.001851,0.0,1.294041,0.218848,0.0,0.552741,0.0,0.0
137,0.018399,0.0,0.684119,0.0,0.0,0.0,0.644736,0.987097,0.352757,0.396206,0.0,0.691636,0.888605,0.797803,0.3194,0.0,0.430243,0.264437,0.192604,0.0,0.495609,0.0,0.854972,0.653404,0.70334,0.340061,0.0,1.007669,0.137814,0.417092,1.206734,0.141055,0.921067,0.070798,1.196932,0.025628,0.0,0.925531,0.595605,0.0,0.0,0.0,1.320235,0.247653,0.0,0.590622,0.0,0.0
138,0.0,0.0,0.585922,0.0,0.0,0.0,1.059585,1.181653,0.208677,0.551688,0.063604,0.739176,1.099783,0.63366,0.09221,0.0,0.418277,0.136084,0.0,0.0,0.44906,0.0,0.982934,0.321969,0.776426,0.401493,0.0,0.797885,0.063124,0.562147,1.368647,0.0,0.926524,0.079927,1.181249,0.318976,0.0,0.789459,0.475038,0.0,0.043145,0.0,1.3628,0.422154,0.0,0.397721,0.0,0.0
139,0.0,0.0,0.40973,0.0,0.0,0.0,0.773894,1.103005,0.265191,0.479262,0.0,0.704242,1.069556,0.804728,0.15369,0.0,0.324183,0.215602,0.000712,0.0,0.450374,0.0,0.572377,0.638708,0.969561,0.409194,0.0,0.731985,0.035513,0.352318,1.005145,0.092208,0.912875,0.0,0.846497,0.561123,0.0,0.743912,0.376587,0.0,0.112867,0.0,1.422186,0.253737,0.0,0.572638,0.0,0.0
140,0.0,0.0,0.409529,0.017357,0.0,0.0,1.049813,1.043911,0.343268,0.405809,0.0,0.535366,1.046913,0.807222,0.179416,0.0,0.459705,0.113537,0.0,0.0,0.272524,0.0,0.711548,0.399023,1.067654,0.24177,0.0,0.554115,0.037369,0.460984,1.037706,0.034078,0.691798,0.0,0.824765,0.499232,0.0,0.699979,0.223353,0.214307,0.039851,0.0,1.204438,0.320726,0.0,0.440326,0.0,0.0
141,0.0,0.0,0.253615,0.0,0.0,0.0,0.996156,0.938873,0.343443,0.365504,0.112454,0.414675,1.012066,0.772553,0.220987,0.053175,0.423998,0.063631,0.0,0.0,0.459199,0.0,0.748092,0.128714,0.928113,0.271746,0.0,0.417078,0.180308,0.604655,0.966225,0.001544,0.422724,0.0,0.79555,0.406018,0.0,0.62806,0.360313,0.29092,0.187001,0.0,1.030419,0.566414,0.0,0.555614,0.0,0.0
142,0.215053,0.0,0.303078,0.004908,0.0,0.0,0.538284,0.531127,0.657128,0.133434,0.0,0.441889,0.869808,0.866915,0.418076,0.0,0.433275,0.186363,0.437942,0.0,0.605869,0.0,0.448164,0.35442,0.641938,0.192876,0.0,0.462713,0.067725,0.345348,0.815697,0.205463,0.555212,0.0,0.685651,0.058857,0.0,0.541534,0.825915,0.265697,0.137218,0.0,0.926737,0.466252,0.0,0.78582,0.0,0.0
143,0.491365,0.0,0.21299,0.0,0.0,0.203187,0.159564,0.350933,0.505528,0.227423,0.0,0.421408,0.582462,0.839114,0.335193,0.0,0.422713,0.265976,0.310582,0.0,0.794751,0.0,0.45489,0.224816,0.446114,0.123768,0.0,0.5044,0.377796,0.089806,0.729943,0.378457,0.530211,0.021366,0.566513,0.070592,0.0,0.418047,1.036133,0.088184,0.213451,0.0,0.833218,0.434186,0.0,0.900512,0.0,0.0
144,0.46608,0.0,0.024054,0.0,0.0,0.156518,0.187412,0.467802,0.391524,0.235364,0.0,0.221519,0.406276,0.722363,0.365079,0.0,0.580228,0.41086,0.246087,0.0,1.160503,0.0,0.42737,0.476475,0.634619,0.259246,0.0,0.639199,0.483338,0.073311,0.392785,0.0,0.513403,0.0,0.571459,0.402914,0.0,0.403305,0.976184,0.059045,0.480042,0.0,0.988282,0.4194,0.0,0.955789,0.0,0.0
145,0.924443,0.050251,0.0,0.0,0.000695,0.38653,0.0,0.353161,0.442897,0.26995,0.0,0.251674,0.344054,0.957468,0.477103,0.0,0.567206,0.527568,0.336561,0.0,1.251911,0.0,0.412543,0.630558,0.307883,0.228517,0.0,0.636881,0.539923,0.0,0.286639,0.047909,0.643991,0.0,0.437495,0.390616,0.0,0.187052,1.112782,0.105184,0.357065,0.0,1.132489,0.339535,0.0,1.094859,0.0,0.0
146,1.002975,0.0,0.354218,0.0,0.047573,0.277799,0.156323,0.117426,0.50742,0.188789,0.0,0.252853,0.351391,0.712063,0.798075,0.0,0.629805,0.448955,0.411173,0.0,1.40135,0.0,0.418116,0.377487,0.07486,0.170207,0.0,0.450833,0.588089,0.0,0.314951,0.100316,0.507801,0.13153,0.380202,0.1794,0.0,0.383534,1.632674,0.373026,0.621549,0.0,0.930642,0.555414,0.37054,1.233769,0.0,0.0
147,0.933379,0.082426,0.313471,0.055885,0.164445,0.31501,0.599769,0.153618,0.565928,0.272882,0.0,0.185786,0.645122,0.38928,0.613274,0.0,0.821562,0.420286,0.196261,0.0,1.317659,0.0,0.293988,0.535139,0.054486,0.087527,0.0,0.538376,0.516803,0.228425,0.093323,0.0,0.571039,0.206524,0.436013,0.554155,0.0,0.328375,1.54919,0.384218,1.069602,0.0,1.276719,0.536771,0.708003,1.238489,0.0,0.0
148,0.853365,0.205121,0.086083,0.010659,0.272628,0.151148,0.466012,0.260444,0.56127,0.2049,0.0,0.167416,0.708064,0.724532,0.712826,0.0,0.675161,0.549187,0.415372,0.0,1.223362,0.0,0.016605,0.651381,0.112861,0.023454,0.0,0.167044,0.257011,0.0,0.023062,0.0,0.259322,0.047028,0.09108,0.802613,0.0,0.202599,1.258181,0.796395,0.734486,0.0,1.191921,0.596429,0.533817,1.230667,0.0,0.0
149,0.95295,0.0,0.057858,0.0,0.180897,0.220096,0.489753,0.110801,0.493086,0.081219,0.0,0.31779,0.685204,0.905765,0.826191,0.091659,0.360371,0.55058,0.383277,0.0,1.18475,0.0,0.0,0.228825,0.0,0.0,0.0,0.0,0.257592,0.0,0.17014,0.281696,0.099117,0.104943,0.0,0.624408,0.0,0.086739,1.285625,1.08232,0.622365,0.0,0.634794,0.698817,0.690916,1.081825,0.0,0.0
150,0.787249,0.103182,0.0,0.0,0.146759,0.243947,0.376511,0.435562,0.473302,0.327298,0.0,0.123039,0.703369,0.999147,0.519544,0.111637,0.373502,0.486632,0.276569,0.0,1.053454,0.0,0.0,0.371505,0.407424,0.208605,0.0,0.021298,0.256245,0.0,0.205915,0.0,0.031447,0.0,0.0,0.941415,0.0,0.17472,0.92479,0.793223,0.539891,0.0,0.72907,0.687907,0.433775,1.133495,0.0,0.0
151,0.566075,0.108289,0.0,0.0,0.128654,0.224959,0.621394,0.477798,0.27368,0.522162,0.137664,0.0,0.767234,0.611422,0.11015,0.274924,0.387812,0.317565,0.015261,0.0,0.820502,0.0,0.068617,0.233481,0.598626,0.34981,0.0,0.173165,0.217524,0.230898,0.228067,0.0,0.0,0.0,0.021071,1.056853,0.0,0.284548,0.714689,0.619337,0.854959,0.0,0.74984,0.863894,0.518169,0.919622,0.0,0.0
152,0.500382,0.079806,0.0,0.0,0.090713,0.132632,0.658064,0.183404,0.120141,0.324933,0.15914,0.091102,0.619483,0.509069,0.206432,0.143268,0.29702,0.367921,0.037858,0.0,0.396341,0.0,0.0,0.009322,0.267118,0.063245,0.0,0.0,0.113376,0.142673,0.194782,0.0,0.0,0.332342,0.0,0.707525,0.0,0.259807,0.743021,0.708259,0.781318,0.0,0.422523,0.842438,0.642159,0.62164,0.0,0.0
153,0.410829,0.220191,0.0,0.0,0.164628,0.069782,0.787209,0.161242,0.247227,0.222648,0.160807,0.0,0.526323,0.638532,0.41618,0.078492,0.233325,0.452638,0.218256,0.0,0.398069,0.0,0.00146,0.075852,0.450194,0.0,0.0,0.0,0.0,0.246241,0.330646,0.0,0.0,0.100818,0.0,0.680296,0.0,0.133871,0.656343,0.779581,0.709859,0.0,0.370696,0.770769,0.477994,0.591881,0.0,0.0
154,0.382751,0.622148,0.0,0.086734,0.335069,0.0,0.709512,0.065123,0.35215,0.112266,0.217281,0.085763,0.459852,0.495898,0.620888,0.0,0.018163,0.597463,0.240401,0.0,0.371516,0.0,0.0,0.313422,0.222069,0.0,0.0,0.0,0.0,0.224982,0.247645,0.0,0.0,0.235635,0.0,0.90637,0.0,0.027452,0.679529,0.813627,0.712187,0.0,0.475874,0.589307,0.470549,0.562442,0.0,0.0
155,0.753147,0.65222,0.190927,0.198785,0.469652,0.045882,0.727359,0.0,0.308911,0.008963,0.114728,0.363956,0.279146,0.530149,0.531256,0.0,0.007539,0.420956,0.145853,0.0,0.369587,0.0,0.0,0.100712,0.0,0.0,0.0,0.0,0.0,0.0,0.208191,0.005538,0.0,0.572914,0.0,0.655927,0.0,0.0,0.862781,0.861197,0.721871,0.0,0.372497,0.578855,0.691382,0.272935,0.0,0.0
156,0.533145,0.955468,0.278942,0.29554,0.53764,0.0,0.806428,0.0,0.615061,0.0,0.11821,0.406062,0.393359,0.349383,0.88501,0.0,0.0,0.561447,0.569467,0.0,0.412883,0.0,0.0,0.412886,0.0,0.0,0.0,0.0,0.0,0.259802,0.144207,0.032553,0.029722,0.351993,0.0,0.659561,0.0,0.0,1.04739,0.832637,0.764663,0.0,0.519238,0.311198,0.546563,0.481588,0.0,0.0
157,0.357026,0.848214,0.239635,0.343594,0.481385,0.0,0.853292,0.0,0.73858,0.0,0.246576,0.484464,0.521448,0.39739,1.044643,0.0,0.0,0.458828,0.775364,0.0,0.5219,0.0,0.0,0.604359,0.0,0.0,0.0,0.0,0.0,0.311518,0.22259,0.089448,0.00907,0.273085,0.0,0.576456,0.0,0.0,0.90986,0.895375,0.710139,0.0,0.547448,0.197123,0.411729,0.500316,0.0,0.0
158,0.335118,0.540368,0.0,0.208101,0.356938,0.0,0.814151,0.0,0.686081,0.009606,0.359831,0.372119,0.508258,0.524663,0.964788,0.118501,0.117794,0.397446,0.591912,0.0,0.588487,0.0,0.066558,0.70182,0.194164,0.0,0.0,0.116623,0.0,0.33929,0.374885,0.0,0.0,0.043164,0.239692,0.730102,0.0,0.039682,0.60966,0.592758,0.600038,0.0,0.732055,0.095308,0.190303,0.563763,0.0,0.0
159,0.297357,0.366803,0.377632,0.0,0.33858,0.0,0.615749,0.009062,0.659861,0.107841,0.05926,0.516773,0.55489,0.638059,0.751967,0.0,0.495786,0.200667,0.559906,0.0,0.589988,0.0,0.272078,0.653834,0.200354,0.0,0.0,0.261872,0.084105,0.125627,0.390219,0.155417,0.13312,0.0,0.249091,0.500316,0.0,0.157745,0.504316,0.422763,0.40037,0.0,0.939915,0.0,0.074884,0.46027,0.0,0.0
160,0.211645,0.183877,0.299626,0.0,0.126879,0.149105,0.604335,0.394908,0.555554,0.257981,0.135924,0.306713,0.659473,0.678927,0.666749,0.004221,0.727698,0.103842,0.30446,0.0,0.843538,0.146189,0.574524,0.682443,0.539453,0.0,0.0,0.527212,0.288903,0.182617,0.473725,0.0,0.143594,0.0,0.377278,0.858528,0.0,0.373054,0.08264,0.318993,0.429007,0.0,1.342476,0.0,0.0,0.556558,0.0,0.0
161,0.513395,0.0,0.409776,0.0,0.14019,0.08676,0.393973,0.424582,0.581233,0.491576,0.039868,0.534106,0.740443,0.631458,0.520549,0.182998,0.798111,0.0,0.224257,0.0,1.099962,0.144072,0.536274,0.634948,0.574085,0.0,0.0,0.678599,0.33489,0.159772,0.341182,0.0,0.380844,0.0,0.587215,0.587962,0.0,0.635386,0.568933,0.070996,0.604111,0.0,1.245535,0.113655,0.172597,0.867387,0.0,0.0
162,0.557415,0.057524,0.117585,0.0,0.148922,0.108459,0.378145,0.683168,0.624614,0.471598,0.068493,0.400476,0.884753,0.766543,0.5206,0.081193,0.842673,0.013162,0.274675,0.0,1.314999,0.21125,0.530124,0.851486,0.828692,0.118724,0.0,0.839564,0.419931,0.054778,0.191993,0.0,0.415761,0.0,0.567138,0.907088,0.0,0.702149,0.427703,0.276566,0.598288,0.0,1.499123,0.181969,0.025505,0.977548,0.0,0.0
163,0.703194,0.0,0.269852,0.0,0.243668,0.123373,0.422024,0.514646,0.707622,0.440575,0.013586,0.430098,0.842549,0.869182,0.609941,0.073929,0.837317,0.105117,0.349115,0.0,1.235157,0.070539,0.520308,0.838411,0.621617,0.024942,0.0,0.703152,0.408367,0.0,0.140175,0.0,0.41011,0.0,0.580745,0.748812,0.0,0.626144,0.602806,0.41887,0.532882,0.0,1.38305,0.205828,0.115811,1.088385,0.0,0.0
164,0.781066,0.197853,0.200314,0.0,0.345252,0.036462,0.58037,0.465556,0.751916,0.427848,0.059297,0.413851,0.940439,0.878647,0.693499,0.0,0.825818,0.246541,0.519922,0.0,1.140149,0.0,0.398613,0.997344,0.502341,0.0,0.0,0.695665,0.304136,0.0,0.007412,0.0,0.407551,0.0,0.591131,0.877869,0.0,0.462998,0.798208,0.492329,0.620502,0.0,1.588623,0.194357,0.181482,1.20909,0.0,0.0
165,0.929481,0.059762,0.257045,0.0,0.459283,0.025677,0.729069,0.309883,0.775889,0.457437,0.127818,0.473008,0.952786,0.667194,0.719985,0.058014,0.879946,0.197306,0.461164,0.0,1.218355,0.0,0.297005,0.817414,0.281496,0.0,0.0,0.579042,0.227011,0.0,0.0663,0.0,0.310207,0.0,0.638474,0.804351,0.0,0.445269,1.252451,0.499854,0.844459,0.0,1.515278,0.305124,0.553237,1.271638,0.0,0.0
166,1.254901,0.010924,0.25118,0.0,0.465391,0.126032,0.564767,0.062126,0.772041,0.373207,0.03172,0.574241,0.80653,0.767794,0.896914,0.125347,0.553979,0.330011,0.541123,0.0,1.233367,0.0,0.190795,0.695747,0.0,0.0,0.0,0.342495,0.320427,0.0,0.184898,0.0,0.296129,0.088714,0.461046,0.712051,0.0,0.254142,1.462718,0.628365,0.734581,0.0,1.176701,0.376261,0.717611,1.32124,0.0,0.0
167,1.2399,0.46684,0.026424,0.198277,0.634188,0.124274,0.715934,0.210717,0.871234,0.341681,0.225848,0.402572,0.880003,0.630171,0.975485,0.0,0.509535,0.516497,0.593956,0.0,1.266302,0.0,0.039704,0.896251,0.0,0.0,0.0,0.308082,0.140808,0.0,0.090721,0.0,0.151305,0.144531,0.457242,1.041449,0.0,0.139381,1.468585,0.784333,0.882864,0.0,1.517033,0.425409,0.629477,1.278239,0.0,0.0
168,1.429051,0.409708,0.192913,0.227508,0.595856,0.244226,0.673053,0.0,0.801238,0.258395,0.080834,0.618074,0.666546,0.725278,1.027846,0.053745,0.250922,0.583128,0.686825,0.0,1.148321,0.0,0.115445,0.688042,0.0,0.0,0.0,0.0,0.163303,0.0,0.235369,0.0,0.051136,0.326586,0.329656,0.703658,0.0,0.0,1.698251,0.820614,0.760484,0.0,1.099273,0.43855,0.796184,1.136755,0.0,0.0
169,1.181121,0.91078,0.197056,0.327017,0.686288,0.0,0.83863,0.0,0.921453,0.0,0.228441,0.527916,0.691671,0.467202,1.295312,0.0,0.202944,0.881172,1.150801,0.0,0.852708,0.0,0.263365,1.026851,0.0,0.0,0.0,0.333016,0.063742,0.0,0.233989,0.0,0.129546,0.56212,0.43368,0.75051,0.0,0.000874,1.788722,0.822113,0.905395,0.0,1.21043,0.438382,0.768842,1.201694,0.0,0.0
170,1.027651,1.05428,0.04978,0.583399,0.87504,0.0,0.88032,0.0,0.996218,0.0,0.281122,0.473082,0.703399,0.424528,1.504495,0.105614,0.0,1.027652,1.17793,0.0,0.917422,0.0,0.000767,1.069202,0.0,0.0,0.0,0.0,0.0,0.114217,0.372059,0.0,0.0,0.717067,0.366065,0.789828,0.0,0.0,1.772472,1.241071,0.841618,0.0,1.101457,0.500028,0.663534,0.932616,0.0,0.0
171,0.755106,1.084294,0.0,0.665762,0.848543,0.0,1.177283,0.0,0.918592,0.0,0.412269,0.352734,0.50444,0.259228,1.625938,0.277383,0.0,1.038867,0.982401,0.0,1.054563,0.0,0.05158,1.090152,0.0,0.0,0.0,0.0,0.0,0.539902,0.484003,0.0,0.0,0.726033,0.429073,0.904826,0.0,0.0,1.588455,1.299034,1.138057,0.0,1.05482,0.602311,0.727696,0.794995,0.0,0.0
172,0.709676,1.072759,0.111523,0.721968,0.884303,0.0,1.130822,0.0,0.844947,0.0,0.269474,0.500047,0.420165,0.21279,1.482318,0.109734,0.0,1.014966,0.841443,0.0,1.005618,0.0,0.0,0.870723,0.0,0.0,0.0,0.0,0.0,0.366134,0.416213,0.022032,0.0,0.853407,0.132413,0.829279,0.0,0.0,1.574678,1.283271,1.020215,0.0,0.973011,0.624429,0.815499,0.640617,0.0,0.0
173,0.613635,0.792511,0.0,0.413246,0.831534,0.062404,0.923442,0.0,0.777419,0.0,0.109777,0.457465,0.365309,0.31451,1.155302,0.231615,0.0,0.833187,0.797467,0.0,0.800636,0.0,0.090974,0.585621,0.0,0.0,0.0,0.0,0.0,0.421463,0.544741,0.117635,0.0,0.781931,0.042435,0.443019,0.0,0.0,1.448197,1.151351,0.798059,0.0,0.650426,0.783297,0.755627,0.57224,0.0,0.0
174,0.357942,0.713796,0.048567,0.37062,0.475926,0.0,0.881688,0.0,0.537652,0.0,0.155898,0.374542,0.443924,0.30798,0.804667,0.0,0.0,0.742086,0.650644,0.0,0.473053,0.0,0.0,0.483434,0.0,0.0,0.0,0.0,0.0,0.338329,0.379338,0.062414,0.027603,0.578339,0.0,0.575229,0.0,0.0,1.082977,0.787201,0.779924,0.0,0.61673,0.644557,0.612797,0.569771,0.0,0.0
175,0.301959,0.567581,0.0,0.118161,0.332809,0.10334,0.666864,0.0,0.483982,0.145974,0.048216,0.215879,0.462018,0.514474,0.537424,0.058393,0.044498,0.540548,0.508323,0.0,0.315804,0.0,0.0,0.322005,0.138491,0.0,0.0,0.0,0.0,0.240564,0.614364,0.083108,0.0,0.220673,0.119169,0.491342,0.0,0.021584,0.788016,0.593441,0.402293,0.0,0.393257,0.505413,0.330612,0.453117,0.0,0.0
176,0.270964,0.132487,0.0,0.0,0.144805,0.171351,0.54822,0.235738,0.354074,0.224419,0.13282,0.1618,0.42319,0.660406,0.421557,0.218647,0.105413,0.434002,0.259191,0.0,0.444966,0.0,0.022412,0.012164,0.372192,0.0664,0.0,0.0,0.02947,0.113388,0.580383,0.064482,0.0,0.205845,0.0,0.50011,0.0,0.238231,0.596035,0.528404,0.418653,0.0,0.281764,0.790745,0.367912,0.501987,0.0,0.0
177,0.027707,0.082925,0.0,0.0,0.0,0.045049,0.487687,0.536345,0.218492,0.311999,0.089361,0.12267,0.697503,0.550262,0.118937,0.083374,0.374174,0.401748,0.058846,0.0,0.236371,0.0,0.0,0.081629,0.62423,0.155261,0.0,0.0,0.0,0.0,0.276764,0.067396,0.013789,0.0,0.0,0.788678,0.0,0.324333,0.371614,0.446573,0.470522,0.0,0.504333,0.633649,0.293172,0.431738,0.0,0.0
178,0.0,0.0,0.0,0.0,0.0,0.093063,0.693081,0.623336,0.025374,0.38701,0.094749,0.0,0.689759,0.42053,0.0,0.082064,0.647881,0.374685,0.0,0.0,0.227832,0.0,0.034577,0.0,0.734012,0.282748,0.0,0.0,0.055762,0.039301,0.562849,0.0,0.0,0.0,0.119427,0.795053,0.0,0.506154,0.268708,0.462871,0.545656,0.0,0.374227,0.682524,0.27486,0.272547,0.0,0.0
179,0.0,0.0,0.0,0.0,0.0,0.0,0.805085,0.726477,0.042961,0.576084,0.092049,0.0,0.651536,0.38217,0.0,0.294743,0.682453,0.339995,0.05753,0.0,0.299145,0.0,0.126691,0.020494,0.943303,0.419206,0.0,0.041064,0.02285,0.167238,0.573452,0.0,0.068335,0.0,0.102795,0.751607,0.0,0.588317,0.52219,0.433525,0.573166,0.0,0.517671,0.972963,0.262715,0.401691,0.0,0.0
180,0.053293,0.0,0.009472,0.0,0.0,0.0,1.085649,0.659162,0.0,0.62496,0.163539,0.127077,0.84847,0.28058,0.052405,0.193027,0.580337,0.327204,0.300477,0.0,0.039376,0.0,0.095895,0.035738,0.632504,0.408429,0.0,0.022164,0.0,0.265574,0.662839,0.0,0.228743,0.26648,0.435567,0.638118,0.0,0.549771,0.832611,0.433402,0.729306,0.0,0.498882,1.033227,0.437105,0.339088,0.0,0.0
181,0.0,0.178849,0.073528,0.0,0.0,0.0,1.194002,0.676925,0.0,0.654878,0.162939,0.311596,0.936245,0.103293,0.0,0.0,0.394942,0.370077,0.408569,0.0,0.0,0.0,0.0,0.211359,0.487311,0.206255,0.0,0.0,0.0,0.085915,0.635568,0.0,0.470024,0.312993,0.521707,0.893791,0.0,0.257081,0.913398,0.322232,0.744783,0.0,0.653439,0.90011,0.444036,0.315697,0.0,0.0
182,0.0,0.432651,0.239932,0.0,0.074436,0.0,1.351711,0.595436,0.178302,0.504753,0.156608,0.428233,0.954725,0.085976,0.147432,0.0,0.042075,0.42488,0.826249,0.0,0.0,0.0,0.0,0.270147,0.240611,0.0,0.0,0.0,0.0,0.086089,0.91668,0.0,0.44969,0.512295,0.603624,0.75181,0.0,0.0,1.192113,0.392568,0.587509,0.0,0.678505,1.008146,0.33314,0.332321,0.0,0.0
183,0.0,0.586792,0.26127,0.0,0.045836,0.0,1.496576,0.411451,0.275195,0.444034,0.241727,0.3194,0.892781,0.058451,0.237379,0.0,0.035482,0.264505,1.091365,0.0,0.0,0.0,0.0,0.030557,0.261784,0.0,0.0,0.0,0.0,0.134464,1.478961,0.0,0.052387,0.710048,0.698601,0.646964,0.0,0.0,1.210609,0.5089,0.422697,0.0,0.560654,0.955399,0.143163,0.053174,0.0,0.0
184,0.0,0.877496,0.269968,0.107094,0.136792,0.0,1.483352,0.364088,0.541924,0.285189,0.196762,0.350533,0.843836,0.115516,0.399617,0.0,0.0,0.36563,1.418927,0.0,0.0,0.0,0.0,0.037367,0.223323,0.0,0.0,0.0,0.0,0.130419,1.735864,0.0,0.0,0.714291,0.762984,0.579073,0.0,0.0,1.272071,0.552384,0.133096,0.0,0.472564,0.920084,0.0,0.0,0.0,0.0
185,0.0,0.945055,0.192881,0.177887,0.164145,0.0,1.414092,0.283664,0.687442,0.210387,0.174748,0.323784,0.770961,0.112842,0.372368,0.0,0.0,0.340145,1.487423,0.0,0.0,0.0,0.0,0.0,0.324622,0.0,0.0,0.0,0.0,0.235589,2.053013,0.0,0.0,0.838882,0.824611,0.458261,0.0,0.0,1.169066,0.471167,0.0,0.0,0.430116,0.951685,0.0,0.0,0.0,0.0
186,0.0,1.143458,0.07994,0.24628,0.237985,0.0,1.246573,0.200691,0.738837,0.302829,0.053438,0.321024,0.581256,0.05665,0.214253,0.0,0.0,0.353344,1.303182,0.0,0.0,0.0,0.0,0.084829,0.436506,0.0,0.0,0.0,0.0,0.336537,2.029453,0.0,0.0,0.803883,0.812793,0.508427,0.0,0.0,1.107617,0.415852,0.0,0.0,0.527935,0.992144,0.0,0.0,0.0,0.0
187,0.0,1.150164,0.118095,0.259309,0.217559,0.0,1.304904,0.233391,0.662638,0.31481,0.0,0.448651,0.647385,0.040527,0.264885,0.0,0.0,0.428827,1.361317,0.0,0.0,0.0,0.0,0.034332,0.358292,0.0,0.0,0.0,0.0,0.491701,1.732452,0.0,0.054747,0.787858,0.782115,0.510607,0.0,0.0,1.309605,0.456208,0.25164,0.0,0.628938,1.23442,0.0,0.0,0.0,0.0
188,0.040775,1.083745,0.123168,0.265337,0.394756,0.076235,1.374819,0.154485,0.649967,0.241481,0.0,0.425838,0.721361,0.163417,0.241071,0.0,0.0,0.562385,1.572647,0.0,0.0,0.0,0.0,0.0,0.161548,0.0,0.0,0.0,0.0,0.479412,2.043903,0.0,0.0,1.067432,0.716586,0.263745,0.0,0.0,1.404595,0.559101,0.03243,0.0,0.481,1.448137,0.0,0.0,0.0,0.0
189,0.045184,0.843259,0.029805,0.188695,0.295018,0.088174,1.254886,0.115729,0.493803,0.165206,0.04101,0.309729,0.678904,0.28593,0.354577,0.0,0.0,0.598349,1.358223,0.0,0.0,0.0,0.0,0.0,0.095085,0.0,0.0,0.0,0.0,0.383649,1.899953,0.0,0.0,1.244826,0.561272,0.28061,0.0,0.0,1.267453,0.704826,0.127292,0.0,0.389771,1.470693,0.0,0.0,0.0,0.0
190,0.0,0.94468,0.065663,0.295328,0.223814,0.093499,1.133515,0.121543,0.59905,0.131753,0.044827,0.315997,0.615567,0.187104,0.417838,0.0,0.0,0.732684,1.066637,0.0,0.0,0.0,0.0,0.046037,0.188306,0.0,0.0,0.0,0.0,0.465497,1.45673,0.098916,0.0,0.91718,0.500563,0.465937,0.0,0.0,1.190301,0.727699,0.302597,0.0,0.467868,1.25148,0.0,0.0,0.0,0.0
191,0.007926,0.655939,0.095518,0.145105,0.168269,0.166257,1.040508,0.012736,0.342782,0.10916,0.0,0.244863,0.584353,0.360143,0.436861,0.0,0.0,0.803963,0.889512,0.0,0.0,0.0,0.0,0.0,0.051656,0.0,0.0,0.0,0.0,0.387034,1.420485,0.117917,0.0,1.071538,0.419898,0.325763,0.0,0.0,0.986591,0.728352,0.23318,0.0,0.297617,1.250403,0.005865,0.0,0.0,0.0
192,0.0,0.57551,0.179602,0.055732,0.0,0.219335,0.953921,0.0,0.192481,0.232572,0.0,0.181026,0.400373,0.29727,0.256353,0.0,0.0,0.826931,0.548207,0.0,0.0,0.0,0.086863,0.066761,0.225849,0.137805,0.0,0.0,0.0,0.5875,1.066595,0.139823,0.091571,0.836879,0.410098,0.21362,0.0,0.071689,0.888224,0.520763,0.387176,0.0,0.381563,1.271693,0.021847,0.026454,0.0,0.0
193,0.01202,0.101694,0.0,0.0,0.0,0.137592,0.999231,0.111442,0.0,0.392314,0.062859,0.085241,0.390224,0.204869,0.043733,0.0,0.0,0.800145,0.22301,0.0,0.0,0.0,0.414001,0.0,0.312546,0.406145,0.0,0.0,0.0,0.586124,1.138901,0.0,0.143779,0.972601,0.410597,0.386393,0.0,0.331166,0.788402,0.172399,0.640724,0.0,0.570236,1.338527,0.031544,0.0,0.0,0.0
194,0.0,0.020386,0.0,0.025242,0.0,0.011766,1.09557,0.337835,0.057764,0.316092,0.115687,0.0,0.455391,0.357442,0.133962,0.044661,0.0,0.778947,0.241539,0.0,0.0,0.0,0.311719,0.167887,0.667129,0.446325,0.0,0.0,0.0,0.793388,0.938009,0.0,0.172149,0.603109,0.453022,0.367207,0.0,0.364882,0.743742,0.287967,0.659191,0.0,0.662041,1.319124,0.0,0.240038,0.0,0.0
195,0.0,0.0,0.0,0.215769,0.0,0.0,1.265415,0.422853,0.072217,0.478807,0.02058,0.0,0.624772,0.599414,0.033221,0.12408,0.120627,0.645562,0.171134,0.0,0.0,0.0,0.347333,0.24382,0.789453,0.456767,0.0,0.0,0.0,0.682564,0.956034,0.11793,0.200519,0.231645,0.516912,0.471614,0.0,0.352498,0.82234,0.437701,0.466824,0.0,0.760876,1.170465,0.0,0.282925,0.0,0.0
196,0.0,0.0,0.00588,0.115246,0.0,0.0,1.322134,0.453844,0.032682,0.24816,0.113185,0.148134,0.979841,0.675247,0.533662,0.064628,0.0,0.765198,0.309988,0.0,0.0,0.0,0.23987,0.165789,0.430283,0.50488,0.0,0.0,0.0,0.730014,0.787751,0.134558,0.35645,0.645332,0.649122,0.245288,0.0,0.578724,1.03444,0.810941,0.607491,0.0,0.598572,1.294564,0.019295,0.333765,0.0,0.0
197,0.134202,0.0,0.0,0.019244,0.0,0.026746,1.457597,0.59126,0.0,0.531085,0.072144,0.118838,1.029418,0.826539,0.138414,0.075212,0.186067,0.785759,0.157318,0.0,0.0,0.0,0.566736,0.171144,0.571654,0.604786,0.0,0.0,0.111841,0.574029,1.081146,0.089957,0.409675,0.441961,0.817449,0.475782,0.0,0.506483,1.125974,0.576735,0.470326,0.0,0.710014,1.369729,0.0,0.466179,0.0,0.0
198,0.221618,0.0,0.0,0.0,0.0,0.0,1.414928,0.855925,0.0,0.723353,0.041814,0.099814,1.12147,0.932979,0.043841,0.322426,0.194108,0.699969,0.172594,0.0,0.345398,0.0,0.543645,0.337803,0.712839,0.884629,0.0,0.233924,0.266538,0.601693,0.846409,0.03102,0.716953,0.313626,0.839059,0.549946,0.0,0.550677,1.395858,0.680457,0.625716,0.0,0.981179,1.656284,0.042028,0.921384,0.0,0.0
199,0.425005,0.0,0.0,0.0,0.0,0.0,1.50517,1.039888,0.0,0.854742,0.083113,0.153422,1.209495,0.967548,0.0,0.467472,0.460364,0.649834,0.15751,0.0,0.755841,0.0,0.713882,0.380097,0.779051,1.010328,0.0,0.451216,0.301562,0.451413,0.91066,0.0,0.939826,0.141106,0.935305,0.612827,0.0,0.574424,1.610436,0.670825,0.634197,0.0,1.085027,1.772609,0.122019,1.081346,0.0,0.0
200,0.368422,0.0,0.0,0.0,0.0,0.0,1.381881,1.333339,0.0,1.056827,0.0,0.249365,1.453348,0.903381,0.0,0.232928,0.911827,0.460727,0.0,0.0,0.791947,0.0,0.629319,0.46399,1.022971,1.038136,0.0,0.752158,0.286007,0.271086,0.619555,0.0,1.181694,0.0,1.130279,0.886928,0.0,0.96752,1.472666,0.5671,0.820209,0.0,1.240281,1.388064,0.337757,1.050762,0.0,0.0
201,0.3308,0.0,0.272928,0.0,0.0,0.0,1.104167,1.337809,0.0,1.03945,0.0,0.434572,1.615887,0.853101,0.0,0.031791,1.23367,0.199781,0.0,0.0,0.858665,0.0,0.529579,0.501795,0.921675,0.934989,0.0,0.925814,0.288661,0.198922,0.40003,0.0,1.291717,0.0,1.251515,0.948387,0.0,1.322427,1.384825,0.460978,0.767447,0.0,1.480814,0.962245,0.471611,1.0953,0.0,0.0
202,0.427192,0.0,0.305328,0.0,0.0,0.0,0.828991,1.536168,0.108528,1.002662,0.0,0.545242,1.52715,1.017955,0.0,0.0,1.281256,0.166762,0.0,0.0,1.251946,0.0,0.394975,0.78402,1.069747,0.8476,0.0,1.010553,0.16602,0.0,0.18558,0.0,1.355183,0.0,1.031616,1.217108,0.0,1.15431,1.112121,0.398593,0.560162,0.0,1.714605,0.572792,0.359555,1.155049,0.0,0.0
203,0.334951,0.0,0.399015,0.0,0.047784,0.0,0.889259,1.546799,0.173013,0.979321,0.0,0.579827,1.497375,0.894273,0.0,0.0,1.336184,0.0,0.0,0.0,1.494209,0.0,0.499267,0.659186,1.142853,0.711913,0.0,0.915578,0.279863,0.0,0.185061,0.0,1.10759,0.0,0.961457,1.254527,0.0,1.283422,0.765799,0.550694,0.543211,0.0,1.611526,0.612816,0.381943,1.054967,0.0,0.0
204,0.41572,0.0,0.804527,0.0,0.082129,0.0,0.709744,1.239936,0.321369,0.938682,0.0,0.8456,1.542127,0.852321,0.180497,0.0,1.344158,0.0,0.0,0.0,1.265432,0.326822,0.345908,0.82998,0.94931,0.425018,0.0,0.901411,0.295505,0.0,0.217365,0.0,1.082825,0.0,0.895063,1.237322,0.0,1.345277,0.641886,0.393482,0.404184,0.0,1.746644,0.033042,0.330838,0.940035,0.0,0.0
205,0.463719,0.026857,0.54883,0.0,0.164604,0.0,0.660286,1.278348,0.438753,0.937008,0.0,0.756861,1.597783,0.898795,0.261321,0.0,1.254454,0.0,0.0,0.0,1.196162,0.43642,0.316874,0.992986,1.134569,0.37776,0.0,1.029747,0.224488,0.0,0.0,0.0,0.95488,0.0,0.847938,1.37033,0.0,1.260784,0.445493,0.354104,0.33035,0.0,2.012559,0.0,0.247897,0.896472,0.0,0.0
206,0.517921,0.0,0.829453,0.0,0.230791,0.0,0.875192,0.880882,0.369267,0.893015,0.0,0.974837,1.528,0.544221,0.366939,0.0,1.140376,0.0,0.0,0.0,1.178476,0.433996,0.320622,0.746264,0.762421,0.262113,0.0,0.741687,0.253737,0.076737,0.209043,0.0,0.749057,0.0,0.994419,1.194559,0.0,1.163651,0.609802,0.171169,0.483241,0.0,1.737932,0.024137,0.527525,0.733469,0.0,0.0
207,0.403333,0.283525,0.711417,0.0,0.322061,0.0,0.844669,0.630473,0.585169,0.691822,0.028658,0.859825,1.489832,0.74278,0.745725,0.0,1.012554,0.0,0.013076,0.0,0.807871,0.655398,0.197213,1.022488,0.795821,0.0,0.0,0.657895,0.261631,0.0,0.128901,0.0,0.577853,0.0,0.817163,1.387355,0.0,0.939064,0.32379,0.31482,0.287069,0.0,1.991982,0.0,0.19991,0.576995,0.0,0.0
208,0.301944,0.416087,0.828481,0.0,0.361698,0.0,0.766365,0.40177,0.616384,0.482159,0.036704,0.874304,1.430363,0.648428,0.917115,0.0,0.921838,0.0,0.033307,0.0,0.807004,0.768521,0.122634,0.961289,0.618013,0.0,0.0,0.521035,0.289725,0.0,0.161272,0.0,0.468924,0.0,0.732621,1.401025,0.040952,0.841476,0.33691,0.354501,0.333128,0.0,1.861447,0.0,0.1008,0.346369,0.0,0.0
209,0.439309,0.552441,1.014265,0.0,0.363248,0.0,1.007675,0.136946,0.575921,0.338701,0.0,1.03907,1.333905,0.643401,1.056636,0.0,0.914671,0.0,0.158783,0.0,0.660868,0.673731,0.00989,1.01111,0.35241,0.0,0.0,0.424969,0.194438,0.0,0.184127,0.0,0.554977,0.0,0.853789,1.086069,0.177155,0.744673,0.635994,0.345776,0.366693,0.0,1.620731,0.0,0.121138,0.165356,0.0,0.0
210,0.368418,0.518279,0.931169,0.0,0.226801,0.0,1.021499,0.158218,0.541632,0.350998,0.0,0.953731,1.402166,0.555948,1.067201,0.0,0.870457,0.0,0.076675,0.0,0.657395,0.580217,0.12594,1.037115,0.386044,0.03322,0.0,0.493291,0.154747,0.149121,0.379461,0.0,0.616953,0.150637,1.032379,1.179498,0.074642,0.900894,0.558041,0.241622,0.494517,0.0,1.594792,0.0,0.060067,0.118321,0.0,0.0
211,0.202773,0.272255,0.904227,0.0,0.168482,0.0,1.102331,0.411041,0.211868,0.562643,0.0,0.941101,1.43439,0.515325,0.832274,0.0,1.0646,0.0,0.0,0.0,0.451248,0.579914,0.223196,0.83018,0.54576,0.192943,0.001506,0.490418,0.186031,0.082439,0.430734,0.0,0.669077,0.077353,1.036797,1.426858,0.0,1.05002,0.414532,0.23735,0.618778,0.0,1.740381,0.0,0.169932,0.03048,0.0,0.0
212,0.0,0.127743,0.693115,0.0,0.080934,0.0,1.197105,0.786689,0.0,0.757734,0.0,0.942774,1.661441,0.261884,0.650045,0.0,1.127522,0.0,0.0,0.0,0.43696,0.302729,0.352475,0.686433,0.707203,0.535988,0.205186,0.548655,0.206219,0.14203,0.526136,0.0,0.88995,0.091059,1.175495,1.821982,0.0,1.316051,0.358479,0.296955,0.728646,0.0,1.853131,0.090362,0.292575,0.0,0.0,0.0
213,0.0,0.142089,0.480911,0.0,0.019719,0.0,1.530776,1.158602,0.0,0.879945,0.0,0.854892,1.67911,0.345798,0.444848,0.0,1.292327,0.0,0.0,0.0,0.505777,0.018366,0.450116,0.726961,1.134077,0.807609,0.118582,0.514996,0.167145,0.085628,0.560314,0.0,1.008251,0.0,1.105654,1.93216,0.0,1.416814,0.342567,0.600409,0.703714,0.0,1.760195,0.246827,0.244961,0.000448,0.0,0.0
214,0.0,0.0,0.453312,0.0,0.0,0.0,1.64676,1.162326,0.0,0.983281,0.0,0.835283,1.86754,0.136463,0.388311,0.0,1.426906,0.056653,0.0,0.0,0.413264,0.0,0.614531,0.414661,1.027203,1.075739,0.191848,0.445962,0.317627,0.351464,0.880416,0.0,0.996638,0.267573,1.19052,1.961624,0.0,1.719341,0.406841,0.712497,0.972358,0.0,1.53337,0.653052,0.347081,0.0,0.0,0.0
215,0.0,0.041818,0.539938,0.0,0.0,0.0,1.735033,1.019932,0.0,0.826215,0.009791,0.941302,1.898584,0.169879,0.592015,0.0,1.469989,0.264473,0.0,0.0,0.078209,0.0,0.47595,0.366641,0.801113,0.957907,0.308672,0.361261,0.309254,0.224452,0.852128,0.0,1.094211,0.362885,1.303237,2.093637,0.0,1.693075,0.382296,0.758964,1.083051,0.0,1.465233,0.446184,0.348879,0.0,0.0,0.0
216,0.0,0.0,0.373199,0.0,0.0,0.0,1.861679,0.961825,0.0,0.741666,0.116587,0.76322,1.712791,0.214756,0.538594,0.0,1.320432,0.326361,0.0,0.0,0.059773,0.0,0.595748,0.428953,0.921856,1.069351,0.095415,0.255525,0.21751,0.309468,0.881531,0.0,0.954052,0.505868,1.143211,1.842723,0.0,1.580496,0.445972,0.894538,1.023962,0.0,1.269658,0.85124,0.224161,0.0,0.0,0.0
217,0.0,0.09302,0.224882,0.0,0.0,0.0,1.825593,0.87811,0.0,0.664907,0.123197,0.718014,1.608692,0.272186,0.629058,0.0,1.177789,0.370083,0.0,0.0,0.021675,0.0,0.416014,0.538371,0.896113,1.029803,0.06628,0.203502,0.097544,0.293292,0.622685,0.0,0.95029,0.468273,1.159286,1.816981,0.0,1.389234,0.516555,0.857758,1.116248,0.0,1.300411,0.829686,0.205776,0.0,0.0,0.0
218,0.026421,0.114067,0.382645,0.0,0.0,0.0,1.896183,0.562401,0.0,0.603646,0.110017,0.685629,1.552501,0.253645,0.846748,0.0,1.108379,0.371812,0.0,0.0,0.0,0.0,0.441037,0.342071,0.493572,0.897102,0.019501,0.028471,0.267651,0.539264,0.771668,0.0,0.806077,0.84539,1.230898,1.45581,0.0,1.347108,0.716252,0.826004,1.265,0.0,1.120068,0.919006,0.263253,0.0,0.0,0.0
219,0.0,0.031414,0.030833,0.0,0.0,0.0,1.872766,0.555994,0.0,0.670464,0.163871,0.506041,1.444278,0.0,0.42958,0.0,1.046632,0.433122,0.0,0.0,0.0,0.0,0.492083,0.209064,0.547271,0.87043,0.052937,0.010906,0.364634,0.490475,0.904012,0.0,0.814738,0.741231,1.031203,1.664217,0.0,1.140259,0.744371,0.715565,1.34581,0.0,1.156977,0.864194,0.299449,0.0,0.0,0.0
220,0.0,0.287282,0.088432,0.0,0.0,0.0,1.656209,0.405047,0.0,0.383926,0.167464,0.412037,1.263111,0.310864,0.729333,0.0,0.861926,0.446885,0.0,0.0,0.0,0.0,0.300507,0.375748,0.601675,0.710515,0.000378,0.0,0.247631,0.525443,0.559963,0.0,0.604977,0.657371,0.918496,1.485911,0.0,1.107549,0.435762,0.875091,1.149839,0.0,1.028666,0.766984,0.003919,0.0,0.0,0.0
221,0.0,0.138117,0.0,0.0,0.0,0.0,1.534156,0.483251,0.0,0.373584,0.169296,0.291139,0.93,0.197355,0.387646,0.055166,0.594991,0.496799,0.0,0.0,0.0,0.0,0.42277,0.399187,0.591323,0.755748,0.0,0.0,0.16316,0.394798,0.522038,0.0,0.648058,0.644797,0.71765,1.324095,0.0,0.87043,0.487441,0.641703,1.007799,0.0,1.064171,0.954454,0.071467,0.0,0.0,0.0
222,0.0,0.112518,0.007486,0.0,0.0,0.0,1.46502,0.305739,0.0,0.445349,0.043856,0.365602,0.830999,0.257664,0.531595,0.023655,0.616209,0.339633,0.0,0.0,0.070844,0.0,0.574194,0.229925,0.405103,0.601602,0.0,0.0,0.376602,0.512219,0.715989,0.0,0.480648,0.645427,0.65265,1.070042,0.0,0.869295,0.523554,0.659489,0.876592,0.0,0.992903,0.812817,0.103109,0.0,0.0,0.0
223,0.0,0.192607,0.165291,0.0,0.0,0.0,1.249022,0.179607,0.0,0.223928,0.0,0.235196,0.770393,0.245615,0.657596,0.0,0.49512,0.375567,0.0,0.0,0.062723,0.0,0.399718,0.323274,0.349505,0.322801,0.0,0.0,0.174366,0.61261,0.653573,0.0,0.421187,0.532884,0.65787,0.883276,0.0,0.595958,0.500602,0.405346,0.905617,0.0,1.087526,0.57841,0.057619,0.000928,0.0,0.0
224,0.084328,0.246263,0.474877,0.0,0.0,0.0,0.954849,0.076324,0.210333,0.0,0.0,0.128649,0.474389,0.205499,0.616585,0.0,0.390801,0.458546,0.027129,0.0,0.0,0.0,0.347296,0.352924,0.1924,0.072594,0.0,0.089653,0.087169,0.583638,0.498646,0.0,0.43243,0.608459,0.550398,0.466489,0.0,0.42461,0.484243,0.127694,0.839464,0.0,0.951834,0.59401,0.019368,0.063475,0.0,0.0
225,0.0,0.335337,0.204986,0.0,0.0,0.0,0.726261,0.102213,0.307761,0.0,0.065624,0.017335,0.299199,0.294379,0.605485,0.0,0.298163,0.414799,0.265785,0.0,0.132692,0.0,0.309465,0.529678,0.392807,0.032627,0.0,0.223898,0.0,0.397603,0.596762,0.0,0.247174,0.106311,0.508678,0.504826,0.0,0.208025,0.253156,0.088889,0.452588,0.0,0.838843,0.252262,0.0,0.042072,0.0,0.0
226,0.0,0.374943,0.515932,0.049075,0.0,0.0,0.525534,0.056417,0.375356,0.0,0.0,0.226863,0.241851,0.305265,0.567312,0.0,0.357651,0.264492,0.43966,0.0,0.184318,0.0,0.122575,0.343116,0.122597,0.0,0.0,0.079926,0.055072,0.205578,0.484892,0.241578,0.263288,0.067562,0.323365,0.178419,0.0,0.056688,0.511288,0.145083,0.303624,0.0,0.669224,0.122956,0.0,0.141828,0.0,0.0
227,0.208356,0.170468,0.398084,0.0,0.0,0.115168,0.1106,0.150859,0.451935,0.0,0.0,0.323431,0.102582,0.41288,0.484315,0.018052,0.257967,0.261742,0.441114,0.0,0.351946,0.0,0.143755,0.08444,0.13463,0.0,0.0,0.185051,0.286593,0.064697,0.751937,0.522048,0.244811,0.0,0.429594,0.0,0.0,0.090521,0.63946,0.007916,0.054987,0.0,0.307645,0.112906,0.0,0.297498,0.0,0.0
228,0.198998,0.240324,0.486106,0.0,0.0,0.329195,0.0,0.469362,0.542092,0.0,0.0,0.163106,0.043517,0.541886,0.28335,0.0,0.447221,0.275204,0.509236,0.0,0.446209,0.0,0.208341,0.038326,0.270465,0.0,0.0,0.237986,0.40301,0.0,0.749513,0.698688,0.288628,0.0,0.385926,0.0,0.0,0.014305,0.505329,0.017557,0.0,0.0,0.478121,0.047652,0.0,0.407428,0.0,0.0
229,0.483767,0.305522,0.295339,0.0,0.0,0.495272,0.0,0.661832,0.364538,0.111961,0.0,0.210164,0.0,0.601703,0.103884,0.0,0.463562,0.334424,0.566639,0.0,0.603839,0.0,0.088893,0.0,0.388983,0.0,0.0,0.415235,0.664741,0.0,0.740744,0.659052,0.35738,0.0,0.404612,0.0,0.0,0.101029,0.823143,0.0,0.0,0.0,0.429011,0.019533,0.0,0.572444,0.0,0.0
230,0.497411,0.252886,0.528457,0.0,0.0,0.517273,0.0,0.681299,0.243047,0.130304,0.0,0.05783,0.0,0.421958,0.092736,0.0,0.596543,0.412064,0.594208,0.0,0.698591,0.0,0.14223,0.0,0.386434,0.122495,0.0,0.504077,0.783957,0.0,0.779754,0.755815,0.33613,0.0,0.464735,0.0,0.0,0.246701,0.975108,0.0,0.0,0.0,0.216669,0.254241,0.0,0.572678,0.0,0.0
231,0.656207,0.504613,0.847001,0.0,0.0,0.581119,0.0,0.671355,0.055809,0.187708,0.0,0.075097,0.0,0.366064,0.160029,0.0,0.77505,0.484341,0.660843,0.0,0.823208,0.0,0.0,0.040086,0.223175,0.233441,0.0,0.606439,0.903576,0.0,0.874245,0.97412,0.403321,0.0,0.405003,0.0,0.0,0.339155,1.132762,0.0,0.0,0.0,0.265494,0.225641,0.0,0.761549,0.0,0.0
232,0.740171,0.547688,1.093447,0.0,0.0,0.577004,0.0,0.661692,0.147518,0.029812,0.0,0.0,0.0,0.297486,0.304796,0.0,0.888193,0.525066,0.639105,0.0,0.832826,0.0,0.0,0.117588,0.097194,0.319451,0.0,0.48545,0.805815,0.0,0.633986,1.052403,0.331242,0.06956,0.263401,0.0,0.0,0.415859,1.180145,0.251185,0.0,0.0,0.173498,0.46105,0.0,0.759016,0.0,0.0
233,0.731731,0.344299,0.918424,0.0,0.0,0.554509,0.0,0.546074,0.0,0.310119,0.0,0.0,0.0,0.0,0.288773,0.0,1.075966,0.553137,0.328964,0.0,0.903578,0.0,0.0,0.060113,0.297145,0.590484,0.0,0.577759,1.027885,0.23773,0.56501,0.635531,0.14872,0.186119,0.064614,0.105854,0.0,0.707096,1.305207,0.260113,0.371819,0.0,0.130279,0.636829,0.084067,0.61955,0.0,0.0
234,0.843938,0.165256,0.736877,0.0,0.0,0.54871,0.0,0.319914,0.0,0.256334,0.0,0.0,0.0,0.022004,0.416542,0.0,1.309809,0.547549,0.007323,0.0,0.967787,0.0,0.0,0.032281,0.319224,0.684782,0.0,0.236983,1.171029,0.250577,0.239468,0.596705,0.0,0.329088,0.0,0.388075,0.0,0.889996,1.264225,0.657521,0.801631,0.0,0.106109,0.801434,0.364518,0.57358,0.0,0.0
235,0.959037,0.219848,0.986797,0.0,0.0,0.62468,0.0,0.105825,0.0,0.188777,0.0,0.0,0.0,0.237154,0.760079,0.0,1.559618,0.584415,0.0,0.0,1.085178,0.0,0.0,0.157872,0.250747,0.784634,0.0,0.081888,1.252907,0.166948,0.13163,0.863989,0.0,0.460047,0.0,0.671113,0.0,1.08682,1.169891,0.916765,0.862537,0.0,0.185019,0.644165,0.415019,0.582578,0.0,0.0
236,0.676195,0.265976,0.778124,0.0,0.0,0.611511,0.005687,0.065605,0.0,0.332037,0.0,0.0,0.021063,0.193514,0.813053,0.0,1.685246,0.590364,0.0,0.0,1.169811,0.0,0.0,0.355422,0.437987,0.964189,0.0,0.326568,1.336381,0.435655,0.0,0.52875,0.003829,0.379546,0.0,1.185899,0.0,1.300805,0.902928,1.001364,1.159294,0.0,0.476626,0.654714,0.524271,0.519887,0.0,0.0
237,0.491074,0.123743,0.462433,0.0,0.0,0.575066,0.290601,0.0,0.0,0.507528,0.134071,0.0,0.190843,0.183822,0.946498,0.0,1.641568,0.573638,0.0,0.0,1.395374,0.0,0.0,0.199314,0.535031,1.094678,0.0,0.053762,1.506615,0.795829,0.0,0.189836,0.0,0.472771,0.0,1.693256,0.0,1.519673,0.567832,1.314277,1.349162,0.0,0.5541,0.836793,0.662189,0.310827,0.0,0.0
238,0.37151,0.104137,0.701344,0.0,0.0,0.44257,0.49881,0.0,0.0,0.557764,0.090645,0.0,0.291634,0.282363,1.099164,0.0,1.624817,0.532202,0.0,0.0,1.192205,0.0,0.0,0.314608,0.473113,0.978084,0.058475,0.002072,1.354919,0.952875,0.006903,0.255871,0.108958,0.51214,0.0,1.631082,0.0,1.542444,0.528046,1.35182,1.266241,0.0,0.727448,0.901652,0.562646,0.23357,0.0,0.0
239,0.388016,0.096795,0.653435,0.0,0.0,0.387725,0.593221,0.0,0.0,0.511596,0.032531,0.091206,0.404811,0.391007,1.24909,0.009089,1.299784,0.474979,0.0,0.0,1.058349,0.0,0.0,0.469264,0.293221,0.990968,0.0,0.0,1.250504,0.930657,0.0,0.300719,0.31571,0.70039,0.0,1.486121,0.0,1.507228,0.656453,1.29684,1.157011,0.0,0.854012,0.884711,0.553411,0.309439,0.0,0.0
240,0.129568,0.059522,0.260011,0.0,0.0,0.119636,0.796122,0.0,0.0,0.467557,0.147939,0.0,0.532516,0.306361,0.95986,0.061577,1.155845,0.486614,0.0,0.0,1.086151,0.0,0.220592,0.521041,0.450101,0.918486,0.047882,0.125544,0.953403,1.041296,0.100947,0.0,0.322182,0.480175,0.160424,1.516978,0.0,1.309597,0.50192,1.05248,1.21919,0.0,1.031899,0.946143,0.483114,0.31271,0.0,0.0
241,0.116046,0.0,0.001846,0.0,0.0,0.007629,0.858511,0.097697,0.0,0.484161,0.094533,0.0,0.483003,0.28083,0.569276,0.191565,0.853028,0.474018,0.0,0.0,1.004172,0.0,0.338324,0.47715,0.526155,0.798954,0.0,0.20247,0.698797,0.90161,0.244444,0.0,0.337149,0.298991,0.212477,1.352789,0.0,0.947614,0.585612,0.751125,1.146495,0.0,1.045542,0.997093,0.454224,0.425427,0.0,0.0
242,0.0,0.167512,0.083243,0.0,0.0,0.0,0.828985,0.07989,0.0,0.228727,0.112006,0.0,0.535985,0.304004,0.640586,0.0,0.61771,0.462485,0.0,0.0,0.662952,0.0,0.102008,0.471689,0.483531,0.451069,0.0,0.063339,0.410798,0.834423,0.133501,0.0,0.374203,0.225027,0.211737,1.087621,0.0,0.652799,0.519546,0.672531,1.026382,0.0,0.979364,0.727017,0.316344,0.399097,0.0,0.0
243,0.080702,0.28023,0.199573,0.026328,0.0,0.0,0.525651,0.102621,0.114048,0.094892,0.0,0.023827,0.380103,0.540276,0.524868,0.0,0.247581,0.577157,0.071826,0.0,0.13051,0.0,0.0,0.462917,0.46821,0.248926,0.0,0.0,0.031276,0.350526,0.282786,0.189606,0.288588,0.054268,0.093322,0.666366,0.0,0.348732,0.545404,0.551588,0.479907,0.0,0.726362,0.692622,0.009553,0.343989,0.0,0.0
244,0.170162,0.166122,0.335359,0.0,0.0,0.080882,0.577286,0.133021,0.036176,0.065073,0.0,0.044872,0.272975,0.430317,0.430898,0.0,0.074046,0.68285,0.097535,0.0,0.0,0.0,0.061403,0.060749,0.282886,0.213221,0.0,0.0,0.138512,0.383111,0.6804,0.191814,0.112337,0.539987,0.185383,0.347648,0.0,0.354638,0.556699,0.511526,0.383958,0.0,0.346218,0.985712,0.0,0.095215,0.0,0.0
245,0.384376,0.229066,0.448567,0.0,0.004303,0.425982,0.507224,0.153173,0.063882,0.237978,0.0,0.0,0.115587,0.38608,0.214319,0.0,0.0,0.84315,0.303523,0.0,0.0,0.0,0.150009,0.0,0.244475,0.280319,0.0,0.0,0.234594,0.496261,1.115378,0.272434,0.0,0.764067,0.271576,0.132375,0.0,0.238048,0.793216,0.484745,0.119569,0.0,0.193762,1.318431,0.0,0.069013,0.0,0.0
246,0.505726,0.293084,0.771781,0.0,0.0,0.669671,0.540749,0.148975,0.0,0.352547,0.0,0.0,0.030701,0.301809,0.073729,0.0,0.045604,1.085348,0.306916,0.0,0.0,0.0,0.238955,0.0,0.224634,0.348776,0.0,0.0,0.360811,0.583027,1.570844,0.337276,0.0,1.086772,0.307727,0.085042,0.0,0.199846,0.896738,0.574112,0.0,0.0,0.098612,1.55526,0.0,0.0,0.0,0.0
247,0.865568,0.464727,0.895457,0.0,0.0,0.90878,0.600967,0.038775,0.0,0.382513,0.0,0.0,0.0,0.144225,0.05743,0.0,0.092566,1.345906,0.302028,0.0,0.0,0.0,0.158021,0.0,0.163534,0.517793,0.0,0.0,0.691328,0.789085,1.682409,0.272529,0.0,1.631527,0.147785,0.140852,0.0,0.348645,1.100251,0.95411,0.111347,0.0,0.0,1.89332,0.0,0.0,0.0,0.0
248,0.754238,0.560265,1.002753,0.0,0.0,1.006837,0.545687,0.143626,0.0,0.102038,0.0,0.0,0.0,0.197735,0.566839,0.0,0.0,1.713318,0.368428,0.0,0.0,0.0,0.0,0.0,0.086034,0.594783,0.0,0.0,0.771999,0.949036,1.146363,0.472839,0.0,1.835739,0.078966,0.260088,0.0,0.437723,1.261663,1.453872,0.47093,0.0,0.0,2.112992,0.126566,0.0,0.0,0.0
249,0.892212,0.500747,0.751524,0.0,0.0,1.275145,0.553638,0.226459,0.0,0.522605,0.0,0.0,0.0,0.0,0.301083,0.0,0.0,1.90849,0.034235,0.0,0.0,0.0,0.0,0.0,0.363653,0.921971,0.0,0.0,1.146524,1.19761,1.103724,0.13342,0.0,1.918511,0.0,0.729294,0.0,0.665699,1.449641,1.501945,0.939805,0.0,0.0,2.320558,0.260006,0.0,0.0,0.0
250,1.082717,0.506977,0.912884,0.0,0.0,1.287607,0.540895,0.133666,0.0,0.431691,0.078232,0.0,0.0,0.094859,0.42715,0.0,0.09012,2.010459,0.022282,0.0,0.0,0.0,0.0,0.0,0.143165,1.01538,0.0,0.0,1.167623,1.042575,1.25256,0.273082,0.0,2.240903,0.0,0.665028,0.0,0.79765,1.50733,1.826613,0.780249,0.0,0.0,2.438763,0.330835,0.0,0.0,0.0
251,1.209268,0.458415,1.039707,0.0,0.0,1.351554,0.499669,0.147458,0.0,0.574164,0.018102,0.0,0.0,0.180185,0.22824,0.0,0.145482,2.049029,0.12171,0.0,0.0,0.0,0.0,0.0,0.091715,0.994467,0.0,0.0,1.041086,0.959975,1.455449,0.454605,0.0,2.235708,0.0,0.492076,0.0,0.682042,1.609114,1.698738,0.488966,0.0,0.0,2.535527,0.33824,0.0,0.0,0.0
252,1.22366,0.343862,0.886536,0.0,0.0,1.362584,0.602208,0.247379,0.0,0.614944,0.0,0.0,0.0,0.137229,0.109848,0.0,0.0,2.037683,0.224153,0.0,0.0,0.0,0.0,0.0,0.136447,1.054497,0.0,0.0,1.268414,1.057889,1.330613,0.271449,0.0,2.149513,0.0,0.434227,0.0,0.655146,1.653918,1.60523,0.582733,0.0,0.0,2.729496,0.419459,0.0,0.0,0.0
253,1.108738,0.338929,1.032907,0.0,0.0,1.428321,0.546298,0.356816,0.0,0.592781,0.0,0.0,0.0,0.217113,0.102671,0.0,0.0,1.972283,0.457767,0.0,0.0,0.0,0.0,0.0,0.1439,0.876187,0.0,0.0,1.178993,1.117629,1.231062,0.426743,0.0,1.75959,0.165636,0.259215,0.0,0.428866,1.749005,1.408556,0.455924,0.0,0.0,2.718965,0.485993,0.076736,0.0,0.0
254,1.05901,0.731245,1.353495,0.0,0.0,1.398804,0.410444,0.452164,0.0,0.598757,0.0,0.0,0.0,0.080784,0.077048,0.0,0.0,1.90423,0.628233,0.0,0.0,0.0,0.0,0.0,0.063519,0.716886,0.0,0.0,1.067381,1.161559,1.400012,0.689761,0.0,1.533491,0.385162,0.017157,0.0,0.368341,1.84634,1.286877,0.0,0.0,0.0,2.405362,0.1983,0.115677,0.0,0.0
255,1.07819,0.646474,1.114637,0.0,0.048423,1.244883,0.323225,0.436665,0.0,0.508978,0.0,0.0,0.0,0.11526,0.061825,0.0,0.0,1.768335,0.704521,0.0,0.0,0.0,0.0,0.0,0.0,0.671442,0.0,0.0,1.077793,0.943565,1.451539,0.563778,0.0,1.590228,0.324742,0.081026,0.0,0.234093,1.751312,1.233712,0.0,0.0,0.0,2.317926,0.241399,0.080172,0.0,0.0
256,1.05953,0.74218,0.97354,0.0,0.068802,1.215578,0.104178,0.462602,0.0,0.460711,0.0,0.0,0.0,0.161321,0.012692,0.0,0.0,1.616671,0.729487,0.0,0.0,0.0,0.0,0.0,0.007524,0.581039,0.0,0.0,1.03656,0.645783,1.762363,0.783192,0.0,1.398207,0.241157,0.105714,0.0,0.02204,1.677949,1.211457,0.0,0.0,0.0,1.900056,0.0,0.034752,0.0,0.0
257,1.009684,0.907215,1.034428,0.0,0.0,1.055919,0.0,0.464947,0.0,0.22097,0.0,0.0,0.0,0.138065,0.218875,0.0,0.0,1.491086,0.829146,0.0,0.011798,0.0,0.0,0.0,0.0,0.464232,0.0,0.0,0.999141,0.412882,1.739961,1.021522,0.0,1.355023,0.137361,0.113665,0.0,0.0,1.64722,1.285334,0.0,0.0,0.0,1.490854,0.0,0.045206,0.0,0.0
258,0.579855,1.241014,1.349643,0.0,0.0,0.764496,0.0,0.562626,0.0,0.0,0.0,0.0,0.0,0.0,0.318293,0.0,0.0,1.328549,0.965847,0.0,0.0,0.0,0.0,0.0,0.0,0.443675,0.0,0.0,1.147669,0.596328,1.532433,0.884451,0.0,1.37151,0.239437,0.257502,0.0,0.078145,1.475611,1.163544,0.0,0.0,0.0,1.332359,0.0,0.048257,0.0,0.0
259,0.628536,1.609877,1.661697,0.0,0.0,0.616024,0.017299,0.549839,0.0,0.0,0.0,0.282281,0.0,0.0,0.336057,0.0,0.043327,1.103066,1.018916,0.0,0.030777,0.0,0.0,0.0,0.0,0.272617,0.0,0.0,1.153216,0.40521,1.580498,1.166206,0.0,1.273407,0.166736,0.134384,0.0,0.0,1.491164,1.247567,0.0,0.0,0.0,0.969254,0.0,0.084047,0.0,0.0
260,0.265129,1.484206,1.516187,0.0,0.0,0.601943,0.06693,0.590934,0.0,0.0,0.0,0.043858,0.0,0.0,0.154698,0.0,0.243506,1.109819,1.079782,0.0,0.0,0.0,0.0,0.027206,0.015625,0.191196,0.0,0.3252,1.230329,0.565421,1.684865,1.018214,0.023224,1.018079,0.383492,0.270328,0.0,0.0,1.159383,0.690621,0.0,0.0,0.0,0.748375,0.0,0.08672,0.0,0.0
261,0.295356,1.367505,1.632815,0.0,0.0,0.582329,0.170681,0.384909,0.0,0.0,0.0,0.0,0.0,0.0,0.21855,0.0,0.612384,0.84045,0.937217,0.0,0.0,0.0,0.0,0.0,0.017491,0.100287,0.0,0.134163,1.060759,0.292704,2.23449,0.942508,0.0,1.066854,0.432457,0.216518,0.0,0.0,0.934371,0.772619,0.0,0.0,0.0,0.450013,0.0,0.0,0.0,0.0
262,0.298861,0.995561,1.380294,0.0,0.0,0.390434,0.172777,0.305247,0.0,0.0,0.0,0.044722,0.0,0.0,0.351892,0.0,0.313615,0.865648,0.885373,0.0,0.0,0.0,0.0,0.0,0.057966,0.237897,0.0,0.0,0.967841,0.36755,2.097867,0.725507,0.0,1.353158,0.340012,0.266879,0.0,0.0,0.820734,0.732393,0.0,0.0,0.0,0.738345,0.0,0.0,0.0,0.0
263,0.254333,1.046747,1.134298,0.0,0.0,0.384901,0.313226,0.334795,0.0,0.0,0.0,0.110726,0.0,0.0,0.338367,0.0,0.0,0.985446,0.864444,0.0,0.0,0.0,0.0,0.0,0.144331,0.206059,0.0,0.093972,0.744296,0.642319,1.821938,0.52747,0.025695,1.160219,0.344957,0.21958,0.0,0.0,0.948612,0.534418,0.0,0.0,0.0,0.910281,0.0,0.0,0.0,0.0
264,0.120982,1.156654,1.12849,0.0,0.0,0.263718,0.399778,0.219111,0.014181,0.0,0.0,0.11916,0.0,0.0,0.335084,0.0,0.089274,0.838791,0.788086,0.0,0.0,0.0,0.0,0.0,0.093131,0.01092,0.0,0.0,0.570653,0.412897,1.66917,0.467035,0.068312,1.092457,0.234573,0.333834,0.0,0.0,0.746368,0.743975,0.046207,0.0,0.0,0.764151,0.0,0.0,0.0,0.0
265,0.123982,1.018883,0.893458,0.0,0.0,0.244994,0.492396,0.122556,0.172828,0.0,0.0,0.142801,0.0,0.0,0.362902,0.0,0.0,0.669665,0.851546,0.0,0.0,0.0,0.0,0.0,0.092207,0.010221,0.0,0.0,0.277969,0.409869,1.719467,0.329923,0.091765,0.944022,0.256415,0.027866,0.0,0.0,0.699684,0.605013,0.0,0.0,0.0,0.926033,0.0,0.0,0.0,0.0
266,0.27698,0.742326,0.464577,0.0,0.118238,0.247515,0.443627,0.057912,0.237078,0.0,0.0,0.194339,0.0,0.293334,0.355903,0.0,0.0,0.608941,0.654765,0.0,0.0,0.0,0.0,0.0,0.1143,0.0,0.0,0.0,0.183186,0.150861,1.330028,0.286397,0.0,0.854265,0.054333,0.212433,0.0,0.0,0.619544,0.636634,0.0,0.0,0.0,0.815429,0.0,0.0,0.0,0.0
267,0.202397,0.675911,0.283831,0.0,0.064641,0.260938,0.465135,0.067199,0.260038,0.161236,0.0,0.033082,0.0,0.296047,0.095294,0.0,0.075355,0.536624,0.294734,0.0,0.0,0.0,0.0,0.0,0.348589,0.0,0.0,0.0,0.087832,0.103715,1.276189,0.168906,0.0,0.415675,0.020586,0.55851,0.0,0.0,0.464926,0.323615,0.060906,0.0,0.129364,0.586564,0.0,0.0,0.0,0.0
268,0.087208,0.730317,0.174718,0.029252,0.106004,0.09542,0.469093,0.106383,0.328356,0.067823,0.111263,0.0,0.04096,0.308464,0.391145,0.0,0.0,0.578679,0.377161,0.0,0.0,0.0,0.0,0.044116,0.347457,0.0,0.0,0.0,0.0,0.226823,0.804082,0.029546,0.0,0.294167,0.0,0.706167,0.0,0.0,0.485307,0.54258,0.333283,0.0,0.23209,0.578155,0.0,0.09508,0.0,0.0
269,0.275916,0.860667,0.089823,0.082047,0.259678,0.03062,0.612251,0.079788,0.361661,0.01817,0.12411,0.091409,0.077041,0.255392,0.6144,0.0,0.0,0.638382,0.389283,0.0,0.105635,0.0,0.0,0.127459,0.263299,0.0,0.0,0.0,0.0,0.40014,0.440516,0.0,0.0,0.379997,0.0,0.715138,0.0,0.0,0.819036,0.714477,0.733427,0.0,0.272094,0.703969,0.266204,0.243355,0.0,0.0
270,0.469642,0.978225,0.254784,0.174223,0.330395,0.109964,0.664683,0.0,0.249151,0.0,0.106551,0.072817,0.044772,0.205519,0.534754,0.0,0.0,0.738765,0.34194,0.0,0.093536,0.0,0.0,0.132921,0.03914,0.0,0.0,0.0,0.0,0.321041,0.320211,0.0,0.0,0.575139,0.0,0.729534,0.0,0.0,0.927692,0.72724,0.881035,0.0,0.208775,0.675384,0.480177,0.161781,0.0,0.0
271,0.691605,1.065032,0.118172,0.1136,0.501478,0.167931,0.627859,0.0,0.329871,0.0,0.088077,0.148046,0.01369,0.422555,0.724312,0.0,0.0,0.928852,0.403937,0.0,0.289942,0.0,0.0,0.242725,0.0,0.0,0.0,0.0,0.0,0.294654,0.397129,0.112579,0.0,0.574907,0.0,0.598622,0.0,0.0,1.083872,1.088543,0.560903,0.0,0.0,0.843641,0.5665,0.230865,0.0,0.0
272,0.745529,0.881783,0.0,0.0,0.445361,0.197824,0.734464,0.0,0.185086,0.002686,0.213961,0.028146,0.010499,0.513625,0.77516,0.0,0.0,0.908341,0.307875,0.0,0.479643,0.0,0.0,0.049283,0.0,0.0,0.0,0.0,0.0,0.312779,0.325093,0.0,0.0,0.750544,0.0,0.727751,0.0,0.020733,1.106183,1.342703,0.908391,0.0,0.075331,1.086424,0.727662,0.255314,0.0,0.0
273,0.605406,1.007738,0.008396,0.099085,0.417646,0.10942,0.894259,0.0,0.164082,0.0,0.228547,0.019963,0.214657,0.234449,0.781001,0.0,0.0,0.976023,0.245845,0.0,0.388299,0.0,0.0,0.117662,0.0,0.0,0.0,0.0,0.0,0.381969,0.175595,0.0,0.0,0.768059,0.0,1.021587,0.0,0.009048,1.187502,1.328735,1.187133,0.0,0.291591,0.948585,0.78931,0.266949,0.0,0.0
274,0.693736,0.79549,0.195099,0.0,0.330174,0.154769,0.835397,0.036651,0.05883,0.162768,0.185158,0.094969,0.215075,0.228686,0.503263,0.0,0.0,0.817867,0.19768,0.0,0.121483,0.0,0.0,0.0,0.0,0.0,0.0,0.0,0.0,0.189552,0.258242,0.0,0.0,0.823751,0.0,0.839098,0.0,0.0,1.235989,1.162398,0.953239,0.0,0.189962,1.074033,0.792024,0.215642,0.0,0.0
275,0.522516,0.658188,0.204858,0.0,0.270399,0.056341,0.814669,0.101443,0.128608,0.199499,0.241736,0.0,0.202791,0.268633,0.371476,0.006363,0.046767,0.795972,0.365622,0.0,0.0,0.0,0.0,0.130866,0.0,0.0,0.0,0.0,0.0,0.13764,0.661454,0.0,0.0,0.66645,0.024087,0.566146,0.0,0.050267,1.012905,0.914412,0.531694,0.0,0.067117,1.08321,0.402632,0.236476,0.0,0.0
276,0.299661,0.460897,0.208939,0.0,0.298225,0.0,0.933322,0.507849,0.119595,0.504765,0.125333,0.001854,0.479885,0.151293,0.145521,0.0,0.201556,0.551158,0.571059,0.0,0.0,0.0,0.0,0.110894,0.265621,0.0,0.0,0.0,0.0,0.101671,0.816507,0.0,0.0,0.298178,0.368139,0.698143,0.0,0.0,1.037997,0.451175,0.499675,0.0,0.351404,0.832248,0.238554,0.262138,0.0,0.0
277,0.338727,0.57882,0.646766,0.0,0.268319,0.0,1.015949,0.388086,0.255972,0.482725,0.0,0.084294,0.474165,0.085987,0.065892,0.0,0.305843,0.413726,0.676319,0.0,0.0,0.0,0.0,0.182556,0.137229,0.0,0.0,0.0,0.0,0.0,1.195591,0.0,0.001755,0.188199,0.597896,0.464568,0.0,0.0,1.083294,0.182625,0.056156,0.0,0.483551,0.540986,0.002759,0.103533,0.0,0.0
278,0.239387,0.475549,0.622634,0.0,0.259426,0.0,0.830303,0.353784,0.390435,0.354984,0.0,0.186381,0.41755,0.0,0.125217,0.0,0.212368,0.347316,0.683057,0.0,0.0,0.0,0.0,0.210322,0.081545,0.0,0.0,0.185766,0.0,0.030308,1.045815,0.0,0.181114,0.433148,0.813266,0.215325,0.0,0.0,1.054021,0.0,0.331546,0.0,0.519927,0.565684,0.068725,0.083332,0.0,0.0
279,0.132454,0.364977,0.457452,0.0,0.204004,0.0,0.772072,0.236398,0.421784,0.293829,0.005099,0.169718,0.327002,0.064496,0.197654,0.0,0.201861,0.331692,0.657396,0.0,0.0,0.0,0.054757,0.28139,0.155876,0.0,0.0,0.170806,0.0,0.0,0.94069,0.0,0.041522,0.268196,0.798355,0.339855,0.0,0.0,0.891938,0.0,0.310214,0.0,0.598666,0.428699,0.0,0.053594,0.0,0.0
280,0.257521,0.60888,0.517315,0.0,0.370305,0.0,0.701065,0.15997,0.63132,0.056961,0.002937,0.260038,0.385771,0.173391,0.461003,0.0,0.065562,0.388251,0.994753,0.0,0.0,0.0,0.0,0.335092,0.032518,0.0,0.0,0.000666,0.0,0.0,0.6951,0.0,0.0169,0.198762,0.634168,0.260081,0.0,0.0,1.118994,0.119353,0.264309,0.0,0.548186,0.335766,0.0,0.151525,0.0,0.0
281,0.419454,0.978598,0.379026,0.0,0.520987,0.0,0.531152,0.038394,0.773204,0.0,0.0,0.41361,0.332795,0.194859,0.504945,0.0,0.0,0.518763,1.136156,0.0,0.18548,0.0,0.0,0.499929,0.0,0.0,0.0,0.0,0.0,0.0,0.658937,0.0,0.236386,0.25823,0.511904,0.198205,0.0,0.0,1.27731,0.312207,0.122574,0.0,0.393927,0.390543,0.043005,0.356956,0.0,0.0
282,0.719775,0.757897,0.367106,0.0,0.464985,0.0,0.425563,0.144454,0.595939,0.0,0.0,0.299818,0.271138,0.110962,0.4566,0.0,0.0,0.55317,0.846444,0.0,0.234088,0.0,0.0,0.065359,0.0,0.0,0.0,0.177964,0.0,0.030748,0.392981,0.0,0.155089,0.355535,0.323127,0.414375,0.0,0.0,1.577225,0.249306,0.535677,0.0,0.513654,0.430578,0.3206,0.414218,0.0,0.0
283,0.771583,0.818742,0.273185,0.0,0.470785,0.133437,0.283697,0.139646,0.533178,0.075545,0.0,0.357202,0.280382,0.316934,0.313831,0.0,0.0,0.580229,0.853047,0.0,0.256834,0.0,0.0,0.049069,0.0,0.0,0.0,0.0,0.0,0.0,0.622298,0.0,0.032622,0.369664,0.212003,0.42272,0.0,0.0,1.407513,0.342248,0.239641,0.0,0.244763,0.498288,0.255685,0.441394,0.0,0.0
284,0.48443,0.580532,0.205203,0.0,0.291068,0.045219,0.691161,0.121019,0.453606,0.0,0.106072,0.0597,0.212361,0.280012,0.354653,0.0,0.0,0.491924,0.735569,0.0,0.07378,0.0,0.0,0.0,0.019271,0.0,0.0,0.0,0.0,0.0,0.774289,0.0,0.0,0.500432,0.139953,0.327985,0.0,0.0,1.187178,0.651473,0.234591,0.0,0.007228,0.887131,0.235985,0.223755,0.0,0.0
285,0.239566,0.628053,0.138281,0.0,0.160612,0.004717,0.653802,0.339346,0.253041,0.163456,0.193092,0.0,0.253103,0.038728,0.128032,0.0,0.0,0.518622,0.553397,0.0,0.0,0.0,0.0,0.0,0.156756,0.0,0.0,0.0,0.0,0.0,0.894347,0.0,0.0,0.560675,0.130839,0.713812,0.0,0.0,0.980545,0.51193,0.345712,0.0,0.142023,0.849791,0.092873,0.122851,0.0,0.0
286,0.193037,0.756385,0.467336,0.0,0.203358,0.0,0.846197,0.364275,0.273245,0.099579,0.13941,0.0,0.329426,0.054471,0.332067,0.0,0.0,0.475871,0.933237,0.0,0.0,0.0,0.0,0.0,0.160249,0.0,0.0,0.0,0.0,0.0,1.235104,0.0,0.0,0.635027,0.316931,0.468809,0.0,0.0,1.134229,0.591428,0.14736,0.0,0.0,0.863754,0.07088,0.050583,0.0,0.0
287,0.263362,0.922565,0.843888,0.0,0.283824,0.028771,0.859764,0.176199,0.233209,0.173371,0.0,0.004444,0.177598,0.0,0.121701,0.0,0.011723,0.453294,0.970282,0.0,0.0,0.0,0.0,0.0,0.02979,0.0,0.0,0.0,0.0,0.0,1.533242,0.0,0.0,0.771208,0.563589,0.13524,0.0,0.0,1.268049,0.401181,0.0,0.0,0.0,0.895941,0.0,0.0,0.0,0.0
288,0.324431,0.953319,1.200078,0.0,0.29954,0.0,0.895056,0.265917,0.258502,0.110696,0.0,0.209438,0.206209,0.0,0.250733,0.0,0.0,0.44081,1.122659,0.0,0.0,0.0,0.0,0.0,0.0,0.0,0.0,0.0,0.0,0.0,1.433375,0.0,0.046428,0.959857,0.825287,0.0,0.0,0.0,1.487747,0.417547,0.002359,0.0,0.0,1.020863,0.047113,0.0,0.0,0.0
289,0.394141,0.897433,1.219423,0.0,0.370224,0.0,0.768031,0.275901,0.200768,0.280765,0.0,0.156555,0.100689,0.0,0.077474,0.0,0.0,0.651406,1.220255,0.0,0.0,0.0,0.0,0.059321,0.0,0.0,0.0,0.0,0.010572,0.054691,1.714734,0.0,0.116201,0.751998,1.105438,0.0,0.0,0.0,1.456031,0.216574,0.0,0.0,0.153888,1.012967,0.0,0.0,0.0,0.0
290,0.286992,0.861317,1.352784,0.0,0.444959,0.0,0.773635,0.455291,0.202697,0.376829,0.0,0.302344,0.14127,0.0,0.03719,0.0,0.0,0.729643,1.200668,0.0,0.0,0.0,0.0,0.185507,0.0,0.0,0.0,0.135051,0.0,0.0,1.547562,0.0,0.501661,0.44512,1.34113,0.002014,0.0,0.0,1.473919,0.0,0.0,0.0,0.495654,0.684979,0.0,0.0,0.0,0.0
291,0.211178,0.838948,1.349054,0.0,0.473621,0.0,0.746344,0.47853,0.270175,0.399624,0.0,0.295969,0.153458,0.0,0.067093,0.0,0.0,0.765662,1.170462,0.0,0.0,0.0,0.118388,0.249402,0.0,0.0,0.0,0.240136,0.031604,0.0,1.500711,0.0,0.614339,0.25101,1.420475,0.023959,0.0,0.0,1.411044,0.0,0.0,0.0,0.686278,0.441299,0.0,0.0,0.0,0.0
292,0.3554,0.56257,1.352533,0.0,0.344528,0.0,0.716434,0.469637,0.168486,0.488111,0.0,0.314325,0.24298,0.0,0.102077,0.0,0.0,0.716887,0.967048,0.0,0.0,0.0,0.090314,0.213184,0.0,0.0,0.0,0.121925,0.080408,0.103979,1.357401,0.0,0.685465,0.495258,1.463462,0.0,0.0,0.0,1.363004,0.0,0.0,0.0,0.573459,0.796949,0.0,0.0,0.0,0.0
293,0.293842,0.006508,0.970447,0.0,0.162756,0.0,0.693147,0.563213,0.091373,0.42829,0.0,0.080477,0.218279,0.0,0.111507,0.0,0.0,0.756626,0.817983,0.0,0.0,0.0,0.305802,0.099919,0.102498,0.0,0.0,0.20802,0.017449,0.357233,1.203056,0.0,0.533291,0.599912,1.210667,0.0,0.0,0.155835,1.248206,0.0,0.093488,0.0,0.65839,1.146049,0.0,0.029438,0.0,0.0
294,0.362708,0.0,0.745071,0.0,0.075296,0.0,0.867972,0.442833,0.0,0.46319,0.0,0.085551,0.38034,0.074887,0.067288,0.0,0.0,0.539842,0.607457,0.0,0.0,0.0,0.502544,0.0,0.171626,0.070672,0.0,0.09742,0.054351,0.399879,1.373334,0.0,0.482835,0.633513,0.979385,0.0,0.0,0.161762,1.155899,0.0,0.006551,0.0,0.542056,1.204586,0.0,0.039603,0.0,0.0
295,0.181123,0.0,0.655339,0.0,0.008407,0.000588,0.74689,0.317028,0.139457,0.279328,0.0,0.02857,0.277308,0.437752,0.134608,0.0,0.129527,0.604433,0.453304,0.0,0.0,0.0,0.404273,0.0,0.284314,0.0,0.0,0.054163,0.092816,0.126584,1.26885,0.137312,0.295782,0.208096,0.808778,0.0,0.0,0.04133,0.677127,0.0,0.0,0.0,0.515081,0.628415,0.0,0.0,0.0,0.0
296,0.075856,0.0,0.435444,0.0,0.0,0.015846,0.590893,0.410096,0.199661,0.288466,0.0,0.204759,0.356326,0.442821,0.192854,0.0,0.04484,0.430263,0.288958,0.0,0.0,0.0,0.290117,0.085788,0.415549,0.105246,0.0,0.209414,0.071741,0.247131,0.781392,0.126767,0.409434,0.208109,0.653359,0.0,0.0,0.151981,0.65534,0.0,0.187287,0.0,0.67131,0.643368,0.0,0.241284,0.0,0.0
297,0.0,0.0,0.22438,0.0,0.0,0.034241,0.437534,0.488439,0.363598,0.217371,0.0,0.119882,0.367656,0.380892,0.310727,0.0,0.184956,0.253758,0.186536,0.0,0.148022,0.0,0.133599,0.117598,0.776491,0.072749,0.0,0.251315,0.112682,0.391707,0.639538,0.133826,0.22364,0.00238,0.451877,0.235018,0.0,0.326729,0.355046,0.0,0.334891,0.0,0.705575,0.384217,0.0,0.327582,0.0,0.0
298,0.0,0.0,0.469074,0.0,0.0,0.193564,0.395225,0.41812,0.460747,0.124408,0.0,0.34289,0.416312,0.524671,0.497625,0.097216,0.419832,0.153862,0.350222,0.0,0.287589,0.0,0.286669,0.05708,0.586191,0.0,0.0,0.256644,0.235284,0.248575,0.897053,0.461145,0.182527,0.0,0.421495,0.072529,0.0,0.290746,0.355856,0.010217,0.017942,0.0,0.570692,0.148848,0.0,0.3866,0.0,0.0
299,0.0,0.237779,0.619609,0.0,0.0,0.241655,0.349332,0.557319,0.446207,0.035808,0.0,0.396945,0.457916,0.453118,0.41988,0.01714,0.719134,0.148965,0.452774,0.0,0.512121,0.011154,0.301195,0.210069,0.619844,0.0,0.0,0.422627,0.277985,0.079895,0.922701,0.617238,0.386041,0.0,0.280583,0.148462,0.0,0.264818,0.240509,0.058655,0.0,0.0,0.792844,0.0,0.0,0.438619,0.0,0.0
300,0.0,0.268223,0.754945,0.0,0.0,0.230785,0.408807,0.629883,0.814977,0.0,0.160377,0.467646,0.604641,0.527388,0.571389,0.120547,0.891088,0.072055,0.681908,0.0,0.698205,0.0,0.236758,0.240221,0.570018,0.0,0.0,0.333361,0.241974,0.033228,1.018986,0.849982,0.393795,0.0,0.429908,0.046436,0.0,0.337706,0.373513,0.300928,0.0,0.0,0.736633,0.0,0.0,0.626374,0.0,0.0
301,0.060972,0.405737,0.638304,0.0,0.0,0.434212,0.105912,0.883046,0.680236,0.097041,0.105111,0.505698,0.600775,0.580083,0.372031,0.0,1.064314,0.123048,0.664842,0.0,0.820735,0.164739,0.275488,0.36145,0.826654,0.0,0.0,0.691677,0.430076,0.0,0.952721,0.812589,0.492217,0.0,0.405146,0.202825,0.0,0.513836,0.370906,0.061647,0.0,0.0,0.921387,0.0,0.0,0.858307,0.0,0.0
302,0.434117,0.03,0.796191,0.0,0.0,0.668797,0.0,0.810617,0.635126,0.29244,0.0,0.607105,0.427739,0.740129,0.259943,0.0,1.162799,0.048325,0.642676,0.0,1.065033,0.187958,0.288176,0.066728,0.757118,0.0,0.0,0.689121,0.578701,0.0,0.91847,1.0994,0.412364,0.0,0.486742,0.0,0.0,0.677102,0.729048,0.0,0.0,0.0,0.588343,0.0,0.0,1.018834,0.0,0.0
303,0.419961,0.443111,0.642405,0.0,0.0,0.621953,0.0,1.080808,0.504046,0.335519,0.0,0.42143,0.485914,0.780427,0.11988,0.0,1.382776,0.174901,0.771937,0.0,1.143339,0.243107,0.256664,0.431413,0.980317,0.0,0.0,0.998651,0.57087,0.0,0.68688,0.800715,0.613888,0.0,0.354006,0.144504,0.0,0.74232,0.602834,0.0,0.0,0.0,1.023911,0.010544,0.0,1.16397,0.0,0.0
304,0.723392,0.038338,0.623164,0.0,0.0,0.974542,0.0,1.15166,0.354518,0.593627,0.0,0.403098,0.485327,0.780845,0.029451,0.0,1.431941,0.110205,0.445667,0.0,1.384498,0.243389,0.236447,0.083046,0.971275,0.191908,0.0,0.821825,0.81821,0.0,0.658242,0.874521,0.417549,0.0,0.272339,0.198741,0.0,0.972601,0.717594,0.0,0.0,0.0,0.743344,0.227425,0.0,1.189925,0.0,0.0
305,0.648909,0.0,0.513338,0.0,0.0,0.917295,0.0,1.214118,0.352054,0.533897,0.055472,0.115688,0.395174,0.86896,0.151744,0.0,1.432864,0.180462,0.377362,0.0,1.547071,0.0,0.235015,0.0,1.102956,0.3919,0.0,0.611294,0.846067,0.0,0.493608,0.747404,0.112734,0.0,0.259883,0.345242,0.0,0.964546,0.626148,0.23028,0.069834,0.0,0.584309,0.517227,0.057891,1.188384,0.0,0.0
306,0.569294,0.013916,0.767694,0.0,0.0,0.686504,0.0,1.157586,0.12389,0.508317,0.055577,0.101108,0.366662,0.691294,0.277719,0.060782,1.68505,0.218662,0.362227,0.0,1.454837,0.0,0.071103,0.110106,1.177734,0.442411,0.0,0.760704,0.759093,0.019191,0.338664,0.800386,0.212349,0.0,0.067907,0.329748,0.0,1.223222,0.856629,0.347179,0.123204,0.0,0.558033,0.677389,0.090178,1.25443,0.0,0.0
307,0.526349,0.0,0.77343,0.0,0.0,0.811362,0.0,1.015115,0.07885,0.455567,0.110281,0.0,0.515459,0.668356,0.323476,0.103383,1.680191,0.444748,0.07556,0.0,1.305757,0.0,0.0,0.101546,1.0169,0.645728,0.0,0.421547,0.781008,0.000179,0.215363,0.873834,0.066225,0.0,0.0,0.696604,0.0,1.139624,0.629308,0.682097,0.385261,0.018614,0.568878,0.782881,0.301211,1.045646,0.0,0.0
308,0.50184,0.0,0.606816,0.0,0.0,0.828477,0.207323,0.622617,0.0,0.548798,0.229161,0.0,0.438662,0.601081,0.513371,0.30228,1.657043,0.432966,0.0,0.0,1.281843,0.0,0.0,0.0,0.966504,1.04958,0.0,0.257452,1.047832,0.373118,0.164147,0.671109,0.0,0.29396,0.0,0.914421,0.0,1.340533,0.744446,0.937847,0.872234,0.0,0.338483,0.961813,0.538767,0.833651,0.0,0.0
309,0.116251,0.0,0.491358,0.0,0.0,0.744287,0.48825,0.541556,0.0,0.642886,0.501744,0.00263,0.523048,0.186728,0.342373,0.203379,1.878855,0.522462,0.0,0.0,1.253266,0.0,0.0,0.0,1.080764,1.219876,0.0,0.248083,1.339715,0.588203,0.100626,0.433885,0.19943,0.525949,0.0,1.728952,0.0,1.622072,0.439177,1.255876,1.286573,0.0,0.300858,0.947418,0.779994,0.464473,0.0,0.0
310,0.052196,0.0,0.45861,0.0,0.0,0.658937,0.731158,0.337172,0.0,0.79735,0.62696,0.089391,0.610087,0.444831,0.776048,0.391921,1.650939,0.598109,0.0,0.0,1.000734,0.0,0.112167,0.0,1.118621,1.431334,0.0,0.195179,1.250203,1.052844,0.031056,0.19476,0.09731,0.822241,0.0,1.779209,0.0,1.851006,0.453913,1.552921,1.220017,0.0,0.398621,1.419724,0.639694,0.346332,0.0,0.0
311,0.0,0.0,0.318691,0.0,0.0,0.44996,0.933432,0.275458,0.0,0.667832,0.861284,0.142383,0.747088,0.420252,0.822753,0.378127,1.510161,0.723984,0.0,0.0,0.985831,0.0,0.126073,0.036822,1.270331,1.40756,0.0,0.135117,1.060046,1.064571,0.0,0.071065,0.249604,0.751392,0.0,2.334154,0.0,1.710775,0.179907,1.829721,1.255443,0.0,0.538128,1.265908,0.499458,0.146538,0.0,0.0
312,0.0,0.0,0.240956,0.0,0.0,0.46164,1.02903,0.157466,0.0,0.723924,0.958064,0.314887,0.778652,0.416978,0.902699,0.463534,1.409689,0.708317,0.0,0.0,0.865221,0.0,0.404348,0.0,1.143112,1.360675,0.0,0.007879,1.119461,1.29621,0.311756,0.0,0.139278,1.171619,0.0,2.199504,0.0,1.757044,0.187472,1.784732,1.280779,0.0,0.543615,1.515479,0.484532,0.07943,0.0,0.0
313,0.0,0.0,0.059904,0.0,0.0,0.22987,1.286686,0.257526,0.0,0.651383,0.947526,0.322249,0.867489,0.598775,0.828804,0.331125,1.290038,0.546123,0.0,0.0,0.637359,0.0,0.508657,0.0,1.44236,0.951531,0.0,0.0,0.746449,1.144975,0.38697,0.0,0.115189,0.774033,0.0,2.023211,0.0,1.329428,0.016057,1.721905,1.052995,0.0,0.690646,1.256198,0.31794,0.14321,0.0,0.0
314,0.0,0.01202,0.414384,0.0,0.0,0.144725,1.124228,0.158078,0.106544,0.431119,0.962655,0.488375,0.983809,0.681158,0.911406,0.6739,0.975721,0.592551,0.0,0.0,0.524865,0.0,0.373107,0.04753,1.183625,0.646586,0.0,0.0,0.211682,0.912271,0.518362,0.106189,0.03552,0.83304,0.0,1.848166,0.0,1.080765,0.09501,1.716664,0.771629,0.0,0.727836,1.240645,0.286137,0.129956,0.0,0.0
315,0.0,0.008083,0.009411,0.048762,0.0,0.142169,1.156922,0.310808,0.113485,0.596195,0.856964,0.29738,0.862996,0.650629,0.538139,0.547028,0.853572,0.430299,0.0,0.0,0.410831,0.0,0.506442,0.053698,1.331159,0.482097,0.0,0.0,0.238802,0.859139,0.641071,0.0,0.0,0.497901,0.0,1.700037,0.0,0.905959,0.0,1.407254,0.741127,0.0,0.766159,1.057087,0.345713,0.282911,0.0,0.0
316,0.03274,0.10834,0.0,0.054407,0.0,0.022846,1.097339,0.477302,0.440812,0.527005,0.841734,0.323169,1.097172,0.896484,0.647543,0.614084,0.754651,0.364045,0.0,0.0,0.583543,0.0,0.31974,0.152208,1.295172,0.196844,0.0,0.0,0.0,0.79597,0.568712,0.0,0.0,0.290029,0.0,1.588823,0.0,0.712651,0.08301,1.509251,0.58944,0.0,0.831711,1.073972,0.476168,0.564292,0.0,0.0
317,0.162372,0.025337,0.0,0.139235,0.0,0.0,1.053117,0.492265,0.368025,0.448151,0.77874,0.551768,1.214178,1.050998,0.758363,0.572987,0.492447,0.528259,0.168281,0.0,0.926969,0.0,0.028296,0.314424,0.951619,0.200127,0.0,0.0,0.0,0.597447,0.332016,0.0,0.0,0.259958,0.0,1.513261,0.0,0.479988,0.354221,1.584172,0.694383,0.0,0.751906,1.109885,0.667358,0.834235,0.0,0.0
318,0.373408,0.0,0.0,0.0,0.0,0.240481,1.014859,0.451193,0.142561,0.516507,0.711477,0.70409,1.195625,1.085079,0.725722,0.614898,0.528843,0.519993,0.082258,0.0,1.317227,0.0,0.174626,0.181315,0.645882,0.31372,0.0,0.0,0.29974,0.502362,0.320225,0.02181,0.004109,0.377362,0.0,1.454536,0.0,0.573593,0.546748,1.603821,0.795647,0.0,0.70712,1.179756,1.00838,1.012198,0.0,0.0
319,0.396671,0.0,0.0,0.0,0.0,0.294158,0.933118,0.665609,0.098161,0.661411,0.691952,0.44823,1.470922,1.164014,0.619044,0.523659,0.944512,0.468427,0.0,0.0,1.451335,0.0,0.024449,0.311127,0.853382,0.40692,0.0,0.052622,0.364133,0.526302,0.137255,0.0,0.008273,0.025504,0.0,1.846431,0.0,0.698487,0.414543,1.722129,0.894816,0.0,0.974937,1.136923,1.041824,1.230251,0.0,0.0
320,0.681172,0.0,0.0,0.0,0.0,0.511712,0.766535,1.057462,0.015479,0.806405,0.584951,0.283497,1.461208,1.398355,0.648096,0.700547,1.040591,0.347065,0.0,0.0,1.935704,0.0,0.168789,0.222865,1.136501,0.747204,0.0,0.21382,0.614922,0.371361,0.067589,0.0,0.0,0.0,0.0,2.045182,0.0,0.885234,0.396805,1.831728,0.881767,0.0,1.033598,1.294325,1.097353,1.458165,0.0,0.0
321,0.706303,0.0,0.0,0.0,0.0,0.570966,0.668832,1.098079,0.0,0.861227,0.405207,0.297462,1.6014,1.46177,0.72984,0.540813,1.360687,0.2469,0.0,0.0,2.002805,0.0,0.0,0.323743,1.144053,0.864822,0.0,0.315152,0.69791,0.226978,0.0,0.0,0.173677,0.0,0.0,2.094012,0.0,0.983949,0.52499,1.765776,0.913056,0.0,1.266335,1.122925,1.104351,1.552664,0.0,0.0
322,0.575133,0.0,0.0,0.0,0.0,0.750398,0.743783,1.037039,0.0,1.033849,0.314199,0.26644,1.677143,1.218408,0.774989,0.467777,1.622125,0.148707,0.0,0.0,2.108387,0.0,0.032192,0.308043,1.183429,0.982091,0.0,0.225502,1.049377,0.485691,0.0,0.0,0.141556,0.0,0.0,2.389482,0.0,1.355541,0.239945,1.834451,1.142573,0.0,1.382078,1.048064,1.194318,1.386096,0.0,0.0
323,0.577097,0.0,0.487761,0.0,0.0,0.794986,0.847337,0.775332,0.0,1.053637,0.136049,0.42297,1.517627,1.145473,1.057518,0.415778,1.71471,0.05936,0.0,0.0,2.201366,0.0,0.169297,0.238596,1.00696,0.861169,0.0,0.0,1.250514,0.520631,0.0,0.260771,0.159414,0.0,0.0,2.357993,0.0,1.480778,0.17885,1.938792,1.064023,0.0,1.43198,0.958305,1.142147,1.119365,0.0,0.0
324,0.252631,0.0,0.589386,0.0,0.0,0.55943,0.998059,0.602479,0.0,0.976764,0.092464,0.334691,1.681947,0.712131,1.215753,0.239784,2.063505,0.0,0.0,0.0,2.125842,0.0,0.147676,0.687178,1.039159,0.871939,0.208142,0.501384,1.329609,0.95288,0.0,0.0,0.486183,0.0,0.267769,2.367395,0.0,1.833791,0.224083,1.656022,1.28293,0.0,1.86955,0.777531,0.99158,1.032982,0.0,0.0
325,0.460106,0.0,0.729776,0.0,0.0,0.431408,0.768706,0.454067,0.0,0.908331,0.0,0.340352,1.598061,0.882508,1.310316,0.157472,1.95044,0.0,0.0,0.0,2.099205,0.104003,0.149486,0.901025,0.963715,0.814156,0.205566,0.571737,1.16748,0.651535,0.008671,0.047885,0.661338,0.0,0.246723,2.246018,0.0,1.639184,0.337833,1.349485,1.053969,0.0,2.097445,0.573424,0.830734,1.083341,0.0,0.0
326,0.42414,0.0,0.675889,0.0,0.0,0.216551,0.865095,0.278135,0.0,0.794818,0.0,0.391525,1.495286,0.942421,1.505053,0.123029,1.730483,0.0,0.0,0.0,2.023075,0.087883,0.361919,1.08079,0.930692,0.65486,0.164739,0.445505,1.025648,0.800861,0.123998,0.089997,0.706616,0.0,0.358163,1.988711,0.0,1.478277,0.357664,1.318347,0.845596,0.0,2.152,0.577706,0.586193,1.065692,0.0,0.0
327,0.201475,0.0,0.503831,0.0,0.0,0.144223,1.049337,0.141994,0.0,0.718418,0.0,0.366488,1.333416,0.740505,1.412072,0.280511,1.443057,0.0,0.0,0.0,2.0389,0.0,0.49657,1.073458,0.742393,0.656799,0.107008,0.344588,1.022407,0.978089,0.207737,0.021899,0.678189,0.0,0.51423,1.90119,0.0,1.316917,0.398302,1.242172,0.978759,0.0,2.068153,0.568749,0.604399,0.950527,0.0,0.0
328,0.100165,0.0,0.332468,0.0,0.0,0.060542,0.968015,0.145123,0.0,0.575898,0.0,0.206474,1.141274,0.758283,1.308023,0.293958,1.17398,0.019109,0.0,0.0,1.880004,0.0,0.558006,1.078872,0.718912,0.568483,0.0,0.319251,0.830194,0.948101,0.250869,0.0,0.646269,0.0,0.520346,1.701073,0.0,1.052413,0.406023,1.165608,0.83907,0.0,1.97724,0.583849,0.475732,0.94883,0.0,0.0
329,0.0,0.0,0.097385,0.021479,0.0,0.0,1.048684,0.082523,0.024998,0.412376,0.050854,0.073812,0.831598,0.579327,1.209925,0.302229,0.933515,0.248641,0.0,0.0,1.713435,0.0,0.677113,1.050836,0.579798,0.555315,0.0,0.357414,0.747713,1.135759,0.349177,0.0,0.652578,0.022727,0.729073,1.256295,0.0,0.936073,0.594403,0.983908,0.836754,0.0,1.818686,0.691418,0.372755,0.904833,0.045551,0.0
330,0.0,0.0,0.223997,0.0,0.0,0.032396,0.895265,0.0,0.025876,0.239692,0.094137,0.000182,0.457428,0.432653,1.281557,0.347362,0.710375,0.511125,0.0,0.0,1.500978,0.0,0.865092,0.840265,0.285884,0.478675,0.0,0.302586,0.750874,1.214618,0.652691,0.0,0.602668,0.44069,0.738226,0.650992,0.0,0.914361,0.813527,0.80868,0.64801,0.0,1.51246,0.863911,0.255186,0.811205,0.004825,0.0
331,0.090675,0.0,0.487173,0.0,0.0,0.268565,0.551182,0.0,0.0,0.046264,0.0,0.014978,0.193532,0.293913,1.237312,0.115928,0.558103,0.851027,0.0,0.0,1.160986,0.0,0.827673,0.704397,0.0,0.387663,0.0,0.26335,0.854422,1.038133,0.675662,0.348805,0.603416,0.618048,0.489053,0.242243,0.0,0.748106,1.094421,0.647915,0.547632,0.0,1.253831,0.797601,0.227641,0.76875,0.0,0.0
332,0.318932,0.0,0.385017,0.0,0.0,0.394249,0.209766,0.0,0.0,0.078396,0.0,0.0,0.015242,0.358767,1.136064,0.103111,0.342428,1.003229,0.143854,0.0,1.275177,0.0,0.856467,0.494225,0.0,0.460575,0.0,0.293427,0.852417,0.986157,0.670153,0.399882,0.563691,0.473853,0.506859,0.0,0.0,0.582447,1.512376,0.59775,0.332434,0.0,1.113615,0.907492,0.188787,0.907727,0.0,0.0
333,0.455787,0.0,0.483983,0.0,0.0,0.572767,0.060784,0.0,0.0,0.063618,0.0,0.0,0.0,0.333173,0.958455,0.123825,0.475049,1.16946,0.111826,0.0,1.316936,0.0,0.78068,0.473243,0.0,0.524826,0.0,0.237387,0.846089,0.787516,0.642261,0.63715,0.440208,0.443429,0.375244,0.0,0.0,0.427665,1.548871,0.63071,0.325875,0.0,0.942225,0.933056,0.259345,0.832293,0.0,0.0
334,0.521603,0.0,0.412935,0.0,0.0,0.643899,0.136996,0.0,0.0,0.076065,0.0,0.0,0.0,0.22483,0.983292,0.063679,0.566636,1.286738,0.03571,0.0,1.530155,0.0,0.583209,0.498721,0.0,0.708716,0.0,0.141049,1.132506,0.832644,0.467637,0.460631,0.293265,0.514713,0.21727,0.11848,0.0,0.581908,1.463593,0.771966,0.688758,0.0,0.710561,0.93454,0.461828,0.789736,0.0,0.0
335,0.77815,0.0,0.702231,0.0,0.0,0.735588,0.0,0.0,0.0,0.167557,0.0,0.0,0.0,0.312324,1.103184,0.0,0.746003,1.361892,0.01332,0.0,1.433069,0.0,0.200591,0.457635,0.0,0.681299,0.0,0.073001,1.252848,0.746185,0.328852,0.723531,0.15284,0.536056,0.0,0.306208,0.0,0.667778,1.556123,0.903296,0.693334,0.0,0.655527,0.776223,0.548271,0.874008,0.0,0.0
336,0.652615,0.100986,0.647237,0.0,0.0,0.719571,0.111398,0.003572,0.0,0.111107,0.0,0.0,0.0,0.234889,1.11663,0.0,0.942236,1.488935,0.0,0.0,1.28293,0.0,0.115673,0.691519,0.0,0.870603,0.0,0.218974,1.269429,0.901045,0.069543,0.413145,0.0,0.524931,0.0,0.626408,0.0,0.858855,1.275058,1.189751,1.001094,0.0,0.63006,0.983243,0.595774,0.761494,0.0,0.0
337,0.985809,0.0,0.829087,0.0,0.0,0.969857,0.150582,0.0,0.0,0.441689,0.0,0.0,0.0,0.356269,1.101242,0.097378,1.067313,1.43622,0.0,0.0,1.302826,0.0,0.189488,0.490175,0.0,1.034802,0.0,0.0,1.423171,0.844478,0.193813,0.565546,0.0,0.912185,0.0,0.734617,0.0,1.16021,1.275633,1.441612,1.015948,0.0,0.476002,1.233695,0.834894,0.529173,0.0,0.0
338,1.309567,0.088427,1.087119,0.0,0.0,1.042269,0.368815,0.0,0.0,0.440412,0.0,0.0,0.0,0.218639,1.102877,0.0,1.22239,1.383035,0.0,0.0,1.103694,0.0,0.032288,0.45061,0.0,0.917906,0.0,0.0,1.519627,0.937252,0.0,0.336432,0.0,1.093701,0.0,0.865859,0.0,1.283318,1.43397,1.475932,1.241376,0.0,0.587144,1.286795,1.142269,0.501087,0.0,0.0
339,1.250882,0.111017,1.080043,0.0,0.0,0.861109,0.462657,0.0,0.0,0.41809,0.0,0.0,0.0,0.298386,1.298458,0.0,1.131014,1.326978,0.0,0.0,1.088666,0.0,0.0,0.465723,0.0,0.963168,0.0,0.0,1.512167,1.004317,0.0,0.212604,0.0,1.220805,0.0,0.996336,0.0,1.418663,1.41819,1.591904,1.297305,0.0,0.656407,1.444436,1.147809,0.440356,0.0,0.0
340,0.936923,0.289821,1.077491,0.0,0.0,0.723371,0.558755,0.0,0.0,0.371031,0.0,0.0,0.100445,0.0,1.229611,0.0,1.331578,1.265489,0.0,0.0,1.083926,0.0,0.0,0.553514,0.0,0.948395,0.057681,0.195947,1.499182,1.183162,0.0,0.0,0.163759,1.181502,0.0,1.360182,0.0,1.49025,1.233968,1.217591,1.677125,0.0,0.927695,1.189415,1.17052,0.364002,0.0,0.0
341,0.893895,0.289217,0.97622,0.0,0.0,0.619626,0.442322,0.0,0.0,0.385401,0.0,0.0,0.081819,0.184012,1.246352,0.0,1.379047,1.049191,0.0,0.0,1.018384,0.0,0.0,0.647505,0.0,0.81904,0.177608,0.0,1.279928,0.892067,0.0,0.082502,0.0,0.77175,0.0,1.270431,0.0,1.361203,1.081048,1.303833,1.372323,0.0,0.875877,1.048666,0.923611,0.417641,0.0,0.0
342,0.797216,0.25998,0.720615,0.0,0.0,0.534082,0.335341,0.0,0.0,0.428723,0.0,0.0,0.074363,0.504468,1.223829,0.005814,1.321453,1.007144,0.0,0.0,1.142408,0.0,0.0,0.693145,0.16537,0.937628,0.089839,0.0,1.004676,0.70469,0.0,0.178253,0.0,0.253627,0.0,1.237128,0.0,1.209642,0.85619,1.313461,1.000991,0.0,0.777259,1.037781,0.516736,0.431048,0.0,0.0
343,0.891445,0.283957,0.627665,0.0,0.0,0.561893,0.180322,0.0,0.0,0.478861,0.0,0.0,0.217893,0.582593,1.1068,0.0,1.350307,0.826239,0.0,0.0,1.126026,0.0,0.0,0.669203,0.190807,1.005355,0.115381,0.006445,1.087828,0.495781,0.0,0.20787,0.0,0.2342,0.0,1.33011,0.0,1.233858,0.876515,1.273568,1.079596,0.0,0.794026,0.904468,0.588209,0.56451,0.0,0.0
344,0.913256,0.037234,0.532316,0.0,0.0,0.58388,0.321559,0.0,0.0,0.499754,0.0,0.0,0.220872,0.489926,0.866638,0.0,1.301267,0.769616,0.0,0.0,1.213899,0.0,0.0,0.348658,0.111943,1.033251,0.08262,0.0,1.213624,0.500127,0.0,0.220975,0.0,0.398693,0.0,1.318806,0.0,1.265051,1.0057,1.28486,1.244048,0.0,0.550881,1.000074,0.848853,0.602073,0.0,0.0
345,1.055853,0.0,0.473954,0.0,0.0,0.644676,0.319595,0.0,0.0,0.617372,0.0,0.0,0.127435,0.546968,0.656884,0.136763,1.263621,0.826327,0.0,0.0,1.194784,0.0,0.0,0.315071,0.32424,1.213028,0.0,0.0,1.22537,0.517244,0.0,0.160253,0.002411,0.338123,0.0,1.222403,0.0,1.282514,1.183228,1.294079,1.236668,0.0,0.489988,1.293578,0.828594,0.739499,0.0,0.0
346,0.826177,0.056081,0.258079,0.0,0.0,0.649707,0.530805,0.086391,0.0,0.648821,0.134758,0.0,0.319774,0.392519,0.699342,0.0,1.429872,1.012296,0.0,0.0,1.378107,0.0,0.0,0.277404,0.287006,1.218643,0.048746,0.017569,1.431702,0.781103,0.0,0.0,0.035928,0.511191,0.0,1.752777,0.0,1.457196,1.04653,1.562422,1.538247,0.0,0.527467,1.336452,0.974943,0.651148,0.0,0.0
347,0.737159,0.128338,0.48304,0.0,0.0,0.652245,0.571076,0.0,0.0,0.635493,0.09548,0.0,0.243097,0.545606,1.009945,0.01029,1.402412,0.943243,0.0,0.0,1.298252,0.0,0.0,0.35439,0.42963,1.277409,0.0,0.0,1.392837,0.89297,0.0,0.086167,0.0,0.553146,0.0,1.496566,0.0,1.642757,1.025774,1.741183,1.364224,0.0,0.425101,1.456955,0.835801,0.563959,0.0,0.0
348,0.834055,0.225396,0.865532,0.0,0.0,0.711529,0.422235,0.0,0.0,0.357156,0.041951,0.0,0.202117,0.549933,1.102,0.0,1.550307,0.793774,0.0,0.0,1.178675,0.0,0.0,0.211506,0.18733,1.075588,0.002055,0.0,1.395843,0.624871,0.0,0.478615,0.006807,0.721298,0.0,1.429543,0.0,1.503599,1.171607,1.677717,1.3432,0.0,0.417918,1.161988,0.938077,0.457486,0.0,0.0
349,0.604186,0.217124,0.613421,0.0,0.0,0.713897,0.384791,0.07285,0.0,0.629958,0.212673,0.0,0.089663,0.10877,0.706702,0.0,1.837052,0.586762,0.0,0.0,1.235366,0.0,0.0,0.10913,0.484225,1.259934,0.114866,0.232313,1.665594,0.781321,0.0,0.141398,0.030791,0.786275,0.0,1.643462,0.0,1.670359,1.037611,1.277665,1.570138,0.0,0.378112,0.995118,0.908835,0.314994,0.0,0.0
350,0.463164,0.298581,0.927491,0.0,0.0,0.760585,0.170614,0.380618,0.0,0.509969,0.212832,0.0,0.232027,0.265839,0.784045,0.033991,2.021016,0.56599,0.0,0.0,1.037996,0.0,0.0,0.197875,0.88273,1.086665,0.0,0.231915,1.409186,0.554295,0.0,0.61767,0.0,0.555481,0.0,1.490106,0.0,1.688758,0.709912,1.334359,1.150224,0.0,0.340642,0.979521,0.51867,0.340437,0.0,0.0
351,0.472372,0.318996,0.969211,0.0,0.0,0.716619,0.227237,0.679442,0.0,0.394112,0.25159,0.0,0.000595,0.360918,0.702836,0.110423,1.924782,0.619981,0.0,0.0,1.16556,0.0,0.0,0.140158,1.11279,1.057703,0.0,0.037935,1.393809,0.251492,0.234377,0.857016,0.0,0.441293,0.0,1.287448,0.0,1.301963,0.653853,1.371669,0.765277,0.0,0.098,0.990256,0.21646,0.386037,0.0,0.0
352,0.223937,0.409785,1.427281,0.0,0.0,0.811727,0.175765,0.648228,0.0,0.46804,0.308559,0.0,0.0,0.06288,0.643303,0.159124,2.12091,0.489973,0.0,0.0,0.850399,0.0,0.0,0.063214,1.153662,1.183047,0.0,0.41119,1.504829,0.404826,0.417301,0.962323,0.0,0.828438,0.0,1.074947,0.0,1.557848,0.774464,1.221165,0.780485,0.0,0.0,1.107738,0.23673,0.206554,0.0,0.0
353,0.134263,0.3139,1.183704,0.0,0.0,0.84352,0.125307,0.848,0.0,0.405201,0.547108,0.0,0.0,0.0,0.423852,0.127789,2.123686,0.512966,0.0,0.0,0.801044,0.0,0.0,0.0,1.37981,1.188613,0.0,0.444755,1.587011,0.31575,0.592671,0.925885,0.0,1.000629,0.0,1.219442,0.0,1.485471,0.788475,1.199608,0.816426,0.0,0.0,1.0585,0.214112,0.157353,0.0,0.0
354,0.27011,0.336298,1.300299,0.0,0.0,0.867836,0.325399,0.865584,0.0,0.248631,0.68733,0.0,0.0,0.018285,0.537715,0.0,2.164444,0.62461,0.0,0.0,0.720273,0.0,0.0,0.0,1.254323,1.154757,0.0,0.373501,1.642548,0.429451,0.781206,0.869211,0.0,1.37258,0.0,1.003762,0.0,1.374866,0.933886,1.381685,0.644857,0.0,0.0,1.196803,0.105343,0.051533,0.0,0.0
355,0.273528,0.343097,1.620944,0.0,0.0,1.092276,0.428781,0.800611,0.0,0.467521,0.776949,0.0,0.0,0.0,0.468447,0.0,2.427156,0.425919,0.0,0.0,0.653238,0.0,0.0,0.0,1.268042,1.162085,0.0,0.360336,1.997586,0.740466,1.313517,0.653497,0.0,1.824345,0.0,0.899185,0.0,1.682613,0.827074,1.47737,0.513753,0.0,0.0,1.35698,0.059072,0.0,0.0,0.0
356,0.0,0.163761,1.712823,0.0,0.0,1.109281,0.433782,1.177001,0.0,0.468304,0.827713,0.0,0.0,0.093801,0.559773,0.17077,2.241632,0.562583,0.0,0.0,0.623306,0.0,0.0,0.0,1.721413,1.046396,0.0,0.441831,1.684723,0.46875,1.441646,1.13568,0.0,1.450796,0.0,0.97603,0.0,1.446901,0.499359,1.378976,0.138505,0.0,0.0,1.250287,0.0,0.123055,0.0,0.0
357,0.0,0.058285,1.583713,0.0,0.0,1.111886,0.398923,1.396936,0.0,0.649244,0.79111,0.0,0.0,0.095301,0.412443,0.404806,2.06651,0.375341,0.0,0.0,0.59365,0.0,0.0,0.0,1.97079,0.967649,0.0,0.566024,1.485482,0.52704,1.423008,1.110785,0.0,1.342322,0.0,0.858106,0.0,1.462809,0.516617,1.163486,0.0,0.0,0.0,1.196544,0.0,0.266404,0.0,0.0
358,0.0,0.07313,1.715906,0.0,0.0,1.152985,0.369886,1.582328,0.0,0.614372,0.745129,0.0,0.166432,0.071778,0.329508,0.380616,2.139935,0.180673,0.0,0.0,0.664987,0.0,0.0,0.0,2.092127,0.713781,0.0,0.559571,1.357413,0.432775,1.500739,1.226235,0.0,1.151805,0.0,0.97671,0.0,1.402188,0.198726,1.092324,0.0,0.0,0.004461,0.872486,0.0,0.220532,0.0,0.0
359,0.0,0.0,1.690693,0.0,0.0,1.087661,0.370644,1.697071,0.080995,0.525982,0.831978,0.0,0.314524,0.385354,0.362717,0.376378,2.060459,0.038605,0.180304,0.0,0.79273,0.0,0.0,0.0,2.132257,0.378027,0.0,0.335547,1.068141,0.415871,1.680722,1.274243,0.0,1.025972,0.0,0.824029,0.0,1.176567,0.0,1.061153,0.0,0.0,0.044284,0.778445,0.0,0.418586,0.0,0.0
360,0.0,0.025607,1.331413,0.0,0.0,1.002222,0.376708,1.702719,0.210905,0.528671,0.790073,0.011134,0.468544,0.535376,0.253703,0.371732,1.716082,0.034513,0.201756,0.0,0.842139,0.0,0.0,0.0,2.079859,0.234936,0.0,0.273924,0.85246,0.339089,1.573742,1.103433,0.0,0.760939,0.0,0.917922,0.0,0.923415,0.0,0.956336,0.0,0.0,0.10698,0.642327,0.0,0.539249,0.0,0.0
361,0.0,0.266667,1.31661,0.0,0.0,1.066945,0.242738,1.418175,0.216356,0.378487,0.593302,0.086595,0.536393,0.551929,0.199042,0.307939,1.53283,0.065761,0.344131,0.0,0.753684,0.0,0.0,0.0,1.610575,0.095314,0.0,0.363886,0.763458,0.154018,1.620537,1.164423,0.0,0.68258,0.0,0.753726,0.0,0.622185,0.012185,0.841409,0.0,0.0,0.168144,0.476539,0.0,0.626377,0.0,0.0
362,0.0,0.174942,0.894526,0.0,0.0,0.914035,0.244596,1.239142,0.475063,0.219106,0.541243,0.251254,0.6178,0.872522,0.291632,0.201787,1.170576,0.175549,0.636675,0.0,0.87152,0.0,0.0,0.0,1.245503,0.0,0.0,0.064488,0.546508,0.0,1.397618,1.084993,0.0,0.557396,0.070567,0.60938,0.0,0.283763,0.267166,0.853375,0.0,0.0,0.118555,0.516834,0.0,0.802079,0.0,0.0
363,0.407804,0.020365,0.332884,0.0,0.0,0.780212,0.12361,0.938531,0.517398,0.239549,0.507198,0.320546,0.472531,0.903143,0.438292,0.393271,0.73836,0.31364,0.947407,0.0,0.990056,0.0,0.0,0.0,0.979531,0.111614,0.0,0.107754,0.475229,0.142407,1.073948,0.636979,0.0,0.5275,0.118859,0.241035,0.0,0.347051,0.807017,0.774672,0.0,0.0,0.0,0.948766,0.3188,1.007784,0.0,0.0
364,0.795603,0.308063,0.263734,0.0,0.0,0.850413,0.0,0.658074,0.429662,0.208195,0.128477,0.418228,0.402078,0.788145,0.370171,0.139402,0.826305,0.516418,0.754649,0.0,1.031896,0.0,0.0,0.0,0.584544,0.093137,0.0,0.285234,0.619582,0.0,0.900929,0.823755,0.0,0.391683,0.102351,0.333379,0.0,0.217489,1.097467,0.568285,0.024992,0.040682,0.0,0.684998,0.339311,1.168357,0.0,0.0
365,1.02358,0.689329,0.0,0.0,0.0,0.790836,0.0,0.640291,0.36671,0.205013,0.039466,0.315387,0.303034,0.722321,0.608903,0.0,0.818647,0.848202,0.823593,0.0,1.201561,0.0,0.0,0.101065,0.396024,0.190665,0.0,0.435098,0.663889,0.0,0.659907,0.507608,0.0,0.287511,0.001566,0.515812,0.0,0.194045,1.262767,0.63743,0.271742,0.0,0.249129,0.749053,0.222618,1.283326,0.0,0.0
366,1.342901,0.599378,0.266908,0.0,0.056921,0.827311,0.0,0.288813,0.427695,0.0,0.0,0.452392,0.178802,0.702583,0.999641,0.0,0.823505,0.982179,0.915408,0.0,1.4299,0.0,0.0,0.036153,0.0,0.022176,0.0,0.037963,0.651162,0.0,0.59811,1.022853,0.0,0.472515,0.0,0.320053,0.0,0.089736,1.780516,0.981153,0.321632,0.13042,0.237493,0.672009,0.44665,1.385859,0.0,0.0
367,1.497928,0.694708,0.032334,0.0,0.0,1.092587,0.0,0.255025,0.202763,0.236897,0.0,0.152511,0.0,0.509485,1.066713,0.0,0.773209,1.179604,0.51992,0.0,1.686936,0.0,0.0,0.065727,0.0,0.35794,0.0,0.154998,0.955077,0.0,0.645576,0.621465,0.0,0.431388,0.0,0.713561,0.0,0.181277,1.723015,0.98525,0.858407,0.049714,0.261609,0.650517,0.605744,1.271879,0.0,0.0
368,1.198648,0.934226,0.282916,0.046382,0.0,0.865685,0.0,0.038558,0.112528,0.0,0.0,0.0,0.0,0.199137,1.167412,0.0,0.744773,1.311525,0.540192,0.0,1.351418,0.0,0.0,0.261756,0.0,0.304272,0.0,0.25753,0.779714,0.352592,0.396465,0.399377,0.0,0.529927,0.0,0.749104,0.0,0.299457,1.649689,1.263852,1.094585,0.0,0.254729,0.765452,0.690595,1.01922,0.0,0.0
369,1.036116,0.868232,0.124497,0.036008,0.103242,0.849813,0.203156,0.0,0.075613,0.064197,0.132256,0.0,0.0,0.195755,0.947236,0.0,0.548739,1.220613,0.17806,0.0,1.193298,0.0,0.0,0.198491,0.0,0.351868,0.0,0.0,0.789177,0.499971,0.367765,0.152497,0.0,0.836412,0.0,0.851923,0.0,0.437327,1.343392,1.421917,1.24348,0.0,0.096997,0.964583,0.893844,0.669869,0.0,0.0
370,1.008508,0.753591,0.083209,0.0,0.345671,0.690292,0.112299,0.0,0.205509,0.0,0.120138,0.128968,0.0,0.495257,1.029952,0.046013,0.054927,1.209314,0.402899,0.0,0.979384,0.0,0.0,0.034935,0.0,0.222051,0.0,0.0,0.450964,0.459232,0.394969,0.417676,0.0,0.701099,0.0,0.638535,0.0,0.290311,1.405158,1.658628,0.720006,0.0,0.0,1.132648,0.777842,0.650652,0.0,0.0
371,0.935648,0.77447,0.069624,0.0,0.338598,0.784172,0.0,0.1101,0.1814,0.138199,0.069149,0.192792,0.0,0.602127,0.636977,0.0,0.0,1.198884,0.379185,0.0,0.737042,0.0,0.0,0.0,0.0,0.161477,0.0,0.0,0.346808,0.301331,0.66786,0.556402,0.0,0.712243,0.0,0.75689,0.0,0.0,1.296944,1.354257,0.386336,0.0,0.0,1.144126,0.591224,0.614468,0.0,0.0
372,0.659982,1.121151,0.570033,0.0,0.151128,0.717359,0.161116,0.129505,0.140254,0.0,0.160924,0.033575,0.0,0.420047,0.521881,0.0,0.0,1.196309,0.468912,0.0,0.156316,0.0,0.0,0.0,0.0,0.0,0.0,0.0,0.223588,0.354062,0.740814,0.623584,0.0,0.892582,0.0,0.638746,0.0,0.0,1.158206,1.397516,0.174991,0.0,0.0,1.166222,0.31845,0.365904,0.0,0.0
373,0.516903,1.048904,0.583743,0.0,0.174409,0.712188,0.334004,0.315331,0.15515,0.0,0.172795,0.005568,0.0,0.435236,0.597428,0.0,0.0,1.193005,0.577613,0.0,0.064496,0.0,0.0,0.0,0.047387,0.185254,0.0,0.0,0.223954,0.464525,0.89257,0.556461,0.0,0.970362,0.0,0.593252,0.0,0.0,1.181112,1.452541,0.162678,0.0,0.0,1.399122,0.160741,0.286857,0.0,0.0
374,0.618783,0.878526,0.67731,0.0,0.0,0.779663,0.44764,0.275752,0.0,0.079092,0.211607,0.0,0.0,0.271194,0.348826,0.0,0.243107,1.183618,0.334266,0.0,0.0,0.0,0.0,0.0,0.275025,0.313314,0.0,0.0,0.605319,0.394951,1.335151,0.327734,0.0,1.350117,0.0,0.621324,0.0,0.185178,1.005326,1.389357,0.293658,0.0,0.0,1.483626,0.032785,0.0,0.0,0.0
375,0.678497,0.719836,0.818174,0.0,0.0,0.838235,0.623039,0.319026,0.0,0.413903,0.22993,0.0,0.0,0.022064,0.214349,0.0,0.418684,1.124862,0.161523,0.0,0.0,0.0,0.0,0.0,0.486632,0.643076,0.0,0.0,0.893218,0.632398,1.649313,0.0,0.0,1.677771,0.031648,0.517175,0.0,0.6163,1.04227,1.395984,0.412662,0.0,0.0,1.803171,0.0,0.0,0.0,0.0
376,0.601305,0.504422,0.800465,0.0,0.0,0.840366,0.687719,0.401192,0.0,0.614937,0.0,0.0,0.0,0.0,0.0,0.0,0.458472,1.242721,0.292189,0.0,0.0,0.0,0.0,0.0,0.545416,0.757295,0.0,0.0,0.853087,0.616757,1.633343,0.090635,0.0,1.520209,0.14557,0.457382,0.0,0.52128,1.254199,1.111542,0.435786,0.0,0.0,1.889147,0.048334,0.0,0.0,0.0
377,0.630873,0.397792,0.912942,0.0,0.0,0.753313,0.771112,0.473572,0.0,0.482722,0.0,0.0,0.018523,0.0,0.107522,0.0,0.441951,1.245166,0.319532,0.0,0.0,0.0,0.0,0.0,0.394442,0.733359,0.0,0.0,0.792075,0.687728,1.255896,0.046651,0.0,1.441961,0.351641,0.296384,0.0,0.597647,1.250156,1.071308,0.493152,0.0,0.0,1.965456,0.141914,0.0,0.0,0.0
378,0.660665,0.128163,0.638506,0.0,0.085637,0.58303,0.780524,0.514041,0.0,0.522409,0.0,0.0,0.117608,0.182119,0.086362,0.0,0.261351,1.209682,0.38337,0.0,0.0,0.0,0.009797,0.0,0.290782,0.638653,0.0,0.0,0.650937,0.494215,1.064015,0.0,0.0,1.114632,0.332438,0.318706,0.0,0.34324,1.349928,0.975961,0.419897,0.0,0.0,1.965715,0.162753,0.042935,0.0,0.0
379,0.566264,0.17785,0.796743,0.0,0.006885,0.423386,0.584954,0.350812,0.0,0.468448,0.0,0.0,0.123545,0.065541,0.152774,0.0,0.297303,1.058835,0.311146,0.0,0.0,0.0,0.0,0.0,0.07653,0.400201,0.0,0.0,0.55626,0.32291,0.888702,0.0,0.0,1.043468,0.49033,0.294274,0.0,0.436435,1.236038,0.706834,0.434933,0.0,0.0,1.473833,0.252183,0.0,0.0,0.0
380,0.657661,0.404423,0.928667,0.0,0.116499,0.381708,0.38282,0.390463,0.0,0.387495,0.0,0.0,0.078634,0.031283,0.094319,0.0,0.065375,1.027433,0.453733,0.0,0.0,0.0,0.0,0.028388,0.009925,0.113887,0.0,0.112871,0.349696,0.21219,0.526724,0.0,0.287384,0.506854,0.538533,0.271068,0.0,0.04975,1.45554,0.328592,0.34423,0.0,0.368526,1.032518,0.377606,0.162162,0.0,0.0
381,0.87564,0.534022,0.905567,0.0,0.298306,0.378312,0.212996,0.301883,0.072761,0.235323,0.0,0.032412,0.068716,0.258742,0.284428,0.0,0.0,0.953675,0.656945,0.0,0.103278,0.0,0.0,0.09156,0.0,0.0,0.0,0.0,0.214233,0.0,0.611506,0.176919,0.277395,0.316997,0.58696,0.023488,0.0,0.0,1.532846,0.409022,0.0,0.0,0.345205,0.808005,0.191977,0.262636,0.0,0.0
382,0.720911,0.341601,0.741833,0.0,0.410053,0.154855,0.363041,0.27597,0.189263,0.205702,0.0,0.0,0.0,0.083399,0.374761,0.0,0.0,0.896146,0.695795,0.0,0.167306,0.0,0.149805,0.096046,0.0,0.0,0.0,0.081797,0.122981,0.218813,0.620808,0.0,0.096389,0.405896,0.765745,0.0,0.0,0.0,1.520946,0.359436,0.0,0.0,0.33498,0.895559,0.130177,0.245761,0.0,0.0
383,1.109373,0.706235,0.92995,0.0,0.494937,0.278188,0.161911,0.05677,0.430255,0.12331,0.0,0.243326,0.053356,0.328369,0.427283,0.0,0.0,0.725046,0.850725,0.0,0.43678,0.0,0.0,0.199131,0.0,0.0,0.0,0.0,0.108133,0.0,0.563321,0.195782,0.265603,0.231731,0.784481,0.0,0.0,0.0,1.730228,0.49955,0.0,0.0,0.289512,0.453641,0.06249,0.253001,0.0,0.0
384,1.034799,0.488776,0.771266,0.0,0.471765,0.063431,0.087472,0.204749,0.602587,0.009226,0.0,0.216357,0.056037,0.255916,0.526552,0.0,0.0,0.807629,0.856196,0.0,0.454695,0.0,0.192686,0.229422,0.0,0.0,0.0,0.26613,0.096954,0.0,0.252584,0.0,0.476201,0.18298,0.840645,0.0,0.0,0.0,1.900452,0.183773,0.0,0.0,0.691032,0.413497,0.23136,0.535458,0.0,0.0
385,1.105686,0.240058,0.505086,0.0,0.416782,0.185052,0.044045,0.22447,0.642095,0.157319,0.0,0.162573,0.0,0.311807,0.47266,0.0,0.097488,0.699756,0.565099,0.0,0.731783,0.0,0.23896,0.273876,0.0,0.0,0.0,0.309123,0.094494,0.0,0.089573,0.0,0.393598,0.066807,0.853939,0.0,0.0,0.0,1.856199,0.0,0.271158,0.0,0.896185,0.366279,0.265006,0.601189,0.0,0.0
386,1.187434,0.381714,0.359166,0.0,0.401727,0.202928,0.0,0.264528,0.712383,0.130676,0.0,0.060463,0.0,0.614736,0.560927,0.0,0.209295,0.786008,0.705281,0.0,0.804371,0.0,0.16427,0.47686,0.0,0.0,0.0,0.455612,0.147192,0.0,0.0,0.0,0.395474,0.0,0.80788,0.108739,0.0,0.0,1.731265,0.002202,0.087817,0.0,1.100881,0.239985,0.020836,0.762451,0.0,0.0
387,1.074434,0.46817,0.698509,0.0,0.453059,0.189145,0.0,0.15428,0.739158,0.195679,0.0,0.166002,0.0,0.453672,0.537212,0.0,0.347799,0.646604,0.76302,0.0,0.851909,0.0,0.173576,0.533074,0.0,0.0,0.0,0.615481,0.167703,0.0,0.0,0.0,0.504924,0.0,0.920013,0.0,0.0,0.20049,1.819683,0.0,0.032469,0.0,0.899759,0.0,0.0,0.677949,0.0,0.0
388,1.10753,0.314523,0.712758,0.0,0.315583,0.228553,0.0,0.320911,0.656611,0.249507,0.0,0.087909,0.018723,0.278282,0.401516,0.0,0.444061,0.587737,0.509009,0.0,0.770766,0.0,0.207602,0.409736,0.0,0.0,0.0,0.70851,0.243602,0.0,0.0,0.0,0.633744,0.0,0.888371,0.0,0.0,0.270021,1.862042,0.0,0.384086,0.0,1.06106,0.115576,0.130296,0.675646,0.0,0.0
389,1.231645,0.12412,0.767039,0.0,0.448494,0.167798,0.011226,0.300938,0.602028,0.261868,0.0,0.117688,0.0,0.463907,0.396519,0.0,0.450595,0.591539,0.544029,0.0,0.931745,0.0,0.346913,0.344454,0.0,0.028452,0.0,0.450279,0.230728,0.0,0.141147,0.0482,0.426571,0.0,0.867148,0.0,0.0,0.355932,1.927696,0.058985,0.054967,0.0,0.579941,0.517262,0.075914,0.711768,0.0,0.0
390,1.270335,0.114532,0.844556,0.0,0.293326,0.381727,0.0,0.416293,0.308731,0.367662,0.0,0.011945,0.0,0.540109,0.253673,0.0,0.516821,0.651919,0.435311,0.0,0.771723,0.0,0.160219,0.230782,0.0,0.093318,0.0,0.48107,0.408007,0.0,0.069062,0.168381,0.600398,0.0,0.55641,0.0,0.0,0.219779,1.749854,0.004384,0.03351,0.0,0.692292,0.51323,0.170785,0.756137,0.0,0.0
391,0.958911,0.224603,0.953077,0.0,0.140374,0.39476,0.0,0.528733,0.203661,0.364492,0.0,0.0,0.0,0.513258,0.275398,0.0,0.764079,0.710864,0.356526,0.0,0.665459,0.0,0.0,0.372439,0.189052,0.328205,0.0,0.553887,0.513461,0.0,0.00142,0.369119,0.39272,0.0,0.476035,0.012882,0.0,0.543792,1.463468,0.08756,0.021545,0.0,0.617712,0.47885,0.053258,0.723332,0.0,0.0
392,1.034027,0.030376,0.728483,0.0,0.0,0.499662,0.0,0.459986,0.005637,0.290161,0.0,0.0,0.002324,0.446937,0.389081,0.0,0.986496,0.620281,0.078343,0.0,0.864611,0.0,0.0,0.261282,0.281639,0.532322,0.0,0.210816,0.727086,0.0,0.167302,0.455723,0.311558,0.0,0.245544,0.126181,0.0,0.616079,1.348729,0.431126,0.422688,0.0,0.352821,0.67114,0.211942,0.691762,0.0,0.0
393,1.056245,0.0,0.799572,0.0,0.0,0.558586,0.273986,0.249611,0.0,0.578883,0.0,0.0,0.14299,0.083157,0.35241,0.0,1.400847,0.275704,0.0,0.0,1.03499,0.0,0.0,0.007641,0.300251,0.630112,0.0,0.165083,1.04216,0.274273,0.307783,0.078724,0.212094,0.211636,0.124558,0.287391,0.0,1.017444,1.441561,0.668891,0.787096,0.0,0.432095,0.769352,0.412181,0.403839,0.0,0.0
394,0.594983,0.077446,0.829783,0.0,0.0,0.544273,0.0,0.372916,0.0,0.55521,0.0,0.0,0.168235,0.064134,0.514257,0.0,1.539097,0.387105,0.0,0.0,1.045811,0.0,0.0,0.27179,0.487147,0.711539,0.0,0.418144,1.068474,0.24781,0.0,0.279297,0.218497,0.0,0.076513,0.797736,0.0,1.324024,0.889706,0.50839,1.016887,0.0,0.76622,0.481428,0.476038,0.331196,0.0,0.0
395,0.703557,0.173635,1.124472,0.0,0.0,0.567843,0.0,0.164986,0.0,0.608228,0.0,0.0,0.133912,0.143607,0.685744,0.0,1.60907,0.274015,0.0,0.0,1.029166,0.0,0.0,0.492944,0.265466,0.672112,0.0,0.639453,0.980037,0.216177,0.0,0.427352,0.239574,0.069863,0.135472,0.723627,0.0,1.245877,0.999048,0.240424,1.020131,0.0,1.010127,0.315006,0.4169,0.39299,0.0,0.0
396,0.790543,0.496256,0.693353,0.0,0.0,0.374508,0.0,0.228743,0.010301,0.423736,0.0,0.0,0.140475,0.391634,0.883676,0.0,1.351326,0.421947,0.189135,0.0,0.990012,0.0,0.0,0.770625,0.513633,0.503174,0.0,0.771524,0.80842,0.153929,0.0,0.159896,0.291679,0.0,0.0,0.958992,0.0,0.935946,0.74245,0.303931,0.847557,0.0,1.222367,0.230042,0.122964,0.610231,0.0,0.0
397,0.774466,0.521545,0.391777,0.0,0.0,0.348684,0.173355,0.031294,0.169042,0.377348,0.0,0.143941,0.157928,0.371194,1.077633,0.0,1.078769,0.406924,0.18599,0.0,1.130653,0.0,0.008944,0.680453,0.368513,0.308607,0.0,0.405768,0.714208,0.389944,0.148592,0.182232,0.0,0.0,0.03627,1.066268,0.0,0.734111,0.638201,0.542228,1.009584,0.0,0.978229,0.242293,0.261978,0.690956,0.0,0.0
398,0.836184,0.858526,0.326991,0.0,0.198384,0.199626,0.374134,0.0,0.400853,0.071868,0.230473,0.315108,0.297033,0.407725,1.357136,0.0,0.722532,0.522319,0.37896,0.0,1.058009,0.0,0.0,0.618507,0.209723,0.0,0.0,0.278058,0.38612,0.390766,0.314964,0.243041,0.0,0.039506,0.0,1.214651,0.0,0.393655,0.715142,0.952111,0.881502,0.0,0.815648,0.14271,0.286808,0.645242,0.0,0.0
399,1.060281,1.061867,0.538391,0.039725,0.418581,0.049973,0.483804,0.0,0.466745,0.0,0.269569,0.647191,0.19926,0.514287,1.232047,0.0,0.56066,0.425217,0.527083,0.0,0.784961,0.0,0.0,0.393028,0.035171,0.0,0.0,0.0,0.15368,0.181515,0.262301,0.446567,0.0,0.316292,0.0,0.906191,0.0,0.145112,0.985741,1.177706,0.772673,0.0,0.443738,0.124119,0.48476,0.58456,0.0,0.0
400,0.958311,1.445325,0.521288,0.175144,0.430131,0.0,0.707869,0.053947,0.557169,0.0,0.544977,0.670445,0.366484,0.526159,1.339983,0.0,0.398684,0.544365,0.706033,0.0,0.682725,0.0,0.0,0.416888,0.095642,0.0,0.0,0.0,0.010452,0.21128,0.344534,0.446156,0.0,0.470936,0.0,1.10081,0.0,0.006509,0.887574,1.565939,0.615888,0.0,0.228963,0.247955,0.441523,0.59024,0.0,0.0
401,1.066481,1.284742,0.254431,0.193126,0.382985,0.129297,0.760822,0.355193,0.363006,0.00377,0.643124,0.652463,0.289152,0.630959,1.19273,0.0,0.386278,0.53432,0.567901,0.0,0.686266,0.0,0.0,0.077407,0.377516,0.0,0.0,0.0,0.085903,0.122956,0.50621,0.384093,0.0,0.435316,0.0,1.417211,0.0,0.0,0.752155,1.604504,0.575876,0.0,0.111729,0.273438,0.461322,0.505956,0.0,0.0
402,0.973254,1.62373,0.518908,0.099853,0.344555,0.20699,0.680675,0.61622,0.410958,0.014484,0.672845,0.599976,0.504391,0.510054,1.276003,0.091272,0.46942,0.621922,0.291493,0.0,0.682318,0.0,0.0,0.202099,0.605189,0.0,0.0,0.005069,0.031877,0.036841,0.53862,0.427488,0.0,0.410536,0.0,1.813384,0.0,0.12155,0.532046,1.729522,0.55397,0.0,0.172088,0.212267,0.362876,0.462743,0.0,0.0
403,0.899093,1.527046,0.917727,0.005115,0.252974,0.355918,0.709496,0.489767,0.26007,0.075526,0.58473,0.578412,0.619507,0.465253,1.226171,0.061007,0.846029,0.40262,0.0,0.0,0.846462,0.0,0.0,0.0,0.665941,0.0,0.0,0.0,0.234688,0.113577,0.572624,0.441281,0.0,0.456097,0.0,1.963018,0.0,0.349563,0.414662,1.968053,0.615689,0.0,0.435251,0.201371,0.443385,0.182502,0.0,0.0
404,1.042128,1.058478,0.764291,0.0,0.128363,0.211118,0.937351,0.169667,0.084004,0.255997,0.51923,0.709767,0.579378,0.626778,1.186489,0.0,0.937786,0.19998,0.0,0.0,0.73815,0.0,0.0,0.0,0.789231,0.0,0.0,0.0,0.369143,0.09947,0.451847,0.381211,0.0,0.504309,0.0,1.827904,0.0,0.373492,0.384937,1.826816,0.702434,0.0,0.474237,0.243542,0.607514,0.302554,0.0,0.0
405,0.958244,1.210278,0.464201,0.100196,0.318391,0.077834,0.992065,0.126032,0.104082,0.51172,0.371315,0.682416,0.881294,0.446675,1.457127,0.0,1.05465,0.278037,0.0,0.0,0.784668,0.0,0.0,0.578397,0.787741,0.021112,0.0,0.132639,0.41345,0.464127,0.093733,0.0,0.0,0.37902,0.0,2.135788,0.0,0.684513,0.482276,1.638175,1.141021,0.0,0.952829,0.320961,0.710427,0.45899,0.0,0.0
406,1.051615,1.285811,0.448357,0.16241,0.427971,0.0,1.167599,0.0,0.323344,0.46047,0.308749,0.706507,1.134645,0.483074,1.866871,0.0,1.104287,0.295245,0.0,0.0,1.199542,0.0,0.0,0.845607,0.621706,0.104225,0.0,0.120903,0.458333,0.655777,0.069369,0.0,0.0,0.365796,0.0,2.336206,0.0,0.777353,0.604441,1.776639,1.304899,0.0,1.413248,0.312766,0.729765,0.57026,0.054878,0.0
407,1.257591,1.213852,0.738472,0.219845,0.453955,0.046386,1.060038,0.0,0.277505,0.421547,0.12409,0.78338,1.091853,0.425082,1.90186,0.0,1.168789,0.288168,0.0,0.0,1.298707,0.096137,0.0,0.964824,0.221357,0.0,0.0,0.163882,0.596171,0.403517,0.0,0.0,0.0,0.425824,0.0,2.325582,0.0,0.764485,0.795304,1.648294,1.446279,0.0,1.718743,0.09673,0.863139,0.737686,0.0,0.0
408,1.394053,1.195757,0.835954,0.060288,0.463354,0.078517,0.81952,0.0,0.376679,0.410337,0.0,0.682169,1.139596,0.502243,2.006361,0.0,1.30149,0.326261,0.0,0.0,1.599173,0.246719,0.0,1.055507,0.108468,0.036291,0.0,0.339464,0.652787,0.298375,0.0,0.0,0.0,0.29309,0.0,2.33435,0.0,0.839319,0.851909,1.502681,1.436239,0.0,1.98726,0.0,0.734351,0.801941,0.0,0.0
409,1.37387,1.012285,0.805494,0.0,0.390898,0.001178,0.765598,0.0,0.35148,0.417437,0.0,0.91679,1.015068,0.756613,2.051145,0.0,1.375738,0.312586,0.281301,0.0,1.550853,0.109645,0.0,1.188762,0.056437,0.0,0.0,0.066316,0.649563,0.012171,0.0,0.083179,0.003492,0.189055,0.0,1.921626,0.0,0.782992,0.847635,1.465836,1.080256,0.0,1.874485,0.038802,0.590201,0.893493,0.0,0.0
410,1.328328,0.70403,0.918988,0.0,0.187349,0.192755,0.66152,0.0,0.286923,0.580927,0.0,0.842842,0.855861,0.498665,1.666272,0.0,1.51935,0.012971,0.012714,0.0,1.489258,0.262262,0.0,1.019284,0.213033,0.035087,0.013676,0.333096,0.84221,0.217311,0.056941,0.035805,0.0,0.186109,0.203836,1.720396,0.0,1.052597,0.757871,0.977025,1.258215,0.0,1.753943,0.0,0.63938,0.803988,0.0,0.0
411,1.015415,0.722027,0.760373,0.0,0.197646,0.211376,0.531349,0.070432,0.443765,0.570526,0.0,0.662078,1.028279,0.384407,1.513591,0.0,1.460975,0.013443,0.0,0.0,1.462782,0.330287,0.039778,1.094975,0.49026,0.205526,0.042773,0.612391,0.752523,0.377098,0.163659,0.0,0.046059,0.0,0.392576,1.896928,0.0,1.15773,0.373342,0.796161,1.119953,0.0,1.853952,0.0,0.357367,0.693377,0.0,0.0
412,0.734164,0.612313,1.111119,0.0,0.148752,0.15424,0.403421,0.214927,0.444968,0.341615,0.0,0.684434,0.986924,0.547391,1.457557,0.0,1.405512,0.026447,0.071523,0.0,1.31478,0.450888,0.207394,0.97914,0.453535,0.072938,0.0,0.598046,0.597319,0.279762,0.27918,0.240935,0.27409,0.0,0.335344,1.513804,0.0,1.021761,0.205726,0.689879,0.721402,0.0,1.799593,0.0,0.0,0.391059,0.0,0.0
413,0.26767,0.57926,0.842809,0.0,0.0,0.063143,0.560741,0.517348,0.325196,0.384525,0.0,0.493068,0.933723,0.398533,1.118148,0.0,1.348463,0.0,0.041068,0.0,0.893615,0.322814,0.327197,1.029718,0.727184,0.035779,0.110847,0.646551,0.533032,0.355884,0.231175,0.07354,0.333327,0.0,0.401823,1.462248,0.0,0.972426,0.0,0.483658,0.577799,0.0,1.931298,0.0,0.0,0.228061,0.0,0.0
414,0.266568,0.242573,1.105367,0.0,0.0,0.114663,0.688031,0.432801,0.278939,0.374339,0.0,0.716882,0.736218,0.66067,1.0073,0.0,1.148469,0.0,0.0,0.0,0.628723,0.376674,0.376396,0.736668,0.698094,0.0,0.0,0.280962,0.540324,0.073705,0.42179,0.527369,0.311928,0.0,0.394737,0.960781,0.060992,0.856536,0.0,0.489942,0.24875,0.0,1.511062,0.0,0.0,0.120817,0.0,0.0
415,0.176822,0.0,1.080529,0.0,0.0,0.099391,0.661374,0.403715,0.224339,0.351342,0.0,0.552306,0.791086,0.379495,0.686683,0.0,1.111464,0.0,0.0,0.0,0.586334,0.335825,0.419311,0.308272,0.547059,0.024664,0.0,0.285641,0.533125,0.35419,0.737453,0.256267,0.21598,0.090248,0.515843,0.888687,0.0,0.884678,0.0,0.237077,0.430658,0.0,1.398247,0.0,0.0,0.0,0.0,0.0
416,0.287112,0.0,0.957374,0.0,0.0,0.0,0.68708,0.521726,0.324721,0.296909,0.0,0.539677,0.743311,0.468539,0.640868,0.0,0.851288,0.0,0.0,0.0,0.393449,0.17063,0.441587,0.470003,0.535862,0.148426,0.0,0.451058,0.306877,0.319745,0.677073,0.101553,0.365101,0.128839,0.691475,0.531785,0.0,0.823479,0.092954,0.0,0.293889,0.0,1.184561,0.0,0.0,0.094157,0.0,0.0
417,0.0,0.065426,0.728512,0.0,0.0,0.0,0.476149,0.684078,0.383615,0.248835,0.0,0.394425,0.740108,0.379959,0.458686,0.0,0.661748,0.054445,0.0,0.0,0.364432,0.130882,0.366373,0.596502,0.608732,0.0,0.0,0.523194,0.125921,0.196064,0.440583,0.0,0.597828,0.0,0.583091,0.696288,0.0,0.605944,0.039976,0.0,0.210564,0.0,1.487443,0.0,0.0,0.159233,0.0,0.0
418,0.29867,0.080794,0.812532,0.0,0.0,0.0,0.441664,0.606503,0.372051,0.228188,0.0,0.604284,0.556006,0.475001,0.432979,0.0,0.590703,0.136232,0.087398,0.0,0.212189,0.160357,0.350294,0.632209,0.330691,0.0,0.0,0.659391,0.100526,0.0,0.434411,0.0,0.827828,0.0,0.750644,0.321919,0.0,0.435731,0.373581,0.0,0.236669,0.0,1.286023,0.0,0.0,0.230948,0.0,0.0
419,0.444559,0.06806,0.783588,0.0,0.0,0.0,0.411854,0.357786,0.376344,0.213506,0.0,0.568576,0.331425,0.556215,0.46522,0.0,0.511658,0.11203,0.244677,0.0,0.267088,0.100538,0.485339,0.526501,0.118214,0.03416,0.0,0.600558,0.221642,0.0,0.76839,0.094339,0.617628,0.014531,0.854375,0.0,0.0,0.434001,0.427223,0.0,0.100587,0.0,0.918873,0.0,0.0,0.168956,0.0,0.0
420,0.0,0.0,0.632374,0.0,0.0,0.0,0.282377,0.500881,0.498967,0.081806,0.0,0.292185,0.283197,0.246181,0.448229,0.0,0.511818,0.215632,0.273419,0.0,0.307912,0.0,0.393581,0.509258,0.451975,0.0,0.0,0.605268,0.139575,0.300906,0.621566,0.140282,0.522549,0.0,0.72278,0.218286,0.0,0.358193,0.285091,0.0,0.266976,0.0,1.073432,0.0,0.0,0.321904,0.0,0.0
421,0.0,0.116874,0.589045,0.0,0.0,0.0,0.327137,0.571443,0.493986,0.0,0.0,0.111344,0.118422,0.295457,0.524027,0.0,0.616132,0.26369,0.538307,0.0,0.251931,0.0,0.474004,0.336241,0.614796,0.0,0.0,0.584246,0.372341,0.315071,0.871323,0.488632,0.476101,0.0,0.568475,0.115478,0.0,0.182665,0.176518,0.0,0.0,0.0,0.946243,0.0,0.0,0.271655,0.0,0.0
422,0.0,0.143122,0.659062,0.0,0.0,0.146995,0.162133,0.537731,0.373223,0.0,0.0,0.255363,0.0,0.113501,0.457775,0.0,0.611325,0.36564,0.712398,0.0,0.292252,0.0,0.211243,0.144888,0.46463,0.0,0.0,0.463326,0.601026,0.218902,1.144019,0.991479,0.585757,0.054438,0.488402,0.0,0.0,0.00982,0.500821,0.013375,0.0,0.0,0.620432,0.012512,0.0,0.446231,0.0,0.0
423,0.0,0.345521,0.914449,0.0,0.0,0.48938,0.0,0.548402,0.307894,0.0,0.0,0.317063,0.0,0.11677,0.470312,0.0,0.796975,0.340679,0.961097,0.0,0.459673,0.0,0.067743,0.0,0.248113,0.0,0.0,0.35116,0.969478,0.139727,1.629928,1.428505,0.564501,0.432757,0.532044,0.0,0.0,0.007795,0.842675,0.135256,0.0,0.0,0.348778,0.0,0.0,0.641324,0.0,0.0
424,0.139946,0.492543,1.193962,0.0,0.0,0.755805,0.0,0.694926,0.3722,0.0,0.0,0.311605,0.0,0.062123,0.48296,0.0,0.86286,0.346254,1.082693,0.0,0.61061,0.0,0.0,0.0,0.208763,0.0,0.0,0.166853,1.174133,0.075636,1.984982,1.757273,0.444846,0.736147,0.48848,0.0,0.0,0.018639,1.047134,0.343111,0.0,0.0,0.117205,0.080056,0.0,0.759522,0.0,0.0
425,0.0,0.737525,1.100939,0.0,0.0,0.791139,0.0,0.885931,0.160509,0.0,0.0,0.124779,0.0,0.0,0.240399,0.0,0.983991,0.47509,1.097861,0.0,0.625945,0.0,0.0,0.0,0.373558,0.0,0.0,0.416975,1.334463,0.001043,1.967051,1.752051,0.470536,0.527853,0.477486,0.0,0.0,0.0,1.040879,0.235976,0.0,0.0,0.257289,0.0,0.0,0.813555,0.0,0.0
426,0.159686,0.611827,0.751178,0.0,0.0,0.803705,0.0,1.063658,0.273012,0.0,0.0,0.066411,0.0,0.0,0.206543,0.0,0.710746,0.6223,0.936088,0.0,0.481709,0.0,0.0,0.0,0.545706,0.0,0.0,0.321223,1.246802,0.0,1.944869,1.488479,0.215984,0.380668,0.489906,0.0,0.0,0.0,1.104018,0.211425,0.0,0.0,0.042331,0.053526,0.0,0.63925,0.0,0.0
427,0.005556,0.845049,0.974534,0.0,0.0,0.586901,0.0,0.872491,0.313316,0.0,0.0,0.21308,0.0,0.0,0.132325,0.0,0.679753,0.476057,1.32093,0.0,0.233945,0.0,0.0,0.0,0.256316,0.0,0.0,0.416675,1.046719,0.0,1.876558,1.470493,0.346047,0.474355,0.64584,0.0,0.0,0.0,1.086016,0.198697,0.0,0.0,0.0,0.166525,0.0,0.677204,0.0,0.0
428,0.0,0.923814,0.828257,0.0,0.0,0.382189,0.051189,0.741455,0.53903,0.0,0.0,0.147582,0.0,0.104921,0.233794,0.0,0.381317,0.55699,1.366286,0.0,0.020696,0.0,0.0,0.0,0.188228,0.0,0.0,0.289876,0.708803,0.0,1.819821,1.08819,0.210238,0.286653,0.812313,0.0,0.0,0.0,0.995245,0.31285,0.0,0.0,0.0,0.261668,0.0,0.443757,0.0,0.0
429,0.281434,1.247272,1.093672,0.0,0.006159,0.29369,0.101986,0.457672,0.58043,0.0,0.0,0.337247,0.0,0.106182,0.17729,0.0,0.11948,0.463183,1.431779,0.0,0.082959,0.0,0.0,0.0,0.0,0.0,0.0,0.008191,0.444121,0.0,1.687062,0.984959,0.12679,0.470217,0.661438,0.0,0.0,0.0,1.223831,0.600931,0.0,0.0,0.0,0.333872,0.0,0.409954,0.0,0.0
430,0.3672,1.405614,0.932582,0.0,0.172825,0.286075,0.278251,0.426008,0.58581,0.0,0.0,0.355688,0.0,0.072328,0.202406,0.0,0.0,0.54617,1.417361,0.0,0.0,0.0,0.0,0.0,0.0,0.0,0.0,0.123157,0.321072,0.0,1.729991,0.346726,0.050568,0.270158,0.819721,0.043244,0.0,0.0,1.31272,0.31556,0.0,0.0,0.0,0.186935,0.0,0.282269,0.0,0.0
431,0.580692,1.200937,0.880734,0.0,0.474685,0.004616,0.511401,0.263409,0.631241,0.0,0.054391,0.345943,0.039347,0.0,0.333984,0.0,0.0,0.591128,1.394136,0.0,0.0,0.0,0.0,0.015923,0.0,0.0,0.0,0.0,0.0,0.0,1.270545,0.020972,0.0,0.478651,0.839679,0.065916,0.0,0.0,1.699503,0.59364,0.0,0.0,0.0,0.598541,0.0,0.217801,0.0,0.0
432,0.794027,1.261443,0.96385,0.0,0.639547,0.0,0.72864,0.072022,0.736403,0.0,0.069678,0.42711,0.180666,0.0,0.456602,0.0,0.0,0.567775,1.493572,0.0,0.0,0.0,0.0,0.15423,0.0,0.0,0.0,0.0,0.0,0.0,1.093623,0.0,0.0,0.565354,0.840754,0.0,0.0,0.0,1.985874,0.713087,0.0,0.0,0.0,0.718992,0.227117,0.235217,0.0,0.0
433,0.880553,1.123417,0.828208,0.0,0.807941,0.0,0.708872,0.133163,0.772271,0.13595,0.0,0.424058,0.257078,0.0,0.596652,0.0,0.0,0.80997,1.538969,0.0,0.0,0.0,0.0,0.343891,0.0,0.0,0.0,0.0,0.0,0.0,0.878656,0.0,0.060893,0.499442,0.782988,0.151177,0.0,0.0,2.205832,0.55429,0.0,0.0,0.210426,0.797395,0.441185,0.412578,0.0,0.0
434,1.125686,0.919215,0.696942,0.0,0.793245,0.041003,0.714087,0.175333,0.702038,0.273566,0.0,0.39387,0.398276,0.0,0.519289,0.0,0.0,0.813729,1.340107,0.0,0.067616,0.0,0.0,0.263618,0.0,0.0,0.0,0.0,0.0,0.0,0.666599,0.0,0.211919,0.51139,0.646472,0.380162,0.0,0.0,2.496254,0.322338,0.283415,0.0,0.612879,0.780178,0.755608,0.590601,0.0,0.0
435,1.052138,1.129838,0.797943,0.0,0.807414,0.146056,0.563885,0.226167,0.725781,0.352969,0.0,0.27797,0.352929,0.0,0.556424,0.0,0.0,0.816325,1.256297,0.0,0.179567,0.0,0.0,0.299266,0.0,0.0,0.0,0.008838,0.0,0.0,0.544374,0.0,0.116851,0.431091,0.67006,0.549974,0.0,0.0,2.468896,0.37427,0.242502,0.0,0.680503,0.548232,0.657604,0.5141,0.0,0.0
436,1.139564,0.842226,0.770768,0.0,0.786272,0.075233,0.864744,0.065674,0.634031,0.439279,0.133055,0.261121,0.341331,0.0,0.280684,0.0,0.0,0.605332,1.113623,0.0,0.043352,0.0,0.0,0.185167,0.0,0.0,0.0,0.0,0.0,0.0,0.675461,0.0,0.102394,0.591093,0.572432,0.339772,0.0,0.0,2.628171,0.388566,0.38642,0.0,0.510822,0.882553,0.857275,0.437776,0.0,0.0
437,1.034256,0.993532,0.970169,0.0,0.804775,0.003534,0.584526,0.165165,0.70601,0.200406,0.0,0.324673,0.23787,0.0,0.563064,0.0,0.0,0.791676,1.351379,0.0,0.126433,0.0,0.0,0.186925,0.0,0.0,0.0,0.0,0.0,0.0,0.702845,0.0,0.014779,0.586143,0.501932,0.207207,0.0,0.0,2.558892,0.639085,0.020478,0.0,0.28427,0.896628,0.673685,0.469602,0.0,0.0
438,0.737387,1.195905,1.04279,0.0,0.667152,0.043054,0.62798,0.2446,0.608539,0.21793,0.01591,0.233612,0.153845,0.0,0.314242,0.0,0.0,0.644799,1.313065,0.0,0.0,0.0,0.0,0.130648,0.0,0.0,0.0,0.0,0.0,0.0,1.0872,0.0,0.0,0.644957,0.805736,0.147637,0.0,0.0,2.191525,0.567813,0.0,0.0,0.057331,0.834814,0.282026,0.245173,0.0,0.0
439,0.655506,1.388293,1.123464,0.0,0.561037,0.134698,0.608454,0.386406,0.520763,0.226348,0.0,0.287048,0.239518,0.0,0.128422,0.0,0.0,0.691026,1.423838,0.0,0.0,0.0,0.0,0.074517,0.0,0.0,0.0,0.0,0.0,0.0,1.516763,0.0,0.053985,0.613299,0.989824,0.065877,0.0,0.0,2.041006,0.458317,0.0,0.0,0.069584,0.834559,0.0,0.15047,0.0,0.0
440,0.207675,1.297497,1.069682,0.0,0.413868,0.085778,0.713019,0.450636,0.392073,0.236933,0.0,0.196141,0.169951,0.0,0.023932,0.0,0.0,0.838471,1.4602,0.0,0.0,0.0,0.0,0.036138,0.0,0.0,0.0,0.0,0.0,0.0,1.772288,0.0,0.090478,0.628116,1.24816,0.179219,0.0,0.0,1.737391,0.287954,0.0,0.0,0.131714,0.915764,0.0,0.0,0.0,0.0
441,0.254236,1.174905,1.164388,0.0,0.418225,0.209306,0.996509,0.375785,0.350151,0.22997,0.0,0.188129,0.305084,0.0,0.0,0.0,0.0,0.800873,1.599591,0.0,0.0,0.0,0.0,0.0,0.0,0.0,0.0,0.0,0.03992,0.115338,2.352856,0.111243,0.105845,0.807936,1.293396,0.0,0.0,0.0,1.686901,0.457189,0.0,0.0,0.017144,1.225253,0.0,0.0,0.0,0.0
442,0.263968,0.978444,1.12454,0.0,0.377087,0.323513,1.085728,0.458625,0.252579,0.333016,0.0,0.07809,0.360956,0.0,0.0,0.0,0.0,0.813082,1.591746,0.0,0.0,0.0,0.0,0.0,0.003218,0.0,0.0,0.0,0.107859,0.327159,2.760822,0.144874,0.110997,1.095803,1.340388,0.0,0.0,0.0,1.564425,0.457408,0.0,0.0,0.066895,1.55001,0.0,0.0,0.0,0.0
443,0.068121,0.598265,0.818348,0.0,0.222589,0.272076,0.945923,0.634424,0.179145,0.299354,0.0,0.0,0.312897,0.0,0.0,0.0,0.0,0.965578,1.435807,0.0,0.0,0.0,0.0,0.0,0.203526,0.0,0.0,0.0,0.099359,0.425405,2.485367,0.258044,0.128053,1.234792,1.171386,0.0,0.0,0.0,1.414625,0.45087,0.0,0.0,0.231204,1.91053,0.0,0.0,0.0,0.0
444,0.004356,0.481873,0.818642,0.0,0.06101,0.33396,0.923972,0.665455,0.057006,0.493857,0.0,0.0,0.376618,0.0,0.0,0.0,0.0,0.975682,1.2382,0.0,0.0,0.0,0.0,0.0,0.347198,0.0,0.0,0.0,0.110437,0.472732,2.537678,0.265985,0.085869,1.252935,1.174409,0.0,0.0,0.0,1.332708,0.342452,0.0,0.0,0.291304,1.892531,0.0,0.0,0.0,0.0
445,0.172341,0.548876,0.981015,0.0,0.08025,0.375849,1.123658,0.601022,0.098432,0.590398,0.0,0.004929,0.482425,0.0,0.0,0.0,0.0,0.943335,1.291277,0.0,0.0,0.0,0.034669,0.0,0.319015,0.015808,0.0,0.0,0.060133,0.531581,2.680068,0.236684,0.133551,1.119832,1.319197,0.0,0.0,0.0,1.48542,0.275358,0.0,0.0,0.244088,1.825473,0.0,0.0,0.0,0.0
446,0.062309,0.310373,0.937456,0.0,0.0,0.163758,1.216902,0.65027,0.04102,0.541701,0.0,0.037684,0.578461,0.0,0.0,0.0,0.0,0.926728,1.202528,0.0,0.0,0.0,0.078634,0.0,0.266925,0.110916,0.0,0.0,0.048304,0.413579,2.356681,0.080473,0.132789,1.080299,1.399622,0.0,0.0,0.0,1.439307,0.278026,0.0,0.0,0.186116,1.763911,0.0,0.0,0.0,0.0
447,0.0,0.216836,0.846488,0.0,0.0,0.0,1.390318,0.886613,0.015187,0.652554,0.0,0.151567,0.692551,0.02875,0.0,0.0,0.0,0.825138,1.086386,0.0,0.0,0.0,0.119277,0.0,0.407384,0.106524,0.0,0.0,0.0,0.144033,2.037989,0.0,0.36606,0.688801,1.471275,0.143631,0.0,0.0,1.437412,0.085603,0.0,0.0,0.424426,1.47743,0.0,0.0,0.0,0.0
448,0.0,0.295612,0.877499,0.0,0.028818,0.0,1.419028,0.979912,0.132791,0.926668,0.0,0.335985,0.662072,0.0,0.0,0.0,0.074766,0.693776,0.989709,0.0,0.0,0.0,0.033413,0.291621,0.602,0.102859,0.0,0.203075,0.0,0.0,1.860048,0.0,0.683928,0.285848,1.495748,0.42181,0.0,0.0,1.529777,0.0,0.024707,0.0,0.736924,1.089496,0.0,0.0,0.0,0.0
449,0.0,0.206973,0.936351,0.0,0.0,0.0,1.403971,0.991874,0.0,0.99781,0.0,0.470998,0.933969,0.0,0.0,0.0,0.0,0.559973,1.059659,0.0,0.0,0.0,0.127275,0.274809,0.195175,0.341109,0.0,0.230051,0.0,0.186103,1.724228,0.0,0.69711,0.754867,1.660446,0.147884,0.0,0.233672,1.755695,0.0,0.310741,0.0,0.54446,1.441985,0.0,0.0,0.0,0.0
