time_index,z0,z1,z2,z3,z4,z5,z6,z7,z8,z9,z10,z11,z12,z13,z14,z15,z16,z17,z18,z19,z20,z21,z22,z23,z24,z25,z26,z27,z28,z29,z30,z31,z32,z33,z34,z35,z36,z37,z38,z39,z40,z41,z42,z43,z44,z45,z46,z47
0,0.0,0.0,0.0,0.829447,0.0,2.6415,0.006527,0.0,0.0,1.60589,0.543674,1.037999,0.0,2.736333,0.020095,2.498694,0.0,1.135812,0.961491,0.437424,1.063026,0.0,0.0,0.082464,0.594029,0.0,1.30662,0.333877,0.0,0.39307,0.0,0.0,0.0,0.764658,1.987821,0.0,2.704052,0.0,1.196137,0.0,0.0,0.0,0.0,0.291282,0.0,0.0,0.589836,0.0
1,0.0,0.0,0.0,0.622606,0.0,2.514386,0.031969,0.0,0.0,1.412418,0.533474,1.018701,0.0,2.806823,0.0,2.338833,0.194936,1.19546,1.261859,0.577465,1.15152,0.0,0.0,0.0,0.41061,0.0,1.111461,0.497351,0.0,0.327894,0.0,0.0,0.0,0.784467,2.039683,0.0,2.478527,0.0,1.176606,0.0,0.0,0.0,0.0,0.020682,0.0,0.067749,0.618581,0.39253
2,0.0,0.0,0.0,0.649825,0.068246,2.232387,0.412988,0.0,0.0,0.956262,0.497735,0.99201,0.0,2.525659,0.086611,1.959948,0.379762,1.116936,1.093666,0.529438,0.991041,0.0,0.0,0.0,0.557146,0.0,0.954137,0.748598,0.0,0.210372,0.0,0.0,0.0,0.672099,1.755388,0.0,2.068752,0.0,1.166414,0.0,0.0,0.0,0.15348,0.000555,0.0,0.104016,0.583755,0.42746
3,0.0,0.142202,0.0,0.449428,0.045079,1.854168,0.238837,0.0,0.0,0.656387,0.37964,0.892482,0.0,2.319589,0.154357,1.611053,0.812106,1.019541,0.920402,0.185529,0.976654,0.0,0.01121,0.0,0.520639,0.054487,1.096642,0.859961,0.0,0.071719,0.0,0.0,0.0,0.633537,1.511694,0.0,1.813612,0.0,1.098454,0.0,0.0,0.0,0.334891,0.0,0.0,0.116395,0.609614,0.400367
4,0.0,0.516397,0.0,0.345095,0.0,1.396537,0.114283,0.0,0.0,0.499495,0.255109,0.893764,0.0,1.810605,0.18993,1.232364,1.024831,0.858032,0.806411,0.087319,0.897148,0.0,0.228446,0.0,0.433313,0.388423,0.99772,0.994619,0.0,0.0,0.0,0.0,0.0,0.291308,1.347657,0.0,1.549975,0.0,0.996325,0.0,0.0,0.0,0.41966,0.0,0.0,0.0,0.521902,0.434605
5,0.0,0.629368,0.0,0.144944,0.172568,1.13303,0.151408,0.0,0.0,0.161065,0.408265,0.7107,0.0,1.506021,0.313243,0.866595,1.056856,0.804849,0.756838,0.078458,0.745316,0.076436,0.167183,0.0,0.323432,0.478618,0.84492,0.922321,0.0,0.0,0.0,0.0,0.0,0.047044,0.938905,0.0,1.038586,0.0,0.925803,0.0,0.0,0.0,0.481067,0.0,0.0,0.0,0.340664,0.66172
6,0.0,0.636222,0.0,0.022591,0.074403,0.805335,0.049616,0.0,0.0,0.234756,0.219591,0.766956,0.0,1.204639,0.369532,0.812201,0.92122,0.560906,0.576452,0.080092,0.672015,0.147228,0.254819,0.0,0.390029,0.614639,0.633085,0.854121,0.0,0.0,0.0,0.0,0.0,0.0,0.729537,0.0,0.882829,0.0,0.771365,0.0,0.0,0.0,0.493098,0.0,0.0,0.0,0.289128,0.488132
7,0.0,0.569708,0.0,0.0,0.044653,0.610963,0.146943,0.075557,0.0,0.352439,0.0,1.075091,0.0,1.105173,0.425961,0.9012,0.808846,0.457626,0.404633,0.144477,0.67263,0.179013,0.451611,0.0,0.548711,0.567414,0.441848,0.650526,0.0,0.0,0.0,0.0,0.0,0.0,0.73424,0.0,0.836103,0.0,0.7609,0.0,0.0,0.0,0.358685,0.0,0.0,0.0,0.244581,0.37578
8,0.0,0.547124,0.0,0.0,0.0,0.473733,0.033333,0.05405,0.0,0.300868,0.065529,0.929575,0.013825,0.966179,0.422017,0.992807,1.081569,0.66147,0.577804,0.139334,0.779335,0.1299,0.742871,0.0,0.475732,0.628309,0.636909,0.522883,0.156641,0.0,0.0,0.0,0.0,0.0,0.657219,0.0,0.737226,0.0,0.508742,0.0,0.0,0.0,0.090015,0.0,0.0,0.0,0.230442,0.519575
9,0.098091,0.542882,0.0,0.048396,0.0,0.532407,0.060553,0.105567,0.0,0.397614,0.0,1.140251,0.180763,0.872566,0.285477,1.182118,0.917499,0.724295,0.616898,0.337528,0.732965,0.202184,0.818381,0.0,0.407809,0.641833,0.671173,0.261934,0.259068,0.0,0.11362,0.0,0.0,0.0,0.817044,0.0,0.740342,0.0,0.318048,0.0,0.0,0.0,0.0,0.0,0.0,0.0,0.127391,0.778282
10,0.0,0.497995,0.092179,0.248547,0.0,0.212456,0.287652,0.188696,0.0,0.343586,0.012069,1.06486,0.237003,0.57809,0.393371,1.09758,1.095795,0.70737,0.473286,0.307384,0.687613,0.270794,0.986771,0.0,0.265202,0.362132,0.717598,0.322517,0.553318,0.0,0.0,0.0,0.007612,0.0,0.486819,0.0,0.47822,0.0,0.169094,0.0,0.0,0.0,0.0,0.0,0.0,0.0,0.0,0.689649
11,0.0,0.558696,0.106722,0.52142,0.0,0.0,0.521653,0.195763,0.0,0.424466,0.065734,1.025203,0.191101,0.348537,0.552596,1.011415,1.171411,0.715077,0.347315,0.28267,0.654766,0.372267,0.975151,0.0,0.054161,0.125142,0.749281,0.374685,0.8148,0.0,0.0,0.0,0.200047,0.0,0.254744,0.0,0.279253,0.0,0.169662,0.0,0.0,0.0,0.0,0.0,0.0,0.0,0.0,0.611628
12,0.0,0.718727,0.113104,0.53533,0.0,0.0,0.411209,0.281502,0.0488,0.344479,0.0,1.155172,0.273478,0.193078,0.559117,0.710354,1.277175,0.64291,0.047478,0.040158,0.680729,0.364365,1.273639,0.0,0.0,0.368654,0.613847,0.36676,0.936126,0.0,0.0,0.0,0.359217,0.0,0.141076,0.0,0.137056,0.0,0.190213,0.0,0.0,0.0,0.199869,0.0,0.0,0.0,0.0,0.332127
13,0.037081,0.866052,0.097487,0.670598,0.013034,0.0,0.330481,0.259445,0.0,0.33951,0.0,1.314159,0.162398,0.110384,0.674418,0.71146,1.17019,0.607605,0.0,0.0,0.766909,0.663984,1.191553,0.0,0.0,0.403695,0.67051,0.331334,0.933433,0.0,0.0,0.0,0.532131,0.0,0.09549,0.0,0.013839,0.0,0.111438,0.0,0.0,0.0,0.326073,0.0,0.0,0.0,0.0,0.33928
14,0.0,0.929507,0.065056,0.854196,0.33531,0.001048,0.221054,0.162566,0.105915,0.236813,0.0,1.276139,0.214098,0.037091,0.72388,0.598869,1.178367,0.708839,0.104085,0.095969,0.821142,0.75486,0.856063,0.0,0.0,0.462393,0.92724,0.144752,0.821505,0.0,0.0,0.0,0.58948,0.0,0.0,0.0,0.0,0.0,0.224582,0.0,0.0,0.0,0.402262,0.0,0.0,0.0,0.0,0.299448
15,0.0,0.875877,0.0,0.941374,0.531514,0.166518,0.0,0.0,0.018227,0.342884,0.0727,1.236963,0.0,0.263076,0.84222,0.860931,1.061974,0.539859,0.28166,0.20374,1.062288,0.747029,0.592236,0.36585,0.0,0.452046,1.15989,0.0,0.693578,0.0,0.0,0.0,0.609421,0.0,0.0,0.0,0.0,0.0,0.26558,0.028082,0.0,0.0,0.364249,0.0,0.0,0.0,0.0,0.187129
16,0.0,0.833717,0.032168,0.95797,0.578092,0.144032,0.050584,0.106789,0.212057,0.155187,0.094874,0.885008,0.095759,0.128004,0.634472,0.753641,1.026139,0.634321,0.088476,0.083136,0.884274,0.627125,0.630579,0.239065,0.0,0.392906,0.985908,0.0,0.513544,0.0,0.0,0.0,0.701392,0.0,0.0,0.0,0.064159,0.0,0.348879,0.015352,0.0,0.0,0.342612,0.041193,0.134174,0.0,0.0,0.008054
17,0.0,0.586742,0.0,0.937679,0.344368,0.157975,0.058498,0.024611,0.055064,0.20554,0.0,0.784045,0.0,0.262515,0.561148,0.797494,0.618876,0.508099,0.054311,0.024125,0.656232,0.631756,0.596319,0.279664,0.0,0.166611,0.753399,0.0,0.489875,0.0,0.0,0.0,0.514701,0.0,0.098308,0.0,0.179721,0.0,0.261255,0.0,0.0,0.0,0.16314,0.12245,0.0,0.0,0.0,0.022285
18,0.0,0.526306,0.063873,0.926865,0.042703,0.255454,0.140967,0.312243,0.275669,0.0,0.0,0.503078,0.369133,0.169021,0.355018,0.637286,0.423797,0.470929,0.0,0.117686,0.469582,0.39516,0.755972,0.163176,0.0,0.219798,0.339978,0.052946,0.435233,0.0,0.0,0.0,0.194358,0.03038,0.288045,0.0,0.254885,0.0,0.140332,0.0,0.0,0.0,0.253006,0.051182,0.0,0.0,0.213379,0.0
19,0.0,0.36427,0.13077,0.848391,0.153525,0.122415,0.0,0.535428,0.40403,0.0,0.0,0.226935,0.404905,0.088701,0.36942,0.688182,0.498556,0.596246,0.0,0.145046,0.430181,0.307741,0.856364,0.257403,0.0,0.292314,0.479312,0.0,0.240735,0.0,0.0,0.0,0.180794,0.194631,0.133734,0.003992,0.290399,0.0,0.274532,0.0,0.0,0.0,0.310604,0.145147,0.090265,0.0,0.199318,0.0
20,0.0,0.248776,0.156602,0.885677,0.019804,0.198911,0.0,0.63729,0.293357,0.0,0.079694,0.056345,0.254728,0.113867,0.27596,1.003203,0.364026,0.748723,0.0,0.231798,0.298532,0.350357,0.721189,0.346539,0.0,0.313082,0.595789,0.0,0.0,0.0,0.0,0.0,0.132328,0.350331,0.317736,0.235837,0.415368,0.0,0.324126,0.0,0.0,0.0,0.122601,0.145066,0.049122,0.0,0.17504,0.0
21,0.0,0.169291,0.11727,0.857924,0.0,0.101387,0.103949,0.55047,0.295898,0.0,0.0,0.040696,0.179881,0.1008,0.113253,1.050178,0.377941,0.785691,0.050438,0.153916,0.207609,0.280031,0.702483,0.466774,0.0,0.147893,0.498775,0.0,0.0,0.0,0.0,0.0,0.000653,0.441919,0.437198,0.245615,0.393129,0.0,0.311608,0.0,0.0,0.0,0.111792,0.098428,0.0,0.0,0.165757,0.0
22,0.0,0.037999,0.214368,0.984082,0.0,0.127916,0.308067,0.694225,0.156304,0.0,0.082434,0.0,0.095199,0.323537,0.16703,1.231567,0.387424,0.826921,0.072343,0.323817,0.195422,0.186684,0.712665,0.42261,0.0,0.0,0.512251,0.0,0.0,0.0,0.0,0.0,0.0,0.537889,0.539783,0.350566,0.374402,0.0,0.276549,0.0,0.0,0.0,0.0,0.065413,0.0,0.0,0.09028,0.0
23,0.0,0.197238,0.130169,0.993674,0.0,0.233267,0.320432,0.850718,0.046328,0.019982,0.103209,0.0,0.226835,0.187756,0.0,1.364672,0.412487,1.003908,0.130145,0.49356,0.076953,0.216267,0.776163,0.465659,0.0,0.117822,0.434408,0.0,0.0,0.0,0.0,0.0,0.0,0.571341,0.572114,0.519793,0.463026,0.0,0.259452,0.0,0.0,0.0,0.0,0.030671,0.0,0.0,0.109169,0.0
24,0.0,0.075867,0.203402,0.986785,0.0,0.219317,0.470272,0.785744,0.0,0.133068,0.042554,0.0,0.231785,0.413359,0.0,1.413996,0.591563,0.93022,0.17317,0.499558,0.283545,0.156788,0.829034,0.321251,0.026488,0.0,0.418912,0.0,0.0,0.0,0.0,0.0,0.0,0.556918,0.746941,0.385996,0.394279,0.0,0.258147,0.0,0.0,0.0,0.0,0.0,0.0,0.0,0.0,0.0
25,0.0,0.0,0.162202,0.938761,0.0,0.187401,0.311474,0.901684,0.0,0.088719,0.127405,0.0,0.060433,0.254749,0.078394,1.573192,0.512181,1.041044,0.083713,0.469426,0.263052,0.109048,0.929399,0.297523,0.058394,0.0,0.472898,0.0,0.0,0.0,0.0,0.0,0.078702,0.446193,0.737634,0.317243,0.505536,0.0,0.27975,0.0,0.0,0.0,0.0,0.138244,0.0,0.0,0.0,0.0
26,0.0,0.032227,0.112774,0.744059,0.0,0.154424,0.193881,0.844477,0.0,0.08792,0.0,0.039807,0.0,0.28528,0.076187,1.498737,0.409782,1.009454,0.069538,0.348597,0.279325,0.100243,0.814093,0.284602,0.00846,0.058632,0.362532,0.0,0.0,0.0,0.0,0.0,0.0,0.430916,0.837354,0.315539,0.672248,0.0,0.275358,0.0,0.0,0.0,0.0,0.102536,0.0,0.0,0.097257,0.0
27,0.0,0.097771,0.114034,0.601044,0.0,0.214326,0.040274,0.889385,0.037877,0.169208,0.0,0.112731,0.014954,0.361014,0.062508,1.417772,0.396881,0.873907,0.10105,0.297249,0.280987,0.063479,0.889947,0.170963,0.028473,0.289223,0.448502,0.0,0.0,0.0,0.02163,0.0,0.0,0.429607,0.777178,0.30095,0.732252,0.0,0.363404,0.0,0.0,0.0,0.0,0.08847,0.0,0.0,0.05725,0.0
28,0.0,0.068325,0.0,0.695701,0.0,0.127714,0.249262,0.868107,0.0,0.0,0.0,0.158635,0.13304,0.321792,0.0,1.216858,0.331942,0.724004,0.0,0.337906,0.024786,0.267449,0.725872,0.412136,0.024059,0.021879,0.311911,0.0,0.0,0.0,0.0,0.0,0.033706,0.472194,0.650218,0.389792,0.486049,0.0,0.426439,0.0,0.0,0.0,0.104543,0.190852,0.004202,0.0,0.101883,0.0
29,0.0,0.189953,0.0,0.716327,0.0,0.319662,0.359349,0.538066,0.0,0.092247,0.0,0.151047,0.148676,0.469487,0.0,1.127715,0.055,0.528629,0.182911,0.366827,0.0,0.459786,0.442676,0.504385,0.037417,0.120736,0.261663,0.0,0.0,0.0,0.0,0.0,0.0,0.630172,0.801357,0.681394,0.555516,0.0,0.452907,0.0,0.0,0.0,0.0,0.042532,0.0,0.0,0.181442,0.0
30,0.0,0.265655,0.0,0.717131,0.0,0.331419,0.322809,0.346667,0.0,0.101841,0.0,0.163769,0.088212,0.669203,0.0,1.086069,0.022755,0.396009,0.389815,0.248341,0.0,0.610394,0.19544,0.441711,0.019027,0.361617,0.502664,0.0,0.0,0.0,0.047113,0.0,0.0,0.645391,0.661385,0.575761,0.582826,0.0,0.645281,0.0,0.0,0.0,0.0,0.037041,0.0,0.0,0.201576,0.083258
31,0.0,0.414544,0.0,0.793215,0.0,0.393981,0.187962,0.354104,0.0,0.095492,0.0,0.278025,0.070993,0.402071,0.0,0.973646,0.0,0.468768,0.37802,0.334184,0.0,0.804407,0.10551,0.414612,0.0,0.552414,0.470288,0.0,0.0,0.0,0.054513,0.0,0.113087,0.476326,0.720527,0.618377,0.535008,0.0,0.615784,0.0,0.0,0.0,0.0,0.027662,0.0,0.0,0.142579,0.047615
32,0.0,0.268905,0.0,0.609786,0.255803,0.303054,0.052658,0.319718,0.141388,0.069992,0.0,0.326406,0.0,0.531002,0.059616,0.679131,0.0,0.221707,0.391555,0.124683,0.141747,0.562698,0.103869,0.492097,0.018688,0.429299,0.662438,0.0,0.0,0.0,0.213202,0.0,0.256299,0.458729,0.434072,0.59525,0.436571,0.0,0.774236,0.0,0.0,0.0,0.087599,0.13804,0.0,0.0,0.115567,0.0
33,0.0,0.334006,0.0,0.570705,0.507929,0.24529,0.121199,0.344573,0.074068,0.186756,0.0,0.451838,0.0,0.320357,0.081224,0.409996,0.050648,0.150562,0.42901,0.122985,0.302492,0.433578,0.072375,0.543259,0.014019,0.33591,0.572388,0.139112,0.0,0.0,0.231732,0.0,0.256921,0.400898,0.422194,0.606728,0.386621,0.0,0.814806,0.0,0.0,0.0,0.386919,0.183273,0.0,0.0,0.306984,0.0
34,0.0,0.54407,0.0,0.395096,0.325555,0.414867,0.175705,0.215716,0.0,0.18528,0.0,0.409856,0.0,0.311405,0.0,0.602468,0.0,0.141964,0.433239,0.446693,0.318259,0.610654,0.013793,0.431599,0.074871,0.619478,0.401242,0.280904,0.0,0.0,0.202464,0.0,0.238711,0.479254,0.73519,0.708543,0.485822,0.0,0.736948,0.0,0.0,0.106035,0.145938,0.04093,0.0,0.0,0.332347,0.0
35,0.0,0.644317,0.0,0.315065,0.226183,0.628997,0.049594,0.256489,0.0,0.208175,0.01943,0.369866,0.0,0.402827,0.119821,0.874293,0.0,0.424818,0.441696,0.553307,0.394441,0.743833,0.0,0.447116,0.089842,0.839234,0.479124,0.244699,0.0,0.0,0.077475,0.0,0.368553,0.709714,0.722451,0.747041,0.366636,0.0,0.568382,0.0,0.0,0.328615,0.189527,0.178638,0.0,0.0,0.171653,0.042859
36,0.0,0.485159,0.0,0.528827,0.432445,0.427119,0.574547,0.284259,0.0,0.290804,0.0,0.414265,0.0,0.503707,0.0,0.660686,0.204134,0.498875,0.204942,0.506522,0.370583,0.584735,0.0,0.468885,0.095326,0.399175,0.204338,0.474746,0.043185,0.06468,0.0,0.0,0.39669,0.779114,0.890466,0.782442,0.491378,0.0,0.599456,0.00397,0.0,0.14788,0.071807,0.120146,0.0,0.0,0.3895,0.00925
37,0.0,0.354372,0.0,0.42351,0.520739,0.265683,0.390269,0.469134,0.0,0.445229,0.114495,0.080109,0.0,0.600095,0.141678,0.4284,0.429733,0.522221,0.051647,0.527455,0.553603,0.349544,0.062022,0.516742,0.162823,0.279806,0.117884,0.379577,0.134843,0.083693,0.0,0.0,0.547125,0.561018,0.549223,0.697014,0.37757,0.0,0.309336,0.016116,0.0,0.115308,0.277957,0.363463,0.0,0.0,0.308856,0.0
38,0.0,0.081443,0.0,0.362497,0.450704,0.256664,0.168091,0.559369,0.0,0.633865,0.206072,0.032893,0.0,0.833118,0.198397,0.31821,0.605981,0.449886,0.0,0.470707,0.599753,0.317867,0.126688,0.426529,0.382635,0.399574,0.0,0.173005,0.200439,0.209994,0.0,0.0,0.693922,0.466408,0.251803,0.567918,0.160828,0.0,0.257235,0.0,0.0,0.0,0.367046,0.55966,0.0,0.0,0.314962,0.0
39,0.0,0.284214,0.282851,0.721467,0.454174,0.484918,0.239865,0.777427,0.0,0.491372,0.286877,0.0,0.0,0.714571,0.182133,0.408514,0.706209,0.78751,0.0,0.705324,0.840221,0.131944,0.115772,0.627306,0.202233,0.266957,0.083009,0.189395,0.286854,0.269366,0.0,0.0,0.662804,0.491636,0.304984,0.73167,0.046496,0.0,0.0,0.010884,0.0,0.23002,0.501833,0.445571,0.0,0.0,0.0,0.0
40,0.0,0.086158,0.103868,0.717593,0.325865,0.325306,0.003375,0.639901,0.0,0.920039,0.267431,0.0,0.0,0.571529,0.0,0.285468,0.576701,0.703157,0.0,0.550284,0.71334,0.11503,0.12697,0.511697,0.195898,0.093346,0.037198,0.244185,0.225997,0.43293,0.0,0.0,0.847024,0.27465,0.201415,0.795359,0.256884,0.0,0.0,0.064411,0.0,0.0,0.360146,0.626151,0.0,0.0,0.219052,0.0
41,0.0,0.037184,0.28258,1.18544,0.321017,0.356459,0.209573,0.751457,0.0,0.958771,0.364809,0.0,0.0,0.606087,0.0,0.387279,0.61009,0.771551,0.0,0.675956,0.787633,0.0,0.146576,0.617566,0.112161,0.0,0.127857,0.182171,0.350598,0.48311,0.0,0.0,0.797984,0.328233,0.275956,0.908958,0.344244,0.0,0.0,0.181789,0.0,0.0,0.361358,0.552419,0.0,0.0,0.072896,0.0
42,0.0,0.046216,0.291392,1.4772,0.222674,0.567449,0.443236,0.793322,0.0,0.833865,0.475281,0.0,0.02677,0.795684,0.0,0.558134,0.519516,0.763735,0.0,0.763208,0.702919,0.0,0.067789,0.777737,0.057668,0.0,0.22769,0.116696,0.307823,0.394488,0.0,0.0,0.530245,0.601966,0.359426,1.060323,0.374758,0.0,0.0,0.147378,0.0,0.0,0.344201,0.374791,0.0,0.0,0.03761,0.0
43,0.0,0.0,0.0,1.238158,0.036016,0.567799,0.236387,0.597838,0.0,0.719336,0.290483,0.0,0.0,0.931534,0.0,0.315668,0.41347,0.517823,0.109756,0.326099,0.283485,0.0,0.044049,0.564177,0.0,0.0,0.33844,0.084963,0.175596,0.186665,0.0,0.0,0.347586,0.621787,0.130571,0.782419,0.356013,0.0,0.035318,0.015295,0.0,0.0,0.476593,0.441911,0.0,0.0,0.275824,0.0
44,0.0,0.0,0.0,0.910881,0.0,0.886192,0.146968,0.259791,0.0,0.64356,0.601238,0.0,0.0,1.243416,0.0,0.525516,0.056846,0.497092,0.52581,0.334716,0.032366,0.0,0.0,0.549028,0.0,0.0,0.603344,0.0,0.07331,0.073798,0.0,0.0,0.0,1.029664,0.047015,0.815914,0.406535,0.0,0.458699,0.026559,0.0,0.0,0.41961,0.486073,0.0,0.0,0.602067,0.008456
45,0.0,0.0,0.0,0.708707,0.0,0.976723,0.0,0.0,0.0,0.724497,0.650048,0.0,0.0,1.334117,0.00495,0.537363,0.0,0.445969,0.611506,0.042718,0.0,0.0,0.0,0.551673,0.0,0.054393,0.726448,0.0,0.026293,0.13662,0.0,0.0,0.0,1.196072,0.080599,0.681898,0.726969,0.0,0.724938,0.112834,0.0,0.0,0.514962,0.546024,0.0,0.0,0.844318,0.0
46,0.0,0.0,0.0,0.615967,0.161458,1.181106,0.0,0.0,0.0,0.804161,0.900553,0.0,0.0,1.459742,0.36378,0.57186,0.0,0.239874,0.646062,0.129565,0.196584,0.0,0.0,0.909219,0.040705,0.0,0.616988,0.0,0.166118,0.0,0.0,0.0,0.0,1.279361,0.0,0.797273,0.587837,0.0,0.826473,0.422224,0.0,0.0,0.663168,0.716022,0.0,0.036495,0.875175,0.0
47,0.0,0.0,0.0,0.322081,0.214142,1.125662,0.0,0.0,0.0,0.845138,1.107823,0.0,0.0,1.64047,0.507942,0.384678,0.0,0.0,0.730964,0.076546,0.373852,0.0,0.0,1.210349,0.125031,0.0,0.670808,0.0,0.221237,0.181518,0.0,0.0,0.0,1.335285,0.0,0.767021,0.543764,0.0,0.991991,0.54169,0.0,0.0,0.727603,0.855141,0.0,0.0,1.061356,0.0
48,0.0,0.0,0.0,0.530534,0.360779,1.167952,0.0,0.0,0.0,0.925427,0.687506,0.0,0.0,1.424423,0.320981,0.157516,0.0,0.0,0.362562,0.007325,0.570628,0.00725,0.0,1.186148,0.0,0.0,0.355637,0.0,0.199749,0.447251,0.0,0.0,0.392519,1.033385,0.059714,0.606914,0.494117,0.0,0.761214,0.457699,0.0,0.0,0.772114,0.682077,0.0,0.0,0.889824,0.0
49,0.0,0.2193,0.0,0.651902,0.504328,1.124944,0.0,0.0,0.0,0.699763,0.479923,0.087471,0.0,1.187914,0.446545,0.0,0.1049,0.003844,0.0,0.154466,0.944593,0.0,0.0,1.350893,0.0,0.0,0.376284,0.0,0.30759,0.42108,0.0,0.0,0.519126,0.904026,0.066061,0.726929,0.248495,0.0,0.518437,0.501146,0.0,0.0,0.993357,0.524226,0.0,0.0,0.574135,0.0
50,0.0,0.504292,0.0,0.566555,0.502767,1.179511,0.0,0.0,0.0,0.378687,0.53515,0.252726,0.0,0.959323,0.448706,0.0,0.108813,0.017774,0.308179,0.119475,1.011938,0.19265,0.0,1.311027,0.0,0.0,0.682025,0.0,0.328797,0.353583,0.0,0.0,0.514812,0.853311,0.0,0.75703,0.0,0.0,0.626171,0.518163,0.0,0.0,1.005948,0.248498,0.0,0.0,0.396943,0.0
51,0.0,0.585341,0.154565,0.733139,0.635728,1.013597,0.0,0.0,0.0,0.299216,0.474105,0.429615,0.0,0.882292,0.592528,0.0,0.294641,0.157364,0.076708,0.13839,1.136097,0.154946,0.0,1.241502,0.0,0.0,0.696763,0.0,0.272837,0.366207,0.0,0.0,0.603802,0.675808,0.047325,0.639939,0.0,0.0,0.532959,0.419984,0.0,0.0,1.086232,0.046043,0.0,0.0,0.132027,0.0
52,0.0,0.66307,0.270721,0.673669,0.545193,0.698945,0.010115,0.053793,0.0,0.324147,0.435314,0.406564,0.0,0.763889,0.593558,0.0,0.297535,0.122079,0.0,0.076951,1.004251,0.423287,0.0,0.712467,0.0,0.0,0.378654,0.0,0.105973,0.418995,0.0,0.0,0.783733,0.119296,0.016707,0.223123,0.026018,0.0,0.435907,0.105164,0.0,0.0,0.896402,0.11906,0.0,0.0,0.167106,0.022552
53,0.0,0.675207,0.374221,0.772682,0.467491,0.563384,0.017783,0.094133,0.0,0.398267,0.177042,0.389045,0.0,0.590193,0.559884,0.0,0.118859,0.106692,0.024242,0.092309,0.882362,0.400569,0.0,0.583988,0.0,0.0,0.409476,0.0,0.0,0.485714,0.0,0.0,0.776897,0.066878,0.121914,0.388805,0.111677,0.0,0.376024,0.10155,0.0,0.0,0.797787,0.115737,0.0,0.0,0.098743,0.0
54,0.0,0.720019,0.275718,0.725764,0.377925,0.425554,0.0,0.148632,0.0,0.404118,0.071666,0.161503,0.0,0.552446,0.233097,0.0,0.277115,0.034041,0.038218,0.004159,0.806585,0.253059,0.069965,0.316148,0.0,0.0,0.287305,0.043066,0.183792,0.245317,0.0,0.0,0.819999,0.016792,0.148908,0.372299,0.127957,0.0,0.480445,0.145963,0.0,0.0,0.589258,0.095241,0.0,0.0,0.27573,0.0
55,0.0,0.609412,0.270412,0.775295,0.257828,0.477936,0.0,0.161463,0.0,0.323644,0.113555,0.169057,0.0,0.397696,0.106332,0.0,0.316877,0.189133,0.069733,0.0,0.691742,0.158199,0.169731,0.397198,0.0,0.0,0.437514,0.011991,0.293368,0.138301,0.0,0.0,0.752739,0.119672,0.024058,0.438826,0.029856,0.0,0.491317,0.202703,0.0,0.0,0.657982,0.120243,0.0,0.0,0.253901,0.0
56,0.0,0.573385,0.30318,0.76886,0.315854,0.701346,0.0,0.200775,0.0,0.27174,0.249749,0.520871,0.0,0.682208,0.365959,0.0,0.47076,0.323585,0.319717,0.166198,1.013731,0.214334,0.0,0.485644,0.0,0.0,0.689432,0.0,0.18109,0.258354,0.0,0.0,0.625117,0.187642,0.0,0.354451,0.0,0.0,0.175539,0.261027,0.0,0.0,0.802743,0.066056,0.0,0.0,0.0,0.126096
57,0.0,0.408074,0.496617,0.925175,0.439079,0.505656,0.183701,0.317143,0.0,0.568827,0.421988,0.621626,0.0,0.822848,0.617397,0.064742,0.647132,0.237734,0.250249,0.480186,1.435772,0.072081,0.0,0.794009,0.0,0.0,0.905873,0.0,0.427136,0.493327,0.0,0.0,0.684425,0.109435,0.0,0.277023,0.0,0.0,0.01741,0.240173,0.0,0.0,0.91189,0.034481,0.0,0.0,0.0,0.1075
58,0.0,0.494071,0.765438,1.102843,0.388844,0.120569,0.542798,0.728759,0.0,0.521489,0.365777,0.738078,0.0,0.438339,0.712794,0.0,0.826628,0.59269,0.0,0.377304,1.45832,0.163394,0.317195,0.613676,0.0,0.0,0.65628,0.0,0.573998,0.612017,0.0,0.0,1.037116,0.0,0.0,0.110558,0.0,0.0,0.0,0.203978,0.0,0.041902,0.944818,0.08685,0.0,0.0,0.0,0.024387
59,0.0,0.395115,0.634091,1.113256,0.219218,0.0,0.567203,0.980933,0.0,0.653677,0.128389,0.365096,0.110649,0.071309,0.432874,0.0,0.984383,0.739272,0.0,0.121204,1.224204,0.007921,0.661998,0.341184,0.0,0.0,0.214418,0.154393,0.693949,0.262427,0.0,0.0,1.287365,0.0,0.0,0.273592,0.021215,0.0,0.0,0.187617,0.0,0.0,0.555453,0.218468,0.0,0.0,0.033463,0.0
60,0.0,0.388984,0.421533,0.886613,0.042237,0.050447,0.12134,0.919554,0.0,0.483536,0.0,0.337477,0.082219,0.0,0.208013,0.0,0.74636,0.743975,0.0,0.049025,0.867245,0.129177,0.666926,0.481444,0.0,0.0,0.368327,0.0,0.54261,0.0,0.0,0.0,0.97572,0.0,0.0,0.561302,0.0,0.0,0.0,0.340822,0.0,0.0,0.622226,0.136399,0.0,0.0,0.0,0.0
61,0.0,0.46621,0.570147,0.825302,0.056174,0.0,0.367772,1.040218,0.0,0.267082,0.156886,0.453663,0.130587,0.0,0.508317,0.0,0.964804,0.804714,0.0,0.295051,0.997901,0.0,0.804915,0.31785,0.0,0.0,0.349653,0.0,0.723965,0.0,0.0,0.0,0.766802,0.0,0.0,0.205418,0.0,0.0,0.0,0.320244,0.0,0.020156,0.730224,0.0,0.0,0.0,0.0,0.0
62,0.0,0.570169,0.408746,0.710706,0.0,0.086694,0.293334,0.924393,0.0,0.024539,0.074591,0.226774,0.402399,0.0,0.302728,0.016471,1.091338,0.977477,0.046741,0.296117,0.749302,0.160365,0.938636,0.101808,0.0,0.226326,0.164299,0.0,0.534688,0.0,0.0,0.0,0.689006,0.030076,0.0,0.277092,0.0,0.0,0.0,0.183347,0.0,0.0,0.477496,0.030612,0.0,0.0,0.0,0.064672
63,0.0,0.256495,0.445721,0.908501,0.0,0.0,0.362687,0.989912,0.0,0.283731,0.357185,0.258806,0.105957,0.003452,0.525412,0.343418,1.075068,0.882082,0.0,0.595305,0.919207,0.0,0.790789,0.436653,0.0,0.0,0.105324,0.0,0.839587,0.0,0.0,0.0,0.767817,0.0,0.0,0.19616,0.0,0.0,0.0,0.200853,0.0,0.0,0.424377,0.242633,0.0,0.0,0.0,0.0
64,0.0,0.130727,0.524295,1.012763,0.0,0.0,0.441424,1.119607,0.0,0.380437,0.530871,0.052546,0.116703,0.0,0.413389,0.327232,1.211512,1.08492,0.0,0.703573,0.912362,0.0,0.794989,0.543188,0.0,0.0,0.012945,0.0,1.003594,0.0,0.0,0.0,0.679241,0.174921,0.0,0.406904,0.072052,0.0,0.0,0.271879,0.0,0.0,0.262378,0.300069,0.0,0.0,0.0,0.0
65,0.0,0.0,0.320076,1.046518,0.0,0.175765,0.115467,0.995693,0.0,0.257285,0.498149,0.0,0.073399,0.096086,0.399441,0.665035,0.988602,0.991645,0.0,0.74795,0.702314,0.0,0.704635,0.764386,0.0,0.0,0.088863,0.0,0.778929,0.0,0.0,0.0,0.615995,0.467113,0.0,0.484589,0.044316,0.0,0.0,0.276214,0.0,0.0,0.379909,0.432449,0.0,0.0,0.0,0.0
66,0.0,0.0,0.231034,1.166143,0.234168,0.350014,0.234459,0.926422,0.0,0.468402,0.872804,0.0,0.003792,0.494601,0.54589,0.877901,0.961739,0.948105,0.0,0.878578,0.916961,0.0,0.53678,0.844677,0.0,0.0,0.246155,0.0,0.784142,0.0,0.0,0.0,0.581149,0.621972,0.0,0.472179,0.133533,0.0,0.0,0.237879,0.0,0.0,0.265437,0.538632,0.0,0.0,0.0,0.0
67,0.0,0.0,0.142094,0.875684,0.081182,0.609568,0.047758,0.483656,0.0,0.180281,0.565413,0.0,0.0,0.572805,0.293563,0.703662,0.513209,0.773664,0.030423,0.357275,0.463864,0.0,0.462132,0.777846,0.0,0.0,0.292051,0.0,0.421188,0.0,0.0,0.0,0.35715,0.774425,0.0,0.505296,0.255201,0.0,0.0,0.124288,0.0,0.0,0.437511,0.509076,0.0,0.0,0.32166,0.0
68,0.0,0.146901,0.119452,0.774315,0.040686,0.68917,0.0,0.428753,0.0,0.119417,0.449182,0.0,0.031614,0.5601,0.025867,0.395893,0.250204,0.727741,0.026418,0.0,0.270817,0.03548,0.357647,0.554225,0.0,0.064449,0.396298,0.0,0.206061,0.0,0.0,0.0,0.438367,0.62682,0.0,0.533632,0.392309,0.0,0.184848,0.076809,0.0,0.0,0.508296,0.341071,0.0,0.0,0.517087,0.0
69,0.0,0.144149,0.041237,0.837819,0.115188,0.640387,0.0,0.196688,0.0,0.160407,0.268825,0.030506,0.0,0.58191,0.089335,0.137916,0.148003,0.454547,0.203435,0.0,0.506002,0.011713,0.253878,0.757045,0.0,0.0,0.511793,0.0,0.324977,0.0,0.0,0.0,0.453837,0.536573,0.0,0.619056,0.252674,0.0,0.367473,0.272635,0.0,0.0,0.685086,0.237587,0.0,0.0,0.481017,0.0
70,0.0,0.167137,0.0,0.89603,0.381639,0.934656,0.0,0.041342,0.0,0.291191,0.600329,0.381854,0.0,0.84902,0.427469,0.157805,0.10767,0.544825,0.274584,0.0,0.972456,0.066302,0.0,1.157943,0.0,0.0,0.881092,0.0,0.170902,0.0,0.0,0.0,0.579183,0.579584,0.0,0.650412,0.173714,0.0,0.47832,0.436425,0.0,0.0,0.902323,0.145816,0.0,0.0,0.062185,0.0
71,0.0,0.190121,0.127736,1.075922,0.48762,0.931309,0.049971,0.0,0.0,0.340633,0.470545,0.425655,0.0,0.954429,0.324063,0.0,0.229549,0.386777,0.313729,0.0,1.114536,0.101989,0.0,1.278995,0.0,0.0,0.977142,0.0,0.304564,0.255778,0.0,0.0,0.811908,0.419453,0.0,0.715266,0.141522,0.0,0.479598,0.362046,0.0,0.0,0.892373,0.0,0.0,0.0,0.147607,0.128601
72,0.0,0.313883,0.05177,0.932179,0.3281,0.910007,0.0,0.0,0.0,0.239966,0.314385,0.450065,0.0,0.69698,0.414604,0.0,0.11137,0.286513,0.306984,0.0,1.147561,0.426094,0.0,1.463496,0.0,0.0,0.771222,0.0,0.236242,0.310134,0.0,0.0,0.912216,0.406092,0.0,0.702381,0.0,0.0,0.376445,0.343643,0.0,0.0,1.094753,0.082858,0.0,0.0,0.205523,0.0
73,0.0,0.320501,0.055456,0.89504,0.396439,1.025251,0.0,0.0,0.0,0.128174,0.652093,0.595734,0.0,0.769644,0.583845,0.0,0.424971,0.472368,0.19528,0.10171,1.389767,0.453259,0.0,1.533462,0.0,0.0,0.864976,0.0,0.484866,0.036845,0.0,0.0,1.06334,0.505196,0.0,0.650369,0.0,0.0,0.315648,0.501268,0.0,0.0,1.137192,0.094702,0.0,0.0,0.074466,0.02673
74,0.0,0.391863,0.286007,0.930259,0.525089,1.111685,0.069904,0.185664,0.0,0.180362,0.601975,0.786862,0.0,0.652774,0.774073,0.0,0.615676,0.641656,0.0,0.238334,1.710587,0.163243,0.183251,1.584991,0.0,0.0,0.703882,0.0,0.843611,0.013042,0.0,0.0,1.045227,0.60926,0.0,0.670851,0.0,0.0,0.243408,0.651398,0.0,0.0,1.271238,0.0,0.0,0.0,0.0,0.0
75,0.0,0.318688,0.445446,0.886787,0.301611,0.959906,0.009132,0.366285,0.0,0.116338,0.331662,0.451061,0.0,0.268367,0.482782,0.0,0.844328,0.677097,0.0,0.215215,1.550995,0.248972,0.383324,1.518336,0.0,0.0,0.322473,0.0,0.969745,0.0,0.0,0.0,1.243472,0.490156,0.0,0.906882,0.0,0.0,0.143037,0.650778,0.0,0.0,1.075322,0.151131,0.0,0.0,0.311464,0.0
76,0.0,0.170753,0.28258,0.773208,0.396934,0.99168,0.0,0.202518,0.0,0.29933,0.570307,0.46547,0.0,0.660472,0.721797,0.0,1.048283,0.513031,0.0,0.485001,1.838799,0.290911,0.165571,1.905083,0.0,0.0,0.341082,0.0,0.975663,0.043013,0.0,0.0,1.191116,0.652604,0.0,0.780766,0.0,0.0,0.0,0.651538,0.0,0.0,1.118653,0.305814,0.0,0.0,0.143426,0.0
77,0.0,0.137697,0.222029,0.742951,0.529274,1.137755,0.0,0.232949,0.0,0.477395,0.661046,0.539976,0.0,0.781534,0.925645,0.007357,1.121504,0.550639,0.0,0.623652,2.053863,0.166096,0.207719,2.123517,0.0,0.0,0.285925,0.0,1.056929,0.033213,0.0,0.0,1.122789,0.85748,0.0,0.842972,0.0,0.0,0.0,0.753542,0.0,0.037877,1.159486,0.371311,0.0,0.0,0.065675,0.0
78,0.0,0.087892,0.02532,0.597998,0.378482,1.177952,0.0,0.040569,0.0,0.287323,0.591759,0.564069,0.0,0.739153,0.620916,0.0,0.937997,0.543277,0.0,0.251489,1.445681,0.438436,0.121972,1.983868,0.0,0.0,0.20852,0.0,1.029488,0.0,0.0,0.0,1.159806,0.949845,0.0,0.721296,0.0,0.0,0.066604,0.626353,0.0,0.0,1.176066,0.559048,0.0,0.0,0.427418,0.0
79,0.0,0.021091,0.0,0.44886,0.22739,1.080651,0.0,0.090152,0.0,0.303367,0.683559,0.330354,0.0,0.763188,0.697073,0.0,0.903314,0.382813,0.0,0.205968,1.286966,0.465333,0.51475,1.864369,0.0,0.0,0.054119,0.0,1.198833,0.0,0.0,0.0,1.135246,1.020892,0.0,0.878523,0.0,0.0,0.302258,0.732486,0.0,0.0,1.024426,0.671911,0.0,0.0,0.711155,0.0
80,0.0,0.063349,0.0,0.2727,0.242367,1.086314,0.0,0.044923,0.0,0.390328,0.72721,0.36552,0.0,0.82541,0.953781,0.0,0.914558,0.274326,0.0,0.422888,1.407971,0.501698,0.649749,1.89506,0.0,0.0,0.0,0.0,1.231561,0.0,0.0,0.0,1.058643,1.053871,0.0,0.892067,0.0,0.0,0.311681,0.743361,0.0,0.0,1.036348,0.777291,0.0,0.0,0.616136,0.0
81,0.0,0.223574,0.0,0.510616,0.471284,1.113135,0.0,0.295872,0.0,0.376804,0.664297,0.645978,0.0,0.851935,1.013808,0.0,1.22796,0.533615,0.0,0.437716,1.409471,0.29138,0.62206,1.663763,0.0,0.0,0.0,0.0,1.47512,0.0,0.0,0.0,0.982478,1.036998,0.0,0.868939,0.0,0.0,0.321827,0.716637,0.0,0.0,1.05177,0.595495,0.0,0.0,0.544479,0.016407
82,0.0,0.223929,0.0,0.120545,0.284501,1.08105,0.0,0.010336,0.0,0.370459,0.623569,0.568541,0.0,0.829418,0.958867,0.0,1.169623,0.376403,0.0,0.368049,1.254358,0.474712,0.556343,1.920419,0.062712,0.0,0.0,0.0,1.333578,0.0,0.0,0.0,0.864089,1.071748,0.0,0.893089,0.0,0.0,0.336999,0.662016,0.0,0.0,1.246515,0.721038,0.0,0.0,0.647191,0.0
83,0.0,0.19402,0.0,0.142715,0.367188,0.927551,0.0,0.015712,0.0,0.684994,0.687501,0.450082,0.0,0.936479,1.092916,0.03625,1.266798,0.207021,0.0,0.542451,1.433727,0.449601,0.384806,1.96142,0.356986,0.0,0.0,0.0,1.300891,0.025426,0.0,0.0,0.962712,0.848539,0.0,0.767877,0.0,0.0,0.190418,0.524811,0.0,0.053899,1.114051,0.893159,0.0,0.0,0.49973,0.0
84,0.0,0.19265,0.0,0.372372,0.283997,0.632594,0.0,0.186054,0.0,0.552553,0.577854,0.324839,0.0,0.79847,0.904531,0.0,1.381496,0.256385,0.0,0.371842,1.103434,0.445645,0.368808,1.521043,0.282697,0.0,0.0,0.0,1.366958,0.022676,0.0,0.0,1.083876,0.529605,0.0,0.648455,0.0,0.0,0.080983,0.376516,0.0,0.0,0.880224,0.822426,0.0,0.0,0.715425,0.0
85,0.0,0.245137,0.0,0.097792,0.304659,0.511072,0.0,0.0,0.0,0.532427,0.627958,0.175057,0.0,0.805421,0.935372,0.0,1.284942,0.086368,0.0,0.300153,1.141681,0.461306,0.324354,1.659185,0.346896,0.0,0.0,0.0,1.135111,0.142081,0.0,0.0,0.851116,0.588575,0.0,0.506176,0.0,0.0,0.214522,0.354732,0.0,0.0,0.951561,0.776822,0.0,0.0,0.649217,0.0
86,0.0,0.505215,0.108096,0.438896,0.311731,0.413704,0.0,0.295281,0.0,0.332458,0.033165,0.306937,0.0,0.351769,0.74136,0.0,1.181916,0.426679,0.0,0.330559,1.015934,0.341281,0.523968,1.131584,0.064361,0.0,0.0,0.099928,1.010422,0.009514,0.0,0.0,0.784708,0.421663,0.0,0.605373,0.0,0.0,0.032947,0.340377,0.0,0.0,0.69611,0.438756,0.0,0.0,0.468107,0.0
87,0.0,0.596382,0.162635,0.381884,0.395254,0.226208,0.076301,0.343134,0.0,0.149757,0.0,0.403052,0.0,0.294278,0.722388,0.127179,1.039795,0.46291,0.0,0.300985,0.96204,0.23569,0.672419,0.615378,0.0,0.0,0.0,0.157702,0.828591,0.0,0.0,0.0,0.632539,0.141691,0.0,0.198055,0.0,0.0,0.03498,0.184627,0.0,0.063094,0.529249,0.238777,0.0,0.0,0.293541,0.0
88,0.0,0.610967,0.110755,0.340685,0.355248,0.268077,0.0,0.270602,0.155563,0.0,0.031312,0.459386,0.127663,0.05938,0.623451,0.159363,0.828779,0.631013,0.0,0.327168,0.725174,0.389591,0.675561,0.435621,0.0,0.275567,0.0,0.0,0.556031,0.0,0.0,0.0,0.436754,0.173736,0.0,0.0,0.0,0.0,0.141085,0.25164,0.0,0.014706,0.494231,0.162446,0.0,0.0,0.069227,0.0
89,0.0,0.607641,0.123832,0.71491,0.130315,0.237771,0.045883,0.348639,0.109989,0.0,0.0,0.578415,0.263873,0.0,0.374416,0.56012,0.668262,0.626912,0.0,0.483807,0.593239,0.570638,0.655396,0.285188,0.0,0.404183,0.095487,0.020259,0.478618,0.0,0.0,0.0,0.464318,0.086203,0.238299,0.008711,0.018154,0.0,0.112942,0.150328,0.0,0.046555,0.122773,0.021571,0.023559,0.0,0.032589,0.0
90,0.0,0.56685,0.048743,0.847887,0.29146,0.241273,0.0,0.422226,0.001023,0.115024,0.0,0.658568,0.165994,0.0,0.323831,0.737874,0.618382,0.599355,0.0,0.485217,0.674198,0.524354,0.506869,0.325556,0.0,0.462135,0.369482,0.0,0.229199,0.0,0.005946,0.0,0.581133,0.0,0.248402,0.124214,0.012302,0.0,0.229324,0.054258,0.0,0.0,0.133539,0.140585,0.169055,0.0,0.0,0.0
91,0.0,0.435342,0.032256,1.004063,0.431181,0.142976,0.085734,0.219432,0.0,0.160276,0.0,0.679417,0.0,0.198123,0.352121,1.020984,0.772664,0.647413,0.0,0.364053,0.876995,0.691958,0.580491,0.271349,0.0,0.241895,0.662542,0.0,0.429316,0.0,0.0,0.0,0.794795,0.0,0.274084,0.020576,0.067294,0.0,0.528258,0.129303,0.0,0.0,0.0,0.244828,0.157946,0.0,0.0,0.0
92,0.0,0.640853,0.0,1.105019,0.443342,0.149025,0.152417,0.271193,0.0,0.128576,0.0,0.776918,0.156289,0.0,0.258753,0.942855,0.735887,0.661968,0.0,0.473321,0.874803,0.696633,0.511457,0.307197,0.0,0.444331,0.45459,0.058538,0.458259,0.0,0.0,0.0,0.695358,0.0,0.410451,0.03529,0.03737,0.0,0.468152,0.080717,0.0,0.073092,0.0,0.244412,0.160625,0.0,0.0,0.0
93,0.0,0.743424,0.0,1.038491,0.430122,0.142793,0.215511,0.258247,0.0,0.120091,0.0,0.95194,0.103814,0.0,0.23023,1.081287,0.659775,0.592347,0.0,0.419745,0.881779,0.883493,0.430578,0.381081,0.0,0.639667,0.297515,0.249222,0.278783,0.0,0.029019,0.0,0.626018,0.0,0.516006,0.0,0.053114,0.0,0.626763,0.0,0.0,0.306323,0.124791,0.203038,0.152385,0.0,0.0,0.0
94,0.0,0.721343,0.0,0.968479,0.591023,0.171848,0.133862,0.240061,0.0,0.211175,0.0,0.925858,0.275546,0.0,0.309736,0.993786,0.701918,0.469371,0.096877,0.39727,1.044532,0.704802,0.396428,0.377099,0.0,0.894103,0.262675,0.256375,0.193956,0.0,0.234725,0.0,0.533606,0.0,0.464067,0.0,0.08203,0.0,0.702801,0.0,0.0,0.280693,0.279377,0.212375,0.227014,0.0,0.097483,0.0
95,0.0,0.804143,0.0,0.918873,0.665621,0.188362,0.0,0.32284,0.0,0.094819,0.0,0.908907,0.192587,0.0,0.410938,0.960558,0.594226,0.652781,0.078914,0.389128,1.006525,0.806775,0.267424,0.498035,0.0,1.070384,0.405415,0.242016,0.0,0.0,0.246769,0.0,0.546329,0.0,0.333182,0.0,0.007804,0.0,0.668335,0.0,0.0,0.343119,0.436075,0.309735,0.200596,0.0,0.089169,0.0
96,0.0,0.78778,0.0,0.976127,0.565813,0.171818,0.070409,0.286616,0.0,0.0,0.0,0.766127,0.204082,0.0,0.28676,1.012354,0.634051,0.727659,0.133211,0.401245,0.808966,0.908828,0.226487,0.482098,0.0,0.901399,0.406183,0.165946,0.0,0.0,0.138588,0.0,0.525956,0.011143,0.406926,0.014239,0.0,0.0,0.621649,0.0,0.0,0.237359,0.237727,0.312158,0.113332,0.0,0.011355,0.0
97,0.0,0.488737,0.0,0.910752,0.404906,0.137653,0.164982,0.303299,0.036384,0.0,0.0,0.543698,0.180779,0.051055,0.178868,1.037031,0.641221,0.587365,0.147992,0.387589,0.75084,0.761309,0.373141,0.313266,0.0,0.682401,0.550222,0.0,0.108964,0.0,0.034123,0.0,0.504626,0.159502,0.435556,0.111743,0.061989,0.0,0.622545,0.030041,0.0,0.140418,0.0,0.183387,0.072091,0.0,0.0,0.0
98,0.0,0.330468,0.0,0.850879,0.156434,0.078482,0.445182,0.33792,0.0,0.0,0.0,0.42432,0.154815,0.228186,0.105841,1.07202,0.493769,0.607384,0.188966,0.390123,0.519083,0.707749,0.405265,0.362869,0.0,0.472266,0.430841,0.0,0.174065,0.0,0.0,0.0,0.329948,0.399821,0.689862,0.274423,0.198985,0.0,0.546123,0.0,0.0,0.220574,0.0,0.077911,0.0,0.0,0.055205,0.033939
99,0.0,0.235309,0.0,0.773338,0.029412,0.121037,0.411907,0.689455,0.081293,0.0,0.0,0.229367,0.303903,0.106977,0.037039,1.019207,0.274462,0.688108,0.181295,0.371255,0.359368,0.477399,0.396336,0.454195,0.0,0.531165,0.435796,0.0,0.0,0.0,0.0,0.0,0.191643,0.488694,0.665996,0.504688,0.221984,0.0,0.341955,0.0,0.0,0.178329,0.116073,0.088662,0.0,0.0,0.021588,0.0
100,0.0,0.220099,0.0,0.772455,0.019621,0.017976,0.544506,0.751867,0.0,0.128796,0.0,0.157586,0.0,0.143659,0.0,1.132457,0.215503,0.701188,0.142792,0.284491,0.233188,0.345124,0.421345,0.58074,0.038585,0.124248,0.196446,0.063034,0.0,0.0,0.0,0.0,0.180574,0.419375,0.919524,0.67172,0.498405,0.0,0.351858,0.0,0.0,0.219742,0.03665,0.082432,0.0,0.0,0.143808,0.0
101,0.0,0.376096,0.0,0.69041,0.0,0.215298,0.485251,0.874153,0.0,0.177185,0.0,0.118005,0.0,0.203388,0.0,1.307466,0.117948,0.854582,0.221833,0.474937,0.054916,0.35816,0.277734,0.589979,0.044854,0.438196,0.317958,0.042163,0.0,0.0,0.0,0.0,0.117253,0.546503,0.828391,0.838846,0.522565,0.0,0.372404,0.0,0.0,0.234941,0.0,0.060565,0.0,0.0,0.178357,0.0
102,0.0,0.13344,0.0,0.610946,0.0,0.257094,0.291037,0.863157,0.0,0.25166,0.067589,0.170263,0.0,0.478308,0.0,1.470773,0.145414,0.800333,0.158355,0.383331,0.001242,0.387851,0.327054,0.448745,0.021067,0.459472,0.453093,0.0,0.0,0.0,0.016273,0.0,0.261802,0.698194,0.822966,0.742078,0.496166,0.0,0.529895,0.0,0.0,0.068747,0.0,0.108546,0.0,0.0,0.088386,0.0
103,0.0,0.058652,0.0,0.782541,0.0,0.308719,0.424166,0.645012,0.0,0.246564,0.068616,0.029628,0.0,0.542354,0.0,1.546027,0.124784,0.841462,0.210879,0.431716,0.0,0.545577,0.158309,0.557785,0.024224,0.168251,0.383341,0.0,0.0,0.0,0.0,0.0,0.157055,0.903612,0.939894,0.75829,0.469317,0.0,0.580045,0.0,0.0,0.0,0.0,0.180435,0.0,0.0,0.081643,0.0
104,0.0,0.103208,0.0,0.819197,0.0,0.170665,0.379434,0.871994,0.0,0.207294,0.092751,0.004711,0.0,0.42896,0.055748,1.53056,0.175637,0.782461,0.231472,0.560912,0.007043,0.461233,0.449147,0.5101,0.114816,0.056754,0.28867,0.0,0.0,0.0,0.0,0.0,0.199744,0.676051,0.868035,0.655442,0.393666,0.0,0.462929,0.0,0.0,0.075676,0.0,0.23252,0.0,0.0,0.006839,0.0
105,0.0,0.434146,0.0,0.740105,0.0,0.020286,0.616643,0.955512,0.0,0.066915,0.0,0.0,0.247049,0.247144,0.0,1.212283,0.310243,0.674125,0.279465,0.635216,0.0,0.439085,0.442206,0.689429,0.123787,0.086381,0.0,0.055644,0.0,0.0,0.0,0.0,0.0,0.56571,0.816988,0.66203,0.389709,0.0,0.22133,0.0,0.0,0.061389,0.0,0.033395,0.0,0.0,0.146003,0.0
106,0.0,0.459746,0.0,0.377525,0.0,0.0,0.539231,0.775402,0.293333,0.0,0.0,0.093159,0.495732,0.352016,0.110677,1.190662,0.523565,0.607899,0.699977,0.429265,0.0,0.586431,0.609352,0.419141,0.144086,0.535973,0.222168,0.0,0.0,0.0,0.0,0.0,0.0,0.589207,0.655148,0.229932,0.43483,0.0,0.375099,0.0,0.0,0.106698,0.213252,0.053899,0.0,0.0,0.295453,0.0
107,0.0,0.697336,0.003407,0.245887,0.0,0.201529,0.521736,0.567161,0.39794,0.040848,0.0,0.126113,0.743999,0.487967,0.103703,1.365154,0.662341,0.625828,1.106593,0.46436,0.0,0.835003,0.77338,0.302571,0.212117,0.974644,0.59469,0.0,0.0,0.0,0.147037,0.0,0.0,0.814274,0.702497,0.026234,0.631255,0.0,0.693503,0.0,0.0,0.244842,0.08578,0.0,0.0,0.0,0.328519,0.168568
108,0.0,0.652983,0.0,0.2579,0.0,0.295328,0.551864,0.195911,0.381313,0.001483,0.0,0.349533,0.671674,0.668717,0.057074,1.24465,0.766748,0.486697,1.179934,0.36528,0.0,0.96434,0.741549,0.367139,0.278252,0.974342,0.547155,0.008709,0.0,0.0,0.216674,0.0,0.0,0.930184,0.927493,0.0,0.761256,0.0,0.831922,0.0,0.0,0.023566,0.050876,0.0,0.0,0.0,0.36979,0.460283
109,0.0,0.757112,0.0,0.360548,0.0,0.375499,0.427091,0.050669,0.504921,0.0,0.0,0.289527,0.688971,0.516115,0.079471,1.155127,0.838072,0.458067,1.243176,0.29143,0.0,1.028349,0.697992,0.313009,0.171021,1.07296,0.830383,0.0,0.0,0.0,0.234748,0.0,0.0,0.70076,0.742525,0.0,0.828457,0.0,0.958157,0.0,0.0,0.0,0.123563,0.0,0.0,0.0,0.340597,0.569817
110,0.0,0.473606,0.0,0.419749,0.0,0.198733,0.271595,0.0,0.597935,0.0,0.0,0.465937,0.33413,0.235089,0.185869,0.890008,0.832978,0.453989,1.167006,0.102603,0.0,1.066934,0.507123,0.353971,0.052546,0.858195,0.78851,0.158691,0.0,0.0,0.039756,0.0,0.0,0.213351,0.493565,0.0,0.714919,0.0,1.03678,0.0,0.0,0.0,0.3888,0.142929,0.0,0.0,0.277375,0.360482
111,0.0,0.402267,0.0,0.378799,0.0,0.418744,0.081786,0.0,0.681911,0.015252,0.0,0.431327,0.279508,0.312643,0.194545,0.776197,0.687801,0.408289,1.066746,0.0,0.0,0.890824,0.536934,0.329144,0.0,0.738332,0.837753,0.026501,0.017595,0.0,0.119034,0.0,0.0,0.260008,0.422218,0.0,0.770784,0.0,1.134815,0.0,0.0,0.0,0.562348,0.252983,0.0,0.0,0.317494,0.243432
112,0.0,0.212239,0.0,0.441256,0.0,0.591411,0.0,0.0,0.728325,0.078928,0.105804,0.311724,0.229859,0.372617,0.345273,0.784357,0.272794,0.29292,1.248896,0.0,0.0,0.800117,0.480734,0.522571,0.0,0.705441,0.793194,0.005245,0.0,0.0,0.235279,0.0,0.0,0.424876,0.194315,0.0,0.88843,0.0,1.214525,0.056533,0.0,0.0,0.75599,0.375452,0.0,0.0,0.595628,0.042336
113,0.0,0.096797,0.0,0.541332,0.0,0.850078,0.010723,0.0,0.55442,0.164118,0.057212,0.354149,0.045494,0.516173,0.2447,0.527753,0.048455,0.15377,1.325296,0.0,0.0,0.668561,0.263853,0.681309,0.0,0.60326,0.758379,0.033514,0.0,0.0,0.0,0.0,0.0,0.60404,0.277019,0.00843,0.859099,0.0,1.173764,0.0,0.0,0.0,0.809878,0.312855,0.0,0.0,0.747529,0.130959
114,0.0,0.0,0.0,0.543588,0.0,1.110848,0.0,0.0,0.419017,0.359388,0.241018,0.243188,0.0,0.87507,0.401975,0.608669,0.0,0.0,1.564007,0.0,0.0,0.579841,0.089088,0.909908,0.04028,0.597839,0.949487,0.0,0.0,0.0,0.278086,0.0,0.0,0.942318,0.305987,0.334133,0.957362,0.0,1.34389,0.139912,0.0,0.0,0.700738,0.249726,0.0,0.020194,0.904047,0.225746
115,0.0,0.037082,0.0,0.6072,0.0,1.257378,0.0,0.0,0.434126,0.316595,0.393426,0.131824,0.0,0.870497,0.456757,0.755975,0.0,0.0,1.481192,0.0,0.0,0.74503,0.169534,0.894361,0.0,0.686195,0.929419,0.0,0.0,0.0,0.328734,0.0,0.0,1.154781,0.309183,0.334032,1.117252,0.0,1.38118,0.330507,0.0,0.0,0.756623,0.399848,0.0,0.0,1.019691,0.105194
116,0.0,0.098133,0.0,0.535523,0.0,1.05508,0.0,0.0,0.509748,0.253794,0.271616,0.111275,0.036558,0.678603,0.502179,0.569596,0.0,0.0,1.565658,0.0,0.0,0.912123,0.164235,0.916685,0.015889,0.640345,0.67482,0.0,0.0,0.0,0.061433,0.0,0.0,1.001339,0.194082,0.267176,1.057792,0.0,1.435813,0.327952,0.0,0.0,0.884158,0.536787,0.028246,0.0,1.151947,0.0
117,0.0,0.158817,0.0,0.458713,0.0,1.085938,0.0,0.0,0.441332,0.210201,0.139327,0.215203,0.0,0.781739,0.57315,0.472857,0.0,0.0,1.621403,0.0,0.0,0.982124,0.110386,1.130575,0.102957,0.647424,0.65053,0.0,0.0,0.0,0.0,0.0,0.0,1.150659,0.237253,0.387643,0.951736,0.0,1.520405,0.42105,0.0,0.0,1.060588,0.468539,0.033051,0.026632,1.122438,0.0
118,0.0,0.136797,0.0,0.453319,0.0,1.04709,0.0,0.0,0.49874,0.267586,0.328079,0.106243,0.0,0.907366,0.753358,0.573458,0.0,0.0,1.507056,0.0,0.0,1.136974,0.10085,1.299287,0.036432,0.824583,0.672884,0.0,0.0,0.0,0.0015,0.0,0.0,1.264787,0.0993,0.374992,0.941442,0.0,1.652659,0.589885,0.0,0.0,1.224393,0.54963,0.078752,0.0,1.109378,0.0
119,0.0,0.237222,0.0,0.500912,0.0,1.024418,0.0,0.0,0.413564,0.288007,0.392621,0.082167,0.07402,0.794251,0.703901,0.661677,0.0,0.0,1.81187,0.0,0.0,1.273322,0.214962,1.215882,0.060957,0.942318,0.851945,0.0,0.0,0.0,0.039478,0.0,0.0,1.230667,0.034029,0.494284,0.963665,0.0,1.706433,0.638269,0.0,0.0,0.956336,0.534337,0.143329,0.0,1.194296,0.0
120,0.0,0.280116,0.0,0.60294,0.0,1.070708,0.0,0.0,0.257255,0.288903,0.293816,0.215072,0.0,1.00014,0.668002,0.712182,0.0,0.0,1.748548,0.0,0.0,1.17519,0.076216,1.298562,0.038448,0.90182,0.978621,0.0,0.0,0.0,0.010532,0.0,0.0,1.436402,0.218924,0.76871,0.877174,0.0,1.537357,0.585427,0.0,0.0,0.929116,0.322956,0.0,0.0,1.070059,0.0
121,0.0,0.251376,0.0,0.608007,0.0,0.933093,0.0,0.0,0.262611,0.254578,0.462098,0.134166,0.0,0.889149,0.606065,0.914754,0.0,0.057457,1.816732,0.0,0.0,1.13685,0.029935,1.213956,0.011902,0.908156,1.241307,0.0,0.0,0.0,0.112434,0.0,0.0,1.355824,0.129648,0.736315,0.812444,0.0,1.567771,0.499153,0.0,0.0,0.752056,0.361686,0.0,0.0,0.885427,0.0
122,0.0,0.365628,0.0,0.534305,0.0,0.685521,0.019876,0.0,0.161751,0.323941,0.425856,0.003807,0.169049,0.931631,0.393279,0.651631,0.0,0.0,1.560651,0.076768,0.0,0.957576,0.115807,0.749942,0.02755,0.9313,1.014289,0.0,0.0,0.085217,0.074446,0.0,0.0,1.170803,0.0,0.63675,0.726209,0.0,1.395384,0.243139,0.0,0.0,0.519558,0.402338,0.0,0.0,0.998268,0.088301
123,0.0,0.393531,0.0,0.541042,0.024888,0.485067,0.257764,0.125649,0.177402,0.265938,0.055691,0.114912,0.094936,0.731223,0.251584,0.247096,0.0,0.0,1.237356,0.114282,0.007234,0.587806,0.080677,0.686355,0.120495,0.417553,0.713349,0.0,0.0,0.0,0.0,0.0,0.0,0.807847,0.33208,0.704071,0.466054,0.0,0.913054,0.0,0.0,0.0,0.619651,0.279712,0.0,0.0,0.495782,0.0
124,0.0,0.591784,0.0,0.57675,0.0,0.358643,0.421673,0.359046,0.126815,0.36883,0.024022,0.066621,0.282712,0.590404,0.0,0.162865,0.0,0.0,0.904783,0.123212,0.0,0.570585,0.08723,0.516848,0.0,0.453926,0.486866,0.19029,0.0,0.0,0.0,0.0,0.152223,0.59459,0.393121,0.669062,0.45633,0.0,0.769591,0.0,0.0,0.0,0.475456,0.152593,0.0,0.0,0.331849,0.017897
125,0.0,0.56678,0.0,0.636114,0.106971,0.402583,0.386793,0.22898,0.0,0.519569,0.108004,0.20897,0.216352,0.527674,0.051817,0.213412,0.0,0.0,0.812849,0.307138,0.065451,0.783985,0.0,0.506909,0.0,0.466274,0.518141,0.086939,0.0,0.203935,0.005544,0.0,0.377093,0.550496,0.603083,0.749565,0.584721,0.0,0.897626,0.0,0.0,0.0,0.239606,0.179338,0.0,0.0,0.184167,0.183688
126,0.0,0.885426,0.0,0.44155,0.230111,0.258164,0.482665,0.476803,0.0,0.679229,0.125519,0.296437,0.11762,0.535184,0.06896,0.0,0.0,0.054065,0.880166,0.305426,0.167323,0.739219,0.048281,0.171265,0.0,0.54598,0.401866,0.396894,0.0,0.0,0.0,0.0,0.650011,0.421623,0.65536,0.654825,0.460831,0.0,0.85883,0.0,0.0,0.0,0.315427,0.150989,0.0,0.0,0.123663,0.077968
127,0.0,0.765685,0.0,0.481253,0.406802,0.179491,0.545181,0.510714,0.0,0.587221,0.194705,0.371485,0.012007,0.436234,0.30204,0.0,0.0,0.0,0.822248,0.29702,0.155549,0.81168,0.0,0.26667,0.0,0.514568,0.367979,0.401693,0.0,0.016141,0.0,0.0,0.788442,0.271913,0.483429,0.508081,0.324413,0.0,0.9325,0.0,0.0,0.0,0.639689,0.228536,0.0,0.0,0.061782,0.0
128,0.0,0.741349,0.0,0.4905,0.461513,0.142074,0.55017,0.405742,0.0,0.736416,0.177667,0.328021,0.058708,0.444603,0.288754,0.0,0.0,0.0,0.821836,0.145569,0.152938,0.845639,0.0,0.408189,0.0,0.439481,0.420123,0.341265,0.0,0.044007,0.0,0.0,0.925088,0.411583,0.535745,0.611545,0.364285,0.0,1.050058,0.0,0.0,0.0,0.588183,0.271705,0.0,0.0,0.200382,0.0
129,0.0,0.777553,0.0,0.443441,0.527025,0.274403,0.441078,0.337082,0.0,0.639375,0.253209,0.309476,0.0,0.399549,0.396231,0.0,0.0,0.0,0.860971,0.288317,0.314926,0.782563,0.0,0.499694,0.0,0.565016,0.505144,0.313653,0.017507,0.0,0.0,0.0,0.827513,0.482576,0.456285,0.773119,0.287395,0.0,0.972792,0.0,0.0,0.0,0.735296,0.223857,0.0,0.0,0.211417,0.0
130,0.0,0.687159,0.0,0.221804,0.231088,0.412568,0.064174,0.068348,0.0,0.654513,0.484007,0.087811,0.0,0.399574,0.284959,0.0,0.0,0.0,1.093148,0.340166,0.328691,0.834568,0.111683,0.472607,0.0,0.671353,0.670679,0.351752,0.093682,0.0,0.0,0.0,0.710223,0.608848,0.200448,0.943623,0.27733,0.0,1.074519,0.0,0.0,0.0,0.53334,0.303529,0.0,0.0,0.481009,0.013452
131,0.0,0.529031,0.0,0.686271,0.274335,0.676395,0.423493,0.119865,0.0,0.64148,0.344167,0.279856,0.0,0.51865,0.133844,0.0,0.0,0.185906,0.667236,0.387636,0.378778,0.63687,0.0,0.707665,0.0,0.340073,0.359307,0.460941,0.106063,0.096328,0.0,0.0,0.770834,0.767438,0.488068,1.024932,0.446455,0.0,0.774281,0.023406,0.0,0.0,0.60436,0.275441,0.0,0.0,0.626503,0.093593
132,0.0,0.0,0.0,0.756732,0.25309,1.197763,0.154229,0.0,0.0,0.671568,0.759494,0.290108,0.0,1.195593,0.239562,0.254387,0.0,0.249722,0.459463,0.321614,0.670581,0.205005,0.0,1.285079,0.0,0.0,0.668401,0.0,0.465003,0.131833,0.0,0.0,0.74591,1.338088,0.271766,0.989702,0.32383,0.0,0.661409,0.36527,0.0,0.0,0.906134,0.544878,0.0,0.0,0.442618,0.0
133,0.0,0.0,0.0,0.490353,0.262461,1.291223,0.0,0.0,0.0,0.711324,1.290244,0.004863,0.0,1.628366,0.293579,0.2613,0.0,0.196751,0.523659,0.232898,0.627769,0.121603,0.0,1.588427,0.0,0.0,0.958488,0.0,0.671412,0.147284,0.0,0.0,0.633698,1.661277,0.0,0.963444,0.271951,0.0,0.789374,0.565046,0.0,0.0,1.025437,0.814276,0.0,0.0,0.733005,0.0
134,0.0,0.0,0.0,0.742777,0.384271,1.42603,0.0,0.0,0.0,0.979015,1.40712,0.0,0.0,1.684692,0.478699,0.378507,0.146788,0.311645,0.23107,0.638857,1.072696,0.0,0.0,1.920099,0.0,0.0,0.924592,0.0,0.892893,0.122128,0.0,0.0,0.624658,1.696116,0.0,1.23085,0.165704,0.0,0.579517,0.700484,0.0,0.0,1.065164,0.862698,0.0,0.0,0.523441,0.0
135,0.0,0.0,0.0,0.922848,0.417261,1.489445,0.040699,0.0,0.0,1.050999,1.052055,0.0,0.0,1.577611,0.367534,0.268337,0.269321,0.40632,0.198507,0.651247,1.113657,0.0,0.0,1.807793,0.0,0.0,0.578531,0.0,0.877623,0.318948,0.0,0.0,0.579098,1.661969,0.101803,1.292638,0.245215,0.0,0.581589,0.674075,0.0,0.0,0.981201,0.675215,0.0,0.0,0.632558,0.0
136,0.0,0.0,0.0,0.572483,0.18103,1.248706,0.0,0.0,0.0,0.845549,1.073884,0.0,0.0,1.348104,0.266529,0.0,0.191308,0.218146,0.208504,0.433022,0.845975,0.038893,0.0,1.536957,0.0,0.0,0.421925,0.0,0.819066,0.27974,0.0,0.0,0.823272,1.294692,0.0,1.181936,0.123783,0.0,0.578518,0.719625,0.0,0.0,0.930968,0.840632,0.0,0.0,0.857216,0.0
137,0.0,0.0,0.0,0.713837,0.369175,1.182786,0.0,0.0,0.0,0.854914,0.725469,0.0,0.0,0.973392,0.117188,0.0,0.217521,0.306678,0.011041,0.245361,0.908673,0.114744,0.0,1.501239,0.0,0.0,0.282876,0.0,0.730211,0.421688,0.0,0.0,1.095117,1.066277,0.0,0.98374,0.119631,0.0,0.400701,0.636742,0.0,0.0,0.964358,0.763846,0.0,0.0,0.628505,0.0
138,0.0,0.029604,0.0,0.53542,0.459457,0.967662,0.0,0.0,0.0,0.70884,0.619917,0.0,0.0,0.731444,0.144118,0.0,0.361693,0.291866,0.089,0.304413,1.02263,0.212905,0.020536,1.351425,0.0,0.0,0.374041,0.002181,0.681624,0.386008,0.0,0.0,1.017405,0.916879,0.0,1.000788,0.0,0.0,0.439515,0.59589,0.0,0.0,0.875897,0.606318,0.0,0.0,0.673711,0.0
139,0.0,0.0,0.138698,0.850516,0.585273,1.003286,0.020582,0.12649,0.0,0.611121,0.429628,0.101255,0.0,0.764622,0.371006,0.0,0.662525,0.477318,0.0,0.387677,1.520989,0.04327,0.0,1.489853,0.0,0.0,0.465186,0.0,0.6409,0.381518,0.0,0.0,1.064388,0.890548,0.026419,0.94783,0.0,0.0,0.092203,0.62919,0.0,0.0,1.022785,0.41055,0.0,0.0,0.232851,0.0
140,0.0,0.00872,0.363473,0.933402,0.535215,0.653684,0.136954,0.395004,0.0,0.682257,0.23548,0.246682,0.0,0.370674,0.382341,0.0,0.691903,0.650318,0.0,0.511871,1.640734,0.209685,0.043815,1.264461,0.0,0.0,0.122309,0.0,0.466626,0.494119,0.0,0.0,1.280045,0.36496,0.211214,0.835042,0.0,0.0,0.0,0.516382,0.0,0.114844,0.819574,0.450907,0.0,0.0,0.349693,0.0
141,0.0,0.0,0.385266,0.812531,0.686625,1.056243,0.0,0.239074,0.0,0.284851,0.603833,0.27531,0.0,0.669113,0.576028,0.0,0.820079,0.651492,0.0,0.590429,1.89865,0.050527,0.0,1.526107,0.0,0.0,0.918289,0.0,0.538272,0.196443,0.0,0.0,0.986692,0.929773,0.0,0.775796,0.0,0.0,0.0,0.713836,0.0,0.235189,1.159861,0.309959,0.0,0.0,0.0,0.0
142,0.0,0.0,0.433881,1.01642,0.638659,0.871389,0.045491,0.301682,0.0,0.232219,0.540608,0.296621,0.0,0.605203,0.467748,0.039536,0.92246,0.704048,0.0,0.556942,1.823612,0.062994,0.0,1.389586,0.0,0.0,0.850684,0.0,0.657624,0.321987,0.0,0.0,0.954436,0.840101,0.121323,0.730582,0.0,0.0,0.0,0.690855,0.0,0.284048,0.989891,0.27606,0.0,0.0,0.0,0.0
143,0.0,0.0,0.415902,0.904958,0.517689,0.688897,0.0,0.431319,0.0,0.322145,0.278387,0.150441,0.0,0.266945,0.198334,0.0,0.643407,0.709848,0.0,0.352636,1.412478,0.012729,0.005474,1.03692,0.0,0.0,0.59191,0.0,0.413472,0.265151,0.0,0.0,0.991978,0.532789,0.159107,0.789318,0.0,0.0,0.0,0.476896,0.0,0.084721,0.85365,0.248432,0.0,0.0,0.148214,0.0
144,0.0,0.040292,0.356788,0.946927,0.556515,0.278806,0.061164,0.419621,0.0,0.548537,0.097833,0.115867,0.0,0.058826,0.107841,0.0,0.600231,0.621408,0.0,0.358476,1.235449,0.0,0.0,0.875967,0.0,0.0,0.327894,0.000853,0.279829,0.422888,0.0,0.0,0.9476,0.29508,0.316897,0.850031,0.171578,0.0,0.0,0.384916,0.0,0.0,0.655102,0.281642,0.0,0.0,0.457228,0.0
145,0.0,0.076165,0.325852,0.920925,0.437898,0.508633,0.044595,0.406842,0.0,0.373158,0.256842,0.076309,0.0,0.283127,0.245532,0.211996,0.466263,0.581605,0.0,0.329033,1.082179,0.0,0.05504,0.778765,0.0,0.0,0.405949,0.0,0.234937,0.365631,0.0,0.0,0.674008,0.483252,0.34727,0.700235,0.16704,0.0,0.0,0.323193,0.0,0.095965,0.62117,0.314507,0.0,0.0,0.185854,0.0
146,0.0,0.0,0.035188,0.583016,0.306054,0.561656,0.0,0.20759,0.0,0.161321,0.315085,0.032356,0.0,0.514227,0.198048,0.313457,0.248966,0.36058,0.007272,0.197431,0.637321,0.172625,0.071724,0.53391,0.0,0.065094,0.445897,0.0,0.111986,0.095549,0.0,0.0,0.402054,0.620363,0.158332,0.433001,0.129957,0.0,0.150813,0.222863,0.0,0.0,0.443088,0.371172,0.0,0.0,0.242971,0.0
147,0.0,0.205961,0.005764,0.565062,0.238885,0.337888,0.118337,0.291497,0.074138,0.035253,0.191406,0.040846,0.047551,0.410958,0.264653,0.396197,0.332229,0.36883,0.04634,0.260867,0.437085,0.197302,0.249097,0.430002,0.0,0.046463,0.154346,0.0,0.111544,0.0,0.0,0.0,0.126963,0.533886,0.339309,0.398465,0.274763,0.0,0.211817,0.151812,0.0,0.0,0.38075,0.29731,0.0,0.0,0.36267,0.0
148,0.0,0.274851,0.0,0.296506,0.134676,0.144081,0.09229,0.284993,0.371794,0.0,0.189688,0.0,0.200805,0.40176,0.285271,0.376953,0.313821,0.241176,0.381334,0.271859,0.008394,0.306946,0.270142,0.393289,0.02772,0.346595,0.233347,0.0,0.052511,0.0,0.0,0.0,0.0,0.618356,0.204616,0.33578,0.321982,0.0,0.442029,0.118104,0.0,0.0,0.44243,0.270154,0.0,0.0,0.531088,0.0
149,0.0,0.513854,0.0,0.225266,0.0,0.179935,0.093748,0.32,0.42594,0.0,0.306312,0.0,0.405741,0.372156,0.276585,0.799487,0.443159,0.29184,0.718118,0.365718,0.0,0.651002,0.377118,0.425094,0.143636,0.822189,0.387807,0.0,0.0,0.0,0.127872,0.0,0.0,0.808763,0.289002,0.180649,0.500901,0.0,0.72249,0.049998,0.0,0.130966,0.287423,0.303113,0.0,0.0,0.540346,0.0
150,0.0,0.471708,0.0,0.04243,0.0,0.147765,0.331912,0.251959,0.391571,0.048688,0.013622,0.130959,0.255999,0.577995,0.24789,0.772368,0.425382,0.288407,0.975606,0.36633,0.0,0.656358,0.335613,0.400872,0.390541,0.86912,0.240529,0.0,0.0,0.0,0.222307,0.0,0.0,0.810096,0.643014,0.10806,0.651541,0.0,0.856601,0.0,0.0,0.156043,0.209345,0.16222,0.0,0.0,0.586043,0.129888
151,0.0,0.741173,0.0,0.006938,0.0,0.217215,0.50485,0.220149,0.277908,0.081595,0.030352,0.123175,0.405713,0.614373,0.07049,1.059734,0.479032,0.441679,1.322374,0.460608,0.0,0.875037,0.333126,0.494074,0.364116,1.063931,0.249188,0.223353,0.0,0.0,0.143157,0.0,0.0,0.961921,0.843749,0.276255,0.773683,0.0,0.871504,0.0,0.0,0.273946,0.029571,0.0,0.0,0.0,0.614576,0.458931
152,0.0,0.586398,0.0,0.004547,0.0,0.205838,0.593065,0.426826,0.413291,0.043339,0.0,0.137153,0.36628,0.590479,0.011242,1.160332,0.591806,0.493535,1.182057,0.4,0.0,0.82073,0.332249,0.654358,0.479407,0.958223,0.272059,0.0,0.0,0.0,0.22758,0.0,0.0,0.985456,0.955568,0.136532,0.770159,0.0,0.926399,0.0,0.0,0.215881,0.15997,0.007197,0.0,0.0,0.373236,0.17446
153,0.0,0.385424,0.0,0.199167,0.0,0.050949,0.778597,0.570692,0.305819,0.027281,0.0,0.010989,0.319598,0.609739,0.116275,1.313041,0.678607,0.512222,1.072837,0.584857,0.0,0.872827,0.316515,0.800362,0.626224,0.616337,0.200018,0.0,0.0,0.0,0.076412,0.0,0.0,0.856294,0.958986,0.151242,0.612797,0.0,0.868218,0.0,0.0,0.273665,0.03166,0.097115,0.0,0.0,0.252278,0.11466
154,0.0,0.603804,0.0,0.184939,0.0,0.0,0.756892,0.744898,0.25925,0.095228,0.0,0.078626,0.463074,0.632067,0.060307,1.485219,0.743381,0.642886,1.207159,0.72272,0.0,0.910993,0.430149,0.704574,0.560884,0.887061,0.072889,0.0,0.0,0.0,0.035776,0.0,0.0,0.904016,1.048182,0.371657,0.733935,0.0,0.702292,0.0,0.0,0.290636,0.0,0.00162,0.0,0.0,0.305169,0.11838
155,0.0,0.676148,0.0,0.248088,0.0,0.058423,0.626037,0.768458,0.158882,0.150814,0.0,0.090565,0.47676,0.623465,0.0,1.708353,0.70381,0.737166,1.211026,0.932704,0.0,1.053099,0.479364,0.741787,0.509577,1.071688,0.114467,0.0,0.0,0.0,0.016629,0.0,0.0,1.068435,1.116996,0.523909,0.803322,0.0,0.73064,0.0,0.0,0.372429,0.0,0.0,0.0,0.0,0.29014,0.151221
156,0.0,0.671076,0.0,0.245075,0.0,0.15951,0.638421,0.819969,0.369747,0.039138,0.0,0.071071,0.585365,0.673597,0.0,1.833092,0.830081,0.934353,1.099606,0.607698,0.0,1.036913,0.702554,0.787726,0.442298,1.087537,0.220357,0.0,0.0,0.0,0.071122,0.0,0.0,1.31111,1.074338,0.437015,0.889374,0.0,0.815435,0.0,0.0,0.244395,0.0,0.045199,0.0,0.0,0.258606,0.0
157,0.0,0.545612,0.0,0.434653,0.0,0.0,0.754194,1.019276,0.341216,0.0,0.0,0.0,0.619015,0.38767,0.06252,1.614276,0.755802,0.862362,0.854681,0.770959,0.0,0.983468,0.560542,0.979342,0.37784,0.738567,0.0,0.0,0.0,0.0,0.0,0.0,0.0,1.055018,0.813342,0.643672,0.578662,0.0,0.533373,0.0,0.0,0.292841,0.059047,0.162346,0.0,0.0,0.320597,0.0
158,0.0,0.611539,0.066759,0.407633,0.0,0.0,0.501054,1.093225,0.239632,0.0,0.104354,0.0,0.608024,0.168771,0.10209,1.582386,0.647277,1.067132,0.690444,0.725764,0.0,0.864141,0.769049,0.9211,0.26689,0.858416,0.060611,0.0,0.0,0.0,0.0,0.0,0.0,1.004099,0.467963,0.620509,0.465909,0.0,0.45277,0.0,0.0,0.427417,0.108495,0.384729,0.0,0.0,0.387052,0.0
159,0.0,0.339925,0.062587,0.676809,0.0,0.0,0.527752,1.183179,0.342086,0.088962,0.052859,0.0,0.563849,0.397182,0.222862,1.504349,0.800729,0.939852,0.549425,0.598213,0.0,0.658586,0.899769,0.62548,0.241547,0.647803,0.092594,0.0,0.0,0.0,0.0,0.0,0.0,0.958652,0.525162,0.620287,0.456698,0.0,0.254135,0.0,0.0,0.115184,0.0,0.31681,0.0,0.0,0.13692,0.0
160,0.0,0.313049,0.050801,0.786489,0.0,0.0,0.476293,1.21652,0.15221,0.0,0.0,0.0,0.411542,0.161262,0.187976,1.385155,0.722127,0.960755,0.327424,0.697592,0.006323,0.503692,0.85353,0.752752,0.280599,0.30519,0.0,0.0,0.0,0.0,0.0,0.0,0.055433,0.647604,0.488545,0.726716,0.262552,0.0,0.0,0.0,0.0,0.097484,0.0,0.351055,0.0,0.0,0.16403,0.0
161,0.0,0.180125,0.203129,0.837031,0.0,0.0,0.498605,1.208011,0.380594,0.0,0.083035,0.0,0.395654,0.235323,0.156173,1.396569,0.7342,0.986438,0.291524,0.594331,0.022925,0.448464,0.71178,0.810938,0.023261,0.155093,0.244399,0.0,0.0,0.0,0.0,0.0,0.0,0.886938,0.489394,0.707817,0.343668,0.0,0.133224,0.0,0.0,0.131721,0.0,0.190743,0.0,0.0,0.0,0.0
162,0.0,0.238375,0.094782,0.799604,0.0,0.0,0.501424,0.959094,0.241647,0.0,0.0,0.0,0.335676,0.121521,0.0,1.349924,0.743126,1.033506,0.305503,0.608274,0.034212,0.467418,0.690852,0.93526,0.057937,0.17375,0.053846,0.0,0.0,0.0,0.0,0.0,0.0,0.819014,0.689503,0.693089,0.386676,0.0,0.1051,0.0,0.0,0.155681,0.0,0.095691,0.0,0.0,0.076545,0.0
163,0.0,0.440183,0.119533,0.835746,0.0,0.012254,0.432185,0.95311,0.301859,0.0,0.0,0.0,0.531735,0.173318,0.0,1.638419,0.70313,1.150734,0.280974,0.649754,0.0,0.679405,0.885253,0.947052,0.0,0.500766,0.281204,0.0,0.0,0.0,0.0,0.0,0.0,0.950624,0.641368,0.577112,0.508025,0.0,0.214932,0.0,0.0,0.134901,0.022297,0.0,0.004945,0.0,0.204128,0.0
164,0.0,0.410124,0.267514,0.913301,0.0,0.0,0.368071,1.053246,0.413229,0.0,0.0,0.0,0.616926,0.0,0.031634,1.743574,0.815211,1.274191,0.295188,0.743599,0.108997,0.746095,1.063511,0.882554,0.0,0.561849,0.503563,0.0,0.0,0.0,0.0,0.0,0.016115,0.841567,0.653733,0.369155,0.539666,0.0,0.251721,0.0,0.0,0.151591,0.0291,0.045707,0.159925,0.0,0.053501,0.0
165,0.0,0.271273,0.385002,0.950919,0.0,0.0,0.342974,1.131254,0.48444,0.0,0.0,0.0,0.496983,0.0,0.138589,1.790409,0.929487,1.262735,0.290034,0.801106,0.314496,0.675591,1.074902,0.797352,0.0,0.431193,0.585897,0.0,0.0,0.0,0.0,0.0,0.010654,0.649618,0.702468,0.263328,0.540932,0.0,0.349027,0.0,0.0,0.126951,0.0,0.11765,0.193338,0.0,0.0,0.0
166,0.0,0.424592,0.167094,0.915741,0.0,0.0,0.522517,1.005909,0.261594,0.0,0.0,0.040496,0.511112,0.170691,0.017025,1.935006,1.038468,1.217165,0.299736,0.72313,0.318086,0.71092,1.254599,0.717594,0.0,0.285032,0.326173,0.0,0.0,0.0,0.0,0.0,0.146732,0.690313,0.94527,0.2151,0.632862,0.0,0.188664,0.0,0.0,0.051087,0.0,0.031922,0.162277,0.0,0.0,0.0
167,0.0,0.374006,0.092801,1.025438,0.0,0.0,0.65263,1.161678,0.050221,0.0,0.0,0.096432,0.445258,0.167653,0.171075,1.906267,0.928998,1.113906,0.187044,0.902117,0.297453,0.641619,1.178926,0.716505,0.0,0.155674,0.044227,0.0,0.0,0.0,0.0,0.0,0.089156,0.565989,0.884254,0.268175,0.525901,0.0,0.075315,0.0,0.0,0.127487,0.0,0.100138,0.0,0.0,0.109364,0.0
168,0.0,0.424566,0.177868,0.827652,0.0,0.0,0.638748,0.993998,0.135125,0.0,0.0,0.042001,0.51418,0.115727,0.0,1.880082,0.786486,1.155951,0.234668,0.823516,0.117807,0.731785,0.913144,0.82844,0.0,0.342964,0.288882,0.0,0.0,0.0,0.0,0.0,0.0,0.835727,0.968289,0.406739,0.557032,0.0,0.28232,0.0,0.0,0.190275,0.0,0.012619,0.0,0.0,0.0,0.0
169,0.0,0.28079,0.193812,0.734961,0.0,0.0,0.63572,1.09099,0.215618,0.0,0.0,0.0,0.509986,0.156918,0.0,1.769645,0.682187,1.079292,0.271951,0.640357,0.124539,0.624335,0.80726,0.713901,0.0,0.376655,0.362809,0.0,0.0,0.0,0.0,0.0,0.0,0.778427,0.967989,0.459543,0.489638,0.0,0.287749,0.0,0.0,0.184035,0.0,0.031037,0.0,0.0,0.0,0.0
170,0.0,0.235663,0.145853,0.642082,0.0,0.0,0.529879,1.168407,0.0,0.002502,0.0,0.103428,0.16029,0.283337,0.0,1.737986,0.597544,1.073469,0.270506,0.618766,0.19626,0.514844,0.744252,0.643602,0.067776,0.439162,0.287402,0.0,0.0,0.0,0.0,0.0,0.032566,0.634792,0.933632,0.599027,0.504756,0.0,0.230983,0.0,0.0,0.32937,0.0,0.117219,0.0,0.0,0.0458,0.0
171,0.0,0.183741,0.0,0.621004,0.0,0.194187,0.563746,1.13963,0.0,0.027248,0.0,0.110502,0.127508,0.370435,0.0,1.806166,0.572321,1.17996,0.23203,0.642424,0.162628,0.608937,0.642589,0.673051,0.109382,0.614591,0.31933,0.0,0.0,0.0,0.0,0.0,0.143882,0.829011,1.053942,0.799407,0.50516,0.0,0.347654,0.0,0.0,0.318429,0.0,0.005619,0.0,0.0,0.0,0.0
172,0.0,0.0,0.0,0.838299,0.0,0.00317,0.824122,1.219729,0.0,0.101209,0.0,0.148401,0.00687,0.244508,0.0,1.635507,0.672508,1.137652,0.158669,0.434195,0.273782,0.436042,0.621117,0.828087,0.177596,0.235137,0.0,0.0,0.0,0.0,0.0,0.0,0.136429,0.592276,1.000256,1.061033,0.484318,0.0,0.202904,0.0,0.0,0.241471,0.015571,0.064753,0.0,0.0,0.056975,0.0
173,0.0,0.0,0.0,0.945515,0.0,0.035131,0.976347,1.272131,0.0,0.223305,0.0,0.0,0.075329,0.187945,0.0,1.535458,0.937915,1.336994,0.118874,0.626854,0.527083,0.346046,0.445107,0.841679,0.043526,0.286128,0.028653,0.0,0.054028,0.0,0.0,0.0,0.331493,0.687997,0.895399,1.098948,0.291122,0.0,0.133161,0.0,0.0,0.394077,0.0,0.145593,0.0,0.0,0.0,0.0
174,0.0,0.0,0.189811,0.904963,0.0,0.129261,0.717015,1.463267,0.0,0.213852,0.0,0.0,0.055691,0.041084,0.0,1.48155,1.066513,1.666387,0.0,0.790343,0.682928,0.280503,0.541005,0.814613,0.0,0.533385,0.207955,0.0,0.269794,0.0,0.0,0.0,0.697004,0.722005,0.60825,1.116811,0.108856,0.0,0.0,0.0,0.0,0.555629,0.081541,0.351254,0.0,0.0,0.0,0.0
175,0.0,0.0,0.364378,1.050596,0.0,0.093517,0.606452,1.559425,0.0,0.533408,0.065683,0.0,0.0,0.0,0.044999,1.535059,1.347318,1.79062,0.0,1.069008,1.140966,0.117219,0.575887,0.999868,0.044275,0.261187,0.0,0.0,0.482795,0.0,0.0,0.0,0.997346,0.559239,0.634849,1.013562,0.0,0.0,0.0,0.0,0.0,0.75679,0.066606,0.650256,0.0,0.0,0.0,0.0
176,0.0,0.0,0.483862,1.313743,0.163446,0.0,0.714859,1.817682,0.0,0.729242,0.142477,0.0,0.0,0.0,0.221126,1.390698,1.546107,1.885101,0.0,1.170645,1.495448,0.0,0.61195,1.333309,0.0,0.0,0.0,0.0,0.725823,0.0,0.0,0.0,0.983642,0.496921,0.611233,1.152343,0.0,0.0,0.0,0.069432,0.0,0.830338,0.234292,0.702378,0.0,0.0,0.0,0.0
177,0.0,0.0,0.392238,1.048726,0.0,0.023092,0.547723,1.722785,0.0,0.495023,0.211022,0.0,0.0,0.0,0.080352,1.618978,1.509635,1.965099,0.0,1.003014,1.270701,0.0,0.94312,1.247357,0.093214,0.168507,0.0,0.0,0.70499,0.0,0.0,0.0,1.044126,0.450141,0.215144,1.081205,0.0,0.0,0.0,0.06503,0.0,0.782191,0.217258,0.727297,0.0,0.0,0.0,0.0
178,0.0,0.0,0.324087,1.011992,0.0,0.018397,0.496793,1.644126,0.0,0.214787,0.234996,0.0,0.200951,0.0,0.156893,1.505235,1.597916,1.879858,0.0,0.950078,1.034439,0.0,1.117846,0.922533,0.0,0.172128,0.0,0.0,0.784849,0.0,0.0,0.0,0.901762,0.524468,0.042942,0.802922,0.0,0.0,0.0,0.090779,0.0,0.427419,0.165397,0.658926,0.0,0.0,0.0,0.0
179,0.0,0.0,0.387899,1.045943,0.0,0.0,0.61079,1.551786,0.0,0.11487,0.119454,0.0,0.329065,0.134245,0.301919,1.420853,1.654312,1.693744,0.0,0.941786,0.866418,0.177423,1.206479,0.621613,0.0,0.204365,0.0,0.0,0.582587,0.0,0.0,0.0,0.695726,0.547743,0.032598,0.650665,0.0,0.0,0.0,0.0,0.0,0.129304,0.0,0.499462,0.0,0.0,0.0,0.0
180,0.0,0.046563,0.372532,0.951988,0.0,0.0,0.575224,1.45483,0.02616,0.014588,0.007553,0.0,0.474562,0.010551,0.139167,1.231379,1.449801,1.655205,0.0,0.666087,0.581007,0.1679,1.152167,0.644422,0.0,0.217062,0.0,0.0,0.324446,0.0,0.0,0.0,0.436211,0.609666,0.006552,0.720396,0.006298,0.0,0.0,0.0,0.0,0.0,0.097662,0.286552,0.0,0.0,0.0,0.0
181,0.0,0.013907,0.396569,0.899632,0.0,0.0,0.45358,1.377578,0.228202,0.0,0.067157,0.0,0.347873,0.0,0.07168,1.097209,1.296081,1.48034,0.0,0.571182,0.553794,0.018541,0.991533,0.778689,0.0,0.080674,0.06761,0.0,0.310834,0.0,0.0,0.0,0.220059,0.656321,0.0,0.718131,0.096373,0.0,0.0,0.0,0.0,0.0,0.231967,0.107319,0.0,0.0,0.0,0.0
182,0.0,0.027629,0.407562,0.972553,0.0,0.0,0.351802,1.339175,0.153274,0.071373,0.231447,0.0,0.163283,0.117317,0.217707,1.175246,1.18018,1.473995,0.0,0.784558,0.724015,0.0,0.892018,0.870242,0.0,0.0,0.182039,0.0,0.43675,0.0,0.0,0.0,0.148066,0.759575,0.055769,0.635843,0.122335,0.0,0.0,0.115537,0.0,0.168129,0.158887,0.135773,0.0,0.0,0.0,0.0
183,0.0,0.0,0.394019,0.88372,0.0,0.202371,0.107923,1.159243,0.051325,0.0,0.137517,0.0,0.135265,0.0,0.0,1.323964,0.989263,1.570526,0.0,0.37184,0.374577,0.0,0.918544,0.953858,0.0,0.124327,0.311406,0.0,0.275845,0.0,0.0,0.0,0.411806,0.838342,0.0,0.709883,0.131228,0.0,0.0,0.083963,0.0,0.0,0.501975,0.208205,0.038243,0.0,0.0,0.0
184,0.0,0.0,0.314756,1.137574,0.0,0.022157,0.240945,1.376269,0.0,0.184498,0.164193,0.0,0.006939,0.03944,0.0,1.38558,1.212324,1.61518,0.0,0.595203,0.548064,0.0,0.91657,1.040554,0.0,0.0,0.0,0.0,0.410801,0.0,0.0,0.0,0.647798,0.581361,0.105943,0.858721,0.162365,0.0,0.0,0.115729,0.0,0.140326,0.318608,0.437683,0.0,0.0,0.0,0.0
185,0.0,0.0,0.287969,1.344987,0.0,0.195391,0.405864,1.448851,0.0,0.381249,0.39032,0.0,0.035627,0.436371,0.11951,1.820363,1.578971,1.652009,0.0,0.913725,0.837341,0.057534,0.876511,1.123246,0.0,0.0,0.031829,0.0,0.708534,0.0,0.0,0.0,0.770594,0.884299,0.27224,0.816223,0.031925,0.0,0.0,0.0,0.0,0.189798,0.016461,0.478848,0.0,0.0,0.0,0.0
186,0.0,0.0,0.324381,1.366752,0.0,0.143621,0.494777,1.763801,0.0,0.537181,0.314562,0.0,0.0,0.171565,0.104569,1.910749,1.632215,1.996799,0.0,1.140782,0.914018,0.0,0.884612,1.153857,0.0,0.0,0.0,0.0,0.749919,0.0,0.0,0.0,0.888688,0.756928,0.423799,1.038079,0.0,0.0,0.0,0.0,0.0,0.456243,0.0,0.648665,0.0,0.0,0.0,0.0
187,0.0,0.0,0.398508,1.23828,0.0,0.047838,0.618003,1.97109,0.0,0.624807,0.209776,0.0,0.0,0.0,0.0,1.826361,1.52755,2.309118,0.0,1.076015,0.837999,0.0,0.829126,1.299425,0.0,0.0,0.0,0.0,0.620681,0.0,0.0,0.0,0.876853,0.713922,0.536485,1.30895,0.058503,0.0,0.0,0.0,0.0,0.546845,0.046124,0.676762,0.0,0.0,0.0,0.0
188,0.0,0.0,0.315111,1.238302,0.0,0.012227,0.741272,2.042543,0.0,0.510383,0.179108,0.0,0.0,0.0,0.0,2.156894,1.554078,2.366082,0.0,1.233311,0.814485,0.0,1.026467,1.223681,0.038006,0.301821,0.0,0.0,0.549019,0.0,0.0,0.0,0.914102,0.685848,0.591052,1.479481,0.189204,0.0,0.0,0.0,0.0,0.532129,0.0,0.549901,0.0,0.0,0.0,0.0
189,0.0,0.0,0.226618,1.343529,0.0,0.0,0.93958,2.004033,0.0,0.54632,0.039318,0.0,0.019562,0.038294,0.0,2.306848,1.578279,2.175256,0.0,1.309906,0.884614,0.066948,1.020217,1.198124,0.150279,0.009367,0.0,0.0,0.567903,0.0,0.0,0.0,0.812385,0.643444,0.763881,1.350898,0.225511,0.0,0.0,0.0,0.0,0.519842,0.0,0.490041,0.0,0.0,0.0,0.0
190,0.0,0.0,0.266576,1.060177,0.0,0.014201,0.69016,1.829438,0.0,0.22799,0.069904,0.0,0.184739,0.164335,0.0,2.351817,1.418466,2.013822,0.0,1.095079,0.606801,0.338987,1.098274,0.980037,0.0,0.234815,0.0,0.0,0.416526,0.0,0.0,0.0,0.701864,0.9812,0.669308,0.883123,0.111898,0.0,0.0,0.0,0.0,0.367154,0.0,0.414801,0.0,0.0,0.0,0.0
191,0.0,0.097856,0.069044,0.957378,0.0,0.0,0.865515,1.619459,0.0,0.177196,0.0,0.0,0.308631,0.254239,0.0,2.269781,1.351969,1.802852,0.111127,0.964414,0.453286,0.304309,1.089073,0.921855,0.098053,0.085272,0.0,0.0,0.240101,0.0,0.0,0.0,0.346518,0.815002,0.777276,0.929516,0.292029,0.0,0.0,0.0,0.0,0.244487,0.0,0.16694,0.0,0.0,0.0,0.0
192,0.0,0.338087,0.207338,0.622001,0.0,0.107674,0.465628,1.523792,0.0,0.219628,0.002297,0.0,0.405358,0.301215,0.0,2.256022,1.17882,1.826928,0.325515,0.847852,0.195001,0.314365,1.182056,0.688665,0.167792,0.740141,0.056255,0.0,0.0,0.0,0.0,0.0,0.179196,0.894258,0.663313,0.827676,0.457108,0.0,0.0,0.0,0.0,0.350365,0.0,0.135988,0.0,0.0,0.0,0.0
193,0.0,0.236064,0.0,0.643548,0.0,0.0,0.615128,1.419526,0.0,0.207586,0.0,0.0,0.30826,0.416732,0.0,2.065751,1.203563,1.606804,0.430107,0.747261,0.205752,0.158326,1.140201,0.664732,0.402908,0.43165,0.0,0.0,0.0,0.0,0.0,0.0,0.0,0.643346,0.637706,0.737906,0.414272,0.0,0.000931,0.0,0.0,0.303255,0.0,0.079999,0.0,0.0,0.022635,0.0
194,0.0,0.290591,0.0,0.575513,0.0,0.055874,0.621219,1.222586,0.184021,0.077685,0.008918,0.0,0.471306,0.488003,0.0,1.945543,1.369288,1.655597,0.456463,0.414918,0.021958,0.105745,1.152508,0.605297,0.407538,0.518732,0.0,0.0,0.0,0.0,0.0,0.0,0.0,0.857603,0.55974,0.556672,0.49267,0.0,0.109352,0.0,0.0,0.135669,0.224323,0.050372,0.0,0.0,0.013817,0.0
195,0.0,0.271522,0.0,0.89718,0.0,0.16317,0.639672,1.125758,0.10381,0.362521,0.267177,0.0,0.371083,0.616588,0.0,1.994929,1.20067,1.512279,0.684384,0.622816,0.070563,0.062982,0.900869,0.53952,0.423083,0.277365,0.254753,0.0,0.073734,0.0,0.0,0.0,0.0,0.841219,0.560274,0.721962,0.549698,0.0,0.109068,0.0,0.0,0.146163,0.0,0.004607,0.0,0.0,0.0,0.0
196,0.0,0.248839,0.0,1.072796,0.0,0.303187,0.569931,1.092653,0.0,0.420746,0.413136,0.0,0.263248,0.720266,0.0,1.767958,1.260446,1.457949,0.541103,0.739197,0.129857,0.0,0.759853,0.55754,0.428414,0.153475,0.172632,0.0,0.197151,0.0,0.0,0.0,0.0,0.844371,0.301128,0.776162,0.391632,0.0,0.062143,0.0,0.0,0.0,0.0,0.10764,0.0,0.0,0.0,0.0
197,0.0,0.0,0.0,1.181522,0.0,0.406707,0.361576,1.032764,0.0,0.755253,0.439069,0.0,0.102947,1.011984,0.0,1.480475,1.275456,1.358285,0.485863,0.646621,0.189105,0.0,0.736933,0.416553,0.437707,0.082857,0.087066,0.0,0.292108,0.0,0.0,0.0,0.221154,0.779774,0.076758,0.808909,0.43605,0.0,0.0,0.0,0.0,0.0,0.054824,0.367809,0.0,0.0,0.102296,0.0
198,0.0,0.0,0.0,1.364369,0.0,0.54646,0.330004,0.94566,0.0,0.973397,0.495983,0.0,0.006188,0.959097,0.0,0.96165,1.11705,1.207741,0.020379,0.533723,0.235508,0.0,0.500199,0.925157,0.246454,0.0,0.0,0.059137,0.646973,0.0,0.0,0.0,0.43795,0.872875,0.0,0.959116,0.272831,0.0,0.0,0.032021,0.0,0.0,0.46646,0.606409,0.0,0.0,0.254078,0.0
199,0.0,0.0,0.0,1.40664,0.0,0.760357,0.083418,0.835792,0.0,1.401922,0.983036,0.0,0.0,1.283907,0.062075,0.828201,0.997287,1.050736,0.0,0.859854,0.613088,0.0,0.279273,1.278081,0.180135,0.0,0.0,0.0,1.089904,0.029715,0.0,0.0,0.679708,0.932943,0.0,1.014637,0.097708,0.0,0.0,0.391989,0.0,0.0,0.586244,1.022953,0.0,0.0,0.238228,0.0
200,0.0,0.0,0.0,1.347735,0.076416,1.268842,0.045079,0.753405,0.0,1.458675,1.201912,0.0,0.0,1.475388,0.062164,0.743889,0.905898,1.172171,0.0,0.93636,0.910187,0.0,0.168906,1.554956,0.099691,0.0,0.0,0.0,1.119414,0.144457,0.0,0.0,0.804776,1.229123,0.0,1.217897,0.0,0.0,0.0,0.578587,0.0,0.0,0.829332,1.148867,0.0,0.0,0.129431,0.0
201,0.0,0.0,0.0,1.024458,0.030149,1.232855,0.0,0.470246,0.0,1.3086,1.318449,0.0,0.0,1.513847,0.0,0.265532,0.991347,1.035635,0.0,0.592114,0.811185,0.0,0.261785,1.769632,0.0,0.0,0.10968,0.0,1.353673,0.175545,0.0,0.0,1.011184,1.398855,0.0,1.320663,0.0,0.0,0.07508,0.791796,0.0,0.0,1.117525,1.262828,0.0,0.0,0.453496,0.0
202,0.0,0.0,0.0,1.495551,0.15587,1.347832,0.0,0.659158,0.0,1.502893,1.434907,0.0,0.0,1.709069,0.0,0.320366,1.150473,1.029012,0.0,0.811166,1.179667,0.0,0.0,2.021645,0.0,0.0,0.205736,0.0,1.435035,0.300475,0.0,0.0,1.373025,1.359907,0.0,1.359896,0.0,0.0,0.0,0.731808,0.0,0.0,1.126754,1.178229,0.0,0.0,0.113828,0.0
203,0.0,0.0,0.001896,1.606196,0.099215,1.19267,0.0,0.728818,0.0,1.460348,1.302388,0.0,0.0,1.534981,0.0,0.080235,1.355162,0.979591,0.0,0.871077,1.246743,0.0,0.0,1.890631,0.0,0.0,0.059784,0.0,1.472405,0.311636,0.0,0.0,1.583045,1.121382,0.0,1.437355,0.0,0.0,0.0,0.653233,0.0,0.0,1.070866,1.058832,0.0,0.0,0.232585,0.0
204,0.0,0.0,0.303794,1.766522,0.231881,1.339325,0.201572,0.829921,0.0,1.356394,1.269358,0.0,0.0,1.440094,0.0,0.0,1.469079,1.159895,0.0,0.929077,1.497191,0.0,0.0,1.933036,0.0,0.0,0.22723,0.0,1.465505,0.315788,0.0,0.0,1.438706,1.247137,0.0,1.575312,0.0,0.0,0.0,0.794349,0.0,0.0,1.232348,0.804098,0.0,0.0,0.0,0.0
205,0.0,0.0,0.54512,1.836952,0.32116,1.016011,0.22739,0.923948,0.0,1.47447,1.113698,0.0,0.0,1.053671,0.0,0.0,1.55036,1.210598,0.0,0.910846,1.540813,0.0,0.0,1.944708,0.0,0.0,0.215199,0.0,1.395811,0.364511,0.0,0.0,1.484229,1.027466,0.0,1.73111,0.0,0.0,0.0,0.876279,0.0,0.0,1.22435,0.741564,0.0,0.0,0.046708,0.0
206,0.0,0.0,0.472409,1.804026,0.372354,1.214543,0.216423,0.823592,0.0,1.459363,1.32387,0.0,0.0,1.34996,0.116213,0.0,1.415549,1.03142,0.0,0.971588,1.818487,0.0,0.0,2.076299,0.0,0.0,0.407211,0.0,1.288593,0.516119,0.0,0.0,1.430431,1.031199,0.0,1.447204,0.0,0.0,0.0,0.749677,0.0,0.0,1.29046,0.734548,0.0,0.0,0.0,0.0
207,0.0,0.0,0.415548,1.493536,0.28072,1.280114,0.010127,0.698388,0.0,1.163419,1.308373,0.0,0.0,1.247511,0.062724,0.0,1.123808,0.964048,0.0,0.667171,1.62789,0.0,0.0,1.920314,0.0,0.0,0.559724,0.0,1.100065,0.350183,0.0,0.0,1.342597,0.949096,0.0,1.274581,0.0,0.0,0.0,0.749979,0.0,0.0,1.393169,0.637978,0.0,0.0,0.0,0.0
208,0.0,0.0,0.271342,1.450341,0.244799,1.101008,0.110965,0.437793,0.0,1.152304,1.028641,0.0,0.0,1.340273,0.053126,0.0,0.960559,0.630465,0.0,0.487017,1.517718,0.0,0.0,1.764106,0.0,0.0,0.505793,0.0,0.97136,0.484522,0.0,0.0,1.22437,0.877883,0.0,1.17792,0.0,0.0,0.0,0.575356,0.0,0.0,1.160128,0.564528,0.0,0.0,0.132592,0.0
209,0.0,0.0,0.226539,1.010616,0.438463,1.092843,0.0,0.145651,0.0,1.00523,0.846706,0.0,0.0,1.132641,0.173274,0.0,0.559118,0.537278,0.05054,0.417709,1.389129,0.0,0.0,1.596709,0.0,0.0,0.657496,0.0,0.633643,0.437822,0.0,0.0,0.818265,0.916143,0.0,1.116538,0.0,0.0,0.081888,0.542275,0.0,0.0,1.176457,0.530038,0.0,0.0,0.143268,0.0
210,0.0,0.040212,0.144679,0.755551,0.3401,0.770557,0.0,0.143115,0.0,0.7829,0.543366,0.0,0.0,0.648842,0.0,0.0,0.123674,0.373627,0.147555,0.083823,0.790127,0.0,0.0,1.081632,0.0,0.0,0.404147,0.0,0.418797,0.246693,0.0,0.0,0.809036,0.532258,0.0,0.958991,0.0,0.0,0.300637,0.441938,0.0,0.0,0.844612,0.498926,0.0,0.0,0.523125,0.0
211,0.0,0.055263,0.000761,0.588882,0.322788,0.860924,0.0,0.01838,0.0,0.640952,0.73766,0.0,0.0,0.920213,0.135853,0.0,0.0,0.223729,0.379738,0.016815,0.719335,0.0,0.0,1.068208,0.0,0.0,0.655922,0.0,0.275681,0.190532,0.0,0.0,0.491168,0.784175,0.0,0.730835,0.043324,0.0,0.478146,0.411906,0.0,0.0,0.893687,0.41228,0.0,0.0,0.266778,0.0
212,0.0,0.267432,0.04369,0.550052,0.131388,0.663835,0.0,0.200625,0.042254,0.341407,0.553363,0.0,0.0,0.65635,0.060524,0.009344,0.0,0.353323,0.416285,0.0,0.291996,0.0,0.281283,0.594071,0.0,0.078999,0.628692,0.0,0.178465,0.0,0.0,0.0,0.311506,0.75884,0.0,0.710778,0.175086,0.0,0.585703,0.23448,0.0,0.0,0.632822,0.29417,0.0,0.0,0.409554,0.0
213,0.0,0.291376,0.0,0.429611,0.136871,0.402472,0.084252,0.167668,0.027432,0.336668,0.382569,0.0,0.0,0.750653,0.15113,0.268332,0.0,0.1643,0.682919,0.211996,0.132116,0.101229,0.199194,0.54324,0.0,0.115928,0.470367,0.0,0.0,0.0,0.0,0.0,0.0,0.740762,0.129393,0.624851,0.327129,0.0,0.634109,0.040307,0.0,0.0,0.445127,0.340525,0.0,0.0,0.461619,0.0
214,0.0,0.253029,0.0,0.674583,0.021105,0.43015,0.416547,0.375132,0.153173,0.341893,0.193279,0.0,0.023872,0.673842,0.0,0.716716,0.0,0.342703,0.675189,0.361419,0.0,0.282107,0.137538,0.671731,0.039899,0.08498,0.382583,0.0,0.0,0.0,0.0,0.0,0.0,0.935131,0.628552,0.689423,0.572937,0.0,0.642203,0.0,0.0,0.0,0.139649,0.284396,0.0,0.0,0.330987,0.0
215,0.0,0.25833,0.0,0.58745,0.0,0.36556,0.462957,0.443498,0.198441,0.334063,0.142596,0.0,0.138643,0.73247,0.0,1.12811,0.0,0.30635,0.901472,0.518588,0.0,0.622177,0.059485,0.770474,0.080112,0.506907,0.550211,0.0,0.0,0.0,0.056091,0.0,0.0,1.193776,0.777624,0.753001,0.808567,0.0,0.918167,0.0,0.0,0.0,0.0,0.175937,0.0,0.0,0.41401,0.0
216,0.0,0.340149,0.0,0.471901,0.0,0.370073,0.620825,0.61696,0.253527,0.345106,0.119978,0.0,0.283533,0.827913,0.0,1.47806,0.0,0.34195,1.189542,0.472598,0.0,0.845258,0.194792,0.823898,0.186116,0.693106,0.705885,0.0,0.0,0.0,0.2602,0.0,0.0,1.362666,0.895815,0.635675,1.027428,0.0,1.080444,0.0,0.0,0.0,0.0,0.171594,0.0,0.0,0.363761,0.0
217,0.0,0.366369,0.0,0.41332,0.0,0.44447,0.625578,0.582247,0.092572,0.460767,0.028031,0.131124,0.155287,0.917628,0.0,1.762557,0.0,0.352435,1.389149,0.624778,0.0,1.057966,0.16161,0.926432,0.271997,0.934078,0.622975,0.0,0.0,0.0,0.382016,0.0,0.0,1.507323,1.165962,0.788878,1.225102,0.0,1.320467,0.0,0.0,0.021936,0.0,0.104512,0.0,0.0,0.467839,0.0
218,0.0,0.39988,0.0,0.289941,0.0,0.368935,0.581106,0.748218,0.0,0.547795,0.085063,0.223379,0.0,0.996578,0.0,1.869123,0.0,0.361584,1.413584,0.708208,0.0,1.040599,0.211565,0.956399,0.447622,1.013873,0.533242,0.0,0.0,0.0,0.50354,0.0,0.0,1.407375,1.166157,0.596582,1.210044,0.0,1.403236,0.0,0.0,0.155942,0.0,0.256045,0.0,0.0,0.508835,0.0
219,0.0,0.396372,0.0,0.351213,0.0,0.571473,0.601232,0.518774,0.0,0.592388,0.0,0.419226,0.0,0.97832,0.0,1.819868,0.0,0.332321,1.321908,0.752819,0.0,1.220404,0.00422,0.988888,0.309231,1.113786,0.432363,0.0,0.0,0.0,0.362883,0.0,0.0,1.59994,1.426073,0.986427,1.231211,0.0,1.427253,0.0,0.0,0.044681,0.0,0.050985,0.0,0.0,0.548224,0.0
220,0.0,0.477277,0.0,0.340843,0.0,0.458401,0.446275,0.615451,0.0,0.41468,0.198625,0.13714,0.0,0.673727,0.0,1.623034,0.0,0.337688,1.096132,0.690049,0.0,0.986566,0.124144,0.912878,0.144735,0.861669,0.560121,0.051201,0.0,0.0,0.279273,0.0,0.0,1.253795,0.991555,0.85476,0.977285,0.0,1.1248,0.0,0.0,0.062196,0.0,0.343072,0.0,0.0,0.430713,0.0
221,0.0,0.323936,0.0,0.499145,0.0,0.553056,0.534407,0.494266,0.0,0.414529,0.045797,0.11996,0.0,0.753267,0.0,1.17259,0.0,0.245672,0.773257,0.45822,0.0,0.695475,0.046976,0.876702,0.076268,0.425301,0.351723,0.196576,0.0,0.0,0.014164,0.0,0.0,1.207138,1.019513,0.877705,0.843135,0.0,0.865121,0.0,0.0,0.0,0.108563,0.250151,0.0,0.0,0.384931,0.0
222,0.0,0.308798,0.0,0.381518,0.200368,0.439799,0.264252,0.339469,0.0,0.487976,0.107298,0.122556,0.0,0.596331,0.0,0.697849,0.0,0.147504,0.664041,0.337411,0.0,0.30641,0.037184,0.646688,0.0,0.196279,0.363523,0.302312,0.0,0.0,0.02854,0.0,0.0,0.768393,0.752638,0.666527,0.805977,0.0,0.820176,0.0,0.0,0.0,0.27219,0.275159,0.0,0.0,0.559736,0.0
223,0.0,0.0,0.0,0.515594,0.269697,0.574881,0.105821,0.0,0.121975,0.521069,0.047692,0.126789,0.0,0.86092,0.0,0.443469,0.0,0.033713,0.460762,0.062768,0.034677,0.056562,0.0,0.695093,0.0,0.0,0.355259,0.0,0.0,0.122334,0.062392,0.0,0.0,0.858471,0.588965,0.474096,0.746208,0.0,0.761159,0.076779,0.0,0.0,0.370065,0.413154,0.0,0.0,0.575482,0.0
224,0.0,0.0,0.0,0.470743,0.243041,0.692394,0.0,0.0,0.078784,0.365391,0.580563,0.0,0.0,1.19362,0.171953,0.687406,0.0,0.137702,0.619475,0.0,0.165115,0.0,0.0,0.77278,0.0,0.0,0.863389,0.0,0.0,0.077541,0.240497,0.0,0.0,1.022107,0.06174,0.517268,0.657595,0.0,0.645986,0.004959,0.0,0.0,0.495357,0.433069,0.0,0.0,0.583851,0.0
225,0.0,0.0,0.0,0.684178,0.339913,0.744584,0.0,0.078607,0.139638,0.448851,0.696211,0.036205,0.0,0.998693,0.16706,0.789677,0.0,0.382683,0.373745,0.108582,0.300176,0.0,0.030211,0.815652,0.0,0.0,0.839896,0.0,0.01623,0.0,0.105981,0.0,0.06159,0.933103,0.220439,0.551882,0.588537,0.0,0.578166,0.170649,0.0,0.0,0.424888,0.502539,0.0,0.0,0.300092,0.0
226,0.0,0.0,0.0,0.637572,0.043962,0.602836,0.0,0.16602,0.220275,0.170095,0.398851,0.0,0.0,0.636301,0.08731,0.617494,0.0,0.509379,0.386316,0.031613,0.088209,0.0,0.373055,0.482158,0.0,0.0,0.592613,0.0,0.0,0.0,0.0,0.0,0.0,0.733015,0.087511,0.497813,0.635595,0.0,0.479863,0.002473,0.0,0.0,0.442811,0.422924,0.0,0.0,0.597163,0.0
227,0.0,0.0,0.0,0.733734,0.044791,0.507449,0.0,0.264793,0.353069,0.122247,0.276396,0.0,0.0,0.581203,0.0,0.651039,0.0,0.456693,0.202327,0.0,0.0,0.0,0.321251,0.550273,0.0,0.0,0.61638,0.0,0.0,0.0,0.0,0.0,0.0,0.657599,0.250399,0.463048,0.574001,0.0,0.462731,0.0,0.0,0.0,0.289276,0.318999,0.0,0.0,0.364736,0.0
228,0.0,0.055333,0.0,0.739722,0.0,0.371514,0.108364,0.27465,0.130232,0.131273,0.054677,0.0,0.0,0.545154,0.017509,0.679399,0.06961,0.454247,0.312429,0.200312,0.039302,0.180098,0.310136,0.496275,0.0,0.161603,0.329456,0.0,0.0,0.0,0.0,0.0,0.0,0.577855,0.316622,0.604146,0.607462,0.0,0.41834,0.0,0.0,0.0,0.094772,0.11893,0.0,0.0,0.553036,0.04133
229,0.0,0.135617,0.074862,0.723867,0.040773,0.238993,0.163376,0.340482,0.193445,0.053456,0.346382,0.0,0.0,0.640716,0.238571,0.892818,0.039104,0.412621,0.500378,0.0955,0.081182,0.144105,0.337288,0.561734,0.0,0.176961,0.762203,0.0,0.0,0.0,0.026145,0.0,0.0,0.728883,0.1607,0.561696,0.508992,0.0,0.5467,0.0,0.0,0.0,0.076046,0.106892,0.0,0.0,0.429246,0.0
230,0.0,0.208649,0.0,0.769327,0.0,0.214655,0.151082,0.362718,0.208355,0.0,0.152999,0.0,0.073546,0.302216,0.060281,0.743042,0.133568,0.643294,0.253136,0.106326,0.0,0.364476,0.449916,0.430796,0.0,0.186474,0.434918,0.0,0.0,0.0,0.0,0.0,0.033255,0.448402,0.280257,0.433847,0.335746,0.0,0.319804,0.0,0.0,0.0,0.096701,0.189449,0.0,0.0,0.256616,0.0
231,0.0,0.324373,0.174304,0.708224,0.022901,0.144088,0.065673,0.494257,0.285715,0.0,0.119127,0.0,0.247943,0.27927,0.124359,0.707156,0.155994,0.515942,0.325446,0.088385,0.220808,0.23547,0.39972,0.498464,0.0,0.399659,0.667419,0.0,0.0,0.0,0.0,0.0,0.0,0.528109,0.117857,0.472599,0.216364,0.0,0.413164,0.0,0.0,0.0,0.253977,0.0,0.0,0.0,0.309431,0.0
232,0.0,0.356188,0.075035,0.680348,0.0,0.106918,0.101212,0.541663,0.224611,0.0,0.015162,0.144887,0.309439,0.031863,0.11948,0.440143,0.274605,0.64661,0.112271,0.104174,0.235213,0.33882,0.537396,0.362907,0.0,0.430019,0.437705,0.0,0.010433,0.0,0.0,0.0,0.103411,0.36357,0.223102,0.384208,0.105778,0.0,0.260671,0.0,0.0,0.0,0.283719,0.039939,0.0,0.0,0.215972,0.0
233,0.0,0.28815,0.283485,0.690825,0.169409,0.0,0.228231,0.520239,0.119748,0.0,0.062079,0.242251,0.05213,0.192444,0.379351,0.46159,0.559792,0.504891,0.050657,0.220859,0.584432,0.280172,0.594704,0.225091,0.0,0.095074,0.562111,0.0,0.302755,0.0,0.0,0.0,0.260998,0.15805,0.222862,0.137922,0.084439,0.0,0.258878,0.09393,0.0,0.069113,0.160631,0.129036,0.0,0.0,0.0,0.0
234,0.0,0.359224,0.298349,0.586931,0.19844,0.0,0.089583,0.683933,0.0,0.109907,0.0,0.376731,0.0,0.0,0.427612,0.434016,0.323033,0.485498,0.0,0.201905,0.555073,0.235022,0.516928,0.302369,0.0,0.173694,0.498902,0.0,0.034316,0.0,0.0,0.0,0.207474,0.057442,0.271625,0.184659,0.048919,0.0,0.09932,0.035577,0.0,0.173304,0.349493,0.154364,0.0,0.0,0.0,0.0
235,0.0,0.331613,0.222288,0.638917,0.193074,0.0,0.484204,0.650889,0.0,0.123692,0.093033,0.244847,0.022593,0.0,0.28125,0.511739,0.489367,0.586235,0.0,0.206312,0.367748,0.229121,0.537104,0.360794,0.105371,0.110524,0.164429,0.091574,0.190217,0.0,0.0,0.0,0.185163,0.111428,0.403591,0.159837,0.225138,0.0,0.228047,0.032467,0.0,0.173001,0.148136,0.152915,0.0,0.0,0.06402,0.0
236,0.0,0.419561,0.178572,0.456826,0.009829,0.0,0.370673,0.68441,0.114093,0.011679,0.01923,0.200941,0.294876,0.252735,0.227747,0.679801,0.618584,0.58832,0.179043,0.32013,0.300234,0.374774,0.607417,0.017885,0.020453,0.500561,0.33588,0.0,0.109957,0.0,0.0,0.0,0.085305,0.263317,0.411996,0.176161,0.093802,0.0,0.100043,0.0,0.0,0.088193,0.046091,0.045178,0.0,0.0,0.003215,0.0
237,0.0,0.457664,0.0,0.461951,0.0,0.049134,0.515756,0.510305,0.062184,0.050934,0.011786,0.158757,0.227825,0.421006,0.066848,0.851719,0.521435,0.555602,0.341586,0.268551,0.125527,0.465865,0.477242,0.252709,0.127151,0.38286,0.320582,0.0,0.0,0.0,0.0,0.0,0.0,0.459297,0.64725,0.440109,0.258394,0.0,0.217779,0.0,0.0,0.042377,0.0,0.0,0.0,0.0,0.130589,0.235649
238,0.0,0.577448,0.004855,0.401972,0.0,0.0,0.484606,0.529205,0.060129,0.043587,0.0,0.066749,0.276939,0.412101,0.094995,0.867813,0.554445,0.577132,0.486959,0.371894,0.069775,0.498848,0.452095,0.215414,0.128038,0.58175,0.238725,0.05284,0.0,0.0,0.0,0.0,0.0,0.461492,0.647984,0.557409,0.310518,0.0,0.125145,0.0,0.0,0.014808,0.0,0.0,0.0,0.0,0.238723,0.290564
239,0.0,0.522587,0.01472,0.472191,0.0,0.0,0.490086,0.575122,0.286191,0.0,0.0,0.0,0.392245,0.205556,0.13891,0.684387,0.397058,0.520849,0.370356,0.286252,0.0,0.527153,0.439398,0.472841,0.064476,0.430467,0.16454,0.117697,0.0,0.0,0.0,0.0,0.0,0.514822,0.404203,0.536013,0.24214,0.0,0.213586,0.0,0.0,0.0,0.202227,0.02699,0.0,0.0,0.325618,0.031486
240,0.0,0.535901,0.016316,0.427896,0.0,0.125641,0.251947,0.514372,0.42243,0.0,0.091913,0.0,0.393421,0.205644,0.156339,0.619369,0.280406,0.446001,0.548438,0.225187,0.0,0.583576,0.426545,0.50868,0.016132,0.615706,0.420408,0.0,0.0,0.0,0.0,0.0,0.0,0.591126,0.270022,0.509308,0.287935,0.0,0.501942,0.0,0.0,0.0,0.312171,0.107415,0.0,0.0,0.355471,0.0
241,0.0,0.315722,0.0,0.400035,0.020633,0.150173,0.042221,0.39869,0.375742,0.0,0.0,0.0,0.257022,0.309777,0.32739,0.463378,0.090893,0.353899,0.671422,0.147675,0.039337,0.658614,0.392868,0.629355,0.119767,0.52629,0.339735,0.0,0.0,0.0,0.0,0.0,0.003598,0.64303,0.174278,0.589139,0.28293,0.0,0.633711,0.134083,0.0,0.0,0.472002,0.330504,0.0,0.0,0.529613,0.0
242,0.0,0.254995,0.0,0.417268,0.0,0.291401,0.0,0.246208,0.301174,0.130978,0.101573,0.0,0.195764,0.601366,0.411585,0.38833,0.0,0.119658,0.898369,0.088425,0.149974,0.68061,0.353925,0.90612,0.141508,0.537608,0.473427,0.0,0.092722,0.0,0.0,0.0,0.0,0.969733,0.074611,0.852221,0.409985,0.0,0.882717,0.279188,0.0,0.0,0.471823,0.308667,0.0,0.0,0.782772,0.0
243,0.0,0.159286,0.0,0.213936,0.0,0.452787,0.0,0.0,0.209276,0.201604,0.541897,0.0,0.022697,0.795091,0.56563,0.645455,0.0,0.020393,1.319288,0.10994,0.317003,0.733546,0.475878,1.305623,0.196048,0.591814,0.810852,0.0,0.15839,0.0,0.140537,0.0,0.0,1.355735,0.0,0.867752,0.49314,0.0,1.327678,0.542181,0.0,0.0,0.680065,0.444264,0.0,0.0,0.973161,0.0
244,0.0,0.062519,0.0,0.296991,0.0,0.593158,0.0,0.0,0.125786,0.247548,0.585915,0.0,0.0,0.764566,0.367057,0.664775,0.0,0.227127,1.169202,0.120143,0.159543,0.70386,0.461212,1.233097,0.080344,0.507669,0.731744,0.0,0.20231,0.0,0.0,0.0,0.056796,1.387403,0.0,0.778889,0.573627,0.0,1.186347,0.445923,0.0,0.0,0.671932,0.644961,0.0,0.0,1.009155,0.0
245,0.0,0.111602,0.0,0.503792,0.0,0.792916,0.0,0.14588,0.056645,0.168147,0.548624,0.0,0.014567,0.779737,0.24678,0.812879,0.0,0.560234,0.880466,0.170156,0.120345,0.519092,0.526721,1.152284,0.0,0.401887,0.640015,0.0,0.240435,0.0,0.0,0.0,0.083177,1.533573,0.019237,0.842063,0.607543,0.0,0.883043,0.317276,0.0,0.0,0.721349,0.632366,0.0,0.135419,0.902657,0.0
246,0.0,0.0,0.0,0.671228,0.0,0.753698,0.0,0.395932,0.152483,0.327802,0.650201,0.0,0.036029,0.888823,0.148462,0.799639,0.05238,0.503486,0.463748,0.193441,0.07698,0.24669,0.393632,1.138839,0.0,0.111926,0.50353,0.0,0.265712,0.0,0.0,0.0,0.169744,1.464871,0.0,0.763182,0.63284,0.0,0.678314,0.305782,0.0,0.0,0.592227,0.765407,0.0,0.0,0.754594,0.0
247,0.0,0.0,0.0,1.050122,0.026917,0.54578,0.0,0.746671,0.089286,0.599495,0.717332,0.0,0.030382,0.756987,0.339891,0.900544,0.341454,0.582875,0.166931,0.673902,0.399048,0.0,0.401584,1.069645,0.0,0.0,0.235787,0.0,0.383865,0.0,0.0,0.0,0.262825,1.07235,0.140722,0.785632,0.492985,0.0,0.235495,0.174223,0.0,0.0,0.401671,0.797423,0.0,0.0,0.427641,0.0
248,0.0,0.0,0.0,0.948886,0.0,0.428002,0.084988,0.585387,0.186596,0.376813,0.365773,0.0,0.034287,0.528578,0.220516,0.741264,0.467037,0.650409,0.125124,0.526455,0.353228,0.0,0.444314,0.924024,0.0,0.0,0.009895,0.0,0.325198,0.0,0.0,0.0,0.185572,0.835589,0.149431,0.60039,0.496046,0.0,0.0,0.009714,0.0,0.0,0.398079,0.680748,0.0,0.0,0.450426,0.0
249,0.0,0.0,0.0,0.835585,0.0,0.285035,0.082497,0.497695,0.379061,0.113858,0.25221,0.0,0.066197,0.324407,0.094404,0.663693,0.55308,0.667318,0.053461,0.211783,0.259784,0.0,0.566103,0.740255,0.0,0.0,0.121155,0.0,0.371235,0.0,0.0,0.0,0.258338,0.635803,0.0,0.431079,0.541105,0.0,0.006479,0.0,0.0,0.0,0.41621,0.474268,0.0,0.0,0.545303,0.0
250,0.0,0.11173,0.089232,0.67286,0.0,0.291435,0.039342,0.479415,0.466215,0.0,0.31624,0.03844,0.286307,0.128803,0.15227,0.814412,0.679651,0.775643,0.069256,0.316925,0.387418,0.0,0.892851,0.523521,0.0,0.0,0.265988,0.0,0.400421,0.0,0.0,0.0,0.299421,0.566894,0.0,0.182033,0.532138,0.0,0.048447,0.122627,0.0,0.0,0.476583,0.33894,0.0,0.0,0.414358,0.0
251,0.0,0.262869,0.09693,0.641971,0.048282,0.169166,0.0,0.466122,0.378036,0.0,0.328545,0.279243,0.228771,0.009908,0.344052,0.834887,0.817047,0.834679,0.0,0.511257,0.535041,0.131781,0.967093,0.476456,0.0,0.05533,0.203954,0.0,0.497197,0.0,0.0,0.0,0.389022,0.387529,0.0,0.020304,0.333271,0.0,0.0,0.234858,0.0,0.0,0.406085,0.269432,0.0,0.0,0.299564,0.0
252,0.0,0.362936,0.189735,0.561542,0.225498,0.0,0.0,0.463274,0.336132,0.0,0.264141,0.436368,0.179083,0.0,0.608981,0.681436,1.103304,0.807879,0.0,0.749977,0.802003,0.144742,0.99501,0.566496,0.0,0.005839,0.184649,0.0,0.80703,0.0,0.0,0.0,0.452089,0.322501,0.0,0.0,0.08608,0.0,0.0,0.338273,0.0,0.0,0.354829,0.20271,0.0,0.0,0.137113,0.0
253,0.0,0.628006,0.212193,0.460917,0.256458,0.0,0.080517,0.408667,0.249306,0.0,0.135791,0.625306,0.084824,0.0,0.673417,0.505093,1.297271,0.991713,0.0,0.592761,0.826207,0.396437,0.966773,0.42434,0.0,0.197809,0.0,0.0,0.840207,0.0,0.0,0.0,0.600572,0.043719,0.0,0.0,0.002333,0.0,0.0,0.260498,0.0,0.06797,0.365052,0.22503,0.0,0.0,0.200853,0.0
254,0.0,0.668095,0.236101,0.409717,0.371651,0.0,0.0,0.377128,0.071089,0.0,0.020074,0.807822,0.131312,0.0,1.019674,0.49449,1.389967,0.74496,0.0,0.697717,1.224628,0.466612,1.031282,0.530522,0.0,0.272436,0.0,0.0,1.057632,0.0,0.0,0.0,0.813283,0.028924,0.0,0.0,0.0,0.0,0.0,0.296146,0.0,0.345632,0.388555,0.319108,0.0,0.0,0.102998,0.0
255,0.0,0.787591,0.23372,0.354485,0.414512,0.0,0.0,0.369259,0.0,0.0,0.0,0.855584,0.103538,0.0,1.042809,0.32492,1.290886,0.749723,0.0,0.512305,1.293479,0.493447,0.883257,0.579625,0.0,0.360265,0.0,0.0,0.961547,0.0,0.0,0.0,0.910736,0.0,0.0,0.0,0.0,0.0,0.0,0.295038,0.0,0.413347,0.495583,0.345092,0.0,0.0,0.213865,0.0
256,0.0,0.94011,0.206129,0.209318,0.52505,0.320026,0.0,0.223313,0.0,0.0,0.0,0.917483,0.060741,0.0,1.032138,0.050462,1.216122,0.689933,0.0,0.450138,1.3833,0.576019,0.72441,0.871174,0.0,0.454214,0.0,0.0,0.804211,0.0,0.0,0.0,0.879426,0.206337,0.0,0.0,0.0,0.0,0.122752,0.488052,0.0,0.497072,0.763883,0.358358,0.0,0.0,0.156928,0.0
257,0.0,0.856167,0.161496,0.369456,0.709798,0.378949,0.0,0.223164,0.0,0.018427,0.0,0.959247,0.0,0.0,0.93726,0.0,1.230836,0.677859,0.0,0.290465,1.522174,0.559288,0.428398,1.154532,0.0,0.221523,0.0,0.084177,0.851462,0.0,0.0,0.0,1.043111,0.250583,0.0,0.120171,0.0,0.0,0.296904,0.522134,0.0,0.423159,0.815912,0.338056,0.033616,0.0,0.388254,0.0
258,0.0,0.818347,0.119941,0.294121,0.643488,0.503508,0.0,0.08509,0.0,0.0,0.048277,0.880927,0.041895,0.01325,1.10743,0.0,1.315461,0.440366,0.0,0.416573,1.899529,0.732007,0.61208,1.375284,0.0,0.313536,0.0,0.0,1.056906,0.076481,0.0,0.0,1.162337,0.476981,0.0,0.24856,0.0,0.0,0.411145,0.732463,0.0,0.549278,0.865439,0.308023,0.0,0.0,0.41821,0.0
259,0.0,0.715137,0.208472,0.265697,0.715022,0.754741,0.0,0.0,0.0,0.0,0.381844,0.989724,0.0,0.20471,1.271348,0.0,1.440148,0.506857,0.0,0.539331,2.186231,0.834133,0.701364,1.6231,0.0,0.432185,0.099798,0.0,1.232195,0.0,0.0,0.0,1.239306,0.779998,0.0,0.228861,0.0,0.0,0.500214,1.023634,0.0,0.748715,1.090075,0.279635,0.0,0.0,0.199001,0.0
260,0.0,0.655188,0.291472,0.2524,0.727889,1.059955,0.0,0.014173,0.0,0.0,0.474897,1.131712,0.0,0.161497,1.187778,0.0,1.354891,0.755031,0.0,0.607538,2.29944,0.756307,0.628902,1.78717,0.0,0.336435,0.248284,0.0,1.204387,0.0,0.0,0.0,1.236554,0.942969,0.0,0.435156,0.0,0.0,0.388422,1.136642,0.0,0.802991,1.290213,0.288349,0.0,0.0,0.013895,0.0
261,0.0,0.405527,0.371809,0.455342,0.675711,0.860813,0.0,0.229154,0.0,0.119928,0.279883,0.865865,0.0,0.0065,0.83307,0.0,1.456302,0.673999,0.0,0.652408,2.322803,0.503028,0.36013,1.973615,0.0,0.0,0.125435,0.0,1.132316,0.056857,0.0,0.0,1.333303,0.748573,0.0,0.926684,0.0,0.0,0.139669,0.981469,0.0,0.588048,1.285817,0.371864,0.0,0.0,0.188148,0.0
262,0.0,0.177546,0.508104,0.675535,0.608276,0.986876,0.0,0.451924,0.0,0.169531,0.305411,0.729237,0.0,0.201895,0.758284,0.0,1.457057,1.00798,0.0,0.612614,2.344689,0.393505,0.464122,1.759448,0.0,0.0,0.09461,0.0,1.299531,0.105793,0.0,0.0,1.502299,0.700849,0.0,0.772146,0.0,0.0,0.0,1.017696,0.0,0.620783,1.270303,0.336413,0.0,0.0,0.0,0.0
263,0.0,0.0,0.381596,1.022718,0.498676,0.917099,0.0,0.417468,0.0,0.497546,0.439006,0.267389,0.0,0.549927,0.471999,0.0,1.481863,0.753988,0.0,0.540093,2.143615,0.190112,0.076347,1.844275,0.0,0.0,0.289493,0.0,1.306868,0.401637,0.0,0.0,1.584539,0.767356,0.0,1.004606,0.0,0.0,0.0,0.850674,0.0,0.204196,1.18117,0.406083,0.0,0.0,0.003221,0.0
264,0.0,0.0,0.580731,1.373151,0.480453,0.643399,0.085661,0.741099,0.0,0.968121,0.399161,0.0,0.0,0.292653,0.302682,0.0,1.333102,0.855644,0.0,0.494632,2.002989,0.0,0.044458,1.68879,0.0,0.0,0.105248,0.0,1.087593,0.621406,0.0,0.0,1.794528,0.445366,0.0,1.380962,0.0,0.0,0.0,0.745021,0.0,0.0,1.07939,0.546472,0.0,0.0,0.1833,0.0
265,0.0,0.0,0.638345,1.572628,0.57961,0.712439,0.1452,0.747497,0.0,1.241331,0.593726,0.0,0.0,0.657896,0.565123,0.0,1.249014,0.70038,0.0,0.830466,2.162313,0.0,0.0,1.445387,0.0,0.0,0.321669,0.0,0.949821,0.780576,0.0,0.0,1.695014,0.441523,0.0,1.258246,0.0,0.0,0.0,0.514903,0.0,0.056305,0.979493,0.628906,0.0,0.0,0.0,0.0
266,0.0,0.0,0.397406,1.260229,0.423958,0.774142,0.0,0.427429,0.0,1.095709,0.577066,0.0,0.0,0.696503,0.235212,0.0,0.812864,0.529641,0.0,0.416916,1.650144,0.149238,0.0,1.136399,0.0,0.0,0.509612,0.0,0.685567,0.799243,0.0,0.0,1.64475,0.440265,0.0,1.029632,0.0,0.022122,0.0,0.349562,0.0,0.0,1.019239,0.662792,0.0,0.0,0.073685,0.0
267,0.0,0.057198,0.574148,1.163546,0.438142,0.705302,0.0,0.48594,0.0,1.023176,0.470614,0.06981,0.0,0.567367,0.258,0.0,0.477263,0.346931,0.049398,0.347036,1.485604,0.097655,0.0,0.978466,0.0,0.0,0.650589,0.0,0.479323,0.698146,0.0,0.0,1.380767,0.336957,0.0,1.019925,0.0,0.022674,0.0,0.276425,0.0,0.0,1.033314,0.491883,0.0,0.0,0.0,0.0
268,0.0,0.383441,0.422913,0.897555,0.399085,0.610989,0.20406,0.473804,0.0,0.739661,0.342004,0.257278,0.048347,0.347142,0.191371,0.0,0.109015,0.270043,0.193634,0.214308,0.929784,0.41004,0.0,0.527442,0.0,0.0,0.357891,0.221163,0.147732,0.467215,0.0,0.0,1.193019,0.124975,0.01673,0.757068,0.004966,0.0,0.285966,0.081167,0.0,0.0,0.864001,0.319865,0.0,0.0,0.050097,0.0
269,0.0,0.747909,0.184498,0.774637,0.47756,0.415832,0.310386,0.288222,0.0,0.523727,0.117813,0.271265,0.169629,0.266941,0.265944,0.0,0.078426,0.0,0.520338,0.2426,0.619641,0.532807,0.0,0.329404,0.0,0.236286,0.41072,0.251788,0.109862,0.163567,0.0,0.0,0.795701,0.172141,0.306498,0.783852,0.151311,0.0,0.572353,0.0,0.0,0.0,0.73245,0.03559,0.0,0.0,0.111353,0.0
270,0.0,0.861035,0.0,0.453194,0.383304,0.276631,0.31889,0.083366,0.0,0.463021,0.017712,0.25217,0.268848,0.44212,0.326179,0.0,0.095514,0.0,0.769704,0.080241,0.309919,0.667431,0.0,0.12758,0.0,0.47287,0.446593,0.110106,0.166142,0.069752,0.012591,0.0,0.590613,0.235595,0.469329,0.572608,0.252614,0.0,0.917823,0.0,0.0,0.0,0.533488,0.0,0.0,0.0,0.214217,0.190917
271,0.0,1.240587,0.0,0.368258,0.041602,0.414268,0.315772,0.0,0.0,0.347281,0.0,0.392717,0.376676,0.323146,0.391482,0.0,0.262768,0.0,1.076952,0.271165,0.019581,1.111082,0.0,0.025022,0.0,0.994705,0.405686,0.378532,0.077898,0.05005,0.125671,0.0,0.384154,0.175717,0.629415,0.382873,0.309311,0.0,0.982757,0.0,0.0,0.0,0.429367,0.0,0.0,0.0,0.207014,0.595162
272,0.0,1.258096,0.0,0.331613,0.201557,0.384509,0.152979,0.0,0.168156,0.07277,0.0,0.349426,0.296903,0.276915,0.724943,0.0,0.54991,0.0,0.95381,0.016867,0.0,1.323585,0.0,0.153513,0.0,1.239506,0.28338,0.317041,0.181538,0.0,0.070565,0.0,0.394155,0.0,0.406043,0.0,0.079717,0.0,1.098279,0.0,0.0,0.0,0.705216,0.0,0.0,0.0,0.0,0.496872
273,0.0,1.490092,0.0,0.225777,0.226312,0.443682,0.0,0.0,0.231147,0.0,0.0,0.442837,0.360305,0.219239,0.95433,0.0,0.85905,0.0,1.033311,0.025815,0.0,1.463877,0.0,0.20829,0.0,1.632431,0.333692,0.269141,0.39174,0.0,0.151332,0.0,0.284605,0.0,0.274403,0.0,0.0,0.0,1.249482,0.0,0.0,0.0,0.759218,0.0,0.0,0.0,0.0,0.567024
274,0.0,1.556805,0.0,0.214012,0.342493,0.387818,0.0,0.0,0.159888,0.078772,0.0,0.654805,0.147008,0.067632,1.002671,0.0,0.873913,0.0,0.963349,0.0,0.0,1.791664,0.0,0.361719,0.0,1.604134,0.255816,0.3155,0.352615,0.0,0.070594,0.0,0.494737,0.0,0.448175,0.0,0.0,0.0,1.262239,0.0,0.0,0.0,0.770486,0.014132,0.0,0.0,0.0,0.566556
275,0.0,1.602013,0.0,0.054014,0.396835,0.290013,0.0,0.0,0.095106,0.295266,0.0,0.695351,0.175783,0.120464,1.074239,0.0,0.841586,0.0,0.925039,0.0,0.009516,1.749993,0.0,0.483393,0.0,1.551537,0.235868,0.288528,0.505295,0.064845,0.225113,0.0,0.48258,0.0,0.511331,0.0,0.0,0.0,1.326971,0.00466,0.0,0.0,0.726488,0.052333,0.0,0.0,0.0,0.48065
276,0.0,1.566812,0.0,0.006377,0.492004,0.223347,0.0,0.0,0.107476,0.300251,0.0,0.71359,0.192041,0.0,1.125536,0.0,0.915713,0.0,0.926452,0.0,0.0,1.923372,0.0,0.56983,0.0,1.562795,0.148289,0.382365,0.483253,0.0,0.107196,0.0,0.540454,0.0,0.468678,0.0,0.0,0.0,1.441278,0.0,0.0,0.0,0.881686,0.171304,0.0,0.0,0.0,0.399861
277,0.0,1.564462,0.0,0.101858,0.281631,0.30102,0.112273,0.0,0.12289,0.337875,0.0,0.692709,0.499511,0.0,0.916962,0.0,0.985662,0.0,1.114115,0.0,0.0,1.936308,0.0,0.507062,0.0,1.592795,0.134662,0.495238,0.597583,0.0,0.092963,0.0,0.455842,0.0,0.795471,0.0,0.0,0.0,1.502799,0.001978,0.0,0.0,0.711237,0.075502,0.0,0.0,0.0,0.575863
278,0.0,1.796917,0.0,0.086704,0.139979,0.382275,0.298307,0.0,0.209474,0.028966,0.0,0.702516,0.699511,0.242074,0.988188,0.131561,1.238755,0.0,1.455202,0.211959,0.0,2.046427,0.0,0.234508,0.0,2.038198,0.249819,0.386621,0.497858,0.0,0.122208,0.0,0.118829,0.0,0.704111,0.0,0.0,0.0,1.423398,0.0,0.0,0.006924,0.680917,0.0,0.0,0.0,0.0,1.010411
279,0.0,1.858639,0.0,0.0,0.0,0.317129,0.261727,0.0,0.130244,0.072558,0.0,0.642205,0.920127,0.277711,0.893824,0.384835,1.260858,0.0,1.785182,0.283988,0.0,2.077978,0.128356,0.145736,0.047742,2.194258,0.451529,0.344818,0.457779,0.0,0.303049,0.0,0.0,0.0,0.66376,0.0,0.0,0.0,1.49914,0.0,0.0,0.084496,0.535671,0.0,0.0,0.0,0.0,1.149119
280,0.0,1.686285,0.0,0.0,0.0,0.2247,0.568586,0.0,0.218379,0.245677,0.0,0.574872,0.83859,0.413465,0.678512,0.390701,1.265143,0.154006,1.560457,0.067657,0.0,1.80968,0.246318,0.096303,0.146106,1.811815,0.4338,0.539223,0.35049,0.0,0.102573,0.0,0.0,0.0,0.791527,0.0,0.190047,0.0,1.400715,0.0,0.0,0.0,0.466352,0.0,0.0,0.0,0.0,1.068105
281,0.0,1.610227,0.0,0.0,0.0,0.253732,0.502787,0.0,0.198417,0.28475,0.0,0.559907,0.744094,0.46441,0.547279,0.435219,1.306365,0.395959,1.58118,0.013528,0.0,1.757081,0.363806,0.0,0.194634,1.712801,0.553751,0.507989,0.187088,0.0,0.015525,0.0,0.012502,0.0,0.852727,0.0,0.234018,0.0,1.297474,0.0,0.0,0.0,0.328509,0.0,0.0,0.0,0.0,1.094883
282,0.0,1.481986,0.0,0.0,0.0,0.280353,0.538577,0.0,0.151333,0.325965,0.0,0.527799,0.828848,0.573965,0.40541,0.351755,1.136601,0.339655,1.293361,0.0,0.0,1.339547,0.56393,0.0,0.19035,1.393082,0.617079,0.537708,0.189057,0.0,0.0,0.0,0.03381,0.0,0.805254,0.0,0.273439,0.0,1.028122,0.0,0.0,0.0,0.290153,0.0,0.0,0.0,0.0,0.932912
283,0.0,1.382379,0.0,0.007914,0.0,0.342836,0.551553,0.014102,0.040584,0.265221,0.0,0.520299,0.70575,0.581919,0.247051,0.263789,0.966618,0.400695,1.054735,0.0,0.253469,1.046769,0.606212,0.0,0.043318,1.100086,0.78798,0.49397,0.0,0.0,0.0,0.0,0.150833,0.0,0.846026,0.0,0.352757,0.0,0.721272,0.0,0.0,0.0,0.179055,0.0,0.0,0.0,0.0,0.973214
284,0.0,1.126169,0.194589,0.446552,0.0,0.102697,0.662618,0.267874,0.035096,0.250743,0.0,0.585624,0.464679,0.37818,0.366419,0.073411,0.77126,0.191632,0.644332,0.02995,0.427002,0.691119,0.710589,0.0,0.0,0.651889,0.75443,0.550332,0.053671,0.0,0.0,0.0,0.224347,0.0,0.50032,0.0,0.287158,0.0,0.584441,0.0,0.0,0.0,0.491714,0.0,0.0,0.0,0.0,0.476984
285,0.0,0.965111,0.344799,0.788136,0.0,0.18783,0.484489,0.393341,0.0,0.283155,0.032899,0.682416,0.296162,0.336558,0.31571,0.0,0.499666,0.177244,0.570058,0.103737,0.703725,0.556802,0.593155,0.0,0.0,0.402519,0.92877,0.396011,0.019065,0.12146,0.0,0.0,0.461927,0.0,0.456577,0.0,0.265924,0.0,0.449722,0.0,0.0,0.0,0.56906,0.0,0.0,0.0,0.0,0.378353
286,0.0,0.796285,0.346386,0.989827,0.014484,0.290764,0.297983,0.438646,0.0,0.360935,0.0,0.63645,0.159651,0.338026,0.126735,0.0,0.275506,0.215163,0.531898,0.0,0.805042,0.412461,0.415249,0.0,0.0,0.089327,1.064723,0.261571,0.0,0.236513,0.0,0.0,0.693408,0.0,0.469182,0.018021,0.207741,0.0,0.445479,0.044332,0.0,0.0,0.629573,0.0,0.0,0.0,0.0,0.176528
287,0.0,0.643093,0.381377,1.219662,0.171491,0.397133,0.206814,0.387661,0.0,0.388392,0.151364,0.600224,0.0,0.293859,0.062884,0.0,0.135582,0.341246,0.365709,0.0,0.815797,0.347525,0.131463,0.119441,0.0,0.0,1.079253,0.257136,0.0,0.404902,0.0,0.0,0.79442,0.0,0.340769,0.145022,0.135911,0.0,0.517538,0.106646,0.0,0.0,0.783852,0.0,0.0,0.0,0.0,0.095701
288,0.0,0.37855,0.462301,1.209942,0.177087,0.547734,0.201188,0.34913,0.0,0.636327,0.231101,0.565147,0.0,0.646163,0.272715,0.0,0.0,0.16996,0.477126,0.0,0.953333,0.093993,0.0,0.380575,0.0,0.0,1.167183,0.0,0.0,0.604953,0.0,0.0,0.527971,0.0,0.198825,0.382065,0.181114,0.0,0.35035,0.0,0.0,0.0,0.969538,0.0,0.0,0.0,0.0,0.0
289,0.0,0.328424,0.485456,1.133019,0.233491,0.609236,0.229521,0.366833,0.0,0.601382,0.231849,0.177694,0.0,0.772071,0.119825,0.0,0.019125,0.231937,0.286605,0.0,0.85449,0.0,0.0,0.277185,0.0,0.0,0.852204,0.112162,0.0,0.464239,0.0,0.0,0.431867,0.082435,0.188649,0.455573,0.282509,0.0,0.388814,0.05235,0.0,0.0,0.840922,0.032653,0.0,0.0,0.035728,0.0
290,0.0,0.119525,0.030322,0.82817,0.234125,0.634417,0.0,0.0,0.0,0.655642,0.448575,0.0,0.0,1.036552,0.001451,0.0,0.065748,0.122183,0.443677,0.0,0.629529,0.0,0.0,0.40994,0.0,0.0,0.835736,0.0,0.0,0.337764,0.0,0.0,0.271584,0.375877,0.125951,0.370662,0.45489,0.0,0.511233,0.033494,0.0,0.0,0.524257,0.251491,0.0,0.0,0.279658,0.0
291,0.0,0.129505,0.0,0.721585,0.306621,0.710944,0.0,0.208798,0.0,0.679666,0.320215,0.0,0.0,0.947351,0.03295,0.166094,0.035817,0.406588,0.365373,0.0,0.549011,0.0,0.0,0.147947,0.0,0.0,0.489435,0.04124,0.0,0.333309,0.0,0.0,0.224608,0.310309,0.310248,0.319405,0.444283,0.0,0.383091,0.032429,0.0,0.0,0.456828,0.306468,0.0,0.0,0.307379,0.0
292,0.0,0.060085,0.0,0.421362,0.239862,0.646933,0.0,0.13812,0.0,0.694373,0.476535,0.0,0.0,0.921135,0.139805,0.312032,0.0,0.303257,0.446973,0.14071,0.520203,0.0,0.015705,0.143272,0.145535,0.162309,0.521868,0.0,0.0,0.276052,0.0,0.0,0.065072,0.344164,0.200914,0.302503,0.45523,0.0,0.358655,0.0,0.0,0.0,0.373788,0.444349,0.0,0.0,0.250551,0.0
293,0.0,0.40172,0.038542,0.48544,0.14656,0.411296,0.0,0.259914,0.0,0.389693,0.310068,0.0,0.0,0.645856,0.037333,0.268029,0.153637,0.344139,0.422819,0.214098,0.310558,0.018538,0.224545,0.064491,0.040003,0.220949,0.3958,0.200276,0.024317,0.138786,0.0,0.0,0.015377,0.372511,0.149615,0.517402,0.303317,0.0,0.320711,0.036732,0.0,0.0,0.29545,0.308696,0.0,0.0,0.402785,0.0
294,0.0,0.540373,0.343912,0.747812,0.328516,0.209391,0.35022,0.609336,0.0,0.302076,0.154115,0.0,0.179229,0.395658,0.231409,0.231497,0.413842,0.470509,0.032874,0.521939,0.479647,0.057003,0.201637,0.233742,0.015979,0.181216,0.207249,0.240266,0.124741,0.027802,0.0,0.0,0.163192,0.285675,0.352286,0.671119,0.14024,0.0,0.005197,0.0,0.0,0.0,0.254766,0.151623,0.0,0.0,0.128926,0.0
295,0.0,0.571852,0.186296,0.484399,0.262221,0.088627,0.316888,0.588613,0.0,0.274596,0.155628,0.0,0.201506,0.299553,0.138164,0.077546,0.625436,0.585902,0.031292,0.185945,0.346604,0.203186,0.344479,0.270832,0.054447,0.280984,0.106232,0.297886,0.210839,0.0,0.0,0.0,0.323283,0.263887,0.286616,0.622071,0.092615,0.0,0.071539,0.0,0.0,0.0,0.321159,0.176143,0.0,0.0,0.229348,0.0
296,0.0,0.606124,0.312412,0.118858,0.337598,0.116992,0.15147,0.580032,0.0,0.34347,0.224808,0.230559,0.064891,0.370159,0.319628,0.035677,0.723348,0.580069,0.132901,0.281582,0.591911,0.445024,0.405823,0.11147,0.230755,0.461074,0.059108,0.099467,0.207934,0.0,0.0,0.0,0.48385,0.045898,0.178291,0.126679,0.0,0.0,0.040422,0.0,0.0,0.206745,0.334773,0.327905,0.0,0.0,0.0,0.061899
297,0.0,0.593297,0.300117,0.12262,0.346574,0.0,0.186658,0.606263,0.0,0.471284,0.090406,0.281075,0.070984,0.157093,0.449059,0.053098,0.928165,0.662729,0.0,0.343481,0.703636,0.474505,0.492729,0.152653,0.283371,0.365681,0.0,0.159227,0.332886,0.0,0.0,0.0,0.659407,0.0,0.299289,0.197284,0.0,0.0,0.0,0.0,0.0,0.189817,0.18071,0.395709,0.0,0.0,0.059266,0.0
298,0.0,0.734838,0.326234,0.150565,0.349939,0.0,0.331611,0.607241,0.0,0.381625,0.042066,0.367041,0.155325,0.120068,0.631668,0.117279,1.102622,0.708338,0.0,0.427421,0.730952,0.495549,0.47407,0.246563,0.219151,0.35985,0.0,0.187739,0.378636,0.0,0.0,0.0,0.590536,0.0,0.23221,0.106017,0.0,0.0,0.0,0.0,0.0,0.283752,0.255335,0.309735,0.0,0.0,0.085599,0.065738
299,0.0,0.73116,0.109877,0.0,0.398347,0.0,0.194703,0.552187,0.0,0.353117,0.100152,0.328454,0.088092,0.126858,0.659973,0.004684,1.053793,0.719643,0.0,0.22969,0.637664,0.462718,0.559077,0.261483,0.09145,0.301495,0.0,0.072492,0.57833,0.0,0.0,0.0,0.603881,0.0,0.084831,0.0,0.0,0.0,0.084596,0.0,0.0,0.264949,0.380636,0.333158,0.0,0.0,0.076393,0.015821
300,0.0,0.845688,0.20089,0.0,0.267992,0.019725,0.074309,0.576637,0.0,0.101675,0.06407,0.441979,0.116804,0.0,0.696448,0.0,1.010631,0.806013,0.0,0.352487,0.535478,0.509434,0.646723,0.28226,0.0,0.551051,0.0,0.108344,0.517934,0.0,0.0,0.0,0.392545,0.0,0.0,0.0,0.0,0.0,0.01938,0.0,0.0,0.308575,0.57147,0.290659,0.0,0.0,0.0,0.046786
301,0.0,0.829192,0.063156,0.0,0.024242,0.076233,0.0,0.433547,0.0,0.0,0.128806,0.396964,0.287035,0.0,0.598955,0.0,1.020834,0.914112,0.154728,0.290301,0.402806,0.438919,0.831777,0.12982,0.0,0.664645,0.0,0.078042,0.663328,0.0,0.0,0.0,0.381199,0.0,0.0,0.0,0.0,0.0,0.133485,0.041004,0.0,0.255856,0.492726,0.33494,0.0,0.0,0.152222,0.154253
302,0.00176,0.653931,0.0,0.0,0.0,0.0,0.090475,0.538803,0.0,0.135128,0.00304,0.325403,0.25279,0.003536,0.677376,0.188931,1.039848,0.730494,0.0,0.31024,0.483266,0.331681,0.879217,0.187238,0.0,0.35948,0.0,0.033818,0.741158,0.0,0.0,0.0,0.470531,0.0,0.0,0.089072,0.0,0.0,0.0,0.0,0.0,0.13474,0.308192,0.290366,0.0,0.0,0.285235,0.000616
303,0.0,0.572315,0.185584,0.236408,0.157539,0.0,0.289965,0.640271,0.059153,0.17924,0.058258,0.272808,0.049946,0.0,0.676271,0.219118,1.159601,0.846459,0.0,0.469503,0.662895,0.128869,0.699471,0.405809,0.0,0.145374,0.0,0.050931,0.795547,0.0,0.0,0.0,0.419459,0.0,0.0,0.095557,0.0,0.0,0.0,0.064148,0.0,0.245592,0.239289,0.209765,0.0,0.0,0.126264,0.0
304,0.0,0.557926,0.184219,0.381726,0.071406,0.09905,0.143242,0.580394,0.21231,0.0,0.18507,0.46762,0.337507,0.0,0.47183,0.421305,1.149878,0.924589,0.0,0.533445,0.714662,0.322291,0.87419,0.460082,0.0,0.226213,0.0,0.0,0.728736,0.0,0.0,0.0,0.567068,0.074409,0.0,0.006125,0.0,0.0,0.0,0.287946,0.0,0.105858,0.377379,0.155453,0.0,0.0,0.075134,0.027942
305,0.0,0.385111,0.32773,0.4563,0.230414,0.105653,0.050966,0.727608,0.26379,0.0,0.353281,0.53304,0.284594,0.0,0.506134,0.417537,1.274868,1.160635,0.0,0.622605,0.978719,0.294828,0.903318,0.671733,0.0,0.18642,0.0,0.0,0.864918,0.0,0.0,0.0,0.761404,0.130109,0.0,0.0,0.0,0.0,0.0,0.469204,0.0,0.179063,0.521161,0.283539,0.0,0.0,0.0,0.0
306,0.0,0.272368,0.411299,0.564843,0.124322,0.111815,0.142401,0.764593,0.0,0.0,0.125299,0.58792,0.224728,0.0,0.537574,0.297786,1.413902,1.106142,0.0,0.616911,1.238832,0.194078,0.946305,0.958929,0.0,0.078509,0.0,0.0,1.140647,0.0,0.0,0.0,0.925182,0.393233,0.0,0.207448,0.0,0.0,0.0,0.433587,0.0,0.241065,0.488392,0.391984,0.0,0.0,0.096855,0.0
307,0.0,0.168369,0.580724,0.823874,0.507039,0.151727,0.29501,0.979756,0.0,0.277008,0.406487,0.642506,0.0,0.022622,0.939889,0.479882,1.895465,1.143441,0.0,1.173277,2.005193,0.049506,0.725586,1.407531,0.0,0.0,0.0,0.0,1.566746,0.0,0.0,0.0,1.072897,0.612823,0.0,0.127423,0.0,0.0,0.0,0.565806,0.0,0.754349,0.369441,0.546984,0.0,0.0,0.0,0.0
308,0.0,0.168859,0.568788,0.689445,0.354443,0.201431,0.099,1.176215,0.0,0.191744,0.284917,0.851934,0.142826,0.0,0.800293,0.154292,1.994248,1.355176,0.0,1.021037,2.027912,0.0,1.012689,1.363755,0.0,0.0,0.0,0.0,1.599036,0.0,0.0,0.0,1.275508,0.475104,0.0,0.33342,0.0,0.0,0.0,0.682464,0.0,0.662779,0.664007,0.724027,0.0,0.0,0.0,0.0
309,0.0,0.1752,0.497441,0.740152,0.342539,0.05399,0.30694,1.370926,0.0,0.342933,0.159483,0.819945,0.122739,0.0,0.856689,0.100235,2.185544,1.536828,0.0,0.967929,2.13384,0.0,1.15154,1.405089,0.0,0.0,0.0,0.005158,1.62307,0.0,0.0,0.0,1.514109,0.184563,0.0,0.367924,0.0,0.0,0.0,0.582937,0.0,0.624441,0.645256,0.822971,0.0,0.0,0.0,0.0
310,0.0,0.178228,0.452627,0.642121,0.348885,0.286018,0.057147,1.174379,0.0,0.016601,0.223857,1.030031,0.290056,0.0,0.869048,0.10319,2.232567,1.566851,0.0,1.039,2.064844,0.226788,1.35467,1.299615,0.0,0.185987,0.0,0.0,1.83013,0.0,0.0,0.0,1.566279,0.446386,0.0,0.116777,0.0,0.0,0.0,0.704463,0.0,0.560929,0.763499,0.904048,0.0,0.0,0.0,0.0
311,0.0,0.190037,0.337464,0.820291,0.676807,0.101822,0.077354,1.066208,0.0,0.168519,0.353671,0.996717,0.134646,0.0,1.217228,0.429819,2.528493,1.250908,0.0,1.386706,2.429866,0.292781,1.205467,1.496578,0.0,0.0,0.0,0.0,1.987023,0.0,0.0,0.0,1.583788,0.492151,0.0,0.0,0.0,0.0,0.0,0.656657,0.0,0.717013,0.570584,0.866436,0.0,0.0,0.0,0.0
312,0.0,0.400974,0.332731,0.597233,0.571661,0.272943,0.0,0.790163,0.0,0.03153,0.291225,1.030841,0.155064,0.0,1.023227,0.469819,2.251677,1.06818,0.0,1.10859,2.190344,0.258058,1.134629,1.491561,0.0,0.0,0.0,0.0,1.659822,0.0,0.0,0.0,1.284478,0.67592,0.0,0.029207,0.0,0.0,0.0,0.671859,0.0,0.638494,0.724521,0.8703,0.0,0.0,0.056209,0.0
313,0.0,0.348595,0.19832,0.607823,0.680723,0.223377,0.0,0.652075,0.0,0.185931,0.32648,0.978192,0.0,0.258896,1.032799,0.658188,2.061041,0.974386,0.0,1.010317,2.032195,0.190408,0.958902,1.464131,0.0,0.0,0.0,0.0,1.506081,0.0,0.0,0.0,1.123602,0.781658,0.0,0.0,0.0,0.0,0.0,0.586557,0.0,0.575406,0.631857,0.804054,0.0,0.0,0.145453,0.0
314,0.0,0.350411,0.063048,0.526213,0.513954,0.05967,0.0,0.597903,0.0,0.0,0.223782,0.84822,0.025116,0.166816,0.801315,0.869679,1.563997,0.93469,0.0,0.636268,1.493971,0.310454,0.990712,1.179934,0.0,0.0,0.0,0.0,1.079954,0.0,0.0,0.0,1.133056,0.556207,0.0,0.0,0.0,0.0,0.0,0.422923,0.0,0.302874,0.574857,0.799249,0.0,0.0,0.458171,0.0
315,0.0,0.338784,0.042777,0.560824,0.323364,0.0,0.0,0.467946,0.041434,0.017497,0.12934,0.446671,0.204793,0.264783,0.786636,0.913625,1.234417,0.578872,0.0,0.58487,1.166471,0.274695,1.031763,0.884188,0.0,0.0,0.0,0.0,0.849161,0.0,0.0,0.0,0.709971,0.626065,0.0,0.091907,0.153277,0.0,0.0,0.37471,0.0,0.208701,0.25705,0.659888,0.0,0.0,0.563145,0.0
316,0.0,0.387323,0.227104,0.574733,0.19317,0.110265,0.0,0.5531,0.321214,0.0,0.206651,0.297488,0.352839,0.038863,0.529572,1.006818,1.021882,0.746161,0.0,0.561204,0.743704,0.359487,1.122415,0.623006,0.0,0.327112,0.0,0.0,0.559492,0.0,0.0,0.0,0.63311,0.63356,0.0,0.0,0.244701,0.0,0.112866,0.433993,0.0,0.139783,0.228176,0.54861,0.151193,0.0,0.45444,0.0
317,0.0,0.284401,0.223138,0.741063,0.070906,0.0,0.045471,0.70164,0.467365,0.0,0.038105,0.195998,0.459453,0.0,0.422581,0.863028,1.003215,0.830043,0.0,0.574843,0.510236,0.379847,1.012481,0.521582,0.0,0.223489,0.0,0.0,0.476781,0.0,0.0,0.0,0.398775,0.574005,0.125152,0.122413,0.331624,0.0,0.031178,0.217882,0.0,0.0,0.242365,0.365528,0.089054,0.0,0.480492,0.0
318,0.0,0.361246,0.262162,0.787095,0.0,0.053329,0.179859,0.732527,0.380881,0.0,0.030839,0.103977,0.578215,0.0,0.253869,0.756496,0.857799,0.919305,0.0,0.5127,0.420846,0.474356,0.883979,0.598315,0.0,0.26829,0.0,0.0,0.29309,0.0,0.0,0.0,0.385754,0.621778,0.154679,0.365995,0.377009,0.0,0.0,0.070719,0.0,0.0,0.196484,0.255773,0.073206,0.0,0.520374,0.0
319,0.0,0.266269,0.339541,0.870444,0.105869,0.067435,0.092865,0.745951,0.280928,0.0,0.260271,0.155143,0.198119,0.172497,0.577845,0.893477,0.802992,0.829087,0.0,0.808298,0.790818,0.285859,0.803697,0.778594,0.0,0.0,0.285952,0.0,0.542196,0.0,0.0,0.0,0.349101,0.785459,0.226873,0.334975,0.236715,0.0,0.057254,0.247168,0.0,0.009441,0.20789,0.220422,0.0,0.0,0.159365,0.0
320,0.0,0.330193,0.230756,0.895962,0.066055,0.309181,0.151924,0.573876,0.139596,0.0,0.368567,0.193644,0.226196,0.217036,0.409936,0.812317,0.738047,0.811322,0.0,0.704673,0.641624,0.425957,0.691093,0.72308,0.0,0.088342,0.182754,0.0,0.367525,0.0,0.0,0.0,0.460336,0.669232,0.207235,0.296035,0.228332,0.0,0.0,0.153758,0.0,0.0,0.316801,0.314632,0.0,0.0,0.296528,0.0
321,0.0,0.138914,0.037745,0.793076,0.166885,0.421917,0.0,0.427819,0.125323,0.065025,0.313671,0.405607,0.0,0.37927,0.524648,0.692769,0.471968,0.647561,0.223899,0.663741,0.773933,0.209288,0.495971,0.954597,0.0,0.0,0.381978,0.0,0.482343,0.0,0.0,0.0,0.304828,0.844996,0.298374,0.407342,0.223323,0.0,0.213212,0.258688,0.0,0.0,0.51466,0.307466,0.0,0.0,0.200045,0.0
322,0.0,0.175943,0.0,0.525222,0.0,0.67448,0.0,0.105512,0.342291,0.0,0.22902,0.373929,0.104548,0.289764,0.1627,0.421536,0.225773,0.513043,0.492393,0.219189,0.318478,0.338304,0.410439,0.866462,0.0,0.171664,0.344527,0.0,0.267093,0.0,0.0,0.0,0.098021,0.818689,0.223181,0.357393,0.444904,0.0,0.490035,0.277237,0.0,0.0,0.667144,0.287046,0.0,0.051314,0.495773,0.0
323,0.0,0.095861,0.0,0.390825,0.0,0.810232,0.0,0.0,0.402714,0.159712,0.37411,0.181539,0.0,0.561681,0.291532,0.573578,0.0,0.17737,0.988482,0.0,0.0,0.374933,0.173591,0.884772,0.0,0.392816,0.505498,0.0,0.095309,0.0,0.069114,0.0,0.0,0.915148,0.18758,0.352648,0.729788,0.0,0.906127,0.241154,0.0,0.0,0.676032,0.404515,0.0,0.025146,0.690518,0.0
324,0.0,0.017692,0.0,0.273738,0.0,0.876697,0.0,0.0,0.515954,0.359024,0.557103,0.0,0.0,0.775995,0.464151,0.575526,0.0,0.0,1.317363,0.0,0.0,0.531818,0.157904,0.769066,0.057896,0.678711,0.556884,0.0,0.0,0.0,0.327177,0.0,0.0,1.040941,0.135972,0.184462,1.057579,0.0,1.337306,0.214883,0.0,0.0,0.663992,0.538445,0.0,0.0,0.979655,0.0
325,0.0,0.0,0.0,0.181608,0.0,0.984226,0.0,0.0,0.553723,0.55676,0.463929,0.0,0.0,0.927292,0.595059,0.464194,0.0,0.0,1.496645,0.0,0.0,0.666457,0.044247,0.783778,0.202748,0.883314,0.513336,0.0,0.0,0.0,0.314976,0.0,0.0,1.19237,0.250352,0.07395,1.160957,0.0,1.665137,0.146217,0.0,0.0,0.832451,0.613289,0.0,0.0,1.059186,0.0
326,0.0,0.076247,0.0,0.148477,0.0,1.186553,0.0,0.0,0.326652,0.778647,0.604553,0.0,0.0,1.055508,0.677767,0.584065,0.0,0.0,2.079816,0.0,0.0,0.833476,0.0,0.810469,0.310248,1.106941,0.640376,0.0,0.0,0.0,0.438952,0.0,0.0,1.348027,0.199968,0.301218,1.31621,0.0,1.919446,0.213454,0.0,0.0,0.686755,0.570577,0.0,0.0,1.272433,0.042726
327,0.0,0.01555,0.0,0.190015,0.0,1.236631,0.0,0.0,0.23244,0.889247,0.708873,0.0,0.0,1.095934,0.75582,0.583619,0.0,0.0,2.207791,0.0,0.0,0.827275,0.0,0.913183,0.257109,1.119225,0.714895,0.0,0.0,0.0,0.42423,0.0,0.0,1.329247,0.116274,0.489257,1.229167,0.0,1.903537,0.227321,0.0,0.0,0.718436,0.558639,0.0,0.0,1.234807,0.0
328,0.0,0.068081,0.0,0.216303,0.0,1.15119,0.0,0.0,0.175347,0.981787,0.678465,0.001486,0.0,0.996501,0.57846,0.289973,0.0,0.0,2.035027,0.0,0.0,0.829506,0.0,0.87165,0.177602,0.881887,0.708206,0.0,0.0,0.112463,0.169674,0.0,0.0,1.112773,0.081879,0.487638,1.006208,0.0,1.851768,0.284702,0.0,0.0,0.739254,0.63096,0.0,0.0,1.098978,0.0
329,0.0,0.325746,0.0,0.357044,0.0,1.033213,0.0,0.0,0.028037,0.876777,0.459626,0.110461,0.0,1.018842,0.432075,0.17684,0.0,0.0,1.737125,0.0,0.0,0.761639,0.0,0.779918,0.0,0.777648,0.81377,0.0,0.0,0.367303,0.154903,0.0,0.0,1.135076,0.16722,0.751505,0.795928,0.0,1.781105,0.260065,0.0,0.0,0.7022,0.385907,0.0,0.0,1.016912,0.074175
330,0.0,0.328454,0.0,0.551802,0.11281,0.959186,0.0,0.0,0.088444,0.659551,0.377294,0.230338,0.0,1.065387,0.4875,0.099964,0.0,0.0,1.536814,0.0,0.03901,0.506646,0.0,0.792325,0.0,0.504064,1.0101,0.0,0.0,0.194668,0.120743,0.0,0.0,0.858491,0.141564,0.84687,0.537803,0.0,1.324063,0.096683,0.0,0.0,0.850935,0.156995,0.0,0.0,0.478763,0.0
331,0.0,0.557317,0.0,0.753841,0.197495,0.698509,0.026189,0.0,0.019569,0.448688,0.146638,0.432926,0.0,0.738759,0.34153,0.133486,0.0,0.0,1.345895,0.0,0.258786,0.566429,0.0,0.622689,0.0,0.502896,1.153783,0.0,0.0,0.122318,0.0,0.0,0.21314,0.533222,0.098881,0.816927,0.300082,0.0,1.144545,0.012132,0.0,0.0,0.835338,0.0,0.0,0.0,0.273611,0.0
332,0.0,0.585925,0.0,0.956274,0.211309,0.516115,0.229104,0.0,0.035813,0.361156,0.0,0.572214,0.0,0.535318,0.075904,0.100502,0.0,0.0,0.832972,0.0,0.176672,0.677892,0.0,0.458013,0.0,0.483167,0.86902,0.037328,0.0,0.203012,0.0,0.0,0.355868,0.22969,0.42244,0.659669,0.261033,0.0,1.007632,0.0,0.0,0.0,0.582016,0.0,0.0,0.0,0.101815,0.144752
333,0.0,0.574115,0.0,0.909544,0.15423,0.321307,0.224613,0.0,0.0,0.318089,0.0,0.645881,0.0,0.402002,0.012442,0.248009,0.0,0.047925,0.631405,0.0,0.10299,0.798113,0.0,0.312052,0.036349,0.561424,0.923943,0.148091,0.0,0.110031,0.0,0.0,0.388367,0.026554,0.469212,0.55672,0.227272,0.0,1.028726,0.0,0.0,0.0,0.274509,0.0,0.0,0.0,0.0,0.292682
334,0.0,0.693258,0.0,0.907081,0.066187,0.127444,0.365835,0.310154,0.002303,0.249494,0.0,0.617028,0.237096,0.328924,0.065216,0.410302,0.013756,0.155518,0.623055,0.0,0.139759,0.868503,0.119405,0.113,0.067432,0.656443,0.956492,0.348727,0.0,0.0,0.0,0.0,0.343727,0.0,0.406352,0.354125,0.192029,0.0,0.785841,0.0,0.0,0.0,0.178636,0.0,0.0,0.0,0.0,0.343392
335,0.0,0.843303,0.0,0.543966,0.0,0.149677,0.331652,0.448054,0.0,0.309849,0.0,0.649664,0.435314,0.631727,0.049508,0.599638,0.363985,0.330505,0.714784,0.052095,0.264391,0.867609,0.396961,0.0,0.057874,0.929409,1.058771,0.259836,0.0,0.0,0.033569,0.0,0.210091,0.0,0.62334,0.236458,0.266787,0.0,0.635399,0.0,0.0,0.0,0.0,0.0,0.0,0.0,0.0,0.648998
336,0.0,0.973094,0.0,0.487312,0.0,0.126386,0.616736,0.483051,0.0,0.320164,0.0,0.657711,0.445181,0.704704,0.0,0.741136,0.598299,0.417422,0.658447,0.08747,0.19933,0.86089,0.612451,0.0,0.256445,0.753468,0.875796,0.467496,0.0,0.0,0.0,0.0,0.145601,0.030208,0.74387,0.051165,0.321539,0.0,0.64773,0.0,0.0,0.0,0.0,0.0,0.0,0.0,0.0,0.682871
337,0.0,0.923491,0.0,0.495349,0.0,0.049315,0.734287,0.534265,0.0,0.282066,0.0,0.673248,0.35614,0.599508,0.052819,0.688286,0.670323,0.440407,0.583805,0.207478,0.159146,0.809715,0.628686,0.0,0.339478,0.675308,0.743346,0.566883,0.0,0.0,0.0,0.0,0.0,0.0,0.677165,0.0,0.371388,0.0,0.672166,0.0,0.0,0.0,0.0,0.0,0.0,0.0,0.0,0.559915
338,0.0,0.611827,0.031151,0.443997,0.0,0.0,0.648455,0.537853,0.0,0.302883,0.0,0.62406,0.173186,0.498354,0.092586,0.628191,0.660319,0.391613,0.519365,0.079232,0.193932,0.599353,0.627892,0.0,0.392158,0.4494,0.775482,0.54487,0.0,0.0,0.0,0.0,0.0,0.0,0.655565,0.0,0.383754,0.0,0.647387,0.0,0.0,0.0,0.048816,0.0,0.0,0.0,0.0,0.348004
339,0.0,0.513545,0.0,0.205073,0.0,0.205936,0.427598,0.373563,0.0,0.365307,0.0,0.664151,0.132468,0.79261,0.128863,0.769424,0.530861,0.471555,0.639403,0.045265,0.359356,0.526453,0.644985,0.0,0.414263,0.605027,0.819914,0.317853,0.0,0.0,0.0,0.0,0.0,0.095924,0.885,0.0,0.524006,0.0,0.770792,0.0,0.0,0.0,0.0,0.0,0.0,0.0,0.0,0.475793
340,0.0,0.597371,0.017476,0.089467,0.0,0.230758,0.320218,0.463838,0.001789,0.285537,0.0,0.565372,0.238071,0.778333,0.084984,0.754226,0.421136,0.417841,0.83524,0.125161,0.359894,0.446441,0.417718,0.0,0.314581,0.762467,0.848037,0.351566,0.0,0.0,0.034361,0.0,0.0,0.032299,0.776426,0.0,0.573368,0.0,0.655661,0.0,0.0,0.0,0.008181,0.0,0.0,0.0,0.006411,0.577404
341,0.0,0.777323,0.098031,0.047804,0.0,0.244348,0.40144,0.53384,0.006147,0.175856,0.0,0.540526,0.372126,0.679267,0.021323,0.737622,0.468116,0.315727,0.865551,0.458065,0.307015,0.424249,0.303979,0.0,0.272367,0.916945,0.546043,0.555081,0.0,0.0,0.0,0.0,0.0,0.022396,0.801944,0.0,0.593263,0.0,0.507263,0.0,0.0,0.060646,0.116616,0.0,0.0,0.0,0.060143,0.591905
342,0.0,0.94723,0.0,0.0,0.0,0.354505,0.41286,0.386455,0.0,0.29254,0.0,0.683917,0.353073,0.817547,0.01185,0.854758,0.702092,0.514267,0.935774,0.35086,0.258613,0.502853,0.477415,0.0,0.399334,1.013171,0.486891,0.627006,0.0,0.0,0.07437,0.0,0.0,0.188097,0.963738,0.0,0.678586,0.0,0.639216,0.0,0.0,0.070628,0.082011,0.0,0.0,0.0,0.14014,0.631625
343,0.0,0.934649,0.0,0.0,0.0,0.29514,0.285814,0.208905,0.0,0.480185,0.0,0.820375,0.230805,0.74041,0.065454,0.850156,0.890879,0.557012,0.987319,0.244881,0.326979,0.627807,0.530199,0.0,0.433335,1.026297,0.566354,0.665124,0.0,0.0,0.151571,0.0,0.0,0.046315,1.090286,0.0,0.78086,0.0,0.731712,0.0,0.0,0.042272,0.0,0.0,0.0,0.0,0.142292,0.663053
344,0.0,0.786881,0.0,0.0,0.112023,0.152382,0.51248,0.03737,0.003294,0.204165,0.078811,0.796147,0.119756,0.72823,0.376533,0.720574,1.183626,0.620961,0.576308,0.0,0.308123,0.62734,0.700673,0.0,0.401539,0.797595,0.560615,0.720739,0.283311,0.0,0.0,0.0,0.0,0.0,0.730047,0.0,0.590936,0.0,0.832618,0.0,0.0,0.078549,0.230385,0.0,0.0,0.0,0.0,0.660852
345,0.0,0.975746,0.0,0.0,0.131629,0.007279,0.334586,0.0,0.0,0.165283,0.166032,0.947868,0.17184,0.722065,0.449744,0.822677,1.55377,0.725039,0.817668,0.168916,0.436879,0.78779,0.769986,0.0,0.354334,0.974312,0.6858,0.662724,0.466084,0.0,0.0,0.0,0.0,0.0,0.631779,0.0,0.525438,0.0,0.715876,0.0,0.0,0.194677,0.053745,0.0,0.0,0.0,0.0,0.999538
346,0.0,0.937034,0.0,0.0,0.005228,0.046215,0.289774,0.0,0.075097,0.238545,0.050305,0.999428,0.170899,0.515789,0.457145,0.900631,1.544874,0.809593,0.702962,0.0,0.289965,0.813667,0.795481,0.0,0.269995,0.990156,0.654065,0.693946,0.598371,0.0,0.0,0.0,0.0,0.0,0.657574,0.0,0.431024,0.0,0.686796,0.0,0.0,0.07101,0.120522,0.0,0.0,0.0,0.0,0.860812
347,0.225165,1.162438,0.0,0.0,0.0,0.160045,0.118256,0.0,0.066106,0.153028,0.0,1.116078,0.421438,0.371937,0.364343,0.955923,1.504279,0.646734,0.781361,0.332864,0.275105,0.823019,0.828217,0.0,0.225304,1.255792,0.540476,0.565432,0.588136,0.0,0.203813,0.0,0.0,0.0,0.673495,0.0,0.33241,0.0,0.478317,0.0,0.0,0.090973,0.015448,0.0,0.0,0.0,0.0,0.930883
348,0.0,1.138712,0.0,0.0,0.0,0.0,0.3266,0.0,0.058889,0.030606,0.010451,0.987389,0.39287,0.310431,0.402435,0.824776,1.481294,0.516222,0.662053,0.31049,0.132486,0.873879,0.693693,0.0,0.085991,1.02561,0.489679,0.641199,0.712448,0.0,0.0,0.0,0.0,0.0,0.436656,0.0,0.194517,0.0,0.563621,0.0,0.0,0.0,0.106806,0.0,0.0,0.0,0.0,0.921285
349,0.030664,1.067654,0.0,0.0,0.0,0.005521,0.214435,0.0,0.058792,0.028437,0.0,0.921477,0.355477,0.29541,0.487146,0.721557,1.187069,0.39676,0.546362,0.340481,0.072761,0.909399,0.585421,0.0,0.07965,0.972794,0.382081,0.636913,0.639533,0.0,0.0,0.0,0.0,0.0,0.373229,0.0,0.192121,0.0,0.513505,0.0,0.0,0.0,0.177469,0.0,0.0,0.0,0.026495,0.759034
350,0.0,0.912717,0.0,0.0,0.148023,0.0,0.133187,0.0,0.014552,0.161611,0.10358,0.738021,0.078892,0.379026,0.521141,0.655023,1.045831,0.281034,0.549279,0.179144,0.13407,0.866284,0.398606,0.0,0.1371,0.743347,0.492724,0.464028,0.517415,0.0,0.028244,0.0,0.084202,0.0,0.196977,0.0,0.237696,0.0,0.66387,0.0,0.0,0.0,0.183585,0.0,0.0,0.0,0.022593,0.633058
351,0.0,0.95713,0.0,0.178461,0.0,0.306321,0.158611,0.0,0.155888,0.114628,0.0,0.674238,0.291775,0.439202,0.321146,0.407926,0.643477,0.255087,0.573921,0.098695,0.052469,0.689718,0.323343,0.0,0.104571,0.820289,0.396172,0.465322,0.262779,0.0,0.114084,0.0,0.002281,0.0,0.366999,0.0,0.239181,0.0,0.602978,0.0,0.0,0.0,0.380816,0.0,0.0,0.0,0.0,0.532441
352,0.0,0.836507,0.0,0.238789,0.036394,0.252473,0.0,0.023108,0.10811,0.150544,0.0,0.405179,0.202736,0.456163,0.258651,0.233767,0.36178,0.032535,0.745021,0.0,0.192177,0.544043,0.232904,0.0,0.121465,0.709879,0.630256,0.314251,0.137532,0.0,0.144175,0.0,0.085254,0.0,0.21884,0.0,0.234594,0.0,0.757748,0.0,0.0,0.0,0.439392,0.0,0.0,0.0,0.024906,0.351422
353,0.0,0.620408,0.0,0.391824,0.262893,0.205749,0.082991,0.14678,0.0,0.341121,0.049874,0.452296,0.0,0.723947,0.254585,0.123289,0.063717,0.0,0.776132,0.0,0.350276,0.489771,0.0,0.0,0.104976,0.466189,0.871654,0.105006,0.035194,0.138628,0.11636,0.0,0.278641,0.11845,0.416147,0.092601,0.441369,0.0,0.838948,0.0,0.0,0.0,0.330182,0.03751,0.0,0.0,0.036319,0.331215
354,0.0,0.815203,0.00765,0.666106,0.199757,0.123634,0.389922,0.562555,0.0,0.431683,0.0,0.494941,0.179937,0.463616,0.0,0.13365,0.0,0.0,0.663601,0.224114,0.270858,0.508227,0.071275,0.0,0.07721,0.42569,0.567551,0.48639,0.0,0.043902,0.0,0.0,0.33637,0.100612,0.641844,0.428721,0.480682,0.0,0.65957,0.0,0.0,0.0,0.390889,0.0,0.0,0.0,0.043788,0.118925
355,0.0,0.560828,0.003682,0.752992,0.318014,0.006115,0.534887,0.673643,0.0,0.682943,0.0,0.653655,0.04699,0.338311,0.008198,0.143765,0.0,0.0,0.568539,0.316642,0.361717,0.54374,0.056298,0.090276,0.24612,0.217711,0.489627,0.529904,0.0,0.154638,0.0,0.0,0.492622,0.057496,0.838681,0.482912,0.775455,0.0,0.906577,0.0,0.0,0.0,0.258547,0.020984,0.0,0.0,0.077678,0.0
356,0.0,0.678734,0.0,0.581785,0.129296,0.12633,0.657581,0.882713,0.0,0.624182,0.0,0.647534,0.072635,0.684508,0.0,0.306067,0.0,0.043517,0.712058,0.403133,0.234138,0.608564,0.14993,0.0,0.360986,0.345044,0.527889,0.536695,0.0,0.012512,0.0,0.0,0.426879,0.256496,0.878114,0.496865,0.685121,0.0,0.840647,0.0,0.0,0.0,0.18004,0.0,0.0,0.0,0.0,0.036868
357,0.0,0.648216,0.0,0.498392,0.0,0.295027,0.540902,0.826755,0.0,0.454947,0.0,0.678542,0.167393,0.887687,0.0,0.651881,0.0,0.158353,0.749489,0.459599,0.153554,0.703711,0.13512,0.0,0.343821,0.481264,0.714324,0.30202,0.0,0.0,0.082907,0.0,0.33584,0.407415,0.995455,0.508718,0.721796,0.0,0.781051,0.0,0.0,0.0,0.0,0.0,0.0,0.0,0.0,0.299787
358,0.0,0.596714,0.0,0.415943,0.0,0.375998,0.518671,0.528134,0.0,0.641735,0.0,0.759596,0.0,0.919457,0.0,0.803988,0.0,0.212577,0.780203,0.50062,0.171203,0.632515,0.116218,0.0,0.373587,0.509446,0.591812,0.285511,0.0,0.077753,0.219713,0.0,0.13955,0.526282,1.262473,0.570444,0.971484,0.0,0.984644,0.0,0.0,0.0,0.0,0.0,0.0,0.0,0.057923,0.370147
359,0.0,0.556525,0.0,0.406709,0.0,0.351044,0.479366,0.610907,0.0,0.247885,0.0,0.537485,0.109081,0.819841,0.0,0.765223,0.0,0.151077,0.697019,0.501626,0.0,0.521496,0.099613,0.0,0.305729,0.484334,0.526633,0.39027,0.0,0.0,0.040103,0.0,0.0,0.389219,0.905848,0.400731,0.683105,0.0,0.689688,0.0,0.0,0.0,0.0,0.0,0.0,0.0,0.044078,0.327147
360,0.0,0.437832,0.0,0.357286,0.0,0.425496,0.332543,0.371864,0.0,0.242085,0.039993,0.392523,0.0,0.784091,0.0,0.838713,0.030618,0.210443,0.743521,0.356772,0.0,0.419471,0.063983,0.026015,0.300117,0.482085,0.4845,0.411616,0.0,0.0,0.031773,0.0,0.0,0.406386,0.778366,0.305019,0.763457,0.0,0.702631,0.0,0.0,0.0,0.009114,0.0,0.0,0.0,0.201347,0.247995
361,0.0,0.388037,0.0,0.165,0.079304,0.424596,0.216729,0.180348,0.087747,0.183803,0.151559,0.295478,0.0,0.915903,0.198419,0.68298,0.271203,0.128529,0.678331,0.234354,0.04081,0.190732,0.076593,0.029228,0.391071,0.452634,0.423883,0.354551,0.0,0.0,0.124976,0.0,0.0,0.420485,0.606307,0.01083,0.755382,0.0,0.738478,0.0,0.0,0.0,0.22676,0.073501,0.0,0.0,0.369307,0.176174
362,0.0,0.48398,0.0,0.0,0.070074,0.532901,0.0,0.0,0.151503,0.192155,0.238427,0.303376,0.0,0.87886,0.317041,0.665937,0.44188,0.234019,0.626192,0.248147,0.095096,0.065677,0.236984,0.0,0.386214,0.64628,0.217505,0.407078,0.0,0.0,0.147007,0.0,0.0,0.456848,0.64947,0.0,0.837599,0.0,0.786055,0.0,0.0,0.0,0.308682,0.126933,0.0,0.0,0.525725,0.070227
363,0.0,0.404633,0.0,0.0,0.09959,0.579941,0.0,0.0,0.102859,0.396066,0.47744,0.269335,0.0,1.137409,0.445267,0.744714,0.53046,0.247423,0.729345,0.116932,0.159323,0.068349,0.191181,0.0,0.463664,0.705348,0.271755,0.271438,0.0,0.0,0.281692,0.0,0.0,0.499254,0.644723,0.0,0.968773,0.0,0.877684,0.0,0.0,0.0,0.226955,0.344676,0.0,0.0,0.725086,0.111715
364,0.0,0.296525,0.0,0.105745,0.343331,0.743688,0.0,0.0,0.10355,0.249626,0.415963,0.238584,0.0,1.047296,0.480411,0.60918,0.460119,0.395682,0.472361,0.087906,0.164926,0.042072,0.0,0.143501,0.235102,0.262855,0.142707,0.382929,0.0,0.00987,0.0,0.0,0.0,0.551042,0.604149,0.0,0.797064,0.0,0.736411,0.0,0.0,0.0,0.525163,0.308686,0.0,0.0,0.708224,0.108631
365,0.0,0.236825,0.0,0.297622,0.36275,0.762537,0.0,0.0,0.182983,0.258578,0.376515,0.008869,0.0,1.006603,0.485393,0.344414,0.417587,0.2444,0.177237,0.044241,0.116727,0.0,0.0,0.359956,0.24658,0.207493,0.028028,0.458116,0.016631,0.160625,0.0,0.0,0.0,0.538642,0.466871,0.0,0.733918,0.0,0.71571,0.0,0.0,0.0,0.666584,0.391336,0.0,0.0,0.818536,0.0
366,0.0,0.269577,0.0,0.154427,0.269865,1.016932,0.0,0.0,0.018814,0.339148,0.772866,0.0,0.0,1.229043,0.604028,0.512101,0.272104,0.051928,0.694477,0.069734,0.224692,0.0,0.0,0.634465,0.150911,0.17946,0.423438,0.121324,0.0,0.115868,0.072637,0.0,0.0,0.791078,0.232592,0.21045,0.632434,0.0,0.880665,0.148258,0.0,0.0,0.774747,0.410878,0.0,0.0,0.711595,0.0
367,0.0,0.250806,0.0,0.208114,0.159168,0.929654,0.0,0.0,0.0,0.707976,0.703805,0.0,0.0,1.218365,0.431248,0.331217,0.0,0.0,0.868862,0.038405,0.120085,0.212794,0.0,0.458198,0.015948,0.236204,0.572424,0.047083,0.0,0.452104,0.011203,0.0,0.0,0.668262,0.325178,0.232176,0.838815,0.0,0.948504,0.047132,0.0,0.0,0.462088,0.479947,0.0,0.0,0.720515,0.040137
368,0.0,0.45625,0.0,0.28453,0.284723,0.806716,0.0,0.0,0.0,0.706043,0.39064,0.067773,0.0,0.786784,0.405859,0.0,0.0,0.0,0.639935,0.142461,0.083839,0.305144,0.0,0.437154,0.0,0.200753,0.265517,0.348528,0.0,0.379525,0.0,0.0,0.14194,0.495785,0.376171,0.271325,0.651896,0.0,1.014086,0.120861,0.0,0.0,0.709116,0.406778,0.0,0.0,0.585553,0.0
369,0.0,0.654168,0.0,0.399176,0.280972,0.801908,0.0,0.0,0.049398,0.480995,0.396489,0.089322,0.0,1.006171,0.466794,0.0,0.0,0.0,0.694842,0.104238,0.064377,0.36385,0.0,0.385903,0.0,0.384801,0.308721,0.265791,0.0,0.333829,0.0,0.0,0.233467,0.701203,0.307626,0.422922,0.603125,0.0,1.078546,0.141964,0.0,0.0,0.695668,0.207776,0.0,0.0,0.599851,0.0
370,0.0,0.975267,0.0,0.416104,0.316579,0.742222,0.0,0.0,0.0,0.461837,0.3734,0.230696,0.0,0.612916,0.526893,0.096336,0.0,0.0,0.821194,0.348186,0.085717,0.694145,0.0,0.40426,0.0,0.617625,0.2659,0.500164,0.0,0.321864,0.0,0.0,0.295755,0.622575,0.456134,0.585913,0.538516,0.0,1.001721,0.067553,0.0,0.0,0.610575,0.089398,0.0,0.0,0.547441,0.017304
371,0.0,0.79023,0.0,0.0,0.416059,0.42561,0.0,0.0,0.0,0.530764,0.40264,0.120775,0.0,0.592159,0.599771,0.0,0.089312,0.0,0.632015,0.240005,0.266476,0.589982,0.0,0.435826,0.13535,0.531355,0.289621,0.275767,0.113971,0.286295,0.0,0.0,0.393542,0.400978,0.03635,0.359164,0.360351,0.0,1.117342,0.140735,0.0,0.0,0.698903,0.358354,0.0,0.0,0.497589,0.0
372,0.0,0.723301,0.014885,0.117066,0.623122,0.341348,0.0,0.049209,0.0,0.596915,0.101361,0.43761,0.0,0.562142,0.603619,0.0,0.177658,0.0,0.197065,0.239037,0.445145,0.558364,0.0,0.414564,0.163038,0.376302,0.0,0.326952,0.076862,0.351428,0.0,0.0,0.56902,0.261042,0.361327,0.131131,0.29544,0.0,0.862548,0.053539,0.0,0.0,0.734803,0.214288,0.0,0.0,0.33837,0.0
373,0.0,0.871336,0.174513,0.0,0.314791,0.375065,0.0,0.0,0.0,0.503182,0.189512,0.216025,0.0,0.553984,0.491315,0.0,0.463859,0.0,0.488362,0.365411,0.650636,0.624076,0.136455,0.017436,0.163805,0.695684,0.277193,0.079984,0.107437,0.243585,0.0,0.0,0.60903,0.163691,0.097802,0.13717,0.091102,0.0,0.578878,0.133758,0.0,0.043117,0.42094,0.330031,0.0,0.0,0.160684,0.021077
374,0.0,0.68225,0.464063,0.301452,0.425058,0.209724,0.0,0.321896,0.0,0.499325,0.0,0.272741,0.052739,0.614256,0.484678,0.0,0.784108,0.206912,0.051487,0.347554,0.90501,0.407502,0.150441,0.079179,0.22708,0.333507,0.172861,0.0,0.160271,0.287074,0.0,0.0,0.685708,0.0,0.151026,0.043083,0.024163,0.0,0.133058,0.03171,0.0,0.0,0.554701,0.168821,0.0,0.0,0.070627,0.0
375,0.0,0.617876,0.742685,0.678747,0.426594,0.0,0.273476,0.604304,0.0,0.62023,0.022918,0.431082,0.048492,0.512043,0.482203,0.0,1.064451,0.555321,0.0,0.345755,1.203703,0.261963,0.372647,0.02741,0.187837,0.0,0.341794,0.049693,0.290067,0.460628,0.0,0.0,0.814518,0.0,0.174549,0.046218,0.095653,0.0,0.0,0.087066,0.0,0.018259,0.561806,0.113991,0.0,0.0,0.034904,0.0
376,0.0,0.635146,0.825302,0.92271,0.37114,0.0,0.320333,0.792949,0.0,0.659798,0.018629,0.518651,0.127251,0.504609,0.388417,0.061413,1.270172,0.786586,0.0,0.411501,1.476832,0.165343,0.57766,0.0,0.144193,0.0,0.441732,0.0,0.351634,0.490833,0.0,0.0,1.083777,0.0,0.231206,0.164038,0.050412,0.0,0.0,0.226554,0.0,0.0,0.450386,0.021,0.0,0.0,0.0,0.067349
377,0.0,0.440647,1.070635,1.24643,0.378412,0.0,0.553831,0.942934,0.0,0.750854,0.247608,0.559067,0.0,0.384119,0.538823,0.04368,1.366983,0.860666,0.0,0.545851,1.685353,0.066525,0.534893,0.211104,0.14677,0.0,0.636729,0.020633,0.590638,0.793236,0.0,0.0,1.318302,0.0,0.004644,0.08707,0.093085,0.0,0.0,0.321143,0.0,0.211955,0.529061,0.089836,0.0,0.0,0.0,0.0
378,0.0,0.28404,1.043491,1.179939,0.314924,0.0,0.35315,0.930306,0.0,0.709364,0.153165,0.562144,0.0,0.405737,0.532836,0.0,1.231699,0.680681,0.0,0.560411,1.71783,0.0,0.302784,0.557499,0.0,0.0,0.876247,0.0,0.509571,0.624333,0.0,0.0,0.997648,0.0,0.0,0.297227,0.0,0.0,0.0,0.429441,0.0,0.048062,0.874528,0.0,0.0,0.0,0.0,0.0
379,0.0,0.337696,0.971923,1.268656,0.277973,0.0,0.384733,1.046394,0.0,0.561737,0.0,0.392909,0.023603,0.184005,0.301481,0.0,1.197693,0.927705,0.0,0.394398,1.527751,0.0,0.46814,0.413701,0.0,0.0,0.673016,0.0,0.516292,0.326244,0.0,0.0,1.051925,0.0,0.0,0.685662,0.0,0.0,0.0,0.550529,0.0,0.0,0.729712,0.0,0.0,0.0,0.0,0.0
380,0.0,0.131124,0.825583,1.124546,0.33086,0.251805,0.303711,0.820289,0.0,0.478694,0.253676,0.446846,0.0,0.485048,0.447606,0.0,1.121678,0.827377,0.0,0.488767,1.636852,0.0,0.32395,0.683668,0.0,0.0,0.694766,0.0,0.507773,0.351944,0.0,0.0,0.845364,0.118787,0.0,0.453802,0.0,0.0,0.0,0.572122,0.0,0.014377,0.893778,0.061475,0.0,0.0,0.0,0.0
381,0.0,0.0,0.636092,0.94364,0.305114,0.503613,0.0,0.735302,0.0,0.385843,0.174421,0.225583,0.0,0.405904,0.249905,0.005373,0.833729,0.953556,0.0,0.334278,1.224081,0.0,0.192631,0.742481,0.0,0.0,0.688155,0.0,0.378887,0.178056,0.0,0.0,0.766737,0.402938,0.0,0.636748,0.0,0.0,0.0,0.522791,0.0,0.0,0.979637,0.20453,0.0,0.0,0.0,0.0
382,0.0,0.0,0.55766,1.208339,0.159887,0.351666,0.153275,0.910717,0.0,0.601321,0.511541,0.002308,0.0,0.583563,0.320101,0.432666,1.013168,0.920835,0.0,0.563623,1.343481,0.0,0.307675,0.789719,0.0,0.0,0.386388,0.0,0.535701,0.271731,0.0,0.0,1.059477,0.202032,0.0,0.626375,0.0,0.0,0.0,0.449327,0.0,0.03931,0.670103,0.400725,0.0,0.0,0.0,0.0
383,0.0,0.0,0.51984,1.270113,0.147777,0.455558,0.200822,0.921835,0.0,0.594592,0.523021,0.0,0.0,0.558699,0.215766,0.297124,1.025333,0.988267,0.0,0.602853,1.252026,0.0,0.243329,0.826165,0.0,0.0,0.411193,0.0,0.642694,0.179693,0.0,0.0,0.957267,0.397761,0.0,0.837779,0.0,0.0,0.0,0.48246,0.0,0.0,0.712359,0.36246,0.0,0.0,0.0,0.0
384,0.0,0.0,0.492106,1.27321,0.005265,0.474458,0.192892,0.931467,0.0,0.527476,0.398276,0.0,0.0,0.421317,0.0,0.130004,0.957301,1.020251,0.0,0.551434,0.986576,0.0,0.155766,0.76494,0.0,0.0,0.441169,0.0,0.522822,0.142229,0.0,0.0,0.890347,0.527092,0.0,1.0926,0.0,0.0,0.0,0.31065,0.0,0.0,0.746861,0.222065,0.0,0.0,0.0,0.0
385,0.0,0.0,0.592753,1.579412,0.196718,0.409036,0.411418,1.140184,0.0,0.890295,0.551475,0.0,0.0,0.378971,0.224584,0.229071,0.736733,1.022759,0.0,0.826246,1.157146,0.0,0.06631,1.024479,0.0,0.0,0.417426,0.0,0.463968,0.307947,0.0,0.0,0.909364,0.539257,0.167642,1.297741,0.0,0.0,0.0,0.347552,0.0,0.072402,0.72506,0.268968,0.0,0.0,0.0,0.0
386,0.0,0.0,0.258799,1.191877,0.0,0.457274,0.210827,0.781097,0.0,0.647991,0.456525,0.0,0.0,0.513111,0.0,0.104662,0.34131,0.696188,0.147598,0.279433,0.571278,0.0,0.059267,0.900891,0.0,0.0,0.58784,0.0,0.323176,0.229838,0.0,0.0,0.888404,0.600185,0.0,1.119989,0.076743,0.0,0.120858,0.214244,0.0,0.0,0.790597,0.292684,0.0,0.0,0.0,0.0
387,0.0,0.122178,0.0,0.964866,0.05913,0.533546,0.192232,0.467362,0.0,0.677896,0.441009,0.0,0.0,0.760123,0.0,0.311604,0.0,0.544445,0.444465,0.308609,0.31358,0.04426,0.0,0.768501,0.0,0.013699,0.650707,0.0,0.004778,0.290579,0.0,0.0,0.598077,0.773026,0.173555,1.097227,0.200394,0.0,0.445775,0.0,0.0,0.0,0.60031,0.17057,0.0,0.0,0.164403,0.0
388,0.0,0.129709,0.0,0.730637,0.0,0.56879,0.078234,0.5219,0.0,0.759538,0.390062,0.0,0.0,0.751946,0.0,0.266374,0.0,0.372276,0.513402,0.22601,0.0,0.13386,0.0,0.638761,0.0,0.191587,0.566733,0.079147,0.0,0.131209,0.0,0.0,0.471276,0.676187,0.17878,0.930714,0.294086,0.0,0.704826,0.0,0.0,0.0,0.451398,0.238073,0.0,0.0,0.235247,0.0
389,0.0,0.166804,0.0,0.490642,0.0,0.630337,0.074389,0.390208,0.0,0.720412,0.569379,0.0,0.0,1.176315,0.0,0.637864,0.0,0.410145,0.922108,0.278827,0.0,0.146804,0.021809,0.283351,0.0,0.507252,0.902241,0.0,0.0,0.081718,0.039829,0.0,0.0,0.895583,0.112275,0.883855,0.453754,0.0,0.925498,0.0,0.0,0.0,0.252121,0.235266,0.0,0.0,0.380064,0.0
390,0.0,0.112141,0.0,0.797905,0.0,0.69373,0.356505,0.443839,0.0,0.677221,0.261141,0.010961,0.0,1.084732,0.0,0.721775,0.0,0.32477,0.615718,0.16751,0.0,0.0,0.035713,0.582135,0.0,0.091974,0.676142,0.101278,0.0,0.008622,0.033506,0.0,0.0,0.921817,0.51496,0.853291,0.581152,0.0,0.850081,0.0,0.0,0.0,0.298898,0.115577,0.0,0.0,0.202764,0.0
391,0.0,0.0,0.0,0.555054,0.0,0.637301,0.27141,0.275637,0.0,0.791623,0.370467,0.0,0.0,1.203712,0.0,0.746976,0.0,0.289456,0.851823,0.133641,0.0,0.008332,0.0,0.553127,0.0,0.152671,0.821403,0.062304,0.0,0.176222,0.096512,0.0,0.0,0.936711,0.50221,0.730936,0.739807,0.0,1.066483,0.0,0.0,0.0,0.232391,0.248367,0.0,0.0,0.415007,0.0
392,0.0,0.0,0.0,0.794559,0.0,0.841201,0.396143,0.458741,0.0,0.850009,0.29593,0.057493,0.0,1.195063,0.0,0.95178,0.0,0.307587,0.710426,0.211939,0.0,0.0,0.0,0.742886,0.003535,0.0,0.663833,0.0,0.0,0.084408,0.117044,0.0,0.0,0.967145,0.744053,0.73069,0.823682,0.0,0.958943,0.0,0.0,0.0,0.200706,0.366861,0.0,0.0,0.211392,0.0
393,0.0,0.0,0.0,0.920243,0.0,0.97393,0.446333,0.46618,0.0,0.910739,0.324637,0.142922,0.0,1.191537,0.0,1.195549,0.0,0.386913,0.727885,0.235034,0.0,0.151351,0.0,0.869523,0.101814,0.0,0.627691,0.0,0.0,0.074212,0.151543,0.0,0.01931,1.119765,0.918563,0.786024,0.958061,0.0,1.022629,0.0,0.0,0.0,0.094382,0.564478,0.0,0.0,0.197679,0.0
394,0.0,0.014658,0.0,0.543108,0.0,0.984554,0.191605,0.592732,0.0,0.913396,0.350393,0.254664,0.0,1.263013,0.0,1.403522,0.0,0.348482,1.072226,0.498728,0.0,0.443604,0.0,0.646591,0.0,0.635902,0.828442,0.0,0.0,0.0,0.385607,0.0,0.0,1.282217,0.782228,1.133131,1.129078,0.0,1.251842,0.0,0.0,0.0,0.0,0.304671,0.0,0.0,0.533735,0.0
395,0.0,0.0,0.0,0.443435,0.0,0.894569,0.232358,0.401176,0.0,0.885328,0.218345,0.337698,0.0,1.110425,0.0,1.336933,0.0,0.157005,1.185401,0.41943,0.0,0.660689,0.0,0.798875,0.112114,0.631297,0.65305,0.0,0.0,0.0,0.485725,0.0,0.0,1.287607,0.914742,1.012916,1.242009,0.0,1.436527,0.0,0.0,0.0,0.0,0.373616,0.0,0.0,0.660873,0.0
396,0.0,0.081227,0.0,0.463475,0.0,0.751581,0.381018,0.248967,0.0,0.72003,0.007685,0.471187,0.0,1.038612,0.0,1.318581,0.0,0.0,1.300717,0.333451,0.0,0.881588,0.0,0.902319,0.206225,0.662308,0.553607,0.0,0.0,0.0,0.537957,0.0,0.0,1.383738,0.986743,0.918031,1.242643,0.0,1.462323,0.0,0.0,0.0,0.0,0.291666,0.0,0.0,0.723981,0.0
397,0.0,0.375179,0.0,0.495316,0.0,0.693036,0.444273,0.212998,0.0,0.542108,0.0,0.410437,0.0,0.801801,0.028081,1.378535,0.0,0.0,1.45926,0.48347,0.0,1.195331,0.0,0.959706,0.327073,0.909004,0.430932,0.145466,0.0,0.0,0.351855,0.0,0.0,1.354907,1.011399,0.808584,1.221761,0.0,1.352878,0.0,0.0,0.0,0.019443,0.268045,0.0,0.0,0.814286,0.0
398,0.0,0.417978,0.0,0.27385,0.0,0.639582,0.229785,0.173575,0.073798,0.403994,0.134168,0.251744,0.036906,0.87834,0.398416,1.286661,0.0,0.0,1.546651,0.449708,0.0,1.25532,0.006403,0.847346,0.375287,1.172252,0.557757,0.0,0.0,0.0,0.492077,0.0,0.0,1.37912,0.675412,0.641165,1.125261,0.0,1.422441,0.007306,0.0,0.0,0.091115,0.414851,0.0,0.0,0.752136,0.0
399,0.0,0.417296,0.0,0.317408,0.025405,0.497072,0.398344,0.229756,0.262498,0.263234,0.0,0.371957,0.102505,0.755144,0.253506,1.049768,0.074269,0.0,1.18625,0.369819,0.0,1.348942,0.0,0.904238,0.446668,1.044011,0.358943,0.0,0.0,0.0,0.338183,0.0,0.0,1.254183,0.812022,0.387327,0.939408,0.0,1.416202,0.010573,0.0,0.0,0.210583,0.332333,0.0,0.0,0.647562,0.0
400,0.0,0.603159,0.0,0.250409,0.0,0.369126,0.457503,0.032851,0.188995,0.191333,0.0,0.439533,0.25368,0.64746,0.287265,0.985796,0.099274,0.0,1.195009,0.423584,0.0,1.368532,0.0,0.882025,0.363301,1.015436,0.174047,0.171974,0.0,0.0,0.312028,0.0,0.0,1.237275,0.948347,0.435105,0.958221,0.0,1.271576,0.069179,0.0,0.090981,0.051739,0.221034,0.0,0.0,0.738602,0.018289
401,0.0,0.689411,0.0,0.368877,0.0,0.441471,0.295242,0.1809,0.17136,0.051022,0.0,0.338647,0.294399,0.502721,0.299191,1.16439,0.224026,0.051905,1.00466,0.649409,0.0,1.535101,0.0,0.818008,0.299058,1.294235,0.298222,0.002901,0.0,0.0,0.222376,0.0,0.0,1.18893,0.905922,0.359209,0.786024,0.0,1.175962,0.032815,0.0,0.16602,0.0,0.232942,0.0,0.0,0.464699,0.021307
402,0.0,0.647602,0.0,0.345383,0.368533,0.157065,0.320499,0.33754,0.179293,0.0,0.0,0.377701,0.123934,0.2986,0.21991,0.849977,0.36555,0.178336,0.720664,0.398345,0.0,1.128881,0.0,0.87017,0.247418,0.689494,0.153897,0.225149,0.0,0.0,0.216163,0.0,0.0,0.761431,0.825965,0.342381,0.620163,0.0,0.959974,0.0,0.0,0.043975,0.276615,0.449195,0.0,0.0,0.43982,0.0
403,0.0,0.700414,0.0,0.441801,0.103721,0.284955,0.417234,0.294318,0.10559,0.0,0.0,0.406927,0.247052,0.234714,0.005644,1.040988,0.25987,0.260044,0.649877,0.576833,0.0,1.233178,0.0,0.787205,0.170701,0.794603,0.100016,0.285372,0.0,0.0,0.068199,0.0,0.029698,0.88244,1.034805,0.432309,0.567586,0.0,0.83353,0.0,0.0,0.087528,0.018012,0.244073,0.0,0.0,0.358433,0.0
404,0.0,0.70054,0.0,0.350118,0.0,0.510343,0.308352,0.235174,0.055543,0.102621,0.0,0.505424,0.218005,0.47954,0.048658,0.979634,0.22187,0.174323,0.663972,0.680242,0.0,1.225144,0.0,0.55513,0.159459,1.065551,0.163603,0.20707,0.0,0.0,0.146802,0.0,0.0,1.055451,0.972882,0.496869,0.61146,0.0,0.85468,0.0,0.0,0.242642,0.0,0.069473,0.0,0.0,0.356338,0.229823
405,0.0,0.535014,0.0,0.249927,0.197018,0.334581,0.309216,0.055252,0.145527,0.062906,0.0,0.460687,0.028116,0.446982,0.155035,0.690024,0.083908,0.056122,0.521983,0.359131,0.0,0.885223,0.0,0.520636,0.18266,0.575322,0.074165,0.252353,0.0,0.0,0.182782,0.0,0.0,0.852463,0.926633,0.437957,0.626301,0.0,0.868917,0.062147,0.0,0.034978,0.0,0.133571,0.0,0.0,0.571195,0.140451
406,0.0,0.479988,0.0,0.095518,0.453378,0.211133,0.243529,0.093166,0.20604,0.132405,0.0,0.470369,0.0,0.405588,0.377225,0.36392,0.056313,0.0,0.320712,0.175489,0.051068,0.706954,0.0,0.557749,0.31343,0.349782,0.0,0.218108,0.0,0.0,0.161934,0.0,0.125888,0.660571,0.710784,0.15956,0.538385,0.0,0.878546,0.175815,0.0,0.068676,0.30906,0.346434,0.0,0.0,0.57488,0.0
407,0.0,0.79985,0.0,0.0,0.466217,0.416637,0.0,0.0,0.169488,0.0,0.0,0.448479,0.0,0.312485,0.548049,0.383243,0.09514,0.0,0.723119,0.249441,0.150527,0.772363,0.0,0.659298,0.290604,0.693205,0.233959,0.218809,0.0,0.0,0.146263,0.0,0.0,0.739922,0.419928,0.322126,0.33925,0.0,0.886575,0.230604,0.0,0.148924,0.587462,0.281941,0.0,0.0,0.545541,0.0
408,0.0,0.812388,0.0,0.023188,0.170175,0.513629,0.0,0.0,0.232914,0.0,0.185833,0.314788,0.118945,0.47254,0.731647,0.533216,0.30461,0.0,0.897829,0.370962,0.0,1.134937,0.0,0.544025,0.212255,1.374701,0.33751,0.095667,0.019503,0.0,0.314384,0.0,0.0,0.954491,0.203727,0.209798,0.343663,0.0,1.128091,0.381788,0.0,0.307357,0.353634,0.228567,0.0,0.0,0.613887,0.149493
409,0.0,0.911519,0.0,0.0,0.430543,0.378497,0.0,0.0,0.156525,0.0,0.0,0.493372,0.0,0.265216,0.624456,0.419839,0.471914,0.0,0.795492,0.256596,0.0,1.236298,0.0,0.64949,0.268536,1.246417,0.156921,0.364459,0.0,0.0,0.232584,0.0,0.0,0.601803,0.358138,0.055599,0.251561,0.0,1.119895,0.175818,0.0,0.224763,0.566171,0.278615,0.0,0.0,0.503038,0.118971
410,0.0,0.800936,0.0,0.0,0.517618,0.31758,0.255111,0.0,0.16575,0.15002,0.0,0.735108,0.0,0.420984,0.444275,0.485597,0.572847,0.026769,0.905699,0.259005,0.0,1.197854,0.0,0.587797,0.344501,1.232335,0.0,0.474759,0.0,0.0,0.398164,0.0,0.0,0.67591,0.743016,0.029364,0.4956,0.0,1.389293,0.090741,0.0,0.2244,0.393205,0.225032,0.0,0.0,0.642036,0.187017
411,0.0,0.873284,0.0,0.0,0.346941,0.30607,0.534273,0.0,0.0,0.135303,0.0,0.918951,0.0,0.60968,0.239349,0.914509,0.696449,0.265587,0.755129,0.363238,0.0,1.290752,0.0,0.542827,0.414969,1.176719,0.0,0.448889,0.0,0.0,0.522622,0.0,0.0,0.83262,1.097323,0.049465,0.59376,0.0,1.332325,0.026967,0.0,0.317384,0.064607,0.130334,0.0,0.0,0.52451,0.411372
412,0.0,0.942227,0.0,0.0,0.401662,0.182244,0.500916,0.057627,0.0,0.040795,0.0,0.880984,0.123124,0.377478,0.253481,0.971698,0.818953,0.350284,0.760172,0.566719,0.0,1.189658,0.0,0.498235,0.323361,1.334893,0.0,0.527056,0.0,0.0,0.424461,0.0,0.0,0.696775,1.009633,0.0,0.470793,0.0,1.126448,0.0,0.0,0.42251,0.188653,0.168448,0.0,0.0,0.361648,0.295475
413,0.0,0.947504,0.0,0.090077,0.261475,0.081054,0.445563,0.239289,0.0,0.0,0.0,0.86314,0.024267,0.23525,0.24648,1.195576,0.723997,0.422414,0.598722,0.850691,0.038724,1.290953,0.0,0.594742,0.319376,1.282835,0.0,0.521251,0.0,0.0,0.34276,0.0,0.056794,0.621176,0.99681,0.126036,0.377872,0.0,0.888952,0.0,0.0,0.562578,0.0,0.195788,0.0,0.0,0.255023,0.310681
414,0.0,0.763772,0.0,0.232344,0.385722,0.0,0.630325,0.267962,0.0,0.0,0.0,0.678687,0.0,0.296024,0.203253,1.150431,0.810209,0.608343,0.387874,0.675237,0.040128,1.232043,0.056147,0.541811,0.177755,0.915233,0.0,0.390228,0.101585,0.0,0.068111,0.0,0.170279,0.59046,0.946376,0.015886,0.280881,0.0,0.991332,0.0,0.0,0.408093,0.004386,0.228199,0.0,0.0,0.217801,0.230886
415,0.0,0.632395,0.0,0.311869,0.36216,0.01434,0.463668,0.397852,0.0,0.040206,0.0,0.73903,0.0,0.225084,0.141883,1.090079,0.499908,0.566794,0.349111,0.491089,0.132054,0.914598,0.006885,0.605243,0.23362,0.723838,0.080838,0.336076,0.0,0.0,0.282536,0.0,0.169298,0.502339,0.880379,0.315544,0.352194,0.0,0.854044,0.0,0.0,0.338083,0.043059,0.272303,0.0,0.0,0.324103,0.0
416,0.0,0.471907,0.0,0.403544,0.167974,0.239805,0.38441,0.370924,0.0,0.111683,0.0,0.596121,0.006121,0.281916,0.038304,0.985719,0.236403,0.513206,0.32788,0.46217,0.11333,0.767124,0.048233,0.575544,0.15888,0.672012,0.123003,0.232006,0.0,0.0,0.234161,0.0,0.09579,0.633374,0.902322,0.504174,0.43437,0.0,0.716264,0.0,0.0,0.232444,0.0,0.077209,0.0,0.0,0.38029,0.069522
417,0.0,0.556356,0.0,0.409102,0.208318,0.348832,0.203021,0.336543,0.014615,0.036047,0.0,0.31064,0.259518,0.149206,0.107394,0.718193,0.200846,0.514442,0.432578,0.331191,0.292249,0.581783,0.193205,0.545974,0.0,0.672507,0.319466,0.17665,0.0,0.0,0.10612,0.0,0.0,0.487055,0.390742,0.455004,0.33027,0.0,0.564568,0.0,0.0,0.108388,0.127363,0.118351,0.0,0.0,0.45533,0.030643
418,0.0,0.128598,0.0,0.563422,0.375335,0.485256,0.095141,0.210311,0.100617,0.0,0.084153,0.218576,0.0,0.639932,0.275445,0.540075,0.148321,0.294962,0.305054,0.05661,0.553997,0.372165,0.097578,0.594649,0.0,0.304759,0.569881,0.0,0.062907,0.0,0.100593,0.0,0.144606,0.567279,0.198109,0.511839,0.378624,0.0,0.613663,0.128676,0.0,0.0,0.202841,0.091444,0.0,0.0,0.430895,0.0
419,0.0,0.084698,0.0,0.820367,0.224825,0.690026,0.151255,0.323421,0.0,0.115974,0.045349,0.389259,0.0,0.480199,0.247398,0.452801,0.069172,0.48923,0.009044,0.0,0.579693,0.368971,0.239801,0.577524,0.0,0.0,0.408007,0.0,0.231104,0.0,0.0,0.0,0.562326,0.306818,0.297403,0.374667,0.268707,0.0,0.375849,0.202263,0.0,0.0,0.310197,0.276327,0.0,0.0,0.265865,0.0
420,0.0,0.129693,0.0,0.968732,0.408863,0.792805,0.0,0.173427,0.0,0.280328,0.370494,0.536248,0.0,0.712451,0.531633,0.585525,0.273226,0.533919,0.0,0.047458,1.139898,0.359215,0.159896,1.061065,0.0,0.0,0.964037,0.0,0.390955,0.0,0.0,0.0,0.803714,0.37003,0.168389,0.475362,0.223766,0.0,0.378482,0.255205,0.0,0.0,0.53663,0.27585,0.0,0.0,0.005035,0.0
421,0.0,0.265058,0.0,1.149809,0.498874,0.959138,0.0,0.136699,0.0,0.348886,0.323965,0.79173,0.0,0.697373,0.692388,0.473703,0.257721,0.609113,0.042245,0.038519,1.362034,0.321575,0.14443,1.235758,0.0,0.0,1.065112,0.0,0.478369,0.0,0.0,0.0,0.869171,0.320158,0.244785,0.466244,0.169128,0.0,0.393837,0.309532,0.0,0.0,0.788241,0.195158,0.0,0.0,0.0,0.0
422,0.0,0.472651,0.0,1.226702,0.542622,0.902985,0.0,0.017226,0.0,0.215324,0.191103,0.863814,0.0,0.691069,0.648995,0.331764,0.320395,0.51713,0.297756,0.0,1.268341,0.426707,0.0,1.140855,0.0,0.00856,1.242958,0.0,0.317759,0.0,0.0,0.0,0.839509,0.269311,0.003153,0.62523,0.069349,0.0,0.480371,0.209804,0.0,0.0,0.857255,0.064476,0.0,0.0,0.0,0.0
423,0.0,0.464774,0.0,1.207841,0.561095,0.905662,0.0,0.0,0.0,0.151061,0.25831,0.787904,0.0,0.806632,0.613495,0.351662,0.272238,0.546219,0.367582,0.0,1.115659,0.612145,0.0,0.986263,0.0,0.196766,1.18854,0.0,0.298711,0.0,0.0,0.0,0.841091,0.193649,0.0,0.461376,0.023194,0.0,0.567549,0.226609,0.0,0.0,0.718729,0.0,0.0,0.0,0.0,0.0
424,0.0,0.509674,0.0,1.211875,0.520671,0.764076,0.0,0.05105,0.0,0.051388,0.176732,0.783524,0.0,0.482871,0.490752,0.287653,0.203653,0.730693,0.339561,0.0,0.82625,0.6703,0.0,0.696937,0.0,0.297674,1.029209,0.0,0.221583,0.0,0.0,0.0,0.911722,0.0,0.0,0.325327,0.0,0.0,0.531648,0.263203,0.0,0.0,0.616882,0.01632,0.009568,0.0,0.0,0.069339
425,0.0,0.556387,0.003364,1.101866,0.370791,0.488756,0.018967,0.196207,0.02344,0.0,0.0,0.625849,0.0,0.215099,0.328106,0.118351,0.374812,0.596116,0.117963,0.0,0.774864,0.506826,0.22681,0.446917,0.0,0.233314,0.697164,0.0,0.4119,0.03446,0.0,0.0,0.821231,0.0,0.0,0.20334,0.0,0.0,0.443948,0.298775,0.0,0.0,0.543111,0.0,0.0,0.0,0.0,0.117664
426,0.0,0.546867,0.348946,0.942091,0.291346,0.115669,0.25552,0.44936,0.0,0.142153,0.0,0.54129,0.080845,0.142335,0.500811,0.14937,0.624395,0.47383,0.0,0.0,1.162897,0.290206,0.553617,0.297921,0.0,0.148378,0.498343,0.0,0.597783,0.127376,0.0,0.0,0.85867,0.0,0.0,0.053039,0.0,0.0,0.20826,0.253802,0.0,0.0,0.495551,0.0,0.023935,0.0,0.052904,0.0
427,0.0,0.522964,0.513322,0.821797,0.380585,0.074144,0.107977,0.604006,0.0,0.110621,0.0,0.642832,0.154985,0.0,0.663913,0.0,0.788367,0.578298,0.0,0.183515,1.447505,0.334862,0.557624,0.407054,0.0,0.307514,0.509217,0.0,0.445712,0.106251,0.0,0.0,0.86403,0.007432,0.0,0.145559,0.0,0.0,0.065312,0.367763,0.0,0.175798,0.624962,0.0,0.021727,0.0,0.0,0.0
428,0.0,0.441687,0.735263,0.850256,0.556493,0.067431,0.061101,0.809083,0.0,0.190625,0.0,0.873324,0.008716,0.0,0.813461,0.0,0.930365,0.75329,0.0,0.447744,1.838412,0.336645,0.498957,0.532288,0.0,0.377746,0.629703,0.0,0.424428,0.262993,0.0,0.0,1.036395,0.035348,0.0,0.067836,0.0,0.0,0.0,0.407442,0.0,0.502036,0.764063,0.213819,0.048842,0.0,0.0,0.0
429,0.0,0.332946,0.814502,1.040033,0.630545,0.0,0.271052,1.050279,0.0,0.252469,0.0,0.895791,0.013883,0.0,0.802076,0.0,1.100977,1.094616,0.0,0.599581,2.043402,0.255588,0.452372,0.684222,0.0,0.277913,0.449556,0.0,0.580388,0.450953,0.0,0.0,1.200709,0.0,0.0,0.003349,0.0,0.0,0.0,0.513853,0.0,0.8646,0.79284,0.256964,0.134425,0.0,0.0,0.0
430,0.0,0.189823,0.818857,1.165415,0.542863,0.0,0.423763,1.149714,0.0,0.42342,0.0,0.839744,0.024345,0.0,0.57491,0.0,1.261816,1.256751,0.0,0.544737,2.075362,0.111465,0.459193,0.650876,0.0,0.256286,0.340545,0.0,0.670924,0.427327,0.0,0.0,1.412934,0.0,0.0,0.318106,0.0,0.0,0.0,0.524949,0.0,0.645378,0.654124,0.213409,0.197494,0.0,0.0,0.0
431,0.0,0.054931,0.983314,1.378774,0.493509,0.0,0.656048,1.242961,0.0,0.488303,0.0,0.865611,0.0,0.0,0.721828,0.0,1.408941,1.252146,0.0,0.723408,2.349965,0.117832,0.592098,0.673538,0.0,0.0,0.462221,0.0,0.868146,0.720424,0.0,0.0,1.646147,0.0,0.0,0.256352,0.0,0.0,0.0,0.557918,0.0,0.828547,0.549679,0.242101,0.176598,0.0,0.0,0.0
432,0.0,0.141506,0.920166,1.153394,0.471209,0.0,0.374665,1.188129,0.0,0.470965,0.0,0.841974,0.0,0.0,0.627529,0.0,1.328448,1.207291,0.0,0.669777,2.058968,0.212138,0.324266,0.634464,0.0,0.250415,0.528498,0.0,0.649694,0.457212,0.0,0.0,1.383078,0.0,0.0,0.350573,0.0,0.0,0.0,0.45224,0.0,0.745263,0.673457,0.096568,0.089185,0.0,0.0,0.0
433,0.0,0.09844,0.863175,1.235127,0.492159,0.0,0.384589,0.963307,0.0,0.341851,0.0,0.956325,0.0,0.0,0.654219,0.059355,1.345793,0.969976,0.0,0.665686,2.035999,0.248205,0.234695,0.63869,0.0,0.096317,0.859826,0.0,0.814827,0.622233,0.0,0.0,1.281243,0.035512,0.0,0.231038,0.0,0.0,0.0,0.453625,0.0,0.760684,0.639948,0.087381,0.049402,0.0,0.0,0.0
434,0.0,0.277234,0.81339,1.144443,0.421563,0.0,0.45587,1.06841,0.0,0.415106,0.0,0.946022,0.0,0.0,0.539351,0.0,1.153746,0.928794,0.0,0.369914,1.814446,0.013008,0.429774,0.307768,0.0,0.215465,0.677866,0.0,0.575729,0.251707,0.0,0.0,1.031725,0.0,0.0,0.318555,0.0,0.0,0.016758,0.39297,0.0,0.323633,0.706366,0.0,0.07473,0.0,0.0,0.0
435,0.0,0.344696,0.522939,0.869881,0.3479,0.0,0.366697,1.040883,0.0,0.416866,0.0,0.984709,0.0,0.0,0.498407,0.048109,1.012637,0.911734,0.0,0.20983,1.507908,0.14389,0.595876,0.067239,0.0,0.363413,0.405927,0.0,0.336448,0.024868,0.0,0.0,0.929219,0.0,0.0,0.082657,0.0,0.0,0.067069,0.19281,0.0,0.213692,0.683472,0.032295,0.072116,0.0,0.0,0.0
436,0.0,0.336242,0.492105,0.814845,0.38333,0.0,0.483428,0.854235,0.0,0.372412,0.0,0.970706,0.0,0.0,0.498679,0.310843,1.122216,0.94184,0.0,0.369327,1.402805,0.233432,0.571345,0.0,0.0,0.30437,0.402267,0.0,0.51932,0.124033,0.0,0.0,0.942769,0.0,0.036951,0.0,0.0,0.0,0.088648,0.203455,0.0,0.408877,0.405536,0.0563,0.0,0.0,0.0,0.030386
437,0.0,0.467575,0.429815,0.749909,0.296452,0.0,0.404475,0.821344,0.0,0.28657,0.0,0.922979,0.140098,0.0,0.398053,0.408475,1.105804,0.8958,0.060565,0.555389,1.23761,0.333889,0.500607,0.0,0.0,0.578175,0.389806,0.0,0.38793,0.0,0.0,0.0,0.74693,0.0,0.242635,0.0,0.0,0.0,0.0,0.116033,0.0,0.416109,0.245521,0.003419,0.0,0.0,0.0,0.134986
438,0.0,0.32968,0.445892,0.717938,0.429258,0.0,0.541096,0.729716,0.0,0.265019,0.0,0.845657,0.0,0.058766,0.483879,0.498503,1.244695,0.911584,0.0,0.649593,1.268815,0.402783,0.510245,0.0,0.0,0.473238,0.380364,0.009153,0.650878,0.026166,0.0,0.0,0.83212,0.0,0.24451,0.0,0.0,0.0,0.246683,0.037938,0.0,0.554488,0.150063,0.149058,0.0,0.0,0.0,0.164804
439,0.0,0.305569,0.381545,0.682118,0.47484,0.0,0.351717,0.892892,0.0,0.330309,0.0,0.94741,0.0,0.0,0.467681,0.46185,0.874545,0.7618,0.0,0.624486,1.202758,0.288061,0.38021,0.155331,0.0,0.418466,0.364787,0.078631,0.33157,0.0,0.0,0.0,0.680398,0.0,0.326404,0.006888,0.0,0.0,0.167382,0.0,0.0,0.557217,0.334878,0.205538,0.0,0.0,0.0,0.0
440,0.0,0.305565,0.217074,0.693012,0.595153,0.0,0.389572,0.863185,0.0,0.458819,0.0,0.844434,0.0,0.0,0.311226,0.395322,0.65404,0.678825,0.0,0.440391,0.965759,0.035534,0.288911,0.285739,0.0,0.248304,0.225831,0.317495,0.211567,0.030002,0.0,0.0,0.562104,0.0,0.527919,0.312686,0.018824,0.0,0.282563,0.0,0.0,0.367479,0.472813,0.166791,0.0,0.0,0.057989,0.0
441,0.0,0.451368,0.172907,0.576168,0.412733,0.176495,0.201848,0.617445,0.0,0.324835,0.0,0.802237,0.0,0.150581,0.092177,0.675895,0.431199,0.626846,0.0,0.61585,0.713826,0.499957,0.0,0.414832,0.128181,0.419171,0.190542,0.301628,0.0,0.189351,0.0,0.0,0.484609,0.2472,0.711186,0.377867,0.100604,0.0,0.221884,0.034699,0.0,0.486171,0.136266,0.194759,0.0,0.0,0.072437,0.0
442,0.0,0.309802,0.0,0.371619,0.473739,0.306414,0.022187,0.249793,0.0,0.355343,0.0,0.463467,0.0,0.504878,0.12816,0.707513,0.350203,0.442176,0.0,0.439006,0.622718,0.456883,0.0,0.355603,0.175189,0.379966,0.203183,0.121905,0.008063,0.193843,0.0,0.0,0.433942,0.534395,0.747156,0.328291,0.295289,0.0,0.44859,0.075257,0.0,0.205251,0.118783,0.307347,0.0,0.0,0.198918,0.0
443,0.0,0.266585,0.0,0.258057,0.527257,0.351551,0.085156,0.158106,0.016154,0.380526,0.024944,0.243228,0.0,0.930754,0.199394,0.529005,0.389289,0.194245,0.12143,0.308174,0.315037,0.325399,0.0,0.282165,0.269463,0.385495,0.075354,0.199138,0.092689,0.281646,0.0,0.0,0.193449,0.738745,0.669611,0.232781,0.510844,0.0,0.688443,0.083344,0.0,0.0,0.207717,0.304439,0.0,0.0,0.469525,0.0
444,0.0,0.317346,0.0,0.108918,0.49986,0.405865,0.027956,0.12091,0.001196,0.365793,0.269588,0.0,0.0,1.010448,0.357489,0.621948,0.381775,0.17162,0.268843,0.280454,0.135611,0.243244,0.0,0.505994,0.335646,0.418437,0.072196,0.272285,0.037314,0.051806,0.0,0.0,0.0,0.858431,0.456657,0.334031,0.548118,0.0,0.737487,0.134473,0.0,0.0,0.473198,0.449813,0.0,0.0,0.589791,0.0
445,0.0,0.447519,0.0,0.126697,0.356612,0.427153,0.076663,0.174385,0.0,0.408592,0.356428,0.0,0.0,1.054609,0.303971,0.859089,0.343798,0.227751,0.395851,0.425027,0.0,0.360093,0.0,0.580369,0.385841,0.591249,0.0,0.461398,0.032876,0.01244,0.0,0.0,0.0,0.976169,0.48836,0.547118,0.674318,0.0,0.802754,0.097752,0.0,0.0,0.370636,0.507082,0.0,0.0,0.771782,0.0
446,0.0,0.367491,0.0,0.369896,0.332296,0.452066,0.355777,0.347094,0.0,0.620039,0.095813,0.159049,0.0,1.158233,0.151218,1.034994,0.321109,0.324703,0.359515,0.586483,0.0,0.517396,0.0,0.665699,0.443493,0.549423,0.0,0.525594,0.060346,0.12703,0.0,0.0,0.031977,1.104568,0.852375,0.61993,0.898161,0.0,0.85145,0.076614,0.0,0.0,0.240711,0.518194,0.0,0.0,0.837463,0.0
447,0.0,0.350201,0.0,0.253745,0.054961,0.697511,0.102401,0.018457,0.0,0.631942,0.450721,0.114019,0.0,1.272446,0.025383,1.453514,0.279701,0.494751,0.632275,0.568478,0.0,0.690453,0.0,0.730356,0.239105,0.705714,0.148295,0.31256,0.113443,0.043224,0.0,0.0,0.060603,1.458138,0.873784,0.728529,0.897738,0.0,1.009876,0.1394,0.0,0.0,0.079847,0.603274,0.0,0.0,0.775127,0.0
448,0.0,0.16585,0.0,0.492263,0.247963,0.811387,0.095323,0.270552,0.0,0.747362,0.559823,0.039513,0.0,1.268072,0.080335,1.638162,0.26227,0.567705,0.394185,0.858084,0.0,0.617379,0.0,0.994674,0.366791,0.427541,0.061215,0.0,0.186754,0.0,0.0,0.0,0.255428,1.505236,1.047359,0.816659,0.689311,0.0,0.918094,0.152698,0.0,0.0,0.047901,0.818632,0.0,0.0,0.474156,0.0
449,0.0,0.20033,0.0,0.798697,0.476101,0.578305,0.579238,0.81171,0.0,0.720031,0.410425,0.0,0.0,1.299667,0.07922,1.471365,0.407622,0.667929,0.0,0.907551,0.0,0.199296,0.0,1.297324,0.370357,0.0,0.0,0.202572,0.258097,0.0,0.0,0.0,0.368282,1.399338,1.062133,1.040524,0.642626,0.0,0.681336,0.0,0.0,0.0,0.352469,0.707723,0.0,0.0,0.418073,0.0
