time_index,z0,z1,z2,z3,z4,z5,z6,z7,z8,z9,z10,z11,z12,z13,z14,z15,z16,z17,z18,z19,z20,z21,z22,z23,z24,z25,z26,z27,z28,z29,z30,z31,z32,z33,z34,z35,z36,z37,z38,z39,z40,z41,z42,z43,z44,z45,z46,z47
0,0.0,0.0,0.155236,0.0,1.856123,0.0,3.735913,0.0,3.576978,0.0,3.353378,2.246462,0.0,0.0,0.142378,0.0,0.0,1.550144,0.0,0.0,0.0,0.0,0.92376,0.0,0.0,0.0,0.0,0.0,0.0,0.662096,0.123076,2.43773,0.498653,0.0,1.853405,1.603278,0.85761,0.0,0.0,0.580908,0.0,0.0,0.0,0.0,0.087794,0.0,0.09352,0.0
1,0.0,0.0,0.481984,0.0,1.826086,0.0,3.487844,0.0,3.358651,0.0,3.275382,1.891959,0.0,0.0,0.001931,0.0,0.0,1.683932,0.0,0.0,0.0,0.0,0.918947,0.0,0.0,0.0,0.0,0.0,0.0,0.42231,0.213107,2.423332,0.540877,0.0,1.901018,1.645496,0.963433,0.0,0.0,0.592382,0.0,0.0,0.0,0.0,0.216326,0.00243,0.37769,0.0
2,2.839605,0.0,0.0,0.83683,0.0,0.0,0.970603,2.222859,6.165035,0.0,2.946988,0.0,1.476599,0.0,0.81559,0.0,0.0,2.637169,0.0,2.50327,0.0,0.0,4.906776,0.0,0.0,0.0,0.0,0.0,0.0,0.309217,1.25346,0.968908,1.281986,0.0,5.114112,0.398034,2.320467,0.892573,0.0,0.165539,0.037994,0.0,0.0,0.0,4.214677,2.629238,2.301155,0.0
3,0.0,0.0,0.258081,0.0,1.691416,0.0,2.80559,0.0,2.676654,0.0,2.571114,1.396885,0.0,0.0,0.0,0.0,0.0,1.453713,0.0,0.0,0.0,0.0,0.82459,0.0,0.0,0.017415,0.0,0.0,0.0,0.01523,0.154769,1.730043,0.505741,0.0,1.222067,1.399853,0.508774,0.0,0.0,0.654246,0.0,0.0,0.0,0.0,0.279306,0.166601,0.0,0.0
4,0.0,0.0,0.196802,0.0,1.57308,0.0,2.389863,0.0,2.398439,0.0,2.251495,0.931947,0.0,0.0,0.0,0.0,0.0,1.327312,0.0,0.0,0.0,0.0,0.71553,0.0,0.0,0.0,0.0,0.0,0.0,0.0,0.115571,1.389426,0.368937,0.0,0.821002,1.272124,0.166243,0.0,0.0,0.578084,0.0,0.0,0.0,0.0,0.051023,0.33219,0.0,0.0
5,0.0,0.0,0.201951,0.0,1.264915,0.0,2.141994,0.0,2.050073,0.0,1.724299,0.727735,0.0,0.0,0.171507,0.0,0.0,1.29324,0.0,0.0,0.0,0.0,0.620865,0.0,0.0,0.123442,0.0,0.0,0.0,0.026327,0.11494,0.853852,0.355365,0.0,0.346006,1.021102,0.0,0.0,0.0,0.401896,0.0,0.0,0.0,0.0,0.054668,0.294613,0.0,0.0
6,0.0,0.0,0.01454,0.0,0.724743,0.0,1.626904,0.0,1.874701,0.0,1.164126,0.379619,0.0,0.0,0.278651,0.09227,0.0,1.320335,0.0,0.0,0.0,0.0,0.782355,0.0,0.0,0.172395,0.0,0.0,0.0,0.279424,0.049981,0.204376,0.408596,0.0,0.252258,0.619167,0.0,0.0,0.0,0.413719,0.0,0.057242,0.0,0.0,0.07699,0.240397,0.0,0.0
7,0.0,0.0,0.20498,0.0,0.801552,0.0,1.453647,0.0,1.612905,0.0,0.923292,0.430655,0.0,0.0,0.386598,0.242892,0.0,1.16844,0.0,0.0,0.0,0.0,0.456984,0.0,0.0,0.010369,0.0,0.0,0.0,0.579711,0.0,0.252947,0.133354,0.0,0.43258,0.433478,0.0,0.0,0.0,0.432313,0.0,0.19369,0.0,0.0,0.0,0.247448,0.0,0.0
8,0.0,0.0,0.13284,0.0,0.701469,0.0,1.340173,0.0,1.368428,0.0,0.720914,0.660754,0.0,0.0,1.048623,0.221133,0.0,1.168531,0.0,0.0,0.0,0.082557,0.488134,0.0,0.0,0.330236,0.0,0.0,0.0,0.604062,0.0,0.0,0.085438,0.0,0.604491,0.07852,0.0,0.0,0.0,0.800381,0.0,0.058503,0.0,0.0,0.0,0.110999,0.111866,0.0
9,0.0,0.0,0.00964,0.0,0.541832,0.0,1.123015,0.0,1.027791,0.0,0.406795,0.474574,0.0,0.0,1.037646,0.226501,0.0,1.097139,0.0,0.0,0.0,0.345871,0.342859,0.0,0.0,0.200412,0.0,0.0,0.0,0.885409,0.0,0.0,0.198065,0.0,0.904884,0.0,0.0,0.0,0.0,0.847491,0.046855,0.009328,0.0,0.0,0.12267,0.168359,0.440191,0.0
10,0.0,0.0,0.0,0.0,0.344553,0.0,1.178677,0.0,0.954076,0.0,0.162454,0.695602,0.01651,0.0,1.30383,0.211615,0.0,1.187961,0.0,0.0,0.0,0.516602,0.294077,0.0,0.0,0.177054,0.0,0.0,0.0,1.238296,0.0,0.0,0.152953,0.0,1.055697,0.0,0.0,0.0,0.0,0.853244,0.206557,0.0,0.0,0.0,0.183246,0.076571,0.65728,0.0
11,0.0,0.0,0.115128,0.0,0.588101,0.0,1.216396,0.0,1.062005,0.0,0.124553,0.766633,0.0,0.0,1.488826,0.163024,0.0,1.209097,0.0,0.0,0.0,0.545786,0.448685,0.0,0.0,0.364243,0.0,0.0,0.0,1.523883,0.0,0.0,0.514946,0.0,1.181185,0.0,0.0,0.0,0.0,1.187188,0.078082,0.0,0.0,0.0,0.186919,0.01546,0.649168,0.0
12,0.0,0.0,0.119667,0.0,0.735661,0.0,1.199688,0.0,1.07297,0.0,0.128466,0.893275,0.0,0.0,1.511663,0.130514,0.0,1.269452,0.0,0.0,0.0,0.607721,0.577227,0.0,0.0,0.453586,0.0,0.0,0.0,1.712554,0.0,0.0,0.830667,0.0,1.241757,0.0,0.0,0.13267,0.0,1.426728,0.074741,0.0,0.0,0.0,0.196205,0.0,0.591896,0.0
13,0.0,0.0,0.210112,0.0,0.943631,0.0,1.158488,0.0,0.870499,0.0,0.137743,0.699749,0.0,0.0,1.192598,0.154293,0.0,1.430087,0.0,0.0,0.0,0.781538,0.494406,0.0,0.0,0.284314,0.113063,0.0,0.0,1.660508,0.0,0.0,0.842052,0.0,1.397375,0.0,0.0,0.107233,0.0,1.384652,0.0,0.074499,0.0,0.0,0.301647,0.010284,0.768552,0.0
14,0.0,0.0,0.0,0.0,0.733284,0.0,1.025119,0.0,0.723427,0.0,0.0,0.590813,0.0,0.0,1.325674,0.005446,0.0,1.298691,0.0,0.0,0.0,1.060215,0.507672,0.0,0.0,0.241024,0.010216,0.0,0.0,1.928695,0.0,0.0,1.169065,0.0,1.290268,0.0,0.0,0.262019,0.0,1.303972,0.265414,0.0,0.0,0.0,0.432602,0.0,0.71027,0.0
15,0.0,0.0,0.0,0.0,0.817783,0.0,1.014324,0.0,0.735817,0.0,0.0,0.61604,0.0,0.0,1.342705,0.0,0.0,1.094536,0.0,0.0,0.252773,1.079092,0.713784,0.0,0.0,0.313184,0.150741,0.0,0.0,1.949764,0.0,0.0,1.520152,0.0,1.119987,0.0,0.119835,0.427427,0.0,1.289237,0.366884,0.0,0.0,0.0,0.410684,0.0,0.6356,0.0
16,0.0,0.0,0.0,0.0,0.696963,0.0,0.847112,0.0,0.734658,0.0,0.0,0.504982,0.0,0.0,1.354609,0.0,0.0,0.818374,0.0,0.0,0.420885,1.101855,0.78544,0.0,0.0,0.21534,0.118078,0.0,0.0,2.044085,0.0,0.0,1.827658,0.0,1.00477,0.0,0.391492,0.569113,0.0,1.142627,0.423807,0.0,0.0,0.0,0.595364,0.0,0.760969,0.0
17,0.0,0.0,0.0,0.0,0.901586,0.0,0.973653,0.0,0.597252,0.0,0.0,0.451343,0.0,0.0,0.954283,0.0,0.0,0.874923,0.0,0.0,0.354432,0.993875,0.722951,0.0,0.008218,0.208009,0.41652,0.0,0.0,1.883046,0.0,0.0,1.884384,0.0,0.964624,0.0,0.51759,0.724502,0.0,1.021366,0.17505,0.0,0.0,0.0,0.508491,0.0,0.625621,0.0
18,0.336212,0.0,0.0,0.0,0.596864,0.0,0.639443,0.0,0.480096,0.0,0.0,0.329273,0.0,0.0,0.802635,0.0,0.0,0.69994,0.0,0.0,0.260682,0.864733,0.561933,0.0,0.013756,0.021644,0.269027,0.0,0.0,1.734952,0.0,0.0,1.92252,0.0,0.94553,0.0,0.625675,0.707615,0.0,0.929265,0.157754,0.0,0.0,0.0,0.652012,0.0,0.688085,0.0
19,0.322361,0.0,0.0,0.0,0.463827,0.0,0.557187,0.0,0.439389,0.0,0.015933,0.378566,0.0,0.0,0.75201,0.0,0.0,0.480108,0.0,0.0,0.145146,0.569008,0.493396,0.0,0.020498,0.0,0.265348,0.0,0.0,1.383682,0.0,0.0,1.686763,0.0,0.793216,0.0,0.737024,0.698914,0.0,0.76141,0.167131,0.0,0.0,0.0,0.449892,0.0,0.656671,0.0
20,0.279816,0.0,0.0,0.0,0.294931,0.0,0.545936,0.0,0.367419,0.0,0.146863,0.412942,0.0,0.0,0.470536,0.0,0.0,0.42583,0.0,0.0,0.0,0.360032,0.228245,0.0,0.033016,0.0,0.240924,0.0,0.0,1.042058,0.0,0.0,1.250945,0.0,0.668617,0.0,0.767849,0.603014,0.0,0.395035,0.077352,0.0,0.0,0.0,0.359318,0.0,0.538958,0.0
21,0.19341,0.0,0.0,0.039369,0.152379,0.0,0.43114,0.0,0.297346,0.069864,0.121316,0.363522,0.0,0.0,0.212174,0.0,0.0,0.515933,0.0,0.0,0.0,0.301918,0.0,0.0,0.008544,0.0,0.3635,0.0,0.0,0.875625,0.0,0.0,0.912889,0.0,0.624035,0.098396,0.78943,0.482071,0.0,0.015976,0.302781,0.0,0.0,0.0,0.254133,0.0,0.578245,0.0
22,0.214721,0.0,0.0,0.043197,0.151691,0.0,0.243249,0.0,0.220252,0.0,0.107849,0.232661,0.0,0.0,0.264771,0.0,0.0,0.511481,0.0,0.0,0.0,0.268356,0.0,0.0,0.014313,0.0,0.319531,0.0,0.0,0.736588,0.082959,0.0,0.737819,0.0,0.517199,0.013586,0.620925,0.26521,0.0,0.024461,0.466376,0.0,0.0,0.0,0.123974,0.0,0.507173,0.0
23,0.182265,0.0,0.107584,0.15804,0.280182,0.0,0.055895,0.074325,0.192807,0.0,0.151537,0.096426,0.0,0.0,0.196117,0.0,0.0,0.514564,0.0,0.0,0.0,0.242568,0.0,0.0,0.015037,0.037905,0.269958,0.0,0.0,0.591443,0.272124,0.0,0.650458,0.0,0.472399,0.010979,0.549094,0.099812,0.0,0.076139,0.419028,0.0,0.0,0.0,0.062314,0.03806,0.344853,0.0
24,0.245261,0.0,0.17175,0.270126,0.356762,0.14953,0.0,0.0,0.313663,0.0,0.149696,0.18592,0.0,0.0,0.393524,0.0,0.0,0.275948,0.0,0.0,0.0,0.245445,0.312944,0.0,0.199847,0.0,0.040308,0.0,0.0,0.425598,0.045104,0.0,0.570957,0.0,0.39655,0.0,0.300326,0.0,0.0,0.100575,0.029741,0.0,0.0,0.0,0.228011,0.071674,0.213241,0.0
25,0.0,0.0,0.186583,0.460485,0.501099,0.028211,0.084889,0.0,0.359234,0.0,0.196487,0.089607,0.0,0.0,0.264048,0.0,0.0,0.354212,0.0,0.0,0.0,0.198459,0.504599,0.0,0.146994,0.249039,0.008447,0.011382,0.0,0.440115,0.3337,0.0,0.650568,0.0,0.135628,0.310598,0.27206,0.0,0.0,0.0,0.043772,0.041805,0.0,0.0,0.251949,0.178386,0.103892,0.0
26,0.0,0.0,0.071807,0.55654,0.459467,0.129621,0.0,0.20415,0.303941,0.008892,0.228659,0.0,0.114271,0.0,0.112278,0.0,0.0,0.307626,0.0,0.0,0.0,0.148686,0.371877,0.0,0.128697,0.16023,0.0,0.120465,0.0,0.469145,0.40155,0.032572,0.486253,0.0,0.270425,0.218243,0.380151,0.0,0.0,0.025659,0.147689,0.005109,0.028076,0.0,0.442193,0.209084,0.245827,0.0
27,0.0,0.0,0.0,0.591471,0.483913,0.120948,0.0,0.668288,0.245784,0.098177,0.12227,0.0,0.161787,0.0,0.191415,0.0,0.255367,0.24248,0.0,0.0,0.071997,0.202712,0.389429,0.0,0.0,0.272238,0.131494,0.0,0.0,0.44034,0.386369,0.0,0.43409,0.0,0.438918,0.0,0.579645,0.032333,0.0,0.172696,0.432515,0.0,0.193367,0.0,0.640479,0.040965,0.463966,0.0
28,0.0,0.0,0.0,0.756898,0.406695,0.151315,0.0,1.044553,0.375588,0.127308,0.210777,0.0,0.472695,0.0,0.156372,0.0,0.362834,0.218494,0.0,0.0,0.124234,0.129194,0.491056,0.0,0.0,0.310638,0.07873,0.059751,0.0,0.480432,0.567924,0.176212,0.398702,0.0,0.671234,0.0,0.74069,0.0,0.0,0.044952,0.525508,0.0,0.310983,0.0,0.844328,0.172893,0.658395,0.0
29,0.0,0.0,0.0,0.932722,0.288276,0.164654,0.0,1.62205,0.445198,0.308744,0.074538,0.0,0.583025,0.0,0.219122,0.0,0.586447,0.083082,0.065889,0.0,0.251722,0.100368,0.377755,0.0,0.0,0.27137,0.0,0.0,0.0,0.780903,0.85277,0.0,0.481578,0.0,0.868548,0.0,1.044335,0.0,0.0,0.076066,0.908632,0.0,0.329953,0.0,1.237299,0.444948,0.964476,0.0
30,0.092562,0.0,0.0,1.05437,0.216409,0.019977,0.0,1.772172,0.312393,0.308669,0.031184,0.0,0.906892,0.0,0.307753,0.0,0.737787,0.082841,0.066926,0.0,0.037797,0.00098,0.314814,0.0,0.053561,0.355475,0.0,0.0,0.0,0.743215,0.989954,0.0,0.258985,0.0,0.991328,0.0,1.100354,0.0,0.0,0.216789,1.089354,0.0,0.353863,0.0,1.34509,0.753782,1.081943,0.002101
31,0.0,0.0,0.0,1.05366,0.288425,0.059207,0.0,1.424666,0.321371,0.433329,0.0,0.0,0.945509,0.0,0.362161,0.0,0.80231,0.265151,0.202098,0.0,0.0,0.015847,0.094407,0.0,0.275305,0.476619,0.0,0.0,0.0,0.523725,0.997801,0.0,0.064223,0.0,0.9852,0.027861,0.952296,0.0,0.0,0.132996,0.992324,0.0,0.35136,0.0,1.145687,0.863857,1.015941,0.0
32,0.195257,0.0,0.0,1.089687,0.354522,0.215379,0.0,1.590705,0.0,0.368459,0.02657,0.0,1.120037,0.0,0.327703,0.0,0.898836,0.177016,0.351497,0.0,0.182321,0.091575,0.0,0.0,0.414117,0.3123,0.0,0.0,0.0,0.229608,1.397674,0.01159,0.0,0.0,1.172493,0.0,0.758387,0.0,0.0,0.355607,0.926836,0.0,0.134567,0.0,1.002212,1.010735,0.823967,0.174813
33,0.243704,0.0,0.0,1.04731,0.391217,0.107758,0.0,1.541149,0.0,0.258425,0.100105,0.0,1.103388,0.0,0.246647,0.0,0.912433,0.180033,0.229542,0.0,0.172301,0.0,0.0,0.0,0.27035,0.276604,0.0,0.0,0.0,0.120127,1.410786,0.08455,0.0,0.0,1.072064,0.0,0.733568,0.0,0.0,0.420993,0.794685,0.0,0.0,0.0,0.901897,1.010043,0.765016,0.138029
34,0.0,0.0,0.0,0.840158,0.593376,0.050885,0.0,1.091821,0.195005,0.265987,0.129357,0.0,0.81208,0.0,0.264701,0.0,0.506596,0.218776,0.0,0.0,0.046041,0.0,0.0,0.0,0.13398,0.271863,0.0,0.080982,0.0,0.0,1.128865,0.260549,0.0,0.0,0.706641,0.466106,0.593814,0.0,0.0,0.165108,0.562964,0.002198,0.0,0.0,0.773267,0.77179,0.541576,0.0
35,0.0,0.0,0.149232,1.041075,0.764621,0.091232,0.0,0.990478,0.093364,0.042076,0.339243,0.0,0.864693,0.0,0.0,0.0,0.559206,0.165768,0.0,0.0,0.0,0.0,0.0,0.0,0.105536,0.150152,0.0,0.471997,0.0,0.0,1.479462,0.514032,0.0,0.0,0.691418,0.665865,0.44654,0.0,0.0,0.35582,0.27895,0.270252,0.0,0.0,0.639863,0.839575,0.34932,0.0
36,0.0,0.0,0.064494,1.154661,0.876436,0.079289,0.0,1.234316,0.117156,0.0,0.492925,0.0,1.10107,0.0,0.0,0.0,0.44423,0.293356,0.060067,0.0,0.229655,0.0,0.123948,0.0,0.012546,0.177863,0.0,0.494979,0.0,0.0,1.46951,0.586292,0.136571,0.0,0.676353,0.709633,0.478791,0.0,0.0,0.351489,0.261262,0.136081,0.0,0.0,0.812391,1.030783,0.275316,0.0
37,0.0,0.0,0.0,1.097939,0.680709,0.040855,0.0,1.492685,0.165032,0.0,0.552373,0.0,1.094686,0.0,0.0,0.0,0.460912,0.436491,0.081385,0.0,0.232932,0.0,0.114309,0.0,0.0,0.094224,0.0,0.467616,0.0,0.0,1.469993,0.766179,0.149617,0.0,0.650519,0.723456,0.722163,0.0,0.0,0.138989,0.239812,0.0,0.0,0.0,0.991153,0.930292,0.345596,0.0
38,0.0,0.0,0.041578,1.249646,0.661851,0.153626,0.0,1.715447,0.072932,0.001684,0.802177,0.0,1.27698,0.0,0.0,0.0,0.665292,0.349476,0.353099,0.0,0.405688,0.0,0.0,0.0,0.0,0.0,0.0,0.330916,0.0,0.0,1.661093,0.759459,0.237029,0.0,0.820579,0.477909,0.89404,0.0,0.0,0.255088,0.335574,0.0,0.0,0.0,0.894442,1.079429,0.377001,0.0
39,0.0,0.0,0.0,1.229085,0.748465,0.176827,0.0,1.686652,0.091495,0.0,0.690238,0.0,1.017112,0.0,0.023302,0.0,0.561468,0.259017,0.426312,0.0,0.348479,0.0,0.0,0.0,0.0,0.0,0.0,0.251792,0.0,0.0,1.50448,0.548537,0.26373,0.0,0.606833,0.443283,0.871183,0.0,0.0,0.182889,0.375911,0.0,0.0,0.0,0.939817,1.050638,0.305022,0.0
40,0.0,0.0,0.0,1.046949,0.756576,0.087058,0.0,1.510159,0.142279,0.0,0.644591,0.0,0.746329,0.0,0.017644,0.0,0.347627,0.360027,0.38517,0.0,0.140469,0.0,0.0,0.0,0.0,0.0,0.0,0.23959,0.0,0.0,1.209537,0.516749,0.312403,0.0,0.422296,0.5194,0.750359,0.0,0.0,0.109946,0.300501,0.0,0.0,0.0,0.87166,0.923166,0.244959,0.0
41,0.0,0.0,0.002268,1.010256,0.748158,0.033222,0.0,1.281711,0.124655,0.0,0.766159,0.0,0.760753,0.0,0.0,0.0,0.389127,0.349961,0.39648,0.0,0.0,0.0,0.0,0.0,0.0,0.0,0.0,0.223939,0.0,0.0,1.324015,0.6109,0.425577,0.0,0.259099,0.570785,0.793545,0.0,0.0,0.121091,0.202974,0.0,0.0,0.0,0.653472,0.872977,0.133452,0.0
42,0.0,0.0,0.078491,0.694318,0.65822,0.0,0.036624,0.746583,0.388282,0.0,0.7912,0.0,0.524547,0.0,0.0,0.0,0.261126,0.457509,0.141381,0.0,0.0,0.0,0.0,0.0,0.0,0.0,0.0,0.348721,0.0,0.0,1.152138,0.604984,0.467871,0.0,0.214187,0.811485,0.65826,0.0,0.0,0.0,0.011525,0.0,0.0,0.0,0.312648,0.541673,0.178315,0.0
43,0.0,0.0,0.0,0.426732,0.554152,0.0,0.139731,0.623243,0.505219,0.0,0.666836,0.0,0.420422,0.0,0.0,0.0,0.003525,0.452748,0.018226,0.0,0.0,0.0,0.167673,0.0,0.0,0.0,0.0,0.194583,0.0,0.0,0.829989,0.591003,0.750568,0.0,0.063808,0.884244,0.669669,0.0,0.0,0.0,0.0,0.0,0.0,0.0,0.234791,0.32903,0.162512,0.0
44,0.157438,0.0,0.0,0.516994,0.586556,0.027317,0.226921,0.526628,0.388698,0.0,0.755629,0.0,0.393075,0.0,0.0,0.0,0.22991,0.268074,0.111346,0.0,0.0,0.0,0.0,0.0,0.0,0.0,0.0,0.043174,0.0,0.0,0.866225,0.499832,0.755106,0.0,0.059255,0.586948,0.74363,0.0,0.0,0.0,0.014959,0.0,0.0,0.0,0.033323,0.386113,0.16954,0.106644
45,0.046227,0.0,0.0,0.339409,0.488594,0.0,0.36013,0.307304,0.475791,0.0,0.63119,0.0,0.4202,0.0,0.0,0.0,0.136673,0.274147,0.0,0.0,0.0,0.0,0.0,0.0,0.0,0.0,0.0,0.135826,0.0,0.0,0.672659,0.530165,0.668083,0.0,0.15652,0.599513,0.736922,0.0,0.0,0.0,0.0,0.0,0.0,0.0,0.0,0.168939,0.281856,0.086373
46,0.217481,0.0,0.095526,0.311236,0.575857,0.0,0.357284,0.247859,0.339166,0.0,0.524197,0.0,0.225579,0.0,0.0,0.0,0.083107,0.19402,0.0,0.0,0.0,0.0,0.0,0.0,0.0,0.0,0.0,0.0,0.0,0.0,0.490615,0.270556,0.639445,0.0,0.046094,0.428132,0.609108,0.0,0.0,0.0,0.0,0.0,0.0,0.0,0.0,0.266775,0.180699,0.056026
47,0.320175,0.0,0.0,0.269789,0.379052,0.0,0.357422,0.350924,0.12254,0.003813,0.439911,0.0,0.217513,0.0,0.0,0.0,0.303362,0.10164,0.0,0.0,0.0,0.0,0.0,0.0,0.0,0.0,0.060468,0.0,0.0,0.025579,0.276367,0.110282,0.592417,0.0,0.182251,0.033554,0.69668,0.0,0.0,0.171712,0.043197,0.0,0.0,0.0,0.0,0.152945,0.373502,0.17484
48,0.137507,0.0,0.0,0.010261,0.492287,0.135903,0.384496,0.244826,0.184194,0.013425,0.35024,0.120023,0.015571,0.0,0.274462,0.0,0.115005,0.092768,0.0,0.0,0.0,0.0,0.215905,0.0,0.0,0.0,0.131337,0.0,0.0,0.230029,0.110432,0.124941,0.69106,0.0,0.11172,0.023648,0.490422,0.141737,0.0,0.213149,0.011578,0.0,0.0,0.0,0.0,0.0,0.347765,0.043809
49,0.15774,0.0,0.0,0.0,0.34036,0.221605,0.410979,0.160522,0.205205,0.086194,0.216353,0.110653,0.0,0.0,0.412799,0.0,0.0,0.117023,0.0,0.0,0.0,0.0,0.294355,0.0,0.0,0.0,0.088803,0.0,0.0,0.524122,0.0,0.012677,0.740771,0.0,0.192707,0.0,0.574125,0.174535,0.0,0.189662,0.0,0.0,0.0,0.0,0.107479,0.0,0.462924,0.0
50,0.103822,0.0,0.0,0.0,0.407293,0.37031,0.31911,0.272499,0.215819,0.057109,0.147135,0.139498,0.0,0.0,0.468815,0.0,0.0,0.049089,0.0,0.0,0.002117,0.0,0.462073,0.0,0.0,0.0,0.125035,0.0,0.0,0.487651,0.0,0.002285,0.871262,0.0,0.287608,0.0,0.509028,0.234812,0.0,0.268524,0.157972,0.0,0.0,0.0,0.094429,0.0,0.59657,0.0
51,0.068717,0.0,0.0,0.062114,0.316671,0.093712,0.43449,0.032837,0.419985,0.203615,0.085194,0.100449,0.0,0.0,0.362454,0.0,0.0,0.112015,0.0,0.0,0.0,0.0,0.382899,0.0,0.0,0.019277,0.187327,0.0,0.0,0.625269,0.0,0.0,0.776568,0.0,0.297249,0.0,0.585585,0.327222,0.0,0.143433,0.105055,0.0,0.0,0.0,0.25116,0.0,0.522499,0.0
52,0.145887,0.0,0.007873,0.009782,0.287957,0.0,0.437065,0.0,0.491606,0.177372,0.152485,0.254441,0.0,0.0,0.365182,0.0,0.0,0.235882,0.0,0.0,0.0,0.0,0.442727,0.0,0.0,0.0,0.120924,0.0,0.0,0.498952,0.0,0.0,0.605766,0.0,0.40322,0.103828,0.491552,0.341642,0.0,0.008157,0.0,0.0,0.0,0.0,0.163813,0.0,0.47753,0.0
53,0.162996,0.0,0.046485,0.040706,0.305039,0.0,0.446305,0.0,0.52952,0.209576,0.001361,0.290124,0.0,0.0,0.495486,0.0,0.0,0.273825,0.0,0.0,0.0,0.0,0.433,0.0,0.0,0.0,0.03688,0.0,0.0,0.497643,0.0,0.0,0.497209,0.0,0.439905,0.190799,0.425744,0.321934,0.0,0.0,0.125487,0.0,0.0,0.0,0.039017,0.0,0.448244,0.0
54,0.274133,0.0,0.002792,0.0,0.385506,0.0,0.347143,0.0,0.429061,0.158777,0.142462,0.372106,0.0,0.0,0.311329,0.0,0.0,0.321979,0.0,0.0,0.0,0.129039,0.181257,0.0,0.0,0.0,0.062843,0.0,0.0,0.450571,0.009464,0.0,0.422817,0.0,0.561531,0.066489,0.337677,0.171453,0.0,0.0,0.17012,0.0,0.0,0.0,0.04044,0.0,0.420583,0.0
55,0.166672,0.0,0.067265,0.0,0.326855,0.0,0.330835,0.0,0.429284,0.194443,0.100778,0.413774,0.0,0.0,0.396071,0.0,0.0,0.323864,0.0,0.0,0.0,0.093164,0.282531,0.0,0.0,0.0,0.047975,0.0,0.0,0.546558,0.006653,0.0,0.381358,0.0,0.691347,0.232409,0.401383,0.229208,0.0,0.0,0.237431,0.0,0.0,0.0,0.003679,0.0,0.530543,0.0
56,0.264175,0.0,0.155243,0.00899,0.134315,0.0,0.104698,0.0,0.338995,0.238436,0.14655,0.307406,0.0,0.0,0.643778,0.0,0.0,0.244436,0.0,0.0,0.0,0.239199,0.359371,0.0,0.0,0.0,0.0,0.0,0.0,0.735635,0.0,0.0,0.558401,0.0,0.661851,0.0,0.454023,0.009691,0.0,0.083693,0.214632,0.0,0.0,0.0,0.044743,0.0,0.62175,0.0
57,0.310901,0.0,0.0,0.113841,0.077138,0.0,0.061109,0.188258,0.008987,0.318554,0.168574,0.128595,0.052701,0.0,0.540384,0.0,0.407463,0.260083,0.0,0.0,0.0,0.388994,0.076637,0.0,0.105872,0.015272,0.0,0.0,0.0,0.602301,0.010613,0.0,0.503445,0.0,0.640649,0.0,0.659177,0.0,0.0,0.230832,0.477126,0.0,0.0,0.0,0.043253,0.167327,0.820973,0.154164
58,0.307872,0.0,0.0,0.006302,0.0,0.313256,0.0,0.366146,0.017195,0.295164,0.258967,0.256921,0.064937,0.0,0.79618,0.0,0.315217,0.005491,0.0,0.0,0.0,0.173164,0.306367,0.0,0.170485,0.098945,0.0,0.0,0.0,0.636416,0.103728,0.0,0.646608,0.0,0.494428,0.0,0.723157,0.0,0.0,0.270871,0.544205,0.0,0.0,0.0,0.032732,0.0,0.991275,0.161364
59,0.225924,0.0,0.0,0.085999,0.0,0.371259,0.0,0.530726,0.0,0.539019,0.271572,0.320432,0.223881,0.0,0.617996,0.0,0.552652,0.0,0.0,0.0,0.0,0.095619,0.043372,0.0,0.30477,0.205516,0.0,0.0,0.0,0.619073,0.304479,0.115864,0.518529,0.0,0.525497,0.0,0.817162,0.0,0.0,0.299156,0.721781,0.0,0.0,0.0,0.052508,0.106111,0.956225,0.388095
60,0.315784,0.0,0.0,0.349343,0.0,0.356826,0.0,0.622776,0.0,0.6362,0.205678,0.199455,0.24386,0.0,0.487105,0.0,0.687462,0.0,0.0,0.0,0.0,0.220987,0.0,0.0,0.347037,0.293892,0.0,0.0,0.0,0.584705,0.502888,0.264795,0.526134,0.0,0.558553,0.0,0.853185,0.0,0.0,0.3079,0.685204,0.0,0.0,0.0,0.091372,0.275372,0.691326,0.438143
61,0.292008,0.0,0.006247,0.54672,0.0,0.340121,0.0,0.727903,0.0,0.71951,0.285554,0.015334,0.324117,0.0,0.292544,0.0,0.867422,0.0,0.0,0.0,0.0,0.263745,0.0,0.0,0.307018,0.298128,0.0,0.0,0.0,0.66401,0.538254,0.325972,0.587378,0.0,0.728195,0.0,0.958183,0.0,0.0,0.360542,0.696738,0.0,0.0,0.0,0.178016,0.404722,0.585313,0.572485
62,0.401456,0.0,0.215138,0.341911,0.0,0.254957,0.0,0.937803,0.0,0.53438,0.393913,0.0,0.148622,0.0,0.382405,0.0,0.65197,0.032821,0.0,0.0,0.0,0.288561,0.049764,0.0,0.331917,0.294315,0.0,0.0,0.0,0.743584,0.277854,0.356609,0.77698,0.0,0.783091,0.0,0.87671,0.0,0.0,0.427294,0.607669,0.0,0.0,0.0,0.345048,0.210863,0.604334,0.472684
63,0.430911,0.0,0.05812,0.26444,0.0,0.459604,0.0,0.907952,0.0,0.331878,0.326603,0.0,0.0,0.0,0.636264,0.0,0.501629,0.010438,0.0,0.0,0.0,0.345156,0.475174,0.0,0.114489,0.297083,0.0,0.0,0.0,0.896808,0.020527,0.094667,1.348173,0.0,0.549734,0.0,0.82384,0.0,0.0,0.595283,0.926318,0.0,0.0,0.0,0.6803,0.0,0.850801,0.549579
64,0.426381,0.0,0.150756,0.285014,0.0,0.366348,0.049989,0.674966,0.0,0.292128,0.336572,0.0405,0.0,0.0,0.64944,0.0,0.420951,0.167239,0.0,0.0,0.0,0.44778,0.544717,0.0,0.063247,0.2863,0.0,0.0,0.0,1.010932,0.044891,0.0,1.613287,0.0,0.470261,0.0,0.801088,0.289697,0.0,0.598138,0.916032,0.0,0.0,0.0,0.799018,0.0,0.931529,0.569367
65,0.155899,0.0,0.254858,0.353995,0.0,0.311096,0.087683,0.292023,0.162649,0.449701,0.369575,0.022665,0.0,0.0,0.488763,0.0,0.25199,0.258574,0.0,0.0,0.004318,0.390573,0.522486,0.0,0.085272,0.259975,0.0,0.0,0.0,1.16127,0.0,0.024878,1.658047,0.0,0.579762,0.0,0.857538,0.412497,0.0,0.280568,0.550662,0.0,0.0,0.0,0.752987,0.0,0.829383,0.414502
66,0.0,0.0,0.075494,0.428891,0.040682,0.444912,0.162375,0.141882,0.241811,0.507022,0.282655,0.10143,0.0,0.0,0.513507,0.0,0.226769,0.081394,0.0,0.0,0.11436,0.247368,0.536714,0.0,0.097229,0.26601,0.0,0.0,0.0,1.07727,0.0,0.165126,1.523823,0.0,0.435862,0.0,0.976373,0.402375,0.0,0.18551,0.478461,0.0,0.0,0.0,0.703045,0.0,0.793164,0.28765
67,0.21169,0.0,0.409132,0.474145,0.050108,0.39141,0.178109,0.501667,0.217572,0.530165,0.722832,0.0,0.137438,0.0,0.0,0.0,0.493962,0.167721,0.0,0.0,0.0,0.128292,0.215227,0.0,0.146204,0.0,0.0,0.0,0.0,0.737002,0.064186,0.445056,1.212741,0.0,0.59818,0.0,0.996829,0.007572,0.0,0.221321,0.063603,0.0,0.0,0.04758,0.629712,0.00704,0.602587,0.415765
68,0.043818,0.0,0.0,0.4567,0.180192,0.341282,0.194789,0.861379,0.030748,0.371215,0.50021,0.0,0.00165,0.0,0.249963,0.0,0.697082,0.024295,0.0,0.0,0.187762,0.0,0.163299,0.0,0.0,0.193133,0.0,0.0,0.0,0.535912,0.255885,0.429468,1.157551,0.0,0.210634,0.0,0.85183,0.0,0.0,0.412199,0.427311,0.0,0.0,0.029574,0.540294,0.0,0.528596,0.28177
69,0.142002,0.0,0.0,0.435725,0.226077,0.425096,0.179244,1.047616,0.013541,0.326998,0.774917,0.0,0.320323,0.0,0.162239,0.0,0.612882,0.0,0.0,0.0,0.164316,0.0,0.183178,0.0,0.0,0.195963,0.0,0.0,0.0,0.169426,0.306071,0.616935,1.025891,0.0,0.27101,0.058842,0.76873,0.0,0.0,0.570568,0.320445,0.0,0.0,0.00895,0.511165,0.0,0.374511,0.247398
70,0.0,0.0,0.380779,0.625379,0.293402,0.360966,0.309503,1.205875,0.034315,0.225562,0.936171,0.0,0.572781,0.0,0.005231,0.0,0.575533,0.118603,0.0,0.0,0.286258,0.0,0.110852,0.0,0.0,0.349588,0.0,0.153645,0.0,0.035124,0.801442,0.968357,0.923324,0.0,0.358273,0.313744,0.649478,0.0,0.0,0.504515,0.049336,0.0,0.0,0.0,0.622018,0.314596,0.075595,0.135704
71,0.0,0.0,0.657825,0.775291,0.452079,0.319655,0.552494,1.15679,0.234634,0.099258,0.965427,0.0,0.662117,0.0,0.0,0.0,0.410285,0.229075,0.0,0.0,0.335951,0.0,0.120556,0.0,0.0,0.287227,0.0,0.53267,0.0,0.0,1.198239,1.099901,0.867882,0.0,0.135006,0.550285,0.563248,0.0,0.0,0.295744,0.0,0.0,0.0,0.0,0.711913,0.572027,0.0,0.067863
72,0.0,0.0,0.608913,0.748655,0.575748,0.465151,0.437241,0.917391,0.313648,0.085792,1.107713,0.0,0.591157,0.0,0.0,0.0,0.468568,0.291714,0.0,0.0,0.211569,0.0,0.086934,0.0,0.0,0.06965,0.0,0.59325,0.0,0.0,0.980642,0.939154,0.897748,0.0,0.092976,0.64296,0.385021,0.0,0.0,0.342576,0.0,0.0,0.0,0.0,0.490488,0.519556,0.0,0.108976
73,0.0,0.0,0.425191,0.713905,0.598769,0.302342,0.309945,1.03578,0.325404,0.0,1.072684,0.0,0.537837,0.0,0.0,0.0,0.366623,0.301991,0.0,0.0,0.429804,0.0,0.167719,0.0,0.0,0.161333,0.0,0.449126,0.0,0.0,0.853965,1.01704,0.886381,0.0,0.099623,0.66527,0.41094,0.0,0.0,0.314709,0.0,0.0,0.0,0.049764,0.467412,0.371569,0.0,0.0
74,0.0,0.0,0.454496,0.67852,0.756301,0.349881,0.430759,0.712196,0.384756,0.0,1.032854,0.0,0.5406,0.0,0.0,0.0,0.273907,0.451397,0.0,0.0,0.402541,0.0,0.318622,0.0,0.0,0.275159,0.0,0.559452,0.0,0.0,0.836035,0.872005,0.940242,0.0,0.0,0.819968,0.307729,0.0,0.0,0.179782,0.0,0.0,0.0,0.0,0.351323,0.520624,0.0,0.0
75,0.0,0.0,0.041578,0.455594,0.535468,0.435465,0.317604,0.590537,0.541548,0.0,0.794199,0.0,0.414239,0.0,0.085564,0.0,0.116577,0.312825,0.0,0.0,0.345973,0.0,0.336602,0.0,0.0,0.141466,0.0,0.376344,0.0,0.0,0.427466,0.785272,0.948911,0.0,0.0,0.590515,0.387994,0.0,0.0,0.0,0.0,0.0,0.0,0.0,0.332416,0.209592,0.0,0.0
76,0.0,0.0,0.490068,0.545943,0.436936,0.292109,0.131601,0.54077,0.220166,0.025693,0.846774,0.0,0.448449,0.0,0.0,0.0,0.441612,0.394636,0.0,0.0,0.136636,0.0,0.066938,0.0,0.0,0.202221,0.0,0.437984,0.0,0.0,0.699999,0.792717,0.74394,0.0,0.206163,0.528609,0.590332,0.0,0.0,0.061524,0.0,0.0,0.0,0.201393,0.374263,0.34705,0.0,0.103907
77,0.0,0.0,0.220701,0.481775,0.337391,0.266348,0.172062,0.614996,0.223897,0.12913,0.611834,0.0,0.10228,0.0,0.0,0.0,0.45226,0.186602,0.0,0.0,0.17738,0.0,0.097711,0.0,0.0,0.162222,0.0,0.0,0.0,0.218085,0.371394,0.430014,0.766857,0.0,0.007045,0.1812,0.544999,0.0,0.0,0.201915,0.030274,0.0,0.0,0.207507,0.387377,0.155748,0.046088,0.150413
78,0.0,0.0,0.0,0.338396,0.340344,0.46573,0.063235,0.416145,0.252935,0.15254,0.410186,0.0,0.0,0.0,0.392462,0.0,0.235425,0.120799,0.0,0.0,0.13075,0.0,0.341995,0.0,0.0,0.33989,0.0,0.0,0.0,0.40322,0.021043,0.0,0.994189,0.0,0.010289,0.0,0.498494,0.0,0.0,0.160474,0.023272,0.0,0.0,0.0,0.545036,0.015879,0.279311,0.123154
79,0.031316,0.0,0.148791,0.281948,0.351983,0.383007,0.223753,0.523811,0.172313,0.202446,0.477403,0.0,0.093706,0.0,0.272175,0.0,0.231707,0.061999,0.0,0.0,0.064205,0.0,0.339553,0.0,0.0,0.276494,0.0,0.012921,0.0,0.304617,0.125631,0.247177,0.823195,0.0,0.18243,0.0,0.349956,0.0,0.0,0.392705,0.15422,0.0,0.0,0.0,0.498831,0.06547,0.255747,0.287274
80,0.0,0.0,0.0,0.234235,0.247955,0.362995,0.103595,0.51731,0.268258,0.299989,0.367251,0.0,0.017346,0.0,0.412122,0.0,0.26328,0.014981,0.0,0.0,0.109541,0.0,0.368673,0.0,0.0,0.460073,0.0,0.016185,0.0,0.534714,0.100339,0.10039,0.823976,0.0,0.110954,0.0,0.420408,0.117762,0.0,0.208954,0.314965,0.0,0.0,0.0,0.560251,0.0,0.402734,0.146029
81,0.0,0.0,0.0,0.207643,0.157012,0.151866,0.275233,0.816029,0.179763,0.34503,0.301101,0.016771,0.120292,0.0,0.459168,0.0,0.247595,0.064594,0.0,0.0,0.211535,0.0,0.329944,0.0,0.0,0.501577,0.0,0.0,0.0,0.585814,0.291515,0.36782,0.566244,0.0,0.293429,0.0,0.379768,0.046368,0.0,0.359866,0.350143,0.0,0.0,0.0,0.522327,0.064404,0.370023,0.110768
82,0.0,0.0,0.222354,0.288131,0.288441,0.282645,0.195299,0.521575,0.030043,0.36962,0.360688,0.012282,0.159842,0.0,0.420429,0.0,0.365358,0.03123,0.0,0.0,0.027325,0.0,0.156899,0.0,0.170012,0.535213,0.0,0.202766,0.0,0.297928,0.400904,0.449052,0.436831,0.0,0.338537,0.065416,0.239935,0.0,0.0,0.348176,0.072665,0.0,0.0,0.0,0.128725,0.231239,0.236896,0.150073
83,0.258668,0.0,0.156711,0.186216,0.01721,0.283359,0.031408,0.690919,0.0,0.399259,0.40087,0.026398,0.200133,0.0,0.367662,0.0,0.486358,0.063831,0.0,0.0,0.0,0.003062,0.020091,0.0,0.151368,0.335339,0.0,0.0,0.0,0.33562,0.31811,0.305444,0.430961,0.0,0.460591,0.0,0.444294,0.0,0.0,0.449339,0.246433,0.0,0.0,0.0,0.119013,0.156394,0.488076,0.29066
84,0.273402,0.0,0.0,0.241185,0.0,0.266798,0.0,0.78047,0.0,0.321998,0.300726,0.0891,0.228315,0.0,0.588325,0.0,0.606055,0.040877,0.0,0.0,0.0,0.031047,0.051683,0.0,0.070956,0.134275,0.0,0.0,0.0,0.575595,0.170966,0.129532,0.710957,0.0,0.341542,0.0,0.738618,0.0,0.0,0.34029,0.636037,0.0,0.0,0.0,0.059114,0.014907,0.729914,0.331452
85,0.283253,0.0,0.03143,0.369331,0.0,0.169977,0.004524,0.42838,0.0,0.443396,0.29325,0.157953,0.171495,0.0,0.335912,0.0,0.417083,0.058981,0.0,0.0,0.0,0.088735,0.080105,0.0,0.272555,0.086904,0.0,0.0,0.0,0.602158,0.264791,0.070147,0.84737,0.0,0.476874,0.034612,0.855021,0.0,0.0,0.069658,0.431465,0.0,0.0,0.0,0.197435,0.137586,0.633473,0.276463
86,0.553634,0.0,0.149534,0.403758,0.0,0.145597,0.0,0.526082,0.164049,0.337291,0.40708,0.065859,0.228314,0.0,0.220144,0.0,0.257004,0.079677,0.0,0.0,0.0,0.0,0.280281,0.0,0.324478,0.0,0.0,0.0,0.0,0.624168,0.188354,0.0,1.162463,0.0,0.710375,0.060931,1.048586,0.0,0.0,0.059116,0.427276,0.0,0.0,0.0,0.368524,0.169606,0.725002,0.280614
87,0.670336,0.0,0.137147,0.570876,0.0,0.0,0.150519,0.631139,0.216984,0.260103,0.728656,0.036335,0.289704,0.0,0.0,0.0,0.483578,0.267784,0.0,0.0,0.0,0.085561,0.0,0.0,0.19107,0.0,0.03559,0.0,0.0,0.613952,0.761478,0.240581,1.211032,0.0,0.834137,0.224441,1.250474,0.101127,0.0,0.036174,0.657594,0.0,0.0,0.0,0.31171,0.200366,0.661086,0.383149
88,0.509363,0.0,0.21821,0.504201,0.0,0.0,0.272683,0.433762,0.582368,0.227599,0.813375,0.074718,0.247724,0.0,0.0,0.0,0.243423,0.417212,0.0,0.0,0.0,0.0,0.067995,0.0,0.185293,0.0,0.0,0.0,0.0,0.755827,0.872161,0.263845,1.40051,0.0,0.91199,0.534812,1.296633,0.387263,0.0,0.0,0.615587,0.0,0.0,0.0,0.466631,0.153797,0.648029,0.264901
89,0.647555,0.0,0.255988,0.507253,0.0,0.0,0.325163,0.377105,0.764358,0.145264,0.98316,0.056857,0.206116,0.0,0.0,0.0,0.223263,0.458545,0.0,0.0,0.0,0.0,0.094119,0.0,0.140908,0.0,0.0,0.0,0.0,0.770024,0.859783,0.081368,1.545791,0.0,0.970843,0.336893,1.330664,0.383885,0.0,0.0,0.612171,0.0,0.0,0.0,0.532476,0.149947,0.776897,0.341044
90,0.575326,0.0,0.16048,0.3806,0.042922,0.0,0.379734,0.044566,0.866466,0.121395,0.787177,0.259417,0.050231,0.0,0.0,0.0,0.0,0.60069,0.0,0.0,0.0,0.0,0.328641,0.0,0.397598,0.0,0.0,0.0,0.0,0.735251,0.631267,0.037877,1.597181,0.0,0.928668,0.528865,1.133449,0.68652,0.0,0.0,0.440474,0.0,0.0,0.0,0.462416,0.040445,0.779352,0.092182
91,0.581453,0.0,0.098849,0.451937,0.034567,0.0,0.380993,0.0,0.835832,0.112748,0.48584,0.416513,0.0,0.0,0.345017,0.0,0.0,0.613726,0.0,0.0,0.0,0.397901,0.292805,0.0,0.26448,0.0,0.0,0.0,0.0,1.060058,0.515185,0.0,1.634303,0.0,0.884377,0.353171,1.189534,0.677937,0.0,0.0,0.629743,0.0,0.0,0.0,0.440072,0.0,0.959722,0.0
92,0.583568,0.0,0.132743,0.322356,0.0,0.0,0.225415,0.0,0.661678,0.239576,0.474937,0.505613,0.0,0.0,0.264876,0.0,0.0,0.756503,0.0,0.0,0.0,0.641954,0.254464,0.0,0.350514,0.0,0.0,0.0,0.0,1.245102,0.251173,0.0,1.564172,0.0,1.182336,0.3126,1.260808,0.756502,0.0,0.0,0.559224,0.0,0.0,0.0,0.503611,0.0,1.100311,0.0
93,0.502773,0.0,0.118396,0.405962,0.0,0.0,0.0,0.0,0.516816,0.238905,0.224633,0.48728,0.0,0.0,0.557752,0.0,0.0,0.456372,0.0,0.0,0.0,0.942925,0.410027,0.0,0.389754,0.0,0.0,0.0,0.0,1.41615,0.0,0.0,1.445076,0.0,1.264092,0.090764,1.370038,0.3739,0.0,0.082006,0.68254,0.0,0.0,0.0,0.56296,0.0,1.217727,0.0
94,0.621588,0.0,0.068559,0.298643,0.0,0.00166,0.0,0.088632,0.226706,0.212744,0.094168,0.361578,0.0,0.0,0.666092,0.0,0.0,0.447059,0.0,0.0,0.0,1.023305,0.443359,0.0,0.467427,0.0,0.0,0.0,0.0,1.418702,0.0,0.0,1.503153,0.0,1.212305,0.0,1.273023,0.21709,0.0,0.242409,0.806146,0.0,0.0,0.0,0.585844,0.0,1.369462,0.0
95,0.513164,0.0,0.0,0.315734,0.0,0.0,0.0,0.384787,0.0,0.305273,0.164807,0.245507,0.022716,0.0,0.554077,0.0,0.638675,0.459096,0.0,0.0,0.0,1.045835,0.136878,0.0,0.42933,0.0,0.049104,0.0,0.0,1.362022,0.0,0.0,1.185691,0.0,1.080377,0.0,1.32181,0.025011,0.0,0.413415,1.086211,0.0,0.0,0.0,0.532205,0.00474,1.406384,0.224365
96,0.370619,0.0,0.0,0.48248,0.0,0.098519,0.0,0.600046,0.0,0.378896,0.097189,0.158578,0.01734,0.0,0.58362,0.0,0.790551,0.109011,0.0,0.0,0.0,0.910317,0.099383,0.0,0.23061,0.145008,0.035122,0.0,0.0,1.348297,0.042124,0.0,1.105769,0.0,0.819789,0.0,1.266342,0.0,0.0,0.402362,1.306866,0.0,0.0,0.0,0.518051,0.068924,1.316528,0.290352
97,0.232762,0.0,0.0,0.239507,0.0,0.439038,0.0,0.62773,0.0,0.408337,0.122262,0.042297,0.0,0.0,0.569272,0.0,0.40612,0.0,0.0,0.0,0.0,0.563664,0.360311,0.0,0.211764,0.0,0.0,0.0,0.0,0.994118,0.0,0.0,1.059813,0.0,0.553346,0.0,0.924995,0.033235,0.0,0.269608,0.872231,0.0,0.0,0.0,0.517242,0.0,1.051885,0.254897
98,0.017686,0.0,0.0,0.23237,0.0,0.339542,0.0,0.392199,0.0,0.538662,0.299059,0.055021,0.069495,0.0,0.369732,0.0,0.335064,0.059263,0.0,0.0,0.0,0.291812,0.141819,0.0,0.268038,0.053524,0.0,0.0,0.0,0.722756,0.079223,0.146502,0.602967,0.0,0.577126,0.0,0.683125,0.0,0.0,0.113209,0.376786,0.0,0.0,0.0,0.268939,0.04829,0.713538,0.184194
99,0.069398,0.0,0.049535,0.109728,0.078979,0.356162,0.0,0.453319,0.015886,0.443288,0.348759,0.0,0.032276,0.0,0.373752,0.0,0.217653,0.026004,0.0,0.0,0.0,0.092577,0.225873,0.0,0.125603,0.156243,0.0,0.0,0.0,0.48282,0.117045,0.219949,0.49366,0.0,0.326754,0.0,0.426514,0.0,0.0,0.205379,0.206066,0.0,0.0,0.0,0.186096,0.0,0.566452,0.140156
100,0.0,0.0,0.0,0.11566,0.314207,0.250212,0.118112,0.290769,0.105105,0.374274,0.312562,0.234552,0.0,0.0,0.544304,0.0,0.214386,0.045112,0.0,0.0,0.0,0.0,0.218522,0.0,0.0,0.358749,0.0,0.0,0.0,0.430579,0.362448,0.284018,0.413223,0.0,0.019462,0.068601,0.34404,0.0,0.0,0.051017,0.073021,0.0,0.0,0.0,0.0,0.0,0.478259,0.0
101,0.215939,0.0,0.051002,0.210693,0.165237,0.141134,0.218766,0.552804,0.0,0.34613,0.344069,0.03329,0.277676,0.0,0.339523,0.0,0.434995,0.026815,0.0,0.0,0.0,0.010299,0.0,0.0,0.02115,0.204789,0.0,0.0,0.0,0.193856,0.452719,0.279466,0.271015,0.0,0.238771,0.0,0.284087,0.0,0.0,0.42885,0.147187,0.0,0.0,0.0,0.094712,0.222645,0.43757,0.182198
102,0.0,0.0,0.0,0.275612,0.391304,0.111472,0.241228,0.211816,0.0,0.317958,0.27743,0.158502,0.28685,0.0,0.402608,0.0,0.343034,0.0,0.0,0.0,0.0,0.0,0.005029,0.0,0.125635,0.30886,0.0,0.0,0.0,0.164747,0.471828,0.277495,0.229004,0.0,0.142993,0.079554,0.31113,0.0,0.0,0.216346,0.143732,0.0,0.0,0.0,0.0,0.268983,0.384508,0.107282
103,0.14744,0.0,0.0,0.198834,0.280246,0.12582,0.20435,0.406456,0.0,0.283359,0.349373,0.186952,0.344502,0.0,0.33841,0.0,0.381805,0.066918,0.0,0.0,0.0,0.0,0.0,0.0,0.215372,0.270432,0.0,0.0,0.0,0.166861,0.524341,0.160726,0.108201,0.0,0.437329,0.009621,0.188007,0.0,0.0,0.359794,0.105645,0.0,0.0,0.0,0.0,0.334732,0.431526,0.152031
104,0.187686,0.0,0.0,0.267044,0.0,0.038597,0.149962,0.40308,0.0,0.33689,0.345291,0.193553,0.525617,0.0,0.293317,0.0,0.487082,0.092905,0.0,0.0,0.0,0.026098,0.0,0.0,0.0,0.143556,0.0,0.0,0.0,0.445811,0.566318,0.141881,0.123165,0.0,0.554894,0.0,0.478362,0.0,0.0,0.315478,0.413247,0.0,0.0,0.0,0.0,0.534835,0.619568,0.186046
105,0.067369,0.0,0.067383,0.138685,0.096032,0.0,0.108839,0.088567,0.124778,0.264246,0.183173,0.190515,0.256042,0.0,0.332343,0.0,0.21908,0.240832,0.0,0.0,0.0,0.164188,0.0,0.0,0.037109,0.136849,0.0,0.0,0.0,0.445272,0.381759,0.0,0.104383,0.0,0.385771,0.026363,0.368407,0.0,0.0,0.117722,0.381212,0.0,0.0,0.0,0.018904,0.459684,0.491599,0.103152
106,0.05563,0.0,0.072377,0.131046,0.201449,0.0,0.029301,0.0,0.186081,0.078247,0.090611,0.3039,0.076274,0.0,0.74266,0.0,0.092278,0.388548,0.0,0.0,0.0,0.268038,0.147144,0.0,0.182231,0.346688,0.0,0.0,0.0,0.523618,0.194358,0.0,0.111047,0.0,0.405145,0.105766,0.11014,0.0,0.0,0.238181,0.383364,0.0,0.0,0.0,0.0,0.428833,0.543295,0.0
107,0.125983,0.0,0.228373,0.16184,0.250376,0.0,0.054652,0.016132,0.205258,0.012604,0.156201,0.34923,0.000466,0.0,0.675838,0.0,0.035636,0.553375,0.0,0.0,0.0,0.559025,0.096336,0.0,0.302999,0.25657,0.069872,0.0,0.0,0.502273,0.304209,0.0,0.177757,0.0,0.495727,0.124541,0.177941,0.0,0.0,0.302329,0.414306,0.115874,0.0,0.0,0.0,0.467513,0.359093,0.0
108,0.138029,0.0,0.02539,0.259108,0.021655,0.0,0.0,0.0,0.28062,0.0,0.059075,0.315647,0.064317,0.0,0.860864,0.0,0.0,0.425081,0.0,0.0,0.0,0.656968,0.309276,0.0,0.131874,0.127309,0.0,0.0,0.0,0.616356,0.085151,0.0,0.316517,0.0,0.481086,0.031165,0.241243,0.0,0.0,0.103361,0.544957,0.0,0.0,0.0,0.0,0.440487,0.573494,0.0
109,0.26528,0.0,0.08757,0.419322,0.028322,0.0,0.0,0.0,0.267102,0.038046,0.0,0.231738,0.19594,0.0,0.707768,0.0,0.0,0.384839,0.0,0.0,0.0,0.716611,0.268174,0.0,0.089654,0.039889,0.0,0.0,0.0,0.701424,0.02352,0.0,0.464764,0.0,0.579618,0.028883,0.39822,0.0,0.0,0.075298,0.590624,0.0,0.0,0.0,0.151712,0.539119,0.526967,0.0
110,0.154602,0.0,0.266084,0.403903,0.065267,0.0,0.0,0.035235,0.087533,0.239407,0.0,0.115184,0.372183,0.0,0.440939,0.0,0.0,0.424478,0.0,0.0,0.0,0.497663,0.171089,0.0,0.198146,0.033804,0.0,0.0,0.0,0.687905,0.101393,0.0,0.44212,0.0,0.697642,0.148602,0.613354,0.0,0.0,0.044229,0.57655,0.0,0.0,0.0,0.187747,0.525751,0.506764,0.0
111,0.178805,0.0,0.290537,0.456868,0.001172,0.0,0.0,0.237376,0.119913,0.239996,0.094202,0.052616,0.379892,0.0,0.299488,0.0,0.082182,0.299413,0.0,0.0,0.0,0.338809,0.129774,0.0,0.243225,0.029712,0.0,0.0,0.0,0.465528,0.393966,0.130277,0.482738,0.0,0.691953,0.282667,0.599751,0.0,0.0,0.069899,0.642394,0.0,0.0,0.0,0.380696,0.540298,0.431664,0.123721
112,0.251744,0.0,0.222315,0.628732,0.070699,0.0,0.0,0.640126,0.0,0.322837,0.240014,0.0,0.586096,0.0,0.154672,0.0,0.490628,0.231829,0.0,0.0,0.0,0.15244,0.0,0.0,0.114644,0.12888,0.0,0.0,0.0,0.27636,0.703267,0.167885,0.552339,0.0,0.614095,0.22214,0.727318,0.0,0.0,0.191477,0.803545,0.0,0.0,0.0,0.367527,0.62758,0.313467,0.295834
113,0.302791,0.0,0.058059,0.790062,0.0,0.238815,0.0,1.177275,0.0,0.281244,0.39013,0.0,0.656559,0.0,0.228314,0.0,0.560566,0.071164,0.0,0.0,0.0,0.0,0.0,0.0,0.067535,0.044497,0.0,0.0,0.0,0.063703,0.874146,0.267718,0.478106,0.0,0.598843,0.145964,0.704811,0.0,0.0,0.309727,0.806879,0.0,0.0,0.0,0.635055,0.669328,0.297484,0.265609
114,0.343362,0.0,0.193754,1.05284,0.304301,0.278282,0.0,1.398118,0.0,0.193327,0.39209,0.0,0.990424,0.0,0.100133,0.0,0.58771,0.001207,0.0,0.0,0.170294,0.0,0.0,0.0,0.11868,0.148827,0.0,0.201006,0.0,0.0,1.253222,0.547632,0.306167,0.0,0.748002,0.254503,0.675537,0.0,0.0,0.474243,0.567689,0.0,0.0,0.0,0.77821,0.887018,0.068039,0.146417
115,0.261082,0.0,0.187291,1.022471,0.453151,0.267375,0.0,1.490837,0.0,0.238073,0.394048,0.0,1.135944,0.0,0.0,0.0,1.009572,0.095603,0.002189,0.0,0.209503,0.0,0.0,0.0,0.095209,0.207575,0.0,0.186404,0.0,0.0,1.358495,0.514814,0.190733,0.0,0.782746,0.226651,0.78749,0.0,0.0,0.574271,0.508332,0.0,0.0,0.0,0.803684,0.951438,0.211567,0.257539
116,0.15445,0.0,0.0,1.198643,0.580441,0.206214,0.0,1.740199,0.0,0.302395,0.446249,0.0,1.096153,0.0,0.106096,0.0,0.800156,0.009439,0.092265,0.0,0.490848,0.0,0.02394,0.0,0.0,0.049635,0.0,0.265404,0.0,0.0,1.26831,0.560388,0.32506,0.0,0.614119,0.321319,0.895938,0.0,0.0,0.392265,0.512059,0.0,0.0,0.0,0.95937,0.906365,0.189877,0.0
117,0.0,0.0,0.0,1.099111,0.703155,0.247271,0.0,1.815466,0.250104,0.154154,0.654689,0.0,0.937045,0.0,0.048615,0.0,0.635228,0.0,0.0,0.0,0.447441,0.0,0.391999,0.0,0.0,0.0,0.0,0.423178,0.0,0.0,0.973818,0.645071,0.565585,0.0,0.418503,0.417497,1.027003,0.0,0.0,0.079375,0.456135,0.0,0.0,0.0,1.013629,0.510369,0.338767,0.0
118,0.043668,0.0,0.099392,1.179085,0.590738,0.296253,0.0,1.769286,0.101466,0.014212,0.669976,0.0,0.798916,0.0,0.0,0.0,0.752176,0.0,0.0,0.0,0.374444,0.0,0.27693,0.0,0.0,0.0,0.0,0.490846,0.0,0.0,1.220067,0.716079,0.395562,0.0,0.433446,0.455723,0.989131,0.0,0.0,0.175249,0.181965,0.0,0.0,0.0,1.032776,0.519677,0.454565,0.0
119,0.0,0.0,0.30534,1.327899,0.433725,0.320739,0.069953,1.908429,0.120995,0.0,0.956159,0.0,1.136719,0.0,0.0,0.0,0.657001,0.192561,0.0,0.0,0.524839,0.0,0.413455,0.0,0.0,0.0,0.0,0.638793,0.0,0.0,1.408267,1.024078,0.547641,0.0,0.440705,0.500285,1.056346,0.0,0.0,0.057629,0.0,0.0,0.0,0.0,1.151882,0.66268,0.395681,0.0
120,0.064277,0.0,0.0,1.062287,0.617148,0.199507,0.0,1.860431,0.217478,0.089394,0.771488,0.0,0.702366,0.0,0.0,0.0,0.791358,0.014314,0.0,0.0,0.438924,0.0,0.37198,0.0,0.0,0.0,0.0,0.289897,0.0,0.051636,0.93395,0.700465,0.645619,0.0,0.382466,0.296058,1.180152,0.0,0.0,0.131886,0.230887,0.0,0.0,0.0,0.934766,0.355404,0.632603,0.0
121,0.1837,0.0,0.0,1.009532,0.75517,0.286195,0.0,1.795087,0.22247,0.14912,0.593276,0.0,0.629397,0.0,0.0,0.0,0.659088,0.0,0.0,0.0,0.436516,0.0,0.395695,0.0,0.0,0.0,0.0,0.232344,0.0,0.097114,0.887135,0.593079,0.759721,0.0,0.364499,0.215493,1.113141,0.0,0.0,0.154063,0.425003,0.0,0.0,0.0,0.963314,0.278849,0.617441,0.0
122,0.048079,0.0,0.146992,1.137536,0.519318,0.372251,0.0,1.479787,0.056652,0.169652,0.730059,0.0,0.790784,0.0,0.0,0.0,0.88831,0.02052,0.0,0.0,0.293822,0.0,0.115505,0.0,0.0,0.0,0.0,0.322459,0.0,0.072441,1.195956,0.775651,0.358057,0.0,0.460017,0.312748,0.943515,0.0,0.0,0.200321,0.053893,0.0,0.0,0.0,0.7279,0.382327,0.584572,0.0
123,0.079426,0.0,0.189064,0.973094,0.47426,0.291126,0.0,1.403063,0.0,0.271589,0.619368,0.0,0.813929,0.0,0.0,0.0,0.957517,0.116892,0.0,0.0,0.133693,0.0,0.072166,0.0,0.08703,0.008019,0.0,0.115884,0.0,0.177806,1.187176,0.741009,0.318089,0.0,0.598222,0.243442,0.821611,0.0,0.0,0.311415,0.106616,0.0,0.0,0.0,0.713151,0.335111,0.601744,0.059883
124,0.015494,0.0,0.0,0.838527,0.238582,0.229642,0.0,1.646648,0.08716,0.370277,0.459216,0.0,0.653017,0.0,0.0,0.0,0.83784,0.0,0.0,0.0,0.166039,0.0,0.246311,0.0,0.0,0.103472,0.0,0.0,0.0,0.550335,0.809077,0.469969,0.670725,0.0,0.487757,0.0,1.119243,0.0,0.0,0.135802,0.569937,0.0,0.055271,0.0,1.134861,0.236126,0.842202,0.02926
125,0.143869,0.0,0.0,0.702768,0.348017,0.368138,0.0,1.614473,0.154657,0.376689,0.282379,0.0,0.3535,0.0,0.094477,0.0,0.759605,0.0,0.0,0.0,0.0,0.0,0.464285,0.0,0.0,0.006742,0.0,0.0,0.0,0.726977,0.609038,0.171045,0.980533,0.0,0.324295,0.0,1.190274,0.04376,0.0,0.126028,0.83963,0.0,0.0,0.0,1.271385,0.0,1.061284,0.049676
126,0.351346,0.0,0.0,0.781253,0.185005,0.383912,0.0,1.512795,0.0,0.503739,0.388769,0.0,0.504632,0.0,0.012248,0.0,0.998208,0.0,0.0,0.0,0.0,0.0,0.214967,0.0,0.02045,0.0,0.0,0.0,0.0,0.571654,0.737083,0.168405,0.723097,0.0,0.545008,0.0,1.09128,0.0,0.0,0.432033,0.667567,0.0,0.0,0.0,1.073859,0.03807,0.986847,0.23174
127,0.298912,0.0,0.0,0.808689,0.172477,0.301967,0.0,1.425084,0.0,0.514753,0.361776,0.0,0.606243,0.0,0.025656,0.0,0.946442,0.0,0.0,0.0,0.0,0.0,0.083362,0.0,0.133733,0.058038,0.0,0.0,0.0,0.434685,0.804832,0.255552,0.492892,0.0,0.548277,0.0,0.891232,0.0,0.0,0.41402,0.505781,0.0,0.0,0.0,0.933746,0.216787,0.822165,0.235518
128,0.0,0.0,0.0,0.675253,0.179482,0.255214,0.0,0.904841,0.0,0.609912,0.327233,0.0,0.604409,0.0,0.072965,0.0,0.78721,0.0,0.0,0.0,0.0,0.0,0.0,0.0,0.162145,0.254905,0.0,0.0,0.0,0.407229,0.74891,0.367469,0.353632,0.0,0.405806,0.103227,0.792639,0.0,0.0,0.025702,0.344098,0.0,0.0,0.0,0.578668,0.248225,0.653894,0.052511
129,0.094087,0.0,0.0,0.581244,0.418388,0.216451,0.0,0.983454,0.0,0.402041,0.20677,0.0,0.598808,0.0,0.180043,0.0,0.516278,0.0,0.0,0.0,0.0,0.0,0.0,0.0,0.142546,0.253018,0.0,0.0,0.0,0.141617,0.840111,0.370183,0.242777,0.0,0.413023,0.249213,0.601245,0.0,0.0,0.217983,0.475253,0.0,0.0,0.0,0.558162,0.365406,0.594655,0.0
130,0.052666,0.0,0.0,0.69619,0.600011,0.20246,0.0,0.902778,0.067661,0.26785,0.214743,0.0,0.607007,0.0,0.087685,0.0,0.42331,0.109985,0.0,0.0,0.0,0.0,0.0,0.0,0.150671,0.176592,0.0,0.0,0.0,0.0,0.922971,0.360084,0.094183,0.0,0.428674,0.364815,0.418972,0.0,0.0,0.196239,0.28822,0.0,0.0,0.0,0.44349,0.520546,0.433876,0.0
131,0.246161,0.0,0.120416,1.016926,0.745587,0.250938,0.067189,1.18039,0.0,0.056094,0.429962,0.0,0.945787,0.0,0.003632,0.0,0.42261,0.133285,0.064343,0.0,0.073955,0.0,0.0,0.0,0.107332,0.069367,0.0,0.099493,0.0,0.0,1.466042,0.679357,0.009143,0.0,0.59355,0.316858,0.410757,0.0,0.0,0.467911,0.148462,0.0,0.0,0.0,0.521208,0.885347,0.287587,0.0
132,0.0,0.0,0.068023,1.025322,0.536783,0.187858,0.049992,1.242459,0.08555,0.099403,0.610377,0.0,1.124941,0.0,0.0,0.0,0.623419,0.228743,0.12074,0.0,0.017742,0.0,0.0,0.0,0.0,0.024313,0.0,0.139184,0.0,0.0,1.629297,0.908864,0.013738,0.0,0.646801,0.401837,0.670468,0.0,0.0,0.472039,0.245714,0.0,0.0,0.0,0.537605,0.926537,0.431551,0.020334
133,0.0,0.0,0.097185,1.10032,0.54089,0.237871,0.293775,1.417504,0.331571,0.025558,0.722069,0.0,1.213584,0.0,0.0,0.0,0.441393,0.256644,0.226379,0.0,0.17943,0.0,0.0,0.0,0.0,0.0,0.0,0.327545,0.0,0.0,1.65588,1.040956,0.234371,0.0,0.468721,0.437392,0.753301,0.0,0.0,0.273157,0.174185,0.0,0.0,0.0,0.688762,0.970504,0.345629,0.0
134,0.0,0.0,0.0,1.049937,0.68189,0.165703,0.275135,1.456629,0.58184,0.006663,0.77572,0.0,1.097043,0.0,0.165238,0.0,0.369121,0.374621,0.171802,0.0,0.394599,0.0,0.154921,0.0,0.0,0.056488,0.0,0.212323,0.0,0.0,1.249924,0.773713,0.389099,0.0,0.49638,0.499715,0.62134,0.0,0.0,0.23527,0.128651,0.0,0.0,0.0,0.697065,0.895318,0.330631,0.0
135,0.0,0.0,0.0,0.874042,0.682396,0.100825,0.2161,1.121521,0.44909,0.0,0.757143,0.0,0.847604,0.0,0.075284,0.0,0.480652,0.495681,0.0,0.0,0.255398,0.0,0.131941,0.0,0.0,0.179386,0.0,0.27308,0.0,0.0,1.119611,0.72244,0.174594,0.0,0.563781,0.64283,0.366395,0.0,0.0,0.498999,0.0,0.0,0.0,0.0,0.586638,0.850799,0.302114,0.0
136,0.0,0.0,0.016777,0.660923,0.932227,0.0,0.419782,0.55098,0.635496,0.0,0.783944,0.0,0.682432,0.0,0.091517,0.0,0.428418,0.584271,0.0,0.0,0.075509,0.0,0.260649,0.0,0.0,0.212213,0.0,0.603015,0.0,0.0,0.82858,0.823658,0.103493,0.0,0.335728,1.02031,0.08743,0.0,0.0,0.541882,0.0,0.0,0.0,0.0,0.281853,0.838842,0.087131,0.0
137,0.0,0.0,0.445422,0.593656,0.922085,0.0,0.522979,0.466739,0.531903,0.0,0.877314,0.0,0.866886,0.0,0.0,0.0,0.43419,0.720062,0.0,0.0,0.268054,0.0,0.443625,0.07706,0.0,0.452565,0.0,0.719649,0.0,0.0,1.079425,0.799251,0.251466,0.0,0.442341,0.893397,0.053158,0.0,0.0,0.676145,0.0,0.066958,0.0,0.0,0.468289,1.060021,0.067537,0.0
138,0.0,0.0,0.325957,0.455759,0.844805,0.0,0.621508,0.201092,0.654513,0.0,0.794435,0.0,0.659072,0.0,0.0,0.0,0.362434,0.774261,0.0,0.0,0.196019,0.0,0.468222,0.0,0.0,0.349049,0.0,0.777527,0.0,0.0,0.895308,0.796402,0.36237,0.0,0.202565,0.944826,0.0,0.0,0.0,0.476692,0.0,0.144386,0.0,0.0,0.330665,0.915877,0.0,0.0
139,0.0,0.0,0.27734,0.20733,0.913432,0.0,0.450822,0.0,0.534278,0.0,0.73866,0.0,0.516266,0.0,0.0,0.0,0.271352,0.839473,0.0,0.0,0.217844,0.0,0.562915,0.0,0.0,0.412194,0.0,0.632421,0.0,0.0,0.579862,0.668909,0.403004,0.0,0.23859,0.834285,0.0,0.0,0.0,0.610645,0.0,0.166942,0.0,0.0,0.275122,0.718792,0.0,0.0
140,0.0,0.0,0.0,0.167412,0.817408,0.0,0.51865,0.0,0.603771,0.0,0.525691,0.0,0.189378,0.0,0.189902,0.0,0.0,0.807815,0.0,0.0,0.255175,0.0,0.665094,0.0,0.0,0.307561,0.0,0.359547,0.0,0.0,0.340105,0.490174,0.61718,0.0,0.175771,0.718262,0.0,0.0,0.0,0.447929,0.0,0.01162,0.0,0.0,0.410301,0.501852,0.0,0.0
141,0.0,0.0,0.0,0.149095,0.735757,0.0,0.318463,0.0,0.421127,0.0,0.235432,0.0,0.0,0.0,0.259617,0.0,0.0,0.774882,0.0,0.0,0.230473,0.0046,0.525371,0.0,0.021687,0.365153,0.158905,0.028488,0.0,0.301314,0.208524,0.158839,0.620346,0.0,0.360239,0.43869,0.0,0.0,0.0,0.52731,0.076698,0.0,0.0,0.0,0.489968,0.337908,0.052435,0.0
142,0.0,0.0,0.0,0.223021,0.874188,0.0,0.452986,0.0,0.442932,0.0,0.0,0.104129,0.0,0.0,0.585199,0.0,0.0,0.828355,0.0,0.0,0.265034,0.217758,0.75625,0.0,0.092739,0.430435,0.220369,0.0,0.0,0.703085,0.012472,0.000636,0.881096,0.0,0.425263,0.410253,0.033694,0.094386,0.0,0.578467,0.006707,0.0,0.0,0.0,0.451685,0.086397,0.060053,0.0
143,0.22283,0.0,0.0,0.215844,0.716981,0.0,0.239758,0.0,0.50671,0.0,0.0,0.080362,0.0,0.0,0.815345,0.0,0.0,0.751126,0.0,0.0,0.41498,0.677305,0.818734,0.0,0.019375,0.342151,0.220388,0.0,0.0,1.173411,0.0,0.0,1.030636,0.0,0.807645,0.176007,0.130949,0.109758,0.0,0.591142,0.18127,0.0,0.0,0.0,0.786307,0.0,0.372621,0.0
144,0.0,0.0,0.0,0.086077,0.806426,0.0,0.406826,0.0,0.472762,0.0,0.0,0.277682,0.0,0.0,0.84187,0.0,0.0,0.636234,0.0,0.0,0.255879,0.591852,0.856755,0.0,0.0,0.262049,0.212276,0.0,0.0,1.120782,0.0,0.00133,1.041336,0.0,0.644457,0.159385,0.208325,0.241366,0.0,0.675584,0.075977,0.0,0.0,0.0,0.464548,0.0,0.282372,0.0
145,0.0,0.0,0.0,0.008263,0.681571,0.0,0.336664,0.0,0.403555,0.0,0.0,0.28878,0.0,0.0,0.822733,0.0,0.0,0.596813,0.0,0.0,0.155221,0.571397,0.693593,0.0,0.0,0.141432,0.191963,0.0,0.0,1.124115,0.0,0.061046,0.930108,0.0,0.702963,0.037951,0.223448,0.253278,0.0,0.669077,0.087061,0.0,0.031148,0.0,0.398459,0.0,0.354003,0.0
146,0.098108,0.0,0.0,0.006882,0.63516,0.0,0.173467,0.0,0.303674,0.0,0.0,0.170478,0.0,0.0,0.796279,0.0,0.0,0.619476,0.0,0.0,0.23531,0.715698,0.61759,0.0,0.0,0.273387,0.322152,0.0,0.0,1.251212,0.0,0.0,0.9458,0.0,0.857344,0.0,0.195707,0.185874,0.0,0.73073,0.358171,0.0,0.0,0.0,0.471742,0.0,0.511486,0.0
147,0.0,0.0,0.0,0.0,0.51199,0.0,0.219012,0.0,0.224636,0.0,0.0,0.09283,0.0,0.0,0.598772,0.0,0.0,0.571754,0.0,0.0,0.22043,0.588625,0.457108,0.0,0.034914,0.177346,0.334726,0.0,0.0,0.930512,0.0,0.0,0.631525,0.0,0.720406,0.0,0.232902,0.0,0.0,0.594157,0.240265,0.0,0.142589,0.0,0.503006,0.0,0.517549,0.0
148,0.0,0.0,0.0,0.059849,0.502239,0.0,0.259547,0.0,0.289039,0.0,0.0,0.191018,0.0,0.0,0.582193,0.0,0.0,0.447496,0.0,0.0,0.0,0.322567,0.392951,0.0,0.0,0.310765,0.291737,0.0,0.0,0.791102,0.0,0.0,0.438991,0.0,0.555169,0.02026,0.030978,0.0,0.0,0.515068,0.160063,0.0,0.0,0.0,0.327029,0.002272,0.36174,0.0
149,0.0,0.0,0.0,0.088725,0.455214,0.0,0.278229,0.0,0.382694,0.0,0.0,0.113416,0.0,0.0,0.633898,0.075896,0.0,0.473381,0.07119,0.0,0.000524,0.178218,0.329149,0.0,0.0,0.351437,0.260405,0.0,0.0,0.508253,0.091368,0.0,0.258875,0.0,0.530011,0.0,0.0,0.021072,0.0,0.443825,0.262763,0.0,0.0,0.0,0.25999,0.214659,0.474765,0.0
150,0.0,0.0,0.0,0.141526,0.348707,0.0,0.245731,0.021891,0.475321,0.134044,0.0,0.135252,0.192004,0.0,0.797437,0.076635,0.016597,0.561557,0.073428,0.0,0.0,0.0,0.375337,0.0,0.0,0.42013,0.121263,0.0,0.0,0.49899,0.122243,0.0,0.0,0.0,0.591583,0.0,0.0,0.0,0.0,0.383357,0.266341,0.0,0.0,0.0,0.111682,0.178792,0.698135,0.0
151,0.0,0.0,0.0,0.149369,0.287789,0.11516,0.192251,0.115577,0.226858,0.16905,0.032507,0.217541,0.360996,0.0,0.610564,0.0,0.162721,0.422706,0.036798,0.0,0.0,0.0,0.206762,0.0,0.0,0.313912,0.021586,0.0,0.0,0.294741,0.269145,0.032383,0.0,0.0,0.514474,0.0,0.0,0.0,0.0,0.342544,0.228118,0.0,0.0,0.0,0.030763,0.263867,0.693173,0.0
152,0.0,0.0,0.0,0.183364,0.291177,0.048209,0.209595,0.219107,0.331255,0.240481,0.0,0.132568,0.515675,0.0,0.816865,0.0,0.195638,0.433648,0.157223,0.0,0.0,0.0,0.254591,0.0,0.0,0.393168,0.01208,0.0,0.0,0.44107,0.28668,0.05798,0.0,0.0,0.493289,0.0,0.082024,0.0,0.0,0.317392,0.392385,0.0,0.0,0.0,0.088602,0.316939,0.80878,0.0
153,0.0,0.0,0.0,0.114286,0.378951,0.108694,0.115055,0.0,0.107239,0.210615,0.0,0.255451,0.351571,0.0,0.630487,0.0,0.240207,0.255501,0.0,0.0,0.0,0.068105,0.017872,0.0,0.0,0.275966,0.133959,0.0,0.0,0.430759,0.293334,0.086354,0.008122,0.0,0.368624,0.0,0.205597,0.0,0.0,0.382896,0.323053,0.0,0.0,0.0,0.0,0.118435,0.698368,0.0
154,0.0,0.0,0.0,0.11658,0.356653,0.038153,0.0,0.032412,0.012228,0.248344,0.0,0.156505,0.278192,0.0,0.69333,0.0,0.240635,0.239411,0.0,0.0,0.0,0.318711,0.0056,0.0,0.146708,0.316601,0.270869,0.0,0.0,0.716473,0.207609,0.0,0.320752,0.0,0.525424,0.0,0.387795,0.0,0.0,0.504862,0.540814,0.0,0.0,0.0,0.181101,0.078865,0.838475,0.056131
155,0.009213,0.0,0.0,0.123108,0.278326,0.057216,0.0,0.11186,0.0,0.227777,0.0,0.08695,0.235641,0.0,0.757646,0.0,0.30446,0.123206,0.0,0.0,0.0,0.44728,0.057239,0.0,0.137316,0.302598,0.299969,0.0,0.0,0.935507,0.060978,0.0,0.610557,0.0,0.60246,0.0,0.59453,0.0,0.0,0.623394,0.695153,0.0,0.0,0.0,0.292221,0.01168,1.054183,0.177873
156,0.0,0.0,0.0,0.015873,0.06757,0.087368,0.0,0.086013,0.0,0.369081,0.0,0.055666,0.240865,0.0,0.869925,0.0,0.336177,0.213936,0.0,0.0,0.0,0.57984,0.042154,0.0,0.135345,0.238176,0.162099,0.0,0.0,1.111598,0.0,0.0,0.663852,0.0,0.625134,0.0,0.66127,0.0,0.0,0.55712,0.751302,0.0,0.041717,0.0,0.292793,0.0,1.215065,0.168308
157,0.074542,0.0,0.0,0.111812,0.17513,0.137549,0.0,0.12146,0.051018,0.388567,0.0,0.077197,0.094508,0.0,0.919488,0.0,0.163847,0.079948,0.0,0.0,0.0,0.583525,0.263667,0.0,0.036399,0.233869,0.041239,0.0,0.0,1.238904,0.0,0.0,0.80123,0.0,0.689309,0.0,0.727719,0.0,0.0,0.576503,0.610823,0.0,0.0,0.0,0.345302,0.0,1.293185,0.006674
158,0.039994,0.0,0.0,0.041863,0.160908,0.230654,0.0,0.401361,0.003461,0.367469,0.0,0.174812,0.260892,0.0,0.905838,0.0,0.419155,0.042237,0.0,0.0,0.0,0.335533,0.22373,0.0,0.076859,0.413666,0.091261,0.0,0.0,1.017953,0.143948,0.0,0.675934,0.0,0.665443,0.0,0.659354,0.039152,0.0,0.558861,0.971105,0.0,0.0,0.0,0.19337,0.0,1.337131,0.202009
159,0.001099,0.0,0.0,0.070963,0.252707,0.237952,0.0,0.358862,0.0,0.543924,0.0,0.184946,0.226238,0.0,0.726444,0.0,0.441746,0.052882,0.0,0.0,0.0,0.161061,0.164485,0.0,0.281019,0.501026,0.001744,0.0,0.0,0.725234,0.29876,0.032526,0.4112,0.0,0.54934,0.0,0.531748,0.0,0.0,0.460211,0.663456,0.0,0.0,0.0,0.092496,0.0,0.995121,0.14218
160,0.261517,0.0,0.0,0.314915,0.0,0.394319,0.0,0.771412,0.0,0.58633,0.124058,0.150272,0.594983,0.0,0.523424,0.0,0.676359,0.076843,0.0,0.0,0.0,0.238361,0.0,0.0,0.351534,0.228137,0.0,0.0,0.0,0.537064,0.687158,0.214792,0.138181,0.0,0.718448,0.0,0.682813,0.0,0.0,0.323648,0.482684,0.0,0.0,0.0,0.28538,0.289214,1.008145,0.23054
161,0.295077,0.0,0.0,0.518349,0.0,0.47318,0.0,0.977586,0.0,0.676026,0.136983,0.0,0.523659,0.0,0.412074,0.0,0.863304,0.0,0.0,0.0,0.0,0.222144,0.0,0.0,0.265255,0.129806,0.0,0.0,0.0,0.450067,0.649275,0.0,0.265219,0.0,0.452245,0.0,0.846832,0.0,0.0,0.242243,0.691201,0.0,0.0,0.0,0.489529,0.257972,1.085136,0.160956
162,0.214847,0.0,0.0,0.566506,0.011403,0.471063,0.0,0.957362,0.0,0.781421,0.093728,0.0,0.615989,0.0,0.370368,0.0,0.854309,0.0,0.0,0.0,0.0,0.145637,0.0,0.0,0.367482,0.188386,0.0,0.0,0.0,0.262344,0.727906,0.0813,0.17747,0.0,0.393009,0.0,0.80788,0.0,0.0,0.124184,0.619299,0.0,0.0,0.0,0.408463,0.245708,0.90229,0.0773
163,0.448218,0.0,0.0,0.838684,0.015333,0.470299,0.0,1.310693,0.0,0.803405,0.135397,0.0,0.79549,0.0,0.379797,0.0,0.959046,0.0,0.0,0.0,0.044198,0.237217,0.0,0.0,0.298871,0.04339,0.0,0.0,0.0,0.328944,0.839335,0.189385,0.255648,0.0,0.492947,0.0,0.932423,0.0,0.0,0.318375,0.76406,0.0,0.0,0.0,0.530634,0.367942,0.88495,0.137846
164,0.325859,0.0,0.0,0.696205,0.0,0.507926,0.0,1.088736,0.0,0.731664,0.184267,0.0,0.63114,0.0,0.314661,0.0,0.859416,0.0,0.0,0.0,0.0,0.13859,0.0,0.0,0.25154,0.024205,0.0,0.0,0.0,0.283359,0.66382,0.132911,0.322385,0.0,0.382956,0.0,0.902391,0.0,0.0,0.173397,0.623109,0.0,0.0,0.0,0.506913,0.198506,0.900927,0.069539
165,0.136417,0.0,0.0,0.456156,0.0,0.448473,0.0,0.88923,0.0,0.633829,0.142465,0.0,0.492936,0.0,0.345023,0.0,0.675441,0.0,0.0,0.0,0.0,0.034526,0.106366,0.0,0.14688,0.08278,0.0,0.0,0.0,0.280018,0.560123,0.225331,0.3531,0.0,0.318739,0.0,0.764951,0.0,0.0,0.125262,0.570039,0.0,0.0,0.0,0.535577,0.093781,0.893634,0.057268
166,0.096614,0.0,0.0,0.339696,0.05795,0.443244,0.0,0.744615,0.0,0.510298,0.184089,0.0,0.213556,0.0,0.290736,0.0,0.534161,0.0,0.0,0.0,0.0,0.026834,0.17574,0.0,0.068191,0.022231,0.0,0.0,0.0,0.286346,0.361983,0.0,0.466171,0.0,0.255836,0.0,0.61445,0.0,0.0,0.079309,0.40396,0.0,0.0,0.0,0.512934,0.0,0.742293,0.055196
167,0.026266,0.0,0.190411,0.431028,0.200854,0.168292,0.0,0.508125,0.0,0.346466,0.226564,0.0,0.304047,0.0,0.195614,0.0,0.308496,0.173357,0.0,0.0,0.0,0.0828,0.074167,0.0,0.136249,0.094557,0.0,0.0,0.0,0.198085,0.466374,0.172852,0.202184,0.0,0.429384,0.011265,0.247392,0.0,0.0,0.11705,0.154925,0.0,0.0,0.0,0.310078,0.346473,0.419528,0.012698
168,0.0,0.0,0.0,0.256516,0.282198,0.168302,0.0,0.445926,0.18931,0.189467,0.124373,0.037188,0.085099,0.0,0.506003,0.0,0.096087,0.157629,0.0,0.0,0.037314,0.078195,0.298106,0.0,0.0,0.222316,0.0,0.0,0.0,0.241093,0.274801,0.105403,0.190477,0.0,0.242524,0.056365,0.158648,0.0,0.0,0.0,0.275638,0.0,0.0,0.0,0.180451,0.146439,0.422104,0.0
169,0.0,0.0,0.0,0.354907,0.270235,0.079868,0.0,0.193769,0.2804,0.169582,0.075958,0.135684,0.11568,0.0,0.656797,0.0,0.044483,0.388373,0.0,0.0,0.003252,0.028488,0.19879,0.0,0.00089,0.376318,0.0,0.0,0.0,0.329344,0.284587,0.01691,0.031462,0.0,0.227235,0.13286,0.018121,0.0,0.0,0.01711,0.185612,0.0,0.0,0.0,0.085718,0.26911,0.315982,0.0
170,0.0,0.0,0.071561,0.300847,0.31688,0.0,0.072869,0.225814,0.288056,0.049603,0.133835,0.00113,0.235593,0.0,0.511845,0.016488,0.139288,0.456986,0.0,0.0,0.0,0.0,0.204604,0.0,0.020076,0.427403,0.0,0.106837,0.0,0.154105,0.441204,0.139997,0.118312,0.0,0.190285,0.236629,0.089559,0.0,0.0,0.072305,0.170042,0.067401,0.0,0.0,0.150621,0.414929,0.20539,0.0
171,0.0,0.0,0.164244,0.351988,0.319033,0.041367,0.0,0.267494,0.163427,0.108556,0.171989,0.0,0.303857,0.0,0.371214,0.0,0.19174,0.41099,0.0,0.0,0.018406,0.002791,0.153936,0.0,0.071289,0.276882,0.0,0.118308,0.0,0.056347,0.323418,0.157565,0.088265,0.0,0.276019,0.155548,0.027457,0.0,0.0,0.1546,0.066565,0.193164,0.0,0.0,0.137563,0.502312,0.104151,0.0
172,0.0,0.0,0.398575,0.524709,0.342653,0.02345,0.0,0.437891,0.0,0.084473,0.175414,0.0,0.519129,0.0,0.210552,0.0,0.379337,0.357679,0.0,0.0,0.058382,0.055111,0.044392,0.0,0.130012,0.342926,0.008496,0.192263,0.0,0.0,0.596184,0.280452,0.115529,0.0,0.462631,0.090912,0.186217,0.0,0.0,0.369935,0.085123,0.203115,0.0,0.0,0.19884,0.643696,0.095669,0.0
173,0.0,0.0,0.190813,0.467961,0.140956,0.187651,0.0,0.54838,0.02416,0.076887,0.186531,0.00688,0.394694,0.0,0.433554,0.0,0.205371,0.244544,0.0,0.0,0.021797,0.0,0.234859,0.0,0.021081,0.244826,0.0,0.073214,0.0,0.018142,0.356552,0.245407,0.362272,0.0,0.350691,0.207095,0.081323,0.0,0.0,0.22673,0.340312,0.010953,0.0,0.0,0.465807,0.520235,0.095689,0.034398
174,0.097716,0.0,0.0,0.645878,0.0,0.281485,0.0,1.004784,0.0,0.160224,0.196378,0.0,0.479681,0.0,0.548064,0.0,0.47402,0.063105,0.0,0.0,0.1034,0.042955,0.157529,0.0,0.0,0.16174,0.0,0.0,0.0,0.016154,0.443632,0.278475,0.448493,0.0,0.462961,0.031778,0.365263,0.0,0.0,0.368255,0.793386,0.0,0.0,0.0,0.535965,0.494557,0.162107,0.152373
175,0.030832,0.0,0.422044,0.742546,0.0,0.156529,0.0,1.139988,0.0,0.170556,0.326653,0.0,0.604372,0.0,0.315188,0.0,0.617372,0.183378,0.0,0.0,0.016336,0.087393,0.0,0.0,0.002281,0.39149,0.0,0.125268,0.0,0.031997,0.941106,0.518568,0.454223,0.0,0.560175,0.136795,0.507199,0.0,0.0,0.410479,0.707967,0.0,0.0,0.0,0.694674,0.79485,0.042575,0.248964
176,0.0,0.0,0.43485,0.798255,0.0,0.288619,0.0,1.042966,0.0,0.198523,0.447218,0.0,0.598433,0.0,0.161772,0.0,0.69535,0.209325,0.0,0.0,0.0,0.0,0.0,0.0,0.0,0.308367,0.0,0.14411,0.0,0.033349,0.86336,0.343255,0.589393,0.0,0.570212,0.257878,0.448431,0.0,0.0,0.332264,0.718123,0.0,0.0,0.0,0.652848,0.827538,0.008546,0.370309
177,0.0,0.0,0.312388,0.681207,0.0,0.236543,0.0,1.088809,0.0,0.02869,0.451947,0.0,0.468238,0.0,0.400841,0.0,0.617716,0.324486,0.0,0.0,0.0,0.0,0.061588,0.0,0.0,0.374519,0.0,0.061516,0.0,0.018186,0.722868,0.394899,0.602199,0.0,0.440115,0.332402,0.302798,0.0,0.0,0.400921,0.75838,0.0,0.0,0.0,0.662052,0.720608,0.0,0.269053
178,0.0,0.0,0.469416,0.740422,0.058685,0.358999,0.0,0.918368,0.0,0.0,0.579412,0.0,0.605009,0.0,0.313473,0.0,0.410876,0.371278,0.0,0.0,0.02153,0.0,0.164672,0.0,0.0,0.264648,0.0,0.221888,0.0,0.0,0.72501,0.47183,0.742642,0.0,0.501967,0.401447,0.162033,0.0,0.0,0.428105,0.577038,0.0,0.0,0.0,0.63921,0.814809,0.0,0.272125
179,0.0,0.0,0.599743,0.658847,0.275576,0.209669,0.0,0.699584,0.10087,0.0,0.625496,0.0,0.643416,0.0,0.169116,0.0,0.421121,0.597672,0.0,0.0,0.043683,0.0,0.140733,0.0,0.0,0.413634,0.0,0.381709,0.0,0.0,0.952664,0.631492,0.759704,0.0,0.402366,0.659178,0.107476,0.0,0.0,0.368516,0.381082,0.067553,0.0,0.047192,0.525657,0.882122,0.0,0.226179
180,0.0,0.0,0.37795,0.495548,0.324504,0.219611,0.105959,0.665598,0.252575,0.0,0.680248,0.0,0.604364,0.0,0.38192,0.0,0.27585,0.778656,0.0,0.0,0.035266,0.0,0.138804,0.0,0.017487,0.453891,0.0,0.378816,0.0,0.0,0.996177,0.719215,0.652029,0.0,0.310207,0.732819,0.0,0.0,0.0,0.545376,0.422728,0.04352,0.0,0.0,0.466324,0.736588,0.0,0.133793
181,0.0,0.0,0.703274,0.866818,0.375458,0.066712,0.153094,0.931057,0.09823,0.0,0.818424,0.0,0.900597,0.0,0.009512,0.0,0.600809,0.853076,0.0,0.0,0.0,0.0,0.0,0.0,0.0,0.422547,0.0,0.533349,0.0,0.0,1.522651,0.953865,0.551254,0.0,0.491019,0.706512,0.207593,0.0,0.0,0.71344,0.318647,0.157543,0.0,0.453187,0.553653,0.967203,0.0,0.17022
182,0.0,0.0,0.616396,0.988266,0.549515,0.145547,0.242609,0.781067,0.412331,0.0,0.93896,0.0,1.018628,0.0,0.008338,0.037478,0.424544,1.095603,0.0,0.0,0.0,0.0,0.004117,0.0,0.0,0.393192,0.0,0.805657,0.0,0.0,1.513401,0.933754,0.506619,0.0,0.526411,0.99699,0.082509,0.0,0.0,0.691825,0.209103,0.342115,0.0,0.391502,0.446955,1.164932,0.0,0.002733
183,0.0,0.0,0.494093,1.061071,0.5156,0.250074,0.100595,0.979968,0.58043,0.0,1.022149,0.0,1.085379,0.0,0.0,0.078846,0.428254,1.264789,0.0,0.0,0.0,0.0,0.053345,0.0,0.0,0.197126,0.0,0.854664,0.0,0.0,1.771629,0.949159,0.526177,0.0,0.585928,0.984625,0.203081,0.0,0.0,0.609641,0.335686,0.220974,0.0,0.560877,0.594694,1.257581,0.0,0.0
184,0.0,0.0,0.571257,1.246923,0.608871,0.20655,0.244555,1.160137,0.697531,0.0,1.05714,0.0,1.183999,0.0,0.0,0.065514,0.355106,1.429826,0.347796,0.0,0.0,0.0,0.17175,0.0,0.000257,0.113131,0.0,0.828638,0.0,0.0,2.064614,0.933927,0.512993,0.0,0.516768,0.992157,0.352636,0.0,0.0,0.59385,0.369574,0.163566,0.0,0.640131,0.903499,1.583693,0.0,0.0
185,0.0,0.0,0.154379,1.089581,0.599288,0.244252,0.148253,0.871303,1.068667,0.0,0.996307,0.0,0.874958,0.0,0.151399,0.096318,0.000394,1.634836,0.63015,0.0,0.0,0.0,0.406117,0.0,0.138597,0.1722,0.0,0.826419,0.0,0.0,1.661653,0.560519,0.379992,0.0,0.537853,1.17621,0.100903,0.0,0.0,0.376157,0.33413,0.094327,0.0,0.467577,0.824178,1.503581,0.0,0.0
186,0.0,0.0,0.012179,1.149961,0.561233,0.229664,0.240474,0.733724,1.235207,0.0,0.912335,0.0,0.709441,0.0,0.268529,0.0,0.0,1.642147,0.752834,0.0,0.0,0.0,0.531883,0.0,0.097122,0.082666,0.0,0.859143,0.0,0.0,1.507609,0.402508,0.31751,0.0,0.406336,1.233021,0.052832,0.0,0.0,0.191802,0.570017,0.175811,0.0,0.249365,0.925813,1.614119,0.0,0.0
187,0.0,0.0,0.0,1.105921,0.619712,0.388883,0.043429,0.829179,1.199102,0.0,1.027859,0.0,0.58367,0.0,0.327311,0.0,0.0,1.711527,0.857875,0.0,0.0,0.0,0.571839,0.0,0.19984,0.004553,0.0,0.718647,0.0,0.0,1.416643,0.183111,0.260612,0.0,0.609587,1.119427,0.0,0.0,0.0,0.226735,0.542749,0.131248,0.0,0.295764,0.858376,1.586727,0.0,0.0
188,0.0,0.0,0.220609,1.211178,0.782483,0.235906,0.181187,0.679859,1.124333,0.0,1.013957,0.0,0.643415,0.0,0.164263,0.0,0.0,1.727958,0.730022,0.0,0.0,0.0,0.668196,0.0,0.257738,0.089641,0.0,0.77985,0.0,0.0,1.612889,0.27086,0.302829,0.0,0.451272,1.201141,0.069081,0.0,0.0,0.325601,0.593591,0.314783,0.0,0.244222,0.982975,1.754739,0.0,0.0
189,0.0,0.0,0.0,1.130618,0.613968,0.36374,0.185688,0.645552,1.408262,0.0,0.984796,0.0,0.467912,0.0,0.378169,0.0,0.0,1.690142,0.666609,0.0,0.0,0.0,0.762454,0.0,0.23442,0.0,0.0,0.522829,0.0,0.0,1.440642,0.071025,0.396513,0.0,0.423198,1.106067,0.0,0.0,0.0,0.033154,0.664508,0.19081,0.0,0.058414,0.964551,1.592163,0.0,0.0
190,0.0,0.0,0.0,0.931936,0.51417,0.322106,0.0,0.580475,1.247104,0.0,0.864604,0.0,0.422118,0.0,0.402614,0.0,0.0,1.654296,0.494235,0.0,0.0,0.0,0.559054,0.0,0.377114,0.0,0.0,0.206273,0.0,0.0,1.286352,0.050868,0.236796,0.0,0.686695,0.914632,0.107143,0.0,0.0,0.171771,0.747046,0.041428,0.0,0.17639,0.747001,1.416044,0.0,0.0
191,0.0,0.0,0.349303,1.019364,0.758733,0.044756,0.055038,0.318896,1.294028,0.0,0.922906,0.0,0.631453,0.0,0.022136,0.0,0.0,1.747528,0.33016,0.0,0.0,0.0,0.646088,0.0,0.158509,0.0,0.0,0.421101,0.0,0.026103,1.600267,0.285814,0.413126,0.0,0.603151,0.949136,0.222771,0.0,0.0,0.12895,0.877721,0.341584,0.0,0.215681,0.836836,1.664288,0.0,0.0
192,0.0,0.0,0.242699,0.862235,0.755531,0.0,0.264521,0.0,1.409586,0.0,0.802366,0.0,0.408753,0.0,0.431399,0.0,0.0,1.784089,0.077066,0.0,0.0,0.223907,0.794151,0.0,0.34315,0.057036,0.0,0.16923,0.0,0.175259,1.012004,0.0,0.394576,0.0,0.601436,0.920087,0.0,0.0,0.0,0.157517,0.637517,0.377192,0.0,0.0,0.558136,1.54597,0.0,0.0
193,0.0,0.0,0.102184,0.475655,0.405088,0.057078,0.124032,0.0,1.321213,0.0,0.537721,0.160445,0.163969,0.0,0.785721,0.0,0.0,1.601833,0.0,0.0,0.0,0.464214,0.656254,0.0,0.268448,0.0,0.0,0.0,0.0,0.531993,0.483392,0.0,0.284149,0.0,0.786309,0.471102,0.0,0.0,0.0,0.07928,0.783909,0.099899,0.0,0.0,0.38262,1.238395,0.277112,0.0
194,0.0,0.0,0.0,0.319457,0.235805,0.0,0.369713,0.0,1.225224,0.0,0.333803,0.481292,0.055954,0.0,1.133062,0.0,0.0,1.582737,0.0,0.0,0.0,0.74037,0.550403,0.0,0.220678,0.008258,0.0,0.0,0.0,0.788963,0.456835,0.0,0.314944,0.0,0.75673,0.355778,0.0,0.0,0.0,0.160751,0.809057,0.091592,0.0,0.0,0.219229,0.971393,0.440558,0.0
195,0.0,0.0,0.048434,0.187108,0.242533,0.0,0.371562,0.0,1.028824,0.0,0.208325,0.627519,0.0,0.0,1.416773,0.0,0.0,1.400859,0.0,0.0,0.0,1.041852,0.55435,0.0,0.38971,0.163643,0.0,0.0,0.0,1.00386,0.140136,0.0,0.351474,0.0,1.066919,0.102797,0.0,0.0,0.0,0.413333,0.675012,0.0,0.0,0.0,0.191456,0.832593,0.734173,0.0
196,0.0,0.0,0.0,0.060639,0.172208,0.0,0.355219,0.0,0.772275,0.0,0.084697,0.675322,0.0,0.0,1.457243,0.0,0.0,1.176771,0.0,0.0,0.0,1.140879,0.446853,0.0,0.230145,0.193751,0.0,0.0,0.0,1.256272,0.094977,0.0,0.476565,0.0,1.027337,0.0,0.0,0.0,0.0,0.640372,0.81185,0.0,0.0,0.0,0.159775,0.584526,0.925318,0.057846
197,0.0,0.0,0.142728,0.0,0.212463,0.0,0.236912,0.0,0.674653,0.0,0.227927,0.62568,0.0,0.0,1.279569,0.0,0.0,0.985632,0.0,0.0,0.0,1.156085,0.566186,0.0,0.146306,0.07118,0.0,0.0,0.0,1.267377,0.0,0.0,0.695833,0.0,1.083518,0.0,0.066641,0.0,0.0,0.704405,0.751902,0.046628,0.0,0.0,0.13423,0.515594,0.859023,0.105876
198,0.0,0.0,0.17691,0.0,0.029893,0.0,0.176157,0.0,0.484136,0.00982,0.29,0.615035,0.057879,0.0,1.12735,0.0,0.06685,0.861457,0.0,0.0,0.0,1.058594,0.318705,0.0,0.099662,0.0,0.0,0.0,0.0,1.342495,0.0,0.0,0.568181,0.0,1.186603,0.0,0.325766,0.095511,0.0,0.539194,0.654283,0.029569,0.0,0.0,0.0215,0.359004,0.990149,0.157045
199,0.0,0.0,0.269177,0.0,0.0,0.0,0.053335,0.0,0.444245,0.087917,0.296284,0.592101,0.0,0.0,1.014847,0.0,0.0,0.620274,0.0,0.0,0.0,0.89214,0.382345,0.0,0.13978,0.0,0.0,0.0,0.0,1.265002,0.0,0.0,0.541246,0.0,1.181432,0.0,0.400754,0.0,0.0,0.437263,0.484673,0.0,0.0,0.0,0.0,0.360714,0.879436,0.078549
200,0.0,0.0,0.160693,0.066116,0.0,0.0,0.157372,0.0,0.264322,0.262516,0.167293,0.65752,0.0,0.0,1.023068,0.0,0.197643,0.47063,0.0,0.0,0.0,0.806505,0.168337,0.0,0.0,0.120759,0.0,0.0,0.0,1.110339,0.053169,0.0,0.490583,0.0,0.857793,0.080541,0.476103,0.0,0.0,0.251923,0.712477,0.0,0.0,0.0,0.027142,0.323097,0.955106,0.085175
201,0.127681,0.0,0.0,0.0,0.0,0.0,0.0,0.122358,0.155344,0.16115,0.329108,0.527401,0.02929,0.0,1.015003,0.024743,0.339059,0.408512,0.0,0.0,0.0,0.577865,0.161738,0.0,0.084406,0.111797,0.0,0.0,0.0,0.809998,0.089707,0.0,0.443675,0.0,0.762057,0.0,0.417443,0.0,0.0,0.401447,0.806579,0.0,0.0,0.0,0.0,0.359519,0.986042,0.30347
202,0.25079,0.0,0.156953,0.16834,0.0,0.0,0.0,0.381725,0.014694,0.218096,0.375654,0.278082,0.108476,0.0,0.755716,0.0,0.440615,0.41002,0.0,0.0,0.0,0.552686,0.0,0.0,0.262449,0.168363,0.0,0.0,0.0,0.589817,0.233939,0.0,0.288181,0.0,0.75927,0.0,0.510154,0.0,0.0,0.416873,0.656709,0.0,0.0,0.0,0.0,0.535678,0.692759,0.275069
203,0.119552,0.0,0.290736,0.354621,0.0,0.0,0.0,0.338889,0.0,0.26663,0.337886,0.11364,0.312103,0.0,0.455393,0.0,0.524436,0.32057,0.0,0.0,0.0,0.403256,0.0,0.0,0.108592,0.252538,0.0,0.0,0.0,0.481579,0.569566,0.009214,0.287612,0.0,0.729468,0.0,0.616212,0.0,0.0,0.245469,0.673718,0.0,0.0,0.0,0.0,0.70515,0.514569,0.337486
204,0.065772,0.0,0.070061,0.400253,0.0,0.0,0.0,0.301624,0.01044,0.176244,0.242587,0.136119,0.382178,0.0,0.600629,0.0,0.434867,0.280314,0.0,0.0,0.0,0.217257,0.0,0.0,0.049966,0.31998,0.0,0.0,0.0,0.327333,0.407744,0.0,0.223735,0.0,0.501705,0.02578,0.375642,0.0,0.0,0.25718,0.658582,0.00657,0.0,0.0,0.079703,0.684903,0.539458,0.237307
205,0.023466,0.0,0.036294,0.361509,0.050767,0.0,0.0,0.412125,0.040769,0.189229,0.296418,0.029982,0.496344,0.0,0.411208,0.0,0.437956,0.290737,0.0,0.0,0.0,0.07206,0.0,0.0,0.039862,0.258672,0.0,0.0,0.0,0.197973,0.66493,0.106369,0.191244,0.0,0.528082,0.0,0.384881,0.0,0.0,0.282187,0.537834,0.0,0.0,0.0,0.006644,0.685386,0.285735,0.239299
206,0.071674,0.0,0.040895,0.308356,0.150784,0.010991,0.028626,0.435439,0.175037,0.010331,0.348024,0.0,0.45248,0.0,0.460865,0.032917,0.367579,0.427434,0.0,0.0,0.0,0.0,0.0,0.0,0.041468,0.340117,0.005606,0.0,0.0,0.0,0.561073,0.14106,0.013,0.0,0.548341,0.0,0.125794,0.0,0.0,0.42581,0.238793,0.005081,0.0,0.0,0.01104,0.658472,0.266338,0.0
207,0.0,0.0,0.118367,0.029807,0.41785,0.0,0.185666,0.133726,0.291965,0.0,0.327467,0.0,0.316626,0.0,0.419599,0.169629,0.350422,0.575295,0.0,0.0,0.0,0.0,0.028124,0.150646,0.047526,0.556042,0.217806,0.015735,0.0,0.0,0.410232,0.074165,0.0,0.0,0.415896,0.113302,0.0,0.0,0.0,0.477223,0.031143,0.077136,0.0,0.0,0.09008,0.567801,0.358243,0.0
208,0.0,0.0,0.0,0.0,0.57421,0.0,0.613579,0.0,0.523455,0.0,0.392865,0.0,0.130498,0.0,0.505368,0.374439,0.245463,0.493607,0.0,0.0,0.0,0.0,0.12208,0.049627,0.0,0.313603,0.09547,0.069487,0.0,0.060182,0.122217,0.31717,0.0,0.0,0.138498,0.406166,0.0,0.0,0.0,0.565121,0.0,0.0,0.0,0.0,0.0,0.272934,0.054464,0.0
209,0.0,0.0,0.0,0.0,0.761442,0.0,0.816969,0.0,0.683783,0.0,0.587071,0.0,0.137147,0.0,0.326536,0.445237,0.28569,0.704376,0.0,0.0,0.0,0.0,0.400609,0.110401,0.0,0.445212,0.220382,0.11311,0.0,0.0,0.14507,0.328691,0.087433,0.055128,0.073223,0.499152,0.0,0.0,0.0,0.526394,0.0,0.0,0.0,0.0,0.0,0.289317,0.128949,0.0
210,0.0,0.0,0.082343,0.0,0.844278,0.0,1.013976,0.0,0.688774,0.0,0.650232,0.0,0.0,0.0,0.383732,0.345531,0.145227,0.594465,0.0,0.0,0.0,0.0,0.304612,0.0,0.0,0.016275,0.0,0.02696,0.0,0.102431,0.0,0.454362,0.097253,0.0,0.0,0.63923,0.0,0.0,0.0,0.557037,0.0,0.0,0.0,0.0,0.0,0.170111,0.0,0.0
211,0.0,0.0,0.122519,0.0,1.063,0.0,1.16357,0.0,0.829243,0.0,0.960025,0.0,0.156422,0.0,0.0,0.517066,0.252751,0.745688,0.0,0.0,0.0,0.0,0.386578,0.0,0.0,0.257334,0.196746,0.260158,0.0,0.0,0.054973,0.680747,0.058754,0.0,0.0,0.755807,0.0,0.0,0.0,0.618489,0.0,0.0,0.0,0.0,0.0,0.355344,0.0,0.0
212,0.0,0.0,0.183665,0.0,1.027373,0.0,1.17365,0.0,0.973062,0.0,1.129823,0.0,0.172652,0.0,0.0,0.42096,0.15436,0.767293,0.0,0.0,0.0,0.0,0.551523,0.0,0.0,0.141332,0.06345,0.221153,0.0,0.0,0.023667,0.803865,0.318357,0.0,0.0,0.749672,0.0,0.0,0.0,0.440589,0.0,0.0,0.0,0.0,0.0,0.27469,0.001655,0.0
213,0.0,0.0,0.228556,0.0,0.865154,0.0,1.184282,0.0,1.049942,0.0,1.042065,0.0,0.021689,0.0,0.0,0.354246,0.119244,0.705997,0.0,0.0,0.0,0.0,0.459415,0.0,0.0,0.0,0.0,0.140183,0.0,0.0,0.00734,0.830181,0.193488,0.0,0.0,0.708337,0.0,0.0,0.0,0.361447,0.0,0.0,0.0,0.0,0.0,0.196138,0.0,0.0
214,0.0,0.0,0.094904,0.0,0.714487,0.0,1.304769,0.00623,1.236483,0.0,1.019601,0.013919,0.0,0.0,0.0,0.316559,0.0,0.677006,0.0,0.0,0.0,0.0,0.501256,0.0,0.0,0.0,0.0,0.040122,0.0,0.068579,0.001224,0.697749,0.124715,0.0,0.0,0.56899,0.0,0.0,0.0,0.344218,0.0,0.0,0.0,0.0,0.0,0.080536,0.0,0.0
215,0.0,0.0,0.307501,0.0,0.659194,0.0,1.185213,0.0,1.157596,0.0,0.878353,0.105344,0.030449,0.0,0.0,0.304165,0.0,0.527257,0.0,0.0,0.0,0.0,0.450197,0.0,0.0,0.0,0.0,0.144488,0.0,0.268686,0.041107,0.66755,0.165973,0.0,0.0,0.376312,0.014568,0.0,0.0,0.211558,0.0,0.0,0.0,0.0,0.0,0.124407,0.0,0.0
216,0.0,0.0,0.179009,0.0,0.676878,0.0,1.13298,0.17293,1.086128,0.0,0.951665,0.249209,0.184047,0.0,0.158584,0.202064,0.0,0.589598,0.0,0.024924,0.0,0.0,0.553792,0.0,0.0,0.016881,0.0,0.0,0.0,0.321689,0.006526,0.472719,0.227451,0.0,0.031703,0.310515,0.018197,0.0,0.0,0.42451,0.0,0.0,0.0,0.0,0.0,0.0,0.088609,0.0
217,0.0,0.0,0.066583,0.0,0.579984,0.0,1.044346,0.364944,0.810163,0.123375,0.668975,0.169078,0.042111,0.0,0.348316,0.139951,0.0,0.491267,0.0,0.00308,0.0,0.0,0.544811,0.0,0.0,0.130832,0.0,0.0,0.0,0.354131,0.0,0.190189,0.268928,0.0,0.238204,0.010483,0.016398,0.0,0.0,0.531077,0.0,0.0,0.0,0.0,0.068678,0.0,0.251283,0.0
218,0.0,0.0,0.0,0.0,0.510809,0.071794,0.910047,0.362031,0.613682,0.199574,0.549737,0.115708,0.0,0.0,0.270327,0.078004,0.010998,0.410834,0.0,0.0,0.0,0.0,0.476078,0.0,0.0,0.031019,0.0,0.0,0.0,0.48395,0.0,0.064152,0.398312,0.0,0.110029,0.0,0.205352,0.009228,0.0,0.486321,0.0,0.0,0.0,0.0,0.146117,0.0,0.316153,0.0
219,0.0,0.0,0.0,0.0,0.594217,0.077921,0.920922,0.172446,0.691686,0.105623,0.432063,0.057065,0.0,0.0,0.235063,0.054254,0.0,0.326874,0.0,0.0,0.0,0.06347,0.595501,0.0,0.0,0.012358,0.0,0.0,0.0,0.393692,0.0,0.168285,0.415498,0.0,0.0,0.06085,0.247232,0.0,0.0,0.2689,0.0,0.0,0.0,0.0,0.273112,0.0,0.19493,0.0
220,0.0,0.0,0.00502,0.0,0.876404,0.0,1.199644,0.0,0.945219,0.0,0.723184,0.166704,0.0,0.0,0.281661,0.142313,0.0,0.533552,0.0,0.0,0.0,0.0,0.679767,0.0,0.0,0.039635,0.0,0.0,0.0,0.26509,0.0,0.530921,0.356349,0.0,0.0,0.306563,0.180755,0.0,0.0,0.274708,0.0,0.0,0.0,0.0,0.0,0.0,0.0,0.0
221,0.0,0.0,0.069267,0.0,0.810541,0.0,1.117961,0.0,1.078258,0.0,1.037125,0.0,0.0,0.0,0.0,0.151875,0.0,0.667597,0.0,0.0,0.0,0.0,0.595351,0.0,0.0,0.0,0.0,0.0,0.0,0.046456,0.0,0.681652,0.376691,0.0,0.0,0.482721,0.084197,0.0,0.0,0.334585,0.0,0.0,0.0,0.0,0.0,0.0,0.0,0.0
222,0.0,0.0,0.049877,0.0,0.872021,0.0,1.290887,0.0,1.27955,0.0,1.174848,0.048591,0.0,0.0,0.0,0.188033,0.0,0.896254,0.0,0.0,0.0,0.0,0.584913,0.0,0.0,0.0,0.0,0.0,0.0,0.054911,0.0,0.768083,0.424227,0.0,0.0,0.642977,0.017645,0.0,0.0,0.253411,0.0,0.0,0.0,0.0,0.0,0.0,0.0,0.0
223,0.0,0.0,0.304078,0.0,1.09329,0.0,1.276218,0.0,1.28685,0.0,1.330963,0.0,0.0,0.0,0.0,0.165521,0.0,1.043071,0.0,0.0,0.0,0.0,0.556656,0.0,0.0,0.0,0.0,0.0,0.0,0.0,0.0,0.585294,0.405747,0.0,0.0,0.752579,0.0,0.0,0.0,0.437728,0.0,0.0,0.0,0.0,0.0,0.111767,0.0,0.0
224,0.0,0.0,0.067315,0.0,1.079729,0.0,1.568539,0.0,1.575425,0.0,1.238974,0.0,0.0,0.0,0.0,0.109921,0.0,1.248973,0.0,0.0,0.0,0.0,0.715903,0.0,0.0,0.0,0.0,0.09005,0.0,0.0,0.052814,0.569916,0.616751,0.0,0.0,1.013096,0.044635,0.0,0.0,0.086645,0.0,0.0,0.0,0.0,0.0,0.226778,0.0,0.0
225,0.0,0.0,0.0,0.0,1.027547,0.0,1.526588,0.0,1.55439,0.0,1.241621,0.036202,0.0,0.0,0.009582,0.04295,0.0,1.197286,0.0,0.0,0.0,0.0,0.585481,0.0,0.0,0.0,0.0,0.0,0.0,0.0,0.012332,0.618193,0.669328,0.0,0.0,1.032346,0.0,0.0,0.0,0.0,0.0,0.0,0.0,0.0,0.0,0.096105,0.0,0.0
226,0.0,0.0,0.156846,0.0,1.241539,0.0,1.380962,0.0,1.5153,0.0,1.36045,0.0,0.0,0.0,0.0,0.132313,0.0,1.201228,0.0,0.0,0.0,0.0,0.546069,0.0,0.0,0.0,0.0,0.210588,0.0,0.0,0.099776,0.741865,0.700893,0.0,0.0,1.211468,0.104692,0.0,0.0,0.0,0.0,0.0,0.0,0.0,0.0,0.452916,0.0,0.0
227,0.0,0.0,0.120181,0.0,1.016291,0.0,1.174704,0.0,1.327123,0.0,1.241625,0.0,0.0,0.0,0.0,0.0,0.0,1.042864,0.0,0.0,0.0,0.0,0.314578,0.0,0.0,0.0,0.0,0.0,0.0,0.0,0.162049,0.547005,0.726567,0.0,0.0,1.109582,0.097176,0.0,0.0,0.0,0.0,0.0,0.0,0.0,0.0,0.315934,0.0,0.0
228,0.0,0.0,0.09538,0.0,0.775758,0.0,0.89712,0.0,1.078054,0.0,0.98129,0.0,0.0,0.038765,0.0,0.0,0.0,0.786421,0.0,0.0,0.0,0.0,0.025694,0.0,0.0,0.0,0.0,0.0,0.0,0.0,0.298909,0.448531,0.735881,0.0,0.0,0.932682,0.277057,0.0,0.0,0.0,0.0,0.0,0.0,0.0,0.0,0.091234,0.0,0.0
229,0.0,0.0,0.213312,0.196734,0.722128,0.0,0.770112,0.0,1.076904,0.0,1.195829,0.0,0.076424,0.0,0.0,0.0,0.0,0.738308,0.0,0.0,0.0,0.0,0.074662,0.0,0.0,0.0,0.0,0.20021,0.0,0.0,0.410181,0.649701,0.641852,0.0,0.0,1.082799,0.495293,0.0,0.0,0.0,0.0,0.0,0.0,0.0,0.0,0.513091,0.0,0.0
230,0.0,0.0,0.333499,0.336438,0.762568,0.0,0.564517,0.11528,0.828051,0.0,1.199915,0.0,0.182158,0.0,0.0,0.0,0.063932,0.6197,0.0,0.0,0.0,0.0,0.218964,0.0,0.0,0.0,0.0,0.329948,0.0,0.0,0.692179,0.744696,0.653591,0.0,0.0,1.020223,0.577179,0.0,0.0,0.0,0.0,0.0,0.0,0.0,0.003322,0.609806,0.0,0.0
231,0.0,0.0,0.0,0.279627,0.690996,0.0,0.55182,0.477703,0.78302,0.0,1.080529,0.0,0.040553,0.0,0.0,0.0,0.0,0.490977,0.0,0.0,0.0,0.0,0.299007,0.0,0.0,0.0,0.0,0.200511,0.0,0.0,0.377673,0.797945,0.611104,0.0,0.0,0.881489,0.41382,0.0,0.0,0.0,0.0,0.0,0.0,0.0,0.0,0.346094,0.0,0.0
232,0.0,0.0,0.0,0.340664,0.672886,0.017983,0.470572,0.672343,0.699502,0.0,1.160856,0.0,0.212333,0.0,0.0,0.0,0.041047,0.57265,0.0,0.0,0.0,0.0,0.532966,0.0,0.0,0.0,0.0,0.318558,0.0,0.0,0.430327,0.944274,0.648659,0.0,0.0,0.940327,0.43969,0.0,0.0,0.0,0.0,0.0,0.0,0.0,0.042748,0.305845,0.02555,0.0
233,0.0,0.0,0.0,0.546826,0.757109,0.0038,0.407558,0.914084,0.719193,0.0,1.051092,0.0,0.221332,0.0,0.0,0.0,0.014439,0.483192,0.0,0.0,0.075617,0.0,0.563796,0.0,0.0,0.0,0.0,0.381235,0.0,0.0,0.440005,0.917193,0.510231,0.0,0.0,0.831617,0.44928,0.0,0.0,0.0,0.0,0.0,0.0,0.0,0.173442,0.395385,0.03322,0.0
234,0.0,0.0,0.171689,0.807959,0.789556,0.261956,0.449381,0.899528,0.455956,0.0,1.079253,0.0,0.626737,0.0,0.0,0.0,0.282967,0.324906,0.0,0.0,0.161606,0.0,0.26355,0.0,0.0,0.0,0.0,0.668214,0.0,0.0,1.015831,1.03715,0.392813,0.0,0.0,0.939568,0.490807,0.0,0.0,0.158865,0.0,0.0,0.0,0.0,0.23885,0.743278,0.040113,0.0
235,0.0,0.0,0.014522,0.944693,0.866476,0.144242,0.514829,1.2384,0.507948,0.0,1.017131,0.0,0.739093,0.0,0.0,0.0,0.27144,0.295514,0.0,0.0,0.425321,0.0,0.290629,0.0,0.0,0.0,0.0,0.365679,0.0,0.0,1.052385,0.97557,0.566219,0.0,0.0,0.857847,0.485718,0.0,0.0,0.267721,0.0,0.0,0.0,0.0,0.517126,0.749012,0.0,0.0
236,0.0,0.0,0.388043,1.000992,0.77942,0.22438,0.407549,1.204517,0.258431,0.0,1.002553,0.0,1.033646,0.0,0.0,0.0,0.413207,0.188882,0.0,0.0,0.248679,0.0,0.0,0.0,0.0,0.0,0.0,0.545188,0.0,0.0,1.37248,1.19043,0.500481,0.0,0.280612,0.881853,0.510912,0.0,0.0,0.508571,0.0,0.0,0.0,0.0,0.504687,0.864191,0.0,0.0
237,0.20401,0.0,0.591492,1.163406,0.82198,0.283532,0.335722,1.238631,0.083457,0.0,1.080836,0.0,1.316746,0.0,0.0,0.0,0.638939,0.07802,0.0,0.0,0.203363,0.0,0.0,0.0,0.0,0.0,0.0,0.582773,0.0,0.0,1.636098,1.273638,0.482473,0.0,0.567149,0.807381,0.567318,0.0,0.0,0.829934,0.0,0.0,0.0,0.099643,0.491579,1.022093,0.0,0.044919
238,0.172238,0.0,0.670108,1.100652,0.641309,0.286759,0.46902,1.477495,0.104743,0.0,1.150117,0.0,1.494676,0.0,0.0,0.0,0.611606,0.171089,0.0,0.0,0.293339,0.0,0.0,0.0,0.0,0.0,0.0,0.488054,0.0,0.0,1.747205,1.426832,0.663804,0.0,0.519801,0.76104,0.659615,0.0,0.0,0.78751,0.0,0.0,0.0,0.086279,0.714919,1.043939,0.0,0.114394
239,0.032815,0.0,0.213922,0.897861,1.000894,0.134773,0.382295,1.258213,0.231857,0.0,0.899846,0.0,1.214522,0.0,0.0,0.0,0.499497,0.23706,0.0,0.0,0.379154,0.0,0.059606,0.0,0.0,0.228635,0.0,0.348741,0.0,0.0,1.394288,1.156658,0.679991,0.0,0.260094,0.958069,0.55548,0.0,0.0,0.687212,0.0,0.0,0.0,0.0,0.590675,0.834749,0.0,0.0
240,0.0,0.0,0.078828,0.918589,0.903291,0.213298,0.261133,1.338848,0.251497,0.0,0.954997,0.0,1.271458,0.0,0.0,0.0,0.474996,0.236689,0.0,0.0,0.415144,0.0,0.073959,0.0,0.0,0.093521,0.0,0.35879,0.0,0.0,1.233357,1.170714,0.765978,0.0,0.365,0.942318,0.657209,0.0,0.0,0.524067,0.021281,0.0,0.0,0.0,0.576417,0.813569,0.0,0.0
241,0.0,0.0,0.20187,1.003932,0.766523,0.367071,0.216395,1.394507,0.118507,0.031735,0.930376,0.0,1.39222,0.0,0.0,0.0,0.613702,0.205964,0.0,0.0,0.365594,0.0,0.0,0.0,0.0,0.0,0.0,0.468092,0.0,0.0,1.480464,1.269117,0.771246,0.0,0.36814,0.965852,0.805479,0.0,0.0,0.46832,0.094752,0.0,0.0,0.0,0.644907,0.881917,0.007302,0.143593
242,0.107951,0.0,0.186165,1.158953,0.980528,0.431366,0.099976,1.392875,0.0,0.069442,0.911535,0.0,1.450359,0.0,0.0,0.0,0.832029,0.091082,0.0,0.0,0.367206,0.0,0.0,0.0,0.0,0.0,0.0,0.468785,0.0,0.0,1.662268,1.1586,0.701762,0.0,0.393702,0.895292,0.873287,0.0,0.0,0.610225,0.16011,0.0,0.0,0.0,0.55968,0.947087,0.0,0.262025
243,0.289229,0.0,0.01974,1.209676,0.976449,0.419826,0.0,1.720213,0.0,0.128291,0.970871,0.0,1.537054,0.0,0.0,0.0,0.980346,0.002882,0.0,0.0,0.453942,0.0,0.0,0.0,0.0,0.0,0.0,0.135005,0.0,0.0,1.705582,1.098392,0.742251,0.0,0.513052,0.627197,0.995391,0.0,0.0,0.804056,0.317748,0.0,0.0,0.091265,0.670758,1.007439,0.0,0.315906
244,0.141091,0.0,0.298186,1.329234,0.85147,0.391536,0.0,1.725906,0.0,0.0,0.963907,0.0,1.450161,0.0,0.0,0.0,0.922205,0.060466,0.0,0.0,0.331177,0.0,0.0,0.0,0.0,0.0,0.0,0.368633,0.0,0.0,1.956951,1.205865,0.722347,0.0,0.518244,0.802565,1.032956,0.0,0.0,0.613414,0.308503,0.0,0.0,0.023127,0.833656,0.899077,0.0,0.327279
245,0.0,0.0,0.226734,1.277923,0.568295,0.281987,0.0,1.996739,0.0,0.0,0.995179,0.0,1.442089,0.0,0.0,0.0,0.719982,0.097894,0.0,0.0,0.515612,0.0,0.0,0.0,0.0,0.0,0.0,0.332172,0.0,0.0,1.812513,1.359633,0.868851,0.0,0.502052,0.737962,1.201476,0.0,0.0,0.388166,0.32956,0.0,0.0,0.0,1.104788,0.894326,0.016744,0.194874
246,0.0,0.0,0.410948,1.294084,0.61468,0.417942,0.116792,1.762119,0.0,0.0,0.976171,0.0,1.126998,0.0,0.0,0.0,0.59728,0.086622,0.0,0.0,0.361141,0.0,0.0,0.0,0.0,0.0,0.0,0.527582,0.0,0.0,1.687329,1.171121,0.7977,0.0,0.462457,0.692944,1.042795,0.0,0.0,0.21857,0.050358,0.0,0.0,0.0,1.025419,0.69435,0.078558,0.124072
247,0.0,0.0,0.069758,1.02638,0.594385,0.354591,4.9e-05,1.660675,0.074936,0.0,0.837159,0.0,0.624223,0.0,0.0,0.0,0.576284,0.0,0.0,0.0,0.252133,0.0,0.116292,0.0,0.0,0.0,0.0,0.31336,0.0,0.0,1.075247,0.782835,0.830662,0.0,0.141547,0.389606,1.118857,0.0,0.0,0.094236,0.140142,0.0,0.0,0.0,0.949021,0.295948,0.298817,0.0
248,0.0,0.0,0.148684,0.752596,0.587112,0.336688,0.0,1.318983,0.0,0.102233,0.828199,0.0,0.458908,0.0,0.0,0.0,0.680147,0.168713,0.0,0.0,0.042141,0.0,0.273695,0.0,0.0,0.0,0.0,0.21467,0.0,0.03016,0.832915,0.664727,0.818603,0.0,0.045941,0.412277,1.031546,0.0,0.0,0.151926,0.047136,0.0,0.0,0.0,0.749659,0.019555,0.429648,0.0
249,0.0,0.0,0.0,0.657003,0.350836,0.469927,0.0154,1.071954,0.121241,0.269519,0.772806,0.0,0.344473,0.0,0.0,0.0,0.837735,0.205005,0.0,0.0,0.0,0.0,0.276913,0.0,0.0,0.0,0.0,0.075423,0.0,0.357793,0.627244,0.48736,0.848081,0.0,0.119454,0.258119,1.185324,0.0,0.0,0.017146,0.027237,0.0,0.0,0.0,0.695847,0.0,0.767662,0.0
250,0.014393,0.0,0.0,0.755321,0.220576,0.43609,0.022594,1.512627,0.043835,0.281657,0.707899,0.0,0.389847,0.0,0.0,0.0,0.947414,0.022445,0.0,0.0,0.079885,0.0,0.429919,0.0,0.0,0.0,0.036272,0.0,0.0,0.667199,0.534895,0.411877,1.060679,0.0,0.143142,0.0,1.434351,0.0,0.0,0.164761,0.326924,0.0,0.0,0.0,0.939655,0.0,1.000078,0.0
251,0.036448,0.0,0.0,0.85245,0.062424,0.599486,0.132701,1.579709,0.079846,0.2486,0.821162,0.0,0.643786,0.0,0.0,0.0,1.068667,0.0,0.0,0.0,0.241438,0.0,0.420461,0.0,0.0,0.0,0.03454,0.0,0.0,0.699486,0.559169,0.556287,1.097785,0.0,0.248099,0.0,1.601132,0.0,0.0,0.088506,0.25445,0.0,0.029,0.0,0.909579,0.0,1.200073,0.023036
252,0.221747,0.0,0.0,0.908382,0.236141,0.512006,0.060191,1.666933,0.08643,0.295034,0.728387,0.0,0.129801,0.0,0.0,0.0,1.106379,0.0,0.0,0.0,0.167549,0.0,0.388021,0.0,0.0,0.0,0.216959,0.0,0.0,0.985226,0.569372,0.199844,1.255952,0.0,0.169831,0.0,1.641069,0.0,0.0,0.491186,0.465924,0.0,0.0,0.0,1.007433,0.0,1.131758,0.028168
253,0.035107,0.0,0.019201,0.754337,0.325341,0.409864,0.200977,1.411635,0.19409,0.076996,0.874915,0.0,0.31702,0.0,0.0,0.0,0.748173,0.148466,0.0,0.0,0.098005,0.0,0.454815,0.0,0.0,0.0,0.162877,0.0,0.0,0.59222,0.549062,0.667998,1.109199,0.0,0.194542,0.0,1.371259,0.0,0.0,0.190111,0.007728,0.0,0.0,0.0,0.825854,0.0,0.865554,0.0
254,0.0,0.0,0.0,0.762103,0.564105,0.526488,0.128956,1.270852,0.329184,0.0,0.699612,0.0,0.0,0.0,0.0,0.0,0.342853,0.083956,0.0,0.0,0.246406,0.0,0.50766,0.0,0.0,0.0,0.119212,0.012951,0.0,0.486189,0.405534,0.573898,1.214698,0.0,0.0,0.129429,1.195117,0.0,0.0,0.005217,0.0,0.0,0.0,0.0,0.653353,0.0,0.585085,0.0
255,0.0,0.0,0.083179,0.864326,0.605161,0.367299,0.438005,0.986304,0.6046,0.0,1.112765,0.0,0.173584,0.0,0.0,0.0,0.12611,0.466571,0.0,0.0,0.097476,0.0,0.489682,0.0,0.0,0.0,0.0,0.348198,0.0,0.196258,0.646102,0.908573,1.20022,0.0,0.0,0.593304,1.151464,0.0,0.0,0.0,0.0,0.0,0.0,0.0,0.443914,0.0,0.223318,0.0
256,0.0,0.0,0.320755,0.907168,0.752517,0.311538,0.627991,0.898036,0.818515,0.0,1.576534,0.0,0.255117,0.0,0.0,0.0,0.147823,0.627361,0.0,0.0,0.0,0.0,0.322921,0.0,0.0,0.0,0.0,0.583298,0.0,0.0,1.073021,1.203182,1.09656,0.0,0.0,0.886946,1.077076,0.0,0.0,0.0,0.0,0.0,0.0,0.0,0.239236,0.263884,0.1586,0.0
257,0.0,0.0,0.192926,0.966909,0.697965,0.148504,0.746569,1.034818,1.185843,0.0,1.662053,0.0,0.412085,0.0,0.0,0.0,0.0,0.792001,0.0,0.0,0.0,0.0,0.401746,0.0,0.0,0.0,0.0,0.591842,0.0,0.0,1.080654,1.282087,1.399736,0.0,0.0,1.064202,1.273727,0.0,0.0,0.0,0.0,0.0,0.0,0.0,0.386168,0.388493,0.0,0.0
258,0.0,0.0,0.379867,1.044513,0.619626,0.0,0.71722,1.424923,1.160993,0.0,1.911953,0.0,0.673439,0.0,0.0,0.0,0.0,0.896436,0.0,0.0,0.0,0.0,0.277825,0.0,0.0,0.0,0.0,0.434537,0.0,0.0,1.33974,1.688242,1.684686,0.0,0.0,1.173302,1.5286,0.0,0.0,0.0,0.0,0.0,0.0,0.0,0.490312,0.466315,0.0,0.0
259,0.0,0.0,0.384798,1.01241,0.941,0.0,0.819115,1.068106,1.141952,0.0,1.859708,0.0,0.516231,0.0,0.0,0.0,0.0,0.811018,0.0,0.0,0.0,0.0,0.049835,0.0,0.0,0.0,0.0,0.379752,0.0,0.0,1.490483,1.506102,1.710293,0.0,0.0,1.450222,1.258502,0.0,0.0,0.0,0.0,0.0,0.0,0.0,0.269866,0.59183,0.0,0.0
260,0.0,0.0,0.547829,1.008233,0.960095,0.0,0.922302,0.902104,1.328302,0.0,1.843729,0.0,0.748215,0.0,0.0,0.0,0.0,0.904819,0.0,0.0,0.0,0.0,0.0,0.0,0.0,0.0,0.0,0.558007,0.0,0.0,1.623596,1.649146,1.771112,0.0,0.0,1.576488,1.370713,0.0,0.0,0.0,0.0,0.0,0.0,0.0,0.25929,0.753641,0.0,0.0
261,0.0,0.0,0.664694,1.048737,0.92444,0.0,0.888889,1.067175,1.307174,0.0,1.930235,0.0,0.804494,0.0,0.0,0.0,0.0,0.936438,0.0,0.0,0.0,0.0,0.0,0.0,0.0,0.0,0.0,0.462364,0.0,0.0,1.637933,1.814808,1.75781,0.0,0.0,1.658762,1.394519,0.0,0.0,0.0,0.0,0.0,0.0,0.0,0.201496,0.805637,0.0,0.0
262,0.0,0.0,0.887811,1.00654,1.046982,0.0,0.83213,0.933214,1.357932,0.0,2.066273,0.0,0.920633,0.0,0.0,0.0,0.024886,0.975994,0.0,0.0,0.0,0.0,0.0,0.0,0.0,0.0,0.0,0.497593,0.0,0.0,1.699957,1.889449,1.672547,0.0,0.159604,1.671821,1.369537,0.0,0.0,0.042751,0.0,0.0,0.0,0.0,0.108115,0.795642,0.0,0.0
263,0.0,0.0,0.753806,0.900325,0.949483,0.0,1.101669,0.887165,1.552003,0.0,1.976346,0.0,0.796638,0.0,0.0,0.0,0.0,1.053112,0.027367,0.0,0.0,0.0,0.0,0.0,0.0,0.0,0.0,0.429849,0.0,0.0,1.687782,1.831365,1.647503,0.0,0.0,1.653079,1.311813,0.0,0.0,0.0,0.0,0.0,0.0,0.0,0.19239,0.747469,0.0,0.0
264,0.0,0.0,0.628241,0.746469,1.033756,0.0,1.291853,0.611283,1.717439,0.0,1.915072,0.0,0.701152,0.0,0.0,0.0,0.0,1.226592,0.0,0.0,0.0,0.0,0.0,0.0,0.0,0.0,0.0,0.497107,0.0,0.0,1.349189,1.641133,1.416458,0.0,0.0,1.731099,0.886854,0.0,0.0,0.0,0.0,0.0,0.0,0.0,0.091906,0.887452,0.0,0.0
265,0.0,0.0,0.501922,0.53951,1.17039,0.0,1.332731,0.299905,1.758905,0.0,1.670001,0.0,0.53243,0.0,0.0,0.156274,0.0,1.204606,0.285023,0.0,0.0,0.0,0.016024,0.0,0.0,0.0,0.0,0.480941,0.0,0.0,1.096904,1.416241,1.086047,0.0,0.0,1.618151,0.681161,0.0,0.0,0.0,0.0,0.0,0.0,0.0,0.0,0.795712,0.0,0.0
266,0.0,0.0,0.240754,0.204234,0.809126,0.0,1.176268,0.323901,1.626455,0.0,1.468038,0.0,0.142499,0.0,0.0,0.0,0.0,1.103173,0.268253,0.0,0.0,0.0,0.0,0.0,0.0,0.0,0.0,0.161218,0.0,0.0,0.717978,1.037927,0.963194,0.0,0.0,1.169118,0.519221,0.0,0.0,0.0,0.0,0.0,0.0,0.0,0.0,0.329904,0.0,0.0
267,0.0,0.0,0.482539,0.259774,0.813468,0.0,1.053778,0.323943,1.362305,0.0,1.460803,0.0,0.273778,0.0,0.0,0.004772,0.0,1.089729,0.016978,0.0,0.0,0.0,0.035693,0.0,0.0,0.0,0.0,0.360894,0.0,0.0,0.911148,1.03372,0.927428,0.0,0.0,0.998844,0.599901,0.0,0.0,0.0,0.0,0.0,0.0,0.0,0.031813,0.510669,0.0,0.0
268,0.0,0.0,0.327722,0.108529,0.753574,0.0,1.011258,0.076206,1.315802,0.0,1.280937,0.0,0.181348,0.0,0.0,0.043009,0.0,1.01537,0.0,0.0,0.0,0.0,0.0,0.0,0.0,0.031303,0.0,0.325719,0.0,0.0,0.587096,0.682692,0.683151,0.0,0.000772,0.845165,0.23819,0.0,0.0,0.039333,0.0,0.0,0.0,0.0,0.0,0.503768,0.0,0.0
269,0.0,0.0,0.375703,0.129645,0.793545,0.0,1.00962,0.105675,1.002637,0.0,1.166088,0.0,0.115901,0.0,0.071985,0.015677,0.0,1.038948,0.0,0.0,0.0,0.0,0.052925,0.0,0.0,0.306698,0.0,0.22739,0.0,0.0,0.618653,0.478271,0.748854,0.0,0.0,0.669042,0.095523,0.0,0.0,0.375572,0.0,0.095492,0.0,0.0,0.0,0.556967,0.0,0.0
270,0.0,0.0,0.214062,0.052193,0.568665,0.070766,0.883913,0.0,0.950858,0.0,0.986111,0.090801,0.124882,0.0,0.421783,0.0,0.0,0.91797,0.0,0.0,0.0,0.0,0.135016,0.0,0.0,0.388643,0.0,0.230509,0.0,0.097419,0.485688,0.294885,0.84927,0.0,0.0,0.349845,0.0,0.0,0.0,0.24276,0.010511,0.0,0.0,0.0,0.0852,0.443531,0.0,0.0
271,0.0,0.0,0.553806,0.094714,0.556552,0.0,0.600382,0.396433,0.578088,0.0,0.933001,0.0,0.206312,0.0,0.17391,0.0,0.372673,0.765111,0.0,0.0,0.0,0.0,0.117257,0.0,0.0,0.480099,0.0,0.215679,0.0,0.0,0.508823,0.47529,0.793576,0.0,0.236579,0.05806,0.143553,0.0,0.0,0.502083,0.066937,0.0,0.0,0.375392,0.261243,0.555436,0.0,0.186688
272,0.0,0.0,0.408178,0.0,0.483335,0.064223,0.645536,0.416496,0.518379,0.0,0.917216,0.0,0.225817,0.0,0.427534,0.0,0.327579,0.747896,0.0,0.0,0.0,0.0,0.157214,0.0,0.0,0.595409,0.0,0.072665,0.0,0.174715,0.462729,0.288337,0.848924,0.0,0.178302,0.0,0.0,0.0,0.0,0.6792,0.168529,0.000667,0.0,0.348038,0.276693,0.407421,0.0,0.33162
273,0.0,0.0,0.138929,0.0,0.395623,0.326697,0.718863,0.167239,0.638105,0.027261,0.814775,0.121527,0.128826,0.0,0.670402,0.0,0.15353,0.612297,0.0,0.0,0.0,0.0,0.273911,0.0,0.0,0.610377,0.0,0.225544,0.0,0.455614,0.237606,0.339298,0.794458,0.0,0.097768,0.0,0.0,0.0,0.0,0.52218,0.168534,0.0,0.0,0.0,0.176476,0.232984,0.0,0.248871
274,0.0,0.0,0.0,0.0,0.365154,0.34779,0.734058,0.248855,0.521333,0.030407,0.598879,0.142803,0.04736,0.0,0.7082,0.0,0.150632,0.44152,0.0,0.0,0.098741,0.0,0.383595,0.0,0.0,0.709779,0.0,0.177461,0.0,0.531055,0.152846,0.338763,0.800751,0.0,0.156413,0.0,0.0,0.071054,0.0,0.636477,0.324509,0.0,0.0,0.0,0.338999,0.031077,0.068878,0.260312
275,0.0,0.0,0.367735,0.0367,0.5427,0.094638,0.72396,0.299323,0.355961,0.110778,0.573171,0.0,0.116204,0.0,0.297494,0.157208,0.331515,0.532447,0.0,0.0,0.0,0.0,0.282894,0.0,0.079806,0.761478,0.0,0.246989,0.0,0.609517,0.393961,0.418568,0.783923,0.0,0.270031,0.0,0.1105,0.0,0.0,0.500283,0.0,0.054795,0.0,0.148776,0.299613,0.31,0.06734,0.276852
276,0.0,0.0,0.0,0.0,0.467155,0.366283,0.535896,0.175378,0.4455,0.211093,0.440816,0.030985,0.0,0.0,0.578448,0.0,0.22922,0.363761,0.0,0.0,0.220991,0.055607,0.348147,0.0,0.0,0.732263,0.0,0.0,0.0,0.893702,0.0,0.204597,0.95998,0.0,0.29429,0.0,0.219364,0.262685,0.0,0.551813,0.0,0.0,0.0,0.0,0.305913,0.0,0.31309,0.212845
277,0.0,0.0,0.0,0.0,0.472132,0.433802,0.596592,0.335568,0.434827,0.138435,0.328838,0.0,0.0,0.0,0.593563,0.0,0.1852,0.236482,0.0,0.0,0.306975,0.180442,0.484981,0.0,0.0,0.666504,0.16344,0.0,0.0,1.125607,0.0,0.053155,1.260441,0.0,0.25077,0.0,0.409691,0.60172,0.0,0.729746,0.359316,0.0,0.0,0.038321,0.544546,0.0,0.530502,0.305319
278,0.0,0.0,0.0,0.0,0.559615,0.511371,0.526826,0.194195,0.503418,0.022965,0.379781,0.0,0.0,0.0,0.555418,0.0,0.127137,0.125921,0.0,0.0,0.333724,0.224518,0.636147,0.0,0.0,0.529589,0.199675,0.0,0.0,1.277157,0.0,0.20673,1.412138,0.0,0.333313,0.0,0.587197,0.510755,0.0,0.673115,0.160566,0.0,0.0,0.0,0.540564,0.0,0.611102,0.220374
279,0.0,0.0,0.0,0.0,0.603539,0.46042,0.742294,0.020614,0.542421,0.091214,0.471767,0.109128,0.0,0.0,0.501483,0.0,0.125109,0.327752,0.0,0.0,0.319018,0.209659,0.685728,0.0,0.0,0.595266,0.38136,0.0,0.0,1.359512,0.0,0.228941,1.565685,0.0,0.317648,0.0,0.513074,0.766962,0.0,0.705142,0.0,0.0,0.0,0.0,0.406454,0.0,0.4998,0.104723
280,0.0,0.0,0.0,0.0,0.638307,0.169419,0.938413,0.0,0.541936,0.065323,0.631342,0.204333,0.0,0.0,0.32343,0.005105,0.134244,0.706563,0.0,0.0,0.203591,0.224373,0.595391,0.0,0.0,0.546741,0.559326,0.0,0.0,1.307101,0.0,0.407544,1.389351,0.0,0.520814,0.0,0.430558,0.910275,0.0,0.745524,0.0,0.0,0.0,0.049828,0.252924,0.0,0.412283,0.002561
281,0.0,0.0,0.0,0.0,0.808117,0.301667,0.960117,0.0,0.563171,0.0,0.523937,0.221412,0.0,0.0,0.524447,0.0,0.0,0.567452,0.0,0.0,0.347651,0.320491,0.648025,0.0,0.0,0.442059,0.443036,0.0,0.0,1.45591,0.0,0.27355,1.61387,0.0,0.454491,0.0,0.405199,0.944338,0.0,0.932656,0.0,0.0,0.0,0.010058,0.280368,0.0,0.427349,0.0
282,0.0,0.0,0.0,0.0,1.052341,0.32008,1.095295,0.0,0.775807,0.0,0.465594,0.380961,0.0,0.0,0.767142,0.0,0.0,0.538842,0.0,0.0,0.565557,0.3077,0.954997,0.0,0.0,0.511724,0.401003,0.0,0.0,1.463937,0.0,0.497036,1.628592,0.0,0.376424,0.0,0.414364,0.693467,0.0,0.912975,0.0,0.0,0.0,0.0,0.151872,0.0,0.32337,0.0
283,0.0,0.0,0.0,0.0,1.032812,0.056446,1.088764,0.0,0.625801,0.0,0.316032,0.288344,0.0,0.0,0.732764,0.0,0.0,0.648212,0.0,0.0,0.442906,0.484251,0.738943,0.0,0.0,0.50877,0.378344,0.0,0.0,1.440975,0.0,0.25324,1.490015,0.0,0.448017,0.0,0.265267,0.62277,0.0,0.979811,0.0,0.0,0.0,0.0,0.216037,0.0,0.293139,0.0
284,0.0,0.0,0.0,0.0,0.844568,0.04173,0.969711,0.0,0.604284,0.0,0.126406,0.233764,0.0,0.0,0.81779,0.0,0.0,0.624234,0.0,0.0,0.274833,0.577829,0.626266,0.0,0.0,0.309702,0.11418,0.0,0.0,1.432098,0.0,0.149588,1.272022,0.0,0.444839,0.0,0.18059,0.483798,0.0,0.763862,0.0,0.0,0.0,0.0,0.324422,0.0,0.250785,0.0
285,0.0,0.0,0.0,0.0,0.754809,0.0,0.92307,0.0,0.578639,0.0,0.207891,0.169881,0.0,0.0,0.579751,0.0,0.0,0.92123,0.0,0.0,0.044714,0.608123,0.339822,0.0,0.0,0.281502,0.161526,0.0,0.0,1.225631,0.0,0.023237,0.957328,0.0,0.554107,0.0,0.109619,0.602601,0.0,0.696647,0.077525,0.0,0.0,0.13038,0.259308,0.0,0.318129,0.0
286,0.0,0.0,0.008617,0.0,0.764072,0.0,0.700384,0.0,0.627233,0.0,0.210564,0.408385,0.0,0.0,0.871309,0.0,0.0,0.832444,0.0,0.0,0.08622,0.605328,0.576242,0.0,0.0,0.456556,0.0,0.0,0.0,1.105157,0.0,0.0,1.02039,0.0,0.596178,0.0,0.0,0.464974,0.0,0.818382,0.120848,0.0,0.0,0.0,0.265786,0.0,0.209001,0.0
287,0.0,0.0,0.074004,0.0,0.686062,0.0,0.588776,0.0,0.720862,0.0,0.283104,0.313066,0.0,0.0,0.74612,0.0,0.0,0.917688,0.0,0.0,0.0,0.575428,0.56951,0.0,0.0,0.382791,0.0,0.0,0.0,0.878714,0.0,0.0,0.652996,0.0,0.602268,0.0,0.0,0.209972,0.0,0.569292,0.163688,0.007992,0.0,0.0,0.231132,0.031851,0.183275,0.0
288,0.0,0.0,0.078395,0.132301,0.587875,0.0,0.435473,0.0,0.772664,0.0,0.286284,0.093404,0.057367,0.0,0.603464,0.0,0.0,1.001516,0.0,0.0,0.0,0.515178,0.519206,0.0,0.0,0.318767,0.0,0.0,0.0,0.70168,0.169051,0.0,0.414091,0.0,0.634672,0.0,0.0,0.0,0.0,0.299738,0.260044,0.0,0.0,0.0,0.345395,0.387044,0.235257,0.0
289,0.0,0.0,0.0,0.29325,0.523505,0.0,0.378346,0.038116,0.824438,0.0,0.245322,0.0,0.217371,0.0,0.507158,0.0,0.0,0.888401,0.0,0.0,0.0,0.35511,0.589041,0.0,0.0,0.251074,0.0,0.0,0.0,0.575515,0.324569,0.0,0.275524,0.0,0.52479,0.087038,0.049677,0.009209,0.0,0.139447,0.363213,0.031543,0.0,0.0,0.382386,0.551064,0.243412,0.0
290,0.0,0.0,0.0,0.454893,0.46595,0.029193,0.21958,0.263234,0.818423,0.0,0.125699,0.0,0.024846,0.0,0.618083,0.0,0.0,0.586988,0.0,0.0,0.016332,0.316291,0.662312,0.0,0.0,0.311483,0.0,0.0,0.0,0.340189,0.206554,0.0,0.18369,0.0,0.456236,0.066156,0.065424,0.0,0.0,0.159067,0.355067,0.0,0.0,0.0,0.511474,0.472629,0.261888,0.0
291,0.0,0.0,0.0,0.504781,0.448972,0.076864,0.139044,0.493031,0.740339,0.060741,0.129261,0.0,0.049986,0.0,0.558081,0.0,0.0,0.450104,0.122904,0.0,0.021556,0.251654,0.65329,0.0,0.0,0.110994,0.0,0.0,0.0,0.302582,0.224041,0.0,0.129739,0.0,0.427786,0.051177,0.140974,0.0,0.0,0.015672,0.268428,0.0,0.0,0.0,0.535151,0.445295,0.3757,0.0
292,0.0,0.0,0.0,0.377922,0.455195,0.14593,0.116888,0.341867,0.497315,0.194176,0.151725,0.014625,0.056938,0.0,0.412492,0.0,0.0,0.43291,0.095706,0.0,0.0,0.153438,0.544655,0.0,0.0,0.0,0.0,0.0,0.0,0.108249,0.184873,0.019533,0.0,0.0,0.226297,0.151591,0.111779,0.0,0.0,0.0,0.14233,0.0,0.0,0.0,0.336306,0.223757,0.316222,0.0
293,0.0,0.0,0.0,0.296852,0.382679,0.233943,0.21242,0.456136,0.387595,0.220011,0.335883,0.113037,0.208167,0.0,0.192748,0.0,0.164617,0.468189,0.157077,0.0,0.0,0.025148,0.428858,0.0,0.0,0.0,0.0,0.0,0.0,0.115421,0.286504,0.253155,0.003329,0.0,0.201289,0.16399,0.155583,0.0,0.0,0.0,0.0,0.0,0.0,0.0,0.191058,0.243094,0.409133,0.0
294,0.0,0.0,0.013479,0.410254,0.517343,0.061059,0.433205,0.269141,0.575633,0.083712,0.439622,0.072027,0.308413,0.0,0.061807,0.0,0.00657,0.439333,0.0,0.0,0.0,0.0,0.453402,0.0,0.0,0.057436,0.0,0.14522,0.0,0.04808,0.380819,0.490661,0.055954,0.0,0.02905,0.419297,0.141451,0.0,0.0,0.038064,0.0,0.053289,0.0,0.0,0.134779,0.260333,0.146524,0.0
295,0.0,0.0,0.0,0.343851,0.592926,0.108458,0.529761,0.494923,0.593474,0.0,0.450864,0.0,0.243961,0.0,0.258,0.0,0.063826,0.379253,0.0,0.0,0.077603,0.045116,0.358368,0.0,0.0,0.228247,0.0,0.0,0.0,0.003248,0.422945,0.346647,0.134735,0.0,0.14186,0.177889,0.081627,0.0,0.0,0.170984,0.0,0.0,0.0,0.0,0.266906,0.386718,0.230635,0.0
296,0.0,0.0,0.0,0.379068,0.674096,0.115905,0.69474,0.433759,0.794465,0.0,0.521798,0.124679,0.251817,0.0,0.271822,0.0,0.0,0.245135,0.0,0.0,0.004395,0.0,0.495325,0.0,0.0,0.366442,0.0,0.045055,0.0,0.105433,0.440449,0.363314,0.205838,0.0,0.082447,0.198258,0.06412,0.0,0.0,0.365256,0.0,0.041348,0.0,0.0,0.22326,0.351436,0.120686,0.0
297,0.0,0.0,0.349291,0.424274,0.662227,0.05165,0.812717,0.477382,0.672533,0.0,0.693688,0.086995,0.531426,0.0,0.085422,0.134511,0.160507,0.36862,0.0,0.0,0.0,0.0,0.293691,0.0,0.0,0.386008,0.0,0.139159,0.0,0.152269,0.721847,0.642004,0.05356,0.0,0.350049,0.193766,0.115932,0.0,0.0,0.620534,0.0,0.121886,0.0,0.0,0.061343,0.605314,0.192385,0.0
298,0.0,0.0,0.0,0.248657,0.67647,0.105272,0.730222,0.436555,0.888288,0.182997,0.538064,0.184119,0.379387,0.0,0.355651,0.089214,0.10335,0.421125,0.0,0.0,0.0,0.0,0.423182,0.0,0.0,0.503394,0.0,0.0,0.0,0.451516,0.409719,0.352088,0.190064,0.0,0.228728,0.065972,0.150769,0.0,0.0,0.638991,0.0,0.0,0.0,0.0,0.073643,0.296789,0.262807,0.0
299,0.0,0.0,0.0,0.167028,0.698423,0.15547,0.83992,0.579264,1.005683,0.157711,0.616066,0.074191,0.388634,0.0,0.354389,0.015452,0.080152,0.481821,0.0,0.0,0.160119,0.0,0.654529,0.0,0.0,0.614536,0.0,0.0,0.0,0.289223,0.351049,0.422078,0.284595,0.0,0.295225,0.116543,0.224427,0.065752,0.0,0.515314,0.0,0.0,0.0,0.0,0.153083,0.294467,0.412869,0.0
300,0.0,0.0,0.0,0.266669,0.836441,0.0,1.013594,0.336749,0.991801,0.018331,0.589717,0.170154,0.205727,0.0,0.353309,0.152824,0.050535,0.493753,0.0,0.0,0.114308,0.0,0.702949,0.0,0.0,0.391272,0.0,0.074361,0.0,0.292395,0.142198,0.725185,0.247263,0.0,0.0,0.279259,0.314759,0.0,0.0,0.182464,0.0,0.0,0.0,0.0,0.0,0.166168,0.253191,0.0
301,0.0,0.0,0.0,0.25103,0.584782,0.250602,0.618794,0.60866,0.604356,0.241013,0.601346,0.008791,0.136407,0.0,0.139916,0.0,0.118982,0.368507,0.0,0.0,0.169578,0.0,0.659485,0.0,0.0,0.293923,0.0,0.0,0.0,0.244255,0.183472,0.512505,0.441689,0.0,0.102737,0.118218,0.329922,0.073723,0.0,0.186078,0.0,0.0,0.0,0.0,0.163009,0.127188,0.404593,0.0
302,0.0,0.0,0.084533,0.366207,0.483412,0.278207,0.662438,0.464685,0.608961,0.197594,0.73483,0.17773,0.320217,0.0,0.010848,0.0,0.139745,0.388351,0.0,0.0,0.0,0.0,0.60621,0.0,0.0,0.234868,0.0,0.132633,0.0,0.249898,0.302881,0.923749,0.435716,0.0,0.0,0.318275,0.414181,0.0,0.0,0.0,0.0,0.0,0.0,0.0,0.054035,0.004329,0.285789,0.0
303,0.0,0.0,0.0,0.325156,0.515902,0.411099,0.384938,0.407776,0.400613,0.340995,0.625966,0.037233,0.046649,0.0,0.11543,0.0,0.268841,0.034356,0.0,0.0,0.0,0.0,0.419249,0.0,0.0,0.106589,0.0,0.0,0.0,0.315768,0.324111,0.386194,0.598537,0.0,0.0,0.017913,0.503168,0.0,0.0,0.185448,0.0,0.0,0.0,0.0,0.24196,0.0,0.393116,0.0
304,0.0,0.0,0.193979,0.450791,0.123421,0.120968,0.420976,0.620052,0.288262,0.560696,0.766074,0.010118,0.392237,0.0,0.0,0.0,0.56761,0.090956,0.0,0.0,0.0,0.0,0.060064,0.0,0.0,0.028077,0.0,0.0,0.0,0.560984,0.794137,0.521267,0.517514,0.0,0.383253,0.156048,0.779211,0.0,0.0,0.170256,0.048173,0.0,0.0,0.0,0.409521,0.167119,0.558233,0.122061
305,0.175868,0.0,0.0,0.485069,0.0,0.234488,0.194744,1.065848,0.0,0.495257,0.533337,0.0,0.398412,0.0,0.109989,0.0,0.708318,0.0,0.0,0.0,0.0,0.0,0.0,0.0,0.098999,0.115938,0.0,0.0,0.0,0.536973,0.830033,0.321943,0.512031,0.0,0.493253,0.0,0.837628,0.0,0.0,0.524581,0.486374,0.0,0.0,0.0,0.642827,0.278657,0.700156,0.304512
306,0.223529,0.0,0.0,0.453044,0.0,0.373664,0.051677,1.102253,0.0,0.514319,0.462579,0.056783,0.404112,0.0,0.467434,0.0,0.575985,0.0,0.0,0.0,0.0,0.077185,0.0,0.0,0.379484,0.287713,0.0,0.0,0.0,0.518532,0.796494,0.244614,0.430575,0.0,0.719158,0.0,0.657422,0.0,0.0,0.499035,0.608727,0.0,0.0,0.0,0.494267,0.360313,0.698691,0.289215
307,0.293567,0.0,0.0,0.559187,0.0,0.198123,0.0,1.150724,0.0,0.483098,0.466947,0.087693,0.507325,0.0,0.380199,0.0,0.796098,0.002749,0.0,0.0,0.0,0.208215,0.0,0.0,0.290572,0.216322,0.0,0.0,0.0,0.63377,0.843856,0.042287,0.350271,0.0,0.771778,0.0,0.859021,0.0,0.0,0.482853,0.746119,0.0,0.0,0.0,0.554091,0.626412,0.79535,0.332145
308,0.07273,0.0,0.023421,0.454122,0.036253,0.141354,0.199454,0.751062,0.176524,0.423899,0.430862,0.20717,0.253752,0.0,0.629995,0.0,0.251244,0.348327,0.0,0.0,0.0,0.305396,0.0,0.0,0.517876,0.377873,0.0,0.0,0.0,0.649374,0.835069,0.171838,0.195143,0.0,0.933039,0.067693,0.45977,0.0,0.0,0.299977,0.527545,0.0,0.0,0.0,0.265763,0.6671,0.562185,0.064906
309,0.0,0.0,0.0,0.211246,0.104019,0.0,0.252234,0.122713,0.415489,0.439182,0.328606,0.310682,0.220211,0.0,0.418635,0.0,0.150957,0.458322,0.0,0.0,0.0,0.27426,0.108933,0.0,0.086737,0.20202,0.0,0.0,0.0,0.72993,0.604358,0.12493,0.323412,0.0,0.664765,0.302843,0.616022,0.0,0.0,0.0,0.618947,0.0,0.0,0.0,0.207668,0.511909,0.682892,0.0
310,0.066024,0.0,0.111625,0.130981,0.237549,0.0,0.276254,0.0,0.686829,0.061833,0.394118,0.342747,0.020634,0.0,0.505675,0.0,0.0,0.467064,0.0,0.0,0.0,0.326909,0.30578,0.0,0.0,0.160565,0.0,0.0,0.0,0.553564,0.195065,0.0,0.296904,0.0,0.607042,0.111692,0.18868,0.0,0.0,0.0,0.304599,0.0,0.0,0.0,0.040581,0.389902,0.579229,0.0
311,0.123757,0.0,0.225406,0.0,0.327982,0.0,0.50357,0.0,0.89465,0.052476,0.48685,0.440231,0.063874,0.0,0.460389,0.0,0.0,0.582129,0.0,0.0,0.0,0.102409,0.390933,0.0,0.0,0.076482,0.0,0.0,0.0,0.657275,0.218928,0.0,0.275192,0.0,0.710243,0.184224,0.145199,0.091472,0.0,0.063756,0.143253,0.0,0.0,0.0,0.0,0.221819,0.438534,0.0
312,0.113371,0.0,0.290468,0.0,0.405767,0.0,0.571402,0.0,0.876374,0.0,0.447506,0.431845,0.0,0.0,0.399543,0.0,0.0,0.562773,0.0,0.0,0.0,0.061014,0.444859,0.0,0.0,0.0,0.0,0.0,0.0,0.580324,0.07643,0.0,0.275186,0.0,0.733929,0.215121,0.10007,0.119922,0.0,0.0,0.024438,0.0,0.0,0.0,0.0,0.124281,0.341398,0.0
313,0.185813,0.0,0.098842,0.0,0.370639,0.0,0.56095,0.031989,0.67138,0.0,0.352683,0.41762,0.0,0.0,0.496112,0.0,0.0,0.44703,0.0,0.0,0.0,0.0,0.383727,0.0,0.0,0.0,0.057447,0.0,0.0,0.481052,0.0,0.0,0.25849,0.0,0.691092,0.026828,0.135788,0.127551,0.0,0.238444,0.057633,0.0,0.0,0.0,0.0,0.0,0.334955,0.0
314,0.161713,0.0,0.0,0.0,0.51362,0.0,0.654766,0.0,0.422326,0.078257,0.180072,0.441248,0.0,0.0,0.43597,0.0,0.0,0.327251,0.055234,0.0,0.0,0.0,0.255005,0.0,0.0,0.0,0.042884,0.0,0.0,0.29173,0.0,0.0,0.264411,0.0,0.525817,0.078916,0.142011,0.015064,0.0,0.185045,0.056169,0.0,0.0,0.0,0.0,0.0,0.272262,0.0
315,0.101929,0.041747,0.0,0.0,0.475086,0.0,0.673491,0.0,0.558464,0.090761,0.166869,0.28218,0.0,0.0,0.665127,0.0,0.0,0.216132,0.0,0.070804,0.0,0.0,0.438837,0.0,0.0,0.034286,0.0,0.0,0.0,0.34535,0.0,0.0,0.377731,0.0,0.380916,0.078701,0.28877,0.02193,0.0,0.268363,0.084535,0.0,0.0,0.0,0.0,0.0,0.344412,0.0
316,0.220349,0.180592,0.0,0.0,0.398623,0.0,0.597764,0.0,0.470819,0.120598,0.191495,0.140122,0.0,0.0,0.45364,0.0,0.00856,0.259118,0.070036,0.116569,0.0,0.0,0.37169,0.0,0.0,0.0,0.0,0.0,0.0,0.27562,0.0,0.0,0.399348,0.0,0.403571,0.089381,0.214472,0.06653,0.0,0.307644,0.047399,0.0,0.0,0.0,0.087364,0.0,0.370299,0.0
317,0.129053,0.05067,0.0,0.0,0.447171,0.0,0.702279,0.0,0.396498,0.137576,0.211739,0.249665,0.139724,0.0,0.377617,0.0,0.050716,0.292432,0.243259,0.073277,0.0,0.0,0.362139,0.0,0.0,0.0,0.0,0.0,0.0,0.217767,0.0,0.0,0.228034,0.0,0.450693,0.201024,0.046849,0.0,0.0,0.263142,0.032038,0.0,0.0,0.0,0.0,0.0,0.457502,0.0
318,0.0,0.04051,0.017565,0.0,0.544575,0.0,0.859599,0.0,0.677258,0.02761,0.435101,0.310988,0.069892,0.0,0.296762,0.183337,0.0,0.319685,0.025777,0.0,0.0,0.0,0.442091,0.0,0.0,0.0,0.0,0.0,0.0,0.150879,0.0,0.105374,0.089135,0.0,0.303836,0.324298,0.0,0.0,0.0,0.266418,0.0,0.0,0.0,0.0,0.0,0.0,0.286216,0.0
319,0.0,0.0,0.187256,0.0,0.645835,0.0,0.910141,0.0,0.917609,0.0,0.463292,0.338982,0.087959,0.0,0.482617,0.432856,0.0,0.426813,0.0,0.0,0.0,0.0,0.322527,0.0,0.0,0.147868,0.0,0.0,0.0,0.418153,0.097633,0.203745,0.0,0.0,0.26819,0.325198,0.0,0.0,0.0,0.323996,0.0,0.0,0.0,0.0,0.0,0.055494,0.303943,0.0
320,0.0,0.0,0.354558,0.0,0.551496,0.0,0.834059,0.0,0.854564,0.0,0.605297,0.24748,0.240973,0.0,0.421074,0.450605,0.084082,0.562139,0.0,0.0,0.0,0.0,0.138374,0.06166,0.0,0.442034,0.049483,0.028729,0.0,0.371887,0.438918,0.213055,0.0,0.0,0.262508,0.377499,0.0,0.0,0.0,0.507206,0.0,0.270475,0.0,0.0,0.0,0.447248,0.287945,0.0
321,0.0,0.0,0.279326,0.0,0.419907,0.0,0.564963,0.0,0.602821,0.0,0.468932,0.299976,0.333727,0.0,0.630844,0.559555,0.118863,0.63653,0.0,0.0,0.0,0.0,0.0,0.274573,0.0,0.593796,0.0,0.046935,0.0,0.382584,0.42143,0.283817,0.0,0.0,0.435199,0.224728,0.0,0.0,0.0,0.5889,0.004239,0.244765,0.0,0.0,0.0,0.47495,0.431531,0.0
322,0.0,0.0,0.074247,0.154644,0.129944,0.0,0.36166,0.371825,0.162211,0.0,0.335534,0.238079,0.636064,0.0,0.864922,0.390281,0.596365,0.574083,0.0,0.0,0.0,0.004649,0.0,0.384986,0.163457,0.739369,0.0,0.0,0.0,0.117099,0.710016,0.126843,0.0,0.0,0.540398,0.0,0.002559,0.0,0.0,0.881006,0.343646,0.262716,0.0,0.0,0.0,0.687863,0.649204,0.151734
323,0.168659,0.0,0.043587,0.29961,0.017738,0.0,0.117658,0.625996,0.067967,0.0,0.234248,0.207486,0.958842,0.0,0.942316,0.231493,0.751885,0.464052,0.0,0.0,0.0,0.0,0.0,0.422263,0.285372,0.855204,0.0,0.040414,0.0,0.165893,0.89863,0.175467,0.0,0.0,0.717809,0.0,0.227721,0.0,0.0,1.031148,0.530454,0.215095,0.0,0.0,0.0,0.814439,0.888807,0.316803
324,0.297815,0.0,0.0,0.384329,0.0,0.094363,0.161759,0.825978,0.0,0.195705,0.263689,0.327034,1.034113,0.0,1.025398,0.058503,0.812431,0.377417,0.0,0.0,0.0,0.0,0.0,0.242319,0.395625,0.83428,0.0,0.0,0.0,0.20033,1.280787,0.275815,0.0,0.0,0.745296,0.0,0.222957,0.0,0.0,1.046118,0.793151,0.242568,0.0,0.0,0.041864,1.012322,0.846547,0.426649
325,0.367072,0.0,0.0,0.588743,0.0,0.173341,0.0,1.062981,0.0,0.356512,0.202041,0.165811,1.342845,0.0,0.905991,0.0,1.004128,0.318338,0.0,0.0,0.0,0.0,0.0,0.120934,0.46268,0.882864,0.0,0.018428,0.0,0.07585,1.449742,0.279233,0.0,0.0,1.041195,0.0,0.44197,0.0,0.0,1.037141,0.771892,0.111469,0.0,0.0,0.043143,1.185113,1.044827,0.449114
326,0.178137,0.0,0.0,0.663799,0.015576,0.281763,0.014912,0.956566,0.0,0.355558,0.057752,0.250309,1.259184,0.0,0.850456,0.0,0.807043,0.238302,0.0,0.0,0.0,0.0,0.0,0.040416,0.480497,0.819931,0.0,0.151994,0.0,0.0,1.517216,0.427097,0.0,0.0,0.995503,0.0,0.288709,0.0,0.0,0.949802,0.640444,0.209859,0.0,0.0,0.203246,1.266861,0.801431,0.435363
327,0.202788,0.0,0.0,0.74563,0.086843,0.2455,0.061139,0.990961,0.06839,0.256427,0.198513,0.22961,1.203225,0.0,0.838582,0.0,0.724783,0.34177,0.0,0.0,0.0,0.0,0.0,0.018966,0.334208,0.683482,0.0,0.014206,0.0,0.02834,1.27931,0.360313,0.0,0.0,0.898083,0.09233,0.17147,0.0,0.0,0.96215,0.624205,0.16055,0.0,0.0,0.306798,1.176618,0.813293,0.206106
328,0.170725,0.0,0.0,0.674919,0.229427,0.247204,0.0,0.994638,0.208553,0.310977,0.304035,0.0,1.289601,0.0,0.758337,0.0,0.784783,0.476831,0.0,0.0,0.095348,0.0,0.0,0.0,0.363008,0.483542,0.0,0.0,0.0,0.0,1.07536,0.227326,0.0,0.0,0.872169,0.005324,0.227545,0.0,0.0,0.810023,0.552358,0.0,0.0,0.0,0.16644,1.160205,0.757369,0.039966
329,0.006845,0.0,0.0,0.54128,0.50815,0.139723,0.283863,0.677053,0.420915,0.155501,0.398123,0.0,1.15361,0.0,0.61273,0.0,0.614106,0.540684,0.0,0.0,0.089162,0.0,0.0,0.031824,0.323548,0.639834,0.0,0.0,0.0,0.0,1.114414,0.340564,0.0,0.0,0.715237,0.197647,0.073654,0.0,0.0,0.871075,0.234114,0.075179,0.0,0.0,0.201651,1.105513,0.576235,0.0
330,0.0,0.0,0.380836,0.452669,0.66198,0.075613,0.660952,0.390144,0.442205,0.0,0.543305,0.082678,1.110134,0.0,0.269048,0.23215,0.545409,0.566169,0.0,0.0,0.0,0.0,0.0,0.024965,0.104464,0.726312,0.0,0.31559,0.0,0.0,1.382704,0.693749,0.0,0.0,0.612747,0.416067,0.008438,0.0,0.0,0.948854,0.0,0.276612,0.0,0.032535,0.109161,1.087148,0.571779,0.0
331,0.0,0.0,0.228358,0.314196,0.940785,0.0,1.024119,0.043292,0.918551,0.0,0.793495,0.182747,0.870877,0.0,0.221694,0.455357,0.318286,0.600853,0.0,0.0,0.0,0.0,0.0,0.0,0.0,0.596856,0.0,0.428555,0.0,0.0,0.839988,0.850983,0.0,0.0,0.268152,0.779377,0.0,0.0,0.0,0.874051,0.0,0.142852,0.0,0.0,0.0,0.881985,0.303622,0.0
332,0.0,0.0,0.308574,0.079167,0.667492,0.0,1.096804,0.110862,0.980768,0.0,0.891504,0.199739,0.783102,0.0,0.129174,0.366643,0.288751,0.791863,0.0,0.0,0.0,0.0,0.005719,0.0,0.0,0.53295,0.0,0.296942,0.0,0.0,0.880891,0.848565,0.0,0.0,0.23156,0.619974,0.0,0.0,0.0,0.722117,0.0,0.131243,0.0,0.0,0.0,0.686215,0.320761,0.0
333,0.0,0.0,0.318582,0.029586,0.877814,0.0,1.259632,0.0,1.083391,0.0,0.969475,0.188421,0.796309,0.0,0.116799,0.486614,0.255792,0.883127,0.0,0.0,0.0,0.0,0.218997,0.0,0.0,0.657491,0.0,0.396882,0.0,0.0,0.825476,0.843705,0.0,0.0,0.113956,0.691443,0.0,0.0,0.0,0.794369,0.0,0.157021,0.0,0.0,0.0,0.831228,0.231314,0.0
334,0.0,0.0,0.276583,0.030558,1.169763,0.0,1.242344,0.0,1.119265,0.0,0.951856,0.177659,0.830814,0.0,0.10641,0.524052,0.29777,0.911677,0.0,0.0,0.0,0.0,0.351643,0.0,0.0,0.827728,0.0,0.486258,0.0,0.0,0.753069,0.837744,0.0,0.0,0.09045,0.770306,0.0,0.0,0.0,0.894609,0.0,0.195312,0.0,0.0,0.0,0.902233,0.252891,0.0
335,0.0,0.0,0.0,0.240195,1.006125,0.0,1.103661,0.13143,1.145954,0.0,0.704711,0.047728,0.386142,0.0,0.395852,0.340495,0.270386,0.72063,0.0,0.0,0.0,0.0,0.406652,0.0,0.0,0.568906,0.0,0.153527,0.0,0.004844,0.533587,0.606965,0.02935,0.0,0.159447,0.686778,0.0,0.0,0.0,0.816099,0.0,0.0,0.0,0.0,0.023558,0.685479,0.310894,0.0
336,0.0,0.0,0.0,0.330279,0.921264,0.054923,0.821013,0.396982,1.139999,0.0,0.569969,0.040417,0.242688,0.0,0.455025,0.072683,0.194259,0.644458,0.0,0.0,0.120292,0.0,0.487125,0.0,0.0,0.591398,0.0,0.0,0.0,0.15938,0.548875,0.388672,0.197889,0.0,0.341586,0.583345,0.065058,0.0,0.0,0.763749,0.0,0.0,0.0,0.0,0.248074,0.408661,0.479372,0.0
337,0.0,0.0,0.0,0.681692,0.777444,0.019208,0.716619,0.899285,0.918687,0.0,0.559061,0.0,0.69708,0.0,0.285034,0.001174,0.28795,0.509935,0.0,0.0,0.233029,0.0,0.499727,0.0,0.0,0.408311,0.0,0.096908,0.0,0.00348,0.856468,0.662819,0.141322,0.0,0.429373,0.421238,0.284975,0.0,0.0,0.433603,0.0,0.0,0.0,0.0,0.429013,0.895579,0.558098,0.0
338,0.0,0.0,0.0,0.902389,0.58133,0.130166,0.526853,1.230467,0.769807,0.043225,0.584812,0.097796,0.921739,0.0,0.172915,0.0,0.317019,0.501582,0.051023,0.0,0.233732,0.0,0.333781,0.0,0.0,0.352394,0.0,0.055892,0.0,0.122206,1.09493,0.790525,0.12675,0.0,0.498255,0.32923,0.571158,0.0,0.0,0.253103,0.053095,0.0,0.0,0.0,0.625056,0.823994,0.674912,0.0
339,0.0,0.0,0.0,1.074719,0.672698,0.159232,0.499981,1.319896,0.613996,0.126013,0.659251,0.120682,0.881467,0.0,0.013326,0.0,0.502558,0.207641,0.0,0.0,0.028645,0.0,0.039359,0.0,0.0,0.144894,0.0,0.04605,0.0,0.072738,1.361109,0.790597,0.066584,0.0,0.453555,0.368379,0.721471,0.0,0.0,0.359131,0.089751,0.0,0.0,0.0,0.599393,0.788852,0.634003,0.0
340,0.01007,0.0,0.0,1.186225,0.807737,0.108602,0.468094,1.596563,0.511594,0.171801,0.805784,0.0,0.996746,0.0,0.0,0.0,0.696357,0.055396,0.0,0.0,0.0,0.0,0.0,0.0,0.0,0.073089,0.0,0.0,0.0,0.01437,1.613718,0.816693,0.125094,0.0,0.476948,0.371578,0.887634,0.0,0.0,0.688129,0.203997,0.0,0.0,0.0,0.771147,0.7944,0.618281,0.0
341,0.0,0.0,0.368428,1.414971,0.766085,0.214308,0.665697,1.965633,0.547139,0.121776,1.040757,0.0,1.362686,0.0,0.0,0.0,0.578008,0.107954,0.0,0.0,0.088176,0.0,0.0,0.0,0.0,0.088576,0.0,0.185479,0.0,0.018778,2.086345,1.407857,0.307895,0.0,0.670145,0.491709,0.974691,0.0,0.0,0.622701,0.125607,0.0,0.0,0.0,0.892461,0.941014,0.41674,0.0
342,0.017185,0.0,0.637361,1.600099,0.80285,0.298404,0.799257,2.199351,0.453865,0.024845,1.301692,0.0,1.556525,0.0,0.0,0.0,0.634991,0.15094,0.0,0.0,0.217358,0.0,0.0,0.0,0.0,0.0,0.0,0.273711,0.0,0.0,2.37107,1.725031,0.403372,0.0,0.731398,0.45914,1.063268,0.0,0.0,0.712074,0.0,0.0,0.0,0.0,0.906316,0.987555,0.254744,0.0
343,0.0,0.0,0.440554,1.420642,0.824202,0.246192,0.797498,2.168482,0.655978,0.0,1.348792,0.0,1.253208,0.0,0.0,0.0,0.409435,0.312858,0.0,0.0,0.233546,0.0,0.113917,0.0,0.0,0.049837,0.0,0.282094,0.0,0.050811,2.046908,1.711391,0.587515,0.0,0.452571,0.597694,1.180575,0.0,0.0,0.394319,0.0,0.0,0.0,0.0,1.053931,0.771021,0.300438,0.0
344,0.0,0.0,0.222497,1.351489,0.960485,0.340883,0.779732,1.912929,0.913488,0.0,1.325015,0.0,0.976892,0.0,0.0,0.0,0.171753,0.366599,0.0,0.0,0.278418,0.0,0.371757,0.0,0.0,0.0,0.0,0.50431,0.0,0.0,1.564417,1.63639,0.761771,0.0,0.237896,0.64479,1.091354,0.0,0.0,0.075568,0.0,0.0,0.0,0.0,0.86803,0.56777,0.240052,0.0
345,0.0,0.0,0.135689,1.08125,0.924659,0.36484,0.644312,1.514942,0.928248,0.0,1.416727,0.0,0.641879,0.0,0.0,0.0,0.26705,0.44443,0.0,0.0,0.027292,0.0,0.355912,0.0,0.0,0.0,0.0,0.491572,0.0,0.0,1.308357,1.399418,0.909156,0.0,0.0,0.591035,1.115631,0.0,0.0,0.0,0.0,0.0,0.0,0.0,0.677845,0.292789,0.172818,0.0
346,0.0,0.0,0.357725,1.077204,1.033908,0.349898,0.71991,1.069006,0.840162,0.0,1.401002,0.0,0.594172,0.0,0.0,0.0,0.16745,0.572792,0.0,0.0,0.0,0.0,0.373517,0.0,0.0,0.0,0.0,0.583806,0.0,0.0,1.442954,1.28705,0.991905,0.0,0.0,0.736362,0.871879,0.0,0.0,0.016789,0.0,0.0,0.0,0.0,0.617093,0.396605,0.0,0.0
347,0.0,0.0,0.409691,1.077987,0.813951,0.205882,0.754202,1.185677,0.711862,0.0,1.35146,0.0,0.591818,0.0,0.0,0.0,0.078172,0.649019,0.0,0.0,0.0,0.0,0.299131,0.0,0.0,0.0,0.0,0.35628,0.0,0.0,1.567247,1.379622,1.095507,0.0,0.0,0.805001,0.915756,0.0,0.0,0.042499,0.0,0.0,0.0,0.0,0.851649,0.441528,0.0,0.0
348,0.0,0.0,0.638238,1.291191,0.666167,0.152337,0.695158,1.348783,0.587508,0.0,1.345638,0.0,0.77211,0.0,0.0,0.0,0.23479,0.534285,0.0,0.0,0.0,0.0,0.017565,0.0,0.0,0.0,0.0,0.382808,0.0,0.119169,1.918843,1.614895,1.001665,0.0,0.194569,0.817164,1.057466,0.0,0.0,0.009946,0.0,0.0,0.0,0.0,0.946394,0.613227,0.0,0.0
349,0.0,0.0,0.643417,1.058482,0.576508,0.032648,0.362844,1.351799,0.2101,0.0,1.355405,0.0,0.739601,0.0,0.0,0.0,0.54402,0.555083,0.0,0.0,0.0,0.0,0.0,0.0,0.0,0.0,0.0,0.0,0.0,0.014733,1.813707,1.322669,0.982425,0.0,0.469856,0.667803,1.10552,0.0,0.0,0.394732,0.039608,0.0,0.0,0.221677,0.826104,0.591979,0.0,0.097522
350,0.0,0.0,0.496149,1.1256,0.594594,0.108747,0.354021,1.07218,0.483245,0.0,1.085415,0.0,0.724297,0.0,0.0,0.0,0.353507,0.405895,0.0,0.0,0.0,0.0,0.0,0.0,0.0,0.0,0.0,0.264316,0.0,0.100262,1.733129,1.162406,1.099826,0.0,0.309252,0.751317,1.028952,0.0,0.0,0.0,0.315437,0.0,0.0,0.0,0.898688,0.559062,0.038519,0.123873
351,0.0,0.0,0.0,0.892878,0.489113,0.141621,0.105845,1.221476,0.412997,0.140746,0.776103,0.0,0.535012,0.0,0.0,0.0,0.286386,0.254077,0.0,0.0,0.0,0.0,0.0,0.0,0.0,0.0,0.0,0.0,0.0,0.056198,1.304029,0.903326,1.075159,0.0,0.249149,0.695489,0.945444,0.0,0.0,0.0,0.449417,0.0,0.0,0.0,0.870762,0.410376,0.091276,0.0
352,0.002159,0.0,0.0,0.895579,0.482129,0.243384,0.018846,1.233426,0.211956,0.313654,0.700845,0.0,0.587715,0.0,0.0,0.0,0.468739,0.151236,0.0,0.0,0.0,0.0,0.0,0.0,0.14618,0.0,0.0,0.0,0.0,0.024857,1.333854,0.727305,0.800604,0.0,0.53092,0.438008,0.929021,0.0,0.0,0.157946,0.376521,0.0,0.0,0.0,0.608461,0.447924,0.259793,0.067542
353,0.393209,0.0,0.254426,0.982713,0.330364,0.217904,0.099238,1.186271,0.0,0.372728,0.661101,0.0,0.904543,0.0,0.0,0.0,0.607978,0.202871,0.0,0.0,0.0,0.021224,0.0,0.0,0.164547,0.0,0.0,0.0,0.0,0.079693,1.582247,0.858542,0.578809,0.0,0.750447,0.349785,1.024838,0.0,0.0,0.228849,0.333977,0.0,0.0,0.0,0.599507,0.604484,0.499137,0.159302
354,0.363087,0.0,0.0,0.767502,0.250393,0.276482,0.023187,1.003404,0.0,0.584611,0.471944,0.0,0.865367,0.0,0.04707,0.0,0.771276,0.079022,0.0,0.0,0.0,0.004617,0.0,0.0,0.302266,0.107692,0.0,0.0,0.0,0.16649,1.265401,0.569607,0.575391,0.0,0.750191,0.14449,1.080203,0.0,0.0,0.278932,0.524088,0.0,0.0,0.0,0.371997,0.502817,0.705917,0.238258
355,0.399165,0.0,0.0,0.579581,0.120318,0.236676,0.060109,0.730257,0.0,0.697106,0.275888,0.047001,0.770435,0.0,0.298335,0.0,0.874809,0.0,0.0,0.0,0.0,0.021262,0.0,0.0,0.340443,0.121958,0.0,0.0,0.0,0.308077,0.902852,0.227983,0.606318,0.0,0.547466,0.031044,1.188767,0.0,0.0,0.211694,0.749093,0.0,0.0,0.0,0.207136,0.408191,1.022702,0.25839
356,0.390367,0.0,0.0,0.370928,0.183011,0.201371,0.0,0.531161,0.0,0.554401,0.219956,0.0,0.589819,0.0,0.365085,0.0,0.721108,0.0,0.0,0.0,0.0,0.024542,0.0,0.0,0.337412,0.049584,0.0,0.0,0.0,0.232994,0.57633,0.0,0.635029,0.0,0.359477,0.0,1.112512,0.0,0.0,0.134371,0.792957,0.0,0.0,0.0,0.076712,0.213377,1.079626,0.251079
357,0.583586,0.0,0.0,0.428163,0.124442,0.092118,0.054347,0.442475,0.100285,0.532013,0.292945,0.004471,0.446255,0.0,0.134809,0.0,0.639007,0.061244,0.0,0.0,0.0,0.133558,0.0,0.0,0.276813,0.0,0.0,0.0,0.0,0.3081,0.505461,0.0,0.58622,0.0,0.503834,0.0,1.055879,0.0,0.0,0.105382,0.512073,0.0,0.0,0.0,0.036109,0.212192,0.856462,0.250253
358,0.523461,0.0,0.043077,0.337253,0.251454,0.0,0.0,0.234566,0.290706,0.366664,0.35355,0.021088,0.365108,0.0,0.0,0.0,0.150028,0.160148,0.0,0.0,0.0,0.039889,0.012678,0.0,0.306178,0.0,0.0,0.0,0.0,0.255314,0.295787,0.0,0.600756,0.0,0.627038,0.09049,0.844093,0.0,0.0,0.0,0.082521,0.0,0.0,0.0,0.040327,0.212715,0.558432,0.004077
359,0.323175,0.0,0.05999,0.208466,0.260688,0.0,0.173038,0.126202,0.502286,0.090122,0.429984,0.013662,0.224541,0.0,0.0,0.0,0.034914,0.300144,0.0,0.0,0.0,0.0,0.0,0.0,0.088729,0.0,0.122791,0.0,0.0,0.244934,0.379152,0.049496,0.667345,0.0,0.412178,0.387472,0.703483,0.125197,0.0,0.0,0.188513,0.0,0.0,0.0,0.0,0.190273,0.343761,0.023791
360,0.143946,0.0,0.186334,0.212414,0.535021,0.0,0.340601,0.0,0.740594,0.0,0.606387,0.0,0.136104,0.0,0.0,0.0,0.0,0.430276,0.0,0.0,0.0,0.0,0.077946,0.0,0.0,0.0,0.157079,0.0,0.0,0.192376,0.484563,0.086917,0.727781,0.0,0.29527,0.654553,0.561947,0.164082,0.0,0.0,0.0,0.0,0.0,0.0,0.0,0.272294,0.16954,0.0
361,0.024989,0.0,0.077966,0.109782,0.601332,0.0,0.563258,0.0,0.903447,0.0,0.656996,0.043145,0.011755,0.0,0.039427,0.0,0.0,0.582461,0.0,0.0,0.0,0.0,0.10053,0.0,0.0,0.037317,0.030288,0.0,0.0,0.09295,0.467011,0.01822,0.79078,0.0,0.139851,0.631142,0.408751,0.19547,0.0,0.0,0.0,0.0,0.0,0.0,0.0,0.176994,0.042543,0.0
362,0.088877,0.0,0.075662,0.0,0.584117,0.0,0.614524,0.0,0.892978,0.0,0.663069,0.144491,0.0,0.0,0.273629,0.0,0.0,0.685138,0.0,0.0,0.0,0.0,0.030667,0.0,0.0,0.0,0.0,0.0,0.0,0.007029,0.307722,0.0,0.770759,0.0,0.137096,0.526649,0.176326,0.127218,0.0,0.0,0.0,0.0,0.0,0.0,0.0,0.0,0.0,0.0
363,0.0,0.0,0.107768,0.0,0.694919,0.0,0.706919,0.0,1.009487,0.0,0.789514,0.071173,0.0,0.0,0.011042,0.0,0.0,0.784468,0.0,0.0,0.0,0.0,0.034626,0.0,0.0,0.0,0.0,0.065442,0.0,0.0,0.294552,0.243938,0.687602,0.0,0.165055,0.697642,0.250331,0.0,0.0,0.0,0.0,0.0,0.0,0.0,0.0,0.154493,0.0,0.0
364,0.048274,0.0,0.288987,0.056485,0.787271,0.0,0.628772,0.0,1.022683,0.0,0.904436,0.0,0.136271,0.0,0.0,0.0,0.0,0.757646,0.0,0.0,0.0,0.0,0.065341,0.0,0.0,0.0,0.0,0.197417,0.0,0.0,0.397087,0.306077,0.648898,0.0,0.138941,0.807383,0.356195,0.0,0.0,0.0,0.0,0.0,0.0,0.0,0.0,0.406736,0.0,0.0
365,0.0,0.0,0.372415,0.093913,0.820769,0.0,0.61587,0.0,0.8901,0.0,0.912418,0.0,0.248457,0.0,0.0,0.0,0.0,0.760263,0.0,0.0,0.0,0.0,0.11279,0.0,0.0,0.085722,0.031027,0.152188,0.0,0.0,0.666637,0.259956,0.73864,0.0,0.00624,0.810582,0.458891,0.0,0.0,0.0,0.0,0.13269,0.0,0.0,0.0,0.509799,0.0,0.0
366,0.158979,0.0,0.374142,0.352403,0.421676,0.0,0.453372,0.189383,0.75786,0.0,0.864993,0.0,0.264583,0.0,0.0,0.0,0.002382,0.474763,0.0,0.0,0.0,0.0,0.0,0.0,0.0,0.0,0.0,0.213095,0.0,0.0,0.587789,0.412782,0.472167,0.0,0.266576,0.635817,0.504504,0.0,0.0,0.0,0.0,0.0,0.0,0.0,0.046386,0.42433,0.055984,0.0
367,0.038002,0.0,0.062235,0.282672,0.445039,0.0,0.423307,0.260892,0.51596,0.0,0.606842,0.0,0.168,0.0,0.0,0.0,0.071773,0.230813,0.0,0.0,0.0,0.0,0.0,0.0,0.0,0.0,0.0,0.001826,0.0,0.0,0.434436,0.211934,0.30045,0.0,0.05242,0.347517,0.357189,0.0,0.0,0.019008,0.0,0.0,0.0,0.0,0.0,0.26732,0.035436,0.0
368,0.0,0.0,0.0,0.118366,0.580054,0.0,0.373705,0.215799,0.345755,0.0,0.379653,0.029981,0.015278,0.0,0.220705,0.0,0.052315,0.212335,0.0,0.0,0.0,0.0,0.197965,0.0,0.0,0.0,0.0,0.0,0.0,0.0,0.165942,0.109309,0.24497,0.0,0.0,0.173728,0.093814,0.0,0.0,0.17581,0.0,0.0,0.0,0.0,0.0,0.064748,0.068106,0.0
369,0.0,0.0,0.0,0.006742,0.38864,0.084503,0.356126,0.274759,0.306672,0.056291,0.308412,0.196048,0.306777,0.0,0.368312,0.0,0.024558,0.450329,0.0,0.0,0.0,0.0,0.430714,0.0,0.0,0.17163,0.0,0.0,0.0,0.125381,0.061823,0.208807,0.243062,0.0,0.191396,0.140283,0.109067,0.0,0.0,0.145056,0.0,0.0,0.0,0.0,0.0,0.022858,0.352932,0.0
370,0.0,0.0,0.0,0.16026,0.37138,0.0,0.347546,0.290751,0.472239,0.053691,0.146962,0.127954,0.228557,0.0,0.538754,0.0,0.003691,0.525913,0.0,0.0,0.0,0.061084,0.488154,0.0,0.0,0.290364,0.0,0.0,0.0,0.400578,0.061522,0.039903,0.159852,0.0,0.43816,0.021831,0.107987,0.0,0.0,0.289551,0.115015,0.0,0.0,0.0,0.133142,0.286991,0.448105,0.0
371,0.0,0.0,0.0,0.306077,0.470757,0.000331,0.233491,0.036901,0.75979,0.059278,0.0,0.148851,0.0,0.0,0.775974,0.0,0.0,0.614323,0.0,0.0,0.0,0.314139,0.596829,0.0,0.0,0.379475,0.0,0.0,0.0,0.682035,0.093502,0.0,0.182829,0.0,0.582612,0.0,0.04137,0.0,0.0,0.367802,0.233831,0.0,0.0,0.0,0.313764,0.210113,0.459497,0.0
372,0.0,0.0,0.0,0.284481,0.483866,0.0,0.196896,0.19088,0.879784,0.0,0.0,0.12424,0.015241,0.0,0.823033,0.0,0.0,0.810262,0.0,0.0,0.0381,0.453152,0.736117,0.0,0.114959,0.478263,0.16088,0.0,0.0,0.831389,0.180759,0.0,0.392279,0.0,0.985203,0.0,0.08041,0.118895,0.0,0.59758,0.546422,0.0,0.0,0.0,0.605971,0.447532,0.604102,0.0
373,0.0,0.0,0.0,0.490388,0.461298,0.0,0.101806,0.063835,1.013559,0.0,0.0,0.131915,0.0,0.0,0.972104,0.0,0.0,0.917151,0.0,0.0,0.131844,0.720009,0.960823,0.0,0.089372,0.493448,0.131779,0.0,0.0,1.072361,0.025784,0.0,0.716118,0.0,1.133656,0.0,0.169403,0.101391,0.0,0.553422,0.666817,0.0,0.0,0.0,0.848585,0.502007,0.713938,0.0
374,0.0,0.0,0.0,0.532972,0.420936,0.0,0.0,0.0,0.979034,0.0,0.0,0.261635,0.058297,0.0,1.149182,0.0,0.0,1.038353,0.0,0.0,0.011362,1.004498,1.02151,0.0,0.091751,0.419849,0.0,0.0,0.0,1.336304,0.0,0.0,0.815598,0.0,1.304534,0.0,0.298444,0.16329,0.0,0.647266,0.777577,0.0,0.055972,0.0,0.838404,0.337207,0.848159,0.0
375,0.0,0.0,0.0,0.58561,0.373837,0.0,0.0,0.0,1.006438,0.0,0.0,0.178247,0.018576,0.0,1.195765,0.0,0.0,1.108555,0.0,0.0,0.072975,1.264514,1.051416,0.0,0.15237,0.336681,0.047612,0.0,0.0,1.613446,0.0,0.0,1.049393,0.0,1.508275,0.0,0.410921,0.120431,0.0,0.641864,0.947094,0.0,0.149041,0.0,1.065887,0.479017,0.967895,0.0
376,0.0,0.0,0.0,0.394777,0.441673,0.0,0.0,0.0,0.850274,0.0,0.0,0.470255,0.111997,0.0,1.313261,0.0,0.0,1.140211,0.0,0.0,0.0,1.434902,0.978803,0.0,0.200515,0.248754,0.118287,0.0,0.0,1.783139,0.0,0.0,1.128076,0.0,1.660935,0.0,0.553362,0.257039,0.0,0.895849,1.167695,0.0,0.051829,0.0,0.890828,0.239173,1.236537,0.0
377,0.0,0.0,0.0,0.313568,0.392638,0.0,0.0,0.0,0.684054,0.0,0.0,0.483205,0.111444,0.0,1.191422,0.0,0.0,1.036708,0.0,0.0,0.0,1.570098,0.957988,0.0,0.243573,0.079044,0.0,0.0,0.0,1.897388,0.0,0.0,1.352111,0.0,1.662691,0.0,0.563822,0.133802,0.0,0.93228,0.976632,0.0,0.075727,0.0,0.926341,0.166451,1.171888,0.0
378,0.0,0.0,0.0,0.429071,0.122257,0.0,0.0,0.0,0.671603,0.0,0.0,0.412382,0.0,0.0,1.34027,0.0,0.0,0.898984,0.0,0.0,0.0,1.686104,0.872562,0.0,0.180113,0.275459,0.039033,0.0,0.0,2.056179,0.0,0.0,1.476437,0.0,1.530631,0.0,0.654891,0.047145,0.0,0.905775,1.190416,0.0,0.0,0.0,1.005025,0.219975,1.405885,0.0
379,0.0,0.0,0.0,0.233807,0.0,0.0,0.0,0.05119,0.410933,0.0,0.0,0.424729,0.030317,0.0,1.30706,0.0,0.019216,0.913849,0.0,0.0,0.0,1.629586,0.60992,0.0,0.335753,0.215629,0.019557,0.0,0.0,2.134595,0.0,0.0,1.29522,0.0,1.555821,0.0,0.778546,0.070364,0.0,1.021361,1.069706,0.0,0.097774,0.0,0.820679,0.103046,1.532925,0.086362
380,0.0,0.0,0.0,0.053974,0.0,0.0,0.0,0.028835,0.171179,0.026306,0.0,0.474106,0.145451,0.0,0.982719,0.0,0.260546,0.74249,0.0,0.0,0.0,1.431757,0.395445,0.0,0.328,0.089903,0.071491,0.0,0.0,2.011329,0.0,0.0,1.270875,0.0,1.380252,0.0,0.814356,0.201597,0.0,1.069735,1.005385,0.0,0.149816,0.0,0.63299,0.0,1.371745,0.270161
381,0.0,0.0,0.0,0.029335,0.071529,0.0,0.0,0.264653,0.278623,0.053727,0.0,0.402397,0.152158,0.0,1.02787,0.0,0.159646,0.506323,0.0,0.0,0.0,1.22705,0.51161,0.0,0.348357,0.079895,0.182595,0.0,0.0,1.964895,0.0,0.0,1.233182,0.0,1.411638,0.0,0.915095,0.190924,0.0,1.06924,1.066336,0.0,0.271632,0.0,0.610413,0.0,1.34853,0.301979
382,0.0,0.0,0.0,0.165978,0.057924,0.071836,0.0,0.375645,0.518215,0.0,0.0,0.312468,0.0,0.0,1.194895,0.0,0.045568,0.392886,0.0,0.0,0.062757,1.257632,0.715892,0.0,0.151883,0.270453,0.250691,0.0,0.0,1.91451,0.0,0.0,1.40797,0.0,1.358306,0.0,0.822977,0.149715,0.0,1.020914,1.363423,0.0,0.044431,0.0,0.909629,0.0,1.439059,0.240346
383,0.0,0.0,0.0,0.320253,0.091428,0.0,0.0,0.242577,0.700014,0.19097,0.0,0.345562,0.0,0.0,1.280153,0.0,0.0,0.623632,0.0,0.0,0.096284,1.248244,0.784278,0.0,0.198204,0.359966,0.182692,0.0,0.0,1.81359,0.0,0.0,1.084424,0.0,1.393119,0.0,0.727079,0.112629,0.0,0.782004,1.119619,0.0,0.12139,0.0,0.83716,0.0,1.351014,0.0
384,0.0,0.0,0.0,0.350818,0.14981,0.0,0.0,0.245776,0.692195,0.142849,0.0,0.259321,0.063182,0.0,1.075937,0.0,0.050322,0.802062,0.0,0.0,0.0,1.103974,0.705095,0.0,0.048437,0.281612,0.002273,0.0,0.0,1.612119,0.0,0.0,0.985249,0.0,1.366301,0.0,0.558067,0.121234,0.0,0.63822,1.051157,0.0,0.138854,0.0,0.864715,0.156063,1.344727,0.0
385,0.0,0.0,0.0,0.297899,0.370468,0.0,0.0,0.093306,0.747652,0.055675,0.110291,0.426716,0.298452,0.0,0.831488,0.0,0.133055,1.005529,0.0,0.0,0.0,0.886021,0.699587,0.0,0.060217,0.214626,0.0,0.0,0.0,1.353455,0.1013,0.0,0.725392,0.0,1.395899,0.0,0.354382,0.238171,0.0,0.562056,0.767177,0.0,0.137852,0.0,0.748113,0.205104,1.084921,0.0
386,0.0,0.0,0.0,0.516801,0.512615,0.0,0.0,0.0,1.025339,0.10091,0.041583,0.400886,0.189744,0.0,0.893131,0.0,0.0,0.911125,0.0,0.0,0.0,0.850962,0.945852,0.0,0.104567,0.235179,0.0,0.0,0.0,1.086194,0.06627,0.0,0.46751,0.0,1.393657,0.013438,0.218435,0.02885,0.0,0.445133,0.674202,0.0,0.095846,0.0,0.772384,0.346161,0.786945,0.0
387,0.0,0.0,0.0,0.528782,0.345148,0.0,0.0,0.344134,1.030675,0.095982,0.0,0.28179,0.372894,0.0,0.918526,0.0,0.0,0.994078,0.0,0.0,0.0,0.744775,0.798267,0.0,0.073575,0.188528,0.0,0.0,0.0,0.958485,0.252329,0.0,0.242066,0.0,1.522788,0.0,0.358728,0.023735,0.0,0.282941,0.946553,0.0,0.227951,0.0,0.990147,0.617225,0.987981,0.0
388,0.0,0.0,0.0,0.574558,0.235353,0.0,0.0,0.762097,0.897594,0.053316,0.0,0.189688,0.556594,0.0,0.890473,0.0,0.031334,0.938598,0.24023,0.0,0.0,0.637295,0.679781,0.0,0.125323,0.241582,0.0,0.0,0.0,1.092699,0.406952,0.0,0.181352,0.0,1.658412,0.0,0.45982,0.0,0.0,0.279968,1.086669,0.0,0.432977,0.0,1.162397,0.93904,1.133849,0.0
389,0.0,0.0,0.0,0.572568,0.265747,0.0,0.0,0.689627,0.850273,0.162141,0.0,0.016658,0.604186,0.0,0.861286,0.0,0.017567,0.914942,0.461587,0.0,0.027985,0.528088,0.621203,0.0,0.260361,0.233384,0.0,0.0,0.0,0.963365,0.305885,0.0,0.165795,0.0,1.592344,0.0,0.440372,0.0,0.0,0.323618,1.013612,0.0,0.386831,0.0,1.1378,0.975906,1.003152,0.0
390,0.0,0.0,0.0,0.526551,0.311399,0.042773,0.0,0.391267,0.949336,0.205598,0.0,0.063454,0.121878,0.0,0.873135,0.0,0.0,0.656543,0.084727,0.0,0.072376,0.516979,0.748432,0.0,0.0,0.380294,0.0,0.0,0.0,1.043207,0.167608,0.0,0.38869,0.0,1.245327,0.0,0.406444,0.0,0.0,0.23147,0.893238,0.0,0.207835,0.0,0.872542,0.553541,0.983109,0.0
391,0.0,0.0,0.0,0.26739,0.493638,0.114116,0.085512,0.057015,0.675008,0.17474,0.0,0.109748,0.0,0.0,0.583564,0.0,0.0,0.464071,0.0,0.0,0.0,0.338679,0.658446,0.0,0.0,0.357326,0.063166,0.0,0.0,0.786853,0.040236,0.0,0.435905,0.0,0.845983,0.0,0.233091,0.064112,0.0,0.390794,0.525408,0.0,0.002001,0.0,0.601914,0.161642,0.613761,0.0
392,0.0,0.0,0.0,0.0,0.59228,0.0,0.475976,0.0,0.541101,0.117171,0.158559,0.202014,0.0,0.0,0.496027,0.0,0.043707,0.556176,0.0,0.0,0.0,0.070285,0.624758,0.0,0.0,0.333674,0.097157,0.0,0.0,0.664377,0.0,0.123651,0.351417,0.0,0.525295,0.104106,0.157958,0.123214,0.0,0.512067,0.129487,0.0,0.0,0.0,0.228401,0.0,0.412553,0.0
393,0.0,0.0,0.0,0.0,0.66165,0.173128,0.802286,0.0,0.57696,0.037442,0.34997,0.351618,0.0,0.0,0.46899,0.0,0.023081,0.442852,0.0,0.0,0.112988,0.0,0.779251,0.0,0.0,0.365812,0.268878,0.0,0.0,0.564836,0.0,0.385288,0.62387,0.0,0.246027,0.046575,0.206526,0.277413,0.0,0.444269,0.0,0.0,0.0,0.0,0.039967,0.0,0.347236,0.0
394,0.0,0.0,0.0,0.0,0.796651,0.250763,0.858672,0.0,0.486176,0.0,0.603798,0.319052,0.0,0.0,0.411422,0.08309,0.155745,0.319494,0.0,0.0,0.098988,0.0,0.619269,0.0,0.0,0.185617,0.390334,0.0,0.0,0.601148,0.0,0.517522,0.714543,0.0,0.135518,0.0,0.147015,0.315917,0.0,0.630799,0.0,0.0,0.0,0.0,0.0,0.0,0.267002,0.0
395,0.0,0.0,0.0,0.0,0.955346,0.172941,0.893828,0.0,0.29686,0.0,0.573097,0.150563,0.0,0.0,0.369712,0.200441,0.345891,0.173994,0.0,0.0,0.116024,0.0,0.505104,0.0,0.0,0.22887,0.542526,0.0,0.0,0.599297,0.0,0.485034,0.866417,0.0,0.070237,0.05519,0.215877,0.269763,0.0,0.788088,0.0,0.0,0.0,0.0,0.0,0.0,0.306127,0.0
396,0.0,0.0,0.0,0.0,0.831974,0.279437,0.832102,0.0,0.240966,0.0,0.709951,0.244328,0.0,0.0,0.433334,0.176192,0.412382,0.195519,0.0,0.0,0.014867,0.0,0.429368,0.0,0.0,0.093457,0.358204,0.0,0.0,0.576367,0.0,0.536998,0.891065,0.0,0.00524,0.054398,0.276089,0.304616,0.0,0.75712,0.0,0.0,0.0,0.0,0.0,0.0,0.363833,0.0
397,0.0,0.0,0.0,0.0,0.500262,0.172743,0.792392,0.185279,0.075778,0.099375,0.516586,0.030299,0.0,0.0,0.37114,0.212628,0.684159,0.122943,0.0,0.0,0.0,0.0,0.223609,0.0,0.0,0.205359,0.173015,0.0,0.0,0.596562,0.0,0.078181,0.983077,0.0,0.007264,0.0,0.379952,0.322068,0.0,0.848869,0.12471,0.0,0.0,0.177083,0.189755,0.0,0.563337,0.003099
398,0.0,0.0,0.0,0.0,0.5266,0.256492,0.806251,0.144589,0.12814,0.041182,0.789811,0.227268,0.233128,0.0,0.318107,0.17749,0.645023,0.102916,0.0,0.0,0.0,0.0,0.166898,0.0,0.0,0.181288,0.005307,0.008956,0.0,0.21064,0.0,0.430462,0.708136,0.0,0.063886,0.041609,0.287015,0.167368,0.0,0.741355,0.0,0.0,0.0,0.007909,0.0,0.0,0.462872,0.051179
399,0.058084,0.0,0.14383,0.0,0.332412,0.156758,0.882735,0.301593,0.182319,0.145222,0.814651,0.236151,0.312385,0.0,0.15181,0.146658,0.786763,0.009451,0.0,0.0,0.0,0.0,0.074175,0.0,0.0,0.026369,0.0,0.136359,0.0,0.121479,0.174376,0.487007,0.528987,0.0,0.089595,0.076588,0.330071,0.0,0.0,0.672135,0.0,0.0,0.0,0.0,0.109522,0.14666,0.440645,0.05796
400,0.083172,0.0,0.303193,0.013809,0.441402,0.259219,0.875978,0.37123,0.296416,0.101139,0.888347,0.252647,0.445148,0.0,0.164451,0.194061,0.623138,0.036649,0.0,0.0,0.0,0.0,0.184905,0.0,0.0,0.09711,0.0,0.286404,0.0,0.093719,0.362498,0.635387,0.516639,0.0,0.209504,0.176544,0.229776,0.0,0.0,0.661342,0.0,0.0,0.0,0.0,0.065589,0.264057,0.449995,0.016428
401,0.022839,0.0,0.201372,0.0,0.596471,0.225212,0.65005,0.3176,0.168793,0.194452,0.807721,0.259197,0.373912,0.0,0.217321,0.176637,0.807452,0.155761,0.0,0.0,0.0,0.0,0.139694,0.0,0.0,0.443533,0.0,0.118237,0.0,0.0,0.36423,0.627069,0.4994,0.0,0.071122,0.251944,0.179044,0.0,0.0,0.714985,0.0,0.0,0.0,0.0,0.0,0.178143,0.492203,0.0
402,0.0,0.0,0.0,0.0,0.415225,0.338102,0.546059,0.357406,0.27518,0.244581,0.83376,0.306888,0.55041,0.0,0.351321,0.047736,0.648957,0.05592,0.0,0.0,0.0,0.0,0.260992,0.0,0.0,0.431222,0.0,0.124378,0.0,0.099887,0.185334,0.80864,0.658404,0.0,0.13729,0.262141,0.341249,0.081982,0.0,0.549804,0.0,0.0,0.0,0.0,0.0,0.004283,0.59222,0.003543
403,0.0,0.0,0.0,0.0,0.352985,0.344923,0.454054,0.462313,0.158501,0.389979,0.510781,0.043593,0.221229,0.0,0.538041,0.068013,0.749969,0.0,0.0,0.0,0.0,0.0,0.059817,0.0,0.0,0.310443,0.0,0.0,0.0,0.35445,0.254567,0.541415,0.715409,0.0,0.151662,0.025919,0.396023,0.0,0.0,0.728523,0.325492,0.0,0.0,0.0,0.175491,0.0,0.684306,0.191913
404,0.130294,0.0,0.0,0.07875,0.315258,0.318912,0.210575,0.653502,0.071474,0.446166,0.201309,0.0,0.193317,0.0,0.721491,0.045927,0.693622,0.0,0.0,0.0,0.0,0.0,0.136126,0.0,0.122275,0.415058,0.0,0.0,0.0,0.633672,0.290571,0.389802,0.772705,0.0,0.308221,0.0,0.456338,0.0,0.0,0.830394,0.533966,0.0,0.0,0.0,0.352575,0.0,0.857299,0.330506
405,0.47083,0.0,0.0,0.2018,0.123005,0.265454,0.075832,1.08783,0.0,0.43514,0.030297,0.0,0.391841,0.0,0.65936,0.091071,1.001937,0.0,0.0,0.0,0.0,0.0,0.0,0.0,0.282708,0.554666,0.0,0.0,0.0,0.520115,0.637581,0.292912,0.610585,0.0,0.669832,0.0,0.425856,0.0,0.0,1.052729,0.831285,0.0,0.0,0.0,0.386214,0.331031,1.12069,0.68908
406,0.109172,0.0,0.0,0.161445,0.0,0.288438,0.010427,1.126684,0.0,0.620208,0.117247,0.10426,0.508517,0.0,0.821508,0.0,0.940202,0.0,0.0,0.0,0.0,0.0,0.0,0.0,0.270184,0.552064,0.0,0.0,0.0,0.928029,0.531902,0.282057,0.477326,0.0,0.716465,0.0,0.555055,0.0,0.0,0.748293,1.028615,0.0,0.0,0.0,0.397334,0.380476,1.256454,0.603739
407,0.0,0.0,0.0,0.202563,0.0,0.240818,0.0,0.925673,0.0,0.659048,0.146408,0.254652,0.416529,0.0,0.727085,0.075397,0.962578,0.0,0.0,0.0,0.0,0.090228,0.0,0.0,0.377352,0.688555,0.0,0.0,0.0,0.986898,0.577571,0.217291,0.273427,0.0,0.875541,0.0,0.358632,0.0,0.0,0.79263,0.769164,0.0,0.0,0.0,0.320083,0.460897,1.249875,0.601014
408,0.0,0.0,0.0,0.140037,0.0,0.201351,0.0,1.019843,0.081113,0.575203,0.059295,0.279481,0.393741,0.0,0.961031,0.156213,0.935579,0.122159,0.0,0.0,0.0,0.198384,0.0,0.0,0.52265,0.804512,0.0,0.0,0.0,1.080559,0.60712,0.035535,0.156797,0.0,1.036103,0.0,0.297706,0.0,0.0,0.827713,0.867914,0.0,0.0,0.0,0.247755,0.544501,1.391254,0.52118
409,0.0,0.0,0.0,0.202469,0.0,0.209082,0.0,0.872704,0.13754,0.527526,0.048329,0.289443,0.394035,0.0,1.016609,0.134698,0.899133,0.135633,0.0,0.0,0.0,0.288848,0.0,0.0,0.47987,0.925811,0.0,0.0,0.0,1.167919,0.596599,0.0,0.245299,0.0,1.135985,0.025348,0.252645,0.0,0.0,0.820154,0.916597,0.041311,0.0,0.0,0.254967,0.696432,1.598884,0.500904
410,0.0,0.0,0.0,0.351352,0.0,0.196048,0.0,1.265438,0.042133,0.589266,0.0,0.288185,0.629174,0.0,1.130899,0.184638,1.112509,0.192044,0.0,0.0,0.0,0.302912,0.0,0.0,0.717448,1.004698,0.0,0.0,0.0,1.301934,0.951014,0.0,0.051882,0.0,1.497031,0.0,0.369468,0.0,0.0,0.966799,1.017573,0.015022,0.0,0.0,0.274133,1.045634,1.707505,0.62236
411,0.0,0.0,0.0,0.397485,0.0,0.242749,0.0,1.554056,0.098801,0.695861,0.0,0.287635,0.768049,0.0,1.312521,0.209285,1.345667,0.219664,0.0,0.0,0.0,0.214348,0.0,0.0,1.008731,1.213878,0.0,0.0,0.0,1.336288,1.224758,0.0,0.0,0.0,1.687815,0.0,0.47355,0.0,0.0,1.091394,1.189942,0.002245,0.0,0.0,0.39751,1.198463,1.819458,0.717748
412,0.149377,0.0,0.0,0.365472,0.0,0.358976,0.0,1.908717,0.034881,0.73653,0.0,0.394949,0.903612,0.0,1.438599,0.084256,1.430848,0.045305,0.0,0.0,0.0,0.181753,0.0,0.0,0.983085,1.214904,0.0,0.0,0.0,1.37398,1.457739,0.024118,0.003278,0.0,1.739263,0.0,0.660782,0.0,0.0,1.303666,1.546979,0.0,0.0,0.0,0.639932,1.094208,2.038179,0.847569
413,0.27286,0.0,0.0,0.543215,0.0,0.426985,0.0,2.163621,0.0,0.909433,0.0,0.256383,1.138932,0.0,1.315204,0.0,1.696576,0.0,0.0,0.0,0.0,0.08748,0.0,0.0,1.005258,1.147608,0.0,0.0,0.0,1.285177,1.647497,0.09042,0.043926,0.0,1.874282,0.0,0.890082,0.0,0.0,1.375904,1.613669,0.0,0.0,0.0,0.643038,1.270112,2.123978,1.051512
414,0.516963,0.0,0.0,0.578303,0.0,0.504534,0.0,2.21794,0.0,0.919482,0.110765,0.334733,1.26615,0.0,1.316683,0.0,1.654416,0.0,0.0,0.0,0.0,0.071619,0.0,0.0,0.949272,1.122526,0.0,0.0,0.0,1.213062,1.831912,0.368029,0.0,0.0,1.947322,0.0,0.954394,0.0,0.0,1.484584,1.554592,0.0,0.0,0.0,0.577719,1.23466,2.111475,1.126921
415,0.287099,0.0,0.0,0.569167,0.0,0.509842,0.0,1.882289,0.0,0.944145,0.18853,0.235642,1.078364,0.0,1.011748,0.0,1.565395,0.0,0.0,0.0,0.0,0.023076,0.0,0.0,0.88188,0.877552,0.0,0.0,0.0,0.961089,1.502318,0.321014,0.198151,0.0,1.728147,0.0,0.799299,0.0,0.0,1.361138,1.384547,0.0,0.0,0.0,0.471016,1.154255,1.85724,1.088461
416,0.157213,0.0,0.0,0.42429,0.0,0.36326,0.002083,1.733181,0.0,0.930985,0.154369,0.41644,0.898326,0.0,1.191879,0.0,1.352788,0.0,0.0,0.0,0.0,0.072197,0.0,0.0,0.785983,1.004285,0.0,0.0,0.0,1.162307,1.565025,0.423822,0.054853,0.0,1.4171,0.0,0.756806,0.0,0.0,1.243416,1.273346,0.0,0.0,0.0,0.569735,0.965283,1.779596,0.865241
417,0.0,0.0,0.0,0.225947,0.0,0.287264,0.157837,1.251358,0.0,0.823983,0.225858,0.520537,0.622103,0.0,1.185563,0.19505,1.160943,0.015165,0.0,0.0,0.0,0.07407,0.0,0.0,0.880978,1.059651,0.0,0.0,0.0,1.061013,1.360824,0.38902,0.0,0.0,1.315614,0.018523,0.382108,0.0,0.0,1.154235,0.802332,0.125873,0.0,0.0,0.194884,0.804213,1.489722,0.684047
418,0.0,0.0,0.0,0.088138,0.0,0.165235,0.109176,1.015539,0.01464,0.684462,0.368168,0.54142,0.468776,0.0,0.908501,0.267218,1.039881,0.048872,0.0,0.0,0.0,0.135631,0.0,0.0,0.559118,0.749733,0.0,0.0,0.0,1.075662,0.914268,0.206923,0.0,0.0,1.162147,0.0,0.329804,0.0,0.0,1.025178,0.430572,0.181217,0.0,0.0,0.0,0.607051,1.500618,0.613968
419,0.0,0.0,0.0,0.0,0.0,0.232551,0.348853,0.696229,0.19535,0.76406,0.354658,0.64956,0.354086,0.0,1.075473,0.220805,0.769999,0.156072,0.0,0.0,0.0,0.142532,0.0,0.0,0.511847,0.626668,0.0,0.0,0.0,1.226233,0.734538,0.256965,0.0,0.0,1.085588,0.0,0.298326,0.0,0.0,0.79867,0.368336,0.097734,0.0,0.0,0.0,0.496153,1.431973,0.420665
420,0.0,0.0,0.0,0.0,0.0,0.04003,0.374523,0.534837,0.300051,0.797258,0.296447,0.624793,0.319041,0.0,1.09778,0.13175,0.724508,0.163678,0.0,0.0,0.0,0.173503,0.0,0.0,0.333132,0.512459,0.0,0.0,0.0,1.409701,0.403732,0.107557,0.045392,0.0,0.974726,0.0,0.382731,0.0,0.0,0.68202,0.458442,0.0,0.0,0.0,0.0,0.274669,1.525895,0.302554
421,0.0,0.0,0.0,0.0,0.0,0.027777,0.295609,0.500927,0.503965,0.67207,0.241657,0.649498,0.071018,0.0,1.213536,0.147666,0.558129,0.101678,0.0,0.0,0.0,0.234505,0.148204,0.0,0.361249,0.56917,0.0,0.0,0.0,1.431331,0.290582,0.0,0.203624,0.0,1.005349,0.0,0.363472,0.060865,0.0,0.818115,0.389851,0.0,0.0,0.0,0.0,0.0,1.426271,0.270996
422,0.0,0.0,0.0,0.0,0.0,0.106783,0.228542,0.568178,0.35042,0.690321,0.086812,0.397886,0.181882,0.0,1.173325,0.0,0.679634,0.202562,0.0,0.0,0.0,0.369563,0.139717,0.0,0.306807,0.417779,0.0,0.0,0.0,1.500813,0.086157,0.0,0.360577,0.0,1.008154,0.0,0.513533,0.009557,0.0,0.722889,0.656263,0.0,0.0,0.0,0.233174,0.168921,1.57858,0.308701
423,0.049942,0.0,0.0,0.0,0.0,0.064327,0.144446,0.753234,0.166231,0.502782,0.117577,0.277321,0.233093,0.0,0.991433,0.0,0.693129,0.181636,0.0,0.0,0.0,0.408733,0.206987,0.0,0.192527,0.284281,0.0,0.0,0.0,1.433914,0.063522,0.0,0.474177,0.0,1.011415,0.0,0.609986,0.0,0.0,0.828251,0.774017,0.0,0.0,0.0,0.36815,0.234939,1.543943,0.435207
424,0.0,0.0,0.0,0.0013,0.0,0.009734,0.199311,0.328455,0.27327,0.536028,0.196781,0.304634,0.155253,0.0,0.714652,0.0,0.512492,0.295429,0.0,0.0,0.0,0.348112,0.111624,0.0,0.190287,0.195908,0.0,0.0,0.0,1.14118,0.02569,0.0,0.298143,0.0,0.82331,0.0,0.45045,0.0,0.0,0.378494,0.285342,0.0,0.0,0.0,0.136778,0.102455,1.08784,0.119203
425,0.0,0.0,0.0,0.157564,0.236203,0.233365,0.151769,0.175287,0.418182,0.195707,0.204615,0.206959,0.0,0.0,0.742018,0.0,0.135709,0.0,0.0,0.0,0.0,0.292889,0.405441,0.0,0.0,0.284652,0.0,0.0,0.0,0.795979,0.111411,0.0,0.52883,0.0,0.303834,0.0,0.399379,0.0,0.0,0.261838,0.418435,0.0,0.0,0.0,0.255088,0.024667,0.866791,0.0
426,0.0,0.0,0.060284,0.300699,0.339669,0.054485,0.333915,0.100899,0.434782,0.250714,0.371728,0.203388,0.126367,0.0,0.366255,0.0,0.047582,0.353079,0.0,0.0,0.0,0.167015,0.084173,0.0,0.005802,0.254549,0.0,0.0,0.0,0.583263,0.374878,0.319828,0.17258,0.0,0.251698,0.147006,0.161679,0.0,0.0,0.106426,0.173715,0.005816,0.0,0.0,0.083265,0.369496,0.428596,0.0
427,0.0,0.0,0.126185,0.398458,0.432807,0.056289,0.601274,0.454983,0.556534,0.0,0.496216,0.140248,0.325717,0.0,0.414797,0.026069,0.07495,0.685993,0.0,0.0,0.0,0.0,0.0,0.0,0.117561,0.462543,0.0,0.0,0.0,0.3424,0.831568,0.54637,0.119609,0.0,0.263857,0.521565,0.007312,0.0,0.0,0.436755,0.058245,0.052202,0.0,0.0,0.22096,0.508507,0.221159,0.0
428,0.0,0.0,0.372213,0.737079,0.585317,0.123199,0.607748,0.731699,0.651009,0.0,0.74708,0.0,0.766178,0.0,0.052565,0.153366,0.239213,0.701663,0.0,0.0,0.0,0.0,0.0,0.0,0.0,0.321003,0.0,0.291019,0.0,0.0,1.332671,0.999169,0.096259,0.0,0.514985,0.659595,0.0,0.0,0.0,0.694587,0.0,0.178035,0.0,0.153461,0.206485,0.776153,0.107641,0.0
429,0.0,0.0,0.684832,1.099843,0.853644,0.115391,0.945504,1.023642,0.647119,0.0,0.950611,0.0,1.322285,0.0,0.0,0.204291,0.42736,0.706056,0.0,0.0,0.0,0.0,0.0,0.0,0.029468,0.461197,0.0,0.558836,0.0,0.0,2.14924,1.376807,0.224214,0.0,0.575118,0.809289,0.121023,0.0,0.0,1.068295,0.0,0.312926,0.0,0.186264,0.353006,1.261304,0.047643,0.0
430,0.0,0.0,0.857506,1.265379,0.934943,0.082148,1.225894,1.419478,0.733869,0.0,1.126601,0.0,1.701949,0.0,0.0,0.206236,0.46412,0.717218,0.0,0.081453,0.025009,0.0,0.0,0.0,0.0,0.676065,0.0,0.6966,0.0,0.0,2.623812,1.700035,0.320315,0.0,0.705997,0.899639,0.297967,0.0,0.0,1.245793,0.0,0.265278,0.0,0.015994,0.552871,1.526953,0.139856,0.0
431,0.0,0.0,0.739887,1.258847,0.901188,0.047145,1.291123,1.648696,0.881016,0.0,1.225255,0.056969,1.779878,0.0,0.0,0.12975,0.372192,0.762395,0.0,0.0,0.085391,0.0,0.0,0.0,0.0,0.902097,0.0,0.676883,0.0,0.0,2.618177,1.807078,0.372713,0.0,0.799133,1.068754,0.387866,0.0,0.0,1.181812,0.037457,0.232652,0.0,0.0,0.663224,1.444777,0.301899,0.0
432,0.0,0.0,0.458564,1.186075,0.736006,0.174942,1.020558,1.76305,0.79092,0.071305,1.221993,0.125494,1.678733,0.0,0.055788,0.0,0.51447,0.689961,0.0,0.0,0.227028,0.0,0.0,0.0,0.0,0.799219,0.0,0.344509,0.0,0.0,2.350439,1.649651,0.274552,0.0,1.080983,0.953886,0.342231,0.0,0.0,1.211836,0.036577,0.123752,0.0,0.0,0.626793,1.241756,0.418119,0.0
433,0.0,0.0,0.564065,1.155259,0.746206,0.159588,0.884297,1.652253,0.721711,0.143449,1.005758,0.088958,1.484875,0.0,0.078988,0.045079,0.569104,0.577647,0.0,0.0,0.032531,0.0,0.0,0.0,0.0,0.878652,0.0,0.440973,0.0,0.010545,2.247552,1.471918,0.129706,0.0,1.0956,0.902396,0.234378,0.0,0.0,1.307412,0.088385,0.239828,0.0,0.0,0.635815,1.245893,0.364994,0.0
434,0.0,0.0,0.285438,1.054272,0.532881,0.132565,0.769654,1.51757,0.787253,0.237998,0.678327,0.183621,1.259699,0.0,0.295483,0.013846,0.44869,0.428715,0.0,0.0,0.077913,0.0,0.0,0.0,0.041758,0.972456,0.0,0.487033,0.0,0.246802,1.881662,1.229676,0.234422,0.0,0.885867,0.826885,0.289038,0.0,0.0,0.948989,0.375218,0.298457,0.0,0.0,0.792856,1.202166,0.355412,0.0
435,0.0,0.0,0.201306,0.979825,0.393843,0.217797,0.458969,1.715721,0.459461,0.262069,0.43965,0.0,1.138449,0.0,0.613667,0.0,0.746742,0.20529,0.0,0.0,0.208779,0.0,0.0,0.0,0.400132,1.053704,0.0,0.182606,0.0,0.35897,1.688283,0.794844,0.235462,0.0,1.082384,0.44453,0.302737,0.0,0.0,1.139982,0.61913,0.01808,0.0,0.0,0.938613,1.2273,0.550003,0.10203
436,0.087424,0.0,0.0,0.80118,0.084873,0.182864,0.049757,1.804492,0.195721,0.231159,0.260392,0.0,0.872938,0.0,0.605989,0.0,0.983879,0.0,0.0,0.0,0.078901,0.0,0.0,0.0,0.208705,0.865147,0.0,0.0,0.0,0.611052,1.22147,0.357781,0.39661,0.0,1.104836,0.043188,0.405147,0.0,0.0,1.142865,1.035434,0.0,0.0,0.0,1.04236,1.057444,0.874282,0.44459
437,0.130611,0.0,0.0,0.520677,0.0,0.246224,0.0,1.686538,0.0,0.300482,0.219347,0.0,0.686175,0.0,0.748991,0.0,0.970594,0.0,0.0,0.0,0.048174,0.0,0.0,0.0,0.258013,0.767541,0.0,0.0,0.0,0.766914,0.920902,0.343367,0.566756,0.0,1.103892,0.0,0.496874,0.0,0.0,1.12552,1.238481,0.0,0.0,0.0,0.808055,0.790213,0.900279,0.60322
438,0.055434,0.0,0.0,0.196393,0.0,0.222293,0.0,1.146418,0.06854,0.248966,0.041108,0.169901,0.288509,0.0,0.966629,0.021049,0.836803,0.200173,0.0,0.0,0.022597,0.0,0.153607,0.0,0.220047,0.917682,0.0,0.0,0.0,0.877722,0.590665,0.075816,0.749959,0.0,0.750385,0.025535,0.359059,0.0,0.0,0.980201,1.242035,0.0,0.0,0.0,0.67165,0.388383,0.937436,0.537599
439,0.0,0.0,0.230123,0.12889,0.007088,0.165321,0.0,0.48591,0.0,0.362791,0.285474,0.350662,0.220582,0.0,0.849266,0.097551,0.617695,0.267416,0.0,0.0,0.0,0.035989,0.202072,0.0,0.391919,0.79668,0.0,0.068766,0.0,0.843846,0.244465,0.227547,0.797255,0.0,0.581746,0.07962,0.252278,0.0,0.0,0.860795,0.633947,0.135464,0.0,0.0,0.174567,0.306371,0.648579,0.488297
440,0.117583,0.0,0.477778,0.209776,0.0,0.092094,0.047049,0.350044,0.0,0.34651,0.341175,0.182734,0.167682,0.0,0.620915,0.04309,0.490186,0.207729,0.0,0.0,0.0,0.235259,0.130704,0.0,0.22627,0.344677,0.0,0.022468,0.0,0.75871,0.053746,0.216041,0.923113,0.0,0.604094,0.0,0.426094,0.0,0.0,0.705143,0.438787,0.018436,0.0,0.0,0.215799,0.275757,0.643745,0.509273
441,0.203529,0.0,0.495829,0.160769,0.018815,0.0,0.049918,0.326971,0.0,0.242323,0.197379,0.16358,0.009097,0.0,0.557323,0.069845,0.488093,0.257251,0.0,0.0,0.059041,0.301825,0.165139,0.0,0.162043,0.360574,0.0,0.0,0.0,0.816391,0.065498,0.251273,0.915475,0.0,0.468317,0.0,0.564197,0.0,0.0,0.584988,0.385901,0.0,0.0,0.0,0.181327,0.182129,0.648067,0.408454
442,0.113388,0.0,0.228348,0.285244,0.0,0.069355,0.121493,0.110565,0.0,0.380919,0.204748,0.128011,0.108504,0.0,0.382088,0.000961,0.420068,0.121423,0.0,0.0,0.045268,0.251013,0.044786,0.0,0.021196,0.020452,0.0,0.0,0.0,0.917805,0.0,0.25957,0.86,0.0,0.557298,0.0,0.72169,0.056653,0.0,0.31852,0.369658,0.0,0.0,0.0,0.286459,0.065398,0.689854,0.37225
443,0.122708,0.0,0.0,0.071583,0.0,0.329124,0.14451,0.280545,0.0,0.248236,0.13272,0.128671,0.0,0.0,0.711811,0.052247,0.307646,0.0,0.0,0.0,0.072968,0.143238,0.279265,0.0,0.0,0.046448,0.0,0.0,0.0,0.941924,0.0,0.048496,1.077143,0.0,0.289927,0.0,0.677908,0.263082,0.0,0.502669,0.586069,0.0,0.0,0.0,0.331832,0.0,0.836395,0.385314
444,0.0,0.0,0.0,0.0,0.047313,0.258195,0.215811,0.210491,0.0,0.242162,0.122419,0.100354,0.0,0.0,0.722758,0.113993,0.254808,0.147658,0.0,0.0,0.099928,0.165976,0.27428,0.0,0.002027,0.237827,0.158277,0.0,0.0,0.964344,0.0,0.0,0.978686,0.0,0.268416,0.0,0.502168,0.25456,0.0,0.431523,0.403089,0.0,0.0,0.0,0.204266,0.0,0.723403,0.239081
445,0.0,0.0,0.0,0.0,0.118117,0.210685,0.300435,0.042812,0.060578,0.236226,0.213533,0.150459,0.0,0.0,0.656974,0.116008,0.186276,0.237854,0.0,0.0,0.0,0.153907,0.206491,0.0,0.00592,0.2505,0.162117,0.0,0.0,0.847427,0.0,0.0,0.789387,0.0,0.331536,0.0,0.285694,0.313058,0.0,0.496445,0.251218,0.0,0.0,0.0,0.106401,0.0,0.571919,0.191192
446,0.0,0.0,0.0,0.0,0.426304,0.16949,0.461181,0.0,0.265618,0.005461,0.06444,0.343492,0.0,0.0,0.931962,0.148063,0.0,0.245097,0.0,0.0,0.229203,0.259621,0.361772,0.0,0.0,0.352631,0.2021,0.0,0.0,0.925807,0.0,0.076554,0.624858,0.0,0.31385,0.0,0.245753,0.262003,0.0,0.598924,0.354538,0.0,0.0,0.0,0.0,0.0,0.611385,0.08934
447,0.0,0.0,0.0,0.0,0.423362,0.0,0.670267,0.0,0.331039,0.0,0.003654,0.22098,0.0,0.0,0.895411,0.214101,0.0,0.59117,0.0,0.0,0.164648,0.378329,0.225417,0.0,0.0,0.487032,0.161136,0.0,0.0,0.928302,0.0,0.0,0.553218,0.0,0.381583,0.0,0.0,0.190586,0.0,0.459252,0.220217,0.0,0.0,0.0,0.017287,0.0,0.526755,0.0
448,0.0,0.0,0.196862,0.0,0.58963,0.0,0.691876,0.0,0.473575,0.0,0.203651,0.424501,0.0,0.0,0.874858,0.169622,0.0,0.767165,0.0,0.0,0.0,0.337054,0.266148,0.0,0.0,0.45772,0.0,0.0,0.0,0.981804,0.0,0.0,0.380833,0.0,0.490088,0.0,0.0,0.104415,0.0,0.686472,0.0,0.008689,0.0,0.0,0.0,0.0,0.332059,0.0
449,0.0,0.0,0.33339,0.0,0.630064,0.0,0.746047,0.0,0.643725,0.0,0.081167,0.339957,0.0,0.0,0.811199,0.201321,0.0,0.817324,0.0,0.0,0.0,0.459516,0.489503,0.0,0.0,0.403275,0.0,0.0,0.0,1.054636,0.0,0.0,0.523555,0.0,0.456535,0.0,0.0,0.012033,0.0,0.520109,0.0,0.099272,0.0,0.0,0.126484,0.19377,0.265447,0.0
