time_index,z0,z1,z2,z3,z4,z5,z6,z7,z8,z9,z10,z11,z12,z13,z14,z15,z16,z17,z18,z19,z20,z21,z22,z23,z24,z25,z26,z27,z28,z29,z30,z31,z32,z33,z34,z35,z36,z37,z38,z39,z40,z41,z42,z43,z44,z45,z46,z47
0,0.0,0.0,0.080509,0.0,1.807529,0.0,3.80363,0.0,3.90468,0.0,3.355319,2.912273,0.0,0.0,0.306109,0.0,0.0,1.718331,0.0,0.0,0.0,0.0,0.794067,0.0,0.0,0.0,0.0,0.0,0.0,0.622477,0.12186,2.151367,0.376515,0.0,1.973428,2.01309,0.593102,0.0,0.0,0.332188,0.0,0.0,0.0,0.0,0.232559,0.001036,0.0,0.0
1,0.0,0.0,0.432502,0.0,1.803993,0.0,3.532451,0.0,3.670485,0.0,3.288385,2.518341,0.0,0.0,0.16877,0.0,0.0,1.829691,0.0,0.0,0.0,0.0,0.804572,0.0,0.0,0.0,0.0,0.0,0.0,0.392542,0.227199,2.147743,0.435577,0.0,2.019426,2.030818,0.715585,0.0,0.0,0.365005,0.0,0.099889,0.0,0.0,0.334371,0.062151,0.239938,0.0
2,3.307424,0.0,0.0,0.671413,0.0,0.0,1.292624,2.030077,6.599477,0.0,2.942201,0.386695,1.509448,0.0,1.177403,0.0,0.0,2.671411,0.0,2.668599,0.0,0.0,5.046296,0.0,0.0,0.0,0.0,0.0,0.0,0.377255,1.284209,0.762201,0.986937,0.0,5.444821,1.062145,1.984436,1.032272,0.0,0.0,0.0,0.399004,0.0,0.0,4.28651,2.928916,2.27987,0.0
3,0.0,0.0,0.212524,0.0,1.662191,0.0,2.811949,0.0,2.904881,0.0,2.610395,1.873183,0.0,0.0,0.089452,0.0,0.0,1.59865,0.0,0.0,0.0,0.0,0.714987,0.0,0.0,0.0,0.0,0.0,0.0,0.0,0.156443,1.499339,0.457462,0.0,1.310156,1.733454,0.323588,0.0,0.0,0.508338,0.0,0.057294,0.0,0.0,0.393359,0.202331,0.0,0.0
4,0.0,0.0,0.165977,0.0,1.556354,0.0,2.385514,0.0,2.573928,0.0,2.311772,1.307648,0.0,0.0,0.036237,0.0,0.0,1.454177,0.0,0.0,0.0,0.0,0.600266,0.0,0.0,0.0,0.0,0.0,0.0,0.0,0.121396,1.191592,0.346774,0.0,0.900648,1.567634,0.027206,0.0,0.0,0.474389,0.0,0.040399,0.0,0.0,0.160633,0.338036,0.0,0.0
5,0.0,0.0,0.194414,0.0,1.230162,0.0,2.147135,0.0,2.1999,0.0,1.769947,1.020073,0.0,0.0,0.214541,0.0,0.0,1.419172,0.0,0.0,0.0,0.0,0.525234,0.0,0.0,0.0,0.0,0.0,0.0,0.0,0.104825,0.696684,0.352671,0.0,0.398126,1.254879,0.0,0.0,0.0,0.314773,0.0,0.057891,0.0,0.0,0.155312,0.30292,0.0,0.0
6,0.0,0.0,0.066571,0.0,0.665151,0.0,1.642889,0.0,1.98152,0.0,1.185047,0.577178,0.0,0.0,0.322697,0.0,0.0,1.425548,0.0,0.0,0.0,0.0,0.709912,0.0,0.0,0.094699,0.0,0.0,0.0,0.254115,0.037292,0.06972,0.418905,0.0,0.268134,0.760981,0.0,0.0,0.0,0.350374,0.0,0.080992,0.0,0.0,0.186748,0.275312,0.0,0.0
7,0.0,0.0,0.238948,0.0,0.736026,0.0,1.500353,0.0,1.708593,0.0,0.95687,0.62406,0.0,0.0,0.403945,0.074903,0.0,1.299738,0.0,0.0,0.0,0.0,0.414035,0.0,0.0,0.0,0.0,0.0,0.0,0.559998,0.0,0.129275,0.146544,0.0,0.451974,0.562456,0.0,0.0,0.0,0.333099,0.0,0.228955,0.0,0.0,0.027005,0.276853,0.0,0.0
8,0.0,0.0,0.170279,0.0,0.597662,0.0,1.394132,0.0,1.459826,0.0,0.74106,0.858089,0.0,0.0,1.124769,0.076857,0.0,1.301854,0.0,0.0,0.0,0.109924,0.45373,0.0,0.0,0.28281,0.0,0.0,0.0,0.596238,0.0,0.0,0.078778,0.0,0.618676,0.168576,0.0,0.0,0.0,0.722996,0.0,0.09865,0.0,0.0,0.0,0.120369,0.076167,0.0
9,0.0,0.0,0.031948,0.0,0.429053,0.0,1.185505,0.0,1.102373,0.0,0.421177,0.692743,0.0,0.0,1.143553,0.091608,0.0,1.247935,0.0,0.0,0.0,0.325181,0.336936,0.0,0.0,0.14466,0.0,0.0,0.0,0.88917,0.0,0.0,0.162846,0.0,0.945513,0.0,0.0,0.0,0.0,0.766948,0.02309,0.074314,0.0,0.216988,0.190363,0.156756,0.425389,0.0
10,0.0,0.0,0.0,0.0,0.225253,0.0,1.258417,0.0,1.026083,0.0,0.154979,0.941575,0.01688,0.0,1.44222,0.053133,0.0,1.329304,0.0,0.0,0.0,0.481227,0.307546,0.0,0.0,0.123027,0.0,0.0,0.0,1.237875,0.0,0.0,0.093965,0.0,1.098004,0.0,0.0,0.0,0.0,0.760671,0.173815,0.0,0.0,0.100702,0.269436,0.061628,0.647736,0.0
11,0.0,0.0,0.140116,0.0,0.430592,0.0,1.317631,0.0,1.115041,0.0,0.12128,1.04809,0.0,0.0,1.64106,0.0,0.0,1.382426,0.0,0.0,0.0,0.502173,0.439657,0.0,0.0,0.32193,0.0,0.0,0.0,1.531189,0.0,0.0,0.45369,0.0,1.223727,0.0,0.0,0.010625,0.0,1.087398,0.041015,0.032899,0.0,0.051433,0.280389,0.0,0.63906,0.0
12,0.0,0.0,0.160692,0.0,0.557231,0.0,1.30514,0.0,1.11458,0.0,0.115437,1.186387,0.0,0.0,1.682246,0.0,0.0,1.462948,0.0,0.0,0.0,0.560445,0.563634,0.0,0.0,0.404662,0.0,0.0,0.0,1.741827,0.0,0.0,0.779822,0.0,1.290081,0.0,0.0,0.17234,0.0,1.318545,0.053566,0.098605,0.0,0.072645,0.306769,0.0,0.577003,0.0
13,0.0,0.0,0.259896,0.0,0.766351,0.0,1.253099,0.0,0.912368,0.0,0.139395,1.014239,0.0,0.0,1.366504,0.0,0.0,1.63188,0.0,0.0,0.0,0.710496,0.489148,0.0,0.0,0.232825,0.081289,0.0,0.0,1.666606,0.0,0.0,0.78372,0.0,1.436406,0.0,0.0,0.149882,0.0,1.267577,0.0,0.17315,0.0,0.27931,0.395462,0.0,0.773233,0.0
14,0.0,0.0,0.0,0.0,0.538052,0.0,1.121867,0.0,0.767944,0.0,0.0,0.909149,0.0,0.0,1.540565,0.0,0.0,1.503245,0.0,0.0,0.150384,0.968491,0.504982,0.0,0.0,0.168111,0.0,0.0,0.0,1.957121,0.0,0.0,1.088933,0.0,1.326366,0.0,0.0,0.307018,0.0,1.170981,0.225944,0.0,0.0,0.194171,0.533216,0.0,0.726817,0.0
15,0.0,0.0,0.0,0.0,0.608882,0.0,1.100598,0.0,0.769411,0.0,0.0,0.925776,0.0,0.0,1.565364,0.0,0.0,1.282081,0.0,0.0,0.393392,0.999073,0.71836,0.0,0.0,0.223477,0.040398,0.0,0.0,1.981642,0.0,0.0,1.452105,0.0,1.149577,0.0,0.016947,0.471426,0.0,1.14116,0.346658,0.0,0.0,0.0,0.53641,0.0,0.651848,0.0
16,0.009748,0.0,0.0,0.0,0.458543,0.0,0.926959,0.0,0.785551,0.0,0.0,0.808199,0.0,0.0,1.599008,0.0,0.0,0.998482,0.0,0.0,0.549928,1.01658,0.807811,0.0,0.0,0.116527,0.0,0.0,0.0,2.066389,0.0,0.0,1.743138,0.0,1.024388,0.0,0.292094,0.61489,0.0,0.993099,0.433775,0.0,0.0,0.0,0.735089,0.0,0.794649,0.0
17,0.041169,0.0,0.0,0.0,0.689174,0.0,1.042214,0.0,0.6426,0.063544,0.0,0.747456,0.0,0.0,1.182587,0.0,0.0,1.064403,0.0,0.0,0.48496,0.928792,0.730494,0.0,0.0,0.102895,0.305291,0.0,0.0,1.899849,0.0,0.0,1.795399,0.0,0.994215,0.0,0.434965,0.767965,0.0,0.859781,0.145081,0.0,0.0,0.0,0.612599,0.0,0.665352,0.0
18,0.425091,0.0,0.0,0.0,0.404514,0.0,0.711571,0.0,0.529034,0.132743,0.0,0.602418,0.0,0.0,1.022009,0.0,0.0,0.885498,0.0,0.0,0.357697,0.793762,0.574802,0.0,0.0,0.0,0.143343,0.0,0.0,1.741042,0.0,0.0,1.82302,0.0,0.968073,0.0,0.544123,0.762391,0.0,0.780045,0.136875,0.0,0.0,0.046752,0.735459,0.0,0.745833,0.0
19,0.396991,0.0,0.0,0.0,0.297417,0.0,0.617456,0.0,0.498125,0.112555,0.0,0.606683,0.0,0.0,0.936224,0.0,0.0,0.636188,0.0,0.0,0.232093,0.520209,0.52307,0.0,0.0,0.0,0.158478,0.0,0.0,1.36341,0.0,0.0,1.598098,0.0,0.802981,0.0,0.654655,0.759593,0.0,0.625879,0.144053,0.0,0.0,0.0,0.525761,0.0,0.703017,0.0
20,0.298356,0.0,0.0,0.0,0.158341,0.0,0.614951,0.0,0.443082,0.226601,0.112698,0.59651,0.0,0.0,0.591356,0.0,0.0,0.56795,0.0,0.0,0.0,0.32771,0.254278,0.0,0.0,0.0,0.160233,0.0,0.0,1.039428,0.0,0.0,1.185064,0.0,0.661003,0.0,0.692953,0.663478,0.0,0.276143,0.061191,0.0,0.0,0.0,0.433516,0.0,0.563128,0.0
21,0.202537,0.0,0.0,0.035776,0.046043,0.0,0.49381,0.0,0.372831,0.264714,0.087929,0.497246,0.0,0.0,0.292151,0.0,0.0,0.622666,0.0,0.0,0.0,0.255357,0.0,0.0,0.0,0.0,0.315681,0.0,0.0,0.868572,0.0,0.0,0.86359,0.0,0.619827,0.206805,0.734936,0.532063,0.0,0.0,0.288494,0.0,0.0,0.0,0.327625,0.0,0.591249,0.0
22,0.242717,0.0,0.0,0.053367,0.075071,0.0,0.289586,0.0,0.266006,0.13083,0.099922,0.329315,0.0,0.0,0.319624,0.0,0.0,0.603069,0.0,0.0,0.0,0.231668,0.0,0.0,0.0,0.0,0.300777,0.0,0.0,0.71486,0.063367,0.0,0.698378,0.0,0.526198,0.094804,0.563735,0.294291,0.0,0.0,0.451538,0.0,0.0,0.0,0.179404,0.0,0.515859,0.0
23,0.214521,0.0,0.108749,0.158215,0.211688,0.0,0.092119,0.0,0.226057,0.042631,0.157036,0.172981,0.0,0.0,0.226586,0.0,0.0,0.593422,0.0,0.0,0.0,0.200889,0.0,0.0,0.0,0.000153,0.285234,0.0,0.0,0.560891,0.264416,0.0,0.622295,0.0,0.479387,0.081876,0.49926,0.122937,0.0,0.0339,0.396097,0.0,0.0,0.036063,0.106989,0.027141,0.358091,0.0
24,0.324315,0.0,0.159776,0.282655,0.280528,0.166677,0.0,0.0,0.346052,0.0,0.144149,0.255305,0.0,0.0,0.436165,0.0,0.0,0.349553,0.0,0.0,0.079313,0.218774,0.328772,0.0,0.139726,0.0,0.050982,0.0,0.0,0.410404,0.0,0.0,0.549806,0.0,0.392474,0.060914,0.252041,0.0,0.0,0.07086,0.043909,0.0,0.0,0.0,0.265406,0.04229,0.22954,0.0
25,0.033838,0.0,0.19167,0.464943,0.413598,0.048031,0.108284,0.0,0.385088,0.074279,0.167771,0.150497,0.0,0.0,0.303352,0.0,0.0,0.400725,0.0,0.0,0.102736,0.180159,0.501862,0.0,0.09196,0.198366,0.024861,0.074001,0.0,0.44789,0.303951,0.0,0.626675,0.0,0.119927,0.369911,0.227799,0.006408,0.0,0.0,0.060574,0.063227,0.0,0.0,0.298848,0.170249,0.110853,0.0
26,0.091771,0.0,0.078671,0.5761,0.370279,0.156587,0.0,0.134966,0.33494,0.215261,0.19098,0.0,0.102201,0.0,0.163616,0.0,0.0,0.32305,0.0,0.0,0.067662,0.122353,0.389958,0.0,0.086115,0.108742,0.0,0.165245,0.0,0.476164,0.374752,0.028978,0.441896,0.0,0.258332,0.265615,0.33251,0.0,0.0,0.0,0.163738,0.031691,0.063349,0.0,0.476566,0.202174,0.251648,0.0
27,0.302976,0.0,0.0,0.612916,0.376925,0.166147,0.0,0.609819,0.282896,0.355343,0.068283,0.0,0.155057,0.0,0.264531,0.0,0.235935,0.234378,0.0,0.0,0.185557,0.146112,0.449825,0.0,0.0,0.222193,0.109757,0.0,0.0,0.441265,0.351157,0.002539,0.391811,0.0,0.437226,0.0,0.529108,0.059774,0.0,0.115991,0.461072,0.0,0.263939,0.0,0.673865,0.043384,0.475185,0.0
28,0.282766,0.0,0.0,0.783632,0.30388,0.223008,0.0,0.984262,0.405125,0.422607,0.14525,0.0,0.473169,0.0,0.222314,0.0,0.338288,0.171061,0.0,0.0,0.270254,0.060387,0.581554,0.0,0.0,0.275891,0.061861,0.080882,0.0,0.484087,0.553083,0.22167,0.355652,0.0,0.678304,0.0,0.666884,0.0,0.0,0.0,0.550236,0.0,0.406743,0.0,0.867032,0.180187,0.649225,0.0
29,0.494366,0.0,0.0,0.962206,0.159162,0.223607,0.0,1.545503,0.489251,0.638011,0.0,0.0,0.614843,0.0,0.299144,0.0,0.558748,0.022452,0.129007,0.0,0.406503,0.0051,0.504096,0.0,0.0,0.240545,0.0,0.0,0.0,0.78122,0.845776,0.0,0.427164,0.0,0.898382,0.0,0.947378,0.0,0.0,0.0,0.942557,0.0,0.426999,0.0,1.270835,0.479089,0.96657,0.0
30,0.639147,0.0,0.0,1.075619,0.091679,0.090462,0.0,1.696084,0.346388,0.66946,0.0,0.0,0.947814,0.0,0.375825,0.0,0.703502,0.007719,0.15345,0.0,0.210859,0.0,0.464716,0.0,0.041146,0.33829,0.0,0.0,0.0,0.760014,0.999063,0.043403,0.214703,0.0,1.040659,0.0,0.967793,0.0,0.0,0.135669,1.121841,0.0,0.461954,0.0,1.368887,0.795535,1.064026,0.0
31,0.501957,0.0,0.0,1.092824,0.175948,0.094419,0.0,1.335212,0.347074,0.755842,0.0,0.0,0.973975,0.0,0.428887,0.0,0.786397,0.163027,0.300763,0.0,0.144011,0.0,0.211124,0.0,0.27646,0.468715,0.0,0.0,0.0,0.550769,1.022472,0.0,0.0,0.0,1.011014,0.019632,0.823738,0.0,0.0,0.088767,1.026635,0.0,0.42595,0.0,1.163571,0.911296,0.984058,0.0
32,0.669555,0.0,0.0,1.128873,0.252601,0.263415,0.0,1.485203,0.0,0.713328,0.0,0.0,1.159467,0.0,0.3617,0.0,0.866107,0.07874,0.443417,0.0,0.354272,0.0,0.0,0.0,0.443919,0.300101,0.0,0.0,0.0,0.246947,1.424271,0.070875,0.0,0.0,1.205737,0.0,0.615472,0.0,0.0,0.326667,0.961008,0.0,0.190906,0.0,1.000647,1.068401,0.75792,0.105426
33,0.686519,0.0,0.0,1.094748,0.296712,0.146756,0.0,1.440007,0.0,0.569729,0.085892,0.0,1.14964,0.0,0.26219,0.0,0.874667,0.086834,0.31799,0.0,0.341234,0.0,0.0,0.0,0.297412,0.259017,0.0,0.0,0.0,0.135065,1.432181,0.136484,0.0,0.0,1.103477,0.0,0.60046,0.0,0.0,0.398144,0.829521,0.0,0.0,0.0,0.892777,1.071858,0.691996,0.071734
34,0.238569,0.0,0.0,0.86151,0.52611,0.081803,0.0,1.032024,0.202653,0.495485,0.114674,0.0,0.853549,0.0,0.261238,0.0,0.45646,0.13775,0.037918,0.0,0.217541,0.0,0.080483,0.0,0.134185,0.25774,0.0,0.08038,0.0,0.0,1.134146,0.310384,0.0,0.0,0.722684,0.460087,0.502525,0.0,0.0,0.131941,0.581134,0.159224,0.0,0.0,0.762344,0.812269,0.474644,0.0
35,0.323406,0.0,0.167518,1.074287,0.693638,0.122814,0.0,0.919035,0.102606,0.274547,0.340784,0.0,0.894051,0.0,0.0,0.0,0.503126,0.0837,0.0,0.0,0.105477,0.0,0.0,0.0,0.11465,0.121415,0.0,0.45751,0.0,0.0,1.480933,0.533345,0.0,0.0,0.692398,0.682912,0.357049,0.0,0.0,0.344202,0.306021,0.416162,0.0,0.0,0.608853,0.904486,0.264415,0.0
36,0.358819,0.0,0.10329,1.177608,0.801602,0.112898,0.0,1.159714,0.133055,0.17354,0.505084,0.0,1.142551,0.0,0.0,0.0,0.394895,0.189966,0.118587,0.0,0.457102,0.0,0.188806,0.0,0.029276,0.15157,0.0,0.483778,0.0,0.0,1.486617,0.606021,0.115432,0.0,0.689355,0.713373,0.392426,0.0,0.0,0.33548,0.267382,0.308957,0.0,0.0,0.803324,1.10268,0.195411,0.0
37,0.220173,0.0,0.0,1.135,0.595668,0.061774,0.0,1.432178,0.198596,0.167731,0.541848,0.0,1.128055,0.0,0.0,0.0,0.426545,0.321292,0.159664,0.0,0.446675,0.0,0.189528,0.0,0.0,0.066543,0.0,0.458265,0.0,0.0,1.45741,0.807211,0.114091,0.0,0.669271,0.732378,0.634096,0.0,0.0,0.118407,0.250803,0.062221,0.0,0.0,0.972714,0.988884,0.267203,0.0
38,0.378333,0.0,0.065851,1.292871,0.570053,0.176218,0.0,1.636457,0.082642,0.293198,0.780883,0.0,1.312535,0.0,0.0,0.0,0.634364,0.207599,0.430008,0.0,0.618073,0.0,0.048198,0.0,0.0,0.0,0.0,0.315817,0.0,0.0,1.665771,0.803852,0.199477,0.0,0.840129,0.482202,0.803619,0.0,0.0,0.238239,0.352372,0.0,0.0,0.0,0.90236,1.149355,0.284698,0.0
39,0.368635,0.0,0.0,1.279255,0.666492,0.174653,0.0,1.619828,0.106066,0.254795,0.669569,0.0,1.051597,0.0,0.0,0.0,0.526863,0.131739,0.496431,0.0,0.549411,0.0,0.025514,0.0,0.0,0.0,0.0,0.258154,0.0,0.0,1.498652,0.589584,0.230326,0.0,0.633423,0.442503,0.786771,0.0,0.0,0.16619,0.39337,0.0,0.0,0.0,0.950175,1.123115,0.225591,0.0
40,0.224213,0.0,0.0,1.089142,0.673778,0.077702,0.0,1.458685,0.166744,0.080462,0.619619,0.0,0.772457,0.0,0.0,0.0,0.320091,0.25036,0.453592,0.0,0.326331,0.0,0.064529,0.0,0.0,0.0,0.0,0.258989,0.0,0.0,1.195267,0.543769,0.275881,0.0,0.450348,0.518423,0.675633,0.0,0.0,0.086024,0.31282,0.0,0.0,0.0,0.897987,0.978201,0.182347,0.0
41,0.179959,0.0,0.023165,1.052072,0.674267,0.027274,0.0,1.210621,0.153676,0.02373,0.750997,0.0,0.771017,0.0,0.0,0.0,0.381737,0.251716,0.47144,0.0,0.175449,0.0,0.0,0.0,0.0,0.0,0.0,0.240366,0.0,0.0,1.309851,0.617913,0.382588,0.0,0.276756,0.594056,0.726697,0.0,0.0,0.110391,0.219455,0.0,0.0,0.0,0.682571,0.931535,0.076503,0.0
42,0.0139,0.0,0.100976,0.712993,0.595945,0.0,0.018127,0.691366,0.424757,0.0,0.76752,0.0,0.520276,0.0,0.0,0.0,0.254093,0.397294,0.211093,0.0,0.0,0.0,0.015985,0.0,0.0,0.0,0.0,0.36271,0.0,0.0,1.122179,0.595726,0.427427,0.0,0.216288,0.864213,0.615658,0.0,0.0,0.0,0.013259,0.0,0.0,0.0,0.343352,0.579426,0.130606,0.0
43,0.0,0.0,0.0,0.436705,0.499064,0.0,0.133472,0.569501,0.562187,0.0,0.631936,0.0,0.411578,0.0,0.0,0.0,0.0,0.420634,0.082274,0.0,0.0,0.0,0.187541,0.0,0.0,0.0,0.0,0.211707,0.0,0.0,0.7783,0.570059,0.716423,0.0,0.065655,0.948757,0.628901,0.0,0.0,0.0,0.0,0.0,0.0,0.0,0.266421,0.363976,0.129554,0.0
44,0.270838,0.0,0.0,0.531347,0.546397,0.026578,0.232214,0.458591,0.430505,0.03111,0.740528,0.0,0.395142,0.0,0.0,0.0,0.226787,0.241969,0.15941,0.0,0.0,0.0,0.0,0.0,0.0,0.0,0.0,0.046928,0.0,0.0,0.83174,0.476153,0.729206,0.0,0.060455,0.674561,0.699039,0.0,0.0,0.0,0.0,0.0,0.0,0.0,0.056712,0.437565,0.121418,0.094096
45,0.12352,0.0,0.0,0.341337,0.44782,0.0,0.378027,0.236441,0.537158,0.010021,0.602121,0.0,0.415045,0.0,0.0,0.0,0.13794,0.271972,0.029962,0.0,0.0,0.0,0.0,0.0,0.0,0.0,0.0,0.126122,0.0,0.0,0.634688,0.502091,0.642092,0.0,0.147345,0.698931,0.695238,0.0,0.0,0.0,0.0,0.0,0.0,0.0,0.024828,0.210212,0.238611,0.063502
46,0.273906,0.0,0.08362,0.312077,0.537687,0.0,0.37592,0.183366,0.396288,0.001343,0.525162,0.0,0.23301,0.0,0.0,0.0,0.084305,0.22345,0.0,0.0,0.0,0.0,0.0,0.0,0.0,0.0,0.048175,0.0,0.0,0.0,0.458982,0.243811,0.632353,0.0,0.051153,0.511349,0.569214,0.020074,0.0,0.0,0.0,0.0,0.0,0.0,0.0,0.30864,0.150432,0.036242
47,0.384735,0.0,0.0,0.279938,0.338782,0.003417,0.378386,0.272068,0.165512,0.134019,0.445665,0.0,0.225641,0.0,0.0,0.0,0.313071,0.127603,0.0,0.0,0.0,0.0,0.0,0.0,0.0,0.0,0.102405,0.0,0.0,0.0,0.269966,0.099291,0.581583,0.0,0.182786,0.117577,0.653311,0.0,0.0,0.151675,0.026238,0.0,0.0,0.0,0.0,0.195158,0.335193,0.147255
48,0.218185,0.0,0.0,0.01944,0.442591,0.169793,0.401368,0.176865,0.232039,0.166086,0.333456,0.16968,0.008026,0.0,0.290666,0.0,0.135722,0.124126,0.0,0.0,0.0,0.0,0.268552,0.0,0.0,0.0,0.147323,0.0,0.0,0.170274,0.096813,0.103593,0.681809,0.0,0.112392,0.097563,0.466187,0.170275,0.0,0.180418,0.007483,0.0,0.0,0.0,0.0,0.0,0.337597,0.002082
49,0.255341,0.0,0.0,0.0,0.278691,0.260986,0.426778,0.09218,0.252592,0.269619,0.184793,0.183555,0.0,0.0,0.456087,0.0,0.027699,0.161262,0.0,0.0,0.0,0.0,0.360319,0.0,0.0,0.0,0.077494,0.0,0.0,0.466233,0.0,0.003174,0.71154,0.0,0.192387,0.019357,0.551123,0.20394,0.0,0.138288,0.0,0.0,0.0,0.0,0.139531,0.0,0.463249,0.0
50,0.245009,0.0,0.0,0.0,0.34206,0.420065,0.337837,0.210141,0.260437,0.25817,0.111432,0.227287,0.0,0.0,0.524885,0.0,0.007447,0.085418,0.0,0.0,0.080817,0.0,0.541479,0.0,0.0,0.0,0.098981,0.0,0.0,0.415323,0.0,0.0,0.839247,0.0,0.298666,0.0,0.488707,0.26005,0.0,0.209907,0.157431,0.0,0.0,0.0,0.132727,0.0,0.606227,0.0
51,0.192669,0.0,0.0,0.078147,0.229601,0.122636,0.460016,0.0,0.479555,0.406476,0.037555,0.196514,0.0,0.0,0.433486,0.0,0.034295,0.168254,0.0,0.0,0.0,0.0,0.472291,0.0,0.0,0.0,0.152452,0.0,0.0,0.57914,0.0,0.0,0.73442,0.0,0.305536,0.076268,0.569318,0.357083,0.0,0.079411,0.105566,0.0,0.0,0.0,0.310608,0.0,0.534367,0.0
52,0.249961,0.0,0.0,0.025914,0.199951,0.006759,0.474647,0.0,0.565707,0.36544,0.092115,0.361221,0.0,0.0,0.43292,0.0,0.0,0.296566,0.0,0.0,0.0,0.0,0.530921,0.0,0.0,0.0,0.08946,0.0,0.0,0.470491,0.0,0.0,0.555508,0.0,0.409433,0.188227,0.470358,0.387455,0.0,0.0,0.0,0.0,0.0,0.0,0.232324,0.0,0.493826,0.0
53,0.248351,0.0,0.020134,0.056281,0.214861,0.0,0.489787,0.0,0.601478,0.379563,0.0,0.402512,0.0,0.0,0.556118,0.0,0.0,0.341336,0.0,0.0,0.0,0.0,0.520658,0.0,0.0,0.0,0.011334,0.0,0.0,0.478727,0.0,0.0,0.447407,0.0,0.454452,0.270486,0.398493,0.361717,0.0,0.0,0.115133,0.0,0.0,0.0,0.118097,0.0,0.464107,0.0
54,0.319351,0.0,0.0,0.004664,0.313022,0.0,0.405807,0.0,0.488398,0.307189,0.110965,0.472728,0.0,0.0,0.356883,0.0,0.0,0.390402,0.0,0.0,0.0,0.104545,0.256546,0.0,0.0,0.0,0.045312,0.0,0.0,0.420655,0.0,0.0,0.383165,0.0,0.572941,0.144885,0.305542,0.20679,0.0,0.0,0.154059,0.0,0.0,0.0,0.113815,0.0,0.415644,0.0
55,0.194921,0.0,0.046967,0.0,0.248607,0.0,0.395684,0.0,0.49967,0.331119,0.07436,0.519634,0.0,0.0,0.442535,0.0,0.0,0.403955,0.0,0.0,0.0,0.06835,0.342621,0.0,0.0,0.0,0.032701,0.0,0.0,0.533302,0.0,0.0,0.342078,0.0,0.704749,0.301454,0.360177,0.265646,0.0,0.0,0.215382,0.0,0.0,0.0,0.07304,0.0,0.523822,0.0
56,0.299071,0.0,0.144183,0.018731,0.064474,0.0,0.179197,0.0,0.388617,0.402825,0.121961,0.416557,0.0,0.0,0.708725,0.0,0.0,0.321084,0.0,0.0,0.0,0.199274,0.409786,0.0,0.0,0.0,0.0,0.0,0.0,0.717077,0.0,0.0,0.515615,0.0,0.672887,0.026797,0.371207,0.02931,0.0,0.051149,0.213396,0.0,0.0,0.0,0.081357,0.0,0.601604,0.0
57,0.368631,0.0,0.0,0.101933,0.026567,0.0,0.137199,0.121619,0.04573,0.499151,0.174248,0.227004,0.068354,0.0,0.600474,0.0,0.403468,0.328354,0.0,0.0,0.0,0.318329,0.129924,0.0,0.07985,0.008866,0.0,0.0,0.0,0.564329,0.020136,0.0,0.464086,0.0,0.676516,0.0,0.545461,0.0,0.0,0.207721,0.466067,0.0,0.0,0.0,0.052478,0.175462,0.779919,0.094632
58,0.390077,0.0,0.0,0.0,0.0,0.391759,0.0,0.291681,0.053423,0.501152,0.239638,0.330883,0.063821,0.0,0.840783,0.0,0.307921,0.056739,0.0,0.0,0.0,0.123792,0.335402,0.0,0.132594,0.098614,0.0,0.0,0.0,0.597186,0.104811,0.0,0.619239,0.0,0.51399,0.0,0.5977,0.0,0.0,0.24569,0.558197,0.0,0.0,0.0,0.00758,0.0,0.944592,0.090108
59,0.339487,0.0,0.0,0.055752,0.0,0.465061,0.020602,0.433224,0.0,0.751677,0.267878,0.351693,0.249234,0.0,0.638721,0.0,0.532311,0.0,0.0,0.0,0.0,0.027781,0.082592,0.0,0.285938,0.213318,0.0,0.0,0.0,0.5697,0.314611,0.076145,0.49925,0.0,0.543864,0.0,0.676694,0.0,0.0,0.280726,0.743642,0.0,0.0,0.0,0.010844,0.154119,0.884884,0.30549
60,0.44699,0.0,0.0,0.321976,0.0,0.439777,0.024524,0.513387,0.0,0.867265,0.239954,0.210683,0.279741,0.0,0.493204,0.0,0.658639,0.0,0.0,0.0,0.030321,0.153503,0.0,0.0,0.332409,0.297255,0.0,0.0,0.0,0.524899,0.501761,0.221703,0.507195,0.0,0.581412,0.0,0.702036,0.0,0.0,0.302001,0.716292,0.0,0.0,0.0,0.035792,0.355336,0.597545,0.349791
61,0.420629,0.0,0.0,0.524147,0.0,0.429401,0.0,0.6017,0.0,0.963018,0.325216,0.013533,0.36696,0.0,0.286691,0.0,0.821358,0.0,0.0,0.0,0.113308,0.17848,0.0,0.0,0.285812,0.283327,0.0,0.0,0.0,0.592736,0.530034,0.285676,0.564495,0.0,0.747876,0.0,0.793762,0.0,0.0,0.347931,0.732122,0.0,0.0,0.0,0.120216,0.50309,0.479436,0.480131
62,0.519798,0.0,0.201469,0.297267,0.0,0.334048,0.0,0.817861,0.0,0.781935,0.450162,0.022109,0.163423,0.0,0.386518,0.0,0.597175,0.057097,0.0,0.0,0.018242,0.212918,0.057615,0.0,0.299977,0.279707,0.0,0.0,0.0,0.702001,0.27903,0.306435,0.758055,0.0,0.8097,0.0,0.693798,0.0,0.0,0.398174,0.644986,0.0,0.0,0.0,0.277428,0.277674,0.526684,0.374824
63,0.565585,0.0,0.038608,0.21968,0.0,0.548635,0.0,0.78846,0.0,0.629368,0.338593,0.033114,0.0,0.0,0.693805,0.0,0.426583,0.062698,0.0,0.0,0.175729,0.269796,0.463352,0.0,0.085045,0.265864,0.0,0.0,0.0,0.858094,0.011375,0.026782,1.313502,0.0,0.578886,0.0,0.623521,0.0,0.0,0.549225,0.949267,0.0,0.0,0.0,0.60946,0.0,0.790698,0.430418
64,0.543948,0.0,0.125674,0.239406,0.0,0.448477,0.125872,0.549216,0.0,0.603028,0.347547,0.144311,0.0,0.0,0.731354,0.0,0.328387,0.243432,0.0,0.0,0.200483,0.389854,0.512815,0.0,0.027298,0.242711,0.0,0.0,0.0,0.97714,0.044078,0.0,1.56249,0.0,0.511728,0.0,0.600802,0.306921,0.0,0.527831,0.921361,0.0,0.0,0.051944,0.727129,0.0,0.89534,0.449321
65,0.233596,0.0,0.223689,0.308256,0.0,0.379916,0.168229,0.162403,0.214596,0.736623,0.38338,0.136981,0.0,0.0,0.560704,0.0,0.151234,0.356412,0.0,0.0,0.202761,0.345766,0.491678,0.0,0.027151,0.207463,0.0,0.0,0.0,1.137692,0.0,0.0,1.605122,0.0,0.59632,0.0,0.67688,0.431979,0.0,0.188051,0.54657,0.0,0.0,0.0,0.701495,0.0,0.799434,0.297361
66,0.036555,0.0,0.040881,0.383491,0.0,0.513241,0.219925,0.016706,0.306704,0.783282,0.28694,0.201608,0.0,0.0,0.578175,0.0,0.131291,0.167977,0.0,0.0,0.291971,0.218239,0.509292,0.0,0.030565,0.205483,0.0,0.0,0.0,1.04187,0.0,0.095892,1.476037,0.0,0.441826,0.036205,0.824591,0.426364,0.0,0.089319,0.486555,0.0,0.0,0.0,0.662045,0.0,0.770953,0.176308
67,0.317032,0.0,0.372644,0.427542,0.0,0.476943,0.227646,0.372707,0.277982,0.780669,0.737894,0.0,0.115171,0.0,0.006316,0.0,0.39996,0.216164,0.0,0.0,0.172418,0.069241,0.204493,0.0,0.093724,0.0,0.0,0.0,0.0,0.690633,0.04704,0.384716,1.181992,0.0,0.595472,0.049784,0.85372,0.040753,0.0,0.143791,0.084235,0.0,0.0,0.23856,0.578623,0.022628,0.558909,0.308475
68,0.229653,0.0,0.0,0.422564,0.098629,0.414433,0.209091,0.736239,0.076147,0.624637,0.510147,0.0,0.0,0.0,0.275669,0.0,0.620704,0.038862,0.0,0.0,0.385863,0.0,0.154993,0.0,0.0,0.120169,0.0,0.0,0.0,0.484943,0.228871,0.379378,1.144489,0.0,0.210686,0.096284,0.733582,0.011921,0.0,0.34631,0.461358,0.0,0.0,0.188243,0.476307,0.0,0.477552,0.189284
69,0.382102,0.0,0.0,0.402763,0.160898,0.501906,0.179502,0.919695,0.067798,0.577098,0.792307,0.0,0.310361,0.0,0.160385,0.0,0.528473,0.0,0.0,0.0,0.397268,0.0,0.177742,0.0,0.0,0.118475,0.0,0.0,0.0,0.117835,0.284977,0.575014,1.027086,0.0,0.273249,0.160405,0.647199,0.0,0.0,0.50107,0.370981,0.0,0.0,0.176408,0.430479,0.0,0.319511,0.163634
70,0.212449,0.0,0.383183,0.593269,0.238201,0.437364,0.296984,1.066805,0.06945,0.485325,0.979957,0.0,0.596611,0.0,0.0,0.0,0.498262,0.065588,0.0,0.0,0.556709,0.0,0.101237,0.0,0.0,0.2759,0.0,0.153732,0.0,0.0,0.788964,0.919885,0.935892,0.0,0.363645,0.415834,0.528513,0.0,0.0,0.453775,0.095179,0.0,0.0,0.153516,0.535756,0.390559,0.0,0.067122
71,0.0,0.0,0.684108,0.746384,0.387982,0.385667,0.516465,1.040276,0.27676,0.339968,1.019572,0.0,0.688278,0.0,0.0,0.0,0.318102,0.176319,0.0,0.0,0.636249,0.0,0.086529,0.0,0.0,0.200968,0.0,0.540713,0.0,0.0,1.173492,1.049163,0.866273,0.0,0.15787,0.655826,0.446125,0.0,0.0,0.23532,0.0,0.0,0.0,0.013305,0.636623,0.655523,0.0,0.0
72,0.0,0.0,0.636037,0.728506,0.519394,0.53206,0.397019,0.800172,0.347223,0.291847,1.156931,0.0,0.607052,0.0,0.0,0.0,0.378017,0.242416,0.0,0.0,0.481917,0.0,0.040037,0.0,0.0,0.0,0.0,0.613674,0.0,0.0,0.95508,0.887182,0.90033,0.0,0.095672,0.753773,0.286246,0.0,0.0,0.294914,0.0,0.0,0.0,0.151326,0.41607,0.59846,0.0,0.047441
73,0.029973,0.0,0.453403,0.69921,0.541767,0.343075,0.263828,0.935412,0.363757,0.069114,1.121741,0.0,0.564122,0.0,0.0,0.0,0.293908,0.242164,0.0,0.0,0.692669,0.0,0.131478,0.0,0.0,0.06829,0.0,0.47226,0.0,0.0,0.816477,0.967222,0.916295,0.0,0.10284,0.764362,0.327193,0.0,0.0,0.27975,0.0,0.0,0.0,0.233718,0.417537,0.450694,0.0,0.0
74,0.0,0.0,0.488965,0.664317,0.711649,0.403434,0.377428,0.613897,0.418554,0.0,1.08037,0.0,0.564655,0.0,0.0,0.0,0.207153,0.396155,0.0,0.0,0.657768,0.0,0.268933,0.0,0.0,0.185968,0.0,0.595484,0.0,0.0,0.80614,0.812005,0.971646,0.0,0.0,0.927258,0.232063,0.0,0.0,0.152328,0.0,0.0,0.0,0.06246,0.311653,0.585477,0.0,0.0
75,0.0,0.0,0.037025,0.449849,0.471742,0.47583,0.298075,0.501365,0.593635,0.002307,0.802287,0.0,0.413434,0.0,0.062052,0.0,0.046892,0.276846,0.0,0.0,0.547187,0.0,0.293679,0.0,0.0,0.06013,0.0,0.415626,0.0,0.0,0.389083,0.751672,0.959268,0.0,0.0,0.700354,0.322119,0.0,0.0,0.0,0.0,0.0,0.0,0.0,0.310089,0.244939,0.0,0.0
76,0.0,0.0,0.510372,0.528883,0.384966,0.335772,0.116919,0.44025,0.248361,0.195787,0.87468,0.0,0.456994,0.0,0.0,0.0,0.403601,0.372206,0.0,0.0,0.323918,0.0,0.034624,0.0,0.0,0.132845,0.023548,0.456592,0.0,0.0,0.695814,0.74933,0.748966,0.0,0.198302,0.634023,0.529377,0.0,0.0,0.029266,0.0,0.0,0.0,0.374955,0.349653,0.39372,0.0,0.059589
77,2.1e-05,0.0,0.218784,0.471242,0.265551,0.311704,0.1645,0.513344,0.25145,0.317871,0.631715,0.0,0.100693,0.0,0.0,0.0,0.39729,0.190998,0.0,0.0,0.336892,0.0,0.082401,0.0,0.0,0.095559,0.0,0.011886,0.0,0.186247,0.347735,0.387059,0.768574,0.0,0.002058,0.268087,0.478771,0.0,0.0,0.156092,0.053465,0.0,0.0,0.348808,0.361701,0.183129,0.01748,0.092245
78,0.093601,0.0,0.0,0.328736,0.25528,0.515077,0.068359,0.322939,0.280901,0.372039,0.394655,0.0,0.0,0.0,0.442742,0.0,0.178766,0.158659,0.0,0.0,0.275234,0.0,0.331913,0.0,0.0,0.275948,0.0,0.0,0.0,0.379612,0.0,0.0,0.975129,0.0,0.016842,0.024185,0.417971,0.0,0.0,0.094424,0.057217,0.0,0.0,0.091212,0.516616,0.019952,0.268757,0.053909
79,0.201035,0.0,0.14356,0.266116,0.273973,0.46157,0.225445,0.428002,0.199903,0.436482,0.479451,0.0,0.08655,0.0,0.309882,0.0,0.160592,0.083366,0.0,0.0,0.244155,0.0,0.334379,0.0,0.0,0.208199,0.0,0.030391,0.0,0.27595,0.119552,0.205762,0.819219,0.0,0.186736,0.0,0.263945,0.001487,0.0,0.320316,0.18369,0.0,0.0,0.098257,0.456009,0.086456,0.230629,0.208049
80,0.0,0.0,0.0,0.211522,0.167006,0.436368,0.103198,0.443163,0.302911,0.538532,0.357325,0.0,0.013001,0.0,0.461708,0.0,0.203205,0.043471,0.0,0.0,0.291593,0.0,0.371394,0.0,0.0,0.398121,0.0,0.025627,0.0,0.509066,0.07919,0.070628,0.819607,0.0,0.125521,0.0,0.338897,0.129463,0.0,0.132065,0.348089,0.0,0.0,0.0,0.516877,0.004389,0.378248,0.068415
81,0.150424,0.0,0.0,0.180051,0.082113,0.239565,0.268315,0.741113,0.222011,0.595134,0.31917,0.028138,0.14217,0.0,0.490852,0.0,0.18628,0.077694,0.0,0.0,0.430559,0.0,0.343824,0.0,0.0,0.444441,0.0,0.0,0.0,0.556236,0.284497,0.337517,0.577023,0.0,0.324021,0.0,0.279341,0.058576,0.0,0.28777,0.384486,0.0,0.0,0.0,0.467769,0.09934,0.339088,0.034532
82,0.117836,0.0,0.229505,0.262165,0.240901,0.378195,0.203118,0.434046,0.059649,0.592014,0.403737,0.008935,0.197697,0.0,0.421567,0.0,0.32156,0.040798,0.0,0.0,0.249608,0.0,0.163023,0.0,0.166349,0.493641,0.0,0.192336,0.0,0.244205,0.399635,0.398984,0.449359,0.0,0.346297,0.120237,0.154536,0.0,0.0,0.310014,0.105502,0.092717,0.0,0.0,0.072364,0.290075,0.18753,0.078605
83,0.408156,0.0,0.158432,0.166957,0.0,0.377479,0.061904,0.600331,0.0,0.610015,0.439495,0.032792,0.231726,0.0,0.36755,0.0,0.452202,0.081354,0.0,0.0,0.151703,0.0,0.040527,0.0,0.144148,0.305348,0.0,0.0,0.0,0.283719,0.327246,0.267601,0.436217,0.0,0.479352,0.0,0.342909,0.0,0.0,0.417692,0.279644,0.0,0.0,0.0,0.062956,0.210896,0.438026,0.222377
84,0.388448,0.0,0.0,0.2323,0.0,0.340474,0.0,0.687191,0.0,0.512337,0.317783,0.105863,0.236698,0.0,0.600597,0.0,0.577404,0.061113,0.0,0.0,0.116917,0.0,0.07252,0.0,0.042586,0.116615,0.0,0.0,0.0,0.51885,0.161913,0.096322,0.712411,0.0,0.349374,0.0,0.623979,0.0,0.0,0.32162,0.669838,0.0,0.0,0.0,0.01561,0.06362,0.664654,0.271263
85,0.318649,0.0,0.009996,0.350212,0.0,0.218601,0.074241,0.334223,0.036223,0.587894,0.307218,0.194448,0.177225,0.0,0.340702,0.0,0.377252,0.111818,0.0,0.0,0.0,0.068582,0.09301,0.0,0.222301,0.081059,0.0,0.0,0.0,0.555906,0.242625,0.028688,0.84056,0.0,0.478813,0.107247,0.738993,0.0,0.0,0.055961,0.44768,0.0,0.0,0.0,0.169434,0.183097,0.560364,0.221892
86,0.556034,0.0,0.108328,0.374866,0.0,0.182162,0.0,0.422333,0.227576,0.457057,0.426319,0.121349,0.226408,0.0,0.210086,0.0,0.200875,0.164875,0.0,0.0,0.0,0.0,0.291045,0.0,0.251336,0.0,0.0,0.0,0.0,0.586188,0.171682,0.0,1.142723,0.0,0.721429,0.170731,0.915743,0.0,0.0,0.022241,0.42317,0.0,0.0,0.0,0.35231,0.198738,0.662602,0.223916
87,0.649169,0.0,0.091527,0.542855,0.0,0.0,0.245876,0.497737,0.300119,0.387199,0.752404,0.098932,0.286505,0.0,0.0,0.0,0.418363,0.331139,0.0,0.0,0.0,0.068775,0.0,0.0,0.108759,0.0,0.106531,0.0,0.0,0.562043,0.739448,0.192421,1.180804,0.0,0.847633,0.352749,1.126083,0.135691,0.0,0.010653,0.636853,0.0,0.0,0.0,0.308207,0.249019,0.576687,0.321986
88,0.459439,0.0,0.155709,0.46688,0.0,0.0,0.377828,0.288235,0.686618,0.348917,0.818443,0.165713,0.238804,0.0,0.0,0.0,0.162023,0.501957,0.0,0.0,0.0,0.0,0.074776,0.0,0.088797,0.0,0.043688,0.0,0.0,0.726828,0.844202,0.199978,1.353313,0.0,0.91114,0.679355,1.172824,0.432885,0.0,0.0,0.584785,0.0,0.0,0.0,0.470109,0.190235,0.565526,0.202822
89,0.587406,0.0,0.180518,0.464455,0.0,0.0,0.447014,0.225322,0.876721,0.282748,0.984093,0.170806,0.184761,0.0,0.0,0.0,0.13089,0.568857,0.0,0.0,0.0,0.0,0.097428,0.0,0.038497,0.0,0.0,0.0,0.0,0.731655,0.827417,0.011322,1.485018,0.0,0.970828,0.498081,1.178012,0.43716,0.0,0.0,0.581965,0.0,0.0,0.0,0.531023,0.172218,0.702552,0.278213
90,0.517626,0.0,0.0789,0.339952,0.0,0.0,0.511847,0.0,0.993791,0.272609,0.771377,0.395526,0.020558,0.0,0.009495,0.0,0.0,0.729143,0.0,0.0,0.0,0.0057,0.332334,0.0,0.284128,0.0,0.0,0.0,0.0,0.712435,0.598286,0.0,1.528639,0.0,0.928656,0.690731,0.995475,0.74108,0.0,0.0,0.410334,0.0,0.0,0.0,0.484212,0.042662,0.739951,0.030841
91,0.5374,0.0,0.016532,0.421339,0.0,0.0,0.512593,0.0,0.950119,0.308832,0.460583,0.576213,0.0,0.0,0.408994,0.0,0.0,0.77658,0.0,0.0,0.0,0.401133,0.304406,0.0,0.150182,0.0,0.0,0.0,0.0,1.045626,0.457358,0.0,1.551576,0.0,0.891921,0.493895,1.037848,0.724899,0.0,0.0,0.596208,0.0,0.0,0.0,0.476246,0.0,0.934953,0.0
92,0.530249,0.0,0.062292,0.281297,0.0,0.0,0.389466,0.0,0.774294,0.455685,0.43541,0.68538,0.0,0.0,0.347879,0.0,0.0,0.925828,0.0,0.0,0.0,0.611363,0.281047,0.0,0.227949,0.0,0.0,0.0,0.0,1.266231,0.221031,0.0,1.479173,0.0,1.181082,0.444991,1.091673,0.826332,0.0,0.0,0.528491,0.0,0.0,0.0,0.548818,0.0,1.080982,0.0
93,0.511496,0.0,0.057042,0.385895,0.0,0.0,0.158756,0.0,0.613956,0.476708,0.170656,0.65318,0.0,0.0,0.658855,0.0,0.0,0.606396,0.0,0.0,0.0,0.897245,0.457158,0.0,0.278786,0.0,0.0,0.0,0.0,1.427222,0.0,0.0,1.354218,0.0,1.270567,0.207804,1.195038,0.433692,0.0,0.016919,0.669562,0.0,0.0,0.0,0.627377,0.0,1.208262,0.0
94,0.679381,0.0,0.018526,0.289584,0.0,0.030748,0.0,0.0,0.292514,0.463368,0.06288,0.515865,0.0,0.0,0.778737,0.0,0.0,0.572733,0.0,0.0,0.0,0.93685,0.499281,0.0,0.385963,0.0,0.0,0.0,0.0,1.409853,0.0,0.0,1.408184,0.0,1.241263,0.022384,1.099725,0.253591,0.0,0.182385,0.781589,0.0,0.0,0.0,0.618657,0.0,1.365542,0.0
95,0.610092,0.0,0.0,0.305751,0.0,0.0,0.0,0.282185,0.0,0.580432,0.13607,0.357329,0.011249,0.0,0.644599,0.0,0.615084,0.546646,0.0,0.0,0.0,0.924722,0.200413,0.0,0.369736,0.0,0.014613,0.0,0.0,1.34953,0.0,0.0,1.098719,0.0,1.115364,0.0,1.146627,0.047962,0.0,0.36592,1.079198,0.0,0.0,0.0,0.561506,0.0,1.384168,0.121656
96,0.525318,0.0,0.0,0.478095,0.0,0.165235,0.0,0.500651,0.0,0.674534,0.057264,0.232486,0.024316,0.0,0.668465,0.0,0.773116,0.153358,0.0,0.0,0.0,0.78107,0.167288,0.0,0.190415,0.119421,0.0,0.0,0.0,1.323023,0.0345,0.0,1.029398,0.0,0.858687,0.0,1.102508,0.0,0.0,0.370067,1.322526,0.0,0.0,0.0,0.540681,0.086965,1.276711,0.193257
97,0.40072,0.0,0.0,0.230729,0.0,0.517586,0.0,0.543758,0.0,0.66925,0.094407,0.087401,0.0,0.0,0.638072,0.0,0.382692,0.0,0.0,0.0,0.0,0.464997,0.412815,0.0,0.180708,0.0,0.0,0.0,0.0,0.959706,0.0,0.0,1.006707,0.0,0.58503,0.0,0.79013,0.047258,0.0,0.234982,0.900967,0.0,0.0,0.0,0.514138,0.0,1.024746,0.158766
98,0.167165,0.0,0.0,0.212081,0.0,0.427088,0.0,0.304197,0.0,0.759795,0.292543,0.080734,0.078754,0.0,0.406598,0.0,0.303748,0.07133,0.0,0.0,0.0,0.212092,0.182532,0.0,0.235879,0.029838,0.0,0.0,0.0,0.686079,0.075654,0.117339,0.569349,0.0,0.593264,0.0,0.574887,0.0,0.0,0.069382,0.41178,0.0,0.0,0.0,0.248027,0.069574,0.683182,0.097056
99,0.216641,0.0,0.04074,0.09026,0.033928,0.437449,0.0,0.378619,0.050316,0.638756,0.346995,0.014183,0.031586,0.0,0.396874,0.0,0.187391,0.042972,0.0,0.0,0.0,0.04512,0.250977,0.0,0.090106,0.135862,0.0,0.0,0.0,0.446989,0.111024,0.191232,0.487696,0.0,0.339492,0.0,0.343532,0.0,0.0,0.155691,0.241201,0.0,0.0,0.0,0.158103,0.0,0.545721,0.062599
100,0.0,0.0,0.0,0.096731,0.269748,0.32444,0.127609,0.221471,0.142684,0.556328,0.312965,0.252477,0.0,0.0,0.56012,0.0,0.186818,0.064109,0.0,0.0,0.106953,0.0,0.226998,0.0,0.0,0.332086,0.0,0.0,0.0,0.384664,0.337364,0.245037,0.421751,0.0,0.026811,0.101127,0.281994,0.0,0.0,0.003759,0.098657,0.0,0.0,0.0,0.0,0.0,0.447682,0.0
101,0.370224,0.0,0.042001,0.19607,0.129548,0.231558,0.248355,0.469225,0.0,0.543939,0.369478,0.03866,0.30765,0.0,0.347967,0.0,0.403691,0.036475,0.0,0.0,0.083315,0.0,0.0,0.0,0.022229,0.180665,0.0,0.0,0.0,0.148784,0.457647,0.250179,0.271734,0.0,0.256394,0.0,0.192532,0.0,0.0,0.397862,0.166738,0.0,0.0,0.0,0.03591,0.254402,0.385295,0.115578
102,0.034419,0.0,0.0,0.261677,0.359233,0.179244,0.273798,0.146899,0.036316,0.481243,0.301253,0.163549,0.319276,0.0,0.398151,0.0,0.31956,0.0,0.0,0.0,0.031418,0.0,0.021992,0.0,0.107762,0.295169,0.0,0.0,0.0,0.106944,0.461403,0.24663,0.234128,0.0,0.153,0.116052,0.236166,0.0,0.0,0.194503,0.156995,0.098,0.0,0.0,0.0,0.323033,0.324228,0.044892
103,0.274409,0.0,0.0,0.178943,0.257003,0.204913,0.24421,0.332244,0.026265,0.446637,0.38483,0.200638,0.388618,0.0,0.317369,0.0,0.365989,0.084974,0.0,0.0,0.0,0.0,0.0,0.0,0.209625,0.270105,0.0,0.0,0.0,0.112055,0.541485,0.130055,0.108494,0.0,0.452088,0.043019,0.104161,0.0,0.0,0.343626,0.108092,0.027005,0.0,0.0,0.0,0.39399,0.368672,0.090193
104,0.313481,0.0,0.0,0.257889,0.0,0.113085,0.206896,0.326033,0.0,0.502043,0.360053,0.203052,0.569086,0.0,0.280193,0.0,0.469032,0.090896,0.0,0.0,0.0,0.0,0.0,0.0,0.0,0.138684,0.0,0.0,0.0,0.397331,0.568091,0.124922,0.110189,0.0,0.572001,0.0,0.376607,0.0,0.0,0.306875,0.421763,0.0,0.0,0.0,0.0,0.599924,0.54093,0.13005
105,0.130086,0.0,0.082944,0.122899,0.059208,0.0,0.16246,0.031407,0.160262,0.402925,0.206535,0.233712,0.277375,0.0,0.333331,0.0,0.205543,0.283727,0.0,0.0,0.0,0.133621,0.0,0.0,0.00897,0.152594,0.0,0.0,0.0,0.428135,0.370166,0.0,0.100457,0.0,0.402333,0.059899,0.269443,0.0,0.0,0.114352,0.378923,0.038389,0.0,0.0,0.005471,0.498061,0.434015,0.048479
106,0.104453,0.0,0.084156,0.116942,0.13881,0.0,0.088893,0.0,0.219697,0.229854,0.104129,0.361984,0.091378,0.0,0.763772,0.0,0.062807,0.449348,0.0,0.0,0.0,0.246723,0.146882,0.0,0.150151,0.361474,0.0,0.0,0.0,0.528836,0.181877,0.0,0.110752,0.0,0.423647,0.123017,0.0,0.0,0.0,0.237252,0.380281,0.056516,0.0,0.0,0.0,0.453115,0.502093,0.0
107,0.169631,0.0,0.240103,0.14501,0.184658,0.0,0.12611,0.0,0.238084,0.159203,0.182299,0.403081,0.018648,0.0,0.691111,0.0,0.010221,0.620966,0.0,0.0,0.0,0.541652,0.091539,0.0,0.261757,0.269659,0.139121,0.0,0.0,0.497068,0.303644,0.0,0.174575,0.0,0.517264,0.154658,0.079496,0.0,0.0,0.298108,0.416186,0.201328,0.0,0.0,0.0,0.502192,0.33338,0.0
108,0.170956,0.0,0.039118,0.25979,0.0,0.0,0.0,0.0,0.300346,0.084992,0.064193,0.390385,0.055241,0.0,0.902431,0.0,0.0,0.509433,0.0,0.0,0.0,0.633012,0.310075,0.0,0.087526,0.147604,0.0,0.0,0.0,0.617912,0.049372,0.0,0.300217,0.0,0.479904,0.058688,0.118463,0.0,0.0,0.108171,0.551049,0.0,0.0,0.0,0.0,0.449434,0.543819,0.0
109,0.285967,0.0,0.106954,0.419602,0.0,0.0,0.0,0.0,0.285388,0.193388,0.0,0.321005,0.18148,0.0,0.738465,0.0,0.0,0.476644,0.0,0.0,0.058411,0.680903,0.268019,0.0,0.044054,0.06082,0.0,0.0,0.0,0.698745,0.0,0.0,0.444857,0.0,0.571931,0.06962,0.2647,0.0,0.0,0.076769,0.58715,0.0,0.0,0.0,0.17855,0.554081,0.493646,0.0
110,0.161524,0.0,0.275404,0.395837,0.001856,0.0,0.0,0.0,0.108262,0.36115,0.0,0.19311,0.365974,0.0,0.43964,0.0,0.0,0.512568,0.0,0.0,0.0,0.458275,0.175518,0.0,0.136706,0.029551,0.0,0.0,0.0,0.695142,0.091388,0.0,0.431563,0.0,0.698417,0.199139,0.49222,0.0,0.0,0.030786,0.572197,0.0,0.0,0.0,0.218601,0.53923,0.479538,0.0
111,0.225594,0.0,0.292917,0.449957,0.0,0.0,0.0,0.156791,0.160983,0.376422,0.121245,0.099517,0.378925,0.0,0.294566,0.0,0.041504,0.367887,0.0,0.0,0.0,0.310946,0.141088,0.0,0.198193,0.028866,0.0,0.0,0.0,0.464038,0.375418,0.100792,0.462837,0.0,0.702231,0.353288,0.467536,0.0,0.0,0.052822,0.641464,0.0,0.0,0.0,0.379926,0.571901,0.389686,0.055449
112,0.340112,0.0,0.232511,0.635764,0.003232,0.015157,0.0,0.54315,0.0,0.488968,0.274482,0.0,0.589724,0.0,0.129953,0.0,0.458171,0.25174,0.0,0.0,0.0,0.106239,0.0,0.0,0.088279,0.127723,0.0,0.0,0.0,0.250588,0.684419,0.151366,0.539572,0.0,0.621911,0.270635,0.588024,0.0,0.0,0.20073,0.821544,0.0,0.0,0.0,0.349968,0.689939,0.228901,0.242025
113,0.508874,0.0,0.061847,0.803473,0.0,0.25967,0.0,1.060484,0.0,0.485047,0.40746,0.0,0.664331,0.0,0.212788,0.0,0.507455,0.047332,0.0,0.0,0.086542,0.0,0.0,0.0,0.066235,0.029009,0.0,0.0,0.0,0.029528,0.849676,0.268807,0.461462,0.0,0.613439,0.194866,0.557101,0.0,0.0,0.317445,0.837994,0.0,0.0,0.0,0.58504,0.743623,0.200219,0.207317
114,0.652161,0.0,0.212935,1.077438,0.25643,0.29703,0.0,1.254095,0.0,0.452425,0.426243,0.0,1.018884,0.0,0.069344,0.0,0.540114,0.0,0.0,0.0,0.410566,0.0,0.0,0.0,0.143825,0.129615,0.0,0.209148,0.0,0.0,1.265703,0.542896,0.293145,0.0,0.755133,0.295518,0.54859,0.0,0.0,0.478547,0.583446,0.0,0.0,0.0,0.726183,0.982935,0.0,0.083498
115,0.610201,0.0,0.208135,1.065071,0.385004,0.295228,0.0,1.345845,0.0,0.528566,0.425693,0.0,1.173625,0.0,0.0,0.0,0.98681,0.031353,0.074282,0.0,0.428416,0.0,0.0,0.0,0.133651,0.175148,0.0,0.178059,0.0,0.0,1.368638,0.523803,0.170194,0.0,0.784305,0.259837,0.665601,0.0,0.0,0.57427,0.529059,0.0,0.0,0.0,0.756766,1.049783,0.110676,0.197248
116,0.58337,0.0,0.010539,1.23051,0.491779,0.23199,0.0,1.617673,0.0,0.627064,0.458722,0.0,1.133465,0.0,0.068871,0.0,0.75143,0.0,0.154237,0.0,0.711691,0.0,0.105656,0.0,0.0,0.004352,0.0,0.257993,0.0,0.0,1.268479,0.605624,0.321015,0.0,0.625477,0.356306,0.783929,0.0,0.0,0.351204,0.545102,0.0,0.0,0.0,0.920826,0.98168,0.099496,0.0
117,0.433387,0.0,0.0,1.132975,0.618716,0.289255,0.0,1.723605,0.262978,0.470111,0.616424,0.0,0.947088,0.0,0.046546,0.0,0.572939,0.0,0.0,0.0,0.657025,0.0,0.484092,0.0,0.0,0.0,0.0,0.427402,0.0,0.0,0.945238,0.721945,0.563905,0.0,0.425972,0.450521,0.933538,0.0,0.0,0.028049,0.503929,0.0,0.0,0.0,0.977554,0.558089,0.27209,0.0
118,0.563678,0.0,0.085915,1.206769,0.491097,0.349695,0.0,1.673543,0.131512,0.337482,0.64061,0.0,0.812864,0.0,0.0,0.0,0.706016,0.0,0.0,0.0,0.575678,0.0,0.3706,0.0,0.0,0.0,0.0,0.473343,0.0,0.0,1.187865,0.776285,0.384394,0.0,0.420051,0.500381,0.908686,0.0,0.0,0.121599,0.24152,0.0,0.0,0.0,0.98872,0.561221,0.404826,0.0
119,0.492767,0.0,0.28424,1.350958,0.320282,0.396782,0.033199,1.805549,0.154514,0.268317,0.886112,0.0,1.14002,0.0,0.0,0.0,0.608051,0.070906,0.0,0.0,0.751454,0.0,0.504499,0.0,0.0,0.0,0.0,0.598344,0.0,0.0,1.380218,1.08667,0.504323,0.0,0.443109,0.549861,0.964194,0.0,0.0,0.0,0.0,0.0,0.0,0.0,1.112897,0.69792,0.34781,0.0
120,0.619575,0.0,0.0,1.081597,0.495178,0.279613,0.0,1.765503,0.253308,0.448737,0.700719,0.0,0.703706,0.0,0.0,0.0,0.754097,0.0,0.0,0.0,0.621851,0.0,0.479599,0.0,0.0,0.0,0.0,0.268074,0.0,0.041346,0.885982,0.769234,0.632604,0.0,0.382825,0.330816,1.099493,0.0,0.0,0.062288,0.305344,0.0,0.0,0.0,0.911297,0.383842,0.60605,0.0
121,0.720031,0.0,0.0,1.025349,0.64293,0.356824,0.0,1.703905,0.249168,0.506379,0.542443,0.0,0.630665,0.0,0.0,0.0,0.618435,0.0,0.0,0.0,0.615268,0.0,0.504113,0.0,0.0,0.0,0.0,0.210904,0.0,0.084473,0.846381,0.655515,0.750107,0.0,0.36724,0.240469,1.037174,0.0,0.0,0.091623,0.494264,0.0,0.0,0.0,0.948331,0.308513,0.585187,0.0
122,0.566584,0.0,0.127749,1.160359,0.404535,0.437428,0.0,1.388666,0.093547,0.516509,0.681668,0.0,0.802912,0.0,0.0,0.0,0.857745,0.0,0.0,0.0,0.472269,0.0,0.215262,0.0,0.0,0.0,0.0,0.275282,0.0,0.052357,1.175998,0.816033,0.316365,0.0,0.456983,0.346205,0.872886,0.0,0.0,0.136464,0.103133,0.0,0.0,0.0,0.701978,0.415633,0.540687,0.0
123,0.543457,0.0,0.180055,0.988063,0.353787,0.387099,0.0,1.297348,0.0,0.625187,0.574364,0.0,0.818813,0.0,0.0,0.0,0.927153,0.021206,0.0,0.0,0.319986,0.0,0.172446,0.0,0.086704,0.0,0.0,0.070427,0.0,0.163105,1.182939,0.777648,0.273084,0.0,0.594988,0.263698,0.734331,0.0,0.0,0.251228,0.174265,0.0,0.041923,0.0,0.690488,0.378322,0.540407,0.0
124,0.511503,0.0,0.0,0.835599,0.12699,0.308134,0.0,1.5429,0.130588,0.727711,0.401471,0.0,0.673377,0.0,0.0,0.0,0.79473,0.0,0.0,0.0,0.331739,0.0,0.365078,0.0,0.0,0.047532,0.0,0.0,0.0,0.531928,0.786475,0.522431,0.645256,0.0,0.50631,0.012119,1.028164,0.0,0.0,0.046402,0.626697,0.0,0.176824,0.0,1.09879,0.258206,0.806032,0.0
125,0.610366,0.0,0.0,0.701413,0.237278,0.44601,0.0,1.524316,0.192362,0.710043,0.222559,0.0,0.371532,0.0,0.139499,0.0,0.706825,0.0,0.0,0.0,0.11521,0.0,0.584795,0.0,0.0,0.0,0.0,0.0,0.0,0.700871,0.587528,0.219932,0.94501,0.0,0.362531,0.0,1.085241,0.082233,0.0,0.036247,0.896744,0.0,0.059382,0.0,1.239683,0.0,1.038447,0.0
126,0.781697,0.0,0.0,0.779423,0.089701,0.46816,0.0,1.378215,0.0,0.857207,0.335946,0.0,0.510734,0.0,0.052328,0.0,0.950467,0.0,0.0,0.0,0.051359,0.0,0.316615,0.0,0.011586,0.0,0.0,0.0,0.0,0.540011,0.724867,0.194427,0.685649,0.0,0.558514,0.0,0.977756,0.0,0.0,0.359823,0.735825,0.0,0.0,0.0,1.022383,0.063022,0.946521,0.126624
127,0.686287,0.0,0.0,0.808972,0.078199,0.387879,0.0,1.292145,0.0,0.84805,0.32253,0.0,0.620922,0.0,0.0493,0.0,0.905127,0.0,0.0,0.0,0.08807,0.0,0.177271,0.0,0.135619,0.022286,0.0,0.0,0.0,0.394483,0.798486,0.273079,0.456828,0.0,0.557225,0.0,0.775836,0.0,0.0,0.366857,0.574611,0.0,0.0,0.0,0.886929,0.257719,0.763137,0.145909
128,0.086792,0.0,0.0,0.675028,0.099007,0.300552,0.0,0.801826,0.018428,0.861632,0.285003,0.0,0.629343,0.0,0.080441,0.0,0.751689,0.0,0.0,0.0,0.090838,0.0,0.006564,0.0,0.152994,0.229002,0.0,0.0,0.0,0.381889,0.730063,0.382258,0.311141,0.0,0.414756,0.125436,0.695298,0.0,0.0,0.0,0.392012,0.0,0.0,0.0,0.543545,0.28438,0.597456,0.0
129,0.397054,0.0,0.0,0.57529,0.360599,0.255676,0.0,0.881923,0.0,0.635451,0.195982,0.0,0.628735,0.0,0.173939,0.0,0.475463,0.0,0.0,0.0,0.131188,0.0,0.0,0.0,0.142192,0.231804,0.0,0.0,0.0,0.111812,0.840742,0.37761,0.231879,0.0,0.427433,0.269275,0.500403,0.0,0.0,0.193431,0.514043,0.0,0.0,0.0,0.524061,0.408777,0.530342,0.0
130,0.327866,0.0,0.0,0.707315,0.543597,0.222803,0.0,0.829629,0.078366,0.453232,0.210455,0.0,0.639006,0.0,0.073549,0.0,0.390069,0.045738,0.0,0.0,0.057881,0.0,0.0,0.0,0.154765,0.15717,0.0,0.0,0.0,0.0,0.920663,0.365975,0.071369,0.0,0.443694,0.380341,0.329589,0.0,0.0,0.181362,0.317414,0.047655,0.0,0.0,0.420415,0.575797,0.361479,0.0
131,0.575896,0.0,0.141015,1.032924,0.682312,0.275713,0.068726,1.094797,0.001685,0.288311,0.453507,0.0,0.983568,0.0,0.0,0.0,0.377519,0.038278,0.140448,0.0,0.286837,0.0,0.0,0.0,0.138377,0.04752,0.0,0.066779,0.0,0.0,1.477941,0.677092,0.0,0.0,0.628465,0.32971,0.307146,0.0,0.0,0.468522,0.174273,0.081898,0.0,0.0,0.500312,0.969395,0.196153,0.0
132,0.333543,0.0,0.081423,1.045797,0.467119,0.232191,0.053132,1.157222,0.099498,0.333661,0.613471,0.0,1.170063,0.0,0.0,0.0,0.592883,0.113772,0.220424,0.0,0.224792,0.0,0.0,0.0,0.0,0.0,0.0,0.099368,0.0,0.0,1.635599,0.927975,0.0,0.0,0.669594,0.423964,0.570934,0.0,0.0,0.459664,0.259616,0.0,0.0,0.0,0.50565,1.008099,0.332358,0.0
133,0.235708,0.0,0.109773,1.123598,0.453542,0.283142,0.274679,1.359649,0.361116,0.271451,0.717491,0.0,1.251965,0.0,0.0,0.0,0.412336,0.133933,0.307265,0.0,0.412762,0.0,0.0,0.0,0.0,0.0,0.0,0.283848,0.0,0.0,1.651367,1.065158,0.199623,0.0,0.496529,0.4605,0.671296,0.0,0.0,0.246357,0.187725,0.012355,0.0,0.0,0.673086,1.057377,0.24828,0.0
134,0.219612,0.0,0.0,1.070703,0.594836,0.200929,0.248366,1.417736,0.607514,0.259145,0.771859,0.0,1.131018,0.0,0.151873,0.0,0.329527,0.258868,0.233018,0.0,0.633911,0.0,0.199688,0.0,0.0,0.013389,0.0,0.177583,0.0,0.0,1.231574,0.804514,0.377242,0.0,0.514472,0.514118,0.538689,0.0,0.0,0.213194,0.140061,0.0,0.0,0.0,0.680337,0.970254,0.232417,0.0
135,0.334849,0.0,0.039798,0.89677,0.614545,0.14702,0.175825,1.075059,0.471554,0.146936,0.773734,0.0,0.897011,0.0,0.064749,0.0,0.445135,0.409674,0.0,0.0,0.503632,0.0,0.165155,0.0,0.0,0.122958,0.0,0.257825,0.0,0.0,1.097026,0.737537,0.182282,0.0,0.561905,0.670441,0.291479,0.0,0.0,0.484664,0.0,0.020373,0.0,0.0,0.553347,0.932247,0.217314,0.0
136,0.020333,0.0,0.068302,0.671354,0.873861,0.0,0.354492,0.518983,0.667171,0.0,0.800631,0.0,0.726368,0.0,0.078825,0.0,0.394526,0.515068,0.0,0.0,0.341309,0.0,0.260941,0.0,0.0,0.129136,0.0,0.625133,0.0,0.0,0.793897,0.823482,0.127622,0.0,0.318419,1.070978,0.038198,0.0,0.0,0.50962,0.0,0.075407,0.0,0.0,0.245369,0.897612,0.025431,0.0
137,0.269593,0.0,0.509918,0.60923,0.874025,0.017687,0.457774,0.427678,0.545149,0.0,0.934607,0.0,0.932382,0.0,0.0,0.0,0.409307,0.655719,0.0,0.0,0.601289,0.0,0.428237,0.009939,0.0,0.342629,0.18749,0.734845,0.0,0.0,1.056423,0.773212,0.298116,0.0,0.415307,0.947379,0.0,0.0,0.0,0.666601,0.0,0.16622,0.0,0.0,0.422527,1.137087,0.0,0.0
138,0.0,0.0,0.409587,0.464854,0.787126,0.0,0.55773,0.183505,0.669482,0.0,0.842602,0.0,0.703912,0.0,0.0,0.0,0.341929,0.728323,0.0,0.0,0.494571,0.0,0.427175,0.0,0.0,0.240493,0.061094,0.813634,0.0,0.0,0.870232,0.773086,0.394959,0.0,0.174821,1.01427,0.0,0.0,0.0,0.443777,0.0,0.191195,0.0,0.0,0.303427,0.975582,0.0,0.0
139,0.0,0.0,0.349358,0.218205,0.844348,0.0,0.381276,0.0,0.544983,0.0,0.77334,0.0,0.553344,0.0,0.0,0.0,0.255918,0.809977,0.0,0.0,0.47926,0.0,0.533505,0.0,0.0,0.293906,0.176774,0.682511,0.0,0.0,0.551182,0.641641,0.437905,0.0,0.219258,0.905346,0.0,0.0,0.0,0.581437,0.0,0.198136,0.0,0.0,0.266654,0.761402,0.0,0.0
140,0.0,0.0,0.012673,0.178663,0.729975,0.0,0.46517,0.0,0.615601,0.0,0.525665,0.033446,0.208609,0.0,0.231693,0.0,0.0,0.80336,0.0,0.0,0.460862,0.0,0.633163,0.0,0.0,0.211811,0.019544,0.429916,0.0,0.0,0.311939,0.46753,0.635104,0.0,0.147701,0.789859,0.0,0.0,0.0,0.393786,0.0,0.024941,0.0,0.0,0.439139,0.518284,0.0,0.0
141,0.050706,0.0,0.0,0.176505,0.631191,0.017139,0.284855,0.0,0.421147,0.0,0.206731,0.027514,0.0,0.0,0.338332,0.0,0.0,0.805107,0.0,0.0,0.384461,0.0,0.513469,0.0,0.0,0.274687,0.190575,0.105082,0.0,0.317585,0.191338,0.139593,0.61139,0.0,0.341897,0.492091,0.0,0.0,0.0,0.464193,0.078636,0.0,0.0,0.0,0.540434,0.340746,0.064075,0.0
142,0.061812,0.0,0.0,0.245233,0.744814,0.0,0.441497,0.0,0.461987,0.0,0.0,0.25989,0.0,0.0,0.699974,0.0,0.0,0.892207,0.0,0.0,0.387172,0.175437,0.754675,0.0,0.048081,0.351736,0.212883,0.0,0.0,0.722994,0.0,0.0,0.844738,0.0,0.401271,0.473976,0.008154,0.111907,0.0,0.494013,0.000683,0.0,0.0,0.0,0.528332,0.079415,0.08518,0.0
143,0.39554,0.0,0.0,0.263841,0.560724,0.0,0.263504,0.0,0.535957,0.074076,0.0,0.290484,0.0,0.0,0.987031,0.0,0.0,0.84862,0.017756,0.0,0.517225,0.617781,0.836664,0.0,0.0,0.254095,0.163715,0.0,0.0,1.214295,0.0,0.0,0.951427,0.0,0.794991,0.251995,0.086341,0.125776,0.0,0.502325,0.182056,0.0,0.0,0.0,0.87508,0.0,0.396841,0.0
144,0.153078,0.0,0.0,0.12529,0.64673,0.0,0.435648,0.0,0.511288,0.037853,0.0,0.49943,0.0,0.0,1.019088,0.0,0.0,0.738948,0.0,0.0,0.352328,0.541855,0.880208,0.0,0.0,0.175652,0.143661,0.0,0.0,1.157122,0.0,0.0,0.962844,0.0,0.642375,0.241082,0.168872,0.265223,0.0,0.563826,0.073493,0.0,0.0,0.0,0.563977,0.0,0.314254,0.0
145,0.117687,0.0,0.0,0.047921,0.541954,0.0,0.371718,0.0,0.440594,0.069275,0.0,0.502189,0.0,0.0,1.000968,0.0,0.0,0.689955,0.0,0.0,0.237769,0.521207,0.722269,0.0,0.0,0.058443,0.112951,0.0,0.0,1.159923,0.0,0.03563,0.845425,0.0,0.702259,0.107882,0.192844,0.27467,0.0,0.551356,0.080706,0.0,0.071142,0.0,0.492705,0.0,0.389675,0.0
146,0.238653,0.0,0.0,0.047192,0.50418,0.0,0.202895,0.0,0.326849,0.178516,0.0,0.367815,0.0,0.0,0.964139,0.0,0.0,0.714345,0.0,0.0,0.321282,0.647652,0.650142,0.0,0.0,0.195597,0.250674,0.0,0.0,1.281319,0.0,0.0,0.87135,0.0,0.862131,0.0,0.168122,0.209574,0.0,0.639621,0.346428,0.0,0.0,0.0,0.557725,0.0,0.535481,0.0
147,0.128441,0.0,0.0,0.0,0.421708,0.0,0.235596,0.0,0.236048,0.179272,0.0,0.257938,0.0,0.0,0.718388,0.0,0.0,0.640346,0.006815,0.0,0.306889,0.529279,0.500202,0.0,0.0,0.12576,0.301636,0.0,0.0,0.934439,0.0,0.0,0.58462,0.0,0.721315,0.0,0.220367,0.012919,0.0,0.52558,0.221331,0.0,0.166658,0.0,0.581292,0.0,0.531343,0.0
148,0.046019,0.0,0.0,0.082084,0.412993,0.0,0.284193,0.0,0.305977,0.116921,0.0,0.319023,0.0,0.0,0.683707,0.0,0.0,0.505602,0.0,0.0,0.08937,0.280741,0.427732,0.0,0.0,0.265174,0.268368,0.0,0.0,0.801011,0.0,0.0,0.400143,0.0,0.556057,0.051672,0.015903,0.0,0.0,0.458822,0.152099,0.0,0.002955,0.0,0.399496,0.0,0.362893,0.0
149,0.050443,0.0,0.0,0.106273,0.377895,0.0,0.302679,0.0,0.401356,0.143708,0.0,0.212072,0.0,0.0,0.722496,0.0,0.0,0.496056,0.12156,0.0,0.126113,0.147049,0.364355,0.0,0.0,0.315008,0.253402,0.0,0.0,0.5045,0.100005,0.0,0.231348,0.0,0.538616,0.0,0.0,0.019373,0.0,0.405955,0.256781,0.0,0.0,0.0,0.319517,0.228497,0.463544,0.0
150,0.060256,0.0,0.0,0.157387,0.291199,0.0,0.266373,0.0,0.501451,0.319165,0.0,0.213434,0.2162,0.0,0.860808,0.0,0.029866,0.553589,0.126051,0.0,0.0,0.0,0.42421,0.0,0.0,0.389383,0.133398,0.0,0.0,0.486641,0.129418,0.0,0.0,0.0,0.606842,0.013064,0.0,0.0,0.0,0.343435,0.256071,0.0,0.0,0.0,0.153703,0.189741,0.685231,0.0
151,0.091389,0.0,0.0,0.168577,0.238834,0.162647,0.215312,0.079875,0.248036,0.356741,0.006691,0.278823,0.37668,0.0,0.660423,0.0,0.179016,0.405222,0.087773,0.0,0.0,0.0,0.263825,0.0,0.0,0.289265,0.034443,0.0,0.0,0.273317,0.285135,0.047377,0.0,0.0,0.527548,0.0,0.0,0.0,0.0,0.306646,0.219293,0.012487,0.0,0.0,0.051805,0.276927,0.677737,0.0
152,0.034059,0.0,0.0,0.198753,0.23005,0.107972,0.230633,0.182982,0.358514,0.448937,0.0,0.193961,0.548633,0.0,0.862285,0.0,0.203372,0.410771,0.20054,0.0,0.094329,0.0,0.327918,0.0,0.0,0.381454,0.023086,0.0,0.0,0.406104,0.308184,0.074305,0.0,0.0,0.527776,0.0,0.049403,0.0,0.0,0.268403,0.3764,0.0,0.0,0.0,0.114049,0.342209,0.791154,0.0
153,0.02556,0.0,0.0,0.130988,0.329066,0.16885,0.149412,0.0,0.125137,0.426151,0.0,0.327332,0.368625,0.0,0.69004,0.0,0.252897,0.253987,0.0,0.0,0.0,0.028889,0.085275,0.0,0.0,0.254377,0.143069,0.0,0.0,0.395378,0.319231,0.094972,0.0,0.0,0.378922,0.0,0.189619,0.0,0.0,0.346856,0.316864,0.0,0.0,0.0,0.0,0.139807,0.669945,0.0
154,0.112398,0.0,0.0,0.137156,0.292148,0.108511,0.003107,0.0,0.024386,0.500074,0.0,0.246498,0.299111,0.0,0.773254,0.0,0.263585,0.254681,0.0,0.0,0.093574,0.255964,0.080165,0.0,0.14177,0.29887,0.255795,0.0,0.0,0.675119,0.234484,0.0,0.306979,0.0,0.530738,0.0,0.363699,0.0,0.0,0.474934,0.544559,0.0,0.0,0.0,0.205964,0.10584,0.816747,0.00659
155,0.219761,0.0,0.0,0.149822,0.206395,0.141767,0.0,0.066852,0.0,0.511003,0.0,0.192317,0.247993,0.0,0.858314,0.0,0.326115,0.14787,0.0,0.0,0.102294,0.365334,0.137807,0.0,0.130717,0.286113,0.267301,0.0,0.0,0.894351,0.091676,0.0,0.58563,0.0,0.61118,0.0,0.555869,0.0,0.0,0.587801,0.706171,0.0,0.0,0.0,0.313799,0.034554,1.030945,0.126496
156,0.162196,0.0,0.0,0.044537,0.0,0.186541,0.0,0.04491,0.0,0.661098,0.0,0.178068,0.256624,0.0,0.974633,0.0,0.364508,0.238718,0.0,0.0,0.109928,0.477937,0.121852,0.0,0.127446,0.220986,0.117837,0.0,0.0,1.078012,0.0,0.0,0.62542,0.0,0.645916,0.0,0.612953,0.0,0.0,0.50675,0.761547,0.0,0.053809,0.0,0.311871,0.0,1.200736,0.112981
157,0.304394,0.0,0.0,0.13948,0.096737,0.227106,0.0,0.085491,0.074295,0.679445,0.0,0.203409,0.100127,0.0,1.02827,0.0,0.181806,0.108863,0.0,0.0,0.0,0.49121,0.33994,0.0,0.021462,0.21728,0.004689,0.0,0.0,1.209434,0.0,0.0,0.758693,0.0,0.707897,0.0,0.669096,0.0,0.0,0.519889,0.62208,0.0,0.0,0.0,0.357265,0.0,1.274967,0.0
158,0.294126,0.0,0.0,0.057869,0.081365,0.336241,0.0,0.349379,0.037146,0.659218,0.0,0.246862,0.278676,0.0,1.001592,0.0,0.418993,0.046252,0.0,0.0,0.0,0.243679,0.308395,0.0,0.067282,0.400906,0.057799,0.0,0.0,0.991282,0.169014,0.0,0.651764,0.0,0.703672,0.0,0.584741,0.04802,0.0,0.497914,0.987706,0.0,0.0,0.0,0.19037,0.0,1.319215,0.134023
159,0.237907,0.0,0.0,0.069349,0.179992,0.333212,0.0,0.297541,0.0,0.811892,0.0,0.232442,0.243551,0.0,0.790107,0.0,0.431205,0.047083,0.0,0.0,0.0,0.086005,0.245486,0.0,0.272863,0.494492,0.0,0.0,0.0,0.701435,0.317445,0.030056,0.402864,0.0,0.579872,0.0,0.451892,0.000511,0.0,0.403536,0.685425,0.0,0.0,0.0,0.074228,0.0,0.965731,0.070812
160,0.545841,0.0,0.0,0.309875,0.0,0.516254,0.0,0.673893,0.0,0.893759,0.107486,0.144196,0.615935,0.0,0.556348,0.0,0.657569,0.040683,0.0,0.0,0.0,0.128192,0.0,0.0,0.365066,0.218029,0.0,0.0,0.0,0.499469,0.698423,0.231985,0.120571,0.0,0.753428,0.0,0.568664,0.0,0.0,0.28132,0.522981,0.0,0.002665,0.0,0.240493,0.324766,0.95255,0.145625
161,0.612901,0.0,0.0,0.5206,0.0,0.559202,0.0,0.87223,0.0,0.967346,0.098173,0.0,0.544143,0.0,0.433746,0.0,0.847738,0.0,0.0,0.0,0.0,0.12084,0.000782,0.0,0.25989,0.120455,0.0,0.0,0.0,0.385766,0.645721,0.0,0.255377,0.0,0.481399,0.0,0.722355,0.0,0.0,0.207954,0.725305,0.0,0.0,0.0,0.442517,0.300167,1.023354,0.075395
162,0.516671,0.0,0.0,0.574019,0.0,0.540168,0.0,0.841074,0.0,1.066234,0.068098,0.0,0.639979,0.0,0.383808,0.0,0.829176,0.0,0.0,0.0,0.0,0.057197,0.0,0.0,0.368605,0.182757,0.0,0.0,0.0,0.209359,0.715609,0.112816,0.156478,0.0,0.412497,0.0,0.682341,0.0,0.0,0.082013,0.658191,0.0,0.0,0.0,0.360247,0.293521,0.825187,0.0
163,0.784602,0.0,0.0,0.844453,0.0,0.544873,0.0,1.16457,0.0,1.131637,0.108322,0.0,0.824953,0.0,0.383145,0.0,0.930582,0.0,0.0,0.0,0.202901,0.124607,0.0,0.0,0.310925,0.029986,0.0,0.0,0.0,0.254139,0.837914,0.222403,0.241767,0.0,0.514292,0.0,0.793807,0.0,0.0,0.283423,0.817396,0.0,0.0,0.0,0.483839,0.426723,0.802061,0.054455
164,0.637623,0.0,0.0,0.696348,0.0,0.580768,0.0,0.963684,0.0,1.024821,0.153856,0.0,0.656979,0.0,0.322319,0.0,0.838074,0.0,0.0,0.0,0.083302,0.038074,0.019749,0.0,0.252661,0.006077,0.0,0.0,0.0,0.204749,0.65588,0.159435,0.314409,0.0,0.40147,0.0,0.782018,0.0,0.0,0.142956,0.671116,0.0,0.0,0.0,0.455753,0.2374,0.83377,0.0
165,0.417507,0.0,0.0,0.45187,0.0,0.528482,0.0,0.784292,0.0,0.891509,0.113257,0.0,0.509543,0.0,0.355628,0.0,0.655328,0.0,0.0,0.0,0.0,0.0,0.192966,0.0,0.144355,0.062551,0.0,0.0,0.0,0.226638,0.553581,0.245506,0.340565,0.0,0.340733,0.0,0.660563,0.0,0.0,0.084101,0.612646,0.0,0.0,0.0,0.488438,0.116777,0.847574,0.0
166,0.319699,0.0,0.0,0.342628,0.001311,0.510917,0.0,0.657149,0.0,0.733696,0.15405,0.0,0.216348,0.0,0.316455,0.0,0.510198,0.0,0.0,0.0,0.0,0.0,0.237846,0.0,0.049945,0.0,0.0,0.0,0.0,0.249607,0.344607,0.0,0.448814,0.0,0.269529,0.0,0.524045,0.0,0.0,0.03308,0.447953,0.0,0.0,0.0,0.483851,0.0,0.709493,0.0
167,0.203943,0.0,0.181646,0.435281,0.132619,0.232991,0.0,0.428945,0.0,0.547257,0.225331,0.0,0.316447,0.0,0.215752,0.0,0.277419,0.177431,0.0,0.0,0.0,0.027053,0.12041,0.0,0.135181,0.068581,0.043846,0.0,0.0,0.177528,0.460223,0.163179,0.181955,0.0,0.440233,0.040362,0.174042,0.0,0.0,0.081597,0.183125,0.0,0.0,0.0,0.298808,0.365079,0.385406,0.0
168,0.028304,0.0,0.0,0.260441,0.229453,0.208467,0.0,0.400576,0.214118,0.354839,0.115067,0.05232,0.096874,0.0,0.536707,0.0,0.081924,0.17123,0.0,0.0,0.165455,0.051006,0.327175,0.0,0.0,0.193894,0.0,0.0,0.0,0.230677,0.250445,0.096028,0.196786,0.0,0.251142,0.076459,0.106733,0.0,0.0,0.0,0.299319,0.0,0.0,0.0,0.185081,0.153798,0.408491,0.0
169,0.0,0.0,0.0,0.358009,0.208523,0.110426,0.009153,0.152471,0.315255,0.321815,0.072789,0.15988,0.132961,0.0,0.686186,0.0,0.023429,0.414275,0.0,0.0,0.141016,0.008859,0.214168,0.0,0.0,0.348283,0.0,0.004744,0.0,0.334575,0.261844,0.001931,0.037926,0.0,0.238347,0.154814,0.0,0.0,0.0,0.0,0.199166,0.0,0.0,0.0,0.096924,0.277092,0.299945,0.0
170,0.0,0.0,0.11311,0.289644,0.256529,0.0,0.073513,0.182652,0.315573,0.196762,0.148127,0.021839,0.255174,0.0,0.513126,0.0,0.125865,0.480279,0.0,0.0,0.098018,0.0,0.207768,0.0,0.002796,0.410565,0.043669,0.139611,0.0,0.144903,0.429904,0.122086,0.132909,0.0,0.198217,0.256146,0.040693,0.0,0.0,0.048952,0.16535,0.115301,0.0,0.0,0.165943,0.439517,0.184561,0.0
171,0.0,0.0,0.201537,0.353062,0.274938,0.073392,0.0,0.213364,0.180344,0.254345,0.20094,0.001704,0.329559,0.0,0.357607,0.0,0.180466,0.443427,0.0,0.0,0.18101,0.0,0.154722,0.0,0.051018,0.266403,0.023274,0.156166,0.0,0.031493,0.313156,0.138676,0.114576,0.0,0.268787,0.183371,0.0,0.0,0.0,0.144504,0.066158,0.240246,0.0,0.0,0.139222,0.541197,0.071338,0.0
172,0.084446,0.0,0.446822,0.529378,0.307683,0.064776,0.0,0.358275,0.0,0.251766,0.235028,0.0,0.554364,0.0,0.183314,0.0,0.370123,0.385488,0.0,0.0,0.261358,0.019795,0.047453,0.0,0.121013,0.333474,0.157011,0.225878,0.0,0.0,0.600204,0.255568,0.142245,0.0,0.458208,0.12974,0.108174,0.0,0.0,0.375942,0.084123,0.274545,0.0,0.085773,0.181869,0.710689,0.042821,0.0
173,0.091497,0.0,0.206106,0.477408,0.085892,0.21607,0.0,0.473896,0.046043,0.2435,0.22597,0.01184,0.407359,0.0,0.422849,0.0,0.173147,0.267998,0.0,0.0,0.21977,0.0,0.229663,0.0,0.001711,0.227307,0.0,0.108133,0.0,0.00878,0.325283,0.227982,0.385296,0.0,0.349569,0.2585,0.0,0.0,0.0,0.227467,0.365196,0.072237,0.0,0.0,0.436084,0.574624,0.033927,0.0
174,0.281809,0.0,0.0,0.651979,0.0,0.314088,0.0,0.897825,0.0,0.360018,0.242638,0.0,0.491752,0.0,0.545225,0.0,0.435464,0.058632,0.0,0.0,0.322144,0.000489,0.1638,0.0,0.0,0.142739,0.0,0.013561,0.0,0.0,0.413488,0.269383,0.460762,0.0,0.473377,0.087601,0.23779,0.0,0.0,0.374456,0.826633,0.0,0.0,0.0,0.479516,0.565037,0.092752,0.09471
175,0.218018,0.0,0.456415,0.736231,0.0,0.198845,0.0,1.000558,0.0,0.394227,0.397623,0.0,0.634209,0.0,0.277474,0.0,0.571197,0.16465,0.0,0.0,0.282104,0.034483,0.0,0.0,0.020077,0.384039,0.0,0.166193,0.0,0.0,0.943401,0.495848,0.455869,0.0,0.577998,0.191054,0.362216,0.0,0.0,0.421317,0.715647,0.0,0.0,0.0,0.634796,0.893409,0.0,0.179198
176,0.089017,0.0,0.461408,0.801007,0.0,0.316777,0.0,0.923317,0.0,0.398756,0.518875,0.0,0.610988,0.0,0.1203,0.0,0.644294,0.205107,0.0,0.0,0.150332,0.0,0.0,0.0,0.0,0.297162,0.0,0.190988,0.0,0.014723,0.85439,0.327154,0.582992,0.0,0.588524,0.318119,0.293465,0.0,0.0,0.345148,0.735271,0.0,0.0,0.065774,0.58903,0.92167,0.0,0.292995
177,0.131033,0.0,0.343718,0.676893,0.0,0.259103,0.0,0.962215,0.0,0.235547,0.525279,0.0,0.481595,0.0,0.357524,0.0,0.559212,0.314868,0.0,0.0,0.207093,0.0,0.041988,0.0,0.0,0.358649,0.0,0.120278,0.0,0.010043,0.697447,0.36995,0.606547,0.0,0.454502,0.390963,0.150401,0.0,0.0,0.413485,0.771483,0.0,0.0,0.029251,0.600292,0.817812,0.0,0.197317
178,0.115719,0.0,0.508535,0.742679,0.003742,0.396186,0.0,0.801956,0.016942,0.072866,0.669316,0.0,0.621736,0.0,0.260375,0.0,0.351478,0.370343,0.0,0.0,0.311982,0.0,0.124964,0.0,0.0,0.242373,0.0,0.288439,0.0,0.0,0.70326,0.445485,0.754454,0.0,0.512477,0.483217,0.0,0.0,0.0,0.442672,0.596736,0.0,0.0,0.112876,0.568142,0.917464,0.0,0.202614
179,0.0,0.0,0.669249,0.650303,0.225909,0.249944,0.0,0.581205,0.120924,0.090052,0.730529,0.0,0.676293,0.0,0.085284,0.0,0.380742,0.598705,0.0,0.0,0.337706,0.0,0.085974,0.0,0.0,0.397559,0.0,0.46141,0.0,0.0,0.950717,0.587212,0.788723,0.0,0.396016,0.742198,0.0,0.0,0.0,0.380133,0.379153,0.139529,0.0,0.206911,0.471368,1.003891,0.0,0.168864
180,0.0,0.0,0.441764,0.477673,0.27292,0.262607,0.094259,0.559901,0.296378,0.0,0.786237,0.0,0.634697,0.0,0.29475,0.0,0.225825,0.768996,0.0,0.0,0.349604,0.0,0.074244,0.0,0.0,0.411986,0.0,0.445511,0.0,0.0,0.978346,0.669843,0.703351,0.0,0.304896,0.825022,0.0,0.0,0.0,0.543157,0.430497,0.098726,0.0,0.160241,0.412488,0.857157,0.0,0.082119
181,0.0,0.0,0.795237,0.878811,0.333858,0.111669,0.150488,0.808075,0.124477,0.0,0.96247,0.0,0.963735,0.0,0.0,0.0,0.571433,0.823851,0.0,0.0,0.351977,0.0,0.0,0.0,0.0,0.374704,0.0626,0.591705,0.0,0.0,1.529565,0.897645,0.594678,0.0,0.48866,0.806455,0.08047,0.0,0.0,0.748328,0.308403,0.245163,0.0,0.640023,0.491582,1.133355,0.0,0.123646
182,0.0,0.0,0.720545,0.999114,0.507745,0.196306,0.219393,0.684029,0.435434,0.0,1.074389,0.0,1.085871,0.0,0.0,0.0,0.409906,1.058367,0.0,0.0,0.246066,0.0,0.0,0.0,0.003524,0.343,0.103821,0.85794,0.0,0.0,1.529771,0.872767,0.561877,0.0,0.534359,1.094851,0.0,0.0,0.0,0.728149,0.205656,0.398047,0.0,0.586411,0.405378,1.336115,0.0,0.0
183,0.0,0.0,0.615008,1.081997,0.467,0.280383,0.074384,0.892923,0.604426,0.0,1.140856,0.0,1.155552,0.0,0.0,0.0,0.425637,1.202104,0.014723,0.0,0.214158,0.0,0.0,0.0,0.0,0.150898,0.0,0.920995,0.0,0.0,1.786228,0.897297,0.574506,0.0,0.595482,1.06885,0.106498,0.0,0.0,0.652516,0.33033,0.279068,0.0,0.771601,0.585812,1.433819,0.0,0.0
184,0.0,0.0,0.695397,1.272618,0.539282,0.223976,0.207166,1.084716,0.72462,0.0,1.157745,0.0,1.257585,0.0,0.0,0.0,0.363928,1.334571,0.435817,0.0,0.304731,0.0,0.122341,0.0,0.024369,0.06582,0.218537,0.908025,0.0,0.0,2.094378,0.879971,0.538806,0.0,0.539049,1.058925,0.259813,0.0,0.0,0.642496,0.364573,0.23102,0.0,0.855514,0.931831,1.756687,0.0,0.0
185,0.0,0.0,0.283318,1.109755,0.511805,0.221862,0.095341,0.832292,1.101262,0.0,1.046673,0.0,0.934562,0.0,0.052453,0.0,0.014074,1.543326,0.717965,0.0,0.070261,0.0,0.362089,0.0,0.130768,0.132263,0.0,0.926612,0.0,0.0,1.673759,0.523951,0.402911,0.0,0.554207,1.222508,0.030252,0.0,0.0,0.407295,0.352341,0.125606,0.0,0.676746,0.902475,1.634718,0.0,0.0
186,0.0,0.0,0.106845,1.189827,0.440813,0.178869,0.201448,0.723818,1.284159,0.0,0.939415,0.0,0.742244,0.0,0.192243,0.0,0.0,1.542415,0.861958,0.0,0.0,0.0,0.481113,0.0,0.074349,0.034194,0.0,0.959894,0.0,0.0,1.494493,0.365859,0.310666,0.0,0.420351,1.27065,0.0,0.0,0.0,0.217791,0.617413,0.170548,0.0,0.449226,1.027954,1.715626,0.0,0.0
187,0.0,0.0,0.020257,1.154089,0.509623,0.335332,0.0,0.81517,1.25096,0.0,1.042851,0.0,0.634921,0.0,0.259673,0.0,0.0,1.626238,0.973205,0.0,0.037822,0.0,0.536877,0.0,0.176755,0.0,0.0,0.834946,0.0,0.0,1.404645,0.147953,0.251862,0.0,0.627355,1.149655,0.0,0.0,0.0,0.256904,0.571876,0.132639,0.0,0.499122,0.956426,1.66387,0.0,0.0
188,0.0,0.0,0.332388,1.248139,0.663145,0.195958,0.124069,0.642479,1.177469,0.0,1.033145,0.0,0.694654,0.0,0.08483,0.0,0.0,1.646525,0.825236,0.0,0.0,0.0,0.632121,0.0,0.245866,0.062235,0.074748,0.914835,0.0,0.0,1.614446,0.211738,0.288964,0.0,0.473974,1.229863,0.006941,0.0,0.0,0.351886,0.619032,0.333464,0.0,0.455758,1.101123,1.840481,0.0,0.0
189,0.0,0.0,0.053948,1.187924,0.478708,0.305141,0.155038,0.631697,1.473119,0.0,0.991088,0.0,0.498653,0.0,0.329877,0.0,0.0,1.626692,0.781247,0.0,0.058272,0.0,0.720014,0.0,0.196452,0.0,0.0,0.646809,0.0,0.0,1.412576,0.026043,0.385945,0.0,0.446565,1.139668,0.0,0.0,0.0,0.061466,0.70971,0.185489,0.0,0.259957,1.081873,1.653099,0.0,0.0
190,0.0,0.0,0.054199,0.973788,0.39274,0.274095,0.0,0.540451,1.296325,0.0,0.871734,0.0,0.450405,0.0,0.34638,0.0,0.0,1.622447,0.578569,0.0,0.0,0.0,0.535756,0.0,0.342787,0.0,0.0,0.344132,0.0,0.0,1.288806,0.018115,0.226445,0.0,0.701764,0.948793,0.036924,0.0,0.0,0.194208,0.774089,0.051626,0.0,0.390982,0.876237,1.483703,0.0,0.0
191,0.0,0.0,0.453947,1.04926,0.63108,0.024192,0.074867,0.271237,1.353123,0.0,0.961795,0.0,0.658281,0.0,0.0,0.0,0.0,1.747455,0.419766,0.0,0.0,0.0,0.618632,0.0,0.131697,0.0,0.079949,0.57825,0.0,0.0,1.616817,0.231447,0.396158,0.0,0.635589,1.004179,0.138557,0.0,0.0,0.147312,0.876634,0.362686,0.0,0.470097,0.960843,1.742191,0.0,0.0
192,0.0,0.0,0.332302,0.873243,0.621239,0.0,0.302492,0.0,1.469207,0.0,0.843046,0.002727,0.429494,0.0,0.41333,0.0,0.0,1.834812,0.148422,0.0,0.0,0.188389,0.762867,0.0,0.306682,0.060858,0.0,0.333413,0.0,0.15725,1.023747,0.0,0.393549,0.0,0.64364,0.981335,0.0,0.0,0.0,0.16846,0.641063,0.41449,0.0,0.206449,0.669303,1.59451,0.0,0.0
193,0.0,0.0,0.146849,0.496848,0.266539,0.032137,0.218366,0.0,1.378862,0.0,0.559736,0.287463,0.163798,0.0,0.815415,0.0,0.0,1.694739,0.0,0.0,0.0,0.431432,0.637733,0.0,0.211466,0.0,0.0,0.0,0.0,0.558709,0.480265,0.0,0.26911,0.0,0.814593,0.534457,0.0,0.0,0.0,0.073579,0.79332,0.138908,0.0,0.051665,0.492647,1.251182,0.262547,0.0
194,0.0,0.0,0.003223,0.313982,0.082616,0.0,0.475176,0.0,1.287778,0.0,0.348744,0.628113,0.051169,0.0,1.201921,0.0,0.0,1.692145,0.0,0.0,0.0,0.716053,0.541046,0.0,0.177394,0.002022,0.0,0.0,0.0,0.837398,0.444232,0.0,0.296419,0.0,0.795073,0.415726,0.0,0.0,0.0,0.1413,0.808799,0.160884,0.0,0.0,0.323251,0.971682,0.434362,0.0
195,0.0,0.0,0.081175,0.171895,0.083191,0.0,0.489808,0.0,1.081222,0.0,0.225943,0.80024,0.0,0.0,1.514722,0.0,0.0,1.545251,0.0,0.0,0.0,0.990129,0.538199,0.0,0.345683,0.176268,0.0,0.0,0.0,1.052305,0.138845,0.0,0.322258,0.0,1.112689,0.153019,0.0,0.0,0.0,0.395008,0.660294,0.040156,0.0,0.0,0.276813,0.822379,0.721758,0.0
196,0.0,0.0,0.017967,0.031219,0.017489,0.0,0.483935,0.0,0.813042,0.0,0.105012,0.871268,0.0,0.0,1.573493,0.0,0.0,1.346396,0.0,0.0,0.0,1.076196,0.423117,0.0,0.190524,0.213491,0.0,0.0,0.0,1.312901,0.112088,0.0,0.426718,0.0,1.084245,0.0,0.0,0.001897,0.0,0.602612,0.780923,0.071929,0.0,0.0,0.213059,0.55866,0.905137,0.0
197,0.0,0.0,0.159753,0.0,0.082413,0.0,0.373451,0.0,0.709234,0.0,0.251735,0.831247,0.0,0.0,1.397902,0.0,0.0,1.164462,0.0,0.0,0.0,1.09405,0.540717,0.0,0.103775,0.097007,0.0,0.0,0.0,1.29831,0.0,0.0,0.643294,0.0,1.132857,0.0,0.0,0.0,0.0,0.665021,0.712794,0.195266,0.0,0.0,0.162103,0.49138,0.836148,0.039658
198,0.0,0.0,0.187265,0.0,0.0,0.0,0.322108,0.0,0.529218,0.233392,0.326615,0.815689,0.055202,0.0,1.235217,0.0,0.015257,1.043687,0.0,0.0,0.0,1.000975,0.299798,0.0,0.051738,0.0,0.0,0.0,0.0,1.379315,0.0,0.0,0.511734,0.0,1.229626,0.0,0.099516,0.13315,0.0,0.493782,0.613104,0.197676,0.0,0.0,0.04247,0.33432,0.954262,0.090368
199,0.0,0.0,0.270207,0.0,0.0,0.0,0.195158,0.0,0.506721,0.28227,0.330085,0.762665,0.0,0.0,1.096922,0.0,0.0,0.781911,0.0,0.0,0.0,0.844991,0.374955,0.0,0.07955,0.0,0.0,0.0,0.0,1.282055,0.0,0.0,0.498756,0.0,1.218757,0.0,0.191061,0.0,0.0,0.400096,0.456914,0.076896,0.0,0.0,0.006486,0.354866,0.843462,0.014189
200,0.0,0.0,0.159754,0.019924,0.0,0.0,0.287,0.0,0.32937,0.452637,0.189554,0.805257,0.0,0.0,1.093828,0.0,0.154545,0.620663,0.0,0.0,0.0,0.776795,0.156245,0.0,0.0,0.141161,0.0,0.0,0.0,1.129355,0.057495,0.0,0.450445,0.0,0.886544,0.137123,0.272773,0.0,0.0,0.216357,0.679068,0.019718,0.0,0.0,0.047137,0.328151,0.906455,0.024017
201,0.116043,0.0,0.0,0.0,0.0,0.0,0.061924,0.069144,0.21357,0.335139,0.360055,0.641433,0.043421,0.0,1.069128,0.0,0.300339,0.526779,0.0,0.0,0.0,0.540187,0.1498,0.0,0.045347,0.142837,0.0,0.0,0.0,0.811574,0.104256,0.0,0.421553,0.0,0.802214,0.0,0.221611,0.0,0.0,0.383492,0.77843,0.0,0.0,0.0,0.0,0.370155,0.931033,0.244933
202,0.267942,0.0,0.164314,0.131808,0.0,0.0,0.027709,0.321564,0.063547,0.365287,0.442496,0.347148,0.138903,0.0,0.778631,0.0,0.403928,0.498714,0.0,0.0,0.0,0.524073,0.0,0.0,0.228728,0.209587,0.0,0.0,0.0,0.569618,0.251546,0.0,0.273194,0.0,0.805076,0.0,0.32772,0.0,0.0,0.425639,0.651653,0.039581,0.0,0.0,0.0,0.591609,0.620656,0.215654
203,0.140066,0.0,0.303537,0.329091,0.0,0.0,0.00578,0.259287,0.0,0.414214,0.405144,0.160867,0.360486,0.0,0.457745,0.0,0.487015,0.392642,0.0,0.0,0.0,0.364577,0.0,0.0,0.084861,0.282075,0.0,0.0,0.0,0.461119,0.586743,0.0,0.27139,0.0,0.772938,0.003899,0.45478,0.0,0.0,0.273913,0.668789,0.097001,0.0,0.0,0.0,0.793597,0.423014,0.271131
204,0.109905,0.0,0.0955,0.386052,0.0,0.002299,0.0,0.238911,0.044695,0.328628,0.297721,0.157049,0.412466,0.0,0.600182,0.0,0.401635,0.333648,0.0,0.0,0.0,0.186574,0.0,0.0,0.033621,0.348855,0.0,0.020581,0.0,0.316153,0.403025,0.0,0.230683,0.0,0.520798,0.061144,0.233651,0.0,0.0,0.291263,0.661999,0.136453,0.0,0.0,0.051431,0.766749,0.44014,0.180195
205,0.080867,0.0,0.080461,0.354628,0.021662,0.044307,0.0,0.334635,0.06205,0.33376,0.345597,0.041412,0.542408,0.0,0.393852,0.0,0.425118,0.332168,0.0,0.0,0.032065,0.04116,0.0,0.0,0.034858,0.282352,0.0,0.014543,0.0,0.147358,0.687935,0.076817,0.205372,0.0,0.535417,0.0,0.28633,0.0,0.0,0.310498,0.526605,0.096587,0.0,0.0,0.0,0.790464,0.198891,0.194702
206,0.177759,0.0,0.083882,0.315305,0.128455,0.057993,0.063226,0.372928,0.190257,0.170886,0.397349,0.0,0.503003,0.0,0.447183,0.0,0.367436,0.455037,0.0,0.0,0.156143,0.0,0.0,0.0,0.037772,0.337086,0.131764,0.0,0.0,0.0,0.58045,0.108034,0.039224,0.0,0.550546,0.0,0.05134,0.0,0.0,0.448146,0.231244,0.100491,0.0,0.0,0.0,0.744199,0.194593,0.0
207,0.04793,0.0,0.158233,0.034083,0.398011,0.0,0.204811,0.09751,0.308649,0.056051,0.37287,0.0,0.371427,0.0,0.416162,0.088378,0.363087,0.613054,0.0,0.0,0.144654,0.0,0.016663,0.116352,0.038268,0.531253,0.34103,0.031624,0.0,0.0,0.415253,0.039928,0.029323,0.0,0.40593,0.144444,0.0,0.0,0.0,0.485035,0.006335,0.140087,0.0,0.027955,0.07307,0.629251,0.300831,0.0
208,0.0,0.0,0.0,0.0,0.537496,0.0,0.607318,0.0,0.55431,0.0,0.399533,0.007586,0.153474,0.0,0.506919,0.301694,0.251822,0.521674,0.0,0.0,0.0,0.0,0.09391,0.004631,0.0,0.258564,0.185259,0.100833,0.0,0.052344,0.112846,0.299155,0.0,0.0,0.127077,0.447319,0.0,0.0,0.0,0.533978,0.0,0.0,0.0,0.0,0.0,0.302097,0.011232,0.0
209,0.0,0.0,0.0,0.0,0.721936,0.0,0.79912,0.0,0.727022,0.0,0.59664,0.034522,0.167723,0.0,0.348104,0.362199,0.311613,0.725564,0.0,0.0,0.19807,0.0,0.367751,0.053108,0.0,0.365633,0.333213,0.148374,0.0,0.0,0.122415,0.309305,0.123531,0.0,0.063239,0.556604,0.0,0.0,0.0,0.480466,0.0,0.0,0.0,0.0,0.0,0.301885,0.094925,0.0
210,0.0,0.0,0.123934,0.0,0.815005,0.0,0.997673,0.0,0.728431,0.0,0.640676,0.034601,0.0,0.0,0.395087,0.251136,0.18136,0.622534,0.0,0.0,0.04679,0.0,0.255171,0.0,0.0,0.0,0.080256,0.076536,0.0,0.085303,0.0,0.410788,0.109434,0.0,0.0,0.705883,0.0,0.0,0.0,0.521083,0.0,0.0,0.0,0.0,0.0,0.177065,0.0,0.0
211,0.0,0.0,0.172385,0.0,1.039047,0.0,1.131002,0.0,0.880496,0.0,0.970314,0.005583,0.181101,0.0,0.0,0.4187,0.301361,0.742483,0.0,0.0,0.034206,0.0,0.329566,0.0,0.0,0.148833,0.352269,0.299638,0.0,0.0,0.040031,0.6353,0.086901,0.0,0.0,0.838832,0.0,0.0,0.0,0.575177,0.0,0.0,0.0,0.0,0.0,0.357352,0.0,0.0
212,0.0,0.0,0.226075,0.0,0.996304,0.0,1.144872,0.0,1.047071,0.0,1.11991,0.0,0.188773,0.0,0.0,0.296966,0.208223,0.760626,0.0,0.0,0.034359,0.0,0.490076,0.0,0.0,0.032635,0.226904,0.250681,0.0,0.0,2.5e-05,0.754292,0.330935,0.0,0.0,0.856316,0.0,0.0,0.0,0.370713,0.0,0.0,0.0,0.0,0.0,0.295873,0.0,0.0
213,0.0,0.0,0.269481,0.0,0.843881,0.0,1.156241,0.0,1.119605,0.0,1.029124,0.0,0.034757,0.0,0.0,0.236764,0.171314,0.697346,0.0,0.0,0.0,0.0,0.403769,0.0,0.0,0.0,0.063105,0.175139,0.0,0.0,0.0,0.774963,0.194621,0.0,0.0,0.813171,0.0,0.0,0.0,0.291389,0.0,0.0,0.0,0.0,0.0,0.226884,0.0,0.0
214,0.0,0.0,0.116212,0.0,0.675345,0.0,1.283705,0.020237,1.319928,0.0,1.005138,0.101062,0.0,0.0,0.0,0.205408,0.0,0.666586,0.0,0.0,0.0,0.0,0.449311,0.0,0.0,0.0,0.0,0.060806,0.0,0.0362,0.0,0.641285,0.11456,0.0,0.0,0.673109,0.0,0.0,0.0,0.270913,0.0,0.0,0.0,0.0,0.0,0.105643,0.0,0.0
215,0.0,0.0,0.315732,0.0,0.620033,0.0,1.184736,0.0,1.235453,0.045012,0.870775,0.207313,0.037185,0.0,0.0,0.18577,0.0,0.531486,0.0,0.0,0.0,0.0,0.424716,0.0,0.0,0.0,0.0,0.173449,0.0,0.241554,0.015723,0.610865,0.138619,0.0,0.0,0.483754,0.0,0.0,0.0,0.134721,0.0,0.0,0.0,0.0,0.003257,0.151256,0.0,0.0
216,0.0,0.0,0.183373,0.0,0.623224,0.0,1.13375,0.165664,1.162736,0.095208,0.936432,0.363905,0.183883,0.0,0.178092,0.084473,0.0,0.595823,0.0,0.123728,0.0,0.0,0.540602,0.0,0.0,0.0,0.0,0.0,0.0,0.3017,0.0,0.423496,0.197162,0.0,0.048238,0.406753,0.001596,0.0,0.0,0.332193,0.0,0.009587,0.0,0.0,0.0,0.0,0.074472,0.0
217,0.0,0.0,0.069647,0.0,0.515371,0.009094,1.041088,0.365177,0.879897,0.279149,0.646911,0.283409,0.050935,0.0,0.383248,0.043203,0.0,0.492557,0.0,0.068454,0.0,0.0,0.568087,0.0,0.0,0.070152,0.0,0.0,0.0,0.332992,0.0,0.153946,0.243148,0.0,0.270378,0.082554,0.0,0.0,0.0,0.44746,0.0,0.0,0.0,0.0,0.114947,0.0,0.237952,0.0
218,0.0,0.0,0.0,0.0,0.439677,0.105256,0.909926,0.356372,0.684722,0.36064,0.513374,0.230158,0.0,0.0,0.327675,0.0,0.031477,0.416498,0.0,0.0,0.0,0.0,0.518575,0.0,0.0,0.0,0.0,0.0,0.0,0.45795,0.0,0.036882,0.359281,0.0,0.133259,0.0,0.186131,0.015747,0.0,0.404869,0.0,0.0,0.0,0.0,0.19241,0.0,0.310373,0.0
219,0.0,0.0,0.0,0.0,0.533013,0.093576,0.922552,0.170074,0.773261,0.262046,0.390451,0.169131,0.0,0.0,0.295519,0.0,0.0,0.344695,0.0,0.0,0.037817,0.049736,0.632097,0.0,0.0,0.0,0.0,0.0,0.0,0.364528,0.0,0.139333,0.379803,0.0,0.004529,0.142162,0.246794,0.0,0.0,0.187556,0.0,0.0,0.0,0.0,0.334435,0.0,0.194332,0.0
220,0.0,0.0,0.008466,0.0,0.824475,0.0,1.189884,0.0,1.038527,0.061492,0.685329,0.27184,0.0,0.0,0.323812,0.041057,0.0,0.543562,0.0,0.0,0.014037,0.0,0.672666,0.0,0.0,0.0,0.0,0.0,0.0,0.233378,0.0,0.496747,0.336314,0.0,0.0,0.405388,0.188512,0.0,0.0,0.179626,0.0,0.0,0.0,0.0,0.0,0.0,0.0,0.0
221,0.0,0.0,0.068393,0.0,0.769006,0.0,1.106146,0.0,1.17651,0.0,1.004867,0.076382,0.0,0.0,0.0,0.042066,0.0,0.6763,0.0,0.0,0.0,0.0,0.568086,0.0,0.0,0.0,0.0,0.0,0.0,0.023899,0.0,0.640563,0.350852,0.0,0.0,0.596931,0.100167,0.0,0.0,0.242326,0.0,0.0,0.0,0.0,0.0,0.0,0.0,0.0
222,0.0,0.0,0.049839,0.0,0.834612,0.0,1.279485,0.0,1.393692,0.0,1.140809,0.159713,0.0,0.0,0.0,0.061582,0.0,0.906508,0.0,0.0,0.0,0.0,0.540555,0.0,0.0,0.0,0.0,0.0,0.0,0.035449,0.0,0.716277,0.401304,0.0,0.0,0.77162,0.035427,0.0,0.0,0.147108,0.0,0.0,0.0,0.0,0.0,0.0,0.0,0.0
223,0.020283,0.0,0.334279,0.0,1.054723,0.0,1.249073,0.0,1.389619,0.0,1.31596,0.036756,0.0,0.0,0.0,0.028718,0.0,1.059209,0.0,0.0,0.0,0.0,0.500863,0.0,0.0,0.0,0.051746,0.023372,0.0,0.0,0.0,0.501315,0.418347,0.0,0.0,0.88353,0.0,0.0,0.0,0.35193,0.0,0.0,0.0,0.0,0.0,0.115284,0.0,0.0
224,0.0,0.0,0.09575,0.0,1.031429,0.0,1.566097,0.0,1.686646,0.0,1.217053,0.130805,0.0,0.0,0.0,0.0,0.0,1.26971,0.0,0.0,0.0,0.0,0.638728,0.0,0.0,0.0,0.0,0.172798,0.0,0.0,0.011726,0.475523,0.624458,0.0,0.0,1.154121,0.062265,0.0,0.0,0.0,0.0,0.0,0.0,0.0,0.0,0.230836,0.0,0.0
225,0.0,0.0,0.0,0.0,0.970351,0.0,1.526713,0.0,1.683605,0.0,1.209155,0.175304,0.0,0.0,0.016986,0.0,0.0,1.232916,0.0,0.0,0.0,0.0,0.502411,0.0,0.0,0.0,0.0,0.0698,0.0,0.0,0.0,0.533379,0.646635,0.0,0.0,1.189911,0.0,0.0,0.0,0.0,0.0,0.0,0.0,0.0,0.0,0.086939,0.0,0.0
226,0.0,0.0,0.179477,0.0,1.21343,0.0,1.374999,0.0,1.620088,0.0,1.327669,0.0,0.0,0.0,0.0,0.0,0.0,1.215833,0.0,0.0,0.0,0.0,0.454737,0.0,0.0,0.0,0.0,0.320911,0.0,0.0,0.066258,0.642283,0.701757,0.0,0.0,1.372222,0.122469,0.0,0.0,0.0,0.0,0.0,0.0,0.0,0.0,0.472395,0.0,0.0
227,0.0,0.0,0.123726,0.0,0.974355,0.0,1.161386,0.0,1.435832,0.0,1.231997,0.0,0.0,0.0,0.0,0.0,0.0,1.081583,0.0,0.0,0.0,0.0,0.235883,0.0,0.0,0.0,0.0,0.087917,0.0,0.0,0.107536,0.45998,0.7154,0.0,0.0,1.261386,0.086099,0.0,0.0,0.0,0.0,0.0,0.0,0.0,0.0,0.321893,0.0,0.0
228,0.0,0.0,0.07634,0.0,0.732843,0.0,0.889545,0.0,1.174997,0.0,0.96962,0.010802,0.0,0.039886,0.0,0.0,0.0,0.831396,0.0,0.0,0.0,0.0,0.0,0.0,0.0,0.0,0.0,0.0,0.0,0.0,0.233203,0.3871,0.724833,0.0,0.0,1.076385,0.253595,0.0,0.0,0.0,0.0,0.0,0.0,0.0,0.03621,0.103355,0.0,0.0
229,0.0,0.0,0.216115,0.199826,0.700195,0.0,0.753735,0.0,1.166674,0.0,1.199097,0.0,0.072326,0.0,0.0,0.0,0.0,0.749287,0.0,0.0,0.0,0.0,0.01694,0.0,0.0,0.0,0.0,0.253559,0.0,0.0,0.370276,0.59253,0.630182,0.0,0.0,1.213068,0.489805,0.0,0.0,0.0,0.0,0.0,0.0,0.119979,0.0,0.533061,0.0,0.0
230,0.0,0.0,0.354793,0.33677,0.74625,0.0,0.542158,0.090973,0.892367,0.0,1.19431,0.0,0.181226,0.0,0.0,0.0,0.084814,0.596826,0.0,0.0,0.0,0.0,0.170072,0.0,0.0,0.0,0.096676,0.36857,0.0,0.0,0.664859,0.70145,0.645371,0.0,0.0,1.123496,0.587475,0.0,0.0,0.0,0.0,0.0,0.0,0.145822,0.055719,0.645393,0.0,0.0
231,0.0,0.0,0.0,0.301673,0.654078,0.0,0.527817,0.473375,0.860073,0.0,1.051735,0.0,0.031434,0.0,0.0,0.0,0.0,0.454943,0.0,0.0,0.0,0.0,0.257736,0.0,0.0,0.0,0.0,0.225173,0.0,0.0,0.321854,0.784538,0.59108,0.0,0.0,0.978971,0.4232,0.0,0.0,0.0,0.0,0.0,0.0,0.0,0.02175,0.363483,0.0,0.0
232,0.0,0.0,0.0,0.346396,0.635689,0.016514,0.443145,0.658718,0.789461,0.0,1.123801,0.0,0.221342,0.0,0.0,0.0,0.054634,0.520724,0.0,0.0,0.100259,0.0,0.516109,0.0,0.0,0.0,0.0,0.329273,0.0,0.0,0.383178,0.943254,0.632478,0.0,0.0,1.009742,0.442201,0.0,0.0,0.0,0.0,0.0,0.0,0.0,0.089727,0.332456,0.016757,0.0
233,0.0,0.0,0.0,0.557131,0.706065,0.001476,0.376862,0.9212,0.797294,0.0,1.023517,0.0,0.241296,0.0,0.0,0.0,0.005589,0.421755,0.0,0.0,0.243972,0.0,0.558955,0.0,0.0,0.0,0.0,0.386526,0.0,0.0,0.377117,0.928285,0.499578,0.0,0.0,0.884502,0.429072,0.0,0.0,0.0,0.0,0.0,0.0,0.0,0.202504,0.422521,0.006972,0.0
234,0.020823,0.0,0.208444,0.826842,0.738823,0.287893,0.40836,0.870358,0.502658,0.0,1.075001,0.0,0.652699,0.0,0.0,0.0,0.282734,0.251496,0.0,0.0,0.366455,0.0,0.25497,0.0,0.0,0.0,0.0,0.655098,0.0,0.0,1.004719,1.031332,0.391268,0.0,0.0,0.982043,0.484483,0.0,0.0,0.126971,0.0,0.0,0.0,0.0,0.255823,0.802266,0.0,0.0
235,0.137634,0.0,0.047201,0.957219,0.809338,0.169963,0.475887,1.186126,0.544231,0.0,1.03364,0.0,0.781064,0.0,0.0,0.0,0.233691,0.216026,0.0,0.0,0.660568,0.0,0.295675,0.0,0.0,0.0,0.0,0.36106,0.0,0.0,1.022519,0.972774,0.578875,0.0,0.0,0.899626,0.426311,0.0,0.0,0.243253,0.0,0.0,0.0,0.0,0.492338,0.82732,0.0,0.0
236,0.285733,0.0,0.414984,1.012525,0.728719,0.266133,0.381696,1.111588,0.275258,0.023462,1.049048,0.0,1.075227,0.0,0.0,0.0,0.370557,0.117335,0.0,0.0,0.511724,0.0,0.0,0.0,0.0,0.0,0.0,0.51941,0.0,0.0,1.357293,1.181556,0.503747,0.0,0.274391,0.953265,0.430818,0.0,0.0,0.494338,0.0,0.013036,0.0,0.083336,0.434468,0.959927,0.0,0.0
237,0.564481,0.0,0.606132,1.178042,0.769702,0.347362,0.307417,1.11697,0.090709,0.129962,1.154763,0.0,1.377604,0.0,0.0,0.0,0.583319,0.0,0.0,0.000828,0.4853,0.0,0.0,0.0,0.0,0.0,0.0,0.548613,0.0,0.0,1.624261,1.253519,0.493175,0.0,0.568991,0.897888,0.466264,0.0,0.0,0.835372,0.0,0.049753,0.0,0.296076,0.403751,1.151048,0.0,0.0
238,0.56601,0.0,0.688709,1.103444,0.583628,0.348218,0.455996,1.342327,0.122923,0.167742,1.228701,0.0,1.542131,0.0,0.0,0.0,0.553728,0.092627,0.0,0.09245,0.59591,0.0,0.0,0.0,0.0,0.0,0.0,0.435171,0.0,0.0,1.734623,1.406459,0.668146,0.0,0.52965,0.859694,0.537235,0.0,0.0,0.783373,0.0,0.000412,0.0,0.284451,0.604223,1.17434,0.0,0.044912
239,0.415053,0.0,0.231928,0.889349,0.952853,0.187235,0.358994,1.152712,0.256635,0.124574,0.977369,0.0,1.265289,0.0,0.0,0.0,0.431163,0.160116,0.0,0.0,0.674568,0.0,0.073956,0.0,0.0,0.125764,0.0,0.317899,0.0,0.0,1.361014,1.126026,0.727572,0.0,0.265271,1.031044,0.444734,0.0,0.0,0.676979,0.0,0.0,0.0,0.0,0.493549,0.938802,0.0,0.0
240,0.323182,0.0,0.088581,0.926117,0.84553,0.251543,0.252225,1.233128,0.282122,0.177727,1.003498,0.0,1.308432,0.0,0.0,0.0,0.405972,0.162852,0.0,0.0,0.687575,0.0,0.087827,0.0,0.0,0.006278,0.0,0.339893,0.0,0.0,1.202757,1.162106,0.790117,0.0,0.37108,1.020186,0.554206,0.0,0.0,0.508188,0.042556,0.0,0.0,0.0,0.484191,0.910228,0.0,0.0
241,0.295436,0.0,0.216896,1.028226,0.697648,0.392507,0.206135,1.280593,0.138175,0.260477,0.972276,0.0,1.426516,0.0,0.0,0.0,0.567375,0.122388,0.0,0.0,0.621135,0.0,0.0,0.0,0.0,0.0,0.0,0.442178,0.0,0.0,1.473076,1.253617,0.775779,0.0,0.376167,1.048932,0.711124,0.0,0.0,0.450885,0.110107,0.0,0.0,0.072633,0.572375,1.002572,0.0,0.096536
242,0.433233,0.0,0.20827,1.191096,0.912095,0.437224,0.091904,1.266648,0.0,0.301711,0.963183,0.0,1.488502,0.0,0.0,0.0,0.790737,0.002304,0.0,0.0,0.618719,0.0,0.0,0.0,0.0,0.0,0.0,0.448428,0.0,0.0,1.67635,1.142596,0.70672,0.0,0.398752,0.97035,0.784945,0.0,0.0,0.605967,0.173127,0.0,0.0,0.174167,0.499099,1.079425,0.0,0.2197
243,0.647739,0.0,0.04649,1.250881,0.903549,0.413851,0.0,1.560248,0.0,0.404654,1.016113,0.0,1.577986,0.0,0.0,0.0,0.925836,0.0,0.0514,0.0,0.690727,0.0,0.0,0.0,0.020819,0.0,0.0,0.12104,0.0,0.0,1.720769,1.095624,0.746311,0.0,0.531888,0.691077,0.874656,0.0,0.0,0.803444,0.342577,0.0,0.0,0.256642,0.614084,1.146515,0.0,0.276918
244,0.506447,0.0,0.317492,1.357813,0.774116,0.384387,0.0,1.55788,0.0,0.253064,1.000961,0.0,1.482721,0.0,0.0,0.0,0.863441,0.0,0.0,0.0,0.579121,0.0,0.0,0.0,0.0,0.0,0.0,0.355156,0.0,0.0,1.969128,1.19212,0.704939,0.0,0.527769,0.882136,0.922048,0.0,0.0,0.608211,0.334536,0.0,0.0,0.197862,0.767073,1.024075,0.0,0.269437
245,0.422197,0.0,0.229757,1.309653,0.477026,0.272749,0.0,1.837591,0.0,0.26837,1.001613,0.0,1.466903,0.0,0.0,0.0,0.651808,0.0,0.0,0.0,0.760154,0.0,0.0,0.0,0.0,0.0,0.0,0.323016,0.0,0.0,1.808005,1.371093,0.835116,0.0,0.529576,0.816553,1.074455,0.0,0.0,0.358939,0.360847,0.0,0.0,0.0,1.040181,1.007802,0.0,0.135002
246,0.354862,0.0,0.401849,1.314367,0.516779,0.424312,0.103894,1.615485,0.006846,0.230636,0.974799,0.0,1.139505,0.0,0.0,0.0,0.524539,0.0,0.0,0.0,0.597548,0.0,0.0,0.0,0.0,0.0,0.0,0.513481,0.0,0.0,1.67311,1.160302,0.761173,0.0,0.473082,0.78133,0.937845,0.0,0.0,0.182767,0.087377,0.0,0.0,0.0,0.978309,0.778816,0.0,0.049115
247,0.402363,0.0,0.046291,1.041068,0.502219,0.366109,0.0,1.538807,0.11816,0.234015,0.806356,0.0,0.625083,0.0,0.0,0.0,0.502984,0.0,0.0,0.0,0.448006,0.0,0.178858,0.0,0.0,0.0,0.0,0.31721,0.0,0.0,1.028401,0.779717,0.805808,0.0,0.144579,0.457569,1.03871,0.0,0.0,0.036912,0.193477,0.0,0.0,0.0,0.911851,0.348924,0.248474,0.0
248,0.29608,0.0,0.136783,0.749881,0.482929,0.384509,0.0,1.201221,0.0,0.390737,0.775965,0.0,0.441559,0.0,0.0,0.0,0.621753,0.096497,0.0,0.0,0.203943,0.0,0.338202,0.0,0.0,0.0,0.0,0.202973,0.0,0.00786,0.781674,0.658502,0.798415,0.0,0.038721,0.461012,0.957337,0.0,0.0,0.086011,0.107985,0.0,0.0,0.0,0.732631,0.044266,0.391498,0.0
249,0.251472,0.0,0.0,0.656282,0.233963,0.543023,0.002266,0.954577,0.182255,0.57407,0.689452,0.0,0.32239,0.0,0.0,0.0,0.805131,0.146078,0.0,0.0,0.042647,0.0,0.350837,0.0,0.0,0.0,0.0,0.04977,0.0,0.327542,0.576683,0.491768,0.806378,0.0,0.105843,0.317919,1.119678,0.0,0.0,0.0,0.08695,0.0,0.090266,0.0,0.683604,0.0,0.754426,0.0
250,0.477306,0.0,0.0,0.751368,0.085949,0.550456,0.015435,1.384237,0.111251,0.652664,0.604232,0.0,0.374259,0.0,0.0,0.0,0.920139,0.0,0.0,0.0,0.229753,0.0,0.53583,0.0,0.0,0.0,0.026142,0.0,0.0,0.638876,0.475541,0.44087,1.025806,0.0,0.151794,0.0,1.343951,0.020356,0.0,0.064345,0.393204,0.0,0.107674,0.0,0.916286,0.0,0.994442,0.0
251,0.548338,0.0,0.0,0.853063,0.0,0.727887,0.134091,1.443037,0.153783,0.646223,0.703492,0.0,0.625948,0.0,0.0,0.0,1.051242,0.0,0.0,0.0,0.391484,0.0,0.542145,0.0,0.0,0.0,0.01511,0.0,0.0,0.658866,0.50407,0.598927,1.055379,0.0,0.260847,0.0,1.51185,0.004413,0.0,0.0,0.326176,0.0,0.175095,0.0,0.89261,0.0,1.199932,0.0
252,0.731366,0.0,0.0,0.912489,0.089164,0.617663,0.06455,1.536225,0.159121,0.685318,0.623387,0.0,0.129618,0.0,0.0,0.0,1.081519,0.0,0.0,0.0,0.310593,0.0,0.505552,0.0,0.0,0.0,0.175271,0.0,0.0,0.945115,0.524947,0.232645,1.208052,0.0,0.195481,0.0,1.559335,0.038419,0.0,0.374829,0.526708,0.0,0.0,0.0,0.994074,0.0,1.148805,0.0
253,0.494122,0.0,0.0,0.761683,0.191847,0.515136,0.194526,1.296171,0.260283,0.428126,0.766582,0.0,0.295805,0.0,0.0,0.0,0.726135,0.088036,0.0,0.0,0.255809,0.0,0.543446,0.0,0.0,0.0,0.158058,0.0,0.0,0.557536,0.497968,0.672596,1.064805,0.0,0.189022,0.026695,1.308763,0.026904,0.0,0.093267,0.069178,0.0,0.026486,0.0,0.829477,0.0,0.868374,0.0
254,0.268012,0.0,0.0,0.760802,0.455338,0.584528,0.099915,1.199522,0.411638,0.222255,0.611196,0.0,0.0,0.0,0.005096,0.0,0.322374,0.058001,0.0,0.0,0.38157,0.0,0.570342,0.0,0.0,0.0,0.102422,0.003353,0.0,0.461628,0.349512,0.56834,1.177643,0.0,0.0,0.205606,1.172338,0.06012,0.0,0.0,0.0,0.0,0.0,0.0,0.687976,0.0,0.603397,0.0
255,0.0,0.0,0.072916,0.867708,0.510555,0.412477,0.393617,0.9246,0.69932,0.002029,1.030826,0.0,0.157994,0.0,0.0,0.0,0.087203,0.408615,0.0,0.0,0.265911,0.0,0.508725,0.0,0.0,0.0,0.0,0.367301,0.0,0.177743,0.584532,0.891408,1.155819,0.0,0.0,0.685216,1.133021,0.0,0.0,0.0,0.0,0.0,0.0,0.0,0.488695,0.0,0.216913,0.0
256,0.0,0.0,0.310991,0.912136,0.673884,0.348393,0.584156,0.835534,0.920703,0.0,1.515527,0.0,0.247787,0.0,0.0,0.0,0.094773,0.554572,0.0,0.0,0.075625,0.0,0.298073,0.0,0.0,0.0,0.0,0.615849,0.0,0.0,1.01,1.160764,1.057808,0.0,0.0,0.994689,1.07056,0.0,0.0,0.0,0.0,0.0,0.0,0.0,0.273742,0.298004,0.14097,0.0
257,0.0,0.0,0.173974,0.984667,0.631606,0.166084,0.695982,0.990349,1.308088,0.0,1.609165,0.0,0.408431,0.0,0.0,0.0,0.0,0.702504,0.0,0.0,0.095998,0.0,0.35534,0.0,0.0,0.0,0.0,0.641881,0.0,0.0,1.005861,1.230111,1.351081,0.0,0.0,1.196409,1.270598,0.0,0.0,0.0,0.0,0.0,0.0,0.0,0.423837,0.437193,0.0,0.0
258,0.0,0.0,0.367265,1.061129,0.55413,0.0,0.66051,1.371403,1.271894,0.0,1.864155,0.0,0.664295,0.0,0.0,0.0,0.0,0.771863,0.036854,0.0,0.179133,0.0,0.215581,0.0,0.0,0.0,0.0,0.473502,0.0,0.0,1.258881,1.633325,1.632387,0.0,0.0,1.30902,1.514481,0.0,0.0,0.0,0.0,0.0,0.0,0.08034,0.546159,0.550059,0.0,0.0
259,0.0,0.0,0.368492,1.022948,0.905061,0.00181,0.761468,0.987199,1.242443,0.0,1.864038,0.0,0.527889,0.0,0.0,0.0,0.0,0.726445,0.0,0.0,0.0,0.0,0.0,0.0,0.0,0.0,0.0,0.445246,0.0,0.0,1.411971,1.418981,1.691426,0.0,0.0,1.617445,1.217106,0.0,0.0,0.0,0.0,0.0,0.0,0.095008,0.302599,0.684028,0.0,0.0
260,0.0,0.0,0.533788,1.021655,0.941569,0.0,0.875835,0.809347,1.442174,0.0,1.872996,0.0,0.778278,0.0,0.0,0.0,0.0,0.830634,0.054046,0.0,0.0,0.0,0.0,0.0,0.0,0.0,0.0,0.621246,0.0,0.0,1.552318,1.54914,1.738501,0.0,0.0,1.772121,1.317544,0.0,0.0,0.0,0.0,0.0,0.0,0.0546,0.275997,0.864736,0.0,0.012733
261,0.0,0.0,0.654845,1.071071,0.91363,0.0,0.850072,0.975402,1.428484,0.0,1.976007,0.0,0.842444,0.0,0.0,0.0,0.0,0.855612,0.076917,0.0,0.0,0.0,0.0,0.0,0.0,0.0,0.0,0.512216,0.0,0.0,1.564353,1.711057,1.714401,0.0,0.0,1.863658,1.336385,0.0,0.0,0.0,0.0,0.0,0.0,0.193512,0.209343,0.924251,0.0,0.0
262,0.0,0.0,0.903853,1.018651,1.0509,0.0,0.794684,0.825143,1.482829,0.0,2.130411,0.0,0.972861,0.0,0.0,0.0,0.004834,0.90191,0.080209,0.0,0.0,0.0,0.0,0.0,0.0,0.0,0.0,0.55508,0.0,0.0,1.641111,1.774751,1.62916,0.0,0.165748,1.884609,1.30709,0.0,0.0,0.029743,0.0,0.0,0.0,0.329807,0.125242,0.925422,0.0,0.0
263,0.0,0.0,0.772761,0.908787,0.954749,0.0,1.06717,0.801218,1.685907,0.0,2.032493,0.0,0.852661,0.0,0.0,0.0,0.0,0.987848,0.11509,0.0,0.0,0.0,0.0,0.0,0.0,0.0,0.0,0.487907,0.0,0.0,1.614891,1.717359,1.60015,0.0,0.009622,1.870209,1.254554,0.0,0.0,0.0,0.0,0.0,0.0,0.128626,0.218993,0.883224,0.0,0.0
264,0.0,0.0,0.663743,0.731761,1.043324,0.0,1.264802,0.548645,1.843245,0.0,1.959476,0.0,0.761825,0.0,0.0,0.0,0.0,1.156975,0.073014,0.0,0.0,0.0,0.0,0.0,0.0,0.0,0.0,0.552962,0.0,0.0,1.301164,1.525,1.385131,0.0,0.0,1.93996,0.844135,0.0,0.0,0.0,0.0,0.0,0.0,0.0,0.132549,1.012593,0.0,0.0
265,0.0,0.0,0.553982,0.521549,1.182971,0.0,1.296253,0.237613,1.884747,0.0,1.71096,0.0,0.600809,0.0,0.0,0.0,0.0,1.147053,0.339576,0.0,0.0,0.0,0.0,0.0,0.0,0.0,0.0,0.55674,0.0,0.0,1.053521,1.301845,1.074006,0.0,0.0,1.808408,0.635707,0.0,0.0,0.0,0.0,0.0,0.0,0.0,0.0,0.911963,0.0,0.0
266,0.0,0.0,0.264656,0.198964,0.816749,0.0,1.154691,0.274269,1.737495,0.0,1.498126,0.0,0.206901,0.0,0.0,0.0,0.0,1.085506,0.308368,0.0,0.0,0.0,0.0,0.0,0.0,0.0,0.0,0.222512,0.0,0.0,0.665473,0.929962,0.960642,0.0,0.0,1.339977,0.466515,0.0,0.0,0.0,0.0,0.0,0.0,0.020338,0.0,0.439648,0.0,0.0
267,0.0,0.0,0.527771,0.233815,0.80975,0.0,1.0293,0.274921,1.468276,0.0,1.491004,0.0,0.320472,0.0,0.0,0.0,0.0,1.075654,0.064579,0.0,0.0,0.0,0.0,0.0,0.0,0.0,0.0,0.418304,0.0,0.0,0.859731,0.928825,0.914731,0.0,0.0,1.157541,0.548884,0.0,0.0,0.0,0.0,0.0,0.0,0.104805,0.078749,0.617877,0.0,0.0
268,0.0,0.0,0.359939,0.088502,0.727303,0.0,0.999969,0.024379,1.421867,0.0,1.316883,0.0,0.218413,0.0,0.0,0.0,0.0,1.023864,0.0,0.0,0.0,0.0,0.0,0.0,0.0,0.0,0.0,0.37939,0.0,0.0,0.541945,0.583779,0.67331,0.0,0.0,0.993196,0.159627,0.0,0.0,0.0,0.0,0.0,0.0,0.053924,0.0,0.571737,0.0,0.0
269,0.0,0.0,0.42124,0.100671,0.768856,0.058412,0.9788,0.033077,1.085203,0.0,1.234194,0.0,0.160633,0.0,0.026779,0.0,0.0,1.053199,0.0,0.0,0.036792,0.0,0.0,0.0,0.0,0.246262,0.01863,0.303761,0.0,0.0,0.608644,0.365866,0.758877,0.0,0.0,0.80509,0.003498,0.0,0.0,0.341379,0.0,0.137637,0.0,0.143463,0.0,0.644116,0.0,0.0
270,0.0,0.0,0.242664,0.0209,0.509723,0.130335,0.879984,0.0,1.03584,0.0,1.058808,0.169376,0.14783,0.0,0.400989,0.0,0.0,0.969745,0.0,0.0,0.095345,0.0,0.02967,0.0,0.0,0.336557,0.0,0.305675,0.0,0.092775,0.456291,0.192648,0.868148,0.0,0.0,0.479783,0.0,0.0,0.0,0.17914,0.008341,0.017315,0.0,0.152907,0.049106,0.509526,0.0,0.0
271,0.0,0.0,0.591123,0.048699,0.515886,0.022328,0.608703,0.297639,0.62563,0.0,1.0398,0.0,0.244144,0.0,0.15486,0.0,0.300195,0.831742,0.0,0.0,0.102085,0.0,0.024904,0.0,0.0,0.424724,0.0,0.285914,0.0,0.0,0.537308,0.383407,0.806695,0.0,0.265564,0.189805,0.0,0.0,0.0,0.43762,0.041689,0.097658,0.0,0.643562,0.199189,0.623496,0.0,0.134806
272,0.0,0.0,0.450076,0.0,0.425547,0.155759,0.655277,0.312164,0.563695,0.088527,1.01569,0.0,0.255041,0.0,0.433983,0.0,0.233191,0.815702,0.0,0.0,0.115067,0.0,0.065859,0.0,0.0,0.537303,0.0,0.136618,0.0,0.154713,0.488909,0.199798,0.857738,0.0,0.221588,0.040721,0.0,0.0,0.0,0.602406,0.158916,0.116362,0.0,0.61323,0.199807,0.469707,0.0,0.267174
273,0.0,0.0,0.164145,0.0,0.320132,0.418709,0.732048,0.081404,0.692908,0.24641,0.893191,0.194752,0.138136,0.0,0.684459,0.0,0.060119,0.670896,0.0,0.0,0.216869,0.0,0.179156,0.0,0.0,0.545584,0.0,0.277214,0.0,0.436654,0.251214,0.250278,0.803938,0.0,0.125777,0.080166,0.0,0.0,0.0,0.424376,0.177456,0.090166,0.0,0.217593,0.103187,0.274346,0.0,0.181692
274,0.0,0.0,0.0,0.0,0.273803,0.446572,0.7357,0.162809,0.569724,0.296075,0.643949,0.203275,0.044946,0.0,0.752721,0.0,0.0673,0.477163,0.0,0.0,0.365971,0.0,0.312512,0.0,0.0,0.640636,0.0,0.213325,0.0,0.506686,0.164525,0.254919,0.812132,0.0,0.174628,0.0,0.0,0.062611,0.0,0.545701,0.349036,0.0,0.0,0.135148,0.275131,0.078818,0.02368,0.191051
275,0.0,0.0,0.413572,0.0,0.444666,0.199977,0.72109,0.222104,0.385319,0.383729,0.625492,0.0,0.130347,0.0,0.346601,0.012558,0.260376,0.582962,0.0,0.0,0.227438,0.0,0.234826,0.0,0.070779,0.687608,0.040252,0.279306,0.0,0.591108,0.417892,0.333476,0.786104,0.0,0.300408,0.0,0.001996,0.0,0.0,0.40085,0.0,0.165123,0.0,0.352103,0.256175,0.351202,0.038432,0.20086
276,0.0,0.0,0.0,0.0,0.353996,0.462704,0.534444,0.108702,0.477892,0.508204,0.43625,0.127409,0.0,0.0,0.673177,0.0,0.176636,0.420484,0.0,0.0,0.430227,0.03314,0.318985,0.0,0.0,0.650361,0.0,0.0,0.0,0.87144,0.0,0.132211,0.946097,0.0,0.307971,0.0,0.130996,0.264446,0.0,0.439474,0.003147,0.0,0.0,0.173818,0.276449,0.0,0.305485,0.132179
277,0.140743,0.0,0.0,0.0,0.34602,0.540339,0.58726,0.276741,0.459449,0.477851,0.296414,0.094613,0.0,0.0,0.722999,0.0,0.140186,0.302537,0.0,0.0,0.511385,0.137016,0.47581,0.0,0.0,0.568692,0.150732,0.0,0.0,1.097173,0.0,0.0,1.246448,0.0,0.28207,0.0,0.328709,0.610327,0.0,0.605479,0.380163,0.0,0.0,0.210137,0.526282,0.0,0.540921,0.221946
278,0.068238,0.0,0.0,0.0,0.421007,0.620877,0.528402,0.135896,0.534276,0.369458,0.324608,0.093352,0.0,0.0,0.706446,0.0,0.101325,0.203731,0.0,0.0,0.513888,0.172518,0.633731,0.0,0.0,0.423828,0.153007,0.0,0.0,1.2413,0.0,0.147105,1.376713,0.0,0.350895,0.0,0.512503,0.52697,0.0,0.540069,0.174447,0.0,0.0,0.162295,0.542117,0.0,0.633969,0.132537
279,0.0,0.0,0.0,0.0,0.443718,0.549981,0.746983,0.0,0.588901,0.454729,0.395806,0.259051,0.0,0.0,0.681676,0.0,0.096822,0.407194,0.0,0.0,0.482448,0.165217,0.689968,0.0,0.0,0.482253,0.309612,0.0,0.0,1.340345,0.0,0.166922,1.516365,0.0,0.338907,0.0,0.462272,0.786368,0.0,0.546488,0.013902,0.0,0.0,0.080734,0.42942,0.0,0.526745,0.00834
280,0.00038,0.0,0.0,0.0,0.475589,0.254993,0.938802,0.0,0.593476,0.42472,0.558996,0.371335,0.0,0.0,0.512118,0.0,0.120564,0.774242,0.0,0.0,0.366478,0.174341,0.594012,0.0,0.0,0.431582,0.50079,0.0,0.0,1.299788,0.0,0.337128,1.337144,0.0,0.542645,0.0,0.386966,0.937558,0.0,0.576501,0.0,0.0,0.0,0.261157,0.284925,0.0,0.438323,0.0
281,0.190596,0.0,0.0,0.0,0.641367,0.380595,0.960414,0.0,0.607825,0.36189,0.440814,0.405999,0.0,0.0,0.730991,0.0,0.0,0.661838,0.0,0.0,0.500693,0.276971,0.638409,0.0,0.0,0.319792,0.359079,0.0,0.0,1.450011,0.0,0.191056,1.557786,0.0,0.476872,0.0,0.355824,0.981799,0.0,0.759995,0.0,0.0,0.0,0.243167,0.32443,0.0,0.468115,0.0
282,0.0,0.0,0.0,0.0,0.886626,0.405436,1.104703,0.0,0.829183,0.109239,0.383211,0.592109,0.0,0.0,0.971802,0.0,0.0,0.646715,0.0,0.0,0.734035,0.270243,0.937873,0.0,0.0,0.390019,0.338272,0.0,0.0,1.442276,0.0,0.415327,1.575991,0.0,0.396531,0.0,0.348081,0.736526,0.0,0.743018,0.0,0.0,0.0,0.0,0.205747,0.0,0.343487,0.0
283,0.051524,0.0,0.0,0.0,0.868449,0.115542,1.104447,0.0,0.667077,0.184713,0.256093,0.505513,0.0,0.0,0.925039,0.0,0.0,0.7781,0.0,0.0,0.59368,0.442121,0.71744,0.0,0.0,0.396943,0.316493,0.0,0.0,1.431216,0.0,0.165831,1.437909,0.0,0.467692,0.0,0.201629,0.660178,0.0,0.819619,0.0,0.0,0.0,0.060919,0.271436,0.0,0.318395,0.0
284,0.0,0.0,0.0,0.0,0.661539,0.073272,1.007033,0.0,0.663007,0.160432,0.067519,0.429808,0.0,0.0,1.002793,0.0,0.0,0.752245,0.0,0.0,0.40183,0.548376,0.614284,0.0,0.0,0.212842,0.028021,0.0,0.0,1.434174,0.0,0.050659,1.206283,0.0,0.44411,0.0,0.112301,0.511741,0.0,0.620671,0.0,0.0,0.0,0.0,0.408182,0.0,0.274747,0.0
285,0.0,0.0,0.0,0.0,0.607786,0.0,0.944683,0.0,0.624132,0.176662,0.1872,0.350974,0.0,0.0,0.715101,0.0,0.0,1.047387,0.0,0.0,0.168796,0.56459,0.327831,0.0,0.0,0.201835,0.108227,0.0,0.0,1.236609,0.0,0.0,0.921856,0.0,0.572957,0.0,0.051213,0.623222,0.0,0.554236,0.055424,0.0,0.0,0.355014,0.323686,0.0,0.339738,0.0
286,0.0,0.0,0.018069,0.0,0.607677,0.0,0.744536,0.0,0.668021,0.045247,0.196315,0.584335,0.0,0.0,1.01529,0.0,0.0,0.97508,0.0,0.0,0.214165,0.567939,0.556811,0.0,0.0,0.393836,0.0,0.0,0.0,1.124589,0.0,0.0,0.978223,0.0,0.627291,0.0,0.0,0.490615,0.0,0.707265,0.116147,0.0,0.0,0.213646,0.32571,0.0,0.232972,0.0
287,0.0,0.0,0.097426,0.0,0.544897,0.0,0.634968,0.0,0.769893,0.005868,0.284537,0.461466,0.0,0.0,0.847068,0.0,0.0,1.033777,0.0,0.0,0.054045,0.54047,0.556721,0.0,0.0,0.327945,0.0,0.0,0.0,0.902069,0.0,0.0,0.623045,0.0,0.621702,0.0,0.0,0.2301,0.0,0.471183,0.155683,0.061622,0.0,0.114866,0.290976,0.002266,0.194889,0.0
288,0.0,0.0,0.110191,0.132317,0.468091,0.0,0.483343,0.0,0.812674,0.0,0.282604,0.21491,0.046855,0.0,0.685795,0.0,0.0,1.073198,0.0,0.0,0.0,0.471871,0.52412,0.0,0.0,0.277089,0.0,0.0,0.0,0.719612,0.173828,0.0,0.384174,0.0,0.652993,0.0,0.0,0.006362,0.0,0.238049,0.253891,0.02324,0.0,0.108658,0.413412,0.368008,0.237944,0.0
289,0.0,0.0,0.017015,0.302985,0.409046,0.0,0.414062,0.025893,0.872494,0.0,0.228106,0.066242,0.207043,0.0,0.581323,0.0,0.0,0.916007,0.0,0.0,0.0,0.318081,0.607808,0.0,0.0,0.218551,0.0,0.0,0.0,0.59983,0.311554,0.0,0.233318,0.0,0.544601,0.118223,0.0,0.008697,0.0,0.093377,0.366164,0.0737,0.0,0.0,0.459788,0.53976,0.244979,0.0
290,0.0,0.0,0.0,0.478277,0.365721,0.022236,0.241359,0.254449,0.864117,0.117695,0.090299,0.067111,0.029022,0.0,0.691896,0.0,0.0,0.595654,0.0,0.0,0.129274,0.278876,0.703654,0.0,0.0,0.278729,0.0,0.0,0.0,0.364801,0.191101,0.0,0.13815,0.0,0.472465,0.087843,0.022817,0.0,0.0,0.123602,0.358988,0.0,0.0,0.0,0.586771,0.465494,0.26571,0.0
291,0.018563,0.0,0.0,0.536432,0.359279,0.066834,0.148268,0.483806,0.793687,0.227385,0.08864,0.0,0.070866,0.0,0.61553,0.0,0.0,0.438026,0.180635,0.0,0.128912,0.215728,0.72292,0.0,0.0,0.085357,0.0,0.0,0.0,0.316155,0.202855,0.0,0.079331,0.0,0.45158,0.07417,0.103903,0.0,0.0,0.0,0.26664,0.0,0.0,0.0,0.614345,0.453099,0.378769,0.0
292,0.005173,0.0,0.0,0.406324,0.391376,0.141227,0.122605,0.337192,0.552493,0.335222,0.116665,0.08301,0.070169,0.0,0.452971,0.0,0.0,0.410006,0.142655,0.0,0.0,0.125157,0.615241,0.0,0.0,0.0,0.0,0.0,0.0,0.111214,0.164293,0.031981,0.0,0.0,0.236722,0.172708,0.089046,0.0,0.0,0.0,0.140405,0.0,0.0,0.0,0.399629,0.226796,0.317399,0.0
293,0.0,0.0,0.0,0.32686,0.320004,0.250813,0.213382,0.449332,0.436495,0.365099,0.293711,0.166276,0.219372,0.0,0.215994,0.0,0.180991,0.424112,0.201781,0.0,0.032745,0.0,0.487952,0.0,0.0,0.0,0.0,0.0,0.0,0.106427,0.269874,0.271122,0.0,0.0,0.213616,0.185847,0.141863,0.0,0.0,0.0,0.0,0.0,0.0,0.0,0.238717,0.246628,0.400644,0.0
294,0.0,0.0,0.038581,0.423257,0.451776,0.085225,0.432585,0.26635,0.633664,0.229467,0.414384,0.107696,0.303068,0.0,0.06822,0.0,0.014288,0.396659,0.0,0.0,0.0,0.0,0.476976,0.0,0.0,0.015967,0.0,0.146704,0.0,0.042057,0.359824,0.492703,0.024341,0.0,0.027744,0.447795,0.135146,0.0,0.0,0.0,0.0,0.092536,0.0,0.0,0.176124,0.272531,0.130397,0.0
295,0.0,0.0,0.012071,0.338235,0.542243,0.146732,0.508772,0.482459,0.634663,0.147769,0.444872,0.012685,0.271683,0.0,0.265228,0.0,0.05488,0.346335,0.025634,0.014865,0.225738,0.02656,0.385347,0.0,0.0,0.185421,0.0,0.0,0.0,0.0,0.401467,0.342375,0.124806,0.0,0.147388,0.201086,0.051092,0.0,0.0,0.135461,0.0,0.0,0.0,0.0,0.295621,0.412772,0.204708,0.0
296,0.0,0.0,0.0,0.369984,0.613198,0.163703,0.670384,0.429693,0.83979,0.060688,0.513678,0.152361,0.26811,0.0,0.299404,0.0,0.0,0.225155,0.0,0.0,0.173447,0.0,0.508333,0.0,0.0,0.308057,0.0,0.04829,0.0,0.100375,0.412442,0.360964,0.206525,0.0,0.083889,0.24122,0.02474,0.0,0.0,0.321679,0.0,0.111626,0.0,0.0,0.223986,0.37325,0.091174,0.0
297,0.065763,0.0,0.383196,0.413828,0.596364,0.125549,0.785933,0.472311,0.722209,0.111048,0.704018,0.103499,0.553034,0.0,0.105433,0.026684,0.133954,0.343758,0.0,0.043861,0.0,0.0,0.299917,0.0,0.0,0.329125,0.0,0.122561,0.0,0.149113,0.714227,0.622218,0.030825,0.0,0.356418,0.240859,0.075122,0.0,0.0,0.573372,0.0,0.217949,0.0,0.032905,0.056963,0.63861,0.158899,0.0
298,0.0,0.0,0.0,0.243519,0.614398,0.173468,0.711787,0.436904,0.942908,0.360024,0.516843,0.233585,0.403958,0.0,0.405903,0.0,0.080136,0.394098,0.0,0.0,0.083754,0.0,0.437207,0.0,0.0,0.437832,0.0,0.0,0.0,0.45871,0.408404,0.337066,0.175019,0.0,0.225353,0.114251,0.116094,0.0,0.0,0.562051,0.0,0.005592,0.0,0.0,0.070525,0.324262,0.237097,0.0
299,0.0,0.0,0.0,0.14633,0.638291,0.230151,0.809376,0.588817,1.07181,0.350683,0.591881,0.12351,0.421511,0.0,0.397042,0.0,0.05859,0.441292,0.0,0.035247,0.362815,0.0,0.683547,0.0,0.0,0.53612,0.0,0.0,0.0,0.288235,0.345252,0.41469,0.284387,0.0,0.30558,0.167772,0.191699,0.067467,0.0,0.429826,0.0,0.0,0.0,0.0,0.166259,0.315006,0.393777,0.0
300,0.0,0.0,0.0,0.243592,0.767756,0.051058,0.995196,0.356913,1.06916,0.198198,0.560447,0.22378,0.214363,0.0,0.401591,0.051201,0.047195,0.455949,0.0,0.0,0.302308,0.0,0.710461,0.0,0.0,0.309304,0.0,0.078528,0.0,0.279217,0.100343,0.712677,0.23289,0.0,0.0,0.332186,0.290725,0.0,0.0,0.097578,0.0,0.0,0.0,0.0,0.0,0.163427,0.230722,0.0
301,0.024398,0.0,0.0,0.236496,0.530317,0.305095,0.597995,0.60523,0.670351,0.416673,0.559878,0.050367,0.150358,0.0,0.180589,0.0,0.108817,0.329527,0.0,0.0,0.321463,0.0,0.697868,0.0,0.0,0.218488,0.0,0.0,0.0,0.235211,0.158506,0.511722,0.429668,0.0,0.108883,0.16819,0.308337,0.085357,0.0,0.109275,0.0,0.0,0.0,0.0,0.183297,0.133725,0.390818,0.0
302,0.0,0.0,0.074711,0.355562,0.421152,0.328389,0.661354,0.437247,0.684101,0.375435,0.68728,0.199024,0.319103,0.0,0.028464,0.0,0.127641,0.343036,0.0,0.0,0.160637,0.0,0.621364,0.0,0.0,0.177153,0.0,0.121368,0.0,0.228971,0.271818,0.909834,0.40159,0.0,0.0,0.381703,0.389291,0.0,0.0,0.0,0.0,0.0,0.0,0.0,0.065486,0.018461,0.267146,0.0
303,0.0,0.0,0.0,0.310417,0.458522,0.466455,0.387393,0.345253,0.461051,0.520298,0.590295,0.066348,0.047661,0.0,0.141515,0.0,0.22496,0.027212,0.0,0.0,0.0,0.0,0.443354,0.0,0.0,0.061015,0.0,0.0,0.0,0.285285,0.281179,0.354676,0.569503,0.0,0.0,0.070814,0.438414,0.0,0.0,0.115371,0.0,0.0,0.0,0.0,0.217985,0.0,0.374293,0.0
304,0.041745,0.0,0.169769,0.414055,0.062502,0.20258,0.457861,0.526023,0.343341,0.759434,0.751096,0.025421,0.415965,0.0,0.0,0.0,0.504342,0.070356,0.0,0.0,0.0,0.0,0.087705,0.0,0.0,0.001093,0.0,0.0,0.0,0.547245,0.771997,0.4961,0.465564,0.0,0.399146,0.222211,0.666815,0.0,0.0,0.10843,0.085747,0.0,0.0,0.0,0.365232,0.195717,0.501783,0.029845
305,0.433365,0.0,0.0,0.454651,0.0,0.322004,0.236763,0.947573,0.0,0.739024,0.524594,0.0,0.428105,0.0,0.121537,0.0,0.632286,0.0,0.0,0.0,0.0,0.0,0.041133,0.0,0.118023,0.105916,0.0,0.0,0.0,0.509891,0.82068,0.298933,0.469519,0.0,0.532921,0.0,0.671978,0.0,0.0,0.485974,0.542347,0.0,0.0,0.0,0.567941,0.332187,0.630557,0.203913
306,0.474274,0.0,0.0,0.418975,0.0,0.447933,0.121543,0.97997,0.0,0.767138,0.465693,0.043918,0.444355,0.0,0.469808,0.0,0.511436,0.0,0.0,0.0,0.0,0.0,0.0,0.0,0.394049,0.295874,0.0,0.0,0.0,0.499439,0.814559,0.220912,0.396191,0.0,0.755988,0.0,0.478819,0.0,0.0,0.4708,0.668641,0.0,0.0,0.0,0.429655,0.428416,0.621405,0.19044
307,0.537405,0.0,0.0,0.535919,0.0,0.26843,0.034878,1.033509,0.0,0.728211,0.459594,0.081482,0.553709,0.0,0.393287,0.0,0.733348,0.0,0.0,0.0,0.0,0.080244,0.0,0.0,0.315467,0.232979,0.0,0.0,0.0,0.617932,0.842157,0.025545,0.299872,0.0,0.823903,0.0,0.658267,0.0,0.0,0.473133,0.798265,0.0,0.0,0.0,0.492239,0.696727,0.710677,0.23745
308,0.257946,0.0,0.007078,0.424683,0.0,0.198992,0.28708,0.663271,0.235053,0.629565,0.458734,0.225096,0.310575,0.0,0.644194,0.0,0.193622,0.343247,0.0,0.0,0.0,0.241393,0.0,0.0,0.527492,0.38702,0.0,0.0,0.0,0.643371,0.842808,0.133262,0.14781,0.0,0.98579,0.101775,0.287879,0.0,0.0,0.289362,0.551906,0.022408,0.0,0.0,0.239393,0.724335,0.484793,0.0
309,0.0,0.0,0.0,0.17897,0.053726,0.0,0.339021,0.069926,0.47991,0.583409,0.327735,0.379157,0.255163,0.0,0.443246,0.0,0.115748,0.491943,0.0,0.0,0.0,0.242066,0.128341,0.0,0.060224,0.210486,0.0,0.0,0.0,0.734449,0.586582,0.081538,0.278127,0.0,0.706966,0.349249,0.471593,0.0,0.0,0.0,0.616547,0.004396,0.0,0.0,0.224017,0.541251,0.625621,0.0
310,0.087041,0.0,0.116205,0.112542,0.183176,0.0,0.360233,0.0,0.74373,0.185025,0.402139,0.446814,0.029111,0.0,0.547843,0.0,0.0,0.549014,0.0,0.0,0.0,0.312363,0.31675,0.0,0.0,0.167103,0.0,0.0,0.0,0.560942,0.162663,0.0,0.273646,0.0,0.63133,0.16592,0.064521,0.0,0.0,0.0,0.303169,0.0,0.0,0.0,0.063578,0.394589,0.534987,0.0
311,0.095638,0.0,0.214866,0.0,0.261437,0.0,0.592283,0.0,0.966701,0.165388,0.493924,0.578701,0.071055,0.0,0.507777,0.0,0.0,0.698449,0.0,0.0,0.0,0.10529,0.388881,0.0,0.0,0.056921,0.0,0.0,0.0,0.673213,0.210432,0.0,0.248249,0.0,0.737155,0.252893,0.037453,0.129874,0.0,0.01634,0.114816,0.059635,0.0,0.0,0.0,0.214701,0.41071,0.0
312,0.07198,0.0,0.27917,0.0,0.336708,0.0,0.650291,0.0,0.952995,0.096222,0.456645,0.570652,0.0,0.0,0.443542,0.0,0.0,0.689645,0.0,0.0,0.0,0.069056,0.45131,0.0,0.0,0.0,0.0,0.0,0.0,0.583346,0.072291,0.0,0.251573,0.0,0.750288,0.292708,0.020625,0.160781,0.0,0.0,0.0,0.058455,0.0,0.0,0.0,0.120128,0.317446,0.0
313,0.176653,0.0,0.073298,0.0,0.306399,0.0,0.624129,0.007466,0.732485,0.108296,0.348433,0.554017,0.0,0.0,0.543624,0.0,0.0,0.560757,0.0,0.0,0.0,0.0,0.410383,0.0,0.0,0.0,0.050496,0.0,0.0,0.4562,0.0,0.0,0.220974,0.0,0.716398,0.099272,0.069019,0.173132,0.0,0.200602,0.012063,0.0,0.0,0.0,0.018031,0.0,0.317779,0.0
314,0.186118,0.0,0.0,0.0,0.466471,0.0,0.717672,0.0,0.476342,0.210256,0.1745,0.562479,0.0,0.0,0.461932,0.0,0.0,0.40466,0.061508,0.0,0.0,0.0,0.311316,0.0,0.0,0.0,0.047184,0.0,0.0,0.229722,0.0,0.0,0.23316,0.0,0.541579,0.162702,0.105031,0.049399,0.0,0.15575,0.019467,0.0,0.0,0.0,0.055045,0.0,0.248793,0.0
315,0.157921,0.057895,0.0,0.0,0.414589,0.0,0.720864,0.0,0.620735,0.247294,0.147735,0.393508,0.0,0.0,0.69467,0.0,0.0,0.27156,0.0,0.102706,0.0,0.0,0.507847,0.0,0.0,0.0,0.0,0.0,0.0,0.283866,0.0,0.0,0.34289,0.0,0.388924,0.155856,0.256012,0.043722,0.0,0.238403,0.066783,0.0,0.0,0.0,0.0,0.0,0.320213,0.0
316,0.289395,0.183379,0.0,0.0,0.337948,0.0,0.636389,0.0,0.525506,0.274781,0.165288,0.250994,0.0,0.0,0.483372,0.0,0.058407,0.309183,0.06591,0.143744,0.0,0.0,0.44625,0.0,0.0,0.0,0.0,0.0,0.0,0.219733,0.0,0.0,0.360577,0.0,0.414218,0.161651,0.185981,0.082526,0.0,0.274205,0.027768,0.0,0.0,0.0,0.148179,0.0,0.355798,0.0
317,0.21488,0.064008,0.0,0.0,0.38521,0.0,0.735769,0.0,0.468047,0.284533,0.185768,0.355752,0.156339,0.0,0.389172,0.0,0.10653,0.328141,0.251174,0.118894,0.0,0.0,0.425495,0.0,0.0,0.0,0.0,0.0,0.0,0.156926,0.0,0.0,0.1879,0.0,0.455049,0.273396,0.025524,0.0,0.0,0.221463,0.005154,0.0,0.0,0.0,0.056638,0.0,0.437577,0.0
318,0.017578,0.050221,0.022202,0.0,0.496199,0.0,0.88723,0.0,0.756265,0.162608,0.419149,0.421399,0.083148,0.0,0.298317,0.087969,0.018108,0.378189,0.040556,0.0,0.0,0.0,0.454889,0.0,0.0,0.0,0.0,0.0,0.0,0.116208,0.0,0.073851,0.066792,0.0,0.30421,0.410075,0.0,0.0,0.0,0.21886,0.0,0.0,0.0,0.0,0.0,0.0,0.254707,0.0
319,0.0,0.0,0.209507,0.0,0.603889,0.0,0.943225,0.0,0.990954,0.006358,0.472223,0.446608,0.116907,0.0,0.464398,0.327687,0.0,0.490625,0.0,0.0,0.0,0.0,0.294622,0.0,0.0,0.096678,0.0,0.0,0.0,0.381274,0.088984,0.148487,0.0,0.0,0.262743,0.403231,0.0,0.0,0.0,0.269209,0.0,0.0,0.0,0.0,0.0,0.101619,0.25551,0.0
320,0.0,0.0,0.412257,0.0,0.503215,0.0,0.854394,0.0,0.930662,0.0,0.64877,0.33299,0.291453,0.0,0.395903,0.316471,0.094487,0.633395,0.0,0.0,0.0,0.0,0.086379,0.040252,0.0,0.421094,0.189354,0.058266,0.0,0.320882,0.435348,0.146395,0.0,0.0,0.276806,0.442307,0.0,0.0,0.0,0.491187,0.0,0.35457,0.0,0.0,0.0,0.528996,0.232196,0.0
321,0.0,0.0,0.347821,0.0,0.389174,0.0,0.589841,0.0,0.662437,0.0,0.542703,0.360022,0.414002,0.0,0.599421,0.428686,0.119747,0.705404,0.0,0.0,0.0,0.0,0.0,0.267134,0.0,0.606217,0.121959,0.083482,0.0,0.320385,0.432157,0.214147,0.0,0.0,0.444354,0.277543,0.0,0.0,0.0,0.58526,0.0,0.360067,0.0,0.0,0.0,0.596034,0.362097,0.0
322,0.089859,0.0,0.14149,0.130846,0.121197,0.0,0.400897,0.318141,0.197437,0.027273,0.435386,0.261798,0.732007,0.0,0.830195,0.261357,0.583625,0.616934,0.0,0.0,0.0,0.0,0.0,0.388977,0.173947,0.769474,0.099673,0.0,0.0,0.03466,0.745167,0.069312,0.0,0.0,0.568242,0.0,0.0,0.0,0.0,0.924054,0.342902,0.45089,0.0,0.085003,0.0,0.855208,0.527709,0.102789
323,0.320083,0.0,0.107594,0.274628,0.013297,0.011609,0.183642,0.55605,0.102867,0.232333,0.350272,0.222798,1.063904,0.0,0.899519,0.083123,0.726361,0.494607,0.0,0.0,0.0,0.0,0.0,0.437757,0.304708,0.894018,0.0,0.028928,0.0,0.085033,0.937287,0.122355,0.0,0.0,0.74933,0.0,0.039816,0.0,0.0,1.083083,0.547202,0.461635,0.0,0.028385,0.0,1.003363,0.743997,0.249233
324,0.487691,0.0,0.041605,0.353039,0.0,0.208211,0.235421,0.737952,0.0,0.463878,0.372302,0.311225,1.15088,0.0,0.98629,0.0,0.763601,0.3923,0.0,0.0,0.054464,0.0,0.0,0.274723,0.434686,0.874398,0.0,0.0,0.0,0.124137,1.318278,0.234296,0.0,0.0,0.777115,0.0,0.023487,0.0,0.0,1.095304,0.810238,0.530734,0.0,0.0,0.0,1.226048,0.685836,0.34312
325,0.596561,0.0,0.0,0.568117,0.0,0.288577,0.0,0.961584,0.0,0.645559,0.318479,0.1431,1.459477,0.0,0.864931,0.0,0.95165,0.315243,0.0,0.0,0.088905,0.0,0.0,0.152998,0.511527,0.925245,0.0,0.0,0.0,0.0,1.493936,0.251217,0.0,0.0,1.078559,0.0,0.231519,0.0,0.0,1.096957,0.789985,0.423316,0.0,0.0,0.0,1.401307,0.86937,0.359558
326,0.419581,0.0,0.04713,0.632826,0.0,0.392619,0.089544,0.852151,0.0,0.6398,0.160924,0.219427,1.365652,0.0,0.807358,0.0,0.752113,0.242607,0.0,0.0,0.135079,0.0,0.0,0.06784,0.536011,0.860312,0.0,0.110207,0.0,0.0,1.560551,0.398714,0.0,0.0,1.025164,0.0,0.096264,0.0,0.0,1.003977,0.650786,0.514018,0.0,0.0,0.097947,1.475053,0.633255,0.336251
327,0.462576,0.0,0.0,0.73867,0.042379,0.330462,0.120209,0.918233,0.094109,0.533202,0.282517,0.191754,1.288937,0.0,0.817901,0.0,0.660183,0.330631,0.0,0.0,0.150986,0.0,0.0,0.032201,0.374323,0.699129,0.0,0.0,0.0,0.0,1.295278,0.350425,0.0,0.0,0.925628,0.110024,0.0,0.0,0.0,1.009998,0.645227,0.419156,0.0,0.0,0.201557,1.349287,0.643582,0.116744
328,0.426868,0.0,0.0,0.679527,0.195194,0.309465,0.027205,0.917928,0.226354,0.570909,0.376836,0.0,1.379367,0.0,0.735244,0.0,0.747351,0.453055,0.002329,0.0,0.407827,0.0,0.0,0.0,0.401304,0.4921,0.0,0.0,0.0,0.0,1.086012,0.221539,0.0,0.0,0.876504,0.010701,0.077619,0.0,0.0,0.851836,0.547561,0.187932,0.0,0.0,0.092099,1.321234,0.612396,0.0
329,0.267548,0.0,0.0,0.535716,0.474684,0.215963,0.304409,0.617641,0.437333,0.399056,0.476187,0.0,1.248073,0.0,0.581565,0.0,0.581673,0.519727,0.0,0.059078,0.400408,0.0,0.0,0.028626,0.36178,0.624561,0.0,0.0,0.0,0.0,1.133141,0.318252,0.0,0.0,0.716097,0.219964,0.0,0.0,0.0,0.898143,0.220765,0.287727,0.0,0.014061,0.135458,1.252507,0.444398,0.0
330,0.139762,0.0,0.444757,0.435294,0.626417,0.175988,0.65204,0.346446,0.465901,0.159717,0.632065,0.066199,1.20374,0.0,0.231081,0.067614,0.51821,0.543204,0.0,0.007817,0.111341,0.0,0.0,0.002841,0.13823,0.694223,0.0,0.274747,0.0,0.0,1.394722,0.649238,0.0,0.0,0.621667,0.451851,0.0,0.0,0.0,0.967392,0.0,0.46012,0.0,0.183627,0.048247,1.22878,0.450715,0.0
331,0.0,0.0,0.300453,0.277822,0.903976,0.0,0.990841,0.024946,0.97135,0.0,0.836024,0.185418,0.940906,0.0,0.194539,0.308796,0.285247,0.579366,0.0,0.0,0.0,0.0,0.0,0.0,0.0,0.531831,0.031477,0.421789,0.0,0.0,0.823503,0.806325,0.0,0.0,0.267175,0.839597,0.0,0.0,0.0,0.841655,0.0,0.254207,0.0,0.0,0.0,0.972361,0.217321,0.0
332,0.0,0.0,0.375708,0.055036,0.632143,0.027,1.051135,0.108611,1.029014,0.0,0.934636,0.21103,0.849566,0.0,0.106409,0.230164,0.266769,0.76075,0.0,0.0,0.096744,0.0,0.0,0.0,0.0,0.452649,0.0,0.285397,0.0,0.0,0.857346,0.803761,0.0,0.0,0.222796,0.68849,0.0,0.0,0.0,0.684355,0.0,0.242489,0.0,0.18725,0.0,0.774847,0.234142,0.0
333,0.0,0.0,0.396679,0.0,0.83393,0.003014,1.203865,0.0,1.137389,0.0,1.006176,0.209685,0.851862,0.0,0.113237,0.341953,0.241007,0.848685,0.0,0.049907,0.154073,0.0,0.164033,0.0,0.0,0.561806,0.0,0.390464,0.0,0.0,0.797577,0.795721,0.010117,0.0,0.105666,0.761239,0.0,0.0,0.0,0.745385,0.0,0.262803,0.0,0.04994,0.0,0.902628,0.162223,0.0
334,0.0,0.0,0.355698,0.0,1.118777,0.0,1.183423,0.0,1.181206,0.0,0.978809,0.203377,0.884146,0.0,0.114305,0.373721,0.291391,0.86678,0.0,0.120067,0.142178,0.0,0.29932,0.0,0.0,0.728444,0.154201,0.493232,0.0,0.0,0.733771,0.784458,0.0,0.0,0.08081,0.839475,0.0,0.0,0.0,0.834615,0.0,0.29533,0.0,0.0,0.0,0.958307,0.196918,0.0
335,0.0,0.0,0.0,0.217595,0.946382,0.0,1.038662,0.142045,1.206773,0.0,0.697576,0.075405,0.430749,0.0,0.433205,0.221332,0.252631,0.674937,0.0,0.0,0.258621,0.0,0.401776,0.0,0.0,0.478416,0.0,0.172067,0.0,0.0,0.497428,0.588864,0.048746,0.0,0.138142,0.733631,0.0,0.0,0.0,0.759337,0.0,0.0,0.0,0.0,0.025333,0.721965,0.262188,0.0
336,0.061238,0.0,0.0,0.32292,0.853474,0.128034,0.763742,0.410197,1.209759,0.094747,0.551911,0.0713,0.28958,0.0,0.493868,0.0,0.167661,0.593644,0.0,0.0,0.370908,0.0,0.524749,0.0,0.0,0.500918,0.0,0.0,0.0,0.164608,0.514761,0.39375,0.214826,0.0,0.325439,0.621577,0.023806,0.0,0.0,0.698214,0.0,0.0,0.0,0.0,0.251347,0.439007,0.428893,0.0
337,0.027429,0.0,0.0,0.681252,0.696955,0.083439,0.668958,0.895076,0.977595,0.121298,0.537027,0.0,0.748861,0.0,0.308272,0.0,0.268405,0.420903,0.01114,0.007637,0.469935,0.0,0.540778,0.0,0.0,0.345637,0.0,0.092176,0.0,0.002021,0.841874,0.692602,0.122621,0.0,0.429423,0.433731,0.241583,0.0,0.0,0.374974,0.0,0.025977,0.0,0.0,0.429263,0.943736,0.50945,0.0
338,0.096944,0.0,0.0,0.91667,0.484622,0.188203,0.48842,1.218048,0.841915,0.306008,0.539723,0.059922,0.963889,0.0,0.202084,0.0,0.286394,0.386511,0.127275,0.0,0.460418,0.0,0.405222,0.0,0.0,0.305865,0.0,0.018625,0.0,0.131775,1.065836,0.82917,0.07409,0.0,0.523234,0.33721,0.498012,0.0,0.0,0.188302,0.060544,0.0,0.0,0.0,0.614087,0.866846,0.623913,0.0
339,0.275155,0.0,0.0,1.084782,0.592149,0.215713,0.467131,1.285654,0.664977,0.395963,0.622536,0.046539,0.929952,0.0,0.006131,0.0,0.447968,0.095298,0.0,0.0,0.24172,0.0,0.121096,0.0,0.0,0.099889,0.0,0.01316,0.0,0.084625,1.341063,0.827525,0.02915,0.0,0.450064,0.391177,0.641206,0.0,0.0,0.312548,0.136573,0.075406,0.0,0.0,0.57133,0.850891,0.56412,0.0
340,0.554709,0.0,0.0,1.186035,0.728926,0.177066,0.420816,1.535332,0.567679,0.466502,0.775947,0.0,1.059035,0.0,0.0,0.0,0.614469,0.0,0.0,0.0,0.120026,0.0,0.0,0.0,0.0,0.01891,0.0,0.0,0.0,0.027016,1.599384,0.861156,0.091338,0.0,0.492874,0.409876,0.775012,0.0,0.0,0.632333,0.269349,0.0,0.0,0.0,0.714883,0.86061,0.535913,0.0
341,0.513197,0.0,0.358518,1.408053,0.670386,0.298778,0.627764,1.880203,0.602119,0.468678,1.0231,0.0,1.429276,0.0,0.0,0.0,0.494781,0.0,0.0,0.0,0.376256,0.0,0.0,0.0,0.0,0.030755,0.0,0.130863,0.0,0.012282,2.075013,1.434753,0.237013,0.0,0.69825,0.534931,0.836813,0.0,0.0,0.562666,0.189642,0.0,0.0,0.0,0.823605,1.033821,0.312242,0.0
342,0.663761,0.0,0.638739,1.597651,0.696472,0.408062,0.74869,2.089621,0.508796,0.414472,1.289949,0.0,1.618712,0.0,0.0,0.0,0.548327,0.0,0.0,0.071356,0.542645,0.0,0.0,0.0,0.0,0.0,0.0,0.219418,0.0,0.0,2.354695,1.734571,0.328741,0.0,0.75568,0.511231,0.913617,0.0,0.0,0.66628,0.0,0.0,0.0,0.0,0.831542,1.097839,0.129249,0.0
343,0.38249,0.0,0.434245,1.398339,0.714557,0.307675,0.736222,2.094589,0.742612,0.310325,1.313088,0.0,1.300128,0.0,0.0,0.0,0.319658,0.156735,0.0,0.0,0.541774,0.0,0.155713,0.0,0.0,0.0,0.0,0.240603,0.0,0.046324,2.017617,1.720008,0.516367,0.0,0.487024,0.665188,1.056782,0.0,0.0,0.312777,0.0,0.0,0.0,0.0,0.993413,0.843164,0.214498,0.0
344,0.145373,0.0,0.210973,1.330288,0.867856,0.395995,0.698038,1.854182,0.997254,0.158214,1.272966,0.0,1.006196,0.0,0.0,0.0,0.067171,0.215213,0.0,0.0,0.570034,0.0,0.398645,0.0,0.0,0.0,0.0,0.494851,0.0,0.0,1.507281,1.634703,0.705923,0.0,0.264606,0.713069,0.992061,0.0,0.0,0.0,0.0,0.0,0.0,0.0,0.833856,0.620256,0.167121,0.0
345,0.0,0.0,0.113388,1.066535,0.844158,0.411825,0.581207,1.457655,1.016,0.205478,1.373926,0.0,0.664944,0.0,0.0,0.0,0.170565,0.325283,0.0,0.0,0.286796,0.0,0.36722,0.0,0.0,0.0,0.0,0.50365,0.0,0.0,1.238144,1.367916,0.85765,0.0,0.0,0.675864,1.0416,0.0,0.0,0.0,0.0,0.0,0.0,0.0,0.648638,0.342241,0.117689,0.0
346,0.0,0.0,0.355129,1.060734,0.947878,0.390638,0.667174,0.993514,0.932967,0.12092,1.376348,0.0,0.596962,0.0,0.0,0.0,0.068406,0.481376,0.0,0.0,0.078672,0.0,0.341516,0.0,0.0,0.0,0.0,0.619725,0.0,0.0,1.382868,1.221368,0.930677,0.0,0.0,0.83615,0.79538,0.0,0.0,0.0,0.0,0.0,0.0,0.0,0.602024,0.449781,0.0,0.0
347,0.0,0.0,0.405972,1.057463,0.731146,0.228434,0.708426,1.086249,0.801298,0.029798,1.340235,0.0,0.599155,0.0,0.0,0.0,0.0,0.555742,0.0,0.0,0.16736,0.0,0.261771,0.0,0.0,0.0,0.0,0.406586,0.0,0.0,1.509977,1.306432,1.037753,0.0,0.0,0.918222,0.822519,0.0,0.0,0.0,0.0,0.0,0.0,0.0,0.835299,0.511343,0.0,0.0
348,0.0,0.0,0.633507,1.273738,0.593727,0.171606,0.663293,1.221772,0.665272,0.0,1.351103,0.0,0.789631,0.0,0.0,0.0,0.125341,0.439617,0.0,0.0,0.065966,0.0,0.0,0.0,0.0,0.0,0.0,0.432489,0.0,0.104357,1.872995,1.53625,0.931816,0.0,0.224412,0.941131,0.949269,0.0,0.0,0.0,0.0,0.0,0.0,0.162889,0.921087,0.699606,0.0,0.0
349,0.173094,0.0,0.6336,1.040041,0.518473,0.043876,0.352613,1.197841,0.265059,0.139237,1.375678,0.0,0.761213,0.0,0.0,0.0,0.438243,0.475912,0.0,0.0,0.0,0.0,0.0,0.0,0.0,0.0,0.0,0.011586,0.0,0.0,1.777679,1.257404,0.914332,0.0,0.501052,0.797557,0.977722,0.0,0.0,0.356466,0.084305,0.0,0.0,0.446367,0.780256,0.674433,0.0,0.029962
350,0.0,0.0,0.48542,1.110592,0.537235,0.102583,0.357208,0.936832,0.543005,0.176419,1.096306,0.0,0.74623,0.0,0.0,0.0,0.249444,0.339433,0.0,0.0,0.0,0.0,0.0,0.0,0.0,0.0,0.0,0.318626,0.0,0.087852,1.686134,1.091439,1.039392,0.0,0.333026,0.868719,0.901302,0.0,0.0,0.0,0.358908,0.0,0.0,0.0,0.862611,0.644209,0.0,0.057311
351,0.0,0.0,0.0,0.886243,0.426189,0.116377,0.103569,1.100775,0.466888,0.326188,0.764467,0.0,0.551306,0.0,0.0,0.0,0.20845,0.184725,0.0,0.0,0.007434,0.0,0.0,0.0,0.0,0.0,0.0,0.0,0.0,0.041794,1.257935,0.853545,1.024896,0.0,0.275235,0.780129,0.821046,0.0,0.0,0.0,0.491153,0.0,0.0,0.0,0.84302,0.482642,0.000991,0.0
352,0.261014,0.0,0.0,0.893329,0.428928,0.232694,0.037533,1.112159,0.249204,0.507161,0.688175,0.0,0.611748,0.0,0.0,0.0,0.400466,0.078838,0.0,0.0,0.0,0.0,0.0,0.0,0.126862,0.0,0.0,0.0,0.0,0.0,1.301374,0.694695,0.75033,0.0,0.555506,0.510186,0.798161,0.0,0.0,0.123614,0.414334,0.0,0.0,0.0,0.569456,0.520969,0.155583,0.000568
353,0.671798,0.0,0.227126,0.979327,0.265949,0.250851,0.142949,1.035662,0.0,0.609505,0.657649,0.0,0.942808,0.0,0.0,0.0,0.555384,0.119776,0.0,0.0,0.0,0.0,0.0,0.0,0.167067,0.0,0.0,0.0,0.0,0.025598,1.568944,0.833507,0.514034,0.0,0.784198,0.417297,0.872133,0.0,0.0,0.208988,0.357775,0.0,0.0,0.0,0.555588,0.69112,0.373579,0.080145
354,0.636869,0.0,0.0,0.765045,0.184827,0.323108,0.093145,0.850451,0.0,0.83305,0.441971,0.0,0.905049,0.0,0.009814,0.0,0.73209,0.0,0.0,0.0,0.0,0.0,0.0,0.0,0.293609,0.101453,0.0,0.0,0.0,0.111042,1.263355,0.560856,0.518933,0.0,0.77683,0.187815,0.92502,0.0,0.0,0.248613,0.561875,0.0,0.0,0.0,0.3449,0.588811,0.584772,0.159493
355,0.647704,0.0,0.0,0.574231,0.063589,0.292195,0.137262,0.591615,0.0,0.93567,0.23566,0.035425,0.811565,0.0,0.284364,0.0,0.847891,0.0,0.0,0.0,0.0,0.0,0.0,0.0,0.318335,0.110424,0.0,0.0,0.0,0.245343,0.885294,0.231522,0.562828,0.0,0.575767,0.075224,1.031556,0.0,0.0,0.177334,0.778013,0.0,0.0,0.0,0.173984,0.474619,0.921009,0.181342
356,0.567613,0.0,0.0,0.376563,0.136505,0.24754,0.044875,0.426092,0.015788,0.750684,0.182354,0.0,0.620118,0.0,0.365379,0.0,0.704694,0.0,0.0,0.0,0.0,0.0,0.074216,0.0,0.30081,0.038803,0.0,0.0,0.0,0.17078,0.547699,0.0,0.597534,0.0,0.376865,0.0,0.980192,0.0,0.0,0.104411,0.813574,0.0,0.0,0.0,0.056643,0.263541,0.993542,0.181563
357,0.687721,0.0,0.0,0.431211,0.084845,0.146764,0.135529,0.346376,0.136465,0.69672,0.273886,0.038529,0.465837,0.0,0.132174,0.0,0.625683,0.07147,0.0,0.0,0.0,0.083092,0.0,0.0,0.239523,0.0,0.0,0.0,0.0,0.238409,0.473058,0.0,0.563194,0.0,0.503979,0.0,0.942075,0.0,0.0,0.087716,0.514569,0.0,0.0,0.0,0.021922,0.251992,0.775511,0.200081
358,0.576951,0.0,0.004479,0.334114,0.213431,0.0,0.073894,0.166817,0.341185,0.475033,0.363938,0.074817,0.379901,0.0,0.0,0.0,0.14061,0.210346,0.0,0.0,0.0,0.023846,0.057437,0.0,0.242629,0.0,0.0,0.0,0.0,0.204385,0.280623,0.0,0.582248,0.0,0.623998,0.17399,0.77232,0.0,0.0,0.0,0.069755,0.0,0.0,0.0,0.058938,0.235914,0.511079,0.0
359,0.339158,0.0,0.029404,0.204236,0.216089,0.0,0.224778,0.067008,0.571342,0.174806,0.435283,0.060597,0.230224,0.0,0.0,0.0,0.013819,0.365474,0.0,0.0,0.0,0.0,0.0,0.0,0.0192,0.0,0.142906,0.0,0.0,0.216829,0.348087,0.017707,0.658977,0.0,0.406708,0.4728,0.657602,0.161857,0.0,0.0,0.16446,0.0,0.0,0.0,0.025892,0.214965,0.310662,0.0
360,0.138237,0.0,0.157818,0.208081,0.490531,0.0,0.381047,0.0,0.80997,0.0,0.607125,0.017241,0.133895,0.0,0.0,0.0,0.0,0.501992,0.0,0.0,0.0,0.0,0.059711,0.0,0.0,0.0,0.196202,0.0,0.0,0.186968,0.458528,0.045571,0.727876,0.0,0.282538,0.754224,0.530502,0.200762,0.0,0.0,0.0,0.0,0.0,0.0,0.0,0.290578,0.146963,0.0
361,0.024731,0.0,0.055694,0.112063,0.552451,0.0,0.597407,0.0,0.983713,0.0,0.65205,0.122889,0.0,0.0,0.034479,0.0,0.0,0.650936,0.0,0.0,0.0,0.0,0.066246,0.0,0.0,0.0,0.063576,0.042907,0.0,0.090387,0.423434,0.0,0.778781,0.0,0.115817,0.750293,0.372128,0.224473,0.0,0.0,0.0,0.0,0.0,0.0,0.0,0.186553,0.026061,0.0
362,0.086034,0.0,0.052851,0.0,0.539775,0.0,0.637372,0.0,0.981518,0.0,0.663457,0.232568,0.0,0.0,0.279637,0.0,0.0,0.771439,0.0,0.0,0.0,0.0,0.002715,0.0,0.0,0.0,0.0,0.0,0.0,0.003692,0.256764,0.0,0.761688,0.0,0.11978,0.651973,0.133045,0.15494,0.0,0.0,0.0,0.0,0.0,0.0,0.0,0.006501,0.0,0.0
363,0.0,0.0,0.100503,0.0,0.661473,0.0,0.728422,0.0,1.101056,0.0,0.795318,0.158593,0.0,0.0,0.005119,0.0,0.0,0.842221,0.0,0.0,0.0,0.0,0.0,0.0,0.0,0.0,0.0,0.13538,0.0,0.0,0.253287,0.182158,0.670859,0.0,0.146548,0.828765,0.2073,0.008635,0.0,0.0,0.0,0.0,0.0,0.0,0.0,0.172053,0.0,0.0
364,0.041861,0.0,0.288134,0.031128,0.768069,0.0,0.641762,0.0,1.10566,0.0,0.93411,0.0,0.152418,0.0,0.0,0.0,0.0,0.831217,0.0,0.0,0.0,0.0,0.019754,0.0,0.0,0.0,0.0,0.271516,0.0,0.0,0.387681,0.239813,0.661385,0.0,0.138456,0.935646,0.320989,0.0,0.0,0.0,0.0,0.0,0.0,0.0,0.0,0.437527,0.0,0.0
365,0.001446,0.0,0.394798,0.077914,0.809518,0.0,0.618148,0.0,0.954997,0.0,0.950821,0.0,0.264256,0.0,0.0,0.0,0.0,0.797441,0.0,0.0,0.0,0.0,0.062289,0.0,0.0,0.01465,0.166624,0.209963,0.0,0.0,0.660652,0.194089,0.735186,0.0,0.014573,0.930028,0.425205,0.0,0.0,0.0,0.0,0.15703,0.0,0.018851,0.0,0.552152,0.0,0.0
366,0.20267,0.0,0.384984,0.346063,0.411902,0.0,0.461868,0.124009,0.820756,0.0,0.898013,0.0,0.281254,0.0,0.0,0.0,0.010119,0.498692,0.0,0.0,0.0,0.0,0.0,0.0,0.0,0.0,0.091815,0.236578,0.0,0.0,0.584472,0.370679,0.454196,0.0,0.265507,0.749659,0.469431,0.0,0.0,0.0,0.0,0.008365,0.0,0.119465,0.079401,0.474152,0.024373,0.0
367,0.106159,0.0,0.052396,0.289477,0.411449,0.0,0.442738,0.223656,0.574598,0.0,0.629116,0.005637,0.177508,0.0,0.0,0.0,0.072949,0.256551,0.0,0.0,0.0,0.0,0.0,0.0,0.0,0.0,0.0,0.005041,0.0,0.0,0.400436,0.190403,0.298325,0.0,0.044021,0.426298,0.323217,0.0,0.0,0.003167,0.0,0.0,0.0,0.000329,0.007085,0.301931,0.0,0.0
368,0.0,0.0,0.0,0.131161,0.54759,0.0,0.392571,0.17835,0.392778,0.086813,0.371385,0.081419,0.02201,0.0,0.217387,0.0,0.060999,0.224871,0.0,0.0,0.0,0.0,0.211554,0.0,0.0,0.0,0.0,0.0,0.0,0.0,0.145031,0.103067,0.232933,0.0,0.0,0.23134,0.074431,0.0,0.0,0.139667,0.0,0.0,0.0,0.0,0.0,0.084561,0.048347,0.0
369,0.0,0.0,0.0,0.01939,0.33979,0.112899,0.381738,0.242695,0.354407,0.18543,0.277844,0.258694,0.313454,0.0,0.395455,0.0,0.036786,0.442093,0.0,0.014528,0.0,0.0,0.475184,0.0,0.0,0.126183,0.0,0.0,0.0,0.106938,0.044821,0.219051,0.219998,0.0,0.19946,0.178976,0.085991,0.0,0.0,0.092592,0.0,0.0,0.0,0.0,0.0,0.028124,0.342179,0.0
370,0.054838,0.0,0.0,0.180296,0.29185,0.014783,0.363757,0.283569,0.517164,0.218198,0.113873,0.200309,0.24373,0.0,0.591223,0.0,0.004644,0.524465,0.0,0.0,0.039388,0.029468,0.554972,0.0,0.0,0.245022,0.0,0.0,0.0,0.407894,0.056572,0.045316,0.135165,0.0,0.461032,0.041426,0.086643,0.0,0.0,0.23372,0.099685,0.0,0.0,0.0,0.181867,0.284414,0.450088,0.0
371,0.069276,0.0,0.0,0.332543,0.368997,0.0,0.260392,0.029019,0.804119,0.244592,0.0,0.254617,0.0,0.0,0.867622,0.0,0.0,0.635916,0.0,0.0,0.0,0.281008,0.655463,0.0,0.0,0.323722,0.0,0.0,0.0,0.703861,0.089096,0.0,0.13967,0.0,0.587878,0.018371,0.018312,0.0,0.0,0.311706,0.233604,0.0,0.0,0.0,0.387796,0.203248,0.457883,0.0
372,0.105403,0.0,0.0,0.313735,0.365244,0.0,0.211525,0.185976,0.904376,0.182706,0.0,0.24358,0.031429,0.0,0.941753,0.0,0.0,0.833072,0.05103,0.0,0.167372,0.393125,0.799671,0.0,0.09818,0.422285,0.127689,0.0,0.0,0.873031,0.176588,0.0,0.359149,0.0,1.005457,0.0,0.038567,0.11266,0.0,0.550256,0.544145,0.0,0.0,0.0,0.684723,0.437329,0.609434,0.0
373,0.005393,0.0,0.0,0.532999,0.30417,0.0,0.136479,0.054354,1.044996,0.191799,0.0,0.283943,0.017322,0.0,1.124509,0.0,0.0,0.954699,0.02851,0.0,0.257806,0.639286,1.027262,0.0,0.06469,0.440041,0.06978,0.0,0.0,1.128348,0.02165,0.0,0.651317,0.0,1.156513,0.0,0.11612,0.091974,0.0,0.496081,0.662506,0.0,0.00954,0.0,0.961664,0.492755,0.722826,0.0
374,0.027202,0.0,0.0,0.584716,0.241225,0.0,0.0,0.0,1.017004,0.267885,0.0,0.462892,0.067874,0.0,1.329139,0.0,0.0,1.108546,0.0,0.0,0.131368,0.90227,1.092015,0.0,0.060608,0.355258,0.0,0.0,0.0,1.398847,0.0,0.0,0.728222,0.0,1.323872,0.0,0.229173,0.171667,0.0,0.570595,0.763345,0.0,0.104078,0.0,0.967821,0.30842,0.864161,0.0
375,0.085185,0.0,0.0,0.640924,0.178462,0.0,0.0,0.0,1.041764,0.285636,0.0,0.402308,0.029338,0.0,1.394891,0.0,0.0,1.190196,0.0,0.0,0.191733,1.130741,1.132834,0.0,0.11588,0.276771,0.0,0.0,0.0,1.683357,0.0,0.0,0.954269,0.0,1.540181,0.0,0.330616,0.124624,0.0,0.568707,0.932679,0.0,0.198403,0.0,1.210867,0.445186,0.994452,0.0
376,0.159501,0.0,0.0,0.447572,0.226552,0.0,0.0,0.0,0.884025,0.154364,0.0,0.720468,0.112257,0.0,1.524678,0.0,0.0,1.23816,0.0,0.0,0.103775,1.284729,1.051886,0.0,0.172566,0.192206,0.002197,0.0,0.0,1.857096,0.0,0.0,1.030861,0.0,1.699487,0.0,0.451704,0.277533,0.0,0.821703,1.146908,0.0,0.093891,0.0,1.02202,0.197554,1.266221,0.0
377,0.122025,0.0,0.0,0.370008,0.181816,0.0,0.0,0.0,0.721005,0.124014,0.0,0.734787,0.101128,0.0,1.398972,0.0,0.0,1.163323,0.0,0.0,0.0,1.405901,1.027507,0.0,0.202555,0.038505,0.0,0.0,0.0,1.969034,0.0,0.0,1.254104,0.0,1.700376,0.0,0.453272,0.152452,0.0,0.863359,0.964409,0.0,0.106656,0.0,1.052512,0.129603,1.213227,0.0
378,0.157115,0.0,0.0,0.477903,0.0,0.0,0.0,0.0,0.694949,0.139666,0.0,0.660153,0.0,0.0,1.538869,0.0,0.0,1.01733,0.0,0.0,0.11676,1.522277,0.944368,0.0,0.13718,0.236561,0.0,0.0,0.0,2.128822,0.0,0.0,1.388461,0.0,1.575798,0.0,0.524228,0.062895,0.0,0.840144,1.180269,0.0,0.0,0.0,1.144652,0.194263,1.431335,0.0
379,0.23046,0.0,0.0,0.274989,0.0,0.0,0.0,0.035958,0.440976,0.307392,0.0,0.674121,0.024416,0.0,1.498596,0.0,0.025844,1.03075,0.0,0.0,0.0,1.454833,0.672058,0.0,0.302351,0.183939,0.0,0.0,0.0,2.201005,0.0,0.0,1.201511,0.0,1.609257,0.0,0.649593,0.088391,0.0,0.947565,1.046921,0.0,0.127842,0.0,0.914886,0.07475,1.562911,0.000841
380,0.0,0.0,0.0,0.068356,0.0,0.0,0.0,0.0,0.198865,0.401056,0.0,0.688136,0.126396,0.0,1.167321,0.0,0.249692,0.853652,0.0,0.0,0.0,1.268048,0.466731,0.0,0.307633,0.045845,0.0,0.0,0.0,2.07719,0.0,0.0,1.203331,0.0,1.425876,0.0,0.684012,0.229639,0.0,0.982294,1.006758,0.0,0.181183,0.0,0.714387,0.0,1.391932,0.190275
381,0.007107,0.0,0.0,0.051609,0.0,0.0,0.0,0.237353,0.309236,0.42191,0.0,0.60983,0.138525,0.0,1.204344,0.0,0.158731,0.592878,0.0,0.0,0.0,1.069794,0.586735,0.0,0.326001,0.032369,0.073136,0.0,0.0,2.011681,0.0,0.0,1.174163,0.0,1.450796,0.0,0.800517,0.213736,0.0,0.988026,1.070619,0.0,0.301872,0.0,0.673324,0.0,1.367843,0.224452
382,0.178269,0.0,0.0,0.201557,0.0,0.143008,0.0,0.353533,0.550319,0.365978,0.0,0.508617,0.0,0.0,1.37887,0.0,0.056652,0.472006,0.0,0.0,0.243861,1.100074,0.797444,0.0,0.130361,0.212027,0.12727,0.0,0.0,1.946784,0.0,0.0,1.337146,0.0,1.405561,0.0,0.713319,0.163041,0.0,0.946631,1.352461,0.0,0.094885,0.0,0.983606,0.0,1.463104,0.1522
383,0.091842,0.0,0.0,0.34912,0.0,0.024297,0.0,0.217205,0.74127,0.547983,0.0,0.540014,0.0,0.0,1.449933,0.0,0.0,0.683586,0.0,0.0,0.256856,1.100164,0.870572,0.0,0.17282,0.312349,0.081917,0.0,0.0,1.840648,0.0,0.0,1.023434,0.0,1.432964,0.0,0.637818,0.124244,0.0,0.713511,1.10976,0.0,0.167638,0.0,0.93107,0.0,1.372929,0.0
384,0.119803,0.0,0.0,0.394686,0.0,0.0,0.0,0.211358,0.735422,0.483858,0.0,0.443102,0.05712,0.0,1.258249,0.0,0.069187,0.860032,0.0,0.0,0.012059,0.956134,0.803128,0.0,0.023815,0.243105,0.0,0.0,0.0,1.654401,0.0,0.0,0.898914,0.0,1.411059,0.0,0.470186,0.120484,0.0,0.57403,1.042057,0.0,0.18684,0.0,0.963829,0.138737,1.369969,0.0
385,0.0,0.0,0.0,0.338683,0.197229,0.0,0.033644,0.049859,0.80887,0.365665,0.028205,0.589758,0.287442,0.0,1.004629,0.0,0.126506,1.054856,0.0,0.0,0.0,0.761835,0.804245,0.0,0.021771,0.173699,0.0,0.0,0.0,1.411246,0.105392,0.0,0.62874,0.0,1.434141,0.0,0.275035,0.235855,0.0,0.487187,0.773035,0.0,0.167303,0.0,0.855637,0.183508,1.107486,0.0
386,0.0,0.0,0.0,0.562976,0.348637,0.0,0.0,0.0,1.097056,0.37729,0.0,0.571583,0.18667,0.0,1.041926,0.0,0.0,0.964915,0.0,0.0,0.0,0.750657,1.04395,0.0,0.057304,0.197053,0.0,0.0,0.0,1.139828,0.054948,0.0,0.367595,0.0,1.418544,0.05103,0.137961,0.037479,0.0,0.373555,0.672984,0.107538,0.12419,0.0,0.897172,0.314761,0.804603,0.0
387,0.111081,0.0,0.0,0.575032,0.195891,0.0,0.0,0.303165,1.084851,0.37906,0.0,0.408375,0.374589,0.0,1.060853,0.0,0.0,0.986808,0.024233,0.0,0.0,0.623589,0.914585,0.0,0.058113,0.166018,0.0,0.0,0.0,1.012075,0.266013,0.0,0.146007,0.0,1.574482,0.0,0.27001,0.025186,0.0,0.227219,0.933768,0.0,0.266996,0.0,1.11302,0.596919,1.010248,0.0
388,0.280164,0.0,0.0,0.628776,0.079466,0.0,0.0,0.706654,0.95304,0.362475,0.0,0.286542,0.571244,0.0,1.032988,0.0,0.059133,0.899938,0.358893,0.0,0.060036,0.48691,0.812985,0.0,0.129773,0.234747,0.0,0.0,0.0,1.146633,0.418637,0.0,0.079462,0.0,1.717305,0.0,0.361347,0.0,0.0,0.243504,1.087582,0.0,0.481194,0.0,1.286694,0.937664,1.150098,0.0
389,0.302229,0.0,0.0,0.626002,0.122296,0.0,0.0,0.63551,0.895753,0.466656,0.0,0.118743,0.620352,0.0,0.992514,0.0,0.051884,0.85869,0.578022,0.0,0.135043,0.387729,0.750099,0.0,0.271907,0.220047,0.0,0.0,0.0,1.003841,0.33497,0.0,0.062698,0.0,1.649399,0.0,0.351172,0.0,0.0,0.286248,1.008016,0.0,0.435537,0.0,1.258153,0.983939,1.008598,0.0
390,0.279849,0.0,0.0,0.58042,0.185558,0.031879,0.0,0.357789,1.001014,0.474744,0.0,0.181212,0.132246,0.0,1.013275,0.0,0.0,0.633489,0.186439,0.0,0.162778,0.401019,0.861504,0.0,0.0,0.350647,0.0,0.0,0.0,1.081434,0.173404,0.0,0.295059,0.0,1.281736,0.0,0.350494,0.0,0.0,0.181557,0.888301,0.0,0.250934,0.0,0.986198,0.550005,1.009012,0.0
391,0.1729,0.0,0.0,0.311904,0.381891,0.105926,0.109904,0.038299,0.727049,0.413791,0.0,0.242135,0.0,0.0,0.710707,0.0,0.0,0.475377,0.0,0.0,0.013742,0.268606,0.745053,0.0,0.0,0.307844,0.001893,0.0,0.0,0.819108,0.049954,0.0,0.361379,0.0,0.863619,0.019964,0.210344,0.054977,0.0,0.324531,0.524137,0.0,0.040876,0.0,0.693847,0.161249,0.616256,0.0
392,0.064624,0.0,0.0,0.0,0.492716,0.0,0.488691,0.0,0.590527,0.329348,0.102751,0.325468,0.0,0.0,0.606057,0.0,0.073913,0.572913,0.0,0.0,0.0,0.020271,0.683424,0.0,0.0,0.264857,0.054265,0.0,0.0,0.665105,0.0,0.12482,0.300077,0.0,0.540454,0.153509,0.154223,0.124862,0.0,0.411081,0.122456,0.0,0.0,0.0,0.304073,0.0,0.414367,0.0
393,0.0,0.0,0.0,0.0,0.5876,0.217552,0.798028,0.0,0.625161,0.265588,0.279153,0.475657,0.0,0.0,0.587617,0.0,0.05537,0.460967,0.0,0.0,0.245037,0.0,0.811919,0.0,0.0,0.281324,0.246369,0.0,0.0,0.539014,0.0,0.377584,0.595077,0.0,0.267037,0.131407,0.202204,0.303886,0.0,0.329224,0.0,0.0,0.0,0.0,0.095183,0.0,0.353509,0.0
394,0.0,0.0,0.0,0.0,0.734524,0.320099,0.839728,0.0,0.525201,0.184587,0.541137,0.437233,0.0,0.0,0.518849,0.0,0.191646,0.345943,0.0,0.0,0.254425,0.0,0.620397,0.0,0.0,0.088525,0.387974,0.0,0.0,0.563611,0.0,0.492269,0.688795,0.0,0.144812,0.07778,0.14123,0.34606,0.0,0.518023,0.0,0.0,0.0,0.0,0.0,0.0,0.268803,0.0
395,0.03943,0.0,0.0,0.0,0.902627,0.263662,0.863901,0.0,0.322327,0.159193,0.537519,0.262179,0.0,0.0,0.4669,0.083193,0.383098,0.218691,0.0,0.0,0.305797,0.0,0.493659,0.0,0.0,0.136987,0.575674,0.0,0.0,0.552109,0.0,0.440725,0.859452,0.0,0.077796,0.146485,0.202249,0.295416,0.0,0.682254,0.0,0.0,0.0,0.0,0.0,0.0,0.308974,0.0
396,0.032568,0.0,0.0,0.0,0.772608,0.375896,0.808293,0.0,0.279319,0.180791,0.680533,0.338743,0.0,0.0,0.520291,0.044074,0.445994,0.233725,0.0,0.0,0.206635,0.0,0.412849,0.0,0.0,0.014244,0.394625,0.0,0.0,0.519592,0.0,0.48046,0.884631,0.0,0.013158,0.142298,0.244839,0.340803,0.0,0.655425,0.0,0.0,0.0,0.0,0.0,0.0,0.36367,0.0
397,0.094574,0.0,0.0,0.0,0.443288,0.295086,0.767587,0.11641,0.093212,0.365066,0.508453,0.115838,0.0,0.0,0.444711,0.076549,0.701512,0.174612,0.0,0.0,0.169763,0.0,0.216441,0.0,0.0,0.133195,0.206676,0.0,0.0,0.526083,0.0,0.021773,0.988767,0.0,0.005713,0.0,0.319429,0.331904,0.0,0.763232,0.129922,0.0,0.0,0.340205,0.149126,0.0,0.533981,0.0
398,0.117263,0.0,0.0,0.0,0.490449,0.395974,0.786958,0.069673,0.156196,0.288896,0.797378,0.281123,0.236885,0.0,0.356913,0.02878,0.644251,0.131638,0.0,0.0,0.101751,0.0,0.147255,0.0,0.0,0.124388,0.118897,0.0,0.0,0.148926,0.0,0.365742,0.718656,0.0,0.07383,0.125575,0.204059,0.181502,0.0,0.66768,0.0,0.0,0.0,0.183412,0.0,0.0,0.423146,0.0
399,0.24253,0.0,0.134883,0.0,0.299374,0.301016,0.864463,0.215121,0.212364,0.389397,0.827783,0.268261,0.336051,0.0,0.169222,0.0,0.771634,0.029943,0.0,0.0,0.076739,0.0,0.053073,0.0,0.0,0.0,0.0,0.086854,0.0,0.055898,0.182843,0.430732,0.527996,0.0,0.102562,0.17451,0.234475,0.0,0.0,0.602897,0.0,0.0,0.0,0.16007,0.029152,0.203763,0.387548,0.0
400,0.304415,0.0,0.301108,0.0,0.406834,0.425545,0.85755,0.288126,0.340399,0.357055,0.914445,0.269005,0.47529,0.0,0.16918,0.02869,0.597184,0.054331,0.0,0.0,0.13068,0.0,0.156659,0.0,0.0,0.039336,0.069996,0.240361,0.0,0.033819,0.374939,0.581097,0.519881,0.0,0.226981,0.286471,0.13329,0.0,0.0,0.586017,0.0,0.0,0.0,0.0,0.0,0.323973,0.394476,0.0
401,0.256262,0.0,0.200318,0.0,0.566705,0.377452,0.629192,0.246392,0.197267,0.454478,0.840372,0.278843,0.409931,0.0,0.229348,0.011008,0.796613,0.164607,0.0,0.0,0.193452,0.0,0.126408,0.0,0.0,0.383504,0.115933,0.066121,0.0,0.0,0.369308,0.566112,0.526124,0.0,0.081314,0.324433,0.092607,0.0,0.0,0.648001,0.0,0.106614,0.0,0.013751,0.0,0.238143,0.434076,0.0
402,0.070501,0.0,0.0,0.0,0.374466,0.491696,0.53922,0.289665,0.32611,0.519771,0.84849,0.319557,0.583282,0.0,0.378858,0.0,0.635066,0.049054,0.0,0.0,0.218123,0.0,0.268135,0.0,0.0,0.375942,0.0,0.079709,0.0,0.021588,0.174384,0.771193,0.684538,0.0,0.156531,0.330298,0.255928,0.10142,0.0,0.47072,0.0,0.0,0.0,0.0,0.0,0.060099,0.54568,0.0
403,0.188923,0.0,0.0,0.0,0.295684,0.50287,0.455304,0.392316,0.188438,0.688836,0.530075,0.062622,0.238247,0.0,0.578837,0.0,0.71253,0.0,0.0,0.0,0.126597,0.0,0.07338,0.0,0.0,0.25068,0.0,0.0,0.0,0.279232,0.24553,0.508007,0.741219,0.0,0.162202,0.071415,0.307719,0.010908,0.0,0.653749,0.361387,0.0,0.0,0.0,0.081518,0.0,0.623253,0.10959
404,0.396584,0.0,0.0,0.053745,0.261825,0.474888,0.225308,0.596974,0.090983,0.77218,0.233354,0.002672,0.211468,0.0,0.771808,0.0,0.651451,0.0,0.0,0.0,0.144472,0.0,0.158332,0.0,0.116662,0.368269,0.0,0.0,0.0,0.569442,0.282249,0.357711,0.798129,0.0,0.327826,0.0,0.348817,0.0,0.0,0.766322,0.58459,0.0,0.0,0.0,0.265639,0.038485,0.795998,0.247447
405,0.777179,0.0,0.0,0.177227,0.061574,0.441108,0.11484,1.005039,0.0,0.803577,0.084702,0.0,0.439518,0.0,0.712138,0.0,0.951647,0.0,0.0,0.0,0.212231,0.0,0.0,0.0,0.30528,0.523038,0.0,0.0,0.0,0.461826,0.661386,0.259031,0.632847,0.0,0.701865,0.0,0.279173,0.0,0.0,1.006154,0.874053,0.007574,0.0,0.0,0.290421,0.437468,1.038603,0.599241
406,0.426034,0.0,0.0,0.117817,0.0,0.460655,0.050606,1.043197,0.0,0.973153,0.156966,0.099119,0.559358,0.0,0.863469,0.0,0.894076,0.0,0.0,0.0,0.123394,0.0,0.0,0.0,0.295663,0.536528,0.0,0.0,0.0,0.879976,0.537007,0.270686,0.498268,0.0,0.755058,0.0,0.381693,0.0,0.0,0.703756,1.078553,0.0,0.0,0.0,0.27759,0.473814,1.186762,0.511901
407,0.151226,0.0,0.0,0.160978,0.0,0.401359,0.0,0.855353,0.0,0.976574,0.180367,0.245389,0.472036,0.0,0.759378,0.0,0.898857,0.0,0.0,0.0,0.0,0.0,0.0,0.0,0.397958,0.693739,0.0,0.0,0.0,0.978859,0.577734,0.207808,0.269297,0.0,0.916179,0.0,0.168983,0.0,0.0,0.751951,0.806385,0.276617,0.0,0.0,0.208753,0.562896,1.169142,0.49583
408,0.254218,0.0,0.0,0.098992,0.0,0.349914,0.0,0.969928,0.121669,0.887802,0.099222,0.278985,0.461031,0.0,1.000447,0.0,0.871296,0.110963,0.0,0.0,0.0,0.103499,0.0,0.0,0.537371,0.825887,0.0,0.0,0.0,1.085567,0.609188,0.017776,0.160526,0.0,1.084046,0.0,0.08887,0.0,0.0,0.798732,0.904095,0.289014,0.0,0.0,0.146897,0.651516,1.311768,0.424847
409,0.141195,0.0,0.0,0.165107,0.0,0.337573,0.0,0.836022,0.189667,0.850078,0.071596,0.295755,0.46006,0.0,1.060466,0.0,0.830606,0.133561,0.0,0.0,0.0,0.193179,0.0,0.0,0.490812,0.957821,0.0,0.0,0.0,1.194847,0.590279,0.0,0.228111,0.0,1.185546,0.026394,0.036163,0.0,0.0,0.792898,0.940973,0.379602,0.0,0.0,0.166342,0.800603,1.50823,0.39123
410,0.23761,0.0,0.0,0.309059,0.0,0.334342,0.0,1.216039,0.094451,0.95483,0.022673,0.267737,0.720404,0.0,1.162609,0.016355,1.034829,0.160727,0.0,0.0,0.0,0.189852,0.0,0.0,0.756019,1.045525,0.0,0.0,0.0,1.332135,0.959649,0.0,0.026328,0.0,1.55961,0.0,0.124985,0.0,0.0,0.953951,1.042771,0.42868,0.0,0.0,0.176379,1.186754,1.594469,0.504568
411,0.278947,0.0,0.0,0.343061,0.0,0.390126,0.0,1.494351,0.146827,1.101132,0.0,0.246275,0.877641,0.0,1.335482,0.02588,1.262396,0.159932,0.0,0.0,0.0,0.092837,0.0,0.0,1.064387,1.264008,0.0,0.0,0.0,1.362517,1.240416,0.0,0.0,0.0,1.762912,0.0,0.193086,0.0,0.0,1.093976,1.22026,0.48998,0.0,0.0,0.284018,1.374942,1.683666,0.593302
412,0.645176,0.0,0.0,0.303765,0.0,0.53631,0.0,1.821317,0.093179,1.184166,0.0,0.336209,1.02202,0.0,1.463119,0.0,1.328339,0.0,0.0,0.0,0.0,0.03799,0.0,0.0,1.04577,1.270195,0.0,0.0,0.0,1.391387,1.475399,0.018932,0.0,0.0,1.824315,0.0,0.328168,0.0,0.0,1.301913,1.594109,0.429239,0.0,0.0,0.487634,1.291045,1.894091,0.714491
413,0.804084,0.0,0.0,0.484605,0.0,0.614833,0.0,2.046246,0.0,1.383242,0.063414,0.17884,1.257292,0.0,1.327605,0.0,1.582879,0.0,0.0,0.0,0.0,0.0,0.0,0.0,1.079288,1.205106,0.0,0.0,0.0,1.290268,1.670943,0.094069,0.022779,0.0,1.962177,0.0,0.534818,0.0,0.0,1.37522,1.670296,0.364062,0.0,0.0,0.460481,1.483307,1.959759,0.904208
414,1.047987,0.0,0.0,0.514921,0.0,0.718804,0.0,2.069159,0.0,1.402263,0.197036,0.247647,1.392897,0.0,1.311778,0.0,1.529879,0.0,0.0,0.0,0.0,0.0,0.0,0.0,1.039083,1.17991,0.0,0.0,0.0,1.203103,1.850143,0.366745,0.0,0.0,2.042284,0.0,0.575603,0.0,0.0,1.490332,1.623749,0.370343,0.0,0.0,0.37272,1.458505,1.933279,0.968028
415,0.773288,0.0,0.0,0.512027,0.0,0.703205,0.0,1.747563,0.0,1.383282,0.269156,0.153396,1.186454,0.0,1.00741,0.0,1.431671,0.0,0.0,0.0,0.0,0.0,0.0,0.0,0.950798,0.925579,0.0,0.0,0.0,0.946921,1.515542,0.315907,0.169876,0.0,1.808791,0.0,0.450236,0.0,0.0,1.359897,1.451049,0.507812,0.0,0.0,0.258877,1.376811,1.682462,0.928879
416,0.612177,0.0,0.0,0.353006,0.0,0.550987,0.08405,1.613945,0.0,1.344948,0.229621,0.336485,1.020482,0.0,1.178288,0.0,1.230747,0.0,0.0,0.0,0.0,0.0,0.0,0.0,0.855571,1.050209,0.0,0.0,0.0,1.150352,1.580473,0.405384,0.044937,0.0,1.503549,0.0,0.424825,0.0,0.0,1.236086,1.332338,0.465033,0.0,0.0,0.374327,1.169423,1.619529,0.718012
417,0.341027,0.0,0.0,0.151755,0.0,0.462821,0.243845,1.165433,0.0,1.173455,0.305793,0.473823,0.744812,0.0,1.169365,0.0,1.050349,0.0,0.0,0.0,0.0,0.0,0.0,0.0,0.93397,1.10194,0.0,0.0,0.0,1.052665,1.382463,0.342688,0.0,0.0,1.392001,0.037615,0.102095,0.0,0.0,1.145659,0.858135,0.609194,0.0,0.0,0.0298,0.989497,1.348657,0.54808
418,0.21315,0.0,0.0,0.030649,0.0,0.323448,0.190795,0.950256,0.086581,0.972363,0.417855,0.539196,0.571167,0.0,0.915161,0.082371,0.947079,0.043715,0.0,0.0,0.0,0.038458,0.0,0.0,0.596741,0.799806,0.0,0.0,0.0,1.074155,0.917842,0.164076,0.0,0.0,1.226958,0.0,0.088349,0.0,0.0,1.005418,0.482067,0.573633,0.0,0.0,0.0,0.746637,1.382037,0.49994
419,0.0,0.0,0.0,0.0,0.0,0.376573,0.427412,0.656274,0.276783,1.028022,0.389681,0.672895,0.454523,0.0,1.094244,0.04513,0.706069,0.153379,0.0,0.0,0.0,0.055409,0.0,0.0,0.539012,0.666786,0.0,0.0,0.0,1.213037,0.751765,0.210508,0.0,0.0,1.149286,0.0,0.104775,0.0,0.0,0.768877,0.411415,0.453647,0.0,0.0,0.0,0.609127,1.336157,0.319554
420,0.0,0.0,0.0,0.0,0.0,0.165635,0.455448,0.506395,0.392081,1.058942,0.308044,0.687472,0.409827,0.0,1.142527,0.0,0.687595,0.164192,0.0,0.0,0.0,0.075271,0.0,0.0,0.353493,0.54937,0.0,0.0,0.0,1.40168,0.425754,0.062358,0.010285,0.0,1.041003,0.0,0.208637,0.0,0.0,0.630818,0.4904,0.256087,0.0,0.0,0.0,0.360813,1.452799,0.211909
421,0.0,0.0,0.0,0.0,0.0,0.142048,0.38627,0.472267,0.586624,0.941603,0.246028,0.750947,0.152172,0.0,1.282748,0.0,0.526348,0.128303,0.0,0.0,0.0,0.136602,0.18525,0.0,0.372786,0.584312,0.0,0.0,0.0,1.421362,0.333771,0.0,0.164216,0.0,1.08147,0.0,0.204531,0.075824,0.0,0.759457,0.404794,0.138328,0.0,0.0,0.0,0.017064,1.382579,0.179619
422,0.036809,0.0,0.0,0.0,0.0,0.209333,0.314115,0.538584,0.412806,0.971463,0.065197,0.501583,0.248779,0.0,1.255573,0.0,0.688778,0.201826,0.0,0.0,0.0,0.238064,0.200598,0.0,0.314672,0.447568,0.0,0.0,0.0,1.474539,0.139471,0.0,0.308937,0.0,1.079822,0.0,0.368429,0.00663,0.0,0.673492,0.674844,0.0,0.0,0.0,0.213146,0.224935,1.539871,0.233198
423,0.288202,0.0,0.0,0.0,0.0,0.172324,0.231682,0.702389,0.221521,0.797511,0.083051,0.38428,0.282792,0.0,1.090237,0.0,0.694076,0.202032,0.0,0.0,0.0,0.263927,0.270498,0.0,0.19596,0.293147,0.0,0.0,0.0,1.414329,0.120227,0.0,0.428615,0.0,1.069542,0.0,0.457015,0.0,0.0,0.775749,0.796939,0.0,0.0,0.0,0.352355,0.260948,1.512661,0.354182
424,0.0,0.0,0.0,0.0,0.0,0.072264,0.275257,0.289922,0.329573,0.768022,0.177589,0.392808,0.197537,0.0,0.787948,0.0,0.505658,0.317419,0.0,0.0,0.0,0.245661,0.169355,0.0,0.176185,0.189413,0.0,0.0,0.0,1.127068,0.049733,0.0,0.249427,0.0,0.863698,0.0,0.33579,0.0,0.0,0.319472,0.306525,0.0,0.0,0.0,0.142965,0.131761,1.055945,0.045655
425,0.0,0.0,0.0,0.149116,0.162391,0.28181,0.201998,0.122273,0.473692,0.408074,0.177521,0.288901,0.003022,0.0,0.805806,0.0,0.113981,0.037966,0.0,0.0,0.0,0.23142,0.433705,0.0,0.0,0.270687,0.0,0.0,0.0,0.77752,0.099229,0.0,0.494584,0.0,0.333389,0.0,0.295314,0.0,0.0,0.221456,0.433704,0.0,0.0,0.0,0.249887,0.042173,0.839921,0.0
426,0.0,0.0,0.075388,0.28675,0.289478,0.094166,0.359492,0.054825,0.485102,0.405234,0.385835,0.247039,0.157372,0.0,0.375919,0.0,0.013601,0.375428,0.0,0.0,0.0,0.139101,0.08684,0.0,0.0,0.240489,0.0,0.0,0.0,0.569692,0.34741,0.281669,0.164848,0.0,0.259871,0.203101,0.071559,0.0,0.0,0.073779,0.189276,0.104507,0.0,0.0,0.077256,0.40947,0.379145,0.0
427,0.0,0.0,0.162577,0.385396,0.376618,0.10095,0.608411,0.407652,0.61263,0.15514,0.539342,0.155705,0.384081,0.0,0.392514,0.0,0.029237,0.668814,0.0,0.0,0.071243,0.0,0.0,0.0,0.120761,0.434209,0.0,0.0,0.0,0.334407,0.817591,0.497513,0.124361,0.0,0.288377,0.575862,0.0,0.0,0.0,0.418731,0.074427,0.163036,0.0,0.0,0.202884,0.590016,0.142705,0.0
428,0.0,0.0,0.439821,0.721594,0.551204,0.181964,0.581111,0.656148,0.698642,0.009765,0.828442,0.0,0.852907,0.0,0.0,0.023815,0.189934,0.648732,0.0,0.0,0.16959,0.0,0.0,0.0,0.015153,0.299897,0.0,0.308121,0.0,0.0,1.325287,0.942407,0.113083,0.0,0.529438,0.728866,0.0,0.0,0.0,0.693807,0.0,0.330756,0.0,0.323378,0.162751,0.919444,0.0,0.0
429,0.080721,0.0,0.769829,1.080899,0.809856,0.194174,0.903564,0.936715,0.698056,0.0,1.072733,0.0,1.439811,0.0,0.0,0.032104,0.369139,0.608056,0.0,0.203768,0.351092,0.0,0.0,0.0,0.089694,0.422652,0.0,0.545443,0.0,0.0,2.147366,1.302183,0.229947,0.0,0.60866,0.88696,0.0,0.0,0.0,1.084276,0.0,0.536969,0.0,0.403875,0.276865,1.464497,0.0,0.0
430,0.122161,0.0,0.954862,1.23452,0.879503,0.190136,1.175614,1.324244,0.789458,0.015081,1.267369,0.0,1.834826,0.0,0.0,0.0,0.390602,0.581364,0.0,0.320064,0.530381,0.0,0.0,0.0,0.050205,0.619048,0.0,0.655612,0.0,0.0,2.624641,1.618724,0.312984,0.0,0.751595,0.984739,0.126385,0.0,0.0,1.253139,0.0,0.558065,0.0,0.268489,0.442666,1.767457,0.0,0.0
431,0.082145,0.0,0.823881,1.222217,0.827841,0.160653,1.237715,1.572395,0.953184,0.159193,1.338642,0.0,1.911014,0.0,0.0,0.0,0.280243,0.617289,0.0,0.23321,0.614046,0.0,0.0,0.0,0.0,0.836152,0.0,0.621385,0.0,0.0,2.598825,1.742276,0.361115,0.0,0.849638,1.15598,0.200009,0.0,0.0,1.159416,0.083828,0.552483,0.0,0.0,0.532195,1.673317,0.11871,0.0
432,0.382085,0.0,0.501833,1.165842,0.675194,0.287989,0.965439,1.6721,0.854678,0.390948,1.314413,0.01253,1.817315,0.0,0.0,0.0,0.39564,0.535303,0.0,0.088913,0.712114,0.0,0.0,0.0,0.0,0.735492,0.0,0.297363,0.0,0.0,2.318087,1.613298,0.280725,0.0,1.109284,1.034878,0.148286,0.0,0.0,1.180084,0.087973,0.459503,0.0,0.028437,0.485991,1.451611,0.233356,0.0
433,0.388079,0.0,0.617785,1.11833,0.666403,0.276489,0.809882,1.573408,0.788364,0.471055,1.08869,0.0,1.599183,0.0,0.023238,0.0,0.441044,0.443644,0.0,0.051056,0.501041,0.0,0.0,0.0,0.060818,0.822996,0.0,0.389743,0.0,0.017163,2.212836,1.440605,0.111902,0.0,1.143335,0.968931,0.043832,0.0,0.0,1.266493,0.147696,0.575658,0.0,0.0,0.495468,1.436003,0.20398,0.0
434,0.068915,0.0,0.321201,1.016906,0.435142,0.236696,0.705569,1.458988,0.858347,0.557984,0.735963,0.078187,1.355578,0.0,0.26302,0.0,0.316184,0.308139,0.0,0.0,0.513489,0.0,0.0,0.0,0.097656,0.923311,0.0,0.442312,0.0,0.273075,1.835515,1.214593,0.209504,0.0,0.932357,0.882117,0.096295,0.0,0.0,0.8911,0.431668,0.620164,0.0,0.0,0.663641,1.366487,0.206657,0.0
435,0.365884,0.0,0.231429,0.943524,0.303284,0.330859,0.406853,1.627909,0.519934,0.640773,0.515431,0.0,1.252916,0.0,0.585049,0.0,0.6219,0.097214,0.0,0.0,0.641374,0.0,0.0,0.0,0.463492,1.025239,0.0,0.152403,0.0,0.368975,1.685249,0.780413,0.236207,0.0,1.128644,0.483114,0.098441,0.0,0.0,1.093949,0.672066,0.388984,0.0,0.0,0.817982,1.40507,0.410722,0.0
436,0.546411,0.0,0.004832,0.785168,0.0,0.286486,0.029004,1.711843,0.235698,0.626838,0.313947,0.0,0.951073,0.0,0.619237,0.0,0.881804,0.0,0.0,0.0,0.465355,0.0,0.0,0.0,0.271267,0.831859,0.0,0.0,0.0,0.631851,1.219133,0.353127,0.375778,0.0,1.15021,0.080858,0.191549,0.0,0.0,1.112551,1.09329,0.168971,0.0,0.0,0.912767,1.213014,0.742786,0.337662
437,0.522555,0.0,0.0,0.497754,0.0,0.370566,0.0,1.575847,0.016936,0.681551,0.281135,0.0,0.742865,0.0,0.776755,0.0,0.872203,0.0,0.0,0.0,0.417495,0.0,0.0,0.0,0.299624,0.748888,0.0,0.0,0.0,0.76431,0.916904,0.322304,0.56054,0.0,1.147085,0.0,0.270162,0.0,0.0,1.093403,1.29483,0.00242,0.0,0.0,0.681357,0.929193,0.794424,0.502654
438,0.337189,0.0,0.0,0.15319,0.0,0.335287,0.0,1.062472,0.09775,0.599015,0.087004,0.198528,0.318392,0.0,0.99838,0.0,0.759985,0.208642,0.0,0.0,0.375067,0.0,0.141739,0.0,0.22876,0.89793,0.0,0.0,0.0,0.876033,0.588592,0.0316,0.754197,0.0,0.805961,0.074838,0.145659,0.0,0.0,0.940203,1.263991,0.055726,0.0,0.0,0.567789,0.481922,0.857869,0.426517
439,0.00254,0.0,0.257565,0.081135,0.0,0.269648,0.0,0.398449,0.0,0.636071,0.344047,0.417979,0.228263,0.0,0.868585,0.0,0.536739,0.312839,0.0,0.0,0.094061,0.0,0.150539,0.0,0.372232,0.795466,0.0,0.099062,0.0,0.840695,0.233965,0.154846,0.792171,0.0,0.603872,0.13453,0.060324,0.0,0.0,0.807682,0.653048,0.331786,0.0,0.0,0.088814,0.381807,0.571477,0.387079
440,0.194136,0.0,0.494519,0.144616,0.0,0.197639,0.105953,0.256104,0.0,0.583345,0.426119,0.274572,0.169301,0.0,0.639456,0.0,0.404221,0.298147,0.0,0.0,0.150384,0.178797,0.078608,0.0,0.194247,0.32569,0.0,0.056047,0.0,0.736585,0.052192,0.145207,0.921197,0.0,0.621289,0.0,0.231446,0.0,0.0,0.646989,0.431834,0.194458,0.0,0.105863,0.127429,0.32193,0.570318,0.407507
441,0.256768,0.0,0.519891,0.102178,0.0,0.060056,0.102615,0.224812,0.0,0.471471,0.264793,0.263688,0.003733,0.0,0.584774,0.0,0.429487,0.345244,0.0,0.0,0.293861,0.249945,0.12519,0.0,0.13265,0.34859,0.0581,0.0,0.0,0.766095,0.060274,0.160366,0.91271,0.0,0.48006,0.0,0.39189,0.0,0.0,0.540318,0.366168,0.02981,0.0,0.183441,0.12744,0.230301,0.587358,0.320038
442,0.140901,0.0,0.227218,0.229392,0.0,0.158725,0.183511,0.01326,0.0,0.592764,0.247687,0.220756,0.100157,0.0,0.40751,0.0,0.365303,0.208614,0.0,0.0,0.229948,0.188385,0.022031,0.0,0.0,0.0,0.0,0.027658,0.0,0.879773,0.0,0.189921,0.853378,0.0,0.561061,0.0,0.575192,0.090591,0.0,0.255843,0.361107,0.0,0.0,0.142997,0.245972,0.095283,0.640466,0.289095
443,0.199337,0.0,0.0,0.035783,0.0,0.43485,0.171558,0.184893,0.0,0.490251,0.143069,0.237069,0.0,0.0,0.790478,0.0,0.267943,0.069956,0.0,0.0,0.251275,0.096995,0.265929,0.0,0.0,0.018733,0.012686,0.0,0.0,0.885044,0.0,0.0,1.054822,0.0,0.304032,0.0,0.534315,0.292008,0.0,0.438946,0.587228,0.0,0.0,0.048832,0.286545,0.0,0.799971,0.299377
444,0.01731,0.0,0.0,0.0,0.0,0.348633,0.240141,0.135803,0.009299,0.48774,0.11734,0.205522,0.0,0.0,0.81019,0.0,0.236401,0.218006,0.0,0.0,0.256334,0.119298,0.271135,0.0,0.0,0.199326,0.155647,0.0,0.0,0.914804,0.0,0.0,0.957473,0.0,0.283115,0.0,0.400425,0.273675,0.0,0.361505,0.403586,0.0,0.0,0.034125,0.187591,0.0,0.701509,0.162121
445,0.0,0.0,0.0,0.0,0.03053,0.28744,0.316661,0.0,0.0932,0.469057,0.212906,0.258703,0.0,0.0,0.753099,0.0,0.165309,0.315892,0.0,0.0,0.124093,0.114687,0.212026,0.0,0.0,0.204724,0.153101,0.0,0.0,0.816688,0.0,0.0,0.769665,0.0,0.351033,0.0,0.195147,0.335967,0.0,0.410782,0.24934,0.0,0.0,0.129092,0.099533,0.0,0.569554,0.115477
446,0.0,0.0,0.0,0.0,0.32909,0.24204,0.473429,0.0,0.303604,0.244502,0.058174,0.465455,0.0,0.0,1.034177,0.033996,0.0,0.31904,0.0,0.0,0.389626,0.22625,0.360547,0.0,0.0,0.306643,0.193393,0.0,0.0,0.889656,0.0,0.003892,0.616635,0.0,0.33204,0.0,0.18017,0.285855,0.0,0.516927,0.358735,0.0,0.0,0.0,0.0,0.0,0.613986,0.024532
447,0.0,0.0,0.019228,0.0,0.318181,0.0,0.682513,0.0,0.357953,0.232226,0.0,0.352466,0.0,0.0,0.993047,0.103285,0.0,0.682968,0.0,0.0,0.315356,0.351926,0.223971,0.0,0.0,0.454396,0.158905,0.0,0.0,0.911914,0.0,0.0,0.541879,0.0,0.40679,0.0,0.0,0.198893,0.0,0.382225,0.212902,0.0,0.0,0.057325,0.058608,0.0,0.521069,0.0
448,0.0,0.0,0.232811,0.0,0.474283,0.0,0.735929,0.0,0.509688,0.136857,0.204844,0.578606,0.0,0.0,0.973224,0.028876,0.0,0.8818,0.0,0.0,0.007235,0.328184,0.245598,0.0,0.0,0.410627,0.0,0.0,0.0,0.98629,0.0,0.0,0.366603,0.0,0.507815,0.0,0.0,0.132661,0.0,0.595032,0.0,0.065883,0.0,0.046026,0.0,0.0,0.33073,0.0
449,0.0,0.0,0.382786,0.0,0.497848,0.0,0.804041,0.0,0.687317,0.0,0.093357,0.498308,0.0,0.0,0.908671,0.047115,0.0,0.951689,0.0,0.0,0.0,0.436735,0.46348,0.0,0.0,0.354441,0.0,0.083826,0.0,1.068877,0.0,0.0,0.509555,0.0,0.470983,0.0,0.0,0.041068,0.0,0.432296,0.0,0.15466,0.0,0.0,0.188289,0.18134,0.260929,0.0
