time_index,z0,z1,z2,z3,z4,z5,z6,z7,z8,z9,z10,z11,z12,z13,z14,z15,z16,z17,z18,z19,z20,z21,z22,z23,z24,z25,z26,z27,z28,z29,z30,z31,z32,z33,z34,z35,z36,z37,z38,z39,z40,z41,z42,z43,z44,z45,z46,z47
0,0.0,0.0,0.0,0.0,0.0,0.745177,0.0,5.130513,0.238559,2.128228,0.0,1.423656,0.0,0.678964,2.736207,0.0,0.0,2.348608,0.0,0.0,0.0,1.620232,0.65373,0.0,0.0,0.0,2.900551,0.0,0.025591,0.380585,0.768704,0.0,3.665158,0.0,0.0,1.460518,0.0,0.0,0.0,0.0,0.0,0.864674,0.0,0.0,0.0,2.274972,2.143912,0.0
1,0.0,0.0,0.0,0.0,0.0,0.39232,0.0,4.630506,0.26386,1.923096,0.0,1.236276,0.0,0.623934,2.572416,0.0,0.0,2.194164,0.0,0.0,0.0,1.642011,0.871669,0.0,0.0,0.0,2.569412,0.0,0.0,0.345334,0.412853,0.0,3.398122,0.0,0.0,1.193476,0.0,0.0,0.0,0.0,0.0,0.577205,0.0,0.0,0.089405,2.429269,2.012936,0.0
2,0.0,0.0,0.0,0.0,0.0,0.501815,0.0,4.237267,0.126384,1.779944,0.0,1.093108,0.0,0.375545,2.509635,0.0,0.0,1.93835,0.0,0.0,0.0,1.427106,0.995316,0.0,0.0,0.0,2.101305,0.0,0.0,0.512826,0.261706,0.0,2.758529,0.0,0.0,1.064936,0.0,0.0,0.0,0.0,0.0,0.451435,0.0,0.0,0.125639,2.240497,1.837974,0.0
3,0.0,0.0,0.0,0.0,0.0,0.491076,0.0,4.036812,0.333171,1.486451,0.086366,0.924897,0.0,0.294229,2.141731,0.0,0.0,1.84414,0.0,0.0,0.0,0.986423,1.503261,0.0,0.0,0.0,1.824428,0.0,0.044087,0.674258,0.008094,0.0,2.524463,0.0,0.0,0.949278,0.0,0.0,0.0,0.0,0.0,0.457018,0.0,0.0,0.198298,2.120225,1.853582,0.0
4,0.0,0.0,0.0,0.0,0.0,0.537054,0.0,3.407193,0.444148,1.024276,0.007835,0.679494,0.0,0.084969,1.876756,0.0,0.0,1.552938,0.0,0.0,0.0,0.6601,1.646162,0.0,0.0,0.0,1.36365,0.0,0.0,0.790745,0.0,0.034389,1.861574,0.314913,0.0,0.662807,0.0,0.0,0.0,0.0,0.0,0.33719,0.0,0.0,0.097005,1.839503,1.557558,0.0
5,0.0,0.0,0.0,0.0,0.0,0.545275,0.0,2.834412,0.334795,0.988185,0.0,0.670889,0.0,0.0,1.734403,0.0,0.0,1.306897,0.0,0.0,0.0,0.526304,1.113194,0.0,0.0,0.0,0.919094,0.0,0.0,0.478672,0.0,0.197042,1.304027,0.500985,0.0,0.234817,0.0,0.0,0.0,0.0,0.0,0.121222,0.0,0.0,0.024542,1.33603,1.157043,0.0
6,0.0,0.0,0.0,0.0,0.0,0.465376,0.0,2.390051,0.464871,0.760308,0.0,0.489473,0.0,0.0,1.378318,0.0,0.0,1.100231,0.0,0.0,0.0,0.294441,1.089008,0.0,0.0,0.0,0.770063,0.002026,0.0,0.347932,0.0,0.066804,1.205638,0.64308,0.0,0.146827,0.0,0.0,0.0,0.0,0.0,0.1251,0.039718,0.0,0.0,1.060405,1.003994,0.0
7,0.0,0.0,0.0,0.0,0.0,0.396967,0.0,1.92595,0.417569,0.706489,0.103475,0.215233,0.0,0.0,0.927488,0.0,0.0,0.954732,0.0,0.0,0.0,0.197296,1.090831,0.0,0.0,0.0,0.562559,0.0,0.0,0.122648,0.03641,0.0,0.916468,0.695018,0.0,0.240873,0.0,0.0,0.0,0.0,0.0,0.191357,0.256493,0.0,0.0,0.713673,0.792494,0.0
8,0.0,0.0,0.0,0.0,0.0,0.208781,0.0,1.516368,0.327329,0.724878,0.018117,0.268513,0.0,0.0,1.008355,0.0,0.0,0.84435,0.0,0.0,0.0,0.392297,0.515223,0.0,0.0,0.0,0.508828,0.0,0.0,0.0,0.171362,0.0,0.855487,0.468034,0.0,0.054051,0.0,0.0,0.0,0.0,0.0,0.151286,0.241065,0.0,0.0,0.590946,0.56546,0.0
9,0.0,0.0,0.0,0.0,0.043073,0.037295,0.0,1.19828,0.401802,0.714649,0.253761,0.089491,0.0,0.018309,0.731615,0.0,0.0,0.853202,0.0,0.0,0.0,0.492119,0.615724,0.0,0.0,0.0,0.388173,0.0,0.0,0.0,0.164801,0.0,0.614312,0.379523,0.0,0.014962,0.0,0.0,0.0,0.0,0.039151,0.11602,0.350468,0.0,0.0,0.546805,0.415393,0.0
10,0.0,0.0,0.0,0.0,0.0,0.0,0.0,0.998521,0.44399,0.438239,0.248071,0.175113,0.0,0.0,0.603231,0.0,0.0,0.624388,0.0,0.0,0.0,0.370228,0.675483,0.0,0.0,0.0,0.229899,0.0,0.0,0.0,0.0,0.059501,0.504521,0.597472,0.0,0.0,0.0,0.0,0.0,0.0,0.0,0.0,0.209825,0.0,0.0,0.498671,0.406253,0.0
11,0.0,0.0,0.0,0.0,0.0,0.051908,0.0,0.94785,0.653979,0.053569,0.27651,0.023745,0.0,0.0,0.466113,0.0,0.156832,0.444792,0.0,0.0,0.0,0.080045,1.205506,0.0,0.0,0.0,0.251048,0.133345,0.008568,0.087237,0.0,0.279071,0.611737,0.840658,0.0,0.279161,0.0,0.0,0.0,0.0,0.0,0.0,0.061057,0.0,0.0,0.595406,0.641987,0.0
12,0.0,0.0,0.0,0.0,0.244182,0.145986,0.0,0.946159,0.834804,0.37754,0.446776,0.150717,0.0,0.0,0.35676,0.0,0.074937,0.543985,0.0,0.0,0.0,0.066481,0.751519,0.0,0.0,0.0,0.149416,0.034122,0.001496,0.0,0.151091,0.0,0.681752,0.664804,0.0,0.0,0.0,0.0,0.0,0.0,0.0,0.108669,0.416012,0.0,0.0,0.449713,0.467876,0.0
13,0.0,0.0,0.0,0.0,0.020004,0.061427,0.0,0.696608,0.87955,0.392869,0.416355,0.212007,0.0,0.0,0.253293,0.0,0.212334,0.670931,0.0,0.0,0.0,0.099235,0.690001,0.0,0.0,0.0,0.0,0.084146,0.008673,0.0,0.112173,0.0,0.52517,0.639111,0.0,0.0,0.0,0.0,0.0,0.0,0.0,0.097721,0.337458,0.0,0.093932,0.375755,0.332371,0.0
14,0.0,0.0,0.022484,0.0,0.0,0.090625,0.0,0.733932,0.763666,0.103289,0.071633,0.303036,0.0,0.0,0.317381,0.198725,0.267901,0.543366,0.049282,0.0,0.0,8e-06,0.744471,0.0,0.0,0.0,0.0,0.290479,0.0,0.0,0.0,0.263539,0.061914,0.668316,0.0,0.0,0.0,0.0,0.0,0.0,0.069167,0.100667,0.106292,0.0,0.09117,0.13634,0.343069,0.0
15,0.100895,0.0,0.0,0.133203,0.0,0.11967,0.0,0.683374,0.844928,0.116916,0.0,0.331129,0.0,0.0,0.131912,0.247606,0.361224,0.544853,0.016682,0.0,0.0,0.0,0.926697,0.0,0.0,0.0,0.0,0.37907,0.0,0.0,0.090559,0.293634,0.0,0.724586,0.0,0.0,0.0,0.0,0.087916,0.0,0.250253,0.0,0.083809,0.0,0.260859,0.113847,0.309861,0.0
16,0.267441,0.0,0.0,0.177553,0.0,0.0,0.026325,0.713581,0.908203,0.246774,0.0,0.42763,0.0,0.0,0.0,0.396631,0.44169,0.596537,0.0677,0.0,0.0,0.0,1.095533,0.0,0.0,0.0,0.0,0.455692,0.0,0.0,0.0,0.27372,0.0,0.771345,0.0,0.0,0.0,0.0,0.180904,0.0,0.443698,0.0,0.156292,0.0,0.288425,0.15337,0.442468,0.0
17,0.133941,0.0,0.0,0.060335,0.0,0.222227,0.11173,0.654868,1.086591,0.133577,0.0,0.253462,0.0,0.0,0.030647,0.315265,0.357125,0.712894,0.0,0.0,0.0,0.0,1.03935,0.0,0.0,0.0,0.0,0.46297,0.0,0.0,0.13472,0.379358,0.0,0.560639,0.0,0.0,0.0,0.0,0.156724,0.0,0.307338,0.0,0.222956,0.0,0.326456,0.135965,0.313632,0.0
18,0.289868,0.0,0.0,0.094848,0.0,0.078587,0.062239,0.716267,1.165257,0.312972,0.0,0.206237,0.0,0.0,0.0,0.367415,0.474344,0.608565,0.0,0.0,0.0,0.0,1.452074,0.0,0.0,0.0,0.0,0.519881,0.0,0.0,0.0,0.474126,0.0,0.731519,0.0,0.0,0.0,0.0,0.33544,0.0,0.464528,0.0,0.277766,0.0,0.299597,0.23688,0.466957,0.0
19,0.345191,0.0,0.0,0.074285,0.0,0.092698,0.058232,0.661039,1.094706,0.195245,0.0,0.0,0.0,0.0,0.033498,0.389096,0.456329,0.572551,0.0,0.0,0.0,0.0,1.735577,0.0,0.0,0.0,0.0,0.373612,0.0,0.0,0.0,0.898768,0.0,0.623512,0.0,0.218814,0.0,0.0,0.318381,0.0,0.740706,0.0,0.201718,0.0,0.210458,0.250551,0.53496,0.0
20,0.328426,0.049843,0.0,0.0,0.186036,0.151224,0.0,0.748684,1.200137,0.169159,0.0,0.0,0.0,0.0,0.0,0.25839,0.46595,0.583326,0.0,0.0,0.0,0.0,1.500526,0.0,0.0,0.0,0.0,0.464278,0.0,0.0,0.0,0.712489,0.0,0.508501,0.0,0.0,0.0,0.0,0.270055,0.0,0.408153,0.0,0.311848,0.0,0.15627,0.239885,0.502565,0.0
21,0.382838,0.191009,0.0,0.0,0.133187,0.128938,0.0,0.712354,1.228359,0.053085,0.0,0.0,0.0,0.0,0.0,0.232322,0.502294,0.590713,0.0,0.0,0.0,0.0,1.696295,0.0,0.0,0.0,0.0,0.432986,0.0,0.0,0.0,0.854894,0.0,0.534539,0.0,0.088445,0.0,0.0,0.259673,0.0,0.460986,0.0,0.311628,0.0,0.069407,0.260571,0.580604,0.0
22,0.439607,0.250234,0.0,0.0,0.083895,0.068611,0.0,0.705731,1.192082,0.038861,0.0,0.0,0.0,0.0,0.0,0.206627,0.557174,0.602052,0.0,0.0,0.0,0.0,1.573677,0.0,0.0,0.0,0.0,0.519984,0.0,0.0,0.0,0.746442,0.0,0.664143,0.0,0.095271,0.0,0.0,0.277214,0.0,0.359462,0.0,0.345211,0.0,0.055743,0.24695,0.534534,0.0
23,0.386204,0.331252,0.0,0.0,0.001538,0.018521,0.050933,0.547529,1.002567,0.217803,0.0,0.0,0.0,0.0,0.0,0.257785,0.562045,0.725208,0.0,0.0,0.0,0.0,1.46221,0.0,0.0,0.0,0.0,0.470274,0.0,0.0,0.0,0.786271,0.0,0.604494,0.0,0.162613,0.0,0.0,0.152064,0.0,0.576667,0.0,0.440434,0.0,0.033148,0.089641,0.538427,0.0
24,0.492184,0.351249,0.0,0.0,0.0,0.0,0.1017,0.251885,1.006227,0.373304,0.0,0.0,0.0,0.0,0.0,0.149318,0.638338,0.739648,0.0,0.0,0.0,0.0,1.40211,0.0,0.0,0.0,0.0,0.307768,0.0,0.0,0.0,0.71868,0.0,0.360506,0.0,0.393646,0.0,0.0,0.130482,0.0,0.529196,0.0,0.391736,0.0,0.092785,0.008775,0.40167,0.0
25,0.397216,0.37252,0.0,0.0,0.021791,0.0,0.15652,0.225353,0.708399,0.0,0.0,0.0,0.0,0.0,0.0,0.094216,0.662314,0.838154,0.0,0.0,0.0,0.0,1.403294,0.16056,0.0,0.0,0.0,0.153875,0.0,0.173277,0.0,0.834379,0.0,0.34207,0.0,0.210296,0.0,0.0,0.062469,0.0,0.568322,0.0,0.434405,0.0,0.0,0.158193,0.434377,0.0
26,0.387923,0.502006,0.0,0.0,0.01826,0.0,0.156334,0.036728,0.640166,0.051774,0.0,0.0,0.0,0.0,0.0,0.0,0.70875,0.770118,0.0,0.0,0.015278,0.0,1.135534,0.0,0.0,0.0,0.0,0.046385,0.0,0.154105,0.0,0.678557,0.0,0.272111,0.0,0.406558,0.0,0.0,0.089106,0.0,0.532492,0.0,0.410768,0.0,0.0,0.114082,0.326396,0.0
27,0.368737,0.480022,0.0,0.0,0.09932,0.0,0.190804,0.0,0.6649,0.121843,0.0,0.0,0.0,0.0,0.0,0.0,0.78328,0.931991,0.0,0.0,0.0,0.0,0.896431,0.0,0.0,0.0,0.0,0.066474,0.0,0.255757,0.0,0.675744,0.0,0.129138,0.0,0.349764,0.0,0.0,0.141504,0.0,0.362503,0.0,0.289487,0.0,0.0,0.108422,0.134066,0.0
28,0.386112,0.578012,0.0,0.0,0.0,0.0,0.364164,0.0,0.704005,0.259746,0.0,0.0,0.0,0.0,0.0,0.0,1.005492,1.122457,0.0,0.0,0.0,0.0,0.838153,0.0,0.0,0.103522,0.0,0.189592,0.127447,0.353865,0.0,0.733466,0.018402,0.083685,0.081816,0.501576,0.0,0.0,0.0,0.0,0.407589,0.07476,0.216037,0.0,0.032072,0.036079,0.037782,0.0
29,0.336066,0.808632,0.0,0.0,0.0,0.0,0.25802,0.0,0.363977,0.0,0.0,0.0,0.0,0.0,0.0,0.0,0.697336,1.039327,0.0,0.0,0.136849,0.0,0.930527,0.057905,0.0,0.15876,0.0,0.115235,0.112988,0.626112,0.087997,0.740752,0.0,0.129675,0.278518,0.456855,0.0,0.028537,0.0,0.0,0.73352,0.13316,0.292225,0.0,0.0,0.17768,0.0,0.0
30,0.324214,0.70747,0.0,0.0,0.0,0.0,0.304689,0.0,0.264744,0.164221,0.0,0.0,0.0,0.029603,0.0,0.0,0.842026,1.085119,0.0,0.0,0.071857,0.0,0.831784,0.039298,0.0,0.231633,0.0,0.092205,0.098128,0.750969,0.18434,0.832772,0.0,0.116696,0.441552,0.547999,0.0,0.0,0.001907,0.0,0.976915,0.183036,0.304893,0.0,0.0,0.097514,0.0,0.0
31,0.370026,0.820586,0.0,0.0,0.0,0.0,0.494824,0.0,0.181738,0.0,0.0,0.0,0.0,0.102314,0.0,0.0,0.778267,1.08963,0.0,0.0,0.0,0.0,1.046966,0.117216,0.0,0.24311,0.0,0.0,0.0,1.021575,0.244581,1.063622,0.0,0.017594,0.505656,0.976763,0.0,0.0,0.075736,0.0,1.176416,0.414729,0.141325,0.0,0.0,0.304129,0.0,0.0
32,0.501868,0.715019,0.0,0.0,0.0,0.0,0.658861,0.0,0.261721,0.040166,0.0,0.0,0.0,0.145319,0.0,0.0,0.87573,1.083352,0.0,0.0,0.179949,0.0,1.138603,0.0,0.0,0.108696,0.0,0.0,0.0,1.058014,0.192448,1.005831,0.0,0.048137,0.457087,1.18447,0.0,0.0,0.263191,0.0,1.154813,0.395724,0.118161,0.0,0.0,0.204278,0.0,0.0
33,0.504432,0.814123,0.0,0.0,0.0,0.0,0.796221,0.0,0.191902,0.13673,0.0,0.0,0.0,0.265886,0.0,0.0,1.149384,1.188977,0.127583,0.0,0.265031,0.0,0.90348,0.0,0.0,0.079379,0.0,0.0,0.0,0.990734,0.163088,1.086548,0.0,0.238508,0.344253,0.983825,0.0,0.0,0.306195,0.0,1.276744,0.321185,0.086827,0.0,0.0,0.303619,0.0,0.0
34,0.645829,0.914963,0.0,0.0,0.0,0.0,0.600716,0.0,0.0,0.265965,0.0,0.0,0.0,0.356515,0.0,0.0,1.078721,1.105083,0.217181,0.0,0.151852,0.0,0.813619,0.141167,0.0,0.123146,0.0,0.074714,0.0,0.935011,0.410179,0.753659,0.0,0.210815,0.630057,0.980569,0.0,0.0,0.217417,0.0,1.365261,0.498107,0.019627,0.0,0.0,0.273008,0.0,0.0
35,0.601277,0.896554,0.0,0.0,0.0,0.0,0.53393,0.0,0.0,0.459925,0.0,0.0,0.0,0.385909,0.0,0.0,1.329677,1.129411,0.595504,0.0,0.0,0.007887,0.54379,0.504537,0.0,0.249551,0.0,0.195931,0.108806,0.620758,0.598824,0.606951,0.0,0.466432,0.730763,0.815999,0.0,0.0,0.26163,0.0,1.619922,0.4494,0.0,0.0,0.0,0.124666,0.0,0.0
36,0.61684,0.884761,0.0,0.0,0.0,0.0,0.649437,0.0,0.0,0.482322,0.0,0.017718,0.0,0.389497,0.0,0.11684,1.371516,1.102327,0.881156,0.0,0.0,0.055331,0.493336,0.695722,0.0,0.146493,0.0,0.346892,0.263661,0.445692,0.757457,0.476412,0.0,0.66682,0.681976,0.824275,0.0,0.0,0.210087,0.0,1.625666,0.4683,0.0,0.0,0.0,0.066864,0.0,0.0
37,0.507158,0.475352,0.0,0.0,0.0,0.0,0.579668,0.0,0.0,0.513333,0.0,0.032518,0.0,0.479582,0.018845,0.0,1.385949,1.087315,1.056102,0.0,0.0,0.230838,0.302137,0.668168,0.0,0.296341,0.0,0.435307,0.35838,0.190003,0.678843,0.123085,0.036452,0.926151,0.596157,0.679825,0.0,0.0,0.129947,0.0,1.558265,0.368372,0.0,0.0,0.0,0.0,0.0,0.0
38,0.360709,0.238656,0.0,0.0,0.0,0.0,0.358539,0.0,0.0,0.197412,0.0,0.048424,0.0,0.618723,0.0,0.0,0.930026,0.732486,0.695955,0.0,0.003925,0.29349,0.396573,0.490878,0.0,0.0,0.0,0.163379,0.312245,0.202827,0.50815,0.0,0.042274,0.92276,0.389254,0.57079,0.0,0.0,0.0,0.0,1.291803,0.505293,0.0,0.0,0.0,0.0,0.0,0.0
39,0.156307,0.172614,0.0,0.0,0.0,0.0,0.020834,0.0,0.0,0.128462,0.0,0.008636,0.0,0.592486,0.0,0.005533,0.703523,0.51656,0.612274,0.0,0.070135,0.433491,0.213072,0.443711,0.0,0.0,0.0,0.192282,0.23557,0.076754,0.475965,0.0,0.11742,0.89552,0.335746,0.396022,0.0,0.0,0.000492,0.0,1.142427,0.459849,0.0,0.0,0.0,0.0,0.0,0.0
40,0.128085,0.283922,0.0,0.0,0.0,0.0,0.012937,0.0,0.0,0.242094,0.0,0.0,0.0,0.469708,0.0,0.052003,0.602187,0.470491,0.541701,0.0,0.0,0.380698,0.332742,0.310631,0.0,0.0,0.0,0.182211,0.251299,0.078581,0.407108,0.0,0.384928,0.79658,0.415544,0.457225,0.0,0.0,0.0,0.0,0.861376,0.555045,0.0,0.0,0.0,0.082369,0.075696,0.0
41,0.1108,0.250113,0.0,0.0,0.0,0.0,0.12435,0.0,0.149772,0.296947,0.0,0.0,0.0,0.217736,0.0,0.070915,0.552039,0.355295,0.479339,0.0,0.105218,0.275933,0.485271,0.130092,0.0,0.0,0.0,0.207832,0.176211,0.218159,0.366836,0.0,0.498518,0.845345,0.396495,0.459242,0.0,0.0,0.0,0.0,0.539569,0.604686,0.0,0.0,0.0,0.14869,0.080448,0.0
42,0.164882,0.111579,0.0,0.0,0.0,0.0,0.238021,0.0,0.298395,0.341708,0.039887,0.0,0.0,0.214654,0.135103,0.0339,0.50327,0.337732,0.473228,0.0,0.0,0.442917,0.450938,0.103132,0.0,0.0,0.0,0.213142,0.004869,0.122279,0.378525,0.0,0.468922,0.569447,0.54488,0.398927,0.0,0.0,0.0,0.0,0.533778,0.676931,0.033554,0.0,0.108998,0.116627,0.106355,0.0
43,0.0,0.0,0.040085,0.0,0.0,0.0,0.296442,0.0,0.179287,0.312269,0.026241,0.029256,0.0,0.098039,0.253971,0.170517,0.504495,0.344109,0.73732,0.0,0.023499,0.838842,0.0,0.230363,0.0,0.0,0.0,0.043265,0.0,0.0,0.418237,0.0,0.199873,0.641124,0.487085,0.143482,0.0,0.066185,0.0,0.0,0.614162,0.613981,0.0,0.0,0.0,0.0,0.001782,0.0
44,0.0,0.0,0.0,0.0,0.0,0.0,0.423229,0.0,0.298341,0.274804,0.0,0.09853,0.0,0.136834,0.356502,0.265509,0.386828,0.419894,0.638576,0.0,0.0,0.936312,0.0,0.369504,0.0,0.0,0.0,0.0,0.0,0.0,0.472898,0.0,0.185238,0.491366,0.579321,0.026347,0.0,0.072772,0.0,0.0,0.485435,0.584395,0.035599,0.0,0.009355,0.0,0.0,0.0
45,0.187232,0.0,0.0,0.0,0.0,0.0,0.505513,0.14005,0.458489,0.15403,0.051713,0.13934,0.0,0.174361,0.393874,0.154165,0.464916,0.399047,0.591788,0.0,0.0,0.805873,0.010823,0.443512,0.0,0.0,0.0,0.0,0.0,0.0,0.527065,0.0,0.105829,0.29765,0.586298,0.107626,0.13213,0.0,0.0,0.0,0.414224,0.576139,0.090998,0.0,0.098974,0.0,0.0,0.0
46,0.44534,0.0,0.0,0.025626,0.0,0.0,0.637718,0.473738,0.362587,0.0,0.0,0.34339,0.0,0.0,0.159539,0.195065,0.522168,0.26976,0.57686,0.0,0.287061,0.310237,0.349555,0.565855,0.0,0.102021,0.0,0.0,0.0,0.0,0.41905,0.0,0.088245,0.262607,0.437437,0.136564,0.362288,0.0,0.0,0.0,0.277822,0.516656,0.0,0.0,0.331695,0.0,0.161527,0.0
47,0.557251,0.0,0.0,0.080025,0.0,0.0,0.790237,0.523355,0.457894,0.0,0.0,0.412835,0.0,0.00449,0.264752,0.200716,0.623796,0.398813,0.737225,0.0,0.236811,0.359505,0.302187,0.691338,0.0,0.350346,0.0,0.012486,0.0,0.0,0.480937,0.0,0.085886,0.267327,0.487288,0.081436,0.384962,0.0,0.0,0.0,0.302571,0.440563,0.0,0.0,0.332641,0.0,0.206814,0.0
48,0.523936,0.0,0.019006,0.12648,0.0,0.0,0.946013,0.527677,0.476885,0.0,0.0,0.627656,0.0,0.0,0.252493,0.31815,0.660455,0.546239,0.830496,0.0,0.30963,0.306817,0.299616,0.767873,0.0,0.357395,0.0,0.09636,0.0,0.0,0.470904,0.0,0.025198,0.345764,0.544409,0.0,0.327131,0.105402,0.0,0.0,0.352664,0.414604,0.0,0.0,0.351584,0.0,0.147184,0.0
49,0.723306,0.0,0.012623,0.155368,0.0,0.0,1.039855,0.498401,0.500023,0.0,0.0,0.638773,0.0,0.0,0.165381,0.252854,0.753279,0.45934,0.993232,0.0,0.391243,0.360967,0.463329,0.718733,0.0,0.403024,0.015222,0.152346,0.0,0.0,0.51479,0.0,0.0,0.411312,0.418952,0.141132,0.285971,0.082236,0.0,0.007783,0.477757,0.301707,0.0,0.0,0.370817,0.0,0.212141,0.0
50,0.53093,0.0,0.159182,0.140645,0.0,0.0,1.11932,0.08945,0.553445,0.0,0.0,0.43604,0.0,0.147616,0.338128,0.067829,0.788553,0.541492,0.992717,0.0,0.292188,0.728419,0.058676,0.789538,0.0,0.426356,0.0,0.0,0.0,0.0,0.68378,0.0,0.0,0.356664,0.421094,0.0,0.178444,0.112356,0.0,0.039928,0.636929,0.392929,0.0,0.0,0.051043,0.0,0.0,0.0
51,0.716246,0.0,0.085942,0.032691,0.0,0.0,1.032691,0.167672,0.552531,0.044657,0.0,0.492443,0.0,0.093714,0.063969,0.0,0.810771,0.407604,0.969449,0.0,0.465937,0.556995,0.378812,0.60842,0.0,0.292495,0.0,0.014253,0.0,0.0,0.621193,0.0,0.124267,0.30879,0.355008,0.275006,0.073128,0.0,0.294599,0.240529,0.603952,0.449336,0.04453,0.0,0.236031,0.0,0.139584,0.0
52,0.592413,0.122885,0.256108,0.05553,0.0,0.0,1.019004,0.0,0.529324,0.135214,0.0,0.353159,0.0,0.312617,0.025729,0.0,0.904992,0.625542,0.937329,0.0,0.459398,0.69893,0.175265,0.599915,0.0,0.225845,0.0,0.156682,0.0,0.0,0.601344,0.0,0.157679,0.335633,0.361695,0.126678,0.0,0.0,0.433449,0.258755,0.709751,0.480563,0.124882,0.0,0.171254,0.0,0.068231,0.0
53,0.698122,0.212747,0.249814,0.123164,0.0,0.0,1.114116,0.0,0.68535,0.209309,0.0,0.249084,0.0,0.303743,0.0,0.0,1.033014,0.75153,0.876435,0.0,0.662976,0.512565,0.4658,0.412803,0.0,0.113675,0.0,0.363512,0.152777,0.0,0.497661,0.0,0.178845,0.544049,0.251505,0.168469,0.0,0.0,0.606682,0.341918,0.823129,0.255507,0.23,0.0,0.283322,0.007904,0.105865,0.0
54,0.842355,0.0409,0.289535,0.206775,0.0,0.0,1.330095,0.0,0.799122,0.202484,0.0,0.314373,0.0,0.040882,0.0,0.0,0.919043,0.772589,0.78543,0.0,0.875293,0.375531,0.866182,0.290736,0.0,0.060344,0.0,0.380691,0.142849,0.0,0.74871,0.0,0.245773,0.611362,0.133712,0.336868,0.0,0.0,0.717491,0.319348,1.044296,0.211311,0.149149,0.0,0.184516,0.0,0.247076,0.0
55,0.920852,0.103134,0.341317,0.235234,0.0,0.0,1.356496,0.009187,1.013195,0.403268,0.0,0.262618,0.0,0.011098,0.0,0.0,0.973718,0.76807,0.962707,0.0,0.99302,0.587928,0.834312,0.367501,0.0,0.30612,0.0,0.455186,0.129126,0.0,0.72536,0.0,0.421413,0.539557,0.0,0.253049,0.0,0.0,0.578298,0.441107,1.145704,0.149581,0.035208,0.0,0.24937,0.0,0.21879,0.0
56,0.886208,0.054445,0.325115,0.343713,0.0,0.0,1.429435,0.145222,1.164018,0.382168,0.0,0.383524,0.0,0.083187,0.0,0.0,0.754815,0.835618,0.850193,0.0,1.152334,0.42245,1.03227,0.193047,0.0,0.089563,0.0,0.656165,0.229114,0.0,0.760133,0.0,0.520064,0.849057,0.0,0.146367,0.0,0.0,0.66509,0.432217,1.031601,0.157854,0.13244,0.0,0.265634,0.0,0.377712,0.0
57,0.739441,0.063288,0.253926,0.399704,0.0,0.0,1.252329,0.071114,1.215644,0.415578,0.0,0.292804,0.0,0.207819,0.0,0.0,0.701752,0.809614,0.849546,0.0,1.184137,0.521017,0.853677,0.191098,0.0,0.046524,0.0,0.705445,0.266053,0.0,0.655869,0.0,0.538025,0.941888,0.0,0.0,0.0,0.0,0.517389,0.43322,0.96693,0.064079,0.191446,0.0,0.219678,0.0,0.335409,0.0
58,0.651327,0.157684,0.046369,0.343991,0.0,0.0,1.093891,0.126092,1.17648,0.484209,0.0,0.288235,0.0,0.338732,0.0,0.0,0.638818,0.772826,0.763686,0.0,1.136005,0.318026,0.839057,0.0,0.0,0.0,0.0,0.691473,0.442993,0.0,0.592199,0.0,0.529893,1.085169,0.0,0.0,0.0,0.042789,0.373206,0.389335,0.686189,0.175281,0.351338,0.0,0.314489,0.0,0.329152,0.0
59,0.423415,0.291814,0.0,0.283429,0.0,0.0,0.693285,0.01829,1.064891,0.445286,0.0,0.028278,0.0,0.255619,0.0,0.0,0.705064,0.690901,0.574263,0.0,0.857455,0.3349,0.816562,0.009523,0.0,0.0,0.0,0.54605,0.500235,0.0,0.425286,0.0,0.518963,1.061438,0.0,0.060793,0.0,0.0,0.358358,0.4242,0.534718,0.197576,0.412451,0.0,0.168448,0.0,0.467023,0.0
60,0.186503,0.353763,0.003983,0.201348,0.0,0.0,0.601468,0.051652,1.037418,0.587833,0.0,0.0,0.0,0.119494,0.0,0.0,0.620872,0.715179,0.388993,0.0,0.668697,0.255193,0.900155,0.0,0.0,0.0,0.0,0.613916,0.420989,0.0,0.329351,0.0,0.637474,1.096882,0.028445,0.133521,0.0,0.0,0.382921,0.378929,0.349442,0.284526,0.482627,0.0,0.150732,0.0,0.737312,0.0
61,0.0,0.166769,0.009786,0.166073,0.0,0.0,0.263515,0.011467,0.685237,0.325141,0.021992,0.0,0.0,0.016731,0.115004,0.0,0.428564,0.557945,0.20333,0.0,0.49066,0.342395,0.652354,0.0,0.0,0.0,0.0,0.326949,0.217201,0.0,0.226846,0.07352,0.419419,0.805593,0.0,0.143576,0.0,0.0,0.348219,0.238408,0.292908,0.239151,0.453543,0.0,0.0,0.0,0.68986,0.0
62,0.0,0.023184,0.0,0.045745,0.113339,0.160754,0.164444,0.220376,0.552878,0.220985,0.022069,0.0,0.0,0.0,0.171324,0.0,0.323563,0.513274,0.007451,0.0,0.229583,0.160801,0.660921,0.0,0.0,0.0,0.0,0.221953,0.247752,0.0,0.279755,0.113231,0.123542,0.745336,0.0,0.018654,0.0,0.0,0.21716,0.172482,0.16787,0.303931,0.510765,0.0,0.0,0.0,0.508806,0.0
63,0.0,0.045028,0.0,0.0,0.0,0.049622,0.129438,0.238911,0.489238,0.242558,0.115876,0.155402,0.0,0.070224,0.334454,0.014265,0.172047,0.594455,0.166169,0.0,0.166101,0.389382,0.344513,0.077639,0.0,0.0,0.0,0.135102,0.086774,0.0,0.258045,0.0,0.086666,0.556967,0.007958,0.0,0.0,0.028344,0.0,0.117537,0.219716,0.400932,0.551821,0.0,0.0,0.0,0.246156,0.0
64,0.0,0.0,0.0,0.0,0.027131,0.06207,0.128825,0.369047,0.552688,0.0,0.165355,0.095706,0.0,0.0,0.162474,0.059991,0.303265,0.448612,0.07004,0.0,0.188772,0.249243,0.508915,0.010433,0.0,0.0,0.0,0.154636,0.109958,0.0,0.217182,0.0,0.080926,0.582547,0.0,0.053501,0.0,0.0,0.102164,0.087139,0.067293,0.374107,0.464917,0.0,0.0,0.0,0.367904,0.0
65,0.0,0.0,0.170542,0.030861,0.0,0.0,0.391202,0.3922,0.659968,0.00912,0.016544,0.287495,0.0,0.0,0.202801,0.098329,0.24962,0.578991,0.294292,0.0,0.37591,0.379963,0.364941,0.110344,0.0,0.0,0.0,0.257649,0.050028,0.0,0.278741,0.0,0.053097,0.587405,0.0,0.0,0.0,0.036049,0.0,0.079675,0.223855,0.397211,0.354296,0.0,0.03796,0.0,0.263873,0.0
66,0.075106,0.0,0.027508,0.143233,0.0,0.0,0.607622,0.248129,0.906038,0.11412,0.031363,0.356505,0.0,0.058508,0.0,0.0,0.44618,0.690469,0.522543,0.0,0.533515,0.386634,0.442125,0.137462,0.0,0.0,0.0,0.413808,0.175768,0.0,0.362041,0.0,0.18633,0.77705,0.0,0.0,0.0,0.0,0.0,0.158166,0.382564,0.313982,0.287249,0.0,0.211511,0.031025,0.089446,0.0
67,0.246231,0.0,0.132525,0.176135,0.0,0.0,0.739541,0.2042,1.012749,0.223154,0.0,0.282643,0.0,0.0,0.0,0.01186,0.508228,0.738123,0.629601,0.0,0.648547,0.479501,0.609612,0.270053,0.0,0.040127,0.0,0.555549,0.140708,0.0,0.442555,0.0,0.25192,0.721113,0.0,0.041915,0.0,0.0,0.0,0.135185,0.677675,0.320442,0.108319,0.0,0.235172,0.001172,0.164235,0.0
68,0.441822,0.0,0.115315,0.161597,0.0,0.0,0.968715,0.069441,1.061158,0.281873,0.0,0.311763,0.0,0.0,0.0,0.0,0.670643,0.752944,0.694178,0.0,0.7808,0.313248,0.837792,0.054661,0.0,0.0,0.0,0.581285,0.192503,0.0,0.505257,0.0,0.21259,0.957223,0.0,0.187696,0.0,0.0,0.019631,0.159831,0.843562,0.233191,0.098545,0.0,0.324485,0.0,0.093828,0.0
69,0.403719,0.0,0.32514,0.092616,0.0,0.0,0.968404,0.0,0.91056,0.344754,0.0,0.223453,0.0,0.018165,0.0,0.0,0.721548,0.725323,0.669149,0.0,0.801628,0.524543,0.585469,0.082645,0.0,0.0,0.0,0.406368,0.0,0.0,0.715245,0.081965,0.165115,0.695704,0.18927,0.069027,0.0,0.067705,0.104816,0.0,1.001107,0.401179,0.086903,0.0,0.16669,0.0,0.011474,0.0
70,0.278502,0.018722,0.415801,0.078044,0.0,0.0,0.913442,0.0,0.731734,0.451346,0.0,0.0,0.0,0.434214,0.069081,0.0,0.969943,0.858394,0.761139,0.0,0.639126,0.853181,0.066368,0.16923,0.0,0.0,0.0,0.365854,0.0,0.0,0.768814,0.106066,0.02601,0.61612,0.472158,0.0,0.0,0.138239,0.084279,0.0,1.18958,0.583893,0.090053,0.0,0.009312,0.0,0.0,0.0
71,0.250239,0.0,0.362403,0.065428,0.0,0.0,1.068273,0.0,0.772584,0.535307,0.0,0.0,0.0,0.453656,0.128941,0.134262,0.970037,0.895288,0.596646,0.0,0.482397,0.712691,0.256823,0.013068,0.0,0.0,0.090237,0.086115,0.0,0.0,0.927276,0.315628,0.021349,0.661131,0.467657,0.450094,0.0,0.099426,0.166204,0.0,1.502912,0.787455,0.039831,0.0,0.0,0.0,0.0,0.0
72,0.266899,0.0,0.429378,0.080889,0.0,0.0,1.228004,0.0,0.771133,0.709478,0.0,0.0,0.0,0.59516,0.153605,0.267273,1.042039,1.000223,0.680635,0.0,0.447208,0.721302,0.141598,0.0,0.0,0.0,0.185845,0.013917,0.0,0.0,0.929885,0.379439,0.010875,0.665847,0.435012,0.521556,0.0,0.220541,0.217802,0.0,1.686319,0.853321,0.0,0.0,0.0,0.0,0.0,0.0
73,0.357721,0.051142,0.521245,0.169259,0.0,0.0,1.200686,0.0,0.791549,0.714144,0.0,0.0,0.0,0.693402,0.23672,0.195946,1.23212,0.995032,0.749524,0.0,0.577809,0.863169,0.034345,0.0,0.0,0.0,0.099875,0.139885,0.0,0.0,0.737844,0.28601,0.046941,0.638917,0.503312,0.488661,0.0,0.057266,0.257704,0.0,1.681075,0.623393,0.02307,0.0,0.040251,0.0,0.0,0.0
74,0.492908,0.078989,0.491657,0.117357,0.0,0.0,1.314552,0.0,0.889498,0.60704,0.0,0.0,0.0,0.48636,0.191881,0.397691,1.206065,0.917986,0.681433,0.0,0.674516,0.595561,0.344662,0.0,0.0,0.0,0.112107,0.112765,0.0,0.0,0.562576,0.46732,0.0,0.564904,0.316564,0.682067,0.0,0.0,0.38017,0.0,1.554805,0.628976,0.062577,0.0,0.20996,0.0,0.0,0.0
75,0.438543,0.170376,0.621915,0.211971,0.0,0.0,1.234105,0.0,0.936269,0.507252,0.0,0.0,0.0,0.503721,0.250757,0.360099,1.101966,0.876685,0.599119,0.0,0.608783,0.741752,0.175267,0.022649,0.0,0.0,0.084729,0.047138,0.0,0.0,0.478829,0.243322,0.0,0.404548,0.413827,0.344386,0.0,0.0,0.286961,0.0,1.416592,0.467367,0.055438,0.0,0.099617,0.0,0.0,0.0
76,0.487236,0.0,0.431433,0.048445,0.0,0.0,1.147548,0.0,0.799823,0.373654,0.0,0.0,0.0,0.256164,0.39142,0.37942,0.733181,0.693114,0.417544,0.0,0.59623,0.513775,0.443575,0.071135,0.0,0.0,0.0,0.0,0.0,0.0,0.594313,0.23282,0.0,0.385146,0.255206,0.478393,0.0,0.0,0.363607,0.0,1.227932,0.405138,0.132387,0.0,0.053911,0.0,0.0,0.0
77,0.434698,0.0,0.260285,0.0,0.0,0.0,0.970112,0.0,0.587501,0.23755,0.0,0.0,0.0,0.081535,0.409201,0.535021,0.39837,0.607238,0.152058,0.0,0.49571,0.181335,0.582223,0.249597,0.0,0.0,0.0,0.0,0.0,0.0,0.60711,0.370866,0.0,0.121538,0.206703,0.20976,0.0,0.216453,0.325273,0.0,0.902166,0.328205,0.175872,0.0,0.117471,0.0,0.0,0.0
78,0.303654,0.0,0.285137,0.0,0.0,0.0,0.831523,0.0,0.655462,0.202925,0.0,0.0,0.0,0.034883,0.518163,0.615056,0.284654,0.636925,0.15933,0.0,0.408057,0.217053,0.486331,0.277946,0.0,0.0,0.0,0.0,0.0,0.0,0.368518,0.196288,0.0,0.186102,0.146553,0.129999,0.0,0.164962,0.163253,0.0,0.701008,0.283939,0.128322,0.0,0.083125,0.0,0.0,0.0
79,0.125549,0.0,0.171004,0.0,0.0,0.0,0.339458,0.006697,0.649683,0.084611,0.0,0.0,0.0,0.048234,0.490492,0.436972,0.353464,0.447132,0.054919,0.0,0.35209,0.342239,0.347987,0.278903,0.0,0.0,0.0,0.0,0.0,0.0,0.115046,0.08545,0.0,0.169367,0.114795,0.0,0.0,0.0,0.010111,0.0,0.283854,0.279808,0.350746,0.0,0.0,0.0,0.044538,0.0
80,0.191558,0.0,0.0,0.0,0.0,0.062665,0.055003,0.152164,0.453862,0.211407,0.054705,0.018983,0.0,0.0,0.480512,0.367348,0.304942,0.375057,0.14704,0.0,0.305449,0.268977,0.504247,0.070475,0.0,0.0,0.0,0.034181,0.0,0.0,0.0,0.159818,0.014066,0.367619,0.0,0.178742,0.0,0.0,0.01784,0.12083,0.127087,0.230563,0.453046,0.0,0.040483,0.0,0.295964,0.0
81,0.0,0.0,0.0,0.0,0.149475,0.436516,0.0,0.426658,0.611009,0.275459,0.112294,0.0,0.0,0.0,0.631027,0.01761,0.211413,0.481018,0.0,0.0,0.042431,0.274052,0.467573,0.0,0.0,0.0,0.0,0.054274,0.02149,0.0,0.137301,0.0,0.099238,0.550318,0.0,0.0,0.0,0.0,0.0,0.140487,0.0,0.201141,0.671356,0.0,0.0,0.0,0.373467,0.0
82,0.0,0.0,0.0,0.0,0.432755,0.493339,0.0,0.519586,0.619621,0.276314,0.441219,0.0,0.0,0.0,0.480029,0.0,0.251501,0.391045,0.0,0.0,0.0,0.210273,0.533514,0.0,0.0,0.0,0.0,0.0,0.214471,0.0,0.08818,0.0,0.326477,0.970806,0.0,0.131555,0.0,0.0,0.0,0.095894,0.0,0.248626,0.688676,0.0,0.0,0.0,0.597786,0.0
83,0.0,0.0,0.0,0.034348,0.478519,0.49737,0.0,0.544281,0.564171,0.409064,0.457007,0.093887,0.0,0.012053,0.414463,0.0,0.167013,0.481099,0.0,0.0,0.02383,0.434884,0.508846,0.0,0.0,0.0,0.0,0.0,0.131088,0.0,0.114675,0.0,0.478282,1.055001,0.0,0.174397,0.0,0.0,0.0,0.205409,0.0,0.284757,0.703006,0.0,0.0,0.0,0.586245,0.0
84,0.0,0.0,0.0,0.059368,0.351344,0.381299,0.037978,0.47801,0.628737,0.558673,0.432502,0.119303,0.0,0.0,0.384645,0.0,0.211021,0.615392,0.189759,0.0,0.158778,0.321043,0.614799,0.0,0.0,0.0,0.0,0.0,0.225565,0.0,0.193064,0.0,0.790381,1.203173,0.0,0.215425,0.0,0.0,0.0,0.206059,0.0,0.409444,0.576892,0.0,0.0,0.0,0.467618,0.0
85,0.0,0.0,0.0,0.0,0.18355,0.415234,0.076172,0.6079,0.683357,0.492218,0.3096,0.174762,0.0,0.065571,0.536553,0.0,0.146916,0.473544,0.186658,0.0,0.19443,0.456135,0.489916,0.0,0.0,0.0,0.0,0.0,0.235697,0.0,0.350694,0.0,0.787043,1.390089,0.06329,0.115661,0.0,0.0,0.0,0.161661,0.0,0.527784,0.693767,0.0,0.0,0.0,0.687404,0.0
86,0.0,0.0,0.0,0.0,0.006449,0.062419,0.144102,0.342442,0.553384,0.666309,0.234709,0.132318,0.0,0.52072,0.649773,0.0,0.102719,0.567224,0.473249,0.0,0.211598,0.834536,0.014893,0.0,0.0,0.0,0.0,0.09015,0.149149,0.0,0.527919,0.0,0.754186,1.367325,0.235493,0.0,0.0,0.085187,0.0,0.091192,0.326229,0.697366,0.672633,0.0,0.0,0.0,0.45196,0.0
87,0.0,0.0,0.0,0.159493,0.0,0.0,0.330572,0.0,0.525718,0.830699,0.255113,0.0,0.0,0.735835,0.494798,0.0,0.410996,0.649073,0.856103,0.0,0.478209,1.033487,0.0,0.139356,0.0,0.0,0.087479,0.341398,0.021723,0.0,0.343282,0.0,0.92883,1.262218,0.211539,0.177005,0.0,0.016337,0.0,0.185437,0.575171,0.747164,0.446938,0.0,0.0,0.0,0.572206,0.0
88,0.0,0.0,0.0,0.134845,0.0,0.0,0.489919,0.0,0.532818,0.572602,0.218782,0.0,0.0,0.72856,0.18948,0.0,0.596796,0.49811,0.920264,0.0,0.52207,0.944278,0.0,0.123747,0.0,0.0,0.12993,0.143684,0.12685,0.0,0.485665,0.0,0.743605,1.332003,0.259757,0.275509,0.0,0.125488,0.0,0.122453,0.616265,0.876592,0.378609,0.0,0.012104,0.0,0.287536,0.0
89,0.094654,0.071491,0.09837,0.120236,0.0,0.0,0.666728,0.0,0.544594,0.756711,0.014121,0.0,0.0,0.491003,0.215819,0.0,0.741328,0.459581,0.995934,0.0,0.592102,0.991062,0.187685,0.083308,0.0,0.0,0.0,0.331441,0.014495,0.0,0.465077,0.0,0.80409,1.245898,0.379014,0.501224,0.0,0.0,0.131754,0.208974,0.736532,0.88771,0.174744,0.0,0.089738,0.0,0.472863,0.0
90,0.00533,0.0,0.096841,0.003734,0.0,0.0,0.771055,0.0,0.342293,0.688566,0.0,0.0,0.0,0.575888,0.21303,0.0,0.576499,0.444408,0.974539,0.0,0.379339,1.01288,0.0,0.134081,0.0,0.0,0.0,0.203011,0.067606,0.0,0.783466,0.0,0.454046,1.194651,0.522255,0.141657,0.0,0.291799,0.0,0.015544,0.961929,1.08798,0.085201,0.0,0.0,0.0,0.0,0.0
91,0.0,0.0,0.081288,0.0,0.0,0.0,0.663633,0.0,0.105998,0.565771,0.0,0.035725,0.0,0.674087,0.37585,0.0,0.68252,0.407833,1.077275,0.0,0.422139,1.129396,0.0,0.129849,0.0,0.0,0.0,0.273757,0.0,0.0,0.762441,0.0,0.298514,1.276464,0.631233,0.041753,0.0,0.270733,0.0,0.0,1.142745,0.914642,0.074363,0.0,0.0,0.0,0.0,0.0
92,0.149155,0.166763,0.022074,0.0,0.0,0.0,0.682992,0.0,0.072118,0.587921,0.0,0.0,0.0,0.527461,0.11923,0.000537,0.865532,0.53459,0.968375,0.0,0.293354,0.858002,0.23719,0.110275,0.0,0.0,0.0,0.290527,0.191702,0.064515,0.832995,0.024838,0.394445,1.228528,0.728312,0.65468,0.0,0.071066,0.278146,0.0,1.189846,1.074214,0.0,0.0,0.0,0.0,0.078641,0.0
93,0.0809,0.339835,0.016872,0.0,0.0,0.0,0.538848,0.0,0.048443,0.613724,0.0,0.0,0.0,0.823679,0.060881,0.013809,1.05674,0.604149,1.110777,0.0,0.315963,0.899069,0.016368,0.198311,0.0,0.0,0.0,0.319733,0.206218,0.050193,0.605446,0.0,0.388183,1.216244,0.540734,0.646693,0.0,0.0,0.215235,0.0,1.280955,0.947389,0.0,0.0,0.0,0.0,0.073282,0.0
94,0.0,0.174541,0.059241,0.0,0.0,0.0,0.375389,0.0,0.0,0.78133,0.0,0.0,0.0,1.051623,0.036325,0.098697,0.956993,0.70309,1.209655,0.0,0.221101,1.13533,0.0,0.384943,0.0,0.0,0.0,0.267185,0.251571,0.0,0.849803,0.0,0.311746,1.35169,0.544131,0.518228,0.0,0.001578,0.185281,0.0,1.537843,0.962897,0.0,0.0,0.0,0.0,0.0,0.0
95,0.0,0.0,0.059113,0.139679,0.0,0.0,0.324114,0.0,0.0,0.834313,0.0,0.0,0.0,1.367975,0.111682,0.031994,1.117669,0.854938,1.313896,0.0,0.211017,1.219307,0.0,0.445938,0.0,0.0,0.0,0.251682,0.26491,0.0,0.743637,0.0,0.351511,1.532015,0.375255,0.463824,0.0,0.0,0.0,0.0,1.667171,0.943838,0.0,0.0,0.0,0.0,0.127884,0.0
96,0.0,0.0,0.0,0.211456,0.0,0.0,0.33293,0.0,0.103732,0.630843,0.117861,0.0,0.0,1.459648,0.084993,0.0217,1.074271,0.793721,1.330971,0.0,0.423743,1.11119,0.0,0.351046,0.0,0.0,0.014655,0.069901,0.260769,0.0,0.676233,0.0,0.394451,1.645502,0.121493,0.459397,0.0,0.0,0.0,0.014812,1.522141,0.919722,0.0,0.0,0.0,0.0,0.113749,0.0
97,0.0,0.0,0.0,0.095257,0.0,0.0,0.328265,0.0,0.154191,0.571276,0.336443,0.119297,0.0,1.527541,0.15748,0.126295,1.001294,0.822033,1.396246,0.0,0.484142,0.903313,0.0,0.312654,0.0,0.0,0.1696,0.112354,0.243478,0.0,0.605164,0.0,0.624195,1.660546,0.074512,0.542483,0.0,0.085028,0.0,0.048107,1.275264,1.049299,0.0,0.0,0.065064,0.0,0.224975,0.0
98,0.0,0.0,0.186122,0.0,0.0,0.0,0.355614,0.0,0.285324,0.60631,0.222688,0.282724,0.0,1.194795,0.436541,0.32128,0.49663,0.760177,1.284246,0.0,0.453465,1.334402,0.0,0.4091,0.0,0.0,0.331709,0.0,0.0,0.0,0.79071,0.0,0.521179,1.262372,0.243263,0.285635,0.0,0.330069,0.0,0.0,1.139954,0.903652,0.0,0.0,0.0,0.079125,0.0,0.0
99,0.0,0.0,0.313796,0.0,0.0,0.0,0.556311,0.0,0.439713,0.659663,0.311141,0.301825,0.0,0.842986,0.48638,0.494561,0.382926,0.878697,1.155936,0.0,0.438999,1.057101,0.0,0.383375,0.0,0.0,0.459223,0.0,0.0,0.0,0.701638,0.0,0.725335,0.962688,0.094111,0.615657,0.0,0.292214,0.0,0.0,0.752448,1.003127,0.0,0.0,0.0,0.194704,0.036496,0.0
100,0.0,0.0,0.193139,0.0,0.0,0.0,0.391647,0.090882,0.321319,0.604411,0.451367,0.339598,0.0,0.748493,0.685125,0.407153,0.251276,0.796925,0.9233,0.0,0.254127,1.252521,0.0,0.333217,0.0,0.0,0.539969,0.0,0.0,0.0,0.681652,0.0,0.737407,0.749926,0.131947,0.671953,0.0,0.196443,0.0,0.0,0.612087,0.807465,0.0,0.0,0.0,0.226684,0.019125,0.0
101,0.0,0.0,0.0,0.0,0.0,0.0,0.203901,0.463865,0.329229,0.595302,0.508078,0.251238,0.0,0.750618,0.84257,0.232744,0.095662,0.715307,0.568921,0.0,0.19219,1.119148,0.0,0.144078,0.0,0.0,0.618564,0.0,0.0,0.0,0.650941,0.0,0.86572,0.567931,0.116968,0.711111,0.0,0.020346,0.0,0.0,0.454197,0.706808,0.050192,0.0,0.0,0.21962,0.221634,0.0
102,0.0,0.0,0.0,0.0,0.0,0.0,0.153908,0.415903,0.341906,0.588509,0.404811,0.103102,0.0,0.734667,0.87721,0.361336,0.0,0.820082,0.418023,0.0,0.0,1.2804,0.0,0.208854,0.0,0.0,0.605297,0.0,0.0,0.0,0.671037,0.0,0.708566,0.322666,0.331219,0.582119,0.0,0.0,0.0,0.0,0.574196,0.596549,0.108399,0.0,0.0,0.310716,0.148721,0.0
103,0.0,0.0,0.0,0.0,0.0,0.0,0.046056,0.669248,0.318319,0.413974,0.260752,0.151461,0.0,0.357498,0.625334,0.160644,0.066882,0.53315,0.440726,0.0,0.038567,0.82063,0.156308,0.21749,0.0,0.0,0.304131,0.0,0.0,0.0,0.501018,0.0,0.691058,0.289685,0.187054,0.413697,0.0,0.0,0.0,0.0,0.382421,0.464062,0.0,0.0,0.116166,0.215882,0.285708,0.0
104,0.007056,0.0,0.0,0.0,0.0,0.0,0.127639,0.584836,0.426194,0.243259,0.0929,0.244198,0.0,0.210084,0.369295,0.371869,0.117932,0.580344,0.474395,0.0,0.034283,0.626241,0.357292,0.297116,0.0,0.0,0.129777,0.0,0.0,0.0,0.251781,0.0,0.718362,0.337255,0.17621,0.271128,0.0,0.0,0.0,0.0,0.332425,0.489976,0.0,0.0,0.258057,0.381534,0.346927,0.0
105,0.196843,0.0,0.032369,0.0,0.0,0.0,0.236032,0.661872,0.490608,0.050488,0.0,0.34923,0.0,0.041808,0.202863,0.250256,0.217267,0.452275,0.474861,0.0,0.224052,0.31666,0.500166,0.355937,0.0,0.0,0.056641,0.0,0.0,0.0,0.150517,0.0,0.635157,0.349816,0.21557,0.134656,0.331177,0.0,0.0,0.0,0.422187,0.438652,0.0,0.0,0.310715,0.31547,0.319719,0.0
106,0.263303,0.0,0.0,0.0,0.0,0.0,0.409048,0.699036,0.527874,0.0,0.0,0.574627,0.0,0.0,0.078344,0.431134,0.363586,0.480706,0.608651,0.0,0.219335,0.194952,0.545594,0.562446,0.0,0.0,0.0,0.122817,0.0,0.0,0.141013,0.103555,0.406455,0.49873,0.222175,0.0,0.424576,0.0,0.0,0.0,0.545824,0.44069,0.0,0.0,0.307368,0.29498,0.286254,0.0
107,0.672127,0.0,0.0,0.0,0.0,0.0,0.550292,0.75896,0.285457,0.0,0.0,0.48871,0.0,0.0,0.042163,0.497097,0.440075,0.436974,0.614028,0.0,0.156212,0.0,0.801169,0.84666,0.0,0.056427,0.0,0.209384,0.0,0.0,0.399853,0.117256,0.346161,0.310336,0.417088,0.128542,0.323889,0.0,0.0,0.0,0.552121,0.5774,0.0,0.0,0.438715,0.076237,0.401869,0.0
108,0.564617,0.0,0.0,0.0,0.0,0.0,0.807993,0.496381,0.429324,0.0,0.0,0.595227,0.0,0.109331,0.186599,0.406768,0.616723,0.541882,0.850768,0.0,0.12405,0.391064,0.305329,0.923054,0.0,0.26875,0.0,0.057441,0.0,0.0,0.552341,0.0,0.018021,0.472751,0.586139,0.0,0.465524,0.093189,0.0,0.0,0.897695,0.481106,0.0,0.0,0.224976,0.0,0.025115,0.0
109,0.646913,0.0,0.136668,0.148885,0.0,0.0,1.039211,0.156211,0.387608,0.0,0.0,0.580971,0.0,0.148213,0.251532,0.201167,0.919931,0.694588,1.083073,0.0,0.00138,0.676078,0.114451,0.989123,0.0,0.554652,0.0,0.06124,0.0,0.0,0.712499,0.0,0.044096,0.565547,0.821527,0.0,0.451536,0.02674,0.0,0.0,1.041402,0.369747,0.0,0.0,0.187394,0.0,0.0,0.028359
110,0.805381,0.104064,0.197153,0.126736,0.0,0.0,1.107255,0.084406,0.348679,0.098579,0.0,0.676789,0.0,0.088616,0.0,0.245226,1.114046,0.813861,1.273618,0.0,0.09222,0.592815,0.340988,0.965191,0.0,0.533162,0.0,0.182774,0.007262,0.0,0.640767,0.0,0.249198,0.548708,0.83807,0.222613,0.345845,0.0,0.0,0.0,0.86391,0.343481,0.0,0.0,0.451343,0.0,0.107419,0.131416
111,0.828294,0.086026,0.074332,0.059456,0.0,0.0,1.099785,0.028547,0.219928,0.081714,0.0,0.726741,0.0,0.0,0.0,0.149179,1.098567,0.673854,1.241385,0.0,0.254303,0.468744,0.539294,0.902642,0.0,0.417892,0.0,0.212419,0.004936,0.0,0.67201,0.0,0.201581,0.586858,0.694273,0.44782,0.182348,0.008422,0.000867,0.016338,1.002138,0.35329,0.0,0.0,0.36438,0.0,0.131715,0.061858
112,0.731137,0.143175,0.078118,0.039672,0.0,0.0,1.093114,0.0,0.148907,0.11588,0.0,0.704927,0.0,0.082938,0.0,0.134452,1.078156,0.726565,1.267321,0.0,0.397458,0.436278,0.411294,0.814984,0.0,0.227951,0.0,0.368935,0.046664,0.0,0.704062,0.0,0.127148,0.734427,0.670617,0.28886,0.041783,0.159784,0.009152,0.0,1.049007,0.409107,0.0,0.0,0.306384,0.0,0.026763,0.0
113,0.576584,0.0,0.029362,0.027772,0.0,0.0,0.90358,0.0,0.025045,0.124463,0.0,0.37271,0.0,0.159821,0.128411,0.0,0.913235,0.513585,0.888613,0.0,0.339745,0.481391,0.300497,0.605029,0.0,0.17353,0.0,0.067315,0.046038,0.0,0.950389,0.0,0.04081,0.66557,0.697077,0.409412,0.0,0.0,0.059981,0.0,1.168442,0.467005,0.0,0.0,0.0,0.0,0.0,0.0
114,0.440444,0.423152,0.0,0.0,0.0,0.0,0.732553,0.0,0.021273,0.279129,0.0,0.213348,0.0,0.31544,0.0,0.0,0.976909,0.626445,0.914933,0.0,0.26933,0.573321,0.217894,0.571267,0.0,0.0,0.0,0.167693,0.040635,0.0,0.832375,0.0,0.067814,0.654712,0.722855,0.32158,0.0,0.086166,0.076361,0.0,1.152831,0.561971,0.019339,0.0,0.0,0.0,0.0,0.0
115,0.388304,0.444301,0.060312,0.0,0.0,0.0,0.662107,0.0,0.131587,0.601019,0.0,0.0,0.0,0.418595,0.0,0.0,1.22721,0.723685,0.875292,0.0,0.142081,0.639401,0.14773,0.335377,0.0,0.052907,0.0,0.248896,0.073121,0.023791,0.603557,0.0,0.051511,0.623688,0.698936,0.345746,0.0,0.0,0.190839,0.0,1.362993,0.514251,0.021864,0.0,0.0,0.0,0.0,0.0
116,0.344482,0.404156,0.0,0.0,0.0,0.0,0.59755,0.0,0.19427,0.508835,0.0,0.0,0.0,0.633266,0.0,0.0,1.246057,0.757995,0.68318,0.0,0.203622,0.54255,0.157017,0.138773,0.0,0.0,0.0,0.192589,0.04988,0.244916,0.461176,0.081843,0.043377,0.599463,0.609704,0.518581,0.0,0.0,0.024444,0.0,1.389813,0.613596,0.069314,0.0,0.062923,0.051011,0.0,0.0
117,0.247798,0.46811,0.040155,0.0,0.0,0.0,0.727153,0.0,0.194932,0.429963,0.0,0.0,0.0,0.398479,0.0,0.001756,1.039452,0.725521,0.596766,0.0,0.152645,0.42279,0.366137,0.053972,0.0,0.0,0.0,0.126745,0.0,0.573001,0.563385,0.520986,0.063896,0.523723,0.557167,0.69238,0.0,0.0,0.266207,0.0,1.33359,0.659544,0.0,0.0,0.0,0.143041,0.0,0.0
118,0.228714,0.334215,0.019317,0.0,0.0,0.0,0.57124,0.0,0.105662,0.392602,0.0,0.0,0.0,0.300091,0.0,0.032915,0.815013,0.59686,0.39222,0.0,0.049203,0.410427,0.48831,0.010993,0.0,0.0,0.0,0.084856,0.0,0.607713,0.532061,0.403807,0.030834,0.429002,0.678778,0.816745,0.0,0.0,0.21098,0.0,1.338417,0.653723,0.0,0.0,0.0,0.06072,0.0,0.0
119,0.17625,0.157704,0.0,0.0,0.0,0.0,0.186389,0.0,0.0,0.314071,0.0,0.0,0.0,0.31196,0.202055,0.088787,0.509802,0.462742,0.400292,0.0,0.0,0.634781,0.154958,0.2388,0.0,0.0,0.0,0.0,0.0,0.520187,0.380096,0.176333,0.030316,0.391493,0.782011,0.533339,0.0,0.0,0.0,0.0,1.167652,0.59089,0.021749,0.0,0.0,0.054987,0.0,0.0
120,0.276817,0.181702,0.0,0.0,0.0,0.0,0.284394,0.0,0.0,0.221277,0.0,0.0,0.0,0.200457,0.296038,0.298451,0.454299,0.420093,0.485923,0.0,0.0,0.401849,0.344975,0.430263,0.0,0.0,0.0,0.150058,0.0,0.566111,0.371367,0.271939,0.071033,0.450477,0.731358,0.376965,0.0,0.048589,0.0,0.0,0.941547,0.723549,0.0,0.0,0.0,0.0,0.0,0.0
121,0.442066,0.267597,0.0,0.0,0.0,0.0,0.223904,0.0,0.0,0.0,0.0,0.0,0.0,0.088932,0.026479,0.206427,0.445028,0.21989,0.246925,0.0,0.031652,0.1729,0.74091,0.296341,0.0,0.0,0.0,0.111489,0.0,0.425822,0.098074,0.243442,0.252396,0.258763,0.603653,0.555454,0.0,0.0,0.0,0.0,0.671073,0.524588,0.0,0.0,0.068512,0.122274,0.144396,0.0
122,0.44147,0.027758,0.0,0.0,0.0,0.0,0.252237,0.0,0.0,0.029241,0.0,0.032019,0.0,0.028692,0.129455,0.216246,0.332115,0.167465,0.366232,0.0,0.111673,0.150099,0.487771,0.451109,0.0,0.0,0.0,0.158146,0.0,0.396037,0.262494,0.130119,0.211553,0.43348,0.566092,0.278502,0.0,0.0,0.0,0.0,0.585732,0.50071,0.0,0.0,0.019029,0.0,0.008932,0.0
123,0.409567,0.001071,0.0,0.0,0.0,0.0,0.32407,0.0,0.0,0.119794,0.0,0.016852,0.0,0.057111,0.271491,0.200161,0.423846,0.183514,0.552517,0.0,0.0,0.270364,0.240381,0.519633,0.0,0.0,0.0,0.221696,0.0,0.215356,0.414974,0.042167,0.152714,0.495043,0.732396,0.189685,0.0,0.0,0.0,0.0,0.645024,0.478604,0.0,0.0,0.029941,0.0,0.035622,0.0
124,0.293213,0.011258,0.0,0.0,0.0,0.0,0.321695,0.0,0.0,0.278769,0.0,0.0,0.0,0.043973,0.302248,0.028182,0.571916,0.283542,0.495613,0.0,0.0,0.414344,0.330061,0.278586,0.0,0.0,0.0,0.014216,0.0,0.164877,0.275869,0.0,0.143115,0.402354,0.653122,0.50698,0.0,0.0,0.0,0.0,0.749966,0.302569,0.050552,0.0,0.0,0.0,0.071373,0.0
125,0.07763,0.167493,0.0,0.0,0.0,0.0,0.29728,0.0,0.0,0.283762,0.0,0.0,0.0,0.170368,0.185794,0.191901,0.588418,0.373374,0.669374,0.0,0.0,0.58811,0.047357,0.279088,0.0,0.0,0.0,0.0,0.0,0.16718,0.209223,0.0,0.143557,0.454328,0.597501,0.409874,0.0,0.021332,0.0,0.0,0.725277,0.413446,0.116707,0.0,0.003372,0.0,0.0,0.0
126,0.024186,0.0,0.0,0.0,0.0,0.0,0.152289,0.0,0.0,0.445519,0.0,0.0,0.0,0.261468,0.352339,0.302082,0.346262,0.413875,0.660333,0.0,0.0,0.837466,0.0,0.186059,0.0,0.0,0.0,0.0,0.0,0.20808,0.235216,0.0,0.127027,0.353727,0.660338,0.345744,0.0,0.173557,0.0,0.0,0.771418,0.579804,0.13877,0.0,0.0,0.029071,0.0,0.0
127,0.0,0.0,0.0,0.0,0.0,0.0,0.198545,0.0,0.0,0.295176,0.140309,0.0,0.0,0.473905,0.24059,0.218539,0.240697,0.58107,0.489361,0.0,0.018596,0.64197,0.067222,0.0,0.0,0.0,0.068435,0.0,0.0,0.278095,0.087946,0.039204,0.237393,0.219686,0.388852,0.61917,0.0,0.217763,0.0,0.0,0.766125,0.647246,0.133522,0.0,0.179215,0.326419,0.006178,0.0
128,0.0,0.0,0.0,0.0,0.171343,0.0,0.093888,0.0,0.075182,0.330608,0.349575,0.0,0.0,0.495418,0.294683,0.001566,0.396808,0.490771,0.27561,0.0,0.160483,0.45703,0.1138,0.0,0.0,0.0,0.076996,0.0,0.0,0.048486,0.021514,0.0,0.239633,0.400925,0.175545,0.704893,0.0,0.0,0.0,0.0,0.719042,0.49791,0.310066,0.0,0.015243,0.131073,0.058605,0.0
129,0.0,0.0,0.0,0.0,0.324414,0.0,0.171625,0.097867,0.307608,0.147752,0.324189,0.0,0.0,0.390233,0.298328,0.0,0.372052,0.489557,0.074603,0.0,0.127826,0.216609,0.447302,0.0,0.0,0.0,0.106969,0.0,0.0,0.139642,0.098029,0.032443,0.338006,0.269994,0.129837,0.673823,0.0,0.0,0.0,0.0,0.503826,0.366011,0.227803,0.0,0.003267,0.204981,0.084786,0.0
130,0.0,0.0,0.0,0.0,0.0,0.0,0.091865,0.111127,0.377827,0.385396,0.210198,0.017455,0.0,0.244795,0.418483,0.182714,0.086734,0.604795,0.234264,0.0,0.0,0.44148,0.079442,0.073504,0.0,0.0,0.0,0.0,0.0,0.0,0.129354,0.06697,0.221711,0.353734,0.019658,0.080905,0.0,0.120397,0.0,0.0,0.44383,0.296217,0.32712,0.0,0.0,0.157515,0.0,0.0
131,0.0,0.0,0.087455,0.0,0.0,0.0,0.071814,0.122997,0.440641,0.24539,0.217778,0.128138,0.0,0.026451,0.304396,0.146989,0.230285,0.464714,0.26975,0.0,0.142032,0.161261,0.12652,0.0,0.0,0.0,0.0,0.0,0.0,0.0,0.049567,0.181142,0.185594,0.381025,0.0,0.0,0.0,0.043514,0.0,0.0,0.189209,0.232413,0.322338,0.0,0.049572,0.108054,0.0,0.0
132,0.0,0.0,0.206816,0.0,0.0,0.0,0.0,0.267587,0.51872,0.106771,0.177733,0.031577,0.0,0.0,0.341032,0.285301,0.221653,0.433159,0.046389,0.0,0.0,0.162296,0.190565,0.01422,0.0,0.0,0.0,0.0,0.0,0.0,0.087527,0.086587,0.129087,0.289226,0.041883,0.0,0.0,0.0,0.0,0.0,0.186309,0.182819,0.376561,0.0,0.0,0.089472,0.165917,0.0
133,0.095546,0.0,0.126026,0.0,0.0,0.001474,0.0,0.411592,0.474815,0.03052,0.0,0.0,0.0,0.0,0.281501,0.403835,0.33125,0.361741,0.0,0.0,0.0,0.0,0.529642,0.070393,0.0,0.0,0.0,0.224565,0.0,0.0,0.007942,0.28734,0.0,0.317088,0.0,0.0,0.0,0.0,0.0,0.0,0.187694,0.122972,0.227974,0.0,0.042349,0.047637,0.277217,0.0
134,0.283854,0.0,0.0,0.0,0.0,0.041838,0.0,0.475452,0.589453,0.056291,0.0,0.0,0.0,0.0,0.276042,0.357999,0.296565,0.438849,0.0,0.0,0.0,0.0,0.7496,0.123611,0.0,0.0,0.0,0.292743,0.0,0.0,0.073987,0.378554,0.0,0.223062,0.0,0.0,0.0,0.0,0.046155,0.0,0.336345,0.0,0.228271,0.0,0.116576,0.069117,0.271159,0.0
135,0.274855,0.0,0.0,0.010571,0.0,0.0,0.032267,0.468267,0.812466,0.143881,0.0,0.026562,0.0,0.0,0.0,0.292052,0.3057,0.406832,0.0,0.0,0.0,0.0,0.805601,0.0,0.0,0.0,0.0,0.140792,0.0,0.0,0.0,0.433199,0.0,0.394175,0.0,0.0,0.0,0.0,0.098101,0.0,0.375132,0.0,0.2501,0.0,0.203022,0.209712,0.137086,0.0
136,0.255733,0.0,0.0,0.0,0.0,0.0,0.003256,0.65447,0.788685,0.150446,0.0,0.005122,0.0,0.0,0.114221,0.40323,0.287982,0.427229,0.0,0.0,0.0,0.0,0.98955,0.0,0.0,0.0,0.0,0.22904,0.0,0.0,0.0,0.727032,0.0,0.475859,0.0,0.0,0.0,0.0,0.064315,0.0,0.604105,0.0,0.287212,0.0,0.134,0.306226,0.276967,0.0
137,0.365015,0.114729,0.0,0.0,0.055809,0.188848,0.0,0.726531,1.072734,0.019754,0.0,0.0,0.0,0.0,0.041386,0.17845,0.364497,0.351382,0.0,0.0,0.0,0.0,1.570381,0.0,0.0,0.0,0.0,0.362058,0.0,0.183921,0.0,0.743107,0.0,0.473787,0.002824,0.191116,0.0,0.0,0.194986,0.0,0.376571,0.0,0.386969,0.0,0.092687,0.324113,0.514727,0.0
138,0.428186,0.061729,0.0,0.0,0.0,0.024153,0.0,0.762266,1.008816,0.148346,0.0,0.0,0.0,0.0,0.0,0.243458,0.292921,0.4478,0.0,0.0,0.0,0.0,1.253214,0.0,0.0,0.0,0.0,0.270016,0.0,0.183786,0.0,0.843955,0.0,0.482177,0.0,0.073745,0.0,0.0,0.0,0.0,0.516486,0.0,0.277023,0.0,0.181699,0.323083,0.321881,0.0
139,0.414159,0.132796,0.0,0.0,0.045052,0.092768,0.0,0.730205,1.087281,0.143945,0.0,0.0,0.0,0.0,0.126064,0.022235,0.184367,0.460667,0.0,0.0,0.0,0.0,1.565845,0.0,0.0,0.0,0.0,0.364069,0.0,0.395266,0.0,0.802568,0.070093,0.378475,0.396253,0.289223,0.0,0.0,0.035658,0.0,0.384112,0.0,0.255155,0.0,0.157563,0.258111,0.485027,0.0
140,0.285815,0.045426,0.0,0.0,0.0,0.257977,0.0,0.945457,0.850999,0.046311,0.0,0.0,0.0,0.0,0.117321,0.178748,0.224066,0.449357,0.0,0.0,0.0,0.0,1.323916,0.0,0.0,0.0,0.0,0.376312,0.0,0.387759,0.0,0.822125,0.038646,0.75961,0.303145,0.118021,0.0,0.0,0.0,0.0,0.34852,0.073425,0.301154,0.0,0.080234,0.302789,0.464935,0.0
141,0.248267,0.0,0.0,0.0,0.082787,0.201208,0.0,0.932969,0.69581,0.096918,0.0,0.0,0.0,0.0,0.399127,0.0,0.0,0.474317,0.0,0.0,0.0,0.0,1.178246,0.0,0.0,0.0,0.0,0.182382,0.0,0.501664,0.0,0.620831,0.176109,0.19166,0.386273,0.034854,0.0,0.0,0.0,0.0,0.293811,0.167226,0.200556,0.0,0.094809,0.284788,0.421185,0.0
142,0.0,0.0,0.0,0.0,0.105786,0.292771,0.0,1.126824,0.712605,0.491881,0.0,0.0,0.0,0.0,0.65941,0.0,0.0,0.623902,0.0,0.0,0.0,0.109385,0.761906,0.0,0.0,0.0,0.0,0.124892,0.0,0.473079,0.0,0.261479,0.421002,0.300323,0.31449,0.0,0.0,0.0,0.0,0.0,0.181867,0.183501,0.294833,0.0,0.0,0.201588,0.257342,0.0
143,0.0,0.0,0.0,0.0,0.01892,0.392865,0.0,1.2631,0.674027,0.341066,0.0,0.0,0.0,0.0,0.559582,0.0,0.0,0.618831,0.0,0.0,0.0,0.0,1.098397,0.0,0.0,0.0,0.021188,0.142545,0.0,0.61377,0.0,0.355269,0.50786,0.728562,0.313616,0.088777,0.0,0.0,0.0,0.0,0.0,0.147318,0.311997,0.0,0.0,0.393319,0.360606,0.0
144,0.0,0.0,0.0,0.0,0.068397,0.281144,0.0,1.286539,0.48182,0.269747,0.061532,0.0,0.0,0.0,0.771943,0.0,0.0,0.712023,0.0,0.0,0.0,0.160994,1.054657,0.0,0.0,0.0,0.080902,0.173154,0.032409,0.700233,0.0,0.320458,0.531076,0.560709,0.344232,0.232536,0.0,0.0,0.0,0.0,0.025255,0.184547,0.122242,0.0,0.0,0.518863,0.518557,0.0
145,0.0,0.0,0.0,0.0,0.351666,0.271655,0.0,1.394066,0.514733,0.5057,0.184967,0.0,0.0,0.0,0.751944,0.0,0.0,0.672954,0.0,0.0,0.0,0.275604,0.987888,0.0,0.0,0.0,0.369918,0.0,0.10615,0.707891,0.010209,0.0,0.699939,0.292616,0.270344,0.315675,0.0,0.0,0.0,0.0,0.0,0.17874,0.197626,0.0,0.0,0.506978,0.46443,0.0
146,0.0,0.0,0.0,0.0,0.061177,0.0,0.0,1.305181,0.442882,0.523118,0.353794,0.024264,0.0,0.0,0.69421,0.0,0.0,0.742721,0.0,0.0,0.0,0.411507,0.753368,0.0,0.0,0.0,0.279352,0.0,0.010068,0.434953,0.0,0.099294,0.702492,0.483412,0.094958,0.145813,0.0,0.0,0.0,0.0,0.055416,0.19083,0.168862,0.0,0.0,0.584345,0.349708,0.0
147,0.0,0.0,0.0,0.0,0.265729,0.065177,0.0,1.276652,0.488096,0.457277,0.421989,0.0,0.0,0.0,0.670759,0.0,0.0,0.774412,0.0,0.0,0.0,0.319173,0.89531,0.0,0.0,0.0,0.268849,0.0,0.229146,0.516335,0.0,0.0,0.840162,0.404799,0.28733,0.295119,0.0,0.0,0.0,0.0,0.0,0.197315,0.210717,0.0,0.0,0.572408,0.510866,0.0
148,0.0,0.0,0.0,0.0,0.246368,0.0,0.0,1.297839,0.388983,0.593022,0.264686,0.0,0.0,0.035788,0.592675,0.0,0.0,0.664031,0.0,0.0,0.0,0.51948,0.795108,0.0,0.0,0.0,0.569978,0.0,0.0,0.443484,0.0,0.0,0.908239,0.498929,0.0,0.576405,0.0,0.0,0.0,0.0,0.095169,0.210096,0.073472,0.0,0.0,0.574901,0.338474,0.0
149,0.0,0.0,0.0,0.0,0.154766,0.0,0.0,1.179664,0.410229,0.25332,0.326628,0.0,0.0,0.066031,0.698534,0.0,0.0,0.692154,0.0,0.0,0.0,0.345125,1.051042,0.0,0.0,0.0,0.408286,0.0,0.085077,0.701003,0.0,0.0,0.983102,0.721359,0.071483,0.801383,0.0,0.0,0.0,0.0,0.05366,0.244839,0.086179,0.0,0.0,0.796075,0.423002,0.0
150,0.0,0.0,0.0,0.0,0.11943,0.0,0.0,0.928861,0.237054,0.289991,0.499322,0.0,0.0,0.17914,0.679684,0.0,0.0,0.72025,0.115497,0.0,0.0,0.568968,0.727212,0.0,0.0,0.0,0.336206,0.0,0.204811,0.593599,0.0,0.0,1.016975,0.545099,0.045465,0.787723,0.0,0.0,0.0,0.0,0.195975,0.3777,0.0,0.0,0.0,0.829218,0.439271,0.0
151,0.0,0.0,0.0,0.0,0.068697,0.0,0.0,0.542178,0.118539,0.248167,0.564351,0.0,0.0,0.352727,0.460757,0.0,0.0,0.752684,0.453813,0.0,0.0,0.847585,0.614762,0.0,0.0,0.0,0.400765,0.0,0.270106,0.622456,0.0,0.0,0.960978,0.317962,0.103356,1.05,0.0,0.0,0.0,0.0,0.294889,0.509084,0.0,0.0,0.0,0.964081,0.433405,0.0
152,0.0,0.0,0.0,0.0,0.349967,0.0,0.0,0.48382,0.017476,0.602531,0.521205,0.0,0.0,0.551954,0.644823,0.0,0.0,0.90469,0.351258,0.0,0.20129,1.027549,0.409406,0.0,0.0,0.0,0.707275,0.0,0.113393,0.472579,0.0,0.0,1.095314,0.255852,0.082731,1.335192,0.0,0.0,0.0,0.0,0.478496,0.600229,0.0,0.0,0.0,0.791486,0.337752,0.0
153,0.0,0.0,0.0,0.0,0.246512,0.0,0.0,0.336117,0.0,1.034132,0.474003,0.0,0.0,0.819002,0.950236,0.0,0.0,0.967594,0.655855,0.0,0.129739,1.357296,0.0,0.0,0.0,0.0,0.736923,0.0,0.0,0.285531,0.0,0.0,1.154611,0.448386,0.331736,1.157678,0.0,0.066852,0.0,0.0,0.690257,0.739231,0.189474,0.0,0.0,0.704766,0.253434,0.0
154,0.0,0.0,0.0,0.0,0.342092,0.0,0.070481,0.402852,0.0,1.088215,0.569925,0.123506,0.0,0.972183,1.157801,0.0,0.0,1.0526,0.825675,0.0,0.0,1.722646,0.0,0.0,0.0,0.0,0.896905,0.0,0.0,0.175425,0.020526,0.0,1.190146,0.489154,0.551081,1.32164,0.0,0.306373,0.0,0.027658,0.888338,0.992122,0.163906,0.0,0.0,0.671143,0.21627,0.0
155,0.0,0.0,0.0,0.0,0.274944,0.0,0.31635,0.336184,0.0,0.884653,0.545708,0.236065,0.0,0.937181,0.965743,0.0,0.0,1.035222,1.033799,0.0,0.304084,1.519696,0.0,0.0,0.0,0.0,0.744392,0.0,0.183017,0.208289,0.0,0.0,1.346111,0.772573,0.390855,1.425648,0.0,0.673248,0.0,0.105109,0.699268,0.993557,0.098888,0.0,0.0,0.652351,0.366092,0.0
156,0.0,0.0,0.0,0.0,0.456132,0.0,0.089488,0.493522,0.0,0.960261,0.575045,0.341155,0.0,1.207643,1.202622,0.0,0.0,0.850281,0.829835,0.0,0.292212,1.629129,0.0,0.0,0.0,0.0,0.872757,0.0,0.048779,0.0,0.153147,0.0,1.173533,1.004758,0.378842,1.394105,0.0,0.430745,0.0,0.194559,0.836651,1.036811,0.340229,0.0,0.0,0.427721,0.520508,0.0
157,0.0,0.0,0.0,0.0,0.398707,0.0,0.144694,0.24993,0.0,0.915477,0.596649,0.358005,0.0,1.432026,1.009211,0.0,0.0379,0.881845,0.914777,0.0,0.450905,1.566295,0.0,0.0,0.0,0.0,0.843855,0.0,0.0,0.0,0.12274,0.0,0.936329,1.20775,0.101225,1.223299,0.0,0.455598,0.0,0.282377,0.904899,1.030653,0.313692,0.0,0.0,0.255619,0.461843,0.0
158,0.0,0.0,0.0,0.0,0.212908,0.0,0.282312,0.0,0.029867,0.891353,0.534125,0.208868,0.0,1.652859,0.738025,0.0,0.184661,0.983466,1.073456,0.0,0.613438,1.305217,0.0,0.024883,0.0,0.0,0.693637,0.0,0.0,0.0,0.0,0.0,0.80351,1.314979,0.0,0.80143,0.0,0.604454,0.0,0.251539,1.010592,0.991457,0.317637,0.0,0.037134,0.196407,0.324112,0.0
159,0.0,0.0,0.0,0.165703,0.143946,0.0,0.447818,0.0,0.011942,0.697801,0.375861,0.09043,0.0,1.342126,0.490586,0.042934,0.405712,0.972441,1.14959,0.0,0.686414,1.149924,0.0,0.092401,0.0,0.0,0.335586,0.0,0.0,0.0,0.033498,0.0,0.681679,1.335184,0.006665,0.937253,0.0,0.652287,0.0,0.256018,1.026478,1.051274,0.094224,0.0,0.0,0.02623,0.265255,0.0
160,0.0,0.0,0.0,0.225237,0.239198,0.0,0.431542,0.0,0.0,0.611004,0.410493,0.112728,0.0,1.471326,0.467108,0.079058,0.406358,0.959714,1.089888,0.0,0.654878,1.166629,0.0,0.070259,0.0,0.0,0.344227,0.0,0.0,0.0,0.0,0.0,0.566811,1.385876,0.0,0.94384,0.0,0.612626,0.0,0.185949,1.111486,1.069901,0.076081,0.0,0.0,0.046737,0.186832,0.0
161,0.0,0.0,0.0,0.208821,0.093185,0.0,0.738048,0.0,0.106503,0.687317,0.399024,0.0,0.0,1.494414,0.443673,0.110083,0.440487,1.158746,1.262744,0.0,0.787576,0.917165,0.0,0.0,0.0,0.0,0.386154,0.0,0.0,0.0,0.0,0.047761,0.705857,1.174203,0.077984,0.914879,0.0,0.833138,0.0,0.129776,1.126117,1.088669,0.19869,0.0,0.24994,0.231713,0.131627,0.0
162,0.0,0.0,0.0,0.0,0.311242,0.0,0.537415,0.0,0.0,0.77065,0.490502,0.064551,0.0,1.377969,0.844583,0.0,0.417857,0.921692,0.995267,0.0,0.530989,1.119925,0.0,0.0,0.0,0.0,0.446353,0.0,0.0,0.0,0.055544,0.0,0.650096,1.153108,0.403918,1.275185,0.0,0.530937,0.0,0.220431,1.207234,1.125837,0.382054,0.0,0.089876,0.104074,0.147355,0.0
163,0.0,0.0,0.0,0.0,0.158598,0.0,0.710195,0.0,0.0,0.866551,0.520451,0.044016,0.0,1.262752,0.970823,0.154072,0.256556,1.002466,1.175787,0.0,0.56072,1.296811,0.0,0.0,0.0,0.0,0.638897,0.0,0.0,0.043299,0.0,0.0,0.789425,0.805953,0.47173,1.330642,0.0,0.66068,0.0,0.123129,1.131512,1.227795,0.318204,0.0,0.297951,0.309596,0.158723,0.0
164,0.0,0.0,0.0,0.0,0.079176,0.0,0.551889,0.0,0.0,0.930568,0.522982,0.237811,0.0,1.082655,1.250338,0.274139,0.056254,0.807213,1.129802,0.0,0.405363,1.697974,0.0,0.0,0.0,0.0,0.797304,0.0,0.0,0.1737,0.139864,0.0,0.696235,0.570207,0.678404,1.402905,0.0,0.595669,0.0,0.013855,1.056906,1.265839,0.208083,0.0,0.237941,0.332661,0.048088,0.0
165,0.0,0.0,0.0,0.0,0.0,0.0,0.567199,0.0,0.0,1.024801,0.453671,0.249066,0.0,1.019658,1.337785,0.316725,0.01769,0.7582,1.146718,0.0,0.300878,1.838719,0.0,0.0,0.0,0.0,0.762018,0.0,0.0,0.395503,0.144751,0.0,0.776182,0.396655,0.827622,1.207316,0.0,0.653362,0.0,0.0,0.864621,1.201084,0.181758,0.0,0.383736,0.384879,0.123327,0.0
166,0.0,0.0,0.0,0.0,0.022873,0.0,0.467177,0.0,0.0,1.093157,0.502343,0.273658,0.0,0.938393,1.502498,0.304238,0.0,0.602996,1.003673,0.0,0.276717,1.979426,0.0,0.0,0.0,0.0,0.886591,0.0,0.0,0.507488,0.225375,0.0,0.773667,0.153145,0.918067,1.282923,0.0,0.439813,0.0,0.0,0.730071,1.219325,0.030971,0.0,0.444933,0.385707,0.15848,0.0
167,0.0,0.0,0.0,0.0,0.0,0.0,0.628063,0.0,0.0,1.400266,0.343049,0.129177,0.0,0.686233,1.763288,0.590035,0.0,0.711839,1.015722,0.0,0.080817,2.233562,0.0,0.244573,0.0,0.0,0.90706,0.0,0.0,0.561681,0.529343,0.0,0.889242,0.103621,1.229708,1.355302,0.0,0.388662,0.0,0.0,0.685635,1.232353,0.0,0.0,0.210686,0.334255,0.0,0.0
168,0.0,0.0,0.0,0.0,0.0,0.0,0.529235,0.0,0.0,1.206008,0.373788,0.19883,0.0,0.682581,1.568618,0.654702,0.0,0.694505,1.093631,0.0,0.267978,2.218407,0.0,0.012193,0.0,0.0,0.973967,0.0,0.0,0.62297,0.261755,0.0,1.091263,0.125604,0.99875,1.376997,0.0,0.417675,0.0,0.0,0.620541,1.288036,0.0,0.0,0.44803,0.612862,0.184143,0.0
169,0.0,0.0,0.0,0.0,0.0,0.0,0.493096,0.0,0.0,1.126605,0.473203,0.215925,0.0,0.849202,1.529425,0.464295,0.0,0.686072,1.124717,0.0,0.034963,2.120753,0.0,0.0,0.0,0.0,1.04897,0.0,0.0,0.739964,0.353705,0.0,1.015638,0.050086,1.098681,1.395868,0.0,0.455166,0.0,0.0,0.843344,1.419264,0.0,0.0,0.520481,0.692039,0.094299,0.0
170,0.0,0.0,0.0,0.0,0.0,0.0,0.310644,0.01571,0.0,1.031633,0.68744,0.173965,0.0,1.136917,1.395526,0.184756,0.0,0.5994,0.975547,0.0,0.482223,1.981846,0.0,0.0,0.0,0.0,1.165159,0.0,0.0,0.537857,0.218691,0.0,1.035412,0.429085,0.802974,1.504424,0.0,0.080063,0.0,0.0,0.997139,1.201798,0.089456,0.0,0.393096,0.695008,0.252008,0.0
171,0.0,0.0,0.0,0.0,0.0,0.0,0.387194,0.0,0.0,1.024654,0.624708,0.00993,0.0,0.831637,1.155632,0.15085,0.0,0.684011,1.162445,0.0,0.362288,1.977483,0.0,0.0,0.0,0.0,0.846753,0.0,0.0,0.514278,0.15047,0.0,0.976213,0.410115,0.880999,1.467419,0.0,0.286811,0.0,0.0,1.061989,1.13862,0.0,0.0,0.321148,0.669338,0.092428,0.0
172,0.0,0.0,0.0,0.0,0.0,0.0,0.267313,0.0,0.0,0.971423,0.499609,0.0,0.0,0.936537,1.099254,0.12213,0.0,0.662485,1.067759,0.0,0.316589,1.821481,0.0,0.0,0.0,0.0,0.759475,0.0,0.0,0.510529,0.136721,0.0,0.927763,0.40932,0.879165,1.242064,0.0,0.321554,0.0,0.0,1.101826,1.073901,0.147986,0.0,0.306316,0.68021,0.149539,0.0
173,0.0,0.0,0.0,0.0,0.0,0.0,0.318202,0.0,0.0,0.834296,0.399137,0.0,0.0,0.527117,1.052886,0.197733,0.0,0.592036,0.858435,0.0,0.13397,1.653076,0.0,0.0,0.0,0.0,0.699193,0.0,0.0,0.662602,0.19848,0.0,1.025617,0.247487,0.879489,1.334439,0.0,0.237085,0.0,0.0,0.802587,1.154181,0.0,0.0,0.16711,0.646522,0.03356,0.0
174,0.0,0.0,0.0,0.0,0.0,0.0,0.44841,0.0,0.0,0.549018,0.391033,0.0,0.0,0.403654,0.712063,0.0,0.018948,0.572796,0.761482,0.0,0.29924,1.067805,0.202427,0.0,0.0,0.0,0.483528,0.0,0.0,0.690475,0.005634,0.0,0.865943,0.09213,0.809317,1.226381,0.0,0.245436,0.0,0.0,0.670523,0.92205,0.0,0.0,0.291969,0.618939,0.052034,0.0
175,0.0,0.0,0.0,0.0,0.0,0.0,0.172832,0.06511,0.0,0.753556,0.481563,0.0,0.0,0.411813,0.806747,0.0,0.0,0.574737,0.550283,0.0,0.036305,1.168113,0.0,0.0,0.0,0.0,0.286926,0.0,0.0,0.521769,0.123998,0.0,0.600368,0.268826,0.72677,0.849191,0.0,0.020798,0.0,0.0,0.692646,0.764446,0.146118,0.0,0.005885,0.366751,0.0,0.0
176,0.0,0.0,0.0,0.0,0.0,0.0,0.0,0.180508,0.033826,0.647884,0.273814,0.0,0.0,0.386658,0.727525,0.0,0.0,0.472388,0.365588,0.0,0.0,0.898949,0.0,0.0,0.0,0.0,0.0,0.0,0.0,0.522364,0.040599,0.0,0.479472,0.245285,0.733133,0.40377,0.0,0.0,0.0,0.0,0.57962,0.536032,0.377518,0.0,0.0,0.307279,0.042992,0.0
177,0.165932,0.0,0.0,0.0,0.0,0.0,0.043352,0.201106,0.038829,0.375806,0.188791,0.0,0.0,0.099106,0.570497,0.0,0.0,0.441736,0.193663,0.0,0.0,0.40805,0.388116,0.0,0.0,0.0,0.0,0.0,0.0,0.699204,0.03853,0.0,0.449332,0.066239,0.594251,0.506007,0.0,0.0,0.0,0.0,0.36243,0.442837,0.078635,0.0,0.0,0.172581,0.0,0.0
178,0.244045,0.017581,0.0,0.0,0.0,0.0,0.038349,0.155056,0.0,0.080287,0.021186,0.0,0.0,0.033368,0.428518,0.0,0.112032,0.397042,0.077624,0.0,0.0,0.136976,0.714266,0.0,0.0,0.0,0.0,0.0,0.0,0.720119,0.0,0.240137,0.324663,0.122226,0.531995,0.762665,0.0,0.0,0.0,0.0,0.372299,0.244092,0.0,0.0,0.0,0.23599,0.037451,0.0
179,0.37817,0.115696,0.0,0.0,0.0,0.0,0.0,0.125097,0.0,0.048267,0.0,0.0,0.0,0.040641,0.278767,0.005558,0.122128,0.43512,0.017111,0.0,0.0,0.0,0.69546,0.0,0.0,0.0,0.0,0.0,0.021007,0.639733,0.0,0.280836,0.208068,0.122344,0.474617,0.704005,0.0,0.0,0.0,0.0,0.451448,0.237812,0.0,0.0,0.0,0.13513,0.038844,0.0
180,0.343134,0.281612,0.0,0.0,0.0,0.0,0.0,0.013532,0.0,0.165611,0.0,0.0,0.0,0.149173,0.343352,0.083226,0.159938,0.666547,0.240252,0.0,0.0,0.0,0.374851,0.17009,0.0,0.120153,0.0,0.0,0.063494,0.433195,0.0,0.296223,0.086465,0.083064,0.45996,0.305107,0.0,0.0,0.0,0.0,0.497545,0.25077,0.001029,0.0,0.0,0.0,0.0,0.0
181,0.282983,0.447996,0.0,0.0,0.0,0.0,0.038072,0.069239,0.0,0.03844,0.0,0.0,0.0,0.093761,0.18969,0.152936,0.319442,0.696515,0.186911,0.0,0.0,0.0,0.567379,0.231842,0.0,0.0,0.0,0.0,0.0,0.369187,0.0,0.475807,0.0,0.315537,0.255236,0.547584,0.0,0.0,0.019917,0.0,0.630052,0.065083,0.050762,0.0,0.0,0.147386,0.086585,0.0
182,0.320682,0.257289,0.0,0.0,0.0,0.0,0.049316,0.0,0.030913,0.062533,0.0,0.0,0.0,0.178436,0.096133,0.062489,0.303912,0.766925,0.065415,0.0,0.0,0.0,0.378546,0.054184,0.0,0.04221,0.0,0.0,0.05999,0.356071,0.0,0.311957,0.0,0.217758,0.09435,0.178409,0.0,0.0,0.0,0.0,0.428163,0.125608,0.154979,0.0,0.0,0.0,0.0,0.0
183,0.390094,0.275248,0.0,0.0,0.0,0.0,0.087913,0.002283,0.0,0.120651,0.0,0.0,0.0,0.0,0.156366,0.000578,0.49023,0.598603,0.032172,0.0,0.0,0.0,0.484345,0.181323,0.0,0.000783,0.0,0.0,0.0,0.323651,0.137243,0.4465,0.0,0.248243,0.321994,0.376311,0.0,0.016775,0.023645,0.0,0.503747,0.0,0.214998,0.0,0.0,0.0,0.022764,0.0
184,0.402751,0.328609,0.0,0.0,0.0,0.0,0.0,0.0,0.07898,0.207351,0.0,0.0,0.0,0.0,0.04908,0.0,0.51942,0.618718,0.045163,0.0,0.0,0.0,0.398756,0.0,0.0,0.03369,0.0,0.0,0.034009,0.192642,0.0,0.295484,0.0,0.182006,0.334247,0.241735,0.0,0.0,0.0,0.0,0.347688,0.0,0.353809,0.0,0.0,0.0,0.0,0.0
185,0.341811,0.191268,0.0,0.0,0.0,0.0,0.0,0.280914,0.35639,0.194769,0.017873,0.0,0.0,0.0,0.246562,0.0,0.328719,0.4458,0.0,0.0,0.0,0.0,0.476996,0.0,0.0,0.0,0.0,0.0,0.0,0.390224,0.077087,0.1814,0.0,0.0,0.345486,0.094317,0.0,0.0,0.0,0.0,0.272828,0.073332,0.382974,0.0,0.0,0.0,0.0,0.0
186,0.368326,0.091922,0.0,0.0,0.0,0.103891,0.0,0.385316,0.333652,0.091658,0.0,0.0,0.0,0.002556,0.506975,0.0,0.257034,0.498615,0.0,0.0,0.0,0.0,0.470172,0.0,0.0,0.0,0.0,0.0,0.0,0.619219,0.046961,0.284582,0.0,0.061837,0.320431,0.110122,0.0,0.0,0.0,0.0,0.207321,0.094445,0.479209,0.0,0.0,0.047342,0.0,0.0
187,0.417242,0.110234,0.0,0.0,0.015289,0.0,0.0,0.362037,0.39774,0.144198,0.18702,0.0,0.0,0.0,0.389958,0.0,0.329521,0.374475,0.0,0.0,0.0,0.0,0.606221,0.0,0.0,0.0,0.0,0.0,0.0,0.678386,0.031536,0.381115,0.080028,0.0,0.447689,0.451379,0.0,0.0,0.0,0.0,0.16028,0.034352,0.370205,0.0,0.0,0.174009,0.0,0.0
188,0.554284,0.10351,0.0,0.0,0.011119,0.027487,0.056771,0.372462,0.22041,0.088903,0.017495,0.0,0.0,0.0,0.663758,0.082523,0.290251,0.401354,0.0,0.0,0.0,0.0,0.762229,0.0,0.0,0.0,0.0,0.0,0.0,0.860515,0.064001,0.568545,0.030783,0.0,0.656657,0.599492,0.105486,0.0,0.0,0.0,0.211443,0.002256,0.333607,0.0,0.0,0.233841,0.069355,0.0
189,0.571719,0.0,0.0,0.0,0.0,0.052212,0.029225,0.445305,0.244583,0.224813,0.0,0.0,0.0,0.135384,0.857765,0.308437,0.134884,0.43977,0.038628,0.0,0.0,0.241356,0.318038,0.111253,0.0,0.0,0.0,0.0,0.0,0.850419,0.10408,0.352271,0.0,0.0,0.747847,0.178011,0.0,0.0,0.0,0.0,0.196836,0.1959,0.275262,0.0,0.0,0.106785,0.0,0.04293
190,0.548681,0.067736,0.0,0.0,0.0,0.013579,0.167331,0.407828,0.176976,0.244113,0.0,0.0,0.0,0.100263,0.763635,0.312283,0.439699,0.524353,0.119764,0.0,0.0,0.0,0.436093,0.169168,0.0,0.0,0.0,0.0,0.0,0.854846,0.010502,0.471145,0.0,0.0,0.790678,0.505168,0.0,0.0,0.07655,0.0,0.317536,0.046043,0.393899,0.0,0.0,0.119837,0.071815,0.0
191,0.668303,0.084087,0.0,0.0,0.0,0.067651,0.150068,0.376132,0.0882,0.097256,0.0,0.0,0.0,0.156596,0.819527,0.432764,0.351621,0.533509,0.206722,0.0,0.0,0.227363,0.365735,0.285893,0.0,0.0,0.0,0.0,0.0,1.002838,0.046585,0.643101,0.0,0.0,0.80705,0.475588,0.013387,0.058937,0.059083,0.0,0.371008,0.216013,0.22398,0.0,0.0,0.187925,0.01955,0.131499
192,0.557749,0.207226,0.0,0.0,0.0,0.057715,0.279597,0.36303,0.225745,0.064736,0.007579,0.0,0.0,0.092471,0.826711,0.28476,0.400187,0.646122,0.112963,0.0,0.0,0.0,0.664016,0.089504,0.0,0.0,0.0,0.0,0.0,1.045136,0.0,0.761786,0.0,0.0,0.823694,0.741615,0.035425,0.102821,0.0,0.0,0.46265,0.022795,0.422292,0.0,0.0,0.254345,0.048044,0.0
193,0.650646,0.187693,0.0,0.0,0.026592,0.0,0.056238,0.440388,0.519191,0.243927,0.068352,0.0,0.0,0.0,0.5959,0.0,0.283905,0.607687,0.0,0.0,0.0,0.0,0.793278,0.0,0.0,0.0,0.0,0.0,0.0,0.955538,0.034416,0.516571,0.0,0.0,0.862371,0.557935,0.019162,0.0,0.014066,0.0,0.360652,0.0,0.445883,0.0,0.0,0.114026,0.0,0.0
194,0.62773,0.261844,0.0,0.0,0.0,0.0,0.0,0.411631,0.502905,0.166479,0.0,0.0,0.0,0.0,0.403763,0.0,0.368757,0.623496,0.0,0.0,0.0,0.0,0.800538,0.0,0.0,0.0,0.0,0.0,0.0,0.9397,0.0,0.565739,0.0,0.0,0.744863,0.592172,0.0,0.0,0.0,0.0,0.365412,0.0,0.418961,0.0,0.0,0.159719,0.0,0.0
195,0.567452,0.153276,0.0,0.0,0.186167,0.026692,0.0,0.480672,0.730566,0.127716,0.0,0.0,0.0,0.0,0.408346,0.0,0.21951,0.638618,0.0,0.0,0.0,0.0,0.970024,0.0,0.0,0.0,0.0,0.0,0.0,0.981472,0.14085,0.311124,0.0,0.0,0.49229,0.372505,0.0,0.0,0.0,0.0,0.197738,0.0,0.485503,0.0,0.0,0.040885,0.0,0.0
196,0.407932,0.245676,0.0,0.0,0.089877,0.051473,0.0,0.471959,0.834764,0.000935,0.0,0.0,0.0,0.0,0.206582,0.0,0.332742,0.643235,0.0,0.0,0.0,0.0,1.044916,0.0,0.0,0.0,0.0,0.143961,0.0,0.768398,0.0,0.349633,0.064343,0.288922,0.337569,0.259297,0.0,0.0,0.0,0.0,0.055495,0.000786,0.509494,0.0,0.0,0.083962,0.092076,0.0
197,0.273543,0.36902,0.0,0.0,0.0,0.0,0.0,0.424907,0.590038,0.0,0.0,0.0,0.0,0.0,0.025374,0.072667,0.442474,0.57951,0.0,0.0,0.0,0.0,1.04302,0.0,0.0,0.0,0.0,0.169048,0.0,0.375747,0.0,0.726396,0.018302,0.45322,0.059042,0.329549,0.0,0.0,0.0,0.0,0.35122,0.0,0.331022,0.0,0.0,0.229929,0.239747,0.0
198,0.35911,0.310617,0.0,0.0,0.0,0.0,0.0,0.375601,0.577122,0.153656,0.0,0.0,0.0,0.0,0.0,0.091794,0.490256,0.582152,0.0,0.0,0.0,0.0,0.977381,0.0,0.0,0.0,0.0,0.295711,0.0,0.0,0.0,0.612977,0.0,0.443876,0.031228,0.18933,0.0,0.0,0.172285,0.0,0.44921,0.0,0.248136,0.0,0.0,0.077701,0.386259,0.0
199,0.145326,0.270341,0.0,0.0,0.0,0.0,0.109296,0.361184,0.705384,0.107768,0.0,0.0,0.0,0.0,0.0,0.121892,0.454599,0.695128,0.0,0.0,0.074989,0.0,1.009631,0.0,0.0,0.0,0.0,0.307137,0.0,0.0,0.008518,0.622082,0.0,0.486974,0.0,0.081828,0.0,0.0,0.03768,0.0,0.399787,0.024145,0.285082,0.0,0.0,0.134581,0.416424,0.0
200,0.080851,0.332678,0.036381,0.0,0.0,0.0,0.241308,0.11475,0.834991,0.412089,0.0,0.0,0.0,0.0,0.0,0.076212,0.661495,0.877632,0.0,0.0,0.175934,0.0,0.670139,0.16395,0.0,0.0,0.0,0.296415,0.0,0.0,0.0396,0.688258,0.021211,0.205091,0.0,0.0,0.0,0.0,0.0,0.0,0.384393,0.0,0.147145,0.0,0.152055,0.168311,0.302298,0.0
201,0.0,0.012834,0.0,0.026213,0.086248,0.0,0.304144,0.090601,0.974736,0.322465,0.0,0.0,0.0,0.0,0.0,0.20319,0.494778,1.005226,0.0,0.0,0.210679,0.0,0.928932,0.069474,0.0,0.0,0.0,0.188578,0.0,0.0,0.171713,0.52133,0.0,0.480782,0.0,0.043295,0.0,0.046205,0.0,0.0,0.605268,0.030284,0.246484,0.0,0.022561,0.063382,0.255123,0.0
202,0.0,0.0,0.0,0.103637,0.224775,0.0,0.391167,0.0,1.078827,0.428306,0.0,0.0,0.0,0.084628,0.0,0.153376,0.568459,1.103175,0.0,0.0,0.233913,0.0,0.778969,0.063452,0.0,0.0,0.0,0.13814,0.0,0.0,0.177133,0.49692,0.0,0.587789,0.0,0.120019,0.0,0.040956,0.0,0.118851,0.545406,0.062056,0.254764,0.0,0.168752,0.039263,0.125062,0.0
203,0.0,0.015134,0.033076,0.116701,0.131331,0.0,0.280656,0.0,1.03056,0.498005,0.0,0.0,0.0,0.0,0.0,0.145773,0.590376,0.94287,0.0,0.0,0.36883,0.152544,0.661359,0.138888,0.0,0.0,0.0,0.21639,0.0,0.0,0.079296,0.51965,0.0,0.341553,0.0,0.0,0.0,0.036814,0.0,0.059288,0.533834,0.0,0.140866,0.0,0.110209,0.0,0.259307,0.0
204,0.0,0.235299,0.0,0.003272,0.296813,0.0,0.260784,0.121937,1.058545,0.336043,0.0,0.0,0.0,0.0,0.0,0.22965,0.636825,0.863431,0.0,0.0,0.273367,0.0,0.905027,0.017526,0.0,0.0,0.0,0.20448,0.0,0.0,0.05046,0.730517,0.0,0.565153,0.0,0.128362,0.0,0.019413,0.0,0.057319,0.393305,0.048675,0.284817,0.0,0.006061,0.093458,0.285373,0.0
205,0.0,0.265826,0.0,0.0,0.366492,0.0,0.092864,0.14285,0.980066,0.085448,0.0,0.0,0.0,0.0,0.0,0.143364,0.587955,0.762563,0.0,0.0,0.17524,0.0,1.004548,0.0,0.0,0.0,0.0,0.26992,0.027107,0.0,0.084247,0.607023,0.0,0.639208,0.0,0.154615,0.0,0.028587,0.0,0.013542,0.304201,0.0,0.505917,0.0,0.0,0.034585,0.414043,0.0
206,0.0,0.185016,0.00616,0.0,0.416879,0.0,0.038061,0.089466,0.917826,0.215191,0.087801,0.0,0.0,0.0,0.0,0.029139,0.506476,0.826845,0.0,0.0,0.195997,0.0,0.625648,0.0,0.0,0.0,0.0,0.212221,0.046018,0.0,0.187316,0.327834,0.0,0.458828,0.0,0.018892,0.0,0.0,0.0,0.0,0.256639,0.050129,0.646699,0.0,0.0,0.0,0.264919,0.0
207,0.0,0.223534,0.037878,0.0,0.376145,0.0,0.226307,0.0,0.764083,0.220064,0.0,0.0,0.0,0.0,0.027546,0.033506,0.615074,0.7304,0.0,0.0,0.249648,0.0,0.917593,0.0,0.0,0.0,0.0,0.077563,0.0,0.0,0.068388,0.667088,0.0,0.52851,0.0,0.538628,0.0,0.0,0.0,0.020907,0.46343,0.0,0.496491,0.0,0.0,0.0,0.178279,0.0
208,0.0,0.243077,0.091784,0.012752,0.290343,0.0,0.609207,0.0,0.759467,0.169604,0.0,0.0,0.0,0.009417,0.224206,0.065664,0.574344,0.925245,0.0,0.0,0.288633,0.0,0.997376,0.0,0.0,0.0,0.0,0.0,0.000271,0.198627,0.112393,0.852063,0.103822,0.502781,0.0,0.719926,0.0,0.115346,0.0,0.0,0.680682,0.164338,0.393773,0.0,0.0,0.0,0.0,0.0
209,0.037743,0.182392,0.236868,0.098913,0.379727,0.0,0.56119,0.0,0.703317,0.291185,0.0,0.0,0.0,0.299087,0.088275,0.13144,0.655898,1.055886,0.090443,0.0,0.424978,0.20597,0.346404,0.0,0.0,0.0,0.0,0.0,0.0,0.0,0.163939,0.747502,0.055626,0.281461,0.057426,0.295901,0.0,0.271313,0.0,0.0,0.713043,0.370914,0.434833,0.0,0.019136,0.081841,0.0,0.0
210,0.067326,0.113264,0.43882,0.164449,0.369653,0.0,0.649595,0.0,0.834909,0.487103,0.0,0.0,0.0,0.471617,0.128551,0.224487,0.755969,1.16514,0.156576,0.0,0.37383,0.404396,0.07693,0.0,0.0,0.0,0.0,0.0,0.0,0.0,0.255033,0.704654,0.08773,0.260654,0.25096,0.277964,0.0,0.293876,0.0,0.0,0.987478,0.422857,0.423989,0.0,0.020438,0.145326,0.0,0.0
211,0.235875,0.156402,0.3435,0.128641,0.314895,0.0,0.832085,0.0,0.910422,0.554274,0.0,0.0,0.0,0.560379,0.099555,0.207993,0.947039,1.212972,0.270407,0.0,0.617193,0.154126,0.198384,0.0,0.0,0.0,0.0,0.0,0.0,0.010972,0.250544,0.71127,0.223234,0.399557,0.171437,0.666224,0.0,0.199945,0.0,0.0,1.003639,0.396327,0.512827,0.0,0.233576,0.207425,0.0,0.0
212,0.211659,0.197111,0.466921,0.103055,0.123414,0.0,0.889147,0.0,0.960432,0.687447,0.0,0.0,0.0,0.381494,0.144584,0.296986,0.881462,1.156867,0.257137,0.0,0.624109,0.163814,0.335501,0.0,0.0,0.0,0.0,0.0,0.0,0.031817,0.293747,0.754656,0.280875,0.397637,0.183505,0.640578,0.0,0.267637,0.0,0.0,1.118742,0.408927,0.377742,0.0,0.069313,0.102583,0.0,0.0
213,0.187615,0.141787,0.363548,0.133393,0.182404,0.0,0.854726,0.0,0.836581,0.461385,0.0,0.0,0.0,0.37149,0.138317,0.318391,0.773793,1.085539,0.203298,0.0,0.55789,0.177691,0.30018,0.0,0.0,0.0,0.0,0.0,0.0,0.0,0.248237,0.790685,0.0,0.421983,0.077227,0.499287,0.0,0.252749,0.0,0.0,1.062041,0.356052,0.418635,0.0,0.068179,0.021733,0.0,0.0
214,0.145865,0.184748,0.321712,0.142374,0.133434,0.0,0.992452,0.0,0.756618,0.35724,0.0,0.0,0.0,0.255169,0.126138,0.241438,0.566636,1.1362,0.003097,0.0,0.514093,0.010089,0.702306,0.0,0.0,0.0,0.0,0.0,0.0,0.21462,0.343698,0.900481,0.008003,0.297529,0.187759,0.508534,0.0,0.533433,0.0,0.0,1.094354,0.354964,0.41987,0.0,0.0,0.109615,0.0,0.0
215,0.15207,0.250269,0.281194,0.000732,0.181583,0.0,0.643979,0.0,0.763405,0.373602,0.0,0.0,0.0,0.148365,0.0,0.285482,0.761361,0.928959,0.074051,0.0,0.461048,0.0,0.423408,0.0,0.0,0.0,0.0,0.07285,0.0,0.0,0.163892,0.714921,0.0,0.27145,0.013218,0.496957,0.0,0.115912,0.0,0.0,0.863406,0.181618,0.420244,0.0,0.119547,0.024211,0.0,0.0
216,0.0,0.049837,0.215501,0.011981,0.116669,0.0,0.505785,0.0,0.507226,0.240419,0.0,0.0,0.0,0.007556,0.130879,0.204838,0.513078,0.82229,0.0,0.0,0.179294,0.121549,0.529343,0.0,0.0,0.0,0.0,0.0,0.0,0.030059,0.146584,0.790246,0.0,0.316126,0.0,0.332898,0.0,0.106724,0.0,0.0,0.875426,0.214371,0.340754,0.0,0.0,0.0,0.0,0.0
217,0.0,0.257226,0.212125,0.047352,0.333846,0.0,0.312912,0.0,0.530716,0.031839,0.0,0.0,0.0,0.067063,0.0,0.141958,0.613687,0.774018,0.0,0.0,0.240738,0.057234,0.369996,0.0,0.0,0.0,0.0,0.063487,0.0,0.0,0.0,0.71394,0.0,0.178107,0.0,0.250419,0.0,0.0,0.0,0.0,0.489362,0.250903,0.338962,0.0,0.009697,0.06511,0.0,0.0
218,0.0,0.090629,0.018628,0.0,0.100844,0.0,0.065752,0.0,0.360437,0.107546,0.0,0.0,0.0,0.016404,0.0,0.0,0.48531,0.684146,0.0,0.0,0.0968,0.048729,0.355513,0.0,0.0,0.0,0.0,0.0,0.0,0.0,0.006912,0.359157,0.0,0.443056,0.0,0.041768,0.0,0.078358,0.0,0.0,0.471846,0.142098,0.408667,0.0,0.0,0.0,0.0,0.0
219,0.0,0.317467,0.071557,0.0,0.0,0.0,0.0,0.0,0.332763,0.089721,0.0,0.0,0.0,0.035106,0.0,0.007473,0.376937,0.567767,0.081621,0.0,0.10953,0.104224,0.313753,0.0,0.0,0.0,0.0,0.0,0.0,0.0,0.0,0.306317,0.0,0.412447,0.0,0.042983,0.0,0.190581,0.0,0.0,0.355611,0.126378,0.281601,0.0,0.0,0.078527,0.072984,0.0
220,0.0,0.092639,0.0,0.0,0.109454,0.0,0.0,0.0,0.339202,0.18842,0.141749,0.0,0.0,0.204772,0.0,0.0,0.528461,0.568965,0.018805,0.0,0.0,0.0,0.338775,0.0,0.0,0.0,0.0,0.0,0.134403,0.0,0.0,0.131397,0.137269,0.597499,0.0,0.289333,0.0,0.0,0.0,0.008205,0.301006,0.281983,0.270465,0.0,0.0,0.0,0.144159,0.0
221,0.002044,0.011054,0.0,0.0,0.087209,0.0,0.0,0.0,0.16993,0.085723,0.106913,0.0,0.0,0.42115,0.0,0.011382,0.494725,0.494339,0.135684,0.0,0.0,0.08577,0.191441,0.0,0.0,0.0,0.0,0.0,0.095482,0.0,0.0,0.047154,0.080258,0.638077,0.0,0.330476,0.0,0.0,0.0,0.061955,0.314476,0.349991,0.190957,0.0,0.023767,0.0,0.231535,0.0
222,0.0,0.0,0.0,0.0,0.12238,0.0,0.0,0.0,0.055036,0.234339,0.033164,0.002388,0.0,0.534105,0.132186,0.186627,0.306513,0.586973,0.131413,0.0,0.0,0.473395,0.024439,0.165845,0.0,0.0,0.0,0.0,0.0,0.0,0.009701,0.0,0.07091,0.565046,0.0,0.23785,0.0,0.086226,0.0,0.0,0.528683,0.482439,0.073172,0.0,0.0,0.0,0.012521,0.0
223,0.0,0.0,0.0,0.0,0.094795,0.0,0.0,0.0,0.086896,0.272396,0.108881,0.041963,0.0,0.73171,0.220542,0.348822,0.178153,0.689826,0.067037,0.0,0.0,0.528605,0.011118,0.228173,0.0,0.0,0.0,0.0,0.0,0.0,0.050795,0.0,0.040111,0.491697,0.0,0.285065,0.0,0.049303,0.0,0.0,0.631362,0.558929,0.04224,0.0,0.0,0.039756,0.038858,0.0
224,0.0,0.084375,0.0,0.0,0.0,0.0,0.067428,0.0,0.0,0.292929,0.0,0.0,0.0,0.436746,0.374294,0.520329,0.368948,0.618316,0.446405,0.0,0.0,0.709398,0.0,0.443408,0.0,0.0,0.0,0.0,0.0,0.071703,0.026423,0.229059,0.015398,0.629545,0.310487,0.354097,0.0,0.312972,0.0,0.0,0.712717,0.570186,0.0,0.0,0.0,0.211233,0.0,0.0
225,0.0,0.163018,0.0,0.0,0.0,0.0,0.016283,0.0,0.015727,0.19859,0.029937,0.0,0.0,0.409077,0.076662,0.314997,0.506909,0.656606,0.408166,0.0,0.0,0.371488,0.036735,0.180524,0.0,0.0,0.0,0.0,0.0,0.178192,0.0,0.255235,0.0,0.543438,0.078479,0.333968,0.0,0.062005,0.0,0.0,0.699405,0.491158,0.0,0.0,0.0,0.129438,0.0,0.0
226,0.027683,0.290205,0.0,0.0,0.0,0.0,0.0,0.0,0.0,0.132637,0.0,0.0,0.0,0.298659,0.0,0.057868,0.522449,0.604682,0.330512,0.0,0.0,0.042041,0.323543,0.0,0.0,0.0,0.0,0.019373,0.171917,0.261918,0.0,0.193426,0.095068,0.411459,0.144667,0.539401,0.0,0.0,0.0,0.0,0.689633,0.419437,0.0,0.0,0.0,0.055663,0.038018,0.0
227,0.204145,0.577162,0.0,0.0,0.0,0.0,0.0,0.0,0.01939,0.175438,0.0,0.0,0.0,0.192992,0.0,0.0,0.609885,0.685518,0.329171,0.0,0.0,0.0,0.48977,0.0,0.0,0.0,0.0,0.233662,0.410579,0.300829,0.011815,0.124581,0.201048,0.627645,0.261475,0.304777,0.0,0.0,0.0,0.0,0.487927,0.170398,0.110107,0.0,0.0,0.104373,0.0,0.0
228,0.261623,0.259922,0.0,0.0,0.0,0.0,0.0,0.0,0.119354,0.18219,0.0,0.0,0.0,0.155081,0.0,0.0,0.692348,0.568779,0.069633,0.0,0.0,0.0,0.620648,0.0,0.0,0.0,0.0,0.075957,0.491361,0.241662,0.028782,0.0,0.197522,0.673353,0.220985,0.371824,0.0,0.0,0.0,0.0,0.524982,0.067721,0.143014,0.0,0.0,0.0,0.0,0.0
229,0.298499,0.533083,0.0,0.0,0.0,0.0,0.0,0.0,0.043892,0.207971,0.0,0.0,0.0,0.112354,0.0,0.0,0.408808,0.609049,0.242293,0.0,0.0,0.0,0.60685,0.150834,0.0,0.088971,0.0,0.146924,0.443497,0.085361,0.237989,0.0,0.23041,0.571117,0.387817,0.169585,0.0,0.0,0.0,0.0,0.483143,0.157016,0.085216,0.0,0.0,0.0,0.055031,0.010996
230,0.242531,0.310409,0.0,0.0,0.0,0.0,0.05052,0.0,0.029743,0.091793,0.0,0.130858,0.0,0.025533,0.0,0.011601,0.450542,0.628227,0.460359,0.0,0.0,0.0,0.451565,0.383369,0.0,0.026835,0.0,0.243325,0.351199,0.0,0.206693,0.091181,0.158714,0.636509,0.274475,0.0,0.0,0.0,0.0,0.0,0.58534,0.055865,0.029228,0.0,0.0,0.0,0.004068,0.0
231,0.312074,0.359916,0.0,0.0,0.0,0.0,0.058772,0.072952,0.112165,0.100233,0.0,0.172404,0.0,0.101931,0.0,0.042604,0.431257,0.825395,0.42598,0.0,0.0,0.0,0.592146,0.357548,0.0,0.116087,0.0,0.293207,0.384924,0.0,0.0,0.061218,0.316107,0.649407,0.285069,0.0,0.0,0.0,0.0,0.0,0.473177,0.0,0.058737,0.0,0.085,0.0,0.113232,0.099914
232,0.565809,0.045718,0.0,0.0,0.0,0.0,0.206026,0.474322,0.342705,0.168457,0.0,0.166709,0.0,0.0,0.0,0.0,0.448623,0.853565,0.102117,0.0,0.0,0.0,0.981809,0.159234,0.0,0.029692,0.0,0.191709,0.333084,0.0,0.0,0.099155,0.450996,0.751638,0.338143,0.109196,0.0,0.0,0.0,0.0,0.447633,0.0,0.094022,0.0,0.03434,0.0,0.116112,0.058475
233,0.64064,0.044042,0.0,0.0,0.0,0.0,0.00817,0.857199,0.412054,0.206101,0.0,0.282926,0.0,0.013915,0.0,0.013089,0.191103,0.911432,0.11017,0.0,0.0,0.0,1.024221,0.180626,0.0,0.134671,0.0,0.115581,0.204224,0.0,0.0,0.203702,0.553844,0.705589,0.325566,0.0,0.0,0.0,0.0,0.0,0.383466,0.016373,0.0,0.0,0.095639,0.026653,0.212912,0.220646
234,0.863552,0.0,0.0,0.0,0.0,0.137286,0.0,1.358511,0.535207,0.129115,0.0,0.098933,0.0,0.0,0.310988,0.078462,0.061057,0.875457,0.0,0.0,0.0,0.0,1.409239,0.099377,0.0,0.0,0.0,0.238718,0.207098,0.262753,0.0,0.477227,0.353872,0.741483,0.292806,0.0,0.0,0.0,0.0,0.0,0.265293,0.0,0.0,0.0,0.089947,0.0,0.453335,0.34475
235,0.736837,0.0,0.0,0.0,0.0,0.488263,0.0,1.614589,0.585746,0.181517,0.0,0.035313,0.0,0.004332,0.642788,0.104066,0.085271,0.931126,0.0,0.0,0.0,0.0,1.570679,0.041784,0.0,0.0,0.0,0.334408,0.123244,0.364966,0.0,0.745772,0.330007,1.000316,0.398273,0.0,0.0,0.0,0.0,0.0,0.26101,0.0,0.079761,0.0,0.0,0.043754,0.644003,0.348912
236,0.628931,0.0,0.0,0.0,0.0,0.339717,0.0,1.729959,0.616942,0.292835,0.0,0.239252,0.0,0.0,0.534038,0.097237,0.122667,0.878796,0.0,0.0,0.0,0.0,1.536555,0.0,0.0,0.0,0.179574,0.265732,0.0,0.418845,0.0,0.934011,0.422028,1.110088,0.269834,0.0,0.0,0.0,0.0,0.0,0.259484,0.0,0.007395,0.0,0.0,0.267627,0.543651,0.061966
237,0.47137,0.0,0.0,0.0,0.0,0.405962,0.0,1.829771,0.628862,0.041975,0.0,0.144256,0.0,0.0,0.585465,0.044174,0.085649,0.781385,0.0,0.0,0.0,0.0,1.574641,0.0,0.0,0.0,0.218976,0.209735,0.0,0.588842,0.0,1.008699,0.424942,1.195855,0.083172,0.0,0.0,0.0,0.0,0.0,0.272325,0.0,0.0,0.0,0.0,0.384289,0.631653,0.0
238,0.214169,0.0,0.0,0.0,0.0,0.335056,0.0,1.667667,0.823004,0.213747,0.0,0.0,0.0,0.002559,0.609541,0.0,0.0,0.910767,0.0,0.0,0.0,0.0,1.558599,0.0,0.0,0.0,0.107168,0.072914,0.137902,0.584408,0.0,0.650276,0.746576,0.956096,0.091402,0.001776,0.0,0.0,0.0,0.0,0.068172,0.01012,0.03886,0.0,0.0,0.370743,0.530098,0.0
239,0.003528,0.0,0.0,0.0,0.0,0.025307,0.0,1.601281,0.832392,0.51994,0.0,0.0,0.0,0.043944,0.331052,0.0,0.0,0.974237,0.0,0.0,0.0,0.014072,1.088489,0.0,0.0,0.0,0.172899,0.0,0.111046,0.300422,0.0,0.287671,0.955864,0.71045,0.0,0.0,0.0,0.0,0.0,0.0,0.167915,0.049393,0.072998,0.0,0.0,0.383023,0.39503,0.0
240,0.0,0.0,0.0,0.0,0.156727,0.045925,0.0,1.550963,0.897733,0.536257,0.123625,0.0,0.0,0.162003,0.177691,0.0,0.0,0.966641,0.0,0.0,0.0,0.094571,1.226312,0.0,0.0,0.0,0.228177,0.0,0.334282,0.529112,0.0,0.015468,1.030251,0.755917,0.0,0.110264,0.0,0.0,0.0,0.0,0.085095,0.111397,0.142628,0.0,0.0,0.400437,0.451891,0.0
241,0.089845,0.0,0.0,0.0,0.143049,0.0,0.0,1.425744,0.699071,0.331556,0.218474,0.0,0.0,0.11901,0.379186,0.0,0.0,0.968637,0.0,0.0,0.0,0.284257,1.104676,0.0,0.0,0.0,0.249568,0.0,0.408709,0.76487,0.0,0.037004,0.910718,0.532838,0.0,0.394115,0.0,0.0,0.0,0.0,0.160317,0.285287,0.0,0.0,0.0,0.481102,0.456161,0.0
242,0.143607,0.0,0.0,0.0,0.017833,0.0,0.0,1.07623,0.729672,0.237849,0.391744,0.0,0.0,0.025639,0.420397,0.0,0.0,0.905413,0.0,0.0,0.0,0.172583,1.149875,0.0,0.0,0.0,0.10393,0.0,0.389079,0.992908,0.0,0.224125,0.857961,0.31746,0.480502,0.592171,0.0,0.0,0.0,0.0,0.094272,0.314087,0.013909,0.0,0.0,0.61963,0.324571,0.0
243,0.177912,0.0,0.0,0.0,0.084356,0.0,0.0,0.944721,0.340001,0.252647,0.204995,0.0,0.0,0.0,0.765931,0.0,0.0,0.787814,0.006132,0.0,0.0,0.49319,0.855877,0.0,0.0,0.0,0.096961,0.0,0.058943,1.141116,0.0,0.278465,0.53258,0.0,0.526408,0.916461,0.0,0.0,0.0,0.0,0.319681,0.312674,0.0,0.0,0.0,0.573141,0.169091,0.0
244,0.173351,0.0,0.0,0.0,0.092876,0.191998,0.0,0.806348,0.179152,0.413427,0.055543,0.0,0.0,0.080557,1.047446,0.0,0.0,0.811141,0.150275,0.0,0.0,0.61882,0.527252,0.0,0.0,0.0,0.0,0.0,0.0,1.216724,0.0,0.36479,0.387421,0.003167,0.629896,0.748147,0.0,0.0,0.0,0.0,0.346136,0.370826,0.349136,0.0,0.0,0.518204,0.142933,0.0
245,0.288862,0.0,0.0,0.0,0.091006,0.03003,0.032508,0.640945,0.297005,0.428755,0.156188,0.0,0.0,0.032707,0.791303,0.011204,0.0,0.749591,0.110063,0.0,0.0,0.658826,0.387669,0.0,0.0,0.0,0.0,0.0,0.0,1.040901,0.0,0.193552,0.344536,0.0,0.657733,0.489546,0.0,0.064074,0.0,0.0,0.25492,0.394647,0.32503,0.0,0.034328,0.491793,0.0,0.0
246,0.050239,0.0,0.0,0.0,0.008012,0.0,0.256607,0.441991,0.226099,0.242398,0.217096,0.0,0.0,0.0,0.734626,0.013096,0.0,0.71996,0.133381,0.0,0.0,0.272423,0.525197,0.0,0.0,0.0,0.0,0.0,0.0,0.873452,0.0,0.467052,0.334086,0.0,0.706134,0.846012,0.0,0.117005,0.0,0.0,0.307189,0.249545,0.367098,0.0,0.0,0.52319,0.0,0.0
247,0.0,0.0,0.0,0.0,0.0,0.0,0.220642,0.571446,0.427406,0.506424,0.343371,0.0,0.0,0.0,0.680207,0.0,0.013922,0.65656,0.124818,0.0,0.236901,0.106351,0.521308,0.0,0.0,0.0,0.0,0.0,0.0,0.674838,0.0,0.25827,0.500076,0.039889,0.536431,0.824539,0.0,0.0,0.0,0.0,0.225813,0.337075,0.436633,0.0,0.008896,0.387282,0.000592,0.0
248,0.0,0.0,0.0,0.0,0.155964,0.345177,0.0,0.829319,0.421694,0.593315,0.353507,0.0,0.0,0.009288,0.79073,0.0,0.0,0.651679,0.0,0.0,0.120219,0.207933,0.478482,0.0,0.0,0.0,0.0,0.0,0.0,0.496611,0.0,0.0,0.387452,0.065274,0.505871,0.614681,0.0,0.0,0.0,0.013616,0.180486,0.29693,0.650278,0.0,0.0,0.344571,0.042491,0.0
249,0.0,0.0,0.0,0.0,0.203026,0.599472,0.0,0.990082,0.390997,0.454502,0.210431,0.0,0.0,0.001614,1.057425,0.0,0.0,0.684842,0.0,0.0,0.0,0.431221,0.400889,0.0,0.156217,0.0,0.0,0.0,0.0,0.598388,0.0,0.0,0.243862,0.270167,0.515838,0.332,0.0,0.0,0.0,0.030903,0.041261,0.285444,0.691186,0.0,0.0,0.206789,0.165983,0.0
250,0.018014,0.0,0.0,0.0,0.262627,0.51105,0.0,1.050671,0.3899,0.418582,0.403853,0.0,0.0,0.0,0.987413,0.0,0.0,0.723129,0.034798,0.0,0.0,0.391146,0.571725,0.0,0.030176,0.0,0.0,0.0,0.0,0.751218,0.0,0.0,0.432863,0.394112,0.5826,0.585413,0.0,0.0,0.0,0.04026,0.0,0.286907,0.59675,0.0,0.0,0.300174,0.289126,0.0
251,0.003278,0.0,0.0,0.0,0.263915,0.764213,0.0,1.155278,0.441359,0.350945,0.327822,0.0,0.0,0.0,1.251569,0.0,0.0,0.860021,0.0,0.0,0.0,0.374621,0.728878,0.0,0.020284,0.0,0.0,0.0,0.042869,0.960092,0.0,0.0,0.447446,0.589263,0.680678,0.62837,0.0,0.024019,0.0,0.010728,0.0,0.197395,0.735803,0.0,0.0,0.224851,0.453047,0.0
252,0.0,0.0,0.0,0.0,0.228128,0.58824,0.0,1.033854,0.252388,0.521749,0.361807,0.0,0.0,0.0,1.206186,0.0,0.0,0.902941,0.088989,0.0,0.0,0.685943,0.491278,0.0,0.0,0.0,0.027711,0.0,0.0,0.768091,0.0,0.0,0.511702,0.329824,0.518075,0.632813,0.0,0.037362,0.0,0.061637,0.077263,0.345298,0.59096,0.0,0.0,0.363231,0.256126,0.0
253,0.0,0.0,0.0,0.0,0.323587,0.256262,0.0,0.959738,0.26207,0.555306,0.531073,0.0,0.0,0.043199,0.91453,0.0,0.0,0.825564,0.173729,0.0,0.110256,0.602892,0.428277,0.0,0.0,0.0,0.120147,0.0,0.120528,0.525094,0.0,0.0,0.739849,0.389131,0.395436,0.784695,0.0,0.022254,0.0,0.007286,0.069721,0.525914,0.495885,0.0,0.0,0.389409,0.320508,0.0
254,0.0,0.0,0.0,0.0,0.308537,0.049373,0.0,0.593825,0.274757,0.546165,0.423188,0.0,0.0,0.0,0.72451,0.0,0.0,0.794551,0.263458,0.0,0.12157,0.576024,0.529762,0.0,0.0,0.0,0.062225,0.0,0.0,0.290738,0.0,0.0,0.755,0.286203,0.635114,0.958634,0.0,0.0,0.0,0.046895,0.224473,0.542977,0.424852,0.0,0.0,0.305251,0.299608,0.0
255,0.0,0.0,0.0,0.0,0.262908,0.0,0.073528,0.51096,0.415624,0.714937,0.360001,0.0,0.0,0.332605,0.521719,0.0,0.097476,0.847969,0.305893,0.0,0.154678,0.578001,0.37855,0.0,0.0,0.0,0.043124,0.0,0.176125,0.107064,0.089088,0.0,0.912929,0.728815,0.47492,0.69108,0.0,0.189128,0.0,0.025086,0.339511,0.610254,0.597997,0.0,0.0,0.345008,0.376036,0.0
256,0.0,0.0,0.0,0.0,0.126946,0.0,0.0,0.267267,0.185102,0.895734,0.225245,0.050876,0.0,0.661541,0.577369,0.0,0.067462,0.730309,0.372612,0.0,0.032409,0.950788,0.0,0.0,0.0,0.0,0.1676,0.0,0.044534,0.0,0.207095,0.0,0.78624,0.973524,0.252785,0.465905,0.0,0.045186,0.0,0.0,0.571462,0.631575,0.491681,0.0,0.0,0.199975,0.198878,0.0
257,0.0,0.0,0.0,0.0,0.0,0.0,0.0,0.0,0.175657,0.592432,0.176879,0.0,0.0,0.665578,0.259036,0.0,0.390452,0.679044,0.614421,0.0,0.211009,0.832859,0.016946,0.0,0.0,0.0,0.028086,0.0,0.077015,0.0,0.100896,0.0,0.692906,1.08928,0.051709,0.557724,0.0,0.008596,0.0,0.0,0.61227,0.668934,0.153626,0.0,0.0,0.153605,0.419643,0.0
258,0.0,0.0,0.0,0.0,0.0,0.0,0.0,0.0,0.197123,0.431474,0.188024,0.0,0.0,0.843404,0.159022,0.073724,0.454616,0.717141,0.616059,0.0,0.182467,0.682005,0.13107,0.103114,0.0,0.0,0.128652,0.037237,0.202246,0.0,0.193471,0.0,0.77422,1.201104,0.0,0.655856,0.0,0.0,0.0,0.0,0.644833,0.698463,0.017431,0.0,0.0,0.217814,0.521595,0.0
259,0.0,0.0,0.0,0.0,0.0,0.0,0.0,0.0,0.217577,0.532728,0.0,0.062556,0.0,0.858067,0.121175,0.249243,0.330358,0.819317,0.89605,0.0,0.151722,0.807239,0.090922,0.404632,0.0,0.0,0.072582,0.270346,0.232726,0.0,0.428531,0.0,0.654348,1.087454,0.023124,0.265742,0.0,0.044335,0.0,0.0,0.794602,0.741244,0.0,0.0,0.0,0.363902,0.114303,0.0
260,0.0,0.0,0.0,0.0,0.0,0.0,0.0,0.0,0.288207,0.388029,0.137354,0.175117,0.0,0.911131,0.061015,0.051098,0.456715,0.752458,0.822553,0.0,0.161448,0.788374,0.085615,0.386283,0.0,0.0,0.094597,0.255431,0.220239,0.0,0.345452,0.0,0.544421,1.10397,0.0,0.181091,0.0,0.0,0.0,0.0,0.918654,0.550122,0.0,0.0,0.0,0.358916,0.059358,0.0
261,0.0,0.052411,0.0,0.0,0.0,0.0,0.030865,0.0,0.357577,0.318202,0.0,0.269279,0.0,0.606324,0.015841,0.195604,0.553521,0.839333,0.911492,0.0,0.073688,0.348024,0.48276,0.459626,0.0,0.0,0.0,0.546694,0.369558,0.0,0.522727,0.037908,0.687709,1.207508,0.095781,0.331353,0.0,0.0,0.0,0.0,0.753073,0.703473,0.0,0.0,0.0,0.343873,0.171093,0.0
262,0.0,0.0,0.053806,0.0,0.0,0.0,0.024143,0.0,0.411954,0.359975,0.029279,0.211667,0.0,0.535821,0.0,0.041454,0.586509,0.894338,0.806618,0.0,0.054942,0.32877,0.635975,0.39586,0.0,0.0,0.0,0.52842,0.392767,0.0,0.450496,0.0,0.759673,1.059741,0.078747,0.394963,0.0,0.0,0.0,0.0,0.744729,0.521807,0.0,0.0,0.103717,0.307888,0.330792,0.0
263,0.0,0.0,0.0,0.0,0.0,0.0,0.147118,0.102871,0.459152,0.26373,0.0,0.440122,0.0,0.464651,0.0,0.042476,0.557278,0.849724,0.891569,0.0,0.254865,0.230072,0.703045,0.383131,0.0,0.0,0.0,0.786195,0.473211,0.0,0.479608,0.06892,0.521624,1.190584,0.0,0.0,0.0,0.0,0.0,0.0,0.771814,0.522839,0.0,0.0,0.07635,0.312203,0.164886,0.0
264,0.0,0.0,0.0,0.0,0.0,0.0,0.166506,0.165753,0.552364,0.190077,0.0,0.476849,0.0,0.354168,0.0,0.0,0.542808,0.805207,0.704785,0.0,0.297633,0.126407,0.81538,0.273333,0.0,0.0,0.0,0.818264,0.497244,0.0,0.439935,0.046325,0.51443,1.192634,0.0,0.0,0.0,0.0,0.0,0.0,0.705994,0.402997,0.0,0.0,0.099226,0.299816,0.179028,0.0
265,0.055947,0.163892,0.032342,0.0,0.0,0.0,0.201102,0.13522,0.65108,0.278369,0.0,0.255522,0.0,0.22505,0.0,0.0,0.591139,0.92917,0.547497,0.0,0.160248,0.138394,0.881305,0.238997,0.0,0.0,0.0,0.850093,0.504615,0.0,0.503795,0.0,0.6123,1.002528,0.248927,0.0,0.0,0.0,0.0,0.0,0.656845,0.323166,0.0,0.0,0.146342,0.217064,0.35492,0.0
266,0.054867,0.137913,0.0,0.0,0.0,0.0,0.268933,0.065843,0.868007,0.256058,0.0,0.174955,0.0,0.18196,0.0,0.0,0.629165,0.905569,0.319964,0.0,0.335693,0.0,0.988964,0.0,0.0,0.0,0.0,0.891504,0.540085,0.0,0.402655,0.0,0.505578,1.099536,0.252918,0.0,0.0,0.0,0.0,0.0,0.59623,0.160939,0.190496,0.0,0.214126,0.316841,0.215331,0.0
267,0.150386,0.196294,0.0,0.0,0.0,0.0,0.329289,0.0,0.970239,0.328386,0.0,0.0,0.0,0.0,0.0,0.0,0.678858,0.740115,0.252927,0.0,0.562049,0.053307,1.185993,0.0,0.0,0.0,0.0,0.625604,0.307324,0.0,0.411049,0.259573,0.329236,0.855796,0.0,0.0,0.0,0.0,0.0,0.0,0.836917,0.036446,0.067375,0.0,0.130159,0.239181,0.073759,0.0
268,0.299507,0.385363,0.0,0.0,0.0,0.0,0.615,0.0,1.253419,0.532106,0.0,0.0,0.0,0.0,0.0,0.0,0.809006,0.737112,0.16007,0.0,0.43874,0.081864,1.471342,0.0,0.0,0.0,0.0,0.432176,0.027227,0.0,0.514735,0.530463,0.351824,0.759822,0.16892,0.547097,0.0,0.0,0.082978,0.0,1.036586,0.108944,0.074151,0.0,0.163031,0.050283,0.311861,0.0
269,0.260314,0.368793,0.0,0.0,0.0,0.0,0.672604,0.0,1.107563,0.621331,0.0,0.0,0.0,0.0,0.0,0.0,0.696347,0.725421,0.05777,0.0,0.426989,0.038005,1.365565,0.0,0.0,0.0,0.0,0.456413,0.037264,0.0,0.771841,0.405927,0.378362,0.875467,0.487082,0.484904,0.0,0.0,0.189577,0.0,1.006594,0.354065,0.197619,0.0,0.065115,0.0,0.307166,0.0
270,0.346753,0.597495,0.0,0.0,0.0,0.0,0.637837,0.0,0.888713,0.641344,0.0,0.0,0.0,0.0,0.0,0.0,0.901074,0.809494,0.351953,0.0,0.354529,0.234953,0.913045,0.0,0.0,0.0,0.0,0.542326,0.001488,0.0,0.549761,0.421989,0.423565,0.579072,0.599877,0.238526,0.0,0.0,0.070385,0.0,0.950411,0.427842,0.166544,0.0,0.260084,0.177618,0.132472,0.0
271,0.171058,0.471376,0.0,0.0,0.0,0.0,0.451887,0.0,0.541649,0.592845,0.0,0.0,0.0,0.290395,0.0,0.0,0.968421,0.755484,0.514866,0.0,0.213287,0.56772,0.373368,0.075199,0.0,0.0,0.0,0.425355,0.00018,0.0,0.482456,0.219524,0.175732,0.596268,0.511178,0.005557,0.0,0.0,0.010995,0.0,1.026405,0.473385,0.118979,0.0,0.060282,0.091661,0.0,0.0
272,0.079796,0.116097,0.0,0.0,0.0,0.0,0.329634,0.0,0.332408,0.302077,0.0,0.0,0.0,0.441287,0.021576,0.0,0.687776,0.584171,0.465383,0.0,0.185867,0.707383,0.160947,0.168335,0.0,0.0,0.0,0.099711,0.0,0.035737,0.547597,0.0,0.221794,0.615038,0.528698,0.366891,0.0,0.0,0.0,0.0,1.048465,0.594725,0.048346,0.0,0.0,0.034852,0.0,0.0
273,0.20641,0.150634,0.008443,0.0,0.0,0.0,0.379375,0.0,0.216344,0.314429,0.0,0.005603,0.0,0.306653,0.001923,0.017001,0.722274,0.559112,0.58757,0.0,0.089067,0.499029,0.560336,0.236672,0.0,0.0,0.0,0.225903,0.154644,0.036979,0.57987,0.0,0.254583,0.787662,0.509911,0.611871,0.0,0.0,0.029617,0.0,1.019016,0.634278,0.0,0.0,0.0,0.0,0.0,0.0
274,0.285454,0.115772,0.065076,0.0,0.0,0.0,0.384703,0.0,0.0,0.301104,0.0,0.277873,0.0,0.353976,0.0,0.109855,0.853771,0.670336,1.014604,0.0,0.059238,0.440918,0.360157,0.481664,0.0,0.0,0.0,0.409633,0.249454,0.0,0.614293,0.0,0.234899,0.980666,0.461187,0.418514,0.0,0.0,0.043926,0.0,1.040182,0.525641,0.0,0.0,0.0,0.0,0.041469,0.0
275,0.317275,0.175053,0.113336,0.0,0.0,0.0,0.475388,0.0,0.012294,0.266721,0.0,0.535918,0.0,0.521911,0.029246,0.462924,0.729102,0.883857,1.297074,0.0,0.0,0.475212,0.157969,0.846592,0.0,0.058153,0.0,0.451394,0.336819,0.0,0.700523,0.0,0.268589,1.008405,0.517163,0.202269,0.002963,0.035085,0.0,0.0,0.988785,0.762649,0.0,0.0,0.045531,0.006908,0.0,0.0
276,0.351696,0.0,0.088024,0.0,0.0,0.0,0.472274,0.0,0.0,0.048477,0.0,0.811244,0.0,0.573833,0.0,0.388937,0.855965,0.864142,1.334257,0.0,0.155513,0.210187,0.241303,0.82666,0.0,0.060385,0.0,0.42944,0.466161,0.0,0.462816,0.0,0.216855,1.177365,0.136683,0.187225,0.469984,0.0,0.0,0.0,0.95571,0.583262,0.0,0.0,0.177514,0.067676,0.0,0.0
277,0.377771,0.0,0.210526,0.0,0.0,0.0,0.522504,0.0,0.137372,0.154447,0.0,0.790651,0.0,0.711952,0.0,0.466801,0.948992,1.065966,1.445433,0.0,0.0,0.364015,0.035253,1.030061,0.0,0.333153,0.0,0.331619,0.542747,0.0,0.536511,0.0,0.268096,1.136315,0.210393,0.122136,0.503581,0.0,0.0,0.0,1.010996,0.58215,0.0,0.0,0.191007,0.048605,0.0,0.0
278,0.26341,0.0,0.095067,0.0,0.0,0.0,0.489698,0.0,0.100169,0.045015,0.0,0.875414,0.0,0.821625,0.010893,0.527612,0.830465,1.061046,1.362522,0.0,0.112051,0.306813,0.0,1.07002,0.0,0.322486,0.0,0.312401,0.443749,0.0,0.618089,0.0,0.193698,1.120431,0.173227,0.0,0.399439,0.099366,0.0,0.0,1.134737,0.61042,0.0,0.0,0.036044,0.027596,0.0,0.0
279,0.396457,0.0,0.125212,0.0,0.0,0.0,0.535538,0.0,0.016791,0.01962,0.0,0.898087,0.0,0.54067,0.0,0.657586,0.704289,1.058393,1.176136,0.0,0.076566,0.136451,0.159893,1.110784,0.0,0.33819,0.0,0.312448,0.346521,0.0,0.709305,0.0,0.056316,1.098155,0.16488,0.056777,0.243389,0.144421,0.0,0.0,1.087844,0.683432,0.0,0.0,0.066678,0.056051,0.0,0.0
280,0.446371,0.053914,0.176946,0.0,0.0,0.0,0.506504,0.0,0.096363,0.141845,0.0,0.679894,0.0,0.570909,0.0,0.480007,0.84189,1.17742,0.993187,0.017652,0.051561,0.095929,0.35698,0.92639,0.0,0.340889,0.0,0.202966,0.302694,0.0,0.419294,0.0,0.044353,0.924135,0.113005,0.302498,0.302234,0.0,0.0,0.0,1.093782,0.531054,0.0,0.0,0.11557,0.043516,0.030657,0.0
281,0.563573,0.258838,0.152421,0.058469,0.0,0.0,0.50347,0.0,0.038874,0.247506,0.0,0.435182,0.0,0.384927,0.0,0.303851,1.05571,1.212154,0.957936,0.058267,0.103806,0.0,0.503684,0.764707,0.0,0.288654,0.0,0.311511,0.341249,0.0,0.226333,0.0,0.038136,0.81703,0.083424,0.439248,0.348842,0.0,0.00598,0.072837,1.075849,0.297533,0.0,0.0,0.24649,0.046488,0.203808,0.0
282,0.441004,0.150451,0.0,0.0,0.0,0.0,0.482708,0.0,0.097942,0.058687,0.0,0.444885,0.0,0.40971,0.0,0.33038,0.778918,1.003226,0.664543,0.0,0.194263,0.0,0.506287,0.529127,0.0,0.0,0.0,0.125292,0.196154,0.0,0.282817,0.0,0.0,0.769281,0.0,0.51241,0.072616,0.0,0.0,0.013238,1.032816,0.494362,0.0,0.0,0.102043,0.114587,0.0,0.0
283,0.190224,0.201802,0.09051,0.0,0.0,0.0,0.461418,0.0,0.0,0.320312,0.0,0.224642,0.0,0.315605,0.0,0.265306,0.806966,0.913254,0.750857,0.0,0.175054,0.192373,0.132571,0.662097,0.0,0.137614,0.0,0.21358,0.022087,0.0,0.553338,0.0,0.0,0.698476,0.364527,0.146668,0.0,0.185598,0.0,0.0,1.289694,0.420592,0.0,0.0,0.0,0.0,0.0,0.0
284,0.19008,0.113834,0.074844,0.0,0.0,0.0,0.47241,0.0,0.052817,0.307367,0.0,0.092175,0.0,0.327722,0.032981,0.104875,0.903862,0.772458,0.654557,0.0,0.177959,0.274263,0.097648,0.360573,0.0,0.0,0.0,0.074352,0.0,0.0,0.359595,0.09958,0.0,0.690524,0.320963,0.2461,0.0,0.0,0.0,0.0,1.247792,0.360987,0.049434,0.0,0.0,0.0,0.0,0.0
285,0.076123,0.179887,0.0,0.0,0.0,0.0,0.492104,0.0,0.032604,0.311087,0.0,0.076498,0.0,0.330176,0.193748,0.327553,0.752156,0.639098,0.599634,0.0,0.163613,0.396804,0.097246,0.30312,0.0,0.0,0.0,0.0,0.0,0.274528,0.498384,0.208005,0.0,0.595082,0.45602,0.355827,0.0,0.20462,0.0,0.0,1.249845,0.638238,0.079242,0.0,0.0,0.0,0.0,0.0
286,0.104125,0.094328,0.092811,0.0,0.0,0.0,0.50921,0.0,0.127029,0.317378,0.073635,0.0,0.0,0.390299,0.326487,0.364579,0.782382,0.5315,0.428303,0.0,0.069573,0.58473,0.108295,0.122141,0.0,0.0,0.0,0.0,0.0,0.38856,0.432588,0.214244,0.0,0.322122,0.576644,0.659226,0.0,0.0,0.0,0.0,1.136939,0.703059,0.090472,0.0,0.044346,0.0,0.0,0.0
287,0.179708,0.155958,0.121084,0.0,0.0,0.0,0.605141,0.0,0.225105,0.314798,0.044144,0.0,0.0,0.352946,0.311952,0.346461,0.933557,0.560373,0.618711,0.0,0.223763,0.650322,0.125839,0.0,0.0,0.0,0.0,0.002597,0.0,0.501411,0.221799,0.299552,0.066663,0.162329,0.672282,0.631436,0.0,0.050261,0.0,0.0,1.007149,0.650234,0.079329,0.0,0.295596,0.158322,0.0,0.0
288,0.154217,0.0,0.012171,0.0,0.0,0.0,0.615711,0.0,0.195073,0.425736,0.12935,0.0,0.0,0.515478,0.529952,0.436263,0.671286,0.543751,0.517333,0.0,0.0,0.829926,0.0,0.0,0.0,0.0,0.0,0.0,0.0,0.557016,0.4021,0.143815,0.041218,0.128889,0.770978,0.550492,0.0,0.124773,0.0,0.0,0.976346,0.732392,0.048188,0.0,0.326173,0.036539,0.0,0.0
289,0.138833,0.0,0.0,0.0,0.003187,0.0,0.654243,0.0,0.0,0.519084,0.016321,0.0,0.0,0.508497,0.75089,0.508933,0.337749,0.521318,0.524078,0.0,0.0,0.88653,0.0,0.313447,0.0,0.0,0.0,0.0,0.0,0.625263,0.656584,0.109862,0.021152,0.071147,0.746262,0.520775,0.0,0.316421,0.0,0.0,0.86957,0.95064,0.0,0.0,0.243938,0.0,0.0,0.0
290,0.091701,0.0,0.0,0.0,0.0,0.0,0.631861,0.0,0.148697,0.409983,0.19058,0.0,0.0,0.390497,0.567178,0.378739,0.423187,0.336563,0.440536,0.0,0.084226,0.90959,0.0,0.164327,0.0,0.0,0.0,0.0,0.0,0.329946,0.542168,0.042707,0.057857,0.128026,0.623136,0.505782,0.0,0.01719,0.001949,0.0,0.772906,0.814652,0.0,0.0,0.185526,0.0,0.0,0.0
291,0.090804,0.0,0.185069,0.0,0.0,0.0,0.717751,0.0,0.515892,0.37362,0.111231,0.0,0.0,0.323007,0.333401,0.322571,0.729318,0.305715,0.56572,0.0,0.216286,0.919947,0.034316,0.043346,0.0,0.0,0.0,0.0,0.0,0.075525,0.414846,0.0,0.113703,0.410349,0.552206,0.429698,0.0,0.0,0.047234,0.0,0.837741,0.604955,0.054031,0.0,0.151591,0.0,0.0,0.0
292,0.269381,0.045248,0.063981,0.0,0.0,0.0,0.751526,0.0,0.554029,0.49014,0.0,0.0,0.0,0.279408,0.169835,0.215922,0.72963,0.258405,0.546468,0.0,0.196093,0.771494,0.246527,0.082135,0.0,0.0,0.0,0.0,0.0,0.010371,0.512353,0.0,0.212175,0.407922,0.617378,0.435348,0.0,0.0,0.123724,0.0,0.727628,0.643963,0.057137,0.0,0.285178,0.0,0.006618,0.0
293,0.193174,0.0,0.024802,0.0,0.0,0.0,0.594895,0.0,0.473204,0.47131,0.0,0.0,0.0,0.29306,0.232839,0.039087,0.693635,0.212105,0.611798,0.0,0.148943,1.070029,0.0,0.169916,0.0,0.0,0.0,0.0,0.0,0.0,0.529591,0.0,0.157385,0.524786,0.71777,0.152923,0.0,0.0,0.025802,0.0,0.751725,0.528094,0.118796,0.0,0.057777,0.0,0.0,0.0
294,0.355818,0.07465,0.0,0.0,0.0,0.0,0.536184,0.0,0.618493,0.627091,0.0,0.0,0.0,0.138401,0.188906,0.007704,0.700807,0.274056,0.553748,0.0,0.088334,0.969674,0.273278,0.093694,0.0,0.0,0.0,0.0,0.0,0.0,0.39989,0.0,0.369043,0.533433,0.773433,0.428714,0.0,0.0,0.08118,0.019908,0.625766,0.524408,0.173788,0.0,0.230559,0.0,0.11298,0.0
295,0.367008,0.0,0.0,0.0,0.0,0.0,0.444064,0.0,0.629443,0.544643,0.0,0.0,0.0,0.137649,0.425165,0.006798,0.487037,0.405266,0.563909,0.0,0.0,0.953841,0.214155,0.05164,0.0,0.0,0.0,0.0,0.0,0.170382,0.281165,0.0,0.347916,0.445595,0.945127,0.303103,0.0,0.0,0.0,0.0,0.576105,0.577588,0.2365,0.0,0.151783,0.0,0.1523,0.0
296,0.564311,0.0,0.0,0.0,0.0,0.157828,0.331571,0.310532,0.648716,0.399333,0.0,0.0,0.0,0.0,0.438798,0.0,0.351749,0.39792,0.10355,0.0,0.0,0.312191,0.757948,0.0,0.0,0.0,0.0,0.0,0.0,0.53004,0.321687,0.175688,0.305851,0.299278,1.060139,0.419141,0.0,0.0,0.0,0.0,0.313665,0.541986,0.254009,0.0,0.234514,0.0,0.275165,0.0
297,0.589318,0.0,0.0,0.0,0.0,0.170794,0.138557,0.642902,0.823882,0.44388,0.0,0.0,0.0,0.027864,0.563234,0.0,0.043687,0.588421,0.0,0.0,0.0,0.237603,0.907367,0.0,0.0,0.0,0.0,0.0,0.0,0.676296,0.049677,0.065854,0.560055,0.216993,1.114213,0.216444,0.0,0.0,0.0,0.0,0.134572,0.493057,0.337327,0.0,0.309559,0.268642,0.282098,0.0
298,0.543893,0.0,0.0,0.0,0.0,0.397734,0.0,0.899948,0.597537,0.444087,0.0,0.0,0.0,0.0,0.75945,0.049303,0.035669,0.598429,0.0,0.0,0.0,0.069155,0.903828,0.080105,0.0,0.0,0.0,0.0,0.0,0.605585,0.036299,0.31166,0.321264,0.145824,1.020295,0.107661,0.0,0.0,0.0,0.0,0.271849,0.38814,0.253474,0.0,0.239274,0.095335,0.364438,0.0
299,0.535793,0.0,0.0,0.0,0.0,0.490109,0.0,1.129776,0.417881,0.270258,0.0,0.04051,0.0,0.0,0.787328,0.283626,0.0,0.415164,0.0,0.0,0.0,0.0,0.893639,0.228085,0.0,0.0,0.0,0.0,0.0,0.583151,0.006564,0.520602,0.067608,0.274726,0.613855,0.108286,0.109201,0.0,0.0,0.0,0.297603,0.25028,0.07156,0.0,0.144157,0.083704,0.331391,0.0
300,0.379568,0.0,0.0,0.0,0.0,0.557128,0.0,1.101292,0.370899,0.252829,0.0,0.189181,0.0,0.0,0.767537,0.346529,0.144555,0.382763,0.0,0.0,0.0,0.0,0.745696,0.272631,0.0,0.0,0.0,0.0,0.0,0.442024,0.067295,0.647587,0.0,0.57928,0.48323,0.0,0.242339,0.0,0.0,0.0,0.496555,0.075133,0.158757,0.0,0.091928,0.106211,0.297024,0.0
301,0.319511,0.0,0.0,0.0,0.0,0.39086,0.0,1.092253,0.336622,0.30245,0.0,0.268636,0.0,0.0,0.656573,0.424593,0.208187,0.397678,0.0,0.0,0.0,0.0,0.831689,0.18983,0.0,0.0,0.0,0.087264,0.0,0.207558,0.000619,0.540168,0.063189,0.540347,0.615466,0.007419,0.080925,0.0,0.0,0.0,0.30503,0.075201,0.21258,0.0,0.074954,0.277823,0.400917,0.0
302,0.302347,0.0,0.0,0.0,0.0,0.35029,0.0,1.125554,0.492115,0.436693,0.0,0.080285,0.0,0.0,0.725884,0.171201,0.082167,0.421864,0.0,0.0,0.0,0.0,0.793743,0.082955,0.0,0.0,0.0,0.0,0.0,0.264198,0.192137,0.203321,0.21383,0.270243,0.612354,0.052696,0.073457,0.0,0.041094,0.0,0.092765,0.156794,0.329471,0.0,0.0,0.284679,0.333857,0.0
303,0.184609,0.0,0.0,0.0,0.0,0.177849,0.0,0.976392,0.462691,0.427662,0.0,0.145832,0.0,0.0,0.844854,0.203348,0.017703,0.499298,0.0,0.0,0.0,0.067377,0.444909,0.063462,0.0,0.0,0.0,0.0,0.0,0.338279,0.173268,0.184837,0.161499,0.23636,0.451835,0.0,0.137424,0.0,0.0,0.0,0.165194,0.090711,0.306635,0.0,0.0,0.234184,0.201234,0.0
304,0.259549,0.0,0.0,0.0,0.0,0.275395,0.0,1.116662,0.389188,0.572528,0.0,0.0,0.0,0.039572,1.060169,0.160985,0.0,0.499224,0.0,0.0,0.0,0.211195,0.475197,0.042616,0.0,0.0,0.04869,0.0,0.0,0.656119,0.301419,0.162044,0.126069,0.008557,0.330486,0.0,0.0,0.0,0.0,0.0,0.108349,0.146087,0.325325,0.0,0.0,0.180384,0.140638,0.0
305,0.341483,0.0,0.0,0.0,0.0,0.42848,0.0,0.964972,0.002903,0.154033,0.0,0.0,0.0,0.107597,1.276495,0.453674,0.0089,0.633885,0.0,0.0,0.0,0.385956,0.631378,0.274939,0.0,0.0,0.161554,0.079151,0.0,0.965375,0.0,0.733769,0.024055,0.157139,0.354292,0.354324,0.0,0.0,0.0,0.0,0.337494,0.139017,0.204093,0.0,0.0,0.503445,0.2625,0.165483
306,0.515062,0.0,0.0,0.0,0.095849,0.070964,0.0,0.777993,0.337155,0.115139,0.0,0.0,0.0,0.010253,0.994627,0.0,0.086847,0.648184,0.0,0.0,0.0,0.104266,0.858828,0.0,0.0,0.0,0.0,0.0,0.0,1.085408,0.0,0.563864,0.21262,0.0,0.674035,0.534333,0.018305,0.0,0.0,0.0,0.197802,0.0,0.355961,0.0,0.0,0.445908,0.22365,0.0
307,0.568327,0.0,0.0,0.0,0.029803,0.0,0.0,0.789982,0.321238,0.236682,0.137324,0.0,0.0,0.0,0.641422,0.0,0.048932,0.662716,0.0,0.0,0.0,0.214707,0.474918,0.0,0.0,0.0,0.0,0.0,0.0,0.837524,0.0,0.398471,0.05466,0.0,0.518693,0.341976,0.0,0.0,0.0,0.0,0.305895,0.12717,0.309839,0.0,0.0,0.263064,0.096767,0.0
308,0.580731,0.034881,0.0,0.0,0.0,0.0,0.0,0.66616,0.502599,0.243576,0.063629,0.0,0.0,0.0,0.287726,0.0,0.214035,0.570676,0.0,0.0,0.0,0.0,0.685403,0.0,0.0,0.0,0.0,0.0,0.0,0.833685,0.0,0.323293,0.052269,0.0,0.409529,0.526626,0.0,0.0,0.0,0.0,0.258641,0.058171,0.312537,0.0,0.0,0.132826,0.0,0.0
309,0.585579,0.396792,0.0,0.0,0.0,0.0,0.131827,0.266947,0.55367,0.0,0.0,0.0,0.0,0.0,0.276786,0.0,0.395528,0.667002,0.0,0.0,0.0,0.0,1.163174,0.0,0.0,0.0,0.0,0.0,0.0,1.212664,0.0,0.788404,0.165203,0.036112,0.518781,0.933234,0.0,0.0,0.0,0.0,0.307437,0.0,0.314138,0.0,0.0,0.381344,0.004471,0.0
310,0.40113,0.363859,0.0,0.0,0.0,0.0,0.059759,0.402721,0.360462,0.0,0.0,0.0,0.0,0.0,0.221687,0.0,0.364251,0.563151,0.0,0.0,0.0,0.0,0.804603,0.0,0.0,0.0,0.0,0.0,0.0,0.828949,0.0,0.655399,0.0,0.082611,0.323032,0.507,0.0,0.0,0.0,0.0,0.452697,0.0,0.404739,0.0,0.0,0.249367,0.031097,0.0
311,0.335803,0.324801,0.0,0.0,0.0,0.0,0.064119,0.452462,0.528775,0.12069,0.042014,0.0,0.0,0.0,0.032657,0.0,0.255251,0.530028,0.0,0.0,0.0,0.028982,0.482961,0.0,0.0,0.0,0.0,0.033893,0.0,0.754759,0.0,0.470571,0.123725,0.0,0.315319,0.214386,0.0,0.0,0.0,0.0,0.208737,0.133729,0.331811,0.0,0.0,0.262808,0.0,0.0
312,0.289289,0.161716,0.0,0.0,0.0,0.0,0.074413,0.411778,0.37554,0.076676,0.052978,0.0,0.0,0.0,0.183503,0.0,0.266373,0.457658,0.0,0.0,0.0,0.055495,0.558414,0.0,0.0,0.0,0.0,0.0,0.0,0.810315,0.0,0.456977,0.142095,0.065004,0.513282,0.490024,0.0,0.0,0.0,0.0,0.472442,0.133287,0.339936,0.0,0.0,0.23862,0.0,0.0
313,0.312766,0.010074,0.0,0.0,0.0,0.0,0.088172,0.448114,0.206009,0.168252,0.0,0.0,0.0,0.0,0.51,0.0,0.153678,0.442631,0.0,0.0,0.0,0.074022,0.7091,0.0,0.0,0.0,0.0,0.0,0.0,1.068174,0.0,0.443586,0.169209,0.0,0.841033,0.722404,0.0,0.0,0.0,0.0,0.474628,0.256263,0.322832,0.0,0.0,0.205185,0.0,0.0
314,0.51431,0.0,0.0,0.0,0.0,0.0,0.034061,0.434716,0.224214,0.15597,0.11096,0.0,0.0,0.015227,0.641533,0.0,0.0,0.594727,0.21604,0.0,0.0,0.436815,0.708616,0.0,0.0,0.0,0.0,0.0,0.0,1.389266,0.0,0.464461,0.43154,0.0,1.215389,0.992625,0.0,0.0,0.0,0.0,0.46836,0.55789,0.0,0.0,0.235246,0.597206,0.017563,0.0
315,0.580605,0.0,0.0,0.0,0.0,0.0,0.107345,0.687308,0.407594,0.619983,0.121402,0.0,0.0,0.152358,0.798808,0.0,0.0,0.781595,0.034469,0.0,0.0,0.426389,0.698625,0.0,0.0,0.0,0.013579,0.0,0.0,1.549164,0.0,0.0,0.677527,0.0,1.275463,0.8402,0.0,0.0,0.0,0.0,0.346311,0.670316,0.08758,0.0,0.34121,0.529217,0.0,0.0
316,0.614507,0.0,0.0,0.0,0.0,0.0,0.051518,0.779618,0.016012,0.646472,0.067085,0.0,0.0,0.218581,1.118059,0.226031,0.0,0.804704,0.351257,0.0,0.0,0.87256,0.476265,0.0,0.0,0.0,0.187661,0.0,0.0,1.639725,0.0,0.197189,0.695845,0.0,1.376859,1.120397,0.0,0.0,0.0,0.0,0.475055,0.932775,0.0,0.0,0.401863,0.666305,0.151658,0.0
317,0.577458,0.0,0.0,0.0,0.057607,0.15966,0.181629,0.784638,0.001869,0.686698,0.0,0.0,0.0,0.294839,1.328618,0.136445,0.0,0.809262,0.241055,0.0,0.0,0.86797,0.665856,0.003103,0.0,0.0,0.281697,0.0,0.0,1.700194,0.034195,0.228096,0.700465,0.0,1.384128,1.153869,0.0,0.0,0.0,0.0,0.42753,0.871187,0.0,0.0,0.373014,0.662471,0.19029,0.0
318,0.364211,0.0,0.0,0.0,0.0,0.0,0.102558,0.715305,0.058929,0.734908,0.0,0.0,0.0,0.285052,1.045844,0.221185,0.0,0.695912,0.432965,0.0,0.0,1.049819,0.208271,0.075151,0.0,0.0,0.0,0.0,0.0,0.966809,0.072565,0.0,0.62199,0.0,1.450893,0.688537,0.0,0.0,0.0,0.0,0.519455,0.68468,0.046225,0.0,0.251147,0.447907,0.26449,0.010859
319,0.341892,0.0,0.0,0.0,0.0,0.0,0.295928,0.740175,0.227648,0.410289,0.057532,0.236103,0.0,0.167287,0.615473,0.229191,0.055039,0.60832,0.454286,0.0,0.0,0.736276,0.410431,0.204847,0.0,0.0,0.0,0.0,0.0,0.359382,0.0,0.0,0.551474,0.100084,1.158617,0.522368,0.09361,0.0,0.0,0.0,0.429423,0.460498,0.084595,0.0,0.276925,0.300146,0.3121,0.0
320,0.434577,0.0,0.0,0.0,0.0,0.0,0.424404,0.963347,0.419125,0.309831,0.0,0.252945,0.0,0.126083,0.601464,0.078668,0.059061,0.449054,0.218818,0.0,0.08629,0.330308,0.594579,0.394813,0.0,0.0,0.0,0.0,0.0,0.21678,0.360155,0.0,0.362776,0.134321,0.800611,0.345132,0.118571,0.0,0.0,0.0,0.203799,0.391883,0.096871,0.0,0.234034,0.0,0.172661,0.010524
321,0.492639,0.0,0.0,0.046417,0.0,0.0,0.685336,0.821761,0.499118,0.081749,0.0,0.500434,0.0,0.104695,0.46462,0.122668,0.401433,0.548227,0.60371,0.0,0.033837,0.477493,0.406924,0.561608,0.0,0.315976,0.0,0.0,0.0,0.0,0.382429,0.0,0.144739,0.329607,0.739861,0.069178,0.332072,0.0,0.0,0.0,0.478116,0.235539,0.0,0.0,0.267877,0.0,0.21951,0.016409
322,0.523361,0.0,0.0,0.12826,0.0,0.0,0.890491,0.810874,0.626703,0.0,0.0,0.665391,0.0,0.103691,0.319758,0.174888,0.485627,0.657602,0.647124,0.0,0.11268,0.262792,0.382604,0.758606,0.0,0.452303,0.0,0.0,0.0,0.0,0.429992,0.0,0.124036,0.311588,0.704837,0.0,0.406957,0.0,0.0,0.0,0.470483,0.264401,0.0,0.0,0.345377,0.0,0.13423,0.015732
323,0.932042,0.0,0.0,0.269551,0.0,0.0,0.994495,0.945105,0.713995,0.0,0.0,0.796999,0.0,0.0,0.0,0.298566,0.608106,0.687952,0.711624,0.0,0.195608,0.029437,0.889228,0.721662,0.0,0.534208,0.0,0.163212,0.0,0.0,0.336589,0.0,0.135777,0.443792,0.654903,0.028143,0.458799,0.0,0.134606,0.009446,0.562707,0.102611,0.0,0.0,0.606049,0.0,0.30341,0.099885
324,0.969323,0.0,0.0,0.299447,0.0,0.0,1.142472,0.993498,0.72325,0.0,0.0,1.001637,0.0,0.0,0.0,0.366531,0.710533,0.772559,0.81799,0.0,0.307158,0.0,0.991848,0.816453,0.0,0.485649,0.0,0.31616,0.0,0.0,0.372368,0.014967,0.0456,0.53928,0.635806,0.0,0.327273,0.0,0.169049,0.0,0.656899,0.034351,0.0,0.0,0.666828,0.0,0.293287,0.132366
325,1.013955,0.0,0.0,0.27439,0.0,0.0,1.146452,0.915829,0.75407,0.0,0.0,1.009925,0.0,0.0,0.0,0.323598,0.780046,0.673766,0.851062,0.0,0.366978,0.0,0.976625,0.773739,0.0,0.514903,0.0,0.181322,0.0,0.0,0.341424,0.0,0.0,0.473687,0.562925,0.0,0.37662,0.0,0.137895,0.0,0.796524,0.0,0.0,0.0,0.622191,0.0,0.260068,0.087326
326,0.960364,0.0,0.0,0.26816,0.0,0.0,1.142158,0.6951,0.719698,0.0,0.0,0.889801,0.0,0.0,0.0,0.186923,0.777698,0.698974,0.733812,0.0,0.336064,0.0,0.928289,0.810503,0.0,0.546903,0.0,0.141065,0.0,0.0,0.314749,0.0,0.0,0.336637,0.671176,0.0,0.299706,0.0,0.252408,0.0,0.820117,0.0,0.0,0.0,0.504438,0.0,0.240387,0.137072
327,1.016147,0.0,0.0,0.188265,0.0,0.0,1.029974,0.412859,0.665707,0.0,0.0,0.45394,0.0,0.0,0.082084,0.049587,0.857776,0.660833,0.618077,0.0,0.243439,0.07986,1.088191,0.756295,0.0,0.547285,0.0,0.042887,0.0,0.0,0.488876,0.0,0.0,0.035289,0.645526,0.306596,0.188358,0.0,0.32639,0.136654,0.872093,0.0,0.0,0.0,0.393107,0.0,0.337786,0.18001
328,0.811846,0.019341,0.0,0.089765,0.0,0.0,0.926462,0.203657,0.564533,0.0,0.0,0.352213,0.0,0.042467,0.106345,0.033977,0.846607,0.653301,0.488149,0.0,0.193496,0.055341,0.76045,0.692392,0.0,0.325007,0.0,0.00947,0.0,0.0,0.593323,0.107206,0.0,0.0,0.623187,0.088846,0.023179,0.0,0.32242,0.0,0.803189,0.0,0.033799,0.0,0.260973,0.0,0.187585,0.061977
329,0.878549,0.326258,0.0,0.006626,0.0,0.0,0.756549,0.081746,0.62305,0.045092,0.0,0.021466,0.0,0.0,0.0,0.04256,0.846687,0.573842,0.183362,0.0,0.180066,0.0,1.17196,0.40281,0.0,0.141389,0.0,0.032734,0.0,0.0,0.559902,0.323002,0.0,0.0,0.631544,0.383475,0.0,0.0,0.41539,0.0,0.793515,0.0,0.160308,0.0,0.292081,0.0,0.273129,0.0
330,0.679564,0.336192,0.031282,0.0,0.0,0.0,0.627279,0.0,0.660173,0.181544,0.0,0.016184,0.0,0.0,0.0,0.0,0.849441,0.625012,0.134478,0.0,0.269924,0.0,0.95564,0.194505,0.0,0.149413,0.0,0.049422,0.0,0.0,0.429494,0.226911,0.0,0.150336,0.492339,0.262164,0.0,0.0,0.324902,0.0,0.860874,0.0,0.29595,0.0,0.195938,0.0,0.100439,0.0
331,0.528592,0.470596,0.126867,0.0,0.0,0.0,0.665167,0.0,0.831181,0.411808,0.0,0.0,0.0,0.0,0.0,0.016414,0.864338,0.742126,0.182284,0.0,0.329705,0.0,0.947457,0.096173,0.0,0.086826,0.0,0.195204,0.0,0.0,0.415959,0.304884,0.0,0.276687,0.358897,0.205516,0.0,0.0,0.13288,0.0,0.869343,0.0,0.316327,0.0,0.212384,0.067091,0.087495,0.0
332,0.3434,0.31231,0.083329,0.0,0.0,0.0,0.718599,0.0,0.94388,0.425126,0.0,0.0,0.0,0.0,0.0,0.038136,0.786514,0.687445,0.129498,0.0,0.266147,0.0,0.976759,0.0,0.0,0.051495,0.0,0.123743,0.0,0.0,0.361108,0.41339,0.071168,0.337403,0.03082,0.412951,0.0,0.0,0.067898,0.0,0.902069,0.0,0.140434,0.0,0.211049,0.018429,0.033996,0.0
333,0.196819,0.188814,0.107422,0.0,0.0,0.0,0.351709,0.0,0.597014,0.252297,0.0,0.0,0.0,0.0,0.0,0.011836,0.567979,0.654945,0.034668,0.0,0.132055,0.121312,0.648689,0.122418,0.0,0.022518,0.0,0.241179,0.0,0.0,0.393752,0.346911,0.0,0.243224,0.185534,0.075781,0.0,0.0,0.0,0.0,0.893379,0.178457,0.136865,0.0,0.0,0.043259,0.0,0.0
334,0.188506,0.037083,0.09792,0.0,0.0,0.0,0.222417,0.0,0.614477,0.105643,0.0,0.0,0.0,0.082881,0.0,0.108489,0.486089,0.72638,0.0,0.0,0.062923,0.06972,0.64654,0.055666,0.0,0.0,0.0,0.159723,0.0,0.0,0.259875,0.385746,0.034267,0.187224,0.105457,0.36509,0.0,0.0,0.0,0.0,0.767438,0.190199,0.183539,0.0,0.0,0.213327,0.052541,0.0
335,0.038852,0.0,0.040224,0.0,0.0,0.0,0.005246,0.0,0.466179,0.131964,0.0,0.0,0.0,0.273914,0.056892,0.079687,0.297389,0.687344,0.057513,0.0,0.049369,0.21819,0.204834,0.127018,0.0,0.0,0.0,0.01197,0.0,0.0,0.208084,0.305188,0.0,0.270811,0.081202,0.0,0.0,0.0,0.0,0.0,0.768164,0.182865,0.170068,0.0,0.0,0.145422,0.0,0.0
336,0.223343,0.162363,0.0,0.0,0.0,0.0,0.016022,0.193909,0.468424,0.112288,0.0,0.0,0.0,0.151256,0.0,0.314638,0.384252,0.641533,0.0,0.0,0.0,0.0,0.770238,0.141733,0.0,0.0,0.0,0.055649,0.0,0.185748,0.0,0.714535,0.111244,0.126285,0.0,0.314392,0.0,0.0,0.0,0.0,0.627337,0.29398,0.024404,0.0,0.023072,0.406974,0.123342,0.0
337,0.351975,0.173454,0.0,0.0,0.0,0.0,0.0,0.280205,0.343731,0.0,0.0,0.0,0.0,0.255197,0.142446,0.441963,0.245053,0.643429,0.0,0.0,0.0,0.0,1.170582,0.322407,0.0,0.0,0.0,0.008995,0.0,0.448399,0.0,0.898156,0.066707,0.148145,0.0,0.496854,0.0,0.0,0.0,0.0,0.744457,0.299749,0.0,0.0,0.0,0.547039,0.191517,0.0
338,0.544026,0.128227,0.0,0.0,0.0,0.0,0.0,0.256839,0.142693,0.0,0.0,0.0,0.0,0.133793,0.086611,0.423629,0.32684,0.64335,0.0,0.0,0.0,0.0,1.189944,0.350101,0.0,0.040504,0.0,0.072668,0.0,0.345749,0.0,0.954106,0.033857,0.115251,0.0,0.481669,0.0,0.0,0.0,0.0,0.82262,0.22278,0.0,0.0,0.0,0.346848,0.239078,0.0
339,0.583255,0.142811,0.0,0.0,0.0,0.0,0.038899,0.20337,0.297905,0.107715,0.0,0.0,0.0,0.04059,0.035131,0.418196,0.427358,0.823456,0.0,0.0,0.0,0.0,1.035591,0.276736,0.0,0.199042,0.0,0.068835,0.0,0.158512,0.0,0.925381,0.0,0.000438,0.0,0.39982,0.0,0.0,0.0,0.0,0.876025,0.166713,0.013729,0.0,0.0,0.288824,0.250432,0.0
340,0.764537,0.106068,0.0,0.0,0.0,0.0,0.089872,0.0928,0.172797,0.04862,0.0,0.0,0.0,0.021576,0.0,0.386864,0.552534,0.876543,0.0,0.0,0.0,0.0,1.160315,0.289358,0.0,0.138068,0.0,0.1567,0.0,0.155337,0.0,0.889998,0.0,0.108608,0.0,0.462667,0.0,0.0,0.066077,0.0,0.986013,0.036532,0.042288,0.0,0.0,0.262589,0.24017,0.0
341,0.565353,0.227241,0.0,0.0,0.0,0.0,0.303452,0.105811,0.294705,0.0,0.0,0.0,0.0,0.0,0.036574,0.378623,0.561071,0.90765,0.0,0.0,0.0,0.0,0.895789,0.398914,0.0,0.105774,0.0,0.038817,0.0,0.338166,0.0,1.063498,0.0,0.117913,0.002477,0.17487,0.0,0.0,0.0,0.0,0.999115,0.124586,0.107787,0.0,0.0,0.445028,0.0,0.0
342,0.713131,0.492747,0.0,0.0,0.0,0.0,0.539978,0.000402,0.416328,0.049275,0.0,0.0,0.0,0.0,0.0,0.395148,0.743055,0.88178,0.0,0.0,0.079195,0.0,1.160876,0.321643,0.0,0.142538,0.0,0.0,0.0,0.306329,0.053548,1.126655,0.0,0.115818,0.006738,0.513667,0.0,0.0,0.057672,0.0,1.125543,0.010466,0.235636,0.0,0.0,0.414442,0.031911,0.0
343,0.761216,0.376361,0.0,0.0,0.0,0.0,0.575595,0.0,0.322154,0.151322,0.0,0.0,0.0,0.0,0.034545,0.263348,0.80344,0.796802,0.0,0.0,0.033275,0.0,1.258471,0.321566,0.0,0.301359,0.0,0.022573,0.0,0.18183,0.339175,0.887063,0.0,0.013028,0.294097,0.747952,0.0,0.0,0.22212,0.0,1.263052,0.0,0.175092,0.0,0.0,0.057998,0.139404,0.0
344,0.74733,0.635049,0.0,0.0,0.0,0.0,0.647337,0.0,0.229229,0.251905,0.0,0.0,0.0,0.0,0.0,0.106453,0.971473,0.836769,0.187199,0.0,0.257956,0.0,0.980393,0.280099,0.0,0.179987,0.0,0.16178,0.0,0.110681,0.381047,0.624743,0.0,0.080931,0.418997,0.650852,0.0,0.0,0.213065,0.0,1.108821,0.0,0.226884,0.0,0.009808,0.076181,0.036084,0.0
345,0.670201,0.48465,0.0,0.0,0.0,0.0,0.550459,0.0,0.031646,0.188956,0.0,0.0,0.0,0.0,0.0,0.0,0.957654,0.731038,0.163829,0.0,0.192233,0.0,0.697625,0.170157,0.0,0.17638,0.0,0.078204,0.0,0.25171,0.325196,0.393624,0.0,0.149898,0.55194,0.554622,0.0,0.0,0.206772,0.0,1.066017,0.0,0.283553,0.0,0.0,0.0,0.0,0.0
346,0.438607,0.262735,0.0,0.0,0.0,0.0,0.502419,0.0,0.0,0.23336,0.0,0.0,0.0,0.132389,0.169966,0.066285,0.653252,0.632728,0.270984,0.0,0.0,0.299198,0.240527,0.459008,0.0,0.165521,0.0,0.0,0.0,0.407249,0.635537,0.202199,0.0,0.196882,0.711883,0.309677,0.0,0.0,0.134439,0.0,1.079577,0.426752,0.094135,0.0,0.0,0.0,0.0,0.0
347,0.409521,0.423106,0.017785,0.0,0.0,0.0,0.552506,0.0,0.006785,0.445403,0.0,0.0,0.0,0.089605,0.079869,0.0,0.964901,0.624859,0.434175,0.0,0.09815,0.212188,0.318026,0.091473,0.0,0.035953,0.0,0.097802,0.0,0.330632,0.379611,0.07578,0.021711,0.353022,0.764682,0.591808,0.0,0.0,0.182406,0.0,0.944905,0.160377,0.237798,0.0,0.007071,0.0,0.0,0.0
348,0.433609,0.401271,0.0,0.0,0.0,0.0,0.525502,0.0,0.000602,0.35346,0.0,0.0,0.0,0.085761,0.144104,0.0,0.7754,0.593823,0.62086,0.0,0.0,0.355086,0.302334,0.039886,0.0,0.0,0.0,0.08066,0.0,0.435656,0.412617,0.146254,0.213826,0.132755,0.977634,0.639968,0.0,0.032113,0.128653,0.0,0.79673,0.426302,0.070688,0.0,0.111782,0.075414,0.0,0.0
349,0.288664,0.120308,0.0,0.0,0.0,0.0,0.20218,0.0,0.0,0.367797,0.012571,0.0,0.0,0.201337,0.327587,0.040746,0.449626,0.44641,0.53028,0.0,0.0,0.722626,0.041596,0.027601,0.0,0.076568,0.0,0.0,0.0,0.417098,0.192583,0.0,0.275129,0.062106,0.926549,0.453323,0.0,0.0,0.0,0.0,0.687574,0.502586,0.04649,0.0,0.002144,0.148525,0.0,0.0
350,0.387083,0.0,0.0,0.0,0.0,0.0,0.210539,0.0,0.0,0.280053,0.0,0.0,0.0,0.017211,0.376652,0.0,0.204989,0.395918,0.319153,0.0,0.0,0.338283,0.42861,0.019187,0.0,0.0,0.0,0.0,0.0,0.56379,0.386658,0.040649,0.407894,0.103208,0.85607,0.486851,0.0,0.0,0.0,0.0,0.244635,0.55828,0.063023,0.0,0.051599,0.178163,0.041572,0.0
351,0.070112,0.0,0.0,0.0,0.0,0.020236,0.163317,0.296232,0.037166,0.459304,0.0,0.070282,0.0,0.0,0.649523,0.186015,0.0,0.385853,0.125284,0.0,0.007782,0.37698,0.264514,0.125369,0.0,0.0,0.0,0.006518,0.0,0.495694,0.341201,0.091683,0.375882,0.307114,0.510439,0.331311,0.0,0.0,0.0,0.0,0.105279,0.527222,0.0,0.0,0.0,0.041796,0.076129,0.0
352,0.051754,0.0,0.0,0.0,0.062887,0.248872,0.0,0.707533,0.252953,0.436182,0.117334,0.0,0.0,0.015143,0.731754,0.0,0.0,0.275103,0.0,0.0,0.0,0.286411,0.473751,0.0,0.0,0.0,0.012337,0.0,0.0,0.512799,0.422835,0.0,0.310725,0.289705,0.414093,0.324782,0.0,0.0,0.0,0.0,0.0,0.443423,0.214138,0.0,0.0,0.010761,0.197294,0.0
353,0.0,0.0,0.0,0.0,0.003786,0.241942,0.0,0.66949,0.243743,0.531324,0.186491,0.0,0.0,0.0,0.794168,0.0,0.0,0.368026,0.0,0.0,0.0,0.545735,0.278693,0.0,0.0,0.0,0.0,0.0,0.0,0.3096,0.301112,0.0,0.228453,0.269633,0.470119,0.167277,0.0,0.0,0.0,0.0,0.026409,0.357809,0.352097,0.0,0.0,0.010852,0.211539,0.0
354,0.018743,0.0,0.0,0.0,0.0,0.084451,0.0,0.644305,0.349753,0.422539,0.221235,0.001336,0.0,0.0,0.678313,0.0,0.013395,0.569266,0.115498,0.0,0.0,0.405827,0.38618,0.0,0.0,0.0,0.0,0.0,0.0,0.203091,0.0,0.0,0.415725,0.338162,0.522263,0.193196,0.0,0.0,0.0,0.0,0.0,0.403541,0.591412,0.0,0.0,0.27604,0.320834,0.0
355,0.0,0.0,0.0,0.0,0.160191,0.053209,0.005997,0.604666,0.438273,0.404119,0.318688,0.0,0.0,0.0,0.672258,0.0,0.09596,0.681416,0.124529,0.0,0.070418,0.280592,0.497101,0.0,0.0,0.0,0.0,0.0,0.0,0.344346,0.0,0.156072,0.492959,0.394215,0.308781,0.430779,0.0,0.0,0.0,0.007572,0.003857,0.289987,0.522205,0.0,0.0,0.28948,0.207878,0.0
356,0.0,0.0,0.0,0.0,0.370012,0.081778,0.0,0.614037,0.515913,0.261235,0.449978,0.0,0.0,0.092711,0.782457,0.0,0.010541,0.821609,0.052297,0.0,0.0,0.421298,0.571286,0.0,0.0,0.0,0.024011,0.0,0.0,0.32549,0.0,0.169065,0.496703,0.215705,0.261955,0.555327,0.0,0.130548,0.0,0.018083,0.175257,0.228753,0.458342,0.0,0.0,0.407664,0.178361,0.0
357,0.0,0.0,0.0,0.0,0.439188,0.090973,0.0,0.742945,0.6177,0.380341,0.529925,0.0,0.0,0.158916,0.736727,0.0,0.0,0.898247,0.0,0.0,0.0,0.596285,0.519124,0.0,0.0,0.0,0.105388,0.0,0.0,0.089645,0.0,0.064447,0.54641,0.30198,0.032523,0.69219,0.0,0.0,0.0,0.044749,0.148648,0.224529,0.525623,0.0,0.0,0.365269,0.218082,0.0
358,0.0,0.0,0.0,0.0,0.595412,0.068792,0.095922,0.723966,0.831222,0.302069,0.61196,0.0,0.0,0.173694,0.596207,0.0,0.246425,0.951982,0.0,0.0,0.0,0.36555,0.782146,0.0,0.0,0.0,0.001244,0.0,0.0,0.212834,0.0,0.093087,0.698899,0.586922,0.0,0.982425,0.0,0.0,0.0,0.179401,0.0,0.136945,0.606314,0.0,0.0,0.276364,0.268242,0.0
359,0.0,0.0,0.0,0.0,0.667486,0.0,0.035472,0.748379,0.879578,0.162994,0.683216,0.0,0.0,0.133623,0.468513,0.0,0.361605,0.779488,0.0,0.0,0.061819,0.287769,0.780246,0.0,0.0,0.0,0.0,0.0,0.045251,0.188915,0.0,0.128039,0.78993,0.809508,0.0,0.931055,0.0,0.0,0.0,0.112773,0.0,0.133772,0.618123,0.0,0.0,0.248995,0.381635,0.0
360,0.0,0.0,0.0,0.0,0.534256,0.0,0.092519,0.671273,0.858386,0.241653,0.649394,0.0,0.0,0.178992,0.564373,0.0,0.096025,0.933215,0.025125,0.0,0.043924,0.449133,0.689241,0.0,0.0,0.0,0.0,0.0,0.045106,0.14202,0.0,0.1907,0.774391,0.563685,0.0,0.601613,0.0,0.030088,0.0,0.0,0.008322,0.125414,0.55833,0.0,0.0,0.372637,0.246701,0.0
361,0.0,0.0,0.078443,0.0,0.570426,0.0,0.009054,0.616387,0.916738,0.50757,0.625536,0.0,0.0,0.092635,0.490542,0.0,0.216311,0.855431,0.062279,0.0,0.03798,0.266969,0.543412,0.0,0.0,0.0,0.0,0.0,0.0,0.0,0.0,0.136855,0.642434,0.348849,0.0,0.524289,0.0,0.0,0.0,0.0,0.09873,0.172785,0.620956,0.0,0.0,0.175367,0.215287,0.0
362,0.0,0.013794,0.163418,0.0,0.345779,0.0,0.103196,0.35396,0.735418,0.050197,0.406644,0.0,0.0,0.023055,0.566199,0.0,0.338798,0.73728,0.14307,0.0,0.027548,0.315078,0.662546,0.0,0.0,0.0,0.0,0.047908,0.065364,0.220939,0.0,0.386559,0.410481,0.434041,0.041767,0.51747,0.0,0.118613,0.0,0.0,0.141956,0.201165,0.467443,0.0,0.0,0.205622,0.217243,0.0
363,0.0,0.0,0.112057,0.0,0.469483,0.0,0.199882,0.301744,0.799528,0.069578,0.340221,0.0,0.0,0.101562,0.577093,0.0,0.434538,0.710769,0.0,0.0,0.056209,0.067424,0.757017,0.0,0.0,0.0,0.0,0.06148,0.099159,0.212364,0.116475,0.246338,0.355646,0.205198,0.183195,0.496181,0.0,0.0,0.0,0.0,0.217561,0.109476,0.502102,0.0,0.0,0.117203,0.156522,0.0
364,0.0,0.0,0.075786,0.0,0.11729,0.0,0.26752,0.004152,0.559208,0.220861,0.291244,0.0,0.0,0.25272,0.590773,0.337335,0.242913,0.749107,0.040372,0.0,0.125163,0.381215,0.23744,0.127736,0.0,0.0,0.004597,0.0,0.0,0.0,0.280775,0.244844,0.073095,0.191046,0.0,0.277976,0.0,0.061038,0.0,0.0,0.427436,0.322497,0.399842,0.0,0.0,0.0,0.0,0.0
365,0.0,0.0,0.365913,0.06515,0.076568,0.0,0.337077,0.0,0.76377,0.161453,0.24721,0.0,0.0,0.361713,0.387028,0.263868,0.546874,0.784483,0.045693,0.0,0.192063,0.533188,0.0,0.025775,0.0,0.0,0.0,0.0,0.0,0.0,0.286107,0.088739,0.0,0.301533,0.086664,0.092233,0.0,0.0,0.0,0.0,0.585442,0.15577,0.457843,0.0,0.0,0.049077,0.0,0.0
366,0.042807,0.0,0.434311,0.0,0.0,0.0,0.567609,0.0,0.747769,0.198505,0.0,0.0,0.0,0.022358,0.272521,0.490202,0.597696,0.72646,0.037774,0.0,0.2931,0.221244,0.326392,0.0,0.0,0.0,0.0,0.0,0.0,0.0,0.311309,0.404507,0.0,0.152264,0.056682,0.161949,0.0,0.027258,0.0,0.0,0.632084,0.248707,0.330247,0.0,0.055878,0.0,0.0,0.0
367,0.233056,0.0,0.411443,0.0,0.0,0.0,0.706814,0.0,0.739249,0.259699,0.0,0.0,0.0,0.0,0.202305,0.545222,0.534558,0.698229,0.007724,0.0,0.331395,0.121459,0.626493,0.014909,0.0,0.013417,0.0,0.0,0.0,0.0,0.333327,0.41998,0.0,0.13902,0.051419,0.357202,0.0,0.011666,0.020767,0.0,0.814036,0.13416,0.273449,0.0,0.11486,0.0,0.0,0.0
368,0.281443,0.0,0.454277,0.0,0.0,0.0,0.724144,0.0,0.865662,0.319418,0.0,0.0,0.0,0.0,0.215567,0.588802,0.577009,0.788207,0.008511,0.0,0.347818,0.059912,0.688743,0.015982,0.0,0.010696,0.0,0.150965,0.0,0.0,0.292023,0.368261,0.0,0.055299,0.169012,0.290732,0.0,0.0,0.078059,0.0,0.757967,0.130965,0.188984,0.0,0.223852,0.0,0.0,0.0
369,0.233164,0.0,0.298512,0.0,0.0,0.0,0.637341,0.0,0.798163,0.172902,0.0,0.0,0.0,0.0,0.306486,0.502075,0.491622,0.684075,0.0,0.0,0.368464,0.0,0.662743,0.046793,0.0,0.0,0.0,0.043879,0.0,0.0,0.323611,0.344554,0.0,0.034878,0.052685,0.276393,0.0,0.0,0.061799,0.0,0.743978,0.066993,0.224399,0.0,0.184028,0.0,0.0,0.0
370,0.122472,0.0,0.323656,0.0,0.0,0.0,0.605205,0.0,0.642355,0.063369,0.0,0.0,0.0,0.0,0.34444,0.531699,0.439478,0.595385,0.0,0.0,0.309266,0.178259,0.445925,0.10666,0.0,0.0,0.0,0.0,0.0,0.0,0.332231,0.336155,0.0,0.077466,0.108658,0.087028,0.0,0.005802,0.0,0.0,0.670435,0.110314,0.279504,0.0,0.080307,0.0,0.0,0.0
371,0.030749,0.0,0.26178,0.0,0.0,0.0,0.602815,0.0,0.679307,0.073466,0.058773,0.0,0.0,0.099082,0.433682,0.604204,0.455457,0.571201,0.0,0.0,0.205461,0.177149,0.442214,0.177887,0.0,0.0,0.0,0.0,0.0,0.0,0.328626,0.390873,0.0,0.003098,0.183085,0.167748,0.0,0.0,0.0,0.0,0.635207,0.24879,0.191089,0.0,0.12719,0.0,0.0,0.0
372,0.166993,0.0,0.305973,0.0,0.0,0.0,0.554438,0.0,0.618555,0.175233,0.019146,0.0,0.0,0.046148,0.421196,0.651073,0.513898,0.491395,0.06312,0.0,0.210894,0.236979,0.447684,0.088848,0.0,0.0,0.0,0.024292,0.0,0.0,0.272466,0.145354,0.0,0.041963,0.365811,0.167509,0.0,0.0,0.005857,0.0,0.528941,0.312521,0.19395,0.0,0.18063,0.0,0.0,0.0
373,0.143494,0.0,0.195384,0.0,0.0,0.0,0.442629,0.0,0.462248,0.243073,0.0,0.0,0.0,0.288681,0.582714,0.481213,0.469317,0.489185,0.085492,0.0,0.121201,0.637758,0.0,0.165849,0.0,0.0,0.0,0.0,0.0,0.0,0.452012,0.0,0.0,0.051205,0.643579,0.0,0.0,0.0,0.0,0.0,0.478747,0.299368,0.344043,0.0,0.104235,0.0,0.0,0.0
374,0.169858,0.0,0.115713,0.0,0.014807,0.0,0.56752,0.0,0.529391,0.265421,0.159879,0.0,0.0,0.263654,0.500342,0.423862,0.531517,0.372193,0.091218,0.0,0.178661,0.328058,0.301668,0.094789,0.0,0.0,0.0,0.0,0.0,0.238711,0.433783,0.151105,0.0,0.0,0.404129,0.348672,0.0,0.0,0.040939,0.0,0.518443,0.433496,0.120956,0.0,0.197638,0.0,0.0,0.0
375,0.119694,0.0,0.158234,0.0,0.0,0.0,0.63343,0.0,0.492397,0.363304,0.127002,0.0,0.0,0.130918,0.405717,0.4042,0.653385,0.374837,0.236036,0.0,0.036124,0.473151,0.281151,0.046371,0.0,0.0,0.0,0.0,0.0,0.326074,0.418532,0.284439,0.0,0.18992,0.374539,0.418303,0.0,0.0,0.108196,0.0,0.71568,0.356094,0.090316,0.0,0.095844,0.0,0.0,0.0
376,0.287953,0.079831,0.0,0.0,0.0,0.0,0.632227,0.0,0.136111,0.210511,0.0,0.0,0.0,0.214844,0.459113,0.4784,0.693438,0.50924,0.365816,0.0,0.0,0.341999,0.380107,0.211143,0.0,0.0,0.0,0.0,0.0,0.541974,0.429123,0.537144,0.0,0.000398,0.579042,0.460922,0.0,0.377353,0.046526,0.0,0.763652,0.610194,0.095903,0.0,0.17861,0.0,0.0,0.0
377,0.254882,0.303014,0.11721,0.0,0.0,0.0,0.458707,0.0,0.256506,0.334364,0.0,0.0,0.0,0.17626,0.207744,0.342649,0.853763,0.572064,0.448414,0.0,0.0,0.515078,0.020606,0.014916,0.0,0.0,0.0,0.0,0.0,0.388736,0.260042,0.350205,0.0,0.112492,0.664655,0.1282,0.0,0.160615,0.0,0.0,0.746008,0.34067,0.259404,0.0,0.229526,0.098816,0.0,0.0
378,0.130298,0.217956,0.142636,0.0,0.0,0.0,0.319977,0.0,0.176505,0.316998,0.0,0.0,0.0,0.085751,0.215152,0.16386,0.832234,0.505112,0.231793,0.0,0.0,0.407679,0.169878,0.0,0.0,0.020119,0.0,0.007397,0.0,0.28658,0.165916,0.340389,0.0,0.144134,0.55601,0.298817,0.0,0.0,0.029981,0.0,0.869343,0.229473,0.242686,0.0,0.058909,0.0,0.0,0.0
379,0.148766,0.136958,0.0,0.0,0.042129,0.0,0.216858,0.0,0.05624,0.080365,0.0322,0.0,0.0,0.139205,0.091733,0.0471,0.610251,0.408076,0.0,0.0,0.193908,0.0,0.507843,0.0,0.0,0.0,0.0,0.0,0.0,0.263441,0.089615,0.34258,0.0,0.146845,0.267547,0.528511,0.0,0.0,0.0,0.0,0.728399,0.283349,0.231887,0.0,0.067013,0.0,0.0,0.0
380,0.0,0.07022,0.0,0.0181,0.0,0.0,0.309527,0.0,0.17084,0.09766,0.108541,0.0,0.0,0.129437,0.0,0.092092,0.583764,0.595881,0.049238,0.0,0.074399,0.072006,0.456622,0.0,0.0,0.0,0.0,0.0,0.0,0.284776,0.043141,0.414693,0.0,0.37351,0.102711,0.316861,0.0,0.0,0.0,0.0,0.686411,0.390407,0.199291,0.0,0.022636,0.0,0.0,0.0
381,0.064056,0.26594,0.0,0.0,0.0,0.0,0.075579,0.0,0.007535,0.10706,0.021928,0.0,0.0,0.001064,0.0,0.086533,0.570295,0.406796,0.168052,0.0,0.046005,0.160512,0.418642,0.08382,0.0,0.0,0.0,0.0,0.0,0.222663,0.041013,0.375078,0.0,0.352852,0.172024,0.340724,0.0,0.095623,0.0,0.0,0.682377,0.217331,0.199979,0.0,0.0,0.059724,0.0,0.0
382,0.080302,0.152588,0.0,0.0,0.0,0.0,0.044769,0.0,0.158651,0.098531,0.0,0.0,0.0,0.143267,0.056456,0.039749,0.390381,0.408273,0.0,0.0,0.013249,0.147274,0.439428,0.106687,0.0,0.0,0.0,0.0,0.0,0.368202,0.11388,0.283418,0.0,0.253781,0.280304,0.212271,0.0,0.0,0.0,0.0,0.557871,0.318876,0.201218,0.0,0.0,0.020502,0.0,0.0
383,0.052771,0.064568,0.0,0.0,0.0,0.0,0.006527,0.0,0.195164,0.222256,0.051353,0.0,0.0,0.292076,0.181719,0.161502,0.232399,0.449272,0.071415,0.0,0.0,0.269043,0.175952,0.079781,0.0,0.0,0.0,0.033736,0.0,0.355256,0.125581,0.115409,0.034978,0.242219,0.413525,0.136992,0.0,0.0,0.0,0.0,0.66395,0.40082,0.261062,0.0,0.0,0.037825,0.0,0.0
384,0.107714,0.267734,0.0,0.0,0.0,0.0,0.060385,0.0,0.178136,0.088879,0.011188,0.0,0.0,0.12195,0.165333,0.150844,0.322982,0.374579,0.071779,0.0,0.0,0.219012,0.590851,0.006399,0.0,0.0,0.0,0.123085,0.0,0.688322,0.03549,0.413319,0.16967,0.098149,0.441332,0.551524,0.0,0.0,0.0,0.0,0.702899,0.48441,0.039602,0.0,0.0,0.293363,0.0,0.0
385,0.117681,0.154572,0.0,0.0,0.0,0.0,0.0,0.0,0.091796,0.233642,0.0,0.0,0.0,0.091685,0.10981,0.07679,0.403262,0.412671,0.2029,0.0,0.0,0.266935,0.502585,0.0,0.0,0.0,0.0,0.157162,0.0,0.797081,0.0,0.419296,0.139352,0.320521,0.432665,0.559162,0.0,0.0,0.0,0.0,0.803198,0.448747,0.070632,0.0,0.0,0.281985,0.0,0.0
386,0.294778,0.161417,0.0,0.0,0.0,0.0,0.075676,0.0,0.288279,0.179429,0.024012,0.0,0.0,0.022413,0.069263,0.044398,0.309464,0.462089,0.266038,0.0,0.0,0.381102,0.464521,0.0,0.0,0.0,0.0,0.161249,0.0,0.994359,0.0,0.521947,0.24103,0.0,0.611715,0.629566,0.0,0.0,0.012053,0.0,0.744684,0.491822,0.0,0.0,0.162732,0.537301,0.0,0.0
387,0.366312,0.185953,0.0,0.0,0.0,0.0,0.183314,0.0,0.370592,0.112939,0.026813,0.0,0.0,0.008398,0.0344,0.016998,0.256266,0.48719,0.197767,0.0,0.164199,0.171143,0.775684,0.0,0.0,0.0,0.0,0.181428,0.0,1.176965,0.0,0.45905,0.334744,0.043851,0.751025,0.807615,0.0,0.0,0.0,0.0,0.615804,0.486578,0.087883,0.0,0.30815,0.635166,0.0,0.0
388,0.302971,0.0,0.0,0.0,0.056759,0.0,0.251539,0.0,0.402151,0.282599,0.198587,0.0,0.0,0.058099,0.520986,0.0,0.0,0.371805,0.047496,0.0,0.0,0.376567,0.824524,0.0,0.0,0.0,0.0,0.0,0.0,1.37653,0.0,0.293646,0.370718,0.0,1.149527,0.959106,0.0,0.0,0.0,0.0,0.63634,0.674672,0.189292,0.0,0.25389,0.441211,0.0,0.0
389,0.239327,0.0,0.0,0.0,0.118594,0.0,0.362291,0.099742,0.303876,0.2826,0.123667,0.0,0.0,0.15303,0.781456,0.0,0.02737,0.392175,0.0,0.0,0.0,0.587713,0.936591,0.0,0.0,0.0,0.0,0.0,0.0,1.753945,0.0,0.335233,0.26981,0.0,1.246166,1.221186,0.0,0.0,0.0,0.0,0.678103,0.708122,0.11998,0.0,0.209492,0.481967,0.0,0.0
390,0.390273,0.0,0.0,0.0,0.064461,0.0,0.260211,0.184506,0.281486,0.479928,0.255232,0.0,0.0,0.170051,0.733123,0.0,0.0,0.425347,0.294197,0.0,0.0,0.873262,0.552524,0.0,0.0,0.0,0.0,0.0,0.0,1.700978,0.0,0.066195,0.432,0.0,1.24836,1.08465,0.0,0.0,0.0,0.0,0.627238,0.915982,0.138553,0.0,0.453026,0.504483,0.0,0.0
391,0.442288,0.0,0.0,0.0,0.0,0.0,0.305766,0.016792,0.287406,0.619309,0.37184,0.0,0.0,0.247703,0.711753,0.0,0.0,0.532604,0.579989,0.0,0.0,1.125906,0.261357,0.0,0.0,0.0,0.0,0.0,0.0,1.649183,0.0,0.0,0.597003,0.0,1.358994,1.111132,0.0,0.0,0.0,0.0,0.733489,1.027906,0.155035,0.0,0.583783,0.601001,0.0,0.0
392,0.307617,0.0,0.0,0.0,0.0,0.0,0.648568,0.0,0.267558,0.428316,0.402076,0.0,0.0,0.343021,0.802673,0.021307,0.0,0.539797,0.600233,0.0,0.011795,1.07239,0.49703,0.0,0.0,0.0,0.136628,0.0,0.0,1.845242,0.0,0.222355,0.721312,0.0,1.385306,1.583942,0.0,0.0,0.0,0.0,0.845353,1.217721,0.0,0.0,0.674851,0.834492,0.0,0.0
393,0.426536,0.0,0.0,0.0,0.0,0.0,0.636311,0.0,0.317825,0.514869,0.488759,0.0,0.0,0.370067,0.699827,0.150871,0.0,0.711106,0.81406,0.0,0.203746,1.254123,0.201833,0.0,0.0,0.0,0.188325,0.0,0.0,1.820256,0.0,0.175336,0.742795,0.0,1.202554,1.528581,0.0,0.0,0.0,0.0,0.852773,1.168736,0.0,0.0,0.794456,0.919453,0.0,0.0
394,0.420481,0.0,0.0,0.0,0.004509,0.0,0.63355,0.0,0.292031,0.517042,0.558972,0.0,0.0,0.485935,0.822091,0.109658,0.0,0.697225,0.718996,0.0,0.22958,1.170736,0.227979,0.0,0.0,0.0,0.28255,0.0,0.0,1.774135,0.0,0.051318,0.744148,0.0,1.27769,1.628935,0.0,0.0,0.0,0.0,0.916719,1.108736,0.0,0.0,0.760363,0.880438,0.0,0.0
395,0.226651,0.0,0.0,0.0,0.0,0.0,0.664494,0.0,0.047422,0.657648,0.616522,0.0,0.0,0.654809,1.140622,0.233012,0.0,0.811564,0.754714,0.0,0.0,1.339898,0.054932,0.0,0.0,0.0,0.274951,0.0,0.0,1.917584,0.0,0.0,0.68551,0.0,1.26171,1.561694,0.0,0.064955,0.0,0.0,0.94032,1.214882,0.043425,0.0,0.663861,0.888762,0.0,0.0
396,0.202211,0.0,0.0,0.0,0.090464,0.0,0.62878,0.118952,0.0,0.564246,0.619705,0.0,0.0,0.620501,1.183785,0.0,0.0,0.690218,0.56887,0.0,0.0,1.142642,0.294152,0.0,0.0,0.0,0.202411,0.0,0.0,1.929246,0.0,0.0,0.615092,0.0,1.31355,1.646787,0.0,0.01275,0.0,0.0,0.889332,0.992054,0.08255,0.0,0.525656,0.791597,0.0,0.0
397,0.089303,0.0,0.0,0.0,0.007367,0.0,0.675963,0.192173,0.0,0.403342,0.732898,0.0,0.0,0.625845,1.129561,0.0,0.0,0.726253,0.683893,0.0,0.065353,1.228813,0.41476,0.0,0.0,0.0,0.291487,0.0,0.0,1.937848,0.0,0.154304,0.534361,0.0,1.156074,1.781673,0.0,0.14492,0.0,0.0,0.866979,0.905445,0.0,0.0,0.433677,0.933249,0.0,0.0
398,0.013758,0.0,0.0,0.0,0.096474,0.0,0.537162,0.362031,0.0,0.436815,0.823717,0.0,0.0,0.635211,1.094371,0.025851,0.0,0.753332,0.7268,0.0,0.0,1.370315,0.314293,0.0,0.0,0.0,0.33696,0.0,0.0,1.765218,0.0,0.126076,0.457225,0.0,1.221269,1.789611,0.0,0.114426,0.0,0.0,1.003158,0.906102,0.0,0.0,0.306826,0.866536,0.0,0.0
399,0.23898,0.0,0.0,0.0,0.076251,0.0,0.523902,0.264795,0.0,0.516822,0.734675,0.0,0.0,0.628646,1.04511,0.0,0.0,0.845604,0.749619,0.0,0.243967,1.10673,0.290485,0.0,0.0,0.0,0.260017,0.0,0.0,1.847666,0.0,0.0,0.6883,0.0,1.19169,1.706631,0.0,0.163794,0.0,0.0,0.856699,0.873394,0.1557,0.0,0.467975,0.891886,0.0,0.0
400,0.294832,0.0,0.0,0.0,0.285122,0.0,0.38775,0.260325,0.0,0.62416,0.72752,0.0,0.0,0.698682,1.180874,0.0,0.0,0.801205,0.524953,0.0,0.079737,1.092705,0.31076,0.0,0.0,0.0,0.300241,0.0,0.0,1.960014,0.0,0.0,0.747929,0.0,1.445644,1.813385,0.0,0.010143,0.0,0.0,0.964759,0.960842,0.109196,0.0,0.36342,0.790699,0.0,0.0
401,0.394582,0.0,0.0,0.0,0.121686,0.0,0.515916,0.018614,0.0,0.582446,0.791414,0.0,0.0,0.82301,1.13137,0.0,0.0,0.996641,0.896283,0.0,0.013299,1.311389,0.178437,0.0,0.0,0.0,0.444811,0.0,0.0,2.052987,0.0,0.0,0.780081,0.0,1.385883,1.665835,0.0,0.423786,0.0,0.0,0.982185,1.204918,0.009997,0.0,0.642131,1.05315,0.0,0.0
402,0.036972,0.0,0.0,0.0,0.0,0.0,0.570769,0.0,0.0,0.656658,0.691358,0.0,0.0,0.620903,0.989233,0.127297,0.0,0.948337,1.025097,0.0,0.034375,1.411764,0.0,0.0,0.0,0.0,0.319913,0.0,0.0,1.799065,0.0,0.0,0.705168,0.0,1.264265,1.661859,0.0,0.25295,0.0,0.0,1.03116,1.154206,0.0,0.0,0.467082,0.954076,0.0,0.0
403,0.0,0.0,0.0,0.0,0.0,0.0,0.485437,0.0,0.0,0.611117,0.686245,0.0,0.0,0.587233,1.001472,0.061529,0.0,0.781782,0.884865,0.0,0.0,1.387528,0.069989,0.0,0.0,0.0,0.319364,0.0,0.0,1.656667,0.0,0.009029,0.592661,0.0,1.267483,1.630379,0.0,0.136491,0.0,0.0,1.036911,1.149926,0.0,0.0,0.394104,0.8092,0.0,0.0
404,0.068715,0.0,0.0,0.0,0.0,0.0,0.350349,0.0,0.0,0.631756,0.390169,0.0,0.0,0.443202,1.047936,0.067367,0.0,0.662783,0.846182,0.0,0.0,1.402578,0.102858,0.0,0.0,0.0,0.111204,0.0,0.0,1.574333,0.0,0.042068,0.563079,0.0,1.275928,1.50514,0.0,0.176452,0.0,0.0,0.950879,1.041075,0.0,0.0,0.239374,0.743828,0.0,0.0
405,0.176431,0.0,0.0,0.0,0.108213,0.0,0.222841,0.082308,0.115654,0.618617,0.487115,0.0,0.0,0.533506,0.74844,0.0,0.0,0.531059,0.471979,0.0,0.229681,0.718822,0.239726,0.0,0.0,0.0,0.149042,0.0,0.0,1.125109,0.0,0.0,0.660262,0.0,0.887756,1.021601,0.0,0.0,0.0,0.0,0.654191,0.745326,0.269331,0.0,0.458845,0.552186,0.0,0.0
406,0.122676,0.0,0.0,0.0,0.0,0.0,0.190598,0.024184,0.030281,0.29156,0.404053,0.0,0.0,0.245612,0.592956,0.018059,0.0,0.430872,0.52147,0.0,0.159822,0.838376,0.28609,0.0,0.0,0.0,0.060068,0.0,0.0,0.976319,0.0,0.0,0.615015,0.0,0.678065,0.970832,0.0,0.004111,0.0,0.0,0.483341,0.721314,0.013166,0.0,0.310619,0.598881,0.0,0.0
407,0.0,0.0,0.0,0.0,0.023554,0.0,0.186849,0.128619,0.148939,0.209579,0.418325,0.0,0.0,0.227855,0.544857,0.120573,0.0,0.404058,0.340014,0.0,0.193555,0.766552,0.309473,0.0,0.0,0.0,0.219625,0.0,0.0,0.6617,0.0,0.0,0.525121,0.041675,0.481248,0.885189,0.0,0.0,0.0,0.0,0.44562,0.648095,0.014486,0.0,0.230183,0.452476,0.0,0.0
408,0.0,0.0,0.0,0.0,0.0,0.0,0.317799,0.0,0.325492,0.437204,0.47321,0.0,0.0,0.266893,0.572078,0.159027,0.067483,0.563184,0.348421,0.0,0.086604,0.769755,0.108727,0.025849,0.0,0.0,0.034463,0.0,0.0,0.428828,0.04643,0.0,0.409724,0.246751,0.449247,0.622357,0.0,0.0,0.0,0.0,0.58484,0.565281,0.192289,0.0,0.146114,0.218682,0.0,0.0
409,0.0,0.0,0.0,0.0,0.022744,0.0,0.35767,0.003007,0.362947,0.351019,0.277942,0.0,0.0,0.21973,0.587172,0.162378,0.0961,0.490642,0.291188,0.0,0.198851,0.635566,0.252121,0.0,0.0,0.0,0.0,0.0,0.0,0.493831,0.127638,0.0,0.401557,0.202809,0.542647,0.546766,0.0,0.0,0.0,0.0,0.40656,0.565625,0.285553,0.0,0.278206,0.157623,0.0,0.0
410,0.004015,0.0,0.0,0.0,0.0,0.0,0.392177,0.0,0.346917,0.511882,0.258083,0.0,0.0,0.324228,0.644851,0.253305,0.294173,0.537767,0.410539,0.0,0.061707,0.831694,0.069631,0.0,0.0,0.0,0.0,0.0,0.0,0.440793,0.188028,0.006581,0.170155,0.05068,0.748354,0.502122,0.0,0.107833,0.0,0.0,0.669429,0.608941,0.310513,0.0,0.244913,0.002593,0.0,0.0
411,0.117098,0.0,0.0,0.0,0.159316,0.0,0.742671,0.0,0.626341,0.457994,0.343168,0.0,0.0,0.398761,0.64369,0.153186,0.472148,0.59607,0.405304,0.0,0.340095,0.549064,0.413838,0.0,0.0,0.0,0.034808,0.0,0.0,0.61143,0.163675,0.127772,0.330056,0.0,0.864729,0.898805,0.0,0.0,0.0,0.0,0.831183,0.661205,0.287901,0.0,0.432346,0.036469,0.0,0.0
412,0.280489,0.0,0.0,0.0,0.104525,0.0,1.044432,0.0,0.443982,0.359355,0.199916,0.0,0.0,0.480193,0.686758,0.339172,0.413826,0.820147,0.557751,0.0,0.308188,0.686601,0.392198,0.0,0.0,0.0,0.1283,0.0,0.0,0.990125,0.064824,0.493193,0.293946,0.0,0.806839,1.033272,0.0,0.382008,0.0,0.0,0.811458,0.945533,0.106772,0.0,0.63076,0.208089,0.0,0.0
413,0.190681,0.0,0.0,0.0,0.059462,0.0,1.062633,0.0,0.42625,0.58786,0.205556,0.0,0.0,0.649348,0.801678,0.423263,0.429439,0.881974,0.575698,0.0,0.057418,0.924761,0.054646,0.0,0.0,0.0,0.159183,0.0,0.0,0.922936,0.251459,0.402987,0.095307,0.0,0.987693,0.956614,0.0,0.349326,0.0,0.0,1.152513,1.039426,0.12764,0.0,0.488923,0.04864,0.0,0.0
414,0.245199,0.0,0.162029,0.01542,0.017239,0.0,0.987141,0.0,0.64886,0.496928,0.235277,0.0,0.0,0.516767,0.597498,0.393305,0.687838,0.8348,0.673936,0.0,0.176557,1.114631,0.0,0.0,0.0,0.0,0.167438,0.0,0.0,0.663427,0.07551,0.479676,0.025206,0.0,1.035482,0.983826,0.0,0.038514,0.075028,0.0,1.318717,0.883927,0.130129,0.0,0.410395,0.086986,0.0,0.0
415,0.399777,0.169663,0.127504,0.010168,0.0,0.0,1.084053,0.0,0.896378,0.553716,0.001683,0.0,0.0,0.407875,0.347718,0.235264,0.826709,0.888504,0.699601,0.0,0.195797,0.792054,0.173708,0.0,0.0,0.0,0.0,0.0,0.0,0.647147,0.106896,0.547187,0.172546,0.0,1.061921,0.743728,0.0,0.156507,0.176366,0.0,1.274493,0.760836,0.164952,0.0,0.502858,0.090723,0.0,0.0
416,0.464183,0.222348,0.0,0.0,0.0,0.0,0.925042,0.0,0.848632,0.674896,0.0,0.0,0.0,0.254784,0.168554,0.011153,0.745258,0.877452,0.633711,0.0,0.387374,0.624325,0.437399,0.0,0.0,0.0,0.0,0.0,0.0,0.374244,0.272492,0.425327,0.29534,0.088833,0.960936,0.602251,0.0,0.1516,0.153527,0.0,1.165415,0.616366,0.281843,0.0,0.44957,0.0,0.0,0.0
417,0.468865,0.159531,0.0,0.0,0.110048,0.0,0.842312,0.0,0.980736,0.437565,0.0,0.0,0.0,0.0,0.0,0.0,0.592706,0.546965,0.159151,0.0,0.486619,0.184951,1.046823,0.0,0.0,0.0,0.0,0.0,0.0,0.1762,0.507683,0.488328,0.321886,0.404425,0.806729,0.740902,0.0,0.0,0.296494,0.0,0.886071,0.382054,0.352801,0.0,0.33435,0.0,0.093443,0.0
418,0.321099,0.24179,0.0,0.014755,0.009062,0.0,0.579428,0.0,1.065433,0.420306,0.0,0.0,0.0,0.0,0.0,0.0,0.529213,0.484923,0.0,0.0,0.443091,0.143053,1.079944,0.0,0.0,0.0,0.0,0.127787,0.0,0.0,0.457653,0.329802,0.236207,0.807115,0.553179,0.425482,0.0,0.0,0.346145,0.0,0.690033,0.250853,0.51548,0.0,0.156906,0.0,0.299943,0.0
419,0.265835,0.484786,0.0,0.111724,0.0,0.0,0.455937,0.0,1.186332,0.649906,0.0,0.0,0.0,0.0,0.0,0.0,0.621318,0.567698,0.261298,0.0,0.477416,0.373087,1.012031,0.0,0.0,0.0,0.0,0.461677,0.008396,0.0,0.275317,0.165327,0.552912,0.837565,0.354765,0.336367,0.0,0.0,0.161312,0.078778,0.666075,0.158841,0.345253,0.0,0.185102,0.0,0.436474,0.0
420,0.0,0.461716,0.0,0.068178,0.0,0.0,0.283756,0.0,0.935583,0.521458,0.0,0.0,0.0,0.124996,0.0,0.0,0.479988,0.572204,0.223834,0.0,0.508461,0.29026,0.67311,0.0,0.0,0.0,0.0,0.541043,0.135418,0.0,0.281906,0.054654,0.429739,0.858598,0.263426,0.0,0.0,0.0,0.0,0.0,0.483909,0.155034,0.467134,0.0,0.127988,0.014725,0.25164,0.0
421,0.0,0.327284,0.0,0.037904,0.0,0.0,0.267617,0.0,0.977105,0.518208,0.0,0.0,0.0,0.0,0.0,0.0,0.537826,0.53456,0.220818,0.0,0.404832,0.05424,0.948352,0.0,0.0,0.0,0.0,0.453056,0.317014,0.0,0.257361,0.256586,0.500612,1.024659,0.010285,0.03572,0.0,0.0,0.0,0.097759,0.409606,0.144078,0.350936,0.0,0.134102,0.0,0.315228,0.0
422,0.0,0.257483,0.0,0.0,0.14618,0.0,0.0,0.083956,0.826387,0.431161,0.090873,0.0,0.0,0.0,0.0,0.0,0.367744,0.610432,0.039589,0.0,0.209218,0.085526,0.921687,0.0,0.0,0.0,0.0,0.473223,0.396579,0.0,0.195323,0.162789,0.538953,0.886098,0.144369,0.04394,0.0,0.0,0.0,0.0,0.365033,0.221298,0.324128,0.0,0.0,0.0,0.394032,0.0
423,0.0,0.082945,0.0,0.0,0.357442,0.0,0.0,0.243876,0.716009,0.25603,0.217356,0.0,0.0,0.0,0.07711,0.0,0.235646,0.56703,0.0,0.0,0.05773,0.169849,0.935055,0.0,0.0,0.0,0.0,0.296803,0.272694,0.0,0.045248,0.291461,0.581847,0.930054,0.122675,0.219128,0.0,0.0,0.0,0.0,0.209212,0.273993,0.249591,0.0,0.0,0.0,0.536672,0.0
424,0.0,0.0,0.0,0.0,0.493039,0.0,0.0,0.328574,0.710561,0.286613,0.381834,0.0,0.0,0.179157,0.045312,0.0,0.010937,0.742577,0.025404,0.0,0.119218,0.315335,0.940325,0.0,0.0,0.0,0.0,0.359923,0.376394,0.0,0.0,0.16521,0.874321,0.953008,0.0,0.247353,0.0,0.0,0.0,0.0,0.081313,0.305121,0.213464,0.0,0.0,0.321066,0.585933,0.0
425,0.0,0.0,0.0,0.0,0.664024,0.0,0.0,0.524099,0.724811,0.403516,0.477136,0.0,0.0,0.191166,0.167375,0.0,0.0,0.896982,0.0,0.0,0.0,0.551058,1.187126,0.0,0.0,0.0,0.01972,0.283734,0.581603,0.219255,0.024178,0.0,1.159466,0.937296,0.0,0.637471,0.0,0.0,0.0,0.0,0.094807,0.382355,0.0,0.0,0.0,0.52685,0.494283,0.0
426,0.0,0.0,0.0,0.0,0.63671,0.0,0.0,0.61192,0.97835,0.614477,0.543607,0.0,0.0,0.223969,0.30655,0.0,0.0,0.909986,0.0,0.0,0.0,0.400434,1.354911,0.0,0.0,0.0,0.0,0.355921,0.65189,0.371412,0.076519,0.0,1.456085,1.12726,0.190149,0.512917,0.0,0.0,0.0,0.0,0.0,0.397878,0.166903,0.0,0.0,0.600417,0.528092,0.0
427,0.0,0.0,0.0,0.0,0.596355,0.0,0.0,0.61071,0.887408,0.785711,0.588968,0.0,0.0,0.330971,0.309608,0.0,0.0,0.818297,0.0,0.0,0.0,0.389777,1.229748,0.0,0.0,0.0,0.043521,0.31894,0.53259,0.177835,0.0,0.0,1.433396,1.275787,0.027833,0.535019,0.0,0.0,0.0,0.0,0.016294,0.290579,0.222063,0.0,0.0,0.509124,0.632638,0.0
428,0.0,0.0,0.0,0.0,0.459188,0.0,0.0,0.54472,0.827242,0.585171,0.494571,0.0,0.0,0.292678,0.312515,0.0,0.0,0.846314,0.110329,0.0,0.0,0.352774,1.111276,0.0,0.0,0.0,0.0,0.479881,0.763453,0.360971,0.0,0.0,1.399278,1.406428,0.127842,0.3689,0.0,0.0,0.0,0.0,0.0,0.469436,0.173128,0.0,0.0,0.511862,0.694758,0.0
429,0.0,0.0,0.0,0.0,0.50047,0.0,0.0,0.572828,0.6272,0.527015,0.420124,0.0,0.0,0.204648,0.378737,0.0,0.0,0.698683,0.018362,0.0,0.0,0.505587,1.032945,0.0,0.0,0.0,0.0,0.392065,0.572095,0.347083,0.0,0.0,1.276266,1.304645,0.086099,0.572589,0.0,0.0,0.0,0.0,0.013131,0.469687,0.010869,0.0,0.0,0.459754,0.573657,0.0
430,0.0,0.0,0.0,0.0,0.44319,0.0,0.0,0.276291,0.592995,0.620607,0.385473,0.0,0.0,0.256322,0.044929,0.0,0.014235,0.840154,0.20646,0.0,0.042541,0.498204,0.965471,0.0,0.0,0.0,0.0,0.184766,0.379982,0.051191,0.0,0.0878,1.115571,1.010752,0.0,0.374082,0.0,0.0,0.0,0.0,0.097231,0.33802,0.04256,0.0,0.0,0.401955,0.468062,0.0
431,0.0,0.0,0.0,0.0,0.556268,0.0,0.0,0.418766,0.604291,0.69667,0.477936,0.0,0.0,0.31622,0.219355,0.0,0.025808,0.80847,0.0,0.0,0.0,0.430255,0.924583,0.0,0.0,0.0,0.0,0.134506,0.367888,0.0,0.082848,0.0,0.988984,0.965525,0.067627,0.3786,0.0,0.0,0.0,0.0,0.183704,0.303694,0.296175,0.0,0.0,0.275495,0.444717,0.0
432,0.0,0.0,0.0,0.0,0.534047,0.0,0.0,0.323063,0.578647,0.378125,0.448087,0.0,0.0,0.094954,0.077935,0.0,0.116713,0.681079,0.0,0.0,0.023619,0.345848,0.99127,0.0,0.0,0.0,0.0,0.015994,0.324376,0.0,0.005572,0.075011,0.872861,0.846297,0.09165,0.498562,0.0,0.0,0.0,0.0,0.065827,0.321661,0.127101,0.0,0.0,0.219135,0.52938,0.0
433,0.0,0.0,0.0,0.0,0.485726,0.128498,0.0,0.406096,0.542066,0.475774,0.373651,0.0,0.0,0.124967,0.223206,0.0,0.180254,0.636748,0.0,0.0,0.0,0.297168,0.728101,0.0,0.0,0.0,0.0,0.010594,0.215298,0.0,0.063345,0.0,0.723791,1.018086,0.0,0.18098,0.0,0.0,0.0,0.0,0.055749,0.212189,0.403258,0.0,0.0,0.024085,0.398029,0.0
434,0.0,0.088175,0.0,0.0,0.317375,0.0,0.0,0.422634,0.709466,0.499734,0.324976,0.0,0.0,0.0,0.16968,0.0,0.22719,0.62799,0.086992,0.0,0.033316,0.070581,0.832664,0.0,0.0,0.0,0.0,0.103411,0.130167,0.0,0.007967,0.224911,0.807643,0.98561,0.0,0.129376,0.0,0.0,0.0,0.041423,0.0,0.257843,0.418649,0.0,0.0,0.033783,0.442884,0.0
435,0.0,0.0,0.0,0.0,0.564496,0.100499,0.0,0.601931,0.741402,0.345755,0.545037,0.0,0.0,0.045413,0.224458,0.0,0.094179,0.55657,0.0,0.0,0.021192,0.194628,0.808197,0.0,0.0,0.0,0.0,0.080516,0.185551,0.0,0.042157,0.024937,0.830389,0.901554,0.0,0.248343,0.0,0.0,0.0,0.0,0.0,0.166792,0.417399,0.0,0.0,0.184464,0.564217,0.0
436,0.0,0.0,0.0,0.0,0.343374,0.098956,0.0,0.596749,0.752435,0.361024,0.434203,0.0,0.0,0.002756,0.340476,0.0,0.087797,0.651992,0.0336,0.0,0.0,0.290648,0.709098,0.0,0.0,0.0,0.0,0.07593,0.119758,0.0,0.017542,0.131578,0.734188,0.900753,0.0,0.081495,0.0,0.0,0.0,0.0,0.0,0.15904,0.421359,0.0,0.0,0.149905,0.462081,0.0
437,0.0,0.0,0.0,0.0,0.397556,0.072354,0.0,0.607199,0.785185,0.437411,0.475603,0.103937,0.0,0.147812,0.293986,0.0,0.151944,0.658528,0.01864,0.0,0.0,0.266428,0.542341,0.0,0.0,0.0,0.0,0.0,0.118453,0.0,0.103415,0.006427,0.767252,0.872294,0.0,0.150905,0.0,0.0,0.0,0.005369,0.0,0.223904,0.440494,0.0,0.0,0.168988,0.452774,0.0
438,0.0,0.0,0.0,0.0,0.42392,0.128922,0.0,0.580685,0.720102,0.22965,0.418028,0.104145,0.0,0.180874,0.268862,0.0,0.348642,0.52588,0.0,0.0,0.0,0.179615,0.454579,0.0,0.0,0.0,0.0,0.0,0.098126,0.0,0.008682,0.0,0.626916,0.985255,0.0,0.255561,0.0,0.0,0.0,0.123469,0.0,0.280597,0.489291,0.0,0.0,0.049865,0.539515,0.0
439,0.0,0.0,0.0,0.0,0.153089,0.031268,0.0,0.338811,0.516081,0.308624,0.248449,0.018175,0.0,0.308657,0.312661,0.0,0.136141,0.642181,0.056887,0.0,0.114513,0.487681,0.039057,0.043706,0.0,0.0,0.0,0.0,0.0,0.0,0.0,0.049543,0.328473,0.683528,0.0,0.0,0.0,0.156452,0.0,0.046162,0.122846,0.316269,0.409431,0.0,0.0,0.0,0.379816,0.0
440,0.0,0.0,0.090103,0.0839,0.006685,0.043092,0.0,0.146156,0.448823,0.280124,0.09284,0.0,0.0,0.203929,0.260435,0.15975,0.216271,0.631179,0.031914,0.0,0.131747,0.516358,0.075396,0.154363,0.0,0.0,0.0,0.0,0.0,0.0,0.0,0.14216,0.131341,0.642003,0.0,0.0,0.0,0.172683,0.0,0.123677,0.136327,0.353578,0.389753,0.0,0.0,0.0,0.361439,0.0
441,0.0,0.0,0.0,0.139931,0.156312,0.086915,0.005126,0.16485,0.432194,0.184687,0.107187,0.0,0.0,0.240528,0.235443,0.047098,0.381767,0.577341,3.1e-05,0.0,0.071282,0.483848,0.089667,0.0,0.0,0.0,0.0,0.0,0.0,0.0,0.0,0.089609,0.052101,0.839221,0.0,0.078957,0.0,0.197886,0.0,0.342123,0.08884,0.366067,0.472313,0.0,0.0,0.0,0.348306,0.0
442,0.0,0.0,0.0,0.129435,0.163104,0.135621,0.0,0.226089,0.427268,0.344562,0.154676,0.0,0.0,0.272512,0.280453,0.073294,0.377175,0.622699,0.04472,0.0,0.100114,0.516974,0.127822,0.063438,0.0,0.0,0.0,0.0,0.0,0.0,0.0,0.071544,0.153279,0.757268,0.0,0.134902,0.0,0.139849,0.0,0.422108,0.070919,0.431599,0.496701,0.0,0.0,0.0,0.418919,0.0
443,0.0,0.0,0.0,0.150714,0.25322,0.089222,0.044757,0.299421,0.431397,0.332264,0.210405,0.0,0.0,0.167261,0.29025,0.0,0.448388,0.61388,0.069152,0.0,0.209886,0.364449,0.300166,0.0,0.0,0.0,0.0,0.0,0.0,0.0,0.0,0.134848,0.305866,0.836993,0.0,0.332007,0.0,0.128443,0.0,0.395266,0.011424,0.367256,0.478997,0.0,0.0,0.0,0.428084,0.0
444,0.0,0.0,0.0,0.0,0.339582,0.324979,0.0,0.654469,0.570424,0.47805,0.304101,0.099199,0.0,0.335173,0.54263,0.0,0.169257,0.645024,0.0,0.0,0.067415,0.54857,0.119072,0.006435,0.0,0.0,0.0,0.0,0.0,0.0,0.0,0.0,0.371871,0.736228,0.0,0.062717,0.0,0.104053,0.0,0.220123,0.08469,0.357005,0.746345,0.0,0.0,0.0,0.516788,0.0
445,0.0,0.0,0.0,0.0,0.482597,0.258955,0.0,0.687391,0.612899,0.344038,0.369114,0.092874,0.0,0.278977,0.468826,0.0,0.278015,0.588782,0.0,0.0,0.100161,0.377339,0.297957,0.0,0.0,0.0,0.066232,0.0,0.090602,0.0,0.088453,0.0,0.513184,0.766951,0.0,0.306236,0.0,0.0,0.0,0.198269,0.0,0.2586,0.657178,0.0,0.0,0.054321,0.514652,0.0
446,0.0,0.0,0.0,0.0,0.237002,0.08681,0.0,0.570734,0.628732,0.586842,0.369396,0.134496,0.0,0.137214,0.597017,0.0,0.024102,0.781835,0.064776,0.0,0.0,0.405655,0.204354,0.006035,0.0,0.0,0.095578,0.0,0.001077,0.0,0.189031,0.0,0.539216,0.545554,0.0,0.083919,0.0,0.0,0.0,0.0,0.057848,0.234816,0.570677,0.0,0.0,0.153687,0.256372,0.0
447,0.0,0.0,0.033196,0.0,0.121273,0.163336,0.0,0.629028,0.598503,0.21802,0.301805,0.061211,0.0,0.0,0.729598,0.009658,0.047988,0.606725,0.0,0.0,0.0,0.3948,0.427576,0.0,0.0,0.0,0.024537,0.016477,0.0,0.0,0.067257,0.067547,0.395206,0.630098,0.0,0.072039,0.0,0.0,0.0,0.0,0.0,0.088326,0.500028,0.0,0.0,0.126194,0.393242,0.0
448,0.0,0.0,0.053114,0.0,0.056684,0.16782,0.0,0.533492,0.55668,0.233293,0.321698,0.020617,0.0,0.0,0.73376,0.044571,0.0,0.579653,0.0,0.0,0.0,0.309345,0.413182,0.0,0.0,0.0,0.037339,0.0,0.0,0.0,0.075332,0.13046,0.281695,0.585638,0.0,0.034407,0.0,0.0,0.0,0.0,0.0,0.139783,0.459795,0.0,0.0,0.119062,0.281765,0.0
449,0.0,0.0,0.192528,0.0,0.0017,0.164407,0.0,0.549592,0.613913,0.109247,0.309499,0.0,0.0,0.0,0.406373,0.0,0.333147,0.23543,0.011648,0.0,0.040083,0.0,0.794711,0.0,0.0,0.0,0.154246,0.049956,0.0,0.0,0.0,0.332187,0.373675,0.728528,0.0,0.406158,0.0,0.0,0.0,0.0,0.0,0.127504,0.243006,0.0,0.0,0.209987,0.386187,0.0
