time_index,z0,z1,z2,z3,z4,z5,z6,z7,z8,z9,z10,z11,z12,z13,z14,z15,z16,z17,z18,z19,z20,z21,z22,z23,z24,z25,z26,z27,z28,z29,z30,z31,z32,z33,z34,z35,z36,z37,z38,z39,z40,z41,z42,z43,z44,z45,z46,z47,z48,z49,z50,z51,z52,z53,z54,z55,z56,z57,z58,z59,z60,z61,z62,z63
0,1.422516,2.499207,0.0,2.94155,0.0,0.421975,0.194016,0.371367,0.0,0.0,0.0,0.0,0.0,0.249897,0.530775,0.0,2.095517,0.531632,0.0,0.856127,1.706154,0.0,0.0,2.820724,2.574684,0.0,0.354199,0.979192,1.635948,0.0,0.240147,0.0,0.0,0.0,0.017159,0.473917,0.116734,0.285579,3.1097,0.0,0.0,3.459316,0.0,1.109011,1.689911,1.19504,0.209604,0.0,0.0,1.281163,4.527858,0.317065,0.0,3.307013,0.0,0.700609,1.009668,0.0,0.0,0.0,0.741453,1.125379,0.0,0.853858
1,1.572963,2.362123,0.0,2.860146,0.0,0.823576,0.112641,0.098684,0.0,0.0,0.0,0.0,0.0,0.204516,0.399753,0.0,2.007803,0.816268,0.0,0.837929,1.64234,0.0,0.0,2.610698,2.225409,0.0,0.745106,1.116385,1.682804,0.0,0.308505,0.0,0.0,0.0,0.0,0.54661,0.0,0.239613,3.106824,0.0,0.0,3.135422,0.0,1.227262,1.626211,1.496623,0.165129,0.0,0.0,1.49088,3.982822,0.592091,0.0,3.094119,0.0,0.337996,0.679741,0.0,0.0,0.0,0.81822,1.397477,0.0,0.90021
2,1.277547,2.007399,0.0,2.309129,0.0,0.720893,0.405041,0.0,0.0,0.0,0.0,0.082346,0.0,0.330012,0.496455,0.0,1.834885,0.634739,0.0,0.798449,1.441938,0.0,0.0,2.102479,1.955014,0.0,0.47903,1.319608,1.401567,0.0,0.343282,0.0,0.189492,0.0,0.0,1.057709,0.142553,0.294354,2.549996,0.0,0.0,2.328886,0.0,1.35859,1.380196,1.323275,0.0,0.0,0.0,1.396659,3.476737,0.613095,0.0,2.85685,0.0,0.304615,0.268172,0.0,0.0,0.0,0.601501,1.193313,0.162756,0.723995
3,0.938859,1.858539,0.0,2.124642,0.0,0.581668,0.266923,0.035784,0.0,0.0,0.0,0.0,0.0,0.029556,0.488733,0.0,1.529257,0.660227,0.0,0.55515,1.188043,0.0,0.0,1.986748,1.805699,0.0,0.478707,0.942761,1.155553,0.0,0.312448,0.0,0.073817,0.0,0.081872,0.825591,0.329231,0.346312,2.386297,0.0,0.0,2.171741,0.0,1.178931,1.180519,0.985373,0.0,0.0,0.0,1.320168,3.296544,0.52274,0.0,2.656371,0.0,0.466065,0.296416,0.0,0.0,0.0,0.354435,1.055967,0.116136,0.634159
4,0.932918,1.500434,0.0,2.049445,0.0,0.396434,0.375356,0.0,0.0,0.0,0.0,0.0,0.0,0.375774,0.327692,0.0,1.041154,0.555805,0.0,0.397567,1.058208,0.0,0.0,1.718395,1.379788,0.0,0.029853,1.087754,1.066004,0.0,0.063344,0.0,0.194481,0.0,0.153922,1.126433,0.296039,0.326532,1.802936,0.0,0.0,1.567773,0.0,1.3042,0.902447,0.736541,0.0,0.0,0.0,1.200582,2.799559,0.445816,0.0,2.091212,0.0,0.538525,0.166249,0.0,0.0,0.0,0.573183,1.109391,0.080244,0.424047
5,0.576143,0.975168,0.0,1.014796,0.0,0.363423,0.387962,0.0,0.0,0.0,0.0,0.004036,0.0,0.465818,0.608697,0.0,0.680021,0.428433,0.0,0.021551,0.706984,0.0,0.0,1.379433,0.840956,0.232449,0.260604,0.70054,0.412055,0.0,0.367133,0.0,0.367755,0.0,0.308402,1.147427,0.400349,0.456926,1.446815,0.0,0.0,0.847404,0.262388,1.136652,0.401839,0.243683,0.0,0.0,0.0,0.85618,2.091454,0.413764,0.0,1.803255,0.0,0.545052,0.0,0.0,0.0,0.0,0.146525,0.621742,0.0,0.454312
6,0.33746,0.772275,0.0,0.643107,0.0,0.495603,0.319121,0.0,0.019076,0.0,0.0,0.024127,0.0,0.58007,0.711813,0.0,0.343151,0.530074,0.0,0.018364,0.622676,0.0,0.208659,1.022432,0.57195,0.289308,0.071972,0.896628,0.14253,0.0,0.366921,0.0,0.431763,0.0,0.421561,1.272243,0.198623,0.494807,1.098337,0.005245,0.0,0.214351,0.296403,1.156265,0.12589,0.14374,0.0,0.0,0.0,0.645163,1.64223,0.409464,0.0,1.567271,0.0,0.489759,0.0,0.0,0.0,0.0,0.089001,0.719608,0.0,0.572297
7,0.295907,0.439539,0.0,0.509427,0.0,0.627459,0.084363,0.0,0.0,0.0,0.0,0.071506,0.0,0.841289,0.916264,0.302182,0.0,0.523481,0.0,0.0,0.349138,0.0,0.360247,0.863831,0.408387,0.475161,0.0,0.770015,0.026836,0.0,0.198754,0.0,0.316849,0.0,0.761709,1.260577,0.057154,0.363853,0.891606,0.1211,0.0,0.0,0.28842,1.23583,0.0,0.170076,0.0,0.0,0.0,0.483126,1.438391,0.220094,0.0,1.447636,0.0,0.544398,0.0,0.0,0.0,0.0,0.14086,0.765722,0.0,0.593342
8,0.100342,0.556208,0.0,0.630478,0.142178,0.809872,0.0,0.0,0.0,0.0,0.0,0.146955,0.0,0.790326,0.739551,0.322933,0.0,0.79526,0.0,0.0,0.421651,0.0,0.344832,0.697765,0.422218,0.68746,0.0,0.785131,0.021704,0.0,0.19605,0.0,0.224317,0.0,0.988137,1.265144,0.23744,0.519442,0.474739,0.032799,0.0,0.04359,0.291588,1.289079,0.0,0.20117,0.0,0.0,0.0,0.599277,1.248709,0.141412,0.0,1.423009,0.0,0.361604,0.0,0.0,0.0,0.0,0.198955,1.046499,0.0,0.400227
9,0.0,0.446375,0.0,0.197257,0.0,0.872853,0.0,0.0,0.0,0.0,0.034109,0.151954,0.0,0.798023,0.856238,0.225063,0.0,0.903017,0.0,0.001983,0.563434,0.0,0.684987,0.636856,0.414125,0.931704,0.0,0.688837,0.0,0.0,0.354025,0.0,0.217099,0.0,1.164853,0.983066,0.0,0.550767,0.471829,0.069333,0.0,0.096277,0.678401,1.195114,0.0,0.255488,0.0,0.0,0.0,0.332337,1.197434,0.013681,0.0,1.405467,0.0,0.331708,0.0,0.0,0.0,0.0,0.206173,0.842421,0.0,0.787865
10,0.0,0.305976,0.0,0.0,0.0,0.928054,0.0,0.0,0.0,0.0,0.21496,0.123703,0.0,0.796735,0.99877,0.169097,0.0,0.883936,0.0,0.13339,0.695027,0.0,0.776231,0.717728,0.419819,1.121008,0.0,0.627787,0.038658,0.0,0.459285,0.0,0.280318,0.0,1.20517,0.722742,0.0,0.488177,0.490873,0.171338,0.0,0.230467,0.921472,1.078803,0.0,0.35275,0.0,0.0,0.0,0.046289,1.202045,0.0,0.035751,1.366415,0.0,0.166122,0.0,0.0,0.0,0.0,0.289637,0.659966,0.0,1.125291
11,0.0,0.477387,0.0,0.321332,0.0,0.931857,0.0,0.0,0.0,0.0,0.088113,0.006869,0.0,0.441866,0.880894,0.107943,0.23852,0.999794,0.0,0.21517,0.797649,0.0,0.476132,0.965274,0.505257,1.103777,0.0,0.436657,0.284458,0.0,0.665485,0.0,0.340421,0.0,1.161536,0.585446,0.0,0.327338,0.448169,0.270343,0.0,0.710652,1.032453,1.031373,0.123883,0.544752,0.0,0.0,0.0,0.096587,1.449691,0.0,0.151247,1.28531,0.0,0.0,0.0,0.0,0.0,0.0,0.564488,0.968048,0.0,1.251725
12,0.182304,0.49114,0.0,0.909655,0.0,0.652017,0.0,0.095754,0.0,0.0,0.0,0.0,0.0,0.09714,0.880206,0.268215,0.806745,0.842975,0.0,0.0,0.810036,0.0,0.195594,1.267545,0.575107,1.169126,0.0,0.0,0.446224,0.0,0.779813,0.0,0.593916,0.0,1.245953,0.384916,0.0,0.093873,0.708273,0.629835,0.0,1.283813,1.028619,1.042465,0.547492,0.586827,0.0,0.0,0.0,0.167689,1.69526,0.0,0.217922,1.193097,0.0,0.0,0.0,0.0,0.0,0.0,0.714457,0.878107,0.0,1.611124
13,0.574219,0.59806,0.0,1.191807,0.0,0.877639,0.0,0.446236,0.0,0.0,0.0,0.0,0.0,0.0,0.453645,0.114574,1.090082,0.624482,0.0,0.0,1.154744,0.0,0.021021,1.559899,0.474937,1.267435,0.134809,0.103267,0.718031,0.0,0.536182,0.0,0.712787,0.0,1.045658,0.082271,0.0,0.0,0.875792,0.628781,0.0,1.788444,0.975749,0.99141,0.489359,0.891314,0.288926,0.0,0.0,0.591585,1.303703,0.0,0.134777,0.945017,0.011716,0.0,0.100894,0.0,0.0,0.0,1.031452,0.857355,0.0,1.472319
14,0.473459,0.756318,0.0,0.89026,0.0,0.848881,0.0,0.501064,0.0,0.030453,0.0,0.0,0.0,0.0,0.598893,0.0,1.034366,0.578161,0.0,0.0,1.051014,0.0,0.0,1.419363,0.797247,1.392376,0.048279,0.144401,0.625377,0.0,0.475513,0.0,0.320424,0.0,0.905957,0.15883,0.0,0.0,0.788618,0.30198,0.0,1.905992,0.780869,0.813622,0.666967,1.021851,0.513145,0.0,0.0,0.935925,1.417079,0.0,0.018428,1.288147,0.0,0.0,0.246683,0.0,0.0,0.0,0.575006,0.55566,0.0,1.03579
15,0.25292,0.719784,0.0,0.472724,0.0,0.468569,0.0,0.348474,0.0,0.0,0.0,0.0,0.0,0.0,0.713356,0.073944,1.035511,0.321008,0.0,0.025463,1.070688,0.0,0.0,1.464184,0.777489,1.336669,0.0175,0.09325,0.630178,0.0,0.680333,0.0,0.28073,0.0,0.635663,0.014204,0.0,0.0,0.58499,0.297394,0.0,1.591018,0.53796,0.52318,0.56949,0.702988,0.613287,0.0,0.0,0.822624,1.701578,0.0,0.049883,1.462338,0.39158,0.0,0.294366,0.0,0.0,0.0,0.345464,0.193643,0.0,0.962925
16,0.56974,0.567846,0.0,0.603441,0.0,0.254639,0.0,0.44805,0.0,0.0,0.0,0.0,0.0,0.0,0.541839,0.300474,1.210608,0.240209,0.0,0.0,1.115796,0.0,0.0,1.809288,0.719806,1.482586,0.193569,0.0,1.015853,0.0,0.849172,0.0,0.461683,0.0,0.355509,0.0,0.0,0.0,0.750626,0.435647,0.0,1.510542,0.620479,0.439002,0.507393,0.528254,0.774526,0.0,0.0,0.574109,1.610234,0.0,0.0,1.344553,0.907638,0.0,0.391631,0.0,0.0,0.0,0.884057,0.066468,0.0,1.129936
17,0.591296,0.673375,0.0,0.643605,0.0,0.228933,0.0,0.601093,0.0,0.109837,0.0,0.0,0.0,0.0,0.486453,0.24908,1.115098,0.162899,0.0,0.0,1.071493,0.0,0.0,1.686555,0.607001,1.564115,0.350053,0.0,1.115585,0.0,0.736012,0.0,0.239796,0.0,0.407522,0.0,0.0,0.0,0.824127,0.386109,0.0,1.75375,0.524907,0.228004,0.57283,0.775565,0.998544,0.0,0.0,0.855161,1.467747,0.0,0.0,1.296106,0.953411,0.0,0.438804,0.0,0.0,0.0,0.877097,0.070601,0.0,0.911994
18,0.318658,0.504231,0.0,0.383979,0.0,0.117984,0.0,0.812939,0.0,0.200278,0.0,0.0,0.0,0.0,0.469543,0.370967,1.02136,0.009742,0.0,0.0,1.104512,0.0,0.0,1.860483,0.790786,2.069845,0.0,0.0,1.34531,0.0,0.628353,0.0,0.124908,0.085553,0.633601,0.0,0.0,0.0,0.610613,0.222913,0.0,1.793848,0.610733,0.165654,0.44694,0.607446,0.865447,0.0,0.0,0.779368,1.3534,0.0,0.0,1.606272,1.341838,0.0,0.585216,0.0,0.0,0.0,0.819011,0.0,0.0,0.883692
19,0.550016,0.426507,0.0,0.58446,0.0,0.387869,0.0,0.684133,0.0,0.025266,0.0,0.0,0.0,0.0,0.479958,0.300722,1.110236,0.315444,0.0,0.0,1.066767,0.0,0.0,2.065773,0.571379,2.109741,0.080834,0.0,1.754767,0.0,0.799178,0.0,0.375668,0.194052,0.385376,0.0,0.0,0.0,0.614456,0.376589,0.0,1.910553,0.871551,0.340248,0.535589,1.037436,1.042996,0.0,0.0,0.624741,1.400651,0.0,0.0,1.10469,1.387047,0.0,0.545854,0.0,0.0,0.0,1.469748,0.01663,0.0,1.203152
20,0.684426,0.247898,0.0,0.736542,0.0,0.837145,0.0,0.782251,0.0,0.066107,0.0,0.0,0.0,0.16046,0.459814,0.227776,1.286606,0.45963,0.0,0.0,1.266859,0.0,0.0,2.245734,0.582767,2.431541,0.261225,0.0,1.944356,0.0,0.873753,0.0,0.558488,0.305658,0.457628,0.0,0.0,0.0,0.683641,0.509987,0.0,2.128944,1.362279,0.50259,0.491195,1.294058,1.11334,0.0,0.0,0.436567,1.239816,0.0,0.0,0.878964,1.52548,0.0,0.700673,0.0,0.0,0.0,1.769452,0.126276,0.0,1.540856
21,0.565988,0.25344,0.0,0.666107,0.0,1.064171,0.0,0.808126,0.0,0.0,0.0,0.0,0.0,0.438903,0.41684,0.019018,1.317136,0.558508,0.0,0.0,1.573011,0.0,0.0,2.43684,0.828111,2.744629,0.278288,0.0,2.065677,0.0,0.840121,0.0,0.593539,0.448808,0.713136,0.0,0.0,0.0,0.533223,0.472301,0.0,2.560607,1.589685,0.451937,0.416802,1.516562,1.288393,0.0,0.0,0.32365,1.147895,0.0,0.0,0.928732,1.675299,0.0,0.880022,0.0,0.0,0.0,1.701284,0.0,0.0,1.756706
22,0.818639,0.337547,0.0,0.752018,0.0,1.269487,0.0,0.806216,0.0,0.0,0.0,0.0,0.0,0.476616,0.286672,0.054721,1.324019,0.848652,0.0,0.0,1.484817,0.0,0.0,2.373046,0.554601,2.656782,0.368258,0.0,2.270615,0.0,0.840485,0.0,0.488501,0.458253,0.420276,0.0,0.0,0.0,0.689462,0.27928,0.0,2.706123,1.518863,0.568129,0.521114,1.85445,1.374933,0.0,0.0,0.370382,1.230167,0.0,0.0,0.648952,1.565091,0.0,0.885844,0.0,0.0,0.0,2.030899,0.276108,0.0,1.650028
23,0.484054,0.507884,0.0,0.638688,0.0,0.852358,0.0,0.852363,0.0,0.0,0.0,0.0,0.0,0.29859,0.205139,0.0,1.093763,0.494271,0.0,0.0,1.296479,0.0,0.0,2.493534,0.744365,2.610074,0.086671,0.0,2.120918,0.0,0.661289,0.0,0.398189,0.386921,0.63984,0.0,0.0,0.0,0.519676,0.387243,0.0,2.582258,1.18704,0.280796,0.382513,1.625914,1.281646,0.0,0.0,0.252576,1.208148,0.0,0.0,0.83901,1.620116,0.0,0.92756,0.0,0.0,0.0,1.69534,0.117389,0.0,1.568702
24,0.629686,0.467724,0.0,0.622175,0.0,0.670997,0.0,0.860391,0.0,0.195401,0.0,0.0,0.0,0.184493,0.15402,0.0,1.102523,0.212103,0.0,0.0,0.939672,0.0,0.0,2.197387,0.582818,2.42687,0.138886,0.0,1.758533,0.0,0.688432,0.0,0.339587,0.11046,0.424032,0.0,0.0,0.0,0.567471,0.563811,0.0,1.990236,0.89386,0.338928,0.525859,1.238229,1.104564,0.0,0.0,0.371469,0.938675,0.0,0.0,0.803761,1.544588,0.0,0.795899,0.0,0.0,0.0,1.614411,0.0,0.0,1.399606
25,0.375477,0.421921,0.0,0.307494,0.0,0.411792,0.0,0.646978,0.0,0.236024,0.0,0.0,0.0,0.0,0.15245,0.010828,0.928723,0.052828,0.0,0.0,0.439526,0.0,0.0,1.66434,0.43271,1.913891,0.118003,0.0,1.272176,0.0,0.617804,0.0,0.115007,0.132094,0.10856,0.0,0.0,0.0,0.470915,0.576768,0.0,1.14347,0.54256,0.326973,0.61748,0.900526,0.67191,0.0,0.0,0.430911,0.84915,0.0,0.0,0.773902,1.221145,0.0,0.419598,0.0,0.0,0.0,1.295462,0.034003,0.0,1.079193
26,0.226886,0.326336,0.0,0.133724,0.0,0.0,0.0,0.371465,0.0,0.175437,0.0,0.0,0.0,0.0,0.343655,0.256896,0.708743,0.015439,0.0,0.0,0.080818,0.0,0.0,1.23191,0.344593,1.535122,0.084844,0.0,0.867074,0.0,0.756726,0.0,0.0,0.037252,0.0,0.0,0.0,0.0,0.369836,0.692849,0.0,0.601977,0.135275,0.250872,0.726375,0.433083,0.205764,0.0,0.0,0.179605,0.877793,0.0,0.0,0.88255,1.152618,0.0,0.099044,0.0,0.0,0.0,0.963368,0.0,0.059519,0.916677
27,0.0,0.17184,0.0,0.0,0.0,0.0,0.0,0.277051,0.0,0.005697,0.0,0.0,0.0,0.0,0.273871,0.162754,0.185691,0.0,0.0,0.0,0.0,0.0,0.0,0.992418,0.228551,1.238774,0.024474,0.0,0.22922,0.0,0.562656,0.0,0.0,0.0,0.067024,0.0,0.139244,0.0,0.239327,0.816222,0.0,0.081036,0.080376,0.296241,0.423348,0.108731,0.0,0.0,0.0,0.14057,0.546058,0.0,0.0,1.117312,0.878041,0.237003,0.119735,0.0,0.0,0.0,0.484911,0.0,0.242878,0.713221
28,0.0,0.210418,0.0,0.075094,0.0,0.0,0.0,0.051588,0.007968,0.196778,0.053543,0.0,0.0,0.0,0.066433,0.215612,0.00849,0.0,0.0,0.0,0.0,0.0,0.0,0.411697,0.424191,1.170754,0.034471,0.0,0.124548,0.0,0.369969,0.0,0.0,0.0,0.205642,0.236432,0.158803,0.0,0.0,0.487458,0.0,0.0,0.037268,0.368363,0.245235,0.149253,0.0,0.0,0.0,0.161688,0.525627,0.0,0.0,0.995754,0.441871,0.350863,0.0,0.0,0.0,0.0,0.571367,0.0,0.343703,0.565978
29,0.0,0.137284,0.0,0.0,0.0,0.174377,0.0,0.0,0.0,0.090501,0.063009,0.009907,0.0,0.049886,0.10457,0.107059,0.0,0.019476,0.0,0.0,0.0,0.0,0.0,0.337371,0.311603,1.009359,0.162614,0.094425,0.008158,0.0,0.386893,0.0,0.0,0.0,0.245914,0.19498,0.148307,0.145414,0.0,0.403117,0.0,0.0,0.065156,0.233099,0.206585,0.201433,0.0,0.0,0.0,0.0,0.309101,0.0,0.0,0.967304,0.287163,0.279209,0.0,0.0,0.0,0.0,0.310751,0.073627,0.184989,0.56335
30,0.0,0.124174,0.0,0.0,0.0,0.0,0.0,0.0,0.0,0.0,0.0,0.0,0.096362,0.060511,0.331651,0.303206,0.0,0.064887,0.0,0.0,0.0,0.0,0.0,0.441851,0.254806,1.028422,0.0,0.0,0.0,0.0,0.521865,0.0,0.0,0.0,0.244087,0.142277,0.0,0.131562,0.016091,0.58648,0.0,0.0,0.114982,0.283171,0.141261,0.0,0.0,0.0,0.0,0.0,0.530521,0.0,0.0,1.006627,0.32967,0.42082,0.0,0.0,0.0,0.0,0.224534,0.124726,0.241937,0.574345
31,0.0,0.116599,0.0,0.0,0.0,0.030801,0.0,0.246263,0.0,0.029135,0.021547,0.0,0.159701,0.008918,0.274382,0.175142,0.0,0.0,0.0,0.0,0.056815,0.0,0.0,0.461137,0.272457,1.120981,0.128264,0.0,0.0,0.0,0.497296,0.0,0.0,0.0,0.38252,0.154793,0.0,0.204892,0.0,0.790994,0.0,0.0,0.081462,0.19261,0.209059,0.0,0.0,0.0,0.0,0.0,0.512791,0.0,0.0,0.856291,0.431685,0.171844,0.018115,0.0,0.0,0.0,0.239404,0.035177,0.0,0.70856
32,0.0,0.188705,0.0,0.0,0.0,0.0,0.0,0.392076,0.0,0.0,0.0,0.0,0.205558,0.0,0.533912,0.235935,0.0,0.0,0.0,0.0,0.0,0.0,0.0,0.531027,0.228527,1.110988,0.066696,0.0,0.0,0.0,0.585169,0.0,0.0,0.005166,0.489055,0.0,0.0,0.19508,0.134474,0.929871,0.0,0.0,0.160321,0.18688,0.41865,0.0,0.0,0.0,0.0,0.0,0.563122,0.0,0.060389,0.903251,0.530046,0.212271,0.049358,0.0,0.0,0.0,0.145172,0.017922,0.0,0.911044
33,0.0,0.254396,0.0,0.0,0.0,0.21408,0.0,0.344654,0.0,0.0,0.134743,0.0,0.149056,0.083161,0.451608,0.107806,0.0,0.0,0.0,0.0,0.290462,0.0,0.0,0.551149,0.085928,1.112983,0.039249,0.0,0.0,0.0,0.426357,0.0,0.0,0.107924,0.659692,0.016901,0.0,0.03129,0.111464,0.898241,0.0,0.0,0.093025,0.155147,0.176679,0.0,0.033436,0.0,0.0,0.0,0.507004,0.0,0.041064,1.012793,0.694559,0.291353,0.146672,0.0,0.0,0.0,0.0,0.057932,0.0,0.795455
34,0.0,0.7853,0.0,0.034277,0.0,0.003441,0.0,0.362963,0.042133,0.0,0.0,0.0,0.0,0.0,0.516827,0.090546,0.0,0.0,0.0,0.0,0.501126,0.0,0.028146,0.484111,0.28511,1.037453,0.0,0.00034,0.0,0.0,0.355882,0.0,0.0,0.085703,0.976512,0.0,0.207334,0.0005,0.0,0.684372,0.0,0.397733,0.021995,0.016091,0.187391,0.042957,0.069011,0.0,0.0,0.174619,0.772654,0.0,0.053109,0.99055,0.413413,0.413189,0.297198,0.0,0.0,0.0,0.0,0.177828,0.0,0.605102
35,0.0,0.724553,0.0,0.314999,0.0,0.258497,0.0,0.293853,0.025358,0.0,0.0,0.0,0.0,0.056886,0.740888,0.121637,0.066144,0.0,0.0,0.0,0.564239,0.0,0.155492,0.49199,0.290541,0.98497,0.0,0.0,0.0,0.0,0.325038,0.0,0.0,0.183555,1.269975,0.110958,0.195554,0.10983,0.035454,0.662262,0.0,0.600038,0.226087,0.163324,0.306131,0.199039,0.138989,0.0,0.0,0.17941,0.799859,0.0,0.245175,0.974227,0.196464,0.299194,0.291882,0.0,0.0,0.0,0.0,0.461536,0.0,0.827559
36,0.080092,0.44163,0.0,0.295305,0.0,0.782905,0.0,0.083174,0.0,0.0,0.047156,0.0,0.0,0.45431,1.000788,0.0,0.387208,0.228973,0.0,0.0,0.686269,0.0,0.310227,0.412977,0.362318,1.080753,0.027899,0.108143,0.0,0.0,0.385054,0.0,0.0,0.425626,1.282216,0.21717,0.003218,0.298987,0.27117,0.73201,0.0,0.670878,0.373653,0.339718,0.332065,0.424641,0.294417,0.0,0.0,0.054439,0.7766,0.0,0.551738,0.966759,0.076463,0.028568,0.272756,0.0,0.0,0.0,0.0,0.605641,0.0,1.140998
37,0.048681,0.549301,0.0,0.270301,0.0,0.879364,0.0,0.183107,0.0,0.0,0.031125,0.0,0.0,0.508759,0.900895,0.0,0.375175,0.13805,0.0,0.0,0.98109,0.0,0.269006,0.612603,0.279051,1.098174,0.008873,0.169456,0.0,0.0,0.356535,0.0,0.0,0.298703,1.284314,0.03905,0.0,0.315784,0.329526,0.877875,0.0,0.967906,0.371036,0.215813,0.1386,0.492898,0.294665,0.0,0.0,0.138494,0.693855,0.0,0.500653,0.926107,0.231748,0.0,0.406448,0.0,0.0,0.0,0.0,0.756284,0.0,1.270205
38,0.11427,0.502425,0.0,0.302318,0.0,1.315773,0.0,0.003207,0.0,0.0,0.326057,0.0,0.0,0.535062,1.005036,0.0,0.452485,0.535986,0.0,0.12796,1.099212,0.0,0.248392,0.581338,0.268538,1.123863,0.103184,0.452412,0.0,0.0,0.520519,0.0,0.0,0.58054,1.131984,0.1316,0.0,0.505218,0.400363,0.923886,0.0,1.068714,0.481895,0.410097,0.198776,0.685867,0.190631,0.0,0.0,0.005608,0.752169,0.0,0.551589,0.988463,0.120042,0.0,0.149765,0.0,0.0,0.0,0.0,1.141313,0.0,1.563623
39,0.0,0.937997,0.0,0.379497,0.0,0.928042,0.0,0.349418,0.0,0.0,0.072593,0.0,0.0,0.236874,1.085451,0.0,0.275857,0.502598,0.0,0.407782,1.004012,0.0,0.207196,0.629214,0.483891,1.039644,0.0,0.385816,0.0,0.0,0.551427,0.0,0.0,0.525885,1.475267,0.0,0.267934,0.451429,0.309482,0.877196,0.0,1.472695,0.215031,0.351031,0.350655,0.464547,0.087828,0.0,0.0,0.0,1.409777,0.0,0.273622,1.405026,0.0472,0.0,0.277831,0.0,0.0,0.0,0.0,1.069977,0.0,1.612729
40,0.0,0.787309,0.0,0.267072,0.0,0.826757,0.0,0.283774,0.0,0.0,0.136834,0.0,0.0,0.433785,1.352463,0.0,0.372651,0.392113,0.0,0.31931,0.81794,0.0,0.0,0.690577,0.656675,1.24421,0.0,0.114359,0.343436,0.0,0.452532,0.0,0.0,0.520253,1.461172,0.0,0.269844,0.442567,0.32007,1.046746,0.0,1.532431,0.318681,0.469965,0.512162,0.448646,0.0,0.0,0.0,0.0,1.604399,0.0,0.211533,1.566674,0.290834,0.019444,0.370205,0.0,0.0,0.0,0.0,0.680296,0.0,1.889137
41,0.0,1.115603,0.0,0.441821,0.0,1.01539,0.0,0.555169,0.0,0.0,0.0,0.0,0.060516,0.253765,1.095651,0.0,0.496231,0.535882,0.0,0.588729,1.331081,0.0,0.0,0.994434,0.716481,1.266434,0.022475,0.291049,0.384302,0.0,0.562435,0.0,0.0,0.386835,1.519952,0.0,0.171149,0.439539,0.601274,1.22282,0.0,2.112529,0.18063,0.413829,0.50613,0.679001,0.135709,0.0,0.0,0.0,1.746801,0.0,0.105368,1.666269,0.357402,0.0,0.417931,0.0,0.0,0.0,0.0,0.954129,0.0,2.085538
42,0.0,1.106654,0.0,0.428485,0.0,0.984036,0.0,0.34008,0.0,0.0,0.010574,0.0,0.164563,0.308257,1.091267,0.0,0.725371,0.643563,0.0,0.675104,1.517838,0.0,0.0,1.254669,0.888327,1.307529,0.053999,0.335711,0.714621,0.0,0.651326,0.0,0.0,0.340129,1.24547,0.0,0.0,0.395567,0.715919,1.315172,0.0,2.23416,0.268204,0.489246,0.598575,0.825735,0.118175,0.0,0.0,0.0,1.967123,0.0,0.066857,1.731935,0.589093,0.0,0.466147,0.0,0.0,0.0,0.256587,0.85254,0.0,2.394246
43,0.0,1.32463,0.0,0.801559,0.0,1.256095,0.0,0.418801,0.0,0.0,0.0,0.0,0.0,0.0,1.012868,0.0,0.843159,0.987341,0.0,0.932888,1.53432,0.0,0.0,1.467984,0.945229,1.189045,0.010278,0.511161,0.88328,0.0,0.838716,0.0,0.0,0.394489,1.211599,0.0,0.0,0.347755,0.939556,1.120417,0.0,2.469944,0.24254,0.63094,0.895628,1.020962,0.125754,0.0,0.0,0.0,2.253788,0.0,0.0,1.834936,0.284129,0.0,0.348176,0.0,0.0,0.0,0.568459,1.275756,0.0,2.484594
44,0.0,1.174225,0.0,0.752403,0.0,1.021355,0.0,0.681047,0.0,0.0,0.0,0.0,0.0,0.187632,1.025723,0.0,0.919211,0.591157,0.0,0.65727,1.326159,0.0,0.0,1.442849,0.952805,1.393411,0.0,0.084372,0.771349,0.0,0.547933,0.0,0.0,0.225326,1.490369,0.0,0.091983,0.203669,0.873337,1.102295,0.0,2.569929,0.284615,0.607524,0.726296,0.860589,0.112652,0.0,0.0,0.0,2.0961,0.0,0.013383,1.877232,0.362834,0.0,0.478732,0.0,0.0,0.0,0.319146,0.752129,0.0,2.3109
45,0.446398,0.973427,0.0,0.845457,0.0,1.478704,0.0,0.315592,0.0,0.0,0.0,0.0,0.0,0.341013,1.04083,0.0,0.951443,0.943452,0.0,0.844562,1.352128,0.0,0.0,1.432907,0.968728,1.44657,0.0,0.42276,0.813894,0.0,0.689932,0.0,0.0,0.243945,1.334068,0.0,0.0,0.300651,0.926012,0.939408,0.0,2.617277,0.441172,0.877059,0.879025,1.178705,0.189975,0.0,0.0,0.115378,1.915448,0.0,0.0,1.845895,0.132551,0.0,0.385139,0.0,0.0,0.0,0.429035,0.960654,0.0,2.355154
46,0.487418,0.606172,0.0,0.623451,0.0,1.463175,0.0,0.0,0.0,0.0,0.021489,0.0,0.0,0.490556,0.950305,0.0,1.057696,0.951803,0.0,0.790448,1.290623,0.0,0.05809,1.413694,0.814889,1.385677,0.0,0.326173,0.945125,0.0,0.749937,0.0,0.093939,0.441573,1.085095,0.0,0.0,0.281402,0.810763,1.027342,0.0,2.183786,0.801633,0.950089,0.713359,1.149054,0.0,0.0,0.0,0.0,1.698446,0.0,0.08247,1.588148,0.294673,0.0,0.284193,0.0,0.0,0.0,0.672464,0.955647,0.0,2.497311
47,0.523968,0.334592,0.0,0.389879,0.0,1.463102,0.0,0.044345,0.0,0.0,0.249763,0.0,0.0,0.634728,0.798528,0.0,1.040133,0.823733,0.0,0.735223,1.046256,0.0,0.039179,1.341627,0.687831,1.470405,0.0,0.293984,1.066871,0.0,0.66297,0.0,0.221254,0.605685,1.054182,0.0,0.0,0.149241,0.58279,0.954413,0.0,1.934497,0.763371,1.006457,0.546362,1.230923,0.0,0.0,0.0,0.0,1.457483,0.0,0.008163,1.327994,0.387505,0.0,0.176451,0.0,0.0,0.0,0.8583,0.806031,0.0,2.234158
48,0.767515,0.291118,0.0,0.639376,0.0,2.05833,0.0,0.036737,0.0,0.0,0.058172,0.21456,0.0,0.649543,0.559186,0.0,1.228986,1.31951,0.0,0.916608,1.101976,0.0,0.29518,1.46737,0.757184,1.419803,0.0,0.313481,1.291155,0.0,0.770676,0.0,0.0,0.753471,0.932322,0.0,0.0,0.364269,0.746853,0.7454,0.0,2.206703,1.078667,1.083022,0.824008,1.517519,0.016665,0.0,0.0,0.0,1.226618,0.0,0.114874,0.934629,0.18212,0.0,0.123974,0.0,0.0,0.0,1.288988,1.358821,0.0,2.355828
49,0.839756,0.323596,0.0,0.732989,0.0,2.086457,0.0,0.572697,0.0,0.049172,0.0,0.425917,0.0,0.616913,0.055109,0.0,1.355161,1.124506,0.0,0.67237,0.99806,0.059853,0.173067,1.444611,0.560948,1.60448,0.0,0.350567,1.26152,0.0,0.52851,0.0,0.0,0.748351,0.975215,0.0,0.0,0.309884,0.70834,0.808937,0.0,2.332297,0.846723,1.177494,0.75025,1.554162,0.296795,0.0,0.0,0.095651,0.83541,0.0,0.0,0.631398,0.322346,0.0,0.159614,0.0,0.0,0.0,1.327344,1.202726,0.0,2.014564
50,0.9569,0.347014,0.0,0.642776,0.0,1.631327,0.0,0.591689,0.0,0.037292,0.0,0.169375,0.0,0.660379,0.0,0.0,1.33273,0.934873,0.0,0.638642,0.909427,0.001583,0.139174,1.690598,0.454046,1.592269,0.0,0.150724,1.569355,0.0,0.518997,0.0,0.048896,0.54539,0.732898,0.0,0.0,0.0,0.622973,0.811542,0.0,2.175592,0.814788,0.958203,0.695331,1.649789,0.332586,0.0,0.0,0.0,0.841663,0.0,0.0,0.425758,0.766514,0.0,0.427819,0.0,0.0,0.0,1.7201,1.072807,0.0,1.937271
51,1.319821,0.146285,0.0,0.705989,0.0,1.937988,0.0,0.586906,0.0,0.147586,0.0,0.186303,0.0,0.783614,0.0,0.0,1.481234,0.969895,0.0,0.42935,0.804428,0.050118,0.0,1.706678,0.259922,1.749432,0.0,0.144291,1.760455,0.0,0.521747,0.0,0.0,0.532099,0.338424,0.0,0.0,0.0,0.644871,0.775968,0.0,1.913454,0.919675,1.135727,0.745169,1.870738,0.523724,0.0,0.0,0.094498,0.589885,0.0,0.0,0.157871,0.965505,0.0,0.456311,0.0,0.0,0.0,2.015677,1.163269,0.147097,1.751464
52,0.881736,0.365247,0.0,0.525188,0.0,1.132154,0.0,0.595261,0.0,0.196164,0.0,0.018771,0.0,0.334604,0.0,0.0,1.51914,0.705604,0.0,0.490092,0.427127,0.0,0.0,1.60741,0.467355,1.479724,0.0,0.0,1.638161,0.0,0.525882,0.0,0.0,0.584604,0.075613,0.0,0.0,0.0,0.562374,0.629688,0.0,1.584984,0.676905,0.893343,1.146022,1.603392,0.364717,0.0,0.0,0.0,1.006864,0.0,0.0,0.374057,1.089592,0.0,0.609812,0.0,0.0,0.0,1.82164,0.79267,0.340779,1.54212
53,0.792237,0.414086,0.0,0.541425,0.0,0.939841,0.0,0.933842,0.079786,0.384414,0.0,0.054185,0.0,0.310302,0.0,0.0,1.342598,0.316528,0.0,0.20458,0.363245,0.0,0.0,1.580432,0.320736,1.678148,0.0,0.0,1.179945,0.0,0.177041,0.0,0.0,0.219604,0.044331,0.0,0.0,0.0,0.544967,0.503797,0.0,1.546963,0.545224,0.667037,0.987057,1.3288,0.656278,0.0,0.0,0.073396,0.527131,0.0,0.0,0.380964,1.17026,0.0,0.74987,0.0,0.0,0.0,1.515636,0.416899,0.409534,0.999183
54,0.974304,0.325208,0.0,0.414814,0.0,0.581724,0.0,0.614293,0.149701,0.325407,0.0,0.09895,0.0,0.424678,0.0,0.0,1.214298,0.14759,0.0,0.053498,0.347069,0.0,0.0,1.508663,0.299551,1.861913,0.070734,0.0,1.19931,0.0,0.218862,0.0,0.0,0.15544,0.0,0.0,0.0,0.0,0.343899,0.335116,0.0,1.280392,0.567815,0.652749,0.717675,1.36619,0.602235,0.0,0.0,0.070012,0.446761,0.0,0.0,0.368846,1.375263,0.0,0.679247,0.0,0.0,0.0,1.523044,0.128136,0.541376,0.651558
55,1.271917,0.295919,0.0,0.674246,0.0,0.389662,0.033341,0.436979,0.0,0.350696,0.0,0.021254,0.0,0.512423,0.0,0.0,1.122852,0.188201,0.0,0.0,0.188015,0.0,0.0,1.50432,0.229333,1.905819,0.177086,0.0,1.469488,0.0,0.288544,0.0,0.0,0.0,0.0,0.0,0.0,0.0,0.336232,0.265105,0.0,1.197489,0.47528,0.829918,0.570563,1.344355,0.567708,0.0,0.0,0.05656,0.592768,0.0,0.0,0.183726,1.457179,0.0,0.572228,0.0,0.0,0.0,1.818875,0.255175,0.727982,0.492713
56,1.201118,0.327964,0.0,0.284268,0.0,0.255121,0.0,0.284432,0.303157,0.352868,0.0,0.240463,0.0,0.55564,0.0,0.0,1.357669,0.0,0.0,0.0,0.192481,0.0,0.0,1.479472,0.102982,1.659425,0.369143,0.029524,1.00589,0.0,0.245743,0.0,0.0,0.0,0.0,0.0,0.0,0.0,0.265285,0.155068,0.0,1.073529,0.526936,0.76529,0.548182,1.237062,0.672424,0.0,0.0,0.356483,0.267685,0.0,0.0,0.290149,1.300223,0.0,0.507613,0.0,0.0,0.259222,1.343177,0.0,0.830894,0.0
57,1.375842,0.214762,0.0,0.726952,0.0,0.236647,0.07158,0.365974,0.003139,0.299987,0.0,0.263796,0.0,0.402964,0.0,0.0,1.284137,0.216978,0.0,0.0,0.0,0.0,0.0,1.47325,0.125652,1.328344,0.406517,0.099868,1.216264,0.0,0.10681,0.0,0.0,0.0,0.0,0.0,0.0,0.0,0.503346,0.097456,0.0,1.037136,0.39295,0.929781,0.791385,1.364316,0.49444,0.0,0.0,0.167732,0.628774,0.0,0.0,0.016998,1.095997,0.0,0.562647,0.0,0.0,0.190726,1.620444,0.460339,0.969973,0.0
58,1.499656,0.38426,0.0,1.021357,0.0,0.48226,0.0,0.316325,0.128218,0.29054,0.0,0.525008,0.0,0.435077,0.0,0.0,1.321916,0.358302,0.0,0.115009,0.03534,0.0,0.0,1.557148,0.071295,0.979331,0.640674,0.439219,1.198167,0.0,0.0,0.0,0.0,0.0,0.0,0.0,0.0,0.0,0.627282,0.0,0.0,1.185444,0.328428,0.899205,0.882483,1.639685,0.81476,0.0,0.0,0.217091,0.507771,0.0,0.0,0.0,0.741581,0.0,0.897369,0.0,0.0,0.399721,1.661542,0.74359,1.183706,0.0
59,1.825108,0.270447,0.0,0.950922,0.0,0.423211,0.213698,0.0,0.443632,0.329192,0.0,0.567076,0.0,0.807655,0.0,0.0,1.398317,0.125407,0.0,0.095522,0.041099,0.0,0.0,1.424475,0.070085,0.811046,0.387279,0.377736,1.065983,0.0,0.0,0.0,0.0,0.0,0.0,0.208808,0.04147,0.149123,0.562841,0.039996,0.0,1.039433,0.325173,1.117053,0.700157,1.417641,0.458834,0.0,0.0,0.432671,0.492177,0.034494,0.0,0.139774,0.739187,0.0,0.66135,0.0,0.0,0.59287,1.395028,0.414444,1.159257,0.0
60,1.939437,0.146433,0.0,1.054138,0.0,0.321922,0.472646,0.0,0.482245,0.26735,0.0,0.571603,0.0,0.958051,0.0,0.0,1.324566,0.07028,0.0,0.085073,0.056441,0.0,0.0,1.300677,0.318172,0.769063,0.106039,0.384009,1.06087,0.210636,0.0,0.0,0.0,0.0,0.0,0.300438,0.485628,0.435885,0.659619,0.094347,0.0,1.11273,0.089263,1.192697,0.68837,1.204388,0.062975,0.0,0.0,0.408508,0.795952,0.059483,0.0,0.397289,0.590865,0.0,0.438823,0.0,0.0,0.509261,1.020241,0.277243,0.977687,0.0
61,2.014263,0.578153,0.0,1.509388,0.0,0.868003,0.539887,0.0,0.429098,0.390142,0.0,0.813153,0.0,1.012428,0.0,0.0,1.422154,0.50122,0.0,0.618175,0.295744,0.0,0.0,1.233597,0.439742,0.549307,0.054359,0.709158,1.454889,0.0,0.0,0.0,0.0,0.0,0.0,0.320819,0.310389,0.488668,0.76113,0.0,0.0,1.429662,0.076382,1.445331,0.886759,1.812604,0.244038,0.0,0.0,0.357657,0.905754,0.060064,0.0,0.409605,0.183113,0.0,0.691605,0.0,0.0,0.555472,1.27248,0.730277,1.164179,0.0
62,2.154725,0.703716,0.0,1.725935,0.0,1.378608,0.106895,0.0,0.160711,0.186341,0.0,0.816151,0.0,0.801684,0.0,0.0,1.666123,1.005737,0.0,0.927743,0.405246,0.0,0.0,1.528443,0.493905,0.155652,0.287906,1.0053,1.633709,0.0,0.0,0.0,0.0,0.0,0.0,0.188301,0.011641,0.517634,1.2528,0.0,0.0,1.750735,0.034538,1.420604,1.258153,2.187745,0.438039,0.0,0.0,0.344573,1.230098,0.11589,0.0,0.548476,0.025301,0.0,0.822003,0.0,0.0,0.548116,1.204903,1.289857,1.189982,0.0
63,1.869257,0.969571,0.0,1.908724,0.0,1.261186,0.088173,0.0,0.0,0.298667,0.0,0.51202,0.0,0.64066,0.0,0.0,1.552067,1.008276,0.0,0.973983,0.383582,0.0,0.0,1.511921,0.881725,0.192653,0.0,0.802587,1.82996,0.0,0.0,0.0,0.0,0.0,0.0,0.036728,0.247412,0.507791,1.439783,0.0,0.0,2.008172,0.0,1.465248,1.46723,1.825398,0.131938,0.0,0.0,0.390498,1.88214,0.008671,0.0,1.070338,0.0,0.0,0.576495,0.0,0.0,0.390324,0.946888,1.188354,0.851112,0.081519
64,1.778879,0.979241,0.0,1.710981,0.0,1.498617,0.0,0.039979,0.0,0.203178,0.0,0.359384,0.0,0.429786,0.0,0.0,1.579824,1.180951,0.0,1.15197,0.712725,0.051416,0.0,1.783701,0.945783,0.205758,0.457395,0.809091,1.650442,0.0,0.229929,0.0,0.0,0.0,0.0,0.0,0.102929,0.619634,1.738482,0.0,0.0,2.420842,0.0,1.322543,1.49818,1.772885,0.213193,0.0,0.0,0.160019,1.866568,0.0,0.0,1.247812,0.0,0.0,0.467549,0.0,0.0,0.087255,0.832843,1.238813,0.596999,0.518335
65,1.438595,1.270444,0.0,1.723452,0.0,1.243118,0.0,0.079722,0.0,0.126833,0.0,0.087496,0.0,0.363901,0.0,0.0,1.242442,1.065455,0.0,1.192986,0.741855,0.0,0.0,1.722118,1.198294,0.212107,0.171133,0.87214,1.932645,0.0,0.287906,0.0,0.0,0.0,0.0,0.019253,0.0,0.501765,1.767524,0.038776,0.0,2.275946,0.0,1.320033,1.472968,1.551004,0.07033,0.0,0.0,0.214223,2.402466,0.0,0.0,1.459942,0.0,0.0,0.381201,0.0,0.0,0.020197,1.011079,1.382118,0.358335,0.738609
66,0.959398,1.431471,0.0,1.184705,0.0,0.612644,0.0,0.392438,0.0,0.170681,0.0,0.0,0.0,0.286064,0.217961,0.0,0.910754,0.527963,0.0,0.929712,1.087003,0.0,0.0,1.772642,1.428554,0.641236,0.333432,0.477215,1.58455,0.0,0.218941,0.0,0.0,0.0,0.045921,0.0,0.227552,0.603572,1.764222,0.203616,0.0,2.454194,0.0,0.918321,1.175981,0.910469,0.007289,0.0,0.0,0.024729,2.410914,0.0,0.0,1.801428,0.030728,0.0,0.521798,0.0,0.0,0.0,0.599906,0.608708,0.0,0.979272
67,0.592296,1.34374,0.0,0.985823,0.0,0.620693,0.0,0.245499,0.0,0.158148,0.0,0.0,0.0,0.0,0.511052,0.0,0.74438,0.453928,0.0,0.838152,0.713089,0.0,0.0,1.373674,1.347041,0.519603,0.350639,0.41694,1.366242,0.0,0.534153,0.0,0.0,0.0,0.0,0.103612,0.40428,0.370994,1.623027,0.395568,0.0,1.708197,0.0,1.004954,1.26812,0.686981,0.0,0.0,0.0,0.196726,2.510831,0.0,0.0,2.066764,0.0,0.05151,0.019088,0.0,0.0,0.0,0.491636,0.65678,0.0,1.048453
68,0.175104,1.374271,0.0,0.48994,0.0,0.418326,0.0,0.039802,0.0,0.0159,0.0,0.0,0.0,0.0,0.795536,0.0,0.390292,0.365737,0.0,0.873417,0.728242,0.0,0.0,1.254384,1.46574,0.637402,0.428585,0.345359,1.151577,0.0,0.830547,0.0,0.0,0.0,0.0,0.0,0.399197,0.449461,1.511828,0.462765,0.0,1.337032,0.0,0.603254,1.236908,0.309656,0.0,0.0,0.0,0.0,2.456664,0.0,0.0,2.233587,0.097551,0.183727,0.073015,0.0,0.0,0.0,0.267719,0.544324,0.0,1.311997
69,0.122091,1.416827,0.0,0.400227,0.0,0.0,0.0,0.379355,0.0,0.178602,0.0,0.0,0.0,0.0,0.645412,0.0,0.164801,0.0,0.0,0.435873,0.718152,0.0,0.0,1.175583,1.28082,0.818513,0.408948,0.00492,1.132702,0.0,0.567058,0.0,0.0,0.0,0.013624,0.0,0.610301,0.317948,1.326594,0.671044,0.0,1.552496,0.0,0.389155,1.184293,0.134033,0.167982,0.0,0.0,0.282812,2.336027,0.0,0.0,2.199,0.513235,0.478015,0.37427,0.0,0.0,0.0,0.181848,0.177163,0.0,1.066884
70,0.215808,1.09153,0.0,0.393264,0.0,0.0,0.0,0.3836,0.0,0.291767,0.0,0.0,0.0,0.0,0.557938,0.0,0.212768,0.0,0.0,0.178477,0.588259,0.0,0.0,1.023183,1.071332,0.935401,0.396725,0.0,1.075771,0.0,0.53331,0.050485,0.0,0.0,0.051454,0.0,0.481817,0.218031,1.19521,0.844083,0.0,1.300672,0.0,0.338632,1.238399,0.115961,0.145491,0.0,0.0,0.12633,2.014534,0.0,0.0,1.992603,0.740278,0.409413,0.326401,0.0,0.0,0.0,0.457052,0.004767,0.0,1.223112
71,0.052545,1.094818,0.0,0.217004,0.0,0.017525,0.0,0.559114,0.0,0.23001,0.0,0.0,0.0,0.0,0.524972,0.0,0.069824,0.0,0.0,0.259698,0.717768,0.0,0.0,1.050255,0.877952,0.93243,0.634188,0.0,0.817041,0.0,0.564388,0.041163,0.0,0.0,0.145272,0.0,0.29829,0.049639,1.079465,1.047458,0.0,1.367594,0.0,0.155256,1.193882,0.280505,0.475757,0.0,0.0,0.0,1.828272,0.0,0.0,1.798985,0.737751,0.244111,0.514079,0.0,0.0,0.0,0.307269,0.208248,0.0,1.307419
72,0.0,0.91039,0.0,0.182969,0.0,0.251702,0.0,0.559322,0.0,0.286456,0.0,0.0,0.0,0.0,0.667478,0.0,0.161481,0.0,0.0,0.341083,0.667119,0.0,0.0,0.865506,0.82011,0.900188,0.623459,0.0,0.578047,0.0,0.671002,0.0,0.0,0.0,0.299775,0.0,0.429183,0.01554,0.890476,1.017809,0.0,1.235703,0.0,0.001134,1.402459,0.344131,0.510152,0.0,0.0,0.0,1.644679,0.0,0.0,1.815,0.711849,0.146913,0.414577,0.0,0.0,0.0,0.068374,0.186735,0.0,1.230762
73,0.0,0.659962,0.0,0.0,0.0,0.140697,0.0,0.509806,0.0,0.186565,0.0,0.0,0.009772,0.0,0.446936,0.0,0.004504,0.0,0.0,0.22895,0.731358,0.0,0.0,0.911924,0.645074,1.127949,0.574891,0.0,0.623543,0.0,0.5046,0.0,0.0,0.0,0.321797,0.0,0.222482,0.0,0.520446,1.090476,0.0,1.159652,0.0,0.0,0.999526,0.368314,0.66064,0.0,0.0,0.0,1.234792,0.0,0.0,1.489922,0.968341,0.073474,0.595558,0.0,0.0,0.0,0.201615,0.060622,0.0,1.209374
74,0.037537,0.280203,0.0,0.0,0.0,0.131034,0.0,0.407046,0.0,0.066667,0.156751,0.0,0.0,0.0,0.368395,0.0,0.087013,0.0,0.0,0.323803,0.507642,0.0,0.0,0.718954,0.506619,1.150773,0.216047,0.0,0.729982,0.0,0.441966,0.0,0.0,0.0,0.265108,0.0,0.313679,0.005688,0.203733,0.907212,0.0,0.766277,0.0,0.179256,0.83769,0.421656,0.51561,0.0,0.0,0.0,0.905918,0.0,0.0,1.355986,1.006337,0.135035,0.241777,0.0,0.0,0.0,0.345259,0.0,0.0,1.036856
75,0.168505,0.281801,0.0,0.0,0.0,0.033392,0.0,0.532813,0.0,0.130899,0.0,0.0,0.106017,0.089382,0.184277,0.011967,0.000469,0.0,0.0,0.121327,0.580137,0.0,0.0,0.762153,0.402121,1.567784,0.072915,0.0,1.038239,0.0,0.404768,0.0,0.0,0.0,0.356703,0.0,0.074237,0.0,0.187443,0.690218,0.0,1.118134,0.0,0.139169,0.536716,0.299259,0.534724,0.0,0.0,0.033467,0.726606,0.0,0.0,1.101647,1.143224,0.184513,0.440314,0.0,0.0,0.0,0.719312,0.0,0.0,0.936998
76,0.255041,0.023051,0.0,0.013352,0.0,0.247055,0.0,0.506202,0.0,0.056443,0.0,0.0,0.0,0.0,0.148835,0.018102,0.101087,0.209213,0.0,0.182413,0.381715,0.0,0.0,0.627553,0.239322,1.330202,0.057259,0.0,1.02099,0.0,0.427402,0.0,0.0,0.099122,0.307188,0.0,0.0,0.0,0.116377,0.704236,0.0,0.889686,0.060335,0.345616,0.565361,0.49009,0.272041,0.0,0.0,0.0,0.647184,0.0,0.0,0.622531,0.795709,0.069868,0.112817,0.0,0.0,0.0,1.077778,0.0,0.0,1.062174
77,0.479017,0.12444,0.0,0.383247,0.0,0.654085,0.0,0.432674,0.0,0.159304,0.0,0.0,0.0,0.036861,0.100412,0.008301,0.0,0.523746,0.0,0.272904,0.270797,0.0,0.0,0.661685,0.029946,0.89244,0.0,0.0,0.993866,0.0,0.359958,0.0,0.0,0.0,0.310703,0.0,0.0,0.0,0.317247,0.755765,0.0,0.976494,0.180419,0.470275,0.692699,0.804979,0.184388,0.0,0.0,0.0,0.825844,0.0,0.0,0.309499,0.501209,0.0,0.104873,0.0,0.0,0.0,1.28298,0.606333,0.0,0.920481
78,0.340473,0.0,0.0,0.0,0.0,1.134607,0.0,0.285655,0.0,0.045423,0.172914,0.177943,0.0,0.273658,0.260866,0.0,0.114615,0.565667,0.0,0.387446,0.468177,0.0,0.0,0.497709,0.22958,1.051285,0.0,0.046758,0.6716,0.0,0.456964,0.0,0.0,0.257419,0.634284,0.0,0.100025,0.285593,0.136949,0.681321,0.0,0.756385,0.499767,0.45051,0.461475,0.90958,0.199518,0.0,0.0,0.0,0.327462,0.0,0.116087,0.465513,0.33857,0.0,0.0,0.0,0.0,0.0,0.882509,0.450308,0.0,0.997622
79,0.162943,0.0,0.0,0.0,0.0,1.252619,0.0,0.436685,0.0,0.053191,0.232246,0.118309,0.0,0.45233,0.349864,0.0,0.100849,0.441586,0.0,0.265181,0.767298,0.0,0.136782,0.535396,0.221752,1.31349,0.012373,0.09523,0.286869,0.0,0.290833,0.0,0.0,0.284344,1.040676,0.0,0.037158,0.577723,0.030109,0.86229,0.0,0.872137,0.612272,0.404371,0.279238,0.751658,0.317867,0.0,0.0,0.0,0.0,0.0,0.299683,0.483268,0.326163,0.0,0.0,0.0,0.0,0.0,0.654833,0.398014,0.0,1.227602
80,0.0,0.0,0.0,0.0,0.0,1.115863,0.0,0.293942,0.0,0.004828,0.183069,0.083966,0.014743,0.332865,0.578002,0.0,0.0,0.587563,0.0,0.352971,0.40518,0.0,0.119771,0.329409,0.363024,1.137056,0.0,0.0,0.289974,0.0,0.525039,0.0,0.0,0.411974,1.168413,0.0,0.096294,0.551522,0.0,0.853472,0.0,0.381222,0.729367,0.344071,0.444474,0.635922,0.0,0.0,0.0,0.0,0.244886,0.0,0.394435,0.545826,0.130684,0.0,0.0,0.0,0.0,0.0,0.822834,0.550656,0.0,1.473842
81,0.0,0.175846,0.0,0.0,0.0,0.720788,0.0,0.531384,0.0,0.0,0.094949,0.0,0.0,0.023364,0.559544,0.0,0.0,0.442646,0.0,0.235811,0.148195,0.0,0.208325,0.197051,0.280387,1.177984,0.0,0.0,0.003058,0.0,0.622312,0.0,0.0,0.403533,1.212875,0.0,0.30532,0.375935,0.0,1.100784,0.0,0.191745,0.517801,0.451807,0.295677,0.289107,0.0,0.0,0.0,0.0,0.320018,0.0,0.212419,0.619757,0.112247,0.333516,0.0,0.0,0.030793,0.0,0.810103,0.331047,0.0,1.376311
82,0.0,0.0,0.0,0.0,0.0,0.92934,0.0,0.6082,0.0,0.036131,0.300384,0.0,0.0,0.162101,0.505257,0.0,0.001242,0.276844,0.0,0.0,0.631965,0.0,0.178203,0.49709,0.070708,1.545213,0.0,0.0,0.113213,0.0,0.576512,0.0,0.0,0.199054,1.316718,0.067924,0.0,0.471091,0.0,1.158084,0.0,0.327465,0.580098,0.406137,0.178441,0.432712,0.0,0.0,0.0,0.0,0.0,0.0,0.171123,0.579315,0.352493,0.0,0.0,0.0,0.0,0.0,0.858991,0.288632,0.0,1.374119
83,0.0,0.0,0.0,0.0,0.0,0.985599,0.0,0.390842,0.0,0.0,0.259132,0.0,0.075331,0.177111,0.589471,0.0,0.0,0.499038,0.0,0.204544,0.472995,0.0,0.039843,0.482354,0.205162,1.483275,0.0,0.0,0.30515,0.0,0.718048,0.0,0.0,0.350619,1.261709,0.0,0.0,0.416947,0.0,0.948397,0.0,0.117021,0.817131,0.282781,0.310807,0.575273,0.0,0.0,0.0,0.0,0.134623,0.0,0.223839,0.535818,0.272721,0.0,0.0,0.0,0.0,0.0,1.015158,0.388572,0.0,1.522308
84,0.0,0.0,0.0,0.0,0.0,1.202511,0.0,0.304699,0.0,0.019541,0.301106,0.0,0.0,0.208464,0.646252,0.055402,0.0,0.594564,0.0,0.222831,0.30961,0.0,0.023806,0.517477,0.319587,1.702569,0.0,0.0,0.556435,0.0,0.765059,0.0,0.0,0.490796,1.164008,0.0,0.0,0.162601,0.0,0.834136,0.0,0.21017,0.818891,0.4505,0.291091,0.733392,0.0,0.0,0.0,0.0,0.213337,0.0,0.195318,0.497601,0.228023,0.0,0.0,0.0,0.0,0.0,1.200359,0.424937,0.0,1.48186
85,0.0,0.0,0.0,0.0,0.0,1.123819,0.0,0.617987,0.0,0.010139,0.186443,0.0,0.0,0.196613,0.447812,0.055237,0.268782,0.506697,0.0,0.219157,0.617599,0.0,0.028105,0.835098,0.271611,1.854868,0.0,0.0,0.673892,0.0,0.581581,0.0,0.0,0.469116,1.246782,0.0,0.0,0.136506,0.0,0.838696,0.0,0.81116,0.926018,0.434492,0.272945,0.819836,0.001408,0.0,0.0,0.0,0.127664,0.0,0.220748,0.342147,0.416167,0.0,0.0,0.0,0.0,0.0,1.178784,0.213292,0.0,1.549199
86,0.259882,0.0,0.0,0.019988,0.0,1.16653,0.0,0.677384,0.0,0.083457,0.0,0.0,0.0,0.391725,0.423682,0.20827,0.524838,0.728428,0.0,0.185419,0.938994,0.0,0.089121,1.226342,0.238955,1.905545,0.0,0.0,1.144179,0.0,0.53374,0.0,0.107107,0.316068,1.133609,0.0,0.0,0.0,0.192694,0.895615,0.0,1.555323,1.102463,0.501074,0.426158,1.029,0.174667,0.0,0.0,0.0,0.398835,0.0,0.198804,0.143852,0.627819,0.0,0.076186,0.0,0.0,0.0,1.474194,0.355797,0.0,1.789405
87,0.169353,0.0,0.0,0.089118,0.0,1.393062,0.0,0.845795,0.0,0.0,0.0,0.0,0.0,0.719409,0.445589,0.348714,0.61985,0.794977,0.0,0.260953,1.262756,0.0,0.039427,1.607176,0.302347,2.439766,0.0,0.0,1.420645,0.0,0.564131,0.0,0.344759,0.487817,1.257393,0.0,0.0,0.0,0.085193,0.937499,0.0,1.944587,1.328863,0.540146,0.164952,1.098617,0.423943,0.0,0.0,0.0,0.21146,0.0,0.144918,0.262806,0.999496,0.0,0.271213,0.0,0.0,0.0,1.352999,0.070377,0.0,1.810958
88,0.104277,0.0,0.0,0.31246,0.0,1.244872,0.0,0.900369,0.0,0.0,0.0,0.0,0.0,0.620466,0.195016,0.559321,0.468776,0.997792,0.0,0.392781,0.860905,0.0,0.0,1.546999,0.32728,2.153528,0.0,0.0,1.9412,0.0,0.562003,0.0,0.302936,0.607193,0.985853,0.0,0.0,0.0,0.235896,0.730727,0.0,1.965426,1.303314,0.622587,0.214749,1.291903,0.282311,0.0,0.0,0.0,0.739279,0.0,0.054363,0.016513,0.875277,0.0,0.065205,0.0,0.0,0.0,1.925085,0.249821,0.0,1.79335
89,0.0,0.0,0.0,0.0,0.0,1.593406,0.0,0.809115,0.0,0.0,0.166373,0.0,0.0,0.824172,0.36899,0.482891,0.577685,1.038889,0.0,0.560507,1.078817,0.0,0.0,1.61357,0.530387,2.433485,0.0,0.0,1.859035,0.0,0.590494,0.0,0.332766,0.864301,1.062368,0.0,0.0,0.0,0.13801,0.730337,0.0,1.981226,1.563735,0.644197,0.056605,1.417086,0.458466,0.0,0.0,0.072412,0.542467,0.0,0.098588,0.281526,0.996864,0.0,0.098514,0.0,0.0,0.0,1.505424,0.0,0.0,1.715179
90,0.238242,0.0,0.0,0.462609,0.0,1.408736,0.0,0.892798,0.0,0.114907,0.0,0.0,0.0,0.681311,0.212232,0.450323,0.663203,1.087088,0.0,0.283603,1.33299,0.0,0.0,1.914853,0.400922,2.41334,0.350488,0.0,1.863403,0.0,0.615598,0.0,0.420974,0.447544,1.002205,0.0,0.0,0.0,0.359398,0.760539,0.0,2.371839,1.669675,0.535735,0.389204,1.284186,0.527314,0.0,0.0,0.0,0.529786,0.0,0.005553,0.175456,1.078655,0.0,0.313358,0.0,0.0,0.0,1.771582,0.183141,0.0,1.967116
91,0.380603,0.0,0.0,0.203582,0.0,1.134686,0.0,0.56107,0.0,0.108956,0.0,0.0,0.0,0.419623,0.406483,0.503642,0.66467,1.04676,0.0,0.280209,0.996208,0.0,0.0,1.728748,0.4041,2.120182,0.137527,0.0,1.859306,0.0,0.787521,0.0,0.21242,0.282786,0.653231,0.0,0.0,0.0,0.445487,0.75224,0.0,1.877924,1.495289,0.64311,0.532986,1.228058,0.362306,0.0,0.0,0.0,0.82302,0.0,0.0,0.196155,0.928686,0.0,0.150264,0.0,0.0,0.0,1.943552,0.196787,0.0,1.894943
92,0.279132,0.0,0.0,0.169474,0.0,0.635285,0.0,0.551876,0.0,0.170797,0.0,0.0,0.0,0.09934,0.502687,0.445383,0.686111,0.662548,0.0,0.077237,0.760343,0.0,0.0,1.57572,0.386401,2.094614,0.0,0.0,1.472791,0.0,0.867448,0.0,0.29538,0.064468,0.726919,0.0,0.0,0.0,0.353071,0.907917,0.0,1.611361,1.077355,0.537886,0.526971,0.805893,0.165892,0.0,0.0,0.0,0.878781,0.0,0.0,0.420757,0.902329,0.0,0.074431,0.0,0.0,0.0,1.679819,0.0,0.0,1.846732
93,0.0,0.0,0.0,0.05738,0.0,0.356674,0.0,0.702113,0.0,0.112052,0.0,0.0,0.0,0.0,0.517646,0.255128,0.484781,0.469267,0.0,0.0,0.489225,0.0,0.0,1.232497,0.412266,2.011279,0.0,0.0,1.042608,0.0,0.810289,0.0,0.298866,0.220095,0.810336,0.0,0.0,0.0,0.06821,1.025442,0.0,1.07177,0.779658,0.579549,0.409442,0.382195,0.0,0.0,0.0,0.0,0.784322,0.0,0.0,0.695503,0.765353,0.0,0.0,0.0,0.0,0.0,1.27369,0.0,0.0,1.612724
94,0.0,0.0,0.0,0.0,0.0,0.683465,0.0,0.50228,0.0,0.117913,0.042823,0.0,0.0,0.0,0.467613,0.188361,0.010651,0.451226,0.0,0.11064,0.582383,0.0,0.0,0.910763,0.44451,1.772838,0.0,0.0,0.576591,0.0,0.630681,0.0,0.07856,0.058484,0.984112,0.0,0.0,0.000495,0.07275,0.837551,0.0,0.734851,0.806733,0.465267,0.221039,0.547984,0.0,0.0,0.0,0.0,0.614237,0.0,0.0,0.887704,0.39151,0.0,0.0,0.0,0.0,0.0,0.910519,0.04134,0.0,1.335767
95,0.0,0.0,0.0,0.0,0.0,0.545111,0.0,0.451154,0.0,0.137969,0.0,0.0,0.0,0.0,0.650758,0.091576,0.0,0.580261,0.0,0.06686,0.489316,0.0,0.0,0.625561,0.556324,1.548797,0.0,0.0,0.298171,0.0,0.62169,0.0,0.0,0.0,1.108713,0.0,0.0,0.330399,0.066771,0.879568,0.0,0.615823,0.859841,0.379902,0.380398,0.264204,0.0,0.0,0.0,0.0,0.763586,0.0,0.0,0.952863,0.172398,0.027994,0.0,0.0,0.0,0.0,0.586505,0.208064,0.0,1.492936
96,0.0,0.0,0.0,0.0,0.0,0.486581,0.0,0.075493,0.0,0.0,0.026542,0.0,0.134459,0.03684,0.86789,0.0,0.0,0.49836,0.0,0.287337,0.316616,0.0,0.0,0.367182,0.561294,1.51272,0.0,0.0,0.217125,0.0,0.685283,0.0,0.0,0.0,1.010608,0.0,0.0,0.438931,0.0,0.703634,0.0,0.003807,0.882826,0.343709,0.118862,0.026415,0.0,0.0,0.0,0.0,0.736149,0.0,0.0,1.158241,0.064923,0.257933,0.0,0.0,0.0,0.0,0.402372,0.192682,0.0,1.404755
97,0.0,0.142799,0.0,0.0,0.0,0.30452,0.0,0.184358,0.0,0.0,0.0,0.0,0.0,0.047516,0.629449,0.0,0.0,0.347728,0.0,0.133803,0.196726,0.0,0.023722,0.396529,0.454833,1.447952,0.0,0.013327,0.153727,0.0,0.529054,0.0,0.0,0.0,0.842502,0.059715,0.0,0.427883,0.0,0.690072,0.0,0.062324,0.605902,0.515241,0.015924,0.0,0.0,0.0,0.0,0.0,0.741776,0.0,0.0,1.201087,0.080682,0.461738,0.0,0.0,0.0,0.0,0.45585,0.097309,0.0,1.126709
98,0.0,0.104029,0.0,0.0,0.0,0.292154,0.0,0.220449,0.0,0.0,0.0,0.0,0.013486,0.004873,0.640381,0.0,0.0,0.412927,0.0,0.052229,0.224177,0.0,0.0,0.398137,0.617483,1.290756,0.0,0.0,0.148546,0.0,0.592248,0.0,0.0,0.0,0.751202,0.207225,0.0,0.599859,0.103654,0.706772,0.0,0.0,0.653692,0.487814,0.22154,0.0,0.0,0.0,0.0,0.0,0.933267,0.0,0.0,1.227119,0.0,0.350514,0.0,0.0,0.0,0.0,0.472769,0.240205,0.0,1.200206
99,0.0,0.352507,0.0,0.168358,0.0,0.011522,0.0,0.200785,0.0,0.0,0.0,0.0,0.0,0.0,0.511239,0.0,0.0,0.316674,0.0,0.0,0.019022,0.0,0.0,0.535564,0.684548,1.139935,0.0,0.036429,0.2639,0.0,0.548384,0.0,0.0,0.0,0.47001,0.434381,0.101915,0.5316,0.246566,0.577588,0.0,0.0,0.271921,0.580349,0.316907,0.0,0.0,0.0,0.0,0.0,1.210764,0.0,0.0,1.288256,0.038548,0.563168,0.0,0.0,0.0,0.03642,0.419282,0.34198,0.0,0.813007
100,0.0,0.395461,0.0,0.113138,0.0,0.049091,0.0,0.024449,0.0,0.0,0.0,0.0,0.0,0.0,0.639725,0.1318,0.0,0.117927,0.0,0.0,0.0,0.0,0.0,0.673807,0.580018,1.064007,0.0,0.021803,0.182219,0.0,0.669253,0.0,0.0,0.0,0.205958,0.399012,0.115435,0.439097,0.463707,0.56279,0.0,0.0,0.122185,0.465483,0.341158,0.0,0.0,0.0,0.0,0.0,1.25432,0.000429,0.0,1.439299,0.264185,0.447265,0.0,0.0,0.0,0.0,0.27267,0.203085,0.029459,0.712209
101,0.0,0.552552,0.0,0.15878,0.0,0.009341,0.0,0.057752,0.0,0.0,0.0,0.0,0.0,0.029101,0.464631,0.0,0.0,0.014431,0.0,0.0,0.0,0.0,0.0,0.590888,0.656021,0.907574,0.033213,0.229743,0.122661,0.0,0.364051,0.0,0.0,0.0,0.04142,0.4611,0.294344,0.468043,0.486512,0.428121,0.0,0.0,0.0,0.495163,0.394216,0.0,0.0,0.0,0.0,0.103763,1.188661,0.011715,0.0,1.540707,0.235664,0.617849,0.0,0.0,0.0,0.0,0.178425,0.225382,0.078586,0.705256
102,0.0,0.893049,0.0,0.43617,0.0,0.0,0.003622,0.116197,0.0,0.0,0.0,0.0,0.0,0.0,0.423469,0.0,0.0,0.0,0.0,0.0,0.033699,0.0,0.0,0.623185,0.889008,0.68845,0.194865,0.303827,0.270338,0.0,0.280974,0.0,0.0,0.0,0.108315,0.48776,0.563428,0.44736,0.617764,0.292061,0.0,0.122373,0.0,0.370683,0.582763,0.0,0.0,0.0,0.0,0.499388,1.526834,0.25227,0.0,1.560343,0.1641,0.720113,0.0,0.0,0.0,0.0,0.0,0.18332,0.139951,0.386531
103,0.0,1.11433,0.0,0.516385,0.0,0.0,0.0,0.134223,0.0,0.0,0.0,0.0,0.0,0.0,0.582095,0.0,0.0,0.0,0.0,0.0,0.049157,0.0,0.0,0.751952,0.937216,0.54889,0.476225,0.031877,0.26488,0.0,0.439056,0.0,0.0,0.0,0.0,0.180348,0.565558,0.537255,0.894075,0.544958,0.0,0.491883,0.0,0.251366,0.6293,0.0,0.0,0.0,0.0,0.356462,1.789652,0.438379,0.0,1.506693,0.196181,0.588948,0.131279,0.0,0.0,0.0,0.0,0.146906,0.04805,0.404619
104,0.0,1.068179,0.0,0.250159,0.0,0.0,0.24865,0.0,0.0,0.0,0.0,0.0,0.0,0.153167,0.415529,0.0,0.0,0.0,0.0,0.0,0.148785,0.0,0.0,0.624106,0.807831,0.425171,0.417208,0.40303,0.230646,0.0,0.170289,0.0,0.0,0.0,0.0,0.447432,0.683726,0.565185,0.767699,0.297723,0.0,0.405018,0.0,0.310617,0.544122,0.0,0.0,0.0,0.0,0.465981,1.535631,0.324867,0.0,1.556502,0.249291,0.68646,0.036899,0.0,0.0,0.0,0.0,0.064294,0.07769,0.27745
105,0.208105,1.15761,0.0,0.620542,0.0,0.0,0.241396,0.10357,0.0,0.0,0.0,0.0,0.0,0.283351,0.325323,0.0,0.044333,0.0,0.0,0.0,0.380531,0.0,0.0,0.791455,0.854075,0.268485,0.645586,0.356128,0.354573,0.0,0.169525,0.0,0.0,0.0,0.0,0.521359,0.569435,0.630166,1.007724,0.409933,0.0,0.572501,0.0,0.310728,0.564655,0.0,0.021595,0.0,0.0,0.529782,1.591129,0.527587,0.0,1.231646,0.046673,0.574131,0.145823,0.0,0.0,0.0,0.0,0.311763,0.117143,0.12696
106,0.108794,1.072151,0.0,0.412492,0.0,0.0,0.370218,0.0,0.047965,0.0,0.0,0.0,0.0,0.390733,0.512946,0.0,0.0,0.0,0.0,0.060873,0.183702,0.0,0.0,0.610479,0.831556,0.188518,0.447555,0.628162,0.224708,0.0,0.049091,0.0,0.0,0.0,0.0,0.759261,0.887666,0.967451,0.948234,0.211063,0.0,0.397305,0.0,0.410568,0.530306,0.0,0.0,0.0,0.0,0.497385,1.428626,0.47937,0.0,1.356455,0.0,0.811227,0.011556,0.0,0.0,0.0,0.0,0.2006,0.351371,0.028113
107,0.423624,0.854923,0.0,0.766149,0.0,0.232178,0.522932,0.0,0.224925,0.0,0.0,0.034818,0.0,0.702332,0.560229,0.0,0.0,0.109762,0.0,0.160356,0.081676,0.0,0.0,0.507023,0.667391,0.059643,0.162921,0.827838,0.273703,0.0,0.008244,0.0,0.0,0.0,0.016202,1.164688,0.832557,1.159746,0.860721,0.310409,0.0,0.082298,0.0,0.753736,0.448542,0.0,0.0,0.0,0.0,0.433155,1.319245,0.443511,0.0,1.230199,0.0,0.865155,0.0,0.0,0.0,0.124025,0.0,0.561902,0.568685,0.090952
108,0.760315,0.695455,0.0,1.178283,0.259993,0.495313,0.578386,0.0,0.388381,0.0,0.0,0.225696,0.0,1.147982,0.551668,0.0,0.0,0.340704,0.0,0.238572,0.0,0.0,0.213347,0.368481,0.511504,0.0,0.0,0.939808,0.36752,0.201099,0.0,0.0,0.0,0.0,0.060089,1.384781,0.852337,1.142732,0.626804,0.504918,0.0,0.0,0.0,1.129633,0.275082,0.023847,0.0,0.0,0.0,0.527448,1.347239,0.500196,0.0,1.091937,0.0,1.098412,0.0,0.048567,0.0,0.267251,0.281355,0.941436,0.740775,0.224909
109,0.850278,0.537477,0.0,0.936136,0.288744,0.733678,0.558272,0.0,0.701441,0.0,0.0,0.341516,0.0,1.526186,0.620673,0.0,0.0,0.556672,0.0,0.18188,0.0,0.0,0.628386,0.28419,0.280457,0.0,0.0,1.064847,0.136128,0.300931,0.02662,0.0,0.0,0.0,0.23824,1.499592,0.902551,1.268747,0.514443,0.452317,0.0,0.0,0.0,1.407674,0.039874,0.082259,0.0,0.0,0.0,0.470596,1.11019,0.437788,0.0,1.022417,0.0,1.170984,0.0,0.024844,0.0,0.342847,0.315497,1.01602,0.613403,0.231153
110,0.887725,0.271576,0.0,0.541351,0.083253,0.819782,0.477456,0.0,1.008171,0.0,0.031359,0.376988,0.0,1.72123,0.673298,0.0,0.0,0.643595,0.0,0.0,0.0,0.0,1.063307,0.280495,0.0,0.0,0.0,1.176427,0.0,0.189657,0.073463,0.0,0.0,0.0,0.358163,1.600145,0.807897,1.335279,0.442883,0.297002,0.0,0.0,0.048074,1.678854,0.0,0.094009,0.0,0.0,0.0,0.349112,0.841276,0.360448,0.0,0.846617,0.0,1.011339,0.0,0.0,0.0,0.380944,0.293029,0.806056,0.384704,0.04472
111,0.855736,0.203576,0.0,0.412562,0.148795,1.302193,0.301285,0.0,1.169125,0.0,0.337883,0.556436,0.0,1.932834,0.746465,0.316978,0.0,0.732126,0.0,0.0,0.0,0.0,1.194776,0.227381,0.0,0.0,0.0,1.502431,0.0,0.0,0.0,0.0,0.0,0.0,0.666477,1.565023,0.569055,1.34695,0.321082,0.17727,0.0,0.0,0.0,1.82866,0.0,0.383754,0.0,0.0,0.0,0.589475,0.378285,0.5022,0.0,0.743215,0.0,0.616463,0.0,0.0,0.0,0.465033,0.23274,0.962862,0.133028,0.034311
112,0.769401,0.121336,0.0,0.278104,0.078567,1.435776,0.248202,0.0,1.137311,0.0,0.520985,0.485503,0.0,1.980582,0.804272,0.533579,0.0,0.816302,0.0,0.0,0.060621,0.0,1.392191,0.153023,0.0,0.0,0.0,1.409587,0.0,0.013919,0.0,0.0,0.0,0.0,0.844238,1.373306,0.276232,1.109683,0.298247,0.215259,0.0,0.0,0.0,1.815156,0.0,0.35449,0.0,0.0,0.0,0.5324,0.353451,0.432056,0.0,0.650293,0.0,0.506893,0.0,0.0,0.0,0.356164,0.127894,1.054473,0.0,0.079117
113,0.904319,0.0,0.0,0.0,0.0,1.529729,0.109152,0.0,1.077717,0.0,0.613681,0.447114,0.0,2.148273,1.107491,0.660202,0.0,0.850456,0.0,0.0,0.118304,0.0,1.58362,0.023217,0.0,0.0,0.0,1.312096,0.0,0.0,0.0,0.0,0.0,0.107841,1.028514,1.350369,0.091096,1.141947,0.476154,0.104898,0.0,0.0,0.043836,1.75115,0.0,0.378458,0.0,0.0,0.0,0.095645,0.172959,0.206112,0.146203,0.554766,0.0,0.448173,0.0,0.0,0.0,0.13254,0.0,1.00026,0.0,0.195491
114,0.594079,0.065863,0.0,0.0,0.0,1.260927,0.06005,0.0,0.980791,0.0,0.683019,0.366893,0.0,1.940852,1.049502,0.602743,0.0,0.813994,0.0,0.0,0.0648,0.0,1.617713,0.0,0.0,0.143502,0.0,0.866329,0.0,0.0,0.071351,0.0,0.0,0.271284,0.966064,1.199214,0.204798,0.934963,0.121762,0.370284,0.0,0.0,0.108179,1.70621,0.0,0.228352,0.0,0.0,0.0,0.0,0.413298,0.0,0.232174,0.46947,0.0,0.623811,0.0,0.0,0.0,0.061524,0.0,1.160714,0.0,0.196833
115,0.694371,0.0,0.0,0.0,0.0,1.202479,0.073957,0.0,0.907532,0.0,0.903682,0.412996,0.0,1.819201,0.851705,0.545785,0.0,0.455905,0.0,0.0,0.349144,0.067428,1.374136,0.0,0.0,0.39268,0.0,0.759977,0.0,0.0,0.003041,0.0,0.0,0.418598,1.004484,0.949112,0.0,0.82944,0.171369,0.48665,0.0,0.0,0.015936,1.314111,0.0,0.435209,0.0,0.0,0.0,0.047385,0.04756,0.0,0.227288,0.42655,0.207778,0.265004,0.0,0.0,0.0,0.0,0.0,0.80098,0.0,0.223695
116,0.277849,0.164624,0.0,0.00669,0.0,0.828167,0.017105,0.0,0.684788,0.0,0.720547,0.3089,0.025443,1.232721,0.660873,0.367108,0.0,0.410832,0.0,0.0,0.455829,0.0,0.955083,0.0,0.0,0.450565,0.0,0.593987,0.0,0.0,0.054526,0.0,0.0,0.375225,0.954205,0.517105,0.039261,0.751891,0.067194,0.464156,0.0,0.192378,0.0,0.849889,0.0,0.441392,0.0,0.0,0.0,0.014689,0.337878,0.0,0.402194,0.391671,0.153776,0.264473,0.085124,0.0,0.0,0.0,0.00692,0.703881,0.0,0.343146
117,0.312351,0.0,0.0,0.0,0.0,0.827732,0.0,0.0,0.585132,0.0,0.553999,0.15585,0.122673,1.059446,0.631397,0.028704,0.04679,0.154503,0.0,0.0,0.617653,0.0,0.416051,0.0,0.0,0.691785,0.0,0.373587,0.0,0.0,0.00877,0.0,0.0,0.581756,0.929267,0.228112,0.050762,0.684071,0.085144,0.654753,0.0,0.471258,0.022998,0.373088,0.198612,0.371637,0.207563,0.0,0.0,0.0,0.170263,0.0,0.524208,0.396792,0.559068,0.04333,0.201799,0.0,0.0,0.0,0.0,0.581424,0.0,0.583468
118,0.0,0.055861,0.0,0.025744,0.0,0.514441,0.0,0.576546,0.410306,0.0,0.364098,0.0,0.419771,0.655417,0.459293,0.0,0.104416,0.014898,0.0,0.081676,0.706343,0.0,0.0,0.16578,0.0,0.871184,0.227194,0.0,0.052938,0.0,0.076578,0.0,0.0,0.605154,0.936912,0.0,0.213986,0.420093,0.0,0.811551,0.0,0.735526,0.099774,0.0,0.252822,0.377279,0.487179,0.0,0.0,0.0,0.244369,0.079911,0.449627,0.344494,0.852664,0.0,0.305664,0.0,0.0,0.0,0.234053,0.56365,0.01442,0.682944
119,0.0,0.207539,0.0,0.0,0.0,0.157428,0.0,0.635065,0.401034,0.0,0.208657,0.0,0.614338,0.708224,0.459318,0.0,0.0,0.0,0.0,0.081108,0.620084,0.0,0.0,0.211646,0.0,1.207391,0.17804,0.0,0.592388,0.0,0.0,0.0,0.0,0.587587,0.863035,0.0,0.021341,0.0,0.0,0.592328,0.0,1.02806,0.0,0.0,0.005793,0.502953,0.678497,0.0,0.0,0.0,0.351981,0.0,0.040196,0.429534,1.191556,0.199006,0.68466,0.0,0.0,0.0,0.580874,0.212601,0.106095,0.690422
120,0.0,0.036644,0.0,0.0,0.0,0.283863,0.0,0.734513,0.421787,0.0,0.388412,0.0,0.818394,0.827159,0.338598,0.074788,0.0,0.0,0.0,0.067114,0.696481,0.0,0.0,0.197453,0.0,1.358016,0.301451,0.0,0.89966,0.0,0.0,0.0,0.0,0.726098,0.769843,0.0,0.0,0.0,0.0,0.405079,0.0,1.052498,0.080545,0.0,0.0,0.65439,0.813193,0.0,0.0,0.0,0.246056,0.0,0.023976,0.433747,1.295587,0.194854,0.681277,0.0,0.0,0.0,0.760138,0.116644,0.150972,0.727114
121,0.0,0.0,0.0,0.0,0.0,0.265819,0.0,0.722502,0.456723,0.0,0.539668,0.0,0.866386,0.946703,0.349317,0.324624,0.0,0.0,0.0,0.003961,0.804393,0.0,0.0,0.165169,0.037357,1.349016,0.246252,0.0,0.831338,0.0,0.032518,0.0,0.0,0.748474,0.768913,0.0,0.026602,0.0,0.0,0.188017,0.0,1.007239,0.095356,0.0,0.0,0.631132,0.720697,0.0,0.0,0.0,0.131708,0.0,0.031004,0.637516,1.276078,0.228745,0.688582,0.0,0.0,0.0,0.644109,0.0,0.1465,0.637034
122,0.0,0.0,0.0,0.0,0.0,0.371631,0.01709,0.598798,0.467207,0.0,0.547749,0.0,0.906845,1.196706,0.415567,0.539082,0.0,0.0,0.0,0.0,1.10571,0.0,0.0,0.400031,0.127593,1.595348,0.269177,0.0,0.891691,0.0,0.120123,0.073671,0.0,0.661763,0.916265,0.0,0.0,0.0,0.0,0.0,0.0,1.294891,0.056034,0.0,0.0,0.746218,0.840382,0.0,0.0,0.0,0.063588,0.0,0.0,0.829663,1.351316,0.0,0.716649,0.0,0.0,0.0,0.591171,0.0,0.092841,0.342903
123,0.0,0.11767,0.0,0.0,0.0,0.29533,0.0,0.412023,0.432979,0.0,0.484528,0.0,0.7605,1.150424,0.727091,0.385858,0.0,0.0,0.0,0.0,0.941394,0.0,0.0,0.387013,0.098815,1.101396,0.367521,0.008968,0.598034,0.0,0.017565,0.048471,0.0,0.519221,0.91975,0.0,0.0,0.265455,0.0,0.234371,0.0,1.274157,0.129315,0.0,0.0,0.482572,0.678514,0.0,0.0,0.0,0.443816,0.0,0.192042,0.801542,1.169871,0.045288,0.6957,0.0,0.0,0.0,0.231944,0.005748,0.0,0.310611
124,0.0,0.1604,0.0,0.0,0.0,0.535116,0.0,0.23512,0.328575,0.0,0.692816,0.0,0.611034,1.221593,1.077788,0.319931,0.0,0.0,0.0,0.0,0.802521,0.0,0.0,0.0,0.05022,0.737227,0.47471,0.369624,0.204926,0.0,0.002631,0.0,0.0,0.754619,0.959893,0.018079,0.0,0.344374,0.230444,0.295917,0.0,1.227798,0.0,0.0,0.0,0.473116,0.488715,0.0,0.0,0.0,0.877781,0.0,0.259336,0.857092,0.713645,0.224131,0.470478,0.0,0.0,0.0,0.0,0.274255,0.0,0.356061
125,0.0,0.45759,0.0,0.148207,0.0,0.615645,0.0,0.113732,0.168726,0.0,0.478932,0.0,0.421997,1.167292,1.217966,0.252248,0.0,0.0,0.0,0.0,0.991726,0.0,0.117439,0.0,0.132136,0.539181,0.621379,0.433419,0.0,0.0,0.068242,0.0,0.0,0.467332,1.233651,0.00401,0.081749,0.569579,0.594123,0.569194,0.0,1.39666,0.0,0.059855,0.0,0.248125,0.313516,0.0,0.0,0.0,1.272074,0.0,0.486992,1.107848,0.341989,0.226682,0.48564,0.0,0.0,0.0,0.0,0.704329,0.0,0.521195
126,0.0,0.829224,0.0,0.167644,0.0,0.425904,0.0,0.0,0.013669,0.0,0.492917,0.01683,0.336815,1.151886,1.312106,0.222365,0.0,0.322142,0.0,0.0,0.952421,0.0,0.331288,0.0,0.2694,0.329652,0.254705,0.764813,0.0,0.0,0.030633,0.0,0.0,0.308752,1.217855,0.289425,0.309875,0.682067,0.683663,0.389911,0.0,1.257091,0.0,0.387349,0.047148,0.0,0.159396,0.0,0.0,0.0,1.786062,0.0,0.261156,1.398266,0.099736,0.62517,0.432054,0.0,0.0,0.0,0.0,0.839719,0.0,0.452462
127,0.0,0.751573,0.0,0.267222,0.0,0.755036,0.0,0.0,0.083005,0.0,0.594461,0.135931,0.144348,1.335021,1.615493,0.388346,0.0,0.588423,0.0,0.0,0.809642,0.0,0.673206,0.0,0.191569,0.312241,0.400851,0.940487,0.0,0.0,0.150304,0.0,0.0,0.353455,1.237873,0.555394,0.249666,0.857229,0.771037,0.440008,0.0,0.972948,0.0,0.812402,0.0,0.0,0.0,0.0,0.0,0.0,1.709245,0.0,0.220785,1.396748,0.0,0.51413,0.184963,0.005807,0.0,0.0,0.0,0.956782,0.0,0.615947
128,0.0,0.53194,0.0,0.0,0.0,0.615113,0.0,0.0,0.246858,0.0,0.474043,0.087731,0.208863,1.558323,1.502157,0.413455,0.0,0.337391,0.0,0.0,0.759144,0.0,1.004432,0.0,0.0,0.42613,0.331788,0.677445,0.0,0.0,0.0,0.0,0.0,0.0,1.283848,0.821296,0.414238,0.938454,0.79336,0.26295,0.0,0.721128,0.133519,0.941215,0.0,0.0,0.0,0.0,0.0,0.0,1.433003,0.0,0.0,1.384804,0.004685,0.795024,0.019302,0.0,0.0,0.0,0.0,0.843474,0.0,0.518943
129,0.0,0.69546,0.0,0.217796,0.0,0.67209,0.155454,0.0,0.305633,0.0,0.357016,0.033069,0.0,1.474631,1.353095,0.453477,0.0,0.52443,0.0,0.0,0.823529,0.0,0.98511,0.0,0.153147,0.33715,0.072205,1.019986,0.0,0.0,0.0,0.0,0.0,0.0,1.098727,1.034936,0.236966,1.034191,0.808265,0.222936,0.0,0.501075,0.035524,0.956086,0.0,0.0,0.0,0.0,0.0,0.0,1.460983,0.0,0.0,1.275773,0.0,0.751991,0.0,0.0,0.0,0.0,0.0,0.95552,0.0,0.46207
130,0.0,0.703743,0.0,0.286605,0.0,0.871403,0.159189,0.0,0.31964,0.0,0.254498,0.100165,0.0,1.490065,1.266534,0.286576,0.0,0.664674,0.0,0.0,0.741838,0.0,0.923532,0.0,0.283689,0.269916,0.0,1.164595,0.0,0.0,0.0,0.0,0.0,0.0,0.948446,1.124073,0.221455,1.08266,0.846322,0.145339,0.0,0.326654,0.044953,1.052784,0.0,0.0,0.0,0.0,0.0,0.107486,1.275324,0.213444,0.0,1.170843,0.0,0.620556,0.0,0.0,0.0,0.0,0.0,0.862277,0.0,0.470225
131,0.111554,0.633069,0.0,0.306228,0.041135,0.969548,0.115161,0.0,0.433516,0.0,0.230024,0.131645,0.0,1.385926,1.284477,0.03327,0.0,0.78878,0.0,0.019469,0.139427,0.0,0.877347,0.0,0.365109,0.14975,0.0,1.000182,0.045408,0.0,0.043659,0.0,0.0,0.0,0.643702,1.194769,0.508904,1.023613,0.642107,0.097721,0.0,0.0,0.0,1.160514,0.099012,0.0,0.0,0.0,0.0,0.0,1.285211,0.249261,0.0,1.219678,0.0,0.805024,0.0,0.057997,0.0,0.0,0.0,0.948531,0.0,0.42237
132,0.086655,0.835545,0.0,0.450125,0.017926,0.618362,0.249665,0.0,0.339047,0.0,0.0,0.0,0.0,0.975408,0.787954,0.0,0.0,0.872681,0.0,0.178503,0.330093,0.0,0.711328,0.094522,0.537381,0.200371,0.0,0.765829,0.206567,0.0,0.160382,0.0,0.0,0.0,0.488731,1.03365,0.760606,1.112634,0.781611,0.0,0.0,0.071072,0.059646,1.124994,0.04336,0.0,0.0,0.0,0.0,0.173584,1.409138,0.234637,0.0,1.162877,0.0,0.802854,0.0,0.0,0.0,0.060467,0.053973,0.745037,0.0,0.276469
133,0.446137,0.728888,0.0,0.753178,0.293529,0.68505,0.219265,0.0,0.308941,0.0,0.0,0.0,0.0,0.880873,0.594506,0.0,0.0,0.880302,0.0,0.207923,0.360292,0.0,0.363445,0.439287,0.643894,0.0,0.0,0.761204,0.483805,0.0,0.168737,0.0,0.0,0.0,0.269143,1.121366,0.699808,1.182127,0.801701,0.12006,0.0,0.0,0.0,1.098303,0.34212,0.0,0.0,0.0,0.0,0.304934,1.343802,0.365128,0.0,1.074154,0.0,0.792862,0.0,0.0,0.0,0.247355,0.286779,0.91288,0.156205,0.310863
134,0.795045,0.482167,0.0,0.758459,0.273096,0.827246,0.214189,0.0,0.422828,0.0,0.0,0.0,0.0,1.15712,0.634899,0.0,0.0,0.601817,0.0,0.071782,0.112162,0.0,0.0,0.631127,0.494484,0.0,0.0,0.784018,0.503339,0.061907,0.198414,0.0,0.0,0.0,0.12768,1.312239,0.618965,1.059783,0.789797,0.271393,0.0,0.0,0.0,1.152031,0.405716,0.0,0.0,0.0,0.0,0.405514,1.082908,0.384821,0.0,0.9444,0.0,0.678349,0.0,0.017428,0.0,0.259659,0.39006,0.829232,0.288237,0.312352
135,0.76694,0.533967,0.0,0.706939,0.197682,0.739552,0.45781,0.0,0.471219,0.0,0.0,0.12054,0.0,1.227567,0.547077,0.009812,0.0,0.423391,0.0,0.139254,0.036256,0.0,0.030389,0.546764,0.470325,0.0,0.0,0.962255,0.55748,0.081082,0.008273,0.0,0.0,0.0,0.103109,1.417708,0.666618,0.994908,0.748137,0.082973,0.0,0.0,0.0,1.070183,0.459973,0.0,0.0,0.0,0.0,0.60482,0.902011,0.44664,0.0,0.848634,0.0,0.829371,0.0,0.098534,0.0,0.17992,0.312452,0.465499,0.531147,0.149001
136,0.678332,0.329,0.0,0.589694,0.164729,0.733799,0.353945,0.0,0.464546,0.0,0.0,0.092734,0.0,1.141373,0.693522,0.245285,0.0,0.378251,0.0,0.0,0.0,0.0,0.130158,0.483851,0.338124,0.0,0.0,0.807561,0.447676,0.168607,0.0,0.0,0.0,0.0,0.033801,1.405933,0.680518,0.93277,0.660821,0.229785,0.0,0.0,0.0,1.112228,0.325102,0.0,0.0,0.0,0.0,0.457345,0.905399,0.448638,0.0,0.764128,0.0,0.931259,0.0,0.121805,0.0,0.114436,0.21407,0.573596,0.625993,0.172538
137,0.62237,0.291987,0.0,0.588251,0.104344,0.607599,0.467463,0.0,0.569419,0.0,0.0,0.05005,0.0,1.036877,0.560994,0.285145,0.0,0.274604,0.0,0.0,0.047342,0.0,0.187281,0.359465,0.272591,0.0,0.0,0.730944,0.342319,0.100363,0.0,0.0,0.0,0.0,0.114976,1.346118,0.643546,0.985515,0.55728,0.241838,0.0,0.0,0.0,1.081965,0.154151,0.0,0.0,0.0,0.0,0.3416,0.71411,0.371118,0.0,0.580441,0.0,0.839076,0.0,0.0,0.0,0.118095,0.267676,0.421671,0.536714,0.178428
138,0.327801,0.371165,0.0,0.638256,0.078749,0.408402,0.613543,0.0,0.519828,0.0,0.0,0.032981,0.0,0.956498,0.510338,0.331561,0.0,0.228077,0.027072,0.0,0.175542,0.0,0.207357,0.09193,0.411207,0.0,0.0,0.648445,0.38267,0.0,0.0,0.0,0.0,0.0,0.240149,1.257915,0.620192,0.957922,0.452737,0.120806,0.0,0.0,0.0,1.042948,0.010377,0.006015,0.0,0.0,0.0,0.283469,0.780809,0.228309,0.0,0.553048,0.0,0.881079,0.0,0.0,0.0,0.116579,0.292341,0.265429,0.435881,0.157733
139,0.106917,0.29121,0.0,0.172223,0.0,0.249837,0.462465,0.0,0.443606,0.0,0.078312,0.196689,0.052058,1.031684,0.565767,0.191994,0.0,0.091373,0.0,0.0,0.204139,0.0,0.308281,0.0,0.313947,0.171407,0.006529,0.537183,0.098833,0.0,0.0,0.0,0.0,0.0,0.2449,0.959138,0.621505,0.875017,0.479595,0.0,0.0,0.0,0.073461,1.021644,0.0,0.0,0.0,0.0,0.0,0.091875,0.760019,0.0,0.0,0.759214,0.0,0.913083,0.0,0.0,0.0,0.0,0.194042,0.0,0.238482,0.086606
140,0.0,0.28207,0.0,0.05795,0.0,0.392815,0.122511,0.0,0.423913,0.0,0.124307,0.097314,0.0,0.820013,0.890197,0.080807,0.0,0.210472,0.0,0.0,0.0,0.0,0.32442,0.0,0.206418,0.168795,0.0,0.603198,0.017142,0.0,0.0,0.0,0.0,0.0,0.27163,0.881752,0.70589,0.731057,0.397712,0.241373,0.0,0.0,0.0,0.98669,0.0,0.0,0.0,0.0,0.0,0.0,1.056908,0.0,0.0,0.93233,0.0,1.017524,0.0,0.0,0.0,0.0,0.007961,0.488519,0.180598,0.213966
141,0.0,0.418241,0.0,0.089499,0.0,0.415171,0.0,0.0,0.252461,0.0,0.0,0.0,0.0,0.720094,0.912587,0.0,0.0,0.350282,0.0,0.0,0.0,0.0,0.203165,0.0,0.363632,0.194603,0.0,0.58415,0.101003,0.0,0.184139,0.0,0.0,0.0,0.396491,0.761028,0.614058,0.768917,0.502895,0.389671,0.0,0.0,0.0,0.728786,0.169303,0.0,0.0,0.0,0.0,0.0,1.236445,0.0793,0.0,1.177605,0.0,1.010656,0.0,0.129686,0.0,0.103137,0.0,0.704072,0.0,0.344547
142,0.0,0.443612,0.0,0.0,0.0,0.307377,0.0,0.0,0.137531,0.0,0.0,0.0,0.076388,0.52795,0.834669,0.0,0.0,0.461873,0.0,0.0,0.455343,0.0,0.09946,0.0,0.410375,0.317975,0.077499,0.511012,0.079137,0.0,0.282465,0.0,0.0,0.0,0.566515,0.467473,0.385165,0.966588,0.509127,0.542921,0.0,0.041515,0.126567,0.572258,0.108777,0.0,0.0,0.0,0.0,0.0,1.204807,0.093522,0.0,1.105965,0.0,0.63993,0.0,0.0,0.0,0.006482,0.0,0.537323,0.0,0.579821
143,0.0,0.386142,0.0,0.031858,0.0,0.23193,0.0,0.013127,0.0,0.0,0.0,0.0,0.0,0.393982,0.848183,0.0,0.0,0.535805,0.0,0.093546,0.167217,0.0,0.0,0.0,0.525601,0.322585,0.0,0.22981,0.154707,0.0,0.297404,0.0,0.0,0.0,0.541481,0.339442,0.439074,0.7999,0.322646,0.467978,0.0,0.142406,0.246517,0.566879,0.366509,0.0,0.0,0.0,0.0,0.0,1.257077,0.0,0.0,1.03617,0.0,0.80238,0.0,0.032244,0.0,0.0,0.175428,0.626164,0.0,0.720855
144,0.0,0.31405,0.0,0.0,0.0,0.161597,0.0,0.175782,0.0,0.0,0.012558,0.0,0.0,0.263292,0.719863,0.0,0.0,0.285086,0.0,0.0,0.140732,0.0,0.0,0.0,0.391516,0.524546,0.0,0.253127,0.210006,0.0,0.153719,0.0,0.0,0.0,0.640861,0.225802,0.414692,0.49433,0.29968,0.351095,0.0,0.44852,0.048179,0.440359,0.202799,0.0,0.0,0.0,0.0,0.0,1.125279,0.0,0.0,0.931021,0.039397,0.732822,0.0,0.0,0.0,0.0,0.26047,0.333879,0.0,0.542555
145,0.0,0.123217,0.0,0.0,0.0,0.211861,0.0,0.463031,0.119306,0.0,0.091184,0.0,0.308489,0.439316,0.490164,0.132571,0.0,0.0,0.0,0.0,0.478287,0.0,0.0,0.0,0.33529,0.730917,0.115327,0.265595,0.301236,0.0,0.0,0.0,0.0,0.0,0.735489,0.010536,0.183212,0.196304,0.241389,0.345948,0.0,0.834752,0.0,0.129668,0.0,0.112459,0.26565,0.0,0.0,0.015959,0.779321,0.0,0.0,0.836789,0.442053,0.518984,0.243787,0.0,0.0,0.0,0.084676,0.0,0.0,0.281657
146,0.0,0.286528,0.0,0.0,0.0,0.128869,0.023831,0.536272,0.158622,0.0,0.0,0.0,0.426503,0.487762,0.411247,0.165172,0.0,0.0,0.0,0.0,0.626653,0.0,0.0,0.056389,0.265749,0.79914,0.173911,0.080314,0.369023,0.0,0.054067,0.080055,0.0,0.013024,0.82278,0.0,0.120021,0.129001,0.126822,0.460339,0.0,0.969938,0.0,0.0,0.0,0.072745,0.417834,0.0,0.0,0.0,0.616329,0.0,0.029327,0.747207,0.604188,0.435759,0.521156,0.0,0.0,0.0,0.135285,0.0,0.0,0.358101
147,0.0,0.022252,0.0,0.0,0.0,0.177072,0.0,0.329766,0.16491,0.0,0.253552,0.0,0.296413,0.422615,0.638846,0.230102,0.0,0.028754,0.0,0.0,0.369282,0.0,0.0,0.0,0.050835,0.636253,0.190237,0.0,0.119307,0.0,0.109377,0.0,0.0,0.360546,0.758195,0.0,0.143183,0.209512,0.0,0.598775,0.0,0.702947,0.070496,0.0,0.0,0.099387,0.213153,0.0,0.0,0.0,0.45724,0.0,0.364446,0.492744,0.428789,0.375489,0.231889,0.0,0.0,0.0,0.09431,0.121819,0.0,0.48702
148,0.0,0.0,0.0,0.0,0.0,0.382841,0.0,0.320302,0.16263,0.0,0.242362,0.0,0.209133,0.535585,0.601557,0.329702,0.0,0.06078,0.0,0.0,0.57053,0.0,0.0,0.0,0.0,0.731883,0.360253,0.100284,0.01985,0.0,0.198607,0.0,0.0,0.4087,0.884469,0.0,0.092595,0.26277,0.053119,0.636982,0.0,0.764869,0.161189,0.0,0.0,0.231065,0.382791,0.0,0.0,0.0,0.338253,0.0,0.432904,0.454549,0.423529,0.135078,0.191977,0.0,0.0,0.0,0.0,0.185788,0.0,0.418961
149,0.0,0.082348,0.0,0.0,0.0,0.434852,0.0,0.36579,0.103651,0.001971,0.100497,0.0,0.070409,0.516089,0.668062,0.283065,0.0,0.0,0.0,0.0,0.600779,0.0,0.05402,0.0,0.0,0.817656,0.372483,0.144327,0.0,0.0,0.112323,0.0,0.0,0.34172,1.083016,0.006288,0.106124,0.420537,0.204947,0.753953,0.0,0.870733,0.167466,0.0,0.004578,0.064262,0.268847,0.0,0.0,0.0,0.4341,0.0,0.44714,0.489343,0.266057,0.132903,0.233376,0.0,0.0,0.0,0.0,0.370717,0.0,0.51741
150,0.0,0.0,0.0,0.0,0.0,0.402795,0.0,0.073022,0.088785,0.0,0.261088,0.0,0.127024,0.681287,0.872272,0.31322,0.0,0.086053,0.0,0.0,0.480362,0.0,0.20013,0.0,0.0,0.825106,0.195628,0.271005,0.0,0.0,0.104092,0.0,0.0,0.385496,1.069323,0.148925,0.03966,0.557499,0.277057,0.813015,0.0,0.48493,0.190125,0.197937,0.0,0.062141,0.070036,0.0,0.0,0.0,0.545209,0.0,0.261313,0.609786,0.268748,0.36458,0.169427,0.0,0.0,0.0,0.0,0.3855,0.0,0.613447
151,0.0,0.159782,0.0,0.0,0.0,0.154882,0.0,0.0,0.029124,0.0,0.373197,0.0,0.254367,0.654063,1.173388,0.403782,0.0,0.277626,0.0,0.0,0.202647,0.0,0.122837,0.0,0.0,0.58785,0.0,0.377375,0.0,0.0,0.204839,0.0,0.0,0.454046,0.843925,0.27195,0.0,0.53169,0.241031,0.761713,0.0,0.239617,0.035421,0.408148,0.193945,0.0,0.0,0.0,0.0,0.0,1.071912,0.0,0.050826,0.904206,0.225834,0.716293,0.102466,0.0,0.0,0.0,0.0,0.58694,0.0,0.680507
152,0.0,0.344267,0.0,0.0,0.0,0.19719,0.0,0.030812,0.255057,0.0,0.263458,0.0,0.221203,0.744659,0.932438,0.138117,0.0,0.060964,0.0,0.0,0.645464,0.0,0.164985,0.0,0.047987,0.624153,0.39998,0.466717,0.0,0.0,0.053832,0.0,0.0,0.175563,0.976804,0.057757,0.190258,0.701673,0.413433,0.809884,0.0,0.647699,0.0,0.200197,0.0,0.0,0.065491,0.0,0.0,0.0,1.040463,0.0,0.113404,0.946601,0.359499,0.565083,0.194036,0.0,0.0,0.0,0.0,0.434857,0.0,0.439831
153,0.0,0.408199,0.0,0.0,0.0,0.0,0.0,0.0075,0.249433,0.0,0.310977,0.0,0.251395,0.69207,1.090413,0.145574,0.0,0.0,0.0,0.0,0.241995,0.0,0.0647,0.0,0.122197,0.399949,0.273434,0.44169,0.0,0.0,0.0,0.0,0.0,0.140273,0.831303,0.10088,0.564595,0.67149,0.264239,0.509567,0.0,0.622354,0.0,0.341006,0.0,0.0,0.0,0.0,0.0,0.0,1.258031,0.0,0.0,1.057045,0.252613,0.941517,0.161959,0.0,0.0,0.0,0.0,0.298625,0.0,0.347067
154,0.0,0.759648,0.0,0.0,0.0,0.0,0.0,0.253992,0.299586,0.0,0.118207,0.0,0.580553,0.666503,0.962399,0.0,0.0,0.0,0.0,0.0,0.5996,0.0,0.0,0.0,0.326716,0.208574,0.497462,0.556118,0.0,0.0,0.0,0.0,0.0,0.0,0.835929,0.0,0.796331,0.828211,0.507168,0.5536,0.0,0.892619,0.0,0.192407,0.0,0.0,0.195098,0.0,0.0,0.0,1.528937,0.0,0.0,1.123472,0.20108,0.88818,0.341114,0.0,0.0,0.0,0.0,0.505579,0.0,0.241449
155,0.0,0.700171,0.0,0.0,0.0,0.0,0.109958,0.207053,0.319601,0.0,0.355347,0.0,0.49625,0.724989,1.033473,0.0,0.0,0.022283,0.0,0.0,0.351237,0.0,0.0,0.0,0.234069,0.084827,0.542912,0.599945,0.0,0.0,0.012232,0.0,0.0,0.1069,0.704255,0.215347,0.879015,0.94655,0.396105,0.523482,0.0,0.676696,0.0,0.33797,0.0,0.0,0.167757,0.0,0.0,0.0,1.395199,0.0,0.0,1.017923,0.188605,0.977778,0.052017,0.055124,0.0,0.0,0.0,0.468343,0.0,0.372889
156,0.0,0.566469,0.0,0.05446,0.0,0.021444,0.201263,0.0,0.551042,0.0,0.213091,0.0,0.286071,0.863362,0.991384,0.0,0.0,0.0,0.0,0.0,0.338449,0.0,0.0,0.0,0.213615,0.054748,0.456569,0.64327,0.0,0.0,0.0,0.0,0.0,0.025906,0.601883,0.302008,0.784202,0.965654,0.524881,0.451848,0.0,0.563738,0.0,0.33544,0.0,0.0,0.006698,0.0,0.0,0.0,1.242412,0.0,0.0,1.191082,0.281003,1.041166,0.105831,0.0,0.0,0.0,0.0,0.425878,0.082687,0.343712
157,0.0,0.628005,0.0,0.22233,0.0,0.0,0.337405,0.0,0.542293,0.0,0.283818,0.070219,0.289194,1.021087,0.933232,0.0,0.0,0.0,0.0,0.0,0.128822,0.0,0.0,0.0,0.379079,0.0,0.165593,0.827425,0.0,0.0,0.0,0.0,0.0,0.113927,0.493269,0.44354,0.845576,0.988076,0.46809,0.497439,0.0,0.486389,0.0,0.348086,0.053647,0.0,0.0,0.0,0.0,0.181502,1.423196,0.0,0.0,1.299432,0.303029,1.428256,0.233394,0.0,0.0,0.0,0.0,0.559224,0.240683,0.318276
158,0.0,0.520409,0.0,0.0,0.0,0.053826,0.116921,0.0,0.641192,0.0,0.197691,0.022941,0.380796,0.871132,0.906207,0.0,0.0,0.0,0.0,0.0,0.220864,0.0,0.0,0.0,0.243177,0.0,0.338932,0.854121,0.0,0.0,0.0,0.0,0.0,0.131389,0.441157,0.240475,0.829058,1.090988,0.713502,0.710046,0.0,0.374398,0.0,0.171272,0.071884,0.0,0.0,0.0,0.0,0.14916,1.319044,0.178554,0.0,1.340951,0.40175,1.318786,0.281001,0.083252,0.0,0.0,0.0,0.602032,0.334242,0.195373
159,0.0,0.549302,0.0,0.007177,0.0,0.0,0.025163,0.184096,0.502819,0.0,0.317973,0.0,0.467981,0.726473,0.946382,0.0,0.0,0.0,0.0,0.0,0.180622,0.0,0.0,0.0,0.316401,0.0,0.295442,0.702689,0.0,0.0,0.0,0.0,0.0,0.383818,0.501359,0.0,0.840319,0.889929,0.571822,0.513259,0.0,0.461263,0.0,0.053702,0.063746,0.0,0.0,0.0,0.0,0.039343,1.348383,0.068844,0.0,1.257537,0.35865,1.31894,0.501278,0.194214,0.0,0.0,0.0,0.528015,0.505172,0.176893
160,0.0,0.431539,0.0,0.0,0.0,0.0,0.314324,0.129112,0.844239,0.0,0.473042,0.0,0.670425,1.142254,0.765301,0.0,0.0,0.0,0.0,0.0,0.375295,0.0,0.0,0.0,0.16603,0.25619,0.406146,0.522365,0.0,0.0,0.0,0.0,0.0,0.391424,0.631175,0.0,0.55293,0.702683,0.291727,0.308673,0.0,0.720621,0.0,0.0,0.0,0.124891,0.23778,0.0,0.0,0.008268,0.83252,0.0,0.0,0.861363,0.650127,1.005448,0.510906,0.0,0.0,0.0,0.139848,0.135482,0.261243,0.062111
161,0.0,0.224564,0.0,0.0,0.0,0.128352,0.04682,0.317119,0.784437,0.0,0.688433,0.0,0.867793,1.154512,0.77082,0.311899,0.0,0.0,0.0,0.0,0.571534,0.0,0.0,0.0,0.085416,0.434795,0.531908,0.20251,0.023907,0.0,0.0,0.0,0.0,0.629326,0.884931,0.0,0.416247,0.671053,0.080564,0.190802,0.0,0.807808,0.0,0.0,0.0,0.421775,0.440073,0.0,0.0,0.0,0.528325,0.0,0.09782,0.584241,0.666221,0.521568,0.490891,0.0,0.0,0.0,0.314532,0.164074,0.276352,0.050206
162,0.0,0.131647,0.0,0.0,0.0,0.374459,0.047195,0.34072,1.026523,0.0,0.56138,0.0,1.193272,1.462829,0.673207,0.462887,0.0,0.0,0.0,0.0,0.968252,0.0,0.0,0.131971,0.096941,0.848372,0.654945,0.04597,0.20505,0.0,0.0,0.0,0.0,0.548416,1.017734,0.0,0.12171,0.52011,0.0,0.123147,0.0,1.12808,0.0,0.0,0.0,0.690927,0.773945,0.0,0.0,0.0,0.296641,0.0,0.058465,0.496633,0.94158,0.08918,0.833664,0.0,0.0,0.0,0.159606,0.254323,0.297171,0.0
163,0.014408,0.0,0.0,0.0,0.0,0.740132,0.093225,0.107137,0.939717,0.0,1.257389,0.0,0.894764,1.405285,1.027605,0.456467,0.0,0.0,0.0,0.0,0.608259,0.0,0.0,0.0,0.0,0.433882,0.581863,0.249179,0.102211,0.0,0.0,0.0,0.0,1.060447,0.733176,0.0,0.101816,0.739387,0.0,0.403673,0.0,0.707462,0.0,0.113832,0.0,0.636073,0.709244,0.0,0.0,0.0,0.385606,0.0,0.522534,0.229735,0.713525,0.098156,0.481371,0.0,0.0,0.0,0.0,0.555799,0.276534,0.059073
164,0.147057,0.0,0.0,0.0,0.0,0.712857,0.113306,0.024867,1.003145,0.0,1.216155,0.0,1.157049,1.759546,0.921805,0.67986,0.0,0.0,0.0,0.0,0.606061,0.0,0.127048,0.0,0.0,0.629102,0.491091,0.112402,0.108955,0.0,0.0,0.0,0.0,1.039406,0.81451,0.0,0.0,0.590467,0.0,0.147273,0.0,0.663531,0.0,0.0,0.0,0.71956,0.556348,0.0,0.0,0.0,0.0,0.0,0.233672,0.244722,0.837443,0.1577,0.561327,0.0,0.0,0.0,0.085555,0.215065,0.00797,0.0
165,0.350508,0.0,0.0,0.0,0.0,0.558739,0.282464,0.0,0.807387,0.0,1.455212,0.333601,1.118017,1.765429,0.91517,0.801964,0.0,0.0,0.0,0.0,0.071738,0.0,0.3641,0.0,0.0,0.209225,0.17081,0.117269,0.301324,0.0,0.0,0.0,0.0,1.360811,0.571112,0.0,0.137018,0.269708,0.0,0.204587,0.0,0.456167,0.0,0.39443,0.0,0.693724,0.146158,0.0,0.0,0.0,0.17839,0.0,0.168352,0.188322,0.680267,0.635321,0.338807,0.0,0.0,0.0,0.43041,0.363077,0.088478,0.260094
166,0.104225,0.0,0.0,0.0,0.0,0.645668,0.100389,0.0,0.735373,0.0,0.991889,0.240008,0.803402,1.482128,0.624324,0.885104,0.0,0.0,0.0,0.0,0.587222,0.0,0.380113,0.0,0.0,0.414123,0.456272,0.170391,0.096287,0.0,0.0,0.0,0.0,0.885259,0.633344,0.006365,0.047535,0.386994,0.0,0.111586,0.0,0.729002,0.036901,0.099987,0.0,0.607313,0.342493,0.0,0.0,0.0,0.03594,0.0,0.435505,0.060879,0.512655,0.089522,0.382334,0.0,0.0,0.0,0.304025,0.311732,0.198219,0.047485
167,0.234917,0.0,0.0,0.0,0.0,0.928393,0.011822,0.0,0.681347,0.0,0.866667,0.056059,0.526841,1.327387,0.693095,0.757009,0.132786,0.0,0.0,0.0,0.794138,0.0,0.249147,0.113129,0.0,0.501951,0.649542,0.390704,0.097607,0.0,0.096728,0.0,0.0,0.74291,0.637893,0.223349,0.0,0.48549,0.104065,0.218645,0.0,0.755167,0.20085,0.042401,0.0,0.67238,0.54235,0.0,0.0,0.0,0.005189,0.0,0.587428,0.176137,0.56613,0.0,0.350947,0.0,0.0,0.0,0.0,0.407987,0.082296,0.0
168,0.274504,0.0,0.0,0.0,0.0,0.719169,0.177944,0.0,0.561088,0.0,0.766013,0.114538,0.345091,1.231405,0.616526,0.647604,0.038282,0.0,0.0,0.0,0.615749,0.0,0.210324,0.184987,0.0,0.539061,0.306988,0.444103,0.222361,0.0,0.059204,0.0,0.0,0.640995,0.561295,0.215633,0.0,0.263176,0.157475,0.167458,0.0,0.813106,0.123502,0.112478,0.0,0.68896,0.418856,0.0,0.0,0.0,0.286818,0.0,0.160301,0.476808,0.571922,0.0,0.408582,0.0,0.0,0.0,0.0,0.251482,0.0,0.0
169,0.494974,0.0,0.0,0.0,0.0,0.574318,0.028411,0.0,0.279414,0.0,0.63861,0.0,0.230955,1.052922,0.729356,0.387583,0.367247,0.0,0.0,0.0,0.50592,0.0,0.05894,0.400547,0.091766,0.501883,0.218604,0.285657,0.337014,0.0,0.192539,0.0,0.0,0.591098,0.471791,0.026358,0.0,0.200589,0.330644,0.396305,0.0,0.935763,0.275901,0.290355,0.200213,0.559968,0.255025,0.0,0.0,0.020688,0.705811,0.0,0.172365,0.830664,0.662043,0.00375,0.326106,0.0,0.0,0.0,0.001433,0.282026,0.0,0.310555
170,0.555776,0.347295,0.0,0.127594,0.0,0.478456,0.0,0.0,0.021363,0.0,0.220073,0.0,0.032109,0.803596,0.742342,0.137299,0.504213,0.001646,0.0,0.014796,0.642103,0.0,0.0,0.638218,0.448866,0.691325,0.148106,0.220619,0.482017,0.0,0.319148,0.0,0.0,0.293262,0.538527,0.0,0.0,0.088651,0.51265,0.460505,0.0,1.375361,0.209169,0.244172,0.401047,0.589946,0.381016,0.0,0.0,0.092939,1.151531,0.0,0.065891,1.099838,0.587903,0.021664,0.551033,0.0,0.0,0.0,0.014357,0.255168,0.0,0.669537
171,0.401158,0.740203,0.0,0.526617,0.0,0.871014,0.0,0.21543,0.0,0.0,0.155072,0.023347,0.0,0.335084,0.397307,0.0,0.548217,0.382221,0.0,0.488332,0.906123,0.0,0.0,0.744713,0.484446,0.727238,0.459882,0.488379,0.678898,0.0,0.467372,0.0,0.0,0.369865,0.423899,0.0,0.224172,0.092893,0.621209,0.566039,0.0,1.763389,0.085756,0.313981,0.528669,0.932054,0.565159,0.0,0.0,0.109399,1.232314,0.0,0.049827,1.109449,0.361333,0.0,0.303874,0.0,0.0,0.0,0.263958,0.793914,0.194305,0.774932
172,0.317938,0.881652,0.0,0.646852,0.0,0.795807,0.0,0.590441,0.0,0.0,0.0,0.0,0.0,0.033918,0.343565,0.0,0.546101,0.436652,0.0,0.581486,0.921685,0.0,0.0,1.007458,0.531643,0.871335,0.393363,0.324167,0.928147,0.0,0.379252,0.0,0.0,0.28583,0.428146,0.0,0.13083,0.0,0.842706,0.623232,0.0,1.813484,0.0,0.167164,0.660128,1.032148,0.721326,0.0,0.0,0.0,1.417652,0.0,0.0,1.057844,0.421423,0.0,0.510978,0.0,0.0,0.0,0.580014,0.957731,0.151338,0.986535
173,0.242849,0.855123,0.0,0.683113,0.0,0.350845,0.0,0.52275,0.0,0.105139,0.0,0.0,0.0,0.0,0.465965,0.0,0.483367,0.201442,0.0,0.18225,0.643355,0.0,0.0,1.119081,0.650131,1.033342,0.0,0.0,1.128914,0.0,0.440507,0.0,0.0,0.153588,0.399194,0.0,0.0,0.0,0.822463,0.764726,0.0,1.609663,0.0,0.104109,0.980316,0.730916,0.472956,0.0,0.0,0.0,1.56384,0.0,0.0,1.219938,0.762121,0.0,0.670372,0.0,0.0,0.0,0.732059,0.642276,0.0,1.321469
174,0.0,0.804598,0.0,0.127567,0.0,0.139979,0.0,0.589314,0.0,0.048882,0.0,0.0,0.050859,0.0,0.556676,0.0,0.247379,0.00666,0.0,0.151083,0.606859,0.0,0.0,0.944149,0.638752,1.316896,0.0,0.0,0.839462,0.0,0.420921,0.0,0.0,0.230685,0.651617,0.0,0.201462,0.0,0.510118,0.728949,0.0,1.443743,0.0,0.0,0.708545,0.67741,0.582364,0.0,0.0,0.016243,1.236552,0.0,0.0,1.242242,0.849378,0.143259,0.704992,0.0,0.0,0.0,0.445683,0.175195,0.0,1.163746
175,0.0,0.558409,0.0,0.0,0.0,0.286143,0.0,0.480662,0.0,0.077992,0.0,0.0,0.041287,0.0,0.420911,0.0,0.171462,0.0,0.0,0.0,0.741121,0.0,0.0,0.899457,0.539315,1.472329,0.075652,0.0,0.445077,0.0,0.490748,0.0,0.0,0.245608,0.870583,0.0,0.125864,0.0,0.183502,0.939481,0.0,0.975771,0.06392,0.0,0.447548,0.516692,0.510522,0.0,0.0,0.011929,0.693054,0.0,0.129527,1.24033,0.968917,0.025867,0.559739,0.0,0.0,0.0,0.096647,0.0,0.0,1.1751
176,0.0,0.232341,0.0,0.0,0.0,0.112416,0.0,0.608305,0.0,0.126382,0.026922,0.0,0.135047,0.0,0.566241,0.008557,0.141875,0.0,0.0,0.0,0.50291,0.0,0.0,0.749863,0.292221,1.498617,0.0,0.0,0.226735,0.0,0.589243,0.0,0.0,0.295224,0.847855,0.0,0.0,0.0,0.076447,0.99566,0.0,0.475023,0.271621,0.0,0.491346,0.161818,0.287135,0.0,0.0,0.0,0.442632,0.0,0.247403,1.036265,0.878368,0.075445,0.413241,0.0,0.0,0.0,0.305904,0.0,0.0,1.18486
177,0.0,0.114613,0.0,0.0,0.0,0.385746,0.0,0.42279,0.0,0.09296,0.103137,0.0,0.109929,0.047302,0.441718,0.160782,0.0,0.0,0.0,0.0,0.687742,0.0,0.0,0.522406,0.071859,1.578269,0.133223,0.0,0.075903,0.0,0.538551,0.0,0.0,0.15062,0.930964,0.010673,0.0,0.016292,0.0,0.933376,0.0,0.29221,0.321546,0.0,0.026303,0.337717,0.354959,0.0,0.0,0.0,0.151716,0.0,0.034065,0.745717,0.611803,0.0,0.343404,0.0,0.0,0.0,0.244583,0.096292,0.0,0.819193
178,0.0,0.0,0.0,0.0,0.0,0.311667,0.0,0.31804,0.093738,0.051357,0.325502,0.0,0.210958,0.297932,0.399116,0.226,0.0,0.0,0.0,0.0,0.441917,0.0,0.07123,0.148615,0.0,1.415104,0.0,0.0,0.0,0.0,0.276407,0.0,0.0,0.321359,0.920195,0.18121,0.0,0.115979,0.0,0.803371,0.0,0.0,0.221055,0.052611,0.0,0.177904,0.061092,0.0,0.0,0.0,0.05303,0.0,0.007121,0.640421,0.415178,0.318592,0.17275,0.0,0.0,0.0,0.002029,0.028068,0.0,0.573309
179,0.0,0.0,0.0,0.0,0.0,0.456612,0.0,0.109504,0.058123,0.0,0.416814,0.0,0.309238,0.602022,0.604671,0.318608,0.0,0.033539,0.0,0.0,0.32196,0.0,0.142584,0.058833,0.0,1.341716,0.0,0.0,0.0,0.0,0.269908,0.0,0.0,0.391906,0.926067,0.229427,0.0,0.113467,0.0,0.839222,0.0,0.0,0.178202,0.179379,0.0,0.153792,0.007615,0.0,0.0,0.0,0.0,0.0,0.0,0.574366,0.28853,0.487542,0.031417,0.0,0.0,0.0,0.006645,0.129398,0.0,0.604222
180,0.0,0.0,0.0,0.0,0.0,0.340283,0.0,0.0,0.091533,0.0,0.32982,0.0,0.213484,0.563467,0.563604,0.327307,0.0,0.217869,0.0,0.0,0.329305,0.0,0.369853,0.0,0.0,1.179287,0.0,0.0,0.0,0.0,0.333404,0.0,0.0,0.366962,1.016666,0.118626,0.0,0.285052,0.0,0.786222,0.0,0.0,0.289762,0.244314,0.0,0.17247,0.0,0.0,0.0,0.0,0.075074,0.0,0.0,0.492738,0.01699,0.513078,0.0,0.0,0.0,0.0,0.041341,0.166117,0.0,0.559551
181,0.0,0.0,0.0,0.0,0.0,0.372892,0.0,0.0,0.014834,0.0,0.385153,0.0,0.278916,0.601286,0.759106,0.429727,0.0,0.376757,0.0,0.0,0.243346,0.0,0.448118,0.0,0.0,1.071987,0.0,0.0,0.0,0.0,0.375586,0.0,0.0,0.492765,1.137072,0.18064,0.0,0.331664,0.0,0.824133,0.0,0.0,0.416061,0.385881,0.0,0.099592,0.0,0.0,0.0,0.0,0.153255,0.0,0.05864,0.508095,0.0,0.630586,0.0,0.0,0.0,0.0,0.126997,0.368543,0.0,0.725219
182,0.0,0.0,0.0,0.0,0.0,0.570256,0.0,0.040905,0.091228,0.012582,0.631494,0.0,0.376696,0.847694,0.670697,0.443675,0.0,0.114636,0.0,0.0,0.648547,0.0,0.49325,0.0,0.0,1.158712,0.04424,0.0,0.0,0.0,0.271761,0.0,0.0,0.539661,1.203731,0.329866,0.0,0.442848,0.0,0.899494,0.0,0.0,0.441865,0.203368,0.0,0.18543,0.0,0.0,0.0,0.0,0.0,0.0,0.251715,0.29298,0.094704,0.177573,0.0,0.0,0.0,0.0,0.098286,0.223949,0.0,0.558539
183,0.117448,0.0,0.0,0.0,0.0,0.791352,0.0,0.137097,0.268277,0.0,0.707051,0.0,0.607401,1.131511,0.741356,0.595101,0.0,0.0,0.0,0.0,0.709689,0.0,0.674812,0.075841,0.0,1.238415,0.257014,0.0,0.0,0.0,0.055354,0.0,0.0,0.663025,1.226447,0.400733,0.0,0.444991,0.0,0.804101,0.0,0.0,0.419492,0.265211,0.0,0.216916,0.033528,0.0,0.0,0.0,0.0,0.0,0.378644,0.080365,0.189365,0.056918,0.059828,0.0,0.0,0.0,0.0,0.204381,0.0,0.504646
184,0.227644,0.0,0.0,0.0,0.0,0.979921,0.0,0.0,0.412157,0.0,1.012641,0.0,0.611939,1.377071,0.858959,0.964585,0.0,0.0,0.0,0.0,0.803503,0.0,0.723604,0.254299,0.0,1.135052,0.453293,0.049724,0.0,0.0,0.051191,0.0,0.025578,0.939739,1.081107,0.578269,0.0,0.269397,0.0,0.677226,0.0,0.010664,0.337443,0.336866,0.0,0.482145,0.154594,0.0,0.0,0.0,0.0,0.0,0.380302,0.0,0.340134,0.0,0.0,0.0,0.0,0.0,0.0,0.093095,0.0,0.396528
185,0.257215,0.0,0.0,0.0,0.0,1.146376,0.0,0.0,0.584511,0.0,1.242602,0.0,0.705116,1.598203,0.956803,1.366982,0.0,0.0,0.030742,0.0,0.800419,0.0,0.876394,0.400006,0.0,1.049585,0.607213,0.098535,0.333875,0.0,0.0,0.0,0.0,1.100952,0.954652,0.628412,0.0,0.090953,0.0,0.51965,0.0,0.048435,0.261244,0.405006,0.0,0.717226,0.24699,0.0,0.0,0.0,0.0,0.0,0.247224,0.0,0.412975,0.0,0.024544,0.0,0.0,0.0,0.107835,0.0,0.0,0.31074
186,0.273963,0.0,0.0,0.0,0.0,1.202864,0.071357,0.0,0.692775,0.0,1.449639,0.058072,0.785146,1.727257,1.010065,1.640695,0.0,0.0,0.123446,0.0,0.612738,0.0,0.899457,0.208134,0.0,0.7989,0.707832,0.100929,0.45415,0.0,0.0,0.0,0.0,1.200633,0.774844,0.725757,0.0,0.064673,0.0,0.342832,0.0,0.047193,0.201039,0.558151,0.0,0.79726,0.23636,0.0,0.0,0.0,0.0,0.0,0.2553,0.0,0.335629,0.0,0.0,0.0,0.0,0.0,0.245032,0.0,0.0,0.298232
187,0.522903,0.0,0.0,0.0,0.0,1.218366,0.246684,0.0,0.678497,0.0,1.321116,0.026916,1.20934,2.093764,0.82064,1.633374,0.055173,0.0,0.140307,0.0,1.002121,0.0,0.889614,0.581244,0.0,1.057118,0.607029,0.039507,0.855081,0.0,0.0,0.0,0.0,1.076739,0.785325,0.564168,0.0,0.0,0.0,0.1032,0.0,0.229751,0.49933,0.376754,0.0,0.669046,0.407888,0.0,0.0,0.0,0.0,0.0,0.108281,0.0,0.656384,0.0,0.051454,0.0,0.0,0.0,0.446346,0.0,0.0,0.123624
188,0.755446,0.0,0.0,0.150111,0.0,1.276605,0.54399,0.0,0.710002,0.0,1.427574,0.22495,1.180354,2.380336,0.689982,1.729401,0.220199,0.184983,0.164399,0.0,1.092881,0.0,0.986392,0.592744,0.0,1.000504,0.553418,0.16935,1.087789,0.0,0.0,0.0,0.0,1.139454,0.730451,0.676084,0.0,0.112046,0.0,0.0,0.0,0.469897,0.612442,0.561821,0.0,0.786874,0.372369,0.0,0.0,0.0,0.0,0.0,0.140675,0.0,0.706775,0.0,0.0,0.0,0.0,0.0,0.559168,0.0,0.0,0.189221
189,0.647229,0.0,0.0,0.0,0.0,1.317547,0.495671,0.0,0.855709,0.0,1.53987,0.232089,0.919852,2.071754,0.793535,1.765417,0.15792,0.120273,0.118136,0.0,0.605181,0.0,1.200347,0.215545,0.0,0.487991,0.605493,0.141774,0.895934,0.0,0.0,0.0,0.0,1.247814,0.476563,0.714624,0.0,0.058164,0.0,0.032922,0.0,0.195692,0.385433,0.896867,0.0,0.764469,0.165486,0.0,0.0,0.0,0.0,0.0,0.267802,0.0,0.448658,0.0,0.0,0.0,0.0,0.0,0.533575,0.086606,0.0,0.225214
190,0.595193,0.0,0.0,0.22068,0.0,1.570735,0.509037,0.0,0.747369,0.0,1.481262,0.514195,0.798003,2.226652,0.768121,1.857675,0.05336,0.216871,0.265996,0.0,0.631466,0.0,1.339143,0.260271,0.0,0.522334,0.480026,0.214493,0.944637,0.0,0.0,0.0,0.0,1.22362,0.543609,0.741786,0.0,0.013741,0.0,0.0,0.0,0.519122,0.458931,0.972459,0.0,0.962759,0.240498,0.0,0.0,0.0,0.0,0.0,0.274525,0.0,0.386207,0.0,0.0,0.0,0.0,0.0,0.531686,0.205522,0.0,0.134783
191,1.058695,0.0,0.0,0.101282,0.0,1.935023,0.364135,0.0,0.710303,0.0,1.626518,0.494842,0.422265,2.441365,0.910242,1.619503,0.672015,0.365489,0.264315,0.0,0.80534,0.0,1.291523,0.414591,0.0,0.368296,0.61619,0.52052,0.899583,0.0,0.0,0.0,0.039541,1.451113,0.539364,0.969434,0.0,0.230576,0.136238,0.0,0.0,0.624825,0.657372,1.252715,0.0,1.168612,0.407445,0.0,0.0,0.0,0.0,0.0,0.804497,0.0,0.305369,0.0,0.0,0.0,0.0,0.0,0.168104,0.371865,0.0,0.304398
192,1.073382,0.0,0.0,0.454231,0.0,1.952894,0.327879,0.0,0.585734,0.0,0.987662,0.655139,0.498551,2.521652,0.565634,1.385636,0.702646,0.491107,0.311294,0.0,1.244566,0.0,1.426034,0.965026,0.0,0.827411,0.458128,0.295319,0.997651,0.0,0.0,0.0,0.083955,0.948829,0.739132,0.542268,0.0,0.023468,0.387787,0.0,0.0,1.421981,1.003985,0.758021,0.0,1.202812,0.642194,0.0,0.0,0.0,0.0,0.0,0.688238,0.0,0.432461,0.0,0.354415,0.0,0.0,0.0,0.387939,0.461316,0.0,0.130759
193,1.24411,0.0,0.0,0.456264,0.0,2.148396,0.287201,0.0,0.376291,0.0,1.108905,0.660279,0.085145,2.470046,0.58123,1.258135,1.165301,0.712703,0.221602,0.0,1.276466,0.0,1.410875,1.053963,0.0,0.807259,0.422499,0.520953,1.004017,0.0,0.0,0.0,0.39053,1.13467,0.66243,0.738656,0.0,0.029365,0.485947,0.0,0.0,1.607014,1.160591,1.1075,0.0,1.375587,0.627029,0.0,0.0,0.0,0.016085,0.0,0.975512,0.0,0.301106,0.0,0.271064,0.0,0.0,0.0,0.424833,0.684887,0.0,0.447798
194,1.537046,0.0,0.0,1.146637,0.0,2.114796,0.028128,0.0,0.11512,0.0,0.594956,0.530417,0.0,2.113595,0.210939,1.23237,1.392975,0.94403,0.0,0.0,1.174258,0.065562,1.423989,1.379065,0.0,0.6973,0.298957,0.492279,1.306193,0.0,0.0,0.0,0.429066,0.776497,0.589037,0.425213,0.0,0.0,0.823819,0.0,0.0,2.109243,1.234993,1.324329,0.274599,1.429751,0.622826,0.0,0.0,0.046943,0.429218,0.0,0.738784,0.0,0.204465,0.0,0.398964,0.0,0.0,0.0,0.971236,1.120947,0.0,0.690022
195,1.511556,0.0,0.0,0.838369,0.0,2.138539,0.140469,0.0,0.052332,0.0,0.875007,0.52996,0.0,2.079675,0.287185,1.116993,1.674769,0.996686,0.0,0.0,0.990299,0.0,1.109768,1.299644,0.0,0.750937,0.232713,0.619833,1.524177,0.0,0.044872,0.0,0.603787,1.125865,0.304973,0.605404,0.0,0.0,0.782503,0.0,0.0,1.800771,1.314367,1.653258,0.363599,1.580066,0.47012,0.0,0.0,0.199414,0.568701,0.0,0.721388,0.0,0.236899,0.0,0.144466,0.0,0.0,0.0,0.997899,0.999727,0.0,0.701648
196,1.614764,0.0,0.0,0.757826,0.0,1.966752,0.268537,0.0,0.143886,0.0,0.579659,0.480623,0.0,2.085578,0.250148,0.88299,1.820714,0.989639,0.0,0.087742,1.12271,0.01579,0.901136,1.603384,0.197881,1.029798,0.264142,0.555967,1.523528,0.0,0.124972,0.0,0.621287,0.895968,0.256793,0.560302,0.0,0.0,0.79847,0.0,0.0,2.014329,1.454049,1.426933,0.413652,1.505546,0.551851,0.0,0.0,0.211284,0.593282,0.0,0.465457,0.0,0.393282,0.0,0.272924,0.0,0.0,0.0,0.878332,0.603635,0.0,0.562691
197,1.731728,0.0,0.0,1.608802,0.0,1.994799,0.306714,0.0,0.0,0.0,0.042003,0.623577,0.0,1.680535,0.0,0.76441,1.691834,1.306024,0.0,0.408224,0.998545,0.058434,0.710518,1.867336,0.283277,0.971476,0.106435,0.578427,2.207135,0.0,0.0,0.0,0.236508,0.316123,0.0,0.192136,0.0,0.0,0.950161,0.0,0.0,2.509803,1.315394,1.482021,0.619748,1.76046,0.688657,0.0,0.0,0.5327,0.863576,0.0,0.023461,0.0,0.346952,0.0,0.352804,0.0,0.0,0.0,1.607071,0.874382,0.0,0.399645
198,1.948799,0.051062,0.0,2.101942,0.0,1.794536,0.263074,0.096285,0.0,0.0,0.0,0.497125,0.0,1.642529,0.0,0.729271,1.603864,1.296141,0.0,0.427777,0.999759,0.064813,0.475317,2.224166,0.111701,1.006876,0.000884,0.452591,2.522311,0.0,0.0,0.0,0.327154,0.0,0.0,0.0,0.0,0.0,1.148867,0.0,0.0,2.665473,1.299283,1.483191,0.67134,1.662917,0.675076,0.0,0.0,0.603639,0.810934,0.0,0.0,0.0,0.541569,0.0,0.360293,0.0,0.0,0.0,2.075267,0.924397,0.0,0.25558
199,1.854801,0.0,0.0,1.566809,0.0,1.684085,0.305502,0.0,0.078571,0.0,0.0,0.490755,0.0,1.452849,0.0,0.603763,1.719547,1.231322,0.0,0.314487,0.665021,0.047258,0.309193,1.719062,0.151725,0.77604,0.184878,0.619685,2.177359,0.0,0.110165,0.0,0.205816,0.159581,0.0,0.193662,0.0,0.0,1.026371,0.0,0.0,2.08175,1.133324,1.678756,0.79013,1.587559,0.348601,0.0,0.0,0.60915,0.900183,0.0,0.0,0.0,0.391844,0.0,0.122552,0.0,0.0,0.216966,1.659599,0.651426,0.150362,0.159636
200,1.821236,0.103774,0.0,1.659021,0.0,1.663099,0.212876,0.0,0.099515,0.0,0.0,0.484852,0.0,1.306622,0.0,0.408307,1.447372,1.295781,0.0,0.463255,0.642887,0.041197,0.28733,1.691424,0.11756,0.44228,0.301529,0.884893,2.159791,0.0,0.001987,0.0,0.0,0.0,0.0,0.273213,0.0,0.0,1.093717,0.0,0.0,1.896268,0.919142,1.487699,0.820753,1.606796,0.421264,0.0,0.0,0.635404,0.816613,0.0,0.0,0.0,0.218912,0.0,0.235757,0.0,0.0,0.388594,1.808448,0.883965,0.378351,0.047491
201,1.562632,0.160447,0.0,1.348999,0.0,1.36097,0.51978,0.0,0.246509,0.0,0.068706,0.483167,0.0,1.284727,0.0,0.279177,1.083713,0.969877,0.0,0.382835,0.448562,0.0,0.09276,1.115482,0.329284,0.40912,0.048918,0.829679,1.731002,0.0,0.0,0.0,0.0,0.0,0.0,0.741812,0.0,0.364934,0.865368,0.0,0.0,1.229317,0.532172,1.438105,0.736508,1.236529,0.16622,0.0,0.0,0.572499,0.881392,0.126767,0.0,0.084978,0.05963,0.0,0.051845,0.0,0.0,0.291187,1.199248,0.656752,0.477105,0.0
202,1.313354,0.171865,0.0,1.059641,0.0,0.864534,0.712215,0.0,0.275186,0.0,0.013798,0.230618,0.0,1.268031,0.136949,0.060557,0.882484,0.647573,0.0,0.435578,0.225655,0.0,0.075571,0.885367,0.463915,0.260195,0.0,0.612043,1.206559,0.0,0.068833,0.0,0.0,0.0,0.0,1.018389,0.350795,0.618312,0.738179,0.0,0.0,0.659766,0.295657,1.293341,0.664573,0.485371,0.0,0.0,0.0,0.469148,1.155814,0.078005,0.0,0.487688,0.055179,0.010986,0.0,0.0,0.0,0.338995,0.587544,0.570233,0.295335,0.0
203,0.985429,0.458001,0.0,1.021294,0.262304,0.734816,0.577641,0.0,0.276128,0.0,0.0001,0.226221,0.0,1.068205,0.273018,0.0,0.511974,0.63692,0.0,0.510769,0.164647,0.0,0.288976,0.514686,0.513789,0.0,0.0,0.72962,0.815257,0.0,0.060651,0.0,0.0,0.0,0.0,1.068007,0.633219,0.811728,0.688999,0.0,0.0,0.404521,0.03088,1.188284,0.525719,0.267377,0.0,0.0,0.0,0.362793,1.309651,0.195329,0.0,0.731989,0.0,0.479108,0.0,0.0,0.0,0.369023,0.343273,0.814733,0.431526,0.008756
204,0.688079,0.456822,0.0,0.675308,0.133893,0.60808,0.419528,0.0,0.417818,0.0,0.0,0.213025,0.0,0.911387,0.475161,0.0,0.266222,0.528646,0.0,0.3473,0.146538,0.0,0.553081,0.342933,0.397283,0.0,0.0,0.704837,0.334163,0.0,0.094462,0.0,0.0,0.0,0.009733,0.977745,0.70172,0.998334,0.680391,0.077327,0.0,0.248491,0.0,1.014904,0.293457,0.079891,0.0,0.0,0.0,0.178431,1.183937,0.163742,0.0,0.851546,0.0,0.64013,0.0,0.0,0.0,0.254586,0.080557,0.775534,0.333547,0.031765
205,0.434482,0.561174,0.0,0.857685,0.323718,0.659041,0.354412,0.0,0.381899,0.0,0.032092,0.174435,0.0,0.874368,0.501084,0.0,0.0,0.672941,0.0,0.288753,0.101323,0.0,0.584623,0.134839,0.352555,0.0,0.0,0.700404,0.286969,0.0,0.0,0.0,0.0,0.0,0.190008,0.952271,0.600798,0.994894,0.498512,0.108273,0.0,0.148413,0.0,1.166989,0.247757,0.168827,0.0,0.0,0.0,0.210579,1.191686,0.150748,0.0,0.898243,0.0,0.655316,0.061462,0.0,0.0,0.272744,0.155523,0.853779,0.381935,0.028812
206,0.689844,0.196083,0.0,0.381864,0.131015,1.053123,0.200858,0.0,0.598929,0.0,0.228969,0.369735,0.0,1.128624,0.604648,0.0,0.0,0.618613,0.0,0.153548,0.0,0.0,0.731502,0.073207,0.086126,0.0,0.0,0.821666,0.130965,0.0,0.148725,0.0,0.0,0.0,0.191778,0.913928,0.577255,0.926216,0.334846,0.200642,0.0,0.0,0.0,1.194165,0.161684,0.294202,0.0,0.0,0.0,0.122944,0.614851,0.227801,0.0,0.721702,0.0,0.306212,0.0,0.096168,0.0,0.256459,0.045183,0.826406,0.267425,0.025473
207,0.860154,0.0,0.0,0.07913,0.0,1.104418,0.213523,0.0,0.761445,0.0,0.38459,0.425804,0.0,1.382,0.631351,0.0,0.0,0.43835,0.0,0.021141,0.0,0.0,0.733836,0.04531,0.0,0.131384,0.0,0.722574,0.0,0.0,0.089694,0.0,0.0,0.0,0.348835,0.895083,0.409391,0.86474,0.214994,0.192585,0.0,0.0,0.0,1.12801,0.150089,0.304973,0.0,0.0,0.0,0.040878,0.133331,0.001711,0.0,0.47718,0.0,0.099352,0.0,0.0,0.0,0.119535,0.140129,0.493491,0.083326,0.0
208,0.963712,0.0,0.0,0.509856,0.088385,1.073198,0.384033,0.0,0.532445,0.0,0.33164,0.395808,0.0,1.319841,0.297363,0.0,0.0,0.630421,0.0,0.18566,0.0,0.0,0.786224,0.0,0.0,0.161652,0.0,0.524862,0.302287,0.018341,0.102238,0.0,0.0,0.0,0.308004,0.797307,0.459431,0.728997,0.0,0.274202,0.0,0.0,0.017009,1.18885,0.161259,0.391528,0.0,0.0,0.0,0.235338,0.432977,0.061035,0.0,0.395936,0.0,0.25523,0.0,0.0348,0.0,0.463279,0.597297,0.815707,0.285996,0.045407
209,1.070622,0.0,0.0,0.356945,0.0,1.006307,0.316552,0.0,0.432694,0.0,0.373944,0.402,0.0,1.148639,0.101726,0.0,0.100197,0.679319,0.0,0.21096,0.0,0.066388,0.773642,0.128863,0.0,0.165638,0.0,0.503813,0.337777,0.0,0.147656,0.0,0.0,0.0,0.261695,0.605415,0.424853,0.792335,0.0,0.235061,0.0,0.0,0.147639,1.016579,0.259484,0.545516,0.0,0.0,0.0,0.080599,0.197227,0.070449,0.0,0.212858,0.0,0.0,0.0,0.0,0.0,0.389962,0.748205,0.681306,0.291545,0.0
210,1.287558,0.0,0.0,0.729899,0.004804,1.02421,0.559493,0.0,0.473189,0.0,0.315466,0.53707,0.0,1.252117,0.0,0.0,0.07781,0.535644,0.0,0.241501,0.0,0.0,0.733339,0.05006,0.0,0.289837,0.0,0.523314,0.581844,0.034353,0.0,0.0,0.0,0.0,0.256934,0.693133,0.423698,0.70928,0.0,0.243991,0.0,0.080728,0.025524,1.138104,0.338823,0.685099,0.0,0.0,0.0,0.309102,0.219934,0.045942,0.0,0.146503,0.040895,0.0,0.0,0.0,0.0,0.509622,0.891054,0.631332,0.491975,0.0
211,1.308261,0.071467,0.0,0.777425,0.0,1.120479,0.258023,0.0,0.313158,0.0,0.276249,0.629049,0.0,1.051309,0.0,0.0,0.316295,0.726229,0.0,0.50054,0.0,0.001105,0.819975,0.275543,0.0,0.0,0.0,0.66893,0.676109,0.0,0.0,0.0,0.0,0.0,0.0,0.477286,0.346991,0.835855,0.161086,0.243297,0.0,0.221086,0.0,1.0,0.654463,0.826555,0.108991,0.0,0.0,0.121058,0.320817,0.16212,0.0,0.173851,0.0,0.0,0.214998,0.0,0.0,0.433554,0.701531,0.949248,0.660945,0.0
212,1.271514,0.0,0.0,0.59281,0.0,1.096404,0.088576,0.0,0.456374,0.0,0.349923,0.569251,0.0,1.07959,0.030811,0.0,0.701872,0.59382,0.0,0.304399,0.0,0.128267,0.667391,0.308184,0.0,0.0,0.072055,0.697646,0.293893,0.0,0.0,0.0,0.0,0.071409,0.0,0.434081,0.504396,1.083097,0.280861,0.240975,0.0,0.320087,0.06253,0.93134,0.726385,0.686552,0.062573,0.0,0.0,0.0,0.086306,0.046186,0.053181,0.249513,0.0,0.0,0.0,0.0,0.0,0.288424,0.252423,0.651645,0.467902,0.017881
213,1.419117,0.181738,0.0,1.13578,0.0,1.073036,0.387198,0.0,0.448002,0.0,0.272806,0.590209,0.0,1.107319,0.0,0.0,0.429153,0.569162,0.0,0.553192,0.001106,0.0,0.708789,0.148197,0.0,0.0,0.0,0.645909,0.640118,0.0,0.0,0.0,0.0,0.038434,0.0,0.552121,0.462785,0.849258,0.252914,0.369232,0.0,0.357885,0.0,1.040688,0.648448,0.858368,0.0,0.0,0.0,0.024809,0.484722,0.143877,0.0,0.335136,0.0,0.053042,0.252218,0.0,0.0,0.450892,0.612691,1.056941,0.899785,0.021423
214,1.224356,0.165805,0.0,0.898655,0.0,1.040005,0.348175,0.0,0.55461,0.0,0.39965,0.606529,0.0,1.131744,0.124575,0.0,0.433674,0.457526,0.0,0.490057,0.0,0.0,0.723308,0.086399,0.051173,0.0,0.0,0.720548,0.37392,0.0,0.0,0.0,0.0,0.096318,0.0,0.712866,0.597003,1.074599,0.259958,0.289868,0.0,0.342068,0.0,1.103595,0.55885,0.895012,0.0,0.0,0.0,0.0,0.501599,0.0,0.0,0.47602,0.0,0.14482,0.219663,0.0,0.0,0.321489,0.199364,0.88185,0.992415,0.0
215,1.417608,0.216613,0.0,0.919506,0.0,0.906217,0.648597,0.0,0.726402,0.0,0.294505,0.601044,0.0,1.424978,0.0,0.0,0.327977,0.185568,0.0,0.681683,0.018189,0.0,0.602007,0.169154,0.0,0.0,0.0,0.640227,0.527846,0.0,0.0,0.0,0.0,0.0,0.0,0.800768,0.55416,1.06631,0.242996,0.322639,0.0,0.422834,0.0,0.740044,0.552083,0.804025,0.102695,0.0,0.0,0.0,0.457849,0.0,0.0,0.361269,0.0,0.286295,0.356954,0.0,0.0,0.212808,0.302539,0.73435,0.922597,0.0
216,1.556581,0.033015,0.0,0.745766,0.0,0.808919,0.625349,0.0,0.797724,0.018096,0.456844,0.558598,0.0,1.397643,0.048758,0.0,0.42968,0.07127,0.0,0.542905,0.004437,0.0,0.644057,0.01767,0.0,0.0,0.0,0.526871,0.409982,0.0,0.0,0.0,0.0,0.008196,0.0,0.823812,0.731828,1.270545,0.26585,0.37718,0.0,0.310279,0.0,0.822697,0.618117,0.793858,0.0,0.0,0.0,0.0,0.324429,0.0,0.0,0.407457,0.0,0.443451,0.200311,0.0,0.0,0.158496,0.234283,0.611784,0.964097,0.0
217,1.351432,0.154126,0.0,0.936449,0.0,0.970186,0.531862,0.0,0.703006,0.024377,0.464062,0.517204,0.0,1.31995,0.065275,0.0,0.264816,0.138673,0.0,0.614852,0.003646,0.0,0.574969,0.0,0.0,0.0,0.0,0.465338,0.467258,0.0,0.0,0.0,0.0,0.0,0.0,0.849908,0.699287,1.246857,0.161715,0.356879,0.0,0.324568,0.0,0.929393,0.541603,0.956033,0.10591,0.0,0.0,0.0,0.3469,0.0,0.0,0.35262,0.0,0.346909,0.390901,0.0,0.0,0.172271,0.357716,0.726699,1.139466,0.0
218,1.659207,0.0,0.0,0.943212,0.0,0.971811,0.558005,0.0,0.821353,0.272043,0.168148,0.547989,0.0,1.457476,0.0,0.0,0.376243,0.0,0.0,0.695498,0.363874,0.0,0.679669,0.07875,0.046827,0.267402,0.138193,0.216571,0.565091,0.0,0.0,0.0,0.0,0.0,0.0,0.547588,0.713884,1.274223,0.291589,0.391881,0.0,0.555893,0.0,0.61047,0.615685,0.794334,0.011188,0.0,0.0,0.0,0.113386,0.0,0.0,0.35169,0.0,0.210115,0.44086,0.0,0.0,0.102871,0.436547,0.590655,0.949,0.061167
219,1.888015,0.0,0.0,1.104064,0.0,1.22614,0.633166,0.0,0.605566,0.278599,0.520304,0.735721,0.0,1.460191,0.0,0.0,0.70233,0.336215,0.0,0.811204,0.201538,0.0,0.718273,0.0,0.012799,0.117008,0.0,0.33861,0.70967,0.0,0.0,0.0,0.0,0.31679,0.0,0.634212,0.783632,1.259511,0.238064,0.583984,0.0,0.553602,0.0,1.084033,0.92012,0.947572,0.0,0.0,0.0,0.0,0.407321,0.0,0.0,0.409594,0.0,0.068744,0.174118,0.0,0.0,0.09253,0.56273,0.860623,1.123094,0.285692
220,1.855328,0.007207,0.0,1.124388,0.0,1.592113,0.309108,0.0,0.387132,0.243227,0.505552,0.69876,0.0,1.340049,0.050165,0.0,0.804321,0.685734,0.0,1.003933,0.117129,0.0,0.922421,0.128519,0.145795,0.0,0.0,0.386302,0.921914,0.0,0.0,0.0,0.0,0.326314,0.0,0.255657,0.677504,1.231456,0.388397,0.596948,0.0,0.729489,0.0,1.220936,1.190255,1.065194,0.0,0.0,0.0,0.0,0.721988,0.0,0.0,0.495198,0.0,0.0,0.308677,0.0,0.0,0.242916,0.490851,1.148315,1.247844,0.293579
221,1.831501,0.221013,0.0,1.308826,0.0,1.917386,0.242255,0.118354,0.206531,0.372634,0.468131,0.774132,0.0,1.437273,0.0,0.0,0.873105,1.001894,0.0,1.185231,0.294344,0.0,0.855393,0.229821,0.155561,0.045785,0.0,0.478833,1.224937,0.0,0.0,0.0,0.0,0.269193,0.0,0.230116,0.765809,1.21436,0.445541,0.363595,0.0,1.269032,0.0,1.410899,1.265252,1.351331,0.274848,0.0,0.0,0.0,0.700449,0.0,0.0,0.337694,0.0,0.0,0.274906,0.0,0.0,0.117132,0.84547,1.25363,1.224264,0.394892
222,2.097533,0.110942,0.0,1.416994,0.0,2.158384,0.0,0.105303,0.073826,0.289686,0.224477,0.759361,0.0,1.573553,0.0,0.0,0.947817,1.18913,0.0,1.312421,0.627389,0.362728,1.115428,0.775145,0.139453,0.022507,0.00155,0.655955,1.406891,0.0,0.0,0.0,0.0,0.0,0.0,0.0,0.237736,1.277332,0.667841,0.420867,0.0,1.733915,0.0,1.228313,1.508167,1.46518,0.303532,0.0,0.0,0.0,0.679005,0.0,0.0,0.177968,0.052566,0.0,0.385747,0.0,0.0,0.175354,0.899394,1.618106,0.882158,0.566992
223,2.124424,0.116061,0.0,1.585905,0.0,2.247949,0.114061,0.095348,0.163041,0.325314,0.198757,0.818887,0.0,1.757884,0.0,0.0,0.857597,1.208257,0.0,1.158678,0.678359,0.382803,0.95087,0.549646,0.139359,0.289651,0.0,0.604877,1.485664,0.0,0.0,0.0,0.0,0.129828,0.05893,0.021891,0.376558,1.106385,0.715446,0.213004,0.0,1.75533,0.0,1.373039,1.091578,1.465399,0.231379,0.0,0.0,0.0,0.662928,0.0,0.0,0.245874,0.033011,0.0,0.201252,0.0,0.0,0.0,1.0582,1.316916,0.759921,0.564997
224,1.804413,0.133123,0.0,1.47526,0.0,2.166966,0.101613,0.0,0.0,0.157048,0.275927,0.605697,0.0,1.564969,0.0,0.0,0.703943,1.281311,0.0,1.048279,0.445628,0.073951,1.144608,0.434016,0.323079,0.012065,0.0,0.558862,1.524918,0.0,0.0,0.0,0.0,0.098386,0.0,0.057662,0.186957,1.076161,0.593425,0.371295,0.0,1.530686,0.052651,1.415337,1.127613,1.170886,0.0,0.0,0.0,0.0,0.995185,0.0,0.0,0.365977,0.0,0.0,0.007036,0.0,0.0,0.309698,1.194401,1.388721,0.576872,0.67982
225,1.637754,0.071866,0.0,1.084065,0.0,2.159903,0.0,0.0,0.176658,0.052775,0.39179,0.620617,0.0,1.532638,0.385114,0.0,0.597632,1.36377,0.0,0.946454,0.600676,0.244711,1.046721,0.222858,0.327575,0.060988,0.0,0.685148,1.04916,0.0,0.188414,0.0,0.0,0.031944,0.153142,0.300319,0.50903,1.275947,0.623935,0.29391,0.0,1.258731,0.162036,1.44824,0.846525,0.932842,0.0,0.0,0.0,0.0,0.876973,0.079652,0.0,0.618724,0.0,0.0,0.0,0.138346,0.0,0.081787,0.777523,1.337706,0.399078,0.692834
226,1.047046,0.191039,0.0,0.861681,0.048914,1.624347,0.337274,0.0,0.524553,0.0,0.30822,0.399871,0.0,1.635598,0.695873,0.0,0.171574,0.937868,0.0,0.63273,0.240038,0.0,1.044293,0.0,0.443963,0.226764,0.0,0.601593,0.651216,0.0,0.065412,0.0,0.0,0.0,0.379465,0.745419,0.70002,1.182476,0.531112,0.089177,0.0,0.69568,0.0,1.431166,0.504217,0.31359,0.0,0.0,0.0,0.067717,1.144193,0.0,0.0,0.989086,0.0,0.01987,0.0,0.0,0.0,0.182386,0.409034,0.828765,0.220855,0.396084
227,0.756593,0.39876,0.0,0.591337,0.108266,1.34626,0.42125,0.0,0.680244,0.0,0.216448,0.375687,0.0,1.804132,0.959287,0.0,0.0,0.943056,0.0,0.488713,0.204589,0.0,1.038417,0.0,0.417156,0.257486,0.0,0.83548,0.284654,0.0,0.095006,0.0,0.0,0.0,0.320894,1.040405,0.806507,1.235145,0.608236,0.0,0.0,0.307485,0.166144,1.456142,0.323917,0.0,0.0,0.0,0.0,0.0,1.166093,0.0,0.0,1.14615,0.0,0.430694,0.0,0.0,0.0,0.136387,0.216336,0.791504,0.150017,0.376824
228,0.555578,0.64768,0.0,0.918631,0.477226,1.19154,0.27952,0.0,0.716405,0.0,0.012747,0.172319,0.0,1.532749,0.909135,0.0,0.0,0.990765,0.0,0.402505,0.194654,0.0,1.049197,0.0,0.514709,0.0,0.0,0.976696,0.344141,0.0,0.024344,0.0,0.0,0.0,0.380933,1.203268,0.868174,1.314836,0.661078,0.112215,0.0,0.0,0.0,1.39926,0.273227,0.0,0.0,0.0,0.0,0.286815,1.570557,0.235352,0.0,1.443813,0.0,0.931113,0.0,0.0,0.0,0.41185,0.190345,1.226782,0.258036,0.275501
229,0.546146,0.580438,0.0,0.781313,0.474818,1.275834,0.296626,0.0,0.942497,0.0,0.001986,0.238121,0.0,1.836272,1.084668,0.0,0.0,0.888403,0.0,0.154103,0.0,0.0,0.92061,0.014156,0.397628,0.0,0.0,1.225886,0.207409,0.0,0.0,0.0,0.0,0.0,0.38913,1.523821,0.850786,1.224297,0.639404,0.145204,0.0,0.0,0.0,1.528527,0.167414,0.0,0.0,0.0,0.0,0.378216,1.381936,0.378048,0.0,1.465376,0.0,1.133391,0.0,0.08387,0.0,0.344327,0.001344,1.199521,0.231264,0.280463
230,0.452885,0.600756,0.0,0.613669,0.48586,1.212022,0.087508,0.0,0.877549,0.0,0.0,0.163939,0.0,1.53374,1.109927,0.0,0.0,0.936722,0.0,0.0,0.0,0.0,0.753597,0.263276,0.416959,0.0,0.0,1.3552,0.158639,0.0,0.015552,0.0,0.0,0.0,0.418562,1.578721,0.819639,1.309747,0.763926,0.127,0.0,0.0,0.0,1.529277,0.089891,0.0,0.0,0.0,0.0,0.408108,1.284559,0.60438,0.0,1.489376,0.0,1.058717,0.0,0.260177,0.0,0.379956,0.0,1.239973,0.416948,0.279483
231,0.329009,0.549659,0.0,0.484135,0.252168,0.740868,0.362572,0.0,0.793877,0.0,0.0,0.07378,0.0,1.478807,0.891782,0.079391,0.0,0.757312,0.0,0.0,0.052201,0.0,0.550563,0.353454,0.390253,0.0,0.0,1.175298,0.024077,0.0,0.0,0.0,0.0,0.0,0.360811,1.596311,0.799907,1.131055,0.683502,0.007523,0.0,0.0,0.105348,1.565607,0.0,0.0,0.0,0.0,0.0,0.348625,1.199189,0.357148,0.0,1.264762,0.0,1.124125,0.0,0.0,0.0,0.261161,0.058,0.6877,0.439506,0.21814
232,0.480871,0.264679,0.0,0.196194,0.0,0.83617,0.13279,0.0,0.812576,0.0,0.061671,0.16394,0.0,1.441672,0.893935,0.336398,0.0,0.479624,0.0,0.0,0.0,0.0,0.260394,0.539812,0.159449,0.001698,0.0,1.125328,0.044099,0.069545,0.0,0.0,0.011235,0.0,0.306411,1.500635,0.614615,0.802064,0.671105,0.169181,0.0,0.0,0.0,1.453365,0.0,0.105461,0.0,0.0,0.0,0.248267,0.7823,0.370207,0.0,1.097461,0.0,0.913056,0.0,0.0,0.0,0.130284,0.093,0.623839,0.495691,0.327975
233,0.628384,0.080511,0.0,0.329118,0.0,0.469001,0.330619,0.0,0.530404,0.0,0.06528,0.123996,0.0,1.128431,0.435152,0.400748,0.105145,0.384976,0.0,0.0,0.024091,0.0,0.058475,0.849977,0.115295,0.267256,0.08669,0.815956,0.200708,0.248042,0.0,0.0,0.224005,0.0,0.047859,1.300606,0.410464,0.508757,0.642585,0.374349,0.0,0.0,0.112729,1.208682,0.02233,0.017384,0.0,0.0,0.0,0.294614,0.83551,0.239273,0.0,0.886916,0.217816,0.766308,0.0,0.0,0.0,0.12867,0.301564,0.298834,0.623425,0.268401
234,0.978469,0.0,0.0,0.703173,0.0,0.098276,0.314536,0.0,0.301282,0.0,0.0,0.0,0.0,0.976322,0.10143,0.573561,0.442053,0.259433,0.0,0.0,0.150241,0.0,0.0,1.184021,0.059843,0.649226,0.351543,0.408265,0.733999,0.246567,0.058568,0.0,0.224883,0.0,0.0,0.937526,0.10358,0.123588,0.577599,0.43719,0.0,0.013633,0.049999,1.010631,0.070202,0.200587,0.032579,0.0,0.0,0.229629,0.657552,0.055127,0.0,0.379439,0.599749,0.312893,0.0,0.0,0.0,0.0,0.851027,0.113602,0.655612,0.151012
235,0.887238,0.076353,0.0,0.787356,0.0,0.098536,0.27138,0.004884,0.253307,0.0,0.0,0.107425,0.0,0.77266,0.0,0.440241,0.499033,0.282019,0.0,0.0,0.096528,0.0,0.0,1.215138,0.173594,0.902786,0.578602,0.215614,0.959454,0.093176,0.0,0.0,0.0,0.0,0.0,0.550174,0.02313,0.107948,0.298679,0.153116,0.0,0.363657,0.252653,0.70121,0.263639,0.413585,0.267128,0.0,0.0,0.276017,0.31619,0.0,0.0,0.070751,0.692169,0.0,0.0,0.0,0.0,0.015834,1.054845,0.0,0.685879,0.0
236,0.706306,0.141959,0.0,0.80772,0.0,0.360007,0.0,0.263755,0.115238,0.192959,0.0,0.130714,0.0,0.438903,0.0,0.309557,0.528691,0.408171,0.0,0.0,0.0,0.0,0.0,1.287428,0.0,0.734403,0.96501,0.338231,0.994668,0.0,0.0,0.0,0.0,0.0,0.0,0.080981,0.0,0.0,0.354718,0.0,0.0,0.577742,0.226939,0.303783,0.610976,0.888901,0.722586,0.0,0.0,0.165829,0.109862,0.0,0.0,0.0,0.571385,0.0,0.284466,0.0,0.0,0.041054,1.246139,0.163695,0.647581,0.0
237,0.699487,0.0,0.0,0.548391,0.0,0.206144,0.0,0.134879,0.152393,0.184961,0.0,0.224678,0.0,0.544261,0.0,0.440448,0.473034,0.140035,0.0,0.0,0.0,0.0,0.0,1.174958,0.0,0.992541,0.780089,0.154135,0.893478,0.0,0.0,0.0,0.0,0.0,0.0,0.154474,0.0,0.0,0.067069,0.164026,0.0,0.471766,0.302495,0.349347,0.399441,0.618967,0.536687,0.0,0.0,0.088487,0.0,0.0,0.0,0.0,0.753147,0.0,0.120892,0.0,0.0,0.0,1.11682,0.0,0.72941,0.0
238,0.607204,0.0,0.0,0.406232,0.0,0.15438,0.15957,0.185591,0.2222,0.028876,0.116112,0.173082,0.0,0.629509,0.0,0.473904,0.381156,0.14363,0.0,0.0,0.0,0.0,0.0,0.940305,0.0,1.097857,0.559517,0.000909,0.732211,0.0,0.0,0.0,0.0,0.0,0.0,0.166288,0.0,0.0,0.0,0.357076,0.0,0.299858,0.23746,0.326102,0.195434,0.436869,0.430996,0.0,0.0,0.0,0.013402,0.0,0.0,0.0,0.804277,0.0,0.011738,0.0,0.0,0.0,0.871135,0.0,0.61293,0.0
239,0.401638,0.0,0.0,0.03056,0.0,0.200839,0.25162,0.053906,0.330645,0.006817,0.49774,0.240201,0.0,0.637122,0.0,0.434938,0.292386,0.129728,0.0,0.0,0.0,0.0,0.0,0.414647,0.0,0.917667,0.231106,0.0,0.34719,0.078862,0.042518,0.0,0.0,0.272693,0.0,0.275099,0.0,0.0,0.0,0.474791,0.0,0.0,0.197189,0.501309,0.050421,0.384408,0.048449,0.0,0.0,0.0,0.035824,0.0,0.0,0.224611,0.660586,0.115843,0.0,0.0,0.0,0.0,0.601524,0.0,0.596201,0.259489
240,0.258131,0.0,0.0,0.0,0.0,0.314667,0.0,0.070362,0.262918,0.0,0.561589,0.127102,0.334034,0.647537,0.201098,0.37638,0.029927,0.17518,0.0,0.0,0.0,0.0,0.072598,0.407268,0.0,0.679443,0.080787,0.0,0.112756,0.093976,0.043646,0.0,0.0,0.244887,0.0,0.152564,0.0,0.0,0.0,0.659436,0.0,0.0,0.130203,0.547761,0.101743,0.216862,0.0,0.0,0.0,0.0,0.070599,0.0,0.126774,0.270125,0.499063,0.346464,0.0,0.0,0.0,0.0,0.449047,0.23205,0.554229,0.330172
241,0.165546,0.0,0.0,0.0,0.0,0.261202,0.040113,0.036226,0.372673,0.089019,0.550034,0.162194,0.137829,0.511758,0.003999,0.360297,0.033054,0.0,0.0,0.0,0.0,0.0,0.18831,0.127514,0.0,0.744157,0.130067,0.0,0.0,0.0,0.084056,0.0,0.0,0.126123,0.161475,0.425308,0.0,0.17839,0.0,0.530764,0.0,0.0,0.015661,0.380531,0.0,0.231864,0.028493,0.0,0.0,0.0,0.0,0.0,0.046169,0.173034,0.330254,0.08727,0.0,0.0,0.0,0.024393,0.543612,0.0,0.47709,0.203226
242,0.052754,0.0,0.0,0.0,0.0,0.326231,0.0,0.235416,0.39424,0.0,0.226983,0.147565,0.277373,0.476268,0.15078,0.133915,0.0,0.055356,0.0,0.0,0.10379,0.0,0.398944,0.19276,0.0,0.782822,0.322569,0.0,0.0,0.0,0.0,0.0,0.0,0.07278,0.36165,0.223694,0.0,0.296768,0.0,0.588732,0.0,0.0,0.183463,0.151235,0.091902,0.253636,0.144164,0.0,0.0,0.0,0.0,0.0,0.175061,0.0,0.321592,0.0,0.031132,0.0,0.0,0.011632,0.354808,0.126381,0.283284,0.181625
243,0.250374,0.0,0.0,0.004239,0.0,0.491364,0.105412,0.124443,0.377127,0.0,0.316723,0.319347,0.139572,0.612329,0.084655,0.197603,0.0,0.0,0.0,0.0,0.275338,0.0,0.548468,0.264917,0.0,0.991391,0.0,0.142333,0.0,0.0,0.151286,0.0,0.0,0.049137,0.611789,0.356287,0.0,0.183239,0.0,0.685202,0.0,0.0,0.052912,0.315771,0.0,0.276811,0.078946,0.0,0.0,0.0,0.0,0.0,0.0,0.243027,0.419516,0.0,0.0,0.0,0.0,0.0,0.513718,0.090015,0.225475,0.120283
244,0.226116,0.0,0.0,0.0,0.0,0.579348,0.0,0.0,0.335339,0.0,0.481719,0.107759,0.085478,0.894175,0.49204,0.231962,0.0,0.284339,0.0,0.0,0.0,0.0,0.616959,0.0,0.0,0.75936,0.0,0.0,0.0,0.0,0.210428,0.0,0.0,0.218667,0.635666,0.386945,0.0,0.220047,0.0,0.683895,0.0,0.0,0.090607,0.743763,0.0,0.282523,0.0,0.0,0.0,0.0,0.139503,0.0,0.04504,0.340167,0.150907,0.448699,0.0,0.0,0.0,0.119473,0.437554,0.437168,0.053533,0.28843
245,0.327699,0.0,0.0,0.0,0.0,0.92083,0.0,0.0,0.402861,0.0,0.455135,0.115169,0.021214,1.119358,0.641427,0.267917,0.0,0.333063,0.0,0.0,0.090792,0.0,0.611389,0.0,0.0,0.864227,0.0,0.292737,0.0,0.0,0.173106,0.0,0.0,0.187684,0.923113,0.60394,0.094825,0.642868,0.0,0.564915,0.0,0.0,0.179371,0.745403,0.0,0.316689,0.0,0.0,0.0,0.0,0.0,0.0,0.184469,0.372323,0.0,0.168435,0.0,0.0,0.0,0.116909,0.25183,0.532324,0.0,0.264747
246,0.331985,0.0,0.0,0.0,0.0,1.096604,0.0,0.0,0.295942,0.0,0.542182,0.165755,0.109582,1.414786,0.892576,0.267837,0.0,0.594151,0.0,0.0,0.26767,0.0,0.698199,0.0,0.0,0.785758,0.0,0.345099,0.0,0.0,0.209681,0.0,0.0,0.300091,1.067862,0.47743,0.073289,0.869048,0.0,0.470374,0.0,0.0,0.314837,0.707553,0.021001,0.414859,0.0,0.0,0.0,0.0,0.0,0.0,0.346118,0.313053,0.0,0.093754,0.0,0.0,0.0,0.0,0.095564,0.675162,0.0,0.420992
247,0.0,0.315386,0.0,0.0,0.0,0.680989,0.0,0.0,0.279105,0.0,0.329128,0.145939,0.0,0.922974,0.814551,0.312051,0.0,0.677593,0.0,0.019359,0.24851,0.0,1.052839,0.0,0.0,0.650745,0.0,0.213223,0.0,0.0,0.369084,0.0,0.0,0.207646,1.107593,0.395439,0.149772,0.647664,0.0,0.687772,0.0,0.0,0.183304,0.868484,0.0,0.252775,0.0,0.0,0.0,0.0,0.594232,0.0,0.064993,0.508308,0.0,0.541011,0.0,0.0,0.0,0.0,0.25798,0.815859,0.0,0.463779
248,0.0,0.197953,0.0,0.0,0.0,0.776364,0.0,0.0,0.332155,0.0,0.40023,0.129375,0.063043,1.138414,0.909524,0.297752,0.0,0.57029,0.0,0.0,0.339022,0.0,0.994672,0.0,0.0,0.743199,0.0,0.230152,0.0,0.0,0.279588,0.0,0.0,0.351496,1.16963,0.374174,0.115867,0.698842,0.0,0.695095,0.0,0.0,0.197866,0.726022,0.0,0.242236,0.0,0.0,0.0,0.0,0.439562,0.0,0.340883,0.314482,0.0,0.398786,0.0,0.0,0.0,0.0,0.115056,0.724989,0.0,0.51257
249,0.274632,0.0,0.0,0.0,0.0,1.102871,0.0,0.0,0.456524,0.0,0.606974,0.172143,0.177861,1.440324,0.816201,0.357692,0.0,0.362611,0.0,0.0,0.728959,0.110407,0.913261,0.0,0.0,0.950991,0.0,0.363545,0.0,0.0,0.210767,0.0,0.0,0.525201,1.1995,0.40675,0.0,0.789491,0.0,0.739327,0.0,0.290095,0.167295,0.504299,0.0,0.386206,0.095453,0.0,0.0,0.0,0.046797,0.0,0.509978,0.249152,0.117548,0.0,0.0,0.0,0.0,0.0,0.0,0.599871,0.0,0.516841
250,0.272987,0.0,0.0,0.0,0.0,0.967537,0.0,0.0,0.59307,0.0,0.571298,0.0,0.316158,1.491344,0.863235,0.235783,0.0,0.271818,0.0,0.0,0.865592,0.0,0.947564,0.0,0.0,0.928816,0.013572,0.289542,0.0,0.0,0.13069,0.0,0.0,0.556928,1.248924,0.242849,0.0,0.935127,0.008365,0.768639,0.0,0.463652,0.276844,0.360874,0.0,0.367762,0.128821,0.0,0.0,0.0,0.039204,0.0,0.567803,0.251492,0.33912,0.0,0.14318,0.0,0.0,0.0,0.0,0.496692,0.0,0.571632
251,0.175807,0.0,0.0,0.005918,0.0,1.106974,0.0,0.0,0.433029,0.0,0.621273,0.176979,0.406154,1.394412,0.846736,0.321461,0.040919,0.312387,0.0,0.0,0.630131,0.0,0.858387,0.0,0.0,0.70138,0.0,0.274619,0.0,0.0,0.222742,0.0,0.0,0.732922,1.188513,0.217529,0.177827,0.831099,0.0,0.622477,0.0,0.671935,0.137138,0.564383,0.0,0.440861,0.100302,0.0,0.0,0.0,0.384318,0.0,0.565568,0.32024,0.072321,0.0,0.190449,0.0,0.0,0.0,0.0,0.699344,0.0,0.672189
252,0.735906,0.0,0.0,0.141947,0.0,1.453867,0.0,0.0,0.486345,0.0,0.67821,0.271527,0.22432,1.613718,0.797268,0.021795,0.537966,0.425944,0.0,0.250225,0.760612,0.088944,0.796348,0.310576,0.0,0.745069,0.0,0.502658,0.0,0.0,0.132631,0.0,0.0,0.783947,1.007095,0.164609,0.086313,0.986796,0.184107,0.563125,0.0,1.00558,0.20968,0.64157,0.290266,0.769473,0.305637,0.0,0.0,0.0,0.351542,0.0,0.559512,0.475912,0.290243,0.0,0.40092,0.0,0.0,0.0,0.0,0.802754,0.0,0.724539
253,1.05267,0.178252,0.0,0.939669,0.0,1.680235,0.0,0.0,0.338867,0.0,0.581246,0.488112,0.0,1.405339,0.371654,0.0,0.607352,0.794516,0.0,0.701727,0.497684,0.0,0.744988,0.428259,0.0,0.524328,0.0,0.559385,0.797572,0.0,0.105303,0.0,0.0,0.839657,0.557142,0.0,0.0,0.568492,0.233139,0.485052,0.0,1.364716,0.012563,0.801638,0.599515,1.167934,0.117877,0.0,0.0,0.055703,0.686231,0.0,0.099762,0.504,0.412108,0.0,0.349278,0.0,0.0,0.0,0.606147,1.298137,0.348054,0.765634
254,1.345765,0.37217,0.0,1.307663,0.0,1.774769,0.0,0.0,0.259684,0.025733,0.289403,0.518966,0.0,1.402609,0.086159,0.0,0.852447,0.916043,0.0,0.861114,0.495033,0.003558,0.621214,0.738814,0.082559,0.464119,0.0,0.662972,1.075076,0.0,0.09248,0.0,0.0,0.571102,0.295492,0.0,0.0,0.54547,0.477048,0.327382,0.0,1.84055,0.0,0.811144,0.844291,1.399434,0.232013,0.0,0.0,0.145434,0.777293,0.0,0.0,0.437388,0.382378,0.0,0.440412,0.0,0.0,0.0,0.839216,1.415831,0.606746,0.708286
255,1.320444,0.565078,0.0,1.236484,0.0,2.015357,0.0,0.179684,0.190777,0.0,0.021199,0.562356,0.0,1.441831,0.0,0.0,0.796696,1.122312,0.0,1.116742,0.848376,0.164486,0.578398,1.19487,0.108036,0.666493,0.0,0.882742,1.276851,0.0,0.129898,0.0,0.0,0.392177,0.337659,0.0,0.0,0.577715,0.631088,0.059527,0.0,2.305368,0.0,0.576534,0.674389,1.731105,0.752369,0.0,0.0,0.0575,0.672481,0.0,0.0,0.304778,0.383405,0.0,0.637424,0.0,0.0,0.0,0.935278,1.431452,0.69979,0.627427
256,1.233124,0.373309,0.0,1.027858,0.0,1.680909,0.0,0.156188,0.155424,0.0,0.055591,0.368615,0.0,1.275219,0.0,0.0,0.817644,0.867797,0.0,0.898172,0.686114,0.101503,0.411848,0.973016,0.158082,0.690795,0.0,0.728386,1.16592,0.0,0.13354,0.0,0.0,0.417477,0.272304,0.0,0.0,0.548511,0.555063,0.225495,0.0,1.920487,0.087578,0.574485,0.668871,1.400511,0.489667,0.0,0.0,0.050127,0.624209,0.0,0.0,0.325306,0.454782,0.0,0.40376,0.0,0.0,0.0,0.780971,1.160881,0.50709,0.655621
257,0.817832,0.220179,0.0,0.738244,0.0,1.230573,0.0,0.025884,0.127613,0.0,0.170993,0.142325,0.0,0.881406,0.178013,0.0,0.559182,0.601878,0.0,0.597232,0.28451,0.0,0.288958,0.499299,0.200007,0.526933,0.0,0.387023,0.843886,0.0,0.179461,0.0,0.0,0.527063,0.255422,0.0,0.116595,0.375758,0.295201,0.528976,0.0,1.27394,0.124012,0.664463,0.646563,0.927642,0.057033,0.0,0.0,0.014799,0.801656,0.0,0.0,0.551147,0.387607,0.0,0.262636,0.0,0.0,0.0,0.677001,0.92053,0.341706,0.853434
258,0.663471,0.0,0.0,0.157139,0.0,1.053149,0.0,0.0,0.320697,0.0,0.390319,0.0,0.0,0.961032,0.355987,0.0,0.47307,0.294181,0.0,0.17656,0.340884,0.0,0.131127,0.295656,0.178772,0.687455,0.0,0.316753,0.386584,0.0,0.170122,0.0,0.0,0.571626,0.483596,0.0,0.183501,0.557935,0.21537,0.746663,0.0,0.802464,0.260738,0.553524,0.482506,0.604886,0.095214,0.0,0.0,0.0,0.476633,0.0,0.171026,0.682569,0.456106,0.0,0.036131,0.0,0.0,0.0,0.15461,0.489129,0.0,0.913682
259,0.235376,0.135314,0.0,0.263967,0.0,0.744026,0.0,0.057942,0.260661,0.0,0.141188,0.0,0.0,0.455272,0.361271,0.0,0.111789,0.237626,0.0,0.21897,0.236482,0.0,0.086317,0.048836,0.185074,0.541388,0.0,0.169834,0.16372,0.0,0.23249,0.0,0.0,0.480537,0.527314,0.0,0.349158,0.353401,0.118074,0.761382,0.0,0.582893,0.118393,0.426475,0.428988,0.357328,0.0,0.0,0.0,0.0,0.627527,0.0,0.058568,0.820912,0.286604,0.059225,0.1475,0.0,0.0,0.0,0.265387,0.66697,0.057647,0.989425
260,0.107969,0.20462,0.0,0.052675,0.0,0.634696,0.0,0.038736,0.331576,0.0,0.241146,0.0,0.050888,0.427683,0.528009,0.0,0.100068,0.163199,0.0,0.119274,0.029157,0.0,0.0,0.047964,0.234442,0.575781,0.0,0.187327,0.073312,0.0,0.175201,0.0,0.0,0.565743,0.600514,0.0,0.521465,0.427295,0.125321,0.728952,0.0,0.422462,0.070823,0.370801,0.475929,0.326391,0.014384,0.0,0.0,0.0,0.558957,0.0,0.164956,0.919442,0.188721,0.220126,0.06352,0.0,0.0,0.0,0.101696,0.567021,0.0,0.972915
261,0.0,0.523039,0.0,0.088232,0.0,0.562317,0.0,0.410353,0.203648,0.0,0.166008,0.0,0.129477,0.168742,0.450729,0.0,0.251186,0.105882,0.0,0.317487,0.381244,0.0,0.0,0.231017,0.27741,0.52942,0.0,0.196299,0.100947,0.0,0.247861,0.0,0.0,0.509328,0.671826,0.0,0.574756,0.253626,0.166473,0.8046,0.0,0.668512,0.0,0.169509,0.400708,0.53735,0.345591,0.0,0.0,0.0,0.758476,0.0,0.114715,0.956267,0.298647,0.100651,0.314901,0.0,0.0,0.0,0.133535,0.689734,0.203339,0.884395
262,0.194393,0.587627,0.0,0.187435,0.0,0.415944,0.0,0.3276,0.273594,0.0,0.0,0.0,0.120199,0.271029,0.312949,0.0,0.289072,0.0,0.0,0.240179,0.413536,0.0,0.0,0.551858,0.332353,0.787515,0.0,0.094252,0.284454,0.0,0.186544,0.0,0.0,0.194001,0.491584,0.0,0.330067,0.157397,0.150997,0.725707,0.0,0.892194,0.0,0.026116,0.396355,0.517113,0.271984,0.0,0.0,0.0,0.766915,0.0,0.0,0.96495,0.665015,0.01577,0.570892,0.0,0.0,0.0,0.166437,0.488735,0.144325,0.759776
263,0.533841,0.637658,0.0,0.592951,0.0,0.682557,0.0,0.36865,0.266008,0.100906,0.0,0.0,0.0,0.316468,0.15247,0.0,0.648018,0.048123,0.0,0.203608,0.526847,0.0,0.0,0.860262,0.300645,0.811683,0.0,0.201963,0.363325,0.0,0.205235,0.0,0.0,0.0738,0.407331,0.0,0.145855,0.14493,0.363437,0.555138,0.0,1.259001,0.0,0.113053,0.639966,0.691173,0.413808,0.0,0.0,0.074155,0.64995,0.0,0.0,0.861223,0.625131,0.0,0.645308,0.0,0.0,0.0,0.315604,0.676433,0.116574,0.725661
264,0.570944,0.632126,0.0,0.775471,0.0,1.045356,0.0,0.338309,0.139042,0.0,0.037207,0.285376,0.0,0.351916,0.028644,0.0,0.909174,0.385679,0.0,0.326491,0.405171,0.0,0.0,0.945125,0.266566,0.773381,0.001642,0.430178,0.634195,0.0,0.246219,0.0,0.0,0.252406,0.309566,0.0,0.168161,0.1218,0.353238,0.363794,0.0,1.3691,0.02542,0.477257,0.616405,1.151098,0.446876,0.0,0.0,0.242807,0.58059,0.015271,0.074879,0.716428,0.322496,0.0,0.377554,0.0,0.0,0.0,0.545188,0.895853,0.33316,0.609471
265,0.880248,0.515087,0.0,0.84817,0.0,0.86734,0.0,0.167243,0.102033,0.0,0.0,0.145074,0.0,0.404008,0.055212,0.0,1.01991,0.321198,0.0,0.218433,0.433613,0.0,0.0,1.120289,0.278059,0.834304,0.0,0.353824,0.683086,0.0,0.299038,0.0,0.0,0.037568,0.313613,0.0,0.0,0.003319,0.426017,0.26035,0.0,1.379462,0.160355,0.558813,0.653184,1.049367,0.333185,0.0,0.0,0.419498,0.724473,0.0,0.0,0.816444,0.429347,0.0,0.458178,0.0,0.0,0.0,0.609981,0.704253,0.025204,0.589408
266,0.922868,0.329482,0.0,0.695218,0.0,0.939122,0.0,0.0,0.0,0.0,0.140751,0.091463,0.0,0.522397,0.276634,0.0,1.231606,0.547094,0.0,0.252444,0.404069,0.0,0.045749,1.159934,0.382003,0.781354,0.0,0.493577,0.785247,0.0,0.525238,0.0,0.086367,0.249896,0.167235,0.0,0.0,0.010944,0.520683,0.190499,0.0,1.200922,0.365496,0.828975,0.693385,1.09872,0.127551,0.0,0.0,0.350682,1.065666,0.0,0.033802,0.82732,0.359087,0.0,0.297906,0.0,0.0,0.0,0.56061,0.769123,0.0,0.740684
267,0.964946,0.620978,0.0,0.948175,0.0,1.079256,0.0,0.0,0.0,0.0,0.0,0.290745,0.0,0.47716,0.03837,0.0,1.102612,0.717241,0.0,0.302351,0.74364,0.103606,0.298676,1.303359,0.386894,0.783289,0.0,0.635668,0.688949,0.0,0.40404,0.0,0.024216,0.0,0.387746,0.0,0.0,0.107305,0.751537,0.143992,0.0,1.672938,0.457428,0.812951,0.562574,1.180555,0.254709,0.0,0.0,0.416396,0.9715,0.0,0.0,0.767236,0.072681,0.0,0.395188,0.0,0.0,0.0,0.643415,0.971978,0.0,0.868328
268,0.465199,0.402158,0.0,0.666871,0.0,0.835284,0.0,0.0,0.0,0.0,0.04806,0.003926,0.0,0.534712,0.387984,0.052103,1.011697,0.686203,0.0,0.224707,0.549217,0.0,0.383092,1.147764,0.402081,0.758483,0.0,0.450083,0.589311,0.0,0.634118,0.0,0.347363,0.27028,0.534595,0.142316,0.0,0.119168,0.53055,0.28722,0.0,1.170038,0.66755,0.87095,0.506702,0.819167,0.0,0.0,0.0,0.115228,1.288952,0.0,0.281291,0.873054,0.039864,0.0,0.156317,0.0,0.0,0.0,0.455821,0.842376,0.0,1.070321
269,0.453107,0.820016,0.0,1.270135,0.0,1.172743,0.0,0.097367,0.0,0.0,0.0,0.337783,0.0,0.273916,0.241226,0.289435,0.860111,0.999819,0.0,0.23836,0.638207,0.0,0.508844,1.194411,0.322152,0.699776,0.0,0.647401,0.723344,0.0,0.370887,0.0,0.0,0.02222,0.69639,0.298668,0.0,0.0,0.508,0.122999,0.0,1.511856,0.349257,1.085022,0.564113,1.093939,0.142606,0.0,0.0,0.457501,1.346451,0.0,0.075303,0.841012,0.0,0.0,0.20041,0.0,0.0,0.0,0.695882,1.382192,0.0,0.943898
270,0.302973,0.311314,0.0,0.514025,0.0,1.332868,0.0,0.00513,0.0,0.0,0.214259,0.225911,0.0,0.751498,0.688871,0.198731,0.921282,0.703016,0.0,0.0,0.815471,0.089011,0.643118,0.971197,0.323406,1.214884,0.0,0.39145,0.12762,0.0,0.401587,0.0,0.296927,0.286391,1.149703,0.582195,0.0,0.172495,0.381019,0.31953,0.0,1.121593,0.827354,0.952121,0.187953,0.805449,0.16277,0.0,0.0,0.332835,0.810834,0.0,0.59005,0.78799,0.0,0.0,0.042962,0.0,0.0,0.0,0.120782,0.876763,0.0,1.084984
271,0.228886,0.253125,0.0,0.410534,0.0,1.191655,0.0,0.00786,0.0,0.0,0.107253,0.066243,0.0,0.839878,0.749658,0.224588,0.859298,0.590263,0.0,0.0,0.968703,0.031712,0.922024,1.011352,0.285797,1.195042,0.0,0.112691,0.0,0.0,0.433525,0.0,0.555269,0.256273,1.475636,0.582535,0.0,0.261456,0.351542,0.524371,0.0,1.056901,1.079282,0.826092,0.139606,0.619157,0.125893,0.0,0.0,0.093921,0.716826,0.0,0.809832,0.614604,0.0,0.0,0.102034,0.0,0.0,0.0,0.145718,0.837987,0.0,1.398145
272,0.367452,0.132238,0.0,0.423313,0.0,1.368163,0.0,0.134637,0.0,0.0,0.297766,0.192335,0.0,0.89566,0.656306,0.320538,0.938031,0.467683,0.0,0.0,1.123023,0.169164,1.025005,1.139802,0.132996,1.341802,0.0,0.093121,0.0,0.0,0.419645,0.0,0.758593,0.187929,1.522648,0.748569,0.0,0.165906,0.312226,0.615041,0.0,0.978813,1.134188,0.923403,0.030074,0.667738,0.231989,0.0,0.0,0.242452,0.37321,0.0,0.764923,0.508818,0.0,0.0,0.071537,0.0,0.0,0.0,0.320938,0.86065,0.0,1.239742
273,0.218087,0.299137,0.0,0.193721,0.0,1.054538,0.0,0.0,0.0,0.0,0.273084,0.051131,0.0,0.767316,0.964532,0.47651,0.802548,0.692094,0.0,0.0,0.883766,0.0,1.35511,0.974937,0.033176,1.159434,0.0,0.072239,0.0,0.0,0.652297,0.0,0.659013,0.365149,1.452473,0.824166,0.0,0.0,0.199281,0.380222,0.0,0.746804,1.042795,0.985994,0.12184,0.584645,0.079345,0.0,0.0,0.0,0.889354,0.0,0.783091,0.530766,0.0,0.0,0.006078,0.0,0.0,0.0,0.305499,1.08634,0.0,1.302797
274,0.534014,0.317384,0.0,0.36127,0.0,1.434115,0.0,0.0,0.0,0.0,0.299699,0.233691,0.0,0.805081,0.876875,0.580562,1.054607,0.676269,0.0,0.0,0.922045,0.004492,1.21739,0.959937,0.021059,1.098477,0.0,0.352024,0.0,0.0,0.546842,0.0,0.566114,0.304755,1.258333,1.047387,0.0,0.0,0.36246,0.145051,0.0,0.751446,0.941363,1.153253,0.213802,0.86287,0.376966,0.0,0.0,0.291935,0.503883,0.0,0.701436,0.388926,0.0,0.0,0.097499,0.0,0.0,0.0,0.367549,1.159595,0.0,1.00349
275,0.920344,0.010072,0.0,0.449345,0.0,1.195733,0.0,0.0,0.042702,0.0,0.278164,0.114498,0.0,0.965199,0.704278,0.576879,1.167466,0.338936,0.0,0.0,0.761334,0.0,1.118946,1.170045,0.0,0.885229,0.0,0.135292,0.0,0.0,0.402726,0.0,0.778263,0.178704,1.204042,1.006126,0.0,0.0,0.424507,0.381357,0.0,0.576199,0.837788,1.305304,0.139432,0.8525,0.361906,0.0,0.0,0.351663,0.369811,0.0,0.59463,0.369845,0.0,0.0,0.148754,0.0,0.0,0.0,0.508407,0.975804,0.0,0.794562
276,0.927261,0.0,0.0,0.437728,0.0,1.238754,0.0,0.0,0.187451,0.0,0.301932,0.319545,0.0,1.079581,0.491843,0.458658,0.981985,0.363884,0.0,0.0,0.625859,0.097568,1.096948,0.996352,0.0,0.753843,0.0,0.322905,0.0,0.0,0.208619,0.0,0.51386,0.213185,1.076049,1.026734,0.0,0.0,0.366857,0.174619,0.0,0.607427,0.685368,1.236736,0.167909,0.837687,0.315358,0.0,0.0,0.546974,0.362021,0.0,0.434081,0.467739,0.02969,0.0,0.107937,0.0,0.0,0.0,0.351875,0.83399,0.0,0.431626
277,0.697692,0.423053,0.0,0.744582,0.0,0.779302,0.020026,0.0,0.262448,0.0,0.091505,0.48224,0.0,0.727697,0.268254,0.355589,0.843233,0.495956,0.0,0.0,0.563267,0.055864,1.224693,0.916404,0.0,0.377342,0.0,0.513696,0.01222,0.0,0.255464,0.0,0.066636,0.070371,0.693411,0.6881,0.0,0.0,0.137901,0.0,0.0,0.86043,0.281128,1.049145,0.218049,0.617201,0.215984,0.0,0.0,0.233518,0.818396,0.0,0.497551,0.408902,0.014236,0.0,0.301116,0.0,0.0,0.0,0.296259,1.16968,0.0,0.209711
278,0.844426,0.153697,0.0,0.61982,0.0,1.03459,0.062134,0.0,0.322206,0.0,0.351855,0.52911,0.0,0.913062,0.267091,0.183244,1.026493,0.522071,0.0,0.0,0.43783,0.139169,1.026031,0.732632,0.0,0.308689,0.0,0.59734,0.078039,0.0,0.214298,0.0,0.111125,0.318502,0.535702,0.701009,0.0,0.224289,0.201963,0.012435,0.0,0.735063,0.357225,1.074539,0.314798,0.780001,0.240846,0.0,0.0,0.197567,0.488733,0.0,0.707763,0.321064,0.132384,0.0,0.119007,0.0,0.0,0.030303,0.222123,1.151149,0.0,0.10052
279,0.943234,0.183828,0.0,0.428414,0.0,1.185158,0.235441,0.0,0.436103,0.0,0.562021,0.707575,0.0,1.227389,0.206749,0.055532,0.988938,0.501003,0.0,0.0,0.440965,0.239195,0.791439,0.528306,0.0,0.340949,0.012821,0.852248,0.136294,0.0,0.114187,0.0,0.0,0.316506,0.307829,0.729364,0.0,0.460436,0.259743,0.0,0.0,0.888046,0.179091,1.066513,0.031316,1.276273,0.396311,0.0,0.0,0.125494,0.33267,0.0,0.640333,0.099013,0.030194,0.0,0.274582,0.0,0.0,0.0,0.267737,1.046419,0.22275,0.0
280,1.176577,0.060168,0.0,0.510999,0.0,1.234912,0.118533,0.0,0.497742,0.0,0.246717,0.524006,0.0,1.225176,0.167677,0.0,1.01868,0.27182,0.0,0.0,0.461438,0.130466,0.588659,0.632522,0.0,0.255293,0.441491,0.735374,0.094302,0.0,0.031861,0.0,0.0,0.202709,0.29055,0.599773,0.0,0.627744,0.523851,0.030139,0.0,0.871922,0.120174,0.901789,0.245654,1.181796,0.45857,0.0,0.0,0.138772,0.182537,0.021785,0.393335,0.249904,0.103405,0.0,0.48094,0.0,0.0,0.253898,0.20927,0.971296,0.160041,0.0
281,0.973289,0.585178,0.0,0.848833,0.0,0.422117,0.208924,0.0,0.493172,0.0,0.0,0.451548,0.0,1.014551,0.003797,0.0,0.584975,0.0,0.0,0.151262,0.395966,0.0,0.374446,0.731481,0.153777,0.053661,0.080826,0.747103,0.20183,0.0,0.0,0.0,0.0,0.0,0.232694,0.427257,0.244565,0.393589,0.3498,0.085078,0.0,0.924264,0.0,0.651929,0.068436,0.887155,0.172376,0.0,0.0,0.186078,0.872564,0.158288,0.0,0.597661,0.28228,0.033607,0.647612,0.0,0.0,0.279126,0.45658,0.955604,0.491659,0.0
282,0.563493,0.851916,0.0,0.836818,0.0,0.118906,0.331211,0.0,0.398675,0.0,0.0,0.382855,0.0,0.771306,0.28033,0.0,0.574521,0.0,0.0,0.0,0.148,0.0,0.0,0.536252,0.500131,0.0,0.08298,0.862484,0.071538,0.0,0.0,0.0,0.0,0.002342,0.230787,0.700476,0.706513,0.615789,0.448701,0.07285,0.0,0.747,0.0,0.777204,0.228654,0.825715,0.0,0.0,0.0,0.246261,1.256559,0.110781,0.0,1.145076,0.0,0.495432,0.530949,0.0,0.0,0.266768,0.162318,0.82804,0.643716,0.0
283,0.815022,1.02347,0.0,0.618798,0.0,0.113509,0.502207,0.0,0.532289,0.0,0.0,0.280376,0.0,0.67861,0.324715,0.0,0.773866,0.0,0.0,0.0,0.182238,0.0,0.0,0.786179,0.618783,0.0,0.400352,1.020254,0.0,0.0,0.058413,0.0,0.0,0.0,0.046295,0.75324,0.817048,0.803691,0.887229,0.306687,0.0,0.674658,0.0,0.632375,0.290612,0.816528,0.054569,0.0,0.0,0.504527,1.375187,0.418538,0.0,1.415363,0.0,0.607104,0.505841,0.0,0.0,0.190767,0.0,0.679823,0.642995,0.0
284,0.978978,0.916385,0.0,0.944342,0.0,0.0,0.491368,0.0,0.358111,0.0,0.0,0.114765,0.0,0.720831,0.294993,0.0,0.579186,0.0,0.0,0.0,0.120411,0.0,0.0,0.891227,0.719596,0.0,0.656419,0.765226,0.041553,0.089172,0.0,0.0,0.0,0.0,0.0,0.769287,0.874632,0.731761,1.132691,0.580045,0.0,0.68427,0.0,0.584184,0.279306,0.420584,0.0,0.0,0.0,0.63364,1.558045,0.489602,0.0,1.471086,0.139292,0.954557,0.565192,0.0,0.0,0.2017,0.0,0.759781,0.668834,0.0
285,0.68178,1.008698,0.0,0.915788,0.0,0.010759,0.357235,0.0,0.354919,0.0,0.0,0.066391,0.0,0.547272,0.370848,0.0,0.513471,0.0,0.0,0.0,0.158536,0.0,0.0,0.938672,0.783693,0.0,0.699052,0.815025,0.0,0.0,0.035843,0.0,0.0,0.0,0.0,0.720306,0.834581,0.690174,1.067301,0.47835,0.0,0.601332,0.0,0.595648,0.220085,0.479709,0.131005,0.0,0.0,0.587551,1.594266,0.538137,0.0,1.41828,0.0,0.903821,0.709021,0.0,0.0,0.369375,0.0,0.784637,0.813504,0.0
286,0.748197,0.764332,0.0,0.595906,0.0,0.0,0.642154,0.0,0.470359,0.0,0.0,0.302714,0.0,0.874066,0.285166,0.0,0.361512,0.0,0.0,0.0,0.169976,0.0,0.0,0.680298,0.539047,0.0,0.463706,0.831842,0.003511,0.100058,0.0,0.0,0.0,0.0,0.029183,1.009102,0.895046,0.779189,0.68687,0.334383,0.0,0.577354,0.0,0.828385,0.117963,0.504998,0.0,0.0,0.0,0.471814,1.167081,0.287989,0.0,1.120077,0.068882,0.886295,0.394189,0.0,0.0,0.191331,0.0,0.556224,0.686758,0.0
287,1.054251,0.321765,0.0,0.296593,0.0,0.255133,0.629557,0.0,0.692299,0.0,0.145664,0.415272,0.0,1.104082,0.266758,0.06045,0.458201,0.0,0.0,0.0,0.034204,0.0,0.0,0.591207,0.094929,0.0,0.383207,0.925292,0.008374,0.121029,0.0,0.0,0.0,0.0,0.0,1.152194,0.701874,0.762537,0.52536,0.346814,0.0,0.216779,0.0,1.038516,0.067425,0.672255,0.002909,0.0,0.0,0.391468,0.74103,0.233999,0.0,0.723228,0.152737,0.67974,0.205383,0.0,0.0,0.163408,0.0,0.472622,0.589071,0.0
288,1.123087,0.149005,0.0,0.426943,0.0,0.577936,0.664962,0.0,0.873853,0.0,0.198998,0.488473,0.0,1.14203,0.0,0.155544,0.409159,0.0,0.0,0.0,0.213973,0.0,0.064768,0.544789,0.0,0.0,0.338088,1.005159,0.26292,0.0,0.0,0.0,0.0,0.0,0.0,1.031772,0.420009,0.876076,0.29403,0.0,0.0,0.126464,0.026172,0.91171,0.0,0.906067,0.152663,0.0,0.0,0.21496,0.0,0.253568,0.0,0.102261,0.068867,0.027821,0.311405,0.0,0.0,0.278253,0.233607,0.337462,0.706907,0.0
289,1.335166,0.0,0.0,0.34923,0.0,0.697837,0.680377,0.0,0.839048,0.0,0.552654,0.575993,0.072909,1.283813,0.051033,0.409002,0.433848,0.0,0.0,0.0,0.0,0.0,0.366388,0.196744,0.0,0.0,0.108083,0.756826,0.296915,0.146986,0.0,0.0,0.0,0.184579,0.0,1.005033,0.435931,0.728516,0.150047,0.241003,0.0,0.0,0.114951,1.219164,0.0,0.906255,0.001601,0.0,0.0,0.186545,0.091571,0.011317,0.0,0.0,0.09111,0.329412,0.027561,0.0,0.0,0.29859,0.23848,0.488313,0.728024,0.0
290,1.214708,0.0,0.0,0.848073,0.0,0.876472,0.765975,0.0,0.818816,0.0,0.675855,0.622714,0.038184,1.227827,0.0,0.435739,0.177686,0.153073,0.0,0.0,0.0,0.0,0.468202,0.0,0.0,0.0,0.0,0.79144,0.683279,0.145522,0.0,0.0,0.0,0.241794,0.0,0.738317,0.232135,0.617582,0.0,0.102697,0.0,0.032064,0.040993,1.106523,0.0,1.108479,0.116631,0.0,0.0,0.14708,0.071302,0.068169,0.0,0.0,0.0,0.188365,0.282767,0.0,0.0,0.416604,0.704038,0.761366,1.082548,0.0
291,1.213778,0.0,0.0,0.847057,0.0,0.796155,0.726884,0.0,0.829518,0.0,0.639974,0.54717,0.297295,1.263006,0.0,0.269862,0.203703,0.025877,0.0,0.054439,0.0,0.0,0.467257,0.0,0.0,0.0,0.0,0.517289,0.758678,0.186365,0.0,0.0,0.0,0.400611,0.0,0.384155,0.079423,0.409862,0.0,0.160971,0.0,0.129756,0.07973,0.797086,0.0,0.936769,0.175193,0.0,0.0,0.106963,0.087009,0.0,0.0,0.0,0.284804,0.194991,0.253491,0.0,0.0,0.395453,0.816908,0.730638,1.045382,0.0
292,0.89299,0.0,0.0,0.395656,0.0,0.712016,0.554769,0.0,0.983621,0.0,0.747749,0.503629,0.436769,1.198685,0.105408,0.193745,0.214795,0.0,0.0,0.043104,0.041374,0.0,0.263654,0.0,0.0,0.206044,0.149582,0.393282,0.468151,0.026481,0.0,0.0,0.0,0.580379,0.006874,0.242237,0.096952,0.465706,0.0,0.096771,0.0,0.278994,0.018298,0.459746,0.0,1.036784,0.260341,0.0,0.0,0.0,0.0,0.0,0.0,0.0,0.452697,0.073522,0.309448,0.0,0.0,0.151295,0.584874,0.478532,1.009016,0.0
293,0.736246,0.0,0.0,0.0,0.0,0.582517,0.319893,0.0,1.120725,0.0,0.86986,0.115732,0.670605,1.270561,0.33561,0.0,0.413845,0.0,0.0,0.0,0.18853,0.0,0.0,0.047868,0.0,0.400837,0.307218,0.341224,0.129676,0.0,0.0,0.0,0.0,0.62356,0.228653,0.349913,0.292396,0.803226,0.0,0.089908,0.0,0.325018,0.0,0.36925,0.0,1.04337,0.518651,0.0,0.0,0.0,0.0,0.0,0.080986,0.0,0.52443,0.02832,0.253563,0.0,0.0,0.0,0.183923,0.257188,0.593937,0.0
294,0.295177,0.019845,0.0,0.0,0.0,0.298481,0.0,0.280349,1.118355,0.0,0.535212,0.0,0.844998,0.922677,0.419643,0.0,0.133329,0.0,0.0,0.0,0.425896,0.0,0.0,0.233601,0.0,0.455012,0.343898,0.043997,0.0,0.0,0.0,0.0,0.0,0.527206,0.538512,0.0,0.395527,0.61874,0.0,0.176018,0.0,0.576351,0.0,0.0,0.0,0.635023,0.433672,0.0,0.0,0.0,0.0,0.0,0.034389,0.362844,0.755634,0.215929,0.686357,0.0,0.0,0.0,0.294057,0.36132,0.510023,0.0
295,0.229139,0.291997,0.0,0.0,0.0,0.114728,0.0,0.321767,1.099173,0.0,0.439853,0.0,1.055595,1.129243,0.475691,0.0,0.0,0.0,0.0,0.0,0.569279,0.0,0.0,0.263311,0.099414,0.537682,0.32761,0.126317,0.0,0.0,0.0,0.0,0.0,0.351396,0.683198,0.0,0.376843,0.501619,0.0,0.056013,0.0,0.866142,0.0,0.0,0.0,0.704494,0.559259,0.0,0.0,0.0,0.248717,0.0,0.0,0.539299,0.820194,0.438855,1.050672,0.0,0.0,0.0,0.177971,0.204188,0.386873,0.0
296,0.254814,0.361299,0.0,0.0,0.0,0.147203,0.0,0.159271,0.914401,0.0,0.490503,0.107906,0.863317,0.979956,0.512522,0.0,0.0,0.0,0.0,0.0,0.349013,0.0,0.0,0.037313,0.091959,0.238892,0.23412,0.24557,0.0,0.0,0.0,0.0,0.0,0.48234,0.553393,0.0,0.406026,0.353581,0.059395,0.100255,0.0,0.766244,0.0,0.0,0.0,0.721271,0.308782,0.0,0.0,0.0,0.569638,0.0,0.0,0.586334,0.641968,0.594239,0.865808,0.0,0.0,0.0,0.348164,0.427556,0.571927,0.0
297,0.42748,0.195211,0.0,0.07017,0.0,0.526109,0.108337,0.036694,0.852311,0.0,0.636162,0.133273,0.474915,0.839306,0.540262,0.0,0.404286,0.0,0.0,0.0,0.174167,0.0,0.0,0.116682,0.003951,0.0,0.353273,0.53653,0.0,0.0,0.0,0.0,0.0,0.563763,0.314478,0.190263,0.389977,0.613756,0.24945,0.298064,0.0,0.549861,0.0,0.365013,0.117426,0.794689,0.405586,0.0,0.0,0.0,0.588574,0.0,0.100095,0.664762,0.384623,0.347553,0.44772,0.0,0.0,0.049309,0.0,0.654964,0.502088,0.0
298,0.435452,0.437644,0.0,0.610685,0.0,0.494674,0.199085,0.0,0.611503,0.0,0.581947,0.210833,0.0,0.475496,0.485606,0.0,0.54599,0.0,0.0,0.0,0.087039,0.0,0.0,0.151637,0.080933,0.0,0.189476,0.733048,0.119869,0.0,0.086312,0.0,0.0,0.550219,0.128012,0.281014,0.358664,0.515241,0.297852,0.351291,0.0,0.484283,0.0,0.613887,0.33271,0.788721,0.278722,0.0,0.0,0.035602,0.928453,0.106662,0.045223,0.898754,0.264502,0.260055,0.353857,0.0,0.0,0.111961,0.020916,1.027723,0.806577,0.0
299,0.812713,0.460687,0.0,0.627124,0.0,0.216047,0.44594,0.0,0.552388,0.0,0.335914,0.26061,0.003733,0.763272,0.217105,0.0,0.565755,0.0,0.0,0.0,0.216348,0.0,0.0,0.221653,0.260583,0.0,0.204275,0.804987,0.170232,0.0,0.0,0.0,0.0,0.265363,0.14241,0.484975,0.390505,0.514275,0.368432,0.209947,0.0,0.716325,0.0,0.503843,0.186789,0.810291,0.192823,0.0,0.0,0.232867,0.92251,0.108841,0.0,0.825704,0.349966,0.354638,0.361133,0.0,0.0,0.179276,0.073763,0.722321,0.617929,0.0
300,1.175325,0.365785,0.0,0.810195,0.0,0.181279,0.318964,0.0,0.50495,0.0,0.0,0.0,0.0,0.649342,0.059694,0.0,0.697266,0.0,0.0,0.0,0.296804,0.0,0.0,0.667406,0.341549,0.0,0.581846,0.579556,0.287093,0.0,0.019811,0.0,0.0,0.0,0.057557,0.313787,0.331413,0.349442,0.735764,0.252298,0.0,0.808412,0.0,0.387142,0.183023,0.744446,0.329095,0.0,0.0,0.410236,1.004648,0.243766,0.0,0.814834,0.341204,0.275042,0.455963,0.0,0.0,0.310422,0.233839,0.628616,0.376745,0.0
301,0.872874,0.556794,0.0,0.929252,0.0,0.025833,0.282985,0.0,0.384605,0.0,0.0,0.0,0.0,0.506796,0.153859,0.0,0.665268,0.0,0.0,0.0,0.297078,0.0,0.0,0.744076,0.521366,0.0,0.605259,0.564962,0.364921,0.0,0.0,0.0,0.0,0.0,0.0,0.439538,0.436662,0.229274,0.719167,0.073023,0.0,0.897836,0.0,0.452951,0.222278,0.729932,0.465303,0.0,0.0,0.472181,1.258691,0.258634,0.0,0.883657,0.152242,0.536155,0.604253,0.0,0.0,0.309919,0.22973,0.675413,0.554205,0.0
302,0.747407,0.59791,0.0,0.498406,0.0,0.087105,0.531524,0.0,0.542869,0.0,0.042456,0.016169,0.003448,0.590524,0.294907,0.0,0.757098,0.0,0.0,0.0,0.290389,0.0,0.0,0.708823,0.560867,0.0,0.707309,0.669424,0.185553,0.0,0.0,0.0,0.0,0.0,0.0,0.621873,0.48755,0.339215,0.680396,0.0,0.0,0.830333,0.0,0.470019,0.115021,0.822304,0.5272,0.0,0.0,0.394962,1.210211,0.23883,0.0,0.837398,0.025418,0.585102,0.588808,0.0,0.0,0.100736,0.0,0.349494,0.574577,0.0
303,0.739034,0.523405,0.0,0.689981,0.0,0.001866,0.655964,0.0,0.503386,0.0,0.167346,0.084936,0.237495,0.768427,0.206905,0.098237,0.547004,0.0,0.0,0.0,0.368727,0.0,0.0,0.594171,0.48726,0.0,0.587862,0.646393,0.413715,0.092702,0.0,0.0,0.0,0.0,0.0,0.787513,0.502555,0.306618,0.444458,0.0,0.0,0.798869,0.0,0.643754,0.0,0.732586,0.373839,0.0,0.0,0.338627,0.972954,0.090571,0.0,0.596395,0.161365,0.620886,0.472938,0.0,0.0,0.033218,0.172502,0.41534,0.630384,0.0
304,0.99671,0.110602,0.0,0.289246,0.0,0.311784,0.623657,0.0,0.834293,0.0,0.226398,0.201789,0.486156,1.097895,0.329579,0.490741,0.455956,0.0,0.0,0.0,0.281618,0.0,0.0,0.773188,0.210024,0.0,0.805731,0.523338,0.283863,0.113185,0.0,0.0,0.0,0.035361,0.0,0.903377,0.382845,0.329098,0.493562,0.006923,0.0,0.378601,0.023813,0.661244,0.0,0.83226,0.389351,0.0,0.0,0.238132,0.396098,0.030157,0.0,0.408122,0.306338,0.499862,0.355241,0.0,0.0,0.0,0.055732,0.059688,0.557039,0.0
305,0.867935,0.056187,0.0,0.313816,0.0,0.513416,0.628296,0.0,0.922773,0.0,0.566262,0.257208,0.329225,0.961163,0.318656,0.792334,0.422886,0.0,0.0,0.0,0.138935,0.0,0.0,0.637002,0.0,0.0,0.650686,0.681929,0.36659,0.103001,0.0,0.0,0.0,0.176567,0.0,1.082906,0.386713,0.358768,0.209448,0.090943,0.0,0.0,0.051022,0.993912,0.0,0.907971,0.319486,0.0,0.0,0.121801,0.154501,0.094981,0.0,0.136952,0.199363,0.387199,0.203588,0.0,0.0,0.0,0.115667,0.248283,0.800552,0.0
306,1.11686,0.0,0.0,0.36475,0.0,0.625558,0.803466,0.0,1.030165,0.0,0.835613,0.532173,0.310008,1.237847,0.265573,1.091092,0.5265,0.0,0.0,0.0,0.0,0.0,0.11508,0.541213,0.0,0.0,0.57323,0.659037,0.503973,0.297875,0.0,0.0,0.0,0.502207,0.0,1.256681,0.270934,0.145208,0.06851,0.262797,0.0,0.0,0.081888,1.293938,0.0,1.024548,0.183932,0.0,0.0,0.0,0.0,0.0,0.0,0.011645,0.354566,0.413839,0.0,0.0,0.0,0.0,0.318309,0.173875,0.824728,0.0
307,1.36857,0.0,0.0,0.634795,0.0,0.505026,0.812389,0.0,0.78336,0.0,0.754892,0.615746,0.539767,1.486588,0.0,1.0274,0.509506,0.0,0.0,0.0,0.030136,0.0,0.260941,0.591738,0.0,0.354242,0.438652,0.211636,0.673847,0.579777,0.0,0.0,0.0,0.541278,0.0,0.953426,0.241852,0.0,0.0,0.364094,0.0,0.161387,0.365659,1.383655,0.0,0.714266,0.068566,0.0,0.0,0.0,0.044934,0.0,0.0,0.0,0.605475,0.387601,0.0,0.0,0.0,0.0,0.894021,0.118797,0.761094,0.067155
308,1.258778,0.0,0.0,0.563854,0.0,0.696328,0.622823,0.0,0.903113,0.0,0.724353,0.61551,0.103814,1.278381,0.0,0.987455,0.693883,0.051962,0.0,0.0,0.0,0.0,0.276346,0.738869,0.0,0.326795,0.475312,0.40207,0.74643,0.165325,0.0,0.0,0.0,0.429838,0.0,0.783245,0.086343,0.0,0.0,0.190828,0.0,0.102538,0.372685,1.265201,0.0,0.867833,0.149841,0.0,0.0,0.030669,0.0,0.0,0.0,0.0,0.588977,0.0,0.0,0.0,0.0,0.0,0.841532,0.09736,0.736847,0.0
309,1.327192,0.0,0.0,0.453165,0.0,1.00338,0.376571,0.0,0.745641,0.0,0.537955,0.486782,0.0,1.200306,0.0,0.782301,0.970317,0.342954,0.0,0.0,0.0,0.0,0.149319,1.061626,0.0,0.459644,0.780621,0.517972,0.874611,0.0,0.0,0.0,0.0,0.223958,0.0,0.586091,0.0,0.054169,0.186294,0.0,0.0,0.377345,0.565545,0.995908,0.298386,1.11744,0.640179,0.0,0.0,0.115427,0.0,0.0,0.0,0.0,0.57185,0.0,0.089491,0.0,0.0,0.019821,0.872459,0.013997,0.692811,0.0
310,1.279895,0.0,0.0,0.826434,0.0,1.160628,0.124339,0.0,0.530486,0.0,0.297739,0.497747,0.0,0.901521,0.0,0.551964,0.932761,0.68607,0.0,0.0,0.020187,0.0,0.357106,1.119098,0.0,0.26343,0.805408,0.7543,1.15486,0.0,0.0,0.0,0.0,0.0,0.0,0.157072,0.0,0.0,0.239785,0.0,0.0,0.712237,0.537862,0.750414,0.536477,1.318472,0.886688,0.0,0.0,0.177045,0.0,0.0,0.0,0.0,0.522361,0.0,0.343958,0.0,0.0,0.22336,1.33977,0.603527,0.822798,0.0
311,1.166958,0.0,0.0,0.852185,0.0,0.71581,0.429511,0.054804,0.487664,0.032055,0.266862,0.475949,0.0,1.080245,0.0,0.396335,0.723151,0.360115,0.0,0.0,0.130243,0.0,0.108869,0.735388,0.0,0.720624,0.377611,0.302931,0.996563,0.0,0.0,0.0,0.0,0.159891,0.0,0.188146,0.0,0.024864,0.041602,0.0,0.0,0.789634,0.572867,0.804818,0.353036,0.828713,0.443857,0.0,0.0,0.199855,0.0,0.0,0.0,0.0,0.651498,0.0,0.019093,0.0,0.0,0.129093,1.052768,0.220564,0.510388,0.0
312,0.990027,0.0,0.0,0.978173,0.0,0.718435,0.545334,0.188562,0.440406,0.0,0.029429,0.303263,0.0,0.972696,0.0,0.344697,0.385996,0.247462,0.0,0.0,0.183644,0.0,0.056778,0.623985,0.0,0.718806,0.244149,0.169325,1.114163,0.0,0.0,0.0,0.0,0.043156,0.0,0.150912,0.0,0.0,0.087876,0.072795,0.0,0.891827,0.372324,0.550811,0.283953,0.658649,0.507908,0.0,0.0,0.256893,0.165894,0.0,0.0,0.0,0.580316,0.0,0.110618,0.0,0.0,0.058115,1.014756,0.323558,0.435501,0.0
313,0.781813,0.0,0.0,0.212861,0.0,0.376045,0.492565,0.0,0.301541,0.0,0.474666,0.166194,0.058726,0.935503,0.07812,0.327222,0.27737,0.118093,0.0,0.0,0.0,0.0,0.0,0.109975,0.063713,0.495542,0.0,0.0,0.724095,0.0,0.015628,0.0,0.0,0.38438,0.0,0.232309,0.308845,0.111203,0.0,0.318885,0.0,0.533534,0.29432,0.691954,0.291056,0.424397,0.0,0.0,0.0,0.112204,0.487449,0.0,0.0,0.056768,0.38081,0.236668,0.0,0.0,0.0,0.124759,0.665837,0.178468,0.389795,0.101393
314,0.430681,0.0,0.0,0.0349,0.0,0.632003,0.389424,0.161013,0.38493,0.0,0.38037,0.056048,0.070562,0.675284,0.118626,0.099293,0.204516,0.290587,0.0,0.210504,0.131804,0.0,0.178929,0.175993,0.0,0.385498,0.286946,0.108208,0.60014,0.0,0.006805,0.0,0.0,0.296832,0.0,0.082643,0.176961,0.267011,0.0,0.354293,0.0,0.608979,0.245573,0.370211,0.333866,0.417413,0.384577,0.0,0.0,0.0,0.35287,0.0,0.0,0.071696,0.360021,0.0,0.149964,0.0,0.0,0.0,0.384057,0.233786,0.336984,0.117298
315,0.387628,0.0,0.0,0.0,0.0,0.577543,0.264138,0.118039,0.460984,0.0,0.530819,0.002569,0.252041,0.850258,0.183677,0.143699,0.165097,0.154007,0.0,0.053715,0.195862,0.0,0.014152,0.067103,0.073026,0.400873,0.24529,0.0,0.47026,0.0,0.004145,0.0,0.0,0.370733,0.0,0.120789,0.283931,0.318283,0.0,0.357736,0.0,0.612162,0.232033,0.385424,0.153832,0.479751,0.359849,0.0,0.0,0.0,0.181389,0.0,0.176705,0.121071,0.357128,0.0,0.024995,0.0,0.0,0.0,0.117099,0.094893,0.144115,0.185097
316,0.354887,0.0,0.0,0.141728,0.0,0.937274,0.307625,0.371717,0.377541,0.0,0.420521,0.211951,0.192943,0.879059,0.022888,0.292611,0.007589,0.183842,0.0,0.013292,0.246263,0.0,0.0,0.049303,0.0,0.565065,0.485293,0.025429,0.623059,0.0,0.062069,0.0,0.0,0.471825,0.055705,0.148672,0.18627,0.137281,0.0,0.505065,0.0,0.818547,0.252928,0.244914,0.059654,0.672386,0.541615,0.0,0.0,0.0,0.010192,0.0,0.062453,0.001389,0.439917,0.0,0.0,0.088219,0.0,0.0,0.407412,0.16794,0.29899,0.184875
317,0.311087,0.0,0.0,0.231932,0.0,0.677522,0.158597,0.514901,0.259995,0.0,0.178316,0.0,0.304471,0.83186,0.0,0.11843,0.0,0.227313,0.0,0.112836,0.41621,0.0,0.072834,0.263307,0.0,0.762304,0.540586,0.0,0.68678,0.0,0.0,0.0,0.0,0.373726,0.169399,0.0,0.0,0.185087,0.0,0.531549,0.0,0.895012,0.454041,0.050906,0.180139,0.574063,0.464813,0.0,0.0,0.0,0.038053,0.0,0.0,0.0,0.610794,0.0,0.171666,0.0,0.0,0.0,0.60079,0.376167,0.254594,0.404373
318,0.382987,0.0,0.0,0.0,0.0,0.445633,0.324133,0.398605,0.431271,0.0,0.410377,0.03807,0.207678,0.799731,0.0,0.102669,0.0,0.028042,0.0,0.123131,0.274548,0.0,0.0,0.105601,0.0,0.865943,0.263904,0.0,0.616026,0.0,0.023508,0.0,0.0,0.376343,0.155367,0.0,0.16753,0.22736,0.0,0.575885,0.0,0.592271,0.240759,0.121239,0.198232,0.545843,0.396189,0.0,0.0,0.0,0.0,0.0,0.0,0.154551,0.745883,0.0,0.158045,0.0,0.0,0.0,0.466661,0.037675,0.369036,0.288728
319,0.555591,0.0,0.0,0.0,0.0,0.330312,0.111889,0.396505,0.386634,0.073097,0.235791,0.0,0.253462,0.72191,0.0,0.03565,0.0,0.0,0.0,0.09718,0.211285,0.0,0.0,0.203081,0.0,0.812056,0.267713,0.0,0.49591,0.0,0.0,0.0,0.0,0.057759,0.0,0.0,0.092975,0.245431,0.0,0.73653,0.0,0.507532,0.017886,0.0,0.392873,0.42421,0.524957,0.0,0.0,0.0,0.06313,0.0,0.0,0.086706,0.874454,0.0,0.380572,0.0,0.0,0.0,0.454858,0.211243,0.487864,0.232434
320,0.593765,0.0,0.0,0.0,0.0,0.276892,0.354562,0.303908,0.545507,0.114329,0.579025,0.287751,0.166331,0.827914,0.0,0.0,0.0,0.0,0.0,0.163294,0.161774,0.0,0.0,0.0,0.0,0.905139,0.245515,0.0,0.401027,0.0,0.0,0.0,0.0,0.427704,0.222263,0.058678,0.36422,0.305678,0.0,0.639737,0.0,0.219563,0.0,0.033261,0.189798,0.741806,0.409456,0.0,0.0,0.0,0.0,0.0,0.0,0.183938,0.604617,0.272114,0.247046,0.026392,0.0,0.0,0.621013,0.115329,0.797121,0.346856
321,0.482904,0.0,0.0,0.0,0.0,0.0,0.187705,0.442061,0.535869,0.264673,0.465023,0.20251,0.40345,0.868048,0.0,0.0,0.0,0.0,0.0,0.071423,0.288639,0.0,0.0,0.0,0.034278,1.068677,0.145779,0.0,0.145501,0.02287,0.0,0.0,0.0,0.344342,0.359198,0.0,0.595122,0.453206,0.0,0.738645,0.0,0.377684,0.0,0.0,0.207744,0.523385,0.361143,0.0,0.0,0.0,0.0,0.0,0.0,0.43544,0.602608,0.652988,0.564683,0.0,0.0,0.0,0.505072,0.036278,0.893955,0.41053
322,0.315434,0.01057,0.0,0.0,0.0,0.080465,0.0,0.392422,0.648558,0.307042,0.503045,0.219685,0.418862,0.843616,0.074169,0.0,0.0,0.0,0.0,0.059135,0.276662,0.0,0.0,0.0,0.0,0.826083,0.160254,0.0,0.0,0.0,0.0,0.0,0.0,0.218121,0.41432,0.0,0.575097,0.654426,0.0,0.892041,0.0,0.13454,0.0,0.0,0.301747,0.462561,0.534119,0.0,0.0,0.0,0.0,0.0,0.0,0.57697,0.560858,0.567536,0.593394,0.03231,0.0,0.0,0.407544,0.169577,0.909249,0.415882
323,0.279532,0.142256,0.0,0.0,0.0,0.013089,0.0,0.622377,0.528638,0.395783,0.344591,0.152778,0.563963,0.812165,0.133071,0.0,0.0,0.0,0.0,0.106401,0.359805,0.0,0.0,0.0,0.076332,0.945115,0.193064,0.0,0.0,0.0,0.0,0.0,0.0,0.349068,0.504922,0.0,0.638511,0.564589,0.001623,1.131878,0.0,0.277908,0.0,0.0,0.39521,0.232713,0.392082,0.0,0.0,0.0,0.13188,0.0,0.0,0.697657,0.561406,0.864384,0.86837,0.022452,0.0,0.0,0.46824,0.414294,0.98847,0.751401
324,0.308509,0.051207,0.0,0.0,0.0,0.302856,0.0,0.595319,0.56667,0.424644,0.566043,0.183537,0.394514,0.642409,0.249419,0.0,0.0,0.0,0.0,0.198244,0.317618,0.0,0.0,0.0,0.064042,0.787212,0.223484,0.0,0.0,0.0,0.0,0.0,0.0,0.762139,0.704432,0.0,0.643854,0.633559,0.0,1.336282,0.0,0.0,0.0,0.0,0.574738,0.383373,0.247803,0.0,0.0,0.0,0.271766,0.0,0.0,0.786911,0.433714,0.712771,0.465441,0.187146,0.0,0.0,0.520763,0.753469,0.805678,1.095836
325,0.0,0.220316,0.0,0.0,0.0,0.097574,0.0,0.682133,0.658349,0.482793,0.381389,0.0,0.576434,0.838167,0.210363,0.0,0.0,0.0,0.0,0.117382,0.483199,0.0,0.027149,0.0,0.106631,0.873298,0.120321,0.0,0.0,0.0,0.0,0.0,0.0,0.394657,0.903462,0.0,0.868547,0.727665,0.0,1.177498,0.0,0.479838,0.0,0.0,0.367911,0.342918,0.537113,0.0,0.0,0.0,0.186315,0.0,0.0,0.775827,0.564449,0.856106,0.666642,0.0,0.0,0.0,0.339741,0.319084,0.54372,0.860447
326,0.141331,0.027166,0.0,0.0,0.0,0.541603,0.0,0.6018,0.540235,0.359759,0.44883,0.0,0.492016,0.660685,0.350294,0.0,0.0,0.0,0.0,0.335183,0.487511,0.0,0.041922,0.0,0.122198,0.610738,0.0,0.0,0.0,0.0,0.0,0.0,0.0,0.494174,0.899006,0.0,0.67543,0.827688,0.0,1.428772,0.0,0.109235,0.0,0.041909,0.640531,0.337778,0.370974,0.0,0.0,0.0,0.418251,0.0,0.0,0.843059,0.492616,0.58388,0.2563,0.13608,0.0,0.0,0.310251,0.783824,0.255427,1.1333
327,0.210717,0.062979,0.0,0.0,0.0,0.807903,0.0,0.624036,0.41366,0.219568,0.332817,0.0,0.485809,0.777745,0.436886,0.0,0.0,0.270101,0.0,0.5,0.613518,0.0,0.152241,0.0,0.162884,0.629592,0.054966,0.0,0.019895,0.0,0.058389,0.0,0.0,0.359413,0.995608,0.0,0.754957,0.940583,0.0,1.426894,0.0,0.30653,0.0,0.12607,0.633481,0.430621,0.554465,0.0,0.0,0.0,0.420007,0.0,0.0,0.701484,0.401514,0.310635,0.112783,0.20843,0.0,0.0,0.204921,0.84914,0.020079,1.195642
328,0.17959,0.0,0.0,0.0,0.0,0.8577,0.0,0.55147,0.296551,0.328025,0.344915,0.007646,0.293448,0.763499,0.283694,0.0,0.0,0.208583,0.0,0.301959,0.503585,0.0,0.445403,0.0,0.091042,0.66987,0.110032,0.0,0.073487,0.0,0.0,0.0,0.0,0.516332,0.937233,0.0,0.549455,0.616852,0.0,1.27936,0.0,0.4085,0.0,0.190617,0.333142,0.336422,0.285338,0.0,0.0,0.0,0.385609,0.0,0.023935,0.402794,0.370159,0.250088,0.0,0.0,0.0,0.0,0.663381,0.806206,0.0,1.256344
329,0.203413,0.0,0.0,0.047027,0.0,0.929397,0.0,0.147239,0.090868,0.128544,0.282092,0.141117,0.07065,0.850246,0.616873,0.0,0.0,0.585272,0.0,0.432973,0.144177,0.0,0.653126,0.0,0.243978,0.594227,0.0,0.0,0.074261,0.0,0.153108,0.0,0.0,0.371678,0.992578,0.0,0.676552,0.839639,0.0,1.012167,0.0,0.307167,0.005929,0.597763,0.504407,0.326975,0.0,0.0,0.0,0.0,0.608436,0.0,0.055317,0.565373,0.031635,0.426392,0.0,0.067998,0.0,0.0,0.522182,0.834781,0.0,1.150401
330,0.423975,0.019735,0.0,0.0,0.0,1.097266,0.0,0.0,0.141656,0.0,0.308061,0.258927,0.0,1.009574,0.59099,0.0,0.0,0.679765,0.0,0.424273,0.245852,0.0,0.843181,0.0,0.098953,0.593011,0.0,0.293632,0.146075,0.0,0.27384,0.0,0.0,0.149929,0.888795,0.161627,0.425794,0.859187,0.0,0.84972,0.0,0.313442,0.115183,0.723204,0.271517,0.548662,0.0,0.0,0.0,0.0,0.511935,0.0,0.04166,0.516225,0.0,0.13816,0.0,0.05889,0.0,0.0,0.517864,0.817751,0.0,0.865984
331,0.758131,0.0,0.0,0.20644,0.0,1.321707,0.0,0.0,0.198566,0.025803,0.379447,0.231251,0.0,1.240391,0.504668,0.0,0.0,0.722005,0.0,0.153939,0.744795,0.264818,0.828465,0.056378,0.0,0.645518,0.0,0.654726,0.113072,0.0,0.146144,0.0,0.0,0.0,0.984568,0.412614,0.092966,1.107465,0.007109,0.766738,0.0,0.467719,0.303695,0.780486,0.215851,0.641472,0.0,0.0,0.0,0.0,0.26007,0.005641,0.177355,0.465565,0.048689,0.0,0.0,0.0,0.0,0.0,0.54649,0.946775,0.0,0.740647
332,0.612497,0.045559,0.0,0.259217,0.0,1.397549,0.0,0.0,0.301949,0.0,0.382209,0.357824,0.0,1.355334,0.668329,0.044322,0.0,0.895079,0.0,0.187706,0.322435,0.068016,1.083942,0.0,0.0,0.651534,0.0,0.66636,0.0,0.0,0.295445,0.0,0.0,0.0,1.008804,0.577538,0.264557,0.987829,0.0,0.516448,0.0,0.114359,0.207414,1.123702,0.010511,0.585509,0.0,0.0,0.0,0.126129,0.54815,0.0,0.090476,0.67591,0.0,0.0,0.0,0.024008,0.0,0.196421,0.411947,0.984858,0.0,0.429969
333,0.3506,0.194795,0.0,0.266805,0.0,1.151981,0.0,0.0,0.233039,0.0,0.447782,0.438026,0.0,1.490317,0.997891,0.116503,0.0,1.050146,0.0,0.338865,0.0,0.0,1.242625,0.0,0.0,0.610252,0.0,0.602515,0.0,0.0,0.392051,0.0,0.0,0.093176,0.991953,0.707032,0.400773,0.807385,0.0,0.410304,0.0,0.0,0.084943,1.346062,0.0,0.36444,0.0,0.0,0.0,0.0,0.947599,0.0,0.080106,0.730434,0.0,0.441446,0.0,0.071105,0.0,0.128133,0.213487,1.129615,0.0,0.38256
334,0.352178,0.116654,0.0,0.0,0.0,1.116772,0.0,0.0,0.316385,0.0,0.48649,0.397983,0.0,1.698912,1.133582,0.091096,0.0,0.967069,0.0,0.154151,0.17724,0.0,1.483953,0.0,0.0,0.703239,0.0,0.591533,0.0,0.0,0.289303,0.0,0.0,0.000552,1.096953,0.751215,0.307392,0.992449,0.005117,0.332042,0.0,0.0,0.374941,1.264108,0.0,0.261442,0.0,0.0,0.0,0.0,0.806463,0.0,0.267681,0.650809,0.0,0.364316,0.0,0.0,0.0,0.0,0.0,0.983344,0.0,0.309241
335,0.461977,0.134888,0.0,0.018344,0.0,1.350764,0.0,0.0,0.438464,0.0,0.537919,0.460483,0.0,1.84567,0.991299,0.365546,0.0,0.854422,0.0,0.0,0.580587,0.291793,1.312359,0.0,0.0,0.680529,0.0,0.98007,0.0,0.0,0.223533,0.0,0.0,0.0,1.202647,0.868635,0.114409,1.118391,0.229175,0.306849,0.0,0.003531,0.328887,1.262425,0.0,0.319506,0.0,0.0,0.0,0.0,0.34914,0.049856,0.379735,0.552942,0.0,0.0,0.0,0.0,0.0,0.0,0.0,0.973464,0.0,0.307959
336,0.384625,0.255409,0.0,0.333931,0.0,1.228756,0.0,0.0,0.403783,0.0,0.432455,0.352562,0.0,1.542825,0.853876,0.634675,0.0,0.875274,0.0,0.0,0.70948,0.302315,1.331485,0.0,0.0,0.465807,0.0,0.926337,0.0,0.0,0.088861,0.0,0.0,0.0,1.272715,0.864282,0.0,1.053923,0.374701,0.249792,0.0,0.249154,0.297283,1.258049,0.0,0.354538,0.0,0.0,0.0,0.087019,0.610587,0.093926,0.305348,0.743616,0.0,0.0,0.0,0.0,0.0,0.0,0.0,1.034885,0.0,0.334375
337,0.296726,0.227181,0.0,0.155053,0.0,1.079367,0.018494,0.0,0.300127,0.0,0.554117,0.341165,0.0,1.645571,1.008999,0.567514,0.0,0.70908,0.0,0.0,0.328149,0.035616,1.264189,0.0,0.0,0.371924,0.0,0.876326,0.0,0.0,0.078392,0.0,0.0,0.036479,1.029286,0.967139,0.030206,0.715344,0.212114,0.251671,0.0,0.012766,0.132841,1.229516,0.0,0.208705,0.0,0.0,0.0,0.0592,0.789305,0.009321,0.15658,0.692052,0.0,0.262981,0.0,0.0,0.0,0.0,0.0,1.037359,0.0,0.295902
338,0.182465,0.257266,0.0,0.0267,0.0,0.856353,0.191153,0.0,0.253789,0.0,0.509687,0.242091,0.0,1.384851,1.077992,0.535483,0.0,0.658127,0.0,0.0,0.187204,0.0,1.179632,0.0,0.00084,0.302089,0.0,0.894881,0.0,0.0,0.038431,0.0,0.0,0.069253,0.830946,0.913662,0.054793,0.578085,0.33763,0.050232,0.0,0.068248,0.12911,1.132386,0.0,0.113755,0.0,0.0,0.0,0.0,0.981956,0.0,0.159196,0.643957,0.0,0.396531,0.0,0.0,0.0,0.0,0.0,0.841681,0.0,0.31842
339,0.284648,0.163129,0.0,0.093996,0.0,0.669826,0.339823,0.0,0.357774,0.0,0.293031,0.029004,0.020716,1.260804,0.725944,0.506522,0.060219,0.334586,0.0,0.0,0.611268,0.0,0.880761,0.214643,0.023713,0.280652,0.049555,0.899944,0.0,0.0,0.0,0.0,0.012977,0.0,0.804314,0.890938,0.0,0.587473,0.498783,0.173763,0.0,0.237526,0.215389,0.7689,0.0,0.073254,0.0,0.0,0.0,0.164982,0.671282,0.0,0.023489,0.691649,0.022237,0.26859,0.048255,0.0,0.0,0.0,0.0,0.397385,0.0,0.178599
340,0.163775,0.41483,0.0,0.364573,0.0,0.422084,0.293307,0.0,0.173277,0.0,0.313159,0.037402,0.0,0.862287,0.541339,0.505015,0.0,0.251065,0.0,0.0,0.386509,0.0,0.398177,0.090899,0.189414,0.107884,0.0,0.794518,0.16066,0.0,0.0,0.0,0.0,0.0,0.679203,0.823472,0.222127,0.412003,0.34767,0.212676,0.0,0.331228,0.0,0.73647,0.0,0.283699,0.0,0.0,0.0,0.405149,0.877476,0.108254,0.0,0.65547,0.032705,0.502868,0.054885,0.0,0.0,0.0,0.0,0.687673,0.0,0.151157
341,0.0,0.538955,0.0,0.128272,0.0,0.17198,0.166398,0.0,0.224482,0.0,0.121838,0.002738,0.086004,0.627385,0.488902,0.303287,0.080397,0.083384,0.0,0.0,0.565923,0.0,0.118899,0.092403,0.124204,0.373295,0.184821,0.516643,0.0,0.0,0.0,0.0,0.0,0.0,0.708548,0.51202,0.363497,0.337284,0.325247,0.211152,0.0,0.647612,0.071974,0.418361,0.0,0.250166,0.111251,0.0,0.0,0.169239,0.667996,0.0,0.200214,0.589687,0.161729,0.432041,0.098595,0.0,0.0,0.0,0.0,0.394439,0.0,0.127511
342,0.102935,0.33991,0.0,0.0,0.0,0.0,0.0,0.062205,0.311773,0.0,0.145541,0.0,0.352582,0.557917,0.608285,0.151496,0.0,0.0,0.0,0.0,0.325394,0.0,0.023893,0.222632,0.021344,0.395908,0.180861,0.270129,0.0,0.0,0.079276,0.0,0.0,0.186769,0.670181,0.05472,0.330622,0.026387,0.257203,0.593933,0.0,0.471952,0.0,0.123324,0.0,0.097047,0.182373,0.0,0.0,0.325859,0.721883,0.0,0.0,0.642081,0.529563,0.721608,0.317671,0.0,0.0,0.0,0.0,0.295206,0.0,0.214638
343,0.0,0.307573,0.0,0.170949,0.0,0.140627,0.0,0.079191,0.293201,0.0,0.0,0.0,0.190534,0.290989,0.844036,0.323905,0.0,0.076558,0.0,0.0,0.385007,0.0,0.0,0.11769,0.05818,0.535998,0.27435,0.0,0.0,0.0,0.224422,0.0,0.0,0.405684,0.860086,0.084857,0.201288,0.101825,0.239044,0.650242,0.0,0.426064,0.008395,0.194139,0.229846,0.009581,0.194129,0.0,0.0,0.005256,0.77646,0.0,0.229225,0.747508,0.370916,0.634917,0.345315,0.0,0.0,0.0,0.0,0.625209,0.0,0.551731
344,0.0,0.095857,0.0,0.0,0.0,0.370337,0.0,0.297683,0.46592,0.0,0.253713,0.0,0.277382,0.570749,0.664079,0.072708,0.0,0.0,0.0,0.0,0.622671,0.0,0.0,0.087412,0.0,1.009264,0.340842,0.008479,0.0,0.0,0.048872,0.0,0.0,0.604143,1.096222,0.106686,0.069241,0.192893,0.114529,0.728131,0.0,0.420583,0.120569,0.0,0.0,0.294397,0.454659,0.0,0.0,0.0,0.262319,0.0,0.504868,0.469098,0.505973,0.389303,0.291003,0.0,0.0,0.0,0.0,0.376909,0.0,0.541724
345,0.0,0.0,0.0,0.0,0.0,0.410499,0.0,0.395652,0.450735,0.0,0.564873,0.0,0.560099,0.710715,0.565277,0.075874,0.0,0.0,0.0,0.0,0.662145,0.0,0.0,0.299915,0.0,1.367807,0.040102,0.0,0.0,0.0,0.008906,0.0,0.0,0.679811,1.045524,0.004696,0.0,0.118198,0.0,0.632793,0.0,0.196942,0.275216,0.0,0.0,0.474597,0.491134,0.0,0.0,0.0,0.0,0.0,0.333899,0.509698,0.720165,0.398111,0.412247,0.0,0.0,0.0,0.0,0.187771,0.0,0.533034
346,0.0,0.0,0.0,0.0,0.0,0.397291,0.0,0.437368,0.53767,0.0,0.700282,0.0,0.600326,0.803869,0.531108,0.224244,0.0,0.0,0.0,0.0,0.639597,0.0,0.0,0.181106,0.0,1.734765,0.0,0.0,0.311233,0.0,0.023048,0.0,0.0,0.980688,1.029808,0.0,0.0,0.0,0.0,0.539884,0.0,0.195002,0.122544,0.0,0.0,0.634092,0.492114,0.0,0.0,0.0,0.0,0.0,0.109285,0.459476,0.903435,0.542886,0.487931,0.0,0.0,0.0,0.28511,0.02459,0.002423,0.74675
347,0.0,0.0,0.0,0.0,0.0,0.65917,0.0,0.757535,0.446834,0.0,0.522833,0.0,0.610959,0.687856,0.505047,0.130913,0.0,0.0,0.0,0.0,0.928799,0.0,0.0,0.405881,0.0,2.259804,0.126513,0.0,0.48632,0.0,0.298401,0.0,0.0,0.962599,1.141464,0.0,0.0,0.0,0.0,0.80971,0.0,0.354513,0.466737,0.0,0.0,0.475877,0.695141,0.0,0.0,0.0,0.0,0.0,0.04752,0.335759,1.113028,0.0,0.532733,0.0,0.0,0.0,0.685515,0.266455,0.122256,0.973914
348,0.0,0.0,0.0,0.0,0.0,0.524379,0.0,0.947536,0.588957,0.048325,0.191965,0.0,0.76587,0.691737,0.335194,0.0,0.0,0.0,0.0,0.0,1.048738,0.0,0.0,0.36767,0.0,2.307812,0.088121,0.0,0.236344,0.0,0.13155,0.0,0.0,0.782877,1.235563,0.0,0.0,0.0,0.0,0.70106,0.0,0.591843,0.550556,0.0,0.0,0.39792,0.714705,0.0,0.0,0.0,0.0,0.0,0.27425,0.254609,1.047696,0.022913,0.885313,0.0,0.0,0.0,0.608061,0.168128,0.112115,1.092317
349,0.0,0.0,0.0,0.0,0.0,0.782123,0.0,0.980277,0.541888,0.011641,0.265632,0.0,0.560543,0.619115,0.355008,0.0,0.0,0.0,0.0,0.0,1.012538,0.0,0.0,0.469902,0.0,2.416732,0.0,0.0,0.287167,0.0,0.241417,0.0,0.0,0.877708,1.260748,0.0,0.0,0.0,0.0,0.81267,0.0,0.618386,0.588975,0.0,0.0,0.430869,0.75015,0.0,0.0,0.0,0.0,0.0,0.20577,0.331113,1.11276,0.0,0.70297,0.0,0.0,0.0,0.583099,0.185956,0.000587,1.303428
350,0.0,0.0,0.0,0.0,0.0,0.888096,0.0,0.7507,0.409865,0.0,0.449335,0.0,0.266989,0.464481,0.503465,0.0,0.158687,0.103846,0.0,0.0,0.752406,0.0,0.0,0.454956,0.059076,2.1369,0.0,0.0,0.460628,0.0,0.29604,0.0,0.0,1.079855,1.172576,0.0,0.0,0.0,0.0,0.941983,0.0,0.603105,0.618035,0.0,0.23833,0.664138,0.578799,0.0,0.0,0.0,0.0,0.0,0.266819,0.237305,1.097377,0.051362,0.305407,0.0,0.0,0.0,0.574481,0.467867,0.0,1.550955
351,0.0,0.049791,0.0,0.0,0.0,0.74456,0.0,0.678393,0.321559,0.0,0.334895,0.0,0.184194,0.347346,0.494579,0.0,0.217496,0.235449,0.0,0.041687,0.794474,0.0,0.0,0.703446,0.202863,2.069826,0.0,0.0,0.765741,0.0,0.394595,0.0,0.0,1.125944,1.128316,0.0,0.0,0.0,0.0,0.928109,0.0,0.877254,0.568813,0.0,0.27111,0.85638,0.633546,0.0,0.0,0.0,0.365403,0.0,0.091652,0.451537,1.268576,0.015186,0.41487,0.0,0.0,0.0,0.708544,0.481936,0.0,1.657602
352,0.178394,0.0,0.0,0.142058,0.0,0.80594,0.0,0.794569,0.108332,0.0,0.0,0.0,0.208961,0.522678,0.397716,0.0,0.549746,0.19796,0.0,0.0,0.914097,0.0,0.0,1.143414,0.274787,2.242847,0.0,0.0,1.001964,0.0,0.363286,0.0,0.021028,0.731089,0.866984,0.0,0.0,0.0,0.0,0.818364,0.0,1.291119,0.967085,0.0,0.445524,0.913204,0.776469,0.0,0.0,0.0,0.402074,0.0,0.091485,0.183528,1.502448,0.0,0.579809,0.0,0.0,0.0,1.081232,0.531249,0.0,1.704719
353,0.331399,0.139902,0.0,0.250753,0.0,1.077747,0.0,0.856249,0.314973,0.0,0.0,0.0,0.0,0.552418,0.062486,0.0,0.608121,0.380398,0.0,0.0,0.759077,0.0,0.0,1.152251,0.012265,2.225654,0.097862,0.0,1.252675,0.0,0.383708,0.0,0.0,0.855024,0.363218,0.0,0.0,0.0,0.0,0.513807,0.0,1.301931,0.905247,0.054184,0.194413,1.337878,0.969946,0.0,0.0,0.012422,0.319661,0.0,0.0,0.0,1.474094,0.0,0.494123,0.0,0.0,0.0,1.428088,0.680412,0.282765,1.180595
354,0.390282,0.175018,0.0,0.34979,0.0,0.941025,0.0,1.008991,0.591125,0.010825,0.0,0.0,0.0,0.834955,0.0,0.0,0.673262,0.062595,0.0,0.0,0.731549,0.0,0.0,1.418303,0.176929,2.471455,0.098158,0.0,1.298862,0.0,0.225255,0.0,0.0,0.561354,0.345899,0.0,0.0,0.0,0.0,0.356041,0.0,1.501268,0.844545,0.0,0.004388,1.261274,1.147288,0.0,0.0,0.083771,0.037523,0.0,0.0,0.0,1.757285,0.0,0.697742,0.0,0.0,0.0,1.147643,0.117839,0.304734,0.769205
355,0.533709,0.043975,0.0,0.455257,0.0,0.684364,0.0,0.861964,0.553667,0.075365,0.0,0.0,0.0,1.010312,0.0,0.0,0.677153,0.0,0.0,0.0,0.734457,0.0,0.0,1.552597,0.165944,2.745076,0.080149,0.0,1.501356,0.0,0.351553,0.0,0.0,0.543776,0.204956,0.0,0.0,0.0,0.0,0.171299,0.0,1.293789,0.974048,0.048164,0.0,1.184334,0.995176,0.0,0.0,0.000347,0.0,0.0,0.0,0.117375,1.975068,0.0,0.653766,0.0,0.0,0.0,1.412118,0.0,0.510572,0.65983
356,0.680316,0.085312,0.0,0.674241,0.0,0.526276,0.0,0.826799,0.364712,0.227539,0.0,0.0,0.0,0.913967,0.0,0.01637,0.555517,0.082873,0.0,0.0,0.4204,0.0,0.0,1.447983,0.0,2.486591,0.428482,0.0,1.636058,0.0,0.245157,0.0,0.0,0.419263,0.0,0.0,0.0,0.0,0.0,0.167974,0.0,1.228401,0.952306,0.064121,0.094744,1.180058,0.897811,0.0,0.0,0.0,0.015846,0.0,0.0,0.0,1.856552,0.0,0.568714,0.0,0.0,0.0,1.868283,0.0,0.705801,0.660973
357,0.40917,0.0,0.0,0.482561,0.0,0.439261,0.0,0.731888,0.193648,0.15939,0.0,0.0,0.0,0.701888,0.0,0.082167,0.582572,0.189169,0.0,0.0,0.300644,0.0,0.0,1.425639,0.0,2.09169,0.681769,0.0,1.435068,0.0,0.175624,0.0,0.0,0.410107,0.0,0.0,0.0,0.0,0.0,0.292061,0.0,0.864102,1.007176,0.086841,0.432019,1.131754,0.76204,0.0,0.0,0.0,0.151086,0.0,0.0,0.0,1.719601,0.0,0.341649,0.0,0.0,0.0,1.649021,0.0,0.619394,0.728141
358,0.329541,0.0,0.0,0.374299,0.0,0.088851,0.0,0.656371,0.0,0.160718,0.0,0.0,0.183285,0.683402,0.0,0.287417,0.376621,0.157394,0.0,0.0,0.303657,0.0,0.0,1.408024,0.0,2.064808,0.611915,0.0,1.335371,0.0,0.260239,0.0,0.0,0.156224,0.0,0.0,0.0,0.0,0.0,0.518192,0.0,0.830109,0.666719,0.05687,0.472999,0.618211,0.592431,0.0,0.0,0.0,0.172854,0.0,0.0,0.128729,1.729637,0.0,0.242463,0.0,0.0,0.0,1.454591,0.0,0.555134,0.771354
359,0.352898,0.0,0.0,0.091613,0.0,0.074027,0.051345,0.413742,0.071453,0.100531,0.307248,0.0,0.10789,0.649578,0.016105,0.44948,0.336484,0.105754,0.0,0.0,0.243274,0.0,0.0,0.963547,0.0,1.67349,0.459509,0.0,0.946385,0.0,0.412179,0.0,0.0,0.052723,0.0,0.003971,0.0,0.0,0.0,0.712295,0.0,0.421587,0.418614,0.226807,0.405151,0.329164,0.309208,0.0,0.0,0.0,0.310803,0.0,0.0,0.467326,1.353883,0.0,0.0,0.0,0.0,0.0,1.05039,0.0,0.635728,0.641719
360,0.326414,0.0,0.0,0.281137,0.0,0.332693,0.382243,0.489588,0.045288,0.06837,0.250318,0.0,0.184678,0.695038,0.005379,0.239432,0.14576,0.224688,0.0,0.0,0.335357,0.0,0.0,0.475531,0.148014,1.386386,0.525949,0.0,0.79049,0.0,0.127873,0.0,0.0,0.124374,0.037392,0.29185,0.0,0.220658,0.0,0.60556,0.0,0.15129,0.372848,0.282505,0.317485,0.203366,0.323949,0.0,0.0,0.0,0.23924,0.0,0.0,0.438016,0.694423,0.065978,0.0,0.0,0.0,0.0,0.974912,0.0,0.527309,0.731332
361,0.341218,0.0,0.0,0.175544,0.0,0.31011,0.441095,0.051747,0.272083,0.067195,0.483915,0.17937,0.085014,0.976658,0.159561,0.148393,0.0,0.024082,0.0,0.0,0.214703,0.0,0.003468,0.0,0.188143,0.830589,0.160466,0.030171,0.391659,0.0,0.0,0.0,0.0,0.134394,0.159998,0.53175,0.185552,0.509425,0.0,0.561647,0.0,0.0,0.161136,0.473778,0.227187,0.051035,0.0,0.0,0.0,0.0,0.421898,0.0,0.0,0.642755,0.379373,0.685463,0.0,0.0,0.0,0.0,0.622931,0.046528,0.518487,0.678729
362,0.213387,0.0,0.0,0.032524,0.0,0.380911,0.301211,0.0,0.497348,0.0,0.468851,0.229786,0.135301,1.098891,0.521622,0.121895,0.0,0.0,0.0,0.0,0.0,0.0,0.192263,0.0,0.0,0.284222,0.0,0.347206,0.093986,0.0,0.0,0.0,0.0,0.0,0.14357,0.634909,0.481075,0.809545,0.086398,0.441394,0.0,0.0,0.0,0.633627,0.073432,0.0,0.0,0.0,0.0,0.0,0.552392,0.0,0.0,0.73802,0.062056,0.845459,0.0,0.040915,0.0,0.0,0.216,0.253705,0.440389,0.364467
363,0.038967,0.226151,0.0,0.20696,0.0,0.340668,0.330164,0.0,0.577117,0.0,0.418063,0.291095,0.171926,1.094662,0.782756,0.115132,0.0,0.0,0.0,0.0,0.0,0.0,0.317541,0.0,0.170566,0.0,0.0,0.519689,0.057201,0.0,0.0,0.0,0.0,0.0,0.26062,0.669814,0.714888,0.962035,0.146995,0.276519,0.0,0.0,0.0,0.797952,0.024301,0.026859,0.0,0.0,0.0,0.0,0.86789,0.0,0.0,0.83845,0.0,1.064334,0.0,0.138868,0.0,0.0,0.004903,0.399605,0.407899,0.281241
364,0.046588,0.400451,0.0,0.299364,0.0,0.410276,0.10361,0.0,0.565944,0.0,0.283674,0.057211,0.155885,0.90272,0.811428,0.0,0.0,0.147134,0.0,0.0,0.241955,0.0,0.177091,0.0,0.15886,0.0,0.219905,0.690896,0.0,0.0,0.0,0.0,0.0,0.0,0.275819,0.524524,0.729965,1.074824,0.429765,0.427568,0.0,0.142958,0.0,0.604768,0.070232,0.0,0.0,0.0,0.0,0.0,1.069405,0.0,0.0,1.015528,0.0,0.847733,0.043018,0.166564,0.0,0.0,0.0,0.625708,0.342071,0.237814
365,0.0,0.671809,0.0,0.25357,0.0,0.14749,0.157403,0.0,0.48633,0.0,0.078771,0.0,0.365959,0.943015,0.613859,0.0,0.0,0.0,0.0,0.067508,0.457151,0.0,0.043517,0.0,0.460158,0.0,0.183693,0.583942,0.007054,0.0,0.0,0.0,0.0,0.0,0.416221,0.199507,0.831045,0.951327,0.525108,0.257209,0.0,0.718073,0.0,0.208757,0.0644,0.0,0.0,0.0,0.0,0.014636,1.313322,0.0,0.0,1.109403,0.065206,1.008333,0.440673,0.0,0.0,0.0,0.0,0.468499,0.12066,0.134516
366,0.0,0.592255,0.0,0.355713,0.0,0.444111,0.068656,0.0,0.305374,0.0,0.387259,0.054245,0.221787,0.790297,0.805375,0.0,0.145613,0.120151,0.0,0.161319,0.283882,0.0,0.0,0.0,0.394726,0.0,0.128132,0.616482,0.181807,0.0,0.060214,0.0,0.0,0.186445,0.381453,0.273986,0.681257,0.674807,0.415992,0.286868,0.0,0.771312,0.0,0.458013,0.184615,0.163097,0.065814,0.0,0.0,0.0,1.336838,0.0,0.0,1.120598,0.108104,0.63678,0.203449,0.0,0.0,0.0,0.0,0.666651,0.296314,0.203393
367,0.033292,0.526597,0.0,0.152359,0.0,0.468157,0.032755,0.067309,0.290371,0.0,0.430357,0.069619,0.124209,0.719599,0.713195,0.0,0.33921,0.142952,0.0,0.200469,0.305573,0.0,0.0,0.147249,0.401349,0.203956,0.0,0.524097,0.273822,0.0,0.205884,0.0,0.0,0.402778,0.412296,0.050778,0.512477,0.411818,0.321425,0.298658,0.0,0.956645,0.0,0.331778,0.289736,0.313337,0.07439,0.0,0.0,0.07996,1.288493,0.0,0.0,1.08408,0.281498,0.421941,0.245064,0.0,0.0,0.0,0.0,0.526879,0.171429,0.28876
368,0.478953,0.175387,0.0,0.152297,0.0,0.80872,0.015151,0.193838,0.397594,0.0,0.233778,0.0,0.0,0.990702,0.547945,0.0,0.625491,0.179645,0.0,0.126678,0.751996,0.0,0.0,0.670419,0.340587,1.03588,0.180867,0.361998,0.512388,0.0,0.240473,0.0,0.0,0.411903,0.55457,0.0,0.0,0.19325,0.31673,0.303603,0.0,1.344689,0.200922,0.08825,0.132237,0.74666,0.517395,0.0,0.0,0.154017,0.693757,0.0,0.086207,0.748894,0.752389,0.0,0.379405,0.0,0.0,0.0,0.094152,0.306472,0.0,0.394716
369,0.705792,0.262039,0.0,0.704541,0.0,1.106739,0.0,0.455132,0.145861,0.0,0.0,0.0,0.0,0.823831,0.149665,0.0,0.781752,0.315842,0.0,0.01987,0.965146,0.0,0.0,1.152129,0.215133,1.402496,0.301046,0.147706,0.858491,0.0,0.270745,0.0,0.0,0.279485,0.601426,0.0,0.0,0.0,0.405416,0.23888,0.0,1.847651,0.574786,0.040275,0.212386,1.069652,0.815865,0.0,0.0,0.08396,0.34689,0.0,0.125672,0.273082,0.813172,0.0,0.58978,0.0,0.0,0.0,0.86244,0.693082,0.0,0.748441
370,0.502896,0.0,0.0,0.342828,0.0,1.031475,0.0,0.519849,0.0,0.0,0.018726,0.0,0.0,0.829691,0.27787,0.071243,0.958751,0.295448,0.0,0.0,0.674036,0.0,0.0,1.202999,0.16043,1.736611,0.0,0.0,0.975969,0.0,0.38481,0.0,0.261925,0.648094,0.60938,0.0,0.0,0.0,0.143987,0.362034,0.0,1.38631,1.015301,0.318089,0.352005,0.940892,0.529599,0.0,0.0,0.064236,0.276593,0.0,0.282788,0.072089,1.022525,0.0,0.350451,0.0,0.0,0.0,1.038516,0.436335,0.0,0.993726
371,0.44566,0.0,0.0,0.470249,0.0,1.375633,0.0,0.756351,0.0,0.0,0.072808,0.0,0.0,0.74714,0.0,0.063947,0.822859,0.474942,0.0,0.0,0.66154,0.0,0.0,1.221787,0.0,2.005404,0.096774,0.0,1.134117,0.0,0.333511,0.0,0.212745,0.627884,0.570048,0.0,0.0,0.0,0.115709,0.313046,0.0,1.41092,1.125136,0.326459,0.245811,1.283655,0.668952,0.0,0.0,0.174876,0.0,0.0,0.183125,0.0,0.925636,0.0,0.39241,0.0,0.0,0.0,1.49356,0.657118,0.0,0.976956
372,0.324539,0.0,0.0,0.104851,0.0,1.000823,0.0,0.691291,0.0076,0.0,0.077766,0.0,0.0,0.748573,0.084018,0.091596,0.748107,0.314665,0.0,0.0,0.713846,0.0,0.062535,1.383017,0.049262,2.406232,0.0,0.0,1.192405,0.0,0.430822,0.0,0.23333,0.642289,0.773088,0.0,0.0,0.0,0.0,0.507265,0.0,1.159598,1.083447,0.190792,0.072694,1.005134,0.592782,0.0,0.0,0.0,0.0,0.0,0.0,0.0,1.293802,0.0,0.434283,0.0,0.0,0.0,1.431831,0.221611,0.0,1.164616
373,0.351636,0.0,0.0,0.257929,0.0,1.108938,0.0,0.863378,0.0,0.125312,0.028107,0.0,0.036274,0.692063,0.0,0.025075,0.6636,0.323338,0.0,0.0,0.910052,0.0,0.0,1.426457,0.0,2.417807,0.275144,0.0,1.001453,0.0,0.391241,0.0,0.135031,0.414954,0.767178,0.0,0.0,0.0,0.0,0.560892,0.0,1.05721,1.266976,0.0,0.258252,0.931764,0.684459,0.0,0.0,0.0,0.0,0.0,0.025702,0.0,1.182032,0.0,0.428368,0.0,0.0,0.0,1.535038,0.524743,0.0,1.334392
374,0.0,0.0,0.0,0.0,0.0,0.578715,0.0,0.775871,0.115968,0.058544,0.248872,0.0,0.106444,0.495592,0.137999,0.059791,0.481278,0.123997,0.0,0.0,0.322065,0.0,0.0,0.775514,0.0,2.121129,0.0,0.0,0.448023,0.0,0.396788,0.0,0.0,0.66694,0.615459,0.0,0.0,0.0,0.0,0.73922,0.0,0.373365,1.008649,0.0,0.405394,0.376711,0.134552,0.0,0.0,0.0,0.0,0.0,0.077409,0.0,1.077142,0.0,0.048164,0.0,0.0,0.0,1.176378,0.097046,0.116713,1.290647
375,0.0,0.0,0.0,0.0,0.0,0.521118,0.0,0.645722,0.339221,0.025041,0.549522,0.0,0.120084,0.328828,0.027902,0.204355,0.160352,0.126282,0.0,0.0,0.27517,0.0,0.0,0.490056,0.0,2.103271,0.092783,0.0,0.556549,0.0,0.436603,0.0,0.0,0.800172,0.435722,0.0,0.0,0.0,0.0,0.734636,0.0,0.059425,0.661165,0.0,0.05837,0.445753,0.127659,0.0,0.0,0.0,0.0,0.0,0.0,0.17881,1.014784,0.11819,0.0,0.0,0.0,0.0,1.211372,0.004053,0.48442,1.104941
376,0.011447,0.0,0.0,0.0,0.0,0.329977,0.0,0.68573,0.240699,0.0,0.658187,0.0,0.403467,0.564254,0.282936,0.360299,0.201786,0.0,0.0,0.0,0.39045,0.0,0.0,0.698624,0.0,2.122159,0.105984,0.0,0.535464,0.0,0.512557,0.0,0.0,0.708122,0.36022,0.0,0.0,0.0,0.0,0.800179,0.0,0.027444,0.54515,0.0,0.040351,0.189032,0.303139,0.0,0.0,0.0,0.0,0.0,0.0,0.465898,1.344286,0.203769,0.044438,0.0,0.0,0.0,1.055338,0.0,0.365653,1.139141
377,0.0,0.0,0.0,0.0,0.0,0.40493,0.0,0.634668,0.338812,0.0,0.503688,0.0,0.527046,0.586519,0.247336,0.267531,0.023091,0.0,0.0,0.0,0.686188,0.0,0.0,0.925018,0.0,2.118423,0.410184,0.0,0.607806,0.0,0.319658,0.0,0.0,0.53634,0.481875,0.0,0.0,0.0,0.0,0.615668,0.0,0.363155,0.649186,0.0,0.0,0.465196,0.695619,0.0,0.0,0.0,0.0,0.0,0.0,0.527405,1.379263,0.0,0.325883,0.0,0.0,0.0,0.795427,0.0,0.346082,0.871834
378,0.0,0.0,0.0,0.0,0.0,0.213735,0.0,0.806142,0.31851,0.14356,0.303943,0.0,0.709405,0.716556,0.196841,0.326766,0.045492,0.0,0.0,0.0,0.800363,0.0,0.0,0.964386,0.013907,2.141163,0.470792,0.0,0.698243,0.0,0.319888,0.0,0.0,0.381285,0.440278,0.0,0.0,0.0,0.0,0.42856,0.0,0.718328,0.48896,0.0,0.0,0.328602,0.924435,0.0,0.0,0.0,0.0,0.0,0.0,0.697778,1.593328,0.0,0.654665,0.0,0.0,0.0,0.627791,0.0,0.243151,0.669022
379,0.0,0.0,0.0,0.0,0.0,0.108338,0.0,0.590696,0.354665,0.0,0.259204,0.0,0.584637,0.540011,0.191361,0.302965,0.0,0.0,0.0,0.0,0.711709,0.0,0.0,0.972383,0.164862,1.842796,0.470982,0.0,0.971908,0.0,0.133879,0.049994,0.0,0.453295,0.343968,0.0,0.0,0.0,0.0,0.216616,0.0,0.964499,0.470436,0.0,0.0,0.606972,0.853288,0.0,0.0,0.0,0.086493,0.0,0.0,0.697457,1.556656,0.026263,0.673667,0.0,0.0,0.0,0.682554,0.0,0.231271,0.535533
380,0.0,0.0,0.0,0.056581,0.0,0.049058,0.0,0.476777,0.254883,0.005876,0.271354,0.0,0.454499,0.502033,0.247016,0.406618,0.0,0.0,0.0,0.0,0.506477,0.0,0.0,0.717257,0.055564,1.48268,0.472881,0.0,0.929212,0.0,0.235502,0.0,0.0,0.339598,0.14067,0.0,0.0,0.0,0.0,0.154419,0.0,0.967657,0.258725,0.0,0.0,0.530263,0.782456,0.0,0.0,0.0,0.293691,0.0,0.0,0.626185,1.386012,0.104813,0.514521,0.0,0.0,0.0,0.676383,0.0,0.157529,0.366714
381,0.042507,0.126115,0.0,0.347471,0.0,0.0,0.095182,0.558647,0.094535,0.027972,0.0,0.0,0.575088,0.673658,0.238584,0.338914,0.023258,0.0,0.0,0.0,0.68671,0.0,0.0,0.866633,0.286958,1.668407,0.402064,0.0,1.230681,0.0,0.140669,0.022788,0.0,0.202733,0.26938,0.0,0.0,0.0,0.0,0.0,0.0,1.346427,0.314161,0.0,0.0,0.365829,0.818197,0.0,0.0,0.0,0.427302,0.0,0.0,0.6144,1.317555,0.058729,0.666999,0.0,0.0,0.0,0.86241,0.0,0.086069,0.273655
382,0.175348,0.032766,0.0,0.242197,0.0,0.219347,0.051431,0.219665,0.186046,0.0,0.171237,0.0,0.101358,0.47306,0.252856,0.240787,0.174586,0.020842,0.0,0.0,0.482341,0.0,0.0,0.531695,0.232154,0.891323,0.512913,0.0,0.927611,0.0,0.212289,0.0,0.0,0.216392,0.054007,0.009434,0.0,0.0,0.107366,0.062691,0.0,0.989846,0.294397,0.0,0.149055,0.513303,0.586548,0.0,0.0,0.076608,0.574507,0.0,0.0,0.523125,0.834076,0.037376,0.173744,0.0,0.0,0.0,0.571806,0.0,0.05518,0.186784
383,0.289491,0.143526,0.0,0.394405,0.0,0.417852,0.0,0.189127,0.250262,0.0,0.035344,0.0,0.0,0.389812,0.23193,0.247146,0.181482,0.029226,0.0,0.0,0.45237,0.0,0.0,0.411076,0.135192,0.528934,0.700936,0.077848,0.696435,0.0,0.197976,0.0,0.0,0.014968,0.0,0.108278,0.086435,0.0,0.394248,0.126273,0.0,0.9979,0.086265,0.007149,0.162454,0.403949,0.482252,0.0,0.0,0.164203,0.583194,0.0,0.0,0.446832,0.490645,0.0,0.016293,0.0,0.0,0.0,0.343867,0.03389,0.14989,0.0
384,0.2212,0.34218,0.0,0.42503,0.0,0.170832,0.115939,0.0,0.047162,0.0,0.185633,0.0,0.0,0.340617,0.379215,0.211601,0.19899,0.210061,0.0,0.0,0.239072,0.0,0.0,0.27272,0.338368,0.145615,0.244302,0.244383,0.662577,0.0,0.157773,0.0,0.0,0.0,0.0,0.377619,0.163229,0.235385,0.423388,0.197633,0.0,0.630402,0.019972,0.38788,0.31865,0.119661,0.117832,0.0,0.0,0.176064,1.093913,0.047508,0.0,0.571177,0.211604,0.416119,0.0,0.0,0.0,0.034578,0.390149,0.459173,0.147766,0.133925
385,0.016346,0.48017,0.0,0.173331,0.0,0.308039,0.269332,0.0,0.209658,0.0,0.257506,0.0,0.0,0.468518,0.528575,0.11717,0.063237,0.281971,0.0,0.0,0.067994,0.0,0.000208,0.039588,0.396984,0.009815,0.168751,0.511532,0.329105,0.0,0.095999,0.0,0.0,0.001349,0.015506,0.514784,0.417963,0.381292,0.40957,0.093168,0.0,0.324452,0.0,0.577514,0.196612,0.0,0.005785,0.0,0.0,0.059564,1.062448,0.087415,0.0,0.687525,0.0,0.560888,0.0,0.013727,0.0,0.0,0.0,0.428768,0.141344,0.157382
386,0.037323,0.370733,0.0,0.00969,0.0,0.259283,0.298174,0.0,0.227187,0.0,0.202042,0.0,0.218667,0.716798,0.502652,0.287664,0.0,0.081437,0.0,0.0,0.215919,0.0,0.112134,0.251361,0.421448,0.08243,0.152186,0.39259,0.281844,0.0,0.0,0.0,0.0,0.0,0.193406,0.587788,0.44653,0.415436,0.489555,0.0,0.0,0.318876,0.062087,0.561285,0.061048,0.0,0.0,0.0,0.0,0.10091,0.995448,0.0,0.0,0.765565,0.0,0.641752,0.0,0.0,0.0,0.0,0.0,0.297112,0.0,0.07146
387,0.16845,0.237277,0.0,0.135876,0.0,0.419041,0.434851,0.0,0.365793,0.0,0.332911,0.096134,0.148151,1.008533,0.520133,0.5034,0.0,0.12395,0.0,0.0,0.089882,0.0,0.222534,0.167186,0.279157,0.111944,0.10055,0.509197,0.371848,0.0,0.0,0.0,0.0,0.056862,0.153989,0.85132,0.332359,0.303971,0.439731,0.0,0.0,0.096313,0.023138,0.827843,0.068553,0.0,0.0,0.0,0.0,0.020567,0.801311,0.0,0.0,0.678143,0.052559,0.726102,0.0,0.0,0.0,0.0,0.022604,0.335095,0.0,0.266115
388,0.335733,0.004865,0.0,0.050405,0.0,0.589108,0.199868,0.0,0.45536,0.0,0.381701,0.0,0.208344,0.878197,0.634655,0.817278,0.110434,0.0,0.0,0.0,0.205729,0.0,0.137903,0.375422,0.0,0.047826,0.493727,0.394027,0.247259,0.0,0.0,0.0,0.0,0.056155,0.244052,0.866101,0.150206,0.324083,0.502051,0.235553,0.0,0.0,0.0,0.68748,0.014323,0.073831,0.030634,0.0,0.0,0.0,0.38928,0.0,0.0,0.430336,0.179927,0.33479,0.0,0.0,0.0,0.0,0.0,0.165631,0.028477,0.080771
389,0.363942,0.0,0.0,0.042322,0.0,0.707072,0.35909,0.0,0.544906,0.0,0.379633,0.071766,0.28678,1.025009,0.549145,0.872156,0.115201,0.0,0.114417,0.0,0.266376,0.0,0.203103,0.472328,0.0,0.13157,0.441834,0.44907,0.366884,0.0,0.0,0.0,0.0,0.129186,0.172755,0.848597,0.01179,0.375782,0.329468,0.137301,0.0,0.0,0.027646,0.611592,0.0,0.288748,0.166162,0.0,0.0,0.0,0.060574,0.0,0.0,0.26598,0.278386,0.191335,0.0,0.0,0.0,0.0,0.0,0.0,0.135931,0.0
390,0.317125,0.158816,0.0,0.521475,0.0,0.545642,0.576597,0.0,0.389229,0.0,0.360856,0.217642,0.196283,0.913146,0.160878,0.915858,0.0,0.156277,0.197087,0.0,0.087275,0.0,0.290997,0.328,0.138562,0.252483,0.26067,0.2946,0.758173,0.0,0.0,0.0,0.0,0.061715,0.087002,0.787152,0.084289,0.236813,0.0,0.0,0.0,0.053655,0.123659,0.741667,0.0,0.481367,0.14567,0.0,0.0,0.0,0.081028,0.0,0.0,0.005758,0.130975,0.274997,0.0,0.003391,0.0,0.0,0.54926,0.071383,0.393848,0.011157
391,0.545423,0.0,0.0,0.215918,0.0,0.347205,0.488728,0.0,0.35549,0.0,0.445263,0.240822,0.474181,1.034475,0.191346,0.695024,0.057227,0.058654,0.0,0.0,0.056668,0.0,0.248244,0.295347,0.010164,0.457898,0.177685,0.047079,0.562509,0.177211,0.0,0.0,0.0,0.204265,0.142457,0.583249,0.128974,0.018424,0.0,0.230762,0.0,0.0,0.211004,0.75957,0.0,0.322424,0.0,0.0,0.0,0.0,0.090308,0.0,0.0,0.163798,0.370221,0.350693,0.0,0.0,0.0,0.0,0.56721,0.0,0.300136,0.153907
392,0.505214,0.0,0.0,0.262368,0.0,0.562241,0.250837,0.0,0.408498,0.0,0.46811,0.238591,0.111865,0.793699,0.245378,0.649271,0.001183,0.015413,0.0,0.0,0.0,0.0,0.267474,0.248337,0.0,0.336873,0.206706,0.192508,0.456725,0.024759,0.0,0.0,0.0,0.169129,0.187458,0.654751,0.083535,0.114582,0.0,0.441106,0.0,0.0,0.0,0.693238,0.0,0.443414,0.065197,0.0,0.0,0.0,0.0,0.0,0.0,0.102574,0.267739,0.195678,0.0,0.014121,0.0,0.0,0.540792,0.220032,0.433174,0.128138
393,0.331368,0.0,0.0,0.0,0.0,0.465015,0.050169,0.0,0.437813,0.0,0.365209,0.123548,0.075935,0.621071,0.235998,0.336973,0.075193,0.05903,0.0,0.0,0.015765,0.0,0.25299,0.278699,0.0,0.505129,0.273294,0.301485,0.006823,0.0,0.013691,0.0,0.0,0.010161,0.246268,0.543544,0.132559,0.34515,0.0,0.498857,0.0,0.0,0.078247,0.494505,0.063315,0.16965,0.104517,0.0,0.0,0.0,0.0,0.0,0.0,0.246732,0.298963,0.0,0.0,0.0,0.0,0.090263,0.317817,0.0,0.252323,0.082777
394,0.250561,0.0,0.0,0.0,0.0,0.489621,0.0,0.0,0.364483,0.0,0.361945,0.125272,0.0,0.746413,0.260503,0.098456,0.0,0.03543,0.0,0.0,0.059568,0.0,0.193609,0.13507,0.0,0.631152,0.147056,0.34184,0.0,0.0,0.102405,0.0,0.0,0.0,0.404196,0.433188,0.130177,0.48367,0.0,0.573861,0.0,0.0,0.05412,0.463992,0.074064,0.106532,0.121023,0.0,0.0,0.0,0.0,0.0,0.0,0.430349,0.230967,0.108788,0.0,0.0,0.0,0.050073,0.282574,0.037097,0.11009,0.266661
395,0.146771,0.007187,0.0,0.0,0.0,0.364597,0.0,0.0,0.138421,0.0,0.20097,0.113853,0.11508,0.742244,0.46244,0.029716,0.0,0.29659,0.0,0.0,0.0,0.0,0.187337,0.0,0.072329,0.528176,0.0,0.113026,0.0,0.0,0.344124,0.0,0.0,0.0,0.400504,0.305117,0.159748,0.46534,0.0,0.746395,0.0,0.0,0.043465,0.552814,0.137018,0.042046,0.0,0.0,0.0,0.0,0.553966,0.0,0.0,0.735597,0.105347,0.527766,0.0,0.142598,0.0,0.07931,0.267752,0.435622,0.26532,0.441691
396,0.0,0.088465,0.0,0.0,0.0,0.337216,0.0,0.0,0.128236,0.0,0.144775,0.118913,0.118385,0.672531,0.647678,0.0,0.0,0.193077,0.0,0.0,0.0,0.0,0.152224,0.0,0.103169,0.439366,0.0,0.054002,0.0,0.0,0.279774,0.0,0.0,0.02008,0.419303,0.176555,0.423453,0.640946,0.043222,0.93025,0.0,0.0,0.038495,0.473449,0.284434,0.0,0.0,0.0,0.0,0.0,0.577618,0.0,0.0,0.874189,0.017187,0.618413,0.0,0.087513,0.0,0.0,0.199349,0.462047,0.207756,0.523803
397,0.0,0.202036,0.0,0.0,0.0,0.116824,0.0,0.113009,0.07109,0.0,0.08634,0.039808,0.139184,0.533889,0.644253,0.0,0.0,0.145122,0.0,0.0,0.0,0.0,0.342415,0.0,0.183901,0.409445,0.0,0.0,0.0,0.0,0.127283,0.0,0.0,0.038049,0.420319,0.0,0.545553,0.828167,0.091361,1.024862,0.0,0.0,0.0,0.443009,0.349749,0.0,0.0,0.0,0.0,0.0,0.651308,0.0,0.0,0.778378,0.0,0.731448,0.119688,0.0,0.0,0.0,0.233062,0.441227,0.265583,0.625635
398,0.173492,0.254103,0.0,0.167786,0.0,0.416717,0.023451,0.0,0.290251,0.041375,0.128973,0.093215,0.0,0.684164,0.455349,0.0,0.0,0.134312,0.0,0.011855,0.062705,0.0,0.282701,0.0,0.140393,0.437229,0.0,0.244755,0.0,0.0,0.137261,0.0,0.0,0.04367,0.604867,0.35268,0.531554,0.535017,0.0,0.749469,0.0,0.0,0.0,0.594742,0.178413,0.047656,0.0,0.0,0.0,0.0,0.614167,0.0,0.0,0.744576,0.061652,0.582808,0.0,0.0,0.0,0.160656,0.371067,0.474951,0.040182,0.543766
399,0.0,0.398467,0.0,0.041929,0.0,0.305449,0.0,0.0,0.28418,0.010083,0.03143,0.025237,0.008041,0.539011,0.541368,0.0,0.0,0.137052,0.0,0.0,0.066347,0.0,0.386049,0.0,0.132857,0.387333,0.002377,0.373519,0.0,0.0,0.070443,0.0,0.0,0.0,0.62852,0.204928,0.598642,0.572096,0.06333,0.491165,0.0,0.155812,0.0,0.547691,0.0,0.080571,0.0,0.0,0.0,0.0,0.670468,0.0,0.0,0.61915,0.0,0.53619,0.0,0.0,0.0,0.0,0.168776,0.321222,0.0,0.424777
400,0.115062,0.190615,0.0,0.228876,0.0,0.646891,0.0,0.0,0.281902,0.0,0.096838,0.042933,0.0,0.647133,0.498601,0.0,0.0,0.175378,0.0,0.0,0.32206,0.0,0.351578,0.0,0.072867,0.47643,0.181016,0.532142,0.0,0.0,0.088835,0.0,0.0,0.0,0.679694,0.288478,0.385513,0.642615,0.219863,0.608216,0.0,0.421681,0.0,0.452882,0.025705,0.235253,0.078506,0.0,0.0,0.062785,0.52402,0.048644,0.04584,0.683466,0.119712,0.116129,0.0,0.0,0.0,0.0,0.041807,0.451668,0.0,0.449218
401,0.055041,0.214132,0.0,0.261952,0.0,0.693236,0.0,0.0,0.04687,0.0,0.279878,0.0,0.0,0.726227,0.914516,0.0,0.0,0.424998,0.0,0.0,0.073898,0.0,0.259453,0.0,0.180336,0.320482,0.0,0.505453,0.0,0.0,0.24433,0.0,0.0,0.174002,0.544456,0.323671,0.21717,0.72733,0.253046,0.658316,0.0,0.161256,0.0,0.532833,0.308989,0.013013,0.0,0.0,0.0,0.0,0.8754,0.076421,0.098313,0.878425,0.059143,0.272146,0.0,0.030227,0.0,0.0,0.0,0.75111,0.0,0.571592
402,0.0,0.678674,0.0,0.229119,0.0,0.159672,0.0,0.011106,0.008822,0.0,0.0087,0.0,0.0,0.43614,0.882606,0.0,0.0,0.272908,0.0,0.0,0.390215,0.0,0.050438,0.0,0.262971,0.302981,0.130646,0.53291,0.0,0.0,0.202811,0.0,0.0,0.0,0.622829,0.303541,0.486293,0.879185,0.453477,0.623482,0.0,0.506018,0.0,0.504701,0.190694,0.0,0.0,0.0,0.0,0.0,1.354627,0.035581,0.0,1.111455,0.092923,0.565646,0.000299,0.0,0.0,0.0,0.0,0.742029,0.0,0.495537
403,0.0,0.831367,0.0,0.163308,0.0,0.264524,0.029323,0.0,0.153439,0.0,0.0,0.0,0.0,0.609291,1.008056,0.0,0.0,0.247364,0.0,0.0,0.558755,0.0,0.031093,0.0,0.388741,0.351814,0.368201,0.748015,0.0,0.0,0.19293,0.0,0.0,0.0,0.72771,0.398065,0.588194,0.951313,0.689557,0.619769,0.0,0.59228,0.0,0.504327,0.130387,0.0,0.0,0.0,0.0,0.0,1.565766,0.193745,0.0,1.456939,0.128806,0.688122,0.063743,0.0,0.0,0.0,0.0,0.674563,0.0,0.484799
404,0.0,1.06105,0.0,0.04682,0.0,0.082696,0.080216,0.0,0.266028,0.0,0.007645,0.0,0.0,0.852558,1.144383,0.0,0.0,0.038032,0.0,0.0,0.371885,0.0,0.015234,0.0,0.457409,0.235408,0.371646,0.87863,0.0,0.0,0.0,0.0,0.0,0.0,0.611254,0.435375,0.876282,0.931178,0.683044,0.481413,0.0,0.785265,0.0,0.467888,0.208914,0.0,0.0,0.0,0.0,0.0,1.786306,0.009153,0.0,1.711864,0.184923,1.063746,0.192729,0.0,0.0,0.0,0.0,0.587209,0.0,0.335779
405,0.0,1.249313,0.0,0.200572,0.0,0.0,0.045988,0.0,0.160409,0.020545,0.0,0.0,0.125207,0.839239,0.982423,0.0,0.0,0.0,0.0,0.0,0.451907,0.0,0.0,0.0,0.732464,0.154958,0.410221,0.636004,0.0,0.0,0.0,0.0,0.0,0.0,0.630721,0.217123,1.175475,0.97823,0.809616,0.30298,0.0,1.22915,0.0,0.300066,0.2014,0.0,0.0,0.0,0.0,0.0,1.932354,0.0,0.0,1.896103,0.221524,1.289119,0.404803,0.0,0.0,0.0,0.0,0.410359,0.0,0.308274
406,0.0,1.320771,0.0,0.668136,0.0,0.142132,0.0,0.040344,0.026846,0.0,0.0,0.0,0.0,0.600459,1.016113,0.0,0.029735,0.0,0.0,0.303485,0.468887,0.0,0.0,0.224298,0.95459,0.0,0.242001,0.697382,0.120575,0.0,0.0,0.0,0.0,0.0,0.524372,0.180168,1.015145,0.932666,0.87912,0.412497,0.0,1.164041,0.0,0.363564,0.554858,0.0,0.0,0.0,0.0,0.138377,2.190978,0.007333,0.0,2.098523,0.153791,1.033017,0.507554,0.0,0.0,0.0,0.0,0.850021,0.175812,0.365479
407,0.0,1.431638,0.0,0.886089,0.0,0.612786,0.0,0.417445,0.0,0.0,0.0,0.0,0.0,0.472426,0.897303,0.0,0.685649,0.260215,0.0,0.589389,0.725756,0.0,0.0,0.518688,0.995715,0.006767,0.437058,0.796978,0.290015,0.0,0.213793,0.0,0.0,0.0,0.515201,0.233278,0.946473,0.899142,1.134428,0.373938,0.0,1.430755,0.0,0.449774,0.616829,0.252639,0.172422,0.0,0.0,0.13326,2.11798,0.191593,0.0,1.885303,0.0,0.395836,0.387022,0.0,0.0,0.0,0.0,1.063046,0.47176,0.413085
408,0.503262,1.211748,0.0,1.100681,0.0,0.910824,0.0,0.164286,0.0,0.0,0.011296,0.077435,0.0,0.366844,0.595978,0.0,0.865959,0.592589,0.0,0.687773,0.61247,0.0,0.0,0.652689,0.856348,0.005293,0.524983,0.902491,0.696651,0.0,0.376048,0.0,0.0,0.186572,0.0,0.177591,0.438939,0.701472,1.011205,0.322721,0.0,1.460585,0.0,0.542635,1.009718,0.63939,0.242383,0.0,0.0,0.170552,1.88536,0.351671,0.0,1.483063,0.198697,0.0,0.335914,0.0,0.0,0.0,0.08726,1.158081,0.565592,0.422357
409,0.72174,1.013909,0.0,1.109437,0.0,0.725745,0.0,0.289602,0.0,0.057437,0.0,0.0,0.0,0.518839,0.332204,0.0,0.665063,0.384207,0.0,0.46222,0.637819,0.0,0.0,0.952412,0.707772,0.342829,0.505909,0.491275,0.802415,0.0,0.066426,0.0,0.0,0.0,0.161905,0.0,0.259019,0.440041,1.037622,0.141457,0.0,1.821647,0.0,0.270878,0.799201,0.785679,0.428349,0.0,0.0,0.219411,1.492857,0.144528,0.0,1.132527,0.248044,0.0,0.594009,0.0,0.0,0.0,0.23605,0.763619,0.339864,0.302114
410,0.86492,0.670153,0.0,1.346786,0.0,0.627183,0.0,0.086821,0.0,0.0,0.0,0.0,0.0,0.34693,0.086903,0.0,0.682558,0.434229,0.0,0.160732,0.401345,0.0,0.0,1.12216,0.499595,0.279958,0.376982,0.401104,1.184303,0.0,0.091006,0.0,0.0,0.0,0.0,0.0,0.0,0.144478,0.808838,0.161153,0.0,1.437444,0.0,0.443592,0.755262,0.788009,0.388879,0.0,0.0,0.221461,1.34807,0.023134,0.0,0.638712,0.41192,0.0,0.410118,0.0,0.0,0.0,0.736762,0.836048,0.159014,0.250305
411,0.8094,0.242511,0.0,0.683654,0.0,0.517244,0.161384,0.0,0.217994,0.0,0.0,0.0,0.0,0.531658,0.134271,0.215094,0.666242,0.239121,0.0,0.0,0.486893,0.0,0.0,1.047063,0.307863,0.63419,0.570672,0.306627,0.848117,0.0,0.232665,0.0,0.151002,0.0,0.041503,0.265451,0.0,0.198939,0.574571,0.146397,0.0,0.95263,0.325133,0.503467,0.304656,0.607513,0.252967,0.0,0.0,0.250306,0.663879,0.0,0.0,0.596814,0.541441,0.0,0.001302,0.0,0.0,0.0,0.446558,0.057855,0.0,0.096185
412,0.550507,0.0,0.0,0.284006,0.0,0.471303,0.40034,0.0,0.35661,0.0,0.262431,0.14527,0.0,0.674738,0.295389,0.479802,0.482043,0.153229,0.0,0.0,0.281867,0.0,0.0,0.86457,0.217059,0.5183,0.385676,0.360142,0.592079,0.0,0.034672,0.0,0.149234,0.104981,0.058389,0.750024,0.191855,0.119238,0.419953,0.013192,0.0,0.442896,0.241202,0.78728,0.221159,0.381154,0.054728,0.0,0.0,0.147689,0.484447,0.0,0.0,0.778168,0.563072,0.170486,0.0,0.0,0.0,0.0,0.230154,0.0,0.124159,0.177134
413,0.644294,0.11296,0.0,0.358611,0.0,0.453184,0.351011,0.0,0.414855,0.0,0.067991,0.0,0.0,0.632137,0.353517,0.597155,0.39878,0.175981,0.0,0.0,0.134978,0.0,0.0,0.958663,0.252459,0.16052,0.517853,0.454688,0.520971,0.0,0.091427,0.0,0.055034,0.0,0.0,0.935423,0.277218,0.272568,0.620805,0.07062,0.0,0.092372,0.186549,0.808466,0.161518,0.308301,0.055845,0.0,0.0,0.270941,0.503726,0.117128,0.0,0.502959,0.146325,0.29603,0.0,0.0,0.0,0.0,0.226353,0.014692,0.372543,0.044311
414,0.834445,0.157657,0.0,0.503617,0.0,0.562045,0.411996,0.0,0.544837,0.0,0.075369,0.025274,0.0,0.905094,0.508188,0.673248,0.38498,0.154307,4.6e-05,0.0,0.031263,0.0,0.0,0.925956,0.206457,0.0,0.459895,0.78309,0.478176,0.0,0.0,0.0,0.113258,0.0,0.0,1.377743,0.421339,0.436336,0.759538,0.13705,0.0,0.0,0.030761,1.037549,0.258375,0.324958,0.016747,0.0,0.0,0.338144,0.655546,0.29564,0.0,0.479493,0.0,0.59046,0.0,0.0,0.0,0.0,0.154933,0.348103,0.587387,0.077609
415,0.958194,0.428958,0.0,1.080299,0.005282,0.575319,0.745165,0.0,0.505237,0.0,0.0,0.033139,0.0,1.176758,0.223197,0.51879,0.284754,0.294022,0.076466,0.0,0.165994,0.0,0.0,0.832791,0.500422,0.0,0.248043,0.883896,0.807247,0.017449,0.0,0.0,0.0,0.0,0.0,1.605078,0.529679,0.679043,0.721271,0.0,0.0,0.0,0.055932,1.181808,0.261157,0.318445,0.066685,0.0,0.0,0.523108,0.840427,0.364521,0.0,0.389956,0.0,0.795832,0.0,0.0,0.0,0.079491,0.368094,0.575403,0.651888,0.061287
416,1.116496,0.620786,0.0,1.43624,0.272257,0.552217,0.697561,0.0,0.425012,0.0,0.0,0.07884,0.0,1.17622,0.17512,0.405451,0.26194,0.439108,0.0,0.0,0.019614,0.0,0.0,0.751658,0.522587,0.0,0.089184,1.02733,0.944298,0.185488,0.0,0.0,0.0,0.0,0.0,1.532964,0.575159,0.669772,0.733545,0.063582,0.0,0.003899,0.0,1.356145,0.416127,0.303165,0.07983,0.0,0.0,0.627568,1.253758,0.507686,0.0,0.378793,0.0,0.994216,0.14583,0.0,0.0,0.234734,0.557905,0.972474,0.924125,0.044589
417,0.957156,0.422823,0.0,0.805999,0.0,0.47872,0.793062,0.0,0.427199,0.0,0.045016,0.437586,0.0,1.243811,0.291397,0.098775,0.249652,0.28732,0.0,0.0,0.068902,0.0,0.264185,0.533477,0.492256,0.0,0.129776,0.823956,0.494286,0.16271,0.0,0.0,0.0,0.0,0.0,1.366869,0.782971,1.047682,0.623294,0.0,0.0,0.259279,0.045129,1.218523,0.175589,0.286715,0.0,0.0,0.0,0.453598,0.972783,0.209893,0.0,0.463934,0.0,0.919242,0.099613,0.0,0.0,0.124589,0.157337,0.484509,0.739286,0.0
418,1.111411,0.242678,0.0,0.609091,0.0,0.503731,0.694842,0.0,0.698417,0.0,0.0,0.508253,0.0,1.257457,0.181531,0.03019,0.382065,0.079496,0.0,0.005781,0.218427,0.0,0.35071,0.631357,0.169783,0.0,0.274405,0.752324,0.399881,0.092304,0.0,0.0,0.0,0.0,0.0,1.192081,0.540007,0.979438,0.547522,0.0,0.0,0.314017,0.03133,1.008866,0.004399,0.395829,0.0,0.0,0.0,0.332852,0.511717,0.205584,0.0,0.313332,0.042523,0.469024,0.110841,0.0,0.0,0.140973,0.141356,0.276803,0.50935,0.0
419,1.007407,0.311156,0.0,0.666283,0.0,0.70956,0.475199,0.0,0.716058,0.0,0.413686,0.608196,0.0,0.951298,0.200489,0.152118,0.617948,0.327541,0.0,0.0,0.012661,0.0,0.574321,0.388203,0.0,0.0,0.109506,1.109894,0.303585,0.0,0.0,0.0,0.0,0.0,0.0,1.090967,0.452665,0.799966,0.393829,0.067167,0.0,0.085942,0.0,1.278004,0.010706,0.765066,0.0,0.0,0.0,0.242242,0.487721,0.401458,0.0,0.267904,0.0,0.194922,0.104517,0.0,0.0,0.32199,0.190024,0.789548,0.659776,0.0
420,1.078165,0.098077,0.0,0.643763,0.0,0.965364,0.352976,0.0,0.76667,0.0,0.421798,0.666542,0.0,1.027537,0.089555,0.259758,0.744546,0.370264,0.0,0.0,0.058858,0.0,0.707622,0.393767,0.0,0.0,0.346904,1.0664,0.25499,0.0,0.0,0.0,0.0,0.100424,0.0,0.97496,0.235055,0.706989,0.396561,0.0,0.0,0.227385,0.0,1.298977,0.081714,0.834432,0.0,0.0,0.0,0.206671,0.131468,0.387944,0.0,0.10448,0.0,0.0,0.083712,0.0,0.0,0.435784,0.35813,0.851046,0.45585,0.0
421,0.961962,0.0,0.0,0.34458,0.0,0.73296,0.482824,0.0,0.770927,0.0,0.207365,0.642866,0.074116,1.380526,0.114339,0.175552,0.436498,0.087988,0.0,0.0,0.202218,0.02489,0.89268,0.501264,0.0,0.0,0.137622,0.812935,0.0,0.0,0.0,0.0,0.0,0.0,0.291469,0.871435,0.185438,0.757951,0.434923,0.0,0.0,0.352163,0.119214,1.125675,0.0,0.535787,0.0,0.0,0.0,0.141246,0.257963,0.038988,0.0,0.305679,0.069407,0.018681,0.242254,0.0,0.0,0.360244,0.218225,0.429446,0.103314,0.0
422,0.915032,0.0177,0.0,0.4182,0.0,0.798472,0.628644,0.0,0.701789,0.0,0.420432,0.656811,0.0,1.494151,0.349871,0.249348,0.448913,0.301746,0.0,0.0,0.0,0.0,0.906356,0.334108,0.0,0.0,0.0,1.030102,0.0,0.0,0.0,0.0,0.0,0.189646,0.263286,1.206525,0.314631,0.690218,0.363276,0.0,0.0,0.153961,0.004618,1.555146,0.063755,0.564584,0.0,0.0,0.0,0.292527,0.636674,0.022703,0.0,0.531811,0.0,0.342309,0.0,0.0,0.0,0.36568,0.090151,0.746363,0.07016,0.0
423,0.89889,0.468948,0.0,0.80003,0.0,1.00684,0.432473,0.0,0.744541,0.0,0.241432,0.639146,0.0,1.277657,0.291345,0.130811,0.515084,0.551668,0.0,0.0,0.202285,0.0,0.725131,0.495126,0.0,0.0,0.121681,1.498271,0.05194,0.0,0.0,0.0,0.0,0.0,0.118377,1.221768,0.172995,0.9027,0.691269,0.0,0.0,0.230975,0.0,1.481559,0.107728,0.829777,0.0,0.0,0.0,0.382672,0.565389,0.621868,0.0,0.534074,0.0,0.0,0.235527,0.0,0.0,0.411893,0.271681,1.142724,0.493474,0.0
424,0.79352,0.453117,0.0,0.711227,0.0,0.863616,0.464711,0.0,0.780401,0.0,0.095769,0.441215,0.0,1.27484,0.541599,0.0,0.449439,0.5758,0.0,0.0,0.0,0.0,0.77414,0.447626,0.074475,0.0,0.0,1.476993,0.0,0.0,0.190845,0.0,0.0,0.0,0.105924,1.428942,0.562353,0.976421,0.721959,0.134879,0.0,0.0,0.0,1.533789,0.06927,0.413239,0.0,0.0,0.0,0.403047,1.053842,0.51255,0.0,1.037985,0.0,0.539787,0.0,0.0,0.0,0.451374,0.0,1.274896,0.418489,0.005589
425,0.87578,0.411244,0.0,0.852039,0.002581,0.527415,0.621959,0.0,0.658602,0.0,0.0,0.449256,0.0,1.474159,0.359093,0.0,0.143287,0.245652,0.0,0.011141,0.126469,0.0,0.66332,0.668579,0.295112,0.0,0.029606,1.16636,0.0,0.004648,0.0,0.0,0.0,0.0,0.195047,1.476047,0.744787,1.163604,0.860999,0.202653,0.0,0.097825,0.0,1.362413,0.112696,0.07541,0.0,0.0,0.0,0.514959,1.177217,0.439584,0.0,1.194706,0.0,0.829596,0.065194,0.0,0.0,0.399213,0.0,0.793337,0.287081,0.0
426,0.379329,0.767172,0.0,0.794946,0.031346,0.389028,0.630597,0.0,0.405544,0.0,0.0,0.481133,0.0,1.282771,0.498387,0.0,0.006562,0.559235,0.0,0.163667,0.0,0.0,0.745492,0.524313,0.582021,0.0,0.0,1.182599,0.0,0.0,0.0,0.0,0.0,0.0,0.0,1.35286,0.937891,1.327982,0.758246,0.053206,0.0,0.219049,0.0,1.272715,0.194961,0.0,0.0,0.0,0.0,0.371709,1.546986,0.401167,0.0,1.257541,0.0,1.0631,0.097523,0.0,0.0,0.311846,0.0,0.866221,0.566557,0.0
427,0.705605,0.731812,0.0,0.895524,0.122451,0.574077,0.640867,0.0,0.503564,0.0,0.0,0.482078,0.0,1.37518,0.416577,0.0,0.020057,0.580274,0.0,0.223306,0.0,0.0,0.566812,0.420502,0.447039,0.0,0.0,1.282109,0.094237,0.0,0.025484,0.0,0.0,0.0,0.0,1.501332,0.840893,1.31122,0.657726,0.143192,0.0,0.0,0.0,1.437797,0.293546,0.253072,0.0,0.0,0.0,0.496265,1.259001,0.46598,0.0,1.218689,0.0,0.866868,0.0,0.0,0.0,0.418703,0.05274,0.933321,0.708088,0.0
428,0.949326,0.569806,0.0,0.76678,0.0,0.673734,0.382834,0.0,0.437614,0.0,0.0,0.423201,0.0,1.152092,0.233884,0.0,0.207213,0.486197,0.0,0.198525,0.0,0.0,0.270726,0.657167,0.291794,0.0,0.137803,1.242709,0.316877,0.0,0.0,0.0,0.0,0.0,0.0,1.255581,0.716359,1.311651,0.781484,0.260208,0.0,0.0,0.0,1.141831,0.385011,0.526622,0.0,0.0,0.0,0.296092,0.875409,0.608906,0.0,0.880496,0.0,0.415154,0.175463,0.005112,0.0,0.363407,0.284466,0.943136,0.765254,0.0
429,1.229059,0.341535,0.0,0.810794,0.0,0.603817,0.461543,0.0,0.430676,0.0,0.057745,0.488647,0.0,1.266609,0.037278,0.0,0.205819,0.280196,0.0,0.118632,0.0,0.0,0.123565,0.578921,0.23917,0.012975,0.300987,0.906071,0.39392,0.128641,0.0,0.0,0.0,0.0,0.0,1.211731,0.650253,1.2189,0.607124,0.362871,0.0,0.0,0.0,1.068542,0.402919,0.571668,0.0,0.0,0.0,0.191416,0.64095,0.49355,0.0,0.694086,0.0,0.275782,0.112768,0.0,0.0,0.243481,0.579598,0.684991,0.794976,0.125437
430,1.07024,0.341129,0.0,0.83296,0.0,0.401224,0.58436,0.0,0.379851,0.0,0.088985,0.481667,0.0,1.243418,0.0,0.08404,0.024774,0.157531,0.0,0.03699,0.0,0.0,0.188522,0.442321,0.286252,0.31367,0.2073,0.496693,0.343867,0.362591,0.0,0.0,0.0,0.0,0.0,1.194301,0.624949,1.092237,0.376975,0.507616,0.0,0.0,0.0,1.038248,0.303154,0.567497,0.0,0.0,0.0,0.215325,0.750859,0.325405,0.0,0.720404,0.0,0.566831,0.151772,0.0,0.0,0.21436,0.629089,0.507515,1.162344,0.061675
431,0.954491,0.275144,0.0,0.394832,0.0,0.001345,0.548715,0.0,0.362765,0.0,0.033041,0.441145,0.0,1.015319,0.0,0.0439,0.10976,0.0,0.0,0.0,0.0,0.0,0.000135,0.682342,0.272732,0.43521,0.488646,0.311409,0.186157,0.420276,0.0,0.0,0.0,0.0,0.0,0.948182,0.663731,1.036479,0.549955,0.717259,0.0,0.0,0.0,0.683366,0.412998,0.36761,0.0,0.0,0.0,0.10061,0.747641,0.292377,0.0,0.772143,0.12519,0.787538,0.176475,0.0,0.0,0.0,0.319589,0.177063,1.191733,0.004085
432,1.046806,0.28272,0.0,0.277385,0.0,0.0,0.388694,0.0,0.306404,0.0,0.005473,0.411497,0.0,0.928475,0.0,0.106338,0.138408,0.0,0.0,0.0,0.0,0.0,0.0,0.841784,0.189655,0.587554,0.70803,0.173694,0.201601,0.446884,0.0,0.0,0.0,0.0,0.0,0.808311,0.562927,0.919609,0.576185,0.832422,0.0,0.0,0.0,0.368746,0.385398,0.348217,0.202154,0.0,0.0,0.085537,0.576774,0.24132,0.0,0.755837,0.339922,0.601352,0.313362,0.0,0.0,0.0,0.355714,0.0163,1.264702,0.0
433,0.971007,0.489126,0.0,0.588493,0.0,0.0,0.403405,0.227495,0.134764,0.074677,0.0,0.295172,0.0,0.762944,0.0,0.0,0.0,0.0,0.0,0.001511,0.137876,0.0,0.0,0.786389,0.440879,0.895679,0.758392,0.012187,0.429688,0.262321,0.0,0.0,0.0,0.0,0.0,0.510491,0.475523,0.726686,0.495998,0.680406,0.0,0.150648,0.0,0.007145,0.356167,0.364225,0.565205,0.0,0.0,0.038256,0.636083,0.274025,0.0,0.556882,0.231248,0.503486,0.64873,0.0,0.0,0.0,0.618328,0.237922,1.372552,0.0
434,0.880146,0.489457,0.0,0.0,0.0,0.0,0.292981,0.129852,0.273449,0.145956,0.060449,0.294975,0.0,0.857233,0.0,0.106689,0.0,0.0,0.0,0.0,0.130137,0.0,0.0,0.73845,0.297262,0.912852,0.661602,0.0,0.165428,0.325756,0.0,0.0,0.0,0.0,0.0,0.375361,0.634372,0.671116,0.359384,0.724447,0.0,0.194326,0.0,0.0,0.349532,0.532611,0.530584,0.0,0.0,0.028076,0.601082,0.065058,0.0,0.863574,0.543031,0.653939,0.58776,0.0,0.0,0.0,0.287938,0.0,1.333327,0.0
435,0.916098,0.383176,0.0,0.0,0.0,0.0,0.27136,0.189711,0.255411,0.208025,0.333433,0.248853,0.131616,0.918295,0.0,0.148058,0.0,0.0,0.0,0.0,0.156464,0.0,0.0,0.639851,0.196578,1.02754,0.515933,0.0,0.247702,0.411177,0.0,0.0,0.0,0.0,0.0,0.124376,0.613115,0.534975,0.150876,0.742822,0.0,0.314847,0.0,0.0,0.419949,0.670431,0.533737,0.0,0.0,0.0,0.586081,0.0,0.0,0.913974,0.86878,0.722054,0.597799,0.0,0.0,0.0,0.37879,0.0,1.375474,0.0
436,0.646107,0.404335,0.0,0.0,0.0,0.0,0.249689,0.445456,0.342158,0.321081,0.293308,0.158652,0.180625,0.770959,0.0,0.0,0.0,0.0,0.0,0.103412,0.390549,0.0,0.0,0.411991,0.268249,1.190846,0.649354,0.0,0.267771,0.116321,0.0,0.0,0.0,0.0,0.0,0.0,0.596671,0.494382,0.00072,0.655162,0.0,0.36509,0.0,0.0,0.490292,0.948108,0.665048,0.0,0.0,0.0,0.566591,0.061972,0.0,0.724961,0.773751,0.645724,0.824635,0.0,0.0,0.0,0.314904,0.0,1.442808,0.0
437,0.499538,0.326557,0.0,0.0,0.0,0.0,0.232651,0.736453,0.485528,0.345919,0.111533,0.083664,0.516114,0.875849,0.0,0.0,0.0,0.0,0.0,0.205039,0.68353,0.0,0.0,0.549535,0.048802,1.549692,0.943122,0.0,0.38243,0.001313,0.0,0.0,0.0,0.0,0.073308,0.0,0.364308,0.411428,0.0,0.545058,0.0,0.511952,0.0,0.0,0.371155,1.164989,1.013992,0.0,0.0,0.0,0.270676,0.0,0.0,0.534678,0.92725,0.305641,1.136723,0.0,0.0,0.0,0.385063,0.0,1.395573,0.0
438,0.679397,0.088088,0.0,0.0,0.0,0.0,0.384775,0.647205,0.543577,0.448667,0.3063,0.255715,0.549383,1.048096,0.0,0.0,0.0,0.0,0.0,0.179187,0.709061,0.0,0.0,0.294882,0.0,1.725053,0.888958,0.0,0.413669,0.0,0.0,0.0,0.0,0.097179,0.223912,0.0,0.279857,0.408758,0.0,0.462553,0.0,0.25642,0.0,0.0,0.264849,1.302209,0.931722,0.0,0.0,0.0,0.006113,0.0,0.0,0.406,0.96163,0.233442,0.972278,0.0,0.0,0.0,0.583554,0.005957,1.463347,0.116585
439,0.897476,0.024341,0.0,0.09108,0.0,0.0,0.288776,0.621779,0.260906,0.641084,0.275785,0.117646,0.669503,1.00025,0.0,0.099149,0.0,0.0,0.0,0.0,0.437023,0.0,0.0,0.179142,0.0,1.795436,0.50427,0.0,0.411852,0.023293,0.0,0.0,0.0,0.035037,0.0,0.0,0.118004,0.093438,0.0,0.736875,0.0,0.253512,0.0,0.0,0.296024,0.709947,0.672041,0.0,0.0,0.0,0.200665,0.0,0.0,0.417103,1.114632,0.395255,0.872218,0.0,0.0,0.0,0.953777,0.142455,1.507023,0.394579
440,0.993668,0.113841,0.0,0.0,0.0,0.0,0.396186,0.376682,0.487134,0.453319,0.614364,0.249967,0.477332,0.977445,0.0,0.022774,0.0,0.0,0.0,0.0,0.393655,0.0,0.0,0.072229,0.0,1.757559,0.221257,0.0,0.423304,0.171629,0.0,0.0,0.0,0.276332,0.121021,0.0,0.32057,0.042765,0.0,0.654815,0.0,0.159,0.0,0.0,0.206671,1.080944,0.496837,0.0,0.0,0.0,0.143939,0.0,0.0,0.629695,1.224604,0.54725,0.675069,0.0,0.0,0.0,0.879775,0.0,1.558378,0.335596
441,0.797693,0.351727,0.0,0.0,0.0,0.0,0.022798,0.447608,0.502313,0.35819,0.482146,0.204022,0.365736,0.623896,0.0,0.0,0.0,0.0,0.0,0.024407,0.302801,0.0,0.0,0.170872,0.0,1.391033,0.345716,0.0,0.188481,0.0,0.0,0.0,0.0,0.049909,0.0,0.0,0.283489,0.065169,0.0,0.70312,0.0,0.128899,0.0,0.0,0.387368,1.082613,0.68956,0.0,0.0,0.0,0.396072,0.0,0.0,0.606734,1.066966,0.39202,0.883224,0.0,0.0,0.0,0.729893,0.31895,1.547764,0.100208
442,0.705805,0.569113,0.0,0.0,0.0,0.0,0.0,0.45342,0.636743,0.244502,0.194006,0.0,0.28381,0.557874,0.0,0.0,0.111259,0.0,0.0,0.001638,0.521474,0.0,0.0,0.621481,0.037087,1.49169,0.258512,0.0,0.064841,0.0,0.0,0.0,0.0,0.0,0.157954,0.0,0.502488,0.234469,0.0,0.634422,0.0,0.444652,0.0,0.0,0.376142,1.026426,0.848314,0.0,0.0,0.0,0.241382,0.0,0.0,0.916454,1.22151,0.343291,0.988364,0.0,0.0,0.0,0.297351,0.070137,1.080459,0.014184
443,0.499682,0.844031,0.0,0.0,0.0,0.0,0.0,0.515679,0.604058,0.48984,0.0,0.0,0.298994,0.592593,0.0,0.0,0.115403,0.0,0.0,0.0,0.662929,0.0,0.0,0.667922,0.330833,1.571347,0.376285,0.0,0.0,0.0,0.0,0.0,0.0,0.0,0.34872,0.0,0.532366,0.145352,0.0,0.358768,0.0,0.878683,0.0,0.0,0.172389,0.944333,0.865987,0.0,0.0,0.0,0.275507,0.0,0.0,1.027318,1.096001,0.333545,1.229642,0.0,0.0,0.0,0.342415,0.0,0.858591,0.067064
444,0.733404,0.911031,0.0,0.292188,0.0,0.0,0.0,0.55002,0.27023,0.211822,0.0,0.0,0.009271,0.089225,0.046525,0.0,0.404506,0.0,0.0,0.106336,0.329768,0.0,0.0,0.643483,0.301504,1.117951,0.306942,0.0,0.235538,0.0,0.0,0.0,0.0,0.0,0.098105,0.0,0.494047,0.080906,0.232585,0.755569,0.0,0.667793,0.0,0.0,0.68465,0.949819,0.683707,0.0,0.0,0.0,0.863414,0.155764,0.0,1.230275,0.976365,0.280038,0.98716,0.0,0.0,0.0,0.431833,0.56427,0.993111,0.281121
445,0.625323,1.052645,0.0,0.23022,0.0,0.087254,0.0,0.4618,0.241633,0.166968,0.00587,0.063355,0.0,0.067821,0.117189,0.0,0.588935,0.0,0.0,0.287589,0.378065,0.0,0.0,0.679553,0.385701,0.934344,0.458344,0.039229,0.233366,0.0,0.042966,0.0,0.0,0.014742,0.089554,0.0,0.615257,0.22695,0.36196,0.656757,0.0,0.7046,0.0,0.0,0.740427,1.133502,0.721601,0.0,0.0,0.0,0.934605,0.114793,0.0,1.367565,0.765418,0.221528,0.884246,0.0,0.0,0.0,0.274197,0.545261,1.017608,0.211926
446,0.640874,0.912522,0.0,0.378376,0.0,0.0,0.0,0.416654,0.0,0.181811,0.0,0.0,0.0,0.0,0.26707,0.0,0.526465,0.0,0.0,0.018453,0.184508,0.0,0.0,0.776986,0.513972,0.801814,0.339186,0.0,0.280706,0.0,0.25712,0.0,0.0,0.0,0.0,0.0,0.587518,0.339158,0.64037,0.911255,0.0,0.718716,0.0,0.0,0.965102,0.752954,0.46928,0.0,0.0,0.0,1.18835,0.177755,0.0,1.530209,0.726432,0.292532,0.843042,0.0,0.0,0.0,0.139764,0.612556,0.826588,0.463234
447,0.783076,0.818454,0.0,0.668362,0.0,0.0,0.0,0.286873,0.0,0.293315,0.0,0.0,0.0,0.089649,0.103939,0.0,0.452219,0.0,0.0,0.0,0.146659,0.0,0.0,0.624446,0.580818,0.873055,0.303213,0.0,0.445079,0.0,0.191571,0.0,0.0,0.0,0.0,0.0,0.591098,0.368887,0.713575,0.835211,0.0,0.705542,0.0,0.110935,0.92605,0.715124,0.227148,0.0,0.0,0.029928,1.185462,0.068029,0.0,1.470789,0.579358,0.398282,0.666172,0.0,0.0,0.0,0.429192,0.578977,0.792028,0.574474
448,0.79083,0.985615,0.0,0.396971,0.0,0.0,0.031552,0.13204,0.0,0.14032,0.0,0.169209,0.0,0.286784,0.0,0.0,0.344252,0.0,0.0,0.278488,0.36405,0.0,0.0,0.614954,0.526283,0.833442,0.470915,0.266371,0.550608,0.0,0.083515,0.0,0.0,0.0,0.0,0.0,0.638248,0.368075,0.609388,0.521798,0.0,0.78033,0.0,0.004096,0.793563,1.019984,0.574271,0.0,0.0,0.154041,1.113954,0.105924,0.0,1.413968,0.625686,0.463972,0.778946,0.0,0.0,0.0,0.303338,0.386234,0.908197,0.20407
449,0.956464,0.822216,0.0,0.482212,0.0,0.0,0.0,0.230223,0.0,0.198131,0.0,0.0,0.0,0.176369,0.042119,0.0,0.619963,0.0,0.0,0.031909,0.347109,0.0,0.0,0.79014,0.53076,0.903007,0.630938,0.150586,0.468525,0.0,0.193658,0.0,0.0,0.0,0.0,0.0,0.596685,0.59407,0.740385,0.646114,0.0,0.61941,0.0,0.145556,0.810486,0.957045,0.441738,0.0,0.0,0.0,1.102328,0.093605,0.0,1.30876,0.505671,0.215804,0.633346,0.0,0.0,0.0,0.341609,0.455389,0.784577,0.349689
